id,status,chance_of_playing_next_round,chance_of_playing_this_round,now_cost,now_cost_rank,now_cost_rank_type,cost_change_event,cost_change_event_fall,cost_change_start,cost_change_start_fall,selected_by_percent,selected_rank,selected_rank_type,total_points,event_points,points_per_game,points_per_game_rank,points_per_game_rank_type,bonus,bps,form,form_rank,form_rank_type,value_form,value_season,dreamteam_count,transfers_in,transfers_in_event,transfers_out,transfers_out_event,ep_next,ep_this,expected_goals,expected_assists,expected_goal_involvements,expected_goals_conceded,expected_goals_per_90,expected_assists_per_90,expected_goal_involvements_per_90,expected_goals_conceded_per_90,influence,influence_rank,influence_rank_type,creativity,creativity_rank,creativity_rank_type,threat,threat_rank,threat_rank_type,ict_index,ict_index_rank,ict_index_rank_type,corners_and_indirect_freekicks_order,direct_freekicks_order,penalties_order,gw,set_piece_threat,first_name,second_name,web_name,news,news_added,minutes,goals_scored,assists,clean_sheets,goals_conceded,own_goals,penalties_saved,penalties_missed,yellow_cards,red_cards,saves,starts,defensive_contribution,corners_and_indirect_freekicks_text,direct_freekicks_text,penalties_text,saves_per_90,clean_sheets_per_90,goals_conceded_per_90,starts_per_90,defensive_contribution_per_90,tackles,clearances_blocks_interceptions,recoveries
1,a,,,6.0,86,1.0,0,0.0,5,-5.0,33.9,7,1.0,131,0,4.0,66.0,6.0,6,531,0.7,275.0,20.0,0.1,21.8,0.0,4417312,3605,2824766,1438,1.7,1.7,0.0,0.06,0.06,24.85,0.0,0.0,0.0,0.75,481.2,110.0,17.0,33.4,380.0,3.0,0.0,820.0,96.0,51.5,274.0,16.0,,,,34,,David,Raya Martín,Raya,,,2970,0,0,15,26,0,0,0,1,0,53,33,94,,,,1.61,0.45,0.79,1.0,0.0,1,32,277
2,a,,,4.0,670,43.0,0,0.0,-5,5.0,0.4,295,38.0,0,0,0.0,582.0,66.0,0,0,0.0,418.0,54.0,0.0,0.0,0.0,15746,14,78406,5,1.0,1.0,0.0,0.0,0.0,0.0,0.0,0.0,0.0,0.0,0.0,571.0,66.0,0.0,562.0,53.0,0.0,531.0,39.0,0.0,573.0,66.0,,,,34,,Kepa,Arrizabalaga Revuelta,Arrizabalaga,,,0,0,0,0,0,0,0,0,0,0,0,0,0,,,,0.0,0.0,0.0,0.0,0.0,0,0,0
3,u,0.0,0.0,4.0,690,53.0,0,0.0,0,0.0,0.2,379,54.0,0,0,0.0,599.0,75.0,0,0,0.0,437.0,64.0,0.0,0.0,0.0,5545,0,48506,5,0.0,0.0,0.0,0.0,0.0,0.0,0.0,0.0,0.0,0.0,0.0,588.0,75.0,0.0,580.0,63.0,0.0,549.0,49.0,0.0,590.0,75.0,,,,34,,Karl,Hein,Hein,Has joined Werder Bremen on loan for the rest of the season.,,0,0,0,0,0,0,0,0,0,0,0,0,0,,,,0.0,0.0,0.0,0.0,0.0,0,0,0
4,a,,,3.9,782,90.0,0,0.0,-1,1.0,0.2,370,53.0,0,0,0.0,571.0,60.0,0,0,0.0,404.0,47.0,0.0,0.0,0.0,34169,2,34994,6,1.0,1.0,0.0,0.0,0.0,0.0,0.0,0.0,0.0,0.0,0.0,560.0,60.0,0.0,549.0,45.0,0.0,517.0,31.0,0.0,562.0,60.0,,,,34,,Tommy,Setford,Setford,,,0,0,0,0,0,0,0,0,0,0,0,0,0,,,,0.0,0.0,0.0,0.0,0.0,0,0,0
5,a,100.0,100.0,7.1,34,1.0,0,0.0,11,-11.0,43.1,5,1.0,177,0,6.6,2.0,1.0,25,607,1.3,201.0,68.0,0.2,24.9,0.0,8718912,4919,5796022,1106,2.3,2.3,2.0,1.67,3.67,18.37,0.08,0.06,0.14,0.71,725.4,29.0,11.0,109.2,271.0,77.0,225.0,136.0,25.0,105.8,100.0,26.0,,,,34,,Gabriel,dos Santos Magalhães,Gabriel,,,2345,3,5,14,19,0,0,0,4,0,0,26,254,,,,0.0,0.54,0.73,1.0,9.17,34,205,54
6,a,100.0,100.0,6.1,84,5.0,0,0.0,1,-1.0,14.2,25,9.0,111,0,4.1,57.0,23.0,9,473,1.3,197.0,67.0,0.2,18.2,0.0,2196017,4163,2417289,706,2.3,2.3,0.88,0.72,1.6,17.7,0.04,0.03,0.07,0.71,474.0,112.0,50.0,169.7,208.0,53.0,76.0,299.0,89.0,71.9,202.0,69.0,,,,34,,William,Saliba,Saliba,,,2254,1,0,11,20,0,0,0,1,0,0,26,197,,,,0.0,0.44,0.8,1.04,6.63,32,134,100
7,d,75.0,75.0,5.6,131,13.0,0,0.0,1,-1.0,5.9,66,23.0,93,0,4.2,49.0,20.0,4,339,0.0,801.0,265.0,0.0,16.6,0.0,2665695,44,2509786,284,0.8,0.8,2.92,0.49,3.41,8.96,0.18,0.03,0.21,0.56,244.4,255.0,102.0,127.9,254.0,68.0,249.0,122.0,22.0,62.2,235.0,81.0,,,,34,,Riccardo,Calafiori,Calafiori,Knock - 75% chance of playing,,1446,1,2,11,8,0,0,0,5,0,0,18,134,,,,0.0,0.68,0.5,1.12,5.91,31,64,65
8,i,0.0,0.0,6.1,82,4.0,0,0.0,6,-6.0,19.8,15,5.0,149,0,5.0,15.0,4.0,9,532,0.0,811.0,267.0,0.0,24.4,0.0,6783823,42,5067888,17919,0.0,0.0,4.71,1.53,6.24,17.45,0.17,0.06,0.23,0.64,499.0,96.0,41.0,402.6,72.0,14.0,352.0,75.0,6.0,125.7,68.0,11.0,,,,34,,Jurriën,Timber,J.Timber,Ankle injury - Unknown return date,,2452,3,6,13,20,0,0,0,5,0,0,28,178,,,,0.0,0.48,0.73,1.03,5.43,66,82,97
9,u,0.0,0.0,5.4,168,20.0,0,0.0,-1,1.0,0.0,595,212.0,0,0,0.0,812.0,268.0,0,0,0.0,785.0,262.0,0.0,0.0,0.0,1119,0,10935,1,0.0,0.0,0.0,0.0,0.0,0.0,0.0,0.0,0.0,0.0,0.0,811.0,268.0,0.0,810.0,268.0,0.0,808.0,268.0,0.0,811.0,268.0,,,,34,,Jakub,Kiwior,Kiwior,has joined Porto on loan for the rest of the season.,,0,0,0,0,0,0,0,0,0,0,0,0,0,,,,0.0,0.0,0.0,0.0,0.0,0,0,0
10,a,,,5.0,270,42.0,0,0.0,-5,5.0,1.4,171,65.0,13,0,0.9,515.0,176.0,0,41,0.3,324.0,106.0,0.1,2.6,0.0,137241,17,469657,15,1.3,1.3,0.1,0.08,0.18,6.45,0.02,0.02,0.04,1.45,45.2,423.0,157.0,47.8,358.0,126.0,25.0,377.0,130.0,11.7,419.0,149.0,,,,34,,Myles,Lewis-Skelly,Lewis-Skelly,,,401,0,0,0,7,0,0,0,3,0,0,2,26,,,,0.0,0.0,1.57,0.45,4.26,6,13,17
11,a,100.0,100.0,5.1,225,31.0,0,0.0,-4,4.0,0.5,267,100.0,32,0,3.6,109.0,39.0,3,128,0.7,260.0,86.0,0.1,6.3,0.0,357236,56,413029,21,1.7,1.7,0.45,0.51,0.96,7.31,0.08,0.09,0.17,1.32,133.2,342.0,130.0,108.4,273.0,79.0,48.0,338.0,109.0,29.0,357.0,121.0,,,,34,,Benjamin,White,White,,,500,0,1,3,6,0,0,0,0,0,0,6,50,,,,0.0,0.54,1.08,1.08,8.28,15,31,21
13,a,,,3.7,826,265.0,0,0.0,-3,3.0,0.4,279,105.0,0,0,0.0,528.0,185.0,0,0,0.0,349.0,117.0,0.0,0.0,0.0,56656,44,81414,23,1.0,1.0,0.0,0.0,0.0,0.0,0.0,0.0,0.0,0.0,0.0,517.0,184.0,0.0,499.0,183.0,0.0,466.0,177.0,0.0,519.0,184.0,,,,34,,Brayden,Clarke,Clarke,,,0,0,0,0,0,0,0,0,0,0,0,0,0,,,,0.0,0.0,0.0,0.0,0.0,0,0,0
14,u,0.0,0.0,3.9,788,231.0,0,0.0,-1,1.0,0.1,500,178.0,0,0,0.0,576.0,209.0,0,0,0.0,410.0,152.0,0.0,0.0,0.0,10218,0,22770,0,0.0,0.0,0.0,0.0,0.0,0.0,0.0,0.0,0.0,0.0,0.0,565.0,208.0,0.0,554.0,208.0,0.0,522.0,203.0,0.0,567.0,208.0,,,,34,,Maldini,Kacurri,Kacurri,has joined Morecambe on loan for the rest of the season.,,0,0,0,0,0,0,0,0,0,0,0,0,0,,,,0.0,0.0,0.0,0.0,0.0,0,0,0
15,a,,,3.7,824,263.0,0,0.0,-3,3.0,0.2,358,129.0,0,0,0.0,527.0,184.0,0,0,0.0,347.0,115.0,0.0,0.0,0.0,33137,9,33564,14,1.0,1.0,0.0,0.0,0.0,0.0,0.0,0.0,0.0,0.0,0.0,516.0,183.0,0.0,497.0,181.0,0.0,464.0,175.0,0.0,518.0,183.0,,,,34,,Josh,Nichols,Nichols,,,0,0,0,0,0,0,0,0,0,0,0,0,0,,,,0.0,0.0,0.0,0.0,0.0,0,0,0
16,d,75.0,75.0,9.8,6,4.0,0,0.0,-2,2.0,7.0,59,21.0,133,0,4.9,18.0,8.0,14,497,0.0,828.0,373.0,0.0,13.6,0.0,4154510,773,5248373,634,0.8,0.8,6.99,5.75,12.74,14.36,0.32,0.26,0.58,0.65,538.8,82.0,26.0,725.9,12.0,12.0,762.0,9.0,3.0,202.9,11.0,8.0,2.0,2.0,1.0,34,,Bukayo,Saka,Saka,Achilles injury - 75% chance of playing,,1995,6,8,10,16,0,0,0,1,0,0,22,163,,,,0.0,0.45,0.72,0.99,7.35,35,24,104
17,a,100.0,100.0,7.8,19,13.0,0,0.0,-2,2.0,1.6,156,53.0,64,0,3.0,202.0,81.0,5,265,0.7,287.0,138.0,0.1,8.2,0.0,389934,179,650845,30,1.7,1.7,1.01,3.26,4.27,14.25,0.08,0.25,0.33,1.11,267.8,240.0,102.0,487.5,47.0,41.0,146.0,215.0,119.0,90.0,145.0,77.0,4.0,,3.0,34,,Martin,Ødegaard,Ødegaard,,,1160,1,6,4,13,0,0,0,0,0,0,14,89,,,,0.0,0.31,1.01,1.09,6.91,17,13,59
18,a,100.0,100.0,6.8,44,28.0,0,0.0,-2,2.0,0.8,211,72.0,56,0,2.5,276.0,116.0,6,195,0.7,284.0,136.0,0.1,8.2,0.0,378573,71,428097,44,1.7,1.7,1.03,2.14,3.17,11.03,0.09,0.2,0.29,1.01,202.0,286.0,120.0,276.9,137.0,91.0,320.0,89.0,52.0,79.8,171.0,87.0,3.0,,,34,,Noni,Madueke,Madueke,,,987,2,1,6,9,0,0,0,0,0,0,14,58,,,,0.0,0.55,0.82,1.28,5.29,21,11,26
19,a,100.0,100.0,6.8,45,29.0,0,0.0,-2,2.0,0.9,204,71.0,49,0,1.8,387.0,165.0,1,163,0.7,285.0,137.0,0.1,7.2,0.0,194871,38,271692,44,1.7,1.7,3.87,1.02,4.89,8.89,0.37,0.1,0.47,0.85,170.6,314.0,139.0,158.5,214.0,137.0,337.0,81.0,46.0,66.0,219.0,107.0,,,,34,,Gabriel,Martinelli Silva,Martinelli,,,937,1,4,2,7,0,0,0,2,0,0,10,68,,,,0.0,0.19,0.67,0.96,6.53,11,13,44
20,a,100.0,100.0,6.5,49,31.0,0,0.0,-5,5.0,0.8,221,77.0,101,0,3.6,113.0,51.0,9,365,0.7,282.0,135.0,0.1,15.5,0.0,544497,76,511722,81,1.7,1.7,4.96,2.8,7.76,12.23,0.26,0.15,0.41,0.64,424.6,136.0,45.0,478.5,50.0,43.0,440.0,50.0,30.0,134.6,53.0,35.0,,,4.0,34,,Leandro,Trossard,Trossard,,,1727,5,5,8,15,0,0,0,1,0,0,18,121,,,,0.0,0.42,0.78,0.94,6.31,26,26,69
21,a,100.0,100.0,7.2,31,18.0,0,0.0,7,-7.0,24.5,12,4.0,169,0,5.3,8.0,4.0,23,734,2.0,149.0,64.0,0.3,23.5,0.0,7274992,4113,5335357,3405,3.0,3.0,3.15,6.83,9.98,21.33,0.1,0.22,0.32,0.7,768.0,17.0,6.0,973.5,3.0,3.0,286.0,102.0,63.0,202.9,10.0,7.0,1.0,1.0,,34,,Declan,Rice,Rice,,,2760,4,9,14,25,0,0,0,2,0,0,31,335,,,,0.0,0.46,0.82,1.01,10.92,62,110,163
22,i,0.0,0.0,5.4,160,100.0,0,0.0,-6,6.0,0.8,220,76.0,66,0,3.1,196.0,77.0,5,238,0.0,780.0,342.0,0.0,12.2,0.0,836033,4,845569,37,0.0,0.0,2.99,1.45,4.44,6.59,0.27,0.13,0.4,0.6,304.4,216.0,91.0,187.0,193.0,127.0,237.0,126.0,73.0,72.6,195.0,95.0,,,,34,,Mikel,Merino Zazón,Merino,Foot injury - Unknown return date,,996,4,3,4,9,0,0,0,1,0,0,10,111,,,,0.0,0.36,0.81,0.9,10.03,26,30,55
23,u,0.0,0.0,5.4,167,105.0,0,0.0,-1,1.0,0.0,691,278.0,0,0,0.0,811.0,360.0,0,0,0.0,784.0,344.0,0.0,0.0,0.0,933,0,4436,0,0.0,0.0,0.0,0.0,0.0,0.0,0.0,0.0,0.0,0.0,0.0,810.0,359.0,0.0,809.0,359.0,0.0,807.0,358.0,0.0,810.0,359.0,,,,34,,Fábio,Ferreira Vieira,Fábio Vieira,has joined Hamburger on loan for the rest of the season.,,0,0,0,0,0,0,0,0,0,0,0,0,0,,,,0.0,0.0,0.0,0.0,0.0,0,0,0
24,a,100.0,100.0,5.1,222,135.0,0,0.0,-4,4.0,0.1,441,151.0,6,0,1.0,502.0,230.0,0,19,0.0,758.0,327.0,0.0,1.2,0.0,7982,1,61645,3,1.0,1.0,0.05,0.0,0.05,2.23,0.08,0.0,0.08,3.58,15.8,459.0,204.0,0.4,484.0,234.0,7.0,432.0,208.0,2.4,471.0,213.0,,,,34,,Christian,Nørgaard,Nørgaard,,,56,0,0,0,1,0,0,0,0,0,0,0,11,,,,0.0,0.0,1.61,0.0,17.68,0,7,4
25,u,0.0,0.0,5.0,271,165.0,0,0.0,-5,5.0,0.1,459,156.0,8,0,1.3,437.0,195.0,0,20,0.0,748.0,319.0,0.0,1.6,0.0,13149,0,37136,1,0.0,0.0,0.23,0.08,0.31,0.73,0.13,0.04,0.17,0.4,8.6,473.0,211.0,22.5,394.0,198.0,24.0,381.0,191.0,5.4,452.0,203.0,,,,34,,Ethan,Nwaneri,Nwaneri,has joined Marseille on loan for the rest of the season.,,165,0,0,1,0,0,0,0,0,0,0,0,13,,,,0.0,0.55,0.0,0.0,7.09,2,1,10
26,a,100.0,100.0,5.0,265,161.0,0,0.0,-5,5.0,3.1,109,35.0,123,0,3.7,99.0,41.0,9,556,2.0,137.0,53.0,0.4,24.6,0.0,1350337,275,1274305,451,3.0,3.0,2.77,2.2,4.97,23.61,0.09,0.07,0.16,0.77,564.0,66.0,18.0,341.1,96.0,69.0,262.0,112.0,66.0,116.9,80.0,49.0,,,,34,,Martín,Zubimendi Ibáñez,Zubimendi,,,2755,5,1,15,24,0,0,0,4,0,0,32,279,,,,0.0,0.49,0.78,1.05,9.11,61,114,104
28,u,0.0,0.0,4.5,489,300.0,0,0.0,0,0.0,0.1,494,175.0,0,0,0.0,742.0,309.0,0,0,0.0,650.0,247.0,0.0,0.0,0.0,6731,0,30331,1,0.0,0.0,0.0,0.0,0.0,0.0,0.0,0.0,0.0,0.0,0.0,740.0,307.0,0.0,733.0,307.0,0.0,720.0,303.0,0.0,740.0,307.0,,,,34,,Ismeal,Kabia,Kabia,has joined Shrewsbury Town on loan for the rest of the season.,,0,0,0,0,0,0,0,0,0,0,0,0,0,,,,0.0,0.0,0.0,0.0,0.0,0,0,0
29,u,0.0,0.0,4.5,433,256.0,0,0.0,0,0.0,0.0,590,222.0,0,0,0.0,703.0,275.0,0,0,0.0,601.0,206.0,0.0,0.0,0.0,2952,0,14131,0,0.0,0.0,0.0,0.0,0.0,0.0,0.0,0.0,0.0,0.0,0.0,697.0,269.0,0.0,693.0,272.0,0.0,676.0,265.0,0.0,699.0,271.0,,,,34,,Albert,Sambi Lokonga,Sambi,has joined Hamburger permanently.,,0,0,0,0,0,0,0,0,0,0,0,0,0,,,,0.0,0.0,0.0,0.0,0.0,0,0,0
30,a,100.0,100.0,7.3,28,12.0,0,0.0,-2,2.0,0.8,210,31.0,19,0,2.4,293.0,32.0,0,73,2.3,126.0,18.0,0.3,2.6,0.0,172238,468,209734,140,3.3,3.3,2.52,0.1,2.62,4.47,0.56,0.02,0.58,1.0,71.6,399.0,45.0,51.0,353.0,44.0,132.0,232.0,46.0,25.6,369.0,45.0,,,,34,,Kai,Havertz,Havertz,,,404,1,1,3,3,0,0,0,0,0,0,5,24,,,,0.0,0.67,0.67,1.11,5.35,5,7,12
31,a,100.0,100.0,6.4,55,20.0,0,0.0,-1,1.0,0.3,311,49.0,18,0,1.5,418.0,50.0,0,73,0.3,340.0,47.0,0.0,2.8,0.0,149698,18,130816,46,1.3,1.3,1.83,0.23,2.06,3.57,0.52,0.07,0.59,1.01,107.0,369.0,39.0,36.4,375.0,49.0,228.0,132.0,31.0,36.9,325.0,39.0,,,,34,,Gabriel,Fernando de Jesus,G.Jesus,,,318,2,0,0,6,0,0,0,2,0,0,2,26,,,,0.0,0.0,1.7,0.57,7.36,4,4,18
266,a,100.0,100.0,7.2,32,19.0,0,0.0,-3,3.0,8.0,49,17.0,97,0,3.5,129.0,56.0,8,370,1.0,236.0,113.0,0.1,13.5,0.0,3430018,711,3821649,363,2.0,2.0,3.96,2.51,6.47,12.15,0.22,0.14,0.36,0.68,345.2,190.0,75.0,262.4,146.0,97.0,374.0,71.0,42.0,97.9,119.0,68.0,,,,34,,Eberechi,Eze,Eze,,,1603,6,3,8,13,0,0,0,1,0,0,18,107,,,,0.0,0.45,0.73,1.01,6.01,18,21,68
662,a,100.0,100.0,5.3,198,25.0,0,0.0,-2,2.0,0.2,401,150.0,29,0,1.8,386.0,142.0,1,158,0.3,330.0,109.0,0.1,5.5,0.0,50714,60,53935,6,1.3,1.3,0.1,0.51,0.61,6.86,0.01,0.06,0.07,0.82,166.6,318.0,122.0,53.2,349.0,123.0,14.0,405.0,149.0,23.4,378.0,130.0,,,,34,,Cristhian,Mosquera,Mosquera,,,754,0,0,2,7,0,0,0,3,0,0,7,90,,,,0.0,0.24,0.84,0.84,9.19,26,51,28
666,a,100.0,100.0,8.8,9,5.0,0,0.0,-2,2.0,12.2,30,7.0,107,0,3.5,131.0,12.0,13,391,2.0,150.0,20.0,0.2,12.2,0.0,3696740,1223,5232307,1752,3.0,3.0,10.25,1.77,12.01,15.04,0.46,0.08,0.54,0.68,440.0,130.0,13.0,214.4,175.0,14.0,658.0,24.0,14.0,130.4,60.0,13.0,,,2.0,34,,Viktor,Gyökeres,Gyökeres,,,1984,12,0,10,13,0,0,0,5,0,0,24,73,,,,0.0,0.45,0.59,1.09,3.31,6,20,47
700,a,100.0,100.0,4.2,651,373.0,0,0.0,-3,3.0,0.7,224,79.0,12,0,3.0,200.0,79.0,0,43,0.3,297.0,140.0,0.1,2.9,0.0,236071,361,163211,205,1.3,1.3,1.11,0.14,1.25,0.67,1.26,0.16,1.42,0.76,41.2,427.0,186.0,38.4,371.0,190.0,57.0,330.0,172.0,13.7,406.0,184.0,,,,34,,Max,Dowman,Dowman,,,79,1,1,0,1,0,0,0,0,0,0,0,7,,,,0.0,0.0,1.14,0.0,7.97,2,0,5
711,a,,,4.4,573,345.0,0,0.0,-1,1.0,0.0,708,288.0,0,0,0.0,692.0,269.0,0,0,0.0,584.0,199.0,0.0,0.0,0.0,1983,0,1899,0,1.0,1.0,0.0,0.0,0.0,0.0,0.0,0.0,0.0,0.0,0.0,686.0,263.0,0.0,681.0,266.0,0.0,662.0,258.0,0.0,688.0,265.0,,,,34,,Andre,Harriman-Annous,Harriman-Annous,,,0,0,0,0,0,0,0,0,0,0,0,0,0,,,,0.0,0.0,0.0,0.0,0.0,0,0,0
725,a,100.0,100.0,5.1,234,35.0,0,0.0,-4,4.0,0.8,216,84.0,75,0,3.4,140.0,53.0,6,289,0.3,327.0,107.0,0.1,14.7,0.0,562118,375,472841,110,1.3,1.3,0.33,1.4,1.73,15.55,0.02,0.08,0.1,0.88,405.0,152.0,67.0,169.2,209.0,54.0,59.0,327.0,104.0,63.1,233.0,80.0,,,,34,,Piero,Hincapié,Hincapie,,,1589,1,2,4,18,1,0,0,2,0,0,18,150,,,,0.0,0.23,1.02,1.02,8.5,42,108,56
759,a,,,4.0,735,204.0,0,0.0,0,0.0,0.0,672,236.0,0,0,0.0,635.0,243.0,0,0,0.0,480.0,194.0,0.0,0.0,0.0,1488,0,1372,0,1.0,1.0,0.0,0.0,0.0,0.0,0.0,0.0,0.0,0.0,0.0,625.0,243.0,0.0,618.0,243.0,0.0,588.0,240.0,0.0,627.0,243.0,,,,34,,Marli,Salmon,Salmon,,,0,0,0,0,0,0,0,0,0,0,0,0,0,,,,0.0,0.0,0.0,0.0,0.0,0,0,0
32,a,100.0,100.0,5.1,221,6.0,0,0.0,1,-1.0,4.8,81,15.0,107,0,3.8,85.0,10.0,10,462,0.7,259.0,19.0,0.1,21.0,0.0,1091730,744,747941,442,0.7,0.7,0.0,0.07,0.07,37.53,0.0,0.0,0.0,1.36,645.4,48.0,11.0,13.2,415.0,5.0,0.0,798.0,91.0,65.8,221.0,11.0,,,,34,,Emiliano,Martínez Romero,Martinez,,,2475,0,0,7,32,0,1,0,2,0,80,28,78,,,,2.91,0.25,1.16,1.02,0.0,0,26,236
33,a,100.0,100.0,4.2,628,29.0,0,0.0,-3,3.0,0.4,296,39.0,14,0,2.3,297.0,28.0,0,65,1.0,208.0,16.0,0.2,3.3,0.0,85150,8,116683,10,1.0,1.0,0.0,0.0,0.0,9.68,0.0,0.0,0.0,1.76,118.2,356.0,27.0,0.0,629.0,80.0,0.0,601.0,66.0,11.8,418.0,27.0,,,,34,,Marco,Bizot,M.Bizot,,,495,0,0,1,9,0,0,0,2,0,17,5,23,,,,3.09,0.18,1.64,0.91,0.0,0,7,50
34,u,0.0,0.0,4.0,689,52.0,0,0.0,0,0.0,0.1,507,75.0,0,0,0.0,598.0,74.0,0,0,0.0,436.0,63.0,0.0,0.0,0.0,0,0,17685,0,0.0,0.0,0.0,0.0,0.0,0.0,0.0,0.0,0.0,0.0,0.0,587.0,74.0,0.0,579.0,62.0,0.0,548.0,48.0,0.0,589.0,74.0,,,,34,,Joe,Gauci,Gauci,Has joined Port Vale on loan for the rest of the season.,,0,0,0,0,0,0,0,0,0,0,0,0,0,,,,0.0,0.0,0.0,0.0,0.0,0,0,0
35,u,0.0,0.0,4.0,688,51.0,0,0.0,0,0.0,0.0,756,87.0,0,0,0.0,597.0,73.0,0,0,0.0,435.0,62.0,0.0,0.0,0.0,0,0,1290,0,0.0,0.0,0.0,0.0,0.0,0.0,0.0,0.0,0.0,0.0,0.0,586.0,73.0,0.0,578.0,61.0,0.0,547.0,47.0,0.0,588.0,73.0,,,,34,,Filip,Marschall,Marschall,Has joined Stevenage permanently.,,0,0,0,0,0,0,0,0,0,0,0,0,0,,,,0.0,0.0,0.0,0.0,0.0,0,0,0
36,a,100.0,100.0,4.7,382,64.0,0,0.0,2,-2.0,8.4,47,15.0,108,0,3.6,106.0,38.0,6,404,0.7,251.0,85.0,0.1,23.0,0.0,2951482,805,2279346,1004,0.7,0.7,1.13,2.72,3.85,40.07,0.04,0.09,0.13,1.38,558.0,70.0,32.0,427.6,63.0,10.0,213.0,146.0,29.0,119.9,78.0,16.0,3.0,,,34,,Matty,Cash,Cash,,,2622,3,2,8,31,0,0,0,8,0,0,30,185,,,,0.0,0.27,1.06,1.03,5.56,53,109,80
37,a,100.0,100.0,4.5,412,76.0,0,0.0,0,0.0,1.6,154,59.0,90,0,3.2,170.0,67.0,5,360,1.7,155.0,57.0,0.4,20.0,0.0,347789,120,376836,101,1.7,1.7,0.61,3.09,3.7,25.01,0.03,0.17,0.2,1.37,366.2,179.0,74.0,422.7,65.0,11.0,125.0,241.0,61.0,91.3,141.0,45.0,2.0,2.0,,34,,Lucas,Digne,Digne,,,1646,0,6,7,20,0,0,0,3,0,0,19,126,,,,0.0,0.38,1.09,1.04,5.58,33,69,60
38,a,100.0,100.0,4.4,530,106.0,0,0.0,-1,1.0,7.8,51,17.0,96,0,3.1,185.0,75.0,3,465,0.3,305.0,96.0,0.1,21.8,0.0,822104,287,2126308,517,0.3,0.3,1.27,0.56,1.83,44.53,0.04,0.02,0.06,1.45,553.0,73.0,34.0,104.8,282.0,84.0,122.0,243.0,63.0,78.5,174.0,58.0,,,,34,,Ezri,Konsa Ngoyo,Konsa,,,2765,0,1,9,39,0,0,0,0,1,0,31,208,,,,0.0,0.29,1.27,1.01,5.89,21,160,96
39,a,,,4.2,637,145.0,0,0.0,-3,3.0,0.6,249,94.0,46,0,1.8,367.0,136.0,0,224,2.0,130.0,52.0,0.5,11.0,0.0,87943,32,118512,41,2.0,2.0,1.2,2.24,3.44,22.41,0.08,0.15,0.23,1.51,285.0,227.0,89.0,326.1,104.0,27.0,211.0,148.0,30.0,82.4,162.0,55.0,,,,34,,Ian,Maatsen,Maatsen,,,1332,0,1,2,21,0,0,0,2,0,0,14,115,,,,0.0,0.14,1.42,0.95,6.96,36,67,74
40,a,100.0,100.0,4.3,578,125.0,0,0.0,-2,2.0,0.7,238,90.0,45,0,3.2,167.0,65.0,4,152,0.3,298.0,94.0,0.1,10.5,0.0,159754,25,210651,28,0.3,0.3,1.08,0.39,1.47,19.25,0.09,0.03,0.12,1.65,231.0,264.0,109.0,72.5,317.0,106.0,96.0,272.0,77.0,40.0,316.0,106.0,,,,34,,Tyrone,Mings,Mings,,,1052,0,1,3,18,0,0,0,0,0,0,12,102,,,,0.0,0.26,1.54,1.03,7.36,4,82,33
41,a,100.0,100.0,4.3,586,131.0,0,0.0,-2,2.0,0.3,321,116.0,58,0,3.2,168.0,66.0,2,261,0.7,242.0,80.0,0.2,13.5,0.0,73988,9,99472,13,0.7,0.7,0.63,0.37,1.0,20.07,0.04,0.02,0.06,1.22,282.2,231.0,90.0,42.1,365.0,131.0,55.0,331.0,106.0,38.2,320.0,108.0,,,,34,,Pau,Torres,Pau,,,1476,0,1,5,16,1,0,0,0,0,0,16,128,,,,0.0,0.3,0.98,0.98,6.16,20,81,74
42,a,100.0,100.0,3.9,789,232.0,0,0.0,-1,1.0,0.2,373,136.0,4,0,0.8,516.0,177.0,0,7,0.3,292.0,91.0,0.1,1.0,0.0,29726,8,42170,4,0.3,0.3,0.0,0.01,0.01,1.55,0.0,0.02,0.02,3.67,3.2,490.0,174.0,2.7,458.0,165.0,0.0,523.0,204.0,0.6,498.0,174.0,,,,34,,Andrés,García,A.García,,,38,0,0,0,2,0,0,0,0,0,0,0,1,,,,0.0,0.0,4.74,0.0,2.37,1,0,2
43,u,0.0,0.0,4.0,667,162.0,0,0.0,0,0.0,1.6,159,62.0,0,0,0.0,581.0,211.0,0,0,0.0,415.0,154.0,0.0,0.0,0.0,44476,0,890888,15,0.0,0.0,0.0,0.0,0.0,0.0,0.0,0.0,0.0,0.0,0.0,570.0,210.0,0.0,560.0,210.0,0.0,529.0,206.0,0.0,572.0,210.0,,,,34,,Álex,Moreno Lopera,Alex Moreno,Has joined Girona permanently.,,0,0,0,0,0,0,0,0,0,0,0,0,0,,,,0.0,0.0,0.0,0.0,0.0,0,0,0
44,a,100.0,100.0,4.0,709,183.0,0,0.0,0,0.0,0.5,259,99.0,34,0,1.4,421.0,152.0,4,107,0.0,454.0,173.0,0.0,8.5,0.0,110874,18,96571,31,0.0,0.0,0.0,0.19,0.19,11.99,0.0,0.02,0.02,1.35,109.0,366.0,139.0,54.0,346.0,121.0,14.0,400.0,145.0,17.6,395.0,140.0,,,,34,,Lamare,Bogarde,Bogarde,,,797,0,0,2,13,0,0,0,5,0,0,8,57,,,,0.0,0.23,1.47,0.9,5.42,20,28,33
45,u,0.0,0.0,3.8,807,247.0,0,0.0,-2,2.0,0.3,355,128.0,0,0,0.0,538.0,193.0,0,0,0.0,364.0,129.0,0.0,0.0,0.0,22076,0,39351,8,0.0,0.0,0.0,0.0,0.0,0.0,0.0,0.0,0.0,0.0,0.0,527.0,192.0,0.0,510.0,191.0,0.0,477.0,185.0,0.0,529.0,192.0,,,,34,,Lino,da Cruz Sousa,Sousa,has joined Rotherham on loan for the rest of the season.,,0,0,0,0,0,0,0,0,0,0,0,0,0,,,,0.0,0.0,0.0,0.0,0.0,0,0,0
46,u,0.0,0.0,4.0,725,195.0,0,0.0,0,0.0,0.1,467,173.0,0,0,0.0,626.0,235.0,0,0,0.0,470.0,185.0,0.0,0.0,0.0,4656,0,21125,2,0.0,0.0,0.0,0.0,0.0,0.0,0.0,0.0,0.0,0.0,0.0,616.0,235.0,0.0,609.0,235.0,0.0,579.0,232.0,0.0,618.0,235.0,,,,34,,Yasin,Özcan,Yasin,has joined Anderlecht on loan for the rest of the season.,,0,0,0,0,0,0,0,0,0,0,0,0,0,,,,0.0,0.0,0.0,0.0,0.0,0,0,0
47,a,100.0,100.0,7.5,23,15.0,1,-1.0,5,-5.0,24.9,11,3.0,152,0,4.6,29.0,12.0,15,543,4.7,41.0,14.0,0.6,20.3,0.0,6583817,8439,4557209,2171,4.7,4.7,6.47,4.0,10.47,46.16,0.2,0.12,0.32,1.42,665.8,44.0,12.0,628.0,25.0,24.0,804.0,7.0,2.0,209.7,8.0,6.0,,1.0,,34,,Morgan,Rogers,Rogers,,,2920,9,7,9,41,0,0,0,6,0,0,33,203,,,,0.0,0.28,1.26,1.02,6.26,34,45,124
48,a,100.0,100.0,5.9,90,58.0,0,0.0,-1,1.0,0.7,240,83.0,57,0,2.9,212.0,85.0,3,339,1.3,196.0,91.0,0.2,9.7,0.0,165245,82,350957,24,1.3,1.3,0.99,2.84,3.83,26.26,0.06,0.17,0.23,1.58,366.0,180.0,69.0,453.3,55.0,46.0,152.0,209.0,113.0,97.2,121.0,69.0,5.0,,,34,,Youri,Tielemans,Tielemans,,,1498,0,4,4,21,0,0,0,0,0,0,17,163,,,,0.0,0.24,1.26,1.02,9.79,46,42,75
49,a,100.0,100.0,5.5,139,86.0,0,0.0,0,0.0,0.1,468,161.0,13,0,1.4,428.0,188.0,0,42,0.0,795.0,352.0,0.0,2.4,0.0,9119,9,51828,12,0.0,0.0,0.31,1.21,1.52,5.37,0.08,0.33,0.41,1.45,55.0,416.0,181.0,122.8,256.0,159.0,59.0,328.0,171.0,23.7,376.0,177.0,4.0,,,34,,Leon,Bailey,Bailey,,,334,0,1,0,8,0,0,0,1,0,0,2,33,,,,0.0,0.0,2.16,0.54,8.89,7,3,23
50,a,100.0,100.0,5.3,185,116.0,0,0.0,-2,2.0,0.4,298,104.0,85,0,2.7,238.0,93.0,8,299,0.7,263.0,124.0,0.1,16.0,0.0,227555,20,208312,63,0.7,0.7,3.11,1.93,5.04,24.35,0.19,0.12,0.31,1.48,347.6,188.0,73.0,334.5,100.0,73.0,324.0,87.0,50.0,99.3,115.0,66.0,,6.0,2.0,34,,Emiliano,Buendía Stati,Buendía,,,1485,5,2,3,21,0,0,0,6,0,0,18,163,,,,0.0,0.18,1.27,1.09,9.88,38,30,95
51,u,0.0,0.0,5.5,147,93.0,0,0.0,0,0.0,0.0,696,280.0,0,0,0.0,817.0,365.0,0,0,0.0,796.0,353.0,0.0,0.0,0.0,1383,0,3807,0,0.0,0.0,0.0,0.0,0.0,0.0,0.0,0.0,0.0,0.0,0.0,816.0,364.0,0.0,815.0,364.0,0.0,813.0,363.0,0.0,816.0,364.0,,,,34,,Samuel,Iling-Junior,Iling Jr,has joined Pisa on loan for the rest of the season.,,0,0,0,0,0,0,0,0,0,0,0,0,0,,,,0.0,0.0,0.0,0.0,0.0,0,0,0
53,u,0.0,0.0,5.1,226,137.0,0,0.0,-4,4.0,0.4,290,101.0,55,0,2.6,257.0,106.0,3,161,0.0,759.0,328.0,0.0,10.8,0.0,172896,0,340303,6,0.0,0.0,4.03,0.35,4.38,10.59,0.57,0.05,0.62,1.49,183.4,303.0,132.0,99.7,288.0,170.0,290.0,100.0,61.0,56.3,256.0,127.0,,,,34,,Donyell,Malen,Malen,has joined Roma on loan for the rest of the season.,,640,4,2,1,10,0,0,0,0,0,0,5,16,,,,0.0,0.14,1.41,0.7,2.25,4,2,10
54,a,100.0,100.0,5.3,183,114.0,0,0.0,-2,2.0,0.7,227,80.0,89,0,3.4,141.0,59.0,6,370,2.0,140.0,56.0,0.4,16.8,0.0,245833,160,251409,84,2.0,2.0,2.72,3.35,6.07,29.17,0.13,0.16,0.29,1.39,378.8,169.0,60.0,495.3,45.0,40.0,235.0,127.0,74.0,110.7,90.0,52.0,,,,34,,John,McGinn,McGinn,,,1886,4,3,8,24,0,0,0,4,0,0,25,137,,,,0.0,0.38,1.15,1.19,6.54,27,31,79
55,a,100.0,100.0,4.8,347,217.0,0,0.0,-2,2.0,0.1,493,174.0,39,0,2.4,281.0,118.0,3,168,1.3,178.0,79.0,0.3,8.1,0.0,15070,10,15120,21,1.3,1.3,0.81,1.11,1.92,7.92,0.14,0.19,0.33,1.33,163.2,323.0,146.0,115.1,266.0,164.0,131.0,233.0,127.0,41.0,312.0,153.0,,,,34,,Ross,Barkley,Barkley,,,535,2,1,1,8,0,0,0,0,0,0,4,56,,,,0.0,0.17,1.35,0.67,9.42,10,14,32
56,u,0.0,0.0,5.0,268,163.0,0,0.0,0,0.0,0.0,827,371.0,0,0,0.0,799.0,352.0,0,0,0.0,747.0,318.0,0.0,0.0,0.0,0,0,35,0,0.0,0.0,0.0,0.0,0.0,0.0,0.0,0.0,0.0,0.0,0.0,798.0,351.0,0.0,796.0,351.0,0.0,791.0,349.0,0.0,798.0,351.0,,,,34,,Enzo,Barrenechea,Barrenechea,Season-long loan to Benfica,,0,0,0,0,0,0,0,0,0,0,0,0,0,,,,0.0,0.0,0.0,0.0,0.0,0,0,0
57,u,0.0,0.0,5.0,262,159.0,0,0.0,0,0.0,0.0,669,268.0,0,0,0.0,795.0,349.0,0,0,0.0,743.0,315.0,0.0,0.0,0.0,889,0,5451,0,0.0,0.0,0.0,0.0,0.0,0.0,0.0,0.0,0.0,0.0,0.0,794.0,348.0,0.0,792.0,348.0,0.0,787.0,346.0,0.0,794.0,348.0,,,,34,,Lewis,Dobbin,Dobbin,Has joined Preston North End on loan for the rest of the season.,,0,0,0,0,0,0,0,0,0,0,0,0,0,,,,0.0,0.0,0.0,0.0,0.0,0,0,0
58,i,0.0,0.0,4.9,311,193.0,0,0.0,-1,1.0,0.2,400,135.0,61,0,3.4,138.0,57.0,7,282,0.0,714.0,293.0,0.0,12.4,0.0,111467,0,120842,13,0.0,0.0,0.53,0.84,1.36,20.8,0.03,0.05,0.08,1.33,325.0,203.0,85.0,241.3,158.0,106.0,75.0,301.0,160.0,64.2,225.0,109.0,,,,34,,Boubacar,Kamara,Kamara,Knee injury - Expected back 01 Jun,,1410,1,3,5,15,0,0,0,5,0,0,17,149,,,,0.0,0.32,0.96,1.09,9.51,38,46,65
59,a,100.0,100.0,4.8,363,225.0,0,0.0,-2,2.0,0.7,232,81.0,75,0,3.1,189.0,72.0,4,348,1.3,179.0,80.0,0.3,15.6,0.0,167872,35,284276,58,1.3,1.3,1.68,0.69,2.37,28.4,0.09,0.04,0.13,1.47,409.6,147.0,50.0,151.1,225.0,143.0,178.0,180.0,100.0,73.9,189.0,92.0,,,,34,,Amadou,Onana,Onana,,,1738,2,0,6,26,0,0,0,3,0,0,21,217,,,,0.0,0.31,1.35,1.09,11.24,47,98,72
60,u,0.0,0.0,4.4,566,341.0,0,0.0,-1,1.0,0.2,356,121.0,0,0,0.0,688.0,267.0,0,0,0.0,577.0,195.0,0.0,0.0,0.0,38290,0,52273,13,0.0,0.0,0.0,0.0,0.0,0.0,0.0,0.0,0.0,0.0,0.0,682.0,261.0,0.0,677.0,264.0,0.0,658.0,256.0,0.0,684.0,263.0,,,,34,,Ben,Broggio,Broggio,has joined Falkirk on loan for the rest of the season.,,0,0,0,0,0,0,0,0,0,0,0,0,0,,,,0.0,0.0,0.0,0.0,0.0,0,0,0
61,u,0.0,0.0,4.5,415,250.0,0,0.0,0,0.0,0.1,543,200.0,0,0,0.0,695.0,270.0,0,0,0.0,588.0,200.0,0.0,0.0,0.0,2169,0,33775,0,0.0,0.0,0.0,0.0,0.0,0.0,0.0,0.0,0.0,0.0,0.0,689.0,264.0,0.0,684.0,267.0,0.0,665.0,259.0,0.0,691.0,266.0,,,,34,,Leander,Dendoncker,Dendoncker,Has joined Real Oviedo permanently.,,0,0,0,0,0,0,0,0,0,0,0,0,0,,,,0.0,0.0,0.0,0.0,0.0,0,0,0
62,u,0.0,0.0,4.5,473,288.0,0,0.0,0,0.0,0.1,572,213.0,1,0,1.0,485.0,217.0,0,3,0.0,634.0,235.0,0.0,0.2,0.0,8790,0,10912,1,0.0,0.0,0.0,0.0,0.0,0.61,0.0,0.0,0.0,6.86,0.2,512.0,233.0,0.3,487.0,237.0,0.0,707.0,293.0,0.1,514.0,235.0,,,,34,,Jamaldeen,Jimoh-Aloba,Jimoh-Aloba,has joined West Brom on loan for the rest of the season.,,8,0,0,0,0,0,0,0,0,0,0,0,1,,,,0.0,0.0,0.0,0.0,11.25,0,0,1
63,u,0.0,0.0,4.3,607,357.0,0,0.0,-2,2.0,0.5,271,94.0,0,0,0.0,659.0,248.0,0,0,0.0,532.0,170.0,0.0,0.0,0.0,102090,0,133332,28,0.0,0.0,0.0,0.0,0.0,0.0,0.0,0.0,0.0,0.0,0.0,649.0,238.0,0.0,645.0,243.0,0.0,622.0,232.0,0.0,651.0,240.0,,,,34,,Kadan,Young,Young,has joined Reading on loan for the rest of the season.,,0,0,0,0,0,0,0,0,0,0,0,0,0,,,,0.0,0.0,0.0,0.0,0.0,0,0,0
64,a,100.0,100.0,8.8,8,4.0,1,-1.0,-2,2.0,15.9,20,5.0,127,0,4.0,68.0,6.0,17,458,6.0,14.0,2.0,0.7,14.4,0.0,3406155,11512,4422609,2420,6.0,6.0,12.09,1.12,13.21,37.79,0.44,0.04,0.48,1.39,518.2,86.0,7.0,289.5,126.0,7.0,941.0,3.0,3.0,174.3,24.0,5.0,,,3.0,34,,Ollie,Watkins,Watkins,,,2454,11,3,9,32,0,0,0,3,0,0,29,87,,,,0.0,0.33,1.17,1.06,3.19,21,20,46
65,u,0.0,0.0,4.5,486,68.0,0,0.0,0,0.0,0.3,332,54.0,0,0,0.0,740.0,78.0,0,0,0.0,647.0,67.0,0.0,0.0,0.0,17574,0,85290,2,0.0,0.0,0.0,0.0,0.0,0.0,0.0,0.0,0.0,0.0,0.0,737.0,78.0,0.0,731.0,77.0,0.0,718.0,77.0,0.0,738.0,78.0,,,,34,,Zépiqueno,Redmond,Redmond,has joined Huddersfield Town on loan for the rest of the season.,,0,0,0,0,0,0,0,0,0,0,0,0,0,,,,0.0,0.0,0.0,0.0,0.0,0,0,0
389,a,100.0,100.0,5.1,233,141.0,0,0.0,-4,4.0,0.2,403,137.0,5,0,1.0,504.0,232.0,0,17,0.0,761.0,330.0,0.0,1.0,0.0,94587,2,103895,2,0.0,0.0,0.29,0.08,0.37,1.74,0.24,0.07,0.31,1.42,11.8,464.0,206.0,31.7,383.0,193.0,31.0,368.0,189.0,7.4,438.0,197.0,,,,34,,Harvey,Elliott,Elliott,,,110,0,0,0,2,0,0,0,0,0,0,1,6,,,,0.0,0.0,1.64,0.82,4.91,0,2,4
456,a,100.0,100.0,5.8,104,68.0,0,0.0,-2,2.0,0.2,368,124.0,33,0,1.6,404.0,173.0,0,126,0.3,336.0,158.0,0.1,5.7,0.0,52170,9,55188,10,0.3,0.3,0.61,1.82,2.43,12.68,0.07,0.21,0.28,1.5,124.8,350.0,158.0,282.9,132.0,88.0,191.0,167.0,92.0,60.1,243.0,119.0,6.0,,,34,,Jadon,Sancho,Sancho,,,762,0,2,2,7,0,0,0,0,0,0,8,39,,,,0.0,0.24,0.83,0.94,4.61,6,11,22
688,a,,,3.9,772,84.0,0,0.0,-1,1.0,0.6,248,34.0,0,0,0.0,563.0,55.0,0,0,0.0,395.0,42.0,0.0,0.0,0.0,62128,2,47399,11,0.0,0.0,0.0,0.0,0.0,0.0,0.0,0.0,0.0,0.0,0.0,552.0,55.0,0.0,540.0,39.0,0.0,508.0,25.0,0.0,554.0,55.0,,,,34,,James,Wright,Wright,,,0,0,0,0,0,0,0,0,0,0,0,0,0,,,,0.0,0.0,0.0,0.0,0.0,0,0,0
699,a,100.0,100.0,4.9,313,194.0,0,0.0,-1,1.0,0.1,506,184.0,31,0,1.8,378.0,161.0,0,187,0.3,319.0,151.0,0.1,6.3,0.0,28707,3,24023,20,0.3,0.3,0.5,1.38,1.88,11.41,0.06,0.15,0.21,1.26,172.8,310.0,136.0,277.2,136.0,90.0,87.0,288.0,156.0,53.7,266.0,134.0,1.0,,,34,,Douglas Luiz,Soares de Paulo,Douglas Luiz,,,814,1,1,1,13,0,0,0,2,0,0,11,92,,,,0.0,0.11,1.44,1.22,10.17,20,23,49
701,u,0.0,0.0,4.0,722,192.0,0,0.0,0,0.0,0.1,544,192.0,0,0,0.0,623.0,232.0,0,0,0.0,467.0,182.0,0.0,0.0,0.0,8943,0,10803,0,0.0,0.0,0.0,0.0,0.0,0.0,0.0,0.0,0.0,0.0,0.0,613.0,232.0,0.0,606.0,232.0,0.0,576.0,229.0,0.0,615.0,232.0,,,,34,,Triston,Rowe,Rowe,has joined Annecy on loan for the rest of the season.,,0,0,0,0,0,0,0,0,0,0,0,0,0,,,,0.0,0.0,0.0,0.0,0.0,0,0,0
702,a,,,4.3,623,371.0,0,0.0,-2,2.0,0.1,515,186.0,1,0,1.0,474.0,207.0,0,3,0.0,545.0,181.0,0.0,0.2,0.0,12106,37,9706,8,0.0,0.0,0.0,0.0,0.0,0.9,0.0,0.0,0.0,5.06,0.0,660.0,248.0,0.3,486.0,236.0,0.0,633.0,242.0,0.0,662.0,250.0,,,,34,,Bradley,Burrowes,Burrowes,,,16,0,0,0,1,0,0,0,0,0,0,0,1,,,,0.0,0.0,5.62,0.0,5.62,0,0,1
703,a,,,3.9,783,91.0,0,0.0,-1,1.0,0.6,246,33.0,0,0,0.0,572.0,61.0,0,0,0.0,405.0,48.0,0.0,0.0,0.0,94719,5,48990,19,0.0,0.0,0.0,0.0,0.0,0.0,0.0,0.0,0.0,0.0,0.0,561.0,61.0,0.0,550.0,46.0,0.0,518.0,32.0,0.0,563.0,61.0,,,,34,,Sam,Proctor,Proctor,,,0,0,0,0,0,0,0,0,0,0,0,0,0,,,,0.0,0.0,0.0,0.0,0.0,0,0,0
710,a,,,3.9,780,227.0,0,0.0,-1,1.0,0.2,387,142.0,0,0,0.0,569.0,206.0,0,0,0.0,402.0,148.0,0.0,0.0,0.0,33728,3,23852,4,0.0,0.0,0.0,0.0,0.0,0.0,0.0,0.0,0.0,0.0,0.0,558.0,205.0,0.0,547.0,205.0,0.0,515.0,200.0,0.0,560.0,205.0,,,,34,,Travis,Patterson,Patterson,,,0,0,0,0,0,0,0,0,0,0,0,0,0,,,,0.0,0.0,0.0,0.0,0.0,0,0,0
719,a,100.0,100.0,4.5,420,81.0,0,0.0,0,0.0,0.1,483,175.0,24,0,1.8,371.0,139.0,0,99,0.7,249.0,84.0,0.2,5.3,0.0,22007,8,15762,6,0.7,0.7,0.28,0.07,0.35,11.9,0.04,0.01,0.05,1.62,130.0,344.0,131.0,28.9,386.0,139.0,22.0,387.0,136.0,18.2,393.0,139.0,,,,34,,Victor,Lindelöf,Lindelöf,,,662,0,1,1,10,0,0,0,0,0,0,7,38,,,,0.0,0.14,1.36,0.95,5.17,5,33,14
754,a,,,4.5,487,298.0,0,0.0,0,0.0,0.0,752,319.0,2,0,1.0,489.0,220.0,0,5,0.0,648.0,245.0,0.0,0.4,0.0,1252,1,827,0,0.0,0.0,0.04,0.01,0.05,0.61,0.14,0.04,0.18,2.2,0.0,738.0,305.0,1.7,468.0,225.0,2.0,452.0,222.0,0.3,506.0,231.0,,,,34,,George,Hemmings,George Hemmings,,,25,0,0,0,0,0,0,0,0,0,0,0,1,,,,0.0,0.0,0.0,0.0,3.6,0,0,1
757,a,,,4.0,711,62.0,0,0.0,0,0.0,0.0,704,83.0,0,0,0.0,613.0,83.0,0,0,0.0,456.0,73.0,0.0,0.0,0.0,1428,2,1014,2,0.0,0.0,0.0,0.0,0.0,0.0,0.0,0.0,0.0,0.0,0.0,603.0,83.0,0.0,596.0,72.0,0.0,565.0,58.0,0.0,605.0,83.0,,,,34,,Ronnie,Hollingshead,Hollingshead,,,0,0,0,0,0,0,0,0,0,0,0,0,0,,,,0.0,0.0,0.0,0.0,0.0,0,0,0
768,a,,,4.0,744,213.0,0,0.0,0,0.0,0.0,689,244.0,0,0,0.0,641.0,249.0,0,0,0.0,488.0,202.0,0.0,0.0,0.0,771,1,723,2,0.0,0.0,0.0,0.0,0.0,0.0,0.0,0.0,0.0,0.0,0.0,631.0,249.0,0.0,624.0,249.0,0.0,595.0,247.0,0.0,633.0,249.0,,,,34,,Leon,Routh,Leon Routh,,,0,0,0,0,0,0,0,0,0,0,0,0,0,,,,0.0,0.0,0.0,0.0,0.0,0,0,0
781,a,,,4.0,737,206.0,0,0.0,0,0.0,0.0,702,248.0,0,0,0.0,636.0,244.0,0,0,0.0,482.0,196.0,0.0,0.0,0.0,894,0,610,0,0.0,0.0,0.0,0.0,0.0,0.0,0.0,0.0,0.0,0.0,0.0,626.0,244.0,0.0,619.0,244.0,0.0,589.0,241.0,0.0,628.0,244.0,,,,34,,TJ,Carroll,Carroll,,,0,0,0,0,0,0,0,0,0,0,0,0,0,,,,0.0,0.0,0.0,0.0,0.0,0,0,0
792,a,100.0,100.0,5.0,283,175.0,0,0.0,0,0.0,0.0,786,342.0,3,0,1.0,501.0,229.0,0,11,0.0,757.0,326.0,0.0,0.6,0.0,367,1,245,0,0.0,0.0,0.05,0.05,0.1,1.87,0.1,0.1,0.2,3.58,3.2,492.0,225.0,3.5,456.0,219.0,10.0,420.0,206.0,1.5,482.0,220.0,,,,34,,Alysson Edward Franco,da Rocha dos Santos,Alysson,,,47,0,0,0,2,0,0,0,0,0,0,0,4,,,,0.0,0.0,3.83,0.0,7.66,0,1,3
808,a,,,5.8,103,30.0,0,0.0,-2,2.0,0.2,371,59.0,21,0,2.1,337.0,39.0,2,91,2.0,146.0,19.0,0.3,3.6,0.0,89940,55,66802,67,2.0,2.0,1.76,0.36,2.12,3.99,0.76,0.16,0.92,1.72,87.0,387.0,44.0,47.9,357.0,45.0,132.0,231.0,45.0,26.6,364.0,44.0,,,,34,,Tammy,Abraham,Abraham,,,209,2,0,0,6,0,0,0,0,0,0,1,11,,,,0.0,0.0,2.58,0.43,4.74,4,2,5
183,a,,,4.2,644,35.0,0,0.0,-3,3.0,0.1,454,66.0,0,0,0.0,648.0,92.0,0,0,0.0,505.0,83.0,0.0,0.0,0.0,8366,0,18131,5,-0.5,0.0,0.0,0.0,0.0,0.0,0.0,0.0,0.0,0.0,0.0,639.0,92.0,0.0,633.0,83.0,0.0,608.0,72.0,0.0,641.0,92.0,,,,34,,Max,Weiß,Weiss,,,0,0,0,0,0,0,0,0,0,0,0,0,0,,,,0.0,0.0,0.0,0.0,0.0,0,0,0
184,u,0.0,0.0,4.0,695,56.0,0,0.0,0,0.0,0.2,411,58.0,0,0,0.0,603.0,78.0,0,0,0.0,442.0,67.0,0.0,0.0,0.0,4943,0,34447,0,0.0,0.0,0.0,0.0,0.0,0.0,0.0,0.0,0.0,0.0,0.0,592.0,78.0,0.0,584.0,66.0,0.0,553.0,52.0,0.0,594.0,78.0,,,,34,,Etienne,Green,Green,has joined FC Fredericia permanently.,,0,0,0,0,0,0,0,0,0,0,0,0,0,,,,0.0,0.0,0.0,0.0,0.0,0,0,0
185,a,,,3.9,745,67.0,0,0.0,-1,1.0,0.2,417,59.0,0,0,0.0,547.0,42.0,0,0,0.0,376.0,28.0,0.0,0.0,0.0,15498,1,21954,6,-0.5,0.0,0.0,0.0,0.0,0.0,0.0,0.0,0.0,0.0,0.0,536.0,42.0,0.0,520.0,22.0,0.0,488.0,8.0,0.0,538.0,42.0,,,,34,,Václav,Hladký,Hladký,,,0,0,0,0,0,0,0,0,0,0,0,0,0,,,,0.0,0.0,0.0,0.0,0.0,0,0,0
186,i,0.0,0.0,4.3,581,127.0,0,0.0,-2,2.0,0.0,658,233.0,0,0,0.0,654.0,253.0,0,0,0.0,515.0,217.0,0.0,0.0,0.0,1773,2,9398,1,0.0,0.0,0.0,0.0,0.0,0.0,0.0,0.0,0.0,0.0,0.0,644.0,253.0,0.0,639.0,253.0,0.0,614.0,252.0,0.0,646.0,253.0,,,,34,,Connor,Roberts,Roberts,Achilles injury - Unknown return date,,0,0,0,0,0,0,0,0,0,0,0,0,0,,,,0.0,0.0,0.0,0.0,0.0,0,0,0
187,a,100.0,100.0,4.4,523,100.0,0,0.0,-1,1.0,1.1,190,74.0,64,0,2.0,342.0,126.0,3,213,0.7,246.0,82.0,0.2,14.5,0.0,159006,14,272567,38,0.2,0.0,0.12,1.06,1.18,61.07,0.0,0.03,0.03,2.01,453.0,125.0,55.0,200.6,184.0,47.0,24.0,380.0,133.0,68.0,214.0,74.0,,,,34,,Kyle,Walker,Walker,,,2735,0,2,4,59,0,0,0,9,0,0,31,244,,,,0.0,0.13,1.94,1.02,6.29,47,144,139
188,u,0.0,0.0,3.8,798,239.0,0,0.0,-2,2.0,0.2,384,141.0,0,0,0.0,534.0,189.0,0,0,0.0,357.0,123.0,0.0,0.0,0.0,26052,0,43149,10,0.0,0.0,0.0,0.0,0.0,0.0,0.0,0.0,0.0,0.0,0.0,523.0,188.0,0.0,505.0,187.0,0.0,472.0,181.0,0.0,525.0,188.0,,,,34,,Hannes,Delcroix,Delcroix,has joined Lugano permanently.,,0,0,0,0,0,0,0,0,0,0,0,0,0,,,,0.0,0.0,0.0,0.0,0.0,0,0,0
189,u,0.0,0.0,4.0,687,173.0,0,0.0,0,0.0,0.0,731,254.0,0,0,0.0,596.0,219.0,0,0,0.0,434.0,164.0,0.0,0.0,0.0,0,0,2390,0,0.0,0.0,0.0,0.0,0.0,0.0,0.0,0.0,0.0,0.0,0.0,585.0,218.0,0.0,577.0,218.0,0.0,546.0,214.0,0.0,587.0,218.0,,,,34,,Owen,Dodgson,Dodgson,Has joined Stockport County on loan for the rest of the season.,,0,0,0,0,0,0,0,0,0,0,0,0,0,,,,0.0,0.0,0.0,0.0,0.0,0,0,0
190,a,,,3.8,804,245.0,0,0.0,-2,2.0,0.7,229,86.0,49,0,2.7,230.0,90.0,2,147,1.7,152.0,54.0,0.4,12.9,0.0,250575,17,215723,30,1.2,0.0,0.25,0.31,0.56,29.39,0.02,0.02,0.04,1.83,341.8,192.0,78.0,44.5,362.0,128.0,88.0,284.0,84.0,47.5,284.0,90.0,,,,34,,Hjalmar,Ekdal,Ekdal,,,1449,0,0,2,31,0,0,0,0,0,0,16,173,,,,0.0,0.12,1.93,0.99,9.88,21,138,40
191,a,100.0,100.0,3.9,771,223.0,0,0.0,-1,1.0,7.1,58,19.0,77,0,2.5,260.0,101.0,0,243,2.7,100.0,40.0,0.7,19.7,0.0,802467,92,2067269,427,2.2,0.0,0.73,0.58,1.31,62.71,0.02,0.02,0.04,2.11,671.6,41.0,17.0,91.6,297.0,93.0,95.0,276.0,80.0,86.0,151.0,51.0,,,,34,,Maxime,Estève,Estève,,,2672,0,0,3,64,2,0,0,1,0,0,31,326,,,,0.0,0.1,2.16,1.04,10.1,39,261,102
192,a,,,4.0,700,179.0,0,0.0,0,0.0,0.6,250,95.0,62,0,3.1,184.0,74.0,0,231,3.0,88.0,34.0,0.8,15.5,0.0,189264,40,189064,36,2.5,0.0,0.32,1.98,2.3,41.64,0.02,0.1,0.12,2.13,409.6,146.0,63.0,285.7,128.0,35.0,83.0,292.0,85.0,77.9,175.0,59.0,,,,34,,Quilindschy,Hartman,Hartman,,,1761,0,6,3,37,0,0,0,1,0,0,20,166,,,,0.0,0.15,1.89,1.02,7.46,50,96,67
193,a,100.0,100.0,3.9,767,221.0,0,0.0,-1,1.0,0.1,451,169.0,44,0,2.6,248.0,97.0,1,193,1.3,171.0,61.0,0.3,11.3,0.0,22175,9,18962,9,0.8,0.0,0.37,0.66,1.03,31.71,0.02,0.04,0.06,2.04,338.8,195.0,79.0,130.3,251.0,66.0,80.0,295.0,87.0,54.7,263.0,86.0,,,,34,,Bashir,Humphreys,Humphreys,,,1401,0,2,2,29,0,0,0,5,0,0,15,127,,,,0.0,0.13,1.86,0.96,8.16,26,101,60
194,i,0.0,0.0,3.9,763,218.0,0,0.0,-1,1.0,0.1,569,202.0,0,0,0.0,557.0,201.0,0,0,0.0,389.0,142.0,0.0,0.0,0.0,2177,1,15814,0,0.0,0.0,0.0,0.0,0.0,0.0,0.0,0.0,0.0,0.0,0.0,546.0,200.0,0.0,534.0,200.0,0.0,502.0,195.0,0.0,548.0,200.0,,,,34,,Jordan,Beyer,Jordan,Hamstring injury - Unknown return date,,0,0,0,0,0,0,0,0,0,0,0,0,0,,,,0.0,0.0,0.0,0.0,0.0,0,0,0
195,a,100.0,100.0,3.8,815,255.0,0,0.0,-2,2.0,0.3,344,123.0,20,0,1.2,441.0,157.0,0,97,0.3,289.0,89.0,0.1,5.3,0.0,48978,4,42277,26,-0.2,0.0,0.33,1.2,1.53,23.0,0.03,0.1,0.13,1.86,183.2,305.0,117.0,231.8,164.0,41.0,62.0,321.0,100.0,47.5,285.0,91.0,,,,34,,Lucas,Pires Silva,Lucas Pires,,,1110,0,0,1,26,0,0,0,0,1,0,12,75,,,,0.0,0.08,2.11,0.97,6.08,24,51,70
196,u,0.0,0.0,4.0,685,171.0,0,0.0,0,0.0,0.0,617,220.0,0,0,0.0,595.0,218.0,0,0,0.0,432.0,162.0,0.0,0.0,0.0,202,0,9709,0,0.0,0.0,0.0,0.0,0.0,0.0,0.0,0.0,0.0,0.0,0.0,584.0,217.0,0.0,576.0,217.0,0.0,545.0,213.0,0.0,586.0,217.0,,,,34,,Shurandy,Sambo,Sambo,has joined Sparta Rotterdam on loan for the rest of the season.,,0,0,0,0,0,0,0,0,0,0,0,0,0,,,,0.0,0.0,0.0,0.0,0.0,0,0,0
197,u,0.0,0.0,3.8,810,250.0,0,0.0,-2,2.0,0.2,398,149.0,13,0,1.9,352.0,129.0,0,20,0.0,367.0,132.0,0.0,3.4,0.0,34622,0,36279,15,0.0,0.0,0.55,0.08,0.63,3.79,0.3,0.04,0.34,2.08,44.8,424.0,158.0,18.1,403.0,146.0,30.0,370.0,124.0,9.2,426.0,154.0,,,,34,,Oliver,Sonne,Sonne,has joined Sparta Prague on loan for the rest of the season.,,164,1,0,0,4,0,0,0,0,0,0,1,10,,,,0.0,0.0,2.2,0.55,3.84,2,5,4
198,a,100.0,100.0,3.9,757,215.0,0,0.0,-1,1.0,0.9,206,81.0,27,0,2.5,259.0,100.0,0,81,0.0,385.0,141.0,0.0,6.9,0.0,138040,2,301320,9,-0.5,0.0,0.61,0.11,0.72,24.88,0.06,0.01,0.07,2.41,225.2,268.0,110.0,9.8,437.0,154.0,52.0,334.0,107.0,28.9,358.0,122.0,,,,34,,Axel,Tuanzebe,Tuanzebe,,,931,1,0,1,22,1,0,0,1,0,0,11,106,,,,0.0,0.1,2.13,1.06,9.38,12,85,29
199,a,100.0,100.0,3.8,795,236.0,0,0.0,-2,2.0,0.2,377,137.0,20,0,1.8,364.0,133.0,0,40,0.0,355.0,121.0,0.0,5.3,0.0,31455,1,29001,24,-0.5,0.0,0.08,0.02,0.1,11.68,0.01,0.0,0.01,2.12,147.4,332.0,126.0,1.5,469.0,170.0,19.0,390.0,138.0,17.0,396.0,141.0,,,,34,,Joe,Worrall,Worrall,,,496,0,0,0,11,0,0,0,0,0,0,5,77,,,,0.0,0.0,2.0,0.91,13.79,4,72,10
200,a,100.0,100.0,5.0,261,158.0,0,0.0,-5,5.0,1.9,142,46.0,111,0,3.4,139.0,58.0,6,450,2.0,136.0,52.0,0.4,22.2,0.0,1283541,54,1140315,242,1.5,0.0,4.38,2.66,7.04,52.94,0.17,0.1,0.27,2.01,519.6,85.0,28.0,496.6,43.0,38.0,548.0,32.0,16.0,156.4,34.0,26.0,2.0,,,34,,Jaidon,Anthony,Anthony,,,2366,7,3,4,52,0,0,0,4,0,0,28,210,,,,0.0,0.15,1.98,1.07,7.99,38,46,126
201,u,0.0,0.0,5.4,158,98.0,0,0.0,-1,1.0,0.0,718,296.0,0,0,0.0,808.0,358.0,0,0,0.0,779.0,341.0,0.0,0.0,0.0,1070,0,3157,0,0.0,0.0,0.0,0.0,0.0,0.0,0.0,0.0,0.0,0.0,0.0,807.0,357.0,0.0,806.0,357.0,0.0,804.0,356.0,0.0,807.0,357.0,,,,34,,Manuel,Benson Hedilazio,Benson,has joined Maccabi Haifa permanently.,,0,0,0,0,0,0,0,0,0,0,0,0,0,,,,0.0,0.0,0.0,0.0,0.0,0,0,0
202,a,100.0,100.0,5.2,204,126.0,0,0.0,-3,3.0,0.0,621,239.0,38,0,1.5,415.0,181.0,0,112,0.7,262.0,123.0,0.1,7.3,0.0,6483,2,9087,2,0.2,0.0,1.35,1.07,2.42,23.03,0.12,0.1,0.22,2.08,114.8,363.0,162.0,193.2,190.0,125.0,132.0,230.0,126.0,44.0,299.0,148.0,,2.0,3.0,34,,Jacob,Bruun Larsen,Bruun Larsen,,,998,0,1,3,29,0,0,0,0,0,0,10,63,,,,0.0,0.27,2.62,0.9,5.68,12,20,31
203,a,,,4.7,394,245.0,0,0.0,-3,3.0,0.0,594,223.0,0,0,0.0,771.0,332.0,0,0,0.0,692.0,277.0,0.0,0.0,0.0,4562,3,7661,2,-0.5,0.0,0.0,0.0,0.0,0.0,0.0,0.0,0.0,0.0,0.0,770.0,331.0,0.0,765.0,331.0,0.0,756.0,328.0,0.0,770.0,331.0,,,,34,,Enock,Agyei,Boateng,,,0,0,0,0,0,0,0,0,0,0,0,0,0,,,,0.0,0.0,0.0,0.0,0.0,0,0,0
204,u,0.0,0.0,4.9,317,197.0,0,0.0,-1,1.0,0.0,730,303.0,0,0,0.0,781.0,338.0,0,0,0.0,717.0,296.0,0.0,0.0,0.0,160,0,2089,0,0.0,0.0,0.0,0.0,0.0,0.0,0.0,0.0,0.0,0.0,0.0,780.0,337.0,0.0,776.0,337.0,0.0,772.0,335.0,0.0,780.0,337.0,,,,34,,Darko,Churlinov,Churlinov,has joined Kocaelispor  permanently.,,0,0,0,0,0,0,0,0,0,0,0,0,0,,,,0.0,0.0,0.0,0.0,0.0,0,0,0
205,i,0.0,0.0,4.9,296,183.0,0,0.0,-1,1.0,0.8,215,73.0,70,0,3.9,71.0,31.0,8,321,0.0,707.0,289.0,0.0,14.3,0.0,568731,2,544151,16,0.0,0.0,0.94,1.36,2.3,32.5,0.06,0.08,0.14,1.93,342.0,191.0,76.0,218.1,169.0,114.0,98.0,270.0,147.0,66.0,218.0,106.0,,,,34,,Josh,Cullen,Cullen,Knee injury - Expected back 30 Sep,,1513,2,2,3,29,1,0,0,2,0,0,18,173,,,,0.0,0.18,1.73,1.07,10.29,32,68,73
206,a,100.0,100.0,4.7,380,237.0,0,0.0,-3,3.0,0.1,492,173.0,50,0,2.3,300.0,129.0,2,180,1.7,157.0,66.0,0.4,10.6,0.0,26573,5,27955,13,1.2,0.0,1.48,1.7,3.18,24.12,0.13,0.15,0.28,2.08,173.6,309.0,135.0,255.7,150.0,100.0,218.0,141.0,81.0,64.6,223.0,108.0,,3.0,,34,,Marcus,Edwards,Edwards,,,1043,1,3,1,18,0,0,0,0,0,0,11,66,,,,0.0,0.09,1.55,0.95,5.7,11,6,49
207,d,50.0,25.0,4.7,389,241.0,0,0.0,-3,3.0,0.1,435,149.0,52,0,2.3,301.0,130.0,4,215,0.0,691.0,276.0,0.0,11.1,0.0,29880,0,34896,32,-0.2,0.0,0.56,1.33,1.89,23.52,0.05,0.12,0.17,2.16,203.8,285.0,119.0,236.8,161.0,108.0,88.0,286.0,154.0,52.8,268.0,136.0,,,,34,,Hannibal,Mejbri,Hannibal,Hamstring injury - 50% chance of playing,,981,1,4,2,22,0,0,0,7,0,0,12,95,,,,0.0,0.18,2.02,1.1,8.72,25,14,56
208,u,0.0,0.0,5.0,267,162.0,0,0.0,0,0.0,0.0,743,313.0,0,0,0.0,798.0,351.0,0,0,0.0,746.0,317.0,0.0,0.0,0.0,68,0,3038,1,0.0,0.0,0.0,0.0,0.0,0.0,0.0,0.0,0.0,0.0,0.0,797.0,350.0,0.0,795.0,350.0,0.0,790.0,348.0,0.0,797.0,350.0,,,,34,,Luca,Koleosho,Koleosho,has joined Paris FC on loan for the rest of the season.,,0,0,0,0,0,0,0,0,0,0,0,0,0,,,,0.0,0.0,0.0,0.0,0.0,0,0,0
209,a,100.0,100.0,4.8,348,218.0,0,0.0,-2,2.0,0.0,623,240.0,53,0,1.8,374.0,159.0,1,228,1.0,216.0,99.0,0.2,11.0,0.0,6241,0,7186,0,0.5,0.0,0.85,0.48,1.33,38.16,0.05,0.03,0.08,2.06,287.2,224.0,95.0,183.8,196.0,128.0,108.0,260.0,141.0,57.2,252.0,123.0,,,,34,,Josh,Laurent,Laurent,,,1669,1,0,2,39,0,0,0,6,1,0,17,177,,,,0.0,0.11,2.1,0.92,9.54,44,72,61
210,a,,,4.8,365,227.0,0,0.0,-2,2.0,0.0,634,245.0,42,0,1.7,395.0,170.0,0,141,1.0,217.0,100.0,0.2,8.8,0.0,4963,2,6158,0,0.5,0.0,0.97,0.69,1.66,19.09,0.09,0.07,0.16,1.86,105.4,371.0,166.0,136.6,242.0,154.0,120.0,247.0,135.0,36.4,328.0,159.0,,4.0,,34,,Loum,Tchaouna,Tchaouna,,,924,1,1,2,17,0,0,0,1,0,0,10,50,,,,0.0,0.19,1.66,0.97,4.87,14,12,24
211,u,0.0,0.0,4.4,544,326.0,0,0.0,-1,1.0,1.4,170,60.0,0,0,0.0,675.0,258.0,0,0,0.0,559.0,182.0,0.0,0.0,0.0,62789,0,933295,10,0.0,0.0,0.0,0.0,0.0,0.0,0.0,0.0,0.0,0.0,0.0,666.0,249.0,0.0,662.0,253.0,0.0,641.0,243.0,0.0,668.0,251.0,,,,34,,Aaron,Ramsey,A.Ramsey,has joined Leicester City on loan for the rest of the season.,,0,0,0,0,0,0,0,0,0,0,0,0,0,,,,0.0,0.0,0.0,0.0,0.0,0,0,0
212,u,0.0,0.0,4.5,482,294.0,0,0.0,0,0.0,0.0,769,328.0,0,0,0.0,738.0,306.0,0,0,0.0,643.0,241.0,0.0,0.0,0.0,0,0,2770,1,0.0,0.0,0.0,0.0,0.0,0.0,0.0,0.0,0.0,0.0,0.0,735.0,303.0,0.0,729.0,304.0,0.0,715.0,299.0,0.0,736.0,304.0,,,,34,,Oluwaseun,Adewumi,Adewumi,Has joined Cercle Brugge on loan for the rest of the season.,,0,0,0,0,0,0,0,0,0,0,0,0,0,,,,0.0,0.0,0.0,0.0,0.0,0,0,0
213,u,0.0,0.0,4.5,467,284.0,0,0.0,0,0.0,0.0,626,241.0,1,0,1.0,483.0,215.0,0,2,0.0,629.0,231.0,0.0,0.2,0.0,7482,0,9233,2,0.0,0.0,0.0,0.0,0.0,0.05,0.0,0.0,0.0,0.5,0.0,723.0,294.0,0.5,481.0,231.0,0.0,702.0,289.0,0.0,724.0,295.0,,,,34,,Jaydon,Banel,Banel,has joined Derby County on loan for the rest of the season.,,9,0,0,0,0,0,0,0,0,0,0,0,0,,,,0.0,0.0,0.0,0.0,0.0,0,0,0
214,a,100.0,100.0,4.3,588,348.0,0,0.0,-2,2.0,0.1,555,205.0,6,0,1.0,467.0,202.0,0,18,0.7,243.0,115.0,0.2,1.4,0.0,13845,31,16800,6,0.2,0.0,0.0,0.0,0.0,1.65,0.0,0.0,0.0,4.01,7.2,476.0,214.0,15.2,408.0,204.0,2.0,447.0,219.0,2.4,470.0,212.0,,,,34,,Mike,Trésor Ndayishimiye,Trésor,,,37,0,0,0,2,0,0,0,0,0,0,0,5,,,,0.0,0.0,4.86,0.0,12.16,1,0,4
215,a,100.0,100.0,5.3,190,44.0,0,0.0,-2,2.0,0.3,300,46.0,82,0,3.3,160.0,15.0,8,306,3.7,68.0,11.0,0.7,15.5,0.0,188458,78,174171,66,3.2,0.0,6.85,0.32,7.17,31.17,0.43,0.02,0.45,1.95,387.6,165.0,17.0,133.2,247.0,28.0,470.0,46.0,18.0,98.1,118.0,18.0,,5.0,1.0,34,,Zian,Flemming,Flemming,,,1436,9,0,3,28,0,0,0,3,0,0,17,82,,,,0.0,0.19,1.75,1.07,5.14,11,42,29
216,d,50.0,50.0,4.8,368,63.0,0,0.0,-2,2.0,0.0,675,86.0,0,0,0.0,773.0,84.0,0,0,0.0,699.0,74.0,0.0,0.0,0.0,2478,1,6703,2,-0.2,0.0,0.0,0.0,0.0,0.0,0.0,0.0,0.0,0.0,0.0,772.0,84.0,0.0,767.0,83.0,0.0,762.0,83.0,0.0,772.0,84.0,,,,34,,Zeki,Amdouni,Amdouni,Lack of match fitness - 50% chance of playing,,0,0,0,0,0,0,0,0,0,0,0,0,0,,,,0.0,0.0,0.0,0.0,0.0,0,0,0
217,a,100.0,100.0,4.9,321,60.0,0,0.0,-1,1.0,0.8,222,33.0,57,0,2.3,302.0,33.0,4,201,0.7,255.0,33.0,0.1,11.6,0.0,456275,23,451867,34,0.2,0.0,3.22,0.37,3.59,27.65,0.22,0.02,0.24,1.86,219.0,273.0,27.0,147.0,229.0,24.0,256.0,118.0,30.0,61.5,237.0,29.0,,,,34,,Lyle,Foster,Foster,,,1340,3,2,4,30,0,0,0,4,0,0,15,84,,,,0.0,0.27,2.01,1.01,5.64,16,27,41
218,a,,,4.2,625,88.0,0,0.0,-3,3.0,1.3,177,28.0,5,0,1.0,465.0,56.0,0,10,0.0,495.0,49.0,0.0,1.2,0.0,234905,41,367025,106,-0.5,0.0,0.11,0.0,0.11,2.07,0.28,0.0,0.28,5.32,0.2,511.0,62.0,0.6,478.0,60.0,9.0,422.0,57.0,1.0,489.0,58.0,,,2.0,34,,Ashley,Barnes,Barnes,,,35,0,0,0,3,0,0,0,1,0,0,0,2,,,,0.0,0.0,7.71,0.0,5.14,0,0,2
219,u,0.0,0.0,4.4,533,75.0,0,0.0,-1,1.0,0.1,472,67.0,0,0,0.0,672.0,68.0,0,0,0.0,554.0,57.0,0.0,0.0,0.0,4151,0,40751,0,0.0,0.0,0.0,0.0,0.0,0.0,0.0,0.0,0.0,0.0,0.0,663.0,68.0,0.0,659.0,67.0,0.0,638.0,67.0,0.0,665.0,68.0,,,,34,,Michael,Obafemi,Obafemi,has joined Blackpool on loan for the rest of the season.,,0,0,0,0,0,0,0,0,0,0,0,0,0,,,,0.0,0.0,0.0,0.0,0.0,0,0,0
470,a,100.0,100.0,4.0,665,40.0,0,0.0,0,0.0,28.1,10,2.0,94,0,2.8,215.0,25.0,7,423,2.0,128.0,12.0,0.5,23.5,0.0,1778669,363,2051733,4203,1.5,0.0,0.0,0.04,0.04,69.62,0.0,0.0,0.0,2.05,940.8,5.0,1.0,0.0,558.0,50.0,0.0,527.0,36.0,94.3,130.0,1.0,,,,34,,Martin,Dúbravka,Dúbravka,,,3060,0,0,4,68,0,0,0,1,0,122,34,96,,,,3.59,0.12,2.0,1.0,0.0,1,59,282
614,a,100.0,100.0,5.6,122,76.0,0,0.0,-4,4.0,0.2,381,128.0,35,0,2.5,272.0,113.0,0,216,3.3,78.0,26.0,0.6,6.2,0.0,23724,18,50821,10,2.8,0.0,0.2,1.7,1.9,21.43,0.02,0.15,0.17,1.93,194.4,293.0,126.0,359.3,85.0,62.0,15.0,399.0,198.0,56.8,254.0,125.0,1.0,1.0,,34,,James,Ward-Prowse,Ward-Prowse,,,998,0,1,2,24,0,0,0,1,0,0,11,101,,,,0.0,0.18,2.16,0.99,9.11,15,42,44
676,a,100.0,100.0,5.0,273,167.0,0,0.0,0,0.0,0.1,476,165.0,88,0,2.8,222.0,88.0,5,325,1.3,185.0,84.0,0.3,17.6,0.0,44062,6,41225,21,0.8,0.0,2.3,0.29,2.59,48.61,0.1,0.01,0.11,2.08,376.8,171.0,62.0,150.2,226.0,144.0,194.0,162.0,91.0,71.9,201.0,100.0,,,,34,,Lesley,Ugochukwu,Ugochukwu,,,2108,3,2,3,47,0,0,0,1,1,0,24,192,,,,0.0,0.13,2.01,1.02,8.2,47,56,89
680,a,100.0,100.0,5.2,210,48.0,0,0.0,-3,3.0,0.1,421,62.0,42,0,1.8,382.0,44.0,2,116,1.0,224.0,28.0,0.2,8.1,0.0,48181,2,61132,7,0.5,0.0,2.14,0.14,2.28,23.18,0.23,0.02,0.25,2.52,101.8,376.0,42.0,68.1,324.0,39.0,205.0,155.0,36.0,37.2,323.0,38.0,,,,34,,Armando,Broja,Broja,,,829,1,1,1,27,0,0,0,0,0,0,8,43,,,,0.0,0.11,2.93,0.87,4.67,6,12,25
722,a,,,5.0,251,151.0,0,0.0,0,0.0,0.0,616,236.0,71,0,2.6,255.0,104.0,0,303,1.7,163.0,70.0,0.3,14.2,0.0,15036,2,13756,4,1.2,0.0,0.58,0.45,1.03,41.19,0.03,0.02,0.05,2.03,358.0,183.0,71.0,195.3,189.0,124.0,45.0,341.0,178.0,60.0,244.0,120.0,,,,34,,Florentino Ibrain,Morris Luís,Florentino,,,1822,0,2,2,41,0,0,0,6,0,0,22,269,,,,0.0,0.1,2.03,1.09,13.29,79,94,96
776,a,,,4.5,514,319.0,0,0.0,0,0.0,0.0,791,346.0,0,0,0.0,762.0,324.0,0,0,0.0,674.0,265.0,0.0,0.0,0.0,897,0,714,0,-0.5,0.0,0.0,0.0,0.0,0.0,0.0,0.0,0.0,0.0,0.0,761.0,323.0,0.0,754.0,323.0,0.0,741.0,319.0,0.0,761.0,323.0,,,,34,,Oliver,Pimlott,Pimlott,,,0,0,0,0,0,0,0,0,0,0,0,0,0,,,,0.0,0.0,0.0,0.0,0.0,0,0,0
784,a,,,4.5,521,325.0,0,0.0,0,0.0,0.0,798,352.0,0,0,0.0,767.0,329.0,0,0,0.0,680.0,271.0,0.0,0.0,0.0,522,0,408,1,-0.5,0.0,0.0,0.0,0.0,0.0,0.0,0.0,0.0,0.0,0.0,766.0,328.0,0.0,759.0,328.0,0.0,747.0,325.0,0.0,766.0,328.0,,,,34,,George,Brierley,Brierley,,,0,0,0,0,0,0,0,0,0,0,0,0,0,,,,0.0,0.0,0.0,0.0,0.0,0,0,0
820,a,,,4.5,513,318.0,0,0.0,0,0.0,0.0,816,361.0,0,0,0.0,761.0,323.0,0,0,0.0,673.0,264.0,0.0,0.0,0.0,169,0,82,0,-0.5,0.0,0.0,0.0,0.0,0.0,0.0,0.0,0.0,0.0,0.0,760.0,322.0,0.0,753.0,322.0,0.0,740.0,318.0,0.0,760.0,322.0,,,,34,,Kian,McMahon-Brown,McMahon-Brown,,,0,0,0,0,0,0,0,0,0,0,0,0,0,,,,0.0,0.0,0.0,0.0,0.0,0,0,0
66,u,0.0,0.0,4.5,410,22.0,0,0.0,0,0.0,0.1,575,78.0,0,0,0.0,694.0,94.0,0,0,0.0,586.0,88.0,0.0,0.0,0.0,0,0,16623,0,0.0,0.0,0.0,0.0,0.0,0.0,0.0,0.0,0.0,0.0,0.0,688.0,94.0,0.0,683.0,87.0,0.0,664.0,77.0,0.0,690.0,94.0,,,,34,,Norberto,Murara Neto,Neto,Has joined Botafogo permanently.,,0,0,0,0,0,0,0,0,0,0,0,0,0,,,,0.0,0.0,0.0,0.0,0.0,0,0,0
67,a,,,4.6,402,20.0,0,0.0,1,-1.0,5.4,73,12.0,106,0,3.1,187.0,20.0,5,436,1.3,175.0,14.0,0.3,23.0,0.0,1156893,199,890655,616,1.3,0.0,0.0,0.0,0.0,51.1,0.0,0.0,0.0,1.5,748.4,21.0,6.0,0.0,760.0,89.0,0.0,749.0,81.0,75.0,184.0,7.0,,,,34,,Đorđe,Petrović,Petrović,,,3060,0,0,9,52,1,0,0,3,0,100,34,98,,,,2.94,0.26,1.53,1.0,0.0,0,60,252
68,u,0.0,0.0,4.0,684,50.0,0,0.0,0,0.0,0.7,230,30.0,0,0,0.0,594.0,72.0,0,0,0.0,431.0,61.0,0.0,0.0,0.0,47217,0,90723,19,0.0,0.0,0.0,0.0,0.0,0.0,0.0,0.0,0.0,0.0,0.0,583.0,72.0,0.0,575.0,60.0,0.0,544.0,46.0,0.0,585.0,72.0,,,,34,,Will,Dennis,Dennis,has joined Leyton Orient on loan for the rest of the season.,,0,0,0,0,0,0,0,0,0,0,0,0,0,,,,0.0,0.0,0.0,0.0,0.0,0,0,0
69,a,,,3.9,785,92.0,0,0.0,-1,1.0,0.2,357,50.0,0,0,0.0,574.0,62.0,0,0,0.0,407.0,49.0,0.0,0.0,0.0,23504,5,21623,9,0.0,0.0,0.0,0.0,0.0,0.0,0.0,0.0,0.0,0.0,0.0,563.0,62.0,0.0,552.0,47.0,0.0,520.0,33.0,0.0,565.0,62.0,,,,34,,Callan,McKenna,McKenna,,,0,0,0,0,0,0,0,0,0,0,0,0,0,,,,0.0,0.0,0.0,0.0,0.0,0,0,0
70,u,0.0,0.0,4.0,701,58.0,0,0.0,0,0.0,0.1,578,79.0,0,0,0.0,608.0,80.0,0,0,0.0,447.0,69.0,0.0,0.0,0.0,1107,0,10614,1,0.0,0.0,0.0,0.0,0.0,0.0,0.0,0.0,0.0,0.0,0.0,597.0,80.0,0.0,589.0,68.0,0.0,558.0,54.0,0.0,599.0,80.0,,,,34,,Alex,Paulsen,Paulsen,Has joined Lechia Gdansk on loan for the rest of the season.,,0,0,0,0,0,0,0,0,0,0,0,0,0,,,,0.0,0.0,0.0,0.0,0.0,0,0,0
71,u,0.0,0.0,5.0,264,41.0,0,0.0,0,0.0,0.0,674,237.0,0,0,0.0,797.0,265.0,0,0,0.0,745.0,256.0,0.0,0.0,0.0,0,0,8222,0,0.0,0.0,0.0,0.0,0.0,0.0,0.0,0.0,0.0,0.0,0.0,796.0,265.0,0.0,794.0,265.0,0.0,789.0,265.0,0.0,796.0,265.0,,,,34,,Illia,Zabarnyi,Zabarnyi,Has joined Paris Saint-Germain permanently.,,0,0,0,0,0,0,0,0,0,0,0,0,0,,,,0.0,0.0,0.0,0.0,0.0,0,0,0
72,a,100.0,100.0,5.2,208,28.0,0,0.0,7,-7.0,21.0,14,4.0,147,0,4.5,32.0,12.0,11,482,3.3,76.0,30.0,0.6,28.3,0.0,5968590,2982,3589471,1929,3.3,0.0,1.53,4.52,6.05,49.15,0.05,0.14,0.19,1.51,1000.0,4.0,2.0,342.2,95.0,24.0,193.0,164.0,35.0,153.8,36.0,3.0,,,,34,,Marcos,Senesi Barón,Senesi,,,2928,0,5,9,51,0,0,0,8,0,0,33,421,,,,0.0,0.28,1.57,1.01,11.62,56,322,137
73,a,100.0,100.0,4.4,522,99.0,0,0.0,-1,1.0,0.2,390,144.0,39,0,2.1,325.0,120.0,2,123,0.3,304.0,95.0,0.1,8.9,0.0,28625,4,43448,16,0.3,0.0,0.0,0.2,0.2,13.96,0.0,0.02,0.02,1.56,120.8,352.0,134.0,59.3,342.0,117.0,18.0,394.0,141.0,19.8,389.0,136.0,,,,34,,Adam,Smith,Smith,,,805,0,1,4,15,0,0,0,3,0,0,11,56,,,,0.0,0.45,1.68,1.23,5.93,12,41,22
74,a,,,4.7,391,67.0,0,0.0,2,-2.0,4.3,91,30.0,139,0,4.1,53.0,22.0,14,500,5.7,19.0,10.0,1.2,29.6,0.0,1001932,1818,553819,345,5.7,0.0,0.98,2.62,3.6,48.8,0.03,0.08,0.11,1.46,744.2,22.0,7.0,460.2,54.0,8.0,157.0,199.0,49.0,136.2,52.0,8.0,,,,34,,Adrien,Truffert,Truffert,,,3018,1,4,9,49,0,0,0,4,0,0,34,328,,,,0.0,0.27,1.46,1.01,8.29,89,189,170
75,a,100.0,100.0,3.8,811,251.0,0,0.0,-2,2.0,0.2,388,143.0,0,0,0.0,541.0,196.0,0,0,0.0,368.0,133.0,0.0,0.0,0.0,15645,4,33454,4,0.0,0.0,0.0,0.0,0.0,0.0,0.0,0.0,0.0,0.0,0.0,530.0,195.0,0.0,513.0,194.0,0.0,480.0,188.0,0.0,532.0,195.0,,,,34,,Matai,Akinmboni,Akinmboni,,,0,0,0,0,0,0,0,0,0,0,0,0,0,,,,0.0,0.0,0.0,0.0,0.0,0,0,0
76,a,,,3.8,809,249.0,0,0.0,-2,2.0,0.2,395,148.0,0,0,0.0,540.0,195.0,0,0,0.0,366.0,131.0,0.0,0.0,0.0,16228,6,21163,6,0.0,0.0,0.0,0.0,0.0,0.0,0.0,0.0,0.0,0.0,0.0,529.0,194.0,0.0,512.0,193.0,0.0,479.0,187.0,0.0,531.0,194.0,,,,34,,Owen,Bevan,Bevan,,,0,0,0,0,0,0,0,0,0,0,0,0,0,,,,0.0,0.0,0.0,0.0,0.0,0,0,0
77,a,,,4.2,638,146.0,0,0.0,2,-2.0,8.0,50,16.0,90,0,3.6,105.0,37.0,2,318,2.7,101.0,41.0,0.6,21.4,0.0,1356980,461,428817,1462,2.7,0.0,0.79,1.1,1.88,27.8,0.04,0.06,0.1,1.44,494.0,99.0,43.0,128.6,253.0,67.0,109.0,256.0,69.0,73.4,192.0,66.0,,,,34,,James,Hill,Hill,,,1742,0,3,6,22,2,0,0,3,0,0,18,228,,,,0.0,0.31,1.14,0.93,11.31,33,186,62
78,u,0.0,0.0,3.8,800,241.0,0,0.0,-2,2.0,0.5,272,102.0,0,0,0.0,535.0,190.0,0,0,0.0,358.0,124.0,0.0,0.0,0.0,47440,0,135609,9,0.0,0.0,0.0,0.0,0.0,0.0,0.0,0.0,0.0,0.0,0.0,524.0,189.0,0.0,506.0,188.0,0.0,473.0,182.0,0.0,526.0,189.0,,,,34,,Julián,Araujo Zúñiga,J.Araujo,has joined Celtic on loan for the rest of the season.,,0,0,0,0,0,0,0,0,0,0,0,0,0,,,,0.0,0.0,0.0,0.0,0.0,0,0,0
79,u,0.0,0.0,4.0,677,168.0,0,0.0,0,0.0,0.1,549,195.0,0,0,0.0,587.0,215.0,0,0,0.0,424.0,159.0,0.0,0.0,0.0,1400,0,16823,0,0.0,0.0,0.0,0.0,0.0,0.0,0.0,0.0,0.0,0.0,0.0,576.0,214.0,0.0,568.0,214.0,0.0,537.0,210.0,0.0,578.0,214.0,,,,34,,Chris,Mepham,Mepham,has joined West Bromwich Albion permanently.,,0,0,0,0,0,0,0,0,0,0,0,0,0,,,,0.0,0.0,0.0,0.0,0.0,0,0,0
80,a,100.0,100.0,3.9,787,230.0,0,0.0,-1,1.0,0.2,391,145.0,3,0,1.0,458.0,165.0,0,2,0.0,409.0,151.0,0.0,0.8,0.0,17845,9,34373,3,0.0,0.0,0.0,0.0,0.0,1.62,0.0,0.0,0.0,4.29,1.8,498.0,176.0,2.5,461.0,167.0,2.0,444.0,167.0,0.6,497.0,173.0,,,,34,,Julio,Soler Barreto,Soler,,,34,0,0,0,2,0,0,0,0,0,0,0,1,,,,0.0,0.0,5.29,0.0,2.65,1,0,4
81,i,0.0,0.0,6.9,38,23.0,0,0.0,-1,1.0,0.6,247,87.0,40,0,2.2,320.0,140.0,3,147,0.0,822.0,368.0,0.0,5.8,0.0,190713,2,252895,14,0.0,0.0,2.24,1.54,3.78,16.78,0.22,0.15,0.37,1.65,146.6,334.0,149.0,304.1,118.0,83.0,128.0,237.0,130.0,57.8,250.0,122.0,,3.0,1.0,34,,Justin,Kluivert,Kluivert,Knee injury - Expected back 09 May,,914,2,0,4,18,0,0,0,4,0,0,10,62,,,,0.0,0.39,1.77,0.98,6.11,10,8,44
84,a,100.0,100.0,5.4,161,101.0,0,0.0,-1,1.0,5.1,77,26.0,120,0,4.0,64.0,29.0,11,467,3.7,69.0,22.0,0.7,22.2,0.0,1540456,903,974196,723,3.7,0.0,8.46,3.82,12.28,36.32,0.32,0.14,0.46,1.37,562.2,68.0,19.0,659.0,21.0,20.0,519.0,33.0,17.0,174.2,25.0,20.0,2.0,2.0,4.0,34,,Marcus,Tavernier,Tavernier,,,2390,6,4,9,42,0,0,0,5,0,0,27,223,,,,0.0,0.34,1.58,1.02,8.4,35,55,133
85,a,100.0,100.0,4.9,299,186.0,0,0.0,-1,1.0,0.3,345,119.0,66,0,3.1,191.0,73.0,3,305,2.0,133.0,50.0,0.4,13.5,0.0,81586,17,95697,4,2.0,0.0,0.61,0.51,1.12,22.77,0.04,0.03,0.07,1.39,334.0,198.0,81.0,110.2,270.0,166.0,110.0,254.0,139.0,55.7,257.0,128.0,,,,34,,Tyler,Adams,Adams,,,1474,2,2,6,26,0,0,0,7,0,0,18,191,,,,0.0,0.37,1.59,1.1,11.66,42,70,79
86,a,100.0,100.0,5.0,246,148.0,0,0.0,0,0.0,0.2,397,133.0,53,0,1.9,356.0,153.0,4,196,1.7,162.0,69.0,0.3,10.6,0.0,74605,16,80429,7,1.7,0.0,5.13,3.24,8.37,18.76,0.4,0.25,0.65,1.47,210.6,280.0,116.0,357.9,86.0,63.0,414.0,54.0,31.0,96.8,122.0,70.0,5.0,4.0,,34,,David,Brooks,Brooks,,,1151,1,2,5,19,0,0,0,7,0,0,13,88,,,,0.0,0.39,1.49,1.02,6.88,17,19,52
87,a,100.0,100.0,4.9,291,180.0,0,0.0,-1,1.0,0.2,399,134.0,48,0,2.0,344.0,147.0,2,208,2.0,132.0,49.0,0.4,9.8,0.0,31846,8,23739,70,2.0,0.0,1.81,0.76,2.57,17.93,0.18,0.07,0.25,1.76,219.0,272.0,112.0,182.8,198.0,130.0,220.0,139.0,80.0,62.6,234.0,115.0,6.0,,,34,,Ryan,Christie,Christie,,,916,2,1,3,14,0,0,0,3,0,0,8,114,,,,0.0,0.29,1.38,0.79,11.2,24,32,58
88,d,50.0,25.0,4.9,290,179.0,0,0.0,-1,1.0,0.0,632,244.0,38,0,2.4,285.0,121.0,0,184,0.0,704.0,286.0,0.0,7.8,0.0,11805,2,11284,6,0.0,0.0,0.07,0.52,0.59,13.49,0.01,0.05,0.06,1.4,206.0,284.0,118.0,183.3,197.0,129.0,12.0,411.0,201.0,40.4,314.0,155.0,4.0,,,34,,Lewis,Cook,Cook,Lack of match fitness - 50% chance of playing,,870,0,1,1,18,0,0,0,1,1,0,8,143,,,,0.0,0.1,1.86,0.83,14.79,25,56,62
89,u,0.0,0.0,4.9,293,182.0,0,0.0,-1,1.0,0.0,680,273.0,0,0,0.0,776.0,334.0,0,0,0.0,706.0,288.0,0.0,0.0,0.0,598,0,6642,0,0.0,0.0,0.0,0.0,0.0,0.0,0.0,0.0,0.0,0.0,0.0,775.0,333.0,0.0,771.0,333.0,0.0,767.0,331.0,0.0,775.0,333.0,,,,34,,Philip,Billing,Philip,has joined Midtjylland permanently.,,0,0,0,0,0,0,0,0,0,0,0,0,0,,,,0.0,0.0,0.0,0.0,0.0,0,0,0
90,a,100.0,100.0,5.1,240,144.0,0,0.0,1,-1.0,2.6,120,38.0,125,0,3.7,100.0,42.0,9,557,5.7,20.0,7.0,1.1,24.5,0.0,582325,622,268524,942,5.7,0.0,3.76,2.62,6.38,43.47,0.13,0.09,0.22,1.52,559.6,69.0,20.0,430.1,62.0,51.0,305.0,93.0,55.0,129.1,63.0,40.0,3.0,6.0,,34,,Alex,Scott,Scott,,,2578,3,2,9,40,0,0,0,4,0,0,31,346,,,,0.0,0.31,1.4,1.08,12.08,54,124,168
91,u,0.0,0.0,5.0,253,152.0,0,0.0,0,0.0,0.0,747,316.0,0,0,0.0,793.0,347.0,0,0,0.0,739.0,311.0,0.0,0.0,0.0,396,0,3905,0,0.0,0.0,0.0,0.0,0.0,0.0,0.0,0.0,0.0,0.0,0.0,792.0,346.0,0.0,790.0,346.0,0.0,785.0,344.0,0.0,792.0,346.0,,,,34,,Luis,Sinisterra Lucumí,Sinisterra,has joined Cruzeiro on loan for the rest of the season.,,0,0,0,0,0,0,0,0,0,0,0,0,0,,,,0.0,0.0,0.0,0.0,0.0,0,0,0
92,u,0.0,0.0,4.5,435,258.0,0,0.0,0,0.0,0.1,564,208.0,0,0,0.0,705.0,277.0,0,0,0.0,603.0,208.0,0.0,0.0,0.0,4403,0,19819,1,0.0,0.0,0.0,0.0,0.0,0.0,0.0,0.0,0.0,0.0,0.0,699.0,271.0,0.0,695.0,274.0,0.0,678.0,267.0,0.0,701.0,273.0,,,,34,,Romain,Faivre,Faivre,has joined Auxerre permanently.,,0,0,0,0,0,0,0,0,0,0,0,0,0,,,,0.0,0.0,0.0,0.0,0.0,0,0,0
93,u,0.0,0.0,4.5,430,255.0,0,0.0,0,0.0,0.3,343,118.0,4,0,4.0,61.0,28.0,0,12,0.0,599.0,205.0,0.0,0.9,0.0,114900,0,165881,2,0.0,0.0,0.0,0.0,0.0,0.4,0.0,0.0,0.0,2.25,21.2,455.0,201.0,10.0,431.0,212.0,0.0,674.0,264.0,3.1,465.0,210.0,,,,34,,Hamed,Traorè,H.Traorè,has joined Marseille on loan for the rest of the season.,,16,0,1,0,2,0,0,0,0,0,0,0,4,,,,0.0,0.0,11.25,0.0,22.5,1,1,2
94,u,0.0,0.0,4.5,466,283.0,0,0.0,0,0.0,0.0,649,254.0,0,0,0.0,727.0,298.0,0,0,0.0,628.0,230.0,0.0,0.0,0.0,3895,0,8253,0,0.0,0.0,0.0,0.0,0.0,0.0,0.0,0.0,0.0,0.0,0.0,722.0,293.0,0.0,717.0,295.0,0.0,701.0,288.0,0.0,723.0,294.0,,,,34,,Dominic,Sadi,Sadi,has joined Novi Pazar on loan for the rest of the season.,,0,0,0,0,0,0,0,0,0,0,0,0,0,,,,0.0,0.0,0.0,0.0,0.0,0,0,0
95,u,0.0,0.0,4.4,555,334.0,0,0.0,-1,1.0,0.1,582,217.0,0,0,0.0,681.0,264.0,0,0,0.0,568.0,190.0,0.0,0.0,0.0,15405,0,21651,0,0.0,0.0,0.0,0.0,0.0,0.0,0.0,0.0,0.0,0.0,0.0,673.0,256.0,0.0,669.0,260.0,0.0,649.0,251.0,0.0,675.0,258.0,,,,34,,Zain,Silcott-Duberry,Silcott-Duberry,has joined Olympiakos permanently.,,0,0,0,0,0,0,0,0,0,0,0,0,0,,,,0.0,0.0,0.0,0.0,0.0,0,0,0
96,u,0.0,0.0,4.5,499,308.0,0,0.0,0,0.0,0.0,647,252.0,1,0,1.0,490.0,221.0,0,3,0.0,660.0,255.0,0.0,0.2,0.0,2964,0,10046,1,0.0,0.0,0.0,0.0,0.0,0.31,0.0,0.0,0.0,4.65,0.0,749.0,314.0,0.0,742.0,314.0,0.0,729.0,310.0,0.0,749.0,314.0,,,,34,,Ben,Winterburn,Winterburn,has joined Barnet on loan for the rest of the season.,,6,0,0,0,2,0,0,0,0,0,0,0,0,,,,0.0,0.0,30.0,0.0,0.0,0,0,0
97,a,100.0,100.0,6.7,46,16.0,0,0.0,-3,3.0,2.5,121,19.0,105,0,3.3,163.0,17.0,6,368,3.7,71.0,12.0,0.6,15.7,0.0,1275239,515,1230894,512,3.7,0.0,9.56,1.26,10.82,35.82,0.35,0.05,0.4,1.31,333.6,199.0,19.0,369.3,81.0,3.0,769.0,8.0,6.0,146.9,42.0,9.0,,,,34,,Francisco Evanilson,de Lima Barbosa,Evanilson,,,2460,6,6,9,39,0,0,0,2,0,0,28,112,,,,0.0,0.33,1.43,1.02,4.1,10,34,68
98,a,100.0,100.0,5.4,156,38.0,0,0.0,-1,1.0,0.0,591,80.0,23,0,1.2,444.0,53.0,1,61,0.7,265.0,35.0,0.1,4.3,0.0,15043,6,12382,3,0.7,0.0,1.85,0.06,1.91,4.16,0.95,0.03,0.98,2.14,50.8,420.0,50.0,13.0,417.0,54.0,86.0,290.0,50.0,14.1,403.0,51.0,,1.0,,34,,Enes,Ünal,Enes Ünal,,,175,1,0,0,2,0,0,0,1,0,0,0,15,,,,0.0,0.0,1.03,0.0,7.71,1,9,5
99,u,0.0,0.0,4.4,570,82.0,0,0.0,-1,1.0,0.1,439,63.0,0,0,0.0,691.0,75.0,0,0,0.0,581.0,64.0,0.0,0.0,0.0,22144,0,44581,1,0.0,0.0,0.0,0.0,0.0,0.0,0.0,0.0,0.0,0.0,0.0,685.0,75.0,0.0,680.0,74.0,0.0,661.0,74.0,0.0,687.0,75.0,,,,34,,Daniel,Adu-Adjei,Adu-Adjei,has joined HNK Rijeka permanently.,,0,0,0,0,0,0,0,0,0,0,0,0,0,,,,0.0,0.0,0.0,0.0,0.0,0,0,0
100,a,100.0,100.0,4.6,407,65.0,0,0.0,1,-1.0,5.6,71,14.0,95,0,3.3,151.0,14.0,11,415,5.3,24.0,4.0,1.2,20.7,0.0,2028339,2407,1483084,860,5.3,0.0,6.86,1.26,8.12,22.45,0.45,0.08,0.53,1.48,454.4,124.0,12.0,278.7,135.0,10.0,468.0,47.0,19.0,120.1,77.0,15.0,,,2.0,34,,Junior,Kroupi,Kroupi.Jr,,,1369,11,0,7,20,0,0,0,5,0,0,17,98,,,,0.0,0.46,1.31,1.12,6.44,8,38,52
391,a,100.0,100.0,4.8,369,230.0,0,0.0,-2,2.0,0.0,643,250.0,9,0,1.5,411.0,177.0,0,26,0.3,315.0,150.0,0.1,1.9,0.0,4796,1,8170,0,0.3,0.0,0.09,0.1,0.19,3.51,0.12,0.13,0.25,4.65,28.4,442.0,197.0,14.9,409.0,205.0,17.0,398.0,197.0,6.0,447.0,200.0,,,,34,,Ben,Gannon-Doak,Gannon-Doak,,,68,0,1,0,1,0,0,0,0,0,0,0,9,,,,0.0,0.0,1.32,0.0,11.91,5,1,3
685,a,100.0,100.0,4.1,656,157.0,0,0.0,-4,4.0,0.3,342,122.0,46,0,2.6,249.0,98.0,2,164,0.0,491.0,205.0,0.0,11.2,0.0,99416,7,98908,7,0.0,0.0,0.02,0.19,0.21,22.47,0.0,0.01,0.01,1.59,267.0,242.0,96.0,54.3,345.0,120.0,22.0,385.0,134.0,34.4,337.0,113.0,,,,34,,Bafodé,Diakité,Diakité,,,1275,0,0,4,27,0,0,0,1,0,0,15,147,,,,0.0,0.28,1.91,1.06,8.26,20,97,48
687,a,,,4.3,618,366.0,0,0.0,-2,2.0,0.2,396,132.0,0,0,0.0,666.0,254.0,0,0,0.0,541.0,177.0,0.0,0.0,0.0,26777,9,22603,19,0.0,0.0,0.0,0.0,0.0,0.0,0.0,0.0,0.0,0.0,0.0,656.0,244.0,0.0,652.0,249.0,0.0,629.0,238.0,0.0,658.0,246.0,,,,34,,Remy,Rees-Dottin,Rees-Dottin,,,0,0,0,0,0,0,0,0,0,0,0,0,0,,,,0.0,0.0,0.0,0.0,0.0,0,0,0
697,a,,,5.4,172,107.0,0,0.0,-1,1.0,0.3,341,117.0,64,0,2.3,305.0,132.0,4,238,0.3,331.0,155.0,0.1,11.9,0.0,119828,3,92378,95,0.3,0.0,2.6,1.62,4.22,16.83,0.22,0.14,0.36,1.46,267.2,241.0,103.0,234.6,163.0,110.0,258.0,117.0,69.0,75.4,181.0,91.0,,,,34,,Amine,Adli,Adli,,,1041,3,2,3,17,0,0,0,2,0,0,10,119,,,,0.0,0.26,1.47,0.86,10.29,34,25,60
713,a,,,4.5,468,95.0,0,0.0,0,0.0,0.2,363,132.0,68,0,2.3,299.0,111.0,2,272,1.3,174.0,63.0,0.3,15.1,0.0,65924,16,40459,34,1.3,0.0,1.07,1.61,2.68,40.22,0.04,0.07,0.11,1.63,392.8,157.0,70.0,250.3,153.0,39.0,180.0,175.0,40.0,82.3,163.0,56.0,,,,34,,Álex,Jiménez Sánchez,A.Jimenez,,,2225,1,2,5,39,0,0,0,10,0,0,25,159,,,,0.0,0.2,1.58,1.01,5.82,65,79,128
721,a,100.0,100.0,4.4,572,120.0,0,0.0,-1,1.0,0.0,646,231.0,19,0,2.7,233.0,92.0,0,63,0.0,583.0,235.0,0.0,4.3,0.0,6632,2,6159,3,0.0,0.0,0.15,0.19,0.34,4.42,0.04,0.05,0.09,1.08,98.4,379.0,143.0,13.9,413.0,150.0,10.0,418.0,156.0,12.2,417.0,148.0,,,,34,,Veljko,Milosavljevic,Milosavljević,,,367,0,0,1,6,0,0,0,0,0,0,4,42,,,,0.0,0.25,1.47,0.98,9.56,5,34,13
756,a,,,4.5,519,323.0,0,0.0,0,0.0,0.0,744,314.0,0,0,0.0,765.0,327.0,0,0,0.0,678.0,269.0,0.0,0.0,0.0,1949,1,1343,1,0.0,0.0,0.0,0.0,0.0,0.0,0.0,0.0,0.0,0.0,0.0,764.0,326.0,0.0,757.0,326.0,0.0,745.0,323.0,0.0,764.0,326.0,,,,34,,Malcom,DaCosta,DaCosta,,,0,0,0,0,0,0,0,0,0,0,0,0,0,,,,0.0,0.0,0.0,0.0,0.0,0,0,0
782,a,,,4.0,664,39.0,0,0.0,0,0.0,0.0,660,81.0,0,0,0.0,579.0,64.0,0,0,0.0,413.0,51.0,0.0,0.0,0.0,3386,4,1412,3,0.0,0.0,0.0,0.0,0.0,0.0,0.0,0.0,0.0,0.0,0.0,568.0,64.0,0.0,557.0,49.0,0.0,526.0,35.0,0.0,570.0,64.0,,,,34,,Fraser,Forster,Forster,,,0,0,0,0,0,0,0,0,0,0,0,0,0,,,,0.0,0.0,0.0,0.0,0.0,0,0,0
799,a,,,4.5,516,320.0,0,0.0,0,0.0,0.0,777,334.0,0,0,0.0,763.0,325.0,0,0,0.0,675.0,266.0,0.0,0.0,0.0,811,0,412,2,0.0,0.0,0.0,0.0,0.0,0.0,0.0,0.0,0.0,0.0,0.0,762.0,324.0,0.0,755.0,324.0,0.0,742.0,320.0,0.0,762.0,324.0,,,,34,,Charlie,Stevens,Stevens,,,0,0,0,0,0,0,0,0,0,0,0,0,0,,,,0.0,0.0,0.0,0.0,0.0,0,0,0
801,a,,,4.9,340,211.0,0,0.0,-1,1.0,0.0,762,324.0,6,0,0.9,513.0,239.0,0,20,1.0,221.0,103.0,0.2,1.2,0.0,975,1,617,1,1.0,0.0,0.06,0.25,0.31,3.52,0.07,0.29,0.36,4.06,8.2,475.0,213.0,34.3,378.0,191.0,14.0,404.0,199.0,5.6,451.0,202.0,,,,34,,Alex,Tóth,Tóth.A,,,78,0,0,0,2,0,0,0,1,0,0,1,10,,,,0.0,0.0,2.31,1.15,11.54,1,4,5
806,a,,,4.0,682,49.0,0,0.0,0,0.0,0.0,758,88.0,0,0,0.0,592.0,71.0,0,0,0.0,429.0,60.0,0.0,0.0,0.0,772,0,473,1,0.0,0.0,0.0,0.0,0.0,0.0,0.0,0.0,0.0,0.0,0.0,581.0,71.0,0.0,573.0,59.0,0.0,542.0,45.0,0.0,583.0,71.0,,,,34,,Christos,Mandas,Mandas,,,0,0,0,0,0,0,0,0,0,0,0,0,0,,,,0.0,0.0,0.0,0.0,0.0,0,0,0
807,a,,,5.4,173,108.0,-1,1.0,-1,1.0,1.5,164,57.0,45,0,4.1,54.0,24.0,2,169,4.3,47.0,16.0,0.8,8.3,0.0,437617,193,250564,542,4.3,0.0,1.63,1.55,3.18,15.42,0.19,0.18,0.37,1.75,194.6,292.0,125.0,175.0,203.0,133.0,171.0,187.0,103.0,54.1,265.0,133.0,,,,34,,Rayan Vitor,Simplício Rocha,Rayan,,,792,3,2,3,9,0,0,0,1,0,0,9,51,,,,0.0,0.34,1.02,1.02,5.8,8,14,29
27,a,100.0,100.0,4.8,351,221.0,0,0.0,-2,2.0,0.1,499,180.0,8,0,1.0,493.0,224.0,0,23,0.3,312.0,148.0,0.1,1.7,0.0,10750,3,18635,4,0.3,-0.2,0.71,0.09,0.8,2.01,0.64,0.08,0.72,1.81,22.0,452.0,200.0,17.8,405.0,203.0,25.0,376.0,190.0,6.0,446.0,199.0,,,,34,,Reiss,Nelson,Nelson,,,100,0,0,0,2,0,0,0,0,0,0,0,22,,,,0.0,0.0,1.8,0.0,19.8,3,3,16
83,a,100.0,100.0,5.8,109,70.0,-1,1.0,-2,2.0,2.4,127,42.0,111,0,4.1,56.0,26.0,13,358,1.7,167.0,73.0,0.3,19.1,0.0,1015411,157,743375,2597,1.7,1.2,5.75,3.69,9.44,26.52,0.27,0.18,0.45,1.26,411.2,144.0,49.0,354.2,87.0,64.0,558.0,31.0,15.0,131.7,57.0,36.0,3.0,,,34,,Dango,Ouattara,O.Dango,,,1890,5,7,5,28,0,0,0,4,0,0,21,161,,,,0.0,0.24,1.33,1.0,7.67,18,66,77
101,a,100.0,100.0,4.8,352,12.0,0,0.0,3,-3.0,12.8,28,4.0,122,0,3.8,80.0,9.0,8,479,2.7,104.0,11.0,0.6,25.4,0.0,1615509,722,1237230,1218,2.7,2.2,0.0,0.22,0.22,43.55,0.0,0.01,0.01,1.36,732.8,26.0,8.0,23.0,393.0,4.0,0.0,757.0,85.0,75.7,180.0,6.0,,,,34,,Caoimhín,Kelleher,Kelleher,,,2880,0,0,9,41,0,3,0,1,0,85,32,95,,,,2.66,0.28,1.28,1.0,0.0,1,41,249
102,a,,,3.9,762,80.0,0,0.0,-1,1.0,0.3,352,49.0,0,0,0.0,556.0,51.0,0,0,0.0,388.0,38.0,0.0,0.0,0.0,16924,1,25428,2,0.0,-0.5,0.0,0.0,0.0,0.0,0.0,0.0,0.0,0.0,0.0,545.0,51.0,0.0,533.0,35.0,0.0,501.0,21.0,0.0,547.0,51.0,,,,34,,Ellery,Balcombe,Balcombe,,,0,0,0,0,0,0,0,0,0,0,0,0,0,,,,0.0,0.0,0.0,0.0,0.0,0,0,0
103,u,0.0,0.0,3.9,778,88.0,0,0.0,-1,1.0,0.1,443,64.0,0,0,0.0,567.0,58.0,0,0,0.0,400.0,45.0,0.0,0.0,0.0,11791,0,15752,7,0.0,0.0,0.0,0.0,0.0,0.0,0.0,0.0,0.0,0.0,0.0,556.0,58.0,0.0,545.0,43.0,0.0,513.0,29.0,0.0,558.0,58.0,,,,34,,Matthew,Cox,Cox,has joined Shrewsbury Town on loan for the rest of the season.,,0,0,0,0,0,0,0,0,0,0,0,0,0,,,,0.0,0.0,0.0,0.0,0.0,0,0,0
104,a,,,3.9,781,89.0,0,0.0,-1,1.0,0.1,473,70.0,0,0,0.0,570.0,59.0,0,0,0.0,403.0,46.0,0.0,0.0,0.0,13291,1,11390,3,0.0,-0.5,0.0,0.0,0.0,0.0,0.0,0.0,0.0,0.0,0.0,559.0,59.0,0.0,548.0,44.0,0.0,516.0,30.0,0.0,561.0,59.0,,,,34,,Julian,Eyestone,Eyestone,,,0,0,0,0,0,0,0,0,0,0,0,0,0,,,,0.0,0.0,0.0,0.0,0.0,0,0,0
105,a,,,3.8,806,95.0,0,0.0,-2,2.0,0.7,226,29.0,1,0,1.0,454.0,36.0,0,1,0.0,363.0,26.0,0.0,0.3,0.0,61288,225,79232,48,0.0,-0.5,0.0,0.0,0.0,0.97,0.0,0.0,0.0,0.97,13.0,462.0,36.0,0.0,509.0,20.0,0.0,476.0,6.0,1.3,486.0,36.0,,,,34,,Hákon Rafn,Valdimarsson,Valdimarsson,,,90,0,0,0,3,0,0,0,0,0,1,1,0,,,,1.0,0.0,3.0,1.0,0.0,0,0,7
106,a,,,4.9,319,52.0,0,0.0,-1,1.0,2.7,118,47.0,114,0,3.8,83.0,31.0,7,393,3.0,94.0,38.0,0.6,23.3,0.0,719043,244,582005,314,3.0,2.5,2.14,1.32,3.46,37.59,0.08,0.05,0.13,1.34,732.2,27.0,9.0,119.3,258.0,70.0,304.0,94.0,10.0,115.7,81.0,17.0,,,,34,,Nathan,Collins,Collins,,,2521,1,2,8,36,1,0,0,5,0,0,27,304,,,,0.0,0.29,1.29,0.96,9.71,26,246,115
107,a,,,4.8,361,62.0,0,0.0,-2,2.0,1.6,158,61.0,96,0,3.1,188.0,77.0,3,289,2.3,115.0,47.0,0.5,20.0,0.0,495589,113,356916,136,2.3,1.8,2.59,2.09,4.68,24.81,0.15,0.12,0.27,1.48,303.8,217.0,84.0,283.9,131.0,36.0,262.0,111.0,17.0,85.0,154.0,52.0,,1.0,,34,,Keane,Lewis-Potter,Lewis-Potter,,,1512,3,2,8,24,0,0,0,1,0,0,17,76,,,,0.0,0.48,1.43,1.01,3.39,19,38,66
108,a,100.0,100.0,4.4,529,105.0,0,0.0,-1,1.0,0.2,366,133.0,70,0,2.9,206.0,82.0,1,196,0.0,551.0,229.0,0.0,15.9,0.0,43778,4,42364,36,0.0,-0.5,0.69,0.72,1.41,26.82,0.04,0.04,0.08,1.49,358.2,181.0,75.0,58.3,343.0,118.0,161.0,194.0,47.0,57.9,249.0,83.0,,,,34,,Kristoffer,Ajer,Ajer,,,1624,0,2,5,27,0,0,0,3,0,0,18,175,,,,0.0,0.28,1.5,1.0,9.31,35,133,50
109,i,0.0,0.0,4.3,582,128.0,0,0.0,-2,2.0,0.1,442,165.0,52,0,2.1,323.0,119.0,0,144,0.0,516.0,218.0,0.0,12.1,0.0,25908,0,32004,17,0.0,0.0,0.18,0.54,0.72,23.91,0.01,0.04,0.05,1.63,151.6,329.0,124.0,82.0,309.0,100.0,35.0,358.0,119.0,26.9,363.0,125.0,,,,34,,Rico,Henry,Henry,Hamstring injury - Unknown return date,,1322,0,2,4,22,0,0,0,2,0,0,14,78,,,,0.0,0.27,1.5,0.95,4.63,15,53,72
110,a,100.0,100.0,4.6,408,74.0,0,0.0,1,-1.0,1.1,184,71.0,104,0,3.2,171.0,68.0,9,467,4.0,56.0,23.0,0.9,22.6,0.0,275828,165,163319,129,4.0,3.5,0.72,2.73,3.45,42.72,0.02,0.09,0.11,1.37,552.4,74.0,35.0,431.0,61.0,9.0,109.0,257.0,70.0,109.5,93.0,23.0,,,,34,,Michael,Kayode,Kayode,,,2808,1,2,9,41,1,0,0,6,0,0,32,244,,,,0.0,0.29,1.31,1.03,6.38,61,138,146
111,a,100.0,100.0,4.2,635,144.0,0,0.0,-3,3.0,0.1,445,167.0,14,0,3.5,116.0,41.0,2,53,0.0,500.0,209.0,0.0,3.3,0.0,16405,3,28822,7,0.0,-0.5,0.01,0.06,0.07,3.7,0.0,0.02,0.02,1.05,88.6,386.0,144.0,1.2,473.0,171.0,33.0,362.0,121.0,12.3,416.0,147.0,,,,34,,Ethan,Pinnock,Pinnock,,,318,0,0,1,5,1,0,0,1,0,0,4,46,,,,0.0,0.28,1.42,1.13,11.89,5,37,11
112,u,0.0,0.0,4.5,426,86.0,0,0.0,0,0.0,0.0,721,250.0,0,0,0.0,701.0,259.0,0,0,0.0,596.0,241.0,0.0,0.0,0.0,211,0,3933,0,0.0,0.0,0.0,0.0,0.0,0.0,0.0,0.0,0.0,0.0,0.0,695.0,259.0,0.0,690.0,259.0,0.0,672.0,259.0,0.0,697.0,259.0,,,,34,,Mads,Roerslev Rasmussen,Roerslev,Has joined Southampton permanently.,,0,0,0,0,0,0,0,0,0,0,0,0,0,,,,0.0,0.0,0.0,0.0,0.0,0,0,0
113,a,100.0,100.0,4.6,401,70.0,0,0.0,1,-1.0,1.3,176,68.0,99,0,3.5,121.0,44.0,3,369,3.0,91.0,37.0,0.7,21.5,0.0,353345,51,254203,316,3.0,2.5,2.87,0.9,3.77,36.33,0.1,0.03,0.13,1.32,582.0,60.0,28.0,84.2,304.0,97.0,260.0,115.0,19.0,92.8,135.0,41.0,,,,34,,Sepp,van den Berg,Van den Berg,,,2483,0,2,7,38,0,0,0,1,0,0,27,272,,,,0.0,0.25,1.38,0.98,8.77,16,226,102
114,u,0.0,0.0,3.8,819,258.0,0,0.0,-2,2.0,0.2,393,147.0,0,0,0.0,546.0,200.0,0,0,0.0,375.0,139.0,0.0,0.0,0.0,12981,0,31422,4,0.0,0.0,0.0,0.0,0.0,0.0,0.0,0.0,0.0,0.0,0.0,535.0,199.0,0.0,519.0,199.0,0.0,487.0,194.0,0.0,537.0,199.0,,,,34,,Benjamin,Arthur,Arthur,has joined Celtic on loan for the rest of the season.,,0,0,0,0,0,0,0,0,0,0,0,0,0,,,,0.0,0.0,0.0,0.0,0.0,0,0,0
115,u,0.0,0.0,4.0,734,203.0,0,0.0,0,0.0,0.1,540,191.0,0,0,0.0,634.0,242.0,0,0,0.0,479.0,193.0,0.0,0.0,0.0,2020,0,14487,0,0.0,0.0,0.0,0.0,0.0,0.0,0.0,0.0,0.0,0.0,0.0,624.0,242.0,0.0,617.0,242.0,0.0,587.0,239.0,0.0,626.0,242.0,,,,34,,Benjamin,Fredrick,Fredrick,has joined Dender on loan for the rest of the season.,,0,0,0,0,0,0,0,0,0,0,0,0,0,,,,0.0,0.0,0.0,0.0,0.0,0,0,0
116,a,100.0,100.0,4.0,691,174.0,0,0.0,0,0.0,0.3,303,113.0,33,0,1.8,365.0,134.0,0,94,0.0,438.0,165.0,0.0,8.2,0.0,66610,12,83706,13,0.0,-0.5,0.4,0.17,0.57,6.47,0.06,0.03,0.09,0.99,82.6,391.0,145.0,16.2,407.0,147.0,42.0,346.0,113.0,13.9,404.0,145.0,,,,34,,Aaron,Hickey,Hickey,,,588,0,0,2,8,0,0,0,1,0,0,7,49,,,,0.0,0.31,1.22,1.07,6.43,12,30,33
117,u,0.0,0.0,3.9,786,229.0,0,0.0,-1,1.0,0.1,532,189.0,0,0,0.0,575.0,208.0,0,0,0.0,408.0,150.0,0.0,0.0,0.0,4108,0,15788,1,0.0,0.0,0.0,0.0,0.0,0.0,0.0,0.0,0.0,0.0,0.0,564.0,207.0,0.0,553.0,207.0,0.0,521.0,202.0,0.0,566.0,207.0,,,,34,,Kim,Ji-soo,Ji-soo,has joined Kaiserslautern on loan for the rest of the season.,,0,0,0,0,0,0,0,0,0,0,0,0,0,,,,0.0,0.0,0.0,0.0,0.0,0,0,0
118,u,0.0,0.0,4.0,704,181.0,0,0.0,0,0.0,0.0,612,218.0,0,0,0.0,609.0,224.0,0,0,0.0,449.0,171.0,0.0,0.0,0.0,279,0,11037,1,0.0,0.0,0.0,0.0,0.0,0.0,0.0,0.0,0.0,0.0,0.0,599.0,224.0,0.0,591.0,224.0,0.0,560.0,220.0,0.0,601.0,224.0,,,,34,,Jayden,Meghoma,Meghoma,Has joined Rangers on loan for the rest of the season.,,0,0,0,0,0,0,0,0,0,0,0,0,0,,,,0.0,0.0,0.0,0.0,0.0,0,0,0
120,a,100.0,100.0,6.9,41,25.0,-1,1.0,-1,1.0,1.7,151,51.0,110,0,3.7,104.0,46.0,5,354,2.7,109.0,39.0,0.4,15.9,0.0,937844,285,785046,577,2.7,2.2,10.96,2.04,13.0,31.81,0.41,0.08,0.49,1.2,491.0,101.0,33.0,373.9,78.0,60.0,735.0,14.0,7.0,159.5,32.0,24.0,,,3.0,34,,Kevin,Schade,Schade,,,2386,7,5,10,28,0,0,1,6,1,0,28,172,,,,0.0,0.38,1.06,1.06,6.49,37,50,85
121,a,100.0,100.0,5.6,129,80.0,0,0.0,-4,4.0,0.8,219,75.0,93,0,3.3,161.0,65.0,6,381,2.0,143.0,59.0,0.4,16.6,0.0,190573,36,219086,155,2.0,1.5,2.03,4.16,6.19,24.86,0.11,0.22,0.33,1.32,436.4,132.0,43.0,557.4,31.0,28.0,262.0,113.0,67.0,125.8,67.0,43.0,,3.0,,34,,Mikkel,Damsgaard,Damsgaard,,,1701,3,4,4,27,0,0,0,0,0,0,20,196,,,,0.0,0.21,1.43,1.06,10.37,50,35,111
122,i,0.0,0.0,5.2,215,132.0,0,0.0,-3,3.0,0.0,656,260.0,1,0,1.0,505.0,233.0,0,5,0.0,767.0,335.0,0.0,0.2,0.0,2102,1,7013,0,0.0,0.0,0.0,0.01,0.01,1.49,0.0,0.02,0.02,2.98,4.0,487.0,222.0,1.8,467.0,224.0,0.0,800.0,354.0,0.6,499.0,227.0,,,,34,,Antoni,Milambo,Milambo,Knee injury - Expected back 01 Jun,,45,0,0,0,3,0,0,0,0,0,0,1,4,,,,0.0,0.0,6.0,2.0,8.0,2,0,2
123,i,0.0,0.0,4.6,400,248.0,0,0.0,-4,4.0,0.1,471,163.0,13,0,2.2,314.0,135.0,1,42,0.0,681.0,272.0,0.0,2.8,0.0,27320,2,51665,3,0.0,0.0,0.7,0.03,0.73,2.08,0.63,0.03,0.66,1.87,39.0,429.0,187.0,6.5,443.0,214.0,36.0,357.0,184.0,8.1,430.0,193.0,,,4.0,34,,Fábio,Freitas Gouveia Carvalho,Carvalho,Knee injury - Expected back 01 Jun,,100,1,0,0,4,0,0,0,0,0,0,1,8,,,,0.0,0.0,3.6,0.9,7.2,3,0,5
124,d,50.0,0.0,5.0,243,147.0,0,0.0,0,0.0,0.3,323,111.0,75,0,2.6,254.0,103.0,5,332,0.0,735.0,309.0,0.0,15.0,0.0,100959,1,107176,33,0.0,0.0,0.33,2.25,2.58,25.95,0.02,0.11,0.13,1.29,328.0,202.0,84.0,336.0,99.0,72.0,45.0,340.0,177.0,70.9,206.0,101.0,,,,34,,Jordan,Henderson,Henderson,Knock - 50% chance of playing,,1814,1,3,6,26,0,0,0,4,0,0,21,178,,,,0.0,0.3,1.29,1.04,8.83,26,58,94
125,i,0.0,0.0,4.9,301,187.0,0,0.0,-1,1.0,0.1,466,160.0,70,0,3.2,172.0,67.0,6,300,0.0,710.0,291.0,0.0,14.3,0.0,67558,2,58146,29,0.0,0.0,0.82,1.88,2.7,20.22,0.06,0.14,0.2,1.45,329.0,201.0,83.0,313.6,113.0,80.0,91.0,279.0,150.0,72.5,197.0,97.0,2.0,,,34,,Vitaly,Janelt,Janelt,Foot injury - Unknown return date,,1253,1,4,5,16,0,0,0,7,0,0,13,164,,,,0.0,0.36,1.15,0.93,11.78,24,66,74
126,a,,,4.9,304,189.0,0,0.0,-1,1.0,0.1,487,171.0,77,0,2.5,265.0,108.0,0,379,1.7,159.0,68.0,0.3,15.7,0.0,21015,10,21449,20,1.7,1.2,2.07,4.76,6.83,26.93,0.1,0.23,0.33,1.33,334.6,197.0,80.0,516.3,40.0,36.0,180.0,176.0,97.0,103.1,107.0,62.0,1.0,2.0,5.0,34,,Mathias,Jensen,Jensen,,,1825,2,2,8,25,0,0,0,3,0,0,21,172,,,,0.0,0.39,1.23,1.04,8.48,32,48,92
127,u,0.0,0.0,4.9,341,212.0,0,0.0,-1,1.0,0.0,726,300.0,0,0,0.0,789.0,344.0,0,0,0.0,730.0,305.0,0.0,0.0,0.0,1544,0,2356,0,0.0,0.0,0.0,0.0,0.0,0.0,0.0,0.0,0.0,0.0,0.0,788.0,343.0,0.0,784.0,343.0,0.0,780.0,341.0,0.0,788.0,343.0,,,,34,,Gustavo,Nunes Fernandes Gomes,Nunes,has joined Swansea City on loan for the rest of the season.,,0,0,0,0,0,0,0,0,0,0,0,0,0,,,,0.0,0.0,0.0,0.0,0.0,0,0,0
128,u,0.0,0.0,4.8,362,224.0,0,0.0,-2,2.0,0.0,610,233.0,12,0,2.0,343.0,146.0,0,41,0.0,697.0,281.0,0.0,2.5,0.0,5396,0,8959,0,0.0,0.0,0.0,0.36,0.36,2.02,0.0,0.37,0.37,2.07,28.4,441.0,196.0,13.6,414.0,207.0,4.0,441.0,215.0,4.6,458.0,206.0,,,,34,,Frank,Onyeka,Onyeka,has joined Coventry City on loan for the rest of the season.,,88,0,2,0,2,0,0,0,0,0,0,0,10,,,,0.0,0.0,2.05,0.0,10.23,2,3,5
129,a,100.0,100.0,5.0,274,168.0,0,0.0,0,0.0,0.1,486,170.0,87,0,2.6,256.0,105.0,0,376,2.3,118.0,43.0,0.5,17.4,0.0,25565,7,23070,5,2.3,1.8,1.19,1.28,2.47,33.82,0.05,0.05,0.1,1.32,369.8,176.0,66.0,243.7,157.0,105.0,110.0,255.0,140.0,72.2,200.0,99.0,,,,34,,Yehor,Yarmoliuk,Yarmoliuk,,,2306,1,2,7,36,0,0,0,7,0,0,26,284,,,,0.0,0.27,1.41,1.01,11.08,58,65,161
130,a,,,4.4,571,344.0,0,0.0,-1,1.0,0.1,475,164.0,4,0,1.0,480.0,213.0,0,19,0.0,582.0,198.0,0.0,0.9,0.0,17062,5,20026,6,0.0,-0.5,0.09,0.01,0.1,0.39,0.21,0.02,0.23,0.92,8.4,474.0,212.0,11.5,423.0,211.0,21.0,389.0,195.0,4.2,459.0,207.0,,,,34,,Romelle,Donovan,Donovan,,,38,0,0,0,0,0,0,0,0,0,0,0,5,,,,0.0,0.0,0.0,0.0,11.84,0,0,5
131,u,0.0,0.0,4.3,622,370.0,0,0.0,-2,2.0,0.1,434,148.0,0,0,0.0,669.0,257.0,0,0,0.0,544.0,180.0,0.0,0.0,0.0,38108,0,45829,5,0.0,0.0,0.0,0.0,0.0,0.0,0.0,0.0,0.0,0.0,0.0,659.0,247.0,0.0,655.0,252.0,0.0,632.0,241.0,0.0,661.0,249.0,,,,34,,Yunus Emre,Konak,Konak,has joined Oxford United on loan for the rest of the season.,,0,0,0,0,0,0,0,0,0,0,0,0,0,,,,0.0,0.0,0.0,0.0,0.0,0,0,0
132,u,0.0,0.0,4.5,424,253.0,0,0.0,0,0.0,0.0,686,276.0,0,0,0.0,700.0,273.0,0,0,0.0,594.0,203.0,0.0,0.0,0.0,4038,0,5602,0,0.0,0.0,0.0,0.0,0.0,0.0,0.0,0.0,0.0,0.0,0.0,694.0,267.0,0.0,689.0,270.0,0.0,670.0,262.0,0.0,696.0,269.0,,,,34,,Paris,Maghoma,Maghoma,has joined Norwich City permanently.,,0,0,0,0,0,0,0,0,0,0,0,0,0,,,,0.0,0.0,0.0,0.0,0.0,0,0,0
133,u,0.0,0.0,4.4,545,327.0,0,0.0,-1,1.0,0.0,645,251.0,1,0,1.0,475.0,208.0,0,2,0.0,560.0,183.0,0.0,0.2,0.0,3881,0,6499,2,0.0,0.0,0.0,0.0,0.0,0.0,0.0,0.0,0.0,0.0,0.0,667.0,250.0,0.0,663.0,254.0,0.0,642.0,244.0,0.0,669.0,252.0,,,,34,,Myles,Peart-Harris,Peart-Harris,has joined Oxford United permanently.,,1,0,0,0,0,0,0,0,0,0,0,0,0,,,,0.0,0.0,0.0,0.0,0.0,0,0,0
134,u,0.0,0.0,4.5,492,303.0,0,0.0,0,0.0,0.0,794,349.0,0,0,0.0,745.0,312.0,0,0,0.0,653.0,250.0,0.0,0.0,0.0,0,0,953,0,0.0,0.0,0.0,0.0,0.0,0.0,0.0,0.0,0.0,0.0,0.0,743.0,310.0,0.0,736.0,310.0,0.0,723.0,306.0,0.0,743.0,310.0,,,,34,,Ryan,Trevitt,Trevitt,Has joined Wigan on loan for the rest of the season,,0,0,0,0,0,0,0,0,0,0,0,0,0,,,,0.0,0.0,0.0,0.0,0.0,0,0,0
136,a,100.0,100.0,7.4,25,9.0,0,0.0,14,-14.0,35.4,6,3.0,168,0,5.1,14.0,3.0,22,675,5.0,35.0,7.0,0.7,22.7,0.0,9700002,4238,5421067,4031,5.0,4.5,19.13,1.73,20.86,43.24,0.61,0.05,0.66,1.37,934.4,6.0,2.0,328.2,103.0,4.0,1056.0,2.0,2.0,231.6,4.0,2.0,,,2.0,34,,Igor Thiago,Nascimento Rodrigues,Thiago,,,2832,21,1,9,42,0,0,1,6,0,0,32,188,,,,0.0,0.29,1.33,1.02,5.97,31,70,87
137,u,0.0,0.0,4.4,557,77.0,0,0.0,-1,1.0,0.3,330,53.0,0,0,0.0,682.0,70.0,0,0,0.0,570.0,59.0,0.0,0.0,0.0,52422,0,82415,7,0.0,0.0,0.0,0.0,0.0,0.0,0.0,0.0,0.0,0.0,0.0,675.0,70.0,0.0,670.0,69.0,0.0,651.0,69.0,0.0,677.0,70.0,,,,34,,Iwan,Morgan,Morgan,has joined Shrewsbury on loan for the rest of the season.,,0,0,0,0,0,0,0,0,0,0,0,0,0,,,,0.0,0.0,0.0,0.0,0.0,0,0,0
748,d,25.0,25.0,4.9,297,184.0,0,0.0,-1,1.0,0.0,814,360.0,0,0,0.0,777.0,335.0,0,0,0.0,708.0,290.0,0.0,0.0,0.0,219,0,248,0,0.0,-0.1,0.0,0.0,0.0,0.0,0.0,0.0,0.0,0.0,0.0,776.0,334.0,0.0,772.0,334.0,0.0,768.0,332.0,0.0,776.0,334.0,,,,34,,Josh,Dasilva,Dasilva,Lack of match fitness - 25% chance of playing,,0,0,0,0,0,0,0,0,0,0,0,0,0,,,,0.0,0.0,0.0,0.0,0.0,0,0,0
797,i,0.0,0.0,4.5,493,69.0,0,0.0,0,0.0,0.0,706,89.0,0,0,0.0,746.0,79.0,0,0,0.0,654.0,68.0,0.0,0.0,0.0,2238,7,1572,3,0.0,0.0,0.0,0.0,0.0,0.0,0.0,0.0,0.0,0.0,0.0,744.0,79.0,0.0,737.0,78.0,0.0,724.0,78.0,0.0,744.0,79.0,,,,34,,Kaye,Furo,Furo,Knock - Unknown return date,,0,0,0,0,0,0,0,0,0,0,0,0,0,,,,0.0,0.0,0.0,0.0,0.0,0,0,0
810,a,,,4.5,471,286.0,0,0.0,0,0.0,0.0,795,350.0,0,0,0.0,729.0,299.0,0,0,0.0,632.0,233.0,0.0,0.0,0.0,443,1,229,0,0.0,-0.5,0.0,0.0,0.0,0.0,0.0,0.0,0.0,0.0,0.0,726.0,296.0,0.0,720.0,297.0,0.0,705.0,291.0,0.0,727.0,297.0,,,,34,,Luka,Bentt,Bentt,,,0,0,0,0,0,0,0,0,0,0,0,0,0,,,,0.0,0.0,0.0,0.0,0.0,0,0,0
819,a,,,4.0,699,178.0,0,0.0,0,0.0,0.0,761,258.0,0,0,0.0,607.0,223.0,0,0,0.0,446.0,169.0,0.0,0.0,0.0,395,1,168,0,0.0,-0.5,0.0,0.0,0.0,0.0,0.0,0.0,0.0,0.0,0.0,596.0,222.0,0.0,588.0,222.0,0.0,557.0,218.0,0.0,598.0,222.0,,,,34,,Ollie,Shield,Shield,,,0,0,0,0,0,0,0,0,0,0,0,0,0,,,,0.0,0.0,0.0,0.0,0.0,0,0,0
823,a,,,4.0,743,212.0,0,0.0,0,0.0,0.0,807,266.0,0,0,0.0,640.0,248.0,0,0,0.0,487.0,201.0,0.0,0.0,0.0,82,0,34,2,0.0,-0.5,0.0,0.0,0.0,0.0,0.0,0.0,0.0,0.0,0.0,630.0,248.0,0.0,623.0,248.0,0.0,594.0,246.0,0.0,632.0,248.0,,,,34,,Joshua,Stephenson,Stephenson,,,0,0,0,0,0,0,0,0,0,0,0,0,0,,,,0.0,0.0,0.0,0.0,0.0,0,0,0
824,a,,,4.0,726,196.0,0,0.0,0,0.0,0.0,802,265.0,0,0,0.0,627.0,236.0,0,0,0.0,471.0,186.0,0.0,0.0,0.0,118,0,43,0,0.0,-0.5,0.0,0.0,0.0,0.0,0.0,0.0,0.0,0.0,0.0,617.0,236.0,0.0,610.0,236.0,0.0,580.0,233.0,0.0,619.0,236.0,,,,34,,Conor,McManus,McManus,,,0,0,0,0,0,0,0,0,0,0,0,0,0,,,,0.0,0.0,0.0,0.0,0.0,0,0,0
826,a,,,4.5,464,281.0,0,0.0,0,0.0,0.0,826,370.0,0,0,0.0,725.0,296.0,0,0,0.0,626.0,228.0,0.0,0.0,0.0,67,1,14,1,0.0,-0.5,0.0,0.0,0.0,0.0,0.0,0.0,0.0,0.0,0.0,720.0,291.0,0.0,715.0,293.0,0.0,699.0,286.0,0.0,721.0,292.0,,,,34,,Riley,Owen,Owen,,,0,0,0,0,0,0,0,0,0,0,0,0,0,,,,0.0,0.0,0.0,0.0,0.0,0,0,0
138,a,,,4.2,626,28.0,0,0.0,-3,3.0,0.2,359,51.0,0,0,0.0,644.0,89.0,0,0,0.0,496.0,79.0,0.0,0.0,0.0,11725,7,41118,6,0.0,0.0,0.0,0.0,0.0,0.0,0.0,0.0,0.0,0.0,0.0,634.0,89.0,0.0,628.0,79.0,0.0,599.0,65.0,0.0,636.0,89.0,,,,34,,Jason,Steele,Steele,,,0,0,0,0,0,0,0,0,0,0,0,0,0,,,,0.0,0.0,0.0,0.0,0.0,0,0,0
139,a,,,4.5,446,24.0,0,0.0,0,0.0,8.8,44,7.0,118,0,3.5,120.0,16.0,6,575,5.7,17.0,1.0,1.3,26.2,0.0,1266868,2306,995579,687,5.7,0.0,0.0,0.06,0.06,43.36,0.0,0.0,0.0,1.28,849.0,8.0,2.0,10.0,432.0,11.0,0.0,686.0,79.0,86.0,152.0,2.0,,,,34,,Bart,Verbruggen,Verbruggen,,,3060,0,0,9,39,1,1,0,3,0,95,34,102,,,,2.79,0.26,1.15,1.0,0.0,1,29,300
140,a,,,3.9,758,78.0,0,0.0,-1,1.0,0.3,327,45.0,0,0,0.0,554.0,49.0,0,0,0.0,386.0,36.0,0.0,0.0,0.0,18607,2,29865,3,0.0,0.0,0.0,0.0,0.0,0.0,0.0,0.0,0.0,0.0,0.0,543.0,49.0,0.0,531.0,33.0,0.0,499.0,19.0,0.0,545.0,49.0,,,,34,,Tom,McGill,McGill,,,0,0,0,0,0,0,0,0,0,0,0,0,0,,,,0.0,0.0,0.0,0.0,0.0,0,0,0
141,u,0.0,0.0,4.0,692,54.0,0,0.0,0,0.0,0.0,811,94.0,0,0,0.0,600.0,76.0,0,0,0.0,439.0,65.0,0.0,0.0,0.0,0,0,247,0,0.0,0.0,0.0,0.0,0.0,0.0,0.0,0.0,0.0,0.0,0.0,589.0,76.0,0.0,581.0,64.0,0.0,550.0,50.0,0.0,591.0,76.0,,,,34,,Carl,Rushworth,Rushworth,Has joined Coventry City on loan for the rest of the season.,,0,0,0,0,0,0,0,0,0,0,0,0,0,,,,0.0,0.0,0.0,0.0,0.0,0,0,0
142,u,0.0,0.0,4.0,680,47.0,0,0.0,0,0.0,0.0,813,95.0,0,0,0.0,590.0,69.0,0,0,0.0,427.0,58.0,0.0,0.0,0.0,0,0,208,0,0.0,0.0,0.0,0.0,0.0,0.0,0.0,0.0,0.0,0.0,0.0,579.0,69.0,0.0,571.0,57.0,0.0,540.0,43.0,0.0,581.0,69.0,,,,34,,Kjell,Scherpen,Scherpen,Has joined Union SG permanently,,0,0,0,0,0,0,0,0,0,0,0,0,0,,,,0.0,0.0,0.0,0.0,0.0,0,0,0
143,a,,,4.2,633,143.0,0,0.0,-3,3.0,0.1,436,163.0,38,0,3.5,115.0,40.0,4,163,5.7,16.0,8.0,1.4,9.0,0.0,17238,79,17134,25,5.7,0.0,0.05,0.4,0.45,7.71,0.01,0.05,0.06,0.98,191.2,295.0,114.0,64.9,334.0,112.0,12.0,408.0,152.0,26.9,362.0,124.0,3.0,,,34,,Olivier,Boscagli,Boscagli,,,709,0,1,3,7,0,0,0,2,0,0,8,73,,,,0.0,0.38,0.89,1.02,9.27,14,59,49
144,u,0.0,0.0,4.2,647,151.0,0,0.0,-3,3.0,0.0,605,215.0,10,0,2.0,340.0,125.0,0,32,0.0,508.0,213.0,0.0,2.4,0.0,2735,0,8415,1,0.0,0.0,0.0,0.01,0.01,4.52,0.0,0.0,0.0,2.11,42.4,425.0,159.0,3.7,454.0,163.0,2.0,445.0,168.0,4.8,456.0,164.0,,,,34,,Diego,Coppola,Coppola,has joined Paris FC on loan for the rest of the season.,,193,0,0,1,3,0,0,0,2,0,0,2,19,,,,0.0,0.47,1.4,0.93,8.39,2,16,6
145,a,100.0,100.0,4.3,590,134.0,0,0.0,-2,2.0,1.5,160,63.0,66,0,2.5,263.0,103.0,6,245,1.7,153.0,55.0,0.4,15.3,0.0,258558,21,741693,66,1.7,0.0,1.55,2.25,3.8,21.07,0.12,0.17,0.29,1.62,242.4,258.0,104.0,331.0,101.0,25.0,132.0,228.0,59.0,70.6,207.0,71.0,,1.0,,34,,Maxim,De Cuyper,De Cuyper,,,1173,2,1,4,19,0,0,0,2,0,0,14,78,,,,0.0,0.31,1.46,1.07,4.14,19,35,59
146,a,100.0,100.0,4.5,411,75.0,0,0.0,0,0.0,0.9,208,82.0,82,0,2.8,218.0,85.0,3,389,0.0,587.0,236.0,0.0,18.2,0.0,166774,48,224806,18,0.0,0.0,1.3,0.51,1.81,38.31,0.05,0.02,0.07,1.34,573.4,64.0,30.0,108.6,272.0,78.0,154.0,205.0,53.0,83.8,156.0,53.0,,3.0,,34,,Lewis,Dunk,Dunk,,,2565,0,1,6,35,0,0,0,10,0,0,28,259,,,,0.0,0.21,1.23,0.98,7.61,33,184,120
147,u,0.0,0.0,4.5,421,82.0,0,0.0,0,0.0,0.0,751,257.0,0,0,0.0,698.0,257.0,0,0,0.0,592.0,238.0,0.0,0.0,0.0,0,0,1990,1,0.0,0.0,0.0,0.0,0.0,0.0,0.0,0.0,0.0,0.0,0.0,692.0,257.0,0.0,687.0,257.0,0.0,668.0,256.0,0.0,694.0,257.0,,,,34,,Pervis,Estupiñán Tenorio,Estupiñan,Has joined AC Milan permanently,,0,0,0,0,0,0,0,0,0,0,0,0,0,,,,0.0,0.0,0.0,0.0,0.0,0,0,0
148,a,,,4.4,535,109.0,0,0.0,-1,1.0,0.7,237,89.0,108,0,3.3,148.0,56.0,7,481,7.3,8.0,4.0,1.7,24.5,0.0,151820,1623,96831,108,7.3,0.0,2.0,2.53,4.53,38.91,0.06,0.08,0.14,1.26,471.2,117.0,52.0,365.2,82.0,18.0,249.0,121.0,21.0,108.8,96.0,25.0,,,,34,,Ferdi,Kadıoğlu,F.Kadıoğlu,,,2770,1,2,9,34,0,0,0,6,0,0,30,190,,,,0.0,0.29,1.1,0.97,5.2,55,105,118
149,a,100.0,100.0,4.5,425,85.0,0,0.0,0,0.0,0.1,514,185.0,6,0,1.5,409.0,151.0,0,10,0.0,595.0,240.0,0.0,1.3,0.0,11059,5,11388,8,0.0,0.0,0.0,0.0,0.0,4.66,0.0,0.0,0.0,4.07,25.8,447.0,163.0,10.6,425.0,153.0,0.0,671.0,258.0,3.6,463.0,166.0,,,,34,,Igor Julio,dos Santos de Paulo,Igor,,,103,0,0,0,3,0,0,0,0,0,0,1,13,,,,0.0,0.0,2.62,0.87,11.36,0,13,3
150,u,0.0,0.0,4.4,537,111.0,0,0.0,-1,1.0,0.1,522,187.0,0,0,0.0,673.0,256.0,0,0,0.0,555.0,231.0,0.0,0.0,0.0,2778,0,38678,0,0.0,0.0,0.0,0.0,0.0,0.0,0.0,0.0,0.0,0.0,0.0,664.0,256.0,0.0,660.0,256.0,0.0,639.0,255.0,0.0,666.0,256.0,,,,34,,Tariq,Lamptey,Lamptey,has joined Fiorentina permanently.,,0,0,0,0,0,0,0,0,0,0,0,0,0,,,,0.0,0.0,0.0,0.0,0.0,0,0,0
151,a,100.0,100.0,4.6,403,71.0,0,0.0,1,-1.0,9.6,37,12.0,137,0,4.3,41.0,15.0,8,533,5.7,18.0,9.0,1.2,29.8,0.0,1967785,4118,881359,623,5.7,0.0,2.37,1.35,3.71,40.57,0.07,0.04,0.11,1.28,909.4,7.0,3.0,220.0,168.0,42.0,276.0,104.0,12.0,140.9,50.0,7.0,,,,34,,Jan Paul,van Hecke,Van Hecke,,,2850,3,3,9,37,1,0,0,8,0,0,32,312,,,,0.0,0.28,1.17,1.01,8.91,49,233,99
152,a,100.0,100.0,4.3,575,122.0,0,0.0,-2,2.0,0.1,440,164.0,38,0,1.8,368.0,137.0,1,146,0.7,241.0,79.0,0.2,8.8,0.0,23584,2,38315,6,0.7,0.0,0.99,0.12,1.11,15.18,0.1,0.01,0.11,1.54,234.6,261.0,106.0,72.6,316.0,105.0,63.0,319.0,99.0,37.1,324.0,109.0,,,,34,,Joël,Veltman,Veltman,,,889,1,0,1,12,0,0,0,4,0,0,8,106,,,,0.0,0.1,1.21,0.81,9.52,29,65,36
153,i,0.0,0.0,4.4,528,104.0,0,0.0,-1,1.0,0.0,764,259.0,0,0,0.0,671.0,255.0,0,0,0.0,550.0,228.0,0.0,0.0,0.0,1049,0,1810,0,0.0,0.0,0.0,0.0,0.0,0.0,0.0,0.0,0.0,0.0,0.0,662.0,255.0,0.0,657.0,255.0,0.0,636.0,254.0,0.0,664.0,255.0,,,,34,,Adam,Webster,Webster,Knee injury - Unknown return date,,0,0,0,0,0,0,0,0,0,0,0,0,0,,,,0.0,0.0,0.0,0.0,0.0,0,0,0
154,u,0.0,0.0,4.0,683,170.0,0,0.0,0,0.0,0.0,785,262.0,0,0,0.0,593.0,217.0,0,0,0.0,430.0,161.0,0.0,0.0,0.0,0,0,788,0,0.0,0.0,0.0,0.0,0.0,0.0,0.0,0.0,0.0,0.0,0.0,582.0,216.0,0.0,574.0,216.0,0.0,543.0,212.0,0.0,584.0,216.0,,,,34,,Eiran,Cashin,Cashin,has joined Blackburn Rovers on loan for the rest of the season.,,0,0,0,0,0,0,0,0,0,0,0,0,0,,,,0.0,0.0,0.0,0.0,0.0,0,0,0
155,u,0.0,0.0,4.0,728,197.0,0,0.0,0,0.0,0.1,508,180.0,0,0,0.0,629.0,237.0,0,0,0.0,473.0,187.0,0.0,0.0,0.0,3175,0,16752,0,0.0,0.0,0.0,0.0,0.0,0.0,0.0,0.0,0.0,0.0,0.0,619.0,237.0,0.0,612.0,237.0,0.0,582.0,234.0,0.0,621.0,237.0,,,,34,,Jacob,Slater,Slater,has joined Harrogate Town on loan until January.,,0,0,0,0,0,0,0,0,0,0,0,0,0,,,,0.0,0.0,0.0,0.0,0.0,0,0,0
156,a,,,3.8,813,253.0,0,0.0,-2,2.0,0.2,414,153.0,0,0,0.0,542.0,197.0,0,0,0.0,370.0,135.0,0.0,0.0,0.0,12957,1,18455,4,0.0,0.0,0.0,0.0,0.0,0.0,0.0,0.0,0.0,0.0,0.0,531.0,196.0,0.0,515.0,196.0,0.0,482.0,190.0,0.0,533.0,196.0,,,,34,,Charlie,Tasker,Tasker,,,0,0,0,0,0,0,0,0,0,0,0,0,0,,,,0.0,0.0,0.0,0.0,0.0,0,0,0
157,a,100.0,100.0,6.1,83,54.0,0,0.0,-4,4.0,2.1,134,44.0,61,0,2.7,244.0,98.0,2,233,3.3,80.0,27.0,0.5,10.0,0.0,358222,547,898163,134,3.3,0.0,3.64,2.65,6.29,20.28,0.21,0.15,0.36,1.16,285.0,228.0,97.0,402.7,71.0,56.0,397.0,63.0,37.0,108.1,97.0,55.0,,,,34,,Mitoma,Kaoru,Mitoma,,,1567,3,1,5,17,0,0,0,3,0,0,17,100,,,,0.0,0.29,0.98,0.98,5.74,17,27,56
158,a,100.0,100.0,5.6,130,81.0,0,0.0,-4,4.0,0.3,317,109.0,83,0,3.0,201.0,80.0,2,275,4.3,49.0,17.0,0.8,14.8,0.0,135827,133,259218,29,4.3,0.0,2.48,2.32,4.8,20.2,0.13,0.12,0.25,1.06,323.4,204.0,86.0,319.7,107.0,75.0,409.0,58.0,34.0,105.1,103.0,59.0,,,,34,,Georginio,Rutter,Georginio,,,1711,3,5,7,18,1,0,0,2,0,0,20,126,,,,0.0,0.37,0.95,1.05,6.63,30,37,59
159,d,75.0,75.0,5.8,102,67.0,0,0.0,-2,2.0,0.0,700,284.0,1,0,1.0,509.0,237.0,0,4,0.0,803.0,355.0,0.0,0.2,0.0,2943,0,3667,5,0.0,0.0,0.0,0.0,0.0,0.25,0.0,0.0,0.0,5.62,0.0,818.0,365.0,0.0,818.0,365.0,0.0,817.0,365.0,0.0,818.0,365.0,,,,34,,Solly,March,March,Muscle injury - 75% chance of playing,,4,0,0,0,0,0,0,0,0,0,0,0,0,,,,0.0,0.0,0.0,0.0,0.0,0,0,0
160,a,100.0,100.0,5.5,150,95.0,0,0.0,-5,5.0,2.4,126,41.0,102,0,3.4,145.0,62.0,8,405,2.3,123.0,46.0,0.4,18.5,0.0,2082729,223,1957336,511,2.3,0.0,3.27,4.49,7.76,29.65,0.14,0.19,0.33,1.29,420.8,138.0,46.0,599.0,27.0,26.0,563.0,30.0,14.0,158.6,33.0,25.0,5.0,,,34,,Yankuba,Minteh,Minteh,,,2074,2,8,9,29,0,0,0,3,0,0,23,169,,,,0.0,0.39,1.26,1.0,7.33,50,29,90
161,u,0.0,0.0,5.4,170,106.0,0,0.0,-1,1.0,0.0,753,320.0,0,0,0.0,813.0,361.0,0,0,0.0,787.0,345.0,0.0,0.0,0.0,105,0,2965,0,0.0,0.0,0.0,0.0,0.0,0.0,0.0,0.0,0.0,0.0,0.0,812.0,360.0,0.0,811.0,360.0,0.0,809.0,359.0,0.0,812.0,360.0,,,,34,,Julio,Enciso Espínola,Enciso,has joined Strasbourg permanently.,,0,0,0,0,0,0,0,0,0,0,0,0,0,,,,0.0,0.0,0.0,0.0,0.0,0,0,0
162,u,0.0,0.0,5.4,176,111.0,0,0.0,-1,1.0,0.0,601,227.0,35,0,1.9,362.0,157.0,2,114,0.0,789.0,347.0,0.0,6.5,0.0,16799,0,19864,2,0.0,0.0,1.86,0.88,2.74,13.82,0.24,0.11,0.35,1.76,134.4,340.0,153.0,217.1,172.0,117.0,152.0,208.0,112.0,50.0,281.0,143.0,,,,34,,Brajan,Gruda,Gruda,has joined Leipzig on loan for the rest of the season.,,708,1,1,2,11,0,0,0,2,0,0,8,58,,,,0.0,0.25,1.4,1.02,7.37,14,4,40
163,a,100.0,100.0,5.1,241,145.0,0,0.0,-4,4.0,0.4,282,98.0,71,0,3.1,194.0,75.0,2,243,4.3,46.0,15.0,0.8,13.9,0.0,80092,144,38669,50,4.3,0.0,3.74,1.93,5.67,23.41,0.24,0.12,0.36,1.5,228.2,265.0,110.0,187.5,192.0,126.0,292.0,99.0,60.0,70.2,209.0,102.0,,,,34,,Jack,Hinshelwood,Hinshelwood,,,1408,2,5,5,18,1,0,0,0,0,0,16,101,,,,0.0,0.32,1.15,1.02,6.46,16,31,54
164,a,100.0,100.0,5.5,140,87.0,0,0.0,0,0.0,0.3,302,105.0,16,0,2.7,241.0,95.0,2,48,0.7,269.0,127.0,0.1,2.9,0.0,132899,6,200377,9,0.7,0.0,1.21,0.18,1.39,2.53,0.54,0.08,0.62,1.13,65.4,408.0,178.0,67.7,325.0,177.0,63.0,320.0,168.0,19.6,390.0,180.0,,,3.0,34,,Matt,O'Riley,O'Riley,,,202,1,0,1,3,0,0,0,0,0,0,2,10,,,,0.0,0.45,1.34,0.89,4.46,5,3,2
165,u,0.0,0.0,5.4,177,112.0,0,0.0,-1,1.0,0.0,740,311.0,0,0,0.0,814.0,362.0,0,0,0.0,790.0,348.0,0.0,0.0,0.0,247,0,2253,0,0.0,0.0,0.0,0.0,0.0,0.0,0.0,0.0,0.0,0.0,0.0,813.0,361.0,0.0,812.0,361.0,0.0,810.0,360.0,0.0,813.0,361.0,,,,34,,Abdallah,Sima,Sima,has joined Lens permanently.,,0,0,0,0,0,0,0,0,0,0,0,0,0,,,,0.0,0.0,0.0,0.0,0.0,0,0,0
166,a,100.0,100.0,4.8,371,231.0,0,0.0,-2,2.0,0.4,288,99.0,96,0,3.6,107.0,47.0,7,401,3.7,66.0,21.0,0.8,20.0,0.0,212846,56,193567,70,3.7,0.0,2.7,1.15,3.85,26.67,0.13,0.05,0.18,1.26,358.0,182.0,70.0,251.0,152.0,102.0,229.0,130.0,76.0,84.1,155.0,80.0,,2.0,,34,,Yasin,Ayari,Ayari,,,1899,3,4,6,23,0,0,0,1,0,0,20,223,,,,0.0,0.28,1.09,0.95,10.57,47,53,123
167,a,100.0,100.0,4.5,460,277.0,0,0.0,-5,5.0,1.4,166,59.0,45,0,1.7,392.0,167.0,0,175,1.3,173.0,76.0,0.3,10.0,0.0,210437,154,565711,72,1.3,0.0,0.56,0.61,1.17,17.43,0.04,0.04,0.08,1.14,116.6,360.0,160.0,105.8,277.0,168.0,31.0,367.0,188.0,25.4,370.0,175.0,,,,34,,Carlos,Baleba,Baleba,,,1380,0,0,5,17,0,0,0,5,0,0,20,164,,,,0.0,0.33,1.11,1.3,10.7,29,54,81
169,d,50.0,50.0,4.9,334,205.0,0,0.0,-1,1.0,0.8,217,74.0,95,0,3.2,175.0,69.0,9,360,2.0,135.0,51.0,0.4,19.4,0.0,223393,1,137306,823,1.0,0.0,5.31,1.7,7.01,27.68,0.23,0.08,0.31,1.22,437.2,131.0,42.0,317.0,111.0,78.0,394.0,65.0,39.0,115.0,83.0,50.0,,5.0,,34,,Diego,Gómez Amarilla,Gomez,Knee injury - 50% chance of playing,,2034,5,1,8,25,0,0,0,9,0,0,25,226,,,,0.0,0.35,1.11,1.11,10.0,76,46,104
170,d,25.0,25.0,4.9,284,176.0,0,0.0,-1,1.0,0.1,470,162.0,34,0,1.8,376.0,160.0,0,153,0.0,701.0,284.0,0.0,6.9,0.0,19514,0,24714,7,0.0,0.0,1.03,0.65,1.68,11.32,0.13,0.08,0.21,1.43,137.6,339.0,152.0,149.5,227.0,145.0,59.0,326.0,170.0,34.4,338.0,165.0,,,1.0,34,,James,Milner,Milner,Knock - 25% chance of playing,,714,1,1,2,14,0,0,0,2,0,0,6,76,,,,0.0,0.25,1.76,0.76,9.58,14,24,38
171,u,0.0,0.0,4.9,325,201.0,0,0.0,-1,1.0,0.0,716,294.0,0,0,0.0,785.0,342.0,0,0,0.0,722.0,300.0,0.0,0.0,0.0,197,0,2982,0,0.0,0.0,0.0,0.0,0.0,0.0,0.0,0.0,0.0,0.0,0.0,784.0,341.0,0.0,780.0,341.0,0.0,776.0,339.0,0.0,784.0,341.0,,,,34,,Jeremy,Sarmiento Morante,Sarmiento,has joined Middlesbrough on loan for the rest of the season.,,0,0,0,0,0,0,0,0,0,0,0,0,0,,,,0.0,0.0,0.0,0.0,0.0,0,0,0
172,u,0.0,0.0,4.8,373,233.0,0,0.0,-2,2.0,0.0,654,258.0,5,0,0.8,520.0,241.0,0,15,0.0,700.0,283.0,0.0,1.0,0.0,2397,0,4296,0,0.0,0.0,0.04,0.03,0.07,1.72,0.06,0.05,0.11,2.72,6.0,481.0,217.0,2.4,463.0,221.0,7.0,431.0,207.0,1.6,479.0,217.0,,,,34,,Tom,Watson,Watson,has joined Millwall on loan for the rest of the season.,,57,0,0,0,2,0,0,0,1,0,0,0,5,,,,0.0,0.0,3.16,0.0,7.89,1,0,4
173,a,100.0,100.0,4.9,329,204.0,0,0.0,-1,1.0,0.6,253,89.0,91,0,3.8,84.0,37.0,6,383,6.7,12.0,5.0,1.4,18.6,0.0,171305,234,110648,373,6.7,0.0,1.92,1.84,3.76,21.88,0.1,0.09,0.19,1.1,466.4,121.0,39.0,284.0,130.0,87.0,209.0,151.0,85.0,96.0,125.0,71.0,,,,34,,Mats,Wieffer,Wieffer,,,1794,2,4,6,22,0,0,0,8,0,0,21,262,,,,0.0,0.3,1.1,1.05,13.14,64,100,98
174,u,0.0,0.0,5.0,281,174.0,0,0.0,0,0.0,0.0,783,340.0,0,0,0.0,804.0,356.0,0,0,0.0,755.0,325.0,0.0,0.0,0.0,0,0,1267,0,0.0,0.0,0.0,0.0,0.0,0.0,0.0,0.0,0.0,0.0,0.0,803.0,355.0,0.0,801.0,355.0,0.0,796.0,353.0,0.0,803.0,355.0,,,,34,,Malick,Yalcouyé,Yalcouye,Has joined Swansea City on loan for the rest of the season.,,0,0,0,0,0,0,0,0,0,0,0,0,0,,,,0.0,0.0,0.0,0.0,0.0,0,0,0
175,u,0.0,0.0,4.4,563,339.0,0,0.0,-1,1.0,0.1,546,202.0,1,0,1.0,478.0,211.0,0,3,0.0,575.0,194.0,0.0,0.2,0.0,11030,0,15378,1,0.0,0.0,0.0,0.0,0.0,0.0,0.0,0.0,0.0,0.0,0.0,680.0,260.0,0.0,675.0,263.0,0.0,656.0,255.0,0.0,682.0,262.0,,,,34,,Joe,Knight,Knight,has joined Stevenage permanently.,,1,0,0,0,0,0,0,0,0,0,0,0,0,,,,0.0,0.0,0.0,0.0,0.0,0,0,0
176,u,0.0,0.0,4.5,465,282.0,0,0.0,0,0.0,0.0,697,281.0,0,0,0.0,726.0,297.0,0,0,0.0,627.0,229.0,0.0,0.0,0.0,1435,0,4617,0,0.0,0.0,0.0,0.0,0.0,0.0,0.0,0.0,0.0,0.0,0.0,721.0,292.0,0.0,716.0,294.0,0.0,700.0,287.0,0.0,722.0,293.0,,,,34,,Adrian,Mazilu,Mazilu,has joined Dinamo Bucharest permanently.,,0,0,0,0,0,0,0,0,0,0,0,0,0,,,,0.0,0.0,0.0,0.0,0.0,0,0,0
177,u,0.0,0.0,4.5,454,271.0,0,0.0,0,0.0,0.0,711,290.0,0,0,0.0,717.0,288.0,0,0,0.0,618.0,220.0,0.0,0.0,0.0,490,0,5119,0,0.0,0.0,0.0,0.0,0.0,0.0,0.0,0.0,0.0,0.0,0.0,712.0,283.0,0.0,707.0,285.0,0.0,691.0,278.0,0.0,713.0,284.0,,,,34,,Andrew,Moran,Moran,Has joined Los Angeles FC on loan for the rest of the season.,,0,0,0,0,0,0,0,0,0,0,0,0,0,,,,0.0,0.0,0.0,0.0,0.0,0,0,0
178,a,100.0,100.0,6.3,62,21.0,0,0.0,-2,2.0,7.7,54,9.0,116,0,3.5,127.0,9.0,18,473,3.3,82.0,14.0,0.5,18.4,0.0,2871543,2417,2479919,1682,3.3,0.0,11.79,1.32,13.11,27.46,0.54,0.06,0.6,1.25,546.4,79.0,5.0,286.2,127.0,8.0,703.0,19.0,11.0,152.9,38.0,8.0,,4.0,2.0,34,,Danny,Welbeck,Welbeck,,,1972,13,0,8,23,0,0,2,5,0,0,22,97,,,,0.0,0.37,1.05,1.0,4.43,20,35,42
179,u,0.0,0.0,5.5,148,36.0,0,0.0,0,0.0,0.0,759,92.0,0,0,0.0,818.0,89.0,0,0,0.0,797.0,85.0,0.0,0.0,0.0,0,0,1562,0,0.0,0.0,0.0,0.0,0.0,0.0,0.0,0.0,0.0,0.0,0.0,817.0,89.0,0.0,816.0,89.0,0.0,814.0,89.0,0.0,817.0,89.0,,,,34,,Evan,Ferguson,Ferguson,Has joined AS Roma on loan for the rest of the season,,0,0,0,0,0,0,0,0,0,0,0,0,0,,,,0.0,0.0,0.0,0.0,0.0,0,0,0
180,i,0.0,0.0,5.2,219,51.0,0,0.0,-3,3.0,0.1,538,75.0,16,0,1.8,383.0,45.0,0,55,0.0,770.0,82.0,0.0,3.1,0.0,13476,3,23492,1,0.0,0.0,0.44,0.11,0.55,2.59,0.3,0.08,0.38,1.77,66.6,407.0,48.0,65.7,332.0,41.0,44.0,344.0,54.0,17.7,394.0,50.0,,,,34,,Stefanos,Tzimas,Tzimas,Knee injury - Expected back 01 Jun,,132,1,1,0,2,0,0,0,0,0,0,1,15,,,,0.0,0.0,1.36,0.68,10.23,3,2,10
181,a,,,4.8,375,64.0,0,0.0,-2,2.0,0.3,308,48.0,31,0,1.8,375.0,42.0,3,123,0.3,316.0,43.0,0.1,6.5,0.0,57057,13,79368,12,0.3,0.0,1.8,0.28,2.08,4.66,0.54,0.08,0.62,1.4,130.0,345.0,34.0,91.8,295.0,32.0,198.0,159.0,37.0,41.9,307.0,34.0,,,,34,,Charalampos,Kostoulas,Kostoulas,,,300,2,1,1,7,0,0,0,2,0,0,2,38,,,,0.0,0.3,2.1,0.6,11.4,11,5,22
744,a,,,4.5,470,285.0,0,0.0,0,0.0,0.0,719,297.0,1,0,1.0,484.0,216.0,0,3,0.0,631.0,232.0,0.0,0.2,0.0,3065,2,2312,3,0.0,0.0,0.0,0.0,0.0,0.0,0.0,0.0,0.0,0.0,0.0,725.0,295.0,0.0,719.0,296.0,0.0,704.0,290.0,0.0,726.0,296.0,,,,34,,Nehemiah,Oriola,Oriola,,,1,0,0,0,0,0,0,0,0,0,0,0,0,,,,0.0,0.0,0.0,0.0,0.0,0,0,0
761,a,,,4.0,733,202.0,0,0.0,0,0.0,0.0,693,246.0,0,0,0.0,633.0,241.0,0,0,0.0,478.0,192.0,0.0,0.0,0.0,1276,1,1004,1,0.0,0.0,0.0,0.0,0.0,0.0,0.0,0.0,0.0,0.0,0.0,623.0,241.0,0.0,616.0,241.0,0.0,586.0,238.0,0.0,625.0,241.0,,,,34,,Freddie,Simmonds,Simmonds,,,0,0,0,0,0,0,0,0,0,0,0,0,0,,,,0.0,0.0,0.0,0.0,0.0,0,0,0
783,a,,,5.5,133,82.0,0,0.0,0,0.0,1.9,144,47.0,65,0,4.3,43.0,19.0,9,317,7.3,9.0,4.0,1.3,11.8,0.0,321696,2233,80860,209,7.3,0.0,0.84,3.1,3.94,14.66,0.06,0.22,0.28,1.03,335.0,196.0,79.0,554.2,33.0,30.0,121.0,246.0,134.0,101.0,110.0,64.0,1.0,,,34,,Pascal,Groß,Groß,,,1276,1,5,5,10,0,0,0,2,0,0,14,120,,,,0.0,0.35,0.71,0.99,8.46,24,36,60
795,a,,,4.5,495,305.0,0,0.0,0,0.0,0.0,770,329.0,4,0,1.3,433.0,191.0,0,11,0.0,656.0,252.0,0.0,0.9,0.0,924,1,482,1,0.0,0.0,0.0,0.03,0.03,1.04,0.0,0.03,0.03,1.02,10.2,468.0,207.0,5.1,449.0,216.0,2.0,453.0,223.0,1.8,476.0,215.0,,,,34,,Harry,Howell,Howell,,,92,0,0,0,2,0,0,0,0,0,0,1,7,,,,0.0,0.0,1.96,0.98,6.85,1,3,3
220,a,100.0,100.0,4.8,354,13.0,0,0.0,-2,2.0,11.8,31,5.0,108,0,3.4,137.0,17.0,7,483,2.0,131.0,13.0,0.4,22.5,0.0,1752396,128,3165237,1026,2.5,0.0,0.0,0.04,0.04,43.03,0.0,0.0,0.0,1.39,753.0,19.0,5.0,50.0,355.0,1.0,0.0,759.0,86.0,79.8,169.0,4.0,,,,34,,Robert,Lynch Sánchez,Sánchez,,,2794,0,1,9,43,0,0,0,3,1,90,32,89,,,,2.9,0.29,1.39,1.03,0.0,2,26,277
221,d,25.0,25.0,4.3,605,27.0,0,0.0,-2,2.0,0.2,409,57.0,6,0,2.0,341.0,32.0,0,35,0.0,530.0,84.0,0.0,1.4,0.0,16394,1,28817,5,0.1,0.0,0.0,0.0,0.0,3.56,0.0,0.0,0.0,1.21,59.6,411.0,31.0,0.0,644.0,84.0,0.0,621.0,73.0,5.9,448.0,31.0,,,,34,,Filip,Jörgensen,Jörgensen,Groin Injury - 25% chance of playing,,264,0,0,0,4,0,0,0,0,0,6,2,7,,,,2.05,0.0,1.36,0.68,0.0,0,3,23
222,u,0.0,0.0,4.0,717,64.0,0,0.0,0,0.0,0.0,804,92.0,0,0,0.0,618.0,85.0,0,0,0.0,462.0,75.0,0.0,0.0,0.0,0,0,344,0,0.0,0.0,0.0,0.0,0.0,0.0,0.0,0.0,0.0,0.0,0.0,608.0,85.0,0.0,601.0,74.0,0.0,571.0,60.0,0.0,610.0,85.0,,,,34,,Mike,Penders,Penders,Has joined RC Strasbourg on loan for the rest of the season.,,0,0,0,0,0,0,0,0,0,0,0,0,0,,,,0.0,0.0,0.0,0.0,0.0,0,0,0
223,a,,,3.9,770,83.0,0,0.0,-1,1.0,0.1,469,69.0,0,0,0.0,562.0,54.0,0,0,0.0,394.0,41.0,0.0,0.0,0.0,10254,1,13274,3,0.5,0.0,0.0,0.0,0.0,0.0,0.0,0.0,0.0,0.0,0.0,551.0,54.0,0.0,539.0,38.0,0.0,507.0,24.0,0.0,553.0,54.0,,,,34,,Gabriel,Słonina,Slonina,,,0,0,0,0,0,0,0,0,0,0,0,0,0,,,,0.0,0.0,0.0,0.0,0.0,0,0,0
224,a,100.0,100.0,6.1,80,3.0,0,0.0,1,-1.0,15.0,21,7.0,97,0,3.2,182.0,73.0,5,444,1.0,229.0,77.0,0.2,15.9,0.0,3031332,493,3839806,850,1.5,0.0,2.26,3.07,5.33,35.28,0.09,0.12,0.21,1.35,513.4,90.0,39.0,512.6,41.0,4.0,267.0,109.0,15.0,129.4,61.0,10.0,,,,34,,Marc,Cucurella Saseta,Cucurella,,,2346,1,3,9,32,0,0,0,6,1,0,27,208,,,,0.0,0.35,1.23,1.04,6.56,47,124,98
225,d,25.0,25.0,5.6,128,12.0,0,0.0,1,-1.0,6.1,62,20.0,113,0,4.2,48.0,19.0,11,479,0.0,800.0,264.0,0.0,20.2,0.0,2188410,5,2235334,951,0.1,0.0,1.02,3.15,4.17,28.24,0.05,0.15,0.2,1.34,446.4,127.0,56.0,480.8,49.0,6.0,109.0,258.0,71.0,103.8,106.0,28.0,1.0,1.0,,34,,Reece,James,James,Hamstring injury - 25% chance of playing,,1892,2,6,8,20,0,0,0,4,0,0,20,163,,,,0.0,0.38,0.95,0.95,5.9,47,77,95
226,a,100.0,100.0,5.4,157,18.0,0,0.0,4,-4.0,9.5,38,13.0,133,0,4.3,42.0,16.0,7,505,0.7,266.0,87.0,0.1,24.6,0.0,4823265,284,4034010,891,1.2,0.0,1.34,1.02,2.36,38.29,0.05,0.03,0.08,1.3,689.8,39.0,15.0,108.3,275.0,80.0,156.0,202.0,50.0,95.4,127.0,36.0,,,,34,,Trevoh,Chalobah,Chalobah,,,2649,3,1,9,37,0,0,0,3,1,0,30,287,,,,0.0,0.31,1.26,1.02,8.66,35,220,113
227,d,25.0,25.0,4.7,388,66.0,0,0.0,-3,3.0,0.1,477,174.0,0,0,0.0,770.0,262.0,0,0,0.0,690.0,250.0,0.0,0.0,0.0,1327,0,30829,1,0.1,0.0,0.0,0.0,0.0,0.0,0.0,0.0,0.0,0.0,0.0,769.0,262.0,0.0,764.0,262.0,0.0,755.0,262.0,0.0,769.0,262.0,,,,34,,Levi,Samuels Colwill,Colwill,Lack of match fitness - 25% chance of playing,,0,0,0,0,0,0,0,0,0,0,0,0,0,,,,0.0,0.0,0.0,0.0,0.0,0,0,0
228,a,100.0,100.0,4.9,330,54.0,0,0.0,-1,1.0,2.0,137,55.0,95,0,3.1,192.0,78.0,7,393,1.3,182.0,65.0,0.3,19.4,0.0,551582,92,537537,243,1.8,0.0,1.46,2.29,3.75,32.75,0.07,0.1,0.17,1.48,408.6,148.0,64.0,370.2,80.0,17.0,172.0,186.0,44.0,95.2,129.0,37.0,,,,34,,Malo,Gusto,Gusto,,,1991,2,3,7,30,0,0,0,2,1,0,23,142,,,,0.0,0.32,1.36,1.04,5.06,48,64,110
229,a,100.0,100.0,4.4,539,113.0,0,0.0,-1,1.0,0.0,650,232.0,7,0,0.9,511.0,175.0,0,48,0.0,556.0,232.0,0.0,1.6,0.0,9058,1,9818,0,0.5,0.0,0.0,0.06,0.06,7.41,0.0,0.01,0.01,1.42,102.8,373.0,141.0,7.9,439.0,156.0,2.0,450.0,169.0,11.4,421.0,150.0,,,,34,,Benoît,Badiashile Mukinayi,B.Badiashile,,,470,0,0,0,10,0,0,0,2,0,0,6,51,,,,0.0,0.0,1.91,1.15,9.19,7,41,16
230,a,100.0,100.0,4.4,543,116.0,0,0.0,-1,1.0,0.4,285,107.0,60,0,2.7,232.0,91.0,3,267,1.7,154.0,56.0,0.4,13.6,0.0,135692,14,121318,66,2.2,0.0,0.72,0.6,1.32,22.18,0.04,0.04,0.08,1.34,440.4,129.0,58.0,64.2,335.0,113.0,72.0,305.0,92.0,57.7,251.0,84.0,,,,34,,Wesley,Fofana,Fofana,,,1487,0,1,4,21,0,0,0,5,1,0,17,195,,,,0.0,0.24,1.27,1.03,11.32,19,168,69
231,a,100.0,100.0,4.5,480,97.0,0,0.0,0,0.0,0.0,664,234.0,2,0,1.0,486.0,173.0,0,1,0.0,641.0,247.0,0.0,0.4,0.0,3475,4,3786,7,0.5,0.0,0.35,0.0,0.35,1.42,0.35,0.0,0.35,1.4,6.2,479.0,171.0,0.1,492.0,177.0,7.0,430.0,164.0,1.3,487.0,171.0,,,,34,,Mamadou,Sarr,M.Sarr,,,91,0,0,0,3,0,0,0,0,0,0,1,8,,,,0.0,0.0,2.97,0.99,7.91,1,7,2
232,a,100.0,100.0,4.0,669,163.0,0,0.0,-5,5.0,0.3,347,124.0,34,0,2.3,295.0,108.0,2,129,0.0,417.0,155.0,0.0,8.5,0.0,109413,3,223859,10,0.5,0.0,0.11,0.4,0.5,12.16,0.01,0.05,0.06,1.47,232.0,263.0,108.0,32.5,381.0,136.0,19.0,391.0,139.0,28.4,359.0,123.0,,,,34,,Tosin,Adarabioyo,Tosin,,,743,0,0,2,12,0,0,0,2,0,0,7,108,,,,0.0,0.24,1.45,0.85,11.39,15,79,19
233,a,100.0,100.0,3.7,827,266.0,0,0.0,-3,3.0,1.6,155,60.0,36,0,2.4,277.0,104.0,5,107,1.0,205.0,69.0,0.3,9.7,0.0,617213,236,534821,138,1.5,0.0,0.6,0.13,0.73,14.08,0.09,0.02,0.11,2.19,127.8,349.0,132.0,40.3,367.0,133.0,66.0,313.0,97.0,23.4,377.0,129.0,,,,34,,Josh,Acheampong,Acheampong,,,579,1,0,2,12,0,0,0,1,0,0,7,57,,,,0.0,0.31,1.87,1.09,6.37,10,31,23
234,u,0.0,0.0,4.0,738,207.0,0,0.0,0,0.0,0.1,579,207.0,0,0,0.0,637.0,245.0,0,0,0.0,483.0,197.0,0.0,0.0,0.0,1262,0,10273,0,0.0,0.0,0.0,0.0,0.0,0.0,0.0,0.0,0.0,0.0,0.0,627.0,245.0,0.0,620.0,245.0,0.0,590.0,242.0,0.0,629.0,245.0,,,,34,,Aarón,Anselmino,Anselmino,has joined Strasbourg on loan for the rest of the season.,,0,0,0,0,0,0,0,0,0,0,0,0,0,,,,0.0,0.0,0.0,0.0,0.0,0,0,0
235,a,100.0,100.0,10.5,3,2.0,0,0.0,0,0.0,17.1,19,7.0,102,0,4.6,30.0,13.0,9,380,2.0,151.0,65.0,0.2,9.7,0.0,3262339,548,7877822,4930,2.5,0.0,9.21,2.14,11.35,25.01,0.52,0.12,0.64,1.41,474.0,113.0,36.0,347.1,90.0,66.0,466.0,48.0,28.0,128.6,64.0,41.0,,3.0,1.0,34,,Cole,Palmer,Palmer,,,1596,9,2,3,26,0,0,0,4,0,0,20,119,,,,0.0,0.17,1.47,1.13,6.71,21,25,73
236,a,100.0,100.0,7.0,37,22.0,0,0.0,0,0.0,4.3,89,29.0,114,0,3.6,114.0,52.0,8,500,2.0,148.0,63.0,0.3,16.3,0.0,2023914,164,2051156,473,2.5,0.0,4.51,6.71,11.22,34.31,0.16,0.24,0.4,1.25,472.2,116.0,38.0,784.0,11.0,11.0,477.0,41.0,24.0,173.6,27.0,22.0,2.0,4.0,,34,,Pedro,Lomba Neto,Neto,,,2477,5,5,11,30,0,0,0,2,1,0,28,115,,,,0.0,0.4,1.09,1.02,4.18,16,19,80
237,a,100.0,100.0,6.5,52,33.0,0,0.0,0,0.0,11.4,32,10.0,133,0,4.2,50.0,22.0,14,608,1.3,200.0,94.0,0.2,20.5,0.0,5614469,565,4912345,2107,1.8,0.0,10.76,6.4,17.16,38.72,0.35,0.21,0.56,1.27,717.4,32.0,9.0,908.1,4.0,4.0,692.0,22.0,10.0,231.8,3.0,2.0,3.0,2.0,2.0,34,,Enzo,Fernández,Enzo,,,2754,8,4,8,39,0,0,0,8,0,0,31,221,,,,0.0,0.26,1.27,1.01,7.22,50,48,123
238,i,0.0,0.0,6.4,61,40.0,0,0.0,-1,1.0,1.8,148,49.0,58,0,2.6,258.0,107.0,4,172,0.7,281.0,134.0,0.1,9.1,0.0,873547,1,924504,471,0.0,0.0,2.91,2.14,5.05,10.29,0.31,0.23,0.54,1.1,183.4,304.0,133.0,230.9,166.0,112.0,314.0,90.0,53.0,72.6,196.0,96.0,4.0,,3.0,34,,Estêvão,Almeida de Oliveira Gonçalves,Estêvão,Hamstring injury - Expected back 01 Jun,,839,2,5,4,11,0,0,0,4,0,0,12,56,,,,0.0,0.43,1.18,1.29,6.01,11,9,36
239,d,25.0,25.0,6.0,87,56.0,0,0.0,-5,5.0,0.1,485,169.0,25,0,1.6,405.0,174.0,0,99,0.0,809.0,360.0,0.0,4.2,0.0,17212,0,42160,0,0.1,0.0,0.81,0.94,1.75,8.89,0.15,0.17,0.32,1.65,93.0,383.0,170.0,130.4,250.0,157.0,91.0,280.0,151.0,31.3,347.0,167.0,,,,34,,Jamie,Bynoe-Gittens,Gittens,Hamstring injury - 25% chance of playing,,486,0,2,1,7,0,0,0,0,0,0,5,29,,,,0.0,0.19,1.3,0.93,5.37,8,6,15
240,u,0.0,0.0,5.9,93,61.0,0,0.0,-1,1.0,0.1,527,191.0,0,0,0.0,819.0,366.0,0,0,0.0,806.0,357.0,0.0,0.0,0.0,2668,0,23788,0,0.0,0.0,0.0,0.0,0.0,0.0,0.0,0.0,0.0,0.0,0.0,819.0,366.0,0.0,819.0,366.0,0.0,818.0,366.0,0.0,819.0,366.0,,,,34,,Christopher,Nkunku,Nkunku,has joined AC Milan permanently.,,0,0,0,0,0,0,0,0,0,0,0,0,0,,,,0.0,0.0,0.0,0.0,0.0,0,0,0
241,a,100.0,100.0,5.7,118,74.0,0,0.0,2,-2.0,7.3,57,20.0,102,0,3.5,126.0,55.0,10,521,2.0,145.0,61.0,0.4,17.9,0.0,3285707,120,3270661,390,2.5,0.0,1.41,2.08,3.49,36.44,0.05,0.08,0.13,1.34,515.8,88.0,29.0,321.7,106.0,74.0,119.0,249.0,136.0,95.4,128.0,73.0,,,,34,,Moisés,Caicedo Corozo,Caicedo,,,2442,3,1,6,40,0,0,0,9,1,0,28,331,,,,0.0,0.22,1.47,1.03,12.2,80,93,158
244,a,100.0,100.0,4.9,335,206.0,0,0.0,-1,1.0,0.0,694,279.0,12,0,1.1,449.0,200.0,0,69,1.3,183.0,82.0,0.3,2.4,0.0,3124,2,4876,1,1.8,0.0,0.19,0.47,0.66,6.54,0.05,0.13,0.18,1.86,27.8,443.0,198.0,39.6,370.0,189.0,12.0,412.0,202.0,7.9,433.0,195.0,,,,34,,Roméo,Lavia,Lavia,,,317,0,0,0,7,0,0,0,0,0,0,3,34,,,,0.0,0.0,1.99,0.85,9.65,5,9,20
245,s,0.0,0.0,4.9,328,203.0,0,0.0,-1,1.0,0.0,750,318.0,0,0,0.0,787.0,343.0,0,0,0.0,725.0,302.0,0.0,0.0,0.0,1094,2,1381,1,0.0,0.0,0.0,0.0,0.0,0.0,0.0,0.0,0.0,0.0,0.0,786.0,342.0,0.0,782.0,342.0,0.0,778.0,340.0,0.0,786.0,342.0,,,,34,,Mykhailo,Mudryk,Mudryk,Suspended - unknown return date,,0,0,0,0,0,0,0,0,0,0,0,0,0,,,,0.0,0.0,0.0,0.0,0.0,0,0,0
246,a,100.0,100.0,4.5,459,276.0,0,0.0,0,0.0,0.3,335,114.0,34,0,1.4,423.0,184.0,0,186,0.7,250.0,117.0,0.2,7.6,0.0,79416,8,88755,18,1.2,0.0,1.75,0.83,2.58,16.63,0.15,0.07,0.22,1.41,171.2,312.0,137.0,139.0,237.0,151.0,65.0,314.0,164.0,37.5,322.0,157.0,,,,34,,Andrey,Nascimento dos Santos,Andrey Santos,,,1063,0,0,1,16,0,0,0,4,0,0,11,113,,,,0.0,0.08,1.35,0.93,9.57,29,44,40
247,a,100.0,100.0,4.3,599,353.0,0,0.0,-2,2.0,0.1,565,209.0,1,0,0.5,523.0,243.0,0,7,0.3,301.0,143.0,0.1,0.2,0.0,13862,5,15192,8,0.8,0.0,0.0,0.01,0.01,0.5,0.0,0.04,0.04,1.8,9.4,471.0,209.0,2.1,464.0,222.0,2.0,449.0,220.0,1.4,483.0,221.0,,,,34,,Dário,Luís Essugo,D.Essugo,,,25,0,0,0,1,0,0,0,1,0,0,0,5,,,,0.0,0.0,3.6,0.0,18.0,4,1,0
248,u,0.0,0.0,4.5,501,310.0,0,0.0,0,0.0,0.0,789,344.0,0,0,0.0,751.0,316.0,0,0,0.0,662.0,257.0,0.0,0.0,0.0,0,0,953,0,0.0,0.0,0.0,0.0,0.0,0.0,0.0,0.0,0.0,0.0,0.0,750.0,315.0,0.0,743.0,315.0,0.0,730.0,311.0,0.0,750.0,315.0,,,,34,,Kendry,Páez Andrade,Paez,has joined River Plate on loan for the rest of the season.,,0,0,0,0,0,0,0,0,0,0,0,0,0,,,,0.0,0.0,0.0,0.0,0.0,0,0,0
249,a,,,7.6,22,8.0,0,0.0,1,-1.0,43.4,4,2.0,166,0,5.2,10.0,2.0,28,676,0.7,286.0,41.0,0.1,21.8,0.0,8958100,1393,10150029,12881,1.2,0.0,13.69,1.89,15.58,32.8,0.52,0.07,0.59,1.24,720.4,31.0,4.0,437.8,60.0,2.0,828.0,6.0,5.0,198.2,13.0,4.0,,,,34,,João Pedro,Junqueira de Jesus,João Pedro,,,2388,14,9,10,30,0,0,0,4,0,0,28,127,,,,0.0,0.38,1.13,1.06,4.79,25,36,66
250,a,100.0,100.0,6.2,75,24.0,0,0.0,-3,3.0,0.9,202,30.0,43,0,1.7,397.0,48.0,1,125,1.7,169.0,22.0,0.3,6.9,0.0,111303,14,469896,24,2.2,0.0,4.26,0.21,4.46,13.97,0.4,0.02,0.42,1.32,67.8,403.0,47.0,70.3,321.0,37.0,332.0,83.0,28.0,46.0,295.0,33.0,,,,34,,Liam,Delap,Delap,,,954,1,2,2,16,0,0,0,2,0,0,11,39,,,,0.0,0.19,1.51,1.04,3.68,4,12,23
251,u,0.0,0.0,6.5,54,19.0,0,0.0,0,0.0,0.1,541,76.0,0,0,0.0,825.0,92.0,0,0,0.0,820.0,91.0,0.0,0.0,0.0,4962,0,15400,0,0.0,0.0,0.0,0.0,0.0,0.0,0.0,0.0,0.0,0.0,0.0,825.0,92.0,0.0,825.0,92.0,0.0,825.0,92.0,0.0,825.0,92.0,,,,34,,Nicolas,Jackson,N.Jackson,has joined Bayern Munich on loan for the rest of the season.,,0,0,0,0,0,0,0,0,0,0,0,0,0,,,,0.0,0.0,0.0,0.0,0.0,0,0,0
252,a,100.0,100.0,4.0,702,92.0,0,0.0,-5,5.0,5.1,78,15.0,13,0,1.3,430.0,52.0,0,19,0.3,293.0,42.0,0.1,3.2,0.0,1256534,449,2841315,426,0.8,0.0,1.54,0.29,1.83,5.89,0.52,0.1,0.62,2.0,24.6,449.0,53.0,40.1,368.0,46.0,86.0,289.0,49.0,13.1,410.0,53.0,,,,34,,Marc,Guiu Paz,Marc Guiu,,,265,0,1,0,3,0,0,0,1,0,0,1,8,,,,0.0,0.0,1.02,0.34,2.72,0,4,4
453,a,,,6.4,60,39.0,0,0.0,-1,1.0,0.5,276,96.0,55,0,2.4,292.0,127.0,3,217,1.3,198.0,92.0,0.2,8.6,0.0,244445,21,237018,29,1.8,0.0,3.44,3.68,7.12,20.47,0.25,0.26,0.51,1.46,207.4,282.0,117.0,405.3,69.0,54.0,399.0,60.0,35.0,100.1,113.0,65.0,,,,34,,Alejandro,Garnacho Ferreyra,Garnacho,,,1260,1,4,4,20,0,0,0,2,0,0,14,68,,,,0.0,0.29,1.43,1.0,4.86,14,10,44
672,a,100.0,100.0,4.6,406,73.0,0,0.0,-4,4.0,0.2,392,146.0,15,0,0.8,519.0,179.0,0,70,1.0,213.0,74.0,0.2,3.3,0.0,20705,17,42804,15,1.5,0.0,0.3,0.52,0.82,14.84,0.03,0.05,0.08,1.47,185.4,301.0,115.0,100.4,284.0,86.0,32.0,364.0,123.0,31.7,346.0,117.0,,,,34,,Jorrel,Hato,Hato,,,908,0,0,0,23,0,0,0,5,0,0,9,84,,,,0.0,0.0,2.28,0.89,7.83,30,49,42
743,a,,,4.5,502,311.0,0,0.0,0,0.0,0.0,728,301.0,0,0,0.0,752.0,317.0,0,0,0.0,663.0,258.0,0.0,0.0,0.0,1582,2,1465,0,0.5,0.0,0.0,0.0,0.0,0.0,0.0,0.0,0.0,0.0,0.0,751.0,316.0,0.0,744.0,316.0,0.0,731.0,312.0,0.0,751.0,316.0,,,,34,,Landon,Emenalo,Emenalo,,,0,0,0,0,0,0,0,0,0,0,0,0,0,,,,0.0,0.0,0.0,0.0,0.0,0,0,0
789,a,,,4.0,712,63.0,0,0.0,0,0.0,0.0,755,86.0,0,0,0.0,614.0,84.0,0,0,0.0,457.0,74.0,0.0,0.0,0.0,490,1,399,0,0.5,0.0,0.0,0.0,0.0,0.0,0.0,0.0,0.0,0.0,0.0,604.0,84.0,0.0,597.0,73.0,0.0,566.0,59.0,0.0,606.0,84.0,,,,34,,Max,Merrick,Merrick,,,0,0,0,0,0,0,0,0,0,0,0,0,0,,,,0.0,0.0,0.0,0.0,0.0,0,0,0
803,a,,,4.0,705,59.0,0,0.0,0,0.0,0.0,775,90.0,0,0,0.0,610.0,81.0,0,0,0.0,450.0,70.0,0.0,0.0,0.0,247,1,190,0,0.5,0.0,0.0,0.0,0.0,0.0,0.0,0.0,0.0,0.0,0.0,600.0,81.0,0.0,592.0,69.0,0.0,561.0,55.0,0.0,602.0,81.0,,,,34,,Teddy,Sharman-Lowe,Sharman-Lowe,,,0,0,0,0,0,0,0,0,0,0,0,0,0,,,,0.0,0.0,0.0,0.0,0.0,0,0,0
829,a,,,4.5,507,315.0,0,0.0,0,0.0,0.0,829,373.0,0,0,0.0,757.0,321.0,0,0,0.0,668.0,262.0,0.0,0.0,0.0,23,2,2,0,0.5,0.0,0.0,0.0,0.0,0.0,0.0,0.0,0.0,0.0,0.0,756.0,320.0,0.0,749.0,320.0,0.0,736.0,316.0,0.0,756.0,320.0,,,,34,,Jesse,Derry,Derry,,,0,0,0,0,0,0,0,0,0,0,0,0,0,,,,0.0,0.0,0.0,0.0,0.0,0,0,0
253,a,,,5.1,224,7.0,0,0.0,1,-1.0,8.1,48,9.0,124,0,4.0,63.0,4.0,7,520,3.0,96.0,10.0,0.6,24.3,0.0,1181046,2259,1062064,522,3.0,2.5,0.0,0.1,0.1,40.78,0.0,0.0,0.0,1.32,733.6,25.0,7.0,10.0,436.0,15.0,0.0,799.0,92.0,74.3,186.0,8.0,,,,34,,Dean,Henderson,Henderson,,,2790,0,0,11,36,0,1,0,3,0,91,31,80,,,,2.94,0.35,1.16,1.0,0.0,0,47,252
254,a,100.0,100.0,3.9,753,74.0,0,0.0,-1,1.0,0.3,310,42.0,7,0,7.0,1.0,1.0,0,29,0.0,382.0,33.0,0.0,1.8,0.0,21314,6,33884,8,0.0,-0.5,0.0,0.0,0.0,1.12,0.0,0.0,0.0,1.12,22.8,451.0,35.0,0.0,527.0,29.0,0.0,495.0,15.0,2.3,472.0,35.0,,,,34,,Walter,Benítez,Benitez,,,90,0,0,1,0,0,0,0,0,0,3,1,0,,,,3.0,1.0,0.0,1.0,0.0,0,1,9
255,a,,,3.9,756,77.0,0,0.0,-1,1.0,0.1,482,72.0,0,0,0.0,553.0,48.0,0,0,0.0,384.0,35.0,0.0,0.0,0.0,6426,1,9185,3,0.0,-0.5,0.0,0.0,0.0,0.0,0.0,0.0,0.0,0.0,0.0,542.0,48.0,0.0,530.0,32.0,0.0,498.0,18.0,0.0,544.0,48.0,,,,34,,Remi,Matthews,Matthews,,,0,0,0,0,0,0,0,0,0,0,0,0,0,,,,0.0,0.0,0.0,0.0,0.0,0,0,0
256,a,100.0,100.0,5.8,105,6.0,0,0.0,3,-3.0,7.8,52,18.0,120,0,5.2,9.0,2.0,8,421,3.7,70.0,29.0,0.6,20.7,0.0,3826472,2837,3975685,557,3.7,3.2,2.26,3.4,5.66,26.21,0.1,0.16,0.26,1.2,472.8,115.0,51.0,312.0,114.0,30.0,348.0,77.0,8.0,113.2,86.0,19.0,,,,34,,Daniel,Muñoz Mejía,Muñoz,,,1959,3,3,10,21,0,0,0,6,0,0,23,204,,,,0.0,0.46,0.96,1.06,7.53,57,107,84
257,a,100.0,100.0,5.1,232,34.0,0,0.0,1,-1.0,5.3,75,24.0,143,0,4.8,19.0,6.0,11,492,5.0,32.0,15.0,1.0,28.0,0.0,1806659,2579,1355439,377,5.0,4.5,2.14,0.76,2.9,37.08,0.07,0.03,0.1,1.25,708.6,36.0,13.0,92.8,294.0,91.0,254.0,119.0,20.0,105.5,101.0,27.0,,,,34,,Maxence,Lacroix,Lacroix,,,2665,1,2,11,35,0,0,0,3,1,0,30,347,,,,0.0,0.37,1.18,1.01,10.81,52,268,83
258,a,,,5.0,256,40.0,0,0.0,0,0.0,2.3,132,53.0,126,0,3.9,72.0,27.0,8,464,4.0,59.0,24.0,0.8,25.2,0.0,514165,758,415504,129,4.0,3.5,1.12,2.27,3.39,41.9,0.04,0.07,0.11,1.32,553.2,72.0,33.0,409.9,68.0,13.0,193.0,163.0,34.0,115.7,82.0,18.0,,,,34,,Tyrick,Mitchell,Mitchell,,,2848,1,2,12,36,0,0,0,5,0,0,32,256,,,,0.0,0.38,1.14,1.01,6.57,86,122,154
259,a,100.0,100.0,4.8,356,60.0,0,0.0,-2,2.0,0.1,453,170.0,6,0,1.0,494.0,174.0,0,13,0.3,313.0,101.0,0.1,1.2,0.0,12229,8,19126,3,0.3,-0.2,0.0,0.06,0.06,0.83,0.0,0.1,0.1,1.38,11.2,465.0,169.0,12.5,421.0,152.0,4.0,440.0,166.0,2.8,467.0,168.0,,,,34,,Borna,Sosa,Sosa,,,54,0,0,0,1,0,0,0,0,0,0,0,8,,,,0.0,0.0,1.67,0.0,11.67,3,4,1
261,a,100.0,100.0,4.4,541,115.0,0,0.0,-1,1.0,2.5,125,49.0,122,0,4.4,37.0,14.0,5,449,2.7,103.0,43.0,0.6,27.7,0.0,1028432,908,900965,341,2.7,2.2,1.14,1.46,2.6,35.33,0.04,0.05,0.09,1.27,667.6,42.0,18.0,151.6,222.0,59.0,140.0,221.0,56.0,96.2,124.0,35.0,,,,34,,Chris,Richards,Richards,,,2512,1,0,11,32,0,0,0,3,0,0,28,295,,,,0.0,0.39,1.15,1.0,10.14,51,232,57
262,a,100.0,100.0,4.0,710,184.0,0,0.0,0,0.0,0.0,588,210.0,14,0,2.3,296.0,109.0,0,58,0.0,455.0,174.0,0.0,3.5,0.0,6815,1,4734,7,0.0,-0.5,0.11,0.05,0.16,4.33,0.03,0.01,0.04,1.25,63.8,409.0,153.0,21.3,397.0,142.0,14.0,401.0,146.0,9.9,423.0,151.0,,,,34,,Chadi,Riad Dnanou,Chadi Riad,,,312,0,1,1,3,0,0,0,2,0,0,3,18,,,,0.0,0.29,0.87,0.87,5.19,4,14,12
263,d,75.0,75.0,3.8,792,234.0,0,0.0,-2,2.0,0.5,270,101.0,15,0,1.9,350.0,127.0,2,49,0.0,352.0,119.0,0.0,3.9,0.0,92726,2,113030,67,0.0,-0.4,0.43,0.6,1.03,7.31,0.08,0.11,0.19,1.33,80.6,394.0,147.0,53.5,348.0,122.0,33.0,361.0,120.0,16.6,397.0,142.0,,,,34,,Nathaniel,Clyne,Clyne,Illness - 75% chance of playing,,494,0,1,0,9,0,0,0,1,0,0,6,39,,,,0.0,0.0,1.64,1.09,7.11,14,25,16
264,u,0.0,0.0,4.0,672,164.0,0,0.0,0,0.0,0.0,709,249.0,0,0,0.0,584.0,212.0,0,0,0.0,420.0,156.0,0.0,0.0,0.0,0,0,3937,0,0.0,0.0,0.0,0.0,0.0,0.0,0.0,0.0,0.0,0.0,0.0,573.0,211.0,0.0,564.0,211.0,0.0,533.0,207.0,0.0,575.0,211.0,,,,34,,Rob,Holding,Holding,Has joined Colorado Rapids permanently.,,0,0,0,0,0,0,0,0,0,0,0,0,0,,,,0.0,0.0,0.0,0.0,0.0,0,0,0
265,a,100.0,100.0,4.0,729,198.0,0,0.0,0,0.0,0.0,688,243.0,0,0,0.0,630.0,238.0,0,0,0.0,474.0,188.0,0.0,0.0,0.0,1057,2,2514,4,0.0,-0.5,0.0,0.0,0.0,0.0,0.0,0.0,0.0,0.0,0.0,620.0,238.0,0.0,613.0,238.0,0.0,583.0,235.0,0.0,622.0,238.0,,,,34,,Caleb,Kporha,Kporha,,,0,0,0,0,0,0,0,0,0,0,0,0,0,,,,0.0,0.0,0.0,0.0,0.0,0,0,0
267,a,100.0,100.0,6.3,69,46.0,0,0.0,-2,2.0,3.8,98,33.0,95,0,4.3,44.0,20.0,9,293,0.7,280.0,133.0,0.1,15.1,0.0,2775260,1551,2913004,1061,0.7,0.2,8.04,0.78,8.81,24.85,0.41,0.04,0.45,1.25,383.6,166.0,57.0,216.4,173.0,118.0,411.0,56.0,32.0,101.3,109.0,63.0,,,3.0,34,,Ismaïla,Sarr,Sarr,,,1783,7,1,9,19,0,0,0,2,0,0,20,120,,,,0.0,0.45,0.96,1.01,6.06,18,36,66
268,i,0.0,0.0,4.9,323,200.0,0,0.0,-1,1.0,0.0,797,351.0,0,0,0.0,784.0,341.0,0,0,0.0,721.0,299.0,0.0,0.0,0.0,512,1,706,0,0.0,0.0,0.0,0.0,0.0,0.0,0.0,0.0,0.0,0.0,0.0,783.0,340.0,0.0,779.0,340.0,0.0,775.0,338.0,0.0,783.0,340.0,,,,34,,Cheick,Doucouré,Doucouré,Lack of match fitness - Expected back 01 Jun,,0,0,0,0,0,0,0,0,0,0,0,0,0,,,,0.0,0.0,0.0,0.0,0.0,0,0,0
269,u,0.0,0.0,4.7,395,246.0,0,0.0,-3,3.0,0.1,463,158.0,4,0,1.0,492.0,223.0,0,12,0.0,693.0,278.0,0.0,0.9,0.0,11622,0,28981,2,0.0,0.0,0.0,0.04,0.04,1.74,0.0,0.09,0.09,3.92,6.8,477.0,215.0,2.7,460.0,220.0,6.0,433.0,209.0,1.5,481.0,219.0,,,,34,,Romain,Esse,Esse,has joined Coventry City on loan for the rest of the season.,,40,0,0,0,0,0,0,0,0,0,0,0,5,,,,0.0,0.0,0.0,0.0,11.25,3,0,2
270,a,100.0,100.0,4.7,377,235.0,0,0.0,-3,3.0,0.1,484,168.0,42,0,1.4,424.0,185.0,0,196,1.0,214.0,97.0,0.2,8.9,0.0,22165,7,26220,6,1.0,0.5,1.11,1.7,2.81,21.86,0.07,0.11,0.18,1.39,169.0,315.0,140.0,296.0,121.0,84.0,88.0,285.0,153.0,55.1,260.0,131.0,3.0,,,34,,Will,Hughes,Hughes,,,1411,0,1,5,14,0,0,0,7,0,0,17,135,,,,0.0,0.32,0.89,1.08,8.61,26,48,61
271,a,100.0,100.0,5.0,250,150.0,0,0.0,0,0.0,0.1,528,192.0,55,0,2.5,268.0,110.0,0,264,0.7,258.0,121.0,0.1,11.0,0.0,44495,2,43464,6,0.7,0.2,1.42,2.25,3.67,18.33,0.08,0.13,0.21,1.08,187.6,297.0,128.0,276.2,139.0,93.0,138.0,224.0,123.0,60.3,242.0,118.0,4.0,,,34,,Daichi,Kamada,Kamada,,,1524,0,2,6,17,0,0,0,2,0,0,17,166,,,,0.0,0.35,1.0,1.0,9.8,49,31,86
272,a,100.0,100.0,4.9,289,178.0,0,0.0,-1,1.0,0.1,539,198.0,62,0,2.4,284.0,120.0,3,258,2.7,105.0,36.0,0.6,12.7,0.0,13973,28,15494,6,2.7,2.2,1.81,1.14,2.95,17.47,0.11,0.07,0.18,1.1,239.8,259.0,109.0,176.0,202.0,132.0,221.0,138.0,79.0,63.7,227.0,110.0,,,,34,,Jefferson,Lerma Solís,Lerma,,,1426,0,5,7,16,1,0,0,6,0,0,15,178,,,,0.0,0.44,1.01,0.95,11.23,20,70,88
273,a,100.0,100.0,5.0,269,164.0,0,0.0,0,0.0,0.6,252,88.0,92,0,3.3,156.0,64.0,6,419,0.3,323.0,152.0,0.1,18.4,0.0,181166,51,190677,53,0.3,-0.2,1.33,6.03,7.35,33.4,0.05,0.25,0.3,1.37,389.6,163.0,55.0,554.9,32.0,29.0,151.0,211.0,115.0,109.8,92.0,53.0,2.0,,,34,,Adam,Wharton,Wharton,,,2191,0,6,8,33,0,0,0,4,1,0,26,255,,,,0.0,0.33,1.36,1.07,10.47,60,62,133
274,a,,,4.3,613,362.0,0,0.0,-2,2.0,0.1,496,177.0,0,0,0.0,663.0,252.0,0,0,0.0,538.0,175.0,0.0,0.0,0.0,15399,1,12787,11,0.0,-0.5,0.0,0.0,0.0,0.0,0.0,0.0,0.0,0.0,0.0,653.0,242.0,0.0,649.0,247.0,0.0,626.0,236.0,0.0,655.0,244.0,,,,34,,Asher,Agbinone,Agbinone,,,0,0,0,0,0,0,0,0,0,0,0,0,0,,,,0.0,0.0,0.0,0.0,0.0,0,0,0
275,u,0.0,0.0,4.3,591,349.0,0,0.0,-2,2.0,0.0,628,242.0,0,0,0.0,655.0,245.0,0,0,0.0,521.0,165.0,0.0,0.0,0.0,5497,0,7901,2,0.0,0.0,0.0,0.0,0.0,0.0,0.0,0.0,0.0,0.0,0.0,645.0,235.0,0.0,640.0,240.0,0.0,615.0,227.0,0.0,647.0,237.0,,,,34,,Naouirou,Ahamada,Ahamada,has joined AJ Auxerre permanently.,,0,0,0,0,0,0,0,0,0,0,0,0,0,,,,0.0,0.0,0.0,0.0,0.0,0,0,0
276,a,100.0,100.0,4.3,595,351.0,0,0.0,-2,2.0,1.1,187,63.0,30,0,1.6,402.0,171.0,0,84,0.3,299.0,141.0,0.1,7.0,0.0,294836,25,361388,95,0.3,-0.2,2.38,0.36,2.74,10.1,0.35,0.05,0.4,1.5,86.8,388.0,172.0,95.2,291.0,171.0,164.0,190.0,104.0,34.6,336.0,164.0,,2.0,4.0,34,,Justin,Devenny,Devenny,,,605,1,0,1,10,0,0,0,0,0,0,5,49,,,,0.0,0.15,1.49,0.74,7.29,16,8,25
277,u,0.0,0.0,4.5,436,259.0,0,0.0,0,0.0,0.0,805,356.0,0,0,0.0,706.0,278.0,0,0,0.0,604.0,209.0,0.0,0.0,0.0,0,0,750,0,0.0,0.0,0.0,0.0,0.0,0.0,0.0,0.0,0.0,0.0,0.0,700.0,272.0,0.0,696.0,275.0,0.0,679.0,268.0,0.0,702.0,274.0,,,,34,,Malcolm,Ebiowei,Ebiowei,Has joined Blackpool permanently.,,0,0,0,0,0,0,0,0,0,0,0,0,0,,,,0.0,0.0,0.0,0.0,0.0,0,0,0
278,u,0.0,0.0,4.4,546,328.0,0,0.0,-1,1.0,0.0,655,259.0,0,0,0.0,676.0,259.0,0,0,0.0,561.0,184.0,0.0,0.0,0.0,4359,0,9604,0,0.0,0.0,0.0,0.0,0.0,0.0,0.0,0.0,0.0,0.0,0.0,668.0,251.0,0.0,664.0,255.0,0.0,643.0,245.0,0.0,670.0,253.0,,,,34,,Jesurun,Rak-Sakyi,J.Rak-Sakyi,has joined Stoke City on loan for the rest of the season.,,0,0,0,0,0,0,0,0,0,0,0,0,0,,,,0.0,0.0,0.0,0.0,0.0,0,0,0
279,u,0.0,0.0,4.5,463,280.0,0,0.0,0,0.0,0.0,772,330.0,0,0,0.0,724.0,295.0,0,0,0.0,625.0,227.0,0.0,0.0,0.0,95,0,1654,0,0.0,0.0,0.0,0.0,0.0,0.0,0.0,0.0,0.0,0.0,0.0,719.0,290.0,0.0,714.0,292.0,0.0,698.0,285.0,0.0,720.0,291.0,,,,34,,Matheus,França de Oliveira,M.França,Has joined CR Vasco da Gama on loan for the rest of the season.,,0,0,0,0,0,0,0,0,0,0,0,0,0,,,,0.0,0.0,0.0,0.0,0.0,0,0,0
280,u,0.0,0.0,4.5,458,275.0,0,0.0,0,0.0,0.0,819,364.0,0,0,0.0,721.0,292.0,0,0,0.0,622.0,224.0,0.0,0.0,0.0,0,0,192,0,0.0,0.0,0.0,0.0,0.0,0.0,0.0,0.0,0.0,0.0,0.0,716.0,287.0,0.0,711.0,289.0,0.0,695.0,282.0,0.0,717.0,288.0,,,,34,,David,Ozoh,Ozoh,Has joined Derby County on loan for the rest of the season.,,0,0,0,0,0,0,0,0,0,0,0,0,0,,,,0.0,0.0,0.0,0.0,0.0,0,0,0
281,a,,,4.4,556,335.0,0,0.0,-1,1.0,0.0,587,220.0,1,0,1.0,477.0,210.0,0,2,0.0,569.0,191.0,0.0,0.2,0.0,6110,2,7299,2,0.0,-0.5,0.0,0.0,0.0,0.65,0.0,0.0,0.0,19.5,0.0,674.0,257.0,0.1,491.0,238.0,0.0,650.0,252.0,0.0,676.0,259.0,,,,34,,Kaden,Rodney,Rodney,,,3,0,0,0,0,0,0,0,0,0,0,0,0,,,,0.0,0.0,0.0,0.0,0.0,0,0,0
282,u,0.0,0.0,4.5,479,293.0,0,0.0,0,0.0,0.0,713,291.0,0,0,0.0,736.0,305.0,0,0,0.0,640.0,240.0,0.0,0.0,0.0,860,0,3075,1,0.0,0.0,0.0,0.0,0.0,0.0,0.0,0.0,0.0,0.0,0.0,733.0,302.0,0.0,727.0,303.0,0.0,713.0,298.0,0.0,734.0,303.0,,,,34,,Franco,Umeh-Chibueze,Umeh,has joined Portsmouth permanently.,,0,0,0,0,0,0,0,0,0,0,0,0,0,,,,0.0,0.0,0.0,0.0,0.0,0,0,0
283,a,100.0,100.0,7.6,21,7.0,0,0.0,1,-1.0,7.5,55,10.0,98,0,3.8,90.0,8.0,12,334,4.3,50.0,10.0,0.6,12.9,0.0,4897042,862,5169725,717,4.3,3.8,13.07,1.27,14.34,26.77,0.59,0.06,0.65,1.21,484.8,109.0,10.0,133.7,245.0,27.0,708.0,18.0,10.0,132.1,55.0,12.0,,,2.0,34,,Jean-Philippe,Mateta,Mateta,,,1990,10,0,8,23,0,0,0,2,0,0,23,117,,,,0.0,0.36,1.04,1.04,5.29,9,53,55
284,i,0.0,0.0,5.4,162,39.0,0,0.0,-1,1.0,0.3,334,55.0,23,0,1.9,361.0,41.0,3,100,0.0,781.0,83.0,0.0,4.3,0.0,124652,2,147015,8,0.0,0.0,1.77,0.46,2.23,9.49,0.38,0.1,0.48,2.06,120.0,353.0,36.0,84.6,303.0,35.0,173.0,183.0,40.0,37.8,321.0,37.0,,,,34,,Eddie,Nketiah,Nketiah,Hamstring injury - Expected back 01 Jun,,414,2,0,0,12,0,0,0,2,0,0,2,38,,,,0.0,0.0,2.61,0.43,8.26,8,13,17
285,u,0.0,0.0,5.0,248,53.0,0,0.0,0,0.0,0.2,375,60.0,1,0,1.0,500.0,60.0,0,6,0.0,737.0,79.0,0.0,0.2,0.0,9044,0,89643,0,0.0,0.0,0.0,0.0,0.0,0.27,0.0,0.0,0.0,12.15,2.0,497.0,57.0,0.0,789.0,87.0,0.0,784.0,87.0,0.2,510.0,62.0,,,,34,,Odsonne,Édouard,Édouard,has joined RC Lens permanently.,,2,0,0,0,0,0,0,0,0,0,0,0,1,,,,0.0,0.0,0.0,0.0,45.0,1,0,0
286,a,,,4.4,564,80.0,0,0.0,-1,1.0,0.3,319,51.0,0,0,0.0,687.0,73.0,0,0,0.0,576.0,62.0,0.0,0.0,0.0,52020,12,60490,12,0.0,-0.5,0.0,0.0,0.0,0.0,0.0,0.0,0.0,0.0,0.0,681.0,73.0,0.0,676.0,72.0,0.0,657.0,72.0,0.0,683.0,73.0,,,,34,,Zach,Marsh,Marsh,,,0,0,0,0,0,0,0,0,0,0,0,0,0,,,,0.0,0.0,0.0,0.0,0.0,0,0,0
580,a,,,6.5,50,32.0,0,0.0,-5,5.0,2.3,130,43.0,57,0,2.0,349.0,151.0,2,188,1.3,199.0,93.0,0.2,8.8,0.0,1149212,35,1327063,37,1.3,0.8,2.22,0.96,3.18,21.65,0.15,0.06,0.21,1.43,197.2,290.0,123.0,239.7,159.0,107.0,202.0,157.0,88.0,63.2,232.0,114.0,1.0,3.0,,34,,Brennan,Johnson,Johnson,,,1364,2,1,6,14,0,0,0,6,0,0,15,95,,,,0.0,0.4,0.92,0.99,6.27,22,30,43
654,a,100.0,100.0,5.9,95,27.0,0,0.0,-6,6.0,1.5,162,24.0,65,0,2.2,317.0,35.0,3,190,1.0,228.0,29.0,0.2,11.0,0.0,488417,79,831177,427,1.0,0.5,4.33,0.72,5.05,30.4,0.2,0.03,0.23,1.38,243.4,256.0,23.0,173.2,204.0,19.0,398.0,61.0,24.0,79.9,168.0,23.0,,,,34,,Jørgen,Strand Larsen,Strand Larsen,,,1987,4,1,5,32,0,0,1,4,0,0,22,84,,,,0.0,0.23,1.45,1.0,3.8,8,43,33
677,i,0.0,0.0,6.2,76,50.0,0,0.0,-3,3.0,0.0,602,228.0,42,0,2.2,318.0,138.0,0,137,0.0,812.0,361.0,0.0,6.8,0.0,11326,1,15497,12,0.0,0.0,1.56,0.75,2.31,12.74,0.16,0.08,0.24,1.3,156.8,326.0,148.0,75.8,314.0,175.0,183.0,174.0,96.0,41.2,310.0,152.0,,,,34,,Evann,Guessand,Guessand,Knee injury - Expected back 10 May,,880,1,3,2,15,0,0,0,0,0,0,9,81,,,,0.0,0.2,1.53,0.92,8.28,24,15,42
690,a,100.0,100.0,4.4,568,342.0,0,0.0,-1,1.0,0.3,348,120.0,0,0,0.0,690.0,268.0,0,0,0.0,579.0,196.0,0.0,0.0,0.0,58336,1,56106,6,0.0,-0.5,0.0,0.0,0.0,0.0,0.0,0.0,0.0,0.0,0.0,684.0,262.0,0.0,679.0,265.0,0.0,660.0,257.0,0.0,686.0,264.0,,,,34,,Rio,Cardines,Cardines,,,0,0,0,0,0,0,0,0,0,0,0,0,0,,,,0.0,0.0,0.0,0.0,0.0,0,0,0
712,a,100.0,100.0,5.8,108,69.0,0,0.0,-2,2.0,0.2,402,136.0,69,0,2.4,290.0,125.0,3,293,1.0,227.0,107.0,0.2,11.9,0.0,130554,12,115730,20,1.0,0.5,4.11,5.49,9.6,25.68,0.2,0.27,0.47,1.25,289.4,223.0,94.0,637.4,24.0,23.0,337.0,80.0,45.0,126.2,66.0,42.0,,1.0,,34,,Yéremy,Pino Santos,Yeremy,,,1849,2,1,7,21,0,0,0,4,0,0,23,153,,,,0.0,0.34,1.02,1.12,7.45,33,26,94
723,a,100.0,100.0,4.5,515,98.0,0,0.0,0,0.0,0.2,380,139.0,62,0,4.1,52.0,21.0,9,192,4.7,38.0,17.0,1.0,13.8,0.0,30373,220,8361,25,4.7,4.2,1.17,0.29,1.46,15.75,0.12,0.03,0.15,1.61,273.2,237.0,93.0,44.5,363.0,129.0,36.0,356.0,118.0,35.2,333.0,111.0,,,,34,,Jaydee,Canvot,Canvot,,,881,0,0,5,10,0,0,0,2,0,0,9,123,,,,0.0,0.51,1.02,0.92,12.57,30,93,38
732,a,,,5.5,151,37.0,0,0.0,0,0.0,0.1,580,79.0,17,0,1.2,445.0,54.0,0,42,0.0,798.0,86.0,0.0,3.1,0.0,15174,3,11685,3,0.0,-0.5,0.49,0.01,0.5,4.63,0.28,0.01,0.29,2.62,13.2,461.0,54.0,7.1,441.0,57.0,73.0,304.0,52.0,8.8,427.0,54.0,,,,34,,Christantus,Uche,Uche,,,159,0,1,0,4,0,0,0,0,0,0,0,13,,,,0.0,0.0,2.26,0.0,7.36,1,3,9
762,a,,,4.5,518,322.0,0,0.0,0,0.0,0.0,778,335.0,2,0,1.0,491.0,222.0,0,6,0.0,677.0,268.0,0.0,0.4,0.0,760,1,487,0,0.0,-0.5,0.0,0.0,0.0,0.73,0.0,0.0,0.0,9.39,1.4,501.0,230.0,1.0,476.0,230.0,0.0,744.0,322.0,0.3,507.0,232.0,,,,34,,Joél,Drakes-Thomas,Drakes-Thomas,,,7,0,0,0,1,0,0,0,0,0,0,0,3,,,,0.0,0.0,12.86,0.0,38.57,1,0,2
773,a,,,4.0,741,210.0,0,0.0,0,0.0,0.0,701,247.0,0,0,0.0,638.0,246.0,0,0,0.0,485.0,199.0,0.0,0.0,0.0,866,2,673,3,0.0,-0.5,0.0,0.0,0.0,0.0,0.0,0.0,0.0,0.0,0.0,628.0,246.0,0.0,621.0,246.0,0.0,592.0,244.0,0.0,630.0,246.0,,,,34,,Dean,Benamar,Benamar,,,0,0,0,0,0,0,0,0,0,0,0,0,0,,,,0.0,0.0,0.0,0.0,0.0,0,0,0
780,a,,,4.5,511,73.0,0,0.0,0,0.0,0.0,657,85.0,0,0,0.0,760.0,83.0,0,0,0.0,671.0,72.0,0.0,0.0,0.0,3537,5,2070,2,0.0,-0.5,0.0,0.0,0.0,0.0,0.0,0.0,0.0,0.0,0.0,759.0,83.0,0.0,752.0,82.0,0.0,739.0,82.0,0.0,759.0,83.0,,,,34,,Ben,Casey,Casey,,,0,0,0,0,0,0,0,0,0,0,0,0,0,,,,0.0,0.0,0.0,0.0,0.0,0,0,0
793,a,,,4.0,730,199.0,0,0.0,0,0.0,0.0,682,240.0,0,0,0.0,631.0,239.0,0,0,0.0,475.0,189.0,0.0,0.0,0.0,1662,2,864,3,0.0,-0.5,0.0,0.0,0.0,0.0,0.0,0.0,0.0,0.0,0.0,621.0,239.0,0.0,614.0,239.0,0.0,584.0,236.0,0.0,623.0,239.0,,,,34,,George,King,King,,,0,0,0,0,0,0,0,0,0,0,0,0,0,,,,0.0,0.0,0.0,0.0,0.0,0,0,0
798,u,0.0,0.0,4.0,706,182.0,0,0.0,0,0.0,0.0,808,267.0,0,0,0.0,611.0,225.0,0,0,0.0,451.0,172.0,0.0,0.0,0.0,142,0,195,0,0.0,0.0,0.0,0.0,0.0,0.0,0.0,0.0,0.0,0.0,0.0,601.0,225.0,0.0,593.0,225.0,0.0,562.0,221.0,0.0,603.0,225.0,,,,34,,Danny,Imray,Imray,has joined West Brom on loan for the rest of the season.,,0,0,0,0,0,0,0,0,0,0,0,0,0,,,,0.0,0.0,0.0,0.0,0.0,0,0,0
242,a,100.0,100.0,5.1,228,138.0,0,0.0,1,-1.0,5.8,68,23.0,132,0,5.1,12.0,5.0,17,520,5.0,30.0,10.0,1.0,25.9,0.0,2246181,1712,2047374,1492,4.5,5.0,3.71,4.71,8.42,33.42,0.15,0.19,0.34,1.38,537.4,83.0,27.0,495.3,44.0,39.0,378.0,70.0,41.0,141.2,49.0,33.0,3.0,,,34,,Kiernan,Dewsbury-Hall,Dewsbury-Hall,,,2186,7,6,8,29,0,0,0,6,0,0,25,193,,,,0.0,0.33,1.19,1.03,7.95,45,36,112
243,a,100.0,100.0,4.8,374,234.0,0,0.0,-2,2.0,0.1,551,203.0,12,0,1.1,447.0,199.0,0,25,0.7,254.0,119.0,0.1,2.5,0.0,9494,3,11255,6,0.2,0.7,0.54,0.17,0.71,5.27,0.18,0.06,0.24,1.75,24.0,450.0,199.0,22.2,396.0,199.0,103.0,265.0,143.0,14.5,401.0,183.0,,,,34,,Tyrique,George,George,,,271,0,0,1,6,0,0,0,2,0,0,1,17,,,,0.0,0.33,1.99,0.33,5.65,5,1,11
287,a,,,5.6,123,2.0,0,0.0,1,-1.0,13.6,26,3.0,127,0,3.8,87.0,11.0,11,512,0.3,333.0,23.0,0.1,22.7,0.0,1845705,622,1580736,1640,-0.2,0.3,0.0,0.15,0.15,49.15,0.0,0.0,0.0,1.49,785.8,13.0,4.0,10.2,426.0,6.0,2.0,459.0,3.0,79.8,170.0,5.0,,,,34,,Jordan,Pickford,Pickford,,,2970,0,0,11,39,0,1,0,4,0,91,33,97,,,,2.76,0.33,1.18,1.0,0.0,2,42,271
288,a,100.0,100.0,4.2,634,32.0,0,0.0,-3,3.0,0.1,458,67.0,0,0,0.0,645.0,90.0,0,0,0.0,499.0,81.0,0.0,0.0,0.0,5029,3,12598,0,-0.5,0.0,0.0,0.0,0.0,0.0,0.0,0.0,0.0,0.0,0.0,636.0,90.0,0.0,630.0,81.0,0.0,604.0,69.0,0.0,638.0,90.0,,,,34,,Mark,Travers,Travers,,,0,0,0,0,0,0,0,0,0,0,0,0,0,,,,0.0,0.0,0.0,0.0,0.0,0,0,0
289,u,0.0,0.0,3.9,766,81.0,0,0.0,-1,1.0,0.1,505,74.0,0,0,0.0,559.0,52.0,0,0,0.0,391.0,39.0,0.0,0.0,0.0,4633,0,10603,2,0.0,0.0,0.0,0.0,0.0,0.0,0.0,0.0,0.0,0.0,0.0,548.0,52.0,0.0,536.0,36.0,0.0,504.0,22.0,0.0,550.0,52.0,,,,34,,Harry,Tyrer,Tyrer,has joined Cardiff City permanently.,,0,0,0,0,0,0,0,0,0,0,0,0,0,,,,0.0,0.0,0.0,0.0,0.0,0,0,0
290,i,0.0,0.0,5.3,196,24.0,0,0.0,-2,2.0,0.4,286,108.0,32,0,3.2,179.0,72.0,0,108,2.3,119.0,49.0,0.4,6.0,0.0,72754,2,108486,446,0.0,0.0,0.34,0.11,0.45,9.43,0.05,0.01,0.06,1.25,175.0,308.0,119.0,42.8,364.0,130.0,75.0,303.0,91.0,29.3,356.0,120.0,,,,34,,Jarrad,Branthwaite,Branthwaite,Hamstring injury - Expected back 01 Jun,,678,1,1,1,9,0,0,0,1,0,0,7,67,,,,0.0,0.13,1.19,0.93,8.89,14,53,30
291,a,100.0,100.0,5.7,110,8.0,0,0.0,2,-2.0,12.4,29,10.0,146,0,4.6,27.0,10.0,9,538,1.3,195.0,66.0,0.2,25.6,0.0,2878610,1358,2155227,2776,0.8,1.3,2.21,1.32,3.53,46.45,0.07,0.04,0.11,1.45,818.4,9.0,4.0,187.0,194.0,50.0,310.0,92.0,9.0,131.9,56.0,9.0,,,,34,,James,Tarkowski,Tarkowski,,,2880,1,1,11,37,0,0,0,5,0,0,32,356,,,,0.0,0.34,1.16,1.0,10.31,40,290,78
292,a,100.0,100.0,4.9,310,50.0,0,0.0,-1,1.0,0.7,231,87.0,90,0,3.2,174.0,69.0,2,338,2.0,134.0,53.0,0.4,18.4,0.0,172870,48,189566,124,1.5,2.0,0.28,2.33,2.61,41.32,0.01,0.08,0.09,1.48,485.4,108.0,48.0,342.9,93.0,23.0,65.0,316.0,98.0,89.2,147.0,50.0,,,,34,,Vitalii,Mykolenko,Mykolenko,,,2509,0,1,9,36,1,0,0,5,0,0,28,224,,,,0.0,0.32,1.29,1.0,7.25,41,161,97
293,a,100.0,100.0,4.9,333,56.0,0,0.0,-1,1.0,0.7,228,85.0,107,0,3.3,153.0,59.0,2,367,1.7,161.0,60.0,0.3,21.8,0.0,193150,54,180673,122,1.2,1.7,0.94,0.91,1.85,46.97,0.03,0.03,0.06,1.55,518.0,87.0,38.0,247.5,156.0,40.0,132.0,229.0,60.0,90.1,143.0,47.0,,,,34,,Jake,O'Brien,O'Brien,,,2726,0,3,10,37,0,0,0,2,1,0,30,237,,,,0.0,0.33,1.22,0.99,6.9,50,159,104
294,a,100.0,100.0,4.2,627,140.0,0,0.0,-3,3.0,0.1,491,177.0,3,0,1.0,466.0,171.0,0,10,0.0,497.0,208.0,0.0,0.7,0.0,6862,5,18208,2,-0.5,0.0,0.0,0.0,0.0,0.24,0.0,0.0,0.0,1.96,0.0,635.0,251.0,0.1,488.0,176.0,0.0,600.0,249.0,0.0,637.0,251.0,,,,34,,Séamus,Coleman,Coleman,,,11,0,0,0,0,0,0,0,0,0,0,1,0,,,,0.0,0.0,0.0,8.18,0.0,0,0,1
295,a,100.0,100.0,4.5,413,77.0,0,0.0,0,0.0,2.9,114,44.0,119,0,4.2,46.0,17.0,8,380,0.3,307.0,98.0,0.1,26.4,0.0,1490525,155,1194401,742,-0.2,0.3,1.97,0.2,2.17,37.43,0.08,0.01,0.09,1.58,652.6,47.0,21.0,30.1,385.0,138.0,241.0,125.0,23.0,92.4,138.0,43.0,,,,34,,Michael,Keane,Keane,,,2138,3,0,7,31,0,0,0,0,1,0,24,290,,,,0.0,0.29,1.3,1.01,10.94,31,229,75
296,a,100.0,100.0,4.4,540,114.0,0,0.0,-1,1.0,0.0,633,226.0,21,0,3.5,119.0,43.0,0,68,0.0,557.0,233.0,0.0,4.8,0.0,6057,1,7204,4,-0.5,0.0,0.03,0.04,0.07,3.55,0.01,0.02,0.03,1.35,63.6,410.0,154.0,6.4,444.0,158.0,17.0,397.0,144.0,8.6,429.0,155.0,,,,34,,Nathan,Patterson,Patterson,,,237,0,0,2,1,0,0,0,0,0,0,3,30,,,,0.0,0.76,0.38,1.14,11.39,10,20,14
297,u,0.0,0.0,3.8,805,246.0,0,0.0,-2,2.0,0.2,412,152.0,0,0,0.0,537.0,192.0,0,0,0.0,362.0,128.0,0.0,0.0,0.0,9298,0,22356,4,0.0,0.0,0.0,0.0,0.0,0.0,0.0,0.0,0.0,0.0,0.0,526.0,191.0,0.0,508.0,190.0,0.0,475.0,184.0,0.0,528.0,191.0,,,,34,,Roman,Dixon,Dixon,has joined Stockport County on loan for the rest of the season.,,0,0,0,0,0,0,0,0,0,0,0,0,0,,,,0.0,0.0,0.0,0.0,0.0,0,0,0
298,a,,,3.8,803,244.0,0,0.0,-2,2.0,0.1,425,157.0,0,0,0.0,536.0,191.0,0,0,0.0,361.0,127.0,0.0,0.0,0.0,8456,2,15749,4,-0.5,0.0,0.0,0.0,0.0,0.0,0.0,0.0,0.0,0.0,0.0,525.0,190.0,0.0,507.0,189.0,0.0,474.0,183.0,0.0,527.0,190.0,,,,34,,Reece,Welch,Welch,,,0,0,0,0,0,0,0,0,0,0,0,0,0,,,,0.0,0.0,0.0,0.0,0.0,0,0,0
299,a,100.0,100.0,6.2,74,49.0,0,0.0,-3,3.0,4.6,83,27.0,118,0,4.4,39.0,17.0,7,496,2.0,147.0,62.0,0.3,19.0,0.0,1888731,530,2614832,1173,1.5,2.0,5.13,4.25,9.38,35.59,0.2,0.16,0.36,1.37,556.2,71.0,21.0,426.6,64.0,52.0,473.0,45.0,27.0,145.8,44.0,30.0,,,1.0,34,,Iliman,Ndiaye,Ndiaye,,,2331,6,3,8,33,0,0,0,2,0,0,27,257,,,,0.0,0.31,1.27,1.04,9.92,62,33,162
300,a,,,5.5,142,88.0,0,0.0,-5,5.0,0.2,416,144.0,50,0,2.5,271.0,112.0,1,170,1.3,193.0,89.0,0.2,9.1,0.0,36143,8,66537,20,0.8,1.3,1.34,0.96,2.3,17.81,0.11,0.08,0.19,1.46,129.6,346.0,156.0,217.3,171.0,116.0,131.0,234.0,128.0,47.9,283.0,145.0,2.0,,,34,,Dwight,McNeil,McNeil,,,1095,0,3,6,7,0,0,0,1,0,0,13,103,,,,0.0,0.49,0.58,1.07,8.47,20,24,59
301,a,100.0,100.0,5.2,213,130.0,0,0.0,-3,3.0,0.1,534,196.0,26,0,1.6,403.0,172.0,0,111,0.0,766.0,334.0,0.0,5.0,0.0,17195,1,30198,0,-0.5,0.0,1.04,0.44,1.48,13.03,0.14,0.06,0.2,1.76,83.0,390.0,174.0,144.5,232.0,149.0,156.0,201.0,110.0,38.4,319.0,156.0,,,,34,,Carlos,Alcaraz Durán,Alcaraz,,,667,0,1,3,8,0,0,0,3,0,0,6,64,,,,0.0,0.4,1.08,0.81,8.64,13,10,41
302,a,100.0,100.0,5.4,152,96.0,0,0.0,-1,1.0,0.1,449,152.0,81,0,3.4,142.0,60.0,4,407,2.3,120.0,44.0,0.4,15.0,0.0,29757,6,30986,47,1.8,2.3,1.6,1.71,3.31,30.46,0.07,0.08,0.15,1.36,379.8,167.0,58.0,251.2,151.0,101.0,200.0,158.0,89.0,83.2,158.0,82.0,,,,34,,Idrissa Gana,Gueye,Gana,,,2009,2,3,5,25,0,0,0,1,1,0,24,214,,,,0.0,0.22,1.12,1.08,9.59,43,59,112
303,a,,,5.3,188,119.0,0,0.0,3,-3.0,4.3,90,30.0,145,0,4.4,38.0,16.0,13,718,2.0,141.0,57.0,0.4,27.4,0.0,1268340,433,752233,1683,1.5,2.0,1.99,5.11,7.1,49.09,0.06,0.16,0.22,1.49,779.4,15.0,4.0,785.2,10.0,10.0,216.0,143.0,83.0,178.3,21.0,17.0,1.0,3.0,2.0,34,,James,Garner,Garner,,,2963,2,6,11,39,0,0,0,9,0,0,33,408,,,,0.0,0.33,1.18,1.0,12.39,103,142,163
304,a,100.0,100.0,4.8,367,229.0,0,0.0,-2,2.0,0.0,618,237.0,58,0,2.4,283.0,119.0,1,195,0.3,314.0,149.0,0.1,12.1,0.0,5967,1,7039,2,-0.2,0.3,0.41,0.61,1.02,18.74,0.03,0.05,0.08,1.51,195.8,291.0,124.0,93.8,292.0,172.0,65.0,315.0,165.0,35.3,332.0,162.0,,,,34,,Tim,Iroegbunam,Iroegbunam,,,1117,0,3,8,11,0,0,0,8,0,0,13,148,,,,0.0,0.64,0.89,1.05,11.92,53,32,63
305,a,100.0,100.0,4.5,500,309.0,0,0.0,0,0.0,0.1,518,188.0,19,0,1.7,393.0,168.0,0,78,0.0,661.0,256.0,0.0,4.2,0.0,13132,6,20045,14,-0.5,0.0,0.79,0.21,1.0,10.79,0.14,0.04,0.18,1.96,58.6,412.0,179.0,66.6,328.0,179.0,78.0,297.0,159.0,20.5,387.0,179.0,,,,34,,Harrison,Armstrong,Armstrong,,,495,0,0,1,10,0,0,0,0,0,0,6,50,,,,0.0,0.18,1.82,1.09,9.09,13,13,24
306,a,,,4.3,610,360.0,0,0.0,-2,2.0,0.1,495,176.0,0,0,0.0,661.0,250.0,0,0,0.0,535.0,173.0,0.0,0.0,0.0,15452,4,16423,8,-0.5,0.0,0.0,0.0,0.0,0.0,0.0,0.0,0.0,0.0,0.0,651.0,240.0,0.0,647.0,245.0,0.0,624.0,234.0,0.0,653.0,242.0,,,,34,,Callum,Bates,Bates,,,0,0,0,0,0,0,0,0,0,0,0,0,0,,,,0.0,0.0,0.0,0.0,0.0,0,0,0
307,a,,,4.4,551,331.0,0,0.0,-1,1.0,0.0,603,229.0,0,0,0.0,679.0,262.0,0,0,0.0,564.0,187.0,0.0,0.0,0.0,5080,2,6680,0,-0.5,0.0,0.0,0.0,0.0,0.0,0.0,0.0,0.0,0.0,0.0,671.0,254.0,0.0,667.0,258.0,0.0,646.0,248.0,0.0,673.0,256.0,,,,34,,Coby,Ebere,Ebere,,,0,0,0,0,0,0,0,0,0,0,0,0,0,,,,0.0,0.0,0.0,0.0,0.0,0,0,0
308,u,0.0,0.0,4.5,452,270.0,0,0.0,0,0.0,0.0,710,289.0,0,0,0.0,716.0,287.0,0,0,0.0,616.0,219.0,0.0,0.0,0.0,458,0,3774,0,0.0,0.0,0.0,0.0,0.0,0.0,0.0,0.0,0.0,0.0,0.0,711.0,282.0,0.0,706.0,284.0,0.0,690.0,277.0,0.0,712.0,283.0,,,,34,,Isaac,Heath,Heath,has joined Accrington on loan for the rest of the season.,,0,0,0,0,0,0,0,0,0,0,0,0,0,,,,0.0,0.0,0.0,0.0,0.0,0,0,0
309,u,0.0,0.0,4.5,449,268.0,0,0.0,0,0.0,0.0,825,369.0,0,0,0.0,714.0,285.0,0,0,0.0,613.0,217.0,0.0,0.0,0.0,0,0,115,0,0.0,0.0,0.0,0.0,0.0,0.0,0.0,0.0,0.0,0.0,0.0,709.0,280.0,0.0,704.0,282.0,0.0,688.0,275.0,0.0,710.0,281.0,,,,34,,Jenson,Metcalfe,Metcalfe,Has joined Bradford City permanently.,,0,0,0,0,0,0,0,0,0,0,0,0,0,,,,0.0,0.0,0.0,0.0,0.0,0,0,0
310,a,,,5.7,120,33.0,0,0.0,-3,3.0,0.8,218,32.0,78,0,2.4,289.0,31.0,7,229,0.7,271.0,36.0,0.1,13.7,0.0,313763,38,311156,231,0.2,0.7,6.13,0.39,6.52,29.31,0.33,0.02,0.35,1.59,250.4,249.0,22.0,180.8,201.0,18.0,424.0,52.0,21.0,83.0,160.0,22.0,,,,34,,Thierno,Barry,Barry,,,1662,6,0,7,26,0,0,0,3,0,0,19,58,,,,0.0,0.38,1.41,1.03,3.14,3,27,28
311,d,75.0,0.0,5.0,266,55.0,0,0.0,-5,5.0,3.1,108,18.0,92,0,2.8,221.0,22.0,13,303,5.3,25.0,5.0,1.1,18.4,0.0,627112,77,1192608,3388,3.6,0.0,8.2,0.22,8.42,21.24,0.55,0.01,0.56,1.43,390.0,161.0,15.0,137.1,240.0,26.0,604.0,27.0,16.0,111.5,89.0,17.0,,,3.0,34,,Norberto Bercique,Gomes Betuncal,Beto,Head injury - 75% chance of playing,,1341,8,1,5,16,0,0,0,2,0,0,14,79,,,,0.0,0.34,1.07,0.94,5.3,14,40,25
312,u,0.0,0.0,4.9,331,62.0,0,0.0,-1,1.0,0.1,556,77.0,0,0,0.0,788.0,87.0,0,0,0.0,726.0,78.0,0.0,0.0,0.0,2418,0,14567,1,0.0,0.0,0.0,0.0,0.0,0.0,0.0,0.0,0.0,0.0,0.0,787.0,87.0,0.0,783.0,86.0,0.0,779.0,86.0,0.0,787.0,87.0,,,,34,,Youssef,Ramalho Chermiti,Y.Chermiti,has joined Rangers permanently.,,0,0,0,0,0,0,0,0,0,0,0,0,0,,,,0.0,0.0,0.0,0.0,0.0,0,0,0
313,u,0.0,0.0,4.4,558,78.0,0,0.0,-1,1.0,0.1,456,65.0,0,0,0.0,683.0,71.0,0,0,0.0,571.0,60.0,0.0,0.0,0.0,9203,0,26749,0,0.0,0.0,0.0,0.0,0.0,0.0,0.0,0.0,0.0,0.0,0.0,676.0,71.0,0.0,671.0,70.0,0.0,652.0,70.0,0.0,678.0,71.0,,,,34,,Martin,Sherif,Sherif,has joined Port Vale on loan for the rest of the season.,,0,0,0,0,0,0,0,0,0,0,0,0,0,,,,0.0,0.0,0.0,0.0,0.0,0,0,0
419,i,0.0,0.0,6.3,64,42.0,0,0.0,-2,2.0,5.7,70,24.0,79,0,4.0,67.0,30.0,12,356,0.0,814.0,363.0,0.0,12.5,0.0,3790622,2,3788138,133,0.0,0.0,2.05,3.37,5.41,25.81,0.11,0.19,0.3,1.43,374.2,173.0,64.0,520.5,39.0,35.0,397.0,64.0,38.0,129.2,62.0,39.0,,,,34,,Jack,Grealish,Grealish,Foot injury - Expected back 01 Jun,,1627,2,6,7,23,0,0,0,3,1,0,18,135,,,,0.0,0.39,1.27,1.0,7.47,20,27,88
630,a,,,3.9,754,75.0,0,0.0,-1,1.0,1.2,180,21.0,0,0,0.0,552.0,47.0,0,0,0.0,383.0,34.0,0.0,0.0,0.0,72969,10,105462,22,-0.5,0.0,0.0,0.0,0.0,0.0,0.0,0.0,0.0,0.0,0.0,541.0,47.0,0.0,528.0,30.0,0.0,496.0,16.0,0.0,543.0,47.0,,,,34,,Tom,King,King,,,0,0,0,0,0,0,0,0,0,0,0,0,0,,,,0.0,0.0,0.0,0.0,0.0,0,0,0
667,a,100.0,100.0,4.2,641,148.0,0,0.0,-3,3.0,0.1,571,204.0,0,0,0.0,647.0,251.0,0,0,0.0,503.0,211.0,0.0,0.0,0.0,3028,1,12770,0,-0.5,0.0,0.0,0.0,0.0,0.0,0.0,0.0,0.0,0.0,0.0,638.0,252.0,0.0,632.0,251.0,0.0,607.0,250.0,0.0,640.0,252.0,,,,34,,Adam,Aznou,Aznou,,,0,0,0,0,0,0,0,0,0,0,0,0,0,,,,0.0,0.0,0.0,0.0,0.0,0,0,0
704,u,0.0,0.0,4.5,439,261.0,0,0.0,0,0.0,0.0,589,221.0,0,0,0.0,709.0,280.0,0,0,0.0,607.0,211.0,0.0,0.0,0.0,8420,0,10243,0,0.0,0.0,0.0,0.0,0.0,0.0,0.0,0.0,0.0,0.0,0.0,703.0,274.0,0.0,699.0,277.0,0.0,682.0,270.0,0.0,705.0,276.0,,,,34,,Tyler,Onyango,Onyango,has joined Stockport County on loan for the rest of the season.,,0,0,0,0,0,0,0,0,0,0,0,0,0,,,,0.0,0.0,0.0,0.0,0.0,0,0,0
705,u,0.0,0.0,3.9,776,224.0,0,0.0,-1,1.0,0.1,420,155.0,0,0,0.0,566.0,204.0,0,0,0.0,398.0,145.0,0.0,0.0,0.0,18604,0,17762,1,0.0,0.0,0.0,0.0,0.0,0.0,0.0,0.0,0.0,0.0,0.0,555.0,203.0,0.0,544.0,203.0,0.0,512.0,198.0,0.0,557.0,203.0,,,,34,,Elijah,Campbell,Campbell,has joined Port Vale on loan for the rest of the season.,,0,0,0,0,0,0,0,0,0,0,0,0,0,,,,0.0,0.0,0.0,0.0,0.0,0,0,0
707,a,,,5.3,197,123.0,0,0.0,-2,2.0,0.0,648,253.0,18,0,1.3,439.0,197.0,0,49,0.0,774.0,338.0,0.0,3.4,0.0,7938,0,7531,1,-0.5,0.0,0.2,0.14,0.34,6.65,0.05,0.04,0.09,1.71,46.0,422.0,184.0,61.0,340.0,184.0,32.0,366.0,187.0,13.6,408.0,185.0,,,,34,,Tyler,Dibling,Dibling,,,349,0,0,2,2,0,0,0,2,0,0,4,40,,,,0.0,0.52,0.52,1.03,10.32,7,11,22
728,a,100.0,100.0,5.0,275,169.0,0,0.0,0,0.0,0.0,707,287.0,18,0,1.5,413.0,179.0,0,48,0.0,750.0,321.0,0.0,3.6,0.0,1640,1,1738,1,-0.5,0.0,0.5,0.21,0.71,8.22,0.13,0.05,0.18,2.07,67.6,404.0,177.0,66.2,329.0,180.0,32.0,365.0,186.0,16.6,398.0,181.0,,,,34,,Merlin,Röhl,Röhl,,,358,0,0,2,6,0,0,0,0,0,0,2,48,,,,0.0,0.5,1.51,0.5,12.07,18,10,20
779,a,,,4.5,509,72.0,0,0.0,0,0.0,0.0,614,82.0,0,0,0.0,759.0,82.0,0,0,0.0,670.0,71.0,0.0,0.0,0.0,5556,8,3180,3,-0.5,0.0,0.0,0.0,0.0,0.0,0.0,0.0,0.0,0.0,0.0,758.0,82.0,0.0,751.0,81.0,0.0,738.0,81.0,0.0,758.0,82.0,,,,34,,Braiden,Graham,Graham,,,0,0,0,0,0,0,0,0,0,0,0,0,0,,,,0.0,0.0,0.0,0.0,0.0,0,0,0
314,a,,,4.9,286,10.0,0,0.0,-1,1.0,1.9,141,19.0,101,0,3.1,190.0,21.0,7,455,4.0,58.0,7.0,0.8,20.6,0.0,320763,150,295333,268,3.0,4.0,0.0,0.0,0.0,46.04,0.0,0.0,0.0,1.4,711.0,34.0,9.0,0.0,768.0,91.0,0.0,764.0,89.0,70.9,205.0,10.0,,,,34,,Bernd,Leno,Leno,,,2970,0,0,7,46,1,0,0,3,0,84,33,107,,,,2.55,0.21,1.39,1.0,0.0,4,42,277
315,u,0.0,0.0,4.0,681,48.0,0,0.0,0,0.0,0.0,763,89.0,0,0,0.0,591.0,70.0,0,0,0.0,428.0,59.0,0.0,0.0,0.0,577,0,913,0,0.0,0.0,0.0,0.0,0.0,0.0,0.0,0.0,0.0,0.0,0.0,580.0,70.0,0.0,572.0,58.0,0.0,541.0,44.0,0.0,582.0,70.0,,,,34,,Steven,Benda,Benda,has joined Feyenoord on loan for the rest of the season.,,0,0,0,0,0,0,0,0,0,0,0,0,0,,,,0.0,0.0,0.0,0.0,0.0,0,0,0
316,a,100.0,100.0,4.9,294,45.0,0,0.0,-1,1.0,0.8,212,83.0,44,0,2.6,252.0,99.0,4,195,1.3,180.0,64.0,0.3,9.0,0.0,188142,44,207082,154,0.3,1.3,0.22,1.34,1.56,18.05,0.02,0.11,0.13,1.45,272.4,238.0,94.0,289.5,125.0,34.0,44.0,342.0,111.0,60.6,239.0,82.0,,,,34,,Antonee,Robinson,Robinson,,,1118,0,0,3,14,0,0,0,3,0,0,13,105,,,,0.0,0.24,1.13,1.05,8.37,36,68,67
317,a,100.0,100.0,4.5,419,80.0,0,0.0,0,0.0,4.7,82,26.0,111,0,3.7,93.0,34.0,5,393,2.3,112.0,45.0,0.5,24.7,0.0,1576739,97,1328054,3277,1.3,2.3,1.38,1.8,3.18,40.61,0.05,0.06,0.11,1.38,737.6,23.0,8.0,117.6,260.0,72.0,144.0,217.0,54.0,100.3,112.0,31.0,,,,34,,Joachim,Andersen,Andersen,,,2651,0,1,7,41,0,0,0,7,0,0,30,338,,,,0.0,0.24,1.39,1.02,10.22,38,263,107
318,a,100.0,100.0,4.4,538,112.0,0,0.0,-1,1.0,0.7,239,91.0,86,0,3.4,135.0,51.0,9,296,3.0,90.0,36.0,0.7,19.5,0.0,174890,30,157485,222,2.0,3.0,1.71,0.27,1.97,31.32,0.07,0.01,0.08,1.35,486.0,106.0,46.0,105.3,279.0,82.0,111.0,253.0,68.0,70.6,208.0,72.0,,,,34,,Calvin,Bassey,Bassey,,,2082,1,1,5,35,0,0,0,5,0,0,23,216,,,,0.0,0.22,1.51,0.99,7.61,51,125,94
319,a,,,4.3,580,126.0,0,0.0,-2,2.0,0.1,448,168.0,40,0,1.6,401.0,149.0,1,193,2.7,102.0,42.0,0.6,9.3,0.0,23014,6,26850,19,1.7,2.7,1.21,0.8,2.01,26.01,0.08,0.05,0.13,1.68,300.6,219.0,85.0,214.6,174.0,43.0,141.0,218.0,55.0,65.9,220.0,76.0,,,,34,,Timothy,Castagne,Castagne,,,1396,0,1,1,26,0,0,0,3,0,0,15,134,,,,0.0,0.06,1.68,0.97,7.67,29,90,43
320,a,,,4.3,583,129.0,0,0.0,-2,2.0,0.1,536,190.0,13,0,1.3,431.0,155.0,0,49,0.0,517.0,219.0,0.0,3.0,0.0,8103,1,12212,5,-1.0,0.0,0.02,0.04,0.06,10.15,0.0,0.01,0.01,1.54,118.0,357.0,135.0,5.7,447.0,160.0,12.0,409.0,153.0,13.6,407.0,146.0,,,,34,,Issa,Diop,Diop,,,592,0,0,0,11,0,0,0,2,0,0,6,55,,,,0.0,0.0,1.67,0.91,7.3,6,42,14
321,a,,,4.3,587,132.0,0,0.0,-2,2.0,0.1,577,206.0,39,0,2.8,216.0,83.0,1,155,0.0,519.0,220.0,0.0,9.1,0.0,6937,1,8170,2,-1.0,0.0,0.05,0.53,0.58,14.59,0.0,0.05,0.05,1.41,244.6,254.0,101.0,47.1,359.0,127.0,14.0,402.0,147.0,30.7,351.0,118.0,,,,34,,Jorge,Cuenca Barreno,J.Cuenca,,,931,0,0,2,11,0,0,0,5,0,0,11,120,,,,0.0,0.19,1.06,1.06,11.02,16,98,40
322,i,0.0,0.0,4.5,417,79.0,0,0.0,0,0.0,0.2,362,131.0,81,0,3.7,92.0,33.0,5,318,0.0,590.0,237.0,0.0,18.0,0.0,180720,5,178002,77,0.0,0.0,0.92,1.46,2.38,25.79,0.05,0.07,0.12,1.3,416.0,140.0,61.0,214.1,176.0,44.0,108.0,259.0,72.0,73.9,188.0,65.0,,,,34,,Kenny,Tete,Tete,Foot injury - Unknown return date,,1791,1,0,6,25,0,0,0,2,0,0,21,188,,,,0.0,0.3,1.26,1.06,8.29,65,100,82
323,a,,,3.8,818,257.0,0,0.0,-2,2.0,0.1,427,159.0,0,0,0.0,545.0,199.0,0,0,0.0,374.0,138.0,0.0,0.0,0.0,10011,1,17990,7,-1.0,0.0,0.0,0.0,0.0,0.0,0.0,0.0,0.0,0.0,0.0,534.0,198.0,0.0,518.0,198.0,0.0,486.0,193.0,0.0,536.0,198.0,,,,34,,Samuel,Amissah,Amissah,,,0,0,0,0,0,0,0,0,0,0,0,0,0,,,,0.0,0.0,0.0,0.0,0.0,0,0,0
324,i,0.0,0.0,6.3,65,43.0,0,0.0,-2,2.0,1.6,153,52.0,98,0,3.6,111.0,49.0,13,478,1.0,232.0,110.0,0.2,15.6,0.0,590810,3,581066,2291,0.0,0.0,1.41,4.42,5.83,34.68,0.06,0.18,0.24,1.38,486.2,105.0,35.0,684.9,17.0,17.0,275.0,105.0,64.0,144.7,45.0,31.0,2.0,,,34,,Alex,Iwobi,Iwobi,Hamstring injury - Unknown return date,,2264,4,3,4,39,0,0,0,3,0,0,27,175,,,,0.0,0.16,1.55,1.07,6.96,26,34,115
325,a,100.0,100.0,5.6,126,78.0,0,0.0,-4,4.0,0.5,266,92.0,69,0,2.2,316.0,137.0,1,296,1.3,194.0,90.0,0.2,12.3,0.0,166300,23,222262,46,0.3,1.3,4.42,1.06,5.48,26.28,0.25,0.06,0.31,1.51,262.2,244.0,104.0,306.7,117.0,82.0,346.0,79.0,44.0,91.5,140.0,76.0,,,,34,,Emile,Smith Rowe,Smith Rowe,,,1563,3,1,4,23,0,0,0,1,0,0,17,120,,,,0.0,0.23,1.32,0.98,6.91,25,37,58
327,u,0.0,0.0,5.3,184,115.0,0,0.0,-2,2.0,0.1,567,211.0,0,0,0.0,807.0,357.0,0,0,0.0,772.0,336.0,0.0,0.0,0.0,2438,0,35627,1,0.0,0.0,0.0,0.0,0.0,0.0,0.0,0.0,0.0,0.0,0.0,806.0,356.0,0.0,805.0,356.0,0.0,802.0,355.0,0.0,806.0,356.0,,,,34,,Andreas,Hoelgebaum Pereira,Andreas,has joined Palmeiras permanently.,,0,0,0,0,0,0,0,0,0,0,0,0,0,,,,0.0,0.0,0.0,0.0,0.0,0,0,0
328,a,100.0,100.0,5.4,159,99.0,0,0.0,-1,1.0,0.2,407,140.0,84,0,3.2,180.0,71.0,5,296,1.3,192.0,88.0,0.2,15.6,0.0,147675,6,141107,8,0.3,1.3,1.34,1.79,3.13,25.71,0.07,0.09,0.16,1.33,368.8,177.0,67.0,223.2,167.0,113.0,212.0,147.0,84.0,80.3,167.0,86.0,,,,34,,Ryan,Sessegnon,Sessegnon,,,1736,2,3,5,29,0,0,0,0,0,0,19,207,,,,0.0,0.26,1.5,0.99,10.73,45,92,70
329,a,100.0,100.0,6.0,85,55.0,0,0.0,5,-5.0,22.2,13,5.0,157,0,5.1,13.0,6.0,21,594,1.7,168.0,74.0,0.3,26.2,0.0,5765228,1212,3033693,10209,0.7,1.7,5.48,4.44,9.92,35.45,0.2,0.16,0.36,1.31,665.8,43.0,11.0,587.9,29.0,27.0,573.0,29.0,13.0,182.6,19.0,15.0,1.0,1.0,3.0,34,,Harry,Wilson,Wilson,,,2431,10,8,8,34,0,0,0,6,0,0,29,161,,,,0.0,0.3,1.26,1.07,5.96,25,60,76
330,a,,,4.9,303,188.0,0,0.0,-1,1.0,0.1,517,187.0,84,0,2.6,253.0,102.0,3,476,1.3,181.0,81.0,0.3,17.1,0.0,13466,4,14302,5,0.3,1.3,1.32,1.32,2.64,41.51,0.04,0.04,0.08,1.39,415.8,141.0,48.0,315.9,112.0,79.0,85.0,291.0,157.0,82.0,164.0,83.0,,,,34,,Sander,Berge,Berge,,,2679,0,3,6,44,1,0,0,5,0,0,31,263,,,,0.0,0.2,1.48,1.04,8.84,54,86,123
331,a,100.0,100.0,4.8,346,216.0,0,0.0,-2,2.0,0.0,641,248.0,32,0,1.5,410.0,176.0,1,134,1.0,215.0,98.0,0.2,6.7,0.0,2957,2,4983,0,0.0,1.0,0.95,0.61,1.56,10.74,0.14,0.09,0.23,1.55,96.0,381.0,168.0,138.4,238.0,152.0,49.0,336.0,175.0,28.4,360.0,171.0,,,,34,,Tom,Cairney,Cairney,,,625,1,0,2,9,0,0,0,3,0,0,5,48,,,,0.0,0.29,1.3,0.72,6.91,5,8,35
332,a,100.0,100.0,4.9,307,191.0,0,0.0,-1,1.0,0.1,573,214.0,54,0,2.5,266.0,109.0,3,248,1.0,219.0,102.0,0.2,11.0,0.0,15010,3,19344,2,0.0,1.0,1.9,1.65,3.55,21.26,0.12,0.11,0.23,1.4,255.2,248.0,107.0,379.7,77.0,59.0,130.0,235.0,129.0,76.4,176.0,89.0,3.0,,,34,,Saša,Lukić,Lukić,,,1370,1,3,5,17,0,0,0,7,0,0,16,143,,,,0.0,0.33,1.12,1.05,9.39,40,48,55
333,u,0.0,0.0,4.5,478,292.0,0,0.0,0,0.0,0.0,671,270.0,0,0,0.0,735.0,304.0,0,0,0.0,639.0,239.0,0.0,0.0,0.0,898,0,6621,1,0.0,0.0,0.0,0.0,0.0,0.0,0.0,0.0,0.0,0.0,0.0,732.0,301.0,0.0,726.0,302.0,0.0,712.0,297.0,0.0,733.0,302.0,,,,34,,Martial,Godo,Godo,has joined Strasbourg permanently.,,0,0,0,0,0,0,0,0,0,0,0,0,0,,,,0.0,0.0,0.0,0.0,0.0,0,0,0
334,u,0.0,0.0,4.5,456,273.0,0,0.0,0,0.0,0.0,817,362.0,0,0,0.0,719.0,290.0,0,0,0.0,620.0,222.0,0.0,0.0,0.0,0,0,315,0,0.0,0.0,0.0,0.0,0.0,0.0,0.0,0.0,0.0,0.0,0.0,714.0,285.0,0.0,709.0,287.0,0.0,693.0,280.0,0.0,715.0,286.0,,,,34,,Luke,Harris,Harris,Has joined Oxford United on loan for the rest of the season.,,0,0,0,0,0,0,0,0,0,0,0,0,0,,,,0.0,0.0,0.0,0.0,0.0,0,0,0
335,a,100.0,100.0,4.4,565,340.0,0,0.0,-1,1.0,1.7,150,50.0,59,0,2.2,313.0,134.0,3,196,0.7,248.0,116.0,0.2,13.4,0.0,999098,60,910706,234,-0.3,0.7,2.32,0.53,2.85,17.15,0.17,0.04,0.21,1.29,187.6,296.0,127.0,155.0,218.0,139.0,299.0,97.0,58.0,63.3,231.0,113.0,,,,34,,Josh,King,King,,,1195,1,3,5,18,0,0,0,3,0,0,15,96,,,,0.0,0.38,1.36,1.13,7.23,23,20,53
336,a,100.0,100.0,4.3,579,346.0,0,0.0,-2,2.0,0.3,313,107.0,13,0,2.2,309.0,133.0,2,41,0.0,514.0,163.0,0.0,3.0,0.0,87015,15,82046,36,-1.0,0.0,0.13,0.36,0.49,0.51,0.45,1.25,1.7,1.77,38.6,430.0,188.0,19.0,402.0,201.0,11.0,414.0,204.0,6.8,442.0,198.0,,,,34,,Harrison,Reed,Reed,,,26,1,0,0,1,0,0,0,0,0,0,0,2,,,,0.0,0.0,3.46,0.0,6.92,0,0,2
337,a,100.0,100.0,6.1,79,25.0,0,0.0,-4,4.0,2.3,133,20.0,106,0,3.3,162.0,16.0,7,390,0.7,276.0,38.0,0.1,17.4,0.0,860020,86,846802,1150,-0.3,0.7,11.2,0.88,12.08,30.66,0.5,0.04,0.54,1.38,467.8,120.0,11.0,303.8,119.0,6.0,694.0,21.0,12.0,146.0,43.0,10.0,,2.0,1.0,34,,Raúl,Jiménez Rodríguez,Raúl,,,2005,9,5,8,25,0,0,0,5,0,0,25,123,,,,0.0,0.36,1.12,1.12,5.52,32,39,52
338,a,100.0,100.0,5.3,189,43.0,0,0.0,-2,2.0,0.7,225,34.0,29,0,1.8,385.0,46.0,3,78,1.3,189.0,25.0,0.2,5.5,0.0,269133,23,441356,26,0.3,1.3,2.17,0.12,2.29,11.44,0.27,0.02,0.29,1.43,102.8,375.0,41.0,89.4,298.0,33.0,216.0,144.0,34.0,39.7,317.0,36.0,,,,34,,Rodrigo,Muniz Carvalho,Muniz,,,719,1,1,2,11,1,0,0,1,0,0,7,43,,,,0.0,0.25,1.38,0.88,5.38,4,26,13
424,a,100.0,100.0,5.1,238,142.0,0,0.0,-4,4.0,0.2,369,125.0,34,0,1.9,358.0,155.0,0,145,0.7,261.0,122.0,0.1,6.7,0.0,92505,4,101477,19,-0.3,0.7,1.16,1.56,2.72,10.4,0.13,0.17,0.3,1.15,110.8,365.0,163.0,247.8,154.0,103.0,159.0,196.0,107.0,52.0,272.0,139.0,,,,34,,Oscar,Bobb,Bobb,,,813,0,2,3,12,0,0,0,1,0,0,9,62,,,,0.0,0.33,1.33,1.0,6.86,16,10,36
664,a,,,3.9,750,72.0,0,0.0,-1,1.0,0.7,233,31.0,0,0,0.0,550.0,45.0,0,0,0.0,379.0,31.0,0.0,0.0,0.0,43923,6,57313,18,-1.0,0.0,0.0,0.0,0.0,0.0,0.0,0.0,0.0,0.0,0.0,539.0,45.0,0.0,525.0,27.0,0.0,493.0,13.0,0.0,541.0,45.0,,,,34,,Benjamin,Lecomte,Lecomte,,,0,0,0,0,0,0,0,0,0,0,0,0,0,,,,0.0,0.0,0.0,0.0,0.0,0,0,0
727,a,100.0,100.0,5.3,186,117.0,0,0.0,-2,2.0,0.1,521,190.0,54,0,2.8,224.0,90.0,1,215,0.7,264.0,125.0,0.1,10.2,0.0,101458,4,95287,11,-0.3,0.7,2.03,3.2,5.23,14.52,0.21,0.34,0.55,1.52,259.2,246.0,105.0,279.8,134.0,89.0,226.0,134.0,78.0,76.2,177.0,90.0,,,,34,,Samuel,Chukwueze,Chukwueze,,,857,3,4,1,16,0,0,0,0,0,0,7,72,,,,0.0,0.11,1.68,0.74,7.56,6,17,49
731,i,0.0,0.0,5.7,119,75.0,0,0.0,-3,3.0,0.1,584,218.0,43,0,1.9,363.0,158.0,0,158,0.0,802.0,354.0,0.0,7.5,0.0,34788,1,32177,2,0.0,0.0,1.12,1.4,2.52,13.01,0.11,0.14,0.25,1.3,200.8,287.0,121.0,231.6,165.0,111.0,206.0,154.0,87.0,63.6,229.0,112.0,,,,34,,Kevin,Santos Lopes de Macedo,Kevin,Foot injury - Unknown return date,,898,1,2,4,15,0,0,0,1,0,0,8,75,,,,0.0,0.4,1.5,0.8,7.52,19,16,40
737,a,,,4.5,512,74.0,0,0.0,0,0.0,0.1,481,69.0,4,0,0.8,518.0,62.0,0,11,0.0,672.0,73.0,0.0,0.9,0.0,22463,8,17807,7,-1.0,0.0,0.0,0.07,0.07,0.75,0.0,0.21,0.21,2.25,1.2,504.0,59.0,11.4,424.0,56.0,8.0,425.0,58.0,2.1,474.0,57.0,,,,34,,Jonah,Kusi-Asare,Kusi-Asare,,,30,0,0,0,2,0,0,0,1,0,0,0,2,,,,0.0,0.0,6.0,0.0,6.0,0,0,2
770,a,,,4.5,506,314.0,0,0.0,0,0.0,0.0,780,337.0,0,0,0.0,756.0,320.0,0,0,0.0,667.0,261.0,0.0,0.0,0.0,761,0,486,1,-1.0,0.0,0.0,0.0,0.0,0.0,0.0,0.0,0.0,0.0,0.0,755.0,319.0,0.0,748.0,319.0,0.0,735.0,315.0,0.0,755.0,319.0,,,,34,,Seth,Ridgeon,Ridgeon,,,0,0,0,0,0,0,0,0,0,0,0,0,0,,,,0.0,0.0,0.0,0.0,0.0,0,0,0
786,a,,,4.0,707,60.0,0,0.0,0,0.0,0.0,735,85.0,0,0,0.0,612.0,82.0,0,0,0.0,452.0,71.0,0.0,0.0,0.0,926,2,479,0,-1.0,0.0,0.0,0.0,0.0,0.0,0.0,0.0,0.0,0.0,0.0,602.0,82.0,0.0,594.0,70.0,0.0,563.0,56.0,0.0,604.0,82.0,,,,34,,Alfie,McNally,McNally,,,0,0,0,0,0,0,0,0,0,0,0,0,0,,,,0.0,0.0,0.0,0.0,0.0,0,0,0
168,a,100.0,100.0,4.6,405,249.0,0,0.0,-4,4.0,0.1,498,179.0,2,0,0.7,521.0,242.0,0,5,0.0,683.0,273.0,0.0,0.4,0.0,17214,6,30677,7,0.5,0.0,0.04,0.1,0.14,1.86,0.05,0.13,0.18,2.43,6.0,480.0,216.0,25.7,390.0,196.0,19.0,392.0,196.0,5.0,454.0,204.0,,,,34,,Facundo,Buonanotte,Buonanotte,,,69,0,0,0,2,0,0,0,1,0,0,1,5,,,,0.0,0.0,2.61,1.3,6.52,1,1,3
339,a,,,4.1,657,36.0,0,0.0,-4,4.0,0.3,309,41.0,0,0,0.0,642.0,88.0,0,0,0.0,492.0,78.0,0.0,0.0,0.0,14898,9,65349,13,0.5,0.0,0.0,0.0,0.0,0.0,0.0,0.0,0.0,0.0,0.0,632.0,88.0,0.0,625.0,77.0,0.0,596.0,63.0,0.0,634.0,88.0,,,,34,,Illan,Meslier,Meslier,,,0,0,0,0,0,0,0,0,0,0,0,0,0,,,,0.0,0.0,0.0,0.0,0.0,0,0,0
340,a,,,3.9,751,73.0,0,0.0,-1,1.0,0.1,423,61.0,0,0,0.0,551.0,46.0,0,0,0.0,380.0,32.0,0.0,0.0,0.0,8898,2,15960,3,0.5,0.0,0.0,0.0,0.0,0.0,0.0,0.0,0.0,0.0,0.0,540.0,46.0,0.0,526.0,28.0,0.0,494.0,14.0,0.0,542.0,46.0,,,,34,,Alex,Cairns,Cairns,,,0,0,0,0,0,0,0,0,0,0,0,0,0,,,,0.0,0.0,0.0,0.0,0.0,0,0,0
341,a,,,3.9,746,68.0,0,0.0,-1,1.0,6.0,64,10.0,54,0,3.0,199.0,22.0,0,266,4.0,51.0,4.0,1.0,13.8,0.0,752512,3171,328434,219,4.5,0.0,0.0,0.04,0.04,20.85,0.0,0.0,0.0,1.16,414.2,142.0,20.0,0.0,521.0,23.0,0.0,489.0,9.0,41.7,308.0,20.0,,,,34,,Karl,Darlow,Darlow,,,1620,0,0,4,22,0,0,0,1,0,48,18,59,,,,2.67,0.22,1.22,1.0,0.0,1,25,173
342,a,100.0,100.0,4.4,534,108.0,0,0.0,-1,1.0,0.6,242,92.0,89,0,2.8,217.0,84.0,1,279,4.3,43.0,18.0,1.0,20.2,0.0,127672,217,72009,100,4.8,0.0,2.05,2.58,4.63,37.61,0.07,0.09,0.16,1.29,392.0,159.0,72.0,297.4,120.0,31.0,208.0,153.0,32.0,90.0,144.0,48.0,,,,34,,Jayden,Bogle,Bogle,,,2628,1,4,6,42,0,0,0,6,0,0,30,210,,,,0.0,0.21,1.44,1.03,5.68,61,105,125
343,a,100.0,100.0,4.3,584,130.0,0,0.0,-2,2.0,2.8,116,46.0,105,0,3.4,134.0,50.0,4,401,4.0,53.0,22.0,0.9,24.4,0.0,489744,1832,174036,203,4.5,0.0,2.97,0.72,3.69,38.87,0.1,0.02,0.12,1.3,675.0,40.0,16.0,157.4,216.0,58.0,260.0,114.0,18.0,109.3,95.0,24.0,,,,34,,Pascal,Struijk,Struijk,,,2700,0,1,7,43,0,0,0,4,0,0,30,305,,,,0.0,0.23,1.43,1.0,9.53,36,250,108
344,a,100.0,100.0,3.9,764,219.0,0,0.0,-1,1.0,1.1,188,73.0,80,0,3.8,79.0,30.0,5,256,4.7,37.0,16.0,1.2,20.5,0.0,241954,382,125086,91,5.2,0.0,0.9,0.63,1.53,24.61,0.05,0.04,0.09,1.43,405.8,151.0,66.0,61.5,338.0,115.0,229.0,129.0,24.0,69.6,210.0,73.0,,,,34,,Jaka,Bijol,Bijol,,,1549,1,2,4,23,0,0,0,3,0,0,17,184,,,,0.0,0.23,1.34,0.99,10.05,23,150,55
345,a,100.0,100.0,3.8,801,242.0,0,0.0,-2,2.0,0.1,444,166.0,17,0,1.9,351.0,128.0,0,48,0.0,359.0,125.0,0.0,4.5,0.0,23055,4,19954,6,0.5,0.0,0.0,0.01,0.01,4.93,0.0,0.0,0.0,1.46,78.4,395.0,148.0,5.6,448.0,161.0,10.0,416.0,154.0,9.4,425.0,153.0,,,,34,,Sebastiaan,Bornauw,Bornauw,,,304,0,0,1,4,0,0,0,1,0,0,4,38,,,,0.0,0.3,1.18,1.18,11.25,6,32,7
346,a,,,3.7,820,259.0,0,0.0,-3,3.0,0.3,324,118.0,1,0,1.0,451.0,160.0,0,-2,0.0,343.0,111.0,0.0,0.3,0.0,42976,105,39980,27,0.5,0.0,0.0,0.0,0.0,0.79,0.0,0.0,0.0,10.16,0.0,513.0,180.0,0.0,494.0,178.0,0.0,460.0,171.0,0.0,515.0,180.0,,,,34,,Sam,Byram,Byram,,,7,0,0,0,1,0,0,0,0,0,0,0,0,,,,0.0,0.0,12.86,0.0,0.0,0,0,0
347,a,100.0,100.0,3.8,797,238.0,0,0.0,-2,2.0,3.2,103,36.0,68,0,2.1,321.0,117.0,8,286,3.0,86.0,32.0,0.8,17.9,0.0,1000154,683,945223,235,3.5,0.0,1.1,2.89,3.98,41.06,0.04,0.1,0.14,1.4,442.6,128.0,57.0,363.7,83.0,19.0,158.0,197.0,48.0,96.4,123.0,34.0,,,,34,,Gabriel,Gudmundsson,Gudmundsson,,,2637,0,0,5,45,1,0,0,4,1,0,31,219,,,,0.0,0.17,1.54,1.06,6.28,65,119,112
348,a,100.0,100.0,3.9,759,216.0,0,0.0,-1,1.0,2.9,112,42.0,100,0,3.2,165.0,63.0,5,334,0.3,291.0,90.0,0.1,25.6,0.0,1204069,449,1124004,408,0.8,0.0,1.22,0.48,1.7,41.03,0.04,0.02,0.06,1.42,629.0,50.0,23.0,87.7,301.0,96.0,202.0,156.0,33.0,92.2,139.0,44.0,,,,34,,Joe,Rodon,Rodon,,,2592,2,0,5,48,0,0,0,1,0,0,29,277,,,,0.0,0.17,1.67,1.01,8.65,33,216,73
349,u,0.0,0.0,4.0,698,177.0,0,0.0,0,0.0,0.1,562,201.0,0,0,0.0,606.0,222.0,0,0,0.0,445.0,168.0,0.0,0.0,0.0,788,0,16031,0,0.0,0.0,0.0,0.0,0.0,0.0,0.0,0.0,0.0,0.0,0.0,595.0,221.0,0.0,587.0,221.0,0.0,556.0,217.0,0.0,597.0,221.0,,,,34,,Isaac,Schmidt,Schmidt,has joined Werder Bremen on loan for the rest of the season.,,0,0,0,0,0,0,0,0,0,0,0,0,0,,,,0.0,0.0,0.0,0.0,0.0,0,0,0
350,a,,,5.4,166,104.0,0,0.0,-1,1.0,1.1,189,64.0,121,0,3.7,101.0,43.0,5,420,4.0,61.0,19.0,0.7,22.4,0.0,338629,583,212483,211,4.5,0.0,4.25,3.14,7.39,31.79,0.17,0.13,0.3,1.29,452.4,126.0,41.0,441.6,58.0,49.0,475.0,44.0,26.0,136.8,51.0,34.0,,,,34,,Brenden,Aaronson,Aaronson,,,2220,4,8,9,29,0,0,0,2,0,0,27,198,,,,0.0,0.36,1.18,1.09,8.03,46,32,120
351,a,100.0,100.0,5.1,239,143.0,0,0.0,-4,4.0,0.1,512,185.0,28,0,1.5,414.0,180.0,0,116,2.0,138.0,54.0,0.4,5.5,0.0,9984,8,40928,3,2.5,0.0,0.36,0.75,1.11,9.77,0.07,0.15,0.22,1.99,75.6,397.0,176.0,116.4,262.0,162.0,53.0,333.0,174.0,24.4,371.0,176.0,,,,34,,Wilfried,Gnonto,Gnonto,,,442,0,3,1,12,0,0,0,3,0,0,4,50,,,,0.0,0.2,2.44,0.81,10.18,16,13,21
352,u,0.0,0.0,5.1,229,139.0,0,0.0,-4,4.0,0.0,600,226.0,12,0,1.1,450.0,201.0,0,51,0.0,760.0,329.0,0.0,2.4,0.0,6000,0,18752,0,0.0,0.0,0.28,0.23,0.51,3.82,0.1,0.08,0.18,1.31,30.0,437.0,192.0,49.4,356.0,186.0,35.0,360.0,185.0,11.5,420.0,191.0,,,,34,,Jack,Harrison,Harrison,has joined ACF Fiorentina on loan for the rest of the season.,,262,0,0,0,5,0,0,0,0,0,0,1,24,,,,0.0,0.0,1.72,0.34,8.24,5,6,13
353,a,100.0,100.0,5.2,205,127.0,0,0.0,-3,3.0,0.1,488,172.0,18,0,1.2,443.0,198.0,0,72,0.0,764.0,332.0,0.0,3.5,0.0,8497,8,53206,4,0.5,0.0,0.71,0.59,1.3,10.53,0.16,0.13,0.29,2.34,47.2,421.0,183.0,113.3,268.0,165.0,103.0,266.0,144.0,26.5,365.0,173.0,,,,34,,Daniel,James,James,,,405,0,0,1,13,0,0,0,0,0,0,4,26,,,,0.0,0.22,2.89,0.89,5.78,5,3,18
354,a,100.0,100.0,4.9,298,185.0,0,0.0,-1,1.0,0.5,262,90.0,117,0,3.8,82.0,36.0,8,517,5.0,29.0,9.0,1.0,23.9,0.0,114616,443,60513,96,5.5,0.0,2.38,2.11,4.49,41.15,0.08,0.07,0.15,1.34,539.4,81.0,25.0,345.8,91.0,67.0,151.0,210.0,114.0,104.0,105.0,61.0,,,,34,,Ethan,Ampadu,Ampadu,,,2759,1,3,7,44,0,0,0,8,0,0,31,373,,,,0.0,0.23,1.44,1.01,12.17,75,134,164
355,u,0.0,0.0,4.9,316,196.0,0,0.0,-1,1.0,0.0,642,249.0,0,0,0.0,780.0,337.0,0,0,0.0,716.0,295.0,0.0,0.0,0.0,1234,0,10144,0,0.0,0.0,0.0,0.0,0.0,0.0,0.0,0.0,0.0,0.0,0.0,779.0,336.0,0.0,775.0,336.0,0.0,771.0,334.0,0.0,779.0,336.0,,,,34,,Sam,Greenwood,Greenwood,has joined Pogon Szczecin permanently.,,0,0,0,0,0,0,0,0,0,0,0,0,0,,,,0.0,0.0,0.0,0.0,0.0,0,0,0
356,i,0.0,0.0,4.7,390,242.0,0,0.0,-3,3.0,0.1,480,167.0,56,0,2.4,280.0,117.0,3,245,0.7,252.0,118.0,0.1,11.9,0.0,22959,1,17733,81,0.0,0.0,0.49,0.86,1.35,25.27,0.03,0.06,0.09,1.73,199.4,288.0,122.0,171.0,207.0,135.0,64.0,318.0,167.0,43.2,302.0,149.0,4.0,,,34,,Ilia,Gruev,Gruev,Knee injury - Expected back 01 Jun,,1318,0,4,5,23,0,0,0,3,0,0,15,114,,,,0.0,0.34,1.57,1.02,7.78,23,40,51
357,u,0.0,0.0,4.9,320,198.0,0,0.0,-1,1.0,0.0,720,298.0,0,0,0.0,782.0,339.0,0,0,0.0,719.0,297.0,0.0,0.0,0.0,203,0,4336,0,0.0,0.0,0.0,0.0,0.0,0.0,0.0,0.0,0.0,0.0,0.0,781.0,338.0,0.0,777.0,338.0,0.0,773.0,336.0,0.0,781.0,338.0,,,,34,,Largie,Ramazani,Ramazani,has joined Valencia on loan for the rest of the season.,,0,0,0,0,0,0,0,0,0,0,0,0,0,,,,0.0,0.0,0.0,0.0,0.0,0,0,0
358,a,100.0,100.0,4.8,360,223.0,0,0.0,-2,2.0,0.2,385,129.0,51,0,2.1,329.0,143.0,2,224,2.3,114.0,42.0,0.5,10.6,0.0,56909,32,65613,14,2.8,0.0,1.3,1.3,2.6,16.08,0.12,0.12,0.24,1.43,186.6,298.0,129.0,274.1,140.0,94.0,95.0,277.0,149.0,55.5,258.0,129.0,,,,34,,Tanaka,Ao,Tanaka,,,1010,2,0,3,19,0,0,0,1,0,0,10,108,,,,0.0,0.27,1.69,0.89,9.62,20,28,60
359,u,0.0,0.0,4.5,461,278.0,0,0.0,0,0.0,0.0,800,354.0,0,0,0.0,722.0,293.0,0,0,0.0,623.0,225.0,0.0,0.0,0.0,0,0,976,0,0.0,0.0,0.0,0.0,0.0,0.0,0.0,0.0,0.0,0.0,0.0,717.0,288.0,0.0,712.0,290.0,0.0,696.0,283.0,0.0,718.0,289.0,,,,34,,Charlie,Crew,Crew,Has joined Doncaster Rovers on loan for the rest of the season.,,0,0,0,0,0,0,0,0,0,0,0,0,0,,,,0.0,0.0,0.0,0.0,0.0,0,0,0
360,u,0.0,0.0,4.5,441,263.0,0,0.0,0,0.0,0.0,760,323.0,0,0,0.0,711.0,282.0,0,0,0.0,609.0,213.0,0.0,0.0,0.0,0,0,2905,0,0.0,0.0,0.0,0.0,0.0,0.0,0.0,0.0,0.0,0.0,0.0,705.0,276.0,0.0,701.0,279.0,0.0,684.0,272.0,0.0,707.0,278.0,,,,34,,Joe,Gelhardt,Gelhardt,Has joined Hull City on loan for the rest of the season.,,0,0,0,0,0,0,0,0,0,0,0,0,0,,,,0.0,0.0,0.0,0.0,0.0,0,0,0
361,u,0.0,0.0,4.5,442,264.0,0,0.0,0,0.0,0.0,670,269.0,0,0,0.0,712.0,283.0,0,0,0.0,610.0,214.0,0.0,0.0,0.0,1165,0,8448,0,0.0,0.0,0.0,0.0,0.0,0.0,0.0,0.0,0.0,0.0,0.0,706.0,277.0,0.0,702.0,280.0,0.0,685.0,273.0,0.0,708.0,279.0,,,,34,,Darko,Gyabi,Gyabi,has joined Hull City permanently.,,0,0,0,0,0,0,0,0,0,0,0,0,0,,,,0.0,0.0,0.0,0.0,0.0,0,0,0
362,a,100.0,100.0,4.9,315,58.0,0,0.0,-6,6.0,0.3,305,47.0,15,0,1.1,448.0,55.0,0,37,0.3,320.0,44.0,0.1,3.1,0.0,39594,9,221588,11,0.8,0.0,0.81,0.13,0.94,5.3,0.34,0.05,0.39,2.21,10.6,466.0,55.0,37.9,374.0,48.0,96.0,273.0,48.0,13.9,405.0,52.0,,,3.0,34,,Joël,Piroe,Piroe,,,216,0,0,1,7,0,0,0,0,0,0,2,11,,,,0.0,0.42,2.92,0.83,4.58,1,1,9
363,u,0.0,0.0,4.9,287,57.0,0,0.0,-1,1.0,0.3,315,50.0,0,0,0.0,774.0,85.0,0,0,0.0,702.0,75.0,0.0,0.0,0.0,16144,0,203228,0,0.0,0.0,0.0,0.0,0.0,0.0,0.0,0.0,0.0,0.0,0.0,773.0,85.0,0.0,769.0,84.0,0.0,765.0,84.0,0.0,773.0,85.0,,,,34,,Patrick,Bamford,Bamford,has departed the club as a free agent.,,0,0,0,0,0,0,0,0,0,0,0,0,0,,,,0.0,0.0,0.0,0.0,0.0,0,0,0
364,u,0.0,0.0,5.0,278,56.0,0,0.0,0,0.0,0.0,748,91.0,0,0,0.0,801.0,88.0,0,0,0.0,752.0,80.0,0.0,0.0,0.0,0,0,2429,0,0.0,0.0,0.0,0.0,0.0,0.0,0.0,0.0,0.0,0.0,0.0,800.0,88.0,0.0,798.0,88.0,0.0,793.0,88.0,0.0,800.0,88.0,,,,34,,Mateo,Joseph Fernández-Regatillo,Mateo Joseph,Has joined RCD Mallorca on loan for the rest of the season.,,0,0,0,0,0,0,0,0,0,0,0,0,0,,,,0.0,0.0,0.0,0.0,0.0,0,0,0
365,a,100.0,100.0,5.0,247,52.0,0,0.0,0,0.0,0.6,256,37.0,68,0,2.5,267.0,28.0,8,239,0.7,257.0,34.0,0.1,13.6,0.0,216893,48,229097,55,1.2,0.0,6.65,1.0,7.65,17.4,0.67,0.1,0.77,1.75,260.8,245.0,21.0,105.7,278.0,29.0,379.0,69.0,26.0,74.5,185.0,24.0,,,2.0,34,,Lukas,Nmecha,Nmecha,,,893,6,1,3,19,0,0,1,0,0,0,9,42,,,,0.0,0.3,1.91,0.91,4.23,8,12,22
493,a,100.0,100.0,4.8,349,219.0,0,0.0,-2,2.0,0.2,364,123.0,53,0,2.6,250.0,100.0,5,263,3.0,92.0,31.0,0.6,11.0,0.0,178256,14,182763,8,3.5,0.0,0.98,1.61,2.59,14.41,0.09,0.15,0.24,1.36,275.8,235.0,101.0,370.3,79.0,61.0,90.0,282.0,152.0,73.6,191.0,94.0,2.0,2.0,,34,,Sean,Longstaff,Longstaff,,,954,2,2,1,20,0,0,0,2,0,0,10,101,,,,0.0,0.09,1.89,0.94,9.53,37,25,39
660,d,50.0,50.0,4.8,364,226.0,0,0.0,-2,2.0,1.6,157,54.0,122,0,4.7,25.0,11.0,11,498,0.0,698.0,282.0,0.0,25.4,0.0,1166772,54,1028734,634,0.2,0.0,2.5,4.29,6.79,30.23,0.11,0.18,0.29,1.27,587.2,59.0,16.0,847.6,8.0,8.0,286.0,101.0,62.0,172.3,28.0,23.0,1.0,1.0,,34,,Anton,Stach,Stach,Ankle injury - 50% chance of playing,,2135,4,6,6,34,0,0,0,3,0,0,25,245,,,,0.0,0.25,1.43,1.05,10.33,57,76,112
665,a,100.0,100.0,4.4,531,26.0,0,0.0,-1,1.0,0.3,346,48.0,43,0,2.7,231.0,26.0,3,153,0.0,552.0,86.0,0.0,9.8,0.0,52108,27,69809,53,0.5,0.0,0.0,0.0,0.0,26.68,0.0,0.0,0.0,1.67,322.4,205.0,21.0,0.0,658.0,85.0,0.0,637.0,75.0,32.2,345.0,22.0,,,,34,,Lucas Estella,Perri,Perri,,,1440,0,0,3,29,0,0,0,2,0,38,16,39,,,,2.38,0.19,1.81,1.0,0.0,0,16,100
691,a,100.0,100.0,5.7,113,32.0,0,0.0,2,-2.0,11.1,33,8.0,120,0,3.9,75.0,7.0,16,390,3.3,79.0,13.0,0.6,21.1,0.0,3707788,6461,2330403,1050,3.8,0.0,13.75,1.01,14.75,29.09,0.52,0.04,0.56,1.1,514.2,89.0,8.0,266.0,142.0,11.0,924.0,4.0,4.0,169.4,29.0,6.0,,,1.0,34,,Dominic,Calvert-Lewin,Calvert-Lewin,,,2383,11,2,7,31,0,0,1,1,0,0,26,93,,,,0.0,0.26,1.17,0.98,3.51,10,44,39
698,a,100.0,100.0,5.5,143,89.0,0,0.0,0,0.0,1.5,163,56.0,99,0,3.7,102.0,44.0,9,324,10.3,2.0,2.0,1.9,18.0,0.0,293949,9690,105311,176,10.8,0.0,4.92,1.19,6.11,24.45,0.3,0.07,0.37,1.48,397.4,155.0,52.0,247.7,155.0,104.0,409.0,57.0,33.0,105.5,102.0,58.0,,,,34,,Noah,Okafor,Okafor,,,1489,7,3,5,26,0,0,0,3,0,0,18,107,,,,0.0,0.3,1.57,1.09,6.47,22,28,57
706,a,100.0,100.0,3.9,761,217.0,0,0.0,-1,1.0,1.4,172,66.0,81,0,3.2,166.0,64.0,9,279,6.7,11.0,6.0,1.7,20.8,0.0,255184,2319,95345,86,7.2,0.0,1.61,1.06,2.67,25.5,0.09,0.06,0.15,1.5,397.8,154.0,69.0,161.8,211.0,55.0,189.0,168.0,38.0,75.0,183.0,63.0,3.0,,,34,,James,Justin,Justin,,,1533,2,1,5,21,0,0,0,4,0,0,17,158,,,,0.0,0.29,1.23,1.0,8.86,40,111,57
741,u,0.0,0.0,4.5,496,70.0,0,0.0,0,0.0,0.1,526,73.0,0,0,0.0,748.0,80.0,0,0,0.0,657.0,69.0,0.0,0.0,0.0,27606,0,24712,3,0.0,0.0,0.0,0.0,0.0,0.0,0.0,0.0,0.0,0.0,0.0,746.0,80.0,0.0,739.0,79.0,0.0,726.0,79.0,0.0,746.0,80.0,,,,34,,Harry,Gray,Gray,has joined Rotherham United on loan for the rest of the season.,,0,0,0,0,0,0,0,0,0,0,0,0,0,,,,0.0,0.0,0.0,0.0,0.0,0,0,0
787,a,,,4.4,562,338.0,0,0.0,-1,1.0,0.0,737,308.0,0,0,0.0,686.0,266.0,0,0,0.0,574.0,193.0,0.0,0.0,0.0,2489,3,1476,3,0.5,0.0,0.0,0.0,0.0,0.0,0.0,0.0,0.0,0.0,0.0,679.0,259.0,0.0,674.0,262.0,0.0,655.0,254.0,0.0,681.0,261.0,,,,34,,Sam,Chambers,Chambers,,,0,0,0,0,0,0,0,0,0,0,0,0,0,,,,0.0,0.0,0.0,0.0,0.0,0,0,0
366,d,50.0,50.0,5.4,154,4.0,0,0.0,-1,1.0,5.4,72,11.0,89,0,3.6,110.0,15.0,8,382,0.0,777.0,96.0,0.0,16.5,0.0,691230,10,1476655,417,0.0,0.2,0.0,0.03,0.03,28.02,0.0,0.0,0.0,1.12,468.4,119.0,18.0,0.1,493.0,17.0,0.0,803.0,94.0,46.7,288.0,18.0,,,,34,,Alisson,Becker,A.Becker,Muscle injury - 50% chance of playing,,2250,0,0,8,30,0,0,0,1,0,56,25,63,,,,2.24,0.32,1.2,1.0,0.0,0,37,221
367,i,0.0,0.0,4.1,658,37.0,0,0.0,-4,4.0,0.7,236,32.0,31,0,3.9,69.0,7.0,2,120,3.3,73.0,9.0,0.8,7.6,0.0,189348,4,187654,348,0.0,0.0,0.0,0.0,0.0,10.94,0.0,0.0,0.0,1.43,215.6,277.0,24.0,0.0,626.0,78.0,0.0,597.0,64.0,21.5,383.0,25.0,,,,34,,Giorgi,Mamardashvili,Mamardashvili,Knee injury - Unknown return date,,687,0,0,2,13,0,1,0,0,0,27,8,45,,,,3.54,0.26,1.7,1.05,0.0,0,9,59
368,a,,,3.8,817,96.0,0,0.0,-2,2.0,0.9,207,25.0,0,0,0.0,544.0,41.0,0,0,0.0,373.0,27.0,0.0,0.0,0.0,164030,60,74498,81,0.0,0.5,0.0,0.0,0.0,0.0,0.0,0.0,0.0,0.0,0.0,533.0,41.0,0.0,517.0,21.0,0.0,485.0,7.0,0.0,535.0,41.0,,,,34,,Ármin,Pécsi,Pécsi,,,0,0,0,0,0,0,0,0,0,0,0,0,0,,,,0.0,0.0,0.0,0.0,0.0,0,0,0
369,a,,,3.9,755,76.0,0,0.0,-1,1.0,0.3,312,43.0,1,0,1.0,457.0,37.0,0,7,0.3,290.0,21.0,0.1,0.3,0.0,46028,143,20107,57,0.3,0.8,0.0,0.0,0.0,0.16,0.0,0.0,0.0,0.45,9.6,470.0,37.0,0.0,529.0,31.0,0.0,497.0,17.0,1.0,488.0,37.0,,,,34,,Freddie,Woodman,Woodman,,,32,0,0,0,0,0,0,0,0,0,1,0,0,,,,2.81,0.0,0.0,0.0,0.0,0,1,3
370,a,100.0,100.0,5.7,116,10.0,0,0.0,-3,3.0,5.2,76,25.0,58,0,3.4,146.0,54.0,1,227,2.3,125.0,50.0,0.4,10.2,0.0,706387,108,3396511,384,2.3,2.8,0.43,1.41,1.84,8.9,0.05,0.15,0.2,0.98,118.0,358.0,136.0,214.1,177.0,45.0,139.0,222.0,57.0,47.2,286.0,92.0,,,,34,,Jeremie,Frimpong,Frimpong,,,821,0,5,5,9,0,0,0,1,0,0,10,32,,,,0.0,0.55,0.99,1.1,3.07,9,19,42
371,a,,,5.6,132,14.0,0,0.0,-4,4.0,3.1,110,40.0,80,0,2.8,226.0,89.0,4,338,0.3,334.0,110.0,0.1,14.3,0.0,381386,59,830279,214,0.3,0.8,1.47,0.65,2.12,26.97,0.07,0.03,0.1,1.2,410.4,145.0,62.0,381.4,76.0,16.0,137.0,225.0,58.0,93.1,134.0,40.0,,,,34,,Milos,Kerkez,Kerkez,,,2030,2,1,6,31,0,0,0,4,0,0,25,151,,,,0.0,0.27,1.37,1.11,5.54,40,85,78
372,a,,,5.7,112,9.0,0,0.0,-3,3.0,1.0,196,75.0,45,0,2.1,336.0,123.0,4,182,2.7,108.0,44.0,0.5,7.9,0.0,67433,28,139119,33,2.7,3.2,0.7,1.06,1.75,12.05,0.07,0.1,0.17,1.15,175.2,307.0,118.0,268.7,141.0,37.0,102.0,267.0,76.0,54.8,262.0,85.0,,,,34,,Andrew,Robertson,Robertson,,,939,0,0,4,12,0,0,0,0,0,0,8,57,,,,0.0,0.38,1.15,0.77,4.5,12,35,35
373,a,,,6.2,71,2.0,0,0.0,2,-2.0,33.7,8,2.0,152,0,4.6,28.0,11.0,10,532,5.7,23.0,12.0,0.9,24.5,0.0,5042064,2490,4026057,5270,5.7,6.2,3.01,1.21,4.22,39.12,0.09,0.04,0.13,1.19,1001.0,3.0,1.0,197.8,187.0,49.0,424.0,53.0,2.0,162.3,30.0,1.0,,,,34,,Virgil,van Dijk,Virgil,,,2970,4,1,10,43,0,0,0,4,0,0,33,337,,,,0.0,0.3,1.3,1.0,9.45,23,289,74
374,a,100.0,100.0,5.5,138,16.0,0,0.0,0,0.0,4.3,92,31.0,121,0,3.9,74.0,29.0,8,487,3.3,77.0,31.0,0.6,22.0,0.0,901711,253,809266,855,3.3,3.8,1.05,0.93,1.98,32.68,0.04,0.03,0.07,1.11,691.4,38.0,14.0,143.0,233.0,60.0,96.0,275.0,79.0,93.3,132.0,38.0,,,,34,,Ibrahima,Konaté,Konaté,,,2660,1,0,10,35,0,0,0,6,0,0,31,291,,,,0.0,0.34,1.18,1.05,9.0,50,216,101
375,i,0.0,0.0,4.9,332,55.0,0,0.0,-1,1.0,0.1,426,158.0,42,0,2.8,220.0,87.0,2,157,0.0,727.0,254.0,0.0,8.6,0.0,62752,0,72386,0,0.0,0.0,0.18,0.84,1.02,10.77,0.02,0.08,0.1,1.04,157.4,325.0,123.0,105.2,280.0,83.0,62.0,322.0,101.0,32.3,343.0,116.0,,,,34,,Conor,Bradley,Bradley,Knee injury - Expected back 01 Jun,,928,0,2,4,13,0,0,0,5,0,0,12,82,,,,0.0,0.39,1.26,1.16,6.3,19,46,43
376,a,100.0,100.0,4.9,295,46.0,0,0.0,-1,1.0,0.1,422,156.0,31,0,1.8,377.0,141.0,2,91,0.3,318.0,103.0,0.1,6.3,0.0,24994,6,30984,3,0.3,0.8,0.23,0.62,0.85,8.02,0.04,0.11,0.15,1.41,114.6,364.0,138.0,71.6,320.0,109.0,26.0,375.0,129.0,21.3,384.0,133.0,,,,34,,Joe,Gomez,Gomez,,,512,0,2,2,12,0,0,0,2,0,0,6,40,,,,0.0,0.35,2.11,1.05,6.86,8,31,18
377,u,0.0,0.0,4.8,353,58.0,0,0.0,-2,2.0,0.0,598,214.0,0,0,0.0,772.0,263.0,0,0,0.0,695.0,251.0,0.0,0.0,0.0,1669,0,12294,0,0.0,0.0,0.0,0.0,0.0,0.0,0.0,0.0,0.0,0.0,0.0,771.0,263.0,0.0,766.0,263.0,0.0,758.0,263.0,0.0,771.0,263.0,,,,34,,Konstantinos,Tsimikas,Tsimikas,has joined AS Roma on loan for the rest of the season.,,0,0,0,0,0,0,0,0,0,0,0,0,0,,,,0.0,0.0,0.0,0.0,0.0,0,0,0
378,a,100.0,100.0,3.7,829,268.0,0,0.0,-3,3.0,0.9,199,77.0,0,0,0.0,529.0,186.0,0,0,0.0,350.0,118.0,0.0,0.0,0.0,230854,17,142278,86,0.0,0.5,0.0,0.0,0.0,0.0,0.0,0.0,0.0,0.0,0.0,518.0,185.0,0.0,500.0,184.0,0.0,467.0,178.0,0.0,520.0,185.0,,,,34,,Amara,Nallo,Nallo,,,0,0,0,0,0,0,0,0,0,0,0,0,0,,,,0.0,0.0,0.0,0.0,0.0,0,0,0
379,a,,,3.7,821,260.0,0,0.0,-3,3.0,0.5,258,98.0,0,0,0.0,525.0,182.0,0,0,0.0,344.0,112.0,0.0,0.0,0.0,100522,18,65178,46,0.0,0.5,0.0,0.0,0.0,0.0,0.0,0.0,0.0,0.0,0.0,514.0,181.0,0.0,495.0,179.0,0.0,461.0,172.0,0.0,516.0,181.0,,,,34,,Rhys,Williams,R.Williams,,,0,0,0,0,0,0,0,0,0,0,0,0,0,,,,0.0,0.0,0.0,0.0,0.0,0,0,0
380,a,,,3.7,823,262.0,0,0.0,-3,3.0,0.3,350,126.0,0,0,0.0,526.0,183.0,0,0,0.0,346.0,114.0,0.0,0.0,0.0,31843,42,33624,12,0.0,0.5,0.0,0.0,0.0,0.0,0.0,0.0,0.0,0.0,0.0,515.0,182.0,0.0,496.0,180.0,0.0,463.0,174.0,0.0,517.0,182.0,,,,34,,Calvin,Ramsay,Ramsay,,,0,0,0,0,0,0,0,0,0,0,0,0,0,,,,0.0,0.0,0.0,0.0,0.0,0,0,0
381,a,100.0,100.0,14.0,2,1.0,0,0.0,-5,5.0,14.9,22,8.0,115,0,4.8,24.0,10.0,10,363,6.0,15.0,6.0,0.4,8.2,0.0,1584234,925,6012968,1864,6.0,6.5,7.89,4.9,12.79,28.42,0.36,0.22,0.58,1.28,495.8,97.0,32.0,693.3,15.0,15.0,731.0,16.0,8.0,192.0,17.0,13.0,2.0,4.0,1.0,34,,Mohamed,Salah,M.Salah,,,1997,7,6,7,33,0,0,0,1,0,0,21,98,,,,0.0,0.32,1.49,0.95,4.42,16,11,71
382,a,100.0,100.0,8.3,13,8.0,0,0.0,-2,2.0,9.1,42,15.0,113,0,3.9,78.0,34.0,16,478,2.7,111.0,41.0,0.3,13.6,0.0,2306022,321,4884698,1617,2.7,3.2,5.97,4.86,10.82,27.91,0.25,0.2,0.45,1.17,473.4,114.0,37.0,857.5,7.0,7.0,593.0,28.0,12.0,192.3,16.0,12.0,4.0,5.0,,34,,Florian,Wirtz,Wirtz,,,2153,4,4,10,26,0,0,0,1,0,0,25,158,,,,0.0,0.42,1.09,1.05,6.6,31,23,104
383,u,0.0,0.0,8.0,17,12.0,0,0.0,0,0.0,0.0,607,231.0,0,0,0.0,828.0,372.0,0,0,0.0,824.0,370.0,0.0,0.0,0.0,0,0,7366,0,0.0,0.0,0.0,0.0,0.0,0.0,0.0,0.0,0.0,0.0,0.0,828.0,372.0,0.0,828.0,372.0,0.0,828.0,372.0,0.0,828.0,372.0,,,,34,,Luis,Díaz Marulanda,Luis Díaz,Has joined Bayern Munch permanently.,,0,0,0,0,0,0,0,0,0,0,0,0,0,,,,0.0,0.0,0.0,0.0,0.0,0,0,0
384,a,100.0,100.0,7.3,29,17.0,0,0.0,-2,2.0,5.8,67,22.0,117,0,3.8,89.0,40.0,5,419,3.7,72.0,23.0,0.5,16.0,0.0,3502214,206,3855779,662,3.7,4.2,7.08,4.58,11.66,26.53,0.28,0.18,0.46,1.03,486.8,104.0,34.0,654.9,22.0,21.0,750.0,11.0,5.0,189.0,18.0,14.0,3.0,,3.0,34,,Cody,Gakpo,Gakpo,,,2317,6,5,10,30,0,0,0,2,0,0,27,135,,,,0.0,0.39,1.17,1.05,5.24,27,31,77
385,a,100.0,100.0,6.3,68,45.0,0,0.0,-2,2.0,0.3,339,116.0,34,0,1.5,417.0,182.0,0,125,0.0,815.0,364.0,0.0,5.4,0.0,56898,5,69958,8,0.0,0.5,1.36,0.61,1.97,5.41,0.44,0.2,0.64,1.76,119.8,354.0,159.0,46.9,360.0,187.0,147.0,214.0,118.0,31.1,348.0,168.0,,,,34,,Federico,Chiesa,Chiesa,,,277,2,1,0,7,0,0,0,3,0,0,1,29,,,,0.0,0.0,2.27,0.32,9.42,8,13,8
386,a,100.0,100.0,6.2,73,48.0,0,0.0,-3,3.0,2.0,139,45.0,87,0,2.7,245.0,99.0,6,401,0.7,277.0,131.0,0.1,14.0,0.0,374482,36,381319,641,0.7,1.2,3.38,1.36,4.74,28.46,0.14,0.06,0.2,1.16,388.8,164.0,56.0,452.3,56.0,47.0,304.0,95.0,56.0,114.6,85.0,51.0,,,4.0,34,,Alexis,Mac Allister,Mac Allister,,,2204,2,3,7,31,0,0,0,5,0,0,26,191,,,,0.0,0.29,1.27,1.06,7.8,43,55,93
387,a,100.0,100.0,7.1,35,20.0,0,0.0,6,-6.0,13.4,27,9.0,133,0,4.3,45.0,21.0,17,648,3.3,84.0,29.0,0.5,18.7,0.0,3157969,1077,1838175,4305,3.3,3.8,3.91,5.45,9.36,37.12,0.13,0.18,0.31,1.2,722.8,30.0,8.0,1052.8,2.0,2.0,325.0,86.0,49.0,210.0,7.0,5.0,1.0,2.0,2.0,34,,Dominik,Szoboszlai,Szoboszlai,,,2782,5,4,9,42,0,0,1,7,1,0,31,306,,,,0.0,0.29,1.36,1.0,9.9,48,90,168
388,a,100.0,100.0,5.4,163,102.0,0,0.0,-1,1.0,0.1,464,159.0,59,0,2.0,347.0,150.0,3,335,1.7,166.0,72.0,0.3,10.9,0.0,30236,10,35651,13,1.7,2.2,1.49,2.57,4.06,22.93,0.09,0.16,0.25,1.4,282.4,230.0,98.0,342.6,94.0,68.0,185.0,173.0,95.0,81.0,165.0,84.0,,,,34,,Curtis,Jones,C.Jones,,,1477,0,2,3,27,0,0,0,1,0,0,13,186,,,,0.0,0.18,1.65,0.79,11.33,31,39,116
390,a,100.0,100.0,5.5,144,90.0,0,0.0,0,0.0,4.1,95,31.0,127,0,4.1,55.0,25.0,14,596,1.0,226.0,106.0,0.2,23.1,0.0,2077840,77,1685441,967,1.0,1.5,1.66,2.1,3.76,33.29,0.06,0.07,0.13,1.13,607.6,55.0,14.0,438.4,59.0,50.0,174.0,181.0,101.0,121.7,75.0,47.0,,,,34,,Ryan,Gravenberch,Gravenberch,,,2653,4,5,9,35,0,0,0,5,0,0,30,274,,,,0.0,0.31,1.19,1.02,9.3,53,102,119
392,i,0.0,0.0,4.9,292,181.0,0,0.0,-1,1.0,0.1,520,189.0,12,0,1.5,412.0,178.0,0,49,0.0,705.0,287.0,0.0,2.4,0.0,7397,0,15422,1,0.0,0.0,0.04,0.05,0.09,4.11,0.02,0.03,0.05,2.18,56.0,415.0,180.0,18.1,404.0,202.0,6.0,434.0,210.0,8.0,432.0,194.0,,,,34,,Endo,Wataru,Endo,Foot injury - Expected back 24 May,,170,0,1,1,5,0,0,0,1,0,0,1,23,,,,0.0,0.53,2.65,0.53,12.18,7,13,3
393,i,0.0,0.0,4.2,646,372.0,0,0.0,-3,3.0,0.1,501,181.0,0,0,0.0,650.0,244.0,0,0,0.0,507.0,162.0,0.0,0.0,0.0,19277,96,14911,37,0.0,0.0,0.0,0.0,0.0,0.0,0.0,0.0,0.0,0.0,0.0,641.0,234.0,0.0,635.0,239.0,0.0,610.0,226.0,0.0,643.0,236.0,,,,34,,Stefan,Bajčetić Maquieira,Bajcetic,Hamstring injury - Unknown return date,,0,0,0,0,0,0,0,0,0,0,0,0,0,,,,0.0,0.0,0.0,0.0,0.0,0,0,0
394,u,0.0,0.0,4.4,549,329.0,0,0.0,-1,1.0,0.0,685,275.0,0,0,0.0,677.0,260.0,0,0,0.0,562.0,185.0,0.0,0.0,0.0,1737,0,4117,1,0.0,0.0,0.0,0.0,0.0,0.0,0.0,0.0,0.0,0.0,0.0,669.0,252.0,0.0,665.0,256.0,0.0,644.0,246.0,0.0,671.0,254.0,,,,34,,James,McConnell,McConnell,has joined Ajax on loan for the rest of the season.,,0,0,0,0,0,0,0,0,0,0,0,0,0,,,,0.0,0.0,0.0,0.0,0.0,0,0,0
395,u,0.0,0.0,4.5,434,257.0,0,0.0,0,0.0,0.0,809,357.0,0,0,0.0,704.0,276.0,0,0,0.0,602.0,207.0,0.0,0.0,0.0,0,0,361,0,0.0,0.0,0.0,0.0,0.0,0.0,0.0,0.0,0.0,0.0,0.0,698.0,270.0,0.0,694.0,273.0,0.0,677.0,266.0,0.0,700.0,272.0,,,,34,,Tyler,Morton,Morton,Has joined Lyon permanently.,,0,0,0,0,0,0,0,0,0,0,0,0,0,,,,0.0,0.0,0.0,0.0,0.0,0,0,0
396,a,,,4.3,614,363.0,0,0.0,-2,2.0,0.3,325,112.0,5,0,1.0,473.0,206.0,0,9,0.3,302.0,144.0,0.1,1.2,0.0,98870,3,86110,15,0.3,0.8,0.37,0.01,0.38,0.41,2.38,0.06,2.44,2.64,2.4,494.0,227.0,12.7,419.0,209.0,4.0,437.0,213.0,1.8,475.0,214.0,,,,34,,Trey,Nyoni,Nyoni,,,14,0,0,0,1,0,0,0,0,0,0,0,2,,,,0.0,0.0,6.43,0.0,12.86,0,0,2
397,u,0.0,0.0,6.5,51,18.0,0,0.0,0,0.0,0.1,559,78.0,0,0,0.0,824.0,91.0,0,0,0.0,819.0,90.0,0.0,0.0,0.0,0,0,15980,1,0.0,0.0,0.0,0.0,0.0,0.0,0.0,0.0,0.0,0.0,0.0,824.0,91.0,0.0,824.0,91.0,0.0,824.0,91.0,0.0,824.0,91.0,,,,34,,Darwin,Núñez Ribeiro,Darwin,Has joined Al-Hilal permanently.,,0,0,0,0,0,0,0,0,0,0,0,0,0,,,,0.0,0.0,0.0,0.0,0.0,0,0,0
398,i,0.0,0.0,4.3,603,84.0,0,0.0,-2,2.0,0.1,479,68.0,0,0,0.0,658.0,66.0,0,0,0.0,528.0,54.0,0.0,0.0,0.0,9449,5,20159,1,0.0,0.0,0.0,0.0,0.0,0.0,0.0,0.0,0.0,0.0,0.0,648.0,66.0,0.0,643.0,65.0,0.0,620.0,65.0,0.0,650.0,66.0,,,,34,,Jayden,Danns,Danns,Hamstring injury - Unknown return date,,0,0,0,0,0,0,0,0,0,0,0,0,0,,,,0.0,0.0,0.0,0.0,0.0,0,0,0
499,a,100.0,100.0,10.3,5,2.0,0,0.0,-2,2.0,4.1,96,17.0,32,0,2.7,246.0,26.0,2,103,1.0,238.0,31.0,0.1,3.1,0.0,1890895,429,2426622,803,1.0,1.5,2.16,0.07,2.23,6.33,0.33,0.01,0.34,0.96,107.6,367.0,38.0,38.1,373.0,47.0,162.0,193.0,42.0,30.0,354.0,43.0,,,,34,,Alexander,Isak,Isak,,,593,2,1,1,8,0,0,0,0,0,0,7,25,,,,0.0,0.15,1.21,1.06,3.79,6,8,11
661,i,0.0,0.0,9.1,7,3.0,0,0.0,6,-6.0,18.7,16,4.0,125,0,4.5,36.0,5.0,22,433,0.0,827.0,92.0,0.0,13.7,0.0,9186721,10,9240255,10931,0.0,0.0,10.1,2.45,12.55,26.11,0.51,0.12,0.63,1.31,525.8,84.0,6.0,307.2,116.0,5.0,739.0,13.0,7.0,156.2,35.0,7.0,,,,34,,Hugo,Ekitiké,Ekitiké,Achilles injury - Expected back 01 Jul,,1797,11,4,7,25,0,0,0,0,0,0,21,85,,,,0.0,0.35,1.25,1.05,4.26,11,32,42
686,a,,,4.3,619,367.0,0,0.0,-2,2.0,1.1,194,68.0,32,0,2.1,324.0,141.0,3,148,4.0,54.0,18.0,0.9,7.4,0.0,310116,361,204935,191,4.0,4.5,1.04,1.75,2.79,5.44,0.31,0.52,0.83,1.61,140.6,337.0,151.0,154.3,219.0,140.0,162.0,192.0,105.0,45.6,297.0,147.0,,,,34,,Rio,Ngumoha,Ngumoha,,,304,2,0,2,5,0,0,0,0,0,0,2,18,,,,0.0,0.59,1.48,0.59,5.33,2,4,12
692,i,0.0,0.0,4.9,344,57.0,0,0.0,-1,1.0,0.0,722,251.0,0,0,0.0,792.0,264.0,0,0,0.0,733.0,255.0,0.0,0.0,0.0,1951,3,2589,0,0.0,0.0,0.0,0.0,0.0,0.0,0.0,0.0,0.0,0.0,0.0,791.0,264.0,0.0,787.0,264.0,0.0,783.0,264.0,0.0,791.0,264.0,,,,34,,Giovanni,Leoni,Leoni,Knee injury - Expected back 01 Sep,,0,0,0,0,0,0,0,0,0,0,0,0,0,,,,0.0,0.0,0.0,0.0,0.0,0,0,0
746,a,,,4.5,494,304.0,0,0.0,0,0.0,0.0,746,315.0,0,0,0.0,747.0,313.0,0,0,0.0,655.0,251.0,0.0,0.0,0.0,1101,1,935,0,0.0,0.5,0.0,0.0,0.0,0.0,0.0,0.0,0.0,0.0,0.0,745.0,311.0,0.0,738.0,311.0,0.0,725.0,307.0,0.0,745.0,311.0,,,,34,,Kieran,Morrison,Morrison,,,0,0,0,0,0,0,0,0,0,0,0,0,0,,,,0.0,0.0,0.0,0.0,0.0,0,0,0
760,a,,,4.0,714,186.0,0,0.0,0,0.0,0.0,683,241.0,0,0,0.0,616.0,227.0,0,0,0.0,459.0,176.0,0.0,0.0,0.0,1267,2,1150,2,0.0,0.5,0.0,0.0,0.0,0.0,0.0,0.0,0.0,0.0,0.0,606.0,227.0,0.0,599.0,227.0,0.0,568.0,223.0,0.0,608.0,227.0,,,,34,,Wellity,Lucky,Lucky,,,0,0,0,0,0,0,0,0,0,0,0,0,0,,,,0.0,0.0,0.0,0.0,0.0,0,0,0
82,a,100.0,100.0,8.2,14,9.0,0,0.0,12,-12.0,51.4,2,1.0,181,0,5.7,5.0,2.0,17,602,2.3,127.0,48.0,0.3,22.1,0.0,12606147,3526,7614281,9557,2.8,0.0,10.54,2.67,13.2,43.94,0.33,0.08,0.41,1.4,816.8,10.0,2.0,538.4,35.0,32.0,922.0,5.0,1.0,227.6,5.0,3.0,,4.0,,34,,Antoine,Semenyo,Semenyo,,,2834,15,6,10,48,0,0,1,7,0,0,32,218,,,,0.0,0.32,1.52,1.02,6.92,42,43,133
182,a,,,4.5,432,23.0,0,0.0,-5,5.0,0.9,200,24.0,11,0,3.7,94.0,12.0,0,62,0.0,600.0,89.0,0.0,2.4,0.0,100941,6,274943,9,0.5,0.0,0.0,0.0,0.0,3.97,0.0,0.0,0.0,1.32,100.2,378.0,28.0,0.0,692.0,88.0,0.0,675.0,78.0,10.1,422.0,28.0,,,,34,,James,Trafford,Trafford,,,270,0,0,1,4,0,0,0,0,0,11,3,41,,,,3.67,0.33,1.33,1.0,0.0,2,6,33
260,a,100.0,100.0,5.1,227,32.0,0,0.0,6,-6.0,32.8,9,3.0,158,0,5.1,11.0,3.0,13,605,7.7,5.0,3.0,1.5,31.0,0.0,6457074,2684,4051160,3004,8.2,0.0,3.84,2.23,6.07,38.9,0.12,0.07,0.19,1.25,798.4,11.0,5.0,263.9,144.0,38.0,382.0,68.0,3.0,144.5,46.0,5.0,,,,34,,Marc,Guéhi,Guéhi,,,2790,3,4,12,31,0,0,0,6,0,0,31,285,,,,0.0,0.39,1.0,1.0,8.06,41,209,126
399,u,0.0,0.0,5.3,182,5.0,0,0.0,-2,2.0,0.8,214,28.0,0,0,0.0,806.0,96.0,0,0,0.0,771.0,95.0,0.0,0.0,0.0,15200,0,273781,2,0.0,0.0,0.0,0.0,0.0,0.0,0.0,0.0,0.0,0.0,0.0,805.0,96.0,0.0,804.0,95.0,0.0,801.0,93.0,0.0,805.0,96.0,,,,34,,Ederson,Santana de Moraes,Ederson M.,has joined Fenerbache permanently.,,0,0,0,0,0,0,0,0,0,0,0,0,0,,,,0.0,0.0,0.0,0.0,0.0,0,0,0
401,a,100.0,100.0,3.8,794,94.0,0,0.0,-2,2.0,0.4,292,37.0,0,0,0.0,532.0,40.0,0,0,0.0,354.0,25.0,0.0,0.0,0.0,69641,17,49318,64,0.5,0.0,0.0,0.0,0.0,0.0,0.0,0.0,0.0,0.0,0.0,521.0,40.0,0.0,503.0,19.0,0.0,470.0,5.0,0.0,523.0,40.0,,,,34,,Marcus,Bettinelli,Bettinelli,,,0,0,0,0,0,0,0,0,0,0,0,0,0,,,,0.0,0.0,0.0,0.0,0.0,0,0,0
402,a,100.0,100.0,5.7,117,11.0,0,0.0,-3,3.0,4.2,94,32.0,53,0,3.5,125.0,47.0,9,215,3.0,99.0,39.0,0.5,9.3,0.0,653255,141,2468583,291,3.5,0.0,0.48,1.74,2.22,11.22,0.05,0.18,0.23,1.16,184.6,302.0,116.0,184.3,195.0,51.0,70.0,307.0,94.0,43.9,300.0,100.0,,,,34,,Rayan,Aït-Nouri,Aït-Nouri,,,868,0,2,4,8,0,0,0,2,0,0,11,70,,,,0.0,0.41,0.83,1.14,6.43,31,31,46
403,i,0.0,0.0,5.8,107,7.0,0,0.0,-2,2.0,3.2,105,38.0,77,0,4.8,22.0,8.0,5,291,0.0,804.0,266.0,0.0,13.3,0.0,1374718,2,2196579,80,0.0,0.0,2.19,0.64,2.83,15.29,0.15,0.04,0.19,1.06,354.6,186.0,77.0,104.7,283.0,85.0,193.0,165.0,36.0,65.3,222.0,77.0,,,,34,,Joško,Gvardiol,Gvardiol,Leg injury - Unknown return date,,1301,2,2,6,13,0,0,0,2,0,0,15,115,,,,0.0,0.42,0.9,1.04,6.85,17,82,48
404,u,0.0,0.0,5.4,164,19.0,0,0.0,-1,1.0,0.3,351,127.0,0,0,0.0,809.0,267.0,0,0,0.0,782.0,261.0,0.0,0.0,0.0,9281,0,85684,0,0.0,0.0,0.0,0.0,0.0,0.0,0.0,0.0,0.0,0.0,0.0,808.0,267.0,0.0,807.0,267.0,0.0,805.0,267.0,0.0,808.0,267.0,,,,34,,Manuel,Akanji,Akanji,has joined Inter Milan on loan for the rest of the season.,,0,0,0,0,0,0,0,0,0,0,0,0,0,,,,0.0,0.0,0.0,0.0,0.0,0,0,0
405,a,,,5.2,202,27.0,0,0.0,-3,3.0,0.6,245,93.0,28,0,1.9,359.0,132.0,1,117,0.3,328.0,108.0,0.1,5.4,0.0,46882,7,88815,18,0.8,0.0,0.28,0.44,0.72,7.92,0.05,0.08,0.13,1.46,104.0,372.0,140.0,93.1,293.0,90.0,25.0,378.0,131.0,22.3,381.0,132.0,,,,34,,Nathan,Aké,Aké,,,488,0,0,2,7,0,0,0,1,0,0,4,42,,,,0.0,0.37,1.29,0.74,7.19,9,30,12
406,a,100.0,100.0,5.4,181,22.0,0,0.0,-1,1.0,0.5,257,97.0,56,0,3.1,197.0,79.0,3,249,7.0,10.0,5.0,1.3,10.4,0.0,86002,749,83634,64,7.5,0.0,0.58,0.37,0.95,15.45,0.05,0.03,0.08,1.2,246.6,251.0,98.0,100.0,286.0,87.0,19.0,393.0,140.0,36.8,326.0,110.0,,,,34,,Abdukodir,Khusanov,Khusanov,,,1157,0,0,5,9,0,0,0,2,0,0,12,115,,,,0.0,0.39,0.7,0.93,8.25,23,83,60
407,a,100.0,100.0,5.3,195,23.0,0,0.0,-2,2.0,2.9,113,43.0,145,0,4.8,20.0,7.0,16,625,5.7,21.0,11.0,1.1,27.4,0.0,1020295,591,738500,449,6.2,0.0,0.34,2.12,2.46,29.48,0.01,0.08,0.09,1.05,635.6,49.0,22.0,490.6,46.0,5.0,119.0,248.0,66.0,124.8,70.0,13.0,,,4.0,34,,Matheus,Nunes,Matheus N.,,,2534,1,8,11,24,0,0,0,4,0,0,28,212,,,,0.0,0.39,0.85,0.99,6.18,51,123,144
408,i,0.0,0.0,5.5,136,15.0,0,0.0,0,0.0,3.2,106,39.0,112,0,4.5,33.0,13.0,4,447,0.0,793.0,263.0,0.0,20.4,0.0,954712,7,1096368,187,0.0,0.0,0.57,0.63,1.2,24.3,0.03,0.03,0.06,1.07,549.2,76.0,36.0,139.5,236.0,61.0,96.0,274.0,78.0,78.6,173.0,57.0,,,,34,,Rúben,dos Santos Gato Alves Dias,Rúben,Hamstring injury - Unknown return date,,2049,2,0,12,20,0,0,0,3,0,0,23,188,,,,0.0,0.53,0.88,1.01,7.2,13,151,71
409,a,100.0,100.0,5.4,153,17.0,0,0.0,-1,1.0,0.6,255,96.0,12,0,1.7,396.0,145.0,0,45,0.0,776.0,260.0,0.0,2.2,0.0,52165,12,111185,4,0.5,0.0,0.0,0.06,0.06,5.05,0.0,0.02,0.02,1.29,76.6,396.0,149.0,19.6,401.0,145.0,2.0,458.0,170.0,9.8,424.0,152.0,,,,34,,John,Stones,Stones,,,351,0,0,1,8,0,0,0,0,0,0,4,34,,,,0.0,0.26,2.05,1.03,4.87,0,19,17
410,a,100.0,100.0,4.6,404,72.0,0,0.0,-4,4.0,1.2,182,70.0,19,0,1.9,354.0,131.0,2,75,0.0,682.0,248.0,0.0,4.1,0.0,371227,11,466890,24,0.5,0.0,0.11,1.31,1.42,5.04,0.03,0.38,0.41,1.46,67.4,406.0,152.0,97.3,289.0,89.0,43.0,345.0,112.0,20.7,385.0,134.0,,,,34,,Rico,Lewis,Lewis,,,311,0,1,1,5,0,0,0,1,0,0,3,23,,,,0.0,0.29,1.45,0.87,5.5,5,14,10
411,a,100.0,100.0,5.1,237,37.0,0,0.0,1,-1.0,14.7,23,8.0,152,0,4.9,16.0,5.0,10,540,9.0,4.0,2.0,1.8,29.8,0.0,3746113,15715,1913425,316,9.5,0.0,5.21,2.41,7.62,29.97,0.2,0.09,0.29,1.14,617.0,53.0,26.0,381.9,75.0,15.0,502.0,38.0,1.0,150.1,40.0,4.0,,,,34,,Nico,O'Reilly,O'Reilly,,,2373,5,4,13,21,0,0,0,4,0,0,26,182,,,,0.0,0.49,0.8,0.99,6.07,65,95,93
412,u,0.0,0.0,5.0,282,43.0,0,0.0,0,0.0,0.0,787,263.0,0,0,0.0,805.0,266.0,0,0,0.0,756.0,257.0,0.0,0.0,0.0,0,0,855,0,0.0,0.0,0.0,0.0,0.0,0.0,0.0,0.0,0.0,0.0,0.0,804.0,266.0,0.0,802.0,266.0,0.0,797.0,266.0,0.0,804.0,266.0,,,,34,,Vitor,de Oliveira Nunes dos Reis,Vitor Reis,Has joined Girona on loan for the rest of the season.,,0,0,0,0,0,0,0,0,0,0,0,0,0,,,,0.0,0.0,0.0,0.0,0.0,0,0,0
413,a,100.0,100.0,8.3,12,7.0,0,0.0,-2,2.0,2.5,124,40.0,40,0,2.4,294.0,128.0,4,122,0.0,825.0,371.0,0.0,4.8,0.0,288401,42,1301342,132,0.5,0.0,2.22,0.68,2.9,6.58,0.35,0.11,0.46,1.05,132.2,343.0,155.0,146.4,230.0,147.0,229.0,131.0,77.0,50.4,280.0,142.0,4.0,1.0,2.0,34,,Omar,Marmoush,Marmoush,,,566,1,3,3,5,0,0,0,2,0,0,7,32,,,,0.0,0.48,0.8,1.11,5.09,12,6,14
414,a,100.0,100.0,8.0,16,11.0,0,0.0,0,0.0,7.7,53,18.0,114,0,4.1,58.0,27.0,10,497,0.7,288.0,139.0,0.1,14.2,0.0,6179619,43,5593994,521,1.2,0.0,5.34,4.02,9.36,22.55,0.26,0.2,0.46,1.11,513.0,91.0,30.0,798.2,9.0,9.0,443.0,49.0,29.0,175.2,22.0,18.0,5.0,,,34,,Phil,Foden,Foden,,,1827,7,3,10,16,0,0,0,4,0,0,21,140,,,,0.0,0.49,0.79,1.03,6.9,30,23,87
415,a,100.0,100.0,6.9,40,24.0,0,0.0,-1,1.0,0.4,289,100.0,30,0,1.5,419.0,183.0,0,101,1.0,235.0,112.0,0.1,4.3,0.0,35749,12,115109,7,1.5,0.0,1.91,1.27,3.18,7.42,0.29,0.19,0.48,1.11,91.4,385.0,171.0,146.3,231.0,148.0,259.0,116.0,68.0,49.6,282.0,144.0,,,,34,,Sávio,Moreira de Oliveira,Savinho,,,602,0,2,2,5,0,0,0,2,0,0,5,51,,,,0.0,0.3,0.75,0.75,7.62,7,11,33
416,a,100.0,100.0,6.2,72,47.0,0,0.0,-3,3.0,0.6,243,85.0,91,0,2.8,228.0,92.0,4,470,3.3,81.0,28.0,0.5,14.7,0.0,117943,74,148886,81,3.8,0.0,2.24,3.68,5.91,30.85,0.08,0.13,0.21,1.11,461.2,123.0,40.0,717.3,13.0,13.0,297.0,98.0,59.0,147.7,41.0,29.0,1.0,,,34,,Bernardo,Mota Veiga de Carvalho e Silva,Bernardo,,,2502,2,4,11,25,0,0,0,9,0,0,29,223,,,,0.0,0.4,0.9,1.04,8.02,42,55,126
417,a,100.0,100.0,6.4,59,38.0,0,0.0,-1,1.0,10.4,35,11.0,123,0,4.4,40.0,18.0,16,533,7.7,7.0,3.0,1.2,19.2,0.0,3319898,17535,3000582,408,8.2,0.0,3.74,8.07,11.81,19.62,0.22,0.47,0.69,1.14,551.0,75.0,22.0,879.2,5.0,5.0,516.0,36.0,20.0,194.8,14.0,10.0,3.0,2.0,,34,,Rayan,Cherki,Cherki,,,1546,4,11,8,14,0,0,0,1,0,0,17,126,,,,0.0,0.47,0.82,0.99,7.34,24,15,87
418,a,100.0,100.0,6.4,56,35.0,0,0.0,-1,1.0,2.5,122,39.0,90,0,3.6,112.0,50.0,9,390,5.3,26.0,8.0,0.8,14.1,0.0,2172829,403,2107083,153,5.8,0.0,2.26,5.0,7.26,18.39,0.14,0.31,0.45,1.12,377.2,170.0,61.0,663.8,20.0,19.0,476.0,42.0,25.0,151.5,39.0,28.0,,,3.0,34,,Jérémy,Doku,Doku,,,1474,2,8,7,14,0,0,0,0,0,0,16,111,,,,0.0,0.43,0.85,0.98,6.78,19,12,80
420,u,0.0,0.0,6.3,63,41.0,0,0.0,-2,2.0,0.1,563,207.0,0,0,0.0,821.0,368.0,0,0,0.0,813.0,362.0,0.0,0.0,0.0,1928,0,19900,0,0.0,0.0,0.0,0.0,0.0,0.0,0.0,0.0,0.0,0.0,0.0,821.0,368.0,0.0,821.0,368.0,0.0,821.0,368.0,0.0,821.0,368.0,,,,34,,İlkay,Gündoğan,Gündoğan,has joined Galatasaray permanently.,,0,0,0,0,0,0,0,0,0,0,0,0,0,,,,0.0,0.0,0.0,0.0,0.0,0,0,0
421,d,75.0,75.0,6.3,67,44.0,0,0.0,-2,2.0,0.5,269,93.0,62,0,3.1,198.0,78.0,5,323,1.7,170.0,75.0,0.3,9.8,0.0,72264,1,109573,149,1.7,0.0,0.79,2.33,3.12,18.75,0.05,0.15,0.2,1.19,341.8,193.0,77.0,392.5,74.0,58.0,102.0,268.0,145.0,83.8,157.0,81.0,,,,34,,Rodrigo 'Rodri',Hernandez Cascante,Rodrigo,Groin Injury - 75% chance of playing,,1420,1,0,5,14,0,0,0,2,0,0,16,194,,,,0.0,0.32,0.89,1.01,12.3,40,55,99
422,a,100.0,100.0,5.8,101,66.0,0,0.0,-2,2.0,0.0,678,272.0,2,0,1.0,508.0,236.0,0,7,0.3,335.0,157.0,0.1,0.3,0.0,2652,1,3483,1,0.8,0.0,0.0,0.03,0.03,0.62,0.0,0.21,0.21,4.29,4.4,483.0,219.0,3.6,455.0,218.0,0.0,816.0,364.0,0.8,493.0,226.0,,,,34,,Mateo,Kovačić,Kovačić,,,13,0,0,0,0,0,0,0,0,0,0,0,0,,,,0.0,0.0,0.0,0.0,0.0,0,0,0
423,a,100.0,100.0,5.9,96,63.0,0,0.0,-1,1.0,0.1,478,166.0,57,0,2.5,275.0,115.0,1,305,0.7,274.0,130.0,0.1,9.7,0.0,28236,3,31673,5,1.2,0.0,0.58,1.02,1.6,16.97,0.04,0.07,0.11,1.09,285.8,225.0,96.0,200.9,183.0,121.0,65.0,317.0,166.0,55.1,261.0,132.0,,,,34,,Nico,González Iglesias,N.Gonzalez,,,1397,1,0,7,14,0,0,0,6,0,0,15,187,,,,0.0,0.45,0.9,0.97,12.05,38,68,81
425,u,0.0,0.0,5.4,180,113.0,0,0.0,-1,1.0,0.0,749,317.0,0,0,0.0,815.0,363.0,0,0,0.0,791.0,349.0,0.0,0.0,0.0,194,0,3237,0,0.0,0.0,0.0,0.0,0.0,0.0,0.0,0.0,0.0,0.0,0.0,814.0,362.0,0.0,813.0,362.0,0.0,811.0,361.0,0.0,814.0,362.0,,,,34,,Claudio,Echeverri,Echeverri,has joined Girona on loan for the rest of the season.,,0,0,0,0,0,0,0,0,0,0,0,0,0,,,,0.0,0.0,0.0,0.0,0.0,0,0,0
427,a,,,5.0,259,157.0,0,0.0,-5,5.0,9.1,43,16.0,86,0,3.3,155.0,63.0,6,325,0.0,742.0,314.0,0.0,17.2,0.0,3559107,26,5015176,308,0.5,0.0,3.96,2.27,6.23,17.28,0.24,0.14,0.38,1.05,339.4,194.0,78.0,340.0,97.0,70.0,394.0,66.0,40.0,106.5,99.0,57.0,4.0,3.0,,34,,Tijjani,Reijnders,Reijnders,,,1488,5,2,7,16,0,0,0,2,0,0,17,95,,,,0.0,0.42,0.97,1.03,5.75,10,31,54
428,a,100.0,100.0,5.0,279,172.0,0,0.0,0,0.0,0.0,714,292.0,0,0,0.0,802.0,354.0,0,0,0.0,753.0,323.0,0.0,0.0,0.0,276,0,2653,1,0.5,0.0,0.0,0.0,0.0,0.0,0.0,0.0,0.0,0.0,0.0,801.0,353.0,0.0,799.0,353.0,0.0,794.0,351.0,0.0,801.0,353.0,,,,34,,Sverre,Nypan,Nypan,,,0,0,0,0,0,0,0,0,0,0,0,0,0,,,,0.0,0.0,0.0,0.0,0.0,0,0,0
429,u,0.0,0.0,4.7,378,236.0,0,0.0,-3,3.0,0.1,566,210.0,0,0,0.0,768.0,330.0,0,0,0.0,685.0,274.0,0.0,0.0,0.0,4052,0,8544,0,0.0,0.0,0.0,0.0,0.0,0.0,0.0,0.0,0.0,0.0,0.0,767.0,329.0,0.0,762.0,329.0,0.0,751.0,326.0,0.0,767.0,329.0,,,,34,,Kalvin,Phillips,Phillips,has joined Sheffield United on loan for the rest of the season.,,0,0,0,0,0,0,0,0,0,0,0,0,0,,,,0.0,0.0,0.0,0.0,0.0,0,0,0
430,a,100.0,100.0,14.5,1,1.0,0,0.0,5,-5.0,58.2,1,1.0,212,0,6.6,4.0,1.0,37,845,5.0,36.0,8.0,0.3,14.6,0.0,7815238,15169,4187706,800,5.5,0.0,23.52,2.05,25.57,33.6,0.79,0.07,0.86,1.13,1045.0,2.0,1.0,282.5,133.0,9.0,1350.0,1.0,1.0,267.9,2.0,1.0,,,1.0,34,,Erling,Haaland,Haaland,,,2683,24,7,12,28,0,0,1,2,0,0,31,98,,,,0.0,0.4,0.94,1.04,3.29,15,45,38
736,a,,,5.6,125,3.0,0,0.0,1,-1.0,9.2,41,6.0,119,0,4.0,65.0,5.0,3,506,5.0,33.0,2.0,0.9,21.2,0.0,2241748,999,1468339,944,5.5,0.0,0.0,0.0,0.0,32.82,0.0,0.0,0.0,1.09,589.8,58.0,12.0,0.0,817.0,96.0,0.0,815.0,95.0,59.1,246.0,12.0,,,,34,,Gianluigi,Donnarumma,Donnarumma,,,2700,0,0,13,25,0,1,0,6,0,69,30,55,,,,2.3,0.43,0.83,1.0,0.0,0,38,207
739,u,0.0,0.0,4.4,569,343.0,0,0.0,-1,1.0,0.0,698,282.0,2,0,1.0,479.0,212.0,0,5,0.0,580.0,197.0,0.0,0.5,0.0,3500,0,3330,0,0.0,0.0,0.0,0.21,0.21,0.34,0.0,0.76,0.76,1.22,4.2,484.0,220.0,28.3,387.0,194.0,4.0,438.0,214.0,3.7,460.0,208.0,,,,34,,Divine,Mukasa,Mukasa,has joined Leicester City on loan for the rest of the season.,,25,0,0,0,0,0,0,0,0,0,0,0,1,,,,0.0,0.0,0.0,0.0,3.6,0,0,1
740,u,0.0,0.0,3.9,784,228.0,0,0.0,-1,1.0,0.0,624,223.0,0,0,0.0,573.0,207.0,0,0,0.0,406.0,149.0,0.0,0.0,0.0,3208,0,3991,0,0.0,0.0,0.0,0.0,0.0,0.0,0.0,0.0,0.0,0.0,0.0,562.0,206.0,0.0,551.0,206.0,0.0,519.0,201.0,0.0,564.0,206.0,,,,34,,Stephen,Mfuni,Mfuni,has joined Watford on loan for the rest of the season.,,0,0,0,0,0,0,0,0,0,0,0,0,0,,,,0.0,0.0,0.0,0.0,0.0,0,0,0
742,a,,,4.5,505,313.0,0,0.0,0,0.0,0.0,734,306.0,0,0,0.0,755.0,319.0,0,0,0.0,666.0,260.0,0.0,0.0,0.0,1617,2,1401,1,0.5,0.0,0.0,0.0,0.0,0.0,0.0,0.0,0.0,0.0,0.0,754.0,318.0,0.0,747.0,318.0,0.0,734.0,314.0,0.0,754.0,318.0,,,,34,,Ryan,McAidoo,McAidoo,,,0,0,0,0,0,0,0,0,0,0,0,0,0,,,,0.0,0.0,0.0,0.0,0.0,0,0,0
763,a,,,4.5,457,274.0,0,0.0,0,0.0,0.0,784,341.0,0,0,0.0,720.0,291.0,0,0,0.0,621.0,223.0,0.0,0.0,0.0,495,0,393,1,0.5,0.0,0.0,0.0,0.0,0.0,0.0,0.0,0.0,0.0,0.0,715.0,286.0,0.0,710.0,288.0,0.0,694.0,281.0,0.0,716.0,287.0,,,,34,,Charlie,Gray,Gray,,,0,0,0,0,0,0,0,0,0,0,0,0,0,,,,0.0,0.0,0.0,0.0,0.0,0,0,0
764,a,,,4.5,488,299.0,0,0.0,0,0.0,0.0,793,348.0,0,0,0.0,741.0,308.0,0,0,0.0,649.0,246.0,0.0,0.0,0.0,289,0,233,0,0.5,0.0,0.0,0.0,0.0,0.0,0.0,0.0,0.0,0.0,0.0,739.0,306.0,0.0,732.0,306.0,0.0,719.0,302.0,0.0,739.0,306.0,,,,34,,Reigan,Heskey,Heskey,,,0,0,0,0,0,0,0,0,0,0,0,0,0,,,,0.0,0.0,0.0,0.0,0.0,0,0,0
794,a,100.0,100.0,3.9,777,225.0,0,0.0,-6,6.0,0.0,745,256.0,5,0,2.5,261.0,102.0,0,27,0.0,399.0,146.0,0.0,1.3,0.0,5361,1,4938,4,0.5,0.0,0.26,0.06,0.32,1.54,0.17,0.04,0.21,1.03,34.0,434.0,161.0,14.8,410.0,148.0,26.0,374.0,128.0,7.5,436.0,157.0,,,,34,,Max,Alleyne,Alleyne,,,135,0,0,0,1,0,0,0,0,0,0,2,11,,,,0.0,0.0,0.67,1.33,7.33,3,8,4
119,d,75.0,75.0,8.4,11,6.0,-1,1.0,4,-4.0,17.4,18,6.0,126,0,4.5,35.0,15.0,15,456,1.3,204.0,95.0,0.2,15.0,0.0,7267000,63,6902054,10638,1.0,1.4,8.04,4.49,12.53,31.58,0.32,0.18,0.5,1.24,547.8,77.0,23.0,711.9,14.0,14.0,761.0,10.0,4.0,202.1,12.0,9.0,2.0,2.0,,34,,Bryan,Mbeumo,Mbeumo,Knock - 75% chance of playing,,2297,9,3,6,33,0,0,0,4,0,0,27,123,,,,0.0,0.24,1.29,1.06,4.82,23,21,79
431,a,,,4.7,387,18.0,0,0.0,-3,3.0,0.3,316,44.0,11,0,1.8,373.0,34.0,0,49,0.0,689.0,92.0,0.0,2.3,0.0,38263,12,63803,9,0.0,0.5,0.0,0.05,0.05,9.24,0.0,0.01,0.01,1.54,118.4,355.0,26.0,10.0,434.0,13.0,0.0,754.0,84.0,12.8,411.0,26.0,,,,34,,Altay,Bayındır,Bayindir,,,540,0,0,0,11,0,0,0,0,0,13,6,46,,,,2.17,0.0,1.83,1.0,0.0,0,7,39
432,u,0.0,0.0,4.9,300,11.0,0,0.0,-1,1.0,0.1,429,62.0,0,0,0.0,778.0,95.0,0,0,0.0,709.0,93.0,0.0,0.0,0.0,5156,0,26630,3,0.0,0.0,0.0,0.0,0.0,0.0,0.0,0.0,0.0,0.0,0.0,777.0,95.0,0.0,773.0,92.0,0.0,769.0,90.0,0.0,777.0,95.0,,,,34,,André,Onana,Onana,has joined Trabzonspor on loan for the rest of the season.,,0,0,0,0,0,0,0,0,0,0,0,0,0,,,,0.0,0.0,0.0,0.0,0.0,0,0,0
433,u,0.0,0.0,4.0,727,66.0,0,0.0,0,0.0,0.0,815,96.0,0,0,0.0,628.0,87.0,0,0,0.0,472.0,77.0,0.0,0.0,0.0,0,0,255,1,0.0,0.0,0.0,0.0,0.0,0.0,0.0,0.0,0.0,0.0,0.0,618.0,87.0,0.0,611.0,76.0,0.0,581.0,62.0,0.0,620.0,87.0,,,,34,,Elyh,Harrison,Harrison,On loan to Shrewsbury Town,,0,0,0,0,0,0,0,0,0,0,0,0,0,,,,0.0,0.0,0.0,0.0,0.0,0,0,0
434,a,,,3.8,791,93.0,0,0.0,-2,2.0,0.4,291,36.0,0,0,0.0,530.0,39.0,0,0,0.0,351.0,24.0,0.0,0.0,0.0,37862,229,29545,32,0.0,0.5,0.0,0.0,0.0,0.0,0.0,0.0,0.0,0.0,0.0,519.0,39.0,0.0,501.0,18.0,0.0,468.0,4.0,0.0,521.0,39.0,,,,34,,Tom,Heaton,Heaton,,,0,0,0,0,0,0,0,0,0,0,0,0,0,,,,0.0,0.0,0.0,0.0,0.0,0,0,0
435,a,,,3.9,768,82.0,0,0.0,-1,1.0,0.1,490,73.0,0,0,0.0,560.0,53.0,0,0,0.0,392.0,40.0,0.0,0.0,0.0,5654,2,9222,4,0.0,0.5,0.0,0.0,0.0,0.0,0.0,0.0,0.0,0.0,0.0,549.0,53.0,0.0,537.0,37.0,0.0,505.0,23.0,0.0,551.0,53.0,,,,34,,Dermot,Mee,Mee,,,0,0,0,0,0,0,0,0,0,0,0,0,0,,,,0.0,0.0,0.0,0.0,0.0,0,0,0
436,i,0.0,0.0,4.9,305,48.0,0,0.0,-1,1.0,1.8,147,58.0,43,0,3.3,152.0,58.0,5,169,0.0,712.0,253.0,0.0,8.8,0.0,419786,3,551480,24,0.0,0.0,1.38,0.83,2.21,18.73,0.11,0.06,0.17,1.44,276.6,234.0,91.0,60.2,341.0,116.0,122.0,244.0,64.0,45.7,296.0,99.0,,,,34,,Matthijs,de Ligt,De Ligt,Back injury - Unknown return date,,1170,1,0,1,20,0,0,0,0,0,0,13,139,,,,0.0,0.08,1.54,1.0,8.23,19,88,40
437,s,0.0,0.0,4.8,357,61.0,0,0.0,-2,2.0,0.4,283,106.0,36,0,2.4,282.0,107.0,3,169,-1.0,829.0,268.0,-0.2,7.5,0.0,170028,2,153441,77,0.0,0.0,0.06,0.56,0.62,11.3,0.01,0.05,0.06,1.06,232.4,262.0,107.0,80.6,310.0,101.0,10.0,419.0,157.0,32.5,342.0,115.0,,,,34,,Lisandro,Martínez,Martinez,Suspended until 09 May,,959,0,0,3,13,1,0,0,0,1,0,10,80,,,,0.0,0.28,1.22,0.94,7.51,13,67,57
438,a,100.0,100.0,4.9,312,51.0,0,0.0,-1,1.0,0.2,360,130.0,35,0,2.1,330.0,122.0,3,164,2.3,116.0,48.0,0.5,7.1,0.0,41274,26,57834,20,2.3,2.8,0.19,0.3,0.48,10.54,0.02,0.04,0.06,1.23,151.2,330.0,125.0,72.7,315.0,104.0,33.0,363.0,122.0,25.6,368.0,127.0,,,,34,,Noussair,Mazraoui,Mazraoui,,,769,0,0,3,9,0,0,0,3,0,0,9,82,,,,0.0,0.35,1.05,1.05,8.19,22,48,32
439,a,,,4.1,662,161.0,0,0.0,-4,4.0,0.1,570,203.0,0,0,0.0,643.0,250.0,0,0,0.0,494.0,207.0,0.0,0.0,0.0,3559,4,8783,2,0.0,0.5,0.0,0.0,0.0,0.0,0.0,0.0,0.0,0.0,0.0,633.0,250.0,0.0,627.0,250.0,0.0,598.0,248.0,0.0,635.0,250.0,,,,34,,Diego,León Blanco,D.Leon,,,0,0,0,0,0,0,0,0,0,0,0,0,0,,,,0.0,0.0,0.0,0.0,0.0,0,0,0
440,a,100.0,100.0,4.6,399,69.0,0,0.0,1,-1.0,4.5,86,28.0,105,0,3.4,136.0,52.0,9,395,2.3,113.0,46.0,0.5,22.8,0.0,1153783,174,839317,1088,2.3,2.8,1.57,2.39,3.96,32.37,0.06,0.09,0.15,1.25,485.4,107.0,47.0,422.5,66.0,12.0,192.0,166.0,37.0,110.0,91.0,22.0,,,,34,,Diogo,Dalot Teixeira,Dalot,,,2339,1,6,7,35,0,0,0,5,0,0,26,178,,,,0.0,0.27,1.35,1.0,6.04,45,112,121
441,i,0.0,0.0,4.1,660,159.0,0,0.0,-4,4.0,2.4,129,51.0,74,0,3.4,132.0,48.0,8,261,0.0,493.0,206.0,0.0,18.0,0.0,1774583,13,2230666,329,0.0,0.0,1.86,1.42,3.28,18.78,0.13,0.1,0.23,1.27,402.4,153.0,68.0,354.1,88.0,21.0,262.0,110.0,16.0,101.9,108.0,29.0,,,,34,,Patrick,Dorgu,Dorgu,Hamstring injury - Unknown return date,,1329,3,3,3,20,0,0,0,5,0,0,14,117,,,,0.0,0.2,1.35,0.95,6.43,47,48,72
442,a,100.0,100.0,4.4,525,102.0,0,0.0,-1,1.0,1.3,175,67.0,63,0,3.5,118.0,42.0,3,204,0.0,547.0,226.0,0.0,14.3,0.0,322877,94,270348,195,0.0,0.5,0.81,0.19,1.0,16.71,0.06,0.01,0.07,1.25,246.0,252.0,99.0,38.2,372.0,134.0,116.0,250.0,67.0,40.3,315.0,105.0,,,,34,,Harry,Maguire,Maguire,,,1199,1,1,5,15,0,0,0,3,1,0,14,109,,,,0.0,0.38,1.13,1.05,7.36,12,86,45
443,a,100.0,100.0,4.5,414,78.0,0,0.0,0,0.0,0.9,201,78.0,88,0,2.7,234.0,93.0,3,357,3.7,65.0,27.0,0.8,19.6,0.0,215891,92,148617,118,3.7,4.2,0.54,1.55,2.08,38.98,0.02,0.05,0.07,1.25,465.0,122.0,54.0,289.9,123.0,32.0,70.0,306.0,93.0,82.6,161.0,54.0,,,,34,,Luke,Shaw,Shaw,,,2797,0,1,7,41,0,0,0,6,0,0,33,217,,,,0.0,0.23,1.32,1.06,5.98,63,123,93
444,d,75.0,75.0,4.1,659,158.0,0,0.0,-4,4.0,1.3,178,69.0,53,0,1.8,366.0,135.0,1,184,1.0,207.0,70.0,0.2,12.9,0.0,227647,4,318806,130,0.8,1.1,1.34,0.59,1.93,26.43,0.07,0.03,0.1,1.4,317.6,207.0,80.0,82.8,308.0,99.0,124.0,242.0,62.0,52.3,270.0,87.0,,,,34,,Leny,Yoro,Yoro,Knock - 75% chance of playing,,1696,0,1,2,32,0,0,0,1,0,0,18,173,,,,0.0,0.11,1.7,0.96,8.01,29,122,73
445,u,0.0,0.0,4.0,724,194.0,0,0.0,0,0.0,0.1,547,193.0,0,0,0.0,625.0,234.0,0,0,0.0,469.0,184.0,0.0,0.0,0.0,1160,0,14579,0,0.0,0.0,0.0,0.0,0.0,0.0,0.0,0.0,0.0,0.0,0.0,615.0,234.0,0.0,608.0,234.0,0.0,578.0,231.0,0.0,617.0,234.0,,,,34,,Harry,Amass,Amass,has joined Norwich City on loan for the rest of the season.,,0,0,0,0,0,0,0,0,0,0,0,0,0,,,,0.0,0.0,0.0,0.0,0.0,0,0,0
446,a,,,3.7,825,264.0,0,0.0,-3,3.0,0.2,418,154.0,1,0,1.0,453.0,162.0,0,4,0.0,348.0,116.0,0.0,0.3,0.0,13523,14,16282,7,0.0,0.5,0.0,0.0,0.0,0.3,0.0,0.0,0.0,13.5,4.0,485.0,172.0,0.0,498.0,182.0,0.0,465.0,176.0,0.4,501.0,176.0,,,,34,,Tyler,Fredricson,Fredricson,,,2,0,0,0,0,0,0,0,0,0,0,0,2,,,,0.0,0.0,0.0,0.0,90.0,0,2,0
447,a,100.0,100.0,3.7,828,267.0,0,0.0,-3,3.0,2.3,131,52.0,39,0,2.6,247.0,96.0,3,142,3.7,63.0,25.0,1.0,10.5,0.0,531036,588,428412,224,3.7,4.2,0.34,0.17,0.51,9.63,0.04,0.02,0.06,1.17,209.2,281.0,113.0,27.4,389.0,140.0,26.0,373.0,127.0,26.2,367.0,126.0,,,,34,,Ayden,Heaven,Heaven,,,740,0,1,2,12,1,0,0,2,0,0,9,84,,,,0.0,0.24,1.46,1.09,10.09,18,65,33
448,a,,,3.7,822,261.0,0,0.0,-3,3.0,0.4,277,104.0,2,0,1.0,452.0,161.0,0,2,0.0,345.0,113.0,0.0,0.5,0.0,66335,147,62560,30,0.0,0.5,0.0,0.0,0.0,0.35,0.0,0.0,0.0,4.5,3.6,488.0,173.0,0.5,479.0,174.0,0.0,462.0,173.0,0.4,500.0,175.0,,,,34,,Tyrell,Malacia,Malacia,,,7,0,0,0,1,0,0,0,0,0,0,0,2,,,,0.0,0.0,12.86,0.0,25.71,1,1,2
449,a,100.0,100.0,10.4,4,3.0,1,-1.0,14,-14.0,46.7,3,2.0,199,0,6.6,3.0,1.0,36,845,3.3,85.0,30.0,0.3,19.1,0.0,8871332,3036,5670825,1449,3.3,3.8,10.38,9.6,19.98,38.18,0.36,0.33,0.69,1.31,1095.4,1.0,1.0,1587.9,1.0,1.0,519.0,34.0,18.0,320.5,1.0,1.0,1.0,1.0,1.0,34,,Bruno,Borges Fernandes,B.Fernandes,,,2615,8,19,5,41,0,0,2,4,0,0,30,251,,,,0.0,0.17,1.41,1.03,8.64,48,60,143
450,a,100.0,100.0,8.1,15,10.0,1,-1.0,1,-1.0,9.2,40,14.0,125,0,4.2,51.0,23.0,12,506,2.7,110.0,40.0,0.3,15.4,0.0,3460906,1874,3330256,2134,2.7,3.2,6.16,2.73,8.89,31.99,0.25,0.11,0.36,1.29,577.2,61.0,17.0,464.0,52.0,44.0,696.0,20.0,9.0,174.0,26.0,21.0,,,,34,,Matheus,Santos Carneiro da Cunha,Cunha,,,2238,8,4,7,31,0,0,0,3,0,0,26,187,,,,0.0,0.28,1.25,1.05,7.52,35,40,112
451,u,0.0,0.0,7.0,36,21.0,0,0.0,0,0.0,0.0,715,293.0,0,0,0.0,827.0,371.0,0,0,0.0,823.0,369.0,0.0,0.0,0.0,0,0,2152,0,0.0,0.0,0.0,0.0,0.0,0.0,0.0,0.0,0.0,0.0,0.0,827.0,371.0,0.0,827.0,371.0,0.0,827.0,371.0,0.0,827.0,371.0,,,,34,,Marcus,Rashford,Rashford,Has joined Barcelona on loan for the rest of the season,,0,0,0,0,0,0,0,0,0,0,0,0,0,,,,0.0,0.0,0.0,0.0,0.0,0,0,0
452,a,100.0,100.0,6.2,77,51.0,0,0.0,-3,3.0,1.4,173,61.0,77,0,2.9,213.0,86.0,6,415,1.0,231.0,109.0,0.2,12.4,0.0,442490,40,627464,156,1.0,1.5,4.62,3.52,8.14,26.37,0.21,0.16,0.37,1.19,391.2,160.0,54.0,542.1,34.0,31.0,502.0,39.0,22.0,143.7,47.0,32.0,3.0,,,34,,Amad,Diallo,Amad,,,1995,2,4,4,29,0,0,0,2,0,0,23,176,,,,0.0,0.18,1.31,1.04,7.94,35,42,99
454,u,0.0,0.0,5.9,97,64.0,0,0.0,-1,1.0,0.1,574,215.0,0,0,0.0,820.0,367.0,0,0,0.0,808.0,359.0,0.0,0.0,0.0,1511,0,10744,0,0.0,0.0,0.0,0.0,0.0,0.0,0.0,0.0,0.0,0.0,0.0,820.0,367.0,0.0,820.0,367.0,0.0,819.0,367.0,0.0,820.0,367.0,,,,34,,Antony,dos Santos,Antony,has joined Real Betis permanently.,,0,0,0,0,0,0,0,0,0,0,0,0,0,,,,0.0,0.0,0.0,0.0,0.0,0,0,0
455,a,100.0,100.0,5.9,92,60.0,0,0.0,-1,1.0,0.3,336,115.0,47,0,2.5,274.0,114.0,3,165,0.0,805.0,356.0,0.0,8.0,0.0,184397,3,199536,10,0.0,0.5,1.54,1.41,2.95,10.38,0.17,0.15,0.32,1.14,165.0,320.0,143.0,200.6,185.0,122.0,160.0,195.0,106.0,52.5,269.0,137.0,,,,34,,Mason,Mount,Mount,,,822,3,0,3,14,0,0,0,1,0,0,10,66,,,,0.0,0.33,1.53,1.09,7.23,15,8,43
457,a,100.0,100.0,5.7,111,71.0,0,0.0,2,-2.0,3.9,97,32.0,148,0,4.8,21.0,9.0,17,569,4.7,40.0,13.0,0.8,26.0,0.0,915161,899,478421,953,4.7,5.2,4.9,3.05,7.95,27.83,0.19,0.12,0.31,1.08,783.0,14.0,3.0,484.4,48.0,42.0,518.0,35.0,19.0,178.8,20.0,16.0,,,,34,,Carlos Henrique,Casimiro,Casemiro,,,2315,8,4,9,27,0,0,0,8,1,0,30,308,,,,0.0,0.35,1.05,1.17,11.97,73,109,126
458,a,100.0,100.0,4.7,392,243.0,0,0.0,-3,3.0,1.0,195,69.0,49,0,2.1,327.0,142.0,0,231,1.3,177.0,78.0,0.3,10.4,0.0,238319,75,206023,215,1.3,1.8,0.24,0.85,1.09,16.64,0.02,0.06,0.08,1.24,246.6,250.0,108.0,290.0,122.0,85.0,55.0,332.0,173.0,59.3,245.0,121.0,,,,34,,Kobbie,Mainoo,Mainoo,,,1203,0,2,4,17,0,0,0,1,0,0,11,132,,,,0.0,0.3,1.27,0.82,9.88,29,35,68
459,a,,,4.7,386,240.0,0,0.0,-3,3.0,0.1,428,146.0,38,0,1.7,394.0,169.0,0,183,1.3,176.0,77.0,0.3,8.1,0.0,30495,2,39720,9,1.3,1.8,0.72,0.16,0.88,18.22,0.07,0.02,0.09,1.87,167.2,317.0,141.0,83.6,305.0,173.0,48.0,337.0,176.0,29.8,355.0,170.0,,,,34,,Manuel,Ugarte Ribeiro,Ugarte,,,876,0,0,1,23,0,0,0,1,0,0,8,142,,,,0.0,0.1,2.36,0.82,14.59,46,45,51
460,u,0.0,0.0,4.5,447,266.0,0,0.0,0,0.0,0.0,666,266.0,0,0,0.0,713.0,284.0,0,0,0.0,611.0,215.0,0.0,0.0,0.0,505,0,9686,0,0.0,0.0,0.0,0.0,0.0,0.0,0.0,0.0,0.0,0.0,0.0,707.0,278.0,0.0,703.0,281.0,0.0,687.0,274.0,0.0,709.0,280.0,,,,34,,Toby,Collyer,Collyer,has joined Hull City on loan for the rest of the season.,,0,0,0,0,0,0,0,0,0,0,0,0,0,,,,0.0,0.0,0.0,0.0,0.0,0,0,0
461,a,,,4.3,611,361.0,0,0.0,-2,2.0,0.0,604,230.0,0,0,0.0,662.0,251.0,0,0,0.0,536.0,174.0,0.0,0.0,0.0,3668,1,5237,1,0.0,0.5,0.0,0.0,0.0,0.0,0.0,0.0,0.0,0.0,0.0,652.0,241.0,0.0,648.0,246.0,0.0,625.0,235.0,0.0,654.0,243.0,,,,34,,Jayce,Fitzgerald,Fitzgerald,,,0,0,0,0,0,0,0,0,0,0,0,0,0,,,,0.0,0.0,0.0,0.0,0.0,0,0,0
462,a,,,4.3,608,358.0,0,0.0,-2,2.0,0.1,533,195.0,3,0,1.0,471.0,205.0,0,10,0.0,533.0,171.0,0.0,0.7,0.0,15370,2,14608,7,0.0,0.5,0.03,0.02,0.05,1.86,0.03,0.02,0.05,1.56,18.6,456.0,202.0,24.4,392.0,197.0,5.0,435.0,211.0,4.8,457.0,205.0,,,,34,,Jack,Fletcher,J.Fletcher,,,107,0,0,0,0,0,0,0,0,0,0,0,11,,,,0.0,0.0,0.0,0.0,9.25,5,2,4
463,u,0.0,0.0,4.3,620,368.0,0,0.0,-2,2.0,0.1,529,193.0,0,0,0.0,667.0,255.0,0,0,0.0,542.0,178.0,0.0,0.0,0.0,9069,0,13664,1,0.0,0.0,0.0,0.0,0.0,0.0,0.0,0.0,0.0,0.0,0.0,657.0,245.0,0.0,653.0,250.0,0.0,630.0,239.0,0.0,659.0,247.0,,,,34,,Sékou,Koné,Kone,has joined Lausanne-Sport on loan for the rest of the season.,,0,0,0,0,0,0,0,0,0,0,0,0,0,,,,0.0,0.0,0.0,0.0,0.0,0,0,0
464,u,0.0,0.0,4.5,472,287.0,0,0.0,0,0.0,0.0,703,285.0,0,0,0.0,730.0,300.0,0,0,0.0,633.0,234.0,0.0,0.0,0.0,723,0,2871,0,0.0,0.0,0.0,0.0,0.0,0.0,0.0,0.0,0.0,0.0,0.0,727.0,297.0,0.0,721.0,298.0,0.0,706.0,292.0,0.0,728.0,298.0,,,,34,,Jack,Moorhouse,Moorhouse,has joined Leyton Orient on loan for the rest of the season.,,0,0,0,0,0,0,0,0,0,0,0,0,0,,,,0.0,0.0,0.0,0.0,0.0,0,0,0
465,u,0.0,0.0,6.3,70,23.0,0,0.0,-2,2.0,0.3,353,57.0,0,0,0.0,822.0,90.0,0,0,0.0,816.0,89.0,0.0,0.0,0.0,5437,0,56804,2,0.0,0.0,0.0,0.0,0.0,0.0,0.0,0.0,0.0,0.0,0.0,822.0,90.0,0.0,822.0,90.0,0.0,822.0,90.0,0.0,822.0,90.0,,,,34,,Rasmus,Højlund,Højlund,has joined Napoli on loan for the rest of the season.,,0,0,0,0,0,0,0,0,0,0,0,0,0,,,,0.0,0.0,0.0,0.0,0.0,0,0,0
466,a,100.0,100.0,5.8,106,31.0,0,0.0,-2,2.0,0.4,284,45.0,38,0,2.0,348.0,40.0,6,134,0.3,337.0,46.0,0.1,6.6,0.0,109887,9,131893,12,0.3,0.8,2.18,0.32,2.5,7.63,0.38,0.06,0.44,1.34,154.0,327.0,31.0,162.0,210.0,21.0,195.0,161.0,38.0,50.7,278.0,32.0,,,,34,,Joshua,Zirkzee,Zirkzee,,,512,2,1,1,8,0,0,0,1,0,0,4,38,,,,0.0,0.18,1.41,0.7,6.68,8,12,18
467,a,,,4.2,649,90.0,0,0.0,-3,3.0,1.4,169,26.0,0,0,0.0,651.0,64.0,0,0,0.0,509.0,51.0,0.0,0.0,0.0,274443,19,385977,80,0.0,0.5,0.0,0.0,0.0,0.0,0.0,0.0,0.0,0.0,0.0,642.0,64.0,0.0,636.0,63.0,0.0,611.0,63.0,0.0,644.0,64.0,,,,34,,Chido,Obi,Obi,,,0,0,0,0,0,0,0,0,0,0,0,0,0,,,,0.0,0.0,0.0,0.0,0.0,0,0,0
468,u,0.0,0.0,4.5,481,67.0,0,0.0,0,0.0,0.1,519,70.0,0,0,0.0,737.0,77.0,0,0,0.0,642.0,66.0,0.0,0.0,0.0,4530,0,14964,1,0.0,0.0,0.0,0.0,0.0,0.0,0.0,0.0,0.0,0.0,0.0,734.0,77.0,0.0,728.0,76.0,0.0,714.0,76.0,0.0,735.0,77.0,,,,34,,Ethan,Wheatley,Wheatley,has joined Bradford City on loan for the rest of the season.,,0,0,0,0,0,0,0,0,0,0,0,0,0,,,,0.0,0.0,0.0,0.0,0.0,0,0,0
681,a,100.0,100.0,7.3,30,13.0,0,0.0,-2,2.0,6.1,61,12.0,98,0,3.5,130.0,11.0,17,344,1.3,203.0,27.0,0.2,13.4,0.0,1321493,257,1626739,2167,1.3,1.8,7.53,0.24,7.77,25.53,0.45,0.01,0.46,1.53,414.0,143.0,14.0,142.2,234.0,25.0,725.0,17.0,9.0,127.2,65.0,14.0,,,,34,,Benjamin,Sesko,Šeško,,,1498,9,2,2,29,0,0,0,2,0,0,15,58,,,,0.0,0.12,1.74,0.9,3.48,5,20,33
733,a,,,5.1,235,8.0,0,0.0,1,-1.0,3.1,107,17.0,88,0,3.3,158.0,19.0,9,330,4.0,60.0,8.0,0.8,17.3,0.0,662452,391,351596,340,4.0,4.5,0.0,0.0,0.0,33.01,0.0,0.0,0.0,1.22,511.0,92.0,15.0,0.0,803.0,94.0,2.0,457.0,2.0,51.3,275.0,17.0,,,,34,,Senne,Lammens,Lammens,,,2430,0,0,6,34,0,0,0,0,0,63,27,43,,,,2.33,0.22,1.26,1.0,0.0,1,22,189
755,a,100.0,100.0,4.5,484,296.0,0,0.0,0,0.0,0.0,732,304.0,2,0,1.0,488.0,219.0,0,8,0.0,645.0,243.0,0.0,0.4,0.0,3510,0,2782,0,0.0,0.5,0.07,0.0,0.07,0.11,0.52,0.0,0.52,0.82,4.0,486.0,221.0,1.5,471.0,227.0,11.0,415.0,205.0,1.5,480.0,218.0,,,,34,,Shea,Lacey,Lacey,,,12,0,0,0,0,0,0,0,0,0,0,0,1,,,,0.0,0.0,0.0,0.0,7.5,1,0,0
769,a,,,4.5,483,295.0,0,0.0,0,0.0,0.0,782,339.0,1,0,1.0,487.0,218.0,0,3,0.0,644.0,242.0,0.0,0.2,0.0,528,1,376,1,0.0,0.5,0.0,0.01,0.01,0.05,0.0,0.06,0.06,0.3,2.2,496.0,228.0,11.7,422.0,210.0,0.0,716.0,300.0,1.4,484.0,222.0,,,,34,,Bendito,Mantato,Bendito Mantato,,,15,0,0,0,0,0,0,0,0,0,0,0,0,,,,0.0,0.0,0.0,0.0,0.0,0,0,0
771,a,,,4.4,553,333.0,0,0.0,-1,1.0,0.0,739,310.0,1,0,1.0,476.0,209.0,0,3,0.0,566.0,189.0,0.0,0.2,0.0,2309,0,1518,2,0.0,0.5,0.0,0.01,0.01,0.02,0.0,0.9,0.9,1.8,0.4,509.0,232.0,1.0,475.0,229.0,0.0,648.0,250.0,0.1,513.0,234.0,,,,34,,Tyler,Fletcher,Fletcher,,,1,0,0,0,0,0,0,0,0,0,0,0,0,,,,0.0,0.0,0.0,0.0,0.0,0,0,0
788,a,,,4.0,723,193.0,0,0.0,0,0.0,0.0,725,252.0,0,0,0.0,624.0,233.0,0,0,0.0,468.0,183.0,0.0,0.0,0.0,528,1,480,1,0.0,0.5,0.0,0.0,0.0,0.0,0.0,0.0,0.0,0.0,0.0,614.0,233.0,0.0,607.0,233.0,0.0,577.0,230.0,0.0,616.0,233.0,,,,34,,Godwill,Kukonki,Kukonki,,,0,0,0,0,0,0,0,0,0,0,0,0,0,,,,0.0,0.0,0.0,0.0,0.0,0,0,0
827,a,,,4.5,485,297.0,0,0.0,0,0.0,0.0,828,372.0,0,0,0.0,739.0,307.0,0,0,0.0,646.0,244.0,0.0,0.0,0.0,21,1,2,0,0.0,0.5,0.0,0.0,0.0,0.0,0.0,0.0,0.0,0.0,0.0,736.0,304.0,0.0,730.0,305.0,0.0,717.0,301.0,0.0,737.0,305.0,,,,34,,Jim,Thwaites,Thwaites,,,0,0,0,0,0,0,0,0,0,0,0,0,0,,,,0.0,0.0,0.0,0.0,0.0,0,0,0
52,a,100.0,100.0,5.3,187,118.0,0,0.0,-2,2.0,0.2,361,122.0,42,0,1.8,384.0,164.0,1,212,1.0,225.0,105.0,0.2,7.9,0.0,34181,9,80132,21,1.0,0.0,1.12,0.97,2.09,23.47,0.09,0.08,0.17,1.85,215.0,278.0,115.0,259.1,148.0,99.0,141.0,220.0,122.0,61.5,238.0,117.0,,,,34,,Jacob,Ramsey,J.Ramsey,,,1141,2,1,1,26,0,0,0,3,1,0,12,111,,,,0.0,0.08,2.05,0.95,8.76,27,18,66
135,a,100.0,100.0,7.3,27,11.0,0,0.0,-2,2.0,0.6,251,35.0,21,0,1.5,420.0,51.0,0,64,0.3,342.0,48.0,0.0,2.9,0.0,241863,38,458226,30,0.3,-0.7,1.95,0.53,2.48,8.0,0.41,0.11,0.52,1.7,54.0,418.0,49.0,35.8,376.0,50.0,139.0,223.0,44.0,22.1,382.0,49.0,,,,34,,Yoane,Wissa,Wissa,,,423,1,0,1,9,0,0,0,1,0,0,4,19,,,,0.0,0.21,1.91,0.85,4.04,3,3,13
469,a,100.0,100.0,5.0,245,9.0,0,0.0,0,0.0,4.3,93,16.0,82,0,3.7,98.0,14.0,3,336,0.0,736.0,94.0,0.0,16.4,0.0,1522366,70,1596150,197,0.0,-1.0,0.16,0.0,0.16,27.01,0.01,0.0,0.01,1.24,505.8,93.0,16.0,0.0,788.0,93.0,35.0,359.0,1.0,54.1,264.0,15.0,,,,34,,Nick,Pope,Pope,,,1966,0,1,7,32,0,0,0,1,0,67,22,121,,,,3.07,0.32,1.46,1.01,0.0,1,32,204
471,a,,,3.9,749,71.0,0,0.0,-1,1.0,0.1,447,65.0,0,0,0.0,549.0,44.0,0,0,0.0,378.0,30.0,0.0,0.0,0.0,7024,5,11150,3,0.0,-1.0,0.0,0.0,0.0,0.0,0.0,0.0,0.0,0.0,0.0,538.0,44.0,0.0,524.0,26.0,0.0,492.0,12.0,0.0,540.0,44.0,,,,34,,Mark,Gillespie,Gillespie,,,0,0,0,0,0,0,0,0,0,0,0,0,0,,,,0.0,0.0,0.0,0.0,0.0,0,0,0
472,u,0.0,0.0,4.0,671,44.0,0,0.0,0,0.0,0.0,724,84.0,0,0,0.0,583.0,67.0,0,0,0.0,419.0,55.0,0.0,0.0,0.0,0,0,2500,0,0.0,0.0,0.0,0.0,0.0,0.0,0.0,0.0,0.0,0.0,0.0,572.0,67.0,0.0,563.0,54.0,0.0,532.0,40.0,0.0,574.0,67.0,,,,34,,Odysseas,Vlachodimos,Odysseas,Has joined Sevilla on loan for the rest of the season.,,0,0,0,0,0,0,0,0,0,0,0,0,0,,,,0.0,0.0,0.0,0.0,0.0,0,0,0
473,a,100.0,100.0,5.4,171,21.0,0,0.0,-1,1.0,3.8,99,33.0,74,0,2.8,225.0,88.0,4,311,0.7,267.0,88.0,0.1,13.7,0.0,938562,378,696557,933,0.7,-0.3,0.85,2.54,3.39,33.34,0.04,0.12,0.16,1.59,488.0,103.0,45.0,362.3,84.0,20.0,155.0,203.0,51.0,100.5,111.0,30.0,2.0,1.0,,34,,Lewis,Hall,Hall,,,1884,1,2,4,35,0,0,0,3,0,0,21,161,,,,0.0,0.19,1.67,1.0,7.31,49,104,119
474,i,0.0,0.0,5.2,201,26.0,0,0.0,-3,3.0,1.1,185,72.0,51,0,3.2,176.0,70.0,0,186,0.0,763.0,258.0,0.0,9.8,0.0,297160,3,497811,26,0.0,0.0,0.97,0.6,1.57,13.85,0.08,0.05,0.13,1.14,291.2,222.0,87.0,63.6,336.0,114.0,108.0,263.0,74.0,46.4,292.0,96.0,,4.0,,34,,Fabian,Schär,Schär,Ankle injury - Expected back 10 May,,1089,0,0,4,13,0,0,0,1,0,0,11,133,,,,0.0,0.33,1.07,0.91,9.5,14,101,42
475,a,100.0,100.0,4.9,309,49.0,0,0.0,-1,1.0,0.4,287,109.0,70,0,3.5,122.0,45.0,6,258,1.7,160.0,59.0,0.3,14.3,0.0,88690,24,110570,16,1.7,0.7,1.49,0.44,1.93,21.7,0.1,0.03,0.13,1.41,427.2,135.0,59.0,72.4,318.0,107.0,163.0,191.0,46.0,66.3,217.0,75.0,,,,34,,Sven,Botman,Botman,,,1384,1,1,5,21,1,0,0,2,0,0,16,173,,,,0.0,0.33,1.37,1.04,9.36,13,131,74
476,a,100.0,100.0,5.0,244,38.0,0,0.0,0,0.0,3.4,100,34.0,79,0,3.3,154.0,60.0,5,232,0.3,321.0,104.0,0.1,15.8,0.0,1551937,90,1690850,161,0.3,-0.7,0.8,0.32,1.12,25.12,0.04,0.02,0.06,1.24,423.0,137.0,60.0,88.9,299.0,94.0,122.0,245.0,65.0,63.5,230.0,79.0,,,,34,,Dan,Burn,Burn,,,1827,0,3,6,31,0,0,0,7,1,0,21,229,,,,0.0,0.3,1.53,1.03,9.51,31,162,61
477,i,0.0,0.0,4.9,324,53.0,0,0.0,-1,1.0,1.9,143,57.0,59,0,3.5,123.0,46.0,3,252,1.0,220.0,75.0,0.2,12.0,0.0,1106468,0,1387412,222,0.0,0.0,0.13,0.89,1.02,18.62,0.01,0.06,0.07,1.26,219.4,271.0,111.0,199.7,186.0,48.0,42.0,348.0,115.0,46.1,294.0,98.0,,,,34,,Tino,Livramento,Livramento,Thigh injury - Unknown return date,,1326,0,1,6,14,0,0,0,1,0,0,14,96,,,,0.0,0.41,0.95,0.95,4.62,22,46,81
478,a,100.0,100.0,4.9,285,44.0,0,0.0,-1,1.0,1.4,168,64.0,51,0,2.7,236.0,95.0,2,211,0.3,317.0,102.0,0.1,10.4,0.0,261537,39,382923,38,0.3,-0.7,0.08,2.0,2.08,20.38,0.0,0.12,0.12,1.22,274.6,236.0,92.0,465.0,51.0,7.0,14.0,403.0,148.0,75.3,182.0,62.0,4.0,2.0,,34,,Kieran,Trippier,Trippier,,,1501,0,1,5,26,0,0,0,3,0,0,17,107,,,,0.0,0.3,1.56,1.02,4.68,23,55,70
479,i,0.0,0.0,4.3,576,123.0,0,0.0,-2,2.0,0.0,625,224.0,0,0,0.0,653.0,252.0,0,-8,0.0,512.0,215.0,0.0,0.0,0.0,1654,4,5300,1,0.0,0.0,0.0,0.0,0.0,0.25,0.0,0.0,0.0,0.5,1.4,500.0,177.0,1.2,474.0,172.0,0.0,613.0,251.0,0.3,505.0,177.0,,,,34,,Emil,Krafth,Krafth,Knee injury - Unknown return date,,45,0,0,0,2,0,0,0,0,0,0,1,1,,,,0.0,0.0,4.0,2.0,2.0,0,1,0
480,u,0.0,0.0,4.3,574,121.0,0,0.0,-2,2.0,0.0,596,213.0,1,0,0.5,522.0,180.0,0,0,0.0,511.0,214.0,0.0,0.2,0.0,2754,0,9121,1,0.0,0.0,0.04,0.0,0.04,0.55,0.19,0.0,0.19,2.61,10.2,467.0,170.0,0.0,638.0,252.0,7.0,428.0,163.0,1.7,477.0,170.0,,,,34,,Jamaal,Lascelles,Lascelles,has joined Leicester City permanently.,,19,0,0,0,2,0,0,0,0,0,0,0,5,,,,0.0,0.0,9.47,0.0,23.68,0,5,0
481,a,,,3.8,812,252.0,0,0.0,-2,2.0,0.7,235,88.0,1,0,1.0,455.0,163.0,0,-1,0.0,369.0,134.0,0.0,0.3,0.0,80923,9,106757,12,0.0,-1.0,0.0,0.0,0.0,0.27,0.0,0.0,0.0,24.3,2.2,495.0,175.0,0.0,514.0,195.0,0.0,481.0,189.0,0.2,508.0,178.0,,,,34,,Alex,Murphy,A.Murphy,,,1,0,0,0,1,0,0,0,0,0,0,0,1,,,,0.0,0.0,90.0,0.0,90.0,0,1,0
482,u,0.0,0.0,3.9,765,220.0,0,0.0,-1,1.0,0.1,465,172.0,0,0,0.0,558.0,202.0,0,0,0.0,390.0,143.0,0.0,0.0,0.0,8541,0,17229,3,0.0,0.0,0.0,0.0,0.0,0.0,0.0,0.0,0.0,0.0,0.0,547.0,201.0,0.0,535.0,201.0,0.0,503.0,196.0,0.0,549.0,201.0,,,,34,,Harrison,Ashby,Ashby,has joined Bradford City on loan for the rest of the season.,,0,0,0,0,0,0,0,0,0,0,0,0,0,,,,0.0,0.0,0.0,0.0,0.0,0,0,0
483,a,,,3.8,816,256.0,0,0.0,-2,2.0,0.4,299,111.0,0,0,0.0,543.0,198.0,0,0,0.0,372.0,137.0,0.0,0.0,0.0,67206,4,51762,13,0.0,-1.0,0.0,0.0,0.0,0.0,0.0,0.0,0.0,0.0,0.0,532.0,197.0,0.0,516.0,197.0,0.0,484.0,192.0,0.0,534.0,197.0,,,,34,,Miodrag,Pivaš,Pivas,,,0,0,0,0,0,0,0,0,0,0,0,0,0,,,,0.0,0.0,0.0,0.0,0.0,0,0,0
484,u,0.0,0.0,4.0,674,166.0,0,0.0,0,0.0,0.1,433,162.0,0,0,0.0,585.0,213.0,0,0,0.0,421.0,157.0,0.0,0.0,0.0,3759,0,45528,1,0.0,0.0,0.0,0.0,0.0,0.0,0.0,0.0,0.0,0.0,0.0,574.0,212.0,0.0,565.0,212.0,0.0,534.0,208.0,0.0,576.0,212.0,,,,34,,Matt,Targett,Targett,has joined Middlesbrough on loan for the rest of the season.,,0,0,0,0,0,0,0,0,0,0,0,0,0,,,,0.0,0.0,0.0,0.0,0.0,0,0,0
485,d,50.0,0.0,7.4,24,16.0,0,0.0,-1,1.0,5.3,74,25.0,101,0,3.9,77.0,33.0,10,352,1.0,237.0,114.0,0.1,13.6,0.0,2398883,36,1987545,11483,0.5,0.0,8.77,3.38,12.15,24.78,0.44,0.17,0.61,1.24,393.8,156.0,53.0,404.2,70.0,55.0,514.0,37.0,21.0,130.9,58.0,37.0,,,1.0,34,,Anthony,Gordon,Gordon,Hip injury - 50% chance of playing,,1798,6,4,8,30,0,0,0,3,1,0,24,91,,,,0.0,0.4,1.5,1.2,4.56,19,16,56
486,a,100.0,100.0,6.5,53,34.0,0,0.0,-5,5.0,2.7,119,37.0,45,0,1.6,406.0,175.0,0,171,1.0,233.0,111.0,0.2,6.9,0.0,581304,69,1196288,70,1.0,0.0,1.44,1.71,3.15,20.44,0.1,0.12,0.22,1.45,129.4,347.0,157.0,265.5,143.0,95.0,179.0,179.0,99.0,57.1,253.0,124.0,5.0,,,34,,Anthony,Elanga,Elanga,,,1269,0,1,2,27,0,0,0,0,0,0,14,53,,,,0.0,0.14,1.91,0.99,3.76,14,9,30
487,a,,,6.1,81,53.0,0,0.0,-4,4.0,1.1,192,66.0,86,0,2.7,243.0,97.0,8,271,1.0,230.0,108.0,0.2,14.1,0.0,759194,136,705466,175,1.0,0.0,6.1,2.25,8.35,27.66,0.31,0.12,0.43,1.42,302.0,218.0,92.0,318.4,109.0,77.0,605.0,26.0,11.0,122.1,74.0,46.0,,,,34,,Harvey,Barnes,Barnes,,,1757,5,0,5,28,0,0,0,1,0,0,18,93,,,,0.0,0.26,1.43,0.92,4.76,13,19,61
488,a,100.0,100.0,6.8,43,27.0,0,0.0,3,-3.0,4.5,87,28.0,135,0,5.6,6.0,3.0,19,592,0.3,341.0,161.0,0.0,19.9,0.0,4070018,1105,3831836,248,0.3,-0.7,4.99,3.81,8.8,26.84,0.22,0.17,0.39,1.18,693.4,37.0,10.0,650.2,23.0,22.0,398.0,62.0,36.0,174.3,23.0,19.0,3.0,5.0,2.0,34,,Bruno,Guimarães Rodriguez Moura,Bruno G.,,,2047,9,6,6,32,0,0,0,5,0,0,22,204,,,,0.0,0.26,1.41,0.97,8.97,52,43,109
489,a,100.0,100.0,5.9,89,57.0,0,0.0,-6,6.0,0.6,244,86.0,67,0,2.4,291.0,126.0,2,265,0.7,273.0,129.0,0.1,11.4,0.0,166844,18,351200,22,0.7,-0.3,3.05,2.42,5.47,21.11,0.2,0.16,0.36,1.4,278.2,233.0,100.0,337.6,98.0,71.0,323.0,88.0,51.0,92.8,136.0,75.0,,,,34,,Jacob,Murphy,J.Murphy,,,1354,3,1,7,17,0,0,0,2,0,0,15,73,,,,0.0,0.47,1.13,1.0,4.85,14,19,40
490,a,100.0,0.0,5.9,91,59.0,0,0.0,-1,1.0,0.3,333,113.0,67,0,2.7,242.0,96.0,2,281,0.3,338.0,159.0,0.1,11.4,0.0,80846,3,110520,24,0.3,0.0,2.09,1.15,3.24,26.12,0.11,0.06,0.17,1.33,304.6,215.0,90.0,262.6,145.0,96.0,311.0,91.0,54.0,87.9,149.0,79.0,,,,34,,Joelinton Cássio,Apolinário de Lira,Joelinton,,,1770,2,1,5,25,0,0,0,10,0,0,21,214,,,,0.0,0.25,1.27,1.07,10.88,37,69,108
491,a,100.0,100.0,5.3,191,120.0,0,0.0,-2,2.0,1.1,191,65.0,75,0,2.4,288.0,124.0,2,418,1.3,190.0,86.0,0.2,14.2,0.0,222798,47,328066,65,1.3,0.3,1.63,2.48,4.11,32.75,0.07,0.1,0.17,1.33,351.2,187.0,72.0,460.4,53.0,45.0,173.0,182.0,102.0,98.8,116.0,67.0,1.0,3.0,,34,,Sandro,Tonali,Tonali,,,2212,0,2,7,35,0,0,0,3,0,0,27,224,,,,0.0,0.28,1.42,1.1,9.11,31,62,131
492,u,0.0,0.0,4.9,343,214.0,0,0.0,-1,1.0,0.0,681,274.0,0,0,0.0,791.0,346.0,0,0,0.0,732.0,307.0,0.0,0.0,0.0,655,0,3586,0,0.0,0.0,0.0,0.0,0.0,0.0,0.0,0.0,0.0,0.0,0.0,790.0,345.0,0.0,786.0,345.0,0.0,782.0,343.0,0.0,790.0,345.0,,,,34,,Antoñito,Cordero Campillo,Antoñito C.,has joined Cadiz on loan for the rest of the season.,,0,0,0,0,0,0,0,0,0,0,0,0,0,,,,0.0,0.0,0.0,0.0,0.0,0,0,0
494,a,100.0,100.0,5.0,249,149.0,0,0.0,0,0.0,0.1,503,182.0,28,0,1.4,426.0,186.0,0,114,0.0,738.0,310.0,0.0,5.6,0.0,14301,5,13650,11,0.0,-1.0,0.81,0.64,1.45,13.92,0.11,0.08,0.19,1.81,96.2,380.0,167.0,147.8,228.0,146.0,112.0,252.0,138.0,35.5,330.0,161.0,,,,34,,Joe,Willock,Willock,,,693,0,1,3,13,0,0,0,3,0,0,7,76,,,,0.0,0.39,1.69,0.91,9.87,18,12,46
495,u,0.0,0.0,4.5,416,251.0,0,0.0,0,0.0,0.0,773,331.0,0,0,0.0,696.0,271.0,0,0,0.0,589.0,201.0,0.0,0.0,0.0,0,0,1612,0,0.0,0.0,0.0,0.0,0.0,0.0,0.0,0.0,0.0,0.0,0.0,690.0,265.0,0.0,685.0,268.0,0.0,666.0,260.0,0.0,692.0,267.0,,,,34,,Isaac,Hayden,Hayden,Has departed the club as a free agent.,,0,0,0,0,0,0,0,0,0,0,0,0,0,,,,0.0,0.0,0.0,0.0,0.0,0,0,0
496,u,0.0,0.0,4.4,561,337.0,0,0.0,-1,1.0,0.0,639,247.0,0,0,0.0,685.0,265.0,0,0,0.0,573.0,192.0,0.0,0.0,0.0,2219,0,7434,0,0.0,0.0,0.0,0.0,0.0,0.0,0.0,0.0,0.0,0.0,0.0,678.0,258.0,0.0,673.0,261.0,0.0,654.0,253.0,0.0,680.0,260.0,,,,34,,Garang,Kuol,Kuol,has joined Sparta Prague permanently.,,0,0,0,0,0,0,0,0,0,0,0,0,0,,,,0.0,0.0,0.0,0.0,0.0,0,0,0
497,a,100.0,100.0,4.4,559,336.0,0,0.0,-1,1.0,1.8,145,48.0,68,0,3.2,169.0,66.0,5,310,3.3,74.0,24.0,0.7,15.5,0.0,657681,298,722540,115,3.3,2.3,1.36,2.04,3.4,19.2,0.09,0.14,0.23,1.32,314.6,211.0,89.0,236.3,162.0,109.0,134.0,227.0,125.0,68.5,212.0,103.0,,,,34,,Lewis,Miley,L.Miley,,,1313,1,4,2,20,0,0,0,0,0,0,13,139,,,,0.0,0.14,1.37,0.89,9.53,27,47,65
498,u,0.0,0.0,4.5,440,262.0,0,0.0,0,0.0,0.0,779,336.0,0,0,0.0,710.0,281.0,0,0,0.0,608.0,212.0,0.0,0.0,0.0,117,0,1259,0,0.0,0.0,0.0,0.0,0.0,0.0,0.0,0.0,0.0,0.0,0.0,704.0,275.0,0.0,700.0,278.0,0.0,683.0,271.0,0.0,706.0,277.0,,,,34,,Joe,White,White,has joined Bradford City on loan for the rest of the season.,,0,0,0,0,0,0,0,0,0,0,0,0,0,,,,0.0,0.0,0.0,0.0,0.0,0,0,0
500,a,100.0,100.0,5.4,179,42.0,0,0.0,-1,1.0,0.5,260,38.0,48,0,2.5,269.0,29.0,7,172,5.7,22.0,3.0,1.1,8.9,0.0,123133,532,95046,135,5.7,4.7,2.02,0.1,2.12,10.57,0.4,0.02,0.42,2.1,148.0,331.0,33.0,30.6,384.0,51.0,167.0,189.0,41.0,34.4,339.0,41.0,,,,34,,William,Osula,Osula,,,454,4,1,1,10,0,0,0,0,0,0,3,23,,,,0.0,0.2,1.98,0.59,4.56,3,2,18
501,a,,,4.3,617,86.0,0,0.0,-2,2.0,0.3,354,58.0,0,0,0.0,665.0,67.0,0,0,0.0,540.0,56.0,0.0,0.0,0.0,26758,4,37631,9,0.0,-1.0,0.0,0.0,0.0,0.0,0.0,0.0,0.0,0.0,0.0,655.0,67.0,0.0,651.0,66.0,0.0,628.0,66.0,0.0,657.0,67.0,,,,34,,Sean,Neave,Neave,,,0,0,0,0,0,0,0,0,0,0,0,0,0,,,,0.0,0.0,0.0,0.0,0.0,0,0,0
674,a,,,4.8,359,14.0,0,0.0,-2,2.0,0.8,213,27.0,25,0,2.1,328.0,30.0,1,107,0.7,253.0,18.0,0.1,5.2,0.0,143281,40,167382,54,0.7,-0.3,0.0,0.0,0.0,18.83,0.0,0.0,0.0,1.69,212.8,279.0,25.0,10.0,435.0,14.0,0.0,761.0,87.0,22.3,380.0,24.0,,,,34,,Aaron,Ramsdale,Ramsdale,,,1003,0,0,1,17,0,0,0,2,0,25,11,0,,,,2.24,0.09,1.53,0.99,0.0,0,10,89
684,a,,,5.1,236,36.0,0,0.0,1,-1.0,5.9,65,22.0,117,0,3.9,73.0,28.0,12,382,1.0,223.0,76.0,0.2,22.9,0.0,1879893,246,1158670,3359,1.0,0.0,3.98,0.91,4.89,43.33,0.14,0.03,0.17,1.55,764.6,18.0,6.0,106.5,276.0,81.0,370.0,73.0,5.0,123.8,71.0,14.0,,,,34,,Malick,Thiaw,Thiaw,,,2513,4,0,5,46,0,0,0,4,0,0,28,285,,,,0.0,0.18,1.65,1.0,9.2,35,222,101
689,a,,,4.3,621,369.0,0,0.0,-2,2.0,0.5,274,95.0,0,0,0.0,668.0,256.0,0,0,0.0,543.0,179.0,0.0,0.0,0.0,96836,27,64806,52,0.0,-1.0,0.0,0.0,0.0,0.0,0.0,0.0,0.0,0.0,0.0,658.0,246.0,0.0,654.0,251.0,0.0,631.0,240.0,0.0,660.0,248.0,,,,34,,Seung-Soo,Park,Seung soo,,,0,0,0,0,0,0,0,0,0,0,0,0,0,,,,0.0,0.0,0.0,0.0,0.0,0,0,0
714,a,100.0,100.0,6.7,47,17.0,0,0.0,-3,3.0,6.6,60,11.0,95,0,3.3,164.0,18.0,10,336,0.7,283.0,40.0,0.1,14.2,0.0,5458079,89,4806795,387,0.7,-0.3,6.39,0.85,7.24,22.89,0.34,0.05,0.39,1.23,390.0,162.0,16.0,206.9,179.0,16.0,392.0,67.0,25.0,97.8,120.0,19.0,,,3.0,34,,Nick,Woltemade,Woltemade,,,1670,7,4,7,27,1,0,0,0,0,0,21,93,,,,0.0,0.38,1.46,1.13,5.01,22,27,44
753,a,,,4.0,663,38.0,0,0.0,0,0.0,0.0,687,82.0,0,0,0.0,578.0,63.0,0,0,0.0,412.0,50.0,0.0,0.0,0.0,1821,4,1203,2,0.0,-1.0,0.0,0.0,0.0,0.0,0.0,0.0,0.0,0.0,0.0,567.0,63.0,0.0,556.0,48.0,0.0,525.0,34.0,0.0,569.0,63.0,,,,34,,John,Ruddy,Ruddy,,,0,0,0,0,0,0,0,0,0,0,0,0,0,,,,0.0,0.0,0.0,0.0,0.0,0,0,0
765,a,,,4.0,720,190.0,0,0.0,0,0.0,0.0,644,230.0,0,0,0.0,621.0,230.0,0,0,0.0,465.0,180.0,0.0,0.0,0.0,4442,5,2838,2,0.0,-1.0,0.0,0.0,0.0,0.0,0.0,0.0,0.0,0.0,0.0,611.0,230.0,0.0,604.0,230.0,0.0,574.0,227.0,0.0,613.0,230.0,,,,34,,Leo,Shahar,Shahar,,,0,0,0,0,0,0,0,0,0,0,0,0,0,,,,0.0,0.0,0.0,0.0,0.0,0,0,0
772,a,,,4.5,517,321.0,0,0.0,0,0.0,0.0,776,333.0,0,0,0.0,764.0,326.0,0,0,0.0,676.0,267.0,0.0,0.0,0.0,682,1,417,1,0.0,-1.0,0.0,0.0,0.0,0.0,0.0,0.0,0.0,0.0,0.0,763.0,325.0,0.0,756.0,325.0,0.0,743.0,321.0,0.0,763.0,325.0,,,,34,,Sam,Alabi,Alabi,,,0,0,0,0,0,0,0,0,0,0,0,0,0,,,,0.0,0.0,0.0,0.0,0.0,0,0,0
12,u,0.0,0.0,4.9,302,47.0,0,0.0,-1,1.0,0.2,372,135.0,7,0,1.4,425.0,154.0,0,56,0.0,711.0,252.0,0.0,1.4,0.0,26902,0,53918,4,0.0,0.0,0.07,0.36,0.43,5.02,0.02,0.09,0.11,1.28,80.8,393.0,146.0,83.4,306.0,98.0,22.0,388.0,137.0,18.6,392.0,138.0,,,,34,,Oleksandr,Zinchenko,Zinchenko,has joined Ajax permanently.,,352,0,0,0,6,0,0,0,0,0,0,4,36,,,,0.0,0.0,1.53,1.02,6.14,10,14,17
400,a,100.0,100.0,4.7,376,16.0,0,0.0,-3,3.0,0.2,389,56.0,11,0,3.7,95.0,13.0,0,38,0.0,684.0,90.0,0.0,2.3,0.0,13376,19,26476,23,-0.5,0.0,0.0,0.01,0.01,4.65,0.0,0.0,0.0,1.55,68.6,401.0,30.0,0.0,761.0,90.0,0.0,750.0,82.0,6.9,441.0,30.0,,,,34,,Stefan,Ortega Moreno,Ortega Moreno,,,270,0,0,1,4,0,0,0,0,0,8,3,0,,,,2.67,0.33,1.33,1.0,0.0,0,1,8
426,a,,,5.0,258,156.0,0,0.0,-5,5.0,0.1,504,183.0,9,0,0.9,514.0,240.0,0,32,0.0,741.0,313.0,0.0,1.8,0.0,13454,1,27080,5,-0.5,0.0,0.02,0.18,0.2,4.2,0.01,0.09,0.1,2.18,17.6,457.0,203.0,45.5,361.0,188.0,12.0,413.0,203.0,7.6,435.0,196.0,,,5.0,34,,James,McAtee,McAtee,,,173,0,0,0,8,0,0,0,1,0,0,1,13,,,,0.0,0.0,4.16,0.52,6.76,4,2,7
502,a,100.0,100.0,4.6,396,19.0,0,0.0,-4,4.0,4.9,80,14.0,89,7,3.3,150.0,18.0,3,367,4.0,55.0,5.0,0.9,19.3,0.0,457161,198,2059236,189,3.5,4.0,0.0,0.06,0.06,35.94,0.0,0.0,0.0,1.4,576.2,62.0,13.0,10.0,433.0,12.0,0.0,748.0,80.0,58.7,247.0,13.0,,,,34,,Matz,Sels,Sels,,,2307,0,0,7,33,0,0,0,2,0,78,26,75,,,,3.04,0.27,1.29,1.01,0.0,1,22,172
503,u,0.0,0.0,4.0,693,55.0,0,0.0,0,0.0,0.1,561,77.0,0,0,0.0,601.0,77.0,0,0,0.0,440.0,66.0,0.0,0.0,0.0,448,0,15814,0,0.0,0.0,0.0,0.0,0.0,0.0,0.0,0.0,0.0,0.0,0.0,590.0,77.0,0.0,582.0,65.0,0.0,551.0,51.0,0.0,592.0,77.0,,,,34,,Carlos Miguel,dos Santos Pereira,C.Miguel,Has joined Palmeiras permanently.,,0,0,0,0,0,0,0,0,0,0,0,0,0,,,,0.0,0.0,0.0,0.0,0.0,0,0,0
504,u,0.0,0.0,4.0,678,46.0,0,0.0,0,0.0,0.1,535,76.0,0,0,0.0,588.0,68.0,0,0,0.0,425.0,57.0,0.0,0.0,0.0,0,0,15918,1,0.0,0.0,0.0,0.0,0.0,0.0,0.0,0.0,0.0,0.0,0.0,577.0,68.0,0.0,569.0,56.0,0.0,538.0,42.0,0.0,579.0,68.0,,,,34,,Matt,Turner,Turner,Has joined Lyon permanently.,,0,0,0,0,0,0,0,0,0,0,0,0,0,,,,0.0,0.0,0.0,0.0,0.0,0,0,0
505,a,,,5.1,230,33.0,0,0.0,-4,4.0,3.4,101,35.0,111,8,3.3,157.0,61.0,2,380,5.0,31.0,14.0,1.0,21.8,0.0,402080,276,1081947,186,4.5,5.0,0.81,0.46,1.27,46.93,0.02,0.01,0.03,1.38,607.0,56.0,27.0,42.0,366.0,132.0,108.0,262.0,73.0,76.0,179.0,61.0,,,,34,,Nikola,Milenković,Milenković,,,3060,0,1,9,45,1,0,0,6,0,0,34,312,,,,0.0,0.26,1.32,1.0,8.32,27,256,94
506,i,0.0,0.0,5.2,218,30.0,0,0.0,-3,3.0,2.0,136,54.0,83,0,3.3,159.0,62.0,3,333,0.0,769.0,259.0,0.0,16.0,0.0,315414,11,837064,929,0.0,0.0,0.73,0.47,1.2,32.99,0.03,0.02,0.05,1.39,542.2,80.0,37.0,115.5,265.0,74.0,82.0,293.0,86.0,74.0,187.0,64.0,,2.0,,34,,Murillo,Costa dos Santos,Murillo,Muscle injury - Expected back 04 May,,2130,1,0,6,29,2,0,0,5,0,0,25,255,,,,0.0,0.25,1.23,1.06,9.42,35,188,102
507,a,100.0,100.0,4.7,379,63.0,0,0.0,-3,3.0,2.4,128,50.0,67,9,3.7,96.0,35.0,5,264,4.3,45.0,20.0,0.9,14.3,0.0,350058,133,1638331,110,3.8,4.3,0.41,0.84,1.25,25.28,0.02,0.05,0.07,1.43,285.2,226.0,88.0,160.3,213.0,56.0,58.0,329.0,105.0,50.5,279.0,89.0,,,,34,,Ola,Aina,Aina,,,1587,0,2,6,19,0,0,0,3,0,0,18,150,,,,0.0,0.34,1.08,1.02,7.37,31,99,81
508,a,100.0,100.0,4.8,355,59.0,0,0.0,-2,2.0,4.6,85,27.0,122,5,3.7,97.0,36.0,15,500,6.0,13.0,7.0,1.3,25.4,0.0,657967,792,1200411,740,5.5,6.0,1.88,3.85,5.73,42.52,0.06,0.12,0.18,1.33,726.6,28.0,10.0,528.9,37.0,3.0,349.0,76.0,7.0,160.4,31.0,2.0,3.0,,,34,,Neco,Williams,N.Williams,,,2888,2,3,9,42,0,0,0,6,1,0,33,255,,,,0.0,0.28,1.31,1.03,6.7,84,131,146
509,u,0.0,0.0,4.5,437,90.0,0,0.0,0,0.0,0.0,684,242.0,0,0,0.0,707.0,260.0,0,0,0.0,605.0,243.0,0.0,0.0,0.0,427,0,4423,0,0.0,0.0,0.0,0.0,0.0,0.0,0.0,0.0,0.0,0.0,0.0,701.0,260.0,0.0,697.0,260.0,0.0,680.0,260.0,0.0,703.0,260.0,,,,34,,David,Mota Veiga Teixeira do Carmo,David Carmo,has joined Real Oviedo on loan for the rest of the season.,,0,0,0,0,0,0,0,0,0,0,0,0,0,,,,0.0,0.0,0.0,0.0,0.0,0,0,0
510,a,100.0,100.0,4.2,648,152.0,0,0.0,-3,3.0,0.1,560,200.0,7,1,1.4,422.0,153.0,0,30,0.7,240.0,78.0,0.2,1.7,0.0,3667,7,8846,0,0.2,0.7,0.14,0.0,0.14,5.99,0.04,0.0,0.04,1.73,68.2,402.0,150.0,2.7,459.0,166.0,10.0,417.0,155.0,8.0,431.0,156.0,,,,34,,Jair,Paula da Cunha Filho,Jair Cunha,,,311,0,0,0,5,0,0,0,0,0,0,3,30,,,,0.0,0.0,1.45,0.87,8.39,4,25,4
511,a,,,4.3,593,135.0,0,0.0,-2,2.0,0.1,513,184.0,37,1,2.2,311.0,115.0,1,153,0.7,244.0,81.0,0.2,8.6,0.0,9640,4,13926,4,0.2,0.7,0.83,0.08,0.91,15.29,0.08,0.01,0.09,1.4,245.4,253.0,100.0,21.1,398.0,143.0,59.0,325.0,103.0,32.6,340.0,114.0,,,,34,,Felipe,Rodrigues da Silva,Morato,,,980,0,0,2,17,0,0,0,4,0,0,10,130,,,,0.0,0.18,1.56,0.92,9.92,25,83,46
512,u,0.0,0.0,4.5,422,83.0,0,0.0,0,0.0,0.0,692,245.0,0,0,0.0,699.0,258.0,0,0,0.0,593.0,239.0,0.0,0.0,0.0,345,0,4135,0,0.0,0.0,0.0,0.0,0.0,0.0,0.0,0.0,0.0,0.0,0.0,693.0,258.0,0.0,688.0,258.0,0.0,669.0,257.0,0.0,695.0,258.0,,,,34,,Omar,Richards,O.Richards,has joined Rio Ave on loan for the rest of the season.,,0,0,0,0,0,0,0,0,0,0,0,0,0,,,,0.0,0.0,0.0,0.0,0.0,0,0,0
513,a,,,3.8,814,254.0,0,0.0,-2,2.0,0.3,349,125.0,2,0,1.0,456.0,164.0,0,1,0.0,371.0,136.0,0.0,0.5,0.0,29729,2,31219,8,-0.5,0.0,0.0,0.01,0.01,3.13,0.0,0.01,0.01,2.35,25.4,448.0,164.0,6.3,445.0,159.0,0.0,483.0,191.0,3.2,464.0,167.0,,,,34,,Zach,Abbott,Abbott,,,120,0,0,0,4,0,0,0,0,0,0,1,10,,,,0.0,0.0,3.0,0.75,7.5,2,8,8
514,i,0.0,0.0,3.8,793,235.0,0,0.0,-2,2.0,0.3,307,114.0,0,0,0.0,531.0,187.0,0,0,0.0,353.0,120.0,0.0,0.0,0.0,43150,7,68682,13,0.0,0.0,0.0,0.0,0.0,0.0,0.0,0.0,0.0,0.0,0.0,520.0,186.0,0.0,502.0,185.0,0.0,469.0,179.0,0.0,522.0,186.0,,,,34,,Willy,Boly,Boly,Knee injury - Unknown return date,,0,0,0,0,0,0,0,0,0,0,0,0,0,,,,0.0,0.0,0.0,0.0,0.0,0,0,0
515,a,100.0,100.0,7.6,20,14.0,1,-1.0,1,-1.0,9.6,36,12.0,168,13,4.9,17.0,7.0,16,640,11.7,1.0,1.0,1.5,22.1,0.0,1815523,25144,1224669,884,11.2,11.7,9.46,2.28,11.74,44.1,0.29,0.07,0.36,1.37,737.0,24.0,7.0,689.5,16.0,16.0,741.0,12.0,6.0,216.5,6.0,4.0,,1.0,2.0,34,,Morgan,Gibbs-White,Gibbs-White,,,2901,13,3,10,41,0,0,0,1,0,0,33,166,,,,0.0,0.31,1.27,1.02,5.15,19,44,103
516,i,0.0,0.0,5.7,114,72.0,0,0.0,-3,3.0,0.7,241,84.0,88,0,2.9,211.0,84.0,8,358,2.3,124.0,47.0,0.4,15.4,0.0,276483,4,350665,194,0.0,0.0,2.77,3.02,5.79,30.88,0.14,0.15,0.29,1.51,366.6,178.0,68.0,611.7,26.0,25.0,330.0,85.0,48.0,130.6,59.0,38.0,,,,34,,Callum,Hudson-Odoi,Hudson-Odoi,Muscle injury - Expected back 01 Jun,,1838,3,4,6,26,0,0,0,0,0,0,21,106,,,,0.0,0.29,1.27,1.03,5.19,14,24,68
517,a,100.0,100.0,5.6,127,79.0,0,0.0,1,-1.0,7.4,56,19.0,153,9,4.5,34.0,14.0,10,691,5.0,34.0,11.0,0.9,27.3,0.0,1776752,1375,1567031,2484,4.5,5.0,2.85,3.69,6.54,45.73,0.08,0.11,0.19,1.35,779.0,16.0,5.0,874.7,6.0,6.0,274.0,106.0,65.0,193.1,15.0,11.0,1.0,3.0,4.0,34,,Elliot,Anderson,Anderson,,,3043,3,3,10,44,0,0,0,7,0,0,34,469,,,,0.0,0.3,1.3,1.01,13.87,93,95,281
518,u,0.0,0.0,5.4,175,110.0,0,0.0,-1,1.0,0.0,619,238.0,1,0,1.0,507.0,235.0,0,6,0.0,788.0,346.0,0.0,0.2,0.0,1029,0,9162,0,0.0,0.0,0.0,0.0,0.0,0.0,0.0,0.0,0.0,0.0,5.0,482.0,218.0,0.5,482.0,232.0,4.0,443.0,217.0,1.0,491.0,225.0,,,,34,,João Pedro,Ferreira da Silva,Jota,has joined Besiktas on loan for the rest of the season.,,11,0,0,0,0,0,0,0,0,0,0,0,3,,,,0.0,0.0,0.0,0.0,24.55,2,1,0
519,a,100.0,100.0,5.0,257,155.0,0,0.0,0,0.0,0.0,635,246.0,43,0,1.9,357.0,154.0,3,190,1.7,164.0,71.0,0.3,8.6,0.0,5504,4,4320,3,1.2,1.7,1.15,0.72,1.87,18.67,0.11,0.07,0.18,1.71,218.2,275.0,114.0,172.0,206.0,134.0,126.0,240.0,133.0,51.7,273.0,140.0,,,,34,,Nicolás,Domínguez,Dominguez,,,984,1,1,3,18,0,0,0,3,0,0,14,115,,,,0.0,0.27,1.65,1.28,10.52,46,20,49
520,u,0.0,0.0,5.0,255,154.0,0,0.0,0,0.0,0.0,822,366.0,0,0,0.0,794.0,348.0,0,0,0.0,740.0,312.0,0.0,0.0,0.0,0,0,118,0,0.0,0.0,0.0,0.0,0.0,0.0,0.0,0.0,0.0,0.0,0.0,793.0,347.0,0.0,791.0,347.0,0.0,786.0,345.0,0.0,793.0,347.0,,,,34,,Lewis,O'Brien,O'Brien,Has joined Wrexham permanently.,,0,0,0,0,0,0,0,0,0,0,0,0,0,,,,0.0,0.0,0.0,0.0,0.0,0,0,0
521,a,100.0,100.0,4.9,306,190.0,0,0.0,-1,1.0,0.1,537,197.0,84,1,3.2,173.0,68.0,2,347,3.0,93.0,32.0,0.6,17.1,0.0,13072,8,13956,20,2.5,3.0,1.16,1.76,2.92,30.46,0.05,0.08,0.13,1.38,407.6,149.0,51.0,201.9,182.0,120.0,126.0,239.0,132.0,73.7,190.0,93.0,,,,34,,Ibrahim,Sangaré,Sangaré,,,1989,2,2,8,24,0,0,0,5,0,0,24,243,,,,0.0,0.36,1.09,1.09,11.0,57,85,101
522,a,100.0,100.0,4.7,383,238.0,0,0.0,-3,3.0,0.1,553,204.0,25,0,1.3,435.0,193.0,0,105,1.7,158.0,67.0,0.4,5.3,0.0,10426,5,19531,7,1.2,1.7,0.22,0.22,0.44,5.39,0.04,0.04,0.08,1.1,105.4,370.0,165.0,65.8,331.0,181.0,38.0,351.0,180.0,20.7,386.0,178.0,,,,34,,Ryan,Yates,Yates,,,442,0,2,0,5,0,0,0,2,0,0,1,48,,,,0.0,0.0,1.02,0.2,9.77,12,23,13
523,a,100.0,100.0,4.5,475,289.0,0,0.0,0,0.0,0.1,568,212.0,0,0,0.0,732.0,301.0,0,0,0.0,636.0,236.0,0.0,0.0,0.0,2976,7,17056,1,-0.5,0.0,0.0,0.0,0.0,0.0,0.0,0.0,0.0,0.0,0.0,729.0,298.0,0.0,723.0,299.0,0.0,709.0,294.0,0.0,730.0,299.0,,,,34,,Eric,da Silva Moreira,Da Silva Moreira,,,0,0,0,0,0,0,0,0,0,0,0,0,0,,,,0.0,0.0,0.0,0.0,0.0,0,0,0
524,u,0.0,0.0,4.5,451,269.0,0,0.0,0,0.0,0.0,705,286.0,0,0,0.0,715.0,286.0,0,0,0.0,615.0,218.0,0.0,0.0,0.0,245,0,5728,0,0.0,0.0,0.0,0.0,0.0,0.0,0.0,0.0,0.0,0.0,0.0,710.0,281.0,0.0,705.0,283.0,0.0,689.0,276.0,0.0,711.0,282.0,,,,34,,Marko,Stamenić,Stamenic,Has joined Swansea City permanently.,,0,0,0,0,0,0,0,0,0,0,0,0,0,,,,0.0,0.0,0.0,0.0,0.0,0,0,0
525,a,100.0,100.0,7.1,33,14.0,0,0.0,-4,4.0,4.6,84,16.0,35,7,3.2,183.0,20.0,4,128,3.3,83.0,15.0,0.5,4.9,0.0,2144235,656,3395408,57,2.8,3.3,3.76,0.15,3.91,9.53,0.47,0.02,0.49,1.18,128.0,348.0,35.0,66.7,327.0,40.0,227.0,133.0,32.0,41.1,311.0,35.0,,,1.0,34,,Chris,Wood,Wood,,,725,3,0,2,9,0,0,0,0,0,0,9,20,,,,0.0,0.25,1.12,1.12,2.48,1,11,8
526,a,100.0,100.0,5.9,99,28.0,1,-1.0,-1,1.0,1.7,149,23.0,104,14,3.2,181.0,19.0,13,358,7.7,6.0,1.0,1.3,17.6,0.0,536755,3602,432252,320,7.2,7.7,5.21,1.22,6.43,31.43,0.24,0.06,0.3,1.42,357.0,184.0,18.0,208.0,178.0,15.0,607.0,25.0,15.0,114.8,84.0,16.0,,,3.0,34,,Igor Jesus,Maciel da Cruz,Igor Jesus,,,1993,5,6,9,32,0,0,0,1,0,0,24,105,,,,0.0,0.41,1.45,1.08,4.74,21,35,49
527,a,100.0,100.0,5.2,207,47.0,0,0.0,-3,3.0,0.3,329,52.0,24,4,1.8,381.0,43.0,1,97,1.3,188.0,24.0,0.2,4.6,0.0,37615,15,94578,19,0.8,1.3,2.07,0.4,2.47,5.11,0.69,0.13,0.82,1.7,102.8,374.0,40.0,52.2,351.0,43.0,153.0,206.0,43.0,30.3,352.0,42.0,,,,34,,Taiwo,Awoniyi,Awoniyi,,,270,2,1,0,2,0,0,0,1,0,0,1,16,,,,0.0,0.0,0.67,0.33,5.33,1,5,10
669,a,100.0,100.0,5.5,146,92.0,0,0.0,-5,5.0,0.7,234,82.0,50,0,2.1,334.0,144.0,4,178,0.3,332.0,156.0,0.1,9.1,0.0,545652,4,575515,21,-0.2,0.3,1.05,1.51,2.56,15.96,0.08,0.12,0.2,1.23,166.4,319.0,142.0,217.7,170.0,115.0,180.0,177.0,98.0,56.6,255.0,126.0,4.0,,,34,,Dan,Ndoye,Ndoye,,,1167,1,2,2,17,0,0,0,1,0,0,14,96,,,,0.0,0.15,1.31,1.08,7.4,22,24,50
675,a,100.0,100.0,4.0,668,42.0,0,0.0,0,0.0,1.1,186,23.0,1,0,1.0,459.0,38.0,0,4,0.0,416.0,53.0,0.0,0.2,0.0,31032,2,103213,12,-0.5,0.0,0.0,0.0,0.0,0.21,0.0,0.0,0.0,0.42,1.2,502.0,38.0,0.0,561.0,52.0,0.0,530.0,38.0,0.1,511.0,38.0,,,,34,,Angus,Gunn,Gunn,,,45,0,0,0,0,0,0,0,0,0,0,0,0,,,,0.0,0.0,0.0,0.0,0.0,0,1,4
693,a,,,5.4,174,109.0,0,0.0,-1,1.0,0.1,531,194.0,73,3,2.7,240.0,94.0,3,293,3.0,98.0,35.0,0.6,13.5,0.0,33953,18,29114,16,2.5,3.0,1.9,3.23,5.13,19.33,0.11,0.19,0.3,1.16,292.0,221.0,93.0,444.7,57.0,48.0,335.0,82.0,47.0,107.0,98.0,56.0,2.0,,,34,,Omari,Hutchinson,Hutchinson,,,1494,1,6,6,19,0,0,0,1,0,0,15,114,,,,0.0,0.36,1.14,0.9,6.87,19,17,78
696,u,0.0,0.0,6.0,88,26.0,0,0.0,0,0.0,0.1,457,66.0,9,0,1.0,510.0,61.0,0,24,0.0,810.0,88.0,0.0,1.5,0.0,15291,0,18522,1,0.0,0.0,0.44,0.02,0.46,1.57,0.44,0.02,0.46,1.59,6.8,478.0,56.0,17.7,406.0,53.0,39.0,350.0,55.0,6.3,444.0,56.0,,,,34,,Arnaud,Kalimuendo,Kalimuendo,has joined Eintracht Frankfurt on loan for the rest of the season.,,89,0,0,0,3,0,0,0,0,0,0,0,6,,,,0.0,0.0,3.03,0.0,6.07,1,1,4
715,i,0.0,0.0,4.0,676,45.0,0,0.0,0,0.0,0.3,328,46.0,11,0,2.2,306.0,29.0,0,32,0.0,423.0,56.0,0.0,2.8,0.0,66328,2,51039,27,0.0,0.0,0.0,0.0,0.0,6.13,0.0,0.0,0.0,1.26,56.4,414.0,32.0,0.0,567.0,55.0,0.0,536.0,41.0,5.7,450.0,32.0,,,,34,,John Victor,Maciel Furtado,John,Knee injury - Expected back 01 Jun,,437,0,0,1,8,0,0,0,1,0,6,5,0,,,,1.24,0.21,1.65,1.03,0.0,0,4,26
716,i,0.0,0.0,4.5,453,94.0,0,0.0,0,0.0,0.1,583,208.0,39,0,2.8,219.0,86.0,0,131,0.0,617.0,245.0,0.0,8.7,0.0,46731,0,44737,2,0.0,0.0,1.34,0.45,1.79,15.04,0.12,0.04,0.16,1.32,216.6,276.0,112.0,123.2,255.0,69.0,94.0,278.0,81.0,43.5,301.0,101.0,,,,34,,Nicolò,Savona,Savona,Knee injury - Unknown return date,,1025,2,0,3,18,0,0,0,2,0,0,11,69,,,,0.0,0.26,1.58,0.97,5.0,20,37,27
729,u,0.0,0.0,4.5,474,96.0,0,0.0,0,0.0,0.0,820,268.0,0,0,0.0,731.0,261.0,0,0,0.0,635.0,246.0,0.0,0.0,0.0,94,0,121,0,0.0,0.0,0.0,0.0,0.0,0.0,0.0,0.0,0.0,0.0,0.0,728.0,261.0,0.0,722.0,261.0,0.0,708.0,261.0,0.0,729.0,261.0,,,,34,,Luis Eduardo,Soares da Silva,Cuiabano,has joined Vasco de Gama on loan for the rest of the season.,,0,0,0,0,0,0,0,0,0,0,0,0,0,,,,0.0,0.0,0.0,0.0,0.0,0,0,0
734,a,100.0,100.0,5.9,98,65.0,0,0.0,-1,1.0,0.0,673,271.0,15,0,1.4,429.0,189.0,0,60,0.3,339.0,160.0,0.1,2.5,0.0,4805,5,4312,5,-0.2,0.3,0.5,0.72,1.22,6.94,0.12,0.17,0.29,1.61,55.0,417.0,182.0,129.7,252.0,158.0,82.0,294.0,158.0,26.3,366.0,174.0,,,,34,,Dilane,Bakwa,Bakwa,,,387,0,1,0,9,0,0,0,1,0,0,4,30,,,,0.0,0.0,2.09,0.93,6.98,3,3,24
805,a,,,5.4,169,40.0,0,0.0,-1,1.0,0.0,712,90.0,8,0,2.7,239.0,25.0,0,34,0.0,786.0,84.0,0.0,1.5,0.0,6014,4,4489,5,-0.5,0.0,0.72,0.01,0.73,1.87,0.54,0.01,0.55,1.41,37.2,431.0,51.0,12.7,420.0,55.0,31.0,369.0,56.0,7.9,434.0,55.0,,,,34,,Lorenzo,Lucca,Lucca,,,119,1,0,1,1,0,0,0,0,0,0,1,5,,,,0.0,0.76,0.76,0.76,3.78,0,4,1
814,a,,,4.5,443,91.0,0,0.0,0,0.0,0.0,771,261.0,3,1,1.0,481.0,172.0,0,13,0.3,309.0,100.0,0.1,0.7,0.0,538,1,260,0,-0.2,0.3,0.0,0.38,0.38,0.39,0.0,0.48,0.48,0.49,17.0,458.0,167.0,2.0,465.0,169.0,4.0,439.0,165.0,2.3,473.0,169.0,,,,34,,Luca,Netz,Netz,,,71,0,0,0,0,0,0,0,0,0,0,0,5,,,,0.0,0.0,0.0,0.0,6.34,1,4,5
528,u,0.0,0.0,4.2,636,33.0,0,0.0,-3,3.0,0.1,419,60.0,0,0,0.0,646.0,91.0,0,0,0.0,501.0,82.0,0.0,0.0,0.0,10565,0,35147,6,0.0,0.0,0.0,0.0,0.0,0.0,0.0,0.0,0.0,0.0,0.0,637.0,91.0,0.0,631.0,82.0,0.0,605.0,70.0,0.0,639.0,91.0,,,,34,,Anthony,Patterson,Patterson,has joined Millwall on loan for the rest of the season.,,0,0,0,0,0,0,0,0,0,0,0,0,0,,,,0.0,0.0,0.0,0.0,0.0,0,0,0
529,i,0.0,0.0,3.9,747,69.0,0,0.0,-1,1.0,0.3,306,40.0,0,0,0.0,548.0,43.0,0,0,0.0,377.0,29.0,0.0,0.0,0.0,19022,2,36924,20,0.0,0.0,0.0,0.0,0.0,0.0,0.0,0.0,0.0,0.0,0.0,537.0,43.0,0.0,522.0,24.0,0.0,490.0,10.0,0.0,539.0,43.0,,,,34,,Simon,Moore,Moore,Hand injury - Unknown return date,,0,0,0,0,0,0,0,0,0,0,0,0,0,,,,0.0,0.0,0.0,0.0,0.0,0,0,0
530,u,0.0,0.0,3.9,775,87.0,0,0.0,-1,1.0,0.1,474,71.0,0,0,0.0,565.0,57.0,0,0,0.0,397.0,44.0,0.0,0.0,0.0,7473,0,13959,7,0.0,0.0,0.0,0.0,0.0,0.0,0.0,0.0,0.0,0.0,0.0,554.0,57.0,0.0,543.0,42.0,0.0,511.0,28.0,0.0,556.0,57.0,,,,34,,Blondy,Nna Noukeu,Nna Noukeu,has joined US Boulogne CO permanently.,,0,0,0,0,0,0,0,0,0,0,0,0,0,,,,0.0,0.0,0.0,0.0,0.0,0,0,0
531,a,100.0,100.0,4.7,385,65.0,0,0.0,2,-2.0,3.2,104,37.0,118,0,4.2,47.0,18.0,9,351,0.0,688.0,249.0,0.0,25.1,0.0,1269728,248,1120018,463,0.5,0.0,2.49,0.63,3.12,33.4,0.11,0.03,0.14,1.42,662.6,45.0,19.0,180.8,200.0,52.0,370.0,72.0,4.0,121.4,76.0,15.0,,,,34,,Daniel,Ballard,Ballard,,,2121,2,2,6,34,0,0,0,4,0,0,23,276,,,,0.0,0.25,1.44,0.98,11.2,33,231,69
532,a,,,4.5,445,92.0,0,0.0,0,0.0,0.3,301,112.0,93,-2,2.7,235.0,94.0,6,324,1.7,156.0,58.0,0.4,20.7,0.0,85906,24,77018,62,2.2,1.7,2.01,1.77,3.78,44.14,0.07,0.06,0.13,1.47,468.6,118.0,53.0,318.0,110.0,29.0,215.0,145.0,28.0,99.3,114.0,32.0,2.0,,,34,,Trai,Hume,Hume,,,2704,1,1,8,39,1,0,0,9,0,0,30,216,,,,0.0,0.27,1.3,1.0,6.29,63,126,91
533,u,0.0,0.0,4.0,675,167.0,0,0.0,0,0.0,0.0,796,264.0,0,0,0.0,586.0,214.0,0,0,0.0,422.0,158.0,0.0,0.0,0.0,611,0,866,0,0.0,0.0,0.0,0.0,0.0,0.0,0.0,0.0,0.0,0.0,0.0,575.0,213.0,0.0,566.0,213.0,0.0,535.0,209.0,0.0,577.0,213.0,,,,34,,Aji,Alese,Alese,has joined Portsmouth on loan for the rest of the season.,,0,0,0,0,0,0,0,0,0,0,0,0,0,,,,0.0,0.0,0.0,0.0,0.0,0,0,0
534,u,0.0,0.0,3.8,796,237.0,0,0.0,-2,2.0,0.3,326,119.0,0,0,0.0,533.0,188.0,0,0,0.0,356.0,122.0,0.0,0.0,0.0,39413,0,66628,9,0.0,0.0,0.0,0.0,0.0,0.0,0.0,0.0,0.0,0.0,0.0,522.0,187.0,0.0,504.0,186.0,0.0,471.0,180.0,0.0,524.0,187.0,,,,34,,Joe,Anderson,Anderson,has joined Barrow FC permanently.,,0,0,0,0,0,0,0,0,0,0,0,0,0,,,,0.0,0.0,0.0,0.0,0.0,0,0,0
535,a,100.0,100.0,4.0,686,172.0,0,0.0,0,0.0,0.0,592,211.0,14,0,2.0,339.0,124.0,0,44,0.0,433.0,163.0,0.0,3.5,0.0,7702,0,7386,6,0.5,0.0,0.08,0.02,0.09,6.04,0.02,0.01,0.03,1.81,58.2,413.0,155.0,8.9,438.0,155.0,8.0,423.0,159.0,7.1,440.0,159.0,,,,34,,Dennis,Cirkin,Cirkin,,,301,0,0,1,2,0,0,0,1,0,0,3,26,,,,0.0,0.3,0.6,0.9,7.77,8,18,8
536,u,0.0,0.0,4.0,694,175.0,0,0.0,0,0.0,0.0,727,253.0,0,0,0.0,602.0,220.0,0,0,0.0,441.0,166.0,0.0,0.0,0.0,1255,0,1553,0,0.0,0.0,0.0,0.0,0.0,0.0,0.0,0.0,0.0,0.0,0.0,591.0,219.0,0.0,583.0,219.0,0.0,552.0,215.0,0.0,593.0,219.0,,,,34,,Leo Fuhr,Hjelde,Hjelde,has joined Sheffield United on loan for the rest of the season.,,0,0,0,0,0,0,0,0,0,0,0,0,0,,,,0.0,0.0,0.0,0.0,0.0,0,0,0
537,u,0.0,0.0,4.0,697,176.0,0,0.0,0,0.0,0.1,548,194.0,0,0,0.0,605.0,221.0,0,0,0.0,444.0,167.0,0.0,0.0,0.0,1038,0,16269,1,0.0,0.0,0.0,0.0,0.0,0.0,0.0,0.0,0.0,0.0,0.0,594.0,220.0,0.0,586.0,220.0,0.0,555.0,216.0,0.0,596.0,220.0,,,,34,,Niall,Huggins,Huggins,has joined Wycombe Wanderers on loan for the rest of the season.,,0,0,0,0,0,0,0,0,0,0,0,0,0,,,,0.0,0.0,0.0,0.0,0.0,0,0,0
538,u,0.0,0.0,3.8,808,248.0,0,0.0,-2,2.0,0.2,382,140.0,0,0,0.0,539.0,194.0,0,0,0.0,365.0,130.0,0.0,0.0,0.0,23261,0,34115,8,0.0,0.0,0.0,0.0,0.0,0.0,0.0,0.0,0.0,0.0,0.0,528.0,193.0,0.0,511.0,192.0,0.0,478.0,186.0,0.0,530.0,193.0,,,,34,,Zak,Johnson,Johnson,has joined York City on loan for the rest of the season.,,0,0,0,0,0,0,0,0,0,0,0,0,0,,,,0.0,0.0,0.0,0.0,0.0,0,0,0
539,a,100.0,100.0,4.0,673,165.0,0,0.0,0,0.0,0.1,502,179.0,16,0,1.6,398.0,146.0,0,58,2.0,129.0,51.0,0.5,4.0,0.0,11259,11,8493,21,2.5,2.0,0.02,0.12,0.14,7.34,0.0,0.03,0.03,1.62,52.6,419.0,156.0,6.6,442.0,157.0,12.0,407.0,151.0,7.1,439.0,158.0,,,,34,,Luke,O'Nien,O'Nien,,,408,0,0,2,5,0,0,0,1,1,0,4,28,,,,0.0,0.44,1.1,0.88,6.18,4,24,9
540,u,0.0,0.0,3.9,769,222.0,0,0.0,-1,1.0,0.3,340,121.0,0,0,0.0,561.0,203.0,0,0,0.0,393.0,144.0,0.0,0.0,0.0,47547,0,48916,7,0.0,0.0,0.0,0.0,0.0,0.0,0.0,0.0,0.0,0.0,0.0,550.0,202.0,0.0,538.0,202.0,0.0,506.0,197.0,0.0,552.0,202.0,,,,34,,Timothée,Pembélé,Pembele,has joined Le Havre AC on loan for the rest of the season.,,0,0,0,0,0,0,0,0,0,0,0,0,0,,,,0.0,0.0,0.0,0.0,0.0,0,0,0
541,a,100.0,100.0,3.8,799,240.0,0,0.0,-2,2.0,2.9,115,45.0,60,1,2.9,203.0,80.0,6,212,3.0,87.0,33.0,0.8,15.8,0.0,643859,106,1083400,198,3.5,3.0,0.13,0.58,0.71,22.96,0.01,0.03,0.04,1.27,315.8,208.0,81.0,113.8,267.0,75.0,39.0,349.0,116.0,47.0,287.0,93.0,,,,34,,Reinildo,Mandava,Reinildo,,,1625,0,2,5,24,0,0,0,7,1,0,19,155,,,,0.0,0.28,1.33,1.05,7.53,31,105,75
542,u,0.0,0.0,4.0,715,187.0,0,0.0,0,0.0,0.1,516,186.0,2,0,1.0,461.0,167.0,0,11,0.0,460.0,177.0,0.0,0.5,0.0,3016,0,25376,1,0.0,0.0,0.0,0.01,0.01,1.33,0.0,0.01,0.01,0.9,33.6,435.0,162.0,2.4,462.0,168.0,0.0,569.0,224.0,3.6,462.0,165.0,,,,34,,Jenson,Seelt,Seelt,has joined Wolfsburg on loan for the rest of the season.,,133,0,0,0,2,0,0,0,0,0,0,1,18,,,,0.0,0.0,1.35,0.68,8.12,4,8,6
543,u,0.0,0.0,4.9,336,207.0,0,0.0,-6,6.0,0.3,304,106.0,34,0,2.4,286.0,122.0,3,81,0.0,728.0,303.0,0.0,6.9,0.0,90681,0,231688,7,0.0,0.0,0.35,0.62,0.97,11.3,0.05,0.09,0.14,1.57,81.4,392.0,175.0,116.8,261.0,161.0,75.0,302.0,161.0,27.0,361.0,172.0,,,,34,,Simon,Adingra,Adingra,has joined AS Monaco on loan for the rest of the season.,,649,1,1,4,8,0,0,0,2,0,0,9,45,,,,0.0,0.55,1.11,1.25,6.24,11,13,21
544,a,100.0,100.0,5.3,199,124.0,0,0.0,-2,2.0,0.1,424,145.0,60,1,3.5,124.0,54.0,3,196,3.0,97.0,34.0,0.6,11.3,0.0,29049,40,25572,87,3.5,3.0,2.99,0.65,3.64,20.59,0.2,0.04,0.24,1.38,145.0,335.0,150.0,121.4,257.0,160.0,209.0,152.0,86.0,46.5,290.0,146.0,,,1.0,34,,Habib,Diarra,Diarra,,,1343,2,5,5,19,0,0,0,5,0,0,15,77,,,,0.0,0.34,1.27,1.01,5.16,14,17,46
545,u,0.0,0.0,5.4,155,97.0,0,0.0,-1,1.0,0.0,733,305.0,1,0,1.0,506.0,234.0,0,4,0.0,778.0,340.0,0.0,0.2,0.0,462,0,4088,0,0.0,0.0,0.03,0.02,0.05,0.66,0.1,0.07,0.17,2.2,1.8,499.0,229.0,7.3,440.0,213.0,5.0,436.0,212.0,1.4,485.0,223.0,,,,34,,Patrick,Roberts,Roberts,has joined Birmingham City permanently.,,27,0,0,0,1,0,0,0,0,0,0,0,1,,,,0.0,0.0,3.33,0.0,3.33,0,0,1
546,a,100.0,100.0,4.9,342,213.0,0,0.0,-1,1.0,0.0,699,283.0,0,0,0.0,790.0,345.0,0,0,0.0,731.0,306.0,0.0,0.0,0.0,561,2,3539,0,0.5,0.0,0.0,0.0,0.0,0.0,0.0,0.0,0.0,0.0,0.0,789.0,344.0,0.0,785.0,344.0,0.0,781.0,342.0,0.0,789.0,344.0,,,,34,,Milan,Aleksić,Aleksić,,,0,0,0,0,0,0,0,0,0,0,0,0,0,,,,0.0,0.0,0.0,0.0,0.0,0,0,0
547,a,100.0,100.0,4.8,366,228.0,0,0.0,-2,2.0,1.5,161,55.0,122,2,3.8,81.0,35.0,10,513,4.7,39.0,12.0,1.0,25.4,0.0,467554,530,322057,394,5.2,4.7,4.74,4.59,9.33,42.43,0.17,0.16,0.33,1.49,607.6,54.0,13.0,672.8,19.0,18.0,246.0,123.0,71.0,152.9,37.0,27.0,3.0,2.0,2.0,34,,Enzo,Le Fée,E.Le Fée,,,2570,4,5,9,40,0,0,1,5,0,0,29,276,,,,0.0,0.32,1.4,1.02,9.67,75,71,130
548,i,0.0,0.0,4.9,327,202.0,0,0.0,-1,1.0,0.0,757,322.0,14,0,1.0,497.0,226.0,0,42,0.0,724.0,301.0,0.0,2.9,0.0,1142,1,1687,1,0.0,0.0,0.87,0.48,1.35,8.54,0.2,0.11,0.31,1.93,29.4,438.0,193.0,33.6,379.0,192.0,69.0,309.0,162.0,12.7,412.0,187.0,,,,34,,Romaine,Mundle,Mundle,Hamstring injury - Expected back 01 Jun,,399,0,0,0,11,0,0,0,1,0,0,2,33,,,,0.0,0.0,2.48,0.45,7.44,5,6,22
549,u,0.0,0.0,4.8,358,222.0,0,0.0,-2,2.0,0.0,659,261.0,3,0,1.0,495.0,225.0,0,10,0.0,696.0,280.0,0.0,0.6,0.0,1972,0,4726,0,0.0,0.0,0.0,0.0,0.0,0.64,0.0,0.0,0.0,4.43,3.0,493.0,226.0,1.4,472.0,228.0,0.0,760.0,329.0,0.4,504.0,230.0,,,,34,,Dan,Neil,Neil,has joined Ipswich Town on loan for the rest of the season.,,13,0,0,0,0,0,0,0,0,0,0,0,2,,,,0.0,0.0,0.0,0.0,13.85,0,2,0
550,a,,,4.7,384,239.0,0,0.0,-3,3.0,0.0,665,265.0,0,0,0.0,769.0,331.0,0,0,0.0,687.0,275.0,0.0,0.0,0.0,1167,0,2859,0,0.5,0.0,0.0,0.0,0.0,0.0,0.0,0.0,0.0,0.0,0.0,768.0,330.0,0.0,763.0,330.0,0.0,753.0,327.0,0.0,768.0,330.0,,,,34,,Ian,Poveda-Ocampo,Poveda,,,0,0,0,0,0,0,0,0,0,0,0,0,0,,,,0.0,0.0,0.0,0.0,0.0,0,0,0
551,a,,,4.7,393,244.0,0,0.0,-3,3.0,0.1,542,199.0,31,1,1.9,355.0,152.0,1,120,3.3,75.0,25.0,0.7,6.6,0.0,9446,32,9837,21,3.8,3.3,0.82,0.93,1.75,12.06,0.1,0.11,0.21,1.46,94.2,382.0,169.0,131.4,249.0,156.0,101.0,269.0,146.0,32.6,341.0,166.0,,,,34,,Chris,Rigg,Rigg,,,744,1,0,3,11,0,0,0,1,0,0,11,55,,,,0.0,0.36,1.33,1.33,6.65,13,13,29
552,a,100.0,100.0,4.9,339,210.0,0,0.0,-1,1.0,0.1,557,206.0,70,2,2.4,287.0,123.0,0,364,3.0,95.0,33.0,0.6,14.3,0.0,12246,18,12838,12,3.5,3.0,0.9,1.34,2.24,38.27,0.03,0.05,0.08,1.34,318.0,206.0,87.0,276.8,138.0,92.0,127.0,238.0,131.0,72.3,198.0,98.0,,,,34,,Noah,Sadiki,Sadiki,,,2564,0,2,8,39,0,0,0,8,0,0,29,219,,,,0.0,0.28,1.37,1.02,7.69,45,82,92
553,a,100.0,100.0,4.9,337,208.0,0,0.0,-1,1.0,0.2,406,139.0,77,0,3.1,193.0,74.0,6,233,0.7,256.0,120.0,0.1,15.7,0.0,63421,7,72896,25,1.2,0.7,1.99,0.97,2.95,19.52,0.13,0.06,0.19,1.3,228.0,267.0,111.0,196.7,188.0,123.0,217.0,142.0,82.0,63.7,228.0,111.0,,,,34,,Chemsdine,Talbi,Talbi,,,1355,4,2,6,13,0,0,0,0,0,0,14,81,,,,0.0,0.4,0.86,0.93,5.38,9,19,53
554,a,,,4.3,592,350.0,0,0.0,-2,2.0,0.3,318,110.0,0,0,0.0,656.0,246.0,0,0,0.0,522.0,166.0,0.0,0.0,0.0,82435,3,82066,18,0.5,0.0,0.0,0.0,0.0,0.0,0.0,0.0,0.0,0.0,0.0,646.0,236.0,0.0,641.0,241.0,0.0,616.0,228.0,0.0,648.0,238.0,,,,34,,Abdoullah,Ba,Ba,,,0,0,0,0,0,0,0,0,0,0,0,0,0,,,,0.0,0.0,0.0,0.0,0.0,0,0,0
555,u,0.0,0.0,4.5,418,252.0,0,0.0,0,0.0,0.0,652,256.0,0,0,0.0,697.0,272.0,0,0,0.0,591.0,202.0,0.0,0.0,0.0,1291,0,9875,0,0.0,0.0,0.0,0.0,0.0,0.0,0.0,0.0,0.0,0.0,0.0,691.0,266.0,0.0,686.0,269.0,0.0,667.0,261.0,0.0,693.0,268.0,,,,34,,Alan,Browne,Browne,has joined Middlesbrough on loan for the rest of the season.,,0,0,0,0,0,0,0,0,0,0,0,0,0,,,,0.0,0.0,0.0,0.0,0.0,0,0,0
556,u,0.0,0.0,4.5,438,260.0,0,0.0,0,0.0,0.0,781,338.0,0,0,0.0,708.0,279.0,0,0,0.0,606.0,210.0,0.0,0.0,0.0,0,0,1810,0,0.0,0.0,0.0,0.0,0.0,0.0,0.0,0.0,0.0,0.0,0.0,702.0,273.0,0.0,698.0,276.0,0.0,681.0,269.0,0.0,704.0,275.0,,,,34,,Pierre,Ekwah Elimby,Ekwah,Has joined AS Saint-Etienne permanently.,,0,0,0,0,0,0,0,0,0,0,0,0,0,,,,0.0,0.0,0.0,0.0,0.0,0,0,0
557,a,,,4.3,609,359.0,0,0.0,-2,2.0,0.1,545,201.0,0,0,0.0,660.0,249.0,0,0,0.0,534.0,172.0,0.0,0.0,0.0,9222,4,11150,5,0.5,0.0,0.0,0.0,0.0,0.0,0.0,0.0,0.0,0.0,0.0,650.0,239.0,0.0,646.0,244.0,0.0,623.0,233.0,0.0,652.0,241.0,,,,34,,Harrison,Jones,H.Jones,,,0,0,0,0,0,0,0,0,0,0,0,0,0,,,,0.0,0.0,0.0,0.0,0.0,0,0,0
558,u,0.0,0.0,4.3,600,354.0,0,0.0,-2,2.0,0.2,410,141.0,0,0,0.0,657.0,247.0,0,0,0.0,525.0,167.0,0.0,0.0,0.0,30710,0,46325,4,0.0,0.0,0.0,0.0,0.0,0.0,0.0,0.0,0.0,0.0,0.0,647.0,237.0,0.0,642.0,242.0,0.0,617.0,229.0,0.0,649.0,239.0,,,,34,,Jay,Matete,Matete,has joined MK Dons permanently.,,0,0,0,0,0,0,0,0,0,0,0,0,0,,,,0.0,0.0,0.0,0.0,0.0,0,0,0
559,u,0.0,0.0,4.4,550,330.0,0,0.0,-1,1.0,0.0,651,255.0,0,0,0.0,678.0,261.0,0,0,0.0,563.0,186.0,0.0,0.0,0.0,2951,0,8677,0,0.0,0.0,0.0,0.0,0.0,0.0,0.0,0.0,0.0,0.0,0.0,670.0,253.0,0.0,666.0,257.0,0.0,645.0,247.0,0.0,672.0,255.0,,,,34,,Nectarios,Triantis,Triantis,has joined Minnesota United permanently.,,0,0,0,0,0,0,0,0,0,0,0,0,0,,,,0.0,0.0,0.0,0.0,0.0,0,0,0
560,a,100.0,100.0,5.0,260,54.0,0,0.0,-5,5.0,1.4,167,25.0,67,1,2.3,303.0,34.0,7,229,2.3,117.0,16.0,0.5,13.4,0.0,990620,95,890464,191,2.8,2.3,4.43,0.18,4.61,18.84,0.37,0.01,0.38,1.56,206.2,283.0,28.0,25.5,391.0,52.0,412.0,55.0,22.0,64.3,224.0,28.0,,,,34,,Wilson,Isidor,Isidor,,,1088,5,1,4,17,0,0,0,1,0,0,11,47,,,,0.0,0.33,1.41,0.91,3.89,9,17,21
561,a,,,5.2,216,50.0,0,0.0,-3,3.0,0.5,265,41.0,39,0,2.1,332.0,37.0,5,121,0.0,768.0,81.0,0.0,7.5,0.0,273119,6,311750,21,0.5,0.0,2.13,0.22,2.35,12.67,0.26,0.03,0.29,1.52,117.6,359.0,37.0,53.8,347.0,42.0,188.0,170.0,39.0,35.5,331.0,40.0,,,,34,,Eliezer,Mayenda Dossou,Mayenda,,,750,2,0,3,9,0,0,0,0,0,0,8,26,,,,0.0,0.36,1.08,0.96,3.12,5,7,14
562,a,,,4.2,650,91.0,0,0.0,-3,3.0,0.4,280,43.0,0,0,0.0,652.0,65.0,0,0,0.0,510.0,52.0,0.0,0.0,0.0,70943,17,96406,41,0.5,0.0,0.0,0.0,0.0,0.0,0.0,0.0,0.0,0.0,0.0,643.0,65.0,0.0,637.0,64.0,0.0,612.0,64.0,0.0,645.0,65.0,,,,34,,Ahmed,Abdullahi,Abdullahi,,,0,0,0,0,0,0,0,0,0,0,0,0,0,,,,0.0,0.0,0.0,0.0,0.0,0,0,0
563,u,0.0,0.0,4.4,560,79.0,0,0.0,-1,1.0,0.1,523,71.0,0,0,0.0,684.0,72.0,0,0,0.0,572.0,61.0,0.0,0.0,0.0,5979,0,20499,1,0.0,0.0,0.0,0.0,0.0,0.0,0.0,0.0,0.0,0.0,0.0,677.0,72.0,0.0,672.0,71.0,0.0,653.0,71.0,0.0,679.0,72.0,,,,34,,Luís Hemir,Silva Semedo,Luís Hemir,has joined Moreirense on loan for the rest of the season.,,0,0,0,0,0,0,0,0,0,0,0,0,0,,,,0.0,0.0,0.0,0.0,0.0,0,0,0
564,u,0.0,0.0,4.4,542,76.0,0,0.0,-1,1.0,0.1,524,72.0,0,0,0.0,674.0,69.0,0,0,0.0,558.0,58.0,0.0,0.0,0.0,3530,0,20266,0,0.0,0.0,0.0,0.0,0.0,0.0,0.0,0.0,0.0,0.0,0.0,665.0,69.0,0.0,661.0,68.0,0.0,640.0,68.0,0.0,667.0,69.0,,,,34,,Nazarii,Rusyn,Rusyn,has joined Arka on loan for the rest of the season.,,0,0,0,0,0,0,0,0,0,0,0,0,0,,,,0.0,0.0,0.0,0.0,0.0,0,0,0
668,a,100.0,100.0,5.1,220,134.0,0,0.0,1,-1.0,3.3,102,34.0,107,1,3.6,108.0,48.0,5,527,2.7,106.0,37.0,0.5,21.0,0.0,1392377,132,1383687,270,3.2,2.7,0.88,2.91,3.79,41.61,0.03,0.1,0.13,1.47,605.2,57.0,15.0,523.8,38.0,34.0,97.0,271.0,148.0,122.6,72.0,44.0,1.0,1.0,,34,,Granit,Xhaka,Xhaka,,,2541,1,5,8,36,0,0,0,6,0,0,28,314,,,,0.0,0.28,1.28,0.99,11.12,45,123,146
670,a,100.0,100.0,4.8,370,15.0,0,0.0,3,-3.0,8.6,46,8.0,122,0,3.9,70.0,8.0,12,506,4.0,57.0,6.0,0.8,25.4,0.0,2335644,680,1437468,1363,4.5,4.0,0.0,0.1,0.1,45.98,0.0,0.0,0.0,1.48,791.4,12.0,3.0,40.0,369.0,2.0,0.0,763.0,88.0,83.0,159.0,3.0,,,,34,,Robin,Roefs,Roefs,,,2790,0,0,9,43,0,1,0,3,0,97,31,110,,,,3.13,0.29,1.39,1.0,0.0,0,33,301
678,u,0.0,0.0,3.9,752,214.0,0,0.0,-1,1.0,0.5,275,103.0,1,0,0.3,524.0,181.0,0,4,0.0,381.0,140.0,0.0,0.3,0.0,52353,0,84544,10,0.0,0.0,0.07,0.08,0.15,2.09,0.05,0.06,0.11,1.5,21.8,453.0,165.0,20.1,400.0,144.0,7.0,426.0,161.0,4.9,455.0,163.0,,,,34,,Arthur,Masuaku,Masuaku,has joined RC Lens on loan for the rest of the season.,,125,0,0,0,2,0,0,0,1,0,0,2,13,,,,0.0,0.0,1.44,1.44,7.2,4,6,3
683,a,100.0,100.0,4.1,652,153.0,0,0.0,1,-1.0,6.0,63,21.0,112,0,3.7,91.0,32.0,5,369,3.0,89.0,35.0,0.7,27.3,0.0,1699128,356,1098991,1390,3.5,3.0,1.67,0.89,2.55,42.35,0.06,0.03,0.09,1.47,714.4,33.0,12.0,136.7,241.0,62.0,269.0,107.0,13.0,112.4,88.0,21.0,,,,34,,Omar,Alderete,Alderete,,,2595,1,1,9,39,0,0,0,6,0,0,29,315,,,,0.0,0.31,1.35,1.01,10.09,29,262,98
694,a,100.0,100.0,4.6,397,68.0,0,0.0,6,-6.0,8.8,45,14.0,128,0,4.6,26.0,9.0,10,418,4.3,44.0,19.0,0.9,27.8,0.0,2800821,995,1764595,1825,4.8,4.3,1.28,2.2,3.48,40.64,0.05,0.08,0.13,1.51,628.6,51.0,24.0,325.7,105.0,28.0,172.0,185.0,43.0,112.7,87.0,20.0,,,,34,,Nordi,Mukiele,Mukiele,,,2424,2,5,8,37,1,0,0,5,0,0,28,267,,,,0.0,0.3,1.37,1.04,8.87,63,176,112
724,a,,,4.5,429,88.0,0,0.0,0,0.0,0.1,576,205.0,46,0,1.8,372.0,140.0,0,190,0.0,598.0,242.0,0.0,10.2,0.0,11042,3,7821,13,0.5,0.0,0.5,0.75,1.25,28.37,0.03,0.05,0.08,1.81,238.0,260.0,105.0,116.1,264.0,73.0,67.0,312.0,96.0,42.1,305.0,103.0,,,,34,,Lutsharel,Geertruida,Geertruida,,,1411,0,0,2,21,0,0,0,1,0,0,14,117,,,,0.0,0.13,1.34,0.89,6.44,34,67,62
730,a,100.0,100.0,5.3,193,45.0,0,0.0,-2,2.0,1.2,181,29.0,77,2,2.9,210.0,21.0,11,260,1.7,165.0,21.0,0.3,14.5,0.0,438988,242,294303,618,2.2,1.7,4.54,0.48,5.02,28.36,0.25,0.03,0.28,1.57,282.4,229.0,20.0,151.5,224.0,23.0,436.0,51.0,20.0,85.4,153.0,21.0,,,,34,,Brian,Brobbey,Brobbey,,,1623,6,1,5,27,0,0,0,5,0,0,18,63,,,,0.0,0.28,1.5,1.0,3.49,8,15,40
735,d,50.0,0.0,5.5,134,83.0,0,0.0,0,0.0,0.0,653,257.0,30,0,2.5,270.0,111.0,1,118,0.0,792.0,350.0,0.0,5.5,0.0,13884,1,13337,1,0.2,0.0,0.48,0.25,0.73,9.74,0.07,0.04,0.11,1.38,115.6,362.0,161.0,108.4,274.0,167.0,135.0,226.0,124.0,35.9,329.0,160.0,,,,34,,Bertrand,Traoré,Traoré,Knee injury - 50% chance of playing,,634,1,1,3,9,0,0,0,1,0,0,9,40,,,,0.0,0.43,1.28,1.28,5.68,11,11,18
774,a,,,4.0,679,169.0,0,0.0,0,0.0,0.0,676,238.0,0,0,0.0,589.0,216.0,0,0,0.0,426.0,160.0,0.0,0.0,0.0,1860,4,1217,3,0.5,0.0,0.0,0.0,0.0,0.0,0.0,0.0,0.0,0.0,0.0,578.0,215.0,0.0,570.0,215.0,0.0,539.0,211.0,0.0,580.0,215.0,,,,34,,Jenson,Jones,Jenson Jones,,,0,0,0,0,0,0,0,0,0,0,0,0,0,,,,0.0,0.0,0.0,0.0,0.0,0,0,0
775,u,0.0,0.0,4.5,497,306.0,0,0.0,0,0.0,0.0,824,368.0,0,0,0.0,749.0,314.0,0,0,0.0,658.0,253.0,0.0,0.0,0.0,160,0,141,0,0.0,0.0,0.0,0.0,0.0,0.0,0.0,0.0,0.0,0.0,0.0,747.0,312.0,0.0,740.0,312.0,0.0,727.0,308.0,0.0,747.0,312.0,,,,34,,Tymur,Tutierov,Tutierov,has joined Exeter City on loan for the rest of the season.,,0,0,0,0,0,0,0,0,0,0,0,0,0,,,,0.0,0.0,0.0,0.0,0.0,0,0,0
800,d,50.0,25.0,4.9,345,215.0,0,0.0,-1,1.0,0.0,823,367.0,1,0,1.0,499.0,228.0,0,4,0.0,734.0,308.0,0.0,0.2,0.0,165,0,139,0,0.2,0.0,0.0,0.04,0.04,0.24,0.0,0.09,0.09,0.57,3.4,489.0,223.0,4.3,451.0,217.0,2.0,456.0,225.0,1.0,490.0,224.0,,,,34,,Djiamgone Jocelin Ta,Bi,Jocelin.T,Ankle injury - 50% chance of playing,,38,0,0,0,0,0,0,0,0,0,0,1,3,,,,0.0,0.0,0.0,2.37,7.11,1,0,2
812,a,,,4.0,708,61.0,0,0.0,0,0.0,0.1,462,68.0,16,0,5.3,7.0,2.0,3,62,0.0,453.0,72.0,0.0,4.0,0.0,26625,9,13499,49,0.5,0.0,0.0,0.02,0.02,4.1,0.0,0.01,0.01,1.37,73.6,398.0,29.0,0.0,595.0,71.0,0.0,564.0,57.0,7.4,437.0,29.0,,,,34,,Melker,Ellborg,Ellborg,,,270,0,0,1,2,0,0,0,0,0,10,3,0,,,,3.33,0.33,0.67,1.0,0.0,0,6,33
813,d,50.0,0.0,5.0,276,170.0,0,0.0,0,0.0,0.0,790,345.0,9,0,1.8,379.0,162.0,0,27,0.0,751.0,322.0,0.0,1.8,0.0,1092,1,867,0,0.2,0.0,0.49,0.08,0.57,5.65,0.17,0.03,0.2,2.0,36.2,432.0,189.0,28.3,388.0,195.0,62.0,323.0,169.0,12.6,413.0,188.0,,,,34,,Nilson,Angulo,Angulo,Unknown - 50% chance of playing,,254,0,0,1,4,0,0,0,0,0,0,3,23,,,,0.0,0.35,1.42,1.06,8.15,7,10,6
821,a,,,4.5,476,290.0,0,0.0,0,0.0,0.0,818,363.0,0,0,0.0,733.0,302.0,0,0,0.0,637.0,237.0,0.0,0.0,0.0,103,1,26,0,0.5,0.0,0.0,0.0,0.0,0.0,0.0,0.0,0.0,0.0,0.0,730.0,299.0,0.0,724.0,300.0,0.0,710.0,295.0,0.0,731.0,300.0,,,,34,,Jack,Whittaker,Whittaker,,,0,0,0,0,0,0,0,0,0,0,0,0,0,,,,0.0,0.0,0.0,0.0,0.0,0,0,0
822,a,,,4.5,477,291.0,0,0.0,0,0.0,0.0,810,358.0,0,0,0.0,734.0,303.0,0,0,0.0,638.0,238.0,0.0,0.0,0.0,187,1,53,0,0.5,0.0,0.0,0.0,0.0,0.0,0.0,0.0,0.0,0.0,0.0,731.0,300.0,0.0,725.0,301.0,0.0,711.0,296.0,0.0,732.0,301.0,,,,34,,Jaydon,Jones,Jones,,,0,0,0,0,0,0,0,0,0,0,0,0,0,,,,0.0,0.0,0.0,0.0,0.0,0,0,0
565,d,50.0,0.0,4.7,381,17.0,0,0.0,-3,3.0,5.0,79,13.0,90,0,2.9,208.0,24.0,6,412,0.0,686.0,91.0,0.0,19.1,0.0,1358457,4,1497743,478,0.0,0.0,0.0,0.04,0.04,46.21,0.0,0.0,0.0,1.49,709.2,35.0,10.0,10.1,427.0,7.0,0.0,752.0,83.0,72.2,199.0,9.0,,,,34,,Guglielmo,Vicario,Vicario,Hernia - 50% chance of playing,,2790,0,0,7,50,0,0,0,1,0,83,31,97,,,,2.68,0.23,1.61,1.0,0.0,1,35,247
566,a,,,3.9,760,79.0,0,0.0,-1,1.0,0.3,331,47.0,0,0,0.0,555.0,50.0,0,0,0.0,387.0,37.0,0.0,0.0,0.0,21751,1,25985,7,0.0,0.5,0.0,0.0,0.0,0.0,0.0,0.0,0.0,0.0,0.0,544.0,50.0,0.0,532.0,34.0,0.0,500.0,20.0,0.0,546.0,50.0,,,,34,,Brandon,Austin,Austin,,,0,0,0,0,0,0,0,0,0,0,0,0,0,,,,0.0,0.0,0.0,0.0,0.0,0,0,0
567,a,,,3.9,774,86.0,0,0.0,-1,1.0,1.7,152,20.0,3,0,1.5,407.0,35.0,0,15,1.0,206.0,15.0,0.3,0.8,0.0,149863,96,187403,112,1.0,1.5,0.0,0.0,0.0,2.15,0.0,0.0,0.0,1.08,27.0,445.0,34.0,0.0,542.0,41.0,0.0,510.0,27.0,2.7,468.0,34.0,,,,34,,Antonín,Kinský,Kinsky,,,180,0,0,0,3,0,0,0,0,0,2,2,0,,,,1.0,0.0,1.5,1.0,0.0,0,6,15
568,a,100.0,100.0,5.2,211,29.0,1,-1.0,-3,3.0,10.8,34,11.0,94,0,3.2,178.0,71.0,5,398,3.7,67.0,28.0,0.7,18.1,0.0,1730169,1616,3064962,1025,3.7,4.2,0.87,3.39,4.26,34.35,0.03,0.13,0.16,1.32,564.0,67.0,31.0,677.1,18.0,1.0,179.0,178.0,41.0,142.2,48.0,6.0,3.0,2.0,,34,,Pedro,Porro Sauceda,Pedro Porro,,,2343,1,3,7,36,0,0,0,7,0,0,27,209,,,,0.0,0.27,1.38,1.04,6.68,54,120,111
569,i,0.0,0.0,5.0,252,39.0,0,0.0,0,0.0,3.0,111,41.0,91,0,4.0,62.0,26.0,10,305,0.3,322.0,105.0,0.1,18.2,0.0,1032920,4,1235458,220,0.0,0.0,1.39,1.25,2.64,28.32,0.07,0.06,0.13,1.36,574.8,63.0,29.0,133.6,246.0,64.0,223.0,137.0,26.0,93.2,133.0,39.0,,,,34,,Cristian,Romero,Romero,Knee injury - Expected back 01 Jun,,1869,4,1,5,33,0,0,0,9,2,0,22,224,,,,0.0,0.24,1.59,1.06,9.49,58,139,88
570,a,100.0,100.0,4.2,630,141.0,0,0.0,-3,3.0,0.2,408,151.0,41,0,2.2,307.0,112.0,1,136,1.0,209.0,71.0,0.2,9.8,0.0,23064,26,32101,20,1.0,1.5,0.29,0.21,0.5,16.75,0.03,0.02,0.05,1.45,292.2,220.0,86.0,13.0,416.0,151.0,42.0,347.0,114.0,34.8,335.0,112.0,,,,34,,Kevin,Danso,Danso,,,1039,0,0,2,21,0,0,0,5,0,0,12,150,,,,0.0,0.17,1.82,1.04,12.39,21,122,36
571,i,0.0,0.0,4.3,577,124.0,0,0.0,-2,2.0,0.1,552,197.0,10,0,3.3,147.0,55.0,1,29,0.0,513.0,216.0,0.0,2.3,0.0,4475,0,12140,2,0.0,0.0,0.49,0.07,0.56,1.11,0.32,0.05,0.37,0.73,67.4,405.0,151.0,22.2,395.0,141.0,52.0,335.0,108.0,14.2,402.0,144.0,,,,34,,Ben,Davies,Davies,Ankle injury - Unknown return date,,136,1,0,0,3,0,0,0,1,0,0,2,14,,,,0.0,0.0,1.99,1.32,9.26,5,9,5
572,a,100.0,100.0,4.5,450,93.0,0,0.0,0,0.0,0.0,667,235.0,15,0,1.9,353.0,130.0,0,26,0.0,614.0,244.0,0.0,3.3,0.0,4212,6,3228,4,0.0,0.5,0.31,0.01,0.32,11.94,0.05,0.0,0.05,2.09,122.2,351.0,133.0,3.2,457.0,164.0,27.0,372.0,126.0,15.3,400.0,143.0,,,,34,,Radu,Drăgușin,Dragusin,,,513,0,0,0,13,0,0,0,0,0,0,5,70,,,,0.0,0.0,2.28,0.88,12.28,5,65,13
573,a,100.0,100.0,4.1,655,156.0,0,0.0,-4,4.0,0.9,203,79.0,61,0,2.4,278.0,105.0,1,219,0.3,295.0,93.0,0.1,14.9,0.0,304728,18,368212,44,0.3,0.8,0.86,1.74,2.6,29.62,0.04,0.09,0.13,1.46,264.0,243.0,97.0,202.2,181.0,46.0,172.0,184.0,42.0,63.7,226.0,78.0,,,,34,,Djed,Spence,Spence,,,1820,0,0,7,30,0,0,0,4,0,0,21,129,,,,0.0,0.35,1.48,1.04,5.19,39,66,100
574,d,50.0,25.0,4.3,594,136.0,0,0.0,-2,2.0,0.3,320,115.0,18,0,1.1,446.0,159.0,0,77,1.3,172.0,62.0,0.3,4.2,0.0,53784,0,115210,41,0.7,0.5,0.16,0.67,0.83,17.09,0.01,0.06,0.07,1.53,167.6,316.0,121.0,157.7,215.0,57.0,90.0,281.0,82.0,41.6,309.0,104.0,,,,34,,Destiny,Udogie,Udogie,Muscle injury - 50% chance of playing,,1004,0,1,0,21,0,0,0,3,0,0,10,71,,,,0.0,0.0,1.88,0.9,4.48,23,27,56
575,a,100.0,100.0,4.4,548,118.0,0,0.0,-1,1.0,18.1,17,6.0,100,0,3.3,149.0,57.0,10,353,0.7,247.0,83.0,0.2,22.7,0.0,3591287,209,4621606,1516,0.7,1.2,2.79,0.35,3.14,39.59,0.1,0.01,0.11,1.38,626.4,52.0,25.0,91.7,296.0,92.0,210.0,149.0,31.0,92.7,137.0,42.0,,,,34,,Micky,van de Ven,Van de Ven,,,2591,4,1,7,46,0,0,0,8,1,0,30,228,,,,0.0,0.24,1.6,1.04,6.67,33,159,102
576,u,0.0,0.0,4.0,716,188.0,0,0.0,0,0.0,0.0,741,255.0,0,0,0.0,617.0,228.0,0,0,0.0,461.0,178.0,0.0,0.0,0.0,0,0,2010,0,0.0,0.0,0.0,0.0,0.0,0.0,0.0,0.0,0.0,0.0,0.0,607.0,228.0,0.0,600.0,228.0,0.0,570.0,225.0,0.0,609.0,228.0,,,,34,,Ashley,Phillips,Phillips,Has joined Stoke City on loan for the rest of the season.,,0,0,0,0,0,0,0,0,0,0,0,0,0,,,,0.0,0.0,0.0,0.0,0.0,0,0,0
577,u,0.0,0.0,4.0,718,189.0,0,0.0,0,0.0,0.0,606,216.0,0,0,0.0,619.0,229.0,0,0,0.0,463.0,179.0,0.0,0.0,0.0,1005,0,9141,1,0.0,0.0,0.0,0.0,0.0,0.0,0.0,0.0,0.0,0.0,0.0,609.0,229.0,0.0,602.0,229.0,0.0,572.0,226.0,0.0,611.0,229.0,,,,34,,Takai,Kōta,Takai,has joined Borussia Mönchengladbach on loan for the rest of the season.,,0,0,0,0,0,0,0,0,0,0,0,0,0,,,,0.0,0.0,0.0,0.0,0.0,0,0,0
578,u,0.0,0.0,3.9,790,233.0,0,0.0,-1,1.0,0.3,322,117.0,0,0,0.0,577.0,210.0,0,0,0.0,411.0,153.0,0.0,0.0,0.0,7334,0,92529,4,0.0,0.0,0.0,0.0,0.0,0.0,0.0,0.0,0.0,0.0,0.0,566.0,209.0,0.0,555.0,209.0,0.0,524.0,205.0,0.0,568.0,209.0,,,,34,,Luka,Vušković,Vuskovic,has joined Hamburger SV on loan for the rest of the season.,,0,0,0,0,0,0,0,0,0,0,0,0,0,,,,0.0,0.0,0.0,0.0,0.0,0,0,0
579,u,0.0,0.0,8.5,10,5.0,0,0.0,0,0.0,0.1,455,155.0,0,0,0.0,829.0,373.0,0,0,0.0,826.0,372.0,0.0,0.0,0.0,0,0,25620,1,0.0,0.0,0.0,0.0,0.0,0.0,0.0,0.0,0.0,0.0,0.0,829.0,373.0,0.0,829.0,373.0,0.0,829.0,373.0,0.0,829.0,373.0,,,,34,,Son,Heung-min,Son,has joined Los Angeles FC permanently.,,0,0,0,0,0,0,0,0,0,0,0,0,0,,,,0.0,0.0,0.0,0.0,0.0,0,0,0
581,a,100.0,100.0,6.8,42,26.0,0,0.0,-2,2.0,0.1,438,150.0,0,0,0.0,826.0,370.0,0,0,0.0,821.0,367.0,0.0,0.0,0.0,4191,29,24291,8,0.0,0.5,0.0,0.0,0.0,0.0,0.0,0.0,0.0,0.0,0.0,826.0,370.0,0.0,826.0,370.0,0.0,826.0,370.0,0.0,826.0,370.0,,,,34,,James,Maddison,Maddison,,,0,0,0,0,0,0,0,0,0,0,0,0,0,,,,0.0,0.0,0.0,0.0,0.0,0,0,0
582,i,0.0,0.0,6.4,58,37.0,0,0.0,-1,1.0,9.2,39,13.0,75,0,3.9,76.0,32.0,7,257,0.0,818.0,366.0,0.0,11.7,0.0,3263821,1,5223181,139,0.0,0.0,1.92,2.41,4.33,22.74,0.11,0.14,0.25,1.33,333.4,200.0,82.0,413.8,67.0,53.0,302.0,96.0,57.0,104.7,104.0,60.0,,4.0,3.0,34,,Mohammed,Kudus,Kudus,Thigh injury - Unknown return date,,1535,2,6,7,20,0,0,0,3,0,0,19,133,,,,0.0,0.41,1.17,1.11,7.8,29,9,95
583,i,0.0,0.0,6.4,57,36.0,0,0.0,-1,1.0,0.0,723,299.0,0,0,0.0,823.0,369.0,0,0,0.0,817.0,365.0,0.0,0.0,0.0,1174,4,2210,1,0.0,0.0,0.0,0.0,0.0,0.0,0.0,0.0,0.0,0.0,0.0,823.0,369.0,0.0,823.0,369.0,0.0,823.0,369.0,0.0,823.0,369.0,,,,34,,Dejan,Kulusevski,Kulusevski,Knee injury - Unknown return date,,0,0,0,0,0,0,0,0,0,0,0,0,0,,,,0.0,0.0,0.0,0.0,0.0,0,0,0
584,a,100.0,100.0,6.2,78,52.0,0,0.0,-3,3.0,0.1,431,147.0,58,0,2.2,319.0,139.0,5,202,0.7,278.0,132.0,0.1,9.4,0.0,44000,5,49097,17,0.7,1.2,2.11,1.43,3.53,14.56,0.2,0.14,0.34,1.38,218.8,274.0,113.0,319.1,108.0,76.0,254.0,120.0,70.0,79.4,172.0,88.0,1.0,,,34,,Mathys,Tel,Tel,,,953,3,1,1,20,0,0,0,0,0,0,9,80,,,,0.0,0.09,1.89,0.85,7.56,17,10,53
585,a,100.0,100.0,5.2,206,128.0,0,0.0,-3,3.0,0.2,404,138.0,68,0,3.2,177.0,70.0,3,290,1.3,187.0,85.0,0.2,13.1,0.0,58311,3,67181,10,1.3,1.8,0.46,0.68,1.14,21.06,0.03,0.04,0.07,1.29,279.6,232.0,99.0,160.5,212.0,136.0,88.0,287.0,155.0,53.1,267.0,135.0,,,,34,,Rodrigo,Bentancur,Bentancur,,,1473,1,1,5,22,0,0,0,5,0,0,18,219,,,,0.0,0.31,1.34,1.1,13.38,41,73,105
586,a,100.0,100.0,5.2,217,133.0,0,0.0,-3,3.0,0.2,394,131.0,46,0,2.3,304.0,131.0,0,152,2.0,139.0,55.0,0.4,8.8,0.0,104312,5,111976,4,2.0,2.5,1.18,0.43,1.61,12.88,0.12,0.04,0.16,1.26,163.6,321.0,144.0,105.0,281.0,169.0,141.0,219.0,121.0,40.7,313.0,154.0,,,,34,,Lucas,Bergvall,Bergvall,,,918,1,3,3,17,0,0,0,2,0,0,11,77,,,,0.0,0.29,1.67,1.08,7.55,21,18,38
587,a,100.0,100.0,5.2,209,129.0,0,0.0,-3,3.0,0.0,597,224.0,13,0,1.4,427.0,187.0,0,85,0.0,765.0,333.0,0.0,2.5,0.0,3506,4,15281,1,0.0,0.5,0.36,0.08,0.44,11.66,0.06,0.01,0.07,2.03,83.8,389.0,173.0,20.6,399.0,200.0,23.0,384.0,194.0,12.6,414.0,189.0,,,,34,,Yves,Bissouma,Bissouma,,,516,0,0,0,16,0,0,0,4,0,0,6,71,,,,0.0,0.0,2.79,1.05,12.38,18,25,28
588,i,0.0,0.0,5.3,200,125.0,0,0.0,-2,2.0,0.0,608,232.0,46,0,1.9,360.0,156.0,6,176,0.0,775.0,339.0,0.0,8.7,0.0,16431,1,18498,2,0.0,0.0,1.92,1.21,3.13,14.24,0.18,0.11,0.29,1.32,158.8,324.0,147.0,284.3,129.0,86.0,234.0,128.0,75.0,67.6,215.0,104.0,,,,34,,Wilson,Odobert,Odobert,Knee injury - Unknown return date,,972,0,2,2,13,0,0,0,0,0,0,10,77,,,,0.0,0.19,1.2,0.93,7.13,10,14,53
589,u,0.0,0.0,5.4,165,103.0,0,0.0,-1,1.0,0.0,767,327.0,0,0,0.0,810.0,359.0,0,0,0.0,783.0,343.0,0.0,0.0,0.0,115,0,1480,0,0.0,0.0,0.0,0.0,0.0,0.0,0.0,0.0,0.0,0.0,0.0,809.0,358.0,0.0,808.0,358.0,0.0,806.0,357.0,0.0,809.0,358.0,,,,34,,Manor,Solomon,Solomon,has joined Fiorentina on loan for the rest of the season.,,0,0,0,0,0,0,0,0,0,0,0,0,0,,,,0.0,0.0,0.0,0.0,0.0,0,0,0
590,u,0.0,0.0,4.9,322,199.0,0,0.0,-1,1.0,0.0,663,264.0,0,0,0.0,783.0,340.0,0,0,0.0,720.0,298.0,0.0,0.0,0.0,675,0,4505,0,0.0,0.0,0.0,0.0,0.0,0.0,0.0,0.0,0.0,0.0,0.0,782.0,339.0,0.0,778.0,339.0,0.0,774.0,337.0,0.0,782.0,339.0,,,,34,,Bryan,Gil Salvatierra,Bryan,has joined Girona permanently.,,0,0,0,0,0,0,0,0,0,0,0,0,0,,,,0.0,0.0,0.0,0.0,0.0,0,0,0
591,a,100.0,100.0,4.8,372,232.0,0,0.0,-2,2.0,0.2,413,142.0,60,0,2.6,251.0,101.0,6,235,1.0,218.0,101.0,0.2,12.5,0.0,25509,6,27949,19,1.0,1.5,1.5,1.29,2.79,24.55,0.09,0.08,0.17,1.51,257.2,247.0,106.0,138.1,239.0,153.0,158.0,198.0,108.0,55.3,259.0,130.0,,,,34,,Archie,Gray,Gray,,,1463,2,2,5,28,0,0,0,5,0,0,18,131,,,,0.0,0.31,1.72,1.11,8.06,11,64,56
592,u,0.0,0.0,5.0,272,166.0,0,0.0,0,0.0,0.0,799,353.0,0,0,0.0,800.0,353.0,0,0,0.0,749.0,320.0,0.0,0.0,0.0,0,0,688,0,0.0,0.0,0.0,0.0,0.0,0.0,0.0,0.0,0.0,0.0,0.0,799.0,352.0,0.0,797.0,352.0,0.0,792.0,350.0,0.0,799.0,352.0,,,,34,,Mikey,Moore,Moore,Has joined Rangers on loan for the rest of the season.,,0,0,0,0,0,0,0,0,0,0,0,0,0,,,,0.0,0.0,0.0,0.0,0.0,0,0,0
593,i,0.0,0.0,4.5,444,265.0,0,0.0,-5,5.0,1.0,197,70.0,66,0,2.9,207.0,82.0,2,293,0.3,310.0,146.0,0.1,14.7,0.0,406984,2,603498,408,0.0,0.0,1.5,1.08,2.58,26.21,0.1,0.07,0.17,1.75,314.8,210.0,88.0,151.6,223.0,142.0,152.0,207.0,111.0,62.0,236.0,116.0,,,,34,,Pape Matar,Sarr,P.M.Sarr,Shoulder injury - Unknown return date,,1349,2,3,3,22,0,0,0,2,0,0,13,180,,,,0.0,0.2,1.47,0.87,12.01,32,72,76
594,u,0.0,0.0,4.5,508,316.0,0,0.0,0,0.0,0.0,742,312.0,0,0,0.0,758.0,322.0,0,0,0.0,669.0,263.0,0.0,0.0,0.0,0,0,2829,0,0.0,0.0,0.0,0.0,0.0,0.0,0.0,0.0,0.0,0.0,0.0,757.0,321.0,0.0,750.0,321.0,0.0,737.0,317.0,0.0,757.0,321.0,,,,34,,Yang,Min-hyeok,Min-hyeok,has joined Coventry City on loan for the rest of the season.,,0,0,0,0,0,0,0,0,0,0,0,0,0,,,,0.0,0.0,0.0,0.0,0.0,0,0,0
595,a,,,4.3,602,356.0,0,0.0,-2,2.0,0.2,374,126.0,1,0,1.0,470.0,204.0,0,3,0.0,527.0,169.0,0.0,0.2,0.0,25417,2,31640,2,0.0,0.5,0.0,0.01,0.01,0.75,0.0,0.06,0.06,4.82,0.6,507.0,231.0,1.8,466.0,223.0,0.0,619.0,231.0,0.2,509.0,233.0,,,,34,,Callum,Olusesi,Olusesi,,,14,0,0,0,0,0,0,0,0,0,0,0,2,,,,0.0,0.0,0.0,0.0,12.86,0,0,2
596,a,100.0,100.0,7.3,26,10.0,1,-1.0,-2,2.0,2.1,135,21.0,39,0,2.8,229.0,23.0,4,178,1.3,202.0,26.0,0.2,5.3,0.0,282877,446,542505,1311,1.3,1.8,2.97,0.25,3.21,17.67,0.28,0.02,0.3,1.66,193.4,294.0,30.0,80.5,311.0,36.0,331.0,84.0,29.0,60.4,241.0,31.0,,,2.0,34,,Dominic,Solanke-Mitchell,Solanke,,,958,3,0,0,21,0,0,0,1,0,0,10,63,,,,0.0,0.0,1.97,0.94,5.92,19,14,30
597,a,100.0,100.0,6.3,66,22.0,0,0.0,-2,2.0,5.7,69,13.0,95,0,3.5,128.0,10.0,13,426,0.7,279.0,39.0,0.1,15.1,0.0,3045237,72,3093571,505,0.7,1.2,6.51,1.27,7.78,22.67,0.38,0.07,0.45,1.31,488.6,102.0,9.0,191.3,191.0,17.0,662.0,23.0,13.0,133.6,54.0,11.0,,,5.0,34,,Richarlison,de Andrade,Richarlison,,,1562,9,3,5,24,0,0,0,5,0,0,16,122,,,,0.0,0.29,1.38,0.92,7.03,21,51,50
598,u,0.0,0.0,4.5,469,66.0,0,0.0,0,0.0,0.0,679,87.0,0,0,0.0,728.0,76.0,0,0,0.0,630.0,65.0,0.0,0.0,0.0,0,0,5142,0,0.0,0.0,0.0,0.0,0.0,0.0,0.0,0.0,0.0,0.0,0.0,724.0,76.0,0.0,718.0,75.0,0.0,703.0,75.0,0.0,725.0,76.0,,,,34,,Will,Lankshear,Lankshear,has joined Oxford United on loan for the rest of the season.,,0,0,0,0,0,0,0,0,0,0,0,0,0,,,,0.0,0.0,0.0,0.0,0.0,0,0,0
599,u,0.0,0.0,4.3,597,83.0,0,0.0,-2,2.0,0.5,261,39.0,2,0,1.0,468.0,57.0,0,5,0.0,523.0,53.0,0.0,0.5,0.0,60820,0,112099,12,0.0,0.0,0.0,0.01,0.01,0.03,0.0,0.13,0.13,0.39,1.0,505.0,60.0,4.1,452.0,59.0,2.0,448.0,60.0,0.7,495.0,60.0,,,,34,,Dane,Scarlett,Scarlett,has joined Hibernian on loan for the rest of the season.,,7,0,0,0,0,0,0,0,0,0,0,0,1,,,,0.0,0.0,0.0,0.0,12.86,0,0,1
673,a,100.0,100.0,5.5,135,84.0,0,0.0,0,0.0,0.8,223,78.0,96,0,3.4,143.0,61.0,11,405,0.7,268.0,126.0,0.1,17.5,0.0,373205,12,369519,29,0.7,1.2,1.45,0.6,2.05,29.6,0.07,0.03,0.1,1.46,501.8,95.0,31.0,116.3,263.0,163.0,187.0,171.0,93.0,80.8,166.0,85.0,,,,34,,João Maria,Lobo Alves Palhares Costa Palhinha Gonçalves,J.Palhinha,,,1826,3,3,4,33,0,0,0,6,0,0,19,248,,,,0.0,0.2,1.63,0.94,12.22,97,80,71
717,a,100.0,100.0,6.6,48,30.0,1,-1.0,-4,4.0,2.8,117,36.0,77,0,2.9,214.0,87.0,7,335,4.0,62.0,20.0,0.6,11.7,0.0,1066058,1646,767467,1160,4.0,4.5,2.94,3.82,6.76,30.45,0.16,0.2,0.36,1.63,345.4,189.0,74.0,505.5,42.0,37.0,243.0,124.0,72.0,109.4,94.0,54.0,2.0,3.0,4.0,34,,Xavi,Simons,Xavi,,,1685,2,5,3,36,0,0,0,5,1,0,18,145,,,,0.0,0.16,1.92,0.96,7.74,33,26,86
726,a,100.0,100.0,6.9,39,15.0,0,0.0,-1,1.0,0.4,281,44.0,45,0,1.8,388.0,47.0,1,131,1.0,234.0,30.0,0.1,6.5,0.0,141724,24,124330,87,1.0,1.5,1.78,1.36,3.14,23.01,0.12,0.09,0.21,1.51,152.4,328.0,32.0,237.4,160.0,13.0,225.0,135.0,33.0,60.5,240.0,30.0,,,,34,,Randal,Kolo Muani,Kolo Muani,,,1369,1,1,3,28,0,0,0,2,0,0,17,96,,,,0.0,0.2,1.84,1.12,6.31,22,22,52
745,a,,,4.0,739,208.0,0,0.0,0,0.0,0.0,615,219.0,1,0,1.0,463.0,169.0,0,3,0.0,484.0,198.0,0.0,0.2,0.0,2191,1,2234,5,0.0,0.5,0.0,0.0,0.0,0.0,0.0,0.0,0.0,0.0,0.4,508.0,178.0,0.5,480.0,175.0,0.0,591.0,243.0,0.1,512.0,179.0,,,,34,,Jun'ai,Byfield,Byfield,,,1,0,0,0,0,0,0,0,0,0,0,0,0,,,,0.0,0.0,0.0,0.0,0.0,0,0,0
750,a,,,4.0,703,180.0,0,0.0,0,0.0,0.0,638,228.0,1,0,1.0,460.0,166.0,0,3,0.0,448.0,170.0,0.0,0.2,0.0,2026,1,1825,0,0.0,0.5,0.0,0.0,0.0,0.36,0.0,0.0,0.0,32.4,0.0,598.0,223.0,0.0,590.0,223.0,0.0,559.0,219.0,0.0,600.0,223.0,,,,34,,James,Rowswell,Rowswell,,,1,0,0,0,0,0,0,0,0,0,0,0,0,,,,0.0,0.0,0.0,0.0,0.0,0,0,0
751,u,0.0,0.0,4.5,491,302.0,0,0.0,0,0.0,0.0,788,343.0,0,0,0.0,744.0,311.0,0,0,0.0,652.0,249.0,0.0,0.0,0.0,675,0,654,0,0.0,0.0,0.0,0.0,0.0,0.0,0.0,0.0,0.0,0.0,0.0,742.0,309.0,0.0,735.0,309.0,0.0,722.0,305.0,0.0,742.0,309.0,,,,34,,Yusuf,Akhamrich,Akhamrich,has joined Bristol Rovers on loan for the rest of the season.,,0,0,0,0,0,0,0,0,0,0,0,0,0,,,,0.0,0.0,0.0,0.0,0.0,0,0,0
790,a,,,4.5,503,312.0,0,0.0,0,0.0,0.0,766,326.0,0,0,0.0,753.0,318.0,0,0,0.0,664.0,259.0,0.0,0.0,0.0,881,2,495,4,0.0,0.5,0.0,0.0,0.0,0.0,0.0,0.0,0.0,0.0,0.0,752.0,317.0,0.0,745.0,317.0,0.0,732.0,313.0,0.0,752.0,317.0,,,,34,,Lucá,Williams-Barnett,Williams-Barnett,,,0,0,0,0,0,0,0,0,0,0,0,0,0,,,,0.0,0.0,0.0,0.0,0.0,0,0,0
796,a,100.0,100.0,5.0,254,153.0,0,0.0,-5,5.0,0.1,497,178.0,24,0,2.2,315.0,136.0,0,126,1.3,184.0,83.0,0.3,4.8,0.0,38948,10,28452,21,1.3,1.8,0.6,0.56,1.16,15.94,0.07,0.07,0.14,1.93,107.2,368.0,164.0,134.7,244.0,155.0,108.0,261.0,142.0,35.0,334.0,163.0,,,,34,,Conor,Gallagher,Gallagher,,,742,0,1,0,19,0,0,0,0,0,0,9,73,,,,0.0,0.0,2.3,1.09,8.85,10,21,42
804,a,,,4.0,736,205.0,0,0.0,0,0.0,0.0,677,239.0,3,0,0.8,517.0,178.0,0,0,0.0,481.0,195.0,0.0,0.8,0.0,2686,1,1385,4,0.0,0.5,0.02,0.03,0.05,2.61,0.01,0.02,0.03,1.65,12.8,463.0,168.0,31.9,382.0,137.0,17.0,396.0,143.0,6.2,445.0,161.0,,,,34,,João Victor,de Souza Menezes,Souza,,,142,0,0,0,3,0,0,0,1,0,0,2,6,,,,0.0,0.0,1.9,1.27,3.8,0,6,3
811,a,,,4.5,462,279.0,0,0.0,0,0.0,0.0,792,347.0,0,0,0.0,723.0,294.0,0,0,0.0,624.0,226.0,0.0,0.0,0.0,439,2,242,2,0.0,0.5,0.0,0.0,0.0,0.0,0.0,0.0,0.0,0.0,0.0,718.0,289.0,0.0,713.0,291.0,0.0,697.0,284.0,0.0,719.0,290.0,,,,34,,Rio,Kyerematen,Kyerematen,,,0,0,0,0,0,0,0,0,0,0,0,0,0,,,,0.0,0.0,0.0,0.0,0.0,0,0,0
818,a,,,4.5,504,71.0,0,0.0,0,0.0,0.0,637,84.0,0,0,0.0,754.0,81.0,0,0,0.0,665.0,70.0,0.0,0.0,0.0,4572,18,1900,8,0.0,0.5,0.0,0.0,0.0,0.0,0.0,0.0,0.0,0.0,0.0,753.0,81.0,0.0,746.0,80.0,0.0,733.0,80.0,0.0,753.0,81.0,,,,34,,James,Wilson,Wilson,,,0,0,0,0,0,0,0,0,0,0,0,0,0,,,,0.0,0.0,0.0,0.0,0.0,0,0,0
326,a,100.0,100.0,5.1,223,136.0,0,0.0,-4,4.0,0.2,415,143.0,24,0,1.0,503.0,231.0,0,71,0.3,326.0,154.0,0.1,4.7,0.0,17807,5,38310,10,0.3,0.3,0.69,0.56,1.25,8.24,0.17,0.14,0.31,2.06,29.2,439.0,194.0,68.5,323.0,176.0,68.0,310.0,163.0,16.0,399.0,182.0,,,,34,,Adama,Traoré Diarra,Adama,,,360,0,0,0,11,0,0,0,1,0,0,1,17,,,,0.0,0.0,2.75,0.25,4.25,1,2,14
600,a,100.0,100.0,4.2,629,30.0,0,0.0,-3,3.0,1.9,140,18.0,51,0,2.5,262.0,27.0,2,220,0.0,498.0,80.0,0.0,12.1,0.0,190928,29,474145,97,0.0,0.0,0.0,0.0,0.0,35.3,0.0,0.0,0.0,1.76,570.4,65.0,14.0,10.0,428.0,8.0,0.0,602.0,67.0,57.9,248.0,14.0,,,,34,,Alphonse,Areola,Areola,,,1800,0,1,0,37,0,0,0,0,0,77,20,55,,,,3.85,0.0,1.85,1.0,0.0,0,30,142
601,u,0.0,0.0,4.0,666,41.0,0,0.0,0,0.0,0.2,365,52.0,0,0,0.0,580.0,65.0,0,0,0.0,414.0,52.0,0.0,0.0,0.0,3874,0,43247,5,0.0,0.0,0.0,0.0,0.0,0.0,0.0,0.0,0.0,0.0,0.0,569.0,65.0,0.0,559.0,51.0,0.0,528.0,37.0,0.0,571.0,65.0,,,,34,,Wes,Foderingham,Foderingham,has joined Aris Limassol permanently.,,0,0,0,0,0,0,0,0,0,0,0,0,0,,,,0.0,0.0,0.0,0.0,0.0,0,0,0
602,u,0.0,0.0,3.9,773,85.0,0,0.0,-1,1.0,0.2,383,55.0,0,0,0.0,564.0,56.0,0,0,0.0,396.0,43.0,0.0,0.0,0.0,11331,0,21174,6,0.0,0.0,0.0,0.0,0.0,0.0,0.0,0.0,0.0,0.0,0.0,553.0,56.0,0.0,541.0,40.0,0.0,509.0,26.0,0.0,555.0,56.0,,,,34,,Krisztián,Hegyi,Hegyi,has joined MTK Budapest on loan for the rest of the season.,,0,0,0,0,0,0,0,0,0,0,0,0,0,,,,0.0,0.0,0.0,0.0,0.0,0,0,0
603,a,100.0,100.0,4.1,661,160.0,0,0.0,-4,4.0,2.5,123,48.0,93,0,3.4,133.0,49.0,3,310,3.7,64.0,26.0,0.9,22.7,0.0,448388,126,934680,338,3.7,3.7,0.5,2.0,2.5,35.57,0.02,0.08,0.1,1.41,477.6,111.0,49.0,329.6,102.0,26.0,89.0,283.0,83.0,89.8,146.0,49.0,,,,34,,El Hadji Malick,Diouf,Diouf,,,2273,0,6,8,40,0,0,0,5,0,0,25,211,,,,0.0,0.32,1.58,0.99,6.97,33,143,99
604,u,0.0,0.0,4.4,527,103.0,0,0.0,-1,1.0,0.0,585,209.0,0,0,0.0,670.0,254.0,0,0,0.0,549.0,227.0,0.0,0.0,0.0,1719,0,20827,0,0.0,0.0,0.0,0.0,0.0,0.0,0.0,0.0,0.0,0.0,0.0,661.0,254.0,0.0,656.0,254.0,0.0,635.0,253.0,0.0,663.0,254.0,,,,34,,Emerson,Palmieri dos Santos,Emerson,has joined Marseille permanently.,,0,0,0,0,0,0,0,0,0,0,0,0,0,,,,0.0,0.0,0.0,0.0,0.0,0,0,0
605,a,,,4.1,653,154.0,0,0.0,-4,4.0,0.1,432,161.0,36,0,1.7,389.0,143.0,0,80,0.0,489.0,203.0,0.0,8.8,0.0,30648,4,51706,3,0.0,0.0,0.56,0.25,0.81,33.28,0.03,0.01,0.04,1.92,392.4,158.0,71.0,55.8,344.0,119.0,60.0,324.0,102.0,50.9,276.0,88.0,,,,34,,Maximilian,Kilman,Kilman,,,1559,0,0,1,37,0,0,0,4,0,0,17,191,,,,0.0,0.06,2.14,0.98,9.24,16,144,43
606,a,100.0,100.0,4.5,427,87.0,0,0.0,0,0.0,2.0,138,56.0,104,0,4.0,60.0,25.0,5,321,9.0,3.0,1.0,2.0,23.1,0.0,288456,1380,34156,449,9.0,9.0,2.38,0.59,2.97,32.81,0.1,0.03,0.13,1.42,657.6,46.0,20.0,52.0,352.0,124.0,276.0,103.0,11.0,98.6,117.0,33.0,,,,34,,Konstantinos,Mavropanos,Mavropanos,,,2082,3,0,5,36,1,0,0,2,0,0,22,276,,,,0.0,0.22,1.56,0.95,11.07,35,221,83
607,u,0.0,0.0,4.4,532,107.0,0,0.0,-1,1.0,0.0,609,217.0,3,0,1.5,408.0,150.0,0,-1,0.0,553.0,230.0,0.0,0.7,0.0,1288,0,12359,2,0.0,0.0,0.1,0.03,0.13,3.42,0.05,0.02,0.07,1.71,39.0,428.0,160.0,3.9,453.0,162.0,8.0,424.0,160.0,5.1,453.0,162.0,,,,34,,Nayef,Aguerd,N.Aguerd,has joined Marseille permanently.,,180,0,0,0,8,0,0,0,0,0,0,2,23,,,,0.0,0.0,4.0,1.0,7.5,1,14,8
608,a,100.0,100.0,4.3,606,139.0,0,0.0,-2,2.0,0.0,620,221.0,21,0,1.8,369.0,138.0,0,86,0.0,531.0,224.0,0.0,4.9,0.0,5099,1,7220,1,0.0,0.0,0.18,0.32,0.5,13.28,0.02,0.04,0.06,1.83,138.2,338.0,129.0,71.7,319.0,108.0,22.0,386.0,135.0,23.2,379.0,131.0,5.0,,,34,,Ollie,Scarles,Scarles,,,654,0,1,0,16,0,0,0,1,0,0,9,73,,,,0.0,0.0,2.2,1.24,9.91,29,43,35
609,a,100.0,100.0,4.3,589,133.0,0,0.0,-2,2.0,0.1,489,176.0,44,0,2.2,310.0,114.0,1,161,0.0,520.0,221.0,0.0,10.2,0.0,12930,10,20645,8,0.0,0.0,0.25,0.31,0.56,31.66,0.01,0.02,0.03,1.68,370.6,175.0,73.0,65.5,333.0,111.0,24.0,379.0,132.0,46.1,293.0,97.0,,,,34,,Jean-Clair,Todibo,Todibo,,,1701,0,1,1,34,0,0,0,4,1,0,20,172,,,,0.0,0.05,1.8,1.06,8.36,37,121,86
610,a,100.0,100.0,4.1,654,155.0,0,0.0,-4,4.0,4.5,88,29.0,63,0,2.9,204.0,81.0,0,190,0.0,490.0,204.0,0.0,15.4,0.0,290049,49,2346985,306,0.0,0.0,0.0,0.93,0.93,33.11,0.0,0.04,0.04,1.57,406.6,150.0,65.0,289.7,124.0,33.0,30.0,371.0,125.0,73.0,194.0,68.0,,,,34,,Aaron,Wan-Bissaka,Wan-Bissaka,,,1903,0,3,3,39,0,0,0,4,0,0,21,177,,,,0.0,0.14,1.84,0.99,7.71,29,134,66
611,u,0.0,0.0,4.0,713,185.0,0,0.0,0,0.0,0.1,558,199.0,0,0,0.0,615.0,226.0,0,0,0.0,458.0,175.0,0.0,0.0,0.0,0,0,13382,1,0.0,0.0,0.0,0.0,0.0,0.0,0.0,0.0,0.0,0.0,0.0,605.0,226.0,0.0,598.0,226.0,0.0,567.0,222.0,0.0,607.0,226.0,,,,34,,Kaelan,Casey,Casey,has joined Leyton Orient on loan for the rest of the season.,,0,0,0,0,0,0,0,0,0,0,0,0,0,,,,0.0,0.0,0.0,0.0,0.0,0,0,0
612,u,0.0,0.0,5.9,94,62.0,0,0.0,-1,1.0,1.1,193,67.0,69,0,3.8,88.0,39.0,8,291,0.0,807.0,358.0,0.0,11.7,0.0,897173,0,977341,14,0.0,0.0,2.85,2.0,4.85,24.22,0.17,0.12,0.29,1.44,374.6,172.0,63.0,397.2,73.0,57.0,186.0,172.0,94.0,95.7,126.0,72.0,,,,34,,Lucas,Tolentino Coelho de Lima,L.Paquetá,has joined Flamengo permanently.,,1513,4,2,3,33,0,0,0,5,1,0,18,146,,,,0.0,0.18,1.96,1.07,8.68,40,30,76
613,a,100.0,100.0,5.7,115,73.0,0,0.0,-3,3.0,0.3,314,108.0,85,0,2.8,227.0,91.0,6,340,2.0,144.0,60.0,0.4,14.9,0.0,53177,20,116910,47,2.0,2.0,4.46,0.42,4.88,30.97,0.23,0.02,0.25,1.58,429.6,134.0,44.0,153.8,220.0,141.0,354.0,74.0,43.0,93.9,131.0,74.0,,,,34,,Tomáš,Souček,Souček,,,1768,4,2,6,36,0,0,0,2,1,0,19,188,,,,0.0,0.31,1.83,0.97,9.57,32,102,54
615,a,100.0,100.0,5.5,145,91.0,0,0.0,0,0.0,1.5,165,58.0,98,0,3.8,86.0,38.0,10,343,2.0,142.0,58.0,0.4,17.8,0.0,590932,172,418848,405,2.0,2.0,5.06,1.97,7.03,29.45,0.23,0.09,0.32,1.31,379.6,168.0,59.0,348.1,89.0,65.0,496.0,40.0,23.0,122.1,73.0,45.0,2.0,,,34,,Crysencio,Summerville,Summerville,,,2023,5,3,7,34,0,0,0,4,0,0,24,176,,,,0.0,0.31,1.51,1.07,7.83,34,44,98
616,u,0.0,0.0,4.9,308,192.0,0,0.0,-1,1.0,0.0,599,225.0,0,0,0.0,779.0,336.0,0,0,0.0,713.0,292.0,0.0,0.0,0.0,1147,0,16129,0,0.0,0.0,0.0,0.0,0.0,0.0,0.0,0.0,0.0,0.0,0.0,778.0,335.0,0.0,774.0,335.0,0.0,770.0,333.0,0.0,778.0,335.0,,,,34,,Edson,Álvarez Velázquez,Álvarez,Has joined Fenerbahçe on loan for the rest of the season.,,0,0,0,0,0,0,0,0,0,0,0,0,0,,,,0.0,0.0,0.0,0.0,0.0,0,0,0
617,u,0.0,0.0,4.9,288,177.0,0,0.0,-1,1.0,0.0,717,295.0,0,0,0.0,775.0,333.0,0,0,0.0,703.0,285.0,0.0,0.0,0.0,246,0,3226,0,0.0,0.0,0.0,0.0,0.0,0.0,0.0,0.0,0.0,0.0,0.0,774.0,332.0,0.0,770.0,332.0,0.0,766.0,330.0,0.0,774.0,332.0,,,,34,,Maxwel,Cornet,Cornet,has joined Genoa on loan for the rest of the season.,,0,0,0,0,0,0,0,0,0,0,0,0,0,,,,0.0,0.0,0.0,0.0,0.0,0,0,0
618,u,0.0,0.0,4.8,350,220.0,0,0.0,-2,2.0,0.0,613,235.0,8,0,1.3,436.0,194.0,0,30,0.0,694.0,279.0,0.0,1.7,0.0,2295,0,6232,0,0.0,0.0,0.03,0.04,0.07,2.59,0.02,0.02,0.04,1.33,9.8,469.0,208.0,6.0,446.0,215.0,2.0,454.0,224.0,1.7,478.0,216.0,,,,34,,Guido,Rodríguez,G.Rodriguez,has joined Valencia on loan for the rest of the season.,,175,0,0,1,2,0,0,0,1,0,0,2,15,,,,0.0,0.51,1.03,1.03,7.71,1,4,10
619,u,0.0,0.0,4.9,338,209.0,0,0.0,-1,1.0,0.0,690,277.0,5,0,1.0,498.0,227.0,0,11,0.0,729.0,304.0,0.0,1.0,0.0,868,0,3432,0,0.0,0.0,0.07,0.03,0.1,1.82,0.05,0.02,0.07,1.35,9.2,472.0,210.0,14.5,412.0,206.0,4.0,442.0,216.0,2.5,469.0,211.0,,,,34,,Luis Guilherme,Lira dos Santos,L.Guilherme,has joined Sporting CP permanently.,,121,0,0,0,2,0,0,0,0,0,0,1,11,,,,0.0,0.0,1.49,0.74,8.18,1,2,8
620,u,0.0,0.0,4.5,448,267.0,0,0.0,0,0.0,0.0,611,234.0,1,0,1.0,482.0,214.0,0,3,0.0,612.0,216.0,0.0,0.2,0.0,3770,0,9623,0,0.0,0.0,0.0,0.01,0.01,0.73,0.0,0.11,0.11,8.21,0.0,708.0,279.0,1.5,470.0,226.0,2.0,451.0,221.0,0.4,503.0,229.0,,,,34,,George,Earthy,Earthy,has joined Bristol City on loan for the rest of the season.,,8,0,0,0,1,0,0,0,0,0,0,0,0,,,,0.0,0.0,11.25,0.0,0.0,0,0,0
621,u,0.0,0.0,4.3,585,347.0,0,0.0,-2,2.0,0.2,376,127.0,9,0,1.3,432.0,190.0,0,49,0.0,518.0,164.0,0.0,2.1,0.0,43311,0,56827,3,0.0,0.0,0.0,0.17,0.17,4.03,0.0,0.1,0.1,2.32,31.6,436.0,191.0,52.3,350.0,185.0,2.0,446.0,218.0,8.6,428.0,192.0,,,,34,,Andy,Irving,Irving,has joined Sparta Prague permanently.,,156,0,0,0,4,0,0,0,0,0,0,2,22,,,,0.0,0.0,2.31,1.15,12.69,6,2,14
622,u,0.0,0.0,4.4,552,332.0,0,0.0,-1,1.0,0.1,581,216.0,0,0,0.0,680.0,263.0,0,0,0.0,565.0,188.0,0.0,0.0,0.0,1052,0,12008,0,0.0,0.0,0.0,0.0,0.0,0.0,0.0,0.0,0.0,0.0,0.0,672.0,255.0,0.0,668.0,259.0,0.0,647.0,249.0,0.0,674.0,257.0,,,,34,,Lewis,Orford,Orford,has joined Stevenage on loan for the rest of the season.,,0,0,0,0,0,0,0,0,0,0,0,0,0,,,,0.0,0.0,0.0,0.0,0.0,0,0,0
623,a,100.0,100.0,4.3,596,352.0,0,0.0,-2,2.0,0.5,263,91.0,36,0,1.7,390.0,166.0,0,212,0.3,300.0,142.0,0.1,8.4,0.0,146108,44,172540,37,0.3,0.3,0.21,1.06,1.27,21.2,0.02,0.08,0.1,1.66,185.8,300.0,131.0,140.8,235.0,150.0,37.0,353.0,182.0,36.5,327.0,158.0,,,,34,,Freddie,Potts,Potts,,,1151,0,1,1,24,0,0,0,1,0,0,12,116,,,,0.0,0.08,1.88,0.94,9.07,27,50,39
624,a,,,7.8,18,6.0,1,-1.0,-2,2.0,14.4,24,6.0,159,0,4.8,23.0,4.0,23,616,5.3,27.0,6.0,0.7,20.4,0.0,3484616,2504,3482996,5594,5.3,5.3,6.55,4.23,10.78,50.09,0.2,0.13,0.33,1.52,748.6,20.0,3.0,564.5,30.0,1.0,731.0,15.0,8.0,204.4,9.0,3.0,1.0,1.0,2.0,34,,Jarrod,Bowen,Bowen,,,2959,8,10,7,55,0,0,0,4,0,0,33,251,,,,0.0,0.21,1.67,1.0,7.63,43,66,142
625,u,0.0,0.0,5.6,121,34.0,0,0.0,-4,4.0,0.6,254,36.0,12,0,1.5,416.0,49.0,0,28,0.0,799.0,87.0,0.0,2.1,0.0,47611,0,393143,5,0.0,0.0,0.93,0.21,1.14,8.59,0.21,0.05,0.26,1.9,26.0,446.0,52.0,85.1,302.0,34.0,130.0,236.0,47.0,23.8,375.0,48.0,,,,34,,Niclas,Füllkrug,Füllkrug,has joined AC Milan on loan for the rest of the season.,,407,0,0,1,11,0,0,0,0,0,0,5,19,,,,0.0,0.22,2.43,1.11,4.2,2,7,10
626,u,0.0,0.0,4.3,612,85.0,0,0.0,-2,2.0,0.5,268,42.0,2,0,1.0,472.0,58.0,0,0,0.0,537.0,55.0,0.0,0.5,0.0,63604,0,108007,8,0.0,0.0,0.13,0.0,0.13,1.55,0.2,0.0,0.2,2.41,1.2,503.0,58.0,0.1,489.0,61.0,7.0,429.0,59.0,0.8,492.0,59.0,,,,34,,Callum,Marshall,Marshall,has joined VfL Bochum 1848 on loan for the rest of the season.,,58,0,0,0,2,0,0,0,0,0,0,0,3,,,,0.0,0.0,3.1,0.0,4.66,0,2,1
659,a,,,4.2,632,142.0,0,0.0,-3,3.0,0.3,337,120.0,44,0,2.2,308.0,113.0,0,185,4.0,52.0,21.0,1.0,10.5,0.0,37132,22,55186,14,4.0,4.0,1.13,0.35,1.48,22.45,0.09,0.03,0.12,1.78,242.6,257.0,103.0,118.4,259.0,71.0,104.0,264.0,75.0,46.6,289.0,94.0,,,,34,,Kyle,Walker-Peters,Walker-Peters,,,1134,1,0,3,22,0,0,0,2,0,0,12,106,,,,0.0,0.24,1.75,0.95,6.59,40,43,50
671,a,100.0,100.0,5.8,100,29.0,0,0.0,-2,2.0,0.5,264,40.0,67,0,2.5,273.0,30.0,7,230,0.7,272.0,37.0,0.1,11.6,0.0,207658,15,221866,29,0.7,0.7,6.48,0.37,6.85,18.94,0.55,0.03,0.58,1.61,228.2,266.0,24.0,95.8,290.0,31.0,406.0,59.0,23.0,71.8,203.0,25.0,,,,34,,Callum,Wilson,Wilson,,,1060,5,2,1,19,0,0,0,0,0,0,10,37,,,,0.0,0.08,1.61,0.85,3.14,3,9,25
679,a,,,4.2,639,34.0,0,0.0,-3,3.0,0.8,209,26.0,58,0,4.5,31.0,3.0,8,217,4.3,42.0,3.0,1.0,13.8,0.0,114115,290,53882,204,4.3,4.3,0.0,0.01,0.01,15.76,0.0,0.0,0.0,1.21,311.6,213.0,22.0,10.0,430.0,10.0,0.0,606.0,71.0,32.2,344.0,21.0,,,,34,,Mads,Hermansen,Hermansen,,,1170,0,0,6,20,0,0,0,0,0,42,13,34,,,,3.23,0.46,1.54,1.0,0.0,0,16,123
708,a,100.0,100.0,5.5,149,94.0,0,0.0,0,0.0,0.4,278,97.0,114,0,3.7,103.0,45.0,6,565,2.3,122.0,45.0,0.4,20.7,0.0,134288,86,86861,134,2.3,2.3,1.25,2.5,3.75,40.08,0.04,0.09,0.13,1.41,546.8,78.0,24.0,535.0,36.0,33.0,114.0,251.0,137.0,119.7,79.0,48.0,4.0,,,34,,Mateus Gonçalo,Espanha Fernandes,M.Fernandes,,,2567,3,3,7,42,0,0,0,7,0,0,30,312,,,,0.0,0.25,1.47,1.05,10.94,85,71,156
718,a,,,5.0,277,171.0,0,0.0,0,0.0,0.0,661,262.0,41,0,2.0,346.0,149.0,2,182,0.3,325.0,153.0,0.1,8.2,0.0,5540,0,5102,2,0.3,0.3,0.44,0.32,0.76,18.93,0.04,0.03,0.07,1.76,181.4,306.0,134.0,83.1,307.0,174.0,44.0,343.0,179.0,30.9,349.0,169.0,,,,34,,Soungoutou,Magassa,S.Magassa,,,969,1,0,2,23,0,0,0,4,0,0,11,126,,,,0.0,0.19,2.14,1.02,11.7,40,33,53
738,a,100.0,100.0,4.5,409,21.0,0,0.0,0,0.0,0.0,627,80.0,0,0,0.0,693.0,93.0,0,0,0.0,585.0,87.0,0.0,0.0,0.0,6727,5,6028,1,0.0,0.0,0.0,0.0,0.0,0.0,0.0,0.0,0.0,0.0,0.0,687.0,93.0,0.0,682.0,86.0,0.0,663.0,76.0,0.0,689.0,93.0,,,,34,,Lukasz,Fabianski,Fabianski,,,0,0,0,0,0,0,0,0,0,0,0,0,0,,,,0.0,0.0,0.0,0.0,0.0,0,0,0
747,a,,,4.0,732,201.0,0,0.0,0,0.0,0.0,622,222.0,6,0,1.0,462.0,168.0,0,18,0.0,477.0,191.0,0.0,1.5,0.0,2809,1,2384,3,0.0,0.0,0.12,0.49,0.61,3.21,0.1,0.39,0.49,2.56,21.8,454.0,166.0,34.9,377.0,135.0,9.0,421.0,158.0,6.6,443.0,160.0,,,,34,,Ezra,Mayers,Mayers,,,113,0,0,0,3,0,0,0,0,0,0,0,5,,,,0.0,0.0,2.39,0.0,3.98,0,5,6
752,a,,,4.0,742,211.0,0,0.0,0,0.0,0.0,640,229.0,0,0,0.0,639.0,247.0,0,0,0.0,486.0,200.0,0.0,0.0,0.0,2457,1,2205,1,0.0,0.0,0.0,0.0,0.0,0.0,0.0,0.0,0.0,0.0,0.0,629.0,247.0,0.0,622.0,247.0,0.0,593.0,245.0,0.0,631.0,247.0,,,,34,,Airidas,Golambeckis,Golambeckis,,,0,0,0,0,0,0,0,0,0,0,0,0,0,,,,0.0,0.0,0.0,0.0,0.0,0,0,0
758,a,,,4.5,510,317.0,0,0.0,0,0.0,0.0,729,302.0,8,0,0.9,512.0,238.0,0,28,0.3,311.0,147.0,0.1,1.8,0.0,2223,2,1388,1,0.3,0.3,0.07,0.04,0.11,1.08,0.17,0.09,0.26,2.56,15.6,460.0,205.0,12.9,418.0,208.0,12.0,410.0,200.0,3.7,461.0,209.0,,,,34,,Mohamadou,Kanté,Mohamadou Kanté,,,38,0,0,0,0,0,0,0,1,0,0,0,14,,,,0.0,0.0,0.0,0.0,33.16,6,1,7
785,a,100.0,100.0,5.4,178,41.0,0,0.0,-1,1.0,0.0,695,88.0,19,0,2.1,333.0,38.0,0,68,2.3,121.0,17.0,0.4,3.5,0.0,6262,4,4413,12,2.3,2.3,0.67,0.37,1.04,7.1,0.11,0.06,0.17,1.15,71.2,400.0,46.0,100.2,285.0,30.0,68.0,311.0,53.0,24.0,373.0,46.0,,,,34,,Pablo Felipe,Pereira de Jesus,Pablo,,,554,0,1,2,7,0,0,0,0,0,0,7,51,,,,0.0,0.32,1.14,1.14,8.29,17,13,21
791,a,,,5.5,141,35.0,0,0.0,0,0.0,0.3,338,56.0,44,0,3.4,144.0,13.0,3,171,4.3,48.0,9.0,0.8,8.0,0.0,58975,87,24268,158,4.3,4.3,3.63,0.63,4.26,13.23,0.32,0.06,0.38,1.16,198.2,289.0,29.0,152.1,221.0,22.0,347.0,78.0,27.0,68.5,213.0,27.0,,,,34,,Valentín,Castellanos,Taty,,,1025,4,1,6,13,0,0,0,3,0,0,13,49,,,,0.0,0.53,1.14,1.14,4.3,6,20,23
802,a,,,5.0,280,173.0,0,0.0,0,0.0,0.0,774,332.0,0,0,0.0,803.0,355.0,0,0,0.0,754.0,324.0,0.0,0.0,0.0,554,0,415,0,0.0,0.0,0.0,0.0,0.0,0.0,0.0,0.0,0.0,0.0,0.0,802.0,354.0,0.0,800.0,354.0,0.0,795.0,352.0,0.0,802.0,354.0,,,,34,,Keiber,Lamadrid,Lamadrid,,,0,0,0,0,0,0,0,0,0,0,0,0,0,,,,0.0,0.0,0.0,0.0,0.0,0,0,0
815,a,,,4.5,423,84.0,0,0.0,0,0.0,0.2,367,134.0,36,0,4.0,59.0,24.0,1,145,5.0,28.0,13.0,1.1,8.0,0.0,35857,44,8750,44,5.0,5.0,1.1,0.01,1.11,10.32,0.12,0.0,0.12,1.15,147.0,333.0,127.0,14.8,411.0,149.0,80.0,296.0,88.0,24.2,372.0,128.0,,,,34,,Axel,Disasi,Disasi,,,810,0,0,5,9,1,0,0,0,0,0,9,59,,,,0.0,0.56,1.0,1.0,6.56,9,50,20
825,a,,,4.0,719,65.0,0,0.0,0,0.0,0.0,803,91.0,0,0,0.0,620.0,86.0,0,0,0.0,464.0,76.0,0.0,0.0,0.0,217,5,48,0,0.0,0.0,0.0,0.0,0.0,0.0,0.0,0.0,0.0,0.0,0.0,610.0,86.0,0.0,603.0,75.0,0.0,573.0,61.0,0.0,612.0,86.0,,,,34,,Finlay,Herrick,Herrick,,,0,0,0,0,0,0,0,0,0,0,0,0,0,,,,0.0,0.0,0.0,0.0,0.0,0,0,0
627,i,0.0,0.0,4.4,526,25.0,0,0.0,-1,1.0,0.1,437,63.0,21,0,1.8,370.0,33.0,0,117,0.0,548.0,85.0,0.0,4.8,0.0,20913,2,26243,8,0.0,0.0,0.0,0.02,0.02,18.59,0.0,0.0,0.0,1.55,308.0,214.0,23.0,0.1,490.0,16.0,0.0,634.0,74.0,30.8,350.0,23.0,,,,34,,Sam,Johnstone,Johnstone,Shoulder injury - Expected back 24 May,,1080,0,0,0,24,1,0,0,0,0,39,12,71,,,,3.25,0.0,2.0,1.0,0.0,2,24,107
628,d,75.0,75.0,4.2,631,31.0,0,0.0,-3,3.0,1.2,183,22.0,57,0,2.9,205.0,23.0,6,255,0.3,296.0,22.0,0.1,13.6,0.0,121424,10,208163,194,-0.2,-0.2,0.0,0.03,0.03,31.75,0.0,0.0,0.0,1.59,432.8,133.0,19.0,10.0,429.0,9.0,0.0,603.0,68.0,44.6,298.0,19.0,,,,34,,José,Malheiro de Sá,José Sá,Shoulder injury - 75% chance of playing,,1800,0,0,4,34,0,0,0,2,0,53,20,40,,,,2.65,0.2,1.7,1.0,0.0,0,41,181
629,a,100.0,100.0,3.9,748,70.0,0,0.0,-1,1.0,0.5,273,35.0,2,0,2.0,338.0,31.0,0,5,0.7,239.0,17.0,0.2,0.5,0.0,23658,5,54170,15,0.2,0.2,0.0,0.0,0.0,2.82,0.0,0.0,0.0,2.82,27.6,444.0,33.0,0.0,523.0,25.0,0.0,491.0,11.0,2.8,466.0,33.0,,,,34,,Daniel,Bentley,Bentley,,,90,0,0,0,3,0,0,0,0,0,3,1,0,,,,3.0,0.0,3.0,1.0,0.0,0,2,5
631,u,0.0,0.0,4.2,643,150.0,0,0.0,-3,3.0,0.1,461,171.0,23,0,1.6,400.0,148.0,0,86,0.0,504.0,212.0,0.0,5.5,0.0,24605,0,63639,0,0.0,0.0,0.57,0.4,0.97,18.26,0.05,0.03,0.08,1.49,312.2,212.0,83.0,76.0,313.0,103.0,75.0,300.0,90.0,46.4,291.0,95.0,,,,34,,Emmanuel,Agbadou,Agbadou,has joined Besiktas permanently.,,1100,0,0,0,29,0,0,0,1,1,0,12,156,,,,0.0,0.0,2.37,0.98,10.23,32,93,65
632,a,100.0,100.0,4.4,524,101.0,0,0.0,-1,1.0,0.1,511,183.0,12,0,1.2,442.0,158.0,0,47,0.0,546.0,225.0,0.0,2.7,0.0,6833,3,21130,2,-0.5,-0.5,0.09,0.19,0.28,13.21,0.01,0.02,0.03,1.69,116.2,361.0,137.0,50.8,354.0,125.0,18.0,395.0,142.0,18.6,391.0,137.0,,,,34,,Matt,Doherty,Doherty,,,702,0,0,1,14,0,0,0,4,0,0,10,68,,,,0.0,0.13,1.79,1.28,7.31,13,44,27
633,a,100.0,100.0,4.3,598,137.0,0,0.0,-2,2.0,0.2,378,138.0,73,0,2.4,279.0,106.0,4,287,0.0,524.0,222.0,0.0,17.0,0.0,59950,10,47877,47,-0.5,-0.5,0.55,3.0,3.55,37.37,0.02,0.13,0.15,1.58,494.8,98.0,42.0,596.0,28.0,2.0,154.0,204.0,52.0,124.8,69.0,12.0,1.0,,,34,,Hugo,Bueno López,H.Bueno,,,2126,1,2,4,40,0,0,0,2,0,0,23,186,,,,0.0,0.17,1.69,0.97,6.52,58,96,107
634,a,100.0,0.0,4.3,604,138.0,0,0.0,-2,2.0,0.1,509,181.0,51,0,2.2,312.0,116.0,3,196,0.0,529.0,223.0,0.0,11.9,0.0,19470,0,19167,15,-0.5,0.0,1.65,0.53,2.18,31.57,0.08,0.03,0.11,1.6,355.0,185.0,76.0,136.5,243.0,63.0,219.0,140.0,27.0,71.1,204.0,70.0,,,,34,,Yerson,Mosquera Valdelamar,Mosquera,,,1777,0,0,4,34,2,0,0,11,0,0,20,188,,,,0.0,0.2,1.72,1.01,8.91,50,126,79
635,a,100.0,100.0,4.4,547,117.0,0,0.0,-1,1.0,0.1,525,188.0,36,0,2.1,326.0,121.0,0,74,0.3,306.0,97.0,0.1,8.2,0.0,14600,4,17247,21,-0.2,-0.2,1.8,0.31,2.11,10.75,0.25,0.04,0.29,1.49,171.6,311.0,120.0,65.8,330.0,110.0,188.0,169.0,39.0,42.6,304.0,102.0,,,,34,,Rodrigo,Martins Gomes,R.Gomes,,,651,3,0,0,15,0,0,0,0,0,0,6,50,,,,0.0,0.0,2.07,0.83,4.98,17,19,21
636,a,100.0,100.0,4.4,536,110.0,0,0.0,-1,1.0,0.1,430,160.0,75,0,3.1,186.0,76.0,2,264,1.0,211.0,73.0,0.2,17.0,0.0,37061,11,29810,20,0.5,0.5,1.67,1.06,2.73,37.95,0.07,0.05,0.12,1.62,491.4,100.0,44.0,99.9,287.0,88.0,170.0,188.0,45.0,76.0,178.0,60.0,,,,34,,Santiago,Ignacio Bueno,S.Bueno,,,2102,2,2,4,40,0,0,0,4,0,0,23,195,,,,0.0,0.17,1.71,0.98,7.66,47,132,55
637,a,100.0,100.0,4.2,642,149.0,0,0.0,-3,3.0,0.1,510,182.0,31,0,2.1,322.0,118.0,0,108,1.0,210.0,72.0,0.2,7.4,0.0,8493,4,20139,2,0.5,0.5,0.22,0.21,0.43,21.81,0.02,0.02,0.04,1.74,271.6,239.0,95.0,78.5,312.0,102.0,36.0,355.0,117.0,38.7,318.0,107.0,,,,34,,Toti,Gomes,Toti,,,1129,0,0,1,28,0,0,0,1,1,0,14,136,,,,0.0,0.08,2.23,1.12,9.09,18,96,43
638,u,0.0,0.0,3.8,802,243.0,0,0.0,-2,2.0,0.9,205,80.0,10,0,1.2,440.0,156.0,0,38,0.0,360.0,126.0,0.0,2.6,0.0,121813,0,269225,40,0.0,0.0,0.02,0.36,0.38,9.36,0.0,0.08,0.08,1.99,101.4,377.0,142.0,87.8,300.0,95.0,13.0,406.0,150.0,20.3,388.0,135.0,,,,34,,Ki-Jana,Hoever,Hoever,has joined Sheffield United on loan for the rest of the season.,,423,0,0,0,13,0,0,0,0,0,0,6,46,,,,0.0,0.0,2.77,1.28,8.51,13,27,16
639,u,0.0,0.0,4.0,721,191.0,0,0.0,0,0.0,0.0,768,260.0,0,0,0.0,622.0,231.0,0,0,0.0,466.0,181.0,0.0,0.0,0.0,0,0,896,0,0.0,0.0,0.0,0.0,0.0,0.0,0.0,0.0,0.0,0.0,0.0,612.0,231.0,0.0,605.0,231.0,0.0,575.0,228.0,0.0,614.0,231.0,,,,34,,Bastien,Meupiyou Menadjou,Meupiyou,On loan to FC Alverca,,0,0,0,0,0,0,0,0,0,0,0,0,0,,,,0.0,0.0,0.0,0.0,0.0,0,0,0
640,a,100.0,100.0,4.0,740,209.0,0,0.0,0,0.0,0.4,297,110.0,4,0,1.0,464.0,170.0,0,2,0.3,294.0,92.0,0.1,1.0,0.0,11012,5,90649,6,-0.2,-0.2,0.02,0.0,0.02,1.83,0.04,0.0,0.04,3.43,0.2,510.0,179.0,0.8,477.0,173.0,7.0,427.0,162.0,0.7,494.0,172.0,,,,34,,Pedro,Cardoso de Lima,Pedro Lima,,,48,0,0,0,2,0,0,0,0,0,0,0,1,,,,0.0,0.0,3.75,0.0,1.88,0,1,4
641,u,0.0,0.0,3.9,779,226.0,0,0.0,-1,1.0,0.9,198,76.0,0,0,0.0,568.0,205.0,0,0,0.0,401.0,147.0,0.0,0.0,0.0,85684,0,151876,26,0.0,0.0,0.0,0.0,0.0,0.0,0.0,0.0,0.0,0.0,0.0,557.0,204.0,0.0,546.0,204.0,0.0,514.0,199.0,0.0,559.0,204.0,,,,34,,Alfie,Pond,Pond,has joined Crewe Alexandra on loan for the rest of the season.,,0,0,0,0,0,0,0,0,0,0,0,0,0,,,,0.0,0.0,0.0,0.0,0.0,0,0,0
642,a,100.0,100.0,5.6,124,77.0,0,0.0,-4,4.0,0.1,460,157.0,46,0,2.1,335.0,145.0,0,130,0.7,270.0,128.0,0.1,8.2,0.0,51020,7,60921,9,0.2,0.2,2.14,0.93,3.07,19.3,0.16,0.07,0.23,1.47,133.4,341.0,154.0,155.6,217.0,138.0,149.0,212.0,116.0,43.1,303.0,150.0,,2.0,3.0,34,,Hwang,Hee-chan,Hee Chan,,,1178,2,1,2,24,0,0,0,3,0,0,15,71,,,,0.0,0.15,1.83,1.15,5.42,8,23,40
643,a,100.0,100.0,5.2,214,131.0,0,0.0,-3,3.0,0.1,452,154.0,85,0,2.8,223.0,89.0,4,415,2.7,107.0,38.0,0.5,16.3,0.0,25092,12,22757,37,2.2,2.2,0.45,0.84,1.29,41.52,0.02,0.03,0.05,1.62,372.4,174.0,65.0,262.2,147.0,98.0,38.0,352.0,181.0,67.2,216.0,105.0,,,,34,,André,Trindade da Costa Neto,André,,,2310,1,0,2,46,0,0,0,9,0,0,25,325,,,,0.0,0.08,1.79,0.97,12.66,71,80,174
644,a,100.0,100.0,5.1,231,140.0,0,0.0,-4,4.0,0.0,586,219.0,42,0,1.8,380.0,163.0,0,195,1.0,222.0,104.0,0.2,8.2,0.0,7274,2,12790,3,0.5,0.5,1.04,0.99,2.03,22.92,0.08,0.07,0.15,1.71,186.6,299.0,130.0,181.5,199.0,131.0,145.0,216.0,120.0,50.9,277.0,141.0,,4.0,,34,,Jean-Ricner,Bellegarde,Bellegarde,,,1205,1,1,3,29,0,0,0,5,0,0,15,101,,,,0.0,0.22,2.17,1.12,7.54,28,32,41
645,u,0.0,0.0,5.1,242,146.0,0,0.0,-4,4.0,0.0,662,263.0,12,0,1.3,438.0,196.0,0,38,0.0,762.0,331.0,0.0,2.4,0.0,1383,0,4977,0,0.0,0.0,0.16,0.61,0.77,3.98,0.06,0.24,0.3,1.57,29.0,440.0,195.0,61.0,339.0,183.0,37.0,354.0,183.0,12.4,415.0,190.0,,,,34,,Fer,López González,Fer López,has joined Celta Vigo on loan for the rest of the season.,,228,0,1,0,9,0,0,0,1,0,0,2,12,,,,0.0,0.0,3.55,0.79,4.74,1,1,10
646,a,100.0,100.0,5.3,194,122.0,0,0.0,-2,2.0,0.4,294,103.0,96,0,3.1,195.0,76.0,6,472,1.3,191.0,87.0,0.2,18.1,0.0,103340,25,73192,222,0.8,0.8,1.19,1.89,3.08,43.81,0.04,0.07,0.11,1.6,420.2,139.0,47.0,308.9,115.0,81.0,157.0,200.0,109.0,89.1,148.0,78.0,,3.0,,34,,João Victor,Gomes da Silva,J.Gomes,,,2471,1,2,4,50,0,0,0,9,0,0,28,338,,,,0.0,0.15,1.82,1.02,12.31,89,75,174
647,u,0.0,0.0,5.5,137,85.0,0,0.0,0,0.0,0.0,801,355.0,0,0,0.0,816.0,364.0,0,0,0.0,794.0,351.0,0.0,0.0,0.0,0,0,796,0,0.0,0.0,0.0,0.0,0.0,0.0,0.0,0.0,0.0,0.0,0.0,815.0,363.0,0.0,814.0,363.0,0.0,812.0,362.0,0.0,815.0,363.0,,,,34,,Gonçalo Manuel,Ganchinho Guedes,Guedes,Has joined Real Sociedad permanently.,,0,0,0,0,0,0,0,0,0,0,0,0,0,,,,0.0,0.0,0.0,0.0,0.0,0,0,0
648,u,0.0,0.0,5.3,192,121.0,0,0.0,-2,2.0,0.0,631,243.0,38,0,2.9,209.0,83.0,1,131,0.0,773.0,337.0,0.0,7.2,0.0,19177,0,23213,2,0.0,0.0,1.64,0.38,2.02,13.36,0.17,0.04,0.21,1.38,163.6,322.0,145.0,61.8,337.0,182.0,196.0,160.0,90.0,42.1,306.0,151.0,,,,34,,Marshall,Munetsi,Munetsi,has joined Paris FC on loan for the rest of the season.,,872,1,2,0,19,0,0,0,2,0,0,9,80,,,,0.0,0.0,1.96,0.93,8.26,21,39,20
649,u,0.0,0.0,5.0,263,160.0,0,0.0,0,0.0,0.0,821,365.0,0,0,0.0,796.0,350.0,0,0,0.0,744.0,316.0,0.0,0.0,0.0,0,0,162,0,0.0,0.0,0.0,0.0,0.0,0.0,0.0,0.0,0.0,0.0,0.0,795.0,349.0,0.0,793.0,349.0,0.0,788.0,347.0,0.0,795.0,349.0,,,,34,,Boubacar,Traoré,B.Traore,Has joined FC Metz on loan for the rest of the season.,,0,0,0,0,0,0,0,0,0,0,0,0,0,,,,0.0,0.0,0.0,0.0,0.0,0,0,0
650,u,0.0,0.0,4.3,601,355.0,0,0.0,-2,2.0,0.2,386,130.0,2,0,1.0,469.0,203.0,0,4,0.0,526.0,168.0,0.0,0.5,0.0,30885,0,49301,7,0.0,0.0,0.0,0.0,0.0,0.5,0.0,0.0,0.0,1.8,3.2,491.0,224.0,0.3,485.0,235.0,0.0,618.0,230.0,0.4,502.0,228.0,,,,34,,Tawanda,Chirewa,Chirewa,has joined Barnsley on loan for the rest of the season.,,25,0,0,0,0,0,0,0,0,0,0,0,4,,,,0.0,0.0,0.0,0.0,14.4,2,1,1
651,a,,,4.3,616,365.0,0,0.0,-2,2.0,0.4,293,102.0,7,0,3.5,117.0,53.0,0,24,0.3,303.0,145.0,0.1,1.6,0.0,68139,6,73703,23,-0.2,-0.2,0.23,0.0,0.23,0.2,1.88,0.0,1.88,1.64,34.4,433.0,190.0,0.4,483.0,233.0,23.0,382.0,192.0,5.8,449.0,201.0,,,,34,,Tom,Edozie,Edozie,,,11,1,0,0,0,0,0,0,0,0,0,0,1,,,,0.0,0.0,0.0,0.0,8.18,0,0,1
652,a,,,4.3,615,364.0,0,0.0,-2,2.0,1.2,179,62.0,0,0,0.0,664.0,253.0,0,0,0.0,539.0,176.0,0.0,0.0,0.0,201938,27,252776,54,-0.5,-0.5,0.0,0.0,0.0,0.0,0.0,0.0,0.0,0.0,0.0,654.0,243.0,0.0,650.0,248.0,0.0,627.0,237.0,0.0,656.0,245.0,,,,34,,Enso,González Medina,Gonzalez,,,0,0,0,0,0,0,0,0,0,0,0,0,0,,,,0.0,0.0,0.0,0.0,0.0,0,0,0
653,u,0.0,0.0,4.5,428,254.0,0,0.0,0,0.0,0.0,668,267.0,0,0,0.0,702.0,274.0,0,0,0.0,597.0,204.0,0.0,0.0,0.0,0,0,5800,0,0.0,0.0,0.0,0.0,0.0,0.0,0.0,0.0,0.0,0.0,0.0,696.0,268.0,0.0,691.0,271.0,0.0,673.0,263.0,0.0,698.0,270.0,,,,34,,Joe,Hodge,Hodge,Signed by CD Tondela,,0,0,0,0,0,0,0,0,0,0,0,0,0,,,,0.0,0.0,0.0,0.0,0.0,0,0,0
655,u,0.0,0.0,4.9,326,61.0,0,0.0,-1,1.0,0.2,405,61.0,0,0,0.0,786.0,86.0,0,0,0.0,723.0,77.0,0.0,0.0,0.0,7178,0,55480,1,0.0,0.0,0.0,0.0,0.0,0.0,0.0,0.0,0.0,0.0,0.0,785.0,86.0,0.0,781.0,85.0,0.0,777.0,85.0,0.0,785.0,86.0,,,,34,,Fábio,Soares Silva,Fábio Silva,has joined Borussia Dortmund permanently.,,0,0,0,0,0,0,0,0,0,0,0,0,0,,,,0.0,0.0,0.0,0.0,0.0,0,0,0
656,u,0.0,0.0,4.9,318,59.0,0,0.0,-1,1.0,0.0,593,81.0,1,0,1.0,496.0,59.0,0,1,0.0,718.0,76.0,0.0,0.2,0.0,1691,0,10177,3,0.0,0.0,0.0,0.01,0.01,0.1,0.0,0.06,0.06,0.64,1.0,506.0,61.0,4.3,450.0,58.0,2.0,455.0,61.0,0.7,496.0,61.0,,,,34,,Saša,Kalajdžić,Kalajdžić,has joined LASK on loan for the rest of the season.,,14,0,0,0,0,0,0,0,0,0,0,0,2,,,,0.0,0.0,0.0,0.0,12.86,0,1,1
657,a,100.0,100.0,4.4,567,81.0,0,0.0,-1,1.0,0.0,629,83.0,0,0,0.0,689.0,74.0,0,0,0.0,578.0,63.0,0.0,0.0,0.0,5834,2,7937,4,-0.5,-0.5,0.0,0.0,0.0,0.0,0.0,0.0,0.0,0.0,0.0,683.0,74.0,0.0,678.0,73.0,0.0,659.0,73.0,0.0,685.0,74.0,,,,34,,Leon,Chiwome,Chiwome,,,0,0,0,0,0,0,0,0,0,0,0,0,0,,,,0.0,0.0,0.0,0.0,0.0,0,0,0
658,a,,,4.2,645,89.0,0,0.0,-3,3.0,1.8,146,22.0,0,0,0.0,649.0,63.0,0,0,0.0,506.0,50.0,0.0,0.0,0.0,284573,30,380499,87,-0.5,-0.5,0.0,0.0,0.0,0.0,0.0,0.0,0.0,0.0,0.0,640.0,63.0,0.0,634.0,62.0,0.0,609.0,62.0,0.0,642.0,63.0,,,,34,,Nathan,Fraser,Fraser,,,0,0,0,0,0,0,0,0,0,0,0,0,0,,,,0.0,0.0,0.0,0.0,0.0,0,0,0
663,u,0.0,0.0,4.9,314,195.0,0,0.0,-6,6.0,0.1,450,153.0,45,0,2.0,345.0,148.0,2,175,0.0,715.0,294.0,0.0,9.2,0.0,20148,0,82465,2,0.0,0.0,3.38,0.62,4.0,16.0,0.27,0.05,0.32,1.29,171.0,313.0,138.0,204.0,180.0,119.0,148.0,213.0,117.0,52.1,271.0,138.0,,,,34,,Jhon,Arias,J.Arias,has joined Palmeiras permanently.,,1117,1,0,2,21,0,0,0,1,0,0,14,125,,,,0.0,0.16,1.69,1.13,10.07,43,24,58
682,a,,,4.2,640,147.0,0,0.0,-3,3.0,0.1,554,198.0,29,0,1.6,399.0,147.0,0,69,0.0,502.0,210.0,0.0,6.9,0.0,5029,1,9693,2,-0.5,-0.5,0.13,1.04,1.17,17.48,0.01,0.11,0.12,1.88,142.0,336.0,128.0,110.8,269.0,76.0,46.0,339.0,110.0,30.0,353.0,119.0,,,,34,,David,Møller Wolfe,Møller Wolfe,,,839,0,2,1,20,0,0,0,1,0,0,9,48,,,,0.0,0.11,2.15,0.97,4.61,9,34,20
695,a,,,4.4,554,119.0,0,0.0,-1,1.0,0.0,630,225.0,51,0,1.7,391.0,144.0,0,152,0.0,567.0,234.0,0.0,11.6,0.0,7181,3,6598,7,-0.5,-0.5,0.33,1.59,1.92,30.68,0.02,0.08,0.1,1.51,315.6,209.0,82.0,345.3,92.0,22.0,69.0,308.0,95.0,73.1,193.0,67.0,,,,34,,Jackson,Tchatchoua,Tchatchoua,,,1830,0,1,3,37,0,0,0,3,0,0,19,133,,,,0.0,0.15,1.82,0.93,5.31,29,79,62
709,d,50.0,50.0,4.5,431,89.0,0,0.0,0,0.0,0.1,550,196.0,60,0,2.3,298.0,110.0,0,204,0.3,308.0,99.0,0.1,13.3,0.0,26807,1,22768,21,-0.1,-0.1,2.17,1.44,3.61,38.14,0.09,0.06,0.15,1.56,502.0,94.0,40.0,132.6,248.0,65.0,267.0,108.0,14.0,90.5,142.0,46.0,,,,34,,Ladislav,Krejcí,Krejčí,Neck - 50% chance of playing,,2201,2,1,3,44,1,0,0,3,1,0,25,204,,,,0.0,0.12,1.8,1.02,7.4,28,153,72
720,a,,,5.2,212,49.0,0,0.0,-3,3.0,0.1,446,64.0,60,0,2.1,331.0,36.0,4,202,0.3,329.0,45.0,0.1,11.5,0.0,68219,14,55358,48,-0.2,-0.2,4.63,0.36,4.99,21.05,0.33,0.03,0.36,1.52,223.8,270.0,26.0,172.9,205.0,20.0,475.0,43.0,17.0,86.4,150.0,20.0,,,5.0,34,,Tolu,Arokodare,Tolu,,,1250,3,2,3,26,0,0,1,1,0,0,12,71,,,,0.0,0.22,1.87,0.86,5.11,6,41,24
749,a,,,4.3,624,87.0,0,0.0,-2,2.0,1.3,174,27.0,55,0,2.5,264.0,27.0,6,215,0.7,245.0,32.0,0.2,12.8,0.0,579497,169,424058,476,0.2,0.2,1.48,1.7,3.18,26.45,0.1,0.11,0.21,1.75,224.6,269.0,25.0,258.1,149.0,12.0,209.0,150.0,35.0,68.5,211.0,26.0,2.0,1.0,,34,,Mateus,Mané,Mané,,,1361,2,2,5,24,0,0,0,0,0,0,14,103,,,,0.0,0.33,1.59,0.93,6.81,20,28,55
766,a,,,4.0,731,200.0,0,0.0,0,0.0,0.0,636,227.0,0,0,0.0,632.0,240.0,0,0,0.0,476.0,190.0,0.0,0.0,0.0,4164,5,2356,4,-0.5,-0.5,0.0,0.0,0.0,0.0,0.0,0.0,0.0,0.0,0.0,622.0,240.0,0.0,615.0,240.0,0.0,585.0,237.0,0.0,624.0,240.0,,,,34,,Saheed,Olagunju,Olagunju,,,0,0,0,0,0,0,0,0,0,0,0,0,0,,,,0.0,0.0,0.0,0.0,0.0,0,0,0
767,a,,,4.5,498,307.0,0,0.0,0,0.0,0.0,765,325.0,0,0,0.0,750.0,315.0,0,0,0.0,659.0,254.0,0.0,0.0,0.0,1268,1,847,0,-0.5,-0.5,0.0,0.0,0.0,0.0,0.0,0.0,0.0,0.0,0.0,748.0,313.0,0.0,741.0,313.0,0.0,728.0,309.0,0.0,748.0,313.0,,,,34,,Luke,Rawlings,Rawlings,,,0,0,0,0,0,0,0,0,0,0,0,0,0,,,,0.0,0.0,0.0,0.0,0.0,0,0,0
777,u,0.0,0.0,4.5,455,272.0,0,0.0,0,0.0,0.0,812,359.0,0,0,0.0,718.0,289.0,0,0,0.0,619.0,221.0,0.0,0.0,0.0,415,0,365,0,0.0,0.0,0.0,0.0,0.0,0.0,0.0,0.0,0.0,0.0,0.0,713.0,284.0,0.0,708.0,286.0,0.0,692.0,279.0,0.0,714.0,285.0,,,,34,,Temple,Ojinnaka,Ojinnaka,has joined Shrewsbury Town on loan for the rest of the season.,,0,0,0,0,0,0,0,0,0,0,0,0,0,,,,0.0,0.0,0.0,0.0,0.0,0,0,0
778,a,,,4.5,490,301.0,0,0.0,0,0.0,0.0,754,321.0,0,0,0.0,743.0,310.0,0,0,0.0,651.0,248.0,0.0,0.0,0.0,1561,4,996,3,-0.5,-0.5,0.0,0.0,0.0,0.0,0.0,0.0,0.0,0.0,0.0,741.0,308.0,0.0,734.0,308.0,0.0,721.0,304.0,0.0,741.0,308.0,,,,34,,Ethan,Sutherland,Sutherland,,,0,0,0,0,0,0,0,0,0,0,0,0,0,,,,0.0,0.0,0.0,0.0,0.0,0,0,0
809,a,,,4.5,520,324.0,0,0.0,0,0.0,0.0,738,309.0,0,0,0.0,766.0,328.0,0,0,0.0,679.0,270.0,0.0,0.0,0.0,1884,6,825,4,-0.5,-0.5,0.0,0.0,0.0,0.0,0.0,0.0,0.0,0.0,0.0,765.0,327.0,0.0,758.0,327.0,0.0,746.0,324.0,0.0,765.0,327.0,,,,34,,Jerome,Abbey,Abbey,,,0,0,0,0,0,0,0,0,0,0,0,0,0,,,,0.0,0.0,0.0,0.0,0.0,0,0,0
816,d,75.0,75.0,4.6,398,247.0,-1,1.0,-4,4.0,0.0,736,307.0,12,0,1.3,434.0,192.0,0,62,1.0,212.0,96.0,0.2,2.6,0.0,4811,0,3659,7,0.4,0.4,0.21,0.24,0.45,11.49,0.05,0.06,0.11,2.73,42.4,426.0,185.0,66.9,326.0,178.0,23.0,383.0,193.0,13.2,409.0,186.0,,,,34,,Angel,Gomes,Angel,Foot injury - 75% chance of playing,,379,0,0,1,7,0,0,0,1,0,0,6,27,,,,0.0,0.24,1.66,1.42,6.41,8,5,14
817,a,,,5.2,203,46.0,0,0.0,-3,3.0,0.1,530,74.0,24,0,2.7,237.0,24.0,0,90,1.3,186.0,23.0,0.2,4.6,0.0,23873,14,14435,41,0.8,0.8,0.97,0.68,1.65,17.7,0.12,0.08,0.2,2.19,92.0,384.0,43.0,70.1,322.0,38.0,78.0,298.0,51.0,23.9,374.0,47.0,,,,34,,Adam,Armstrong,Armstrong,,,727,1,2,3,13,0,0,0,3,0,0,9,25,,,,0.0,0.37,1.61,1.11,3.09,3,11,11
828,a,,,4.0,696,57.0,0,0.0,0,0.0,0.0,806,93.0,0,0,0.0,604.0,79.0,0,0,0.0,443.0,68.0,0.0,0.0,0.0,312,2,16,0,-0.5,-0.5,0.0,0.0,0.0,0.0,0.0,0.0,0.0,0.0,0.0,593.0,79.0,0.0,585.0,67.0,0.0,554.0,53.0,0.0,595.0,79.0,,,,34,,Alfie,Brooks,Brooks,,,0,0,0,0,0,0,0,0,0,0,0,0,0,,,,0.0,0.0,0.0,0.0,0.0,0,0,0
