player_id,gameweek,position,team_code,points_roll3,points_roll5,xg_roll3,xg_roll5,xa_roll3,xa_roll5,bps_roll3,bps_roll5,ict_roll3,ict_roll5,minutes_roll3,minutes_roll5,defcon_roll3,defcon_roll5,points_std5,team_xg_for_roll5,team_xg_against_roll5,team_elo,opp_xg_against_roll5,opp_elo,has_double_gw,ppm_roll5,start_rate_roll5,gkp_saves_roll3,def_clean_sheet_roll5,def_attacking_return_rate,mid_creativity_roll3,mid_threat_roll3,mid_shots_on_target_roll3,mid_touches_box_roll3,fwd_xg_roll3,fwd_shots_on_target_roll3,fwd_touches_box_roll3,is_penalty_taker,is_corner_freekick_taker,is_direct_freekick_taker
1,10,GKP,3,6,4.4,0,0,0.00333333,0.006,22,18,0.766667,1.2,90,90,9.66667,9.6,2.19089,1.698,0.572,2032.83,1.84,1734.8,False,0.758621,1,0.333333,,,,,,,,,,0,0,0
2,10,GKP,3,0,0,,,,,0,0,0,0,0,0,0,0,0,1.698,0.572,2032.83,1.84,1734.8,False,0,0,0,,,,,,,,,,0,0,0
3,10,GKP,3,0,0,,,,,0,0,0,0,0,0,0,0,0,1.698,0.572,2032.83,1.84,1734.8,False,0,0,0,,,,,,,,,,0,0,0
4,10,GKP,3,0,0,,,,,0,0,0,0,0,0,0,0,0,1.698,0.572,2032.83,1.84,1734.8,False,0,0,0,,,,,,,,,,0,0,0
5,10,DEF,3,10,9,0.113333,0.112,0.0533333,0.038,32.6667,29,4.53333,5.4,90,90,10.3333,12.2,4.30116,1.698,0.572,2032.83,1.84,1734.8,False,1.36364,1,,0.6,0.4,,,,,,,,0,0,0
6,10,DEF,3,4.33333,3.2,0,0.02,0.0866667,0.07,22,17.8,2.03333,2.18,75,72,7.66667,8.4,2.58844,1.698,0.572,2032.83,1.84,1734.8,False,0.533333,0.8,,0.4,0,,,,,,,,0,0,0
7,10,DEF,3,6,4.2,0.0866667,0.098,0.02,0.03,26,17,2.43333,2.64,81.6667,80.8,9.66667,9.2,2.48998,1.698,0.572,2032.83,1.84,1734.8,False,0.724138,1,,0.6,0,,,,,,,,0,0,0
8,10,DEF,3,7.66667,5.2,0.0533333,0.138,0.0666667,0.11,31.6667,24.2,5.06667,5.58,90,87.8,9.66667,10,3.96232,1.698,0.572,2032.83,1.84,1734.8,False,0.852459,1,,0.6,0.2,,,,,,,,0,0,0
9,10,DEF,3,0,0,,,,,0,0,0,0,0,0,0,0,0,1.698,0.572,2032.83,1.84,1734.8,False,0,0,,0,0,,,,,,,,0,0,0
10,10,DEF,3,0.666667,0.6,0,0,0,0,1.66667,1.4,0.233333,0.18,5.66667,3.8,1.33333,1,0.547723,1.698,0.572,2032.83,1.84,1734.8,False,0.115385,0,,0,0,,,,,,,,0,0,0
11,10,DEF,3,0,0,,,,,0,0,0,0,0,0,0,0,0,1.698,0.572,2032.83,1.84,1734.8,False,0,0,,0,0,,,,,,,,0,0,0
12,10,DEF,17,0.333333,1,0,0.0133333,0.13,0.1,4.66667,9.2,1.1,2.6,24.3333,50.6,3.66667,6.6,1,1.16,1.642,1753.99,1.406,1828.63,False,0.204082,0.6,,0,0,,,,,,,,0,0,0
13,10,DEF,3,0,0,,,,,0,0,0,0,0,0,0,0,0,1.698,0.572,2032.83,1.84,1734.8,False,0,0,,0,0,,,,,,,,0,0,0
14,10,DEF,3,0,0,,,,,0,0,0,0,0,0,0,0,0,1.698,0.572,2032.83,1.84,1734.8,False,0,0,,0,0,,,,,,,,0,0,0
15,10,DEF,3,0,0,,,,,0,0,0,0,0,0,0,0,0,1.698,0.572,2032.83,1.84,1734.8,False,0,0,,0,0,,,,,,,,0,0,0
16,10,MID,3,6,4.2,0.31,0.21,0.556667,0.378,19.3333,15,8.43333,6.88,81.6667,71.8,8.66667,6.8,3.11448,1.698,0.572,2032.83,1.84,1734.8,False,0.415842,0.8,,,,35.2667,26,0.666667,6.33333,,,,0,0,0
17,10,MID,3,0.333333,1,0,0,0.21,0.23,1.33333,4,0.666667,1.1,9.66667,7.4,0.333333,0.4,1.73205,1.698,0.572,2032.83,1.84,1734.8,False,0.128205,0.2,,,,5.5,0,0,0,,,,0,0,0
18,10,MID,3,0,0.2,,0.15,,0.01,0,-0.4,0,0.62,0,9,0,0.4,0.447214,1.698,0.572,2032.83,1.84,1734.8,False,0.0294118,0.2,,,,0,0,,,,,,0,0,0
19,10,MID,3,1,2.2,0.173333,0.154,0.02,0.014,2.66667,7,2.2,2.46,14.6667,14.8,1.66667,1.6,2.68328,1.698,0.572,2032.83,1.84,1734.8,False,0.318841,0,,,,4.93333,15,0.333333,2,,,,0,0,0
20,10,MID,3,5.33333,4,0.313333,0.274,0.07,0.076,16,13.2,7.06667,5.44,81.3333,82.8,5.66667,4.6,3.39116,1.698,0.572,2032.83,1.84,1734.8,False,0.57971,1,,,,18.1333,36.3333,0.666667,7,,,,0,0,0
21,10,MID,3,7,6.6,0.186667,0.112,0.203333,0.194,27.3333,27.4,7.86667,7.94,83,85.8,6.33333,8,3.57771,1.698,0.572,2032.83,1.84,1734.8,False,0.970588,1,,,,33.5667,17.6667,0.666667,3.33333,,,,0,0,0
22,10,MID,3,1,2,0.0533333,0.042,0.00333333,0.008,3,7.6,0.9,2.14,15.6667,22.4,2.33333,3.4,2.23607,1.698,0.572,2032.83,1.84,1734.8,False,0.338983,0.2,,,,1.7,5.33333,0,1.33333,,,,0,0,0
23,10,MID,3,0,0,,,,,0,0,0,0,0,0,0,0,0,1.698,0.572,2032.83,1.84,1734.8,False,0,0,,,,0,0,,,,,,0,0,0
24,10,MID,3,0.333333,0.2,0,0,0,0,1,0.6,0.0333333,0.02,0.333333,0.2,0.666667,0.4,0.447214,1.698,0.572,2032.83,1.84,1734.8,False,0.0384615,0,,,,0,0,0,0,,,,0,0,0
25,10,MID,3,0.333333,0.4,0.02,0.01,0.04,0.02,0.333333,0.8,0.0333333,0.04,5,4.2,0,0.2,0.547723,1.698,0.572,2032.83,1.84,1734.8,False,0.0769231,0,,,,0.366667,0.333333,0,0,,,,0,0,0
26,10,MID,3,3.66667,3,0,0.012,0.0833333,0.162,15.6667,16.8,3.46667,3.88,80,82.2,10.3333,9,1.22474,1.698,0.572,2032.83,1.84,1734.8,False,0.545455,0.8,,,,16.5,0.666667,0,0.333333,,,,0,0,0
27,10,MID,94,0,0,,,,,0,0,0,0,0,0,0,0,0,1.688,1.318,1821.6,1.556,1842.23,False,0,0,,,,0,0,,,,,,0,0,0
28,10,MID,3,0,0,,,,,0,0,0,0,0,0,0,0,0,1.698,0.572,2032.83,1.84,1734.8,False,0,0,,,,0,0,,,,,,0,0,0
29,10,MID,3,0,0,,,,,0,0,0,0,0,0,0,0,0,1.698,0.572,2032.83,1.84,1734.8,False,0,0,,,,0,0,,,,,,0,0,0
30,10,FWD,3,0,0,,,,,0,0,0,0,0,0,0,0,0,1.698,0.572,2032.83,1.84,1734.8,False,0,0,,,,,,,,,,,0,0,0
31,10,FWD,3,0,0,,,,,0,0,0,0,0,0,0,0,0,1.698,0.572,2032.83,1.84,1734.8,False,0,0,,,,,,,,,,,0,0,0
32,10,GKP,7,3.66667,3.4,0,0,0,0.004,17,15.2,1.8,1.98,90,90,11.3333,10.6,2.70185,0.836,0.858,1873.86,1.742,1974.46,False,0.68,1,2,,,,,,,,,,0,0,0
33,10,GKP,7,0,0,,,,,0,0,0,0,0,0,0,0,0,0.836,0.858,1873.86,1.742,1974.46,False,0,0,0,,,,,,,,,,0,0,0
34,10,GKP,7,0,0,,,,,0,0,0,0,0,0,0,0,0,0.836,0.858,1873.86,1.742,1974.46,False,0,0,0,,,,,,,,,,0,0,0
35,10,GKP,7,0,0,,,,,0,0,0,0,0,0,0,0,0,0.836,0.858,1873.86,1.742,1974.46,False,0,0,0,,,,,,,,,,0,0,0
36,10,DEF,7,6.33333,6.2,0.0333333,0.032,0.04,0.036,22,20.6,4.4,4.32,87.6667,88.6,6.66667,8.8,6.01664,0.836,0.858,1873.86,1.742,1974.46,False,1.34783,1,,0.2,0.4,,,,,,,,0,0,0
37,10,DEF,7,4,3.6,0.0633333,0.048,0.2,0.194,20,17.4,6.8,5.3,85.3333,80.6,7,5.8,2.40832,0.836,0.858,1873.86,1.742,1974.46,False,0.8,1,,0.2,0.4,,,,,,,,0,0,0
38,10,DEF,7,4,3.2,0.0133333,0.008,0.00666667,0.008,18.3333,17.2,3.1,2.9,90,90,10.3333,9.8,2.68328,0.836,0.858,1873.86,1.742,1974.46,False,0.727273,1,,0.2,0,,,,,,,,0,0,0
39,10,DEF,7,1,0.6,0.0133333,0.01,0,0.005,5.66667,3,0.7,0.72,4.33333,9,2.33333,2.4,0.547723,0.836,0.858,1873.86,1.742,1974.46,False,0.139535,0,,0,0,,,,,,,,0,0,0
40,10,DEF,7,0,1,,0,,0.015,0,3,0,1.28,0,24.2,0,3.2,1.73205,0.836,0.858,1873.86,1.742,1974.46,False,0.227273,0.4,,0,0,,,,,,,,0,0,0
41,10,DEF,7,4.66667,3,0.01,0.0075,0.01,0.01,21.6667,15.6,2.36667,1.68,90,65.6,11.6667,9.4,3.16228,0.836,0.858,1873.86,1.742,1974.46,False,0.697674,0.6,,0.2,0,,,,,,,,0,0,0
42,10,DEF,7,0,0,,,,,0,0,0,0,0,0,0,0,0,0.836,0.858,1873.86,1.742,1974.46,False,0,0,,0,0,,,,,,,,0,0,0
43,10,DEF,7,0,0,,,,,0,0,0,0,0,0,0,0,0,0.836,0.858,1873.86,1.742,1974.46,False,0,0,,0,0,,,,,,,,0,0,0
44,10,DEF,7,0.666667,1,0,0,0.01,0.01,2.66667,2.4,0.533333,0.74,29.6667,35.6,0.666667,1.4,1,0.836,0.858,1873.86,1.742,1974.46,False,0.25,0.4,,0,0,,,,,,,,0,0,0
45,10,DEF,7,0,0,,,,,0,0,0,0,0,0,0,0,0,0.836,0.858,1873.86,1.742,1974.46,False,0,0,,0,0,,,,,,,,0,0,0
46,10,DEF,7,0,0,,,,,0,0,0,0,0,0,0,0,0,0.836,0.858,1873.86,1.742,1974.46,False,0,0,,0,0,,,,,,,,0,0,0
47,10,MID,7,5,4.4,0.0933333,0.056,0.0533333,0.1,20,17,5.2,5.18,90,88.2,7.33333,6,1.94936,0.836,0.858,1873.86,1.742,1974.46,False,0.647059,1,,,,9.86667,16,1,2.66667,,,,0,0,0
48,10,MID,7,0,0,,,,,0,0,0,0,0,0,0,0,0,0.836,0.858,1873.86,1.742,1974.46,False,0,0,,,,0,0,,,,,,0,0,0
49,10,MID,7,0,0,,,,,0,0,0,0,0,0,0,0,0,0.836,0.858,1873.86,1.742,1974.46,False,0,0,,,,0,0,,,,,,0,0,0
50,10,MID,7,3.66667,4.8,0.02,0.082,0.0433333,0.058,13.6667,14.8,2.76667,4,30,38.4,3.66667,4.4,4.86826,0.836,0.858,1873.86,1.742,1974.46,False,0.90566,0.4,,,,4.4,4.33333,0.333333,0.666667,,,,0,0,0
51,10,MID,7,0,0,,,,,0,0,0,0,0,0,0,0,0,0.836,0.858,1873.86,1.742,1974.46,False,0,0,,,,0,0,,,,,,0,0,0
52,10,MID,4,0.333333,0.2,0,0,0.01,0.01,1,0.6,0.566667,0.34,6.66667,4,1,0.6,0.447214,1.558,1.048,1884.94,1.934,1710.39,False,0.0377358,0,,,,4.1,0,0,0,,,,0,0,0
53,10,MID,7,6,4,0.136667,0.116,0.0133333,0.016,17.6667,11.8,4.76667,3.48,49,34.2,1.33333,1.2,6.16441,0.836,0.858,1873.86,1.742,1974.46,False,0.784314,0.4,,,,7.5,17,0.666667,2.33333,,,,0,0,0
54,10,MID,7,2.66667,3.2,0.116667,0.172,0.0833333,0.122,8.66667,13.2,2.33333,3.44,76.3333,78,4.66667,5.6,1.64317,0.836,0.858,1873.86,1.742,1974.46,False,0.592593,1,,,,14.0667,4,0,0.666667,,,,0,0,0
55,10,MID,7,1,0.6,0.04,0.04,0,0,2.66667,1.6,0.666667,0.4,10,6,2,1.2,0.547723,0.836,0.858,1873.86,1.742,1974.46,False,0.125,0,,,,1.56667,2.33333,0,0.333333,,,,0,0,0
56,10,MID,7,0,0,,,,,0,0,0,0,0,0,0,0,0,0.836,0.858,1873.86,1.742,1974.46,False,0,0,,,,0,0,,,,,,0,0,0
57,10,MID,7,0,0,,,,,0,0,0,0,0,0,0,0,0,0.836,0.858,1873.86,1.742,1974.46,False,0,0,,,,0,0,,,,,,0,0,0
58,10,MID,7,3,3.2,0.00666667,0.004,0.0833333,0.068,17.6667,17.2,3.86667,3.82,90,73.8,10,8.8,2.16795,0.836,0.858,1873.86,1.742,1974.46,False,0.653061,0.8,,,,16.5333,1.66667,0,0.333333,,,,0,0,0
59,10,MID,7,2.66667,1.6,0,0,0.01,0.01,12,7.2,2.06667,1.24,57.3333,34.4,8.33333,5,1.81659,0.836,0.858,1873.86,1.742,1974.46,False,0.333333,0.4,,,,3.4,0,0,0,,,,0,0,0
60,10,MID,7,0,0,,,,,0,0,0,0,0,0,0,0,0,0.836,0.858,1873.86,1.742,1974.46,False,0,0,,,,0,0,,,,,,0,0,0
61,10,MID,7,0,0,,,,,0,0,0,0,0,0,0,0,0,0.836,0.858,1873.86,1.742,1974.46,False,0,0,,,,0,0,,,,,,0,0,0
62,10,MID,7,0,0,,,,,0,0,0,0,0,0,0,0,0,0.836,0.858,1873.86,1.742,1974.46,False,0,0,,,,0,0,,,,,,0,0,0
63,10,MID,7,0,0,,,,,0,0,0,0,0,0,0,0,0,0.836,0.858,1873.86,1.742,1974.46,False,0,0,,,,0,0,,,,,,0,0,0
64,10,FWD,7,1.66667,3,0.116667,0.128,0.0333333,0.024,2.33333,8.2,2.3,2.92,60,72,2.66667,2.6,2.82843,0.836,0.858,1873.86,1.742,1974.46,False,0.352941,0.8,,,,,,,,0.116667,0,5.33333,0,0,0
65,10,FWD,7,0,0,,,,,0,0,0,0,0,0,0,0,0,0.836,0.858,1873.86,1.742,1974.46,False,0,0,,,,,,,,,,,0,0,0
66,10,GKP,91,0,0,,,,,0,0,0,0,0,0,0,0,0,1.002,1.534,1847.42,0.724,1969.44,False,0,0,0,,,,,,,,,,0,0,0
67,10,GKP,91,4.33333,4.4,0,0,0,0,17.6667,18.6,2.7,2.76,90,90,11.6667,10.2,2.50998,1.002,1.534,1847.42,0.724,1969.44,False,0.977778,1,3.66667,,,,,,,,,,0,0,0
68,10,GKP,91,0,0,,,,,0,0,0,0,0,0,0,0,0,1.002,1.534,1847.42,0.724,1969.44,False,0,0,0,,,,,,,,,,0,0,0
69,10,GKP,91,0,0,,,,,0,0,0,0,0,0,0,0,0,1.002,1.534,1847.42,0.724,1969.44,False,0,0,0,,,,,,,,,,0,0,0
70,10,GKP,91,0,0,,,,,0,0,0,0,0,0,0,0,0,1.002,1.534,1847.42,0.724,1969.44,False,0,0,0,,,,,,,,,,0,0,0
71,10,DEF,91,0,0,,,,,0,0,0,0,0,0,0,0,0,1.002,1.534,1847.42,0.724,1969.44,False,0,0,,0,0,,,,,,,,0,0,0
72,10,DEF,91,3,5,0.00666667,0.004,0.25,0.2,11.6667,17.8,3.53333,4.5,85.6667,87.4,13.6667,14.6,3.08221,1.002,1.534,1847.42,0.724,1969.44,False,1,1,,0.4,0.2,,,,,,,,0,0,0
73,10,DEF,91,0,0,,,,,0,0,0,0,0,0,0,0,0,1.002,1.534,1847.42,0.724,1969.44,False,0,0,,0,0,,,,,,,,0,0,0
74,10,DEF,91,5.33333,5.6,0.0166667,0.01,0.0333333,0.026,18.6667,20,3.56667,3.22,90,90,12,14.2,3.84708,1.002,1.534,1847.42,0.724,1969.44,False,1.24444,1,,0.4,0.2,,,,,,,,0,0,0
75,10,DEF,91,0,0,,,,,0,0,0,0,0,0,0,0,0,1.002,1.534,1847.42,0.724,1969.44,False,0,0,,0,0,,,,,,,,0,0,0
76,10,DEF,91,0,0,,,,,0,0,0,0,0,0,0,0,0,1.002,1.534,1847.42,0.724,1969.44,False,0,0,,0,0,,,,,,,,0,0,0
77,10,DEF,91,2.33333,1.6,0,0,0.08,0.0533333,10,6.8,0.733333,0.64,25,24,4.66667,3.6,2.50998,1.002,1.534,1847.42,0.724,1969.44,False,0.4,0.2,,0.2,0,,,,,,,,0,0,0
78,10,DEF,91,0,0,,,,,0,0,0,0,0,0,0,0,0,1.002,1.534,1847.42,0.724,1969.44,False,0,0,,0,0,,,,,,,,0,0,0
79,10,DEF,91,0,0,,,,,0,0,0,0,0,0,0,0,0,1.002,1.534,1847.42,0.724,1969.44,False,0,0,,0,0,,,,,,,,0,0,0
80,10,DEF,91,0,0,,,,,0,0,0,0,0,0,0,0,0,1.002,1.534,1847.42,0.724,1969.44,False,0,0,,0,0,,,,,,,,0,0,0
81,10,MID,91,3.66667,2.6,0.0366667,0.044,0.1,0.07,12,9.2,3.9,3.12,57.3333,51.6,4.66667,3.4,2.50998,1.002,1.534,1847.42,0.724,1969.44,False,0.371429,0.6,,,,16.4,6.66667,0.333333,1.66667,,,,0,0,0
82,10,MID,91,8.33333,7.4,0.273333,0.218,0.0433333,0.046,28,23,8.26667,6.86,90,90,7.33333,8.6,6.10737,1.002,1.534,1847.42,0.724,1969.44,False,0.91358,1,,,,10.8667,35.6667,1.66667,5,,,,0,0,0
83,10,MID,94,4.66667,3.4,0.35,0.318,0.0266667,0.068,10.6667,7.2,6.33333,4.82,62.3333,57.2,5,3.6,4.39318,1.688,1.318,1821.6,1.556,1842.23,False,0.566667,0.6,,,,12.0667,39.3333,0.666667,5.33333,,,,0,0,0
84,10,MID,91,6.33333,4.6,0.03,0.03,0.246667,0.158,17.6667,12,6.7,5.04,80,68.8,5,5.2,3.84708,1.002,1.534,1847.42,0.724,1969.44,False,0.836364,0.8,,,,31.0667,12,0.666667,3,,,,0,0,0
85,10,MID,91,3.66667,3.2,0.01,0.018,0.0133333,0.014,16,17.2,2.9,2.86,85.6667,85.4,12.6667,11.8,1.64317,1.002,1.534,1847.42,0.724,1969.44,False,0.64,1,,,,6.63333,2.66667,0.333333,0,,,,0,0,0
86,10,MID,91,0.666667,1.2,0.04,0.0425,0.055,0.05,2.66667,4.2,0.7,1.48,35,39.4,1.66667,2.8,1.30384,1.002,1.534,1847.42,0.724,1969.44,False,0.24,0.4,,,,2.6,3.66667,0,2.5,,,,0,0,0
87,10,MID,91,2.33333,2.4,0.21,0.144,0,0.008,8.33333,7.2,2.8,2.12,15,26.2,2.33333,3.4,1.94936,1.002,1.534,1847.42,0.724,1969.44,False,0.48,0.2,,,,1.63333,12.3333,0.333333,1,,,,0,0,0
88,10,MID,91,0.666667,0.4,0,0,0,0,2.66667,1.6,0.133333,0.08,0.666667,0.4,1,0.6,0.547723,1.002,1.534,1847.42,0.724,1969.44,False,0.0816327,0,,,,0.1,0,0,0,,,,0,0,0
89,10,MID,91,0,0,,,,,0,0,0,0,0,0,0,0,0,1.002,1.534,1847.42,0.724,1969.44,False,0,0,,,,0,0,,,,,,0,0,0
90,10,MID,91,3,2.6,0.0966667,0.066,0.03,0.028,14,11.4,2.63333,2.12,78.3333,65.4,10.6667,8.6,1.14018,1.002,1.534,1847.42,0.724,1969.44,False,0.52,0.8,,,,7.63333,7,0.333333,0.666667,,,,0,0,0
91,10,MID,91,0,0,,,,,0,0,0,0,0,0,0,0,0,1.002,1.534,1847.42,0.724,1969.44,False,0,0,,,,0,0,,,,,,0,0,0
92,10,MID,91,0,0,,,,,0,0,0,0,0,0,0,0,0,1.002,1.534,1847.42,0.724,1969.44,False,0,0,,,,0,0,,,,,,0,0,0
93,10,MID,91,0,0,,,,,0,0,0,0,0,0,0,0,0,1.002,1.534,1847.42,0.724,1969.44,False,0,0,,,,0,0,,,,,,0,0,0
94,10,MID,91,0,0,,,,,0,0,0,0,0,0,0,0,0,1.002,1.534,1847.42,0.724,1969.44,False,0,0,,,,0,0,,,,,,0,0,0
95,10,MID,91,0,0,,,,,0,0,0,0,0,0,0,0,0,1.002,1.534,1847.42,0.724,1969.44,False,0,0,,,,0,0,,,,,,0,0,0
96,10,MID,91,0,0,,,,,0,0,0,0,0,0,0,0,0,1.002,1.534,1847.42,0.724,1969.44,False,0,0,,,,0,0,,,,,,0,0,0
97,10,FWD,91,0.666667,1.2,0.27,0.123333,0.04,0.06,3.33333,4.8,1.6,1.9,30,54,1.33333,2.4,1.09545,1.002,1.534,1847.42,0.724,1969.44,False,0.171429,0.6,,,,,,,,0.27,1,6,0,0,0
98,10,FWD,91,0.333333,0.2,0,0,0,0,1,0.6,0,0,0.333333,0.2,0,0,0.447214,1.002,1.534,1847.42,0.724,1969.44,False,0.037037,0,,,,,,,,0,0,0,0,0,0
99,10,FWD,91,0,0,,,,,0,0,0,0,0,0,0,0,0,1.002,1.534,1847.42,0.724,1969.44,False,0,0,,,,,,,,,,,0,0,0
100,10,FWD,91,6,4.8,0.665,0.52,0.035,0.0233333,29.6667,23.4,6.33333,5.28,47.3333,30.2,3,2,5.01996,1.002,1.534,1847.42,0.724,1969.44,False,1.04348,0.4,,,,,,,,0.665,1.5,3.5,0,0,0
101,10,GKP,94,3.66667,4,0,0,0,0,16.3333,15,1.7,2.7,90,90,8.33333,7.8,2.91548,1.688,1.318,1821.6,1.556,1842.23,False,0.888889,1,2.33333,,,,,,,,,,0,0,0
102,10,GKP,94,0,0,,,,,0,0,0,0,0,0,0,0,0,1.688,1.318,1821.6,1.556,1842.23,False,0,0,0,,,,,,,,,,0,0,0
103,10,GKP,94,0,0,,,,,0,0,0,0,0,0,0,0,0,1.688,1.318,1821.6,1.556,1842.23,False,0,0,0,,,,,,,,,,0,0,0
104,10,GKP,94,0,0,,,,,0,0,0,0,0,0,0,0,0,1.688,1.318,1821.6,1.556,1842.23,False,0,0,0,,,,,,,,,,0,0,0
105,10,GKP,94,0,0,,,,,0,0,0,0,0,0,0,0,0,1.688,1.318,1821.6,1.556,1842.23,False,0,0,0,,,,,,,,,,0,0,0
106,10,DEF,94,4.66667,3,0.0466667,0.058,0.00333333,0.068,16,10.2,3.6,4.34,90,90,13,12.2,3.53553,1.688,1.318,1821.6,1.556,1842.23,False,0.612245,1,,0.2,0,,,,,,,,0,0,0
107,10,DEF,94,1.33333,1.2,0.025,0.0125,0.135,0.07,5,3.6,2.36667,1.68,8.33333,21,1,1.6,1.64317,1.688,1.318,1821.6,1.556,1842.23,False,0.244898,0.2,,0,0.2,,,,,,,,0,0,0
108,10,DEF,94,4,2.6,0.0966667,0.085,0.0233333,0.0175,15,9.8,2.4,1.6,90,57.2,9.33333,6.2,2.40832,1.688,1.318,1821.6,1.556,1842.23,False,0.590909,0.6,,0.2,0.2,,,,,,,,0,0,0
109,10,DEF,94,0.333333,0.6,0,0,0,0,1,1.8,0,0.14,0.333333,8,0,1.6,0.547723,1.688,1.318,1821.6,1.556,1842.23,False,0.136364,0,,0,0,,,,,,,,0,0,0
110,10,DEF,94,4,3,0.03,0.018,0.306667,0.198,18.3333,13.2,6.8,5.2,90,90,10.6667,9.8,3.39116,1.688,1.318,1821.6,1.556,1842.23,False,0.666667,1,,0.2,0,,,,,,,,0,0,0
111,10,DEF,94,0,-0.2,,0,,0,0,-0.8,0,0.32,0,14.6,0,2,0.447214,1.688,1.318,1821.6,1.556,1842.23,False,-0.0465116,0.2,,0,0,,,,,,,,0,0,0
112,10,DEF,94,0,0,,,,,0,0,0,0,0,0,0,0,0,1.688,1.318,1821.6,1.556,1842.23,False,0,0,,0,0,,,,,,,,0,0,0
113,10,DEF,94,3.66667,2.8,0.03,0.15,0.0233333,0.014,13.3333,10.4,2.46667,3.36,90,90,10.6667,9.6,1.92354,1.688,1.318,1821.6,1.556,1842.23,False,0.622222,1,,0.2,0,,,,,,,,0,0,0
114,10,DEF,94,0,0,,,,,0,0,0,0,0,0,0,0,0,1.688,1.318,1821.6,1.556,1842.23,False,0,0,,0,0,,,,,,,,0,0,0
115,10,DEF,94,0,0,,,,,0,0,0,0,0,0,0,0,0,1.688,1.318,1821.6,1.556,1842.23,False,0,0,,0,0,,,,,,,,0,0,0
116,10,DEF,94,0.666667,0.8,0.03,0.015,0.04,0.035,0.666667,2.2,0.166667,0.2,30,32.8,1.66667,2.2,1.09545,1.688,1.318,1821.6,1.556,1842.23,False,0.2,0.4,,0,0,,,,,,,,0,0,0
117,10,DEF,94,0,0,,,,,0,0,0,0,0,0,0,0,0,1.688,1.318,1821.6,1.556,1842.23,False,0,0,,0,0,,,,,,,,0,0,0
118,10,DEF,94,0,0,,,,,0,0,0,0,0,0,0,0,0,1.688,1.318,1821.6,1.556,1842.23,False,0,0,,0,0,,,,,,,,0,0,0
119,10,MID,1,10,7,0.346667,0.226,0.233333,0.17,36.3333,25.2,11,8.54,85.3333,83,4,3.2,5.24404,1.678,1.406,1828.63,1.642,1753.99,False,0.833333,1,,,,26.3,37,2,4,,,,0,0,0
120,10,MID,94,4.66667,4,0.36,0.23,0.116667,0.128,17,15.4,7.96667,6.38,86,87.6,6.33333,6,2.54951,1.688,1.318,1821.6,1.556,1842.23,False,0.571429,1,,,,29.8,24.6667,0.666667,3.66667,,,,0,0,0
121,10,MID,94,4,4.4,0.0366667,0.06,0.153333,0.148,19.6667,19.4,6.26667,5.76,73,77,8,7,2.88097,1.688,1.318,1821.6,1.556,1842.23,False,0.758621,1,,,,28.4333,13.6667,1,2,,,,0,0,0
122,10,MID,94,0,0,,,,,0,0,0,0,0,0,0,0,0,1.688,1.318,1821.6,1.556,1842.23,False,0,0,,,,0,0,,,,,,0,0,0
123,10,MID,94,0.333333,0.4,0,0,0,0,1,1.2,0,0.02,0.333333,0.8,0,0.2,0.547723,1.688,1.318,1821.6,1.556,1842.23,False,0.0816327,0,,,,0,0,0,0,,,,0,0,0
124,10,MID,94,1.66667,2.6,0.00666667,0.004,0.0933333,0.112,12,15,2.7,2.9,84,81,8,7,1.94936,1.688,1.318,1821.6,1.556,1842.23,False,0.52,1,,,,17.6,1.66667,0,0.666667,,,,0,0,0
125,10,MID,94,2,1.6,0.0366667,0.022,0.0666667,0.044,4.66667,4.2,1.4,1.24,30.6667,23.4,5.33333,3.6,1.34164,1.688,1.318,1821.6,1.556,1842.23,False,0.326531,0,,,,6.66667,3.33333,0,1.33333,,,,0,0,0
126,10,MID,94,2.66667,2.8,0.1,0.0975,0.00333333,0.0025,9.33333,10,1.83333,1.96,11.3333,7,1.33333,0.8,2.94958,1.688,1.318,1821.6,1.556,1842.23,False,0.571429,0,,,,0.466667,5.66667,0.333333,0.333333,,,,0,0,0
127,10,MID,94,0,0,,,,,0,0,0,0,0,0,0,0,0,1.688,1.318,1821.6,1.556,1842.23,False,0,0,,,,0,0,,,,,,0,0,0
128,10,MID,94,0.666667,0.6,0,0,0,0,2,2,0.166667,0.14,6,5.4,1,0.8,0.547723,1.688,1.318,1821.6,1.556,1842.23,False,0.122449,0,,,,0.3,0,0,0,,,,0,0,0
129,10,MID,94,2,3,0.00666667,0.022,0.08,0.054,9.33333,13.4,2.53333,2.96,63.3333,74,7.66667,8.4,2.34521,1.688,1.318,1821.6,1.556,1842.23,False,0.6,1,,,,13.4,1.66667,0,0.333333,,,,0,0,0
130,10,MID,94,0,0,,,,,0,0,0,0,0,0,0,0,0,1.688,1.318,1821.6,1.556,1842.23,False,0,0,,,,0,0,,,,,,0,0,0
131,10,MID,94,0,0,,,,,0,0,0,0,0,0,0,0,0,1.688,1.318,1821.6,1.556,1842.23,False,0,0,,,,0,0,,,,,,0,0,0
132,10,MID,94,0,0,,,,,0,0,0,0,0,0,0,0,0,1.688,1.318,1821.6,1.556,1842.23,False,0,0,,,,0,0,,,,,,0,0,0
133,10,MID,94,0,0,,,,,0,0,0,0,0,0,0,0,0,1.688,1.318,1821.6,1.556,1842.23,False,0,0,,,,0,0,,,,,,0,0,0
134,10,MID,94,0,0,,,,,0,0,0,0,0,0,0,0,0,1.688,1.318,1821.6,1.556,1842.23,False,0,0,,,,0,0,,,,,,0,0,0
135,10,FWD,4,0,0,,,,,0,0,0,0,0,0,0,0,0,1.558,1.048,1884.94,1.934,1710.39,False,0,0,,,,,,,,,,,0,0,0
136,10,FWD,94,5,6,0.81,0.646,0.01,0.008,18.6667,24.6,9.66667,8.6,82.3333,80,5,4.8,4.63681,1.688,1.318,1821.6,1.556,1842.23,False,0.967742,1,,,,,,,,0.81,2.33333,5.66667,0,0,0
137,10,FWD,94,0,0,,,,,0,0,0,0,0,0,0,0,0,1.688,1.318,1821.6,1.556,1842.23,False,0,0,,,,,,,,,,,0,0,0
138,10,GKP,36,0,0,,,,,0,0,0,0,0,0,0,0,0,1.31,1.266,1832.26,0.846,1732.75,False,0,0,0,,,,,,,,,,0,0,0
139,10,GKP,36,1.33333,1.4,0,0,0,0,11.3333,9.6,2.6,2.18,90,90,11.3333,10.2,0.547723,1.31,1.266,1832.26,0.846,1732.75,False,0.318182,1,3.33333,,,,,,,,,,0,0,0
140,10,GKP,36,0,0,,,,,0,0,0,0,0,0,0,0,0,1.31,1.266,1832.26,0.846,1732.75,False,0,0,0,,,,,,,,,,0,0,0
141,10,GKP,36,0,0,,,,,0,0,0,0,0,0,0,0,0,1.31,1.266,1832.26,0.846,1732.75,False,0,0,0,,,,,,,,,,0,0,0
142,10,GKP,36,0,0,,,,,0,0,0,0,0,0,0,0,0,1.31,1.266,1832.26,0.846,1732.75,False,0,0,0,,,,,,,,,,0,0,0
143,10,DEF,36,0,0,,,,,0,0,0,0,0,0,0,0,0,1.31,1.266,1832.26,0.846,1732.75,False,0,0,,0,0,,,,,,,,0,0,0
144,10,DEF,36,0.333333,0.4,0,0,0,0,1,0.6,0.0666667,0.16,0.333333,3.2,0.333333,1,0.547723,1.31,1.266,1832.26,0.846,1732.75,False,0.0930233,0,,0,0,,,,,,,,0,0,0
145,10,DEF,36,0.666667,2,0.0333333,0.185,0.1,0.075,5.66667,7.4,3.23333,3.28,44,27.4,4.66667,2.8,3.39116,1.31,1.266,1832.26,0.846,1732.75,False,0.465116,0.2,,0,0.2,,,,,,,,0,0,0
146,10,DEF,36,1,1.4,0.0966667,0.076,0.01,0.008,7.33333,8,1.9,2.04,90,90,11.6667,12.2,1.14018,1.31,1.266,1832.26,0.846,1732.75,False,0.311111,1,,0,0,,,,,,,,0,0,0
147,10,DEF,36,0,0,,,,,0,0,0,0,0,0,0,0,0,1.31,1.266,1832.26,0.846,1732.75,False,0,0,,0,0,,,,,,,,0,0,0
148,10,DEF,36,1,1.2,0.0633333,0.052,0.153333,0.12,5.33333,6.8,3.13333,3.4,90,88.8,7,8.4,1.30384,1.31,1.266,1832.26,0.846,1732.75,False,0.272727,1,,0,0,,,,,,,,0,0,0
149,10,DEF,21,0,0.2,,0,,0,0,0.6,0,0,0,0.2,0,0,0.447214,0.668,1.934,1710.39,1.048,1884.94,False,0.0444444,0,,0,0,,,,,,,,0,0,0
150,10,DEF,36,0,0,,,,,0,0,0,0,0,0,0,0,0,1.31,1.266,1832.26,0.846,1732.75,False,0,0,,0,0,,,,,,,,0,0,0
151,10,DEF,36,5.66667,4.2,0.04,0.03,0.0233333,0.02,15,12.4,5.7,4.54,90,90,12.6667,14,3.96232,1.31,1.266,1832.26,0.846,1732.75,False,0.954545,1,,0,0.2,,,,,,,,0,0,0
152,10,DEF,36,0,0.6,,0,,0,0,2,0,0.86,0,28.8,0,5.2,1.34164,1.31,1.266,1832.26,0.846,1732.75,False,0.139535,0.4,,0,0,,,,,,,,0,0,0
153,10,DEF,36,0,0,,,,,0,0,0,0,0,0,0,0,0,1.31,1.266,1832.26,0.846,1732.75,False,0,0,,0,0,,,,,,,,0,0,0
154,10,DEF,36,0,0,,,,,0,0,0,0,0,0,0,0,0,1.31,1.266,1832.26,0.846,1732.75,False,0,0,,0,0,,,,,,,,0,0,0
155,10,DEF,36,0,0,,,,,0,0,0,0,0,0,0,0,0,1.31,1.266,1832.26,0.846,1732.75,False,0,0,,0,0,,,,,,,,0,0,0
156,10,DEF,36,0,0,,,,,0,0,0,0,0,0,0,0,0,1.31,1.266,1832.26,0.846,1732.75,False,0,0,,0,0,,,,,,,,0,0,0
157,10,MID,36,0,0.8,,0.045,,0.045,0,2.6,0,1.02,0,31.2,0,2,1.09545,1.31,1.266,1832.26,0.846,1732.75,False,0.129032,0.4,,,,0,0,,,,,,0,0,0
158,10,MID,36,3.33333,3.4,0.0733333,0.044,0.12,0.146,11.3333,11,4.1,4.22,64.3333,70.2,3.66667,5,2.50998,1.31,1.266,1832.26,0.846,1732.75,False,0.596491,0.8,,,,13.2667,14.6667,1,1.66667,,,,0,0,0
159,10,MID,36,0,0,,,,,0,0,0,0,0,0,0,0,0,1.31,1.266,1832.26,0.846,1732.75,False,0,0,,,,0,0,,,,,,0,0,0
160,10,MID,36,3,4.6,0.05,0.25,0.16,0.144,15,19,5.86667,6.76,89.6667,86.8,8.66667,7.8,2.88097,1.31,1.266,1832.26,0.846,1732.75,False,0.766667,1,,,,31.2,13,0,5,,,,0,0,0
161,10,MID,36,0,0,,,,,0,0,0,0,0,0,0,0,0,1.31,1.266,1832.26,0.846,1732.75,False,0,0,,,,0,0,,,,,,0,0,0
162,10,MID,36,0.666667,1.6,0.17,0.0866667,0.05,0.13,2,5.4,2.46667,2.56,23,30.8,2.33333,2.8,1.67332,1.31,1.266,1832.26,0.846,1732.75,False,0.296296,0.4,,,,6.1,14.6667,1,4,,,,0,0,0
163,10,MID,36,0,0,,,,,0,0,0,0,0,0,0,0,0,1.31,1.266,1832.26,0.846,1732.75,False,0,0,,,,0,0,,,,,,0,0,0
164,10,MID,36,0,0,,,,,0,0,0,0,0,0,0,0,0,1.31,1.266,1832.26,0.846,1732.75,False,0,0,,,,0,0,,,,,,0,0,0
165,10,MID,36,0,0,,,,,0,0,0,0,0,0,0,0,0,1.31,1.266,1832.26,0.846,1732.75,False,0,0,,,,0,0,,,,,,0,0,0
166,10,MID,36,1.66667,3,0.0633333,0.096,0.0233333,0.05,14.3333,17,3.66667,4.32,79.6667,83.8,8.33333,9,2.82843,1.31,1.266,1832.26,0.846,1732.75,False,0.612245,1,,,,20.5,7,0,2,,,,0,0,0
167,10,MID,36,1,1.2,0.0266667,0.018,0.04,0.026,8.66667,7.4,0.866667,0.78,57.6667,56.8,7.33333,7.6,1.30384,1.31,1.266,1832.26,0.846,1732.75,False,0.255319,1,,,,3.8,1.66667,0,0,,,,0,0,0
168,10,MID,8,0,0,,,,,0,0,0,0,0,0,0,0,0,1.16,1.946,1896.62,1.242,1829.71,False,0,0,,,,0,0,,,,,,0,0,0
169,10,MID,36,1.33333,1.2,0.0466667,0.052,0.00666667,0.018,5.33333,6.2,2.33333,2.08,47,54,6.33333,6,0.83666,1.31,1.266,1832.26,0.846,1732.75,False,0.244898,0.6,,,,4.8,10.3333,0.333333,3,,,,0,0,0
170,10,MID,36,2,1.4,0,0,0.103333,0.085,10.3333,7.2,2.83333,2.04,21,18,2.33333,2.2,1.51658,1.31,1.266,1832.26,0.846,1732.75,False,0.28,0,,,,18.1333,0,0,0,,,,0,0,0
171,10,MID,36,0,0,,,,,0,0,0,0,0,0,0,0,0,1.31,1.266,1832.26,0.846,1732.75,False,0,0,,,,0,0,,,,,,0,0,0
172,10,MID,36,0.333333,0.2,0.04,0.04,0.01,0.01,2.33333,1.4,0.466667,0.28,10.3333,6.2,1,0.6,0.447214,1.31,1.266,1832.26,0.846,1732.75,False,0.0408163,0,,,,0.433333,2.33333,1,0,,,,0,0,0
173,10,MID,36,4,3.2,0.0466667,0.028,0.0466667,0.102,18.3333,14.2,4.3,3.32,81.6667,57,12,8.4,2.48998,1.31,1.266,1832.26,0.846,1732.75,False,0.653061,0.6,,,,17.7667,6.66667,0,2.66667,,,,0,0,0
174,10,MID,36,0,0,,,,,0,0,0,0,0,0,0,0,0,1.31,1.266,1832.26,0.846,1732.75,False,0,0,,,,0,0,,,,,,0,0,0
175,10,MID,36,0,0,,,,,0,0,0,0,0,0,0,0,0,1.31,1.266,1832.26,0.846,1732.75,False,0,0,,,,0,0,,,,,,0,0,0
176,10,MID,36,0,0,,,,,0,0,0,0,0,0,0,0,0,1.31,1.266,1832.26,0.846,1732.75,False,0,0,,,,0,0,,,,,,0,0,0
177,10,MID,36,0,0,,,,,0,0,0,0,0,0,0,0,0,1.31,1.266,1832.26,0.846,1732.75,False,0,0,,,,0,0,,,,,,0,0,0
178,10,FWD,36,6.66667,6.4,0.263333,0.316,0.04,0.036,32.6667,30,8.33333,7.6,89.6667,61.4,3,2.2,5.54977,1.31,1.266,1832.26,0.846,1732.75,False,0.984615,0.6,,,,,,,,0.263333,1.33333,2.66667,0,0,0
179,10,FWD,36,0,0,,,,,0,0,0,0,0,0,0,0,0,1.31,1.266,1832.26,0.846,1732.75,False,0,0,,,,,,,,,,,0,0,0
180,10,FWD,36,2,1.4,0.03,0.0925,0.0166667,0.0125,5.33333,4.4,2.7,1.98,14,9.4,1.33333,1.2,1.51658,1.31,1.266,1832.26,0.846,1732.75,False,0.264151,0,,,,,,,,0.03,0,2,0,0,0
181,10,FWD,36,2,1.2,0.135,0.135,0.005,0.005,10.6667,6.4,2.53333,1.52,4,2.4,0.666667,0.4,2.16795,1.31,1.266,1832.26,0.846,1732.75,False,0.25,0,,,,,,,,0.135,0.5,1.5,0,0,0
182,10,GKP,43,0,0,,,,,0,0,0,0,0,0,0,0,0,1.462,0.724,1969.44,1.534,1847.42,False,0,0,0,,,,,,,,,,0,0,0
183,10,GKP,90,0,0,,,,,0,0,0,0,0,0,0,0,0,0.708,1.84,1734.8,0.572,2032.83,False,0,0,0,,,,,,,,,,0,0,0
184,10,GKP,90,0,0,,,,,0,0,0,0,0,0,0,0,0,0.708,1.84,1734.8,0.572,2032.83,False,0,0,0,,,,,,,,,,0,0,0
185,10,GKP,90,0,0,,,,,0,0,0,0,0,0,0,0,0,0.708,1.84,1734.8,0.572,2032.83,False,0,0,0,,,,,,,,,,0,0,0
186,10,DEF,90,0,0,,,,,0,0,0,0,0,0,0,0,0,0.708,1.84,1734.8,0.572,2032.83,False,0,0,,0,0,,,,,,,,0,0,0
187,10,DEF,90,6,3.8,0.0266667,0.022,0.06,0.044,17,9,3.36667,2.9,90,90,17,16,5.89067,0.708,1.84,1734.8,0.572,2032.83,False,0.863636,1,,0.2,0.2,,,,,,,,0,0,0
188,10,DEF,90,0,0,,,,,0,0,0,0,0,0,0,0,0,0.708,1.84,1734.8,0.572,2032.83,False,0,0,,0,0,,,,,,,,0,0,0
189,10,DEF,90,0,0,,,,,0,0,0,0,0,0,0,0,0,0.708,1.84,1734.8,0.572,2032.83,False,0,0,,0,0,,,,,,,,0,0,0
190,10,DEF,90,0.333333,0.6,0,0.0466667,0,0.05,1,-0.2,0,1.8,0.333333,36.2,0,4.2,0.894427,0.708,1.84,1734.8,0.572,2032.83,False,0.15,0.4,,0,0,,,,,,,,0,0,0
191,10,DEF,90,3.33333,2.4,0,0.028,0.01,0.006,13.3333,6.2,2.13333,2.26,90,90,12,13.4,3.78153,0.708,1.84,1734.8,0.572,2032.83,False,0.6,1,,0.2,0,,,,,,,,0,0,0
192,10,DEF,90,5.66667,4.4,0.00333333,0.01,0.253333,0.238,21,15.8,4.83333,5.5,90,89.4,7.33333,6.8,2.07364,0.708,1.84,1734.8,0.572,2032.83,False,1.1,1,,0.2,0.8,,,,,,,,0,0,0
193,10,DEF,90,0,0,,0,,0,0,-1,0,0,0,0.4,0,0,0,0.708,1.84,1734.8,0.572,2032.83,False,0,0,,0,0,,,,,,,,0,0,0
194,10,DEF,90,0,0,,,,,0,0,0,0,0,0,0,0,0,0.708,1.84,1734.8,0.572,2032.83,False,0,0,,0,0,,,,,,,,0,0,0
195,10,DEF,90,0,0,,,,,0,0,0,0,0,0,0,0,0,0.708,1.84,1734.8,0.572,2032.83,False,0,0,,0,0,,,,,,,,0,0,0
196,10,DEF,90,0,0,,,,,0,0,0,0,0,0,0,0,0,0.708,1.84,1734.8,0.572,2032.83,False,0,0,,0,0,,,,,,,,0,0,0
197,10,DEF,90,0,0,,,,,0,0,0,0,0,0,0,0,0,0.708,1.84,1734.8,0.572,2032.83,False,0,0,,0,0,,,,,,,,0,0,0
198,10,DEF,90,3.33333,2,0,0,0.00333333,0.00333333,11,6.6,1.83333,1.1,90,54,11.3333,6.8,3.39116,0.708,1.84,1734.8,0.572,2032.83,False,0.512821,0.6,,0.2,0,,,,,,,,0,0,0
199,10,DEF,90,0.333333,0.2,0,0,0,0,1,0.6,0.0333333,0.02,0.333333,0.2,0,0,0.447214,0.708,1.84,1734.8,0.572,2032.83,False,0.0512821,0,,0,0,,,,,,,,0,0,0
200,10,MID,90,1.66667,4.2,0.0266667,0.108,0.01,0.05,4,15.8,1.8,5.64,72,78.6,7.33333,7.6,3.76829,0.708,1.84,1734.8,0.572,2032.83,False,0.736842,1,,,,5.73333,7.66667,0.333333,1.66667,,,,0,0,0
201,10,MID,90,0,0,,,,,0,0,0,0,0,0,0,0,0,0.708,1.84,1734.8,0.572,2032.83,False,0,0,,,,0,0,,,,,,0,0,0
202,10,MID,90,1.33333,1,0.0333333,0.025,0.04,0.03,3,2,1.6,1,52,36.8,0.666667,0.6,0.707107,0.708,1.84,1734.8,0.572,2032.83,False,0.188679,0.4,,,,4.73333,8,0.333333,2.33333,,,,0,0,0
203,10,MID,90,0,0,,,,,0,0,0,0,0,0,0,0,0,0.708,1.84,1734.8,0.572,2032.83,False,0,0,,,,0,0,,,,,,0,0,0
204,10,MID,90,0,0,,,,,0,0,0,0,0,0,0,0,0,0.708,1.84,1734.8,0.572,2032.83,False,0,0,,,,0,0,,,,,,0,0,0
205,10,MID,90,3.66667,3.8,0.04,0.024,0.03,0.028,18.6667,17.6,3.4,3.36,90,87.6,12,12.4,1.48324,0.708,1.84,1734.8,0.572,2032.83,False,0.76,1,,,,9.13333,7,1,0,,,,0,0,0
206,10,MID,90,0,0,,,,,0,0,0,0,0,0,0,0,0,0.708,1.84,1734.8,0.572,2032.83,False,0,0,,,,0,0,,,,,,0,0,0
207,10,MID,90,1.33333,1.2,0,0,0.14,0.09,6.66667,5.8,1.2,1.06,2.66667,3.8,1.33333,1,1.64317,0.708,1.84,1734.8,0.572,2032.83,False,0.244898,0,,,,4.43333,0,0,0,,,,0,0,0
208,10,MID,90,0,0,,,,,0,0,0,0,0,0,0,0,0,0.708,1.84,1734.8,0.572,2032.83,False,0,0,,,,0,0,,,,,,0,0,0
209,10,MID,90,1.33333,1.6,0,0.008,0,0.002,8,8.8,0.6,0.98,38.3333,59,4.66667,5,0.547723,0.708,1.84,1734.8,0.572,2032.83,False,0.326531,0.6,,,,0.9,0.666667,0,0.333333,,,,0,0,0
210,10,MID,90,2.33333,2.2,0.015,0.035,0.005,0.0275,8.33333,7.4,1.53333,1.52,30,46.2,2,2.6,2.28035,0.708,1.84,1734.8,0.572,2032.83,False,0.44898,0.6,,,,0.9,2.33333,0.5,0,,,,0,0,0
211,10,MID,90,0,0,,,,,0,0,0,0,0,0,0,0,0,0.708,1.84,1734.8,0.572,2032.83,False,0,0,,,,0,0,,,,,,0,0,0
212,10,MID,90,0,0,,,,,0,0,0,0,0,0,0,0,0,0.708,1.84,1734.8,0.572,2032.83,False,0,0,,,,0,0,,,,,,0,0,0
213,10,MID,90,0,0,,,,,0,0,0,0,0,0,0,0,0,0.708,1.84,1734.8,0.572,2032.83,False,0,0,,,,0,0,,,,,,0,0,0
214,10,MID,90,0,0,,,,,0,0,0,0,0,0,0,0,0,0.708,1.84,1734.8,0.572,2032.83,False,0,0,,,,0,0,,,,,,0,0,0
215,10,FWD,90,5.33333,3.4,0.24,0.2075,0.00666667,0.005,25,15.6,5.56667,3.44,58,35.6,3.66667,2.4,5.41295,0.708,1.84,1734.8,0.572,2032.83,False,0.641509,0.4,,,,,,,,0.24,1,2,0,0,0
216,10,FWD,90,0,0,,,,,0,0,0,0,0,0,0,0,0,0.708,1.84,1734.8,0.572,2032.83,False,0,0,,,,,,,,,,,0,0,0
217,10,FWD,90,2.66667,3.2,0.185,0.1425,0.06,0.045,10,12.6,2.1,2.94,27,49,0,1.6,3.11448,0.708,1.84,1734.8,0.572,2032.83,False,0.64,0.6,,,,,,,,0.185,0.5,1.5,0,0,0
218,10,FWD,90,0.333333,0.2,0,0,0,0,1,0.6,0.0333333,0.02,2.33333,1.4,0.333333,0.2,0.447214,0.708,1.84,1734.8,0.572,2032.83,False,0.0465116,0,,,,,,,,0,0,0,0,0,0
219,10,FWD,90,0,0,,,,,0,0,0,0,0,0,0,0,0,0.708,1.84,1734.8,0.572,2032.83,False,0,0,,,,,,,,,,,0,0,0
220,10,GKP,8,2.66667,1.2,0,0,0.00333333,0.002,12.6667,5.6,1.6,1.6,90,72.8,11.3333,9.2,2.86356,1.16,1.946,1896.62,1.242,1829.71,False,0.25,1,1.66667,,,,,,,,,,0,0,0
221,10,GKP,8,0,0.2,,0,,0,0,0.8,0,0.18,0,16.8,0,1.4,0.447214,1.16,1.946,1896.62,1.242,1829.71,False,0.0454545,0,0,,,,,,,,,,0,0,0
222,10,GKP,8,0,0,,,,,0,0,0,0,0,0,0,0,0,1.16,1.946,1896.62,1.242,1829.71,False,0,0,0,,,,,,,,,,0,0,0
223,10,GKP,8,0,0,,,,,0,0,0,0,0,0,0,0,0,1.16,1.946,1896.62,1.242,1829.71,False,0,0,0,,,,,,,,,,0,0,0
224,10,DEF,8,5.33333,3.2,0.04,0.038,0.283333,0.172,25.3333,14.2,6.36667,4.54,90,84.6,11.6667,9.4,3.96232,1.16,1.946,1896.62,1.242,1829.71,False,0.52459,1,,0.2,0.2,,,,,,,,0,0,0
225,10,DEF,8,7.66667,6,0.07,0.052,0.07,0.134,28,22.2,7.33333,6.58,90,90,10.3333,10.2,6.81909,1.16,1.946,1896.62,1.242,1829.71,False,1.09091,1,,0.2,0.8,,,,,,,,0,0,0
226,10,DEF,8,2.33333,2.4,0.01,0.055,0.01,0.0075,13,9.8,2.06667,2.78,60,64.4,8.66667,8.2,4.50555,1.16,1.946,1896.62,1.242,1829.71,False,0.470588,0.8,,0.2,0.2,,,,,,,,0,0,0
227,10,DEF,8,0,0,,,,,0,0,0,0,0,0,0,0,0,1.16,1.946,1896.62,1.242,1829.71,False,0,0,,0,0,,,,,,,,0,0,0
228,10,DEF,8,2.66667,1.8,0.025,0.0125,0.095,0.0525,11,6.4,2.63333,1.86,58.6667,45.8,6,5,2.16795,1.16,1.946,1896.62,1.242,1829.71,False,0.367347,0.4,,0.2,0.2,,,,,,,,0,0,0
229,10,DEF,8,0.333333,0,0,0,0.02,0.01,3.66667,0.6,0.533333,0.36,18,13,2,1.8,0.707107,1.16,1.946,1896.62,1.242,1829.71,False,0,0.2,,0,0,,,,,,,,0,0,0
230,10,DEF,8,0,0.2,,0,,0,0,1.2,0,0.38,0,12.6,0,2,0.447214,1.16,1.946,1896.62,1.242,1829.71,False,0.0454545,0.2,,0,0,,,,,,,,0,0,0
231,10,DEF,8,0,0,,,,,0,0,0,0,0,0,0,0,0,1.16,1.946,1896.62,1.242,1829.71,False,0,0,,0,0,,,,,,,,0,0,0
232,10,DEF,8,0.666667,0.4,0,0.0166667,0,0.00333333,1.33333,1.4,0.166667,0.72,7.66667,21.2,1,3.4,0.547723,1.16,1.946,1896.62,1.242,1829.71,False,0.0930233,0,,0,0,,,,,,,,0,0,0
233,10,DEF,8,6,3.6,0.17,0.1275,0.01,0.0075,22.3333,11,4.3,2.58,74,51.6,8,5.6,5.89915,1.16,1.946,1896.62,1.242,1829.71,False,0.923077,0.6,,0.2,0.2,,,,,,,,0,0,0
234,10,DEF,8,0,0,,,,,0,0,0,0,0,0,0,0,0,1.16,1.946,1896.62,1.242,1829.71,False,0,0,,0,0,,,,,,,,0,0,0
235,10,MID,8,0,0.2,,0,,0,0,0.6,0,0,0,4,0,0,0.447214,1.16,1.946,1896.62,1.242,1829.71,False,0.0194175,0.2,,,,0,0,,,,,,0,0,0
236,10,MID,8,7.33333,5,0.0666667,0.05,0.26,0.162,27,17.8,6.7,4.68,78.3333,63.8,3,2.4,4.79583,1.16,1.946,1896.62,1.242,1829.71,False,0.704225,1,,,,26.2667,11.3333,0.666667,1.33333,,,,0,0,0
237,10,MID,8,1.33333,2.8,0.24,0.49,0.23,0.13,9.66667,13.8,5.33333,6.02,60,72,5.66667,5.4,3.56371,1.16,1.946,1896.62,1.242,1829.71,False,0.41791,0.8,,,,18.8,23,2,3.5,,,,0,0,0
238,10,MID,8,4,3.2,0.19,0.152,0.09,0.056,15,11,5.76667,4.1,19.6667,25.4,3,3.2,2.86356,1.16,1.946,1896.62,1.242,1829.71,False,0.492308,0.4,,,,15.3333,25.6667,0.666667,3.66667,,,,0,0,0
239,10,MID,8,1,0.6,0.00666667,0.00666667,0.0233333,0.0233333,3.66667,2.2,1.86667,1.12,24.6667,14.8,2.66667,1.6,0.547723,1.16,1.946,1896.62,1.242,1829.71,False,0.0983607,0,,,,7.73333,4.33333,0.333333,1,,,,0,0,0
240,10,MID,8,0,0,,,,,0,0,0,0,0,0,0,0,0,1.16,1.946,1896.62,1.242,1829.71,False,0,0,,,,0,0,,,,,,0,0,0
241,10,MID,8,4.33333,3.8,0.0333333,0.032,0.0633333,0.05,18.6667,19.6,4.2,3.82,75,81,8.66667,10.4,3.63318,1.16,1.946,1896.62,1.242,1829.71,False,0.633333,0.8,,,,11.2667,6.66667,0.666667,0.333333,,,,0,0,0
242,10,MID,11,1.33333,1.2,0.095,0.1275,0.285,0.1725,5.66667,6.6,1.06667,2.42,58.3333,71,1.33333,3.8,0.83666,1.202,1.544,1792.02,1.204,1634.46,False,0.244898,0.8,,,,5.23333,4,0,1,,,,0,0,0
243,10,MID,8,0.333333,0.2,0.07,0.035,0,0.005,1.33333,-0.6,0.133333,0.08,1.66667,6.2,0.333333,0.2,0.447214,1.16,1.946,1896.62,1.242,1829.71,False,0.0408163,0,,,,0,1.33333,0,1,,,,0,0,0
244,10,MID,8,0.666667,0.6,0,0,0.015,0.0133333,5.33333,4,0.433333,0.32,26.6667,18.2,2.66667,2.2,0.547723,1.16,1.946,1896.62,1.242,1829.71,False,0.122449,0.2,,,,2.26667,0,0,0,,,,0,0,0
245,10,MID,8,0,0,,,,,0,0,0,0,0,0,0,0,0,1.16,1.946,1896.62,1.242,1829.71,False,0,0,,,,0,0,,,,,,0,0,0
246,10,MID,8,0.333333,0.8,0.145,0.0975,0,0.0075,-1,4,0.466667,1.14,16.6667,34.4,2.33333,3.6,0.83666,1.16,1.946,1896.62,1.242,1829.71,False,0.177778,0.4,,,,0.233333,3.33333,0,1.5,,,,0,0,0
247,10,MID,8,0,0,,,,,0,0,0,0,0,0,0,0,0,1.16,1.946,1896.62,1.242,1829.71,False,0,0,,,,0,0,,,,,,0,0,0
248,10,MID,8,0,0,,,,,0,0,0,0,0,0,0,0,0,1.16,1.946,1896.62,1.242,1829.71,False,0,0,,,,0,0,,,,,,0,0,0
249,10,FWD,8,2,2,0.0233333,0.014,0.0766667,0.058,6.66667,6.6,2.4,2.84,82.3333,85.4,2.66667,3.4,0,1.16,1.946,1896.62,1.242,1829.71,False,0.27027,1,,,,,,,,0.0233333,0,2,0,0,0
250,10,FWD,8,0,0,,,,,0,0,0,0,0,0,0,0,0,1.16,1.946,1896.62,1.242,1829.71,False,0,0,,,,,,,,,,,0,0,0
251,10,FWD,8,0,0,,,,,0,0,0,0,0,0,0,0,0,1.16,1.946,1896.62,1.242,1829.71,False,0,0,,,,,,,,,,,0,0,0
252,10,FWD,8,1.33333,0.8,0.196667,0.196667,0,0,-0.333333,-0.2,1.06667,0.64,45.3333,27.2,0.666667,0.4,0.83666,1.16,1.946,1896.62,1.242,1829.71,False,0.190476,0.2,,,,,,,,0.196667,0.333333,2,0,0,0
253,10,GKP,31,1.66667,1.8,0,0,0.01,0.012,9.33333,10.6,2.46667,2.3,90,90,8.66667,9,0.83666,2.33,1.556,1842.23,1.318,1821.6,False,0.36,1,3,,,,,,,,,,0,0,0
254,10,GKP,31,0,0,,,,,0,0,0,0,0,0,0,0,0,2.33,1.556,1842.23,1.318,1821.6,False,0,0,0,,,,,,,,,,0,0,0
255,10,GKP,31,0,0,,,,,0,0,0,0,0,0,0,0,0,2.33,1.556,1842.23,1.318,1821.6,False,0,0,0,,,,,,,,,,0,0,0
256,10,DEF,31,6.66667,4.8,0.05,0.142,0.203333,0.148,17,14,6,6,90,90,15,12.6,3.89872,2.33,1.556,1842.23,1.318,1821.6,False,0.842105,1,,0,0.6,,,,,,,,0,0,0
257,10,DEF,31,2.66667,2.8,0.0133333,0.048,0.01,0.008,10.3333,10.6,3.13333,2.8,90,90,16,14.4,1.30384,2.33,1.556,1842.23,1.318,1821.6,False,0.56,1,,0,0,,,,,,,,0,0,0
258,10,DEF,31,1.33333,3.2,0.0433333,0.082,0.02,0.056,6,11.6,2.93333,5.04,90,90,13,13.2,2.94958,2.33,1.556,1842.23,1.318,1821.6,False,0.64,1,,0,0.2,,,,,,,,0,0,0
259,10,DEF,31,0.333333,0.2,0,0,0,0,1,0.6,0,0,0.333333,0.2,0.333333,0.2,0.447214,2.33,1.556,1842.23,1.318,1821.6,False,0.0408163,0,,0,0,,,,,,,,0,0,0
260,10,DEF,31,3.66667,5,0.156667,0.134,0.226667,0.148,11,15.8,5.56667,4.98,90,90,12.6667,12.6,1.87083,2.33,1.556,1842.23,1.318,1821.6,False,1,1,,0,0.6,,,,,,,,0,0,0
261,10,DEF,31,2.66667,3.2,0.0366667,0.022,0.236667,0.142,9,10.8,3.93333,3.5,90,90,12.3333,13.6,0.83666,2.33,1.556,1842.23,1.318,1821.6,False,0.711111,1,,0,0,,,,,,,,0,0,0
262,10,DEF,31,0,0,,,,,0,0,0,0,0,0,0,0,0,2.33,1.556,1842.23,1.318,1821.6,False,0,0,,0,0,,,,,,,,0,0,0
263,10,DEF,31,0,0,,,,,0,0,0,0,0,0,0,0,0,2.33,1.556,1842.23,1.318,1821.6,False,0,0,,0,0,,,,,,,,0,0,0
264,10,DEF,31,0,0,,,,,0,0,0,0,0,0,0,0,0,2.33,1.556,1842.23,1.318,1821.6,False,0,0,,0,0,,,,,,,,0,0,0
265,10,DEF,31,0,0,,,,,0,0,0,0,0,0,0,0,0,2.33,1.556,1842.23,1.318,1821.6,False,0,0,,0,0,,,,,,,,0,0,0
266,10,MID,3,6.66667,5.2,0.193333,0.222,0.0333333,0.084,21,18,4.8,5.62,75.3333,72.2,3.66667,4.2,3.56371,1.698,0.572,2032.83,1.84,1734.8,False,0.684211,0.8,,,,10.8,19.3333,0.666667,2.66667,,,,0,0,0
267,10,MID,31,3.66667,4.4,0.173333,0.3175,0.03,0.06,14.6667,14.6,4.3,4.56,89.3333,68.4,7.33333,5,4.50555,2.33,1.556,1842.23,1.318,1821.6,False,0.666667,0.8,,,,15.6,10.6667,0.333333,3.66667,,,,0,0,0
268,10,MID,31,0,0,,,,,0,0,0,0,0,0,0,0,0,2.33,1.556,1842.23,1.318,1821.6,False,0,0,,,,0,0,,,,,,0,0,0
269,10,MID,31,0,0,,,,,0,0,0,0,0,0,0,0,0,2.33,1.556,1842.23,1.318,1821.6,False,0,0,,,,0,0,,,,,,0,0,0
270,10,MID,31,0.333333,0.8,0,0,0.03,0.0333333,1.33333,2.8,0.733333,0.86,5.33333,21.6,0.333333,1.4,0.83666,2.33,1.556,1842.23,1.318,1821.6,False,0.166667,0.2,,,,5.06667,1.33333,0,2,,,,0,0,0
271,10,MID,31,2.66667,3,0.0233333,0.064,0.106667,0.116,13.3333,15.2,1.9,3.04,81.3333,84.8,12,10.2,1.41421,2.33,1.556,1842.23,1.318,1821.6,False,0.6,1,,,,7.46667,2.33333,0,0.666667,,,,0,0,0
272,10,MID,31,0.666667,0.6,0,0.0325,0.01,0.0075,2.33333,3.4,0.133333,0.94,3,10,1,2.6,0.547723,2.33,1.556,1842.23,1.318,1821.6,False,0.122449,0,,,,0.1,0,0,0,,,,0,0,0
273,10,MID,31,2.33333,3.4,0.0466667,0.044,0.21,0.316,12,17.4,4.1,4.9,90,81,9.66667,8,2.07364,2.33,1.556,1842.23,1.318,1821.6,False,0.68,1,,,,26.2667,2.33333,0,0.333333,,,,0,0,0
274,10,MID,31,0,0,,,,,0,0,0,0,0,0,0,0,0,2.33,1.556,1842.23,1.318,1821.6,False,0,0,,,,0,0,,,,,,0,0,0
275,10,MID,31,0,0,,,,,0,0,0,0,0,0,0,0,0,2.33,1.556,1842.23,1.318,1821.6,False,0,0,,,,0,0,,,,,,0,0,0
276,10,MID,31,0.333333,0.6,0.3,0.126667,0,0.0133333,-0.333333,1.6,1.23333,0.96,0.666667,9.6,0,1.4,0.547723,2.33,1.556,1842.23,1.318,1821.6,False,0.136364,0,,,,0,12.3333,1,2,,,,0,0,0
277,10,MID,31,0,0,,,,,0,0,0,0,0,0,0,0,0,2.33,1.556,1842.23,1.318,1821.6,False,0,0,,,,0,0,,,,,,0,0,0
278,10,MID,31,0,0,,,,,0,0,0,0,0,0,0,0,0,2.33,1.556,1842.23,1.318,1821.6,False,0,0,,,,0,0,,,,,,0,0,0
279,10,MID,31,0,0,,,,,0,0,0,0,0,0,0,0,0,2.33,1.556,1842.23,1.318,1821.6,False,0,0,,,,0,0,,,,,,0,0,0
280,10,MID,31,0,0,,,,,0,0,0,0,0,0,0,0,0,2.33,1.556,1842.23,1.318,1821.6,False,0,0,,,,0,0,,,,,,0,0,0
281,10,MID,31,0,0,,,,,0,0,0,0,0,0,0,0,0,2.33,1.556,1842.23,1.318,1821.6,False,0,0,,,,0,0,,,,,,0,0,0
282,10,MID,31,0,0,,,,,0,0,0,0,0,0,0,0,0,2.33,1.556,1842.23,1.318,1821.6,False,0,0,,,,0,0,,,,,,0,0,0
283,10,FWD,31,7,5.8,1.43333,1.212,0.0133333,0.028,25,21,9.86667,8.78,83,85.8,3,3.8,6.49615,2.33,1.556,1842.23,1.318,1821.6,False,0.734177,1,,,,,,,,1.43333,2.33333,6.33333,0,0,0
284,10,FWD,31,1,1.6,0.0766667,0.168,0.143333,0.086,3.66667,7.8,2.1,2.96,25.6667,21.4,2,1.6,1.34164,2.33,1.556,1842.23,1.318,1821.6,False,0.296296,0,,,,,,,,0.0766667,0.333333,1.66667,0,0,0
285,10,FWD,31,0,0,,,,,0,0,0,0,0,0,0,0,0,2.33,1.556,1842.23,1.318,1821.6,False,0,0,,,,,,,,,,,0,0,0
286,10,FWD,31,0,0,,,,,0,0,0,0,0,0,0,0,0,2.33,1.556,1842.23,1.318,1821.6,False,0,0,,,,,,,,,,,0,0,0
287,10,GKP,11,2,1.8,0,0,0.00666667,0.01,10.3333,9.2,3.1,2.58,90,90,8.66667,8.6,0.83666,1.202,1.544,1792.02,1.204,1634.46,False,0.327273,1,3.66667,,,,,,,,,,0,0,0
288,10,GKP,11,0,0,,,,,0,0,0,0,0,0,0,0,0,1.202,1.544,1792.02,1.204,1634.46,False,0,0,0,,,,,,,,,,0,0,0
289,10,GKP,11,0,0,,,,,0,0,0,0,0,0,0,0,0,1.202,1.544,1792.02,1.204,1634.46,False,0,0,0,,,,,,,,,,0,0,0
290,10,DEF,11,0,0,,,,,0,0,0,0,0,0,0,0,0,1.202,1.544,1792.02,1.204,1634.46,False,0,0,,0,0,,,,,,,,0,0,0
291,10,DEF,11,3,2.6,0,0,0.0966667,0.082,12,11.6,4.06667,4.02,90,90,12.6667,12.8,1.67332,1.202,1.544,1792.02,1.204,1634.46,False,0.472727,1,,0,0,,,,,,,,0,0,0
292,10,DEF,11,2,1.6,0.01,0.006,0.05,0.07,1.66667,2.8,2.3,2.44,90,89,9.33333,9.6,1.34164,1.202,1.544,1792.02,1.204,1634.46,False,0.326531,1,,0,0,,,,,,,,0,0,0
293,10,DEF,11,2.33333,2,0.0266667,0.024,0.0233333,0.02,9,7.6,3.6,2.84,81.6667,85,10.6667,9.4,1.73205,1.202,1.544,1792.02,1.204,1634.46,False,0.408163,1,,0,0,,,,,,,,0,0,0
294,10,DEF,11,0.333333,0.2,0,0,0,0,1.33333,0.8,0,0,0.333333,0.2,0,0,0.447214,1.202,1.544,1792.02,1.204,1634.46,False,0.0465116,0,,0,0,,,,,,,,0,0,0
295,10,DEF,11,2,3.6,0.0633333,0.048,0.00666667,0.008,4,9.2,2.4,3.46,81.3333,84.8,12,12.8,4.3359,1.202,1.544,1792.02,1.204,1634.46,False,0.8,1,,0,0.2,,,,,,,,0,0,0
296,10,DEF,11,0,0,,,,,0,0,0,0,0,0,0,0,0,1.202,1.544,1792.02,1.204,1634.46,False,0,0,,0,0,,,,,,,,0,0,0
297,10,DEF,11,0,0,,,,,0,0,0,0,0,0,0,0,0,1.202,1.544,1792.02,1.204,1634.46,False,0,0,,0,0,,,,,,,,0,0,0
298,10,DEF,11,0,0,,,,,0,0,0,0,0,0,0,0,0,1.202,1.544,1792.02,1.204,1634.46,False,0,0,,0,0,,,,,,,,0,0,0
299,10,MID,11,4.33333,4.2,0.34,0.216,0.536667,0.382,17.6667,18.8,6.56667,6.36,88.3333,86,11.6667,10.6,2.28035,1.202,1.544,1792.02,1.204,1634.46,False,0.646154,1,,,,17.2667,22.3333,1,4.66667,,,,0,0,0
300,10,MID,11,0.333333,0.2,0,0,0,0,0.666667,0.4,0,0,1.33333,0.8,0,0,0.447214,1.202,1.544,1792.02,1.204,1634.46,False,0.0357143,0,,,,0.0666667,0,0,0,,,,0,0,0
301,10,MID,11,1.33333,1,0.07,0.0525,0.0166667,0.0125,5.33333,3.8,1.73333,1.04,39.3333,24.4,3.33333,2,0.707107,1.202,1.544,1792.02,1.204,1634.46,False,0.192308,0.2,,,,6.23333,8,0.333333,1,,,,0,0,0
302,10,MID,11,2,3.6,0.0333333,0.08,0.04,0.04,13.3333,17.4,1.3,3.18,81.3333,84.8,8.66667,9,3.57771,1.202,1.544,1792.02,1.204,1634.46,False,0.666667,1,,,,4.13333,3,0,1,,,,0,0,0
303,10,MID,11,1.66667,3.2,0.09,0.11,0.1,0.09,16.6667,19.4,4.16667,5.06,90,90,10.6667,11.8,2.48998,1.202,1.544,1792.02,1.204,1634.46,False,0.64,1,,,,18.9667,4.66667,0,1,,,,0,0,0
304,10,MID,11,1.66667,1,0,0,0.005,0.005,6.66667,4,0.666667,0.4,15,9,2.33333,1.4,1.73205,1.202,1.544,1792.02,1.204,1634.46,False,0.204082,0,,,,1.3,0.666667,0,0.5,,,,0,0,0
305,10,MID,11,0,0,,,,,0,0,0,0,0,0,0,0,0,1.202,1.544,1792.02,1.204,1634.46,False,0,0,,,,0,0,,,,,,0,0,0
306,10,MID,11,0,0,,,,,0,0,0,0,0,0,0,0,0,1.202,1.544,1792.02,1.204,1634.46,False,0,0,,,,0,0,,,,,,0,0,0
307,10,MID,11,0,0,,,,,0,0,0,0,0,0,0,0,0,1.202,1.544,1792.02,1.204,1634.46,False,0,0,,,,0,0,,,,,,0,0,0
308,10,MID,11,0,0,,,,,0,0,0,0,0,0,0,0,0,1.202,1.544,1792.02,1.204,1634.46,False,0,0,,,,0,0,,,,,,0,0,0
309,10,MID,11,0,0,,,,,0,0,0,0,0,0,0,0,0,1.202,1.544,1792.02,1.204,1634.46,False,0,0,,,,0,0,,,,,,0,0,0
310,10,FWD,11,1,1,0.0133333,0.008,0.00333333,0.002,0.666667,1.2,0.633333,0.46,28,30,1.33333,1.2,0,1.202,1.544,1792.02,1.204,1634.46,False,0.175439,0.2,,,,,,,,0.0133333,0,0,0,0,0
311,10,FWD,11,1.66667,1.6,0.506667,0.38,0.00666667,0.004,2.33333,2.4,4.7,3.5,61.3333,59.4,4.66667,3.6,0.547723,1.202,1.544,1792.02,1.204,1634.46,False,0.307692,0.8,,,,,,,,0.506667,0.666667,4,0,0,0
312,10,FWD,11,0,0,,,,,0,0,0,0,0,0,0,0,0,1.202,1.544,1792.02,1.204,1634.46,False,0,0,,,,,,,,,,,0,0,0
313,10,FWD,11,0,0,,,,,0,0,0,0,0,0,0,0,0,1.202,1.544,1792.02,1.204,1634.46,False,0,0,,,,,,,,,,,0,0,0
314,10,GKP,54,2.33333,1.8,0,0,0,0,12,9,3.2,2.48,90,90,10,10,0.83666,0.956,1.368,1775.26,0.87,1690.02,False,0.36,1,4,,,,,,,,,,0,0,0
315,10,GKP,54,0,0,,,,,0,0,0,0,0,0,0,0,0,0.956,1.368,1775.26,0.87,1690.02,False,0,0,0,,,,,,,,,,0,0,0
316,10,DEF,54,0,0.2,,0,,0.02,0,0.6,0,0.06,0,2,0,0,0.447214,0.956,1.368,1775.26,0.87,1690.02,False,0.0408163,0,,0,0,,,,,,,,0,0,0
317,10,DEF,54,1.33333,2.2,0,0.055,0,0.005,4,7,1.56667,2.26,43.6667,62.2,9,11.6,1.64317,0.956,1.368,1775.26,0.87,1690.02,False,0.488889,0.8,,0,0,,,,,,,,0,0,0
318,10,DEF,54,1,1.4,0,0.002,0,0.002,1.33333,3.8,1.2,1.92,62.6667,73.6,8.33333,10.4,1.51658,0.956,1.368,1775.26,0.87,1690.02,False,0.311111,0.8,,0,0,,,,,,,,0,0,0
319,10,DEF,54,1.33333,1.4,0.0133333,0.01,0.00666667,0.0125,6,5.8,1.63333,1.92,60.3333,54.2,8,8,1.14018,0.956,1.368,1775.26,0.87,1690.02,False,0.318182,0.6,,0,0,,,,,,,,0,0,0
320,10,DEF,54,1.33333,0.8,0,0,0.00666667,0.00666667,3,1.8,1.33333,0.8,74.3333,44.6,9,5.4,0.83666,0.956,1.368,1775.26,0.87,1690.02,False,0.181818,0.4,,0,0,,,,,,,,0,0,0
321,10,DEF,54,1.33333,1,0,0,0,0,3,3,1.03333,0.72,27,17,5,3.8,1.73205,0.956,1.368,1775.26,0.87,1690.02,False,0.227273,0.2,,0,0,,,,,,,,0,0,0
322,10,DEF,54,0.666667,0.8,0,0,0.01,0.015,2.66667,3.8,0.766667,1.2,30,36,4.66667,5.2,1.09545,0.956,1.368,1775.26,0.87,1690.02,False,0.177778,0.4,,0,0,,,,,,,,0,0,0
323,10,DEF,54,0,0,,,,,0,0,0,0,0,0,0,0,0,0.956,1.368,1775.26,0.87,1690.02,False,0,0,,0,0,,,,,,,,0,0,0
324,10,MID,54,2.33333,4.4,0.07,0.078,0.08,0.124,14.3333,19.4,5.36667,5.76,88.3333,81.6,7.66667,6.2,4.9295,0.956,1.368,1775.26,0.87,1690.02,False,0.676923,1,,,,30.3667,10,0.333333,2.33333,,,,0,0,0
325,10,MID,54,1,1,0.0333333,0.02,0.0133333,0.01,3.33333,3.4,1.56667,1.08,25,22,1.66667,1.6,0,0.956,1.368,1775.26,0.87,1690.02,False,0.178571,0.2,,,,6.23333,5,0.333333,1.33333,,,,0,0,0
326,10,MID,54,1.33333,1.2,0.0333333,0.025,0.0133333,0.1125,6.66667,5.6,0.9,1.44,29,33.2,2.33333,2,0.83666,0.956,1.368,1775.26,0.87,1690.02,False,0.230769,0.2,,,,2.3,5,0,1.66667,,,,0,0,0
327,10,MID,54,0,0,,,,,0,0,0,0,0,0,0,0,0,0.956,1.368,1775.26,0.87,1690.02,False,0,0,,,,0,0,,,,,,0,0,0
328,10,MID,54,5,4.4,0.133333,0.09,0.1,0.062,17.3333,17.8,4.13333,4.12,90,87.8,10.3333,10.2,2.88097,0.956,1.368,1775.26,0.87,1690.02,False,0.814815,1,,,,10.3,10,0.333333,2.33333,,,,0,0,0
329,10,MID,54,1.66667,3,0.125,0.1775,0.05,0.05,6.33333,12,2.96667,4.36,49,62.2,5.66667,6,3.53553,0.956,1.368,1775.26,0.87,1690.02,False,0.576923,0.8,,,,12.7,10.6667,0.5,2.5,,,,0,0,0
330,10,MID,54,2,2,0.0133333,0.008,0.0266667,0.02,13.3333,13.6,2.3,2.12,90,90,7.33333,7.6,0,0.956,1.368,1775.26,0.87,1690.02,False,0.408163,1,,,,9.33333,3,0.333333,0.333333,,,,0,0,0
331,10,MID,54,1.66667,1.2,0.113333,0.085,0.0233333,0.0175,7.33333,5.2,1.4,0.86,48,29.6,2.66667,1.8,0.83666,0.956,1.368,1775.26,0.87,1690.02,False,0.244898,0.2,,,,7,5.66667,0,1.33333,,,,0,0,0
332,10,MID,54,3.33333,3,0.265,0.2125,0.035,0.11,12.6667,12.8,3.66667,4.36,32.3333,54.4,4,5,3.67423,0.956,1.368,1775.26,0.87,1690.02,False,0.6,0.8,,,,9.16667,11.6667,0.5,1,,,,0,0,0
333,10,MID,54,0,0,,,,,0,0,0,0,0,0,0,0,0,0.956,1.368,1775.26,0.87,1690.02,False,0,0,,,,0,0,,,,,,0,0,0
334,10,MID,54,0,0,,,,,0,0,0,0,0,0,0,0,0,0.956,1.368,1775.26,0.87,1690.02,False,0,0,,,,0,0,,,,,,0,0,0
335,10,MID,54,2,1.6,0.0133333,0.076,0.01,0.012,6,6.4,0.766667,2.08,47.3333,54.4,3.33333,4.2,0.894427,0.956,1.368,1775.26,0.87,1690.02,False,0.355556,0.8,,,,0.733333,3,0,1,,,,0,0,0
336,10,MID,54,0,0,,,,,0,0,0,0,0,0,0,0,0,0.956,1.368,1775.26,0.87,1690.02,False,0,0,,,,0,0,,,,,,0,0,0
337,10,FWD,54,2.33333,2.8,0.38,0.205,0.025,0.0125,8,11,3.23333,3.3,60,40,3.66667,2.4,2.58844,0.956,1.368,1775.26,0.87,1690.02,False,0.451613,0.6,,,,,,,,0.38,1,5,0,0,0
338,10,FWD,54,0,1,,0.12,,0,0,2.6,0,1.3,0,15.8,0,1.2,2.23607,0.956,1.368,1775.26,0.87,1690.02,False,0.185185,0.2,,,,,,,,,,,0,0,0
339,10,GKP,2,0,0,,,,,0,0,0,0,0,0,0,0,0,1.624,0.846,1732.75,1.266,1832.26,False,0,0,0,,,,,,,,,,0,0,0
340,10,GKP,2,0,0,,,,,0,0,0,0,0,0,0,0,0,1.624,0.846,1732.75,1.266,1832.26,False,0,0,0,,,,,,,,,,0,0,0
341,10,GKP,2,0.666667,1.4,0,0,0.005,0.0025,1.66667,8,0.566667,1.7,60,72,5.33333,9.2,1.14018,1.624,0.846,1732.75,1.266,1832.26,False,0.35,0.8,0.666667,,,,,,,,,,0,0,0
342,10,DEF,2,2,2.6,0.173333,0.104,0.116667,0.076,7.66667,7.8,3.7,3.36,89.3333,88,11.3333,12,1.14018,1.624,0.846,1732.75,1.266,1832.26,False,0.577778,1,,0,0.2,,,,,,,,0,0,0
343,10,DEF,2,0.333333,1.6,0.235,0.145,0.015,0.0125,2.33333,6,1.96667,2.66,60,72,4,8.8,1.81659,1.624,0.846,1732.75,1.266,1832.26,False,0.363636,0.8,,0,0,,,,,,,,0,0,0
344,10,DEF,2,1.33333,0.8,0,0,0,0,6,3.6,1.16667,0.7,30,18,6.33333,3.8,1.78885,1.624,0.846,1732.75,1.266,1832.26,False,0.205128,0.2,,0,0,,,,,,,,0,0,0
345,10,DEF,2,0,0,,,,,0,0,0,0,0,0,0,0,0,1.624,0.846,1732.75,1.266,1832.26,False,0,0,,0,0,,,,,,,,0,0,0
346,10,DEF,2,0,0,,,,,0,0,0,0,0,0,0,0,0,1.624,0.846,1732.75,1.266,1832.26,False,0,0,,0,0,,,,,,,,0,0,0
347,10,DEF,2,1,1.6,0,0,0.226667,0.162,11.6667,8,4.96667,4.06,70.3333,78.2,9,10,1.34164,1.624,0.846,1732.75,1.266,1832.26,False,0.4,1,,0,0,,,,,,,,0,0,0
348,10,DEF,2,5,4.8,0.116667,0.136,0.02,0.014,15.6667,16,6.5,6.36,90,90,11.3333,11.4,5.21536,1.624,0.846,1732.75,1.266,1832.26,False,1.17073,1,,0,0.4,,,,,,,,0,0,0
349,10,DEF,2,0,0,,,,,0,0,0,0,0,0,0,0,0,1.624,0.846,1732.75,1.266,1832.26,False,0,0,,0,0,,,,,,,,0,0,0
350,10,MID,2,6,4.8,0.323333,0.298,0.156667,0.136,21.3333,18.4,7.93333,6.06,72.3333,78.6,6.33333,7,3.70135,1.624,0.846,1732.75,1.266,1832.26,False,0.888889,1,,,,25.8667,28,1,3,,,,0,0,0
351,10,MID,2,0,0,,,,,0,0,0,0,0,0,0,0,0,1.624,0.846,1732.75,1.266,1832.26,False,0,0,,,,0,0,,,,,,0,0,0
352,10,MID,2,1.33333,1.2,0.07,0.056,0.06,0.036,7.66667,6.4,1.96667,1.52,44.3333,35.2,4,3.4,0.447214,1.624,0.846,1732.75,1.266,1832.26,False,0.230769,0.2,,,,9,6,0.333333,1,,,,0,0,0
353,10,MID,2,0.666667,0.4,0,0,0.1,0.1,3.33333,2,1.56667,0.94,9,5.4,0.333333,0.2,0.547723,1.624,0.846,1732.75,1.266,1832.26,False,0.0754717,0,,,,9.53333,2.66667,0,2,,,,0,0,0
354,10,MID,2,3,2.8,0.116667,0.074,0.04,0.03,15.6667,14.6,3.83333,3.12,86.6667,88,12.6667,12.4,1.30384,1.624,0.846,1732.75,1.266,1832.26,False,0.571429,1,,,,16.4,4,0,1,,,,0,0,0
355,10,MID,2,0,0,,,,,0,0,0,0,0,0,0,0,0,1.624,0.846,1732.75,1.266,1832.26,False,0,0,,,,0,0,,,,,,0,0,0
356,10,MID,2,0,0.2,0,0,0,0,0.666667,1,0.0333333,0.02,6,3.8,1,0.6,0.447214,1.624,0.846,1732.75,1.266,1832.26,False,0.0416667,0,,,,0.1,0,0,0,,,,0,0,0
357,10,MID,2,0,0,,,,,0,0,0,0,0,0,0,0,0,1.624,0.846,1732.75,1.266,1832.26,False,0,0,,,,0,0,,,,,,0,0,0
358,10,MID,2,1.66667,1.4,0.0233333,0.014,0.0233333,0.014,6,5,1.26667,0.82,34.3333,22.6,2,2,0.894427,1.624,0.846,1732.75,1.266,1832.26,False,0.291667,0.2,,,,9.6,0.333333,0,0,,,,0,0,0
359,10,MID,2,0,0,,,,,0,0,0,0,0,0,0,0,0,1.624,0.846,1732.75,1.266,1832.26,False,0,0,,,,0,0,,,,,,0,0,0
360,10,MID,2,0,0,,,,,0,0,0,0,0,0,0,0,0,1.624,0.846,1732.75,1.266,1832.26,False,0,0,,,,0,0,,,,,,0,0,0
361,10,MID,2,0,0,,,,,0,0,0,0,0,0,0,0,0,1.624,0.846,1732.75,1.266,1832.26,False,0,0,,,,0,0,,,,,,0,0,0
362,10,FWD,2,0.666667,0.4,0.115,0.115,0.01,0.01,1.33333,0.8,1.26667,0.76,9.33333,5.6,1,0.6,0.547723,1.624,0.846,1732.75,1.266,1832.26,False,0.08,0,,,,,,,,0.115,0.5,3.5,0,0,0
363,10,FWD,2,0,0,,,,,0,0,0,0,0,0,0,0,0,1.624,0.846,1732.75,1.266,1832.26,False,0,0,,,,,,,,,,,0,0,0
364,10,FWD,2,0,0,,,,,0,0,0,0,0,0,0,0,0,1.624,0.846,1732.75,1.266,1832.26,False,0,0,,,,,,,,,,,0,0,0
365,10,FWD,2,1,1,0.25,0.15,0.00666667,0.004,2.33333,2.6,1.2,0.76,12.6667,8,0,0.2,0,1.624,0.846,1732.75,1.266,1832.26,False,0.2,0,,,,,,,,0.25,0.333333,2,0,0,0
366,10,GKP,14,0,0.8,,0,,0,0,6.4,0,1.16,0,36,0,4.6,1.09545,2.008,1.742,1974.46,0.858,1873.86,False,0.148148,0.4,0,,,,,,,,,,0,0,0
367,10,GKP,14,1.66667,1,0,0,0,0,12,7.2,2.8,1.68,90,54,13,7.8,1,2.008,1.742,1974.46,0.858,1873.86,False,0.232558,0.6,3.66667,,,,,,,,,,0,0,0
368,10,GKP,14,0,0,,,,,0,0,0,0,0,0,0,0,0,2.008,1.742,1974.46,0.858,1873.86,False,0,0,0,,,,,,,,,,0,0,0
369,10,GKP,14,0,0,,,,,0,0,0,0,0,0,0,0,0,2.008,1.742,1974.46,0.858,1873.86,False,0,0,0,,,,,,,,,,0,0,0
370,10,DEF,14,0.333333,0.4,0,0,0.31,0.16,2.66667,1.4,0.766667,0.68,1.66667,4.2,0,1.2,0.547723,2.008,1.742,1974.46,0.858,1873.86,False,0.0689655,0,,0,0,,,,,,,,0,0,0
371,10,DEF,14,2.66667,2.6,0.2,0.126,0.02,0.026,8.66667,9,4.46667,4.24,68,76.8,7,8.6,2.30217,2.008,1.742,1974.46,0.858,1873.86,False,0.45614,1,,0,0.2,,,,,,,,0,0,0
372,10,DEF,14,0.666667,0.4,0.015,0.015,0.01,0.01,3.66667,2.2,1.53333,0.92,21.3333,12.8,4.33333,2.6,0.547723,2.008,1.742,1974.46,0.858,1873.86,False,0.0689655,0,,0,0,,,,,,,,0,0,0
373,10,DEF,14,2.33333,2.6,0.0766667,0.046,0.0166667,0.016,8.66667,9.8,4.43333,3.92,90,90,15.3333,14.6,1.14018,2.008,1.742,1974.46,0.858,1873.86,False,0.433333,1,,0,0,,,,,,,,0,0,0
374,10,DEF,14,2.33333,2.8,0.00333333,0.024,0.0666667,0.052,9.66667,10.4,3.46667,3.66,78.3333,79.6,10.3333,12.2,1.09545,2.008,1.742,1974.46,0.858,1873.86,False,0.518519,1,,0,0,,,,,,,,0,0,0
375,10,DEF,14,2,1.8,0,0.008,0.0166667,0.02,3,4.4,1.63333,1.64,55.6667,60.4,5.33333,5.4,1.48324,2.008,1.742,1974.46,0.858,1873.86,False,0.36,1,,0,0.2,,,,,,,,0,0,0
376,10,DEF,14,0.333333,0.2,0.13,0.13,0.07,0.07,0.666667,0.4,0.166667,0.1,2.33333,1.4,0,0,0.447214,2.008,1.742,1974.46,0.858,1873.86,False,0.0408163,0,,0,0,,,,,,,,0,0,0
377,10,DEF,14,0,0,,,,,0,0,0,0,0,0,0,0,0,2.008,1.742,1974.46,0.858,1873.86,False,0,0,,0,0,,,,,,,,0,0,0
378,10,DEF,14,0,0,,,,,0,0,0,0,0,0,0,0,0,2.008,1.742,1974.46,0.858,1873.86,False,0,0,,0,0,,,,,,,,0,0,0
379,10,DEF,14,0,0,,,,,0,0,0,0,0,0,0,0,0,2.008,1.742,1974.46,0.858,1873.86,False,0,0,,0,0,,,,,,,,0,0,0
380,10,DEF,14,0,0,,,,,0,0,0,0,0,0,0,0,0,2.008,1.742,1974.46,0.858,1873.86,False,0,0,,0,0,,,,,,,,0,0,0
381,10,MID,14,3.33333,3.4,0.45,0.392,0.156667,0.14,9.66667,8.2,9.2,8.1,88,88.8,2.33333,2.8,1.94936,2.008,1.742,1974.46,0.858,1873.86,False,0.239437,1,,,,39.2,36.3333,1,7.33333,,,,0,0,0
382,10,MID,14,1.33333,1.2,0.06,0.132,0.11,0.08,8,6.2,3.7,3.54,51.6667,51.4,4.66667,3.8,0.83666,2.008,1.742,1974.46,0.858,1873.86,False,0.15,0.4,,,,21.1333,8,0,3.66667,,,,0,0,0
383,10,MID,14,0,0,,,,,0,0,0,0,0,0,0,0,0,2.008,1.742,1974.46,0.858,1873.86,False,0,0,,,,0,0,,,,,,0,0,0
384,10,MID,14,5.33333,3.8,0.686667,0.458,0.316667,0.214,22,15.6,10.2667,7.64,80,69,4.33333,4,2.94958,2.008,1.742,1974.46,0.858,1873.86,False,0.5,0.8,,,,38.8667,37.3333,0.666667,6.33333,,,,0,0,0
385,10,MID,14,1.66667,2,0.075,0.146667,0.02,0.0133333,7.66667,7.8,2.03333,2.26,15.6667,12.6,2.33333,1.6,2.34521,2.008,1.742,1974.46,0.858,1873.86,False,0.3125,0,,,,4.03333,5.66667,0,2.5,,,,0,0,0
386,10,MID,14,1.66667,1.8,0.0966667,0.086,0.0333333,0.038,8,10.2,2.5,2.2,58,59.6,4.66667,5,0.447214,2.008,1.742,1974.46,0.858,1873.86,False,0.285714,0.8,,,,11.6333,6,0.333333,0.666667,,,,0,0,0
387,10,MID,14,5,4.2,0.196667,0.138,0.123333,0.164,21.6667,20.6,7.1,7.38,90,90,14.6667,14,3.70135,2.008,1.742,1974.46,0.858,1873.86,False,0.646154,1,,,,31.6333,7.66667,0.333333,1.66667,,,,0,0,0
388,10,MID,14,1.33333,1.2,0.0933333,0.064,0.19,0.174,9.66667,10,2.33333,2.14,43.6667,37,6,5.2,0.447214,2.008,1.742,1974.46,0.858,1873.86,False,0.222222,0.2,,,,4.73333,10.6667,0.666667,1.33333,,,,0,0,0
389,10,MID,7,0,0.4,,0.095,,0.035,0,1.4,0,0.8,0,15.4,0,0.6,0.547723,0.836,0.858,1873.86,1.742,1974.46,False,0.0740741,0.2,,,,0,0,,,,,,0,0,0
390,10,MID,14,1.33333,5.4,0.015,0.06,0.015,0.065,9.33333,21,1.16667,3.46,50.3333,66.2,4,7.4,6.14817,2.008,1.742,1974.46,0.858,1873.86,False,0.964286,0.8,,,,2.36667,2.33333,0.5,0,,,,0,0,0
391,10,MID,91,1.66667,1.2,0,0.03,0.035,0.0266667,6.66667,4,1.16667,0.84,8.66667,8.6,0.333333,0.4,1.64317,1.002,1.534,1847.42,0.724,1969.44,False,0.244898,0,,,,3.76667,1.33333,0,1,,,,0,0,0
392,10,MID,14,0.333333,0.2,0,0,0,0,1.33333,0.8,0.133333,0.08,1.33333,0.8,0.666667,0.4,0.447214,2.008,1.742,1974.46,0.858,1873.86,False,0.0408163,0,,,,0.0666667,0,0,0,,,,0,0,0
393,10,MID,14,0,0,,,,,0,0,0,0,0,0,0,0,0,2.008,1.742,1974.46,0.858,1873.86,False,0,0,,,,0,0,,,,,,0,0,0
394,10,MID,14,0,0,,,,,0,0,0,0,0,0,0,0,0,2.008,1.742,1974.46,0.858,1873.86,False,0,0,,,,0,0,,,,,,0,0,0
395,10,MID,14,0,0,,,,,0,0,0,0,0,0,0,0,0,2.008,1.742,1974.46,0.858,1873.86,False,0,0,,,,0,0,,,,,,0,0,0
396,10,MID,14,0,0,,,,,0,0,0,0,0,0,0,0,0,2.008,1.742,1974.46,0.858,1873.86,False,0,0,,,,0,0,,,,,,0,0,0
397,10,FWD,14,0,0,,,,,0,0,0,0,0,0,0,0,0,2.008,1.742,1974.46,0.858,1873.86,False,0,0,,,,,,,,,,,0,0,0
398,10,FWD,14,0,0,,,,,0,0,0,0,0,0,0,0,0,2.008,1.742,1974.46,0.858,1873.86,False,0,0,,,,,,,,,,,0,0,0
399,10,GKP,43,0,0,,,,,0,0,0,0,0,0,0,0,0,1.462,0.724,1969.44,1.534,1847.42,False,0,0,0,,,,,,,,,,0,0,0
400,10,GKP,43,0,0,,,,,0,0,0,0,0,0,0,0,0,1.462,0.724,1969.44,1.534,1847.42,False,0,0,0,,,,,,,,,,0,0,0
401,10,GKP,43,0,0,,,,,0,0,0,0,0,0,0,0,0,1.462,0.724,1969.44,1.534,1847.42,False,0,0,0,,,,,,,,,,0,0,0
402,10,DEF,43,0,0,,,,,0,0,0,0,0,0,0,0,0,1.462,0.724,1969.44,1.534,1847.42,False,0,0,,0,0,,,,,,,,0,0,0
403,10,DEF,43,4.66667,4,0.065,0.0425,0.045,0.07,15.6667,15.4,3.1,3.54,60,67.8,5.33333,9,4.69042,1.462,0.724,1969.44,1.534,1847.42,False,0.677966,0.8,,0.2,0.2,,,,,,,,0,0,0
404,10,DEF,43,0,0,,,,,0,0,0,0,0,0,0,0,0,1.462,0.724,1969.44,1.534,1847.42,False,0,0,,0,0,,,,,,,,0,0,0
405,10,DEF,43,2,1.6,0.09,0.0466667,0.02,0.0166667,8.66667,6,0.866667,0.92,30,26.4,2.33333,1.8,2.50998,1.462,0.724,1969.44,1.534,1847.42,False,0.301887,0.2,,0.2,0,,,,,,,,0,0,0
406,10,DEF,43,0,0.2,,0,,0,0,0.8,0,0.12,0,9,0,1.2,0.447214,1.462,0.724,1969.44,1.534,1847.42,False,0.037037,0.2,,0,0,,,,,,,,0,0,0
407,10,DEF,43,4.66667,5.4,0.0166667,0.046,0.0866667,0.06,24.6667,22.4,3.63333,4.12,90,81,11.3333,10,4.39318,1.462,0.724,1969.44,1.534,1847.42,False,1.01887,0.8,,0.4,0.4,,,,,,,,0,0,0
408,10,DEF,43,6.33333,4.6,0.0433333,0.026,0.0233333,0.02,25.3333,18.8,4.26667,3.18,90,90,14.3333,12,2.96648,1.462,0.724,1969.44,1.534,1847.42,False,0.836364,1,,0.4,0,,,,,,,,0,0,0
409,10,DEF,43,0.666667,0.6,0,0,0.02,0.01,1,0.4,0.966667,0.62,20,12.6,1.66667,1,0.894427,1.462,0.724,1969.44,1.534,1847.42,False,0.109091,0.2,,0,0,,,,,,,,0,0,0
410,10,DEF,43,0.333333,0.4,0,0,0.24,0.12,1,1.2,0.133333,0.14,1.66667,2.4,0,0,0.547723,1.462,0.724,1969.44,1.534,1847.42,False,0.0816327,0,,0,0,,,,,,,,0,0,0
411,10,DEF,43,5.66667,5,0.133333,0.086,0.0966667,0.092,23,19.8,5.03333,4.74,67.6667,74.2,8.33333,9.6,3.937,1.462,0.724,1969.44,1.534,1847.42,False,1.02041,0.8,,0.6,0.2,,,,,,,,0,0,0
412,10,DEF,43,0,0,,,,,0,0,0,0,0,0,0,0,0,1.462,0.724,1969.44,1.534,1847.42,False,0,0,,0,0,,,,,,,,0,0,0
413,10,MID,43,0.333333,0.2,0,0,0,0,0.666667,0.4,0,0,2,1.2,0,0,0.447214,1.462,0.724,1969.44,1.534,1847.42,False,0.0240964,0,,,,0.1,0,0,0,,,,0,0,0
414,10,MID,43,2.33333,2.2,0.21,0.126,0.366667,0.256,20.6667,16.6,9.8,7.64,90,85.4,6.66667,6.8,1.09545,1.462,0.724,1969.44,1.534,1847.42,False,0.275,1,,,,67.5,14.3333,0.333333,3.33333,,,,0,0,0
415,10,MID,43,3.33333,2.6,0.0666667,0.046,0.156667,0.106,12.3333,8.6,5.3,3.62,85.6667,64.2,6.66667,4.4,2.07364,1.462,0.724,1969.44,1.534,1847.42,False,0.376812,0.8,,,,17.2333,21.6667,1,5,,,,0,0,0
416,10,MID,43,1.33333,1.2,0,0,0.05,0.034,9.66667,8.4,1.83333,1.68,35,40.4,4.66667,5,0.447214,1.462,0.724,1969.44,1.534,1847.42,False,0.190476,0.4,,,,11.2,1.33333,0,0.666667,,,,0,0,0
417,10,MID,43,0.666667,0.4,0.105,0.105,0.03,0.03,4.66667,2.8,1.5,0.9,6.33333,3.8,0,0,0.547723,1.462,0.724,1969.44,1.534,1847.42,False,0.0634921,0,,,,10.1667,2.33333,0,0.5,,,,0,0,0
418,10,MID,43,1,3.2,0.12,0.184,0.143333,0.172,4.66667,13.8,3.5,6.74,33.6667,55.4,2,3.6,3.89872,1.462,0.724,1969.44,1.534,1847.42,False,0.492308,0.6,,,,17.7333,11.6667,0.333333,3.33333,,,,0,0,0
419,10,MID,11,3.66667,2.8,0.34,0.1725,0.075,0.1,17.3333,17,6.23333,6.84,60,72,6,6.4,4.08656,1.202,1.544,1792.02,1.204,1634.46,False,0.405797,0.8,,,,13.0667,29,1.5,6,,,,0,0,0
420,10,MID,43,0,0,,,,,0,0,0,0,0,0,0,0,0,1.462,0.724,1969.44,1.534,1847.42,False,0,0,,,,0,0,,,,,,0,0,0
421,10,MID,43,0.333333,1,0,0.03,0.01,0.01,1.33333,4.6,0.5,0.88,7,22.2,0.666667,3.6,1.73205,1.462,0.724,1969.44,1.534,1847.42,False,0.15873,0.4,,,,4.2,0,0,0,,,,0,0,0
422,10,MID,43,0.333333,0.2,0,0,0,0,1,0.6,0.1,0.06,1.33333,0.8,0,0,0.447214,1.462,0.724,1969.44,1.534,1847.42,False,0.0338983,0,,,,0.266667,0,0,0,,,,0,0,0
423,10,MID,43,2.66667,2.2,0.04,0.034,0.03,0.064,13,12.8,2.83333,2.82,60.6667,57.2,9.33333,8,1.92354,1.462,0.724,1969.44,1.534,1847.42,False,0.372881,0.4,,,,11.7333,4.33333,0,1.33333,,,,0,0,0
424,10,MID,43,2,1.4,0.0233333,0.0175,0.11,0.0975,10.6667,6.8,3.53333,2.4,55.3333,38.8,3.66667,2.4,1.14018,1.462,0.724,1969.44,1.534,1847.42,False,0.259259,0.4,,,,18.3333,9.33333,0,3.66667,,,,0,0,0
425,10,MID,43,0,0,,,,,0,0,0,0,0,0,0,0,0,1.462,0.724,1969.44,1.534,1847.42,False,0,0,,,,0,0,,,,,,0,0,0
426,10,MID,17,0,0.2,,0.02,,0.04,0,1.4,0,0.22,0,11.8,0,1,0.447214,1.16,1.642,1753.99,1.406,1828.63,False,0.0384615,0.2,,,,0,0,,,,,,0,0,0
427,10,MID,43,1.66667,3.2,0.176667,0.146,0.06,0.056,10,14.4,3.7,4.42,69.3333,76,3,5.4,3.34664,1.462,0.724,1969.44,1.534,1847.42,False,0.581818,1,,,,16.4333,16,0.333333,3.33333,,,,0,0,0
428,10,MID,43,0,0,,,,,0,0,0,0,0,0,0,0,0,1.462,0.724,1969.44,1.534,1847.42,False,0,0,,,,0,0,,,,,,0,0,0
429,10,MID,43,0,0,,,,,0,0,0,0,0,0,0,0,0,1.462,0.724,1969.44,1.534,1847.42,False,0,0,,,,0,0,,,,,,0,0,0
430,10,FWD,43,7.66667,9.6,0.5,0.638,0.0133333,0.058,35.6667,41.4,9.9,11.06,90,87,3,3.6,5.31977,1.462,0.724,1969.44,1.534,1847.42,False,0.648649,1,,,,,,,,0.5,2.66667,6.33333,0,0,0
431,10,GKP,1,0,0.8,,0,,0.005,0,3,0,0.96,0,36,0,2.4,1.09545,1.678,1.406,1828.63,1.642,1753.99,False,0.166667,0.4,0,,,,,,,,,,0,0,0
432,10,GKP,1,0,0,,,,,0,0,0,0,0,0,0,0,0,1.678,1.406,1828.63,1.642,1753.99,False,0,0,0,,,,,,,,,,0,0,0
433,10,GKP,1,0,0,,,,,0,0,0,0,0,0,0,0,0,1.678,1.406,1828.63,1.642,1753.99,False,0,0,0,,,,,,,,,,0,0,0
434,10,GKP,1,0,0,,,,,0,0,0,0,0,0,0,0,0,1.678,1.406,1828.63,1.642,1753.99,False,0,0,0,,,,,,,,,,0,0,0
435,10,GKP,1,0,0,,,,,0,0,0,0,0,0,0,0,0,1.678,1.406,1828.63,1.642,1753.99,False,0,0,0,,,,,,,,,,0,0,0
436,10,DEF,1,3.66667,3.2,0.143333,0.116,0,0.076,12.6667,13.4,1.66667,2.5,90,90,9.66667,11.2,2.77489,1.678,1.406,1828.63,1.642,1753.99,False,0.64,1,,0.2,0,,,,,,,,0,0,0
437,10,DEF,1,0,0,,,,,0,0,0,0,0,0,0,0,0,1.678,1.406,1828.63,1.642,1753.99,False,0,0,,0,0,,,,,,,,0,0,0
438,10,DEF,1,0,1.4,,0,,0.1,0,5.6,0,0.58,0,12.8,0,2.2,3.1305,1.678,1.406,1828.63,1.642,1753.99,False,0.285714,0.2,,0.2,0,,,,,,,,0,0,0
439,10,DEF,1,0,0,,,,,0,0,0,0,0,0,0,0,0,1.678,1.406,1828.63,1.642,1753.99,False,0,0,,0,0,,,,,,,,0,0,0
440,10,DEF,1,4.66667,3,0.0266667,0.02,0.04,0.06,14.3333,8.8,2.73333,2.6,81,66.6,10,6.4,3.67423,1.678,1.406,1828.63,1.642,1753.99,False,0.681818,0.8,,0.2,0.2,,,,,,,,0,0,0
441,10,DEF,1,0.333333,1.2,0,0,0.00666667,0.084,0.666667,5,1.43333,2.56,25.6667,50.2,4.66667,7.4,2.28035,1.678,1.406,1828.63,1.642,1753.99,False,0.27907,0.4,,0,0.2,,,,,,,,0,0,0
442,10,DEF,1,4,4.8,0.045,0.055,0.005,0.005,9,13,2.43333,2.5,31.6667,45.8,4.66667,5.6,5.6745,1.678,1.406,1828.63,1.642,1753.99,False,1.09091,0.6,,0.2,0.4,,,,,,,,0,0,0
443,10,DEF,1,5.66667,4,0,0.016,0.00333333,0.006,19.3333,14.4,1.76667,1.7,79.3333,81.6,6.33333,8.4,3.39116,1.678,1.406,1828.63,1.642,1753.99,False,0.888889,1,,0.4,0.2,,,,,,,,0,0,0
444,10,DEF,1,2.66667,2,0.00666667,0.004,0.00333333,0.002,12.3333,7,1.4,1.04,59.6667,44.6,7.33333,5.6,2.23607,1.678,1.406,1828.63,1.642,1753.99,False,0.454545,0.4,,0.2,0,,,,,,,,0,0,0
445,10,DEF,1,0,0,,,,,0,0,0,0,0,0,0,0,0,1.678,1.406,1828.63,1.642,1753.99,False,0,0,,0,0,,,,,,,,0,0,0
446,10,DEF,1,0,0,,,,,0,0,0,0,0,0,0,0,0,1.678,1.406,1828.63,1.642,1753.99,False,0,0,,0,0,,,,,,,,0,0,0
447,10,DEF,1,1,0.6,0,0,0.08,0.08,3.66667,2.2,1.23333,0.74,8.33333,5,1.33333,0.8,1.34164,1.678,1.406,1828.63,1.642,1753.99,False,0.157895,0,,0,0.2,,,,,,,,0,0,0
448,10,DEF,1,0,0,,,,,0,0,0,0,0,0,0,0,0,1.678,1.406,1828.63,1.642,1753.99,False,0,0,,0,0,,,,,,,,0,0,0
449,10,MID,1,5,4.8,0.25,0.472,0.203333,0.14,23.6667,22,8.73333,8.32,88,88,10.6667,10.2,4.32435,1.678,1.406,1828.63,1.642,1753.99,False,0.539326,1,,,,37.8,23.3333,1,3.33333,,,,0,0,0
450,10,MID,1,3.66667,2.8,0.186667,0.134,0.113333,0.128,16.6667,13.4,4.93333,4.04,65.3333,62.4,7,6.6,2.94958,1.678,1.406,1828.63,1.642,1753.99,False,0.35443,0.6,,,,10.7333,19.3333,1,3,,,,0,0,0
451,10,MID,1,0,0,,,,,0,0,0,0,0,0,0,0,0,1.678,1.406,1828.63,1.642,1753.99,False,0,0,,,,0,0,,,,,,0,0,0
452,10,MID,1,3,2.2,0.213333,0.255,0.1,0.0875,15.6667,11,4.96667,3.56,72.3333,61.4,7.33333,6.6,1.30384,1.678,1.406,1828.63,1.642,1753.99,False,0.349206,0.8,,,,21.7667,13.3333,0.333333,3.33333,,,,0,0,0
453,10,MID,8,3,1.8,0.09,0.09,0.03,0.03,11.3333,6.8,3.93333,2.36,58.6667,35.2,3,1.8,2.48998,1.16,1.946,1896.62,1.242,1829.71,False,0.28125,0.6,,,,3.73333,24,0.666667,3.66667,,,,0,0,0
454,10,MID,1,0,0,,,,,0,0,0,0,0,0,0,0,0,1.678,1.406,1828.63,1.642,1753.99,False,0,0,,,,0,0,,,,,,0,0,0
455,10,MID,1,4.33333,3,0.16,0.08,0.03,0.02,11.3333,8.2,2.96667,1.92,41.3333,30.8,2,1.6,4.06202,1.678,1.406,1828.63,1.642,1753.99,False,0.508475,0.4,,,,4.96667,11.3333,1,2.5,,,,0,0,0
456,10,MID,7,0.333333,0.4,0.27,0.145,0.02,0.03,0.666667,0.8,2.2,1.54,14.6667,10.4,0.666667,0.4,0.547723,0.836,0.858,1873.86,1.742,1974.46,False,0.0689655,0,,,,0.766667,18.6667,2,5,,,,0,0,0
457,10,MID,1,6.33333,4.4,0.03,0.11,0.0133333,0.0125,19.6667,15,4.1,4,70,51.8,10.3333,6.8,6.1887,1.678,1.406,1828.63,1.642,1753.99,False,0.8,0.8,,,,7.4,4,0.333333,0.666667,,,,0,0,0
458,10,MID,1,1,1,0,0,0.00333333,0.002,3,2.8,0.866667,0.68,12.6667,13,2,1.8,0,1.678,1.406,1828.63,1.642,1753.99,False,0.208333,0,,,,4.1,0.666667,0,0.333333,,,,0,0,0
459,10,MID,1,1,1.2,0,0,0,0.002,4.66667,7.2,0.533333,0.76,15.3333,31.2,4,5.6,0.447214,1.678,1.406,1828.63,1.642,1753.99,False,0.25,0.2,,,,0.633333,0,0,0,,,,0,0,0
460,10,MID,1,0,0,,,,,0,0,0,0,0,0,0,0,0,1.678,1.406,1828.63,1.642,1753.99,False,0,0,,,,0,0,,,,,,0,0,0
461,10,MID,1,0,0,,,,,0,0,0,0,0,0,0,0,0,1.678,1.406,1828.63,1.642,1753.99,False,0,0,,,,0,0,,,,,,0,0,0
462,10,MID,1,0,0,,,,,0,0,0,0,0,0,0,0,0,1.678,1.406,1828.63,1.642,1753.99,False,0,0,,,,0,0,,,,,,0,0,0
463,10,MID,1,0,0,,,,,0,0,0,0,0,0,0,0,0,1.678,1.406,1828.63,1.642,1753.99,False,0,0,,,,0,0,,,,,,0,0,0
464,10,MID,1,0,0,,,,,0,0,0,0,0,0,0,0,0,1.678,1.406,1828.63,1.642,1753.99,False,0,0,,,,0,0,,,,,,0,0,0
465,10,FWD,1,0,0,,,,,0,0,0,0,0,0,0,0,0,1.678,1.406,1828.63,1.642,1753.99,False,0,0,,,,,,,,,,,0,0,0
466,10,FWD,1,0.333333,0.4,0,0.06,0,0,1,1,0.266667,0.2,2.66667,2.6,0.666667,0.4,0.547723,1.678,1.406,1828.63,1.642,1753.99,False,0.0689655,0,,,,,,,,0,0,1,0,0,0
467,10,FWD,1,0,0,,,,,0,0,0,0,0,0,0,0,0,1.678,1.406,1828.63,1.642,1753.99,False,0,0,,,,,,,,,,,0,0,0
468,10,FWD,1,0,0,,,,,0,0,0,0,0,0,0,0,0,1.678,1.406,1828.63,1.642,1753.99,False,0,0,,,,,,,,,,,0,0,0
469,10,GKP,4,4,4,0,0,0,0,18.3333,20.2,2.53333,2.76,90,90,11,12.6,2.34521,1.558,1.048,1884.94,1.934,1710.39,False,0.769231,1,3.66667,,,,,,,,,,0,0,0
470,10,GKP,90,4.33333,3.6,0,0,0,0,20,17.6,3.6,3.98,90,90,9,9.2,3.20936,0.708,1.84,1734.8,0.572,2032.83,False,0.9,1,4.66667,,,,,,,,,,0,0,0
471,10,GKP,4,0,0,,,,,0,0,0,0,0,0,0,0,0,1.558,1.048,1884.94,1.934,1710.39,False,0,0,0,,,,,,,,,,0,0,0
472,10,GKP,4,0,0,,,,,0,0,0,0,0,0,0,0,0,1.558,1.048,1884.94,1.934,1710.39,False,0,0,0,,,,,,,,,,0,0,0
473,10,DEF,4,0,1.4,,0,,0.03,0,5.4,0,0.5,0,18,0,2.4,3.1305,1.558,1.048,1884.94,1.934,1710.39,False,0.269231,0.2,,0.2,0,,,,,,,,0,0,0
474,10,DEF,4,0.333333,0.2,0,0,0.01,0.01,2.66667,1.6,0.666667,0.4,9.66667,5.8,3.33333,2,0.447214,1.558,1.048,1884.94,1.934,1710.39,False,0.037037,0,,0,0,,,,,,,,0,0,0
475,10,DEF,4,3,4,0.0433333,0.026,0.08,0.048,12.6667,15.2,3.1,3.46,80,84,9,12,2.91548,1.558,1.048,1884.94,1.934,1710.39,False,0.816327,1,,0.4,0,,,,,,,,0,0,0
476,10,DEF,4,5,4.8,0,0,0.0233333,0.02,11,11.8,2.86667,2.82,90,90,9.33333,11.6,4.86826,1.558,1.048,1884.94,1.934,1710.39,False,0.923077,1,,0.4,0.2,,,,,,,,0,0,0
477,10,DEF,4,0,2.4,,0,,0.015,0,9.8,0,0.46,0,33.2,0,3.4,3.28634,1.558,1.048,1884.94,1.934,1710.39,False,0.489796,0.4,,0.4,0,,,,,,,,0,0,0
478,10,DEF,4,3,1.8,0,0,0.17,0.13,16.6667,9.2,5.16667,3.24,90,58.6,8.66667,6,2.48998,1.558,1.048,1884.94,1.934,1710.39,False,0.36,0.6,,0.2,0,,,,,,,,0,0,0
479,10,DEF,4,0,0,,,,,0,0,0,0,0,0,0,0,0,1.558,1.048,1884.94,1.934,1710.39,False,0,0,,0,0,,,,,,,,0,0,0
480,10,DEF,4,0,0.2,,0.02,,0,0,0,0,0.34,0,3.8,0,1,0.447214,1.558,1.048,1884.94,1.934,1710.39,False,0.0465116,0,,0,0,,,,,,,,0,0,0
481,10,DEF,4,0,0,,,,,0,0,0,0,0,0,0,0,0,1.558,1.048,1884.94,1.934,1710.39,False,0,0,,0,0,,,,,,,,0,0,0
482,10,DEF,4,0,0,,,,,0,0,0,0,0,0,0,0,0,1.558,1.048,1884.94,1.934,1710.39,False,0,0,,0,0,,,,,,,,0,0,0
483,10,DEF,4,0,0,,,,,0,0,0,0,0,0,0,0,0,1.558,1.048,1884.94,1.934,1710.39,False,0,0,,0,0,,,,,,,,0,0,0
484,10,DEF,4,0,0,,,,,0,0,0,0,0,0,0,0,0,1.558,1.048,1884.94,1.934,1710.39,False,0,0,,0,0,,,,,,,,0,0,0
485,10,MID,4,2.33333,2,0.0666667,0.0625,0.196667,0.1525,8.66667,8.2,3.33333,2.66,71,55.8,3,2.8,1.22474,1.558,1.048,1884.94,1.934,1710.39,False,0.266667,0.8,,,,19.6333,8,0,3.33333,,,,0,0,0
486,10,MID,4,1.66667,1.4,0.0566667,0.042,0.04,0.03,5,4.6,3.03333,2.08,42.6667,36,1.66667,1.6,0.894427,1.558,1.048,1884.94,1.934,1710.39,False,0.208955,0.4,,,,17,7.66667,0,3.33333,,,,0,0,0
487,10,MID,4,1,1,0.183333,0.11,0.04,0.024,4.66667,3.4,2.66667,1.66,23,19.6,1,1,0,1.558,1.048,1884.94,1.934,1710.39,False,0.15873,0,,,,7.23333,14.6667,0.666667,2.33333,,,,0,0,0
488,10,MID,4,8.66667,5.6,0.41,0.3075,0.146667,0.165,35,23,8.5,5.86,88.3333,71,8,5.6,6.0663,1.558,1.048,1884.94,1.934,1710.39,False,0.848485,0.8,,,,26.5667,23.3333,1,3.33333,,,,0,0,0
489,10,MID,4,3.33333,3.2,0.293333,0.21,0.17,0.114,17.6667,13.4,6.23333,4.66,41.6667,50.2,2.33333,2.4,2.86356,1.558,1.048,1884.94,1.934,1710.39,False,0.52459,0.6,,,,17.2667,25.6667,1.33333,2.33333,,,,0,0,0
490,10,MID,4,2.66667,2.2,0.186667,0.1475,0.02,0.015,14.6667,9,5.5,3.74,75,63,10.6667,8.8,1.64317,1.558,1.048,1884.94,1.934,1710.39,False,0.372881,0.8,,,,15.1667,24.6667,0.666667,3,,,,0,0,0
491,10,MID,4,2,3,0.0533333,0.044,0.12,0.16,14,17.8,4.8,5.66,62.6667,73.6,6.33333,7,1.87083,1.558,1.048,1884.94,1.934,1710.39,False,0.555556,0.8,,,,20.5333,14.6667,1,0.666667,,,,0,0,0
492,10,MID,4,0,0,,,,,0,0,0,0,0,0,0,0,0,1.558,1.048,1884.94,1.934,1710.39,False,0,0,,,,0,0,,,,,,0,0,0
493,10,MID,2,3.33333,5.4,0.0733333,0.078,0.176667,0.156,23,29.8,7.56667,9.32,90,88.4,7.66667,9.4,5.63915,1.624,0.846,1732.75,1.266,1832.26,False,1.10204,1,,,,51.6,2.33333,0,0.333333,,,,0,0,0
494,10,MID,4,0,0.6,,0,,0.01,0,3,0,0.3,0,12.2,0,1.8,1.34164,1.558,1.048,1884.94,1.934,1710.39,False,0.12,0.2,,,,0,0,,,,,,0,0,0
495,10,MID,4,0,0,,,,,0,0,0,0,0,0,0,0,0,1.558,1.048,1884.94,1.934,1710.39,False,0,0,,,,0,0,,,,,,0,0,0
496,10,MID,4,0,0,,,,,0,0,0,0,0,0,0,0,0,1.558,1.048,1884.94,1.934,1710.39,False,0,0,,,,0,0,,,,,,0,0,0
497,10,MID,4,2.33333,2,0,0,0.0933333,0.075,10,8.8,1.8,1.64,35.3333,39.2,3,3.6,1.58114,1.558,1.048,1884.94,1.934,1710.39,False,0.454545,0.4,,,,8.36667,1.33333,0,0.666667,,,,0,0,0
498,10,MID,4,0,0,,,,,0,0,0,0,0,0,0,0,0,1.558,1.048,1884.94,1.934,1710.39,False,0,0,,,,0,0,,,,,,0,0,0
499,10,FWD,14,2.33333,2,0.255,0.235,0.01,0.0075,6.33333,3.8,2.36667,1.74,48,50,1.33333,2.2,1.87083,2.008,1.742,1974.46,0.858,1873.86,False,0.192308,0.6,,,,,,,,0.255,0.5,3,0,0,0
500,10,FWD,4,2,1.6,0.0433333,0.026,0,0,6,4.2,0.5,0.3,3,7.6,0.666667,0.4,1.34164,1.558,1.048,1884.94,1.934,1710.39,False,0.290909,0,,,,,,,,0.0433333,0.333333,0.333333,0,0,0
501,10,FWD,4,0,0,,,,,0,0,0,0,0,0,0,0,0,1.558,1.048,1884.94,1.934,1710.39,False,0,0,,,,,,,,,,,0,0,0
502,10,GKP,17,2.33333,2.4,0,0,0.00333333,0.002,8.33333,9.8,2.86667,2.68,90,90,7,6.6,0.547723,1.16,1.642,1753.99,1.406,1828.63,False,0.5,1,4.33333,,,,,,,,,,0,0,0
503,10,GKP,17,0,0,,,,,0,0,0,0,0,0,0,0,0,1.16,1.642,1753.99,1.406,1828.63,False,0,0,0,,,,,,,,,,0,0,0
504,10,GKP,17,0,0,,,,,0,0,0,0,0,0,0,0,0,1.16,1.642,1753.99,1.406,1828.63,False,0,0,0,,,,,,,,,,0,0,0
505,10,DEF,17,1.66667,1.6,0.103333,0.066,0.01,0.032,5,7.8,2.1,2.5,90,90,8.66667,9.2,0.894427,1.16,1.642,1753.99,1.406,1828.63,False,0.307692,1,,0,0,,,,,,,,0,0,0
506,10,DEF,17,0.666667,0.4,0,0,0.005,0.005,4.33333,2.6,1.46667,0.88,54.3333,32.6,7,4.2,0.547723,1.16,1.642,1753.99,1.406,1828.63,False,0.0754717,0.4,,0,0,,,,,,,,0,0,0
507,10,DEF,17,0,0,,,,,0,0,0,0,0,0,0,0,0,1.16,1.642,1753.99,1.406,1828.63,False,0,0,,0,0,,,,,,,,0,0,0
508,10,DEF,17,0.666667,2.6,0.21,0.156,0.0233333,0.062,5,12.2,3.63333,5.86,90,90,10.6667,9.8,4.15933,1.16,1.642,1753.99,1.406,1828.63,False,0.553191,1,,0,0.2,,,,,,,,0,0,0
509,10,DEF,17,0,0,,,,,0,0,0,0,0,0,0,0,0,1.16,1.642,1753.99,1.406,1828.63,False,0,0,,0,0,,,,,,,,0,0,0
510,10,DEF,17,1,0.6,0,0,0,0,3,1.8,0.866667,0.52,30,18,4,2.4,1.34164,1.16,1.642,1753.99,1.406,1828.63,False,0.139535,0.2,,0,0,,,,,,,,0,0,0
511,10,DEF,17,1,1.2,0,0.0075,0.005,0.0075,4,6.4,1.36667,1.68,55.3333,69.2,8.66667,10.4,1.30384,1.16,1.642,1753.99,1.406,1828.63,False,0.272727,0.8,,0,0,,,,,,,,0,0,0
512,10,DEF,17,0,0,,,,,0,0,0,0,0,0,0,0,0,1.16,1.642,1753.99,1.406,1828.63,False,0,0,,0,0,,,,,,,,0,0,0
513,10,DEF,17,0,0,,,,,0,0,0,0,0,0,0,0,0,1.16,1.642,1753.99,1.406,1828.63,False,0,0,,0,0,,,,,,,,0,0,0
514,10,DEF,17,0,0,,,,,0,0,0,0,0,0,0,0,0,1.16,1.642,1753.99,1.406,1828.63,False,0,0,,0,0,,,,,,,,0,0,0
515,10,MID,17,2.66667,2.2,0.256667,0.192,0.116667,0.09,11.6667,11.8,3.56667,4.26,89.3333,80.6,7.66667,6.2,1.09545,1.16,1.642,1753.99,1.406,1828.63,False,0.30137,0.8,,,,13.2,16.6667,0.666667,3,,,,0,0,0
516,10,MID,17,1,1,0.0233333,0.016,0.17,0.118,6,5,2.83333,3.02,36,33.8,3.33333,2,0,1.16,1.642,1753.99,1.406,1828.63,False,0.172414,0.2,,,,13.7667,6.33333,0.333333,0.666667,,,,0,0,0
517,10,MID,17,2.33333,2.8,0,0.044,0.143333,0.142,15.3333,16.8,3.83333,5,90,90,11,12.8,1.30384,1.16,1.642,1753.99,1.406,1828.63,False,0.528302,1,,,,24.9,2,0,1.66667,,,,0,0,0
518,10,MID,17,0,0,,,,,0,0,0,0,0,0,0,0,0,1.16,1.642,1753.99,1.406,1828.63,False,0,0,,,,0,0,,,,,,0,0,0
519,10,MID,17,0.333333,0.2,0,0,0.02,0.015,2,1.8,0.533333,0.44,2.33333,10.4,0.333333,0.8,0.447214,1.16,1.642,1753.99,1.406,1828.63,False,0.04,0.2,,,,3.7,0,0,0,,,,0,0,0
520,10,MID,17,0,0,,,,,0,0,0,0,0,0,0,0,0,1.16,1.642,1753.99,1.406,1828.63,False,0,0,,,,0,0,,,,,,0,0,0
521,10,MID,17,0.333333,0.4,0.25,0.125,0.03,0.02,4.33333,3,2.53333,1.7,30,20.8,3,2.2,0.547723,1.16,1.642,1753.99,1.406,1828.63,False,0.0816327,0.2,,,,5.33333,11.3333,1,1,,,,0,0,0
522,10,MID,17,0.666667,0.4,0.035,0.035,0,0,2.66667,1.6,1.23333,0.74,36,21.6,3,1.8,0.547723,1.16,1.642,1753.99,1.406,1828.63,False,0.0851064,0.2,,,,1.33333,5.66667,0.5,0.5,,,,0,0,0
523,10,MID,17,0,0,,,,,0,0,0,0,0,0,0,0,0,1.16,1.642,1753.99,1.406,1828.63,False,0,0,,,,0,0,,,,,,0,0,0
524,10,MID,17,0,0,,,,,0,0,0,0,0,0,0,0,0,1.16,1.642,1753.99,1.406,1828.63,False,0,0,,,,0,0,,,,,,0,0,0
525,10,FWD,17,1,1.4,0,0.2975,0,0,3,3.2,0.166667,1.88,26.3333,48.4,1,2,0.894427,1.16,1.642,1753.99,1.406,1828.63,False,0.194444,0.6,,,,,,,,0,0,0.5,0,0,0
526,10,FWD,17,1,1,0.23,0.186,0.0133333,0.016,3.33333,4.4,1.36667,2.08,38.6667,32.2,3,2.6,0,1.16,1.642,1753.99,1.406,1828.63,False,0.172414,0.2,,,,,,,,0.23,0,2,0,0,0
527,10,FWD,17,0.666667,0.4,0.095,0.095,0.01,0.01,4.33333,2.6,1.9,1.14,30,18,1.66667,1,0.547723,1.16,1.642,1753.99,1.406,1828.63,False,0.0769231,0.2,,,,,,,,0.095,1,1.5,0,0,0
528,10,GKP,56,0,0,,,,,0,0,0,0,0,0,0,0,0,1.074,1.204,1634.46,1.544,1792.02,False,0,0,0,,,,,,,,,,0,0,0
529,10,GKP,56,0,0,,,,,0,0,0,0,0,0,0,0,0,1.074,1.204,1634.46,1.544,1792.02,False,0,0,0,,,,,,,,,,0,0,0
530,10,GKP,56,0,0,,,,,0,0,0,0,0,0,0,0,0,1.074,1.204,1634.46,1.544,1792.02,False,0,0,0,,,,,,,,,,0,0,0
531,10,DEF,56,5,3.4,0.0933333,0.084,0.0466667,0.028,16.3333,10.2,5.53333,4.02,77.6667,60.2,14.6667,10.6,3.78153,1.074,1.204,1634.46,1.544,1792.02,False,0.73913,0.4,,0.2,0,,,,,,,,0,0,0
532,10,DEF,56,4.66667,4.8,0.09,0.056,0.0466667,0.038,15,16.6,2.73333,2.66,86,87.6,7,9.6,3.96232,1.074,1.204,1634.46,1.544,1792.02,False,1.06667,1,,0.4,0.2,,,,,,,,0,0,0
533,10,DEF,56,0,0,,,,,0,0,0,0,0,0,0,0,0,1.074,1.204,1634.46,1.544,1792.02,False,0,0,,0,0,,,,,,,,0,0,0
534,10,DEF,56,0,0,,,,,0,0,0,0,0,0,0,0,0,1.074,1.204,1634.46,1.544,1792.02,False,0,0,,0,0,,,,,,,,0,0,0
535,10,DEF,56,0,0,,,,,0,0,0,0,0,0,0,0,0,1.074,1.204,1634.46,1.544,1792.02,False,0,0,,0,0,,,,,,,,0,0,0
536,10,DEF,56,0,0,,,,,0,0,0,0,0,0,0,0,0,1.074,1.204,1634.46,1.544,1792.02,False,0,0,,0,0,,,,,,,,0,0,0
537,10,DEF,56,0,0,,,,,0,0,0,0,0,0,0,0,0,1.074,1.204,1634.46,1.544,1792.02,False,0,0,,0,0,,,,,,,,0,0,0
538,10,DEF,56,0,0,,,,,0,0,0,0,0,0,0,0,0,1.074,1.204,1634.46,1.544,1792.02,False,0,0,,0,0,,,,,,,,0,0,0
539,10,DEF,56,0,0,,,,,0,0,0,0,0,0,0,0,0,1.074,1.204,1634.46,1.544,1792.02,False,0,0,,0,0,,,,,,,,0,0,0
540,10,DEF,56,0,0,,,,,0,0,0,0,0,0,0,0,0,1.074,1.204,1634.46,1.544,1792.02,False,0,0,,0,0,,,,,,,,0,0,0
541,10,DEF,56,0.666667,0,0,0,0,0,2.33333,-1,0.4,0.24,30,24.4,2.66667,1.8,1.41421,1.074,1.204,1634.46,1.544,1792.02,False,0,0.4,,0,0,,,,,,,,0,0,0
542,10,DEF,56,0,0,,,,,0,0,0,0,0,0,0,0,0,1.074,1.204,1634.46,1.544,1792.02,False,0,0,,0,0,,,,,,,,0,0,0
543,10,MID,56,0.333333,0.4,0,0,0.05,0.025,1.33333,1.2,0.866667,0.56,12,8.2,0.666667,0.4,0.547723,1.074,1.204,1634.46,1.544,1792.02,False,0.0784314,0.2,,,,6.03333,0,0,0,,,,0,0,0
544,10,MID,56,0,0,,,,,0,0,0,0,0,0,0,0,0,1.074,1.204,1634.46,1.544,1792.02,False,0,0,,,,0,0,,,,,,0,0,0
545,10,MID,56,0,0,,,,,0,0,0,0,0,0,0,0,0,1.074,1.204,1634.46,1.544,1792.02,False,0,0,,,,0,0,,,,,,0,0,0
546,10,MID,56,0,0,,,,,0,0,0,0,0,0,0,0,0,1.074,1.204,1634.46,1.544,1792.02,False,0,0,,,,0,0,,,,,,0,0,0
547,10,MID,56,2.66667,2.6,0.0133333,0.008,0.0166667,0.04,8.66667,8.2,3.03333,2.48,84.6667,81.6,10.3333,8,1.51658,1.074,1.204,1634.46,1.544,1792.02,False,0.530612,1,,,,15.4,2.33333,0,1,,,,0,0,0
548,10,MID,56,0,0,,,,,0,0,0,0,0,0,0,0,0,1.074,1.204,1634.46,1.544,1792.02,False,0,0,,,,0,0,,,,,,0,0,0
549,10,MID,56,0.333333,0.4,0,0,0,0,1,1.4,0.0333333,0.04,0.333333,0.4,0.333333,0.4,0.547723,1.074,1.204,1634.46,1.544,1792.02,False,0.0833333,0,,,,0,0,0,0,,,,0,0,0
550,10,MID,56,0,0,,,,,0,0,0,0,0,0,0,0,0,1.074,1.204,1634.46,1.544,1792.02,False,0,0,,,,0,0,,,,,,0,0,0
551,10,MID,56,1.33333,1.2,0,0.025,0.01,0.015,3.66667,3.4,0.6,0.86,30,36.8,2,2.4,1.09545,1.074,1.204,1634.46,1.544,1792.02,False,0.25,0.6,,,,3.8,0.666667,0,0.5,,,,0,0,0
552,10,MID,56,2,1.8,0.01,0.016,0.0133333,0.012,14,13,1.83333,1.84,90,90,9.66667,8,0.83666,1.074,1.204,1634.46,1.544,1792.02,False,0.36,1,,,,6.26667,1.66667,0,0.333333,,,,0,0,0
553,10,MID,56,4.33333,3.6,0.126667,0.102,0.00333333,0.022,14,11.6,3.1,2.54,28,49.4,1,3.6,2.70185,1.074,1.204,1634.46,1.544,1792.02,False,0.72,0.4,,,,4.4,13,0.666667,1,,,,0,0,0
554,10,MID,56,0,0,,,,,0,0,0,0,0,0,0,0,0,1.074,1.204,1634.46,1.544,1792.02,False,0,0,,,,0,0,,,,,,0,0,0
555,10,MID,56,0,0,,,,,0,0,0,0,0,0,0,0,0,1.074,1.204,1634.46,1.544,1792.02,False,0,0,,,,0,0,,,,,,0,0,0
556,10,MID,56,0,0,,,,,0,0,0,0,0,0,0,0,0,1.074,1.204,1634.46,1.544,1792.02,False,0,0,,,,0,0,,,,,,0,0,0
557,10,MID,56,0,0,,,,,0,0,0,0,0,0,0,0,0,1.074,1.204,1634.46,1.544,1792.02,False,0,0,,,,0,0,,,,,,0,0,0
558,10,MID,56,0,0,,,,,0,0,0,0,0,0,0,0,0,1.074,1.204,1634.46,1.544,1792.02,False,0,0,,,,0,0,,,,,,0,0,0
559,10,MID,56,0,0,,,,,0,0,0,0,0,0,0,0,0,1.074,1.204,1634.46,1.544,1792.02,False,0,0,,,,0,0,,,,,,0,0,0
560,10,FWD,56,3.33333,4.2,0.28,0.338,0,0.006,10.3333,14,2.76667,3.72,69,74,1,1.8,3.56371,1.074,1.204,1634.46,1.544,1792.02,False,0.75,1,,,,,,,,0.28,0.333333,2.33333,0,0,0
561,10,FWD,56,0.666667,0.6,0.04,0.0266667,0.03,0.02,2.33333,2,0.666667,0.42,15.3333,11.2,0.333333,0.4,0.547723,1.074,1.204,1634.46,1.544,1792.02,False,0.111111,0,,,,,,,,0.04,0,1.5,0,0,0
562,10,FWD,56,0,0,,,,,0,0,0,0,0,0,0,0,0,1.074,1.204,1634.46,1.544,1792.02,False,0,0,,,,,,,,,,,0,0,0
563,10,FWD,56,0,0,,,,,0,0,0,0,0,0,0,0,0,1.074,1.204,1634.46,1.544,1792.02,False,0,0,,,,,,,,,,,0,0,0
564,10,FWD,56,0,0,,,,,0,0,0,0,0,0,0,0,0,1.074,1.204,1634.46,1.544,1792.02,False,0,0,,,,,,,,,,,0,0,0
565,10,GKP,6,3.33333,2.6,0,0,0,0,14.3333,12.4,1.6,1.6,90,90,8.66667,9.6,2.07364,1.018,1.242,1829.71,1.946,1896.62,False,0.509804,1,1.66667,,,,,,,,,,0,0,0
566,10,GKP,6,0,0,,,,,0,0,0,0,0,0,0,0,0,1.018,1.242,1829.71,1.946,1896.62,False,0,0,0,,,,,,,,,,0,0,0
567,10,GKP,6,0,0,,,,,0,0,0,0,0,0,0,0,0,1.018,1.242,1829.71,1.946,1896.62,False,0,0,0,,,,,,,,,,0,0,0
568,10,DEF,6,6.33333,4.2,0,0,0.1,0.078,22,16.2,3.73333,3.76,90,77,11.3333,9.4,4.60435,1.018,1.242,1829.71,1.946,1896.62,False,0.763636,0.8,,0.2,0.4,,,,,,,,0,0,0
569,10,DEF,6,0.333333,1,0,0.01,0.01,0.0266667,3.33333,5.2,0.6,1.36,30,54,3.66667,7.4,1,1.018,1.242,1829.71,1.946,1896.62,False,0.2,0.6,,0,0,,,,,,,,0,0,0
570,10,DEF,6,3.33333,2,0,0,0.00666667,0.00666667,15.3333,9.2,1.8,1.08,61.6667,37,12.3333,7.4,3.937,1.018,1.242,1829.71,1.946,1896.62,False,0.465116,0.4,,0.2,0,,,,,,,,0,0,0
571,10,DEF,6,0,0,,,,,0,0,0,0,0,0,0,0,0,1.018,1.242,1829.71,1.946,1896.62,False,0,0,,0,0,,,,,,,,0,0,0
572,10,DEF,6,0,0,,,,,0,0,0,0,0,0,0,0,0,1.018,1.242,1829.71,1.946,1896.62,False,0,0,,0,0,,,,,,,,0,0,0
573,10,DEF,6,2.33333,2,0,0,0.01,0.0175,5.33333,5.6,0.8,1.02,58.3333,47.6,5.33333,4,2.34521,1.018,1.242,1829.71,1.946,1896.62,False,0.444444,0.6,,0.2,0,,,,,,,,0,0,0
574,10,DEF,6,0.666667,1,0,0,0.07,0.0566667,4,5.2,1.23333,2.08,30,52.6,3,6,1,1.018,1.242,1829.71,1.946,1896.62,False,0.227273,0.6,,0,0,,,,,,,,0,0,0
575,10,DEF,6,8.33333,5.6,0.29,0.176,0.0266667,0.044,25.3333,18.8,6.03333,4.76,90,90,10.3333,9.6,9.76217,1.018,1.242,1829.71,1.946,1896.62,False,1.16667,1,,0.2,0.4,,,,,,,,0,0,0
576,10,DEF,6,0,0,,,,,0,0,0,0,0,0,0,0,0,1.018,1.242,1829.71,1.946,1896.62,False,0,0,,0,0,,,,,,,,0,0,0
577,10,DEF,6,0,0,,,,,0,0,0,0,0,0,0,0,0,1.018,1.242,1829.71,1.946,1896.62,False,0,0,,0,0,,,,,,,,0,0,0
578,10,DEF,6,0,0,,,,,0,0,0,0,0,0,0,0,0,1.018,1.242,1829.71,1.946,1896.62,False,0,0,,0,0,,,,,,,,0,0,0
579,10,MID,6,0,0,,,,,0,0,0,0,0,0,0,0,0,1.018,1.242,1829.71,1.946,1896.62,False,0,0,,,,0,0,,,,,,0,0,0
580,10,MID,6,1.66667,1.4,0.02,0.012,0.00333333,0.002,6,4.6,1.1,0.76,31.6667,28.2,3.66667,2.4,0.894427,1.018,1.242,1829.71,1.946,1896.62,False,0.208955,0.2,,,,2.33333,4,0,1.33333,,,,0,0,0
581,10,MID,6,0,0,,,,,0,0,0,0,0,0,0,0,0,1.018,1.242,1829.71,1.946,1896.62,False,0,0,,,,0,0,,,,,,0,0,0
582,10,MID,6,5.66667,5.2,0.126667,0.174,0.0566667,0.082,15,14.6,5.43333,6.8,85.3333,87.2,7,7.4,4.32435,1.018,1.242,1829.71,1.946,1896.62,False,0.787879,1,,,,19.5,11.3333,0.666667,2.66667,,,,0,0,0
583,10,MID,6,0,0,,,,,0,0,0,0,0,0,0,0,0,1.018,1.242,1829.71,1.946,1896.62,False,0,0,,,,0,0,,,,,,0,0,0
584,10,MID,6,3.66667,2.4,0.04,0.03,0.00666667,0.0125,9.66667,7,2.13333,1.48,44,27.6,3.33333,2.2,3.71484,1.018,1.242,1829.71,1.946,1896.62,False,0.380952,0.4,,,,0.7,9.66667,0.333333,2,,,,0,0,0
585,10,MID,6,8,5.6,0.1,0.072,0.01,0.074,25.3333,20.2,5,4.4,88.3333,77.2,12,10.8,4.3359,1.018,1.242,1829.71,1.946,1896.62,False,1.0566,1,,,,8.46667,12,0.333333,2,,,,0,0,0
586,10,MID,6,0.666667,1.4,0,0.0725,0,0.025,2.33333,3.8,0.266667,0.84,13.3333,41,2,5.2,1.51658,1.018,1.242,1829.71,1.946,1896.62,False,0.259259,0.4,,,,0.533333,0,0,0,,,,0,0,0
587,10,MID,6,0,0,,,,,0,0,0,0,0,0,0,0,0,1.018,1.242,1829.71,1.946,1896.62,False,0,0,,,,0,0,,,,,,0,0,0
588,10,MID,6,1.33333,1.4,0.13,0.0925,0.14,0.0975,5,4.6,3.16667,2.38,54,49,3,2.8,0.894427,1.018,1.242,1829.71,1.946,1896.62,False,0.264151,0.6,,,,11,15,0.5,5.5,,,,0,0,0
589,10,MID,6,0,0,,,,,0,0,0,0,0,0,0,0,0,1.018,1.242,1829.71,1.946,1896.62,False,0,0,,,,0,0,,,,,,0,0,0
590,10,MID,6,0,0,,,,,0,0,0,0,0,0,0,0,0,1.018,1.242,1829.71,1.946,1896.62,False,0,0,,,,0,0,,,,,,0,0,0
591,10,MID,6,0,0.2,,0,,0,0,0.8,0,0.26,0,0.2,0,0,0.447214,1.018,1.242,1829.71,1.946,1896.62,False,0.0416667,0,,,,0,0,,,,,,0,0,0
592,10,MID,6,0,0,,,,,0,0,0,0,0,0,0,0,0,1.018,1.242,1829.71,1.946,1896.62,False,0,0,,,,0,0,,,,,,0,0,0
593,10,MID,6,2.66667,2.4,0.14,0.105,0,0.0075,9.66667,8.2,0.233333,0.78,11,9,2.33333,2,2.50998,1.018,1.242,1829.71,1.946,1896.62,False,0.489796,0,,,,0.233333,0,0.333333,0.333333,,,,0,0,0
594,10,MID,6,0,0,,,,,0,0,0,0,0,0,0,0,0,1.018,1.242,1829.71,1.946,1896.62,False,0,0,,,,0,0,,,,,,0,0,0
595,10,MID,6,0,0,,,,,0,0,0,0,0,0,0,0,0,1.018,1.242,1829.71,1.946,1896.62,False,0,0,,,,0,0,,,,,,0,0,0
596,10,FWD,6,0,0,,,,,0,0,0,0,0,0,0,0,0,1.018,1.242,1829.71,1.946,1896.62,False,0,0,,,,,,,,,,,0,0,0
597,10,FWD,6,2,3.4,0.0966667,0.214,0.13,0.09,7,12.2,1.63333,3.7,24.6667,50.8,4.66667,4.2,3.36155,1.018,1.242,1829.71,1.946,1896.62,False,0.523077,0.4,,,,,,,,0.0966667,0.333333,1.66667,0,0,0
598,10,FWD,6,0,0,,,,,0,0,0,0,0,0,0,0,0,1.018,1.242,1829.71,1.946,1896.62,False,0,0,,,,,,,,,,,0,0,0
599,10,FWD,6,0,0,,,,,0,0,0,0,0,0,0,0,0,1.018,1.242,1829.71,1.946,1896.62,False,0,0,,,,,,,,,,,0,0,0
600,10,GKP,21,2,2,0,0,0,0,10.3333,11,2.76667,2.72,90,90,8.33333,9,0.707107,0.668,1.934,1710.39,1.048,1884.94,False,0.465116,1,3.33333,,,,,,,,,,0,0,0
601,10,GKP,21,0,0,,,,,0,0,0,0,0,0,0,0,0,0.668,1.934,1710.39,1.048,1884.94,False,0,0,0,,,,,,,,,,0,0,0
602,10,GKP,21,0,0,,,,,0,0,0,0,0,0,0,0,0,0.668,1.934,1710.39,1.048,1884.94,False,0,0,0,,,,,,,,,,0,0,0
603,10,DEF,21,1.66667,2.6,0.0133333,0.01,0.0166667,0.104,1.33333,5.6,1.9,2.98,75,81,8,9.2,1.67332,0.668,1.934,1710.39,1.048,1884.94,False,0.590909,0.8,,0,0.4,,,,,,,,0,0,0
604,10,DEF,21,0,0,,,,,0,0,0,0,0,0,0,0,0,0.668,1.934,1710.39,1.048,1884.94,False,0,0,,0,0,,,,,,,,0,0,0
605,10,DEF,21,1.66667,2,0,0,0.00333333,0.04,5,6.2,2.46667,2.94,90,90,13,14.2,1,0.668,1.934,1710.39,1.048,1884.94,False,0.465116,1,,0,0,,,,,,,,0,0,0
606,10,DEF,21,1.33333,1.6,0,0.09,0.005,0.0075,3.66667,5.6,1.63333,2.88,45,63,10.6667,11.6,1.34164,0.668,1.934,1710.39,1.048,1884.94,False,0.363636,0.6,,0,0,,,,,,,,0,0,0
607,10,DEF,21,0,0,,,,,0,0,0,0,0,0,0,0,0,0.668,1.934,1710.39,1.048,1884.94,False,0,0,,0,0,,,,,,,,0,0,0
608,10,DEF,21,0.333333,0.2,0,0,0.005,0.005,-0.666667,-0.4,0.3,0.18,23,13.8,2,1.2,0.447214,0.668,1.934,1710.39,1.048,1884.94,False,0.0454545,0.4,,0,0,,,,,,,,0,0,0
609,10,DEF,21,0.333333,0.2,0,0,0.005,0.005,6.33333,3.8,1.3,0.78,60,36,8,4.8,0.447214,0.668,1.934,1710.39,1.048,1884.94,False,0.0465116,0.4,,0,0,,,,,,,,0,0,0
610,10,DEF,21,1,0.6,0,0,0.03,0.03,1.33333,0.8,1.86667,1.12,67,40.2,6,3.6,0.547723,0.668,1.934,1710.39,1.048,1884.94,False,0.139535,0.4,,0,0,,,,,,,,0,0,0
611,10,DEF,21,0,0,,,,,0,0,0,0,0,0,0,0,0,0.668,1.934,1710.39,1.048,1884.94,False,0,0,,0,0,,,,,,,,0,0,0
612,10,MID,21,1.33333,1.8,0.0466667,0.044,0.173333,0.18,11,11.2,3.86667,4.98,90,90,9,9.4,1.30384,0.668,1.934,1710.39,1.048,1884.94,False,0.305085,1,,,,21.4333,5,0,1.66667,,,,0,0,0
613,10,MID,21,1.33333,0.8,0.175,0.175,0.01,0.01,7,4.2,1.56667,0.94,44.6667,26.8,4.33333,2.6,1.09545,0.668,1.934,1710.39,1.048,1884.94,False,0.140351,0.4,,,,4.93333,4,0,1,,,,0,0,0
614,10,MID,21,0,0.4,,0.02,,0.23,0,3,0,0.78,0,18,0,0.8,0.894427,0.668,1.934,1710.39,1.048,1884.94,False,0.0701754,0.2,,,,0,0,,,,,,0,0,0
615,10,MID,21,1,1.4,0.0266667,0.116,0.02,0.086,4.66667,6,1.7,2.86,86,82.2,8,7.2,0.547723,0.668,1.934,1710.39,1.048,1884.94,False,0.254545,1,,,,6.83333,5.33333,0,1.66667,,,,0,0,0
616,10,MID,21,0,0,,,,,0,0,0,0,0,0,0,0,0,0.668,1.934,1710.39,1.048,1884.94,False,0,0,,,,0,0,,,,,,0,0,0
617,10,MID,21,0,0,,,,,0,0,0,0,0,0,0,0,0,0.668,1.934,1710.39,1.048,1884.94,False,0,0,,,,0,0,,,,,,0,0,0
618,10,MID,21,0.333333,0.2,0,0,0,0,1,0.6,0.0333333,0.02,6.33333,3.8,0.333333,0.2,0.447214,0.668,1.934,1710.39,1.048,1884.94,False,0.0416667,0,,,,0.0666667,0,0,0,,,,0,0,0
619,10,MID,21,0,0.4,,0.035,,0,0,0.6,0,0.06,0,5,0,0.4,0.547723,0.668,1.934,1710.39,1.048,1884.94,False,0.0816327,0,,,,0,0,,,,,,0,0,0
620,10,MID,21,0,0,,,,,0,0,0,0,0,0,0,0,0,0.668,1.934,1710.39,1.048,1884.94,False,0,0,,,,0,0,,,,,,0,0,0
621,10,MID,21,1.33333,1,0,0,0.015,0.01,9.33333,6.2,1.26667,0.76,41.3333,25,5,3,1,0.668,1.934,1710.39,1.048,1884.94,False,0.227273,0.4,,,,7.03333,0.666667,0,0.5,,,,0,0,0
622,10,MID,21,0,0,,,,,0,0,0,0,0,0,0,0,0,0.668,1.934,1710.39,1.048,1884.94,False,0,0,,,,0,0,,,,,,0,0,0
623,10,MID,21,0.666667,0.6,0,0,0.015,0.0133333,4.33333,4,0.266667,0.34,18.3333,17.2,1.66667,2,0.547723,0.668,1.934,1710.39,1.048,1884.94,False,0.136364,0,,,,1.03333,0,0,0,,,,0,0,0
624,10,FWD,21,3,5.4,0.0633333,0.116,0.216667,0.188,15.3333,22,5.53333,6.48,90,90,5.33333,4.8,3.50714,0.668,1.934,1710.39,1.048,1884.94,False,0.701299,1,,,,,,,,0.0633333,0.666667,3.33333,0,0,0
625,10,FWD,21,0.666667,1,0.33,0.19,0,0.0266667,0.333333,3,0.233333,2.36,20,36.2,1,2.6,1,0.668,1.934,1710.39,1.048,1884.94,False,0.178571,0.4,,,,,,,,0.33,0,2,0,0,0
626,10,FWD,21,0.666667,0.4,0.065,0.065,0,0,0,0,0.266667,0.16,19.3333,11.6,1,0.6,0.547723,0.668,1.934,1710.39,1.048,1884.94,False,0.0909091,0,,,,,,,,0.065,0,0.5,0,0,0
627,10,GKP,39,2,1.6,0,0,0.00333333,0.0025,11.3333,9,2.63333,1.98,90,72,12.3333,9,1.14018,1.32,0.87,1690.02,1.368,1775.26,False,0.355556,0.8,3.33333,,,,,,,,,,0,0,0
628,10,GKP,39,0,0.2,,0,,0,0,0,0,0.16,0,18,0,1.4,0.447214,1.32,0.87,1690.02,1.368,1775.26,False,0.0454545,0.2,0,,,,,,,,,,0,0,0
629,10,GKP,39,0,0,,,,,0,0,0,0,0,0,0,0,0,1.32,0.87,1690.02,1.368,1775.26,False,0,0,0,,,,,,,,,,0,0,0
630,10,GKP,11,0,0,,,,,0,0,0,0,0,0,0,0,0,1.202,1.544,1792.02,1.204,1634.46,False,0,0,0,,,,,,,,,,0,0,0
631,10,DEF,39,0.333333,1,0,0.0433333,0,0.0366667,1.33333,4,0.566667,2.18,10,33,3.33333,6.8,1.22474,1.32,0.87,1690.02,1.368,1775.26,False,0.232558,0.2,,0,0,,,,,,,,0,0,0
632,10,DEF,39,0.666667,0.4,0,0.035,0.01,0.01,4.33333,2.2,1.06667,0.78,22,22.2,3.66667,3,0.894427,1.32,0.87,1690.02,1.368,1775.26,False,0.0909091,0.4,,0,0,,,,,,,,0,0,0
633,10,DEF,39,3.33333,2.6,0.02,0.028,0.206667,0.18,14,14,5.53333,5.76,83.3333,77,7.66667,8.4,3.04959,1.32,0.87,1690.02,1.368,1775.26,False,0.590909,0.8,,0.2,0,,,,,,,,0,0,0
634,10,DEF,39,0.333333,0.4,0,0.025,0,0,1.33333,1.8,0.0333333,0.6,0.333333,14.4,0.333333,2.2,0.547723,1.32,0.87,1690.02,1.368,1775.26,False,0.0909091,0.2,,0,0,,,,,,,,0,0,0
635,10,DEF,39,1,0.6,0.15,0.11,0.04,0.07,0,-0.8,2.3,1.98,55.3333,42.2,4,3,0.894427,1.32,0.87,1690.02,1.368,1775.26,False,0.133333,0.6,,0,0,,,,,,,,0,0,0
636,10,DEF,39,2,3.6,0.0166667,0.2,0.13,0.1,9.33333,12,3.46667,4.28,90,72,9,9,4.9295,1.32,0.87,1690.02,1.368,1775.26,False,0.818182,0.8,,0,0.4,,,,,,,,0,0,0
637,10,DEF,39,0,0.4,,0,,0.005,0,0.8,0,0.22,0,14.4,0,0.8,0.547723,1.32,0.87,1690.02,1.368,1775.26,False,0.0930233,0.2,,0,0,,,,,,,,0,0,0
638,10,DEF,39,0.666667,0.4,0.01,0.01,0.03,0.03,1.66667,1,1.2,0.72,32.6667,19.6,3.66667,2.2,0.547723,1.32,0.87,1690.02,1.368,1775.26,False,0.102564,0.2,,0,0,,,,,,,,0,0,0
639,10,DEF,39,0,0,,,,,0,0,0,0,0,0,0,0,0,1.32,0.87,1690.02,1.368,1775.26,False,0,0,,0,0,,,,,,,,0,0,0
640,10,DEF,39,0,0,,,,,0,0,0,0,0,0,0,0,0,1.32,0.87,1690.02,1.368,1775.26,False,0,0,,0,0,,,,,,,,0,0,0
641,10,DEF,39,0,0,,,,,0,0,0,0,0,0,0,0,0,1.32,0.87,1690.02,1.368,1775.26,False,0,0,,0,0,,,,,,,,0,0,0
642,10,MID,39,0.666667,0.6,0.035,0.03,0.04,0.03,2.66667,2.6,0.933333,0.7,27,25.2,2,1.6,0.547723,1.32,0.87,1690.02,1.368,1775.26,False,0.103448,0.4,,,,5.5,1,0,0.5,,,,0,0,0
643,10,MID,39,3,3,0.00666667,0.008,0.0366667,0.032,12.3333,12.8,2.1,1.88,82.3333,71,12,10.8,1.58114,1.32,0.87,1690.02,1.368,1775.26,False,0.555556,0.8,,,,8.63333,0.333333,0,0,,,,0,0,0
644,10,MID,39,0.666667,0.8,0.03,0.0325,0.065,0.0525,4.66667,5,1.46667,1.48,34.6667,35,2,2.4,0.447214,1.32,0.87,1690.02,1.368,1775.26,False,0.153846,0.4,,,,4.8,5,0.5,1.5,,,,0,0,0
645,10,MID,39,0.333333,0.8,0.03,0.015,0.02,0.21,0.333333,2.8,0.266667,1.18,4.66667,11.8,0,0.6,1.30384,1.32,0.87,1690.02,1.368,1775.26,False,0.150943,0.2,,,,0.433333,2.33333,0,2,,,,0,0,0
646,10,MID,39,2.33333,2.6,0.04,0.07,0.0466667,0.052,11.6667,11,2.83333,2.68,62.3333,68,9.66667,10.2,1.34164,1.32,0.87,1690.02,1.368,1775.26,False,0.481481,0.8,,,,12.8,4.66667,0,1.66667,,,,0,0,0
647,10,MID,39,0,0,,,,,0,0,0,0,0,0,0,0,0,1.32,0.87,1690.02,1.368,1775.26,False,0,0,,,,0,0,,,,,,0,0,0
648,10,MID,39,5.66667,4.4,0.266667,0.236,0.0633333,0.05,20,15.2,6.36667,5.3,87.6667,79.6,8.66667,8.4,2.50998,1.32,0.87,1690.02,1.368,1775.26,False,0.814815,0.8,,,,5.63333,33.6667,1.33333,4,,,,0,0,0
649,10,MID,39,0,0,,,,,0,0,0,0,0,0,0,0,0,1.32,0.87,1690.02,1.368,1775.26,False,0,0,,,,0,0,,,,,,0,0,0
650,10,MID,39,0,0,,,,,0,0,0,0,0,0,0,0,0,1.32,0.87,1690.02,1.368,1775.26,False,0,0,,,,0,0,,,,,,0,0,0
651,10,MID,39,0,0,,,,,0,0,0,0,0,0,0,0,0,1.32,0.87,1690.02,1.368,1775.26,False,0,0,,,,0,0,,,,,,0,0,0
652,10,MID,39,0,0,,,,,0,0,0,0,0,0,0,0,0,1.32,0.87,1690.02,1.368,1775.26,False,0,0,,,,0,0,,,,,,0,0,0
653,10,MID,39,0,0,,,,,0,0,0,0,0,0,0,0,0,1.32,0.87,1690.02,1.368,1775.26,False,0,0,,,,0,0,,,,,,0,0,0
654,10,FWD,39,3.33333,2.6,0.306667,0.208,0.07,0.068,10.3333,7.8,4.66667,3.26,85.3333,76.8,2.66667,2.4,1.94936,1.32,0.87,1690.02,1.368,1775.26,False,0.40625,0.8,,,,,,,,0.306667,0.666667,4.33333,0,0,0
655,10,FWD,39,0,0,,,,,0,0,0,0,0,0,0,0,0,1.32,0.87,1690.02,1.368,1775.26,False,0,0,,,,,,,,,,,0,0,0
656,10,FWD,39,0,0,,,,,0,0,0,0,0,0,0,0,0,1.32,0.87,1690.02,1.368,1775.26,False,0,0,,,,,,,,,,,0,0,0
657,10,FWD,39,0,0,,,,,0,0,0,0,0,0,0,0,0,1.32,0.87,1690.02,1.368,1775.26,False,0,0,,,,,,,,,,,0,0,0
658,10,FWD,39,0,0,,,,,0,0,0,0,0,0,0,0,0,1.32,0.87,1690.02,1.368,1775.26,False,0,0,,,,,,,,,,,0,0,0
659,10,DEF,21,1,1,0,0.02,0.00333333,0.012,2,4.8,0.5,2.02,22.3333,49.4,3.66667,5.2,0,0.668,1.934,1710.39,1.048,1884.94,False,0.232558,0.6,,0,0,,,,,,,,0,0,0
660,10,MID,2,1.33333,4.2,0.095,0.0675,0.035,0.035,7.33333,17.4,1.73333,3.38,46,63.6,3.66667,6.6,6.09918,1.624,0.846,1732.75,1.266,1832.26,False,0.84,0.8,,,,7.7,5,0.5,1,,,,0,0,0
661,10,FWD,14,1.33333,2.4,0.186667,0.22,0.01,0.0225,0.666667,8.2,1.7,2.56,44.6667,40,2.66667,3.8,3.20936,2.008,1.742,1974.46,0.858,1873.86,False,0.27907,0.4,,,,,,,,0.186667,0,3,0,0,0
662,10,DEF,3,0.333333,0.6,0,0,0.05,0.0166667,2.33333,2.2,0.9,0.62,15,18.2,2.66667,2.6,0.547723,1.698,0.572,2032.83,1.84,1734.8,False,0.111111,0.2,,0,0,,,,,,,,0,0,0
663,10,MID,39,2.33333,2.6,0.25,0.162,0.0366667,0.06,14,12.8,3.96667,4.86,77.6667,68.2,8,7.6,1.51658,1.32,0.87,1690.02,1.368,1775.26,False,0.509804,0.8,,,,18.3333,11.6667,0.333333,2.66667,,,,0,0,0
664,10,GKP,54,0,0,,,,,0,0,0,0,0,0,0,0,0,0.956,1.368,1775.26,0.87,1690.02,False,0,0,0,,,,,,,,,,0,0,0
665,10,GKP,2,0.333333,0.2,0,0,0,0,2.66667,1.6,0.733333,0.44,30,18,3.66667,2.2,0.447214,1.624,0.846,1732.75,1.266,1832.26,False,0.0444444,0.2,0.666667,,,,,,,,,,0,0,0
666,10,FWD,3,2,2,0.433333,0.312,0.03,0.044,3.33333,4.4,4.06667,4.34,90,90,2,3,0,1.698,0.572,2032.83,1.84,1734.8,False,0.222222,1,,,,,,,,0.433333,1,6.66667,0,0,0
667,10,DEF,11,0,0,,,,,0,0,0,0,0,0,0,0,0,1.202,1.544,1792.02,1.204,1634.46,False,0,0,,0,0,,,,,,,,0,0,0
668,10,MID,56,3.33333,4.6,0.0666667,0.054,0.0566667,0.098,15.3333,19.8,4.03333,4.8,90,90,11.3333,12.4,2.70185,1.074,1.204,1634.46,1.544,1792.02,False,0.901961,1,,,,17.5,5.33333,0.333333,0.666667,,,,0,0,0
669,10,MID,17,1.33333,1.4,0.025,0.025,0.035,0.065,6.66667,7,1.36667,2.06,48.6667,56,6,5.2,0.894427,1.16,1.642,1753.99,1.406,1828.63,False,0.245614,0.8,,,,9.16667,1.66667,0,1,,,,0,0,0
670,10,GKP,56,4.33333,5,0,0,0,0.002,20.6667,20.8,3.16667,3.4,90,90,11,10.2,3.4641,1.074,1.204,1634.46,1.544,1792.02,False,1.06383,1,4.33333,,,,,,,,,,0,0,0
671,10,FWD,21,0.666667,0.6,0.09,0.045,0.01,0.005,3,2,0.8,0.68,21.6667,24.6,0.666667,0.8,0.894427,0.668,1.934,1710.39,1.048,1884.94,False,0.103448,0.2,,,,,,,,0.09,1,2,0,0,0
672,10,DEF,8,0.333333,0.6,0,0,0,0,2,2.6,0.433333,0.54,7.33333,20,1.33333,1.6,0.894427,1.16,1.946,1896.62,1.242,1829.71,False,0.12766,0.2,,0,0,,,,,,,,0,0,0
673,10,MID,6,5,5.6,0.0566667,0.05,0.08,0.054,20.6667,22.8,3.66667,4.12,90,90,12.3333,12.4,3.43511,1.018,1.242,1829.71,1.946,1896.62,False,1.01818,1,,,,6.06667,6.33333,0.333333,1.33333,,,,0,0,0
674,10,GKP,4,0,0,,,,,0,0,0,0,0,0,0,0,0,1.558,1.048,1884.94,1.934,1710.39,False,0,0,0,,,,,,,,,,0,0,0
675,10,GKP,17,0,0,,,,,0,0,0,0,0,0,0,0,0,1.16,1.642,1753.99,1.406,1828.63,False,0,0,0,,,,,,,,,,0,0,0
676,10,MID,90,6.33333,4,0.24,0.18,0.0133333,0.01,22.6667,14.4,5,3,64.3333,40.8,6.66667,4,4.30116,0.708,1.84,1734.8,0.572,2032.83,False,0.8,0.4,,,,2,15,0.666667,1.66667,,,,0,0,0
677,10,MID,7,1.33333,1.8,0,0.05,0.14,0.1,7.33333,7,1.2,1.78,33,50.6,5,5.8,0.83666,0.836,0.858,1873.86,1.742,1974.46,False,0.285714,0.6,,,,4.36667,2,0,1,,,,0,0,0
678,10,DEF,56,0,0.2,0,0.0233333,0.07,0.0266667,-0.666667,0.8,0.866667,0.98,19,25,2,2.6,0.447214,1.074,1.204,1634.46,1.544,1792.02,False,0.0512821,0.4,,0,0,,,,,,,,0,0,0
679,10,GKP,21,0,0,,,,,0,0,0,0,0,0,0,0,0,0.668,1.934,1710.39,1.048,1884.94,False,0,0,0,,,,,,,,,,0,0,0
680,10,FWD,90,0.333333,0.4,0,0,0,0,0.333333,0.8,0.166667,0.16,10.3333,8.2,0.666667,0.4,0.547723,0.708,1.84,1734.8,0.572,2032.83,False,0.0769231,0,,,,,,,,0,0,0,0,0,0
681,10,FWD,1,4.66667,4.6,0.17,0.28,0.0133333,0.012,15.6667,16.4,5.83333,7.2,66.6667,67,6.33333,4.6,3.78153,1.678,1.406,1828.63,1.642,1753.99,False,0.630137,0.8,,,,,,,,0.17,0.666667,2,0,0,0
682,10,DEF,39,0.666667,0.4,0,0,0.02,0.02,-0.333333,-0.2,0.4,0.24,6,3.6,1,0.6,0.547723,1.32,0.87,1690.02,1.368,1775.26,False,0.0909091,0,,0,0,,,,,,,,0,0,0
683,10,DEF,56,2,5.4,0,0.1275,0.01,0.045,7.33333,15.2,1.53333,3.96,60,72,5.33333,9,6.9857,1.074,1.204,1634.46,1.544,1792.02,False,1.31707,0.8,,0.4,0.2,,,,,,,,0,0,0
684,10,DEF,4,3.66667,4.2,0.193333,0.13,0.0866667,0.056,17.3333,16.2,3.06667,3.16,90,88.6,12.3333,13.4,3.11448,1.558,1.048,1884.94,1.934,1710.39,False,0.857143,1,,0.4,0,,,,,,,,0,0,0
685,10,DEF,91,1.66667,2.6,0,0,0.01,0.0175,3.33333,9.2,1.96667,2.58,60,72,8.66667,10.6,1.81659,1.002,1.534,1847.42,0.724,1969.44,False,0.577778,0.8,,0.2,0,,,,,,,,0,0,0
686,10,MID,14,0.333333,0.4,0,0,0.01,0.005,0.666667,1.2,0.466667,0.34,6.66667,5.2,0,0.2,0.547723,2.008,1.742,1974.46,0.858,1873.86,False,0.0888889,0,,,,3.6,0.666667,0,1,,,,0,0,0
687,10,MID,91,0,0,,,,,0,0,0,0,0,0,0,0,0,1.002,1.534,1847.42,0.724,1969.44,False,0,0,,,,0,0,,,,,,0,0,0
688,10,GKP,7,0,0,,,,,0,0,0,0,0,0,0,0,0,0.836,0.858,1873.86,1.742,1974.46,False,0,0,0,,,,,,,,,,0,0,0
689,10,MID,4,0,0,,,,,0,0,0,0,0,0,0,0,0,1.558,1.048,1884.94,1.934,1710.39,False,0,0,,,,0,0,,,,,,0,0,0
690,10,MID,31,0,0,,,,,0,0,0,0,0,0,0,0,0,2.33,1.556,1842.23,1.318,1821.6,False,0,0,,,,0,0,,,,,,0,0,0
691,10,FWD,2,2,3.8,0.193333,0.28,0.116667,0.082,3.66667,10,4,5.52,88.6667,89.2,3,3.2,4.02492,1.624,0.846,1732.75,1.266,1832.26,False,0.690909,1,,,,,,,,0.193333,0.333333,4,0,0,0
692,10,DEF,14,0,0,,,,,0,0,0,0,0,0,0,0,0,2.008,1.742,1974.46,0.858,1873.86,False,0,0,,0,0,,,,,,,,0,0,0
693,10,MID,17,0.666667,0.6,0,0.0733333,0.02,0.126667,0.666667,4,1,2.64,23.3333,17.6,1.33333,1.2,0.547723,1.16,1.642,1753.99,1.406,1828.63,False,0.111111,0,,,,6.6,2.66667,0,2,,,,0,0,0
694,10,DEF,56,7.33333,6.4,0.08,0.062,0.0266667,0.048,22.6667,21.8,4.06667,4.44,90,90,16,15.6,6.10737,1.074,1.204,1634.46,1.544,1792.02,False,1.52381,1,,0.4,0.2,,,,,,,,0,0,0
695,10,DEF,39,2,1.6,0.0866667,0.052,0.0233333,0.016,3.33333,3.6,2.3,2.78,39,50.4,6.66667,7.8,1.34164,1.32,0.87,1690.02,1.368,1775.26,False,0.355556,0.4,,0,0,,,,,,,,0,0,0
696,10,FWD,17,0.333333,0.6,0,0.08,0,0.00333333,1,1.2,0,0.22,0.333333,3.2,0,0,0.547723,1.16,1.642,1753.99,1.406,1828.63,False,0.1,0,,,,,,,,0,0,0,0,0,0
697,10,MID,91,0.666667,0.8,0,0.015,0,0.015,0.666667,3,0.2,1.44,12,22,1.33333,3,0.447214,1.002,1.534,1847.42,0.724,1969.44,False,0.148148,0.2,,,,0.0666667,0.666667,0,0.5,,,,0,0,0
698,10,MID,2,4,4.4,0.485,0.295,0.025,0.085,12.6667,14.8,3.96667,4.56,41,51.6,2,3,3.57771,1.624,0.846,1732.75,1.266,1832.26,False,0.8,0.8,,,,7.56667,18,1,1.5,,,,0,0,0
699,10,MID,17,0.333333,1.2,0,0.00666667,0.11,0.08,4.33333,7.2,1.03333,1.24,32.3333,34.4,3.66667,2.8,2.16795,1.16,1.642,1753.99,1.406,1828.63,False,0.24,0.6,,,,4.76667,0.666667,0,0.5,,,,0,0,0
700,10,MID,3,0,0,,,,,0,0,0,0,0,0,0,0,0,1.698,0.572,2032.83,1.84,1734.8,False,0,0,,,,0,0,,,,,,0,0,0
701,10,DEF,7,0,0,,,,,0,0,0,0,0,0,0,0,0,0.836,0.858,1873.86,1.742,1974.46,False,0,0,,0,0,,,,,,,,0,0,0
702,10,MID,7,0,0,,,,,0,0,0,0,0,0,0,0,0,0.836,0.858,1873.86,1.742,1974.46,False,0,0,,,,0,0,,,,,,0,0,0
703,10,GKP,7,0,0,,,,,0,0,0,0,0,0,0,0,0,0.836,0.858,1873.86,1.742,1974.46,False,0,0,0,,,,,,,,,,0,0,0
704,10,MID,11,0,0,,,,,0,0,0,0,0,0,0,0,0,1.202,1.544,1792.02,1.204,1634.46,False,0,0,,,,0,0,,,,,,0,0,0
705,10,DEF,11,0,0,,,,,0,0,0,0,0,0,0,0,0,1.202,1.544,1792.02,1.204,1634.46,False,0,0,,0,0,,,,,,,,0,0,0
706,10,DEF,2,0.333333,0.4,0,0,0,0,1.33333,1.6,0.466667,0.36,15.6667,10.8,5,3.4,0.547723,1.624,0.846,1732.75,1.266,1832.26,False,0.1,0,,0,0,,,,,,,,0,0,0
707,10,MID,11,0.333333,0.6,0,0,0,0,0,1.4,0.0666667,0.1,16.3333,12.4,1.33333,1.4,0.547723,1.202,1.544,1792.02,1.204,1634.46,False,0.111111,0.2,,,,0.1,0.666667,0,0.5,,,,0,0,0
708,10,MID,21,3.66667,3,0.0466667,0.05,0.0133333,0.012,13.6667,12,3.56667,2.62,53.3333,65.4,6,5.4,2,0.668,1.934,1710.39,1.048,1884.94,False,0.545455,0.8,,,,7.06667,7,0.333333,0.333333,,,,0,0,0
709,10,DEF,39,1.66667,2.8,0.0333333,0.168,0.256667,0.164,11.3333,11,5.93333,6.12,90,90,12.3333,10.8,2.94958,1.32,0.87,1690.02,1.368,1775.26,False,0.622222,1,,0,0.4,,,,,,,,0,0,0
710,10,DEF,7,0,0,,,,,0,0,0,0,0,0,0,0,0,0.836,0.858,1873.86,1.742,1974.46,False,0,0,,0,0,,,,,,,,0,0,0
711,10,MID,3,0,0,,,,,0,0,0,0,0,0,0,0,0,1.698,0.572,2032.83,1.84,1734.8,False,0,0,,,,0,0,,,,,,0,0,0
712,10,MID,31,1,1.4,0.0166667,0.078,0.126667,0.156,8,8,3.3,3.4,69.3333,65.2,5,4.6,0.894427,2.33,1.556,1842.23,1.318,1821.6,False,0.241379,1,,,,19.1333,6.66667,0.333333,2,,,,0,0,0
713,10,DEF,91,2.66667,1.6,0,0.016,0.0266667,0.022,9,6.4,1.46667,1.74,64.3333,62,3.66667,5.2,2.50998,1.002,1.534,1847.42,0.724,1969.44,False,0.355556,0.8,,0.2,0,,,,,,,,0,0,0
714,10,FWD,4,5.33333,5,0.823333,0.552,0.0533333,0.04,17,16,6.26667,5.14,88.3333,82.8,5,3.8,2.82843,1.558,1.048,1884.94,1.934,1710.39,False,0.666667,1,,,,,,,,0.823333,0.666667,4.66667,0,0,0
715,10,GKP,17,0,0,,,,,0,0,0,0,0,0,0,0,0,1.16,1.642,1753.99,1.406,1828.63,False,0,0,0,,,,,,,,,,0,0,0
716,10,DEF,17,1,0.6,0,0,0.0166667,0.0166667,2,1.2,1.1,0.66,65.3333,39.2,7,4.2,0.547723,1.16,1.642,1753.99,1.406,1828.63,False,0.133333,0.4,,0,0,,,,,,,,0,0,0
717,10,MID,6,2.33333,1.8,0,0.05,0.0733333,0.104,7.66667,7.2,2.3,2.98,70.3333,63.4,6.33333,6,0.83666,1.018,1.242,1829.71,1.946,1896.62,False,0.268657,0.8,,,,13.9667,2,0,1,,,,0,0,0
718,10,MID,21,1,0.8,0,0,0,0.0025,4,3.6,0.633333,0.64,23.6667,28.2,3,3.6,0.83666,0.668,1.934,1710.39,1.048,1884.94,False,0.16,0.4,,,,0.666667,0,0,0,,,,0,0,0
719,10,DEF,7,0.333333,0.4,0,0,0,0,1,1.2,0.1,0.06,2,2.8,0.333333,0.2,0.547723,0.836,0.858,1873.86,1.742,1974.46,False,0.0888889,0,,0,0,,,,,,,,0,0,0
720,10,FWD,39,1,1.2,0.04,0.068,0,0.006,2,2.8,0.5,1.66,7,23.4,0.333333,1.4,0.447214,1.32,0.87,1690.02,1.368,1775.26,False,0.218182,0.2,,,,,,,,0.04,0,1.66667,0,0,0
721,10,DEF,91,2.33333,1.4,0,0,0,0,9,5.4,0.466667,0.28,31.6667,19,1.33333,0.8,2.60768,1.002,1.534,1847.42,0.724,1969.44,False,0.311111,0.2,,0.2,0,,,,,,,,0,0,0
722,10,MID,90,4.66667,4.2,0.0166667,0.01,0.02,0.016,16,15.8,3.56667,3.5,90,90,10.6667,12.4,2.28035,0.708,1.84,1734.8,0.572,2032.83,False,0.84,1,,,,13,1.66667,0,0.333333,,,,0,0,0
723,10,DEF,31,0,0,,,,,0,0,0,0,0,0,0,0,0,2.33,1.556,1842.23,1.318,1821.6,False,0,0,,0,0,,,,,,,,0,0,0
724,10,DEF,56,1.33333,1.2,0.01,0.134,0.06,0.046,7,5.6,0.966667,1.18,38.3333,31,4.66667,3.8,0.447214,1.074,1.204,1634.46,1.544,1792.02,False,0.266667,0.2,,0,0,,,,,,,,0,0,0
725,10,DEF,3,0.333333,0.2,0,0,0,0,1.33333,0.8,0,0,2.66667,1.6,0,0,0.447214,1.698,0.572,2032.83,1.84,1734.8,False,0.037037,0,,0,0,,,,,,,,0,0,0
726,10,FWD,6,1,0.6,0.065,0.065,0.01,0.01,2.33333,1.4,0.533333,0.32,24,14.4,2,1.2,0.894427,1.018,1.242,1829.71,1.946,1896.62,False,0.0869565,0.2,,,,,,,,0.065,0,1,0,0,0
727,10,MID,54,1.33333,1,0,0.09,0.39,0.195,5.66667,4,1.6,1.22,7.66667,6.6,0.666667,0.6,1.73205,0.956,1.368,1775.26,0.87,1690.02,False,0.188679,0,,,,8.3,0.666667,0,1,,,,0,0,0
728,10,MID,11,0.666667,0.4,0.195,0.195,0.005,0.005,0.666667,0.4,0.333333,0.2,14.6667,8.8,2,1.2,0.547723,1.202,1.544,1792.02,1.204,1634.46,False,0.08,0,,,,0.6,2,0,1.5,,,,0,0,0
729,10,DEF,17,0,0,,,,,0,0,0,0,0,0,0,0,0,1.16,1.642,1753.99,1.406,1828.63,False,0,0,,0,0,,,,,,,,0,0,0
730,10,FWD,56,1.66667,1.2,0,0,0.02,0.0133333,5.33333,3.6,1.33333,0.86,15.3333,10.2,1.33333,1.4,1.64317,1.074,1.204,1634.46,1.544,1792.02,False,0.218182,0,,,,,,,,0,0,1.5,0,0,0
731,10,MID,54,1,0.8,0.0133333,0.008,0.0333333,0.022,7,5,2.83333,1.94,31.6667,28.6,5,4.2,0.447214,0.956,1.368,1775.26,0.87,1690.02,False,0.133333,0,,,,13.6333,5,0.333333,1.33333,,,,0,0,0
732,10,FWD,31,0.666667,0.4,0,0,0,0,2,1.2,0,0,0.666667,0.4,0.333333,0.2,0.547723,2.33,1.556,1842.23,1.318,1821.6,False,0.0727273,0,,,,,,,,0,0,0,0,0,0
733,10,GKP,1,4.66667,2.8,0,0,0,0,19,11.4,2.73333,1.64,90,54,12.3333,7.4,3.70135,1.678,1.406,1828.63,1.642,1753.99,False,0.56,0.6,3.66667,,,,,,,,,,0,0,0
734,10,MID,17,0.333333,0.8,0,0.0433333,0.03,0.09,1.33333,4.6,0.666667,2.98,4.33333,28.4,0,2.2,0.83666,1.16,1.642,1753.99,1.406,1828.63,False,0.133333,0.4,,,,4.4,1.33333,0,2,,,,0,0,0
735,10,MID,56,2.66667,1.8,0.0933333,0.0825,0.0366667,0.03,11.6667,9,3.1,2.62,61,42.8,3,2.8,2.16795,1.074,1.204,1634.46,1.544,1792.02,False,0.327273,0.6,,,,11.0667,13,0.666667,2,,,,0,0,0
736,10,GKP,43,4.66667,3.4,0,0,0,0,20,14.4,1.46667,1.34,90,90,7.33333,6.6,2.40832,1.462,0.724,1969.44,1.534,1847.42,False,0.596491,1,1.33333,,,,,,,,,,0,0,0
737,10,FWD,54,0.333333,0.2,0,0,0,0,0.666667,0.4,0,0,0.333333,0.2,0,0,0.447214,0.956,1.368,1775.26,0.87,1690.02,False,0.0444444,0,,,,,,,,0,0,0,0,0,0
738,10,GKP,21,0,0,,,,,0,0,0,0,0,0,0,0,0,0.668,1.934,1710.39,1.048,1884.94,False,0,0,0,,,,,,,,,,0,0,0
739,10,MID,43,0,0,,,,,0,0,0,0,0,0,0,0,0,1.462,0.724,1969.44,1.534,1847.42,False,0,0,,,,0,0,,,,,,0,0,0
740,10,DEF,43,0,0,,,,,0,0,0,0,0,0,0,0,0,1.462,0.724,1969.44,1.534,1847.42,False,0,0,,0,0,,,,,,,,0,0,0
741,10,FWD,2,0,0,,,,,0,0,0,0,0,0,0,0,0,1.624,0.846,1732.75,1.266,1832.26,False,0,0,,,,,,,,,,,0,0,0
742,10,MID,43,0,0,,,,,0,0,0,0,0,0,0,0,0,1.462,0.724,1969.44,1.534,1847.42,False,0,0,,,,0,0,,,,,,0,0,0
743,10,MID,8,0,0,,,,,0,0,0,0,0,0,0,0,0,1.16,1.946,1896.62,1.242,1829.71,False,0,0,,,,0,0,,,,,,0,0,0
744,10,MID,36,0,0,,,,,0,0,0,0,0,0,0,0,0,1.31,1.266,1832.26,0.846,1732.75,False,0,0,,,,0,0,,,,,,0,0,0
745,10,DEF,6,0,0,,,,,0,0,0,0,0,0,0,0,0,1.018,1.242,1829.71,1.946,1896.62,False,0,0,,0,0,,,,,,,,0,0,0
746,10,MID,14,0,0,,,,,0,0,0,0,0,0,0,0,0,2.008,1.742,1974.46,0.858,1873.86,False,0,0,,,,0,0,,,,,,0,0,0
747,10,DEF,21,0,0,,,,,0,0,0,0,0,0,0,0,0,0.668,1.934,1710.39,1.048,1884.94,False,0,0,,0,0,,,,,,,,0,0,0
748,10,MID,94,0,0,,,,,0,0,0,0,0,0,0,0,0,1.688,1.318,1821.6,1.556,1842.23,False,0,0,,,,0,0,,,,,,0,0,0
749,10,FWD,39,0,0,,,,,0,0,0,0,0,0,0,0,0,1.32,0.87,1690.02,1.368,1775.26,False,0,0,,,,,,,,,,,0,0,0
750,10,DEF,6,0,0,,,,,0,0,0,0,0,0,0,0,0,1.018,1.242,1829.71,1.946,1896.62,False,0,0,,0,0,,,,,,,,0,0,0
751,10,MID,6,0,0,,,,,0,0,0,0,0,0,0,0,0,1.018,1.242,1829.71,1.946,1896.62,False,0,0,,,,0,0,,,,,,0,0,0
752,10,DEF,21,0,0,,,,,0,0,0,0,0,0,0,0,0,0.668,1.934,1710.39,1.048,1884.94,False,0,0,,0,0,,,,,,,,0,0,0
