player_id,gameweek,position,team_code,points_roll3,points_roll5,xg_roll3,xg_roll5,xa_roll3,xa_roll5,bps_roll3,bps_roll5,ict_roll3,ict_roll5,minutes_roll3,minutes_roll5,defcon_roll3,defcon_roll5,points_std5,team_xg_for_roll5,team_xg_against_roll5,team_elo,opp_xg_against_roll5,opp_elo,has_double_gw,ppm_roll5,start_rate_roll5,gkp_saves_roll3,def_clean_sheet_roll5,def_attacking_return_rate,mid_creativity_roll3,mid_threat_roll3,mid_shots_on_target_roll3,mid_touches_box_roll3,fwd_xg_roll3,fwd_shots_on_target_roll3,fwd_touches_box_roll3,is_penalty_taker,is_corner_freekick_taker,is_direct_freekick_taker
1,31,GKP,3,5.66667,4.6,0,0,0.00333333,0.002,21.6667,18.6,1.16667,1.72,90,108,0,0,2.19089,,,,,,False,0.766667,0.8,3,,,,,,,,,,0,0,0
2,31,GKP,3,0,0,0,0,0,0,0,0,0,0,0,0,0,0,0,,,,,,False,0,0,0,,,,,,,,,,0,0,0
3,31,GKP,3,0,0,,,,,0,0,0,0,0,0,0,0,0,,,,,,False,0,0,0,,,,,,,,,,0,0,0
4,31,GKP,3,0,0,,,,,0,0,0,0,0,0,0,0,0,,,,,,False,0,0,0,,,,,,,,,,0,0,0
5,31,DEF,3,9.66667,7.6,0.02,0.036,0.21,0.164,32.3333,28.8,2.53333,4.02,90,108,12.6667,13.6,3.43511,,,,,,False,1.05556,0.8,,0.4,0.4,,,,,,,,0,0,0
6,31,DEF,3,7,4.8,0.13,0.125,0.045,0.0275,20.6667,15.6,4.46667,3.62,60,72,6,6.8,5.26308,,,,,,False,0.786885,0.8,,0.2,0.2,,,,,,,,0,0,0
7,31,DEF,3,2.33333,1.8,0.05,0.03,0.03,0.02,10.3333,6.4,1.8,1.16,33,21.8,1.33333,1,2.48998,,,,,,False,0.321429,0.2,,0.2,0,,,,,,,,0,0,0
8,31,DEF,3,7.33333,5.6,0.136667,0.082,0.03,0.084,20.3333,19.8,2.76667,4.34,72.3333,90.6,7.33333,6,4.87852,,,,,,False,0.888889,0.8,,0.2,0.6,,,,,,,,0,0,0
9,31,DEF,3,0,0,,,,,0,0,0,0,0,0,0,0,0,,,,,,False,0,0,,0,0,,,,,,,,0,0,0
10,31,DEF,3,0,0,0,0,0,0,0,0,0,0,0,0,0,0,0,,,,,,False,0,0,,0,0,,,,,,,,0,0,0
11,31,DEF,3,0,0,0,0,0,0,0,0,0,0,0,0,0,0,0,,,,,,False,0,0,,0,0,,,,,,,,0,0,0
12,31,DEF,17,0,0,,,,,0,0,0,0,0,0,0,0,0,1.318,1.322,1784.7,2.034,1819.66,False,0,0,,0,0,,,,,,,,0,0,0
13,31,DEF,3,0,0,,,,,0,0,0,0,0,0,0,0,0,,,,,,False,0,0,,0,0,,,,,,,,0,0,0
14,31,DEF,3,0,0,,,,,0,0,0,0,0,0,0,0,0,,,,,,False,0,0,,0,0,,,,,,,,0,0,0
15,31,DEF,3,0,0,,,,,0,0,0,0,0,0,0,0,0,,,,,,False,0,0,,0,0,,,,,,,,0,0,0
16,31,MID,3,4.66667,6.4,0.0933333,0.282,0.13,0.128,15.3333,20.6,5.23333,8.3,90,90.4,6,9,4.5607,,,,,,False,0.653061,1,,,,15.1,21.3333,0.666667,6.33333,,,,1,0,0
17,31,MID,3,0,1,,0.02,,0.04,0,3.8,0,0.86,0,11.6,0,1,1.73205,,,,,,False,0.128205,0,,,,0,0,,,,,,0,0,0
18,31,MID,3,1,3.4,0.0233333,0.078,0.0266667,0.032,4,10.6,2.06667,3.66,20,38.8,1,2,5.50454,,,,,,False,0.5,0.2,,,,8,9.33333,0.333333,1.66667,,,,0,0,0
19,31,MID,3,2,2,0.0366667,0.12,0.0333333,0.044,6,6.2,1.6,3.28,40.6667,47,2.33333,4.6,1.41421,,,,,,False,0.294118,0.4,,,,4.93333,5,0.333333,1.33333,,,,0,0,0
20,31,MID,3,0.666667,1.4,0.08,0.1425,0.065,0.075,1,5.6,1.13333,2.5,28.3333,52,2.66667,4.8,1.14018,,,,,,False,0.215385,0.6,,,,5.03333,4.33333,0,3,,,,0,0,0
21,31,MID,3,3.66667,5.8,0.0333333,0.026,0.15,0.202,20.3333,25.2,4.13333,5.54,85,105,8.33333,13.6,4.65833,,,,,,False,0.794521,0.8,,,,23.9667,2.66667,0,1,,,,0,1,1
22,31,MID,3,0,0,,,,,0,0,0,0,0,0,0,0,0,,,,,,False,0,0,,,,0,0,,,,,,0,0,0
23,31,MID,3,0,0,,,,,0,0,0,0,0,0,0,0,0,,,,,,False,0,0,,,,0,0,,,,,,0,0,0
24,31,MID,3,0.666667,0.4,0,0,0,0,1.66667,1,0,0,8,4.8,0.666667,0.4,0.547723,,,,,,False,0.0784314,0,,,,0,0,0,0,,,,0,0,0
25,31,MID,3,0,0,,,,,0,0,0,0,0,0,0,0,0,,,,,,False,0,0,,,,0,0,,,,,,0,0,0
26,31,MID,3,2.66667,3.2,0.08,0.0266667,0.21,0.183333,10.3333,15,1.86667,2.32,80.6667,102.4,6,8.6,1.64317,,,,,,False,0.627451,0.8,,,,5.93333,6.66667,0,2,,,,0,0,0
27,31,MID,94,0.333333,0.2,0.07,0.035,0,0,-0.333333,-0.2,0.0666667,0.04,1.66667,1,0.333333,0.2,0.447214,1.664,1.194,1853.47,1.624,1780.19,False,0.0416667,0,,,,0,1.33333,0,1,,,,0,0,0
28,31,MID,3,0,0,,,,,0,0,0,0,0,0,0,0,0,,,,,,False,0,0,,,,0,0,,,,,,0,0,0
29,31,MID,3,0,0,,,,,0,0,0,0,0,0,0,0,0,,,,,,False,0,0,,,,0,0,,,,,,0,0,0
30,31,FWD,3,1.33333,0.8,0.0333333,0.0333333,0.01,0.01,5.66667,3.4,1.56667,0.94,35,21,1.33333,0.8,0.83666,,,,,,False,0.109589,0.2,,,,,,,,0.0333333,0.333333,1.66667,0,0,0
31,31,FWD,3,0,0,0,0,0,0.002,0,-0.2,0,0.1,0,5,0,0.6,0,,,,,,False,0,0,,,,,,,,0,0,0,0,0,0
32,31,GKP,7,1.33333,3,0,0,0,0.00333333,8,13.2,2.66667,2.54,90,90,0,0,2.91548,0.998,1.482,1929.21,1.214,1743.59,False,0.588235,1,2.33333,,,,,,,,,,0,0,0
33,31,GKP,7,0,0,0,0,0,0,0,0,0,0,0,0,0,0,0,0.998,1.482,1929.21,1.214,1743.59,False,0,0,0,,,,,,,,,,0,0,0
34,31,GKP,7,0,0,,,,,0,0,0,0,0,0,0,0,0,0.998,1.482,1929.21,1.214,1743.59,False,0,0,0,,,,,,,,,,0,0,0
35,31,GKP,7,0,0,,,,,0,0,0,0,0,0,0,0,0,0.998,1.482,1929.21,1.214,1743.59,False,0,0,0,,,,,,,,,,0,0,0
36,31,DEF,7,-0.333333,0.2,0,0.00666667,0.035,0.0633333,-0.333333,2.4,1.96667,2.04,45,44.2,2.66667,3,1.09545,0.998,1.482,1929.21,1.214,1743.59,False,0.0425532,0.6,,0,0,,,,,,,,0,0,0
37,31,DEF,7,2,1.2,0,0,0.103333,0.062,7.33333,4.4,2.03333,1.22,50,30,2.66667,1.6,1.78885,0.998,1.482,1929.21,1.214,1743.59,False,0.266667,0.4,,0,0.2,,,,,,,,0,0,0
38,31,DEF,7,0.666667,3,0,0.058,0.01,0.012,4,12,2.26667,2.54,90,90,6.66667,6.8,3.24037,0.998,1.482,1929.21,1.214,1743.59,False,0.681818,1,,0.2,0.2,,,,,,,,0,0,0
39,31,DEF,7,0.666667,2.4,0.0666667,0.046,0.0366667,0.042,2.33333,7.8,3.13333,3.5,39.3333,59.6,3.66667,5.2,3.20936,0.998,1.482,1929.21,1.214,1743.59,False,0.571429,0.6,,0.2,0,,,,,,,,0,0,0
40,31,DEF,7,1,3.4,0.12,0.122,0.01,0.054,0,9,1.33333,2.4,60,72,5,5.6,4.97996,0.998,1.482,1929.21,1.214,1743.59,False,0.790698,0.8,,0.2,0.2,,,,,,,,0,0,0
41,31,DEF,7,0.333333,0.2,0.0133333,0.008,0.00333333,0.002,3,1.8,0.733333,0.44,30,18,2.33333,1.4,0.447214,0.998,1.482,1929.21,1.214,1743.59,False,0.0465116,0.2,,0,0,,,,,,,,0,0,0
42,31,DEF,7,0.333333,0.4,0,0,0,0,1.33333,1.4,0.1,0.06,1.33333,1.4,0.333333,0.2,0.547723,0.998,1.482,1929.21,1.214,1743.59,False,0.102564,0,,0,0,,,,,,,,0,0,0
43,31,DEF,7,0,0,,,,,0,0,0,0,0,0,0,0,0,0.998,1.482,1929.21,1.214,1743.59,False,0,0,,0,0,,,,,,,,0,0,0
44,31,DEF,7,0.333333,1.8,0,0,0.01,0.008,-1,5.6,0.966667,1.02,45,45.6,3,3.2,2.94958,0.998,1.482,1929.21,1.214,1743.59,False,0.45,0.4,,0.2,0,,,,,,,,0,0,0
45,31,DEF,7,0,0,,,,,0,0,0,0,0,0,0,0,0,0.998,1.482,1929.21,1.214,1743.59,False,0,0,,0,0,,,,,,,,0,0,0
46,31,DEF,7,0,0,,,,,0,0,0,0,0,0,0,0,0,0.998,1.482,1929.21,1.214,1743.59,False,0,0,,0,0,,,,,,,,0,0,0
47,31,MID,7,1.66667,1.8,0.133333,0.138,0.0766667,0.092,9,8.4,4.1,4.96,90,90,7.33333,6.4,0.447214,0.998,1.482,1929.21,1.214,1743.59,False,0.243243,1,,,,11.6333,19.3333,1,3,,,,0,0,1
48,31,MID,7,0,0,,,,,0,0,0,0,0,0,0,0,0,0.998,1.482,1929.21,1.214,1743.59,False,0,0,,,,0,0,,,,,,0,0,0
49,31,MID,7,2,1.8,0.0333333,0.032,0.18,0.168,6.33333,5.6,1.83333,2.76,40.3333,42.2,2.66667,3.6,1.92354,0.998,1.482,1929.21,1.214,1743.59,False,0.327273,0.4,,,,4.5,6.33333,0,2.33333,,,,0,0,0
50,31,MID,7,2,1.6,0,0.0533333,0.03,0.0233333,8,6.2,1.8,1.48,72,69.8,7,6,0.894427,0.998,1.482,1929.21,1.214,1743.59,False,0.301887,1,,,,9.43333,4.66667,0,2,,,,0,0,0
51,31,MID,7,0,0,,,,,0,0,0,0,0,0,0,0,0,0.998,1.482,1929.21,1.214,1743.59,False,0,0,,,,0,0,,,,,,0,0,0
52,31,MID,4,2.33333,4,0.0566667,0.124,0.02,0.044,12,17.6,3.56667,5.34,60,68.8,4.33333,5,3.67423,1.604,1.64,1866.62,1.79,1705.73,False,0.754717,1,,,,14.1667,5.33333,0.666667,0.333333,,,,0,0,0
53,31,MID,7,0,0,,,,,0,0,0,0,0,0,0,0,0,0.998,1.482,1929.21,1.214,1743.59,False,0,0,,,,0,0,,,,,,0,0,0
54,31,MID,7,0.666667,0.4,0.06,0.06,0.25,0.25,3,1.8,0.766667,0.46,20,12,0.666667,0.4,0.894427,0.998,1.482,1929.21,1.214,1743.59,False,0.0754717,0.2,,,,5.73333,3,0,4,,,,0,0,0
55,31,MID,7,4.66667,3.2,0.04,0.048,0.15,0.116,18.3333,13.2,4.06667,2.94,46,39.4,5.33333,4.2,4.91935,0.998,1.482,1929.21,1.214,1743.59,False,0.666667,0.2,,,,11.3,7,0.333333,0.666667,,,,0,0,0
56,31,MID,7,0,0,,,,,0,0,0,0,0,0,0,0,0,0.998,1.482,1929.21,1.214,1743.59,False,0,0,,,,0,0,,,,,,0,0,0
57,31,MID,7,0,0,,,,,0,0,0,0,0,0,0,0,0,0.998,1.482,1929.21,1.214,1743.59,False,0,0,,,,0,0,,,,,,0,0,0
58,31,MID,7,0,0,,,,,0,0,0,0,0,0,0,0,0,0.998,1.482,1929.21,1.214,1743.59,False,0,0,,,,0,0,,,,,,0,0,0
59,31,MID,7,2,2.2,0.133333,0.164,0.0466667,0.034,10.6667,10.8,3.43333,3.24,90,80.8,7.33333,6.8,0.447214,0.998,1.482,1929.21,1.214,1743.59,False,0.458333,1,,,,7.6,14,0.666667,3,,,,0,0,0
60,31,MID,7,0,0,,,,,0,0,0,0,0,0,0,0,0,0.998,1.482,1929.21,1.214,1743.59,False,0,0,,,,0,0,,,,,,0,0,0
61,31,MID,7,0,0,,,,,0,0,0,0,0,0,0,0,0,0.998,1.482,1929.21,1.214,1743.59,False,0,0,,,,0,0,,,,,,0,0,0
62,31,MID,7,0,0,,,,,0,0,0,0,0,0,0,0,0,0.998,1.482,1929.21,1.214,1743.59,False,0,0,,,,0,0,,,,,,0,0,0
63,31,MID,7,0,0,,,,,0,0,0,0,0,0,0,0,0,0.998,1.482,1929.21,1.214,1743.59,False,0,0,,,,0,0,,,,,,0,0,0
64,31,FWD,7,1,1.4,0.0933333,0.114,0.00666667,0.016,0.333333,2.4,1.9,2.32,71.3333,75.4,2,2,0.894427,0.998,1.482,1929.21,1.214,1743.59,False,0.164706,1,,,,,,,,0.0933333,0.666667,2.33333,0,0,0
65,31,FWD,7,0,0,,,,,0,0,0,0,0,0,0,0,0,0.998,1.482,1929.21,1.214,1743.59,False,0,0,,,,,,,,,,,0,0,0
66,31,GKP,91,0,0,,,,,0,0,0,0,0,0,0,0,0,1.634,1.886,1835.06,1.12,1880.65,False,0,0,0,,,,,,,,,,0,0,0
67,31,GKP,91,5,5.4,0,0,0,0,21,22.6,1.83333,2.52,90,90,0,0,2.50998,1.634,1.886,1835.06,1.12,1880.65,False,1.17391,1,2.33333,,,,,,,,,,0,0,0
68,31,GKP,91,0,0,,,,,0,0,0,0,0,0,0,0,0,1.634,1.886,1835.06,1.12,1880.65,False,0,0,0,,,,,,,,,,0,0,0
69,31,GKP,91,0,0,,,,,0,0,0,0,0,0,0,0,0,1.634,1.886,1835.06,1.12,1880.65,False,0,0,0,,,,,,,,,,0,0,0
70,31,GKP,91,0,0,,,,,0,0,0,0,0,0,0,0,0,1.634,1.886,1835.06,1.12,1880.65,False,0,0,0,,,,,,,,,,0,0,0
71,31,DEF,91,0,0,,,,,0,0,0,0,0,0,0,0,0,1.634,1.886,1835.06,1.12,1880.65,False,0,0,,0,0,,,,,,,,0,0,0
72,31,DEF,91,8.33333,6.4,0.0466667,0.04,0.03,0.02,23.6667,20.4,3.1,3.26,90,90,12.3333,10.4,3.91152,1.634,1.886,1835.06,1.12,1880.65,False,1.2549,1,,0.6,0,,,,,,,,0,0,0
73,31,DEF,91,2.66667,2,0,0,0.03,0.018,10.3333,7.8,1.93333,1.16,20,12.4,3,1.8,3.39116,1.634,1.886,1835.06,1.12,1880.65,False,0.454545,0.2,,0.2,0,,,,,,,,0,0,0
74,31,DEF,91,7.66667,7.2,0,0.012,0.21,0.224,26.6667,24.4,4.3,3.9,90,90,9,8.8,2.58844,1.634,1.886,1835.06,1.12,1880.65,False,1.53191,1,,0.6,0.2,,,,,,,,0,0,0
75,31,DEF,91,0,0,,,,,0,0,0,0,0,0,0,0,0,1.634,1.886,1835.06,1.12,1880.65,False,0,0,,0,0,,,,,,,,0,0,0
76,31,DEF,91,0,0,,,,,0,0,0,0,0,0,0,0,0,1.634,1.886,1835.06,1.12,1880.65,False,0,0,,0,0,,,,,,,,0,0,0
77,31,DEF,91,6,6.6,0.146667,0.088,0.0666667,0.098,21,24.6,4.26667,4.34,90,90,13,13.2,2.79285,1.634,1.886,1835.06,1.12,1880.65,False,1.57143,1,,0.6,0.2,,,,,,,,0,0,0
78,31,DEF,91,0,0,,,,,0,0,0,0,0,0,0,0,0,1.634,1.886,1835.06,1.12,1880.65,False,0,0,,0,0,,,,,,,,0,0,0
79,31,DEF,91,0,0,,,,,0,0,0,0,0,0,0,0,0,1.634,1.886,1835.06,1.12,1880.65,False,0,0,,0,0,,,,,,,,0,0,0
80,31,DEF,91,0,0,,,,,0,0,0,0,0,0,0,0,0,1.634,1.886,1835.06,1.12,1880.65,False,0,0,,0,0,,,,,,,,0,0,0
81,31,MID,91,0,0,,,,,0,0,0,0,0,0,0,0,0,1.634,1.886,1835.06,1.12,1880.65,False,0,0,,,,0,0,,,,,,1,0,0
82,31,MID,43,5.66667,7,0.403333,0.416,0.02,0.06,22,23,6.46667,7.62,84.6667,86,5,6.4,4.58258,,,,,,False,0.853659,1,,,,13.9333,24,0.666667,3,,,,0,0,0
83,31,MID,94,5.33333,3.8,0.0633333,0.112,0.406667,0.382,23,17.2,6.3,5.52,80.3333,84.2,7.66667,7,2.77489,1.664,1.194,1853.47,1.624,1780.19,False,0.633333,1,,,,25.4333,15,0.666667,3,,,,0,0,0
84,31,MID,91,4,2.6,0.61,0.4575,0.23,0.1725,18.6667,11.6,8.4,5.16,86.6667,54,8.33333,5,2.70185,1.634,1.886,1835.06,1.12,1880.65,False,0.481481,0.6,,,,33.1333,32.6667,1.66667,4,,,,0,0,0
85,31,MID,91,1.66667,2,0,0,0.02,0.0125,6.33333,6.8,1.33333,1.2,50.3333,43.2,7.33333,7.2,2.34521,1.634,1.886,1835.06,1.12,1880.65,False,0.408163,0.6,,,,5.56667,0,0,0,,,,0,0,0
86,31,MID,91,0.666667,0.6,0.12,0.092,0.103333,0.066,2,2.2,1.33333,1.36,18.3333,17.8,0.666667,1.6,0.547723,1.634,1.886,1835.06,1.12,1880.65,False,0.12,0.2,,,,8.53333,3,0,0.666667,,,,0,0,0
87,31,MID,91,2.66667,2.2,0.0333333,0.026,0.0466667,0.038,9.66667,9.4,2.2,1.92,53.6667,52.8,9.33333,7.2,1.92354,1.634,1.886,1835.06,1.12,1880.65,False,0.44898,0.6,,,,7,3.66667,0,0.666667,,,,0,0,0
88,31,MID,91,0,0.2,,0,,0,0,0.4,0,0,0,2,0,0.2,0.447214,1.634,1.886,1835.06,1.12,1880.65,False,0.0408163,0,,,,0,0,,,,,,0,1,0
89,31,MID,91,0,0,,,,,0,0,0,0,0,0,0,0,0,1.634,1.886,1835.06,1.12,1880.65,False,0,0,,,,0,0,,,,,,0,0,0
90,31,MID,91,3.66667,4,0.233333,0.168,0.123333,0.094,17,17.6,5,4.92,90,90,13.3333,13.6,1,1.634,1.886,1835.06,1.12,1880.65,False,0.8,1,,,,19.0333,13.6667,0.333333,3,,,,0,0,0
91,31,MID,91,0,0,,,,,0,0,0,0,0,0,0,0,0,1.634,1.886,1835.06,1.12,1880.65,False,0,0,,,,0,0,,,,,,0,0,0
92,31,MID,91,0,0,,,,,0,0,0,0,0,0,0,0,0,1.634,1.886,1835.06,1.12,1880.65,False,0,0,,,,0,0,,,,,,0,0,0
93,31,MID,91,0,0,,,,,0,0,0,0,0,0,0,0,0,1.634,1.886,1835.06,1.12,1880.65,False,0,0,,,,0,0,,,,,,0,0,0
94,31,MID,91,0,0,,,,,0,0,0,0,0,0,0,0,0,1.634,1.886,1835.06,1.12,1880.65,False,0,0,,,,0,0,,,,,,0,0,0
95,31,MID,91,0,0,,,,,0,0,0,0,0,0,0,0,0,1.634,1.886,1835.06,1.12,1880.65,False,0,0,,,,0,0,,,,,,0,0,0
96,31,MID,91,0,0,,,,,0,0,0,0,0,0,0,0,0,1.634,1.886,1835.06,1.12,1880.65,False,0,0,,,,0,0,,,,,,0,0,0
97,31,FWD,91,3.33333,2.6,0.296667,0.202,0.07,0.044,14,10.6,5.13333,3.96,69.3333,68.8,4,3,1.94936,1.634,1.886,1835.06,1.12,1880.65,False,0.382353,0.8,,,,,,,,0.296667,1,4,0,0,0
98,31,FWD,91,1,1,0.266667,0.178,0.00333333,0.002,1.66667,1.4,1.03333,0.8,7.33333,11,1,1.2,0,1.634,1.886,1835.06,1.12,1880.65,False,0.185185,0,,,,,,,,0.266667,0,2.66667,0,0,1
99,31,FWD,91,0,0,,,,,0,0,0,0,0,0,0,0,0,1.634,1.886,1835.06,1.12,1880.65,False,0,0,,,,,,,,,,,0,0,0
100,31,FWD,91,1.66667,1.6,0.195,0.1025,0.035,0.07,6.33333,6.4,4.33333,4.06,58.3333,59,6.33333,5.2,0.547723,1.634,1.886,1835.06,1.12,1880.65,False,0.340426,0.6,,,,,,,,0.195,0,2,0,0,0
101,31,GKP,94,2.33333,2.2,0,0,0.09,0.045,11,10.6,1.36667,1.82,60,72,0,0,2.28035,1.664,1.194,1853.47,1.624,1780.19,False,0.458333,0.8,1.33333,,,,,,,,,,0,0,0
102,31,GKP,94,0,0,0,0,0,0,0,0,0,0,0,0,0,0,0,1.664,1.194,1853.47,1.624,1780.19,False,0,0,0,,,,,,,,,,0,0,0
103,31,GKP,94,0,0,,,,,0,0,0,0,0,0,0,0,0,1.664,1.194,1853.47,1.624,1780.19,False,0,0,0,,,,,,,,,,0,0,0
104,31,GKP,94,0,0,,,,,0,0,0,0,0,0,0,0,0,1.664,1.194,1853.47,1.624,1780.19,False,0,0,0,,,,,,,,,,0,0,0
105,31,GKP,94,0.333333,0.2,0,0,0,0,0.333333,0.2,0.433333,0.26,30,18,0,0,0.447214,1.664,1.194,1853.47,1.624,1780.19,False,0.0526316,0.2,0.333333,,,,,,,,,,0,0,0
106,31,DEF,94,2,1.4,0,0.018,0.0466667,0.078,8,5.2,1.4,1.32,60,45,3,2.6,2.60768,1.664,1.194,1853.47,1.624,1780.19,False,0.285714,0.4,,0.2,0,,,,,,,,0,0,0
107,31,DEF,94,2,2.8,0.0266667,0.136,0.0933333,0.06,10,8.4,2.8,3.54,37,45.6,0.666667,0.8,3.27109,1.664,1.194,1853.47,1.624,1780.19,False,0.583333,0.6,,0,0.4,,,,,,,,0,0,1
108,31,DEF,94,2.33333,2.4,0,0.004,0.0266667,0.024,6.66667,6.2,2.26667,2.24,59,69.4,4.33333,5,2.50998,1.664,1.194,1853.47,1.624,1780.19,False,0.545455,0.6,,0.2,0,,,,,,,,0,0,0
109,31,DEF,94,1.66667,1.6,0,0,0.04,0.0275,7.33333,5.6,2.36667,1.92,36.6667,58,1.66667,3,1.51658,1.664,1.194,1853.47,1.624,1780.19,False,0.372093,0.8,,0,0.2,,,,,,,,0,0,0
110,31,DEF,94,4.33333,3,0.12,0.11,0.0833333,0.0775,19,13.2,4.4,2.96,90,72,7.33333,6.2,3.87298,1.664,1.194,1853.47,1.624,1780.19,False,0.652174,0.8,,0.2,0.2,,,,,,,,0,0,0
111,31,DEF,94,0,0,0,0,0,0,0,0,0,0,0,0,0,0,0,1.664,1.194,1853.47,1.624,1780.19,False,0,0,,0,0,,,,,,,,0,0,0
112,31,DEF,94,0,0,,,,,0,0,0,0,0,0,0,0,0,1.664,1.194,1853.47,1.624,1780.19,False,0,0,,0,0,,,,,,,,0,0,0
113,31,DEF,94,4.33333,4.4,0.166667,0.19,0.106667,0.118,17.6667,16.4,3.9,4.1,90,90,8.66667,9.4,2.30217,1.664,1.194,1853.47,1.624,1780.19,False,0.956522,1,,0.2,0.4,,,,,,,,0,0,0
114,31,DEF,94,0,0,,,,,0,0,0,0,0,0,0,0,0,1.664,1.194,1853.47,1.624,1780.19,False,0,0,,0,0,,,,,,,,0,0,0
115,31,DEF,94,0,0,,,,,0,0,0,0,0,0,0,0,0,1.664,1.194,1853.47,1.624,1780.19,False,0,0,,0,0,,,,,,,,0,0,0
116,31,DEF,94,0,0.4,,0,,0,0,1.2,0,0.22,0,9,0,1,0.547723,1.664,1.194,1853.47,1.624,1780.19,False,0.1,0.2,,0,0,,,,,,,,0,0,0
117,31,DEF,94,0,0,,,,,0,0,0,0,0,0,0,0,0,1.664,1.194,1853.47,1.624,1780.19,False,0,0,,0,0,,,,,,,,0,0,0
118,31,DEF,94,0,0,,,,,0,0,0,0,0,0,0,0,0,1.664,1.194,1853.47,1.624,1780.19,False,0,0,,0,0,,,,,,,,0,0,0
119,31,MID,1,1.66667,3.4,0.136667,0.194,0.106667,0.114,7.66667,11.8,4.6,5.3,78.3333,80.4,4,4.8,2.40832,1.294,1.12,1880.65,1.886,1835.06,False,0.395349,1,,,,25.7,14.6667,0.333333,4.33333,,,,0,0,0
120,31,MID,94,4,2.6,0.373333,0.28,0.03,0.035,10.6667,7,3.96667,2.56,76,54.6,4.33333,3.4,2.70185,1.664,1.194,1853.47,1.624,1780.19,False,0.371429,0.6,,,,6.66667,18.6667,0.333333,3.33333,,,,0,0,0
121,31,MID,94,7.66667,5,0.15,0.144,0.15,0.094,28.3333,18.8,7.3,5.44,83.6667,58.2,9,6.8,7.31437,1.664,1.194,1853.47,1.624,1780.19,False,0.892857,0.6,,,,16.9667,19.3333,0.666667,3.66667,,,,0,0,0
122,31,MID,94,0,0,,,,,0,0,0,0,0,0,0,0,0,1.664,1.194,1853.47,1.624,1780.19,False,0,0,,,,0,0,,,,,,0,0,0
123,31,MID,94,0,0,,,,,0,0,0,0,0,0,0,0,0,1.664,1.194,1853.47,1.624,1780.19,False,0,0,,,,0,0,,,,,,0,0,0
124,31,MID,94,2,1.8,0,0,0.0633333,0.044,11.3333,10,1.7,1.82,56.3333,50.4,6.33333,5.4,0.83666,1.664,1.194,1853.47,1.624,1780.19,False,0.36,0.6,,,,10.2667,0.666667,0,0.333333,,,,0,0,0
125,31,MID,94,0,0.4,,0.035,,0.03,0,2,0,0.54,0,27,0,2.2,0.547723,1.664,1.194,1853.47,1.624,1780.19,False,0.0816327,0.4,,,,0,0,,,,,,0,0,0
126,31,MID,94,2.66667,2.2,0.0233333,0.028,0.106667,0.19,15.6667,15.8,3.9,4.58,90,90,11.6667,8.6,1.09545,1.664,1.194,1853.47,1.624,1780.19,False,0.44898,1,,,,17.3333,3,0.333333,0,,,,0,1,0
127,31,MID,94,0,0,,,,,0,0,0,0,0,0,0,0,0,1.664,1.194,1853.47,1.624,1780.19,False,0,0,,,,0,0,,,,,,0,0,0
128,31,MID,94,0,0,,,,,0,0,0,0,0,0,0,0,0,1.664,1.194,1853.47,1.624,1780.19,False,0,0,,,,0,0,,,,,,0,0,0
129,31,MID,94,1,1,0,0,0.0366667,0.032,6.33333,5.6,1.43333,1.34,40.3333,47.6,6,5,0.707107,1.664,1.194,1853.47,1.624,1780.19,False,0.2,0.4,,,,6.33333,0.666667,0,0.333333,,,,0,0,0
130,31,MID,94,0.333333,0.4,0.00666667,0.004,0,0,2,1.8,0.233333,0.26,6,5.4,1,0.6,0.547723,1.664,1.194,1853.47,1.624,1780.19,False,0.0909091,0,,,,0.1,1.33333,0,0.333333,,,,0,0,0
131,31,MID,94,0,0,,,,,0,0,0,0,0,0,0,0,0,1.664,1.194,1853.47,1.624,1780.19,False,0,0,,,,0,0,,,,,,0,0,0
132,31,MID,94,0,0,,,,,0,0,0,0,0,0,0,0,0,1.664,1.194,1853.47,1.624,1780.19,False,0,0,,,,0,0,,,,,,0,0,0
133,31,MID,94,0,0,,,,,0,0,0,0,0,0,0,0,0,1.664,1.194,1853.47,1.624,1780.19,False,0,0,,,,0,0,,,,,,0,0,0
134,31,MID,94,0,0,,,,,0,0,0,0,0,0,0,0,0,1.664,1.194,1853.47,1.624,1780.19,False,0,0,,,,0,0,,,,,,0,0,0
135,31,FWD,4,0.333333,0.2,0.0233333,0.0175,0,0,0.333333,0.2,0.1,0.06,5,3,0,0,0.447214,1.604,1.64,1866.62,1.79,1705.73,False,0.0273973,0,,,,,,,,0.0233333,0,0.333333,0,0,0
136,31,FWD,94,4.66667,3.6,0.81,0.702,0.0266667,0.146,23.3333,15.6,7.53333,6.58,90,90,7,6.2,2.19089,1.664,1.194,1853.47,1.624,1780.19,False,0.493151,1,,,,,,,,0.81,1,5.33333,0,0,0
137,31,FWD,94,0,0,,,,,0,0,0,0,0,0,0,0,0,1.664,1.194,1853.47,1.624,1780.19,False,0,0,,,,,,,,,,,0,0,0
138,31,GKP,36,0,0,0,0,0,0,0,0,0,0,0,0,0,0,0,1.08,0.924,1829.52,1.06,1949.06,False,0,0,0,,,,,,,,,,0,0,0
139,31,GKP,36,4,4.2,0,0,0,0.002,16.3333,17.4,1.96667,2.02,90,90,0,0,2.58844,1.08,0.924,1829.52,1.06,1949.06,False,0.933333,1,2.33333,,,,,,,,,,0,0,0
140,31,GKP,36,0,0,,,,,0,0,0,0,0,0,0,0,0,1.08,0.924,1829.52,1.06,1949.06,False,0,0,0,,,,,,,,,,0,0,0
141,31,GKP,36,0,0,,,,,0,0,0,0,0,0,0,0,0,1.08,0.924,1829.52,1.06,1949.06,False,0,0,0,,,,,,,,,,0,0,0
142,31,GKP,36,0,0,,,,,0,0,0,0,0,0,0,0,0,1.08,0.924,1829.52,1.06,1949.06,False,0,0,0,,,,,,,,,,0,0,0
143,31,DEF,36,0.333333,0.4,0,0,0.0233333,0.014,3.33333,2.2,0.933333,0.68,30,23.8,2.66667,2.2,0.547723,1.08,0.924,1829.52,1.06,1949.06,False,0.0952381,0.2,,0,0,,,,,,,,0,0,0
144,31,DEF,36,0,0,,,,,0,0,0,0,0,0,0,0,0,1.08,0.924,1829.52,1.06,1949.06,False,0,0,,0,0,,,,,,,,0,0,0
145,31,DEF,36,0.666667,0.6,0,0,0,0,2,2,0.0333333,0.16,5,5.8,0.666667,0.8,0.547723,1.08,0.924,1829.52,1.06,1949.06,False,0.139535,0,,0,0,,,,,,,,0,0,1
146,31,DEF,36,4,4,0.025,0.025,0.02,0.015,17.6667,17.4,2.7,2.54,60,72,7,6.2,4.52769,1.08,0.924,1829.52,1.06,1949.06,False,0.888889,0.8,,0.4,0,,,,,,,,0,0,0
147,31,DEF,36,0,0,,,,,0,0,0,0,0,0,0,0,0,1.08,0.924,1829.52,1.06,1949.06,False,0,0,,0,0,,,,,,,,0,0,0
148,31,DEF,36,3.66667,4.2,0.0533333,0.042,0.0366667,0.03,14.3333,17.4,2.03333,2.18,90,90,6,5.4,3.49285,1.08,0.924,1829.52,1.06,1949.06,False,0.954545,1,,0.4,0.2,,,,,,,,0,0,0
149,31,DEF,36,0,0,,,,,0,0,0,0,0,0,0,0,0,1.08,0.924,1829.52,1.06,1949.06,False,0,0,,0,0,,,,,,,,0,0,0
150,31,DEF,36,0,0,,,,,0,0,0,0,0,0,0,0,0,1.08,0.924,1829.52,1.06,1949.06,False,0,0,,0,0,,,,,,,,0,0,0
151,31,DEF,36,5,5.8,0.0266667,0.016,0.0766667,0.05,21,22.6,5.26667,3.68,90,84,12,10.4,3.11448,1.08,0.924,1829.52,1.06,1949.06,False,1.28889,1,,0.6,0,,,,,,,,0,0,0
152,31,DEF,36,1,1,0,0,0.00333333,0.004,4.33333,4.2,0.366667,0.68,11,29.6,1.66667,2.4,0,1.08,0.924,1829.52,1.06,1949.06,False,0.232558,0.2,,0,0,,,,,,,,0,0,0
153,31,DEF,36,0,0,,,,,0,0,0,0,0,0,0,0,0,1.08,0.924,1829.52,1.06,1949.06,False,0,0,,0,0,,,,,,,,0,0,0
154,31,DEF,36,0,0,,,,,0,0,0,0,0,0,0,0,0,1.08,0.924,1829.52,1.06,1949.06,False,0,0,,0,0,,,,,,,,0,0,0
155,31,DEF,36,0,0,,,,,0,0,0,0,0,0,0,0,0,1.08,0.924,1829.52,1.06,1949.06,False,0,0,,0,0,,,,,,,,0,0,0
156,31,DEF,36,0,0,,,,,0,0,0,0,0,0,0,0,0,1.08,0.924,1829.52,1.06,1949.06,False,0,0,,0,0,,,,,,,,0,0,0
157,31,MID,36,0.666667,1.6,0.34,0.265,0.05,0.065,5,7.2,2.8,3.9,45,61,2.66667,3.8,1.34164,1.08,0.924,1829.52,1.06,1949.06,False,0.262295,0.8,,,,10,13.6667,1,3,,,,0,0,0
158,31,MID,36,1.33333,0.8,0.07,0.042,0.0466667,0.028,6.33333,3.8,2.06667,1.24,30,18,4.33333,2.6,1.78885,1.08,0.924,1829.52,1.06,1949.06,False,0.142857,0.2,,,,7.93333,6,0.333333,1.33333,,,,0,0,0
159,31,MID,36,0.333333,0.2,0,0,0,0,1.33333,0.8,0,0,1.33333,0.8,0,0,0.447214,1.08,0.924,1829.52,1.06,1949.06,False,0.0344828,0,,,,0,0,0,0,,,,0,0,0
160,31,MID,36,3.33333,2.2,0.00666667,0.004,0.243333,0.146,15.6667,9.8,4.96667,3,40,25.8,4.66667,3,3.83406,1.08,0.924,1829.52,1.06,1949.06,False,0.4,0.2,,,,16.8667,11.6667,0.333333,3.33333,,,,0,0,0
161,31,MID,36,0,0,,,,,0,0,0,0,0,0,0,0,0,1.08,0.924,1829.52,1.06,1949.06,False,0,0,,,,0,0,,,,,,0,0,0
162,31,MID,36,0,0,,,,,0,0,0,0,0,0,0,0,0,1.08,0.924,1829.52,1.06,1949.06,False,0,0,,,,0,0,,,,,,0,0,0
163,31,MID,36,3.33333,3.2,0.413333,0.298,0.0966667,0.086,7.33333,9.2,6.36667,5.02,81.6667,85,3.33333,4,2.38747,1.08,0.924,1829.52,1.06,1949.06,False,0.627451,1,,,,20.1,33.3333,1,5,,,,0,0,0
164,31,MID,36,0.333333,0.2,0,0,0,0,0.666667,0.4,0,0,0.333333,0.2,0,0,0.447214,1.08,0.924,1829.52,1.06,1949.06,False,0.0363636,0,,,,0,0,0,0,,,,0,0,0
165,31,MID,36,0,0,,,,,0,0,0,0,0,0,0,0,0,1.08,0.924,1829.52,1.06,1949.06,False,0,0,,,,0,0,,,,,,0,0,0
166,31,MID,36,0.333333,0.2,0,0,0,0,0,0,0.0333333,0.02,4.66667,2.8,0.666667,0.4,0.447214,1.08,0.924,1829.52,1.06,1949.06,False,0.0416667,0,,,,0.233333,0,0,0,,,,0,0,0
167,31,MID,36,1,0.8,0.1,0.05,0.005,0.0025,2.33333,2.2,0.5,0.34,27,20.6,3.66667,2.8,0.83666,1.08,0.924,1829.52,1.06,1949.06,False,0.177778,0.4,,,,1.3,1.33333,0.5,0,,,,0,0,0
168,31,MID,2,0,0,,0,,0,0,0,0,0,0,0,0,0,0,1.31,1.624,1780.19,1.194,1853.47,False,0,0,,,,0,0,,,,,,0,0,0
169,31,MID,36,4.66667,5.4,0.06,0.07,0.05,0.03,17.3333,18.4,5.3,4.82,83.6667,81.2,10.3333,10.2,3.91152,1.08,0.924,1829.52,1.06,1949.06,False,1.10204,1,,,,15.8667,15,1,4,,,,0,0,0
170,31,MID,36,1.66667,2,0,0.022,0.0166667,0.024,10,10.6,1.33333,2.26,58.3333,66.4,5.66667,6.6,1.22474,1.08,0.924,1829.52,1.06,1949.06,False,0.408163,0.6,,,,7.43333,0,0,0,,,,1,0,0
171,31,MID,36,0,0,,,,,0,0,0,0,0,0,0,0,0,1.08,0.924,1829.52,1.06,1949.06,False,0,0,,,,0,0,,,,,,0,0,0
172,31,MID,36,0,0,,,,,0,0,0,0,0,0,0,0,0,1.08,0.924,1829.52,1.06,1949.06,False,0,0,,,,0,0,,,,,,0,0,0
173,31,MID,36,3.33333,2.4,0.1,0.075,0.0966667,0.0775,16.3333,11.6,4.16667,2.68,78.6667,60,13.3333,9.6,2.07364,1.08,0.924,1829.52,1.06,1949.06,False,0.489796,0.8,,,,10.6333,13,0.666667,2.33333,,,,0,0,0
174,31,MID,36,0,0,,,,,0,0,0,0,0,0,0,0,0,1.08,0.924,1829.52,1.06,1949.06,False,0,0,,,,0,0,,,,,,0,0,0
175,31,MID,36,0,0,,,,,0,0,0,0,0,0,0,0,0,1.08,0.924,1829.52,1.06,1949.06,False,0,0,,,,0,0,,,,,,0,0,0
176,31,MID,36,0,0,,,,,0,0,0,0,0,0,0,0,0,1.08,0.924,1829.52,1.06,1949.06,False,0,0,,,,0,0,,,,,,0,0,0
177,31,MID,36,0,0,,,,,0,0,0,0,0,0,0,0,0,1.08,0.924,1829.52,1.06,1949.06,False,0,0,,,,0,0,,,,,,0,0,0
178,31,FWD,36,4,4.6,0.163333,0.18,0.126667,0.082,17.3333,18.8,4.53333,5.24,67,74.2,4.66667,3.8,4.03733,1.08,0.924,1829.52,1.06,1949.06,False,0.741935,0.8,,,,,,,,0.163333,0.666667,3.66667,0,0,0
179,31,FWD,36,0,0,,,,,0,0,0,0,0,0,0,0,0,1.08,0.924,1829.52,1.06,1949.06,False,0,0,,,,,,,,,,,0,0,0
180,31,FWD,36,0,0,,,,,0,0,0,0,0,0,0,0,0,1.08,0.924,1829.52,1.06,1949.06,False,0,0,,,,,,,,,,,0,0,0
181,31,FWD,36,0,0.2,0,0,0,0.00333333,0,0.4,0,0.12,0,1.8,0,0,0.447214,1.08,0.924,1829.52,1.06,1949.06,False,0.0416667,0,,,,,,,,0,0,0,0,0,0
182,31,GKP,43,0,0,0,0,0,0,0,0,0,0,0,0,0,0,0,,,,,,False,0,0,0,,,,,,,,,,0,0,0
183,31,GKP,90,0,0,0,0,0,0,0,0,0,0,0,0,0,0,0,0.908,1.978,1685.09,1.228,1807.68,False,0,0,0,,,,,,,,,,0,0,0
184,31,GKP,90,0,0,,,,,0,0,0,0,0,0,0,0,0,0.908,1.978,1685.09,1.228,1807.68,False,0,0,0,,,,,,,,,,0,0,0
185,31,GKP,90,0,0,,,,,0,0,0,0,0,0,0,0,0,0.908,1.978,1685.09,1.228,1807.68,False,0,0,0,,,,,,,,,,0,0,0
186,31,DEF,90,0,0,,,,,0,0,0,0,0,0,0,0,0,0.908,1.978,1685.09,1.228,1807.68,False,0,0,,0,0,,,,,,,,0,0,0
187,31,DEF,90,3,2.2,0,0,0.00666667,0.006,11.6667,6.6,1.7,1.2,60,63,6.33333,4.6,2.38747,0.908,1.978,1685.09,1.228,1807.68,False,0.5,0.8,,0.2,0,,,,,,,,0,0,0
188,31,DEF,90,0,0,,,,,0,0,0,0,0,0,0,0,0,0.908,1.978,1685.09,1.228,1807.68,False,0,0,,0,0,,,,,,,,0,0,0
189,31,DEF,90,0,0,,,,,0,0,0,0,0,0,0,0,0,0.908,1.978,1685.09,1.228,1807.68,False,0,0,,0,0,,,,,,,,0,0,0
190,31,DEF,90,0,0,0,0,0,0,0,0,0,0,0,0,0,0,0,0.908,1.978,1685.09,1.228,1807.68,False,0,0,,0,0,,,,,,,,0,0,0
191,31,DEF,90,2.33333,2.4,0.03,0.05,0.0166667,0.014,9,9.4,2.06667,2.36,84.3333,86.6,8.33333,8.8,2.30217,0.908,1.978,1685.09,1.228,1807.68,False,0.615385,1,,0.2,0,,,,,,,,0,0,0
192,31,DEF,90,2,1.2,0,0,0.00333333,0.0025,7.33333,4.4,0.5,0.3,24.3333,14.6,2,1.2,2.68328,0.908,1.978,1685.09,1.228,1807.68,False,0.3,0.2,,0.2,0,,,,,,,,0,0,0
193,31,DEF,90,2.33333,2.6,0.0333333,0.028,0.05,0.032,10.6667,10.4,3.66667,3.24,90,88.4,8.66667,7.6,2.40832,0.908,1.978,1685.09,1.228,1807.68,False,0.666667,1,,0.2,0.2,,,,,,,,0,0,0
194,31,DEF,90,0,0,,,,,0,0,0,0,0,0,0,0,0,0.908,1.978,1685.09,1.228,1807.68,False,0,0,,0,0,,,,,,,,0,0,0
195,31,DEF,90,0.666667,0.6,0.00666667,0.004,0.0766667,0.05,6.66667,5.4,2.73333,2.06,65.3333,48.2,2.33333,2.4,0.547723,0.908,1.978,1685.09,1.228,1807.68,False,0.157895,0.4,,0,0,,,,,,,,0,0,0
196,31,DEF,90,0,0,,,,,0,0,0,0,0,0,0,0,0,0.908,1.978,1685.09,1.228,1807.68,False,0,0,,0,0,,,,,,,,0,0,0
197,31,DEF,90,0,0,,,,,0,0,0,0,0,0,0,0,0,0.908,1.978,1685.09,1.228,1807.68,False,0,0,,0,0,,,,,,,,0,0,0
198,31,DEF,90,0,0,,,,,0,0,0,0,0,0,0,0,0,0.908,1.978,1685.09,1.228,1807.68,False,0,0,,0,0,,,,,,,,0,0,0
199,31,DEF,90,2,2.6,0.0266667,0.016,0,0,2,4.2,2.43333,2.48,54,68.4,9.66667,10.6,1.14018,0.908,1.978,1685.09,1.228,1807.68,False,0.684211,0.8,,0,0,,,,,,,,0,0,0
200,31,MID,90,5.66667,5.4,0.226667,0.176,0.0933333,0.104,19.6667,19.2,6.96667,6.88,90,88.6,10,8.6,3.43511,0.908,1.978,1685.09,1.228,1807.68,False,1.08,1,,,,17.1667,31.6667,1.33333,4,,,,0,0,0
201,31,MID,90,0,0,,,,,0,0,0,0,0,0,0,0,0,0.908,1.978,1685.09,1.228,1807.68,False,0,0,,,,0,0,,,,,,0,0,0
202,31,MID,90,0.333333,0.6,0,0.0425,0,0,1,1.6,0.0333333,0.48,15,14.8,0.333333,1.4,0.547723,0.908,1.978,1685.09,1.228,1807.68,False,0.115385,0.2,,,,0.266667,0,0,0,,,,0,0,0
203,31,MID,90,0,0,,,,,0,0,0,0,0,0,0,0,0,0.908,1.978,1685.09,1.228,1807.68,False,0,0,,,,0,0,,,,,,0,0,0
204,31,MID,90,0,0,,,,,0,0,0,0,0,0,0,0,0,0.908,1.978,1685.09,1.228,1807.68,False,0,0,,,,0,0,,,,,,0,0,0
205,31,MID,90,0,0,,,,,0,0,0,0,0,0,0,0,0,0.908,1.978,1685.09,1.228,1807.68,False,0,0,,,,0,0,,,,,,0,0,0
206,31,MID,90,0.333333,1.6,0.02,0.0766667,0,0.0366667,1.33333,5.6,0.333333,1.66,8,37.2,1.33333,3.2,2.07364,0.908,1.978,1685.09,1.228,1807.68,False,0.340426,0.4,,,,1.6,1.66667,0,1,,,,0,0,0
207,31,MID,90,4.66667,5,0.0333333,0.05,0.0866667,0.064,17.6667,20.4,4.7,5.08,81.3333,83.2,9,9.6,4.58258,0.908,1.978,1685.09,1.228,1807.68,False,1.06383,1,,,,20.9667,2.66667,0,0.666667,,,,0,0,0
208,31,MID,90,0,0,,,,,0,0,0,0,0,0,0,0,0,0.908,1.978,1685.09,1.228,1807.68,False,0,0,,,,0,0,,,,,,0,0,0
209,31,MID,90,1.66667,1.6,0,0.03,0.02,0.032,7.66667,7.2,2.63333,2.62,50,63.4,5.33333,5,0.894427,0.908,1.978,1685.09,1.228,1807.68,False,0.333333,0.8,,,,15.7,0.666667,0,0.333333,,,,0,0,0
210,31,MID,90,0.666667,0.6,0,0,0.0366667,0.046,2.66667,2.6,0.766667,0.86,13,9.2,0,0,0.547723,0.908,1.978,1685.09,1.228,1807.68,False,0.125,0,,,,5.26667,0,0,0,,,,0,0,0
211,31,MID,90,0,0,,,,,0,0,0,0,0,0,0,0,0,0.908,1.978,1685.09,1.228,1807.68,False,0,0,,,,0,0,,,,,,0,0,0
212,31,MID,90,0,0,,,,,0,0,0,0,0,0,0,0,0,0.908,1.978,1685.09,1.228,1807.68,False,0,0,,,,0,0,,,,,,0,0,0
213,31,MID,90,0,0,,,,,0,0,0,0,0,0,0,0,0,0.908,1.978,1685.09,1.228,1807.68,False,0,0,,,,0,0,,,,,,0,0,0
214,31,MID,90,0,0,,,,,0,0,0,0,0,0,0,0,0,0.908,1.978,1685.09,1.228,1807.68,False,0,0,,,,0,0,,,,,,0,0,0
215,31,FWD,90,2.66667,3.8,0.59,0.365,0.05,0.025,12,14.2,4.26667,4.1,59,67.8,4,4.8,3.63318,0.908,1.978,1685.09,1.228,1807.68,False,0.716981,0.8,,,,,,,,0.59,1,4.5,1,0,0
216,31,FWD,90,0,0,,,,,0,0,0,0,0,0,0,0,0,0.908,1.978,1685.09,1.228,1807.68,False,0,0,,,,,,,,,,,0,0,0
217,31,FWD,90,1.33333,1,0.266667,0.2,0.01,0.0075,3.33333,2.6,2.83333,1.7,66.6667,43.4,3.33333,2.4,1,0.908,1.978,1685.09,1.228,1807.68,False,0.204082,0.4,,,,,,,,0.266667,0.333333,2.33333,0,0,0
218,31,FWD,90,0.666667,0.6,0,0,0,0,1.33333,0.8,0.0666667,0.04,2.66667,2.8,0,0.2,0.547723,0.908,1.978,1685.09,1.228,1807.68,False,0.142857,0,,,,,,,,0,0,0.333333,0,0,0
219,31,FWD,90,0,0,,,,,0,0,0,0,0,0,0,0,0,0.908,1.978,1685.09,1.228,1807.68,False,0,0,,,,,,,,,,,0,0,0
220,31,GKP,8,1.66667,1.6,0,0,0,0.002,8.66667,8,1.06667,1.22,60,72,0,0,1.14018,2.232,1.122,1930.44,1.426,1831.61,False,0.333333,0.8,2.33333,,,,,,,,,,0,0,0
221,31,GKP,8,1,0.6,0,0,0,0,5.66667,3.4,1.03333,0.62,30,18,0,0,1.34164,2.232,1.122,1930.44,1.426,1831.61,False,0.139535,0.2,1,,,,,,,,,,0,0,0
222,31,GKP,8,0,0,,,,,0,0,0,0,0,0,0,0,0,2.232,1.122,1930.44,1.426,1831.61,False,0,0,0,,,,,,,,,,0,0,0
223,31,GKP,8,0,0,,0,,0,0,0,0,0,0,0,0,0,0,2.232,1.122,1930.44,1.426,1831.61,False,0,0,0,,,,,,,,,,0,0,0
224,31,DEF,8,1,0.8,0,0,0.105,0.0766667,7,5.2,3.06667,2.26,33.6667,29.2,2,1.4,0.83666,2.232,1.122,1930.44,1.426,1831.61,False,0.133333,0.4,,0,0,,,,,,,,0,0,0
225,31,DEF,8,3.33333,3.2,0.0533333,0.04,0.276667,0.2125,17,15.4,4.16667,2.82,90,71.6,4.33333,3.8,2.68328,2.232,1.122,1930.44,1.426,1831.61,False,0.571429,0.8,,0.2,0.2,,,,,,,,0,0,0
226,31,DEF,8,1.66667,2,0.0533333,0.032,0.0866667,0.06,9.66667,10.2,1.26667,1.82,90,90,5,7,0.707107,2.232,1.122,1930.44,1.426,1831.61,False,0.37037,1,,0,0,,,,,,,,0,0,0
227,31,DEF,8,0,0,,,,,0,0,0,0,0,0,0,0,0,2.232,1.122,1930.44,1.426,1831.61,False,0,0,,0,0,,,,,,,,0,0,0
228,31,DEF,8,2.33333,2.6,0,0.01,0.166667,0.16,10.6667,12,2.43333,2.58,44.6667,60.6,1.33333,2.2,2.70185,2.232,1.122,1930.44,1.426,1831.61,False,0.530612,0.8,,0.2,0.2,,,,,,,,0,0,0
229,31,DEF,8,0,0,0,0,0,0,0,0,0,0,0,0,0,0,0,2.232,1.122,1930.44,1.426,1831.61,False,0,0,,0,0,,,,,,,,0,0,0
230,31,DEF,8,1.66667,1,0.15,0.075,0.01,0.0125,5,5.4,1.5,1.56,53,48.2,5,4.6,1.58114,2.232,1.122,1930.44,1.426,1831.61,False,0.227273,0.6,,0,0,,,,,,,,0,0,0
231,31,DEF,8,0.333333,0.4,0.116667,0.07,0,0,0.666667,0.2,0.433333,0.26,29.6667,18.2,2.66667,1.6,0.547723,2.232,1.122,1930.44,1.426,1831.61,False,0.0888889,0.2,,0,0,,,,,,,,0,0,0
232,31,DEF,8,0.666667,0.6,0,0,0,0,2.66667,1.4,0.166667,0.2,4,5.4,1.33333,1,0.547723,2.232,1.122,1930.44,1.426,1831.61,False,0.15,0,,0,0,,,,,,,,0,0,0
233,31,DEF,8,0,0.2,0,0,0,0.0133333,0,0.2,0,0.4,0,15.8,0,0.8,0.447214,2.232,1.122,1930.44,1.426,1831.61,False,0.0540541,0.2,,0,0,,,,,,,,0,0,0
234,31,DEF,8,0,0,,,,,0,0,0,0,0,0,0,0,0,2.232,1.122,1930.44,1.426,1831.61,False,0,0,,0,0,,,,,,,,0,0,0
235,31,MID,8,4,5.4,0.16,0.514,0.206667,0.272,18.3333,22.4,6.6,8.8,86.3333,84.6,6.33333,6.2,4.82701,2.232,1.122,1930.44,1.426,1831.61,False,0.509434,1,,,,25.3667,19,1,4,,,,1,0,0
236,31,MID,8,-0.333333,1.6,0.03,0.0466667,0.04,0.28,-1,6.2,0.5,2.46,23,36.4,0.333333,1.2,3.64692,2.232,1.122,1930.44,1.426,1831.61,False,0.228571,0.4,,,,3.6,0.666667,0,2,,,,0,1,0
237,31,MID,8,2.33333,2.2,0.05,0.074,0.21,0.27,19.3333,17.2,4.43333,5.16,84.3333,86.6,8.33333,7,1.09545,2.232,1.122,1930.44,1.426,1831.61,False,0.338462,1,,,,22.9667,7,0.666667,0.333333,,,,0,0,1
238,31,MID,8,0,0.6,,0.06,,0.02,0,1.2,0,0.6,0,12.6,0,1.4,1.34164,2.232,1.122,1930.44,1.426,1831.61,False,0.09375,0.2,,,,0,0,,,,,,0,0,0
239,31,MID,8,0,0,,,,,0,0,0,0,0,0,0,0,0,2.232,1.122,1930.44,1.426,1831.61,False,0,0,,,,0,0,,,,,,0,0,0
240,31,MID,8,0,0,,,,,0,0,0,0,0,0,0,0,0,2.232,1.122,1930.44,1.426,1831.61,False,0,0,,,,0,0,,,,,,0,0,0
241,31,MID,8,2.33333,2,0.0166667,0.024,0.05,0.168,14,14.4,1.7,2.28,80,84,8.66667,8,1.22474,2.232,1.122,1930.44,1.426,1831.61,False,0.350877,1,,,,8.9,0,0,0,,,,0,0,0
242,31,MID,11,5.66667,4.6,0.226667,0.18,0.22,0.166,22.6667,19,5.83333,5,89.3333,89.6,7.66667,8.4,2.96648,1.61,1.426,1831.61,1.122,1930.44,False,0.901961,1,,,,14.2667,17,1,2.66667,,,,0,0,0
243,31,MID,11,0.666667,1,0,0.008,0,0.006,2,2.6,0,0.54,1.33333,16.4,0.666667,1.4,0.707107,1.61,1.426,1831.61,1.122,1930.44,False,0.208333,0.2,,,,0.1,0,0,0,,,,0,0,0
244,31,MID,8,1,0.6,0,0,0.0133333,0.01,4,2.4,0.433333,0.26,19.6667,11.8,1.66667,1,0.547723,2.232,1.122,1930.44,1.426,1831.61,False,0.122449,0,,,,2.93333,0,0,0,,,,0,0,0
245,31,MID,8,0,0,,,,,0,0,0,0,0,0,0,0,0,2.232,1.122,1930.44,1.426,1831.61,False,0,0,,,,0,0,,,,,,0,0,0
246,31,MID,8,1,1.4,0,0,0,0.026,4.33333,9.4,0.166667,0.82,26.3333,49.4,2.33333,3.2,0.894427,2.232,1.122,1930.44,1.426,1831.61,False,0.311111,0.6,,,,0.366667,0,0,0,,,,0,0,0
247,31,MID,8,0,0,,,,,0,0,0,0,0,0,0,0,0,2.232,1.122,1930.44,1.426,1831.61,False,0,0,,,,0,0,,,,,,0,0,0
248,31,MID,8,0,0,,,,,0,0,0,0,0,0,0,0,0,2.232,1.122,1930.44,1.426,1831.61,False,0,0,,,,0,0,,,,,,0,0,0
249,31,FWD,8,7.66667,8,0.57,0.94,0.01,0.0733333,33.3333,31.8,9.2,9.58,88,86.6,4.33333,3.6,7.03562,2.232,1.122,1930.44,1.426,1831.61,False,1.02564,1,,,,,,,,0.57,2,4,0,0,0
250,31,FWD,8,1,1,0.0966667,0.106,0,0,2.33333,2.2,1.13333,0.8,18,15,2.33333,1.8,0,2.232,1.122,1930.44,1.426,1831.61,False,0.16129,0,,,,,,,,0.0966667,0.333333,2.33333,0,0,0
251,31,FWD,8,0,0,,,,,0,0,0,0,0,0,0,0,0,2.232,1.122,1930.44,1.426,1831.61,False,0,0,,,,,,,,,,,0,0,0
252,31,FWD,8,0,0,0,0,0,0,0,0,0,0,0,0,0,0,0,2.232,1.122,1930.44,1.426,1831.61,False,0,0,,,,,,,,0,0,0,0,0,0
253,31,GKP,31,2,4.6,0,0,0,0.0025,11,16.6,2.53333,3.14,60,72,0,0,6.50385,,,,,,False,0.901961,0.8,4,,,,,,,,,,0,0,0
254,31,GKP,31,2.33333,1.4,0,0,0,0,9.66667,5.8,0.766667,0.46,30,18,0,0,3.1305,,,,,,False,0.358974,0.2,1,,,,,,,,,,0,0,0
255,31,GKP,31,0,0,0,0,0,0,0,0,0,0,0,0,0,0,0,,,,,,False,0,0,0,,,,,,,,,,0,0,0
256,31,DEF,31,0.666667,2.4,0,0.0366667,0.04,0.316667,3.66667,11,1.53333,3.6,34.3333,52.8,2.33333,4.4,3.71484,,,,,,False,0.413793,0.8,,0.2,0,,,,,,,,0,0,0
257,31,DEF,31,4,3,0.145,0.166667,0.01,0.01,9.33333,6,3.7,2.98,48.3333,47,6.66667,6.2,3.67423,,,,,,False,0.588235,0.6,,0.2,0.2,,,,,,,,0,0,0
258,31,DEF,31,3,4.2,0.00333333,0.04,0.0366667,0.056,11,14.6,2.23333,3.4,90,90,5.66667,4.6,4.32435,,,,,,False,0.84,1,,0.4,0.2,,,,,,,,0,0,0
259,31,DEF,31,0,0,0,0,0,0,0,0,0,0,0,0,0,0,0,,,,,,False,0,0,,0,0,,,,,,,,0,0,0
260,31,DEF,43,3,3.6,0.276667,0.166,0.0266667,0.066,14.3333,18.8,5.23333,4.74,90,90,6.33333,7,2.70185,,,,,,False,0.705882,1,,0.4,0,,,,,,,,0,0,0
261,31,DEF,31,5,4.2,0.0166667,0.064,0.0533333,0.036,18,15.4,4.96667,4.52,90,90,11.3333,9.4,4.02492,,,,,,False,0.954545,1,,0.4,0,,,,,,,,0,0,0
262,31,DEF,31,1,1.8,0,0.004,0.00666667,0.006,4,7.2,0.933333,0.92,40.6667,47.6,3,3,1.92354,,,,,,False,0.45,0.4,,0.2,0,,,,,,,,0,0,0
263,31,DEF,31,0.333333,0.2,0,0,0.0133333,0.008,-0.333333,-0.2,0.5,0.3,25.3333,15.2,1.66667,1,0.447214,,,,,,False,0.0526316,0,,0,0,,,,,,,,0,0,0
264,31,DEF,31,0,0,,,,,0,0,0,0,0,0,0,0,0,,,,,,False,0,0,,0,0,,,,,,,,0,0,0
265,31,DEF,31,0,0,,,,,0,0,0,0,0,0,0,0,0,,,,,,False,0,0,,0,0,,,,,,,,0,0,0
266,31,MID,3,2.66667,4.8,0.133333,0.246,0.0766667,0.11,11.3333,17.6,2.06667,4.4,90,83.2,5,4.8,5.1672,,,,,,False,0.666667,1,,,,10.3667,8,0.666667,2,,,,0,0,0
267,31,MID,31,6.66667,4.8,0.423333,0.364,0.0133333,0.016,19,13.8,5.7,4.66,90,90,4,5.4,5.71839,,,,,,False,0.761905,1,,,,1.96667,25.3333,1.33333,3.33333,,,,0,0,0
268,31,MID,31,0,0,,,,,0,0,0,0,0,0,0,0,0,,,,,,False,0,0,,,,0,0,,,,,,0,0,0
269,31,MID,31,0,0,,,,,0,0,0,0,0,0,0,0,0,,,,,,False,0,0,,,,0,0,,,,,,0,0,0
270,31,MID,31,0.666667,0.6,0.0166667,0.018,0.00666667,0.016,1.66667,2,0.533333,1.14,30,30.6,2.66667,2.8,0.547723,,,,,,False,0.12766,0.4,,,,2.33333,1.66667,0,0.333333,,,,0,1,0
271,31,MID,31,1.33333,1.4,0,0.104,0.0166667,0.104,9,9.6,1.76667,2.8,61.3333,60,5.33333,5.8,0.547723,,,,,,False,0.28,0.6,,,,10.6333,1.33333,0,0.666667,,,,0,0,0
272,31,MID,31,1,0.8,0.02,0.0133333,0.02,0.04,5,5.8,0.8,1.16,30,27,3.33333,2.8,1.30384,,,,,,False,0.163265,0.4,,,,1.4,4,0,2.5,,,,0,0,0
273,31,MID,31,4.33333,4.4,0.0666667,0.07,0.233333,0.254,16.6667,15,4.56667,4.9,59,69.8,5.66667,7.8,3.91152,,,,,,False,0.88,0.8,,,,17,9,0.333333,1,,,,0,0,0
274,31,MID,31,0,0,,,,,0,0,0,0,0,0,0,0,0,,,,,,False,0,0,,,,0,0,,,,,,0,0,0
275,31,MID,31,0,0,,,,,0,0,0,0,0,0,0,0,0,,,,,,False,0,0,,,,0,0,,,,,,0,0,0
276,31,MID,31,0,0,0,0,0,0,0,0,0,0,0,0,0,0,0,,,,,,False,0,0,,,,0,0,0,0,,,,0,0,0
277,31,MID,31,0,0,,,,,0,0,0,0,0,0,0,0,0,,,,,,False,0,0,,,,0,0,,,,,,0,0,0
278,31,MID,31,0,0,,,,,0,0,0,0,0,0,0,0,0,,,,,,False,0,0,,,,0,0,,,,,,0,0,0
279,31,MID,31,0,0,,,,,0,0,0,0,0,0,0,0,0,,,,,,False,0,0,,,,0,0,,,,,,0,0,0
280,31,MID,31,0,0,,,,,0,0,0,0,0,0,0,0,0,,,,,,False,0,0,,,,0,0,,,,,,0,0,0
281,31,MID,31,0,0,,,,,0,0,0,0,0,0,0,0,0,,,,,,False,0,0,,,,0,0,,,,,,0,0,0
282,31,MID,31,0,0,,,,,0,0,0,0,0,0,0,0,0,,,,,,False,0,0,,,,0,0,,,,,,0,0,0
283,31,FWD,31,0.333333,0.2,0.11,0.11,0,0,0,0,0.166667,0.1,10,6,0.333333,0.2,0.447214,,,,,,False,0.0266667,0,,,,,,,,0.11,0,2,0,0,0
284,31,FWD,31,0,0,,,,,0,0,0,0,0,0,0,0,0,,,,,,False,0,0,,,,,,,,,,,0,0,0
285,31,FWD,31,0,0,,,,,0,0,0,0,0,0,0,0,0,,,,,,False,0,0,,,,,,,,,,,0,0,0
286,31,FWD,31,0,0,,,,,0,0,0,0,0,0,0,0,0,,,,,,False,0,0,,,,,,,,,,,0,0,0
287,31,GKP,11,3.33333,2.4,0,0,0.00333333,0.006,15,11.2,2.33333,2.06,90,90,0,0,2.07364,1.61,1.426,1831.61,1.122,1930.44,False,0.428571,1,3.33333,,,,,,,,,,0,0,0
288,31,GKP,11,0,0,0,0,0,0,0,0,0,0,0,0,0,0,0,1.61,1.426,1831.61,1.122,1930.44,False,0,0,0,,,,,,,,,,0,0,0
289,31,GKP,11,0,0,,,,,0,0,0,0,0,0,0,0,0,1.61,1.426,1831.61,1.122,1930.44,False,0,0,0,,,,,,,,,,0,0,0
290,31,DEF,11,5,4.2,0.05,0.065,0.005,0.015,15.6667,13.6,4,3.56,57.3333,70.4,5,6.2,3.49285,1.61,1.426,1831.61,1.122,1930.44,False,0.792453,0.8,,0.2,0.4,,,,,,,,0,0,0
291,31,DEF,11,6,4,0.065,0.14,0.005,0.01,16,13.8,3.13333,3.94,60,72,5.66667,7,6.245,1.61,1.426,1831.61,1.122,1930.44,False,0.701754,0.8,,0.2,0.2,,,,,,,,0,0,0
292,31,DEF,11,3.33333,2.2,0,0,0.0266667,0.136,13,9.8,2.23333,2.62,90,72,8.33333,5.8,2.38747,1.61,1.426,1831.61,1.122,1930.44,False,0.44898,0.8,,0.2,0,,,,,,,,0,0,0
293,31,DEF,11,3.33333,1.6,0,0,0.05,0.04,12.6667,5.2,2.23333,1.44,90,67.6,8,5.4,3.04959,1.61,1.426,1831.61,1.122,1930.44,False,0.326531,0.8,,0.2,0,,,,,,,,0,0,0
294,31,DEF,11,0,0,0,0,0,0,0,0,0,0,0,0,0,0,0,1.61,1.426,1831.61,1.122,1930.44,False,0,0,,0,0,,,,,,,,0,0,0
295,31,DEF,11,1.66667,1.6,0.02,0.032,0.00333333,0.006,9.33333,8.8,2.13333,2.04,32.6667,37.8,8.33333,6.6,0.894427,1.61,1.426,1831.61,1.122,1930.44,False,0.347826,0.4,,0,0,,,,,,,,0,0,0
296,31,DEF,11,0,0,0,0,0,0,0,0,0,0,0,0,0,0,0,1.61,1.426,1831.61,1.122,1930.44,False,0,0,,0,0,,,,,,,,0,0,0
297,31,DEF,11,0,0,,,,,0,0,0,0,0,0,0,0,0,1.61,1.426,1831.61,1.122,1930.44,False,0,0,,0,0,,,,,,,,0,0,0
298,31,DEF,11,0,0,,,,,0,0,0,0,0,0,0,0,0,1.61,1.426,1831.61,1.122,1930.44,False,0,0,,0,0,,,,,,,,0,0,0
299,31,MID,11,4,4.6,0.17,0.296,0.153333,0.214,15,19.2,3.56667,5.6,90,90,9.66667,9.8,2.96648,1.61,1.426,1831.61,1.122,1930.44,False,0.741935,1,,,,15.5,5,0,1.66667,,,,1,0,0
300,31,MID,11,4.66667,2.8,0.203333,0.1525,0.03,0.0225,16,9.6,4.7,2.82,83.6667,50.2,10.3333,6.2,2.77489,1.61,1.426,1831.61,1.122,1930.44,False,0.509091,0.6,,,,12.3,22,1,2.66667,,,,0,0,0
301,31,MID,11,0,0,,0,,0,0,0,0,0,0,0,0,0,0,1.61,1.426,1831.61,1.122,1930.44,False,0,0,,,,0,0,,,,,,0,0,0
302,31,MID,11,3,2.6,0.0366667,0.054,0.03,0.032,16.6667,15.6,3.36667,3.26,88.6667,89.2,10.3333,10,0.894427,1.61,1.426,1831.61,1.122,1930.44,False,0.481481,1,,,,13.0333,5.66667,0.333333,1,,,,0,0,0
303,31,MID,11,6.66667,4.8,0,0.026,0.0833333,0.194,24,22.4,6.43333,6.74,90,90,12.3333,11.2,3.34664,1.61,1.426,1831.61,1.122,1930.44,False,0.90566,1,,,,34.2667,0,0,0,,,,0,1,0
304,31,MID,11,1.33333,1.2,0,0.004,0.00666667,0.006,5.66667,5.2,1.03333,0.8,29.3333,33.2,4,3.8,1.30384,1.61,1.426,1831.61,1.122,1930.44,False,0.25,0.4,,,,4.2,0,0,0,,,,0,0,0
305,31,MID,11,0.666667,1,0,0.084,0,0.014,2.66667,5.6,0.166667,1.92,4.33333,22.6,1,2.2,0.707107,1.61,1.426,1831.61,1.122,1930.44,False,0.222222,0.2,,,,0.2,0,0,0,,,,0,0,0
306,31,MID,11,0,0,,,,,0,0,0,0,0,0,0,0,0,1.61,1.426,1831.61,1.122,1930.44,False,0,0,,,,0,0,,,,,,0,0,0
307,31,MID,11,0,0,,,,,0,0,0,0,0,0,0,0,0,1.61,1.426,1831.61,1.122,1930.44,False,0,0,,,,0,0,,,,,,0,0,0
308,31,MID,11,0,0,,,,,0,0,0,0,0,0,0,0,0,1.61,1.426,1831.61,1.122,1930.44,False,0,0,,,,0,0,,,,,,0,0,0
309,31,MID,11,0,0,,,,,0,0,0,0,0,0,0,0,0,1.61,1.426,1831.61,1.122,1930.44,False,0,0,,,,0,0,,,,,,0,0,0
310,31,FWD,11,2.66667,2.4,0.303333,0.354,0,0.004,11,6.6,2.7,1.96,14.6667,39,1.66667,2,2.07364,1.61,1.426,1831.61,1.122,1930.44,False,0.421053,0.4,,,,,,,,0.303333,0.333333,2.33333,0,0,0
311,31,FWD,11,4.33333,2.8,0.47,0.302,0.00333333,0.004,20.6667,13,6.03333,4.3,74.3333,52.4,6.66667,4.2,3.56371,1.61,1.426,1831.61,1.122,1930.44,False,0.56,0.6,,,,,,,,0.47,0.666667,3,0,0,0
312,31,FWD,11,0,0,,,,,0,0,0,0,0,0,0,0,0,1.61,1.426,1831.61,1.122,1930.44,False,0,0,,,,,,,,,,,0,0,0
313,31,FWD,11,0,0,,,,,0,0,0,0,0,0,0,0,0,1.61,1.426,1831.61,1.122,1930.44,False,0,0,,,,,,,,,,,0,0,0
314,31,GKP,54,4,3,0,0,0,0,14.6667,10.8,1.36667,1.24,90,90,0,0,2.34521,1.472,1.228,1807.68,1.978,1685.09,False,0.612245,1,1.66667,,,,,,,,,,0,0,0
315,31,GKP,54,0,0,,,,,0,0,0,0,0,0,0,0,0,1.472,1.228,1807.68,1.978,1685.09,False,0,0,0,,,,,,,,,,0,0,0
316,31,DEF,54,2,1.2,0,0,0.06,0.045,11.6667,7,3.2,1.92,60,36,6,3.6,2.16795,1.472,1.228,1807.68,1.978,1685.09,False,0.244898,0.4,,0.2,0,,,,,,,,0,0,0
317,31,DEF,54,2.33333,2.6,0,0,0.005,0.0075,7,7.8,0.766667,1.66,30,54,4,6.6,2.96648,1.472,1.228,1807.68,1.978,1685.09,False,0.565217,0.6,,0.2,0,,,,,,,,0,0,0
318,31,DEF,54,3.66667,3.8,0.213333,0.144,0.0233333,0.014,15.3333,14,2.86667,3.26,90,90,5.33333,7,3.89872,1.472,1.228,1807.68,1.978,1685.09,False,0.863636,1,,0.2,0.2,,,,,,,,0,0,0
319,31,DEF,54,0.333333,0.4,0.0533333,0.032,0,0,1,1.2,0.9,0.58,2.66667,2,0.333333,0.4,0.547723,1.472,1.228,1807.68,1.978,1685.09,False,0.0930233,0,,0,0,,,,,,,,0,0,0
320,31,DEF,54,1,0.6,0,0,0.00333333,0.0025,6.66667,4,1.7,1.02,60,36,4.33333,2.6,0.894427,1.472,1.228,1807.68,1.978,1685.09,False,0.139535,0.4,,0,0,,,,,,,,0,0,0
321,31,DEF,54,0.333333,0.4,0,0,0,0,1.33333,1.4,0.3,0.2,0.333333,0.6,1,0.6,0.547723,1.472,1.228,1807.68,1.978,1685.09,False,0.0930233,0,,0,0,,,,,,,,0,0,0
322,31,DEF,54,3.33333,3,0.08,0.112,0.12,0.086,16.6667,13,3.2,3.48,87,87.6,7,7.8,2,1.472,1.228,1807.68,1.978,1685.09,False,0.666667,1,,0.2,0,,,,,,,,0,0,0
323,31,DEF,54,0,0,,,,,0,0,0,0,0,0,0,0,0,1.472,1.228,1807.68,1.978,1685.09,False,0,0,,0,0,,,,,,,,0,0,0
324,31,MID,54,5,6,0.0366667,0.09,0.143333,0.128,25,26.4,7.4,7.06,89.6667,89.2,8,6,5.14782,1.472,1.228,1807.68,1.978,1685.09,False,0.9375,1,,,,33.1333,15,0.666667,3.33333,,,,0,0,0
325,31,MID,54,1,1.2,0.38,0.2025,0.015,0.02,3,4.4,2.73333,2.24,33.3333,49.2,1.66667,3.2,0.83666,1.472,1.228,1807.68,1.978,1685.09,False,0.214286,0.6,,,,3.03333,20,1,3,,,,0,0,0
326,31,MID,21,1,0.8,0,0.03,0,0,1.33333,1.4,0.0666667,0.18,10.3333,6.4,0.333333,0.2,0.447214,1.574,1.214,1743.59,1.482,1929.21,False,0.156863,0,,,,0.433333,0,0,0,,,,0,0,0
327,31,MID,54,0,0,,,,,0,0,0,0,0,0,0,0,0,1.472,1.228,1807.68,1.978,1685.09,False,0,0,,,,0,0,,,,,,0,0,0
328,31,MID,54,2,2.4,0.05,0.048,0.00666667,0.01,6,6.8,2.26667,2.18,33,55.8,5,7.6,1.51658,1.472,1.228,1807.68,1.978,1685.09,False,0.444444,0.6,,,,5.93333,9.33333,0,3,,,,0,0,0
329,31,MID,54,5,5,0.23,0.1625,0.11,0.165,16.3333,17.4,4.33333,5,53.6667,64.4,2.33333,4.8,4.89898,1.472,1.228,1807.68,1.978,1685.09,False,0.819672,0.8,,,,11.1667,12,0.5,3.5,,,,0,1,1
330,31,MID,54,2.66667,2.8,0,0.028,0.0133333,0.014,10.3333,10.6,1.23333,1.2,82.6667,83.6,7,8.2,1.09545,1.472,1.228,1807.68,1.978,1685.09,False,0.571429,1,,,,3.36667,1.33333,0,0.666667,,,,0,0,0
331,31,MID,54,1.33333,1,0.0433333,0.0325,0.0266667,0.02,5.33333,3.8,0.866667,0.56,30,18.4,3,2,1.22474,1.472,1.228,1807.68,1.978,1685.09,False,0.208333,0.2,,,,6.6,0.333333,0,0,,,,0,0,0
332,31,MID,54,0.333333,0.2,0.04,0.04,0,0,2,1.2,0.3,0.18,9,5.4,1,0.6,0.447214,1.472,1.228,1807.68,1.978,1685.09,False,0.0408163,0,,,,0.666667,1.33333,0,0.5,,,,0,0,0
333,31,MID,54,0,0,,,,,0,0,0,0,0,0,0,0,0,1.472,1.228,1807.68,1.978,1685.09,False,0,0,,,,0,0,,,,,,0,0,0
334,31,MID,54,0,0,,,,,0,0,0,0,0,0,0,0,0,1.472,1.228,1807.68,1.978,1685.09,False,0,0,,,,0,0,,,,,,0,0,0
335,31,MID,54,2.33333,1.6,0.18,0.15,0.00333333,0.002,6.66667,5,2.36667,1.94,46,33.6,4.66667,3.4,1.34164,1.472,1.228,1807.68,1.978,1685.09,False,0.363636,0.4,,,,4.8,12.6667,0.333333,2.66667,,,,0,0,0
336,31,MID,54,0,0.2,0,0,0,0,0,0.6,0,0.02,0,1.8,0,0.2,0.447214,1.472,1.228,1807.68,1.978,1685.09,False,0.0465116,0,,,,0,0,0,0,,,,0,0,0
337,31,FWD,54,1.66667,3.4,0.2,0.438,0.02,0.034,7.33333,13.8,1.56667,4.22,64,63,4,3.8,4.27785,1.472,1.228,1807.68,1.978,1685.09,False,0.548387,1,,,,,,,,0.2,0,1.66667,1,0,0
338,31,FWD,54,1,1,0.0766667,0.054,0.01,0.008,4.33333,3.8,1.76667,1.6,25,26,1.33333,1.8,0,1.472,1.228,1807.68,1.978,1685.09,False,0.188679,0,,,,,,,,0.0766667,0.333333,2.66667,0,0,0
339,31,GKP,2,0,0,,,,,0,0,0,0,0,0,0,0,0,1.31,1.624,1780.19,1.194,1853.47,False,0,0,0,,,,,,,,,,0,0,0
340,31,GKP,2,0,0,,,,,0,0,0,0,0,0,0,0,0,1.31,1.624,1780.19,1.194,1853.47,False,0,0,0,,,,,,,,,,0,0,0
341,31,GKP,2,3.66667,2.8,0,0,0,0.002,13.6667,11.6,1.63333,1.72,90,90,0,0,1.92354,1.31,1.624,1780.19,1.194,1853.47,False,0.717949,1,1.33333,,,,,,,,,,0,0,0
342,31,DEF,2,1.66667,2,0.0733333,0.044,0.123333,0.092,5,7.2,1.76667,2.48,67.6667,76.6,3.66667,4.8,1.22474,1.31,1.624,1780.19,1.194,1853.47,False,0.454545,0.8,,0,0.2,,,,,,,,0,0,0
343,31,DEF,2,4,2.8,0.02,0.015,0.02,0.015,14.6667,10.8,2.93333,2.06,90,72,6.33333,5.2,3.03315,1.31,1.624,1780.19,1.194,1853.47,False,0.651163,0.8,,0.2,0,,,,,,,,0,0,0
344,31,DEF,2,3,2.4,0.106667,0.064,0.0233333,0.014,10,5.6,3.53333,2.5,33,46.8,6.33333,6.6,2.79285,1.31,1.624,1780.19,1.194,1853.47,False,0.615385,0.4,,0.2,0,,,,,,,,0,0,0
345,31,DEF,2,0,0,0,0,0,0,0,-0.6,0,0.46,0,10.8,0,1.2,0,1.31,1.624,1780.19,1.194,1853.47,False,0,0.2,,0,0,,,,,,,,0,0,0
346,31,DEF,2,0,0,,0,,0,0,0,0,0,0,0,0,0,0,1.31,1.624,1780.19,1.194,1853.47,False,0,0,,0,0,,,,,,,,0,0,0
347,31,DEF,2,0.666667,0.6,0.02,0.024,0.0166667,0.01,2.33333,1,0.766667,0.8,74,71.4,4.33333,3.8,1.67332,1.31,1.624,1780.19,1.194,1853.47,False,0.157895,1,,0,0,,,,,,,,0,0,0
348,31,DEF,2,4,3.8,0,0.048,0.02,0.012,15.6667,13.2,2.26667,2.64,88.6667,89.2,7.33333,9.6,2.48998,1.31,1.624,1780.19,1.194,1853.47,False,0.974359,1,,0.2,0,,,,,,,,0,0,0
349,31,DEF,2,0,0,,,,,0,0,0,0,0,0,0,0,0,1.31,1.624,1780.19,1.194,1853.47,False,0,0,,0,0,,,,,,,,0,0,0
350,31,MID,2,1.66667,2,0.23,0.144,0.0533333,0.036,3.66667,5.2,3.5,2.4,60.6667,68.8,5,4.8,0.707107,1.31,1.624,1780.19,1.194,1853.47,False,0.37037,1,,,,10.4667,19.3333,0.333333,4.33333,,,,0,0,0
351,31,MID,2,0.333333,0.2,0.0133333,0.008,0.00666667,0.004,-0.333333,-0.2,0.233333,0.14,10.3333,6.2,1.33333,0.8,0.447214,1.31,1.624,1780.19,1.194,1853.47,False,0.0392157,0,,,,0.566667,2.66667,0,1,,,,0,0,0
352,31,MID,2,0,0,,,,,0,0,0,0,0,0,0,0,0,1.31,1.624,1780.19,1.194,1853.47,False,0,0,,,,0,0,,,,,,0,0,0
353,31,MID,2,0.666667,0.6,0,0,0.00666667,0.004,3,2.4,0.9,0.6,10,7.6,0.666667,0.6,0.547723,1.31,1.624,1780.19,1.194,1853.47,False,0.115385,0,,,,5.43333,1.33333,0,0.666667,,,,0,0,0
354,31,MID,2,3.66667,4.2,0.05,0.03,0.11,0.07,17,17.2,4.5,3.72,90,90,13.6667,13.6,2.48998,1.31,1.624,1780.19,1.194,1853.47,False,0.857143,1,,,,19.4333,4.66667,0,0.666667,,,,0,0,0
355,31,MID,2,0,0,,,,,0,0,0,0,0,0,0,0,0,1.31,1.624,1780.19,1.194,1853.47,False,0,0,,,,0,0,,,,,,0,0,0
356,31,MID,2,2,1.8,0,0.016,0.02,0.02,6,6.6,1.06667,1.6,60,72,2.66667,4.6,0.83666,1.31,1.624,1780.19,1.194,1853.47,False,0.382979,0.8,,,,4.46667,0.666667,0,0.333333,,,,0,0,0
357,31,MID,2,0,0,,,,,0,0,0,0,0,0,0,0,0,1.31,1.624,1780.19,1.194,1853.47,False,0,0,,,,0,0,,,,,,0,0,0
358,31,MID,2,0,0,0,0,0,0,0,0,0,0,0,0,0,0,0,1.31,1.624,1780.19,1.194,1853.47,False,0,0,,,,0,0,0,0,,,,0,0,0
359,31,MID,2,0,0,,,,,0,0,0,0,0,0,0,0,0,1.31,1.624,1780.19,1.194,1853.47,False,0,0,,,,0,0,,,,,,0,0,0
360,31,MID,2,0,0,,,,,0,0,0,0,0,0,0,0,0,1.31,1.624,1780.19,1.194,1853.47,False,0,0,,,,0,0,,,,,,0,0,0
361,31,MID,2,0,0,,,,,0,0,0,0,0,0,0,0,0,1.31,1.624,1780.19,1.194,1853.47,False,0,0,,,,0,0,,,,,,0,0,0
362,31,FWD,2,0.666667,0.4,0.0533333,0.032,0.0166667,0.01,2.33333,1.4,0.766667,0.46,3,1.8,0.333333,0.2,0.547723,1.31,1.624,1780.19,1.194,1853.47,False,0.0816327,0,,,,,,,,0.0533333,0,0.333333,0,0,0
363,31,FWD,2,0,0,,,,,0,0,0,0,0,0,0,0,0,1.31,1.624,1780.19,1.194,1853.47,False,0,0,,,,,,,,,,,0,0,0
364,31,FWD,2,0,0,,,,,0,0,0,0,0,0,0,0,0,1.31,1.624,1780.19,1.194,1853.47,False,0,0,,,,,,,,,,,0,0,0
365,31,FWD,2,1,3,0,0.26,0.0333333,0.112,4,8.8,1.26667,2.84,32.6667,39.2,0.666667,1.2,4.47214,1.31,1.624,1780.19,1.194,1853.47,False,0.6,0.4,,,,,,,,0,0,2,0,0,0
366,31,GKP,14,2.33333,4.2,0,0,0,0,13.3333,20,2.5,2.3,90,90,0,0,2.77489,1.94,1.06,1949.06,0.924,1829.52,False,0.777778,1,3.33333,,,,,,,,,,0,0,0
367,31,GKP,14,0,0,0,0,0,0,0,0,0,0,0,0,0,0,0,1.94,1.06,1949.06,0.924,1829.52,False,0,0,0,,,,,,,,,,0,0,0
368,31,GKP,14,0,0,,,,,0,0,0,0,0,0,0,0,0,1.94,1.06,1949.06,0.924,1829.52,False,0,0,0,,,,,,,,,,0,0,0
369,31,GKP,14,0,0,0,0,0,0,0,0,0,0,0,0,0,0,0,1.94,1.06,1949.06,0.924,1829.52,False,0,0,0,,,,,,,,,,0,0,0
370,31,DEF,14,5.66667,3.4,0,0,0.08,0.08,22.6667,13.6,1.8,1.08,49,29.4,2,1.2,3.28634,1.94,1.06,1949.06,0.924,1829.52,False,0.596491,0.4,,0.4,0.2,,,,,,,,0,0,0
371,31,DEF,14,2.33333,2.6,0,0,0.005,0.005,10,11,1.23333,0.86,51.3333,47.2,1.66667,1.4,3.1305,1.94,1.06,1949.06,0.924,1829.52,False,0.464286,0.6,,0.4,0,,,,,,,,0,0,0
372,31,DEF,14,0.666667,2.2,0.05,0.0275,0.015,0.0475,-0.333333,6.4,1.5,2.2,38.3333,42.4,1.66667,1.6,3.34664,1.94,1.06,1949.06,0.924,1829.52,False,0.385965,0.4,,0.2,0,,,,,,,,0,0,0
373,31,DEF,14,3.33333,7.6,0.1,0.28,0.09,0.05,13.6667,24,7.26667,7.84,90,90,7,8.2,6.61816,1.94,1.06,1949.06,0.924,1829.52,False,1.20635,1,,0.4,0.6,,,,,,,,0,0,0
374,31,DEF,14,1,3.6,0,0.005,0.005,0.0125,9,17,1.46667,2.32,56,69.6,4.33333,6.6,3.78153,1.94,1.06,1949.06,0.924,1829.52,False,0.654545,0.8,,0.4,0,,,,,,,,0,0,0
375,31,DEF,14,0,0,,,,,0,0,0,0,0,0,0,0,0,1.94,1.06,1949.06,0.924,1829.52,False,0,0,,0,0,,,,,,,,0,0,0
376,31,DEF,14,1,1,0.025,0.0125,0.035,0.02,2,2.4,1.43333,1.06,61.3333,42.4,3.33333,3,0.707107,1.94,1.06,1949.06,0.924,1829.52,False,0.204082,0.4,,0,0,,,,,,,,0,0,0
377,31,DEF,14,0,0,,,,,0,0,0,0,0,0,0,0,0,1.94,1.06,1949.06,0.924,1829.52,False,0,0,,0,0,,,,,,,,0,0,0
378,31,DEF,14,0,0,,,,,0,0,0,0,0,0,0,0,0,1.94,1.06,1949.06,0.924,1829.52,False,0,0,,0,0,,,,,,,,0,0,0
379,31,DEF,14,0,0,,,,,0,0,0,0,0,0,0,0,0,1.94,1.06,1949.06,0.924,1829.52,False,0,0,,0,0,,,,,,,,0,0,0
380,31,DEF,14,0,0,0,0,0,0,0,0,0,0,0,0,0,0,0,1.94,1.06,1949.06,0.924,1829.52,False,0,0,,0,0,,,,,,,,0,0,0
381,31,MID,14,4,4.2,0.24,0.225,0.195,0.2175,11.6667,13.6,5.76667,5.36,68.6667,74.4,6.66667,6.2,3.27109,1.94,1.06,1949.06,0.924,1829.52,False,0.3,0.8,,,,19.6333,22.3333,0,4,,,,1,0,0
382,31,MID,14,1,1.2,0,0.31,0.21,0.155,4.66667,5.4,2.73333,3.44,21,30.6,1,2,1.64317,1.94,1.06,1949.06,0.924,1829.52,False,0.144578,0.4,,,,16.2,8,0,12,,,,0,0,0
383,31,MID,14,0,0,,,,,0,0,0,0,0,0,0,0,0,1.94,1.06,1949.06,0.924,1829.52,False,0,0,,,,0,0,,,,,,0,0,0
384,31,MID,14,4,3.6,0.275,0.18,0.045,0.1,10.6667,11.2,6.56667,5.82,78.6667,77.2,5,5.6,1.34164,1.94,1.06,1949.06,0.924,1829.52,False,0.493151,1,,,,16.9,32.3333,1,5,,,,0,0,0
385,31,MID,14,0.666667,0.8,0,0,0.05,0.025,2.66667,2.2,0.966667,0.64,4,5.4,0.333333,0.6,0.447214,1.94,1.06,1949.06,0.924,1829.52,False,0.126984,0,,,,4.26667,4.33333,0,0.5,,,,0,0,0
386,31,MID,14,6.33333,7,0.145,0.235,0.04,0.035,24.3333,26.6,5.83333,6.4,90,90,10.6667,10.8,4.52769,1.94,1.06,1949.06,0.924,1829.52,False,1.11111,1,,,,18.6,14.3333,0.5,3,,,,0,0,0
387,31,MID,14,6.66667,4.6,0.05,0.0333333,0.36,0.356667,26,20.2,7.63333,6.48,90,72,12.3333,9,4.03733,1.94,1.06,1949.06,0.924,1829.52,False,0.647887,0.8,,,,36.0667,9.33333,0.5,0.5,,,,0,1,0
388,31,MID,14,0.666667,1.2,0,0.0825,0.005,0.0275,3,4.4,1.2,2.12,23.6667,33.6,2.66667,3.2,1.09545,1.94,1.06,1949.06,0.924,1829.52,False,0.222222,0.2,,,,5.4,3.33333,0,0,,,,0,0,0
389,31,MID,7,0,0,0,0,0,0,0,0,0,0,0,0,0,0,0,0.998,1.482,1929.21,1.214,1743.59,False,0,0,,,,0,0,0,0,,,,0,0,0
390,31,MID,14,2.33333,3,0.155,0.0825,0.11,0.0775,13.3333,13.6,3.86667,3.7,73.3333,80,4.33333,7.2,2.12132,1.94,1.06,1949.06,0.924,1829.52,False,0.545455,1,,,,15.0333,11.3333,1,2.5,,,,0,0,0
391,31,MID,91,0,0,0,0,0,0,0,0,0,0,0,0,0,0,0,1.634,1.886,1835.06,1.12,1880.65,False,0,0,,,,0,0,0,0,,,,0,0,0
392,31,MID,14,0,0.6,,0.04,,0.01,0,2.8,0,0.44,0,13.6,0,2.2,1.34164,1.94,1.06,1949.06,0.924,1829.52,False,0.122449,0.2,,,,0,0,,,,,,0,0,0
393,31,MID,14,0,0,,,,,0,0,0,0,0,0,0,0,0,1.94,1.06,1949.06,0.924,1829.52,False,0,0,,,,0,0,,,,,,0,0,0
394,31,MID,14,0,0,,,,,0,0,0,0,0,0,0,0,0,1.94,1.06,1949.06,0.924,1829.52,False,0,0,,,,0,0,,,,,,0,0,0
395,31,MID,14,0,0,,,,,0,0,0,0,0,0,0,0,0,1.94,1.06,1949.06,0.924,1829.52,False,0,0,,,,0,0,,,,,,0,0,0
396,31,MID,14,0.666667,0.4,0.185,0.0925,0.005,0.0025,0.333333,0.2,0.166667,0.1,3.66667,2.2,0.666667,0.4,0.547723,1.94,1.06,1949.06,0.924,1829.52,False,0.0930233,0,,,,0.766667,1.33333,0,0.5,,,,0,0,0
397,31,FWD,14,0,0,,,,,0,0,0,0,0,0,0,0,0,1.94,1.06,1949.06,0.924,1829.52,False,0,0,,,,,,,,,,,0,0,0
398,31,FWD,14,0,0,,,,,0,0,0,0,0,0,0,0,0,1.94,1.06,1949.06,0.924,1829.52,False,0,0,,,,,,,,,,,0,0,0
399,31,GKP,43,0,0,,,,,0,0,0,0,0,0,0,0,0,,,,,,False,0,0,0,,,,,,,,,,0,0,0
400,31,GKP,17,0,2,,,,,0,7.4,0,1,0,36,0,0,3.08221,1.318,1.322,1784.7,2.034,1819.66,False,0.425532,0.4,0,,,,,,,,,,0,0,0
401,31,GKP,43,0,0,,,,,0,0,0,0,0,0,0,0,0,,,,,,False,0,0,0,,,,,,,,,,0,0,0
402,31,DEF,43,5.33333,5.4,0.0366667,0.022,0.29,0.182,25.3333,23.6,5.63333,4.24,75,81,4,5.2,4.39318,,,,,,False,0.947368,1,,0.4,0.4,,,,,,,,0,0,0
403,31,DEF,43,0,0,,,,,0,0,0,0,0,0,0,0,0,,,,,,False,0,0,,0,0,,,,,,,,0,0,0
404,31,DEF,43,0,0,,,,,0,0,0,0,0,0,0,0,0,,,,,,False,0,0,,0,0,,,,,,,,0,0,0
405,31,DEF,43,0.333333,0.2,0,0,0,0,1,0.6,0.1,0.06,0.666667,0.4,0.333333,0.2,0.447214,,,,,,False,0.0384615,0,,0,0,,,,,,,,0,0,0
406,31,DEF,43,1,1,0.0466667,0.028,0.01,0.006,5.66667,5.8,1.46667,1.24,34.3333,35.6,2.66667,3.2,0.707107,,,,,,False,0.185185,0.2,,0,0,,,,,,,,0,0,0
407,31,DEF,43,3.66667,3.4,0.03,0.018,0.126667,0.086,18,16,7.26667,5.36,90,83.8,4.33333,3.2,2.79285,,,,,,False,0.641509,1,,0.2,0.2,,,,,,,,0,0,0
408,31,DEF,43,3.33333,3.2,0.04,0.0133333,0.02,0.0133333,13.3333,13.8,3.26667,2.68,60,63,6,5.8,4.08656,,,,,,False,0.581818,0.8,,0.4,0,,,,,,,,0,0,0
409,31,DEF,43,0,0,0,0,0,0,0,0,0,0,0,0,0,0,0,,,,,,False,0,0,,0,0,,,,,,,,0,0,0
410,31,DEF,43,0,0,,0,,0,0,0,0,0,0,0,0,0,0,,,,,,False,0,0,,0,0,,,,,,,,0,0,0
411,31,DEF,43,2.66667,7.6,0.515,0.4575,0.03,0.045,11.3333,19.8,5.73333,7.16,53,67.8,2.33333,1.6,7.23187,,,,,,False,1.52,0.8,,0.4,0.6,,,,,,,,0,0,0
412,31,DEF,43,0,0,,,,,0,0,0,0,0,0,0,0,0,,,,,,False,0,0,,0,0,,,,,,,,0,0,0
413,31,MID,43,2,2.2,0.126667,0.128,0.00666667,0.02,5,6.6,2.66667,3.98,42,45.6,1.66667,2.2,1.64317,,,,,,False,0.26506,0.6,,,,4.46667,15.3333,0.333333,3,,,,0,0,0
414,31,MID,43,1,1.8,0.0166667,0.078,0.13,0.09,7.33333,9,2.8,4.12,30.6667,33,2.33333,3,1.92354,,,,,,False,0.225,0.4,,,,15.9333,6,0.333333,1.66667,,,,0,0,0
415,31,MID,43,0.333333,0.2,0.245,0.163333,0.005,0.00333333,1,0.6,0.7,0.42,10,6,0.666667,0.4,0.447214,,,,,,False,0.0289855,0,,,,0.266667,4.66667,1,2.5,,,,0,0,0
416,31,MID,43,4.66667,3,0.126667,0.076,0.196667,0.136,21.6667,17.4,8.83333,7.32,84.6667,80.6,4,6.6,3.53553,,,,,,False,0.483871,1,,,,34.8333,28.6667,1,5,,,,0,1,0
417,31,MID,43,3,2.2,0.13,0.078,0.336667,0.218,16.3333,12.6,7.46667,5.12,66,49.8,3.66667,3.6,1.78885,,,,,,False,0.349206,0.4,,,,40.9333,18,0.333333,2.33333,,,,0,0,0
418,31,MID,43,0.666667,0.4,0.0233333,0.0233333,0.106667,0.106667,4.66667,2.8,1.8,1.08,14.3333,8.6,1.33333,0.8,0.547723,,,,,,False,0.0625,0,,,,13.7,1.33333,0,0.333333,,,,0,0,0
419,31,MID,11,0,0,,,,,0,0,0,0,0,0,0,0,0,1.61,1.426,1831.61,1.122,1930.44,False,0,0,,,,0,0,,,,,,0,0,0
420,31,MID,43,0,0,,,,,0,0,0,0,0,0,0,0,0,,,,,,False,0,0,,,,0,0,,,,,,0,0,0
421,31,MID,43,5.33333,5,0.163333,0.104,0.28,0.196,25.3333,22.2,8.26667,6.3,90,86,11.3333,10.6,2.54951,,,,,,False,0.793651,1,,,,34.0333,18,0.333333,2.33333,,,,0,0,0
422,31,MID,43,0,0,0,0,0,0,0,0,0,0,0,0,0,0,0,,,,,,False,0,0,,,,0,0,0,0,,,,0,0,0
423,31,MID,43,0,0,0,0,0,0,0,0,0,0.06,0,3.8,0,0.6,0,,,,,,False,0,0,,,,0,0,0,0,,,,0,0,0
424,31,MID,54,3,2.2,0.0133333,0.022,0.106667,0.068,9.66667,6.6,2.53333,2.22,54.6667,45.4,2.66667,4,1.78885,1.472,1.228,1807.68,1.978,1685.09,False,0.431373,0.4,,,,16.3667,4,0,1.66667,,,,0,0,0
425,31,MID,43,0,0,,,,,0,0,0,0,0,0,0,0,0,,,,,,False,0,0,,,,0,0,,,,,,0,0,0
426,31,MID,17,0.333333,0.4,0,0,0.00333333,0.002,0.666667,1,0.133333,0.12,0.666667,0.6,0.666667,0.4,0.547723,1.318,1.322,1784.7,2.034,1819.66,False,0.08,0,,,,0.166667,0.666667,0,0.333333,,,,0,0,0
427,31,MID,43,0.666667,0.6,0.0133333,0.008,0.0933333,0.058,4,3,1.53333,1.06,11.6667,13,2.66667,2.4,0.547723,,,,,,False,0.12,0,,,,7.53333,3,0.333333,0.333333,,,,0,0,0
428,31,MID,43,0,0,,,,,0,0,0,0,0,0,0,0,0,,,,,,False,0,0,,,,0,0,,,,,,0,0,0
429,31,MID,43,0,0,,,,,0,0,0,0,0,0,0,0,0,,,,,,False,0,0,,,,0,0,,,,,,0,0,0
430,31,FWD,43,1.33333,3,0.2,0.2075,0.04,0.075,2.33333,11.6,2.46667,3.98,60,63,1.66667,2,2.44949,,,,,,False,0.208333,0.8,,,,,,,,0.2,0.5,7.5,1,0,0
431,31,GKP,1,0,0,0,0,0,0,0,0,0,0,0,0,0,0,0,1.294,1.12,1880.65,1.886,1835.06,False,0,0,0,,,,,,,,,,0,0,0
432,31,GKP,1,0,0,,,,,0,0,0,0,0,0,0,0,0,1.294,1.12,1880.65,1.886,1835.06,False,0,0,0,,,,,,,,,,0,0,0
433,31,GKP,1,0,0,,,,,0,0,0,0,0,0,0,0,0,1.294,1.12,1880.65,1.886,1835.06,False,0,0,0,,,,,,,,,,0,0,0
434,31,GKP,1,0,0,,,,,0,0,0,0,0,0,0,0,0,1.294,1.12,1880.65,1.886,1835.06,False,0,0,0,,,,,,,,,,0,0,0
435,31,GKP,1,0,0,,,,,0,0,0,0,0,0,0,0,0,1.294,1.12,1880.65,1.886,1835.06,False,0,0,0,,,,,,,,,,0,0,0
436,31,DEF,1,0,0,,,,,0,0,0,0,0,0,0,0,0,1.294,1.12,1880.65,1.886,1835.06,False,0,0,,0,0,,,,,,,,0,0,0
437,31,DEF,1,0,0.4,,0,,0.03,0,2.6,0,0.52,0,18,0,1,0.894427,1.294,1.12,1880.65,1.886,1835.06,False,0.0833333,0.2,,0,0,,,,,,,,0,0,0
438,31,DEF,1,2.66667,1.6,0.0433333,0.026,0.0166667,0.01,11.6667,7.2,1.26667,0.82,50,32.4,2.33333,2.2,3.04959,1.294,1.12,1880.65,1.886,1835.06,False,0.326531,0.2,,0.2,0,,,,,,,,0,0,0
439,31,DEF,1,0,0,,,,,0,0,0,0,0,0,0,0,0,1.294,1.12,1880.65,1.886,1835.06,False,0,0,,0,0,,,,,,,,0,0,0
440,31,DEF,1,1.33333,2.4,0.0533333,0.044,0.05,0.05,5.33333,11,2.66667,3.24,69.6667,76,3,4.2,2.60768,1.294,1.12,1880.65,1.886,1835.06,False,0.521739,0.8,,0.2,0,,,,,,,,0,0,0
441,31,DEF,1,0,0,,,,,0,0,0,0,0,0,0,0,0,1.294,1.12,1880.65,1.886,1835.06,False,0,0,,0,0,,,,,,,,0,0,0
442,31,DEF,1,1.33333,2.6,0.0166667,0.012,0.03,0.022,9,13.6,2.43333,2.26,88,84.2,4.66667,6,2.50998,1.294,1.12,1880.65,1.886,1835.06,False,0.590909,1,,0.2,0,,,,,,,,0,0,0
443,31,DEF,1,2,2.8,0,0.042,0.0133333,0.04,3.33333,10.2,1.43333,2.28,57.6667,70.6,5.66667,5,2.16795,1.294,1.12,1880.65,1.886,1835.06,False,0.622222,1,,0.2,0,,,,,,,,0,0,0
444,31,DEF,1,2,2.6,0.0866667,0.052,0.05,0.032,8.66667,12.2,2.56667,2.24,90,76.4,7.33333,6.8,2.07364,1.294,1.12,1880.65,1.886,1835.06,False,0.634146,0.8,,0.2,0,,,,,,,,0,0,0
445,31,DEF,1,0,0,,,,,0,0,0,0,0,0,0,0,0,1.294,1.12,1880.65,1.886,1835.06,False,0,0,,0,0,,,,,,,,0,0,0
446,31,DEF,1,0,0,,,,,0,0,0,0,0,0,0,0,0,1.294,1.12,1880.65,1.886,1835.06,False,0,0,,0,0,,,,,,,,0,0,0
447,31,DEF,1,0,0.2,0,0,0,0,-0.333333,0.4,0,0,1.66667,1.2,0.333333,0.2,0.447214,1.294,1.12,1880.65,1.886,1835.06,False,0.0540541,0,,0,0,,,,,,,,0,0,0
448,31,DEF,1,0.333333,0.2,0,0,0,0,-0.333333,-0.2,0.0333333,0.02,1.66667,1,0,0,0.447214,1.294,1.12,1880.65,1.886,1835.06,False,0.0540541,0,,0,0,,,,,,,,0,0,0
449,31,MID,1,10.3333,7,0.336667,0.208,0.7,0.482,40.3333,28.8,16.3667,11.76,90,90,7,5.2,4.89898,1.294,1.12,1880.65,1.886,1835.06,False,0.679612,1,,,,94.8,16,1,2,,,,1,1,1
450,31,MID,1,5,4,0.15,0.12,0.0433333,0.03,22.3333,16.2,6.36667,4.4,90,85.6,6.66667,7,2.54951,1.294,1.12,1880.65,1.886,1835.06,False,0.5,1,,,,14.9667,27,1.33333,5.33333,,,,0,0,0
451,31,MID,1,0,0,,,,,0,0,0,0,0,0,0,0,0,1.294,1.12,1880.65,1.886,1835.06,False,0,0,,,,0,0,,,,,,0,0,0
452,31,MID,1,1.33333,1.4,0.07,0.078,0.09,0.068,8.33333,10.2,4.13333,3.78,39.6667,53.2,4.33333,5.4,0.547723,1.294,1.12,1880.65,1.886,1835.06,False,0.225806,0.6,,,,17.1333,16.6667,1,2.66667,,,,0,0,0
453,31,MID,8,3,1.8,0.203333,0.122,0.323333,0.194,16.6667,10,7.9,4.74,61.3333,36.8,3,1.8,2.48998,2.232,1.122,1930.44,1.426,1831.61,False,0.28125,0.4,,,,37.3,23.6667,0.666667,5.33333,,,,0,0,0
454,31,MID,1,0,0,,,,,0,0,0,0,0,0,0,0,0,1.294,1.12,1880.65,1.886,1835.06,False,0,0,,,,0,0,,,,,,0,0,0
455,31,MID,1,0,0,0,0,0,0,0,0,0,0,0,0,0,0,0,1.294,1.12,1880.65,1.886,1835.06,False,0,0,,,,0,0,0,0,,,,0,0,0
456,31,MID,7,0.666667,0.8,0,0.015,0.085,0.1925,3,3.8,2.13333,3.22,28.6667,34.8,1.66667,1.4,0.447214,0.998,1.482,1929.21,1.214,1743.59,False,0.137931,0.4,,,,13.3,4,0,2.5,,,,0,0,0
457,31,MID,1,6,5,0.186667,0.114,0.13,0.1,23.3333,20.2,8,6.74,80,84,10,11,2.23607,1.294,1.12,1880.65,1.886,1835.06,False,0.877193,1,,,,12.3667,34,1,3,,,,0,0,0
458,31,MID,1,2.66667,2.6,0.0233333,0.014,0.0433333,0.04,15.3333,15,3.73333,3.14,85,87,10.3333,10,0.894427,1.294,1.12,1880.65,1.886,1835.06,False,0.565217,1,,,,19.4667,4.66667,0.333333,1,,,,0,0,0
459,31,MID,1,0.666667,0.4,0.0633333,0.038,0,0,1.33333,0.8,0.466667,0.28,10,6,1.66667,1,0.547723,1.294,1.12,1880.65,1.886,1835.06,False,0.0851064,0,,,,0.6,2,0,0.333333,,,,0,0,0
460,31,MID,1,0,0,,,,,0,0,0,0,0,0,0,0,0,1.294,1.12,1880.65,1.886,1835.06,False,0,0,,,,0,0,,,,,,0,0,0
461,31,MID,1,0,0,,,,,0,0,0,0,0,0,0,0,0,1.294,1.12,1880.65,1.886,1835.06,False,0,0,,,,0,0,,,,,,0,0,0
462,31,MID,1,0,0,,,,,0,0,0,0,0,0,0,0,0,1.294,1.12,1880.65,1.886,1835.06,False,0,0,,,,0,0,,,,,,0,0,0
463,31,MID,1,0,0,,,,,0,0,0,0,0,0,0,0,0,1.294,1.12,1880.65,1.886,1835.06,False,0,0,,,,0,0,,,,,,0,0,0
464,31,MID,1,0,0,0,0,0,0,0,0,0,0,0,0,0,0,0,1.294,1.12,1880.65,1.886,1835.06,False,0,0,,,,0,0,0,0,,,,0,0,0
465,31,FWD,1,0,0,,,,,0,0,0,0,0,0,0,0,0,1.294,1.12,1880.65,1.886,1835.06,False,0,0,,,,,,,,,,,0,0,0
466,31,FWD,1,0.666667,0.6,0.113333,0.086,0.01,0.006,4.33333,2.4,2.16667,1.4,5.66667,5,0.333333,0.6,0.547723,1.294,1.12,1880.65,1.886,1835.06,False,0.103448,0,,,,,,,,0.113333,0.333333,1.66667,0,0,0
467,31,FWD,1,0,0,,,,,0,0,0,0,0,0,0,0,0,1.294,1.12,1880.65,1.886,1835.06,False,0,0,,,,,,,,,,,0,0,0
468,31,FWD,1,0,0,,,,,0,0,0,0,0,0,0,0,0,1.294,1.12,1880.65,1.886,1835.06,False,0,0,,,,,,,,,,,0,0,0
469,31,GKP,4,0.333333,1,0,0.032,0,0,-0.666667,5,0.3,1.94,30,54,0,0,1,1.604,1.64,1866.62,1.79,1705.73,False,0.2,0.6,0.666667,,,,,,,,,,0,0,0
470,31,GKP,90,2.66667,2.2,0,0,0.00333333,0.002,11,8.2,1.86667,1.48,90,90,0,0,2.28035,0.908,1.978,1685.09,1.228,1807.68,False,0.55,1,2.33333,,,,,,,,,,0,0,0
471,31,GKP,4,0,0,,,,,0,0,0,0,0,0,0,0,0,1.604,1.64,1866.62,1.79,1705.73,False,0,0,0,,,,,,,,,,0,0,0
472,31,GKP,4,0,0,,,,,0,0,0,0,0,0,0,0,0,1.604,1.64,1866.62,1.79,1705.73,False,0,0,0,,,,,,,,,,0,0,0
473,31,DEF,4,2.66667,3.2,0.0233333,0.026,0.07,0.044,12.3333,11.4,3.2,3.3,90,72.2,6.33333,5.8,2.68328,1.604,1.64,1866.62,1.79,1705.73,False,0.592593,0.8,,0.2,0.2,,,,,,,,0,0,0
474,31,DEF,4,0,0,,,,,0,0,0,0,0,0,0,0,0,1.604,1.64,1866.62,1.79,1705.73,False,0,0,,0,0,,,,,,,,0,0,1
475,31,DEF,4,3.66667,2.6,0,0.1725,0,0,11.3333,8.8,1.16667,1.64,30.3333,36.2,3.33333,3.8,4.219,1.604,1.64,1866.62,1.79,1705.73,False,0.530612,0.4,,0.2,0,,,,,,,,0,0,0
476,31,DEF,4,1,1.2,0,0.014,0.00333333,0.004,3.66667,4.8,1.66667,2.18,64.3333,74.6,5.66667,7.6,0.83666,1.604,1.64,1866.62,1.79,1705.73,False,0.24,0.8,,0,0,,,,,,,,0,0,0
477,31,DEF,4,2,1.2,0,0,0.21,0.21,5,3,0.233333,0.14,30,18,0.333333,0.2,2.68328,1.604,1.64,1866.62,1.79,1705.73,False,0.244898,0.2,,0.2,0,,,,,,,,0,0,0
478,31,DEF,4,2.33333,1.8,0.01,0.006,0.0266667,0.042,8.33333,7.4,2.8,3.14,54.6667,68.8,6,5.2,2.48998,1.604,1.64,1866.62,1.79,1705.73,False,0.367347,0.8,,0,0.2,,,,,,,,0,0,0
479,31,DEF,4,0,0,,,,,0,0,0,0,0,0,0,0,0,1.604,1.64,1866.62,1.79,1705.73,False,0,0,,0,0,,,,,,,,0,0,0
480,31,DEF,4,0,0,,,,,0,0,0,0,0,0,0,0,0,1.604,1.64,1866.62,1.79,1705.73,False,0,0,,0,0,,,,,,,,0,0,0
481,31,DEF,4,0,0,0,0,0,0,0,0,0,0,0,0,0,0,0,1.604,1.64,1866.62,1.79,1705.73,False,0,0,,0,0,,,,,,,,0,0,0
482,31,DEF,4,0,0,,,,,0,0,0,0,0,0,0,0,0,1.604,1.64,1866.62,1.79,1705.73,False,0,0,,0,0,,,,,,,,0,0,0
483,31,DEF,4,0,0,,,,,0,0,0,0,0,0,0,0,0,1.604,1.64,1866.62,1.79,1705.73,False,0,0,,0,0,,,,,,,,0,0,0
484,31,DEF,4,0,0,,,,,0,0,0,0,0,0,0,0,0,1.604,1.64,1866.62,1.79,1705.73,False,0,0,,0,0,,,,,,,,0,0,0
485,31,MID,4,6.66667,5.4,0.84,0.644,0.0633333,0.062,26,20,7.56667,6.74,86.3333,84.6,5.66667,4.2,3.78153,1.604,1.64,1866.62,1.79,1705.73,False,0.72973,1,,,,13.6667,31,2,3.33333,,,,1,0,0
486,31,MID,4,1.33333,1.6,0.0333333,0.022,0.1,0.116,8,7.4,2.13333,2.68,50,60.2,3.33333,3.4,0.547723,1.604,1.64,1866.62,1.79,1705.73,False,0.246154,0.8,,,,10.0667,5.66667,0.333333,1.33333,,,,0,0,0
487,31,MID,4,1.66667,1.4,0.123333,0.126,0.05,0.042,5.66667,5.8,3.66667,3.5,56.3333,57.8,2.33333,2.4,1.14018,1.604,1.64,1866.62,1.79,1705.73,False,0.229508,0.6,,,,9.76667,23.6667,0.333333,5.33333,,,,0,0,0
488,31,MID,4,0,0.6,,0,,0.4,0,4.2,0,1.42,0,18,0,2.4,1.34164,1.604,1.64,1866.62,1.79,1705.73,False,0.0882353,0.2,,,,0,0,,,,,,0,0,0
489,31,MID,4,3.33333,2.4,0.0366667,0.022,0.0166667,0.012,13,9.6,2.83333,1.84,39,28.8,4.33333,3.6,2.19089,1.604,1.64,1866.62,1.79,1705.73,False,0.40678,0.2,,,,2.53333,9.66667,0.333333,1.66667,,,,0,0,0
490,31,MID,4,2.33333,1.4,0.0866667,0.0725,0.05,0.04,11,6.4,3.56667,2.5,67.6667,46.6,6.66667,4.6,2.07364,1.604,1.64,1866.62,1.79,1705.73,False,0.237288,0.4,,,,12.1667,11.3333,0.333333,2.66667,,,,0,0,0
491,31,MID,4,2.66667,2.2,0.03,0.015,0.285,0.1875,14.6667,12.6,4.9,3.78,60,57,4.66667,5,2.28035,1.604,1.64,1866.62,1.79,1705.73,False,0.415094,0.6,,,,28.5,3.33333,0.5,0,,,,0,1,1
492,31,MID,4,0,0,,,,,0,0,0,0,0,0,0,0,0,1.604,1.64,1866.62,1.79,1705.73,False,0,0,,,,0,0,,,,,,0,0,0
493,31,MID,2,0,0.2,0,0,0,0.038,0,1,0,0.46,0,1.6,0,0,0.447214,1.31,1.624,1780.19,1.194,1853.47,False,0.0416667,0,,,,0,0,0,0,,,,0,0,0
494,31,MID,4,2.33333,1.8,0.01,0.042,0.0933333,0.092,9.66667,6.8,3.3,3.78,55.3333,62.4,5.66667,6,2.48998,1.604,1.64,1866.62,1.79,1705.73,False,0.36,0.6,,,,14.5667,7.33333,0.333333,1,,,,0,0,0
495,31,MID,4,0,0,,,,,0,0,0,0,0,0,0,0,0,1.604,1.64,1866.62,1.79,1705.73,False,0,0,,,,0,0,,,,,,0,0,0
496,31,MID,4,0,0,,,,,0,0,0,0,0,0,0,0,0,1.604,1.64,1866.62,1.79,1705.73,False,0,0,,,,0,0,,,,,,0,0,0
497,31,MID,4,0,0,,,,,0,0,0,0,0,0,0,0,0,1.604,1.64,1866.62,1.79,1705.73,False,0,0,,,,0,0,,,,,,0,0,0
498,31,MID,4,0,0,,,,,0,0,0,0,0,0,0,0,0,1.604,1.64,1866.62,1.79,1705.73,False,0,0,,,,0,0,,,,,,0,0,0
499,31,FWD,14,0,0,,,,,0,0,0,0,0,0,0,0,0,1.94,1.06,1949.06,0.924,1829.52,False,0,0,,,,,,,,,,,0,0,0
500,31,FWD,4,2.66667,2,0.0166667,0.01,0,0,12.3333,8.4,1.73333,1.04,3,4.6,1,0.8,2.82843,1.604,1.64,1866.62,1.79,1705.73,False,0.37037,0,,,,,,,,0.0166667,0.333333,0.333333,0,0,0
501,31,FWD,4,0,0,0,0,0,0,0,0,0,0,0,0,0,0,0,1.604,1.64,1866.62,1.79,1705.73,False,0,0,,,,,,,,0,0,0,0,0,0
502,31,GKP,17,3,1.8,0,0,0,0,15,9,2.06667,1.24,90,54,0,0,2.48998,1.318,1.322,1784.7,2.034,1819.66,False,0.391304,0.6,3,,,,,,,,,,0,0,0
503,31,GKP,17,0,0,,,,,0,0,0,0,0,0,0,0,0,1.318,1.322,1784.7,2.034,1819.66,False,0,0,0,,,,,,,,,,0,0,0
504,31,GKP,17,0,0,,,,,0,0,0,0,0,0,0,0,0,1.318,1.322,1784.7,2.034,1819.66,False,0,0,0,,,,,,,,,,0,0,0
505,31,DEF,17,2.33333,3.4,0,0.018,0.00666667,0.004,11,12.4,1.53333,1.72,90,90,4,5.8,2.79285,1.318,1.322,1784.7,2.034,1819.66,False,0.666667,1,,0.4,0,,,,,,,,0,0,0
506,31,DEF,17,3,2.2,0.00666667,0.03,0.00333333,0.0075,14.3333,11.6,2.46667,2.38,90,72,7.33333,6.2,2.28035,1.318,1.322,1784.7,2.034,1819.66,False,0.423077,0.8,,0.2,0,,,,,,,,0,0,0
507,31,DEF,17,4,4,0.0266667,0.032,0.0166667,0.046,13,15.8,2.43333,2.88,87,88.2,9,7.6,4.24264,1.318,1.322,1784.7,2.034,1819.66,False,0.851064,1,,0.4,0,,,,,,,,0,0,0
508,31,DEF,17,2,3.6,0.02,0.05,0.0166667,0.148,6.66667,14.2,2.66667,4.38,78,82.8,4.33333,6.2,3.20936,1.318,1.322,1784.7,2.034,1819.66,False,0.765957,1,,0.4,0,,,,,,,,0,0,0
509,31,DEF,17,0,0,,,,,0,0,0,0,0,0,0,0,0,1.318,1.322,1784.7,2.034,1819.66,False,0,0,,0,0,,,,,,,,0,0,0
510,31,DEF,17,0.666667,0.4,0.08,0.04,0,0,3,1.8,1,0.6,41.3333,24.8,3,1.8,0.547723,1.318,1.322,1784.7,2.034,1819.66,False,0.0952381,0.2,,0,0,,,,,,,,0,0,0
511,31,DEF,17,0.333333,1.8,0,0.0925,0,0.0025,4.66667,8.8,0.3,1.74,0.333333,18.2,1.33333,2.8,3.49285,1.318,1.322,1784.7,2.034,1819.66,False,0.418605,0.2,,0.2,0,,,,,,,,0,0,0
512,31,DEF,17,0,0,,,,,0,0,0,0,0,0,0,0,0,1.318,1.322,1784.7,2.034,1819.66,False,0,0,,0,0,,,,,,,,0,0,0
513,31,DEF,17,0,0,,,,,0,0,0,0,0,0,0,0,0,1.318,1.322,1784.7,2.034,1819.66,False,0,0,,0,0,,,,,,,,0,0,0
514,31,DEF,17,0,0,,,,,0,0,0,0,0,0,0,0,0,1.318,1.322,1784.7,2.034,1819.66,False,0,0,,0,0,,,,,,,,0,0,0
515,31,MID,17,6.66667,5,0.32,0.32,0.0266667,0.046,27.3333,20.6,8.4,8.6,84,86.4,4.66667,5.6,3.24037,1.318,1.322,1784.7,2.034,1819.66,False,0.675676,1,,,,20.5,31.6667,1.66667,2.66667,,,,0,0,0
516,31,MID,17,2.33333,2.6,0.0166667,0.148,0.0633333,0.126,9.33333,13.8,2.66667,5.52,48.3333,54.8,2.66667,4,1.14018,1.318,1.322,1784.7,2.034,1819.66,False,0.45614,0.8,,,,13.6667,3,0,1,,,,0,0,0
517,31,MID,17,5,5,0.0766667,0.12,0.13,0.19,24,23.8,6.1,7.02,89,86.6,11,13.6,4.30116,1.318,1.322,1784.7,2.034,1819.66,False,0.909091,1,,,,28.7,8,0.333333,1.66667,,,,0,1,1
518,31,MID,17,0,0,,,,,0,0,0,0,0,0,0,0,0,1.318,1.322,1784.7,2.034,1819.66,False,0,0,,,,0,0,,,,,,0,0,0
519,31,MID,17,1,0.8,0.02,0.012,0.0166667,0.01,8.66667,7,1.43333,1.02,36,24.2,5.66667,4.2,0.83666,1.318,1.322,1784.7,2.034,1819.66,False,0.16,0.4,,,,4.7,3,0.333333,0.333333,,,,0,0,0
520,31,MID,17,0,0,,,,,0,0,0,0,0,0,0,0,0,1.318,1.322,1784.7,2.034,1819.66,False,0,0,,,,0,0,,,,,,0,0,0
521,31,MID,17,2,2.6,0.0266667,0.026,0.0666667,0.09,11.3333,13.2,2.43333,2.58,90,90,8.66667,10,1.14018,1.318,1.322,1784.7,2.034,1819.66,False,0.530612,1,,,,10.4333,3,0.333333,0.333333,,,,0,0,0
522,31,MID,17,0.666667,0.4,0.04,0.024,0,0,0,0,0.266667,0.16,5.66667,3.4,0.666667,0.4,0.547723,1.318,1.322,1784.7,2.034,1819.66,False,0.0851064,0,,,,0.0333333,2.66667,0,0.666667,,,,0,0,0
523,31,MID,17,0,0,,,,,0,0,0,0,0,0,0,0,0,1.318,1.322,1784.7,2.034,1819.66,False,0,0,,,,0,0,,,,,,0,0,0
524,31,MID,17,0,0,,,,,0,0,0,0,0,0,0,0,0,1.318,1.322,1784.7,2.034,1819.66,False,0,0,,,,0,0,,,,,,0,0,0
525,31,FWD,17,0,0,,,,,0,0,0,0,0,0,0,0,0,1.318,1.322,1784.7,2.034,1819.66,False,0,0,,,,,,,,,,,1,0,0
526,31,FWD,17,4,3,0.0666667,0.112,0.0666667,0.042,15,10.2,4.46667,3.62,74,63.4,3.66667,3,1.87083,1.318,1.322,1784.7,2.034,1819.66,False,0.517241,0.8,,,,,,,,0.0666667,0.333333,2.33333,0,0,0
527,31,FWD,17,1,0.6,0.2,0.15,0,0,-1,-0.6,0.233333,0.14,15,9,0.666667,0.4,0.547723,1.318,1.322,1784.7,2.034,1819.66,False,0.115385,0,,,,,,,,0.2,0,1,0,0,0
528,31,GKP,56,0,0,,,,,0,0,0,0,0,0,0,0,0,1.132,1.79,1705.73,1.64,1866.62,False,0,0,0,,,,,,,,,,0,0,0
529,31,GKP,56,0,0,0,0,0,0,0,0,0,0,0,0,0,0,0,1.132,1.79,1705.73,1.64,1866.62,False,0,0,0,,,,,,,,,,0,0,0
530,31,GKP,56,0,0,,,,,0,0,0,0,0,0,0,0,0,1.132,1.79,1705.73,1.64,1866.62,False,0,0,0,,,,,,,,,,0,0,0
531,31,DEF,56,5.66667,5,0.0633333,0.048,0.00333333,0.014,17,15.6,4.83333,4.68,81,84.6,14.3333,13,2.23607,1.132,1.79,1705.73,1.64,1866.62,False,1.06383,1,,0.2,0.2,,,,,,,,0,0,0
532,31,DEF,56,4,3,0.0266667,0.056,0.0133333,0.016,17,10.8,2.03333,2.5,90,87.8,6.66667,6.4,2.82843,1.132,1.79,1705.73,1.64,1866.62,False,0.666667,1,,0.2,0,,,,,,,,0,0,0
533,31,DEF,56,0,0,,,,,0,0,0,0,0,0,0,0,0,1.132,1.79,1705.73,1.64,1866.62,False,0,0,,0,0,,,,,,,,0,0,0
534,31,DEF,56,0,0,,,,,0,0,0,0,0,0,0,0,0,1.132,1.79,1705.73,1.64,1866.62,False,0,0,,0,0,,,,,,,,0,0,0
535,31,DEF,56,0.333333,0.2,0.08,0.04,0,0,0,0,0.1,0.06,1.66667,1,0,0,0.447214,1.132,1.79,1705.73,1.64,1866.62,False,0.05,0,,0,0,,,,,,,,0,0,0
536,31,DEF,56,0,0,,,,,0,0,0,0,0,0,0,0,0,1.132,1.79,1705.73,1.64,1866.62,False,0,0,,0,0,,,,,,,,0,0,0
537,31,DEF,56,0,0,,,,,0,0,0,0,0,0,0,0,0,1.132,1.79,1705.73,1.64,1866.62,False,0,0,,0,0,,,,,,,,0,0,0
538,31,DEF,56,0,0,,,,,0,0,0,0,0,0,0,0,0,1.132,1.79,1705.73,1.64,1866.62,False,0,0,,0,0,,,,,,,,0,0,0
539,31,DEF,56,2,1.2,0,0,0.01,0.006,8,4.8,0.533333,0.32,38.6667,23.2,2,1.2,2.16795,1.132,1.79,1705.73,1.64,1866.62,False,0.3,0.2,,0.2,0,,,,,,,,0,0,0
540,31,DEF,56,0,0,,,,,0,0,0,0,0,0,0,0,0,1.132,1.79,1705.73,1.64,1866.62,False,0,0,,0,0,,,,,,,,0,0,0
541,31,DEF,56,0,0.2,,0,,0.14,0,2.6,0,1,0,18,0,1.6,0.447214,1.132,1.79,1705.73,1.64,1866.62,False,0.0526316,0.2,,0,0,,,,,,,,0,0,0
542,31,DEF,56,0,0,,,,,0,0,0,0,0,0,0,0,0,1.132,1.79,1705.73,1.64,1866.62,False,0,0,,0,0,,,,,,,,0,0,0
543,31,MID,56,0,0,,,,,0,0,0,0,0,0,0,0,0,1.132,1.79,1705.73,1.64,1866.62,False,0,0,,,,0,0,,,,,,0,0,0
544,31,MID,56,4.66667,3.6,0.363333,0.224,0.0333333,0.05,13.3333,11,3.76667,2.7,90,86,4,4.2,2.30217,1.132,1.79,1705.73,1.64,1866.62,False,0.679245,1,,,,2.8,22,1,3,,,,1,0,0
545,31,MID,56,0,0,,,,,0,0,0,0,0,0,0,0,0,1.132,1.79,1705.73,1.64,1866.62,False,0,0,,,,0,0,,,,,,0,0,0
546,31,MID,56,0,0,0,0,0,0,0,0,0,0,0,0,0,0,0,1.132,1.79,1705.73,1.64,1866.62,False,0,0,,,,0,0,0,0,,,,0,0,0
547,31,MID,56,2.33333,3.8,0.01,0.2025,0.06,0.105,8.66667,13.8,2.7,3.84,60,72,7.66667,9,3.89872,1.132,1.79,1705.73,1.64,1866.62,False,0.77551,0.8,,,,15.1667,2,0,1,,,,0,0,0
548,31,MID,56,0,0.4,,0.21,,0.105,0,-0.8,0,0.42,0,12.2,0,1.4,0.547723,1.132,1.79,1705.73,1.64,1866.62,False,0.0816327,0,,,,0,0,,,,,,0,0,0
549,31,MID,56,0,0,,,,,0,0,0,0,0,0,0,0,0,1.132,1.79,1705.73,1.64,1866.62,False,0,0,,,,0,0,,,,,,0,0,0
550,31,MID,56,0,0,,,,,0,0,0,0,0,0,0,0,0,1.132,1.79,1705.73,1.64,1866.62,False,0,0,,,,0,0,,,,,,0,0,0
551,31,MID,56,1,0.6,0.0333333,0.02,0.00333333,0.002,3.66667,2.2,0.933333,0.56,30.3333,18.2,2.66667,1.6,0.894427,1.132,1.79,1705.73,1.64,1866.62,False,0.12766,0.2,,,,4.5,2.66667,0,1,,,,0,0,0
552,31,MID,56,2,2,0.04,0.028,0.0133333,0.026,9,12.4,1.93333,2.32,90,90,7,7.8,0.707107,1.132,1.79,1705.73,1.64,1866.62,False,0.408163,1,,,,3,7.66667,0.333333,1.66667,,,,0,0,0
553,31,MID,56,1.33333,1,0.0366667,0.022,0.12,0.072,4,3,1.3,0.78,50.6667,32.4,3.33333,2,1,1.132,1.79,1705.73,1.64,1866.62,False,0.204082,0.4,,,,4.53333,3.33333,0.333333,1.33333,,,,0,0,0
554,31,MID,56,0,0,,,,,0,0,0,0,0,0,0,0,0,1.132,1.79,1705.73,1.64,1866.62,False,0,0,,,,0,0,,,,,,0,0,0
555,31,MID,56,0,0,,,,,0,0,0,0,0,0,0,0,0,1.132,1.79,1705.73,1.64,1866.62,False,0,0,,,,0,0,,,,,,0,0,0
556,31,MID,56,0,0,,,,,0,0,0,0,0,0,0,0,0,1.132,1.79,1705.73,1.64,1866.62,False,0,0,,,,0,0,,,,,,0,0,0
557,31,MID,56,0,0,0,0,0,0,0,0,0,0,0,0,0,0,0,1.132,1.79,1705.73,1.64,1866.62,False,0,0,,,,0,0,0,0,,,,0,0,0
558,31,MID,56,0,0,,,,,0,0,0,0,0,0,0,0,0,1.132,1.79,1705.73,1.64,1866.62,False,0,0,,,,0,0,,,,,,0,0,0
559,31,MID,56,0,0,,,,,0,0,0,0,0,0,0,0,0,1.132,1.79,1705.73,1.64,1866.62,False,0,0,,,,0,0,,,,,,0,0,0
560,31,FWD,56,1.66667,1.4,0.02,0.03,0,0.02,4.33333,3.2,0.266667,0.36,11.6667,11.2,0.666667,1,1.51658,1.132,1.79,1705.73,1.64,1866.62,False,0.28,0,,,,,,,,0.02,0,0.333333,0,0,0
561,31,FWD,56,3.66667,2.4,0.33,0.216,0.00666667,0.016,10.3333,6.4,2.66667,2.22,52.3333,35.4,1.66667,1.2,3.71484,1.132,1.79,1705.73,1.64,1866.62,False,0.461538,0.4,,,,,,,,0.33,0.333333,1.33333,0,0,0
562,31,FWD,56,0,0,,,,,0,0,0,0,0,0,0,0,0,1.132,1.79,1705.73,1.64,1866.62,False,0,0,,,,,,,,,,,0,0,0
563,31,FWD,56,0,0,,,,,0,0,0,0,0,0,0,0,0,1.132,1.79,1705.73,1.64,1866.62,False,0,0,,,,,,,,,,,0,0,0
564,31,FWD,56,0,0,,,,,0,0,0,0,0,0,0,0,0,1.132,1.79,1705.73,1.64,1866.62,False,0,0,,,,,,,,,,,0,0,0
565,31,GKP,6,1.66667,1.4,0,0,0.00666667,0.004,5.66667,5.2,2.26667,2.32,90,90,0,0,1.14018,1.25,2.034,1819.66,1.322,1784.7,False,0.297872,1,2,,,,,,,,,,0,0,0
566,31,GKP,6,0,0,0,0,0,0,0,0,0,0,0,0,0,0,0,1.25,2.034,1819.66,1.322,1784.7,False,0,0,0,,,,,,,,,,0,0,0
567,31,GKP,6,0,0,0,0,0,0,0,0,0,0,0,0,0,0,0,1.25,2.034,1819.66,1.322,1784.7,False,0,0,0,,,,,,,,,,0,0,0
568,31,DEF,6,1,0.6,0.0366667,0.0366667,0.0433333,0.0433333,3,1.8,3.5,2.1,84.3333,50.6,6,3.6,0.894427,1.25,2.034,1819.66,1.322,1784.7,False,0.117647,0.6,,0,0,,,,,,,,0,0,0
569,31,DEF,6,0,0,,,,,0,0,0,0,0,0,0,0,0,1.25,2.034,1819.66,1.322,1784.7,False,0,0,,0,0,,,,,,,,0,0,0
570,31,DEF,6,2.66667,1.6,0.0433333,0.0433333,0.00333333,0.00333333,5,3,2.53333,1.52,60.3333,36.2,8,4.8,1.81659,1.25,2.034,1819.66,1.322,1784.7,False,0.380952,0.4,,0,0,,,,,,,,0,0,0
571,31,DEF,6,0,0,,,,,0,0,0,0,0,0,0,0,0,1.25,2.034,1819.66,1.322,1784.7,False,0,0,,0,0,,,,,,,,0,0,0
572,31,DEF,6,2.33333,2.4,0.065,0.0625,0.005,0.0025,3,4.4,1.76667,2.58,59.6667,71.8,8.66667,11.8,1.51658,1.25,2.034,1819.66,1.322,1784.7,False,0.533333,0.8,,0,0,,,,,,,,0,0,0
573,31,DEF,6,1.33333,0.8,0.04,0.0133333,0.01,0.123333,4.33333,-0.4,1.73333,1.88,25,51,3.66667,4.4,1.78885,1.25,2.034,1819.66,1.322,1784.7,False,0.190476,0.6,,0,0,,,,,,,,0,0,0
574,31,DEF,6,0,0,,,,,0,0,0,0,0,0,0,0,0,1.25,2.034,1819.66,1.322,1784.7,False,0,0,,0,0,,,,,,,,0,0,0
575,31,DEF,6,-1,0,0,0.0425,0,0.0025,-5.66667,-3,0.466667,1.44,42.3333,61.4,2.33333,5.6,2.12132,1.25,2.034,1819.66,1.322,1784.7,False,0,0.8,,0,0,,,,,,,,0,0,0
576,31,DEF,6,0,0,,,,,0,0,0,0,0,0,0,0,0,1.25,2.034,1819.66,1.322,1784.7,False,0,0,,0,0,,,,,,,,0,0,0
577,31,DEF,6,0,0,,,,,0,0,0,0,0,0,0,0,0,1.25,2.034,1819.66,1.322,1784.7,False,0,0,,0,0,,,,,,,,0,0,0
578,31,DEF,6,0,0,,,,,0,0,0,0,0,0,0,0,0,1.25,2.034,1819.66,1.322,1784.7,False,0,0,,0,0,,,,,,,,0,0,0
579,31,MID,6,0,0,,,,,0,0,0,0,0,0,0,0,0,1.25,2.034,1819.66,1.322,1784.7,False,0,0,,,,0,0,,,,,,0,0,0
580,31,MID,31,2.33333,1.8,0.0233333,0.03,0.04,0.062,7.66667,6.8,2.43333,2.42,53,40.8,3.33333,2.8,1.30384,,,,,,False,0.276923,0.4,,,,16.1,1.33333,0,0.333333,,,,0,0,0
581,31,MID,6,0,0,,,,,0,0,0,0,0,0,0,0,0,1.25,2.034,1819.66,1.322,1784.7,False,0,0,,,,0,0,,,,,,0,0,0
582,31,MID,6,0,0,,,,,0,0,0,0,0,0,0,0,0,1.25,2.034,1819.66,1.322,1784.7,False,0,0,,,,0,0,,,,,,0,0,0
583,31,MID,6,0,0,,,,,0,0,0,0,0,0,0,0,0,1.25,2.034,1819.66,1.322,1784.7,False,0,0,,,,0,0,,,,,,0,0,0
584,31,MID,6,1.66667,1.4,0.09,0.164,0.136667,0.128,9.33333,6.2,6.13333,5.04,65.3333,51.8,4.66667,4.2,0.547723,1.25,2.034,1819.66,1.322,1784.7,False,0.225806,0.4,,,,35.6667,13,0.333333,2.33333,,,,0,0,0
585,31,MID,6,0,0,,,,,0,0,0,0,0,0,0,0,0,1.25,2.034,1819.66,1.322,1784.7,False,0,0,,,,0,0,,,,,,0,0,0
586,31,MID,6,0,0,,,,,0,0,0,0,0,0,0,0,0,1.25,2.034,1819.66,1.322,1784.7,False,0,0,,,,0,0,,,,,,0,0,0
587,31,MID,6,0.666667,1.2,0.04,0.02,0.005,0.0025,6,8.2,0.8,1.16,42,52.2,4.33333,7.4,1.30384,1.25,2.034,1819.66,1.322,1784.7,False,0.230769,0.6,,,,1.6,0.666667,0,0,,,,0,0,0
588,31,MID,6,0,0.2,,0,,0.04,0,0.8,0,0.28,0,6.8,0,0.2,0.447214,1.25,2.034,1819.66,1.322,1784.7,False,0.0377358,0.2,,,,0,0,,,,,,0,0,0
589,31,MID,6,0,0,,,,,0,0,0,0,0,0,0,0,0,1.25,2.034,1819.66,1.322,1784.7,False,0,0,,,,0,0,,,,,,0,0,0
590,31,MID,6,0,0,,,,,0,0,0,0,0,0,0,0,0,1.25,2.034,1819.66,1.322,1784.7,False,0,0,,,,0,0,,,,,,0,0,0
591,31,MID,6,4,4.6,0.0166667,0.124,0.23,0.196,17,18,4.03333,4.66,90,90,7.33333,7,3.50714,1.25,2.034,1819.66,1.322,1784.7,False,0.958333,1,,,,14.6,4.33333,0,1.66667,,,,0,0,0
592,31,MID,6,0,0,,,,,0,0,0,0,0,0,0,0,0,1.25,2.034,1819.66,1.322,1784.7,False,0,0,,,,0,0,,,,,,0,0,0
593,31,MID,6,2,3.6,0.0866667,0.068,0.0266667,0.1,13,18,2.46667,3.78,70.6667,78.4,11.3333,14,2.88097,1.25,2.034,1819.66,1.322,1784.7,False,0.8,0.8,,,,5.86667,8,0,2.33333,,,,0,0,0
594,31,MID,6,0,0,,,,,0,0,0,0,0,0,0,0,0,1.25,2.034,1819.66,1.322,1784.7,False,0,0,,,,0,0,,,,,,0,0,0
595,31,MID,6,0.333333,0.2,0,0,0.00333333,0.002,1,0.6,0.0666667,0.04,4.66667,2.8,0.666667,0.4,0.447214,1.25,2.034,1819.66,1.322,1784.7,False,0.0465116,0,,,,0.6,0,0,0,,,,0,0,0
596,31,FWD,6,3.66667,2.8,0.153333,0.146,0.00666667,0.006,19.3333,14.4,5.06667,3.86,84.3333,74.2,5.33333,5.6,2.38747,1.25,2.034,1819.66,1.322,1784.7,False,0.388889,0.8,,,,,,,,0.153333,0.666667,3.33333,0,0,0
597,31,FWD,6,5,3.2,0.353333,0.3625,0.00666667,0.005,24,15.8,6.73333,5.14,46,32,4,2.8,3.76829,1.25,2.034,1819.66,1.322,1784.7,False,0.507937,0.2,,,,,,,,0.353333,1.66667,3.66667,0,0,0
598,31,FWD,6,0,0,,,,,0,0,0,0,0,0,0,0,0,1.25,2.034,1819.66,1.322,1784.7,False,0,0,,,,,,,,,,,0,0,0
599,31,FWD,6,0,0,,,,,0,0,0,0,0,0,0,0,0,1.25,2.034,1819.66,1.322,1784.7,False,0,0,,,,,,,,,,,0,0,0
600,31,GKP,21,0,0,0,0,0,0,0,0,0,0,0,0,0,0,0,1.574,1.214,1743.59,1.482,1929.21,False,0,0,0,,,,,,,,,,0,0,0
601,31,GKP,21,0,0,,,,,0,0,0,0,0,0,0,0,0,1.574,1.214,1743.59,1.482,1929.21,False,0,0,0,,,,,,,,,,0,0,0
602,31,GKP,21,0,0,,,,,0,0,0,0,0,0,0,0,0,1.574,1.214,1743.59,1.482,1929.21,False,0,0,0,,,,,,,,,,0,0,0
603,31,DEF,21,3.66667,5.2,0.0233333,0.014,0.113333,0.138,14.6667,19.6,3.76667,3.4,89.6667,87.6,6,6.4,2.77489,1.574,1.214,1743.59,1.482,1929.21,False,1.26829,1,,0.6,0.2,,,,,,,,0,0,0
604,31,DEF,21,0,0,,,,,0,0,0,0,0,0,0,0,0,1.574,1.214,1743.59,1.482,1929.21,False,0,0,,0,0,,,,,,,,0,0,0
605,31,DEF,21,0,0,0,0,0,0,0,0,0,0,0,0,0,0,0,1.574,1.214,1743.59,1.482,1929.21,False,0,0,,0,0,,,,,,,,0,0,0
606,31,DEF,21,5,4.6,0.3,0.18,0,0.006,10,12,5.2,4.16,60.3333,72.2,11,9.2,4.5607,1.574,1.214,1743.59,1.482,1929.21,False,1.04545,0.8,,0.2,0.2,,,,,,,,0,0,0
607,31,DEF,21,0,0,,,,,0,0,0,0,0,0,0,0,0,1.574,1.214,1743.59,1.482,1929.21,False,0,0,,0,0,,,,,,,,0,0,0
608,31,DEF,21,0,0.2,0,0,0,0.0025,0,0.6,0,0.3,0,2,0,0.2,0.447214,1.574,1.214,1743.59,1.482,1929.21,False,0.0465116,0,,0,0,,,,,,,,0,0,0
609,31,DEF,21,4.33333,2.6,0,0,0.00666667,0.005,16.3333,9.8,1.36667,0.82,60,36,6.66667,4,3.97492,1.574,1.214,1743.59,1.482,1929.21,False,0.604651,0.4,,0.2,0,,,,,,,,0,0,0
610,31,DEF,21,3,3.4,0,0,0.05,0.04,5.33333,11,2.03333,2.4,90,90,7,7.2,2.96648,1.574,1.214,1743.59,1.482,1929.21,False,0.829268,1,,0.4,0,,,,,,,,0,0,0
611,31,DEF,21,0,0,,,,,0,0,0,0,0,0,0,0,0,1.574,1.214,1743.59,1.482,1929.21,False,0,0,,0,0,,,,,,,,0,0,0
612,31,MID,21,0,0,,,,,0,0,0,0,0,0,0,0,0,1.574,1.214,1743.59,1.482,1929.21,False,0,0,,,,0,0,,,,,,0,0,0
613,31,MID,21,4.66667,5,0.85,0.533333,0.01,0.01,19.6667,18.6,5.36667,5.42,89.6667,86,11,9,2.91548,1.574,1.214,1743.59,1.482,1929.21,False,0.877193,1,,,,6.76667,18.3333,1,2,,,,0,0,0
614,31,MID,90,2.66667,2.6,0,0,0.0533333,0.06,16.3333,14.4,3.5,3.24,65.6667,47.4,8.33333,5.8,1.81659,0.908,1.978,1685.09,1.228,1807.68,False,0.464286,0.4,,,,17.7333,0,0,0,,,,0,1,1
615,31,MID,21,4,3.6,0.2,0.285,0.215,0.23,14.6667,14,4.8,5.76,60,71.8,6.66667,7.4,4.3359,1.574,1.214,1743.59,1.482,1929.21,False,0.654545,0.8,,,,10.6667,19.6667,1,5.5,,,,0,0,0
616,31,MID,21,0,0,,,,,0,0,0,0,0,0,0,0,0,1.574,1.214,1743.59,1.482,1929.21,False,0,0,,,,0,0,,,,,,0,0,0
617,31,MID,21,0,0,,,,,0,0,0,0,0,0,0,0,0,1.574,1.214,1743.59,1.482,1929.21,False,0,0,,,,0,0,,,,,,0,0,0
618,31,MID,21,0,0,,,,,0,0,0,0,0,0,0,0,0,1.574,1.214,1743.59,1.482,1929.21,False,0,0,,,,0,0,,,,,,0,0,0
619,31,MID,21,0,0,,,,,0,0,0,0,0,0,0,0,0,1.574,1.214,1743.59,1.482,1929.21,False,0,0,,,,0,0,,,,,,0,0,0
620,31,MID,21,0,0,,,,,0,0,0,0,0,0,0,0,0,1.574,1.214,1743.59,1.482,1929.21,False,0,0,,,,0,0,,,,,,0,0,0
621,31,MID,21,0,0,,,,,0,0,0,0,0,0,0,0,0,1.574,1.214,1743.59,1.482,1929.21,False,0,0,,,,0,0,,,,,,0,0,0
622,31,MID,21,0,0,,,,,0,0,0,0,0,0,0,0,0,1.574,1.214,1743.59,1.482,1929.21,False,0,0,,,,0,0,,,,,,0,0,0
623,31,MID,21,0,0.6,0,0,0,0.005,0,2,0,0.26,0,15.8,0,1.8,1.34164,1.574,1.214,1743.59,1.482,1929.21,False,0.136364,0.2,,,,0,0,0,0,,,,0,0,0
624,31,FWD,21,5.66667,5.2,0.0433333,0.062,0.186667,0.384,24.6667,20,7.23333,7.18,90,89.8,11,11.2,1.30384,1.574,1.214,1743.59,1.482,1929.21,False,0.684211,1,,,,,,,,0.0433333,0,3.66667,0,1,1
625,31,FWD,21,0,0,,,,,0,0,0,0,0,0,0,0,0,1.574,1.214,1743.59,1.482,1929.21,False,0,0,,,,,,,,,,,0,0,0
626,31,FWD,21,0,0,,,,,0,0,0,0,0,0,0,0,0,1.574,1.214,1743.59,1.482,1929.21,False,0,0,,,,,,,,,,,0,0,0
627,31,GKP,39,0,0,0,0,0,0,0,0,0,0,0,0,0,0,0,,,,,,False,0,0,0,,,,,,,,,,0,0,0
628,31,GKP,39,3.66667,5.2,0,0,0,0,18.3333,24.6,2.23333,3.54,90,108,0,0,5.26308,,,,,,False,1.2381,0.8,3.33333,,,,,,,,,,0,0,0
629,31,GKP,39,0,0,0,0,0,0,0,0,0,0,0,0,0,0,0,,,,,,False,0,0,0,,,,,,,,,,0,0,0
630,31,GKP,11,0,0,,0,,0,0,0,0,0,0,0,0,0,0,1.61,1.426,1831.61,1.122,1930.44,False,0,0,0,,,,,,,,,,0,0,0
631,31,DEF,39,0,0,,,,,0,0,0,0,0,0,0,0,0,,,,,,False,0,0,,0,0,,,,,,,,0,0,0
632,31,DEF,39,0.333333,0.2,0,0,0,0,1.33333,0.8,0.2,0.12,19.3333,11.6,1.66667,1,0.447214,,,,,,False,0.0454545,0.2,,0,0,,,,,,,,0,0,0
633,31,DEF,39,2.66667,4,0,0.01,0.105,0.175,10.3333,16.8,2.86667,5.38,63.6667,86,3.33333,6.4,3.08221,,,,,,False,0.930233,0.6,,0.2,0.2,,,,,,,,0,1,0
634,31,DEF,39,3.66667,4.8,0.01,0.03,0.05,0.0475,14.6667,18,3.3,3.3,70.3333,96.2,7.33333,10.2,4.02492,,,,,,False,1.11628,0.6,,0.4,0,,,,,,,,0,0,0
635,31,DEF,39,5,3.4,0.14,0.07,0.01,0.005,11.3333,9.6,3.76667,2.86,8,20.6,0.333333,2.2,3.36155,,,,,,False,0.772727,0.2,,0,0.4,,,,,,,,0,0,0
636,31,DEF,39,2.66667,3.8,0.02,0.015,0.005,0.045,16.3333,19.6,2.66667,4.02,90,108,7.66667,8.2,3.56371,,,,,,False,0.863636,0.8,,0.4,0.2,,,,,,,,0,0,0
637,31,DEF,39,2.66667,1.6,0.09,0.06,0,0,9.33333,5.6,1.13333,0.68,30,18,4,2.4,3.57771,,,,,,False,0.380952,0.2,,0.2,0,,,,,,,,0,0,0
638,31,DEF,39,0,0,,,,,0,0,0,0,0,0,0,0,0,,,,,,False,0,0,,0,0,,,,,,,,0,0,0
639,31,DEF,39,0,0,,,,,0,0,0,0,0,0,0,0,0,,,,,,False,0,0,,0,0,,,,,,,,0,0,0
640,31,DEF,39,0,0,0,0,0,0,0,0,0,0,0,0,0,0,0,,,,,,False,0,0,,0,0,,,,,,,,0,0,0
641,31,DEF,39,0,0,,,,,0,0,0,0,0,0,0,0,0,,,,,,False,0,0,,0,0,,,,,,,,0,0,0
642,31,MID,39,0,0,0,0,0,0,0,0,0,0,0,0,0,0,0,,,,,,False,0,0,,,,0,0,0,0,,,,0,0,1
643,31,MID,39,6.33333,4.8,0,0.0333333,0.01,0.01,25.6667,18.6,4.13333,2.9,89.3333,89.6,14,12.8,4.20714,,,,,,False,0.923077,1,,,,9.93333,5.33333,0,0,,,,0,0,0
644,31,MID,39,2.66667,2.4,0,0.07,0.165,0.085,10.3333,11.4,3.1,3.36,61,72.8,4.66667,6.2,1.67332,,,,,,False,0.470588,0.8,,,,17.5667,2.66667,0,2,,,,0,0,0
645,31,MID,39,0,0,,,,,0,0,0,0,0,0,0,0,0,,,,,,False,0,0,,,,0,0,,,,,,0,0,0
646,31,MID,39,8,6,0.29,0.0966667,0.01,0.00666667,34.6667,25.6,4.36667,3.1,90,72.6,11.6667,11.4,5,,,,,,False,1.13208,0.8,,,,7.1,8.33333,1,2,,,,0,0,1
647,31,MID,39,0,0,,,,,0,0,0,0,0,0,0,0,0,,,,,,False,0,0,,,,0,0,,,,,,0,0,0
648,31,MID,39,0,0,,,,,0,0,0,0,0,0,0,0,0,,,,,,False,0,0,,,,0,0,,,,,,0,0,0
649,31,MID,39,0,0,,,,,0,0,0,0,0,0,0,0,0,,,,,,False,0,0,,,,0,0,,,,,,0,0,0
650,31,MID,39,0,0,,,,,0,0,0,0,0,0,0,0,0,,,,,,False,0,0,,,,0,0,,,,,,0,0,0
651,31,MID,39,0,1.2,0,0.0533333,0,0,0,4.4,0,1.04,0,1.2,0,0,2.68328,,,,,,False,0.27907,0,,,,0,0,0,0,,,,0,0,0
652,31,MID,39,0,0,,,,,0,0,0,0,0,0,0,0,0,,,,,,False,0,0,,,,0,0,,,,,,0,0,0
653,31,MID,39,0,0,,,,,0,0,0,0,0,0,0,0,0,,,,,,False,0,0,,,,0,0,,,,,,0,0,0
654,31,FWD,31,2.33333,4.4,0.12,0.148,0.05,0.04,10.3333,18.4,2.9,4.86,65.3333,75.2,3.33333,3.8,5.07937,,,,,,False,0.733333,1,,,,,,,,0.12,0.333333,2,0,0,0
655,31,FWD,39,0,0,,,,,0,0,0,0,0,0,0,0,0,,,,,,False,0,0,,,,,,,,,,,0,0,0
656,31,FWD,39,0,0,,,,,0,0,0,0,0,0,0,0,0,,,,,,False,0,0,,,,,,,,,,,0,0,0
657,31,FWD,39,0,0,,,,,0,0,0,0,0,0,0,0,0,,,,,,False,0,0,,,,,,,,,,,0,0,0
658,31,FWD,39,0,0,,,,,0,0,0,0,0,0,0,0,0,,,,,,False,0,0,,,,,,,,,,,0,0,0
659,31,DEF,21,0,0.2,0,0,0,0,0,-0.2,0,0,0,0.2,0,0,0.447214,1.574,1.214,1743.59,1.482,1929.21,False,0.047619,0,,0,0,,,,,,,,0,0,0
660,31,MID,2,3.66667,4.4,0.0666667,0.0675,0.183333,0.2225,18.6667,17.4,7.36667,6.26,90,70.4,11.6667,9.2,4.15933,1.31,1.624,1780.19,1.194,1853.47,False,0.916667,0.8,,,,42.1,10,0.666667,1.66667,,,,0,1,1
661,31,FWD,14,6,4.4,0.21,0.446667,0.14,0.09,20.3333,13.2,6.83333,5.96,63.6667,73.6,4,4.4,5.94138,1.94,1.06,1949.06,0.924,1829.52,False,0.473118,0.8,,,,,,,,0.21,1,8,0,0,0
662,31,DEF,3,2,2.2,0,0,0.01,0.012,12,12.8,1.4,2,38.3333,47.6,4.66667,6.8,2.16795,,,,,,False,0.415094,0.4,,0.2,0,,,,,,,,0,0,0
663,31,MID,39,0,0,,,,,0,0,0,0,0,0,0,0,0,,,,,,False,0,0,,,,0,0,,,,,,0,0,0
664,31,GKP,54,0,0,0,0,0,0,0,0,0,0,0,0,0,0,0,1.472,1.228,1807.68,1.978,1685.09,False,0,0,0,,,,,,,,,,0,0,0
665,31,GKP,2,0,0,0,0,0,0,0,0,0,0,0,0,0,0,0,1.31,1.624,1780.19,1.194,1853.47,False,0,0,0,,,,,,,,,,0,0,0
666,31,FWD,3,3.33333,5.2,0.343333,0.27,0.0233333,0.17,12,22.2,3.33333,5.18,54,81.2,3.33333,3.6,4.91935,,,,,,False,0.590909,0.6,,,,,,,,0.343333,0.333333,3.66667,0,0,0
667,31,DEF,11,0,0,0,0,0,0,0,0,0,0,0,0,0,0,0,1.61,1.426,1831.61,1.122,1930.44,False,0,0,,0,0,,,,,,,,0,0,0
668,31,MID,56,1.33333,1,0.0166667,0.0125,0.0266667,0.04,10,7.8,2.26667,1.48,66.6667,43.8,9,6.4,0.707107,1.132,1.79,1705.73,1.64,1866.62,False,0.196078,0.4,,,,11.8,2,0,0.666667,,,,0,1,1
669,31,MID,17,0.666667,0.8,0,0.036,0.00333333,0.006,2.33333,3.4,0.533333,1.64,17.6667,20.4,0,1,0.447214,1.318,1.322,1784.7,2.034,1819.66,False,0.145455,0,,,,3.9,0.666667,0,0.333333,,,,0,0,0
670,31,GKP,56,0.666667,1,0,0,0,0.01,3,4.8,0.733333,1.04,30,54,0,0,1,1.132,1.79,1705.73,1.64,1866.62,False,0.208333,0.6,1.33333,,,,,,,,,,0,0,0
671,31,FWD,21,0.333333,0.6,0.2,0.406,0,0.028,-1.33333,-0.4,0.266667,2.06,19.6667,19.6,0.666667,0.8,0.547723,1.574,1.214,1743.59,1.482,1929.21,False,0.103448,0.2,,,,,,,,0.2,0,0.666667,0,0,0
672,31,DEF,8,1,0.6,0.0133333,0.016,0.0333333,0.066,4.33333,1.8,0.833333,1.32,57.3333,45.4,4.33333,3.4,0.894427,2.232,1.122,1930.44,1.426,1831.61,False,0.130435,0.4,,0,0,,,,,,,,0,0,0
673,31,MID,6,2,2.2,0.19,0.0633333,0,0.0166667,8.66667,10.8,1.86667,2.46,60,61.2,7.66667,9,1.78885,1.25,2.034,1819.66,1.322,1784.7,False,0.4,0.6,,,,5.06667,5.66667,0,2,,,,0,0,0
674,31,GKP,4,3.33333,2,0,0,0,0,12.6667,7.6,1.5,0.9,60,36,0,0,3.08221,1.604,1.64,1866.62,1.79,1705.73,False,0.416667,0.4,2.33333,,,,,,,,,,0,0,0
675,31,GKP,17,0,0,0,0,0,0,0,0,0,0,0,0,0,0,0,1.318,1.322,1784.7,2.034,1819.66,False,0,0,0,,,,,,,,,,0,0,0
676,31,MID,90,1.33333,2.4,0.0333333,0.026,0.00666667,0.004,6,8.8,0.666667,1.5,43,54.2,2.66667,4.6,2.60768,0.908,1.978,1685.09,1.228,1807.68,False,0.48,0.6,,,,0.933333,2.33333,0,0.666667,,,,0,0,0
677,31,MID,31,2,2.6,0.0133333,0.074,0.0233333,0.054,4.33333,7.8,1.03333,1.92,62.6667,52.6,4.33333,4.6,2.07364,,,,,,False,0.419355,0.6,,,,2.13333,6,0,2.66667,,,,0,0,0
678,31,DEF,56,0,0,,,,,0,0,0,0,0,0,0,0,0,1.132,1.79,1705.73,1.64,1866.62,False,0,0,,0,0,,,,,,,,0,0,0
679,31,GKP,21,4,4.8,0,0,0,0,17.6667,18.8,3.23333,2.72,90,90,0,0,4.43847,1.574,1.214,1743.59,1.482,1929.21,False,1.14286,1,4,,,,,,,,,,0,0,0
680,31,FWD,90,0.333333,0.2,0,0,0,0,0.666667,0.4,0.0666667,0.04,0.666667,0.4,0.333333,0.2,0.447214,0.908,1.978,1685.09,1.228,1807.68,False,0.0384615,0,,,,,,,,0,0,1,0,0,0
681,31,FWD,1,5,6.2,0.3,0.286,0.00666667,0.004,22.3333,25.8,5.63333,5.82,59.6667,46.4,1,1.6,2.68328,1.294,1.12,1880.65,1.886,1835.06,False,0.837838,0.4,,,,,,,,0.3,1.33333,3.66667,0,0,0
682,31,DEF,39,2,1.6,0,0,0,0.0125,6.33333,5.4,0.366667,0.66,26,27,1.66667,2.2,2.50998,,,,,,False,0.380952,0.2,,0.2,0,,,,,,,,0,0,0
683,31,DEF,56,4.33333,3.2,0.0466667,0.028,0.01,0.022,16.3333,11.6,4.56667,4.14,90,87.8,16.6667,13.2,2.38747,1.132,1.79,1705.73,1.64,1866.62,False,0.780488,1,,0.2,0,,,,,,,,0,0,0
684,31,DEF,4,4.66667,5.6,0.36,0.316,0.05,0.068,10.6667,15.6,4.7,6.5,90,90,9.33333,9.6,4.219,1.604,1.64,1866.62,1.79,1705.73,False,1.09804,1,,0.2,0.2,,,,,,,,0,0,0
685,31,DEF,91,0,0,0,0,0,0,0,0,0,0,0,0,0,0,0,1.634,1.886,1835.06,1.12,1880.65,False,0,0,,0,0,,,,,,,,0,0,0
686,31,MID,14,1.66667,1.2,0.185,0.0925,0.115,0.1625,12.6667,9.2,4.5,3.18,34,23,2,1.4,1.09545,1.94,1.06,1949.06,0.924,1829.52,False,0.27907,0.2,,,,14.0667,21.3333,1,4,,,,0,0,0
687,31,MID,91,0,0,,,,,0,0,0,0,0,0,0,0,0,1.634,1.886,1835.06,1.12,1880.65,False,0,0,,,,0,0,,,,,,0,0,0
688,31,GKP,7,0,0,,,,,0,0,0,0,0,0,0,0,0,0.998,1.482,1929.21,1.214,1743.59,False,0,0,0,,,,,,,,,,0,0,0
689,31,MID,4,0,0,,,,,0,0,0,0,0,0,0,0,0,1.604,1.64,1866.62,1.79,1705.73,False,0,0,,,,0,0,,,,,,0,0,0
690,31,MID,31,0,0,,0,,0,0,0,0,0,0,0,0,0,0,,,,,,False,0,0,,,,0,0,,,,,,0,0,0
691,31,FWD,2,1.33333,1.2,0.6,0.545,0.00666667,0.015,2,3,3.63333,4.1,90,72,4.33333,4,1.09545,1.31,1.624,1780.19,1.194,1853.47,False,0.214286,0.8,,,,,,,,0.6,0.666667,4,1,0,0
692,31,DEF,14,0,0,,,,,0,0,0,0,0,0,0,0,0,1.94,1.06,1949.06,0.924,1829.52,False,0,0,,0,0,,,,,,,,0,0,0
693,31,MID,17,0.666667,1.6,0.00666667,0.028,0.01,0.066,4.66667,7,1.86667,3.86,33.3333,51,2.66667,3.4,1.34164,1.318,1.322,1784.7,2.034,1819.66,False,0.296296,0.6,,,,5.63333,9,0.333333,2,,,,0,0,0
694,31,DEF,56,0,0.6,,0.055,,0.065,0,3.8,0,1.34,0,20.2,0,1.6,0.894427,1.132,1.79,1705.73,1.64,1866.62,False,0.133333,0.4,,0,0,,,,,,,,0,0,0
695,31,DEF,39,4,3,0.035,0.0175,0.19,0.125,16.6667,12.4,4.86667,4.24,90,91.8,4.66667,5.2,2.34521,,,,,,False,0.681818,1,,0.2,0.2,,,,,,,,0,0,0
696,31,FWD,17,0,0,,,,,0,0,0,0,0,0,0,0,0,1.318,1.322,1784.7,2.034,1819.66,False,0,0,,,,,,,,,,,0,0,0
697,31,MID,91,1,3.2,0.02,0.162,0.02,0.02,4.33333,12,1.33333,3.02,18,39.6,2,4.2,3.89872,1.634,1.886,1835.06,1.12,1880.65,False,0.592593,0.4,,,,5.5,5.33333,0.333333,1.33333,,,,0,0,0
698,31,MID,2,0,1.2,,0.61,,0,0,4.2,0,1.08,0,7,0,0,2.68328,1.31,1.624,1780.19,1.194,1853.47,False,0.218182,0,,,,0,0,,,,,,0,0,0
699,31,MID,7,3,2.8,0.09,0.054,0.0466667,0.08,11.6667,15.2,4.4,4.46,43,59.6,3.66667,6.4,2.48998,0.998,1.482,1929.21,1.214,1743.59,False,0.571429,0.8,,,,14.7333,12.6667,0.666667,1.33333,,,,0,1,0
700,31,MID,3,2,1.2,0.485,0.485,0.01,0.01,8.66667,5.2,2.7,1.62,5.33333,3.2,1.33333,0.8,2.68328,,,,,,False,0.285714,0,,,,7.5,7,0.5,1,,,,0,0,0
701,31,DEF,7,0,0,,,,,0,0,0,0,0,0,0,0,0,0.998,1.482,1929.21,1.214,1743.59,False,0,0,,0,0,,,,,,,,0,0,0
702,31,MID,7,0,0,,,,,0,0,0,0,0,0,0,0,0,0.998,1.482,1929.21,1.214,1743.59,False,0,0,,,,0,0,,,,,,0,0,0
703,31,GKP,7,0,0,,,,,0,0,0,0,0,0,0,0,0,0.998,1.482,1929.21,1.214,1743.59,False,0,0,0,,,,,,,,,,0,0,0
704,31,MID,11,0,0,,,,,0,0,0,0,0,0,0,0,0,1.61,1.426,1831.61,1.122,1930.44,False,0,0,,,,0,0,,,,,,0,0,0
705,31,DEF,11,0,0,,,,,0,0,0,0,0,0,0,0,0,1.61,1.426,1831.61,1.122,1930.44,False,0,0,,0,0,,,,,,,,0,0,0
706,31,DEF,2,3.33333,2.4,0.0166667,0.012,0.04,0.026,13,10.6,2.4,2.2,83,85.8,7.33333,7.8,2.19089,1.31,1.624,1780.19,1.194,1853.47,False,0.615385,1,,0.2,0,,,,,,,,0,0,0
707,31,MID,11,0.333333,0.2,0,0,0,0,1,0.6,0,0,0.333333,0.2,0,0,0.447214,1.61,1.426,1831.61,1.122,1930.44,False,0.0377358,0,,,,0,0,0,0,,,,0,0,0
708,31,MID,21,1.66667,2.6,0.0166667,0.014,0.0266667,0.028,10.6667,14.6,1.13333,1.98,90,90,7,10.2,1.51658,1.574,1.214,1743.59,1.482,1929.21,False,0.472727,1,,,,2.7,3.33333,0.333333,0.333333,,,,0,0,0
709,31,DEF,39,1.33333,2.4,,0,,0.04,1.66667,6.4,1.16667,1.96,60,84,4.66667,9,4.15933,,,,,,False,0.533333,0.6,,0.2,0,,,,,,,,0,0,0
710,31,DEF,7,0,0,,,,,0,0,0,0,0,0,0,0,0,0.998,1.482,1929.21,1.214,1743.59,False,0,0,,0,0,,,,,,,,0,0,0
711,31,MID,3,0,0,,,,,0,0,0,0,0,0,0,0,0,,,,,,False,0,0,,,,0,0,,,,,,0,0,0
712,31,MID,31,0.666667,1.2,0.00666667,0.076,0.0133333,0.018,2.33333,5,0.233333,1.54,5,21.8,1,1.6,1.09545,,,,,,False,0.206897,0.2,,,,1.46667,0.666667,0,0,,,,0,0,1
713,31,DEF,91,3.66667,3.6,0.055,0.0275,0.31,0.1725,17,16.6,4.16667,3.66,69.6667,77.4,5,5.8,3.20936,1.634,1.886,1835.06,1.12,1880.65,False,0.8,0.8,,0.4,0,,,,,,,,0,0,0
714,31,FWD,4,1,1,0,0,0.005,0.005,3.66667,3.6,0.566667,0.76,40.3333,36.4,3.33333,3.2,0.707107,1.604,1.64,1866.62,1.79,1705.73,False,0.149254,0.6,,,,,,,,0,0,1,0,0,0
715,31,GKP,17,0,0,,,,,0,0,0,0,0,0,0,0,0,1.318,1.322,1784.7,2.034,1819.66,False,0,0,0,,,,,,,,,,0,0,0
716,31,DEF,17,0,0,,,,,0,0,0,0,0,0,0,0,0,1.318,1.322,1784.7,2.034,1819.66,False,0,0,,0,0,,,,,,,,0,0,0
717,31,MID,6,1,1.2,0.0733333,0.088,0.0866667,0.108,6.66667,7,2.66667,4.1,35.6667,57.4,3.33333,4.6,0.447214,1.25,2.034,1819.66,1.322,1784.7,False,0.184615,0.6,,,,14.9333,5.66667,0.333333,0.666667,,,,0,1,0
718,31,MID,21,0.666667,1.2,0,0.026,0.00333333,0.008,2.33333,3.8,0.633333,1.06,43.6667,45,5,4.6,1.09545,1.574,1.214,1743.59,1.482,1929.21,False,0.24,0.4,,,,1.23333,0,0,0,,,,0,0,0
719,31,DEF,7,0,0.2,0,0,0,0,0,0.6,0,0,0,1.2,0,0,0.447214,0.998,1.482,1929.21,1.214,1743.59,False,0.0444444,0,,0,0,,,,,,,,0,0,0
720,31,FWD,39,3.33333,2.8,0.285,0.4525,0.045,0.0275,16,11.8,4.2,4.96,18.3333,60.6,2.33333,4.4,2.16795,,,,,,False,0.528302,0.4,,,,,,,,0.285,0.5,1.5,0,0,0
721,31,DEF,91,0,0,0,0,0,0,0,0,0,0,0,0,0,0,0,1.634,1.886,1835.06,1.12,1880.65,False,0,0,,0,0,,,,,,,,0,0,0
722,31,MID,90,0.666667,0.6,0,0,0.00333333,0.002,5,4,0.866667,0.7,23.6667,14.8,3.33333,3,0.547723,0.908,1.978,1685.09,1.228,1807.68,False,0.12,0.2,,,,1.26667,0,0,0,,,,0,0,0
723,31,DEF,31,5.33333,4.2,0.06,0.185,0.0233333,0.0275,18,15.6,4.33333,3.2,86.3333,69.8,12.3333,8.8,4.20714,,,,,,False,0.933333,0.8,,0.4,0,,,,,,,,0,0,0
724,31,DEF,56,2.33333,1.8,0.02,0.026,0.0133333,0.038,6.33333,6.6,1.96667,2.34,78,64.4,6,5.4,1.30384,1.132,1.79,1705.73,1.64,1866.62,False,0.4,0.6,,0,0,,,,,,,,0,0,0
725,31,DEF,3,4.33333,6.4,0,0.066,0.0133333,0.118,13.3333,22.6,2.26667,6.2,65.3333,91.2,7.66667,10,5.77062,,,,,,False,1.2549,0.6,,0.2,0.6,,,,,,,,0,0,0
726,31,FWD,6,2,2.8,0.03,0.066,0.0666667,0.072,6.66667,10.8,2.3,3.16,38,40.2,5,5,2.68328,1.25,2.034,1819.66,1.322,1784.7,False,0.405797,0.6,,,,,,,,0.03,0,2.66667,0,0,0
727,31,MID,54,1.33333,1,0.02,0.025,0.1,0.1025,7,5,2.8,2.36,45.3333,39,4.66667,3.2,0.707107,1.472,1.228,1807.68,1.978,1685.09,False,0.188679,0.4,,,,12.4667,7.33333,0.333333,2,,,,0,0,0
728,31,MID,11,0.333333,0.2,0,0,0.0133333,0.008,1.33333,0.8,0.166667,0.1,1.33333,0.8,1,0.6,0.447214,1.61,1.426,1831.61,1.122,1930.44,False,0.04,0,,,,0.0333333,0,0,0,,,,0,0,0
729,31,DEF,17,0,0,,,,,0,0,0,0,0,0,0,0,0,1.318,1.322,1784.7,2.034,1819.66,False,0,0,,0,0,,,,,,,,0,0,0
730,31,FWD,56,0.666667,1,0.13,0.0766667,0,0.0633333,1,2,0.966667,1.26,25.6667,47.2,0.666667,1.4,1,1.132,1.79,1705.73,1.64,1866.62,False,0.188679,0.6,,,,,,,,0.13,0,5,0,0,0
731,31,MID,54,0,0.4,,0.075,,0.045,0,1.6,0,0.88,0,15,0,1.6,0.547723,1.472,1.228,1807.68,1.978,1685.09,False,0.0689655,0.2,,,,0,0,,,,,,0,0,0
732,31,FWD,31,0.333333,0.4,0.05,0.025,0,0,1.33333,1,0.266667,0.2,3,3.2,0.333333,0.2,0.547723,,,,,,False,0.0727273,0,,,,,,,,0.05,0,0.5,0,0,0
733,31,GKP,1,2,3.4,0,0,0,0,7.66667,12.4,1.63333,1.66,90,90,0,0,3.1305,1.294,1.12,1880.65,1.886,1835.06,False,0.666667,1,2,,,,,,,,,,0,0,0
734,31,MID,17,0.333333,0.4,0.03,0.0366667,0,0,0,0.4,0.166667,0.16,5.33333,8,0,0.6,0.547723,1.318,1.322,1784.7,2.034,1819.66,False,0.0677966,0,,,,0.266667,2,0,1,,,,0,0,0
735,31,MID,56,0.666667,0.4,0,0,0,0,1.33333,0.8,0,0,9,5.4,0,0,0.547723,1.132,1.79,1705.73,1.64,1866.62,False,0.0727273,0,,,,0.1,0,0,0,,,,0,0,0
736,31,GKP,43,2.66667,4,0,0,0,0,10.6667,16.4,1.23333,2.22,90,90,0,0,2.44949,,,,,,False,0.714286,1,1.33333,,,,,,,,,,0,0,0
737,31,FWD,54,0,0,,,,,0,0,0,0,0,0,0,0,0,1.472,1.228,1807.68,1.978,1685.09,False,0,0,,,,,,,,,,,0,0,0
738,31,GKP,21,0,0,,,,,0,0,0,0,0,0,0,0,0,1.574,1.214,1743.59,1.482,1929.21,False,0,0,0,,,,,,,,,,0,0,0
739,31,MID,43,0,0,,,,,0,0,0,0,0,0,0,0,0,,,,,,False,0,0,,,,0,0,,,,,,0,0,0
740,31,DEF,43,0,0,,,,,0,0,0,0,0,0,0,0,0,,,,,,False,0,0,,0,0,,,,,,,,0,0,0
741,31,FWD,2,0,0,,,,,0,0,0,0,0,0,0,0,0,1.31,1.624,1780.19,1.194,1853.47,False,0,0,,,,,,,,,,,0,0,0
742,31,MID,43,0,0,,,,,0,0,0,0,0,0,0,0,0,,,,,,False,0,0,,,,0,0,,,,,,0,0,0
743,31,MID,8,0,0,,,,,0,0,0,0,0,0,0,0,0,2.232,1.122,1930.44,1.426,1831.61,False,0,0,,,,0,0,,,,,,0,0,0
744,31,MID,36,0,0,,,,,0,0,0,0,0,0,0,0,0,1.08,0.924,1829.52,1.06,1949.06,False,0,0,,,,0,0,,,,,,0,0,0
745,31,DEF,6,0,0,,0,,0,0,0,0,0,0,0,0,0,0,1.25,2.034,1819.66,1.322,1784.7,False,0,0,,0,0,,,,,,,,0,0,0
746,31,MID,14,0,0,,0,,0,0,0,0,0,0,0,0,0,0,1.94,1.06,1949.06,0.924,1829.52,False,0,0,,,,0,0,,,,,,0,0,0
747,31,DEF,21,0.333333,0.2,0,0,0.025,0.0125,1,0.6,0.0666667,0.04,0.333333,0.2,0,0,0.447214,1.574,1.214,1743.59,1.482,1929.21,False,0.05,0,,0,0,,,,,,,,0,0,0
748,31,MID,94,0,0,,,,,0,0,0,0,0,0,0,0,0,1.664,1.194,1853.47,1.624,1780.19,False,0,0,,,,0,0,,,,,,0,0,0
749,31,FWD,39,1.66667,2.2,0.09,0.0933333,0.01,0.106667,4,8.2,1.26667,3.06,68,94.8,3.33333,8.2,1.09545,,,,,,False,0.5,0.8,,,,,,,,0.09,0,2,0,0,0
750,31,DEF,6,0.333333,0.2,,,,,1,0.6,0,0,0.333333,0.2,0,0,0.447214,1.25,2.034,1819.66,1.322,1784.7,False,0.05,0,,0,0,,,,,,,,0,0,0
751,31,MID,6,0,0,,,,,0,0,0,0,0,0,0,0,0,1.25,2.034,1819.66,1.322,1784.7,False,0,0,,,,0,0,,,,,,0,0,0
752,31,DEF,21,0,0,,,,,0,0,0,0,0,0,0,0,0,1.574,1.214,1743.59,1.482,1929.21,False,0,0,,0,0,,,,,,,,0,0,0
753,31,GKP,4,0,0,0,0,0,0,0,0,0,0,0,0,0,0,0,1.604,1.64,1866.62,1.79,1705.73,False,0,0,0,,,,,,,,,,0,0,0
754,31,MID,7,0,0,,,,,0,0,0,0,0,0,0,0,0,0.998,1.482,1929.21,1.214,1743.59,False,0,0,,,,0,0,,,,,,0,0,0
755,31,MID,1,0,0,,,,,0,0,0,0,0,0,0,0,0,1.294,1.12,1880.65,1.886,1835.06,False,0,0,,,,0,0,,,,,,0,0,0
756,31,MID,91,0,0,,,,,0,0,0,0,0,0,0,0,0,1.634,1.886,1835.06,1.12,1880.65,False,0,0,,,,0,0,,,,,,0,0,0
757,31,GKP,7,0,0,,,,,0,0,0,0,0,0,0,0,0,0.998,1.482,1929.21,1.214,1743.59,False,0,0,0,,,,,,,,,,0,0,0
758,31,MID,21,0.666667,0.6,0,0,0,0,1.66667,2.2,0.0333333,0.14,1,1.8,0.666667,1.4,0.547723,1.574,1.214,1743.59,1.482,1929.21,False,0.133333,0,,,,0.366667,0,0,0,,,,0,0,0
759,31,DEF,3,0,0,,,,,0,0,0,0,0,0,0,0,0,,,,,,False,0,0,,0,0,,,,,,,,0,0,0
760,31,DEF,14,0,0,,,,,0,0,0,0,0,0,0,0,0,1.94,1.06,1949.06,0.924,1829.52,False,0,0,,0,0,,,,,,,,0,0,0
761,31,DEF,36,0,0,,,,,0,0,0,0,0,0,0,0,0,1.08,0.924,1829.52,1.06,1949.06,False,0,0,,0,0,,,,,,,,0,0,0
762,31,MID,31,0,0,,,,,0,0,0,0,0,0,0,0,0,,,,,,False,0,0,,,,0,0,,,,,,0,0,0
763,31,MID,43,0,0,,,,,0,0,0,0,0,0,0,0,0,,,,,,False,0,0,,,,0,0,,,,,,0,0,0
764,31,MID,43,0,0,,,,,0,0,0,0,0,0,0,0,0,,,,,,False,0,0,,,,0,0,,,,,,0,0,0
765,31,DEF,4,0,0,,,,,0,0,0,0,0,0,0,0,0,1.604,1.64,1866.62,1.79,1705.73,False,0,0,,0,0,,,,,,,,0,0,0
766,31,DEF,39,0,0,,,,,0,0,0,0,0,0,0,0,0,,,,,,False,0,0,,0,0,,,,,,,,0,0,0
767,31,MID,39,0,0,,,,,0,0,0,0,0,0,0,0,0,,,,,,False,0,0,,,,0,0,,,,,,0,0,0
768,31,DEF,7,0,0,,,,,0,0,0,0,0,0,0,0,0,0.998,1.482,1929.21,1.214,1743.59,False,0,0,,0,0,,,,,,,,0,0,0
769,31,MID,1,0,0,,,,,0,0,0,0,0,0,0,0,0,1.294,1.12,1880.65,1.886,1835.06,False,0,0,,,,0,0,,,,,,0,0,0
770,31,MID,54,0,0,,,,,0,0,0,0,0,0,0,0,0,1.472,1.228,1807.68,1.978,1685.09,False,0,0,,,,0,0,,,,,,0,0,0
771,31,MID,1,0,0,,,,,0,0,0,0,0,0,0,0,0,1.294,1.12,1880.65,1.886,1835.06,False,0,0,,,,0,0,,,,,,0,0,0
772,31,MID,4,0,0,,,,,0,0,0,0,0,0,0,0,0,1.604,1.64,1866.62,1.79,1705.73,False,0,0,,,,0,0,,,,,,0,0,0
773,31,DEF,31,0,0,,,,,0,0,0,0,0,0,0,0,0,,,,,,False,0,0,,0,0,,,,,,,,0,0,0
774,31,DEF,56,0,0,,,,,0,0,0,0,0,0,0,0,0,1.132,1.79,1705.73,1.64,1866.62,False,0,0,,0,0,,,,,,,,0,0,0
775,31,MID,56,0,0,,,,,0,0,0,0,0,0,0,0,0,1.132,1.79,1705.73,1.64,1866.62,False,0,0,,,,0,0,,,,,,0,0,0
776,31,MID,90,0,0,,,,,0,0,0,0,0,0,0,0,0,0.908,1.978,1685.09,1.228,1807.68,False,0,0,,,,0,0,,,,,,0,0,0
777,31,MID,39,0,0,,,,,0,0,0,0,0,0,0,0,0,,,,,,False,0,0,,,,0,0,,,,,,0,0,0
778,31,MID,39,0,0,,,,,0,0,0,0,0,0,0,0,0,,,,,,False,0,0,,,,0,0,,,,,,0,0,0
779,31,FWD,11,0,0,,,,,0,0,0,0,0,0,0,0,0,1.61,1.426,1831.61,1.122,1930.44,False,0,0,,,,,,,,,,,0,0,0
780,31,FWD,31,0,0,,,,,0,0,0,0,0,0,0,0,0,,,,,,False,0,0,,,,,,,,,,,0,0,0
781,31,DEF,7,0,0,,,,,0,0,0,0,0,0,0,0,0,0.998,1.482,1929.21,1.214,1743.59,False,0,0,,0,0,,,,,,,,0,0,0
782,31,GKP,91,0,0,,,,,0,0,0,0,0,0,0,0,0,1.634,1.886,1835.06,1.12,1880.65,False,0,0,0,,,,,,,,,,0,0,0
783,31,MID,36,5,4,0.02,0.08,0.56,0.286667,25.3333,21,6.1,6.4,90,90,11.3333,8.6,2.54951,1.08,0.924,1829.52,1.06,1949.06,False,0.727273,1,,,,27.3667,9.33333,1,5,,,,0,1,0
784,31,MID,90,0,0,,,,,0,0,0,0,0,0,0,0,0,0.908,1.978,1685.09,1.228,1807.68,False,0,0,,,,0,0,,,,,,0,0,0
785,31,FWD,21,0.666667,0.4,0,0,0,0,2.66667,1.6,0.266667,0.16,21,12.6,1.33333,0.8,0.894427,1.574,1.214,1743.59,1.482,1929.21,False,0.0740741,0.2,,,,,,,,0,0,1,0,0,0
786,31,GKP,54,0,0,,,,,0,0,0,0,0,0,0,0,0,1.472,1.228,1807.68,1.978,1685.09,False,0,0,0,,,,,,,,,,0,0,0
787,31,MID,2,0,0,,,,,0,0,0,0,0,0,0,0,0,1.31,1.624,1780.19,1.194,1853.47,False,0,0,,,,0,0,,,,,,0,0,0
788,31,DEF,1,0,0,,,,,0,0,0,0,0,0,0,0,0,1.294,1.12,1880.65,1.886,1835.06,False,0,0,,0,0,,,,,,,,0,0,0
789,31,GKP,8,0,0,,,,,0,0,0,0,0,0,0,0,0,2.232,1.122,1930.44,1.426,1831.61,False,0,0,0,,,,,,,,,,0,0,0
790,31,MID,6,0,0,,,,,0,0,0,0,0,0,0,0,0,1.25,2.034,1819.66,1.322,1784.7,False,0,0,,,,0,0,,,,,,0,0,0
791,31,FWD,21,3.66667,3,0.29,0.193333,0.03,0.09,15.6667,11,5.56667,4.28,83.6667,81.8,2.33333,3,2.23607,1.574,1.214,1743.59,1.482,1929.21,False,0.545455,1,,,,,,,,0.29,1,2,0,0,0
792,31,MID,7,0.666667,0.6,,,,,2.33333,2.2,0.333333,0.3,10.3333,9.4,1,0.8,0.547723,0.998,1.482,1929.21,1.214,1743.59,False,0.12,0,,,,1,2,,,,,,0,0,0
793,31,DEF,31,0,0,,,,,0,0,0,0,0,0,0,0,0,,,,,,False,0,0,,0,0,,,,,,,,0,0,0
794,31,DEF,43,0,0,,0,,0,0,0,0,0,0,0,0,0,0,,,,,,False,0,0,,0,0,,,,,,,,0,0,0
795,31,MID,36,0.333333,0.4,,,,,0.666667,1,0.133333,0.16,4.33333,4.4,1,0.8,0.547723,1.08,0.924,1829.52,1.06,1949.06,False,0.0888889,0,,,,0.233333,0,,,,,,0,0,0
796,31,MID,6,0.666667,1.2,0,0,0.015,0.015,1.66667,5.4,0.4,1.18,34.6667,46.8,2.66667,3.8,0.83666,1.25,2.034,1819.66,1.322,1784.7,False,0.235294,0.6,,,,1.16667,1.33333,0,1,,,,0,0,0
797,31,FWD,94,0,0,,,,,0,0,0,0,0,0,0,0,0,1.664,1.194,1853.47,1.624,1780.19,False,0,0,,,,,,,,,,,0,0,0
798,31,DEF,31,0,0,,,,,0,0,0,0,0,0,0,0,0,,,,,,False,0,0,,0,0,,,,,,,,0,0,0
799,31,MID,91,0,0,,,,,0,0,0,0,0,0,0,0,0,1.634,1.886,1835.06,1.12,1880.65,False,0,0,,,,0,0,,,,,,0,0,0
800,31,MID,56,0,0.2,,,,,0,0.8,0,0.2,0,7.6,0,0.6,0.447214,1.132,1.79,1705.73,1.64,1866.62,False,0.04,0.2,,,,0,0,,,,,,0,1,0
801,31,MID,91,0,0.2,0,0,0.085,0.0625,0,0.6,0.533333,0.96,1.66667,12.4,0,0.6,0.447214,1.634,1.886,1835.06,1.12,1880.65,False,0.0408163,0.2,,,,3.43333,2,0,1.5,,,,0,0,0
802,31,MID,21,0,0,,,,,0,0,0,0,0,0,0,0,0,1.574,1.214,1743.59,1.482,1929.21,False,0,0,,,,0,0,,,,,,0,0,0
803,31,GKP,8,0,0,,,,,0,0,0,0,0,0,0,0,0,2.232,1.122,1930.44,1.426,1831.61,False,0,0,0,,,,,,,,,,0,0,0
804,31,DEF,6,0.666667,0.4,,,,,-0.333333,-0.2,1.53333,0.92,35.6667,21.4,1.33333,0.8,0.547723,1.25,2.034,1819.66,1.322,1784.7,False,0.1,0.4,,0,0,,,,,,,,0,0,0
805,31,FWD,17,0,0.6,,,,,0,1.4,0,0.54,0,16.6,0,1,0.894427,1.318,1.322,1784.7,2.034,1819.66,False,0.109091,0.2,,,,,,,,,,,0,0,0
806,31,GKP,91,0,0,,,,,0,0,0,0,0,0,0,0,0,1.634,1.886,1835.06,1.12,1880.65,False,0,0,0,,,,,,,,,,0,0,0
807,31,MID,91,2.66667,3.4,0.03,0.146,0.0866667,0.09,10.3333,12.4,3.1,4.7,83,85.8,6.33333,5.8,1.51658,1.634,1.886,1835.06,1.12,1880.65,False,0.618182,1,,,,15.0333,8.66667,0,3.33333,,,,0,0,0
808,31,FWD,7,1,2.2,0.116667,0.12,0.0933333,0.056,3.66667,8.6,2.13333,2.84,23,19.8,1.33333,1.2,2.68328,0.998,1.482,1929.21,1.214,1743.59,False,0.372881,0,,,,,,,,0.116667,0,2.66667,0,0,0
809,31,MID,39,0,0,,,,,0,0,0,0,0,0,0,0,0,,,,,,False,0,0,,,,0,0,,,,,,0,0,0
810,31,MID,94,0,0,,,,,0,0,0,0,0,0,0,0,0,1.664,1.194,1853.47,1.624,1780.19,False,0,0,,,,0,0,,,,,,0,0,0
811,31,MID,6,0,0,,,,,0,0,0,0,0,0,0,0,0,1.25,2.034,1819.66,1.322,1784.7,False,0,0,,,,0,0,,,,,,0,0,0
812,31,GKP,56,4.33333,2.6,,,,,16.3333,9.8,1.76667,1.06,60,36,0,0,4.3359,1.132,1.79,1705.73,1.64,1866.62,False,0.65,0.4,2.33333,,,,,,,,,,0,0,0
813,31,MID,56,1.33333,1.6,,,,,5.33333,4.4,0.833333,2.18,33.6667,49.8,5.66667,4.6,1.14018,1.132,1.79,1705.73,1.64,1866.62,False,0.32,0.6,,,,0.266667,1.33333,,,,,,0,0,0
814,31,DEF,17,0.333333,0.2,,,,,1.66667,1,0.233333,0.14,11.3333,6.8,0.333333,0.2,0.447214,1.318,1.322,1784.7,2.034,1819.66,False,0.0444444,0,,0,0,,,,,,,,0,0,0
815,31,DEF,21,2,2.8,,,,,8.33333,10.8,1.53333,2.48,90,90,5.33333,5.6,3.34664,1.574,1.214,1743.59,1.482,1929.21,False,0.622222,1,,0.4,0,,,,,,,,0,0,0
816,31,MID,39,0.666667,1.4,,,,,2,5.4,0.5,1.1,35,40.8,2.66667,3,1.51658,,,,,,False,0.297872,0.2,,,,3.2,0.333333,,,,,,0,0,0
817,31,FWD,39,3.33333,3.2,,,,,14.6667,13,3,3.08,78.3333,95.4,4.33333,4.8,1.64317,,,,,,False,0.615385,0.8,,,,,,,,,,,0,0,0
818,31,FWD,6,0,0,,,,,0,0,0,0,0,0,0,0,0,1.25,2.034,1819.66,1.322,1784.7,False,0,0,,,,,,,,,,,0,0,0
819,31,DEF,94,0,0,,,,,0,0,0,0,0,0,0,0,0,1.664,1.194,1853.47,1.624,1780.19,False,0,0,,0,0,,,,,,,,0,0,0
820,31,MID,90,0,0,,,,,0,0,0,0,0,0,0,0,0,0.908,1.978,1685.09,1.228,1807.68,False,0,0,,,,0,0,,,,,,0,0,0
821,31,MID,56,0,0,,,,,0,0,0,0,0,0,0,0,,1.132,1.79,1705.73,1.64,1866.62,False,0,0,,,,0,0,,,,,,0,0,0
822,31,MID,56,0,0,,,,,0,0,0,0,0,0,0,0,,1.132,1.79,1705.73,1.64,1866.62,False,0,0,,,,0,0,,,,,,0,0,0
823,31,DEF,94,,,,,,,,,,,,,,,,1.664,1.194,1853.47,1.624,1780.19,False,,,,,,,,,,,,,0,0,0
824,31,DEF,94,,,,,,,,,,,,,,,,1.664,1.194,1853.47,1.624,1780.19,False,,,,,,,,,,,,,0,0,0
825,31,GKP,21,,,,,,,,,,,,,,,,1.574,1.214,1743.59,1.482,1929.21,False,,,,,,,,,,,,,0,0,0
