id,status,chance_of_playing_next_round,chance_of_playing_this_round,now_cost,now_cost_rank,now_cost_rank_type,cost_change_event,cost_change_event_fall,cost_change_start,cost_change_start_fall,selected_by_percent,selected_rank,selected_rank_type,total_points,event_points,points_per_game,points_per_game_rank,points_per_game_rank_type,bonus,bps,form,form_rank,form_rank_type,value_form,value_season,dreamteam_count,transfers_in,transfers_in_event,transfers_out,transfers_out_event,ep_next,ep_this,expected_goals,expected_assists,expected_goal_involvements,expected_goals_conceded,expected_goals_per_90,expected_assists_per_90,expected_goal_involvements_per_90,expected_goals_conceded_per_90,influence,influence_rank,influence_rank_type,creativity,creativity_rank,creativity_rank_type,threat,threat_rank,threat_rank_type,ict_index,ict_index_rank,ict_index_rank_type,corners_and_indirect_freekicks_order,direct_freekicks_order,penalties_order,gw,set_piece_threat,first_name,second_name,web_name,news,news_added,minutes,goals_scored,assists,clean_sheets,goals_conceded,own_goals,penalties_saved,penalties_missed,yellow_cards,red_cards,saves,starts,defensive_contribution,corners_and_indirect_freekicks_text,direct_freekicks_text,penalties_text,saves_per_90,clean_sheets_per_90,goals_conceded_per_90,starts_per_90,defensive_contribution_per_90,tackles,clearances_blocks_interceptions,recoveries
420,u,0.0,0.0,6.3,63,41.0,0,0.0,-2,2.0,0.1,564,208.0,0,0,0.0,822.0,368.0,0,0,0.0,815.0,363.0,0.0,0.0,0.0,1928,0,19907,1,0.0,0.0,0.0,0.0,0.0,0.0,0.0,0.0,0.0,0.0,0.0,822.0,368.0,0.0,822.0,368.0,0.0,822.0,368.0,0.0,822.0,368.0,,,,35,,İlkay,Gündoğan,Gündoğan,has joined Galatasaray permanently.,,0,0,0,0,0,0,0,0,0,0,0,0,0,,,,0.0,0.0,0.0,0.0,0.0,0,0,0
805,a,,,5.4,169,40.0,0,0.0,-1,1.0,0.0,718,90.0,8,0,2.7,241.0,24.0,0,34,0.0,790.0,85.0,0.0,1.5,0.0,6079,4,4630,6,0.0,0.0,0.72,0.01,0.73,1.87,0.54,0.01,0.55,1.41,37.2,434.0,51.0,12.7,422.0,55.0,31.0,369.0,56.0,7.9,435.0,55.0,,,,35,,Lorenzo,Lucca,Lucca,,,119,1,0,1,1,0,0,0,0,0,0,1,5,,,,0.0,0.76,0.76,0.76,3.78,0,4,1
814,a,,,4.5,443,91.0,0,0.0,0,0.0,0.0,770,260.0,3,0,1.0,482.0,172.0,0,13,0.2,335.0,113.0,0.0,0.7,0.0,563,1,282,1,0.2,0.2,0.0,0.38,0.38,0.36,0.0,0.48,0.48,0.46,17.0,459.0,167.0,2.0,466.0,170.0,4.0,441.0,166.0,2.3,475.0,170.0,,,,35,,Luca,Netz,Netz,,,71,0,0,0,0,0,0,0,0,0,0,0,5,,,,0.0,0.0,0.0,0.0,6.34,1,4,5
670,a,100.0,100.0,4.8,370,15.0,0,0.0,3,-3.0,8.5,48,9.0,123,1,3.8,78.0,8.0,12,509,3.2,75.0,7.0,0.7,25.6,0.0,2360424,233,1474356,1886,2.7,3.7,0.0,0.1,0.1,45.78,0.0,0.0,0.0,1.47,791.2,15.0,4.0,40.0,371.0,2.0,0.0,764.0,88.0,83.0,166.0,3.0,,,,35,,Robin,Roefs,Roefs,,,2813,0,0,9,43,0,1,0,3,0,97,32,110,,,,3.11,0.29,1.38,1.03,0.0,0,33,302
818,a,,,4.5,504,71.0,0,0.0,0,0.0,0.0,630,84.0,0,0,0.0,755.0,82.0,0,0,0.0,675.0,71.0,0.0,0.0,0.0,4965,19,2297,9,0.0,0.0,0.0,0.0,0.0,0.0,0.0,0.0,0.0,0.0,0.0,754.0,82.0,0.0,747.0,81.0,0.0,734.0,81.0,0.0,754.0,82.0,,,,35,,James,Wilson,Wilson,,,0,0,0,0,0,0,0,0,0,0,0,0,0,,,,0.0,0.0,0.0,0.0,0.0,0,0,0
421,d,75.0,75.0,6.3,66,43.0,0,0.0,-2,2.0,0.5,275,96.0,62,0,3.1,192.0,75.0,5,323,1.2,220.0,100.0,0.2,9.8,0.0,72304,3,111955,105,2.5,1.3,0.79,2.33,3.12,18.75,0.05,0.15,0.2,1.19,341.8,195.0,78.0,392.5,76.0,60.0,102.0,271.0,147.0,83.8,164.0,86.0,,,,35,,Rodrigo 'Rodri',Hernandez Cascante,Rodrigo,Groin Injury - 75% chance of playing,,1420,1,0,5,14,0,0,0,2,0,0,16,194,,,,0.0,0.32,0.89,1.01,12.3,40,55,99
422,a,100.0,100.0,5.8,103,67.0,0,0.0,-2,2.0,0.0,676,272.0,2,0,1.0,508.0,236.0,0,7,0.2,356.0,165.0,0.0,0.3,0.0,2708,3,3512,3,1.4,0.7,0.0,0.03,0.03,0.62,0.0,0.21,0.21,4.29,4.4,484.0,219.0,3.6,456.0,218.0,0.0,817.0,364.0,0.8,494.0,226.0,,,,35,,Mateo,Kovačić,Kovačić,,,13,0,0,0,0,0,0,0,0,0,0,0,0,,,,0.0,0.0,0.0,0.0,0.0,0,0,0
423,a,100.0,100.0,5.9,97,63.0,0,0.0,-1,1.0,0.1,474,165.0,57,0,2.5,276.0,115.0,1,305,0.5,314.0,145.0,0.1,9.7,0.0,28447,12,31740,6,2.0,1.0,0.58,1.02,1.6,16.97,0.04,0.07,0.11,1.09,285.8,232.0,99.0,200.9,187.0,122.0,65.0,317.0,166.0,55.1,266.0,134.0,,,,35,,Nico,González Iglesias,N.Gonzalez,,,1397,1,0,7,14,0,0,0,6,0,0,15,187,,,,0.0,0.45,0.9,0.97,12.05,38,68,81
425,u,0.0,0.0,5.4,179,113.0,0,0.0,-1,1.0,0.0,749,317.0,0,0,0.0,816.0,363.0,0,0,0.0,795.0,352.0,0.0,0.0,0.0,194,0,3239,0,0.0,0.0,0.0,0.0,0.0,0.0,0.0,0.0,0.0,0.0,0.0,815.0,362.0,0.0,814.0,362.0,0.0,812.0,361.0,0.0,815.0,362.0,,,,35,,Claudio,Echeverri,Echeverri,has joined Girona on loan for the rest of the season.,,0,0,0,0,0,0,0,0,0,0,0,0,0,,,,0.0,0.0,0.0,0.0,0.0,0,0,0
427,a,,,5.0,258,157.0,0,0.0,-5,5.0,9.0,43,15.0,86,0,3.3,150.0,62.0,6,325,0.0,748.0,319.0,0.0,17.2,0.0,3560019,80,5022282,364,1.0,0.5,3.96,2.27,6.23,17.28,0.24,0.14,0.38,1.05,339.4,196.0,79.0,340.0,101.0,72.0,394.0,68.0,41.0,106.5,105.0,61.0,4.0,3.0,,35,,Tijjani,Reijnders,Reijnders,,,1488,5,2,7,16,0,0,0,2,0,0,17,95,,,,0.0,0.42,0.97,1.03,5.75,10,31,54
428,a,100.0,100.0,5.0,279,172.0,0,0.0,0,0.0,0.0,712,291.0,0,0,0.0,803.0,354.0,0,0,0.0,759.0,328.0,0.0,0.0,0.0,283,0,2668,1,1.0,0.5,0.0,0.0,0.0,0.0,0.0,0.0,0.0,0.0,0.0,802.0,353.0,0.0,800.0,353.0,0.0,795.0,351.0,0.0,802.0,353.0,,,,35,,Sverre,Nypan,Nypan,,,0,0,0,0,0,0,0,0,0,0,0,0,0,,,,0.0,0.0,0.0,0.0,0.0,0,0,0
429,u,0.0,0.0,4.7,378,236.0,0,0.0,-3,3.0,0.1,567,211.0,0,0,0.0,770.0,330.0,0,0,0.0,696.0,281.0,0.0,0.0,0.0,4052,0,8552,0,0.0,0.0,0.0,0.0,0.0,0.0,0.0,0.0,0.0,0.0,0.0,769.0,329.0,0.0,764.0,329.0,0.0,753.0,326.0,0.0,769.0,329.0,,,,35,,Kalvin,Phillips,Phillips,has joined Sheffield United on loan for the rest of the season.,,0,0,0,0,0,0,0,0,0,0,0,0,0,,,,0.0,0.0,0.0,0.0,0.0,0,0,0
430,a,100.0,100.0,14.6,1,1.0,0,0.0,6,-6.0,61.4,1,1.0,212,0,6.6,4.0,1.0,37,845,3.8,63.0,11.0,0.3,14.5,0.0,8250319,21706,4199965,268,8.6,4.3,23.52,2.05,25.57,33.6,0.79,0.07,0.86,1.13,1045.0,2.0,1.0,282.5,140.0,10.0,1350.0,1.0,1.0,267.9,2.0,1.0,,,1.0,35,,Erling,Haaland,Haaland,,,2683,24,7,12,28,0,0,1,2,0,0,31,98,,,,0.0,0.4,0.94,1.04,3.29,15,45,38
736,a,,,5.6,125,3.0,0,0.0,1,-1.0,9.2,40,6.0,119,0,4.0,62.0,5.0,3,506,3.8,57.0,5.0,0.7,21.2,0.0,2268496,2662,1493958,1165,8.6,4.3,0.0,0.0,0.0,32.82,0.0,0.0,0.0,1.09,589.8,61.0,12.0,0.0,818.0,96.0,0.0,816.0,95.0,59.1,247.0,12.0,,,,35,,Gianluigi,Donnarumma,Donnarumma,,,2700,0,0,13,25,0,1,0,6,0,69,30,55,,,,2.3,0.43,0.83,1.0,0.0,0,38,207
739,u,0.0,0.0,4.4,571,343.0,0,0.0,-1,1.0,0.0,698,282.0,2,0,1.0,480.0,213.0,0,5,0.0,591.0,204.0,0.0,0.5,0.0,3500,0,3336,0,0.0,0.0,0.0,0.21,0.21,0.34,0.0,0.76,0.76,1.22,4.2,485.0,220.0,28.3,391.0,196.0,4.0,440.0,214.0,3.7,464.0,208.0,,,,35,,Divine,Mukasa,Mukasa,has joined Leicester City on loan for the rest of the season.,,25,0,0,0,0,0,0,0,0,0,0,0,1,,,,0.0,0.0,0.0,0.0,3.6,0,0,1
740,u,0.0,0.0,3.9,785,228.0,0,0.0,-1,1.0,0.0,626,224.0,0,0,0.0,574.0,207.0,0,0,0.0,425.0,159.0,0.0,0.0,0.0,3208,0,4004,1,0.0,0.0,0.0,0.0,0.0,0.0,0.0,0.0,0.0,0.0,0.0,563.0,206.0,0.0,551.0,206.0,0.0,519.0,201.0,0.0,565.0,206.0,,,,35,,Stephen,Mfuni,Mfuni,has joined Watford on loan for the rest of the season.,,0,0,0,0,0,0,0,0,0,0,0,0,0,,,,0.0,0.0,0.0,0.0,0.0,0,0,0
742,a,,,4.5,505,313.0,0,0.0,0,0.0,0.0,737,308.0,0,0,0.0,756.0,319.0,0,0,0.0,676.0,267.0,0.0,0.0,0.0,1645,0,1416,2,1.0,0.5,0.0,0.0,0.0,0.0,0.0,0.0,0.0,0.0,0.0,755.0,318.0,0.0,748.0,318.0,0.0,735.0,314.0,0.0,755.0,318.0,,,,35,,Ryan,McAidoo,McAidoo,,,0,0,0,0,0,0,0,0,0,0,0,0,0,,,,0.0,0.0,0.0,0.0,0.0,0,0,0
763,a,,,4.5,457,274.0,0,0.0,0,0.0,0.0,781,338.0,0,0,0.0,721.0,291.0,0,0,0.0,631.0,230.0,0.0,0.0,0.0,524,4,409,0,1.0,0.5,0.0,0.0,0.0,0.0,0.0,0.0,0.0,0.0,0.0,716.0,286.0,0.0,711.0,288.0,0.0,695.0,281.0,0.0,717.0,287.0,,,,35,,Charlie,Gray,Gray,,,0,0,0,0,0,0,0,0,0,0,0,0,0,,,,0.0,0.0,0.0,0.0,0.0,0,0,0
764,a,,,4.5,488,299.0,0,0.0,0,0.0,0.0,794,348.0,0,0,0.0,742.0,308.0,0,0,0.0,659.0,253.0,0.0,0.0,0.0,305,0,243,1,1.0,0.5,0.0,0.0,0.0,0.0,0.0,0.0,0.0,0.0,0.0,740.0,306.0,0.0,733.0,306.0,0.0,720.0,302.0,0.0,740.0,306.0,,,,35,,Reigan,Heskey,Heskey,,,0,0,0,0,0,0,0,0,0,0,0,0,0,,,,0.0,0.0,0.0,0.0,0.0,0,0,0
794,a,100.0,100.0,3.9,778,225.0,0,0.0,-6,6.0,0.0,745,256.0,5,0,2.5,266.0,101.0,0,27,0.0,418.0,156.0,0.0,1.3,0.0,5381,1,4977,5,1.0,0.5,0.26,0.06,0.32,1.54,0.17,0.04,0.21,1.03,34.0,437.0,161.0,14.8,414.0,152.0,26.0,375.0,128.0,7.5,437.0,157.0,,,,35,,Max,Alleyne,Alleyne,,,135,0,0,0,1,0,0,0,0,0,0,2,11,,,,0.0,0.0,0.67,1.33,7.33,3,8,4
119,a,100.0,100.0,8.4,11,6.0,0,0.0,4,-4.0,16.1,19,6.0,129,0,4.4,37.0,17.0,15,465,1.8,180.0,80.0,0.2,15.4,0.0,7283026,894,7089093,4598,2.3,1.8,8.04,4.53,12.57,32.92,0.31,0.17,0.48,1.25,555.6,77.0,24.0,739.2,12.0,12.0,769.0,10.0,4.0,206.4,10.0,7.0,2.0,2.0,,35,,Bryan,Mbeumo,Mbeumo,,,2370,9,3,7,33,0,0,0,4,0,0,28,127,,,,0.0,0.27,1.25,1.06,4.82,24,22,81
431,a,,,4.7,387,18.0,0,0.0,-3,3.0,0.3,319,44.0,11,0,1.8,373.0,35.0,0,49,0.0,699.0,93.0,0.0,2.3,0.0,38394,15,64005,7,0.5,0.0,0.0,0.05,0.05,9.24,0.0,0.01,0.01,1.54,118.4,361.0,26.0,10.0,435.0,13.0,0.0,756.0,84.0,12.8,412.0,26.0,,,,35,,Altay,Bayındır,Bayindir,,,540,0,0,0,11,0,0,0,0,0,13,6,46,,,,2.17,0.0,1.83,1.0,0.0,0,7,39
432,u,0.0,0.0,4.9,300,11.0,0,0.0,-1,1.0,0.1,432,62.0,0,0,0.0,779.0,95.0,0,0,0.0,717.0,94.0,0.0,0.0,0.0,5156,0,26643,1,0.0,0.0,0.0,0.0,0.0,0.0,0.0,0.0,0.0,0.0,0.0,778.0,95.0,0.0,774.0,92.0,0.0,770.0,90.0,0.0,778.0,95.0,,,,35,,André,Onana,Onana,has joined Trabzonspor on loan for the rest of the season.,,0,0,0,0,0,0,0,0,0,0,0,0,0,,,,0.0,0.0,0.0,0.0,0.0,0,0,0
433,u,0.0,0.0,4.0,730,67.0,0,0.0,0,0.0,0.0,817,96.0,0,0,0.0,629.0,87.0,0,0,0.0,490.0,78.0,0.0,0.0,0.0,0,0,255,0,0.0,0.0,0.0,0.0,0.0,0.0,0.0,0.0,0.0,0.0,0.0,619.0,87.0,0.0,612.0,76.0,0.0,582.0,62.0,0.0,621.0,87.0,,,,35,,Elyh,Harrison,Harrison,On loan to Shrewsbury Town,,0,0,0,0,0,0,0,0,0,0,0,0,0,,,,0.0,0.0,0.0,0.0,0.0,0,0,0
434,a,,,3.8,792,93.0,0,0.0,-2,2.0,0.4,282,36.0,0,0,0.0,531.0,39.0,0,0,0.0,370.0,25.0,0.0,0.0,0.0,43899,274,31179,65,0.5,0.0,0.0,0.0,0.0,0.0,0.0,0.0,0.0,0.0,0.0,520.0,39.0,0.0,502.0,18.0,0.0,469.0,4.0,0.0,522.0,39.0,,,,35,,Tom,Heaton,Heaton,,,0,0,0,0,0,0,0,0,0,0,0,0,0,,,,0.0,0.0,0.0,0.0,0.0,0,0,0
435,a,,,3.9,769,82.0,0,0.0,-1,1.0,0.1,490,73.0,0,0,0.0,561.0,53.0,0,0,0.0,411.0,41.0,0.0,0.0,0.0,5706,2,9287,3,0.5,0.0,0.0,0.0,0.0,0.0,0.0,0.0,0.0,0.0,0.0,550.0,53.0,0.0,537.0,36.0,0.0,505.0,22.0,0.0,552.0,53.0,,,,35,,Dermot,Mee,Mee,,,0,0,0,0,0,0,0,0,0,0,0,0,0,,,,0.0,0.0,0.0,0.0,0.0,0,0,0
436,i,0.0,0.0,4.9,305,48.0,0,0.0,-1,1.0,1.8,147,59.0,43,0,3.3,148.0,56.0,5,169,0.0,720.0,253.0,0.0,8.8,0.0,419800,1,551951,34,0.0,0.0,1.38,0.83,2.21,18.73,0.11,0.06,0.17,1.44,276.6,240.0,95.0,60.2,342.0,116.0,122.0,249.0,67.0,45.7,298.0,100.0,,,,35,,Matthijs,de Ligt,De Ligt,Back injury - Unknown return date,,1170,1,0,1,20,0,0,0,0,0,0,13,139,,,,0.0,0.08,1.54,1.0,8.23,19,88,40
437,s,0.0,0.0,4.8,357,61.0,0,0.0,-2,2.0,0.4,287,108.0,36,0,2.4,283.0,107.0,3,169,-0.8,830.0,268.0,-0.2,7.5,0.0,170057,2,155048,82,0.0,0.0,0.06,0.56,0.62,11.3,0.01,0.05,0.06,1.06,232.4,264.0,107.0,80.6,311.0,101.0,10.0,420.0,158.0,32.5,344.0,115.0,,,,35,,Lisandro,Martínez,Martinez,Suspended until 09 May,,959,0,0,3,13,1,0,0,0,1,0,10,80,,,,0.0,0.28,1.22,0.94,7.51,13,67,57
438,a,100.0,100.0,4.9,312,51.0,0,0.0,-1,1.0,0.2,360,131.0,36,0,2.0,343.0,126.0,3,170,2.0,149.0,56.0,0.4,7.3,0.0,41741,31,58585,27,2.5,2.0,0.19,0.31,0.49,11.26,0.02,0.03,0.05,1.24,168.0,318.0,122.0,73.8,316.0,104.0,33.0,363.0,122.0,27.4,366.0,126.0,,,,35,,Noussair,Mazraoui,Mazraoui,,,814,0,0,3,10,0,0,0,3,0,0,9,91,,,,0.0,0.33,1.11,1.0,8.73,23,56,36
439,a,,,4.1,663,161.0,0,0.0,-4,4.0,0.1,570,202.0,0,0,0.0,644.0,250.0,0,0,0.0,512.0,216.0,0.0,0.0,0.0,3587,2,8816,0,0.5,0.0,0.0,0.0,0.0,0.0,0.0,0.0,0.0,0.0,0.0,634.0,250.0,0.0,628.0,250.0,0.0,599.0,248.0,0.0,636.0,250.0,,,,35,,Diego,León Blanco,D.Leon,,,0,0,0,0,0,0,0,0,0,0,0,0,0,,,,0.0,0.0,0.0,0.0,0.0,0,0,0
440,a,100.0,100.0,4.5,421,82.0,-1,1.0,0,0.0,4.2,93,30.0,109,0,3.4,132.0,49.0,9,404,2.8,93.0,38.0,0.6,24.2,0.0,1158282,291,880132,876,3.3,2.8,1.57,2.4,3.97,33.8,0.06,0.09,0.15,1.25,504.2,103.0,45.0,424.8,66.0,12.0,192.0,170.0,39.0,112.1,94.0,23.0,,,,35,,Diogo,Dalot Teixeira,Dalot,,,2429,1,6,7,36,0,0,0,5,0,0,27,189,,,,0.0,0.26,1.33,1.0,6.22,48,120,124
441,a,100.0,100.0,4.1,661,159.0,0,0.0,-4,4.0,2.3,130,52.0,74,0,3.4,130.0,47.0,8,261,0.0,511.0,215.0,0.0,18.0,0.0,1777249,193,2237511,113,0.5,0.0,1.86,1.42,3.28,18.78,0.13,0.1,0.23,1.27,402.4,159.0,70.0,354.1,93.0,22.0,262.0,116.0,20.0,101.9,113.0,30.0,,,,35,,Patrick,Dorgu,Dorgu,,,1329,3,3,3,20,0,0,0,5,0,0,14,117,,,,0.0,0.2,1.35,0.95,6.43,47,48,72
442,a,100.0,100.0,4.4,526,102.0,0,0.0,-1,1.0,1.3,174,67.0,70,0,3.7,86.0,32.0,3,236,1.8,161.0,59.0,0.4,15.9,0.0,329949,280,276095,138,2.3,1.8,0.92,0.39,1.31,18.14,0.06,0.03,0.09,1.27,294.6,225.0,89.0,48.8,359.0,127.0,168.0,193.0,47.0,51.4,278.0,89.0,,,,35,,Harry,Maguire,Maguire,,,1289,1,2,5,16,0,0,0,3,1,0,15,121,,,,0.0,0.35,1.12,1.05,7.68,14,96,48
443,d,75.0,75.0,4.5,412,76.0,0,0.0,0,0.0,0.8,210,84.0,93,0,2.7,235.0,93.0,3,376,4.0,40.0,22.0,0.9,20.7,0.0,216602,16,158974,534,3.4,3.0,0.6,1.55,2.14,40.32,0.02,0.05,0.07,1.26,474.8,116.0,52.0,290.7,130.0,33.0,75.0,302.0,91.0,84.2,161.0,53.0,,,,35,,Luke,Shaw,Shaw,Knock - 75% chance of playing,,2869,0,1,8,41,0,0,0,7,0,0,34,226,,,,0.0,0.25,1.29,1.07,6.12,68,127,95
444,a,100.0,100.0,4.1,660,158.0,0,0.0,-4,4.0,1.2,177,68.0,54,0,1.8,365.0,134.0,1,183,1.0,228.0,78.0,0.2,13.2,0.0,227943,23,321192,72,1.5,1.0,1.34,0.59,1.93,26.52,0.07,0.03,0.1,1.39,319.0,208.0,80.0,82.8,309.0,99.0,124.0,247.0,65.0,52.4,273.0,87.0,,,,35,,Leny,Yoro,Yoro,,,1713,0,1,2,33,0,0,0,1,0,0,18,174,,,,0.0,0.11,1.73,0.95,7.99,29,123,73
445,u,0.0,0.0,4.0,727,195.0,0,0.0,0,0.0,0.1,548,193.0,0,0,0.0,626.0,234.0,0,0,0.0,487.0,193.0,0.0,0.0,0.0,1160,0,14598,2,0.0,0.0,0.0,0.0,0.0,0.0,0.0,0.0,0.0,0.0,0.0,616.0,234.0,0.0,609.0,234.0,0.0,579.0,231.0,0.0,618.0,234.0,,,,35,,Harry,Amass,Amass,has joined Norwich City on loan for the rest of the season.,,0,0,0,0,0,0,0,0,0,0,0,0,0,,,,0.0,0.0,0.0,0.0,0.0,0,0,0
446,a,,,3.7,826,264.0,0,0.0,-3,3.0,0.2,416,154.0,1,0,1.0,456.0,163.0,0,4,0.0,367.0,126.0,0.0,0.3,0.0,13845,15,16537,12,0.5,0.0,0.0,0.0,0.0,0.3,0.0,0.0,0.0,13.5,4.0,486.0,173.0,0.0,499.0,182.0,0.0,466.0,176.0,0.4,502.0,176.0,,,,35,,Tyler,Fredricson,Fredricson,,,2,0,0,0,0,0,0,0,0,0,0,0,2,,,,0.0,0.0,0.0,0.0,90.0,0,2,0
447,a,100.0,100.0,3.7,829,267.0,0,0.0,-3,3.0,2.4,127,50.0,41,0,2.6,246.0,97.0,3,154,3.2,69.0,30.0,0.9,11.1,0.0,553199,878,438705,309,3.7,3.2,0.34,0.18,0.52,11.06,0.04,0.02,0.06,1.2,221.0,273.0,111.0,28.3,390.0,141.0,26.0,374.0,127.0,27.5,364.0,124.0,,,,35,,Ayden,Heaven,Heaven,,,830,0,1,2,13,1,0,0,2,0,0,10,88,,,,0.0,0.22,1.41,1.08,9.43,19,68,35
448,a,,,3.7,823,261.0,0,0.0,-3,3.0,0.5,277,104.0,2,0,1.0,455.0,162.0,0,2,0.0,364.0,123.0,0.0,0.5,0.0,70405,203,64024,70,0.5,0.0,0.0,0.0,0.0,0.35,0.0,0.0,0.0,4.5,3.6,489.0,174.0,0.5,480.0,174.0,0.0,463.0,173.0,0.4,501.0,175.0,,,,35,,Tyrell,Malacia,Malacia,,,7,0,0,0,1,0,0,0,0,0,0,0,2,,,,0.0,0.0,12.86,0.0,25.71,1,1,2
449,a,100.0,100.0,10.4,4,3.0,0,0.0,14,-14.0,47.2,3,2.0,204,0,6.6,3.0,1.0,36,874,3.8,62.0,21.0,0.4,19.6,0.0,8979063,3530,5719503,2635,4.3,3.8,10.38,10.21,20.59,39.61,0.35,0.34,0.69,1.32,1128.2,1.0,1.0,1655.4,1.0,1.0,523.0,35.0,19.0,330.9,1.0,1.0,1.0,1.0,1.0,35,,Bruno,Borges Fernandes,B.Fernandes,,,2705,8,20,5,42,0,0,2,4,0,0,31,260,,,,0.0,0.17,1.4,1.03,8.65,49,61,150
450,d,75.0,75.0,8.1,14,9.0,0,0.0,1,-1.0,7.9,50,17.0,125,0,4.2,48.0,22.0,12,506,2.0,160.0,69.0,0.2,15.4,0.0,3470158,90,3511016,7205,1.9,1.5,6.16,2.73,8.89,31.99,0.25,0.11,0.36,1.29,577.2,64.0,19.0,464.0,54.0,46.0,696.0,21.0,9.0,174.0,28.0,22.0,,,,35,,Matheus,Santos Carneiro da Cunha,Cunha,Hip injury - 75% chance of playing,,2238,8,4,7,31,0,0,0,3,0,0,26,187,,,,0.0,0.28,1.25,1.05,7.52,35,40,112
451,u,0.0,0.0,7.0,35,20.0,0,0.0,0,0.0,0.0,715,294.0,0,0,0.0,828.0,371.0,0,0,0.0,825.0,370.0,0.0,0.0,0.0,0,0,2154,0,0.0,0.0,0.0,0.0,0.0,0.0,0.0,0.0,0.0,0.0,0.0,828.0,371.0,0.0,828.0,371.0,0.0,828.0,371.0,0.0,828.0,371.0,,,,35,,Marcus,Rashford,Rashford,Has joined Barcelona on loan for the rest of the season,,0,0,0,0,0,0,0,0,0,0,0,0,0,,,,0.0,0.0,0.0,0.0,0.0,0,0,0
452,a,100.0,100.0,6.2,77,51.0,0,0.0,-3,3.0,1.3,172,60.0,78,0,2.8,228.0,92.0,6,418,1.0,249.0,113.0,0.2,12.6,0.0,444140,77,632816,230,1.5,1.0,5.12,3.55,8.67,27.09,0.23,0.16,0.39,1.2,399.8,160.0,56.0,543.1,36.0,33.0,526.0,34.0,18.0,147.1,46.0,32.0,3.0,,,35,,Amad,Diallo,Amad,,,2040,2,4,4,29,0,0,0,2,0,0,24,182,,,,0.0,0.18,1.28,1.06,8.03,35,45,102
454,u,0.0,0.0,5.9,98,64.0,0,0.0,-1,1.0,0.1,574,215.0,0,0,0.0,821.0,367.0,0,0,0.0,810.0,360.0,0.0,0.0,0.0,1511,0,10751,0,0.0,0.0,0.0,0.0,0.0,0.0,0.0,0.0,0.0,0.0,0.0,821.0,367.0,0.0,821.0,367.0,0.0,820.0,367.0,0.0,821.0,367.0,,,,35,,Antony,dos Santos,Antony,has joined Real Betis permanently.,,0,0,0,0,0,0,0,0,0,0,0,0,0,,,,0.0,0.0,0.0,0.0,0.0,0,0,0
455,a,100.0,100.0,5.9,92,60.0,0,0.0,-1,1.0,0.3,337,114.0,48,0,2.4,293.0,125.0,3,168,0.2,358.0,166.0,0.0,8.1,0.0,184513,9,199702,13,0.7,0.2,1.54,1.44,2.98,10.47,0.17,0.15,0.32,1.12,168.4,317.0,141.0,201.9,186.0,121.0,160.0,199.0,109.0,53.0,272.0,138.0,,,,35,,Mason,Mount,Mount,,,838,3,0,3,15,0,0,0,1,0,0,10,70,,,,0.0,0.32,1.61,1.07,7.52,16,10,44
457,a,100.0,100.0,5.8,101,66.0,0,0.0,3,-3.0,4.6,84,28.0,160,0,5.0,13.0,6.0,20,613,6.5,6.0,3.0,1.1,27.6,0.0,1038514,4582,500229,660,7.0,6.5,5.08,3.06,8.14,29.26,0.19,0.11,0.3,1.09,860.0,8.0,2.0,487.9,48.0,42.0,555.0,33.0,17.0,190.6,18.0,14.0,,,,35,,Carlos Henrique,Casimiro,Casemiro,,,2405,9,4,9,28,0,0,0,8,1,0,31,333,,,,0.0,0.34,1.05,1.16,12.46,84,121,128
458,a,100.0,100.0,4.7,392,243.0,0,0.0,-3,3.0,1.0,197,69.0,53,0,2.2,316.0,136.0,0,256,2.0,147.0,59.0,0.4,11.3,0.0,244132,249,212472,250,2.5,2.0,0.24,1.18,1.42,18.07,0.02,0.08,0.1,1.26,271.8,243.0,103.0,302.3,123.0,85.0,61.0,324.0,170.0,63.7,232.0,113.0,,,,35,,Kobbie,Mainoo,Mainoo,,,1293,0,2,4,18,0,0,0,1,0,0,12,146,,,,0.0,0.28,1.25,0.84,10.16,33,40,73
459,a,,,4.7,386,240.0,0,0.0,-3,3.0,0.1,430,147.0,38,0,1.7,394.0,167.0,0,183,1.0,234.0,104.0,0.2,8.1,0.0,30571,3,39923,3,1.5,1.0,0.72,0.16,0.88,18.22,0.07,0.02,0.09,1.87,167.2,320.0,142.0,83.6,306.0,173.0,48.0,337.0,176.0,29.8,356.0,170.0,,,,35,,Manuel,Ugarte Ribeiro,Ugarte,,,876,0,0,1,23,0,0,0,1,0,0,8,142,,,,0.0,0.1,2.36,0.82,14.59,46,45,51
460,u,0.0,0.0,4.5,447,266.0,0,0.0,0,0.0,0.0,666,266.0,0,0,0.0,714.0,284.0,0,0,0.0,622.0,222.0,0.0,0.0,0.0,505,0,9691,0,0.0,0.0,0.0,0.0,0.0,0.0,0.0,0.0,0.0,0.0,0.0,708.0,278.0,0.0,704.0,281.0,0.0,688.0,274.0,0.0,710.0,280.0,,,,35,,Toby,Collyer,Collyer,has joined Hull City on loan for the rest of the season.,,0,0,0,0,0,0,0,0,0,0,0,0,0,,,,0.0,0.0,0.0,0.0,0.0,0,0,0
461,a,,,4.3,612,361.0,0,0.0,-2,2.0,0.0,603,229.0,0,0,0.0,663.0,251.0,0,0,0.0,550.0,181.0,0.0,0.0,0.0,3730,3,5282,1,0.5,0.0,0.0,0.0,0.0,0.0,0.0,0.0,0.0,0.0,0.0,653.0,241.0,0.0,649.0,246.0,0.0,626.0,235.0,0.0,655.0,243.0,,,,35,,Jayce,Fitzgerald,Fitzgerald,,,0,0,0,0,0,0,0,0,0,0,0,0,0,,,,0.0,0.0,0.0,0.0,0.0,0,0,0
462,a,,,4.3,609,358.0,0,0.0,-2,2.0,0.1,534,197.0,3,0,1.0,472.0,206.0,0,10,0.0,547.0,178.0,0.0,0.7,0.0,15427,4,14763,8,0.5,0.0,0.03,0.02,0.05,1.86,0.03,0.02,0.05,1.56,18.6,457.0,202.0,24.4,395.0,199.0,5.0,436.0,211.0,4.8,458.0,205.0,,,,35,,Jack,Fletcher,J.Fletcher,,,107,0,0,0,0,0,0,0,0,0,0,0,11,,,,0.0,0.0,0.0,0.0,9.25,5,2,4
463,u,0.0,0.0,4.3,621,368.0,0,0.0,-2,2.0,0.1,530,194.0,0,0,0.0,668.0,255.0,0,0,0.0,556.0,185.0,0.0,0.0,0.0,9069,0,13707,4,0.0,0.0,0.0,0.0,0.0,0.0,0.0,0.0,0.0,0.0,0.0,658.0,245.0,0.0,654.0,250.0,0.0,631.0,239.0,0.0,660.0,247.0,,,,35,,Sékou,Koné,Kone,has joined Lausanne-Sport on loan for the rest of the season.,,0,0,0,0,0,0,0,0,0,0,0,0,0,,,,0.0,0.0,0.0,0.0,0.0,0,0,0
464,u,0.0,0.0,4.5,472,287.0,0,0.0,0,0.0,0.0,703,284.0,0,0,0.0,731.0,300.0,0,0,0.0,643.0,241.0,0.0,0.0,0.0,723,0,2874,0,0.0,0.0,0.0,0.0,0.0,0.0,0.0,0.0,0.0,0.0,0.0,728.0,297.0,0.0,722.0,298.0,0.0,707.0,292.0,0.0,729.0,298.0,,,,35,,Jack,Moorhouse,Moorhouse,has joined Leyton Orient on loan for the rest of the season.,,0,0,0,0,0,0,0,0,0,0,0,0,0,,,,0.0,0.0,0.0,0.0,0.0,0,0,0
465,u,0.0,0.0,6.3,69,23.0,0,0.0,-2,2.0,0.3,351,56.0,0,0,0.0,823.0,91.0,0,0,0.0,818.0,90.0,0.0,0.0,0.0,5437,0,56820,1,0.0,0.0,0.0,0.0,0.0,0.0,0.0,0.0,0.0,0.0,0.0,823.0,91.0,0.0,823.0,91.0,0.0,823.0,91.0,0.0,823.0,91.0,,,,35,,Rasmus,Højlund,Højlund,has joined Napoli on loan for the rest of the season.,,0,0,0,0,0,0,0,0,0,0,0,0,0,,,,0.0,0.0,0.0,0.0,0.0,0,0,0
466,a,100.0,100.0,5.8,108,32.0,0,0.0,-2,2.0,0.4,286,45.0,38,0,1.9,361.0,41.0,6,136,0.2,357.0,48.0,0.0,6.6,0.0,110065,18,132312,17,0.7,0.2,2.18,0.32,2.5,7.69,0.38,0.06,0.44,1.35,155.0,329.0,31.0,162.3,214.0,21.0,195.0,163.0,38.0,50.8,281.0,32.0,,,,35,,Joshua,Zirkzee,Zirkzee,,,514,2,1,1,8,0,0,0,2,0,0,4,39,,,,0.0,0.18,1.4,0.7,6.83,9,12,18
467,a,,,4.2,649,90.0,0,0.0,-3,3.0,1.4,169,25.0,0,0,0.0,652.0,65.0,0,0,0.0,526.0,52.0,0.0,0.0,0.0,274829,20,388176,77,0.5,0.0,0.0,0.0,0.0,0.0,0.0,0.0,0.0,0.0,0.0,643.0,65.0,0.0,637.0,64.0,0.0,612.0,64.0,0.0,645.0,65.0,,,,35,,Chido,Obi,Obi,,,0,0,0,0,0,0,0,0,0,0,0,0,0,,,,0.0,0.0,0.0,0.0,0.0,0,0,0
468,u,0.0,0.0,4.5,481,67.0,0,0.0,0,0.0,0.1,519,70.0,0,0,0.0,738.0,78.0,0,0,0.0,652.0,67.0,0.0,0.0,0.0,4530,0,14973,0,0.0,0.0,0.0,0.0,0.0,0.0,0.0,0.0,0.0,0.0,0.0,735.0,78.0,0.0,729.0,77.0,0.0,715.0,77.0,0.0,736.0,78.0,,,,35,,Ethan,Wheatley,Wheatley,has joined Bradford City on loan for the rest of the season.,,0,0,0,0,0,0,0,0,0,0,0,0,0,,,,0.0,0.0,0.0,0.0,0.0,0,0,0
681,a,100.0,100.0,7.3,30,12.0,0,0.0,-2,2.0,6.0,64,12.0,106,0,3.7,100.0,8.0,19,383,3.0,91.0,13.0,0.4,14.5,0.0,1348395,1991,1665040,1079,3.5,3.0,7.96,0.27,8.22,26.9,0.45,0.02,0.47,1.53,449.4,131.0,13.0,154.8,223.0,22.0,746.0,13.0,8.0,134.1,59.0,13.0,,,,35,,Benjamin,Sesko,Šeško,,,1585,10,2,2,30,0,0,0,2,0,0,16,63,,,,0.0,0.11,1.7,0.91,3.58,5,20,38
733,a,,,5.1,236,8.0,0,0.0,1,-1.0,3.1,107,17.0,91,0,3.2,171.0,20.0,9,344,3.8,54.0,4.0,0.7,17.8,0.0,672896,717,365898,359,4.3,3.8,0.0,0.0,0.0,34.44,0.0,0.0,0.0,1.23,547.0,80.0,15.0,0.0,804.0,94.0,2.0,458.0,2.0,54.9,267.0,16.0,,,,35,,Senne,Lammens,Lammens,,,2520,0,0,6,35,0,0,0,0,0,68,28,43,,,,2.43,0.21,1.25,1.0,0.0,1,24,197
755,a,100.0,100.0,4.5,484,296.0,0,0.0,0,0.0,0.0,731,304.0,2,0,1.0,489.0,220.0,0,8,0.0,655.0,250.0,0.0,0.4,0.0,3555,5,2825,2,0.5,0.0,0.07,0.0,0.07,0.11,0.52,0.0,0.52,0.82,4.0,487.0,221.0,1.5,472.0,227.0,11.0,415.0,205.0,1.5,482.0,218.0,,,,35,,Shea,Lacey,Lacey,,,12,0,0,0,0,0,0,0,0,0,0,0,1,,,,0.0,0.0,0.0,0.0,7.5,1,0,0
769,a,,,4.5,483,295.0,0,0.0,0,0.0,0.0,783,340.0,1,0,1.0,488.0,219.0,0,3,0.0,654.0,249.0,0.0,0.2,0.0,537,0,390,0,0.5,0.0,0.0,0.01,0.01,0.05,0.0,0.06,0.06,0.3,2.2,497.0,228.0,11.7,423.0,210.0,0.0,717.0,300.0,1.4,486.0,222.0,,,,35,,Bendito,Mantato,Bendito Mantato,,,15,0,0,0,0,0,0,0,0,0,0,0,0,,,,0.0,0.0,0.0,0.0,0.0,0,0,0
771,a,,,4.4,555,333.0,0,0.0,-1,1.0,0.0,739,310.0,1,0,1.0,477.0,210.0,0,3,0.0,578.0,196.0,0.0,0.2,0.0,2340,0,1564,1,0.5,0.0,0.0,0.01,0.01,0.02,0.0,0.9,0.9,1.8,0.4,511.0,232.0,1.0,476.0,229.0,0.0,649.0,250.0,0.1,514.0,234.0,,,,35,,Tyler,Fletcher,Fletcher,,,1,0,0,0,0,0,0,0,0,0,0,0,0,,,,0.0,0.0,0.0,0.0,0.0,0,0,0
788,a,,,4.0,726,194.0,0,0.0,0,0.0,0.0,724,252.0,0,0,0.0,625.0,233.0,0,0,0.0,486.0,192.0,0.0,0.0,0.0,546,1,498,2,0.5,0.0,0.0,0.0,0.0,0.0,0.0,0.0,0.0,0.0,0.0,615.0,233.0,0.0,608.0,233.0,0.0,578.0,230.0,0.0,617.0,233.0,,,,35,,Godwill,Kukonki,Kukonki,,,0,0,0,0,0,0,0,0,0,0,0,0,0,,,,0.0,0.0,0.0,0.0,0.0,0,0,0
827,a,,,4.5,485,297.0,0,0.0,0,0.0,0.0,828,371.0,0,0,0.0,740.0,307.0,0,0,0.0,656.0,251.0,0.0,0.0,0.0,36,0,10,0,0.5,0.0,0.0,0.0,0.0,0.0,0.0,0.0,0.0,0.0,0.0,737.0,304.0,0.0,731.0,305.0,0.0,718.0,301.0,0.0,738.0,305.0,,,,35,,Jim,Thwaites,Thwaites,,,0,0,0,0,0,0,0,0,0,0,0,0,0,,,,0.0,0.0,0.0,0.0,0.0,0,0,0
52,a,100.0,100.0,5.3,186,118.0,0,0.0,-2,2.0,0.2,361,122.0,44,0,1.8,384.0,163.0,1,224,1.2,217.0,99.0,0.2,8.3,0.0,34699,12,80761,40,1.2,0.7,1.15,0.98,2.13,23.96,0.08,0.07,0.15,1.75,228.6,267.0,110.0,281.9,141.0,94.0,151.0,215.0,118.0,66.1,225.0,108.0,,,,35,,Jacob,Ramsey,J.Ramsey,,,1231,2,1,1,27,0,0,0,3,1,0,13,119,,,,0.0,0.07,1.97,0.95,8.7,30,20,69
135,a,100.0,100.0,7.3,26,10.0,0,0.0,-2,2.0,0.6,254,36.0,22,0,1.5,421.0,51.0,0,59,0.5,318.0,42.0,0.1,3.0,0.0,242629,54,459127,43,0.5,0.0,2.51,0.53,3.04,8.29,0.51,0.11,0.62,1.67,54.0,419.0,49.0,35.8,377.0,51.0,151.0,216.0,44.0,23.0,380.0,49.0,,,,35,,Yoane,Wissa,Wissa,,,447,1,0,1,9,0,0,0,1,0,0,4,19,,,,0.0,0.2,1.81,0.81,3.83,3,3,13
469,a,100.0,100.0,5.0,244,9.0,0,0.0,0,0.0,4.3,91,16.0,85,1,3.5,122.0,15.0,3,351,0.8,273.0,22.0,0.2,17.0,0.0,1526935,111,1601820,175,0.8,0.3,0.16,0.0,0.16,27.68,0.01,0.0,0.01,1.2,523.4,90.0,16.0,0.0,789.0,93.0,35.0,359.0,1.0,55.9,261.0,15.0,,,,35,,Nick,Pope,Pope,,,2079,0,1,7,33,0,0,0,2,0,71,24,121,,,,3.08,0.3,1.43,1.04,0.0,1,34,218
471,a,,,3.9,751,71.0,0,0.0,-1,1.0,0.1,445,65.0,0,0,0.0,550.0,44.0,0,0,0.0,397.0,31.0,0.0,0.0,0.0,7120,4,11259,2,0.0,-0.5,0.0,0.0,0.0,0.0,0.0,0.0,0.0,0.0,0.0,539.0,44.0,0.0,524.0,25.0,0.0,492.0,11.0,0.0,541.0,44.0,,,,35,,Mark,Gillespie,Gillespie,,,0,0,0,0,0,0,0,0,0,0,0,0,0,,,,0.0,0.0,0.0,0.0,0.0,0,0,0
472,u,0.0,0.0,4.0,673,45.0,0,0.0,0,0.0,0.0,725,84.0,0,0,0.0,584.0,67.0,0,0,0.0,438.0,56.0,0.0,0.0,0.0,0,0,2507,0,0.0,0.0,0.0,0.0,0.0,0.0,0.0,0.0,0.0,0.0,0.0,573.0,67.0,0.0,564.0,54.0,0.0,533.0,40.0,0.0,575.0,67.0,,,,35,,Odysseas,Vlachodimos,Odysseas,Has joined Sevilla on loan for the rest of the season.,,0,0,0,0,0,0,0,0,0,0,0,0,0,,,,0.0,0.0,0.0,0.0,0.0,0,0,0
473,a,100.0,100.0,5.3,195,24.0,-1,1.0,-2,2.0,3.6,99,33.0,74,0,2.8,225.0,88.0,4,311,0.5,306.0,102.0,0.1,14.0,0.0,945690,318,733499,1487,0.5,0.0,0.85,2.54,3.39,33.34,0.04,0.12,0.16,1.59,488.0,112.0,51.0,362.3,88.0,21.0,155.0,209.0,53.0,100.5,117.0,32.0,2.0,1.0,,35,,Lewis,Hall,Hall,,,1884,1,2,4,35,0,0,0,3,0,0,21,161,,,,0.0,0.19,1.67,1.0,7.31,49,104,119
474,i,0.0,0.0,5.2,200,26.0,0,0.0,-3,3.0,1.1,186,72.0,51,0,3.2,172.0,68.0,0,186,0.0,769.0,258.0,0.0,9.8,0.0,297193,2,498320,26,0.0,0.0,0.97,0.6,1.57,13.85,0.08,0.05,0.13,1.14,291.2,228.0,90.0,63.6,337.0,115.0,108.0,267.0,75.0,46.4,293.0,97.0,,4.0,,35,,Fabian,Schär,Schär,Ankle injury - Expected back 10 May,,1089,0,0,4,13,0,0,0,1,0,0,11,133,,,,0.0,0.33,1.07,0.91,9.5,14,101,42
195,a,100.0,100.0,3.8,816,255.0,0,0.0,-2,2.0,0.3,347,126.0,21,1,1.2,444.0,158.0,0,102,0.5,288.0,92.0,0.1,5.5,0.0,49062,8,43039,19,0.0,0.0,0.33,1.21,1.54,23.45,0.03,0.1,0.13,1.86,189.0,301.0,116.0,247.2,159.0,41.0,64.0,318.0,99.0,49.8,285.0,92.0,,,,35,,Lucas,Pires Silva,Lucas Pires,,,1135,0,0,1,26,0,0,0,0,1,0,12,75,,,,0.0,0.08,2.06,0.95,5.95,24,51,73
196,u,0.0,0.0,4.0,688,172.0,0,0.0,0,0.0,0.0,617,220.0,0,0,0.0,596.0,218.0,0,0,0.0,451.0,172.0,0.0,0.0,0.0,202,0,9717,0,0.0,0.0,0.0,0.0,0.0,0.0,0.0,0.0,0.0,0.0,0.0,585.0,217.0,0.0,577.0,217.0,0.0,546.0,213.0,0.0,587.0,217.0,,,,35,,Shurandy,Sambo,Sambo,has joined Sparta Rotterdam on loan for the rest of the season.,,0,0,0,0,0,0,0,0,0,0,0,0,0,,,,0.0,0.0,0.0,0.0,0.0,0,0,0
722,a,,,5.0,250,151.0,0,0.0,0,0.0,0.0,616,236.0,72,1,2.6,254.0,104.0,0,311,1.5,193.0,85.0,0.3,14.4,0.0,15144,0,13843,6,1.0,1.0,0.58,0.46,1.04,41.64,0.03,0.02,0.05,2.03,364.2,185.0,73.0,198.1,190.0,123.0,45.0,342.0,178.0,60.9,244.0,120.0,,,,35,,Florentino Ibrain,Morris Luís,Florentino,,,1847,0,2,2,41,0,0,0,6,0,0,22,272,,,,0.0,0.1,2.0,1.07,13.25,81,94,97
776,a,,,4.5,514,319.0,0,0.0,0,0.0,0.0,791,345.0,0,0,0.0,763.0,324.0,0,0,0.0,684.0,272.0,0.0,0.0,0.0,921,1,723,1,-0.5,-0.5,0.0,0.0,0.0,0.0,0.0,0.0,0.0,0.0,0.0,762.0,323.0,0.0,755.0,323.0,0.0,742.0,319.0,0.0,762.0,323.0,,,,35,,Oliver,Pimlott,Pimlott,,,0,0,0,0,0,0,0,0,0,0,0,0,0,,,,0.0,0.0,0.0,0.0,0.0,0,0,0
784,a,,,4.5,522,325.0,0,0.0,0,0.0,0.0,798,351.0,0,0,0.0,769.0,329.0,0,0,0.0,691.0,278.0,0.0,0.0,0.0,537,2,417,0,-0.5,-0.5,0.0,0.0,0.0,0.0,0.0,0.0,0.0,0.0,0.0,768.0,328.0,0.0,761.0,328.0,0.0,749.0,325.0,0.0,768.0,328.0,,,,35,,George,Brierley,Brierley,,,0,0,0,0,0,0,0,0,0,0,0,0,0,,,,0.0,0.0,0.0,0.0,0.0,0,0,0
820,a,,,4.5,513,318.0,0,0.0,0,0.0,0.0,815,361.0,0,0,0.0,762.0,323.0,0,0,0.0,683.0,271.0,0.0,0.0,0.0,188,2,92,2,-0.5,-0.5,0.0,0.0,0.0,0.0,0.0,0.0,0.0,0.0,0.0,761.0,322.0,0.0,754.0,322.0,0.0,741.0,318.0,0.0,761.0,322.0,,,,35,,Kian,McMahon-Brown,McMahon-Brown,,,0,0,0,0,0,0,0,0,0,0,0,0,0,,,,0.0,0.0,0.0,0.0,0.0,0,0,0
66,u,0.0,0.0,4.5,408,22.0,0,0.0,0,0.0,0.1,575,78.0,0,0,0.0,695.0,94.0,0,0,0.0,597.0,89.0,0.0,0.0,0.0,0,0,16638,0,0.0,0.0,0.0,0.0,0.0,0.0,0.0,0.0,0.0,0.0,0.0,689.0,94.0,0.0,684.0,87.0,0.0,665.0,77.0,0.0,691.0,94.0,,,,35,,Norberto,Murara Neto,Neto,Has joined Botafogo permanently.,,0,0,0,0,0,0,0,0,0,0,0,0,0,,,,0.0,0.0,0.0,0.0,0.0,0,0,0
67,a,,,4.6,400,20.0,0,0.0,1,-1.0,5.2,75,12.0,106,0,3.1,183.0,21.0,5,436,1.0,232.0,18.0,0.2,23.0,0.0,1162056,162,915232,788,1.0,1.0,0.0,0.0,0.0,51.1,0.0,0.0,0.0,1.5,748.4,25.0,7.0,0.0,762.0,89.0,0.0,751.0,81.0,75.0,188.0,7.0,,,,35,,Đorđe,Petrović,Petrović,,,3060,0,0,9,52,1,0,0,3,0,100,34,98,,,,2.94,0.26,1.53,1.0,0.0,0,60,252
68,u,0.0,0.0,4.0,687,51.0,0,0.0,0,0.0,0.7,229,30.0,0,0,0.0,595.0,72.0,0,0,0.0,450.0,62.0,0.0,0.0,0.0,47217,0,91303,20,0.0,0.0,0.0,0.0,0.0,0.0,0.0,0.0,0.0,0.0,0.0,584.0,72.0,0.0,576.0,60.0,0.0,545.0,46.0,0.0,586.0,72.0,,,,35,,Will,Dennis,Dennis,has joined Leyton Orient on loan for the rest of the season.,,0,0,0,0,0,0,0,0,0,0,0,0,0,,,,0.0,0.0,0.0,0.0,0.0,0,0,0
782,a,,,4.0,665,39.0,0,0.0,0,0.0,0.0,656,81.0,0,0,0.0,580.0,64.0,0,0,0.0,432.0,52.0,0.0,0.0,0.0,3500,4,1468,3,0.0,0.0,0.0,0.0,0.0,0.0,0.0,0.0,0.0,0.0,0.0,569.0,64.0,0.0,557.0,48.0,0.0,526.0,34.0,0.0,571.0,64.0,,,,35,,Fraser,Forster,Forster,,,0,0,0,0,0,0,0,0,0,0,0,0,0,,,,0.0,0.0,0.0,0.0,0.0,0,0,0
797,a,100.0,100.0,4.5,493,69.0,0,0.0,0,0.0,0.0,704,89.0,0,0,0.0,747.0,80.0,0,0,0.0,664.0,69.0,0.0,0.0,0.0,2298,3,1654,1,-0.5,0.0,0.0,0.0,0.0,0.0,0.0,0.0,0.0,0.0,0.0,745.0,80.0,0.0,738.0,79.0,0.0,725.0,79.0,0.0,745.0,80.0,,,,35,,Kaye,Furo,Furo,,,0,0,0,0,0,0,0,0,0,0,0,0,0,,,,0.0,0.0,0.0,0.0,0.0,0,0,0
810,a,,,4.5,471,286.0,0,0.0,0,0.0,0.0,796,349.0,0,0,0.0,730.0,299.0,0,0,0.0,642.0,240.0,0.0,0.0,0.0,484,2,247,1,-0.5,0.0,0.0,0.0,0.0,0.0,0.0,0.0,0.0,0.0,0.0,727.0,296.0,0.0,721.0,297.0,0.0,706.0,291.0,0.0,728.0,297.0,,,,35,,Luka,Bentt,Bentt,,,0,0,0,0,0,0,0,0,0,0,0,0,0,,,,0.0,0.0,0.0,0.0,0.0,0,0,0
819,a,,,4.0,702,179.0,0,0.0,0,0.0,0.0,759,258.0,0,0,0.0,608.0,223.0,0,0,0.0,465.0,179.0,0.0,0.0,0.0,428,1,190,0,-0.5,0.0,0.0,0.0,0.0,0.0,0.0,0.0,0.0,0.0,0.0,597.0,222.0,0.0,589.0,222.0,0.0,558.0,218.0,0.0,599.0,222.0,,,,35,,Ollie,Shield,Shield,,,0,0,0,0,0,0,0,0,0,0,0,0,0,,,,0.0,0.0,0.0,0.0,0.0,0,0,0
823,a,,,4.0,746,213.0,0,0.0,0,0.0,0.0,801,266.0,0,0,0.0,641.0,248.0,0,0,0.0,505.0,210.0,0.0,0.0,0.0,104,1,52,3,-0.5,0.0,0.0,0.0,0.0,0.0,0.0,0.0,0.0,0.0,0.0,631.0,248.0,0.0,624.0,248.0,0.0,595.0,246.0,0.0,633.0,248.0,,,,35,,Joshua,Stephenson,Stephenson,,,0,0,0,0,0,0,0,0,0,0,0,0,0,,,,0.0,0.0,0.0,0.0,0.0,0,0,0
824,a,,,4.0,729,197.0,0,0.0,0,0.0,0.0,795,264.0,0,0,0.0,628.0,236.0,0,0,0.0,489.0,195.0,0.0,0.0,0.0,156,0,60,0,-0.5,0.0,0.0,0.0,0.0,0.0,0.0,0.0,0.0,0.0,0.0,618.0,236.0,0.0,611.0,236.0,0.0,581.0,233.0,0.0,620.0,236.0,,,,35,,Conor,McManus,McManus,,,0,0,0,0,0,0,0,0,0,0,0,0,0,,,,0.0,0.0,0.0,0.0,0.0,0,0,0
826,a,,,4.5,464,281.0,0,0.0,0,0.0,0.0,820,364.0,0,0,0.0,726.0,296.0,0,0,0.0,636.0,235.0,0.0,0.0,0.0,125,3,25,1,-0.5,0.0,0.0,0.0,0.0,0.0,0.0,0.0,0.0,0.0,0.0,721.0,291.0,0.0,716.0,293.0,0.0,700.0,286.0,0.0,722.0,292.0,,,,35,,Riley,Owen,Owen,,,0,0,0,0,0,0,0,0,0,0,0,0,0,,,,0.0,0.0,0.0,0.0,0.0,0,0,0
138,a,,,4.2,626,28.0,0,0.0,-3,3.0,0.2,357,50.0,0,0,0.0,645.0,89.0,0,0,0.0,514.0,80.0,0.0,0.0,0.0,11959,14,41350,7,1.0,0.5,0.0,0.0,0.0,0.0,0.0,0.0,0.0,0.0,0.0,635.0,89.0,0.0,629.0,79.0,0.0,600.0,65.0,0.0,637.0,89.0,,,,35,,Jason,Steele,Steele,,,0,0,0,0,0,0,0,0,0,0,0,0,0,,,,0.0,0.0,0.0,0.0,0.0,0,0,0
139,a,,,4.5,446,24.0,0,0.0,0,0.0,9.0,42,7.0,119,1,3.4,133.0,16.0,6,571,4.5,28.0,2.0,1.0,26.4,0.0,1338896,3023,1035488,436,5.5,5.0,0.0,0.06,0.06,43.78,0.0,0.0,0.0,1.28,849.0,10.0,2.0,10.0,433.0,11.0,0.0,687.0,79.0,86.0,156.0,2.0,,,,35,,Bart,Verbruggen,Verbruggen,,,3083,0,0,9,40,1,1,0,3,0,95,35,102,,,,2.78,0.26,1.17,1.02,0.0,1,29,301
140,a,,,3.9,760,78.0,0,0.0,-1,1.0,0.3,328,45.0,0,0,0.0,555.0,49.0,0,0,0.0,405.0,37.0,0.0,0.0,0.0,18735,3,30096,9,1.0,0.5,0.0,0.0,0.0,0.0,0.0,0.0,0.0,0.0,0.0,544.0,49.0,0.0,531.0,32.0,0.0,499.0,18.0,0.0,546.0,49.0,,,,35,,Tom,McGill,McGill,,,0,0,0,0,0,0,0,0,0,0,0,0,0,,,,0.0,0.0,0.0,0.0,0.0,0,0,0
142,u,0.0,0.0,4.0,683,48.0,0,0.0,0,0.0,0.0,813,95.0,0,0,0.0,591.0,69.0,0,0,0.0,446.0,59.0,0.0,0.0,0.0,0,0,208,0,0.0,0.0,0.0,0.0,0.0,0.0,0.0,0.0,0.0,0.0,0.0,580.0,69.0,0.0,572.0,57.0,0.0,541.0,43.0,0.0,582.0,69.0,,,,35,,Kjell,Scherpen,Scherpen,Has joined Union SG permanently,,0,0,0,0,0,0,0,0,0,0,0,0,0,,,,0.0,0.0,0.0,0.0,0.0,0,0,0
143,a,,,4.2,633,143.0,0,0.0,-3,3.0,0.2,418,155.0,39,1,3.2,161.0,63.0,4,164,4.5,25.0,12.0,1.1,9.3,0.0,20012,148,18145,22,5.5,5.0,0.05,0.41,0.46,8.13,0.01,0.05,0.06,1.0,191.2,299.0,115.0,64.9,335.0,113.0,12.0,408.0,152.0,26.9,368.0,127.0,3.0,,,35,,Olivier,Boscagli,Boscagli,,,732,0,1,3,8,0,0,0,2,0,0,9,73,,,,0.0,0.37,0.99,1.11,9.01,14,59,49
144,u,0.0,0.0,4.2,647,151.0,0,0.0,-3,3.0,0.0,604,215.0,10,0,2.0,338.0,124.0,0,32,0.0,525.0,221.0,0.0,2.4,0.0,2735,0,8430,1,0.0,0.0,0.0,0.01,0.01,4.52,0.0,0.0,0.0,2.11,42.4,427.0,159.0,3.7,455.0,164.0,2.0,446.0,168.0,4.8,457.0,164.0,,,,35,,Diego,Coppola,Coppola,has joined Paris FC on loan for the rest of the season.,,193,0,0,1,3,0,0,0,2,0,0,2,19,,,,0.0,0.47,1.4,0.93,8.39,2,16,6
146,a,100.0,100.0,4.5,409,73.0,0,0.0,0,0.0,0.9,209,83.0,82,0,2.8,219.0,85.0,3,389,0.0,598.0,238.0,0.0,18.2,0.0,168039,96,225719,29,1.0,0.5,1.3,0.51,1.81,38.31,0.05,0.02,0.07,1.34,573.4,68.0,32.0,108.6,274.0,80.0,154.0,210.0,54.0,83.8,163.0,54.0,,3.0,,35,,Lewis,Dunk,Dunk,,,2565,0,1,6,35,0,0,0,10,0,0,28,259,,,,0.0,0.21,1.23,0.98,7.61,33,184,120
306,a,,,4.3,611,360.0,0,0.0,-2,2.0,0.1,496,177.0,0,0,0.0,662.0,250.0,0,0,0.0,549.0,180.0,0.0,0.0,0.0,15595,7,16691,10,0.0,-0.5,0.0,0.0,0.0,0.0,0.0,0.0,0.0,0.0,0.0,652.0,240.0,0.0,648.0,245.0,0.0,625.0,234.0,0.0,654.0,242.0,,,,35,,Callum,Bates,Bates,,,0,0,0,0,0,0,0,0,0,0,0,0,0,,,,0.0,0.0,0.0,0.0,0.0,0,0,0
770,a,,,4.5,506,314.0,0,0.0,0,0.0,0.0,777,334.0,0,0,0.0,757.0,320.0,0,0,0.0,677.0,268.0,0.0,0.0,0.0,828,1,517,2,0.0,-1.0,0.0,0.0,0.0,0.0,0.0,0.0,0.0,0.0,0.0,756.0,319.0,0.0,749.0,319.0,0.0,736.0,315.0,0.0,756.0,319.0,,,,35,,Seth,Ridgeon,Ridgeon,,,0,0,0,0,0,0,0,0,0,0,0,0,0,,,,0.0,0.0,0.0,0.0,0.0,0,0,0
355,u,0.0,0.0,4.9,316,196.0,0,0.0,-1,1.0,0.0,644,250.0,0,0,0.0,781.0,337.0,0,0,0.0,724.0,301.0,0.0,0.0,0.0,1234,0,10148,0,0.0,0.0,0.0,0.0,0.0,0.0,0.0,0.0,0.0,0.0,0.0,780.0,336.0,0.0,776.0,336.0,0.0,772.0,334.0,0.0,780.0,336.0,,,,35,,Sam,Greenwood,Greenwood,has joined Pogon Szczecin permanently.,,0,0,0,0,0,0,0,0,0,0,0,0,0,,,,0.0,0.0,0.0,0.0,0.0,0,0,0
746,a,,,4.5,494,304.0,0,0.0,0,0.0,0.0,746,315.0,0,0,0.0,748.0,313.0,0,0,0.0,665.0,258.0,0.0,0.0,0.0,1127,1,955,0,0.5,0.0,0.0,0.0,0.0,0.0,0.0,0.0,0.0,0.0,0.0,746.0,311.0,0.0,739.0,311.0,0.0,726.0,307.0,0.0,746.0,311.0,,,,35,,Kieran,Morrison,Morrison,,,0,0,0,0,0,0,0,0,0,0,0,0,0,,,,0.0,0.0,0.0,0.0,0.0,0,0,0
513,a,,,3.8,815,254.0,0,0.0,-2,2.0,0.3,350,128.0,2,0,1.0,459.0,165.0,0,1,0.0,390.0,146.0,0.0,0.5,0.0,29826,6,31565,13,0.0,0.0,0.0,0.01,0.01,3.13,0.0,0.01,0.01,2.35,25.4,451.0,164.0,6.3,446.0,160.0,0.0,484.0,191.0,3.2,468.0,169.0,,,,35,,Zach,Abbott,Abbott,,,120,0,0,0,4,0,0,0,0,0,0,1,10,,,,0.0,0.0,3.0,0.75,7.5,2,8,8
825,a,,,4.0,722,66.0,0,0.0,0,0.0,0.0,802,92.0,0,0,0.0,621.0,86.0,0,0,0.0,482.0,77.0,0.0,0.0,0.0,280,1,95,3,-1.0,0.0,0.0,0.0,0.0,0.0,0.0,0.0,0.0,0.0,0.0,611.0,86.0,0.0,604.0,75.0,0.0,574.0,61.0,0.0,613.0,86.0,,,,35,,Finlay,Herrick,Herrick,,,0,0,0,0,0,0,0,0,0,0,0,0,0,,,,0.0,0.0,0.0,0.0,0.0,0,0,0
475,a,100.0,100.0,4.9,309,49.0,0,0.0,-1,1.0,0.4,284,107.0,75,1,3.4,135.0,50.0,6,278,2.5,116.0,44.0,0.5,15.3,0.0,91563,37,111320,37,2.5,2.0,1.62,0.49,2.11,22.37,0.1,0.03,0.13,1.35,458.2,126.0,56.0,73.7,317.0,105.0,172.0,189.0,45.0,70.4,214.0,75.0,,,,35,,Sven,Botman,Botman,,,1497,1,1,5,22,1,0,0,2,0,0,18,189,,,,0.0,0.3,1.33,1.08,9.64,17,143,79
476,a,100.0,100.0,5.0,243,37.0,0,0.0,0,0.0,3.4,100,34.0,83,1,3.2,169.0,67.0,5,245,1.2,212.0,75.0,0.2,16.6,0.0,1556372,155,1695032,195,1.2,0.7,0.91,0.33,1.24,25.79,0.04,0.02,0.06,1.2,451.4,130.0,57.0,93.3,295.0,92.0,149.0,217.0,55.0,69.5,218.0,76.0,,,,35,,Dan,Burn,Burn,,,1940,0,3,6,32,0,0,0,8,1,0,23,242,,,,0.0,0.28,1.49,1.07,9.57,33,173,65
477,i,0.0,0.0,4.9,324,53.0,0,0.0,-1,1.0,1.9,145,58.0,59,0,3.5,121.0,45.0,3,252,0.8,270.0,90.0,0.2,12.0,0.0,1106504,4,1391142,183,0.0,0.0,0.13,0.89,1.02,18.62,0.01,0.06,0.07,1.26,219.4,274.0,112.0,199.7,188.0,49.0,42.0,348.0,115.0,46.1,295.0,99.0,,,,35,,Tino,Livramento,Livramento,Thigh injury - Unknown return date,,1326,0,1,6,14,0,0,0,1,0,0,14,96,,,,0.0,0.41,0.95,0.95,4.62,22,46,81
478,a,100.0,100.0,4.9,285,44.0,0,0.0,-1,1.0,1.4,165,65.0,51,0,2.7,237.0,95.0,2,211,0.2,344.0,117.0,0.0,10.4,0.0,262227,32,384433,80,0.2,-0.3,0.08,2.0,2.08,20.38,0.0,0.12,0.12,1.22,274.6,241.0,96.0,465.0,53.0,7.0,14.0,403.0,148.0,75.3,187.0,63.0,4.0,2.0,,35,,Kieran,Trippier,Trippier,,,1501,0,1,5,26,0,0,0,3,0,0,17,107,,,,0.0,0.3,1.56,1.02,4.68,23,55,70
479,i,0.0,0.0,4.3,578,124.0,0,0.0,-2,2.0,0.0,625,223.0,0,0,0.0,654.0,252.0,0,-8,0.0,529.0,223.0,0.0,0.0,0.0,1672,0,5320,1,0.0,0.0,0.0,0.0,0.0,0.25,0.0,0.0,0.0,0.5,1.4,501.0,178.0,1.2,475.0,173.0,0.0,614.0,251.0,0.3,506.0,177.0,,,,35,,Emil,Krafth,Krafth,Knee injury - Unknown return date,,45,0,0,0,2,0,0,0,0,0,0,1,1,,,,0.0,0.0,4.0,2.0,2.0,0,1,0
480,u,0.0,0.0,4.3,576,122.0,0,0.0,-2,2.0,0.0,597,213.0,1,0,0.5,523.0,180.0,0,0,0.0,528.0,222.0,0.0,0.2,0.0,2754,0,9133,2,0.0,0.0,0.04,0.0,0.04,0.55,0.19,0.0,0.19,2.61,10.2,469.0,171.0,0.0,639.0,252.0,7.0,429.0,164.0,1.7,479.0,171.0,,,,35,,Jamaal,Lascelles,Lascelles,has joined Leicester City permanently.,,19,0,0,0,2,0,0,0,0,0,0,0,5,,,,0.0,0.0,9.47,0.0,23.68,0,5,0
481,a,,,3.8,813,252.0,0,0.0,-2,2.0,0.7,232,88.0,1,0,1.0,458.0,164.0,0,-1,0.0,388.0,144.0,0.0,0.3,0.0,81254,15,107496,28,0.0,-0.5,0.0,0.0,0.0,0.27,0.0,0.0,0.0,24.3,2.2,496.0,176.0,0.0,515.0,195.0,0.0,482.0,189.0,0.2,509.0,178.0,,,,35,,Alex,Murphy,A.Murphy,,,1,0,0,0,1,0,0,0,0,0,0,0,1,,,,0.0,0.0,90.0,0.0,90.0,0,1,0
482,u,0.0,0.0,3.9,766,220.0,0,0.0,-1,1.0,0.1,466,172.0,0,0,0.0,559.0,202.0,0,0,0.0,409.0,153.0,0.0,0.0,0.0,8541,0,17282,5,0.0,0.0,0.0,0.0,0.0,0.0,0.0,0.0,0.0,0.0,0.0,548.0,201.0,0.0,535.0,201.0,0.0,503.0,196.0,0.0,550.0,201.0,,,,35,,Harrison,Ashby,Ashby,has joined Bradford City on loan for the rest of the season.,,0,0,0,0,0,0,0,0,0,0,0,0,0,,,,0.0,0.0,0.0,0.0,0.0,0,0,0
483,a,,,3.8,817,256.0,0,0.0,-2,2.0,0.4,298,111.0,0,0,0.0,544.0,198.0,0,0,0.0,391.0,147.0,0.0,0.0,0.0,67426,19,52198,14,0.0,-0.5,0.0,0.0,0.0,0.0,0.0,0.0,0.0,0.0,0.0,533.0,197.0,0.0,517.0,197.0,0.0,485.0,192.0,0.0,535.0,197.0,,,,35,,Miodrag,Pivaš,Pivas,,,0,0,0,0,0,0,0,0,0,0,0,0,0,,,,0.0,0.0,0.0,0.0,0.0,0,0,0
484,u,0.0,0.0,4.0,676,166.0,0,0.0,0,0.0,0.1,434,162.0,0,0,0.0,586.0,213.0,0,0,0.0,440.0,167.0,0.0,0.0,0.0,3759,0,45560,1,0.0,0.0,0.0,0.0,0.0,0.0,0.0,0.0,0.0,0.0,0.0,575.0,212.0,0.0,566.0,212.0,0.0,535.0,208.0,0.0,577.0,212.0,,,,35,,Matt,Targett,Targett,has joined Middlesbrough on loan for the rest of the season.,,0,0,0,0,0,0,0,0,0,0,0,0,0,,,,0.0,0.0,0.0,0.0,0.0,0,0,0
485,d,75.0,75.0,7.4,24,16.0,0,0.0,-1,1.0,3.9,97,32.0,101,0,3.9,75.0,35.0,10,352,0.8,287.0,135.0,0.1,13.6,0.0,2399864,46,2173280,3999,0.6,0.2,8.77,3.38,12.15,24.78,0.44,0.17,0.61,1.24,393.8,163.0,58.0,404.2,70.0,55.0,514.0,38.0,22.0,130.9,61.0,38.0,,,1.0,35,,Anthony,Gordon,Gordon,Hip injury - 75% chance of playing,,1798,6,4,8,30,0,0,0,3,1,0,24,91,,,,0.0,0.4,1.5,1.2,4.56,19,16,56
1,a,,,6.1,79,1.0,1,-1.0,6,-6.0,34.9,7,1.0,141,0,4.1,56.0,4.0,9,562,3.0,89.0,9.0,0.5,23.1,0.0,4599852,4136,2868152,1171,4.0,4.0,0.0,0.06,0.06,25.85,0.0,0.0,0.0,0.76,504.4,102.0,17.0,33.4,383.0,3.0,0.0,821.0,96.0,53.8,270.0,17.0,,,,35,,David,Raya Martín,Raya,,,3060,0,0,16,26,0,0,0,1,0,56,34,94,,,,1.65,0.47,0.76,1.0,0.0,1,33,290
2,a,,,4.0,672,44.0,0,0.0,-5,5.0,0.4,292,37.0,0,0,0.0,583.0,66.0,0,0,0.0,437.0,55.0,0.0,0.0,0.0,15971,18,78684,10,1.0,1.0,0.0,0.0,0.0,0.0,0.0,0.0,0.0,0.0,0.0,572.0,66.0,0.0,563.0,53.0,0.0,532.0,39.0,0.0,574.0,66.0,,,,35,,Kepa,Arrizabalaga Revuelta,Arrizabalaga,,,0,0,0,0,0,0,0,0,0,0,0,0,0,,,,0.0,0.0,0.0,0.0,0.0,0,0,0
3,u,0.0,0.0,4.0,693,54.0,0,0.0,0,0.0,0.2,379,54.0,0,0,0.0,600.0,75.0,0,0,0.0,456.0,65.0,0.0,0.0,0.0,5545,0,48551,1,0.0,0.0,0.0,0.0,0.0,0.0,0.0,0.0,0.0,0.0,0.0,589.0,75.0,0.0,581.0,63.0,0.0,550.0,49.0,0.0,591.0,75.0,,,,35,,Karl,Hein,Hein,Has joined Werder Bremen on loan for the rest of the season.,,0,0,0,0,0,0,0,0,0,0,0,0,0,,,,0.0,0.0,0.0,0.0,0.0,0,0,0
4,a,,,3.9,783,90.0,0,0.0,-1,1.0,0.2,371,53.0,0,0,0.0,572.0,60.0,0,0,0.0,423.0,48.0,0.0,0.0,0.0,34251,3,35225,8,1.0,1.0,0.0,0.0,0.0,0.0,0.0,0.0,0.0,0.0,0.0,561.0,60.0,0.0,549.0,44.0,0.0,517.0,30.0,0.0,563.0,60.0,,,,35,,Tommy,Setford,Setford,,,0,0,0,0,0,0,0,0,0,0,0,0,0,,,,0.0,0.0,0.0,0.0,0.0,0,0,0
5,a,100.0,100.0,7.2,32,1.0,0,0.0,12,-12.0,44.5,4,1.0,185,0,6.6,2.0,1.0,27,636,3.0,90.0,36.0,0.4,25.7,0.0,8924837,3354,5819633,1656,4.0,4.0,2.0,1.68,3.68,19.37,0.07,0.06,0.13,0.72,752.6,23.0,8.0,123.7,256.0,70.0,227.0,137.0,25.0,110.2,98.0,25.0,,,,35,,Gabriel,dos Santos Magalhães,Gabriel,,,2435,3,5,15,19,0,0,0,4,0,0,27,263,,,,0.0,0.55,0.7,1.0,9.17,35,213,56
6,a,100.0,100.0,6.1,83,4.0,0,0.0,1,-1.0,15.2,23,8.0,118,0,4.2,45.0,19.0,10,501,2.8,101.0,39.0,0.5,19.3,0.0,2353975,2802,2446437,721,3.8,3.8,0.88,0.73,1.61,18.7,0.03,0.03,0.06,0.72,488.6,111.0,50.0,171.6,208.0,54.0,76.0,300.0,89.0,73.6,197.0,68.0,,,,35,,William,Saliba,Saliba,,,2344,1,0,12,20,0,0,0,1,0,0,27,203,,,,0.0,0.46,0.77,1.04,6.6,33,139,103
7,a,100.0,100.0,5.6,132,13.0,0,0.0,1,-1.0,5.8,66,22.0,93,0,4.2,44.0,18.0,4,339,0.0,804.0,265.0,0.0,16.6,0.0,2667918,164,2515560,153,1.0,1.0,2.92,0.49,3.41,8.96,0.18,0.03,0.21,0.56,244.4,257.0,103.0,127.9,255.0,69.0,249.0,124.0,22.0,62.2,240.0,82.0,,,,35,,Riccardo,Calafiori,Calafiori,,,1446,1,2,11,8,0,0,0,5,0,0,18,134,,,,0.0,0.68,0.5,1.12,5.91,31,64,65
8,i,0.0,0.0,6.0,85,5.0,-1,1.0,5,-5.0,17.5,17,7.0,149,0,5.0,15.0,4.0,9,532,0.0,811.0,267.0,0.0,24.8,0.0,6784059,9,5365244,11260,0.0,0.0,4.71,1.53,6.24,17.45,0.17,0.06,0.23,0.64,499.0,106.0,48.0,402.6,72.0,14.0,352.0,79.0,7.0,125.7,71.0,13.0,,,,35,,Jurriën,Timber,J.Timber,Ankle injury - Unknown return date,,2452,3,6,13,20,0,0,0,5,0,0,28,178,,,,0.0,0.48,0.73,1.03,5.43,66,82,97
9,u,0.0,0.0,5.4,167,20.0,0,0.0,-1,1.0,0.0,596,212.0,0,0,0.0,813.0,268.0,0,0,0.0,789.0,262.0,0.0,0.0,0.0,1119,0,10941,0,0.0,0.0,0.0,0.0,0.0,0.0,0.0,0.0,0.0,0.0,0.0,812.0,268.0,0.0,811.0,268.0,0.0,809.0,268.0,0.0,812.0,268.0,,,,35,,Jakub,Kiwior,Kiwior,has joined Porto on loan for the rest of the season.,,0,0,0,0,0,0,0,0,0,0,0,0,0,,,,0.0,0.0,0.0,0.0,0.0,0,0,0
10,a,,,5.0,270,42.0,0,0.0,-5,5.0,1.4,168,66.0,14,0,0.9,516.0,176.0,0,44,0.5,304.0,101.0,0.1,2.8,0.0,137588,22,470193,28,1.5,1.5,0.1,0.09,0.19,6.51,0.02,0.02,0.04,1.43,50.6,422.0,157.0,48.4,360.0,128.0,25.0,378.0,131.0,12.3,417.0,148.0,,,,35,,Myles,Lewis-Skelly,Lewis-Skelly,,,410,0,0,0,7,0,0,0,3,0,0,2,27,,,,0.0,0.0,1.54,0.44,4.39,6,14,17
11,a,100.0,100.0,5.1,227,32.0,0,0.0,-4,4.0,0.5,259,98.0,38,0,3.8,83.0,31.0,3,151,2.0,151.0,57.0,0.4,7.5,0.0,363652,131,414130,32,3.0,3.0,0.45,0.54,0.99,8.31,0.07,0.08,0.15,1.27,142.6,338.0,128.0,115.8,266.0,75.0,48.0,338.0,109.0,30.7,353.0,119.0,,,,35,,Benjamin,White,White,,,590,0,1,4,6,0,0,0,0,0,0,7,53,,,,0.0,0.61,0.92,1.07,7.47,15,34,23
13,a,,,3.7,827,265.0,0,0.0,-3,3.0,0.4,279,105.0,0,0,0.0,529.0,185.0,0,0,0.0,368.0,127.0,0.0,0.0,0.0,57935,70,82161,36,1.0,1.0,0.0,0.0,0.0,0.0,0.0,0.0,0.0,0.0,0.0,518.0,184.0,0.0,500.0,183.0,0.0,467.0,177.0,0.0,520.0,184.0,,,,35,,Brayden,Clarke,Clarke,,,0,0,0,0,0,0,0,0,0,0,0,0,0,,,,0.0,0.0,0.0,0.0,0.0,0,0,0
14,u,0.0,0.0,3.9,789,231.0,0,0.0,-1,1.0,0.1,499,178.0,0,0,0.0,577.0,209.0,0,0,0.0,429.0,162.0,0.0,0.0,0.0,10218,0,22790,0,0.0,0.0,0.0,0.0,0.0,0.0,0.0,0.0,0.0,0.0,0.0,566.0,208.0,0.0,554.0,208.0,0.0,522.0,203.0,0.0,568.0,208.0,,,,35,,Maldini,Kacurri,Kacurri,has joined Morecambe on loan for the rest of the season.,,0,0,0,0,0,0,0,0,0,0,0,0,0,,,,0.0,0.0,0.0,0.0,0.0,0,0,0
15,a,,,3.7,825,263.0,0,0.0,-3,3.0,0.2,359,130.0,0,0,0.0,528.0,184.0,0,0,0.0,366.0,125.0,0.0,0.0,0.0,33391,12,34096,26,1.0,1.0,0.0,0.0,0.0,0.0,0.0,0.0,0.0,0.0,0.0,517.0,183.0,0.0,498.0,181.0,0.0,465.0,175.0,0.0,519.0,183.0,,,,35,,Josh,Nichols,Nichols,,,0,0,0,0,0,0,0,0,0,0,0,0,0,,,,0.0,0.0,0.0,0.0,0.0,0,0,0
16,a,100.0,100.0,9.8,6,4.0,0,0.0,-2,2.0,7.5,56,19.0,134,0,4.8,23.0,10.0,14,499,0.2,361.0,168.0,0.0,13.7,0.0,4237718,1219,5265336,447,1.2,1.2,7.03,5.76,12.79,14.42,0.32,0.26,0.58,0.65,541.0,85.0,27.0,736.3,13.0,13.0,771.0,8.0,3.0,205.1,11.0,8.0,2.0,2.0,1.0,35,,Bukayo,Saka,Saka,,,2004,6,8,10,16,0,0,0,1,0,0,22,164,,,,0.0,0.45,0.72,0.99,7.37,35,25,104
17,d,75.0,75.0,7.8,19,13.0,0,0.0,-2,2.0,1.6,156,54.0,67,0,3.0,205.0,83.0,5,284,1.2,224.0,103.0,0.2,8.6,0.0,395859,15,654416,320,1.7,1.7,1.04,3.46,4.5,15.25,0.07,0.25,0.32,1.1,287.0,231.0,98.0,531.1,40.0,37.0,159.0,200.0,110.0,97.6,126.0,71.0,4.0,,3.0,35,,Martin,Ødegaard,Ødegaard,Knock - 75% chance of playing,,1250,1,6,5,13,0,0,0,0,0,0,15,97,,,,0.0,0.36,0.94,1.08,6.98,19,13,65
18,a,100.0,100.0,6.8,44,28.0,0,0.0,-2,2.0,0.8,212,72.0,59,0,2.6,262.0,111.0,6,200,1.2,222.0,102.0,0.2,8.7,0.0,381482,64,430682,106,2.2,2.2,1.06,2.31,3.37,11.97,0.09,0.19,0.28,1.01,206.8,284.0,118.0,291.2,129.0,89.0,341.0,82.0,47.0,83.8,165.0,87.0,3.0,,,35,,Noni,Madueke,Madueke,,,1067,2,1,7,9,0,0,0,0,0,0,15,61,,,,0.0,0.59,0.76,1.27,5.15,21,11,29
19,a,100.0,100.0,6.8,45,29.0,0,0.0,-2,2.0,0.9,205,71.0,49,0,1.8,387.0,164.0,1,164,0.5,317.0,148.0,0.1,7.2,0.0,195990,48,273439,67,1.5,1.5,3.99,1.03,5.02,9.53,0.37,0.1,0.47,0.88,175.6,310.0,136.0,170.8,210.0,136.0,359.0,77.0,44.0,69.9,216.0,104.0,,,,35,,Gabriel,Martinelli Silva,Martinelli,,,974,1,4,2,7,0,0,0,3,0,0,10,72,,,,0.0,0.18,0.65,0.92,6.65,12,13,47
20,a,100.0,100.0,6.5,48,30.0,0,0.0,-5,5.0,0.8,222,77.0,101,0,3.6,113.0,50.0,9,365,0.5,316.0,147.0,0.1,15.5,0.0,547235,63,515275,147,1.5,1.5,4.96,2.8,7.76,12.23,0.26,0.15,0.41,0.64,424.6,144.0,48.0,478.5,51.0,44.0,440.0,53.0,31.0,134.6,57.0,36.0,,,4.0,35,,Leandro,Trossard,Trossard,,,1727,5,5,8,15,0,0,0,1,0,0,18,121,,,,0.0,0.42,0.78,0.94,6.31,26,26,69
21,a,100.0,100.0,7.2,31,19.0,0,0.0,7,-7.0,24.2,12,4.0,171,0,5.2,10.0,5.0,23,739,2.0,159.0,68.0,0.3,23.8,0.0,7381215,2337,5472763,4860,3.0,3.0,3.15,6.85,10.0,22.33,0.1,0.22,0.32,0.71,772.2,19.0,6.0,978.3,3.0,3.0,290.0,104.0,64.0,204.2,12.0,9.0,1.0,1.0,,35,,Declan,Rice,Rice,,,2850,4,9,15,25,0,0,0,3,0,0,32,338,,,,0.0,0.47,0.79,1.01,10.67,62,112,164
22,i,0.0,0.0,5.4,159,99.0,0,0.0,-6,6.0,0.8,220,76.0,66,0,3.1,189.0,74.0,5,238,0.0,784.0,345.0,0.0,12.2,0.0,836050,2,846180,39,0.0,0.0,2.99,1.45,4.44,6.59,0.27,0.13,0.4,0.6,304.4,221.0,93.0,187.0,194.0,127.0,237.0,128.0,75.0,72.6,200.0,96.0,,,,35,,Mikel,Merino Zazón,Merino,Foot injury - Unknown return date,,996,4,3,4,9,0,0,0,1,0,0,10,111,,,,0.0,0.36,0.81,0.9,10.03,26,30,55
23,u,0.0,0.0,5.4,166,104.0,0,0.0,-1,1.0,0.0,693,279.0,0,0,0.0,812.0,360.0,0,0,0.0,788.0,347.0,0.0,0.0,0.0,933,0,4442,0,0.0,0.0,0.0,0.0,0.0,0.0,0.0,0.0,0.0,0.0,0.0,811.0,359.0,0.0,810.0,359.0,0.0,808.0,358.0,0.0,811.0,359.0,,,,35,,Fábio,Ferreira Vieira,Fábio Vieira,has joined Hamburger on loan for the rest of the season.,,0,0,0,0,0,0,0,0,0,0,0,0,0,,,,0.0,0.0,0.0,0.0,0.0,0,0,0
24,a,100.0,100.0,5.1,224,136.0,0,0.0,-4,4.0,0.1,440,151.0,6,0,1.0,502.0,230.0,0,19,0.0,764.0,332.0,0.0,1.2,0.0,8025,4,61713,5,1.0,1.0,0.05,0.0,0.05,2.23,0.08,0.0,0.08,3.58,15.8,460.0,204.0,0.4,485.0,234.0,7.0,433.0,208.0,2.4,473.0,213.0,,,,35,,Christian,Nørgaard,Nørgaard,,,56,0,0,0,1,0,0,0,0,0,0,0,11,,,,0.0,0.0,1.61,0.0,17.68,0,7,4
25,u,0.0,0.0,5.0,271,165.0,0,0.0,-5,5.0,0.1,460,157.0,8,0,1.3,440.0,196.0,0,20,0.0,754.0,324.0,0.0,1.6,0.0,13149,0,37157,1,0.0,0.0,0.23,0.08,0.31,0.73,0.13,0.04,0.17,0.4,8.6,474.0,211.0,22.5,399.0,201.0,24.0,381.0,191.0,5.4,453.0,203.0,,,,35,,Ethan,Nwaneri,Nwaneri,has joined Marseille on loan for the rest of the season.,,165,0,0,1,0,0,0,0,0,0,0,0,13,,,,0.0,0.55,0.0,0.0,7.09,2,1,10
26,a,100.0,100.0,5.0,265,161.0,0,0.0,-5,5.0,3.1,108,35.0,128,0,3.8,81.0,36.0,9,575,2.8,97.0,36.0,0.6,25.6,0.0,1368229,496,1290847,632,3.8,3.8,2.84,2.22,5.06,24.55,0.09,0.07,0.16,0.78,580.6,62.0,17.0,354.5,91.0,67.0,271.0,110.0,67.0,120.8,80.0,50.0,,,,35,,Martín,Zubimendi Ibáñez,Zubimendi,,,2835,5,1,16,24,0,0,0,4,0,0,33,295,,,,0.0,0.51,0.76,1.05,9.37,66,119,110
28,u,0.0,0.0,4.5,489,300.0,0,0.0,0,0.0,0.1,493,174.0,0,0,0.0,743.0,309.0,0,0,0.0,660.0,254.0,0.0,0.0,0.0,6731,0,30342,1,0.0,0.0,0.0,0.0,0.0,0.0,0.0,0.0,0.0,0.0,0.0,741.0,307.0,0.0,734.0,307.0,0.0,721.0,303.0,0.0,741.0,307.0,,,,35,,Ismeal,Kabia,Kabia,has joined Shrewsbury Town on loan for the rest of the season.,,0,0,0,0,0,0,0,0,0,0,0,0,0,,,,0.0,0.0,0.0,0.0,0.0,0,0,0
29,u,0.0,0.0,4.5,432,256.0,0,0.0,0,0.0,0.0,588,221.0,0,0,0.0,704.0,275.0,0,0,0.0,612.0,213.0,0.0,0.0,0.0,2952,0,14139,0,0.0,0.0,0.0,0.0,0.0,0.0,0.0,0.0,0.0,0.0,0.0,698.0,269.0,0.0,694.0,272.0,0.0,677.0,265.0,0.0,700.0,271.0,,,,35,,Albert,Sambi Lokonga,Sambi,has joined Hamburger permanently.,,0,0,0,0,0,0,0,0,0,0,0,0,0,,,,0.0,0.0,0.0,0.0,0.0,0,0,0
30,i,0.0,0.0,7.3,27,11.0,0,0.0,-2,2.0,0.6,240,34.0,23,0,2.6,263.0,27.0,0,86,2.8,106.0,16.0,0.4,3.2,0.0,174607,10,236501,1367,0.0,0.0,2.52,0.13,2.65,4.8,0.52,0.03,0.55,0.99,89.8,386.0,44.0,62.0,338.0,42.0,136.0,233.0,46.0,28.9,359.0,44.0,,,,35,,Kai,Havertz,Havertz,Muscle injury - Unknown return date,,437,1,2,3,3,0,0,0,0,0,0,6,25,,,,0.0,0.62,0.62,1.24,5.15,5,8,12
31,a,100.0,100.0,6.4,55,20.0,0,0.0,-1,1.0,0.3,314,49.0,18,0,1.5,418.0,50.0,0,73,0.2,360.0,49.0,0.0,2.8,0.0,150386,42,131912,65,1.2,1.2,1.83,0.23,2.06,3.57,0.52,0.07,0.59,1.01,107.0,371.0,40.0,36.4,376.0,50.0,228.0,135.0,32.0,36.9,333.0,40.0,,,,35,,Gabriel,Fernando de Jesus,G.Jesus,,,318,2,0,0,6,0,0,0,2,0,0,2,26,,,,0.0,0.0,1.7,0.57,7.36,4,4,18
266,a,100.0,100.0,7.3,28,17.0,1,-1.0,-2,2.0,8.8,45,16.0,103,0,3.6,115.0,52.0,8,395,2.2,141.0,58.0,0.3,14.1,0.0,3560480,1706,3841875,359,3.2,3.2,4.13,2.51,6.64,12.51,0.22,0.14,0.36,0.68,374.6,178.0,69.0,268.5,145.0,97.0,388.0,71.0,43.0,102.9,111.0,65.0,,,,35,,Eberechi,Eze,Eze,,,1655,7,3,8,13,0,0,0,1,0,0,19,108,,,,0.0,0.44,0.71,1.03,5.87,18,21,69
662,a,100.0,100.0,5.3,197,25.0,0,0.0,-2,2.0,0.2,398,149.0,29,0,1.8,386.0,142.0,1,158,0.2,352.0,120.0,0.0,5.5,0.0,51770,54,54729,28,1.2,1.2,0.1,0.51,0.61,6.86,0.01,0.06,0.07,0.82,166.6,321.0,124.0,53.2,352.0,124.0,14.0,405.0,149.0,23.4,378.0,130.0,,,,35,,Cristhian,Mosquera,Mosquera,,,754,0,0,2,7,0,0,0,3,0,0,7,90,,,,0.0,0.24,0.84,0.84,9.19,26,51,28
666,a,100.0,100.0,8.8,9,5.0,0,0.0,-2,2.0,12.1,32,8.0,108,0,3.4,141.0,12.0,13,396,1.8,181.0,23.0,0.2,12.3,0.0,3749154,2100,5296282,2588,2.8,2.8,10.28,1.78,12.05,15.71,0.45,0.08,0.53,0.69,446.0,133.0,14.0,225.0,171.0,14.0,665.0,24.0,14.0,132.8,60.0,14.0,,,2.0,35,,Viktor,Gyökeres,Gyökeres,,,2040,12,0,10,13,0,0,0,5,0,0,24,75,,,,0.0,0.44,0.57,1.06,3.31,6,22,47
700,a,100.0,100.0,4.2,651,373.0,0,0.0,-3,3.0,0.8,217,74.0,12,0,3.0,196.0,76.0,0,43,0.2,324.0,150.0,0.0,2.9,0.0,246557,552,169577,278,1.2,1.2,1.11,0.14,1.25,0.67,1.26,0.16,1.42,0.76,41.2,430.0,187.0,38.4,374.0,190.0,57.0,331.0,173.0,13.7,406.0,184.0,,,,35,,Max,Dowman,Dowman,,,79,1,1,0,1,0,0,0,0,0,0,0,7,,,,0.0,0.0,1.14,0.0,7.97,2,0,5
711,a,,,4.4,575,345.0,0,0.0,-1,1.0,0.0,707,287.0,0,0,0.0,693.0,269.0,0,0,0.0,595.0,206.0,0.0,0.0,0.0,2007,0,1917,0,1.0,1.0,0.0,0.0,0.0,0.0,0.0,0.0,0.0,0.0,0.0,687.0,263.0,0.0,682.0,266.0,0.0,663.0,258.0,0.0,689.0,265.0,,,,35,,Andre,Harriman-Annous,Harriman-Annous,,,0,0,0,0,0,0,0,0,0,0,0,0,0,,,,0.0,0.0,0.0,0.0,0.0,0,0,0
725,a,100.0,100.0,5.1,235,36.0,0,0.0,-4,4.0,1.0,193,74.0,84,0,3.7,97.0,37.0,7,317,2.5,118.0,45.0,0.5,16.5,0.0,603456,659,479553,129,3.5,3.5,0.33,1.65,1.98,16.55,0.02,0.09,0.11,0.89,434.8,141.0,62.0,181.0,201.0,52.0,61.0,325.0,102.0,67.5,223.0,78.0,,,,35,,Piero,Hincapié,Hincapie,,,1679,1,2,5,18,1,0,0,2,0,0,19,165,,,,0.0,0.27,0.96,1.02,8.84,47,118,59
759,a,,,4.0,738,205.0,0,0.0,0,0.0,0.0,671,236.0,0,0,0.0,636.0,243.0,0,0,0.0,498.0,203.0,0.0,0.0,0.0,1519,5,1423,3,1.0,1.0,0.0,0.0,0.0,0.0,0.0,0.0,0.0,0.0,0.0,626.0,243.0,0.0,619.0,243.0,0.0,589.0,240.0,0.0,628.0,243.0,,,,35,,Marli,Salmon,Salmon,,,0,0,0,0,0,0,0,0,0,0,0,0,0,,,,0.0,0.0,0.0,0.0,0.0,0,0,0
32,a,100.0,100.0,5.1,223,6.0,0,0.0,1,-1.0,4.7,81,15.0,110,0,3.8,82.0,9.0,10,486,1.2,215.0,16.0,0.2,21.6,0.0,1106324,726,771072,541,1.7,1.2,0.0,0.07,0.07,38.71,0.0,0.0,0.0,1.36,683.8,42.0,11.0,13.2,418.0,5.0,0.0,799.0,91.0,69.6,217.0,11.0,,,,35,,Emiliano,Martínez Romero,Martinez,,,2565,0,0,7,33,0,1,0,2,0,85,29,78,,,,2.98,0.25,1.16,1.02,0.0,0,26,249
33,a,100.0,100.0,4.2,628,29.0,0,0.0,-3,3.0,0.4,295,39.0,14,0,2.3,298.0,29.0,0,65,0.8,257.0,20.0,0.2,3.3,0.0,85328,9,117057,11,1.3,0.8,0.0,0.0,0.0,9.68,0.0,0.0,0.0,1.76,118.2,362.0,27.0,0.0,630.0,80.0,0.0,602.0,66.0,11.8,419.0,27.0,,,,35,,Marco,Bizot,M.Bizot,,,495,0,0,1,9,0,0,0,2,0,17,5,23,,,,3.09,0.18,1.64,0.91,0.0,0,7,50
34,u,0.0,0.0,4.0,692,53.0,0,0.0,0,0.0,0.1,508,75.0,0,0,0.0,599.0,74.0,0,0,0.0,455.0,64.0,0.0,0.0,0.0,0,0,17722,0,0.0,0.0,0.0,0.0,0.0,0.0,0.0,0.0,0.0,0.0,0.0,588.0,74.0,0.0,580.0,62.0,0.0,549.0,48.0,0.0,590.0,74.0,,,,35,,Joe,Gauci,Gauci,Has joined Port Vale on loan for the rest of the season.,,0,0,0,0,0,0,0,0,0,0,0,0,0,,,,0.0,0.0,0.0,0.0,0.0,0,0,0
35,u,0.0,0.0,4.0,691,52.0,0,0.0,0,0.0,0.0,757,88.0,0,0,0.0,598.0,73.0,0,0,0.0,454.0,63.0,0.0,0.0,0.0,0,0,1296,0,0.0,0.0,0.0,0.0,0.0,0.0,0.0,0.0,0.0,0.0,0.0,587.0,73.0,0.0,579.0,61.0,0.0,548.0,47.0,0.0,589.0,73.0,,,,35,,Filip,Marschall,Marschall,Has joined Stevenage permanently.,,0,0,0,0,0,0,0,0,0,0,0,0,0,,,,0.0,0.0,0.0,0.0,0.0,0,0,0
36,a,100.0,100.0,4.7,382,64.0,0,0.0,2,-2.0,8.2,49,16.0,110,0,3.5,120.0,44.0,6,417,1.0,233.0,82.0,0.2,23.4,0.0,2966502,665,2324176,995,1.5,1.0,1.13,2.75,3.88,41.25,0.04,0.09,0.13,1.37,577.0,65.0,30.0,450.8,57.0,9.0,215.0,150.0,30.0,124.3,74.0,15.0,3.0,,,35,,Matty,Cash,Cash,,,2712,3,2,8,32,0,0,0,8,0,0,31,192,,,,0.0,0.27,1.06,1.03,5.61,57,112,80
37,a,100.0,100.0,4.5,410,74.0,0,0.0,0,0.0,1.6,157,61.0,92,0,3.2,164.0,66.0,5,362,1.8,163.0,61.0,0.4,20.4,0.0,350700,158,381481,164,2.3,1.8,0.63,3.1,3.73,26.19,0.03,0.16,0.19,1.36,367.2,182.0,75.0,424.5,67.0,13.0,126.0,244.0,64.0,91.7,146.0,48.0,2.0,2.0,,35,,Lucas,Digne,Digne,,,1736,0,6,7,21,0,0,0,3,0,0,20,129,,,,0.0,0.36,1.09,1.04,5.44,34,71,60
38,a,100.0,100.0,4.4,531,106.0,0,0.0,-1,1.0,7.7,53,17.0,98,0,3.1,181.0,72.0,3,476,0.8,262.0,88.0,0.2,22.3,0.0,828119,244,2153641,650,1.3,0.8,1.27,0.57,1.84,45.71,0.04,0.02,0.06,1.44,572.2,69.0,33.0,106.1,278.0,83.0,122.0,248.0,66.0,80.6,172.0,57.0,,,,35,,Ezri,Konsa Ngoyo,Konsa,,,2855,0,1,9,40,0,0,0,0,1,0,32,213,,,,0.0,0.28,1.26,1.01,5.86,21,165,100
39,a,,,4.2,637,145.0,0,0.0,-3,3.0,0.6,255,96.0,46,0,1.8,366.0,135.0,0,224,1.5,183.0,66.0,0.4,11.0,0.0,88346,11,120748,67,2.0,1.5,1.2,2.24,3.44,22.41,0.08,0.15,0.23,1.51,285.0,235.0,93.0,326.1,108.0,28.0,211.0,153.0,32.0,82.4,167.0,55.0,,,,35,,Ian,Maatsen,Maatsen,,,1332,0,1,2,21,0,0,0,2,0,0,14,115,,,,0.0,0.14,1.42,0.95,6.96,36,67,74
40,a,100.0,100.0,4.3,580,126.0,0,0.0,-2,2.0,0.6,239,92.0,45,0,3.2,162.0,64.0,4,152,0.2,325.0,107.0,0.0,10.5,0.0,160091,21,212424,55,0.7,0.2,1.08,0.39,1.47,19.25,0.09,0.03,0.12,1.65,231.0,266.0,109.0,72.5,319.0,107.0,96.0,277.0,79.0,40.0,320.0,108.0,,,,35,,Tyrone,Mings,Mings,,,1052,0,1,3,18,0,0,0,0,0,0,12,102,,,,0.0,0.26,1.54,1.03,7.36,4,82,33
41,a,100.0,100.0,4.3,587,131.0,0,0.0,-2,2.0,0.3,323,118.0,59,0,3.1,180.0,71.0,2,267,0.8,260.0,86.0,0.2,13.7,0.0,74349,18,100096,17,1.3,0.8,0.63,0.39,1.02,21.25,0.04,0.02,0.06,1.22,302.4,222.0,87.0,46.5,364.0,130.0,55.0,332.0,106.0,40.7,317.0,106.0,,,,35,,Pau,Torres,Pau,,,1566,0,1,5,17,1,0,0,1,0,0,17,132,,,,0.0,0.29,0.98,0.98,6.03,21,84,78
42,a,100.0,100.0,3.9,790,232.0,0,0.0,-1,1.0,0.2,373,137.0,4,0,0.8,517.0,177.0,0,7,0.2,321.0,105.0,0.1,1.0,0.0,29863,6,42436,14,0.7,0.2,0.0,0.01,0.01,1.55,0.0,0.02,0.02,3.67,3.2,491.0,175.0,2.7,459.0,166.0,0.0,523.0,204.0,0.6,499.0,174.0,,,,35,,Andrés,García,A.García,,,38,0,0,0,2,0,0,0,0,0,0,0,1,,,,0.0,0.0,4.74,0.0,2.37,1,0,2
43,u,0.0,0.0,4.0,669,162.0,0,0.0,0,0.0,1.6,159,62.0,0,0,0.0,582.0,211.0,0,0,0.0,434.0,164.0,0.0,0.0,0.0,44476,0,891421,15,0.0,0.0,0.0,0.0,0.0,0.0,0.0,0.0,0.0,0.0,0.0,571.0,210.0,0.0,561.0,210.0,0.0,530.0,206.0,0.0,573.0,210.0,,,,35,,Álex,Moreno Lopera,Alex Moreno,Has joined Girona permanently.,,0,0,0,0,0,0,0,0,0,0,0,0,0,,,,0.0,0.0,0.0,0.0,0.0,0,0,0
44,a,100.0,100.0,4.0,712,184.0,0,0.0,0,0.0,0.5,262,100.0,36,0,1.4,422.0,152.0,4,107,0.5,290.0,94.0,0.1,9.0,0.0,111651,39,97475,38,1.0,0.5,0.0,0.2,0.2,13.0,0.0,0.02,0.02,1.34,115.6,366.0,139.0,55.8,346.0,120.0,14.0,400.0,145.0,18.4,393.0,139.0,,,,35,,Lamare,Bogarde,Bogarde,,,870,0,0,2,14,0,0,0,5,0,0,9,59,,,,0.0,0.21,1.45,0.93,5.17,21,29,37
45,u,0.0,0.0,3.8,808,247.0,0,0.0,-2,2.0,0.2,354,129.0,0,0,0.0,539.0,193.0,0,0,0.0,383.0,139.0,0.0,0.0,0.0,22076,0,39586,13,0.0,0.0,0.0,0.0,0.0,0.0,0.0,0.0,0.0,0.0,0.0,528.0,192.0,0.0,511.0,191.0,0.0,478.0,185.0,0.0,530.0,192.0,,,,35,,Lino,da Cruz Sousa,Sousa,has joined Rotherham on loan for the rest of the season.,,0,0,0,0,0,0,0,0,0,0,0,0,0,,,,0.0,0.0,0.0,0.0,0.0,0,0,0
46,u,0.0,0.0,4.0,728,196.0,0,0.0,0,0.0,0.1,467,173.0,0,0,0.0,627.0,235.0,0,0,0.0,488.0,194.0,0.0,0.0,0.0,4656,0,21142,1,0.0,0.0,0.0,0.0,0.0,0.0,0.0,0.0,0.0,0.0,0.0,617.0,235.0,0.0,610.0,235.0,0.0,580.0,232.0,0.0,619.0,235.0,,,,35,,Yasin,Özcan,Yasin,has joined Anderlecht on loan for the rest of the season.,,0,0,0,0,0,0,0,0,0,0,0,0,0,,,,0.0,0.0,0.0,0.0,0.0,0,0,0
47,a,100.0,100.0,7.5,22,15.0,0,0.0,5,-5.0,25.0,11,3.0,154,0,4.5,33.0,14.0,15,541,4.0,48.0,14.0,0.5,20.5,0.0,6745165,2641,4702273,4795,4.5,4.0,6.62,4.02,10.64,47.34,0.2,0.12,0.32,1.42,665.8,47.0,12.0,634.6,25.0,24.0,822.0,7.0,2.0,211.9,9.0,6.0,,1.0,,35,,Morgan,Rogers,Rogers,,,3010,9,7,9,42,0,0,0,6,0,0,34,205,,,,0.0,0.27,1.26,1.02,6.13,35,45,125
48,a,100.0,100.0,5.9,90,58.0,0,0.0,-1,1.0,0.7,235,82.0,59,0,2.8,226.0,90.0,3,357,1.5,199.0,88.0,0.3,10.0,0.0,167035,64,352194,42,2.0,1.5,1.03,2.86,3.89,27.27,0.06,0.16,0.22,1.56,374.8,176.0,67.0,459.1,56.0,47.0,158.0,203.0,112.0,99.3,122.0,70.0,5.0,,,35,,Youri,Tielemans,Tielemans,,,1571,0,4,4,22,0,0,0,0,0,0,18,172,,,,0.0,0.23,1.26,1.03,9.85,50,44,78
49,a,100.0,100.0,5.5,140,87.0,0,0.0,0,0.0,0.1,468,162.0,14,0,1.4,429.0,188.0,0,44,0.2,354.0,163.0,0.0,2.5,0.0,9341,7,52097,15,0.7,0.2,0.31,1.21,1.52,5.54,0.08,0.31,0.39,1.42,55.2,416.0,181.0,123.1,258.0,159.0,59.0,329.0,172.0,23.8,375.0,177.0,4.0,,,35,,Leon,Bailey,Bailey,,,350,0,1,0,8,0,0,0,1,0,0,2,35,,,,0.0,0.0,2.06,0.51,9.0,7,3,25
50,a,100.0,100.0,5.3,184,116.0,0,0.0,-2,2.0,0.4,299,104.0,87,0,2.7,240.0,95.0,8,309,1.0,242.0,109.0,0.2,16.4,0.0,228262,31,210438,65,1.5,1.0,3.15,1.95,5.1,25.36,0.18,0.11,0.29,1.46,353.8,192.0,75.0,341.3,99.0,70.0,327.0,88.0,51.0,100.9,116.0,68.0,,6.0,2.0,35,,Emiliano,Buendía Stati,Buendía,,,1558,5,2,3,22,0,0,0,6,0,0,19,170,,,,0.0,0.17,1.27,1.1,9.82,39,32,99
51,u,0.0,0.0,5.5,146,92.0,0,0.0,0,0.0,0.0,695,280.0,0,0,0.0,818.0,365.0,0,0,0.0,799.0,355.0,0.0,0.0,0.0,1383,0,3809,0,0.0,0.0,0.0,0.0,0.0,0.0,0.0,0.0,0.0,0.0,0.0,817.0,364.0,0.0,816.0,364.0,0.0,814.0,363.0,0.0,817.0,364.0,,,,35,,Samuel,Iling-Junior,Iling Jr,has joined Pisa on loan for the rest of the season.,,0,0,0,0,0,0,0,0,0,0,0,0,0,,,,0.0,0.0,0.0,0.0,0.0,0,0,0
53,u,0.0,0.0,5.1,228,138.0,0,0.0,-4,4.0,0.4,290,101.0,55,0,2.6,256.0,106.0,3,161,0.0,765.0,333.0,0.0,10.8,0.0,172896,0,340441,12,0.0,0.0,4.03,0.35,4.38,10.59,0.57,0.05,0.62,1.49,183.4,305.0,132.0,99.7,290.0,171.0,290.0,103.0,63.0,56.3,260.0,129.0,,,,35,,Donyell,Malen,Malen,has joined Roma on loan for the rest of the season.,,640,4,2,1,10,0,0,0,0,0,0,5,16,,,,0.0,0.14,1.41,0.7,2.25,4,2,10
54,a,100.0,100.0,5.3,182,114.0,0,0.0,-2,2.0,0.7,227,79.0,91,0,3.4,139.0,61.0,6,389,2.0,153.0,63.0,0.4,17.2,0.0,250187,165,257041,154,2.5,2.0,2.72,3.49,6.21,30.18,0.12,0.16,0.28,1.39,394.2,161.0,57.0,553.7,34.0,31.0,237.0,126.0,73.0,118.3,84.0,51.0,,,,35,,John,McGinn,McGinn,,,1959,4,3,8,25,0,0,0,4,0,0,26,139,,,,0.0,0.37,1.15,1.19,6.39,27,31,81
55,a,100.0,100.0,4.8,347,217.0,0,0.0,-2,2.0,0.1,504,183.0,40,0,2.4,282.0,117.0,3,171,1.2,209.0,94.0,0.3,8.3,0.0,15356,15,16197,27,1.7,1.2,0.81,1.11,1.92,8.09,0.13,0.18,0.31,1.32,164.2,324.0,145.0,115.5,267.0,164.0,131.0,238.0,130.0,41.1,314.0,154.0,,,,35,,Ross,Barkley,Barkley,,,551,2,1,1,8,0,0,0,0,0,0,4,57,,,,0.0,0.16,1.31,0.65,9.31,10,14,33
56,u,0.0,0.0,5.0,268,163.0,0,0.0,0,0.0,0.0,830,373.0,0,0,0.0,800.0,352.0,0,0,0.0,753.0,323.0,0.0,0.0,0.0,0,0,36,0,0.0,0.0,0.0,0.0,0.0,0.0,0.0,0.0,0.0,0.0,0.0,799.0,351.0,0.0,797.0,351.0,0.0,792.0,349.0,0.0,799.0,351.0,,,,35,,Enzo,Barrenechea,Barrenechea,Season-long loan to Benfica,,0,0,0,0,0,0,0,0,0,0,0,0,0,,,,0.0,0.0,0.0,0.0,0.0,0,0,0
57,u,0.0,0.0,5.0,261,159.0,0,0.0,0,0.0,0.0,669,268.0,0,0,0.0,796.0,349.0,0,0,0.0,749.0,320.0,0.0,0.0,0.0,889,0,5451,0,0.0,0.0,0.0,0.0,0.0,0.0,0.0,0.0,0.0,0.0,0.0,795.0,348.0,0.0,793.0,348.0,0.0,788.0,346.0,0.0,795.0,348.0,,,,35,,Lewis,Dobbin,Dobbin,Has joined Preston North End on loan for the rest of the season.,,0,0,0,0,0,0,0,0,0,0,0,0,0,,,,0.0,0.0,0.0,0.0,0.0,0,0,0
58,i,0.0,0.0,4.9,311,193.0,0,0.0,-1,1.0,0.2,399,134.0,61,0,3.4,136.0,59.0,7,282,0.0,722.0,299.0,0.0,12.4,0.0,111486,0,121026,5,0.0,0.0,0.53,0.84,1.36,20.8,0.03,0.05,0.08,1.33,325.0,203.0,85.0,241.3,163.0,109.0,75.0,303.0,161.0,64.2,231.0,112.0,,,,35,,Boubacar,Kamara,Kamara,Knee injury - Expected back 01 Jun,,1410,1,3,5,15,0,0,0,5,0,0,17,149,,,,0.0,0.32,0.96,1.09,9.51,38,46,65
59,i,0.0,0.0,4.8,363,225.0,0,0.0,-2,2.0,0.7,234,81.0,75,0,3.1,185.0,72.0,4,348,1.0,236.0,106.0,0.2,15.6,0.0,168080,1,288113,271,0.0,0.0,1.68,0.69,2.37,28.4,0.09,0.04,0.13,1.47,409.6,154.0,53.0,151.1,229.0,146.0,178.0,184.0,102.0,73.9,194.0,94.0,,,,35,,Amadou,Onana,Onana,Knock - Unknown return date,,1738,2,0,6,26,0,0,0,3,0,0,21,217,,,,0.0,0.31,1.35,1.09,11.24,47,98,72
60,u,0.0,0.0,4.4,568,341.0,0,0.0,-1,1.0,0.2,356,121.0,0,0,0.0,689.0,267.0,0,0,0.0,588.0,202.0,0.0,0.0,0.0,38290,0,52413,9,0.0,0.0,0.0,0.0,0.0,0.0,0.0,0.0,0.0,0.0,0.0,683.0,261.0,0.0,678.0,264.0,0.0,659.0,256.0,0.0,685.0,263.0,,,,35,,Ben,Broggio,Broggio,has joined Falkirk on loan for the rest of the season.,,0,0,0,0,0,0,0,0,0,0,0,0,0,,,,0.0,0.0,0.0,0.0,0.0,0,0,0
61,u,0.0,0.0,4.5,413,250.0,0,0.0,0,0.0,0.1,544,201.0,0,0,0.0,696.0,270.0,0,0,0.0,599.0,207.0,0.0,0.0,0.0,2169,0,33792,0,0.0,0.0,0.0,0.0,0.0,0.0,0.0,0.0,0.0,0.0,0.0,690.0,264.0,0.0,685.0,267.0,0.0,666.0,259.0,0.0,692.0,266.0,,,,35,,Leander,Dendoncker,Dendoncker,Has joined Real Oviedo permanently.,,0,0,0,0,0,0,0,0,0,0,0,0,0,,,,0.0,0.0,0.0,0.0,0.0,0,0,0
62,u,0.0,0.0,4.5,473,288.0,0,0.0,0,0.0,0.1,573,214.0,1,0,1.0,486.0,218.0,0,3,0.0,644.0,242.0,0.0,0.2,0.0,8790,0,10944,0,0.0,0.0,0.0,0.0,0.0,0.61,0.0,0.0,0.0,6.86,0.2,513.0,233.0,0.3,488.0,237.0,0.0,708.0,293.0,0.1,515.0,235.0,,,,35,,Jamaldeen,Jimoh-Aloba,Jimoh-Aloba,has joined West Brom on loan for the rest of the season.,,8,0,0,0,0,0,0,0,0,0,0,0,1,,,,0.0,0.0,0.0,0.0,11.25,0,0,1
63,u,0.0,0.0,4.3,608,357.0,0,0.0,-2,2.0,0.5,272,94.0,0,0,0.0,660.0,248.0,0,0,0.0,546.0,177.0,0.0,0.0,0.0,102090,0,134017,34,0.0,0.0,0.0,0.0,0.0,0.0,0.0,0.0,0.0,0.0,0.0,650.0,238.0,0.0,646.0,243.0,0.0,623.0,232.0,0.0,652.0,240.0,,,,35,,Kadan,Young,Young,has joined Reading on loan for the rest of the season.,,0,0,0,0,0,0,0,0,0,0,0,0,0,,,,0.0,0.0,0.0,0.0,0.0,0,0,0
64,a,100.0,100.0,8.8,8,4.0,0,0.0,-2,2.0,15.5,21,5.0,129,0,3.9,76.0,7.0,17,463,5.0,19.0,4.0,0.6,14.7,0.0,3540160,4442,4604612,5021,5.5,5.0,12.48,1.14,13.62,38.8,0.44,0.04,0.48,1.38,522.4,91.0,8.0,300.4,124.0,8.0,958.0,4.0,4.0,177.5,24.0,5.0,,,3.0,35,,Ollie,Watkins,Watkins,,,2533,11,3,9,33,0,0,0,3,0,0,30,89,,,,0.0,0.32,1.17,1.07,3.16,21,21,47
65,u,0.0,0.0,4.5,486,68.0,0,0.0,0,0.0,0.3,333,54.0,0,0,0.0,741.0,79.0,0,0,0.0,657.0,68.0,0.0,0.0,0.0,17574,0,85339,4,0.0,0.0,0.0,0.0,0.0,0.0,0.0,0.0,0.0,0.0,0.0,738.0,79.0,0.0,732.0,78.0,0.0,719.0,78.0,0.0,739.0,79.0,,,,35,,Zépiqueno,Redmond,Redmond,has joined Huddersfield Town on loan for the rest of the season.,,0,0,0,0,0,0,0,0,0,0,0,0,0,,,,0.0,0.0,0.0,0.0,0.0,0,0,0
389,a,100.0,100.0,5.1,234,141.0,0,0.0,-4,4.0,0.2,402,136.0,5,0,1.0,504.0,232.0,0,17,0.0,767.0,335.0,0.0,1.0,0.0,94689,10,103991,7,0.5,0.0,0.29,0.08,0.37,1.74,0.24,0.07,0.31,1.42,11.8,467.0,206.0,31.7,387.0,195.0,31.0,368.0,189.0,7.4,439.0,198.0,,,,35,,Harvey,Elliott,Elliott,,,110,0,0,0,2,0,0,0,0,0,0,1,6,,,,0.0,0.0,1.64,0.82,4.91,0,2,4
456,a,100.0,100.0,5.8,107,69.0,0,0.0,-2,2.0,0.2,367,124.0,34,0,1.6,405.0,173.0,0,129,0.5,312.0,143.0,0.1,5.9,0.0,52408,12,55508,20,1.0,0.5,0.61,1.84,2.45,12.85,0.07,0.21,0.28,1.49,125.0,354.0,159.0,286.8,135.0,91.0,193.0,168.0,93.0,60.7,246.0,121.0,6.0,,,35,,Jadon,Sancho,Sancho,,,778,0,2,2,7,0,0,0,0,0,0,8,39,,,,0.0,0.23,0.81,0.93,4.51,6,11,22
688,a,,,3.9,773,84.0,0,0.0,-1,1.0,0.6,251,34.0,0,0,0.0,564.0,55.0,0,0,0.0,414.0,43.0,0.0,0.0,0.0,62217,9,47807,20,0.5,0.0,0.0,0.0,0.0,0.0,0.0,0.0,0.0,0.0,0.0,553.0,55.0,0.0,540.0,38.0,0.0,508.0,24.0,0.0,555.0,55.0,,,,35,,James,Wright,Wright,,,0,0,0,0,0,0,0,0,0,0,0,0,0,,,,0.0,0.0,0.0,0.0,0.0,0,0,0
699,a,100.0,100.0,4.9,313,194.0,0,0.0,-1,1.0,0.1,516,187.0,31,0,1.7,396.0,169.0,0,191,0.2,345.0,158.0,0.0,6.3,0.0,28860,11,24699,21,0.7,0.2,0.5,1.4,1.9,11.58,0.05,0.15,0.2,1.26,176.6,308.0,135.0,291.9,128.0,88.0,87.0,291.0,157.0,55.6,263.0,131.0,1.0,,,35,,Douglas Luiz,Soares de Paulo,Douglas Luiz,,,830,1,1,1,13,0,0,0,3,0,0,11,93,,,,0.0,0.11,1.41,1.19,10.08,20,24,49
701,u,0.0,0.0,4.0,725,193.0,0,0.0,0,0.0,0.1,546,192.0,0,0,0.0,624.0,232.0,0,0,0.0,485.0,191.0,0.0,0.0,0.0,8943,0,10814,2,0.0,0.0,0.0,0.0,0.0,0.0,0.0,0.0,0.0,0.0,0.0,614.0,232.0,0.0,607.0,232.0,0.0,577.0,229.0,0.0,616.0,232.0,,,,35,,Triston,Rowe,Rowe,has joined Annecy on loan for the rest of the season.,,0,0,0,0,0,0,0,0,0,0,0,0,0,,,,0.0,0.0,0.0,0.0,0.0,0,0,0
702,a,,,4.3,624,371.0,0,0.0,-2,2.0,0.1,497,178.0,1,0,1.0,475.0,208.0,0,3,0.0,559.0,188.0,0.0,0.2,0.0,13536,63,10109,15,0.5,0.0,0.0,0.0,0.0,0.9,0.0,0.0,0.0,5.06,0.0,661.0,248.0,0.3,487.0,236.0,0.0,634.0,242.0,0.0,663.0,250.0,,,,35,,Bradley,Burrowes,Burrowes,,,16,0,0,0,1,0,0,0,0,0,0,0,1,,,,0.0,0.0,5.62,0.0,5.62,0,0,1
703,a,,,3.9,784,91.0,0,0.0,-1,1.0,0.6,248,33.0,0,0,0.0,573.0,61.0,0,0,0.0,424.0,49.0,0.0,0.0,0.0,94833,5,49807,32,0.5,0.0,0.0,0.0,0.0,0.0,0.0,0.0,0.0,0.0,0.0,562.0,61.0,0.0,550.0,45.0,0.0,518.0,31.0,0.0,564.0,61.0,,,,35,,Sam,Proctor,Proctor,,,0,0,0,0,0,0,0,0,0,0,0,0,0,,,,0.0,0.0,0.0,0.0,0.0,0,0,0
710,a,,,3.9,781,227.0,0,0.0,-1,1.0,0.2,387,143.0,0,0,0.0,570.0,206.0,0,0,0.0,421.0,158.0,0.0,0.0,0.0,33775,1,24016,7,0.5,0.0,0.0,0.0,0.0,0.0,0.0,0.0,0.0,0.0,0.0,559.0,205.0,0.0,547.0,205.0,0.0,515.0,200.0,0.0,561.0,205.0,,,,35,,Travis,Patterson,Patterson,,,0,0,0,0,0,0,0,0,0,0,0,0,0,,,,0.0,0.0,0.0,0.0,0.0,0,0,0
719,a,100.0,100.0,4.5,418,79.0,0,0.0,0,0.0,0.1,484,175.0,24,0,1.8,370.0,138.0,0,99,0.5,297.0,99.0,0.1,5.3,0.0,22124,9,15989,7,1.0,0.5,0.28,0.07,0.35,11.9,0.04,0.01,0.05,1.62,130.0,348.0,132.0,28.9,389.0,140.0,22.0,387.0,136.0,18.2,394.0,140.0,,,,35,,Victor,Lindelöf,Lindelöf,,,662,0,1,1,10,0,0,0,0,0,0,7,38,,,,0.0,0.14,1.36,0.95,5.17,5,33,14
754,a,,,4.5,487,298.0,0,0.0,0,0.0,0.0,750,318.0,2,0,1.0,490.0,221.0,0,5,0.0,658.0,252.0,0.0,0.4,0.0,1289,1,847,1,0.5,0.0,0.04,0.01,0.05,0.61,0.14,0.04,0.18,2.2,0.0,739.0,305.0,1.7,469.0,225.0,2.0,453.0,222.0,0.3,507.0,231.0,,,,35,,George,Hemmings,George Hemmings,,,25,0,0,0,0,0,0,0,0,0,0,0,1,,,,0.0,0.0,0.0,0.0,3.6,0,0,1
757,a,,,4.0,714,63.0,0,0.0,0,0.0,0.0,702,83.0,0,0,0.0,614.0,83.0,0,0,0.0,474.0,74.0,0.0,0.0,0.0,1460,3,1059,4,0.5,0.0,0.0,0.0,0.0,0.0,0.0,0.0,0.0,0.0,0.0,604.0,83.0,0.0,597.0,72.0,0.0,566.0,58.0,0.0,606.0,83.0,,,,35,,Ronnie,Hollingshead,Hollingshead,,,0,0,0,0,0,0,0,0,0,0,0,0,0,,,,0.0,0.0,0.0,0.0,0.0,0,0,0
768,a,,,4.0,747,214.0,0,0.0,0,0.0,0.0,688,243.0,0,0,0.0,642.0,249.0,0,0,0.0,506.0,211.0,0.0,0.0,0.0,785,0,747,1,0.5,0.0,0.0,0.0,0.0,0.0,0.0,0.0,0.0,0.0,0.0,632.0,249.0,0.0,625.0,249.0,0.0,596.0,247.0,0.0,634.0,249.0,,,,35,,Leon,Routh,Leon Routh,,,0,0,0,0,0,0,0,0,0,0,0,0,0,,,,0.0,0.0,0.0,0.0,0.0,0,0,0
781,a,,,4.0,740,207.0,0,0.0,0,0.0,0.0,700,247.0,0,0,0.0,637.0,244.0,0,0,0.0,500.0,205.0,0.0,0.0,0.0,937,4,643,1,0.5,0.0,0.0,0.0,0.0,0.0,0.0,0.0,0.0,0.0,0.0,627.0,244.0,0.0,620.0,244.0,0.0,590.0,241.0,0.0,629.0,244.0,,,,35,,TJ,Carroll,Carroll,,,0,0,0,0,0,0,0,0,0,0,0,0,0,,,,0.0,0.0,0.0,0.0,0.0,0,0,0
792,a,100.0,100.0,5.0,283,175.0,0,0.0,0,0.0,0.0,785,342.0,3,0,1.0,501.0,229.0,0,11,0.0,763.0,331.0,0.0,0.6,0.0,383,2,261,1,0.5,0.0,0.05,0.05,0.1,1.87,0.1,0.1,0.2,3.58,3.2,493.0,225.0,3.5,457.0,219.0,10.0,421.0,206.0,1.5,484.0,220.0,,,,35,,Alysson Edward Franco,da Rocha dos Santos,Alysson,,,47,0,0,0,2,0,0,0,0,0,0,0,4,,,,0.0,0.0,3.83,0.0,7.66,0,1,3
808,a,,,5.8,105,30.0,0,0.0,-2,2.0,0.2,388,60.0,22,0,2.0,348.0,39.0,2,91,1.8,175.0,22.0,0.3,3.8,0.0,90740,52,69801,103,2.3,1.8,2.05,0.36,2.41,4.16,0.84,0.15,0.99,1.71,87.0,389.0,45.0,47.9,361.0,46.0,136.0,232.0,45.0,26.9,370.0,46.0,,,,35,,Tammy,Abraham,Abraham,,,219,2,0,0,6,0,0,0,0,0,0,1,11,,,,0.0,0.0,2.47,0.41,4.52,4,2,5
183,a,,,4.2,644,35.0,0,0.0,-3,3.0,0.1,455,66.0,0,0,0.0,649.0,92.0,0,0,0.0,522.0,84.0,0.0,0.0,0.0,8427,6,18242,6,-0.5,-0.5,0.0,0.0,0.0,0.0,0.0,0.0,0.0,0.0,0.0,640.0,92.0,0.0,634.0,83.0,0.0,609.0,72.0,0.0,642.0,92.0,,,,35,,Max,Weiß,Weiss,,,0,0,0,0,0,0,0,0,0,0,0,0,0,,,,0.0,0.0,0.0,0.0,0.0,0,0,0
184,u,0.0,0.0,4.0,698,57.0,0,0.0,0,0.0,0.2,409,58.0,0,0,0.0,604.0,78.0,0,0,0.0,461.0,68.0,0.0,0.0,0.0,4943,0,34528,1,0.0,0.0,0.0,0.0,0.0,0.0,0.0,0.0,0.0,0.0,0.0,593.0,78.0,0.0,585.0,66.0,0.0,554.0,52.0,0.0,595.0,78.0,,,,35,,Etienne,Green,Green,has joined FC Fredericia permanently.,,0,0,0,0,0,0,0,0,0,0,0,0,0,,,,0.0,0.0,0.0,0.0,0.0,0,0,0
185,a,,,3.9,748,68.0,0,0.0,-1,1.0,0.2,417,59.0,0,0,0.0,548.0,42.0,0,0,0.0,395.0,29.0,0.0,0.0,0.0,15527,2,22164,5,-0.5,-0.5,0.0,0.0,0.0,0.0,0.0,0.0,0.0,0.0,0.0,537.0,42.0,0.0,521.0,22.0,0.0,489.0,8.0,0.0,539.0,42.0,,,,35,,Václav,Hladký,Hladký,,,0,0,0,0,0,0,0,0,0,0,0,0,0,,,,0.0,0.0,0.0,0.0,0.0,0,0,0
186,i,0.0,0.0,4.3,583,128.0,0,0.0,-2,2.0,0.0,659,233.0,0,0,0.0,655.0,253.0,0,0,0.0,532.0,225.0,0.0,0.0,0.0,1791,1,9408,1,0.0,0.0,0.0,0.0,0.0,0.0,0.0,0.0,0.0,0.0,0.0,645.0,253.0,0.0,640.0,253.0,0.0,615.0,252.0,0.0,647.0,253.0,,,,35,,Connor,Roberts,Roberts,Achilles injury - Unknown return date,,0,0,0,0,0,0,0,0,0,0,0,0,0,,,,0.0,0.0,0.0,0.0,0.0,0,0,0
187,a,100.0,100.0,4.4,524,100.0,0,0.0,-1,1.0,1.1,188,73.0,65,1,2.0,340.0,125.0,3,216,0.8,261.0,87.0,0.2,14.8,0.0,159518,26,273850,67,0.3,0.3,0.15,1.22,1.37,62.75,0.0,0.04,0.04,2.0,470.2,122.0,55.0,217.3,176.0,44.0,26.0,376.0,129.0,71.6,209.0,72.0,,,,35,,Kyle,Walker,Walker,,,2825,0,2,4,62,0,0,0,9,0,0,32,251,,,,0.0,0.13,1.98,1.02,6.31,49,149,142
188,u,0.0,0.0,3.8,799,239.0,0,0.0,-2,2.0,0.2,384,141.0,0,0,0.0,535.0,189.0,0,0,0.0,376.0,133.0,0.0,0.0,0.0,26052,0,43407,10,0.0,0.0,0.0,0.0,0.0,0.0,0.0,0.0,0.0,0.0,0.0,524.0,188.0,0.0,506.0,187.0,0.0,473.0,181.0,0.0,526.0,188.0,,,,35,,Hannes,Delcroix,Delcroix,has joined Lugano permanently.,,0,0,0,0,0,0,0,0,0,0,0,0,0,,,,0.0,0.0,0.0,0.0,0.0,0,0,0
189,u,0.0,0.0,4.0,690,174.0,0,0.0,0,0.0,0.0,733,254.0,0,0,0.0,597.0,219.0,0,0,0.0,453.0,174.0,0.0,0.0,0.0,0,0,2392,0,0.0,0.0,0.0,0.0,0.0,0.0,0.0,0.0,0.0,0.0,0.0,586.0,218.0,0.0,578.0,218.0,0.0,547.0,214.0,0.0,588.0,218.0,,,,35,,Owen,Dodgson,Dodgson,Has joined Stockport County on loan for the rest of the season.,,0,0,0,0,0,0,0,0,0,0,0,0,0,,,,0.0,0.0,0.0,0.0,0.0,0,0,0
190,a,,,3.8,805,245.0,0,0.0,-2,2.0,0.7,228,87.0,52,3,2.7,229.0,89.0,2,161,2.0,142.0,52.0,0.5,13.7,0.0,251367,74,217115,50,1.5,1.5,0.25,0.32,0.57,31.07,0.01,0.02,0.03,1.82,372.0,181.0,74.0,55.8,345.0,119.0,88.0,289.0,85.0,51.7,276.0,88.0,,,,35,,Hjalmar,Ekdal,Ekdal,,,1539,0,0,2,34,0,0,0,0,0,0,17,188,,,,0.0,0.12,1.99,0.99,10.18,24,150,49
191,a,100.0,100.0,3.9,772,223.0,0,0.0,-1,1.0,6.9,59,19.0,80,3,2.5,265.0,100.0,0,249,2.8,92.0,37.0,0.7,20.5,0.0,805473,114,2089576,418,2.3,2.3,0.73,0.58,1.31,64.39,0.02,0.02,0.04,2.1,697.4,39.0,15.0,92.1,298.0,95.0,97.0,275.0,78.0,88.8,150.0,52.0,,,,35,,Maxime,Estève,Estève,,,2762,0,0,3,67,2,0,0,1,0,0,32,338,,,,0.0,0.1,2.18,1.04,10.17,40,272,107
192,a,,,4.0,703,180.0,0,0.0,0,0.0,0.6,253,95.0,63,1,3.0,195.0,77.0,0,226,2.5,109.0,41.0,0.6,15.8,0.0,190192,26,190683,69,2.0,2.0,0.32,1.98,2.3,42.87,0.02,0.1,0.12,2.11,422.2,148.0,64.0,288.8,134.0,36.0,83.0,294.0,86.0,79.5,176.0,58.0,,,,35,,Quilindschy,Hartman,Hartman,,,1825,0,6,3,40,0,0,0,1,0,0,21,173,,,,0.0,0.15,1.97,1.04,7.55,52,101,69
193,a,100.0,100.0,3.9,768,221.0,0,0.0,-1,1.0,0.1,451,170.0,44,0,2.4,278.0,105.0,1,196,1.0,226.0,76.0,0.3,11.3,0.0,22262,2,19436,23,0.5,0.5,0.4,0.67,1.07,33.19,0.02,0.04,0.06,2.02,355.6,189.0,77.0,132.1,249.0,66.0,99.0,273.0,77.0,58.5,251.0,84.0,,,,35,,Bashir,Humphreys,Humphreys,,,1476,0,2,2,32,0,0,0,6,0,0,16,136,,,,0.0,0.12,1.95,0.98,8.29,27,109,64
194,i,0.0,0.0,3.9,764,218.0,0,0.0,-1,1.0,0.1,571,203.0,0,0,0.0,558.0,201.0,0,0,0.0,408.0,152.0,0.0,0.0,0.0,2207,2,15855,3,0.0,0.0,0.0,0.0,0.0,0.0,0.0,0.0,0.0,0.0,0.0,547.0,200.0,0.0,534.0,200.0,0.0,502.0,195.0,0.0,549.0,200.0,,,,35,,Jordan,Beyer,Jordan,Hamstring injury - Unknown return date,,0,0,0,0,0,0,0,0,0,0,0,0,0,,,,0.0,0.0,0.0,0.0,0.0,0,0,0
486,a,100.0,100.0,6.5,52,33.0,0,0.0,-5,5.0,2.7,119,37.0,46,0,1.5,419.0,182.0,0,174,1.0,252.0,116.0,0.2,7.1,0.0,582822,61,1198963,149,1.0,0.5,1.44,1.71,3.15,20.47,0.1,0.12,0.22,1.45,129.6,350.0,158.0,266.1,148.0,99.0,179.0,183.0,101.0,57.2,258.0,127.0,5.0,,,35,,Anthony,Elanga,Elanga,,,1273,0,1,2,27,0,0,0,0,0,0,14,54,,,,0.0,0.14,1.91,0.99,3.82,14,9,31
197,u,0.0,0.0,3.8,811,250.0,0,0.0,-2,2.0,0.2,400,150.0,13,0,1.9,351.0,129.0,0,20,0.0,386.0,142.0,0.0,3.4,0.0,34622,0,36687,16,0.0,0.0,0.55,0.08,0.63,3.79,0.3,0.04,0.34,2.08,44.8,425.0,158.0,18.1,407.0,149.0,30.0,370.0,124.0,9.2,427.0,154.0,,,,35,,Oliver,Sonne,Sonne,has joined Sparta Prague on loan for the rest of the season.,,164,1,0,0,4,0,0,0,0,0,0,1,10,,,,0.0,0.0,2.2,0.55,3.84,2,5,4
198,a,100.0,100.0,3.9,759,216.0,0,0.0,-1,1.0,0.9,207,82.0,27,0,2.5,264.0,99.0,0,81,0.0,404.0,151.0,0.0,6.9,0.0,138154,7,302113,25,-0.5,-0.5,0.61,0.11,0.72,24.88,0.06,0.01,0.07,2.41,225.2,272.0,110.0,9.8,438.0,155.0,52.0,334.0,107.0,28.9,358.0,122.0,,,,35,,Axel,Tuanzebe,Tuanzebe,,,931,1,0,1,22,1,0,0,1,0,0,11,106,,,,0.0,0.1,2.13,1.06,9.38,12,85,29
199,a,100.0,100.0,3.8,796,236.0,0,0.0,-2,2.0,0.2,380,138.0,20,0,1.8,363.0,132.0,0,40,0.0,374.0,131.0,0.0,5.3,0.0,31520,4,29604,34,-0.5,-0.5,0.08,0.02,0.1,11.68,0.01,0.0,0.01,2.12,147.4,334.0,127.0,1.5,470.0,171.0,19.0,392.0,139.0,17.0,397.0,141.0,,,,35,,Joe,Worrall,Worrall,,,496,0,0,0,11,0,0,0,0,0,0,5,77,,,,0.0,0.0,2.0,0.91,13.79,4,72,10
200,a,100.0,100.0,5.0,260,158.0,0,0.0,-5,5.0,1.9,146,48.0,116,5,3.4,137.0,60.0,6,469,2.8,96.0,35.0,0.6,23.2,0.0,1285312,76,1147457,249,2.3,2.3,4.47,2.76,7.23,54.62,0.16,0.1,0.26,2.0,539.4,87.0,29.0,514.7,44.0,40.0,563.0,31.0,15.0,161.7,31.0,24.0,2.0,,,35,,Jaidon,Anthony,Anthony,,,2456,7,4,4,55,0,0,0,4,0,0,29,216,,,,0.0,0.15,2.02,1.06,7.92,40,46,130
201,u,0.0,0.0,5.4,157,97.0,0,0.0,-1,1.0,0.0,719,297.0,0,0,0.0,809.0,358.0,0,0,0.0,783.0,344.0,0.0,0.0,0.0,1070,0,3158,0,0.0,0.0,0.0,0.0,0.0,0.0,0.0,0.0,0.0,0.0,0.0,808.0,357.0,0.0,807.0,357.0,0.0,805.0,356.0,0.0,808.0,357.0,,,,35,,Manuel,Benson Hedilazio,Benson,has joined Maccabi Haifa permanently.,,0,0,0,0,0,0,0,0,0,0,0,0,0,,,,0.0,0.0,0.0,0.0,0.0,0,0,0
202,a,100.0,100.0,5.2,203,125.0,0,0.0,-3,3.0,0.0,623,240.0,38,0,1.5,414.0,179.0,0,112,0.5,305.0,141.0,0.1,7.3,0.0,6537,2,9144,5,0.0,0.0,1.35,1.07,2.42,23.03,0.12,0.1,0.22,2.08,114.8,369.0,165.0,193.2,192.0,125.0,132.0,237.0,129.0,44.0,301.0,149.0,,2.0,3.0,35,,Jacob,Bruun Larsen,Bruun Larsen,,,998,0,1,3,29,0,0,0,0,0,0,10,63,,,,0.0,0.27,2.62,0.9,5.68,12,20,31
203,a,,,4.7,394,245.0,0,0.0,-3,3.0,0.0,593,223.0,0,0,0.0,773.0,332.0,0,0,0.0,702.0,284.0,0.0,0.0,0.0,4641,5,7704,3,-0.5,-0.5,0.0,0.0,0.0,0.0,0.0,0.0,0.0,0.0,0.0,772.0,331.0,0.0,767.0,331.0,0.0,758.0,328.0,0.0,772.0,331.0,,,,35,,Enock,Agyei,Boateng,,,0,0,0,0,0,0,0,0,0,0,0,0,0,,,,0.0,0.0,0.0,0.0,0.0,0,0,0
204,u,0.0,0.0,4.9,317,197.0,0,0.0,-1,1.0,0.0,732,305.0,0,0,0.0,782.0,338.0,0,0,0.0,725.0,302.0,0.0,0.0,0.0,160,0,2091,0,0.0,0.0,0.0,0.0,0.0,0.0,0.0,0.0,0.0,0.0,0.0,781.0,337.0,0.0,777.0,337.0,0.0,773.0,335.0,0.0,781.0,337.0,,,,35,,Darko,Churlinov,Churlinov,has joined Kocaelispor  permanently.,,0,0,0,0,0,0,0,0,0,0,0,0,0,,,,0.0,0.0,0.0,0.0,0.0,0,0,0
205,i,0.0,0.0,4.9,296,183.0,0,0.0,-1,1.0,0.8,214,73.0,70,0,3.9,68.0,31.0,8,321,0.0,715.0,295.0,0.0,14.3,0.0,568749,0,544704,28,0.0,0.0,0.94,1.36,2.3,32.5,0.06,0.08,0.14,1.93,342.0,194.0,77.0,218.1,174.0,116.0,98.0,274.0,149.0,66.0,226.0,109.0,,,,35,,Josh,Cullen,Cullen,Knee injury - Expected back 30 Sep,,1513,2,2,3,29,1,0,0,2,0,0,18,173,,,,0.0,0.18,1.73,1.07,10.29,32,68,73
206,a,100.0,100.0,4.7,380,237.0,0,0.0,-3,3.0,0.1,492,173.0,50,0,2.3,303.0,128.0,2,180,1.2,207.0,92.0,0.3,10.6,0.0,26775,8,28322,21,0.7,0.7,1.48,1.7,3.18,24.12,0.13,0.15,0.28,2.08,173.6,312.0,137.0,255.7,154.0,103.0,218.0,145.0,83.0,64.6,229.0,111.0,,3.0,,35,,Marcus,Edwards,Edwards,,,1043,1,3,1,18,0,0,0,0,0,0,11,66,,,,0.0,0.09,1.55,0.95,5.7,11,6,49
207,a,100.0,50.0,4.7,389,241.0,0,0.0,-3,3.0,0.1,441,152.0,52,0,2.2,315.0,135.0,4,218,0.0,701.0,283.0,0.0,11.1,0.0,29891,0,35709,24,-0.5,-0.2,0.62,1.35,1.97,24.33,0.05,0.12,0.17,2.15,205.6,286.0,120.0,239.2,164.0,110.0,90.0,287.0,154.0,53.4,271.0,137.0,,,,35,,Hannibal,Mejbri,Hannibal,,,1017,1,4,2,23,0,0,0,8,0,0,12,96,,,,0.0,0.18,2.04,1.06,8.5,25,14,57
208,u,0.0,0.0,5.0,267,162.0,0,0.0,0,0.0,0.0,744,314.0,0,0,0.0,799.0,351.0,0,0,0.0,752.0,322.0,0.0,0.0,0.0,68,0,3041,0,0.0,0.0,0.0,0.0,0.0,0.0,0.0,0.0,0.0,0.0,0.0,798.0,350.0,0.0,796.0,350.0,0.0,791.0,348.0,0.0,798.0,350.0,,,,35,,Luca,Koleosho,Koleosho,has joined Paris FC on loan for the rest of the season.,,0,0,0,0,0,0,0,0,0,0,0,0,0,,,,0.0,0.0,0.0,0.0,0.0,0,0,0
209,a,100.0,100.0,4.8,348,218.0,0,0.0,-2,2.0,0.0,619,238.0,54,1,1.7,395.0,168.0,1,229,1.0,235.0,105.0,0.2,11.2,0.0,6372,2,7246,1,0.5,0.5,0.87,0.48,1.35,39.03,0.05,0.03,0.08,2.04,287.2,230.0,97.0,184.1,196.0,128.0,111.0,259.0,142.0,57.4,257.0,126.0,,,,35,,Josh,Laurent,Laurent,,,1722,1,0,2,41,0,0,0,6,1,0,18,179,,,,0.0,0.1,2.14,0.94,9.36,44,72,63
210,a,,,4.8,365,227.0,0,0.0,-2,2.0,0.0,633,244.0,48,6,1.8,374.0,158.0,0,167,2.2,130.0,49.0,0.5,10.0,0.0,5008,10,6189,6,1.7,1.7,1.17,0.75,1.92,20.77,0.1,0.07,0.17,1.84,147.6,333.0,149.0,161.9,215.0,139.0,141.0,226.0,123.0,45.3,300.0,148.0,,4.0,,35,,Loum,Tchaouna,Tchaouna,,,1014,2,1,2,20,0,0,0,2,0,0,11,51,,,,0.0,0.18,1.78,0.98,4.53,15,12,24
211,u,0.0,0.0,4.4,546,326.0,0,0.0,-1,1.0,1.4,167,58.0,0,0,0.0,676.0,258.0,0,0,0.0,571.0,189.0,0.0,0.0,0.0,62789,0,933679,18,0.0,0.0,0.0,0.0,0.0,0.0,0.0,0.0,0.0,0.0,0.0,667.0,249.0,0.0,663.0,253.0,0.0,642.0,243.0,0.0,669.0,251.0,,,,35,,Aaron,Ramsey,A.Ramsey,has joined Leicester City on loan for the rest of the season.,,0,0,0,0,0,0,0,0,0,0,0,0,0,,,,0.0,0.0,0.0,0.0,0.0,0,0,0
212,u,0.0,0.0,4.5,482,294.0,0,0.0,0,0.0,0.0,771,330.0,0,0,0.0,739.0,306.0,0,0,0.0,653.0,248.0,0.0,0.0,0.0,0,0,2770,0,0.0,0.0,0.0,0.0,0.0,0.0,0.0,0.0,0.0,0.0,0.0,736.0,303.0,0.0,730.0,304.0,0.0,716.0,299.0,0.0,737.0,304.0,,,,35,,Oluwaseun,Adewumi,Adewumi,Has joined Cercle Brugge on loan for the rest of the season.,,0,0,0,0,0,0,0,0,0,0,0,0,0,,,,0.0,0.0,0.0,0.0,0.0,0,0,0
213,u,0.0,0.0,4.5,467,284.0,0,0.0,0,0.0,0.0,627,241.0,1,0,1.0,484.0,216.0,0,2,0.0,639.0,238.0,0.0,0.2,0.0,7482,0,9257,0,0.0,0.0,0.0,0.0,0.0,0.05,0.0,0.0,0.0,0.5,0.0,724.0,294.0,0.5,482.0,231.0,0.0,703.0,289.0,0.0,725.0,295.0,,,,35,,Jaydon,Banel,Banel,has joined Derby County on loan for the rest of the season.,,9,0,0,0,0,0,0,0,0,0,0,0,0,,,,0.0,0.0,0.0,0.0,0.0,0,0,0
214,a,100.0,100.0,4.3,589,348.0,0,0.0,-2,2.0,0.1,540,199.0,6,0,1.0,468.0,203.0,0,18,0.5,292.0,136.0,0.1,1.4,0.0,15113,53,17112,12,0.0,0.0,0.0,0.0,0.0,1.65,0.0,0.0,0.0,4.01,7.2,477.0,214.0,15.2,412.0,204.0,2.0,448.0,219.0,2.4,472.0,212.0,,,,35,,Mike,Trésor Ndayishimiye,Trésor,,,37,0,0,0,2,0,0,0,0,0,0,0,5,,,,0.0,0.0,4.86,0.0,12.16,1,0,4
215,a,100.0,100.0,5.3,188,44.0,0,0.0,-2,2.0,0.3,303,46.0,84,2,3.2,173.0,16.0,8,313,3.2,76.0,12.0,0.6,15.8,0.0,190404,69,176606,128,2.7,2.7,6.85,0.36,7.21,32.65,0.41,0.02,0.43,1.94,393.8,162.0,15.0,143.5,237.0,26.0,474.0,46.0,18.0,100.2,118.0,18.0,,5.0,1.0,35,,Zian,Flemming,Flemming,,,1511,9,0,3,31,0,0,0,3,0,0,18,85,,,,0.0,0.18,1.85,1.07,5.06,11,44,30
216,a,100.0,50.0,4.8,368,63.0,0,0.0,-2,2.0,0.0,677,86.0,1,1,1.0,495.0,59.0,0,4,0.2,341.0,45.0,0.0,0.2,0.0,2502,2,6733,3,-0.3,-0.1,0.07,0.01,0.08,0.2,0.45,0.06,0.51,1.29,1.4,503.0,58.0,0.9,478.0,60.0,5.0,437.0,60.0,0.7,496.0,61.0,,,,35,,Zeki,Amdouni,Amdouni,,,14,0,0,0,0,0,0,0,0,0,0,0,0,,,,0.0,0.0,0.0,0.0,0.0,0,0,0
217,a,100.0,100.0,4.9,321,60.0,0,0.0,-1,1.0,0.8,221,31.0,57,0,2.3,305.0,33.0,4,201,0.5,303.0,40.0,0.1,11.6,0.0,456699,23,452935,54,0.0,0.0,3.22,0.37,3.59,27.65,0.22,0.02,0.24,1.86,219.0,276.0,27.0,147.0,232.0,25.0,256.0,119.0,30.0,61.5,242.0,30.0,,,,35,,Lyle,Foster,Foster,,,1340,3,2,4,30,0,0,0,4,0,0,15,84,,,,0.0,0.27,2.01,1.01,5.64,16,27,41
218,a,,,4.2,625,88.0,0,0.0,-3,3.0,1.3,176,27.0,5,0,1.0,466.0,56.0,0,10,0.0,513.0,50.0,0.0,1.2,0.0,235866,46,370270,127,-0.5,-0.5,0.11,0.0,0.11,2.07,0.28,0.0,0.28,5.32,0.2,512.0,63.0,0.6,479.0,61.0,9.0,423.0,57.0,1.0,490.0,58.0,,,2.0,35,,Ashley,Barnes,Barnes,,,35,0,0,0,3,0,0,0,1,0,0,0,2,,,,0.0,0.0,7.71,0.0,5.14,0,0,2
219,u,0.0,0.0,4.4,534,76.0,0,0.0,-1,1.0,0.1,471,67.0,0,0,0.0,673.0,69.0,0,0,0.0,566.0,58.0,0.0,0.0,0.0,4151,0,40778,1,0.0,0.0,0.0,0.0,0.0,0.0,0.0,0.0,0.0,0.0,0.0,664.0,69.0,0.0,660.0,68.0,0.0,639.0,68.0,0.0,666.0,69.0,,,,35,,Michael,Obafemi,Obafemi,has joined Blackpool on loan for the rest of the season.,,0,0,0,0,0,0,0,0,0,0,0,0,0,,,,0.0,0.0,0.0,0.0,0.0,0,0,0
470,a,100.0,100.0,4.0,667,41.0,0,0.0,0,0.0,27.0,10,2.0,96,2,2.7,230.0,26.0,7,434,2.0,143.0,14.0,0.5,24.0,0.0,1788149,357,2201468,2515,1.5,1.5,0.0,0.04,0.04,71.3,0.0,0.0,0.0,2.04,976.2,5.0,1.0,0.0,559.0,50.0,0.0,528.0,36.0,97.8,125.0,1.0,,,,35,,Martin,Dúbravka,Dúbravka,,,3150,0,0,4,71,0,0,0,1,0,127,35,96,,,,3.63,0.11,2.03,1.0,0.0,1,59,291
614,a,100.0,100.0,5.6,122,76.0,0,0.0,-4,4.0,0.2,378,129.0,37,2,2.5,274.0,114.0,0,232,3.0,88.0,33.0,0.5,6.6,0.0,24386,12,51321,45,2.5,2.5,0.23,1.71,1.94,22.66,0.02,0.14,0.16,1.92,204.8,289.0,121.0,363.6,87.0,64.0,22.0,389.0,195.0,59.0,248.0,122.0,1.0,1.0,,35,,James,Ward-Prowse,Ward-Prowse,,,1062,0,1,2,27,0,0,0,1,0,0,12,105,,,,0.0,0.17,2.29,1.02,8.9,15,44,46
676,a,100.0,100.0,5.0,273,167.0,0,0.0,0,0.0,0.1,479,168.0,88,0,2.8,223.0,89.0,5,325,1.0,239.0,108.0,0.2,17.6,0.0,44304,5,41606,18,0.5,0.5,2.3,0.29,2.59,48.61,0.1,0.01,0.11,2.08,376.8,175.0,66.0,150.2,230.0,147.0,194.0,164.0,92.0,71.9,208.0,100.0,,,,35,,Lesley,Ugochukwu,Ugochukwu,,,2108,3,2,3,47,0,0,0,1,1,0,24,192,,,,0.0,0.13,2.01,1.02,8.2,47,56,89
680,a,100.0,100.0,5.2,211,48.0,0,0.0,-3,3.0,0.1,424,62.0,43,1,1.8,382.0,44.0,2,119,1.0,241.0,32.0,0.2,8.3,0.0,48272,4,61338,3,0.5,0.5,2.14,0.22,2.36,23.38,0.23,0.02,0.25,2.5,102.0,377.0,42.0,78.9,313.0,37.0,207.0,158.0,36.0,38.5,324.0,37.0,,,,35,,Armando,Broja,Broja,,,843,1,1,1,27,0,0,0,0,0,0,8,44,,,,0.0,0.11,2.88,0.85,4.7,6,12,26
69,a,,,3.9,786,92.0,0,0.0,-1,1.0,0.2,358,51.0,0,0,0.0,575.0,62.0,0,0,0.0,426.0,50.0,0.0,0.0,0.0,23621,4,21981,17,0.0,0.0,0.0,0.0,0.0,0.0,0.0,0.0,0.0,0.0,0.0,564.0,62.0,0.0,552.0,46.0,0.0,520.0,32.0,0.0,566.0,62.0,,,,35,,Callan,McKenna,McKenna,,,0,0,0,0,0,0,0,0,0,0,0,0,0,,,,0.0,0.0,0.0,0.0,0.0,0,0,0
70,u,0.0,0.0,4.0,704,59.0,0,0.0,0,0.0,0.1,578,79.0,0,0,0.0,609.0,80.0,0,0,0.0,466.0,70.0,0.0,0.0,0.0,1107,0,10644,0,0.0,0.0,0.0,0.0,0.0,0.0,0.0,0.0,0.0,0.0,0.0,598.0,80.0,0.0,590.0,68.0,0.0,559.0,54.0,0.0,600.0,80.0,,,,35,,Alex,Paulsen,Paulsen,Has joined Lechia Gdansk on loan for the rest of the season.,,0,0,0,0,0,0,0,0,0,0,0,0,0,,,,0.0,0.0,0.0,0.0,0.0,0,0,0
71,u,0.0,0.0,5.0,264,41.0,0,0.0,0,0.0,0.0,674,237.0,0,0,0.0,798.0,265.0,0,0,0.0,751.0,256.0,0.0,0.0,0.0,0,0,8223,0,0.0,0.0,0.0,0.0,0.0,0.0,0.0,0.0,0.0,0.0,0.0,797.0,265.0,0.0,795.0,265.0,0.0,790.0,265.0,0.0,797.0,265.0,,,,35,,Illia,Zabarnyi,Zabarnyi,Has joined Paris Saint-Germain permanently.,,0,0,0,0,0,0,0,0,0,0,0,0,0,,,,0.0,0.0,0.0,0.0,0.0,0,0,0
72,a,100.0,100.0,5.2,208,28.0,0,0.0,7,-7.0,20.6,13,4.0,147,0,4.5,29.0,11.0,11,482,2.5,119.0,46.0,0.5,28.3,0.0,6029822,1533,3704037,3852,2.5,2.5,1.53,4.52,6.05,49.15,0.05,0.14,0.19,1.51,1000.0,4.0,2.0,342.2,98.0,25.0,193.0,167.0,37.0,153.8,36.0,3.0,,,,35,,Marcos,Senesi Barón,Senesi,,,2928,0,5,9,51,0,0,0,8,0,0,33,421,,,,0.0,0.28,1.57,1.01,11.62,56,322,137
73,a,100.0,100.0,4.4,523,99.0,0,0.0,-1,1.0,0.2,391,145.0,39,0,2.1,328.0,121.0,2,123,0.2,332.0,110.0,0.0,8.9,0.0,28782,7,43714,9,0.2,0.2,0.0,0.2,0.2,13.96,0.0,0.02,0.02,1.56,120.8,355.0,135.0,59.3,343.0,117.0,18.0,396.0,142.0,19.8,390.0,137.0,,,,35,,Adam,Smith,Smith,,,805,0,1,4,15,0,0,0,3,0,0,11,56,,,,0.0,0.45,1.68,1.23,5.93,12,41,22
74,a,,,4.7,391,67.0,0,0.0,2,-2.0,4.5,86,27.0,139,0,4.1,53.0,23.0,14,500,4.2,33.0,19.0,0.9,29.6,0.0,1049398,907,573328,908,4.2,4.2,0.98,2.62,3.6,48.8,0.03,0.08,0.11,1.46,744.2,26.0,10.0,460.2,55.0,8.0,157.0,205.0,51.0,136.2,55.0,9.0,,,,35,,Adrien,Truffert,Truffert,,,3018,1,4,9,49,0,0,0,4,0,0,34,328,,,,0.0,0.27,1.46,1.01,8.29,89,189,170
75,a,100.0,100.0,3.8,812,251.0,0,0.0,-2,2.0,0.2,385,142.0,0,0,0.0,542.0,196.0,0,0,0.0,387.0,143.0,0.0,0.0,0.0,15792,7,33576,6,0.0,0.0,0.0,0.0,0.0,0.0,0.0,0.0,0.0,0.0,0.0,531.0,195.0,0.0,514.0,194.0,0.0,481.0,188.0,0.0,533.0,195.0,,,,35,,Matai,Akinmboni,Akinmboni,,,0,0,0,0,0,0,0,0,0,0,0,0,0,,,,0.0,0.0,0.0,0.0,0.0,0,0,0
76,a,,,3.8,810,249.0,0,0.0,-2,2.0,0.2,395,148.0,0,0,0.0,541.0,195.0,0,0,0.0,385.0,141.0,0.0,0.0,0.0,16327,7,21361,9,0.0,0.0,0.0,0.0,0.0,0.0,0.0,0.0,0.0,0.0,0.0,530.0,194.0,0.0,513.0,193.0,0.0,480.0,187.0,0.0,532.0,194.0,,,,35,,Owen,Bevan,Bevan,,,0,0,0,0,0,0,0,0,0,0,0,0,0,,,,0.0,0.0,0.0,0.0,0.0,0,0,0
77,a,,,4.2,638,146.0,0,0.0,2,-2.0,7.6,55,18.0,90,0,3.6,103.0,39.0,2,318,2.0,145.0,54.0,0.5,21.4,0.0,1381336,228,494259,1981,2.0,2.0,0.79,1.1,1.88,27.8,0.04,0.06,0.1,1.44,494.0,108.0,49.0,128.6,254.0,68.0,109.0,262.0,71.0,73.4,198.0,69.0,,,,35,,James,Hill,Hill,,,1742,0,3,6,22,2,0,0,3,0,0,18,228,,,,0.0,0.31,1.14,0.93,11.31,33,186,62
78,u,0.0,0.0,3.8,801,241.0,0,0.0,-2,2.0,0.5,270,101.0,0,0,0.0,536.0,190.0,0,0,0.0,377.0,134.0,0.0,0.0,0.0,47440,0,136035,17,0.0,0.0,0.0,0.0,0.0,0.0,0.0,0.0,0.0,0.0,0.0,525.0,189.0,0.0,507.0,188.0,0.0,474.0,182.0,0.0,527.0,189.0,,,,35,,Julián,Araujo Zúñiga,J.Araujo,has joined Celtic on loan for the rest of the season.,,0,0,0,0,0,0,0,0,0,0,0,0,0,,,,0.0,0.0,0.0,0.0,0.0,0,0,0
79,u,0.0,0.0,4.0,680,169.0,0,0.0,0,0.0,0.1,551,195.0,0,0,0.0,588.0,215.0,0,0,0.0,443.0,169.0,0.0,0.0,0.0,1400,0,16840,0,0.0,0.0,0.0,0.0,0.0,0.0,0.0,0.0,0.0,0.0,0.0,577.0,214.0,0.0,569.0,214.0,0.0,538.0,210.0,0.0,579.0,214.0,,,,35,,Chris,Mepham,Mepham,has joined West Bromwich Albion permanently.,,0,0,0,0,0,0,0,0,0,0,0,0,0,,,,0.0,0.0,0.0,0.0,0.0,0,0,0
80,a,100.0,100.0,3.9,788,230.0,0,0.0,-1,1.0,0.2,389,144.0,3,0,1.0,460.0,166.0,0,2,0.0,428.0,161.0,0.0,0.8,0.0,18000,14,34444,3,0.0,0.0,0.0,0.0,0.0,1.62,0.0,0.0,0.0,4.29,1.8,499.0,177.0,2.5,462.0,168.0,2.0,445.0,167.0,0.6,498.0,173.0,,,,35,,Julio,Soler Barreto,Soler,,,34,0,0,0,2,0,0,0,0,0,0,0,1,,,,0.0,0.0,5.29,0.0,2.65,1,0,4
81,d,25.0,25.0,6.9,38,23.0,0,0.0,-1,1.0,0.6,249,88.0,40,0,2.2,322.0,142.0,3,147,0.0,824.0,369.0,0.0,5.8,0.0,190769,2,253110,19,0.0,0.0,2.24,1.54,3.78,16.78,0.22,0.15,0.37,1.65,146.6,335.0,150.0,304.1,122.0,84.0,128.0,242.0,132.0,57.8,254.0,124.0,,3.0,1.0,35,,Justin,Kluivert,Kluivert,Lack of match fitness - 25% chance of playing,,914,2,0,4,18,0,0,0,4,0,0,10,62,,,,0.0,0.39,1.77,0.98,6.11,10,8,44
84,a,100.0,100.0,5.4,160,100.0,0,0.0,-1,1.0,5.2,74,25.0,120,0,4.0,60.0,27.0,11,467,2.8,98.0,37.0,0.5,22.2,0.0,1597065,454,1011042,1218,2.8,2.8,8.46,3.82,12.28,36.32,0.32,0.14,0.46,1.37,562.2,73.0,21.0,659.0,23.0,22.0,519.0,36.0,20.0,174.2,27.0,21.0,2.0,2.0,4.0,35,,Marcus,Tavernier,Tavernier,,,2390,6,4,9,42,0,0,0,5,0,0,27,223,,,,0.0,0.34,1.58,1.02,8.4,35,55,133
85,a,100.0,100.0,4.9,299,186.0,0,0.0,-1,1.0,0.3,343,118.0,66,0,3.1,186.0,73.0,3,305,1.5,189.0,82.0,0.3,13.5,0.0,82007,18,95923,8,1.5,1.5,0.61,0.51,1.12,22.77,0.04,0.03,0.07,1.39,334.0,198.0,81.0,110.2,272.0,166.0,110.0,260.0,143.0,55.7,262.0,130.0,,,,35,,Tyler,Adams,Adams,,,1474,2,2,6,26,0,0,0,7,0,0,18,191,,,,0.0,0.37,1.59,1.1,11.66,42,70,79
86,a,100.0,100.0,5.0,245,148.0,0,0.0,0,0.0,0.2,397,133.0,53,0,1.9,354.0,152.0,4,196,1.2,213.0,96.0,0.2,10.6,0.0,74942,14,80701,13,1.2,1.2,5.13,3.24,8.37,18.76,0.4,0.25,0.65,1.47,210.6,282.0,116.0,357.9,90.0,66.0,414.0,57.0,33.0,96.8,127.0,72.0,5.0,4.0,,35,,David,Brooks,Brooks,,,1151,1,2,5,19,0,0,0,7,0,0,13,88,,,,0.0,0.39,1.49,1.02,6.88,17,19,52
87,a,100.0,100.0,4.9,291,180.0,0,0.0,-1,1.0,0.2,406,139.0,48,0,2.0,342.0,147.0,2,208,1.5,188.0,81.0,0.3,9.8,0.0,32175,23,25650,70,1.5,1.5,1.81,0.76,2.57,17.93,0.18,0.07,0.25,1.76,219.0,275.0,114.0,182.8,199.0,130.0,220.0,142.0,81.0,62.6,238.0,118.0,6.0,,,35,,Ryan,Christie,Christie,,,916,2,1,3,14,0,0,0,3,0,0,8,114,,,,0.0,0.29,1.38,0.79,11.2,24,32,58
88,i,0.0,0.0,4.9,290,179.0,0,0.0,-1,1.0,0.0,634,245.0,38,0,2.4,286.0,120.0,0,184,0.0,712.0,292.0,0.0,7.8,0.0,11826,2,11370,2,0.0,0.0,0.07,0.52,0.59,13.49,0.01,0.05,0.06,1.4,206.0,285.0,119.0,183.3,198.0,129.0,12.0,411.0,201.0,40.4,319.0,156.0,4.0,,,35,,Lewis,Cook,Cook,Lack of match fitness - Expected back 09 May,,870,0,1,1,18,0,0,0,1,1,0,8,143,,,,0.0,0.1,1.86,0.83,14.79,25,56,62
89,u,0.0,0.0,4.9,293,182.0,0,0.0,-1,1.0,0.0,680,273.0,0,0,0.0,777.0,334.0,0,0,0.0,714.0,294.0,0.0,0.0,0.0,598,0,6644,0,0.0,0.0,0.0,0.0,0.0,0.0,0.0,0.0,0.0,0.0,0.0,776.0,333.0,0.0,772.0,333.0,0.0,768.0,331.0,0.0,776.0,333.0,,,,35,,Philip,Billing,Philip,has joined Midtjylland permanently.,,0,0,0,0,0,0,0,0,0,0,0,0,0,,,,0.0,0.0,0.0,0.0,0.0,0,0,0
90,a,100.0,100.0,5.1,239,144.0,0,0.0,1,-1.0,2.5,124,40.0,125,0,3.7,98.0,41.0,9,557,4.2,34.0,9.0,0.8,24.5,0.0,601975,397,302100,1183,4.2,4.2,3.76,2.62,6.38,43.47,0.13,0.09,0.22,1.52,559.6,76.0,23.0,430.1,65.0,52.0,305.0,97.0,58.0,129.1,67.0,42.0,3.0,6.0,,35,,Alex,Scott,Scott,,,2578,3,2,9,40,0,0,0,4,0,0,31,346,,,,0.0,0.31,1.4,1.08,12.08,54,124,168
91,u,0.0,0.0,5.0,252,152.0,0,0.0,0,0.0,0.0,747,316.0,0,0,0.0,794.0,347.0,0,0,0.0,745.0,316.0,0.0,0.0,0.0,396,0,3905,0,0.0,0.0,0.0,0.0,0.0,0.0,0.0,0.0,0.0,0.0,0.0,793.0,346.0,0.0,791.0,346.0,0.0,786.0,344.0,0.0,793.0,346.0,,,,35,,Luis,Sinisterra Lucumí,Sinisterra,has joined Cruzeiro on loan for the rest of the season.,,0,0,0,0,0,0,0,0,0,0,0,0,0,,,,0.0,0.0,0.0,0.0,0.0,0,0,0
92,u,0.0,0.0,4.5,434,258.0,0,0.0,0,0.0,0.1,565,209.0,0,0,0.0,706.0,277.0,0,0,0.0,614.0,215.0,0.0,0.0,0.0,4403,0,19836,3,0.0,0.0,0.0,0.0,0.0,0.0,0.0,0.0,0.0,0.0,0.0,700.0,271.0,0.0,696.0,274.0,0.0,679.0,267.0,0.0,702.0,273.0,,,,35,,Romain,Faivre,Faivre,has joined Auxerre permanently.,,0,0,0,0,0,0,0,0,0,0,0,0,0,,,,0.0,0.0,0.0,0.0,0.0,0,0,0
93,u,0.0,0.0,4.5,429,255.0,0,0.0,0,0.0,0.3,342,117.0,4,0,4.0,58.0,26.0,0,12,0.0,610.0,212.0,0.0,0.9,0.0,114900,0,165937,3,0.0,0.0,0.0,0.0,0.0,0.4,0.0,0.0,0.0,2.25,21.2,456.0,201.0,10.0,432.0,212.0,0.0,675.0,264.0,3.1,469.0,210.0,,,,35,,Hamed,Traorè,H.Traorè,has joined Marseille on loan for the rest of the season.,,16,0,1,0,2,0,0,0,0,0,0,0,4,,,,0.0,0.0,11.25,0.0,22.5,1,1,2
94,u,0.0,0.0,4.5,466,283.0,0,0.0,0,0.0,0.0,650,254.0,0,0,0.0,728.0,298.0,0,0,0.0,638.0,237.0,0.0,0.0,0.0,3895,0,8260,0,0.0,0.0,0.0,0.0,0.0,0.0,0.0,0.0,0.0,0.0,0.0,723.0,293.0,0.0,718.0,295.0,0.0,702.0,288.0,0.0,724.0,294.0,,,,35,,Dominic,Sadi,Sadi,has joined Novi Pazar on loan for the rest of the season.,,0,0,0,0,0,0,0,0,0,0,0,0,0,,,,0.0,0.0,0.0,0.0,0.0,0,0,0
95,u,0.0,0.0,4.4,557,334.0,0,0.0,-1,1.0,0.1,582,217.0,0,0,0.0,682.0,264.0,0,0,0.0,579.0,197.0,0.0,0.0,0.0,15405,0,21669,1,0.0,0.0,0.0,0.0,0.0,0.0,0.0,0.0,0.0,0.0,0.0,674.0,256.0,0.0,670.0,260.0,0.0,650.0,251.0,0.0,676.0,258.0,,,,35,,Zain,Silcott-Duberry,Silcott-Duberry,has joined Olympiakos permanently.,,0,0,0,0,0,0,0,0,0,0,0,0,0,,,,0.0,0.0,0.0,0.0,0.0,0,0,0
96,u,0.0,0.0,4.5,499,308.0,0,0.0,0,0.0,0.0,648,253.0,1,0,1.0,491.0,222.0,0,3,0.0,670.0,262.0,0.0,0.2,0.0,2964,0,10053,0,0.0,0.0,0.0,0.0,0.0,0.31,0.0,0.0,0.0,4.65,0.0,750.0,314.0,0.0,743.0,314.0,0.0,730.0,310.0,0.0,750.0,314.0,,,,35,,Ben,Winterburn,Winterburn,has joined Barnet on loan for the rest of the season.,,6,0,0,0,2,0,0,0,0,0,0,0,0,,,,0.0,0.0,30.0,0.0,0.0,0,0,0
97,a,100.0,100.0,6.7,46,16.0,0,0.0,-3,3.0,2.5,123,19.0,105,0,3.3,158.0,15.0,6,368,2.8,103.0,15.0,0.4,15.7,0.0,1287453,401,1250367,695,2.8,2.8,9.56,1.26,10.82,35.82,0.35,0.05,0.4,1.31,333.6,199.0,19.0,369.3,84.0,3.0,769.0,9.0,6.0,146.9,47.0,10.0,,,,35,,Francisco Evanilson,de Lima Barbosa,Evanilson,,,2460,6,6,9,39,0,0,0,2,0,0,28,112,,,,0.0,0.33,1.43,1.02,4.1,10,34,68
98,a,100.0,100.0,5.4,155,38.0,0,0.0,-1,1.0,0.0,592,80.0,23,0,1.2,447.0,53.0,1,61,0.5,307.0,41.0,0.1,4.3,0.0,15184,10,12524,6,0.5,0.5,1.85,0.06,1.91,4.16,0.95,0.03,0.98,2.14,50.8,421.0,50.0,13.0,419.0,54.0,86.0,293.0,51.0,14.1,403.0,51.0,,1.0,,35,,Enes,Ünal,Enes Ünal,,,175,1,0,0,2,0,0,0,1,0,0,0,15,,,,0.0,0.0,1.03,0.0,7.71,1,9,5
99,u,0.0,0.0,4.4,572,83.0,0,0.0,-1,1.0,0.1,438,63.0,0,0,0.0,692.0,76.0,0,0,0.0,592.0,65.0,0.0,0.0,0.0,22144,0,44602,0,0.0,0.0,0.0,0.0,0.0,0.0,0.0,0.0,0.0,0.0,0.0,686.0,76.0,0.0,681.0,75.0,0.0,662.0,75.0,0.0,688.0,76.0,,,,35,,Daniel,Adu-Adjei,Adu-Adjei,has joined HNK Rijeka permanently.,,0,0,0,0,0,0,0,0,0,0,0,0,0,,,,0.0,0.0,0.0,0.0,0.0,0,0,0
100,a,100.0,100.0,4.6,405,65.0,0,0.0,1,-1.0,5.7,68,13.0,95,0,3.3,147.0,13.0,11,415,4.0,41.0,6.0,0.9,20.7,0.0,2082023,1997,1522955,1000,4.0,4.0,6.86,1.26,8.12,22.45,0.45,0.08,0.53,1.48,454.4,128.0,12.0,278.7,142.0,11.0,468.0,47.0,19.0,120.1,81.0,15.0,,,2.0,35,,Junior,Kroupi,Kroupi.Jr,,,1369,11,0,7,20,0,0,0,5,0,0,17,98,,,,0.0,0.46,1.31,1.12,6.44,8,38,52
391,a,100.0,100.0,4.8,369,230.0,0,0.0,-2,2.0,0.0,642,248.0,9,0,1.5,411.0,176.0,0,26,0.2,342.0,157.0,0.0,1.9,0.0,4836,3,8197,3,0.2,0.2,0.09,0.1,0.19,3.51,0.12,0.13,0.25,4.65,28.4,445.0,198.0,14.9,413.0,205.0,17.0,399.0,198.0,6.0,447.0,200.0,,,,35,,Ben,Gannon-Doak,Gannon-Doak,,,68,0,1,0,1,0,0,0,0,0,0,0,9,,,,0.0,0.0,1.32,0.0,11.91,5,1,3
685,a,100.0,100.0,4.1,657,157.0,0,0.0,-4,4.0,0.3,341,123.0,46,0,2.6,247.0,98.0,2,164,0.0,509.0,214.0,0.0,11.2,0.0,99537,8,99260,20,0.0,0.0,0.02,0.19,0.21,22.47,0.0,0.01,0.01,1.59,267.0,248.0,98.0,54.3,349.0,122.0,22.0,385.0,134.0,34.4,339.0,113.0,,,,35,,Bafodé,Diakité,Diakité,,,1275,0,0,4,27,0,0,0,1,0,0,15,147,,,,0.0,0.28,1.91,1.06,8.26,20,97,48
687,a,,,4.3,619,366.0,0,0.0,-2,2.0,0.2,396,132.0,0,0,0.0,667.0,254.0,0,0,0.0,555.0,184.0,0.0,0.0,0.0,27046,13,22916,19,0.0,0.0,0.0,0.0,0.0,0.0,0.0,0.0,0.0,0.0,0.0,657.0,244.0,0.0,653.0,249.0,0.0,630.0,238.0,0.0,659.0,246.0,,,,35,,Remy,Rees-Dottin,Rees-Dottin,,,0,0,0,0,0,0,0,0,0,0,0,0,0,,,,0.0,0.0,0.0,0.0,0.0,0,0,0
697,a,,,5.4,171,107.0,0,0.0,-1,1.0,0.2,355,120.0,64,0,2.3,308.0,131.0,4,238,0.2,353.0,162.0,0.0,11.9,0.0,119967,6,95630,121,0.2,0.2,2.6,1.62,4.22,16.83,0.22,0.14,0.36,1.46,267.2,247.0,107.0,234.6,165.0,111.0,258.0,118.0,69.0,75.4,186.0,92.0,,,,35,,Amine,Adli,Adli,,,1041,3,2,3,17,0,0,0,2,0,0,10,119,,,,0.0,0.26,1.47,0.86,10.29,34,25,60
713,a,,,4.5,468,95.0,0,0.0,0,0.0,0.2,362,132.0,68,0,2.3,302.0,114.0,2,272,1.0,231.0,81.0,0.2,15.1,0.0,66421,17,41922,54,1.0,1.0,1.07,1.61,2.68,40.22,0.04,0.07,0.11,1.63,392.8,164.0,71.0,250.3,156.0,40.0,180.0,180.0,42.0,82.3,168.0,56.0,,,,35,,Álex,Jiménez Sánchez,A.Jimenez,,,2225,1,2,5,39,0,0,0,10,0,0,25,159,,,,0.0,0.2,1.58,1.01,5.82,65,79,128
721,a,100.0,100.0,4.4,574,121.0,0,0.0,-1,1.0,0.0,646,231.0,19,0,2.7,234.0,92.0,0,63,0.0,594.0,237.0,0.0,4.3,0.0,6654,2,6181,1,0.0,0.0,0.15,0.19,0.34,4.42,0.04,0.05,0.09,1.08,98.4,381.0,143.0,13.9,416.0,153.0,10.0,419.0,157.0,12.2,418.0,149.0,,,,35,,Veljko,Milosavljevic,Milosavljević,,,367,0,0,1,6,0,0,0,0,0,0,4,42,,,,0.0,0.25,1.47,0.98,9.56,5,34,13
756,a,,,4.5,520,323.0,0,0.0,0,0.0,0.0,743,313.0,0,0,0.0,767.0,327.0,0,0,0.0,689.0,276.0,0.0,0.0,0.0,1990,2,1370,1,0.0,0.0,0.0,0.0,0.0,0.0,0.0,0.0,0.0,0.0,0.0,766.0,326.0,0.0,759.0,326.0,0.0,747.0,323.0,0.0,766.0,326.0,,,,35,,Malcom,DaCosta,DaCosta,,,0,0,0,0,0,0,0,0,0,0,0,0,0,,,,0.0,0.0,0.0,0.0,0.0,0,0,0
799,a,,,4.5,516,320.0,0,0.0,0,0.0,0.0,778,335.0,0,0,0.0,764.0,325.0,0,0,0.0,685.0,273.0,0.0,0.0,0.0,847,0,437,1,0.0,0.0,0.0,0.0,0.0,0.0,0.0,0.0,0.0,0.0,0.0,763.0,324.0,0.0,756.0,324.0,0.0,743.0,320.0,0.0,763.0,324.0,,,,35,,Charlie,Stevens,Stevens,,,0,0,0,0,0,0,0,0,0,0,0,0,0,,,,0.0,0.0,0.0,0.0,0.0,0,0,0
801,a,,,4.9,340,211.0,0,0.0,-1,1.0,0.0,763,325.0,6,0,0.9,514.0,239.0,0,20,0.8,272.0,125.0,0.2,1.2,0.0,990,0,635,0,0.8,0.8,0.06,0.25,0.31,3.52,0.07,0.29,0.36,4.06,8.2,476.0,213.0,34.3,381.0,192.0,14.0,404.0,199.0,5.6,451.0,202.0,,,,35,,Alex,Tóth,Tóth.A,,,78,0,0,0,2,0,0,0,1,0,0,1,10,,,,0.0,0.0,2.31,1.15,11.54,1,4,5
806,a,,,4.0,685,50.0,0,0.0,0,0.0,0.0,756,87.0,0,0,0.0,593.0,71.0,0,0,0.0,448.0,61.0,0.0,0.0,0.0,789,1,489,2,0.0,0.0,0.0,0.0,0.0,0.0,0.0,0.0,0.0,0.0,0.0,582.0,71.0,0.0,574.0,59.0,0.0,543.0,45.0,0.0,584.0,71.0,,,,35,,Christos,Mandas,Mandas,,,0,0,0,0,0,0,0,0,0,0,0,0,0,,,,0.0,0.0,0.0,0.0,0.0,0,0,0
807,a,,,5.4,172,108.0,0,0.0,-1,1.0,1.4,170,59.0,45,0,4.1,54.0,23.0,2,169,3.2,78.0,26.0,0.6,8.3,0.0,443679,94,268222,643,3.2,3.2,1.63,1.55,3.18,15.42,0.19,0.18,0.37,1.75,194.6,297.0,128.0,175.0,204.0,133.0,171.0,191.0,104.0,54.1,269.0,136.0,,,,35,,Rayan Vitor,Simplício Rocha,Rayan,,,792,3,2,3,9,0,0,0,1,0,0,9,51,,,,0.0,0.34,1.02,1.02,5.8,8,14,29
27,a,100.0,100.0,4.8,351,221.0,0,0.0,-2,2.0,0.1,495,176.0,12,0,1.3,439.0,195.0,0,36,1.2,210.0,95.0,0.3,2.5,0.0,10946,7,18699,7,0.7,1.2,0.71,0.11,0.82,2.03,0.55,0.08,0.63,1.56,42.4,429.0,186.0,32.1,385.0,194.0,29.0,372.0,190.0,9.9,424.0,192.0,,,,35,,Reiss,Nelson,Nelson,,,117,0,1,0,2,0,0,0,0,0,0,0,23,,,,0.0,0.0,1.54,0.0,17.69,4,3,16
83,a,100.0,100.0,5.8,111,71.0,0,0.0,-2,2.0,2.1,137,45.0,113,1,3.9,73.0,33.0,13,360,1.8,176.0,76.0,0.3,19.5,0.0,1027882,59,798126,2466,1.3,1.8,6.4,3.88,10.28,28.03,0.29,0.17,0.46,1.26,423.2,145.0,49.0,384.2,77.0,61.0,594.0,29.0,13.0,139.5,51.0,34.0,3.0,,,35,,Dango,Ouattara,O.Dango,,,2002,5,7,5,30,0,0,0,5,0,0,23,169,,,,0.0,0.23,1.35,1.04,7.61,21,69,79
101,a,100.0,100.0,4.8,352,12.0,0,0.0,3,-3.0,12.6,29,4.0,125,1,3.7,91.0,13.0,8,494,2.8,94.0,10.0,0.6,26.0,0.0,1638430,419,1290012,3760,2.3,2.8,0.0,0.22,0.22,45.06,0.0,0.01,0.01,1.35,760.0,21.0,5.0,23.0,398.0,4.0,0.0,759.0,85.0,78.4,180.0,6.0,,,,35,,Caoimhín,Kelleher,Kelleher,,,2992,0,0,9,43,0,3,0,1,0,89,34,95,,,,2.68,0.27,1.29,1.02,0.0,1,42,258
102,a,,,3.9,763,80.0,0,0.0,-1,1.0,0.3,352,49.0,0,0,0.0,557.0,51.0,0,0,0.0,407.0,39.0,0.0,0.0,0.0,17004,2,25663,9,-0.5,0.0,0.0,0.0,0.0,0.0,0.0,0.0,0.0,0.0,0.0,546.0,51.0,0.0,533.0,34.0,0.0,501.0,20.0,0.0,548.0,51.0,,,,35,,Ellery,Balcombe,Balcombe,,,0,0,0,0,0,0,0,0,0,0,0,0,0,,,,0.0,0.0,0.0,0.0,0.0,0,0,0
103,u,0.0,0.0,3.9,779,88.0,0,0.0,-1,1.0,0.1,444,64.0,0,0,0.0,568.0,58.0,0,0,0.0,419.0,46.0,0.0,0.0,0.0,11791,0,15918,9,0.0,0.0,0.0,0.0,0.0,0.0,0.0,0.0,0.0,0.0,0.0,557.0,58.0,0.0,545.0,42.0,0.0,513.0,28.0,0.0,559.0,58.0,,,,35,,Matthew,Cox,Cox,has joined Shrewsbury Town on loan for the rest of the season.,,0,0,0,0,0,0,0,0,0,0,0,0,0,,,,0.0,0.0,0.0,0.0,0.0,0,0,0
104,a,,,3.9,782,89.0,0,0.0,-1,1.0,0.1,472,69.0,0,0,0.0,571.0,59.0,0,0,0.0,422.0,47.0,0.0,0.0,0.0,13354,1,11544,6,-0.5,0.0,0.0,0.0,0.0,0.0,0.0,0.0,0.0,0.0,0.0,560.0,59.0,0.0,548.0,43.0,0.0,516.0,29.0,0.0,562.0,59.0,,,,35,,Julian,Eyestone,Eyestone,,,0,0,0,0,0,0,0,0,0,0,0,0,0,,,,0.0,0.0,0.0,0.0,0.0,0,0,0
105,a,,,3.8,807,95.0,0,0.0,-2,2.0,0.8,218,29.0,1,0,1.0,457.0,37.0,0,1,0.0,382.0,27.0,0.0,0.3,0.0,69121,289,81634,86,-0.5,0.0,0.0,0.0,0.0,0.97,0.0,0.0,0.0,0.97,13.0,464.0,37.0,0.0,510.0,20.0,0.0,477.0,6.0,1.3,488.0,37.0,,,,35,,Hákon Rafn,Valdimarsson,Valdimarsson,,,90,0,0,0,3,0,0,0,0,0,1,1,0,,,,1.0,0.0,3.0,1.0,0.0,0,0,7
106,a,,,4.9,319,52.0,0,0.0,-1,1.0,2.7,117,46.0,117,1,3.7,95.0,36.0,7,401,3.0,83.0,34.0,0.6,23.9,0.0,727976,93,594779,1231,2.5,3.0,2.14,1.37,3.51,39.1,0.07,0.05,0.12,1.33,750.0,24.0,9.0,120.7,261.0,73.0,306.0,95.0,10.0,117.8,85.0,19.0,,,,35,,Nathan,Collins,Collins,,,2633,1,2,8,38,1,0,0,6,0,0,29,316,,,,0.0,0.27,1.3,0.99,9.72,27,257,119
107,a,,,4.8,361,62.0,0,0.0,-2,2.0,1.5,160,63.0,98,1,3.0,198.0,79.0,3,297,2.2,129.0,50.0,0.5,20.4,0.0,500656,74,364912,630,1.7,2.2,2.66,2.13,4.79,26.32,0.15,0.12,0.27,1.46,314.2,214.0,84.0,293.7,127.0,32.0,296.0,100.0,11.0,90.4,149.0,51.0,,1.0,,35,,Keane,Lewis-Potter,Lewis-Potter,,,1624,3,2,8,26,0,0,0,1,0,0,19,78,,,,0.0,0.44,1.44,1.05,3.28,19,40,72
108,a,100.0,100.0,4.4,530,105.0,0,0.0,-1,1.0,0.2,370,135.0,70,0,2.9,208.0,81.0,1,196,0.0,563.0,232.0,0.0,15.9,0.0,43895,2,43611,39,-0.5,0.0,0.69,0.72,1.41,26.82,0.04,0.04,0.08,1.49,358.2,186.0,76.0,58.3,344.0,118.0,161.0,197.0,48.0,57.9,253.0,85.0,,,,35,,Kristoffer,Ajer,Ajer,,,1624,0,2,5,27,0,0,0,3,0,0,18,175,,,,0.0,0.28,1.5,1.0,9.31,35,133,50
109,i,0.0,0.0,4.3,584,129.0,0,0.0,-2,2.0,0.1,448,168.0,52,0,2.1,325.0,119.0,0,144,0.0,533.0,226.0,0.0,12.1,0.0,25926,0,32475,20,0.0,0.0,0.18,0.54,0.72,23.91,0.01,0.04,0.05,1.63,151.6,331.0,126.0,82.0,310.0,100.0,35.0,358.0,119.0,26.9,369.0,128.0,,,,35,,Rico,Henry,Henry,Hamstring injury - Unknown return date,,1322,0,2,4,22,0,0,0,2,0,0,14,78,,,,0.0,0.27,1.5,0.95,4.63,15,53,72
110,a,100.0,100.0,4.6,406,72.0,0,0.0,1,-1.0,1.2,185,71.0,106,1,3.1,184.0,73.0,9,472,3.5,66.0,28.0,0.8,23.0,0.0,283348,135,169540,563,3.0,3.5,1.28,2.75,4.03,44.23,0.04,0.08,0.12,1.36,563.6,72.0,34.0,432.9,62.0,10.0,128.0,241.0,63.0,112.7,92.0,21.0,,,,35,,Michael,Kayode,Kayode,,,2920,1,2,9,43,1,0,0,6,0,0,34,248,,,,0.0,0.28,1.33,1.05,6.26,62,141,152
111,a,100.0,100.0,4.2,635,144.0,0,0.0,-3,3.0,0.1,446,166.0,14,0,3.5,116.0,41.0,2,53,0.0,518.0,218.0,0.0,3.3,0.0,16515,2,29220,18,-0.5,0.0,0.01,0.06,0.07,3.7,0.0,0.02,0.02,1.05,88.6,387.0,144.0,1.2,474.0,172.0,33.0,362.0,121.0,12.3,416.0,147.0,,,,35,,Ethan,Pinnock,Pinnock,,,318,0,0,1,5,1,0,0,1,0,0,4,46,,,,0.0,0.28,1.42,1.13,11.89,5,37,11
112,u,0.0,0.0,4.5,425,85.0,0,0.0,0,0.0,0.0,721,250.0,0,0,0.0,702.0,259.0,0,0,0.0,607.0,243.0,0.0,0.0,0.0,211,0,3937,0,0.0,0.0,0.0,0.0,0.0,0.0,0.0,0.0,0.0,0.0,0.0,696.0,259.0,0.0,691.0,259.0,0.0,673.0,259.0,0.0,698.0,259.0,,,,35,,Mads,Roerslev Rasmussen,Roerslev,Has joined Southampton permanently.,,0,0,0,0,0,0,0,0,0,0,0,0,0,,,,0.0,0.0,0.0,0.0,0.0,0,0,0
113,a,100.0,100.0,4.5,435,89.0,0,0.0,0,0.0,1.2,180,69.0,100,1,3.3,145.0,55.0,3,385,2.5,112.0,43.0,0.6,22.2,0.0,356057,38,265060,803,2.0,2.5,2.87,0.94,3.81,37.84,0.1,0.03,0.13,1.31,596.8,59.0,28.0,85.8,302.0,97.0,268.0,112.0,16.0,95.2,136.0,41.0,,,,35,,Sepp,van den Berg,Van den Berg,,,2595,0,2,7,40,0,0,0,2,0,0,29,279,,,,0.0,0.24,1.39,1.01,8.65,16,233,106
114,u,0.0,0.0,3.8,820,258.0,0,0.0,-2,2.0,0.2,393,147.0,0,0,0.0,547.0,200.0,0,0,0.0,394.0,149.0,0.0,0.0,0.0,12981,0,31566,13,0.0,0.0,0.0,0.0,0.0,0.0,0.0,0.0,0.0,0.0,0.0,536.0,199.0,0.0,520.0,199.0,0.0,488.0,194.0,0.0,538.0,199.0,,,,35,,Benjamin,Arthur,Arthur,has joined Celtic on loan for the rest of the season.,,0,0,0,0,0,0,0,0,0,0,0,0,0,,,,0.0,0.0,0.0,0.0,0.0,0,0,0
115,u,0.0,0.0,4.0,737,204.0,0,0.0,0,0.0,0.1,539,191.0,0,0,0.0,635.0,242.0,0,0,0.0,497.0,202.0,0.0,0.0,0.0,2020,0,14502,1,0.0,0.0,0.0,0.0,0.0,0.0,0.0,0.0,0.0,0.0,0.0,625.0,242.0,0.0,618.0,242.0,0.0,588.0,239.0,0.0,627.0,242.0,,,,35,,Benjamin,Fredrick,Fredrick,has joined Dender on loan for the rest of the season.,,0,0,0,0,0,0,0,0,0,0,0,0,0,,,,0.0,0.0,0.0,0.0,0.0,0,0,0
116,a,100.0,100.0,4.0,694,175.0,0,0.0,0,0.0,0.3,308,114.0,33,0,1.8,364.0,133.0,0,94,0.0,457.0,175.0,0.0,8.2,0.0,66891,20,84208,17,-0.5,0.0,0.4,0.17,0.57,6.47,0.06,0.03,0.09,0.99,82.6,392.0,145.0,16.2,410.0,150.0,42.0,347.0,114.0,13.9,404.0,145.0,,,,35,,Aaron,Hickey,Hickey,,,588,0,0,2,8,0,0,0,1,0,0,7,49,,,,0.0,0.31,1.22,1.07,6.43,12,30,33
117,u,0.0,0.0,3.9,787,229.0,0,0.0,-1,1.0,0.1,531,189.0,0,0,0.0,576.0,208.0,0,0,0.0,427.0,160.0,0.0,0.0,0.0,4108,0,15809,0,0.0,0.0,0.0,0.0,0.0,0.0,0.0,0.0,0.0,0.0,0.0,565.0,207.0,0.0,553.0,207.0,0.0,521.0,202.0,0.0,567.0,207.0,,,,35,,Kim,Ji-soo,Ji-soo,has joined Kaiserslautern on loan for the rest of the season.,,0,0,0,0,0,0,0,0,0,0,0,0,0,,,,0.0,0.0,0.0,0.0,0.0,0,0,0
118,u,0.0,0.0,4.0,707,182.0,0,0.0,0,0.0,0.0,613,218.0,0,0,0.0,610.0,224.0,0,0,0.0,468.0,181.0,0.0,0.0,0.0,279,0,11050,1,0.0,0.0,0.0,0.0,0.0,0.0,0.0,0.0,0.0,0.0,0.0,600.0,224.0,0.0,592.0,224.0,0.0,561.0,220.0,0.0,602.0,224.0,,,,35,,Jayden,Meghoma,Meghoma,Has joined Rangers on loan for the rest of the season.,,0,0,0,0,0,0,0,0,0,0,0,0,0,,,,0.0,0.0,0.0,0.0,0.0,0,0,0
120,a,100.0,100.0,6.9,41,25.0,0,0.0,-1,1.0,1.7,153,52.0,113,1,3.5,129.0,58.0,5,363,2.8,104.0,40.0,0.4,16.4,0.0,951691,125,801924,1438,2.3,2.8,10.96,2.05,13.01,33.31,0.4,0.07,0.47,1.21,491.4,110.0,34.0,375.7,82.0,63.0,739.0,17.0,8.0,160.1,33.0,25.0,,,3.0,35,,Kevin,Schade,Schade,,,2480,7,5,10,30,0,0,1,6,1,0,30,177,,,,0.0,0.36,1.09,1.09,6.43,37,51,89
121,a,100.0,100.0,5.6,130,81.0,0,0.0,-4,4.0,0.8,223,78.0,96,1,3.2,175.0,70.0,6,401,2.2,139.0,57.0,0.4,17.1,0.0,193847,37,224463,375,1.7,2.2,2.14,4.61,6.75,26.37,0.11,0.23,0.34,1.31,451.8,129.0,43.0,591.7,30.0,28.0,295.0,101.0,61.0,134.1,58.0,37.0,,3.0,,35,,Mikkel,Damsgaard,Damsgaard,,,1813,3,4,4,29,0,0,0,0,0,0,22,206,,,,0.0,0.2,1.44,1.09,10.24,50,38,118
122,i,0.0,0.0,5.2,217,133.0,0,0.0,-3,3.0,0.0,658,260.0,1,0,1.0,505.0,233.0,0,5,0.0,771.0,338.0,0.0,0.2,0.0,2124,2,7028,1,0.0,0.0,0.0,0.01,0.01,1.49,0.0,0.02,0.02,2.98,4.0,488.0,222.0,1.8,468.0,224.0,0.0,801.0,354.0,0.6,500.0,227.0,,,,35,,Antoni,Milambo,Milambo,Knee injury - Expected back 01 Jun,,45,0,0,0,3,0,0,0,0,0,0,1,4,,,,0.0,0.0,6.0,2.0,8.0,2,0,2
123,i,0.0,0.0,4.6,399,248.0,0,0.0,-4,4.0,0.1,469,163.0,13,0,2.2,314.0,134.0,1,42,0.0,692.0,279.0,0.0,2.8,0.0,27338,1,51699,0,0.0,0.0,0.7,0.03,0.73,2.08,0.63,0.03,0.66,1.87,39.0,432.0,188.0,6.5,444.0,214.0,36.0,357.0,184.0,8.1,431.0,194.0,,,4.0,35,,Fábio,Freitas Gouveia Carvalho,Carvalho,Knee injury - Expected back 01 Jun,,100,1,0,0,4,0,0,0,0,0,0,1,8,,,,0.0,0.0,3.6,0.9,7.2,3,0,5
124,d,75.0,75.0,5.0,242,147.0,0,0.0,0,0.0,0.3,327,112.0,75,0,2.6,252.0,102.0,5,332,0.0,743.0,315.0,0.0,15.0,0.0,100990,1,108064,37,-0.4,0.0,0.33,2.25,2.58,25.95,0.02,0.11,0.13,1.29,328.0,202.0,84.0,336.0,102.0,73.0,45.0,341.0,177.0,70.9,211.0,101.0,,,,35,,Jordan,Henderson,Henderson,Knock - 75% chance of playing,,1814,1,3,6,26,0,0,0,4,0,0,21,178,,,,0.0,0.3,1.29,1.04,8.83,26,58,94
125,d,75.0,75.0,4.9,301,187.0,0,0.0,-1,1.0,0.1,481,169.0,70,0,3.2,166.0,66.0,6,300,0.0,718.0,297.0,0.0,14.3,0.0,67570,0,58866,20,-0.4,0.0,0.82,1.88,2.7,20.22,0.06,0.14,0.2,1.45,329.0,201.0,83.0,313.6,115.0,80.0,91.0,284.0,152.0,72.5,203.0,98.0,2.0,,,35,,Vitaly,Janelt,Janelt,Foot injury - 75% chance of playing,,1253,1,4,5,16,0,0,0,7,0,0,13,164,,,,0.0,0.36,1.15,0.93,11.78,24,66,74
126,a,,,4.9,304,189.0,0,0.0,-1,1.0,0.1,433,148.0,88,1,2.7,238.0,93.0,1,415,4.0,43.0,12.0,0.8,18.0,0.0,26764,62,22101,46,3.5,4.0,2.13,5.16,7.29,28.44,0.1,0.24,0.34,1.32,382.6,171.0,62.0,543.6,35.0,32.0,188.0,171.0,94.0,111.4,96.0,56.0,1.0,2.0,5.0,35,,Mathias,Jensen,Jensen,,,1937,3,2,8,27,0,0,0,3,0,0,23,184,,,,0.0,0.37,1.26,1.07,8.56,32,51,101
127,u,0.0,0.0,4.9,341,212.0,0,0.0,-1,1.0,0.0,728,302.0,0,0,0.0,790.0,344.0,0,0,0.0,738.0,311.0,0.0,0.0,0.0,1544,0,2359,0,0.0,0.0,0.0,0.0,0.0,0.0,0.0,0.0,0.0,0.0,0.0,789.0,343.0,0.0,785.0,343.0,0.0,781.0,341.0,0.0,789.0,343.0,,,,35,,Gustavo,Nunes Fernandes Gomes,Nunes,has joined Swansea City on loan for the rest of the season.,,0,0,0,0,0,0,0,0,0,0,0,0,0,,,,0.0,0.0,0.0,0.0,0.0,0,0,0
128,u,0.0,0.0,4.8,362,224.0,0,0.0,-2,2.0,0.0,610,233.0,12,0,2.0,341.0,146.0,0,41,0.0,707.0,288.0,0.0,2.5,0.0,5396,0,8971,0,0.0,0.0,0.0,0.36,0.36,2.02,0.0,0.37,0.37,2.07,28.4,444.0,197.0,13.6,417.0,207.0,4.0,442.0,215.0,4.6,459.0,206.0,,,,35,,Frank,Onyeka,Onyeka,has joined Coventry City on loan for the rest of the season.,,88,0,2,0,2,0,0,0,0,0,0,0,10,,,,0.0,0.0,2.05,0.0,10.23,2,3,5
129,a,100.0,100.0,5.0,274,168.0,0,0.0,0,0.0,0.1,477,167.0,92,1,2.6,255.0,105.0,0,395,3.0,85.0,30.0,0.6,18.4,0.0,26296,17,23400,25,2.5,3.0,1.19,1.3,2.49,35.33,0.04,0.05,0.09,1.31,388.6,169.0,60.0,249.9,157.0,105.0,112.0,257.0,141.0,74.9,190.0,93.0,,,,35,,Yehor,Yarmoliuk,Yarmoliuk,,,2418,1,2,7,38,0,0,0,7,0,0,28,300,,,,0.0,0.26,1.42,1.04,11.18,61,70,169
130,a,,,4.4,573,344.0,0,0.0,-1,1.0,0.1,476,166.0,4,0,1.0,481.0,214.0,0,19,0.0,593.0,205.0,0.0,0.9,0.0,17214,8,20235,12,-0.5,0.0,0.09,0.01,0.1,0.39,0.21,0.02,0.23,0.92,8.4,475.0,212.0,11.5,424.0,211.0,21.0,390.0,196.0,4.2,463.0,207.0,,,,35,,Romelle,Donovan,Donovan,,,38,0,0,0,0,0,0,0,0,0,0,0,5,,,,0.0,0.0,0.0,0.0,11.84,0,0,5
131,u,0.0,0.0,4.3,623,370.0,0,0.0,-2,2.0,0.1,436,149.0,0,0,0.0,670.0,257.0,0,0,0.0,558.0,187.0,0.0,0.0,0.0,38108,0,46003,5,0.0,0.0,0.0,0.0,0.0,0.0,0.0,0.0,0.0,0.0,0.0,660.0,247.0,0.0,656.0,252.0,0.0,633.0,241.0,0.0,662.0,249.0,,,,35,,Yunus Emre,Konak,Konak,has joined Oxford United on loan for the rest of the season.,,0,0,0,0,0,0,0,0,0,0,0,0,0,,,,0.0,0.0,0.0,0.0,0.0,0,0,0
132,u,0.0,0.0,4.5,423,253.0,0,0.0,0,0.0,0.0,687,276.0,0,0,0.0,701.0,273.0,0,0,0.0,605.0,210.0,0.0,0.0,0.0,4038,0,5622,1,0.0,0.0,0.0,0.0,0.0,0.0,0.0,0.0,0.0,0.0,0.0,695.0,267.0,0.0,690.0,270.0,0.0,671.0,262.0,0.0,697.0,269.0,,,,35,,Paris,Maghoma,Maghoma,has joined Norwich City permanently.,,0,0,0,0,0,0,0,0,0,0,0,0,0,,,,0.0,0.0,0.0,0.0,0.0,0,0,0
133,u,0.0,0.0,4.4,547,327.0,0,0.0,-1,1.0,0.0,645,251.0,1,0,1.0,476.0,209.0,0,2,0.0,572.0,190.0,0.0,0.2,0.0,3881,0,6513,0,0.0,0.0,0.0,0.0,0.0,0.0,0.0,0.0,0.0,0.0,0.0,668.0,250.0,0.0,664.0,254.0,0.0,643.0,244.0,0.0,670.0,252.0,,,,35,,Myles,Peart-Harris,Peart-Harris,has joined Oxford United permanently.,,1,0,0,0,0,0,0,0,0,0,0,0,0,,,,0.0,0.0,0.0,0.0,0.0,0,0,0
134,u,0.0,0.0,4.5,492,303.0,0,0.0,0,0.0,0.0,797,350.0,0,0,0.0,746.0,312.0,0,0,0.0,663.0,257.0,0.0,0.0,0.0,0,0,954,0,0.0,0.0,0.0,0.0,0.0,0.0,0.0,0.0,0.0,0.0,0.0,744.0,310.0,0.0,737.0,310.0,0.0,724.0,306.0,0.0,744.0,310.0,,,,35,,Ryan,Trevitt,Trevitt,Has joined Wigan on loan for the rest of the season,,0,0,0,0,0,0,0,0,0,0,0,0,0,,,,0.0,0.0,0.0,0.0,0.0,0,0,0
136,a,100.0,100.0,7.4,25,9.0,0,0.0,14,-14.0,35.0,6,3.0,170,1,4.9,18.0,3.0,22,676,4.2,38.0,5.0,0.6,23.0,0.0,9837824,2006,5604963,17270,3.7,4.2,19.13,1.76,20.89,44.75,0.59,0.05,0.64,1.37,941.6,6.0,2.0,353.0,94.0,4.0,1066.0,2.0,2.0,235.8,3.0,2.0,,,2.0,35,,Igor Thiago,Nascimento Rodrigues,Thiago,,,2944,21,1,9,44,0,0,1,7,0,0,34,192,,,,0.0,0.28,1.35,1.04,5.88,32,71,89
137,u,0.0,0.0,4.4,559,78.0,0,0.0,-1,1.0,0.3,331,53.0,0,0,0.0,683.0,71.0,0,0,0.0,581.0,60.0,0.0,0.0,0.0,52422,0,82537,5,0.0,0.0,0.0,0.0,0.0,0.0,0.0,0.0,0.0,0.0,0.0,676.0,71.0,0.0,671.0,70.0,0.0,652.0,70.0,0.0,678.0,71.0,,,,35,,Iwan,Morgan,Morgan,has joined Shrewsbury on loan for the rest of the season.,,0,0,0,0,0,0,0,0,0,0,0,0,0,,,,0.0,0.0,0.0,0.0,0.0,0,0,0
748,a,100.0,100.0,4.9,297,184.0,0,0.0,-1,1.0,0.0,814,360.0,0,0,0.0,778.0,335.0,0,0,0.0,716.0,296.0,0.0,0.0,0.0,228,1,254,0,-0.5,0.0,0.0,0.0,0.0,0.0,0.0,0.0,0.0,0.0,0.0,777.0,334.0,0.0,773.0,334.0,0.0,769.0,332.0,0.0,777.0,334.0,,,,35,,Josh,Dasilva,Dasilva,,,0,0,0,0,0,0,0,0,0,0,0,0,0,,,,0.0,0.0,0.0,0.0,0.0,0,0,0
141,u,0.0,0.0,4.0,695,55.0,0,0.0,0,0.0,0.0,811,94.0,0,0,0.0,601.0,76.0,0,0,0.0,458.0,66.0,0.0,0.0,0.0,0,0,247,0,0.0,0.0,0.0,0.0,0.0,0.0,0.0,0.0,0.0,0.0,0.0,590.0,76.0,0.0,582.0,64.0,0.0,551.0,50.0,0.0,592.0,76.0,,,,35,,Carl,Rushworth,Rushworth,Has joined Coventry City on loan for the rest of the season.,,0,0,0,0,0,0,0,0,0,0,0,0,0,,,,0.0,0.0,0.0,0.0,0.0,0,0,0
145,a,100.0,100.0,4.3,591,134.0,0,0.0,-2,2.0,1.5,161,64.0,66,0,2.5,268.0,102.0,6,245,1.2,204.0,72.0,0.3,15.3,0.0,259229,46,744723,68,2.2,1.7,1.55,2.25,3.8,21.07,0.12,0.17,0.29,1.62,242.4,259.0,104.0,331.0,104.0,26.0,132.0,236.0,62.0,70.6,213.0,74.0,,1.0,,35,,Maxim,De Cuyper,De Cuyper,,,1173,2,1,4,19,0,0,0,2,0,0,14,78,,,,0.0,0.31,1.46,1.07,4.14,19,35,59
147,u,0.0,0.0,4.5,419,80.0,0,0.0,0,0.0,0.0,752,257.0,0,0,0.0,699.0,257.0,0,0,0.0,603.0,240.0,0.0,0.0,0.0,0,0,1991,0,0.0,0.0,0.0,0.0,0.0,0.0,0.0,0.0,0.0,0.0,0.0,693.0,257.0,0.0,688.0,257.0,0.0,669.0,256.0,0.0,695.0,257.0,,,,35,,Pervis,Estupiñán Tenorio,Estupiñan,Has joined AC Milan permanently,,0,0,0,0,0,0,0,0,0,0,0,0,0,,,,0.0,0.0,0.0,0.0,0.0,0,0,0
148,a,,,4.4,537,110.0,0,0.0,-1,1.0,1.0,198,77.0,109,1,3.2,163.0,65.0,7,481,5.8,8.0,3.0,1.3,24.8,0.0,203028,2019,104791,64,6.8,6.3,2.0,2.54,4.54,39.33,0.06,0.08,0.14,1.27,471.2,121.0,54.0,365.2,85.0,19.0,249.0,123.0,21.0,108.8,100.0,27.0,,,,35,,Ferdi,Kadıoğlu,F.Kadıoğlu,,,2793,1,2,9,35,0,0,0,6,0,0,31,190,,,,0.0,0.29,1.13,1.0,5.16,55,105,118
149,a,100.0,100.0,4.5,424,84.0,0,0.0,0,0.0,0.1,515,185.0,6,0,1.5,409.0,151.0,0,10,0.0,606.0,242.0,0.0,1.3,0.0,11157,8,11527,4,1.0,0.5,0.0,0.0,0.0,4.66,0.0,0.0,0.0,4.07,25.8,450.0,163.0,10.6,426.0,154.0,0.0,672.0,258.0,3.6,467.0,168.0,,,,35,,Igor Julio,dos Santos de Paulo,Igor,,,103,0,0,0,3,0,0,0,0,0,0,1,13,,,,0.0,0.0,2.62,0.87,11.36,0,13,3
150,u,0.0,0.0,4.4,539,112.0,0,0.0,-1,1.0,0.1,523,188.0,0,0,0.0,674.0,256.0,0,0,0.0,567.0,234.0,0.0,0.0,0.0,2778,0,38693,2,0.0,0.0,0.0,0.0,0.0,0.0,0.0,0.0,0.0,0.0,0.0,665.0,256.0,0.0,661.0,256.0,0.0,640.0,255.0,0.0,667.0,256.0,,,,35,,Tariq,Lamptey,Lamptey,has joined Fiorentina permanently.,,0,0,0,0,0,0,0,0,0,0,0,0,0,,,,0.0,0.0,0.0,0.0,0.0,0,0,0
151,a,100.0,100.0,4.6,401,69.0,0,0.0,1,-1.0,10.1,37,12.0,138,1,4.2,42.0,16.0,8,535,4.5,29.0,15.0,1.0,30.0,0.0,2079269,4108,924760,494,5.5,5.0,2.37,1.35,3.71,40.99,0.07,0.04,0.11,1.29,909.4,7.0,3.0,220.0,173.0,43.0,276.0,107.0,14.0,140.9,50.0,7.0,,,,35,,Jan Paul,van Hecke,Van Hecke,,,2873,3,3,9,38,1,0,0,8,0,0,33,315,,,,0.0,0.28,1.19,1.03,8.97,50,235,99
152,a,100.0,100.0,4.3,577,123.0,0,0.0,-2,2.0,0.1,442,164.0,39,1,1.8,367.0,136.0,1,149,0.8,259.0,85.0,0.2,9.1,0.0,23729,6,38609,18,1.8,1.3,0.99,0.12,1.11,15.18,0.1,0.01,0.11,1.53,234.6,263.0,106.0,72.6,318.0,106.0,63.0,320.0,100.0,37.1,331.0,111.0,,,,35,,Joël,Veltman,Veltman,,,894,1,0,1,12,0,0,0,4,0,0,8,106,,,,0.0,0.1,1.21,0.81,9.49,29,65,37
153,i,0.0,0.0,4.4,529,104.0,0,0.0,-1,1.0,0.0,764,259.0,0,0,0.0,672.0,255.0,0,0,0.0,562.0,231.0,0.0,0.0,0.0,1079,1,1828,2,0.0,0.0,0.0,0.0,0.0,0.0,0.0,0.0,0.0,0.0,0.0,663.0,255.0,0.0,658.0,255.0,0.0,637.0,254.0,0.0,665.0,255.0,,,,35,,Adam,Webster,Webster,Knee injury - Unknown return date,,0,0,0,0,0,0,0,0,0,0,0,0,0,,,,0.0,0.0,0.0,0.0,0.0,0,0,0
154,u,0.0,0.0,4.0,686,171.0,0,0.0,0,0.0,0.0,786,262.0,0,0,0.0,594.0,217.0,0,0,0.0,449.0,171.0,0.0,0.0,0.0,0,0,789,0,0.0,0.0,0.0,0.0,0.0,0.0,0.0,0.0,0.0,0.0,0.0,583.0,216.0,0.0,575.0,216.0,0.0,544.0,212.0,0.0,585.0,216.0,,,,35,,Eiran,Cashin,Cashin,has joined Blackburn Rovers on loan for the rest of the season.,,0,0,0,0,0,0,0,0,0,0,0,0,0,,,,0.0,0.0,0.0,0.0,0.0,0,0,0
155,u,0.0,0.0,4.0,731,198.0,0,0.0,0,0.0,0.1,511,182.0,0,0,0.0,630.0,237.0,0,0,0.0,491.0,196.0,0.0,0.0,0.0,3175,0,16768,0,0.0,0.0,0.0,0.0,0.0,0.0,0.0,0.0,0.0,0.0,0.0,620.0,237.0,0.0,613.0,237.0,0.0,583.0,234.0,0.0,622.0,237.0,,,,35,,Jacob,Slater,Slater,has joined Harrogate Town on loan until January.,,0,0,0,0,0,0,0,0,0,0,0,0,0,,,,0.0,0.0,0.0,0.0,0.0,0,0,0
156,a,,,3.8,814,253.0,0,0.0,-2,2.0,0.2,413,152.0,0,0,0.0,543.0,197.0,0,0,0.0,389.0,145.0,0.0,0.0,0.0,13093,7,18639,12,1.0,0.5,0.0,0.0,0.0,0.0,0.0,0.0,0.0,0.0,0.0,532.0,196.0,0.0,516.0,196.0,0.0,483.0,190.0,0.0,534.0,196.0,,,,35,,Charlie,Tasker,Tasker,,,0,0,0,0,0,0,0,0,0,0,0,0,0,,,,0.0,0.0,0.0,0.0,0.0,0,0,0
157,a,100.0,100.0,6.1,82,54.0,0,0.0,-4,4.0,2.2,133,44.0,62,1,2.6,260.0,109.0,2,240,2.8,100.0,39.0,0.5,10.2,0.0,375031,773,904166,117,3.8,3.3,3.64,2.69,6.33,20.7,0.21,0.15,0.36,1.17,285.0,236.0,101.0,402.7,71.0,56.0,397.0,64.0,38.0,108.1,101.0,57.0,,,,35,,Mitoma,Kaoru,Mitoma,,,1590,3,1,5,18,0,0,0,3,0,0,18,100,,,,0.0,0.28,1.02,1.02,5.67,17,27,56
158,a,100.0,100.0,5.6,131,82.0,0,0.0,-4,4.0,0.3,302,106.0,83,0,3.0,202.0,80.0,2,275,3.2,79.0,27.0,0.6,14.8,0.0,140563,255,260212,32,4.2,3.7,2.48,2.32,4.8,20.2,0.13,0.12,0.25,1.06,323.4,205.0,87.0,319.7,112.0,78.0,409.0,59.0,34.0,105.1,106.0,62.0,,,,35,,Georginio,Rutter,Georginio,,,1711,3,5,7,18,1,0,0,2,0,0,20,126,,,,0.0,0.37,0.95,1.05,6.63,30,37,59
159,i,0.0,0.0,5.8,104,68.0,0,0.0,-2,2.0,0.0,710,289.0,1,0,1.0,509.0,237.0,0,4,0.0,806.0,357.0,0.0,0.2,0.0,2965,1,3973,14,0.0,0.0,0.0,0.0,0.0,0.25,0.0,0.0,0.0,5.62,0.0,819.0,365.0,0.0,819.0,365.0,0.0,818.0,365.0,0.0,819.0,365.0,,,,35,,Solly,March,March,Muscle injury - Expected back 09 May,,4,0,0,0,0,0,0,0,0,0,0,0,0,,,,0.0,0.0,0.0,0.0,0.0,0,0,0
160,a,100.0,100.0,5.5,149,94.0,0,0.0,-5,5.0,2.4,129,42.0,103,1,3.3,155.0,65.0,8,408,2.0,155.0,65.0,0.4,18.7,0.0,2094274,642,1974427,315,3.0,2.5,3.27,4.49,7.76,30.07,0.14,0.19,0.33,1.29,420.8,149.0,51.0,599.0,28.0,26.0,563.0,32.0,16.0,158.6,34.0,26.0,5.0,,,35,,Yankuba,Minteh,Minteh,,,2097,2,8,9,30,0,0,0,3,0,0,24,169,,,,0.0,0.39,1.29,1.03,7.26,50,29,90
161,u,0.0,0.0,5.4,170,106.0,0,0.0,-1,1.0,0.0,755,321.0,0,0,0.0,814.0,361.0,0,0,0.0,791.0,348.0,0.0,0.0,0.0,105,0,2966,0,0.0,0.0,0.0,0.0,0.0,0.0,0.0,0.0,0.0,0.0,0.0,813.0,360.0,0.0,812.0,360.0,0.0,810.0,359.0,0.0,813.0,360.0,,,,35,,Julio,Enciso Espínola,Enciso,has joined Strasbourg permanently.,,0,0,0,0,0,0,0,0,0,0,0,0,0,,,,0.0,0.0,0.0,0.0,0.0,0,0,0
162,u,0.0,0.0,5.4,175,111.0,0,0.0,-1,1.0,0.0,601,227.0,35,0,1.9,359.0,155.0,2,114,0.0,793.0,350.0,0.0,6.5,0.0,16799,0,19881,1,0.0,0.0,1.86,0.88,2.74,13.82,0.24,0.11,0.35,1.76,134.4,344.0,155.0,217.1,177.0,118.0,152.0,214.0,117.0,50.0,284.0,144.0,,,,35,,Brajan,Gruda,Gruda,has joined Leipzig on loan for the rest of the season.,,708,1,1,2,11,0,0,0,2,0,0,8,58,,,,0.0,0.25,1.4,1.02,7.37,14,4,40
163,a,100.0,100.0,5.1,240,145.0,0,0.0,-4,4.0,0.5,264,91.0,72,1,3.0,200.0,78.0,2,244,3.5,67.0,22.0,0.7,14.1,0.0,97506,196,44418,26,4.5,4.0,3.9,1.93,5.83,23.83,0.25,0.12,0.37,1.5,228.2,268.0,111.0,187.5,193.0,126.0,292.0,102.0,62.0,70.2,215.0,103.0,,,,35,,Jack,Hinshelwood,Hinshelwood,,,1431,2,5,5,19,1,0,0,0,0,0,17,101,,,,0.0,0.32,1.2,1.07,6.37,16,31,54
164,a,100.0,100.0,5.5,141,88.0,0,0.0,0,0.0,0.3,306,107.0,16,0,2.7,243.0,97.0,2,48,0.5,309.0,142.0,0.1,2.9,0.0,133073,16,200484,4,1.5,1.0,1.21,0.18,1.39,2.53,0.54,0.08,0.62,1.13,65.4,408.0,178.0,67.7,326.0,177.0,63.0,321.0,168.0,19.6,391.0,180.0,,,3.0,35,,Matt,O'Riley,O'Riley,,,202,1,0,1,3,0,0,0,0,0,0,2,10,,,,0.0,0.45,1.34,0.89,4.46,5,3,2
165,u,0.0,0.0,5.4,176,112.0,0,0.0,-1,1.0,0.0,740,311.0,0,0,0.0,815.0,362.0,0,0,0.0,794.0,351.0,0.0,0.0,0.0,247,0,2253,0,0.0,0.0,0.0,0.0,0.0,0.0,0.0,0.0,0.0,0.0,0.0,814.0,361.0,0.0,813.0,361.0,0.0,811.0,360.0,0.0,814.0,361.0,,,,35,,Abdallah,Sima,Sima,has joined Lens permanently.,,0,0,0,0,0,0,0,0,0,0,0,0,0,,,,0.0,0.0,0.0,0.0,0.0,0,0,0
166,a,100.0,100.0,4.8,371,231.0,0,0.0,-2,2.0,0.4,289,100.0,96,0,3.6,105.0,43.0,7,401,2.8,95.0,34.0,0.6,20.0,0.0,214823,117,196169,73,3.8,3.3,2.7,1.15,3.85,26.67,0.13,0.05,0.18,1.26,358.0,187.0,74.0,251.0,155.0,104.0,229.0,132.0,77.0,84.1,162.0,85.0,,2.0,,35,,Yasin,Ayari,Ayari,,,1899,3,4,6,23,0,0,0,1,0,0,20,223,,,,0.0,0.28,1.09,0.95,10.57,47,53,123
167,a,100.0,100.0,4.5,460,277.0,0,0.0,-5,5.0,1.5,162,56.0,46,1,1.6,403.0,171.0,0,178,1.2,206.0,91.0,0.3,10.2,0.0,214524,244,568164,91,2.2,1.7,0.58,0.61,1.19,17.85,0.04,0.04,0.08,1.15,116.6,365.0,162.0,105.8,279.0,168.0,31.0,367.0,188.0,25.4,372.0,175.0,,,,35,,Carlos,Baleba,Baleba,,,1403,0,0,5,18,0,0,0,5,0,0,21,167,,,,0.0,0.32,1.16,1.35,10.74,31,54,82
169,i,0.0,0.0,4.9,334,205.0,0,0.0,-1,1.0,0.6,252,89.0,95,0,3.2,168.0,68.0,9,360,1.5,191.0,83.0,0.3,19.4,0.0,223466,0,162800,741,0.0,0.0,5.31,1.7,7.01,27.68,0.23,0.08,0.31,1.22,437.2,140.0,46.0,317.0,114.0,79.0,394.0,67.0,40.0,115.0,87.0,53.0,,5.0,,35,,Diego,Gómez Amarilla,Gomez,Knee injury - Expected back 09 May,,2034,5,1,8,25,0,0,0,9,0,0,25,226,,,,0.0,0.35,1.11,1.11,10.0,76,46,104
170,i,0.0,0.0,4.9,284,176.0,0,0.0,-1,1.0,0.1,473,164.0,34,0,1.8,376.0,159.0,0,153,0.0,709.0,290.0,0.0,6.9,0.0,19526,2,24900,13,0.0,0.0,1.03,0.65,1.68,11.32,0.13,0.08,0.21,1.43,137.6,343.0,154.0,149.5,231.0,148.0,59.0,328.0,171.0,34.4,340.0,165.0,,,1.0,35,,James,Milner,Milner,Knock - Expected back 09 May,,714,1,1,2,14,0,0,0,2,0,0,6,76,,,,0.0,0.25,1.76,0.76,9.58,14,24,38
171,u,0.0,0.0,4.9,325,201.0,0,0.0,-1,1.0,0.0,716,295.0,0,0,0.0,786.0,342.0,0,0,0.0,730.0,306.0,0.0,0.0,0.0,197,0,2982,0,0.0,0.0,0.0,0.0,0.0,0.0,0.0,0.0,0.0,0.0,0.0,785.0,341.0,0.0,781.0,341.0,0.0,777.0,339.0,0.0,785.0,341.0,,,,35,,Jeremy,Sarmiento Morante,Sarmiento,has joined Middlesbrough on loan for the rest of the season.,,0,0,0,0,0,0,0,0,0,0,0,0,0,,,,0.0,0.0,0.0,0.0,0.0,0,0,0
172,u,0.0,0.0,4.8,373,233.0,0,0.0,-2,2.0,0.0,655,258.0,5,0,0.8,521.0,241.0,0,15,0.0,708.0,289.0,0.0,1.0,0.0,2397,0,4308,0,0.0,0.0,0.04,0.03,0.07,1.72,0.06,0.05,0.11,2.72,6.0,482.0,217.0,2.4,464.0,221.0,7.0,432.0,207.0,1.6,481.0,217.0,,,,35,,Tom,Watson,Watson,has joined Millwall on loan for the rest of the season.,,57,0,0,0,2,0,0,0,1,0,0,0,5,,,,0.0,0.0,3.16,0.0,7.89,1,0,4
173,a,100.0,100.0,4.9,329,204.0,0,0.0,-1,1.0,0.5,260,90.0,92,1,3.7,96.0,40.0,6,387,5.2,15.0,7.0,1.1,18.8,0.0,179447,359,121696,263,6.2,5.7,1.92,1.85,3.77,22.3,0.1,0.09,0.19,1.11,466.4,124.0,40.0,284.0,139.0,93.0,209.0,155.0,87.0,96.0,132.0,73.0,,,,35,,Mats,Wieffer,Wieffer,,,1811,2,4,6,23,0,0,0,8,0,0,22,264,,,,0.0,0.3,1.14,1.09,13.12,64,100,100
174,u,0.0,0.0,5.0,281,174.0,0,0.0,0,0.0,0.0,784,341.0,0,0,0.0,805.0,356.0,0,0,0.0,761.0,330.0,0.0,0.0,0.0,0,0,1267,0,0.0,0.0,0.0,0.0,0.0,0.0,0.0,0.0,0.0,0.0,0.0,804.0,355.0,0.0,802.0,355.0,0.0,797.0,353.0,0.0,804.0,355.0,,,,35,,Malick,Yalcouyé,Yalcouye,Has joined Swansea City on loan for the rest of the season.,,0,0,0,0,0,0,0,0,0,0,0,0,0,,,,0.0,0.0,0.0,0.0,0.0,0,0,0
175,u,0.0,0.0,4.4,565,339.0,0,0.0,-1,1.0,0.1,547,203.0,1,0,1.0,479.0,212.0,0,3,0.0,586.0,201.0,0.0,0.2,0.0,11030,0,15427,2,0.0,0.0,0.0,0.0,0.0,0.0,0.0,0.0,0.0,0.0,0.0,681.0,260.0,0.0,676.0,263.0,0.0,657.0,255.0,0.0,683.0,262.0,,,,35,,Joe,Knight,Knight,has joined Stevenage permanently.,,1,0,0,0,0,0,0,0,0,0,0,0,0,,,,0.0,0.0,0.0,0.0,0.0,0,0,0
176,u,0.0,0.0,4.5,465,282.0,0,0.0,0,0.0,0.0,697,281.0,0,0,0.0,727.0,297.0,0,0,0.0,637.0,236.0,0.0,0.0,0.0,1435,0,4621,0,0.0,0.0,0.0,0.0,0.0,0.0,0.0,0.0,0.0,0.0,0.0,722.0,292.0,0.0,717.0,294.0,0.0,701.0,287.0,0.0,723.0,293.0,,,,35,,Adrian,Mazilu,Mazilu,has joined Dinamo Bucharest permanently.,,0,0,0,0,0,0,0,0,0,0,0,0,0,,,,0.0,0.0,0.0,0.0,0.0,0,0,0
177,u,0.0,0.0,4.5,454,271.0,0,0.0,0,0.0,0.0,711,290.0,0,0,0.0,718.0,288.0,0,0,0.0,628.0,227.0,0.0,0.0,0.0,490,0,5122,0,0.0,0.0,0.0,0.0,0.0,0.0,0.0,0.0,0.0,0.0,0.0,713.0,283.0,0.0,708.0,285.0,0.0,692.0,278.0,0.0,714.0,284.0,,,,35,,Andrew,Moran,Moran,Has joined Los Angeles FC on loan for the rest of the season.,,0,0,0,0,0,0,0,0,0,0,0,0,0,,,,0.0,0.0,0.0,0.0,0.0,0,0,0
178,a,100.0,100.0,6.3,62,21.0,0,0.0,-2,2.0,7.8,51,9.0,117,1,3.4,140.0,11.0,18,475,2.8,102.0,14.0,0.4,18.6,0.0,2963510,6240,2562653,992,3.8,3.3,11.79,1.32,13.11,27.88,0.53,0.06,0.59,1.26,546.4,81.0,5.0,286.2,136.0,9.0,703.0,20.0,12.0,152.9,38.0,8.0,,4.0,2.0,35,,Danny,Welbeck,Welbeck,,,1995,13,0,8,24,0,0,2,5,0,0,23,98,,,,0.0,0.36,1.08,1.04,4.43,20,35,43
179,u,0.0,0.0,5.5,147,36.0,0,0.0,0,0.0,0.0,760,92.0,0,0,0.0,819.0,90.0,0,0,0.0,800.0,86.0,0.0,0.0,0.0,0,0,1562,0,0.0,0.0,0.0,0.0,0.0,0.0,0.0,0.0,0.0,0.0,0.0,818.0,90.0,0.0,817.0,90.0,0.0,815.0,90.0,0.0,818.0,90.0,,,,35,,Evan,Ferguson,Ferguson,Has joined AS Roma on loan for the rest of the season,,0,0,0,0,0,0,0,0,0,0,0,0,0,,,,0.0,0.0,0.0,0.0,0.0,0,0,0
180,i,0.0,0.0,5.2,221,51.0,0,0.0,-3,3.0,0.1,538,74.0,16,0,1.8,383.0,45.0,0,55,0.0,774.0,83.0,0.0,3.1,0.0,13538,6,23543,2,0.0,0.0,0.44,0.11,0.55,2.59,0.3,0.08,0.38,1.77,66.6,407.0,48.0,65.7,333.0,41.0,44.0,345.0,54.0,17.7,395.0,50.0,,,,35,,Stefanos,Tzimas,Tzimas,Knee injury - Expected back 01 Jun,,132,1,1,0,2,0,0,0,0,0,0,1,15,,,,0.0,0.0,1.36,0.68,10.23,3,2,10
181,a,,,4.8,375,64.0,0,0.0,-2,2.0,0.3,312,48.0,31,0,1.8,375.0,42.0,3,123,0.2,343.0,46.0,0.0,6.5,0.0,57380,16,79837,22,1.2,0.7,1.8,0.28,2.08,4.66,0.54,0.08,0.62,1.4,130.0,349.0,35.0,91.8,299.0,32.0,198.0,161.0,37.0,41.9,310.0,34.0,,,,35,,Charalampos,Kostoulas,Kostoulas,,,300,2,1,1,7,0,0,0,2,0,0,2,38,,,,0.0,0.3,2.1,0.6,11.4,11,5,22
744,a,,,4.5,470,285.0,0,0.0,0,0.0,0.0,713,292.0,1,0,1.0,485.0,217.0,0,3,0.0,641.0,239.0,0.0,0.2,0.0,3156,4,2344,0,1.0,0.5,0.0,0.0,0.0,0.0,0.0,0.0,0.0,0.0,0.0,726.0,295.0,0.0,720.0,296.0,0.0,705.0,290.0,0.0,727.0,296.0,,,,35,,Nehemiah,Oriola,Oriola,,,1,0,0,0,0,0,0,0,0,0,0,0,0,,,,0.0,0.0,0.0,0.0,0.0,0,0,0
761,a,,,4.0,736,203.0,0,0.0,0,0.0,0.0,690,245.0,0,0,0.0,634.0,241.0,0,0,0.0,496.0,201.0,0.0,0.0,0.0,1323,7,1043,7,1.0,0.5,0.0,0.0,0.0,0.0,0.0,0.0,0.0,0.0,0.0,624.0,241.0,0.0,617.0,241.0,0.0,587.0,238.0,0.0,626.0,241.0,,,,35,,Freddie,Simmonds,Simmonds,,,0,0,0,0,0,0,0,0,0,0,0,0,0,,,,0.0,0.0,0.0,0.0,0.0,0,0,0
783,a,,,5.5,134,83.0,0,0.0,0,0.0,2.6,121,39.0,66,1,4.1,55.0,24.0,9,319,5.8,11.0,5.0,1.1,12.0,0.0,435580,2225,99791,133,6.8,6.3,0.84,3.11,3.95,15.08,0.06,0.22,0.28,1.05,335.0,197.0,80.0,554.2,33.0,30.0,121.0,250.0,136.0,101.0,115.0,67.0,1.0,,,35,,Pascal,Groß,Groß,,,1299,1,5,5,11,0,0,0,2,0,0,15,120,,,,0.0,0.35,0.76,1.04,8.33,24,36,60
795,a,,,4.5,495,305.0,0,0.0,0,0.0,0.0,769,329.0,4,0,1.3,435.0,191.0,0,11,0.0,666.0,259.0,0.0,0.9,0.0,970,2,515,4,1.0,0.5,0.0,0.03,0.03,1.04,0.0,0.03,0.03,1.02,10.2,470.0,207.0,5.1,450.0,216.0,2.0,454.0,223.0,1.8,478.0,215.0,,,,35,,Harry,Howell,Howell,,,92,0,0,0,2,0,0,0,0,0,0,1,7,,,,0.0,0.0,1.96,0.98,6.85,1,3,3
220,a,100.0,100.0,4.8,354,13.0,0,0.0,-2,2.0,11.5,34,5.0,108,0,3.4,134.0,17.0,7,483,1.5,187.0,15.0,0.3,22.5,0.0,1756639,129,3203638,1955,1.0,1.5,0.0,0.04,0.04,43.03,0.0,0.0,0.0,1.39,753.0,22.0,6.0,50.0,357.0,1.0,0.0,761.0,86.0,79.8,175.0,5.0,,,,35,,Robert,Lynch Sánchez,Sánchez,,,2794,0,1,9,43,0,0,0,3,1,90,32,89,,,,2.9,0.29,1.39,1.03,0.0,2,26,277
221,d,25.0,25.0,4.3,606,27.0,0,0.0,-2,2.0,0.2,407,57.0,6,0,2.0,339.0,33.0,0,35,0.0,544.0,85.0,0.0,1.4,0.0,16420,1,28998,14,-0.1,0.0,0.0,0.0,0.0,3.56,0.0,0.0,0.0,1.21,59.6,411.0,31.0,0.0,645.0,84.0,0.0,622.0,73.0,5.9,448.0,31.0,,,,35,,Filip,Jörgensen,Jörgensen,Groin Injury - 25% chance of playing,,264,0,0,0,4,0,0,0,0,0,6,2,7,,,,2.05,0.0,1.36,0.68,0.0,0,3,23
222,u,0.0,0.0,4.0,720,65.0,0,0.0,0,0.0,0.0,806,93.0,0,0,0.0,619.0,85.0,0,0,0.0,480.0,76.0,0.0,0.0,0.0,0,0,345,0,0.0,0.0,0.0,0.0,0.0,0.0,0.0,0.0,0.0,0.0,0.0,609.0,85.0,0.0,602.0,74.0,0.0,572.0,60.0,0.0,611.0,85.0,,,,35,,Mike,Penders,Penders,Has joined RC Strasbourg on loan for the rest of the season.,,0,0,0,0,0,0,0,0,0,0,0,0,0,,,,0.0,0.0,0.0,0.0,0.0,0,0,0
223,a,,,3.9,771,83.0,0,0.0,-1,1.0,0.1,470,68.0,0,0,0.0,563.0,54.0,0,0,0.0,413.0,42.0,0.0,0.0,0.0,10301,3,13360,4,-0.5,0.0,0.0,0.0,0.0,0.0,0.0,0.0,0.0,0.0,0.0,552.0,54.0,0.0,539.0,37.0,0.0,507.0,23.0,0.0,554.0,54.0,,,,35,,Gabriel,Słonina,Slonina,,,0,0,0,0,0,0,0,0,0,0,0,0,0,,,,0.0,0.0,0.0,0.0,0.0,0,0,0
224,a,100.0,100.0,6.1,80,3.0,0,0.0,1,-1.0,14.8,25,9.0,97,0,3.2,177.0,70.0,5,444,0.8,282.0,91.0,0.1,15.9,0.0,3042717,322,3870014,1692,0.3,0.8,2.26,3.07,5.33,35.28,0.09,0.12,0.21,1.35,513.4,95.0,41.0,512.6,46.0,4.0,267.0,114.0,18.0,129.4,64.0,10.0,,,,35,,Marc,Cucurella Saseta,Cucurella,,,2346,1,3,9,32,0,0,0,6,1,0,27,208,,,,0.0,0.35,1.23,1.04,6.56,47,124,98
225,d,75.0,75.0,5.6,128,12.0,0,0.0,1,-1.0,5.9,65,21.0,113,0,4.2,43.0,17.0,11,479,0.0,803.0,264.0,0.0,20.2,0.0,2188559,27,2254641,809,-0.4,0.0,1.02,3.15,4.17,28.24,0.05,0.15,0.2,1.34,446.4,132.0,58.0,480.8,49.0,6.0,109.0,264.0,72.0,103.8,109.0,29.0,1.0,1.0,,35,,Reece,James,James,Lack of match fitness - 75% chance of playing,,1892,2,6,8,20,0,0,0,4,0,0,20,163,,,,0.0,0.38,0.95,0.95,5.9,47,77,95
226,a,100.0,100.0,5.4,156,18.0,0,0.0,4,-4.0,9.3,38,13.0,133,0,4.3,38.0,14.0,7,505,0.5,308.0,103.0,0.1,24.6,0.0,4830770,200,4062177,1434,0.0,0.5,1.34,1.02,2.36,38.29,0.05,0.03,0.08,1.3,689.8,40.0,16.0,108.3,276.0,81.0,156.0,207.0,52.0,95.4,134.0,40.0,,,,35,,Trevoh,Chalobah,Chalobah,,,2649,3,1,9,37,0,0,0,3,1,0,30,287,,,,0.0,0.31,1.26,1.02,8.66,35,220,113
227,d,75.0,75.0,4.7,388,66.0,0,0.0,-3,3.0,0.1,478,174.0,0,0,0.0,772.0,262.0,0,0,0.0,700.0,250.0,0.0,0.0,0.0,1351,2,30861,5,-0.4,0.0,0.0,0.0,0.0,0.0,0.0,0.0,0.0,0.0,0.0,771.0,262.0,0.0,766.0,262.0,0.0,757.0,262.0,0.0,771.0,262.0,,,,35,,Levi,Samuels Colwill,Colwill,Lack of match fitness - 75% chance of playing,,0,0,0,0,0,0,0,0,0,0,0,0,0,,,,0.0,0.0,0.0,0.0,0.0,0,0,0
228,a,100.0,100.0,4.9,330,54.0,0,0.0,-1,1.0,2.0,139,56.0,95,0,3.1,188.0,75.0,7,393,1.0,237.0,83.0,0.2,19.4,0.0,554505,75,546287,627,0.5,1.0,1.46,2.29,3.75,32.75,0.07,0.1,0.17,1.48,408.6,155.0,68.0,370.2,83.0,18.0,172.0,190.0,46.0,95.2,137.0,42.0,,,,35,,Malo,Gusto,Gusto,,,1991,2,3,7,30,0,0,0,2,1,0,23,142,,,,0.0,0.32,1.36,1.04,5.06,48,64,110
229,a,100.0,100.0,4.4,541,114.0,0,0.0,-1,1.0,0.0,649,232.0,7,0,0.9,511.0,174.0,0,48,0.0,568.0,235.0,0.0,1.6,0.0,9085,1,9871,5,-0.5,0.0,0.0,0.06,0.06,7.41,0.0,0.01,0.01,1.42,102.8,375.0,141.0,7.9,440.0,157.0,2.0,451.0,169.0,11.4,421.0,150.0,,,,35,,Benoît,Badiashile Mukinayi,B.Badiashile,,,470,0,0,0,10,0,0,0,2,0,0,6,51,,,,0.0,0.0,1.91,1.15,9.19,7,41,16
230,a,100.0,100.0,4.4,545,117.0,0,0.0,-1,1.0,0.4,291,109.0,60,0,2.7,233.0,91.0,3,267,1.2,205.0,73.0,0.3,13.6,0.0,136111,18,123987,131,0.7,1.2,0.72,0.6,1.32,22.18,0.04,0.04,0.08,1.34,440.4,138.0,61.0,64.2,336.0,114.0,72.0,307.0,93.0,57.7,255.0,86.0,,,,35,,Wesley,Fofana,Fofana,,,1487,0,1,4,21,0,0,0,5,1,0,17,195,,,,0.0,0.24,1.27,1.03,11.32,19,168,69
231,a,100.0,100.0,4.5,480,97.0,0,0.0,0,0.0,0.0,664,234.0,2,0,1.0,487.0,173.0,0,1,0.0,651.0,248.0,0.0,0.4,0.0,3571,9,3890,3,-0.5,0.0,0.35,0.0,0.35,1.42,0.35,0.0,0.35,1.4,6.2,480.0,172.0,0.1,493.0,177.0,7.0,431.0,165.0,1.3,489.0,172.0,,,,35,,Mamadou,Sarr,M.Sarr,,,91,0,0,0,3,0,0,0,0,0,0,1,8,,,,0.0,0.0,2.97,0.99,7.91,1,7,2
232,a,100.0,100.0,4.0,671,163.0,0,0.0,-5,5.0,0.3,346,125.0,34,0,2.3,296.0,109.0,2,129,0.0,436.0,165.0,0.0,8.5,0.0,109817,24,224179,11,-0.5,0.0,0.11,0.4,0.5,12.16,0.01,0.05,0.06,1.47,232.0,265.0,108.0,32.5,384.0,137.0,19.0,393.0,140.0,28.4,361.0,123.0,,,,35,,Tosin,Adarabioyo,Tosin,,,743,0,0,2,12,0,0,0,2,0,0,7,108,,,,0.0,0.24,1.45,0.85,11.39,15,79,19
233,a,100.0,100.0,3.7,828,266.0,0,0.0,-3,3.0,1.6,155,60.0,36,0,2.4,277.0,104.0,5,107,0.8,255.0,84.0,0.2,9.7,0.0,625188,285,540845,245,0.3,0.8,0.6,0.13,0.73,14.08,0.09,0.02,0.11,2.19,127.8,352.0,133.0,40.3,369.0,134.0,66.0,314.0,97.0,23.4,377.0,129.0,,,,35,,Josh,Acheampong,Acheampong,,,579,1,0,2,12,0,0,0,1,0,0,7,57,,,,0.0,0.31,1.87,1.09,6.37,10,31,23
234,u,0.0,0.0,4.0,741,208.0,0,0.0,0,0.0,0.1,579,207.0,0,0,0.0,638.0,245.0,0,0,0.0,501.0,206.0,0.0,0.0,0.0,1262,0,10283,0,0.0,0.0,0.0,0.0,0.0,0.0,0.0,0.0,0.0,0.0,0.0,628.0,245.0,0.0,621.0,245.0,0.0,591.0,242.0,0.0,630.0,245.0,,,,35,,Aarón,Anselmino,Anselmino,has joined Strasbourg on loan for the rest of the season.,,0,0,0,0,0,0,0,0,0,0,0,0,0,,,,0.0,0.0,0.0,0.0,0.0,0,0,0
235,a,100.0,100.0,10.5,3,2.0,0,0.0,0,0.0,16.0,20,7.0,102,0,4.6,27.0,11.0,9,380,1.5,202.0,90.0,0.1,9.7,0.0,3284888,311,8037119,6610,1.0,1.5,9.21,2.14,11.35,25.01,0.52,0.12,0.64,1.41,474.0,117.0,37.0,347.1,96.0,69.0,466.0,48.0,28.0,128.6,68.0,43.0,,3.0,1.0,35,,Cole,Palmer,Palmer,,,1596,9,2,3,26,0,0,0,4,0,0,20,119,,,,0.0,0.17,1.47,1.13,6.71,21,25,73
236,a,100.0,100.0,7.0,36,21.0,0,0.0,0,0.0,4.3,89,30.0,114,0,3.6,114.0,51.0,8,500,1.5,201.0,89.0,0.2,16.3,0.0,2030616,121,2064452,804,1.0,1.5,4.51,6.71,11.22,34.31,0.16,0.24,0.4,1.25,472.2,120.0,39.0,784.0,11.0,11.0,477.0,43.0,25.0,173.6,29.0,23.0,2.0,4.0,,35,,Pedro,Lomba Neto,Neto,,,2477,5,5,11,30,0,0,0,2,1,0,28,115,,,,0.0,0.4,1.09,1.02,4.18,16,19,80
237,a,100.0,100.0,6.5,51,32.0,0,0.0,0,0.0,11.3,35,12.0,133,0,4.2,46.0,20.0,14,608,1.0,251.0,115.0,0.2,20.5,0.0,5656981,684,4970646,2795,0.5,1.0,10.76,6.4,17.16,38.72,0.35,0.21,0.56,1.27,717.4,35.0,9.0,908.1,4.0,4.0,692.0,22.0,10.0,231.8,4.0,2.0,3.0,2.0,2.0,35,,Enzo,Fernández,Enzo,,,2754,8,4,8,39,0,0,0,8,0,0,31,221,,,,0.0,0.26,1.27,1.01,7.22,50,48,123
238,i,0.0,0.0,6.4,61,40.0,0,0.0,-1,1.0,1.7,150,50.0,58,0,2.6,261.0,110.0,4,172,0.5,315.0,146.0,0.1,9.1,0.0,873583,2,932013,302,0.0,0.0,2.91,2.14,5.05,10.29,0.31,0.23,0.54,1.1,183.4,306.0,133.0,230.9,167.0,113.0,314.0,91.0,53.0,72.6,202.0,97.0,4.0,,3.0,35,,Estêvão,Almeida de Oliveira Gonçalves,Estêvão,Hamstring injury - Expected back 01 Jun,,839,2,5,4,11,0,0,0,4,0,0,12,56,,,,0.0,0.43,1.18,1.29,6.01,11,9,36
239,d,25.0,25.0,6.0,86,55.0,0,0.0,-5,5.0,0.1,488,172.0,25,0,1.6,406.0,174.0,0,99,0.0,812.0,361.0,0.0,4.2,0.0,17221,0,42193,1,-0.1,0.0,0.81,0.94,1.75,8.89,0.15,0.17,0.32,1.65,93.0,384.0,170.0,130.4,251.0,157.0,91.0,285.0,153.0,31.3,348.0,167.0,,,,35,,Jamie,Bynoe-Gittens,Gittens,Hamstring injury - 25% chance of playing,,486,0,2,1,7,0,0,0,0,0,0,5,29,,,,0.0,0.19,1.3,0.93,5.37,8,6,15
240,u,0.0,0.0,5.9,93,61.0,0,0.0,-1,1.0,0.1,528,192.0,0,0,0.0,820.0,366.0,0,0,0.0,808.0,358.0,0.0,0.0,0.0,2668,0,23791,0,0.0,0.0,0.0,0.0,0.0,0.0,0.0,0.0,0.0,0.0,0.0,820.0,366.0,0.0,820.0,366.0,0.0,819.0,366.0,0.0,820.0,366.0,,,,35,,Christopher,Nkunku,Nkunku,has joined AC Milan permanently.,,0,0,0,0,0,0,0,0,0,0,0,0,0,,,,0.0,0.0,0.0,0.0,0.0,0,0,0
241,a,100.0,100.0,5.7,118,74.0,0,0.0,2,-2.0,7.3,57,20.0,102,0,3.5,127.0,57.0,10,521,1.5,197.0,87.0,0.3,17.9,0.0,3288882,114,3280298,504,1.0,1.5,1.41,2.08,3.49,36.44,0.05,0.08,0.13,1.34,515.8,93.0,30.0,321.7,110.0,76.0,119.0,254.0,138.0,95.4,135.0,75.0,,,,35,,Moisés,Caicedo Corozo,Caicedo,,,2442,3,1,6,40,0,0,0,9,1,0,28,331,,,,0.0,0.22,1.47,1.03,12.2,80,93,158
244,a,100.0,100.0,4.9,335,206.0,0,0.0,-1,1.0,0.0,691,277.0,12,0,1.1,452.0,201.0,0,69,1.0,238.0,107.0,0.2,2.4,0.0,3221,5,4915,2,0.5,1.0,0.19,0.47,0.66,6.54,0.05,0.13,0.18,1.86,27.8,446.0,199.0,39.6,372.0,189.0,12.0,412.0,202.0,7.9,434.0,196.0,,,,35,,Roméo,Lavia,Lavia,,,317,0,0,0,7,0,0,0,0,0,0,3,34,,,,0.0,0.0,1.99,0.85,9.65,5,9,20
245,s,0.0,0.0,4.9,328,203.0,0,0.0,-1,1.0,0.0,751,319.0,0,0,0.0,788.0,343.0,0,0,0.0,733.0,308.0,0.0,0.0,0.0,1112,0,1393,0,0.0,0.0,0.0,0.0,0.0,0.0,0.0,0.0,0.0,0.0,0.0,787.0,342.0,0.0,783.0,342.0,0.0,779.0,340.0,0.0,787.0,342.0,,,,35,,Mykhailo,Mudryk,Mudryk,Suspended - unknown return date,,0,0,0,0,0,0,0,0,0,0,0,0,0,,,,0.0,0.0,0.0,0.0,0.0,0,0,0
246,a,100.0,100.0,4.5,459,276.0,0,0.0,0,0.0,0.3,338,115.0,34,0,1.4,424.0,184.0,0,186,0.5,298.0,138.0,0.1,7.6,0.0,79836,22,89518,33,0.0,0.5,1.75,0.83,2.58,16.63,0.15,0.07,0.22,1.41,171.2,314.0,138.0,139.0,240.0,153.0,65.0,315.0,165.0,37.5,329.0,161.0,,,,35,,Andrey,Nascimento dos Santos,Andrey Santos,,,1063,0,0,1,16,0,0,0,4,0,0,11,113,,,,0.0,0.08,1.35,0.93,9.57,29,44,40
247,a,100.0,100.0,4.3,600,353.0,0,0.0,-2,2.0,0.1,563,207.0,1,0,0.5,524.0,243.0,0,7,0.2,328.0,152.0,0.0,0.2,0.0,14121,12,15357,9,-0.3,0.2,0.0,0.01,0.01,0.5,0.0,0.04,0.04,1.8,9.4,472.0,209.0,2.1,465.0,222.0,2.0,450.0,220.0,1.4,485.0,221.0,,,,35,,Dário,Luís Essugo,D.Essugo,,,25,0,0,0,1,0,0,0,1,0,0,0,5,,,,0.0,0.0,3.6,0.0,18.0,4,1,0
248,u,0.0,0.0,4.5,501,310.0,0,0.0,0,0.0,0.0,790,344.0,0,0,0.0,752.0,316.0,0,0,0.0,672.0,264.0,0.0,0.0,0.0,0,0,954,0,0.0,0.0,0.0,0.0,0.0,0.0,0.0,0.0,0.0,0.0,0.0,751.0,315.0,0.0,744.0,315.0,0.0,731.0,311.0,0.0,751.0,315.0,,,,35,,Kendry,Páez Andrade,Paez,has joined River Plate on loan for the rest of the season.,,0,0,0,0,0,0,0,0,0,0,0,0,0,,,,0.0,0.0,0.0,0.0,0.0,0,0,0
249,a,,,7.5,23,8.0,0,0.0,0,0.0,40.9,5,2.0,166,0,5.2,11.0,2.0,28,676,0.5,319.0,43.0,0.1,22.1,0.0,9004273,921,10527223,15362,0.0,0.5,13.69,1.89,15.58,32.8,0.52,0.07,0.59,1.24,720.4,33.0,4.0,437.8,61.0,2.0,828.0,6.0,5.0,198.2,14.0,4.0,,,,35,,João Pedro,Junqueira de Jesus,João Pedro,,,2388,14,9,10,30,0,0,0,4,0,0,28,127,,,,0.0,0.38,1.13,1.06,4.79,25,36,66
250,a,100.0,100.0,6.2,75,24.0,0,0.0,-3,3.0,0.9,202,30.0,43,0,1.7,398.0,48.0,1,125,1.2,219.0,29.0,0.2,6.9,0.0,111711,25,470422,32,0.7,1.2,4.26,0.21,4.46,13.97,0.4,0.02,0.42,1.32,67.8,403.0,47.0,70.3,324.0,39.0,332.0,86.0,29.0,46.0,296.0,33.0,,,,35,,Liam,Delap,Delap,,,954,1,2,2,16,0,0,0,2,0,0,11,39,,,,0.0,0.19,1.51,1.04,3.68,4,12,23
251,u,0.0,0.0,6.5,54,19.0,0,0.0,0,0.0,0.1,542,76.0,0,0,0.0,826.0,93.0,0,0,0.0,822.0,92.0,0.0,0.0,0.0,4962,0,15407,1,0.0,0.0,0.0,0.0,0.0,0.0,0.0,0.0,0.0,0.0,0.0,826.0,93.0,0.0,826.0,93.0,0.0,826.0,93.0,0.0,826.0,93.0,,,,35,,Nicolas,Jackson,N.Jackson,has joined Bayern Munich on loan for the rest of the season.,,0,0,0,0,0,0,0,0,0,0,0,0,0,,,,0.0,0.0,0.0,0.0,0.0,0,0,0
252,a,100.0,100.0,4.0,705,93.0,0,0.0,-5,5.0,5.0,77,15.0,13,0,1.3,431.0,52.0,0,19,0.2,322.0,44.0,0.0,3.2,0.0,1267737,719,2857065,361,-0.3,0.2,1.54,0.29,1.83,5.89,0.52,0.1,0.62,2.0,24.6,452.0,53.0,40.1,370.0,47.0,86.0,292.0,50.0,13.1,411.0,53.0,,,,35,,Marc,Guiu Paz,Marc Guiu,,,265,0,1,0,3,0,0,0,1,0,0,1,8,,,,0.0,0.0,1.02,0.34,2.72,0,4,4
453,a,,,6.4,59,38.0,0,0.0,-1,1.0,0.5,278,97.0,55,0,2.4,294.0,126.0,3,217,1.0,250.0,114.0,0.2,8.6,0.0,244887,24,237881,45,0.5,1.0,3.44,3.68,7.12,20.47,0.25,0.26,0.51,1.46,207.4,283.0,117.0,405.3,69.0,54.0,399.0,61.0,35.0,100.1,119.0,69.0,,,,35,,Alejandro,Garnacho Ferreyra,Garnacho,,,1260,1,4,4,20,0,0,0,2,0,0,14,68,,,,0.0,0.29,1.43,1.0,4.86,14,10,44
672,a,100.0,100.0,4.6,404,71.0,0,0.0,-4,4.0,0.2,392,146.0,15,0,0.8,520.0,179.0,0,70,0.8,265.0,89.0,0.2,3.3,0.0,20957,12,43142,24,0.3,0.8,0.3,0.52,0.82,14.84,0.03,0.05,0.08,1.47,185.4,303.0,117.0,100.4,287.0,87.0,32.0,364.0,123.0,31.7,347.0,117.0,,,,35,,Jorrel,Hato,Hato,,,908,0,0,0,23,0,0,0,5,0,0,9,84,,,,0.0,0.0,2.28,0.89,7.83,30,49,42
743,a,,,4.5,502,311.0,0,0.0,0,0.0,0.0,727,301.0,0,0,0.0,753.0,317.0,0,0,0.0,673.0,265.0,0.0,0.0,0.0,1606,1,1482,0,-0.5,0.0,0.0,0.0,0.0,0.0,0.0,0.0,0.0,0.0,0.0,752.0,316.0,0.0,745.0,316.0,0.0,732.0,312.0,0.0,752.0,316.0,,,,35,,Landon,Emenalo,Emenalo,,,0,0,0,0,0,0,0,0,0,0,0,0,0,,,,0.0,0.0,0.0,0.0,0.0,0,0,0
789,a,,,4.0,715,64.0,0,0.0,0,0.0,0.0,753,86.0,0,0,0.0,615.0,84.0,0,0,0.0,475.0,75.0,0.0,0.0,0.0,507,1,410,0,-0.5,0.0,0.0,0.0,0.0,0.0,0.0,0.0,0.0,0.0,0.0,605.0,84.0,0.0,598.0,73.0,0.0,567.0,59.0,0.0,607.0,84.0,,,,35,,Max,Merrick,Merrick,,,0,0,0,0,0,0,0,0,0,0,0,0,0,,,,0.0,0.0,0.0,0.0,0.0,0,0,0
803,a,,,4.0,708,60.0,0,0.0,0,0.0,0.0,773,90.0,0,0,0.0,611.0,81.0,0,0,0.0,469.0,71.0,0.0,0.0,0.0,261,3,203,1,-0.5,0.0,0.0,0.0,0.0,0.0,0.0,0.0,0.0,0.0,0.0,601.0,81.0,0.0,593.0,69.0,0.0,562.0,55.0,0.0,603.0,81.0,,,,35,,Teddy,Sharman-Lowe,Sharman-Lowe,,,0,0,0,0,0,0,0,0,0,0,0,0,0,,,,0.0,0.0,0.0,0.0,0.0,0,0,0
829,a,,,4.5,507,315.0,0,0.0,0,0.0,0.0,829,372.0,0,0,0.0,758.0,321.0,0,0,0.0,678.0,269.0,0.0,0.0,0.0,43,0,8,0,-0.5,0.0,0.0,0.0,0.0,0.0,0.0,0.0,0.0,0.0,0.0,757.0,320.0,0.0,750.0,320.0,0.0,737.0,316.0,0.0,757.0,320.0,,,,35,,Jesse,Derry,Derry,,,0,0,0,0,0,0,0,0,0,0,0,0,0,,,,0.0,0.0,0.0,0.0,0.0,0,0,0
253,a,,,5.1,226,7.0,0,0.0,1,-1.0,8.7,46,8.0,124,0,3.9,69.0,7.0,7,513,2.2,133.0,13.0,0.4,24.3,0.0,1290100,4910,1096670,476,3.9,2.2,0.0,0.1,0.1,41.93,0.0,0.0,0.0,1.31,736.6,29.0,8.0,10.0,437.0,15.0,0.0,800.0,92.0,74.6,191.0,8.0,,,,35,,Dean,Henderson,Henderson,,,2880,0,0,11,39,0,1,0,4,0,91,32,80,,,,2.84,0.34,1.22,1.0,0.0,0,50,256
254,a,100.0,100.0,3.9,755,74.0,0,0.0,-1,1.0,0.3,315,43.0,7,0,7.0,1.0,1.0,0,29,0.0,401.0,34.0,0.0,1.8,0.0,21462,12,34441,19,-0.5,0.0,0.0,0.0,0.0,1.12,0.0,0.0,0.0,1.12,22.8,453.0,36.0,0.0,527.0,28.0,0.0,495.0,14.0,2.3,474.0,36.0,,,,35,,Walter,Benítez,Benitez,,,90,0,0,1,0,0,0,0,0,0,3,1,0,,,,3.0,1.0,0.0,1.0,0.0,0,1,9
255,a,,,3.9,758,77.0,0,0.0,-1,1.0,0.1,483,71.0,0,0,0.0,554.0,48.0,0,0,0.0,403.0,36.0,0.0,0.0,0.0,6470,1,9311,1,-0.5,0.0,0.0,0.0,0.0,0.0,0.0,0.0,0.0,0.0,0.0,543.0,48.0,0.0,530.0,31.0,0.0,498.0,17.0,0.0,545.0,48.0,,,,35,,Remi,Matthews,Matthews,,,0,0,0,0,0,0,0,0,0,0,0,0,0,,,,0.0,0.0,0.0,0.0,0.0,0,0,0
256,a,100.0,100.0,5.9,95,6.0,1,-1.0,4,-4.0,9.0,44,14.0,126,0,5.2,9.0,2.0,8,431,4.2,37.0,21.0,0.7,21.4,0.0,4006486,11205,4002941,281,7.9,4.2,2.34,3.4,5.74,27.36,0.1,0.15,0.25,1.2,513.2,96.0,42.0,313.2,117.0,31.0,361.0,76.0,6.0,118.7,83.0,18.0,,,,35,,Daniel,Muñoz Mejía,Muñoz,,,2049,4,3,10,24,0,0,0,7,0,0,24,209,,,,0.0,0.44,1.05,1.05,7.42,59,110,86
257,a,100.0,100.0,5.1,233,35.0,0,0.0,1,-1.0,6.1,62,20.0,146,0,4.7,25.0,9.0,11,501,4.5,31.0,17.0,0.9,28.6,0.0,1945472,9382,1384791,291,8.5,4.5,2.36,0.77,3.13,38.23,0.08,0.03,0.11,1.25,738.8,27.0,11.0,93.5,294.0,91.0,282.0,105.0,12.0,111.4,97.0,24.0,,,,35,,Maxence,Lacroix,Lacroix,,,2755,1,2,11,38,0,0,0,3,1,0,31,358,,,,0.0,0.36,1.24,1.01,10.81,53,278,85
258,a,,,5.0,255,39.0,0,0.0,0,0.0,2.3,132,53.0,126,0,3.8,79.0,29.0,8,462,3.0,84.0,35.0,0.6,25.2,0.0,523391,927,425388,160,5.5,3.0,1.12,2.27,3.39,42.97,0.03,0.07,0.1,1.34,562.0,74.0,35.0,430.8,64.0,11.0,193.0,166.0,36.0,118.7,82.0,17.0,,,,35,,Tyrick,Mitchell,Mitchell,,,2893,1,2,12,38,0,0,0,5,0,0,33,259,,,,0.0,0.37,1.18,1.03,6.56,86,125,156
259,a,100.0,100.0,4.8,356,60.0,0,0.0,-2,2.0,0.1,450,169.0,6,0,0.9,513.0,175.0,0,9,0.2,340.0,116.0,0.0,1.2,0.0,12377,13,19258,7,-0.1,0.2,0.04,0.07,0.11,0.9,0.04,0.06,0.1,0.82,12.6,466.0,170.0,24.1,396.0,142.0,8.0,427.0,162.0,4.5,460.0,165.0,,,,35,,Borna,Sosa,Sosa,,,99,0,0,0,2,0,0,0,1,0,0,0,10,,,,0.0,0.0,1.82,0.0,8.18,3,6,3
261,a,100.0,100.0,4.4,543,116.0,0,0.0,-1,1.0,2.6,122,48.0,123,0,4.2,41.0,15.0,5,447,2.2,128.0,49.0,0.5,28.0,0.0,1064254,1534,924128,168,3.9,2.2,1.76,1.46,3.22,36.48,0.06,0.05,0.11,1.26,678.2,44.0,18.0,152.2,226.0,59.0,147.0,220.0,56.0,98.0,124.0,35.0,,,,35,,Chris,Richards,Richards,,,2602,1,0,11,35,0,0,0,3,0,0,29,301,,,,0.0,0.38,1.21,1.0,10.0,51,238,60
262,a,100.0,100.0,4.0,713,185.0,0,0.0,0,0.0,0.0,589,210.0,14,0,2.3,297.0,110.0,0,58,0.0,473.0,183.0,0.0,3.5,0.0,6907,8,4970,5,-0.5,0.0,0.11,0.05,0.16,4.33,0.03,0.01,0.04,1.25,63.8,409.0,153.0,21.3,401.0,144.0,14.0,401.0,146.0,9.9,423.0,151.0,,,,35,,Chadi,Riad Dnanou,Chadi Riad,,,312,0,1,1,3,0,0,0,2,0,0,3,18,,,,0.0,0.29,0.87,0.87,5.19,4,14,12
263,a,100.0,100.0,3.8,793,234.0,0,0.0,-2,2.0,0.5,273,102.0,15,0,1.9,349.0,127.0,2,49,0.0,371.0,129.0,0.0,3.9,0.0,93024,24,114419,37,-0.5,0.0,0.43,0.6,1.03,7.31,0.08,0.11,0.19,1.33,80.6,395.0,147.0,53.5,351.0,123.0,33.0,361.0,120.0,16.6,398.0,142.0,,,,35,,Nathaniel,Clyne,Clyne,,,494,0,1,0,9,0,0,0,1,0,0,6,39,,,,0.0,0.0,1.64,1.09,7.11,14,25,16
264,u,0.0,0.0,4.0,674,164.0,0,0.0,0,0.0,0.0,708,249.0,0,0,0.0,585.0,212.0,0,0,0.0,439.0,166.0,0.0,0.0,0.0,0,0,3941,0,0.0,0.0,0.0,0.0,0.0,0.0,0.0,0.0,0.0,0.0,0.0,574.0,211.0,0.0,565.0,211.0,0.0,534.0,207.0,0.0,576.0,211.0,,,,35,,Rob,Holding,Holding,Has joined Colorado Rapids permanently.,,0,0,0,0,0,0,0,0,0,0,0,0,0,,,,0.0,0.0,0.0,0.0,0.0,0,0,0
265,a,100.0,100.0,4.0,732,199.0,0,0.0,0,0.0,0.0,689,244.0,0,0,0.0,631.0,238.0,0,0,0.0,492.0,197.0,0.0,0.0,0.0,1097,3,2557,0,-0.5,0.0,0.0,0.0,0.0,0.0,0.0,0.0,0.0,0.0,0.0,621.0,238.0,0.0,614.0,238.0,0.0,584.0,235.0,0.0,623.0,238.0,,,,35,,Caleb,Kporha,Kporha,,,0,0,0,0,0,0,0,0,0,0,0,0,0,,,,0.0,0.0,0.0,0.0,0.0,0,0,0
267,a,100.0,100.0,6.3,68,45.0,0,0.0,-2,2.0,4.7,82,27.0,100,0,4.3,40.0,19.0,9,310,1.8,178.0,78.0,0.3,15.9,0.0,2923829,15617,2950944,283,3.1,1.8,8.56,0.9,9.45,26.0,0.41,0.04,0.45,1.25,391.2,167.0,59.0,228.2,169.0,114.0,451.0,50.0,29.0,107.2,102.0,58.0,,,3.0,35,,Ismaïla,Sarr,Sarr,,,1873,7,2,9,22,0,0,0,2,0,0,21,121,,,,0.0,0.43,1.06,1.01,5.81,18,36,67
268,i,0.0,0.0,4.9,323,200.0,0,0.0,-1,1.0,0.0,800,352.0,0,0,0.0,785.0,341.0,0,0,0.0,729.0,305.0,0.0,0.0,0.0,535,0,730,0,0.0,0.0,0.0,0.0,0.0,0.0,0.0,0.0,0.0,0.0,0.0,784.0,340.0,0.0,780.0,340.0,0.0,776.0,338.0,0.0,784.0,340.0,,,,35,,Cheick,Doucouré,Doucouré,Lack of match fitness - Expected back 01 Jun,,0,0,0,0,0,0,0,0,0,0,0,0,0,,,,0.0,0.0,0.0,0.0,0.0,0,0,0
269,u,0.0,0.0,4.7,395,246.0,0,0.0,-3,3.0,0.1,465,161.0,4,0,1.0,493.0,224.0,0,12,0.0,703.0,285.0,0.0,0.9,0.0,11622,0,29010,1,0.0,0.0,0.0,0.04,0.04,1.74,0.0,0.09,0.09,3.92,6.8,478.0,215.0,2.7,461.0,220.0,6.0,434.0,209.0,1.5,483.0,219.0,,,,35,,Romain,Esse,Esse,has joined Coventry City on loan for the rest of the season.,,40,0,0,0,0,0,0,0,0,0,0,0,5,,,,0.0,0.0,0.0,0.0,11.25,3,0,2
270,a,100.0,100.0,4.7,377,235.0,0,0.0,-3,3.0,0.1,487,171.0,42,0,1.4,425.0,185.0,0,196,0.8,266.0,120.0,0.2,8.9,0.0,22410,24,26467,9,1.1,0.8,1.11,1.7,2.81,21.86,0.07,0.11,0.18,1.39,169.0,316.0,140.0,296.0,125.0,86.0,88.0,290.0,156.0,55.1,265.0,133.0,3.0,,,35,,Will,Hughes,Hughes,,,1411,0,1,5,14,0,0,0,7,0,0,17,135,,,,0.0,0.32,0.89,1.08,8.61,26,48,61
271,a,100.0,100.0,5.0,249,150.0,0,0.0,0,0.0,0.1,512,186.0,59,0,2.6,253.0,103.0,0,288,1.5,192.0,84.0,0.3,11.8,0.0,45702,203,43698,6,2.5,1.5,1.42,2.36,3.78,19.48,0.08,0.13,0.21,1.09,203.6,290.0,122.0,294.3,126.0,87.0,138.0,228.0,125.0,63.7,235.0,116.0,4.0,,,35,,Daichi,Kamada,Kamada,,,1614,0,2,6,20,0,0,0,2,0,0,18,178,,,,0.0,0.33,1.12,1.0,9.93,53,32,93
272,a,100.0,100.0,4.9,289,178.0,0,0.0,-1,1.0,0.1,529,193.0,62,0,2.4,285.0,119.0,3,258,2.0,148.0,60.0,0.4,12.7,0.0,15179,170,16063,12,3.5,2.0,1.81,1.14,2.95,17.47,0.11,0.07,0.18,1.1,239.8,260.0,109.0,176.0,203.0,132.0,221.0,141.0,80.0,63.7,233.0,114.0,,,,35,,Jefferson,Lerma Solís,Lerma,,,1426,0,5,7,16,1,0,0,6,0,0,15,178,,,,0.0,0.44,1.01,0.95,11.23,20,70,88
273,a,100.0,100.0,5.0,269,164.0,0,0.0,0,0.0,0.6,246,87.0,94,0,3.2,170.0,69.0,6,441,0.8,276.0,127.0,0.2,18.8,0.0,187768,1285,192946,39,1.1,0.8,1.33,6.46,7.78,34.55,0.05,0.25,0.3,1.36,406.0,158.0,55.0,590.4,31.0,29.0,155.0,208.0,114.0,115.4,86.0,52.0,2.0,,,35,,Adam,Wharton,Wharton,,,2281,0,6,8,36,0,0,0,4,1,0,27,263,,,,0.0,0.32,1.42,1.07,10.38,60,65,138
274,a,,,4.3,614,362.0,0,0.0,-2,2.0,0.1,498,179.0,0,0,0.0,664.0,252.0,0,0,0.0,552.0,182.0,0.0,0.0,0.0,15563,13,13110,13,-0.5,0.0,0.0,0.0,0.0,0.0,0.0,0.0,0.0,0.0,0.0,654.0,242.0,0.0,650.0,247.0,0.0,627.0,236.0,0.0,656.0,244.0,,,,35,,Asher,Agbinone,Agbinone,,,0,0,0,0,0,0,0,0,0,0,0,0,0,,,,0.0,0.0,0.0,0.0,0.0,0,0,0
275,u,0.0,0.0,4.3,592,349.0,0,0.0,-2,2.0,0.0,629,242.0,0,0,0.0,656.0,245.0,0,0,0.0,537.0,172.0,0.0,0.0,0.0,5497,0,7925,0,0.0,0.0,0.0,0.0,0.0,0.0,0.0,0.0,0.0,0.0,0.0,646.0,235.0,0.0,641.0,240.0,0.0,616.0,227.0,0.0,648.0,237.0,,,,35,,Naouirou,Ahamada,Ahamada,has joined AJ Auxerre permanently.,,0,0,0,0,0,0,0,0,0,0,0,0,0,,,,0.0,0.0,0.0,0.0,0.0,0,0,0
276,a,100.0,100.0,4.3,596,351.0,0,0.0,-2,2.0,1.1,189,64.0,30,0,1.6,402.0,170.0,0,84,0.2,327.0,151.0,0.0,7.0,0.0,296169,80,365223,149,-0.1,0.2,2.38,0.36,2.74,10.1,0.35,0.05,0.4,1.5,86.8,390.0,173.0,95.2,293.0,172.0,164.0,195.0,106.0,34.6,338.0,164.0,,2.0,4.0,35,,Justin,Devenny,Devenny,,,605,1,0,1,10,0,0,0,0,0,0,5,49,,,,0.0,0.15,1.49,0.74,7.29,16,8,25
277,u,0.0,0.0,4.5,436,259.0,0,0.0,0,0.0,0.0,807,356.0,0,0,0.0,707.0,278.0,0,0,0.0,615.0,216.0,0.0,0.0,0.0,0,0,750,0,0.0,0.0,0.0,0.0,0.0,0.0,0.0,0.0,0.0,0.0,0.0,701.0,272.0,0.0,697.0,275.0,0.0,680.0,268.0,0.0,703.0,274.0,,,,35,,Malcolm,Ebiowei,Ebiowei,Has joined Blackpool permanently.,,0,0,0,0,0,0,0,0,0,0,0,0,0,,,,0.0,0.0,0.0,0.0,0.0,0,0,0
278,u,0.0,0.0,4.4,548,328.0,0,0.0,-1,1.0,0.0,657,259.0,0,0,0.0,677.0,259.0,0,0,0.0,573.0,191.0,0.0,0.0,0.0,4359,0,9610,1,0.0,0.0,0.0,0.0,0.0,0.0,0.0,0.0,0.0,0.0,0.0,669.0,251.0,0.0,665.0,255.0,0.0,644.0,245.0,0.0,671.0,253.0,,,,35,,Jesurun,Rak-Sakyi,J.Rak-Sakyi,has joined Stoke City on loan for the rest of the season.,,0,0,0,0,0,0,0,0,0,0,0,0,0,,,,0.0,0.0,0.0,0.0,0.0,0,0,0
279,u,0.0,0.0,4.5,463,280.0,0,0.0,0,0.0,0.0,775,332.0,0,0,0.0,725.0,295.0,0,0,0.0,635.0,234.0,0.0,0.0,0.0,95,0,1656,0,0.0,0.0,0.0,0.0,0.0,0.0,0.0,0.0,0.0,0.0,0.0,720.0,290.0,0.0,715.0,292.0,0.0,699.0,285.0,0.0,721.0,291.0,,,,35,,Matheus,França de Oliveira,M.França,Has joined CR Vasco da Gama on loan for the rest of the season.,,0,0,0,0,0,0,0,0,0,0,0,0,0,,,,0.0,0.0,0.0,0.0,0.0,0,0,0
280,u,0.0,0.0,4.5,458,275.0,0,0.0,0,0.0,0.0,821,365.0,0,0,0.0,722.0,292.0,0,0,0.0,632.0,231.0,0.0,0.0,0.0,0,0,192,0,0.0,0.0,0.0,0.0,0.0,0.0,0.0,0.0,0.0,0.0,0.0,717.0,287.0,0.0,712.0,289.0,0.0,696.0,282.0,0.0,718.0,288.0,,,,35,,David,Ozoh,Ozoh,Has joined Derby County on loan for the rest of the season.,,0,0,0,0,0,0,0,0,0,0,0,0,0,,,,0.0,0.0,0.0,0.0,0.0,0,0,0
281,a,,,4.4,558,335.0,0,0.0,-1,1.0,0.0,586,219.0,1,0,1.0,478.0,211.0,0,2,0.0,580.0,198.0,0.0,0.2,0.0,6169,4,7398,3,-0.5,0.0,0.0,0.0,0.0,0.65,0.0,0.0,0.0,19.5,0.0,675.0,257.0,0.1,492.0,238.0,0.0,651.0,252.0,0.0,677.0,259.0,,,,35,,Kaden,Rodney,Rodney,,,3,0,0,0,0,0,0,0,0,0,0,0,0,,,,0.0,0.0,0.0,0.0,0.0,0,0,0
282,u,0.0,0.0,4.5,479,293.0,0,0.0,0,0.0,0.0,714,293.0,0,0,0.0,737.0,305.0,0,0,0.0,650.0,247.0,0.0,0.0,0.0,860,0,3075,0,0.0,0.0,0.0,0.0,0.0,0.0,0.0,0.0,0.0,0.0,0.0,734.0,302.0,0.0,728.0,303.0,0.0,714.0,298.0,0.0,735.0,303.0,,,,35,,Franco,Umeh-Chibueze,Umeh,has joined Portsmouth permanently.,,0,0,0,0,0,0,0,0,0,0,0,0,0,,,,0.0,0.0,0.0,0.0,0.0,0,0,0
283,a,100.0,100.0,7.6,21,7.0,0,0.0,1,-1.0,7.7,52,10.0,100,0,3.7,101.0,9.0,12,337,3.8,61.0,10.0,0.5,13.2,0.0,4955117,14117,5199422,508,7.1,3.8,13.37,1.28,14.65,27.88,0.58,0.06,0.64,1.22,491.6,109.0,10.0,134.3,246.0,28.0,742.0,14.0,9.0,136.2,56.0,12.0,,,2.0,35,,Jean-Philippe,Mateta,Mateta,,,2059,10,0,8,25,0,0,0,2,0,0,24,121,,,,0.0,0.35,1.09,1.05,5.29,9,55,57
284,i,0.0,0.0,5.4,161,39.0,0,0.0,-1,1.0,0.3,335,55.0,23,0,1.9,358.0,40.0,3,100,0.0,785.0,84.0,0.0,4.3,0.0,124699,3,147213,9,0.0,0.0,1.77,0.46,2.23,9.49,0.38,0.1,0.48,2.06,120.0,358.0,37.0,84.6,304.0,35.0,173.0,187.0,41.0,37.8,328.0,38.0,,,,35,,Eddie,Nketiah,Nketiah,Hamstring injury - Expected back 01 Jun,,414,2,0,0,12,0,0,0,2,0,0,2,38,,,,0.0,0.0,2.61,0.43,8.26,8,13,17
285,u,0.0,0.0,5.0,247,53.0,0,0.0,0,0.0,0.2,375,59.0,1,0,1.0,500.0,61.0,0,6,0.0,744.0,80.0,0.0,0.2,0.0,9044,0,89676,2,0.0,0.0,0.0,0.0,0.0,0.27,0.0,0.0,0.0,12.15,2.0,498.0,57.0,0.0,790.0,88.0,0.0,785.0,88.0,0.2,511.0,63.0,,,,35,,Odsonne,Édouard,Édouard,has joined RC Lens permanently.,,2,0,0,0,0,0,0,0,0,0,0,0,1,,,,0.0,0.0,0.0,0.0,45.0,1,0,0
286,a,,,4.4,566,81.0,0,0.0,-1,1.0,0.3,321,51.0,0,0,0.0,688.0,74.0,0,0,0.0,587.0,63.0,0.0,0.0,0.0,52241,21,60851,22,-0.5,0.0,0.0,0.0,0.0,0.0,0.0,0.0,0.0,0.0,0.0,682.0,74.0,0.0,677.0,73.0,0.0,658.0,73.0,0.0,684.0,74.0,,,,35,,Zach,Marsh,Marsh,,,0,0,0,0,0,0,0,0,0,0,0,0,0,,,,0.0,0.0,0.0,0.0,0.0,0,0,0
580,a,,,6.5,49,31.0,0,0.0,-5,5.0,2.3,131,43.0,58,0,1.9,362.0,157.0,2,193,1.2,221.0,101.0,0.2,8.9,0.0,1151334,395,1328577,46,1.9,1.2,2.37,1.03,3.4,22.72,0.15,0.07,0.22,1.44,202.2,292.0,123.0,267.6,147.0,98.0,214.0,151.0,86.0,67.7,221.0,106.0,1.0,3.0,,35,,Brennan,Johnson,Johnson,,,1422,2,1,6,16,0,0,0,6,0,0,16,102,,,,0.0,0.38,1.01,1.01,6.46,24,31,47
654,a,100.0,100.0,5.9,96,27.0,0,0.0,-6,6.0,1.5,163,23.0,66,0,2.1,334.0,37.0,3,189,1.0,246.0,34.0,0.2,11.2,0.0,492597,1093,844115,258,1.5,1.0,4.63,0.72,5.35,30.44,0.21,0.03,0.24,1.37,243.4,258.0,24.0,173.5,205.0,19.0,402.0,60.0,24.0,80.1,174.0,23.0,,,,35,,Jørgen,Strand Larsen,Strand Larsen,,,2007,4,1,5,33,0,0,1,4,0,0,22,84,,,,0.0,0.22,1.48,0.99,3.77,8,43,33
677,i,0.0,0.0,6.2,76,50.0,0,0.0,-3,3.0,0.0,605,230.0,42,0,2.2,320.0,140.0,0,137,0.0,814.0,362.0,0.0,6.8,0.0,11340,3,15706,10,0.0,0.0,1.56,0.75,2.31,12.74,0.16,0.08,0.24,1.3,156.8,328.0,148.0,75.8,315.0,175.0,183.0,177.0,98.0,41.2,313.0,153.0,,,,35,,Evann,Guessand,Guessand,Knee injury - Expected back 10 May,,880,1,3,2,15,0,0,0,0,0,0,9,81,,,,0.0,0.2,1.53,0.92,8.28,24,15,42
690,a,100.0,100.0,4.4,570,342.0,0,0.0,-1,1.0,0.3,348,119.0,0,0,0.0,691.0,268.0,0,0,0.0,590.0,203.0,0.0,0.0,0.0,58378,2,56186,8,-0.5,0.0,0.0,0.0,0.0,0.0,0.0,0.0,0.0,0.0,0.0,685.0,262.0,0.0,680.0,265.0,0.0,661.0,257.0,0.0,687.0,264.0,,,,35,,Rio,Cardines,Cardines,,,0,0,0,0,0,0,0,0,0,0,0,0,0,,,,0.0,0.0,0.0,0.0,0.0,0,0,0
712,a,100.0,100.0,5.8,110,70.0,0,0.0,-2,2.0,0.2,401,135.0,70,0,2.3,309.0,132.0,3,297,1.0,245.0,111.0,0.2,12.1,0.0,131232,148,116457,8,1.5,1.0,4.15,5.72,9.87,25.75,0.2,0.27,0.47,1.23,293.2,226.0,95.0,661.8,22.0,21.0,344.0,81.0,46.0,129.7,63.0,40.0,,1.0,,35,,Yéremy,Pino Santos,Yeremy,,,1880,2,1,7,22,0,0,0,4,0,0,23,155,,,,0.0,0.34,1.05,1.1,7.42,34,26,95
723,a,100.0,100.0,4.5,515,98.0,0,0.0,0,0.0,0.4,281,106.0,65,0,4.1,51.0,21.0,9,200,4.2,32.0,18.0,0.9,14.4,0.0,67797,852,16378,25,7.9,4.2,1.17,0.29,1.46,16.9,0.11,0.03,0.14,1.57,297.4,224.0,88.0,45.8,365.0,131.0,36.0,356.0,118.0,37.8,327.0,110.0,,,,35,,Jaydee,Canvot,Canvot,,,971,0,0,5,13,0,0,0,2,0,0,10,134,,,,0.0,0.46,1.2,0.93,12.42,33,101,41
732,a,,,5.5,150,37.0,0,0.0,0,0.0,0.1,580,79.0,17,0,1.2,448.0,54.0,0,42,0.0,801.0,87.0,0.0,3.1,0.0,15286,9,11834,4,-0.5,0.0,0.49,0.01,0.5,4.63,0.28,0.01,0.29,2.62,13.2,463.0,54.0,7.1,442.0,57.0,73.0,306.0,52.0,8.8,428.0,54.0,,,,35,,Christantus,Uche,Uche,,,159,0,1,0,4,0,0,0,0,0,0,0,13,,,,0.0,0.0,2.26,0.0,7.36,1,3,9
762,a,,,4.5,518,322.0,0,0.0,0,0.0,0.0,779,336.0,2,0,1.0,492.0,223.0,0,6,0.0,687.0,275.0,0.0,0.4,0.0,793,4,520,1,-0.5,0.0,0.0,0.0,0.0,0.73,0.0,0.0,0.0,9.39,1.4,502.0,230.0,1.0,477.0,230.0,0.0,745.0,322.0,0.3,508.0,232.0,,,,35,,Joél,Drakes-Thomas,Drakes-Thomas,,,7,0,0,0,1,0,0,0,0,0,0,0,3,,,,0.0,0.0,12.86,0.0,38.57,1,0,2
773,a,,,4.0,744,211.0,0,0.0,0,0.0,0.0,701,248.0,0,0,0.0,639.0,246.0,0,0,0.0,503.0,208.0,0.0,0.0,0.0,887,4,745,4,-0.5,0.0,0.0,0.0,0.0,0.0,0.0,0.0,0.0,0.0,0.0,629.0,246.0,0.0,622.0,246.0,0.0,593.0,244.0,0.0,631.0,246.0,,,,35,,Dean,Benamar,Benamar,,,0,0,0,0,0,0,0,0,0,0,0,0,0,,,,0.0,0.0,0.0,0.0,0.0,0,0,0
780,a,,,4.5,511,73.0,0,0.0,0,0.0,0.0,654,85.0,0,0,0.0,761.0,84.0,0,0,0.0,681.0,73.0,0.0,0.0,0.0,3650,10,2180,4,-0.5,0.0,0.0,0.0,0.0,0.0,0.0,0.0,0.0,0.0,0.0,760.0,84.0,0.0,753.0,83.0,0.0,740.0,83.0,0.0,760.0,84.0,,,,35,,Ben,Casey,Casey,,,0,0,0,0,0,0,0,0,0,0,0,0,0,,,,0.0,0.0,0.0,0.0,0.0,0,0,0
793,a,,,4.0,733,200.0,0,0.0,0,0.0,0.0,682,241.0,0,0,0.0,632.0,239.0,0,0,0.0,493.0,198.0,0.0,0.0,0.0,1721,7,965,1,-0.5,0.0,0.0,0.0,0.0,0.0,0.0,0.0,0.0,0.0,0.0,622.0,239.0,0.0,615.0,239.0,0.0,585.0,236.0,0.0,624.0,239.0,,,,35,,George,King,King,,,0,0,0,0,0,0,0,0,0,0,0,0,0,,,,0.0,0.0,0.0,0.0,0.0,0,0,0
798,u,0.0,0.0,4.0,709,183.0,0,0.0,0,0.0,0.0,808,267.0,0,0,0.0,612.0,225.0,0,0,0.0,470.0,182.0,0.0,0.0,0.0,142,0,197,0,0.0,0.0,0.0,0.0,0.0,0.0,0.0,0.0,0.0,0.0,0.0,602.0,225.0,0.0,594.0,225.0,0.0,563.0,221.0,0.0,604.0,225.0,,,,35,,Danny,Imray,Imray,has joined West Brom on loan for the rest of the season.,,0,0,0,0,0,0,0,0,0,0,0,0,0,,,,0.0,0.0,0.0,0.0,0.0,0,0,0
242,a,100.0,100.0,5.2,207,128.0,0,0.0,2,-2.0,6.1,63,22.0,140,0,5.2,8.0,4.0,18,549,5.8,10.0,4.0,1.1,26.9,0.0,2342023,2474,2103375,1042,5.8,5.3,3.81,4.77,8.58,34.59,0.15,0.19,0.34,1.37,578.8,63.0,18.0,512.7,45.0,41.0,397.0,63.0,37.0,149.0,42.0,29.0,3.0,,,35,,Kiernan,Dewsbury-Hall,Dewsbury-Hall,,,2276,8,6,8,31,0,0,0,6,0,0,26,203,,,,0.0,0.32,1.23,1.03,8.03,46,38,119
243,a,100.0,100.0,4.8,374,234.0,0,0.0,-2,2.0,0.1,552,205.0,13,0,1.1,450.0,200.0,0,31,0.8,269.0,123.0,0.2,2.7,0.0,9569,4,11344,4,0.8,0.3,0.61,0.71,1.32,5.65,0.19,0.22,0.41,1.72,27.2,448.0,200.0,35.2,378.0,191.0,113.0,256.0,140.0,17.1,396.0,181.0,,,,35,,Tyrique,George,George,,,296,0,0,1,7,0,0,0,2,0,0,1,19,,,,0.0,0.3,2.13,0.3,5.78,6,1,12
287,a,,,5.6,123,2.0,0,0.0,1,-1.0,13.1,28,3.0,128,0,3.8,84.0,10.0,11,515,0.5,310.0,24.0,0.1,22.9,0.0,1854326,727,1651619,1763,0.5,0.0,0.0,0.16,0.16,50.32,0.0,0.0,0.0,1.48,798.2,13.0,3.0,10.3,427.0,6.0,2.0,460.0,3.0,81.1,171.0,4.0,,,,35,,Jordan,Pickford,Pickford,,,3060,0,0,11,41,0,1,0,4,0,92,34,97,,,,2.71,0.32,1.21,1.0,0.0,2,42,277
288,a,100.0,100.0,4.2,634,32.0,0,0.0,-3,3.0,0.1,459,67.0,0,0,0.0,646.0,90.0,0,0,0.0,517.0,82.0,0.0,0.0,0.0,5086,2,12726,6,0.0,-0.5,0.0,0.0,0.0,0.0,0.0,0.0,0.0,0.0,0.0,637.0,90.0,0.0,631.0,81.0,0.0,605.0,69.0,0.0,639.0,90.0,,,,35,,Mark,Travers,Travers,,,0,0,0,0,0,0,0,0,0,0,0,0,0,,,,0.0,0.0,0.0,0.0,0.0,0,0,0
289,u,0.0,0.0,3.9,767,81.0,0,0.0,-1,1.0,0.1,506,74.0,0,0,0.0,560.0,52.0,0,0,0.0,410.0,40.0,0.0,0.0,0.0,4633,0,10682,2,0.0,0.0,0.0,0.0,0.0,0.0,0.0,0.0,0.0,0.0,0.0,549.0,52.0,0.0,536.0,35.0,0.0,504.0,21.0,0.0,551.0,52.0,,,,35,,Harry,Tyrer,Tyrer,has joined Cardiff City permanently.,,0,0,0,0,0,0,0,0,0,0,0,0,0,,,,0.0,0.0,0.0,0.0,0.0,0,0,0
290,i,0.0,0.0,5.3,194,23.0,0,0.0,-2,2.0,0.3,304,113.0,32,0,3.2,174.0,69.0,0,108,1.8,171.0,63.0,0.3,6.0,0.0,72799,7,115866,306,0.0,0.0,0.34,0.11,0.45,9.43,0.05,0.01,0.06,1.25,175.0,311.0,120.0,42.8,367.0,132.0,75.0,305.0,92.0,29.3,357.0,121.0,,,,35,,Jarrad,Branthwaite,Branthwaite,Hamstring injury - Expected back 01 Jun,,678,1,1,1,9,0,0,0,1,0,0,7,67,,,,0.0,0.13,1.19,0.93,8.89,14,53,30
291,a,100.0,100.0,5.7,112,8.0,0,0.0,2,-2.0,11.7,33,10.0,149,0,4.5,32.0,13.0,9,554,1.8,173.0,64.0,0.3,26.1,0.0,2891246,960,2260615,3655,1.8,1.3,2.21,1.53,3.74,47.62,0.07,0.05,0.12,1.44,851.4,9.0,4.0,209.2,180.0,47.0,318.0,90.0,9.0,138.2,52.0,8.0,,,,35,,James,Tarkowski,Tarkowski,,,2970,1,2,11,39,0,0,0,6,0,0,33,362,,,,0.0,0.33,1.18,1.0,10.18,42,294,79
292,a,100.0,100.0,4.9,310,50.0,0,0.0,-1,1.0,0.6,237,90.0,91,0,3.1,187.0,74.0,2,342,1.8,165.0,62.0,0.4,18.6,0.0,173716,62,195807,178,1.8,1.3,0.28,2.34,2.62,42.49,0.01,0.08,0.09,1.47,505.8,101.0,44.0,346.8,97.0,24.0,65.0,316.0,98.0,91.6,147.0,49.0,,,,35,,Vitalii,Mykolenko,Mykolenko,,,2599,0,1,9,38,1,0,0,5,0,0,29,231,,,,0.0,0.31,1.32,1.0,7.24,43,166,99
293,a,100.0,100.0,4.9,333,56.0,0,0.0,-1,1.0,0.7,233,89.0,108,0,3.3,149.0,57.0,2,370,1.5,190.0,70.0,0.3,22.0,0.0,193691,36,186925,151,1.5,1.0,0.94,0.96,1.9,47.77,0.03,0.03,0.06,1.54,529.2,88.0,38.0,258.7,153.0,39.0,134.0,235.0,61.0,92.5,145.0,47.0,,,,35,,Jake,O'Brien,O'Brien,,,2790,0,3,10,38,0,0,0,3,1,0,31,243,,,,0.0,0.32,1.23,1.0,6.94,52,163,106
294,a,100.0,100.0,4.2,627,140.0,0,0.0,-3,3.0,0.1,491,177.0,3,0,1.0,467.0,171.0,0,10,0.0,515.0,217.0,0.0,0.7,0.0,6944,3,18287,4,0.0,-0.5,0.0,0.0,0.0,0.24,0.0,0.0,0.0,1.96,0.0,636.0,251.0,0.1,489.0,176.0,0.0,601.0,249.0,0.0,638.0,251.0,,,,35,,Séamus,Coleman,Coleman,,,11,0,0,0,0,0,0,0,0,0,0,1,0,,,,0.0,0.0,0.0,8.18,0.0,0,0,1
295,a,100.0,100.0,4.5,411,75.0,0,0.0,0,0.0,2.7,118,47.0,120,0,4.1,50.0,20.0,8,384,0.5,296.0,98.0,0.1,26.7,0.0,1493328,119,1224374,760,0.5,0.0,1.97,0.21,2.18,38.6,0.08,0.01,0.09,1.56,672.8,46.0,20.0,31.0,388.0,139.0,241.0,125.0,23.0,94.5,138.0,43.0,,,,35,,Michael,Keane,Keane,,,2228,3,0,7,33,0,0,0,0,1,0,25,296,,,,0.0,0.28,1.33,1.01,10.75,31,235,77
296,a,100.0,100.0,4.4,542,115.0,0,0.0,-1,1.0,0.0,635,226.0,21,0,3.5,119.0,43.0,0,68,0.0,569.0,236.0,0.0,4.8,0.0,6075,1,7318,6,0.0,-0.5,0.03,0.04,0.07,3.55,0.01,0.02,0.03,1.35,63.6,410.0,154.0,6.4,445.0,159.0,17.0,398.0,144.0,8.6,430.0,155.0,,,,35,,Nathan,Patterson,Patterson,,,237,0,0,2,1,0,0,0,0,0,0,3,30,,,,0.0,0.76,0.38,1.14,11.39,10,20,14
297,u,0.0,0.0,3.8,806,246.0,0,0.0,-2,2.0,0.2,412,151.0,0,0,0.0,538.0,192.0,0,0,0.0,381.0,138.0,0.0,0.0,0.0,9298,0,22481,5,0.0,0.0,0.0,0.0,0.0,0.0,0.0,0.0,0.0,0.0,0.0,527.0,191.0,0.0,509.0,190.0,0.0,476.0,184.0,0.0,529.0,191.0,,,,35,,Roman,Dixon,Dixon,has joined Stockport County on loan for the rest of the season.,,0,0,0,0,0,0,0,0,0,0,0,0,0,,,,0.0,0.0,0.0,0.0,0.0,0,0,0
298,a,,,3.8,804,244.0,0,0.0,-2,2.0,0.1,427,158.0,0,0,0.0,537.0,191.0,0,0,0.0,380.0,137.0,0.0,0.0,0.0,8531,6,15923,1,0.0,-0.5,0.0,0.0,0.0,0.0,0.0,0.0,0.0,0.0,0.0,526.0,190.0,0.0,508.0,189.0,0.0,475.0,183.0,0.0,528.0,190.0,,,,35,,Reece,Welch,Welch,,,0,0,0,0,0,0,0,0,0,0,0,0,0,,,,0.0,0.0,0.0,0.0,0.0,0,0,0
299,a,100.0,100.0,6.2,74,49.0,0,0.0,-3,3.0,4.4,87,29.0,120,0,4.3,39.0,18.0,7,508,2.0,158.0,67.0,0.3,19.4,0.0,1896027,490,2649566,1054,2.0,1.5,5.32,4.28,9.6,36.76,0.2,0.16,0.36,1.37,561.8,75.0,22.0,432.1,63.0,51.0,484.0,41.0,24.0,148.0,44.0,30.0,,,1.0,35,,Iliman,Ndiaye,Ndiaye,,,2421,6,3,8,35,0,0,0,2,0,0,28,260,,,,0.0,0.3,1.3,1.04,9.67,62,34,164
300,a,,,5.5,143,89.0,0,0.0,-5,5.0,0.1,421,145.0,52,0,2.5,273.0,113.0,1,183,1.5,196.0,86.0,0.3,9.5,0.0,36278,5,67238,17,1.5,1.0,1.37,1.91,3.28,18.61,0.11,0.15,0.26,1.45,140.4,341.0,153.0,241.6,162.0,108.0,138.0,229.0,126.0,52.1,275.0,140.0,2.0,,,35,,Dwight,McNeil,McNeil,,,1159,0,3,6,8,0,0,0,1,0,0,14,111,,,,0.0,0.47,0.62,1.09,8.62,23,26,62
301,a,100.0,100.0,5.2,215,131.0,0,0.0,-3,3.0,0.1,533,196.0,26,0,1.5,415.0,180.0,0,110,0.0,770.0,337.0,0.0,5.0,0.0,17232,0,30251,3,0.0,-0.5,1.04,0.45,1.49,13.41,0.14,0.06,0.2,1.8,83.0,391.0,174.0,145.8,235.0,151.0,156.0,206.0,113.0,38.5,325.0,159.0,,,,35,,Carlos,Alcaraz Durán,Alcaraz,,,671,0,1,3,9,0,0,0,4,0,0,6,65,,,,0.0,0.4,1.21,0.8,8.72,13,11,41
302,a,100.0,100.0,5.4,151,95.0,0,0.0,-1,1.0,0.1,452,154.0,83,0,3.3,154.0,64.0,4,419,2.2,136.0,54.0,0.4,15.4,0.0,29920,16,31923,48,2.2,1.7,1.99,1.84,3.83,31.26,0.09,0.08,0.17,1.34,382.6,172.0,63.0,259.2,152.0,102.0,208.0,157.0,89.0,85.1,158.0,82.0,,,,35,,Idrissa Gana,Gueye,Gana,,,2094,2,3,5,26,0,0,0,1,1,0,25,218,,,,0.0,0.21,1.12,1.07,9.37,43,59,116
303,a,,,5.2,210,130.0,-1,1.0,2,-2.0,3.9,96,31.0,148,0,4.4,35.0,15.0,13,732,2.2,134.0,52.0,0.4,28.5,0.0,1275674,456,809778,2109,2.2,1.7,1.99,5.16,7.15,50.26,0.06,0.15,0.21,1.48,797.0,14.0,4.0,807.0,9.0,9.0,218.0,146.0,84.0,182.4,22.0,18.0,1.0,3.0,2.0,35,,James,Garner,Garner,,,3053,2,6,11,41,0,0,0,10,0,0,34,422,,,,0.0,0.32,1.21,1.0,12.44,108,145,169
304,a,100.0,100.0,4.8,367,229.0,0,0.0,-2,2.0,0.0,618,237.0,59,0,2.4,284.0,118.0,1,197,0.5,301.0,140.0,0.1,12.3,0.0,5994,0,7113,3,0.5,0.0,0.5,0.63,1.13,19.12,0.04,0.05,0.09,1.51,198.4,295.0,126.0,105.5,282.0,170.0,77.0,299.0,160.0,37.9,326.0,160.0,,,,35,,Tim,Iroegbunam,Iroegbunam,,,1142,0,3,8,12,0,0,0,8,0,0,13,150,,,,0.0,0.63,0.95,1.02,11.82,53,32,65
305,a,100.0,100.0,4.5,500,309.0,0,0.0,0,0.0,0.1,521,189.0,19,0,1.7,393.0,166.0,0,78,0.0,671.0,263.0,0.0,4.2,0.0,13321,13,20321,13,0.0,-0.5,0.79,0.21,1.0,10.79,0.14,0.04,0.18,1.96,58.6,412.0,179.0,66.6,329.0,179.0,78.0,298.0,159.0,20.5,388.0,179.0,,,,35,,Harrison,Armstrong,Armstrong,,,495,0,0,1,10,0,0,0,0,0,0,6,50,,,,0.0,0.18,1.82,1.09,9.09,13,13,24
307,a,,,4.4,553,331.0,0,0.0,-1,1.0,0.0,602,228.0,0,0,0.0,680.0,262.0,0,0,0.0,576.0,194.0,0.0,0.0,0.0,5128,0,6726,3,0.0,-0.5,0.0,0.0,0.0,0.0,0.0,0.0,0.0,0.0,0.0,672.0,254.0,0.0,668.0,258.0,0.0,647.0,248.0,0.0,674.0,256.0,,,,35,,Coby,Ebere,Ebere,,,0,0,0,0,0,0,0,0,0,0,0,0,0,,,,0.0,0.0,0.0,0.0,0.0,0,0,0
308,u,0.0,0.0,4.5,452,270.0,0,0.0,0,0.0,0.0,709,288.0,0,0,0.0,717.0,287.0,0,0,0.0,626.0,226.0,0.0,0.0,0.0,458,0,3775,0,0.0,0.0,0.0,0.0,0.0,0.0,0.0,0.0,0.0,0.0,0.0,712.0,282.0,0.0,707.0,284.0,0.0,691.0,277.0,0.0,713.0,283.0,,,,35,,Isaac,Heath,Heath,has joined Accrington on loan for the rest of the season.,,0,0,0,0,0,0,0,0,0,0,0,0,0,,,,0.0,0.0,0.0,0.0,0.0,0,0,0
309,u,0.0,0.0,4.5,449,268.0,0,0.0,0,0.0,0.0,827,370.0,0,0,0.0,715.0,285.0,0,0,0.0,624.0,224.0,0.0,0.0,0.0,0,0,115,0,0.0,0.0,0.0,0.0,0.0,0.0,0.0,0.0,0.0,0.0,0.0,710.0,280.0,0.0,705.0,282.0,0.0,689.0,275.0,0.0,711.0,281.0,,,,35,,Jenson,Metcalfe,Metcalfe,Has joined Bradford City permanently.,,0,0,0,0,0,0,0,0,0,0,0,0,0,,,,0.0,0.0,0.0,0.0,0.0,0,0,0
310,a,,,5.7,120,33.0,0,0.0,-3,3.0,0.7,226,33.0,80,0,2.4,291.0,32.0,7,234,1.0,244.0,33.0,0.2,14.0,0.0,314335,45,319796,198,1.0,0.5,6.81,0.4,7.21,30.48,0.35,0.02,0.37,1.57,263.6,250.0,22.0,183.6,197.0,18.0,453.0,49.0,20.0,87.5,153.0,20.0,,,,35,,Thierno,Barry,Barry,,,1752,6,0,7,28,0,0,0,3,0,0,20,62,,,,0.0,0.36,1.44,1.03,3.18,4,29,29
311,a,100.0,100.0,5.0,266,55.0,0,0.0,-5,5.0,2.9,113,18.0,92,0,2.8,222.0,22.0,13,303,4.0,44.0,7.0,0.8,18.4,0.0,630937,817,1225260,633,4.0,3.5,8.2,0.22,8.42,21.24,0.55,0.01,0.56,1.43,390.0,168.0,17.0,137.1,243.0,27.0,604.0,28.0,16.0,111.5,95.0,17.0,,,3.0,35,,Norberto Bercique,Gomes Betuncal,Beto,,,1341,8,1,5,16,0,0,0,2,0,0,14,79,,,,0.0,0.34,1.07,0.94,5.3,14,40,25
312,u,0.0,0.0,4.9,331,62.0,0,0.0,-1,1.0,0.1,556,77.0,0,0,0.0,789.0,88.0,0,0,0.0,734.0,79.0,0.0,0.0,0.0,2418,0,14573,0,0.0,0.0,0.0,0.0,0.0,0.0,0.0,0.0,0.0,0.0,0.0,788.0,88.0,0.0,784.0,87.0,0.0,780.0,87.0,0.0,788.0,88.0,,,,35,,Youssef,Ramalho Chermiti,Y.Chermiti,has joined Rangers permanently.,,0,0,0,0,0,0,0,0,0,0,0,0,0,,,,0.0,0.0,0.0,0.0,0.0,0,0,0
313,u,0.0,0.0,4.4,560,79.0,0,0.0,-1,1.0,0.1,457,65.0,0,0,0.0,684.0,72.0,0,0,0.0,582.0,61.0,0.0,0.0,0.0,9203,0,26784,3,0.0,0.0,0.0,0.0,0.0,0.0,0.0,0.0,0.0,0.0,0.0,677.0,72.0,0.0,672.0,71.0,0.0,653.0,71.0,0.0,679.0,72.0,,,,35,,Martin,Sherif,Sherif,has joined Port Vale on loan for the rest of the season.,,0,0,0,0,0,0,0,0,0,0,0,0,0,,,,0.0,0.0,0.0,0.0,0.0,0,0,0
419,i,0.0,0.0,6.3,64,42.0,0,0.0,-2,2.0,5.6,69,23.0,79,0,4.0,63.0,29.0,12,356,0.0,816.0,364.0,0.0,12.5,0.0,3790659,2,3790502,176,0.0,0.0,2.05,3.37,5.41,25.81,0.11,0.19,0.3,1.43,374.2,179.0,70.0,520.5,43.0,39.0,397.0,65.0,39.0,129.2,66.0,41.0,,,,35,,Jack,Grealish,Grealish,Foot injury - Expected back 01 Jun,,1627,2,6,7,23,0,0,0,3,1,0,18,135,,,,0.0,0.39,1.27,1.0,7.47,20,27,88
630,a,,,3.9,756,75.0,0,0.0,-1,1.0,1.2,181,21.0,0,0,0.0,553.0,47.0,0,0,0.0,402.0,35.0,0.0,0.0,0.0,73132,7,106489,37,0.0,-0.5,0.0,0.0,0.0,0.0,0.0,0.0,0.0,0.0,0.0,542.0,47.0,0.0,528.0,29.0,0.0,496.0,15.0,0.0,544.0,47.0,,,,35,,Tom,King,King,,,0,0,0,0,0,0,0,0,0,0,0,0,0,,,,0.0,0.0,0.0,0.0,0.0,0,0,0
667,a,100.0,100.0,4.2,641,148.0,0,0.0,-3,3.0,0.1,572,204.0,0,0,0.0,648.0,251.0,0,0,0.0,520.0,219.0,0.0,0.0,0.0,3047,2,12830,1,0.0,-0.5,0.0,0.0,0.0,0.0,0.0,0.0,0.0,0.0,0.0,639.0,252.0,0.0,633.0,251.0,0.0,608.0,250.0,0.0,641.0,252.0,,,,35,,Adam,Aznou,Aznou,,,0,0,0,0,0,0,0,0,0,0,0,0,0,,,,0.0,0.0,0.0,0.0,0.0,0,0,0
704,u,0.0,0.0,4.5,439,261.0,0,0.0,0,0.0,0.0,587,220.0,0,0,0.0,710.0,280.0,0,0,0.0,618.0,218.0,0.0,0.0,0.0,8420,0,10250,0,0.0,0.0,0.0,0.0,0.0,0.0,0.0,0.0,0.0,0.0,0.0,704.0,274.0,0.0,700.0,277.0,0.0,683.0,270.0,0.0,706.0,276.0,,,,35,,Tyler,Onyango,Onyango,has joined Stockport County on loan for the rest of the season.,,0,0,0,0,0,0,0,0,0,0,0,0,0,,,,0.0,0.0,0.0,0.0,0.0,0,0,0
705,u,0.0,0.0,3.9,777,224.0,0,0.0,-1,1.0,0.1,420,156.0,0,0,0.0,567.0,204.0,0,0,0.0,417.0,155.0,0.0,0.0,0.0,18604,0,17834,8,0.0,0.0,0.0,0.0,0.0,0.0,0.0,0.0,0.0,0.0,0.0,556.0,203.0,0.0,544.0,203.0,0.0,512.0,198.0,0.0,558.0,203.0,,,,35,,Elijah,Campbell,Campbell,has joined Port Vale on loan for the rest of the season.,,0,0,0,0,0,0,0,0,0,0,0,0,0,,,,0.0,0.0,0.0,0.0,0.0,0,0,0
707,a,,,5.3,196,122.0,0,0.0,-2,2.0,0.0,647,252.0,18,0,1.3,442.0,198.0,0,49,0.0,778.0,341.0,0.0,3.4,0.0,7969,1,7579,2,0.0,-0.5,0.2,0.14,0.34,6.65,0.05,0.04,0.09,1.71,46.0,424.0,184.0,61.0,341.0,184.0,32.0,366.0,187.0,13.6,408.0,185.0,,,,35,,Tyler,Dibling,Dibling,,,349,0,0,2,2,0,0,0,2,0,0,4,40,,,,0.0,0.52,0.52,1.03,10.32,7,11,22
728,a,100.0,100.0,5.0,275,169.0,0,0.0,0,0.0,0.0,706,286.0,18,0,1.5,413.0,178.0,0,48,0.0,756.0,326.0,0.0,3.6,0.0,1654,1,1766,1,0.0,-0.5,0.5,0.21,0.71,8.22,0.13,0.05,0.18,2.07,67.6,404.0,177.0,66.2,331.0,180.0,32.0,365.0,186.0,16.6,399.0,182.0,,,,35,,Merlin,Röhl,Röhl,,,358,0,0,2,6,0,0,0,0,0,0,2,48,,,,0.0,0.5,1.51,0.5,12.07,18,10,20
779,a,,,4.5,509,72.0,0,0.0,0,0.0,0.0,614,82.0,0,0,0.0,760.0,83.0,0,0,0.0,680.0,72.0,0.0,0.0,0.0,5697,8,3393,9,0.0,-0.5,0.0,0.0,0.0,0.0,0.0,0.0,0.0,0.0,0.0,759.0,83.0,0.0,752.0,82.0,0.0,739.0,82.0,0.0,759.0,83.0,,,,35,,Braiden,Graham,Graham,,,0,0,0,0,0,0,0,0,0,0,0,0,0,,,,0.0,0.0,0.0,0.0,0.0,0,0,0
314,a,,,4.9,286,10.0,0,0.0,-1,1.0,1.9,141,18.0,108,0,3.2,165.0,19.0,8,483,4.8,22.0,1.0,1.0,22.0,0.0,335194,844,306688,162,4.8,3.8,0.0,0.0,0.0,46.97,0.0,0.0,0.0,1.38,720.6,32.0,9.0,0.0,769.0,91.0,0.0,765.0,89.0,71.9,207.0,10.0,,,,35,,Bernd,Leno,Leno,,,3060,0,0,8,46,1,0,0,3,0,85,34,107,,,,2.5,0.24,1.35,1.0,0.0,4,44,283
315,u,0.0,0.0,4.0,684,49.0,0,0.0,0,0.0,0.0,766,89.0,0,0,0.0,592.0,70.0,0,0,0.0,447.0,60.0,0.0,0.0,0.0,577,0,921,1,0.0,0.0,0.0,0.0,0.0,0.0,0.0,0.0,0.0,0.0,0.0,581.0,70.0,0.0,573.0,58.0,0.0,542.0,44.0,0.0,583.0,70.0,,,,35,,Steven,Benda,Benda,has joined Feyenoord on loan for the rest of the season.,,0,0,0,0,0,0,0,0,0,0,0,0,0,,,,0.0,0.0,0.0,0.0,0.0,0,0,0
316,a,100.0,100.0,4.9,294,45.0,0,0.0,-1,1.0,0.8,216,85.0,45,0,2.5,269.0,103.0,4,198,1.2,211.0,74.0,0.2,9.2,0.0,189024,73,212053,123,1.2,0.2,0.22,1.34,1.56,18.36,0.02,0.11,0.13,1.47,273.8,242.0,97.0,289.7,133.0,35.0,44.0,343.0,112.0,60.8,245.0,83.0,,,,35,,Antonee,Robinson,Robinson,,,1127,0,0,3,14,0,0,0,3,0,0,13,106,,,,0.0,0.24,1.12,1.04,8.39,36,69,69
317,a,100.0,100.0,4.5,417,78.0,0,0.0,0,0.0,4.2,92,29.0,122,0,3.9,67.0,26.0,8,429,4.5,27.0,14.0,1.0,27.1,0.0,1592513,615,1403739,547,4.5,3.5,1.38,1.81,3.19,41.54,0.05,0.06,0.11,1.36,766.2,20.0,7.0,128.8,253.0,67.0,144.0,223.0,57.0,104.3,108.0,28.0,,,,35,,Joachim,Andersen,Andersen,,,2741,0,1,8,41,0,0,0,7,0,0,31,353,,,,0.0,0.26,1.35,1.02,10.38,42,274,109
318,a,100.0,100.0,4.4,540,113.0,0,0.0,-1,1.0,0.6,245,93.0,92,0,3.5,118.0,42.0,9,321,3.8,51.0,25.0,0.9,20.9,0.0,176648,94,163985,75,3.8,2.8,1.71,0.28,1.98,32.25,0.07,0.01,0.08,1.34,502.0,104.0,46.0,106.5,277.0,82.0,111.0,258.0,70.0,72.3,205.0,71.0,,,,35,,Calvin,Bassey,Bassey,,,2172,1,1,6,35,0,0,0,5,0,0,24,222,,,,0.0,0.25,1.45,0.99,7.54,52,130,98
319,a,,,4.3,582,127.0,0,0.0,-2,2.0,0.1,447,167.0,45,0,1.7,390.0,144.0,1,213,3.2,70.0,31.0,0.7,10.5,0.0,23963,47,27857,11,3.2,2.2,1.21,0.94,2.15,26.94,0.07,0.06,0.13,1.63,308.4,217.0,86.0,230.0,168.0,42.0,141.0,225.0,59.0,68.2,219.0,77.0,,,,35,,Timothy,Castagne,Castagne,,,1486,0,1,2,26,0,0,0,4,0,0,16,138,,,,0.0,0.12,1.57,0.97,7.45,29,94,44
320,a,,,4.3,585,130.0,0,0.0,-2,2.0,0.1,535,190.0,13,0,1.3,432.0,155.0,0,49,0.0,534.0,227.0,0.0,3.0,0.0,8206,3,12324,5,0.0,-1.0,0.02,0.04,0.06,10.15,0.0,0.01,0.01,1.54,118.0,363.0,138.0,5.7,448.0,161.0,12.0,409.0,153.0,13.6,407.0,146.0,,,,35,,Issa,Diop,Diop,,,592,0,0,0,11,0,0,0,2,0,0,6,55,,,,0.0,0.0,1.67,0.91,7.3,6,42,14
321,a,,,4.3,588,132.0,0,0.0,-2,2.0,0.1,576,205.0,39,0,2.8,217.0,83.0,1,155,0.0,536.0,228.0,0.0,9.1,0.0,6956,3,8312,7,0.0,-1.0,0.05,0.53,0.58,14.59,0.0,0.05,0.05,1.41,244.6,256.0,102.0,47.1,362.0,129.0,14.0,402.0,147.0,30.7,352.0,118.0,,,,35,,Jorge,Cuenca Barreno,J.Cuenca,,,931,0,0,2,11,0,0,0,5,0,0,11,120,,,,0.0,0.19,1.06,1.06,11.02,16,98,40
322,d,75.0,75.0,4.5,415,77.0,0,0.0,0,0.0,0.2,365,133.0,81,0,3.7,87.0,33.0,5,318,0.0,601.0,239.0,0.0,18.0,0.0,180763,3,180041,39,0.0,-0.8,0.92,1.46,2.38,25.79,0.05,0.07,0.12,1.3,416.0,150.0,65.0,214.1,179.0,46.0,108.0,265.0,73.0,73.9,193.0,66.0,,,,35,,Kenny,Tete,Tete,Lack of match fitness - 75% chance of playing,,1791,1,0,6,25,0,0,0,2,0,0,21,188,,,,0.0,0.3,1.26,1.06,8.29,65,100,82
323,a,,,3.8,819,257.0,0,0.0,-2,2.0,0.1,429,160.0,0,0,0.0,546.0,199.0,0,0,0.0,393.0,148.0,0.0,0.0,0.0,10160,6,18167,11,0.0,-1.0,0.0,0.0,0.0,0.0,0.0,0.0,0.0,0.0,0.0,535.0,198.0,0.0,519.0,198.0,0.0,487.0,193.0,0.0,537.0,198.0,,,,35,,Samuel,Amissah,Amissah,,,0,0,0,0,0,0,0,0,0,0,0,0,0,,,,0.0,0.0,0.0,0.0,0.0,0,0,0
324,i,0.0,0.0,6.2,71,46.0,0,0.0,-3,3.0,1.3,173,61.0,98,0,3.6,111.0,48.0,13,478,0.8,283.0,132.0,0.1,15.8,0.0,590905,3,621960,1298,0.0,0.0,1.41,4.42,5.83,34.68,0.06,0.18,0.24,1.38,486.2,114.0,36.0,684.9,18.0,17.0,275.0,108.0,65.0,144.7,48.0,33.0,2.0,,,35,,Alex,Iwobi,Iwobi,Hamstring injury - Unknown return date,,2264,4,3,4,39,0,0,0,3,0,0,27,175,,,,0.0,0.16,1.55,1.07,6.96,26,34,115
325,a,100.0,100.0,5.6,126,78.0,0,0.0,-4,4.0,0.5,268,93.0,72,0,2.2,319.0,139.0,1,304,1.8,172.0,74.0,0.3,12.9,0.0,167202,33,223881,42,1.8,0.8,4.46,1.08,5.54,26.9,0.25,0.06,0.31,1.48,269.4,245.0,105.0,310.8,118.0,82.0,354.0,78.0,45.0,93.4,141.0,76.0,,,,35,,Emile,Smith Rowe,Smith Rowe,,,1638,3,1,5,23,0,0,0,1,0,0,18,126,,,,0.0,0.27,1.26,0.99,6.92,28,39,59
327,u,0.0,0.0,5.3,183,115.0,0,0.0,-2,2.0,0.1,569,213.0,0,0,0.0,808.0,357.0,0,0,0.0,776.0,339.0,0.0,0.0,0.0,2438,0,35636,1,0.0,0.0,0.0,0.0,0.0,0.0,0.0,0.0,0.0,0.0,0.0,807.0,356.0,0.0,806.0,356.0,0.0,803.0,355.0,0.0,807.0,356.0,,,,35,,Andreas,Hoelgebaum Pereira,Andreas,has joined Palmeiras permanently.,,0,0,0,0,0,0,0,0,0,0,0,0,0,,,,0.0,0.0,0.0,0.0,0.0,0,0,0
328,i,0.0,0.0,5.4,158,98.0,0,0.0,-1,1.0,0.2,410,141.0,95,0,3.5,124.0,55.0,8,332,3.8,55.0,17.0,0.7,17.6,0.0,148252,0,142258,78,0.0,0.0,1.6,1.8,3.4,26.33,0.08,0.09,0.17,1.3,413.8,152.0,52.0,225.0,170.0,115.0,229.0,133.0,78.0,86.7,155.0,81.0,,,,35,,Ryan,Sessegnon,Sessegnon,Muscle injury - Expected back 17 May,,1816,3,3,6,29,0,0,0,0,0,0,20,218,,,,0.0,0.3,1.44,0.99,10.8,48,96,74
329,a,100.0,100.0,5.9,89,57.0,-1,1.0,4,-4.0,19.9,14,5.0,159,0,5.0,14.0,7.0,21,598,1.8,177.0,77.0,0.3,26.9,0.0,5797130,1608,3360404,7232,1.8,0.8,5.71,4.45,10.16,36.38,0.2,0.16,0.36,1.3,679.0,43.0,11.0,592.7,29.0,27.0,578.0,30.0,14.0,184.9,20.0,16.0,1.0,1.0,3.0,35,,Harry,Wilson,Wilson,,,2521,10,8,9,34,0,0,0,7,0,0,30,169,,,,0.0,0.32,1.21,1.07,6.03,26,65,78
330,a,,,4.9,303,188.0,0,0.0,-1,1.0,0.1,518,188.0,87,0,2.6,250.0,100.0,3,487,1.8,164.0,70.0,0.4,17.8,0.0,13833,11,14693,10,1.8,0.8,1.38,1.46,2.84,42.44,0.04,0.05,0.09,1.38,422.8,146.0,50.0,328.7,105.0,75.0,93.0,283.0,151.0,84.8,159.0,83.0,,,,35,,Sander,Berge,Berge,,,2769,0,3,7,44,1,0,0,5,0,0,32,269,,,,0.0,0.23,1.43,1.04,8.74,55,89,125
331,a,100.0,100.0,4.8,346,216.0,0,0.0,-2,2.0,0.0,643,249.0,32,0,1.5,410.0,175.0,1,134,0.8,267.0,121.0,0.2,6.7,0.0,2991,1,5040,0,0.8,-0.2,0.95,0.61,1.56,10.74,0.14,0.09,0.23,1.55,96.0,383.0,169.0,138.4,241.0,154.0,49.0,336.0,175.0,28.4,362.0,172.0,,,,35,,Tom,Cairney,Cairney,,,625,1,0,2,9,0,0,0,3,0,0,5,48,,,,0.0,0.29,1.3,0.72,6.91,5,8,35
332,a,100.0,100.0,4.9,307,191.0,0,0.0,-1,1.0,0.1,566,210.0,60,0,2.6,251.0,101.0,3,269,2.2,132.0,51.0,0.4,12.2,0.0,15328,13,19422,4,2.2,1.2,2.19,1.69,3.88,22.19,0.14,0.1,0.24,1.37,271.4,244.0,104.0,396.7,74.0,58.0,154.0,211.0,115.0,82.1,169.0,88.0,3.0,,,35,,Saša,Lukić,Lukić,,,1460,1,4,6,17,0,0,0,7,0,0,17,153,,,,0.0,0.37,1.05,1.05,9.43,42,51,60
333,u,0.0,0.0,4.5,478,292.0,0,0.0,0,0.0,0.0,672,270.0,0,0,0.0,736.0,304.0,0,0,0.0,649.0,246.0,0.0,0.0,0.0,898,0,6627,1,0.0,0.0,0.0,0.0,0.0,0.0,0.0,0.0,0.0,0.0,0.0,733.0,301.0,0.0,727.0,302.0,0.0,713.0,297.0,0.0,734.0,302.0,,,,35,,Martial,Godo,Godo,has joined Strasbourg permanently.,,0,0,0,0,0,0,0,0,0,0,0,0,0,,,,0.0,0.0,0.0,0.0,0.0,0,0,0
334,u,0.0,0.0,4.5,456,273.0,0,0.0,0,0.0,0.0,818,363.0,0,0,0.0,720.0,290.0,0,0,0.0,630.0,229.0,0.0,0.0,0.0,0,0,316,0,0.0,0.0,0.0,0.0,0.0,0.0,0.0,0.0,0.0,0.0,0.0,715.0,285.0,0.0,710.0,287.0,0.0,694.0,280.0,0.0,716.0,286.0,,,,35,,Luke,Harris,Harris,Has joined Oxford United on loan for the rest of the season.,,0,0,0,0,0,0,0,0,0,0,0,0,0,,,,0.0,0.0,0.0,0.0,0.0,0,0,0
335,a,100.0,100.0,4.4,567,340.0,0,0.0,-1,1.0,1.7,151,51.0,60,0,2.1,329.0,144.0,3,202,0.8,263.0,118.0,0.2,13.6,0.0,1001325,106,920181,251,0.8,-0.2,2.32,0.57,2.89,17.46,0.17,0.04,0.21,1.3,192.8,298.0,129.0,165.6,211.0,137.0,305.0,96.0,57.0,65.5,227.0,110.0,,,,35,,Josh,King,King,,,1209,1,3,5,18,0,0,0,3,0,0,15,98,,,,0.0,0.37,1.34,1.12,7.3,24,20,54
336,a,100.0,100.0,4.3,581,346.0,0,0.0,-2,2.0,0.3,317,109.0,13,0,2.2,311.0,133.0,2,41,0.0,531.0,170.0,0.0,3.0,0.0,87508,27,83275,58,0.0,-1.0,0.13,0.36,0.49,0.51,0.45,1.25,1.7,1.77,38.6,433.0,189.0,19.0,406.0,202.0,11.0,414.0,204.0,6.8,443.0,199.0,,,,35,,Harrison,Reed,Reed,,,26,1,0,0,1,0,0,0,0,0,0,0,2,,,,0.0,0.0,3.46,0.0,6.92,0,0,2
337,a,100.0,100.0,6.0,84,25.0,0,0.0,-5,5.0,2.0,138,21.0,108,0,3.3,157.0,14.0,7,399,1.0,247.0,35.0,0.2,18.0,0.0,863181,230,884525,803,1.0,0.0,11.34,0.9,12.24,31.21,0.49,0.04,0.53,1.36,475.2,115.0,11.0,328.6,106.0,5.0,711.0,19.0,11.0,150.9,40.0,9.0,,2.0,1.0,35,,Raúl,Jiménez Rodríguez,Raúl,,,2070,9,5,9,25,0,0,0,5,0,0,26,125,,,,0.0,0.39,1.09,1.13,5.43,32,40,53
338,a,100.0,100.0,5.3,187,43.0,0,0.0,-2,2.0,0.7,224,32.0,30,0,1.8,385.0,46.0,3,82,1.2,218.0,28.0,0.2,5.7,0.0,269867,53,443282,39,1.2,0.2,2.28,0.13,2.41,11.82,0.28,0.02,0.3,1.43,108.8,370.0,39.0,89.9,300.0,33.0,225.0,138.0,34.0,41.3,312.0,35.0,,,,35,,Rodrigo,Muniz Carvalho,Muniz,,,743,1,1,2,11,1,0,0,1,0,0,7,47,,,,0.0,0.24,1.33,0.85,5.69,6,27,14
424,a,100.0,100.0,5.1,237,142.0,0,0.0,-4,4.0,0.2,368,125.0,35,0,1.8,380.0,162.0,0,151,0.8,278.0,129.0,0.2,6.9,0.0,92626,11,102177,34,0.8,-0.2,1.21,1.58,2.79,10.71,0.13,0.17,0.3,1.17,115.0,368.0,164.0,248.6,158.0,106.0,180.0,181.0,99.0,54.6,268.0,135.0,,,,35,,Oscar,Bobb,Bobb,,,827,0,2,3,12,0,0,0,1,0,0,9,63,,,,0.0,0.33,1.31,0.98,6.86,16,10,37
664,a,,,3.9,752,72.0,0,0.0,-1,1.0,0.7,230,31.0,0,0,0.0,551.0,45.0,0,0,0.0,398.0,32.0,0.0,0.0,0.0,44095,7,58038,21,0.0,-1.0,0.0,0.0,0.0,0.0,0.0,0.0,0.0,0.0,0.0,540.0,45.0,0.0,525.0,26.0,0.0,493.0,12.0,0.0,542.0,45.0,,,,35,,Benjamin,Lecomte,Lecomte,,,0,0,0,0,0,0,0,0,0,0,0,0,0,,,,0.0,0.0,0.0,0.0,0.0,0,0,0
727,a,100.0,100.0,5.3,185,117.0,0,0.0,-2,2.0,0.1,526,191.0,57,0,2.9,211.0,85.0,1,227,1.2,216.0,98.0,0.2,10.8,0.0,101708,14,95743,17,1.2,0.2,2.08,3.33,5.41,15.14,0.2,0.32,0.52,1.46,268.0,246.0,106.0,309.7,119.0,83.0,237.0,127.0,74.0,81.2,170.0,89.0,,,,35,,Samuel,Chukwueze,Chukwueze,,,932,3,4,2,16,0,0,0,0,0,0,8,77,,,,0.0,0.19,1.55,0.77,7.44,6,17,54
731,i,0.0,0.0,5.7,119,75.0,0,0.0,-3,3.0,0.1,583,218.0,43,0,1.9,360.0,156.0,0,158,0.0,805.0,356.0,0.0,7.5,0.0,34814,2,32247,3,0.0,0.0,1.12,1.4,2.52,13.01,0.11,0.14,0.25,1.3,200.8,293.0,124.0,231.6,166.0,112.0,206.0,159.0,90.0,63.6,236.0,117.0,,,,35,,Kevin,Santos Lopes de Macedo,Kevin,Foot injury - Unknown return date,,898,1,2,4,15,0,0,0,1,0,0,8,75,,,,0.0,0.4,1.5,0.8,7.52,19,16,40
737,a,,,4.5,512,74.0,0,0.0,0,0.0,0.1,482,69.0,4,0,0.8,519.0,63.0,0,11,0.0,682.0,74.0,0.0,0.9,0.0,22695,13,18131,15,0.0,-1.0,0.0,0.07,0.07,0.75,0.0,0.21,0.21,2.25,1.2,506.0,60.0,11.4,425.0,56.0,8.0,426.0,58.0,2.1,476.0,57.0,,,,35,,Jonah,Kusi-Asare,Kusi-Asare,,,30,0,0,0,2,0,0,0,1,0,0,0,2,,,,0.0,0.0,6.0,0.0,6.0,0,0,2
786,a,,,4.0,710,61.0,0,0.0,0,0.0,0.0,734,85.0,0,0,0.0,613.0,82.0,0,0,0.0,471.0,72.0,0.0,0.0,0.0,984,4,525,1,0.0,-1.0,0.0,0.0,0.0,0.0,0.0,0.0,0.0,0.0,0.0,603.0,82.0,0.0,595.0,70.0,0.0,564.0,56.0,0.0,605.0,82.0,,,,35,,Alfie,McNally,McNally,,,0,0,0,0,0,0,0,0,0,0,0,0,0,,,,0.0,0.0,0.0,0.0,0.0,0,0,0
168,a,100.0,100.0,4.6,403,249.0,0,0.0,-4,4.0,0.1,494,175.0,2,0,0.7,522.0,242.0,0,5,0.0,694.0,280.0,0.0,0.4,0.0,17569,17,30901,18,0.0,0.5,0.04,0.1,0.14,1.86,0.05,0.13,0.18,2.43,6.0,481.0,216.0,25.7,393.0,198.0,19.0,394.0,197.0,5.0,455.0,204.0,,,,35,,Facundo,Buonanotte,Buonanotte,,,69,0,0,0,2,0,0,0,1,0,0,1,5,,,,0.0,0.0,2.61,1.3,6.52,1,1,3
339,a,,,4.1,658,36.0,0,0.0,-4,4.0,0.3,311,42.0,0,0,0.0,643.0,88.0,0,0,0.0,510.0,79.0,0.0,0.0,0.0,15214,10,65663,22,0.0,0.5,0.0,0.0,0.0,0.0,0.0,0.0,0.0,0.0,0.0,633.0,88.0,0.0,626.0,77.0,0.0,597.0,63.0,0.0,635.0,88.0,,,,35,,Illan,Meslier,Meslier,,,0,0,0,0,0,0,0,0,0,0,0,0,0,,,,0.0,0.0,0.0,0.0,0.0,0,0,0
340,a,,,3.9,753,73.0,0,0.0,-1,1.0,0.1,426,61.0,0,0,0.0,552.0,46.0,0,0,0.0,399.0,33.0,0.0,0.0,0.0,8976,3,16096,2,0.0,0.5,0.0,0.0,0.0,0.0,0.0,0.0,0.0,0.0,0.0,541.0,46.0,0.0,526.0,27.0,0.0,494.0,13.0,0.0,543.0,46.0,,,,35,,Alex,Cairns,Cairns,,,0,0,0,0,0,0,0,0,0,0,0,0,0,,,,0.0,0.0,0.0,0.0,0.0,0,0,0
341,a,,,4.0,666,40.0,1,-1.0,0,0.0,6.7,60,10.0,56,2,2.9,206.0,23.0,0,276,3.5,64.0,6.0,0.9,14.0,0.0,876287,768,350471,662,3.5,4.0,0.0,0.05,0.05,21.38,0.0,0.0,0.0,1.13,431.0,142.0,20.0,0.0,558.0,49.0,0.0,527.0,35.0,43.4,304.0,20.0,,,,35,,Karl,Darlow,Darlow,,,1710,0,0,4,23,0,0,0,1,0,50,19,59,,,,2.63,0.21,1.21,1.0,0.0,1,25,180
342,a,100.0,100.0,4.4,536,109.0,0,0.0,-1,1.0,0.7,225,86.0,94,5,2.8,218.0,84.0,1,299,4.5,26.0,13.0,1.0,21.4,0.0,142240,197,77068,260,4.5,5.0,2.05,2.89,4.94,37.92,0.07,0.1,0.17,1.26,422.6,147.0,63.0,327.4,107.0,27.0,212.0,152.0,31.0,96.5,129.0,37.0,,,,35,,Jayden,Bogle,Bogle,,,2718,1,5,6,43,0,0,0,6,0,0,31,214,,,,0.0,0.2,1.42,1.03,5.63,62,108,131
343,a,100.0,100.0,4.4,535,108.0,1,-1.0,-1,1.0,3.3,102,36.0,106,1,3.3,144.0,54.0,4,403,3.2,71.0,32.0,0.7,24.1,0.0,571151,248,193410,1699,3.2,3.7,3.02,0.74,3.76,39.4,0.1,0.02,0.12,1.27,675.0,45.0,19.0,160.0,217.0,57.0,266.0,115.0,19.0,110.1,99.0,26.0,,,,35,,Pascal,Struijk,Struijk,,,2790,0,1,7,44,0,0,0,5,0,0,31,305,,,,0.0,0.23,1.42,1.0,9.23,36,250,111
344,a,100.0,75.0,3.9,765,219.0,0,0.0,-1,1.0,1.0,196,76.0,85,5,3.9,65.0,25.0,5,276,4.8,20.0,9.0,1.2,21.8,0.0,247368,300,139567,270,4.8,4.0,0.9,0.64,1.54,25.14,0.05,0.04,0.09,1.38,444.2,135.0,59.0,72.3,320.0,108.0,233.0,130.0,24.0,74.9,189.0,64.0,,,,35,,Jaka,Bijol,Bijol,,,1639,1,3,4,24,0,0,0,3,0,0,18,192,,,,0.0,0.22,1.32,0.99,9.94,24,157,60
345,a,100.0,100.0,3.8,802,242.0,0,0.0,-2,2.0,0.1,443,165.0,17,0,1.9,350.0,128.0,0,48,0.0,378.0,135.0,0.0,4.5,0.0,23179,7,20296,19,0.0,0.5,0.0,0.01,0.01,4.93,0.0,0.0,0.0,1.46,78.4,396.0,148.0,5.6,449.0,162.0,10.0,416.0,154.0,9.4,426.0,153.0,,,,35,,Sebastiaan,Bornauw,Bornauw,,,304,0,0,1,4,0,0,0,1,0,0,4,38,,,,0.0,0.3,1.18,1.18,11.25,6,32,7
346,a,,,3.7,821,259.0,0,0.0,-3,3.0,0.3,318,116.0,1,0,1.0,454.0,161.0,0,-2,0.0,362.0,121.0,0.0,0.3,0.0,46134,129,41277,50,0.0,0.5,0.0,0.0,0.0,0.79,0.0,0.0,0.0,10.16,0.0,514.0,180.0,0.0,495.0,178.0,0.0,461.0,171.0,0.0,516.0,180.0,,,,35,,Sam,Byram,Byram,,,7,0,0,0,1,0,0,0,0,0,0,0,0,,,,0.0,0.0,12.86,0.0,0.0,0,0,0
347,i,0.0,0.0,3.8,798,238.0,0,0.0,-2,2.0,3.0,110,41.0,68,0,2.1,323.0,117.0,8,286,2.2,125.0,47.0,0.6,17.9,0.0,1004011,14,983762,1636,0.0,0.0,1.1,2.89,3.98,41.06,0.04,0.1,0.14,1.4,442.6,137.0,60.0,363.7,86.0,20.0,158.0,201.0,49.0,96.4,130.0,38.0,,,,35,,Gabriel,Gudmundsson,Gudmundsson,Hamstring injury - Expected back 17 May,,2637,0,0,5,45,1,0,0,4,1,0,31,219,,,,0.0,0.17,1.54,1.06,6.28,65,119,112
348,a,100.0,100.0,3.9,761,217.0,0,0.0,-1,1.0,2.9,114,44.0,101,1,3.2,159.0,61.0,5,341,0.5,289.0,93.0,0.1,25.9,0.0,1218088,374,1139611,408,0.5,1.0,1.35,0.49,1.84,41.56,0.05,0.02,0.07,1.39,640.4,50.0,23.0,100.3,288.0,88.0,221.0,140.0,27.0,96.5,128.0,36.0,,,,35,,Joe,Rodon,Rodon,,,2682,2,0,5,49,0,0,0,2,0,0,30,279,,,,0.0,0.17,1.64,1.01,8.42,33,218,76
349,u,0.0,0.0,4.0,701,178.0,0,0.0,0,0.0,0.1,561,201.0,0,0,0.0,607.0,222.0,0,0,0.0,464.0,178.0,0.0,0.0,0.0,788,0,16044,1,0.0,0.0,0.0,0.0,0.0,0.0,0.0,0.0,0.0,0.0,0.0,596.0,221.0,0.0,588.0,221.0,0.0,557.0,217.0,0.0,598.0,221.0,,,,35,,Isaac,Schmidt,Schmidt,has joined Werder Bremen on loan for the rest of the season.,,0,0,0,0,0,0,0,0,0,0,0,0,0,,,,0.0,0.0,0.0,0.0,0.0,0,0,0
350,a,,,5.4,165,103.0,0,0.0,-1,1.0,1.3,175,62.0,122,1,3.6,108.0,45.0,5,428,3.2,77.0,25.0,0.6,22.6,0.0,375140,103,223685,1951,3.2,3.7,4.25,3.14,7.39,32.01,0.17,0.13,0.3,1.29,456.8,127.0,42.0,442.5,59.0,49.0,475.0,45.0,27.0,137.3,54.0,35.0,,,,35,,Brenden,Aaronson,Aaronson,,,2238,4,8,9,29,0,0,0,2,0,0,27,204,,,,0.0,0.36,1.17,1.09,8.2,47,34,123
351,a,100.0,100.0,5.1,238,143.0,0,0.0,-4,4.0,0.1,510,185.0,29,1,1.4,428.0,187.0,0,119,1.8,167.0,71.0,0.4,5.7,0.0,10247,5,41043,14,1.8,2.3,0.36,0.75,1.11,9.99,0.07,0.15,0.22,2.03,75.6,398.0,176.0,116.4,264.0,163.0,53.0,333.0,174.0,24.4,374.0,176.0,,,,35,,Wilfried,Gnonto,Gnonto,,,443,0,3,1,12,0,0,0,3,0,0,4,51,,,,0.0,0.2,2.44,0.81,10.36,16,13,22
352,u,0.0,0.0,5.1,230,139.0,0,0.0,-4,4.0,0.0,600,226.0,12,0,1.1,453.0,202.0,0,51,0.0,766.0,334.0,0.0,2.4,0.0,6000,0,18766,1,0.0,0.0,0.28,0.23,0.51,3.82,0.1,0.08,0.18,1.31,30.0,440.0,193.0,49.4,358.0,186.0,35.0,360.0,185.0,11.5,420.0,191.0,,,,35,,Jack,Harrison,Harrison,has joined ACF Fiorentina on loan for the rest of the season.,,262,0,0,0,5,0,0,0,0,0,0,1,24,,,,0.0,0.0,1.72,0.34,8.24,5,6,13
353,a,100.0,100.0,5.2,204,126.0,0,0.0,-3,3.0,0.1,485,170.0,19,1,1.2,446.0,199.0,0,77,0.2,351.0,161.0,0.0,3.7,0.0,8746,9,53267,6,0.2,0.7,0.78,0.59,1.37,10.75,0.17,0.13,0.3,2.38,50.2,423.0,183.0,113.3,270.0,165.0,120.0,251.0,137.0,28.5,360.0,171.0,,,,35,,Daniel,James,James,,,406,0,0,1,13,0,0,0,0,0,0,4,26,,,,0.0,0.22,2.88,0.89,5.76,5,3,18
354,a,100.0,100.0,4.9,298,185.0,0,0.0,-1,1.0,0.6,243,85.0,118,1,3.7,94.0,39.0,8,522,4.0,42.0,11.0,0.8,24.1,0.0,132574,173,65487,622,4.0,4.5,2.47,2.13,4.6,41.68,0.08,0.07,0.15,1.32,544.8,82.0,26.0,360.0,89.0,65.0,160.0,198.0,108.0,106.9,104.0,60.0,,,,35,,Ethan,Ampadu,Ampadu,,,2849,1,3,7,45,0,0,0,9,0,0,32,383,,,,0.0,0.22,1.42,1.01,12.1,75,139,169
356,i,0.0,0.0,4.7,390,242.0,0,0.0,-3,3.0,0.1,503,182.0,56,0,2.4,281.0,116.0,3,245,0.5,299.0,139.0,0.1,11.9,0.0,22979,2,19283,64,0.0,0.0,0.49,0.86,1.35,25.27,0.03,0.06,0.09,1.73,199.4,294.0,125.0,171.0,209.0,135.0,64.0,319.0,167.0,43.2,305.0,150.0,4.0,,,35,,Ilia,Gruev,Gruev,Knee injury - Expected back 01 Jun,,1318,0,4,5,23,0,0,0,3,0,0,15,114,,,,0.0,0.34,1.57,1.02,7.78,23,40,51
357,u,0.0,0.0,4.9,320,198.0,0,0.0,-1,1.0,0.0,720,298.0,0,0,0.0,783.0,339.0,0,0,0.0,727.0,303.0,0.0,0.0,0.0,203,0,4339,1,0.0,0.0,0.0,0.0,0.0,0.0,0.0,0.0,0.0,0.0,0.0,782.0,338.0,0.0,778.0,338.0,0.0,774.0,336.0,0.0,782.0,338.0,,,,35,,Largie,Ramazani,Ramazani,has joined Valencia on loan for the rest of the season.,,0,0,0,0,0,0,0,0,0,0,0,0,0,,,,0.0,0.0,0.0,0.0,0.0,0,0,0
358,a,100.0,100.0,4.8,360,223.0,0,0.0,-2,2.0,0.2,377,128.0,57,6,2.3,304.0,129.0,3,251,3.2,74.0,24.0,0.7,11.9,0.0,58254,68,66215,36,3.2,3.7,1.41,1.33,2.74,16.39,0.12,0.11,0.23,1.36,195.2,296.0,127.0,290.4,131.0,90.0,103.0,270.0,146.0,58.8,249.0,123.0,,,,35,,Tanaka,Ao,Tanaka,,,1081,2,1,3,20,0,0,0,1,0,0,11,113,,,,0.0,0.25,1.67,0.92,9.41,20,30,63
359,u,0.0,0.0,4.5,461,278.0,0,0.0,0,0.0,0.0,804,354.0,0,0,0.0,723.0,293.0,0,0,0.0,633.0,232.0,0.0,0.0,0.0,0,0,976,0,0.0,0.0,0.0,0.0,0.0,0.0,0.0,0.0,0.0,0.0,0.0,718.0,288.0,0.0,713.0,290.0,0.0,697.0,283.0,0.0,719.0,289.0,,,,35,,Charlie,Crew,Crew,Has joined Doncaster Rovers on loan for the rest of the season.,,0,0,0,0,0,0,0,0,0,0,0,0,0,,,,0.0,0.0,0.0,0.0,0.0,0,0,0
360,u,0.0,0.0,4.5,441,263.0,0,0.0,0,0.0,0.0,761,323.0,0,0,0.0,712.0,282.0,0,0,0.0,620.0,220.0,0.0,0.0,0.0,0,0,2907,0,0.0,0.0,0.0,0.0,0.0,0.0,0.0,0.0,0.0,0.0,0.0,706.0,276.0,0.0,702.0,279.0,0.0,685.0,272.0,0.0,708.0,278.0,,,,35,,Joe,Gelhardt,Gelhardt,Has joined Hull City on loan for the rest of the season.,,0,0,0,0,0,0,0,0,0,0,0,0,0,,,,0.0,0.0,0.0,0.0,0.0,0,0,0
361,u,0.0,0.0,4.5,442,264.0,0,0.0,0,0.0,0.0,670,269.0,0,0,0.0,713.0,283.0,0,0,0.0,621.0,221.0,0.0,0.0,0.0,1165,0,8452,0,0.0,0.0,0.0,0.0,0.0,0.0,0.0,0.0,0.0,0.0,0.0,707.0,277.0,0.0,703.0,280.0,0.0,686.0,273.0,0.0,709.0,279.0,,,,35,,Darko,Gyabi,Gyabi,has joined Hull City permanently.,,0,0,0,0,0,0,0,0,0,0,0,0,0,,,,0.0,0.0,0.0,0.0,0.0,0,0,0
362,a,100.0,100.0,4.9,315,58.0,0,0.0,-6,6.0,0.3,307,47.0,15,0,1.1,451.0,55.0,0,37,0.2,346.0,47.0,0.0,3.1,0.0,39770,10,221809,19,0.2,0.7,0.81,0.13,0.94,5.3,0.34,0.05,0.39,2.21,10.6,468.0,55.0,37.9,375.0,49.0,96.0,278.0,49.0,13.9,405.0,52.0,,,3.0,35,,Joël,Piroe,Piroe,,,216,0,0,1,7,0,0,0,0,0,0,2,11,,,,0.0,0.42,2.92,0.83,4.58,1,1,9
363,u,0.0,0.0,4.9,287,57.0,0,0.0,-1,1.0,0.3,316,50.0,0,0,0.0,775.0,86.0,0,0,0.0,710.0,76.0,0.0,0.0,0.0,16144,0,203288,3,0.0,0.0,0.0,0.0,0.0,0.0,0.0,0.0,0.0,0.0,0.0,774.0,86.0,0.0,770.0,85.0,0.0,766.0,85.0,0.0,774.0,86.0,,,,35,,Patrick,Bamford,Bamford,has departed the club as a free agent.,,0,0,0,0,0,0,0,0,0,0,0,0,0,,,,0.0,0.0,0.0,0.0,0.0,0,0,0
364,u,0.0,0.0,5.0,278,56.0,0,0.0,0,0.0,0.0,748,91.0,0,0,0.0,802.0,89.0,0,0,0.0,758.0,81.0,0.0,0.0,0.0,0,0,2429,0,0.0,0.0,0.0,0.0,0.0,0.0,0.0,0.0,0.0,0.0,0.0,801.0,89.0,0.0,799.0,89.0,0.0,794.0,89.0,0.0,801.0,89.0,,,,35,,Mateo,Joseph Fernández-Regatillo,Mateo Joseph,Has joined RCD Mallorca on loan for the rest of the season.,,0,0,0,0,0,0,0,0,0,0,0,0,0,,,,0.0,0.0,0.0,0.0,0.0,0,0,0
365,a,100.0,100.0,5.0,246,52.0,0,0.0,0,0.0,0.6,258,38.0,69,1,2.5,270.0,28.0,8,244,0.8,274.0,37.0,0.2,13.8,0.0,218036,37,230569,99,0.8,1.3,6.85,1.0,7.85,17.86,0.67,0.1,0.77,1.75,264.8,249.0,21.0,105.7,280.0,29.0,396.0,66.0,25.0,76.6,183.0,25.0,,,2.0,35,,Lukas,Nmecha,Nmecha,,,918,6,1,3,20,0,0,1,0,0,0,9,42,,,,0.0,0.29,1.96,0.88,4.12,8,12,22
493,a,100.0,100.0,4.8,349,219.0,0,0.0,-2,2.0,0.2,364,123.0,54,1,2.6,248.0,98.0,5,267,2.5,114.0,43.0,0.5,11.2,0.0,178909,12,183056,16,2.5,3.0,0.98,1.72,2.7,14.63,0.09,0.16,0.25,1.35,285.6,233.0,100.0,394.8,75.0,59.0,90.0,288.0,155.0,77.0,182.0,91.0,2.0,2.0,,35,,Sean,Longstaff,Longstaff,,,972,2,2,1,20,0,0,0,2,0,0,10,105,,,,0.0,0.09,1.85,0.93,9.72,37,28,40
660,a,100.0,100.0,4.8,364,226.0,0,0.0,-2,2.0,1.7,149,49.0,132,10,4.9,16.0,8.0,14,531,2.5,115.0,44.0,0.5,27.5,0.0,1200518,1830,1043416,211,2.5,3.0,2.78,4.36,7.14,30.54,0.11,0.18,0.29,1.25,630.0,52.0,13.0,885.2,5.0,5.0,311.0,93.0,55.0,182.8,21.0,17.0,1.0,1.0,,35,,Anton,Stach,Stach,,,2206,5,6,6,35,0,0,0,3,0,0,26,251,,,,0.0,0.24,1.43,1.06,10.24,59,78,114
665,a,100.0,100.0,4.4,532,26.0,0,0.0,-1,1.0,0.3,344,48.0,43,0,2.7,232.0,27.0,3,153,0.0,564.0,87.0,0.0,9.8,0.0,53921,26,71215,107,0.0,0.5,0.0,0.0,0.0,26.68,0.0,0.0,0.0,1.67,322.4,206.0,21.0,0.0,659.0,85.0,0.0,638.0,75.0,32.2,346.0,22.0,,,,35,,Lucas Estella,Perri,Perri,,,1440,0,0,3,29,0,0,0,2,0,38,16,39,,,,2.38,0.19,1.81,1.0,0.0,0,16,100
691,a,100.0,100.0,5.8,106,31.0,1,-1.0,3,-3.0,13.3,27,7.0,126,6,3.9,72.0,6.0,17,417,4.0,46.0,8.0,0.7,21.7,0.0,4036475,4768,2372101,2698,4.0,4.5,14.15,1.02,15.16,29.4,0.51,0.04,0.55,1.07,542.8,83.0,6.0,268.2,146.0,12.0,961.0,3.0,3.0,176.2,25.0,6.0,,,1.0,35,,Dominic,Calvert-Lewin,Calvert-Lewin,,,2473,12,2,7,32,0,0,1,2,0,0,27,95,,,,0.0,0.25,1.16,0.98,3.46,10,44,41
698,a,100.0,75.0,5.6,129,80.0,0,0.0,1,-1.0,2.6,120,38.0,109,10,3.9,71.0,32.0,11,354,10.2,1.0,1.0,1.8,19.5,0.0,485297,6876,145933,1397,10.2,8.0,5.26,1.32,6.58,24.52,0.3,0.08,0.38,1.42,438.8,139.0,45.0,274.9,144.0,96.0,435.0,55.0,32.0,115.0,88.0,54.0,,,,35,,Noah,Okafor,Okafor,,,1553,8,3,6,26,0,0,0,3,0,0,19,113,,,,0.0,0.35,1.51,1.1,6.55,23,29,61
706,a,100.0,100.0,4.0,677,167.0,1,-1.0,0,0.0,2.1,135,55.0,83,2,3.2,160.0,62.0,9,291,5.5,14.0,5.0,1.4,20.8,0.0,361740,851,106345,652,5.5,6.0,1.63,1.09,2.72,26.03,0.09,0.06,0.15,1.44,412.6,153.0,67.0,163.6,213.0,55.0,202.0,160.0,34.0,78.0,181.0,61.0,3.0,,,35,,James,Justin,Justin,,,1623,2,1,5,22,0,0,0,4,0,0,18,164,,,,0.0,0.28,1.22,1.0,8.71,44,113,62
741,u,0.0,0.0,4.5,496,70.0,0,0.0,0,0.0,0.1,527,73.0,0,0,0.0,749.0,81.0,0,0,0.0,667.0,70.0,0.0,0.0,0.0,27606,0,24785,3,0.0,0.0,0.0,0.0,0.0,0.0,0.0,0.0,0.0,0.0,0.0,747.0,81.0,0.0,740.0,80.0,0.0,727.0,80.0,0.0,747.0,81.0,,,,35,,Harry,Gray,Gray,has joined Rotherham United on loan for the rest of the season.,,0,0,0,0,0,0,0,0,0,0,0,0,0,,,,0.0,0.0,0.0,0.0,0.0,0,0,0
787,a,,,4.4,564,338.0,0,0.0,-1,1.0,0.0,735,306.0,0,0,0.0,687.0,266.0,0,0,0.0,585.0,200.0,0.0,0.0,0.0,2583,6,1528,3,0.0,0.5,0.0,0.0,0.0,0.0,0.0,0.0,0.0,0.0,0.0,680.0,259.0,0.0,675.0,262.0,0.0,656.0,254.0,0.0,682.0,261.0,,,,35,,Sam,Chambers,Chambers,,,0,0,0,0,0,0,0,0,0,0,0,0,0,,,,0.0,0.0,0.0,0.0,0.0,0,0,0
366,d,50.0,50.0,5.4,153,4.0,0,0.0,-1,1.0,5.3,73,11.0,89,0,3.6,107.0,14.0,8,382,0.0,781.0,96.0,0.0,16.5,0.0,691419,17,1488127,591,0.2,0.0,0.0,0.03,0.03,28.02,0.0,0.0,0.0,1.12,468.4,123.0,18.0,0.1,494.0,17.0,0.0,804.0,94.0,46.7,290.0,18.0,,,,35,,Alisson,Becker,A.Becker,Muscle injury - 50% chance of playing,,2250,0,0,8,30,0,0,0,1,0,56,25,63,,,,2.24,0.32,1.2,1.0,0.0,0,37,221
367,i,0.0,0.0,4.1,659,37.0,0,0.0,-4,4.0,0.6,242,32.0,31,0,3.9,66.0,6.0,2,120,2.5,111.0,11.0,0.6,7.6,0.0,189420,8,193646,320,0.0,0.0,0.0,0.0,0.0,10.94,0.0,0.0,0.0,1.43,215.6,280.0,24.0,0.0,627.0,78.0,0.0,598.0,64.0,21.5,384.0,25.0,,,,35,,Giorgi,Mamardashvili,Mamardashvili,Knee injury - Unknown return date,,687,0,0,2,13,0,1,0,0,0,27,8,45,,,,3.54,0.26,1.7,1.05,0.0,0,9,59
368,a,,,3.8,818,96.0,0,0.0,-2,2.0,0.9,208,25.0,0,0,0.0,545.0,41.0,0,0,0.0,392.0,28.0,0.0,0.0,0.0,166421,115,77423,140,0.5,0.0,0.0,0.0,0.0,0.0,0.0,0.0,0.0,0.0,0.0,534.0,41.0,0.0,518.0,21.0,0.0,486.0,7.0,0.0,536.0,41.0,,,,35,,Ármin,Pécsi,Pécsi,,,0,0,0,0,0,0,0,0,0,0,0,0,0,,,,0.0,0.0,0.0,0.0,0.0,0,0,0
369,a,,,3.9,757,76.0,0,0.0,-1,1.0,0.3,305,40.0,4,0,2.0,335.0,32.0,0,27,1.0,225.0,17.0,0.3,1.0,0.0,52259,192,24481,59,1.5,1.0,0.0,0.0,0.0,2.42,0.0,0.0,0.0,1.79,54.0,418.0,33.0,0.0,529.0,30.0,0.0,497.0,16.0,5.4,452.0,33.0,,,,35,,Freddie,Woodman,Woodman,,,122,0,0,0,1,0,0,0,0,0,6,1,0,,,,4.43,0.0,0.74,0.74,0.0,0,2,13
370,a,100.0,100.0,5.7,116,10.0,0,0.0,-3,3.0,5.1,76,25.0,59,0,3.3,156.0,60.0,1,230,2.0,156.0,58.0,0.4,10.4,0.0,708792,120,3411317,521,2.5,2.0,0.46,1.41,1.87,9.8,0.05,0.15,0.2,1.04,120.2,357.0,136.0,214.4,178.0,45.0,143.0,224.0,58.0,47.9,288.0,94.0,,,,35,,Jeremie,Frimpong,Frimpong,,,852,0,5,5,10,0,0,0,1,0,0,10,33,,,,0.0,0.53,1.06,1.06,3.06,10,19,45
371,d,75.0,75.0,5.6,133,14.0,0,0.0,-4,4.0,3.0,109,40.0,81,0,2.7,244.0,96.0,4,342,0.5,311.0,104.0,0.1,14.5,0.0,381975,3,840477,860,0.8,0.4,1.47,0.65,2.12,26.97,0.07,0.03,0.1,1.19,414.6,151.0,66.0,381.7,79.0,16.0,137.0,230.0,60.0,93.6,140.0,45.0,,,,35,,Milos,Kerkez,Kerkez,Knock - 75% chance of playing,,2033,2,1,6,31,0,0,0,4,0,0,25,154,,,,0.0,0.27,1.37,1.11,5.67,40,88,78
372,a,,,5.7,113,9.0,0,0.0,-3,3.0,1.0,194,75.0,53,0,2.4,290.0,108.0,4,208,4.0,45.0,23.0,0.7,9.3,0.0,70778,167,140447,54,4.5,4.0,1.07,1.15,2.21,14.31,0.09,0.1,0.19,1.26,218.2,278.0,113.0,285.4,137.0,37.0,119.0,253.0,69.0,62.5,239.0,81.0,,,,35,,Andrew,Robertson,Robertson,,,1025,1,0,4,13,0,0,0,0,0,0,9,59,,,,0.0,0.35,1.14,0.79,4.3,12,37,36
373,a,,,6.2,70,2.0,0,0.0,2,-2.0,32.3,9,3.0,156,0,4.6,26.0,10.0,10,545,5.2,17.0,7.0,0.8,25.2,0.0,5089575,2339,4264495,6879,5.7,5.2,3.01,1.22,4.23,41.38,0.09,0.04,0.13,1.22,1020.2,3.0,1.0,198.6,189.0,50.0,424.0,56.0,2.0,164.3,30.0,1.0,,,,35,,Virgil,van Dijk,Virgil,,,3060,4,1,10,44,0,0,0,4,0,0,34,347,,,,0.0,0.29,1.29,1.0,9.47,23,299,76
374,a,100.0,100.0,5.5,139,16.0,0,0.0,0,0.0,4.0,95,32.0,125,0,3.9,70.0,27.0,8,512,3.5,68.0,29.0,0.6,22.7,0.0,906388,262,842818,1151,4.0,3.5,1.05,0.93,1.98,34.94,0.03,0.03,0.06,1.14,719.4,34.0,13.0,143.8,236.0,60.0,96.0,280.0,81.0,96.2,131.0,39.0,,,,35,,Ibrahima,Konaté,Konaté,,,2750,1,0,10,36,0,0,0,6,0,0,32,301,,,,0.0,0.33,1.18,1.05,9.03,50,226,104
375,i,0.0,0.0,4.9,332,55.0,0,0.0,-1,1.0,0.1,428,159.0,42,0,2.8,221.0,87.0,2,157,0.0,735.0,254.0,0.0,8.6,0.0,62767,3,72454,4,0.0,0.0,0.18,0.84,1.02,10.77,0.02,0.08,0.1,1.04,157.4,327.0,125.0,105.2,283.0,84.0,62.0,322.0,101.0,32.3,345.0,116.0,,,,35,,Conor,Bradley,Bradley,Knee injury - Expected back 01 Jun,,928,0,2,4,13,0,0,0,5,0,0,12,82,,,,0.0,0.39,1.26,1.16,6.3,19,46,43
376,a,100.0,100.0,4.9,295,46.0,0,0.0,-1,1.0,0.1,423,157.0,32,0,1.8,377.0,141.0,2,97,0.5,302.0,100.0,0.1,6.5,0.0,25117,9,31101,6,1.0,0.5,0.23,0.62,0.85,8.02,0.04,0.11,0.15,1.4,118.6,360.0,137.0,71.6,322.0,110.0,26.0,377.0,130.0,21.7,383.0,133.0,,,,35,,Joe,Gomez,Gomez,,,515,0,2,2,12,0,0,0,2,0,0,6,43,,,,0.0,0.35,2.1,1.05,7.34,9,33,18
377,u,0.0,0.0,4.8,353,58.0,0,0.0,-2,2.0,0.0,598,214.0,0,0,0.0,774.0,263.0,0,0,0.0,705.0,251.0,0.0,0.0,0.0,1669,0,12303,1,0.0,0.0,0.0,0.0,0.0,0.0,0.0,0.0,0.0,0.0,0.0,773.0,263.0,0.0,768.0,263.0,0.0,760.0,263.0,0.0,773.0,263.0,,,,35,,Konstantinos,Tsimikas,Tsimikas,has joined AS Roma on loan for the rest of the season.,,0,0,0,0,0,0,0,0,0,0,0,0,0,,,,0.0,0.0,0.0,0.0,0.0,0,0,0
378,a,100.0,100.0,3.7,830,268.0,0,0.0,-3,3.0,0.9,203,79.0,0,0,0.0,530.0,186.0,0,0,0.0,369.0,128.0,0.0,0.0,0.0,231425,18,145457,128,0.5,0.0,0.0,0.0,0.0,0.0,0.0,0.0,0.0,0.0,0.0,519.0,185.0,0.0,501.0,184.0,0.0,468.0,178.0,0.0,521.0,185.0,,,,35,,Amara,Nallo,Nallo,,,0,0,0,0,0,0,0,0,0,0,0,0,0,,,,0.0,0.0,0.0,0.0,0.0,0,0,0
379,a,,,3.7,822,260.0,0,0.0,-3,3.0,0.5,261,99.0,0,0,0.0,526.0,182.0,0,0,0.0,363.0,122.0,0.0,0.0,0.0,101063,22,66778,71,0.5,0.0,0.0,0.0,0.0,0.0,0.0,0.0,0.0,0.0,0.0,515.0,181.0,0.0,496.0,179.0,0.0,462.0,172.0,0.0,517.0,181.0,,,,35,,Rhys,Williams,R.Williams,,,0,0,0,0,0,0,0,0,0,0,0,0,0,,,,0.0,0.0,0.0,0.0,0.0,0,0,0
380,a,,,3.7,824,262.0,0,0.0,-3,3.0,0.3,345,124.0,0,0,0.0,527.0,183.0,0,0,0.0,365.0,124.0,0.0,0.0,0.0,33210,81,34150,24,0.5,0.0,0.0,0.0,0.0,0.0,0.0,0.0,0.0,0.0,0.0,516.0,182.0,0.0,497.0,180.0,0.0,464.0,174.0,0.0,518.0,182.0,,,,35,,Calvin,Ramsay,Ramsay,,,0,0,0,0,0,0,0,0,0,0,0,0,0,,,,0.0,0.0,0.0,0.0,0.0,0,0,0
381,i,0.0,0.0,14.0,2,1.0,0,0.0,-5,5.0,14.0,26,9.0,116,0,4.6,28.0,12.0,10,364,4.8,24.0,8.0,0.3,8.3,0.0,1585906,29,6132780,2699,0.0,0.0,7.98,4.93,12.91,29.78,0.35,0.22,0.57,1.3,497.6,107.0,33.0,710.6,15.0,15.0,741.0,16.0,7.0,194.9,15.0,11.0,2.0,4.0,1.0,35,,Mohamed,Salah,M.Salah,Muscle injury - Expected back 24 May,,2055,7,6,7,33,0,0,0,1,0,0,22,101,,,,0.0,0.31,1.45,0.96,4.42,16,11,74
382,a,100.0,100.0,8.3,13,8.0,0,0.0,-2,2.0,9.1,41,14.0,121,0,4.0,64.0,30.0,17,506,4.0,49.0,15.0,0.5,14.6,0.0,2338109,922,4917109,1288,4.5,4.0,6.05,5.03,11.07,30.17,0.24,0.2,0.44,1.21,512.8,98.0,32.0,864.8,8.0,8.0,629.0,25.0,11.0,200.6,13.0,10.0,4.0,5.0,,35,,Florian,Wirtz,Wirtz,,,2243,5,4,10,27,0,0,0,1,0,0,26,163,,,,0.0,0.4,1.08,1.04,6.54,31,25,107
383,u,0.0,0.0,8.0,17,12.0,0,0.0,0,0.0,0.0,607,231.0,0,0,0.0,829.0,372.0,0,0,0.0,826.0,371.0,0.0,0.0,0.0,0,0,7374,0,0.0,0.0,0.0,0.0,0.0,0.0,0.0,0.0,0.0,0.0,0.0,829.0,372.0,0.0,829.0,372.0,0.0,829.0,372.0,0.0,829.0,372.0,,,,35,,Luis,Díaz Marulanda,Luis Díaz,Has joined Bayern Munch permanently.,,0,0,0,0,0,0,0,0,0,0,0,0,0,,,,0.0,0.0,0.0,0.0,0.0,0,0,0
384,a,100.0,100.0,7.3,29,18.0,0,0.0,-2,2.0,5.6,71,24.0,119,0,3.7,99.0,42.0,5,423,3.2,80.0,28.0,0.4,16.3,0.0,3507236,155,3887699,891,3.7,3.2,7.08,4.6,11.68,28.79,0.26,0.17,0.43,1.08,486.8,113.0,35.0,657.7,24.0,23.0,762.0,11.0,5.0,190.5,19.0,15.0,3.0,,3.0,35,,Cody,Gakpo,Gakpo,,,2407,6,5,10,31,0,0,0,2,0,0,28,136,,,,0.0,0.37,1.16,1.05,5.09,27,31,78
385,a,100.0,100.0,6.3,67,44.0,0,0.0,-2,2.0,0.3,339,116.0,34,0,1.5,417.0,181.0,0,125,0.0,817.0,365.0,0.0,5.4,0.0,56987,6,70078,12,0.5,0.0,1.36,0.61,1.97,5.41,0.44,0.2,0.64,1.76,119.8,359.0,161.0,46.9,363.0,187.0,147.0,221.0,121.0,31.1,349.0,168.0,,,,35,,Federico,Chiesa,Chiesa,,,277,2,1,0,7,0,0,0,3,0,0,1,29,,,,0.0,0.0,2.27,0.32,9.42,8,13,8
386,a,100.0,100.0,6.2,73,48.0,0,0.0,-3,3.0,1.9,140,46.0,100,0,3.0,204.0,82.0,9,442,3.8,59.0,19.0,0.6,16.1,0.0,380911,151,392898,470,4.3,3.8,3.41,1.4,4.81,30.72,0.13,0.05,0.18,1.21,430.8,143.0,47.0,478.6,50.0,43.0,313.0,92.0,54.0,122.3,77.0,48.0,,,4.0,35,,Alexis,Mac Allister,Mac Allister,,,2294,2,5,7,32,0,0,0,5,0,0,27,203,,,,0.0,0.27,1.26,1.06,7.96,45,59,99
387,a,100.0,100.0,7.0,37,22.0,-1,1.0,5,-5.0,12.2,31,11.0,134,0,4.2,47.0,21.0,17,661,2.8,105.0,41.0,0.4,19.1,0.0,3180869,842,2015573,6516,3.3,2.8,4.01,5.6,9.61,39.38,0.13,0.18,0.31,1.23,728.0,30.0,8.0,1068.3,2.0,2.0,336.0,84.0,48.0,213.2,8.0,5.0,1.0,2.0,2.0,35,,Dominik,Szoboszlai,Szoboszlai,,,2872,5,4,9,43,0,0,1,8,1,0,32,313,,,,0.0,0.28,1.35,1.0,9.81,50,92,171
388,a,100.0,100.0,5.4,162,101.0,0,0.0,-1,1.0,0.1,461,158.0,66,0,2.2,318.0,138.0,3,359,3.0,87.0,32.0,0.6,12.2,0.0,30806,19,35876,13,3.5,3.0,1.49,2.58,4.07,25.19,0.09,0.15,0.24,1.45,306.8,219.0,91.0,354.4,92.0,68.0,187.0,174.0,95.0,84.8,160.0,84.0,,,,35,,Curtis,Jones,C.Jones,,,1563,0,3,3,28,0,0,0,1,0,0,14,199,,,,0.0,0.17,1.61,0.81,11.46,34,42,123
390,a,100.0,100.0,5.4,168,105.0,0,0.0,-1,1.0,3.9,98,33.0,128,0,4.0,61.0,28.0,14,597,1.0,243.0,110.0,0.2,23.7,0.0,2079665,88,1720408,1206,1.5,1.0,1.66,2.1,3.76,33.59,0.06,0.07,0.13,1.13,607.6,57.0,15.0,438.5,60.0,50.0,174.0,186.0,103.0,121.7,78.0,49.0,,,,35,,Ryan,Gravenberch,Gravenberch,,,2664,4,5,9,35,0,0,0,5,0,0,30,275,,,,0.0,0.3,1.18,1.01,9.29,53,102,120
392,i,0.0,0.0,4.9,292,181.0,0,0.0,-1,1.0,0.1,522,190.0,12,0,1.5,412.0,177.0,0,49,0.0,713.0,293.0,0.0,2.4,0.0,7404,1,15456,2,0.0,0.0,0.04,0.05,0.09,4.11,0.02,0.03,0.05,2.18,56.0,415.0,180.0,18.1,408.0,203.0,6.0,435.0,210.0,8.0,433.0,195.0,,,,35,,Endo,Wataru,Endo,Foot injury - Expected back 24 May,,170,0,1,1,5,0,0,0,1,0,0,1,23,,,,0.0,0.53,2.65,0.53,12.18,7,13,3
393,i,0.0,0.0,4.2,646,372.0,0,0.0,-3,3.0,0.1,462,159.0,0,0,0.0,651.0,244.0,0,0,0.0,524.0,169.0,0.0,0.0,0.0,22998,154,16233,52,0.0,0.0,0.0,0.0,0.0,0.0,0.0,0.0,0.0,0.0,0.0,642.0,234.0,0.0,636.0,239.0,0.0,611.0,226.0,0.0,644.0,236.0,,,,35,,Stefan,Bajčetić Maquieira,Bajcetic,Hamstring injury - Unknown return date,,0,0,0,0,0,0,0,0,0,0,0,0,0,,,,0.0,0.0,0.0,0.0,0.0,0,0,0
394,u,0.0,0.0,4.4,551,329.0,0,0.0,-1,1.0,0.0,686,275.0,0,0,0.0,678.0,260.0,0,0,0.0,574.0,192.0,0.0,0.0,0.0,1737,0,4122,0,0.0,0.0,0.0,0.0,0.0,0.0,0.0,0.0,0.0,0.0,0.0,670.0,252.0,0.0,666.0,256.0,0.0,645.0,246.0,0.0,672.0,254.0,,,,35,,James,McConnell,McConnell,has joined Ajax on loan for the rest of the season.,,0,0,0,0,0,0,0,0,0,0,0,0,0,,,,0.0,0.0,0.0,0.0,0.0,0,0,0
395,u,0.0,0.0,4.5,433,257.0,0,0.0,0,0.0,0.0,810,358.0,0,0,0.0,705.0,276.0,0,0,0.0,613.0,214.0,0.0,0.0,0.0,0,0,361,0,0.0,0.0,0.0,0.0,0.0,0.0,0.0,0.0,0.0,0.0,0.0,699.0,270.0,0.0,695.0,273.0,0.0,678.0,266.0,0.0,701.0,272.0,,,,35,,Tyler,Morton,Morton,Has joined Lyon permanently.,,0,0,0,0,0,0,0,0,0,0,0,0,0,,,,0.0,0.0,0.0,0.0,0.0,0,0,0
396,a,,,4.3,615,363.0,0,0.0,-2,2.0,0.3,325,111.0,5,0,1.0,474.0,207.0,0,9,0.2,330.0,153.0,0.0,1.2,0.0,99026,7,86540,15,0.7,0.2,0.37,0.01,0.38,0.41,2.38,0.06,2.44,2.64,2.4,495.0,227.0,12.7,421.0,209.0,4.0,439.0,213.0,1.8,477.0,214.0,,,,35,,Trey,Nyoni,Nyoni,,,14,0,0,0,1,0,0,0,0,0,0,0,2,,,,0.0,0.0,6.43,0.0,12.86,0,0,2
397,u,0.0,0.0,6.5,50,18.0,0,0.0,0,0.0,0.1,558,78.0,0,0,0.0,825.0,92.0,0,0,0.0,821.0,91.0,0.0,0.0,0.0,0,0,15988,1,0.0,0.0,0.0,0.0,0.0,0.0,0.0,0.0,0.0,0.0,0.0,825.0,92.0,0.0,825.0,92.0,0.0,825.0,92.0,0.0,825.0,92.0,,,,35,,Darwin,Núñez Ribeiro,Darwin,Has joined Al-Hilal permanently.,,0,0,0,0,0,0,0,0,0,0,0,0,0,,,,0.0,0.0,0.0,0.0,0.0,0,0,0
398,i,0.0,0.0,4.3,604,85.0,0,0.0,-2,2.0,0.1,480,68.0,0,0,0.0,659.0,67.0,0,0,0.0,543.0,55.0,0.0,0.0,0.0,9529,3,20236,3,0.0,0.0,0.0,0.0,0.0,0.0,0.0,0.0,0.0,0.0,0.0,649.0,67.0,0.0,644.0,66.0,0.0,621.0,66.0,0.0,651.0,67.0,,,,35,,Jayden,Danns,Danns,Hamstring injury - Unknown return date,,0,0,0,0,0,0,0,0,0,0,0,0,0,,,,0.0,0.0,0.0,0.0,0.0,0,0,0
499,a,100.0,100.0,10.3,5,2.0,0,0.0,-2,2.0,4.3,90,17.0,40,0,3.1,193.0,21.0,4,136,2.8,107.0,17.0,0.3,3.9,0.0,1930654,1233,2447552,829,3.3,2.8,2.59,0.07,2.66,8.29,0.35,0.01,0.36,1.11,144.2,337.0,34.0,38.9,373.0,48.0,183.0,178.0,40.0,35.8,336.0,41.0,,,,35,,Alexander,Isak,Isak,,,671,3,1,1,9,0,0,0,0,0,0,8,28,,,,0.0,0.13,1.21,1.07,3.76,6,10,12
487,a,,,6.1,81,53.0,0,0.0,-4,4.0,1.0,195,68.0,87,0,2.6,259.0,108.0,8,276,1.0,248.0,112.0,0.2,14.3,0.0,762538,75,712001,318,1.0,0.5,6.1,2.32,8.42,27.95,0.31,0.12,0.43,1.41,308.8,216.0,90.0,334.3,103.0,74.0,607.0,27.0,12.0,124.6,73.0,45.0,,,,35,,Harvey,Barnes,Barnes,,,1781,5,0,5,28,0,0,0,1,0,0,18,96,,,,0.0,0.25,1.41,0.91,4.85,13,20,63
661,i,0.0,0.0,9.0,7,3.0,-1,1.0,5,-5.0,17.1,18,4.0,125,0,4.5,34.0,5.0,22,433,0.0,829.0,93.0,0.0,13.9,0.0,9186856,11,9449385,7547,0.0,0.0,10.1,2.45,12.55,26.11,0.51,0.12,0.63,1.31,525.8,89.0,7.0,307.2,121.0,7.0,739.0,18.0,10.0,156.2,35.0,7.0,,,,35,,Hugo,Ekitiké,Ekitiké,Achilles injury - Expected back 01 Jul,,1797,11,4,7,25,0,0,0,0,0,0,21,85,,,,0.0,0.35,1.25,1.05,4.26,11,32,42
686,a,,,4.3,620,367.0,0,0.0,-2,2.0,1.1,191,66.0,32,0,2.1,327.0,143.0,3,148,3.0,81.0,29.0,0.7,7.4,0.0,320402,482,213396,342,3.5,3.0,1.04,1.75,2.79,5.44,0.31,0.52,0.83,1.61,140.6,340.0,152.0,154.3,224.0,144.0,162.0,196.0,107.0,45.6,299.0,147.0,,,,35,,Rio,Ngumoha,Ngumoha,,,304,2,0,2,5,0,0,0,0,0,0,2,18,,,,0.0,0.59,1.48,0.59,5.33,2,4,12
692,i,0.0,0.0,4.9,344,57.0,0,0.0,-1,1.0,0.0,722,251.0,0,0,0.0,793.0,264.0,0,0,0.0,741.0,255.0,0.0,0.0,0.0,1964,2,2599,0,0.0,0.0,0.0,0.0,0.0,0.0,0.0,0.0,0.0,0.0,0.0,792.0,264.0,0.0,788.0,264.0,0.0,784.0,264.0,0.0,792.0,264.0,,,,35,,Giovanni,Leoni,Leoni,Knee injury - Expected back 01 Sep,,0,0,0,0,0,0,0,0,0,0,0,0,0,,,,0.0,0.0,0.0,0.0,0.0,0,0,0
760,a,,,4.0,717,187.0,0,0.0,0,0.0,0.0,681,240.0,0,0,0.0,617.0,227.0,0,0,0.0,477.0,185.0,0.0,0.0,0.0,1309,3,1188,2,0.5,0.0,0.0,0.0,0.0,0.0,0.0,0.0,0.0,0.0,0.0,607.0,227.0,0.0,600.0,227.0,0.0,569.0,223.0,0.0,609.0,227.0,,,,35,,Wellity,Lucky,Lucky,,,0,0,0,0,0,0,0,0,0,0,0,0,0,,,,0.0,0.0,0.0,0.0,0.0,0,0,0
830,a,,,4.5,519,75.0,0,0.0,0,0.0,0.0,819,93.0,0,0,0.0,766.0,85.0,0,0,0.0,688.0,75.0,0.0,0.0,0.0,96,10,11,1,0.5,0.0,0.0,0.0,0.0,0.0,0.0,0.0,0.0,0.0,0.0,765.0,85.0,0.0,758.0,84.0,0.0,746.0,84.0,0.0,765.0,85.0,,,,35,,Will,Wright,Wright,,,0,0,0,0,0,0,0,0,0,0,0,0,0,,,,0.0,0.0,0.0,0.0,0.0,0,0,0
82,a,100.0,100.0,8.1,15,10.0,-1,1.0,11,-11.0,50.2,2,1.0,181,0,5.7,5.0,2.0,17,602,1.8,179.0,79.0,0.2,22.3,0.0,12741716,7091,7899695,6037,4.6,2.3,10.54,2.67,13.2,43.94,0.33,0.08,0.41,1.4,816.8,11.0,3.0,538.4,38.0,35.0,922.0,5.0,1.0,227.6,5.0,3.0,,4.0,,35,,Antoine,Semenyo,Semenyo,,,2834,15,6,10,48,0,0,1,7,0,0,32,218,,,,0.0,0.32,1.52,1.02,6.92,42,43,133
182,a,,,4.5,431,23.0,0,0.0,-5,5.0,0.9,201,24.0,11,0,3.7,88.0,11.0,0,62,0.0,611.0,90.0,0.0,2.4,0.0,101082,9,275244,22,1.0,0.5,0.0,0.0,0.0,3.97,0.0,0.0,0.0,1.32,100.2,379.0,28.0,0.0,693.0,88.0,0.0,676.0,78.0,10.1,422.0,28.0,,,,35,,James,Trafford,Trafford,,,270,0,0,1,4,0,0,0,0,0,11,3,41,,,,3.67,0.33,1.33,1.0,0.0,2,6,33
260,a,100.0,100.0,5.1,229,33.0,0,0.0,6,-6.0,32.7,8,2.0,158,0,5.1,12.0,3.0,13,605,5.8,9.0,4.0,1.1,31.0,0.0,6534791,4721,4145724,2712,12.6,6.3,3.84,2.23,6.07,38.9,0.12,0.07,0.19,1.25,798.4,12.0,5.0,263.9,149.0,38.0,382.0,72.0,3.0,144.5,49.0,6.0,,,,35,,Marc,Guéhi,Guéhi,,,2790,3,4,12,31,0,0,0,6,0,0,31,285,,,,0.0,0.39,1.0,1.0,8.06,41,209,126
399,u,0.0,0.0,5.3,181,5.0,0,0.0,-2,2.0,0.8,213,27.0,0,0,0.0,807.0,96.0,0,0,0.0,775.0,95.0,0.0,0.0,0.0,15200,0,273866,9,0.0,0.0,0.0,0.0,0.0,0.0,0.0,0.0,0.0,0.0,0.0,806.0,96.0,0.0,805.0,95.0,0.0,802.0,93.0,0.0,806.0,96.0,,,,35,,Ederson,Santana de Moraes,Ederson M.,has joined Fenerbache permanently.,,0,0,0,0,0,0,0,0,0,0,0,0,0,,,,0.0,0.0,0.0,0.0,0.0,0,0,0
401,a,100.0,100.0,3.8,795,94.0,0,0.0,-2,2.0,0.4,294,38.0,0,0,0.0,533.0,40.0,0,0,0.0,373.0,26.0,0.0,0.0,0.0,70028,22,51527,153,1.0,0.5,0.0,0.0,0.0,0.0,0.0,0.0,0.0,0.0,0.0,522.0,40.0,0.0,504.0,19.0,0.0,471.0,5.0,0.0,524.0,40.0,,,,35,,Marcus,Bettinelli,Bettinelli,,,0,0,0,0,0,0,0,0,0,0,0,0,0,,,,0.0,0.0,0.0,0.0,0.0,0,0,0
402,a,100.0,100.0,5.7,117,11.0,0,0.0,-3,3.0,4.2,94,31.0,53,0,3.5,126.0,46.0,9,215,2.2,140.0,51.0,0.4,9.3,0.0,656394,243,2475521,332,5.4,2.7,0.48,1.74,2.22,11.22,0.05,0.18,0.23,1.16,184.6,304.0,118.0,184.3,195.0,51.0,70.0,308.0,94.0,43.9,302.0,101.0,,,,35,,Rayan,Aït-Nouri,Aït-Nouri,,,868,0,2,4,8,0,0,0,2,0,0,11,70,,,,0.0,0.41,0.83,1.14,6.43,31,31,46
403,i,0.0,0.0,5.8,109,7.0,0,0.0,-2,2.0,3.2,105,38.0,77,0,4.8,22.0,7.0,5,291,0.0,807.0,266.0,0.0,13.3,0.0,1374782,6,2197952,89,0.0,0.0,2.19,0.64,2.83,15.29,0.15,0.04,0.19,1.06,354.6,191.0,79.0,104.7,284.0,85.0,193.0,169.0,38.0,65.3,228.0,80.0,,,,35,,Joško,Gvardiol,Gvardiol,Leg injury - Unknown return date,,1301,2,2,6,13,0,0,0,2,0,0,15,115,,,,0.0,0.42,0.9,1.04,6.85,17,82,48
404,u,0.0,0.0,5.4,163,19.0,0,0.0,-1,1.0,0.3,349,127.0,0,0,0.0,810.0,267.0,0,0,0.0,786.0,261.0,0.0,0.0,0.0,9281,0,85706,3,0.0,0.0,0.0,0.0,0.0,0.0,0.0,0.0,0.0,0.0,0.0,809.0,267.0,0.0,808.0,267.0,0.0,806.0,267.0,0.0,809.0,267.0,,,,35,,Manuel,Akanji,Akanji,has joined Inter Milan on loan for the rest of the season.,,0,0,0,0,0,0,0,0,0,0,0,0,0,,,,0.0,0.0,0.0,0.0,0.0,0,0,0
405,a,,,5.2,201,27.0,0,0.0,-3,3.0,0.6,247,94.0,28,0,1.9,356.0,131.0,1,117,0.2,350.0,119.0,0.0,5.4,0.0,47138,14,89079,19,1.4,0.7,0.28,0.44,0.72,7.92,0.05,0.08,0.13,1.46,104.0,373.0,140.0,93.1,296.0,93.0,25.0,379.0,132.0,22.3,382.0,132.0,,,,35,,Nathan,Aké,Aké,,,488,0,0,2,7,0,0,0,1,0,0,4,42,,,,0.0,0.37,1.29,0.74,7.19,9,30,12
406,a,100.0,100.0,5.4,180,21.0,0,0.0,-1,1.0,0.6,238,91.0,56,0,3.1,190.0,76.0,3,249,5.2,16.0,6.0,1.0,10.4,0.0,99653,745,85224,100,11.4,5.7,0.58,0.37,0.95,15.45,0.05,0.03,0.08,1.2,246.6,255.0,101.0,100.0,289.0,89.0,19.0,395.0,141.0,36.8,334.0,112.0,,,,35,,Abdukodir,Khusanov,Khusanov,,,1157,0,0,5,9,0,0,0,2,0,0,12,115,,,,0.0,0.39,0.7,0.93,8.25,23,83,60
407,a,100.0,100.0,5.3,193,22.0,0,0.0,-2,2.0,2.9,111,42.0,145,0,4.8,21.0,6.0,16,625,4.2,35.0,20.0,0.8,27.4,0.0,1035614,982,751472,506,9.4,4.7,0.34,2.12,2.46,29.48,0.01,0.08,0.09,1.05,635.6,51.0,24.0,490.6,47.0,5.0,119.0,252.0,68.0,124.8,72.0,14.0,,,4.0,35,,Matheus,Nunes,Matheus N.,,,2534,1,8,11,24,0,0,0,4,0,0,28,212,,,,0.0,0.39,0.85,0.99,6.18,51,123,144
408,i,0.0,0.0,5.5,137,15.0,0,0.0,0,0.0,3.1,106,39.0,112,0,4.5,30.0,12.0,4,447,0.0,797.0,263.0,0.0,20.4,0.0,954771,5,1100267,234,0.0,0.0,0.57,0.63,1.2,24.3,0.03,0.03,0.06,1.07,549.2,79.0,36.0,139.5,239.0,61.0,96.0,279.0,80.0,78.6,177.0,59.0,,,,35,,Rúben,dos Santos Gato Alves Dias,Rúben,Thigh injury - Unknown return date,,2049,2,0,12,20,0,0,0,3,0,0,23,188,,,,0.0,0.53,0.88,1.01,7.2,13,151,71
409,a,100.0,100.0,5.4,152,17.0,0,0.0,-1,1.0,0.6,256,97.0,12,0,1.7,397.0,146.0,0,45,0.0,780.0,260.0,0.0,2.2,0.0,52495,26,111322,12,1.0,0.5,0.0,0.06,0.06,5.05,0.0,0.02,0.02,1.29,76.6,397.0,149.0,19.6,405.0,148.0,2.0,459.0,170.0,9.8,425.0,152.0,,,,35,,John,Stones,Stones,,,351,0,0,1,8,0,0,0,0,0,0,4,34,,,,0.0,0.26,2.05,1.03,4.87,0,19,17
410,a,100.0,100.0,4.6,402,70.0,0,0.0,-4,4.0,1.2,183,70.0,19,0,1.9,352.0,130.0,2,75,0.0,693.0,249.0,0.0,4.1,0.0,371536,33,467366,37,1.0,0.5,0.11,1.31,1.42,5.04,0.03,0.38,0.41,1.46,67.4,406.0,152.0,97.3,291.0,90.0,43.0,346.0,113.0,20.7,385.0,134.0,,,,35,,Rico,Lewis,Lewis,,,311,0,1,1,5,0,0,0,1,0,0,3,23,,,,0.0,0.29,1.45,0.87,5.5,5,14,10
411,a,100.0,100.0,5.2,213,30.0,0,0.0,2,-2.0,17.9,15,5.0,152,0,4.9,17.0,5.0,10,540,6.8,4.0,2.0,1.3,29.2,0.0,4169434,15356,1922605,387,14.6,7.3,5.21,2.41,7.62,29.97,0.2,0.09,0.29,1.14,617.0,54.0,26.0,381.9,78.0,15.0,502.0,40.0,1.0,150.1,41.0,4.0,,,,35,,Nico,O'Reilly,O'Reilly,,,2373,5,4,13,21,0,0,0,4,0,0,26,182,,,,0.0,0.49,0.8,0.99,6.07,65,95,93
412,u,0.0,0.0,5.0,282,43.0,0,0.0,0,0.0,0.0,787,263.0,0,0,0.0,806.0,266.0,0,0,0.0,762.0,257.0,0.0,0.0,0.0,0,0,855,0,0.0,0.0,0.0,0.0,0.0,0.0,0.0,0.0,0.0,0.0,0.0,805.0,266.0,0.0,803.0,266.0,0.0,798.0,266.0,0.0,805.0,266.0,,,,35,,Vitor,de Oliveira Nunes dos Reis,Vitor Reis,Has joined Girona on loan for the rest of the season.,,0,0,0,0,0,0,0,0,0,0,0,0,0,,,,0.0,0.0,0.0,0.0,0.0,0,0,0
413,a,100.0,100.0,8.3,12,7.0,0,0.0,-2,2.0,2.5,125,41.0,40,0,2.4,295.0,127.0,4,122,0.0,827.0,372.0,0.0,4.8,0.0,289786,104,1304065,115,1.0,0.5,2.22,0.68,2.9,6.58,0.35,0.11,0.46,1.05,132.2,347.0,157.0,146.4,233.0,149.0,229.0,134.0,79.0,50.4,283.0,143.0,4.0,1.0,2.0,35,,Omar,Marmoush,Marmoush,,,566,1,3,3,5,0,0,0,2,0,0,7,32,,,,0.0,0.48,0.8,1.11,5.09,12,6,14
414,a,100.0,100.0,8.0,16,11.0,0,0.0,0,0.0,7.7,54,18.0,114,0,4.1,57.0,25.0,10,497,0.5,320.0,149.0,0.1,14.2,0.0,6181016,110,5605157,623,2.0,1.0,5.34,4.02,9.36,22.55,0.26,0.2,0.46,1.11,513.0,97.0,31.0,798.2,10.0,10.0,443.0,51.0,30.0,175.2,26.0,20.0,5.0,,,35,,Phil,Foden,Foden,,,1827,7,3,10,16,0,0,0,4,0,0,21,140,,,,0.0,0.49,0.79,1.03,6.9,30,23,87
415,a,100.0,100.0,6.9,40,24.0,0,0.0,-1,1.0,0.4,288,99.0,30,0,1.5,420.0,183.0,0,101,0.8,286.0,134.0,0.1,4.3,0.0,36046,33,115312,5,2.6,1.3,1.91,1.27,3.18,7.42,0.29,0.19,0.48,1.11,91.4,385.0,171.0,146.3,234.0,150.0,259.0,117.0,68.0,49.6,286.0,145.0,,,,35,,Sávio,Moreira de Oliveira,Savinho,,,602,0,2,2,5,0,0,0,2,0,0,5,51,,,,0.0,0.3,0.75,0.75,7.62,7,11,33
416,a,100.0,100.0,6.2,72,47.0,0,0.0,-3,3.0,0.7,236,83.0,91,0,2.8,227.0,91.0,4,470,2.5,123.0,48.0,0.4,14.7,0.0,121477,315,151277,85,6.0,3.0,2.24,3.68,5.91,30.85,0.08,0.13,0.21,1.11,461.2,125.0,41.0,717.3,14.0,14.0,297.0,99.0,60.0,147.7,45.0,31.0,1.0,,,35,,Bernardo,Mota Veiga de Carvalho e Silva,Bernardo,,,2502,2,4,11,25,0,0,0,9,0,0,29,223,,,,0.0,0.4,0.9,1.04,8.02,42,55,126
417,a,100.0,100.0,6.5,53,34.0,0,0.0,0,0.0,15.5,22,8.0,123,0,4.4,36.0,16.0,16,533,5.8,13.0,6.0,0.9,18.9,0.0,3986371,22191,3010422,319,12.6,6.3,3.74,8.07,11.81,19.62,0.22,0.47,0.69,1.14,551.0,78.0,25.0,879.2,6.0,6.0,516.0,37.0,21.0,194.8,16.0,12.0,3.0,2.0,,35,,Rayan,Cherki,Cherki,,,1546,4,11,8,14,0,0,0,1,0,0,17,126,,,,0.0,0.47,0.82,0.99,7.34,24,15,87
418,a,100.0,100.0,6.4,56,35.0,0,0.0,-1,1.0,2.7,116,36.0,90,0,3.6,112.0,49.0,9,390,4.0,47.0,13.0,0.6,14.1,0.0,2195816,1313,2111065,146,9.0,4.5,2.26,5.0,7.26,18.39,0.14,0.31,0.45,1.12,377.2,174.0,65.0,663.8,21.0,20.0,476.0,44.0,26.0,151.5,39.0,28.0,,,3.0,35,,Jérémy,Doku,Doku,,,1474,2,8,7,14,0,0,0,0,0,0,16,111,,,,0.0,0.43,0.85,0.98,6.78,19,12,80
488,a,100.0,100.0,6.8,43,27.0,0,0.0,3,-3.0,4.8,80,26.0,138,1,5.3,7.0,3.0,19,612,1.0,253.0,117.0,0.1,20.3,0.0,4121399,881,3841691,495,1.0,0.5,5.05,3.98,9.03,27.37,0.21,0.17,0.38,1.15,704.4,38.0,10.0,680.2,19.0,18.0,399.0,62.0,36.0,178.5,23.0,19.0,3.0,5.0,2.0,35,,Bruno,Guimarães Rodriguez Moura,Bruno G.,,,2144,9,6,6,33,0,0,0,5,0,0,24,210,,,,0.0,0.25,1.39,1.01,8.83,54,46,110
489,a,100.0,100.0,5.9,88,56.0,0,0.0,-6,6.0,0.6,244,86.0,73,4,2.4,292.0,124.0,2,290,2.0,157.0,66.0,0.3,12.4,0.0,168041,33,352161,47,2.0,1.5,3.05,2.57,5.62,21.49,0.19,0.16,0.35,1.34,279.0,239.0,102.0,340.5,100.0,71.0,323.0,89.0,52.0,93.2,143.0,77.0,,,,35,,Jacob,Murphy,J.Murphy,,,1442,3,2,7,18,0,0,0,2,0,0,17,78,,,,0.0,0.44,1.13,1.06,4.88,15,20,43
490,a,100.0,100.0,5.9,91,59.0,0,0.0,-1,1.0,0.3,332,113.0,68,1,2.6,258.0,107.0,2,284,0.5,313.0,144.0,0.1,11.5,0.0,81437,25,110943,18,0.5,0.0,2.09,1.15,3.24,26.3,0.11,0.06,0.17,1.32,304.6,220.0,92.0,262.6,151.0,101.0,311.0,94.0,56.0,87.9,152.0,80.0,,,,35,,Joelinton Cássio,Apolinário de Lira,Joelinton,,,1793,2,1,5,25,0,0,0,10,0,0,22,216,,,,0.0,0.25,1.26,1.11,10.86,38,69,109
491,a,100.0,100.0,5.3,189,119.0,0,0.0,-2,2.0,1.1,190,65.0,78,1,2.4,289.0,123.0,2,437,1.8,170.0,73.0,0.3,14.7,0.0,226114,105,330420,117,1.8,1.3,1.69,2.64,4.33,33.42,0.07,0.1,0.17,1.3,365.2,184.0,72.0,475.2,52.0,45.0,186.0,175.0,96.0,103.0,110.0,64.0,1.0,3.0,,35,,Sandro,Tonali,Tonali,,,2325,0,2,7,36,0,0,0,3,0,0,29,233,,,,0.0,0.27,1.4,1.12,9.03,32,66,135
492,u,0.0,0.0,4.9,343,214.0,0,0.0,-1,1.0,0.0,683,274.0,0,0,0.0,792.0,346.0,0,0,0.0,740.0,313.0,0.0,0.0,0.0,655,0,3587,0,0.0,0.0,0.0,0.0,0.0,0.0,0.0,0.0,0.0,0.0,0.0,791.0,345.0,0.0,787.0,345.0,0.0,783.0,343.0,0.0,791.0,345.0,,,,35,,Antoñito,Cordero Campillo,Antoñito C.,has joined Cadiz on loan for the rest of the season.,,0,0,0,0,0,0,0,0,0,0,0,0,0,,,,0.0,0.0,0.0,0.0,0.0,0,0,0
494,a,100.0,100.0,5.0,248,149.0,0,0.0,0,0.0,0.1,502,181.0,31,1,1.4,427.0,186.0,0,131,0.8,275.0,126.0,0.2,6.2,0.0,14522,11,13859,13,0.8,0.3,0.86,0.66,1.52,14.56,0.1,0.07,0.17,1.64,103.6,374.0,167.0,160.0,218.0,140.0,130.0,239.0,131.0,39.3,322.0,157.0,,,,35,,Joe,Willock,Willock,,,801,0,1,3,14,0,0,0,3,0,0,9,80,,,,0.0,0.34,1.58,1.02,9.02,18,13,49
495,u,0.0,0.0,4.5,414,251.0,0,0.0,0,0.0,0.0,776,333.0,0,0,0.0,697.0,271.0,0,0,0.0,600.0,208.0,0.0,0.0,0.0,0,0,1612,0,0.0,0.0,0.0,0.0,0.0,0.0,0.0,0.0,0.0,0.0,0.0,691.0,265.0,0.0,686.0,268.0,0.0,667.0,260.0,0.0,693.0,267.0,,,,35,,Isaac,Hayden,Hayden,Has departed the club as a free agent.,,0,0,0,0,0,0,0,0,0,0,0,0,0,,,,0.0,0.0,0.0,0.0,0.0,0,0,0
496,u,0.0,0.0,4.4,563,337.0,0,0.0,-1,1.0,0.0,641,247.0,0,0,0.0,686.0,265.0,0,0,0.0,584.0,199.0,0.0,0.0,0.0,2219,0,7438,0,0.0,0.0,0.0,0.0,0.0,0.0,0.0,0.0,0.0,0.0,0.0,679.0,258.0,0.0,674.0,261.0,0.0,655.0,253.0,0.0,681.0,260.0,,,,35,,Garang,Kuol,Kuol,has joined Sparta Prague permanently.,,0,0,0,0,0,0,0,0,0,0,0,0,0,,,,0.0,0.0,0.0,0.0,0.0,0,0,0
497,a,100.0,100.0,4.4,561,336.0,0,0.0,-1,1.0,1.9,142,47.0,71,1,3.1,182.0,71.0,5,328,3.2,72.0,23.0,0.7,16.1,0.0,674771,645,729062,201,3.2,2.7,1.36,2.07,3.43,19.87,0.09,0.13,0.22,1.26,324.8,204.0,86.0,246.1,160.0,107.0,136.0,231.0,127.0,70.7,212.0,102.0,,,,35,,Lewis,Miley,L.Miley,,,1426,1,4,2,21,0,0,0,0,0,0,15,149,,,,0.0,0.13,1.33,0.95,9.42,29,51,69
498,u,0.0,0.0,4.5,440,262.0,0,0.0,0,0.0,0.0,780,337.0,0,0,0.0,711.0,281.0,0,0,0.0,619.0,219.0,0.0,0.0,0.0,117,0,1260,0,0.0,0.0,0.0,0.0,0.0,0.0,0.0,0.0,0.0,0.0,0.0,705.0,275.0,0.0,701.0,278.0,0.0,684.0,271.0,0.0,707.0,277.0,,,,35,,Joe,White,White,has joined Bradford City on loan for the rest of the season.,,0,0,0,0,0,0,0,0,0,0,0,0,0,,,,0.0,0.0,0.0,0.0,0.0,0,0,0
500,a,100.0,100.0,5.4,178,42.0,0,0.0,-1,1.0,0.6,250,35.0,55,5,2.6,257.0,26.0,7,205,6.0,7.0,2.0,1.1,10.2,0.0,137566,450,103026,308,6.0,5.5,2.44,0.15,2.59,10.95,0.41,0.03,0.44,1.83,151.0,332.0,33.0,55.8,348.0,43.0,169.0,192.0,42.0,37.4,330.0,39.0,,,,35,,William,Osula,Osula,,,542,5,1,1,11,0,0,0,0,0,0,5,24,,,,0.0,0.17,1.84,0.83,4.01,3,2,19
501,a,,,4.3,618,87.0,0,0.0,-2,2.0,0.3,353,57.0,0,0,0.0,666.0,68.0,0,0,0.0,554.0,57.0,0.0,0.0,0.0,26922,8,37924,16,0.0,-0.5,0.0,0.0,0.0,0.0,0.0,0.0,0.0,0.0,0.0,656.0,68.0,0.0,652.0,67.0,0.0,629.0,67.0,0.0,658.0,68.0,,,,35,,Sean,Neave,Neave,,,0,0,0,0,0,0,0,0,0,0,0,0,0,,,,0.0,0.0,0.0,0.0,0.0,0,0,0
674,a,,,4.8,359,14.0,0,0.0,-2,2.0,0.8,215,28.0,25,0,2.1,330.0,31.0,1,107,0.5,300.0,23.0,0.1,5.2,0.0,143868,38,170365,106,0.5,0.0,0.0,0.0,0.0,18.83,0.0,0.0,0.0,1.69,212.8,281.0,25.0,10.0,436.0,14.0,0.0,763.0,87.0,22.3,381.0,24.0,,,,35,,Aaron,Ramsdale,Ramsdale,,,1003,0,0,1,17,0,0,0,2,0,25,11,0,,,,2.24,0.09,1.53,0.99,0.0,0,10,89
684,a,,,5.0,262,40.0,0,0.0,0,0.0,5.3,72,24.0,120,1,3.8,80.0,30.0,12,396,1.5,194.0,71.0,0.3,24.0,0.0,1890114,239,1250530,2869,1.5,1.0,3.98,0.93,4.91,44.0,0.14,0.03,0.17,1.51,784.0,17.0,6.0,110.2,273.0,79.0,370.0,75.0,5.0,126.1,70.0,12.0,,,,35,,Malick,Thiaw,Thiaw,,,2626,4,0,5,47,0,0,0,4,0,0,30,291,,,,0.0,0.17,1.61,1.03,9.02,37,226,104
689,a,,,4.3,622,369.0,0,0.0,-2,2.0,0.5,274,95.0,0,0,0.0,669.0,256.0,0,0,0.0,557.0,186.0,0.0,0.0,0.0,97578,32,66131,57,0.0,-0.5,0.0,0.0,0.0,0.0,0.0,0.0,0.0,0.0,0.0,659.0,246.0,0.0,655.0,251.0,0.0,632.0,240.0,0.0,661.0,248.0,,,,35,,Seung-Soo,Park,Seung soo,,,0,0,0,0,0,0,0,0,0,0,0,0,0,,,,0.0,0.0,0.0,0.0,0.0,0,0,0
714,a,100.0,100.0,6.7,47,17.0,0,0.0,-3,3.0,6.5,61,11.0,96,0,3.2,178.0,18.0,10,343,0.8,285.0,39.0,0.1,14.3,0.0,5460892,148,4817991,547,0.8,0.3,6.39,1.22,7.61,23.04,0.34,0.07,0.41,1.23,392.6,165.0,16.0,220.7,172.0,15.0,392.0,69.0,26.0,99.4,121.0,19.0,,,3.0,35,,Nick,Woltemade,Woltemade,,,1685,7,4,7,27,1,0,0,0,0,0,21,94,,,,0.0,0.37,1.44,1.12,5.02,22,27,45
753,a,,,4.0,664,38.0,0,0.0,0,0.0,0.0,684,82.0,0,0,0.0,579.0,63.0,0,0,0.0,431.0,51.0,0.0,0.0,0.0,1878,2,1248,4,0.0,-0.5,0.0,0.0,0.0,0.0,0.0,0.0,0.0,0.0,0.0,568.0,63.0,0.0,556.0,47.0,0.0,525.0,33.0,0.0,570.0,63.0,,,,35,,John,Ruddy,Ruddy,,,0,0,0,0,0,0,0,0,0,0,0,0,0,,,,0.0,0.0,0.0,0.0,0.0,0,0,0
765,a,,,4.0,723,191.0,0,0.0,0,0.0,0.0,640,230.0,0,0,0.0,622.0,230.0,0,0,0.0,483.0,189.0,0.0,0.0,0.0,4548,7,2911,4,0.0,-0.5,0.0,0.0,0.0,0.0,0.0,0.0,0.0,0.0,0.0,612.0,230.0,0.0,605.0,230.0,0.0,575.0,227.0,0.0,614.0,230.0,,,,35,,Leo,Shahar,Shahar,,,0,0,0,0,0,0,0,0,0,0,0,0,0,,,,0.0,0.0,0.0,0.0,0.0,0,0,0
772,a,,,4.5,517,321.0,0,0.0,0,0.0,0.0,774,331.0,0,0,0.0,765.0,326.0,0,0,0.0,686.0,274.0,0.0,0.0,0.0,734,2,447,1,0.0,-0.5,0.0,0.0,0.0,0.0,0.0,0.0,0.0,0.0,0.0,764.0,325.0,0.0,757.0,325.0,0.0,744.0,321.0,0.0,764.0,325.0,,,,35,,Sam,Alabi,Alabi,,,0,0,0,0,0,0,0,0,0,0,0,0,0,,,,0.0,0.0,0.0,0.0,0.0,0,0,0
12,u,0.0,0.0,4.9,302,47.0,0,0.0,-1,1.0,0.2,372,136.0,7,0,1.4,426.0,154.0,0,56,0.0,719.0,252.0,0.0,1.4,0.0,26902,0,53967,3,0.0,0.0,0.07,0.36,0.43,5.02,0.02,0.09,0.11,1.28,80.8,394.0,146.0,83.4,307.0,98.0,22.0,388.0,137.0,18.6,392.0,138.0,,,,35,,Oleksandr,Zinchenko,Zinchenko,has joined Ajax permanently.,,352,0,0,0,6,0,0,0,0,0,0,4,36,,,,0.0,0.0,1.53,1.02,6.14,10,14,17
400,a,100.0,100.0,4.7,376,16.0,0,0.0,-3,3.0,0.2,390,56.0,11,0,3.7,89.0,12.0,0,38,0.0,695.0,91.0,0.0,2.3,0.0,13705,27,27001,23,0.0,0.0,0.0,0.01,0.01,4.65,0.0,0.0,0.0,1.55,68.6,401.0,30.0,0.0,763.0,90.0,0.0,752.0,82.0,6.9,442.0,30.0,,,,35,,Stefan,Ortega Moreno,Ortega Moreno,,,270,0,0,1,4,0,0,0,0,0,8,3,0,,,,2.67,0.33,1.33,1.0,0.0,0,1,8
426,a,,,5.0,257,156.0,0,0.0,-5,5.0,0.1,505,184.0,9,0,0.9,515.0,240.0,0,32,0.0,747.0,318.0,0.0,1.8,0.0,13495,1,27150,4,0.0,0.0,0.02,0.18,0.2,4.2,0.01,0.09,0.1,2.18,17.6,458.0,203.0,45.5,366.0,188.0,12.0,413.0,203.0,7.6,436.0,197.0,,,5.0,35,,James,McAtee,McAtee,,,173,0,0,0,8,0,0,0,1,0,0,1,13,,,,0.0,0.0,4.16,0.52,6.76,4,2,7
502,a,100.0,100.0,4.6,396,19.0,0,0.0,-4,4.0,4.9,78,13.0,89,0,3.3,146.0,18.0,3,368,3.0,82.0,8.0,0.7,19.3,0.0,461624,135,2066203,174,3.0,3.0,0.0,0.06,0.06,35.97,0.0,0.0,0.0,1.4,576.0,66.0,13.0,10.0,434.0,12.0,0.0,750.0,80.0,58.6,250.0,13.0,,,,35,,Matz,Sels,Sels,,,2307,0,0,7,33,0,0,0,2,0,78,26,75,,,,3.04,0.27,1.29,1.01,0.0,1,22,173
503,u,0.0,0.0,4.0,696,56.0,0,0.0,0,0.0,0.1,562,77.0,0,0,0.0,602.0,77.0,0,0,0.0,459.0,67.0,0.0,0.0,0.0,448,0,15838,0,0.0,0.0,0.0,0.0,0.0,0.0,0.0,0.0,0.0,0.0,0.0,591.0,77.0,0.0,583.0,65.0,0.0,552.0,51.0,0.0,593.0,77.0,,,,35,,Carlos Miguel,dos Santos Pereira,C.Miguel,Has joined Palmeiras permanently.,,0,0,0,0,0,0,0,0,0,0,0,0,0,,,,0.0,0.0,0.0,0.0,0.0,0,0,0
504,u,0.0,0.0,4.0,681,47.0,0,0.0,0,0.0,0.1,536,76.0,0,0,0.0,589.0,68.0,0,0,0.0,444.0,58.0,0.0,0.0,0.0,0,0,15944,1,0.0,0.0,0.0,0.0,0.0,0.0,0.0,0.0,0.0,0.0,0.0,578.0,68.0,0.0,570.0,56.0,0.0,539.0,42.0,0.0,580.0,68.0,,,,35,,Matt,Turner,Turner,Has joined Lyon permanently.,,0,0,0,0,0,0,0,0,0,0,0,0,0,,,,0.0,0.0,0.0,0.0,0.0,0,0,0
505,a,,,5.1,231,34.0,0,0.0,-4,4.0,3.4,101,35.0,111,0,3.3,151.0,58.0,2,381,3.8,53.0,26.0,0.7,21.8,0.0,407466,185,1088600,253,3.8,3.8,0.81,0.46,1.27,46.96,0.02,0.01,0.03,1.38,610.8,55.0,27.0,42.0,368.0,133.0,108.0,266.0,74.0,76.3,184.0,62.0,,,,35,,Nikola,Milenković,Milenković,,,3060,0,1,9,45,1,0,0,6,0,0,34,314,,,,0.0,0.26,1.32,1.0,8.38,27,258,94
506,d,75.0,75.0,5.2,220,31.0,0,0.0,-3,3.0,1.9,144,57.0,83,0,3.3,153.0,59.0,3,333,0.0,773.0,259.0,0.0,16.0,0.0,315480,5,850189,447,0.0,0.0,0.73,0.47,1.2,32.99,0.03,0.02,0.05,1.39,542.2,84.0,37.0,115.5,268.0,76.0,82.0,296.0,88.0,74.0,192.0,65.0,,2.0,,35,,Murillo,Costa dos Santos,Murillo,Muscle injury - 75% chance of playing,,2130,1,0,6,29,2,0,0,5,0,0,25,255,,,,0.0,0.25,1.23,1.06,9.42,35,188,102
507,d,75.0,75.0,4.7,379,63.0,0,0.0,-3,3.0,2.4,128,51.0,67,0,3.7,90.0,34.0,5,264,3.2,73.0,33.0,0.7,14.3,0.0,352613,9,1644427,605,2.4,2.4,0.41,0.84,1.25,25.31,0.02,0.05,0.07,1.44,285.2,234.0,92.0,160.3,216.0,56.0,58.0,330.0,105.0,50.5,282.0,91.0,,,,35,,Ola,Aina,Aina,Knock - 75% chance of playing,,1587,0,2,6,19,0,0,0,3,0,0,18,150,,,,0.0,0.34,1.08,1.02,7.37,31,99,81
508,a,100.0,100.0,4.8,355,59.0,0,0.0,-2,2.0,4.5,85,26.0,122,0,3.7,92.0,35.0,15,500,4.5,30.0,16.0,0.9,25.4,0.0,671269,535,1223246,866,4.5,4.5,1.9,3.85,5.75,42.55,0.06,0.12,0.18,1.33,725.6,31.0,12.0,528.9,41.0,3.0,349.0,80.0,8.0,160.3,32.0,2.0,3.0,,,35,,Neco,Williams,N.Williams,,,2888,2,3,9,42,0,0,0,6,1,0,33,254,,,,0.0,0.28,1.31,1.03,6.67,84,130,146
509,u,0.0,0.0,4.5,437,90.0,0,0.0,0,0.0,0.0,685,242.0,0,0,0.0,708.0,260.0,0,0,0.0,616.0,245.0,0.0,0.0,0.0,427,0,4429,0,0.0,0.0,0.0,0.0,0.0,0.0,0.0,0.0,0.0,0.0,0.0,702.0,260.0,0.0,698.0,260.0,0.0,681.0,260.0,0.0,704.0,260.0,,,,35,,David,Mota Veiga Teixeira do Carmo,David Carmo,has joined Real Oviedo on loan for the rest of the season.,,0,0,0,0,0,0,0,0,0,0,0,0,0,,,,0.0,0.0,0.0,0.0,0.0,0,0,0
510,d,75.0,75.0,4.2,648,152.0,0,0.0,-3,3.0,0.1,560,200.0,7,0,1.4,423.0,153.0,0,30,0.5,291.0,95.0,0.1,1.7,0.0,3684,0,8935,2,0.4,0.4,0.14,0.0,0.14,6.11,0.04,0.0,0.04,1.77,68.2,402.0,150.0,2.7,460.0,167.0,10.0,418.0,156.0,8.0,432.0,156.0,,,,35,,Jair,Paula da Cunha Filho,Jair Cunha,Shoulder injury - 75% chance of playing,,311,0,0,0,5,0,0,0,0,0,0,3,30,,,,0.0,0.0,1.45,0.87,8.39,4,25,4
511,a,,,4.3,594,135.0,0,0.0,-2,2.0,0.1,514,184.0,37,0,2.2,312.0,115.0,1,154,0.5,293.0,96.0,0.1,8.6,0.0,9717,2,14038,5,0.5,0.5,0.83,0.08,0.91,15.19,0.08,0.01,0.09,1.4,247.6,254.0,100.0,21.1,402.0,145.0,59.0,327.0,104.0,32.8,342.0,114.0,,,,35,,Felipe,Rodrigues da Silva,Morato,,,980,0,0,2,17,0,0,0,4,0,0,10,131,,,,0.0,0.18,1.56,0.92,10.01,25,84,46
512,u,0.0,0.0,4.5,420,81.0,0,0.0,0,0.0,0.0,694,246.0,0,0,0.0,700.0,258.0,0,0,0.0,604.0,241.0,0.0,0.0,0.0,345,0,4138,1,0.0,0.0,0.0,0.0,0.0,0.0,0.0,0.0,0.0,0.0,0.0,694.0,258.0,0.0,689.0,258.0,0.0,670.0,257.0,0.0,696.0,258.0,,,,35,,Omar,Richards,O.Richards,has joined Rio Ave on loan for the rest of the season.,,0,0,0,0,0,0,0,0,0,0,0,0,0,,,,0.0,0.0,0.0,0.0,0.0,0,0,0
514,i,0.0,0.0,3.8,794,235.0,0,0.0,-2,2.0,0.3,313,115.0,0,0,0.0,532.0,187.0,0,0,0.0,372.0,130.0,0.0,0.0,0.0,43267,7,69107,21,0.0,0.0,0.0,0.0,0.0,0.0,0.0,0.0,0.0,0.0,0.0,521.0,186.0,0.0,503.0,185.0,0.0,470.0,179.0,0.0,523.0,186.0,,,,35,,Willy,Boly,Boly,Knee injury - Unknown return date,,0,0,0,0,0,0,0,0,0,0,0,0,0,,,,0.0,0.0,0.0,0.0,0.0,0,0,0
515,a,100.0,100.0,7.6,20,14.0,0,0.0,1,-1.0,12.5,30,10.0,168,0,4.9,19.0,9.0,16,640,8.8,2.0,2.0,1.2,22.1,0.0,2247596,8918,1274089,1920,8.8,8.8,9.44,2.28,11.72,44.13,0.29,0.07,0.36,1.37,737.0,28.0,7.0,689.5,17.0,16.0,741.0,15.0,6.0,216.5,6.0,4.0,,1.0,2.0,35,,Morgan,Gibbs-White,Gibbs-White,,,2901,13,3,10,41,0,0,0,1,0,0,33,166,,,,0.0,0.31,1.27,1.02,5.15,19,44,103
516,i,0.0,0.0,5.7,114,72.0,0,0.0,-3,3.0,0.6,241,84.0,88,0,2.9,213.0,87.0,8,358,1.8,174.0,75.0,0.3,15.4,0.0,276514,1,353988,144,0.0,0.0,2.77,3.02,5.79,30.88,0.14,0.15,0.29,1.51,366.6,183.0,71.0,611.7,27.0,25.0,330.0,87.0,50.0,130.6,62.0,39.0,,,,35,,Callum,Hudson-Odoi,Hudson-Odoi,Muscle injury - Expected back 01 Jun,,1838,3,4,6,26,0,0,0,0,0,0,21,106,,,,0.0,0.29,1.27,1.03,5.19,14,24,68
517,a,100.0,100.0,5.6,127,79.0,0,0.0,1,-1.0,7.2,58,21.0,153,0,4.5,31.0,13.0,10,690,3.8,58.0,18.0,0.7,27.3,0.0,1817391,1144,1629648,1860,3.8,3.8,2.8,3.69,6.49,45.76,0.08,0.11,0.19,1.35,780.0,18.0,5.0,874.7,7.0,7.0,274.0,109.0,66.0,193.2,17.0,13.0,1.0,3.0,4.0,35,,Elliot,Anderson,Anderson,,,3043,3,3,10,44,0,0,0,7,0,0,34,469,,,,0.0,0.3,1.3,1.01,13.87,94,94,281
518,u,0.0,0.0,5.4,174,110.0,0,0.0,-1,1.0,0.0,620,239.0,1,0,1.0,507.0,235.0,0,6,0.0,792.0,349.0,0.0,0.2,0.0,1029,0,9167,0,0.0,0.0,0.0,0.0,0.0,0.0,0.0,0.0,0.0,0.0,5.0,483.0,218.0,0.5,483.0,232.0,4.0,444.0,217.0,1.0,492.0,225.0,,,,35,,João Pedro,Ferreira da Silva,Jota,has joined Besiktas on loan for the rest of the season.,,11,0,0,0,0,0,0,0,0,0,0,0,3,,,,0.0,0.0,0.0,0.0,24.55,2,1,0
519,a,100.0,100.0,5.0,256,155.0,0,0.0,0,0.0,0.0,638,246.0,43,0,1.9,355.0,153.0,3,190,1.2,214.0,97.0,0.2,8.6,0.0,5561,2,4430,2,1.2,1.2,1.15,0.72,1.87,18.57,0.11,0.07,0.18,1.7,218.6,277.0,115.0,172.0,207.0,134.0,126.0,246.0,135.0,51.7,277.0,141.0,,,,35,,Nicolás,Domínguez,Dominguez,,,984,1,1,3,18,0,0,0,3,0,0,14,115,,,,0.0,0.27,1.65,1.28,10.52,46,20,49
520,u,0.0,0.0,5.0,254,154.0,0,0.0,0,0.0,0.0,824,367.0,0,0,0.0,795.0,348.0,0,0,0.0,746.0,317.0,0.0,0.0,0.0,0,0,118,0,0.0,0.0,0.0,0.0,0.0,0.0,0.0,0.0,0.0,0.0,0.0,794.0,347.0,0.0,792.0,347.0,0.0,787.0,345.0,0.0,794.0,347.0,,,,35,,Lewis,O'Brien,O'Brien,Has joined Wrexham permanently.,,0,0,0,0,0,0,0,0,0,0,0,0,0,,,,0.0,0.0,0.0,0.0,0.0,0,0,0
521,d,75.0,75.0,4.9,306,190.0,0,0.0,-1,1.0,0.1,543,200.0,84,0,3.2,167.0,67.0,2,347,2.2,131.0,50.0,0.4,17.1,0.0,13099,0,14579,28,1.7,1.7,1.16,1.76,2.92,30.58,0.05,0.08,0.13,1.38,407.6,156.0,54.0,201.9,185.0,120.0,126.0,245.0,134.0,73.7,196.0,95.0,,,,35,,Ibrahim,Sangaré,Sangaré,Knock - 75% chance of playing,,1989,2,2,8,24,0,0,0,5,0,0,24,244,,,,0.0,0.36,1.09,1.09,11.04,57,85,102
522,a,100.0,100.0,4.7,383,238.0,0,0.0,-3,3.0,0.1,553,206.0,25,0,1.3,437.0,193.0,0,105,1.2,208.0,93.0,0.3,5.3,0.0,10538,7,19616,3,1.2,1.2,0.22,0.22,0.44,5.36,0.04,0.04,0.08,1.09,105.4,372.0,166.0,65.8,332.0,181.0,38.0,351.0,180.0,20.7,386.0,178.0,,,,35,,Ryan,Yates,Yates,,,442,0,2,0,5,0,0,0,2,0,0,1,48,,,,0.0,0.0,1.02,0.2,9.77,12,23,13
523,a,100.0,100.0,4.5,475,289.0,0,0.0,0,0.0,0.1,568,212.0,0,0,0.0,733.0,301.0,0,0,0.0,646.0,243.0,0.0,0.0,0.0,3040,5,17107,1,0.0,0.0,0.0,0.0,0.0,0.0,0.0,0.0,0.0,0.0,0.0,730.0,298.0,0.0,724.0,299.0,0.0,710.0,294.0,0.0,731.0,299.0,,,,35,,Eric,da Silva Moreira,Da Silva Moreira,,,0,0,0,0,0,0,0,0,0,0,0,0,0,,,,0.0,0.0,0.0,0.0,0.0,0,0,0
524,u,0.0,0.0,4.5,451,269.0,0,0.0,0,0.0,0.0,705,285.0,0,0,0.0,716.0,286.0,0,0,0.0,625.0,225.0,0.0,0.0,0.0,245,0,5730,0,0.0,0.0,0.0,0.0,0.0,0.0,0.0,0.0,0.0,0.0,0.0,711.0,281.0,0.0,706.0,283.0,0.0,690.0,276.0,0.0,712.0,282.0,,,,35,,Marko,Stamenić,Stamenic,Has joined Swansea City permanently.,,0,0,0,0,0,0,0,0,0,0,0,0,0,,,,0.0,0.0,0.0,0.0,0.0,0,0,0
525,a,100.0,100.0,7.1,33,13.0,0,0.0,-4,4.0,4.6,83,16.0,35,0,3.2,179.0,19.0,4,128,2.5,124.0,19.0,0.4,4.9,0.0,2157140,622,3397942,107,2.5,2.5,3.65,0.15,3.8,9.56,0.45,0.02,0.47,1.19,128.0,351.0,36.0,66.7,328.0,40.0,227.0,136.0,33.0,41.1,315.0,36.0,,,1.0,35,,Chris,Wood,Wood,,,725,3,0,2,9,0,0,0,0,0,0,9,20,,,,0.0,0.25,1.12,1.12,2.48,1,11,8
526,a,100.0,100.0,5.9,100,28.0,0,0.0,-1,1.0,2.1,136,20.0,104,0,3.2,176.0,17.0,13,358,5.8,12.0,3.0,1.0,17.6,0.0,598942,1901,447551,499,5.8,5.8,5.16,1.22,6.38,31.49,0.23,0.06,0.29,1.42,357.0,188.0,18.0,209.0,181.0,16.0,607.0,26.0,15.0,114.9,89.0,16.0,,,3.0,35,,Igor Jesus,Maciel da Cruz,Igor Jesus,,,1993,5,6,9,32,0,0,0,1,0,0,24,105,,,,0.0,0.41,1.45,1.08,4.74,21,35,49
527,a,100.0,100.0,5.2,206,47.0,0,0.0,-3,3.0,0.3,329,52.0,24,0,1.8,381.0,43.0,1,97,1.0,240.0,31.0,0.2,4.6,0.0,38026,17,94872,15,1.0,1.0,2.07,0.4,2.47,5.11,0.69,0.13,0.82,1.7,102.8,376.0,41.0,52.2,355.0,45.0,153.0,212.0,43.0,30.3,354.0,43.0,,,,35,,Taiwo,Awoniyi,Awoniyi,,,270,2,1,0,2,0,0,0,1,0,0,1,16,,,,0.0,0.0,0.67,0.33,5.33,1,5,10
669,d,75.0,75.0,5.5,145,91.0,0,0.0,-5,5.0,0.7,231,80.0,50,0,2.1,333.0,145.0,4,178,0.2,355.0,164.0,0.0,9.1,0.0,545726,0,575899,34,0.2,0.2,1.05,1.51,2.56,15.96,0.08,0.12,0.2,1.23,166.4,322.0,143.0,217.7,175.0,117.0,180.0,182.0,100.0,56.6,259.0,128.0,4.0,,,35,,Dan,Ndoye,Ndoye,Knock - 75% chance of playing,,1167,1,2,2,17,0,0,0,1,0,0,14,96,,,,0.0,0.15,1.31,1.08,7.4,22,24,50
675,a,100.0,100.0,4.0,670,43.0,0,0.0,0,0.0,1.1,187,23.0,1,0,1.0,461.0,38.0,0,4,0.0,435.0,54.0,0.0,0.2,0.0,31120,3,103727,13,0.0,0.0,0.0,0.0,0.0,0.21,0.0,0.0,0.0,0.42,1.2,504.0,38.0,0.0,562.0,52.0,0.0,531.0,38.0,0.1,512.0,38.0,,,,35,,Angus,Gunn,Gunn,,,45,0,0,0,0,0,0,0,0,0,0,0,0,,,,0.0,0.0,0.0,0.0,0.0,0,1,4
693,a,,,5.4,173,109.0,0,0.0,-1,1.0,0.1,532,195.0,73,0,2.7,242.0,96.0,3,293,2.2,137.0,55.0,0.4,13.5,0.0,34264,23,29526,14,2.2,2.2,1.92,3.23,5.15,19.39,0.12,0.19,0.31,1.17,292.0,227.0,96.0,444.7,58.0,48.0,335.0,85.0,49.0,107.0,103.0,59.0,2.0,,,35,,Omari,Hutchinson,Hutchinson,,,1494,1,6,6,19,0,0,0,1,0,0,15,114,,,,0.0,0.36,1.14,0.9,6.87,19,17,78
696,u,0.0,0.0,6.0,87,26.0,0,0.0,0,0.0,0.1,458,66.0,9,0,1.0,510.0,62.0,0,24,0.0,813.0,89.0,0.0,1.5,0.0,15291,0,18555,0,0.0,0.0,0.44,0.02,0.46,1.57,0.44,0.02,0.46,1.59,6.8,479.0,56.0,17.7,409.0,53.0,39.0,350.0,55.0,6.3,445.0,56.0,,,,35,,Arnaud,Kalimuendo,Kalimuendo,has joined Eintracht Frankfurt on loan for the rest of the season.,,89,0,0,0,3,0,0,0,0,0,0,0,6,,,,0.0,0.0,3.03,0.0,6.07,1,1,4
715,i,0.0,0.0,4.0,679,46.0,0,0.0,0,0.0,0.3,330,46.0,11,0,2.2,310.0,30.0,0,32,0.0,442.0,57.0,0.0,2.8,0.0,66358,2,51713,28,0.0,0.0,0.0,0.0,0.0,6.13,0.0,0.0,0.0,1.26,56.4,414.0,32.0,0.0,568.0,55.0,0.0,537.0,41.0,5.7,450.0,32.0,,,,35,,John Victor,Maciel Furtado,John,Knee injury - Expected back 01 Jun,,437,0,0,1,8,0,0,0,1,0,6,5,0,,,,1.24,0.21,1.65,1.03,0.0,0,4,26
716,i,0.0,0.0,4.5,453,94.0,0,0.0,0,0.0,0.0,585,209.0,39,0,2.8,220.0,86.0,0,131,0.0,627.0,246.0,0.0,8.7,0.0,46743,2,44837,7,0.0,0.0,1.34,0.45,1.79,15.04,0.12,0.04,0.16,1.32,216.6,279.0,114.0,123.2,257.0,71.0,94.0,281.0,82.0,43.5,303.0,102.0,,,,35,,Nicolò,Savona,Savona,Knee injury - Unknown return date,,1025,2,0,3,18,0,0,0,2,0,0,11,69,,,,0.0,0.26,1.58,0.97,5.0,20,37,27
729,u,0.0,0.0,4.5,474,96.0,0,0.0,0,0.0,0.0,822,268.0,0,0,0.0,732.0,261.0,0,0,0.0,645.0,247.0,0.0,0.0,0.0,94,0,121,0,0.0,0.0,0.0,0.0,0.0,0.0,0.0,0.0,0.0,0.0,0.0,729.0,261.0,0.0,723.0,261.0,0.0,709.0,261.0,0.0,730.0,261.0,,,,35,,Luis Eduardo,Soares da Silva,Cuiabano,has joined Vasco de Gama on loan for the rest of the season.,,0,0,0,0,0,0,0,0,0,0,0,0,0,,,,0.0,0.0,0.0,0.0,0.0,0,0,0
734,a,100.0,100.0,5.9,99,65.0,0,0.0,-1,1.0,0.0,673,271.0,15,0,1.4,430.0,189.0,0,60,0.2,359.0,167.0,0.0,2.5,0.0,4850,1,4370,1,0.2,0.2,0.5,0.72,1.22,6.94,0.12,0.17,0.29,1.61,55.0,417.0,182.0,129.7,252.0,158.0,82.0,297.0,158.0,26.3,371.0,174.0,,,,35,,Dilane,Bakwa,Bakwa,,,387,0,1,0,9,0,0,0,1,0,0,4,30,,,,0.0,0.0,2.09,0.93,6.98,3,3,24
528,u,0.0,0.0,4.2,636,33.0,0,0.0,-3,3.0,0.1,422,60.0,0,0,0.0,647.0,91.0,0,0,0.0,519.0,83.0,0.0,0.0,0.0,10565,0,35262,6,0.0,0.0,0.0,0.0,0.0,0.0,0.0,0.0,0.0,0.0,0.0,638.0,91.0,0.0,632.0,82.0,0.0,606.0,70.0,0.0,640.0,91.0,,,,35,,Anthony,Patterson,Patterson,has joined Millwall on loan for the rest of the season.,,0,0,0,0,0,0,0,0,0,0,0,0,0,,,,0.0,0.0,0.0,0.0,0.0,0,0,0
529,i,0.0,0.0,3.9,749,69.0,0,0.0,-1,1.0,0.3,310,41.0,0,0,0.0,549.0,43.0,0,0,0.0,396.0,30.0,0.0,0.0,0.0,19103,6,37555,31,0.0,0.0,0.0,0.0,0.0,0.0,0.0,0.0,0.0,0.0,0.0,538.0,43.0,0.0,522.0,23.0,0.0,490.0,9.0,0.0,540.0,43.0,,,,35,,Simon,Moore,Moore,Hand injury - Unknown return date,,0,0,0,0,0,0,0,0,0,0,0,0,0,,,,0.0,0.0,0.0,0.0,0.0,0,0,0
530,u,0.0,0.0,3.9,776,87.0,0,0.0,-1,1.0,0.1,475,70.0,0,0,0.0,566.0,57.0,0,0,0.0,416.0,45.0,0.0,0.0,0.0,7473,0,14067,3,0.0,0.0,0.0,0.0,0.0,0.0,0.0,0.0,0.0,0.0,0.0,555.0,57.0,0.0,543.0,41.0,0.0,511.0,27.0,0.0,557.0,57.0,,,,35,,Blondy,Nna Noukeu,Nna Noukeu,has joined US Boulogne CO permanently.,,0,0,0,0,0,0,0,0,0,0,0,0,0,,,,0.0,0.0,0.0,0.0,0.0,0,0,0
531,a,100.0,100.0,4.7,385,65.0,0,0.0,2,-2.0,3.2,104,37.0,119,1,4.1,52.0,22.0,9,354,0.2,339.0,115.0,0.0,25.3,0.0,1281362,103,1132902,831,-0.3,0.7,2.46,0.63,3.09,33.2,0.1,0.03,0.13,1.4,662.8,48.0,21.0,180.8,202.0,53.0,370.0,74.0,4.0,121.5,79.0,16.0,,,,35,,Daniel,Ballard,Ballard,,,2144,2,2,6,34,0,0,0,4,0,0,24,276,,,,0.0,0.25,1.43,1.01,11.1,33,231,69
532,a,,,4.5,445,92.0,0,0.0,0,0.0,0.3,301,112.0,94,1,2.7,236.0,94.0,6,328,1.5,186.0,69.0,0.3,20.9,0.0,87151,9,78343,67,1.0,2.0,2.01,1.74,3.75,43.94,0.07,0.06,0.13,1.45,472.6,118.0,53.0,318.0,113.0,30.0,215.0,149.0,29.0,99.7,120.0,33.0,2.0,,,35,,Trai,Hume,Hume,,,2727,1,1,8,39,1,0,0,9,0,0,31,219,,,,0.0,0.26,1.29,1.02,6.35,64,128,91
533,u,0.0,0.0,4.0,678,168.0,0,0.0,0,0.0,0.0,799,265.0,0,0,0.0,587.0,214.0,0,0,0.0,441.0,168.0,0.0,0.0,0.0,611,0,869,0,0.0,0.0,0.0,0.0,0.0,0.0,0.0,0.0,0.0,0.0,0.0,576.0,213.0,0.0,567.0,213.0,0.0,536.0,209.0,0.0,578.0,213.0,,,,35,,Aji,Alese,Alese,has joined Portsmouth on loan for the rest of the season.,,0,0,0,0,0,0,0,0,0,0,0,0,0,,,,0.0,0.0,0.0,0.0,0.0,0,0,0
534,u,0.0,0.0,3.8,797,237.0,0,0.0,-2,2.0,0.3,326,120.0,0,0,0.0,534.0,188.0,0,0,0.0,375.0,132.0,0.0,0.0,0.0,39413,0,66891,8,0.0,0.0,0.0,0.0,0.0,0.0,0.0,0.0,0.0,0.0,0.0,523.0,187.0,0.0,505.0,186.0,0.0,472.0,180.0,0.0,525.0,187.0,,,,35,,Joe,Anderson,Anderson,has joined Barrow FC permanently.,,0,0,0,0,0,0,0,0,0,0,0,0,0,,,,0.0,0.0,0.0,0.0,0.0,0,0,0
535,a,100.0,100.0,4.0,689,173.0,0,0.0,0,0.0,0.0,591,211.0,14,0,2.0,336.0,122.0,0,44,0.0,452.0,173.0,0.0,3.5,0.0,7778,2,7495,7,-0.5,0.5,0.08,0.02,0.09,6.04,0.02,0.01,0.03,1.81,58.2,413.0,155.0,8.9,439.0,156.0,8.0,424.0,160.0,7.1,441.0,159.0,,,,35,,Dennis,Cirkin,Cirkin,,,301,0,0,1,2,0,0,0,1,0,0,3,26,,,,0.0,0.3,0.6,0.9,7.77,8,18,8
536,u,0.0,0.0,4.0,697,176.0,0,0.0,0,0.0,0.0,729,253.0,0,0,0.0,603.0,220.0,0,0,0.0,460.0,176.0,0.0,0.0,0.0,1255,0,1563,1,0.0,0.0,0.0,0.0,0.0,0.0,0.0,0.0,0.0,0.0,0.0,592.0,219.0,0.0,584.0,219.0,0.0,553.0,215.0,0.0,594.0,219.0,,,,35,,Leo Fuhr,Hjelde,Hjelde,has joined Sheffield United on loan for the rest of the season.,,0,0,0,0,0,0,0,0,0,0,0,0,0,,,,0.0,0.0,0.0,0.0,0.0,0,0,0
537,u,0.0,0.0,4.0,700,177.0,0,0.0,0,0.0,0.1,549,194.0,0,0,0.0,606.0,221.0,0,0,0.0,463.0,177.0,0.0,0.0,0.0,1038,0,16286,0,0.0,0.0,0.0,0.0,0.0,0.0,0.0,0.0,0.0,0.0,0.0,595.0,220.0,0.0,587.0,220.0,0.0,556.0,216.0,0.0,597.0,220.0,,,,35,,Niall,Huggins,Huggins,has joined Wycombe Wanderers on loan for the rest of the season.,,0,0,0,0,0,0,0,0,0,0,0,0,0,,,,0.0,0.0,0.0,0.0,0.0,0,0,0
538,u,0.0,0.0,3.8,809,248.0,0,0.0,-2,2.0,0.2,382,140.0,0,0,0.0,540.0,194.0,0,0,0.0,384.0,140.0,0.0,0.0,0.0,23261,0,34290,7,0.0,0.0,0.0,0.0,0.0,0.0,0.0,0.0,0.0,0.0,0.0,529.0,193.0,0.0,512.0,192.0,0.0,479.0,186.0,0.0,531.0,193.0,,,,35,,Zak,Johnson,Johnson,has joined York City on loan for the rest of the season.,,0,0,0,0,0,0,0,0,0,0,0,0,0,,,,0.0,0.0,0.0,0.0,0.0,0,0,0
539,a,100.0,100.0,4.0,675,165.0,0,0.0,0,0.0,0.1,501,179.0,16,0,1.6,399.0,147.0,0,58,1.5,182.0,65.0,0.4,4.0,0.0,11514,14,8893,21,1.0,2.0,0.02,0.12,0.14,7.34,0.0,0.03,0.03,1.62,52.6,420.0,156.0,6.6,443.0,158.0,12.0,407.0,151.0,7.1,440.0,158.0,,,,35,,Luke,O'Nien,O'Nien,,,408,0,0,2,5,0,0,0,1,1,0,4,28,,,,0.0,0.44,1.1,0.88,6.18,4,24,9
540,u,0.0,0.0,3.9,770,222.0,0,0.0,-1,1.0,0.3,340,122.0,0,0,0.0,562.0,203.0,0,0,0.0,412.0,154.0,0.0,0.0,0.0,47547,0,49104,16,0.0,0.0,0.0,0.0,0.0,0.0,0.0,0.0,0.0,0.0,0.0,551.0,202.0,0.0,538.0,202.0,0.0,506.0,197.0,0.0,553.0,202.0,,,,35,,Timothée,Pembélé,Pembele,has joined Le Havre AC on loan for the rest of the season.,,0,0,0,0,0,0,0,0,0,0,0,0,0,,,,0.0,0.0,0.0,0.0,0.0,0,0,0
541,a,100.0,100.0,3.8,800,240.0,0,0.0,-2,2.0,2.9,115,45.0,61,1,2.8,215.0,82.0,6,217,2.5,108.0,40.0,0.7,16.1,0.0,649436,207,1089499,265,2.0,3.0,0.13,0.58,0.71,22.89,0.01,0.03,0.04,1.25,316.8,212.0,83.0,113.8,269.0,77.0,39.0,349.0,116.0,47.1,289.0,95.0,,,,35,,Reinildo,Mandava,Reinildo,,,1648,0,2,5,24,0,0,0,7,1,0,20,158,,,,0.0,0.27,1.31,1.09,7.61,32,107,75
542,u,0.0,0.0,4.0,718,188.0,0,0.0,0,0.0,0.1,517,186.0,2,0,1.0,463.0,168.0,0,11,0.0,478.0,186.0,0.0,0.5,0.0,3016,0,25407,0,0.0,0.0,0.0,0.01,0.01,1.33,0.0,0.01,0.01,0.9,33.6,438.0,162.0,2.4,463.0,169.0,0.0,570.0,224.0,3.6,466.0,167.0,,,,35,,Jenson,Seelt,Seelt,has joined Wolfsburg on loan for the rest of the season.,,133,0,0,0,2,0,0,0,0,0,0,1,18,,,,0.0,0.0,1.35,0.68,8.12,4,8,6
543,u,0.0,0.0,4.9,336,207.0,0,0.0,-6,6.0,0.3,309,108.0,34,0,2.4,287.0,121.0,3,81,0.0,736.0,309.0,0.0,6.9,0.0,90681,0,231837,11,0.0,0.0,0.35,0.62,0.97,11.3,0.05,0.09,0.14,1.57,81.4,393.0,175.0,116.8,262.0,161.0,75.0,304.0,162.0,27.0,367.0,173.0,,,,35,,Simon,Adingra,Adingra,has joined AS Monaco on loan for the rest of the season.,,649,1,1,4,8,0,0,0,2,0,0,9,45,,,,0.0,0.55,1.11,1.25,6.24,11,13,21
544,a,100.0,100.0,5.3,198,123.0,0,0.0,-2,2.0,0.2,411,142.0,60,0,3.5,123.0,54.0,3,195,2.2,135.0,53.0,0.4,11.3,0.0,31845,9,27185,146,1.7,2.7,2.99,0.65,3.64,20.47,0.2,0.04,0.24,1.37,145.0,336.0,151.0,121.5,260.0,160.0,209.0,156.0,88.0,46.5,291.0,146.0,,,1.0,35,,Habib,Diarra,Diarra,,,1343,2,5,5,19,0,0,0,5,0,0,15,76,,,,0.0,0.34,1.27,1.01,5.09,14,17,45
545,u,0.0,0.0,5.4,154,96.0,0,0.0,-1,1.0,0.0,736,307.0,1,0,1.0,506.0,234.0,0,4,0.0,782.0,343.0,0.0,0.2,0.0,462,0,4089,1,0.0,0.0,0.03,0.02,0.05,0.66,0.1,0.07,0.17,2.2,1.8,500.0,229.0,7.3,441.0,213.0,5.0,438.0,212.0,1.4,487.0,223.0,,,,35,,Patrick,Roberts,Roberts,has joined Birmingham City permanently.,,27,0,0,0,1,0,0,0,0,0,0,0,1,,,,0.0,0.0,3.33,0.0,3.33,0,0,1
546,a,100.0,100.0,4.9,342,213.0,0,0.0,-1,1.0,0.0,699,283.0,0,0,0.0,791.0,345.0,0,0,0.0,739.0,312.0,0.0,0.0,0.0,581,1,3552,0,-0.5,0.5,0.0,0.0,0.0,0.0,0.0,0.0,0.0,0.0,0.0,790.0,344.0,0.0,786.0,344.0,0.0,782.0,342.0,0.0,790.0,344.0,,,,35,,Milan,Aleksić,Aleksić,,,0,0,0,0,0,0,0,0,0,0,0,0,0,,,,0.0,0.0,0.0,0.0,0.0,0,0,0
547,a,100.0,100.0,4.8,366,228.0,0,0.0,-2,2.0,1.6,154,53.0,123,1,3.7,93.0,38.0,10,515,3.8,52.0,16.0,0.8,25.6,0.0,497502,236,336499,991,3.3,4.3,4.76,4.6,9.36,42.23,0.17,0.16,0.33,1.47,608.8,56.0,14.0,673.8,20.0,19.0,250.0,122.0,72.0,153.5,37.0,27.0,3.0,2.0,2.0,35,,Enzo,Le Fée,E.Le Fée,,,2593,4,5,9,40,0,0,1,5,0,0,30,281,,,,0.0,0.31,1.39,1.04,9.77,78,72,131
548,i,0.0,0.0,4.9,327,202.0,0,0.0,-1,1.0,0.0,758,322.0,14,0,1.0,497.0,226.0,0,42,0.0,732.0,307.0,0.0,2.9,0.0,1158,1,1701,0,0.0,0.0,0.87,0.48,1.35,8.54,0.2,0.11,0.31,1.93,29.4,441.0,194.0,33.6,382.0,193.0,69.0,310.0,163.0,12.7,413.0,188.0,,,,35,,Romaine,Mundle,Mundle,Hamstring injury - Expected back 01 Jun,,399,0,0,0,11,0,0,0,1,0,0,2,33,,,,0.0,0.0,2.48,0.45,7.44,5,6,22
549,u,0.0,0.0,4.8,358,222.0,0,0.0,-2,2.0,0.0,660,261.0,3,0,1.0,494.0,225.0,0,10,0.0,706.0,287.0,0.0,0.6,0.0,1972,0,4734,0,0.0,0.0,0.0,0.0,0.0,0.64,0.0,0.0,0.0,4.43,3.0,494.0,226.0,1.4,473.0,228.0,0.0,762.0,329.0,0.4,505.0,230.0,,,,35,,Dan,Neil,Neil,has joined Ipswich Town on loan for the rest of the season.,,13,0,0,0,0,0,0,0,0,0,0,0,2,,,,0.0,0.0,0.0,0.0,13.85,0,2,0
550,a,,,4.7,384,239.0,0,0.0,-3,3.0,0.0,665,265.0,0,0,0.0,771.0,331.0,0,0,0.0,698.0,282.0,0.0,0.0,0.0,1194,3,2882,0,-0.5,0.5,0.0,0.0,0.0,0.0,0.0,0.0,0.0,0.0,0.0,770.0,330.0,0.0,765.0,330.0,0.0,755.0,327.0,0.0,770.0,330.0,,,,35,,Ian,Poveda-Ocampo,Poveda,,,0,0,0,0,0,0,0,0,0,0,0,0,0,,,,0.0,0.0,0.0,0.0,0.0,0,0,0
551,a,,,4.7,393,244.0,0,0.0,-3,3.0,0.1,537,198.0,31,0,1.9,353.0,151.0,1,121,2.5,113.0,42.0,0.5,6.6,0.0,10540,15,10300,24,2.0,3.0,0.86,0.92,1.78,11.94,0.1,0.11,0.21,1.44,96.0,382.0,168.0,131.4,250.0,156.0,101.0,272.0,148.0,32.8,343.0,166.0,,,,35,,Chris,Rigg,Rigg,,,744,1,0,3,11,0,0,0,1,0,0,11,56,,,,0.0,0.36,1.33,1.33,6.77,13,14,29
552,a,100.0,100.0,4.9,339,210.0,0,0.0,-1,1.0,0.1,550,204.0,71,1,2.4,288.0,122.0,0,369,2.5,117.0,45.0,0.5,14.5,0.0,12877,9,13070,15,2.0,3.0,1.0,1.39,2.39,38.07,0.03,0.05,0.08,1.33,318.0,210.0,88.0,276.9,143.0,95.0,127.0,243.0,133.0,72.4,204.0,99.0,,,,35,,Noah,Sadiki,Sadiki,,,2587,0,2,8,39,0,0,0,8,0,0,30,221,,,,0.0,0.28,1.36,1.05,7.7,45,82,94
553,a,100.0,100.0,4.9,337,208.0,0,0.0,-1,1.0,0.2,405,138.0,78,1,3.0,199.0,77.0,6,235,0.8,271.0,124.0,0.2,15.9,0.0,63792,7,73416,20,0.3,1.3,1.99,0.97,2.95,19.52,0.13,0.06,0.19,1.28,228.0,269.0,112.0,196.7,191.0,124.0,217.0,147.0,85.0,63.7,234.0,115.0,,,,35,,Chemsdine,Talbi,Talbi,,,1378,4,2,6,13,0,0,0,0,0,0,15,81,,,,0.0,0.39,0.85,0.98,5.31,9,19,53
554,a,,,4.3,593,350.0,0,0.0,-2,2.0,0.3,320,110.0,0,0,0.0,657.0,246.0,0,0,0.0,538.0,173.0,0.0,0.0,0.0,82644,11,82574,19,-0.5,0.5,0.0,0.0,0.0,0.0,0.0,0.0,0.0,0.0,0.0,647.0,236.0,0.0,642.0,241.0,0.0,617.0,228.0,0.0,649.0,238.0,,,,35,,Abdoullah,Ba,Ba,,,0,0,0,0,0,0,0,0,0,0,0,0,0,,,,0.0,0.0,0.0,0.0,0.0,0,0,0
555,u,0.0,0.0,4.5,416,252.0,0,0.0,0,0.0,0.0,652,256.0,0,0,0.0,698.0,272.0,0,0,0.0,602.0,209.0,0.0,0.0,0.0,1291,0,9884,0,0.0,0.0,0.0,0.0,0.0,0.0,0.0,0.0,0.0,0.0,0.0,692.0,266.0,0.0,687.0,269.0,0.0,668.0,261.0,0.0,694.0,268.0,,,,35,,Alan,Browne,Browne,has joined Middlesbrough on loan for the rest of the season.,,0,0,0,0,0,0,0,0,0,0,0,0,0,,,,0.0,0.0,0.0,0.0,0.0,0,0,0
556,u,0.0,0.0,4.5,438,260.0,0,0.0,0,0.0,0.0,782,339.0,0,0,0.0,709.0,279.0,0,0,0.0,617.0,217.0,0.0,0.0,0.0,0,0,1811,0,0.0,0.0,0.0,0.0,0.0,0.0,0.0,0.0,0.0,0.0,0.0,703.0,273.0,0.0,699.0,276.0,0.0,682.0,269.0,0.0,705.0,275.0,,,,35,,Pierre,Ekwah Elimby,Ekwah,Has joined AS Saint-Etienne permanently.,,0,0,0,0,0,0,0,0,0,0,0,0,0,,,,0.0,0.0,0.0,0.0,0.0,0,0,0
557,a,,,4.3,610,359.0,0,0.0,-2,2.0,0.1,545,202.0,0,0,0.0,661.0,249.0,0,0,0.0,548.0,179.0,0.0,0.0,0.0,9349,2,11264,2,-0.5,0.5,0.0,0.0,0.0,0.0,0.0,0.0,0.0,0.0,0.0,651.0,239.0,0.0,647.0,244.0,0.0,624.0,233.0,0.0,653.0,241.0,,,,35,,Harrison,Jones,H.Jones,,,0,0,0,0,0,0,0,0,0,0,0,0,0,,,,0.0,0.0,0.0,0.0,0.0,0,0,0
558,u,0.0,0.0,4.3,601,354.0,0,0.0,-2,2.0,0.2,408,140.0,0,0,0.0,658.0,247.0,0,0,0.0,540.0,174.0,0.0,0.0,0.0,30710,0,46439,3,0.0,0.0,0.0,0.0,0.0,0.0,0.0,0.0,0.0,0.0,0.0,648.0,237.0,0.0,643.0,242.0,0.0,618.0,229.0,0.0,650.0,239.0,,,,35,,Jay,Matete,Matete,has joined MK Dons permanently.,,0,0,0,0,0,0,0,0,0,0,0,0,0,,,,0.0,0.0,0.0,0.0,0.0,0,0,0
559,u,0.0,0.0,4.4,552,330.0,0,0.0,-1,1.0,0.0,651,255.0,0,0,0.0,679.0,261.0,0,0,0.0,575.0,193.0,0.0,0.0,0.0,2951,0,8687,0,0.0,0.0,0.0,0.0,0.0,0.0,0.0,0.0,0.0,0.0,0.0,671.0,253.0,0.0,667.0,257.0,0.0,646.0,247.0,0.0,673.0,255.0,,,,35,,Nectarios,Triantis,Triantis,has joined Minnesota United permanently.,,0,0,0,0,0,0,0,0,0,0,0,0,0,,,,0.0,0.0,0.0,0.0,0.0,0,0,0
560,a,100.0,100.0,5.0,259,54.0,0,0.0,-5,5.0,1.4,171,26.0,67,0,2.3,307.0,34.0,7,229,1.8,166.0,20.0,0.4,13.4,0.0,993164,53,896418,246,1.3,2.3,4.42,0.18,4.6,18.77,0.37,0.01,0.38,1.55,205.0,287.0,28.0,25.5,394.0,52.0,414.0,58.0,23.0,64.3,230.0,28.0,,,,35,,Wilson,Isidor,Isidor,,,1088,5,1,4,17,0,0,0,1,0,0,11,45,,,,0.0,0.33,1.41,0.91,3.72,9,16,20
561,a,,,5.2,218,50.0,0,0.0,-3,3.0,0.5,267,41.0,39,0,2.1,332.0,36.0,5,121,0.0,772.0,82.0,0.0,7.5,0.0,273305,8,312335,28,-0.5,0.5,2.13,0.22,2.35,12.67,0.26,0.03,0.29,1.52,117.6,364.0,38.0,53.8,350.0,44.0,188.0,173.0,39.0,35.5,337.0,42.0,,,,35,,Eliezer,Mayenda Dossou,Mayenda,,,750,2,0,3,9,0,0,0,0,0,0,8,26,,,,0.0,0.36,1.08,0.96,3.12,5,7,14
562,a,,,4.2,650,91.0,0,0.0,-3,3.0,0.4,280,43.0,0,0,0.0,653.0,66.0,0,0,0.0,527.0,53.0,0.0,0.0,0.0,71338,17,97312,39,-0.5,0.5,0.0,0.0,0.0,0.0,0.0,0.0,0.0,0.0,0.0,644.0,66.0,0.0,638.0,65.0,0.0,613.0,65.0,0.0,646.0,66.0,,,,35,,Ahmed,Abdullahi,Abdullahi,,,0,0,0,0,0,0,0,0,0,0,0,0,0,,,,0.0,0.0,0.0,0.0,0.0,0,0,0
563,u,0.0,0.0,4.4,562,80.0,0,0.0,-1,1.0,0.1,524,71.0,0,0,0.0,685.0,73.0,0,0,0.0,583.0,62.0,0.0,0.0,0.0,5979,0,20522,2,0.0,0.0,0.0,0.0,0.0,0.0,0.0,0.0,0.0,0.0,0.0,678.0,73.0,0.0,673.0,72.0,0.0,654.0,72.0,0.0,680.0,73.0,,,,35,,Luís Hemir,Silva Semedo,Luís Hemir,has joined Moreirense on loan for the rest of the season.,,0,0,0,0,0,0,0,0,0,0,0,0,0,,,,0.0,0.0,0.0,0.0,0.0,0,0,0
564,u,0.0,0.0,4.4,544,77.0,0,0.0,-1,1.0,0.1,525,72.0,0,0,0.0,675.0,70.0,0,0,0.0,570.0,59.0,0.0,0.0,0.0,3530,0,20276,1,0.0,0.0,0.0,0.0,0.0,0.0,0.0,0.0,0.0,0.0,0.0,666.0,70.0,0.0,662.0,69.0,0.0,641.0,69.0,0.0,668.0,70.0,,,,35,,Nazarii,Rusyn,Rusyn,has joined Arka on loan for the rest of the season.,,0,0,0,0,0,0,0,0,0,0,0,0,0,,,,0.0,0.0,0.0,0.0,0.0,0,0,0
668,a,100.0,100.0,5.1,222,135.0,0,0.0,1,-1.0,3.3,103,34.0,111,4,3.6,106.0,44.0,5,543,3.0,86.0,31.0,0.6,21.8,0.0,1398571,134,1391471,409,2.5,3.5,0.9,3.08,3.98,41.41,0.03,0.11,0.14,1.46,605.2,58.0,16.0,522.7,42.0,38.0,97.0,276.0,150.0,122.5,75.0,46.0,1.0,1.0,,35,,Granit,Xhaka,Xhaka,,,2564,1,6,8,36,0,0,0,6,0,0,29,318,,,,0.0,0.28,1.27,1.02,11.18,46,124,148
678,u,0.0,0.0,3.9,754,215.0,0,0.0,-1,1.0,0.5,276,103.0,1,0,0.3,525.0,181.0,0,4,0.0,400.0,150.0,0.0,0.3,0.0,52353,0,84822,14,0.0,0.0,0.07,0.08,0.15,2.09,0.05,0.06,0.11,1.5,21.8,454.0,165.0,20.1,403.0,146.0,7.0,428.0,163.0,4.9,456.0,163.0,,,,35,,Arthur,Masuaku,Masuaku,has joined RC Lens on loan for the rest of the season.,,125,0,0,0,2,0,0,0,1,0,0,2,13,,,,0.0,0.0,1.44,1.44,7.2,4,6,3
683,a,100.0,100.0,4.1,653,153.0,0,0.0,1,-1.0,5.8,67,23.0,113,1,3.6,102.0,38.0,5,370,2.5,110.0,42.0,0.6,27.6,0.0,1713673,350,1140711,1581,2.0,3.0,1.6,0.89,2.48,42.15,0.06,0.03,0.09,1.45,712.6,36.0,14.0,136.7,244.0,62.0,269.0,111.0,15.0,112.2,93.0,22.0,,,,35,,Omar,Alderete,Alderete,,,2618,1,1,9,39,0,0,0,6,0,0,30,314,,,,0.0,0.31,1.34,1.03,9.98,29,261,101
694,a,100.0,100.0,4.6,397,68.0,0,0.0,6,-6.0,8.7,47,15.0,135,7,4.7,24.0,8.0,10,439,5.0,18.0,8.0,1.1,29.3,0.0,2839804,349,1818080,3542,4.5,5.5,1.47,2.2,3.67,40.44,0.05,0.08,0.13,1.49,628.6,53.0,25.0,325.7,109.0,29.0,172.0,188.0,44.0,112.7,91.0,20.0,,,,35,,Nordi,Mukiele,Mukiele,,,2447,3,5,8,37,1,0,0,5,0,0,29,269,,,,0.0,0.29,1.36,1.07,8.84,64,177,113
724,a,,,4.5,428,87.0,0,0.0,0,0.0,0.1,577,206.0,46,0,1.8,371.0,139.0,0,190,0.0,609.0,244.0,0.0,10.2,0.0,11111,1,8049,4,-0.5,0.5,0.5,0.75,1.25,28.37,0.03,0.05,0.08,1.81,238.0,262.0,105.0,116.1,265.0,74.0,67.0,313.0,96.0,42.1,308.0,104.0,,,,35,,Lutsharel,Geertruida,Geertruida,,,1411,0,0,2,21,0,0,0,1,0,0,14,117,,,,0.0,0.13,1.34,0.89,6.44,34,67,62
730,a,100.0,100.0,5.3,191,45.0,0,0.0,-2,2.0,1.2,182,29.0,78,1,2.8,224.0,23.0,11,263,1.5,195.0,24.0,0.3,14.7,0.0,451803,151,311834,932,1.0,2.0,4.6,0.48,5.08,28.16,0.25,0.03,0.28,1.54,282.4,237.0,20.0,151.4,228.0,24.0,436.0,54.0,22.0,85.4,157.0,22.0,,,,35,,Brian,Brobbey,Brobbey,,,1646,6,1,5,27,0,0,0,5,0,0,19,63,,,,0.0,0.27,1.48,1.04,3.45,8,15,40
735,d,50.0,50.0,5.5,135,84.0,0,0.0,0,0.0,0.0,653,257.0,30,0,2.5,272.0,112.0,1,118,0.0,796.0,353.0,0.0,5.5,0.0,13892,0,13352,0,-0.2,0.2,0.48,0.25,0.73,9.74,0.07,0.04,0.11,1.38,115.6,367.0,163.0,108.4,275.0,167.0,135.0,234.0,128.0,35.9,335.0,163.0,,,,35,,Bertrand,Traoré,Traoré,Lack of match fitness - 50% chance of playing,,634,1,1,3,9,0,0,0,1,0,0,9,40,,,,0.0,0.43,1.28,1.28,5.68,11,11,18
774,a,,,4.0,682,170.0,0,0.0,0,0.0,0.0,675,238.0,0,0,0.0,590.0,216.0,0,0,0.0,445.0,170.0,0.0,0.0,0.0,1954,8,1267,2,-0.5,0.5,0.0,0.0,0.0,0.0,0.0,0.0,0.0,0.0,0.0,579.0,215.0,0.0,571.0,215.0,0.0,540.0,211.0,0.0,581.0,215.0,,,,35,,Jenson,Jones,Jenson Jones,,,0,0,0,0,0,0,0,0,0,0,0,0,0,,,,0.0,0.0,0.0,0.0,0.0,0,0,0
775,u,0.0,0.0,4.5,497,306.0,0,0.0,0,0.0,0.0,826,369.0,0,0,0.0,750.0,314.0,0,0,0.0,668.0,260.0,0.0,0.0,0.0,160,0,141,0,0.0,0.0,0.0,0.0,0.0,0.0,0.0,0.0,0.0,0.0,0.0,748.0,312.0,0.0,741.0,312.0,0.0,728.0,308.0,0.0,748.0,312.0,,,,35,,Tymur,Tutierov,Tutierov,has joined Exeter City on loan for the rest of the season.,,0,0,0,0,0,0,0,0,0,0,0,0,0,,,,0.0,0.0,0.0,0.0,0.0,0,0,0
800,d,75.0,75.0,4.9,345,215.0,0,0.0,-1,1.0,0.0,825,368.0,1,0,1.0,499.0,228.0,0,4,0.0,742.0,314.0,0.0,0.2,0.0,170,0,139,0,-0.4,0.4,0.0,0.04,0.04,0.24,0.0,0.09,0.09,0.57,3.4,490.0,223.0,4.3,452.0,217.0,2.0,457.0,225.0,1.0,491.0,224.0,,,,35,,Djiamgone Jocelin Ta,Bi,Jocelin.T,Lack of match fitness - 75% chance of playing,,38,0,0,0,0,0,0,0,0,0,0,1,3,,,,0.0,0.0,0.0,2.37,7.11,1,0,2
812,a,,,4.0,711,62.0,0,0.0,0,0.0,0.1,486,72.0,16,0,5.3,6.0,2.0,3,62,0.0,472.0,73.0,0.0,4.0,0.0,26952,10,15260,61,-0.5,0.5,0.0,0.02,0.02,4.1,0.0,0.01,0.01,1.37,73.6,399.0,29.0,0.0,596.0,71.0,0.0,565.0,57.0,7.4,438.0,29.0,,,,35,,Melker,Ellborg,Ellborg,,,270,0,0,1,2,0,0,0,0,0,10,3,0,,,,3.33,0.33,0.67,1.0,0.0,0,6,33
813,d,50.0,50.0,5.0,276,170.0,0,0.0,0,0.0,0.0,793,347.0,9,0,1.8,378.0,160.0,0,27,0.0,757.0,327.0,0.0,1.8,0.0,1098,1,885,1,-0.2,0.2,0.49,0.08,0.57,5.65,0.17,0.03,0.2,2.0,36.2,435.0,190.0,28.3,392.0,197.0,62.0,323.0,169.0,12.6,414.0,189.0,,,,35,,Nilson,Angulo,Angulo,Lack of match fitness - 50% chance of playing,,254,0,0,1,4,0,0,0,0,0,0,3,23,,,,0.0,0.35,1.42,1.06,8.15,7,10,6
821,a,,,4.5,476,290.0,0,0.0,0,0.0,0.0,816,362.0,0,0,0.0,734.0,302.0,0,0,0.0,647.0,244.0,0.0,0.0,0.0,152,2,45,2,-0.5,0.5,0.0,0.0,0.0,0.0,0.0,0.0,0.0,0.0,0.0,731.0,299.0,0.0,725.0,300.0,0.0,711.0,295.0,0.0,732.0,300.0,,,,35,,Jack,Whittaker,Whittaker,,,0,0,0,0,0,0,0,0,0,0,0,0,0,,,,0.0,0.0,0.0,0.0,0.0,0,0,0
822,a,,,4.5,477,291.0,0,0.0,0,0.0,0.0,809,357.0,0,0,0.0,735.0,303.0,0,0,0.0,648.0,245.0,0.0,0.0,0.0,231,4,76,1,-0.5,0.5,0.0,0.0,0.0,0.0,0.0,0.0,0.0,0.0,0.0,732.0,300.0,0.0,726.0,301.0,0.0,712.0,296.0,0.0,733.0,301.0,,,,35,,Jaydon,Jones,Jones,,,0,0,0,0,0,0,0,0,0,0,0,0,0,,,,0.0,0.0,0.0,0.0,0.0,0,0,0
565,i,0.0,0.0,4.7,381,17.0,0,0.0,-3,3.0,4.9,79,14.0,90,0,2.9,210.0,24.0,6,412,0.0,697.0,92.0,0.0,19.1,0.0,1358529,7,1508946,658,0.0,0.0,0.0,0.04,0.04,46.21,0.0,0.0,0.0,1.49,709.2,37.0,10.0,10.1,428.0,7.0,0.0,754.0,83.0,72.2,206.0,9.0,,,,35,,Guglielmo,Vicario,Vicario,Hernia - Expected back 11 May,,2790,0,0,7,50,0,0,0,1,0,83,31,97,,,,2.68,0.23,1.61,1.0,0.0,1,35,247
566,a,,,3.9,762,79.0,0,0.0,-1,1.0,0.3,334,47.0,0,0,0.0,556.0,50.0,0,0,0.0,406.0,38.0,0.0,0.0,0.0,21864,6,26299,12,0.0,0.0,0.0,0.0,0.0,0.0,0.0,0.0,0.0,0.0,0.0,545.0,50.0,0.0,532.0,33.0,0.0,500.0,19.0,0.0,547.0,50.0,,,,35,,Brandon,Austin,Austin,,,0,0,0,0,0,0,0,0,0,0,0,0,0,,,,0.0,0.0,0.0,0.0,0.0,0,0,0
567,a,,,3.9,775,86.0,0,0.0,-1,1.0,1.7,152,20.0,9,0,3.0,194.0,22.0,0,39,2.2,126.0,12.0,0.6,2.3,0.0,156504,239,194023,59,2.2,2.2,0.0,0.0,0.0,2.85,0.0,0.0,0.0,0.95,44.4,426.0,34.0,0.0,542.0,40.0,0.0,510.0,26.0,4.4,461.0,34.0,,,,35,,Antonín,Kinský,Kinsky,,,270,0,0,1,3,0,0,0,0,0,4,3,0,,,,1.33,0.33,1.0,1.0,0.0,0,7,19
568,a,100.0,100.0,5.2,212,29.0,0,0.0,-3,3.0,10.6,36,11.0,102,0,3.4,138.0,51.0,6,426,4.8,23.0,11.0,0.9,19.6,0.0,1751026,757,3109312,635,4.8,4.8,0.89,3.45,4.34,35.05,0.03,0.13,0.16,1.3,589.8,60.0,29.0,705.7,16.0,1.0,188.0,172.0,40.0,148.5,43.0,5.0,3.0,2.0,,35,,Pedro,Porro Sauceda,Pedro Porro,,,2433,1,3,8,36,0,0,0,8,0,0,28,222,,,,0.0,0.3,1.33,1.04,6.92,60,127,117
569,i,0.0,0.0,5.0,251,38.0,0,0.0,0,0.0,2.9,112,43.0,91,0,4.0,59.0,24.0,10,305,0.2,347.0,118.0,0.0,18.2,0.0,1032964,6,1239788,256,0.0,0.0,1.39,1.25,2.64,28.32,0.07,0.06,0.13,1.36,574.8,67.0,31.0,133.6,247.0,64.0,223.0,139.0,26.0,93.2,142.0,46.0,,,,35,,Cristian,Romero,Romero,Knee injury - Expected back 01 Jun,,1869,4,1,5,33,0,0,0,9,2,0,22,224,,,,0.0,0.24,1.59,1.06,9.49,58,139,88
570,a,100.0,100.0,4.2,630,141.0,0,0.0,-3,3.0,0.2,415,153.0,46,0,2.3,299.0,111.0,1,162,2.0,144.0,53.0,0.5,11.0,0.0,23642,27,33554,11,2.0,2.0,0.29,0.24,0.53,17.45,0.02,0.02,0.04,1.39,317.0,211.0,82.0,34.8,380.0,136.0,46.0,339.0,110.0,39.9,321.0,109.0,,,,35,,Kevin,Danso,Danso,,,1129,0,0,3,21,0,0,0,6,0,0,13,158,,,,0.0,0.24,1.67,1.04,12.04,22,129,37
571,i,0.0,0.0,4.3,579,125.0,0,0.0,-2,2.0,0.1,554,196.0,10,0,3.3,143.0,53.0,1,29,0.0,530.0,224.0,0.0,2.3,0.0,4485,0,12166,1,0.0,0.0,0.49,0.07,0.56,1.11,0.32,0.05,0.37,0.73,67.4,405.0,151.0,22.2,400.0,143.0,52.0,335.0,108.0,14.2,402.0,144.0,,,,35,,Ben,Davies,Davies,Ankle injury - Unknown return date,,136,1,0,0,3,0,0,0,1,0,0,2,14,,,,0.0,0.0,1.99,1.32,9.26,5,9,5
572,a,100.0,100.0,4.5,450,93.0,0,0.0,0,0.0,0.0,668,235.0,16,0,1.8,372.0,140.0,0,30,0.2,337.0,114.0,0.0,3.6,0.0,4267,1,3350,4,0.2,0.2,0.31,0.01,0.32,12.01,0.05,0.0,0.05,2.1,125.6,353.0,134.0,3.2,458.0,165.0,27.0,373.0,126.0,15.6,401.0,143.0,,,,35,,Radu,Drăgușin,Dragusin,,,514,0,0,0,13,0,0,0,0,0,0,5,72,,,,0.0,0.0,2.28,0.88,12.61,5,67,14
573,a,100.0,100.0,4.1,656,156.0,0,0.0,-4,4.0,0.9,204,80.0,69,0,2.7,231.0,90.0,3,248,2.2,127.0,48.0,0.5,16.8,0.0,306155,55,369649,44,2.2,2.2,0.88,1.75,2.63,30.32,0.04,0.08,0.12,1.43,280.2,238.0,94.0,206.0,182.0,48.0,180.0,179.0,41.0,66.5,224.0,79.0,,,,35,,Djed,Spence,Spence,,,1910,0,0,8,30,0,0,0,4,0,0,22,137,,,,0.0,0.38,1.41,1.04,5.32,42,71,105
574,a,100.0,100.0,4.3,595,136.0,0,0.0,-2,2.0,0.3,324,119.0,18,0,1.1,449.0,160.0,0,77,1.0,229.0,79.0,0.2,4.2,0.0,53848,13,116127,11,1.0,1.0,0.16,0.67,0.83,17.09,0.01,0.06,0.07,1.53,167.6,319.0,123.0,157.7,221.0,58.0,90.0,286.0,84.0,41.6,311.0,105.0,,,,35,,Destiny,Udogie,Udogie,,,1004,0,1,0,21,0,0,0,3,0,0,10,71,,,,0.0,0.0,1.88,0.9,4.48,23,27,56
575,a,100.0,100.0,4.4,550,119.0,0,0.0,-1,1.0,17.8,16,6.0,106,0,3.4,131.0,48.0,10,380,2.0,146.0,55.0,0.5,24.1,0.0,3598684,280,4674257,1335,2.0,2.0,2.79,0.36,3.15,40.29,0.09,0.01,0.1,1.35,640.6,49.0,22.0,92.5,297.0,94.0,210.0,154.0,33.0,94.2,139.0,44.0,,,,35,,Micky,van de Ven,Van de Ven,,,2681,4,1,8,46,0,0,0,8,1,0,31,232,,,,0.0,0.27,1.54,1.04,6.58,35,161,104
576,u,0.0,0.0,4.0,719,189.0,0,0.0,0,0.0,0.0,741,255.0,0,0,0.0,618.0,228.0,0,0,0.0,479.0,187.0,0.0,0.0,0.0,0,0,2010,0,0.0,0.0,0.0,0.0,0.0,0.0,0.0,0.0,0.0,0.0,0.0,608.0,228.0,0.0,601.0,228.0,0.0,571.0,225.0,0.0,610.0,228.0,,,,35,,Ashley,Phillips,Phillips,Has joined Stoke City on loan for the rest of the season.,,0,0,0,0,0,0,0,0,0,0,0,0,0,,,,0.0,0.0,0.0,0.0,0.0,0,0,0
577,u,0.0,0.0,4.0,721,190.0,0,0.0,0,0.0,0.0,606,216.0,0,0,0.0,620.0,229.0,0,0,0.0,481.0,188.0,0.0,0.0,0.0,1005,0,9158,2,0.0,0.0,0.0,0.0,0.0,0.0,0.0,0.0,0.0,0.0,0.0,610.0,229.0,0.0,603.0,229.0,0.0,573.0,226.0,0.0,612.0,229.0,,,,35,,Takai,Kōta,Takai,has joined Borussia Mönchengladbach on loan for the rest of the season.,,0,0,0,0,0,0,0,0,0,0,0,0,0,,,,0.0,0.0,0.0,0.0,0.0,0,0,0
578,u,0.0,0.0,3.9,791,233.0,0,0.0,-1,1.0,0.3,322,117.0,0,0,0.0,578.0,210.0,0,0,0.0,430.0,163.0,0.0,0.0,0.0,7334,0,92602,4,0.0,0.0,0.0,0.0,0.0,0.0,0.0,0.0,0.0,0.0,0.0,567.0,209.0,0.0,555.0,209.0,0.0,524.0,205.0,0.0,569.0,209.0,,,,35,,Luka,Vušković,Vuskovic,has joined Hamburger SV on loan for the rest of the season.,,0,0,0,0,0,0,0,0,0,0,0,0,0,,,,0.0,0.0,0.0,0.0,0.0,0,0,0
579,u,0.0,0.0,8.5,10,5.0,0,0.0,0,0.0,0.1,456,156.0,0,0,0.0,830.0,373.0,0,0,0.0,828.0,373.0,0.0,0.0,0.0,0,0,25633,1,0.0,0.0,0.0,0.0,0.0,0.0,0.0,0.0,0.0,0.0,0.0,830.0,373.0,0.0,830.0,373.0,0.0,830.0,373.0,0.0,830.0,373.0,,,,35,,Son,Heung-min,Son,has joined Los Angeles FC permanently.,,0,0,0,0,0,0,0,0,0,0,0,0,0,,,,0.0,0.0,0.0,0.0,0.0,0,0,0
581,a,100.0,100.0,6.8,42,26.0,0,0.0,-2,2.0,0.1,437,150.0,0,0,0.0,827.0,370.0,0,0,0.0,823.0,368.0,0.0,0.0,0.0,5203,77,24993,21,0.0,0.0,0.0,0.0,0.0,0.0,0.0,0.0,0.0,0.0,0.0,827.0,370.0,0.0,827.0,370.0,0.0,827.0,370.0,0.0,827.0,370.0,,,,35,,James,Maddison,Maddison,,,0,0,0,0,0,0,0,0,0,0,0,0,0,,,,0.0,0.0,0.0,0.0,0.0,0,0,0
582,i,0.0,0.0,6.4,58,37.0,0,0.0,-1,1.0,9.2,39,13.0,75,0,3.9,74.0,34.0,7,257,0.0,820.0,367.0,0.0,11.7,0.0,3263849,3,5225921,200,0.0,0.0,1.92,2.41,4.33,22.74,0.11,0.14,0.25,1.33,333.4,200.0,82.0,413.8,68.0,53.0,302.0,98.0,59.0,104.7,107.0,63.0,,4.0,3.0,35,,Mohammed,Kudus,Kudus,Thigh injury - Unknown return date,,1535,2,6,7,20,0,0,0,3,0,0,19,133,,,,0.0,0.41,1.17,1.11,7.8,29,9,95
583,i,0.0,0.0,6.4,57,36.0,0,0.0,-1,1.0,0.0,723,299.0,0,0,0.0,824.0,369.0,0,0,0.0,819.0,366.0,0.0,0.0,0.0,1208,2,2238,1,0.0,0.0,0.0,0.0,0.0,0.0,0.0,0.0,0.0,0.0,0.0,824.0,369.0,0.0,824.0,369.0,0.0,824.0,369.0,0.0,824.0,369.0,,,,35,,Dejan,Kulusevski,Kulusevski,Knee injury - Unknown return date,,0,0,0,0,0,0,0,0,0,0,0,0,0,,,,0.0,0.0,0.0,0.0,0.0,0,0,0
584,a,100.0,100.0,6.2,78,52.0,0,0.0,-3,3.0,0.1,425,146.0,59,0,2.2,321.0,141.0,5,203,0.8,284.0,133.0,0.1,9.5,0.0,45683,51,49933,20,0.8,0.8,2.14,1.43,3.56,15.14,0.19,0.13,0.32,1.37,227.8,270.0,113.0,320.0,111.0,77.0,256.0,120.0,70.0,80.6,173.0,90.0,1.0,,,35,,Mathys,Tel,Tel,,,998,3,1,1,20,0,0,0,0,0,0,9,88,,,,0.0,0.09,1.8,0.81,7.94,19,12,57
585,a,100.0,100.0,5.2,205,127.0,0,0.0,-3,3.0,0.2,403,137.0,72,0,3.3,152.0,63.0,3,301,2.0,152.0,62.0,0.4,13.8,0.0,58888,19,67887,9,2.0,2.0,0.51,0.78,1.29,21.76,0.03,0.04,0.07,1.25,300.6,223.0,94.0,164.7,212.0,138.0,109.0,263.0,145.0,57.7,256.0,125.0,,,,35,,Rodrigo,Bentancur,Bentancur,,,1563,1,1,6,22,0,0,0,6,0,0,19,234,,,,0.0,0.35,1.27,1.09,13.47,44,79,111
586,a,100.0,100.0,5.2,219,134.0,0,0.0,-3,3.0,0.2,394,131.0,47,0,2.2,317.0,137.0,0,157,1.8,169.0,72.0,0.3,9.0,0.0,104693,11,112393,7,1.8,1.8,1.18,0.43,1.61,13.33,0.11,0.04,0.15,1.27,164.6,323.0,144.0,105.7,281.0,169.0,141.0,227.0,124.0,40.9,316.0,155.0,,,,35,,Lucas,Bergvall,Bergvall,,,945,1,3,3,17,0,0,0,2,0,0,11,79,,,,0.0,0.29,1.62,1.05,7.52,22,18,39
587,a,100.0,100.0,5.2,209,129.0,0,0.0,-3,3.0,0.0,595,224.0,16,0,1.6,404.0,172.0,0,96,0.8,279.0,130.0,0.2,3.1,0.0,3589,3,15347,0,0.8,0.8,0.36,0.1,0.46,11.92,0.06,0.02,0.08,1.86,88.2,388.0,172.0,23.4,397.0,200.0,23.0,384.0,194.0,13.3,409.0,186.0,,,,35,,Yves,Bissouma,Bissouma,,,577,0,0,1,16,0,0,0,4,0,0,7,73,,,,0.0,0.16,2.5,1.09,11.39,18,26,29
588,i,0.0,0.0,5.3,199,124.0,0,0.0,-2,2.0,0.0,608,232.0,46,0,1.9,357.0,154.0,6,176,0.0,779.0,342.0,0.0,8.7,0.0,16436,0,18566,1,0.0,0.0,1.92,1.21,3.13,14.24,0.18,0.11,0.29,1.32,158.8,326.0,147.0,284.3,138.0,92.0,234.0,129.0,76.0,67.6,222.0,107.0,,,,35,,Wilson,Odobert,Odobert,Knee injury - Unknown return date,,972,0,2,2,13,0,0,0,0,0,0,10,77,,,,0.0,0.19,1.2,0.93,7.13,10,14,53
589,u,0.0,0.0,5.4,164,102.0,0,0.0,-1,1.0,0.0,767,327.0,0,0,0.0,811.0,359.0,0,0,0.0,787.0,346.0,0.0,0.0,0.0,115,0,1482,0,0.0,0.0,0.0,0.0,0.0,0.0,0.0,0.0,0.0,0.0,0.0,810.0,358.0,0.0,809.0,358.0,0.0,807.0,357.0,0.0,810.0,358.0,,,,35,,Manor,Solomon,Solomon,has joined Fiorentina on loan for the rest of the season.,,0,0,0,0,0,0,0,0,0,0,0,0,0,,,,0.0,0.0,0.0,0.0,0.0,0,0,0
590,u,0.0,0.0,4.9,322,199.0,0,0.0,-1,1.0,0.0,663,264.0,0,0,0.0,784.0,340.0,0,0,0.0,728.0,304.0,0.0,0.0,0.0,675,0,4509,0,0.0,0.0,0.0,0.0,0.0,0.0,0.0,0.0,0.0,0.0,0.0,783.0,339.0,0.0,779.0,339.0,0.0,775.0,337.0,0.0,783.0,339.0,,,,35,,Bryan,Gil Salvatierra,Bryan,has joined Girona permanently.,,0,0,0,0,0,0,0,0,0,0,0,0,0,,,,0.0,0.0,0.0,0.0,0.0,0,0,0
591,a,100.0,100.0,4.8,372,232.0,0,0.0,-2,2.0,0.1,419,144.0,60,0,2.6,249.0,99.0,6,235,0.8,268.0,122.0,0.2,12.5,0.0,25683,14,28966,38,0.8,0.8,1.5,1.29,2.79,24.55,0.09,0.08,0.17,1.51,257.2,252.0,108.0,138.1,242.0,155.0,158.0,202.0,111.0,55.3,264.0,132.0,,,,35,,Archie,Gray,Gray,,,1463,2,2,5,28,0,0,0,5,0,0,18,131,,,,0.0,0.31,1.72,1.11,8.06,11,64,56
592,u,0.0,0.0,5.0,272,166.0,0,0.0,0,0.0,0.0,803,353.0,0,0,0.0,801.0,353.0,0,0,0.0,755.0,325.0,0.0,0.0,0.0,0,0,688,0,0.0,0.0,0.0,0.0,0.0,0.0,0.0,0.0,0.0,0.0,0.0,800.0,352.0,0.0,798.0,352.0,0.0,793.0,350.0,0.0,800.0,352.0,,,,35,,Mikey,Moore,Moore,Has joined Rangers on loan for the rest of the season.,,0,0,0,0,0,0,0,0,0,0,0,0,0,,,,0.0,0.0,0.0,0.0,0.0,0,0,0
593,i,0.0,0.0,4.5,444,265.0,0,0.0,-5,5.0,1.0,199,70.0,66,0,2.9,209.0,84.0,2,293,0.2,336.0,155.0,0.0,14.7,0.0,407033,3,611849,327,0.0,0.0,1.5,1.08,2.58,26.21,0.1,0.07,0.17,1.75,314.8,213.0,89.0,151.6,227.0,145.0,152.0,213.0,116.0,62.0,241.0,119.0,,,,35,,Pape Matar,Sarr,P.M.Sarr,Shoulder injury - Unknown return date,,1349,2,3,3,22,0,0,0,2,0,0,13,180,,,,0.0,0.2,1.47,0.87,12.01,32,72,76
594,u,0.0,0.0,4.5,508,316.0,0,0.0,0,0.0,0.0,742,312.0,0,0,0.0,759.0,322.0,0,0,0.0,679.0,270.0,0.0,0.0,0.0,0,0,2832,0,0.0,0.0,0.0,0.0,0.0,0.0,0.0,0.0,0.0,0.0,0.0,758.0,321.0,0.0,751.0,321.0,0.0,738.0,317.0,0.0,758.0,321.0,,,,35,,Yang,Min-hyeok,Min-hyeok,has joined Coventry City on loan for the rest of the season.,,0,0,0,0,0,0,0,0,0,0,0,0,0,,,,0.0,0.0,0.0,0.0,0.0,0,0,0
595,a,,,4.3,603,356.0,0,0.0,-2,2.0,0.2,374,126.0,1,0,1.0,471.0,205.0,0,3,0.0,542.0,176.0,0.0,0.2,0.0,25529,10,31865,14,0.0,0.0,0.0,0.01,0.01,0.75,0.0,0.06,0.06,4.82,0.6,509.0,231.0,1.8,467.0,223.0,0.0,620.0,231.0,0.2,510.0,233.0,,,,35,,Callum,Olusesi,Olusesi,,,14,0,0,0,0,0,0,0,0,0,0,0,2,,,,0.0,0.0,0.0,0.0,12.86,0,0,2
596,i,0.0,0.0,7.1,34,14.0,-1,1.0,-4,4.0,1.4,166,24.0,40,0,2.7,245.0,25.0,4,187,1.2,223.0,30.0,0.2,5.6,0.0,283255,2,631485,1788,0.0,0.0,2.97,0.34,3.3,17.8,0.27,0.03,0.3,1.61,205.0,288.0,29.0,84.1,305.0,36.0,339.0,83.0,28.0,62.7,237.0,29.0,,,2.0,35,,Dominic,Solanke-Mitchell,Solanke,Muscle injury - Unknown return date,,997,3,0,0,21,0,0,0,1,0,0,11,71,,,,0.0,0.0,1.9,0.99,6.41,22,16,33
597,a,100.0,100.0,6.3,65,22.0,0,0.0,-2,2.0,5.6,70,14.0,99,0,3.5,128.0,10.0,13,432,1.5,200.0,26.0,0.2,15.7,0.0,3053051,444,3109561,372,1.5,1.5,6.59,1.27,7.86,23.25,0.37,0.07,0.44,1.3,509.8,100.0,9.0,202.6,184.0,17.0,667.0,23.0,13.0,137.4,53.0,11.0,,,5.0,35,,Richarlison,de Andrade,Richarlison,,,1612,9,4,5,24,0,0,0,5,0,0,16,125,,,,0.0,0.28,1.34,0.89,6.98,23,52,50
598,u,0.0,0.0,4.5,469,66.0,0,0.0,0,0.0,0.0,679,87.0,0,0,0.0,729.0,77.0,0,0,0.0,640.0,66.0,0.0,0.0,0.0,0,0,5146,0,0.0,0.0,0.0,0.0,0.0,0.0,0.0,0.0,0.0,0.0,0.0,725.0,77.0,0.0,719.0,76.0,0.0,704.0,76.0,0.0,726.0,77.0,,,,35,,Will,Lankshear,Lankshear,has joined Oxford United on loan for the rest of the season.,,0,0,0,0,0,0,0,0,0,0,0,0,0,,,,0.0,0.0,0.0,0.0,0.0,0,0,0
599,u,0.0,0.0,4.3,598,84.0,0,0.0,-2,2.0,0.5,263,39.0,2,0,1.0,469.0,57.0,0,5,0.0,539.0,54.0,0.0,0.5,0.0,60820,0,112364,18,0.0,0.0,0.0,0.01,0.01,0.03,0.0,0.13,0.13,0.39,1.0,507.0,61.0,4.1,453.0,59.0,2.0,449.0,61.0,0.7,495.0,60.0,,,,35,,Dane,Scarlett,Scarlett,has joined Hibernian on loan for the rest of the season.,,7,0,0,0,0,0,0,0,0,0,0,0,1,,,,0.0,0.0,0.0,0.0,12.86,0,0,1
673,a,100.0,100.0,5.5,136,85.0,0,0.0,0,0.0,0.8,219,75.0,105,0,3.6,109.0,46.0,14,435,2.8,99.0,38.0,0.5,19.1,0.0,375774,91,370929,37,2.8,2.8,2.02,0.6,2.62,30.05,0.1,0.03,0.13,1.46,539.6,86.0,28.0,116.6,263.0,162.0,220.0,143.0,82.0,87.9,151.0,79.0,,,,35,,João Maria,Lobo Alves Palhares Costa Palhinha Gonçalves,J.Palhinha,,,1854,4,3,4,33,0,0,0,6,0,0,19,251,,,,0.0,0.19,1.6,0.92,12.18,98,82,71
717,i,0.0,0.0,6.4,60,39.0,-1,1.0,-6,6.0,1.6,158,55.0,80,0,2.9,214.0,88.0,7,345,3.8,60.0,20.0,0.6,12.5,0.0,1067570,6,923683,3605,0.0,0.0,3.06,3.85,6.91,30.71,0.16,0.2,0.36,1.58,349.6,193.0,76.0,533.8,39.0,36.0,255.0,121.0,71.0,113.9,90.0,55.0,2.0,3.0,4.0,35,,Xavi,Simons,Xavi,Knee injury - Expected back 01 Jan,,1747,2,5,4,36,0,0,0,5,1,0,19,149,,,,0.0,0.21,1.85,0.98,7.68,34,28,87
726,a,100.0,100.0,6.9,39,15.0,0,0.0,-1,1.0,0.4,285,44.0,46,0,1.8,388.0,47.0,1,133,1.0,254.0,36.0,0.1,6.7,0.0,142664,79,128224,84,1.0,1.0,1.82,1.37,3.19,23.14,0.12,0.09,0.21,1.47,152.4,330.0,32.0,241.7,161.0,13.0,230.0,131.0,31.0,61.4,243.0,31.0,,,,35,,Randal,Kolo Muani,Kolo Muani,,,1414,1,1,3,28,0,0,0,2,0,0,18,101,,,,0.0,0.19,1.78,1.15,6.43,23,22,56
745,a,,,4.0,742,209.0,0,0.0,0,0.0,0.0,615,219.0,1,0,1.0,465.0,170.0,0,3,0.0,502.0,207.0,0.0,0.2,0.0,2217,1,2277,1,0.0,0.0,0.0,0.0,0.0,0.0,0.0,0.0,0.0,0.0,0.4,510.0,179.0,0.5,481.0,175.0,0.0,592.0,243.0,0.1,513.0,179.0,,,,35,,Jun'ai,Byfield,Byfield,,,1,0,0,0,0,0,0,0,0,0,0,0,0,,,,0.0,0.0,0.0,0.0,0.0,0,0,0
750,a,,,4.0,706,181.0,0,0.0,0,0.0,0.0,637,228.0,1,0,1.0,462.0,167.0,0,3,0.0,467.0,180.0,0.0,0.2,0.0,2044,0,1872,3,0.0,0.0,0.0,0.0,0.0,0.36,0.0,0.0,0.0,32.4,0.0,599.0,223.0,0.0,591.0,223.0,0.0,560.0,219.0,0.0,601.0,223.0,,,,35,,James,Rowswell,Rowswell,,,1,0,0,0,0,0,0,0,0,0,0,0,0,,,,0.0,0.0,0.0,0.0,0.0,0,0,0
751,u,0.0,0.0,4.5,491,302.0,0,0.0,0,0.0,0.0,789,343.0,0,0,0.0,745.0,311.0,0,0,0.0,662.0,256.0,0.0,0.0,0.0,675,0,657,0,0.0,0.0,0.0,0.0,0.0,0.0,0.0,0.0,0.0,0.0,0.0,743.0,309.0,0.0,736.0,309.0,0.0,723.0,305.0,0.0,743.0,309.0,,,,35,,Yusuf,Akhamrich,Akhamrich,has joined Bristol Rovers on loan for the rest of the season.,,0,0,0,0,0,0,0,0,0,0,0,0,0,,,,0.0,0.0,0.0,0.0,0.0,0,0,0
790,a,,,4.5,503,312.0,0,0.0,0,0.0,0.0,762,324.0,0,0,0.0,754.0,318.0,0,0,0.0,674.0,266.0,0.0,0.0,0.0,924,3,528,1,0.0,0.0,0.0,0.0,0.0,0.0,0.0,0.0,0.0,0.0,0.0,753.0,317.0,0.0,746.0,317.0,0.0,733.0,313.0,0.0,753.0,317.0,,,,35,,Lucá,Williams-Barnett,Williams-Barnett,,,0,0,0,0,0,0,0,0,0,0,0,0,0,,,,0.0,0.0,0.0,0.0,0.0,0,0,0
796,a,100.0,100.0,5.0,253,153.0,0,0.0,-5,5.0,0.1,500,180.0,28,0,2.3,306.0,130.0,0,144,2.0,150.0,61.0,0.4,5.6,0.0,39745,31,29531,22,2.0,2.0,0.6,0.57,1.17,16.58,0.06,0.06,0.12,1.79,120.8,356.0,160.0,158.8,220.0,142.0,110.0,261.0,144.0,39.0,323.0,158.0,,,,35,,Conor,Gallagher,Gallagher,,,832,0,1,1,19,0,0,0,1,0,0,10,86,,,,0.0,0.11,2.06,1.08,9.3,13,23,50
804,a,,,4.0,739,206.0,0,0.0,0,0.0,0.0,678,239.0,3,0,0.8,518.0,178.0,0,0,0.0,499.0,204.0,0.0,0.8,0.0,2729,2,1490,5,0.0,0.0,0.02,0.03,0.05,2.61,0.01,0.02,0.03,1.65,12.8,465.0,169.0,31.9,386.0,138.0,17.0,397.0,143.0,6.2,446.0,161.0,,,,35,,João Victor,de Souza Menezes,Souza,,,142,0,0,0,3,0,0,0,1,0,0,2,6,,,,0.0,0.0,1.9,1.27,3.8,0,6,3
811,a,,,4.5,462,279.0,0,0.0,0,0.0,0.0,792,346.0,0,0,0.0,724.0,294.0,0,0,0.0,634.0,233.0,0.0,0.0,0.0,473,2,261,2,0.0,0.0,0.0,0.0,0.0,0.0,0.0,0.0,0.0,0.0,0.0,719.0,289.0,0.0,714.0,291.0,0.0,698.0,284.0,0.0,720.0,290.0,,,,35,,Rio,Kyerematen,Kyerematen,,,0,0,0,0,0,0,0,0,0,0,0,0,0,,,,0.0,0.0,0.0,0.0,0.0,0,0,0
326,a,100.0,100.0,5.1,225,137.0,0,0.0,-4,4.0,0.2,414,143.0,24,0,1.0,503.0,231.0,0,71,0.2,349.0,160.0,0.0,4.7,0.0,17917,8,38591,7,-0.8,0.2,0.69,0.56,1.25,8.24,0.17,0.14,0.31,2.06,29.2,442.0,195.0,68.5,325.0,176.0,68.0,311.0,164.0,16.0,400.0,183.0,,,,35,,Adama,Traoré Diarra,Adama,,,360,0,0,0,11,0,0,0,1,0,0,1,17,,,,0.0,0.0,2.75,0.25,4.25,1,2,14
600,a,100.0,100.0,4.2,629,30.0,0,0.0,-3,3.0,1.9,143,19.0,51,0,2.5,267.0,28.0,2,220,0.0,516.0,81.0,0.0,12.1,0.0,191774,55,478151,145,-1.0,0.0,0.0,0.0,0.0,35.3,0.0,0.0,0.0,1.76,570.4,70.0,14.0,10.0,429.0,8.0,0.0,603.0,67.0,57.9,252.0,14.0,,,,35,,Alphonse,Areola,Areola,,,1800,0,1,0,37,0,0,0,0,0,77,20,55,,,,3.85,0.0,1.85,1.0,0.0,0,30,142
601,u,0.0,0.0,4.0,668,42.0,0,0.0,0,0.0,0.2,366,52.0,0,0,0.0,581.0,65.0,0,0,0.0,433.0,53.0,0.0,0.0,0.0,3874,0,43370,2,0.0,0.0,0.0,0.0,0.0,0.0,0.0,0.0,0.0,0.0,0.0,570.0,65.0,0.0,560.0,51.0,0.0,529.0,37.0,0.0,572.0,65.0,,,,35,,Wes,Foderingham,Foderingham,has joined Aris Limassol permanently.,,0,0,0,0,0,0,0,0,0,0,0,0,0,,,,0.0,0.0,0.0,0.0,0.0,0,0,0
602,u,0.0,0.0,3.9,774,85.0,0,0.0,-1,1.0,0.2,383,55.0,0,0,0.0,565.0,56.0,0,0,0.0,415.0,44.0,0.0,0.0,0.0,11331,0,21373,9,0.0,0.0,0.0,0.0,0.0,0.0,0.0,0.0,0.0,0.0,0.0,554.0,56.0,0.0,541.0,39.0,0.0,509.0,25.0,0.0,556.0,56.0,,,,35,,Krisztián,Hegyi,Hegyi,has joined MTK Budapest on loan for the rest of the season.,,0,0,0,0,0,0,0,0,0,0,0,0,0,,,,0.0,0.0,0.0,0.0,0.0,0,0,0
603,a,100.0,100.0,4.1,662,160.0,0,0.0,-4,4.0,2.5,126,49.0,96,1,3.3,142.0,52.0,3,338,3.5,65.0,27.0,0.9,23.4,0.0,454601,137,948288,644,2.5,3.5,0.5,2.38,2.88,37.04,0.02,0.09,0.11,1.4,515.8,92.0,39.0,380.8,80.0,17.0,93.0,282.0,83.0,99.1,123.0,34.0,,,,35,,El Hadji Malick,Diouf,Diouf,,,2385,0,6,8,42,0,0,0,5,0,0,27,222,,,,0.0,0.3,1.59,1.02,7.07,39,148,106
604,u,0.0,0.0,4.4,528,103.0,0,0.0,-1,1.0,0.0,584,208.0,0,0,0.0,671.0,254.0,0,0,0.0,561.0,230.0,0.0,0.0,0.0,1719,0,20840,2,0.0,0.0,0.0,0.0,0.0,0.0,0.0,0.0,0.0,0.0,0.0,662.0,254.0,0.0,657.0,254.0,0.0,636.0,253.0,0.0,664.0,254.0,,,,35,,Emerson,Palmieri dos Santos,Emerson,has joined Marseille permanently.,,0,0,0,0,0,0,0,0,0,0,0,0,0,,,,0.0,0.0,0.0,0.0,0.0,0,0,0
605,a,,,4.1,654,154.0,0,0.0,-4,4.0,0.1,435,163.0,36,0,1.7,389.0,143.0,0,80,0.0,507.0,212.0,0.0,8.8,0.0,30700,0,51920,2,-1.0,0.0,0.56,0.25,0.81,33.28,0.03,0.01,0.04,1.92,392.4,166.0,72.0,55.8,347.0,121.0,60.0,326.0,103.0,50.9,279.0,90.0,,,,35,,Maximilian,Kilman,Kilman,,,1559,0,0,1,37,0,0,0,4,0,0,17,191,,,,0.0,0.06,2.14,0.98,9.24,16,144,43
606,a,100.0,100.0,4.5,426,86.0,0,0.0,0,0.0,2.1,134,54.0,107,-1,3.8,77.0,28.0,5,326,7.5,3.0,1.0,1.7,23.8,0.0,328751,979,58087,1124,6.5,7.5,2.42,0.59,3.01,34.28,0.1,0.02,0.12,1.41,684.2,41.0,17.0,52.6,353.0,125.0,281.0,106.0,13.0,101.8,114.0,31.0,,,,35,,Konstantinos,Mavropanos,Mavropanos,,,2194,3,0,5,38,2,0,0,2,0,0,24,287,,,,0.0,0.21,1.56,0.99,10.97,35,232,87
607,u,0.0,0.0,4.4,533,107.0,0,0.0,-1,1.0,0.0,609,217.0,3,0,1.5,408.0,150.0,0,-1,0.0,565.0,233.0,0.0,0.7,0.0,1288,0,12363,0,0.0,0.0,0.1,0.03,0.13,3.42,0.05,0.02,0.07,1.71,39.0,431.0,160.0,3.9,454.0,163.0,8.0,425.0,161.0,5.1,454.0,162.0,,,,35,,Nayef,Aguerd,N.Aguerd,has joined Marseille permanently.,,180,0,0,0,8,0,0,0,0,0,0,2,23,,,,0.0,0.0,4.0,1.0,7.5,1,14,8
608,a,100.0,100.0,4.3,607,139.0,0,0.0,-2,2.0,0.0,621,221.0,21,0,1.8,368.0,137.0,0,86,0.0,545.0,229.0,0.0,4.9,0.0,5124,1,7267,1,-1.0,0.0,0.18,0.32,0.5,13.28,0.02,0.04,0.06,1.83,138.2,342.0,130.0,71.7,321.0,109.0,22.0,386.0,135.0,23.2,379.0,131.0,5.0,,,35,,Ollie,Scarles,Scarles,,,654,0,1,0,16,0,0,0,1,0,0,9,73,,,,0.0,0.0,2.2,1.24,9.91,29,43,35
609,a,100.0,100.0,4.3,590,133.0,0,0.0,-2,2.0,0.1,489,176.0,45,0,2.1,326.0,120.0,1,164,0.2,326.0,108.0,0.0,10.5,0.0,13003,6,20766,6,-0.8,0.2,0.25,0.31,0.56,31.71,0.01,0.02,0.03,1.68,372.6,180.0,73.0,65.5,334.0,112.0,24.0,380.0,133.0,46.3,294.0,98.0,,,,35,,Jean-Clair,Todibo,Todibo,,,1702,0,1,1,34,0,0,0,4,1,0,20,173,,,,0.0,0.05,1.8,1.06,8.41,37,122,86
610,a,100.0,100.0,4.1,655,155.0,0,0.0,-4,4.0,4.4,88,28.0,63,0,2.9,207.0,80.0,0,190,0.0,508.0,213.0,0.0,15.4,0.0,291117,53,2358236,495,-1.0,0.0,0.0,0.93,0.93,33.11,0.0,0.04,0.04,1.57,406.6,157.0,69.0,289.7,132.0,34.0,30.0,371.0,125.0,73.0,199.0,70.0,,,,35,,Aaron,Wan-Bissaka,Wan-Bissaka,,,1903,0,3,3,39,0,0,0,4,0,0,21,177,,,,0.0,0.14,1.84,0.99,7.71,29,134,66
611,u,0.0,0.0,4.0,716,186.0,0,0.0,0,0.0,0.1,559,199.0,0,0,0.0,616.0,226.0,0,0,0.0,476.0,184.0,0.0,0.0,0.0,0,0,13415,2,0.0,0.0,0.0,0.0,0.0,0.0,0.0,0.0,0.0,0.0,0.0,606.0,226.0,0.0,599.0,226.0,0.0,568.0,222.0,0.0,608.0,226.0,,,,35,,Kaelan,Casey,Casey,has joined Leyton Orient on loan for the rest of the season.,,0,0,0,0,0,0,0,0,0,0,0,0,0,,,,0.0,0.0,0.0,0.0,0.0,0,0,0
612,u,0.0,0.0,5.9,94,62.0,0,0.0,-1,1.0,1.1,192,67.0,69,0,3.8,85.0,37.0,8,291,0.0,809.0,359.0,0.0,11.7,0.0,897173,0,977770,21,0.0,0.0,2.85,2.0,4.85,24.22,0.17,0.12,0.29,1.44,374.6,177.0,68.0,397.2,73.0,57.0,186.0,176.0,97.0,95.7,133.0,74.0,,,,35,,Lucas,Tolentino Coelho de Lima,L.Paquetá,has joined Flamengo permanently.,,1513,4,2,3,33,0,0,0,5,1,0,18,146,,,,0.0,0.18,1.96,1.07,8.68,40,30,76
613,a,100.0,100.0,5.7,115,73.0,0,0.0,-3,3.0,0.4,296,103.0,96,1,3.0,203.0,81.0,9,388,4.2,36.0,10.0,0.7,16.8,0.0,61050,117,118669,130,3.2,4.2,4.74,0.43,5.17,32.44,0.23,0.02,0.25,1.56,472.4,119.0,38.0,159.6,219.0,141.0,391.0,70.0,42.0,102.5,112.0,66.0,,,,35,,Tomáš,Souček,Souček,,,1880,5,2,6,38,0,0,0,2,1,0,21,197,,,,0.0,0.29,1.82,1.01,9.45,35,105,57
615,a,100.0,100.0,5.5,144,90.0,0,0.0,0,0.0,1.4,164,57.0,101,1,3.6,110.0,47.0,10,357,2.2,138.0,56.0,0.4,18.4,0.0,602466,135,434370,743,1.2,2.2,5.13,2.75,7.88,30.92,0.22,0.12,0.34,1.31,383.0,170.0,61.0,376.5,81.0,62.0,508.0,39.0,23.0,126.5,69.0,44.0,2.0,,,35,,Crysencio,Summerville,Summerville,,,2135,5,3,7,36,0,0,0,4,0,0,26,189,,,,0.0,0.3,1.52,1.1,7.98,35,48,106
616,u,0.0,0.0,4.9,308,192.0,0,0.0,-1,1.0,0.0,599,225.0,0,0,0.0,780.0,336.0,0,0,0.0,721.0,298.0,0.0,0.0,0.0,1147,0,16135,0,0.0,0.0,0.0,0.0,0.0,0.0,0.0,0.0,0.0,0.0,0.0,779.0,335.0,0.0,775.0,335.0,0.0,771.0,333.0,0.0,779.0,335.0,,,,35,,Edson,Álvarez Velázquez,Álvarez,Has joined Fenerbahçe on loan for the rest of the season.,,0,0,0,0,0,0,0,0,0,0,0,0,0,,,,0.0,0.0,0.0,0.0,0.0,0,0,0
617,u,0.0,0.0,4.9,288,177.0,0,0.0,-1,1.0,0.0,717,296.0,0,0,0.0,776.0,333.0,0,0,0.0,711.0,291.0,0.0,0.0,0.0,246,0,3229,0,0.0,0.0,0.0,0.0,0.0,0.0,0.0,0.0,0.0,0.0,0.0,775.0,332.0,0.0,771.0,332.0,0.0,767.0,330.0,0.0,775.0,332.0,,,,35,,Maxwel,Cornet,Cornet,has joined Genoa on loan for the rest of the season.,,0,0,0,0,0,0,0,0,0,0,0,0,0,,,,0.0,0.0,0.0,0.0,0.0,0,0,0
618,u,0.0,0.0,4.8,350,220.0,0,0.0,-2,2.0,0.0,612,235.0,8,0,1.3,438.0,194.0,0,30,0.0,704.0,286.0,0.0,1.7,0.0,2295,0,6238,2,0.0,0.0,0.03,0.04,0.07,2.59,0.02,0.02,0.04,1.33,9.8,471.0,208.0,6.0,447.0,215.0,2.0,455.0,224.0,1.7,480.0,216.0,,,,35,,Guido,Rodríguez,G.Rodriguez,has joined Valencia on loan for the rest of the season.,,175,0,0,1,2,0,0,0,1,0,0,2,15,,,,0.0,0.51,1.03,1.03,7.71,1,4,10
619,u,0.0,0.0,4.9,338,209.0,0,0.0,-1,1.0,0.0,692,278.0,5,0,1.0,498.0,227.0,0,11,0.0,737.0,310.0,0.0,1.0,0.0,868,0,3436,0,0.0,0.0,0.07,0.03,0.1,1.82,0.05,0.02,0.07,1.35,9.2,473.0,210.0,14.5,415.0,206.0,4.0,443.0,216.0,2.5,471.0,211.0,,,,35,,Luis Guilherme,Lira dos Santos,L.Guilherme,has joined Sporting CP permanently.,,121,0,0,0,2,0,0,0,0,0,0,1,11,,,,0.0,0.0,1.49,0.74,8.18,1,2,8
620,u,0.0,0.0,4.5,448,267.0,0,0.0,0,0.0,0.0,611,234.0,1,0,1.0,483.0,215.0,0,3,0.0,623.0,223.0,0.0,0.2,0.0,3770,0,9635,2,0.0,0.0,0.0,0.01,0.01,0.73,0.0,0.11,0.11,8.21,0.0,709.0,279.0,1.5,471.0,226.0,2.0,452.0,221.0,0.4,504.0,229.0,,,,35,,George,Earthy,Earthy,has joined Bristol City on loan for the rest of the season.,,8,0,0,0,1,0,0,0,0,0,0,0,0,,,,0.0,0.0,11.25,0.0,0.0,0,0,0
621,u,0.0,0.0,4.3,586,347.0,0,0.0,-2,2.0,0.2,376,127.0,9,0,1.3,433.0,190.0,0,49,0.0,535.0,171.0,0.0,2.1,0.0,43311,0,57008,4,0.0,0.0,0.0,0.17,0.17,4.03,0.0,0.1,0.1,2.32,31.6,439.0,192.0,52.3,354.0,185.0,2.0,447.0,218.0,8.6,429.0,193.0,,,,35,,Andy,Irving,Irving,has joined Sparta Prague permanently.,,156,0,0,0,4,0,0,0,0,0,0,2,22,,,,0.0,0.0,2.31,1.15,12.69,6,2,14
622,u,0.0,0.0,4.4,554,332.0,0,0.0,-1,1.0,0.1,581,216.0,0,0,0.0,681.0,263.0,0,0,0.0,577.0,195.0,0.0,0.0,0.0,1052,0,12024,0,0.0,0.0,0.0,0.0,0.0,0.0,0.0,0.0,0.0,0.0,0.0,673.0,255.0,0.0,669.0,259.0,0.0,648.0,249.0,0.0,675.0,257.0,,,,35,,Lewis,Orford,Orford,has joined Stevenage on loan for the rest of the season.,,0,0,0,0,0,0,0,0,0,0,0,0,0,,,,0.0,0.0,0.0,0.0,0.0,0,0,0
623,a,100.0,100.0,4.3,597,352.0,0,0.0,-2,2.0,0.5,265,92.0,37,0,1.7,391.0,165.0,0,215,0.5,294.0,137.0,0.1,8.6,0.0,148194,72,174072,42,-0.5,0.5,0.21,1.06,1.27,21.35,0.02,0.08,0.1,1.65,191.2,300.0,130.0,141.3,238.0,152.0,37.0,353.0,182.0,37.1,332.0,162.0,,,,35,,Freddie,Potts,Potts,,,1162,0,1,1,25,0,0,0,1,0,0,12,119,,,,0.0,0.08,1.94,0.93,9.22,29,51,39
624,a,,,7.8,18,6.0,0,0.0,-2,2.0,15.0,24,6.0,170,1,4.9,20.0,4.0,25,657,6.8,5.0,1.0,0.9,21.8,0.0,3700839,3944,3618279,7485,5.8,6.8,6.66,4.77,11.43,51.51,0.2,0.14,0.34,1.51,790.8,16.0,3.0,590.2,32.0,1.0,752.0,12.0,7.0,213.3,7.0,3.0,1.0,1.0,2.0,35,,Jarrod,Bowen,Bowen,,,3071,8,12,7,57,0,0,0,4,0,0,35,259,,,,0.0,0.21,1.67,1.03,7.6,45,70,144
625,u,0.0,0.0,5.6,121,34.0,0,0.0,-4,4.0,0.6,257,37.0,12,0,1.5,416.0,49.0,0,28,0.0,802.0,88.0,0.0,2.1,0.0,47611,0,393217,5,0.0,0.0,0.93,0.21,1.14,8.59,0.21,0.05,0.26,1.9,26.0,449.0,52.0,85.1,303.0,34.0,130.0,240.0,47.0,23.8,376.0,48.0,,,,35,,Niclas,Füllkrug,Füllkrug,has joined AC Milan on loan for the rest of the season.,,407,0,0,1,11,0,0,0,0,0,0,5,19,,,,0.0,0.22,2.43,1.11,4.2,2,7,10
626,u,0.0,0.0,4.3,613,86.0,0,0.0,-2,2.0,0.5,269,42.0,2,0,1.0,473.0,58.0,0,0,0.0,551.0,56.0,0.0,0.5,0.0,63604,0,108238,14,0.0,0.0,0.13,0.0,0.13,1.55,0.2,0.0,0.2,2.41,1.2,505.0,59.0,0.1,490.0,62.0,7.0,430.0,59.0,0.8,493.0,59.0,,,,35,,Callum,Marshall,Marshall,has joined VfL Bochum 1848 on loan for the rest of the season.,,58,0,0,0,2,0,0,0,0,0,0,0,3,,,,0.0,0.0,3.1,0.0,4.66,0,2,1
659,a,,,4.2,632,142.0,0,0.0,-3,3.0,0.3,336,121.0,47,1,2.1,324.0,118.0,0,201,3.8,50.0,24.0,0.9,11.2,0.0,38126,30,56084,25,2.8,3.8,1.13,0.36,1.49,23.92,0.08,0.03,0.11,1.73,256.8,253.0,99.0,121.6,259.0,72.0,104.0,269.0,76.0,48.3,287.0,93.0,,,,35,,Kyle,Walker-Peters,Walker-Peters,,,1246,1,0,3,24,0,0,0,2,0,0,14,113,,,,0.0,0.22,1.74,1.01,6.52,43,47,53
671,a,100.0,100.0,5.8,102,29.0,0,0.0,-2,2.0,0.5,266,40.0,71,0,2.5,275.0,30.0,7,258,1.5,198.0,25.0,0.3,12.2,0.0,208804,42,222919,39,0.5,1.5,6.86,0.37,7.23,19.09,0.58,0.03,0.61,1.61,260.2,251.0,23.0,95.8,292.0,31.0,441.0,52.0,21.0,78.5,178.0,24.0,,,,35,,Callum,Wilson,Wilson,,,1069,6,2,1,20,0,0,0,1,0,0,10,37,,,,0.0,0.08,1.68,0.84,3.12,3,9,25
679,a,,,4.2,639,34.0,0,0.0,-3,3.0,0.8,211,26.0,61,1,4.1,49.0,3.0,8,223,4.0,39.0,3.0,1.0,14.5,0.0,121124,148,62312,218,3.0,4.0,0.0,0.01,0.01,17.23,0.0,0.0,0.0,1.21,319.8,207.0,22.0,10.0,431.0,10.0,0.0,607.0,71.0,33.0,341.0,21.0,,,,35,,Mads,Hermansen,Hermansen,,,1282,0,0,6,22,0,0,0,0,0,43,15,34,,,,3.03,0.42,1.55,1.06,0.0,0,17,134
708,a,100.0,100.0,5.5,148,93.0,0,0.0,0,0.0,0.4,283,98.0,117,1,3.5,125.0,56.0,6,583,2.5,122.0,47.0,0.5,21.3,0.0,137482,38,92514,258,1.5,2.5,1.29,2.54,3.83,41.55,0.04,0.09,0.13,1.4,564.2,71.0,20.0,540.9,37.0,34.0,118.0,255.0,139.0,122.4,76.0,47.0,4.0,,,35,,Mateus Gonçalo,Espanha Fernandes,M.Fernandes,,,2679,3,3,7,44,0,0,0,7,0,0,32,326,,,,0.0,0.24,1.48,1.08,10.96,89,75,162
718,a,,,5.0,277,171.0,0,0.0,0,0.0,0.0,661,262.0,41,0,2.0,345.0,149.0,2,182,0.2,348.0,159.0,0.0,8.2,0.0,5569,1,5164,5,-0.8,0.2,0.44,0.32,0.76,18.93,0.04,0.03,0.07,1.76,181.4,307.0,134.0,83.1,308.0,174.0,44.0,344.0,179.0,30.9,350.0,169.0,,,,35,,Soungoutou,Magassa,S.Magassa,,,969,1,0,2,23,0,0,0,4,0,0,11,126,,,,0.0,0.19,2.14,1.02,11.7,40,33,53
738,a,100.0,100.0,4.5,407,21.0,0,0.0,0,0.0,0.0,624,80.0,0,0,0.0,694.0,93.0,0,0,0.0,596.0,88.0,0.0,0.0,0.0,6900,11,6166,5,-1.0,0.0,0.0,0.0,0.0,0.0,0.0,0.0,0.0,0.0,0.0,688.0,93.0,0.0,683.0,86.0,0.0,664.0,76.0,0.0,690.0,93.0,,,,35,,Lukasz,Fabianski,Fabianski,,,0,0,0,0,0,0,0,0,0,0,0,0,0,,,,0.0,0.0,0.0,0.0,0.0,0,0,0
747,a,,,4.0,735,202.0,0,0.0,0,0.0,0.0,622,222.0,6,0,1.0,464.0,169.0,0,18,0.0,495.0,200.0,0.0,1.5,0.0,2873,9,2464,8,-1.0,0.0,0.12,0.49,0.61,3.21,0.1,0.39,0.49,2.56,21.8,455.0,166.0,34.9,379.0,135.0,9.0,422.0,159.0,6.6,444.0,160.0,,,,35,,Ezra,Mayers,Mayers,,,113,0,0,0,3,0,0,0,0,0,0,0,5,,,,0.0,0.0,2.39,0.0,3.98,0,5,6
752,a,,,4.0,745,212.0,0,0.0,0,0.0,0.0,639,229.0,0,0,0.0,640.0,247.0,0,0,0.0,504.0,209.0,0.0,0.0,0.0,2551,6,2299,6,-1.0,0.0,0.0,0.0,0.0,0.0,0.0,0.0,0.0,0.0,0.0,630.0,247.0,0.0,623.0,247.0,0.0,594.0,245.0,0.0,632.0,247.0,,,,35,,Airidas,Golambeckis,Golambeckis,,,0,0,0,0,0,0,0,0,0,0,0,0,0,,,,0.0,0.0,0.0,0.0,0.0,0,0,0
758,a,,,4.5,510,317.0,0,0.0,0,0.0,0.0,726,300.0,8,0,0.9,512.0,238.0,0,28,0.2,338.0,156.0,0.0,1.8,0.0,2336,9,1467,2,-0.8,0.2,0.07,0.04,0.11,1.08,0.17,0.09,0.26,2.56,15.6,461.0,205.0,12.9,420.0,208.0,12.0,410.0,200.0,3.7,465.0,209.0,,,,35,,Mohamadou,Kanté,Mohamadou Kanté,,,38,0,0,0,0,0,0,0,1,0,0,0,14,,,,0.0,0.0,0.0,0.0,33.16,6,1,7
785,a,100.0,100.0,5.4,177,41.0,0,0.0,-1,1.0,0.0,696,88.0,22,1,2.0,346.0,38.0,0,78,2.5,121.0,18.0,0.5,4.1,0.0,6526,14,4777,12,1.5,2.5,0.74,0.38,1.12,8.42,0.1,0.05,0.15,1.16,73.4,400.0,46.0,103.0,285.0,30.0,68.0,312.0,53.0,24.5,373.0,47.0,,,,35,,Pablo Felipe,Pereira de Jesus,Pablo,,,656,0,1,3,8,0,0,0,0,0,0,9,56,,,,0.0,0.41,1.1,1.24,7.58,19,14,23
791,a,,,5.5,142,35.0,0,0.0,0,0.0,0.2,363,58.0,46,1,3.1,191.0,20.0,3,177,3.8,56.0,9.0,0.7,8.4,0.0,60868,37,32228,218,2.8,3.8,4.06,0.64,4.7,14.55,0.32,0.05,0.37,1.17,203.6,291.0,30.0,152.8,225.0,23.0,382.0,73.0,27.0,72.6,201.0,27.0,,,,35,,Valentín,Castellanos,Taty,,,1125,4,1,7,14,0,0,0,4,0,0,15,54,,,,0.0,0.56,1.12,1.2,4.33,8,22,24
802,a,,,5.0,280,173.0,0,0.0,0,0.0,0.0,768,328.0,0,0,0.0,804.0,355.0,0,0,0.0,760.0,329.0,0.0,0.0,0.0,623,4,448,1,-1.0,0.0,0.0,0.0,0.0,0.0,0.0,0.0,0.0,0.0,0.0,803.0,354.0,0.0,801.0,354.0,0.0,796.0,352.0,0.0,803.0,354.0,,,,35,,Keiber,Lamadrid,Lamadrid,,,0,0,0,0,0,0,0,0,0,0,0,0,0,,,,0.0,0.0,0.0,0.0,0.0,0,0,0
815,a,,,4.5,422,83.0,0,0.0,0,0.0,0.2,369,134.0,40,1,3.6,104.0,40.0,1,155,4.8,21.0,10.0,1.1,8.9,0.0,37754,38,11576,91,3.8,4.8,1.1,0.01,1.11,11.79,0.11,0.0,0.11,1.15,175.6,309.0,119.0,16.2,411.0,151.0,82.0,295.0,87.0,27.4,365.0,125.0,,,,35,,Axel,Disasi,Disasi,,,922,0,0,5,11,1,0,0,1,0,0,11,71,,,,0.0,0.49,1.08,1.08,6.95,11,60,23
627,i,0.0,0.0,4.4,527,25.0,0,0.0,-1,1.0,0.1,439,63.0,21,0,1.8,369.0,34.0,0,117,0.0,560.0,86.0,0.0,4.8,0.0,20980,5,26518,14,0.0,0.0,0.0,0.02,0.02,18.59,0.0,0.0,0.0,1.55,308.0,218.0,23.0,0.1,491.0,16.0,0.0,635.0,74.0,30.8,351.0,23.0,,,,35,,Sam,Johnstone,Johnstone,Shoulder injury - Expected back 24 May,,1080,0,0,0,24,1,0,0,0,0,39,12,71,,,,3.25,0.0,2.0,1.0,0.0,2,24,107
628,d,25.0,25.0,4.2,631,31.0,0,0.0,-3,3.0,1.2,184,22.0,59,0,2.8,216.0,25.0,6,264,0.8,258.0,21.0,0.2,14.0,0.0,124281,6,212947,470,0.0,0.1,0.0,0.03,0.03,32.67,0.0,0.0,0.0,1.56,445.6,134.0,19.0,10.0,430.0,9.0,0.0,604.0,68.0,45.9,297.0,19.0,,,,35,,José,Malheiro de Sá,José Sá,Ankle injury - 25% chance of playing,,1890,0,0,4,35,0,0,0,2,0,54,21,40,,,,2.57,0.19,1.67,1.0,0.0,0,43,191
629,a,100.0,100.0,3.9,750,70.0,0,0.0,-1,1.0,0.5,271,35.0,3,1,1.5,407.0,36.0,0,4,0.8,256.0,19.0,0.2,0.8,0.0,24507,10,55300,26,-0.2,0.3,0.0,0.0,0.0,3.1,0.0,0.0,0.0,2.53,27.6,447.0,35.0,0.0,523.0,24.0,0.0,491.0,10.0,2.8,470.0,35.0,,,,35,,Daniel,Bentley,Bentley,,,113,0,0,0,4,0,0,0,0,0,3,2,0,,,,2.48,0.0,3.3,1.65,0.0,0,2,7
631,u,0.0,0.0,4.2,643,150.0,0,0.0,-3,3.0,0.1,463,171.0,23,0,1.6,401.0,149.0,0,86,0.0,521.0,220.0,0.0,5.5,0.0,24605,0,63689,2,0.0,0.0,0.57,0.4,0.97,18.26,0.05,0.03,0.08,1.49,312.2,215.0,85.0,76.0,314.0,103.0,75.0,301.0,90.0,46.4,292.0,96.0,,,,35,,Emmanuel,Agbadou,Agbadou,has joined Besiktas permanently.,,1100,0,0,0,29,0,0,0,1,1,0,12,156,,,,0.0,0.0,2.37,0.98,10.23,32,93,65
632,a,100.0,100.0,4.4,525,101.0,0,0.0,-1,1.0,0.1,509,181.0,14,0,1.3,434.0,156.0,0,59,0.5,295.0,97.0,0.1,3.2,0.0,7053,6,21205,1,-0.5,0.0,0.09,0.19,0.28,14.13,0.01,0.02,0.03,1.62,132.4,346.0,131.0,51.1,356.0,126.0,20.0,391.0,138.0,20.5,387.0,135.0,,,,35,,Matt,Doherty,Doherty,,,786,0,0,1,15,0,0,0,4,0,0,11,77,,,,0.0,0.11,1.72,1.26,7.56,16,50,28
633,a,100.0,100.0,4.3,599,137.0,0,0.0,-2,2.0,0.2,381,139.0,77,1,2.4,280.0,106.0,4,297,1.0,230.0,80.0,0.2,17.9,0.0,61722,8,50195,71,0.0,0.5,0.69,3.11,3.8,38.57,0.03,0.13,0.16,1.55,515.4,94.0,40.0,616.6,26.0,2.0,157.0,204.0,50.0,129.2,65.0,11.0,1.0,,,35,,Hugo,Bueno López,H.Bueno,,,2239,1,2,4,42,0,0,0,3,0,0,25,199,,,,0.0,0.16,1.69,1.01,6.68,63,104,111
634,a,100.0,100.0,4.3,605,138.0,0,0.0,-2,2.0,0.1,513,183.0,52,1,2.2,313.0,116.0,3,196,0.2,329.0,109.0,0.0,12.1,0.0,19615,2,19506,9,-0.8,-0.3,1.65,0.53,2.18,31.85,0.08,0.03,0.11,1.59,355.0,190.0,78.0,136.5,245.0,63.0,219.0,144.0,28.0,71.1,210.0,73.0,,,,35,,Yerson,Mosquera Valdelamar,Mosquera,,,1800,0,0,4,35,2,0,0,11,0,0,21,191,,,,0.0,0.2,1.75,1.05,8.92,50,129,80
635,a,100.0,100.0,4.4,549,118.0,0,0.0,-1,1.0,0.1,520,187.0,42,0,2.3,300.0,112.0,0,89,1.8,162.0,60.0,0.4,9.5,0.0,15313,6,17639,25,0.8,1.3,1.83,0.31,2.14,11.03,0.23,0.04,0.27,1.38,171.6,313.0,121.0,66.5,330.0,111.0,193.0,165.0,35.0,43.1,306.0,103.0,,,,35,,Rodrigo,Martins Gomes,R.Gomes,,,721,3,0,1,15,0,0,0,0,0,0,7,50,,,,0.0,0.12,1.87,0.87,4.49,17,19,22
636,a,100.0,100.0,4.4,538,111.0,0,0.0,-1,1.0,0.1,431,161.0,78,1,3.0,197.0,78.0,2,280,1.5,185.0,68.0,0.3,17.7,0.0,39210,8,31855,33,0.5,1.0,1.77,1.06,2.83,39.15,0.07,0.04,0.11,1.59,510.2,99.0,43.0,100.5,286.0,86.0,175.0,185.0,43.0,78.4,179.0,60.0,,,,35,,Santiago,Ignacio Bueno,S.Bueno,,,2215,2,2,4,42,0,0,0,4,0,0,25,204,,,,0.0,0.16,1.71,1.02,7.65,51,137,59
637,a,100.0,100.0,4.2,642,149.0,0,0.0,-3,3.0,0.1,507,180.0,34,1,2.0,337.0,123.0,0,120,1.5,184.0,67.0,0.4,8.1,0.0,8949,5,20466,5,0.5,1.0,0.22,0.21,0.43,23.01,0.02,0.02,0.04,1.67,289.0,229.0,91.0,79.6,312.0,102.0,36.0,355.0,117.0,40.6,318.0,107.0,,,,35,,Toti,Gomes,Toti,,,1242,0,0,1,30,0,0,0,1,1,0,16,145,,,,0.0,0.07,2.18,1.16,8.94,20,103,47
638,u,0.0,0.0,3.8,803,243.0,0,0.0,-2,2.0,0.9,206,81.0,10,0,1.2,443.0,157.0,0,38,0.0,379.0,136.0,0.0,2.6,0.0,121813,0,270394,35,0.0,0.0,0.02,0.36,0.38,9.36,0.0,0.08,0.08,1.99,101.4,378.0,142.0,87.8,301.0,96.0,13.0,406.0,150.0,20.3,389.0,136.0,,,,35,,Ki-Jana,Hoever,Hoever,has joined Sheffield United on loan for the rest of the season.,,423,0,0,0,13,0,0,0,0,0,0,6,46,,,,0.0,0.0,2.77,1.28,8.51,13,27,16
639,u,0.0,0.0,4.0,724,192.0,0,0.0,0,0.0,0.0,772,261.0,0,0,0.0,623.0,231.0,0,0,0.0,484.0,190.0,0.0,0.0,0.0,0,0,900,0,0.0,0.0,0.0,0.0,0.0,0.0,0.0,0.0,0.0,0.0,0.0,613.0,231.0,0.0,606.0,231.0,0.0,576.0,228.0,0.0,615.0,231.0,,,,35,,Bastien,Meupiyou Menadjou,Meupiyou,On loan to FC Alverca,,0,0,0,0,0,0,0,0,0,0,0,0,0,,,,0.0,0.0,0.0,0.0,0.0,0,0,0
640,a,100.0,100.0,4.0,743,210.0,0,0.0,0,0.0,0.4,297,110.0,7,1,1.2,445.0,159.0,0,8,1.0,227.0,77.0,0.2,1.8,0.0,11274,5,90964,10,0.0,0.5,0.03,0.12,0.15,3.03,0.02,0.07,0.09,1.78,14.0,462.0,168.0,19.9,404.0,147.0,10.0,417.0,155.0,4.3,462.0,166.0,,,,35,,Pedro,Cardoso de Lima,Pedro Lima,,,156,0,0,0,4,0,0,0,0,0,0,2,11,,,,0.0,0.0,2.37,1.18,6.51,6,5,7
641,u,0.0,0.0,3.9,780,226.0,0,0.0,-1,1.0,0.9,200,78.0,0,0,0.0,569.0,205.0,0,0,0.0,420.0,157.0,0.0,0.0,0.0,85684,0,152580,32,0.0,0.0,0.0,0.0,0.0,0.0,0.0,0.0,0.0,0.0,0.0,558.0,204.0,0.0,546.0,204.0,0.0,514.0,199.0,0.0,560.0,204.0,,,,35,,Alfie,Pond,Pond,has joined Crewe Alexandra on loan for the rest of the season.,,0,0,0,0,0,0,0,0,0,0,0,0,0,,,,0.0,0.0,0.0,0.0,0.0,0,0,0
642,a,100.0,100.0,5.6,124,77.0,0,0.0,-4,4.0,0.1,464,160.0,47,0,2.0,347.0,150.0,0,133,0.8,281.0,131.0,0.1,8.4,0.0,51357,10,61399,12,-0.2,0.3,2.14,0.93,3.07,19.3,0.16,0.07,0.23,1.47,133.4,345.0,156.0,155.9,222.0,143.0,149.0,218.0,119.0,43.1,307.0,151.0,,2.0,3.0,35,,Hwang,Hee-chan,Hee Chan,,,1183,2,1,2,24,0,0,0,3,0,0,15,72,,,,0.0,0.15,1.83,1.14,5.48,9,23,40
643,a,100.0,100.0,5.2,216,132.0,0,0.0,-3,3.0,0.1,454,155.0,87,1,2.7,239.0,94.0,4,428,2.5,120.0,46.0,0.5,16.7,0.0,26154,12,24623,59,1.5,2.0,0.45,0.85,1.3,42.72,0.02,0.03,0.05,1.59,377.4,173.0,64.0,263.5,150.0,100.0,38.0,352.0,181.0,67.8,220.0,105.0,,,,35,,André,Trindade da Costa Neto,André,,,2423,1,0,2,48,0,0,0,10,0,0,27,336,,,,0.0,0.07,1.79,1.0,12.5,74,80,182
644,a,100.0,100.0,5.1,232,140.0,0,0.0,-4,4.0,0.0,590,222.0,42,0,1.8,379.0,161.0,0,195,0.8,277.0,128.0,0.2,8.2,0.0,7398,5,13150,12,-0.2,0.3,1.04,0.99,2.03,22.92,0.08,0.07,0.15,1.71,186.6,302.0,131.0,181.5,200.0,131.0,145.0,222.0,122.0,50.9,280.0,142.0,,4.0,,35,,Jean-Ricner,Bellegarde,Bellegarde,,,1205,1,1,3,29,0,0,0,5,0,0,15,101,,,,0.0,0.22,2.17,1.12,7.54,28,32,41
645,u,0.0,0.0,5.1,241,146.0,0,0.0,-4,4.0,0.0,662,263.0,12,0,1.3,441.0,197.0,0,38,0.0,768.0,336.0,0.0,2.4,0.0,1383,0,4983,0,0.0,0.0,0.16,0.61,0.77,3.98,0.06,0.24,0.3,1.57,29.0,443.0,196.0,61.0,340.0,183.0,37.0,354.0,183.0,12.4,415.0,190.0,,,,35,,Fer,López González,Fer López,has joined Celta Vigo on loan for the rest of the season.,,228,0,1,0,9,0,0,0,1,0,0,2,12,,,,0.0,0.0,3.55,0.79,4.74,1,1,10
646,a,100.0,100.0,5.3,192,121.0,0,0.0,-2,2.0,0.3,300,105.0,100,1,3.0,201.0,79.0,6,492,2.0,154.0,64.0,0.4,18.9,0.0,106190,19,79774,303,1.0,1.5,1.26,1.9,3.16,45.01,0.04,0.07,0.11,1.57,444.0,136.0,44.0,313.4,116.0,81.0,168.0,194.0,105.0,93.0,144.0,78.0,,3.0,,35,,João Victor,Gomes da Silva,J.Gomes,,,2584,1,2,4,52,0,0,0,10,0,0,30,356,,,,0.0,0.14,1.81,1.05,12.42,97,78,181
647,u,0.0,0.0,5.5,138,86.0,0,0.0,0,0.0,0.0,805,355.0,0,0,0.0,817.0,364.0,0,0,0.0,798.0,354.0,0.0,0.0,0.0,0,0,796,0,0.0,0.0,0.0,0.0,0.0,0.0,0.0,0.0,0.0,0.0,0.0,816.0,363.0,0.0,815.0,363.0,0.0,813.0,362.0,0.0,816.0,363.0,,,,35,,Gonçalo Manuel,Ganchinho Guedes,Guedes,Has joined Real Sociedad permanently.,,0,0,0,0,0,0,0,0,0,0,0,0,0,,,,0.0,0.0,0.0,0.0,0.0,0,0,0
648,u,0.0,0.0,5.3,190,120.0,0,0.0,-2,2.0,0.0,631,243.0,38,0,2.9,212.0,86.0,1,131,0.0,777.0,340.0,0.0,7.2,0.0,19177,0,23231,0,0.0,0.0,1.64,0.38,2.02,13.36,0.17,0.04,0.21,1.38,163.6,325.0,146.0,61.8,339.0,182.0,196.0,162.0,91.0,42.1,309.0,152.0,,,,35,,Marshall,Munetsi,Munetsi,has joined Paris FC on loan for the rest of the season.,,872,1,2,0,19,0,0,0,2,0,0,9,80,,,,0.0,0.0,1.96,0.93,8.26,21,39,20
649,u,0.0,0.0,5.0,263,160.0,0,0.0,0,0.0,0.0,823,366.0,0,0,0.0,797.0,350.0,0,0,0.0,750.0,321.0,0.0,0.0,0.0,0,0,162,0,0.0,0.0,0.0,0.0,0.0,0.0,0.0,0.0,0.0,0.0,0.0,796.0,349.0,0.0,794.0,349.0,0.0,789.0,347.0,0.0,796.0,349.0,,,,35,,Boubacar,Traoré,B.Traore,Has joined FC Metz on loan for the rest of the season.,,0,0,0,0,0,0,0,0,0,0,0,0,0,,,,0.0,0.0,0.0,0.0,0.0,0,0,0
650,u,0.0,0.0,4.3,602,355.0,0,0.0,-2,2.0,0.2,386,130.0,2,0,1.0,470.0,204.0,0,4,0.0,541.0,175.0,0.0,0.5,0.0,30885,0,49450,9,0.0,0.0,0.0,0.0,0.0,0.5,0.0,0.0,0.0,1.8,3.2,492.0,224.0,0.3,486.0,235.0,0.0,619.0,230.0,0.4,503.0,228.0,,,,35,,Tawanda,Chirewa,Chirewa,has joined Barnsley on loan for the rest of the season.,,25,0,0,0,0,0,0,0,0,0,0,0,4,,,,0.0,0.0,0.0,0.0,14.4,2,1,1
651,a,,,4.3,617,365.0,0,0.0,-2,2.0,0.4,293,102.0,7,0,3.5,117.0,53.0,0,24,0.2,331.0,154.0,0.0,1.6,0.0,68353,8,74552,31,-0.8,-0.3,0.23,0.0,0.23,0.2,1.88,0.0,1.88,1.64,34.4,436.0,191.0,0.4,484.0,233.0,23.0,382.0,192.0,5.8,449.0,201.0,,,,35,,Tom,Edozie,Edozie,,,11,1,0,0,0,0,0,0,0,0,0,0,1,,,,0.0,0.0,0.0,0.0,8.18,0,0,1
652,a,,,4.3,616,364.0,0,0.0,-2,2.0,1.2,179,63.0,0,0,0.0,665.0,253.0,0,0,0.0,553.0,183.0,0.0,0.0,0.0,202771,28,254318,52,-1.0,-0.5,0.0,0.0,0.0,0.0,0.0,0.0,0.0,0.0,0.0,655.0,243.0,0.0,651.0,248.0,0.0,628.0,237.0,0.0,657.0,245.0,,,,35,,Enso,González Medina,Gonzalez,,,0,0,0,0,0,0,0,0,0,0,0,0,0,,,,0.0,0.0,0.0,0.0,0.0,0,0,0
653,u,0.0,0.0,4.5,427,254.0,0,0.0,0,0.0,0.0,667,267.0,0,0,0.0,703.0,274.0,0,0,0.0,608.0,211.0,0.0,0.0,0.0,0,0,5808,0,0.0,0.0,0.0,0.0,0.0,0.0,0.0,0.0,0.0,0.0,0.0,697.0,268.0,0.0,692.0,271.0,0.0,674.0,263.0,0.0,699.0,270.0,,,,35,,Joe,Hodge,Hodge,Signed by CD Tondela,,0,0,0,0,0,0,0,0,0,0,0,0,0,,,,0.0,0.0,0.0,0.0,0.0,0,0,0
655,u,0.0,0.0,4.9,326,61.0,0,0.0,-1,1.0,0.2,404,61.0,0,0,0.0,787.0,87.0,0,0,0.0,731.0,78.0,0.0,0.0,0.0,7178,0,55503,1,0.0,0.0,0.0,0.0,0.0,0.0,0.0,0.0,0.0,0.0,0.0,786.0,87.0,0.0,782.0,86.0,0.0,778.0,86.0,0.0,786.0,87.0,,,,35,,Fábio,Soares Silva,Fábio Silva,has joined Borussia Dortmund permanently.,,0,0,0,0,0,0,0,0,0,0,0,0,0,,,,0.0,0.0,0.0,0.0,0.0,0,0,0
656,u,0.0,0.0,4.9,318,59.0,0,0.0,-1,1.0,0.0,594,81.0,1,0,1.0,496.0,60.0,0,1,0.0,726.0,77.0,0.0,0.2,0.0,1691,0,10185,0,0.0,0.0,0.0,0.01,0.01,0.1,0.0,0.06,0.06,0.64,1.0,508.0,62.0,4.3,451.0,58.0,2.0,456.0,62.0,0.7,497.0,62.0,,,,35,,Saša,Kalajdžić,Kalajdžić,has joined LASK on loan for the rest of the season.,,14,0,0,0,0,0,0,0,0,0,0,0,2,,,,0.0,0.0,0.0,0.0,12.86,0,1,1
657,a,100.0,100.0,4.4,569,82.0,0,0.0,-1,1.0,0.0,628,83.0,0,0,0.0,690.0,75.0,0,0,0.0,589.0,64.0,0.0,0.0,0.0,5963,8,8087,7,-1.0,-0.5,0.0,0.0,0.0,0.0,0.0,0.0,0.0,0.0,0.0,684.0,75.0,0.0,679.0,74.0,0.0,660.0,74.0,0.0,686.0,75.0,,,,35,,Leon,Chiwome,Chiwome,,,0,0,0,0,0,0,0,0,0,0,0,0,0,,,,0.0,0.0,0.0,0.0,0.0,0,0,0
658,a,,,4.2,645,89.0,0,0.0,-3,3.0,1.8,148,22.0,0,0,0.0,650.0,64.0,0,0,0.0,523.0,51.0,0.0,0.0,0.0,285959,92,383576,116,-1.0,-0.5,0.0,0.0,0.0,0.0,0.0,0.0,0.0,0.0,0.0,641.0,64.0,0.0,635.0,63.0,0.0,610.0,63.0,0.0,643.0,64.0,,,,35,,Nathan,Fraser,Fraser,,,0,0,0,0,0,0,0,0,0,0,0,0,0,,,,0.0,0.0,0.0,0.0,0.0,0,0,0
663,u,0.0,0.0,4.9,314,195.0,0,0.0,-6,6.0,0.1,449,153.0,45,0,2.0,344.0,148.0,2,175,0.0,723.0,300.0,0.0,9.2,0.0,20148,0,82526,4,0.0,0.0,3.38,0.62,4.0,16.0,0.27,0.05,0.32,1.29,171.0,315.0,139.0,204.0,183.0,119.0,148.0,219.0,120.0,52.1,274.0,139.0,,,,35,,Jhon,Arias,J.Arias,has joined Palmeiras permanently.,,1117,1,0,2,21,0,0,0,1,0,0,14,125,,,,0.0,0.16,1.69,1.13,10.07,43,24,58
682,a,,,4.2,640,147.0,0,0.0,-3,3.0,0.1,555,197.0,30,0,1.6,400.0,148.0,0,72,0.2,323.0,106.0,0.0,7.1,0.0,5063,2,9764,3,-0.8,-0.3,0.13,1.04,1.17,17.48,0.01,0.11,0.12,1.87,142.0,339.0,129.0,110.8,271.0,78.0,46.0,340.0,111.0,30.0,355.0,120.0,,,,35,,David,Møller Wolfe,Møller Wolfe,,,840,0,2,1,20,0,0,0,1,0,0,9,48,,,,0.0,0.11,2.14,0.96,4.61,9,34,20
695,a,,,4.4,556,120.0,0,0.0,-1,1.0,0.0,636,227.0,52,0,1.7,392.0,145.0,0,156,0.2,333.0,111.0,0.0,11.8,0.0,7253,2,6819,4,-0.8,-0.3,0.33,1.6,1.93,30.68,0.02,0.08,0.1,1.51,318.2,209.0,81.0,349.9,95.0,23.0,69.0,309.0,95.0,73.8,195.0,67.0,,,,35,,Jackson,Tchatchoua,Tchatchoua,,,1834,0,1,3,37,0,0,0,3,0,0,19,133,,,,0.0,0.15,1.82,0.93,5.3,29,79,62
709,i,0.0,0.0,4.5,430,88.0,0,0.0,0,0.0,0.1,557,198.0,60,0,2.3,301.0,113.0,0,204,0.2,334.0,112.0,0.0,13.3,0.0,26882,2,23415,18,0.0,0.0,2.17,1.44,3.61,38.14,0.09,0.06,0.15,1.56,502.0,105.0,47.0,132.6,248.0,65.0,267.0,113.0,17.0,90.5,148.0,50.0,,,,35,,Ladislav,Krejcí,Krejčí,Neck - Expected back 09 May,,2201,2,1,3,44,1,0,0,3,1,0,25,204,,,,0.0,0.12,1.8,1.02,7.4,28,153,72
720,a,,,5.2,214,49.0,0,0.0,-3,3.0,0.1,453,64.0,62,1,2.1,331.0,35.0,4,208,0.8,280.0,38.0,0.2,11.9,0.0,68730,8,57106,40,-0.2,0.3,4.63,0.38,5.01,21.97,0.32,0.03,0.35,1.53,226.2,271.0,26.0,173.2,206.0,20.0,479.0,42.0,17.0,87.1,154.0,21.0,,,5.0,35,,Tolu,Arokodare,Tolu,,,1292,3,2,3,28,0,0,1,1,0,0,13,73,,,,0.0,0.21,1.96,0.91,5.03,6,43,24
749,a,,,4.2,652,92.0,-1,1.0,-3,3.0,1.2,178,28.0,58,1,2.4,279.0,31.0,6,231,1.2,203.0,27.0,0.3,13.8,0.0,585930,366,442926,455,0.2,0.7,1.57,2.04,3.61,27.65,0.1,0.12,0.22,1.69,239.2,261.0,25.0,308.9,120.0,6.0,216.0,148.0,35.0,75.7,185.0,26.0,2.0,1.0,,35,,Mateus,Mané,Mané,,,1474,2,2,5,26,0,0,0,0,0,0,16,109,,,,0.0,0.31,1.59,0.98,6.67,22,29,58
766,a,,,4.0,734,201.0,0,0.0,0,0.0,0.0,632,225.0,0,0,0.0,633.0,240.0,0,0,0.0,494.0,199.0,0.0,0.0,0.0,4417,6,2576,5,-1.0,-0.5,0.0,0.0,0.0,0.0,0.0,0.0,0.0,0.0,0.0,623.0,240.0,0.0,616.0,240.0,0.0,586.0,237.0,0.0,625.0,240.0,,,,35,,Saheed,Olagunju,Olagunju,,,0,0,0,0,0,0,0,0,0,0,0,0,0,,,,0.0,0.0,0.0,0.0,0.0,0,0,0
767,a,,,4.5,498,307.0,0,0.0,0,0.0,0.0,765,326.0,0,0,0.0,751.0,315.0,0,0,0.0,669.0,261.0,0.0,0.0,0.0,1314,1,893,4,-1.0,-0.5,0.0,0.0,0.0,0.0,0.0,0.0,0.0,0.0,0.0,749.0,313.0,0.0,742.0,313.0,0.0,729.0,309.0,0.0,749.0,313.0,,,,35,,Luke,Rawlings,Rawlings,,,0,0,0,0,0,0,0,0,0,0,0,0,0,,,,0.0,0.0,0.0,0.0,0.0,0,0,0
777,u,0.0,0.0,4.5,455,272.0,0,0.0,0,0.0,0.0,812,359.0,0,0,0.0,719.0,289.0,0,0,0.0,629.0,228.0,0.0,0.0,0.0,415,0,368,0,0.0,0.0,0.0,0.0,0.0,0.0,0.0,0.0,0.0,0.0,0.0,714.0,284.0,0.0,709.0,286.0,0.0,693.0,279.0,0.0,715.0,285.0,,,,35,,Temple,Ojinnaka,Ojinnaka,has joined Shrewsbury Town on loan for the rest of the season.,,0,0,0,0,0,0,0,0,0,0,0,0,0,,,,0.0,0.0,0.0,0.0,0.0,0,0,0
778,a,,,4.5,490,301.0,0,0.0,0,0.0,0.0,754,320.0,0,0,0.0,744.0,310.0,0,0,0.0,661.0,255.0,0.0,0.0,0.0,1631,4,1042,1,-1.0,-0.5,0.0,0.0,0.0,0.0,0.0,0.0,0.0,0.0,0.0,742.0,308.0,0.0,735.0,308.0,0.0,722.0,304.0,0.0,742.0,308.0,,,,35,,Ethan,Sutherland,Sutherland,,,0,0,0,0,0,0,0,0,0,0,0,0,0,,,,0.0,0.0,0.0,0.0,0.0,0,0,0
809,a,,,4.5,521,324.0,0,0.0,0,0.0,0.0,738,309.0,0,0,0.0,768.0,328.0,0,0,0.0,690.0,277.0,0.0,0.0,0.0,2100,7,991,5,-1.0,-0.5,0.0,0.0,0.0,0.0,0.0,0.0,0.0,0.0,0.0,767.0,327.0,0.0,760.0,327.0,0.0,748.0,324.0,0.0,767.0,327.0,,,,35,,Jerome,Abbey,Abbey,,,0,0,0,0,0,0,0,0,0,0,0,0,0,,,,0.0,0.0,0.0,0.0,0.0,0,0,0
816,a,100.0,100.0,4.6,398,247.0,0,0.0,-4,4.0,0.0,730,303.0,12,0,1.3,436.0,192.0,0,62,0.8,264.0,119.0,0.2,2.6,0.0,5074,7,3819,6,-0.2,0.3,0.21,0.24,0.45,11.49,0.05,0.06,0.11,2.73,42.4,428.0,185.0,66.9,327.0,178.0,23.0,383.0,193.0,13.2,410.0,187.0,,,,35,,Angel,Gomes,Angel,,,379,0,0,1,7,0,0,0,1,0,0,6,27,,,,0.0,0.24,1.66,1.42,6.41,8,5,14
817,a,,,5.2,202,46.0,0,0.0,-3,3.0,0.1,541,75.0,27,1,2.5,271.0,29.0,0,96,1.8,168.0,21.0,0.3,5.2,0.0,25325,14,16721,45,0.8,1.3,1.24,0.69,1.93,18.9,0.13,0.07,0.2,2.03,99.2,380.0,43.0,71.1,323.0,38.0,108.0,268.0,48.0,27.7,363.0,45.0,,,,35,,Adam,Armstrong,Armstrong,,,840,1,2,3,15,0,0,0,3,0,0,11,30,,,,0.0,0.32,1.61,1.18,3.23,7,11,12
828,a,,,4.0,699,58.0,0,0.0,0,0.0,0.0,788,91.0,0,0,0.0,605.0,79.0,0,0,0.0,462.0,69.0,0.0,0.0,0.0,513,16,63,1,-1.0,-0.5,0.0,0.0,0.0,0.0,0.0,0.0,0.0,0.0,0.0,594.0,79.0,0.0,586.0,67.0,0.0,555.0,53.0,0.0,596.0,79.0,,,,35,,Alfie,Brooks,Brooks,,,0,0,0,0,0,0,0,0,0,0,0,0,0,,,,0.0,0.0,0.0,0.0,0.0,0,0,0
