id,status,chance_of_playing_next_round,chance_of_playing_this_round,now_cost,now_cost_rank,now_cost_rank_type,cost_change_event,cost_change_event_fall,cost_change_start,cost_change_start_fall,selected_by_percent,selected_rank,selected_rank_type,total_points,event_points,points_per_game,points_per_game_rank,points_per_game_rank_type,bonus,bps,form,form_rank,form_rank_type,value_form,value_season,dreamteam_count,transfers_in,transfers_in_event,transfers_out,transfers_out_event,ep_next,ep_this,expected_goals,expected_assists,expected_goal_involvements,expected_goals_conceded,expected_goals_per_90,expected_assists_per_90,expected_goal_involvements_per_90,expected_goals_conceded_per_90,influence,influence_rank,influence_rank_type,creativity,creativity_rank,creativity_rank_type,threat,threat_rank,threat_rank_type,ict_index,ict_index_rank,ict_index_rank_type,corners_and_indirect_freekicks_order,direct_freekicks_order,penalties_order,gw,set_piece_threat,first_name,second_name,web_name,news,news_added,minutes,goals_scored,assists,clean_sheets,goals_conceded,own_goals,penalties_saved,penalties_missed,yellow_cards,red_cards,saves,starts,defensive_contribution,corners_and_indirect_freekicks_text,direct_freekicks_text,penalties_text,saves_per_90,clean_sheets_per_90,goals_conceded_per_90,starts_per_90,defensive_contribution_per_90,tackles,clearances_blocks_interceptions,recoveries
1,a,,,6.0,85,1.0,0,0.0,5,-5.0,33.2,8,1.0,130,0,4.1,56.0,6.0,6,523,0.5,278.0,24.0,0.1,21.7,0.0,4273429,1395,2782443,389,1.5,1.0,0.0,0.06,0.06,23.49,0.0,0.0,0.0,0.73,460.2,113.0,18.0,33.4,379.0,3.0,0.0,817.0,95.0,49.4,276.0,16.0,,,,33,,David,Raya Martín,Raya,,,2880,0,0,15,24,0,0,0,1,0,51,32,94,,,,1.59,0.47,0.75,1.0,0.0,1,30,269
2,a,,,4.0,668,43.0,0,0.0,-5,5.0,0.4,294,37.0,0,0,0.0,581.0,66.0,0,0,0.0,417.0,56.0,0.0,0.0,0.0,15360,9,78099,6,1.0,0.5,0.0,0.0,0.0,0.0,0.0,0.0,0.0,0.0,0.0,571.0,66.0,0.0,561.0,52.0,0.0,530.0,39.0,0.0,573.0,66.0,,,,33,,Kepa,Arrizabalaga Revuelta,Arrizabalaga,,,0,0,0,0,0,0,0,0,0,0,0,0,0,,,,0.0,0.0,0.0,0.0,0.0,0,0,0
3,u,0.0,0.0,4.0,688,53.0,0,0.0,0,0.0,0.2,377,53.0,0,0,0.0,598.0,75.0,0,0,0.0,436.0,66.0,0.0,0.0,0.0,5545,0,48440,0,0.0,0.0,0.0,0.0,0.0,0.0,0.0,0.0,0.0,0.0,0.0,588.0,75.0,0.0,579.0,62.0,0.0,548.0,49.0,0.0,590.0,75.0,,,,33,,Karl,Hein,Hein,Has joined Werder Bremen on loan for the rest of the season.,,0,0,0,0,0,0,0,0,0,0,0,0,0,,,,0.0,0.0,0.0,0.0,0.0,0,0,0
4,a,,,3.9,779,89.0,0,0.0,-1,1.0,0.2,367,52.0,0,0,0.0,570.0,60.0,0,0,0.0,404.0,49.0,0.0,0.0,0.0,34083,0,34737,2,1.0,0.5,0.0,0.0,0.0,0.0,0.0,0.0,0.0,0.0,0.0,560.0,60.0,0.0,548.0,44.0,0.0,516.0,31.0,0.0,562.0,60.0,,,,33,,Tommy,Setford,Setford,,,0,0,0,0,0,0,0,0,0,0,0,0,0,,,,0.0,0.0,0.0,0.0,0.0,0,0,0
5,a,100.0,100.0,7.1,34,1.0,0,0.0,11,-11.0,42.1,5,1.0,177,0,6.8,2.0,1.0,25,605,2.0,127.0,50.0,0.3,24.9,0.0,8533532,2305,5758475,204,3.0,2.5,1.98,1.66,3.64,17.01,0.08,0.07,0.15,0.68,702.8,29.0,10.0,109.0,266.0,76.0,220.0,130.0,24.0,103.0,94.0,25.0,,,,33,,Gabriel,dos Santos Magalhães,Gabriel,,,2255,3,5,14,17,0,0,0,3,0,0,25,247,,,,0.0,0.56,0.68,1.0,9.26,33,199,51
6,a,100.0,100.0,6.1,83,4.0,0,0.0,1,-1.0,13.5,23,9.0,108,0,4.2,51.0,21.0,9,460,0.5,280.0,91.0,0.1,17.7,0.0,2083251,1196,2398581,148,1.5,1.0,0.88,0.7,1.58,16.34,0.04,0.03,0.07,0.68,450.2,118.0,52.0,167.2,204.0,53.0,76.0,293.0,87.0,69.3,200.0,67.0,,,,33,,William,Saliba,Saliba,,,2164,1,0,11,18,0,0,0,1,0,0,25,187,,,,0.0,0.46,0.75,1.04,6.49,30,126,98
7,d,75.0,75.0,5.6,131,13.0,0,0.0,1,-1.0,5.9,66,23.0,93,0,4.2,50.0,20.0,4,339,0.0,794.0,265.0,0.0,16.6,0.0,2665200,11,2500351,136,0.8,0.4,2.92,0.49,3.41,8.96,0.18,0.03,0.21,0.56,244.4,248.0,98.0,127.9,246.0,66.0,249.0,114.0,16.0,62.2,229.0,78.0,,,,33,,Riccardo,Calafiori,Calafiori,Knock - 75% chance of playing,,1446,1,2,11,8,0,0,0,5,0,0,18,134,,,,0.0,0.68,0.5,1.12,5.91,31,64,65
8,d,75.0,75.0,6.2,75,3.0,0,0.0,7,-7.0,21.7,16,5.0,149,0,5.0,16.0,5.0,9,532,0.0,806.0,267.0,0.0,24.0,0.0,6779355,223,4807376,1984,0.8,0.4,4.71,1.53,6.24,17.45,0.17,0.06,0.23,0.64,499.0,87.0,38.0,402.6,68.0,13.0,352.0,73.0,6.0,125.7,61.0,9.0,,,,33,,Jurriën,Timber,J.Timber,Ankle injury - 75% chance of playing,,2452,3,6,13,20,0,0,0,5,0,0,28,178,,,,0.0,0.48,0.73,1.03,5.43,66,82,97
9,u,0.0,0.0,5.4,169,20.0,0,0.0,-1,1.0,0.0,596,212.0,0,0,0.0,809.0,268.0,0,0,0.0,778.0,262.0,0.0,0.0,0.0,1119,0,10931,0,0.0,0.0,0.0,0.0,0.0,0.0,0.0,0.0,0.0,0.0,0.0,808.0,268.0,0.0,807.0,268.0,0.0,805.0,268.0,0.0,808.0,268.0,,,,33,,Jakub,Kiwior,Kiwior,has joined Porto on loan for the rest of the season.,,0,0,0,0,0,0,0,0,0,0,0,0,0,,,,0.0,0.0,0.0,0.0,0.0,0,0,0
10,a,,,5.0,269,42.0,0,0.0,-5,5.0,1.4,164,64.0,13,0,0.9,513.0,176.0,0,41,0.5,271.0,88.0,0.1,2.6,0.0,136643,17,469061,5,1.5,1.0,0.1,0.08,0.18,6.45,0.02,0.02,0.04,1.45,45.2,421.0,156.0,47.8,357.0,126.0,25.0,377.0,130.0,11.7,419.0,149.0,,,,33,,Myles,Lewis-Skelly,Lewis-Skelly,,,401,0,0,0,7,0,0,0,3,0,0,2,26,,,,0.0,0.0,1.57,0.45,4.26,6,13,17
11,a,100.0,100.0,5.1,224,30.0,0,0.0,-4,4.0,0.5,271,102.0,31,0,3.9,69.0,25.0,3,125,0.5,272.0,89.0,0.1,6.1,0.0,354458,40,412197,5,1.5,1.0,0.45,0.51,0.96,7.31,0.08,0.09,0.17,1.36,131.6,341.0,129.0,105.0,272.0,80.0,48.0,336.0,108.0,28.5,351.0,119.0,,,,33,,Benjamin,White,White,,,484,0,1,3,6,0,0,0,0,0,0,6,49,,,,0.0,0.56,1.12,1.12,8.37,15,30,21
13,a,,,3.7,823,265.0,0,0.0,-3,3.0,0.4,282,107.0,0,0,0.0,526.0,185.0,0,0,0.0,348.0,114.0,0.0,0.0,0.0,54766,14,80600,7,1.0,0.5,0.0,0.0,0.0,0.0,0.0,0.0,0.0,0.0,0.0,515.0,184.0,0.0,498.0,183.0,0.0,465.0,177.0,0.0,517.0,184.0,,,,33,,Brayden,Clarke,Clarke,,,0,0,0,0,0,0,0,0,0,0,0,0,0,,,,0.0,0.0,0.0,0.0,0.0,0,0,0
14,u,0.0,0.0,3.9,785,231.0,0,0.0,-1,1.0,0.1,499,179.0,0,0,0.0,575.0,209.0,0,0,0.0,410.0,149.0,0.0,0.0,0.0,10218,0,22749,0,0.0,0.0,0.0,0.0,0.0,0.0,0.0,0.0,0.0,0.0,0.0,565.0,208.0,0.0,553.0,208.0,0.0,521.0,203.0,0.0,567.0,208.0,,,,33,,Maldini,Kacurri,Kacurri,has joined Morecambe on loan for the rest of the season.,,0,0,0,0,0,0,0,0,0,0,0,0,0,,,,0.0,0.0,0.0,0.0,0.0,0,0,0
15,a,,,3.7,821,263.0,0,0.0,-3,3.0,0.2,357,130.0,0,0,0.0,525.0,184.0,0,0,0.0,346.0,112.0,0.0,0.0,0.0,32733,1,32870,11,1.0,0.5,0.0,0.0,0.0,0.0,0.0,0.0,0.0,0.0,0.0,514.0,183.0,0.0,496.0,181.0,0.0,463.0,175.0,0.0,516.0,183.0,,,,33,,Josh,Nichols,Nichols,,,0,0,0,0,0,0,0,0,0,0,0,0,0,,,,0.0,0.0,0.0,0.0,0.0,0,0,0
16,i,0.0,0.0,9.8,6,4.0,0,0.0,-2,2.0,7.2,57,21.0,133,0,4.9,18.0,7.0,14,497,0.0,824.0,370.0,0.0,13.6,0.0,4151439,7,5215503,928,0.0,0.0,6.99,5.75,12.74,14.36,0.32,0.26,0.58,0.65,538.8,73.0,21.0,725.9,12.0,12.0,762.0,8.0,3.0,202.9,7.0,5.0,2.0,2.0,1.0,33,,Bukayo,Saka,Saka,Achilles injury - Unknown return date,,1995,6,8,10,16,0,0,0,1,0,0,22,163,,,,0.0,0.45,0.72,0.99,7.35,35,24,104
17,d,75.0,75.0,7.8,18,13.0,0,0.0,-2,2.0,1.5,158,54.0,62,0,3.1,191.0,79.0,5,252,0.0,820.0,366.0,0.0,7.9,0.0,379581,7,649870,17,0.8,0.4,1.01,2.91,3.92,12.89,0.08,0.24,0.32,1.08,259.6,237.0,100.0,434.7,56.0,46.0,144.0,208.0,116.0,83.7,149.0,78.0,4.0,,3.0,33,,Martin,Ødegaard,Ødegaard,Knock - 75% chance of playing,,1070,1,6,4,11,0,0,0,0,0,0,13,81,,,,0.0,0.34,0.93,1.09,6.81,17,13,51
18,d,75.0,75.0,6.8,44,28.0,0,0.0,-2,2.0,0.8,208,73.0,55,0,2.6,260.0,108.0,6,190,0.5,287.0,134.0,0.1,8.1,0.0,375106,9,425855,50,1.1,0.8,1.03,2.13,3.16,10.36,0.1,0.2,0.3,0.99,195.8,285.0,122.0,272.2,132.0,90.0,316.0,84.0,50.0,78.3,166.0,85.0,3.0,,,33,,Noni,Madueke,Madueke,Knee injury - 75% chance of playing,,942,2,1,6,8,0,0,0,0,0,0,13,51,,,,0.0,0.57,0.76,1.24,4.87,18,11,22
19,a,100.0,100.0,6.8,45,29.0,0,0.0,-2,2.0,0.9,203,72.0,48,0,1.8,384.0,163.0,1,162,0.5,288.0,135.0,0.1,7.1,0.0,193256,33,270457,18,1.5,1.0,3.53,1.01,4.54,8.2,0.36,0.1,0.46,0.83,168.4,309.0,137.0,154.1,217.0,139.0,333.0,79.0,46.0,64.9,213.0,105.0,,,,33,,Gabriel,Martinelli Silva,Martinelli,,,892,1,4,2,6,0,0,0,2,0,0,10,65,,,,0.0,0.2,0.61,1.01,6.56,10,12,43
20,a,100.0,100.0,6.5,48,30.0,0,0.0,-5,5.0,0.7,218,78.0,100,0,3.7,99.0,43.0,9,355,0.5,285.0,132.0,0.1,15.4,0.0,540956,51,509534,20,1.5,1.0,4.96,2.71,7.67,12.23,0.26,0.14,0.4,0.64,415.4,135.0,47.0,464.0,45.0,39.0,438.0,46.0,28.0,132.0,49.0,33.0,,,4.0,33,,Leandro,Trossard,Trossard,,,1711,5,5,8,15,0,0,0,1,0,0,18,117,,,,0.0,0.42,0.79,0.95,6.15,25,24,68
21,a,100.0,100.0,7.2,31,18.0,0,0.0,7,-7.0,24.0,11,3.0,167,0,5.4,7.0,4.0,23,721,2.0,128.0,49.0,0.3,23.2,0.0,7121913,2284,5255927,470,3.0,2.5,3.15,6.76,9.91,19.97,0.11,0.23,0.34,0.67,756.6,14.0,3.0,950.7,3.0,3.0,286.0,100.0,61.0,199.5,11.0,8.0,1.0,1.0,,33,,Declan,Rice,Rice,,,2670,4,9,14,23,0,0,0,2,0,0,30,324,,,,0.0,0.47,0.78,1.01,10.92,59,107,158
22,i,0.0,0.0,5.4,161,101.0,0,0.0,-6,6.0,0.8,214,76.0,66,0,3.1,190.0,78.0,5,238,0.0,773.0,336.0,0.0,12.2,0.0,836021,0,844803,10,0.0,0.0,2.99,1.45,4.44,6.59,0.27,0.13,0.4,0.6,304.4,207.0,86.0,187.0,188.0,124.0,237.0,119.0,70.0,72.6,185.0,92.0,,,,33,,Mikel,Merino Zazón,Merino,Foot injury - Unknown return date,,996,4,3,4,9,0,0,0,1,0,0,10,111,,,,0.0,0.36,0.81,0.9,10.03,26,30,55
23,u,0.0,0.0,5.4,168,106.0,0,0.0,-1,1.0,0.0,690,279.0,0,0,0.0,808.0,358.0,0,0,0.0,777.0,338.0,0.0,0.0,0.0,933,0,4436,0,0.0,0.0,0.0,0.0,0.0,0.0,0.0,0.0,0.0,0.0,0.0,807.0,357.0,0.0,806.0,357.0,0.0,804.0,356.0,0.0,807.0,357.0,,,,33,,Fábio,Ferreira Vieira,Fábio Vieira,has joined Hamburger on loan for the rest of the season.,,0,0,0,0,0,0,0,0,0,0,0,0,0,,,,0.0,0.0,0.0,0.0,0.0,0,0,0
24,a,100.0,100.0,5.1,221,135.0,0,0.0,-4,4.0,0.1,442,149.0,6,0,1.0,501.0,230.0,0,19,0.0,750.0,321.0,0.0,1.2,0.0,7913,1,61567,1,1.0,0.5,0.05,0.0,0.05,2.23,0.08,0.0,0.08,3.58,15.8,456.0,204.0,0.4,481.0,233.0,7.0,430.0,207.0,2.4,469.0,213.0,,,,33,,Christian,Nørgaard,Nørgaard,,,56,0,0,0,1,0,0,0,0,0,0,0,11,,,,0.0,0.0,1.61,0.0,17.68,0,7,4
25,u,0.0,0.0,5.0,270,164.0,0,0.0,-5,5.0,0.1,458,156.0,8,0,1.3,435.0,194.0,0,20,0.0,741.0,314.0,0.0,1.6,0.0,13149,0,37111,2,0.0,0.0,0.23,0.08,0.31,0.73,0.13,0.04,0.17,0.4,8.6,469.0,210.0,22.5,393.0,198.0,24.0,380.0,191.0,5.4,450.0,202.0,,,,33,,Ethan,Nwaneri,Nwaneri,has joined Marseille on loan for the rest of the season.,,165,0,0,1,0,0,0,0,0,0,0,0,13,,,,0.0,0.55,0.0,0.0,7.09,2,1,10
26,a,100.0,100.0,5.0,264,160.0,0,0.0,-5,5.0,3.1,109,36.0,119,0,3.7,96.0,40.0,9,544,1.0,190.0,84.0,0.2,23.8,0.0,1336241,97,1258148,128,2.0,1.5,2.77,2.2,4.97,22.25,0.09,0.07,0.16,0.75,550.2,65.0,17.0,340.8,86.0,63.0,262.0,103.0,63.0,115.5,79.0,49.0,,,,33,,Martín,Zubimendi Ibáñez,Zubimendi,,,2672,5,1,15,22,0,0,0,4,0,0,31,267,,,,0.0,0.51,0.74,1.04,8.99,57,108,102
28,u,0.0,0.0,4.5,487,299.0,0,0.0,0,0.0,0.1,494,175.0,0,0,0.0,740.0,308.0,0,0,0.0,649.0,249.0,0.0,0.0,0.0,6731,0,30315,0,0.0,0.0,0.0,0.0,0.0,0.0,0.0,0.0,0.0,0.0,0.0,738.0,306.0,0.0,731.0,306.0,0.0,718.0,302.0,0.0,738.0,306.0,,,,33,,Ismeal,Kabia,Kabia,has joined Shrewsbury Town on loan for the rest of the season.,,0,0,0,0,0,0,0,0,0,0,0,0,0,,,,0.0,0.0,0.0,0.0,0.0,0,0,0
29,u,0.0,0.0,4.5,432,256.0,0,0.0,0,0.0,0.0,590,222.0,0,0,0.0,702.0,275.0,0,0,0.0,600.0,209.0,0.0,0.0,0.0,2952,0,14121,0,0.0,0.0,0.0,0.0,0.0,0.0,0.0,0.0,0.0,0.0,0.0,696.0,269.0,0.0,692.0,272.0,0.0,675.0,265.0,0.0,698.0,271.0,,,,33,,Albert,Sambi Lokonga,Sambi,has joined Hamburger permanently.,,0,0,0,0,0,0,0,0,0,0,0,0,0,,,,0.0,0.0,0.0,0.0,0.0,0,0,0
30,a,100.0,100.0,7.3,26,10.0,0,0.0,-2,2.0,0.5,275,41.0,13,0,1.9,364.0,42.0,0,52,0.5,290.0,39.0,0.1,1.8,0.0,121455,69,206905,7,1.5,1.0,1.27,0.1,1.37,3.11,0.36,0.03,0.39,0.89,38.2,429.0,50.0,48.9,354.0,43.0,63.0,315.0,52.0,15.1,400.0,50.0,,,,33,,Kai,Havertz,Havertz,,,314,0,1,3,1,0,0,0,0,0,0,4,21,,,,0.0,0.86,0.29,1.15,6.02,5,7,9
31,a,100.0,100.0,6.4,55,20.0,0,0.0,-1,1.0,0.3,310,48.0,18,0,1.5,419.0,50.0,0,73,0.5,283.0,38.0,0.1,2.8,0.0,148875,18,129720,18,1.5,1.0,1.83,0.23,2.06,3.57,0.52,0.07,0.59,1.01,107.0,365.0,37.0,36.4,374.0,49.0,228.0,125.0,30.0,36.9,319.0,37.0,,,,33,,Gabriel,Fernando de Jesus,G.Jesus,,,318,2,0,0,6,0,0,0,2,0,0,2,26,,,,0.0,0.0,1.7,0.57,7.36,4,4,18
266,a,100.0,100.0,7.2,32,19.0,0,0.0,-3,3.0,7.7,51,17.0,95,0,3.5,132.0,59.0,8,366,0.5,289.0,136.0,0.1,13.2,0.0,3382182,264,3814315,62,1.5,1.0,3.88,2.31,6.19,10.79,0.23,0.14,0.37,0.63,345.2,183.0,71.0,255.2,141.0,95.0,373.0,65.0,38.0,97.2,108.0,60.0,,,,33,,Eberechi,Eze,Eze,,,1530,6,3,8,11,0,0,0,1,0,0,17,101,,,,0.0,0.47,0.65,1.0,5.94,17,19,65
662,a,100.0,100.0,5.3,198,25.0,0,0.0,-2,2.0,0.2,413,151.0,29,0,1.9,359.0,133.0,1,152,0.5,274.0,90.0,0.1,5.5,0.0,48296,14,53541,3,1.5,1.0,0.0,0.5,0.5,5.5,0.0,0.07,0.07,0.73,156.8,319.0,120.0,51.9,347.0,122.0,10.0,418.0,157.0,21.9,375.0,131.0,,,,33,,Cristhian,Mosquera,Mosquera,,,681,0,0,2,5,0,0,0,2,0,0,6,83,,,,0.0,0.26,0.66,0.79,9.25,23,47,25
666,a,100.0,100.0,8.8,8,4.0,0,0.0,-2,2.0,11.6,31,6.0,106,0,3.5,133.0,13.0,13,388,2.5,86.0,13.0,0.3,12.0,0.0,3577825,4001,5202162,182,3.5,3.0,10.25,1.77,12.01,15.04,0.47,0.08,0.55,0.68,440.0,121.0,11.0,214.4,168.0,14.0,658.0,23.0,14.0,130.4,54.0,13.0,,,2.0,33,,Viktor,Gyökeres,Gyökeres,,,1978,12,0,10,13,0,0,0,5,0,0,24,73,,,,0.0,0.46,0.59,1.09,3.32,6,20,47
700,a,100.0,100.0,4.2,649,371.0,0,0.0,-3,3.0,0.7,223,80.0,12,0,3.0,192.0,80.0,0,43,0.5,252.0,118.0,0.1,2.9,0.0,226353,117,156651,59,1.5,1.0,1.11,0.14,1.25,0.67,1.26,0.16,1.42,0.76,41.2,424.0,185.0,38.4,369.0,189.0,57.0,325.0,172.0,13.7,405.0,184.0,,,,33,,Max,Dowman,Dowman,,,79,1,1,0,1,0,0,0,0,0,0,0,7,,,,0.0,0.0,1.14,0.0,7.97,2,0,5
711,a,,,4.4,571,343.0,0,0.0,-1,1.0,0.0,707,287.0,0,0,0.0,691.0,269.0,0,0,0.0,585.0,202.0,0.0,0.0,0.0,1967,0,1886,1,1.0,0.5,0.0,0.0,0.0,0.0,0.0,0.0,0.0,0.0,0.0,685.0,263.0,0.0,680.0,266.0,0.0,661.0,258.0,0.0,687.0,265.0,,,,33,,Andre,Harriman-Annous,Harriman-Annous,,,0,0,0,0,0,0,0,0,0,0,0,0,0,,,,0.0,0.0,0.0,0.0,0.0,0,0,0
725,a,100.0,100.0,5.1,234,35.0,0,0.0,-4,4.0,0.7,230,86.0,74,0,3.5,124.0,45.0,6,282,0.0,754.0,256.0,0.0,14.5,0.0,545188,90,469358,33,1.0,0.5,0.33,1.39,1.72,14.19,0.02,0.08,0.1,0.85,383.4,155.0,66.0,168.4,203.0,52.0,57.0,327.0,103.0,60.7,233.0,81.0,,,,33,,Piero,Hincapié,Hincapie,,,1499,1,2,4,16,1,0,0,2,0,0,17,141,,,,0.0,0.24,0.96,1.02,8.47,39,102,55
759,a,,,4.0,732,204.0,0,0.0,0,0.0,0.0,675,237.0,0,0,0.0,633.0,243.0,0,0,0.0,478.0,190.0,0.0,0.0,0.0,1457,1,1337,0,1.0,0.5,0.0,0.0,0.0,0.0,0.0,0.0,0.0,0.0,0.0,624.0,243.0,0.0,616.0,243.0,0.0,586.0,240.0,0.0,626.0,243.0,,,,33,,Marli,Salmon,Salmon,,,0,0,0,0,0,0,0,0,0,0,0,0,0,,,,0.0,0.0,0.0,0.0,0.0,0,0,0
32,a,100.0,100.0,5.1,220,6.0,0,0.0,1,-1.0,4.6,84,15.0,105,0,3.9,67.0,8.0,10,453,2.0,113.0,11.0,0.4,20.6,0.0,1046338,539,734489,116,2.0,2.0,0.0,0.06,0.06,35.8,0.0,0.0,0.0,1.35,611.2,47.0,11.0,13.2,415.0,5.0,0.0,795.0,90.0,62.4,228.0,11.0,,,,33,,Emiliano,Martínez Romero,Martinez,,,2385,0,0,7,29,0,1,0,2,0,76,27,78,,,,2.87,0.26,1.09,1.02,0.0,0,25,224
33,a,100.0,100.0,4.2,626,29.0,0,0.0,-3,3.0,0.4,295,38.0,14,0,2.3,296.0,28.0,0,65,1.0,176.0,17.0,0.2,3.3,0.0,84491,5,116297,1,1.0,1.0,0.0,0.0,0.0,9.68,0.0,0.0,0.0,1.76,118.2,353.0,27.0,0.0,627.0,78.0,0.0,599.0,65.0,11.8,418.0,27.0,,,,33,,Marco,Bizot,M.Bizot,,,495,0,0,1,9,0,0,0,2,0,17,5,23,,,,3.09,0.18,1.64,0.91,0.0,0,7,50
34,u,0.0,0.0,4.0,687,52.0,0,0.0,0,0.0,0.1,506,75.0,0,0,0.0,597.0,74.0,0,0,0.0,435.0,65.0,0.0,0.0,0.0,0,0,17628,0,0.0,0.0,0.0,0.0,0.0,0.0,0.0,0.0,0.0,0.0,0.0,587.0,74.0,0.0,578.0,61.0,0.0,547.0,48.0,0.0,589.0,74.0,,,,33,,Joe,Gauci,Gauci,Has joined Port Vale on loan for the rest of the season.,,0,0,0,0,0,0,0,0,0,0,0,0,0,,,,0.0,0.0,0.0,0.0,0.0,0,0,0
35,u,0.0,0.0,4.0,686,51.0,0,0.0,0,0.0,0.0,756,87.0,0,0,0.0,596.0,73.0,0,0,0.0,434.0,64.0,0.0,0.0,0.0,0,0,1285,0,0.0,0.0,0.0,0.0,0.0,0.0,0.0,0.0,0.0,0.0,0.0,586.0,73.0,0.0,577.0,60.0,0.0,546.0,47.0,0.0,588.0,73.0,,,,33,,Filip,Marschall,Marschall,Has joined Stevenage permanently.,,0,0,0,0,0,0,0,0,0,0,0,0,0,,,,0.0,0.0,0.0,0.0,0.0,0,0,0
36,a,100.0,100.0,4.7,382,64.0,0,0.0,2,-2.0,8.2,45,15.0,107,0,3.7,91.0,34.0,6,408,2.3,91.0,32.0,0.5,22.8,0.0,2896206,778,2253466,177,2.3,2.3,1.12,2.7,3.82,38.34,0.04,0.1,0.14,1.36,552.0,64.0,31.0,425.9,57.0,9.0,208.0,140.0,27.0,118.6,73.0,14.0,3.0,,,33,,Matty,Cash,Cash,,,2532,3,2,8,28,0,0,0,8,0,0,29,181,,,,0.0,0.28,1.0,1.03,5.62,51,107,76
37,a,100.0,100.0,4.5,411,75.0,0,0.0,0,0.0,1.6,155,61.0,87,0,3.2,163.0,65.0,5,350,3.0,57.0,21.0,0.7,19.3,0.0,336241,186,373492,26,3.0,3.0,0.61,2.8,3.41,23.56,0.03,0.15,0.18,1.3,344.8,184.0,76.0,408.6,65.0,12.0,125.0,233.0,60.0,87.7,141.0,44.0,2.0,2.0,,33,,Lucas,Digne,Digne,,,1626,0,5,7,18,0,0,0,3,0,0,19,125,,,,0.0,0.39,1.0,1.05,5.59,33,68,60
38,a,100.0,100.0,4.4,527,105.0,0,0.0,-1,1.0,7.8,50,16.0,95,0,3.2,162.0,64.0,3,461,2.0,110.0,41.0,0.5,21.6,0.0,804352,261,2111134,119,2.0,2.0,1.27,0.56,1.83,42.8,0.04,0.02,0.06,1.44,542.8,69.0,33.0,104.0,275.0,83.0,120.0,238.0,63.0,77.2,168.0,56.0,,,,33,,Ezri,Konsa Ngoyo,Konsa,,,2675,0,1,9,36,0,0,0,0,1,0,30,204,,,,0.0,0.3,1.21,1.01,5.96,20,157,90
39,a,,,4.2,635,145.0,0,0.0,-3,3.0,0.6,253,95.0,41,0,1.6,398.0,147.0,0,208,0.3,294.0,95.0,0.1,9.8,0.0,84386,10,117252,16,0.3,0.3,1.2,1.85,3.05,22.13,0.09,0.13,0.22,1.58,262.2,233.0,93.0,300.1,115.0,28.0,205.0,144.0,30.0,76.9,169.0,57.0,,,,33,,Ian,Maatsen,Maatsen,,,1263,0,0,2,20,0,0,0,2,0,0,13,113,,,,0.0,0.14,1.43,0.93,7.2,36,65,73
40,a,100.0,100.0,4.3,576,125.0,0,0.0,-2,2.0,0.7,235,88.0,44,0,3.4,138.0,50.0,4,148,0.0,512.0,214.0,0.0,10.2,0.0,158472,5,209594,8,0.0,0.0,1.01,0.37,1.38,17.52,0.09,0.03,0.12,1.64,214.8,269.0,110.0,70.9,317.0,107.0,61.0,319.0,99.0,34.7,329.0,109.0,,,,33,,Tyrone,Mings,Mings,,,962,0,1,3,15,0,0,0,0,0,0,11,96,,,,0.0,0.28,1.4,1.03,7.48,4,76,29
41,a,100.0,100.0,4.3,584,131.0,0,0.0,-2,2.0,0.3,321,116.0,58,0,3.2,161.0,63.0,2,261,2.7,72.0,24.0,0.6,13.5,0.0,73266,31,98934,4,2.7,2.7,0.63,0.37,1.0,20.07,0.04,0.02,0.06,1.22,282.2,218.0,87.0,42.1,363.0,130.0,55.0,329.0,105.0,38.2,314.0,106.0,,,,33,,Pau,Torres,Pau,,,1476,0,1,5,16,1,0,0,0,0,0,16,128,,,,0.0,0.3,0.98,0.98,6.16,20,81,74
42,a,100.0,100.0,3.9,786,232.0,0,0.0,-1,1.0,0.2,372,136.0,4,0,0.8,514.0,177.0,0,7,0.3,292.0,93.0,0.1,1.0,0.0,29389,4,41906,5,0.3,0.3,0.0,0.01,0.01,1.55,0.0,0.02,0.02,3.67,3.2,488.0,174.0,2.7,456.0,165.0,0.0,522.0,204.0,0.6,494.0,173.0,,,,33,,Andrés,García,A.García,,,38,0,0,0,2,0,0,0,0,0,0,0,1,,,,0.0,0.0,4.74,0.0,2.37,1,0,2
43,u,0.0,0.0,4.0,665,162.0,0,0.0,0,0.0,1.6,156,62.0,0,0,0.0,580.0,211.0,0,0,0.0,415.0,151.0,0.0,0.0,0.0,44476,0,890172,6,0.0,0.0,0.0,0.0,0.0,0.0,0.0,0.0,0.0,0.0,0.0,570.0,210.0,0.0,559.0,210.0,0.0,528.0,206.0,0.0,572.0,210.0,,,,33,,Álex,Moreno Lopera,Alex Moreno,Has joined Girona permanently.,,0,0,0,0,0,0,0,0,0,0,0,0,0,,,,0.0,0.0,0.0,0.0,0.0,0,0,0
44,a,100.0,100.0,4.0,706,183.0,0,0.0,0,0.0,0.5,257,98.0,34,0,1.4,422.0,153.0,4,107,0.0,452.0,169.0,0.0,8.5,0.0,110067,12,95362,13,0.0,0.0,0.0,0.19,0.19,11.99,0.0,0.02,0.02,1.35,109.0,364.0,139.0,54.0,343.0,120.0,14.0,398.0,144.0,17.6,393.0,140.0,,,,33,,Lamare,Bogarde,Bogarde,,,797,0,0,2,13,0,0,0,5,0,0,8,57,,,,0.0,0.23,1.47,0.9,5.42,20,28,33
45,u,0.0,0.0,3.8,804,247.0,0,0.0,-2,2.0,0.3,351,128.0,0,0,0.0,536.0,193.0,0,0,0.0,363.0,126.0,0.0,0.0,0.0,22076,0,39080,5,0.0,0.0,0.0,0.0,0.0,0.0,0.0,0.0,0.0,0.0,0.0,525.0,192.0,0.0,509.0,191.0,0.0,476.0,185.0,0.0,527.0,192.0,,,,33,,Lino,da Cruz Sousa,Sousa,has joined Rotherham on loan for the rest of the season.,,0,0,0,0,0,0,0,0,0,0,0,0,0,,,,0.0,0.0,0.0,0.0,0.0,0,0,0
46,u,0.0,0.0,4.0,722,195.0,0,0.0,0,0.0,0.1,469,173.0,0,0,0.0,624.0,235.0,0,0,0.0,468.0,181.0,0.0,0.0,0.0,4656,0,21100,0,0.0,0.0,0.0,0.0,0.0,0.0,0.0,0.0,0.0,0.0,0.0,615.0,235.0,0.0,607.0,235.0,0.0,577.0,232.0,0.0,617.0,235.0,,,,33,,Yasin,Özcan,Yasin,has joined Anderlecht on loan for the rest of the season.,,0,0,0,0,0,0,0,0,0,0,0,0,0,,,,0.0,0.0,0.0,0.0,0.0,0,0,0
47,a,100.0,100.0,7.4,24,16.0,0,0.0,4,-4.0,22.5,14,4.0,143,0,4.5,34.0,14.0,13,506,3.7,39.0,16.0,0.5,19.3,0.0,6216559,3743,4519323,430,3.7,3.7,5.97,3.51,9.48,44.43,0.19,0.11,0.3,1.41,627.2,44.0,11.0,614.5,21.0,20.0,776.0,7.0,2.0,201.7,8.0,6.0,,1.0,,33,,Morgan,Rogers,Rogers,,,2830,8,7,9,38,0,0,0,6,0,0,32,199,,,,0.0,0.29,1.21,1.02,6.33,34,44,121
48,a,100.0,100.0,5.9,90,58.0,0,0.0,-1,1.0,0.6,240,85.0,55,0,2.9,208.0,85.0,3,318,1.0,204.0,95.0,0.2,9.3,0.0,161547,49,350313,9,1.0,1.0,0.99,2.7,3.69,24.53,0.06,0.17,0.23,1.57,349.0,180.0,69.0,444.3,51.0,43.0,152.0,200.0,110.0,94.6,114.0,65.0,5.0,,,33,,Youri,Tielemans,Tielemans,,,1408,0,4,4,18,0,0,0,0,0,0,16,155,,,,0.0,0.26,1.15,1.02,9.91,43,38,74
49,a,100.0,100.0,5.5,139,86.0,0,0.0,0,0.0,0.1,472,164.0,13,0,1.4,427.0,188.0,0,42,0.3,310.0,146.0,0.1,2.4,0.0,8758,10,51556,0,0.3,0.3,0.31,1.21,1.52,5.37,0.08,0.33,0.41,1.45,55.0,412.0,180.0,122.8,250.0,155.0,59.0,324.0,171.0,23.7,366.0,174.0,4.0,,,33,,Leon,Bailey,Bailey,,,334,0,1,0,8,0,0,0,1,0,0,2,33,,,,0.0,0.0,2.16,0.54,8.89,7,3,23
50,a,100.0,100.0,5.3,185,116.0,0,0.0,-2,2.0,0.4,296,104.0,84,0,2.8,221.0,88.0,8,295,0.7,238.0,113.0,0.1,15.8,0.0,226406,20,206430,12,0.7,0.7,2.9,1.93,4.83,22.9,0.18,0.12,0.3,1.41,347.4,182.0,70.0,332.9,92.0,68.0,314.0,85.0,51.0,98.1,105.0,59.0,,6.0,2.0,33,,Emiliano,Buendía Stati,Buendía,,,1465,5,2,3,19,0,0,0,6,0,0,18,160,,,,0.0,0.18,1.17,1.11,9.83,38,29,93
51,u,0.0,0.0,5.5,147,93.0,0,0.0,0,0.0,0.0,693,281.0,0,0,0.0,814.0,363.0,0,0,0.0,789.0,347.0,0.0,0.0,0.0,1383,0,3805,0,0.0,0.0,0.0,0.0,0.0,0.0,0.0,0.0,0.0,0.0,0.0,813.0,362.0,0.0,812.0,362.0,0.0,810.0,361.0,0.0,813.0,362.0,,,,33,,Samuel,Iling-Junior,Iling Jr,has joined Pisa on loan for the rest of the season.,,0,0,0,0,0,0,0,0,0,0,0,0,0,,,,0.0,0.0,0.0,0.0,0.0,0,0,0
53,u,0.0,0.0,5.1,225,137.0,0,0.0,-4,4.0,0.4,287,100.0,55,0,2.6,254.0,104.0,3,161,0.0,751.0,322.0,0.0,10.8,0.0,172896,0,340124,4,0.0,0.0,4.03,0.35,4.38,10.59,0.57,0.05,0.62,1.49,183.4,292.0,127.0,99.7,277.0,166.0,290.0,97.0,59.0,56.3,248.0,122.0,,,,33,,Donyell,Malen,Malen,has joined Roma on loan for the rest of the season.,,640,4,2,1,10,0,0,0,0,0,0,5,16,,,,0.0,0.14,1.41,0.7,2.25,4,2,10
54,a,100.0,100.0,5.3,183,114.0,0,0.0,-2,2.0,0.6,245,87.0,84,0,3.4,148.0,61.0,6,349,3.7,36.0,13.0,0.7,15.8,0.0,229072,149,249196,13,3.7,3.7,2.72,2.32,5.04,28.84,0.14,0.12,0.26,1.44,356.2,172.0,65.0,440.5,54.0,45.0,231.0,123.0,73.0,102.6,95.0,55.0,,,,33,,John,McGinn,McGinn,,,1807,4,2,8,23,0,0,0,4,0,0,24,134,,,,0.0,0.4,1.15,1.2,6.67,27,30,77
55,a,100.0,100.0,4.8,348,218.0,0,0.0,-2,2.0,0.1,493,174.0,37,0,2.5,268.0,110.0,3,163,1.7,131.0,52.0,0.4,7.7,0.0,14527,6,14531,7,1.7,1.7,0.75,1.1,1.85,7.64,0.14,0.21,0.35,1.48,156.4,321.0,146.0,112.4,263.0,161.0,112.0,246.0,135.0,38.1,315.0,155.0,,,,33,,Ross,Barkley,Barkley,,,466,2,1,1,7,0,0,0,0,0,0,3,52,,,,0.0,0.19,1.35,0.58,10.04,10,13,29
56,u,0.0,0.0,5.0,267,162.0,0,0.0,0,0.0,0.0,825,370.0,0,0,0.0,796.0,350.0,0,0,0.0,740.0,313.0,0.0,0.0,0.0,0,0,35,0,0.0,0.0,0.0,0.0,0.0,0.0,0.0,0.0,0.0,0.0,0.0,795.0,349.0,0.0,793.0,349.0,0.0,788.0,347.0,0.0,795.0,349.0,,,,33,,Enzo,Barrenechea,Barrenechea,Season-long loan to Benfica,,0,0,0,0,0,0,0,0,0,0,0,0,0,,,,0.0,0.0,0.0,0.0,0.0,0,0,0
57,u,0.0,0.0,5.0,261,158.0,0,0.0,0,0.0,0.0,669,268.0,0,0,0.0,792.0,347.0,0,0,0.0,736.0,310.0,0.0,0.0,0.0,889,0,5447,0,0.0,0.0,0.0,0.0,0.0,0.0,0.0,0.0,0.0,0.0,0.0,791.0,346.0,0.0,789.0,346.0,0.0,784.0,344.0,0.0,791.0,346.0,,,,33,,Lewis,Dobbin,Dobbin,Has joined Preston North End on loan for the rest of the season.,,0,0,0,0,0,0,0,0,0,0,0,0,0,,,,0.0,0.0,0.0,0.0,0.0,0,0,0
58,i,0.0,0.0,4.9,311,193.0,0,0.0,-1,1.0,0.2,396,135.0,61,0,3.4,143.0,60.0,7,282,0.0,709.0,291.0,0.0,12.4,0.0,111443,0,120561,2,0.0,0.0,0.53,0.84,1.36,20.8,0.03,0.05,0.08,1.33,325.0,194.0,80.0,241.3,150.0,101.0,75.0,295.0,158.0,64.2,217.0,106.0,,,,33,,Boubacar,Kamara,Kamara,Knee injury - Expected back 01 Jun,,1410,1,3,5,15,0,0,0,5,0,0,17,149,,,,0.0,0.32,0.96,1.09,9.51,38,46,65
59,a,100.0,100.0,4.8,364,226.0,0,0.0,-2,2.0,0.7,229,82.0,74,0,3.2,167.0,67.0,4,341,2.7,75.0,29.0,0.6,15.4,0.0,165987,32,282772,13,2.7,2.7,1.4,0.68,2.08,26.67,0.08,0.04,0.12,1.46,399.6,144.0,48.0,137.4,237.0,152.0,169.0,181.0,99.0,70.6,196.0,97.0,,,,33,,Amadou,Onana,Onana,,,1648,2,0,6,23,0,0,0,2,0,0,20,210,,,,0.0,0.33,1.26,1.09,11.47,45,96,69
60,u,0.0,0.0,4.4,564,339.0,0,0.0,-1,1.0,0.2,354,121.0,0,0,0.0,687.0,267.0,0,0,0.0,578.0,198.0,0.0,0.0,0.0,38290,0,52103,2,0.0,0.0,0.0,0.0,0.0,0.0,0.0,0.0,0.0,0.0,0.0,681.0,261.0,0.0,676.0,264.0,0.0,657.0,256.0,0.0,683.0,263.0,,,,33,,Ben,Broggio,Broggio,has joined Falkirk on loan for the rest of the season.,,0,0,0,0,0,0,0,0,0,0,0,0,0,,,,0.0,0.0,0.0,0.0,0.0,0,0,0
61,u,0.0,0.0,4.5,414,250.0,0,0.0,0,0.0,0.1,540,197.0,0,0,0.0,694.0,270.0,0,0,0.0,588.0,203.0,0.0,0.0,0.0,2169,0,33756,0,0.0,0.0,0.0,0.0,0.0,0.0,0.0,0.0,0.0,0.0,0.0,688.0,264.0,0.0,683.0,267.0,0.0,664.0,259.0,0.0,690.0,266.0,,,,33,,Leander,Dendoncker,Dendoncker,Has joined Real Oviedo permanently.,,0,0,0,0,0,0,0,0,0,0,0,0,0,,,,0.0,0.0,0.0,0.0,0.0,0,0,0
62,u,0.0,0.0,4.5,472,288.0,0,0.0,0,0.0,0.1,567,210.0,1,0,1.0,483.0,216.0,0,3,0.0,634.0,238.0,0.0,0.2,0.0,8790,0,10864,0,0.0,0.0,0.0,0.0,0.0,0.61,0.0,0.0,0.0,6.86,0.2,510.0,233.0,0.3,485.0,237.0,0.0,706.0,293.0,0.1,512.0,235.0,,,,33,,Jamaldeen,Jimoh-Aloba,Jimoh-Aloba,has joined West Brom on loan for the rest of the season.,,8,0,0,0,0,0,0,0,0,0,0,0,1,,,,0.0,0.0,0.0,0.0,11.25,0,0,1
63,u,0.0,0.0,4.3,605,355.0,0,0.0,-2,2.0,0.5,266,93.0,0,0,0.0,658.0,248.0,0,0,0.0,533.0,173.0,0.0,0.0,0.0,102090,0,132426,8,0.0,0.0,0.0,0.0,0.0,0.0,0.0,0.0,0.0,0.0,0.0,648.0,238.0,0.0,644.0,243.0,0.0,621.0,232.0,0.0,650.0,240.0,,,,33,,Kadan,Young,Young,has joined Reading on loan for the rest of the season.,,0,0,0,0,0,0,0,0,0,0,0,0,0,,,,0.0,0.0,0.0,0.0,0.0,0,0,0
64,a,100.0,100.0,8.5,10,5.0,0,0.0,-5,5.0,8.5,44,9.0,111,0,3.6,112.0,9.0,14,388,3.7,40.0,6.0,0.4,13.1,0.0,2405317,5285,4408770,128,3.7,3.7,10.87,1.06,11.93,37.46,0.41,0.04,0.45,1.42,432.0,125.0,12.0,258.2,138.0,9.0,855.0,5.0,4.0,153.9,31.0,7.0,,,3.0,33,,Ollie,Watkins,Watkins,,,2375,9,2,9,31,0,0,0,3,0,0,28,82,,,,0.0,0.34,1.17,1.06,3.11,20,19,43
65,u,0.0,0.0,4.5,484,68.0,0,0.0,0,0.0,0.3,333,53.0,0,0,0.0,738.0,78.0,0,0,0.0,646.0,66.0,0.0,0.0,0.0,17574,0,85236,0,0.0,0.0,0.0,0.0,0.0,0.0,0.0,0.0,0.0,0.0,0.0,735.0,78.0,0.0,729.0,77.0,0.0,716.0,77.0,0.0,736.0,78.0,,,,33,,Zépiqueno,Redmond,Redmond,has joined Huddersfield Town on loan for the rest of the season.,,0,0,0,0,0,0,0,0,0,0,0,0,0,,,,0.0,0.0,0.0,0.0,0.0,0,0,0
389,a,100.0,100.0,5.1,233,141.0,0,0.0,-4,4.0,0.2,397,136.0,5,0,1.0,503.0,232.0,0,17,0.0,753.0,324.0,0.0,1.0,0.0,94493,2,103796,1,0.0,0.0,0.29,0.08,0.37,1.74,0.24,0.07,0.31,1.42,11.8,461.0,205.0,31.7,383.0,193.0,31.0,367.0,188.0,7.4,436.0,196.0,,,,33,,Harvey,Elliott,Elliott,,,110,0,0,0,2,0,0,0,0,0,0,1,6,,,,0.0,0.0,1.64,0.82,4.91,0,2,4
456,a,100.0,100.0,5.8,104,69.0,0,0.0,-2,2.0,0.2,365,125.0,32,0,1.7,396.0,169.0,0,127,2.0,123.0,47.0,0.3,5.5,0.0,51611,11,54913,5,2.0,2.0,0.61,1.82,2.43,11.28,0.07,0.22,0.29,1.35,124.8,347.0,158.0,282.9,127.0,87.0,191.0,160.0,90.0,60.1,234.0,115.0,6.0,,,33,,Jadon,Sancho,Sancho,,,752,0,2,2,5,0,0,0,0,0,0,8,38,,,,0.0,0.24,0.6,0.96,4.55,6,11,21
688,a,,,3.9,769,83.0,0,0.0,-1,1.0,0.6,248,33.0,0,0,0.0,562.0,55.0,0,0,0.0,395.0,44.0,0.0,0.0,0.0,62025,0,46937,3,0.0,0.0,0.0,0.0,0.0,0.0,0.0,0.0,0.0,0.0,0.0,552.0,55.0,0.0,539.0,38.0,0.0,507.0,25.0,0.0,554.0,55.0,,,,33,,James,Wright,Wright,,,0,0,0,0,0,0,0,0,0,0,0,0,0,,,,0.0,0.0,0.0,0.0,0.0,0,0,0
699,a,100.0,100.0,4.9,313,194.0,0,0.0,-1,1.0,0.1,502,181.0,31,0,1.8,378.0,160.0,0,187,0.7,232.0,109.0,0.1,6.3,0.0,28523,2,23401,7,0.7,0.7,0.5,1.38,1.88,11.41,0.06,0.15,0.21,1.26,172.8,301.0,132.0,277.2,130.0,89.0,87.0,280.0,151.0,53.7,256.0,127.0,1.0,,,33,,Douglas Luiz,Soares de Paulo,Douglas Luiz,,,814,1,1,1,13,0,0,0,2,0,0,11,92,,,,0.0,0.11,1.44,1.22,10.17,20,23,49
701,u,0.0,0.0,4.0,719,192.0,0,0.0,0,0.0,0.1,542,193.0,0,0,0.0,621.0,232.0,0,0,0.0,465.0,178.0,0.0,0.0,0.0,8943,0,10791,0,0.0,0.0,0.0,0.0,0.0,0.0,0.0,0.0,0.0,0.0,0.0,612.0,232.0,0.0,604.0,232.0,0.0,574.0,229.0,0.0,614.0,232.0,,,,33,,Triston,Rowe,Rowe,has joined Annecy on loan for the rest of the season.,,0,0,0,0,0,0,0,0,0,0,0,0,0,,,,0.0,0.0,0.0,0.0,0.0,0,0,0
702,a,,,4.3,621,369.0,0,0.0,-2,2.0,0.1,530,193.0,1,0,1.0,472.0,206.0,0,3,0.0,546.0,184.0,0.0,0.2,0.0,10871,15,9335,3,0.0,0.0,0.0,0.0,0.0,0.9,0.0,0.0,0.0,5.06,0.0,659.0,248.0,0.3,484.0,236.0,0.0,632.0,242.0,0.0,661.0,250.0,,,,33,,Bradley,Burrowes,Burrowes,,,16,0,0,0,1,0,0,0,0,0,0,0,1,,,,0.0,0.0,5.62,0.0,5.62,0,0,1
703,a,,,3.9,780,90.0,0,0.0,-1,1.0,0.6,242,32.0,0,0,0.0,571.0,61.0,0,0,0.0,405.0,50.0,0.0,0.0,0.0,94499,2,48035,6,0.0,0.0,0.0,0.0,0.0,0.0,0.0,0.0,0.0,0.0,0.0,561.0,61.0,0.0,549.0,45.0,0.0,517.0,32.0,0.0,563.0,61.0,,,,33,,Sam,Proctor,Proctor,,,0,0,0,0,0,0,0,0,0,0,0,0,0,,,,0.0,0.0,0.0,0.0,0.0,0,0,0
710,a,,,3.9,777,227.0,0,0.0,-1,1.0,0.2,385,142.0,0,0,0.0,568.0,206.0,0,0,0.0,402.0,145.0,0.0,0.0,0.0,33574,1,23658,1,0.0,0.0,0.0,0.0,0.0,0.0,0.0,0.0,0.0,0.0,0.0,558.0,205.0,0.0,546.0,205.0,0.0,514.0,200.0,0.0,560.0,205.0,,,,33,,Travis,Patterson,Patterson,,,0,0,0,0,0,0,0,0,0,0,0,0,0,,,,0.0,0.0,0.0,0.0,0.0,0,0,0
719,a,100.0,100.0,4.5,419,80.0,0,0.0,0,0.0,0.1,483,175.0,24,0,1.8,371.0,139.0,0,99,0.7,225.0,73.0,0.2,5.3,0.0,21740,7,15524,1,0.7,0.7,0.28,0.07,0.35,11.9,0.04,0.01,0.05,1.62,130.0,342.0,130.0,28.9,385.0,139.0,22.0,386.0,136.0,18.2,391.0,139.0,,,,33,,Victor,Lindelöf,Lindelöf,,,662,0,1,1,10,0,0,0,0,0,0,7,38,,,,0.0,0.14,1.36,0.95,5.17,5,33,14
754,a,,,4.5,485,297.0,0,0.0,0,0.0,0.0,753,320.0,2,0,1.0,487.0,219.0,0,5,0.0,647.0,247.0,0.0,0.4,0.0,1210,1,804,1,0.0,0.0,0.04,0.01,0.05,0.61,0.14,0.04,0.18,2.2,0.0,736.0,304.0,1.7,464.0,224.0,2.0,451.0,221.0,0.3,503.0,231.0,,,,33,,George,Hemmings,George Hemmings,,,25,0,0,0,0,0,0,0,0,0,0,0,1,,,,0.0,0.0,0.0,0.0,3.6,0,0,1
757,a,,,4.0,708,61.0,0,0.0,0,0.0,0.0,705,83.0,0,0,0.0,611.0,82.0,0,0,0.0,454.0,73.0,0.0,0.0,0.0,1366,0,980,0,0.0,0.0,0.0,0.0,0.0,0.0,0.0,0.0,0.0,0.0,0.0,602.0,82.0,0.0,594.0,70.0,0.0,563.0,57.0,0.0,604.0,82.0,,,,33,,Ronnie,Hollingshead,Hollingshead,,,0,0,0,0,0,0,0,0,0,0,0,0,0,,,,0.0,0.0,0.0,0.0,0.0,0,0,0
768,a,,,4.0,741,213.0,0,0.0,0,0.0,0.0,696,246.0,0,0,0.0,639.0,249.0,0,0,0.0,487.0,199.0,0.0,0.0,0.0,741,1,694,1,0.0,0.0,0.0,0.0,0.0,0.0,0.0,0.0,0.0,0.0,0.0,630.0,249.0,0.0,622.0,249.0,0.0,593.0,247.0,0.0,632.0,249.0,,,,33,,Leon,Routh,Leon Routh,,,0,0,0,0,0,0,0,0,0,0,0,0,0,,,,0.0,0.0,0.0,0.0,0.0,0,0,0
781,a,,,4.0,734,206.0,0,0.0,0,0.0,0.0,704,248.0,0,0,0.0,634.0,244.0,0,0,0.0,480.0,192.0,0.0,0.0,0.0,847,0,576,1,0.0,0.0,0.0,0.0,0.0,0.0,0.0,0.0,0.0,0.0,0.0,625.0,244.0,0.0,617.0,244.0,0.0,587.0,241.0,0.0,627.0,244.0,,,,33,,TJ,Carroll,Carroll,,,0,0,0,0,0,0,0,0,0,0,0,0,0,,,,0.0,0.0,0.0,0.0,0.0,0,0,0
792,a,100.0,100.0,5.0,283,175.0,0,0.0,0,0.0,0.0,790,345.0,3,0,1.0,500.0,229.0,0,11,0.0,749.0,320.0,0.0,0.6,0.0,338,0,229,1,0.0,0.0,0.05,0.05,0.1,1.87,0.1,0.1,0.2,3.58,3.2,490.0,225.0,3.5,454.0,219.0,10.0,417.0,204.0,1.5,479.0,220.0,,,,33,,Alysson Edward Franco,da Rocha dos Santos,Alysson,,,47,0,0,0,2,0,0,0,0,0,0,0,4,,,,0.0,0.0,3.83,0.0,7.66,0,1,3
808,a,,,5.8,103,29.0,0,0.0,-2,2.0,0.2,390,59.0,16,0,1.8,383.0,45.0,2,57,0.7,242.0,30.0,0.1,2.8,0.0,84587,16,64997,24,0.7,0.7,1.26,0.36,1.62,2.59,0.57,0.16,0.73,1.17,52.0,415.0,48.0,47.9,356.0,44.0,99.0,263.0,46.0,19.8,386.0,48.0,,,,33,,Tammy,Abraham,Abraham,,,199,1,0,0,4,0,0,0,0,0,0,1,9,,,,0.0,0.0,1.81,0.45,4.07,3,2,4
183,a,,,4.2,642,35.0,0,0.0,-3,3.0,0.1,451,67.0,0,0,0.0,646.0,91.0,0,0,0.0,502.0,83.0,0.0,0.0,0.0,8318,0,17958,2,0.0,-1.5,0.0,0.0,0.0,0.0,0.0,0.0,0.0,0.0,0.0,638.0,91.0,0.0,632.0,82.0,0.0,606.0,71.0,0.0,640.0,91.0,,,,33,,Max,Weiß,Weiss,,,0,0,0,0,0,0,0,0,0,0,0,0,0,,,,0.0,0.0,0.0,0.0,0.0,0,0,0
184,u,0.0,0.0,4.0,693,56.0,0,0.0,0,0.0,0.2,405,58.0,0,0,0.0,602.0,78.0,0,0,0.0,441.0,69.0,0.0,0.0,0.0,4943,0,34358,2,0.0,0.0,0.0,0.0,0.0,0.0,0.0,0.0,0.0,0.0,0.0,592.0,78.0,0.0,583.0,65.0,0.0,552.0,52.0,0.0,594.0,78.0,,,,33,,Etienne,Green,Green,has joined FC Fredericia permanently.,,0,0,0,0,0,0,0,0,0,0,0,0,0,,,,0.0,0.0,0.0,0.0,0.0,0,0,0
185,a,,,3.9,742,66.0,0,0.0,-1,1.0,0.2,412,59.0,0,0,0.0,545.0,41.0,0,0,0.0,375.0,29.0,0.0,0.0,0.0,15457,0,21665,1,0.0,-1.5,0.0,0.0,0.0,0.0,0.0,0.0,0.0,0.0,0.0,534.0,40.0,0.0,519.0,21.0,0.0,487.0,8.0,0.0,536.0,40.0,,,,33,,Václav,Hladký,Hladký,,,0,0,0,0,0,0,0,0,0,0,0,0,0,,,,0.0,0.0,0.0,0.0,0.0,0,0,0
186,i,0.0,0.0,4.3,579,127.0,0,0.0,-2,2.0,0.0,656,233.0,0,0,0.0,652.0,253.0,0,0,0.0,513.0,215.0,0.0,0.0,0.0,1761,0,9369,0,0.0,0.0,0.0,0.0,0.0,0.0,0.0,0.0,0.0,0.0,0.0,643.0,253.0,0.0,638.0,253.0,0.0,612.0,252.0,0.0,645.0,253.0,,,,33,,Connor,Roberts,Roberts,Achilles injury - Unknown return date,,0,0,0,0,0,0,0,0,0,0,0,0,0,,,,0.0,0.0,0.0,0.0,0.0,0,0,0
187,a,100.0,100.0,4.4,520,99.0,0,0.0,-1,1.0,1.1,185,72.0,63,0,2.1,321.0,118.0,3,203,0.5,257.0,81.0,0.1,14.3,0.0,158684,5,269469,29,0.0,-0.5,0.12,1.01,1.13,56.34,0.0,0.04,0.04,1.98,432.0,124.0,54.0,186.5,189.0,49.0,22.0,385.0,135.0,64.3,215.0,74.0,,,,33,,Kyle,Walker,Walker,,,2555,0,2,4,54,0,0,0,8,0,0,29,235,,,,0.0,0.14,1.9,1.02,6.41,44,138,129
188,u,0.0,0.0,3.8,795,239.0,0,0.0,-2,2.0,0.2,379,138.0,0,0,0.0,532.0,189.0,0,0,0.0,356.0,120.0,0.0,0.0,0.0,26052,0,42856,5,0.0,0.0,0.0,0.0,0.0,0.0,0.0,0.0,0.0,0.0,0.0,521.0,188.0,0.0,504.0,187.0,0.0,471.0,181.0,0.0,523.0,188.0,,,,33,,Hannes,Delcroix,Delcroix,has joined Lugano permanently.,,0,0,0,0,0,0,0,0,0,0,0,0,0,,,,0.0,0.0,0.0,0.0,0.0,0,0,0
189,u,0.0,0.0,4.0,685,173.0,0,0.0,0,0.0,0.0,730,254.0,0,0,0.0,595.0,219.0,0,0,0.0,433.0,160.0,0.0,0.0,0.0,0,0,2386,0,0.0,0.0,0.0,0.0,0.0,0.0,0.0,0.0,0.0,0.0,0.0,585.0,218.0,0.0,576.0,218.0,0.0,545.0,214.0,0.0,587.0,218.0,,,,33,,Owen,Dodgson,Dodgson,Has joined Stockport County on loan for the rest of the season.,,0,0,0,0,0,0,0,0,0,0,0,0,0,,,,0.0,0.0,0.0,0.0,0.0,0,0,0
190,a,,,3.8,801,245.0,0,0.0,-2,2.0,0.7,222,84.0,45,0,2.8,211.0,82.0,2,136,0.2,320.0,102.0,0.1,11.8,0.0,250164,1,212651,27,0.0,-1.1,0.21,0.25,0.46,24.66,0.01,0.02,0.03,1.75,296.4,212.0,83.0,44.0,361.0,128.0,78.0,289.0,85.0,41.9,304.0,102.0,,,,33,,Hjalmar,Ekdal,Ekdal,,,1269,0,0,2,26,0,0,0,0,0,0,14,154,,,,0.0,0.14,1.84,0.99,9.93,20,120,33
191,a,100.0,100.0,3.9,768,223.0,0,0.0,-1,1.0,7.4,55,18.0,71,0,2.4,279.0,104.0,0,234,1.2,166.0,58.0,0.3,18.2,0.0,800994,26,2024062,403,0.0,0.9,0.67,0.58,1.25,57.98,0.02,0.02,0.04,2.09,603.0,50.0,24.0,90.5,293.0,90.0,90.0,275.0,79.0,78.5,165.0,55.0,,,,33,,Maxime,Estève,Estève,,,2492,0,0,3,59,2,0,0,1,0,0,29,300,,,,0.0,0.11,2.13,1.05,9.9,34,240,100
192,a,,,4.0,697,179.0,0,0.0,0,0.0,0.6,243,92.0,55,0,3.1,183.0,72.0,0,205,0.8,216.0,69.0,0.2,13.8,0.0,188642,2,185854,33,0.0,0.1,0.21,1.76,1.97,36.91,0.01,0.1,0.11,2.1,348.4,181.0,75.0,272.4,131.0,35.0,70.0,300.0,90.0,69.2,201.0,68.0,,,,33,,Quilindschy,Hartman,Hartman,,,1581,0,5,3,32,0,0,0,1,0,0,18,141,,,,0.0,0.17,1.82,1.02,6.89,36,85,60
193,a,100.0,100.0,3.9,764,221.0,0,0.0,-1,1.0,0.1,438,165.0,42,0,2.6,244.0,95.0,1,183,0.8,215.0,68.0,0.2,10.8,0.0,22091,4,17805,11,0.0,0.1,0.37,0.65,1.02,29.3,0.03,0.04,0.07,2.0,325.4,193.0,77.0,118.8,253.0,69.0,76.0,292.0,86.0,51.8,265.0,86.0,,,,33,,Bashir,Humphreys,Humphreys,,,1320,0,2,2,28,0,0,0,5,0,0,14,121,,,,0.0,0.14,1.91,0.95,8.25,26,95,56
194,i,0.0,0.0,3.9,760,218.0,0,0.0,-1,1.0,0.1,564,202.0,0,0,0.0,556.0,201.0,0,0,0.0,389.0,139.0,0.0,0.0,0.0,2155,0,15759,0,0.0,0.0,0.0,0.0,0.0,0.0,0.0,0.0,0.0,0.0,0.0,546.0,200.0,0.0,533.0,200.0,0.0,501.0,195.0,0.0,548.0,200.0,,,,33,,Jordan,Beyer,Jordan,Hamstring injury - Unknown return date,,0,0,0,0,0,0,0,0,0,0,0,0,0,,,,0.0,0.0,0.0,0.0,0.0,0,0,0
195,a,100.0,100.0,3.8,812,255.0,0,0.0,-2,2.0,0.3,336,120.0,20,0,1.2,439.0,157.0,0,97,0.2,321.0,103.0,0.1,5.3,0.0,48894,2,40656,20,0.0,-1.1,0.33,1.2,1.53,23.0,0.03,0.1,0.13,1.86,183.2,294.0,113.0,231.8,160.0,40.0,62.0,316.0,97.0,47.5,278.0,89.0,,,,33,,Lucas,Pires Silva,Lucas Pires,,,1110,0,0,1,26,0,0,0,0,1,0,12,75,,,,0.0,0.08,2.11,0.97,6.08,24,51,70
196,u,0.0,0.0,4.0,683,171.0,0,0.0,0,0.0,0.0,615,219.0,0,0,0.0,594.0,218.0,0,0,0.0,431.0,158.0,0.0,0.0,0.0,202,0,9707,0,0.0,0.0,0.0,0.0,0.0,0.0,0.0,0.0,0.0,0.0,0.0,584.0,217.0,0.0,575.0,217.0,0.0,544.0,213.0,0.0,586.0,217.0,,,,33,,Shurandy,Sambo,Sambo,has joined Sparta Rotterdam on loan for the rest of the season.,,0,0,0,0,0,0,0,0,0,0,0,0,0,,,,0.0,0.0,0.0,0.0,0.0,0,0,0
197,u,0.0,0.0,3.8,807,250.0,0,0.0,-2,2.0,0.2,394,147.0,13,0,1.9,348.0,127.0,0,20,0.0,366.0,129.0,0.0,3.4,0.0,34622,0,35761,4,0.0,0.0,0.55,0.08,0.63,3.79,0.3,0.04,0.34,2.08,44.8,422.0,157.0,18.1,403.0,146.0,30.0,369.0,124.0,9.2,426.0,154.0,,,,33,,Oliver,Sonne,Sonne,has joined Sparta Prague on loan for the rest of the season.,,164,1,0,0,4,0,0,0,0,0,0,1,10,,,,0.0,0.0,2.2,0.55,3.84,2,5,4
198,a,100.0,100.0,3.9,754,215.0,0,0.0,-1,1.0,0.9,204,79.0,27,0,2.5,261.0,99.0,0,81,0.0,385.0,138.0,0.0,6.9,0.0,137933,1,299825,7,0.0,-1.5,0.61,0.11,0.72,24.88,0.06,0.01,0.07,2.41,225.2,263.0,106.0,9.8,435.0,154.0,52.0,332.0,106.0,28.9,350.0,118.0,,,,33,,Axel,Tuanzebe,Tuanzebe,,,931,1,0,1,22,1,0,0,1,0,0,11,106,,,,0.0,0.1,2.13,1.06,9.38,12,85,29
199,a,100.0,100.0,3.8,792,236.0,0,0.0,-2,2.0,0.2,368,134.0,20,0,1.8,365.0,134.0,0,40,0.0,354.0,118.0,0.0,5.3,0.0,31389,3,27642,16,0.0,-1.5,0.08,0.02,0.1,11.68,0.01,0.0,0.01,2.12,147.4,327.0,124.0,1.5,465.0,169.0,19.0,389.0,138.0,17.0,394.0,141.0,,,,33,,Joe,Worrall,Worrall,,,496,0,0,0,11,0,0,0,0,0,0,5,77,,,,0.0,0.0,2.0,0.91,13.79,4,72,10
200,a,100.0,100.0,5.0,260,157.0,0,0.0,-5,5.0,2.0,137,45.0,107,0,3.5,123.0,54.0,6,424,1.0,189.0,83.0,0.2,21.4,0.0,1283045,8,1123829,184,0.0,0.5,4.31,2.58,6.89,49.49,0.18,0.11,0.29,2.03,503.0,86.0,28.0,467.0,44.0,38.0,517.0,32.0,16.0,148.6,35.0,26.0,2.0,,,33,,Jaidon,Anthony,Anthony,,,2198,7,3,4,48,0,0,0,4,0,0,26,201,,,,0.0,0.16,1.97,1.06,8.23,36,44,121
201,u,0.0,0.0,5.4,159,99.0,0,0.0,-1,1.0,0.0,717,296.0,0,0,0.0,805.0,356.0,0,0,0.0,772.0,335.0,0.0,0.0,0.0,1070,0,3151,0,0.0,0.0,0.0,0.0,0.0,0.0,0.0,0.0,0.0,0.0,0.0,804.0,355.0,0.0,803.0,355.0,0.0,801.0,354.0,0.0,804.0,355.0,,,,33,,Manuel,Benson Hedilazio,Benson,has joined Maccabi Haifa permanently.,,0,0,0,0,0,0,0,0,0,0,0,0,0,,,,0.0,0.0,0.0,0.0,0.0,0,0,0
202,a,100.0,100.0,5.2,204,126.0,0,0.0,-3,3.0,0.0,619,239.0,37,0,1.5,416.0,182.0,0,110,0.2,336.0,161.0,0.0,7.1,0.0,6436,2,8965,2,0.0,-1.1,1.35,1.06,2.41,22.77,0.12,0.1,0.22,2.08,114.8,360.0,161.0,192.1,185.0,122.0,132.0,226.0,123.0,43.9,295.0,146.0,,2.0,3.0,33,,Jacob,Bruun Larsen,Bruun Larsen,,,984,0,1,3,27,0,0,0,0,0,0,10,62,,,,0.0,0.27,2.47,0.91,5.67,12,20,30
203,a,,,4.7,395,246.0,0,0.0,-3,3.0,0.0,594,223.0,0,0,0.0,768.0,330.0,0,0,0.0,688.0,277.0,0.0,0.0,0.0,4526,1,7583,1,0.0,-1.5,0.0,0.0,0.0,0.0,0.0,0.0,0.0,0.0,0.0,767.0,329.0,0.0,762.0,329.0,0.0,753.0,326.0,0.0,767.0,329.0,,,,33,,Enock,Agyei,Boateng,,,0,0,0,0,0,0,0,0,0,0,0,0,0,,,,0.0,0.0,0.0,0.0,0.0,0,0,0
204,u,0.0,0.0,4.9,317,197.0,0,0.0,-1,1.0,0.0,729,303.0,0,0,0.0,778.0,336.0,0,0,0.0,713.0,294.0,0.0,0.0,0.0,160,0,2086,0,0.0,0.0,0.0,0.0,0.0,0.0,0.0,0.0,0.0,0.0,0.0,777.0,335.0,0.0,773.0,335.0,0.0,769.0,333.0,0.0,777.0,335.0,,,,33,,Darko,Churlinov,Churlinov,has joined Kocaelispor  permanently.,,0,0,0,0,0,0,0,0,0,0,0,0,0,,,,0.0,0.0,0.0,0.0,0.0,0,0,0
205,i,0.0,0.0,4.9,296,183.0,0,0.0,-1,1.0,0.8,211,74.0,70,0,3.9,66.0,30.0,8,321,0.0,702.0,287.0,0.0,14.3,0.0,568722,1,543569,6,0.0,0.0,0.94,1.36,2.3,32.5,0.06,0.08,0.14,1.93,342.0,187.0,74.0,218.1,165.0,111.0,98.0,264.0,144.0,66.0,209.0,103.0,,,,33,,Josh,Cullen,Cullen,Knee injury - Expected back 30 Sep,,1513,2,2,3,29,1,0,0,2,0,0,18,173,,,,0.0,0.18,1.73,1.07,10.29,32,68,73
206,a,100.0,100.0,4.7,380,237.0,0,0.0,-3,3.0,0.1,481,168.0,47,0,2.4,281.0,120.0,2,170,0.8,220.0,103.0,0.2,10.0,0.0,26499,1,27151,10,0.0,0.1,1.48,1.68,3.16,22.2,0.14,0.15,0.29,2.05,167.6,310.0,138.0,253.2,144.0,96.0,216.0,135.0,78.0,63.5,222.0,109.0,,3.0,,33,,Marcus,Edwards,Edwards,,,977,1,3,1,17,0,0,0,0,0,0,10,59,,,,0.0,0.09,1.57,0.92,5.44,8,6,45
207,d,25.0,25.0,4.7,390,242.0,0,0.0,-3,3.0,0.1,421,145.0,52,0,2.3,300.0,130.0,4,215,0.2,327.0,152.0,0.0,11.1,0.0,29866,1,33460,26,0.0,-0.3,0.56,1.33,1.89,23.52,0.05,0.12,0.17,2.16,203.8,276.0,115.0,236.8,154.0,104.0,88.0,278.0,150.0,52.8,258.0,129.0,,,,33,,Hannibal,Mejbri,Hannibal,Hamstring injury - 25% chance of playing,,981,1,4,2,22,0,0,0,7,0,0,12,95,,,,0.0,0.18,2.02,1.1,8.72,25,14,56
208,u,0.0,0.0,5.0,266,161.0,0,0.0,0,0.0,0.0,742,312.0,0,0,0.0,795.0,349.0,0,0,0.0,739.0,312.0,0.0,0.0,0.0,68,0,3034,0,0.0,0.0,0.0,0.0,0.0,0.0,0.0,0.0,0.0,0.0,0.0,794.0,348.0,0.0,792.0,348.0,0.0,787.0,346.0,0.0,794.0,348.0,,,,33,,Luca,Koleosho,Koleosho,has joined Paris FC on loan for the rest of the season.,,0,0,0,0,0,0,0,0,0,0,0,0,0,,,,0.0,0.0,0.0,0.0,0.0,0,0,0
209,a,100.0,100.0,4.8,349,219.0,0,0.0,-2,2.0,0.0,620,240.0,50,0,1.8,374.0,158.0,1,214,-0.2,825.0,371.0,0.0,10.4,0.0,6226,0,7090,0,0.0,-1.9,0.85,0.44,1.29,35.46,0.05,0.03,0.08,2.02,274.6,226.0,95.0,169.8,202.0,131.0,102.0,260.0,142.0,53.9,255.0,126.0,,,,33,,Josh,Laurent,Laurent,,,1576,1,0,2,37,0,0,0,6,1,0,16,164,,,,0.0,0.11,2.11,0.91,9.37,40,68,56
210,a,,,4.8,366,228.0,0,0.0,-2,2.0,0.0,631,245.0,39,0,1.7,392.0,167.0,0,133,0.2,330.0,155.0,0.0,8.1,0.0,4951,0,6125,0,0.0,-1.1,0.96,0.68,1.64,16.67,0.1,0.07,0.17,1.77,102.4,368.0,163.0,109.8,265.0,162.0,118.0,239.0,131.0,33.2,333.0,164.0,,4.0,,33,,Loum,Tchaouna,Tchaouna,,,846,1,1,2,15,0,0,0,1,0,0,9,48,,,,0.0,0.21,1.6,0.96,5.11,14,11,23
211,u,0.0,0.0,4.4,542,324.0,0,0.0,-1,1.0,1.4,161,56.0,0,0,0.0,674.0,258.0,0,0,0.0,560.0,185.0,0.0,0.0,0.0,62789,0,932855,5,0.0,0.0,0.0,0.0,0.0,0.0,0.0,0.0,0.0,0.0,0.0,665.0,249.0,0.0,661.0,253.0,0.0,640.0,243.0,0.0,667.0,251.0,,,,33,,Aaron,Ramsey,A.Ramsey,has joined Leicester City on loan for the rest of the season.,,0,0,0,0,0,0,0,0,0,0,0,0,0,,,,0.0,0.0,0.0,0.0,0.0,0,0,0
212,u,0.0,0.0,4.5,481,294.0,0,0.0,0,0.0,0.0,769,329.0,0,0,0.0,737.0,306.0,0,0,0.0,643.0,244.0,0.0,0.0,0.0,0,0,2767,0,0.0,0.0,0.0,0.0,0.0,0.0,0.0,0.0,0.0,0.0,0.0,734.0,303.0,0.0,728.0,304.0,0.0,714.0,299.0,0.0,735.0,304.0,,,,33,,Oluwaseun,Adewumi,Adewumi,Has joined Cercle Brugge on loan for the rest of the season.,,0,0,0,0,0,0,0,0,0,0,0,0,0,,,,0.0,0.0,0.0,0.0,0.0,0,0,0
213,u,0.0,0.0,4.5,466,284.0,0,0.0,0,0.0,0.0,624,241.0,1,0,1.0,481.0,214.0,0,2,0.0,629.0,234.0,0.0,0.2,0.0,7482,0,9198,0,0.0,0.0,0.0,0.0,0.0,0.05,0.0,0.0,0.0,0.5,0.0,722.0,294.0,0.5,478.0,230.0,0.0,701.0,289.0,0.0,723.0,295.0,,,,33,,Jaydon,Banel,Banel,has joined Derby County on loan for the rest of the season.,,9,0,0,0,0,0,0,0,0,0,0,0,0,,,,0.0,0.0,0.0,0.0,0.0,0,0,0
214,a,100.0,100.0,4.3,586,346.0,0,0.0,-2,2.0,0.1,554,204.0,5,0,1.0,465.0,201.0,0,16,0.2,324.0,151.0,0.0,1.2,0.0,13159,7,16500,2,0.0,-1.1,0.0,0.0,0.0,0.59,0.0,0.0,0.0,1.56,7.2,473.0,213.0,15.2,408.0,204.0,2.0,446.0,219.0,2.4,468.0,212.0,,,,33,,Mike,Trésor Ndayishimiye,Trésor,,,34,0,0,0,2,0,0,0,0,0,0,0,4,,,,0.0,0.0,5.29,0.0,10.59,1,0,3
215,a,100.0,100.0,5.3,190,44.0,0,0.0,-2,2.0,0.4,293,45.0,73,0,3.2,176.0,16.0,7,274,2.2,105.0,16.0,0.4,13.8,0.0,187360,6,168997,83,0.0,2.9,6.41,0.3,6.71,27.79,0.45,0.02,0.47,1.97,352.4,177.0,16.0,130.2,244.0,27.0,443.0,44.0,18.0,91.7,127.0,19.0,,5.0,1.0,33,,Zian,Flemming,Flemming,,,1272,8,0,3,24,0,0,0,3,0,0,15,70,,,,0.0,0.21,1.7,1.06,4.95,10,35,25
216,d,50.0,50.0,4.8,368,63.0,0,0.0,-2,2.0,0.0,673,86.0,0,0,0.0,770.0,84.0,0,0,0.0,694.0,73.0,0.0,0.0,0.0,2461,1,6635,1,0.0,-0.8,0.0,0.0,0.0,0.0,0.0,0.0,0.0,0.0,0.0,769.0,84.0,0.0,764.0,83.0,0.0,759.0,83.0,0.0,769.0,84.0,,,,33,,Zeki,Amdouni,Amdouni,Lack of match fitness - 50% chance of playing,,0,0,0,0,0,0,0,0,0,0,0,0,0,,,,0.0,0.0,0.0,0.0,0.0,0,0,0
217,a,100.0,100.0,4.9,321,60.0,0,0.0,-1,1.0,0.8,215,30.0,55,0,2.4,286.0,30.0,4,195,1.2,169.0,23.0,0.2,11.2,0.0,455856,6,450212,17,0.0,0.9,3.05,0.35,3.4,25.98,0.21,0.02,0.23,1.8,213.2,270.0,27.0,145.2,228.0,23.0,218.0,134.0,31.0,57.0,246.0,30.0,,,,33,,Lyle,Foster,Foster,,,1296,3,2,4,27,0,0,0,4,0,0,15,77,,,,0.0,0.28,1.88,1.04,5.35,14,26,37
218,a,,,4.2,623,88.0,0,0.0,-3,3.0,1.3,171,25.0,5,0,1.0,463.0,56.0,0,10,0.2,323.0,45.0,0.0,1.2,0.0,233856,15,362465,54,0.0,-1.1,0.11,0.0,0.11,2.07,0.28,0.0,0.28,5.32,0.2,509.0,62.0,0.6,474.0,60.0,9.0,420.0,57.0,1.0,486.0,58.0,,,2.0,33,,Ashley,Barnes,Barnes,,,35,0,0,0,3,0,0,0,1,0,0,0,2,,,,0.0,0.0,7.71,0.0,5.14,0,0,2
219,u,0.0,0.0,4.4,530,75.0,0,0.0,-1,1.0,0.1,474,67.0,0,0,0.0,671.0,68.0,0,0,0.0,555.0,56.0,0.0,0.0,0.0,4151,0,40717,0,0.0,0.0,0.0,0.0,0.0,0.0,0.0,0.0,0.0,0.0,0.0,662.0,68.0,0.0,658.0,67.0,0.0,637.0,67.0,0.0,664.0,68.0,,,,33,,Michael,Obafemi,Obafemi,has joined Blackpool on loan for the rest of the season.,,0,0,0,0,0,0,0,0,0,0,0,0,0,,,,0.0,0.0,0.0,0.0,0.0,0,0,0
470,a,100.0,100.0,4.0,663,40.0,0,0.0,0,0.0,29.1,10,2.0,90,0,2.8,213.0,25.0,7,400,1.0,174.0,15.0,0.2,22.5,0.0,1770597,71,1900283,1645,0.0,0.5,0.0,0.04,0.04,64.89,0.0,0.0,0.0,2.03,876.8,6.0,1.0,0.0,557.0,49.0,0.0,526.0,36.0,87.9,139.0,1.0,,,,33,,Martin,Dúbravka,Dúbravka,,,2880,0,0,4,63,0,0,0,1,0,114,32,96,,,,3.56,0.12,1.97,1.0,0.0,1,55,260
614,a,100.0,100.0,5.6,121,76.0,0,0.0,-4,4.0,0.2,371,127.0,29,0,2.4,290.0,127.0,0,183,1.2,172.0,76.0,0.2,5.2,0.0,23529,6,49523,15,0.0,0.9,0.13,1.62,1.75,16.7,0.01,0.18,0.19,1.84,161.6,315.0,143.0,329.4,96.0,71.0,6.0,433.0,210.0,49.6,275.0,140.0,1.0,1.0,,33,,James,Ward-Prowse,Ward-Prowse,,,818,0,1,2,19,0,0,0,1,0,0,9,73,,,,0.0,0.22,2.09,0.99,8.03,10,31,32
676,a,100.0,100.0,5.0,273,167.0,0,0.0,0,0.0,0.1,466,160.0,86,0,2.8,220.0,87.0,5,319,1.0,191.0,85.0,0.2,17.2,0.0,44000,1,40502,7,0.0,0.5,2.3,0.29,2.59,47.68,0.1,0.01,0.11,2.11,369.0,165.0,61.0,149.3,223.0,144.0,194.0,155.0,88.0,71.0,193.0,94.0,,,,33,,Lesley,Ugochukwu,Ugochukwu,,,2033,3,2,3,45,0,0,0,1,1,0,23,188,,,,0.0,0.13,1.99,1.02,8.32,46,54,88
680,a,100.0,100.0,5.2,210,48.0,0,0.0,-3,3.0,0.1,417,61.0,40,0,1.9,358.0,40.0,2,109,0.2,338.0,46.0,0.0,7.7,0.0,48081,0,60817,3,0.0,-1.1,2.14,0.13,2.27,21.83,0.24,0.01,0.25,2.41,97.4,375.0,39.0,63.0,330.0,39.0,205.0,145.0,34.0,36.2,322.0,38.0,,,,33,,Armando,Broja,Broja,,,815,1,1,1,26,0,0,0,0,0,0,8,42,,,,0.0,0.11,2.87,0.88,4.64,6,11,25
722,a,,,5.0,250,150.0,0,0.0,0,0.0,0.0,614,236.0,67,0,2.7,232.0,93.0,0,292,0.2,334.0,159.0,0.0,13.4,0.0,15005,0,13576,3,0.0,-1.1,0.58,0.44,1.02,39.09,0.03,0.02,0.05,2.03,343.4,186.0,73.0,190.2,187.0,123.0,45.0,339.0,177.0,58.0,238.0,117.0,,,,33,,Florentino Ibrain,Morris Luís,Florentino,,,1732,0,2,2,38,0,0,0,5,0,0,21,253,,,,0.0,0.1,1.97,1.09,13.15,74,90,89
776,a,,,4.5,511,317.0,0,0.0,0,0.0,0.0,791,346.0,0,0,0.0,759.0,322.0,0,0,0.0,672.0,266.0,0.0,0.0,0.0,884,0,685,1,0.0,-1.5,0.0,0.0,0.0,0.0,0.0,0.0,0.0,0.0,0.0,758.0,321.0,0.0,751.0,321.0,0.0,738.0,317.0,0.0,758.0,321.0,,,,33,,Oliver,Pimlott,Pimlott,,,0,0,0,0,0,0,0,0,0,0,0,0,0,,,,0.0,0.0,0.0,0.0,0.0,0,0,0
784,a,,,4.5,518,323.0,0,0.0,0,0.0,0.0,799,353.0,0,0,0.0,764.0,327.0,0,0,0.0,678.0,272.0,0.0,0.0,0.0,513,0,393,0,0.0,-1.5,0.0,0.0,0.0,0.0,0.0,0.0,0.0,0.0,0.0,763.0,326.0,0.0,756.0,326.0,0.0,744.0,323.0,0.0,763.0,326.0,,,,33,,George,Brierley,Brierley,,,0,0,0,0,0,0,0,0,0,0,0,0,0,,,,0.0,0.0,0.0,0.0,0.0,0,0,0
820,a,,,4.5,510,316.0,0,0.0,0,0.0,0.0,815,361.0,0,0,0.0,758.0,321.0,0,0,0.0,671.0,265.0,0.0,0.0,0.0,159,0,69,0,0.0,-1.5,0.0,0.0,0.0,0.0,0.0,0.0,0.0,0.0,0.0,757.0,320.0,0.0,750.0,320.0,0.0,737.0,316.0,0.0,757.0,320.0,,,,33,,Kian,McMahon-Brown,McMahon-Brown,,,0,0,0,0,0,0,0,0,0,0,0,0,0,,,,0.0,0.0,0.0,0.0,0.0,0,0,0
66,u,0.0,0.0,4.5,409,22.0,0,0.0,0,0.0,0.1,574,78.0,0,0,0.0,693.0,93.0,0,0,0.0,587.0,88.0,0.0,0.0,0.0,0,0,16612,0,0.0,0.0,0.0,0.0,0.0,0.0,0.0,0.0,0.0,0.0,0.0,687.0,93.0,0.0,682.0,86.0,0.0,663.0,76.0,0.0,689.0,93.0,,,,33,,Norberto,Murara Neto,Neto,Has joined Botafogo permanently.,,0,0,0,0,0,0,0,0,0,0,0,0,0,,,,0.0,0.0,0.0,0.0,0.0,0,0,0
67,a,,,4.6,401,20.0,0,0.0,1,-1.0,5.8,68,11.0,105,1,3.2,165.0,19.0,5,430,1.2,168.0,14.0,0.3,22.8,0.0,1153743,46,830231,748,0.0,2.4,0.0,0.0,0.0,48.91,0.0,0.0,0.0,1.52,717.2,23.0,6.0,0.0,757.0,88.0,0.0,746.0,80.0,71.9,189.0,8.0,,,,33,,Đorđe,Petrović,Petrović,,,2898,0,0,9,49,1,0,0,2,0,96,33,98,,,,2.98,0.28,1.52,1.03,0.0,0,60,244
68,u,0.0,0.0,4.0,682,50.0,0,0.0,0,0.0,0.7,225,29.0,0,0,0.0,593.0,72.0,0,0,0.0,430.0,63.0,0.0,0.0,0.0,47217,0,90071,6,0.0,0.0,0.0,0.0,0.0,0.0,0.0,0.0,0.0,0.0,0.0,583.0,72.0,0.0,574.0,59.0,0.0,543.0,46.0,0.0,585.0,72.0,,,,33,,Will,Dennis,Dennis,has joined Leyton Orient on loan for the rest of the season.,,0,0,0,0,0,0,0,0,0,0,0,0,0,,,,0.0,0.0,0.0,0.0,0.0,0,0,0
69,a,,,3.9,782,91.0,0,0.0,-1,1.0,0.2,356,49.0,0,0,0.0,573.0,62.0,0,0,0.0,407.0,51.0,0.0,0.0,0.0,23382,1,21164,3,0.0,0.0,0.0,0.0,0.0,0.0,0.0,0.0,0.0,0.0,0.0,563.0,62.0,0.0,551.0,46.0,0.0,519.0,33.0,0.0,565.0,62.0,,,,33,,Callan,McKenna,McKenna,,,0,0,0,0,0,0,0,0,0,0,0,0,0,,,,0.0,0.0,0.0,0.0,0.0,0,0,0
70,u,0.0,0.0,4.0,698,57.0,0,0.0,0,0.0,0.1,577,79.0,0,0,0.0,606.0,79.0,0,0,0.0,445.0,70.0,0.0,0.0,0.0,1107,0,10586,0,0.0,0.0,0.0,0.0,0.0,0.0,0.0,0.0,0.0,0.0,0.0,596.0,79.0,0.0,587.0,66.0,0.0,556.0,53.0,0.0,598.0,79.0,,,,33,,Alex,Paulsen,Paulsen,Has joined Lechia Gdansk on loan for the rest of the season.,,0,0,0,0,0,0,0,0,0,0,0,0,0,,,,0.0,0.0,0.0,0.0,0.0,0,0,0
71,u,0.0,0.0,5.0,263,41.0,0,0.0,0,0.0,0.0,672,236.0,0,0,0.0,794.0,265.0,0,0,0.0,738.0,254.0,0.0,0.0,0.0,0,0,8221,0,0.0,0.0,0.0,0.0,0.0,0.0,0.0,0.0,0.0,0.0,0.0,793.0,265.0,0.0,791.0,265.0,0.0,786.0,265.0,0.0,793.0,265.0,,,,33,,Illia,Zabarnyi,Zabarnyi,Has joined Paris Saint-Germain permanently.,,0,0,0,0,0,0,0,0,0,0,0,0,0,,,,0.0,0.0,0.0,0.0,0.0,0,0,0
72,a,100.0,100.0,5.2,208,28.0,0,0.0,7,-7.0,23.4,12,4.0,142,1,4.4,37.0,16.0,11,459,1.5,142.0,54.0,0.3,27.3,0.0,5942505,461,3234572,3658,0.0,3.0,1.4,4.12,5.52,46.96,0.05,0.13,0.18,1.53,941.2,4.0,2.0,310.4,107.0,25.0,179.0,173.0,38.0,143.3,38.0,3.0,,,,33,,Marcos,Senesi Barón,Senesi,,,2766,0,4,9,48,0,0,0,8,0,0,32,410,,,,0.0,0.29,1.56,1.04,11.95,54,313,129
73,a,100.0,100.0,4.4,519,98.0,0,0.0,-1,1.0,0.2,383,140.0,39,0,2.1,320.0,117.0,2,123,0.2,325.0,105.0,0.0,8.9,0.0,28470,4,42773,15,0.0,0.4,0.0,0.2,0.2,13.96,0.0,0.02,0.02,1.56,120.8,349.0,133.0,59.3,337.0,115.0,18.0,393.0,140.0,19.8,385.0,136.0,,,,33,,Adam,Smith,Smith,,,805,0,1,4,15,0,0,0,3,0,0,11,56,,,,0.0,0.45,1.68,1.23,5.93,12,41,22
74,a,,,4.7,392,67.0,0,0.0,2,-2.0,4.7,81,27.0,127,1,3.8,77.0,28.0,12,458,2.2,102.0,37.0,0.5,27.0,0.0,983180,99,476374,1236,0.0,4.4,0.43,2.46,2.89,46.61,0.01,0.08,0.09,1.47,666.0,37.0,14.0,440.5,53.0,8.0,111.0,250.0,67.0,121.8,67.0,11.0,,,,33,,Adrien,Truffert,Truffert,,,2856,0,4,9,46,0,0,0,4,0,0,33,313,,,,0.0,0.28,1.45,1.04,8.3,85,178,163
75,a,100.0,100.0,3.8,808,251.0,0,0.0,-2,2.0,0.2,384,141.0,0,0,0.0,539.0,196.0,0,0,0.0,367.0,130.0,0.0,0.0,0.0,15497,0,33193,5,0.0,0.0,0.0,0.0,0.0,0.0,0.0,0.0,0.0,0.0,0.0,528.0,195.0,0.0,512.0,194.0,0.0,479.0,188.0,0.0,530.0,195.0,,,,33,,Matai,Akinmboni,Akinmboni,,,0,0,0,0,0,0,0,0,0,0,0,0,0,,,,0.0,0.0,0.0,0.0,0.0,0,0,0
76,a,,,3.8,806,249.0,0,0.0,-2,2.0,0.2,391,146.0,0,0,0.0,538.0,195.0,0,0,0.0,365.0,128.0,0.0,0.0,0.0,16120,2,20781,5,0.0,0.0,0.0,0.0,0.0,0.0,0.0,0.0,0.0,0.0,0.0,527.0,194.0,0.0,511.0,193.0,0.0,478.0,187.0,0.0,529.0,194.0,,,,33,,Owen,Bevan,Bevan,,,0,0,0,0,0,0,0,0,0,0,0,0,0,,,,0.0,0.0,0.0,0.0,0.0,0,0,0
77,a,,,4.2,636,146.0,0,0.0,2,-2.0,8.9,43,14.0,86,1,3.6,103.0,36.0,2,299,0.8,217.0,70.0,0.2,20.5,0.0,1353635,61,283974,1955,0.0,1.6,0.68,1.06,1.73,25.61,0.04,0.06,0.1,1.46,453.6,116.0,50.0,117.1,254.0,70.0,87.0,279.0,82.0,66.0,208.0,71.0,,,,33,,James,Hill,Hill,,,1580,0,3,6,19,1,0,0,3,0,0,17,207,,,,0.0,0.34,1.08,0.97,11.3,30,168,55
78,u,0.0,0.0,3.8,797,241.0,0,0.0,-2,2.0,0.5,268,101.0,0,0,0.0,533.0,190.0,0,0,0.0,357.0,121.0,0.0,0.0,0.0,47440,0,135123,10,0.0,0.0,0.0,0.0,0.0,0.0,0.0,0.0,0.0,0.0,0.0,522.0,189.0,0.0,505.0,188.0,0.0,472.0,182.0,0.0,524.0,189.0,,,,33,,Julián,Araujo Zúñiga,J.Araujo,has joined Celtic on loan for the rest of the season.,,0,0,0,0,0,0,0,0,0,0,0,0,0,,,,0.0,0.0,0.0,0.0,0.0,0,0,0
79,u,0.0,0.0,4.0,675,168.0,0,0.0,0,0.0,0.1,547,196.0,0,0,0.0,586.0,215.0,0,0,0.0,423.0,155.0,0.0,0.0,0.0,1400,0,16805,0,0.0,0.0,0.0,0.0,0.0,0.0,0.0,0.0,0.0,0.0,0.0,576.0,214.0,0.0,567.0,214.0,0.0,536.0,210.0,0.0,578.0,214.0,,,,33,,Chris,Mepham,Mepham,has joined West Bromwich Albion permanently.,,0,0,0,0,0,0,0,0,0,0,0,0,0,,,,0.0,0.0,0.0,0.0,0.0,0,0,0
80,a,100.0,100.0,3.9,784,230.0,0,0.0,-1,1.0,0.2,388,144.0,3,0,1.0,456.0,165.0,0,2,0.0,409.0,148.0,0.0,0.8,0.0,17727,2,34219,2,0.0,0.0,0.0,0.0,0.0,1.62,0.0,0.0,0.0,4.29,1.8,496.0,176.0,2.5,458.0,166.0,2.0,442.0,165.0,0.6,493.0,172.0,,,,33,,Julio,Soler Barreto,Soler,,,34,0,0,0,2,0,0,0,0,0,0,0,1,,,,0.0,0.0,5.29,0.0,2.65,1,0,4
81,i,0.0,0.0,6.9,39,24.0,0,0.0,-1,1.0,0.6,247,88.0,40,0,2.2,318.0,141.0,3,147,0.0,818.0,364.0,0.0,5.8,0.0,190660,1,252644,7,0.0,0.0,2.24,1.54,3.78,16.78,0.22,0.15,0.37,1.65,146.6,328.0,147.0,304.1,112.0,81.0,128.0,231.0,127.0,57.8,241.0,118.0,,3.0,1.0,33,,Justin,Kluivert,Kluivert,Knee injury - Expected back 09 May,,914,2,0,4,18,0,0,0,4,0,0,10,62,,,,0.0,0.39,1.77,0.98,6.11,10,8,44
84,a,100.0,100.0,5.4,162,102.0,0,0.0,-1,1.0,5.6,70,23.0,112,1,3.9,71.0,31.0,10,429,1.2,170.0,74.0,0.2,20.7,0.0,1533367,71,882383,1196,0.0,2.4,7.3,3.24,10.54,35.07,0.3,0.13,0.43,1.42,508.2,81.0,26.0,586.2,26.0,25.0,453.0,41.0,24.0,154.9,29.0,23.0,2.0,2.0,4.0,33,,Marcus,Tavernier,Tavernier,,,2230,5,4,9,40,0,0,0,4,0,0,26,208,,,,0.0,0.36,1.62,1.05,8.41,34,54,120
85,a,100.0,100.0,4.9,299,186.0,0,0.0,-1,1.0,0.3,343,119.0,61,0,3.2,168.0,68.0,3,284,0.2,332.0,157.0,0.0,12.4,0.0,81333,7,95292,11,0.0,0.4,0.61,0.37,0.98,21.27,0.04,0.02,0.06,1.34,308.6,204.0,84.0,95.2,285.0,167.0,110.0,251.0,139.0,51.7,266.0,134.0,,,,33,,Tyler,Adams,Adams,,,1432,2,1,6,24,0,0,0,7,0,0,18,185,,,,0.0,0.38,1.51,1.13,11.63,41,67,77
86,a,100.0,100.0,5.0,245,147.0,0,0.0,0,0.0,0.2,393,133.0,49,0,1.9,354.0,152.0,4,192,0.5,267.0,123.0,0.1,9.8,0.0,74423,4,79856,5,0.0,1.0,4.93,3.17,8.1,17.37,0.42,0.27,0.69,1.47,208.0,273.0,112.0,339.1,89.0,65.0,402.0,55.0,32.0,93.5,116.0,66.0,5.0,4.0,,33,,David,Brooks,Brooks,,,1061,1,2,4,18,0,0,0,7,0,0,12,85,,,,0.0,0.34,1.53,1.02,7.21,16,18,51
87,a,100.0,100.0,4.9,291,180.0,0,0.0,-1,1.0,0.2,378,130.0,45,1,2.0,341.0,147.0,2,186,3.0,60.0,22.0,0.6,9.2,0.0,31609,4,19722,76,0.0,6.0,1.64,0.58,2.22,17.24,0.19,0.07,0.26,1.95,197.4,281.0,118.0,154.6,215.0,137.0,163.0,186.0,103.0,51.9,263.0,132.0,6.0,,,33,,Ryan,Christie,Christie,,,798,2,1,2,13,0,0,0,2,0,0,7,99,,,,0.0,0.23,1.47,0.79,11.09,23,28,48
88,d,25.0,25.0,4.9,290,179.0,0,0.0,-1,1.0,0.0,628,243.0,38,0,2.4,285.0,123.0,0,184,0.0,699.0,284.0,0.0,7.8,0.0,11791,0,11168,1,0.0,0.0,0.07,0.52,0.59,13.49,0.01,0.05,0.06,1.4,206.0,275.0,114.0,183.3,193.0,127.0,12.0,407.0,199.0,40.4,308.0,153.0,4.0,,,33,,Lewis,Cook,Cook,Lack of match fitness - 25% chance of playing,,870,0,1,1,18,0,0,0,1,1,0,8,143,,,,0.0,0.1,1.86,0.83,14.79,25,56,62
89,u,0.0,0.0,4.9,293,182.0,0,0.0,-1,1.0,0.0,679,273.0,0,0,0.0,773.0,332.0,0,0,0.0,701.0,286.0,0.0,0.0,0.0,598,0,6641,0,0.0,0.0,0.0,0.0,0.0,0.0,0.0,0.0,0.0,0.0,0.0,772.0,331.0,0.0,768.0,331.0,0.0,764.0,329.0,0.0,772.0,331.0,,,,33,,Philip,Billing,Philip,has joined Midtjylland permanently.,,0,0,0,0,0,0,0,0,0,0,0,0,0,,,,0.0,0.0,0.0,0.0,0.0,0,0,0
90,a,100.0,100.0,5.0,272,166.0,0,0.0,0,0.0,3.4,101,33.0,121,1,3.7,97.0,41.0,9,517,3.8,30.0,12.0,0.8,24.2,0.0,577926,126,151817,1093,0.0,7.6,3.72,1.78,5.5,41.28,0.14,0.07,0.21,1.54,523.0,78.0,23.0,364.8,75.0,58.0,293.0,94.0,57.0,117.7,75.0,47.0,3.0,6.0,,33,,Alex,Scott,Scott,,,2416,3,2,9,37,0,0,0,3,0,0,30,321,,,,0.0,0.34,1.38,1.12,11.97,50,115,156
91,u,0.0,0.0,5.0,252,151.0,0,0.0,0,0.0,0.0,747,316.0,0,0,0.0,790.0,345.0,0,0,0.0,733.0,307.0,0.0,0.0,0.0,396,0,3904,0,0.0,0.0,0.0,0.0,0.0,0.0,0.0,0.0,0.0,0.0,0.0,789.0,344.0,0.0,787.0,344.0,0.0,782.0,342.0,0.0,789.0,344.0,,,,33,,Luis,Sinisterra Lucumí,Sinisterra,has joined Cruzeiro on loan for the rest of the season.,,0,0,0,0,0,0,0,0,0,0,0,0,0,,,,0.0,0.0,0.0,0.0,0.0,0,0,0
92,u,0.0,0.0,4.5,434,258.0,0,0.0,0,0.0,0.1,562,207.0,0,0,0.0,704.0,277.0,0,0,0.0,602.0,211.0,0.0,0.0,0.0,4403,0,19792,0,0.0,0.0,0.0,0.0,0.0,0.0,0.0,0.0,0.0,0.0,0.0,698.0,271.0,0.0,694.0,274.0,0.0,677.0,267.0,0.0,700.0,273.0,,,,33,,Romain,Faivre,Faivre,has joined Auxerre permanently.,,0,0,0,0,0,0,0,0,0,0,0,0,0,,,,0.0,0.0,0.0,0.0,0.0,0,0,0
93,u,0.0,0.0,4.5,429,255.0,0,0.0,0,0.0,0.3,342,118.0,4,0,4.0,59.0,26.0,0,12,0.0,598.0,208.0,0.0,0.9,0.0,114900,0,165790,1,0.0,0.0,0.0,0.0,0.0,0.4,0.0,0.0,0.0,2.25,21.2,451.0,199.0,10.0,429.0,212.0,0.0,673.0,264.0,3.1,464.0,209.0,,,,33,,Hamed,Traorè,H.Traorè,has joined Marseille on loan for the rest of the season.,,16,0,1,0,2,0,0,0,0,0,0,0,4,,,,0.0,0.0,11.25,0.0,22.5,1,1,2
94,u,0.0,0.0,4.5,465,283.0,0,0.0,0,0.0,0.0,648,253.0,0,0,0.0,726.0,298.0,0,0,0.0,628.0,233.0,0.0,0.0,0.0,3895,0,8245,0,0.0,0.0,0.0,0.0,0.0,0.0,0.0,0.0,0.0,0.0,0.0,721.0,293.0,0.0,716.0,295.0,0.0,700.0,288.0,0.0,722.0,294.0,,,,33,,Dominic,Sadi,Sadi,has joined Novi Pazar on loan for the rest of the season.,,0,0,0,0,0,0,0,0,0,0,0,0,0,,,,0.0,0.0,0.0,0.0,0.0,0,0,0
95,u,0.0,0.0,4.4,553,332.0,0,0.0,-1,1.0,0.1,581,216.0,0,0,0.0,680.0,264.0,0,0,0.0,569.0,193.0,0.0,0.0,0.0,15405,0,21629,0,0.0,0.0,0.0,0.0,0.0,0.0,0.0,0.0,0.0,0.0,0.0,672.0,256.0,0.0,668.0,260.0,0.0,648.0,251.0,0.0,674.0,258.0,,,,33,,Zain,Silcott-Duberry,Silcott-Duberry,has joined Olympiakos permanently.,,0,0,0,0,0,0,0,0,0,0,0,0,0,,,,0.0,0.0,0.0,0.0,0.0,0,0,0
96,u,0.0,0.0,4.5,497,307.0,0,0.0,0,0.0,0.0,647,252.0,1,0,1.0,488.0,220.0,0,3,0.0,659.0,257.0,0.0,0.2,0.0,2964,0,10036,0,0.0,0.0,0.0,0.0,0.0,0.31,0.0,0.0,0.0,4.65,0.0,747.0,313.0,0.0,740.0,313.0,0.0,727.0,309.0,0.0,747.0,313.0,,,,33,,Ben,Winterburn,Winterburn,has joined Barnet on loan for the rest of the season.,,6,0,0,0,2,0,0,0,0,0,0,0,0,,,,0.0,0.0,30.0,0.0,0.0,0,0,0
97,a,100.0,100.0,6.7,46,16.0,0,0.0,-3,3.0,2.9,115,19.0,100,1,3.2,181.0,17.0,6,360,2.8,70.0,12.0,0.4,14.9,0.0,1265661,130,1171443,730,0.0,5.6,8.33,1.18,9.51,34.21,0.33,0.05,0.38,1.34,324.6,195.0,18.0,331.5,94.0,3.0,726.0,11.0,7.0,137.9,43.0,10.0,,,,33,,Francisco Evanilson,de Lima Barbosa,Evanilson,,,2300,6,5,9,36,0,0,0,1,0,0,27,105,,,,0.0,0.35,1.41,1.06,4.11,7,31,67
98,a,100.0,100.0,5.4,157,38.0,0,0.0,-1,1.0,0.0,591,80.0,22,0,1.2,443.0,53.0,1,57,0.2,339.0,47.0,0.0,4.1,0.0,14873,4,12087,3,0.0,0.4,1.85,0.06,1.91,3.58,0.96,0.03,0.99,1.85,46.6,418.0,49.0,13.0,416.0,54.0,86.0,283.0,48.0,13.7,406.0,52.0,,1.0,,33,,Enes,Ünal,Enes Ünal,,,174,1,0,0,2,0,0,0,1,0,0,0,12,,,,0.0,0.0,1.03,0.0,6.21,1,7,4
99,u,0.0,0.0,4.4,568,82.0,0,0.0,-1,1.0,0.1,439,63.0,0,0,0.0,690.0,75.0,0,0,0.0,582.0,63.0,0.0,0.0,0.0,22144,0,44545,0,0.0,0.0,0.0,0.0,0.0,0.0,0.0,0.0,0.0,0.0,0.0,684.0,75.0,0.0,679.0,74.0,0.0,660.0,74.0,0.0,686.0,75.0,,,,33,,Daniel,Adu-Adjei,Adu-Adjei,has joined HNK Rijeka permanently.,,0,0,0,0,0,0,0,0,0,0,0,0,0,,,,0.0,0.0,0.0,0.0,0.0,0,0,0
100,a,100.0,100.0,4.6,406,65.0,0,0.0,1,-1.0,6.2,63,12.0,86,1,3.1,185.0,18.0,8,381,3.0,59.0,10.0,0.7,18.7,0.0,2002591,252,1383083,1195,0.0,6.0,6.55,1.01,7.56,21.76,0.47,0.07,0.54,1.57,415.4,134.0,13.0,254.0,143.0,11.0,430.0,47.0,19.0,109.9,85.0,15.0,,,2.0,33,,Junior,Kroupi,Kroupi.Jr,,,1250,10,0,6,19,0,0,0,4,0,0,16,92,,,,0.0,0.43,1.37,1.15,6.64,8,35,49
391,a,100.0,100.0,4.8,369,230.0,0,0.0,-2,2.0,0.0,640,249.0,8,0,1.6,405.0,173.0,0,21,0.2,331.0,156.0,0.0,1.7,0.0,4774,0,8142,1,0.0,0.4,0.09,0.1,0.19,2.68,0.14,0.16,0.3,4.31,21.2,452.0,200.0,14.5,411.0,205.0,15.0,397.0,197.0,5.0,454.0,204.0,,,,33,,Ben,Gannon-Doak,Gannon-Doak,,,56,0,1,0,1,0,0,0,0,0,0,0,4,,,,0.0,0.0,1.61,0.0,6.43,2,1,1
685,a,100.0,100.0,4.1,654,157.0,0,0.0,-4,4.0,0.3,339,123.0,46,0,2.6,245.0,96.0,2,164,0.0,490.0,202.0,0.0,11.2,0.0,99274,3,98203,8,0.0,0.0,0.02,0.19,0.21,22.47,0.0,0.01,0.01,1.59,267.0,231.0,92.0,54.3,342.0,119.0,22.0,383.0,133.0,34.4,331.0,110.0,,,,33,,Bafodé,Diakité,Diakité,,,1275,0,0,4,27,0,0,0,1,0,0,15,147,,,,0.0,0.28,1.91,1.06,8.26,20,97,48
687,a,,,4.3,616,364.0,0,0.0,-2,2.0,0.2,392,132.0,0,0,0.0,665.0,254.0,0,0,0.0,542.0,180.0,0.0,0.0,0.0,26591,4,21998,7,0.0,0.0,0.0,0.0,0.0,0.0,0.0,0.0,0.0,0.0,0.0,655.0,244.0,0.0,651.0,249.0,0.0,628.0,238.0,0.0,657.0,246.0,,,,33,,Remy,Rees-Dottin,Rees-Dottin,,,0,0,0,0,0,0,0,0,0,0,0,0,0,,,,0.0,0.0,0.0,0.0,0.0,0,0,0
697,a,,,5.4,173,108.0,0,0.0,-1,1.0,0.3,312,108.0,63,0,2.3,302.0,131.0,4,234,0.5,275.0,126.0,0.1,11.7,0.0,119753,5,85178,84,0.0,1.0,2.55,1.59,4.14,16.45,0.22,0.14,0.36,1.45,264.8,232.0,98.0,222.9,164.0,110.0,251.0,112.0,69.0,73.3,181.0,91.0,,,,33,,Amine,Adli,Adli,,,1024,3,2,3,16,0,0,0,2,0,0,10,118,,,,0.0,0.26,1.41,0.88,10.37,34,25,59
713,a,,,4.5,467,94.0,0,0.0,0,0.0,0.3,337,121.0,67,1,2.3,299.0,111.0,2,264,0.8,219.0,71.0,0.2,14.9,0.0,65592,3,34775,69,0.0,1.6,1.07,1.57,2.64,38.03,0.05,0.07,0.12,1.66,356.4,171.0,72.0,231.6,161.0,41.0,170.0,178.0,41.0,75.8,173.0,58.0,,,,33,,Álex,Jiménez Sánchez,A.Jimenez,,,2063,1,2,5,36,0,0,0,9,0,0,24,147,,,,0.0,0.22,1.57,1.05,5.72,59,73,118
721,a,100.0,100.0,4.4,570,120.0,0,0.0,-1,1.0,0.0,645,231.0,19,0,2.7,230.0,92.0,0,63,0.0,584.0,234.0,0.0,4.3,0.0,6598,0,6073,5,0.0,0.0,0.15,0.19,0.34,4.42,0.04,0.05,0.09,1.08,98.4,373.0,143.0,13.9,413.0,150.0,10.0,415.0,155.0,12.2,417.0,148.0,,,,33,,Veljko,Milosavljevic,Milosavljević,,,367,0,0,1,6,0,0,0,0,0,0,4,42,,,,0.0,0.25,1.47,0.98,9.56,5,34,13
756,a,,,4.5,516,321.0,0,0.0,0,0.0,0.0,743,313.0,0,0,0.0,762.0,325.0,0,0,0.0,676.0,270.0,0.0,0.0,0.0,1912,0,1298,3,0.0,0.0,0.0,0.0,0.0,0.0,0.0,0.0,0.0,0.0,0.0,761.0,324.0,0.0,754.0,324.0,0.0,742.0,321.0,0.0,761.0,324.0,,,,33,,Malcom,DaCosta,DaCosta,,,0,0,0,0,0,0,0,0,0,0,0,0,0,,,,0.0,0.0,0.0,0.0,0.0,0,0,0
782,a,,,4.0,662,39.0,0,0.0,0,0.0,0.0,660,81.0,0,0,0.0,578.0,64.0,0,0,0.0,413.0,53.0,0.0,0.0,0.0,3269,0,1296,1,0.0,0.0,0.0,0.0,0.0,0.0,0.0,0.0,0.0,0.0,0.0,568.0,64.0,0.0,556.0,48.0,0.0,525.0,35.0,0.0,570.0,64.0,,,,33,,Fraser,Forster,Forster,,,0,0,0,0,0,0,0,0,0,0,0,0,0,,,,0.0,0.0,0.0,0.0,0.0,0,0,0
799,a,,,4.5,513,318.0,0,0.0,0,0.0,0.0,774,333.0,0,0,0.0,760.0,323.0,0,0,0.0,673.0,267.0,0.0,0.0,0.0,793,0,370,0,0.0,0.0,0.0,0.0,0.0,0.0,0.0,0.0,0.0,0.0,0.0,759.0,322.0,0.0,752.0,322.0,0.0,739.0,318.0,0.0,759.0,322.0,,,,33,,Charlie,Stevens,Stevens,,,0,0,0,0,0,0,0,0,0,0,0,0,0,,,,0.0,0.0,0.0,0.0,0.0,0,0,0
801,a,,,4.9,341,212.0,0,0.0,-1,1.0,0.0,761,324.0,4,0,0.8,519.0,241.0,0,14,0.2,333.0,158.0,0.0,0.8,0.0,953,1,574,0,0.0,0.4,0.06,0.25,0.31,2.58,0.07,0.3,0.37,3.06,8.0,471.0,212.0,33.5,378.0,192.0,14.0,401.0,198.0,5.5,449.0,201.0,,,,33,,Alex,Tóth,Tóth.A,,,76,0,0,0,1,0,0,0,1,0,0,1,10,,,,0.0,0.0,1.18,1.18,11.84,1,4,5
806,a,,,4.0,680,49.0,0,0.0,0,0.0,0.0,758,88.0,0,0,0.0,591.0,71.0,0,0,0.0,428.0,62.0,0.0,0.0,0.0,756,2,425,1,0.0,0.0,0.0,0.0,0.0,0.0,0.0,0.0,0.0,0.0,0.0,581.0,71.0,0.0,572.0,58.0,0.0,541.0,45.0,0.0,583.0,71.0,,,,33,,Christos,Mandas,Mandas,,,0,0,0,0,0,0,0,0,0,0,0,0,0,,,,0.0,0.0,0.0,0.0,0.0,0,0,0
807,a,,,5.5,149,94.0,0,0.0,0,0.0,1.9,142,48.0,35,1,3.5,128.0,57.0,2,132,1.2,171.0,75.0,0.2,6.4,0.0,436190,18,192914,902,0.0,2.4,1.3,1.28,2.58,14.33,0.17,0.16,0.33,1.82,140.0,334.0,150.0,160.4,206.0,132.0,130.0,228.0,125.0,43.0,298.0,148.0,,,,33,,Rayan Vitor,Simplício Rocha,Rayan,,,710,2,1,3,6,0,0,0,1,0,0,9,45,,,,0.0,0.38,0.76,1.15,5.73,7,13,25
27,a,100.0,100.0,4.8,352,222.0,0,0.0,-2,2.0,0.1,500,179.0,8,0,1.0,491.0,223.0,0,23,0.3,300.0,140.0,0.1,1.7,0.0,10675,0,18575,0,-0.2,0.3,0.71,0.09,0.8,2.01,0.64,0.08,0.72,1.81,22.0,448.0,198.0,17.8,405.0,203.0,25.0,376.0,190.0,6.0,444.0,199.0,,,,33,,Reiss,Nelson,Nelson,,,100,0,0,0,2,0,0,0,0,0,0,0,22,,,,0.0,0.0,1.8,0.0,19.8,3,3,16
83,a,100.0,100.0,5.9,99,66.0,0,0.0,-1,1.0,2.6,122,39.0,111,3,4.1,55.0,24.0,13,358,2.0,125.0,48.0,0.3,18.8,0.0,1010541,81,707007,205,1.5,2.0,5.73,3.69,9.42,26.49,0.27,0.18,0.45,1.26,395.2,145.0,49.0,323.0,98.0,73.0,513.0,35.0,19.0,122.5,65.0,41.0,3.0,,,33,,Dango,Ouattara,O.Dango,,,1890,5,7,5,28,0,0,0,4,0,0,21,161,,,,0.0,0.24,1.33,1.0,7.67,18,66,77
101,a,100.0,100.0,4.8,353,12.0,0,0.0,3,-3.0,12.9,25,4.0,122,6,3.8,78.0,11.0,8,481,5.7,6.0,1.0,1.2,25.4,0.0,1586194,558,1192792,399,5.2,5.7,0.0,0.22,0.22,43.52,0.0,0.01,0.01,1.36,725.0,19.0,5.0,23.0,392.0,4.0,0.0,754.0,84.0,74.9,176.0,6.0,,,,33,,Caoimhín,Kelleher,Kelleher,,,2880,0,0,9,41,0,3,0,1,0,85,32,95,,,,2.66,0.28,1.28,1.0,0.0,1,41,249
102,a,,,3.9,759,79.0,0,0.0,-1,1.0,0.3,350,48.0,0,0,0.0,555.0,51.0,0,0,0.0,388.0,40.0,0.0,0.0,0.0,16786,0,25217,1,-0.5,0.0,0.0,0.0,0.0,0.0,0.0,0.0,0.0,0.0,0.0,545.0,51.0,0.0,532.0,34.0,0.0,500.0,21.0,0.0,547.0,51.0,,,,33,,Ellery,Balcombe,Balcombe,,,0,0,0,0,0,0,0,0,0,0,0,0,0,,,,0.0,0.0,0.0,0.0,0.0,0,0,0
103,u,0.0,0.0,3.9,775,87.0,0,0.0,-1,1.0,0.1,440,64.0,0,0,0.0,566.0,58.0,0,0,0.0,400.0,47.0,0.0,0.0,0.0,11791,0,15608,2,0.0,0.0,0.0,0.0,0.0,0.0,0.0,0.0,0.0,0.0,0.0,556.0,58.0,0.0,544.0,42.0,0.0,512.0,29.0,0.0,558.0,58.0,,,,33,,Matthew,Cox,Cox,has joined Shrewsbury Town on loan for the rest of the season.,,0,0,0,0,0,0,0,0,0,0,0,0,0,,,,0.0,0.0,0.0,0.0,0.0,0,0,0
104,a,,,3.9,778,88.0,0,0.0,-1,1.0,0.1,473,70.0,0,0,0.0,569.0,59.0,0,0,0.0,403.0,48.0,0.0,0.0,0.0,13232,0,11248,2,-0.5,0.0,0.0,0.0,0.0,0.0,0.0,0.0,0.0,0.0,0.0,559.0,59.0,0.0,547.0,43.0,0.0,515.0,30.0,0.0,561.0,59.0,,,,33,,Julian,Eyestone,Eyestone,,,0,0,0,0,0,0,0,0,0,0,0,0,0,,,,0.0,0.0,0.0,0.0,0.0,0,0,0
105,a,,,3.8,803,94.0,0,0.0,-2,2.0,0.6,238,31.0,1,0,1.0,452.0,35.0,0,1,0.0,362.0,27.0,0.0,0.3,0.0,47987,68,77484,10,-0.5,0.0,0.0,0.0,0.0,0.97,0.0,0.0,0.0,0.97,13.0,459.0,35.0,0.0,508.0,19.0,0.0,475.0,6.0,1.3,482.0,34.0,,,,33,,Hákon Rafn,Valdimarsson,Valdimarsson,,,90,0,0,0,3,0,0,0,0,0,1,1,0,,,,1.0,0.0,3.0,1.0,0.0,0,0,7
106,a,,,4.9,319,52.0,0,0.0,-1,1.0,2.7,119,47.0,114,6,3.8,79.0,29.0,7,396,5.0,12.0,5.0,1.0,23.3,0.0,707492,189,568405,94,4.5,5.0,2.11,1.32,3.43,37.56,0.08,0.05,0.13,1.34,722.6,20.0,7.0,118.9,252.0,68.0,291.0,96.0,9.0,113.4,81.0,17.0,,,,33,,Nathan,Collins,Collins,,,2521,1,2,8,36,1,0,0,5,0,0,27,304,,,,0.0,0.29,1.29,0.96,9.71,26,246,115
107,a,,,4.8,362,62.0,0,0.0,-2,2.0,1.6,154,60.0,96,6,3.1,186.0,73.0,3,289,4.3,18.0,9.0,0.9,20.0,0.0,490044,76,349273,61,3.8,4.3,2.38,2.09,4.47,24.78,0.14,0.12,0.26,1.48,291.4,214.0,84.0,254.8,142.0,37.0,246.0,115.0,17.0,79.2,161.0,53.0,,1.0,,33,,Keane,Lewis-Potter,Lewis-Potter,,,1512,3,2,8,24,0,0,0,1,0,0,17,76,,,,0.0,0.48,1.43,1.01,3.39,19,38,66
108,a,100.0,100.0,4.4,526,104.0,0,0.0,-1,1.0,0.2,361,132.0,70,0,2.9,200.0,80.0,1,196,0.0,552.0,228.0,0.0,15.9,0.0,43572,5,40822,17,-0.5,0.0,0.69,0.72,1.41,26.82,0.04,0.04,0.08,1.49,358.2,170.0,71.0,58.3,338.0,116.0,161.0,187.0,44.0,57.9,240.0,83.0,,,,33,,Kristoffer,Ajer,Ajer,,,1624,0,2,5,27,0,0,0,3,0,0,18,175,,,,0.0,0.28,1.5,1.0,9.31,35,133,50
109,i,0.0,0.0,4.3,580,128.0,0,0.0,-2,2.0,0.1,435,162.0,52,0,2.1,319.0,116.0,0,144,0.0,514.0,216.0,0.0,12.1,0.0,25894,0,31369,5,0.0,0.0,0.18,0.54,0.72,23.91,0.01,0.04,0.05,1.63,151.6,326.0,123.0,82.0,305.0,97.0,35.0,356.0,117.0,26.9,358.0,123.0,,,,33,,Rico,Henry,Henry,Hamstring injury - Unknown return date,,1322,0,2,4,22,0,0,0,2,0,0,14,78,,,,0.0,0.27,1.5,0.95,4.63,15,53,72
110,a,100.0,100.0,4.6,407,73.0,0,0.0,1,-1.0,1.1,189,73.0,102,6,3.2,166.0,66.0,7,466,5.3,8.0,3.0,1.2,22.2,0.0,260514,198,155543,48,4.8,5.3,0.72,2.73,3.45,42.69,0.02,0.09,0.11,1.37,539.0,71.0,35.0,419.2,62.0,11.0,107.0,257.0,72.0,106.8,88.0,21.0,,,,33,,Michael,Kayode,Kayode,,,2808,1,2,9,41,1,0,0,6,0,0,32,244,,,,0.0,0.29,1.31,1.03,6.38,61,138,146
111,a,100.0,100.0,4.2,633,144.0,0,0.0,-3,3.0,0.1,441,166.0,14,0,3.5,114.0,39.0,2,53,3.3,42.0,15.0,0.8,3.3,0.0,16111,22,28356,6,2.8,3.3,0.01,0.06,0.07,3.7,0.0,0.02,0.02,1.05,88.6,379.0,144.0,1.2,469.0,170.0,33.0,362.0,121.0,12.3,416.0,147.0,,,,33,,Ethan,Pinnock,Pinnock,,,318,0,0,1,5,1,0,0,1,0,0,4,46,,,,0.0,0.28,1.42,1.13,11.89,5,37,11
112,u,0.0,0.0,4.5,426,86.0,0,0.0,0,0.0,0.0,720,250.0,0,0,0.0,700.0,259.0,0,0,0.0,596.0,239.0,0.0,0.0,0.0,211,0,3933,0,0.0,0.0,0.0,0.0,0.0,0.0,0.0,0.0,0.0,0.0,0.0,694.0,259.0,0.0,689.0,259.0,0.0,671.0,259.0,0.0,696.0,259.0,,,,33,,Mads,Roerslev Rasmussen,Roerslev,Has joined Southampton permanently.,,0,0,0,0,0,0,0,0,0,0,0,0,0,,,,0.0,0.0,0.0,0.0,0.0,0,0,0
113,a,100.0,100.0,4.6,400,69.0,0,0.0,1,-1.0,1.3,169,66.0,99,6,3.5,118.0,42.0,3,369,5.0,11.0,4.0,1.1,21.5,0.0,350869,37,245563,66,4.5,5.0,2.87,0.9,3.77,36.3,0.1,0.03,0.13,1.32,560.0,62.0,30.0,83.5,301.0,94.0,260.0,105.0,12.0,90.5,131.0,39.0,,,,33,,Sepp,van den Berg,Van den Berg,,,2483,0,2,7,38,0,0,0,1,0,0,27,272,,,,0.0,0.25,1.38,0.98,8.77,16,226,102
114,u,0.0,0.0,3.8,816,258.0,0,0.0,-2,2.0,0.2,389,145.0,0,0,0.0,544.0,200.0,0,0,0.0,374.0,136.0,0.0,0.0,0.0,12981,0,31236,0,0.0,0.0,0.0,0.0,0.0,0.0,0.0,0.0,0.0,0.0,0.0,533.0,199.0,0.0,518.0,199.0,0.0,486.0,194.0,0.0,535.0,199.0,,,,33,,Benjamin,Arthur,Arthur,has joined Celtic on loan for the rest of the season.,,0,0,0,0,0,0,0,0,0,0,0,0,0,,,,0.0,0.0,0.0,0.0,0.0,0,0,0
115,u,0.0,0.0,4.0,731,203.0,0,0.0,0,0.0,0.1,538,192.0,0,0,0.0,632.0,242.0,0,0,0.0,477.0,189.0,0.0,0.0,0.0,2020,0,14467,1,0.0,0.0,0.0,0.0,0.0,0.0,0.0,0.0,0.0,0.0,0.0,623.0,242.0,0.0,615.0,242.0,0.0,585.0,239.0,0.0,625.0,242.0,,,,33,,Benjamin,Fredrick,Fredrick,has joined Dender on loan for the rest of the season.,,0,0,0,0,0,0,0,0,0,0,0,0,0,,,,0.0,0.0,0.0,0.0,0.0,0,0,0
116,a,100.0,100.0,4.0,689,174.0,0,0.0,0,0.0,0.3,303,112.0,33,0,1.8,367.0,136.0,0,94,0.0,437.0,161.0,0.0,8.2,0.0,66122,7,83110,5,-0.5,0.0,0.4,0.17,0.57,6.47,0.06,0.03,0.09,0.99,82.6,387.0,145.0,16.2,407.0,147.0,42.0,346.0,113.0,13.9,402.0,145.0,,,,33,,Aaron,Hickey,Hickey,,,588,0,0,2,8,0,0,0,1,0,0,7,49,,,,0.0,0.31,1.22,1.07,6.43,12,30,33
117,u,0.0,0.0,3.9,783,229.0,0,0.0,-1,1.0,0.1,529,189.0,0,0,0.0,574.0,208.0,0,0,0.0,408.0,147.0,0.0,0.0,0.0,4108,0,15756,0,0.0,0.0,0.0,0.0,0.0,0.0,0.0,0.0,0.0,0.0,0.0,564.0,207.0,0.0,552.0,207.0,0.0,520.0,202.0,0.0,566.0,207.0,,,,33,,Kim,Ji-soo,Ji-soo,has joined Kaiserslautern on loan for the rest of the season.,,0,0,0,0,0,0,0,0,0,0,0,0,0,,,,0.0,0.0,0.0,0.0,0.0,0,0,0
118,u,0.0,0.0,4.0,701,181.0,0,0.0,0,0.0,0.0,612,218.0,0,0,0.0,607.0,224.0,0,0,0.0,448.0,167.0,0.0,0.0,0.0,279,0,11028,0,0.0,0.0,0.0,0.0,0.0,0.0,0.0,0.0,0.0,0.0,0.0,598.0,224.0,0.0,589.0,224.0,0.0,558.0,220.0,0.0,600.0,224.0,,,,33,,Jayden,Meghoma,Meghoma,Has joined Rangers on loan for the rest of the season.,,0,0,0,0,0,0,0,0,0,0,0,0,0,,,,0.0,0.0,0.0,0.0,0.0,0,0,0
120,a,100.0,100.0,7.0,38,23.0,0,0.0,0,0.0,1.7,150,53.0,110,3,3.7,101.0,45.0,5,357,3.7,38.0,15.0,0.5,15.7,0.0,929141,156,768006,94,3.2,3.7,10.96,2.04,13.0,31.78,0.41,0.08,0.49,1.2,479.6,99.0,32.0,341.9,85.0,62.0,708.0,16.0,7.0,152.5,33.0,24.0,,,3.0,33,,Kevin,Schade,Schade,,,2386,7,5,10,28,0,0,1,6,1,0,28,172,,,,0.0,0.38,1.06,1.06,6.49,37,50,85
121,a,100.0,100.0,5.6,129,80.0,0,0.0,-4,4.0,0.8,212,75.0,93,5,3.3,158.0,66.0,6,378,2.0,121.0,46.0,0.4,16.6,0.0,188891,25,213947,44,1.5,2.0,2.14,4.16,6.3,24.83,0.11,0.22,0.33,1.31,425.2,126.0,41.0,539.9,33.0,30.0,254.0,107.0,66.0,122.1,66.0,42.0,,3.0,,33,,Mikkel,Damsgaard,Damsgaard,,,1701,3,4,4,27,0,0,0,0,0,0,20,196,,,,0.0,0.21,1.43,1.06,10.37,50,35,111
122,i,0.0,0.0,5.2,214,132.0,0,0.0,-3,3.0,0.0,657,260.0,1,0,1.0,504.0,233.0,0,5,0.0,761.0,329.0,0.0,0.2,0.0,2092,1,7004,1,0.0,0.0,0.0,0.01,0.01,1.49,0.0,0.02,0.02,2.98,4.0,485.0,222.0,1.8,462.0,223.0,0.0,797.0,352.0,0.6,495.0,226.0,,,,33,,Antoni,Milambo,Milambo,Knee injury - Expected back 01 Jun,,45,0,0,0,3,0,0,0,0,0,0,1,4,,,,0.0,0.0,6.0,2.0,8.0,2,0,2
123,i,0.0,0.0,4.6,399,248.0,0,0.0,-4,4.0,0.1,475,165.0,13,0,2.2,312.0,136.0,1,42,0.0,679.0,273.0,0.0,2.8,0.0,27302,0,51627,1,0.0,0.0,0.7,0.03,0.73,2.08,0.63,0.03,0.66,1.87,39.0,427.0,187.0,6.5,440.0,214.0,36.0,355.0,184.0,8.1,430.0,193.0,,,4.0,33,,Fábio,Freitas Gouveia Carvalho,Carvalho,Knee injury - Expected back 01 Jun,,100,1,0,0,4,0,0,0,0,0,0,1,8,,,,0.0,0.0,3.6,0.9,7.2,3,0,5
124,i,0.0,0.0,5.0,242,146.0,0,0.0,0,0.0,0.3,316,111.0,75,0,2.6,249.0,101.0,5,332,1.7,134.0,53.0,0.3,15.0,0.0,100944,0,105620,33,0.0,0.0,0.33,2.25,2.58,25.95,0.02,0.11,0.13,1.29,328.0,192.0,79.0,336.0,91.0,67.0,45.0,338.0,176.0,70.9,194.0,95.0,,,,33,,Jordan,Henderson,Henderson,Knock - Expected back 02 May,,1814,1,3,6,26,0,0,0,4,0,0,21,178,,,,0.0,0.3,1.29,1.04,8.83,26,58,94
125,i,0.0,0.0,4.9,301,187.0,0,0.0,-1,1.0,0.1,454,154.0,70,0,3.2,169.0,69.0,6,300,0.0,705.0,289.0,0.0,14.3,0.0,67547,0,57120,10,0.0,0.0,0.82,1.88,2.7,20.22,0.06,0.14,0.2,1.45,329.0,191.0,78.0,313.6,104.0,77.0,91.0,272.0,147.0,72.5,186.0,93.0,2.0,,,33,,Vitaly,Janelt,Janelt,Foot injury - Unknown return date,,1253,1,4,5,16,0,0,0,7,0,0,13,164,,,,0.0,0.36,1.15,0.93,11.78,24,66,74
126,a,,,4.9,304,189.0,0,0.0,-1,1.0,0.1,487,171.0,77,3,2.5,270.0,112.0,0,376,3.3,44.0,17.0,0.7,15.7,0.0,20455,15,20845,2,2.8,3.3,2.07,4.76,6.83,26.9,0.1,0.23,0.33,1.33,319.4,198.0,82.0,454.0,48.0,40.0,180.0,171.0,95.0,95.3,113.0,64.0,1.0,2.0,5.0,33,,Mathias,Jensen,Jensen,,,1825,2,2,8,25,0,0,0,3,0,0,21,172,,,,0.0,0.39,1.23,1.04,8.48,32,48,92
127,u,0.0,0.0,4.9,342,213.0,0,0.0,-1,1.0,0.0,725,301.0,0,0,0.0,786.0,342.0,0,0,0.0,726.0,303.0,0.0,0.0,0.0,1544,0,2343,0,0.0,0.0,0.0,0.0,0.0,0.0,0.0,0.0,0.0,0.0,0.0,785.0,341.0,0.0,781.0,341.0,0.0,777.0,339.0,0.0,785.0,341.0,,,,33,,Gustavo,Nunes Fernandes Gomes,Nunes,has joined Swansea City on loan for the rest of the season.,,0,0,0,0,0,0,0,0,0,0,0,0,0,,,,0.0,0.0,0.0,0.0,0.0,0,0,0
128,u,0.0,0.0,4.8,363,225.0,0,0.0,-2,2.0,0.0,610,233.0,12,0,2.0,340.0,146.0,0,41,0.0,693.0,281.0,0.0,2.5,0.0,5396,0,8945,0,0.0,0.0,0.0,0.36,0.36,2.02,0.0,0.37,0.37,2.07,28.4,441.0,196.0,13.6,414.0,207.0,4.0,439.0,215.0,4.6,458.0,206.0,,,,33,,Frank,Onyeka,Onyeka,has joined Coventry City on loan for the rest of the season.,,88,0,2,0,2,0,0,0,0,0,0,0,10,,,,0.0,0.0,2.05,0.0,10.23,2,3,5
129,a,100.0,100.0,5.0,274,168.0,0,0.0,0,0.0,0.1,490,173.0,87,3,2.6,253.0,103.0,0,376,3.3,47.0,18.0,0.7,17.4,0.0,25025,3,22683,3,2.8,3.3,1.19,1.28,2.47,33.79,0.05,0.05,0.1,1.32,359.0,169.0,64.0,240.3,151.0,102.0,110.0,252.0,140.0,70.8,195.0,96.0,,,,33,,Yehor,Yarmoliuk,Yarmoliuk,,,2306,1,2,7,36,0,0,0,7,0,0,26,284,,,,0.0,0.27,1.41,1.01,11.08,58,65,161
130,a,,,4.4,569,342.0,0,0.0,-1,1.0,0.1,477,166.0,4,0,1.0,478.0,212.0,0,19,0.0,583.0,201.0,0.0,0.9,0.0,16947,1,19793,3,-0.5,0.0,0.09,0.01,0.1,0.39,0.21,0.02,0.23,0.92,8.4,470.0,211.0,11.5,423.0,211.0,21.0,388.0,194.0,4.2,459.0,207.0,,,,33,,Romelle,Donovan,Donovan,,,38,0,0,0,0,0,0,0,0,0,0,0,5,,,,0.0,0.0,0.0,0.0,11.84,0,0,5
131,u,0.0,0.0,4.3,620,368.0,0,0.0,-2,2.0,0.1,428,147.0,0,0,0.0,668.0,257.0,0,0,0.0,545.0,183.0,0.0,0.0,0.0,38108,0,45604,1,0.0,0.0,0.0,0.0,0.0,0.0,0.0,0.0,0.0,0.0,0.0,658.0,247.0,0.0,654.0,252.0,0.0,631.0,241.0,0.0,660.0,249.0,,,,33,,Yunus Emre,Konak,Konak,has joined Oxford United on loan for the rest of the season.,,0,0,0,0,0,0,0,0,0,0,0,0,0,,,,0.0,0.0,0.0,0.0,0.0,0,0,0
132,u,0.0,0.0,4.5,424,253.0,0,0.0,0,0.0,0.0,684,276.0,0,0,0.0,699.0,273.0,0,0,0.0,594.0,206.0,0.0,0.0,0.0,4038,0,5580,0,0.0,0.0,0.0,0.0,0.0,0.0,0.0,0.0,0.0,0.0,0.0,693.0,267.0,0.0,688.0,270.0,0.0,669.0,262.0,0.0,695.0,269.0,,,,33,,Paris,Maghoma,Maghoma,has joined Norwich City permanently.,,0,0,0,0,0,0,0,0,0,0,0,0,0,,,,0.0,0.0,0.0,0.0,0.0,0,0,0
133,u,0.0,0.0,4.4,543,325.0,0,0.0,-1,1.0,0.0,643,251.0,1,0,1.0,473.0,207.0,0,2,0.0,561.0,186.0,0.0,0.2,0.0,3881,0,6481,1,0.0,0.0,0.0,0.0,0.0,0.0,0.0,0.0,0.0,0.0,0.0,666.0,250.0,0.0,662.0,254.0,0.0,641.0,244.0,0.0,668.0,252.0,,,,33,,Myles,Peart-Harris,Peart-Harris,has joined Oxford United permanently.,,1,0,0,0,0,0,0,0,0,0,0,0,0,,,,0.0,0.0,0.0,0.0,0.0,0,0,0
134,u,0.0,0.0,4.5,490,302.0,0,0.0,0,0.0,0.0,793,348.0,0,0,0.0,743.0,311.0,0,0,0.0,652.0,252.0,0.0,0.0,0.0,0,0,953,0,0.0,0.0,0.0,0.0,0.0,0.0,0.0,0.0,0.0,0.0,0.0,741.0,309.0,0.0,734.0,309.0,0.0,721.0,305.0,0.0,741.0,309.0,,,,33,,Ryan,Trevitt,Trevitt,Has joined Wigan on loan for the rest of the season,,0,0,0,0,0,0,0,0,0,0,0,0,0,,,,0.0,0.0,0.0,0.0,0.0,0,0,0
136,a,100.0,100.0,7.3,29,12.0,0,0.0,13,-13.0,34.5,7,3.0,168,2,5.1,13.0,3.0,22,676,6.3,4.0,2.0,0.9,23.0,0.0,9470073,5419,5317285,548,5.8,6.3,19.21,1.73,20.94,43.21,0.61,0.05,0.66,1.37,927.2,5.0,2.0,320.5,99.0,4.0,1041.0,2.0,2.0,228.6,3.0,2.0,,,2.0,33,,Igor Thiago,Nascimento Rodrigues,Thiago,,,2832,21,1,9,42,0,0,1,6,0,0,32,188,,,,0.0,0.29,1.33,1.02,5.97,31,70,87
137,u,0.0,0.0,4.4,555,77.0,0,0.0,-1,1.0,0.3,331,52.0,0,0,0.0,681.0,70.0,0,0,0.0,571.0,58.0,0.0,0.0,0.0,52422,0,82259,2,0.0,0.0,0.0,0.0,0.0,0.0,0.0,0.0,0.0,0.0,0.0,674.0,70.0,0.0,669.0,69.0,0.0,650.0,69.0,0.0,676.0,70.0,,,,33,,Iwan,Morgan,Morgan,has joined Shrewsbury on loan for the rest of the season.,,0,0,0,0,0,0,0,0,0,0,0,0,0,,,,0.0,0.0,0.0,0.0,0.0,0,0,0
748,d,25.0,25.0,4.9,297,184.0,0,0.0,-1,1.0,0.0,812,359.0,0,0,0.0,774.0,333.0,0,0,0.0,703.0,288.0,0.0,0.0,0.0,215,0,243,1,-0.1,0.0,0.0,0.0,0.0,0.0,0.0,0.0,0.0,0.0,0.0,773.0,332.0,0.0,769.0,332.0,0.0,765.0,330.0,0.0,773.0,332.0,,,,33,,Josh,Dasilva,Dasilva,Lack of match fitness - 25% chance of playing,,0,0,0,0,0,0,0,0,0,0,0,0,0,,,,0.0,0.0,0.0,0.0,0.0,0,0,0
797,i,0.0,0.0,4.5,491,69.0,0,0.0,0,0.0,0.0,700,88.0,0,0,0.0,744.0,79.0,0,0,0.0,653.0,67.0,0.0,0.0,0.0,2186,1,1425,3,0.0,0.0,0.0,0.0,0.0,0.0,0.0,0.0,0.0,0.0,0.0,742.0,79.0,0.0,735.0,78.0,0.0,722.0,78.0,0.0,742.0,79.0,,,,33,,Kaye,Furo,Furo,Knock - Unknown return date,,0,0,0,0,0,0,0,0,0,0,0,0,0,,,,0.0,0.0,0.0,0.0,0.0,0,0,0
810,a,,,4.5,470,286.0,0,0.0,0,0.0,0.0,796,350.0,0,0,0.0,728.0,299.0,0,0,0.0,632.0,236.0,0.0,0.0,0.0,422,0,204,0,-0.5,0.0,0.0,0.0,0.0,0.0,0.0,0.0,0.0,0.0,0.0,725.0,296.0,0.0,719.0,297.0,0.0,704.0,291.0,0.0,726.0,297.0,,,,33,,Luka,Bentt,Bentt,,,0,0,0,0,0,0,0,0,0,0,0,0,0,,,,0.0,0.0,0.0,0.0,0.0,0,0,0
819,a,,,4.0,696,178.0,0,0.0,0,0.0,0.0,766,259.0,0,0,0.0,605.0,223.0,0,0,0.0,444.0,165.0,0.0,0.0,0.0,344,0,130,0,-0.5,0.0,0.0,0.0,0.0,0.0,0.0,0.0,0.0,0.0,0.0,595.0,222.0,0.0,586.0,222.0,0.0,555.0,218.0,0.0,597.0,222.0,,,,33,,Ollie,Shield,Shield,,,0,0,0,0,0,0,0,0,0,0,0,0,0,,,,0.0,0.0,0.0,0.0,0.0,0,0,0
823,a,,,4.0,740,212.0,0,0.0,0,0.0,0.0,807,267.0,0,0,0.0,638.0,248.0,0,0,0.0,486.0,198.0,0.0,0.0,0.0,54,1,18,2,-0.5,0.0,0.0,0.0,0.0,0.0,0.0,0.0,0.0,0.0,0.0,629.0,248.0,0.0,621.0,248.0,0.0,592.0,246.0,0.0,631.0,248.0,,,,33,,Joshua,Stephenson,Stephenson,,,0,0,0,0,0,0,0,0,0,0,0,0,0,,,,0.0,0.0,0.0,0.0,0.0,0,0,0
824,a,,,4.0,723,196.0,0,0.0,0,0.0,0.0,805,266.0,0,0,0.0,625.0,236.0,0,0,0.0,469.0,182.0,0.0,0.0,0.0,74,0,17,0,-0.5,0.0,0.0,0.0,0.0,0.0,0.0,0.0,0.0,0.0,0.0,616.0,236.0,0.0,608.0,236.0,0.0,578.0,233.0,0.0,618.0,236.0,,,,33,,Conor,McManus,McManus,,,0,0,0,0,0,0,0,0,0,0,0,0,0,,,,0.0,0.0,0.0,0.0,0.0,0,0,0
826,a,,,4.5,463,281.0,0,0.0,0,0.0,0.0,826,371.0,0,0,0.0,724.0,296.0,0,0,0.0,626.0,231.0,0.0,0.0,0.0,33,0,4,0,-0.5,0.0,0.0,0.0,0.0,0.0,0.0,0.0,0.0,0.0,0.0,719.0,291.0,0.0,714.0,293.0,0.0,698.0,286.0,0.0,720.0,292.0,,,,33,,Riley,Owen,Owen,,,0,0,0,0,0,0,0,0,0,0,0,0,0,,,,0.0,0.0,0.0,0.0,0.0,0,0,0
138,a,,,4.2,624,28.0,0,0.0,-3,3.0,0.2,359,50.0,0,0,0.0,642.0,88.0,0,0,0.0,494.0,79.0,0.0,0.0,0.0,11532,4,40737,3,0.0,-0.5,0.0,0.0,0.0,0.0,0.0,0.0,0.0,0.0,0.0,633.0,88.0,0.0,626.0,77.0,0.0,597.0,64.0,0.0,635.0,88.0,,,,33,,Jason,Steele,Steele,,,0,0,0,0,0,0,0,0,0,0,0,0,0,,,,0.0,0.0,0.0,0.0,0.0,0,0,0
139,a,,,4.5,445,24.0,0,0.0,0,0.0,9.1,40,7.0,110,0,3.4,142.0,17.0,6,540,3.0,58.0,7.0,0.7,24.4,0.0,1246217,149,919213,934,0.0,5.5,0.0,0.05,0.05,41.9,0.0,0.0,0.0,1.31,806.0,9.0,2.0,10.0,430.0,9.0,0.0,685.0,78.0,81.7,155.0,2.0,,,,33,,Bart,Verbruggen,Verbruggen,,,2880,0,0,8,37,1,1,0,3,0,91,32,102,,,,2.84,0.25,1.16,1.0,0.0,1,26,283
140,a,,,3.9,755,77.0,0,0.0,-1,1.0,0.3,326,45.0,0,0,0.0,553.0,49.0,0,0,0.0,386.0,38.0,0.0,0.0,0.0,18527,1,29521,3,0.0,-0.5,0.0,0.0,0.0,0.0,0.0,0.0,0.0,0.0,0.0,543.0,49.0,0.0,530.0,32.0,0.0,498.0,19.0,0.0,545.0,49.0,,,,33,,Tom,McGill,McGill,,,0,0,0,0,0,0,0,0,0,0,0,0,0,,,,0.0,0.0,0.0,0.0,0.0,0,0,0
141,u,0.0,0.0,4.0,690,54.0,0,0.0,0,0.0,0.0,809,92.0,0,0,0.0,599.0,76.0,0,0,0.0,438.0,67.0,0.0,0.0,0.0,0,0,246,0,0.0,0.0,0.0,0.0,0.0,0.0,0.0,0.0,0.0,0.0,0.0,589.0,76.0,0.0,580.0,63.0,0.0,549.0,50.0,0.0,591.0,76.0,,,,33,,Carl,Rushworth,Rushworth,Has joined Coventry City on loan for the rest of the season.,,0,0,0,0,0,0,0,0,0,0,0,0,0,,,,0.0,0.0,0.0,0.0,0.0,0,0,0
142,u,0.0,0.0,4.0,678,47.0,0,0.0,0,0.0,0.0,810,93.0,0,0,0.0,589.0,69.0,0,0,0.0,426.0,60.0,0.0,0.0,0.0,0,0,208,0,0.0,0.0,0.0,0.0,0.0,0.0,0.0,0.0,0.0,0.0,0.0,579.0,69.0,0.0,570.0,56.0,0.0,539.0,43.0,0.0,581.0,69.0,,,,33,,Kjell,Scherpen,Scherpen,Has joined Union SG permanently,,0,0,0,0,0,0,0,0,0,0,0,0,0,,,,0.0,0.0,0.0,0.0,0.0,0,0,0
143,a,,,4.2,631,143.0,0,0.0,-3,3.0,0.2,410,150.0,31,0,3.4,137.0,49.0,4,124,2.5,82.0,27.0,0.6,7.4,0.0,16662,3,14105,14,0.0,4.5,0.05,0.33,0.38,6.25,0.01,0.06,0.07,1.06,154.6,323.0,122.0,57.5,339.0,117.0,12.0,404.0,149.0,22.5,371.0,129.0,3.0,,,33,,Olivier,Boscagli,Boscagli,,,529,0,1,2,5,0,0,0,2,0,0,6,58,,,,0.0,0.34,0.85,1.02,9.87,12,46,41
144,u,0.0,0.0,4.2,645,151.0,0,0.0,-3,3.0,0.0,604,215.0,10,0,2.0,336.0,124.0,0,32,0.0,505.0,209.0,0.0,2.4,0.0,2735,0,8389,0,0.0,0.0,0.0,0.01,0.01,4.52,0.0,0.0,0.0,2.11,42.4,423.0,158.0,3.7,452.0,163.0,2.0,444.0,167.0,4.8,456.0,164.0,,,,33,,Diego,Coppola,Coppola,has joined Paris FC on loan for the rest of the season.,,193,0,0,1,3,0,0,0,2,0,0,2,19,,,,0.0,0.47,1.4,0.93,8.39,2,16,6
145,a,100.0,100.0,4.3,588,134.0,0,0.0,-2,2.0,1.6,152,59.0,61,0,2.5,265.0,102.0,6,228,0.0,519.0,220.0,0.0,14.2,0.0,258247,2,733972,64,0.0,-0.5,1.55,2.15,3.7,20.84,0.12,0.17,0.29,1.64,215.2,268.0,109.0,319.7,100.0,23.0,132.0,223.0,58.0,66.7,206.0,70.0,,1.0,,33,,Maxim,De Cuyper,De Cuyper,,,1145,2,0,4,18,0,0,0,2,0,0,14,75,,,,0.0,0.31,1.41,1.1,4.01,18,33,57
146,a,100.0,0.0,4.5,410,74.0,0,0.0,0,0.0,0.9,206,80.0,82,0,2.8,215.0,84.0,3,389,0.2,326.0,106.0,0.0,18.2,0.0,166114,1,222196,74,0.0,0.0,1.3,0.51,1.81,38.31,0.05,0.02,0.07,1.34,573.4,57.0,27.0,108.6,267.0,77.0,154.0,195.0,48.0,83.8,148.0,50.0,,3.0,,33,,Lewis,Dunk,Dunk,,,2565,0,1,6,35,0,0,0,10,0,0,28,259,,,,0.0,0.21,1.23,0.98,7.61,33,184,120
147,u,0.0,0.0,4.5,421,82.0,0,0.0,0,0.0,0.0,751,257.0,0,0,0.0,697.0,257.0,0,0,0.0,592.0,236.0,0.0,0.0,0.0,0,0,1989,0,0.0,0.0,0.0,0.0,0.0,0.0,0.0,0.0,0.0,0.0,0.0,691.0,257.0,0.0,686.0,257.0,0.0,667.0,256.0,0.0,693.0,257.0,,,,33,,Pervis,Estupiñán Tenorio,Estupiñan,Has joined AC Milan permanently,,0,0,0,0,0,0,0,0,0,0,0,0,0,,,,0.0,0.0,0.0,0.0,0.0,0,0,0
148,a,,,4.4,532,108.0,0,0.0,-1,1.0,0.7,227,85.0,92,0,3.0,193.0,76.0,4,432,2.0,111.0,42.0,0.5,20.9,0.0,143478,10,82150,167,0.0,3.5,1.6,2.43,4.03,37.45,0.06,0.08,0.14,1.3,410.0,137.0,57.0,356.5,80.0,18.0,195.0,152.0,31.0,96.4,109.0,31.0,,,,33,,Ferdi,Kadıoğlu,F.Kadıoğlu,,,2590,0,2,8,32,0,0,0,6,0,0,28,178,,,,0.0,0.28,1.11,0.97,5.14,54,94,113
149,a,100.0,100.0,4.5,425,85.0,0,0.0,0,0.0,0.1,509,181.0,6,0,1.5,411.0,152.0,0,10,0.0,595.0,238.0,0.0,1.3,0.0,10944,2,10970,5,0.0,-0.5,0.0,0.0,0.0,4.66,0.0,0.0,0.0,4.07,25.8,443.0,163.0,10.6,425.0,153.0,0.0,670.0,258.0,3.6,462.0,166.0,,,,33,,Igor Julio,dos Santos de Paulo,Igor,,,103,0,0,0,3,0,0,0,0,0,0,1,13,,,,0.0,0.0,2.62,0.87,11.36,0,13,3
150,u,0.0,0.0,4.4,534,110.0,0,0.0,-1,1.0,0.1,520,186.0,0,0,0.0,672.0,256.0,0,0,0.0,556.0,230.0,0.0,0.0,0.0,2778,0,38660,1,0.0,0.0,0.0,0.0,0.0,0.0,0.0,0.0,0.0,0.0,0.0,663.0,256.0,0.0,659.0,256.0,0.0,638.0,255.0,0.0,665.0,256.0,,,,33,,Tariq,Lamptey,Lamptey,has joined Fiorentina permanently.,,0,0,0,0,0,0,0,0,0,0,0,0,0,,,,0.0,0.0,0.0,0.0,0.0,0,0,0
151,a,100.0,100.0,4.6,402,70.0,0,0.0,1,-1.0,10.5,33,11.0,125,0,4.2,46.0,18.0,8,489,2.2,101.0,36.0,0.5,27.2,0.0,1940914,178,717657,2561,0.0,3.9,2.18,1.27,3.44,39.11,0.07,0.04,0.11,1.32,845.4,7.0,3.0,201.4,178.0,46.0,242.0,116.0,18.0,129.2,56.0,7.0,,,,33,,Jan Paul,van Hecke,Van Hecke,,,2670,3,2,8,35,1,0,0,8,0,0,30,290,,,,0.0,0.27,1.18,1.01,8.76,45,215,88
152,a,100.0,100.0,4.3,573,122.0,0,0.0,-2,2.0,0.1,431,161.0,37,0,1.9,350.0,129.0,1,140,0.5,253.0,79.0,0.1,8.6,0.0,23501,2,37498,8,0.0,0.5,0.99,0.12,1.11,14.85,0.11,0.01,0.12,1.58,222.8,265.0,107.0,71.5,315.0,105.0,63.0,313.0,96.0,35.8,324.0,107.0,,,,33,,Joël,Veltman,Veltman,,,844,1,0,1,12,0,0,0,4,0,0,8,102,,,,0.0,0.11,1.28,0.85,9.6,29,61,34
153,i,0.0,0.0,4.4,525,103.0,0,0.0,-1,1.0,0.0,763,258.0,0,0,0.0,670.0,255.0,0,0,0.0,551.0,227.0,0.0,0.0,0.0,1036,0,1795,1,0.0,0.0,0.0,0.0,0.0,0.0,0.0,0.0,0.0,0.0,0.0,661.0,255.0,0.0,656.0,255.0,0.0,635.0,254.0,0.0,663.0,255.0,,,,33,,Adam,Webster,Webster,Knee injury - Unknown return date,,0,0,0,0,0,0,0,0,0,0,0,0,0,,,,0.0,0.0,0.0,0.0,0.0,0,0,0
154,u,0.0,0.0,4.0,681,170.0,0,0.0,0,0.0,0.0,785,262.0,0,0,0.0,592.0,217.0,0,0,0.0,429.0,157.0,0.0,0.0,0.0,0,0,788,0,0.0,0.0,0.0,0.0,0.0,0.0,0.0,0.0,0.0,0.0,0.0,582.0,216.0,0.0,573.0,216.0,0.0,542.0,212.0,0.0,584.0,216.0,,,,33,,Eiran,Cashin,Cashin,has joined Blackburn Rovers on loan for the rest of the season.,,0,0,0,0,0,0,0,0,0,0,0,0,0,,,,0.0,0.0,0.0,0.0,0.0,0,0,0
155,u,0.0,0.0,4.0,725,197.0,0,0.0,0,0.0,0.1,508,180.0,0,0,0.0,627.0,237.0,0,0,0.0,471.0,183.0,0.0,0.0,0.0,3175,0,16725,0,0.0,0.0,0.0,0.0,0.0,0.0,0.0,0.0,0.0,0.0,0.0,618.0,237.0,0.0,610.0,237.0,0.0,580.0,234.0,0.0,620.0,237.0,,,,33,,Jacob,Slater,Slater,has joined Harrogate Town on loan until January.,,0,0,0,0,0,0,0,0,0,0,0,0,0,,,,0.0,0.0,0.0,0.0,0.0,0,0,0
156,a,,,3.8,810,253.0,0,0.0,-2,2.0,0.2,408,149.0,0,0,0.0,540.0,197.0,0,0,0.0,369.0,132.0,0.0,0.0,0.0,12827,0,18097,7,0.0,-0.5,0.0,0.0,0.0,0.0,0.0,0.0,0.0,0.0,0.0,529.0,196.0,0.0,514.0,196.0,0.0,481.0,190.0,0.0,531.0,196.0,,,,33,,Charlie,Tasker,Tasker,,,0,0,0,0,0,0,0,0,0,0,0,0,0,,,,0.0,0.0,0.0,0.0,0.0,0,0,0
157,a,100.0,100.0,6.1,82,54.0,0,0.0,-4,4.0,2.2,132,43.0,52,0,2.5,276.0,117.0,2,192,0.5,279.0,129.0,0.1,8.5,0.0,353092,25,885021,175,0.0,0.5,3.27,2.47,5.74,18.97,0.21,0.16,0.37,1.19,231.2,257.0,107.0,364.4,76.0,59.0,336.0,77.0,44.0,92.8,122.0,69.0,,,,33,,Mitoma,Kaoru,Mitoma,,,1432,2,1,4,16,0,0,0,3,0,0,16,85,,,,0.0,0.25,1.01,1.01,5.34,14,22,49
158,a,100.0,100.0,5.6,130,81.0,0,0.0,-4,4.0,0.3,314,109.0,71,0,2.7,235.0,95.0,2,235,0.5,277.0,128.0,0.1,12.7,0.0,134560,1,257574,19,0.0,0.5,2.28,2.2,4.48,19.73,0.13,0.12,0.25,1.1,269.2,228.0,96.0,292.2,118.0,83.0,374.0,64.0,37.0,93.4,117.0,67.0,,,,33,,Georginio,Rutter,Georginio,,,1614,2,4,6,17,1,0,0,2,0,0,19,120,,,,0.0,0.33,0.95,1.06,6.69,28,36,56
159,a,100.0,100.0,5.8,102,68.0,0,0.0,-2,2.0,0.0,682,275.0,1,0,1.0,508.0,237.0,0,4,0.0,796.0,349.0,0.0,0.2,0.0,2909,3,3220,5,0.0,-0.5,0.0,0.0,0.0,0.25,0.0,0.0,0.0,5.62,0.0,815.0,363.0,0.0,815.0,363.0,0.0,814.0,363.0,0.0,815.0,363.0,,,,33,,Solly,March,March,,,4,0,0,0,0,0,0,0,0,0,0,0,0,,,,0.0,0.0,0.0,0.0,0.0,0,0,0
160,a,100.0,100.0,5.5,151,96.0,0,0.0,-5,5.0,2.7,120,37.0,98,0,3.5,129.0,58.0,8,383,1.0,200.0,91.0,0.2,17.8,0.0,2080774,30,1915925,499,0.0,1.5,3.25,4.1,7.35,28.3,0.15,0.19,0.34,1.33,393.4,147.0,51.0,571.7,27.0,26.0,542.0,29.0,14.0,151.0,34.0,25.0,5.0,,,33,,Yankuba,Minteh,Minteh,,,1908,2,8,8,27,0,0,0,2,0,0,21,152,,,,0.0,0.38,1.27,0.99,7.17,41,28,83
161,u,0.0,0.0,5.4,171,107.0,0,0.0,-1,1.0,0.0,752,319.0,0,0,0.0,810.0,359.0,0,0,0.0,780.0,339.0,0.0,0.0,0.0,105,0,2965,0,0.0,0.0,0.0,0.0,0.0,0.0,0.0,0.0,0.0,0.0,0.0,809.0,358.0,0.0,808.0,358.0,0.0,806.0,357.0,0.0,809.0,358.0,,,,33,,Julio,Enciso Espínola,Enciso,has joined Strasbourg permanently.,,0,0,0,0,0,0,0,0,0,0,0,0,0,,,,0.0,0.0,0.0,0.0,0.0,0,0,0
162,u,0.0,0.0,5.4,176,111.0,0,0.0,-1,1.0,0.0,602,228.0,35,0,1.9,362.0,156.0,2,114,0.0,782.0,341.0,0.0,6.5,0.0,16799,0,19838,2,0.0,0.0,1.86,0.88,2.74,13.82,0.24,0.11,0.35,1.76,134.4,338.0,153.0,217.1,167.0,113.0,152.0,199.0,109.0,50.0,274.0,139.0,,,,33,,Brajan,Gruda,Gruda,has joined Leipzig on loan for the rest of the season.,,708,1,1,2,11,0,0,0,2,0,0,8,58,,,,0.0,0.25,1.4,1.02,7.37,14,4,40
163,a,100.0,100.0,5.1,240,144.0,0,0.0,-4,4.0,0.4,277,97.0,61,0,2.9,204.0,82.0,2,218,2.0,115.0,44.0,0.4,12.0,0.0,79483,3,33536,63,0.0,3.5,2.67,1.88,4.55,22.07,0.19,0.14,0.33,1.6,193.0,287.0,123.0,175.0,198.0,129.0,261.0,104.0,64.0,62.6,227.0,113.0,,,,33,,Jack,Hinshelwood,Hinshelwood,,,1244,1,5,4,17,1,0,0,0,0,0,14,98,,,,0.0,0.29,1.23,1.01,7.09,15,31,52
164,a,100.0,100.0,5.5,140,87.0,0,0.0,0,0.0,0.3,302,106.0,14,0,3.5,126.0,56.0,2,42,0.0,788.0,346.0,0.0,2.5,0.0,132778,0,200152,3,0.0,-0.5,1.21,0.18,1.39,2.41,0.59,0.09,0.68,1.17,61.6,406.0,177.0,67.4,321.0,177.0,63.0,314.0,167.0,19.2,388.0,179.0,,,3.0,33,,Matt,O'Riley,O'Riley,,,186,1,0,1,2,0,0,0,0,0,0,2,9,,,,0.0,0.48,0.97,0.97,4.35,4,3,2
165,u,0.0,0.0,5.4,177,112.0,0,0.0,-1,1.0,0.0,738,310.0,0,0,0.0,811.0,360.0,0,0,0.0,783.0,342.0,0.0,0.0,0.0,247,0,2252,0,0.0,0.0,0.0,0.0,0.0,0.0,0.0,0.0,0.0,0.0,0.0,810.0,359.0,0.0,809.0,359.0,0.0,807.0,358.0,0.0,810.0,359.0,,,,33,,Abdallah,Sima,Sima,has joined Lens permanently.,,0,0,0,0,0,0,0,0,0,0,0,0,0,,,,0.0,0.0,0.0,0.0,0.0,0,0,0
166,a,100.0,100.0,4.8,371,231.0,0,0.0,-2,2.0,0.4,278,98.0,93,0,3.7,93.0,38.0,7,389,2.2,103.0,41.0,0.5,19.4,0.0,212324,12,186694,66,0.0,3.9,2.61,1.14,3.75,25.6,0.13,0.06,0.19,1.27,355.2,173.0,66.0,248.3,146.0,98.0,225.0,127.0,76.0,83.1,151.0,79.0,,2.0,,33,,Yasin,Ayari,Ayari,,,1810,3,4,6,21,0,0,0,1,0,0,19,219,,,,0.0,0.3,1.04,0.94,10.89,47,51,121
167,a,100.0,100.0,4.5,459,277.0,0,0.0,-5,5.0,1.5,159,55.0,42,0,1.6,403.0,171.0,0,158,0.5,261.0,120.0,0.1,9.3,0.0,208884,13,560274,43,0.0,0.5,0.56,0.28,0.84,17.06,0.04,0.02,0.06,1.19,101.4,371.0,164.0,93.0,291.0,171.0,29.0,371.0,189.0,22.4,372.0,176.0,,,,33,,Carlos,Baleba,Baleba,,,1290,0,0,4,17,0,0,0,5,0,0,19,154,,,,0.0,0.28,1.19,1.33,10.74,28,51,75
169,a,100.0,100.0,4.9,335,206.0,0,0.0,-1,1.0,1.0,194,70.0,94,0,3.2,172.0,70.0,9,359,2.8,69.0,28.0,0.6,19.2,0.0,223278,16,102352,328,0.0,5.1,5.31,1.7,7.01,27.67,0.24,0.08,0.32,1.24,437.2,122.0,40.0,317.0,101.0,74.0,394.0,57.0,34.0,115.0,80.0,50.0,,5.0,,33,,Diego,Gómez Amarilla,Gomez,,,2015,5,1,8,25,0,0,0,9,0,0,24,225,,,,0.0,0.36,1.12,1.07,10.05,76,46,103
170,d,25.0,25.0,4.9,284,176.0,0,0.0,-1,1.0,0.1,467,161.0,34,0,1.8,375.0,159.0,0,153,0.5,264.0,121.0,0.1,6.9,0.0,19502,0,24419,10,0.0,0.1,1.03,0.65,1.68,11.32,0.13,0.08,0.21,1.43,137.6,336.0,151.0,149.5,221.0,142.0,59.0,323.0,170.0,34.4,332.0,163.0,,,1.0,33,,James,Milner,Milner,Knock - 25% chance of playing,,714,1,1,2,14,0,0,0,2,0,0,6,76,,,,0.0,0.25,1.76,0.76,9.58,14,24,38
171,u,0.0,0.0,4.9,325,201.0,0,0.0,-1,1.0,0.0,714,293.0,0,0,0.0,782.0,340.0,0,0,0.0,718.0,298.0,0.0,0.0,0.0,197,0,2980,0,0.0,0.0,0.0,0.0,0.0,0.0,0.0,0.0,0.0,0.0,0.0,781.0,339.0,0.0,777.0,339.0,0.0,773.0,337.0,0.0,781.0,339.0,,,,33,,Jeremy,Sarmiento Morante,Sarmiento,has joined Middlesbrough on loan for the rest of the season.,,0,0,0,0,0,0,0,0,0,0,0,0,0,,,,0.0,0.0,0.0,0.0,0.0,0,0,0
172,u,0.0,0.0,4.8,373,233.0,0,0.0,-2,2.0,0.0,654,258.0,5,0,0.8,518.0,240.0,0,15,0.0,695.0,282.0,0.0,1.0,0.0,2397,0,4287,1,0.0,0.0,0.04,0.03,0.07,1.72,0.06,0.05,0.11,2.72,6.0,478.0,216.0,2.4,460.0,221.0,7.0,429.0,206.0,1.6,476.0,217.0,,,,33,,Tom,Watson,Watson,has joined Millwall on loan for the rest of the season.,,57,0,0,0,2,0,0,0,1,0,0,0,5,,,,0.0,0.0,3.16,0.0,7.89,1,0,4
173,a,100.0,100.0,4.9,329,204.0,0,0.0,-1,1.0,0.8,217,77.0,89,0,4.0,60.0,27.0,6,374,4.8,14.0,3.0,1.0,18.2,0.0,169518,96,83401,226,0.0,9.1,1.92,1.79,3.71,20.75,0.1,0.1,0.2,1.13,461.8,109.0,35.0,266.6,134.0,91.0,199.0,149.0,84.0,92.8,120.0,68.0,,,,33,,Mats,Wieffer,Wieffer,,,1659,2,4,6,20,0,0,0,7,0,0,19,255,,,,0.0,0.33,1.08,1.03,13.83,64,97,94
174,u,0.0,0.0,5.0,281,174.0,0,0.0,0,0.0,0.0,782,339.0,0,0,0.0,801.0,354.0,0,0,0.0,747.0,319.0,0.0,0.0,0.0,0,0,1267,0,0.0,0.0,0.0,0.0,0.0,0.0,0.0,0.0,0.0,0.0,0.0,800.0,353.0,0.0,798.0,353.0,0.0,793.0,351.0,0.0,800.0,353.0,,,,33,,Malick,Yalcouyé,Yalcouye,Has joined Swansea City on loan for the rest of the season.,,0,0,0,0,0,0,0,0,0,0,0,0,0,,,,0.0,0.0,0.0,0.0,0.0,0,0,0
175,u,0.0,0.0,4.4,561,337.0,0,0.0,-1,1.0,0.1,544,200.0,1,0,1.0,476.0,210.0,0,3,0.0,576.0,197.0,0.0,0.2,0.0,11030,0,15320,0,0.0,0.0,0.0,0.0,0.0,0.0,0.0,0.0,0.0,0.0,0.0,679.0,260.0,0.0,674.0,263.0,0.0,655.0,255.0,0.0,681.0,262.0,,,,33,,Joe,Knight,Knight,has joined Stevenage permanently.,,1,0,0,0,0,0,0,0,0,0,0,0,0,,,,0.0,0.0,0.0,0.0,0.0,0,0,0
176,u,0.0,0.0,4.5,464,282.0,0,0.0,0,0.0,0.0,697,282.0,0,0,0.0,725.0,297.0,0,0,0.0,627.0,232.0,0.0,0.0,0.0,1435,0,4613,0,0.0,0.0,0.0,0.0,0.0,0.0,0.0,0.0,0.0,0.0,0.0,720.0,292.0,0.0,715.0,294.0,0.0,699.0,287.0,0.0,721.0,293.0,,,,33,,Adrian,Mazilu,Mazilu,has joined Dinamo Bucharest permanently.,,0,0,0,0,0,0,0,0,0,0,0,0,0,,,,0.0,0.0,0.0,0.0,0.0,0,0,0
177,u,0.0,0.0,4.5,453,271.0,0,0.0,0,0.0,0.0,710,290.0,0,0,0.0,716.0,288.0,0,0,0.0,618.0,223.0,0.0,0.0,0.0,490,0,5115,0,0.0,0.0,0.0,0.0,0.0,0.0,0.0,0.0,0.0,0.0,0.0,711.0,283.0,0.0,706.0,285.0,0.0,690.0,278.0,0.0,712.0,284.0,,,,33,,Andrew,Moran,Moran,Has joined Los Angeles FC on loan for the rest of the season.,,0,0,0,0,0,0,0,0,0,0,0,0,0,,,,0.0,0.0,0.0,0.0,0.0,0,0,0
178,a,100.0,100.0,6.3,62,21.0,0,0.0,-2,2.0,9.0,41,8.0,108,0,3.5,130.0,11.0,17,439,3.5,41.0,7.0,0.6,17.1,0.0,2844397,383,2269366,2609,0.0,6.5,11.34,1.31,12.65,26.47,0.54,0.06,0.6,1.26,507.6,82.0,6.0,284.9,124.0,7.0,667.0,21.0,12.0,145.3,37.0,9.0,,4.0,2.0,33,,Danny,Welbeck,Welbeck,,,1891,12,0,8,22,0,0,2,5,0,0,21,94,,,,0.0,0.38,1.05,1.0,4.47,20,33,41
179,u,0.0,0.0,5.5,148,36.0,0,0.0,0,0.0,0.0,759,92.0,0,0,0.0,815.0,89.0,0,0,0.0,790.0,85.0,0.0,0.0,0.0,0,0,1561,0,0.0,0.0,0.0,0.0,0.0,0.0,0.0,0.0,0.0,0.0,0.0,814.0,89.0,0.0,813.0,89.0,0.0,811.0,89.0,0.0,814.0,89.0,,,,33,,Evan,Ferguson,Ferguson,Has joined AS Roma on loan for the rest of the season,,0,0,0,0,0,0,0,0,0,0,0,0,0,,,,0.0,0.0,0.0,0.0,0.0,0,0,0
180,i,0.0,0.0,5.2,218,51.0,0,0.0,-3,3.0,0.1,535,74.0,16,0,1.8,380.0,43.0,0,55,0.0,762.0,82.0,0.0,3.1,0.0,13432,2,23440,3,0.0,0.0,0.44,0.11,0.55,2.59,0.3,0.08,0.38,1.77,66.6,401.0,45.0,65.7,325.0,37.0,44.0,343.0,54.0,17.7,392.0,49.0,,,,33,,Stefanos,Tzimas,Tzimas,Knee injury - Expected back 01 Jun,,132,1,1,0,2,0,0,0,0,0,0,1,15,,,,0.0,0.0,1.36,0.68,10.23,3,2,10
181,a,,,4.8,375,64.0,0,0.0,-2,2.0,0.3,306,47.0,30,0,1.9,353.0,39.0,3,117,0.0,696.0,74.0,0.0,6.2,0.0,56723,2,78642,7,0.0,-0.5,1.7,0.23,1.93,4.62,0.52,0.07,0.59,1.42,129.6,343.0,33.0,80.0,309.0,35.0,192.0,159.0,37.0,40.1,310.0,34.0,,,,33,,Charalampos,Kostoulas,Kostoulas,,,292,2,1,1,7,0,0,0,2,0,0,2,38,,,,0.0,0.31,2.16,0.62,11.71,11,5,22
744,a,,,4.5,469,285.0,0,0.0,0,0.0,0.0,718,297.0,1,0,1.0,482.0,215.0,0,3,0.0,631.0,235.0,0.0,0.2,0.0,3025,2,2249,2,0.0,-0.5,0.0,0.0,0.0,0.0,0.0,0.0,0.0,0.0,0.0,724.0,295.0,0.0,718.0,296.0,0.0,703.0,290.0,0.0,725.0,296.0,,,,33,,Nehemiah,Oriola,Oriola,,,1,0,0,0,0,0,0,0,0,0,0,0,0,,,,0.0,0.0,0.0,0.0,0.0,0,0,0
761,a,,,4.0,730,202.0,0,0.0,0,0.0,0.0,694,244.0,0,0,0.0,631.0,241.0,0,0,0.0,476.0,188.0,0.0,0.0,0.0,1242,1,938,0,0.0,-0.5,0.0,0.0,0.0,0.0,0.0,0.0,0.0,0.0,0.0,622.0,241.0,0.0,614.0,241.0,0.0,584.0,238.0,0.0,624.0,241.0,,,,33,,Freddie,Simmonds,Simmonds,,,0,0,0,0,0,0,0,0,0,0,0,0,0,,,,0.0,0.0,0.0,0.0,0.0,0,0,0
783,a,,,5.5,133,82.0,0,0.0,0,0.0,1.9,141,47.0,49,0,3.8,82.0,35.0,4,250,2.0,119.0,45.0,0.4,8.9,0.0,313338,24,55292,324,0.0,3.5,0.78,2.59,3.37,13.2,0.06,0.21,0.27,1.08,276.6,223.0,94.0,423.3,58.0,47.0,113.0,245.0,134.0,81.3,156.0,82.0,1.0,,,33,,Pascal,Groß,Groß,,,1096,1,3,4,8,0,0,0,2,0,0,12,106,,,,0.0,0.33,0.66,0.99,8.7,21,33,52
795,a,,,4.5,493,304.0,0,0.0,0,0.0,0.0,768,328.0,4,0,1.3,432.0,191.0,0,11,0.0,655.0,254.0,0.0,0.9,0.0,907,0,415,0,0.0,-0.5,0.0,0.03,0.03,1.04,0.0,0.03,0.03,1.02,10.2,466.0,207.0,5.1,446.0,216.0,2.0,452.0,222.0,1.8,473.0,215.0,,,,33,,Harry,Howell,Howell,,,92,0,0,0,2,0,0,0,0,0,0,1,7,,,,0.0,0.0,1.96,0.98,6.85,1,3,3
220,a,100.0,100.0,4.8,355,13.0,0,0.0,-2,2.0,12.5,28,5.0,104,0,3.5,120.0,16.0,7,469,1.0,183.0,18.0,0.2,21.7,0.0,1750819,35,3064393,1046,0.0,2.5,0.0,0.04,0.04,40.6,0.0,0.0,0.0,1.4,714.8,25.0,7.0,50.0,352.0,1.0,0.0,756.0,85.0,76.0,171.0,4.0,,,,33,,Robert,Lynch Sánchez,Sánchez,,,2614,0,1,9,39,0,0,0,3,1,85,30,89,,,,2.93,0.31,1.34,1.03,0.0,2,24,261
221,d,25.0,25.0,4.3,603,27.0,0,0.0,-2,2.0,0.2,401,57.0,6,0,2.0,337.0,32.0,0,35,0.0,531.0,84.0,0.0,1.4,0.0,16383,0,28590,3,0.0,0.1,0.0,0.0,0.0,3.56,0.0,0.0,0.0,1.21,59.6,407.0,31.0,0.0,643.0,83.0,0.0,620.0,72.0,5.9,445.0,31.0,,,,33,,Filip,Jörgensen,Jörgensen,Groin Injury - 25% chance of playing,,264,0,0,0,4,0,0,0,0,0,6,2,7,,,,2.05,0.0,1.36,0.68,0.0,0,3,23
222,u,0.0,0.0,4.0,714,63.0,0,0.0,0,0.0,0.0,802,91.0,0,0,0.0,616.0,84.0,0,0,0.0,460.0,75.0,0.0,0.0,0.0,0,0,343,0,0.0,0.0,0.0,0.0,0.0,0.0,0.0,0.0,0.0,0.0,0.0,607.0,84.0,0.0,599.0,72.0,0.0,569.0,59.0,0.0,609.0,84.0,,,,33,,Mike,Penders,Penders,Has joined RC Strasbourg on loan for the rest of the season.,,0,0,0,0,0,0,0,0,0,0,0,0,0,,,,0.0,0.0,0.0,0.0,0.0,0,0,0
223,a,,,3.9,767,82.0,0,0.0,-1,1.0,0.1,471,69.0,0,0,0.0,561.0,54.0,0,0,0.0,394.0,43.0,0.0,0.0,0.0,10210,0,13164,2,0.0,0.5,0.0,0.0,0.0,0.0,0.0,0.0,0.0,0.0,0.0,551.0,54.0,0.0,538.0,37.0,0.0,506.0,24.0,0.0,553.0,54.0,,,,33,,Gabriel,Słonina,Slonina,,,0,0,0,0,0,0,0,0,0,0,0,0,0,,,,0.0,0.0,0.0,0.0,0.0,0,0,0
224,a,100.0,100.0,6.0,86,5.0,0,0.0,0,0.0,15.5,20,7.0,94,0,3.4,150.0,58.0,5,430,0.2,340.0,107.0,0.0,15.7,0.0,3025292,215,3765231,817,0.0,0.9,2.26,3.02,5.28,32.85,0.09,0.13,0.22,1.36,491.2,91.0,40.0,482.9,39.0,4.0,253.0,109.0,13.0,122.8,63.0,10.0,,,,33,,Marc,Cucurella Saseta,Cucurella,,,2166,1,3,9,28,0,0,0,6,1,0,25,195,,,,0.0,0.37,1.16,1.04,6.57,46,112,93
225,d,25.0,25.0,5.6,128,12.0,0,0.0,1,-1.0,6.3,62,21.0,113,0,4.2,49.0,19.0,11,479,0.0,793.0,264.0,0.0,20.2,0.0,2188331,3,2202415,561,0.0,0.1,1.02,3.15,4.17,28.24,0.05,0.15,0.2,1.34,446.4,119.0,53.0,480.8,42.0,5.0,109.0,253.0,68.0,103.8,93.0,24.0,1.0,1.0,,33,,Reece,James,James,Hamstring injury - 25% chance of playing,,1892,2,6,8,20,0,0,0,4,0,0,20,163,,,,0.0,0.38,0.95,0.95,5.9,47,77,95
226,d,75.0,75.0,5.4,158,18.0,0,0.0,4,-4.0,10.1,34,12.0,131,0,4.5,30.0,12.0,7,493,0.0,771.0,260.0,0.0,24.3,0.0,4820433,7,3950831,1052,0.0,0.4,1.3,1.01,2.31,36.15,0.05,0.04,0.09,1.28,673.4,36.0,13.0,96.3,282.0,87.0,154.0,196.0,49.0,92.3,123.0,36.0,,,,33,,Trevoh,Chalobah,Chalobah,Lack of match fitness - 75% chance of playing,,2550,3,1,9,34,0,0,0,3,1,0,29,281,,,,0.0,0.32,1.2,1.02,8.79,35,214,108
227,d,25.0,25.0,4.7,389,66.0,0,0.0,-3,3.0,0.1,478,174.0,0,0,0.0,767.0,262.0,0,0,0.0,687.0,248.0,0.0,0.0,0.0,1308,3,30810,1,0.0,0.1,0.0,0.0,0.0,0.0,0.0,0.0,0.0,0.0,0.0,766.0,262.0,0.0,761.0,262.0,0.0,752.0,262.0,0.0,766.0,262.0,,,,33,,Levi,Samuels Colwill,Colwill,Lack of match fitness - 25% chance of playing,,0,0,0,0,0,0,0,0,0,0,0,0,0,,,,0.0,0.0,0.0,0.0,0.0,0,0,0
228,a,100.0,100.0,4.9,330,54.0,0,0.0,-1,1.0,2.1,133,53.0,92,0,3.2,171.0,68.0,7,366,0.5,265.0,87.0,0.1,18.8,0.0,550246,28,514781,274,0.0,1.5,1.46,1.89,3.35,30.32,0.07,0.09,0.16,1.5,372.4,162.0,69.0,312.6,105.0,24.0,170.0,179.0,42.0,85.6,146.0,48.0,,,,33,,Malo,Gusto,Gusto,,,1821,2,3,7,26,0,0,0,2,1,0,21,133,,,,0.0,0.35,1.29,1.04,5.09,47,56,102
229,a,100.0,100.0,4.4,537,113.0,0,0.0,-1,1.0,0.0,646,232.0,7,0,0.9,510.0,175.0,0,48,0.0,557.0,231.0,0.0,1.6,0.0,9047,1,9729,1,0.0,0.5,0.0,0.06,0.06,7.41,0.0,0.01,0.01,1.42,102.8,367.0,140.0,7.9,437.0,156.0,2.0,448.0,168.0,11.4,421.0,150.0,,,,33,,Benoît,Badiashile Mukinayi,B.Badiashile,,,470,0,0,0,10,0,0,0,2,0,0,6,51,,,,0.0,0.0,1.91,1.15,9.19,7,41,16
230,a,100.0,100.0,4.4,541,116.0,0,0.0,-1,1.0,0.4,279,105.0,58,0,2.9,201.0,81.0,3,255,1.2,167.0,59.0,0.3,13.2,0.0,135416,7,115448,67,0.0,2.9,0.6,0.58,1.18,20.61,0.04,0.04,0.08,1.36,402.4,143.0,63.0,62.0,331.0,112.0,44.0,340.0,110.0,50.8,270.0,88.0,,,,33,,Wesley,Fofana,Fofana,,,1362,0,1,4,19,0,0,0,4,1,0,15,182,,,,0.0,0.26,1.26,0.99,11.5,19,155,65
231,a,100.0,100.0,4.5,479,96.0,0,0.0,0,0.0,0.0,662,234.0,2,0,1.0,484.0,173.0,0,1,0.0,641.0,245.0,0.0,0.4,0.0,3404,3,3574,2,0.0,0.5,0.35,0.0,0.35,1.42,0.35,0.0,0.35,1.4,6.2,476.0,171.0,0.1,491.0,177.0,7.0,428.0,163.0,1.3,484.0,170.0,,,,33,,Mamadou,Sarr,M.Sarr,,,91,0,0,0,3,0,0,0,0,0,0,1,8,,,,0.0,0.0,2.97,0.99,7.91,1,7,2
232,a,100.0,100.0,4.0,667,163.0,0,0.0,-5,5.0,0.3,345,125.0,34,0,2.3,294.0,107.0,2,129,0.2,322.0,104.0,0.0,8.5,0.0,109215,3,223268,9,0.0,0.9,0.11,0.4,0.5,12.16,0.01,0.05,0.06,1.47,232.0,256.0,104.0,32.5,380.0,135.0,19.0,390.0,139.0,28.4,352.0,120.0,,,,33,,Tosin,Adarabioyo,Tosin,,,743,0,0,2,12,0,0,0,2,0,0,7,108,,,,0.0,0.24,1.45,0.85,11.39,15,79,19
233,a,100.0,100.0,3.7,824,266.0,0,0.0,-3,3.0,1.7,151,58.0,34,0,2.6,242.0,93.0,5,102,0.2,319.0,101.0,0.1,9.2,0.0,611339,47,522842,128,0.0,0.9,0.6,0.13,0.73,14.08,0.09,0.02,0.11,2.23,127.2,345.0,131.0,39.6,367.0,132.0,66.0,306.0,94.0,23.3,368.0,126.0,,,,33,,Josh,Acheampong,Acheampong,,,569,1,0,2,12,0,0,0,1,0,0,7,57,,,,0.0,0.32,1.9,1.11,6.49,10,31,23
234,u,0.0,0.0,4.0,735,207.0,0,0.0,0,0.0,0.1,578,207.0,0,0,0.0,635.0,245.0,0,0,0.0,481.0,193.0,0.0,0.0,0.0,1262,0,10264,0,0.0,0.0,0.0,0.0,0.0,0.0,0.0,0.0,0.0,0.0,0.0,626.0,245.0,0.0,618.0,245.0,0.0,588.0,242.0,0.0,628.0,245.0,,,,33,,Aarón,Anselmino,Anselmino,has joined Strasbourg on loan for the rest of the season.,,0,0,0,0,0,0,0,0,0,0,0,0,0,,,,0.0,0.0,0.0,0.0,0.0,0,0,0
235,a,100.0,100.0,10.5,3,2.0,0,0.0,0,0.0,19.4,17,6.0,100,0,4.8,23.0,9.0,9,371,1.5,144.0,60.0,0.1,9.5,0.0,3258103,184,7546311,3483,0.0,3.5,8.87,2.1,10.97,24.72,0.53,0.13,0.66,1.48,472.2,102.0,34.0,330.3,95.0,70.0,454.0,40.0,23.0,125.5,62.0,39.0,,3.0,1.0,33,,Cole,Palmer,Palmer,,,1506,9,2,3,25,0,0,0,4,0,0,19,116,,,,0.0,0.18,1.49,1.14,6.93,20,25,71
236,a,100.0,100.0,7.0,37,22.0,0,0.0,0,0.0,4.6,83,27.0,110,0,3.7,100.0,44.0,8,478,1.0,211.0,100.0,0.1,15.7,0.0,2022257,39,2016420,454,0.0,2.5,4.38,5.84,10.22,31.88,0.17,0.23,0.4,1.25,455.6,114.0,37.0,732.0,11.0,11.0,456.0,39.0,22.0,164.6,25.0,21.0,2.0,4.0,,33,,Pedro,Lomba Neto,Neto,,,2297,5,5,11,26,0,0,0,2,1,0,26,111,,,,0.0,0.43,1.02,1.02,4.35,15,17,79
237,a,100.0,100.0,6.5,51,32.0,0,0.0,0,0.0,12.6,27,10.0,129,0,4.3,44.0,18.0,14,579,0.5,286.0,133.0,0.1,19.8,0.0,5609412,108,4741211,1641,0.0,1.5,10.39,5.98,16.37,36.29,0.36,0.21,0.57,1.27,688.0,32.0,8.0,817.5,6.0,6.0,671.0,20.0,9.0,217.7,5.0,3.0,3.0,2.0,2.0,33,,Enzo,Fernández,Enzo,,,2577,8,4,8,35,0,0,0,8,0,0,29,211,,,,0.0,0.28,1.22,1.01,7.37,48,45,118
238,a,100.0,100.0,6.4,61,40.0,0,0.0,-1,1.0,1.8,143,49.0,57,0,2.7,240.0,99.0,4,168,0.5,284.0,131.0,0.1,8.9,0.0,873277,35,915976,60,0.0,1.5,2.82,2.14,4.96,10.26,0.31,0.23,0.54,1.12,183.4,293.0,128.0,230.9,163.0,109.0,293.0,95.0,58.0,70.5,197.0,98.0,4.0,,3.0,33,,Estêvão,Almeida de Oliveira Gonçalves,Estêvão,,,824,2,5,4,11,0,0,0,4,0,0,11,56,,,,0.0,0.44,1.2,1.2,6.12,11,9,36
239,d,25.0,25.0,6.0,87,56.0,0,0.0,-5,5.0,0.1,484,169.0,25,0,1.6,408.0,176.0,0,99,0.0,804.0,355.0,0.0,4.2,0.0,17208,0,42123,1,0.0,0.1,0.81,0.94,1.75,8.89,0.15,0.17,0.32,1.65,93.0,378.0,167.0,130.4,243.0,153.0,91.0,274.0,149.0,31.3,340.0,165.0,,,,33,,Jamie,Bynoe-Gittens,Gittens,Hamstring injury - 25% chance of playing,,486,0,2,1,7,0,0,0,0,0,0,5,29,,,,0.0,0.19,1.3,0.93,5.37,8,6,15
240,u,0.0,0.0,5.9,93,61.0,0,0.0,-1,1.0,0.1,526,190.0,0,0,0.0,816.0,364.0,0,0,0.0,799.0,350.0,0.0,0.0,0.0,2668,0,23785,0,0.0,0.0,0.0,0.0,0.0,0.0,0.0,0.0,0.0,0.0,0.0,816.0,364.0,0.0,816.0,364.0,0.0,815.0,364.0,0.0,816.0,364.0,,,,33,,Christopher,Nkunku,Nkunku,has joined AC Milan permanently.,,0,0,0,0,0,0,0,0,0,0,0,0,0,,,,0.0,0.0,0.0,0.0,0.0,0,0,0
241,a,100.0,100.0,5.7,117,74.0,0,0.0,2,-2.0,7.5,53,19.0,98,0,3.6,108.0,49.0,10,489,1.0,201.0,92.0,0.2,17.2,0.0,3284001,49,3245135,354,0.0,2.5,1.33,2.05,3.38,34.01,0.05,0.08,0.13,1.35,494.0,89.0,30.0,311.2,106.0,78.0,114.0,243.0,132.0,91.7,128.0,72.0,,,,33,,Moisés,Caicedo Corozo,Caicedo,,,2262,3,1,6,36,0,0,0,9,1,0,26,309,,,,0.0,0.24,1.43,1.03,12.29,77,88,144
244,a,100.0,100.0,4.9,336,207.0,0,0.0,-1,1.0,0.0,692,280.0,9,0,1.0,496.0,226.0,0,52,0.5,266.0,122.0,0.1,1.8,0.0,3086,2,4817,1,0.0,1.5,0.14,0.45,0.59,4.65,0.05,0.17,0.22,1.72,25.6,444.0,197.0,36.6,373.0,190.0,11.0,411.0,203.0,7.3,437.0,197.0,,,,33,,Roméo,Lavia,Lavia,,,243,0,0,0,5,0,0,0,0,0,0,2,28,,,,0.0,0.0,1.85,0.74,10.37,5,8,15
245,s,0.0,0.0,4.9,328,203.0,0,0.0,-1,1.0,0.0,750,318.0,0,0,0.0,784.0,341.0,0,0,0.0,721.0,300.0,0.0,0.0,0.0,1084,0,1366,1,0.0,0.0,0.0,0.0,0.0,0.0,0.0,0.0,0.0,0.0,0.0,783.0,340.0,0.0,779.0,340.0,0.0,775.0,338.0,0.0,783.0,340.0,,,,33,,Mykhailo,Mudryk,Mudryk,Suspended - unknown return date,,0,0,0,0,0,0,0,0,0,0,0,0,0,,,,0.0,0.0,0.0,0.0,0.0,0,0,0
246,a,100.0,100.0,4.5,458,276.0,0,0.0,0,0.0,0.3,329,115.0,34,0,1.4,423.0,185.0,0,186,0.8,218.0,102.0,0.2,7.6,0.0,79200,2,87169,10,0.0,2.1,1.75,0.83,2.58,16.63,0.15,0.07,0.22,1.41,171.2,303.0,133.0,139.0,234.0,150.0,65.0,307.0,163.0,37.5,317.0,156.0,,,,33,,Andrey,Nascimento dos Santos,Andrey Santos,,,1063,0,0,1,16,0,0,0,4,0,0,11,113,,,,0.0,0.08,1.35,0.93,9.57,29,44,40
247,a,100.0,100.0,4.3,597,351.0,0,0.0,-2,2.0,0.1,561,206.0,0,0,0.0,655.0,246.0,0,0,0.0,525.0,169.0,0.0,0.0,0.0,13681,1,14950,1,0.0,0.5,0.0,0.0,0.0,0.26,0.0,0.0,0.0,2.92,4.6,480.0,218.0,0.3,482.0,234.0,0.0,615.0,228.0,0.5,496.0,227.0,,,,33,,Dário,Luís Essugo,D.Essugo,,,8,0,0,0,0,0,0,0,1,0,0,0,4,,,,0.0,0.0,0.0,0.0,45.0,3,1,0
248,u,0.0,0.0,4.5,499,309.0,0,0.0,0,0.0,0.0,788,343.0,0,0,0.0,749.0,315.0,0,0,0.0,661.0,259.0,0.0,0.0,0.0,0,0,952,0,0.0,0.0,0.0,0.0,0.0,0.0,0.0,0.0,0.0,0.0,0.0,748.0,314.0,0.0,741.0,314.0,0.0,728.0,310.0,0.0,748.0,314.0,,,,33,,Kendry,Páez Andrade,Paez,has joined River Plate on loan for the rest of the season.,,0,0,0,0,0,0,0,0,0,0,0,0,0,,,,0.0,0.0,0.0,0.0,0.0,0,0,0
249,a,,,7.7,19,6.0,0,0.0,2,-2.0,51.0,3,2.0,166,0,5.2,10.0,2.0,28,676,1.0,212.0,27.0,0.1,21.6,0.0,8940256,1088,9101309,8954,0.0,2.5,13.69,1.89,15.58,32.8,0.52,0.07,0.59,1.24,720.4,22.0,4.0,437.8,55.0,2.0,828.0,6.0,5.0,198.2,12.0,4.0,,,,33,,João Pedro,Junqueira de Jesus,João Pedro,,,2388,14,9,10,30,0,0,0,4,0,0,28,127,,,,0.0,0.38,1.13,1.06,4.79,25,36,66
250,a,100.0,100.0,6.2,76,24.0,0,0.0,-3,3.0,0.9,200,29.0,39,0,1.7,397.0,48.0,1,118,0.5,281.0,37.0,0.1,6.3,0.0,110616,4,469025,10,0.0,1.5,3.97,0.2,4.16,11.79,0.45,0.02,0.47,1.34,65.4,402.0,46.0,56.7,340.0,40.0,311.0,88.0,28.0,42.4,300.0,33.0,,,,33,,Liam,Delap,Delap,,,793,1,2,2,13,0,0,0,2,0,0,9,34,,,,0.0,0.23,1.48,1.02,3.86,4,11,19
251,u,0.0,0.0,6.5,54,19.0,0,0.0,0,0.0,0.1,539,75.0,0,0,0.0,822.0,92.0,0,0,0.0,815.0,92.0,0.0,0.0,0.0,4962,0,15392,0,0.0,0.0,0.0,0.0,0.0,0.0,0.0,0.0,0.0,0.0,0.0,822.0,92.0,0.0,822.0,92.0,0.0,822.0,92.0,0.0,822.0,92.0,,,,33,,Nicolas,Jackson,N.Jackson,has joined Bayern Munich on loan for the rest of the season.,,0,0,0,0,0,0,0,0,0,0,0,0,0,,,,0.0,0.0,0.0,0.0,0.0,0,0,0
252,a,100.0,100.0,4.0,699,92.0,0,0.0,-5,5.0,5.1,76,15.0,12,0,1.3,429.0,52.0,0,19,0.0,446.0,48.0,0.0,3.0,0.0,1243563,92,2827534,135,0.0,0.5,1.46,0.29,1.75,5.65,0.53,0.11,0.64,2.06,24.6,446.0,53.0,38.8,368.0,46.0,81.0,287.0,49.0,12.6,411.0,53.0,,,,33,,Marc,Guiu Paz,Marc Guiu,,,247,0,1,0,2,0,0,0,1,0,0,1,7,,,,0.0,0.0,0.73,0.36,2.55,0,4,3
453,a,,,6.4,60,39.0,0,0.0,-1,1.0,0.5,276,96.0,52,0,2.5,277.0,118.0,3,203,0.2,341.0,163.0,0.0,8.1,0.0,244188,10,235449,30,0.0,0.9,3.1,3.6,6.7,19.36,0.24,0.28,0.52,1.53,196.4,283.0,120.0,367.8,73.0,56.0,354.0,70.0,41.0,90.8,130.0,73.0,,,,33,,Alejandro,Garnacho Ferreyra,Garnacho,,,1141,1,4,4,17,0,0,0,2,0,0,14,62,,,,0.0,0.32,1.34,1.1,4.89,13,9,40
672,a,100.0,100.0,4.6,405,72.0,0,0.0,-4,4.0,0.2,386,143.0,13,0,0.8,517.0,179.0,0,49,0.5,262.0,85.0,0.1,2.8,0.0,20453,10,42068,9,0.0,1.5,0.3,0.49,0.79,12.41,0.04,0.06,0.1,1.53,145.0,330.0,126.0,95.5,284.0,88.0,32.0,364.0,123.0,27.2,356.0,122.0,,,,33,,Jorrel,Hato,Hato,,,728,0,0,0,19,0,0,0,4,0,0,7,69,,,,0.0,0.0,2.35,0.87,7.91,24,40,30
743,a,,,4.5,500,310.0,0,0.0,0,0.0,0.0,728,302.0,0,0,0.0,750.0,316.0,0,0,0.0,662.0,260.0,0.0,0.0,0.0,1566,0,1444,0,0.0,0.5,0.0,0.0,0.0,0.0,0.0,0.0,0.0,0.0,0.0,749.0,315.0,0.0,742.0,315.0,0.0,729.0,311.0,0.0,749.0,315.0,,,,33,,Landon,Emenalo,Emenalo,,,0,0,0,0,0,0,0,0,0,0,0,0,0,,,,0.0,0.0,0.0,0.0,0.0,0,0,0
789,a,,,4.0,709,62.0,0,0.0,0,0.0,0.0,755,86.0,0,0,0.0,612.0,83.0,0,0,0.0,455.0,74.0,0.0,0.0,0.0,472,0,380,0,0.0,0.5,0.0,0.0,0.0,0.0,0.0,0.0,0.0,0.0,0.0,603.0,83.0,0.0,595.0,71.0,0.0,564.0,58.0,0.0,605.0,83.0,,,,33,,Max,Merrick,Merrick,,,0,0,0,0,0,0,0,0,0,0,0,0,0,,,,0.0,0.0,0.0,0.0,0.0,0,0,0
803,a,,,4.0,702,58.0,0,0.0,0,0.0,0.0,776,90.0,0,0,0.0,608.0,80.0,0,0,0.0,449.0,71.0,0.0,0.0,0.0,230,1,175,0,0.0,0.5,0.0,0.0,0.0,0.0,0.0,0.0,0.0,0.0,0.0,599.0,80.0,0.0,590.0,67.0,0.0,559.0,54.0,0.0,601.0,80.0,,,,33,,Teddy,Sharman-Lowe,Sharman-Lowe,,,0,0,0,0,0,0,0,0,0,0,0,0,0,,,,0.0,0.0,0.0,0.0,0.0,0,0,0
253,a,,,5.1,223,7.0,0,0.0,1,-1.0,8.1,47,8.0,117,0,3.9,68.0,9.0,7,490,1.0,192.0,19.0,0.2,22.9,0.0,1151239,182,1038448,237,0.5,1.0,0.0,0.1,0.1,40.17,0.0,0.0,0.0,1.34,706.8,27.0,9.0,10.0,434.0,13.0,0.0,796.0,91.0,71.6,190.0,9.0,,,,33,,Dean,Henderson,Henderson,,,2700,0,0,10,36,0,1,0,3,0,88,30,80,,,,2.93,0.33,1.2,1.0,0.0,0,45,246
254,a,100.0,100.0,3.9,750,73.0,0,0.0,-1,1.0,0.3,309,42.0,7,0,7.0,1.0,1.0,0,29,0.0,381.0,34.0,0.0,1.8,0.0,20711,3,33432,5,-0.5,0.0,0.0,0.0,0.0,1.12,0.0,0.0,0.0,1.12,22.8,447.0,33.0,0.0,526.0,28.0,0.0,494.0,15.0,2.3,470.0,33.0,,,,33,,Walter,Benítez,Benitez,,,90,0,0,1,0,0,0,0,0,0,3,1,0,,,,3.0,1.0,0.0,1.0,0.0,0,1,9
255,a,,,3.9,753,76.0,0,0.0,-1,1.0,0.1,482,72.0,0,0,0.0,552.0,48.0,0,0,0.0,384.0,37.0,0.0,0.0,0.0,6294,1,9110,0,-0.5,0.0,0.0,0.0,0.0,0.0,0.0,0.0,0.0,0.0,0.0,542.0,48.0,0.0,529.0,31.0,0.0,497.0,18.0,0.0,544.0,48.0,,,,33,,Remi,Matthews,Matthews,,,0,0,0,0,0,0,0,0,0,0,0,0,0,,,,0.0,0.0,0.0,0.0,0.0,0,0,0
256,a,100.0,100.0,5.8,105,6.0,0,0.0,3,-3.0,7.5,54,17.0,113,0,5.1,11.0,3.0,8,399,2.0,124.0,49.0,0.3,19.5,0.0,3768178,694,3959726,156,1.5,2.0,2.26,3.38,5.64,25.6,0.11,0.16,0.27,1.23,460.8,112.0,49.0,309.3,108.0,26.0,344.0,75.0,7.0,111.3,84.0,19.0,,,,33,,Daniel,Muñoz Mejía,Muñoz,,,1869,3,3,9,21,0,0,0,5,0,0,22,194,,,,0.0,0.43,1.01,1.06,7.42,55,99,83
257,d,75.0,75.0,5.1,231,33.0,0,0.0,1,-1.0,4.8,79,25.0,132,0,4.6,26.0,10.0,8,454,2.0,114.0,44.0,0.4,25.9,0.0,1716972,57,1335761,482,1.1,1.5,2.14,0.75,2.89,36.47,0.07,0.03,0.1,1.27,678.0,34.0,12.0,82.0,306.0,98.0,250.0,113.0,15.0,101.0,98.0,28.0,,,,33,,Maxence,Lacroix,Lacroix,Knee injury - 75% chance of playing,,2575,1,2,10,35,0,0,0,3,1,0,29,337,,,,0.0,0.35,1.22,1.01,10.83,52,258,81
258,a,,,5.0,255,40.0,0,0.0,0,0.0,2.2,131,52.0,119,0,3.8,80.0,30.0,7,431,2.5,84.0,28.0,0.5,23.8,0.0,494658,319,409321,58,2.0,2.5,1.06,2.18,3.24,41.29,0.03,0.07,0.1,1.35,539.2,70.0,34.0,392.6,70.0,14.0,189.0,161.0,34.0,112.2,83.0,18.0,,,,33,,Tyrick,Mitchell,Mitchell,,,2758,1,2,11,36,0,0,0,5,0,0,31,251,,,,0.0,0.36,1.17,1.01,6.62,83,120,147
259,a,100.0,100.0,4.8,357,60.0,0,0.0,-2,2.0,0.1,446,167.0,6,0,1.0,492.0,174.0,0,13,0.5,263.0,86.0,0.1,1.2,0.0,12037,5,18989,3,0.0,0.5,0.0,0.06,0.06,0.83,0.0,0.1,0.1,1.38,11.2,462.0,168.0,12.5,421.0,152.0,4.0,438.0,164.0,2.8,465.0,168.0,,,,33,,Borna,Sosa,Sosa,,,54,0,0,0,1,0,0,0,0,0,0,0,8,,,,0.0,0.0,1.67,0.0,11.67,3,4,1
261,a,100.0,100.0,4.4,539,115.0,0,0.0,-1,1.0,2.4,127,50.0,116,0,4.3,43.0,17.0,5,425,1.0,177.0,60.0,0.2,26.4,0.0,1006286,150,889471,114,0.5,1.0,1.14,1.44,2.58,34.72,0.04,0.05,0.09,1.29,645.2,41.0,17.0,150.2,220.0,58.0,140.0,214.0,54.0,93.8,115.0,32.0,,,,33,,Chris,Richards,Richards,,,2422,1,0,10,32,0,0,0,3,0,0,27,286,,,,0.0,0.37,1.19,1.0,10.18,51,223,55
262,a,100.0,100.0,4.0,707,184.0,0,0.0,0,0.0,0.0,586,210.0,14,0,2.3,295.0,108.0,0,58,0.0,453.0,170.0,0.0,3.5,0.0,6667,2,4498,3,-0.5,0.0,0.11,0.05,0.16,4.33,0.03,0.01,0.04,1.25,63.8,403.0,152.0,21.3,396.0,142.0,14.0,399.0,145.0,9.9,423.0,151.0,,,,33,,Chadi,Riad Dnanou,Chadi Riad,,,312,0,1,1,3,0,0,0,2,0,0,3,18,,,,0.0,0.29,0.87,0.87,5.19,4,14,12
263,a,100.0,100.0,3.8,789,234.0,0,0.0,-2,2.0,0.5,265,100.0,15,0,1.9,346.0,125.0,2,49,0.0,351.0,116.0,0.0,3.9,0.0,92266,6,111399,4,-0.5,0.0,0.43,0.6,1.03,7.31,0.08,0.11,0.19,1.33,80.6,390.0,147.0,53.5,345.0,121.0,33.0,361.0,120.0,16.6,395.0,142.0,,,,33,,Nathaniel,Clyne,Clyne,,,494,0,1,0,9,0,0,0,1,0,0,6,39,,,,0.0,0.0,1.64,1.09,7.11,14,25,16
264,u,0.0,0.0,4.0,670,164.0,0,0.0,0,0.0,0.0,706,249.0,0,0,0.0,583.0,212.0,0,0,0.0,419.0,152.0,0.0,0.0,0.0,0,0,3933,0,0.0,0.0,0.0,0.0,0.0,0.0,0.0,0.0,0.0,0.0,0.0,573.0,211.0,0.0,563.0,211.0,0.0,532.0,207.0,0.0,575.0,211.0,,,,33,,Rob,Holding,Holding,Has joined Colorado Rapids permanently.,,0,0,0,0,0,0,0,0,0,0,0,0,0,,,,0.0,0.0,0.0,0.0,0.0,0,0,0
265,a,100.0,100.0,4.0,726,198.0,0,0.0,0,0.0,0.0,695,245.0,0,0,0.0,628.0,238.0,0,0,0.0,472.0,184.0,0.0,0.0,0.0,996,0,2471,1,-0.5,0.0,0.0,0.0,0.0,0.0,0.0,0.0,0.0,0.0,0.0,619.0,238.0,0.0,611.0,238.0,0.0,581.0,235.0,0.0,621.0,238.0,,,,33,,Caleb,Kporha,Kporha,,,0,0,0,0,0,0,0,0,0,0,0,0,0,,,,0.0,0.0,0.0,0.0,0.0,0,0,0
267,a,100.0,100.0,6.3,70,46.0,0,0.0,-2,2.0,3.8,97,32.0,94,0,4.5,33.0,13.0,9,289,0.5,282.0,130.0,0.1,14.9,0.0,2748662,366,2889073,157,0.0,0.5,8.04,0.77,8.8,24.79,0.41,0.04,0.45,1.27,381.4,156.0,56.0,204.6,173.0,114.0,409.0,52.0,30.0,99.7,100.0,56.0,,,3.0,33,,Ismaïla,Sarr,Sarr,,,1752,7,1,9,19,0,0,0,2,0,0,20,118,,,,0.0,0.46,0.98,1.03,6.06,18,36,64
268,i,0.0,0.0,4.9,323,200.0,0,0.0,-1,1.0,0.0,800,354.0,0,0,0.0,781.0,339.0,0,0,0.0,717.0,297.0,0.0,0.0,0.0,479,0,696,1,0.0,0.0,0.0,0.0,0.0,0.0,0.0,0.0,0.0,0.0,0.0,780.0,338.0,0.0,776.0,338.0,0.0,772.0,336.0,0.0,780.0,338.0,,,,33,,Cheick,Doucouré,Doucouré,Lack of match fitness - Expected back 01 Jun,,0,0,0,0,0,0,0,0,0,0,0,0,0,,,,0.0,0.0,0.0,0.0,0.0,0,0,0
269,u,0.0,0.0,4.7,396,247.0,0,0.0,-3,3.0,0.1,464,159.0,4,0,1.0,490.0,222.0,0,12,0.0,689.0,278.0,0.0,0.9,0.0,11622,0,28939,2,0.0,0.0,0.0,0.04,0.04,1.74,0.0,0.09,0.09,3.92,6.8,474.0,214.0,2.7,457.0,220.0,6.0,431.0,208.0,1.5,478.0,219.0,,,,33,,Romain,Esse,Esse,has joined Coventry City on loan for the rest of the season.,,40,0,0,0,0,0,0,0,0,0,0,0,5,,,,0.0,0.0,0.0,0.0,11.25,3,0,2
270,a,100.0,100.0,4.7,377,235.0,0,0.0,-3,3.0,0.1,486,170.0,41,0,1.5,412.0,178.0,0,194,1.0,181.0,78.0,0.2,8.7,0.0,21925,3,25985,3,0.5,1.0,1.11,1.69,2.8,21.3,0.07,0.11,0.18,1.42,169.0,306.0,136.0,294.0,117.0,82.0,86.0,281.0,152.0,54.8,252.0,125.0,3.0,,,33,,Will,Hughes,Hughes,,,1353,0,1,5,14,0,0,0,7,0,0,16,133,,,,0.0,0.33,0.93,1.06,8.85,26,48,59
271,a,100.0,100.0,5.0,249,149.0,0,0.0,0,0.0,0.1,531,194.0,54,0,2.6,251.0,102.0,0,255,0.5,269.0,124.0,0.1,10.8,0.0,44277,2,43376,2,0.0,0.5,1.42,2.08,3.5,18.27,0.09,0.13,0.22,1.1,177.6,299.0,131.0,245.0,148.0,100.0,138.0,219.0,120.0,56.2,249.0,123.0,4.0,,,33,,Daichi,Kamada,Kamada,,,1493,0,2,6,17,0,0,0,2,0,0,17,161,,,,0.0,0.36,1.02,1.02,9.71,48,29,84
272,a,100.0,100.0,4.9,289,178.0,0,0.0,-1,1.0,0.1,550,202.0,59,0,2.4,284.0,122.0,3,240,2.5,83.0,36.0,0.5,12.0,0.0,12547,7,15191,2,2.0,2.5,1.68,0.98,2.66,16.86,0.11,0.07,0.18,1.14,226.8,262.0,110.0,159.9,207.0,133.0,197.0,150.0,85.0,58.4,237.0,116.0,,,,33,,Jefferson,Lerma Solís,Lerma,,,1336,0,5,6,16,1,0,0,6,0,0,14,167,,,,0.0,0.4,1.08,0.94,11.25,20,67,80
273,d,75.0,75.0,5.0,268,163.0,0,0.0,0,0.0,0.6,249,89.0,92,0,3.3,157.0,65.0,6,419,0.5,270.0,125.0,0.1,18.4,0.0,180340,5,186979,58,0.0,0.4,1.33,6.03,7.35,33.4,0.05,0.25,0.3,1.37,389.6,151.0,52.0,554.9,30.0,28.0,151.0,202.0,112.0,109.8,86.0,52.0,2.0,,,33,,Adam,Wharton,Wharton,Groin Injury - 75% chance of playing,,2191,0,6,8,33,0,0,0,4,1,0,26,255,,,,0.0,0.33,1.36,1.07,10.47,60,62,133
274,a,,,4.3,611,360.0,0,0.0,-2,2.0,0.1,495,176.0,0,0,0.0,662.0,252.0,0,0,0.0,539.0,178.0,0.0,0.0,0.0,15172,3,12368,8,-0.5,0.0,0.0,0.0,0.0,0.0,0.0,0.0,0.0,0.0,0.0,652.0,242.0,0.0,648.0,247.0,0.0,625.0,236.0,0.0,654.0,244.0,,,,33,,Asher,Agbinone,Agbinone,,,0,0,0,0,0,0,0,0,0,0,0,0,0,,,,0.0,0.0,0.0,0.0,0.0,0,0,0
275,u,0.0,0.0,4.3,589,347.0,0,0.0,-2,2.0,0.0,627,242.0,0,0,0.0,653.0,244.0,0,0,0.0,520.0,166.0,0.0,0.0,0.0,5497,0,7869,1,0.0,0.0,0.0,0.0,0.0,0.0,0.0,0.0,0.0,0.0,0.0,644.0,235.0,0.0,639.0,240.0,0.0,613.0,226.0,0.0,646.0,237.0,,,,33,,Naouirou,Ahamada,Ahamada,has joined AJ Auxerre permanently.,,0,0,0,0,0,0,0,0,0,0,0,0,0,,,,0.0,0.0,0.0,0.0,0.0,0,0,0
276,a,100.0,100.0,4.3,593,349.0,0,0.0,-2,2.0,1.1,183,63.0,29,0,1.6,402.0,170.0,0,81,0.0,523.0,168.0,0.0,6.7,0.0,293816,4,356791,34,-0.5,0.0,2.38,0.36,2.74,10.05,0.36,0.05,0.41,1.53,86.6,381.0,168.0,94.5,286.0,168.0,164.0,185.0,102.0,34.5,330.0,162.0,,2.0,4.0,33,,Justin,Devenny,Devenny,,,593,1,0,1,10,0,0,0,0,0,0,5,48,,,,0.0,0.15,1.52,0.76,7.28,16,8,24
277,u,0.0,0.0,4.5,435,259.0,0,0.0,0,0.0,0.0,803,356.0,0,0,0.0,705.0,278.0,0,0,0.0,603.0,212.0,0.0,0.0,0.0,0,0,750,0,0.0,0.0,0.0,0.0,0.0,0.0,0.0,0.0,0.0,0.0,0.0,699.0,272.0,0.0,695.0,275.0,0.0,678.0,268.0,0.0,701.0,274.0,,,,33,,Malcolm,Ebiowei,Ebiowei,Has joined Blackpool permanently.,,0,0,0,0,0,0,0,0,0,0,0,0,0,,,,0.0,0.0,0.0,0.0,0.0,0,0,0
278,u,0.0,0.0,4.4,544,326.0,0,0.0,-1,1.0,0.0,655,259.0,0,0,0.0,675.0,259.0,0,0,0.0,562.0,187.0,0.0,0.0,0.0,4359,0,9590,0,0.0,0.0,0.0,0.0,0.0,0.0,0.0,0.0,0.0,0.0,0.0,667.0,251.0,0.0,663.0,255.0,0.0,642.0,245.0,0.0,669.0,253.0,,,,33,,Jesurun,Rak-Sakyi,J.Rak-Sakyi,has joined Stoke City on loan for the rest of the season.,,0,0,0,0,0,0,0,0,0,0,0,0,0,,,,0.0,0.0,0.0,0.0,0.0,0,0,0
279,u,0.0,0.0,4.5,462,280.0,0,0.0,0,0.0,0.0,771,330.0,0,0,0.0,723.0,295.0,0,0,0.0,625.0,230.0,0.0,0.0,0.0,95,0,1653,0,0.0,0.0,0.0,0.0,0.0,0.0,0.0,0.0,0.0,0.0,0.0,718.0,290.0,0.0,713.0,292.0,0.0,697.0,285.0,0.0,719.0,291.0,,,,33,,Matheus,França de Oliveira,M.França,Has joined CR Vasco da Gama on loan for the rest of the season.,,0,0,0,0,0,0,0,0,0,0,0,0,0,,,,0.0,0.0,0.0,0.0,0.0,0,0,0
280,u,0.0,0.0,4.5,457,275.0,0,0.0,0,0.0,0.0,817,363.0,0,0,0.0,720.0,292.0,0,0,0.0,622.0,227.0,0.0,0.0,0.0,0,0,192,0,0.0,0.0,0.0,0.0,0.0,0.0,0.0,0.0,0.0,0.0,0.0,715.0,287.0,0.0,710.0,289.0,0.0,694.0,282.0,0.0,716.0,288.0,,,,33,,David,Ozoh,Ozoh,Has joined Derby County on loan for the rest of the season.,,0,0,0,0,0,0,0,0,0,0,0,0,0,,,,0.0,0.0,0.0,0.0,0.0,0,0,0
281,a,,,4.4,554,333.0,0,0.0,-1,1.0,0.0,585,218.0,1,0,1.0,475.0,209.0,0,2,0.0,570.0,194.0,0.0,0.2,0.0,6039,1,7224,0,-0.5,0.0,0.0,0.0,0.0,0.65,0.0,0.0,0.0,19.5,0.0,673.0,257.0,0.1,490.0,238.0,0.0,649.0,252.0,0.0,675.0,259.0,,,,33,,Kaden,Rodney,Rodney,,,3,0,0,0,0,0,0,0,0,0,0,0,0,,,,0.0,0.0,0.0,0.0,0.0,0,0,0
282,u,0.0,0.0,4.5,478,293.0,0,0.0,0,0.0,0.0,712,291.0,0,0,0.0,735.0,305.0,0,0,0.0,640.0,243.0,0.0,0.0,0.0,860,0,3072,0,0.0,0.0,0.0,0.0,0.0,0.0,0.0,0.0,0.0,0.0,0.0,732.0,302.0,0.0,726.0,303.0,0.0,712.0,298.0,0.0,733.0,303.0,,,,33,,Franco,Umeh-Chibueze,Umeh,has joined Portsmouth permanently.,,0,0,0,0,0,0,0,0,0,0,0,0,0,,,,0.0,0.0,0.0,0.0,0.0,0,0,0
283,a,100.0,100.0,7.5,21,8.0,0,0.0,0,0.0,7.2,59,10.0,97,0,3.9,76.0,6.0,12,334,6.0,5.0,3.0,0.8,12.9,0.0,4833322,2189,5154173,81,5.5,6.0,13.07,1.26,14.33,26.71,0.6,0.06,0.66,1.23,484.8,96.0,8.0,131.8,241.0,26.0,704.0,17.0,10.0,131.6,50.0,12.0,,,2.0,33,,Jean-Philippe,Mateta,Mateta,,,1959,10,0,8,23,0,0,0,2,0,0,23,116,,,,0.0,0.37,1.06,1.06,5.33,9,53,54
284,i,0.0,0.0,5.4,163,39.0,0,0.0,-1,1.0,0.3,334,54.0,23,0,1.9,361.0,41.0,3,100,0.0,774.0,83.0,0.0,4.3,0.0,124569,1,146799,4,0.0,0.0,1.77,0.46,2.23,9.49,0.38,0.1,0.48,2.06,120.0,350.0,34.0,84.6,299.0,34.0,173.0,174.0,40.0,37.8,316.0,36.0,,,,33,,Eddie,Nketiah,Nketiah,Hamstring injury - Expected back 01 Jun,,414,2,0,0,12,0,0,0,2,0,0,2,38,,,,0.0,0.0,2.61,0.43,8.26,8,13,17
285,u,0.0,0.0,5.0,247,53.0,0,0.0,0,0.0,0.2,373,58.0,1,0,1.0,499.0,60.0,0,6,0.0,732.0,80.0,0.0,0.2,0.0,9044,0,89612,1,0.0,0.0,0.0,0.0,0.0,0.27,0.0,0.0,0.0,12.15,2.0,495.0,57.0,0.0,786.0,87.0,0.0,781.0,87.0,0.2,508.0,62.0,,,,33,,Odsonne,Édouard,Édouard,has joined RC Lens permanently.,,2,0,0,0,0,0,0,0,0,0,0,0,1,,,,0.0,0.0,0.0,0.0,45.0,1,0,0
286,a,,,4.4,562,80.0,0,0.0,-1,1.0,0.3,319,50.0,0,0,0.0,686.0,73.0,0,0,0.0,577.0,61.0,0.0,0.0,0.0,51656,7,60098,7,-0.5,0.0,0.0,0.0,0.0,0.0,0.0,0.0,0.0,0.0,0.0,680.0,73.0,0.0,675.0,72.0,0.0,656.0,72.0,0.0,682.0,73.0,,,,33,,Zach,Marsh,Marsh,,,0,0,0,0,0,0,0,0,0,0,0,0,0,,,,0.0,0.0,0.0,0.0,0.0,0,0,0
580,a,,,6.5,49,31.0,0,0.0,-5,5.0,2.3,129,42.0,55,0,2.0,345.0,151.0,2,189,1.0,209.0,99.0,0.2,8.5,0.0,1147748,9,1325954,12,0.5,1.0,1.84,0.92,2.76,21.08,0.13,0.06,0.19,1.47,197.2,282.0,119.0,238.0,153.0,103.0,195.0,154.0,87.0,62.7,226.0,112.0,1.0,3.0,,33,,Brennan,Johnson,Johnson,,,1287,2,1,5,14,0,0,0,5,0,0,14,88,,,,0.0,0.35,0.98,0.98,6.15,20,29,39
654,a,100.0,100.0,5.9,95,27.0,0,0.0,-6,6.0,1.6,157,22.0,64,0,2.2,316.0,33.0,3,190,1.0,205.0,25.0,0.2,10.8,0.0,483626,67,821334,106,0.5,1.0,4.18,0.71,4.89,29.84,0.2,0.03,0.23,1.39,243.4,249.0,23.0,171.0,200.0,20.0,390.0,60.0,23.0,79.1,162.0,23.0,,,,33,,Jørgen,Strand Larsen,Strand Larsen,,,1929,4,1,5,32,0,0,1,4,0,0,21,83,,,,0.0,0.23,1.49,0.98,3.87,8,43,32
677,i,0.0,0.0,6.2,77,50.0,0,0.0,-3,3.0,0.0,595,224.0,42,0,2.2,317.0,140.0,0,137,0.0,807.0,356.0,0.0,6.8,0.0,11287,0,15162,12,0.0,0.0,1.56,0.75,2.31,12.74,0.16,0.08,0.24,1.3,156.8,320.0,145.0,75.8,312.0,175.0,183.0,170.0,94.0,41.2,306.0,152.0,,,,33,,Evann,Guessand,Guessand,Knee injury - Expected back 02 May,,880,1,3,2,15,0,0,0,0,0,0,9,81,,,,0.0,0.2,1.53,0.92,8.28,24,15,42
690,a,100.0,100.0,4.4,566,340.0,0,0.0,-1,1.0,0.3,347,120.0,0,0,0.0,689.0,268.0,0,0,0.0,580.0,199.0,0.0,0.0,0.0,58295,1,56001,0,-0.5,0.0,0.0,0.0,0.0,0.0,0.0,0.0,0.0,0.0,0.0,683.0,262.0,0.0,678.0,265.0,0.0,659.0,257.0,0.0,685.0,264.0,,,,33,,Rio,Cardines,Cardines,,,0,0,0,0,0,0,0,0,0,0,0,0,0,,,,0.0,0.0,0.0,0.0,0.0,0,0,0
712,a,100.0,100.0,5.8,109,70.0,0,0.0,-2,2.0,0.2,399,137.0,68,0,2.4,292.0,128.0,3,290,1.0,202.0,93.0,0.2,11.7,0.0,129904,3,115228,8,0.5,1.0,4.11,5.45,9.56,25.12,0.21,0.27,0.48,1.26,281.2,219.0,91.0,613.0,22.0,21.0,333.0,78.0,45.0,122.5,64.0,40.0,,1.0,,33,,Yéremy,Pino Santos,Yeremy,,,1791,2,1,7,21,0,0,0,4,0,0,22,146,,,,0.0,0.35,1.06,1.11,7.34,32,25,89
723,a,100.0,100.0,4.5,512,97.0,0,0.0,0,0.0,0.2,414,152.0,52,0,3.7,89.0,33.0,7,158,2.0,112.0,43.0,0.4,11.6,0.0,22992,6,7092,10,1.5,2.0,1.16,0.28,1.44,15.14,0.13,0.03,0.16,1.72,242.2,250.0,99.0,42.4,362.0,129.0,35.0,357.0,118.0,31.8,338.0,114.0,,,,33,,Jaydee,Canvot,Canvot,,,791,0,0,4,10,0,0,0,2,0,0,8,108,,,,0.0,0.46,1.14,0.91,12.29,26,82,33
732,a,,,5.5,152,37.0,0,0.0,0,0.0,0.1,579,79.0,17,0,1.2,444.0,54.0,0,42,0.0,791.0,86.0,0.0,3.1,0.0,14960,0,11566,1,-0.5,0.0,0.49,0.01,0.5,4.63,0.28,0.01,0.29,2.62,13.2,458.0,54.0,7.1,439.0,57.0,73.0,298.0,50.0,8.8,427.0,54.0,,,,33,,Christantus,Uche,Uche,,,159,0,1,0,4,0,0,0,0,0,0,0,13,,,,0.0,0.0,2.26,0.0,7.36,1,3,9
762,a,,,4.5,515,320.0,0,0.0,0,0.0,0.0,779,336.0,2,0,1.0,489.0,221.0,0,6,0.0,675.0,269.0,0.0,0.4,0.0,720,1,465,0,-0.5,0.0,0.0,0.0,0.0,0.73,0.0,0.0,0.0,9.39,1.4,499.0,230.0,1.0,472.0,229.0,0.0,741.0,320.0,0.3,504.0,232.0,,,,33,,Joél,Drakes-Thomas,Drakes-Thomas,,,7,0,0,0,1,0,0,0,0,0,0,0,3,,,,0.0,0.0,12.86,0.0,38.57,1,0,2
773,a,,,4.0,738,210.0,0,0.0,0,0.0,0.0,703,247.0,0,0,0.0,636.0,246.0,0,0,0.0,484.0,196.0,0.0,0.0,0.0,784,0,639,2,-0.5,0.0,0.0,0.0,0.0,0.0,0.0,0.0,0.0,0.0,0.0,627.0,246.0,0.0,619.0,246.0,0.0,590.0,244.0,0.0,629.0,246.0,,,,33,,Dean,Benamar,Benamar,,,0,0,0,0,0,0,0,0,0,0,0,0,0,,,,0.0,0.0,0.0,0.0,0.0,0,0,0
780,a,,,4.5,508,73.0,0,0.0,0,0.0,0.0,663,85.0,0,0,0.0,757.0,83.0,0,0,0.0,669.0,71.0,0.0,0.0,0.0,3323,2,1964,1,-0.5,0.0,0.0,0.0,0.0,0.0,0.0,0.0,0.0,0.0,0.0,756.0,83.0,0.0,749.0,82.0,0.0,736.0,82.0,0.0,756.0,83.0,,,,33,,Ben,Casey,Casey,,,0,0,0,0,0,0,0,0,0,0,0,0,0,,,,0.0,0.0,0.0,0.0,0.0,0,0,0
793,a,,,4.0,727,199.0,0,0.0,0,0.0,0.0,687,242.0,0,0,0.0,629.0,239.0,0,0,0.0,473.0,185.0,0.0,0.0,0.0,1534,2,811,1,-0.5,0.0,0.0,0.0,0.0,0.0,0.0,0.0,0.0,0.0,0.0,620.0,239.0,0.0,612.0,239.0,0.0,582.0,236.0,0.0,622.0,239.0,,,,33,,George,King,King,,,0,0,0,0,0,0,0,0,0,0,0,0,0,,,,0.0,0.0,0.0,0.0,0.0,0,0,0
798,u,0.0,0.0,4.0,703,182.0,0,0.0,0,0.0,0.0,804,265.0,0,0,0.0,609.0,225.0,0,0,0.0,450.0,168.0,0.0,0.0,0.0,142,0,190,0,0.0,0.0,0.0,0.0,0.0,0.0,0.0,0.0,0.0,0.0,0.0,600.0,225.0,0.0,591.0,225.0,0.0,560.0,221.0,0.0,602.0,225.0,,,,33,,Danny,Imray,Imray,has joined West Brom on loan for the rest of the season.,,0,0,0,0,0,0,0,0,0,0,0,0,0,,,,0.0,0.0,0.0,0.0,0.0,0,0,0
242,a,100.0,100.0,5.1,227,138.0,0,0.0,1,-1.0,4.6,82,26.0,126,0,5.0,15.0,6.0,16,492,4.0,26.0,10.0,0.8,24.7,0.0,2076181,1191,2032689,77,4.0,3.5,3.71,4.07,7.78,31.97,0.16,0.17,0.33,1.37,506.8,84.0,27.0,467.1,43.0,37.0,374.0,63.0,36.0,134.9,47.0,32.0,3.0,,,33,,Kiernan,Dewsbury-Hall,Dewsbury-Hall,,,2096,7,5,8,27,0,0,0,6,0,0,24,182,,,,0.0,0.34,1.16,1.03,7.81,42,36,104
243,a,100.0,100.0,4.8,374,234.0,0,0.0,-2,2.0,0.1,548,201.0,11,0,1.1,446.0,199.0,0,22,0.3,301.0,141.0,0.1,2.3,0.0,9406,1,11157,1,0.3,-0.2,0.54,0.17,0.71,4.93,0.19,0.06,0.25,1.7,20.0,453.0,201.0,22.2,395.0,199.0,101.0,261.0,143.0,13.9,403.0,183.0,,,,33,,Tyrique,George,George,,,261,0,0,1,5,0,0,0,2,0,0,1,14,,,,0.0,0.34,1.72,0.34,4.83,3,1,10
287,a,,,5.6,122,2.0,0,0.0,1,-1.0,13.3,24,3.0,126,0,3.9,73.0,10.0,11,504,2.3,95.0,9.0,0.4,22.5,0.0,1772618,1138,1554004,189,2.3,1.8,0.0,0.15,0.15,47.7,0.0,0.0,0.0,1.49,757.8,12.0,4.0,0.2,486.0,14.0,2.0,458.0,3.0,76.0,172.0,5.0,,,,33,,Jordan,Pickford,Pickford,,,2880,0,0,11,37,0,1,0,3,0,88,32,97,,,,2.75,0.34,1.16,1.0,0.0,2,40,261
288,a,100.0,100.0,4.2,632,32.0,0,0.0,-3,3.0,0.1,461,68.0,0,0,0.0,643.0,89.0,0,0,0.0,497.0,81.0,0.0,0.0,0.0,4874,4,12527,1,0.0,-0.5,0.0,0.0,0.0,0.0,0.0,0.0,0.0,0.0,0.0,635.0,89.0,0.0,628.0,79.0,0.0,602.0,68.0,0.0,637.0,89.0,,,,33,,Mark,Travers,Travers,,,0,0,0,0,0,0,0,0,0,0,0,0,0,,,,0.0,0.0,0.0,0.0,0.0,0,0,0
289,u,0.0,0.0,3.9,763,80.0,0,0.0,-1,1.0,0.1,505,74.0,0,0,0.0,558.0,52.0,0,0,0.0,391.0,41.0,0.0,0.0,0.0,4633,0,10523,1,0.0,0.0,0.0,0.0,0.0,0.0,0.0,0.0,0.0,0.0,0.0,548.0,52.0,0.0,535.0,35.0,0.0,503.0,22.0,0.0,550.0,52.0,,,,33,,Harry,Tyrer,Tyrer,has joined Cardiff City permanently.,,0,0,0,0,0,0,0,0,0,0,0,0,0,,,,0.0,0.0,0.0,0.0,0.0,0,0,0
290,a,100.0,100.0,5.3,196,24.0,0,0.0,-2,2.0,0.5,273,103.0,28,0,3.1,189.0,75.0,0,94,1.3,155.0,57.0,0.2,5.3,0.0,70788,181,96619,13,1.3,0.8,0.34,0.09,0.43,8.29,0.05,0.01,0.06,1.26,155.0,322.0,121.0,32.4,381.0,136.0,75.0,297.0,89.0,26.3,361.0,124.0,,,,33,,Jarrad,Branthwaite,Branthwaite,,,592,1,1,1,8,0,0,0,1,0,0,6,56,,,,0.0,0.15,1.22,0.91,8.51,10,46,23
291,a,100.0,100.0,5.7,110,8.0,0,0.0,2,-2.0,11.7,30,10.0,145,0,4.7,25.0,9.0,9,522,3.0,67.0,22.0,0.5,25.4,0.0,2729785,2480,2118007,211,3.0,2.5,2.08,1.32,3.4,45.0,0.07,0.04,0.11,1.45,798.2,10.0,4.0,186.5,190.0,50.0,289.0,98.0,10.0,127.7,58.0,8.0,,,,33,,James,Tarkowski,Tarkowski,,,2790,1,1,11,35,0,0,0,5,0,0,31,350,,,,0.0,0.35,1.13,1.0,10.45,40,284,75
292,a,100.0,100.0,4.9,310,50.0,0,0.0,-1,1.0,0.6,246,94.0,87,0,3.2,170.0,67.0,2,327,3.3,45.0,16.0,0.7,17.8,0.0,157931,165,187326,10,3.3,2.8,0.28,2.31,2.59,39.87,0.01,0.09,0.1,1.48,461.6,110.0,48.0,340.7,87.0,22.0,65.0,309.0,95.0,86.6,143.0,46.0,,,,33,,Vitalii,Mykolenko,Mykolenko,,,2419,0,1,9,34,1,0,0,5,0,0,27,212,,,,0.0,0.33,1.26,1.0,7.07,37,153,93
293,a,100.0,100.0,4.9,334,56.0,0,0.0,-1,1.0,0.6,237,90.0,106,0,3.4,145.0,55.0,2,362,3.3,46.0,17.0,0.7,21.6,0.0,183258,138,178310,9,3.3,2.8,0.94,0.85,1.79,45.52,0.03,0.03,0.06,1.55,492.6,90.0,39.0,232.1,158.0,39.0,132.0,225.0,59.0,86.0,145.0,47.0,,,,33,,Jake,O'Brien,O'Brien,,,2636,0,3,10,35,0,0,0,2,1,0,29,229,,,,0.0,0.34,1.19,0.99,6.86,50,151,102
294,a,100.0,100.0,4.2,625,140.0,0,0.0,-3,3.0,0.1,492,177.0,3,0,1.0,464.0,171.0,0,10,0.0,495.0,205.0,0.0,0.7,0.0,6710,0,18152,0,0.0,-0.5,0.0,0.0,0.0,0.24,0.0,0.0,0.0,1.96,0.0,634.0,251.0,0.1,487.0,176.0,0.0,598.0,249.0,0.0,636.0,251.0,,,,33,,Séamus,Coleman,Coleman,,,11,0,0,0,0,0,0,0,0,0,0,1,0,,,,0.0,0.0,0.0,8.18,0.0,0,0,1
295,a,100.0,100.0,4.5,412,76.0,0,0.0,0,0.0,2.8,116,45.0,118,0,4.4,36.0,15.0,8,380,2.7,73.0,25.0,0.6,26.2,0.0,1466941,302,1177409,115,2.7,2.2,1.97,0.2,2.17,37.12,0.08,0.01,0.09,1.56,649.6,40.0,16.0,30.1,384.0,138.0,241.0,117.0,19.0,92.1,124.0,37.0,,,,33,,Michael,Keane,Keane,,,2135,3,0,7,30,0,0,0,0,1,0,24,288,,,,0.0,0.3,1.26,1.01,10.88,31,227,75
296,a,100.0,100.0,4.4,538,114.0,0,0.0,-1,1.0,0.0,632,226.0,21,0,3.5,117.0,41.0,0,68,0.0,558.0,232.0,0.0,4.8,0.0,5970,2,7127,2,0.0,-0.5,0.03,0.04,0.07,3.55,0.01,0.02,0.03,1.35,63.6,404.0,153.0,6.4,441.0,157.0,17.0,396.0,143.0,8.6,429.0,155.0,,,,33,,Nathan,Patterson,Patterson,,,237,0,0,2,1,0,0,0,0,0,0,3,30,,,,0.0,0.76,0.38,1.14,11.39,10,20,14
297,u,0.0,0.0,3.8,802,246.0,0,0.0,-2,2.0,0.2,406,148.0,0,0,0.0,535.0,192.0,0,0,0.0,361.0,125.0,0.0,0.0,0.0,9298,0,22228,2,0.0,0.0,0.0,0.0,0.0,0.0,0.0,0.0,0.0,0.0,0.0,524.0,191.0,0.0,507.0,190.0,0.0,474.0,184.0,0.0,526.0,191.0,,,,33,,Roman,Dixon,Dixon,has joined Stockport County on loan for the rest of the season.,,0,0,0,0,0,0,0,0,0,0,0,0,0,,,,0.0,0.0,0.0,0.0,0.0,0,0,0
298,a,,,3.8,800,244.0,0,0.0,-2,2.0,0.1,424,157.0,0,0,0.0,534.0,191.0,0,0,0.0,360.0,124.0,0.0,0.0,0.0,8174,2,15601,0,0.0,-0.5,0.0,0.0,0.0,0.0,0.0,0.0,0.0,0.0,0.0,523.0,190.0,0.0,506.0,189.0,0.0,473.0,183.0,0.0,525.0,190.0,,,,33,,Reece,Welch,Welch,,,0,0,0,0,0,0,0,0,0,0,0,0,0,,,,0.0,0.0,0.0,0.0,0.0,0,0,0
299,a,100.0,100.0,6.2,74,49.0,0,0.0,-3,3.0,4.2,92,30.0,114,0,4.4,40.0,17.0,7,475,4.0,28.0,11.0,0.6,18.4,0.0,1814078,1118,2605161,65,4.0,3.5,5.06,4.24,9.3,34.14,0.2,0.17,0.37,1.37,538.8,72.0,20.0,410.6,64.0,51.0,450.0,42.0,25.0,140.2,41.0,29.0,,,1.0,33,,Iliman,Ndiaye,Ndiaye,,,2241,6,3,8,31,0,0,0,2,0,0,26,244,,,,0.0,0.32,1.24,1.04,9.8,58,32,154
300,a,,,5.5,142,88.0,0,0.0,-5,5.0,0.1,420,144.0,48,0,2.5,273.0,115.0,1,164,1.7,136.0,55.0,0.3,8.7,0.0,35184,13,66235,1,1.7,1.2,1.24,0.85,2.09,16.7,0.11,0.08,0.19,1.48,127.4,344.0,156.0,200.4,180.0,119.0,122.0,237.0,130.0,45.1,289.0,144.0,2.0,,,33,,Dwight,McNeil,McNeil,,,1016,0,3,6,6,0,0,0,1,0,0,12,94,,,,0.0,0.53,0.53,1.06,8.33,18,21,55
301,a,100.0,100.0,5.2,212,130.0,0,0.0,-3,3.0,0.1,533,195.0,26,0,1.6,407.0,175.0,0,111,0.0,760.0,328.0,0.0,5.0,0.0,17103,1,30167,0,0.0,-0.5,1.04,0.44,1.48,13.03,0.14,0.06,0.2,1.76,83.0,386.0,172.0,144.5,229.0,147.0,156.0,190.0,106.0,38.4,313.0,154.0,,,,33,,Carlos,Alcaraz Durán,Alcaraz,,,667,0,1,3,8,0,0,0,3,0,0,6,64,,,,0.0,0.4,1.08,0.81,8.64,13,10,41
302,a,100.0,100.0,5.4,153,97.0,0,0.0,-1,1.0,0.1,447,151.0,79,0,3.4,149.0,62.0,4,390,4.3,19.0,5.0,0.8,14.6,0.0,28082,151,30415,10,4.3,3.8,1.6,1.69,3.29,29.01,0.08,0.08,0.16,1.36,376.0,157.0,57.0,248.8,145.0,97.0,200.0,147.0,83.0,82.6,153.0,80.0,,,,33,,Idrissa Gana,Gueye,Gana,,,1919,2,3,5,23,0,0,0,1,1,0,23,208,,,,0.0,0.23,1.08,1.08,9.76,43,57,108
303,a,,,5.3,188,119.0,0,0.0,3,-3.0,4.2,93,31.0,142,0,4.4,38.0,15.0,13,701,3.0,64.0,26.0,0.6,26.8,0.0,1222179,770,727808,134,3.0,2.5,1.97,5.01,6.98,47.64,0.06,0.16,0.22,1.49,755.2,15.0,4.0,768.0,9.0,9.0,215.0,137.0,80.0,174.1,20.0,16.0,1.0,3.0,2.0,33,,James,Garner,Garner,,,2873,2,6,11,37,0,0,0,8,0,0,32,395,,,,0.0,0.34,1.16,1.0,12.37,94,141,160
304,a,100.0,100.0,4.8,367,229.0,0,0.0,-2,2.0,0.0,617,237.0,58,0,2.4,283.0,121.0,1,195,0.7,230.0,108.0,0.1,12.1,0.0,5930,3,6980,0,0.7,0.2,0.41,0.61,1.02,18.74,0.03,0.05,0.08,1.51,195.8,284.0,121.0,93.8,289.0,170.0,65.0,308.0,164.0,35.3,328.0,161.0,,,,33,,Tim,Iroegbunam,Iroegbunam,,,1117,0,3,8,11,0,0,0,8,0,0,13,148,,,,0.0,0.64,0.89,1.05,11.92,53,32,63
305,a,100.0,100.0,4.5,498,308.0,0,0.0,0,0.0,0.1,515,187.0,19,0,1.7,390.0,165.0,0,78,0.0,660.0,258.0,0.0,4.2,0.0,12866,1,19690,5,0.0,-0.5,0.79,0.21,1.0,10.79,0.14,0.04,0.18,1.96,58.6,408.0,178.0,66.6,322.0,178.0,78.0,290.0,156.0,20.5,382.0,177.0,,,,33,,Harrison,Armstrong,Armstrong,,,495,0,0,1,10,0,0,0,0,0,0,6,50,,,,0.0,0.18,1.82,1.09,9.09,13,13,24
306,a,,,4.3,608,358.0,0,0.0,-2,2.0,0.1,496,177.0,0,0,0.0,660.0,250.0,0,0,0.0,536.0,176.0,0.0,0.0,0.0,15236,1,16116,2,0.0,-0.5,0.0,0.0,0.0,0.0,0.0,0.0,0.0,0.0,0.0,650.0,240.0,0.0,646.0,245.0,0.0,623.0,234.0,0.0,652.0,242.0,,,,33,,Callum,Bates,Bates,,,0,0,0,0,0,0,0,0,0,0,0,0,0,,,,0.0,0.0,0.0,0.0,0.0,0,0,0
307,a,,,4.4,549,329.0,0,0.0,-1,1.0,0.0,603,229.0,0,0,0.0,678.0,262.0,0,0,0.0,566.0,190.0,0.0,0.0,0.0,5004,0,6617,2,0.0,-0.5,0.0,0.0,0.0,0.0,0.0,0.0,0.0,0.0,0.0,670.0,254.0,0.0,666.0,258.0,0.0,645.0,248.0,0.0,672.0,256.0,,,,33,,Coby,Ebere,Ebere,,,0,0,0,0,0,0,0,0,0,0,0,0,0,,,,0.0,0.0,0.0,0.0,0.0,0,0,0
308,u,0.0,0.0,4.5,451,270.0,0,0.0,0,0.0,0.0,708,288.0,0,0,0.0,715.0,287.0,0,0,0.0,616.0,222.0,0.0,0.0,0.0,458,0,3773,1,0.0,0.0,0.0,0.0,0.0,0.0,0.0,0.0,0.0,0.0,0.0,710.0,282.0,0.0,705.0,284.0,0.0,689.0,277.0,0.0,711.0,283.0,,,,33,,Isaac,Heath,Heath,has joined Accrington on loan for the rest of the season.,,0,0,0,0,0,0,0,0,0,0,0,0,0,,,,0.0,0.0,0.0,0.0,0.0,0,0,0
309,u,0.0,0.0,4.5,448,268.0,0,0.0,0,0.0,0.0,824,369.0,0,0,0.0,713.0,285.0,0,0,0.0,613.0,220.0,0.0,0.0,0.0,0,0,114,0,0.0,0.0,0.0,0.0,0.0,0.0,0.0,0.0,0.0,0.0,0.0,708.0,280.0,0.0,703.0,282.0,0.0,687.0,275.0,0.0,709.0,281.0,,,,33,,Jenson,Metcalfe,Metcalfe,Has joined Bradford City permanently.,,0,0,0,0,0,0,0,0,0,0,0,0,0,,,,0.0,0.0,0.0,0.0,0.0,0,0,0
310,a,,,5.7,119,32.0,0,0.0,-3,3.0,0.7,221,31.0,77,0,2.4,291.0,31.0,7,228,0.7,240.0,28.0,0.1,13.5,0.0,303166,66,306638,41,0.7,0.2,6.13,0.38,6.51,28.92,0.34,0.02,0.36,1.58,250.4,244.0,22.0,180.0,196.0,18.0,424.0,50.0,20.0,83.0,152.0,21.0,,,,33,,Thierno,Barry,Barry,,,1645,6,0,7,25,0,0,0,3,0,0,19,58,,,,0.0,0.38,1.37,1.04,3.17,3,27,28
311,a,,,5.0,265,55.0,0,0.0,-5,5.0,2.9,114,18.0,83,0,2.6,252.0,27.0,10,272,7.7,3.0,1.0,1.5,16.6,0.0,564472,2175,1162005,76,7.7,7.2,7.73,0.22,7.95,20.18,0.55,0.02,0.57,1.43,351.0,178.0,17.0,124.8,247.0,28.0,536.0,30.0,16.0,99.6,101.0,16.0,,,3.0,33,,Norberto Bercique,Gomes Betuncal,Beto,,,1269,7,1,5,15,0,0,0,2,0,0,13,75,,,,0.0,0.35,1.06,0.92,5.32,13,37,25
312,u,0.0,0.0,4.9,332,62.0,0,0.0,-1,1.0,0.1,553,76.0,0,0,0.0,785.0,87.0,0,0,0.0,722.0,79.0,0.0,0.0,0.0,2418,0,14562,0,0.0,0.0,0.0,0.0,0.0,0.0,0.0,0.0,0.0,0.0,0.0,784.0,87.0,0.0,780.0,86.0,0.0,776.0,86.0,0.0,784.0,87.0,,,,33,,Youssef,Ramalho Chermiti,Y.Chermiti,has joined Rangers permanently.,,0,0,0,0,0,0,0,0,0,0,0,0,0,,,,0.0,0.0,0.0,0.0,0.0,0,0,0
313,u,0.0,0.0,4.4,556,78.0,0,0.0,-1,1.0,0.1,455,65.0,0,0,0.0,682.0,71.0,0,0,0.0,572.0,59.0,0.0,0.0,0.0,9203,0,26714,0,0.0,0.0,0.0,0.0,0.0,0.0,0.0,0.0,0.0,0.0,0.0,675.0,71.0,0.0,670.0,70.0,0.0,651.0,70.0,0.0,677.0,71.0,,,,33,,Martin,Sherif,Sherif,has joined Port Vale on loan for the rest of the season.,,0,0,0,0,0,0,0,0,0,0,0,0,0,,,,0.0,0.0,0.0,0.0,0.0,0,0,0
419,i,0.0,0.0,6.3,65,42.0,0,0.0,-2,2.0,5.7,69,22.0,79,0,4.0,63.0,28.0,12,356,0.0,809.0,358.0,0.0,12.5,0.0,3790573,1,3785382,50,0.0,0.0,2.05,3.37,5.41,25.81,0.11,0.19,0.3,1.43,374.2,161.0,59.0,520.5,35.0,32.0,397.0,56.0,33.0,129.2,57.0,37.0,,,,33,,Jack,Grealish,Grealish,Foot injury - Expected back 01 Jun,,1627,2,6,7,23,0,0,0,3,1,0,18,135,,,,0.0,0.39,1.27,1.0,7.47,20,27,88
630,a,,,3.9,751,74.0,0,0.0,-1,1.0,1.2,179,22.0,0,0,0.0,550.0,46.0,0,0,0.0,382.0,35.0,0.0,0.0,0.0,72569,1,104532,9,0.0,-0.5,0.0,0.0,0.0,0.0,0.0,0.0,0.0,0.0,0.0,540.0,46.0,0.0,527.0,29.0,0.0,495.0,16.0,0.0,542.0,46.0,,,,33,,Tom,King,King,,,0,0,0,0,0,0,0,0,0,0,0,0,0,,,,0.0,0.0,0.0,0.0,0.0,0,0,0
667,a,100.0,100.0,4.2,639,148.0,0,0.0,-3,3.0,0.1,571,204.0,0,0,0.0,645.0,251.0,0,0,0.0,500.0,207.0,0.0,0.0,0.0,2959,0,12732,0,0.0,-0.5,0.0,0.0,0.0,0.0,0.0,0.0,0.0,0.0,0.0,637.0,252.0,0.0,631.0,251.0,0.0,605.0,250.0,0.0,639.0,252.0,,,,33,,Adam,Aznou,Aznou,,,0,0,0,0,0,0,0,0,0,0,0,0,0,,,,0.0,0.0,0.0,0.0,0.0,0,0,0
704,u,0.0,0.0,4.5,438,261.0,0,0.0,0,0.0,0.0,587,219.0,0,0,0.0,708.0,280.0,0,0,0.0,606.0,214.0,0.0,0.0,0.0,8420,0,10232,0,0.0,0.0,0.0,0.0,0.0,0.0,0.0,0.0,0.0,0.0,0.0,702.0,274.0,0.0,698.0,277.0,0.0,681.0,270.0,0.0,704.0,276.0,,,,33,,Tyler,Onyango,Onyango,has joined Stockport County on loan for the rest of the season.,,0,0,0,0,0,0,0,0,0,0,0,0,0,,,,0.0,0.0,0.0,0.0,0.0,0,0,0
705,u,0.0,0.0,3.9,773,224.0,0,0.0,-1,1.0,0.1,416,153.0,0,0,0.0,565.0,204.0,0,0,0.0,398.0,142.0,0.0,0.0,0.0,18604,0,17682,2,0.0,0.0,0.0,0.0,0.0,0.0,0.0,0.0,0.0,0.0,0.0,555.0,203.0,0.0,543.0,203.0,0.0,511.0,198.0,0.0,557.0,203.0,,,,33,,Elijah,Campbell,Campbell,has joined Port Vale on loan for the rest of the season.,,0,0,0,0,0,0,0,0,0,0,0,0,0,,,,0.0,0.0,0.0,0.0,0.0,0,0,0
707,a,,,5.3,197,123.0,0,0.0,-2,2.0,0.0,650,255.0,18,0,1.3,437.0,196.0,0,49,0.0,766.0,332.0,0.0,3.4,0.0,7892,1,7491,2,0.0,-0.5,0.2,0.14,0.34,6.65,0.05,0.04,0.09,1.71,46.0,420.0,184.0,61.0,335.0,183.0,32.0,366.0,187.0,13.6,408.0,185.0,,,,33,,Tyler,Dibling,Dibling,,,349,0,0,2,2,0,0,0,2,0,0,4,40,,,,0.0,0.52,0.52,1.03,10.32,7,11,22
728,a,100.0,100.0,5.0,275,169.0,0,0.0,0,0.0,0.0,709,289.0,18,0,1.5,415.0,181.0,0,48,0.3,307.0,144.0,0.1,3.6,0.0,1605,0,1711,0,0.3,-0.2,0.5,0.21,0.71,8.22,0.13,0.05,0.18,2.07,67.6,398.0,175.0,66.2,323.0,179.0,32.0,365.0,186.0,16.6,396.0,180.0,,,,33,,Merlin,Röhl,Röhl,,,358,0,0,2,6,0,0,0,0,0,0,2,48,,,,0.0,0.5,1.51,0.5,12.07,18,10,20
779,a,,,4.5,506,72.0,0,0.0,0,0.0,0.0,622,82.0,0,0,0.0,756.0,82.0,0,0,0.0,668.0,70.0,0.0,0.0,0.0,5160,3,3037,1,0.0,-0.5,0.0,0.0,0.0,0.0,0.0,0.0,0.0,0.0,0.0,755.0,82.0,0.0,748.0,81.0,0.0,735.0,81.0,0.0,755.0,82.0,,,,33,,Braiden,Graham,Graham,,,0,0,0,0,0,0,0,0,0,0,0,0,0,,,,0.0,0.0,0.0,0.0,0.0,0,0,0
314,a,,,4.9,286,10.0,0,0.0,-1,1.0,1.8,146,19.0,98,7,3.0,195.0,20.0,4,455,4.0,25.0,2.0,0.8,20.0,0.0,301770,116,289112,43,4.0,4.0,0.0,0.0,0.0,45.97,0.0,0.0,0.0,1.39,676.6,35.0,10.0,0.0,765.0,90.0,0.0,761.0,88.0,67.5,204.0,10.0,,,,33,,Bernd,Leno,Leno,,,2970,0,0,7,46,1,0,0,3,0,84,33,107,,,,2.55,0.21,1.39,1.0,0.0,4,42,277
315,u,0.0,0.0,4.0,679,48.0,0,0.0,0,0.0,0.0,762,89.0,0,0,0.0,590.0,70.0,0,0,0.0,427.0,61.0,0.0,0.0,0.0,577,0,906,0,0.0,0.0,0.0,0.0,0.0,0.0,0.0,0.0,0.0,0.0,0.0,580.0,70.0,0.0,571.0,57.0,0.0,540.0,44.0,0.0,582.0,70.0,,,,33,,Steven,Benda,Benda,has joined Feyenoord on loan for the rest of the season.,,0,0,0,0,0,0,0,0,0,0,0,0,0,,,,0.0,0.0,0.0,0.0,0.0,0,0,0
316,a,100.0,100.0,4.9,294,45.0,0,0.0,-1,1.0,0.8,209,81.0,44,1,2.6,247.0,97.0,4,195,1.7,132.0,51.0,0.3,9.0,0.0,184786,60,204123,29,1.7,1.7,0.22,1.34,1.56,17.78,0.02,0.11,0.13,1.43,268.8,229.0,91.0,279.2,128.0,34.0,44.0,341.0,111.0,59.2,236.0,82.0,,,,33,,Antonee,Robinson,Robinson,,,1118,0,0,3,14,0,0,0,3,0,0,13,104,,,,0.0,0.24,1.13,1.05,8.29,36,67,67
317,a,100.0,100.0,4.5,418,79.0,0,0.0,0,0.0,4.7,80,26.0,111,6,3.7,87.0,32.0,5,394,3.7,33.0,13.0,0.8,24.7,0.0,1558349,202,1303094,117,3.7,3.7,1.38,1.8,3.18,40.54,0.05,0.06,0.11,1.38,721.8,21.0,8.0,116.8,255.0,71.0,139.0,215.0,55.0,98.1,104.0,30.0,,,,33,,Joachim,Andersen,Andersen,,,2651,0,1,7,41,0,0,0,7,0,0,30,337,,,,0.0,0.24,1.39,1.02,10.18,38,262,107
318,a,100.0,100.0,4.4,535,111.0,0,0.0,-1,1.0,0.6,239,91.0,86,6,3.4,139.0,51.0,9,294,3.7,32.0,12.0,0.8,19.5,0.0,170213,34,153921,23,3.7,3.7,1.68,0.27,1.94,31.25,0.07,0.01,0.08,1.35,481.4,97.0,42.0,104.8,273.0,81.0,100.0,262.0,74.0,69.0,202.0,69.0,,,,33,,Calvin,Bassey,Bassey,,,2082,1,1,5,35,0,0,0,5,0,0,23,215,,,,0.0,0.22,1.51,0.99,7.56,50,125,94
319,a,,,4.3,578,126.0,0,0.0,-2,2.0,0.1,463,171.0,39,6,1.6,401.0,150.0,0,193,3.0,55.0,19.0,0.7,9.1,0.0,20436,8,26430,0,3.0,3.0,1.21,0.8,2.01,25.94,0.08,0.05,0.13,1.67,288.2,217.0,86.0,213.3,171.0,44.0,141.0,212.0,53.0,64.5,214.0,73.0,,,,33,,Timothy,Castagne,Castagne,,,1396,0,1,1,26,0,0,0,3,0,0,15,134,,,,0.0,0.06,1.68,0.97,7.67,29,90,43
320,a,,,4.3,581,129.0,0,0.0,-2,2.0,0.1,534,190.0,13,0,1.3,430.0,155.0,0,49,0.0,515.0,217.0,0.0,3.0,0.0,7984,0,12069,1,0.0,0.0,0.02,0.04,0.06,10.15,0.0,0.01,0.01,1.54,118.0,354.0,134.0,5.7,444.0,159.0,12.0,405.0,150.0,13.6,407.0,146.0,,,,33,,Issa,Diop,Diop,,,592,0,0,0,11,0,0,0,2,0,0,6,55,,,,0.0,0.0,1.67,0.91,7.3,6,42,14
321,a,,,4.3,585,132.0,0,0.0,-2,2.0,0.1,575,205.0,39,0,2.8,214.0,83.0,1,155,0.0,517.0,218.0,0.0,9.1,0.0,6885,0,8067,1,0.0,0.0,0.05,0.53,0.58,14.59,0.0,0.05,0.05,1.41,244.6,247.0,97.0,47.1,358.0,127.0,14.0,400.0,146.0,30.7,344.0,116.0,,,,33,,Jorge,Cuenca Barreno,J.Cuenca,,,931,0,0,2,11,0,0,0,5,0,0,11,120,,,,0.0,0.19,1.06,1.06,11.02,16,98,40
322,i,0.0,0.0,4.5,416,78.0,0,0.0,0,0.0,0.3,344,124.0,81,0,3.7,86.0,31.0,5,318,0.0,590.0,235.0,0.0,18.0,0.0,180675,0,174667,50,0.0,0.0,0.92,1.46,2.38,25.79,0.05,0.07,0.12,1.3,416.0,132.0,56.0,214.1,169.0,42.0,108.0,254.0,69.0,73.9,179.0,60.0,,,,33,,Kenny,Tete,Tete,Foot injury - Unknown return date,,1791,1,0,6,25,0,0,0,2,0,0,21,188,,,,0.0,0.3,1.26,1.06,8.29,65,100,82
323,a,,,3.8,815,257.0,0,0.0,-2,2.0,0.1,425,158.0,0,0,0.0,543.0,199.0,0,0,0.0,373.0,135.0,0.0,0.0,0.0,9797,1,17782,0,0.0,0.0,0.0,0.0,0.0,0.0,0.0,0.0,0.0,0.0,0.0,532.0,198.0,0.0,517.0,198.0,0.0,485.0,193.0,0.0,534.0,198.0,,,,33,,Samuel,Amissah,Amissah,,,0,0,0,0,0,0,0,0,0,0,0,0,0,,,,0.0,0.0,0.0,0.0,0.0,0,0,0
324,a,100.0,100.0,6.3,66,43.0,0,0.0,-2,2.0,2.0,138,46.0,98,1,3.6,109.0,50.0,13,478,1.3,162.0,72.0,0.2,15.6,0.0,590539,65,539426,186,1.3,1.3,1.4,4.42,5.82,34.76,0.06,0.18,0.24,1.38,477.6,101.0,33.0,671.7,15.0,15.0,267.0,101.0,62.0,141.7,40.0,28.0,2.0,,,33,,Alex,Iwobi,Iwobi,,,2264,4,3,4,39,0,0,0,3,0,0,27,175,,,,0.0,0.16,1.55,1.07,6.96,26,34,115
325,a,100.0,100.0,5.6,126,78.0,0,0.0,-4,4.0,0.5,267,94.0,69,3,2.2,315.0,139.0,1,296,1.7,137.0,56.0,0.3,12.3,0.0,164549,19,221234,8,1.7,1.7,4.42,1.06,5.48,26.45,0.25,0.06,0.31,1.52,256.0,241.0,103.0,290.0,119.0,84.0,342.0,76.0,43.0,88.8,136.0,75.0,,,,33,,Emile,Smith Rowe,Smith Rowe,,,1563,3,1,4,23,0,0,0,1,0,0,17,120,,,,0.0,0.23,1.32,0.98,6.91,25,37,58
327,u,0.0,0.0,5.3,184,115.0,0,0.0,-2,2.0,0.1,565,209.0,0,0,0.0,804.0,355.0,0,0,0.0,764.0,330.0,0.0,0.0,0.0,2438,0,35621,0,0.0,0.0,0.0,0.0,0.0,0.0,0.0,0.0,0.0,0.0,0.0,803.0,354.0,0.0,802.0,354.0,0.0,799.0,353.0,0.0,803.0,354.0,,,,33,,Andreas,Hoelgebaum Pereira,Andreas,has joined Palmeiras permanently.,,0,0,0,0,0,0,0,0,0,0,0,0,0,,,,0.0,0.0,0.0,0.0,0.0,0,0,0
328,a,100.0,100.0,5.4,160,100.0,0,0.0,-1,1.0,0.2,409,142.0,84,3,3.2,177.0,73.0,5,296,1.7,135.0,54.0,0.3,15.6,0.0,146839,10,140785,4,1.7,1.7,1.31,1.79,3.1,25.91,0.07,0.09,0.16,1.34,360.0,168.0,63.0,200.4,179.0,118.0,193.0,157.0,89.0,75.2,175.0,89.0,,,,33,,Ryan,Sessegnon,Sessegnon,,,1736,2,3,5,29,0,0,0,0,0,0,19,207,,,,0.0,0.26,1.5,0.99,10.73,45,92,70
329,a,100.0,100.0,6.0,84,55.0,0,0.0,5,-5.0,21.9,15,5.0,157,3,5.1,12.0,5.0,21,592,4.7,17.0,4.0,0.8,26.2,0.0,5626975,2089,2938619,518,4.7,4.7,5.52,4.45,9.97,35.38,0.2,0.16,0.36,1.31,658.0,39.0,10.0,566.9,29.0,27.0,562.0,28.0,13.0,178.6,17.0,13.0,1.0,1.0,3.0,33,,Harry,Wilson,Wilson,,,2431,10,8,8,34,0,0,0,6,0,0,29,161,,,,0.0,0.3,1.26,1.07,5.96,25,60,76
330,a,,,4.9,303,188.0,0,0.0,-1,1.0,0.1,514,186.0,84,0,2.6,248.0,100.0,3,476,3.0,61.0,23.0,0.6,17.1,0.0,13129,4,13875,4,3.0,3.0,1.32,1.32,2.64,41.51,0.04,0.04,0.08,1.39,415.8,133.0,46.0,315.9,102.0,75.0,85.0,284.0,154.0,82.0,154.0,81.0,,,,33,,Sander,Berge,Berge,,,2679,0,3,6,44,1,0,0,5,0,0,31,263,,,,0.0,0.2,1.48,1.04,8.84,54,86,123
331,a,100.0,100.0,4.8,347,217.0,0,0.0,-2,2.0,0.0,641,250.0,32,3,1.5,413.0,179.0,1,134,1.0,182.0,79.0,0.2,6.7,0.0,2866,2,4943,1,1.0,1.0,0.95,0.61,1.56,10.94,0.14,0.09,0.23,1.58,84.2,383.0,169.0,106.6,269.0,164.0,49.0,334.0,174.0,24.0,363.0,172.0,,,,33,,Tom,Cairney,Cairney,,,625,1,0,2,9,0,0,0,3,0,0,5,48,,,,0.0,0.29,1.3,0.72,6.91,5,8,35
332,a,100.0,100.0,4.9,307,191.0,0,0.0,-1,1.0,0.1,573,214.0,54,2,2.5,271.0,113.0,3,247,1.0,185.0,81.0,0.2,11.0,0.0,14845,2,19293,2,1.0,1.0,1.9,1.65,3.55,21.19,0.12,0.11,0.23,1.39,250.0,245.0,105.0,365.3,74.0,57.0,129.0,230.0,126.0,74.3,177.0,90.0,3.0,,,33,,Saša,Lukić,Lukić,,,1370,1,3,5,17,0,0,0,7,0,0,16,143,,,,0.0,0.33,1.12,1.05,9.39,40,48,55
333,u,0.0,0.0,4.5,477,292.0,0,0.0,0,0.0,0.0,671,270.0,0,0,0.0,734.0,304.0,0,0,0.0,639.0,242.0,0.0,0.0,0.0,898,0,6616,0,0.0,0.0,0.0,0.0,0.0,0.0,0.0,0.0,0.0,0.0,0.0,731.0,301.0,0.0,725.0,302.0,0.0,711.0,297.0,0.0,732.0,302.0,,,,33,,Martial,Godo,Godo,has joined Strasbourg permanently.,,0,0,0,0,0,0,0,0,0,0,0,0,0,,,,0.0,0.0,0.0,0.0,0.0,0,0,0
334,u,0.0,0.0,4.5,455,273.0,0,0.0,0,0.0,0.0,816,362.0,0,0,0.0,718.0,290.0,0,0,0.0,620.0,225.0,0.0,0.0,0.0,0,0,314,0,0.0,0.0,0.0,0.0,0.0,0.0,0.0,0.0,0.0,0.0,0.0,713.0,285.0,0.0,708.0,287.0,0.0,692.0,280.0,0.0,714.0,286.0,,,,33,,Luke,Harris,Harris,Has joined Oxford United on loan for the rest of the season.,,0,0,0,0,0,0,0,0,0,0,0,0,0,,,,0.0,0.0,0.0,0.0,0.0,0,0,0
335,a,100.0,100.0,4.4,563,338.0,0,0.0,-1,1.0,1.8,149,52.0,59,1,2.2,311.0,135.0,3,196,5.0,10.0,2.0,1.1,13.4,0.0,995431,227,902903,76,5.0,5.0,2.32,0.53,2.85,16.91,0.17,0.04,0.21,1.27,187.2,290.0,125.0,154.9,214.0,136.0,299.0,93.0,56.0,63.2,224.0,111.0,,,,33,,Josh,King,King,,,1195,1,3,5,18,0,0,0,3,0,0,15,96,,,,0.0,0.38,1.36,1.13,7.23,23,20,53
336,a,100.0,100.0,4.3,577,344.0,0,0.0,-2,2.0,0.3,308,107.0,13,0,2.2,306.0,133.0,2,41,0.3,295.0,137.0,0.1,3.0,0.0,86539,4,80637,15,0.3,0.3,0.13,0.36,0.49,0.51,0.45,1.25,1.7,1.77,38.6,428.0,188.0,19.0,400.0,200.0,11.0,409.0,201.0,6.8,440.0,198.0,,,,33,,Harrison,Reed,Reed,,,26,1,0,0,1,0,0,0,0,0,0,0,2,,,,0.0,0.0,3.46,0.0,6.92,0,0,2
337,a,100.0,100.0,6.1,80,25.0,0,0.0,-4,4.0,2.2,130,20.0,106,1,3.3,159.0,15.0,7,390,2.3,99.0,15.0,0.4,17.4,0.0,833270,320,826956,265,2.3,2.3,11.2,0.88,12.08,30.42,0.5,0.04,0.54,1.37,467.6,105.0,9.0,303.7,113.0,6.0,694.0,18.0,11.0,146.0,36.0,8.0,,2.0,1.0,33,,Raúl,Jiménez Rodríguez,Raúl,,,2005,9,5,8,25,0,0,0,5,0,0,25,123,,,,0.0,0.36,1.12,1.12,5.52,32,39,52
338,a,100.0,100.0,5.3,189,43.0,0,0.0,-2,2.0,0.7,224,32.0,29,2,1.8,382.0,44.0,3,78,2.0,116.0,17.0,0.4,5.5,0.0,265546,35,440445,5,2.0,2.0,2.17,0.12,2.29,11.61,0.27,0.02,0.29,1.45,94.6,377.0,40.0,89.3,294.0,32.0,214.0,139.0,33.0,38.7,312.0,35.0,,,,33,,Rodrigo,Muniz Carvalho,Muniz,,,719,1,1,2,11,1,0,0,1,0,0,7,43,,,,0.0,0.25,1.38,0.88,5.38,4,26,13
424,a,100.0,100.0,5.1,238,142.0,0,0.0,-4,4.0,0.2,364,124.0,34,1,1.9,356.0,154.0,0,145,1.3,152.0,64.0,0.3,6.7,0.0,92300,3,100873,2,1.3,1.3,1.17,1.56,2.73,10.13,0.13,0.17,0.3,1.12,109.6,363.0,162.0,247.7,147.0,99.0,155.0,192.0,107.0,51.5,268.0,136.0,,,,33,,Oscar,Bobb,Bobb,,,813,0,2,3,12,0,0,0,1,0,0,9,62,,,,0.0,0.33,1.33,1.0,6.86,16,10,36
664,a,,,3.9,747,71.0,0,0.0,-1,1.0,0.7,228,30.0,0,0,0.0,548.0,44.0,0,0,0.0,378.0,32.0,0.0,0.0,0.0,43596,1,56738,11,0.0,0.0,0.0,0.0,0.0,0.0,0.0,0.0,0.0,0.0,0.0,538.0,44.0,0.0,524.0,26.0,0.0,492.0,13.0,0.0,540.0,44.0,,,,33,,Benjamin,Lecomte,Lecomte,,,0,0,0,0,0,0,0,0,0,0,0,0,0,,,,0.0,0.0,0.0,0.0,0.0,0,0,0
727,a,100.0,100.0,5.3,186,117.0,0,0.0,-2,2.0,0.1,519,189.0,54,1,2.8,222.0,89.0,1,215,1.0,196.0,88.0,0.2,10.2,0.0,101063,3,94883,4,1.0,1.0,2.03,3.2,5.23,14.37,0.21,0.34,0.55,1.51,257.0,240.0,102.0,277.8,129.0,88.0,226.0,126.0,75.0,75.8,174.0,88.0,,,,33,,Samuel,Chukwueze,Chukwueze,,,857,3,4,1,16,0,0,0,0,0,0,7,72,,,,0.0,0.11,1.68,0.74,7.56,6,17,49
731,i,0.0,0.0,5.7,118,75.0,0,0.0,-3,3.0,0.1,583,217.0,43,0,1.9,363.0,157.0,0,158,0.0,795.0,348.0,0.0,7.5,0.0,34765,0,32088,1,0.0,0.0,1.12,1.4,2.52,13.01,0.11,0.14,0.25,1.3,200.8,277.0,116.0,231.6,162.0,108.0,206.0,143.0,81.0,63.6,220.0,108.0,,,,33,,Kevin,Santos Lopes de Macedo,Kevin,Foot injury - Unknown return date,,898,1,2,4,15,0,0,0,1,0,0,8,75,,,,0.0,0.4,1.5,0.8,7.52,19,16,40
737,a,,,4.5,509,74.0,0,0.0,0,0.0,0.1,485,69.0,4,0,0.8,516.0,62.0,0,11,0.0,670.0,72.0,0.0,0.9,0.0,22032,4,17525,6,0.0,0.0,0.0,0.07,0.07,0.75,0.0,0.21,0.21,2.25,1.2,502.0,59.0,11.4,424.0,56.0,8.0,424.0,58.0,2.1,471.0,57.0,,,,33,,Jonah,Kusi-Asare,Kusi-Asare,,,30,0,0,0,2,0,0,0,1,0,0,0,2,,,,0.0,0.0,6.0,0.0,6.0,0,0,2
770,a,,,4.5,504,313.0,0,0.0,0,0.0,0.0,780,337.0,0,0,0.0,754.0,319.0,0,0,0.0,666.0,263.0,0.0,0.0,0.0,727,0,454,1,0.0,0.0,0.0,0.0,0.0,0.0,0.0,0.0,0.0,0.0,0.0,753.0,318.0,0.0,746.0,318.0,0.0,733.0,314.0,0.0,753.0,318.0,,,,33,,Seth,Ridgeon,Ridgeon,,,0,0,0,0,0,0,0,0,0,0,0,0,0,,,,0.0,0.0,0.0,0.0,0.0,0,0,0
786,a,,,4.0,704,59.0,0,0.0,0,0.0,0.0,741,85.0,0,0,0.0,610.0,81.0,0,0,0.0,451.0,72.0,0.0,0.0,0.0,814,3,435,1,0.0,0.0,0.0,0.0,0.0,0.0,0.0,0.0,0.0,0.0,0.0,601.0,81.0,0.0,592.0,68.0,0.0,561.0,55.0,0.0,603.0,81.0,,,,33,,Alfie,McNally,McNally,,,0,0,0,0,0,0,0,0,0,0,0,0,0,,,,0.0,0.0,0.0,0.0,0.0,0,0,0
168,a,100.0,100.0,4.6,404,249.0,0,0.0,-4,4.0,0.1,498,178.0,2,0,0.7,520.0,242.0,0,5,0.0,681.0,274.0,0.0,0.4,0.0,17041,0,30372,4,0.0,0.5,0.04,0.1,0.14,1.86,0.05,0.13,0.18,2.43,6.0,477.0,215.0,25.7,389.0,196.0,19.0,391.0,195.0,5.0,453.0,203.0,,,,33,,Facundo,Buonanotte,Buonanotte,,,69,0,0,0,2,0,0,0,1,0,0,1,5,,,,0.0,0.0,2.61,1.3,6.52,1,1,3
339,a,,,4.1,655,36.0,0,0.0,-4,4.0,0.3,307,41.0,0,0,0.0,640.0,87.0,0,0,0.0,491.0,78.0,0.0,0.0,0.0,14631,3,64889,8,0.0,0.5,0.0,0.0,0.0,0.0,0.0,0.0,0.0,0.0,0.0,631.0,87.0,0.0,623.0,75.0,0.0,594.0,62.0,0.0,633.0,87.0,,,,33,,Illan,Meslier,Meslier,,,0,0,0,0,0,0,0,0,0,0,0,0,0,,,,0.0,0.0,0.0,0.0,0.0,0,0,0
340,a,,,3.9,748,72.0,0,0.0,-1,1.0,0.1,422,61.0,0,0,0.0,549.0,45.0,0,0,0.0,379.0,33.0,0.0,0.0,0.0,8797,0,15750,3,0.0,0.5,0.0,0.0,0.0,0.0,0.0,0.0,0.0,0.0,0.0,539.0,45.0,0.0,525.0,27.0,0.0,493.0,14.0,0.0,541.0,45.0,,,,33,,Alex,Cairns,Cairns,,,0,0,0,0,0,0,0,0,0,0,0,0,0,,,,0.0,0.0,0.0,0.0,0.0,0,0,0
341,a,,,3.9,743,67.0,0,0.0,-1,1.0,5.8,67,10.0,47,1,2.8,212.0,24.0,0,226,2.8,68.0,8.0,0.7,12.1,0.0,715151,272,300645,351,0.0,6.1,0.0,0.04,0.04,18.83,0.0,0.0,0.0,1.17,363.6,167.0,20.0,0.0,520.0,22.0,0.0,488.0,9.0,36.6,320.0,20.0,,,,33,,Karl,Darlow,Darlow,,,1457,0,0,3,20,0,0,0,1,0,42,17,59,,,,2.6,0.19,1.24,1.05,0.0,0,22,153
342,a,100.0,100.0,4.4,531,107.0,0,0.0,-1,1.0,0.8,213,82.0,83,1,2.7,229.0,91.0,1,258,3.0,56.0,20.0,0.7,18.9,0.0,126419,26,51954,177,0.0,6.5,2.05,2.54,4.59,36.69,0.07,0.09,0.16,1.32,375.8,158.0,67.0,284.5,125.0,33.0,206.0,141.0,28.0,86.8,142.0,45.0,,,,33,,Jayden,Bogle,Bogle,,,2510,1,4,5,42,0,0,0,6,0,0,29,201,,,,0.0,0.18,1.51,1.04,5.64,56,101,121
343,a,100.0,100.0,4.3,582,130.0,0,0.0,-2,2.0,3.0,113,44.0,96,1,3.2,160.0,62.0,3,365,2.0,109.0,40.0,0.5,22.3,0.0,481700,73,134692,599,0.0,4.5,2.89,0.72,3.61,36.85,0.1,0.03,0.13,1.31,614.4,45.0,20.0,146.4,226.0,59.0,252.0,110.0,14.0,101.3,97.0,27.0,,,,33,,Pascal,Struijk,Struijk,,,2537,0,1,6,41,0,0,0,4,0,0,29,279,,,,0.0,0.21,1.46,1.03,9.23,31,229,104
344,a,100.0,100.0,3.9,761,219.0,0,0.0,-1,1.0,1.2,177,69.0,71,1,3.5,113.0,38.0,5,225,4.0,23.0,10.0,1.0,18.2,0.0,239291,91,104169,207,0.0,8.5,0.84,0.63,1.47,23.22,0.05,0.04,0.09,1.48,374.2,160.0,68.0,50.7,351.0,125.0,218.0,133.0,26.0,64.2,216.0,75.0,,,,33,,Jaka,Bijol,Bijol,,,1413,1,2,3,22,0,0,0,3,0,0,16,170,,,,0.0,0.19,1.4,1.02,10.15,23,136,51
345,a,100.0,100.0,3.8,798,242.0,0,0.0,-2,2.0,0.1,436,163.0,17,0,1.9,347.0,126.0,0,48,0.0,358.0,122.0,0.0,4.5,0.0,22979,1,19189,7,0.0,0.5,0.0,0.01,0.01,4.93,0.0,0.0,0.0,1.46,78.4,392.0,148.0,5.6,445.0,160.0,10.0,413.0,153.0,9.4,425.0,153.0,,,,33,,Sebastiaan,Bornauw,Bornauw,,,304,0,0,1,4,0,0,0,1,0,0,4,38,,,,0.0,0.3,1.18,1.18,11.25,6,32,7
346,a,,,3.7,817,259.0,0,0.0,-3,3.0,0.3,328,119.0,1,0,1.0,449.0,160.0,0,-2,0.0,342.0,108.0,0.0,0.3,0.0,39532,30,38087,23,0.0,0.5,0.0,0.0,0.0,0.79,0.0,0.0,0.0,10.16,0.0,511.0,180.0,0.0,493.0,178.0,0.0,459.0,171.0,0.0,513.0,180.0,,,,33,,Sam,Byram,Byram,,,7,0,0,0,1,0,0,0,0,0,0,0,0,,,,0.0,0.0,12.86,0.0,0.0,0,0,0
347,a,100.0,100.0,3.8,794,238.0,0,0.0,-2,2.0,3.4,100,35.0,62,1,2.0,332.0,121.0,8,257,0.8,214.0,67.0,0.2,16.3,0.0,995994,43,916321,315,0.0,2.1,1.1,2.33,3.42,39.04,0.04,0.08,0.12,1.42,408.0,140.0,60.0,346.5,82.0,20.0,154.0,194.0,47.0,90.9,129.0,38.0,,,,33,,Gabriel,Gudmundsson,Gudmundsson,,,2474,0,0,4,43,1,0,0,4,1,0,30,205,,,,0.0,0.15,1.57,1.09,6.16,63,107,110
348,d,25.0,25.0,3.9,756,216.0,0,0.0,-1,1.0,3.1,110,41.0,99,0,3.4,134.0,46.0,5,330,1.5,139.0,53.0,0.4,25.4,0.0,1200028,5,1097455,509,0.0,0.9,1.2,0.4,1.6,39.93,0.04,0.01,0.05,1.41,611.8,46.0,21.0,86.7,297.0,93.0,183.0,169.0,37.0,88.4,137.0,43.0,,,,33,,Joe,Rodon,Rodon,Ankle injury - 25% chance of playing,,2546,2,0,5,46,0,0,0,1,0,0,29,269,,,,0.0,0.18,1.63,1.03,8.52,32,209,73
349,u,0.0,0.0,4.0,695,177.0,0,0.0,0,0.0,0.1,558,200.0,0,0,0.0,604.0,222.0,0,0,0.0,443.0,164.0,0.0,0.0,0.0,788,0,16009,0,0.0,0.0,0.0,0.0,0.0,0.0,0.0,0.0,0.0,0.0,0.0,594.0,221.0,0.0,585.0,221.0,0.0,554.0,217.0,0.0,596.0,221.0,,,,33,,Isaac,Schmidt,Schmidt,has joined Werder Bremen on loan for the rest of the season.,,0,0,0,0,0,0,0,0,0,0,0,0,0,,,,0.0,0.0,0.0,0.0,0.0,0,0,0
350,a,,,5.4,167,105.0,0,0.0,-1,1.0,1.4,166,59.0,115,1,3.6,105.0,47.0,5,393,2.2,106.0,43.0,0.4,21.3,0.0,336165,51,173607,494,0.0,4.9,4.22,3.04,7.26,30.21,0.18,0.13,0.31,1.31,417.0,129.0,43.0,406.8,66.0,52.0,448.0,43.0,26.0,127.1,59.0,38.0,,,,33,,Brenden,Aaronson,Aaronson,,,2077,4,7,8,28,0,0,0,1,0,0,26,184,,,,0.0,0.35,1.22,1.13,7.98,46,26,112
351,a,100.0,100.0,5.1,239,143.0,0,0.0,-4,4.0,0.1,510,185.0,23,0,1.4,426.0,187.0,0,91,0.2,335.0,160.0,0.0,4.5,0.0,9922,2,40730,4,0.0,0.9,0.29,0.58,0.87,9.04,0.07,0.13,0.2,2.07,62.8,405.0,176.0,90.7,292.0,172.0,43.0,345.0,179.0,19.5,387.0,178.0,,,,33,,Wilfried,Gnonto,Gnonto,,,393,0,2,1,11,0,0,0,3,0,0,4,43,,,,0.0,0.23,2.52,0.92,9.85,14,11,18
352,u,0.0,0.0,5.1,228,139.0,0,0.0,-4,4.0,0.0,601,227.0,12,0,1.1,448.0,200.0,0,51,0.0,752.0,323.0,0.0,2.4,0.0,6000,0,18732,0,0.0,0.0,0.28,0.23,0.51,3.82,0.1,0.08,0.18,1.31,30.0,437.0,192.0,49.4,353.0,185.0,35.0,359.0,185.0,11.5,420.0,191.0,,,,33,,Jack,Harrison,Harrison,has joined ACF Fiorentina on loan for the rest of the season.,,262,0,0,0,5,0,0,0,0,0,0,1,24,,,,0.0,0.0,1.72,0.34,8.24,5,6,13
353,d,25.0,25.0,5.2,205,127.0,0,0.0,-3,3.0,0.1,488,172.0,18,0,1.2,442.0,198.0,0,72,0.2,337.0,162.0,0.0,3.5,0.0,8433,0,53113,1,0.0,0.2,0.71,0.59,1.3,10.53,0.16,0.13,0.29,2.34,47.2,417.0,183.0,113.3,262.0,160.0,103.0,258.0,141.0,26.5,360.0,171.0,,,,33,,Daniel,James,James,Muscle injury - 25% chance of playing,,405,0,0,1,13,0,0,0,0,0,0,4,26,,,,0.0,0.22,2.89,0.89,5.78,5,3,18
354,a,100.0,100.0,4.9,298,185.0,0,0.0,-1,1.0,0.6,250,90.0,106,1,3.5,121.0,53.0,6,481,2.2,104.0,42.0,0.4,21.6,0.0,112499,21,48856,170,0.0,4.9,1.9,2.08,3.98,39.13,0.06,0.07,0.13,1.36,513.6,79.0,24.0,329.2,97.0,72.0,112.0,247.0,136.0,95.8,111.0,62.0,,,,33,,Ethan,Ampadu,Ampadu,,,2596,1,2,6,42,0,0,0,8,0,0,30,352,,,,0.0,0.21,1.46,1.04,12.22,71,126,155
355,u,0.0,0.0,4.9,316,196.0,0,0.0,-1,1.0,0.0,637,248.0,0,0,0.0,777.0,335.0,0,0,0.0,712.0,293.0,0.0,0.0,0.0,1234,0,10140,1,0.0,0.0,0.0,0.0,0.0,0.0,0.0,0.0,0.0,0.0,0.0,776.0,334.0,0.0,772.0,334.0,0.0,768.0,332.0,0.0,776.0,334.0,,,,33,,Sam,Greenwood,Greenwood,has joined Pogon Szczecin permanently.,,0,0,0,0,0,0,0,0,0,0,0,0,0,,,,0.0,0.0,0.0,0.0,0.0,0,0,0
356,a,,,4.7,391,243.0,0,0.0,-3,3.0,0.1,459,157.0,55,0,2.5,267.0,109.0,3,242,0.2,328.0,153.0,0.0,11.7,0.0,22836,4,16129,17,0.0,0.9,0.49,0.86,1.35,25.27,0.03,0.06,0.09,1.74,197.8,280.0,117.0,170.9,201.0,130.0,64.0,310.0,165.0,43.0,297.0,147.0,4.0,,,33,,Ilia,Gruev,Gruev,,,1306,0,4,5,23,0,0,0,3,0,0,15,112,,,,0.0,0.34,1.58,1.03,7.72,23,39,50
357,u,0.0,0.0,4.9,320,198.0,0,0.0,-1,1.0,0.0,719,298.0,0,0,0.0,779.0,337.0,0,0,0.0,715.0,295.0,0.0,0.0,0.0,203,0,4332,0,0.0,0.0,0.0,0.0,0.0,0.0,0.0,0.0,0.0,0.0,0.0,778.0,336.0,0.0,774.0,336.0,0.0,770.0,334.0,0.0,778.0,336.0,,,,33,,Largie,Ramazani,Ramazani,has joined Valencia on loan for the rest of the season.,,0,0,0,0,0,0,0,0,0,0,0,0,0,,,,0.0,0.0,0.0,0.0,0.0,0,0,0
358,a,100.0,100.0,4.8,361,224.0,0,0.0,-2,2.0,0.2,375,129.0,47,1,2.0,339.0,145.0,2,193,1.0,184.0,80.0,0.2,9.8,0.0,56572,15,64094,14,0.0,2.5,1.27,1.18,2.45,14.06,0.14,0.13,0.27,1.5,170.4,305.0,135.0,202.1,177.0,117.0,91.0,271.0,146.0,46.3,285.0,142.0,,,,33,,Tanaka,Ao,Tanaka,,,849,2,0,2,17,0,0,0,1,0,0,9,93,,,,0.0,0.21,1.81,0.96,9.89,19,24,50
359,u,0.0,0.0,4.5,460,278.0,0,0.0,0,0.0,0.0,797,351.0,0,0,0.0,721.0,293.0,0,0,0.0,623.0,228.0,0.0,0.0,0.0,0,0,973,0,0.0,0.0,0.0,0.0,0.0,0.0,0.0,0.0,0.0,0.0,0.0,716.0,288.0,0.0,711.0,290.0,0.0,695.0,283.0,0.0,717.0,289.0,,,,33,,Charlie,Crew,Crew,Has joined Doncaster Rovers on loan for the rest of the season.,,0,0,0,0,0,0,0,0,0,0,0,0,0,,,,0.0,0.0,0.0,0.0,0.0,0,0,0
360,u,0.0,0.0,4.5,440,263.0,0,0.0,0,0.0,0.0,760,323.0,0,0,0.0,710.0,282.0,0,0,0.0,608.0,216.0,0.0,0.0,0.0,0,0,2904,0,0.0,0.0,0.0,0.0,0.0,0.0,0.0,0.0,0.0,0.0,0.0,704.0,276.0,0.0,700.0,279.0,0.0,683.0,272.0,0.0,706.0,278.0,,,,33,,Joe,Gelhardt,Gelhardt,Has joined Hull City on loan for the rest of the season.,,0,0,0,0,0,0,0,0,0,0,0,0,0,,,,0.0,0.0,0.0,0.0,0.0,0,0,0
361,u,0.0,0.0,4.5,441,264.0,0,0.0,0,0.0,0.0,670,269.0,0,0,0.0,711.0,283.0,0,0,0.0,609.0,217.0,0.0,0.0,0.0,1165,0,8443,0,0.0,0.0,0.0,0.0,0.0,0.0,0.0,0.0,0.0,0.0,0.0,705.0,277.0,0.0,701.0,280.0,0.0,684.0,273.0,0.0,707.0,279.0,,,,33,,Darko,Gyabi,Gyabi,has joined Hull City permanently.,,0,0,0,0,0,0,0,0,0,0,0,0,0,,,,0.0,0.0,0.0,0.0,0.0,0,0,0
362,a,100.0,100.0,4.9,315,58.0,0,0.0,-6,6.0,0.3,304,46.0,14,0,1.1,447.0,55.0,0,34,0.0,711.0,76.0,0.0,2.9,0.0,39412,1,221259,6,0.0,0.5,0.81,0.13,0.94,5.3,0.34,0.05,0.39,2.22,10.6,463.0,55.0,36.9,372.0,48.0,96.0,267.0,47.0,13.8,404.0,51.0,,,3.0,33,,Joël,Piroe,Piroe,,,215,0,0,1,7,0,0,0,0,0,0,2,11,,,,0.0,0.42,2.93,0.84,4.6,1,1,9
363,u,0.0,0.0,4.9,287,57.0,0,0.0,-1,1.0,0.3,311,49.0,0,0,0.0,771.0,85.0,0,0,0.0,697.0,75.0,0.0,0.0,0.0,16144,0,203171,1,0.0,0.0,0.0,0.0,0.0,0.0,0.0,0.0,0.0,0.0,0.0,770.0,85.0,0.0,766.0,84.0,0.0,762.0,84.0,0.0,770.0,85.0,,,,33,,Patrick,Bamford,Bamford,has departed the club as a free agent.,,0,0,0,0,0,0,0,0,0,0,0,0,0,,,,0.0,0.0,0.0,0.0,0.0,0,0,0
364,u,0.0,0.0,5.0,278,56.0,0,0.0,0,0.0,0.0,748,91.0,0,0,0.0,798.0,88.0,0,0,0.0,744.0,81.0,0.0,0.0,0.0,0,0,2428,0,0.0,0.0,0.0,0.0,0.0,0.0,0.0,0.0,0.0,0.0,0.0,797.0,88.0,0.0,795.0,88.0,0.0,790.0,88.0,0.0,797.0,88.0,,,,33,,Mateo,Joseph Fernández-Regatillo,Mateo Joseph,Has joined RCD Mallorca on loan for the rest of the season.,,0,0,0,0,0,0,0,0,0,0,0,0,0,,,,0.0,0.0,0.0,0.0,0.0,0,0,0
365,a,100.0,100.0,5.0,246,52.0,0,0.0,0,0.0,0.6,252,35.0,66,0,2.6,250.0,26.0,8,236,0.5,268.0,35.0,0.1,13.2,0.0,216200,5,226251,47,0.0,1.5,6.22,0.92,7.14,16.78,0.65,0.1,0.75,1.74,260.6,236.0,20.0,94.5,287.0,31.0,346.0,74.0,26.0,70.2,198.0,25.0,,,2.0,33,,Lukas,Nmecha,Nmecha,,,866,6,1,3,18,0,0,1,0,0,0,9,42,,,,0.0,0.31,1.87,0.94,4.36,8,12,22
493,a,100.0,100.0,4.8,350,220.0,0,0.0,-2,2.0,0.2,362,123.0,45,0,2.5,269.0,111.0,4,237,0.2,329.0,154.0,0.0,9.4,0.0,178087,2,182387,5,0.0,0.9,0.83,1.48,2.31,13.97,0.08,0.14,0.22,1.33,240.6,251.0,106.0,359.4,79.0,60.0,71.0,299.0,160.0,67.1,205.0,101.0,2.0,2.0,,33,,Sean,Longstaff,Longstaff,,,947,1,2,1,19,0,0,0,2,0,0,10,100,,,,0.0,0.1,1.81,0.95,9.5,37,25,38
660,d,25.0,25.0,4.8,365,227.0,0,0.0,-2,2.0,1.8,144,50.0,122,0,4.7,24.0,10.0,11,498,0.8,221.0,104.0,0.2,25.4,0.0,1166485,3,996604,416,0.0,0.5,2.5,4.29,6.79,30.23,0.11,0.18,0.29,1.27,587.2,52.0,13.0,847.6,5.0,5.0,286.0,99.0,60.0,172.3,22.0,18.0,1.0,1.0,,33,,Anton,Stach,Stach,Ankle injury - 25% chance of playing,,2135,4,6,6,34,0,0,0,3,0,0,25,245,,,,0.0,0.25,1.43,1.05,10.33,57,76,112
665,a,100.0,100.0,4.4,528,26.0,0,0.0,-1,1.0,0.3,341,47.0,43,0,2.7,228.0,26.0,3,153,0.0,553.0,86.0,0.0,9.8,0.0,51612,12,68024,14,0.0,0.5,0.0,0.0,0.0,26.68,0.0,0.0,0.0,1.67,322.4,197.0,21.0,0.0,657.0,84.0,0.0,636.0,74.0,32.2,337.0,21.0,,,,33,,Lucas Estella,Perri,Perri,,,1440,0,0,3,29,0,0,0,2,0,38,16,39,,,,2.38,0.19,1.81,1.0,0.0,0,16,100
691,a,100.0,100.0,5.6,123,34.0,0,0.0,1,-1.0,12.3,29,5.0,113,1,3.8,84.0,7.0,16,361,1.2,173.0,24.0,0.2,20.2,0.0,3661369,619,2109133,2648,0.0,2.9,12.85,1.0,13.84,27.07,0.52,0.04,0.56,1.1,463.0,107.0,10.0,257.1,139.0,10.0,867.0,4.0,3.0,157.7,27.0,5.0,,,1.0,33,,Dominic,Calvert-Lewin,Calvert-Lewin,,,2220,10,2,6,29,0,0,1,1,0,0,25,83,,,,0.0,0.24,1.18,1.01,3.37,10,35,38
698,a,100.0,100.0,5.5,143,89.0,0,0.0,0,0.0,1.4,163,57.0,84,1,3.2,178.0,74.0,6,281,4.2,22.0,8.0,0.8,15.3,0.0,243210,121,62819,323,0.0,8.9,4.37,1.17,5.54,23.17,0.29,0.08,0.37,1.52,330.8,190.0,77.0,202.2,176.0,116.0,357.0,68.0,40.0,89.0,135.0,74.0,,,,33,,Noah,Okafor,Okafor,,,1377,6,2,4,25,0,0,0,3,0,0,17,92,,,,0.0,0.26,1.64,1.11,6.03,20,25,47
706,a,100.0,100.0,3.9,758,217.0,0,0.0,-1,1.0,1.4,167,65.0,63,1,2.6,243.0,94.0,6,236,2.0,107.0,38.0,0.5,16.2,0.0,240493,17,81339,248,0.0,4.5,1.31,1.05,2.36,23.48,0.09,0.07,0.16,1.55,312.2,202.0,80.0,156.7,211.0,56.0,149.0,204.0,51.0,61.9,231.0,79.0,3.0,,,33,,James,Justin,Justin,,,1370,1,1,4,19,0,0,0,3,0,0,16,136,,,,0.0,0.26,1.25,1.05,8.49,32,97,54
741,u,0.0,0.0,4.5,494,70.0,0,0.0,0,0.0,0.1,524,73.0,0,0,0.0,746.0,80.0,0,0,0.0,656.0,68.0,0.0,0.0,0.0,27606,0,24632,1,0.0,0.0,0.0,0.0,0.0,0.0,0.0,0.0,0.0,0.0,0.0,744.0,80.0,0.0,737.0,79.0,0.0,724.0,79.0,0.0,744.0,80.0,,,,33,,Harry,Gray,Gray,has joined Rotherham United on loan for the rest of the season.,,0,0,0,0,0,0,0,0,0,0,0,0,0,,,,0.0,0.0,0.0,0.0,0.0,0,0,0
787,a,,,4.4,560,336.0,0,0.0,-1,1.0,0.0,733,306.0,0,0,0.0,685.0,266.0,0,0,0.0,575.0,196.0,0.0,0.0,0.0,2425,1,1349,0,0.0,0.5,0.0,0.0,0.0,0.0,0.0,0.0,0.0,0.0,0.0,678.0,259.0,0.0,673.0,262.0,0.0,654.0,254.0,0.0,680.0,261.0,,,,33,,Sam,Chambers,Chambers,,,0,0,0,0,0,0,0,0,0,0,0,0,0,,,,0.0,0.0,0.0,0.0,0.0,0,0,0
366,i,0.0,0.0,5.4,155,4.0,0,0.0,-1,1.0,5.5,73,12.0,89,0,3.6,104.0,15.0,8,382,0.0,769.0,95.0,0.0,16.5,0.0,690963,1,1457014,413,0.0,0.0,0.0,0.03,0.03,28.02,0.0,0.0,0.0,1.12,468.4,104.0,17.0,0.1,492.0,16.0,0.0,800.0,93.0,46.7,282.0,18.0,,,,33,,Alisson,Becker,A.Becker,Muscle injury - Unknown return date,,2250,0,0,8,30,0,0,0,1,0,56,25,63,,,,2.24,0.32,1.2,1.0,0.0,0,37,221
367,a,,,4.1,656,37.0,0,0.0,-4,4.0,0.7,220,28.0,30,0,4.3,41.0,3.0,2,114,3.7,31.0,3.0,0.9,7.3,0.0,185475,443,178551,25,4.2,4.2,0.0,0.0,0.0,10.31,0.0,0.0,0.0,1.47,199.6,279.0,25.0,0.0,624.0,76.0,0.0,595.0,63.0,19.9,384.0,25.0,,,,33,,Giorgi,Mamardashvili,Mamardashvili,,,630,0,0,2,12,0,1,0,0,0,25,7,45,,,,3.57,0.29,1.71,1.0,0.0,0,9,55
368,a,,,3.8,814,95.0,0,0.0,-2,2.0,0.9,205,25.0,0,0,0.0,542.0,40.0,0,0,0.0,372.0,28.0,0.0,0.0,0.0,161183,24,71946,26,0.5,0.5,0.0,0.0,0.0,0.0,0.0,0.0,0.0,0.0,0.0,531.0,39.0,0.0,516.0,20.0,0.0,484.0,7.0,0.0,533.0,39.0,,,,33,,Ármin,Pécsi,Pécsi,,,0,0,0,0,0,0,0,0,0,0,0,0,0,,,,0.0,0.0,0.0,0.0,0.0,0,0,0
369,a,,,3.9,752,75.0,0,0.0,-1,1.0,0.2,398,56.0,0,0,0.0,551.0,47.0,0,0,0.0,383.0,36.0,0.0,0.0,0.0,22626,0,18431,1,0.5,0.5,0.0,0.0,0.0,0.0,0.0,0.0,0.0,0.0,0.0,541.0,47.0,0.0,528.0,30.0,0.0,496.0,17.0,0.0,543.0,47.0,,,,33,,Freddie,Woodman,Woodman,,,0,0,0,0,0,0,0,0,0,0,0,0,0,,,,0.0,0.0,0.0,0.0,0.0,0,0,0
370,a,100.0,100.0,5.7,115,10.0,0,0.0,-3,3.0,5.2,75,24.0,57,0,3.6,107.0,37.0,1,227,2.0,122.0,48.0,0.4,10.0,0.0,696517,202,3390088,48,2.5,2.5,0.43,1.41,1.84,8.9,0.05,0.16,0.21,0.98,118.0,356.0,136.0,214.0,170.0,43.0,139.0,217.0,56.0,47.2,280.0,90.0,,,,33,,Jeremie,Frimpong,Frimpong,,,815,0,5,5,9,0,0,0,1,0,0,10,32,,,,0.0,0.55,0.99,1.1,3.09,9,19,42
371,a,,,5.6,132,14.0,0,0.0,-4,4.0,3.1,111,42.0,79,0,2.8,224.0,90.0,4,335,2.3,97.0,34.0,0.4,14.1,0.0,375670,136,825832,38,2.8,2.8,1.47,0.65,2.12,26.97,0.07,0.03,0.1,1.2,410.0,138.0,58.0,381.2,72.0,15.0,135.0,222.0,57.0,92.8,121.0,35.0,,,,33,,Milos,Kerkez,Kerkez,,,2026,2,1,6,31,0,0,0,4,0,0,25,151,,,,0.0,0.27,1.38,1.11,5.55,40,85,78
372,a,,,5.7,112,9.0,0,0.0,-3,3.0,1.0,195,74.0,43,0,2.1,329.0,119.0,4,174,2.3,98.0,35.0,0.4,7.5,0.0,63407,18,138351,10,2.8,2.8,0.68,1.05,1.72,11.26,0.07,0.11,0.18,1.19,168.6,308.0,117.0,255.5,140.0,36.0,97.0,266.0,75.0,52.3,261.0,85.0,,,,33,,Andrew,Robertson,Robertson,,,854,0,0,4,11,0,0,0,0,0,0,7,55,,,,0.0,0.42,1.16,0.74,4.74,11,34,32
373,a,,,6.3,64,2.0,0,0.0,3,-3.0,32.1,9,3.0,144,0,4.5,32.0,14.0,10,505,4.0,29.0,11.0,0.6,22.9,0.0,4769777,1970,3991643,383,4.5,4.5,2.78,1.21,3.99,38.33,0.09,0.04,0.13,1.2,951.0,3.0,1.0,197.2,182.0,47.0,391.0,59.0,2.0,153.9,30.0,1.0,,,,33,,Virgil,van Dijk,Virgil,,,2880,3,1,10,42,0,0,0,4,0,0,32,329,,,,0.0,0.31,1.31,1.0,9.5,23,281,70
374,a,100.0,100.0,5.5,138,16.0,0,0.0,0,0.0,4.0,94,31.0,117,0,3.9,72.0,27.0,8,467,2.0,120.0,47.0,0.4,21.3,0.0,858730,329,797867,95,2.5,2.5,1.05,0.92,1.97,31.89,0.04,0.03,0.07,1.12,661.6,38.0,15.0,142.3,231.0,60.0,96.0,269.0,77.0,90.2,132.0,40.0,,,,33,,Ibrahima,Konaté,Konaté,,,2570,1,0,10,34,0,0,0,6,0,0,30,277,,,,0.0,0.35,1.19,1.05,8.82,47,205,96
375,i,0.0,0.0,4.9,333,55.0,0,0.0,-1,1.0,0.1,423,156.0,42,0,2.8,219.0,88.0,2,157,0.0,723.0,252.0,0.0,8.6,0.0,62742,0,72325,3,0.0,0.0,0.18,0.84,1.02,10.77,0.02,0.08,0.1,1.04,157.4,318.0,119.0,105.2,271.0,79.0,62.0,317.0,98.0,32.3,336.0,113.0,,,,33,,Conor,Bradley,Bradley,Knee injury - Expected back 01 Jun,,928,0,2,4,13,0,0,0,5,0,0,12,82,,,,0.0,0.39,1.26,1.16,6.3,19,46,43
376,i,0.0,0.0,4.9,295,46.0,0,0.0,-1,1.0,0.1,418,154.0,31,0,1.8,376.0,141.0,2,91,0.3,302.0,98.0,0.1,6.3,0.0,24922,1,30637,8,0.0,0.0,0.23,0.62,0.85,8.02,0.04,0.11,0.15,1.41,114.6,361.0,138.0,71.6,314.0,104.0,26.0,375.0,129.0,21.3,379.0,133.0,,,,33,,Joe,Gomez,Gomez,Muscle injury - Unknown return date,,512,0,2,2,12,0,0,0,2,0,0,6,40,,,,0.0,0.35,2.11,1.05,6.86,8,31,18
377,u,0.0,0.0,4.8,354,58.0,0,0.0,-2,2.0,0.0,598,214.0,0,0,0.0,769.0,263.0,0,0,0.0,691.0,249.0,0.0,0.0,0.0,1669,0,12290,0,0.0,0.0,0.0,0.0,0.0,0.0,0.0,0.0,0.0,0.0,0.0,768.0,263.0,0.0,763.0,263.0,0.0,755.0,263.0,0.0,768.0,263.0,,,,33,,Konstantinos,Tsimikas,Tsimikas,has joined AS Roma on loan for the rest of the season.,,0,0,0,0,0,0,0,0,0,0,0,0,0,,,,0.0,0.0,0.0,0.0,0.0,0,0,0
378,a,100.0,100.0,3.7,826,268.0,0,0.0,-3,3.0,0.9,197,75.0,0,0,0.0,527.0,186.0,0,0,0.0,349.0,115.0,0.0,0.0,0.0,230121,9,138093,38,0.5,0.5,0.0,0.0,0.0,0.0,0.0,0.0,0.0,0.0,0.0,516.0,185.0,0.0,499.0,184.0,0.0,466.0,178.0,0.0,518.0,185.0,,,,33,,Amara,Nallo,Nallo,,,0,0,0,0,0,0,0,0,0,0,0,0,0,,,,0.0,0.0,0.0,0.0,0.0,0,0,0
379,a,,,3.7,818,260.0,0,0.0,-3,3.0,0.6,256,97.0,0,0,0.0,523.0,182.0,0,0,0.0,343.0,109.0,0.0,0.0,0.0,99821,8,62980,17,0.5,0.5,0.0,0.0,0.0,0.0,0.0,0.0,0.0,0.0,0.0,512.0,181.0,0.0,494.0,179.0,0.0,460.0,172.0,0.0,514.0,181.0,,,,33,,Rhys,Williams,R.Williams,,,0,0,0,0,0,0,0,0,0,0,0,0,0,,,,0.0,0.0,0.0,0.0,0.0,0,0,0
380,a,,,3.7,820,262.0,0,0.0,-3,3.0,0.2,355,129.0,0,0,0.0,524.0,183.0,0,0,0.0,345.0,111.0,0.0,0.0,0.0,30323,16,33113,9,0.5,0.5,0.0,0.0,0.0,0.0,0.0,0.0,0.0,0.0,0.0,513.0,182.0,0.0,495.0,180.0,0.0,462.0,174.0,0.0,515.0,182.0,,,,33,,Calvin,Ramsay,Ramsay,,,0,0,0,0,0,0,0,0,0,0,0,0,0,,,,0.0,0.0,0.0,0.0,0.0,0,0,0
381,a,100.0,100.0,14.0,2,1.0,0,0.0,-5,5.0,14.0,22,8.0,105,0,4.6,28.0,12.0,7,332,2.7,81.0,35.0,0.2,7.5,0.0,1444407,507,6006190,60,3.2,3.2,7.37,4.79,12.16,27.63,0.35,0.23,0.58,1.3,445.8,120.0,39.0,672.9,14.0,14.0,712.0,14.0,5.0,183.1,15.0,11.0,2.0,4.0,1.0,33,,Mohamed,Salah,M.Salah,,,1907,6,6,7,32,0,0,0,1,0,0,20,92,,,,0.0,0.33,1.51,0.94,4.34,14,10,68
382,a,100.0,100.0,8.3,13,8.0,0,0.0,-2,2.0,9.0,42,14.0,111,0,4.0,64.0,29.0,16,465,2.7,80.0,34.0,0.3,13.4,0.0,2267199,717,4865890,143,3.2,3.2,5.97,4.61,10.57,27.12,0.26,0.2,0.46,1.18,461.6,111.0,36.0,804.2,7.0,7.0,591.0,25.0,11.0,185.6,14.0,10.0,4.0,5.0,,33,,Florian,Wirtz,Wirtz,,,2070,4,4,10,25,0,0,0,1,0,0,24,153,,,,0.0,0.43,1.09,1.04,6.65,31,22,100
383,u,0.0,0.0,8.0,16,11.0,0,0.0,0,0.0,0.0,607,231.0,0,0,0.0,825.0,370.0,0,0,0.0,821.0,367.0,0.0,0.0,0.0,0,0,7365,0,0.0,0.0,0.0,0.0,0.0,0.0,0.0,0.0,0.0,0.0,0.0,825.0,370.0,0.0,825.0,370.0,0.0,825.0,370.0,0.0,825.0,370.0,,,,33,,Luis,Díaz Marulanda,Luis Díaz,Has joined Bayern Munch permanently.,,0,0,0,0,0,0,0,0,0,0,0,0,0,,,,0.0,0.0,0.0,0.0,0.0,0,0,0
384,a,100.0,100.0,7.3,27,17.0,0,0.0,-2,2.0,5.6,72,24.0,112,0,3.7,102.0,46.0,5,394,2.7,79.0,33.0,0.4,15.3,0.0,3458064,259,3847288,70,3.2,3.2,6.72,4.31,11.03,25.74,0.27,0.17,0.44,1.04,453.8,115.0,38.0,609.5,24.0,23.0,711.0,15.0,6.0,177.3,18.0,14.0,3.0,,3.0,33,,Cody,Gakpo,Gakpo,,,2234,6,4,10,29,0,0,0,2,0,0,26,132,,,,0.0,0.4,1.17,1.05,5.32,26,30,76
385,a,100.0,100.0,6.3,69,45.0,0,0.0,-2,2.0,0.3,340,117.0,34,0,1.5,418.0,183.0,0,125,0.0,810.0,359.0,0.0,5.4,0.0,56784,0,69852,2,0.5,0.5,1.36,0.61,1.97,5.41,0.44,0.2,0.64,1.76,119.8,351.0,159.0,46.9,359.0,187.0,147.0,207.0,115.0,31.1,341.0,166.0,,,,33,,Federico,Chiesa,Chiesa,,,277,2,1,0,7,0,0,0,3,0,0,1,29,,,,0.0,0.0,2.27,0.32,9.42,8,13,8
386,a,100.0,100.0,6.3,71,47.0,0,0.0,-2,2.0,2.1,135,44.0,86,0,2.8,226.0,91.0,6,399,0.7,243.0,115.0,0.1,13.7,0.0,372218,28,367844,108,1.2,1.2,3.38,1.36,4.74,28.46,0.14,0.06,0.2,1.17,388.6,152.0,53.0,440.8,52.0,44.0,304.0,91.0,54.0,113.4,82.0,51.0,,,4.0,33,,Alexis,Mac Allister,Mac Allister,,,2198,2,3,7,31,0,0,0,5,0,0,26,191,,,,0.0,0.29,1.27,1.06,7.82,43,55,93
387,a,100.0,100.0,7.1,35,20.0,0,0.0,6,-6.0,12.9,26,9.0,128,0,4.3,45.0,19.0,17,628,2.7,78.0,32.0,0.4,18.0,0.0,3042787,1220,1792569,355,3.2,3.2,3.84,5.23,9.07,36.33,0.13,0.17,0.3,1.21,700.6,30.0,7.0,1034.3,2.0,2.0,321.0,82.0,48.0,205.5,6.0,4.0,1.0,2.0,2.0,33,,Dominik,Szoboszlai,Szoboszlai,,,2692,5,3,9,41,0,0,1,7,1,0,30,300,,,,0.0,0.3,1.37,1.0,10.03,46,90,164
388,a,100.0,100.0,5.4,164,103.0,0,0.0,-1,1.0,0.1,470,163.0,55,0,2.0,344.0,150.0,3,312,2.3,93.0,39.0,0.4,10.2,0.0,29788,5,35443,1,2.8,2.8,1.49,2.37,3.86,22.14,0.1,0.15,0.25,1.44,259.4,238.0,101.0,336.6,90.0,66.0,185.0,167.0,93.0,78.1,167.0,86.0,,,,33,,Curtis,Jones,C.Jones,,,1387,0,2,3,26,0,0,0,1,0,0,12,158,,,,0.0,0.19,1.69,0.78,10.25,29,29,100
390,a,100.0,100.0,5.5,144,90.0,0,0.0,0,0.0,4.2,91,29.0,125,0,4.2,48.0,20.0,14,587,1.3,157.0,67.0,0.2,22.7,0.0,2069726,108,1664199,200,1.8,1.8,1.63,2.06,3.69,32.5,0.06,0.07,0.13,1.14,602.0,51.0,12.0,422.6,59.0,48.0,173.0,175.0,97.0,119.5,71.0,44.0,,,,33,,Ryan,Gravenberch,Gravenberch,,,2563,4,5,9,34,0,0,0,5,0,0,29,268,,,,0.0,0.32,1.19,1.02,9.41,52,100,116
392,i,0.0,0.0,4.9,292,181.0,0,0.0,-1,1.0,0.1,517,188.0,12,0,1.5,414.0,180.0,0,49,0.0,700.0,285.0,0.0,2.4,0.0,7384,0,15393,1,0.0,0.0,0.04,0.05,0.09,4.11,0.02,0.03,0.05,2.18,56.0,411.0,179.0,18.1,404.0,202.0,6.0,432.0,209.0,8.0,431.0,194.0,,,,33,,Endo,Wataru,Endo,Foot injury - Unknown return date,,170,0,1,1,5,0,0,0,1,0,0,1,23,,,,0.0,0.53,2.65,0.53,12.18,7,13,3
393,i,0.0,0.0,4.2,644,370.0,0,0.0,-3,3.0,0.1,503,182.0,0,0,0.0,648.0,243.0,0,0,0.0,504.0,164.0,0.0,0.0,0.0,17457,15,13634,13,0.0,0.0,0.0,0.0,0.0,0.0,0.0,0.0,0.0,0.0,0.0,640.0,234.0,0.0,634.0,239.0,0.0,608.0,225.0,0.0,642.0,236.0,,,,33,,Stefan,Bajčetić Maquieira,Bajcetic,Hamstring injury - Unknown return date,,0,0,0,0,0,0,0,0,0,0,0,0,0,,,,0.0,0.0,0.0,0.0,0.0,0,0,0
394,u,0.0,0.0,4.4,547,327.0,0,0.0,-1,1.0,0.0,685,277.0,0,0,0.0,676.0,260.0,0,0,0.0,564.0,188.0,0.0,0.0,0.0,1737,0,4112,1,0.0,0.0,0.0,0.0,0.0,0.0,0.0,0.0,0.0,0.0,0.0,668.0,252.0,0.0,664.0,256.0,0.0,643.0,246.0,0.0,670.0,254.0,,,,33,,James,McConnell,McConnell,has joined Ajax on loan for the rest of the season.,,0,0,0,0,0,0,0,0,0,0,0,0,0,,,,0.0,0.0,0.0,0.0,0.0,0,0,0
395,u,0.0,0.0,4.5,433,257.0,0,0.0,0,0.0,0.0,806,357.0,0,0,0.0,703.0,276.0,0,0,0.0,601.0,210.0,0.0,0.0,0.0,0,0,361,0,0.0,0.0,0.0,0.0,0.0,0.0,0.0,0.0,0.0,0.0,0.0,697.0,270.0,0.0,693.0,273.0,0.0,676.0,266.0,0.0,699.0,272.0,,,,33,,Tyler,Morton,Morton,Has joined Lyon permanently.,,0,0,0,0,0,0,0,0,0,0,0,0,0,,,,0.0,0.0,0.0,0.0,0.0,0,0,0
396,a,,,4.3,612,361.0,0,0.0,-2,2.0,0.3,323,113.0,5,0,1.0,471.0,205.0,0,9,0.3,297.0,138.0,0.1,1.2,0.0,98710,3,85642,3,0.8,0.8,0.37,0.01,0.38,0.41,2.38,0.06,2.44,2.64,2.4,492.0,227.0,12.7,418.0,208.0,4.0,436.0,213.0,1.8,472.0,214.0,,,,33,,Trey,Nyoni,Nyoni,,,14,0,0,0,1,0,0,0,0,0,0,0,2,,,,0.0,0.0,6.43,0.0,12.86,0,0,2
397,u,0.0,0.0,6.5,50,18.0,0,0.0,0,0.0,0.1,556,77.0,0,0,0.0,821.0,91.0,0,0,0.0,814.0,91.0,0.0,0.0,0.0,0,0,15975,0,0.0,0.0,0.0,0.0,0.0,0.0,0.0,0.0,0.0,0.0,0.0,821.0,91.0,0.0,821.0,91.0,0.0,821.0,91.0,0.0,821.0,91.0,,,,33,,Darwin,Núñez Ribeiro,Darwin,Has joined Al-Hilal permanently.,,0,0,0,0,0,0,0,0,0,0,0,0,0,,,,0.0,0.0,0.0,0.0,0.0,0,0,0
398,i,0.0,0.0,4.3,601,84.0,0,0.0,-2,2.0,0.1,480,68.0,0,0,0.0,657.0,66.0,0,0,0.0,529.0,53.0,0.0,0.0,0.0,9386,0,20096,3,0.0,0.0,0.0,0.0,0.0,0.0,0.0,0.0,0.0,0.0,0.0,647.0,66.0,0.0,642.0,65.0,0.0,619.0,65.0,0.0,649.0,66.0,,,,33,,Jayden,Danns,Danns,Hamstring injury - Unknown return date,,0,0,0,0,0,0,0,0,0,0,0,0,0,,,,0.0,0.0,0.0,0.0,0.0,0,0,0
499,a,100.0,100.0,10.3,5,2.0,0,0.0,-2,2.0,3.7,98,17.0,30,0,2.7,241.0,24.0,2,97,0.3,318.0,44.0,0.0,2.9,0.0,1822425,1682,2421129,36,0.8,0.8,2.04,0.07,2.11,5.55,0.35,0.01,0.36,0.96,105.6,366.0,38.0,37.6,371.0,47.0,143.0,211.0,42.0,27.8,354.0,41.0,,,,33,,Alexander,Isak,Isak,,,522,2,1,1,7,0,0,0,0,0,0,6,25,,,,0.0,0.17,1.21,1.03,4.31,6,8,11
661,i,0.0,0.0,9.2,7,3.0,0,0.0,7,-7.0,22.7,13,4.0,125,0,4.5,35.0,5.0,22,433,0.3,317.0,43.0,0.0,13.6,0.0,9186437,5,8697265,15299,0.0,0.0,10.1,2.45,12.55,26.11,0.51,0.12,0.63,1.31,525.8,77.0,5.0,307.2,109.0,5.0,739.0,10.0,6.0,156.2,28.0,6.0,,,,33,,Hugo,Ekitiké,Ekitiké,Achilles injury - Expected back 01 Jul,,1797,11,4,7,25,0,0,0,0,0,0,21,85,,,,0.0,0.35,1.25,1.05,4.26,11,32,42
686,a,,,4.3,617,365.0,0,0.0,-2,2.0,1.0,196,71.0,31,0,2.2,309.0,134.0,3,147,4.0,24.0,9.0,0.9,7.2,0.0,292531,367,199105,40,4.5,4.5,0.94,1.74,2.68,5.42,0.3,0.55,0.85,1.71,140.6,333.0,149.0,153.3,218.0,140.0,151.0,201.0,111.0,44.6,292.0,145.0,,,,33,,Rio,Ngumoha,Ngumoha,,,286,2,0,2,5,0,0,0,0,0,0,2,18,,,,0.0,0.63,1.57,0.63,5.66,2,4,12
692,i,0.0,0.0,4.9,345,57.0,0,0.0,-1,1.0,0.0,721,251.0,0,0,0.0,789.0,264.0,0,0,0.0,729.0,253.0,0.0,0.0,0.0,1939,0,2586,1,0.0,0.0,0.0,0.0,0.0,0.0,0.0,0.0,0.0,0.0,0.0,788.0,264.0,0.0,784.0,264.0,0.0,780.0,264.0,0.0,788.0,264.0,,,,33,,Giovanni,Leoni,Leoni,Knee injury - Expected back 01 Sep,,0,0,0,0,0,0,0,0,0,0,0,0,0,,,,0.0,0.0,0.0,0.0,0.0,0,0,0
746,a,,,4.5,492,303.0,0,0.0,0,0.0,0.0,746,315.0,0,0,0.0,745.0,312.0,0,0,0.0,654.0,253.0,0.0,0.0,0.0,1080,0,920,0,0.5,0.5,0.0,0.0,0.0,0.0,0.0,0.0,0.0,0.0,0.0,743.0,310.0,0.0,736.0,310.0,0.0,723.0,306.0,0.0,743.0,310.0,,,,33,,Kieran,Morrison,Morrison,,,0,0,0,0,0,0,0,0,0,0,0,0,0,,,,0.0,0.0,0.0,0.0,0.0,0,0,0
760,a,,,4.0,711,186.0,0,0.0,0,0.0,0.0,686,241.0,0,0,0.0,614.0,227.0,0,0,0.0,457.0,172.0,0.0,0.0,0.0,1229,2,1120,0,0.5,0.5,0.0,0.0,0.0,0.0,0.0,0.0,0.0,0.0,0.0,605.0,227.0,0.0,597.0,227.0,0.0,566.0,223.0,0.0,607.0,227.0,,,,33,,Wellity,Lucky,Lucky,,,0,0,0,0,0,0,0,0,0,0,0,0,0,,,,0.0,0.0,0.0,0.0,0.0,0,0,0
82,a,100.0,100.0,8.2,14,9.0,0,0.0,12,-12.0,56.7,2,1.0,176,0,5.9,5.0,2.0,17,582,0.7,247.0,117.0,0.1,21.5,0.0,12584370,449,6861097,4859,0.0,1.9,10.22,2.36,12.58,41.79,0.34,0.08,0.42,1.4,807.6,8.0,2.0,514.8,36.0,33.0,892.0,3.0,1.0,221.3,4.0,2.0,,4.0,,33,,Antoine,Semenyo,Semenyo,,,2680,15,6,9,47,0,0,1,7,0,0,30,211,,,,0.0,0.3,1.58,1.01,7.09,40,41,130
182,a,,,4.5,431,23.0,0,0.0,-5,5.0,0.9,199,24.0,11,0,3.7,88.0,12.0,0,62,0.0,599.0,89.0,0.0,2.4,0.0,100787,8,274564,12,0.0,0.5,0.0,0.0,0.0,3.97,0.0,0.0,0.0,1.32,100.2,372.0,28.0,0.0,691.0,87.0,0.0,674.0,77.0,10.1,422.0,28.0,,,,33,,James,Trafford,Trafford,,,270,0,0,1,4,0,0,0,0,0,11,3,41,,,,3.67,0.33,1.33,1.0,0.0,2,6,33
260,a,100.0,100.0,5.1,226,31.0,0,0.0,6,-6.0,34.5,6,2.0,150,0,5.2,9.0,2.0,12,564,5.0,13.0,6.0,1.0,29.4,0.0,6432097,587,3791996,2258,0.0,10.5,3.81,2.14,5.95,36.67,0.13,0.07,0.2,1.26,757.4,13.0,5.0,240.1,152.0,38.0,363.0,67.0,3.0,136.1,46.0,5.0,,,,33,,Marc,Guéhi,Guéhi,,,2610,3,4,11,30,0,0,0,5,0,0,29,270,,,,0.0,0.38,1.03,1.0,8.1,40,195,120
399,u,0.0,0.0,5.3,182,5.0,0,0.0,-2,2.0,0.8,210,27.0,0,0,0.0,803.0,95.0,0,0,0.0,763.0,94.0,0.0,0.0,0.0,15200,0,273690,3,0.0,0.0,0.0,0.0,0.0,0.0,0.0,0.0,0.0,0.0,0.0,802.0,95.0,0.0,801.0,94.0,0.0,798.0,92.0,0.0,802.0,95.0,,,,33,,Ederson,Santana de Moraes,Ederson M.,has joined Fenerbache permanently.,,0,0,0,0,0,0,0,0,0,0,0,0,0,,,,0.0,0.0,0.0,0.0,0.0,0,0,0
401,a,100.0,100.0,3.8,791,93.0,0,0.0,-2,2.0,0.4,289,36.0,0,0,0.0,530.0,39.0,0,0,0.0,353.0,26.0,0.0,0.0,0.0,68061,18,47805,29,0.0,0.5,0.0,0.0,0.0,0.0,0.0,0.0,0.0,0.0,0.0,519.0,38.0,0.0,502.0,18.0,0.0,469.0,5.0,0.0,521.0,38.0,,,,33,,Marcus,Bettinelli,Bettinelli,,,0,0,0,0,0,0,0,0,0,0,0,0,0,,,,0.0,0.0,0.0,0.0,0.0,0,0,0
402,a,100.0,100.0,5.7,116,11.0,0,0.0,-3,3.0,4.3,90,30.0,45,0,3.2,179.0,70.0,7,184,0.3,311.0,100.0,0.1,7.9,0.0,651856,40,2453635,191,0.0,1.1,0.41,1.71,2.12,10.69,0.05,0.19,0.24,1.2,176.0,300.0,115.0,156.4,212.0,57.0,57.0,328.0,104.0,38.9,311.0,105.0,,,,33,,Rayan,Aït-Nouri,Aït-Nouri,,,804,0,2,3,8,0,0,0,2,0,0,10,69,,,,0.0,0.34,0.9,1.12,6.83,30,31,42
403,i,0.0,0.0,5.8,107,7.0,0,0.0,-2,2.0,3.2,105,37.0,77,0,4.8,22.0,8.0,5,291,0.0,798.0,266.0,0.0,13.3,0.0,1374657,1,2194890,39,0.0,0.0,2.19,0.64,2.83,15.29,0.15,0.04,0.19,1.06,354.6,176.0,74.0,104.7,274.0,82.0,193.0,158.0,33.0,65.3,210.0,72.0,,,,33,,Joško,Gvardiol,Gvardiol,Leg injury - Unknown return date,,1301,2,2,6,13,0,0,0,2,0,0,15,115,,,,0.0,0.42,0.9,1.04,6.85,17,82,48
404,u,0.0,0.0,5.4,165,19.0,0,0.0,-1,1.0,0.3,349,127.0,0,0,0.0,806.0,267.0,0,0,0.0,775.0,261.0,0.0,0.0,0.0,9281,0,85657,1,0.0,0.0,0.0,0.0,0.0,0.0,0.0,0.0,0.0,0.0,0.0,805.0,267.0,0.0,804.0,267.0,0.0,802.0,267.0,0.0,805.0,267.0,,,,33,,Manuel,Akanji,Akanji,has joined Inter Milan on loan for the rest of the season.,,0,0,0,0,0,0,0,0,0,0,0,0,0,,,,0.0,0.0,0.0,0.0,0.0,0,0,0
405,a,,,5.2,202,27.0,0,0.0,-3,3.0,0.6,244,93.0,27,0,1.9,357.0,132.0,1,114,0.0,757.0,258.0,0.0,5.2,0.0,46702,9,88224,12,0.0,0.5,0.28,0.44,0.72,7.92,0.05,0.08,0.13,1.46,102.0,369.0,141.0,93.1,290.0,89.0,25.0,378.0,131.0,22.1,373.0,130.0,,,,33,,Nathan,Aké,Aké,,,487,0,0,2,7,0,0,0,1,0,0,4,41,,,,0.0,0.37,1.29,0.74,7.02,9,29,12
406,a,100.0,100.0,5.4,181,22.0,0,0.0,-1,1.0,0.5,259,99.0,41,0,2.6,257.0,98.0,0,199,2.0,118.0,46.0,0.4,7.6,0.0,78965,106,79441,44,0.0,4.5,0.47,0.16,0.63,13.22,0.04,0.01,0.05,1.22,194.0,286.0,112.0,71.5,316.0,106.0,11.0,412.0,152.0,27.8,353.0,121.0,,,,33,,Abdukodir,Khusanov,Khusanov,,,977,0,0,4,8,0,0,0,2,0,0,10,94,,,,0.0,0.37,0.74,0.92,7.83,21,64,49
407,a,100.0,100.0,5.3,195,23.0,0,0.0,-2,2.0,3.1,107,39.0,134,0,4.8,20.0,7.0,16,574,2.0,117.0,45.0,0.4,25.3,0.0,1015358,69,702654,624,0.0,4.5,0.34,2.0,2.34,27.25,0.01,0.08,0.09,1.04,581.2,54.0,25.0,459.1,47.0,7.0,115.0,242.0,66.0,115.8,77.0,16.0,,,4.0,33,,Matheus,Nunes,Matheus N.,,,2354,1,7,10,23,0,0,0,4,0,0,26,202,,,,0.0,0.38,0.88,0.99,6.27,48,116,137
408,i,0.0,0.0,5.5,136,15.0,0,0.0,0,0.0,3.2,106,38.0,112,0,4.5,31.0,13.0,4,447,0.0,786.0,263.0,0.0,20.4,0.0,954655,1,1090321,127,0.0,0.0,0.57,0.63,1.2,24.3,0.03,0.03,0.06,1.07,549.2,66.0,32.0,139.5,233.0,61.0,96.0,268.0,76.0,78.6,164.0,54.0,,,,33,,Rúben,dos Santos Gato Alves Dias,Rúben,Hamstring injury - Unknown return date,,2049,2,0,12,20,0,0,0,3,0,0,23,188,,,,0.0,0.53,0.88,1.01,7.2,13,151,71
409,d,75.0,75.0,5.4,154,17.0,0,0.0,-1,1.0,0.6,255,96.0,12,0,1.7,395.0,146.0,0,45,0.0,768.0,259.0,0.0,2.2,0.0,51988,0,110987,9,0.0,0.4,0.0,0.06,0.06,5.05,0.0,0.02,0.02,1.29,76.6,394.0,149.0,19.6,399.0,145.0,2.0,457.0,170.0,9.8,424.0,152.0,,,,33,,John,Stones,Stones,Calf injury - 75% chance of playing,,351,0,0,1,8,0,0,0,0,0,0,4,34,,,,0.0,0.26,2.05,1.03,4.87,0,19,17
410,a,100.0,100.0,4.6,403,71.0,0,0.0,-4,4.0,1.2,180,70.0,19,0,1.9,352.0,131.0,2,75,0.0,680.0,246.0,0.0,4.1,0.0,371019,2,466176,8,0.0,0.5,0.11,1.31,1.42,5.04,0.03,0.38,0.41,1.46,67.4,400.0,151.0,97.3,279.0,85.0,43.0,344.0,112.0,20.7,381.0,134.0,,,,33,,Rico,Lewis,Lewis,,,311,0,1,1,5,0,0,0,1,0,0,3,23,,,,0.0,0.29,1.45,0.87,5.5,5,14,10
411,a,100.0,100.0,5.1,237,37.0,0,0.0,1,-1.0,14.1,21,8.0,139,0,4.8,19.0,6.0,8,486,4.7,16.0,8.0,0.9,27.3,0.0,3612065,1151,1834703,1043,0.0,9.9,4.41,2.05,6.46,27.74,0.18,0.08,0.26,1.14,569.2,61.0,29.0,364.0,77.0,16.0,429.0,48.0,1.0,136.3,45.0,4.0,,,,33,,Nico,O'Reilly,O'Reilly,,,2193,5,3,12,20,0,0,0,4,0,0,24,168,,,,0.0,0.49,0.82,0.98,5.99,64,82,83
412,u,0.0,0.0,5.0,282,43.0,0,0.0,0,0.0,0.0,786,263.0,0,0,0.0,802.0,266.0,0,0,0.0,748.0,255.0,0.0,0.0,0.0,0,0,855,0,0.0,0.0,0.0,0.0,0.0,0.0,0.0,0.0,0.0,0.0,0.0,801.0,266.0,0.0,799.0,266.0,0.0,794.0,266.0,0.0,801.0,266.0,,,,33,,Vitor,de Oliveira Nunes dos Reis,Vitor Reis,Has joined Girona on loan for the rest of the season.,,0,0,0,0,0,0,0,0,0,0,0,0,0,,,,0.0,0.0,0.0,0.0,0.0,0,0,0
413,a,100.0,100.0,8.3,12,7.0,0,0.0,-2,2.0,2.5,124,41.0,40,0,2.4,293.0,129.0,4,122,0.0,822.0,368.0,0.0,4.8,0.0,287669,19,1296067,65,0.0,0.5,2.22,0.68,2.9,6.58,0.35,0.11,0.46,1.05,132.2,340.0,155.0,146.4,227.0,146.0,229.0,124.0,74.0,50.4,272.0,137.0,4.0,1.0,2.0,33,,Omar,Marmoush,Marmoush,,,566,1,3,3,5,0,0,0,2,0,0,7,32,,,,0.0,0.48,0.8,1.11,5.09,12,6,14
414,a,100.0,100.0,8.0,15,10.0,0,0.0,0,0.0,7.9,49,16.0,113,0,4.2,54.0,23.0,10,494,0.3,316.0,150.0,0.0,14.1,0.0,6178979,17,5574715,232,0.0,1.1,5.34,4.02,9.36,22.43,0.26,0.2,0.46,1.11,512.8,80.0,25.0,797.1,8.0,8.0,443.0,45.0,27.0,175.1,19.0,15.0,5.0,,,33,,Phil,Foden,Foden,,,1822,7,3,10,16,0,0,0,4,0,0,21,138,,,,0.0,0.49,0.79,1.04,6.82,30,23,85
415,a,100.0,100.0,6.9,41,25.0,0,0.0,-1,1.0,0.4,286,99.0,28,0,1.6,409.0,177.0,0,94,0.3,314.0,149.0,0.0,4.1,0.0,35595,1,114816,0,0.0,1.1,1.77,1.22,2.99,7.22,0.28,0.19,0.47,1.13,83.2,385.0,171.0,144.2,230.0,148.0,236.0,120.0,71.0,46.3,286.0,143.0,,,,33,,Sávio,Moreira de Oliveira,Savinho,,,575,0,2,2,5,0,0,0,2,0,0,5,46,,,,0.0,0.31,0.78,0.78,7.2,6,9,31
416,a,100.0,100.0,6.2,73,48.0,0,0.0,-3,3.0,0.7,233,84.0,84,0,2.7,239.0,98.0,4,431,1.0,206.0,96.0,0.2,13.5,0.0,116973,11,143338,92,0.0,2.5,1.88,3.45,5.32,28.62,0.07,0.13,0.2,1.11,420.4,128.0,42.0,621.0,19.0,18.0,256.0,106.0,65.0,129.9,55.0,36.0,1.0,,,33,,Bernardo,Mota Veiga de Carvalho e Silva,Bernardo,,,2322,2,4,10,24,0,0,0,9,0,0,27,201,,,,0.0,0.39,0.93,1.05,7.79,36,51,114
417,a,100.0,100.0,6.4,59,38.0,0,0.0,-1,1.0,9.8,35,11.0,110,0,4.2,52.0,21.0,13,481,3.3,51.0,20.0,0.5,17.2,0.0,3171756,818,2926576,789,0.0,7.1,2.75,7.53,10.28,17.51,0.18,0.49,0.67,1.15,486.2,94.0,31.0,745.5,10.0,10.0,406.0,53.0,31.0,164.0,26.0,22.0,3.0,2.0,,33,,Rayan,Cherki,Cherki,,,1372,3,11,7,13,0,0,0,1,0,0,15,119,,,,0.0,0.46,0.85,0.98,7.81,24,15,80
418,a,100.0,100.0,6.4,56,35.0,0,0.0,-1,1.0,2.6,123,40.0,82,0,3.6,110.0,51.0,9,348,2.7,77.0,31.0,0.4,12.8,0.0,2169373,47,2096587,110,0.0,5.9,2.06,4.63,6.69,16.28,0.14,0.32,0.46,1.13,349.2,179.0,68.0,615.9,20.0,19.0,428.0,49.0,29.0,139.1,42.0,30.0,,,3.0,33,,Jérémy,Doku,Doku,,,1297,2,7,6,13,0,0,0,0,0,0,14,92,,,,0.0,0.42,0.9,0.97,6.38,17,10,65
420,u,0.0,0.0,6.3,63,41.0,0,0.0,-2,2.0,0.1,559,205.0,0,0,0.0,818.0,366.0,0,0,0.0,808.0,357.0,0.0,0.0,0.0,1928,0,19899,0,0.0,0.0,0.0,0.0,0.0,0.0,0.0,0.0,0.0,0.0,0.0,818.0,366.0,0.0,818.0,366.0,0.0,818.0,366.0,0.0,818.0,366.0,,,,33,,İlkay,Gündoğan,Gündoğan,has joined Galatasaray permanently.,,0,0,0,0,0,0,0,0,0,0,0,0,0,,,,0.0,0.0,0.0,0.0,0.0,0,0,0
421,a,100.0,100.0,6.3,68,44.0,0,0.0,-2,2.0,0.5,261,92.0,60,0,3.2,180.0,75.0,5,305,1.0,208.0,98.0,0.2,9.5,0.0,72006,3,107042,41,0.0,2.5,0.75,2.18,2.93,17.25,0.05,0.15,0.2,1.16,322.6,196.0,81.0,384.2,71.0,55.0,98.0,265.0,145.0,80.6,158.0,83.0,,,,33,,Rodrigo 'Rodri',Hernandez Cascante,Rodrigo,,,1333,1,0,5,13,0,0,0,2,0,0,15,183,,,,0.0,0.34,0.88,1.01,12.36,38,50,95
422,a,100.0,100.0,5.8,101,67.0,0,0.0,-2,2.0,0.0,678,272.0,2,0,1.0,507.0,236.0,0,7,0.3,312.0,147.0,0.1,0.3,0.0,2619,3,3455,2,0.0,1.1,0.0,0.03,0.03,0.62,0.0,0.21,0.21,4.29,4.4,481.0,219.0,3.6,453.0,218.0,0.0,813.0,362.0,0.8,490.0,225.0,,,,33,,Mateo,Kovačić,Kovačić,,,13,0,0,0,0,0,0,0,0,0,0,0,0,,,,0.0,0.0,0.0,0.0,0.0,0,0,0
423,a,100.0,100.0,5.9,96,63.0,0,0.0,-1,1.0,0.1,479,167.0,55,0,2.6,259.0,107.0,1,289,0.0,801.0,352.0,0.0,9.3,0.0,28200,1,31571,1,0.0,0.5,0.56,1.0,1.56,16.77,0.04,0.07,0.11,1.1,278.6,220.0,92.0,185.6,192.0,126.0,64.0,312.0,166.0,52.8,259.0,130.0,,,,33,,Nico,González Iglesias,N.Gonzalez,,,1370,1,0,7,14,0,0,0,6,0,0,15,182,,,,0.0,0.46,0.92,0.99,11.96,36,67,79
425,u,0.0,0.0,5.4,180,113.0,0,0.0,-1,1.0,0.0,749,317.0,0,0,0.0,812.0,361.0,0,0,0.0,784.0,343.0,0.0,0.0,0.0,194,0,3236,0,0.0,0.0,0.0,0.0,0.0,0.0,0.0,0.0,0.0,0.0,0.0,811.0,360.0,0.0,810.0,360.0,0.0,808.0,359.0,0.0,811.0,360.0,,,,33,,Claudio,Echeverri,Echeverri,has joined Girona on loan for the rest of the season.,,0,0,0,0,0,0,0,0,0,0,0,0,0,,,,0.0,0.0,0.0,0.0,0.0,0,0,0
427,a,,,5.0,258,156.0,0,0.0,-5,5.0,9.2,39,13.0,86,0,3.3,156.0,64.0,6,325,0.0,735.0,309.0,0.0,17.2,0.0,3558680,7,5003855,125,0.0,0.5,3.96,2.27,6.23,17.28,0.24,0.14,0.38,1.05,339.4,188.0,75.0,340.0,88.0,64.0,394.0,58.0,35.0,106.5,89.0,53.0,4.0,3.0,,33,,Tijjani,Reijnders,Reijnders,,,1488,5,2,7,16,0,0,0,2,0,0,17,95,,,,0.0,0.42,0.97,1.03,5.75,10,31,54
428,a,100.0,100.0,5.0,279,172.0,0,0.0,0,0.0,0.0,715,294.0,0,0,0.0,799.0,352.0,0,0,0.0,745.0,317.0,0.0,0.0,0.0,270,1,2642,1,0.0,0.5,0.0,0.0,0.0,0.0,0.0,0.0,0.0,0.0,0.0,798.0,351.0,0.0,796.0,351.0,0.0,791.0,349.0,0.0,798.0,351.0,,,,33,,Sverre,Nypan,Nypan,,,0,0,0,0,0,0,0,0,0,0,0,0,0,,,,0.0,0.0,0.0,0.0,0.0,0,0,0
429,u,0.0,0.0,4.7,378,236.0,0,0.0,-3,3.0,0.1,563,208.0,0,0,0.0,765.0,328.0,0,0,0.0,683.0,275.0,0.0,0.0,0.0,4052,0,8526,1,0.0,0.0,0.0,0.0,0.0,0.0,0.0,0.0,0.0,0.0,0.0,764.0,327.0,0.0,759.0,327.0,0.0,748.0,324.0,0.0,764.0,327.0,,,,33,,Kalvin,Phillips,Phillips,has joined Sheffield United on loan for the rest of the season.,,0,0,0,0,0,0,0,0,0,0,0,0,0,,,,0.0,0.0,0.0,0.0,0.0,0,0,0
430,a,100.0,100.0,14.5,1,1.0,0,0.0,5,-5.0,60.0,1,1.0,199,0,6.6,4.0,1.0,35,791,0.7,248.0,33.0,0.0,13.7,0.0,7728389,856,3839324,3862,0.0,1.9,21.64,1.94,23.58,31.37,0.78,0.07,0.85,1.13,980.0,2.0,1.0,267.2,133.0,8.0,1254.0,1.0,1.0,250.3,2.0,1.0,,,1.0,33,,Erling,Haaland,Haaland,,,2503,22,7,11,27,0,0,1,1,0,0,29,91,,,,0.0,0.4,0.97,1.04,3.27,15,42,34
736,a,,,5.6,125,3.0,0,0.0,1,-1.0,9.5,36,6.0,111,0,4.0,62.0,7.0,3,477,2.3,96.0,10.0,0.4,19.8,0.0,2228032,185,1411138,745,0.0,5.1,0.0,0.0,0.0,30.59,0.0,0.0,0.0,1.09,569.8,60.0,13.0,0.0,814.0,95.0,0.0,812.0,94.0,57.1,245.0,13.0,,,,33,,Gianluigi,Donnarumma,Donnarumma,,,2520,0,0,12,24,0,1,0,6,0,67,28,55,,,,2.39,0.43,0.86,1.0,0.0,0,37,192
739,u,0.0,0.0,4.4,567,341.0,0,0.0,-1,1.0,0.0,698,283.0,2,0,1.0,477.0,211.0,0,5,0.0,581.0,200.0,0.0,0.5,0.0,3500,0,3322,1,0.0,0.0,0.0,0.21,0.21,0.34,0.0,0.76,0.76,1.22,4.2,482.0,220.0,28.3,386.0,194.0,4.0,437.0,214.0,3.7,460.0,208.0,,,,33,,Divine,Mukasa,Mukasa,has joined Leicester City on loan for the rest of the season.,,25,0,0,0,0,0,0,0,0,0,0,0,1,,,,0.0,0.0,0.0,0.0,3.6,0,0,1
740,u,0.0,0.0,3.9,781,228.0,0,0.0,-1,1.0,0.0,623,222.0,0,0,0.0,572.0,207.0,0,0,0.0,406.0,146.0,0.0,0.0,0.0,3208,0,3964,1,0.0,0.0,0.0,0.0,0.0,0.0,0.0,0.0,0.0,0.0,0.0,562.0,206.0,0.0,550.0,206.0,0.0,518.0,201.0,0.0,564.0,206.0,,,,33,,Stephen,Mfuni,Mfuni,has joined Watford on loan for the rest of the season.,,0,0,0,0,0,0,0,0,0,0,0,0,0,,,,0.0,0.0,0.0,0.0,0.0,0,0,0
742,a,,,4.5,503,312.0,0,0.0,0,0.0,0.0,736,308.0,0,0,0.0,753.0,318.0,0,0,0.0,665.0,262.0,0.0,0.0,0.0,1595,0,1383,0,0.0,0.5,0.0,0.0,0.0,0.0,0.0,0.0,0.0,0.0,0.0,752.0,317.0,0.0,745.0,317.0,0.0,732.0,313.0,0.0,752.0,317.0,,,,33,,Ryan,McAidoo,McAidoo,,,0,0,0,0,0,0,0,0,0,0,0,0,0,,,,0.0,0.0,0.0,0.0,0.0,0,0,0
763,a,,,4.5,456,274.0,0,0.0,0,0.0,0.0,783,340.0,0,0,0.0,719.0,291.0,0,0,0.0,621.0,226.0,0.0,0.0,0.0,484,0,377,0,0.0,0.5,0.0,0.0,0.0,0.0,0.0,0.0,0.0,0.0,0.0,714.0,286.0,0.0,709.0,288.0,0.0,693.0,281.0,0.0,715.0,287.0,,,,33,,Charlie,Gray,Gray,,,0,0,0,0,0,0,0,0,0,0,0,0,0,,,,0.0,0.0,0.0,0.0,0.0,0,0,0
764,a,,,4.5,486,298.0,0,0.0,0,0.0,0.0,794,349.0,0,0,0.0,739.0,307.0,0,0,0.0,648.0,248.0,0.0,0.0,0.0,272,0,217,0,0.0,0.5,0.0,0.0,0.0,0.0,0.0,0.0,0.0,0.0,0.0,737.0,305.0,0.0,730.0,305.0,0.0,717.0,301.0,0.0,737.0,305.0,,,,33,,Reigan,Heskey,Heskey,,,0,0,0,0,0,0,0,0,0,0,0,0,0,,,,0.0,0.0,0.0,0.0,0.0,0,0,0
794,a,100.0,100.0,3.9,774,225.0,0,0.0,-6,6.0,0.0,745,256.0,5,0,2.5,262.0,100.0,0,27,0.0,399.0,143.0,0.0,1.3,0.0,5319,2,4888,1,0.0,0.5,0.26,0.06,0.32,1.54,0.17,0.04,0.21,1.03,34.0,434.0,161.0,14.8,409.0,148.0,26.0,374.0,128.0,7.5,434.0,156.0,,,,33,,Max,Alleyne,Alleyne,,,135,0,0,0,1,0,0,0,0,0,0,2,11,,,,0.0,0.0,0.67,1.33,7.33,3,8,4
119,a,100.0,100.0,8.5,11,6.0,0,0.0,5,-5.0,18.9,18,7.0,123,0,4.6,27.0,11.0,15,451,1.0,213.0,101.0,0.1,14.5,0.0,7254505,898,6703112,709,1.5,1.0,8.04,4.46,12.5,30.01,0.33,0.18,0.51,1.22,547.8,67.0,18.0,708.1,13.0,13.0,755.0,9.0,4.0,201.1,9.0,7.0,2.0,2.0,,33,,Bryan,Mbeumo,Mbeumo,,,2211,9,3,5,33,0,0,0,4,0,0,26,119,,,,0.0,0.2,1.34,1.06,4.84,23,20,76
431,a,,,4.7,388,18.0,0,0.0,-3,3.0,0.3,318,43.0,11,0,1.8,373.0,34.0,0,49,0.0,686.0,91.0,0.0,2.3,0.0,37935,5,63565,9,0.5,0.0,0.0,0.05,0.05,9.24,0.0,0.01,0.01,1.54,118.4,352.0,26.0,10.0,432.0,11.0,0.0,751.0,83.0,12.8,409.0,26.0,,,,33,,Altay,Bayındır,Bayindir,,,540,0,0,0,11,0,0,0,0,0,13,6,46,,,,2.17,0.0,1.83,1.0,0.0,0,7,39
432,u,0.0,0.0,4.9,300,11.0,0,0.0,-1,1.0,0.1,427,62.0,0,0,0.0,775.0,94.0,0,0,0.0,704.0,92.0,0.0,0.0,0.0,5156,0,26615,0,0.0,0.0,0.0,0.0,0.0,0.0,0.0,0.0,0.0,0.0,0.0,774.0,94.0,0.0,770.0,91.0,0.0,766.0,89.0,0.0,774.0,94.0,,,,33,,André,Onana,Onana,has joined Trabzonspor on loan for the rest of the season.,,0,0,0,0,0,0,0,0,0,0,0,0,0,,,,0.0,0.0,0.0,0.0,0.0,0,0,0
433,u,0.0,0.0,4.0,724,65.0,0,0.0,0,0.0,0.0,814,95.0,0,0,0.0,626.0,86.0,0,0,0.0,470.0,77.0,0.0,0.0,0.0,0,0,254,0,0.0,0.0,0.0,0.0,0.0,0.0,0.0,0.0,0.0,0.0,0.0,617.0,86.0,0.0,609.0,74.0,0.0,579.0,61.0,0.0,619.0,86.0,,,,33,,Elyh,Harrison,Harrison,On loan to Shrewsbury Town,,0,0,0,0,0,0,0,0,0,0,0,0,0,,,,0.0,0.0,0.0,0.0,0.0,0,0,0
434,a,,,3.8,788,92.0,0,0.0,-2,2.0,0.3,300,40.0,0,0,0.0,528.0,38.0,0,0,0.0,350.0,25.0,0.0,0.0,0.0,29663,61,27991,22,0.5,0.0,0.0,0.0,0.0,0.0,0.0,0.0,0.0,0.0,0.0,517.0,37.0,0.0,500.0,17.0,0.0,467.0,4.0,0.0,519.0,37.0,,,,33,,Tom,Heaton,Heaton,,,0,0,0,0,0,0,0,0,0,0,0,0,0,,,,0.0,0.0,0.0,0.0,0.0,0,0,0
435,a,,,3.9,765,81.0,0,0.0,-1,1.0,0.1,491,73.0,0,0,0.0,559.0,53.0,0,0,0.0,392.0,42.0,0.0,0.0,0.0,5587,2,9141,0,0.5,0.0,0.0,0.0,0.0,0.0,0.0,0.0,0.0,0.0,0.0,549.0,53.0,0.0,536.0,36.0,0.0,504.0,23.0,0.0,551.0,53.0,,,,33,,Dermot,Mee,Mee,,,0,0,0,0,0,0,0,0,0,0,0,0,0,,,,0.0,0.0,0.0,0.0,0.0,0,0,0
436,i,0.0,0.0,4.9,305,48.0,0,0.0,-1,1.0,1.8,148,57.0,43,0,3.3,154.0,61.0,5,169,0.0,707.0,251.0,0.0,8.8,0.0,419765,1,550912,11,0.0,0.0,1.38,0.83,2.21,18.73,0.11,0.06,0.17,1.44,276.6,222.0,88.0,60.2,336.0,114.0,122.0,236.0,62.0,45.7,288.0,95.0,,,,33,,Matthijs,de Ligt,De Ligt,Back injury - Unknown return date,,1170,1,0,1,20,0,0,0,0,0,0,13,139,,,,0.0,0.08,1.54,1.0,8.23,19,88,40
437,s,0.0,0.0,4.8,358,61.0,0,0.0,-2,2.0,0.4,280,106.0,36,0,2.4,282.0,106.0,3,169,-1.0,826.0,268.0,-0.2,7.5,0.0,169969,1,150861,47,0.0,0.0,0.06,0.56,0.62,11.3,0.01,0.05,0.06,1.06,232.4,255.0,103.0,80.6,308.0,100.0,10.0,416.0,156.0,32.5,335.0,112.0,,,,33,,Lisandro,Martínez,Martinez,Suspended until 09 May,,959,0,0,3,13,1,0,0,0,1,0,10,80,,,,0.0,0.28,1.22,0.94,7.51,13,67,57
438,a,100.0,100.0,4.9,312,51.0,0,0.0,-1,1.0,0.2,366,133.0,29,0,1.8,377.0,142.0,3,140,0.3,303.0,99.0,0.1,5.9,0.0,37672,16,57452,4,0.8,0.3,0.19,0.29,0.47,8.97,0.03,0.04,0.07,1.19,145.4,329.0,125.0,68.0,320.0,108.0,33.0,363.0,122.0,24.5,362.0,125.0,,,,33,,Noussair,Mazraoui,Mazraoui,,,679,0,0,2,9,0,0,0,3,0,0,8,79,,,,0.0,0.27,1.19,1.06,8.88,20,47,32
439,a,,,4.1,660,161.0,0,0.0,-4,4.0,0.1,568,203.0,0,0,0.0,641.0,250.0,0,0,0.0,493.0,204.0,0.0,0.0,0.0,3499,0,8737,0,0.5,0.0,0.0,0.0,0.0,0.0,0.0,0.0,0.0,0.0,0.0,632.0,250.0,0.0,625.0,250.0,0.0,596.0,248.0,0.0,634.0,250.0,,,,33,,Diego,León Blanco,D.Leon,,,0,0,0,0,0,0,0,0,0,0,0,0,0,,,,0.0,0.0,0.0,0.0,0.0,0,0,0
440,a,100.0,100.0,4.6,398,68.0,0,0.0,1,-1.0,4.4,87,29.0,99,0,3.3,153.0,60.0,9,366,0.7,226.0,74.0,0.2,21.5,0.0,1123727,169,822843,208,1.2,0.7,1.57,2.39,3.96,30.8,0.06,0.1,0.16,1.23,471.0,103.0,45.0,421.0,60.0,10.0,188.0,162.0,35.0,108.0,87.0,20.0,,,,33,,Diogo,Dalot Teixeira,Dalot,,,2249,1,6,6,35,0,0,0,5,0,0,25,172,,,,0.0,0.24,1.4,1.0,6.04,42,109,116
441,i,0.0,0.0,4.1,658,159.0,0,0.0,-4,4.0,2.5,125,48.0,74,0,3.4,135.0,47.0,8,261,0.0,492.0,203.0,0.0,18.0,0.0,1774432,4,2217486,160,0.0,0.0,1.86,1.42,3.28,18.78,0.13,0.1,0.23,1.27,402.4,142.0,62.0,354.1,81.0,19.0,262.0,102.0,11.0,101.9,96.0,26.0,,,,33,,Patrick,Dorgu,Dorgu,Hamstring injury - Unknown return date,,1329,3,3,3,20,0,0,0,5,0,0,14,117,,,,0.0,0.2,1.35,0.95,6.43,47,48,72
442,a,100.0,0.0,4.4,522,101.0,0,0.0,-1,1.0,1.3,175,68.0,63,0,3.5,116.0,40.0,3,204,0.0,548.0,225.0,0.0,14.3,0.0,315340,39,266275,241,0.5,0.0,0.81,0.19,1.0,16.71,0.06,0.01,0.07,1.25,246.0,246.0,96.0,38.2,370.0,133.0,116.0,240.0,64.0,40.3,309.0,104.0,,,,33,,Harry,Maguire,Maguire,,,1199,1,1,5,15,0,0,0,3,1,0,14,109,,,,0.0,0.38,1.13,1.05,7.36,12,86,45
443,a,100.0,100.0,4.5,413,77.0,0,0.0,0,0.0,0.8,216,83.0,77,0,2.4,280.0,105.0,0,327,1.0,178.0,61.0,0.2,17.1,0.0,193653,82,146237,33,1.5,1.0,0.54,1.55,2.08,37.41,0.02,0.05,0.07,1.24,452.0,117.0,51.0,289.1,121.0,31.0,70.0,301.0,91.0,81.2,157.0,52.0,,,,33,,Luke,Shaw,Shaw,,,2707,0,1,6,41,0,0,0,6,0,0,32,207,,,,0.0,0.2,1.36,1.06,5.85,62,114,90
444,a,,,4.1,657,158.0,0,0.0,-4,4.0,1.3,172,67.0,53,0,1.8,368.0,137.0,1,184,1.3,145.0,55.0,0.3,12.9,0.0,227387,61,314549,33,1.8,1.3,1.34,0.59,1.93,26.43,0.07,0.03,0.1,1.4,317.6,199.0,78.0,82.8,304.0,96.0,124.0,234.0,61.0,52.3,260.0,84.0,,,,33,,Leny,Yoro,Yoro,,,1696,0,1,2,32,0,0,0,1,0,0,18,173,,,,0.0,0.11,1.7,0.96,8.01,29,122,73
445,u,0.0,0.0,4.0,721,194.0,0,0.0,0,0.0,0.1,545,194.0,0,0,0.0,623.0,234.0,0,0,0.0,467.0,180.0,0.0,0.0,0.0,1160,0,14562,0,0.0,0.0,0.0,0.0,0.0,0.0,0.0,0.0,0.0,0.0,0.0,614.0,234.0,0.0,606.0,234.0,0.0,576.0,231.0,0.0,616.0,234.0,,,,33,,Harry,Amass,Amass,has joined Norwich City on loan for the rest of the season.,,0,0,0,0,0,0,0,0,0,0,0,0,0,,,,0.0,0.0,0.0,0.0,0.0,0,0,0
446,a,,,3.7,822,264.0,0,0.0,-3,3.0,0.1,419,155.0,1,0,1.0,451.0,162.0,0,4,0.0,347.0,113.0,0.0,0.3,0.0,13061,6,16003,10,0.5,0.0,0.0,0.0,0.0,0.3,0.0,0.0,0.0,13.5,4.0,483.0,172.0,0.0,497.0,182.0,0.0,464.0,176.0,0.4,498.0,175.0,,,,33,,Tyler,Fredricson,Fredricson,,,2,0,0,0,0,0,0,0,0,0,0,0,2,,,,0.0,0.0,0.0,0.0,90.0,0,2,0
447,a,100.0,100.0,3.7,825,267.0,0,0.0,-3,3.0,2.0,136,55.0,28,0,2.0,331.0,120.0,0,112,0.3,291.0,92.0,0.1,7.6,0.0,490422,91,421976,116,0.8,0.3,0.34,0.17,0.51,8.06,0.05,0.02,0.07,1.12,178.0,298.0,114.0,27.2,388.0,140.0,26.0,373.0,127.0,23.1,370.0,128.0,,,,33,,Ayden,Heaven,Heaven,,,650,0,1,1,12,1,0,0,2,0,0,8,74,,,,0.0,0.14,1.66,1.11,10.11,16,57,32
448,a,,,3.7,819,261.0,0,0.0,-3,3.0,0.4,283,108.0,2,0,1.0,450.0,161.0,0,2,0.0,344.0,110.0,0.0,0.5,0.0,61890,41,61012,17,0.5,0.0,0.0,0.0,0.0,0.35,0.0,0.0,0.0,4.5,3.6,486.0,173.0,0.5,475.0,173.0,0.0,461.0,173.0,0.4,497.0,174.0,,,,33,,Tyrell,Malacia,Malacia,,,7,0,0,0,1,0,0,0,0,0,0,0,2,,,,0.0,0.0,12.86,0.0,25.71,1,1,2
449,a,100.0,100.0,10.3,4,3.0,0,0.0,13,-13.0,45.1,4,2.0,193,0,6.7,3.0,1.0,36,822,5.7,7.0,1.0,0.6,18.7,0.0,8642408,2605,5658245,137,6.2,5.7,10.34,9.52,19.86,36.61,0.37,0.34,0.71,1.3,1066.8,1.0,1.0,1538.9,1.0,1.0,516.0,33.0,17.0,312.4,1.0,1.0,1.0,1.0,1.0,33,,Bruno,Borges Fernandes,B.Fernandes,,,2525,8,18,4,41,0,0,2,4,0,0,29,248,,,,0.0,0.14,1.46,1.03,8.84,47,60,141
450,a,100.0,100.0,8.0,17,12.0,0,0.0,0,0.0,8.1,46,15.0,118,0,4.1,57.0,25.0,12,481,2.3,100.0,40.0,0.3,14.8,0.0,3286014,746,3309906,232,2.8,2.3,5.94,2.71,8.65,30.5,0.25,0.11,0.36,1.27,543.4,68.0,19.0,451.2,49.0,41.0,675.0,19.0,8.0,167.2,24.0,20.0,,,,33,,Matheus,Santos Carneiro da Cunha,Cunha,,,2158,7,4,6,31,0,0,0,2,0,0,25,181,,,,0.0,0.25,1.29,1.04,7.55,35,38,108
451,u,0.0,0.0,7.0,36,21.0,0,0.0,0,0.0,0.0,713,292.0,0,0,0.0,824.0,369.0,0,0,0.0,819.0,365.0,0.0,0.0,0.0,0,0,2151,0,0.0,0.0,0.0,0.0,0.0,0.0,0.0,0.0,0.0,0.0,0.0,824.0,369.0,0.0,824.0,369.0,0.0,824.0,369.0,0.0,824.0,369.0,,,,33,,Marcus,Rashford,Rashford,Has joined Barcelona on loan for the rest of the season,,0,0,0,0,0,0,0,0,0,0,0,0,0,,,,0.0,0.0,0.0,0.0,0.0,0,0,0
452,a,100.0,100.0,6.2,78,51.0,0,0.0,-3,3.0,1.4,165,58.0,76,0,2.9,209.0,86.0,6,411,1.3,161.0,71.0,0.2,12.3,0.0,439906,43,623127,28,1.8,1.3,4.62,3.52,8.14,26.29,0.21,0.16,0.37,1.19,385.0,153.0,54.0,542.0,32.0,29.0,500.0,36.0,20.0,142.9,39.0,27.0,3.0,,,33,,Amad,Diallo,Amad,,,1985,2,4,4,29,0,0,0,2,0,0,23,174,,,,0.0,0.18,1.31,1.04,7.89,35,40,99
454,u,0.0,0.0,5.9,97,64.0,0,0.0,-1,1.0,0.1,572,213.0,0,0,0.0,817.0,365.0,0,0,0.0,802.0,353.0,0.0,0.0,0.0,1511,0,10738,0,0.0,0.0,0.0,0.0,0.0,0.0,0.0,0.0,0.0,0.0,0.0,817.0,365.0,0.0,817.0,365.0,0.0,816.0,365.0,0.0,817.0,365.0,,,,33,,Antony,dos Santos,Antony,has joined Real Betis permanently.,,0,0,0,0,0,0,0,0,0,0,0,0,0,,,,0.0,0.0,0.0,0.0,0.0,0,0,0
455,a,100.0,100.0,5.9,92,60.0,0,0.0,-1,1.0,0.3,335,116.0,47,0,2.6,258.0,106.0,3,167,0.3,313.0,148.0,0.1,8.0,0.0,184233,1,199355,6,0.8,0.3,1.54,1.4,2.94,10.3,0.17,0.15,0.32,1.14,162.4,314.0,142.0,198.8,181.0,120.0,158.0,188.0,104.0,51.9,264.0,133.0,,,,33,,Mason,Mount,Mount,,,813,3,0,3,14,0,0,0,0,0,0,10,63,,,,0.0,0.33,1.55,1.11,6.97,14,7,42
457,a,100.0,100.0,5.7,111,71.0,0,0.0,2,-2.0,3.3,102,34.0,143,0,4.8,21.0,8.0,17,549,3.3,49.0,19.0,0.6,25.1,0.0,819674,1060,463697,94,3.8,3.3,4.9,3.04,7.94,26.26,0.2,0.12,0.32,1.06,728.0,18.0,5.0,481.2,41.0,36.0,518.0,31.0,15.0,173.0,21.0,17.0,,,,33,,Carlos Henrique,Casimiro,Casemiro,,,2225,8,4,8,27,0,0,0,8,1,0,29,285,,,,0.0,0.32,1.09,1.17,11.53,70,94,121
458,d,75.0,75.0,4.7,393,244.0,0,0.0,-3,3.0,1.1,192,68.0,45,0,2.0,338.0,144.0,0,215,0.7,229.0,107.0,0.1,9.6,0.0,234562,3,200437,159,0.9,0.5,0.24,0.83,1.07,15.07,0.02,0.07,0.09,1.22,230.2,258.0,108.0,286.4,123.0,85.0,55.0,330.0,173.0,57.3,243.0,119.0,,,,33,,Kobbie,Mainoo,Mainoo,Knock - 75% chance of playing,,1113,0,2,3,17,0,0,0,0,0,0,10,120,,,,0.0,0.24,1.37,0.81,9.7,26,31,63
459,a,,,4.7,387,241.0,0,0.0,-3,3.0,0.1,426,146.0,38,0,1.7,391.0,166.0,0,183,1.7,129.0,50.0,0.4,8.1,0.0,30389,7,39454,3,2.2,1.7,0.72,0.16,0.88,18.22,0.07,0.02,0.09,1.87,167.2,311.0,139.0,83.6,300.0,173.0,48.0,335.0,175.0,29.8,349.0,169.0,,,,33,,Manuel,Ugarte Ribeiro,Ugarte,,,876,0,0,1,23,0,0,0,1,0,0,8,142,,,,0.0,0.1,2.36,0.82,14.59,46,45,51
460,u,0.0,0.0,4.5,446,266.0,0,0.0,0,0.0,0.0,666,266.0,0,0,0.0,712.0,284.0,0,0,0.0,611.0,218.0,0.0,0.0,0.0,505,0,9676,0,0.0,0.0,0.0,0.0,0.0,0.0,0.0,0.0,0.0,0.0,0.0,706.0,278.0,0.0,702.0,281.0,0.0,686.0,274.0,0.0,708.0,280.0,,,,33,,Toby,Collyer,Collyer,has joined Hull City on loan for the rest of the season.,,0,0,0,0,0,0,0,0,0,0,0,0,0,,,,0.0,0.0,0.0,0.0,0.0,0,0,0
461,a,,,4.3,609,359.0,0,0.0,-2,2.0,0.0,605,230.0,0,0,0.0,661.0,251.0,0,0,0.0,537.0,177.0,0.0,0.0,0.0,3620,2,5177,0,0.5,0.0,0.0,0.0,0.0,0.0,0.0,0.0,0.0,0.0,0.0,651.0,241.0,0.0,647.0,246.0,0.0,624.0,235.0,0.0,653.0,243.0,,,,33,,Jayce,Fitzgerald,Fitzgerald,,,0,0,0,0,0,0,0,0,0,0,0,0,0,,,,0.0,0.0,0.0,0.0,0.0,0,0,0
462,a,,,4.3,606,356.0,0,0.0,-2,2.0,0.1,528,192.0,3,0,1.0,469.0,204.0,0,10,0.0,534.0,174.0,0.0,0.7,0.0,15322,1,14422,3,0.5,0.0,0.03,0.02,0.05,1.86,0.03,0.02,0.05,1.56,18.6,454.0,202.0,24.4,390.0,197.0,5.0,434.0,211.0,4.8,457.0,205.0,,,,33,,Jack,Fletcher,J.Fletcher,,,107,0,0,0,0,0,0,0,0,0,0,0,11,,,,0.0,0.0,0.0,0.0,9.25,5,2,4
463,u,0.0,0.0,4.3,618,366.0,0,0.0,-2,2.0,0.1,527,191.0,0,0,0.0,666.0,255.0,0,0,0.0,543.0,181.0,0.0,0.0,0.0,9069,0,13612,2,0.0,0.0,0.0,0.0,0.0,0.0,0.0,0.0,0.0,0.0,0.0,656.0,245.0,0.0,652.0,250.0,0.0,629.0,239.0,0.0,658.0,247.0,,,,33,,Sékou,Koné,Kone,has joined Lausanne-Sport on loan for the rest of the season.,,0,0,0,0,0,0,0,0,0,0,0,0,0,,,,0.0,0.0,0.0,0.0,0.0,0,0,0
464,u,0.0,0.0,4.5,471,287.0,0,0.0,0,0.0,0.0,701,285.0,0,0,0.0,729.0,300.0,0,0,0.0,633.0,237.0,0.0,0.0,0.0,723,0,2869,0,0.0,0.0,0.0,0.0,0.0,0.0,0.0,0.0,0.0,0.0,0.0,726.0,297.0,0.0,720.0,298.0,0.0,705.0,292.0,0.0,727.0,298.0,,,,33,,Jack,Moorhouse,Moorhouse,has joined Leyton Orient on loan for the rest of the season.,,0,0,0,0,0,0,0,0,0,0,0,0,0,,,,0.0,0.0,0.0,0.0,0.0,0,0,0
465,u,0.0,0.0,6.3,72,23.0,0,0.0,-2,2.0,0.3,352,56.0,0,0,0.0,819.0,90.0,0,0,0.0,811.0,90.0,0.0,0.0,0.0,5437,0,56786,0,0.0,0.0,0.0,0.0,0.0,0.0,0.0,0.0,0.0,0.0,0.0,819.0,90.0,0.0,819.0,90.0,0.0,819.0,90.0,0.0,819.0,90.0,,,,33,,Rasmus,Højlund,Højlund,has joined Napoli on loan for the rest of the season.,,0,0,0,0,0,0,0,0,0,0,0,0,0,,,,0.0,0.0,0.0,0.0,0.0,0,0,0
466,a,100.0,100.0,5.8,106,30.0,0,0.0,-2,2.0,0.4,284,43.0,37,0,2.1,330.0,38.0,6,130,0.0,797.0,88.0,0.0,6.4,0.0,109412,6,131583,13,0.5,0.0,2.18,0.32,2.5,7.63,0.39,0.06,0.45,1.35,152.8,324.0,31.0,161.8,205.0,21.0,195.0,153.0,36.0,50.6,271.0,32.0,,,,33,,Joshua,Zirkzee,Zirkzee,,,509,2,1,1,8,0,0,0,1,0,0,4,37,,,,0.0,0.18,1.41,0.71,6.54,8,11,18
467,a,,,4.2,647,90.0,0,0.0,-3,3.0,1.4,160,23.0,0,0,0.0,649.0,64.0,0,0,0.0,507.0,50.0,0.0,0.0,0.0,273764,8,383715,22,0.5,0.0,0.0,0.0,0.0,0.0,0.0,0.0,0.0,0.0,0.0,641.0,64.0,0.0,635.0,63.0,0.0,609.0,63.0,0.0,643.0,64.0,,,,33,,Chido,Obi,Obi,,,0,0,0,0,0,0,0,0,0,0,0,0,0,,,,0.0,0.0,0.0,0.0,0.0,0,0,0
468,u,0.0,0.0,4.5,480,67.0,0,0.0,0,0.0,0.1,516,70.0,0,0,0.0,736.0,77.0,0,0,0.0,642.0,65.0,0.0,0.0,0.0,4530,0,14946,0,0.0,0.0,0.0,0.0,0.0,0.0,0.0,0.0,0.0,0.0,0.0,733.0,77.0,0.0,727.0,76.0,0.0,713.0,76.0,0.0,734.0,77.0,,,,33,,Ethan,Wheatley,Wheatley,has joined Bradford City on loan for the rest of the season.,,0,0,0,0,0,0,0,0,0,0,0,0,0,,,,0.0,0.0,0.0,0.0,0.0,0,0,0
681,a,100.0,100.0,7.3,28,11.0,0,0.0,-2,2.0,6.0,65,13.0,96,0,3.6,111.0,8.0,17,338,0.7,246.0,32.0,0.1,13.2,0.0,1275068,672,1594847,282,1.2,0.7,7.5,0.23,7.73,24.04,0.48,0.01,0.49,1.52,411.8,136.0,14.0,139.0,235.0,24.0,723.0,13.0,9.0,126.5,60.0,14.0,,,,33,,Benjamin,Sesko,Šeško,,,1419,9,2,1,29,0,0,0,2,0,0,14,56,,,,0.0,0.06,1.84,0.89,3.55,5,19,32
733,a,,,5.1,235,8.0,0,0.0,1,-1.0,2.8,117,17.0,78,0,3.0,197.0,21.0,6,300,1.3,151.0,13.0,0.3,15.3,0.0,611813,213,345036,103,1.8,1.3,0.0,0.0,0.0,31.44,0.0,0.0,0.0,1.21,487.0,93.0,16.0,0.0,800.0,93.0,2.0,456.0,2.0,48.9,277.0,17.0,,,,33,,Senne,Lammens,Lammens,,,2340,0,0,5,34,0,0,0,0,0,60,26,43,,,,2.31,0.19,1.31,1.0,0.0,1,22,183
755,a,100.0,100.0,4.5,483,296.0,0,0.0,0,0.0,0.0,732,305.0,2,0,1.0,486.0,218.0,0,8,0.0,645.0,246.0,0.0,0.4,0.0,3476,0,2724,1,0.5,0.0,0.07,0.0,0.07,0.11,0.52,0.0,0.52,0.82,4.0,484.0,221.0,1.5,467.0,226.0,11.0,410.0,202.0,1.5,477.0,218.0,,,,33,,Shea,Lacey,Lacey,,,12,0,0,0,0,0,0,0,0,0,0,0,1,,,,0.0,0.0,0.0,0.0,7.5,1,0,0
769,a,,,4.5,482,295.0,0,0.0,0,0.0,0.0,784,341.0,1,0,1.0,485.0,217.0,0,3,0.0,644.0,245.0,0.0,0.2,0.0,511,0,358,0,0.5,0.0,0.0,0.01,0.01,0.05,0.0,0.06,0.06,0.3,2.2,494.0,228.0,11.7,422.0,210.0,0.0,715.0,300.0,1.4,480.0,221.0,,,,33,,Bendito,Mantato,Bendito Mantato,,,15,0,0,0,0,0,0,0,0,0,0,0,0,,,,0.0,0.0,0.0,0.0,0.0,0,0,0
771,a,,,4.4,551,331.0,0,0.0,-1,1.0,0.0,737,309.0,1,0,1.0,474.0,208.0,0,3,0.0,568.0,192.0,0.0,0.2,0.0,2286,0,1455,0,0.5,0.0,0.0,0.01,0.01,0.02,0.0,0.9,0.9,1.8,0.4,507.0,232.0,1.0,471.0,228.0,0.0,647.0,250.0,0.1,511.0,234.0,,,,33,,Tyler,Fletcher,Fletcher,,,1,0,0,0,0,0,0,0,0,0,0,0,0,,,,0.0,0.0,0.0,0.0,0.0,0,0,0
788,a,,,4.0,720,193.0,0,0.0,0,0.0,0.0,727,253.0,0,0,0.0,622.0,233.0,0,0,0.0,466.0,179.0,0.0,0.0,0.0,507,0,462,1,0.5,0.0,0.0,0.0,0.0,0.0,0.0,0.0,0.0,0.0,0.0,613.0,233.0,0.0,605.0,233.0,0.0,575.0,230.0,0.0,615.0,233.0,,,,33,,Godwill,Kukonki,Kukonki,,,0,0,0,0,0,0,0,0,0,0,0,0,0,,,,0.0,0.0,0.0,0.0,0.0,0,0,0
52,a,100.0,100.0,5.3,187,118.0,0,0.0,-2,2.0,0.2,360,122.0,41,1,1.8,381.0,162.0,1,209,1.3,154.0,65.0,0.2,7.7,0.0,33959,3,79479,4,0.3,1.3,1.05,0.91,1.96,21.34,0.09,0.07,0.16,1.75,207.0,274.0,113.0,234.8,157.0,106.0,130.0,227.0,124.0,57.2,244.0,120.0,,,,33,,Jacob,Ramsey,J.Ramsey,,,1098,2,1,1,25,0,0,0,3,1,0,12,109,,,,0.0,0.08,2.05,0.99,8.96,27,17,65
135,a,100.0,100.0,7.3,25,9.0,0,0.0,-2,2.0,0.6,251,34.0,21,0,1.5,421.0,51.0,0,64,0.7,245.0,31.0,0.1,2.9,0.0,240614,34,457396,8,-0.3,0.7,1.95,0.53,2.48,8.0,0.41,0.11,0.52,1.7,54.0,414.0,47.0,35.8,375.0,50.0,139.0,218.0,43.0,22.1,374.0,45.0,,,,33,,Yoane,Wissa,Wissa,,,423,1,0,1,9,0,0,0,1,0,0,4,19,,,,0.0,0.21,1.91,0.85,4.04,3,3,13
469,a,100.0,100.0,5.0,244,9.0,0,0.0,0,0.0,4.3,88,16.0,82,0,3.7,95.0,14.0,3,336,0.0,731.0,93.0,0.0,16.4,0.0,1520797,21,1587094,96,-1.0,0.0,0.16,0.0,0.16,27.01,0.01,0.0,0.01,1.24,505.8,85.0,15.0,0.0,785.0,92.0,35.0,358.0,1.0,54.1,254.0,15.0,,,,33,,Nick,Pope,Pope,,,1966,0,1,7,32,0,0,0,1,0,67,22,121,,,,3.07,0.32,1.46,1.01,0.0,1,32,204
471,a,,,3.9,746,70.0,0,0.0,-1,1.0,0.1,443,65.0,0,0,0.0,547.0,43.0,0,0,0.0,377.0,31.0,0.0,0.0,0.0,6914,0,11048,0,-1.0,0.0,0.0,0.0,0.0,0.0,0.0,0.0,0.0,0.0,0.0,537.0,43.0,0.0,523.0,25.0,0.0,491.0,12.0,0.0,539.0,43.0,,,,33,,Mark,Gillespie,Gillespie,,,0,0,0,0,0,0,0,0,0,0,0,0,0,,,,0.0,0.0,0.0,0.0,0.0,0,0,0
472,u,0.0,0.0,4.0,669,44.0,0,0.0,0,0.0,0.0,724,84.0,0,0,0.0,582.0,67.0,0,0,0.0,418.0,57.0,0.0,0.0,0.0,0,0,2497,0,0.0,0.0,0.0,0.0,0.0,0.0,0.0,0.0,0.0,0.0,0.0,572.0,67.0,0.0,562.0,53.0,0.0,531.0,40.0,0.0,574.0,67.0,,,,33,,Odysseas,Vlachodimos,Odysseas,Has joined Sevilla on loan for the rest of the season.,,0,0,0,0,0,0,0,0,0,0,0,0,0,,,,0.0,0.0,0.0,0.0,0.0,0,0,0
473,a,100.0,100.0,5.4,172,21.0,0,0.0,-1,1.0,4.0,96,33.0,74,1,2.8,223.0,89.0,4,313,1.0,198.0,66.0,0.2,13.7,0.0,926865,241,666757,182,0.0,1.0,0.85,2.54,3.39,31.31,0.04,0.12,0.16,1.52,480.8,98.0,43.0,361.4,78.0,17.0,155.0,193.0,46.0,99.7,99.0,29.0,2.0,1.0,,33,,Lewis,Hall,Hall,,,1857,1,2,4,34,0,0,0,3,0,0,21,159,,,,0.0,0.19,1.65,1.02,7.28,47,104,117
474,i,0.0,0.0,5.2,201,26.0,0,0.0,-3,3.0,1.1,184,71.0,51,0,3.2,174.0,69.0,0,186,0.0,756.0,257.0,0.0,9.8,0.0,297123,1,497184,10,0.0,0.0,0.97,0.6,1.57,13.85,0.08,0.05,0.13,1.14,291.2,215.0,85.0,63.6,329.0,111.0,108.0,256.0,71.0,46.4,284.0,93.0,,4.0,,33,,Fabian,Schär,Schär,Ankle injury - Expected back 10 May,,1089,0,0,4,13,0,0,0,1,0,0,11,133,,,,0.0,0.33,1.07,0.91,9.5,14,101,42
475,a,100.0,100.0,4.9,309,49.0,0,0.0,-1,1.0,0.4,285,109.0,69,1,3.5,122.0,44.0,6,256,1.7,133.0,52.0,0.3,14.1,0.0,87806,14,109349,5,0.7,1.7,1.49,0.37,1.86,18.85,0.1,0.03,0.13,1.3,392.4,149.0,65.0,61.5,333.0,113.0,155.0,191.0,45.0,60.9,232.0,80.0,,,,33,,Sven,Botman,Botman,,,1312,1,1,5,19,1,0,0,1,0,0,16,165,,,,0.0,0.34,1.31,1.1,9.28,13,123,69
476,a,100.0,100.0,5.0,243,38.0,0,0.0,0,0.0,3.4,99,34.0,78,0,3.4,146.0,56.0,5,238,1.0,187.0,64.0,0.2,15.6,0.0,1548356,64,1685459,63,0.0,1.0,0.39,0.32,0.71,24.41,0.02,0.02,0.04,1.21,422.4,127.0,55.0,88.6,295.0,91.0,115.0,241.0,65.0,62.7,225.0,77.0,,,,33,,Dan,Burn,Burn,,,1811,0,3,6,30,0,0,0,7,1,0,21,228,,,,0.0,0.3,1.49,1.04,9.54,31,161,61
477,a,100.0,100.0,4.9,324,53.0,0,0.0,-1,1.0,1.9,140,56.0,58,1,3.4,144.0,54.0,3,247,1.0,186.0,63.0,0.2,11.8,0.0,1106339,38,1383113,11,0.0,1.0,0.13,0.86,0.99,16.49,0.01,0.06,0.07,1.17,210.2,272.0,111.0,195.3,184.0,48.0,38.0,350.0,115.0,44.3,293.0,97.0,,,,33,,Tino,Livramento,Livramento,,,1271,0,1,6,13,0,0,0,1,0,0,14,92,,,,0.0,0.43,0.92,0.99,4.54,21,43,81
478,a,100.0,100.0,4.9,285,44.0,0,0.0,-1,1.0,1.4,162,63.0,50,0,2.8,218.0,87.0,2,211,0.7,231.0,75.0,0.1,10.2,0.0,260362,22,381524,22,-0.3,0.7,0.08,1.96,2.04,19.57,0.0,0.12,0.12,1.21,269.4,227.0,90.0,459.7,46.0,6.0,12.0,406.0,151.0,74.0,178.0,59.0,4.0,2.0,,33,,Kieran,Trippier,Trippier,,,1456,0,1,5,25,0,0,0,3,0,0,17,106,,,,0.0,0.31,1.55,1.05,4.76,22,55,67
479,i,0.0,0.0,4.3,574,123.0,0,0.0,-2,2.0,0.0,625,223.0,0,0,0.0,651.0,252.0,0,-8,0.0,510.0,212.0,0.0,0.0,0.0,1634,0,5272,1,0.0,0.0,0.0,0.0,0.0,0.25,0.0,0.0,0.0,0.5,1.4,498.0,177.0,1.2,470.0,171.0,0.0,611.0,251.0,0.3,502.0,176.0,,,,33,,Emil,Krafth,Krafth,Knee injury - Unknown return date,,45,0,0,0,2,0,0,0,0,0,0,1,1,,,,0.0,0.0,4.0,2.0,2.0,0,1,0
480,u,0.0,0.0,4.3,572,121.0,0,0.0,-2,2.0,0.0,593,211.0,1,0,0.5,521.0,180.0,0,0,0.0,509.0,211.0,0.0,0.2,0.0,2754,0,9107,1,0.0,0.0,0.04,0.0,0.04,0.55,0.19,0.0,0.19,2.61,10.2,465.0,169.0,0.0,637.0,252.0,7.0,426.0,162.0,1.7,474.0,169.0,,,,33,,Jamaal,Lascelles,Lascelles,has joined Leicester City permanently.,,19,0,0,0,2,0,0,0,0,0,0,0,5,,,,0.0,0.0,9.47,0.0,23.68,0,5,0
481,a,,,3.8,809,252.0,0,0.0,-2,2.0,0.7,232,87.0,1,0,1.0,453.0,163.0,0,-1,0.0,368.0,131.0,0.0,0.3,0.0,80472,8,105858,7,-1.0,0.0,0.0,0.0,0.0,0.27,0.0,0.0,0.0,24.3,2.2,493.0,175.0,0.0,513.0,195.0,0.0,480.0,189.0,0.2,505.0,177.0,,,,33,,Alex,Murphy,A.Murphy,,,1,0,0,0,1,0,0,0,0,0,0,0,1,,,,0.0,0.0,90.0,0.0,90.0,0,1,0
482,u,0.0,0.0,3.9,762,220.0,0,0.0,-1,1.0,0.1,465,172.0,0,0,0.0,557.0,202.0,0,0,0.0,390.0,140.0,0.0,0.0,0.0,8541,0,17180,0,0.0,0.0,0.0,0.0,0.0,0.0,0.0,0.0,0.0,0.0,0.0,547.0,201.0,0.0,534.0,201.0,0.0,502.0,196.0,0.0,549.0,201.0,,,,33,,Harrison,Ashby,Ashby,has joined Bradford City on loan for the rest of the season.,,0,0,0,0,0,0,0,0,0,0,0,0,0,,,,0.0,0.0,0.0,0.0,0.0,0,0,0
483,a,,,3.8,813,256.0,0,0.0,-2,2.0,0.4,298,111.0,0,0,0.0,541.0,198.0,0,0,0.0,371.0,134.0,0.0,0.0,0.0,66870,3,51188,4,-1.0,0.0,0.0,0.0,0.0,0.0,0.0,0.0,0.0,0.0,0.0,530.0,197.0,0.0,515.0,197.0,0.0,483.0,192.0,0.0,532.0,197.0,,,,33,,Miodrag,Pivaš,Pivas,,,0,0,0,0,0,0,0,0,0,0,0,0,0,,,,0.0,0.0,0.0,0.0,0.0,0,0,0
484,u,0.0,0.0,4.0,672,166.0,0,0.0,0,0.0,0.1,430,160.0,0,0,0.0,584.0,213.0,0,0,0.0,420.0,153.0,0.0,0.0,0.0,3759,0,45483,0,0.0,0.0,0.0,0.0,0.0,0.0,0.0,0.0,0.0,0.0,0.0,574.0,212.0,0.0,564.0,212.0,0.0,533.0,208.0,0.0,576.0,212.0,,,,33,,Matt,Targett,Targett,has joined Middlesbrough on loan for the rest of the season.,,0,0,0,0,0,0,0,0,0,0,0,0,0,,,,0.0,0.0,0.0,0.0,0.0,0,0,0
485,a,100.0,100.0,7.4,23,15.0,0,0.0,-1,1.0,7.2,56,20.0,101,0,3.9,75.0,33.0,10,352,4.3,21.0,7.0,0.6,13.6,0.0,2396915,853,1731045,546,3.3,4.3,8.77,3.38,12.15,24.78,0.44,0.17,0.61,1.24,393.8,146.0,50.0,404.2,67.0,53.0,514.0,34.0,18.0,130.9,52.0,34.0,,,1.0,33,,Anthony,Gordon,Gordon,,,1798,6,4,8,30,0,0,0,3,1,0,24,91,,,,0.0,0.4,1.5,1.2,4.56,19,16,56
486,a,100.0,100.0,6.5,52,33.0,0,0.0,-5,5.0,2.7,121,38.0,44,1,1.5,420.0,184.0,0,168,1.3,164.0,73.0,0.2,6.8,0.0,579026,40,1193973,22,0.3,1.3,1.44,1.68,3.12,18.31,0.11,0.12,0.23,1.35,125.2,346.0,157.0,261.4,136.0,93.0,169.0,182.0,100.0,55.3,251.0,124.0,5.0,,,33,,Anthony,Elanga,Elanga,,,1226,0,1,2,26,0,0,0,0,0,0,14,53,,,,0.0,0.15,1.91,1.03,3.9,14,9,30
487,a,,,6.1,81,53.0,0,0.0,-4,4.0,1.1,187,64.0,85,1,2.7,238.0,97.0,8,269,1.3,160.0,70.0,0.2,13.9,0.0,756512,35,699205,58,0.3,1.3,6.12,2.22,8.34,24.81,0.33,0.12,0.45,1.33,302.0,209.0,87.0,315.1,103.0,76.0,582.0,26.0,12.0,119.5,72.0,45.0,,,,33,,Harvey,Barnes,Barnes,,,1685,5,0,5,26,0,0,0,1,0,0,18,88,,,,0.0,0.27,1.39,0.96,4.66,12,19,57
488,d,75.0,75.0,6.8,43,27.0,0,0.0,3,-3.0,4.3,89,28.0,134,0,5.8,6.0,3.0,19,584,0.0,817.0,363.0,0.0,19.7,0.0,4044578,84,3826249,116,-0.8,0.0,4.82,3.62,8.44,26.13,0.21,0.16,0.37,1.16,682.6,33.0,9.0,634.3,18.0,17.0,365.0,66.0,39.0,168.3,23.0,19.0,3.0,5.0,2.0,33,,Bruno,Guimarães Rodriguez Moura,Bruno G.,Lack of match fitness - 75% chance of playing,,2019,9,6,6,31,0,0,0,5,0,0,22,200,,,,0.0,0.27,1.38,0.98,8.92,50,43,107
489,a,100.0,100.0,5.9,89,57.0,0,0.0,-6,6.0,0.6,241,86.0,67,0,2.5,275.0,116.0,2,267,1.0,203.0,94.0,0.2,11.4,0.0,166264,4,349929,12,0.0,1.0,2.97,2.41,5.38,20.4,0.2,0.16,0.36,1.38,278.2,221.0,93.0,332.9,93.0,69.0,319.0,83.0,49.0,92.1,125.0,70.0,,,,33,,Jacob,Murphy,J.Murphy,,,1326,3,1,7,16,0,0,0,1,0,0,15,72,,,,0.0,0.48,1.09,1.02,4.89,14,18,40
490,s,0.0,0.0,5.9,91,59.0,0,0.0,-1,1.0,0.3,327,114.0,67,0,2.7,237.0,96.0,2,281,1.3,159.0,69.0,0.2,11.4,0.0,80806,0,109129,31,0.0,0.0,2.09,1.15,3.24,26.12,0.11,0.06,0.17,1.33,304.6,206.0,85.0,262.6,135.0,92.0,311.0,87.0,52.0,87.9,140.0,77.0,,,,33,,Joelinton Cássio,Apolinário de Lira,Joelinton,Suspended until 02 May,,1770,2,1,5,25,0,0,0,10,0,0,21,214,,,,0.0,0.25,1.27,1.07,10.88,37,69,108
491,a,100.0,100.0,5.3,191,120.0,0,0.0,-2,2.0,1.1,188,65.0,74,1,2.4,289.0,126.0,2,410,1.0,197.0,89.0,0.2,14.0,0.0,220798,32,325243,24,0.0,1.0,1.61,2.41,4.02,29.9,0.07,0.1,0.17,1.26,344.4,185.0,72.0,448.7,50.0,42.0,165.0,184.0,101.0,96.1,110.0,61.0,1.0,3.0,,33,,Sandro,Tonali,Tonali,,,2145,0,2,7,33,0,0,0,3,0,0,27,222,,,,0.0,0.29,1.39,1.13,9.29,30,61,131
492,u,0.0,0.0,4.9,344,215.0,0,0.0,-1,1.0,0.0,681,274.0,0,0,0.0,788.0,344.0,0,0,0.0,728.0,305.0,0.0,0.0,0.0,655,0,3583,0,0.0,0.0,0.0,0.0,0.0,0.0,0.0,0.0,0.0,0.0,0.0,787.0,343.0,0.0,783.0,343.0,0.0,779.0,341.0,0.0,787.0,343.0,,,,33,,Antoñito,Cordero Campillo,Antoñito C.,has joined Cadiz on loan for the rest of the season.,,0,0,0,0,0,0,0,0,0,0,0,0,0,,,,0.0,0.0,0.0,0.0,0.0,0,0,0
494,a,100.0,100.0,5.0,248,148.0,0,0.0,0,0.0,0.1,501,180.0,28,0,1.4,425.0,186.0,0,114,0.3,304.0,142.0,0.1,5.6,0.0,14178,0,13402,1,-0.7,0.3,0.81,0.64,1.45,13.92,0.11,0.08,0.19,1.81,96.2,376.0,166.0,147.8,225.0,145.0,112.0,248.0,137.0,35.5,325.0,160.0,,,,33,,Joe,Willock,Willock,,,693,0,1,3,13,0,0,0,3,0,0,7,76,,,,0.0,0.39,1.69,0.91,9.87,18,12,46
495,u,0.0,0.0,4.5,415,251.0,0,0.0,0,0.0,0.0,772,331.0,0,0,0.0,695.0,271.0,0,0,0.0,589.0,204.0,0.0,0.0,0.0,0,0,1612,0,0.0,0.0,0.0,0.0,0.0,0.0,0.0,0.0,0.0,0.0,0.0,689.0,265.0,0.0,684.0,268.0,0.0,665.0,260.0,0.0,691.0,267.0,,,,33,,Isaac,Hayden,Hayden,Has departed the club as a free agent.,,0,0,0,0,0,0,0,0,0,0,0,0,0,,,,0.0,0.0,0.0,0.0,0.0,0,0,0
496,u,0.0,0.0,4.4,559,335.0,0,0.0,-1,1.0,0.0,636,247.0,0,0,0.0,684.0,265.0,0,0,0.0,574.0,195.0,0.0,0.0,0.0,2219,0,7430,0,0.0,0.0,0.0,0.0,0.0,0.0,0.0,0.0,0.0,0.0,0.0,677.0,258.0,0.0,672.0,261.0,0.0,653.0,253.0,0.0,679.0,260.0,,,,33,,Garang,Kuol,Kuol,has joined Sparta Prague permanently.,,0,0,0,0,0,0,0,0,0,0,0,0,0,,,,0.0,0.0,0.0,0.0,0.0,0,0,0
497,a,100.0,100.0,4.4,557,334.0,0,0.0,-1,1.0,1.8,145,51.0,65,1,3.1,184.0,76.0,5,299,2.3,89.0,38.0,0.5,14.8,0.0,648551,31,716576,50,1.3,2.3,1.36,2.01,3.37,16.35,0.1,0.15,0.25,1.19,297.0,211.0,88.0,232.0,159.0,107.0,132.0,224.0,122.0,66.1,207.0,102.0,,,,33,,Lewis,Miley,L.Miley,,,1241,1,4,2,18,0,0,0,0,0,0,13,128,,,,0.0,0.15,1.31,0.95,9.31,25,43,60
498,u,0.0,0.0,4.5,439,262.0,0,0.0,0,0.0,0.0,777,334.0,0,0,0.0,709.0,281.0,0,0,0.0,607.0,215.0,0.0,0.0,0.0,117,0,1259,0,0.0,0.0,0.0,0.0,0.0,0.0,0.0,0.0,0.0,0.0,0.0,703.0,275.0,0.0,699.0,278.0,0.0,682.0,271.0,0.0,705.0,277.0,,,,33,,Joe,White,White,has joined Bradford City on loan for the rest of the season.,,0,0,0,0,0,0,0,0,0,0,0,0,0,,,,0.0,0.0,0.0,0.0,0.0,0,0,0
500,a,100.0,100.0,5.4,179,42.0,0,0.0,-1,1.0,0.3,346,55.0,40,1,2.1,326.0,37.0,4,145,3.3,48.0,8.0,0.6,7.4,0.0,82115,48,90447,9,2.3,3.3,1.63,0.09,1.72,7.72,0.39,0.02,0.41,1.83,112.6,362.0,36.0,18.2,402.0,52.0,137.0,220.0,44.0,26.6,359.0,43.0,,,,33,,William,Osula,Osula,,,382,3,1,1,8,0,0,0,0,0,0,3,22,,,,0.0,0.24,1.9,0.71,5.22,3,2,17
501,a,,,4.3,615,86.0,0,0.0,-2,2.0,0.3,353,57.0,0,0,0.0,664.0,67.0,0,0,0.0,541.0,55.0,0.0,0.0,0.0,26513,2,37345,2,-1.0,0.0,0.0,0.0,0.0,0.0,0.0,0.0,0.0,0.0,0.0,654.0,67.0,0.0,650.0,66.0,0.0,627.0,66.0,0.0,656.0,67.0,,,,33,,Sean,Neave,Neave,,,0,0,0,0,0,0,0,0,0,0,0,0,0,,,,0.0,0.0,0.0,0.0,0.0,0,0,0
674,a,,,4.8,360,14.0,0,0.0,-2,2.0,0.8,207,26.0,25,1,2.1,322.0,30.0,1,110,1.3,147.0,12.0,0.3,5.2,0.0,141962,29,163839,19,0.3,1.3,0.0,0.0,0.0,15.98,0.0,0.0,0.0,1.55,200.2,278.0,24.0,10.0,433.0,12.0,0.0,758.0,86.0,21.0,380.0,24.0,,,,33,,Aaron,Ramsdale,Ramsdale,,,931,0,0,1,15,0,0,0,2,0,25,11,0,,,,2.42,0.1,1.45,1.07,0.0,0,9,82
684,a,,,5.1,236,36.0,0,0.0,1,-1.0,6.4,61,20.0,117,1,3.9,70.0,26.0,12,374,1.0,194.0,65.0,0.2,22.9,0.0,1871782,199,1090251,481,0.0,1.0,3.74,0.9,4.64,40.48,0.14,0.03,0.17,1.49,750.2,16.0,6.0,105.3,270.0,78.0,356.0,69.0,4.0,120.8,69.0,13.0,,,,33,,Malick,Thiaw,Thiaw,,,2441,4,0,5,44,0,0,0,4,0,0,28,281,,,,0.0,0.18,1.62,1.03,9.3,34,219,97
689,a,,,4.3,619,367.0,0,0.0,-2,2.0,0.5,269,95.0,0,0,0.0,667.0,256.0,0,0,0.0,544.0,182.0,0.0,0.0,0.0,96147,5,62989,14,-1.0,0.0,0.0,0.0,0.0,0.0,0.0,0.0,0.0,0.0,0.0,657.0,246.0,0.0,653.0,251.0,0.0,630.0,240.0,0.0,659.0,248.0,,,,33,,Seung-Soo,Park,Seung soo,,,0,0,0,0,0,0,0,0,0,0,0,0,0,,,,0.0,0.0,0.0,0.0,0.0,0,0,0
714,a,100.0,100.0,6.7,47,17.0,0,0.0,-3,3.0,6.6,60,11.0,94,0,3.4,151.0,14.0,10,334,2.0,126.0,18.0,0.3,14.0,0.0,5452221,102,4796186,113,1.0,2.0,6.39,0.84,7.23,22.89,0.35,0.05,0.4,1.24,390.0,150.0,15.0,206.6,172.0,15.0,390.0,61.0,24.0,97.6,107.0,18.0,,,3.0,33,,Nick,Woltemade,Woltemade,,,1666,7,4,7,27,1,0,0,0,0,0,21,92,,,,0.0,0.38,1.46,1.13,4.97,22,27,43
753,a,,,4.0,661,38.0,0,0.0,0,0.0,0.0,688,82.0,0,0,0.0,577.0,63.0,0,0,0.0,412.0,52.0,0.0,0.0,0.0,1761,2,1168,0,-1.0,0.0,0.0,0.0,0.0,0.0,0.0,0.0,0.0,0.0,0.0,567.0,63.0,0.0,555.0,47.0,0.0,524.0,34.0,0.0,569.0,63.0,,,,33,,John,Ruddy,Ruddy,,,0,0,0,0,0,0,0,0,0,0,0,0,0,,,,0.0,0.0,0.0,0.0,0.0,0,0,0
765,a,,,4.0,717,190.0,0,0.0,0,0.0,0.0,642,229.0,0,0,0.0,619.0,230.0,0,0,0.0,463.0,176.0,0.0,0.0,0.0,4314,3,2715,3,-1.0,0.0,0.0,0.0,0.0,0.0,0.0,0.0,0.0,0.0,0.0,610.0,230.0,0.0,602.0,230.0,0.0,572.0,227.0,0.0,612.0,230.0,,,,33,,Leo,Shahar,Shahar,,,0,0,0,0,0,0,0,0,0,0,0,0,0,,,,0.0,0.0,0.0,0.0,0.0,0,0,0
772,a,,,4.5,514,319.0,0,0.0,0,0.0,0.0,773,332.0,0,0,0.0,761.0,324.0,0,0,0.0,674.0,268.0,0.0,0.0,0.0,645,0,376,1,-1.0,0.0,0.0,0.0,0.0,0.0,0.0,0.0,0.0,0.0,0.0,760.0,323.0,0.0,753.0,323.0,0.0,740.0,319.0,0.0,760.0,323.0,,,,33,,Sam,Alabi,Alabi,,,0,0,0,0,0,0,0,0,0,0,0,0,0,,,,0.0,0.0,0.0,0.0,0.0,0,0,0
12,u,0.0,0.0,4.9,302,47.0,0,0.0,-1,1.0,0.2,369,135.0,7,0,1.4,424.0,154.0,0,56,0.0,706.0,250.0,0.0,1.4,0.0,26902,0,53842,0,0.0,0.0,0.07,0.36,0.43,5.02,0.02,0.09,0.11,1.28,80.8,389.0,146.0,83.4,302.0,95.0,22.0,387.0,137.0,18.6,390.0,138.0,,,,33,,Oleksandr,Zinchenko,Zinchenko,has joined Ajax permanently.,,352,0,0,0,6,0,0,0,0,0,0,4,36,,,,0.0,0.0,1.53,1.02,6.14,10,14,17
400,a,100.0,100.0,4.7,376,16.0,0,0.0,-3,3.0,0.2,387,55.0,11,0,3.7,90.0,13.0,0,38,0.0,682.0,90.0,0.0,2.3,0.0,12728,8,25948,4,0.0,0.5,0.0,0.01,0.01,4.65,0.0,0.0,0.0,1.55,68.6,396.0,30.0,0.0,758.0,89.0,0.0,747.0,81.0,6.9,439.0,30.0,,,,33,,Stefan,Ortega Moreno,Ortega Moreno,,,270,0,0,1,4,0,0,0,0,0,8,3,0,,,,2.67,0.33,1.33,1.0,0.0,0,1,8
426,a,,,5.0,257,155.0,0,0.0,-5,5.0,0.1,504,183.0,9,0,0.9,512.0,239.0,0,32,0.3,305.0,143.0,0.1,1.8,0.0,13364,2,26976,0,0.3,0.8,0.02,0.18,0.2,4.2,0.01,0.09,0.1,2.18,17.6,455.0,203.0,45.5,360.0,188.0,12.0,408.0,200.0,7.6,433.0,195.0,,,5.0,33,,James,McAtee,McAtee,,,173,0,0,0,8,0,0,0,1,0,0,1,13,,,,0.0,0.0,4.16,0.52,6.76,4,2,7
502,a,100.0,100.0,4.6,397,19.0,0,0.0,-4,4.0,4.9,78,14.0,80,0,3.2,164.0,18.0,3,328,3.3,43.0,5.0,0.7,17.4,0.0,443199,145,2053872,37,3.3,3.8,0.0,0.06,0.06,34.91,0.0,0.0,0.0,1.48,536.8,75.0,14.0,10.0,431.0,10.0,0.0,745.0,79.0,54.7,253.0,14.0,,,,33,,Matz,Sels,Sels,,,2127,0,0,6,32,0,0,0,2,0,72,24,75,,,,3.05,0.25,1.35,1.02,0.0,1,22,161
503,u,0.0,0.0,4.0,691,55.0,0,0.0,0,0.0,0.1,557,77.0,0,0,0.0,600.0,77.0,0,0,0.0,439.0,68.0,0.0,0.0,0.0,448,0,15791,0,0.0,0.0,0.0,0.0,0.0,0.0,0.0,0.0,0.0,0.0,0.0,590.0,77.0,0.0,581.0,64.0,0.0,550.0,51.0,0.0,592.0,77.0,,,,33,,Carlos Miguel,dos Santos Pereira,C.Miguel,Has joined Palmeiras permanently.,,0,0,0,0,0,0,0,0,0,0,0,0,0,,,,0.0,0.0,0.0,0.0,0.0,0,0,0
504,u,0.0,0.0,4.0,676,46.0,0,0.0,0,0.0,0.1,532,76.0,0,0,0.0,587.0,68.0,0,0,0.0,424.0,59.0,0.0,0.0,0.0,0,0,15888,0,0.0,0.0,0.0,0.0,0.0,0.0,0.0,0.0,0.0,0.0,0.0,577.0,68.0,0.0,568.0,55.0,0.0,537.0,42.0,0.0,579.0,68.0,,,,33,,Matt,Turner,Turner,Has joined Lyon permanently.,,0,0,0,0,0,0,0,0,0,0,0,0,0,,,,0.0,0.0,0.0,0.0,0.0,0,0,0
505,a,,,5.1,229,32.0,0,0.0,-4,4.0,3.3,103,36.0,98,0,3.1,187.0,74.0,2,338,3.7,35.0,14.0,0.7,19.2,0.0,382042,251,1077666,35,3.7,4.2,0.81,0.46,1.27,45.9,0.03,0.01,0.04,1.43,572.2,58.0,28.0,41.4,365.0,131.0,108.0,255.0,70.0,72.4,187.0,65.0,,,,33,,Nikola,Milenković,Milenković,,,2880,0,0,8,44,1,0,0,6,0,0,32,287,,,,0.0,0.25,1.38,1.0,8.06,24,234,88
506,d,75.0,75.0,5.2,217,29.0,0,0.0,-3,3.0,2.1,134,54.0,82,0,3.4,147.0,57.0,3,325,2.3,92.0,33.0,0.4,15.8,0.0,314962,15,819220,201,1.7,2.1,0.73,0.47,1.2,32.95,0.03,0.02,0.05,1.42,530.6,76.0,36.0,115.2,259.0,73.0,82.0,286.0,83.0,72.8,184.0,64.0,,2.0,,33,,Murillo,Costa dos Santos,Murillo,Knock - 75% chance of playing,,2089,1,0,6,29,2,0,0,5,0,0,24,249,,,,0.0,0.26,1.25,1.03,9.35,32,185,99
507,a,100.0,100.0,4.7,379,63.0,0,0.0,-3,3.0,2.4,128,51.0,56,0,3.5,119.0,43.0,5,224,2.7,74.0,26.0,0.6,11.9,0.0,346243,45,1635376,22,2.7,3.2,0.36,0.82,1.18,24.25,0.02,0.05,0.07,1.55,255.6,242.0,95.0,156.8,210.0,55.0,57.0,326.0,102.0,47.1,281.0,91.0,,,,33,,Ola,Aina,Aina,,,1407,0,1,5,18,0,0,0,3,0,0,16,137,,,,0.0,0.32,1.15,1.02,7.48,26,91,74
508,a,100.0,100.0,4.8,356,59.0,0,0.0,-2,2.0,4.0,95,32.0,115,0,3.7,92.0,35.0,15,474,8.7,1.0,1.0,1.8,24.0,0.0,562244,1988,1188201,61,8.7,9.2,1.8,3.61,5.41,41.49,0.06,0.12,0.18,1.38,704.0,28.0,9.0,496.7,37.0,3.0,325.0,81.0,8.0,152.5,32.0,2.0,3.0,,,33,,Neco,Williams,N.Williams,,,2708,2,3,8,41,0,0,0,5,1,0,31,245,,,,0.0,0.27,1.36,1.03,6.81,81,124,138
509,u,0.0,0.0,4.5,436,89.0,0,0.0,0,0.0,0.0,683,240.0,0,0,0.0,706.0,260.0,0,0,0.0,604.0,240.0,0.0,0.0,0.0,427,0,4420,0,0.0,0.0,0.0,0.0,0.0,0.0,0.0,0.0,0.0,0.0,0.0,700.0,260.0,0.0,696.0,260.0,0.0,679.0,260.0,0.0,702.0,260.0,,,,33,,David,Mota Veiga Teixeira do Carmo,David Carmo,has joined Real Oviedo on loan for the rest of the season.,,0,0,0,0,0,0,0,0,0,0,0,0,0,,,,0.0,0.0,0.0,0.0,0.0,0,0,0
510,a,100.0,100.0,4.2,646,152.0,0,0.0,-3,3.0,0.1,560,201.0,5,0,1.7,387.0,144.0,0,18,0.0,506.0,210.0,0.0,1.2,0.0,3483,2,8814,0,0.0,0.5,0.14,0.0,0.14,5.45,0.06,0.0,0.06,2.29,46.2,419.0,155.0,0.8,473.0,172.0,10.0,414.0,154.0,5.6,448.0,160.0,,,,33,,Jair,Paula da Cunha Filho,Jair Cunha,,,214,0,0,0,4,0,0,0,0,0,0,2,21,,,,0.0,0.0,1.68,0.84,8.41,4,16,3
511,a,,,4.3,591,135.0,0,0.0,-2,2.0,0.1,512,183.0,35,0,2.3,297.0,109.0,1,145,0.0,522.0,221.0,0.0,8.1,0.0,9503,2,13837,2,0.0,0.5,0.83,0.08,0.91,14.83,0.08,0.01,0.09,1.42,233.8,254.0,102.0,20.8,397.0,143.0,59.0,322.0,101.0,31.4,339.0,115.0,,,,33,,Felipe,Rodrigues da Silva,Morato,,,938,0,0,2,17,0,0,0,4,0,0,10,124,,,,0.0,0.19,1.63,0.96,9.79,24,78,46
512,u,0.0,0.0,4.5,422,83.0,0,0.0,0,0.0,0.0,691,243.0,0,0,0.0,698.0,258.0,0,0,0.0,593.0,237.0,0.0,0.0,0.0,345,0,4134,1,0.0,0.0,0.0,0.0,0.0,0.0,0.0,0.0,0.0,0.0,0.0,692.0,258.0,0.0,687.0,258.0,0.0,668.0,257.0,0.0,694.0,258.0,,,,33,,Omar,Richards,O.Richards,has joined Rio Ave on loan for the rest of the season.,,0,0,0,0,0,0,0,0,0,0,0,0,0,,,,0.0,0.0,0.0,0.0,0.0,0,0,0
513,a,,,3.8,811,254.0,0,0.0,-2,2.0,0.3,348,126.0,2,0,1.0,454.0,164.0,0,1,0.0,370.0,133.0,0.0,0.5,0.0,29537,0,30880,3,0.0,0.5,0.0,0.01,0.01,3.13,0.0,0.01,0.01,2.35,25.4,445.0,164.0,6.3,442.0,158.0,0.0,482.0,191.0,3.2,463.0,167.0,,,,33,,Zach,Abbott,Abbott,,,120,0,0,0,4,0,0,0,0,0,0,1,10,,,,0.0,0.0,3.0,0.75,7.5,2,8,8
514,i,0.0,0.0,3.8,790,235.0,0,0.0,-2,2.0,0.3,305,113.0,0,0,0.0,529.0,187.0,0,0,0.0,352.0,117.0,0.0,0.0,0.0,42989,1,68117,7,0.0,0.0,0.0,0.0,0.0,0.0,0.0,0.0,0.0,0.0,0.0,518.0,186.0,0.0,501.0,185.0,0.0,468.0,179.0,0.0,520.0,186.0,,,,33,,Willy,Boly,Boly,Knee injury - Unknown return date,,0,0,0,0,0,0,0,0,0,0,0,0,0,,,,0.0,0.0,0.0,0.0,0.0,0,0,0
515,a,100.0,100.0,7.4,22,14.0,0,0.0,-1,1.0,5.4,74,25.0,135,0,4.2,53.0,22.0,11,526,3.3,52.0,21.0,0.4,18.2,0.0,1234583,1139,1208139,167,3.3,3.8,8.63,2.16,10.79,43.07,0.29,0.07,0.36,1.42,576.4,55.0,15.0,654.5,17.0,16.0,646.0,24.0,10.0,187.5,13.0,9.0,,1.0,2.0,33,,Morgan,Gibbs-White,Gibbs-White,,,2723,9,2,9,40,0,0,0,1,0,0,31,153,,,,0.0,0.3,1.32,1.02,5.06,16,42,95
516,d,25.0,25.0,5.7,113,72.0,0,0.0,-3,3.0,0.7,226,81.0,88,0,2.9,207.0,84.0,8,358,4.3,20.0,6.0,0.8,15.4,0.0,276413,3,344650,118,1.1,1.2,2.77,3.02,5.79,30.88,0.14,0.15,0.29,1.51,366.6,166.0,62.0,611.7,23.0,22.0,330.0,80.0,47.0,130.6,53.0,35.0,,,,33,,Callum,Hudson-Odoi,Hudson-Odoi,Muscle injury - 25% chance of playing,,1838,3,4,6,26,0,0,0,0,0,0,21,106,,,,0.0,0.29,1.27,1.03,5.19,14,24,68
517,d,75.0,75.0,5.6,127,79.0,0,0.0,1,-1.0,7.5,52,18.0,142,0,4.4,39.0,16.0,10,649,3.0,66.0,27.0,0.5,25.4,0.0,1745004,110,1520042,828,2.2,2.6,2.57,3.63,6.2,44.7,0.08,0.11,0.19,1.41,715.6,24.0,6.0,849.0,4.0,4.0,253.0,108.0,67.0,182.1,16.0,12.0,1.0,3.0,4.0,33,,Elliot,Anderson,Anderson,Personal Reasons - 75% chance of playing,,2863,2,3,9,43,0,0,0,6,0,0,32,445,,,,0.0,0.28,1.35,1.01,13.99,90,86,269
518,u,0.0,0.0,5.4,175,110.0,0,0.0,-1,1.0,0.0,618,238.0,1,0,1.0,506.0,235.0,0,6,0.0,781.0,340.0,0.0,0.2,0.0,1029,0,9159,0,0.0,0.0,0.0,0.0,0.0,0.0,0.0,0.0,0.0,0.0,5.0,479.0,217.0,0.5,479.0,231.0,4.0,441.0,217.0,1.0,488.0,224.0,,,,33,,João Pedro,Ferreira da Silva,Jota,has joined Besiktas on loan for the rest of the season.,,11,0,0,0,0,0,0,0,0,0,0,0,3,,,,0.0,0.0,0.0,0.0,24.55,2,1,0
519,a,100.0,100.0,5.0,256,154.0,0,0.0,0,0.0,0.0,635,246.0,39,0,1.9,355.0,153.0,3,171,0.7,234.0,110.0,0.1,7.8,0.0,5315,0,4250,0,0.7,1.2,1.15,0.44,1.59,18.21,0.11,0.04,0.15,1.75,192.4,288.0,124.0,155.9,213.0,135.0,126.0,232.0,128.0,47.5,279.0,141.0,,,,33,,Nicolás,Domínguez,Dominguez,,,938,1,0,3,18,0,0,0,2,0,0,14,103,,,,0.0,0.29,1.73,1.34,9.88,41,20,42
520,u,0.0,0.0,5.0,254,153.0,0,0.0,0,0.0,0.0,821,366.0,0,0,0.0,791.0,346.0,0,0,0.0,734.0,308.0,0.0,0.0,0.0,0,0,118,0,0.0,0.0,0.0,0.0,0.0,0.0,0.0,0.0,0.0,0.0,0.0,790.0,345.0,0.0,788.0,345.0,0.0,783.0,343.0,0.0,790.0,345.0,,,,33,,Lewis,O'Brien,O'Brien,Has joined Wrexham permanently.,,0,0,0,0,0,0,0,0,0,0,0,0,0,,,,0.0,0.0,0.0,0.0,0.0,0,0,0
521,a,100.0,100.0,4.9,306,190.0,0,0.0,-1,1.0,0.1,543,199.0,79,0,3.3,155.0,63.0,2,328,2.7,76.0,30.0,0.6,16.1,0.0,11999,12,13667,1,2.7,3.2,1.16,1.69,2.85,29.88,0.06,0.08,0.14,1.45,384.6,154.0,55.0,185.7,191.0,125.0,124.0,235.0,129.0,69.6,199.0,99.0,,,,33,,Ibrahim,Sangaré,Sangaré,,,1854,2,2,8,23,0,0,0,5,0,0,22,226,,,,0.0,0.39,1.12,1.07,10.97,54,79,93
522,a,100.0,100.0,4.7,383,238.0,0,0.0,-3,3.0,0.1,552,203.0,21,0,1.2,441.0,197.0,0,88,0.7,228.0,106.0,0.1,4.5,0.0,10223,1,19437,0,0.7,1.2,0.22,0.19,0.41,4.99,0.05,0.04,0.09,1.11,79.4,391.0,174.0,48.7,355.0,186.0,38.0,349.0,180.0,16.4,397.0,181.0,,,,33,,Ryan,Yates,Yates,,,405,0,1,0,5,0,0,0,1,0,0,1,41,,,,0.0,0.0,1.11,0.22,9.11,11,18,12
523,a,100.0,100.0,4.5,474,289.0,0,0.0,0,0.0,0.1,569,211.0,0,0,0.0,731.0,301.0,0,0,0.0,636.0,239.0,0.0,0.0,0.0,2874,2,17005,0,0.0,0.5,0.0,0.0,0.0,0.0,0.0,0.0,0.0,0.0,0.0,728.0,298.0,0.0,722.0,299.0,0.0,708.0,294.0,0.0,729.0,299.0,,,,33,,Eric,da Silva Moreira,Da Silva Moreira,,,0,0,0,0,0,0,0,0,0,0,0,0,0,,,,0.0,0.0,0.0,0.0,0.0,0,0,0
524,u,0.0,0.0,4.5,450,269.0,0,0.0,0,0.0,0.0,702,286.0,0,0,0.0,714.0,286.0,0,0,0.0,615.0,221.0,0.0,0.0,0.0,245,0,5726,0,0.0,0.0,0.0,0.0,0.0,0.0,0.0,0.0,0.0,0.0,0.0,709.0,281.0,0.0,704.0,283.0,0.0,688.0,276.0,0.0,710.0,282.0,,,,33,,Marko,Stamenić,Stamenic,Has joined Swansea City permanently.,,0,0,0,0,0,0,0,0,0,0,0,0,0,,,,0.0,0.0,0.0,0.0,0.0,0,0,0
525,d,75.0,75.0,7.1,33,14.0,0,0.0,-4,4.0,4.5,85,16.0,26,0,2.9,210.0,20.0,3,86,0.3,315.0,42.0,0.0,3.7,0.0,2136371,9,3394246,23,0.2,0.6,2.98,0.12,3.1,8.56,0.48,0.02,0.5,1.37,77.6,393.0,43.0,51.4,349.0,42.0,188.0,165.0,39.0,30.7,346.0,40.0,,,1.0,33,,Chris,Wood,Wood,Knock - 75% chance of playing,,563,2,0,1,8,0,0,0,0,0,0,7,14,,,,0.0,0.16,1.28,1.12,2.24,1,6,7
526,a,100.0,100.0,5.8,108,31.0,0,0.0,-2,2.0,1.3,174,27.0,83,0,2.7,236.0,23.0,8,276,3.3,50.0,9.0,0.6,14.3,0.0,467992,360,425808,50,3.3,3.8,4.78,1.16,5.94,30.96,0.23,0.06,0.29,1.48,258.6,239.0,21.0,180.4,194.0,17.0,565.0,27.0,15.0,98.0,106.0,17.0,,,3.0,33,,Igor Jesus,Maciel da Cruz,Igor Jesus,,,1882,3,4,8,32,0,0,0,0,0,0,23,93,,,,0.0,0.38,1.53,1.1,4.45,18,32,43
527,a,100.0,100.0,5.2,207,47.0,0,0.0,-3,3.0,0.3,330,51.0,20,0,1.7,394.0,47.0,1,81,1.3,153.0,20.0,0.2,3.8,0.0,37141,2,94291,4,1.3,1.8,2.07,0.39,2.46,5.11,0.7,0.13,0.83,1.72,85.4,382.0,42.0,41.9,364.0,45.0,151.0,203.0,41.0,27.3,355.0,42.0,,,,33,,Taiwo,Awoniyi,Awoniyi,,,268,2,0,0,2,0,0,0,1,0,0,1,15,,,,0.0,0.0,0.67,0.34,5.04,1,5,9
669,a,100.0,100.0,5.5,146,92.0,0,0.0,-5,5.0,0.7,231,83.0,50,0,2.1,327.0,142.0,4,178,0.7,239.0,114.0,0.1,9.1,0.0,545393,2,575273,5,0.7,1.2,1.05,1.51,2.56,15.96,0.08,0.12,0.2,1.23,166.4,312.0,140.0,217.7,166.0,112.0,180.0,172.0,96.0,56.6,247.0,121.0,4.0,,,33,,Dan,Ndoye,Ndoye,,,1167,1,2,2,17,0,0,0,1,0,0,14,96,,,,0.0,0.15,1.31,1.08,7.4,22,24,50
675,a,100.0,100.0,4.0,666,42.0,0,0.0,0,0.0,1.1,186,23.0,1,0,1.0,457.0,37.0,0,4,0.0,416.0,55.0,0.0,0.2,0.0,30756,4,102720,3,0.0,0.5,0.0,0.0,0.0,0.21,0.0,0.0,0.0,0.42,1.2,500.0,36.0,0.0,560.0,51.0,0.0,529.0,38.0,0.1,509.0,36.0,,,,33,,Angus,Gunn,Gunn,,,45,0,0,0,0,0,0,0,0,0,0,0,0,,,,0.0,0.0,0.0,0.0,0.0,0,1,4
693,a,,,5.4,174,109.0,0,0.0,-1,1.0,0.1,537,196.0,65,0,2.6,256.0,105.0,3,264,1.3,156.0,66.0,0.2,12.0,0.0,33119,4,28810,0,1.3,1.8,1.86,3.03,4.89,18.64,0.12,0.2,0.32,1.25,261.2,235.0,99.0,420.8,61.0,49.0,306.0,90.0,53.0,98.6,103.0,58.0,2.0,,,33,,Omari,Hutchinson,Hutchinson,,,1341,1,5,5,18,0,0,0,1,0,0,13,106,,,,0.0,0.34,1.21,0.87,7.11,18,15,73
696,u,0.0,0.0,6.0,88,26.0,0,0.0,0,0.0,0.1,456,66.0,9,0,1.0,509.0,61.0,0,24,0.0,805.0,89.0,0.0,1.5,0.0,15291,0,18489,0,0.0,0.0,0.44,0.02,0.46,1.57,0.44,0.02,0.46,1.59,6.8,475.0,56.0,17.7,406.0,53.0,39.0,348.0,55.0,6.3,442.0,56.0,,,,33,,Arnaud,Kalimuendo,Kalimuendo,has joined Eintracht Frankfurt on loan for the rest of the season.,,89,0,0,0,3,0,0,0,0,0,0,0,6,,,,0.0,0.0,3.03,0.0,6.07,1,1,4
715,i,0.0,0.0,4.0,674,45.0,0,0.0,0,0.0,0.3,325,44.0,11,0,2.2,304.0,29.0,0,32,0.0,422.0,58.0,0.0,2.8,0.0,66310,3,50407,10,0.0,0.0,0.0,0.0,0.0,6.13,0.0,0.0,0.0,1.26,56.4,410.0,32.0,0.0,566.0,54.0,0.0,535.0,41.0,5.7,447.0,32.0,,,,33,,John Victor,Maciel Furtado,John,Knee injury - Expected back 01 Jun,,437,0,0,1,8,0,0,0,1,0,6,5,0,,,,1.24,0.21,1.65,1.03,0.0,0,4,26
716,i,0.0,0.0,4.5,452,93.0,0,0.0,0,0.0,0.1,582,208.0,39,0,2.8,217.0,86.0,0,131,0.0,617.0,243.0,0.0,8.7,0.0,46722,0,44619,0,0.0,0.0,1.34,0.45,1.79,15.04,0.12,0.04,0.16,1.32,216.6,266.0,108.0,123.2,248.0,67.0,94.0,270.0,78.0,43.5,296.0,99.0,,,,33,,Nicolò,Savona,Savona,Knee injury - Unknown return date,,1025,2,0,3,18,0,0,0,2,0,0,11,69,,,,0.0,0.26,1.58,0.97,5.0,20,37,27
729,u,0.0,0.0,4.5,473,95.0,0,0.0,0,0.0,0.0,818,268.0,0,0,0.0,730.0,261.0,0,0,0.0,635.0,244.0,0.0,0.0,0.0,94,0,120,0,0.0,0.0,0.0,0.0,0.0,0.0,0.0,0.0,0.0,0.0,0.0,727.0,261.0,0.0,721.0,261.0,0.0,707.0,261.0,0.0,728.0,261.0,,,,33,,Luis Eduardo,Soares da Silva,Cuiabano,has joined Vasco de Gama on loan for the rest of the season.,,0,0,0,0,0,0,0,0,0,0,0,0,0,,,,0.0,0.0,0.0,0.0,0.0,0,0,0
734,a,100.0,100.0,5.9,98,65.0,0,0.0,-1,1.0,0.0,674,271.0,14,0,1.4,428.0,189.0,0,55,0.0,803.0,354.0,0.0,2.4,0.0,4697,2,4270,2,0.0,0.5,0.5,0.68,1.18,6.73,0.13,0.18,0.31,1.77,49.8,416.0,182.0,113.9,261.0,159.0,78.0,291.0,157.0,23.8,365.0,173.0,,,,33,,Dilane,Bakwa,Bakwa,,,342,0,1,0,8,0,0,0,1,0,0,3,26,,,,0.0,0.0,2.11,0.79,6.84,2,3,21
805,a,,,5.4,170,40.0,0,0.0,-1,1.0,0.0,711,89.0,8,0,2.7,234.0,22.0,0,34,0.0,779.0,84.0,0.0,1.5,0.0,5890,1,4355,2,0.0,0.5,0.72,0.01,0.73,1.87,0.54,0.01,0.55,1.41,37.2,430.0,51.0,12.7,419.0,55.0,31.0,368.0,56.0,7.9,432.0,55.0,,,,33,,Lorenzo,Lucca,Lucca,,,119,1,0,1,1,0,0,0,0,0,0,1,5,,,,0.0,0.76,0.76,0.76,3.78,0,4,1
814,a,,,4.5,442,90.0,0,0.0,0,0.0,0.0,775,261.0,2,0,1.0,479.0,172.0,0,8,0.0,610.0,241.0,0.0,0.4,0.0,489,1,238,0,0.0,0.5,0.0,0.36,0.36,0.05,0.0,0.68,0.68,0.09,7.8,472.0,170.0,1.7,463.0,168.0,2.0,449.0,169.0,1.1,485.0,171.0,,,,33,,Luca,Netz,Netz,,,48,0,0,0,0,0,0,0,0,0,0,0,1,,,,0.0,0.0,0.0,0.0,1.88,0,1,3
528,u,0.0,0.0,4.2,634,33.0,0,0.0,-3,3.0,0.2,415,60.0,0,0,0.0,644.0,90.0,0,0,0.0,498.0,82.0,0.0,0.0,0.0,10565,0,35038,2,0.0,0.0,0.0,0.0,0.0,0.0,0.0,0.0,0.0,0.0,0.0,636.0,90.0,0.0,629.0,80.0,0.0,603.0,69.0,0.0,638.0,90.0,,,,33,,Anthony,Patterson,Patterson,has joined Millwall on loan for the rest of the season.,,0,0,0,0,0,0,0,0,0,0,0,0,0,,,,0.0,0.0,0.0,0.0,0.0,0,0,0
529,i,0.0,0.0,3.9,744,68.0,0,0.0,-1,1.0,0.3,299,39.0,0,0,0.0,546.0,42.0,0,0,0.0,376.0,30.0,0.0,0.0,0.0,18973,0,36206,10,0.0,0.0,0.0,0.0,0.0,0.0,0.0,0.0,0.0,0.0,0.0,535.0,41.0,0.0,521.0,23.0,0.0,489.0,10.0,0.0,537.0,41.0,,,,33,,Simon,Moore,Moore,Hand injury - Unknown return date,,0,0,0,0,0,0,0,0,0,0,0,0,0,,,,0.0,0.0,0.0,0.0,0.0,0,0,0
530,u,0.0,0.0,3.9,772,86.0,0,0.0,-1,1.0,0.1,476,71.0,0,0,0.0,564.0,57.0,0,0,0.0,397.0,46.0,0.0,0.0,0.0,7473,0,13833,0,0.0,0.0,0.0,0.0,0.0,0.0,0.0,0.0,0.0,0.0,0.0,554.0,57.0,0.0,542.0,41.0,0.0,510.0,28.0,0.0,556.0,57.0,,,,33,,Blondy,Nna Noukeu,Nna Noukeu,has joined US Boulogne CO permanently.,,0,0,0,0,0,0,0,0,0,0,0,0,0,,,,0.0,0.0,0.0,0.0,0.0,0,0,0
531,a,100.0,100.0,4.7,386,65.0,0,0.0,2,-2.0,3.1,108,40.0,118,0,4.5,29.0,11.0,9,363,0.0,685.0,247.0,0.0,25.1,0.0,1243273,461,1110138,60,0.0,0.0,2.42,0.58,3.0,31.12,0.11,0.03,0.14,1.4,637.4,43.0,19.0,177.3,197.0,51.0,353.0,71.0,5.0,116.9,76.0,15.0,,,,33,,Daniel,Ballard,Ballard,,,2004,2,2,6,28,0,0,0,3,0,0,22,266,,,,0.0,0.27,1.26,0.99,11.41,31,223,66
532,a,,,4.5,444,91.0,0,0.0,0,0.0,0.3,313,114.0,88,0,2.8,216.0,85.0,6,313,0.3,298.0,97.0,0.1,19.6,0.0,81830,9,76154,7,0.3,0.3,1.91,1.64,3.55,41.86,0.07,0.06,0.13,1.46,408.6,139.0,59.0,301.3,114.0,27.0,193.0,156.0,32.0,89.4,133.0,41.0,2.0,,,33,,Trai,Hume,Hume,,,2587,0,1,8,33,0,0,0,9,0,0,29,205,,,,0.0,0.28,1.15,1.01,6.19,60,118,87
533,u,0.0,0.0,4.0,673,167.0,0,0.0,0,0.0,0.0,795,264.0,0,0,0.0,585.0,214.0,0,0,0.0,421.0,154.0,0.0,0.0,0.0,611,0,866,0,0.0,0.0,0.0,0.0,0.0,0.0,0.0,0.0,0.0,0.0,0.0,575.0,213.0,0.0,565.0,213.0,0.0,534.0,209.0,0.0,577.0,213.0,,,,33,,Aji,Alese,Alese,has joined Portsmouth on loan for the rest of the season.,,0,0,0,0,0,0,0,0,0,0,0,0,0,,,,0.0,0.0,0.0,0.0,0.0,0,0,0
534,u,0.0,0.0,3.8,793,237.0,0,0.0,-2,2.0,0.3,324,118.0,0,0,0.0,531.0,188.0,0,0,0.0,355.0,119.0,0.0,0.0,0.0,39413,0,66322,4,0.0,0.0,0.0,0.0,0.0,0.0,0.0,0.0,0.0,0.0,0.0,520.0,187.0,0.0,503.0,186.0,0.0,470.0,180.0,0.0,522.0,187.0,,,,33,,Joe,Anderson,Anderson,has joined Barrow FC permanently.,,0,0,0,0,0,0,0,0,0,0,0,0,0,,,,0.0,0.0,0.0,0.0,0.0,0,0,0
535,a,100.0,100.0,4.0,684,172.0,0,0.0,0,0.0,0.0,597,213.0,14,0,2.0,334.0,122.0,0,44,0.0,432.0,159.0,0.0,3.5,0.0,7578,2,7267,0,0.0,0.0,0.08,0.02,0.09,6.04,0.02,0.01,0.03,1.81,58.2,409.0,154.0,8.9,436.0,155.0,8.0,421.0,159.0,7.1,438.0,157.0,,,,33,,Dennis,Cirkin,Cirkin,,,301,0,0,1,2,0,0,0,1,0,0,3,26,,,,0.0,0.3,0.6,0.9,7.77,8,18,8
536,u,0.0,0.0,4.0,692,175.0,0,0.0,0,0.0,0.0,726,252.0,0,0,0.0,601.0,220.0,0,0,0.0,440.0,162.0,0.0,0.0,0.0,1255,0,1543,0,0.0,0.0,0.0,0.0,0.0,0.0,0.0,0.0,0.0,0.0,0.0,591.0,219.0,0.0,582.0,219.0,0.0,551.0,215.0,0.0,593.0,219.0,,,,33,,Leo Fuhr,Hjelde,Hjelde,has joined Sheffield United on loan for the rest of the season.,,0,0,0,0,0,0,0,0,0,0,0,0,0,,,,0.0,0.0,0.0,0.0,0.0,0,0,0
537,u,0.0,0.0,4.0,694,176.0,0,0.0,0,0.0,0.1,546,195.0,0,0,0.0,603.0,221.0,0,0,0.0,442.0,163.0,0.0,0.0,0.0,1038,0,16255,2,0.0,0.0,0.0,0.0,0.0,0.0,0.0,0.0,0.0,0.0,0.0,593.0,220.0,0.0,584.0,220.0,0.0,553.0,216.0,0.0,595.0,220.0,,,,33,,Niall,Huggins,Huggins,has joined Wycombe Wanderers on loan for the rest of the season.,,0,0,0,0,0,0,0,0,0,0,0,0,0,,,,0.0,0.0,0.0,0.0,0.0,0,0,0
538,u,0.0,0.0,3.8,805,248.0,0,0.0,-2,2.0,0.2,380,139.0,0,0,0.0,537.0,194.0,0,0,0.0,364.0,127.0,0.0,0.0,0.0,23261,0,33919,1,0.0,0.0,0.0,0.0,0.0,0.0,0.0,0.0,0.0,0.0,0.0,526.0,193.0,0.0,510.0,192.0,0.0,477.0,186.0,0.0,528.0,193.0,,,,33,,Zak,Johnson,Johnson,has joined York City on loan for the rest of the season.,,0,0,0,0,0,0,0,0,0,0,0,0,0,,,,0.0,0.0,0.0,0.0,0.0,0,0,0
539,a,100.0,100.0,4.0,671,165.0,0,0.0,0,0.0,0.1,523,187.0,16,0,1.8,366.0,135.0,0,56,2.7,71.0,23.0,0.7,4.0,0.0,9409,28,8169,3,2.7,2.7,0.02,0.11,0.13,4.5,0.01,0.03,0.04,1.27,35.4,432.0,160.0,4.8,447.0,161.0,12.0,403.0,148.0,5.2,451.0,161.0,,,,33,,Luke,O'Nien,O'Nien,,,318,0,0,2,1,0,0,0,1,1,0,3,21,,,,0.0,0.57,0.28,0.85,5.94,3,18,5
540,u,0.0,0.0,3.9,766,222.0,0,0.0,-1,1.0,0.3,338,122.0,0,0,0.0,560.0,203.0,0,0,0.0,393.0,141.0,0.0,0.0,0.0,47547,0,48677,1,0.0,0.0,0.0,0.0,0.0,0.0,0.0,0.0,0.0,0.0,0.0,550.0,202.0,0.0,537.0,202.0,0.0,505.0,197.0,0.0,552.0,202.0,,,,33,,Timothée,Pembélé,Pembele,has joined Le Havre AC on loan for the rest of the season.,,0,0,0,0,0,0,0,0,0,0,0,0,0,,,,0.0,0.0,0.0,0.0,0.0,0,0,0
541,a,100.0,100.0,3.8,796,240.0,0,0.0,-2,2.0,2.8,118,46.0,58,0,3.1,182.0,71.0,6,212,2.3,87.0,29.0,0.6,15.3,0.0,626620,194,1079512,22,2.3,2.3,0.13,0.48,0.61,20.87,0.01,0.03,0.04,1.24,304.0,208.0,82.0,96.4,281.0,86.0,37.0,352.0,116.0,43.9,294.0,98.0,,,,33,,Reinildo,Mandava,Reinildo,,,1518,0,2,5,20,0,0,0,7,1,0,18,150,,,,0.0,0.3,1.19,1.07,7.77,31,100,70
542,u,0.0,0.0,4.0,712,187.0,0,0.0,0,0.0,0.1,513,184.0,2,0,1.0,459.0,167.0,0,11,0.0,458.0,173.0,0.0,0.5,0.0,3016,0,25347,0,0.0,0.0,0.0,0.01,0.01,1.33,0.0,0.01,0.01,0.9,33.6,435.0,162.0,2.4,459.0,167.0,0.0,567.0,224.0,3.6,461.0,165.0,,,,33,,Jenson,Seelt,Seelt,has joined Wolfsburg on loan for the rest of the season.,,133,0,0,0,2,0,0,0,0,0,0,1,18,,,,0.0,0.0,1.35,0.68,8.12,4,8,6
543,u,0.0,0.0,4.9,337,208.0,0,0.0,-6,6.0,0.3,301,105.0,34,0,2.4,287.0,124.0,3,81,0.0,724.0,301.0,0.0,6.9,0.0,90681,0,231528,2,0.0,0.0,0.35,0.62,0.97,11.3,0.05,0.09,0.14,1.57,81.4,388.0,173.0,116.8,256.0,157.0,75.0,296.0,159.0,27.0,357.0,170.0,,,,33,,Simon,Adingra,Adingra,has joined AS Monaco on loan for the rest of the season.,,649,1,1,4,8,0,0,0,2,0,0,9,45,,,,0.0,0.55,1.11,1.25,6.24,11,13,21
544,a,100.0,100.0,5.3,199,124.0,0,0.0,-2,2.0,0.1,460,158.0,57,0,3.8,81.0,34.0,3,175,3.7,37.0,14.0,0.7,10.8,0.0,23524,170,24634,7,3.7,3.7,2.34,0.55,2.89,16.69,0.18,0.04,0.22,1.26,135.0,337.0,152.0,101.5,276.0,165.0,188.0,164.0,91.0,41.4,305.0,151.0,,,1.0,33,,Habib,Diarra,Diarra,,,1189,2,5,5,11,0,0,0,4,0,0,13,63,,,,0.0,0.38,0.83,0.98,4.77,13,16,34
545,u,0.0,0.0,5.4,156,98.0,0,0.0,-1,1.0,0.0,731,304.0,1,0,1.0,505.0,234.0,0,4,0.0,770.0,334.0,0.0,0.2,0.0,462,0,4086,0,0.0,0.0,0.03,0.02,0.05,0.66,0.1,0.07,0.17,2.2,1.8,497.0,229.0,7.3,438.0,213.0,5.0,435.0,212.0,1.4,481.0,222.0,,,,33,,Patrick,Roberts,Roberts,has joined Birmingham City permanently.,,27,0,0,0,1,0,0,0,0,0,0,0,1,,,,0.0,0.0,3.33,0.0,3.33,0,0,1
546,a,100.0,100.0,4.9,343,214.0,0,0.0,-1,1.0,0.0,699,284.0,0,0,0.0,787.0,343.0,0,0,0.0,727.0,304.0,0.0,0.0,0.0,527,0,3529,0,0.0,0.0,0.0,0.0,0.0,0.0,0.0,0.0,0.0,0.0,0.0,786.0,342.0,0.0,782.0,342.0,0.0,778.0,340.0,0.0,786.0,342.0,,,,33,,Milan,Aleksić,Aleksić,,,0,0,0,0,0,0,0,0,0,0,0,0,0,,,,0.0,0.0,0.0,0.0,0.0,0,0,0
547,a,100.0,100.0,4.9,331,205.0,0,0.0,-1,1.0,1.0,193,69.0,111,0,3.7,94.0,39.0,8,462,1.3,149.0,62.0,0.3,22.7,0.0,395095,238,315928,54,1.3,1.3,4.58,3.86,8.44,38.29,0.17,0.15,0.32,1.44,556.6,63.0,16.0,604.5,25.0,24.0,203.0,146.0,82.0,136.6,44.0,31.0,3.0,2.0,2.0,33,,Enzo,Le Fée,E.Le Fée,,,2390,4,4,9,31,0,0,1,5,0,0,27,258,,,,0.0,0.34,1.17,1.02,9.72,70,68,120
548,i,0.0,0.0,4.9,327,202.0,0,0.0,-1,1.0,0.0,757,322.0,14,0,1.0,495.0,225.0,0,42,0.0,720.0,299.0,0.0,2.9,0.0,1139,0,1679,1,0.0,0.0,0.87,0.48,1.35,8.54,0.2,0.11,0.31,1.93,29.4,438.0,193.0,33.6,377.0,191.0,69.0,303.0,161.0,12.7,410.0,186.0,,,,33,,Romaine,Mundle,Mundle,Hamstring injury - Expected back 01 Jun,,399,0,0,0,11,0,0,0,1,0,0,2,33,,,,0.0,0.0,2.48,0.45,7.44,5,6,22
549,u,0.0,0.0,4.8,359,223.0,0,0.0,-2,2.0,0.0,658,261.0,3,0,1.0,493.0,224.0,0,10,0.0,692.0,280.0,0.0,0.6,0.0,1972,0,4716,0,0.0,0.0,0.0,0.0,0.0,0.64,0.0,0.0,0.0,4.43,3.0,491.0,226.0,1.4,468.0,227.0,0.0,757.0,327.0,0.4,501.0,230.0,,,,33,,Dan,Neil,Neil,has joined Ipswich Town on loan for the rest of the season.,,13,0,0,0,0,0,0,0,0,0,0,0,2,,,,0.0,0.0,0.0,0.0,13.85,0,2,0
550,a,,,4.7,385,240.0,0,0.0,-3,3.0,0.0,665,265.0,0,0,0.0,766.0,329.0,0,0,0.0,684.0,276.0,0.0,0.0,0.0,1143,0,2844,1,0.0,0.0,0.0,0.0,0.0,0.0,0.0,0.0,0.0,0.0,0.0,765.0,328.0,0.0,760.0,328.0,0.0,750.0,325.0,0.0,765.0,328.0,,,,33,,Ian,Poveda-Ocampo,Poveda,,,0,0,0,0,0,0,0,0,0,0,0,0,0,,,,0.0,0.0,0.0,0.0,0.0,0,0,0
551,a,,,4.7,394,245.0,0,0.0,-3,3.0,0.0,588,220.0,23,0,1.6,404.0,172.0,1,90,1.7,130.0,51.0,0.4,4.9,0.0,6383,2,9523,0,1.7,1.7,0.65,0.85,1.5,9.14,0.09,0.12,0.21,1.29,54.2,413.0,181.0,121.4,251.0,156.0,61.0,320.0,169.0,23.6,367.0,175.0,,,,33,,Chris,Rigg,Rigg,,,637,0,0,3,4,0,0,0,1,0,0,9,50,,,,0.0,0.42,0.57,1.27,7.06,12,11,27
552,a,100.0,100.0,4.9,340,211.0,0,0.0,-1,1.0,0.1,570,212.0,64,0,2.4,288.0,125.0,0,338,1.3,150.0,63.0,0.3,13.1,0.0,11384,5,12692,0,1.3,1.3,0.79,1.06,1.85,34.13,0.03,0.04,0.07,1.29,288.8,216.0,90.0,235.1,156.0,105.0,113.0,244.0,133.0,63.8,219.0,107.0,,,,33,,Noah,Sadiki,Sadiki,,,2384,0,1,8,30,0,0,0,7,0,0,27,208,,,,0.0,0.3,1.13,1.02,7.85,41,80,87
553,a,100.0,100.0,4.9,338,209.0,0,0.0,-1,1.0,0.2,403,139.0,76,0,3.2,173.0,71.0,6,231,3.0,62.0,24.0,0.6,15.5,0.0,62836,17,72528,5,3.0,3.0,1.99,0.97,2.95,18.54,0.13,0.07,0.2,1.26,228.0,260.0,109.0,195.6,183.0,121.0,215.0,136.0,79.0,63.4,223.0,110.0,,,,33,,Chemsdine,Talbi,Talbi,,,1328,4,2,6,12,0,0,0,0,0,0,14,80,,,,0.0,0.41,0.81,0.95,5.42,9,19,52
554,a,,,4.3,590,348.0,0,0.0,-2,2.0,0.3,315,110.0,0,0,0.0,654.0,245.0,0,0,0.0,521.0,167.0,0.0,0.0,0.0,82255,0,81527,6,0.0,0.0,0.0,0.0,0.0,0.0,0.0,0.0,0.0,0.0,0.0,645.0,236.0,0.0,640.0,241.0,0.0,614.0,227.0,0.0,647.0,238.0,,,,33,,Abdoullah,Ba,Ba,,,0,0,0,0,0,0,0,0,0,0,0,0,0,,,,0.0,0.0,0.0,0.0,0.0,0,0,0
555,u,0.0,0.0,4.5,417,252.0,0,0.0,0,0.0,0.0,651,256.0,0,0,0.0,696.0,272.0,0,0,0.0,591.0,205.0,0.0,0.0,0.0,1291,0,9871,0,0.0,0.0,0.0,0.0,0.0,0.0,0.0,0.0,0.0,0.0,0.0,690.0,266.0,0.0,685.0,269.0,0.0,666.0,261.0,0.0,692.0,268.0,,,,33,,Alan,Browne,Browne,has joined Middlesbrough on loan for the rest of the season.,,0,0,0,0,0,0,0,0,0,0,0,0,0,,,,0.0,0.0,0.0,0.0,0.0,0,0,0
556,u,0.0,0.0,4.5,437,260.0,0,0.0,0,0.0,0.0,781,338.0,0,0,0.0,707.0,279.0,0,0,0.0,605.0,213.0,0.0,0.0,0.0,0,0,1808,0,0.0,0.0,0.0,0.0,0.0,0.0,0.0,0.0,0.0,0.0,0.0,701.0,273.0,0.0,697.0,276.0,0.0,680.0,269.0,0.0,703.0,275.0,,,,33,,Pierre,Ekwah Elimby,Ekwah,Has joined AS Saint-Etienne permanently.,,0,0,0,0,0,0,0,0,0,0,0,0,0,,,,0.0,0.0,0.0,0.0,0.0,0,0,0
557,a,,,4.3,607,357.0,0,0.0,-2,2.0,0.1,541,198.0,0,0,0.0,659.0,249.0,0,0,0.0,535.0,175.0,0.0,0.0,0.0,9129,0,11004,0,0.0,0.0,0.0,0.0,0.0,0.0,0.0,0.0,0.0,0.0,0.0,649.0,239.0,0.0,645.0,244.0,0.0,622.0,233.0,0.0,651.0,241.0,,,,33,,Harrison,Jones,H.Jones,,,0,0,0,0,0,0,0,0,0,0,0,0,0,,,,0.0,0.0,0.0,0.0,0.0,0,0,0
558,u,0.0,0.0,4.3,598,352.0,0,0.0,-2,2.0,0.2,402,138.0,0,0,0.0,656.0,247.0,0,0,0.0,526.0,170.0,0.0,0.0,0.0,30710,0,46150,4,0.0,0.0,0.0,0.0,0.0,0.0,0.0,0.0,0.0,0.0,0.0,646.0,237.0,0.0,641.0,242.0,0.0,616.0,229.0,0.0,648.0,239.0,,,,33,,Jay,Matete,Matete,has joined MK Dons permanently.,,0,0,0,0,0,0,0,0,0,0,0,0,0,,,,0.0,0.0,0.0,0.0,0.0,0,0,0
559,u,0.0,0.0,4.4,548,328.0,0,0.0,-1,1.0,0.0,649,254.0,0,0,0.0,677.0,261.0,0,0,0.0,565.0,189.0,0.0,0.0,0.0,2951,0,8670,0,0.0,0.0,0.0,0.0,0.0,0.0,0.0,0.0,0.0,0.0,0.0,669.0,253.0,0.0,665.0,257.0,0.0,644.0,247.0,0.0,671.0,255.0,,,,33,,Nectarios,Triantis,Triantis,has joined Minnesota United permanently.,,0,0,0,0,0,0,0,0,0,0,0,0,0,,,,0.0,0.0,0.0,0.0,0.0,0,0,0
560,a,100.0,100.0,5.0,259,54.0,0,0.0,-5,5.0,1.3,173,26.0,61,0,2.3,301.0,32.0,7,196,0.3,306.0,40.0,0.1,12.2,0.0,970005,36,887531,22,0.3,0.3,3.73,0.17,3.9,17.94,0.32,0.01,0.33,1.53,168.8,307.0,30.0,24.2,391.0,51.0,384.0,62.0,25.0,57.6,242.0,29.0,,,,33,,Wilson,Isidor,Isidor,,,1057,4,1,4,15,0,0,0,1,0,0,11,44,,,,0.0,0.34,1.28,0.94,3.75,9,16,19
561,a,,,5.2,215,50.0,0,0.0,-3,3.0,0.5,262,38.0,39,0,2.1,324.0,35.0,5,121,0.3,308.0,41.0,0.1,7.5,0.0,272586,8,311209,5,0.3,0.3,2.13,0.22,2.35,12.67,0.26,0.03,0.29,1.52,117.6,357.0,35.0,53.8,344.0,41.0,188.0,163.0,38.0,35.5,326.0,39.0,,,,33,,Eliezer,Mayenda Dossou,Mayenda,,,750,2,0,3,9,0,0,0,0,0,0,8,26,,,,0.0,0.36,1.08,0.96,3.12,5,7,14
562,a,,,4.2,648,91.0,0,0.0,-3,3.0,0.4,281,42.0,0,0,0.0,650.0,65.0,0,0,0.0,508.0,51.0,0.0,0.0,0.0,70077,5,95473,7,0.0,0.0,0.0,0.0,0.0,0.0,0.0,0.0,0.0,0.0,0.0,642.0,65.0,0.0,636.0,64.0,0.0,610.0,64.0,0.0,644.0,65.0,,,,33,,Ahmed,Abdullahi,Abdullahi,,,0,0,0,0,0,0,0,0,0,0,0,0,0,,,,0.0,0.0,0.0,0.0,0.0,0,0,0
563,u,0.0,0.0,4.4,558,79.0,0,0.0,-1,1.0,0.1,521,71.0,0,0,0.0,683.0,72.0,0,0,0.0,573.0,60.0,0.0,0.0,0.0,5979,0,20479,1,0.0,0.0,0.0,0.0,0.0,0.0,0.0,0.0,0.0,0.0,0.0,676.0,72.0,0.0,671.0,71.0,0.0,652.0,71.0,0.0,678.0,72.0,,,,33,,Luís Hemir,Silva Semedo,Luís Hemir,has joined Moreirense on loan for the rest of the season.,,0,0,0,0,0,0,0,0,0,0,0,0,0,,,,0.0,0.0,0.0,0.0,0.0,0,0,0
564,u,0.0,0.0,4.4,540,76.0,0,0.0,-1,1.0,0.1,522,72.0,0,0,0.0,673.0,69.0,0,0,0.0,559.0,57.0,0.0,0.0,0.0,3530,0,20253,1,0.0,0.0,0.0,0.0,0.0,0.0,0.0,0.0,0.0,0.0,0.0,664.0,69.0,0.0,660.0,68.0,0.0,639.0,68.0,0.0,666.0,69.0,,,,33,,Nazarii,Rusyn,Rusyn,has joined Arka on loan for the rest of the season.,,0,0,0,0,0,0,0,0,0,0,0,0,0,,,,0.0,0.0,0.0,0.0,0.0,0,0,0
668,a,100.0,100.0,5.1,219,134.0,0,0.0,1,-1.0,3.2,104,35.0,104,0,3.7,98.0,42.0,5,498,3.0,63.0,25.0,0.6,20.4,0.0,1380505,246,1378273,43,3.0,3.0,0.83,2.47,3.3,37.47,0.03,0.09,0.12,1.43,581.6,53.0,14.0,484.9,38.0,34.0,91.0,273.0,148.0,115.7,78.0,48.0,1.0,1.0,,33,,Granit,Xhaka,Xhaka,,,2361,1,5,8,27,0,0,0,5,0,0,26,297,,,,0.0,0.3,1.03,0.99,11.32,43,118,136
670,a,100.0,100.0,4.8,370,15.0,0,0.0,3,-3.0,7.9,48,9.0,121,0,4.2,47.0,5.0,12,516,3.7,34.0,4.0,0.8,25.2,0.0,2208388,2033,1421168,80,3.7,3.7,0.0,0.1,0.1,41.84,0.0,0.0,0.0,1.44,759.4,11.0,3.0,40.0,366.0,2.0,0.0,760.0,87.0,79.8,160.0,3.0,,,,33,,Robin,Roefs,Roefs,,,2610,0,0,9,34,0,1,0,3,0,92,29,110,,,,3.17,0.31,1.17,1.0,0.0,0,33,290
678,u,0.0,0.0,3.9,749,214.0,0,0.0,-1,1.0,0.5,274,104.0,1,0,0.3,522.0,181.0,0,4,0.0,380.0,137.0,0.0,0.3,0.0,52353,0,84243,3,0.0,0.0,0.07,0.08,0.15,2.09,0.05,0.06,0.11,1.5,21.8,449.0,165.0,20.1,398.0,144.0,7.0,425.0,161.0,4.9,455.0,163.0,,,,33,,Arthur,Masuaku,Masuaku,has joined RC Lens on loan for the rest of the season.,,125,0,0,0,2,0,0,0,1,0,0,2,13,,,,0.0,0.0,1.44,1.44,7.2,4,6,3
683,a,100.0,100.0,4.1,650,153.0,0,0.0,1,-1.0,6.0,64,22.0,111,0,4.0,58.0,22.0,5,381,3.0,53.0,18.0,0.7,27.1,0.0,1668887,604,1067870,94,3.0,3.0,1.37,0.87,2.23,39.19,0.05,0.03,0.08,1.44,688.0,31.0,11.0,131.4,242.0,64.0,231.0,122.0,21.0,105.4,91.0,23.0,,,,33,,Omar,Alderete,Alderete,,,2443,1,1,9,31,0,0,0,6,0,0,27,302,,,,0.0,0.33,1.14,0.99,10.24,28,250,91
694,a,100.0,100.0,4.5,420,81.0,0,0.0,5,-5.0,7.2,58,19.0,129,0,5.0,14.0,4.0,10,432,4.7,15.0,7.0,1.0,28.7,0.0,2551735,4306,1746687,59,4.7,4.7,1.28,2.07,3.35,36.5,0.05,0.08,0.13,1.46,604.4,49.0,23.0,288.5,122.0,32.0,166.0,183.0,43.0,105.9,90.0,22.0,,,,33,,Nordi,Mukiele,Mukiele,,,2244,2,5,8,28,1,0,0,4,0,0,26,258,,,,0.0,0.32,1.12,1.04,9.22,61,169,105
724,a,,,4.5,428,87.0,0,0.0,0,0.0,0.1,576,206.0,46,0,1.8,372.0,140.0,0,190,1.0,179.0,62.0,0.2,10.2,0.0,10826,1,7621,0,1.0,1.0,0.5,0.75,1.25,28.37,0.03,0.05,0.08,1.81,238.0,253.0,101.0,116.1,257.0,72.0,67.0,305.0,93.0,42.1,302.0,101.0,,,,33,,Lutsharel,Geertruida,Geertruida,,,1411,0,0,2,21,0,0,0,1,0,0,14,117,,,,0.0,0.13,1.34,0.89,6.44,34,67,62
730,a,100.0,100.0,5.3,193,45.0,0,0.0,-2,2.0,0.7,234,33.0,73,0,2.9,206.0,19.0,11,249,3.0,65.0,11.0,0.6,13.8,0.0,358396,1238,288497,24,3.0,3.0,4.46,0.46,4.92,24.89,0.28,0.03,0.31,1.54,276.4,224.0,19.0,133.6,240.0,25.0,409.0,51.0,21.0,80.3,159.0,22.0,,,,33,,Brian,Brobbey,Brobbey,,,1450,6,1,5,19,0,0,0,5,0,0,16,60,,,,0.0,0.31,1.18,0.99,3.72,7,14,39
735,d,50.0,0.0,5.5,134,83.0,0,0.0,0,0.0,0.0,653,257.0,30,0,2.5,272.0,114.0,1,118,0.0,785.0,344.0,0.0,5.5,0.0,13867,0,13306,0,0.0,0.0,0.48,0.25,0.73,9.74,0.07,0.04,0.11,1.38,115.6,359.0,160.0,108.4,268.0,163.0,135.0,221.0,121.0,35.9,323.0,159.0,,,,33,,Bertrand,Traoré,Traoré,Knee injury - 50% chance of playing,,634,1,1,3,9,0,0,0,1,0,0,9,40,,,,0.0,0.43,1.28,1.28,5.68,11,11,18
774,a,,,4.0,677,169.0,0,0.0,0,0.0,0.0,680,239.0,0,0,0.0,588.0,216.0,0,0,0.0,425.0,156.0,0.0,0.0,0.0,1766,2,1154,1,0.0,0.0,0.0,0.0,0.0,0.0,0.0,0.0,0.0,0.0,0.0,578.0,215.0,0.0,569.0,215.0,0.0,538.0,211.0,0.0,580.0,215.0,,,,33,,Jenson,Jones,Jenson Jones,,,0,0,0,0,0,0,0,0,0,0,0,0,0,,,,0.0,0.0,0.0,0.0,0.0,0,0,0
775,u,0.0,0.0,4.5,495,305.0,0,0.0,0,0.0,0.0,823,368.0,0,0,0.0,747.0,313.0,0,0,0.0,657.0,255.0,0.0,0.0,0.0,160,0,141,0,0.0,0.0,0.0,0.0,0.0,0.0,0.0,0.0,0.0,0.0,0.0,745.0,311.0,0.0,738.0,311.0,0.0,725.0,307.0,0.0,745.0,311.0,,,,33,,Tymur,Tutierov,Tutierov,has joined Exeter City on loan for the rest of the season.,,0,0,0,0,0,0,0,0,0,0,0,0,0,,,,0.0,0.0,0.0,0.0,0.0,0,0,0
800,d,50.0,0.0,4.9,346,216.0,0,0.0,-1,1.0,0.0,822,367.0,1,0,1.0,498.0,228.0,0,4,0.0,730.0,306.0,0.0,0.2,0.0,165,0,133,0,0.0,0.0,0.0,0.04,0.04,0.24,0.0,0.09,0.09,0.57,3.4,487.0,223.0,4.3,449.0,217.0,2.0,455.0,224.0,1.0,487.0,223.0,,,,33,,Djiamgone Jocelin Ta,Bi,Jocelin.T,Ankle injury - 50% chance of playing,,38,0,0,0,0,0,0,0,0,0,0,1,3,,,,0.0,0.0,0.0,2.37,7.11,1,0,2
812,a,,,4.0,705,60.0,0,0.0,0,0.0,0.1,450,66.0,16,0,5.3,8.0,2.0,3,62,1.0,175.0,16.0,0.2,4.0,0.0,25508,20,11674,22,1.0,1.0,0.0,0.02,0.02,4.1,0.0,0.01,0.01,1.37,73.6,395.0,29.0,0.0,593.0,69.0,0.0,562.0,56.0,7.4,435.0,29.0,,,,33,,Melker,Ellborg,Ellborg,,,270,0,0,1,2,0,0,0,0,0,10,3,0,,,,3.33,0.33,0.67,1.0,0.0,0,6,33
813,d,50.0,0.0,5.0,276,170.0,0,0.0,0,0.0,0.0,789,344.0,9,0,1.8,379.0,161.0,0,27,0.0,743.0,316.0,0.0,1.8,0.0,1084,0,833,1,0.0,0.0,0.49,0.08,0.57,5.65,0.17,0.03,0.2,2.0,36.2,431.0,189.0,28.3,387.0,195.0,62.0,318.0,168.0,12.6,413.0,188.0,,,,33,,Nilson,Angulo,Angulo,Unknown - 50% chance of playing,,254,0,0,1,4,0,0,0,0,0,0,3,23,,,,0.0,0.35,1.42,1.06,8.15,7,10,6
821,a,,,4.5,475,290.0,0,0.0,0,0.0,0.0,819,364.0,0,0,0.0,732.0,302.0,0,0,0.0,637.0,240.0,0.0,0.0,0.0,69,0,18,0,0.0,0.0,0.0,0.0,0.0,0.0,0.0,0.0,0.0,0.0,0.0,729.0,299.0,0.0,723.0,300.0,0.0,709.0,295.0,0.0,730.0,300.0,,,,33,,Jack,Whittaker,Whittaker,,,0,0,0,0,0,0,0,0,0,0,0,0,0,,,,0.0,0.0,0.0,0.0,0.0,0,0,0
822,a,,,4.5,476,291.0,0,0.0,0,0.0,0.0,813,360.0,0,0,0.0,733.0,303.0,0,0,0.0,638.0,241.0,0.0,0.0,0.0,144,1,40,0,0.0,0.0,0.0,0.0,0.0,0.0,0.0,0.0,0.0,0.0,0.0,730.0,300.0,0.0,724.0,301.0,0.0,710.0,296.0,0.0,731.0,301.0,,,,33,,Jaydon,Jones,Jones,,,0,0,0,0,0,0,0,0,0,0,0,0,0,,,,0.0,0.0,0.0,0.0,0.0,0,0,0
565,d,50.0,0.0,4.7,381,17.0,0,0.0,-3,3.0,5.1,77,13.0,90,0,2.9,203.0,23.0,6,412,0.7,227.0,21.0,0.1,19.1,0.0,1358153,2,1483662,242,0.6,0.0,0.0,0.04,0.04,46.21,0.0,0.0,0.0,1.49,709.2,26.0,8.0,10.1,426.0,6.0,0.0,749.0,82.0,72.2,188.0,7.0,,,,33,,Guglielmo,Vicario,Vicario,Hernia - 50% chance of playing,,2790,0,0,7,50,0,0,0,1,0,83,31,97,,,,2.68,0.23,1.61,1.0,0.0,1,35,247
566,a,,,3.9,757,78.0,0,0.0,-1,1.0,0.3,332,46.0,0,0,0.0,554.0,50.0,0,0,0.0,387.0,39.0,0.0,0.0,0.0,21453,4,25666,3,0.5,0.0,0.0,0.0,0.0,0.0,0.0,0.0,0.0,0.0,0.0,544.0,50.0,0.0,531.0,33.0,0.0,499.0,20.0,0.0,546.0,50.0,,,,33,,Brandon,Austin,Austin,,,0,0,0,0,0,0,0,0,0,0,0,0,0,,,,0.0,0.0,0.0,0.0,0.0,0,0,0
567,a,,,3.9,771,85.0,0,0.0,-1,1.0,1.6,153,20.0,2,0,2.0,333.0,31.0,0,9,0.7,222.0,20.0,0.2,0.5,0.0,131399,78,184336,12,1.2,0.7,0.0,0.0,0.0,1.33,0.0,0.0,0.0,1.33,13.2,457.0,34.0,0.0,541.0,40.0,0.0,509.0,27.0,1.3,483.0,35.0,,,,33,,Antonín,Kinský,Kinsky,,,90,0,0,0,1,0,0,0,0,0,1,1,0,,,,1.0,0.0,1.0,1.0,0.0,0,2,9
568,a,100.0,100.0,5.1,232,34.0,0,0.0,-4,4.0,9.4,37,13.0,84,0,3.0,196.0,78.0,4,373,0.7,237.0,77.0,0.1,16.5,0.0,1528200,475,3056621,44,1.2,0.7,0.69,3.33,4.02,33.53,0.03,0.13,0.16,1.34,507.4,83.0,37.0,657.7,16.0,1.0,143.0,210.0,52.0,131.0,51.0,6.0,3.0,2.0,,33,,Pedro,Porro Sauceda,Pedro Porro,,,2253,0,3,7,34,0,0,0,7,0,0,26,198,,,,0.0,0.28,1.36,1.04,6.51,52,111,107
569,i,0.0,0.0,5.0,251,39.0,0,0.0,0,0.0,3.0,112,43.0,91,0,4.0,61.0,23.0,10,305,0.7,233.0,76.0,0.1,18.2,0.0,1032873,0,1228161,172,0.0,0.0,1.39,1.25,2.64,28.32,0.07,0.06,0.13,1.36,574.8,56.0,26.0,133.6,239.0,63.0,223.0,129.0,23.0,93.2,118.0,33.0,,,,33,,Cristian,Romero,Romero,Knee injury - Expected back 01 Jun,,1869,4,1,5,33,0,0,0,9,2,0,22,224,,,,0.0,0.24,1.59,1.06,9.49,58,139,88
570,a,100.0,100.0,4.2,628,141.0,0,0.0,-3,3.0,0.1,437,164.0,39,0,2.2,305.0,112.0,1,135,1.3,146.0,56.0,0.3,9.3,0.0,18893,11,31488,3,1.8,1.3,0.29,0.21,0.5,15.93,0.03,0.02,0.05,1.51,274.6,225.0,89.0,12.7,417.0,151.0,42.0,347.0,114.0,33.0,334.0,111.0,,,,33,,Kevin,Danso,Danso,,,949,0,0,2,19,0,0,0,4,0,0,11,138,,,,0.0,0.19,1.8,1.04,12.42,21,110,35
571,i,0.0,0.0,4.3,575,124.0,0,0.0,-2,2.0,0.1,549,197.0,10,0,3.3,152.0,59.0,1,29,0.0,511.0,213.0,0.0,2.3,0.0,4463,0,12103,0,0.0,0.0,0.49,0.07,0.56,1.11,0.32,0.05,0.37,0.73,67.4,399.0,150.0,22.2,394.0,141.0,52.0,333.0,107.0,14.2,401.0,144.0,,,,33,,Ben,Davies,Davies,Ankle injury - Unknown return date,,136,1,0,0,3,0,0,0,1,0,0,2,14,,,,0.0,0.0,1.99,1.32,9.26,5,9,5
572,a,100.0,100.0,4.5,449,92.0,0,0.0,0,0.0,0.0,668,235.0,15,0,1.9,351.0,130.0,0,26,0.0,614.0,242.0,0.0,3.3,0.0,4066,2,3097,1,0.5,0.0,0.31,0.01,0.32,11.94,0.05,0.0,0.05,2.09,122.2,348.0,132.0,3.2,455.0,164.0,27.0,372.0,126.0,15.3,399.0,143.0,,,,33,,Radu,Drăgușin,Dragusin,,,513,0,0,0,13,0,0,0,0,0,0,5,70,,,,0.0,0.0,2.28,0.88,12.28,5,65,13
573,a,100.0,100.0,4.1,653,156.0,0,0.0,-4,4.0,0.9,201,77.0,60,0,2.5,263.0,101.0,1,220,0.3,293.0,94.0,0.1,14.6,0.0,303084,16,366844,9,0.8,0.3,0.86,1.74,2.6,29.3,0.04,0.09,0.13,1.46,262.0,234.0,94.0,202.2,175.0,45.0,172.0,176.0,39.0,63.5,221.0,76.0,,,,33,,Djed,Spence,Spence,,,1806,0,0,7,29,0,0,0,4,0,0,21,128,,,,0.0,0.35,1.45,1.05,5.18,38,66,100
574,a,100.0,100.0,4.3,592,136.0,0,0.0,-2,2.0,0.3,322,117.0,16,0,1.1,445.0,159.0,0,68,0.3,296.0,96.0,0.1,3.7,0.0,51777,25,114149,1,0.8,0.3,0.16,0.67,0.83,16.59,0.02,0.06,0.08,1.61,160.8,316.0,118.0,157.2,209.0,54.0,88.0,277.0,81.0,40.7,307.0,103.0,,,,33,,Destiny,Udogie,Udogie,,,929,0,1,0,20,0,0,0,3,0,0,9,67,,,,0.0,0.0,1.94,0.87,4.46,21,25,53
575,a,100.0,100.0,4.4,546,118.0,0,0.0,-1,1.0,18.0,19,6.0,99,0,3.4,140.0,52.0,10,347,0.7,224.0,72.0,0.2,22.5,0.0,3540439,399,4587301,307,1.2,0.7,2.79,0.34,3.13,38.77,0.1,0.01,0.11,1.4,606.2,48.0,22.0,81.2,307.0,99.0,206.0,142.0,29.0,89.2,134.0,42.0,,,,33,,Micky,van de Ven,Van de Ven,,,2501,4,1,7,44,0,0,0,8,1,0,29,222,,,,0.0,0.25,1.58,1.04,6.69,31,155,98
576,u,0.0,0.0,4.0,713,188.0,0,0.0,0,0.0,0.0,739,255.0,0,0,0.0,615.0,228.0,0,0,0.0,459.0,174.0,0.0,0.0,0.0,0,0,2009,0,0.0,0.0,0.0,0.0,0.0,0.0,0.0,0.0,0.0,0.0,0.0,606.0,228.0,0.0,598.0,228.0,0.0,568.0,225.0,0.0,608.0,228.0,,,,33,,Ashley,Phillips,Phillips,Has joined Stoke City on loan for the rest of the season.,,0,0,0,0,0,0,0,0,0,0,0,0,0,,,,0.0,0.0,0.0,0.0,0.0,0,0,0
577,u,0.0,0.0,4.0,715,189.0,0,0.0,0,0.0,0.0,606,216.0,0,0,0.0,617.0,229.0,0,0,0.0,461.0,175.0,0.0,0.0,0.0,1005,0,9126,0,0.0,0.0,0.0,0.0,0.0,0.0,0.0,0.0,0.0,0.0,0.0,608.0,229.0,0.0,600.0,229.0,0.0,570.0,226.0,0.0,610.0,229.0,,,,33,,Takai,Kōta,Takai,has joined Borussia Mönchengladbach on loan for the rest of the season.,,0,0,0,0,0,0,0,0,0,0,0,0,0,,,,0.0,0.0,0.0,0.0,0.0,0,0,0
578,u,0.0,0.0,3.9,787,233.0,0,0.0,-1,1.0,0.3,320,115.0,0,0,0.0,576.0,210.0,0,0,0.0,411.0,150.0,0.0,0.0,0.0,7334,0,92408,1,0.0,0.0,0.0,0.0,0.0,0.0,0.0,0.0,0.0,0.0,0.0,566.0,209.0,0.0,554.0,209.0,0.0,523.0,205.0,0.0,568.0,209.0,,,,33,,Luka,Vušković,Vuskovic,has joined Hamburger SV on loan for the rest of the season.,,0,0,0,0,0,0,0,0,0,0,0,0,0,,,,0.0,0.0,0.0,0.0,0.0,0,0,0
579,u,0.0,0.0,8.5,9,5.0,0,0.0,0,0.0,0.1,453,153.0,0,0,0.0,826.0,371.0,0,0,0.0,823.0,369.0,0.0,0.0,0.0,0,0,25606,0,0.0,0.0,0.0,0.0,0.0,0.0,0.0,0.0,0.0,0.0,0.0,826.0,371.0,0.0,826.0,371.0,0.0,826.0,371.0,0.0,826.0,371.0,,,,33,,Son,Heung-min,Son,has joined Los Angeles FC permanently.,,0,0,0,0,0,0,0,0,0,0,0,0,0,,,,0.0,0.0,0.0,0.0,0.0,0,0,0
581,i,0.0,0.0,6.8,42,26.0,0,0.0,-2,2.0,0.1,452,152.0,0,0,0.0,823.0,368.0,0,0,0.0,816.0,362.0,0.0,0.0,0.0,1935,4,24030,1,0.0,0.0,0.0,0.0,0.0,0.0,0.0,0.0,0.0,0.0,0.0,823.0,368.0,0.0,823.0,368.0,0.0,823.0,368.0,0.0,823.0,368.0,,,,33,,James,Maddison,Maddison,Anterior cruciate ligament - Expected back 24 May,,0,0,0,0,0,0,0,0,0,0,0,0,0,,,,0.0,0.0,0.0,0.0,0.0,0,0,0
582,i,0.0,0.0,6.4,58,37.0,0,0.0,-1,1.0,9.3,38,12.0,75,0,3.9,74.0,32.0,7,257,0.0,813.0,361.0,0.0,11.7,0.0,3263772,1,5220227,67,0.0,0.0,1.92,2.41,4.33,22.74,0.11,0.14,0.25,1.33,333.4,189.0,76.0,413.8,63.0,50.0,302.0,92.0,55.0,104.7,92.0,54.0,,4.0,3.0,33,,Mohammed,Kudus,Kudus,Thigh injury - Unknown return date,,1535,2,6,7,20,0,0,0,3,0,0,19,133,,,,0.0,0.41,1.17,1.11,7.8,29,9,95
583,i,0.0,0.0,6.4,57,36.0,0,0.0,-1,1.0,0.0,723,300.0,0,0,0.0,820.0,367.0,0,0,0.0,812.0,360.0,0.0,0.0,0.0,1136,2,2188,0,0.0,0.0,0.0,0.0,0.0,0.0,0.0,0.0,0.0,0.0,0.0,820.0,367.0,0.0,820.0,367.0,0.0,820.0,367.0,0.0,820.0,367.0,,,,33,,Dejan,Kulusevski,Kulusevski,Knee injury - Unknown return date,,0,0,0,0,0,0,0,0,0,0,0,0,0,,,,0.0,0.0,0.0,0.0,0.0,0,0,0
584,a,100.0,100.0,6.2,79,52.0,0,0.0,-3,3.0,0.1,433,148.0,57,0,2.3,303.0,132.0,5,198,1.0,207.0,97.0,0.2,9.2,0.0,43027,25,48509,2,1.5,1.0,2.11,1.39,3.49,14.19,0.21,0.14,0.35,1.39,210.4,271.0,111.0,304.2,111.0,80.0,252.0,111.0,68.0,76.9,170.0,87.0,1.0,,,33,,Mathys,Tel,Tel,,,920,3,1,1,19,0,0,0,0,0,0,9,78,,,,0.0,0.1,1.86,0.88,7.63,17,9,52
585,a,100.0,100.0,5.2,206,128.0,0,0.0,-3,3.0,0.2,407,141.0,64,0,3.2,175.0,72.0,3,269,0.0,758.0,326.0,0.0,12.3,0.0,56989,2,67023,1,0.5,0.0,0.45,0.68,1.13,20.56,0.03,0.04,0.07,1.32,268.6,230.0,97.0,159.7,208.0,134.0,85.0,285.0,155.0,51.6,267.0,135.0,,,,33,,Rodrigo,Bentancur,Bentancur,,,1407,1,1,5,21,0,0,0,5,0,0,17,207,,,,0.0,0.32,1.34,1.09,13.24,37,69,101
586,a,100.0,100.0,5.2,216,133.0,0,0.0,-3,3.0,0.2,395,134.0,42,0,2.2,314.0,138.0,0,138,1.0,195.0,87.0,0.2,8.1,0.0,103306,5,111711,5,1.5,1.0,1.18,0.43,1.61,12.56,0.12,0.04,0.16,1.25,143.2,331.0,148.0,94.5,288.0,169.0,139.0,216.0,119.0,37.4,318.0,157.0,,,,33,,Lucas,Bergvall,Bergvall,,,904,1,2,3,16,0,0,0,2,0,0,11,73,,,,0.0,0.3,1.59,1.1,7.27,20,17,36
587,a,100.0,100.0,5.2,209,129.0,0,0.0,-3,3.0,0.0,599,225.0,13,0,1.6,406.0,174.0,0,88,0.0,759.0,327.0,0.0,2.5,0.0,3366,1,15218,0,0.5,0.0,0.36,0.08,0.44,11.22,0.07,0.02,0.09,2.2,83.8,384.0,170.0,18.9,401.0,201.0,23.0,382.0,193.0,12.6,414.0,189.0,,,,33,,Yves,Bissouma,Bissouma,,,460,0,0,0,15,0,0,0,3,0,0,5,67,,,,0.0,0.0,2.93,0.98,13.11,18,25,24
588,i,0.0,0.0,5.3,200,125.0,0,0.0,-2,2.0,0.0,608,232.0,46,0,1.9,360.0,155.0,6,176,0.0,767.0,333.0,0.0,8.7,0.0,16411,0,18406,1,0.0,0.0,1.92,1.21,3.13,14.24,0.18,0.11,0.29,1.32,158.8,317.0,144.0,284.3,126.0,86.0,234.0,121.0,72.0,67.6,203.0,100.0,,,,33,,Wilson,Odobert,Odobert,Knee injury - Unknown return date,,972,0,2,2,13,0,0,0,0,0,0,10,77,,,,0.0,0.19,1.2,0.93,7.13,10,14,53
589,u,0.0,0.0,5.4,166,104.0,0,0.0,-1,1.0,0.0,767,327.0,0,0,0.0,807.0,357.0,0,0,0.0,776.0,337.0,0.0,0.0,0.0,115,0,1480,0,0.0,0.0,0.0,0.0,0.0,0.0,0.0,0.0,0.0,0.0,0.0,806.0,356.0,0.0,805.0,356.0,0.0,803.0,355.0,0.0,806.0,356.0,,,,33,,Manor,Solomon,Solomon,has joined Fiorentina on loan for the rest of the season.,,0,0,0,0,0,0,0,0,0,0,0,0,0,,,,0.0,0.0,0.0,0.0,0.0,0,0,0
590,u,0.0,0.0,4.9,322,199.0,0,0.0,-1,1.0,0.0,664,264.0,0,0,0.0,780.0,338.0,0,0,0.0,716.0,296.0,0.0,0.0,0.0,675,0,4504,0,0.0,0.0,0.0,0.0,0.0,0.0,0.0,0.0,0.0,0.0,0.0,779.0,337.0,0.0,775.0,337.0,0.0,771.0,335.0,0.0,779.0,337.0,,,,33,,Bryan,Gil Salvatierra,Bryan,has joined Girona permanently.,,0,0,0,0,0,0,0,0,0,0,0,0,0,,,,0.0,0.0,0.0,0.0,0.0,0,0,0
591,a,100.0,100.0,4.8,372,232.0,0,0.0,-2,2.0,0.2,404,140.0,59,0,2.7,231.0,92.0,6,229,1.3,148.0,61.0,0.3,12.3,0.0,25011,10,26951,8,1.8,1.3,1.46,1.29,2.75,24.18,0.09,0.08,0.17,1.52,250.4,243.0,104.0,137.9,236.0,151.0,141.0,213.0,118.0,52.9,257.0,128.0,,,,33,,Archie,Gray,Gray,,,1430,2,2,5,27,0,0,0,5,0,0,18,129,,,,0.0,0.31,1.7,1.13,8.12,11,62,56
592,u,0.0,0.0,5.0,271,165.0,0,0.0,0,0.0,0.0,798,352.0,0,0,0.0,797.0,351.0,0,0,0.0,742.0,315.0,0.0,0.0,0.0,0,0,687,0,0.0,0.0,0.0,0.0,0.0,0.0,0.0,0.0,0.0,0.0,0.0,796.0,350.0,0.0,794.0,350.0,0.0,789.0,348.0,0.0,796.0,350.0,,,,33,,Mikey,Moore,Moore,Has joined Rangers on loan for the rest of the season.,,0,0,0,0,0,0,0,0,0,0,0,0,0,,,,0.0,0.0,0.0,0.0,0.0,0,0,0
593,a,100.0,100.0,4.5,443,265.0,0,0.0,-5,5.0,1.1,190,66.0,66,0,2.9,202.0,81.0,2,293,1.0,180.0,77.0,0.2,14.7,0.0,405106,41,597158,39,1.5,1.0,1.5,1.08,2.58,26.21,0.1,0.07,0.17,1.75,314.8,201.0,83.0,151.6,219.0,141.0,152.0,198.0,108.0,62.0,230.0,114.0,,,,33,,Pape Matar,Sarr,P.M.Sarr,,,1349,2,3,3,22,0,0,0,2,0,0,13,180,,,,0.0,0.2,1.47,0.87,12.01,32,72,76
594,u,0.0,0.0,4.5,505,314.0,0,0.0,0,0.0,0.0,740,311.0,0,0,0.0,755.0,320.0,0,0,0.0,667.0,264.0,0.0,0.0,0.0,0,0,2826,0,0.0,0.0,0.0,0.0,0.0,0.0,0.0,0.0,0.0,0.0,0.0,754.0,319.0,0.0,747.0,319.0,0.0,734.0,315.0,0.0,754.0,319.0,,,,33,,Yang,Min-hyeok,Min-hyeok,has joined Coventry City on loan for the rest of the season.,,0,0,0,0,0,0,0,0,0,0,0,0,0,,,,0.0,0.0,0.0,0.0,0.0,0,0,0
595,a,,,4.3,600,354.0,0,0.0,-2,2.0,0.2,370,126.0,1,0,1.0,468.0,203.0,0,3,0.0,528.0,172.0,0.0,0.2,0.0,25309,0,31384,2,0.5,0.0,0.0,0.01,0.01,0.75,0.0,0.06,0.06,4.82,0.6,505.0,231.0,1.8,461.0,222.0,0.0,618.0,231.0,0.2,507.0,233.0,,,,33,,Callum,Olusesi,Olusesi,,,14,0,0,0,0,0,0,0,0,0,0,0,2,,,,0.0,0.0,0.0,0.0,12.86,0,0,2
596,a,100.0,100.0,7.2,30,13.0,0,0.0,-3,3.0,1.2,181,28.0,37,0,2.8,227.0,21.0,4,167,1.3,165.0,22.0,0.2,5.1,0.0,152847,457,535506,24,1.8,1.3,2.92,0.22,3.13,16.85,0.3,0.02,0.32,1.75,183.0,295.0,29.0,68.2,319.0,36.0,307.0,89.0,29.0,55.7,250.0,31.0,,,2.0,33,,Dominic,Solanke-Mitchell,Solanke,,,868,3,0,0,19,0,0,0,1,0,0,9,57,,,,0.0,0.0,1.97,0.93,5.91,18,13,26
597,a,100.0,100.0,6.3,67,22.0,0,0.0,-2,2.0,5.6,71,14.0,95,0,3.5,131.0,12.0,13,426,1.3,163.0,21.0,0.2,15.1,0.0,3018671,523,3083967,51,1.8,1.3,6.51,1.27,7.78,22.67,0.38,0.07,0.45,1.31,488.6,92.0,7.0,191.3,186.0,16.0,662.0,22.0,13.0,133.6,48.0,11.0,,,5.0,33,,Richarlison,de Andrade,Richarlison,,,1562,9,3,5,24,0,0,0,5,0,0,16,122,,,,0.0,0.29,1.38,0.92,7.03,21,51,50
598,u,0.0,0.0,4.5,468,66.0,0,0.0,0,0.0,0.0,677,87.0,0,0,0.0,727.0,76.0,0,0,0.0,630.0,64.0,0.0,0.0,0.0,0,0,5137,0,0.0,0.0,0.0,0.0,0.0,0.0,0.0,0.0,0.0,0.0,0.0,723.0,76.0,0.0,717.0,75.0,0.0,702.0,75.0,0.0,724.0,76.0,,,,33,,Will,Lankshear,Lankshear,has joined Oxford United on loan for the rest of the season.,,0,0,0,0,0,0,0,0,0,0,0,0,0,,,,0.0,0.0,0.0,0.0,0.0,0,0,0
599,u,0.0,0.0,4.3,595,83.0,0,0.0,-2,2.0,0.5,258,37.0,2,0,1.0,466.0,57.0,0,5,0.0,524.0,52.0,0.0,0.5,0.0,60820,0,111785,5,0.0,0.0,0.0,0.01,0.01,0.03,0.0,0.13,0.13,0.39,1.0,503.0,60.0,4.1,450.0,59.0,2.0,447.0,60.0,0.7,491.0,60.0,,,,33,,Dane,Scarlett,Scarlett,has joined Hibernian on loan for the rest of the season.,,7,0,0,0,0,0,0,0,0,0,0,0,1,,,,0.0,0.0,0.0,0.0,12.86,0,0,1
673,a,100.0,100.0,5.5,135,84.0,0,0.0,0,0.0,0.7,219,79.0,95,0,3.5,125.0,55.0,11,400,0.3,309.0,145.0,0.1,17.3,0.0,371104,18,368185,11,0.8,0.3,1.33,0.55,1.88,29.28,0.07,0.03,0.1,1.46,498.4,88.0,29.0,116.0,258.0,158.0,170.0,180.0,98.0,78.7,163.0,84.0,,,,33,,João Maria,Lobo Alves Palhares Costa Palhinha Gonçalves,J.Palhinha,,,1803,3,3,4,32,0,0,0,6,0,0,19,248,,,,0.0,0.2,1.6,0.95,12.38,97,80,71
717,a,100.0,100.0,6.5,53,34.0,0,0.0,-5,5.0,1.2,182,62.0,66,0,2.5,278.0,119.0,5,302,0.7,244.0,116.0,0.1,10.2,0.0,839255,193,760650,33,1.2,0.7,2.31,3.55,5.86,29.63,0.13,0.2,0.33,1.67,294.2,213.0,89.0,481.9,40.0,35.0,219.0,132.0,77.0,99.5,102.0,57.0,2.0,3.0,4.0,33,,Xavi,Simons,Xavi,,,1595,1,4,3,34,0,0,0,4,1,0,17,141,,,,0.0,0.17,1.92,0.96,7.96,33,25,83
726,a,100.0,100.0,6.9,40,15.0,0,0.0,-1,1.0,0.4,290,44.0,44,0,1.8,385.0,46.0,1,128,1.0,210.0,26.0,0.1,6.4,0.0,134493,68,122626,15,1.5,1.0,1.71,1.34,3.05,22.57,0.12,0.09,0.21,1.55,152.4,325.0,32.0,235.6,155.0,13.0,215.0,138.0,32.0,59.3,235.0,28.0,,,,33,,Randal,Kolo Muani,Kolo Muani,,,1313,1,1,3,27,0,0,0,2,0,0,16,93,,,,0.0,0.21,1.85,1.1,6.37,21,20,52
745,a,,,4.0,736,208.0,0,0.0,0,0.0,0.0,616,220.0,1,0,1.0,461.0,169.0,0,3,0.0,482.0,194.0,0.0,0.2,0.0,2152,0,2167,2,0.5,0.0,0.0,0.0,0.0,0.0,0.0,0.0,0.0,0.0,0.4,506.0,178.0,0.5,476.0,174.0,0.0,589.0,243.0,0.1,510.0,179.0,,,,33,,Jun'ai,Byfield,Byfield,,,1,0,0,0,0,0,0,0,0,0,0,0,0,,,,0.0,0.0,0.0,0.0,0.0,0,0,0
750,a,,,4.0,700,180.0,0,0.0,0,0.0,0.0,634,227.0,1,0,1.0,458.0,166.0,0,3,0.0,447.0,166.0,0.0,0.2,0.0,1975,1,1763,3,0.5,0.0,0.0,0.0,0.0,0.36,0.0,0.0,0.0,32.4,0.0,597.0,223.0,0.0,588.0,223.0,0.0,557.0,219.0,0.0,599.0,223.0,,,,33,,James,Rowswell,Rowswell,,,1,0,0,0,0,0,0,0,0,0,0,0,0,,,,0.0,0.0,0.0,0.0,0.0,0,0,0
751,u,0.0,0.0,4.5,489,301.0,0,0.0,0,0.0,0.0,787,342.0,0,0,0.0,742.0,310.0,0,0,0.0,651.0,251.0,0.0,0.0,0.0,675,0,651,0,0.0,0.0,0.0,0.0,0.0,0.0,0.0,0.0,0.0,0.0,0.0,740.0,308.0,0.0,733.0,308.0,0.0,720.0,304.0,0.0,740.0,308.0,,,,33,,Yusuf,Akhamrich,Akhamrich,has joined Bristol Rovers on loan for the rest of the season.,,0,0,0,0,0,0,0,0,0,0,0,0,0,,,,0.0,0.0,0.0,0.0,0.0,0,0,0
790,a,,,4.5,501,311.0,0,0.0,0,0.0,0.0,764,325.0,0,0,0.0,751.0,317.0,0,0,0.0,663.0,261.0,0.0,0.0,0.0,839,1,459,0,0.5,0.0,0.0,0.0,0.0,0.0,0.0,0.0,0.0,0.0,0.0,750.0,316.0,0.0,743.0,316.0,0.0,730.0,312.0,0.0,750.0,316.0,,,,33,,Lucá,Williams-Barnett,Williams-Barnett,,,0,0,0,0,0,0,0,0,0,0,0,0,0,,,,0.0,0.0,0.0,0.0,0.0,0,0,0
796,a,100.0,100.0,5.0,253,152.0,0,0.0,-5,5.0,0.1,507,184.0,22,0,2.2,313.0,137.0,0,111,1.0,188.0,82.0,0.2,4.4,0.0,37407,11,27646,2,1.5,1.0,0.56,0.52,1.08,15.44,0.08,0.07,0.15,2.08,98.0,374.0,165.0,123.1,249.0,154.0,86.0,282.0,153.0,30.7,345.0,168.0,,,,33,,Conor,Gallagher,Gallagher,,,667,0,1,0,18,0,0,0,0,0,0,8,66,,,,0.0,0.0,2.43,1.08,8.91,10,18,38
804,a,,,4.0,733,205.0,0,0.0,0,0.0,0.0,676,238.0,3,0,0.8,515.0,178.0,0,0,0.0,479.0,191.0,0.0,0.8,0.0,2604,0,1235,1,0.5,0.0,0.02,0.03,0.05,2.61,0.01,0.02,0.03,1.65,12.8,460.0,167.0,31.9,382.0,137.0,17.0,395.0,142.0,6.2,443.0,159.0,,,,33,,João Victor,de Souza Menezes,Souza,,,142,0,0,0,3,0,0,0,1,0,0,2,6,,,,0.0,0.0,1.9,1.27,3.8,0,6,3
811,a,,,4.5,461,279.0,0,0.0,0,0.0,0.0,792,347.0,0,0,0.0,722.0,294.0,0,0,0.0,624.0,229.0,0.0,0.0,0.0,418,2,212,2,0.5,0.0,0.0,0.0,0.0,0.0,0.0,0.0,0.0,0.0,0.0,717.0,289.0,0.0,712.0,291.0,0.0,696.0,284.0,0.0,718.0,290.0,,,,33,,Rio,Kyerematen,Kyerematen,,,0,0,0,0,0,0,0,0,0,0,0,0,0,,,,0.0,0.0,0.0,0.0,0.0,0,0,0
818,a,,,4.5,502,71.0,0,0.0,0,0.0,0.0,652,84.0,0,0,0.0,752.0,81.0,0,0,0.0,664.0,69.0,0.0,0.0,0.0,3792,12,1560,5,0.5,0.0,0.0,0.0,0.0,0.0,0.0,0.0,0.0,0.0,0.0,751.0,81.0,0.0,744.0,80.0,0.0,731.0,80.0,0.0,751.0,81.0,,,,33,,James,Wilson,Wilson,,,0,0,0,0,0,0,0,0,0,0,0,0,0,,,,0.0,0.0,0.0,0.0,0.0,0,0,0
326,a,100.0,100.0,5.1,222,136.0,0,0.0,-4,4.0,0.2,411,143.0,24,0,1.0,502.0,231.0,0,71,0.7,236.0,112.0,0.1,4.7,0.0,17624,4,38058,2,0.7,0.7,0.69,0.56,1.25,8.24,0.17,0.14,0.31,2.06,29.2,439.0,194.0,68.5,318.0,176.0,68.0,304.0,162.0,16.0,398.0,182.0,,,,33,,Adama,Traoré Diarra,Adama,,,360,0,0,0,11,0,0,0,1,0,0,1,17,,,,0.0,0.0,2.75,0.25,4.25,1,2,14
600,a,100.0,100.0,4.2,627,30.0,0,0.0,-3,3.0,1.9,139,18.0,51,0,2.5,264.0,27.0,2,220,0.0,496.0,80.0,0.0,12.1,0.0,188282,26,470481,39,0.0,0.0,0.0,0.0,0.0,35.3,0.0,0.0,0.0,1.76,570.4,59.0,12.0,10.0,427.0,7.0,0.0,600.0,66.0,57.9,239.0,12.0,,,,33,,Alphonse,Areola,Areola,,,1800,0,1,0,37,0,0,0,0,0,77,20,55,,,,3.85,0.0,1.85,1.0,0.0,0,30,142
601,u,0.0,0.0,4.0,664,41.0,0,0.0,0,0.0,0.2,363,51.0,0,0,0.0,579.0,65.0,0,0,0.0,414.0,54.0,0.0,0.0,0.0,3874,0,43150,0,0.0,0.0,0.0,0.0,0.0,0.0,0.0,0.0,0.0,0.0,0.0,569.0,65.0,0.0,558.0,50.0,0.0,527.0,37.0,0.0,571.0,65.0,,,,33,,Wes,Foderingham,Foderingham,has joined Aris Limassol permanently.,,0,0,0,0,0,0,0,0,0,0,0,0,0,,,,0.0,0.0,0.0,0.0,0.0,0,0,0
602,u,0.0,0.0,3.9,770,84.0,0,0.0,-1,1.0,0.2,381,54.0,0,0,0.0,563.0,56.0,0,0,0.0,396.0,45.0,0.0,0.0,0.0,11331,0,20943,4,0.0,0.0,0.0,0.0,0.0,0.0,0.0,0.0,0.0,0.0,0.0,553.0,56.0,0.0,540.0,39.0,0.0,508.0,26.0,0.0,555.0,56.0,,,,33,,Krisztián,Hegyi,Hegyi,has joined MTK Budapest on loan for the rest of the season.,,0,0,0,0,0,0,0,0,0,0,0,0,0,,,,0.0,0.0,0.0,0.0,0.0,0,0,0
603,a,100.0,100.0,4.1,659,160.0,0,0.0,-4,4.0,2.4,126,49.0,88,0,3.4,136.0,48.0,3,288,2.3,88.0,30.0,0.6,21.5,0.0,424158,152,928843,62,2.3,2.3,0.49,1.87,2.36,34.84,0.02,0.08,0.1,1.44,462.4,108.0,47.0,296.8,116.0,29.0,88.0,276.0,80.0,84.9,147.0,49.0,,,,33,,El Hadji Malick,Diouf,Diouf,,,2183,0,6,7,40,0,0,0,4,0,0,24,206,,,,0.0,0.29,1.65,0.99,7.05,33,138,97
604,u,0.0,0.0,4.4,524,102.0,0,0.0,-1,1.0,0.0,584,209.0,0,0,0.0,669.0,254.0,0,0,0.0,550.0,226.0,0.0,0.0,0.0,1719,0,20822,0,0.0,0.0,0.0,0.0,0.0,0.0,0.0,0.0,0.0,0.0,0.0,660.0,254.0,0.0,655.0,254.0,0.0,634.0,253.0,0.0,662.0,254.0,,,,33,,Emerson,Palmieri dos Santos,Emerson,has joined Marseille permanently.,,0,0,0,0,0,0,0,0,0,0,0,0,0,,,,0.0,0.0,0.0,0.0,0.0,0,0,0
605,a,,,4.1,651,154.0,0,0.0,-4,4.0,0.1,429,159.0,36,0,1.7,386.0,143.0,0,80,0.0,488.0,200.0,0.0,8.8,0.0,30484,2,51497,0,0.0,0.0,0.56,0.25,0.81,33.28,0.03,0.01,0.04,1.92,392.4,148.0,64.0,55.8,341.0,118.0,60.0,321.0,100.0,50.9,269.0,87.0,,,,33,,Maximilian,Kilman,Kilman,,,1559,0,0,1,37,0,0,0,4,0,0,17,191,,,,0.0,0.06,2.14,0.98,9.24,16,144,43
606,a,100.0,100.0,4.4,536,112.0,0,0.0,-1,1.0,0.7,236,89.0,98,0,3.9,65.0,24.0,5,295,8.0,2.0,2.0,1.8,22.3,0.0,96447,1132,27830,25,8.0,8.0,2.26,0.59,2.85,32.08,0.1,0.03,0.13,1.45,638.2,42.0,18.0,51.8,348.0,123.0,240.0,118.0,20.0,93.0,119.0,34.0,,,,33,,Konstantinos,Mavropanos,Mavropanos,,,1992,3,0,4,36,1,0,0,2,0,0,21,268,,,,0.0,0.18,1.63,0.95,11.2,34,214,79
607,u,0.0,0.0,4.4,529,106.0,0,0.0,-1,1.0,0.0,609,217.0,3,0,1.5,410.0,151.0,0,-1,0.0,554.0,229.0,0.0,0.7,0.0,1288,0,12352,0,0.0,0.0,0.1,0.03,0.13,3.42,0.05,0.02,0.07,1.71,39.0,426.0,159.0,3.9,451.0,162.0,8.0,422.0,160.0,5.1,452.0,162.0,,,,33,,Nayef,Aguerd,N.Aguerd,has joined Marseille permanently.,,180,0,0,0,8,0,0,0,0,0,0,2,23,,,,0.0,0.0,4.0,1.0,7.5,1,14,8
608,a,100.0,100.0,4.3,604,139.0,0,0.0,-2,2.0,0.0,621,221.0,21,0,1.8,369.0,138.0,0,86,0.0,532.0,223.0,0.0,4.9,0.0,5060,2,7176,0,0.0,0.0,0.18,0.32,0.5,13.28,0.02,0.04,0.06,1.83,138.2,335.0,128.0,71.7,313.0,103.0,22.0,384.0,134.0,23.2,369.0,127.0,5.0,,,33,,Ollie,Scarles,Scarles,,,654,0,1,0,16,0,0,0,1,0,0,9,73,,,,0.0,0.0,2.2,1.24,9.91,29,43,35
609,a,100.0,100.0,4.3,587,133.0,0,0.0,-2,2.0,0.1,489,176.0,44,0,2.2,307.0,113.0,1,161,0.0,518.0,219.0,0.0,10.2,0.0,12790,4,20486,2,0.0,0.0,0.25,0.31,0.56,31.66,0.01,0.02,0.03,1.68,370.6,164.0,70.0,65.5,326.0,109.0,24.0,379.0,132.0,46.1,287.0,94.0,,,,33,,Jean-Clair,Todibo,Todibo,,,1701,0,1,1,34,0,0,0,4,1,0,20,172,,,,0.0,0.05,1.8,1.06,8.36,37,121,86
610,a,100.0,100.0,4.1,652,155.0,0,0.0,-4,4.0,4.5,86,28.0,63,0,2.9,198.0,79.0,0,190,0.0,489.0,201.0,0.0,15.4,0.0,287017,46,2338043,56,0.0,0.0,0.0,0.93,0.93,33.11,0.0,0.04,0.04,1.57,406.6,141.0,61.0,289.7,120.0,30.0,30.0,370.0,125.0,73.0,182.0,62.0,,,,33,,Aaron,Wan-Bissaka,Wan-Bissaka,,,1903,0,3,3,39,0,0,0,4,0,0,21,177,,,,0.0,0.14,1.84,0.99,7.71,29,134,66
611,u,0.0,0.0,4.0,710,185.0,0,0.0,0,0.0,0.1,555,199.0,0,0,0.0,613.0,226.0,0,0,0.0,456.0,171.0,0.0,0.0,0.0,0,0,13361,0,0.0,0.0,0.0,0.0,0.0,0.0,0.0,0.0,0.0,0.0,0.0,604.0,226.0,0.0,596.0,226.0,0.0,565.0,222.0,0.0,606.0,226.0,,,,33,,Kaelan,Casey,Casey,has joined Leyton Orient on loan for the rest of the season.,,0,0,0,0,0,0,0,0,0,0,0,0,0,,,,0.0,0.0,0.0,0.0,0.0,0,0,0
612,u,0.0,0.0,5.9,94,62.0,0,0.0,-1,1.0,1.1,191,67.0,69,0,3.8,85.0,37.0,8,291,0.0,800.0,351.0,0.0,11.7,0.0,897173,0,976920,9,0.0,0.0,2.85,2.0,4.85,24.22,0.17,0.12,0.29,1.44,374.6,159.0,58.0,397.2,69.0,54.0,186.0,166.0,92.0,95.7,112.0,63.0,,,,33,,Lucas,Tolentino Coelho de Lima,L.Paquetá,has joined Flamengo permanently.,,1513,4,2,3,33,0,0,0,5,1,0,18,146,,,,0.0,0.18,1.96,1.07,8.68,40,30,76
613,a,100.0,100.0,5.7,114,73.0,0,0.0,-3,3.0,0.3,317,112.0,82,0,2.8,225.0,90.0,6,326,1.7,138.0,57.0,0.3,14.4,0.0,50549,23,115757,8,1.7,1.7,4.46,0.4,4.86,30.24,0.24,0.02,0.26,1.62,417.0,130.0,44.0,149.4,222.0,143.0,352.0,72.0,42.0,92.0,126.0,71.0,,,,33,,Tomáš,Souček,Souček,,,1678,4,2,5,36,0,0,0,2,1,0,18,179,,,,0.0,0.27,1.93,0.97,9.6,30,99,50
615,a,100.0,100.0,5.5,145,91.0,0,0.0,0,0.0,1.3,168,60.0,95,0,3.8,83.0,36.0,10,334,1.0,199.0,90.0,0.2,17.3,0.0,564560,254,411412,53,1.0,1.0,4.94,1.95,6.89,28.72,0.23,0.09,0.32,1.34,371.0,163.0,60.0,343.2,84.0,61.0,487.0,37.0,21.0,119.8,70.0,43.0,2.0,,,33,,Crysencio,Summerville,Summerville,,,1933,5,3,6,34,0,0,0,4,0,0,23,168,,,,0.0,0.28,1.58,1.07,7.82,33,42,93
616,u,0.0,0.0,4.9,308,192.0,0,0.0,-1,1.0,0.0,600,226.0,0,0,0.0,776.0,334.0,0,0,0.0,708.0,290.0,0.0,0.0,0.0,1147,0,16126,0,0.0,0.0,0.0,0.0,0.0,0.0,0.0,0.0,0.0,0.0,0.0,775.0,333.0,0.0,771.0,333.0,0.0,767.0,331.0,0.0,775.0,333.0,,,,33,,Edson,Álvarez Velázquez,Álvarez,Has joined Fenerbahçe on loan for the rest of the season.,,0,0,0,0,0,0,0,0,0,0,0,0,0,,,,0.0,0.0,0.0,0.0,0.0,0,0,0
617,u,0.0,0.0,4.9,288,177.0,0,0.0,-1,1.0,0.0,716,295.0,0,0,0.0,772.0,331.0,0,0,0.0,698.0,283.0,0.0,0.0,0.0,246,0,3225,0,0.0,0.0,0.0,0.0,0.0,0.0,0.0,0.0,0.0,0.0,0.0,771.0,330.0,0.0,767.0,330.0,0.0,763.0,328.0,0.0,771.0,330.0,,,,33,,Maxwel,Cornet,Cornet,has joined Genoa on loan for the rest of the season.,,0,0,0,0,0,0,0,0,0,0,0,0,0,,,,0.0,0.0,0.0,0.0,0.0,0,0,0
618,u,0.0,0.0,4.8,351,221.0,0,0.0,-2,2.0,0.0,613,235.0,8,0,1.3,434.0,193.0,0,30,0.0,690.0,279.0,0.0,1.7,0.0,2295,0,6219,0,0.0,0.0,0.03,0.04,0.07,2.59,0.02,0.02,0.04,1.33,9.8,467.0,208.0,6.0,443.0,215.0,2.0,453.0,223.0,1.7,475.0,216.0,,,,33,,Guido,Rodríguez,G.Rodriguez,has joined Valencia on loan for the rest of the season.,,175,0,0,1,2,0,0,0,1,0,0,2,15,,,,0.0,0.51,1.03,1.03,7.71,1,4,10
619,u,0.0,0.0,4.9,339,210.0,0,0.0,-1,1.0,0.0,689,278.0,5,0,1.0,497.0,227.0,0,11,0.0,725.0,302.0,0.0,1.0,0.0,868,0,3427,0,0.0,0.0,0.07,0.03,0.1,1.82,0.05,0.02,0.07,1.35,9.2,468.0,209.0,14.5,412.0,206.0,4.0,440.0,216.0,2.5,467.0,211.0,,,,33,,Luis Guilherme,Lira dos Santos,L.Guilherme,has joined Sporting CP permanently.,,121,0,0,0,2,0,0,0,0,0,0,1,11,,,,0.0,0.0,1.49,0.74,8.18,1,2,8
620,u,0.0,0.0,4.5,447,267.0,0,0.0,0,0.0,0.0,611,234.0,1,0,1.0,480.0,213.0,0,3,0.0,612.0,219.0,0.0,0.2,0.0,3770,0,9606,0,0.0,0.0,0.0,0.01,0.01,0.73,0.0,0.11,0.11,8.21,0.0,707.0,279.0,1.5,466.0,225.0,2.0,450.0,220.0,0.4,500.0,229.0,,,,33,,George,Earthy,Earthy,has joined Bristol City on loan for the rest of the season.,,8,0,0,0,1,0,0,0,0,0,0,0,0,,,,0.0,0.0,11.25,0.0,0.0,0,0,0
621,u,0.0,0.0,4.3,583,345.0,0,0.0,-2,2.0,0.2,374,128.0,9,0,1.3,431.0,190.0,0,49,0.0,516.0,165.0,0.0,2.1,0.0,43311,0,56571,2,0.0,0.0,0.0,0.17,0.17,4.03,0.0,0.1,0.1,2.32,31.6,436.0,191.0,52.3,346.0,184.0,2.0,445.0,218.0,8.6,428.0,192.0,,,,33,,Andy,Irving,Irving,has joined Sparta Prague permanently.,,156,0,0,0,4,0,0,0,0,0,0,2,22,,,,0.0,0.0,2.31,1.15,12.69,6,2,14
622,u,0.0,0.0,4.4,550,330.0,0,0.0,-1,1.0,0.1,580,215.0,0,0,0.0,679.0,263.0,0,0,0.0,567.0,191.0,0.0,0.0,0.0,1052,0,11995,0,0.0,0.0,0.0,0.0,0.0,0.0,0.0,0.0,0.0,0.0,0.0,671.0,255.0,0.0,667.0,259.0,0.0,646.0,249.0,0.0,673.0,257.0,,,,33,,Lewis,Orford,Orford,has joined Stevenage on loan for the rest of the season.,,0,0,0,0,0,0,0,0,0,0,0,0,0,,,,0.0,0.0,0.0,0.0,0.0,0,0,0
623,a,100.0,100.0,4.3,594,350.0,0,0.0,-2,2.0,0.5,260,91.0,36,0,1.7,388.0,164.0,0,212,0.7,223.0,105.0,0.2,8.4,0.0,145035,5,171073,8,0.7,0.7,0.21,1.06,1.27,21.2,0.02,0.08,0.1,1.66,185.8,291.0,126.0,140.8,232.0,149.0,37.0,353.0,182.0,36.5,321.0,158.0,,,,33,,Freddie,Potts,Potts,,,1151,0,1,1,24,0,0,0,1,0,0,12,116,,,,0.0,0.08,1.88,0.94,9.07,27,50,39
624,a,,,7.6,20,7.0,0,0.0,-4,4.0,10.5,32,7.0,157,0,4.9,17.0,4.0,23,607,5.3,9.0,4.0,0.7,20.7,0.0,2910875,9271,3454075,131,5.3,5.3,6.51,4.13,10.64,49.36,0.2,0.13,0.33,1.55,737.0,17.0,3.0,548.0,31.0,1.0,724.0,12.0,8.0,200.9,10.0,3.0,1.0,1.0,2.0,33,,Jarrod,Bowen,Bowen,,,2869,8,10,6,55,0,0,0,4,0,0,32,243,,,,0.0,0.19,1.73,1.0,7.62,42,63,138
625,u,0.0,0.0,5.6,120,33.0,0,0.0,-4,4.0,0.6,254,36.0,12,0,1.5,417.0,49.0,0,28,0.0,792.0,87.0,0.0,2.1,0.0,47611,0,393063,3,0.0,0.0,0.93,0.21,1.14,8.59,0.21,0.05,0.26,1.9,26.0,442.0,52.0,85.1,298.0,33.0,130.0,229.0,45.0,23.8,364.0,44.0,,,,33,,Niclas,Füllkrug,Füllkrug,has joined AC Milan on loan for the rest of the season.,,407,0,0,1,11,0,0,0,0,0,0,5,19,,,,0.0,0.22,2.43,1.11,4.2,2,7,10
626,u,0.0,0.0,4.3,610,85.0,0,0.0,-2,2.0,0.5,264,40.0,2,0,1.0,470.0,58.0,0,0,0.0,538.0,54.0,0.0,0.5,0.0,63604,0,107763,2,0.0,0.0,0.13,0.0,0.13,1.55,0.2,0.0,0.2,2.41,1.2,501.0,58.0,0.1,488.0,61.0,7.0,427.0,59.0,0.8,489.0,59.0,,,,33,,Callum,Marshall,Marshall,has joined VfL Bochum 1848 on loan for the rest of the season.,,58,0,0,0,2,0,0,0,0,0,0,0,3,,,,0.0,0.0,3.1,0.0,4.66,0,2,1
659,a,,,4.2,630,142.0,0,0.0,-3,3.0,0.2,358,131.0,38,0,2.0,335.0,123.0,0,158,2.0,108.0,39.0,0.5,9.0,0.0,32058,14,54657,3,2.0,2.0,1.13,0.34,1.47,21.72,0.1,0.03,0.13,1.87,229.4,259.0,105.0,115.1,260.0,74.0,102.0,259.0,73.0,44.7,290.0,96.0,,,,33,,Kyle,Walker-Peters,Walker-Peters,,,1044,1,0,2,22,0,0,0,2,0,0,11,102,,,,0.0,0.17,1.9,0.95,6.81,38,41,44
671,a,100.0,100.0,5.8,100,28.0,0,0.0,-2,2.0,0.5,263,39.0,66,0,2.5,274.0,29.0,7,228,0.7,241.0,29.0,0.1,11.4,0.0,205970,14,221142,10,0.7,0.7,6.48,0.37,6.85,18.82,0.56,0.03,0.59,1.62,228.0,261.0,24.0,95.8,283.0,30.0,404.0,54.0,22.0,71.6,191.0,24.0,,,,33,,Callum,Wilson,Wilson,,,1045,5,2,1,19,0,0,0,0,0,0,10,37,,,,0.0,0.09,1.64,0.86,3.19,3,9,25
679,a,,,4.2,637,34.0,0,0.0,-3,3.0,0.5,270,34.0,52,0,4.3,42.0,4.0,8,191,3.0,54.0,6.0,0.7,12.4,0.0,63971,147,50790,12,3.0,3.0,0.0,0.01,0.01,15.03,0.0,0.0,0.0,1.25,299.6,210.0,23.0,0.0,630.0,81.0,0.0,604.0,70.0,30.0,347.0,23.0,,,,33,,Mads,Hermansen,Hermansen,,,1080,0,0,5,20,0,0,0,0,0,41,12,34,,,,3.42,0.42,1.67,1.0,0.0,0,16,111
708,a,100.0,100.0,5.5,150,95.0,0,0.0,0,0.0,0.4,288,101.0,109,0,3.6,106.0,48.0,6,543,1.3,158.0,68.0,0.2,19.8,0.0,125952,73,83981,32,1.3,1.3,1.25,2.46,3.71,39.35,0.05,0.09,0.14,1.43,538.2,74.0,22.0,529.7,34.0,31.0,112.0,249.0,138.0,118.1,74.0,46.0,4.0,,,33,,Mateus Gonçalo,Espanha Fernandes,M.Fernandes,,,2477,3,3,6,42,0,0,0,7,0,0,29,299,,,,0.0,0.22,1.53,1.05,10.86,82,71,146
718,a,,,5.0,277,171.0,0,0.0,0,0.0,0.0,659,262.0,41,0,2.0,343.0,149.0,2,182,0.7,235.0,111.0,0.1,8.2,0.0,5500,0,5052,0,0.7,0.7,0.44,0.32,0.76,18.93,0.04,0.03,0.07,1.76,181.4,296.0,129.0,83.1,303.0,174.0,44.0,342.0,178.0,30.9,342.0,167.0,,,,33,,Soungoutou,Magassa,S.Magassa,,,969,1,0,2,23,0,0,0,4,0,0,11,126,,,,0.0,0.19,2.14,1.02,11.7,40,33,53
738,a,100.0,100.0,4.5,408,21.0,0,0.0,0,0.0,0.0,638,80.0,0,0,0.0,692.0,92.0,0,0,0.0,586.0,87.0,0.0,0.0,0.0,6135,5,5955,1,0.0,0.0,0.0,0.0,0.0,0.0,0.0,0.0,0.0,0.0,0.0,686.0,92.0,0.0,681.0,85.0,0.0,662.0,75.0,0.0,688.0,92.0,,,,33,,Lukasz,Fabianski,Fabianski,,,0,0,0,0,0,0,0,0,0,0,0,0,0,,,,0.0,0.0,0.0,0.0,0.0,0,0,0
747,a,,,4.0,729,201.0,0,0.0,0,0.0,0.0,626,224.0,6,0,1.0,460.0,168.0,0,18,0.0,475.0,187.0,0.0,1.5,0.0,2713,0,2333,2,0.0,0.0,0.12,0.49,0.61,3.21,0.1,0.39,0.49,2.56,21.8,450.0,166.0,34.9,376.0,134.0,9.0,419.0,158.0,6.6,441.0,158.0,,,,33,,Ezra,Mayers,Mayers,,,113,0,0,0,3,0,0,0,0,0,0,0,5,,,,0.0,0.0,2.39,0.0,3.98,0,5,6
752,a,,,4.0,739,211.0,0,0.0,0,0.0,0.0,644,230.0,0,0,0.0,637.0,247.0,0,0,0.0,485.0,197.0,0.0,0.0,0.0,2320,3,2147,0,0.0,0.0,0.0,0.0,0.0,0.0,0.0,0.0,0.0,0.0,0.0,628.0,247.0,0.0,620.0,247.0,0.0,591.0,245.0,0.0,630.0,247.0,,,,33,,Airidas,Golambeckis,Golambeckis,,,0,0,0,0,0,0,0,0,0,0,0,0,0,,,,0.0,0.0,0.0,0.0,0.0,0,0,0
758,a,,,4.5,507,315.0,0,0.0,0,0.0,0.0,734,307.0,7,0,0.9,511.0,238.0,0,22,0.3,299.0,139.0,0.1,1.6,0.0,2112,0,1328,0,0.3,0.3,0.07,0.03,0.1,0.99,0.2,0.08,0.28,2.78,10.4,464.0,206.0,12.6,420.0,209.0,8.0,423.0,205.0,2.7,466.0,210.0,,,,33,,Mohamadou,Kanté,Mohamadou Kanté,,,32,0,0,0,0,0,0,0,1,0,0,0,11,,,,0.0,0.0,0.0,0.0,30.94,4,1,6
785,a,100.0,100.0,5.4,178,41.0,0,0.0,-1,1.0,0.0,735,90.0,17,0,2.1,325.0,36.0,0,62,2.3,94.0,14.0,0.4,3.1,0.0,5176,13,4251,3,2.3,2.3,0.65,0.36,1.01,6.49,0.12,0.07,0.19,1.22,67.8,397.0,44.0,97.0,280.0,29.0,53.0,331.0,53.0,21.8,376.0,46.0,,,,33,,Pablo Felipe,Pereira de Jesus,Pablo,,,480,0,1,1,7,0,0,0,0,0,0,6,48,,,,0.0,0.19,1.31,1.12,9.0,16,12,20
791,a,,,5.5,141,35.0,0,0.0,0,0.0,0.1,432,62.0,42,0,3.5,127.0,10.0,3,162,4.0,27.0,5.0,0.7,7.6,0.0,38272,268,22168,19,4.0,4.0,3.33,0.61,3.94,12.59,0.32,0.06,0.38,1.2,190.4,289.0,28.0,148.3,224.0,22.0,314.0,86.0,27.0,64.0,218.0,27.0,,,,33,,Valentín,Castellanos,Taty,,,942,4,1,5,13,0,0,0,3,0,0,12,44,,,,0.0,0.48,1.24,1.15,4.2,6,17,21
802,a,,,5.0,280,173.0,0,0.0,0,0.0,0.0,778,335.0,0,0,0.0,800.0,353.0,0,0,0.0,746.0,318.0,0.0,0.0,0.0,504,1,396,0,0.0,0.0,0.0,0.0,0.0,0.0,0.0,0.0,0.0,0.0,0.0,799.0,352.0,0.0,797.0,352.0,0.0,792.0,350.0,0.0,799.0,352.0,,,,33,,Keiber,Lamadrid,Lamadrid,,,0,0,0,0,0,0,0,0,0,0,0,0,0,,,,0.0,0.0,0.0,0.0,0.0,0,0,0
815,a,,,4.5,423,84.0,0,0.0,0,0.0,0.1,449,169.0,27,0,3.4,141.0,53.0,0,112,2.3,90.0,31.0,0.5,6.0,0.0,21584,22,7575,4,2.3,2.3,1.1,0.01,1.11,9.59,0.14,0.0,0.14,1.2,118.0,355.0,135.0,14.5,410.0,149.0,80.0,288.0,84.0,21.3,378.0,132.0,,,,33,,Axel,Disasi,Disasi,,,720,0,0,4,9,1,0,0,0,0,0,8,45,,,,0.0,0.5,1.12,1.0,5.62,6,39,17
825,a,,,4.0,716,64.0,0,0.0,0,0.0,0.0,811,94.0,0,0,0.0,618.0,85.0,0,0,0.0,462.0,76.0,0.0,0.0,0.0,118,2,30,1,0.0,0.0,0.0,0.0,0.0,0.0,0.0,0.0,0.0,0.0,0.0,609.0,85.0,0.0,601.0,73.0,0.0,571.0,60.0,0.0,611.0,85.0,,,,33,,Finlay,Herrick,Herrick,,,0,0,0,0,0,0,0,0,0,0,0,0,0,,,,0.0,0.0,0.0,0.0,0.0,0,0,0
627,i,0.0,0.0,4.4,523,25.0,0,0.0,-1,1.0,0.1,434,63.0,21,0,1.8,370.0,33.0,0,117,0.0,549.0,85.0,0.0,4.8,0.0,20825,0,25880,7,0.0,0.0,0.0,0.02,0.02,18.59,0.0,0.0,0.0,1.55,308.0,205.0,22.0,0.1,489.0,15.0,0.0,633.0,73.0,30.8,343.0,22.0,,,,33,,Sam,Johnstone,Johnstone,Shoulder injury - Expected back 24 May,,1080,0,0,0,24,1,0,0,0,0,39,12,71,,,,3.25,0.0,2.0,1.0,0.0,2,24,107
628,a,100.0,100.0,4.2,629,31.0,0,0.0,-3,3.0,1.2,178,21.0,57,0,2.9,199.0,22.0,6,255,0.5,250.0,23.0,0.1,13.6,0.0,120412,125,201721,35,0.0,0.0,0.0,0.03,0.03,31.75,0.0,0.0,0.0,1.59,432.8,123.0,19.0,10.0,428.0,8.0,0.0,601.0,67.0,44.6,291.0,19.0,,,,33,,José,Malheiro de Sá,José Sá,,,1800,0,0,4,34,0,0,0,2,0,53,20,40,,,,2.65,0.2,1.7,1.0,0.0,0,41,181
629,a,100.0,100.0,3.9,745,69.0,0,0.0,-1,1.0,0.5,272,35.0,1,1,1.0,455.0,36.0,0,6,0.5,249.0,22.0,0.1,0.3,0.0,21180,5,53711,4,0.0,0.0,0.0,0.0,0.0,0.58,0.0,0.0,0.0,2.31,0.0,536.0,42.0,0.0,522.0,24.0,0.0,490.0,11.0,0.0,538.0,42.0,,,,33,,Daniel,Bentley,Bentley,,,17,0,0,0,0,0,0,0,0,0,1,1,0,,,,6.43,0.0,0.0,6.43,0.0,0,0,2
631,u,0.0,0.0,4.2,641,150.0,0,0.0,-3,3.0,0.1,462,170.0,23,0,1.6,400.0,149.0,0,86,0.0,501.0,208.0,0.0,5.5,0.0,24605,0,63599,1,0.0,0.0,0.57,0.4,0.97,18.26,0.05,0.03,0.08,1.49,312.2,203.0,81.0,76.0,311.0,102.0,75.0,294.0,88.0,46.4,283.0,92.0,,,,33,,Emmanuel,Agbadou,Agbadou,has joined Besiktas permanently.,,1100,0,0,0,29,0,0,0,1,1,0,12,156,,,,0.0,0.0,2.37,0.98,10.23,32,93,65
632,d,75.0,75.0,4.4,521,100.0,0,0.0,-1,1.0,0.1,511,182.0,12,0,1.2,440.0,158.0,0,47,0.0,547.0,224.0,0.0,2.7,0.0,6752,0,21016,1,-0.4,-0.4,0.09,0.19,0.28,13.21,0.01,0.02,0.03,1.69,116.2,358.0,137.0,50.8,350.0,124.0,18.0,394.0,141.0,18.6,389.0,137.0,,,,33,,Matt,Doherty,Doherty,Muscle injury - 75% chance of playing,,702,0,0,1,14,0,0,0,4,0,0,10,68,,,,0.0,0.13,1.79,1.28,7.31,13,44,27
633,a,100.0,100.0,4.3,596,137.0,0,0.0,-2,2.0,0.2,376,137.0,74,1,2.5,266.0,103.0,4,295,0.5,254.0,80.0,0.1,17.2,0.0,57863,38,45733,12,0.0,0.0,0.55,2.9,3.45,35.13,0.02,0.13,0.15,1.53,485.6,95.0,41.0,569.3,28.0,2.0,152.0,197.0,50.0,121.0,68.0,12.0,1.0,,,33,,Hugo,Bueno López,H.Bueno,,,2053,1,2,4,37,0,0,0,1,0,0,23,183,,,,0.0,0.18,1.62,1.01,6.63,55,96,106
634,s,0.0,0.0,4.3,602,138.0,0,0.0,-2,2.0,0.1,497,178.0,51,0,2.2,308.0,114.0,3,196,0.0,530.0,222.0,0.0,11.9,0.0,19427,0,18036,14,0.0,0.0,1.65,0.53,2.18,31.57,0.08,0.03,0.11,1.6,355.0,175.0,73.0,136.5,238.0,62.0,219.0,131.0,25.0,71.1,192.0,66.0,,,,33,,Yerson,Mosquera Valdelamar,Mosquera,Suspended until 02 May,,1777,0,0,4,34,2,0,0,11,0,0,20,188,,,,0.0,0.2,1.72,1.01,8.91,50,126,79
635,a,100.0,100.0,4.4,545,117.0,0,0.0,-1,1.0,0.1,525,188.0,35,0,2.2,310.0,115.0,0,78,0.0,563.0,233.0,0.0,8.0,0.0,14197,3,16870,6,-0.5,-0.5,1.69,0.31,2.0,9.79,0.24,0.04,0.28,1.4,171.6,302.0,116.0,65.5,327.0,110.0,184.0,168.0,36.0,42.3,301.0,100.0,,,,33,,Rodrigo,Martins Gomes,R.Gomes,,,628,3,0,0,14,0,0,0,0,0,0,6,50,,,,0.0,0.0,2.01,0.86,5.16,17,19,21
636,a,100.0,100.0,4.4,533,109.0,0,0.0,-1,1.0,0.1,448,168.0,73,1,3.0,194.0,77.0,2,266,0.5,258.0,82.0,0.1,16.6,0.0,33249,11,28643,4,0.0,0.0,1.67,1.04,2.71,35.71,0.07,0.05,0.12,1.58,467.2,106.0,46.0,98.9,278.0,84.0,170.0,177.0,40.0,73.5,180.0,61.0,,,,33,,Santiago,Ignacio Bueno,S.Bueno,,,2029,2,2,4,37,0,0,0,4,0,0,23,186,,,,0.0,0.18,1.64,1.02,7.55,43,127,50
637,a,100.0,100.0,4.2,640,149.0,0,0.0,-3,3.0,0.1,518,185.0,29,1,1.9,349.0,128.0,0,105,0.5,251.0,78.0,0.1,6.9,0.0,7851,1,20045,0,0.0,0.0,0.22,0.21,0.43,19.57,0.02,0.02,0.04,1.65,240.4,252.0,100.0,78.2,310.0,101.0,34.0,360.0,119.0,35.3,327.0,108.0,,,,33,,Toti,Gomes,Toti,,,1056,0,0,1,25,0,0,0,1,1,0,14,121,,,,0.0,0.09,2.14,1.2,8.46,16,83,40
638,u,0.0,0.0,3.8,799,243.0,0,0.0,-2,2.0,0.9,202,78.0,10,0,1.2,438.0,156.0,0,38,0.0,359.0,123.0,0.0,2.6,0.0,121813,0,267769,10,0.0,0.0,0.02,0.36,0.38,9.36,0.0,0.08,0.08,1.99,101.4,370.0,142.0,87.8,296.0,92.0,13.0,402.0,147.0,20.3,383.0,135.0,,,,33,,Ki-Jana,Hoever,Hoever,has joined Sheffield United on loan for the rest of the season.,,423,0,0,0,13,0,0,0,0,0,0,6,46,,,,0.0,0.0,2.77,1.28,8.51,13,27,16
639,u,0.0,0.0,4.0,718,191.0,0,0.0,0,0.0,0.0,770,260.0,0,0,0.0,620.0,231.0,0,0,0.0,464.0,177.0,0.0,0.0,0.0,0,0,894,0,0.0,0.0,0.0,0.0,0.0,0.0,0.0,0.0,0.0,0.0,0.0,611.0,231.0,0.0,603.0,231.0,0.0,573.0,228.0,0.0,613.0,231.0,,,,33,,Bastien,Meupiyou Menadjou,Meupiyou,On loan to FC Alverca,,0,0,0,0,0,0,0,0,0,0,0,0,0,,,,0.0,0.0,0.0,0.0,0.0,0,0,0
640,a,100.0,100.0,4.0,737,209.0,0,0.0,0,0.0,0.4,297,110.0,3,0,1.0,462.0,170.0,0,5,0.0,483.0,195.0,0.0,0.8,0.0,10594,6,90341,4,-0.5,-0.5,0.0,0.0,0.0,0.79,0.0,0.0,0.0,23.7,0.2,508.0,179.0,0.5,477.0,175.0,2.0,443.0,166.0,0.2,506.0,178.0,,,,33,,Pedro,Cardoso de Lima,Pedro Lima,,,3,0,0,0,1,0,0,0,0,0,0,0,0,,,,0.0,0.0,30.0,0.0,0.0,0,0,1
641,u,0.0,0.0,3.9,776,226.0,0,0.0,-1,1.0,0.9,198,76.0,0,0,0.0,567.0,205.0,0,0,0.0,401.0,144.0,0.0,0.0,0.0,85684,0,151074,10,0.0,0.0,0.0,0.0,0.0,0.0,0.0,0.0,0.0,0.0,0.0,557.0,204.0,0.0,545.0,204.0,0.0,513.0,199.0,0.0,559.0,204.0,,,,33,,Alfie,Pond,Pond,has joined Crewe Alexandra on loan for the rest of the season.,,0,0,0,0,0,0,0,0,0,0,0,0,0,,,,0.0,0.0,0.0,0.0,0.0,0,0,0
642,a,100.0,100.0,5.6,124,77.0,0,0.0,-4,4.0,0.1,468,162.0,45,0,2.1,328.0,143.0,0,128,0.5,276.0,127.0,0.1,8.0,0.0,50137,19,60525,4,0.0,0.0,2.14,0.93,3.07,18.36,0.17,0.07,0.24,1.42,132.2,339.0,154.0,154.3,216.0,138.0,149.0,205.0,113.0,42.8,299.0,149.0,,2.0,3.0,33,,Hwang,Hee-chan,Hee Chan,,,1163,2,1,2,23,0,0,0,3,0,0,15,69,,,,0.0,0.15,1.78,1.16,5.34,8,22,39
643,a,100.0,100.0,5.2,213,131.0,0,0.0,-3,3.0,0.1,457,155.0,82,1,2.7,233.0,94.0,4,395,2.5,85.0,37.0,0.5,15.8,0.0,22140,26,21481,6,2.0,2.0,0.45,0.82,1.27,39.28,0.02,0.03,0.05,1.57,355.2,174.0,67.0,258.4,137.0,94.0,38.0,351.0,181.0,65.1,212.0,104.0,,,,33,,André,Trindade da Costa Neto,André,,,2237,1,0,2,43,0,0,0,9,0,0,25,313,,,,0.0,0.08,1.73,1.01,12.57,67,76,170
644,a,100.0,100.0,5.1,230,140.0,0,0.0,-4,4.0,0.0,589,221.0,41,1,1.7,393.0,168.0,0,191,1.0,193.0,86.0,0.2,8.0,0.0,6861,2,12518,0,0.5,0.5,1.04,0.96,2.0,21.64,0.08,0.07,0.15,1.67,180.6,297.0,130.0,180.2,195.0,128.0,143.0,209.0,117.0,50.0,273.0,138.0,,4.0,,33,,Jean-Ricner,Bellegarde,Bellegarde,,,1156,1,1,3,27,0,0,0,5,0,0,15,100,,,,0.0,0.23,2.11,1.17,7.81,27,32,41
645,u,0.0,0.0,5.1,241,145.0,0,0.0,-4,4.0,0.0,661,263.0,12,0,1.3,436.0,195.0,0,38,0.0,755.0,325.0,0.0,2.4,0.0,1383,0,4969,0,0.0,0.0,0.16,0.61,0.77,3.98,0.06,0.24,0.3,1.57,29.0,440.0,195.0,61.0,334.0,182.0,37.0,354.0,183.0,12.4,415.0,190.0,,,,33,,Fer,López González,Fer López,has joined Celta Vigo on loan for the rest of the season.,,228,0,1,0,9,0,0,0,1,0,0,2,12,,,,0.0,0.0,3.55,0.79,4.74,1,1,10
646,a,100.0,100.0,5.3,194,122.0,0,0.0,-2,2.0,0.4,292,103.0,95,1,3.1,188.0,77.0,6,467,1.5,143.0,59.0,0.3,17.9,0.0,98740,59,68085,34,1.0,1.0,1.19,1.88,3.07,41.57,0.04,0.07,0.11,1.55,416.8,131.0,45.0,305.0,110.0,79.0,157.0,189.0,105.0,88.4,138.0,76.0,,3.0,,33,,João Victor,Gomes da Silva,J.Gomes,,,2398,1,2,4,47,0,0,0,9,0,0,28,330,,,,0.0,0.15,1.77,1.05,12.36,88,74,168
647,u,0.0,0.0,5.5,137,85.0,0,0.0,0,0.0,0.0,801,355.0,0,0,0.0,813.0,362.0,0,0,0.0,787.0,345.0,0.0,0.0,0.0,0,0,796,0,0.0,0.0,0.0,0.0,0.0,0.0,0.0,0.0,0.0,0.0,0.0,812.0,361.0,0.0,811.0,361.0,0.0,809.0,360.0,0.0,812.0,361.0,,,,33,,Gonçalo Manuel,Ganchinho Guedes,Guedes,Has joined Real Sociedad permanently.,,0,0,0,0,0,0,0,0,0,0,0,0,0,,,,0.0,0.0,0.0,0.0,0.0,0,0,0
648,u,0.0,0.0,5.3,192,121.0,0,0.0,-2,2.0,0.0,629,244.0,38,0,2.9,205.0,83.0,1,131,0.0,765.0,331.0,0.0,7.2,0.0,19177,0,23193,2,0.0,0.0,1.64,0.38,2.02,13.36,0.17,0.04,0.21,1.38,163.6,313.0,141.0,61.8,332.0,181.0,196.0,151.0,86.0,42.1,303.0,150.0,,,,33,,Marshall,Munetsi,Munetsi,has joined Paris FC on loan for the rest of the season.,,872,1,2,0,19,0,0,0,2,0,0,9,80,,,,0.0,0.0,1.96,0.93,8.26,21,39,20
649,u,0.0,0.0,5.0,262,159.0,0,0.0,0,0.0,0.0,820,365.0,0,0,0.0,793.0,348.0,0,0,0.0,737.0,311.0,0.0,0.0,0.0,0,0,162,0,0.0,0.0,0.0,0.0,0.0,0.0,0.0,0.0,0.0,0.0,0.0,792.0,347.0,0.0,790.0,347.0,0.0,785.0,345.0,0.0,792.0,347.0,,,,33,,Boubacar,Traoré,B.Traore,Has joined FC Metz on loan for the rest of the season.,,0,0,0,0,0,0,0,0,0,0,0,0,0,,,,0.0,0.0,0.0,0.0,0.0,0,0,0
650,u,0.0,0.0,4.3,599,353.0,0,0.0,-2,2.0,0.2,382,131.0,2,0,1.0,467.0,202.0,0,4,0.0,527.0,171.0,0.0,0.5,0.0,30885,0,49122,1,0.0,0.0,0.0,0.0,0.0,0.5,0.0,0.0,0.0,1.8,3.2,489.0,224.0,0.3,483.0,235.0,0.0,617.0,230.0,0.4,499.0,228.0,,,,33,,Tawanda,Chirewa,Chirewa,has joined Barnsley on loan for the rest of the season.,,25,0,0,0,0,0,0,0,0,0,0,0,4,,,,0.0,0.0,0.0,0.0,14.4,2,1,1
651,a,,,4.3,614,363.0,0,0.0,-2,2.0,0.4,291,102.0,7,0,3.5,115.0,52.0,0,24,0.5,255.0,119.0,0.1,1.6,0.0,67841,2,72669,9,0.0,0.0,0.23,0.0,0.23,0.2,1.88,0.0,1.88,1.64,34.4,433.0,190.0,0.4,480.0,232.0,23.0,381.0,192.0,5.8,446.0,200.0,,,,33,,Tom,Edozie,Edozie,,,11,1,0,0,0,0,0,0,0,0,0,0,1,,,,0.0,0.0,0.0,0.0,8.18,0,0,1
652,a,,,4.3,613,362.0,0,0.0,-2,2.0,1.2,176,61.0,0,0,0.0,663.0,253.0,0,0,0.0,540.0,179.0,0.0,0.0,0.0,201197,9,250759,17,-0.5,-0.5,0.0,0.0,0.0,0.0,0.0,0.0,0.0,0.0,0.0,653.0,243.0,0.0,649.0,248.0,0.0,626.0,237.0,0.0,655.0,245.0,,,,33,,Enso,González Medina,Gonzalez,,,0,0,0,0,0,0,0,0,0,0,0,0,0,,,,0.0,0.0,0.0,0.0,0.0,0,0,0
653,u,0.0,0.0,4.5,427,254.0,0,0.0,0,0.0,0.0,667,267.0,0,0,0.0,701.0,274.0,0,0,0.0,597.0,207.0,0.0,0.0,0.0,0,0,5795,0,0.0,0.0,0.0,0.0,0.0,0.0,0.0,0.0,0.0,0.0,0.0,695.0,268.0,0.0,690.0,271.0,0.0,672.0,263.0,0.0,697.0,270.0,,,,33,,Joe,Hodge,Hodge,Signed by CD Tondela,,0,0,0,0,0,0,0,0,0,0,0,0,0,,,,0.0,0.0,0.0,0.0,0.0,0,0,0
655,u,0.0,0.0,4.9,326,61.0,0,0.0,-1,1.0,0.2,400,60.0,0,0,0.0,783.0,86.0,0,0,0.0,719.0,78.0,0.0,0.0,0.0,7178,0,55462,0,0.0,0.0,0.0,0.0,0.0,0.0,0.0,0.0,0.0,0.0,0.0,782.0,86.0,0.0,778.0,85.0,0.0,774.0,85.0,0.0,782.0,86.0,,,,33,,Fábio,Soares Silva,Fábio Silva,has joined Borussia Dortmund permanently.,,0,0,0,0,0,0,0,0,0,0,0,0,0,,,,0.0,0.0,0.0,0.0,0.0,0,0,0
656,u,0.0,0.0,4.9,318,59.0,0,0.0,-1,1.0,0.0,592,81.0,1,0,1.0,494.0,59.0,0,1,0.0,714.0,77.0,0.0,0.2,0.0,1691,0,10171,0,0.0,0.0,0.0,0.01,0.01,0.1,0.0,0.06,0.06,0.64,1.0,504.0,61.0,4.3,448.0,58.0,2.0,454.0,61.0,0.7,492.0,61.0,,,,33,,Saša,Kalajdžić,Kalajdžić,has joined LASK on loan for the rest of the season.,,14,0,0,0,0,0,0,0,0,0,0,0,2,,,,0.0,0.0,0.0,0.0,12.86,0,1,1
657,a,100.0,100.0,4.4,565,81.0,0,0.0,-1,1.0,0.0,633,83.0,0,0,0.0,688.0,74.0,0,0,0.0,579.0,62.0,0.0,0.0,0.0,5597,4,7810,1,-0.5,-0.5,0.0,0.0,0.0,0.0,0.0,0.0,0.0,0.0,0.0,682.0,74.0,0.0,677.0,73.0,0.0,658.0,73.0,0.0,684.0,74.0,,,,33,,Leon,Chiwome,Chiwome,,,0,0,0,0,0,0,0,0,0,0,0,0,0,,,,0.0,0.0,0.0,0.0,0.0,0,0,0
658,a,,,4.2,643,89.0,0,0.0,-3,3.0,1.8,147,21.0,0,0,0.0,647.0,63.0,0,0,0.0,503.0,49.0,0.0,0.0,0.0,281991,26,377372,24,-0.5,-0.5,0.0,0.0,0.0,0.0,0.0,0.0,0.0,0.0,0.0,639.0,63.0,0.0,633.0,62.0,0.0,607.0,62.0,0.0,641.0,63.0,,,,33,,Nathan,Fraser,Fraser,,,0,0,0,0,0,0,0,0,0,0,0,0,0,,,,0.0,0.0,0.0,0.0,0.0,0,0,0
663,u,0.0,0.0,4.9,314,195.0,0,0.0,-6,6.0,0.1,444,150.0,45,0,2.0,342.0,148.0,2,175,0.0,710.0,292.0,0.0,9.2,0.0,20148,0,82400,0,0.0,0.0,3.38,0.62,4.0,16.0,0.27,0.05,0.32,1.29,171.0,304.0,134.0,204.0,174.0,115.0,148.0,206.0,114.0,52.1,262.0,131.0,,,,33,,Jhon,Arias,J.Arias,has joined Palmeiras permanently.,,1117,1,0,2,21,0,0,0,1,0,0,14,125,,,,0.0,0.16,1.69,1.13,10.07,43,24,58
682,a,,,4.2,638,147.0,0,0.0,-3,3.0,0.1,551,198.0,29,0,1.6,399.0,148.0,0,69,0.0,499.0,206.0,0.0,6.9,0.0,4971,0,9622,0,-0.5,-0.5,0.13,1.04,1.17,17.48,0.01,0.11,0.12,1.88,142.0,332.0,127.0,110.8,264.0,75.0,46.0,337.0,109.0,30.0,348.0,117.0,,,,33,,David,Møller Wolfe,Møller Wolfe,,,839,0,2,1,20,0,0,0,1,0,0,9,48,,,,0.0,0.11,2.15,0.97,4.61,9,34,20
695,a,,,4.4,552,119.0,0,0.0,-1,1.0,0.0,630,225.0,52,1,1.7,389.0,145.0,0,159,0.5,259.0,83.0,0.1,11.8,0.0,6939,0,6369,0,0.0,0.0,0.33,1.59,1.92,29.48,0.02,0.08,0.1,1.46,315.2,200.0,79.0,344.0,83.0,21.0,69.0,302.0,92.0,72.9,183.0,63.0,,,,33,,Jackson,Tchatchoua,Tchatchoua,,,1802,0,1,3,35,0,0,0,3,0,0,19,133,,,,0.0,0.15,1.75,0.95,5.4,29,79,62
709,a,100.0,100.0,4.5,430,88.0,0,0.0,0,0.0,0.1,536,191.0,60,1,2.3,298.0,110.0,0,203,0.5,260.0,84.0,0.1,13.3,0.0,26592,16,21701,5,0.0,0.0,2.02,1.41,3.43,36.84,0.08,0.06,0.14,1.54,478.8,100.0,44.0,127.9,245.0,65.0,223.0,128.0,22.0,83.3,150.0,51.0,,,,33,,Ladislav,Krejcí,Krejčí,,,2144,2,1,3,42,1,0,0,3,1,0,25,201,,,,0.0,0.13,1.77,1.05,7.48,27,151,69
720,a,,,5.2,211,49.0,0,0.0,-3,3.0,0.1,445,64.0,60,0,2.1,323.0,34.0,4,202,0.5,273.0,36.0,0.1,11.5,0.0,66420,28,53895,11,0.0,0.0,4.63,0.36,4.99,21.05,0.33,0.03,0.36,1.52,223.8,264.0,25.0,172.9,199.0,19.0,475.0,38.0,17.0,86.4,144.0,20.0,,,5.0,33,,Tolu,Arokodare,Tolu,,,1250,3,2,3,26,0,0,1,1,0,0,12,71,,,,0.0,0.22,1.87,0.86,5.11,6,41,24
749,a,,,4.3,622,87.0,0,0.0,-2,2.0,1.3,170,24.0,54,0,2.6,246.0,25.0,6,211,0.5,256.0,34.0,0.1,12.6,0.0,563180,134,411345,107,0.0,0.0,1.35,1.67,3.02,25.38,0.09,0.11,0.2,1.74,216.4,267.0,26.0,243.8,149.0,12.0,199.0,148.0,35.0,65.2,211.0,26.0,2.0,1.0,,33,,Mateus,Mané,Mané,,,1309,2,2,5,23,0,0,0,0,0,0,14,95,,,,0.0,0.34,1.58,0.96,6.53,16,27,52
766,a,,,4.0,728,200.0,0,0.0,0,0.0,0.0,639,228.0,0,0,0.0,630.0,240.0,0,0,0.0,474.0,186.0,0.0,0.0,0.0,3783,2,2152,1,-0.5,-0.5,0.0,0.0,0.0,0.0,0.0,0.0,0.0,0.0,0.0,621.0,240.0,0.0,613.0,240.0,0.0,583.0,237.0,0.0,623.0,240.0,,,,33,,Saheed,Olagunju,Olagunju,,,0,0,0,0,0,0,0,0,0,0,0,0,0,,,,0.0,0.0,0.0,0.0,0.0,0,0,0
767,a,,,4.5,496,306.0,0,0.0,0,0.0,0.0,765,326.0,0,0,0.0,748.0,314.0,0,0,0.0,658.0,256.0,0.0,0.0,0.0,1216,0,800,0,-0.5,-0.5,0.0,0.0,0.0,0.0,0.0,0.0,0.0,0.0,0.0,746.0,312.0,0.0,739.0,312.0,0.0,726.0,308.0,0.0,746.0,312.0,,,,33,,Luke,Rawlings,Rawlings,,,0,0,0,0,0,0,0,0,0,0,0,0,0,,,,0.0,0.0,0.0,0.0,0.0,0,0,0
777,u,0.0,0.0,4.5,454,272.0,0,0.0,0,0.0,0.0,808,358.0,0,0,0.0,717.0,289.0,0,0,0.0,619.0,224.0,0.0,0.0,0.0,415,0,361,0,0.0,0.0,0.0,0.0,0.0,0.0,0.0,0.0,0.0,0.0,0.0,712.0,284.0,0.0,707.0,286.0,0.0,691.0,279.0,0.0,713.0,285.0,,,,33,,Temple,Ojinnaka,Ojinnaka,has joined Shrewsbury Town on loan for the rest of the season.,,0,0,0,0,0,0,0,0,0,0,0,0,0,,,,0.0,0.0,0.0,0.0,0.0,0,0,0
778,a,,,4.5,488,300.0,0,0.0,0,0.0,0.0,754,321.0,0,0,0.0,741.0,309.0,0,0,0.0,650.0,250.0,0.0,0.0,0.0,1472,1,914,0,-0.5,-0.5,0.0,0.0,0.0,0.0,0.0,0.0,0.0,0.0,0.0,739.0,307.0,0.0,732.0,307.0,0.0,719.0,303.0,0.0,739.0,307.0,,,,33,,Ethan,Sutherland,Sutherland,,,0,0,0,0,0,0,0,0,0,0,0,0,0,,,,0.0,0.0,0.0,0.0,0.0,0,0,0
809,a,,,4.5,517,322.0,0,0.0,0,0.0,0.0,744,314.0,0,0,0.0,763.0,326.0,0,0,0.0,677.0,271.0,0.0,0.0,0.0,1653,1,679,2,-0.5,-0.5,0.0,0.0,0.0,0.0,0.0,0.0,0.0,0.0,0.0,762.0,325.0,0.0,755.0,325.0,0.0,743.0,322.0,0.0,762.0,325.0,,,,33,,Jerome,Abbey,Abbey,,,0,0,0,0,0,0,0,0,0,0,0,0,0,,,,0.0,0.0,0.0,0.0,0.0,0,0,0
816,a,100.0,100.0,4.7,384,239.0,0,0.0,-3,3.0,0.0,722,299.0,12,1,1.3,433.0,192.0,0,62,1.5,140.0,58.0,0.3,2.6,0.0,4759,1,3377,0,1.0,1.0,0.21,0.24,0.45,10.32,0.05,0.06,0.11,2.55,41.2,425.0,186.0,66.1,324.0,180.0,19.0,392.0,196.0,12.6,412.0,187.0,,,,33,,Angel,Gomes,Angel,,,359,0,0,1,5,0,0,0,1,0,0,6,26,,,,0.0,0.25,1.26,1.52,6.57,8,5,13
817,a,,,5.2,203,46.0,0,0.0,-3,3.0,0.1,566,78.0,23,1,2.6,255.0,28.0,0,86,1.5,141.0,19.0,0.3,4.4,0.0,19761,37,13191,4,1.0,1.0,0.81,0.63,1.44,15.46,0.11,0.09,0.2,2.11,87.8,380.0,41.0,64.0,328.0,38.0,64.0,311.0,51.0,21.5,377.0,47.0,,,,33,,Adam,Armstrong,Armstrong,,,654,1,2,3,10,0,0,0,3,0,0,9,25,,,,0.0,0.41,1.38,1.24,3.46,3,11,11
