id,first_name,second_name,web_name,status,news,news_added,now_cost,now_cost_rank,now_cost_rank_type,selected_by_percent,selected_rank,selected_rank_type,form,form_rank,form_rank_type,event_points,cost_change_event,cost_change_event_fall,cost_change_start,cost_change_start_fall,transfers_in_event,transfers_out_event,value_form,value_season,ep_next,ep_this,points_per_game,points_per_game_rank,points_per_game_rank_type,chance_of_playing_next_round,chance_of_playing_this_round,influence_rank,influence_rank_type,creativity_rank,creativity_rank_type,threat_rank,threat_rank_type,ict_index_rank,ict_index_rank_type,corners_and_indirect_freekicks_order,direct_freekicks_order,penalties_order,set_piece_threat,corners_and_indirect_freekicks_text,direct_freekicks_text,penalties_text,expected_goals_per_90,expected_assists_per_90,expected_goal_involvements_per_90,expected_goals_conceded_per_90,saves_per_90,clean_sheets_per_90,goals_conceded_per_90,starts_per_90,defensive_contribution_per_90,gw,total_points,minutes,goals_scored,assists,clean_sheets,goals_conceded,own_goals,penalties_saved,penalties_missed,yellow_cards,red_cards,saves,starts,bonus,bps,transfers_in,transfers_out,dreamteam_count,expected_goals,expected_assists,expected_goal_involvements,expected_goals_conceded,influence,creativity,threat,ict_index,tackles,clearances_blocks_interceptions,recoveries,defensive_contribution
1,David,Raya Martín,Raya,a,,,6.1,79,1.0,34.9,7,1.0,3.0,86.0,9.0,0,1,-1.0,6,-6.0,2475,653,0.5,23.1,4.0,4.0,4.1,56.0,4.0,,,102.0,17.0,383.0,3.0,821.0,96.0,270.0,17.0,,,,,,,,0.0,0.0,0.0,0.76,1.65,0.47,0.76,1.0,0.0,35,0,0,0,0,0,0,0,0,0,0,0,0,0,0,0,76913,22980,0.0,0.0,0.0,0.0,0.0,0.0,0.0,0.0,0.0,0,0,0,0
2,Kepa,Arrizabalaga Revuelta,Arrizabalaga,a,,,4.0,672,44.0,0.4,292,37.0,0.0,435.0,55.0,0,0,0.0,-5,5.0,9,3,0.0,0.0,1.0,1.0,0.0,583.0,66.0,,,572.0,66.0,563.0,53.0,532.0,39.0,574.0,66.0,,,,,,,,0.0,0.0,0.0,0.0,0.0,0.0,0.0,0.0,0.0,35,0,0,0,0,0,0,0,0,0,0,0,0,0,0,0,76,93,0.0,0.0,0.0,0.0,0.0,0.0,0.0,0.0,0.0,0,0,0,0
3,Karl,Hein,Hein,u,Has joined Werder Bremen on loan for the rest of the season.,,4.0,693,54.0,0.2,379,54.0,0.0,454.0,65.0,0,0,0.0,0,0.0,0,0,0.0,0.0,0.0,0.0,0.0,600.0,75.0,0.0,0.0,589.0,75.0,581.0,63.0,550.0,49.0,591.0,75.0,,,,,,,,0.0,0.0,0.0,0.0,0.0,0.0,0.0,0.0,0.0,35,0,0,0,0,0,0,0,0,0,0,0,0,0,0,0,0,15,0.0,0.0,0.0,0.0,0.0,0.0,0.0,0.0,0.0,0,0,0,0
4,Tommy,Setford,Setford,a,,,3.9,783,90.0,0.2,371,53.0,0.0,421.0,48.0,0,0,0.0,-1,1.0,2,1,0.0,0.0,1.0,1.0,0.0,572.0,60.0,,,561.0,60.0,549.0,44.0,517.0,30.0,563.0,60.0,,,,,,,,0.0,0.0,0.0,0.0,0.0,0.0,0.0,0.0,0.0,35,0,0,0,0,0,0,0,0,0,0,0,0,0,0,0,22,73,0.0,0.0,0.0,0.0,0.0,0.0,0.0,0.0,0.0,0,0,0,0
5,Gabriel,dos Santos Magalhães,Gabriel,a,,,7.2,32,1.0,44.5,4,1.0,3.0,87.0,35.0,0,0,0.0,12,-12.0,1791,953,0.4,25.7,4.0,4.0,6.6,2.0,1.0,100.0,100.0,23.0,8.0,256.0,70.0,137.0,25.0,98.0,25.0,,,,,,,,0.07,0.06,0.13,0.72,0.0,0.55,0.7,1.0,9.17,35,0,0,0,0,0,0,0,0,0,0,0,0,0,0,0,97245,10253,0.0,0.0,0.0,0.0,0.0,0.0,0.0,0.0,0.0,0,0,0,0
6,William,Saliba,Saliba,a,,,6.1,83,4.0,15.2,23,8.0,2.8,98.0,39.0,0,0,0.0,1,-1.0,1566,401,0.5,19.3,3.8,3.8,4.2,48.0,20.0,100.0,100.0,111.0,50.0,208.0,54.0,300.0,89.0,197.0,68.0,,,,,,,,0.03,0.03,0.06,0.72,0.0,0.46,0.77,1.04,6.6,35,0,0,0,0,0,0,0,0,0,0,0,0,0,0,0,65573,13653,0.0,0.0,0.0,0.0,0.0,0.0,0.0,0.0,0.0,0,0,0,0
7,Riccardo,Calafiori,Calafiori,a,,,5.6,132,13.0,5.8,66,22.0,0.0,804.0,265.0,0,0,0.0,1,-1.0,84,87,0.0,16.6,1.0,1.0,4.2,47.0,19.0,100.0,100.0,257.0,103.0,255.0,69.0,124.0,22.0,240.0,82.0,,,,,,,,0.18,0.03,0.21,0.56,0.0,0.68,0.5,1.12,5.91,35,0,0,0,0,0,0,0,0,0,0,0,0,0,0,0,1250,1559,0.0,0.0,0.0,0.0,0.0,0.0,0.0,0.0,0.0,0,0,0,0
8,Jurriën,Timber,J.Timber,i,Ankle injury - Unknown return date,,6.0,85,5.0,17.6,17,7.0,0.0,811.0,267.0,0,-1,1.0,5,-5.0,6,5885,0.0,24.8,0.0,0.0,5.0,15.0,4.0,0.0,0.0,106.0,48.0,72.0,14.0,79.0,7.0,71.0,13.0,,,,,,,,0.17,0.06,0.23,0.64,0.0,0.48,0.73,1.03,5.43,35,0,0,0,0,0,0,0,0,0,0,0,0,0,0,0,65,96669,0.0,0.0,0.0,0.0,0.0,0.0,0.0,0.0,0.0,0,0,0,0
9,Jakub,Kiwior,Kiwior,u,has joined Porto on loan for the rest of the season.,,5.4,167,20.0,0.0,596,212.0,0.0,789.0,262.0,0,0,0.0,-1,1.0,0,0,0.0,0.0,0.0,0.0,0.0,813.0,268.0,0.0,0.0,812.0,268.0,811.0,268.0,809.0,268.0,812.0,268.0,,,,,,,,0.0,0.0,0.0,0.0,0.0,0.0,0.0,0.0,0.0,35,0,0,0,0,0,0,0,0,0,0,0,0,0,0,0,0,1,0.0,0.0,0.0,0.0,0.0,0.0,0.0,0.0,0.0,0,0,0,0
10,Myles,Lewis-Skelly,Lewis-Skelly,a,,,5.0,270,42.0,1.4,168,66.0,0.5,303.0,101.0,0,0,0.0,-5,5.0,8,17,0.1,2.8,1.5,1.5,0.9,516.0,176.0,,,422.0,157.0,360.0,128.0,378.0,131.0,417.0,148.0,,,,,,,,0.02,0.02,0.04,1.43,0.0,0.0,1.54,0.44,4.39,35,0,0,0,0,0,0,0,0,0,0,0,0,0,0,0,97,155,0.0,0.0,0.0,0.0,0.0,0.0,0.0,0.0,0.0,0,0,0,0
11,Benjamin,White,White,a,,,5.1,227,32.0,0.5,259,98.0,2.0,149.0,57.0,0,0,0.0,-4,4.0,69,12,0.4,7.5,3.0,3.0,3.8,87.0,32.0,100.0,100.0,338.0,128.0,266.0,75.0,338.0,109.0,353.0,119.0,,,,,,,,0.07,0.08,0.15,1.27,0.0,0.61,0.92,1.07,7.47,35,0,0,0,0,0,0,0,0,0,0,0,0,0,0,0,2891,537,0.0,0.0,0.0,0.0,0.0,0.0,0.0,0.0,0.0,0,0,0,0
13,Brayden,Clarke,Clarke,a,,,3.7,827,265.0,0.4,279,105.0,0.0,366.0,125.0,0,0,0.0,-3,3.0,35,18,0.0,0.0,1.0,1.0,0.0,529.0,185.0,,,518.0,184.0,500.0,183.0,467.0,177.0,520.0,184.0,,,,,,,,0.0,0.0,0.0,0.0,0.0,0.0,0.0,0.0,0.0,35,0,0,0,0,0,0,0,0,0,0,0,0,0,0,0,547,312,0.0,0.0,0.0,0.0,0.0,0.0,0.0,0.0,0.0,0,0,0,0
14,Maldini,Kacurri,Kacurri,u,has joined Morecambe on loan for the rest of the season.,,3.9,789,231.0,0.1,498,178.0,0.0,427.0,160.0,0,0,0.0,-1,1.0,0,0,0.0,0.0,0.0,0.0,0.0,577.0,209.0,0.0,0.0,566.0,208.0,554.0,208.0,522.0,203.0,568.0,208.0,,,,,,,,0.0,0.0,0.0,0.0,0.0,0.0,0.0,0.0,0.0,35,0,0,0,0,0,0,0,0,0,0,0,0,0,0,0,0,2,0.0,0.0,0.0,0.0,0.0,0.0,0.0,0.0,0.0,0,0,0,0
15,Josh,Nichols,Nichols,a,,,3.7,825,263.0,0.2,359,130.0,0.0,364.0,123.0,0,0,0.0,-3,3.0,5,13,0.0,0.0,1.0,1.0,0.0,528.0,184.0,,,517.0,183.0,498.0,181.0,465.0,175.0,519.0,183.0,,,,,,,,0.0,0.0,0.0,0.0,0.0,0.0,0.0,0.0,0.0,35,0,0,0,0,0,0,0,0,0,0,0,0,0,0,0,95,201,0.0,0.0,0.0,0.0,0.0,0.0,0.0,0.0,0.0,0,0,0,0
16,Bukayo,Saka,Saka,a,,,9.8,6,4.0,7.5,56,19.0,0.2,359.0,168.0,0,0,0.0,-2,2.0,736,241,0.0,13.7,1.2,1.2,4.8,23.0,10.0,100.0,100.0,85.0,27.0,13.0,13.0,8.0,3.0,11.0,8.0,2.0,2.0,1.0,,,,,0.32,0.26,0.58,0.65,0.0,0.45,0.72,0.99,7.37,35,0,0,0,0,0,0,0,0,0,0,0,0,0,0,0,39716,6718,0.0,0.0,0.0,0.0,0.0,0.0,0.0,0.0,0.0,0,0,0,0
17,Martin,Ødegaard,Ødegaard,d,Knock - 75% chance of playing,,7.8,19,13.0,1.6,156,54.0,1.2,220.0,101.0,0,0,0.0,-2,2.0,8,176,0.2,8.6,1.7,1.7,3.0,205.0,83.0,75.0,75.0,231.0,98.0,40.0,37.0,200.0,110.0,126.0,71.0,4.0,,3.0,,,,,0.07,0.25,0.32,1.1,0.0,0.36,0.94,1.08,6.98,35,0,0,0,0,0,0,0,0,0,0,0,0,0,0,0,1197,2075,0.0,0.0,0.0,0.0,0.0,0.0,0.0,0.0,0.0,0,0,0,0
18,Noni,Madueke,Madueke,a,,,6.8,44,28.0,0.8,212,72.0,1.2,218.0,100.0,0,0,0.0,-2,2.0,30,59,0.2,8.7,2.2,2.2,2.6,262.0,111.0,100.0,100.0,284.0,118.0,129.0,89.0,82.0,47.0,165.0,87.0,3.0,,,,,,,0.09,0.19,0.28,1.01,0.0,0.59,0.76,1.27,5.15,35,0,0,0,0,0,0,0,0,0,0,0,0,0,0,0,1170,1149,0.0,0.0,0.0,0.0,0.0,0.0,0.0,0.0,0.0,0,0,0,0
19,Gabriel,Martinelli Silva,Martinelli,a,,,6.8,45,29.0,0.9,205,71.0,0.5,316.0,147.0,0,0,0.0,-2,2.0,23,34,0.1,7.2,1.5,1.5,1.8,388.0,164.0,100.0,100.0,310.0,136.0,210.0,136.0,77.0,44.0,216.0,104.0,,,,,,,,0.37,0.1,0.47,0.88,0.0,0.18,0.65,0.92,6.65,35,0,0,0,0,0,0,0,0,0,0,0,0,0,0,0,423,676,0.0,0.0,0.0,0.0,0.0,0.0,0.0,0.0,0.0,0,0,0,0
20,Leandro,Trossard,Trossard,a,,,6.5,48,30.0,0.8,223,78.0,0.5,315.0,146.0,0,0,0.0,-5,5.0,32,79,0.1,15.5,1.5,1.5,3.6,115.0,51.0,100.0,100.0,144.0,48.0,51.0,44.0,53.0,31.0,57.0,36.0,,,4.0,,,,,0.26,0.15,0.41,0.64,0.0,0.42,0.78,0.94,6.31,35,0,0,0,0,0,0,0,0,0,0,0,0,0,0,0,1249,1467,0.0,0.0,0.0,0.0,0.0,0.0,0.0,0.0,0.0,0,0,0,0
21,Declan,Rice,Rice,a,,,7.2,31,19.0,24.2,12,4.0,2.0,156.0,65.0,0,0,0.0,7,-7.0,1283,2704,0.3,23.8,3.0,3.0,5.2,10.0,5.0,100.0,100.0,19.0,6.0,3.0,3.0,104.0,64.0,12.0,9.0,1.0,1.0,,,,,,0.1,0.22,0.32,0.71,0.0,0.47,0.79,1.01,10.67,35,0,0,0,0,0,0,0,0,0,0,0,0,0,0,0,40505,59738,0.0,0.0,0.0,0.0,0.0,0.0,0.0,0.0,0.0,0,0,0,0
22,Mikel,Merino Zazón,Merino,i,Foot injury - Unknown return date,,5.4,159,99.0,0.8,220,76.0,0.0,784.0,345.0,0,0,0.0,-6,6.0,2,10,0.0,12.2,0.0,0.0,3.1,194.0,77.0,0.0,0.0,221.0,93.0,194.0,127.0,128.0,75.0,200.0,96.0,,,,,,,,0.27,0.13,0.4,0.6,0.0,0.36,0.81,0.9,10.03,35,0,0,0,0,0,0,0,0,0,0,0,0,0,0,0,6,176,0.0,0.0,0.0,0.0,0.0,0.0,0.0,0.0,0.0,0,0,0,0
23,Fábio,Ferreira Vieira,Fábio Vieira,u,has joined Hamburger on loan for the rest of the season.,,5.4,166,104.0,0.0,693,279.0,0.0,788.0,347.0,0,0,0.0,-1,1.0,0,0,0.0,0.0,0.0,0.0,0.0,812.0,360.0,0.0,0.0,811.0,359.0,810.0,359.0,808.0,358.0,811.0,359.0,,,,,,,,0.0,0.0,0.0,0.0,0.0,0.0,0.0,0.0,0.0,35,0,0,0,0,0,0,0,0,0,0,0,0,0,0,0,0,0,0.0,0.0,0.0,0.0,0.0,0.0,0.0,0.0,0.0,0,0,0,0
24,Christian,Nørgaard,Nørgaard,a,,,5.1,224,136.0,0.1,440,151.0,0.0,764.0,332.0,0,0,0.0,-4,4.0,2,3,0.0,1.2,1.0,1.0,1.0,502.0,230.0,100.0,100.0,460.0,204.0,485.0,234.0,433.0,208.0,473.0,213.0,,,,,,,,0.08,0.0,0.08,3.58,0.0,0.0,1.61,0.0,17.68,35,0,0,0,0,0,0,0,0,0,0,0,0,0,0,0,13,20,0.0,0.0,0.0,0.0,0.0,0.0,0.0,0.0,0.0,0,0,0,0
25,Ethan,Nwaneri,Nwaneri,u,has joined Marseille on loan for the rest of the season.,,5.0,271,165.0,0.1,460,157.0,0.0,754.0,324.0,0,0,0.0,-5,5.0,0,1,0.0,1.6,0.0,0.0,1.3,440.0,196.0,0.0,0.0,474.0,211.0,399.0,201.0,381.0,191.0,453.0,203.0,,,,,,,,0.13,0.04,0.17,0.4,0.0,0.55,0.0,0.0,7.09,35,0,0,0,0,0,0,0,0,0,0,0,0,0,0,0,0,4,0.0,0.0,0.0,0.0,0.0,0.0,0.0,0.0,0.0,0,0,0,0
26,Martín,Zubimendi Ibáñez,Zubimendi,a,,,5.0,265,161.0,3.1,108,35.0,2.8,94.0,34.0,0,0,0.0,-5,5.0,292,328,0.6,25.6,3.8,3.8,3.8,85.0,38.0,100.0,100.0,62.0,17.0,91.0,67.0,110.0,67.0,80.0,50.0,,,,,,,,0.09,0.07,0.16,0.78,0.0,0.51,0.76,1.05,9.37,35,0,0,0,0,0,0,0,0,0,0,0,0,0,0,0,7890,7642,0.0,0.0,0.0,0.0,0.0,0.0,0.0,0.0,0.0,0,0,0,0
28,Ismeal,Kabia,Kabia,u,has joined Shrewsbury Town on loan for the rest of the season.,,4.5,489,300.0,0.1,493,174.0,0.0,659.0,254.0,0,0,0.0,0,0.0,0,0,0.0,0.0,0.0,0.0,0.0,743.0,309.0,0.0,0.0,741.0,307.0,734.0,307.0,721.0,303.0,741.0,307.0,,,,,,,,0.0,0.0,0.0,0.0,0.0,0.0,0.0,0.0,0.0,35,0,0,0,0,0,0,0,0,0,0,0,0,0,0,0,0,2,0.0,0.0,0.0,0.0,0.0,0.0,0.0,0.0,0.0,0,0,0,0
29,Albert,Sambi Lokonga,Sambi,u,has joined Hamburger permanently.,,4.5,432,256.0,0.0,588,221.0,0.0,611.0,213.0,0,0,0.0,0,0.0,0,0,0.0,0.0,0.0,0.0,0.0,704.0,275.0,0.0,0.0,698.0,269.0,694.0,272.0,677.0,265.0,700.0,271.0,,,,,,,,0.0,0.0,0.0,0.0,0.0,0.0,0.0,0.0,0.0,35,0,0,0,0,0,0,0,0,0,0,0,0,0,0,0,0,3,0.0,0.0,0.0,0.0,0.0,0.0,0.0,0.0,0.0,0,0,0,0
30,Kai,Havertz,Havertz,i,Muscle injury - Unknown return date,,7.3,27,11.0,0.6,238,34.0,2.8,101.0,15.0,0,0,0.0,-2,2.0,3,819,0.4,3.2,0.0,0.0,2.6,263.0,27.0,0.0,0.0,386.0,44.0,338.0,42.0,233.0,46.0,359.0,44.0,,,,,,,,0.52,0.03,0.55,0.99,0.0,0.62,0.62,1.24,5.15,35,0,0,0,0,0,0,0,0,0,0,0,0,0,0,0,138,12741,0.0,0.0,0.0,0.0,0.0,0.0,0.0,0.0,0.0,0,0,0,0
31,Gabriel,Fernando de Jesus,G.Jesus,a,,,6.4,55,20.0,0.3,314,49.0,0.2,358.0,49.0,0,0,0.0,-1,1.0,19,33,0.0,2.8,1.2,1.2,1.5,418.0,50.0,100.0,100.0,371.0,40.0,376.0,50.0,135.0,32.0,333.0,40.0,,,,,,,,0.52,0.07,0.59,1.01,0.0,0.0,1.7,0.57,7.36,35,0,0,0,0,0,0,0,0,0,0,0,0,0,0,0,282,317,0.0,0.0,0.0,0.0,0.0,0.0,0.0,0.0,0.0,0,0,0,0
266,Eberechi,Eze,Eze,a,,,7.3,28,17.0,8.8,45,16.0,2.2,137.0,55.0,0,1,-1.0,-2,2.0,957,200,0.3,14.1,3.2,3.2,3.6,118.0,54.0,100.0,100.0,178.0,69.0,145.0,97.0,71.0,43.0,111.0,65.0,,,,,,,,0.22,0.14,0.36,0.68,0.0,0.44,0.71,1.03,5.87,35,0,0,0,0,0,0,0,0,0,0,0,0,0,0,0,83677,7800,0.0,0.0,0.0,0.0,0.0,0.0,0.0,0.0,0.0,0,0,0,0
662,Cristhian,Mosquera,Mosquera,a,,,5.3,197,25.0,0.2,398,149.0,0.2,349.0,118.0,0,0,0.0,-2,2.0,30,18,0.0,5.5,1.2,1.2,1.8,387.0,142.0,100.0,100.0,321.0,124.0,352.0,124.0,405.0,149.0,378.0,130.0,,,,,,,,0.01,0.06,0.07,0.82,0.0,0.24,0.84,0.84,9.19,35,0,0,0,0,0,0,0,0,0,0,0,0,0,0,0,374,244,0.0,0.0,0.0,0.0,0.0,0.0,0.0,0.0,0.0,0,0,0,0
666,Viktor,Gyökeres,Gyökeres,a,,,8.8,9,5.0,12.1,32,8.0,1.8,177.0,22.0,0,0,0.0,-2,2.0,1216,1487,0.2,12.3,2.8,2.8,3.4,145.0,12.0,100.0,100.0,133.0,14.0,171.0,14.0,24.0,14.0,60.0,14.0,,,2.0,,,,,0.45,0.08,0.53,0.69,0.0,0.44,0.57,1.06,3.31,35,0,0,0,0,0,0,0,0,0,0,0,0,0,0,0,25162,20827,0.0,0.0,0.0,0.0,0.0,0.0,0.0,0.0,0.0,0,0,0,0
700,Max,Dowman,Dowman,a,,,4.2,651,373.0,0.8,217,74.0,0.2,323.0,149.0,0,0,0.0,-3,3.0,279,157,0.0,2.9,1.2,1.2,3.0,201.0,80.0,100.0,100.0,430.0,187.0,374.0,190.0,331.0,173.0,406.0,184.0,,,,,,,,1.26,0.16,1.42,0.76,0.0,0.0,1.14,0.0,7.97,35,0,0,0,0,0,0,0,0,0,0,0,0,0,0,0,4189,2519,0.0,0.0,0.0,0.0,0.0,0.0,0.0,0.0,0.0,0,0,0,0
711,Andre,Harriman-Annous,Harriman-Annous,a,,,4.4,575,345.0,0.0,707,287.0,0.0,594.0,206.0,0,0,0.0,-1,1.0,0,0,0.0,0.0,1.0,1.0,0.0,693.0,269.0,,,687.0,263.0,682.0,266.0,663.0,258.0,689.0,265.0,,,,,,,,0.0,0.0,0.0,0.0,0.0,0.0,0.0,0.0,0.0,35,0,0,0,0,0,0,0,0,0,0,0,0,0,0,0,4,5,0.0,0.0,0.0,0.0,0.0,0.0,0.0,0.0,0.0,0,0,0,0
725,Piero,Hincapié,Hincapie,a,,,5.1,235,36.0,1.0,195,75.0,2.5,109.0,41.0,0,0,0.0,-4,4.0,376,64,0.5,16.5,3.5,3.5,3.7,100.0,39.0,100.0,100.0,141.0,62.0,201.0,52.0,325.0,102.0,223.0,78.0,,,,,,,,0.02,0.09,0.11,0.89,0.0,0.27,0.96,1.02,8.84,35,0,0,0,0,0,0,0,0,0,0,0,0,0,0,0,17884,3351,0.0,0.0,0.0,0.0,0.0,0.0,0.0,0.0,0.0,0,0,0,0
759,Marli,Salmon,Salmon,a,,,4.0,738,205.0,0.0,671,236.0,0.0,496.0,201.0,0,0,0.0,0,0.0,2,1,0.0,0.0,1.0,1.0,0.0,636.0,243.0,,,626.0,243.0,619.0,243.0,589.0,240.0,628.0,243.0,,,,,,,,0.0,0.0,0.0,0.0,0.0,0.0,0.0,0.0,0.0,35,0,0,0,0,0,0,0,0,0,0,0,0,0,0,0,9,14,0.0,0.0,0.0,0.0,0.0,0.0,0.0,0.0,0.0,0,0,0,0
32,Emiliano,Martínez Romero,Martinez,a,,,5.1,223,6.0,4.7,81,15.0,1.2,210.0,16.0,0,0,0.0,1,-1.0,404,292,0.2,21.6,1.7,1.2,3.8,86.0,10.0,100.0,100.0,42.0,11.0,418.0,5.0,799.0,91.0,217.0,11.0,,,,,,,,0.0,0.0,0.0,1.36,2.98,0.25,1.16,1.02,0.0,35,0,0,0,0,0,0,0,0,0,0,0,0,0,0,0,5068,10086,0.0,0.0,0.0,0.0,0.0,0.0,0.0,0.0,0.0,0,0,0,0
33,Marco,Bizot,M.Bizot,a,,,4.2,628,29.0,0.4,295,39.0,0.8,254.0,19.0,0,0,0.0,-3,3.0,7,5,0.2,3.3,1.3,0.8,2.3,298.0,29.0,100.0,100.0,362.0,27.0,630.0,80.0,602.0,66.0,419.0,27.0,,,,,,,,0.0,0.0,0.0,1.76,3.09,0.18,1.64,0.91,0.0,35,0,0,0,0,0,0,0,0,0,0,0,0,0,0,0,64,139,0.0,0.0,0.0,0.0,0.0,0.0,0.0,0.0,0.0,0,0,0,0
34,Joe,Gauci,Gauci,u,Has joined Port Vale on loan for the rest of the season.,,4.0,692,53.0,0.1,508,75.0,0.0,453.0,64.0,0,0,0.0,0,0.0,0,0,0.0,0.0,0.0,0.0,0.0,599.0,74.0,0.0,0.0,588.0,74.0,580.0,62.0,549.0,48.0,590.0,74.0,,,,,,,,0.0,0.0,0.0,0.0,0.0,0.0,0.0,0.0,0.0,35,0,0,0,0,0,0,0,0,0,0,0,0,0,0,0,0,10,0.0,0.0,0.0,0.0,0.0,0.0,0.0,0.0,0.0,0,0,0,0
35,Filip,Marschall,Marschall,u,Has joined Stevenage permanently.,,4.0,691,52.0,0.0,757,88.0,0.0,452.0,63.0,0,0,0.0,0,0.0,0,0,0.0,0.0,0.0,0.0,0.0,598.0,73.0,0.0,0.0,587.0,73.0,579.0,61.0,548.0,47.0,589.0,73.0,,,,,,,,0.0,0.0,0.0,0.0,0.0,0.0,0.0,0.0,0.0,35,0,0,0,0,0,0,0,0,0,0,0,0,0,0,0,0,3,0.0,0.0,0.0,0.0,0.0,0.0,0.0,0.0,0.0,0,0,0,0
36,Matty,Cash,Cash,a,,,4.7,382,64.0,8.2,49,16.0,1.0,229.0,79.0,0,0,0.0,2,-2.0,340,547,0.2,23.4,1.5,1.0,3.5,125.0,45.0,100.0,100.0,65.0,30.0,57.0,9.0,150.0,30.0,74.0,15.0,3.0,,,,,,,0.04,0.09,0.13,1.37,0.0,0.27,1.06,1.03,5.61,35,0,0,0,0,0,0,0,0,0,0,0,0,0,0,0,5754,21015,0.0,0.0,0.0,0.0,0.0,0.0,0.0,0.0,0.0,0,0,0,0
37,Lucas,Digne,Digne,a,,,4.5,410,74.0,1.6,158,61.0,1.8,160.0,61.0,0,0,0.0,0,0.0,77,79,0.4,20.4,2.3,1.8,3.2,167.0,67.0,100.0,100.0,182.0,75.0,67.0,13.0,244.0,64.0,146.0,48.0,2.0,2.0,,,,,,0.03,0.16,0.19,1.36,0.0,0.36,1.09,1.04,5.44,35,0,0,0,0,0,0,0,0,0,0,0,0,0,0,0,1081,1951,0.0,0.0,0.0,0.0,0.0,0.0,0.0,0.0,0.0,0,0,0,0
38,Ezri,Konsa Ngoyo,Konsa,a,,,4.4,531,106.0,7.7,53,17.0,0.8,259.0,87.0,0,0,0.0,-1,1.0,131,352,0.2,22.3,1.3,0.8,3.1,184.0,73.0,100.0,100.0,69.0,33.0,278.0,83.0,248.0,66.0,172.0,57.0,,,,,,,,0.04,0.02,0.06,1.44,0.0,0.28,1.26,1.01,5.86,35,0,0,0,0,0,0,0,0,0,0,0,0,0,0,0,2243,12609,0.0,0.0,0.0,0.0,0.0,0.0,0.0,0.0,0.0,0,0,0,0
39,Ian,Maatsen,Maatsen,a,,,4.2,637,145.0,0.6,255,96.0,1.5,179.0,66.0,0,0,0.0,-3,3.0,7,45,0.4,11.0,2.0,1.5,1.8,367.0,135.0,,,235.0,93.0,108.0,28.0,153.0,32.0,167.0,55.0,,,,,,,,0.08,0.15,0.23,1.51,0.0,0.14,1.42,0.95,6.96,35,0,0,0,0,0,0,0,0,0,0,0,0,0,0,0,126,924,0.0,0.0,0.0,0.0,0.0,0.0,0.0,0.0,0.0,0,0,0,0
40,Tyrone,Mings,Mings,a,,,4.3,580,126.0,0.6,239,91.0,0.2,324.0,107.0,0,0,0.0,-2,2.0,11,25,0.0,10.5,0.7,0.2,3.2,165.0,66.0,100.0,100.0,266.0,109.0,319.0,107.0,277.0,79.0,320.0,108.0,,,,,,,,0.09,0.03,0.12,1.65,0.0,0.26,1.54,1.03,7.36,35,0,0,0,0,0,0,0,0,0,0,0,0,0,0,0,112,727,0.0,0.0,0.0,0.0,0.0,0.0,0.0,0.0,0.0,0,0,0,0
41,Pau,Torres,Pau,a,,,4.3,587,131.0,0.3,323,118.0,0.8,256.0,84.0,0,0,0.0,-2,2.0,9,10,0.2,13.7,1.3,0.8,3.1,183.0,72.0,100.0,100.0,222.0,87.0,364.0,130.0,332.0,106.0,317.0,106.0,,,,,,,,0.04,0.02,0.06,1.22,0.0,0.29,0.98,0.98,6.03,35,0,0,0,0,0,0,0,0,0,0,0,0,0,0,0,133,257,0.0,0.0,0.0,0.0,0.0,0.0,0.0,0.0,0.0,0,0,0,0
42,Andrés,García,A.García,a,,,3.9,790,232.0,0.2,373,137.0,0.2,320.0,105.0,0,0,0.0,-1,1.0,2,5,0.1,1.0,0.7,0.2,0.8,517.0,177.0,100.0,100.0,491.0,175.0,459.0,166.0,523.0,204.0,499.0,174.0,,,,,,,,0.0,0.02,0.02,3.67,0.0,0.0,4.74,0.0,2.37,35,0,0,0,0,0,0,0,0,0,0,0,0,0,0,0,40,95,0.0,0.0,0.0,0.0,0.0,0.0,0.0,0.0,0.0,0,0,0,0
43,Álex,Moreno Lopera,Alex Moreno,u,Has joined Girona permanently.,,4.0,669,162.0,1.6,159,62.0,0.0,432.0,162.0,0,0,0.0,0,0.0,0,11,0.0,0.0,0.0,0.0,0.0,582.0,211.0,0.0,0.0,571.0,210.0,561.0,210.0,530.0,206.0,573.0,210.0,,,,,,,,0.0,0.0,0.0,0.0,0.0,0.0,0.0,0.0,0.0,35,0,0,0,0,0,0,0,0,0,0,0,0,0,0,0,0,219,0.0,0.0,0.0,0.0,0.0,0.0,0.0,0.0,0.0,0,0,0,0
44,Lamare,Bogarde,Bogarde,a,,,4.0,712,184.0,0.5,262,100.0,0.5,285.0,93.0,0,0,0.0,0,0.0,24,24,0.1,9.0,1.0,0.5,1.4,422.0,152.0,100.0,100.0,366.0,139.0,346.0,120.0,400.0,145.0,393.0,139.0,,,,,,,,0.0,0.02,0.02,1.34,0.0,0.21,1.45,0.93,5.17,35,0,0,0,0,0,0,0,0,0,0,0,0,0,0,0,326,372,0.0,0.0,0.0,0.0,0.0,0.0,0.0,0.0,0.0,0,0,0,0
45,Lino,da Cruz Sousa,Sousa,u,has joined Rotherham on loan for the rest of the season.,,3.8,808,247.0,0.2,354,129.0,0.0,381.0,137.0,0,0,0.0,-2,2.0,0,8,0.0,0.0,0.0,0.0,0.0,539.0,193.0,0.0,0.0,528.0,192.0,511.0,191.0,478.0,185.0,530.0,192.0,,,,,,,,0.0,0.0,0.0,0.0,0.0,0.0,0.0,0.0,0.0,35,0,0,0,0,0,0,0,0,0,0,0,0,0,0,0,0,97,0.0,0.0,0.0,0.0,0.0,0.0,0.0,0.0,0.0,0,0,0,0
46,Yasin,Özcan,Yasin,u,has joined Anderlecht on loan for the rest of the season.,,4.0,728,196.0,0.1,467,173.0,0.0,486.0,192.0,0,0,0.0,0,0.0,0,1,0.0,0.0,0.0,0.0,0.0,627.0,235.0,0.0,0.0,617.0,235.0,610.0,235.0,580.0,232.0,619.0,235.0,,,,,,,,0.0,0.0,0.0,0.0,0.0,0.0,0.0,0.0,0.0,35,0,0,0,0,0,0,0,0,0,0,0,0,0,0,0,0,4,0.0,0.0,0.0,0.0,0.0,0.0,0.0,0.0,0.0,0,0,0,0
47,Morgan,Rogers,Rogers,a,,,7.5,22,15.0,25.0,11,3.0,4.0,45.0,13.0,0,0,0.0,5,-5.0,1489,2638,0.5,20.5,4.5,4.0,4.5,33.0,14.0,100.0,100.0,47.0,12.0,25.0,24.0,7.0,2.0,9.0,6.0,,1.0,,,,,,0.2,0.12,0.32,1.42,0.0,0.27,1.26,1.02,6.13,35,0,0,0,0,0,0,0,0,0,0,0,0,0,0,0,70614,65031,0.0,0.0,0.0,0.0,0.0,0.0,0.0,0.0,0.0,0,0,0,0
48,Youri,Tielemans,Tielemans,a,,,5.9,90,58.0,0.7,235,82.0,1.5,193.0,87.0,0,0,0.0,-1,1.0,31,21,0.3,10.0,2.0,1.5,2.8,227.0,91.0,100.0,100.0,176.0,67.0,56.0,47.0,203.0,112.0,122.0,70.0,5.0,,,,,,,0.06,0.16,0.22,1.56,0.0,0.23,1.26,1.03,9.85,35,0,0,0,0,0,0,0,0,0,0,0,0,0,0,0,595,482,0.0,0.0,0.0,0.0,0.0,0.0,0.0,0.0,0.0,0,0,0,0
49,Leon,Bailey,Bailey,a,,,5.5,140,87.0,0.1,468,162.0,0.2,351.0,162.0,0,0,0.0,0,0.0,2,9,0.0,2.5,0.7,0.2,1.4,429.0,188.0,100.0,100.0,416.0,181.0,258.0,159.0,329.0,172.0,375.0,177.0,4.0,,,,,,,0.08,0.31,0.39,1.42,0.0,0.0,2.06,0.51,9.0,35,0,0,0,0,0,0,0,0,0,0,0,0,0,0,0,63,88,0.0,0.0,0.0,0.0,0.0,0.0,0.0,0.0,0.0,0,0,0,0
50,Emiliano,Buendía Stati,Buendía,a,,,5.3,184,116.0,0.4,299,104.0,1.0,239.0,108.0,0,0,0.0,-2,2.0,17,27,0.2,16.4,1.5,1.0,2.7,241.0,96.0,100.0,100.0,192.0,75.0,99.0,70.0,88.0,51.0,116.0,68.0,,6.0,2.0,,,,,0.18,0.11,0.29,1.46,0.0,0.17,1.27,1.1,9.82,35,0,0,0,0,0,0,0,0,0,0,0,0,0,0,0,281,899,0.0,0.0,0.0,0.0,0.0,0.0,0.0,0.0,0.0,0,0,0,0
51,Samuel,Iling-Junior,Iling Jr,u,has joined Pisa on loan for the rest of the season.,,5.5,146,92.0,0.0,695,280.0,0.0,799.0,355.0,0,0,0.0,0,0.0,0,0,0.0,0.0,0.0,0.0,0.0,818.0,365.0,0.0,0.0,817.0,364.0,816.0,364.0,814.0,363.0,817.0,364.0,,,,,,,,0.0,0.0,0.0,0.0,0.0,0.0,0.0,0.0,0.0,35,0,0,0,0,0,0,0,0,0,0,0,0,0,0,0,0,1,0.0,0.0,0.0,0.0,0.0,0.0,0.0,0.0,0.0,0,0,0,0
53,Donyell,Malen,Malen,u,has joined Roma on loan for the rest of the season.,,5.1,228,138.0,0.4,290,101.0,0.0,765.0,333.0,0,0,0.0,-4,4.0,0,6,0.0,10.8,0.0,0.0,2.6,258.0,108.0,0.0,0.0,305.0,132.0,290.0,171.0,103.0,63.0,260.0,129.0,,,,,,,,0.57,0.05,0.62,1.49,0.0,0.14,1.41,0.7,2.25,35,0,0,0,0,0,0,0,0,0,0,0,0,0,0,0,0,36,0.0,0.0,0.0,0.0,0.0,0.0,0.0,0.0,0.0,0,0,0,0
54,John,McGinn,McGinn,a,,,5.3,182,114.0,0.7,227,79.0,2.0,151.0,61.0,0,0,0.0,-2,2.0,88,84,0.4,17.2,2.5,2.0,3.4,143.0,61.0,100.0,100.0,161.0,57.0,34.0,31.0,126.0,73.0,84.0,51.0,,,,,,,,0.12,0.16,0.28,1.39,0.0,0.37,1.15,1.19,6.39,35,0,0,0,0,0,0,0,0,0,0,0,0,0,0,0,1664,2468,0.0,0.0,0.0,0.0,0.0,0.0,0.0,0.0,0.0,0,0,0,0
55,Ross,Barkley,Barkley,a,,,4.8,347,217.0,0.1,504,183.0,1.2,204.0,92.0,0,0,0.0,-2,2.0,11,18,0.3,8.3,1.7,1.2,2.4,282.0,117.0,100.0,100.0,324.0,145.0,267.0,164.0,238.0,130.0,314.0,154.0,,,,,,,,0.13,0.18,0.31,1.32,0.0,0.16,1.31,0.65,9.31,35,0,0,0,0,0,0,0,0,0,0,0,0,0,0,0,110,460,0.0,0.0,0.0,0.0,0.0,0.0,0.0,0.0,0.0,0,0,0,0
56,Enzo,Barrenechea,Barrenechea,u,Season-long loan to Benfica,,5.0,268,163.0,0.0,830,373.0,0.0,753.0,323.0,0,0,0.0,0,0.0,0,0,0.0,0.0,0.0,0.0,0.0,800.0,352.0,0.0,0.0,799.0,351.0,797.0,351.0,792.0,349.0,799.0,351.0,,,,,,,,0.0,0.0,0.0,0.0,0.0,0.0,0.0,0.0,0.0,35,0,0,0,0,0,0,0,0,0,0,0,0,0,0,0,0,0,0.0,0.0,0.0,0.0,0.0,0.0,0.0,0.0,0.0,0,0,0,0
57,Lewis,Dobbin,Dobbin,u,Has joined Preston North End on loan for the rest of the season.,,5.0,261,159.0,0.0,669,268.0,0.0,749.0,320.0,0,0,0.0,0,0.0,0,0,0.0,0.0,0.0,0.0,0.0,796.0,349.0,0.0,0.0,795.0,348.0,793.0,348.0,788.0,346.0,795.0,348.0,,,,,,,,0.0,0.0,0.0,0.0,0.0,0.0,0.0,0.0,0.0,35,0,0,0,0,0,0,0,0,0,0,0,0,0,0,0,0,0,0.0,0.0,0.0,0.0,0.0,0.0,0.0,0.0,0.0,0,0,0,0
58,Boubacar,Kamara,Kamara,i,Knee injury - Expected back 01 Jun,,4.9,311,193.0,0.2,399,134.0,0.0,722.0,299.0,0,0,0.0,-1,1.0,0,1,0.0,12.4,0.0,0.0,3.4,140.0,59.0,0.0,0.0,203.0,85.0,163.0,109.0,303.0,161.0,231.0,112.0,,,,,,,,0.03,0.05,0.08,1.33,0.0,0.32,0.96,1.09,9.51,35,0,0,0,0,0,0,0,0,0,0,0,0,0,0,0,5,63,0.0,0.0,0.0,0.0,0.0,0.0,0.0,0.0,0.0,0,0,0,0
59,Amadou,Onana,Onana,i,Knock - Unknown return date,,4.8,363,225.0,0.7,233,81.0,1.0,232.0,105.0,0,0,0.0,-2,2.0,1,127,0.2,15.6,0.0,0.0,3.1,187.0,72.0,0.0,0.0,154.0,53.0,229.0,146.0,184.0,102.0,194.0,94.0,,,,,,,,0.09,0.04,0.13,1.47,0.0,0.31,1.35,1.09,11.24,35,0,0,0,0,0,0,0,0,0,0,0,0,0,0,0,19,1557,0.0,0.0,0.0,0.0,0.0,0.0,0.0,0.0,0.0,0,0,0,0
60,Ben,Broggio,Broggio,u,has joined Falkirk on loan for the rest of the season.,,4.4,568,341.0,0.2,356,121.0,0.0,587.0,202.0,0,0,0.0,-1,1.0,0,2,0.0,0.0,0.0,0.0,0.0,689.0,267.0,0.0,0.0,683.0,261.0,678.0,264.0,659.0,256.0,685.0,263.0,,,,,,,,0.0,0.0,0.0,0.0,0.0,0.0,0.0,0.0,0.0,35,0,0,0,0,0,0,0,0,0,0,0,0,0,0,0,0,39,0.0,0.0,0.0,0.0,0.0,0.0,0.0,0.0,0.0,0,0,0,0
61,Leander,Dendoncker,Dendoncker,u,Has joined Real Oviedo permanently.,,4.5,413,250.0,0.1,544,201.0,0.0,598.0,207.0,0,0,0.0,0,0.0,0,0,0.0,0.0,0.0,0.0,0.0,696.0,270.0,0.0,0.0,690.0,264.0,685.0,267.0,666.0,259.0,692.0,266.0,,,,,,,,0.0,0.0,0.0,0.0,0.0,0.0,0.0,0.0,0.0,35,0,0,0,0,0,0,0,0,0,0,0,0,0,0,0,0,9,0.0,0.0,0.0,0.0,0.0,0.0,0.0,0.0,0.0,0,0,0,0
62,Jamaldeen,Jimoh-Aloba,Jimoh-Aloba,u,has joined West Brom on loan for the rest of the season.,,4.5,473,288.0,0.1,573,214.0,0.0,643.0,242.0,0,0,0.0,0,0.0,0,0,0.0,0.2,0.0,0.0,1.0,486.0,218.0,0.0,0.0,513.0,233.0,488.0,237.0,708.0,293.0,515.0,235.0,,,,,,,,0.0,0.0,0.0,6.86,0.0,0.0,0.0,0.0,11.25,35,0,0,0,0,0,0,0,0,0,0,0,0,0,0,0,0,8,0.0,0.0,0.0,0.0,0.0,0.0,0.0,0.0,0.0,0,0,0,0
63,Kadan,Young,Young,u,has joined Reading on loan for the rest of the season.,,4.3,608,357.0,0.5,272,94.0,0.0,545.0,177.0,0,0,0.0,-2,2.0,0,12,0.0,0.0,0.0,0.0,0.0,660.0,248.0,0.0,0.0,650.0,238.0,646.0,243.0,623.0,232.0,652.0,240.0,,,,,,,,0.0,0.0,0.0,0.0,0.0,0.0,0.0,0.0,0.0,35,0,0,0,0,0,0,0,0,0,0,0,0,0,0,0,0,246,0.0,0.0,0.0,0.0,0.0,0.0,0.0,0.0,0.0,0,0,0,0
64,Ollie,Watkins,Watkins,a,,,8.8,8,4.0,15.5,21,5.0,5.0,17.0,3.0,0,0,0.0,-2,2.0,2439,2932,0.6,14.7,5.5,5.0,3.9,79.0,7.0,100.0,100.0,91.0,8.0,124.0,8.0,4.0,4.0,24.0,5.0,,,3.0,,,,,0.44,0.04,0.48,1.38,0.0,0.32,1.17,1.07,3.16,35,0,0,0,0,0,0,0,0,0,0,0,0,0,0,0,48813,77781,0.0,0.0,0.0,0.0,0.0,0.0,0.0,0.0,0.0,0,0,0,0
65,Zépiqueno,Redmond,Redmond,u,has joined Huddersfield Town on loan for the rest of the season.,,4.5,486,68.0,0.3,333,54.0,0.0,656.0,68.0,0,0,0.0,0,0.0,0,2,0.0,0.0,0.0,0.0,0.0,741.0,79.0,0.0,0.0,738.0,79.0,732.0,78.0,719.0,78.0,739.0,79.0,,,,,,,,0.0,0.0,0.0,0.0,0.0,0.0,0.0,0.0,0.0,35,0,0,0,0,0,0,0,0,0,0,0,0,0,0,0,0,14,0.0,0.0,0.0,0.0,0.0,0.0,0.0,0.0,0.0,0,0,0,0
389,Harvey,Elliott,Elliott,a,,,5.1,234,141.0,0.2,401,135.0,0.0,767.0,335.0,0,0,0.0,-4,4.0,4,3,0.0,1.0,0.5,0.0,1.0,504.0,232.0,100.0,100.0,467.0,206.0,387.0,195.0,368.0,189.0,439.0,198.0,,,,,,,,0.24,0.07,0.31,1.42,0.0,0.0,1.64,0.82,4.91,35,0,0,0,0,0,0,0,0,0,0,0,0,0,0,0,33,29,0.0,0.0,0.0,0.0,0.0,0.0,0.0,0.0,0.0,0,0,0,0
456,Jadon,Sancho,Sancho,a,,,5.8,107,69.0,0.2,367,124.0,0.5,312.0,143.0,0,0,0.0,-2,2.0,7,10,0.1,5.9,1.0,0.5,1.6,406.0,173.0,100.0,100.0,354.0,159.0,135.0,91.0,168.0,93.0,246.0,121.0,6.0,,,,,,,0.07,0.21,0.28,1.49,0.0,0.23,0.81,0.93,4.51,35,0,0,0,0,0,0,0,0,0,0,0,0,0,0,0,65,114,0.0,0.0,0.0,0.0,0.0,0.0,0.0,0.0,0.0,0,0,0,0
688,James,Wright,Wright,a,,,3.9,773,84.0,0.6,252,34.0,0.0,412.0,43.0,0,0,0.0,-1,1.0,5,5,0.0,0.0,0.5,0.0,0.0,564.0,55.0,,,553.0,55.0,540.0,38.0,508.0,24.0,555.0,55.0,,,,,,,,0.0,0.0,0.0,0.0,0.0,0.0,0.0,0.0,0.0,35,0,0,0,0,0,0,0,0,0,0,0,0,0,0,0,26,149,0.0,0.0,0.0,0.0,0.0,0.0,0.0,0.0,0.0,0,0,0,0
699,Douglas Luiz,Soares de Paulo,Douglas Luiz,a,,,4.9,313,194.0,0.1,516,187.0,0.2,342.0,157.0,0,0,0.0,-1,1.0,6,8,0.0,6.3,0.7,0.2,1.7,398.0,170.0,100.0,100.0,308.0,135.0,128.0,88.0,291.0,157.0,263.0,131.0,1.0,,,,,,,0.05,0.15,0.2,1.26,0.0,0.11,1.41,1.19,10.08,35,0,0,0,0,0,0,0,0,0,0,0,0,0,0,0,54,256,0.0,0.0,0.0,0.0,0.0,0.0,0.0,0.0,0.0,0,0,0,0
701,Triston,Rowe,Rowe,u,has joined Annecy on loan for the rest of the season.,,4.0,725,193.0,0.1,546,192.0,0.0,483.0,189.0,0,0,0.0,0,0.0,0,2,0.0,0.0,0.0,0.0,0.0,624.0,232.0,0.0,0.0,614.0,232.0,607.0,232.0,577.0,229.0,616.0,232.0,,,,,,,,0.0,0.0,0.0,0.0,0.0,0.0,0.0,0.0,0.0,35,0,0,0,0,0,0,0,0,0,0,0,0,0,0,0,0,3,0.0,0.0,0.0,0.0,0.0,0.0,0.0,0.0,0.0,0,0,0,0
702,Bradley,Burrowes,Burrowes,a,,,4.3,624,371.0,0.1,499,179.0,0.0,558.0,188.0,0,0,0.0,-2,2.0,30,9,0.0,0.2,0.5,0.0,1.0,475.0,208.0,,,661.0,248.0,487.0,236.0,634.0,242.0,663.0,250.0,,,,,,,,0.0,0.0,0.0,5.06,0.0,0.0,5.62,0.0,5.62,35,0,0,0,0,0,0,0,0,0,0,0,0,0,0,0,505,145,0.0,0.0,0.0,0.0,0.0,0.0,0.0,0.0,0.0,0,0,0,0
703,Sam,Proctor,Proctor,a,,,3.9,784,91.0,0.6,248,33.0,0.0,422.0,49.0,0,0,0.0,-1,1.0,2,18,0.0,0.0,0.5,0.0,0.0,573.0,61.0,,,562.0,61.0,550.0,45.0,518.0,31.0,564.0,61.0,,,,,,,,0.0,0.0,0.0,0.0,0.0,0.0,0.0,0.0,0.0,35,0,0,0,0,0,0,0,0,0,0,0,0,0,0,0,40,253,0.0,0.0,0.0,0.0,0.0,0.0,0.0,0.0,0.0,0,0,0,0
710,Travis,Patterson,Patterson,a,,,3.9,781,227.0,0.2,388,143.0,0.0,419.0,156.0,0,0,0.0,-1,1.0,1,4,0.0,0.0,0.5,0.0,0.0,570.0,206.0,,,559.0,205.0,547.0,205.0,515.0,200.0,561.0,205.0,,,,,,,,0.0,0.0,0.0,0.0,0.0,0.0,0.0,0.0,0.0,35,0,0,0,0,0,0,0,0,0,0,0,0,0,0,0,13,65,0.0,0.0,0.0,0.0,0.0,0.0,0.0,0.0,0.0,0,0,0,0
719,Victor,Lindelöf,Lindelöf,a,,,4.5,418,79.0,0.1,484,175.0,0.5,293.0,99.0,0,0,0.0,0,0.0,4,3,0.1,5.3,1.0,0.5,1.8,371.0,138.0,100.0,100.0,348.0,132.0,389.0,140.0,387.0,136.0,394.0,140.0,,,,,,,,0.04,0.01,0.05,1.62,0.0,0.14,1.36,0.95,5.17,35,0,0,0,0,0,0,0,0,0,0,0,0,0,0,0,32,60,0.0,0.0,0.0,0.0,0.0,0.0,0.0,0.0,0.0,0,0,0,0
754,George,Hemmings,George Hemmings,a,,,4.5,487,298.0,0.0,750,318.0,0.0,657.0,252.0,0,0,0.0,0,0.0,0,1,0.0,0.4,0.5,0.0,1.0,490.0,221.0,,,739.0,305.0,469.0,225.0,453.0,222.0,507.0,231.0,,,,,,,,0.14,0.04,0.18,2.2,0.0,0.0,0.0,0.0,3.6,35,0,0,0,0,0,0,0,0,0,0,0,0,0,0,0,17,6,0.0,0.0,0.0,0.0,0.0,0.0,0.0,0.0,0.0,0,0,0,0
757,Ronnie,Hollingshead,Hollingshead,a,,,4.0,714,63.0,0.0,702,83.0,0.0,472.0,74.0,0,0,0.0,0,0.0,1,2,0.0,0.0,0.5,0.0,0.0,614.0,83.0,,,604.0,83.0,597.0,72.0,566.0,58.0,606.0,83.0,,,,,,,,0.0,0.0,0.0,0.0,0.0,0.0,0.0,0.0,0.0,35,0,0,0,0,0,0,0,0,0,0,0,0,0,0,0,12,15,0.0,0.0,0.0,0.0,0.0,0.0,0.0,0.0,0.0,0,0,0,0
768,Leon,Routh,Leon Routh,a,,,4.0,747,214.0,0.0,688,243.0,0.0,504.0,209.0,0,0,0.0,0,0.0,0,0,0.0,0.0,0.5,0.0,0.0,642.0,249.0,,,632.0,249.0,625.0,249.0,596.0,247.0,634.0,249.0,,,,,,,,0.0,0.0,0.0,0.0,0.0,0.0,0.0,0.0,0.0,35,0,0,0,0,0,0,0,0,0,0,0,0,0,0,0,4,6,0.0,0.0,0.0,0.0,0.0,0.0,0.0,0.0,0.0,0,0,0,0
781,TJ,Carroll,Carroll,a,,,4.0,740,207.0,0.0,701,248.0,0.0,498.0,203.0,0,0,0.0,0,0.0,1,0,0.0,0.0,0.5,0.0,0.0,637.0,244.0,,,627.0,244.0,620.0,244.0,590.0,241.0,629.0,244.0,,,,,,,,0.0,0.0,0.0,0.0,0.0,0.0,0.0,0.0,0.0,35,0,0,0,0,0,0,0,0,0,0,0,0,0,0,0,12,6,0.0,0.0,0.0,0.0,0.0,0.0,0.0,0.0,0.0,0,0,0,0
792,Alysson Edward Franco,da Rocha dos Santos,Alysson,a,,,5.0,283,175.0,0.0,785,342.0,0.0,763.0,331.0,0,0,0.0,0,0.0,0,0,0.0,0.6,0.5,0.0,1.0,501.0,229.0,100.0,100.0,493.0,225.0,457.0,219.0,421.0,206.0,484.0,220.0,,,,,,,,0.1,0.1,0.2,3.58,0.0,0.0,3.83,0.0,7.66,35,0,0,0,0,0,0,0,0,0,0,0,0,0,0,0,7,2,0.0,0.0,0.0,0.0,0.0,0.0,0.0,0.0,0.0,0,0,0,0
808,Tammy,Abraham,Abraham,a,,,5.8,105,30.0,0.2,387,60.0,1.8,172.0,21.0,0,0,0.0,-2,2.0,26,54,0.3,3.8,2.3,1.8,2.0,349.0,39.0,,,389.0,45.0,361.0,46.0,232.0,45.0,370.0,46.0,,,,,,,,0.84,0.15,0.99,1.71,0.0,0.0,2.47,0.41,4.52,35,0,0,0,0,0,0,0,0,0,0,0,0,0,0,0,229,1076,0.0,0.0,0.0,0.0,0.0,0.0,0.0,0.0,0.0,0,0,0,0
183,Max,Weiß,Weiss,a,,,4.2,644,35.0,0.1,455,66.0,0.0,520.0,84.0,0,0,0.0,-3,3.0,3,1,0.0,0.0,-0.5,-0.5,0.0,649.0,92.0,,,640.0,92.0,634.0,83.0,609.0,72.0,642.0,92.0,,,,,,,,0.0,0.0,0.0,0.0,0.0,0.0,0.0,0.0,0.0,35,0,0,0,0,0,0,0,0,0,0,0,0,0,0,0,22,42,0.0,0.0,0.0,0.0,0.0,0.0,0.0,0.0,0.0,0,0,0,0
184,Etienne,Green,Green,u,has joined FC Fredericia permanently.,,4.0,698,57.0,0.2,409,58.0,0.0,459.0,68.0,0,0,0.0,0,0.0,0,0,0.0,0.0,0.0,0.0,0.0,604.0,78.0,0.0,0.0,593.0,78.0,585.0,66.0,554.0,52.0,595.0,78.0,,,,,,,,0.0,0.0,0.0,0.0,0.0,0.0,0.0,0.0,0.0,35,0,0,0,0,0,0,0,0,0,0,0,0,0,0,0,0,31,0.0,0.0,0.0,0.0,0.0,0.0,0.0,0.0,0.0,0,0,0,0
185,Václav,Hladký,Hladký,a,,,3.9,748,68.0,0.2,417,59.0,0.0,393.0,29.0,0,0,0.0,-1,1.0,0,3,0.0,0.0,-0.5,-0.5,0.0,548.0,42.0,,,537.0,42.0,521.0,22.0,489.0,8.0,539.0,42.0,,,,,,,,0.0,0.0,0.0,0.0,0.0,0.0,0.0,0.0,0.0,35,0,0,0,0,0,0,0,0,0,0,0,0,0,0,0,13,104,0.0,0.0,0.0,0.0,0.0,0.0,0.0,0.0,0.0,0,0,0,0
186,Connor,Roberts,Roberts,i,Achilles injury - Unknown return date,,4.3,583,128.0,0.0,659,233.0,0.0,530.0,223.0,0,0,0.0,-2,2.0,1,1,0.0,0.0,0.0,0.0,0.0,655.0,253.0,0.0,0.0,645.0,253.0,640.0,253.0,615.0,252.0,647.0,253.0,,,,,,,,0.0,0.0,0.0,0.0,0.0,0.0,0.0,0.0,0.0,35,0,0,0,0,0,0,0,0,0,0,0,0,0,0,0,6,7,0.0,0.0,0.0,0.0,0.0,0.0,0.0,0.0,0.0,0,0,0,0
187,Kyle,Walker,Walker,a,,,4.4,524,100.0,1.1,188,73.0,0.8,258.0,86.0,1,0,0.0,-1,1.0,12,36,0.2,14.8,0.3,0.3,2.0,342.0,125.0,100.0,100.0,122.0,55.0,176.0,44.0,376.0,129.0,209.0,72.0,,,,,,,,0.0,0.04,0.04,2.0,0.0,0.13,1.98,1.02,6.31,35,1,90,0,0,0,3,0,0,0,0,0,0,1,0,3,205,511,0.0,0.03,0.15999999999999992,0.19000000000000017,1.6799999999999997,17.19999999999999,16.700000000000017,2.0,3.5999999999999943,2,5,3,7
188,Hannes,Delcroix,Delcroix,u,has joined Lugano permanently.,,3.8,799,239.0,0.2,384,141.0,0.0,374.0,131.0,0,0,0.0,-2,2.0,0,5,0.0,0.0,0.0,0.0,0.0,535.0,189.0,0.0,0.0,524.0,188.0,506.0,187.0,473.0,181.0,526.0,188.0,,,,,,,,0.0,0.0,0.0,0.0,0.0,0.0,0.0,0.0,0.0,35,0,0,0,0,0,0,0,0,0,0,0,0,0,0,0,0,115,0.0,0.0,0.0,0.0,0.0,0.0,0.0,0.0,0.0,0,0,0,0
189,Owen,Dodgson,Dodgson,u,Has joined Stockport County on loan for the rest of the season.,,4.0,690,174.0,0.0,733,254.0,0.0,451.0,172.0,0,0,0.0,0,0.0,0,0,0.0,0.0,0.0,0.0,0.0,597.0,219.0,0.0,0.0,586.0,218.0,578.0,218.0,547.0,214.0,588.0,218.0,,,,,,,,0.0,0.0,0.0,0.0,0.0,0.0,0.0,0.0,0.0,35,0,0,0,0,0,0,0,0,0,0,0,0,0,0,0,0,0,0.0,0.0,0.0,0.0,0.0,0.0,0.0,0.0,0.0,0,0,0,0
190,Hjalmar,Ekdal,Ekdal,a,,,3.8,805,245.0,0.7,228,87.0,2.0,138.0,51.0,3,0,0.0,-2,2.0,42,26,0.5,13.7,1.5,1.5,2.7,230.0,89.0,,,181.0,74.0,345.0,119.0,289.0,85.0,276.0,88.0,,,,,,,,0.01,0.02,0.03,1.82,0.0,0.12,1.99,0.99,10.18,35,3,90,0,0,0,3,0,0,0,0,0,0,1,0,14,339,635,0.0,0.0,0.010000000000000009,0.009999999999999898,1.6799999999999997,30.19999999999999,11.299999999999997,0.0,4.200000000000003,3,12,9,15
191,Maxime,Estève,Estève,a,,,3.9,772,223.0,6.9,59,19.0,2.8,89.0,36.0,3,0,0.0,-1,1.0,66,246,0.7,20.5,2.3,2.3,2.5,265.0,100.0,100.0,100.0,39.0,15.0,298.0,95.0,275.0,78.0,150.0,52.0,,,,,,,,0.02,0.02,0.04,2.1,0.0,0.1,2.18,1.04,10.17,35,3,90,0,0,0,3,0,0,0,0,0,0,1,0,6,1368,11425,0.0,0.0,0.0,0.0,1.6799999999999997,25.799999999999955,0.5,2.0,2.799999999999997,1,11,5,12
192,Quilindschy,Hartman,Hartman,a,,,4.0,703,180.0,0.6,253,95.0,2.5,103.0,40.0,1,0,0.0,0,0.0,15,34,0.6,15.8,2.0,2.0,3.0,200.0,78.0,,,148.0,64.0,134.0,36.0,294.0,86.0,176.0,58.0,,,,,,,,0.02,0.1,0.12,2.11,0.0,0.15,1.97,1.04,7.55,35,1,64,0,0,0,3,0,0,0,0,0,0,1,0,226,393,822,0.0,0.0,0.0,0.0,1.2299999999999969,12.599999999999966,3.1000000000000227,0.0,1.5999999999999943,2,5,2,7
193,Bashir,Humphreys,Humphreys,a,,,3.9,768,221.0,0.1,451,170.0,1.0,222.0,75.0,0,0,0.0,-1,1.0,1,8,0.3,11.3,0.5,0.5,2.4,280.0,106.0,100.0,100.0,189.0,77.0,249.0,66.0,273.0,77.0,251.0,84.0,,,,,,,,0.02,0.04,0.06,2.02,0.0,0.12,1.95,0.98,8.29,35,0,75,0,0,0,3,0,0,0,1,0,0,1,0,3,42,215,0.0,0.030000000000000027,0.010000000000000009,0.040000000000000036,1.4799999999999969,16.80000000000001,1.799999999999983,19.0,3.799999999999997,1,8,4,9
194,Jordan,Beyer,Jordan,i,Hamstring injury - Unknown return date,,3.9,764,218.0,0.1,571,203.0,0.0,406.0,150.0,0,0,0.0,-1,1.0,2,2,0.0,0.0,0.0,0.0,0.0,558.0,201.0,0.0,0.0,547.0,200.0,534.0,200.0,502.0,195.0,549.0,200.0,,,,,,,,0.0,0.0,0.0,0.0,0.0,0.0,0.0,0.0,0.0,35,0,0,0,0,0,0,0,0,0,0,0,0,0,0,0,14,21,0.0,0.0,0.0,0.0,0.0,0.0,0.0,0.0,0.0,0,0,0,0
195,Lucas,Pires Silva,Lucas Pires,a,,,3.8,816,255.0,0.3,347,126.0,0.5,282.0,91.0,1,0,0.0,-2,2.0,4,8,0.1,5.5,0.0,0.0,1.2,444.0,158.0,100.0,100.0,301.0,116.0,159.0,41.0,318.0,99.0,285.0,92.0,,,,,,,,0.03,0.1,0.13,1.86,0.0,0.08,2.06,0.95,5.95,35,1,25,0,0,0,0,0,0,0,0,0,0,0,0,5,24,305,0.0,0.0,0.010000000000000009,0.010000000000000009,0.4499999999999993,5.800000000000011,15.399999999999977,2.0,2.299999999999997,0,0,3,0
196,Shurandy,Sambo,Sambo,u,has joined Sparta Rotterdam on loan for the rest of the season.,,4.0,688,172.0,0.0,617,220.0,0.0,449.0,170.0,0,0,0.0,0,0.0,0,0,0.0,0.0,0.0,0.0,0.0,596.0,218.0,0.0,0.0,585.0,217.0,577.0,217.0,546.0,213.0,587.0,217.0,,,,,,,,0.0,0.0,0.0,0.0,0.0,0.0,0.0,0.0,0.0,35,0,0,0,0,0,0,0,0,0,0,0,0,0,0,0,0,3,0.0,0.0,0.0,0.0,0.0,0.0,0.0,0.0,0.0,0,0,0,0
197,Oliver,Sonne,Sonne,u,has joined Sparta Prague on loan for the rest of the season.,,3.8,811,250.0,0.2,400,150.0,0.0,384.0,140.0,0,0,0.0,-2,2.0,0,8,0.0,3.4,0.0,0.0,1.9,352.0,129.0,0.0,0.0,425.0,158.0,407.0,149.0,370.0,124.0,427.0,154.0,,,,,,,,0.3,0.04,0.34,2.08,0.0,0.0,2.2,0.55,3.84,35,0,0,0,0,0,0,0,0,0,0,0,0,0,0,0,0,183,0.0,0.0,0.0,0.0,0.0,0.0,0.0,0.0,0.0,0,0,0,0
198,Axel,Tuanzebe,Tuanzebe,a,,,3.9,759,216.0,0.9,207,82.0,0.0,402.0,149.0,0,0,0.0,-1,1.0,3,13,0.0,6.9,-0.5,-0.5,2.5,264.0,99.0,100.0,100.0,272.0,110.0,438.0,155.0,334.0,107.0,358.0,122.0,,,,,,,,0.06,0.01,0.07,2.41,0.0,0.1,2.13,1.06,9.38,35,0,0,0,0,0,0,0,0,0,0,0,0,0,0,0,43,366,0.0,0.0,0.0,0.0,0.0,0.0,0.0,0.0,0.0,0,0,0,0
199,Joe,Worrall,Worrall,a,,,3.8,796,236.0,0.2,380,138.0,0.0,372.0,129.0,0,0,0.0,-2,2.0,3,20,0.0,5.3,-0.5,-0.5,1.8,364.0,132.0,100.0,100.0,334.0,127.0,470.0,171.0,392.0,139.0,397.0,141.0,,,,,,,,0.01,0.0,0.01,2.12,0.0,0.0,2.0,0.91,13.79,35,0,0,0,0,0,0,0,0,0,0,0,0,0,0,0,25,254,0.0,0.0,0.0,0.0,0.0,0.0,0.0,0.0,0.0,0,0,0,0
200,Jaidon,Anthony,Anthony,a,,,5.0,260,158.0,1.9,146,48.0,2.8,93.0,33.0,5,0,0.0,-5,5.0,31,143,0.6,23.2,2.3,2.3,3.4,141.0,60.0,100.0,100.0,87.0,29.0,44.0,40.0,31.0,15.0,31.0,24.0,2.0,,,,,,,0.16,0.1,0.26,2.0,0.0,0.15,2.02,1.06,7.92,35,5,90,0,1,0,3,0,0,0,0,0,0,1,0,19,826,3120,0.0,0.08999999999999986,0.09999999999999964,0.1900000000000004,1.6799999999999997,19.799999999999955,18.100000000000023,15.0,5.299999999999983,2,0,4,6
201,Manuel,Benson Hedilazio,Benson,u,has joined Maccabi Haifa permanently.,,5.4,157,97.0,0.0,719,297.0,0.0,783.0,344.0,0,0,0.0,-1,1.0,0,0,0.0,0.0,0.0,0.0,0.0,809.0,358.0,0.0,0.0,808.0,357.0,807.0,357.0,805.0,356.0,808.0,357.0,,,,,,,,0.0,0.0,0.0,0.0,0.0,0.0,0.0,0.0,0.0,35,0,0,0,0,0,0,0,0,0,0,0,0,0,0,0,0,0,0.0,0.0,0.0,0.0,0.0,0.0,0.0,0.0,0.0,0,0,0,0
202,Jacob,Bruun Larsen,Bruun Larsen,a,,,5.2,203,125.0,0.0,623,240.0,0.5,304.0,141.0,0,0,0.0,-3,3.0,0,3,0.1,7.3,0.0,0.0,1.5,414.0,179.0,100.0,100.0,369.0,165.0,192.0,125.0,237.0,129.0,301.0,149.0,,2.0,3.0,,,,,0.12,0.1,0.22,2.08,0.0,0.27,2.62,0.9,5.68,35,0,0,0,0,0,0,0,0,0,0,0,0,0,0,0,20,17,0.0,0.0,0.0,0.0,0.0,0.0,0.0,0.0,0.0,0,0,0,0
203,Enock,Agyei,Boateng,a,,,4.7,394,245.0,0.0,593,223.0,0.0,702.0,284.0,0,0,0.0,-3,3.0,3,1,0.0,0.0,-0.5,-0.5,0.0,773.0,332.0,,,772.0,331.0,767.0,331.0,758.0,328.0,772.0,331.0,,,,,,,,0.0,0.0,0.0,0.0,0.0,0.0,0.0,0.0,0.0,35,0,0,0,0,0,0,0,0,0,0,0,0,0,0,0,26,15,0.0,0.0,0.0,0.0,0.0,0.0,0.0,0.0,0.0,0,0,0,0
204,Darko,Churlinov,Churlinov,u,has joined Kocaelispor  permanently.,,4.9,317,197.0,0.0,732,305.0,0.0,725.0,302.0,0,0,0.0,-1,1.0,0,0,0.0,0.0,0.0,0.0,0.0,782.0,338.0,0.0,0.0,781.0,337.0,777.0,337.0,773.0,335.0,781.0,337.0,,,,,,,,0.0,0.0,0.0,0.0,0.0,0.0,0.0,0.0,0.0,35,0,0,0,0,0,0,0,0,0,0,0,0,0,0,0,0,0,0.0,0.0,0.0,0.0,0.0,0.0,0.0,0.0,0.0,0,0,0,0
205,Josh,Cullen,Cullen,i,Knee injury - Expected back 30 Sep,,4.9,296,183.0,0.8,214,73.0,0.0,715.0,295.0,0,0,0.0,-1,1.0,0,5,0.0,14.3,0.0,0.0,3.9,72.0,32.0,0.0,0.0,194.0,77.0,174.0,116.0,274.0,149.0,226.0,109.0,,,,,,,,0.06,0.08,0.14,1.93,0.0,0.18,1.73,1.07,10.29,35,0,0,0,0,0,0,0,0,0,0,0,0,0,0,0,6,209,0.0,0.0,0.0,0.0,0.0,0.0,0.0,0.0,0.0,0,0,0,0
206,Marcus,Edwards,Edwards,a,,,4.7,380,237.0,0.1,492,173.0,1.2,202.0,90.0,0,0,0.0,-3,3.0,7,7,0.3,10.6,0.7,0.7,2.3,303.0,128.0,100.0,100.0,312.0,137.0,154.0,103.0,145.0,83.0,229.0,111.0,,3.0,,,,,,0.13,0.15,0.28,2.08,0.0,0.09,1.55,0.95,5.7,35,0,0,0,0,0,0,0,0,0,0,0,0,0,0,0,72,177,0.0,0.0,0.0,0.0,0.0,0.0,0.0,0.0,0.0,0,0,0,0
207,Hannibal,Mejbri,Hannibal,a,,,4.7,389,241.0,0.1,441,152.0,0.0,701.0,283.0,0,0,0.0,-3,3.0,0,18,0.0,11.1,-0.5,-0.2,2.2,316.0,135.0,100.0,50.0,286.0,120.0,164.0,110.0,287.0,154.0,271.0,137.0,,,,,,,,0.05,0.12,0.17,2.15,0.0,0.18,2.04,1.06,8.5,35,0,36,0,0,0,1,0,0,0,1,0,0,0,0,3,4,303,0.0,0.05999999999999994,0.020000000000000018,0.08000000000000007,0.8099999999999987,1.799999999999983,2.3999999999999773,2.0,0.6000000000000014,0,0,1,1
208,Luca,Koleosho,Koleosho,u,has joined Paris FC on loan for the rest of the season.,,5.0,267,162.0,0.0,744,314.0,0.0,752.0,322.0,0,0,0.0,0,0.0,0,0,0.0,0.0,0.0,0.0,0.0,799.0,351.0,0.0,0.0,798.0,350.0,796.0,350.0,791.0,348.0,798.0,350.0,,,,,,,,0.0,0.0,0.0,0.0,0.0,0.0,0.0,0.0,0.0,35,0,0,0,0,0,0,0,0,0,0,0,0,0,0,0,0,1,0.0,0.0,0.0,0.0,0.0,0.0,0.0,0.0,0.0,0,0,0,0
209,Josh,Laurent,Laurent,a,,,4.8,348,218.0,0.0,619,238.0,1.0,231.0,104.0,1,0,0.0,-2,2.0,1,1,0.2,11.2,0.5,0.5,1.7,397.0,169.0,100.0,100.0,230.0,97.0,196.0,128.0,259.0,142.0,257.0,126.0,,,,,,,,0.05,0.03,0.08,2.04,0.0,0.1,2.14,0.94,9.36,35,1,53,0,0,0,2,0,0,0,0,0,0,1,0,1,71,26,0.0,0.020000000000000018,0.0,0.020000000000000018,0.8700000000000045,0.0,0.29999999999998295,3.0,0.19999999999999574,0,0,2,2
210,Loum,Tchaouna,Tchaouna,a,,,4.8,365,227.0,0.0,633,244.0,2.2,123.0,45.0,6,0,0.0,-2,2.0,2,3,0.5,10.0,1.7,1.7,1.8,375.0,158.0,,,333.0,149.0,215.0,139.0,226.0,123.0,300.0,148.0,,4.0,,,,,,0.1,0.07,0.17,1.84,0.0,0.18,1.78,0.98,4.53,35,6,90,1,0,0,3,0,0,0,1,0,0,1,0,26,19,17,0.0,0.19999999999999996,0.06000000000000005,0.26,1.6799999999999997,42.19999999999999,25.30000000000001,21.0,8.899999999999999,1,0,0,1
211,Aaron,Ramsey,A.Ramsey,u,has joined Leicester City on loan for the rest of the season.,,4.4,546,326.0,1.4,167,58.0,0.0,570.0,189.0,0,0,0.0,-1,1.0,0,8,0.0,0.0,0.0,0.0,0.0,676.0,258.0,0.0,0.0,667.0,249.0,663.0,253.0,642.0,243.0,669.0,251.0,,,,,,,,0.0,0.0,0.0,0.0,0.0,0.0,0.0,0.0,0.0,35,0,0,0,0,0,0,0,0,0,0,0,0,0,0,0,0,159,0.0,0.0,0.0,0.0,0.0,0.0,0.0,0.0,0.0,0,0,0,0
212,Oluwaseun,Adewumi,Adewumi,u,Has joined Cercle Brugge on loan for the rest of the season.,,4.5,482,294.0,0.0,771,330.0,0.0,652.0,248.0,0,0,0.0,0,0.0,0,0,0.0,0.0,0.0,0.0,0.0,739.0,306.0,0.0,0.0,736.0,303.0,730.0,304.0,716.0,299.0,737.0,304.0,,,,,,,,0.0,0.0,0.0,0.0,0.0,0.0,0.0,0.0,0.0,35,0,0,0,0,0,0,0,0,0,0,0,0,0,0,0,0,0,0.0,0.0,0.0,0.0,0.0,0.0,0.0,0.0,0.0,0,0,0,0
213,Jaydon,Banel,Banel,u,has joined Derby County on loan for the rest of the season.,,4.5,467,284.0,0.0,627,241.0,0.0,638.0,238.0,0,0,0.0,0,0.0,0,0,0.0,0.2,0.0,0.0,1.0,484.0,216.0,0.0,0.0,724.0,294.0,482.0,231.0,703.0,289.0,725.0,295.0,,,,,,,,0.0,0.0,0.0,0.5,0.0,0.0,0.0,0.0,0.0,35,0,0,0,0,0,0,0,0,0,0,0,0,0,0,0,0,6,0.0,0.0,0.0,0.0,0.0,0.0,0.0,0.0,0.0,0,0,0,0
214,Mike,Trésor Ndayishimiye,Trésor,a,,,4.3,589,348.0,0.1,540,199.0,0.5,288.0,134.0,0,0,0.0,-2,2.0,31,4,0.1,1.4,0.0,0.0,1.0,468.0,203.0,100.0,100.0,477.0,214.0,412.0,204.0,448.0,219.0,472.0,212.0,,,,,,,,0.0,0.0,0.0,4.01,0.0,0.0,4.86,0.0,12.16,35,0,0,0,0,0,0,0,0,0,0,0,0,0,0,0,552,134,0.0,0.0,0.0,0.0,0.0,0.0,0.0,0.0,0.0,0,0,0,0
215,Zian,Flemming,Flemming,a,,,5.3,188,44.0,0.3,303,46.0,3.2,74.0,12.0,2,0,0.0,-2,2.0,37,77,0.6,15.8,2.7,2.7,3.2,176.0,16.0,100.0,100.0,162.0,15.0,237.0,26.0,46.0,18.0,118.0,18.0,,5.0,1.0,,,,,0.41,0.02,0.43,1.94,0.0,0.18,1.85,1.07,5.06,35,2,75,0,0,0,3,0,0,0,0,0,0,1,0,7,829,1114,0.0,0.0,0.03999999999999998,0.040000000000000036,1.4799999999999969,6.199999999999989,10.300000000000011,4.0,2.1000000000000085,0,2,1,3
216,Zeki,Amdouni,Amdouni,a,,,4.8,368,63.0,0.0,677,86.0,0.2,338.0,45.0,1,0,0.0,-2,2.0,2,2,0.0,0.2,-0.3,-0.1,1.0,495.0,59.0,100.0,50.0,503.0,58.0,478.0,60.0,437.0,60.0,496.0,61.0,,,,,,,,0.45,0.06,0.51,1.29,0.0,0.0,0.0,0.0,0.0,35,1,14,0,0,0,0,0,0,0,0,0,0,0,0,4,8,12,0.0,0.07,0.01,0.08,0.2,1.4,0.9,5.0,0.7,0,0,0,0
217,Lyle,Foster,Foster,a,,,4.9,321,60.0,0.8,221,31.0,0.5,299.0,39.0,0,0,0.0,-1,1.0,12,14,0.1,11.6,0.0,0.0,2.3,305.0,33.0,100.0,100.0,276.0,27.0,232.0,25.0,119.0,30.0,242.0,30.0,,,,,,,,0.22,0.02,0.24,1.86,0.0,0.27,2.01,1.01,5.64,35,0,0,0,0,0,0,0,0,0,0,0,0,0,0,0,132,381,0.0,0.0,0.0,0.0,0.0,0.0,0.0,0.0,0.0,0,0,0,0
218,Ashley,Barnes,Barnes,a,,,4.2,625,88.0,1.3,176,27.0,0.0,511.0,50.0,0,0,0.0,-3,3.0,22,75,0.0,1.2,-0.5,-0.5,1.0,466.0,56.0,,,512.0,63.0,479.0,61.0,423.0,57.0,490.0,58.0,,,2.0,,,,,0.28,0.0,0.28,5.32,0.0,0.0,7.71,0.0,5.14,35,0,0,0,0,0,0,0,0,0,0,0,0,0,0,0,327,1350,0.0,0.0,0.0,0.0,0.0,0.0,0.0,0.0,0.0,0,0,0,0
219,Michael,Obafemi,Obafemi,u,has joined Blackpool on loan for the rest of the season.,,4.4,534,76.0,0.1,471,67.0,0.0,565.0,58.0,0,0,0.0,-1,1.0,0,1,0.0,0.0,0.0,0.0,0.0,673.0,69.0,0.0,0.0,664.0,69.0,660.0,68.0,639.0,68.0,666.0,69.0,,,,,,,,0.0,0.0,0.0,0.0,0.0,0.0,0.0,0.0,0.0,35,0,0,0,0,0,0,0,0,0,0,0,0,0,0,0,0,14,0.0,0.0,0.0,0.0,0.0,0.0,0.0,0.0,0.0,0,0,0,0
470,Martin,Dúbravka,Dúbravka,a,,,4.0,667,41.0,27.0,10,2.0,2.0,139.0,14.0,2,0,0.0,0,0.0,187,1548,0.5,24.0,1.5,1.5,2.7,231.0,26.0,100.0,100.0,5.0,1.0,559.0,50.0,528.0,36.0,125.0,1.0,,,,,,,,0.0,0.0,0.0,2.04,3.63,0.11,2.03,1.0,0.0,35,2,90,0,0,0,3,0,0,0,0,0,5,1,0,11,3901,70906,0.0,0.0,0.0,0.0,1.6799999999999926,35.40000000000009,0.0,0.0,3.5,0,0,9,0
614,James,Ward-Prowse,Ward-Prowse,a,,,5.6,122,76.0,0.2,378,129.0,3.0,85.0,31.0,2,0,0.0,-4,4.0,5,25,0.5,6.6,2.5,2.5,2.5,276.0,114.0,100.0,100.0,289.0,121.0,87.0,64.0,389.0,195.0,248.0,122.0,1.0,1.0,,,,,,0.02,0.14,0.16,1.92,0.0,0.17,2.29,1.02,8.9,35,2,64,0,0,0,3,0,0,0,0,0,0,1,0,16,311,192,0.0,0.03,0.010000000000000009,0.040000000000000036,1.2300000000000004,10.400000000000006,4.300000000000011,7.0,2.200000000000003,0,2,2,4
676,Lesley,Ugochukwu,Ugochukwu,a,,,5.0,273,167.0,0.1,478,168.0,1.0,236.0,107.0,0,0,0.0,0,0.0,2,9,0.2,17.6,0.5,0.5,2.8,224.0,89.0,100.0,100.0,175.0,66.0,230.0,147.0,164.0,92.0,208.0,100.0,,,,,,,,0.1,0.01,0.11,2.08,0.0,0.13,2.01,1.02,8.2,35,0,0,0,0,0,0,0,0,0,0,0,0,0,0,0,140,182,0.0,0.0,0.0,0.0,0.0,0.0,0.0,0.0,0.0,0,0,0,0
680,Armando,Broja,Broja,a,,,5.2,211,48.0,0.1,424,62.0,1.0,238.0,32.0,1,0,0.0,-3,3.0,3,2,0.2,8.3,0.5,0.5,1.8,383.0,44.0,100.0,100.0,377.0,42.0,313.0,37.0,158.0,36.0,324.0,37.0,,,,,,,,0.23,0.02,0.25,2.5,0.0,0.11,2.88,0.85,4.7,35,1,14,0,0,0,0,0,0,0,0,0,0,0,0,3,35,84,0.0,0.0,0.07999999999999999,0.08000000000000007,0.1999999999999993,0.20000000000000284,10.800000000000011,2.0,1.2999999999999972,0,0,1,1
722,Florentino Ibrain,Morris Luís,Florentino,a,,,5.0,250,151.0,0.0,616,236.0,1.5,186.0,82.0,1,0,0.0,0,0.0,0,4,0.3,14.4,1.0,1.0,2.6,257.0,107.0,,,185.0,73.0,190.0,123.0,342.0,178.0,244.0,120.0,,,,,,,,0.03,0.02,0.05,2.03,0.0,0.1,2.0,1.07,13.25,35,1,25,0,0,0,0,0,0,0,0,0,0,0,0,8,54,37,0.0,0.0,0.010000000000000009,0.010000000000000009,0.45000000000000284,6.199999999999989,2.799999999999983,0.0,0.8999999999999986,2,0,1,3
776,Oliver,Pimlott,Pimlott,a,,,4.5,514,319.0,0.0,791,345.0,0.0,683.0,272.0,0,0,0.0,0,0.0,1,1,0.0,0.0,-0.5,-0.5,0.0,763.0,324.0,,,762.0,323.0,755.0,323.0,742.0,319.0,762.0,323.0,,,,,,,,0.0,0.0,0.0,0.0,0.0,0.0,0.0,0.0,0.0,35,0,0,0,0,0,0,0,0,0,0,0,0,0,0,0,12,3,0.0,0.0,0.0,0.0,0.0,0.0,0.0,0.0,0.0,0,0,0,0
784,George,Brierley,Brierley,a,,,4.5,522,325.0,0.0,799,351.0,0.0,690.0,278.0,0,0,0.0,0,0.0,0,0,0.0,0.0,-0.5,-0.5,0.0,769.0,329.0,,,768.0,328.0,761.0,328.0,749.0,325.0,768.0,328.0,,,,,,,,0.0,0.0,0.0,0.0,0.0,0.0,0.0,0.0,0.0,35,0,0,0,0,0,0,0,0,0,0,0,0,0,0,0,5,4,0.0,0.0,0.0,0.0,0.0,0.0,0.0,0.0,0.0,0,0,0,0
820,Kian,McMahon-Brown,McMahon-Brown,a,,,4.5,513,318.0,0.0,815,361.0,0.0,682.0,271.0,0,0,0.0,0,0.0,1,2,0.0,0.0,-0.5,-0.5,0.0,762.0,323.0,,,761.0,322.0,754.0,322.0,741.0,318.0,761.0,322.0,,,,,,,,0.0,0.0,0.0,0.0,0.0,0.0,0.0,0.0,0.0,35,0,0,0,0,0,0,0,0,0,0,0,0,0,0,0,8,6,0.0,0.0,0.0,0.0,0.0,0.0,0.0,0.0,0.0,0,0,0,0
66,Norberto,Murara Neto,Neto,u,Has joined Botafogo permanently.,,4.5,408,22.0,0.1,575,78.0,0.0,596.0,89.0,0,0,0.0,0,0.0,0,0,0.0,0.0,0.0,0.0,0.0,695.0,94.0,0.0,0.0,689.0,94.0,684.0,87.0,665.0,77.0,691.0,94.0,,,,,,,,0.0,0.0,0.0,0.0,0.0,0.0,0.0,0.0,0.0,35,0,0,0,0,0,0,0,0,0,0,0,0,0,0,0,0,3,0.0,0.0,0.0,0.0,0.0,0.0,0.0,0.0,0.0,0,0,0,0
67,Đorđe,Petrović,Petrović,a,,,4.6,400,20.0,5.2,75,12.0,1.0,228.0,18.0,0,0,0.0,1,-1.0,72,472,0.2,23.0,1.0,1.0,3.1,186.0,21.0,,,25.0,7.0,762.0,89.0,751.0,81.0,188.0,7.0,,,,,,,,0.0,0.0,0.0,1.5,2.94,0.26,1.53,1.0,0.0,35,0,0,0,0,0,0,0,0,0,0,0,0,0,0,0,2060,10972,0.0,0.0,0.0,0.0,0.0,0.0,0.0,0.0,0.0,0,0,0,0
68,Will,Dennis,Dennis,u,has joined Leyton Orient on loan for the rest of the season.,,4.0,687,51.0,0.7,229,30.0,0.0,448.0,62.0,0,0,0.0,0,0.0,0,6,0.0,0.0,0.0,0.0,0.0,595.0,72.0,0.0,0.0,584.0,72.0,576.0,60.0,545.0,46.0,586.0,72.0,,,,,,,,0.0,0.0,0.0,0.0,0.0,0.0,0.0,0.0,0.0,35,0,0,0,0,0,0,0,0,0,0,0,0,0,0,0,0,207,0.0,0.0,0.0,0.0,0.0,0.0,0.0,0.0,0.0,0,0,0,0
69,Callan,McKenna,McKenna,a,,,3.9,786,92.0,0.2,358,51.0,0.0,424.0,50.0,0,0,0.0,-1,1.0,4,12,0.0,0.0,0.0,0.0,0.0,575.0,62.0,,,564.0,62.0,552.0,46.0,520.0,32.0,566.0,62.0,,,,,,,,0.0,0.0,0.0,0.0,0.0,0.0,0.0,0.0,0.0,35,0,0,0,0,0,0,0,0,0,0,0,0,0,0,0,54,125,0.0,0.0,0.0,0.0,0.0,0.0,0.0,0.0,0.0,0,0,0,0
70,Alex,Paulsen,Paulsen,u,Has joined Lechia Gdansk on loan for the rest of the season.,,4.0,704,59.0,0.1,578,79.0,0.0,464.0,70.0,0,0,0.0,0,0.0,0,0,0.0,0.0,0.0,0.0,0.0,609.0,80.0,0.0,0.0,598.0,80.0,590.0,68.0,559.0,54.0,600.0,80.0,,,,,,,,0.0,0.0,0.0,0.0,0.0,0.0,0.0,0.0,0.0,35,0,0,0,0,0,0,0,0,0,0,0,0,0,0,0,0,15,0.0,0.0,0.0,0.0,0.0,0.0,0.0,0.0,0.0,0,0,0,0
71,Illia,Zabarnyi,Zabarnyi,u,Has joined Paris Saint-Germain permanently.,,5.0,264,41.0,0.0,674,237.0,0.0,751.0,256.0,0,0,0.0,0,0.0,0,0,0.0,0.0,0.0,0.0,0.0,798.0,265.0,0.0,0.0,797.0,265.0,795.0,265.0,790.0,265.0,797.0,265.0,,,,,,,,0.0,0.0,0.0,0.0,0.0,0.0,0.0,0.0,0.0,35,0,0,0,0,0,0,0,0,0,0,0,0,0,0,0,0,0,0.0,0.0,0.0,0.0,0.0,0.0,0.0,0.0,0.0,0,0,0,0
72,Marcos,Senesi Barón,Senesi,a,,,5.2,208,28.0,20.6,13,4.0,2.5,110.0,42.0,0,0,0.0,7,-7.0,734,2362,0.5,28.3,2.5,2.5,4.5,29.0,11.0,100.0,100.0,4.0,2.0,98.0,25.0,167.0,37.0,36.0,3.0,,,,,,,,0.05,0.14,0.19,1.51,0.0,0.28,1.57,1.01,11.62,35,0,0,0,0,0,0,0,0,0,0,0,0,0,0,0,23319,61171,0.0,0.0,0.0,0.0,0.0,0.0,0.0,0.0,0.0,0,0,0,0
73,Adam,Smith,Smith,a,,,4.4,523,99.0,0.2,391,145.0,0.2,330.0,109.0,0,0,0.0,-1,1.0,3,4,0.0,8.9,0.2,0.2,2.1,329.0,122.0,100.0,100.0,355.0,135.0,343.0,117.0,396.0,142.0,390.0,137.0,,,,,,,,0.0,0.02,0.02,1.56,0.0,0.45,1.68,1.23,5.93,35,0,0,0,0,0,0,0,0,0,0,0,0,0,0,0,47,95,0.0,0.0,0.0,0.0,0.0,0.0,0.0,0.0,0.0,0,0,0,0
74,Adrien,Truffert,Truffert,a,,,4.7,391,67.0,4.5,86,27.0,4.2,32.0,18.0,0,0,0.0,2,-2.0,488,532,0.9,29.6,4.2,4.2,4.1,54.0,23.0,,,26.0,10.0,55.0,8.0,205.0,51.0,55.0,9.0,,,,,,,,0.03,0.08,0.11,1.46,0.0,0.27,1.46,1.01,8.29,35,0,0,0,0,0,0,0,0,0,0,0,0,0,0,0,22636,9274,0.0,0.0,0.0,0.0,0.0,0.0,0.0,0.0,0.0,0,0,0,0
75,Matai,Akinmboni,Akinmboni,a,,,3.8,812,251.0,0.2,385,142.0,0.0,385.0,141.0,0,0,0.0,-2,2.0,2,2,0.0,0.0,0.0,0.0,0.0,542.0,196.0,100.0,100.0,531.0,195.0,514.0,194.0,481.0,188.0,533.0,195.0,,,,,,,,0.0,0.0,0.0,0.0,0.0,0.0,0.0,0.0,0.0,35,0,0,0,0,0,0,0,0,0,0,0,0,0,0,0,49,43,0.0,0.0,0.0,0.0,0.0,0.0,0.0,0.0,0.0,0,0,0,0
76,Owen,Bevan,Bevan,a,,,3.8,810,249.0,0.2,395,148.0,0.0,383.0,139.0,0,0,0.0,-2,2.0,2,5,0.0,0.0,0.0,0.0,0.0,541.0,195.0,,,530.0,194.0,513.0,193.0,480.0,187.0,532.0,194.0,,,,,,,,0.0,0.0,0.0,0.0,0.0,0.0,0.0,0.0,0.0,35,0,0,0,0,0,0,0,0,0,0,0,0,0,0,0,31,71,0.0,0.0,0.0,0.0,0.0,0.0,0.0,0.0,0.0,0,0,0,0
77,James,Hill,Hill,a,,,4.2,638,146.0,7.6,55,18.0,2.0,141.0,53.0,0,0,0.0,2,-2.0,140,1340,0.5,21.4,2.0,2.0,3.6,106.0,40.0,,,108.0,49.0,254.0,68.0,262.0,71.0,198.0,69.0,,,,,,,,0.04,0.06,0.1,1.44,0.0,0.31,1.14,0.93,11.31,35,0,0,0,0,0,0,0,0,0,0,0,0,0,0,0,12453,31061,0.0,0.0,0.0,0.0,0.0,0.0,0.0,0.0,0.0,0,0,0,0
78,Julián,Araujo Zúñiga,J.Araujo,u,has joined Celtic on loan for the rest of the season.,,3.8,801,241.0,0.5,270,101.0,0.0,375.0,132.0,0,0,0.0,-2,2.0,0,9,0.0,0.0,0.0,0.0,0.0,536.0,190.0,0.0,0.0,525.0,189.0,507.0,188.0,474.0,182.0,527.0,189.0,,,,,,,,0.0,0.0,0.0,0.0,0.0,0.0,0.0,0.0,0.0,35,0,0,0,0,0,0,0,0,0,0,0,0,0,0,0,0,168,0.0,0.0,0.0,0.0,0.0,0.0,0.0,0.0,0.0,0,0,0,0
79,Chris,Mepham,Mepham,u,has joined West Bromwich Albion permanently.,,4.0,680,169.0,0.1,551,195.0,0.0,441.0,167.0,0,0,0.0,0,0.0,0,0,0.0,0.0,0.0,0.0,0.0,588.0,215.0,0.0,0.0,577.0,214.0,569.0,214.0,538.0,210.0,579.0,214.0,,,,,,,,0.0,0.0,0.0,0.0,0.0,0.0,0.0,0.0,0.0,35,0,0,0,0,0,0,0,0,0,0,0,0,0,0,0,0,9,0.0,0.0,0.0,0.0,0.0,0.0,0.0,0.0,0.0,0,0,0,0
80,Julio,Soler Barreto,Soler,a,,,3.9,788,230.0,0.2,389,144.0,0.0,426.0,159.0,0,0,0.0,-1,1.0,8,2,0.0,0.8,0.0,0.0,1.0,460.0,166.0,100.0,100.0,499.0,177.0,462.0,168.0,445.0,167.0,498.0,173.0,,,,,,,,0.0,0.0,0.0,4.29,0.0,0.0,5.29,0.0,2.65,35,0,0,0,0,0,0,0,0,0,0,0,0,0,0,0,59,21,0.0,0.0,0.0,0.0,0.0,0.0,0.0,0.0,0.0,0,0,0,0
81,Justin,Kluivert,Kluivert,d,Lack of match fitness - 25% chance of playing,,6.9,38,23.0,0.6,249,88.0,0.0,824.0,369.0,0,0,0.0,-1,1.0,0,4,0.0,5.8,0.0,0.0,2.2,323.0,142.0,25.0,25.0,335.0,150.0,122.0,84.0,242.0,132.0,254.0,124.0,,3.0,1.0,,,,,0.22,0.15,0.37,1.65,0.0,0.39,1.77,0.98,6.11,35,0,0,0,0,0,0,0,0,0,0,0,0,0,0,0,12,48,0.0,0.0,0.0,0.0,0.0,0.0,0.0,0.0,0.0,0,0,0,0
84,Marcus,Tavernier,Tavernier,a,,,5.4,160,100.0,5.2,74,25.0,2.8,96.0,36.0,0,0,0.0,-1,1.0,267,784,0.5,22.2,2.8,2.8,4.0,61.0,27.0,100.0,100.0,73.0,21.0,23.0,22.0,36.0,20.0,27.0,21.0,2.0,2.0,4.0,,,,,0.32,0.14,0.46,1.37,0.0,0.34,1.58,1.02,8.4,35,0,0,0,0,0,0,0,0,0,0,0,0,0,0,0,31929,19035,0.0,0.0,0.0,0.0,0.0,0.0,0.0,0.0,0.0,0,0,0,0
85,Tyler,Adams,Adams,a,,,4.9,299,186.0,0.3,343,118.0,1.5,182.0,79.0,0,0,0.0,-1,1.0,9,3,0.3,13.5,1.5,1.5,3.1,188.0,73.0,100.0,100.0,198.0,81.0,272.0,166.0,260.0,143.0,262.0,130.0,,,,,,,,0.04,0.03,0.07,1.39,0.0,0.37,1.59,1.1,11.66,35,0,0,0,0,0,0,0,0,0,0,0,0,0,0,0,168,91,0.0,0.0,0.0,0.0,0.0,0.0,0.0,0.0,0.0,0,0,0,0
86,David,Brooks,Brooks,a,,,5.0,245,148.0,0.2,397,133.0,1.2,207.0,94.0,0,0,0.0,0,0.0,6,6,0.2,10.6,1.2,1.2,1.9,355.0,152.0,100.0,100.0,282.0,116.0,90.0,66.0,57.0,33.0,127.0,72.0,5.0,4.0,,,,,,0.4,0.25,0.65,1.47,0.0,0.39,1.49,1.02,6.88,35,0,0,0,0,0,0,0,0,0,0,0,0,0,0,0,130,111,0.0,0.0,0.0,0.0,0.0,0.0,0.0,0.0,0.0,0,0,0,0
87,Ryan,Christie,Christie,a,,,4.9,291,180.0,0.2,406,139.0,1.5,181.0,78.0,0,0,0.0,-1,1.0,12,46,0.3,9.8,1.5,1.5,2.0,344.0,147.0,100.0,100.0,275.0,114.0,199.0,130.0,142.0,81.0,238.0,118.0,6.0,,,,,,,0.18,0.07,0.25,1.76,0.0,0.29,1.38,0.79,11.2,35,0,0,0,0,0,0,0,0,0,0,0,0,0,0,0,123,813,0.0,0.0,0.0,0.0,0.0,0.0,0.0,0.0,0.0,0,0,0,0
88,Lewis,Cook,Cook,i,Lack of match fitness - Expected back 09 May,,4.9,290,179.0,0.0,634,245.0,0.0,712.0,292.0,0,0,0.0,-1,1.0,0,2,0.0,7.8,0.0,0.0,2.4,286.0,120.0,0.0,0.0,285.0,119.0,198.0,129.0,411.0,201.0,319.0,156.0,4.0,,,,,,,0.01,0.05,0.06,1.4,0.0,0.1,1.86,0.83,14.79,35,0,0,0,0,0,0,0,0,0,0,0,0,0,0,0,4,30,0.0,0.0,0.0,0.0,0.0,0.0,0.0,0.0,0.0,0,0,0,0
89,Philip,Billing,Philip,u,has joined Midtjylland permanently.,,4.9,293,182.0,0.0,680,273.0,0.0,714.0,294.0,0,0,0.0,-1,1.0,0,0,0.0,0.0,0.0,0.0,0.0,777.0,334.0,0.0,0.0,776.0,333.0,772.0,333.0,768.0,331.0,776.0,333.0,,,,,,,,0.0,0.0,0.0,0.0,0.0,0.0,0.0,0.0,0.0,35,0,0,0,0,0,0,0,0,0,0,0,0,0,0,0,0,0,0.0,0.0,0.0,0.0,0.0,0.0,0.0,0.0,0.0,0,0,0,0
90,Alex,Scott,Scott,a,,,5.1,239,144.0,2.5,124,40.0,4.2,33.0,9.0,0,0,0.0,1,-1.0,210,692,0.8,24.5,4.2,4.2,3.7,101.0,41.0,100.0,100.0,76.0,23.0,65.0,52.0,97.0,58.0,67.0,42.0,3.0,6.0,,,,,,0.13,0.09,0.22,1.52,0.0,0.31,1.4,1.08,12.08,35,0,0,0,0,0,0,0,0,0,0,0,0,0,0,0,8678,15665,0.0,0.0,0.0,0.0,0.0,0.0,0.0,0.0,0.0,0,0,0,0
91,Luis,Sinisterra Lucumí,Sinisterra,u,has joined Cruzeiro on loan for the rest of the season.,,5.0,252,152.0,0.0,747,316.0,0.0,745.0,316.0,0,0,0.0,0,0.0,0,0,0.0,0.0,0.0,0.0,0.0,794.0,347.0,0.0,0.0,793.0,346.0,791.0,346.0,786.0,344.0,793.0,346.0,,,,,,,,0.0,0.0,0.0,0.0,0.0,0.0,0.0,0.0,0.0,35,0,0,0,0,0,0,0,0,0,0,0,0,0,0,0,0,0,0.0,0.0,0.0,0.0,0.0,0.0,0.0,0.0,0.0,0,0,0,0
92,Romain,Faivre,Faivre,u,has joined Auxerre permanently.,,4.5,434,258.0,0.1,565,209.0,0.0,613.0,215.0,0,0,0.0,0,0.0,0,0,0.0,0.0,0.0,0.0,0.0,706.0,277.0,0.0,0.0,700.0,271.0,696.0,274.0,679.0,267.0,702.0,273.0,,,,,,,,0.0,0.0,0.0,0.0,0.0,0.0,0.0,0.0,0.0,35,0,0,0,0,0,0,0,0,0,0,0,0,0,0,0,0,6,0.0,0.0,0.0,0.0,0.0,0.0,0.0,0.0,0.0,0,0,0,0
93,Hamed,Traorè,H.Traorè,u,has joined Marseille on loan for the rest of the season.,,4.5,429,255.0,0.3,342,117.0,0.0,609.0,212.0,0,0,0.0,0,0.0,0,1,0.0,0.9,0.0,0.0,4.0,59.0,26.0,0.0,0.0,456.0,201.0,432.0,212.0,675.0,264.0,469.0,210.0,,,,,,,,0.0,0.0,0.0,2.25,0.0,0.0,11.25,0.0,22.5,35,0,0,0,0,0,0,0,0,0,0,0,0,0,0,0,0,16,0.0,0.0,0.0,0.0,0.0,0.0,0.0,0.0,0.0,0,0,0,0
94,Dominic,Sadi,Sadi,u,has joined Novi Pazar on loan for the rest of the season.,,4.5,466,283.0,0.0,650,254.0,0.0,637.0,237.0,0,0,0.0,0,0.0,0,0,0.0,0.0,0.0,0.0,0.0,728.0,298.0,0.0,0.0,723.0,293.0,718.0,295.0,702.0,288.0,724.0,294.0,,,,,,,,0.0,0.0,0.0,0.0,0.0,0.0,0.0,0.0,0.0,35,0,0,0,0,0,0,0,0,0,0,0,0,0,0,0,0,0,0.0,0.0,0.0,0.0,0.0,0.0,0.0,0.0,0.0,0,0,0,0
95,Zain,Silcott-Duberry,Silcott-Duberry,u,has joined Olympiakos permanently.,,4.4,557,334.0,0.1,582,217.0,0.0,578.0,197.0,0,0,0.0,-1,1.0,0,0,0.0,0.0,0.0,0.0,0.0,682.0,264.0,0.0,0.0,674.0,256.0,670.0,260.0,650.0,251.0,676.0,258.0,,,,,,,,0.0,0.0,0.0,0.0,0.0,0.0,0.0,0.0,0.0,35,0,0,0,0,0,0,0,0,0,0,0,0,0,0,0,0,4,0.0,0.0,0.0,0.0,0.0,0.0,0.0,0.0,0.0,0,0,0,0
96,Ben,Winterburn,Winterburn,u,has joined Barnet on loan for the rest of the season.,,4.5,499,308.0,0.0,647,252.0,0.0,669.0,262.0,0,0,0.0,0,0.0,0,0,0.0,0.2,0.0,0.0,1.0,491.0,222.0,0.0,0.0,750.0,314.0,743.0,314.0,730.0,310.0,750.0,314.0,,,,,,,,0.0,0.0,0.0,4.65,0.0,0.0,30.0,0.0,0.0,35,0,0,0,0,0,0,0,0,0,0,0,0,0,0,0,0,3,0.0,0.0,0.0,0.0,0.0,0.0,0.0,0.0,0.0,0,0,0,0
97,Francisco Evanilson,de Lima Barbosa,Evanilson,a,,,6.7,46,16.0,2.5,123,19.0,2.8,99.0,14.0,0,0,0.0,-3,3.0,220,397,0.4,15.7,2.8,2.8,3.3,162.0,15.0,100.0,100.0,199.0,19.0,84.0,3.0,9.0,6.0,47.0,10.0,,,,,,,,0.35,0.05,0.4,1.31,0.0,0.33,1.43,1.02,4.1,35,0,0,0,0,0,0,0,0,0,0,0,0,0,0,0,4518,8813,0.0,0.0,0.0,0.0,0.0,0.0,0.0,0.0,0.0,0,0,0,0
98,Enes,Ünal,Enes Ünal,a,,,5.4,155,38.0,0.0,592,80.0,0.5,307.0,41.0,0,0,0.0,-1,1.0,6,4,0.1,4.3,0.5,0.5,1.2,447.0,53.0,100.0,100.0,421.0,50.0,419.0,54.0,293.0,51.0,403.0,51.0,,1.0,,,,,,0.95,0.03,0.98,2.14,0.0,0.0,1.03,0.0,7.71,35,0,0,0,0,0,0,0,0,0,0,0,0,0,0,0,35,52,0.0,0.0,0.0,0.0,0.0,0.0,0.0,0.0,0.0,0,0,0,0
99,Daniel,Adu-Adjei,Adu-Adjei,u,has joined HNK Rijeka permanently.,,4.4,572,83.0,0.1,438,63.0,0.0,591.0,65.0,0,0,0.0,-1,1.0,0,0,0.0,0.0,0.0,0.0,0.0,692.0,76.0,0.0,0.0,686.0,76.0,681.0,75.0,662.0,75.0,688.0,76.0,,,,,,,,0.0,0.0,0.0,0.0,0.0,0.0,0.0,0.0,0.0,35,0,0,0,0,0,0,0,0,0,0,0,0,0,0,0,0,7,0.0,0.0,0.0,0.0,0.0,0.0,0.0,0.0,0.0,0,0,0,0
100,Junior,Kroupi,Kroupi.Jr,a,,,4.6,405,65.0,5.7,68,13.0,4.0,37.0,5.0,0,0,0.0,1,-1.0,1106,566,0.9,20.7,4.0,4.0,3.3,150.0,13.0,100.0,100.0,128.0,12.0,142.0,11.0,47.0,19.0,81.0,15.0,,,2.0,,,,,0.45,0.08,0.53,1.48,0.0,0.46,1.31,1.12,6.44,35,0,0,0,0,0,0,0,0,0,0,0,0,0,0,0,21084,19408,0.0,0.0,0.0,0.0,0.0,0.0,0.0,0.0,0.0,0,0,0,0
391,Ben,Gannon-Doak,Gannon-Doak,a,,,4.8,369,230.0,0.0,642,248.0,0.2,339.0,156.0,0,0,0.0,-2,2.0,3,1,0.0,1.9,0.2,0.2,1.5,411.0,176.0,100.0,100.0,445.0,198.0,413.0,205.0,399.0,198.0,447.0,200.0,,,,,,,,0.12,0.13,0.25,4.65,0.0,0.0,1.32,0.0,11.91,35,0,0,0,0,0,0,0,0,0,0,0,0,0,0,0,11,9,0.0,0.0,0.0,0.0,0.0,0.0,0.0,0.0,0.0,0,0,0,0
685,Bafodé,Diakité,Diakité,a,,,4.1,657,157.0,0.3,341,123.0,0.0,507.0,212.0,0,0,0.0,-4,4.0,6,12,0.0,11.2,0.0,0.0,2.6,250.0,98.0,100.0,100.0,248.0,98.0,349.0,122.0,385.0,134.0,339.0,113.0,,,,,,,,0.0,0.01,0.01,1.59,0.0,0.28,1.91,1.06,8.26,35,0,0,0,0,0,0,0,0,0,0,0,0,0,0,0,40,141,0.0,0.0,0.0,0.0,0.0,0.0,0.0,0.0,0.0,0,0,0,0
687,Remy,Rees-Dottin,Rees-Dottin,a,,,4.3,619,366.0,0.2,396,132.0,0.0,554.0,184.0,0,0,0.0,-2,2.0,7,10,0.0,0.0,0.0,0.0,0.0,667.0,254.0,,,657.0,244.0,653.0,249.0,630.0,238.0,659.0,246.0,,,,,,,,0.0,0.0,0.0,0.0,0.0,0.0,0.0,0.0,0.0,35,0,0,0,0,0,0,0,0,0,0,0,0,0,0,0,105,119,0.0,0.0,0.0,0.0,0.0,0.0,0.0,0.0,0.0,0,0,0,0
697,Amine,Adli,Adli,a,,,5.4,171,107.0,0.2,355,120.0,0.2,350.0,161.0,0,0,0.0,-1,1.0,4,62,0.0,11.9,0.2,0.2,2.3,308.0,131.0,,,247.0,107.0,165.0,111.0,118.0,69.0,186.0,92.0,,,,,,,,0.22,0.14,0.36,1.46,0.0,0.26,1.47,0.86,10.29,35,0,0,0,0,0,0,0,0,0,0,0,0,0,0,0,54,1419,0.0,0.0,0.0,0.0,0.0,0.0,0.0,0.0,0.0,0,0,0,0
713,Álex,Jiménez Sánchez,A.Jimenez,a,,,4.5,468,95.0,0.2,362,132.0,1.0,227.0,78.0,0,0,0.0,0,0.0,7,35,0.2,15.1,1.0,1.0,2.3,302.0,114.0,,,164.0,71.0,156.0,40.0,180.0,42.0,168.0,56.0,,,,,,,,0.04,0.07,0.11,1.63,0.0,0.2,1.58,1.01,5.82,35,0,0,0,0,0,0,0,0,0,0,0,0,0,0,0,206,690,0.0,0.0,0.0,0.0,0.0,0.0,0.0,0.0,0.0,0,0,0,0
721,Veljko,Milosavljevic,Milosavljević,a,,,4.4,574,121.0,0.0,646,231.0,0.0,593.0,236.0,0,0,0.0,-1,1.0,0,1,0.0,4.3,0.0,0.0,2.7,235.0,92.0,100.0,100.0,381.0,143.0,416.0,153.0,419.0,157.0,418.0,149.0,,,,,,,,0.04,0.05,0.09,1.08,0.0,0.25,1.47,0.98,9.56,35,0,0,0,0,0,0,0,0,0,0,0,0,0,0,0,5,5,0.0,0.0,0.0,0.0,0.0,0.0,0.0,0.0,0.0,0,0,0,0
756,Malcom,DaCosta,DaCosta,a,,,4.5,520,323.0,0.0,743,313.0,0.0,688.0,276.0,0,0,0.0,0,0.0,1,0,0.0,0.0,0.0,0.0,0.0,767.0,327.0,,,766.0,326.0,759.0,326.0,747.0,323.0,766.0,326.0,,,,,,,,0.0,0.0,0.0,0.0,0.0,0.0,0.0,0.0,0.0,35,0,0,0,0,0,0,0,0,0,0,0,0,0,0,0,18,4,0.0,0.0,0.0,0.0,0.0,0.0,0.0,0.0,0.0,0,0,0,0
782,Fraser,Forster,Forster,a,,,4.0,665,39.0,0.0,656,81.0,0.0,430.0,52.0,0,0,0.0,0,0.0,2,2,0.0,0.0,0.0,0.0,0.0,580.0,64.0,,,569.0,64.0,557.0,48.0,526.0,34.0,571.0,64.0,,,,,,,,0.0,0.0,0.0,0.0,0.0,0.0,0.0,0.0,0.0,35,0,0,0,0,0,0,0,0,0,0,0,0,0,0,0,36,17,0.0,0.0,0.0,0.0,0.0,0.0,0.0,0.0,0.0,0,0,0,0
799,Charlie,Stevens,Stevens,a,,,4.5,516,320.0,0.0,778,335.0,0.0,684.0,273.0,0,0,0.0,0,0.0,0,1,0.0,0.0,0.0,0.0,0.0,764.0,325.0,,,763.0,324.0,756.0,324.0,743.0,320.0,763.0,324.0,,,,,,,,0.0,0.0,0.0,0.0,0.0,0.0,0.0,0.0,0.0,35,0,0,0,0,0,0,0,0,0,0,0,0,0,0,0,17,13,0.0,0.0,0.0,0.0,0.0,0.0,0.0,0.0,0.0,0,0,0,0
801,Alex,Tóth,Tóth.A,a,,,4.9,340,211.0,0.0,763,325.0,0.8,268.0,123.0,0,0,0.0,-1,1.0,0,0,0.2,1.2,0.8,0.8,0.9,514.0,239.0,,,476.0,213.0,381.0,192.0,404.0,199.0,451.0,202.0,,,,,,,,0.07,0.29,0.36,4.06,0.0,0.0,2.31,1.15,11.54,35,0,0,0,0,0,0,0,0,0,0,0,0,0,0,0,6,6,0.0,0.0,0.0,0.0,0.0,0.0,0.0,0.0,0.0,0,0,0,0
806,Christos,Mandas,Mandas,a,,,4.0,685,50.0,0.0,756,87.0,0.0,446.0,61.0,0,0,0.0,0,0.0,1,0,0.0,0.0,0.0,0.0,0.0,593.0,71.0,,,582.0,71.0,574.0,59.0,543.0,45.0,584.0,71.0,,,,,,,,0.0,0.0,0.0,0.0,0.0,0.0,0.0,0.0,0.0,35,0,0,0,0,0,0,0,0,0,0,0,0,0,0,0,8,4,0.0,0.0,0.0,0.0,0.0,0.0,0.0,0.0,0.0,0,0,0,0
807,Rayan Vitor,Simplício Rocha,Rayan,a,,,5.4,172,108.0,1.4,169,59.0,3.2,76.0,25.0,0,0,0.0,-1,1.0,48,399,0.6,8.3,3.2,3.2,4.1,55.0,24.0,,,297.0,128.0,204.0,133.0,191.0,104.0,269.0,136.0,,,,,,,,0.19,0.18,0.37,1.75,0.0,0.34,1.02,1.02,5.8,35,0,0,0,0,0,0,0,0,0,0,0,0,0,0,0,2762,8605,0.0,0.0,0.0,0.0,0.0,0.0,0.0,0.0,0.0,0,0,0,0
27,Reiss,Nelson,Nelson,a,,,4.8,351,221.0,0.1,495,176.0,1.2,205.0,93.0,0,0,0.0,-2,2.0,4,1,0.3,2.5,0.7,1.2,1.3,439.0,195.0,100.0,100.0,429.0,186.0,385.0,194.0,372.0,190.0,424.0,192.0,,,,,,,,0.55,0.08,0.63,1.56,0.0,0.0,1.54,0.0,17.69,35,0,0,0,0,0,0,0,0,0,0,0,0,0,0,0,92,22,0.0,0.0,0.0,0.0,0.0,0.0,0.0,0.0,0.0,0,0,0,0
83,Dango,Ouattara,O.Dango,a,,,5.8,111,71.0,2.1,137,45.0,1.5,192.0,86.0,0,0,0.0,-2,2.0,31,1525,0.3,19.3,1.0,1.5,4.0,64.0,29.0,100.0,100.0,145.0,49.0,77.0,61.0,29.0,13.0,51.0,34.0,3.0,,,,,,,0.29,0.18,0.47,1.26,0.0,0.23,1.36,1.0,7.55,35,0,0,0,0,0,0,0,0,0,0,0,0,0,0,0,6299,25747,0.0,0.0,0.0,0.0,0.0,0.0,0.0,0.0,0.0,0,0,0,0
101,Caoimhín,Kelleher,Kelleher,a,,,4.8,352,12.0,12.6,29,4.0,2.5,107.0,11.0,0,0,0.0,3,-3.0,205,2309,0.5,25.8,2.0,2.5,3.8,80.0,9.0,100.0,100.0,21.0,5.0,398.0,4.0,759.0,85.0,180.0,6.0,,,,,,,,0.0,0.01,0.01,1.36,2.67,0.27,1.3,1.0,0.0,35,0,0,0,0,0,0,0,0,0,0,0,0,0,0,0,9864,24354,0.0,0.0,0.0,0.0,0.0,0.0,0.0,0.0,0.0,0,0,0,0
102,Ellery,Balcombe,Balcombe,a,,,3.9,763,80.0,0.3,352,49.0,0.0,405.0,39.0,0,0,0.0,-1,1.0,1,5,0.0,0.0,-0.5,0.0,0.0,557.0,51.0,,,546.0,51.0,533.0,34.0,501.0,20.0,548.0,51.0,,,,,,,,0.0,0.0,0.0,0.0,0.0,0.0,0.0,0.0,0.0,35,0,0,0,0,0,0,0,0,0,0,0,0,0,0,0,26,98,0.0,0.0,0.0,0.0,0.0,0.0,0.0,0.0,0.0,0,0,0,0
103,Matthew,Cox,Cox,u,has joined Shrewsbury Town on loan for the rest of the season.,,3.9,779,88.0,0.1,444,64.0,0.0,417.0,46.0,0,0,0.0,-1,1.0,0,3,0.0,0.0,0.0,0.0,0.0,568.0,58.0,0.0,0.0,557.0,58.0,545.0,42.0,513.0,28.0,559.0,58.0,,,,,,,,0.0,0.0,0.0,0.0,0.0,0.0,0.0,0.0,0.0,35,0,0,0,0,0,0,0,0,0,0,0,0,0,0,0,0,54,0.0,0.0,0.0,0.0,0.0,0.0,0.0,0.0,0.0,0,0,0,0
104,Julian,Eyestone,Eyestone,a,,,3.9,782,89.0,0.1,472,69.0,0.0,420.0,47.0,0,0,0.0,-1,1.0,0,1,0.0,0.0,-0.5,0.0,0.0,571.0,59.0,,,560.0,59.0,548.0,43.0,516.0,29.0,562.0,59.0,,,,,,,,0.0,0.0,0.0,0.0,0.0,0.0,0.0,0.0,0.0,35,0,0,0,0,0,0,0,0,0,0,0,0,0,0,0,20,62,0.0,0.0,0.0,0.0,0.0,0.0,0.0,0.0,0.0,0,0,0,0
105,Hákon Rafn,Valdimarsson,Valdimarsson,a,,,3.8,807,95.0,0.8,218,29.0,0.0,380.0,27.0,0,0,0.0,-2,2.0,144,48,0.0,0.3,-0.5,0.0,1.0,457.0,37.0,,,464.0,37.0,510.0,20.0,477.0,6.0,488.0,37.0,,,,,,,,0.0,0.0,0.0,0.97,1.0,0.0,3.0,1.0,0.0,35,0,0,0,0,0,0,0,0,0,0,0,0,0,0,0,3320,1015,0.0,0.0,0.0,0.0,0.0,0.0,0.0,0.0,0.0,0,0,0,0
106,Nathan,Collins,Collins,a,,,4.9,319,52.0,2.7,117,46.0,2.8,92.0,38.0,0,0,0.0,-1,1.0,51,722,0.6,23.7,2.3,2.8,3.7,98.0,38.0,,,24.0,9.0,261.0,73.0,95.0,10.0,85.0,19.0,,,,,,,,0.07,0.05,0.12,1.34,0.0,0.28,1.31,0.97,9.72,35,0,0,0,0,0,0,0,0,0,0,0,0,0,0,0,3888,5710,0.0,0.0,0.0,0.0,0.0,0.0,0.0,0.0,0.0,0,0,0,0
107,Keane,Lewis-Potter,Lewis-Potter,a,,,4.8,361,62.0,1.5,160,63.0,2.0,144.0,55.0,0,0,0.0,-2,2.0,33,359,0.4,20.2,1.5,2.0,3.0,202.0,79.0,,,214.0,84.0,127.0,32.0,100.0,11.0,149.0,51.0,,1.0,,,,,,0.15,0.12,0.27,1.47,0.0,0.45,1.46,1.01,3.31,35,0,0,0,0,0,0,0,0,0,0,0,0,0,0,0,2149,3840,0.0,0.0,0.0,0.0,0.0,0.0,0.0,0.0,0.0,0,0,0,0
108,Kristoffer,Ajer,Ajer,a,,,4.4,530,105.0,0.2,370,135.0,0.0,562.0,231.0,0,0,0.0,-1,1.0,2,22,0.0,15.9,-0.5,0.0,2.9,209.0,82.0,100.0,100.0,186.0,76.0,344.0,118.0,197.0,48.0,253.0,85.0,,,,,,,,0.04,0.04,0.08,1.49,0.0,0.28,1.5,1.0,9.31,35,0,0,0,0,0,0,0,0,0,0,0,0,0,0,0,47,540,0.0,0.0,0.0,0.0,0.0,0.0,0.0,0.0,0.0,0,0,0,0
109,Rico,Henry,Henry,i,Hamstring injury - Unknown return date,,4.3,584,129.0,0.1,448,168.0,0.0,531.0,224.0,0,0,0.0,-2,2.0,0,8,0.0,12.1,0.0,0.0,2.1,326.0,120.0,0.0,0.0,331.0,126.0,310.0,100.0,358.0,119.0,369.0,128.0,,,,,,,,0.01,0.04,0.05,1.63,0.0,0.27,1.5,0.95,4.63,35,0,0,0,0,0,0,0,0,0,0,0,0,0,0,0,8,189,0.0,0.0,0.0,0.0,0.0,0.0,0.0,0.0,0.0,0,0,0,0
110,Michael,Kayode,Kayode,a,,,4.6,406,72.0,1.2,185,71.0,3.2,70.0,32.0,0,0,0.0,1,-1.0,55,336,0.7,22.8,2.7,3.2,3.2,168.0,68.0,100.0,100.0,72.0,34.0,62.0,10.0,241.0,63.0,92.0,21.0,,,,,,,,0.04,0.09,0.13,1.37,0.0,0.28,1.34,1.02,6.3,35,0,0,0,0,0,0,0,0,0,0,0,0,0,0,0,3355,2876,0.0,0.0,0.0,0.0,0.0,0.0,0.0,0.0,0.0,0,0,0,0
111,Ethan,Pinnock,Pinnock,a,,,4.2,635,144.0,0.1,446,166.0,0.0,516.0,216.0,0,0,0.0,-3,3.0,2,9,0.0,3.3,-0.5,0.0,3.5,120.0,42.0,100.0,100.0,387.0,144.0,474.0,172.0,362.0,121.0,416.0,147.0,,,,,,,,0.0,0.02,0.02,1.05,0.0,0.28,1.42,1.13,11.89,35,0,0,0,0,0,0,0,0,0,0,0,0,0,0,0,38,157,0.0,0.0,0.0,0.0,0.0,0.0,0.0,0.0,0.0,0,0,0,0
112,Mads,Roerslev Rasmussen,Roerslev,u,Has joined Southampton permanently.,,4.5,425,85.0,0.0,721,250.0,0.0,606.0,242.0,0,0,0.0,0,0.0,0,0,0.0,0.0,0.0,0.0,0.0,702.0,259.0,0.0,0.0,696.0,259.0,691.0,259.0,673.0,259.0,698.0,259.0,,,,,,,,0.0,0.0,0.0,0.0,0.0,0.0,0.0,0.0,0.0,35,0,0,0,0,0,0,0,0,0,0,0,0,0,0,0,0,0,0.0,0.0,0.0,0.0,0.0,0.0,0.0,0.0,0.0,0,0,0,0
113,Sepp,van den Berg,Van den Berg,a,,,4.5,435,89.0,1.2,180,69.0,2.2,122.0,48.0,0,0,0.0,0,0.0,18,498,0.5,22.0,1.7,2.2,3.4,138.0,53.0,100.0,100.0,59.0,28.0,302.0,97.0,112.0,16.0,136.0,41.0,,,,,,,,0.1,0.03,0.13,1.32,0.0,0.24,1.4,0.98,8.71,35,0,0,0,0,0,0,0,0,0,0,0,0,0,0,0,1177,5023,0.0,0.0,0.0,0.0,0.0,0.0,0.0,0.0,0.0,0,0,0,0
114,Benjamin,Arthur,Arthur,u,has joined Celtic on loan for the rest of the season.,,3.8,820,258.0,0.2,393,147.0,0.0,392.0,147.0,0,0,0.0,-2,2.0,0,6,0.0,0.0,0.0,0.0,0.0,547.0,200.0,0.0,0.0,536.0,199.0,520.0,199.0,488.0,194.0,538.0,199.0,,,,,,,,0.0,0.0,0.0,0.0,0.0,0.0,0.0,0.0,0.0,35,0,0,0,0,0,0,0,0,0,0,0,0,0,0,0,0,65,0.0,0.0,0.0,0.0,0.0,0.0,0.0,0.0,0.0,0,0,0,0
115,Benjamin,Fredrick,Fredrick,u,has joined Dender on loan for the rest of the season.,,4.0,737,204.0,0.1,539,191.0,0.0,495.0,200.0,0,0,0.0,0,0.0,0,1,0.0,0.0,0.0,0.0,0.0,635.0,242.0,0.0,0.0,625.0,242.0,618.0,242.0,588.0,239.0,627.0,242.0,,,,,,,,0.0,0.0,0.0,0.0,0.0,0.0,0.0,0.0,0.0,35,0,0,0,0,0,0,0,0,0,0,0,0,0,0,0,0,7,0.0,0.0,0.0,0.0,0.0,0.0,0.0,0.0,0.0,0,0,0,0
116,Aaron,Hickey,Hickey,a,,,4.0,694,175.0,0.3,308,114.0,0.0,455.0,173.0,0,0,0.0,0,0.0,8,11,0.0,8.2,-0.5,0.0,1.8,365.0,133.0,100.0,100.0,392.0,145.0,410.0,150.0,347.0,114.0,404.0,145.0,,,,,,,,0.06,0.03,0.09,0.99,0.0,0.31,1.22,1.07,6.43,35,0,0,0,0,0,0,0,0,0,0,0,0,0,0,0,122,219,0.0,0.0,0.0,0.0,0.0,0.0,0.0,0.0,0.0,0,0,0,0
117,Kim,Ji-soo,Ji-soo,u,has joined Kaiserslautern on loan for the rest of the season.,,3.9,787,229.0,0.1,531,189.0,0.0,425.0,158.0,0,0,0.0,-1,1.0,0,0,0.0,0.0,0.0,0.0,0.0,576.0,208.0,0.0,0.0,565.0,207.0,553.0,207.0,521.0,202.0,567.0,207.0,,,,,,,,0.0,0.0,0.0,0.0,0.0,0.0,0.0,0.0,0.0,35,0,0,0,0,0,0,0,0,0,0,0,0,0,0,0,0,8,0.0,0.0,0.0,0.0,0.0,0.0,0.0,0.0,0.0,0,0,0,0
118,Jayden,Meghoma,Meghoma,u,Has joined Rangers on loan for the rest of the season.,,4.0,707,182.0,0.0,613,218.0,0.0,466.0,179.0,0,0,0.0,0,0.0,0,0,0.0,0.0,0.0,0.0,0.0,610.0,224.0,0.0,0.0,600.0,224.0,592.0,224.0,561.0,220.0,602.0,224.0,,,,,,,,0.0,0.0,0.0,0.0,0.0,0.0,0.0,0.0,0.0,35,0,0,0,0,0,0,0,0,0,0,0,0,0,0,0,0,5,0.0,0.0,0.0,0.0,0.0,0.0,0.0,0.0,0.0,0,0,0,0
120,Kevin,Schade,Schade,a,,,6.9,41,25.0,1.7,153,52.0,2.5,114.0,44.0,0,0,0.0,-1,1.0,56,895,0.4,16.2,2.0,2.5,3.6,116.0,52.0,100.0,100.0,110.0,34.0,82.0,63.0,17.0,8.0,33.0,25.0,,,3.0,,,,,0.4,0.08,0.48,1.21,0.0,0.37,1.1,1.06,6.44,35,0,0,0,0,0,0,0,0,0,0,0,0,0,0,0,6281,7387,0.0,0.0,0.0,0.0,0.0,0.0,0.0,0.0,0.0,0,0,0,0
121,Mikkel,Damsgaard,Damsgaard,a,,,5.6,130,81.0,0.8,222,77.0,2.0,153.0,63.0,0,0,0.0,-4,4.0,17,209,0.4,17.0,1.5,2.0,3.3,159.0,66.0,100.0,100.0,129.0,43.0,30.0,28.0,101.0,61.0,58.0,37.0,,3.0,,,,,,0.11,0.23,0.34,1.31,0.0,0.2,1.46,1.06,10.2,35,0,0,0,0,0,0,0,0,0,0,0,0,0,0,0,1615,2287,0.0,0.0,0.0,0.0,0.0,0.0,0.0,0.0,0.0,0,0,0,0
122,Antoni,Milambo,Milambo,i,Knee injury - Expected back 01 Jun,,5.2,217,133.0,0.0,658,260.0,0.0,771.0,338.0,0,0,0.0,-3,3.0,2,1,0.0,0.2,0.0,0.0,1.0,505.0,233.0,0.0,0.0,488.0,222.0,468.0,224.0,801.0,354.0,500.0,227.0,,,,,,,,0.0,0.02,0.02,2.98,0.0,0.0,6.0,2.0,8.0,35,0,0,0,0,0,0,0,0,0,0,0,0,0,0,0,9,3,0.0,0.0,0.0,0.0,0.0,0.0,0.0,0.0,0.0,0,0,0,0
123,Fábio,Freitas Gouveia Carvalho,Carvalho,i,Knee injury - Expected back 01 Jun,,4.6,399,248.0,0.1,469,163.0,0.0,691.0,279.0,0,0,0.0,-4,4.0,1,0,0.0,2.8,0.0,0.0,2.2,315.0,134.0,0.0,0.0,432.0,188.0,444.0,214.0,357.0,184.0,431.0,194.0,,,4.0,,,,,0.63,0.03,0.66,1.87,0.0,0.0,3.6,0.9,7.2,35,0,0,0,0,0,0,0,0,0,0,0,0,0,0,0,8,13,0.0,0.0,0.0,0.0,0.0,0.0,0.0,0.0,0.0,0,0,0,0
124,Jordan,Henderson,Henderson,d,Knock - 75% chance of playing,,5.0,242,147.0,0.3,326,112.0,0.0,743.0,315.0,0,0,0.0,0,0.0,1,12,0.0,15.0,-0.4,0.0,2.6,255.0,105.0,75.0,75.0,202.0,84.0,102.0,73.0,341.0,177.0,211.0,101.0,,,,,,,,0.02,0.11,0.13,1.29,0.0,0.3,1.29,1.04,8.83,35,0,0,0,0,0,0,0,0,0,0,0,0,0,0,0,14,295,0.0,0.0,0.0,0.0,0.0,0.0,0.0,0.0,0.0,0,0,0,0
125,Vitaly,Janelt,Janelt,d,Foot injury - 75% chance of playing,,4.9,301,187.0,0.1,480,169.0,0.0,718.0,297.0,0,0,0.0,-1,1.0,0,5,0.0,14.3,-0.4,0.0,3.2,170.0,68.0,75.0,75.0,201.0,83.0,115.0,80.0,284.0,152.0,203.0,98.0,2.0,,,,,,,0.06,0.14,0.2,1.45,0.0,0.36,1.15,0.93,11.78,35,0,0,0,0,0,0,0,0,0,0,0,0,0,0,0,6,267,0.0,0.0,0.0,0.0,0.0,0.0,0.0,0.0,0.0,0,0,0,0
126,Mathias,Jensen,Jensen,a,,,4.9,304,189.0,0.1,433,148.0,3.8,49.0,15.0,0,0,0.0,-1,1.0,29,18,0.8,17.8,3.3,3.8,2.7,239.0,94.0,,,171.0,62.0,35.0,32.0,171.0,94.0,96.0,56.0,1.0,2.0,5.0,,,,,0.1,0.24,0.34,1.33,0.0,0.38,1.27,1.03,8.65,35,0,0,0,0,0,0,0,0,0,0,0,0,0,0,0,2968,339,0.0,0.0,0.0,0.0,0.0,0.0,0.0,0.0,0.0,0,0,0,0
127,Gustavo,Nunes Fernandes Gomes,Nunes,u,has joined Swansea City on loan for the rest of the season.,,4.9,341,212.0,0.0,727,301.0,0.0,738.0,311.0,0,0,0.0,-1,1.0,0,0,0.0,0.0,0.0,0.0,0.0,790.0,344.0,0.0,0.0,789.0,343.0,785.0,343.0,781.0,341.0,789.0,343.0,,,,,,,,0.0,0.0,0.0,0.0,0.0,0.0,0.0,0.0,0.0,35,0,0,0,0,0,0,0,0,0,0,0,0,0,0,0,0,1,0.0,0.0,0.0,0.0,0.0,0.0,0.0,0.0,0.0,0,0,0,0
128,Frank,Onyeka,Onyeka,u,has joined Coventry City on loan for the rest of the season.,,4.8,362,224.0,0.0,610,233.0,0.0,707.0,288.0,0,0,0.0,-2,2.0,0,0,0.0,2.5,0.0,0.0,2.0,343.0,146.0,0.0,0.0,444.0,197.0,417.0,207.0,442.0,215.0,459.0,206.0,,,,,,,,0.0,0.37,0.37,2.07,0.0,0.0,2.05,0.0,10.23,35,0,0,0,0,0,0,0,0,0,0,0,0,0,0,0,0,4,0.0,0.0,0.0,0.0,0.0,0.0,0.0,0.0,0.0,0,0,0,0
129,Yehor,Yarmoliuk,Yarmoliuk,a,,,5.0,274,168.0,0.1,477,167.0,2.8,95.0,35.0,0,0,0.0,0,0.0,9,12,0.6,18.2,2.3,2.8,2.7,240.0,95.0,100.0,100.0,169.0,60.0,157.0,105.0,257.0,141.0,190.0,93.0,,,,,,,,0.04,0.05,0.09,1.32,0.0,0.26,1.43,1.01,11.23,35,0,0,0,0,0,0,0,0,0,0,0,0,0,0,0,326,154,0.0,0.0,0.0,0.0,0.0,0.0,0.0,0.0,0.0,0,0,0,0
130,Romelle,Donovan,Donovan,a,,,4.4,573,344.0,0.1,476,166.0,0.0,592.0,205.0,0,0,0.0,-1,1.0,2,4,0.0,0.9,-0.5,0.0,1.0,481.0,214.0,,,475.0,212.0,424.0,211.0,390.0,196.0,463.0,207.0,,,,,,,,0.21,0.02,0.23,0.92,0.0,0.0,0.0,0.0,11.84,35,0,0,0,0,0,0,0,0,0,0,0,0,0,0,0,58,72,0.0,0.0,0.0,0.0,0.0,0.0,0.0,0.0,0.0,0,0,0,0
131,Yunus Emre,Konak,Konak,u,has joined Oxford United on loan for the rest of the season.,,4.3,623,370.0,0.1,436,149.0,0.0,557.0,187.0,0,0,0.0,-2,2.0,0,1,0.0,0.0,0.0,0.0,0.0,670.0,257.0,0.0,0.0,660.0,247.0,656.0,252.0,633.0,241.0,662.0,249.0,,,,,,,,0.0,0.0,0.0,0.0,0.0,0.0,0.0,0.0,0.0,35,0,0,0,0,0,0,0,0,0,0,0,0,0,0,0,0,59,0.0,0.0,0.0,0.0,0.0,0.0,0.0,0.0,0.0,0,0,0,0
132,Paris,Maghoma,Maghoma,u,has joined Norwich City permanently.,,4.5,423,253.0,0.0,687,276.0,0.0,604.0,210.0,0,0,0.0,0,0.0,0,0,0.0,0.0,0.0,0.0,0.0,701.0,273.0,0.0,0.0,695.0,267.0,690.0,270.0,671.0,262.0,697.0,269.0,,,,,,,,0.0,0.0,0.0,0.0,0.0,0.0,0.0,0.0,0.0,35,0,0,0,0,0,0,0,0,0,0,0,0,0,0,0,0,7,0.0,0.0,0.0,0.0,0.0,0.0,0.0,0.0,0.0,0,0,0,0
133,Myles,Peart-Harris,Peart-Harris,u,has joined Oxford United permanently.,,4.4,547,327.0,0.0,645,251.0,0.0,571.0,190.0,0,0,0.0,-1,1.0,0,0,0.0,0.2,0.0,0.0,1.0,476.0,209.0,0.0,0.0,668.0,250.0,664.0,254.0,643.0,244.0,670.0,252.0,,,,,,,,0.0,0.0,0.0,0.0,0.0,0.0,0.0,0.0,0.0,35,0,0,0,0,0,0,0,0,0,0,0,0,0,0,0,0,6,0.0,0.0,0.0,0.0,0.0,0.0,0.0,0.0,0.0,0,0,0,0
134,Ryan,Trevitt,Trevitt,u,Has joined Wigan on loan for the rest of the season,,4.5,492,303.0,0.0,797,350.0,0.0,662.0,257.0,0,0,0.0,0,0.0,0,0,0.0,0.0,0.0,0.0,0.0,746.0,312.0,0.0,0.0,744.0,310.0,737.0,310.0,724.0,306.0,744.0,310.0,,,,,,,,0.0,0.0,0.0,0.0,0.0,0.0,0.0,0.0,0.0,35,0,0,0,0,0,0,0,0,0,0,0,0,0,0,0,0,0,0.0,0.0,0.0,0.0,0.0,0.0,0.0,0.0,0.0,0,0,0,0
136,Igor Thiago,Nascimento Rodrigues,Thiago,a,,,7.4,25,9.0,35.1,6,3.0,4.0,44.0,8.0,0,0,0.0,14,-14.0,952,10343,0.5,22.8,3.5,4.0,5.0,16.0,3.0,100.0,100.0,6.0,2.0,94.0,4.0,2.0,2.0,3.0,2.0,,,2.0,,,,,0.59,0.05,0.64,1.37,0.0,0.28,1.36,1.02,5.91,35,0,0,0,0,0,0,0,0,0,0,0,0,0,0,0,61948,84886,0.0,0.0,0.0,0.0,0.0,0.0,0.0,0.0,0.0,0,0,0,0
137,Iwan,Morgan,Morgan,u,has joined Shrewsbury on loan for the rest of the season.,,4.4,559,78.0,0.3,331,53.0,0.0,580.0,60.0,0,0,0.0,-1,1.0,0,2,0.0,0.0,0.0,0.0,0.0,683.0,71.0,0.0,0.0,676.0,71.0,671.0,70.0,652.0,70.0,678.0,71.0,,,,,,,,0.0,0.0,0.0,0.0,0.0,0.0,0.0,0.0,0.0,35,0,0,0,0,0,0,0,0,0,0,0,0,0,0,0,0,41,0.0,0.0,0.0,0.0,0.0,0.0,0.0,0.0,0.0,0,0,0,0
748,Josh,Dasilva,Dasilva,a,,,4.9,297,184.0,0.0,814,360.0,0.0,716.0,296.0,0,0,0.0,-1,1.0,1,0,0.0,0.0,-0.5,0.0,0.0,778.0,335.0,100.0,100.0,777.0,334.0,773.0,334.0,769.0,332.0,777.0,334.0,,,,,,,,0.0,0.0,0.0,0.0,0.0,0.0,0.0,0.0,0.0,35,0,0,0,0,0,0,0,0,0,0,0,0,0,0,0,2,2,0.0,0.0,0.0,0.0,0.0,0.0,0.0,0.0,0.0,0,0,0,0
797,Kaye,Furo,Furo,a,,,4.5,493,69.0,0.0,705,89.0,0.0,663.0,69.0,0,0,0.0,0,0.0,1,1,0.0,0.0,-0.5,0.0,0.0,747.0,80.0,100.0,100.0,745.0,80.0,738.0,79.0,725.0,79.0,745.0,80.0,,,,,,,,0.0,0.0,0.0,0.0,0.0,0.0,0.0,0.0,0.0,35,0,0,0,0,0,0,0,0,0,0,0,0,0,0,0,27,30,0.0,0.0,0.0,0.0,0.0,0.0,0.0,0.0,0.0,0,0,0,0
810,Luka,Bentt,Bentt,a,,,4.5,471,286.0,0.0,796,349.0,0.0,641.0,240.0,0,0,0.0,0,0.0,0,1,0.0,0.0,-0.5,0.0,0.0,730.0,299.0,,,727.0,296.0,721.0,297.0,706.0,291.0,728.0,297.0,,,,,,,,0.0,0.0,0.0,0.0,0.0,0.0,0.0,0.0,0.0,35,0,0,0,0,0,0,0,0,0,0,0,0,0,0,0,15,8,0.0,0.0,0.0,0.0,0.0,0.0,0.0,0.0,0.0,0,0,0,0
819,Ollie,Shield,Shield,a,,,4.0,702,179.0,0.0,759,258.0,0.0,463.0,177.0,0,0,0.0,0,0.0,0,0,0.0,0.0,-0.5,0.0,0.0,608.0,223.0,,,597.0,222.0,589.0,222.0,558.0,218.0,599.0,222.0,,,,,,,,0.0,0.0,0.0,0.0,0.0,0.0,0.0,0.0,0.0,35,0,0,0,0,0,0,0,0,0,0,0,0,0,0,0,8,3,0.0,0.0,0.0,0.0,0.0,0.0,0.0,0.0,0.0,0,0,0,0
823,Joshua,Stephenson,Stephenson,a,,,4.0,746,213.0,0.0,801,266.0,0.0,503.0,208.0,0,0,0.0,0,0.0,0,2,0.0,0.0,-0.5,0.0,0.0,641.0,248.0,,,631.0,248.0,624.0,248.0,595.0,246.0,633.0,248.0,,,,,,,,0.0,0.0,0.0,0.0,0.0,0.0,0.0,0.0,0.0,35,0,0,0,0,0,0,0,0,0,0,0,0,0,0,0,6,7,0.0,0.0,0.0,0.0,0.0,0.0,0.0,0.0,0.0,0,0,0,0
824,Conor,McManus,McManus,a,,,4.0,729,197.0,0.0,795,264.0,0.0,487.0,193.0,0,0,0.0,0,0.0,0,0,0.0,0.0,-0.5,0.0,0.0,628.0,236.0,,,618.0,236.0,611.0,236.0,581.0,233.0,620.0,236.0,,,,,,,,0.0,0.0,0.0,0.0,0.0,0.0,0.0,0.0,0.0,35,0,0,0,0,0,0,0,0,0,0,0,0,0,0,0,14,5,0.0,0.0,0.0,0.0,0.0,0.0,0.0,0.0,0.0,0,0,0,0
826,Riley,Owen,Owen,a,,,4.5,464,281.0,0.0,821,365.0,0.0,635.0,235.0,0,0,0.0,0,0.0,3,0,0.0,0.0,-0.5,0.0,0.0,726.0,296.0,,,721.0,291.0,716.0,293.0,700.0,286.0,722.0,292.0,,,,,,,,0.0,0.0,0.0,0.0,0.0,0.0,0.0,0.0,0.0,35,0,0,0,0,0,0,0,0,0,0,0,0,0,0,0,20,6,0.0,0.0,0.0,0.0,0.0,0.0,0.0,0.0,0.0,0,0,0,0
138,Jason,Steele,Steele,a,,,4.2,626,28.0,0.2,357,50.0,0.0,512.0,80.0,0,0,0.0,-3,3.0,8,2,0.0,0.0,1.0,0.5,0.0,645.0,89.0,,,635.0,89.0,629.0,79.0,600.0,65.0,637.0,89.0,,,,,,,,0.0,0.0,0.0,0.0,0.0,0.0,0.0,0.0,0.0,35,0,0,0,0,0,0,0,0,0,0,0,0,0,0,0,95,97,0.0,0.0,0.0,0.0,0.0,0.0,0.0,0.0,0.0,0,0,0,0
139,Bart,Verbruggen,Verbruggen,a,,,4.5,446,24.0,9.0,43,7.0,4.2,29.0,2.0,0,0,0.0,0,0.0,1754,264,0.9,26.2,5.2,4.7,3.5,124.0,16.0,,,10.0,2.0,433.0,11.0,687.0,79.0,156.0,2.0,,,,,,,,0.0,0.0,0.0,1.28,2.79,0.26,1.15,1.0,0.0,35,0,0,0,0,0,0,0,0,0,0,0,0,0,0,0,33103,19365,0.0,0.0,0.0,0.0,0.0,0.0,0.0,0.0,0.0,0,0,0,0
140,Tom,McGill,McGill,a,,,3.9,760,78.0,0.3,328,45.0,0.0,403.0,37.0,0,0,0.0,-1,1.0,2,5,0.0,0.0,1.0,0.5,0.0,555.0,49.0,,,544.0,49.0,531.0,32.0,499.0,18.0,546.0,49.0,,,,,,,,0.0,0.0,0.0,0.0,0.0,0.0,0.0,0.0,0.0,35,0,0,0,0,0,0,0,0,0,0,0,0,0,0,0,56,95,0.0,0.0,0.0,0.0,0.0,0.0,0.0,0.0,0.0,0,0,0,0
141,Carl,Rushworth,Rushworth,u,Has joined Coventry City on loan for the rest of the season.,,4.0,695,55.0,0.0,811,94.0,0.0,456.0,66.0,0,0,0.0,0,0.0,0,0,0.0,0.0,0.0,0.0,0.0,601.0,76.0,0.0,0.0,590.0,76.0,582.0,64.0,551.0,50.0,592.0,76.0,,,,,,,,0.0,0.0,0.0,0.0,0.0,0.0,0.0,0.0,0.0,35,0,0,0,0,0,0,0,0,0,0,0,0,0,0,0,0,0,0.0,0.0,0.0,0.0,0.0,0.0,0.0,0.0,0.0,0,0,0,0
142,Kjell,Scherpen,Scherpen,u,Has joined Union SG permanently,,4.0,683,48.0,0.0,813,95.0,0.0,444.0,59.0,0,0,0.0,0,0.0,0,0,0.0,0.0,0.0,0.0,0.0,591.0,69.0,0.0,0.0,580.0,69.0,572.0,57.0,541.0,43.0,582.0,69.0,,,,,,,,0.0,0.0,0.0,0.0,0.0,0.0,0.0,0.0,0.0,35,0,0,0,0,0,0,0,0,0,0,0,0,0,0,0,0,0,0.0,0.0,0.0,0.0,0.0,0.0,0.0,0.0,0.0,0,0,0,0
143,Olivier,Boscagli,Boscagli,a,,,4.2,633,143.0,0.1,418,155.0,4.2,28.0,15.0,0,0,0.0,-3,3.0,81,14,1.0,9.0,5.2,4.7,3.5,119.0,41.0,,,299.0,115.0,335.0,113.0,408.0,152.0,368.0,127.0,3.0,,,,,,,0.01,0.05,0.06,0.98,0.0,0.38,0.89,1.02,9.27,35,0,0,0,0,0,0,0,0,0,0,0,0,0,0,0,1248,475,0.0,0.0,0.0,0.0,0.0,0.0,0.0,0.0,0.0,0,0,0,0
144,Diego,Coppola,Coppola,u,has joined Paris FC on loan for the rest of the season.,,4.2,647,151.0,0.0,604,215.0,0.0,523.0,219.0,0,0,0.0,-3,3.0,0,1,0.0,2.4,0.0,0.0,2.0,340.0,124.0,0.0,0.0,427.0,159.0,455.0,164.0,446.0,168.0,457.0,164.0,,,,,,,,0.0,0.0,0.0,2.11,0.0,0.47,1.4,0.93,8.39,35,0,0,0,0,0,0,0,0,0,0,0,0,0,0,0,0,5,0.0,0.0,0.0,0.0,0.0,0.0,0.0,0.0,0.0,0,0,0,0
145,Maxim,De Cuyper,De Cuyper,a,,,4.3,591,134.0,1.5,161,64.0,1.2,198.0,69.0,0,0,0.0,-2,2.0,16,40,0.3,15.3,2.2,1.7,2.5,269.0,102.0,100.0,100.0,259.0,104.0,104.0,26.0,236.0,62.0,213.0,74.0,,1.0,,,,,,0.12,0.17,0.29,1.62,0.0,0.31,1.46,1.07,4.14,35,0,0,0,0,0,0,0,0,0,0,0,0,0,0,0,242,1506,0.0,0.0,0.0,0.0,0.0,0.0,0.0,0.0,0.0,0,0,0,0
146,Lewis,Dunk,Dunk,a,,,4.5,409,73.0,0.9,209,83.0,0.0,597.0,237.0,0,0,0.0,0,0.0,49,12,0.0,18.2,1.0,0.5,2.8,220.0,85.0,100.0,100.0,68.0,32.0,274.0,80.0,210.0,54.0,163.0,54.0,,3.0,,,,,,0.05,0.02,0.07,1.34,0.0,0.21,1.23,0.98,7.61,35,0,0,0,0,0,0,0,0,0,0,0,0,0,0,0,506,359,0.0,0.0,0.0,0.0,0.0,0.0,0.0,0.0,0.0,0,0,0,0
147,Pervis,Estupiñán Tenorio,Estupiñan,u,Has joined AC Milan permanently,,4.5,419,80.0,0.0,752,257.0,0.0,602.0,239.0,0,0,0.0,0,0.0,0,0,0.0,0.0,0.0,0.0,0.0,699.0,257.0,0.0,0.0,693.0,257.0,688.0,257.0,669.0,256.0,695.0,257.0,,,,,,,,0.0,0.0,0.0,0.0,0.0,0.0,0.0,0.0,0.0,35,0,0,0,0,0,0,0,0,0,0,0,0,0,0,0,0,0,0.0,0.0,0.0,0.0,0.0,0.0,0.0,0.0,0.0,0,0,0,0
148,Ferdi,Kadıoğlu,F.Kadıoğlu,a,,,4.4,537,110.0,1.0,198,77.0,5.5,12.0,5.0,0,0,0.0,-1,1.0,1119,36,1.2,24.5,6.5,6.0,3.3,148.0,57.0,,,121.0,54.0,85.0,19.0,123.0,21.0,100.0,27.0,,,,,,,,0.06,0.08,0.14,1.26,0.0,0.29,1.1,0.97,5.2,35,0,0,0,0,0,0,0,0,0,0,0,0,0,0,0,22868,3970,0.0,0.0,0.0,0.0,0.0,0.0,0.0,0.0,0.0,0,0,0,0
149,Igor Julio,dos Santos de Paulo,Igor,a,,,4.5,424,84.0,0.1,515,185.0,0.0,605.0,241.0,0,0,0.0,0,0.0,2,2,0.0,1.3,1.0,0.5,1.5,409.0,151.0,100.0,100.0,450.0,163.0,426.0,154.0,672.0,258.0,467.0,168.0,,,,,,,,0.0,0.0,0.0,4.07,0.0,0.0,2.62,0.87,11.36,35,0,0,0,0,0,0,0,0,0,0,0,0,0,0,0,23,52,0.0,0.0,0.0,0.0,0.0,0.0,0.0,0.0,0.0,0,0,0,0
150,Tariq,Lamptey,Lamptey,u,has joined Fiorentina permanently.,,4.4,539,112.0,0.1,523,188.0,0.0,566.0,233.0,0,0,0.0,-1,1.0,0,0,0.0,0.0,0.0,0.0,0.0,674.0,256.0,0.0,0.0,665.0,256.0,661.0,256.0,640.0,255.0,667.0,256.0,,,,,,,,0.0,0.0,0.0,0.0,0.0,0.0,0.0,0.0,0.0,35,0,0,0,0,0,0,0,0,0,0,0,0,0,0,0,0,5,0.0,0.0,0.0,0.0,0.0,0.0,0.0,0.0,0.0,0,0,0,0
151,Jan Paul,van Hecke,Van Hecke,a,,,4.6,401,69.0,10.1,37,12.0,4.2,31.0,17.0,0,0,0.0,1,-1.0,2401,292,0.9,29.8,5.2,4.7,4.3,39.0,14.0,100.0,100.0,7.0,3.0,173.0,43.0,107.0,14.0,50.0,7.0,,,,,,,,0.07,0.04,0.11,1.28,0.0,0.28,1.17,1.01,8.91,35,0,0,0,0,0,0,0,0,0,0,0,0,0,0,0,48417,22052,0.0,0.0,0.0,0.0,0.0,0.0,0.0,0.0,0.0,0,0,0,0
152,Joël,Veltman,Veltman,a,,,4.3,577,123.0,0.1,442,164.0,0.5,287.0,95.0,0,0,0.0,-2,2.0,3,15,0.1,8.8,1.5,1.0,1.8,368.0,136.0,100.0,100.0,263.0,106.0,318.0,106.0,320.0,100.0,331.0,111.0,,,,,,,,0.1,0.01,0.11,1.54,0.0,0.1,1.21,0.81,9.52,35,0,0,0,0,0,0,0,0,0,0,0,0,0,0,0,55,142,0.0,0.0,0.0,0.0,0.0,0.0,0.0,0.0,0.0,0,0,0,0
153,Adam,Webster,Webster,i,Knee injury - Unknown return date,,4.4,529,104.0,0.0,764,259.0,0.0,561.0,230.0,0,0,0.0,-1,1.0,0,1,0.0,0.0,0.0,0.0,0.0,672.0,255.0,0.0,0.0,663.0,255.0,658.0,255.0,637.0,254.0,665.0,255.0,,,,,,,,0.0,0.0,0.0,0.0,0.0,0.0,0.0,0.0,0.0,35,0,0,0,0,0,0,0,0,0,0,0,0,0,0,0,11,5,0.0,0.0,0.0,0.0,0.0,0.0,0.0,0.0,0.0,0,0,0,0
154,Eiran,Cashin,Cashin,u,has joined Blackburn Rovers on loan for the rest of the season.,,4.0,686,171.0,0.0,786,262.0,0.0,447.0,169.0,0,0,0.0,0,0.0,0,0,0.0,0.0,0.0,0.0,0.0,594.0,217.0,0.0,0.0,583.0,216.0,575.0,216.0,544.0,212.0,585.0,216.0,,,,,,,,0.0,0.0,0.0,0.0,0.0,0.0,0.0,0.0,0.0,35,0,0,0,0,0,0,0,0,0,0,0,0,0,0,0,0,1,0.0,0.0,0.0,0.0,0.0,0.0,0.0,0.0,0.0,0,0,0,0
155,Jacob,Slater,Slater,u,has joined Harrogate Town on loan until January.,,4.0,731,198.0,0.1,511,182.0,0.0,489.0,194.0,0,0,0.0,0,0.0,0,0,0.0,0.0,0.0,0.0,0.0,630.0,237.0,0.0,0.0,620.0,237.0,613.0,237.0,583.0,234.0,622.0,237.0,,,,,,,,0.0,0.0,0.0,0.0,0.0,0.0,0.0,0.0,0.0,35,0,0,0,0,0,0,0,0,0,0,0,0,0,0,0,0,8,0.0,0.0,0.0,0.0,0.0,0.0,0.0,0.0,0.0,0,0,0,0
156,Charlie,Tasker,Tasker,a,,,3.8,814,253.0,0.2,413,152.0,0.0,387.0,143.0,0,0,0.0,-2,2.0,4,4,0.0,0.0,1.0,0.5,0.0,543.0,197.0,,,532.0,196.0,516.0,196.0,483.0,190.0,534.0,196.0,,,,,,,,0.0,0.0,0.0,0.0,0.0,0.0,0.0,0.0,0.0,35,0,0,0,0,0,0,0,0,0,0,0,0,0,0,0,51,65,0.0,0.0,0.0,0.0,0.0,0.0,0.0,0.0,0.0,0,0,0,0
157,Mitoma,Kaoru,Mitoma,a,,,6.1,82,54.0,2.2,133,44.0,2.5,111.0,42.0,0,0,0.0,-4,4.0,465,72,0.4,10.0,3.5,3.0,2.7,247.0,100.0,100.0,100.0,236.0,101.0,71.0,56.0,64.0,38.0,101.0,57.0,,,,,,,,0.21,0.15,0.36,1.16,0.0,0.29,0.98,0.98,5.74,35,0,0,0,0,0,0,0,0,0,0,0,0,0,0,0,7006,3083,0.0,0.0,0.0,0.0,0.0,0.0,0.0,0.0,0.0,0,0,0,0
158,Georginio,Rutter,Georginio,a,,,5.6,131,82.0,0.3,304,106.0,3.2,77.0,26.0,0,0,0.0,-4,4.0,153,12,0.6,14.8,4.2,3.7,3.0,203.0,81.0,100.0,100.0,205.0,87.0,112.0,78.0,59.0,34.0,106.0,62.0,,,,,,,,0.13,0.12,0.25,1.06,0.0,0.37,0.95,1.05,6.63,35,0,0,0,0,0,0,0,0,0,0,0,0,0,0,0,1998,506,0.0,0.0,0.0,0.0,0.0,0.0,0.0,0.0,0.0,0,0,0,0
159,Solly,March,March,i,Muscle injury - Expected back 09 May,,5.8,104,68.0,0.0,710,289.0,0.0,806.0,357.0,0,0,0.0,-2,2.0,0,4,0.0,0.2,0.0,0.0,1.0,509.0,237.0,0.0,0.0,819.0,365.0,819.0,365.0,818.0,365.0,819.0,365.0,,,,,,,,0.0,0.0,0.0,5.62,0.0,0.0,0.0,0.0,0.0,35,0,0,0,0,0,0,0,0,0,0,0,0,0,0,0,8,119,0.0,0.0,0.0,0.0,0.0,0.0,0.0,0.0,0.0,0,0,0,0
160,Yankuba,Minteh,Minteh,a,,,5.5,149,94.0,2.4,129,42.0,1.8,168.0,71.0,0,0,0.0,-5,5.0,400,175,0.3,18.5,2.8,2.3,3.4,144.0,62.0,100.0,100.0,149.0,51.0,28.0,26.0,32.0,16.0,34.0,26.0,5.0,,,,,,,0.14,0.19,0.33,1.29,0.0,0.39,1.26,1.0,7.33,35,0,0,0,0,0,0,0,0,0,0,0,0,0,0,0,5564,8332,0.0,0.0,0.0,0.0,0.0,0.0,0.0,0.0,0.0,0,0,0,0
161,Julio,Enciso Espínola,Enciso,u,has joined Strasbourg permanently.,,5.4,170,106.0,0.0,755,321.0,0.0,791.0,348.0,0,0,0.0,-1,1.0,0,0,0.0,0.0,0.0,0.0,0.0,814.0,361.0,0.0,0.0,813.0,360.0,812.0,360.0,810.0,359.0,813.0,360.0,,,,,,,,0.0,0.0,0.0,0.0,0.0,0.0,0.0,0.0,0.0,35,0,0,0,0,0,0,0,0,0,0,0,0,0,0,0,0,0,0.0,0.0,0.0,0.0,0.0,0.0,0.0,0.0,0.0,0,0,0,0
162,Brajan,Gruda,Gruda,u,has joined Leipzig on loan for the rest of the season.,,5.4,175,111.0,0.0,601,227.0,0.0,793.0,350.0,0,0,0.0,-1,1.0,0,0,0.0,6.5,0.0,0.0,1.9,360.0,155.0,0.0,0.0,344.0,155.0,177.0,118.0,214.0,117.0,284.0,144.0,,,,,,,,0.24,0.11,0.35,1.76,0.0,0.25,1.4,1.02,7.37,35,0,0,0,0,0,0,0,0,0,0,0,0,0,0,0,0,2,0.0,0.0,0.0,0.0,0.0,0.0,0.0,0.0,0.0,0,0,0,0
163,Jack,Hinshelwood,Hinshelwood,a,,,5.1,240,145.0,0.5,264,91.0,3.2,73.0,23.0,0,0,0.0,-4,4.0,106,16,0.6,13.9,4.2,3.7,3.1,192.0,75.0,100.0,100.0,268.0,111.0,193.0,126.0,102.0,62.0,215.0,103.0,,,,,,,,0.24,0.12,0.36,1.5,0.0,0.32,1.15,1.02,6.46,35,0,0,0,0,0,0,0,0,0,0,0,0,0,0,0,10952,3479,0.0,0.0,0.0,0.0,0.0,0.0,0.0,0.0,0.0,0,0,0,0
164,Matt,O'Riley,O'Riley,a,,,5.5,141,88.0,0.3,305,107.0,0.5,309.0,142.0,0,0,0.0,0,0.0,12,1,0.1,2.9,1.5,1.0,2.7,244.0,98.0,100.0,100.0,408.0,178.0,326.0,177.0,321.0,168.0,391.0,180.0,,,3.0,,,,,0.54,0.08,0.62,1.13,0.0,0.45,1.34,0.89,4.46,35,0,0,0,0,0,0,0,0,0,0,0,0,0,0,0,70,44,0.0,0.0,0.0,0.0,0.0,0.0,0.0,0.0,0.0,0,0,0,0
165,Abdallah,Sima,Sima,u,has joined Lens permanently.,,5.4,176,112.0,0.0,740,311.0,0.0,794.0,351.0,0,0,0.0,-1,1.0,0,0,0.0,0.0,0.0,0.0,0.0,815.0,362.0,0.0,0.0,814.0,361.0,813.0,361.0,811.0,360.0,814.0,361.0,,,,,,,,0.0,0.0,0.0,0.0,0.0,0.0,0.0,0.0,0.0,35,0,0,0,0,0,0,0,0,0,0,0,0,0,0,0,0,0,0.0,0.0,0.0,0.0,0.0,0.0,0.0,0.0,0.0,0,0,0,0
166,Yasin,Ayari,Ayari,a,,,4.8,371,231.0,0.4,289,100.0,2.8,91.0,32.0,0,0,0.0,-2,2.0,70,34,0.6,20.0,3.8,3.3,3.6,107.0,44.0,100.0,100.0,187.0,74.0,155.0,104.0,132.0,77.0,162.0,85.0,,2.0,,,,,,0.13,0.05,0.18,1.26,0.0,0.28,1.09,0.95,10.57,35,0,0,0,0,0,0,0,0,0,0,0,0,0,0,0,897,1237,0.0,0.0,0.0,0.0,0.0,0.0,0.0,0.0,0.0,0,0,0,0
167,Carlos,Baleba,Baleba,a,,,4.5,460,277.0,1.5,162,56.0,1.0,226.0,102.0,0,0,0.0,-5,5.0,135,44,0.2,10.0,2.0,1.5,1.7,394.0,166.0,100.0,100.0,365.0,162.0,279.0,168.0,367.0,188.0,372.0,175.0,,,,,,,,0.04,0.04,0.08,1.14,0.0,0.33,1.11,1.3,10.7,35,0,0,0,0,0,0,0,0,0,0,0,0,0,0,0,1686,1037,0.0,0.0,0.0,0.0,0.0,0.0,0.0,0.0,0.0,0,0,0,0
169,Diego,Gómez Amarilla,Gomez,i,Knee injury - Expected back 09 May,,4.9,334,205.0,0.6,251,89.0,1.5,184.0,80.0,0,0,0.0,-1,1.0,0,435,0.3,19.4,0.0,0.0,3.2,172.0,70.0,0.0,0.0,140.0,46.0,114.0,79.0,67.0,40.0,87.0,53.0,,5.0,,,,,,0.23,0.08,0.31,1.22,0.0,0.35,1.11,1.11,10.0,35,0,0,0,0,0,0,0,0,0,0,0,0,0,0,0,36,12916,0.0,0.0,0.0,0.0,0.0,0.0,0.0,0.0,0.0,0,0,0,0
170,James,Milner,Milner,i,Knock - Expected back 09 May,,4.9,284,176.0,0.1,473,164.0,0.0,709.0,290.0,0,0,0.0,-1,1.0,2,7,0.0,6.9,0.0,0.0,1.8,377.0,159.0,0.0,0.0,343.0,154.0,231.0,148.0,328.0,171.0,340.0,165.0,,,1.0,,,,,0.13,0.08,0.21,1.43,0.0,0.25,1.76,0.76,9.58,35,0,0,0,0,0,0,0,0,0,0,0,0,0,0,0,5,58,0.0,0.0,0.0,0.0,0.0,0.0,0.0,0.0,0.0,0,0,0,0
171,Jeremy,Sarmiento Morante,Sarmiento,u,has joined Middlesbrough on loan for the rest of the season.,,4.9,325,201.0,0.0,716,295.0,0.0,730.0,306.0,0,0,0.0,-1,1.0,0,0,0.0,0.0,0.0,0.0,0.0,786.0,342.0,0.0,0.0,785.0,341.0,781.0,341.0,777.0,339.0,785.0,341.0,,,,,,,,0.0,0.0,0.0,0.0,0.0,0.0,0.0,0.0,0.0,35,0,0,0,0,0,0,0,0,0,0,0,0,0,0,0,0,0,0.0,0.0,0.0,0.0,0.0,0.0,0.0,0.0,0.0,0,0,0,0
172,Tom,Watson,Watson,u,has joined Millwall on loan for the rest of the season.,,4.8,373,233.0,0.0,655,258.0,0.0,708.0,289.0,0,0,0.0,-2,2.0,0,0,0.0,1.0,0.0,0.0,0.8,521.0,241.0,0.0,0.0,482.0,217.0,464.0,221.0,432.0,207.0,481.0,217.0,,,,,,,,0.06,0.05,0.11,2.72,0.0,0.0,3.16,0.0,7.89,35,0,0,0,0,0,0,0,0,0,0,0,0,0,0,0,0,4,0.0,0.0,0.0,0.0,0.0,0.0,0.0,0.0,0.0,0,0,0,0
173,Mats,Wieffer,Wieffer,a,,,4.9,329,204.0,0.5,260,90.0,5.0,16.0,7.0,0,0,0.0,-1,1.0,204,134,1.0,18.6,6.0,5.5,3.8,82.0,37.0,100.0,100.0,124.0,40.0,139.0,93.0,155.0,87.0,132.0,73.0,,,,,,,,0.1,0.09,0.19,1.1,0.0,0.3,1.1,1.05,13.14,35,0,0,0,0,0,0,0,0,0,0,0,0,0,0,0,3731,4811,0.0,0.0,0.0,0.0,0.0,0.0,0.0,0.0,0.0,0,0,0,0
174,Malick,Yalcouyé,Yalcouye,u,Has joined Swansea City on loan for the rest of the season.,,5.0,281,174.0,0.0,784,341.0,0.0,761.0,330.0,0,0,0.0,0,0.0,0,0,0.0,0.0,0.0,0.0,0.0,805.0,356.0,0.0,0.0,804.0,355.0,802.0,355.0,797.0,353.0,804.0,355.0,,,,,,,,0.0,0.0,0.0,0.0,0.0,0.0,0.0,0.0,0.0,35,0,0,0,0,0,0,0,0,0,0,0,0,0,0,0,0,0,0.0,0.0,0.0,0.0,0.0,0.0,0.0,0.0,0.0,0,0,0,0
175,Joe,Knight,Knight,u,has joined Stevenage permanently.,,4.4,565,339.0,0.1,547,203.0,0.0,585.0,201.0,0,0,0.0,-1,1.0,0,0,0.0,0.2,0.0,0.0,1.0,479.0,212.0,0.0,0.0,681.0,260.0,676.0,263.0,657.0,255.0,683.0,262.0,,,,,,,,0.0,0.0,0.0,0.0,0.0,0.0,0.0,0.0,0.0,35,0,0,0,0,0,0,0,0,0,0,0,0,0,0,0,0,18,0.0,0.0,0.0,0.0,0.0,0.0,0.0,0.0,0.0,0,0,0,0
176,Adrian,Mazilu,Mazilu,u,has joined Dinamo Bucharest permanently.,,4.5,465,282.0,0.0,697,281.0,0.0,636.0,236.0,0,0,0.0,0,0.0,0,0,0.0,0.0,0.0,0.0,0.0,727.0,297.0,0.0,0.0,722.0,292.0,717.0,294.0,701.0,287.0,723.0,293.0,,,,,,,,0.0,0.0,0.0,0.0,0.0,0.0,0.0,0.0,0.0,35,0,0,0,0,0,0,0,0,0,0,0,0,0,0,0,0,1,0.0,0.0,0.0,0.0,0.0,0.0,0.0,0.0,0.0,0,0,0,0
177,Andrew,Moran,Moran,u,Has joined Los Angeles FC on loan for the rest of the season.,,4.5,454,271.0,0.0,711,290.0,0.0,627.0,227.0,0,0,0.0,0,0.0,0,0,0.0,0.0,0.0,0.0,0.0,718.0,288.0,0.0,0.0,713.0,283.0,708.0,285.0,692.0,278.0,714.0,284.0,,,,,,,,0.0,0.0,0.0,0.0,0.0,0.0,0.0,0.0,0.0,35,0,0,0,0,0,0,0,0,0,0,0,0,0,0,0,0,1,0.0,0.0,0.0,0.0,0.0,0.0,0.0,0.0,0.0,0,0,0,0
178,Danny,Welbeck,Welbeck,a,,,6.3,62,21.0,7.7,51,9.0,2.5,113.0,17.0,0,0,0.0,-2,2.0,3641,570,0.4,18.4,3.5,3.0,3.5,132.0,10.0,100.0,100.0,81.0,5.0,136.0,9.0,20.0,12.0,38.0,8.0,,4.0,2.0,,,,,0.54,0.06,0.6,1.25,0.0,0.37,1.05,1.0,4.43,35,0,0,0,0,0,0,0,0,0,0,0,0,0,0,0,42727,42170,0.0,0.0,0.0,0.0,0.0,0.0,0.0,0.0,0.0,0,0,0,0
179,Evan,Ferguson,Ferguson,u,Has joined AS Roma on loan for the rest of the season,,5.5,147,36.0,0.0,760,92.0,0.0,800.0,86.0,0,0,0.0,0,0.0,0,0,0.0,0.0,0.0,0.0,0.0,819.0,90.0,0.0,0.0,818.0,90.0,817.0,90.0,815.0,90.0,818.0,90.0,,,,,,,,0.0,0.0,0.0,0.0,0.0,0.0,0.0,0.0,0.0,35,0,0,0,0,0,0,0,0,0,0,0,0,0,0,0,0,0,0.0,0.0,0.0,0.0,0.0,0.0,0.0,0.0,0.0,0,0,0,0
180,Stefanos,Tzimas,Tzimas,i,Knee injury - Expected back 01 Jun,,5.2,221,51.0,0.1,538,74.0,0.0,774.0,83.0,0,0,0.0,-3,3.0,2,0,0.0,3.1,0.0,0.0,1.8,384.0,45.0,0.0,0.0,407.0,48.0,333.0,41.0,345.0,54.0,395.0,50.0,,,,,,,,0.3,0.08,0.38,1.77,0.0,0.0,1.36,0.68,10.23,35,0,0,0,0,0,0,0,0,0,0,0,0,0,0,0,21,13,0.0,0.0,0.0,0.0,0.0,0.0,0.0,0.0,0.0,0,0,0,0
181,Charalampos,Kostoulas,Kostoulas,a,,,4.8,375,64.0,0.3,312,48.0,0.2,340.0,46.0,0,0,0.0,-2,2.0,6,13,0.0,6.5,1.2,0.7,1.8,376.0,42.0,,,349.0,35.0,299.0,32.0,161.0,37.0,310.0,34.0,,,,,,,,0.54,0.08,0.62,1.4,0.0,0.3,2.1,0.6,11.4,35,0,0,0,0,0,0,0,0,0,0,0,0,0,0,0,82,168,0.0,0.0,0.0,0.0,0.0,0.0,0.0,0.0,0.0,0,0,0,0
744,Nehemiah,Oriola,Oriola,a,,,4.5,470,285.0,0.0,713,292.0,0.0,640.0,239.0,0,0,0.0,0,0.0,2,0,0.0,0.2,1.0,0.5,1.0,485.0,217.0,,,726.0,295.0,720.0,296.0,705.0,290.0,727.0,296.0,,,,,,,,0.0,0.0,0.0,0.0,0.0,0.0,0.0,0.0,0.0,35,0,0,0,0,0,0,0,0,0,0,0,0,0,0,0,36,16,0.0,0.0,0.0,0.0,0.0,0.0,0.0,0.0,0.0,0,0,0,0
761,Freddie,Simmonds,Simmonds,a,,,4.0,736,203.0,0.0,690,245.0,0.0,494.0,199.0,0,0,0.0,0,0.0,5,3,0.0,0.0,1.0,0.5,0.0,634.0,241.0,,,624.0,241.0,617.0,241.0,587.0,238.0,626.0,241.0,,,,,,,,0.0,0.0,0.0,0.0,0.0,0.0,0.0,0.0,0.0,35,0,0,0,0,0,0,0,0,0,0,0,0,0,0,0,19,17,0.0,0.0,0.0,0.0,0.0,0.0,0.0,0.0,0.0,0,0,0,0
783,Pascal,Groß,Groß,a,,,5.5,134,83.0,2.6,121,39.0,5.5,13.0,6.0,0,0,0.0,0,0.0,1430,77,1.0,11.8,6.5,6.0,4.3,41.0,18.0,,,197.0,80.0,33.0,30.0,250.0,136.0,115.0,67.0,1.0,,,,,,,0.06,0.22,0.28,1.03,0.0,0.35,0.71,0.99,8.46,35,0,0,0,0,0,0,0,0,0,0,0,0,0,0,0,54938,10585,0.0,0.0,0.0,0.0,0.0,0.0,0.0,0.0,0.0,0,0,0,0
795,Harry,Howell,Howell,a,,,4.5,495,305.0,0.0,769,329.0,0.0,665.0,259.0,0,0,0.0,0,0.0,2,2,0.0,0.9,1.0,0.5,1.3,435.0,191.0,,,470.0,207.0,450.0,216.0,454.0,223.0,478.0,215.0,,,,,,,,0.0,0.03,0.03,1.02,0.0,0.0,1.96,0.98,6.85,35,0,0,0,0,0,0,0,0,0,0,0,0,0,0,0,19,14,0.0,0.0,0.0,0.0,0.0,0.0,0.0,0.0,0.0,0,0,0,0
220,Robert,Lynch Sánchez,Sánchez,a,,,4.8,354,13.0,11.5,34,5.0,1.5,180.0,15.0,0,0,0.0,-2,2.0,57,1164,0.3,22.5,1.0,1.5,3.4,139.0,17.0,100.0,100.0,22.0,6.0,357.0,1.0,761.0,86.0,175.0,5.0,,,,,,,,0.0,0.0,0.0,1.39,2.9,0.29,1.39,1.03,0.0,35,0,0,0,0,0,0,0,0,0,0,0,0,0,0,0,1639,18150,0.0,0.0,0.0,0.0,0.0,0.0,0.0,0.0,0.0,0,0,0,0
221,Filip,Jörgensen,Jörgensen,d,Groin Injury - 25% chance of playing,,4.3,606,27.0,0.2,407,57.0,0.0,543.0,85.0,0,0,0.0,-2,2.0,0,9,0.0,1.4,-0.1,0.0,2.0,341.0,34.0,25.0,25.0,411.0,31.0,645.0,84.0,622.0,73.0,448.0,31.0,,,,,,,,0.0,0.0,0.0,1.21,2.05,0.0,1.36,0.68,0.0,35,0,0,0,0,0,0,0,0,0,0,0,0,0,0,0,3,65,0.0,0.0,0.0,0.0,0.0,0.0,0.0,0.0,0.0,0,0,0,0
222,Mike,Penders,Penders,u,Has joined RC Strasbourg on loan for the rest of the season.,,4.0,720,65.0,0.0,806,93.0,0.0,478.0,76.0,0,0,0.0,0,0.0,0,0,0.0,0.0,0.0,0.0,0.0,619.0,85.0,0.0,0.0,609.0,85.0,602.0,74.0,572.0,60.0,611.0,85.0,,,,,,,,0.0,0.0,0.0,0.0,0.0,0.0,0.0,0.0,0.0,35,0,0,0,0,0,0,0,0,0,0,0,0,0,0,0,0,0,0.0,0.0,0.0,0.0,0.0,0.0,0.0,0.0,0.0,0,0,0,0
223,Gabriel,Słonina,Slonina,a,,,3.9,771,83.0,0.1,470,68.0,0.0,411.0,42.0,0,0,0.0,-1,1.0,1,2,0.0,0.0,-0.5,0.0,0.0,563.0,54.0,,,552.0,54.0,539.0,37.0,507.0,23.0,554.0,54.0,,,,,,,,0.0,0.0,0.0,0.0,0.0,0.0,0.0,0.0,0.0,35,0,0,0,0,0,0,0,0,0,0,0,0,0,0,0,20,43,0.0,0.0,0.0,0.0,0.0,0.0,0.0,0.0,0.0,0,0,0,0
224,Marc,Cucurella Saseta,Cucurella,a,,,6.1,80,3.0,14.8,25,9.0,0.8,275.0,90.0,0,0,0.0,1,-1.0,159,992,0.1,15.9,0.3,0.8,3.2,180.0,71.0,100.0,100.0,95.0,41.0,46.0,4.0,114.0,18.0,64.0,10.0,,,,,,,,0.09,0.12,0.21,1.35,0.0,0.35,1.23,1.04,6.56,35,0,0,0,0,0,0,0,0,0,0,0,0,0,0,0,3970,13385,0.0,0.0,0.0,0.0,0.0,0.0,0.0,0.0,0.0,0,0,0,0
225,Reece,James,James,d,Lack of match fitness - 75% chance of playing,,5.6,128,12.0,5.9,65,21.0,0.0,803.0,264.0,0,0,0.0,1,-1.0,12,384,0.0,20.2,-0.4,0.0,4.2,46.0,18.0,75.0,75.0,132.0,58.0,49.0,6.0,264.0,72.0,109.0,29.0,1.0,1.0,,,,,,0.05,0.15,0.2,1.34,0.0,0.38,0.95,0.95,5.9,35,0,0,0,0,0,0,0,0,0,0,0,0,0,0,0,79,5845,0.0,0.0,0.0,0.0,0.0,0.0,0.0,0.0,0.0,0,0,0,0
226,Trevoh,Chalobah,Chalobah,a,,,5.4,156,18.0,9.3,38,13.0,0.5,308.0,103.0,0,0,0.0,4,-4.0,98,685,0.1,24.6,0.0,0.5,4.3,40.0,15.0,100.0,100.0,40.0,16.0,276.0,81.0,207.0,52.0,134.0,40.0,,,,,,,,0.05,0.03,0.08,1.3,0.0,0.31,1.26,1.02,8.66,35,0,0,0,0,0,0,0,0,0,0,0,0,0,0,0,2473,11726,0.0,0.0,0.0,0.0,0.0,0.0,0.0,0.0,0.0,0,0,0,0
227,Levi,Samuels Colwill,Colwill,d,Lack of match fitness - 75% chance of playing,,4.7,388,66.0,0.1,479,174.0,0.0,700.0,250.0,0,0,0.0,-3,3.0,1,4,0.0,0.0,-0.4,0.0,0.0,772.0,262.0,75.0,75.0,771.0,262.0,766.0,262.0,757.0,262.0,771.0,262.0,,,,,,,,0.0,0.0,0.0,0.0,0.0,0.0,0.0,0.0,0.0,35,0,0,0,0,0,0,0,0,0,0,0,0,0,0,0,11,15,0.0,0.0,0.0,0.0,0.0,0.0,0.0,0.0,0.0,0,0,0,0
228,Malo,Gusto,Gusto,a,,,4.9,330,54.0,2.0,139,56.0,1.0,233.0,80.0,0,0,0.0,-1,1.0,39,378,0.2,19.4,0.5,1.0,3.1,190.0,76.0,100.0,100.0,155.0,68.0,83.0,18.0,190.0,46.0,137.0,42.0,,,,,,,,0.07,0.1,0.17,1.48,0.0,0.32,1.36,1.04,5.06,35,0,0,0,0,0,0,0,0,0,0,0,0,0,0,0,1130,3991,0.0,0.0,0.0,0.0,0.0,0.0,0.0,0.0,0.0,0,0,0,0
229,Benoît,Badiashile Mukinayi,B.Badiashile,a,,,4.4,541,114.0,0.0,649,232.0,0.0,567.0,234.0,0,0,0.0,-1,1.0,1,2,0.0,1.6,-0.5,0.0,0.9,511.0,174.0,100.0,100.0,375.0,141.0,440.0,157.0,451.0,169.0,421.0,150.0,,,,,,,,0.0,0.01,0.01,1.42,0.0,0.0,1.91,1.15,9.19,35,0,0,0,0,0,0,0,0,0,0,0,0,0,0,0,10,18,0.0,0.0,0.0,0.0,0.0,0.0,0.0,0.0,0.0,0,0,0,0
230,Wesley,Fofana,Fofana,a,,,4.4,545,117.0,0.4,291,109.0,1.2,200.0,71.0,0,0,0.0,-1,1.0,8,69,0.3,13.6,0.7,1.2,2.7,234.0,91.0,100.0,100.0,138.0,61.0,336.0,114.0,307.0,93.0,255.0,86.0,,,,,,,,0.04,0.04,0.08,1.34,0.0,0.24,1.27,1.03,11.32,35,0,0,0,0,0,0,0,0,0,0,0,0,0,0,0,145,1234,0.0,0.0,0.0,0.0,0.0,0.0,0.0,0.0,0.0,0,0,0,0
231,Mamadou,Sarr,M.Sarr,a,,,4.5,480,97.0,0.0,664,234.0,0.0,650.0,247.0,0,0,0.0,0,0.0,6,1,0.0,0.4,-0.5,0.0,1.0,487.0,173.0,100.0,100.0,480.0,172.0,493.0,177.0,431.0,165.0,489.0,172.0,,,,,,,,0.35,0.0,0.35,1.4,0.0,0.0,2.97,0.99,7.91,35,0,0,0,0,0,0,0,0,0,0,0,0,0,0,0,32,31,0.0,0.0,0.0,0.0,0.0,0.0,0.0,0.0,0.0,0,0,0,0
232,Tosin,Adarabioyo,Tosin,a,,,4.0,671,163.0,0.3,346,125.0,0.0,434.0,163.0,0,0,0.0,-5,5.0,14,5,0.0,8.5,-0.5,0.0,2.3,296.0,109.0,100.0,100.0,265.0,108.0,384.0,137.0,393.0,140.0,361.0,123.0,,,,,,,,0.01,0.05,0.06,1.47,0.0,0.24,1.45,0.85,11.39,35,0,0,0,0,0,0,0,0,0,0,0,0,0,0,0,158,113,0.0,0.0,0.0,0.0,0.0,0.0,0.0,0.0,0.0,0,0,0,0
233,Josh,Acheampong,Acheampong,a,,,3.7,828,266.0,1.6,155,60.0,0.8,252.0,82.0,0,0,0.0,-3,3.0,156,141,0.2,9.7,0.3,0.8,2.4,279.0,105.0,100.0,100.0,352.0,133.0,369.0,134.0,314.0,97.0,377.0,129.0,,,,,,,,0.09,0.02,0.11,2.19,0.0,0.31,1.87,1.09,6.37,35,0,0,0,0,0,0,0,0,0,0,0,0,0,0,0,3456,2566,0.0,0.0,0.0,0.0,0.0,0.0,0.0,0.0,0.0,0,0,0,0
234,Aarón,Anselmino,Anselmino,u,has joined Strasbourg on loan for the rest of the season.,,4.0,741,208.0,0.1,579,207.0,0.0,499.0,204.0,0,0,0.0,0,0.0,0,0,0.0,0.0,0.0,0.0,0.0,638.0,245.0,0.0,0.0,628.0,245.0,621.0,245.0,591.0,242.0,630.0,245.0,,,,,,,,0.0,0.0,0.0,0.0,0.0,0.0,0.0,0.0,0.0,35,0,0,0,0,0,0,0,0,0,0,0,0,0,0,0,0,5,0.0,0.0,0.0,0.0,0.0,0.0,0.0,0.0,0.0,0,0,0,0
235,Cole,Palmer,Palmer,a,,,10.5,3,2.0,16.1,20,7.0,1.5,196.0,89.0,0,0,0.0,0,0.0,154,3913,0.1,9.7,1.0,1.5,4.6,27.0,11.0,100.0,100.0,117.0,37.0,96.0,69.0,48.0,28.0,68.0,43.0,,3.0,1.0,,,,,0.52,0.12,0.64,1.41,0.0,0.17,1.47,1.13,6.71,35,0,0,0,0,0,0,0,0,0,0,0,0,0,0,0,10930,75641,0.0,0.0,0.0,0.0,0.0,0.0,0.0,0.0,0.0,0,0,0,0
236,Pedro,Lomba Neto,Neto,a,,,7.0,36,21.0,4.3,89,30.0,1.5,195.0,88.0,0,0,0.0,0,0.0,66,447,0.2,16.3,1.0,1.5,3.6,117.0,53.0,100.0,100.0,120.0,39.0,11.0,11.0,43.0,25.0,29.0,23.0,2.0,4.0,,,,,,0.16,0.24,0.4,1.25,0.0,0.4,1.09,1.02,4.18,35,0,0,0,0,0,0,0,0,0,0,0,0,0,0,0,2735,5692,0.0,0.0,0.0,0.0,0.0,0.0,0.0,0.0,0.0,0,0,0,0
237,Enzo,Fernández,Enzo,a,,,6.5,51,32.0,11.3,35,12.0,1.0,249.0,115.0,0,0,0.0,0,0.0,353,1462,0.2,20.5,0.5,1.0,4.2,49.0,21.0,100.0,100.0,35.0,9.0,4.0,4.0,22.0,10.0,4.0,2.0,3.0,2.0,2.0,,,,,0.35,0.21,0.56,1.27,0.0,0.26,1.27,1.01,7.22,35,0,0,0,0,0,0,0,0,0,0,0,0,0,0,0,17651,26209,0.0,0.0,0.0,0.0,0.0,0.0,0.0,0.0,0.0,0,0,0,0
238,Estêvão,Almeida de Oliveira Gonçalves,Estêvão,i,Hamstring injury - Expected back 01 Jun,,6.4,61,40.0,1.7,150,50.0,0.5,314.0,145.0,0,0,0.0,-1,1.0,1,161,0.1,9.1,0.0,0.0,2.6,261.0,110.0,0.0,0.0,306.0,133.0,167.0,113.0,91.0,53.0,202.0,97.0,4.0,,3.0,,,,,0.31,0.23,0.54,1.1,0.0,0.43,1.18,1.29,6.01,35,0,0,0,0,0,0,0,0,0,0,0,0,0,0,0,10,2648,0.0,0.0,0.0,0.0,0.0,0.0,0.0,0.0,0.0,0,0,0,0
239,Jamie,Bynoe-Gittens,Gittens,d,Hamstring injury - 25% chance of playing,,6.0,86,55.0,0.1,488,172.0,0.0,812.0,361.0,0,0,0.0,-5,5.0,0,1,0.0,4.2,-0.1,0.0,1.6,407.0,174.0,25.0,25.0,384.0,170.0,251.0,157.0,285.0,153.0,348.0,167.0,,,,,,,,0.15,0.17,0.32,1.65,0.0,0.19,1.3,0.93,5.37,35,0,0,0,0,0,0,0,0,0,0,0,0,0,0,0,3,6,0.0,0.0,0.0,0.0,0.0,0.0,0.0,0.0,0.0,0,0,0,0
240,Christopher,Nkunku,Nkunku,u,has joined AC Milan permanently.,,5.9,93,61.0,0.1,528,192.0,0.0,808.0,358.0,0,0,0.0,-1,1.0,0,0,0.0,0.0,0.0,0.0,0.0,820.0,366.0,0.0,0.0,820.0,366.0,820.0,366.0,819.0,366.0,820.0,366.0,,,,,,,,0.0,0.0,0.0,0.0,0.0,0.0,0.0,0.0,0.0,35,0,0,0,0,0,0,0,0,0,0,0,0,0,0,0,0,1,0.0,0.0,0.0,0.0,0.0,0.0,0.0,0.0,0.0,0,0,0,0
241,Moisés,Caicedo Corozo,Caicedo,a,,,5.7,118,74.0,7.3,57,20.0,1.5,190.0,85.0,0,0,0.0,2,-2.0,47,266,0.3,17.9,1.0,1.5,3.5,131.0,58.0,100.0,100.0,93.0,30.0,110.0,76.0,254.0,138.0,135.0,75.0,,,,,,,,0.05,0.08,0.13,1.34,0.0,0.22,1.47,1.03,12.2,35,0,0,0,0,0,0,0,0,0,0,0,0,0,0,0,1016,3512,0.0,0.0,0.0,0.0,0.0,0.0,0.0,0.0,0.0,0,0,0,0
244,Roméo,Lavia,Lavia,a,,,4.9,335,206.0,0.0,691,277.0,1.0,234.0,106.0,0,0,0.0,-1,1.0,3,0,0.2,2.4,0.5,1.0,1.1,452.0,201.0,100.0,100.0,446.0,199.0,372.0,189.0,412.0,202.0,434.0,196.0,,,,,,,,0.05,0.13,0.18,1.86,0.0,0.0,1.99,0.85,9.65,35,0,0,0,0,0,0,0,0,0,0,0,0,0,0,0,33,13,0.0,0.0,0.0,0.0,0.0,0.0,0.0,0.0,0.0,0,0,0,0
245,Mykhailo,Mudryk,Mudryk,s,Suspended - unknown return date,,4.9,328,203.0,0.0,751,319.0,0.0,733.0,308.0,0,0,0.0,-1,1.0,0,0,0.0,0.0,0.0,0.0,0.0,788.0,343.0,0.0,0.0,787.0,342.0,783.0,342.0,779.0,340.0,787.0,342.0,,,,,,,,0.0,0.0,0.0,0.0,0.0,0.0,0.0,0.0,0.0,35,0,0,0,0,0,0,0,0,0,0,0,0,0,0,0,4,3,0.0,0.0,0.0,0.0,0.0,0.0,0.0,0.0,0.0,0,0,0,0
246,Andrey,Nascimento dos Santos,Andrey Santos,a,,,4.5,459,276.0,0.3,338,115.0,0.5,294.0,136.0,0,0,0.0,0,0.0,12,21,0.1,7.6,0.0,0.5,1.4,424.0,184.0,100.0,100.0,314.0,138.0,240.0,153.0,315.0,165.0,329.0,161.0,,,,,,,,0.15,0.07,0.22,1.41,0.0,0.08,1.35,0.93,9.57,35,0,0,0,0,0,0,0,0,0,0,0,0,0,0,0,168,324,0.0,0.0,0.0,0.0,0.0,0.0,0.0,0.0,0.0,0,0,0,0
247,Dário,Luís Essugo,D.Essugo,a,,,4.3,600,353.0,0.1,563,207.0,0.2,327.0,151.0,0,0,0.0,-2,2.0,7,4,0.0,0.2,-0.3,0.2,0.5,524.0,243.0,100.0,100.0,472.0,209.0,465.0,222.0,450.0,220.0,485.0,221.0,,,,,,,,0.0,0.04,0.04,1.8,0.0,0.0,3.6,0.0,18.0,35,0,0,0,0,0,0,0,0,0,0,0,0,0,0,0,106,70,0.0,0.0,0.0,0.0,0.0,0.0,0.0,0.0,0.0,0,0,0,0
248,Kendry,Páez Andrade,Paez,u,has joined River Plate on loan for the rest of the season.,,4.5,501,310.0,0.0,790,344.0,0.0,671.0,264.0,0,0,0.0,0,0.0,0,0,0.0,0.0,0.0,0.0,0.0,752.0,316.0,0.0,0.0,751.0,315.0,744.0,315.0,731.0,311.0,751.0,315.0,,,,,,,,0.0,0.0,0.0,0.0,0.0,0.0,0.0,0.0,0.0,35,0,0,0,0,0,0,0,0,0,0,0,0,0,0,0,0,0,0.0,0.0,0.0,0.0,0.0,0.0,0.0,0.0,0.0,0,0,0,0
249,João Pedro,Junqueira de Jesus,João Pedro,a,,,7.5,23,8.0,40.9,5,2.0,0.5,318.0,43.0,0,0,0.0,0,0.0,470,8628,0.1,22.1,0.0,0.5,5.2,11.0,2.0,,,33.0,4.0,61.0,2.0,6.0,5.0,14.0,4.0,,,,,,,,0.52,0.07,0.59,1.24,0.0,0.38,1.13,1.06,4.79,35,0,0,0,0,0,0,0,0,0,0,0,0,0,0,0,18943,165793,0.0,0.0,0.0,0.0,0.0,0.0,0.0,0.0,0.0,0,0,0,0
250,Liam,Delap,Delap,a,,,6.2,75,24.0,0.9,202,30.0,1.2,215.0,28.0,0,0,0.0,-3,3.0,12,13,0.2,6.9,0.7,1.2,1.7,400.0,48.0,100.0,100.0,403.0,47.0,324.0,39.0,86.0,29.0,296.0,33.0,,,,,,,,0.4,0.02,0.42,1.32,0.0,0.19,1.51,1.04,3.68,35,0,0,0,0,0,0,0,0,0,0,0,0,0,0,0,114,144,0.0,0.0,0.0,0.0,0.0,0.0,0.0,0.0,0.0,0,0,0,0
251,Nicolas,Jackson,N.Jackson,u,has joined Bayern Munich on loan for the rest of the season.,,6.5,54,19.0,0.1,542,76.0,0.0,822.0,92.0,0,0,0.0,0,0.0,0,1,0.0,0.0,0.0,0.0,0.0,826.0,93.0,0.0,0.0,826.0,93.0,826.0,93.0,826.0,93.0,826.0,93.0,,,,,,,,0.0,0.0,0.0,0.0,0.0,0.0,0.0,0.0,0.0,35,0,0,0,0,0,0,0,0,0,0,0,0,0,0,0,0,3,0.0,0.0,0.0,0.0,0.0,0.0,0.0,0.0,0.0,0,0,0,0
252,Marc,Guiu Paz,Marc Guiu,a,,,4.0,705,93.0,5.0,77,15.0,0.2,321.0,44.0,0,0,0.0,-5,5.0,398,178,0.0,3.2,-0.3,0.2,1.3,431.0,52.0,100.0,100.0,452.0,53.0,370.0,47.0,292.0,50.0,411.0,53.0,,,,,,,,0.52,0.1,0.62,2.0,0.0,0.0,1.02,0.34,2.72,35,0,0,0,0,0,0,0,0,0,0,0,0,0,0,0,4008,7291,0.0,0.0,0.0,0.0,0.0,0.0,0.0,0.0,0.0,0,0,0,0
453,Alejandro,Garnacho Ferreyra,Garnacho,a,,,6.4,59,38.0,0.5,278,97.0,1.0,248.0,114.0,0,0,0.0,-1,1.0,17,17,0.2,8.6,0.5,1.0,2.4,294.0,126.0,,,283.0,117.0,69.0,54.0,61.0,35.0,119.0,69.0,,,,,,,,0.25,0.26,0.51,1.46,0.0,0.29,1.43,1.0,4.86,35,0,0,0,0,0,0,0,0,0,0,0,0,0,0,0,158,316,0.0,0.0,0.0,0.0,0.0,0.0,0.0,0.0,0.0,0,0,0,0
672,Jorrel,Hato,Hato,a,,,4.6,404,71.0,0.2,392,146.0,0.8,262.0,88.0,0,0,0.0,-4,4.0,6,12,0.2,3.3,0.3,0.8,0.8,520.0,179.0,100.0,100.0,303.0,117.0,287.0,87.0,364.0,123.0,347.0,117.0,,,,,,,,0.03,0.05,0.08,1.47,0.0,0.0,2.28,0.89,7.83,35,0,0,0,0,0,0,0,0,0,0,0,0,0,0,0,80,140,0.0,0.0,0.0,0.0,0.0,0.0,0.0,0.0,0.0,0,0,0,0
743,Landon,Emenalo,Emenalo,a,,,4.5,502,311.0,0.0,728,302.0,0.0,672.0,265.0,0,0,0.0,0,0.0,0,0,0.0,0.0,-0.5,0.0,0.0,753.0,317.0,,,752.0,316.0,745.0,316.0,732.0,312.0,752.0,316.0,,,,,,,,0.0,0.0,0.0,0.0,0.0,0.0,0.0,0.0,0.0,35,0,0,0,0,0,0,0,0,0,0,0,0,0,0,0,9,5,0.0,0.0,0.0,0.0,0.0,0.0,0.0,0.0,0.0,0,0,0,0
789,Max,Merrick,Merrick,a,,,4.0,715,64.0,0.0,753,86.0,0.0,473.0,75.0,0,0,0.0,0,0.0,1,0,0.0,0.0,-0.5,0.0,0.0,615.0,84.0,,,605.0,84.0,598.0,73.0,567.0,59.0,607.0,84.0,,,,,,,,0.0,0.0,0.0,0.0,0.0,0.0,0.0,0.0,0.0,35,0,0,0,0,0,0,0,0,0,0,0,0,0,0,0,6,1,0.0,0.0,0.0,0.0,0.0,0.0,0.0,0.0,0.0,0,0,0,0
803,Teddy,Sharman-Lowe,Sharman-Lowe,a,,,4.0,708,60.0,0.0,773,90.0,0.0,467.0,71.0,0,0,0.0,0,0.0,3,0,0.0,0.0,-0.5,0.0,0.0,611.0,81.0,,,601.0,81.0,593.0,69.0,562.0,55.0,603.0,81.0,,,,,,,,0.0,0.0,0.0,0.0,0.0,0.0,0.0,0.0,0.0,35,0,0,0,0,0,0,0,0,0,0,0,0,0,0,0,7,0,0.0,0.0,0.0,0.0,0.0,0.0,0.0,0.0,0.0,0,0,0,0
829,Jesse,Derry,Derry,a,,,4.5,507,315.0,0.0,829,372.0,0.0,677.0,269.0,0,0,0.0,0,0.0,0,0,0.0,0.0,-0.5,0.0,0.0,758.0,321.0,,,757.0,320.0,750.0,320.0,737.0,316.0,757.0,320.0,,,,,,,,0.0,0.0,0.0,0.0,0.0,0.0,0.0,0.0,0.0,35,0,0,0,0,0,0,0,0,0,0,0,0,0,0,0,6,2,0.0,0.0,0.0,0.0,0.0,0.0,0.0,0.0,0.0,0,0,0,0
253,Dean,Henderson,Henderson,a,,,5.1,226,7.0,8.7,46,8.0,2.2,128.0,13.0,0,0,0.0,1,-1.0,3037,244,0.4,24.3,3.9,2.2,3.9,73.0,8.0,,,29.0,8.0,437.0,15.0,800.0,92.0,191.0,8.0,,,,,,,,0.0,0.0,0.0,1.31,2.84,0.34,1.22,1.0,0.0,35,0,0,0,0,0,0,0,0,0,0,0,0,0,0,0,53150,14838,0.0,0.0,0.0,0.0,0.0,0.0,0.0,0.0,0.0,0,0,0,0
254,Walter,Benítez,Benitez,a,,,3.9,755,74.0,0.3,315,43.0,0.0,399.0,34.0,0,0,0.0,-1,1.0,7,9,0.0,1.8,-0.5,0.0,7.0,1.0,1.0,100.0,100.0,453.0,36.0,527.0,28.0,495.0,14.0,474.0,36.0,,,,,,,,0.0,0.0,0.0,1.12,3.0,1.0,0.0,1.0,0.0,35,0,0,0,0,0,0,0,0,0,0,0,0,0,0,0,65,234,0.0,0.0,0.0,0.0,0.0,0.0,0.0,0.0,0.0,0,0,0,0
255,Remi,Matthews,Matthews,a,,,3.9,758,77.0,0.1,483,71.0,0.0,401.0,36.0,0,0,0.0,-1,1.0,0,1,0.0,0.0,-0.5,0.0,0.0,554.0,48.0,,,543.0,48.0,530.0,31.0,498.0,17.0,545.0,48.0,,,,,,,,0.0,0.0,0.0,0.0,0.0,0.0,0.0,0.0,0.0,35,0,0,0,0,0,0,0,0,0,0,0,0,0,0,0,14,61,0.0,0.0,0.0,0.0,0.0,0.0,0.0,0.0,0.0,0,0,0,0
256,Daniel,Muñoz Mejía,Muñoz,a,,,5.9,95,6.0,8.9,44,14.0,4.2,35.0,20.0,0,1,-1.0,4,-4.0,7169,147,0.7,21.4,7.9,4.2,5.2,9.0,2.0,100.0,100.0,96.0,42.0,117.0,31.0,76.0,6.0,83.0,18.0,,,,,,,,0.1,0.15,0.25,1.2,0.0,0.44,1.05,1.05,7.42,35,0,0,0,0,0,0,0,0,0,0,0,0,0,0,0,82693,12924,0.0,0.0,0.0,0.0,0.0,0.0,0.0,0.0,0.0,0,0,0,0
257,Maxence,Lacroix,Lacroix,a,,,5.1,233,35.0,6.1,62,20.0,4.5,27.0,14.0,0,0,0.0,1,-1.0,5678,153,0.9,28.6,8.5,4.5,4.7,24.0,8.0,100.0,100.0,27.0,11.0,294.0,91.0,105.0,12.0,97.0,24.0,,,,,,,,0.08,0.03,0.11,1.25,0.0,0.36,1.24,1.01,10.81,35,0,0,0,0,0,0,0,0,0,0,0,0,0,0,0,66292,13866,0.0,0.0,0.0,0.0,0.0,0.0,0.0,0.0,0.0,0,0,0,0
258,Tyrick,Mitchell,Mitchell,a,,,5.0,255,39.0,2.3,132,53.0,3.0,83.0,34.0,0,0,0.0,0,0.0,535,85,0.6,25.2,5.5,3.0,3.8,83.0,30.0,,,74.0,35.0,64.0,11.0,166.0,36.0,82.0,17.0,,,,,,,,0.03,0.07,0.1,1.34,0.0,0.37,1.18,1.03,6.56,35,0,0,0,0,0,0,0,0,0,0,0,0,0,0,0,4047,3639,0.0,0.0,0.0,0.0,0.0,0.0,0.0,0.0,0.0,0,0,0,0
259,Borna,Sosa,Sosa,a,,,4.8,356,60.0,0.1,450,169.0,0.2,337.0,114.0,0,0,0.0,-2,2.0,8,3,0.0,1.2,-0.1,0.2,0.9,513.0,175.0,100.0,100.0,466.0,170.0,396.0,142.0,427.0,162.0,460.0,165.0,,,,,,,,0.04,0.06,0.1,0.82,0.0,0.0,1.82,0.0,8.18,35,0,0,0,0,0,0,0,0,0,0,0,0,0,0,0,64,41,0.0,0.0,0.0,0.0,0.0,0.0,0.0,0.0,0.0,0,0,0,0
261,Chris,Richards,Richards,a,,,4.4,543,116.0,2.6,122,48.0,2.2,121.0,47.0,0,0,0.0,-1,1.0,890,101,0.5,28.0,3.9,2.2,4.2,44.0,16.0,100.0,100.0,44.0,18.0,226.0,59.0,220.0,56.0,124.0,35.0,,,,,,,,0.06,0.05,0.11,1.26,0.0,0.38,1.21,1.0,10.0,35,0,0,0,0,0,0,0,0,0,0,0,0,0,0,0,14768,10514,0.0,0.0,0.0,0.0,0.0,0.0,0.0,0.0,0.0,0,0,0,0
262,Chadi,Riad Dnanou,Chadi Riad,a,,,4.0,713,185.0,0.0,590,210.0,0.0,471.0,181.0,0,0,0.0,0,0.0,4,3,0.0,3.5,-0.5,0.0,2.3,297.0,110.0,100.0,100.0,409.0,153.0,401.0,144.0,401.0,146.0,423.0,151.0,,,,,,,,0.03,0.01,0.04,1.25,0.0,0.29,0.87,0.87,5.19,35,0,0,0,0,0,0,0,0,0,0,0,0,0,0,0,39,88,0.0,0.0,0.0,0.0,0.0,0.0,0.0,0.0,0.0,0,0,0,0
263,Nathaniel,Clyne,Clyne,a,,,3.8,793,234.0,0.5,273,102.0,0.0,369.0,127.0,0,0,0.0,-2,2.0,14,16,0.0,3.9,-0.5,0.0,1.9,350.0,127.0,100.0,100.0,395.0,147.0,351.0,123.0,361.0,120.0,398.0,142.0,,,,,,,,0.08,0.11,0.19,1.33,0.0,0.0,1.64,1.09,7.11,35,0,0,0,0,0,0,0,0,0,0,0,0,0,0,0,145,663,0.0,0.0,0.0,0.0,0.0,0.0,0.0,0.0,0.0,0,0,0,0
264,Rob,Holding,Holding,u,Has joined Colorado Rapids permanently.,,4.0,674,164.0,0.0,708,249.0,0.0,437.0,164.0,0,0,0.0,0,0.0,0,0,0.0,0.0,0.0,0.0,0.0,585.0,212.0,0.0,0.0,574.0,211.0,565.0,211.0,534.0,207.0,576.0,211.0,,,,,,,,0.0,0.0,0.0,0.0,0.0,0.0,0.0,0.0,0.0,35,0,0,0,0,0,0,0,0,0,0,0,0,0,0,0,0,3,0.0,0.0,0.0,0.0,0.0,0.0,0.0,0.0,0.0,0,0,0,0
265,Caleb,Kporha,Kporha,a,,,4.0,732,199.0,0.0,689,244.0,0.0,490.0,195.0,0,0,0.0,0,0.0,3,0,0.0,0.0,-0.5,0.0,0.0,631.0,238.0,100.0,100.0,621.0,238.0,614.0,238.0,584.0,235.0,623.0,238.0,,,,,,,,0.0,0.0,0.0,0.0,0.0,0.0,0.0,0.0,0.0,35,0,0,0,0,0,0,0,0,0,0,0,0,0,0,0,15,11,0.0,0.0,0.0,0.0,0.0,0.0,0.0,0.0,0.0,0,0,0,0
267,Ismaïla,Sarr,Sarr,a,,,6.3,68,45.0,4.6,83,27.0,1.8,174.0,75.0,0,0,0.0,-2,2.0,9880,149,0.3,15.9,3.1,1.8,4.3,43.0,20.0,100.0,100.0,167.0,59.0,169.0,114.0,50.0,29.0,102.0,58.0,,,3.0,,,,,0.41,0.04,0.45,1.25,0.0,0.43,1.06,1.01,5.81,35,0,0,0,0,0,0,0,0,0,0,0,0,0,0,0,79093,17831,0.0,0.0,0.0,0.0,0.0,0.0,0.0,0.0,0.0,0,0,0,0
268,Cheick,Doucouré,Doucouré,i,Lack of match fitness - Expected back 01 Jun,,4.9,323,200.0,0.0,800,352.0,0.0,729.0,305.0,0,0,0.0,-1,1.0,0,0,0.0,0.0,0.0,0.0,0.0,785.0,341.0,0.0,0.0,784.0,340.0,780.0,340.0,776.0,338.0,784.0,340.0,,,,,,,,0.0,0.0,0.0,0.0,0.0,0.0,0.0,0.0,0.0,35,0,0,0,0,0,0,0,0,0,0,0,0,0,0,0,15,11,0.0,0.0,0.0,0.0,0.0,0.0,0.0,0.0,0.0,0,0,0,0
269,Romain,Esse,Esse,u,has joined Coventry City on loan for the rest of the season.,,4.7,395,246.0,0.1,465,161.0,0.0,703.0,285.0,0,0,0.0,-3,3.0,0,0,0.0,0.9,0.0,0.0,1.0,493.0,224.0,0.0,0.0,478.0,215.0,461.0,220.0,434.0,209.0,483.0,219.0,,,,,,,,0.0,0.09,0.09,3.92,0.0,0.0,0.0,0.0,11.25,35,0,0,0,0,0,0,0,0,0,0,0,0,0,0,0,0,5,0.0,0.0,0.0,0.0,0.0,0.0,0.0,0.0,0.0,0,0,0,0
270,Will,Hughes,Hughes,a,,,4.7,377,235.0,0.1,487,171.0,0.8,263.0,119.0,0,0,0.0,-3,3.0,14,4,0.2,8.9,1.1,0.8,1.4,425.0,185.0,100.0,100.0,316.0,140.0,125.0,86.0,290.0,156.0,265.0,133.0,3.0,,,,,,,0.07,0.11,0.18,1.39,0.0,0.32,0.89,1.08,8.61,35,0,0,0,0,0,0,0,0,0,0,0,0,0,0,0,118,98,0.0,0.0,0.0,0.0,0.0,0.0,0.0,0.0,0.0,0,0,0,0
271,Daichi,Kamada,Kamada,a,,,5.0,249,150.0,0.1,512,186.0,1.5,185.0,81.0,0,0,0.0,0,0.0,120,2,0.3,11.8,2.5,1.5,2.6,256.0,106.0,100.0,100.0,290.0,122.0,126.0,87.0,228.0,125.0,235.0,116.0,4.0,,,,,,,0.08,0.13,0.21,1.09,0.0,0.33,1.12,1.0,9.93,35,0,0,0,0,0,0,0,0,0,0,0,0,0,0,0,711,121,0.0,0.0,0.0,0.0,0.0,0.0,0.0,0.0,0.0,0,0,0,0
272,Jefferson,Lerma Solís,Lerma,a,,,4.9,289,178.0,0.1,529,193.0,2.0,145.0,57.0,0,0,0.0,-1,1.0,105,8,0.4,12.7,3.5,2.0,2.4,285.0,119.0,100.0,100.0,260.0,109.0,203.0,132.0,141.0,80.0,233.0,114.0,,,,,,,,0.11,0.07,0.18,1.1,0.0,0.44,1.01,0.95,11.23,35,0,0,0,0,0,0,0,0,0,0,0,0,0,0,0,638,253,0.0,0.0,0.0,0.0,0.0,0.0,0.0,0.0,0.0,0,0,0,0
273,Adam,Wharton,Wharton,a,,,5.0,269,164.0,0.6,247,87.0,0.8,270.0,124.0,0,0,0.0,0,0.0,746,15,0.2,18.8,1.1,0.8,3.2,173.0,71.0,100.0,100.0,158.0,55.0,31.0,29.0,208.0,114.0,86.0,52.0,2.0,,,,,,,0.05,0.25,0.3,1.36,0.0,0.32,1.42,1.07,10.38,35,0,0,0,0,0,0,0,0,0,0,0,0,0,0,0,3339,998,0.0,0.0,0.0,0.0,0.0,0.0,0.0,0.0,0.0,0,0,0,0
274,Asher,Agbinone,Agbinone,a,,,4.3,614,362.0,0.1,497,178.0,0.0,551.0,182.0,0,0,0.0,-2,2.0,7,5,0.0,0.0,-0.5,0.0,0.0,664.0,252.0,,,654.0,242.0,650.0,247.0,627.0,236.0,656.0,244.0,,,,,,,,0.0,0.0,0.0,0.0,0.0,0.0,0.0,0.0,0.0,35,0,0,0,0,0,0,0,0,0,0,0,0,0,0,0,69,105,0.0,0.0,0.0,0.0,0.0,0.0,0.0,0.0,0.0,0,0,0,0
275,Naouirou,Ahamada,Ahamada,u,has joined AJ Auxerre permanently.,,4.3,592,349.0,0.0,629,242.0,0.0,535.0,172.0,0,0,0.0,-2,2.0,0,0,0.0,0.0,0.0,0.0,0.0,656.0,245.0,0.0,0.0,646.0,235.0,641.0,240.0,616.0,227.0,648.0,237.0,,,,,,,,0.0,0.0,0.0,0.0,0.0,0.0,0.0,0.0,0.0,35,0,0,0,0,0,0,0,0,0,0,0,0,0,0,0,0,9,0.0,0.0,0.0,0.0,0.0,0.0,0.0,0.0,0.0,0,0,0,0
276,Justin,Devenny,Devenny,a,,,4.3,596,351.0,1.1,189,64.0,0.2,326.0,150.0,0,0,0.0,-2,2.0,48,79,0.0,7.0,-0.1,0.2,1.6,404.0,171.0,100.0,100.0,390.0,173.0,293.0,172.0,195.0,106.0,338.0,164.0,,2.0,4.0,,,,,0.35,0.05,0.4,1.5,0.0,0.15,1.49,0.74,7.29,35,0,0,0,0,0,0,0,0,0,0,0,0,0,0,0,597,1743,0.0,0.0,0.0,0.0,0.0,0.0,0.0,0.0,0.0,0,0,0,0
277,Malcolm,Ebiowei,Ebiowei,u,Has joined Blackpool permanently.,,4.5,436,259.0,0.0,807,356.0,0.0,614.0,216.0,0,0,0.0,0,0.0,0,0,0.0,0.0,0.0,0.0,0.0,707.0,278.0,0.0,0.0,701.0,272.0,697.0,275.0,680.0,268.0,703.0,274.0,,,,,,,,0.0,0.0,0.0,0.0,0.0,0.0,0.0,0.0,0.0,35,0,0,0,0,0,0,0,0,0,0,0,0,0,0,0,0,0,0.0,0.0,0.0,0.0,0.0,0.0,0.0,0.0,0.0,0,0,0,0
278,Jesurun,Rak-Sakyi,J.Rak-Sakyi,u,has joined Stoke City on loan for the rest of the season.,,4.4,548,328.0,0.0,657,259.0,0.0,572.0,191.0,0,0,0.0,-1,1.0,0,1,0.0,0.0,0.0,0.0,0.0,677.0,259.0,0.0,0.0,669.0,251.0,665.0,255.0,644.0,245.0,671.0,253.0,,,,,,,,0.0,0.0,0.0,0.0,0.0,0.0,0.0,0.0,0.0,35,0,0,0,0,0,0,0,0,0,0,0,0,0,0,0,0,3,0.0,0.0,0.0,0.0,0.0,0.0,0.0,0.0,0.0,0,0,0,0
279,Matheus,França de Oliveira,M.França,u,Has joined CR Vasco da Gama on loan for the rest of the season.,,4.5,463,280.0,0.0,775,332.0,0.0,634.0,234.0,0,0,0.0,0,0.0,0,0,0.0,0.0,0.0,0.0,0.0,725.0,295.0,0.0,0.0,720.0,290.0,715.0,292.0,699.0,285.0,721.0,291.0,,,,,,,,0.0,0.0,0.0,0.0,0.0,0.0,0.0,0.0,0.0,35,0,0,0,0,0,0,0,0,0,0,0,0,0,0,0,0,1,0.0,0.0,0.0,0.0,0.0,0.0,0.0,0.0,0.0,0,0,0,0
280,David,Ozoh,Ozoh,u,Has joined Derby County on loan for the rest of the season.,,4.5,458,275.0,0.0,820,364.0,0.0,631.0,231.0,0,0,0.0,0,0.0,0,0,0.0,0.0,0.0,0.0,0.0,722.0,292.0,0.0,0.0,717.0,287.0,712.0,289.0,696.0,282.0,718.0,288.0,,,,,,,,0.0,0.0,0.0,0.0,0.0,0.0,0.0,0.0,0.0,35,0,0,0,0,0,0,0,0,0,0,0,0,0,0,0,0,0,0.0,0.0,0.0,0.0,0.0,0.0,0.0,0.0,0.0,0,0,0,0
281,Kaden,Rodney,Rodney,a,,,4.4,558,335.0,0.0,586,219.0,0.0,579.0,198.0,0,0,0.0,-1,1.0,1,2,0.0,0.2,-0.5,0.0,1.0,478.0,211.0,,,675.0,257.0,492.0,238.0,651.0,252.0,677.0,259.0,,,,,,,,0.0,0.0,0.0,19.5,0.0,0.0,0.0,0.0,0.0,35,0,0,0,0,0,0,0,0,0,0,0,0,0,0,0,18,33,0.0,0.0,0.0,0.0,0.0,0.0,0.0,0.0,0.0,0,0,0,0
282,Franco,Umeh-Chibueze,Umeh,u,has joined Portsmouth permanently.,,4.5,479,293.0,0.0,714,293.0,0.0,649.0,247.0,0,0,0.0,0,0.0,0,0,0.0,0.0,0.0,0.0,0.0,737.0,305.0,0.0,0.0,734.0,302.0,728.0,303.0,714.0,298.0,735.0,303.0,,,,,,,,0.0,0.0,0.0,0.0,0.0,0.0,0.0,0.0,0.0,35,0,0,0,0,0,0,0,0,0,0,0,0,0,0,0,0,0,0.0,0.0,0.0,0.0,0.0,0.0,0.0,0.0,0.0,0,0,0,0
283,Jean-Philippe,Mateta,Mateta,a,,,7.6,21,7.0,7.7,52,10.0,3.8,57.0,9.0,0,0,0.0,1,-1.0,8432,247,0.5,13.2,7.1,3.8,3.7,105.0,9.0,100.0,100.0,109.0,10.0,246.0,28.0,14.0,9.0,56.0,12.0,,,2.0,,,,,0.58,0.06,0.64,1.22,0.0,0.35,1.09,1.05,5.29,35,0,0,0,0,0,0,0,0,0,0,0,0,0,0,0,28304,11345,0.0,0.0,0.0,0.0,0.0,0.0,0.0,0.0,0.0,0,0,0,0
284,Eddie,Nketiah,Nketiah,i,Hamstring injury - Expected back 01 Jun,,5.4,161,39.0,0.3,335,55.0,0.0,785.0,84.0,0,0,0.0,-1,1.0,2,2,0.0,4.3,0.0,0.0,1.9,359.0,40.0,0.0,0.0,358.0,37.0,304.0,35.0,187.0,41.0,328.0,38.0,,,,,,,,0.38,0.1,0.48,2.06,0.0,0.0,2.61,0.43,8.26,35,0,0,0,0,0,0,0,0,0,0,0,0,0,0,0,16,58,0.0,0.0,0.0,0.0,0.0,0.0,0.0,0.0,0.0,0,0,0,0
285,Odsonne,Édouard,Édouard,u,has joined RC Lens permanently.,,5.0,247,53.0,0.2,375,59.0,0.0,744.0,80.0,0,0,0.0,0,0.0,0,1,0.0,0.2,0.0,0.0,1.0,500.0,61.0,0.0,0.0,498.0,57.0,790.0,88.0,785.0,88.0,511.0,63.0,,,,,,,,0.0,0.0,0.0,12.15,0.0,0.0,0.0,0.0,45.0,35,0,0,0,0,0,0,0,0,0,0,0,0,0,0,0,0,8,0.0,0.0,0.0,0.0,0.0,0.0,0.0,0.0,0.0,0,0,0,0
286,Zach,Marsh,Marsh,a,,,4.4,566,81.0,0.3,321,51.0,0.0,586.0,63.0,0,0,0.0,-1,1.0,8,11,0.0,0.0,-0.5,0.0,0.0,688.0,74.0,,,682.0,74.0,677.0,73.0,658.0,73.0,684.0,74.0,,,,,,,,0.0,0.0,0.0,0.0,0.0,0.0,0.0,0.0,0.0,35,0,0,0,0,0,0,0,0,0,0,0,0,0,0,0,69,123,0.0,0.0,0.0,0.0,0.0,0.0,0.0,0.0,0.0,0,0,0,0
580,Brennan,Johnson,Johnson,a,,,6.5,49,31.0,2.3,131,43.0,1.2,217.0,99.0,0,0,0.0,-5,5.0,217,23,0.2,8.9,1.9,1.2,1.9,363.0,157.0,,,292.0,123.0,147.0,98.0,151.0,86.0,221.0,106.0,1.0,3.0,,,,,,0.15,0.07,0.22,1.44,0.0,0.38,1.01,1.01,6.46,35,0,0,0,0,0,0,0,0,0,0,0,0,0,0,0,976,579,0.0,0.0,0.0,0.0,0.0,0.0,0.0,0.0,0.0,0,0,0,0
654,Jørgen,Strand Larsen,Strand Larsen,a,,,5.9,96,27.0,1.5,163,23.0,1.0,244.0,34.0,0,0,0.0,-6,6.0,680,126,0.2,11.2,1.5,1.0,2.1,336.0,38.0,100.0,100.0,258.0,24.0,205.0,19.0,60.0,24.0,174.0,23.0,,,,,,,,0.21,0.03,0.24,1.37,0.0,0.22,1.48,0.99,3.77,35,0,0,0,0,0,0,0,0,0,0,0,0,0,0,0,2482,5035,0.0,0.0,0.0,0.0,0.0,0.0,0.0,0.0,0.0,0,0,0,0
677,Evann,Guessand,Guessand,i,Knee injury - Expected back 10 May,,6.2,76,50.0,0.0,605,230.0,0.0,814.0,362.0,0,0,0.0,-3,3.0,0,3,0.0,6.8,0.0,0.0,2.2,321.0,140.0,0.0,0.0,328.0,148.0,315.0,175.0,177.0,98.0,313.0,153.0,,,,,,,,0.16,0.08,0.24,1.3,0.0,0.2,1.53,0.92,8.28,35,0,0,0,0,0,0,0,0,0,0,0,0,0,0,0,3,75,0.0,0.0,0.0,0.0,0.0,0.0,0.0,0.0,0.0,0,0,0,0
690,Rio,Cardines,Cardines,a,,,4.4,570,342.0,0.3,348,119.0,0.0,589.0,203.0,0,0,0.0,-1,1.0,0,3,0.0,0.0,-0.5,0.0,0.0,691.0,268.0,100.0,100.0,685.0,262.0,680.0,265.0,661.0,257.0,687.0,264.0,,,,,,,,0.0,0.0,0.0,0.0,0.0,0.0,0.0,0.0,0.0,35,0,0,0,0,0,0,0,0,0,0,0,0,0,0,0,18,35,0.0,0.0,0.0,0.0,0.0,0.0,0.0,0.0,0.0,0,0,0,0
712,Yéremy,Pino Santos,Yeremy,a,,,5.8,110,70.0,0.2,402,136.0,1.0,242.0,110.0,0,0,0.0,-2,2.0,88,3,0.2,12.1,1.5,1.0,2.3,309.0,132.0,100.0,100.0,226.0,95.0,22.0,21.0,81.0,46.0,63.0,40.0,,1.0,,,,,,0.2,0.27,0.47,1.23,0.0,0.34,1.05,1.1,7.42,35,0,0,0,0,0,0,0,0,0,0,0,0,0,0,0,349,327,0.0,0.0,0.0,0.0,0.0,0.0,0.0,0.0,0.0,0,0,0,0
723,Jaydee,Canvot,Canvot,a,,,4.5,515,98.0,0.4,282,106.0,4.2,30.0,16.0,0,0,0.0,0,0.0,545,15,0.9,14.4,7.9,4.2,4.1,53.0,22.0,100.0,100.0,224.0,88.0,365.0,131.0,356.0,118.0,327.0,110.0,,,,,,,,0.11,0.03,0.14,1.57,0.0,0.46,1.2,0.93,12.42,35,0,0,0,0,0,0,0,0,0,0,0,0,0,0,0,21055,4211,0.0,0.0,0.0,0.0,0.0,0.0,0.0,0.0,0.0,0,0,0,0
732,Christantus,Uche,Uche,a,,,5.5,150,37.0,0.1,580,79.0,0.0,801.0,87.0,0,0,0.0,0,0.0,2,1,0.0,3.1,-0.5,0.0,1.2,448.0,54.0,,,463.0,54.0,442.0,57.0,306.0,52.0,428.0,54.0,,,,,,,,0.28,0.01,0.29,2.62,0.0,0.0,2.26,0.0,7.36,35,0,0,0,0,0,0,0,0,0,0,0,0,0,0,0,35,55,0.0,0.0,0.0,0.0,0.0,0.0,0.0,0.0,0.0,0,0,0,0
762,Joél,Drakes-Thomas,Drakes-Thomas,a,,,4.5,518,322.0,0.0,779,336.0,0.0,686.0,275.0,0,0,0.0,0,0.0,3,1,0.0,0.4,-0.5,0.0,1.0,492.0,223.0,,,502.0,230.0,477.0,230.0,745.0,322.0,508.0,232.0,,,,,,,,0.0,0.0,0.0,9.39,0.0,0.0,12.86,0.0,38.57,35,0,0,0,0,0,0,0,0,0,0,0,0,0,0,0,19,14,0.0,0.0,0.0,0.0,0.0,0.0,0.0,0.0,0.0,0,0,0,0
773,Dean,Benamar,Benamar,a,,,4.0,744,211.0,0.0,700,247.0,0.0,501.0,206.0,0,0,0.0,0,0.0,2,1,0.0,0.0,-0.5,0.0,0.0,639.0,246.0,,,629.0,246.0,622.0,246.0,593.0,244.0,631.0,246.0,,,,,,,,0.0,0.0,0.0,0.0,0.0,0.0,0.0,0.0,0.0,35,0,0,0,0,0,0,0,0,0,0,0,0,0,0,0,5,17,0.0,0.0,0.0,0.0,0.0,0.0,0.0,0.0,0.0,0,0,0,0
780,Ben,Casey,Casey,a,,,4.5,511,73.0,0.0,654,85.0,0.0,680.0,73.0,0,0,0.0,0,0.0,5,2,0.0,0.0,-0.5,0.0,0.0,761.0,84.0,,,760.0,84.0,753.0,83.0,740.0,83.0,760.0,84.0,,,,,,,,0.0,0.0,0.0,0.0,0.0,0.0,0.0,0.0,0.0,35,0,0,0,0,0,0,0,0,0,0,0,0,0,0,0,39,34,0.0,0.0,0.0,0.0,0.0,0.0,0.0,0.0,0.0,0,0,0,0
793,George,King,King,a,,,4.0,733,200.0,0.0,682,241.0,0.0,491.0,196.0,0,0,0.0,0,0.0,4,0,0.0,0.0,-0.5,0.0,0.0,632.0,239.0,,,622.0,239.0,615.0,239.0,585.0,236.0,624.0,239.0,,,,,,,,0.0,0.0,0.0,0.0,0.0,0.0,0.0,0.0,0.0,35,0,0,0,0,0,0,0,0,0,0,0,0,0,0,0,21,31,0.0,0.0,0.0,0.0,0.0,0.0,0.0,0.0,0.0,0,0,0,0
798,Danny,Imray,Imray,u,has joined West Brom on loan for the rest of the season.,,4.0,709,183.0,0.0,808,267.0,0.0,468.0,180.0,0,0,0.0,0,0.0,0,0,0.0,0.0,0.0,0.0,0.0,612.0,225.0,0.0,0.0,602.0,225.0,594.0,225.0,563.0,221.0,604.0,225.0,,,,,,,,0.0,0.0,0.0,0.0,0.0,0.0,0.0,0.0,0.0,35,0,0,0,0,0,0,0,0,0,0,0,0,0,0,0,0,1,0.0,0.0,0.0,0.0,0.0,0.0,0.0,0.0,0.0,0,0,0,0
242,Kiernan,Dewsbury-Hall,Dewsbury-Hall,a,,,5.2,207,128.0,6.1,63,22.0,5.8,8.0,4.0,0,0,0.0,2,-2.0,1490,599,1.1,26.9,5.8,5.3,5.2,8.0,4.0,100.0,100.0,63.0,18.0,45.0,41.0,63.0,37.0,42.0,29.0,3.0,,,,,,,0.15,0.19,0.34,1.37,0.0,0.32,1.23,1.03,8.03,35,0,0,0,0,0,0,0,0,0,0,0,0,0,0,0,37621,27806,0.0,0.0,0.0,0.0,0.0,0.0,0.0,0.0,0.0,0,0,0,0
243,Tyrique,George,George,a,,,4.8,374,234.0,0.1,552,205.0,0.8,266.0,122.0,0,0,0.0,-2,2.0,3,1,0.2,2.7,0.8,0.3,1.1,450.0,200.0,100.0,100.0,448.0,200.0,378.0,191.0,256.0,140.0,396.0,181.0,,,,,,,,0.19,0.22,0.41,1.72,0.0,0.3,2.13,0.3,5.78,35,0,0,0,0,0,0,0,0,0,0,0,0,0,0,0,32,27,0.0,0.0,0.0,0.0,0.0,0.0,0.0,0.0,0.0,0,0,0,0
287,Jordan,Pickford,Pickford,a,,,5.6,123,2.0,13.1,28,3.0,0.5,310.0,24.0,0,0,0.0,1,-1.0,381,996,0.1,22.9,0.5,0.0,3.8,88.0,11.0,,,13.0,3.0,427.0,6.0,460.0,3.0,171.0,4.0,,,,,,,,0.0,0.0,0.0,1.48,2.71,0.32,1.21,1.0,0.0,35,0,0,0,0,0,0,0,0,0,0,0,0,0,0,0,2980,28733,0.0,0.0,0.0,0.0,0.0,0.0,0.0,0.0,0.0,0,0,0,0
288,Mark,Travers,Travers,a,,,4.2,634,32.0,0.1,459,67.0,0.0,515.0,82.0,0,0,0.0,-3,3.0,0,1,0.0,0.0,0.0,-0.5,0.0,646.0,90.0,100.0,100.0,637.0,90.0,631.0,81.0,605.0,69.0,639.0,90.0,,,,,,,,0.0,0.0,0.0,0.0,0.0,0.0,0.0,0.0,0.0,35,0,0,0,0,0,0,0,0,0,0,0,0,0,0,0,22,48,0.0,0.0,0.0,0.0,0.0,0.0,0.0,0.0,0.0,0,0,0,0
289,Harry,Tyrer,Tyrer,u,has joined Cardiff City permanently.,,3.9,767,81.0,0.1,506,74.0,0.0,408.0,40.0,0,0,0.0,-1,1.0,0,2,0.0,0.0,0.0,0.0,0.0,560.0,52.0,0.0,0.0,549.0,52.0,536.0,35.0,504.0,21.0,551.0,52.0,,,,,,,,0.0,0.0,0.0,0.0,0.0,0.0,0.0,0.0,0.0,35,0,0,0,0,0,0,0,0,0,0,0,0,0,0,0,0,34,0.0,0.0,0.0,0.0,0.0,0.0,0.0,0.0,0.0,0,0,0,0
290,Jarrad,Branthwaite,Branthwaite,i,Hamstring injury - Expected back 01 Jun,,5.3,194,23.0,0.3,302,113.0,1.8,167.0,63.0,0,0,0.0,-2,2.0,3,155,0.3,6.0,0.0,0.0,3.2,177.0,70.0,0.0,0.0,311.0,120.0,367.0,132.0,305.0,92.0,357.0,121.0,,,,,,,,0.05,0.01,0.06,1.25,0.0,0.13,1.19,0.93,8.89,35,0,0,0,0,0,0,0,0,0,0,0,0,0,0,0,13,2154,0.0,0.0,0.0,0.0,0.0,0.0,0.0,0.0,0.0,0,0,0,0
291,James,Tarkowski,Tarkowski,a,,,5.7,112,8.0,11.7,33,10.0,1.8,170.0,64.0,0,0,0.0,2,-2.0,474,2049,0.3,26.1,1.8,1.3,4.5,32.0,13.0,100.0,100.0,9.0,4.0,180.0,47.0,90.0,9.0,52.0,8.0,,,,,,,,0.07,0.05,0.12,1.44,0.0,0.33,1.18,1.0,10.18,35,0,0,0,0,0,0,0,0,0,0,0,0,0,0,0,3702,41717,0.0,0.0,0.0,0.0,0.0,0.0,0.0,0.0,0.0,0,0,0,0
292,Vitalii,Mykolenko,Mykolenko,a,,,4.9,310,50.0,0.6,237,90.0,1.8,162.0,62.0,0,0,0.0,-1,1.0,30,96,0.4,18.6,1.8,1.3,3.1,189.0,75.0,100.0,100.0,101.0,44.0,97.0,24.0,316.0,98.0,147.0,49.0,,,,,,,,0.01,0.08,0.09,1.47,0.0,0.31,1.32,1.0,7.24,35,0,0,0,0,0,0,0,0,0,0,0,0,0,0,0,286,2738,0.0,0.0,0.0,0.0,0.0,0.0,0.0,0.0,0.0,0,0,0,0
293,Jake,O'Brien,O'Brien,a,,,4.9,333,56.0,0.7,234,89.0,1.5,183.0,67.0,0,0,0.0,-1,1.0,13,88,0.3,22.0,1.5,1.0,3.3,152.0,59.0,100.0,100.0,88.0,38.0,153.0,39.0,235.0,61.0,145.0,47.0,,,,,,,,0.03,0.03,0.06,1.54,0.0,0.32,1.23,1.0,6.94,35,0,0,0,0,0,0,0,0,0,0,0,0,0,0,0,158,2757,0.0,0.0,0.0,0.0,0.0,0.0,0.0,0.0,0.0,0,0,0,0
294,Séamus,Coleman,Coleman,a,,,4.2,627,140.0,0.1,491,177.0,0.0,513.0,215.0,0,0,0.0,-3,3.0,3,0,0.0,0.7,0.0,-0.5,1.0,467.0,171.0,100.0,100.0,636.0,251.0,489.0,176.0,601.0,249.0,638.0,251.0,,,,,,,,0.0,0.0,0.0,1.96,0.0,0.0,0.0,8.18,0.0,35,0,0,0,0,0,0,0,0,0,0,0,0,0,0,0,24,21,0.0,0.0,0.0,0.0,0.0,0.0,0.0,0.0,0.0,0,0,0,0
295,Michael,Keane,Keane,a,,,4.5,411,75.0,2.7,118,47.0,0.5,292.0,98.0,0,0,0.0,0,0.0,65,436,0.1,26.7,0.5,0.0,4.1,52.0,21.0,100.0,100.0,46.0,20.0,388.0,139.0,125.0,23.0,138.0,43.0,,,,,,,,0.08,0.01,0.09,1.56,0.0,0.28,1.33,1.01,10.75,35,0,0,0,0,0,0,0,0,0,0,0,0,0,0,0,1136,13825,0.0,0.0,0.0,0.0,0.0,0.0,0.0,0.0,0.0,0,0,0,0
296,Nathan,Patterson,Patterson,a,,,4.4,542,115.0,0.0,636,227.0,0.0,568.0,235.0,0,0,0.0,-1,1.0,0,3,0.0,4.8,0.0,-0.5,3.5,123.0,44.0,100.0,100.0,410.0,154.0,445.0,159.0,398.0,144.0,430.0,155.0,,,,,,,,0.01,0.02,0.03,1.35,0.0,0.76,0.38,1.14,11.39,35,0,0,0,0,0,0,0,0,0,0,0,0,0,0,0,2,43,0.0,0.0,0.0,0.0,0.0,0.0,0.0,0.0,0.0,0,0,0,0
297,Roman,Dixon,Dixon,u,has joined Stockport County on loan for the rest of the season.,,3.8,806,246.0,0.2,412,151.0,0.0,379.0,136.0,0,0,0.0,-2,2.0,0,3,0.0,0.0,0.0,0.0,0.0,538.0,192.0,0.0,0.0,527.0,191.0,509.0,190.0,476.0,184.0,529.0,191.0,,,,,,,,0.0,0.0,0.0,0.0,0.0,0.0,0.0,0.0,0.0,35,0,0,0,0,0,0,0,0,0,0,0,0,0,0,0,0,48,0.0,0.0,0.0,0.0,0.0,0.0,0.0,0.0,0.0,0,0,0,0
298,Reece,Welch,Welch,a,,,3.8,804,244.0,0.1,427,158.0,0.0,378.0,135.0,0,0,0.0,-2,2.0,2,0,0.0,0.0,0.0,-0.5,0.0,537.0,191.0,,,526.0,190.0,508.0,189.0,475.0,183.0,528.0,190.0,,,,,,,,0.0,0.0,0.0,0.0,0.0,0.0,0.0,0.0,0.0,35,0,0,0,0,0,0,0,0,0,0,0,0,0,0,0,18,71,0.0,0.0,0.0,0.0,0.0,0.0,0.0,0.0,0.0,0,0,0,0
299,Iliman,Ndiaye,Ndiaye,a,,,6.2,74,49.0,4.4,87,29.0,2.0,155.0,64.0,0,0,0.0,-3,3.0,249,597,0.3,19.4,2.0,1.5,4.3,42.0,19.0,100.0,100.0,75.0,22.0,63.0,51.0,41.0,24.0,44.0,30.0,,,1.0,,,,,0.2,0.16,0.36,1.37,0.0,0.3,1.3,1.04,9.67,35,0,0,0,0,0,0,0,0,0,0,0,0,0,0,0,2472,14370,0.0,0.0,0.0,0.0,0.0,0.0,0.0,0.0,0.0,0,0,0,0
300,Dwight,McNeil,McNeil,a,,,5.5,143,89.0,0.1,421,145.0,1.5,189.0,84.0,0,0,0.0,-5,5.0,2,7,0.3,9.5,1.5,1.0,2.5,275.0,113.0,,,341.0,153.0,162.0,108.0,229.0,126.0,275.0,140.0,2.0,,,,,,,0.11,0.15,0.26,1.45,0.0,0.47,0.62,1.09,8.62,35,0,0,0,0,0,0,0,0,0,0,0,0,0,0,0,49,305,0.0,0.0,0.0,0.0,0.0,0.0,0.0,0.0,0.0,0,0,0,0
301,Carlos,Alcaraz Durán,Alcaraz,a,,,5.2,215,131.0,0.1,532,195.0,0.0,770.0,337.0,0,0,0.0,-3,3.0,0,3,0.0,5.0,0.0,-0.5,1.5,415.0,180.0,100.0,100.0,391.0,174.0,235.0,151.0,206.0,113.0,325.0,159.0,,,,,,,,0.14,0.06,0.2,1.8,0.0,0.4,1.21,0.8,8.72,35,0,0,0,0,0,0,0,0,0,0,0,0,0,0,0,6,19,0.0,0.0,0.0,0.0,0.0,0.0,0.0,0.0,0.0,0,0,0,0
302,Idrissa Gana,Gueye,Gana,a,,,5.4,151,95.0,0.1,452,154.0,2.2,132.0,52.0,0,0,0.0,-1,1.0,4,16,0.4,15.4,2.2,1.7,3.3,158.0,65.0,100.0,100.0,172.0,63.0,152.0,102.0,157.0,89.0,158.0,82.0,,,,,,,,0.09,0.08,0.17,1.34,0.0,0.21,1.12,1.07,9.37,35,0,0,0,0,0,0,0,0,0,0,0,0,0,0,0,50,298,0.0,0.0,0.0,0.0,0.0,0.0,0.0,0.0,0.0,0,0,0,0
303,James,Garner,Garner,a,,,5.2,210,130.0,3.9,96,31.0,2.2,129.0,49.0,0,-1,1.0,2,-2.0,253,1161,0.4,28.5,2.2,1.7,4.4,35.0,15.0,,,14.0,4.0,9.0,9.0,146.0,84.0,22.0,18.0,1.0,3.0,2.0,,,,,0.06,0.15,0.21,1.48,0.0,0.32,1.21,1.0,12.44,35,0,0,0,0,0,0,0,0,0,0,0,0,0,0,0,2527,24259,0.0,0.0,0.0,0.0,0.0,0.0,0.0,0.0,0.0,0,0,0,0
304,Tim,Iroegbunam,Iroegbunam,a,,,4.8,367,229.0,0.0,618,237.0,0.5,297.0,138.0,0,0,0.0,-2,2.0,0,2,0.1,12.3,0.5,0.0,2.4,284.0,118.0,100.0,100.0,295.0,126.0,282.0,170.0,299.0,160.0,326.0,160.0,,,,,,,,0.04,0.05,0.09,1.51,0.0,0.63,0.95,1.02,11.82,35,0,0,0,0,0,0,0,0,0,0,0,0,0,0,0,9,31,0.0,0.0,0.0,0.0,0.0,0.0,0.0,0.0,0.0,0,0,0,0
305,Harrison,Armstrong,Armstrong,a,,,4.5,500,309.0,0.1,521,189.0,0.0,670.0,263.0,0,0,0.0,0,0.0,6,7,0.0,4.2,0.0,-0.5,1.7,395.0,167.0,100.0,100.0,412.0,179.0,329.0,179.0,298.0,159.0,388.0,179.0,,,,,,,,0.14,0.04,0.18,1.96,0.0,0.18,1.82,1.09,9.09,35,0,0,0,0,0,0,0,0,0,0,0,0,0,0,0,69,102,0.0,0.0,0.0,0.0,0.0,0.0,0.0,0.0,0.0,0,0,0,0
306,Callum,Bates,Bates,a,,,4.3,611,360.0,0.1,496,177.0,0.0,548.0,180.0,0,0,0.0,-2,2.0,3,6,0.0,0.0,0.0,-0.5,0.0,662.0,250.0,,,652.0,240.0,648.0,245.0,625.0,234.0,654.0,242.0,,,,,,,,0.0,0.0,0.0,0.0,0.0,0.0,0.0,0.0,0.0,35,0,0,0,0,0,0,0,0,0,0,0,0,0,0,0,56,120,0.0,0.0,0.0,0.0,0.0,0.0,0.0,0.0,0.0,0,0,0,0
307,Coby,Ebere,Ebere,a,,,4.4,553,331.0,0.0,602,228.0,0.0,575.0,194.0,0,0,0.0,-1,1.0,0,2,0.0,0.0,0.0,-0.5,0.0,680.0,262.0,,,672.0,254.0,668.0,258.0,647.0,248.0,674.0,256.0,,,,,,,,0.0,0.0,0.0,0.0,0.0,0.0,0.0,0.0,0.0,35,0,0,0,0,0,0,0,0,0,0,0,0,0,0,0,20,15,0.0,0.0,0.0,0.0,0.0,0.0,0.0,0.0,0.0,0,0,0,0
308,Isaac,Heath,Heath,u,has joined Accrington on loan for the rest of the season.,,4.5,452,270.0,0.0,709,288.0,0.0,625.0,226.0,0,0,0.0,0,0.0,0,0,0.0,0.0,0.0,0.0,0.0,717.0,287.0,0.0,0.0,712.0,282.0,707.0,284.0,691.0,277.0,713.0,283.0,,,,,,,,0.0,0.0,0.0,0.0,0.0,0.0,0.0,0.0,0.0,35,0,0,0,0,0,0,0,0,0,0,0,0,0,0,0,0,1,0.0,0.0,0.0,0.0,0.0,0.0,0.0,0.0,0.0,0,0,0,0
309,Jenson,Metcalfe,Metcalfe,u,Has joined Bradford City permanently.,,4.5,449,268.0,0.0,827,370.0,0.0,623.0,224.0,0,0,0.0,0,0.0,0,0,0.0,0.0,0.0,0.0,0.0,715.0,285.0,0.0,0.0,710.0,280.0,705.0,282.0,689.0,275.0,711.0,281.0,,,,,,,,0.0,0.0,0.0,0.0,0.0,0.0,0.0,0.0,0.0,35,0,0,0,0,0,0,0,0,0,0,0,0,0,0,0,0,0,0.0,0.0,0.0,0.0,0.0,0.0,0.0,0.0,0.0,0,0,0,0
310,Thierno,Barry,Barry,a,,,5.7,120,33.0,0.7,226,33.0,1.0,241.0,33.0,0,0,0.0,-3,3.0,23,107,0.2,14.0,1.0,0.5,2.4,291.0,32.0,,,250.0,22.0,197.0,18.0,49.0,20.0,153.0,20.0,,,,,,,,0.35,0.02,0.37,1.57,0.0,0.36,1.44,1.03,3.18,35,0,0,0,0,0,0,0,0,0,0,0,0,0,0,0,154,3734,0.0,0.0,0.0,0.0,0.0,0.0,0.0,0.0,0.0,0,0,0,0
311,Norberto Bercique,Gomes Betuncal,Beto,a,,,5.0,266,55.0,2.9,113,18.0,4.0,39.0,6.0,0,0,0.0,-5,5.0,426,355,0.8,18.4,4.0,3.5,2.8,223.0,23.0,100.0,100.0,168.0,17.0,243.0,27.0,28.0,16.0,95.0,17.0,,,3.0,,,,,0.55,0.01,0.56,1.43,0.0,0.34,1.07,0.94,5.3,35,0,0,0,0,0,0,0,0,0,0,0,0,0,0,0,2017,8904,0.0,0.0,0.0,0.0,0.0,0.0,0.0,0.0,0.0,0,0,0,0
312,Youssef,Ramalho Chermiti,Y.Chermiti,u,has joined Rangers permanently.,,4.9,331,62.0,0.1,556,77.0,0.0,734.0,79.0,0,0,0.0,-1,1.0,0,0,0.0,0.0,0.0,0.0,0.0,789.0,88.0,0.0,0.0,788.0,88.0,784.0,87.0,780.0,87.0,788.0,88.0,,,,,,,,0.0,0.0,0.0,0.0,0.0,0.0,0.0,0.0,0.0,35,0,0,0,0,0,0,0,0,0,0,0,0,0,0,0,0,0,0.0,0.0,0.0,0.0,0.0,0.0,0.0,0.0,0.0,0,0,0,0
313,Martin,Sherif,Sherif,u,has joined Port Vale on loan for the rest of the season.,,4.4,560,79.0,0.1,457,65.0,0.0,581.0,61.0,0,0,0.0,-1,1.0,0,1,0.0,0.0,0.0,0.0,0.0,684.0,72.0,0.0,0.0,677.0,72.0,672.0,71.0,653.0,71.0,679.0,72.0,,,,,,,,0.0,0.0,0.0,0.0,0.0,0.0,0.0,0.0,0.0,35,0,0,0,0,0,0,0,0,0,0,0,0,0,0,0,0,12,0.0,0.0,0.0,0.0,0.0,0.0,0.0,0.0,0.0,0,0,0,0
419,Jack,Grealish,Grealish,i,Foot injury - Expected back 01 Jun,,6.3,64,42.0,5.6,69,23.0,0.0,816.0,364.0,0,0,0.0,-2,2.0,1,75,0.0,12.5,0.0,0.0,4.0,65.0,30.0,0.0,0.0,179.0,70.0,43.0,39.0,65.0,39.0,66.0,41.0,,,,,,,,0.11,0.19,0.3,1.43,0.0,0.39,1.27,1.0,7.47,35,0,0,0,0,0,0,0,0,0,0,0,0,0,0,0,10,615,0.0,0.0,0.0,0.0,0.0,0.0,0.0,0.0,0.0,0,0,0,0
630,Tom,King,King,a,,,3.9,756,75.0,1.2,181,21.0,0.0,400.0,35.0,0,0,0.0,-1,1.0,2,15,0.0,0.0,0.0,-0.5,0.0,553.0,47.0,,,542.0,47.0,528.0,29.0,496.0,15.0,544.0,47.0,,,,,,,,0.0,0.0,0.0,0.0,0.0,0.0,0.0,0.0,0.0,35,0,0,0,0,0,0,0,0,0,0,0,0,0,0,0,66,373,0.0,0.0,0.0,0.0,0.0,0.0,0.0,0.0,0.0,0,0,0,0
667,Adam,Aznou,Aznou,a,,,4.2,641,148.0,0.1,572,204.0,0.0,518.0,217.0,0,0,0.0,-3,3.0,2,1,0.0,0.0,0.0,-0.5,0.0,648.0,251.0,100.0,100.0,639.0,252.0,633.0,251.0,608.0,250.0,641.0,252.0,,,,,,,,0.0,0.0,0.0,0.0,0.0,0.0,0.0,0.0,0.0,35,0,0,0,0,0,0,0,0,0,0,0,0,0,0,0,6,25,0.0,0.0,0.0,0.0,0.0,0.0,0.0,0.0,0.0,0,0,0,0
704,Tyler,Onyango,Onyango,u,has joined Stockport County on loan for the rest of the season.,,4.5,439,261.0,0.0,587,220.0,0.0,617.0,218.0,0,0,0.0,0,0.0,0,0,0.0,0.0,0.0,0.0,0.0,710.0,280.0,0.0,0.0,704.0,274.0,700.0,277.0,683.0,270.0,706.0,276.0,,,,,,,,0.0,0.0,0.0,0.0,0.0,0.0,0.0,0.0,0.0,35,0,0,0,0,0,0,0,0,0,0,0,0,0,0,0,0,1,0.0,0.0,0.0,0.0,0.0,0.0,0.0,0.0,0.0,0,0,0,0
705,Elijah,Campbell,Campbell,u,has joined Port Vale on loan for the rest of the season.,,3.9,777,224.0,0.1,420,156.0,0.0,415.0,153.0,0,0,0.0,-1,1.0,0,3,0.0,0.0,0.0,0.0,0.0,567.0,204.0,0.0,0.0,556.0,203.0,544.0,203.0,512.0,198.0,558.0,203.0,,,,,,,,0.0,0.0,0.0,0.0,0.0,0.0,0.0,0.0,0.0,35,0,0,0,0,0,0,0,0,0,0,0,0,0,0,0,0,18,0.0,0.0,0.0,0.0,0.0,0.0,0.0,0.0,0.0,0,0,0,0
707,Tyler,Dibling,Dibling,a,,,5.3,196,122.0,0.0,648,253.0,0.0,778.0,341.0,0,0,0.0,-2,2.0,0,2,0.0,3.4,0.0,-0.5,1.3,442.0,198.0,,,424.0,184.0,341.0,184.0,366.0,187.0,408.0,185.0,,,,,,,,0.05,0.04,0.09,1.71,0.0,0.52,0.52,1.03,10.32,35,0,0,0,0,0,0,0,0,0,0,0,0,0,0,0,9,17,0.0,0.0,0.0,0.0,0.0,0.0,0.0,0.0,0.0,0,0,0,0
728,Merlin,Röhl,Röhl,a,,,5.0,275,169.0,0.0,706,286.0,0.0,756.0,326.0,0,0,0.0,0,0.0,0,0,0.0,3.6,0.0,-0.5,1.5,413.0,178.0,100.0,100.0,404.0,177.0,331.0,180.0,365.0,186.0,399.0,182.0,,,,,,,,0.13,0.05,0.18,2.07,0.0,0.5,1.51,0.5,12.07,35,0,0,0,0,0,0,0,0,0,0,0,0,0,0,0,4,10,0.0,0.0,0.0,0.0,0.0,0.0,0.0,0.0,0.0,0,0,0,0
779,Braiden,Graham,Graham,a,,,4.5,509,72.0,0.0,614,82.0,0.0,679.0,72.0,0,0,0.0,0,0.0,2,7,0.0,0.0,0.0,-0.5,0.0,760.0,83.0,,,759.0,83.0,752.0,82.0,739.0,82.0,759.0,83.0,,,,,,,,0.0,0.0,0.0,0.0,0.0,0.0,0.0,0.0,0.0,35,0,0,0,0,0,0,0,0,0,0,0,0,0,0,0,44,81,0.0,0.0,0.0,0.0,0.0,0.0,0.0,0.0,0.0,0,0,0,0
314,Bernd,Leno,Leno,a,,,4.9,286,10.0,1.9,141,18.0,4.8,19.0,1.0,0,0,0.0,-1,1.0,442,91,1.0,22.0,4.8,3.8,3.2,169.0,19.0,,,32.0,9.0,769.0,91.0,765.0,89.0,207.0,10.0,,,,,,,,0.0,0.0,0.0,1.38,2.5,0.24,1.35,1.0,0.0,35,0,0,0,0,0,0,0,0,0,0,0,0,0,0,0,5805,5238,0.0,0.0,0.0,0.0,0.0,0.0,0.0,0.0,0.0,0,0,0,0
315,Steven,Benda,Benda,u,has joined Feyenoord on loan for the rest of the season.,,4.0,684,49.0,0.0,766,89.0,0.0,445.0,60.0,0,0,0.0,0,0.0,0,0,0.0,0.0,0.0,0.0,0.0,592.0,70.0,0.0,0.0,581.0,70.0,573.0,58.0,542.0,44.0,583.0,70.0,,,,,,,,0.0,0.0,0.0,0.0,0.0,0.0,0.0,0.0,0.0,35,0,0,0,0,0,0,0,0,0,0,0,0,0,0,0,0,2,0.0,0.0,0.0,0.0,0.0,0.0,0.0,0.0,0.0,0,0,0,0
316,Antonee,Robinson,Robinson,a,,,4.9,294,45.0,0.8,216,85.0,1.2,206.0,73.0,0,0,0.0,-1,1.0,31,69,0.2,9.2,1.2,0.2,2.5,271.0,104.0,100.0,100.0,242.0,97.0,133.0,35.0,343.0,112.0,245.0,83.0,,,,,,,,0.02,0.11,0.13,1.47,0.0,0.24,1.12,1.04,8.39,35,0,0,0,0,0,0,0,0,0,0,0,0,0,0,0,310,2004,0.0,0.0,0.0,0.0,0.0,0.0,0.0,0.0,0.0,0,0,0,0
317,Joachim,Andersen,Andersen,a,,,4.5,417,78.0,4.2,92,29.0,4.5,24.0,11.0,0,0,0.0,0,0.0,320,327,1.0,27.1,4.5,3.5,3.9,69.0,27.0,100.0,100.0,20.0,7.0,253.0,67.0,223.0,57.0,108.0,28.0,,,,,,,,0.05,0.06,0.11,1.36,0.0,0.26,1.35,1.02,10.38,35,0,0,0,0,0,0,0,0,0,0,0,0,0,0,0,6611,36371,0.0,0.0,0.0,0.0,0.0,0.0,0.0,0.0,0.0,0,0,0,0
318,Calvin,Bassey,Bassey,a,,,4.4,540,113.0,0.6,245,93.0,3.8,48.0,23.0,0,0,0.0,-1,1.0,46,41,0.9,20.9,3.8,2.8,3.5,122.0,43.0,100.0,100.0,104.0,46.0,277.0,82.0,258.0,70.0,205.0,71.0,,,,,,,,0.07,0.01,0.08,1.34,0.0,0.25,1.45,0.99,7.54,35,0,0,0,0,0,0,0,0,0,0,0,0,0,0,0,848,3112,0.0,0.0,0.0,0.0,0.0,0.0,0.0,0.0,0.0,0,0,0,0
319,Timothy,Castagne,Castagne,a,,,4.3,582,127.0,0.1,447,167.0,3.2,67.0,29.0,0,0,0.0,-2,2.0,24,7,0.7,10.5,3.2,2.2,1.7,391.0,144.0,,,217.0,86.0,168.0,42.0,225.0,59.0,219.0,77.0,,,,,,,,0.07,0.06,0.13,1.63,0.0,0.12,1.57,0.97,7.45,35,0,0,0,0,0,0,0,0,0,0,0,0,0,0,0,398,473,0.0,0.0,0.0,0.0,0.0,0.0,0.0,0.0,0.0,0,0,0,0
320,Issa,Diop,Diop,a,,,4.3,585,130.0,0.1,535,190.0,0.0,532.0,225.0,0,0,0.0,-2,2.0,2,1,0.0,3.0,0.0,-1.0,1.3,432.0,155.0,,,363.0,138.0,448.0,161.0,409.0,153.0,407.0,146.0,,,,,,,,0.0,0.01,0.01,1.54,0.0,0.0,1.67,0.91,7.3,35,0,0,0,0,0,0,0,0,0,0,0,0,0,0,0,37,36,0.0,0.0,0.0,0.0,0.0,0.0,0.0,0.0,0.0,0,0,0,0
321,Jorge,Cuenca Barreno,J.Cuenca,a,,,4.3,588,132.0,0.1,576,205.0,0.0,534.0,226.0,0,0,0.0,-2,2.0,1,3,0.0,9.1,0.0,-1.0,2.8,218.0,83.0,,,256.0,102.0,362.0,129.0,402.0,147.0,352.0,118.0,,,,,,,,0.0,0.05,0.05,1.41,0.0,0.19,1.06,1.06,11.02,35,0,0,0,0,0,0,0,0,0,0,0,0,0,0,0,6,66,0.0,0.0,0.0,0.0,0.0,0.0,0.0,0.0,0.0,0,0,0,0
322,Kenny,Tete,Tete,d,Lack of match fitness - 75% chance of playing,,4.5,415,77.0,0.2,365,133.0,0.0,600.0,238.0,0,0,0.0,0,0.0,2,24,0.0,18.0,0.0,-0.8,3.7,92.0,35.0,75.0,75.0,150.0,65.0,179.0,46.0,265.0,73.0,193.0,66.0,,,,,,,,0.05,0.07,0.12,1.3,0.0,0.3,1.26,1.06,8.29,35,0,0,0,0,0,0,0,0,0,0,0,0,0,0,0,25,835,0.0,0.0,0.0,0.0,0.0,0.0,0.0,0.0,0.0,0,0,0,0
323,Samuel,Amissah,Amissah,a,,,3.8,819,257.0,0.1,429,160.0,0.0,391.0,146.0,0,0,0.0,-2,2.0,2,3,0.0,0.0,0.0,-1.0,0.0,546.0,199.0,,,535.0,198.0,519.0,198.0,487.0,193.0,537.0,198.0,,,,,,,,0.0,0.0,0.0,0.0,0.0,0.0,0.0,0.0,0.0,35,0,0,0,0,0,0,0,0,0,0,0,0,0,0,0,69,83,0.0,0.0,0.0,0.0,0.0,0.0,0.0,0.0,0.0,0,0,0,0
324,Alex,Iwobi,Iwobi,i,Hamstring injury - Unknown return date,,6.2,71,46.0,1.3,173,61.0,0.8,276.0,129.0,0,0,0.0,-3,3.0,1,671,0.1,15.8,0.0,0.0,3.6,113.0,49.0,0.0,0.0,114.0,36.0,18.0,17.0,108.0,65.0,48.0,33.0,2.0,,,,,,,0.06,0.18,0.24,1.38,0.0,0.16,1.55,1.07,6.96,35,0,0,0,0,0,0,0,0,0,0,0,0,0,0,0,50,14039,0.0,0.0,0.0,0.0,0.0,0.0,0.0,0.0,0.0,0,0,0,0
325,Emile,Smith Rowe,Smith Rowe,a,,,5.6,126,78.0,0.5,268,93.0,1.8,169.0,72.0,0,0,0.0,-4,4.0,18,17,0.3,12.9,1.8,0.8,2.2,320.0,139.0,100.0,100.0,245.0,105.0,118.0,82.0,78.0,45.0,141.0,76.0,,,,,,,,0.25,0.06,0.31,1.48,0.0,0.27,1.26,0.99,6.92,35,0,0,0,0,0,0,0,0,0,0,0,0,0,0,0,445,685,0.0,0.0,0.0,0.0,0.0,0.0,0.0,0.0,0.0,0,0,0,0
327,Andreas,Hoelgebaum Pereira,Andreas,u,has joined Palmeiras permanently.,,5.3,183,115.0,0.1,569,213.0,0.0,776.0,339.0,0,0,0.0,-2,2.0,0,1,0.0,0.0,0.0,0.0,0.0,808.0,357.0,0.0,0.0,807.0,356.0,806.0,356.0,803.0,355.0,807.0,356.0,,,,,,,,0.0,0.0,0.0,0.0,0.0,0.0,0.0,0.0,0.0,35,0,0,0,0,0,0,0,0,0,0,0,0,0,0,0,0,3,0.0,0.0,0.0,0.0,0.0,0.0,0.0,0.0,0.0,0,0,0,0
328,Ryan,Sessegnon,Sessegnon,i,Muscle injury - Expected back 17 May,,5.4,158,98.0,0.2,410,141.0,3.8,52.0,16.0,0,0,0.0,-1,1.0,0,34,0.7,17.6,0.0,0.0,3.5,129.0,57.0,0.0,0.0,152.0,52.0,170.0,115.0,133.0,78.0,155.0,81.0,,,,,,,,0.08,0.09,0.17,1.3,0.0,0.3,1.44,0.99,10.8,35,0,0,0,0,0,0,0,0,0,0,0,0,0,0,0,49,574,0.0,0.0,0.0,0.0,0.0,0.0,0.0,0.0,0.0,0,0,0,0
329,Harry,Wilson,Wilson,a,,,5.9,89,57.0,19.9,14,5.0,1.8,173.0,74.0,0,-1,1.0,4,-4.0,912,4050,0.3,26.9,1.8,0.8,5.0,14.0,7.0,100.0,100.0,43.0,11.0,29.0,27.0,30.0,14.0,20.0,16.0,1.0,1.0,3.0,,,,,0.2,0.16,0.36,1.3,0.0,0.32,1.21,1.07,6.03,35,0,0,0,0,0,0,0,0,0,0,0,0,0,0,0,13286,144919,0.0,0.0,0.0,0.0,0.0,0.0,0.0,0.0,0.0,0,0,0,0
330,Sander,Berge,Berge,a,,,4.9,303,188.0,0.1,518,188.0,1.8,161.0,67.0,0,0,0.0,-1,1.0,6,7,0.4,17.8,1.8,0.8,2.6,253.0,103.0,,,146.0,50.0,105.0,75.0,283.0,151.0,159.0,83.0,,,,,,,,0.04,0.05,0.09,1.38,0.0,0.23,1.43,1.04,8.74,35,0,0,0,0,0,0,0,0,0,0,0,0,0,0,0,199,179,0.0,0.0,0.0,0.0,0.0,0.0,0.0,0.0,0.0,0,0,0,0
331,Tom,Cairney,Cairney,a,,,4.8,346,216.0,0.0,643,249.0,0.8,264.0,120.0,0,0,0.0,-2,2.0,0,0,0.2,6.7,0.8,-0.2,1.5,410.0,175.0,100.0,100.0,383.0,169.0,241.0,154.0,336.0,175.0,362.0,172.0,,,,,,,,0.14,0.09,0.23,1.55,0.0,0.29,1.3,0.72,6.91,35,0,0,0,0,0,0,0,0,0,0,0,0,0,0,0,10,26,0.0,0.0,0.0,0.0,0.0,0.0,0.0,0.0,0.0,0,0,0,0
332,Saša,Lukić,Lukić,a,,,4.9,307,191.0,0.1,566,210.0,2.2,125.0,47.0,0,0,0.0,-1,1.0,9,2,0.4,12.2,2.2,1.2,2.6,254.0,104.0,100.0,100.0,244.0,104.0,74.0,58.0,211.0,115.0,169.0,88.0,3.0,,,,,,,0.14,0.1,0.24,1.37,0.0,0.37,1.05,1.05,9.43,35,0,0,0,0,0,0,0,0,0,0,0,0,0,0,0,139,35,0.0,0.0,0.0,0.0,0.0,0.0,0.0,0.0,0.0,0,0,0,0
333,Martial,Godo,Godo,u,has joined Strasbourg permanently.,,4.5,478,292.0,0.0,672,270.0,0.0,648.0,246.0,0,0,0.0,0,0.0,0,1,0.0,0.0,0.0,0.0,0.0,736.0,304.0,0.0,0.0,733.0,301.0,727.0,302.0,713.0,297.0,734.0,302.0,,,,,,,,0.0,0.0,0.0,0.0,0.0,0.0,0.0,0.0,0.0,35,0,0,0,0,0,0,0,0,0,0,0,0,0,0,0,0,2,0.0,0.0,0.0,0.0,0.0,0.0,0.0,0.0,0.0,0,0,0,0
334,Luke,Harris,Harris,u,Has joined Oxford United on loan for the rest of the season.,,4.5,456,273.0,0.0,818,363.0,0.0,629.0,229.0,0,0,0.0,0,0.0,0,0,0.0,0.0,0.0,0.0,0.0,720.0,290.0,0.0,0.0,715.0,285.0,710.0,287.0,694.0,280.0,716.0,286.0,,,,,,,,0.0,0.0,0.0,0.0,0.0,0.0,0.0,0.0,0.0,35,0,0,0,0,0,0,0,0,0,0,0,0,0,0,0,0,0,0.0,0.0,0.0,0.0,0.0,0.0,0.0,0.0,0.0,0,0,0,0
335,Josh,King,King,a,,,4.4,567,340.0,1.7,151,51.0,0.8,260.0,117.0,0,0,0.0,-1,1.0,55,140,0.2,13.6,0.8,-0.2,2.1,330.0,144.0,100.0,100.0,298.0,129.0,211.0,137.0,96.0,57.0,227.0,110.0,,,,,,,,0.17,0.04,0.21,1.3,0.0,0.37,1.34,1.12,7.3,35,0,0,0,0,0,0,0,0,0,0,0,0,0,0,0,988,4267,0.0,0.0,0.0,0.0,0.0,0.0,0.0,0.0,0.0,0,0,0,0
336,Harrison,Reed,Reed,a,,,4.3,581,346.0,0.3,317,109.0,0.0,529.0,170.0,0,0,0.0,-2,2.0,17,23,0.0,3.0,0.0,-1.0,2.2,312.0,133.0,100.0,100.0,433.0,189.0,406.0,202.0,414.0,204.0,443.0,199.0,,,,,,,,0.45,1.25,1.7,1.77,0.0,0.0,3.46,0.0,6.92,35,0,0,0,0,0,0,0,0,0,0,0,0,0,0,0,231,516,0.0,0.0,0.0,0.0,0.0,0.0,0.0,0.0,0.0,0,0,0,0
337,Raúl,Jiménez Rodríguez,Raúl,a,,,6.0,84,25.0,2.0,138,21.0,1.0,245.0,35.0,0,0,0.0,-5,5.0,127,431,0.2,18.0,1.0,0.0,3.3,161.0,14.0,100.0,100.0,115.0,11.0,106.0,5.0,19.0,11.0,40.0,9.0,,2.0,1.0,,,,,0.49,0.04,0.53,1.36,0.0,0.39,1.09,1.13,5.43,35,0,0,0,0,0,0,0,0,0,0,0,0,0,0,0,1384,16084,0.0,0.0,0.0,0.0,0.0,0.0,0.0,0.0,0.0,0,0,0,0
338,Rodrigo,Muniz Carvalho,Muniz,a,,,5.3,187,43.0,0.7,224,32.0,1.2,213.0,26.0,0,0,0.0,-2,2.0,30,19,0.2,5.7,1.2,0.2,1.8,386.0,46.0,100.0,100.0,370.0,39.0,300.0,33.0,138.0,34.0,312.0,35.0,,,,,,,,0.28,0.02,0.3,1.43,0.0,0.24,1.33,0.85,5.69,35,0,0,0,0,0,0,0,0,0,0,0,0,0,0,0,283,836,0.0,0.0,0.0,0.0,0.0,0.0,0.0,0.0,0.0,0,0,0,0
424,Oscar,Bobb,Bobb,a,,,5.1,237,142.0,0.2,369,125.0,0.8,272.0,126.0,0,0,0.0,-4,4.0,2,23,0.2,6.9,0.8,-0.2,1.8,381.0,162.0,100.0,100.0,368.0,164.0,158.0,106.0,181.0,99.0,268.0,135.0,,,,,,,,0.13,0.17,0.3,1.17,0.0,0.33,1.31,0.98,6.86,35,0,0,0,0,0,0,0,0,0,0,0,0,0,0,0,41,276,0.0,0.0,0.0,0.0,0.0,0.0,0.0,0.0,0.0,0,0,0,0
664,Benjamin,Lecomte,Lecomte,a,,,3.9,752,72.0,0.7,230,31.0,0.0,396.0,32.0,0,0,0.0,-1,1.0,6,10,0.0,0.0,0.0,-1.0,0.0,551.0,45.0,,,540.0,45.0,525.0,26.0,493.0,12.0,542.0,45.0,,,,,,,,0.0,0.0,0.0,0.0,0.0,0.0,0.0,0.0,0.0,35,0,0,0,0,0,0,0,0,0,0,0,0,0,0,0,72,272,0.0,0.0,0.0,0.0,0.0,0.0,0.0,0.0,0.0,0,0,0,0
727,Samuel,Chukwueze,Chukwueze,a,,,5.3,185,117.0,0.1,526,191.0,1.2,211.0,96.0,0,0,0.0,-2,2.0,5,11,0.2,10.8,1.2,0.2,2.9,212.0,85.0,100.0,100.0,246.0,106.0,119.0,83.0,127.0,74.0,170.0,89.0,,,,,,,,0.2,0.32,0.52,1.46,0.0,0.19,1.55,0.77,7.44,35,0,0,0,0,0,0,0,0,0,0,0,0,0,0,0,106,202,0.0,0.0,0.0,0.0,0.0,0.0,0.0,0.0,0.0,0,0,0,0
731,Kevin,Santos Lopes de Macedo,Kevin,i,Foot injury - Unknown return date,,5.7,119,75.0,0.1,583,218.0,0.0,805.0,356.0,0,0,0.0,-3,3.0,2,1,0.0,7.5,0.0,0.0,1.9,361.0,156.0,0.0,0.0,293.0,124.0,166.0,112.0,159.0,90.0,236.0,117.0,,,,,,,,0.11,0.14,0.25,1.3,0.0,0.4,1.5,0.8,7.52,35,0,0,0,0,0,0,0,0,0,0,0,0,0,0,0,16,26,0.0,0.0,0.0,0.0,0.0,0.0,0.0,0.0,0.0,0,0,0,0
737,Jonah,Kusi-Asare,Kusi-Asare,a,,,4.5,512,74.0,0.1,482,69.0,0.0,681.0,74.0,0,0,0.0,0,0.0,10,6,0.0,0.9,0.0,-1.0,0.8,519.0,63.0,,,506.0,60.0,425.0,56.0,426.0,58.0,476.0,57.0,,,,,,,,0.0,0.21,0.21,2.25,0.0,0.0,6.0,0.0,6.0,35,0,0,0,0,0,0,0,0,0,0,0,0,0,0,0,101,122,0.0,0.0,0.0,0.0,0.0,0.0,0.0,0.0,0.0,0,0,0,0
770,Seth,Ridgeon,Ridgeon,a,,,4.5,506,314.0,0.0,777,334.0,0.0,676.0,268.0,0,0,0.0,0,0.0,0,0,0.0,0.0,0.0,-1.0,0.0,757.0,320.0,,,756.0,319.0,749.0,319.0,736.0,315.0,756.0,319.0,,,,,,,,0.0,0.0,0.0,0.0,0.0,0.0,0.0,0.0,0.0,35,0,0,0,0,0,0,0,0,0,0,0,0,0,0,0,31,11,0.0,0.0,0.0,0.0,0.0,0.0,0.0,0.0,0.0,0,0,0,0
786,Alfie,McNally,McNally,a,,,4.0,710,61.0,0.0,734,85.0,0.0,469.0,72.0,0,0,0.0,0,0.0,1,0,0.0,0.0,0.0,-1.0,0.0,613.0,82.0,,,603.0,82.0,595.0,70.0,564.0,56.0,605.0,82.0,,,,,,,,0.0,0.0,0.0,0.0,0.0,0.0,0.0,0.0,0.0,35,0,0,0,0,0,0,0,0,0,0,0,0,0,0,0,25,21,0.0,0.0,0.0,0.0,0.0,0.0,0.0,0.0,0.0,0,0,0,0
168,Facundo,Buonanotte,Buonanotte,a,,,4.6,403,249.0,0.1,494,175.0,0.0,693.0,280.0,0,0,0.0,-4,4.0,11,10,0.0,0.4,0.0,0.5,0.7,522.0,242.0,100.0,100.0,481.0,216.0,393.0,198.0,394.0,197.0,455.0,204.0,,,,,,,,0.05,0.13,0.18,2.43,0.0,0.0,2.61,1.3,6.52,35,0,0,0,0,0,0,0,0,0,0,0,0,0,0,0,132,76,0.0,0.0,0.0,0.0,0.0,0.0,0.0,0.0,0.0,0,0,0,0
339,Illan,Meslier,Meslier,a,,,4.1,658,36.0,0.3,311,42.0,0.0,508.0,79.0,0,0,0.0,-4,4.0,4,9,0.0,0.0,0.0,0.5,0.0,643.0,88.0,,,633.0,88.0,626.0,77.0,597.0,63.0,635.0,88.0,,,,,,,,0.0,0.0,0.0,0.0,0.0,0.0,0.0,0.0,0.0,35,0,0,0,0,0,0,0,0,0,0,0,0,0,0,0,111,115,0.0,0.0,0.0,0.0,0.0,0.0,0.0,0.0,0.0,0,0,0,0
340,Alex,Cairns,Cairns,a,,,3.9,753,73.0,0.1,426,61.0,0.0,397.0,33.0,0,0,0.0,-1,1.0,2,1,0.0,0.0,0.0,0.5,0.0,552.0,46.0,,,541.0,46.0,526.0,27.0,494.0,13.0,543.0,46.0,,,,,,,,0.0,0.0,0.0,0.0,0.0,0.0,0.0,0.0,0.0,35,0,0,0,0,0,0,0,0,0,0,0,0,0,0,0,43,63,0.0,0.0,0.0,0.0,0.0,0.0,0.0,0.0,0.0,0,0,0,0
341,Karl,Darlow,Darlow,a,,,4.0,666,40.0,6.7,60,10.0,3.5,60.0,6.0,2,1,-1.0,0,0.0,486,406,0.9,14.0,3.5,4.0,2.9,207.0,23.0,,,142.0,20.0,558.0,49.0,527.0,35.0,304.0,20.0,,,,,,,,0.0,0.0,0.0,1.13,2.63,0.21,1.21,1.0,0.0,35,2,90,0,0,0,1,0,0,0,0,0,2,1,0,10,66281,10984,0.0,0.0,0.010000000000000002,0.010000000000000002,0.5299999999999976,16.80000000000001,0.0,0.0,1.6999999999999957,0,0,7,0
342,Jayden,Bogle,Bogle,a,,,4.4,536,109.0,0.7,225,86.0,4.5,23.0,10.0,5,0,0.0,-1,1.0,118,175,1.0,21.4,4.5,5.0,2.8,219.0,84.0,100.0,100.0,147.0,63.0,107.0,27.0,152.0,31.0,129.0,37.0,,,,,,,,0.07,0.1,0.17,1.26,0.0,0.2,1.42,1.03,5.63,35,5,90,0,1,0,1,0,0,0,0,0,0,1,0,20,8700,2735,0.0,0.0,0.31000000000000005,0.3100000000000005,0.3100000000000023,30.600000000000023,30.0,4.0,6.5,1,3,6,4
343,Pascal,Struijk,Struijk,a,,,4.4,535,108.0,3.3,102,36.0,3.2,68.0,30.0,1,1,-1.0,-1,1.0,167,1115,0.7,24.1,3.2,3.7,3.3,147.0,56.0,100.0,100.0,45.0,19.0,217.0,57.0,115.0,19.0,99.0,26.0,,,,,,,,0.1,0.02,0.12,1.27,0.0,0.23,1.42,1.0,9.23,35,1,90,0,0,0,1,0,0,0,1,0,0,1,0,2,42441,10141,0.0,0.04999999999999982,0.020000000000000018,0.06999999999999984,0.5300000000000011,0.0,2.5999999999999943,6.0,0.7999999999999972,0,0,3,0
344,Jaka,Bijol,Bijol,a,,,3.9,765,219.0,1.0,196,76.0,4.8,18.0,8.0,5,0,0.0,-1,1.0,117,194,1.2,21.8,4.8,4.0,3.9,67.0,26.0,100.0,75.0,135.0,59.0,320.0,108.0,130.0,24.0,189.0,64.0,,,,,,,,0.05,0.04,0.09,1.38,0.0,0.22,1.32,0.99,9.94,35,5,90,0,1,0,1,0,0,0,0,0,0,1,0,20,1155,8123,0.0,0.0,0.010000000000000009,0.010000000000000009,0.5300000000000011,38.39999999999998,10.799999999999997,4.0,5.300000000000011,1,7,5,8
345,Sebastiaan,Bornauw,Bornauw,a,,,3.8,802,242.0,0.1,443,165.0,0.0,376.0,133.0,0,0,0.0,-2,2.0,6,14,0.0,4.5,0.0,0.5,1.9,351.0,128.0,100.0,100.0,396.0,148.0,449.0,162.0,416.0,154.0,426.0,153.0,,,,,,,,0.0,0.0,0.0,1.46,0.0,0.3,1.18,1.18,11.25,35,0,0,0,0,0,0,0,0,0,0,0,0,0,0,0,56,151,0.0,0.0,0.0,0.0,0.0,0.0,0.0,0.0,0.0,0,0,0,0
346,Sam,Byram,Byram,a,,,3.7,821,259.0,0.3,318,116.0,0.0,360.0,119.0,0,0,0.0,-3,3.0,59,28,0.0,0.3,0.0,0.5,1.0,454.0,161.0,,,514.0,180.0,495.0,178.0,461.0,171.0,516.0,180.0,,,,,,,,0.0,0.0,0.0,10.16,0.0,0.0,12.86,0.0,0.0,35,0,0,0,0,0,0,0,0,0,0,0,0,0,0,0,1197,509,0.0,0.0,0.0,0.0,0.0,0.0,0.0,0.0,0.0,0,0,0,0
347,Gabriel,Gudmundsson,Gudmundsson,i,Hamstring injury - Expected back 17 May,,3.8,798,238.0,3.0,110,41.0,2.2,116.0,43.0,0,0,0.0,-2,2.0,9,968,0.6,17.9,0.0,0.0,2.1,324.0,118.0,0.0,0.0,137.0,60.0,86.0,20.0,201.0,49.0,130.0,38.0,,,,,,,,0.04,0.1,0.14,1.4,0.0,0.17,1.54,1.06,6.28,35,0,0,0,0,0,0,0,0,0,0,0,0,0,0,0,61,20111,0.0,0.0,0.0,0.0,0.0,0.0,0.0,0.0,0.0,0,0,0,0
348,Joe,Rodon,Rodon,a,,,3.9,761,217.0,2.9,114,44.0,0.5,284.0,92.0,1,0,0.0,-1,1.0,205,225,0.1,25.9,0.5,1.0,3.2,163.0,64.0,100.0,100.0,50.0,23.0,288.0,88.0,140.0,27.0,128.0,36.0,,,,,,,,0.05,0.02,0.07,1.39,0.0,0.17,1.64,1.01,8.42,35,1,90,0,0,0,1,0,0,0,1,0,0,1,0,7,6405,7202,0.0,0.13000000000000012,0.010000000000000009,0.14000000000000012,0.5300000000000011,11.399999999999977,12.599999999999994,19.0,4.299999999999997,0,2,3,2
349,Isaac,Schmidt,Schmidt,u,has joined Werder Bremen on loan for the rest of the season.,,4.0,701,178.0,0.1,561,201.0,0.0,462.0,176.0,0,0,0.0,0,0.0,0,1,0.0,0.0,0.0,0.0,0.0,607.0,222.0,0.0,0.0,596.0,221.0,588.0,221.0,557.0,217.0,598.0,221.0,,,,,,,,0.0,0.0,0.0,0.0,0.0,0.0,0.0,0.0,0.0,35,0,0,0,0,0,0,0,0,0,0,0,0,0,0,0,0,4,0.0,0.0,0.0,0.0,0.0,0.0,0.0,0.0,0.0,0,0,0,0
350,Brenden,Aaronson,Aaronson,a,,,5.4,165,103.0,1.3,175,62.0,3.2,75.0,24.0,1,0,0.0,-1,1.0,67,1208,0.6,22.6,3.2,3.7,3.6,110.0,46.0,,,127.0,42.0,59.0,49.0,45.0,27.0,54.0,35.0,,,,,,,,0.17,0.13,0.3,1.29,0.0,0.36,1.17,1.09,8.2,35,1,18,0,0,0,0,0,0,0,0,0,0,0,0,8,20648,5688,0.0,0.0,0.0,0.0,0.21999999999999886,4.400000000000034,0.8999999999999773,0.0,0.5,1,2,3,6
351,Wilfried,Gnonto,Gnonto,a,,,5.1,238,143.0,0.1,510,185.0,1.8,164.0,68.0,1,0,0.0,-4,4.0,3,6,0.4,5.7,1.8,2.3,1.4,428.0,187.0,100.0,100.0,398.0,176.0,264.0,163.0,333.0,174.0,374.0,176.0,,,,,,,,0.07,0.15,0.22,2.03,0.0,0.2,2.44,0.81,10.36,35,1,1,0,0,0,0,0,0,0,0,0,0,0,0,3,132,43,0.0,0.0,0.0,0.0,0.22000000000000064,0.0,0.0,0.0,0.0,0,0,1,1
352,Jack,Harrison,Harrison,u,has joined ACF Fiorentina on loan for the rest of the season.,,5.1,230,139.0,0.0,600,226.0,0.0,766.0,334.0,0,0,0.0,-4,4.0,0,0,0.0,2.4,0.0,0.0,1.1,453.0,202.0,0.0,0.0,440.0,193.0,358.0,186.0,360.0,185.0,420.0,191.0,,,,,,,,0.1,0.08,0.18,1.31,0.0,0.0,1.72,0.34,8.24,35,0,0,0,0,0,0,0,0,0,0,0,0,0,0,0,0,5,0.0,0.0,0.0,0.0,0.0,0.0,0.0,0.0,0.0,0,0,0,0
353,Daniel,James,James,a,,,5.2,204,126.0,0.1,485,170.0,0.2,348.0,160.0,1,0,0.0,-3,3.0,4,3,0.0,3.7,0.2,0.7,1.2,446.0,199.0,100.0,100.0,423.0,183.0,270.0,165.0,251.0,137.0,360.0,171.0,,,,,,,,0.17,0.13,0.3,2.38,0.0,0.22,2.88,0.89,5.76,35,1,1,0,0,0,0,0,0,0,0,0,0,0,0,5,112,22,0.0,0.07000000000000006,0.0,0.07000000000000006,0.22000000000000064,3.0,0.0,17.0,2.0,0,0,0,0
354,Ethan,Ampadu,Ampadu,a,,,4.9,298,185.0,0.6,243,85.0,4.0,38.0,10.0,1,0,0.0,-1,1.0,107,391,0.8,24.1,4.0,4.5,3.7,97.0,40.0,100.0,100.0,82.0,26.0,89.0,65.0,198.0,108.0,104.0,60.0,,,,,,,,0.08,0.07,0.15,1.32,0.0,0.22,1.42,1.01,12.1,35,1,90,0,0,0,1,0,0,0,1,0,0,1,0,5,8836,2445,0.0,0.0900000000000003,0.020000000000000018,0.10999999999999943,0.5300000000000011,5.399999999999977,14.199999999999989,9.0,2.9000000000000057,0,5,5,10
355,Sam,Greenwood,Greenwood,u,has joined Pogon Szczecin permanently.,,4.9,316,196.0,0.0,644,250.0,0.0,724.0,301.0,0,0,0.0,-1,1.0,0,0,0.0,0.0,0.0,0.0,0.0,781.0,337.0,0.0,0.0,780.0,336.0,776.0,336.0,772.0,334.0,780.0,336.0,,,,,,,,0.0,0.0,0.0,0.0,0.0,0.0,0.0,0.0,0.0,35,0,0,0,0,0,0,0,0,0,0,0,0,0,0,0,0,1,0.0,0.0,0.0,0.0,0.0,0.0,0.0,0.0,0.0,0,0,0,0
356,Ilia,Gruev,Gruev,i,Knee injury - Expected back 01 Jun,,4.7,390,242.0,0.1,502,181.0,0.5,295.0,137.0,0,0,0.0,-3,3.0,1,27,0.1,11.9,0.0,0.0,2.4,281.0,116.0,0.0,0.0,294.0,125.0,209.0,135.0,319.0,167.0,305.0,150.0,4.0,,,,,,,0.03,0.06,0.09,1.73,0.0,0.34,1.57,1.02,7.78,35,0,0,0,0,0,0,0,0,0,0,0,0,0,0,0,5,524,0.0,0.0,0.0,0.0,0.0,0.0,0.0,0.0,0.0,0,0,0,0
357,Largie,Ramazani,Ramazani,u,has joined Valencia on loan for the rest of the season.,,4.9,320,198.0,0.0,720,298.0,0.0,727.0,303.0,0,0,0.0,-1,1.0,0,0,0.0,0.0,0.0,0.0,0.0,783.0,339.0,0.0,0.0,782.0,338.0,778.0,338.0,774.0,336.0,782.0,338.0,,,,,,,,0.0,0.0,0.0,0.0,0.0,0.0,0.0,0.0,0.0,35,0,0,0,0,0,0,0,0,0,0,0,0,0,0,0,0,1,0.0,0.0,0.0,0.0,0.0,0.0,0.0,0.0,0.0,0,0,0,0
358,Tanaka,Ao,Tanaka,a,,,4.8,360,223.0,0.2,377,128.0,3.2,72.0,22.0,6,0,0.0,-2,2.0,31,20,0.7,11.9,3.2,3.7,2.3,304.0,129.0,100.0,100.0,296.0,127.0,131.0,90.0,270.0,146.0,249.0,123.0,,,,,,,,0.12,0.11,0.23,1.36,0.0,0.25,1.67,0.92,9.41,35,6,71,0,1,0,1,0,0,0,0,0,0,1,1,27,656,259,0.0,0.10999999999999988,0.030000000000000027,0.14000000000000012,0.3100000000000023,8.599999999999994,16.299999999999955,8.0,3.299999999999997,0,2,3,5
359,Charlie,Crew,Crew,u,Has joined Doncaster Rovers on loan for the rest of the season.,,4.5,461,278.0,0.0,803,354.0,0.0,632.0,232.0,0,0,0.0,0,0.0,0,0,0.0,0.0,0.0,0.0,0.0,723.0,293.0,0.0,0.0,718.0,288.0,713.0,290.0,697.0,283.0,719.0,289.0,,,,,,,,0.0,0.0,0.0,0.0,0.0,0.0,0.0,0.0,0.0,35,0,0,0,0,0,0,0,0,0,0,0,0,0,0,0,0,0,0.0,0.0,0.0,0.0,0.0,0.0,0.0,0.0,0.0,0,0,0,0
360,Joe,Gelhardt,Gelhardt,u,Has joined Hull City on loan for the rest of the season.,,4.5,441,263.0,0.0,761,323.0,0.0,619.0,220.0,0,0,0.0,0,0.0,0,0,0.0,0.0,0.0,0.0,0.0,712.0,282.0,0.0,0.0,706.0,276.0,702.0,279.0,685.0,272.0,708.0,278.0,,,,,,,,0.0,0.0,0.0,0.0,0.0,0.0,0.0,0.0,0.0,35,0,0,0,0,0,0,0,0,0,0,0,0,0,0,0,0,1,0.0,0.0,0.0,0.0,0.0,0.0,0.0,0.0,0.0,0,0,0,0
361,Darko,Gyabi,Gyabi,u,has joined Hull City permanently.,,4.5,442,264.0,0.0,670,269.0,0.0,620.0,221.0,0,0,0.0,0,0.0,0,0,0.0,0.0,0.0,0.0,0.0,713.0,283.0,0.0,0.0,707.0,277.0,703.0,280.0,686.0,273.0,709.0,279.0,,,,,,,,0.0,0.0,0.0,0.0,0.0,0.0,0.0,0.0,0.0,35,0,0,0,0,0,0,0,0,0,0,0,0,0,0,0,0,3,0.0,0.0,0.0,0.0,0.0,0.0,0.0,0.0,0.0,0,0,0,0
362,Joël,Piroe,Piroe,a,,,4.9,315,58.0,0.3,307,47.0,0.2,343.0,47.0,0,0,0.0,-6,6.0,4,9,0.0,3.1,0.2,0.7,1.1,451.0,55.0,100.0,100.0,468.0,55.0,375.0,49.0,278.0,49.0,405.0,52.0,,,3.0,,,,,0.34,0.05,0.39,2.21,0.0,0.42,2.92,0.83,4.58,35,0,0,0,0,0,0,0,0,0,0,0,0,0,0,0,49,79,0.0,0.0,0.0,0.0,0.0,0.0,0.0,0.0,0.0,0,0,0,0
363,Patrick,Bamford,Bamford,u,has departed the club as a free agent.,,4.9,287,57.0,0.3,316,50.0,0.0,710.0,76.0,0,0,0.0,-1,1.0,0,0,0.0,0.0,0.0,0.0,0.0,775.0,86.0,0.0,0.0,774.0,86.0,770.0,85.0,766.0,85.0,774.0,86.0,,,,,,,,0.0,0.0,0.0,0.0,0.0,0.0,0.0,0.0,0.0,35,0,0,0,0,0,0,0,0,0,0,0,0,0,0,0,0,16,0.0,0.0,0.0,0.0,0.0,0.0,0.0,0.0,0.0,0,0,0,0
364,Mateo,Joseph Fernández-Regatillo,Mateo Joseph,u,Has joined RCD Mallorca on loan for the rest of the season.,,5.0,278,56.0,0.0,748,91.0,0.0,758.0,81.0,0,0,0.0,0,0.0,0,0,0.0,0.0,0.0,0.0,0.0,802.0,89.0,0.0,0.0,801.0,89.0,799.0,89.0,794.0,89.0,801.0,89.0,,,,,,,,0.0,0.0,0.0,0.0,0.0,0.0,0.0,0.0,0.0,35,0,0,0,0,0,0,0,0,0,0,0,0,0,0,0,0,0,0.0,0.0,0.0,0.0,0.0,0.0,0.0,0.0,0.0,0,0,0,0
365,Lukas,Nmecha,Nmecha,a,,,5.0,246,52.0,0.6,258,38.0,0.8,269.0,37.0,1,0,0.0,0,0.0,16,55,0.2,13.8,0.8,1.3,2.5,272.0,29.0,100.0,100.0,249.0,21.0,280.0,29.0,66.0,25.0,183.0,25.0,,,2.0,,,,,0.67,0.1,0.77,1.75,0.0,0.29,1.96,0.88,4.12,35,1,25,0,0,0,1,0,0,0,0,0,0,0,0,5,422,540,0.0,0.1999999999999993,0.0,0.1999999999999993,0.46000000000000085,4.0,0.0,17.0,2.0999999999999943,0,0,0,0
493,Sean,Longstaff,Longstaff,a,,,4.8,349,219.0,0.2,364,123.0,2.5,106.0,40.0,1,0,0.0,-2,2.0,7,14,0.5,11.2,2.5,3.0,2.6,251.0,101.0,100.0,100.0,233.0,100.0,75.0,59.0,288.0,155.0,182.0,91.0,2.0,2.0,,,,,,0.09,0.16,0.25,1.35,0.0,0.09,1.85,0.93,9.72,35,1,18,0,0,0,0,0,0,0,0,0,0,0,0,4,309,143,0.0,0.0,0.10999999999999988,0.11000000000000032,0.22000000000000064,9.800000000000011,24.5,0.0,3.4000000000000057,0,3,1,4
660,Anton,Stach,Stach,a,,,4.8,364,226.0,1.7,149,49.0,2.5,108.0,41.0,10,0,0.0,-2,2.0,1012,145,0.5,27.5,2.5,3.0,4.9,18.0,8.0,100.0,100.0,52.0,13.0,5.0,5.0,93.0,55.0,21.0,17.0,1.0,1.0,,,,,,0.11,0.18,0.29,1.25,0.0,0.24,1.43,1.06,10.24,35,10,71,1,0,0,1,0,0,0,0,0,0,1,3,33,19500,7112,0.0,0.2799999999999998,0.07000000000000028,0.34999999999999964,0.3099999999999987,42.799999999999955,37.60000000000002,25.0,10.5,2,2,2,6
665,Lucas Estella,Perri,Perri,a,,,4.4,532,26.0,0.3,344,48.0,0.0,563.0,87.0,0,0,0.0,-1,1.0,20,68,0.0,9.8,0.0,0.5,2.7,233.0,27.0,100.0,100.0,206.0,21.0,659.0,85.0,638.0,75.0,346.0,22.0,,,,,,,,0.0,0.0,0.0,1.67,2.38,0.19,1.81,1.0,0.0,35,0,0,0,0,0,0,0,0,0,0,0,0,0,0,0,855,617,0.0,0.0,0.0,0.0,0.0,0.0,0.0,0.0,0.0,0,0,0,0
691,Dominic,Calvert-Lewin,Calvert-Lewin,a,,,5.8,106,31.0,13.3,27,7.0,4.0,42.0,7.0,6,1,-1.0,3,-3.0,2609,1747,0.7,21.7,4.0,4.5,3.9,76.0,6.0,100.0,100.0,83.0,6.0,146.0,12.0,3.0,3.0,25.0,6.0,,,1.0,,,,,0.51,0.04,0.55,1.07,0.0,0.25,1.16,0.98,3.46,35,6,90,1,0,0,1,0,0,0,1,0,0,1,1,27,177869,17371,0.0,0.40000000000000036,0.010000000000000009,0.41000000000000014,0.3099999999999987,28.59999999999991,2.1999999999999886,37.0,6.799999999999983,0,0,2,2
698,Noah,Okafor,Okafor,a,,,5.6,129,80.0,2.6,120,38.0,10.2,1.0,1.0,10,0,0.0,1,-1.0,2570,1142,1.8,19.5,10.2,8.0,3.9,75.0,33.0,100.0,75.0,139.0,45.0,144.0,96.0,55.0,32.0,88.0,54.0,,,,,,,,0.3,0.08,0.38,1.42,0.0,0.35,1.51,1.1,6.55,35,10,64,1,0,1,0,0,0,0,0,0,0,1,2,30,49688,21141,0.0,0.33999999999999986,0.13000000000000012,0.46999999999999975,0.07000000000000028,41.400000000000034,27.19999999999999,26.0,9.5,1,1,4,6
706,James,Justin,Justin,a,,,4.0,677,167.0,2.1,135,55.0,5.5,11.0,4.0,2,1,-1.0,0,0.0,513,386,1.4,20.8,5.5,6.0,3.2,164.0,65.0,100.0,100.0,153.0,67.0,213.0,55.0,160.0,34.0,181.0,61.0,3.0,,,,,,,0.09,0.06,0.15,1.44,0.0,0.28,1.22,1.0,8.71,35,2,90,0,0,0,1,0,0,0,0,0,0,1,0,12,56510,5659,0.0,0.019999999999999796,0.030000000000000027,0.050000000000000266,0.5300000000000011,14.800000000000011,1.799999999999983,13.0,3.0,4,2,5,6
741,Harry,Gray,Gray,u,has joined Rotherham United on loan for the rest of the season.,,4.5,496,70.0,0.1,527,73.0,0.0,666.0,70.0,0,0,0.0,0,0.0,0,2,0.0,0.0,0.0,0.0,0.0,749.0,81.0,0.0,0.0,747.0,81.0,740.0,80.0,727.0,80.0,747.0,81.0,,,,,,,,0.0,0.0,0.0,0.0,0.0,0.0,0.0,0.0,0.0,35,0,0,0,0,0,0,0,0,0,0,0,0,0,0,0,0,20,0.0,0.0,0.0,0.0,0.0,0.0,0.0,0.0,0.0,0,0,0,0
787,Sam,Chambers,Chambers,a,,,4.4,564,338.0,0.0,735,306.0,0.0,584.0,200.0,0,0,0.0,-1,1.0,3,2,0.0,0.0,0.0,0.5,0.0,687.0,266.0,,,680.0,259.0,675.0,262.0,656.0,254.0,682.0,261.0,,,,,,,,0.0,0.0,0.0,0.0,0.0,0.0,0.0,0.0,0.0,35,0,0,0,0,0,0,0,0,0,0,0,0,0,0,0,42,28,0.0,0.0,0.0,0.0,0.0,0.0,0.0,0.0,0.0,0,0,0,0
366,Alisson,Becker,A.Becker,d,Muscle injury - 50% chance of playing,,5.4,153,4.0,5.3,73,11.0,0.0,781.0,96.0,0,0,0.0,-1,1.0,4,323,0.0,16.5,0.2,0.0,3.6,109.0,15.0,50.0,50.0,123.0,18.0,494.0,17.0,804.0,94.0,290.0,18.0,,,,,,,,0.0,0.0,0.0,1.12,2.24,0.32,1.2,1.0,0.0,35,0,0,0,0,0,0,0,0,0,0,0,0,0,0,0,42,4438,0.0,0.0,0.0,0.0,0.0,0.0,0.0,0.0,0.0,0,0,0,0
367,Giorgi,Mamardashvili,Mamardashvili,i,Knee injury - Unknown return date,,4.1,659,37.0,0.6,241,32.0,2.5,104.0,10.0,0,0,0.0,-4,4.0,3,173,0.6,7.6,0.0,0.0,3.9,68.0,6.0,0.0,0.0,280.0,24.0,627.0,78.0,598.0,64.0,384.0,25.0,,,,,,,,0.0,0.0,0.0,1.43,3.54,0.26,1.7,1.05,0.0,35,0,0,0,0,0,0,0,0,0,0,0,0,0,0,0,27,2084,0.0,0.0,0.0,0.0,0.0,0.0,0.0,0.0,0.0,0,0,0,0
368,Ármin,Pécsi,Pécsi,a,,,3.8,818,96.0,0.9,208,25.0,0.0,390.0,28.0,0,0,0.0,-2,2.0,67,84,0.0,0.0,0.5,0.0,0.0,545.0,41.0,,,534.0,41.0,518.0,21.0,486.0,7.0,536.0,41.0,,,,,,,,0.0,0.0,0.0,0.0,0.0,0.0,0.0,0.0,0.0,35,0,0,0,0,0,0,0,0,0,0,0,0,0,0,0,1013,1142,0.0,0.0,0.0,0.0,0.0,0.0,0.0,0.0,0.0,0,0,0,0
369,Freddie,Woodman,Woodman,a,,,3.9,757,76.0,0.3,306,40.0,1.0,221.0,17.0,0,0,0.0,-1,1.0,97,36,0.3,1.0,1.5,1.0,2.0,338.0,33.0,,,418.0,33.0,529.0,30.0,497.0,16.0,452.0,33.0,,,,,,,,0.0,0.0,0.0,1.79,4.43,0.0,0.74,0.74,0.0,35,0,0,0,0,0,0,0,0,0,0,0,0,0,0,0,2110,2033,0.0,0.0,0.0,0.0,0.0,0.0,0.0,0.0,0.0,0,0,0,0
370,Jeremie,Frimpong,Frimpong,a,,,5.7,116,10.0,5.1,76,25.0,2.0,154.0,58.0,0,0,0.0,-3,3.0,60,311,0.4,10.4,2.5,2.0,3.3,160.0,63.0,100.0,100.0,357.0,136.0,178.0,45.0,224.0,58.0,288.0,94.0,,,,,,,,0.05,0.15,0.2,1.04,0.0,0.53,1.06,1.06,3.06,35,0,0,0,0,0,0,0,0,0,0,0,0,0,0,0,789,5814,0.0,0.0,0.0,0.0,0.0,0.0,0.0,0.0,0.0,0,0,0,0
371,Milos,Kerkez,Kerkez,d,Knock - 75% chance of playing,,5.6,133,14.0,3.0,109,40.0,0.5,311.0,104.0,0,0,0.0,-4,4.0,1,411,0.1,14.5,0.8,0.4,2.7,245.0,96.0,75.0,75.0,151.0,66.0,79.0,16.0,230.0,60.0,140.0,45.0,,,,,,,,0.07,0.03,0.1,1.19,0.0,0.27,1.37,1.11,5.67,35,0,0,0,0,0,0,0,0,0,0,0,0,0,0,0,45,4970,0.0,0.0,0.0,0.0,0.0,0.0,0.0,0.0,0.0,0,0,0,0
372,Andrew,Robertson,Robertson,a,,,5.7,113,9.0,1.0,194,74.0,4.0,40.0,22.0,0,0,0.0,-3,3.0,85,22,0.7,9.3,4.5,4.0,2.4,290.0,108.0,,,278.0,113.0,137.0,37.0,253.0,69.0,239.0,81.0,,,,,,,,0.09,0.1,0.19,1.26,0.0,0.35,1.14,0.79,4.3,35,0,0,0,0,0,0,0,0,0,0,0,0,0,0,0,909,509,0.0,0.0,0.0,0.0,0.0,0.0,0.0,0.0,0.0,0,0,0,0
373,Virgil,van Dijk,Virgil,a,,,6.2,70,2.0,32.3,9,3.0,5.2,15.0,7.0,0,0,0.0,2,-2.0,1116,4201,0.8,25.2,5.7,5.2,4.6,26.0,10.0,,,3.0,1.0,189.0,50.0,56.0,2.0,30.0,1.0,,,,,,,,0.09,0.04,0.13,1.22,0.0,0.29,1.29,1.0,9.47,35,0,0,0,0,0,0,0,0,0,0,0,0,0,0,0,12794,111339,0.0,0.0,0.0,0.0,0.0,0.0,0.0,0.0,0.0,0,0,0,0
374,Ibrahima,Konaté,Konaté,a,,,5.5,139,16.0,4.1,95,32.0,3.5,63.0,26.0,0,0,0.0,0,0.0,126,718,0.6,22.7,4.0,3.5,3.9,74.0,29.0,100.0,100.0,34.0,13.0,236.0,60.0,280.0,81.0,131.0,39.0,,,,,,,,0.03,0.03,0.06,1.14,0.0,0.33,1.18,1.05,9.03,35,0,0,0,0,0,0,0,0,0,0,0,0,0,0,0,1212,14787,0.0,0.0,0.0,0.0,0.0,0.0,0.0,0.0,0.0,0,0,0,0
375,Conor,Bradley,Bradley,i,Knee injury - Expected back 01 Jun,,4.9,332,55.0,0.1,428,159.0,0.0,735.0,254.0,0,0,0.0,-1,1.0,1,2,0.0,8.6,0.0,0.0,2.8,222.0,87.0,0.0,0.0,327.0,125.0,283.0,84.0,322.0,101.0,345.0,116.0,,,,,,,,0.02,0.08,0.1,1.04,0.0,0.39,1.26,1.16,6.3,35,0,0,0,0,0,0,0,0,0,0,0,0,0,0,0,5,12,0.0,0.0,0.0,0.0,0.0,0.0,0.0,0.0,0.0,0,0,0,0
376,Joe,Gomez,Gomez,a,,,4.9,295,46.0,0.1,423,157.0,0.5,298.0,100.0,0,0,0.0,-1,1.0,3,3,0.1,6.5,1.0,0.5,1.8,378.0,141.0,100.0,100.0,360.0,137.0,322.0,110.0,377.0,130.0,383.0,133.0,,,,,,,,0.04,0.11,0.15,1.4,0.0,0.35,2.1,1.05,7.34,35,0,0,0,0,0,0,0,0,0,0,0,0,0,0,0,26,44,0.0,0.0,0.0,0.0,0.0,0.0,0.0,0.0,0.0,0,0,0,0
377,Konstantinos,Tsimikas,Tsimikas,u,has joined AS Roma on loan for the rest of the season.,,4.8,353,58.0,0.0,598,214.0,0.0,705.0,251.0,0,0,0.0,-2,2.0,0,0,0.0,0.0,0.0,0.0,0.0,774.0,263.0,0.0,0.0,773.0,263.0,768.0,263.0,760.0,263.0,773.0,263.0,,,,,,,,0.0,0.0,0.0,0.0,0.0,0.0,0.0,0.0,0.0,35,0,0,0,0,0,0,0,0,0,0,0,0,0,0,0,0,1,0.0,0.0,0.0,0.0,0.0,0.0,0.0,0.0,0.0,0,0,0,0
378,Amara,Nallo,Nallo,a,,,3.7,830,268.0,0.9,203,79.0,0.0,367.0,126.0,0,0,0.0,-3,3.0,11,61,0.0,0.0,0.5,0.0,0.0,530.0,186.0,100.0,100.0,519.0,185.0,501.0,184.0,468.0,178.0,521.0,185.0,,,,,,,,0.0,0.0,0.0,0.0,0.0,0.0,0.0,0.0,0.0,35,0,0,0,0,0,0,0,0,0,0,0,0,0,0,0,243,1260,0.0,0.0,0.0,0.0,0.0,0.0,0.0,0.0,0.0,0,0,0,0
379,Rhys,Williams,R.Williams,a,,,3.7,822,260.0,0.5,261,99.0,0.0,361.0,120.0,0,0,0.0,-3,3.0,6,38,0.0,0.0,0.5,0.0,0.0,526.0,182.0,,,515.0,181.0,496.0,179.0,462.0,172.0,517.0,181.0,,,,,,,,0.0,0.0,0.0,0.0,0.0,0.0,0.0,0.0,0.0,35,0,0,0,0,0,0,0,0,0,0,0,0,0,0,0,206,594,0.0,0.0,0.0,0.0,0.0,0.0,0.0,0.0,0.0,0,0,0,0
380,Calvin,Ramsay,Ramsay,a,,,3.7,824,262.0,0.3,345,124.0,0.0,363.0,122.0,0,0,0.0,-3,3.0,41,8,0.0,0.0,0.5,0.0,0.0,527.0,183.0,,,516.0,182.0,497.0,180.0,464.0,174.0,518.0,182.0,,,,,,,,0.0,0.0,0.0,0.0,0.0,0.0,0.0,0.0,0.0,35,0,0,0,0,0,0,0,0,0,0,0,0,0,0,0,525,202,0.0,0.0,0.0,0.0,0.0,0.0,0.0,0.0,0.0,0,0,0,0
381,Mohamed,Salah,M.Salah,i,Muscle injury - Expected back 24 May,,14.0,2,1.0,14.0,26,9.0,4.8,22.0,8.0,0,0,0.0,-5,5.0,8,1514,0.3,8.3,0.0,0.0,4.6,28.0,12.0,0.0,0.0,107.0,33.0,15.0,15.0,16.0,7.0,15.0,11.0,2.0,4.0,1.0,,,,,0.35,0.22,0.57,1.3,0.0,0.31,1.45,0.96,4.42,35,0,0,0,0,0,0,0,0,0,0,0,0,0,0,0,76,48526,0.0,0.0,0.0,0.0,0.0,0.0,0.0,0.0,0.0,0,0,0,0
382,Florian,Wirtz,Wirtz,a,,,8.3,13,8.0,9.1,41,14.0,4.0,46.0,14.0,0,0,0.0,-2,2.0,485,748,0.5,14.6,4.5,4.0,4.0,66.0,31.0,100.0,100.0,98.0,32.0,8.0,8.0,25.0,11.0,13.0,10.0,4.0,5.0,,,,,,0.24,0.2,0.44,1.21,0.0,0.4,1.08,1.04,6.54,35,0,0,0,0,0,0,0,0,0,0,0,0,0,0,0,10733,13731,0.0,0.0,0.0,0.0,0.0,0.0,0.0,0.0,0.0,0,0,0,0
383,Luis,Díaz Marulanda,Luis Díaz,u,Has joined Bayern Munch permanently.,,8.0,17,12.0,0.0,607,231.0,0.0,826.0,371.0,0,0,0.0,0,0.0,0,0,0.0,0.0,0.0,0.0,0.0,829.0,372.0,0.0,0.0,829.0,372.0,829.0,372.0,829.0,372.0,829.0,372.0,,,,,,,,0.0,0.0,0.0,0.0,0.0,0.0,0.0,0.0,0.0,35,0,0,0,0,0,0,0,0,0,0,0,0,0,0,0,0,2,0.0,0.0,0.0,0.0,0.0,0.0,0.0,0.0,0.0,0,0,0,0
384,Cody,Gakpo,Gakpo,a,,,7.3,29,18.0,5.6,71,24.0,3.2,78.0,27.0,0,0,0.0,-2,2.0,75,512,0.4,16.3,3.7,3.2,3.7,103.0,43.0,100.0,100.0,113.0,35.0,24.0,23.0,11.0,5.0,19.0,15.0,3.0,,3.0,,,,,0.26,0.17,0.43,1.08,0.0,0.37,1.16,1.05,5.09,35,0,0,0,0,0,0,0,0,0,0,0,0,0,0,0,1896,14738,0.0,0.0,0.0,0.0,0.0,0.0,0.0,0.0,0.0,0,0,0,0
385,Federico,Chiesa,Chiesa,a,,,6.3,67,44.0,0.3,339,116.0,0.0,817.0,365.0,0,0,0.0,-2,2.0,4,6,0.0,5.4,0.5,0.0,1.5,417.0,181.0,100.0,100.0,359.0,161.0,363.0,187.0,221.0,121.0,349.0,168.0,,,,,,,,0.44,0.2,0.64,1.76,0.0,0.0,2.27,0.32,9.42,35,0,0,0,0,0,0,0,0,0,0,0,0,0,0,0,32,28,0.0,0.0,0.0,0.0,0.0,0.0,0.0,0.0,0.0,0,0,0,0
386,Alexis,Mac Allister,Mac Allister,a,,,6.2,73,48.0,1.9,140,46.0,3.8,55.0,18.0,0,0,0.0,-3,3.0,84,240,0.6,16.1,4.3,3.8,3.0,204.0,82.0,100.0,100.0,143.0,47.0,50.0,43.0,92.0,54.0,77.0,48.0,,,4.0,,,,,0.13,0.05,0.18,1.21,0.0,0.27,1.26,1.06,7.96,35,0,0,0,0,0,0,0,0,0,0,0,0,0,0,0,1903,4893,0.0,0.0,0.0,0.0,0.0,0.0,0.0,0.0,0.0,0,0,0,0
387,Dominik,Szoboszlai,Szoboszlai,a,,,7.0,37,22.0,12.2,31,11.0,2.8,100.0,38.0,0,-1,1.0,5,-5.0,401,3792,0.4,19.1,3.3,2.8,4.2,50.0,22.0,100.0,100.0,30.0,8.0,2.0,2.0,84.0,48.0,8.0,5.0,1.0,2.0,2.0,,,,,0.13,0.18,0.31,1.23,0.0,0.28,1.35,1.0,9.81,35,0,0,0,0,0,0,0,0,0,0,0,0,0,0,0,8156,75527,0.0,0.0,0.0,0.0,0.0,0.0,0.0,0.0,0.0,0,0,0,0
388,Curtis,Jones,C.Jones,a,,,5.4,162,101.0,0.1,461,158.0,3.0,84.0,30.0,0,0,0.0,-1,1.0,9,7,0.6,12.2,3.5,3.0,2.2,319.0,138.0,100.0,100.0,219.0,91.0,92.0,68.0,174.0,95.0,160.0,84.0,,,,,,,,0.09,0.15,0.24,1.45,0.0,0.17,1.61,0.81,11.46,35,0,0,0,0,0,0,0,0,0,0,0,0,0,0,0,181,86,0.0,0.0,0.0,0.0,0.0,0.0,0.0,0.0,0.0,0,0,0,0
390,Ryan,Gravenberch,Gravenberch,a,,,5.4,168,105.0,3.9,98,33.0,1.0,240.0,109.0,0,0,0.0,-1,1.0,44,622,0.2,23.7,1.5,1.0,4.0,62.0,28.0,100.0,100.0,57.0,15.0,60.0,50.0,186.0,103.0,78.0,49.0,,,,,,,,0.06,0.07,0.13,1.13,0.0,0.3,1.18,1.01,9.29,35,0,0,0,0,0,0,0,0,0,0,0,0,0,0,0,644,14088,0.0,0.0,0.0,0.0,0.0,0.0,0.0,0.0,0.0,0,0,0,0
392,Endo,Wataru,Endo,i,Foot injury - Expected back 24 May,,4.9,292,181.0,0.1,522,190.0,0.0,713.0,293.0,0,0,0.0,-1,1.0,0,1,0.0,2.4,0.0,0.0,1.5,412.0,177.0,0.0,0.0,415.0,180.0,408.0,203.0,435.0,210.0,433.0,195.0,,,,,,,,0.02,0.03,0.05,2.18,0.0,0.53,2.65,0.53,12.18,35,0,0,0,0,0,0,0,0,0,0,0,0,0,0,0,4,6,0.0,0.0,0.0,0.0,0.0,0.0,0.0,0.0,0.0,0,0,0,0
393,Stefan,Bajčetić Maquieira,Bajcetic,i,Hamstring injury - Unknown return date,,4.2,646,372.0,0.1,462,159.0,0.0,522.0,169.0,0,0,0.0,-3,3.0,78,25,0.0,0.0,0.0,0.0,0.0,651.0,244.0,0.0,0.0,642.0,234.0,636.0,239.0,611.0,226.0,644.0,236.0,,,,,,,,0.0,0.0,0.0,0.0,0.0,0.0,0.0,0.0,0.0,35,0,0,0,0,0,0,0,0,0,0,0,0,0,0,0,1681,539,0.0,0.0,0.0,0.0,0.0,0.0,0.0,0.0,0.0,0,0,0,0
394,James,McConnell,McConnell,u,has joined Ajax on loan for the rest of the season.,,4.4,551,329.0,0.0,686,275.0,0.0,573.0,192.0,0,0,0.0,-1,1.0,0,0,0.0,0.0,0.0,0.0,0.0,678.0,260.0,0.0,0.0,670.0,252.0,666.0,256.0,645.0,246.0,672.0,254.0,,,,,,,,0.0,0.0,0.0,0.0,0.0,0.0,0.0,0.0,0.0,35,0,0,0,0,0,0,0,0,0,0,0,0,0,0,0,0,2,0.0,0.0,0.0,0.0,0.0,0.0,0.0,0.0,0.0,0,0,0,0
395,Tyler,Morton,Morton,u,Has joined Lyon permanently.,,4.5,433,257.0,0.0,810,358.0,0.0,612.0,214.0,0,0,0.0,0,0.0,0,0,0.0,0.0,0.0,0.0,0.0,705.0,276.0,0.0,0.0,699.0,270.0,695.0,273.0,678.0,266.0,701.0,272.0,,,,,,,,0.0,0.0,0.0,0.0,0.0,0.0,0.0,0.0,0.0,35,0,0,0,0,0,0,0,0,0,0,0,0,0,0,0,0,0,0.0,0.0,0.0,0.0,0.0,0.0,0.0,0.0,0.0,0,0,0,0
396,Trey,Nyoni,Nyoni,a,,,4.3,615,363.0,0.3,325,111.0,0.2,328.0,152.0,0,0,0.0,-2,2.0,4,5,0.0,1.2,0.7,0.2,1.0,474.0,207.0,,,495.0,227.0,421.0,209.0,439.0,213.0,477.0,214.0,,,,,,,,2.38,0.06,2.44,2.64,0.0,0.0,6.43,0.0,12.86,35,0,0,0,0,0,0,0,0,0,0,0,0,0,0,0,81,191,0.0,0.0,0.0,0.0,0.0,0.0,0.0,0.0,0.0,0,0,0,0
397,Darwin,Núñez Ribeiro,Darwin,u,Has joined Al-Hilal permanently.,,6.5,50,18.0,0.1,558,78.0,0.0,821.0,91.0,0,0,0.0,0,0.0,0,1,0.0,0.0,0.0,0.0,0.0,825.0,92.0,0.0,0.0,825.0,92.0,825.0,92.0,825.0,92.0,825.0,92.0,,,,,,,,0.0,0.0,0.0,0.0,0.0,0.0,0.0,0.0,0.0,35,0,0,0,0,0,0,0,0,0,0,0,0,0,0,0,0,2,0.0,0.0,0.0,0.0,0.0,0.0,0.0,0.0,0.0,0,0,0,0
398,Jayden,Danns,Danns,i,Hamstring injury - Unknown return date,,4.3,604,85.0,0.1,481,68.0,0.0,541.0,55.0,0,0,0.0,-2,2.0,1,2,0.0,0.0,0.0,0.0,0.0,659.0,67.0,0.0,0.0,649.0,67.0,644.0,66.0,621.0,66.0,651.0,67.0,,,,,,,,0.0,0.0,0.0,0.0,0.0,0.0,0.0,0.0,0.0,35,0,0,0,0,0,0,0,0,0,0,0,0,0,0,0,34,28,0.0,0.0,0.0,0.0,0.0,0.0,0.0,0.0,0.0,0,0,0,0
499,Alexander,Isak,Isak,a,,,10.3,5,2.0,4.3,90,17.0,2.8,102.0,16.0,0,0,0.0,-2,2.0,642,510,0.3,3.9,3.3,2.8,3.1,198.0,21.0,100.0,100.0,337.0,34.0,373.0,48.0,178.0,40.0,336.0,41.0,,,,,,,,0.35,0.01,0.36,1.11,0.0,0.13,1.21,1.07,3.76,35,0,0,0,0,0,0,0,0,0,0,0,0,0,0,0,11841,8445,0.0,0.0,0.0,0.0,0.0,0.0,0.0,0.0,0.0,0,0,0,0
661,Hugo,Ekitiké,Ekitiké,i,Achilles injury - Expected back 01 Jul,,9.0,7,3.0,17.1,18,4.0,0.0,829.0,93.0,0,-1,1.0,5,-5.0,5,3602,0.0,13.9,0.0,0.0,4.5,34.0,5.0,0.0,0.0,89.0,7.0,121.0,7.0,18.0,10.0,35.0,7.0,,,,,,,,0.51,0.12,0.63,1.31,0.0,0.35,1.25,1.05,4.26,35,0,0,0,0,0,0,0,0,0,0,0,0,0,0,0,26,76398,0.0,0.0,0.0,0.0,0.0,0.0,0.0,0.0,0.0,0,0,0,0
686,Rio,Ngumoha,Ngumoha,a,,,4.3,620,367.0,1.1,191,66.0,3.0,79.0,28.0,0,0,0.0,-2,2.0,254,190,0.7,7.4,3.5,3.0,2.1,328.0,143.0,,,340.0,152.0,224.0,144.0,196.0,107.0,299.0,147.0,,,,,,,,0.31,0.52,0.83,1.61,0.0,0.59,1.48,0.59,5.33,35,0,0,0,0,0,0,0,0,0,0,0,0,0,0,0,4337,3037,0.0,0.0,0.0,0.0,0.0,0.0,0.0,0.0,0.0,0,0,0,0
692,Giovanni,Leoni,Leoni,i,Knee injury - Expected back 01 Sep,,4.9,344,57.0,0.0,722,251.0,0.0,741.0,255.0,0,0,0.0,-1,1.0,0,0,0.0,0.0,0.0,0.0,0.0,793.0,264.0,0.0,0.0,792.0,264.0,788.0,264.0,784.0,264.0,792.0,264.0,,,,,,,,0.0,0.0,0.0,0.0,0.0,0.0,0.0,0.0,0.0,35,0,0,0,0,0,0,0,0,0,0,0,0,0,0,0,4,2,0.0,0.0,0.0,0.0,0.0,0.0,0.0,0.0,0.0,0,0,0,0
746,Kieran,Morrison,Morrison,a,,,4.5,494,304.0,0.0,746,315.0,0.0,664.0,258.0,0,0,0.0,0,0.0,0,0,0.0,0.0,0.5,0.0,0.0,748.0,313.0,,,746.0,311.0,739.0,311.0,726.0,307.0,746.0,311.0,,,,,,,,0.0,0.0,0.0,0.0,0.0,0.0,0.0,0.0,0.0,35,0,0,0,0,0,0,0,0,0,0,0,0,0,0,0,9,8,0.0,0.0,0.0,0.0,0.0,0.0,0.0,0.0,0.0,0,0,0,0
760,Wellity,Lucky,Lucky,a,,,4.0,717,187.0,0.0,681,240.0,0.0,475.0,183.0,0,0,0.0,0,0.0,1,1,0.0,0.0,0.5,0.0,0.0,617.0,227.0,,,607.0,227.0,600.0,227.0,569.0,223.0,609.0,227.0,,,,,,,,0.0,0.0,0.0,0.0,0.0,0.0,0.0,0.0,0.0,35,0,0,0,0,0,0,0,0,0,0,0,0,0,0,0,12,10,0.0,0.0,0.0,0.0,0.0,0.0,0.0,0.0,0.0,0,0,0,0
830,Will,Wright,Wright,a,,,4.5,519,75.0,0.0,819,93.0,0.0,687.0,75.0,0,0,0.0,0,0.0,3,1,0.0,0.0,0.5,0.0,0.0,766.0,85.0,,,765.0,85.0,758.0,84.0,746.0,84.0,765.0,85.0,,,,,,,,0.0,0.0,0.0,0.0,0.0,0.0,0.0,0.0,0.0,35,0,0,0,0,0,0,0,0,0,0,0,0,0,0,0,25,4,0.0,0.0,0.0,0.0,0.0,0.0,0.0,0.0,0.0,0,0,0,0
82,Antoine,Semenyo,Semenyo,a,,,8.1,15,10.0,50.2,2,1.0,1.8,175.0,76.0,0,-1,1.0,11,-11.0,4122,3309,0.2,22.3,4.6,2.3,5.7,5.0,2.0,100.0,100.0,11.0,3.0,38.0,35.0,5.0,1.0,5.0,3.0,,4.0,,,,,,0.33,0.08,0.41,1.4,0.0,0.32,1.52,1.02,6.92,35,0,0,0,0,0,0,0,0,0,0,0,0,0,0,0,53958,132658,0.0,0.0,0.0,0.0,0.0,0.0,0.0,0.0,0.0,0,0,0,0
182,James,Trafford,Trafford,a,,,4.5,431,23.0,0.9,201,24.0,0.0,610.0,90.0,0,0,0.0,-5,5.0,4,12,0.0,2.4,1.0,0.5,3.7,93.0,12.0,,,379.0,28.0,693.0,88.0,676.0,78.0,422.0,28.0,,,,,,,,0.0,0.0,0.0,1.32,3.67,0.33,1.33,1.0,0.0,35,0,0,0,0,0,0,0,0,0,0,0,0,0,0,0,35,77,0.0,0.0,0.0,0.0,0.0,0.0,0.0,0.0,0.0,0,0,0,0
260,Marc,Guéhi,Guéhi,a,,,5.1,229,33.0,32.7,8,2.0,5.8,7.0,3.0,0,0,0.0,6,-6.0,2669,1425,1.1,31.0,12.6,6.3,5.1,12.0,3.0,100.0,100.0,12.0,5.0,149.0,38.0,72.0,3.0,49.0,6.0,,,,,,,,0.12,0.07,0.19,1.25,0.0,0.39,1.0,1.0,8.06,35,0,0,0,0,0,0,0,0,0,0,0,0,0,0,0,27167,42306,0.0,0.0,0.0,0.0,0.0,0.0,0.0,0.0,0.0,0,0,0,0
399,Ederson,Santana de Moraes,Ederson M.,u,has joined Fenerbache permanently.,,5.3,181,5.0,0.8,213,27.0,0.0,775.0,95.0,0,0,0.0,-2,2.0,0,4,0.0,0.0,0.0,0.0,0.0,807.0,96.0,0.0,0.0,806.0,96.0,805.0,95.0,802.0,93.0,806.0,96.0,,,,,,,,0.0,0.0,0.0,0.0,0.0,0.0,0.0,0.0,0.0,35,0,0,0,0,0,0,0,0,0,0,0,0,0,0,0,0,23,0.0,0.0,0.0,0.0,0.0,0.0,0.0,0.0,0.0,0,0,0,0
401,Marcus,Bettinelli,Bettinelli,a,,,3.8,795,94.0,0.4,294,38.0,0.0,371.0,26.0,0,0,0.0,-2,2.0,8,81,0.0,0.0,1.0,0.5,0.0,533.0,40.0,100.0,100.0,522.0,40.0,504.0,19.0,471.0,5.0,524.0,40.0,,,,,,,,0.0,0.0,0.0,0.0,0.0,0.0,0.0,0.0,0.0,35,0,0,0,0,0,0,0,0,0,0,0,0,0,0,0,124,828,0.0,0.0,0.0,0.0,0.0,0.0,0.0,0.0,0.0,0,0,0,0
402,Rayan,Aït-Nouri,Aït-Nouri,a,,,5.7,117,11.0,4.2,94,31.0,2.2,136.0,50.0,0,0,0.0,-3,3.0,127,171,0.4,9.3,5.4,2.7,3.5,130.0,48.0,100.0,100.0,304.0,118.0,195.0,51.0,308.0,94.0,302.0,101.0,,,,,,,,0.05,0.18,0.23,1.16,0.0,0.41,0.83,1.14,6.43,35,0,0,0,0,0,0,0,0,0,0,0,0,0,0,0,1093,2481,0.0,0.0,0.0,0.0,0.0,0.0,0.0,0.0,0.0,0,0,0,0
403,Joško,Gvardiol,Gvardiol,i,Leg injury - Unknown return date,,5.8,109,7.0,3.2,105,38.0,0.0,807.0,266.0,0,0,0.0,-2,2.0,3,36,0.0,13.3,0.0,0.0,4.8,22.0,7.0,0.0,0.0,191.0,79.0,284.0,85.0,169.0,38.0,228.0,80.0,,,,,,,,0.15,0.04,0.19,1.06,0.0,0.42,0.9,1.04,6.85,35,0,0,0,0,0,0,0,0,0,0,0,0,0,0,0,14,329,0.0,0.0,0.0,0.0,0.0,0.0,0.0,0.0,0.0,0,0,0,0
404,Manuel,Akanji,Akanji,u,has joined Inter Milan on loan for the rest of the season.,,5.4,163,19.0,0.3,349,127.0,0.0,786.0,261.0,0,0,0.0,-1,1.0,0,1,0.0,0.0,0.0,0.0,0.0,810.0,267.0,0.0,0.0,809.0,267.0,808.0,267.0,806.0,267.0,809.0,267.0,,,,,,,,0.0,0.0,0.0,0.0,0.0,0.0,0.0,0.0,0.0,35,0,0,0,0,0,0,0,0,0,0,0,0,0,0,0,0,3,0.0,0.0,0.0,0.0,0.0,0.0,0.0,0.0,0.0,0,0,0,0
405,Nathan,Aké,Aké,a,,,5.2,201,27.0,0.6,246,94.0,0.2,347.0,117.0,0,0,0.0,-3,3.0,9,9,0.0,5.4,1.4,0.7,1.9,357.0,131.0,,,373.0,140.0,296.0,93.0,379.0,132.0,382.0,132.0,,,,,,,,0.05,0.08,0.13,1.46,0.0,0.37,1.29,0.74,7.19,35,0,0,0,0,0,0,0,0,0,0,0,0,0,0,0,80,80,0.0,0.0,0.0,0.0,0.0,0.0,0.0,0.0,0.0,0,0,0,0
406,Abdukodir,Khusanov,Khusanov,a,,,5.4,180,21.0,0.6,240,92.0,5.2,14.0,6.0,0,0,0.0,-1,1.0,390,56,1.0,10.4,11.4,5.7,3.1,195.0,77.0,100.0,100.0,255.0,101.0,289.0,89.0,395.0,141.0,334.0,112.0,,,,,,,,0.05,0.03,0.08,1.2,0.0,0.39,0.7,0.93,8.25,35,0,0,0,0,0,0,0,0,0,0,0,0,0,0,0,3992,531,0.0,0.0,0.0,0.0,0.0,0.0,0.0,0.0,0.0,0,0,0,0
407,Matheus,Nunes,Matheus N.,a,,,5.3,193,22.0,2.9,111,42.0,4.2,34.0,19.0,0,0,0.0,-2,2.0,574,276,0.8,27.4,9.4,4.7,4.8,21.0,6.0,100.0,100.0,51.0,24.0,47.0,5.0,252.0,68.0,72.0,14.0,,,4.0,,,,,0.01,0.08,0.09,1.05,0.0,0.39,0.85,0.99,6.18,35,0,0,0,0,0,0,0,0,0,0,0,0,0,0,0,6011,5526,0.0,0.0,0.0,0.0,0.0,0.0,0.0,0.0,0.0,0,0,0,0
408,Rúben,dos Santos Gato Alves Dias,Rúben,i,Thigh injury - Unknown return date,,5.5,137,15.0,3.1,106,39.0,0.0,797.0,263.0,0,0,0.0,0,0.0,1,105,0.0,20.4,0.0,0.0,4.5,30.0,12.0,0.0,0.0,79.0,36.0,239.0,61.0,279.0,80.0,177.0,59.0,,,,,,,,0.03,0.03,0.06,1.07,0.0,0.53,0.88,1.01,7.2,35,0,0,0,0,0,0,0,0,0,0,0,0,0,0,0,18,1010,0.0,0.0,0.0,0.0,0.0,0.0,0.0,0.0,0.0,0,0,0,0
409,John,Stones,Stones,a,,,5.4,152,17.0,0.6,256,97.0,0.0,780.0,260.0,0,0,0.0,-1,1.0,12,6,0.0,2.2,1.0,0.5,1.7,399.0,146.0,100.0,100.0,397.0,149.0,405.0,148.0,459.0,170.0,425.0,152.0,,,,,,,,0.0,0.02,0.02,1.29,0.0,0.26,2.05,1.03,4.87,35,0,0,0,0,0,0,0,0,0,0,0,0,0,0,0,97,38,0.0,0.0,0.0,0.0,0.0,0.0,0.0,0.0,0.0,0,0,0,0
410,Rico,Lewis,Lewis,a,,,4.6,402,70.0,1.2,183,70.0,0.0,692.0,248.0,0,0,0.0,-4,4.0,24,19,0.0,4.1,1.0,0.5,1.9,353.0,130.0,100.0,100.0,406.0,152.0,291.0,90.0,346.0,113.0,385.0,134.0,,,,,,,,0.03,0.38,0.41,1.46,0.0,0.29,1.45,0.87,5.5,35,0,0,0,0,0,0,0,0,0,0,0,0,0,0,0,108,145,0.0,0.0,0.0,0.0,0.0,0.0,0.0,0.0,0.0,0,0,0,0
411,Nico,O'Reilly,O'Reilly,a,,,5.2,213,30.0,17.8,15,5.0,6.8,4.0,2.0,0,0,0.0,2,-2.0,9037,209,1.3,29.2,14.6,7.3,4.9,19.0,5.0,100.0,100.0,54.0,26.0,78.0,15.0,40.0,1.0,41.0,4.0,,,,,,,,0.2,0.09,0.29,1.14,0.0,0.49,0.8,0.99,6.07,35,0,0,0,0,0,0,0,0,0,0,0,0,0,0,0,185003,3604,0.0,0.0,0.0,0.0,0.0,0.0,0.0,0.0,0.0,0,0,0,0
412,Vitor,de Oliveira Nunes dos Reis,Vitor Reis,u,Has joined Girona on loan for the rest of the season.,,5.0,282,43.0,0.0,787,263.0,0.0,762.0,257.0,0,0,0.0,0,0.0,0,0,0.0,0.0,0.0,0.0,0.0,806.0,266.0,0.0,0.0,805.0,266.0,803.0,266.0,798.0,266.0,805.0,266.0,,,,,,,,0.0,0.0,0.0,0.0,0.0,0.0,0.0,0.0,0.0,35,0,0,0,0,0,0,0,0,0,0,0,0,0,0,0,0,0,0.0,0.0,0.0,0.0,0.0,0.0,0.0,0.0,0.0,0,0,0,0
413,Omar,Marmoush,Marmoush,a,,,8.3,12,7.0,2.5,126,41.0,0.0,827.0,372.0,0,0,0.0,-2,2.0,58,51,0.0,4.8,1.0,0.5,2.4,295.0,127.0,100.0,100.0,347.0,157.0,233.0,149.0,134.0,79.0,283.0,143.0,4.0,1.0,2.0,,,,,0.35,0.11,0.46,1.05,0.0,0.48,0.8,1.11,5.09,35,0,0,0,0,0,0,0,0,0,0,0,0,0,0,0,497,841,0.0,0.0,0.0,0.0,0.0,0.0,0.0,0.0,0.0,0,0,0,0
414,Phil,Foden,Foden,a,,,8.0,16,11.0,7.7,54,18.0,0.5,319.0,148.0,0,0,0.0,0,0.0,57,279,0.1,14.2,2.0,1.0,4.1,57.0,25.0,100.0,100.0,97.0,31.0,10.0,10.0,51.0,30.0,26.0,20.0,5.0,,,,,,,0.26,0.2,0.46,1.11,0.0,0.49,0.79,1.03,6.9,35,0,0,0,0,0,0,0,0,0,0,0,0,0,0,0,490,3397,0.0,0.0,0.0,0.0,0.0,0.0,0.0,0.0,0.0,0,0,0,0
415,Sávio,Moreira de Oliveira,Savinho,a,,,6.9,40,24.0,0.4,288,99.0,0.8,280.0,132.0,0,0,0.0,-1,1.0,17,3,0.1,4.3,2.6,1.3,1.5,420.0,183.0,100.0,100.0,385.0,171.0,234.0,150.0,117.0,68.0,286.0,145.0,,,,,,,,0.29,0.19,0.48,1.11,0.0,0.3,0.75,0.75,7.62,35,0,0,0,0,0,0,0,0,0,0,0,0,0,0,0,98,66,0.0,0.0,0.0,0.0,0.0,0.0,0.0,0.0,0.0,0,0,0,0
416,Bernardo,Mota Veiga de Carvalho e Silva,Bernardo,a,,,6.2,72,47.0,0.7,236,83.0,2.5,112.0,43.0,0,0,0.0,-3,3.0,180,39,0.4,14.7,6.0,3.0,2.8,228.0,92.0,100.0,100.0,125.0,41.0,14.0,14.0,99.0,60.0,45.0,31.0,1.0,,,,,,,0.08,0.13,0.21,1.11,0.0,0.4,0.9,1.04,8.02,35,0,0,0,0,0,0,0,0,0,0,0,0,0,0,0,1352,871,0.0,0.0,0.0,0.0,0.0,0.0,0.0,0.0,0.0,0,0,0,0
417,Rayan,Cherki,Cherki,a,,,6.5,53,34.0,15.4,22,8.0,5.8,10.0,5.0,0,0,0.0,0,0.0,13291,159,0.9,18.9,12.6,6.3,4.4,36.0,16.0,100.0,100.0,78.0,25.0,6.0,6.0,37.0,21.0,16.0,12.0,3.0,2.0,,,,,,0.22,0.47,0.69,1.14,0.0,0.47,0.82,0.99,7.34,35,0,0,0,0,0,0,0,0,0,0,0,0,0,0,0,303908,3964,0.0,0.0,0.0,0.0,0.0,0.0,0.0,0.0,0.0,0,0,0,0
418,Jérémy,Doku,Doku,a,,,6.4,56,35.0,2.7,116,36.0,4.0,43.0,12.0,0,0,0.0,-1,1.0,784,73,0.6,14.1,9.0,4.5,3.6,114.0,50.0,100.0,100.0,174.0,65.0,21.0,20.0,44.0,26.0,39.0,28.0,,,3.0,,,,,0.14,0.31,0.45,1.12,0.0,0.43,0.85,0.98,6.78,35,0,0,0,0,0,0,0,0,0,0,0,0,0,0,0,9463,1431,0.0,0.0,0.0,0.0,0.0,0.0,0.0,0.0,0.0,0,0,0,0
420,İlkay,Gündoğan,Gündoğan,u,has joined Galatasaray permanently.,,6.3,63,41.0,0.1,564,208.0,0.0,815.0,363.0,0,0,0.0,-2,2.0,0,0,0.0,0.0,0.0,0.0,0.0,822.0,368.0,0.0,0.0,822.0,368.0,822.0,368.0,822.0,368.0,822.0,368.0,,,,,,,,0.0,0.0,0.0,0.0,0.0,0.0,0.0,0.0,0.0,35,0,0,0,0,0,0,0,0,0,0,0,0,0,0,0,0,2,0.0,0.0,0.0,0.0,0.0,0.0,0.0,0.0,0.0,0,0,0,0
421,Rodrigo 'Rodri',Hernandez Cascante,Rodrigo,d,Groin Injury - 75% chance of playing,,6.3,66,43.0,0.5,275,96.0,1.2,216.0,98.0,0,0,0.0,-2,2.0,2,52,0.2,9.8,2.5,1.3,3.1,197.0,79.0,75.0,75.0,195.0,78.0,76.0,60.0,271.0,147.0,164.0,86.0,,,,,,,,0.05,0.15,0.2,1.19,0.0,0.32,0.89,1.01,12.3,35,0,0,0,0,0,0,0,0,0,0,0,0,0,0,0,12,777,0.0,0.0,0.0,0.0,0.0,0.0,0.0,0.0,0.0,0,0,0,0
422,Mateo,Kovačić,Kovačić,a,,,5.8,103,67.0,0.0,676,272.0,0.2,353.0,164.0,0,0,0.0,-2,2.0,1,3,0.0,0.3,1.4,0.7,1.0,508.0,236.0,100.0,100.0,484.0,219.0,456.0,218.0,817.0,364.0,494.0,226.0,,,,,,,,0.0,0.21,0.21,4.29,0.0,0.0,0.0,0.0,0.0,35,0,0,0,0,0,0,0,0,0,0,0,0,0,0,0,13,9,0.0,0.0,0.0,0.0,0.0,0.0,0.0,0.0,0.0,0,0,0,0
423,Nico,González Iglesias,N.Gonzalez,a,,,5.9,97,63.0,0.1,474,165.0,0.5,313.0,144.0,0,0,0.0,-1,1.0,8,3,0.1,9.7,2.0,1.0,2.5,278.0,115.0,100.0,100.0,232.0,99.0,187.0,122.0,317.0,166.0,266.0,134.0,,,,,,,,0.04,0.07,0.11,1.09,0.0,0.45,0.9,0.97,12.05,35,0,0,0,0,0,0,0,0,0,0,0,0,0,0,0,61,18,0.0,0.0,0.0,0.0,0.0,0.0,0.0,0.0,0.0,0,0,0,0
425,Claudio,Echeverri,Echeverri,u,has joined Girona on loan for the rest of the season.,,5.4,179,113.0,0.0,749,317.0,0.0,795.0,352.0,0,0,0.0,-1,1.0,0,0,0.0,0.0,0.0,0.0,0.0,816.0,363.0,0.0,0.0,815.0,362.0,814.0,362.0,812.0,361.0,815.0,362.0,,,,,,,,0.0,0.0,0.0,0.0,0.0,0.0,0.0,0.0,0.0,35,0,0,0,0,0,0,0,0,0,0,0,0,0,0,0,0,1,0.0,0.0,0.0,0.0,0.0,0.0,0.0,0.0,0.0,0,0,0,0
427,Tijjani,Reijnders,Reijnders,a,,,5.0,258,157.0,9.0,42,15.0,0.0,748.0,319.0,0,0,0.0,-5,5.0,44,153,0.0,17.2,1.0,0.5,3.3,154.0,63.0,,,196.0,79.0,101.0,72.0,68.0,41.0,105.0,61.0,4.0,3.0,,,,,,0.24,0.14,0.38,1.05,0.0,0.42,0.97,1.03,5.75,35,0,0,0,0,0,0,0,0,0,0,0,0,0,0,0,341,2526,0.0,0.0,0.0,0.0,0.0,0.0,0.0,0.0,0.0,0,0,0,0
428,Sverre,Nypan,Nypan,a,,,5.0,279,172.0,0.0,712,291.0,0.0,759.0,328.0,0,0,0.0,0,0.0,0,1,0.0,0.0,1.0,0.5,0.0,803.0,354.0,100.0,100.0,802.0,353.0,800.0,353.0,795.0,351.0,802.0,353.0,,,,,,,,0.0,0.0,0.0,0.0,0.0,0.0,0.0,0.0,0.0,35,0,0,0,0,0,0,0,0,0,0,0,0,0,0,0,0,3,0.0,0.0,0.0,0.0,0.0,0.0,0.0,0.0,0.0,0,0,0,0
429,Kalvin,Phillips,Phillips,u,has joined Sheffield United on loan for the rest of the season.,,4.7,378,236.0,0.1,567,211.0,0.0,695.0,281.0,0,0,0.0,-3,3.0,0,0,0.0,0.0,0.0,0.0,0.0,770.0,330.0,0.0,0.0,769.0,329.0,764.0,329.0,753.0,326.0,769.0,329.0,,,,,,,,0.0,0.0,0.0,0.0,0.0,0.0,0.0,0.0,0.0,35,0,0,0,0,0,0,0,0,0,0,0,0,0,0,0,0,1,0.0,0.0,0.0,0.0,0.0,0.0,0.0,0.0,0.0,0,0,0,0
430,Erling,Haaland,Haaland,a,,,14.6,1,1.0,61.4,1,1.0,3.8,59.0,10.0,0,0,0.0,6,-6.0,13044,108,0.3,14.5,8.6,4.3,6.6,4.0,1.0,100.0,100.0,2.0,1.0,140.0,10.0,1.0,1.0,2.0,1.0,,,1.0,,,,,0.79,0.07,0.86,1.13,0.0,0.4,0.94,1.04,3.29,35,0,0,0,0,0,0,0,0,0,0,0,0,0,0,0,175199,4175,0.0,0.0,0.0,0.0,0.0,0.0,0.0,0.0,0.0,0,0,0,0
736,Gianluigi,Donnarumma,Donnarumma,a,,,5.6,125,3.0,9.2,40,6.0,3.8,53.0,5.0,0,0,0.0,1,-1.0,1585,608,0.7,21.2,8.6,4.3,4.0,63.0,5.0,,,61.0,12.0,818.0,96.0,816.0,95.0,247.0,12.0,,,,,,,,0.0,0.0,0.0,1.09,2.3,0.43,0.83,1.0,0.0,35,0,0,0,0,0,0,0,0,0,0,0,0,0,0,0,10440,9814,0.0,0.0,0.0,0.0,0.0,0.0,0.0,0.0,0.0,0,0,0,0
739,Divine,Mukasa,Mukasa,u,has joined Leicester City on loan for the rest of the season.,,4.4,571,343.0,0.0,698,282.0,0.0,590.0,204.0,0,0,0.0,-1,1.0,0,0,0.0,0.5,0.0,0.0,1.0,480.0,213.0,0.0,0.0,485.0,220.0,391.0,196.0,440.0,214.0,464.0,208.0,,,,,,,,0.0,0.76,0.76,1.22,0.0,0.0,0.0,0.0,3.6,35,0,0,0,0,0,0,0,0,0,0,0,0,0,0,0,0,1,0.0,0.0,0.0,0.0,0.0,0.0,0.0,0.0,0.0,0,0,0,0
740,Stephen,Mfuni,Mfuni,u,has joined Watford on loan for the rest of the season.,,3.9,785,228.0,0.0,626,224.0,0.0,423.0,157.0,0,0,0.0,-1,1.0,0,0,0.0,0.0,0.0,0.0,0.0,574.0,207.0,0.0,0.0,563.0,206.0,551.0,206.0,519.0,201.0,565.0,206.0,,,,,,,,0.0,0.0,0.0,0.0,0.0,0.0,0.0,0.0,0.0,35,0,0,0,0,0,0,0,0,0,0,0,0,0,0,0,0,2,0.0,0.0,0.0,0.0,0.0,0.0,0.0,0.0,0.0,0,0,0,0
742,Ryan,McAidoo,McAidoo,a,,,4.5,505,313.0,0.0,737,308.0,0.0,675.0,267.0,0,0,0.0,0,0.0,0,2,0.0,0.0,1.0,0.5,0.0,756.0,319.0,,,755.0,318.0,748.0,318.0,735.0,314.0,755.0,318.0,,,,,,,,0.0,0.0,0.0,0.0,0.0,0.0,0.0,0.0,0.0,35,0,0,0,0,0,0,0,0,0,0,0,0,0,0,0,8,6,0.0,0.0,0.0,0.0,0.0,0.0,0.0,0.0,0.0,0,0,0,0
763,Charlie,Gray,Gray,a,,,4.5,457,274.0,0.0,781,338.0,0.0,630.0,230.0,0,0,0.0,0,0.0,1,0,0.0,0.0,1.0,0.5,0.0,721.0,291.0,,,716.0,286.0,711.0,288.0,695.0,281.0,717.0,287.0,,,,,,,,0.0,0.0,0.0,0.0,0.0,0.0,0.0,0.0,0.0,35,0,0,0,0,0,0,0,0,0,0,0,0,0,0,0,7,6,0.0,0.0,0.0,0.0,0.0,0.0,0.0,0.0,0.0,0,0,0,0
764,Reigan,Heskey,Heskey,a,,,4.5,488,299.0,0.0,794,348.0,0.0,658.0,253.0,0,0,0.0,0,0.0,0,0,0.0,0.0,1.0,0.5,0.0,742.0,308.0,,,740.0,306.0,733.0,306.0,720.0,302.0,740.0,306.0,,,,,,,,0.0,0.0,0.0,0.0,0.0,0.0,0.0,0.0,0.0,35,0,0,0,0,0,0,0,0,0,0,0,0,0,0,0,5,3,0.0,0.0,0.0,0.0,0.0,0.0,0.0,0.0,0.0,0,0,0,0
794,Max,Alleyne,Alleyne,a,,,3.9,778,225.0,0.0,745,256.0,0.0,416.0,154.0,0,0,0.0,-6,6.0,1,4,0.0,1.3,1.0,0.5,2.5,266.0,101.0,100.0,100.0,437.0,161.0,414.0,152.0,375.0,128.0,437.0,157.0,,,,,,,,0.17,0.04,0.21,1.03,0.0,0.0,0.67,1.33,7.33,35,0,0,0,0,0,0,0,0,0,0,0,0,0,0,0,4,15,0.0,0.0,0.0,0.0,0.0,0.0,0.0,0.0,0.0,0,0,0,0
119,Bryan,Mbeumo,Mbeumo,a,,,8.4,11,6.0,16.1,19,6.0,1.8,176.0,77.0,0,0,0.0,4,-4.0,464,2532,0.2,15.4,2.3,1.8,4.4,37.0,17.0,100.0,100.0,77.0,24.0,12.0,12.0,10.0,4.0,10.0,7.0,2.0,2.0,,,,,,0.31,0.17,0.48,1.25,0.0,0.27,1.25,1.06,4.82,35,0,0,0,0,0,0,0,0,0,0,0,0,0,0,0,7670,69561,0.0,0.0,0.0,0.0,0.0,0.0,0.0,0.0,0.0,0,0,0,0
431,Altay,Bayındır,Bayindir,a,,,4.7,387,18.0,0.3,319,44.0,0.0,699.0,93.0,0,0,0.0,-3,3.0,5,4,0.0,2.3,0.5,0.0,1.8,374.0,36.0,,,361.0,26.0,435.0,13.0,756.0,84.0,412.0,26.0,,,,,,,,0.0,0.01,0.01,1.54,2.17,0.0,1.83,1.0,0.0,35,0,0,0,0,0,0,0,0,0,0,0,0,0,0,0,32,83,0.0,0.0,0.0,0.0,0.0,0.0,0.0,0.0,0.0,0,0,0,0
432,André,Onana,Onana,u,has joined Trabzonspor on loan for the rest of the season.,,4.9,300,11.0,0.1,432,62.0,0.0,717.0,94.0,0,0,0.0,-1,1.0,0,1,0.0,0.0,0.0,0.0,0.0,779.0,95.0,0.0,0.0,778.0,95.0,774.0,92.0,770.0,90.0,778.0,95.0,,,,,,,,0.0,0.0,0.0,0.0,0.0,0.0,0.0,0.0,0.0,35,0,0,0,0,0,0,0,0,0,0,0,0,0,0,0,0,4,0.0,0.0,0.0,0.0,0.0,0.0,0.0,0.0,0.0,0,0,0,0
433,Elyh,Harrison,Harrison,u,On loan to Shrewsbury Town,,4.0,730,67.0,0.0,817,96.0,0.0,488.0,78.0,0,0,0.0,0,0.0,0,0,0.0,0.0,0.0,0.0,0.0,629.0,87.0,0.0,0.0,619.0,87.0,612.0,76.0,582.0,62.0,621.0,87.0,,,,,,,,0.0,0.0,0.0,0.0,0.0,0.0,0.0,0.0,0.0,35,0,0,0,0,0,0,0,0,0,0,0,0,0,0,0,0,0,0.0,0.0,0.0,0.0,0.0,0.0,0.0,0.0,0.0,0,0,0,0
434,Tom,Heaton,Heaton,a,,,3.8,792,93.0,0.4,281,36.0,0.0,368.0,25.0,0,0,0.0,-2,2.0,143,32,0.0,0.0,0.5,0.0,0.0,531.0,39.0,,,520.0,39.0,502.0,18.0,469.0,4.0,522.0,39.0,,,,,,,,0.0,0.0,0.0,0.0,0.0,0.0,0.0,0.0,0.0,35,0,0,0,0,0,0,0,0,0,0,0,0,0,0,0,2372,603,0.0,0.0,0.0,0.0,0.0,0.0,0.0,0.0,0.0,0,0,0,0
435,Dermot,Mee,Mee,a,,,3.9,769,82.0,0.1,490,73.0,0.0,409.0,41.0,0,0,0.0,-1,1.0,1,1,0.0,0.0,0.5,0.0,0.0,561.0,53.0,,,550.0,53.0,537.0,36.0,505.0,22.0,552.0,53.0,,,,,,,,0.0,0.0,0.0,0.0,0.0,0.0,0.0,0.0,0.0,35,0,0,0,0,0,0,0,0,0,0,0,0,0,0,0,13,23,0.0,0.0,0.0,0.0,0.0,0.0,0.0,0.0,0.0,0,0,0,0
436,Matthijs,de Ligt,De Ligt,i,Back injury - Unknown return date,,4.9,305,48.0,1.8,147,59.0,0.0,720.0,253.0,0,0,0.0,-1,1.0,0,11,0.0,8.8,0.0,0.0,3.3,151.0,58.0,0.0,0.0,240.0,95.0,342.0,116.0,249.0,67.0,298.0,100.0,,,,,,,,0.11,0.06,0.17,1.44,0.0,0.08,1.54,1.0,8.23,35,0,0,0,0,0,0,0,0,0,0,0,0,0,0,0,0,94,0.0,0.0,0.0,0.0,0.0,0.0,0.0,0.0,0.0,0,0,0,0
437,Lisandro,Martínez,Martinez,s,Suspended until 09 May,,4.8,357,61.0,0.4,287,108.0,-0.8,830.0,268.0,0,0,0.0,-2,2.0,2,36,-0.2,7.5,0.0,0.0,2.4,283.0,107.0,0.0,0.0,264.0,107.0,311.0,101.0,420.0,158.0,344.0,115.0,,,,,,,,0.01,0.05,0.06,1.06,0.0,0.28,1.22,0.94,7.51,35,0,0,0,0,0,0,0,0,0,0,0,0,0,0,0,9,495,0.0,0.0,0.0,0.0,0.0,0.0,0.0,0.0,0.0,0,0,0,0
438,Noussair,Mazraoui,Mazraoui,a,,,4.9,312,51.0,0.2,360,131.0,2.0,146.0,56.0,0,0,0.0,-1,1.0,14,16,0.4,7.3,2.5,2.0,2.0,345.0,126.0,100.0,100.0,318.0,122.0,316.0,104.0,363.0,122.0,366.0,126.0,,,,,,,,0.02,0.03,0.05,1.24,0.0,0.33,1.11,1.0,8.73,35,0,0,0,0,0,0,0,0,0,0,0,0,0,0,0,103,266,0.0,0.0,0.0,0.0,0.0,0.0,0.0,0.0,0.0,0,0,0,0
439,Diego,León Blanco,D.Leon,a,,,4.1,663,161.0,0.1,570,202.0,0.0,510.0,214.0,0,0,0.0,-4,4.0,1,0,0.0,0.0,0.5,0.0,0.0,644.0,250.0,,,634.0,250.0,628.0,250.0,599.0,248.0,636.0,250.0,,,,,,,,0.0,0.0,0.0,0.0,0.0,0.0,0.0,0.0,0.0,35,0,0,0,0,0,0,0,0,0,0,0,0,0,0,0,10,10,0.0,0.0,0.0,0.0,0.0,0.0,0.0,0.0,0.0,0,0,0,0
440,Diogo,Dalot Teixeira,Dalot,a,,,4.5,421,82.0,4.2,93,30.0,2.8,90.0,37.0,0,-1,1.0,0,0.0,133,521,0.6,24.2,3.3,2.8,3.4,137.0,52.0,100.0,100.0,103.0,45.0,66.0,12.0,170.0,39.0,94.0,23.0,,,,,,,,0.06,0.09,0.15,1.25,0.0,0.26,1.33,1.0,6.22,35,0,0,0,0,0,0,0,0,0,0,0,0,0,0,0,1821,19091,0.0,0.0,0.0,0.0,0.0,0.0,0.0,0.0,0.0,0,0,0,0
441,Patrick,Dorgu,Dorgu,a,,,4.1,661,159.0,2.3,130,52.0,0.0,509.0,213.0,0,0,0.0,-4,4.0,108,70,0.0,18.0,0.5,0.0,3.4,134.0,49.0,100.0,100.0,159.0,70.0,93.0,22.0,116.0,20.0,113.0,30.0,,,,,,,,0.13,0.1,0.23,1.27,0.0,0.2,1.35,0.95,6.43,35,0,0,0,0,0,0,0,0,0,0,0,0,0,0,0,1131,2765,0.0,0.0,0.0,0.0,0.0,0.0,0.0,0.0,0.0,0,0,0,0
442,Harry,Maguire,Maguire,a,,,4.4,526,102.0,1.3,174,67.0,1.8,158.0,59.0,0,0,0.0,-1,1.0,148,74,0.4,15.9,2.3,1.8,3.7,91.0,34.0,100.0,100.0,225.0,89.0,359.0,127.0,193.0,47.0,278.0,89.0,,,,,,,,0.06,0.03,0.09,1.27,0.0,0.35,1.12,1.05,7.68,35,0,0,0,0,0,0,0,0,0,0,0,0,0,0,0,2747,2615,0.0,0.0,0.0,0.0,0.0,0.0,0.0,0.0,0.0,0,0,0,0
443,Luke,Shaw,Shaw,d,Knock - 75% chance of playing,,4.5,412,76.0,0.8,210,84.0,4.0,36.0,21.0,0,0,0.0,0,0.0,6,264,0.9,20.7,3.4,3.0,2.7,236.0,93.0,75.0,75.0,116.0,52.0,130.0,33.0,302.0,91.0,161.0,53.0,,,,,,,,0.02,0.05,0.07,1.26,0.0,0.25,1.29,1.07,6.12,35,0,0,0,0,0,0,0,0,0,0,0,0,0,0,0,80,4598,0.0,0.0,0.0,0.0,0.0,0.0,0.0,0.0,0.0,0,0,0,0
444,Leny,Yoro,Yoro,a,,,4.1,660,158.0,1.2,177,68.0,1.0,223.0,76.0,0,0,0.0,-4,4.0,12,37,0.2,13.2,1.5,1.0,1.8,366.0,134.0,100.0,100.0,208.0,80.0,309.0,99.0,247.0,65.0,273.0,87.0,,,,,,,,0.07,0.03,0.1,1.39,0.0,0.11,1.73,0.95,7.99,35,0,0,0,0,0,0,0,0,0,0,0,0,0,0,0,136,777,0.0,0.0,0.0,0.0,0.0,0.0,0.0,0.0,0.0,0,0,0,0
445,Harry,Amass,Amass,u,has joined Norwich City on loan for the rest of the season.,,4.0,727,195.0,0.1,548,193.0,0.0,485.0,191.0,0,0,0.0,0,0.0,0,0,0.0,0.0,0.0,0.0,0.0,626.0,234.0,0.0,0.0,616.0,234.0,609.0,234.0,579.0,231.0,618.0,234.0,,,,,,,,0.0,0.0,0.0,0.0,0.0,0.0,0.0,0.0,0.0,35,0,0,0,0,0,0,0,0,0,0,0,0,0,0,0,0,6,0.0,0.0,0.0,0.0,0.0,0.0,0.0,0.0,0.0,0,0,0,0
446,Tyler,Fredricson,Fredricson,a,,,3.7,826,264.0,0.2,416,154.0,0.0,365.0,124.0,0,0,0.0,-3,3.0,12,3,0.0,0.3,0.5,0.0,1.0,456.0,163.0,,,486.0,173.0,499.0,182.0,466.0,176.0,502.0,176.0,,,,,,,,0.0,0.0,0.0,13.5,0.0,0.0,0.0,0.0,90.0,35,0,0,0,0,0,0,0,0,0,0,0,0,0,0,0,128,92,0.0,0.0,0.0,0.0,0.0,0.0,0.0,0.0,0.0,0,0,0,0
447,Ayden,Heaven,Heaven,a,,,3.7,829,267.0,2.4,127,50.0,3.2,65.0,27.0,0,0,0.0,-3,3.0,498,163,0.9,11.1,3.7,3.2,2.6,249.0,97.0,100.0,100.0,273.0,111.0,390.0,141.0,374.0,127.0,364.0,124.0,,,,,,,,0.04,0.02,0.06,1.2,0.0,0.22,1.41,1.08,9.43,35,0,0,0,0,0,0,0,0,0,0,0,0,0,0,0,9834,4688,0.0,0.0,0.0,0.0,0.0,0.0,0.0,0.0,0.0,0,0,0,0
448,Tyrell,Malacia,Malacia,a,,,3.7,823,261.0,0.5,277,104.0,0.0,362.0,121.0,0,0,0.0,-3,3.0,105,41,0.0,0.5,0.5,0.0,1.0,455.0,162.0,,,489.0,174.0,480.0,174.0,463.0,173.0,501.0,175.0,,,,,,,,0.0,0.0,0.0,4.5,0.0,0.0,12.86,0.0,25.71,35,0,0,0,0,0,0,0,0,0,0,0,0,0,0,0,1486,551,0.0,0.0,0.0,0.0,0.0,0.0,0.0,0.0,0.0,0,0,0,0
449,Bruno,Borges Fernandes,B.Fernandes,a,,,10.4,4,3.0,47.2,3,2.0,3.8,58.0,20.0,0,0,0.0,14,-14.0,1806,1548,0.4,19.6,4.3,3.8,6.6,3.0,1.0,100.0,100.0,1.0,1.0,1.0,1.0,35.0,19.0,1.0,1.0,1.0,1.0,1.0,,,,,0.35,0.34,0.69,1.32,0.0,0.17,1.4,1.03,8.65,35,0,0,0,0,0,0,0,0,0,0,0,0,0,0,0,47283,20255,0.0,0.0,0.0,0.0,0.0,0.0,0.0,0.0,0.0,0,0,0,0
450,Matheus,Santos Carneiro da Cunha,Cunha,d,Hip injury - 75% chance of playing,,8.1,14,9.0,7.9,50,17.0,2.0,157.0,66.0,0,0,0.0,1,-1.0,44,3917,0.2,15.4,1.9,1.5,4.2,51.0,23.0,75.0,75.0,64.0,19.0,54.0,46.0,21.0,9.0,28.0,22.0,,,,,,,,0.25,0.11,0.36,1.29,0.0,0.28,1.25,1.05,7.52,35,0,0,0,0,0,0,0,0,0,0,0,0,0,0,0,822,75526,0.0,0.0,0.0,0.0,0.0,0.0,0.0,0.0,0.0,0,0,0,0
451,Marcus,Rashford,Rashford,u,Has joined Barcelona on loan for the rest of the season,,7.0,35,20.0,0.0,715,294.0,0.0,825.0,370.0,0,0,0.0,0,0.0,0,0,0.0,0.0,0.0,0.0,0.0,828.0,371.0,0.0,0.0,828.0,371.0,828.0,371.0,828.0,371.0,828.0,371.0,,,,,,,,0.0,0.0,0.0,0.0,0.0,0.0,0.0,0.0,0.0,35,0,0,0,0,0,0,0,0,0,0,0,0,0,0,0,0,2,0.0,0.0,0.0,0.0,0.0,0.0,0.0,0.0,0.0,0,0,0,0
452,Amad,Diallo,Amad,a,,,6.2,77,51.0,1.3,172,60.0,1.0,247.0,113.0,0,0,0.0,-3,3.0,42,123,0.2,12.6,1.5,1.0,2.8,229.0,93.0,100.0,100.0,160.0,56.0,36.0,33.0,34.0,18.0,46.0,32.0,3.0,,,,,,,0.23,0.16,0.39,1.2,0.0,0.18,1.28,1.06,8.03,35,0,0,0,0,0,0,0,0,0,0,0,0,0,0,0,651,2063,0.0,0.0,0.0,0.0,0.0,0.0,0.0,0.0,0.0,0,0,0,0
454,Antony,dos Santos,Antony,u,has joined Real Betis permanently.,,5.9,98,64.0,0.1,574,215.0,0.0,810.0,360.0,0,0,0.0,-1,1.0,0,0,0.0,0.0,0.0,0.0,0.0,821.0,367.0,0.0,0.0,821.0,367.0,821.0,367.0,820.0,367.0,821.0,367.0,,,,,,,,0.0,0.0,0.0,0.0,0.0,0.0,0.0,0.0,0.0,35,0,0,0,0,0,0,0,0,0,0,0,0,0,0,0,0,0,0.0,0.0,0.0,0.0,0.0,0.0,0.0,0.0,0.0,0,0,0,0
455,Mason,Mount,Mount,a,,,5.9,92,60.0,0.3,337,114.0,0.2,356.0,166.0,0,0,0.0,-1,1.0,2,8,0.0,8.1,0.7,0.2,2.4,293.0,125.0,100.0,100.0,317.0,141.0,186.0,121.0,199.0,109.0,272.0,138.0,,,,,,,,0.17,0.15,0.32,1.12,0.0,0.32,1.61,1.07,7.52,35,0,0,0,0,0,0,0,0,0,0,0,0,0,0,0,32,45,0.0,0.0,0.0,0.0,0.0,0.0,0.0,0.0,0.0,0,0,0,0
457,Carlos Henrique,Casimiro,Casemiro,a,,,5.8,101,66.0,4.6,84,28.0,6.5,5.0,3.0,0,0,0.0,3,-3.0,2533,363,1.1,27.6,7.0,6.5,5.0,13.0,6.0,100.0,100.0,8.0,2.0,48.0,42.0,33.0,17.0,18.0,14.0,,,,,,,,0.19,0.11,0.3,1.09,0.0,0.34,1.05,1.16,12.46,35,0,0,0,0,0,0,0,0,0,0,0,0,0,0,0,52693,9007,0.0,0.0,0.0,0.0,0.0,0.0,0.0,0.0,0.0,0,0,0,0
458,Kobbie,Mainoo,Mainoo,a,,,4.7,392,243.0,1.0,197,69.0,2.0,143.0,56.0,0,0,0.0,-3,3.0,145,140,0.4,11.3,2.5,2.0,2.2,317.0,136.0,100.0,100.0,243.0,103.0,123.0,85.0,324.0,170.0,232.0,113.0,,,,,,,,0.02,0.08,0.1,1.26,0.0,0.28,1.25,0.84,10.16,35,0,0,0,0,0,0,0,0,0,0,0,0,0,0,0,2549,2677,0.0,0.0,0.0,0.0,0.0,0.0,0.0,0.0,0.0,0,0,0,0
459,Manuel,Ugarte Ribeiro,Ugarte,a,,,4.7,386,240.0,0.1,430,147.0,1.0,230.0,103.0,0,0,0.0,-3,3.0,1,1,0.2,8.1,1.5,1.0,1.7,396.0,168.0,,,320.0,142.0,306.0,173.0,337.0,176.0,356.0,170.0,,,,,,,,0.07,0.02,0.09,1.87,0.0,0.1,2.36,0.82,14.59,35,0,0,0,0,0,0,0,0,0,0,0,0,0,0,0,29,80,0.0,0.0,0.0,0.0,0.0,0.0,0.0,0.0,0.0,0,0,0,0
460,Toby,Collyer,Collyer,u,has joined Hull City on loan for the rest of the season.,,4.5,447,266.0,0.0,666,266.0,0.0,621.0,222.0,0,0,0.0,0,0.0,0,0,0.0,0.0,0.0,0.0,0.0,714.0,284.0,0.0,0.0,708.0,278.0,704.0,281.0,688.0,274.0,710.0,280.0,,,,,,,,0.0,0.0,0.0,0.0,0.0,0.0,0.0,0.0,0.0,35,0,0,0,0,0,0,0,0,0,0,0,0,0,0,0,0,0,0.0,0.0,0.0,0.0,0.0,0.0,0.0,0.0,0.0,0,0,0,0
461,Jayce,Fitzgerald,Fitzgerald,a,,,4.3,612,361.0,0.0,603,229.0,0.0,549.0,181.0,0,0,0.0,-2,2.0,0,0,0.0,0.0,0.5,0.0,0.0,663.0,251.0,,,653.0,241.0,649.0,246.0,626.0,235.0,655.0,243.0,,,,,,,,0.0,0.0,0.0,0.0,0.0,0.0,0.0,0.0,0.0,35,0,0,0,0,0,0,0,0,0,0,0,0,0,0,0,24,13,0.0,0.0,0.0,0.0,0.0,0.0,0.0,0.0,0.0,0,0,0,0
462,Jack,Fletcher,J.Fletcher,a,,,4.3,609,358.0,0.1,534,197.0,0.0,546.0,178.0,0,0,0.0,-2,2.0,3,3,0.0,0.7,0.5,0.0,1.0,472.0,206.0,,,457.0,202.0,395.0,199.0,436.0,211.0,458.0,205.0,,,,,,,,0.03,0.02,0.05,1.56,0.0,0.0,0.0,0.0,9.25,35,0,0,0,0,0,0,0,0,0,0,0,0,0,0,0,31,58,0.0,0.0,0.0,0.0,0.0,0.0,0.0,0.0,0.0,0,0,0,0
463,Sékou,Koné,Kone,u,has joined Lausanne-Sport on loan for the rest of the season.,,4.3,621,368.0,0.1,530,194.0,0.0,555.0,185.0,0,0,0.0,-2,2.0,0,1,0.0,0.0,0.0,0.0,0.0,668.0,255.0,0.0,0.0,658.0,245.0,654.0,250.0,631.0,239.0,660.0,247.0,,,,,,,,0.0,0.0,0.0,0.0,0.0,0.0,0.0,0.0,0.0,35,0,0,0,0,0,0,0,0,0,0,0,0,0,0,0,0,14,0.0,0.0,0.0,0.0,0.0,0.0,0.0,0.0,0.0,0,0,0,0
464,Jack,Moorhouse,Moorhouse,u,has joined Leyton Orient on loan for the rest of the season.,,4.5,472,287.0,0.0,703,284.0,0.0,642.0,241.0,0,0,0.0,0,0.0,0,0,0.0,0.0,0.0,0.0,0.0,731.0,300.0,0.0,0.0,728.0,297.0,722.0,298.0,707.0,292.0,729.0,298.0,,,,,,,,0.0,0.0,0.0,0.0,0.0,0.0,0.0,0.0,0.0,35,0,0,0,0,0,0,0,0,0,0,0,0,0,0,0,0,1,0.0,0.0,0.0,0.0,0.0,0.0,0.0,0.0,0.0,0,0,0,0
465,Rasmus,Højlund,Højlund,u,has joined Napoli on loan for the rest of the season.,,6.3,69,23.0,0.3,351,56.0,0.0,818.0,90.0,0,0,0.0,-2,2.0,0,1,0.0,0.0,0.0,0.0,0.0,823.0,91.0,0.0,0.0,823.0,91.0,823.0,91.0,823.0,91.0,823.0,91.0,,,,,,,,0.0,0.0,0.0,0.0,0.0,0.0,0.0,0.0,0.0,35,0,0,0,0,0,0,0,0,0,0,0,0,0,0,0,0,5,0.0,0.0,0.0,0.0,0.0,0.0,0.0,0.0,0.0,0,0,0,0
466,Joshua,Zirkzee,Zirkzee,a,,,5.8,108,32.0,0.4,286,45.0,0.2,354.0,48.0,0,0,0.0,-2,2.0,9,6,0.0,6.6,0.7,0.2,1.9,362.0,41.0,100.0,100.0,329.0,31.0,214.0,21.0,163.0,38.0,281.0,32.0,,,,,,,,0.38,0.06,0.44,1.35,0.0,0.18,1.4,0.7,6.83,35,0,0,0,0,0,0,0,0,0,0,0,0,0,0,0,36,119,0.0,0.0,0.0,0.0,0.0,0.0,0.0,0.0,0.0,0,0,0,0
467,Chido,Obi,Obi,a,,,4.2,649,90.0,1.4,170,25.0,0.0,524.0,52.0,0,0,0.0,-3,3.0,11,32,0.0,0.0,0.5,0.0,0.0,652.0,65.0,,,643.0,65.0,637.0,64.0,612.0,64.0,645.0,65.0,,,,,,,,0.0,0.0,0.0,0.0,0.0,0.0,0.0,0.0,0.0,35,0,0,0,0,0,0,0,0,0,0,0,0,0,0,0,122,892,0.0,0.0,0.0,0.0,0.0,0.0,0.0,0.0,0.0,0,0,0,0
468,Ethan,Wheatley,Wheatley,u,has joined Bradford City on loan for the rest of the season.,,4.5,481,67.0,0.1,519,70.0,0.0,651.0,67.0,0,0,0.0,0,0.0,0,0,0.0,0.0,0.0,0.0,0.0,738.0,78.0,0.0,0.0,735.0,78.0,729.0,77.0,715.0,77.0,736.0,78.0,,,,,,,,0.0,0.0,0.0,0.0,0.0,0.0,0.0,0.0,0.0,35,0,0,0,0,0,0,0,0,0,0,0,0,0,0,0,0,2,0.0,0.0,0.0,0.0,0.0,0.0,0.0,0.0,0.0,0,0,0,0
681,Benjamin,Sesko,Šeško,a,,,7.3,30,12.0,6.0,64,12.0,3.0,88.0,13.0,0,0,0.0,-2,2.0,1064,551,0.4,14.5,3.5,3.0,3.7,104.0,8.0,100.0,100.0,131.0,13.0,223.0,22.0,13.0,8.0,59.0,13.0,,,,,,,,0.45,0.02,0.47,1.53,0.0,0.11,1.7,0.91,3.58,35,0,0,0,0,0,0,0,0,0,0,0,0,0,0,0,10200,13764,0.0,0.0,0.0,0.0,0.0,0.0,0.0,0.0,0.0,0,0,0,0
733,Senne,Lammens,Lammens,a,,,5.1,236,8.0,3.1,107,17.0,3.8,51.0,4.0,0,0,0.0,1,-1.0,383,193,0.7,17.8,4.3,3.8,3.2,174.0,20.0,,,80.0,15.0,804.0,94.0,458.0,2.0,267.0,16.0,,,,,,,,0.0,0.0,0.0,1.23,2.43,0.21,1.25,1.0,0.0,35,0,0,0,0,0,0,0,0,0,0,0,0,0,0,0,3531,5799,0.0,0.0,0.0,0.0,0.0,0.0,0.0,0.0,0.0,0,0,0,0
755,Shea,Lacey,Lacey,a,,,4.5,484,296.0,0.0,731,304.0,0.0,654.0,250.0,0,0,0.0,0,0.0,4,1,0.0,0.4,0.5,0.0,1.0,489.0,220.0,100.0,100.0,487.0,221.0,472.0,227.0,415.0,205.0,482.0,218.0,,,,,,,,0.52,0.0,0.52,0.82,0.0,0.0,0.0,0.0,7.5,35,0,0,0,0,0,0,0,0,0,0,0,0,0,0,0,21,14,0.0,0.0,0.0,0.0,0.0,0.0,0.0,0.0,0.0,0,0,0,0
769,Bendito,Mantato,Bendito Mantato,a,,,4.5,483,295.0,0.0,783,340.0,0.0,653.0,249.0,0,0,0.0,0,0.0,0,0,0.0,0.2,0.5,0.0,1.0,488.0,219.0,,,497.0,228.0,423.0,210.0,717.0,300.0,486.0,222.0,,,,,,,,0.0,0.06,0.06,0.3,0.0,0.0,0.0,0.0,0.0,35,0,0,0,0,0,0,0,0,0,0,0,0,0,0,0,2,5,0.0,0.0,0.0,0.0,0.0,0.0,0.0,0.0,0.0,0,0,0,0
771,Tyler,Fletcher,Fletcher,a,,,4.4,555,333.0,0.0,739,310.0,0.0,577.0,196.0,0,0,0.0,-1,1.0,0,0,0.0,0.2,0.5,0.0,1.0,477.0,210.0,,,511.0,232.0,476.0,229.0,649.0,250.0,514.0,234.0,,,,,,,,0.0,0.9,0.9,1.8,0.0,0.0,0.0,0.0,0.0,35,0,0,0,0,0,0,0,0,0,0,0,0,0,0,0,12,22,0.0,0.0,0.0,0.0,0.0,0.0,0.0,0.0,0.0,0,0,0,0
788,Godwill,Kukonki,Kukonki,a,,,4.0,726,194.0,0.0,724,252.0,0.0,484.0,190.0,0,0,0.0,0,0.0,1,1,0.0,0.0,0.5,0.0,0.0,625.0,233.0,,,615.0,233.0,608.0,233.0,578.0,230.0,617.0,233.0,,,,,,,,0.0,0.0,0.0,0.0,0.0,0.0,0.0,0.0,0.0,35,0,0,0,0,0,0,0,0,0,0,0,0,0,0,0,6,8,0.0,0.0,0.0,0.0,0.0,0.0,0.0,0.0,0.0,0,0,0,0
827,Jim,Thwaites,Thwaites,a,,,4.5,485,297.0,0.0,828,371.0,0.0,655.0,251.0,0,0,0.0,0,0.0,0,0,0.0,0.0,0.5,0.0,0.0,740.0,307.0,,,737.0,304.0,731.0,305.0,718.0,301.0,738.0,305.0,,,,,,,,0.0,0.0,0.0,0.0,0.0,0.0,0.0,0.0,0.0,35,0,0,0,0,0,0,0,0,0,0,0,0,0,0,0,6,3,0.0,0.0,0.0,0.0,0.0,0.0,0.0,0.0,0.0,0,0,0,0
52,Jacob,Ramsey,J.Ramsey,a,,,5.3,186,118.0,0.2,361,122.0,1.2,212.0,97.0,0,0,0.0,-2,2.0,6,20,0.2,8.3,1.2,0.7,1.8,385.0,163.0,100.0,100.0,267.0,110.0,141.0,94.0,215.0,118.0,225.0,108.0,,,,,,,,0.08,0.07,0.15,1.75,0.0,0.07,1.97,0.95,8.7,35,0,0,0,0,0,0,0,0,0,0,0,0,0,0,0,197,255,0.0,0.0,0.0,0.0,0.0,0.0,0.0,0.0,0.0,0,0,0,0
135,Yoane,Wissa,Wissa,a,,,7.3,26,10.0,0.6,254,36.0,0.5,317.0,42.0,0,0,0.0,-2,2.0,24,19,0.1,3.0,0.5,0.0,1.5,421.0,51.0,100.0,100.0,419.0,49.0,377.0,51.0,216.0,44.0,380.0,49.0,,,,,,,,0.51,0.11,0.62,1.67,0.0,0.2,1.81,0.81,3.83,35,0,0,0,0,0,0,0,0,0,0,0,0,0,0,0,248,290,0.0,0.0,0.0,0.0,0.0,0.0,0.0,0.0,0.0,0,0,0,0
469,Nick,Pope,Pope,a,,,5.0,244,9.0,4.3,91,16.0,0.5,301.0,23.0,0,0,0.0,0,0.0,52,93,0.1,16.8,0.5,0.0,3.7,99.0,14.0,100.0,100.0,90.0,16.0,789.0,93.0,359.0,1.0,261.0,15.0,,,,,,,,0.01,0.0,0.01,1.2,3.06,0.31,1.44,1.01,0.0,35,0,0,0,0,0,0,0,0,0,0,0,0,0,0,0,2156,2411,0.0,0.0,0.0,0.0,0.0,0.0,0.0,0.0,0.0,0,0,0,0
471,Mark,Gillespie,Gillespie,a,,,3.9,751,71.0,0.1,445,65.0,0.0,395.0,31.0,0,0,0.0,-1,1.0,1,2,0.0,0.0,0.0,-0.5,0.0,550.0,44.0,,,539.0,44.0,524.0,25.0,492.0,11.0,541.0,44.0,,,,,,,,0.0,0.0,0.0,0.0,0.0,0.0,0.0,0.0,0.0,35,0,0,0,0,0,0,0,0,0,0,0,0,0,0,0,46,39,0.0,0.0,0.0,0.0,0.0,0.0,0.0,0.0,0.0,0,0,0,0
472,Odysseas,Vlachodimos,Odysseas,u,Has joined Sevilla on loan for the rest of the season.,,4.0,673,45.0,0.0,725,84.0,0.0,436.0,56.0,0,0,0.0,0,0.0,0,0,0.0,0.0,0.0,0.0,0.0,584.0,67.0,0.0,0.0,573.0,67.0,564.0,54.0,533.0,40.0,575.0,67.0,,,,,,,,0.0,0.0,0.0,0.0,0.0,0.0,0.0,0.0,0.0,35,0,0,0,0,0,0,0,0,0,0,0,0,0,0,0,0,6,0.0,0.0,0.0,0.0,0.0,0.0,0.0,0.0,0.0,0,0,0,0
473,Lewis,Hall,Hall,a,,,5.3,195,24.0,3.6,99,33.0,0.5,306.0,102.0,0,-1,1.0,-2,2.0,161,861,0.1,14.0,0.5,0.0,2.8,226.0,88.0,100.0,100.0,112.0,51.0,88.0,21.0,209.0,53.0,117.0,32.0,2.0,1.0,,,,,,0.04,0.12,0.16,1.59,0.0,0.19,1.67,1.0,7.31,35,0,0,0,0,0,0,0,0,0,0,0,0,0,0,0,2473,15297,0.0,0.0,0.0,0.0,0.0,0.0,0.0,0.0,0.0,0,0,0,0
474,Fabian,Schär,Schär,i,Ankle injury - Expected back 10 May,,5.2,200,26.0,1.1,186,72.0,0.0,769.0,258.0,0,0,0.0,-3,3.0,1,10,0.0,9.8,0.0,0.0,3.2,175.0,69.0,0.0,0.0,228.0,90.0,337.0,115.0,267.0,75.0,293.0,97.0,,4.0,,,,,,0.08,0.05,0.13,1.14,0.0,0.33,1.07,0.91,9.5,35,0,0,0,0,0,0,0,0,0,0,0,0,0,0,0,14,139,0.0,0.0,0.0,0.0,0.0,0.0,0.0,0.0,0.0,0,0,0,0
475,Sven,Botman,Botman,a,,,4.9,309,49.0,0.4,284,107.0,2.2,126.0,49.0,0,0,0.0,-1,1.0,16,17,0.4,15.1,2.2,1.7,3.5,126.0,46.0,100.0,100.0,126.0,56.0,317.0,105.0,189.0,45.0,214.0,75.0,,,,,,,,0.1,0.03,0.13,1.35,0.0,0.31,1.34,1.04,9.59,35,0,0,0,0,0,0,0,0,0,0,0,0,0,0,0,1346,361,0.0,0.0,0.0,0.0,0.0,0.0,0.0,0.0,0.0,0,0,0,0
476,Dan,Burn,Burn,a,,,5.0,243,37.0,3.4,100,34.0,1.0,235.0,81.0,0,0,0.0,0,0.0,78,103,0.2,16.4,1.0,0.5,3.3,153.0,60.0,100.0,100.0,130.0,57.0,295.0,92.0,217.0,55.0,218.0,76.0,,,,,,,,0.04,0.02,0.06,1.2,0.0,0.28,1.5,1.03,9.62,35,0,0,0,0,0,0,0,0,0,0,0,0,0,0,0,1798,1608,0.0,0.0,0.0,0.0,0.0,0.0,0.0,0.0,0.0,0,0,0,0
477,Tino,Livramento,Livramento,i,Thigh injury - Unknown return date,,4.9,324,53.0,1.9,145,58.0,0.8,267.0,89.0,0,0,0.0,-1,1.0,0,101,0.2,12.0,0.0,0.0,3.5,127.0,47.0,0.0,0.0,274.0,112.0,188.0,49.0,348.0,115.0,295.0,99.0,,,,,,,,0.01,0.06,0.07,1.26,0.0,0.41,0.95,0.95,4.62,35,0,0,0,0,0,0,0,0,0,0,0,0,0,0,0,17,1238,0.0,0.0,0.0,0.0,0.0,0.0,0.0,0.0,0.0,0,0,0,0
478,Kieran,Trippier,Trippier,a,,,4.9,285,44.0,1.4,166,65.0,0.2,341.0,115.0,0,0,0.0,-1,1.0,14,46,0.0,10.4,0.2,-0.3,2.7,238.0,95.0,100.0,100.0,241.0,96.0,53.0,7.0,403.0,148.0,187.0,63.0,4.0,2.0,,,,,,0.0,0.12,0.12,1.22,0.0,0.3,1.56,1.02,4.68,35,0,0,0,0,0,0,0,0,0,0,0,0,0,0,0,226,507,0.0,0.0,0.0,0.0,0.0,0.0,0.0,0.0,0.0,0,0,0,0
479,Emil,Krafth,Krafth,i,Knee injury - Unknown return date,,4.3,578,124.0,0.0,625,223.0,0.0,527.0,221.0,0,0,0.0,-2,2.0,0,1,0.0,0.0,0.0,0.0,0.0,654.0,252.0,0.0,0.0,501.0,178.0,475.0,173.0,614.0,251.0,506.0,177.0,,,,,,,,0.0,0.0,0.0,0.5,0.0,0.0,4.0,2.0,2.0,35,0,0,0,0,0,0,0,0,0,0,0,0,0,0,0,7,7,0.0,0.0,0.0,0.0,0.0,0.0,0.0,0.0,0.0,0,0,0,0
480,Jamaal,Lascelles,Lascelles,u,has joined Leicester City permanently.,,4.3,576,122.0,0.0,597,213.0,0.0,526.0,220.0,0,0,0.0,-2,2.0,0,1,0.0,0.2,0.0,0.0,0.5,523.0,180.0,0.0,0.0,469.0,171.0,639.0,252.0,429.0,164.0,479.0,171.0,,,,,,,,0.19,0.0,0.19,2.61,0.0,0.0,9.47,0.0,23.68,35,0,0,0,0,0,0,0,0,0,0,0,0,0,0,0,0,3,0.0,0.0,0.0,0.0,0.0,0.0,0.0,0.0,0.0,0,0,0,0
481,Alex,Murphy,A.Murphy,a,,,3.8,813,252.0,0.7,232,88.0,0.0,386.0,142.0,0,0,0.0,-2,2.0,7,18,0.0,0.3,0.0,-0.5,1.0,458.0,164.0,,,496.0,176.0,515.0,195.0,482.0,189.0,509.0,178.0,,,,,,,,0.0,0.0,0.0,24.3,0.0,0.0,90.0,0.0,90.0,35,0,0,0,0,0,0,0,0,0,0,0,0,0,0,0,107,273,0.0,0.0,0.0,0.0,0.0,0.0,0.0,0.0,0.0,0,0,0,0
482,Harrison,Ashby,Ashby,u,has joined Bradford City on loan for the rest of the season.,,3.9,766,220.0,0.1,466,172.0,0.0,407.0,151.0,0,0,0.0,-1,1.0,0,5,0.0,0.0,0.0,0.0,0.0,559.0,202.0,0.0,0.0,548.0,201.0,535.0,201.0,503.0,196.0,550.0,201.0,,,,,,,,0.0,0.0,0.0,0.0,0.0,0.0,0.0,0.0,0.0,35,0,0,0,0,0,0,0,0,0,0,0,0,0,0,0,0,21,0.0,0.0,0.0,0.0,0.0,0.0,0.0,0.0,0.0,0,0,0,0
483,Miodrag,Pivaš,Pivas,a,,,3.8,817,256.0,0.4,298,111.0,0.0,389.0,145.0,0,0,0.0,-2,2.0,9,8,0.0,0.0,0.0,-0.5,0.0,544.0,198.0,,,533.0,197.0,517.0,197.0,485.0,192.0,535.0,197.0,,,,,,,,0.0,0.0,0.0,0.0,0.0,0.0,0.0,0.0,0.0,35,0,0,0,0,0,0,0,0,0,0,0,0,0,0,0,84,163,0.0,0.0,0.0,0.0,0.0,0.0,0.0,0.0,0.0,0,0,0,0
484,Matt,Targett,Targett,u,has joined Middlesbrough on loan for the rest of the season.,,4.0,676,166.0,0.1,434,162.0,0.0,438.0,165.0,0,0,0.0,0,0.0,0,0,0.0,0.0,0.0,0.0,0.0,586.0,213.0,0.0,0.0,575.0,212.0,566.0,212.0,535.0,208.0,577.0,212.0,,,,,,,,0.0,0.0,0.0,0.0,0.0,0.0,0.0,0.0,0.0,35,0,0,0,0,0,0,0,0,0,0,0,0,0,0,0,0,10,0.0,0.0,0.0,0.0,0.0,0.0,0.0,0.0,0.0,0,0,0,0
485,Anthony,Gordon,Gordon,d,Hip injury - 75% chance of playing,,7.4,24,16.0,3.9,97,32.0,0.8,281.0,133.0,0,0,0.0,-1,1.0,26,2144,0.1,13.6,0.6,0.2,3.9,78.0,35.0,75.0,75.0,163.0,58.0,70.0,55.0,38.0,22.0,61.0,38.0,,,1.0,,,,,0.44,0.17,0.61,1.24,0.0,0.4,1.5,1.2,4.56,35,0,0,0,0,0,0,0,0,0,0,0,0,0,0,0,656,67573,0.0,0.0,0.0,0.0,0.0,0.0,0.0,0.0,0.0,0,0,0,0
486,Anthony,Elanga,Elanga,a,,,6.5,52,33.0,2.7,119,37.0,1.0,250.0,116.0,0,0,0.0,-5,5.0,21,73,0.2,7.1,1.0,0.5,1.5,419.0,182.0,100.0,100.0,350.0,158.0,148.0,99.0,183.0,101.0,258.0,127.0,5.0,,,,,,,0.1,0.12,0.22,1.45,0.0,0.14,1.91,0.99,3.82,35,0,0,0,0,0,0,0,0,0,0,0,0,0,0,0,490,974,0.0,0.0,0.0,0.0,0.0,0.0,0.0,0.0,0.0,0,0,0,0
487,Harvey,Barnes,Barnes,a,,,6.1,81,53.0,1.0,193,68.0,1.0,246.0,112.0,0,0,0.0,-4,4.0,35,149,0.2,14.3,1.0,0.5,2.6,260.0,109.0,,,216.0,90.0,103.0,74.0,27.0,12.0,73.0,45.0,,,,,,,,0.31,0.12,0.43,1.41,0.0,0.25,1.41,0.91,4.85,35,0,0,0,0,0,0,0,0,0,0,0,0,0,0,0,1541,2688,0.0,0.0,0.0,0.0,0.0,0.0,0.0,0.0,0.0,0,0,0,0
488,Bruno,Guimarães Rodriguez Moura,Bruno G.,a,,,6.8,43,27.0,4.8,80,26.0,0.8,279.0,131.0,0,0,0.0,3,-3.0,457,273,0.1,20.1,0.8,0.3,5.5,6.0,3.0,100.0,100.0,38.0,10.0,19.0,18.0,62.0,36.0,23.0,19.0,3.0,5.0,2.0,,,,,0.21,0.17,0.38,1.15,0.0,0.25,1.4,0.98,8.87,35,0,0,0,0,0,0,0,0,0,0,0,0,0,0,0,23492,4153,0.0,0.0,0.0,0.0,0.0,0.0,0.0,0.0,0.0,0,0,0,0
489,Jacob,Murphy,J.Murphy,a,,,5.9,88,56.0,0.6,244,86.0,1.0,243.0,111.0,0,0,0.0,-6,6.0,19,25,0.2,11.7,1.0,0.5,2.4,292.0,124.0,100.0,100.0,239.0,102.0,100.0,71.0,89.0,52.0,143.0,77.0,,,,,,,,0.19,0.15,0.34,1.35,0.0,0.44,1.14,1.01,4.88,35,0,0,0,0,0,0,0,0,0,0,0,0,0,0,0,552,392,0.0,0.0,0.0,0.0,0.0,0.0,0.0,0.0,0.0,0,0,0,0
490,Joelinton Cássio,Apolinário de Lira,Joelinton,a,,,5.9,91,59.0,0.3,332,113.0,0.2,355.0,165.0,0,0,0.0,-1,1.0,13,8,0.0,11.4,0.2,-0.3,2.7,246.0,99.0,100.0,100.0,220.0,92.0,151.0,101.0,94.0,56.0,152.0,80.0,,,,,,,,0.11,0.06,0.17,1.33,0.0,0.25,1.27,1.07,10.88,35,0,0,0,0,0,0,0,0,0,0,0,0,0,0,0,237,162,0.0,0.0,0.0,0.0,0.0,0.0,0.0,0.0,0.0,0,0,0,0
491,Sandro,Tonali,Tonali,a,,,5.3,189,119.0,1.1,190,65.0,1.5,188.0,83.0,0,0,0.0,-2,2.0,47,52,0.3,14.5,1.5,1.0,2.4,289.0,123.0,100.0,100.0,184.0,72.0,52.0,45.0,175.0,96.0,110.0,64.0,1.0,3.0,,,,,,0.07,0.1,0.17,1.3,0.0,0.27,1.41,1.09,9.07,35,0,0,0,0,0,0,0,0,0,0,0,0,0,0,0,1390,841,0.0,0.0,0.0,0.0,0.0,0.0,0.0,0.0,0.0,0,0,0,0
492,Antoñito,Cordero Campillo,Antoñito C.,u,has joined Cadiz on loan for the rest of the season.,,4.9,343,214.0,0.0,683,274.0,0.0,740.0,313.0,0,0,0.0,-1,1.0,0,0,0.0,0.0,0.0,0.0,0.0,792.0,346.0,0.0,0.0,791.0,345.0,787.0,345.0,783.0,343.0,791.0,345.0,,,,,,,,0.0,0.0,0.0,0.0,0.0,0.0,0.0,0.0,0.0,35,0,0,0,0,0,0,0,0,0,0,0,0,0,0,0,0,0,0.0,0.0,0.0,0.0,0.0,0.0,0.0,0.0,0.0,0,0,0,0
494,Joe,Willock,Willock,a,,,5.0,248,149.0,0.1,503,182.0,0.5,302.0,140.0,0,0,0.0,0,0.0,5,6,0.1,6.0,0.5,0.0,1.4,427.0,186.0,100.0,100.0,374.0,167.0,218.0,140.0,239.0,131.0,322.0,157.0,,,,,,,,0.1,0.08,0.18,1.66,0.0,0.35,1.62,0.93,9.25,35,0,0,0,0,0,0,0,0,0,0,0,0,0,0,0,98,91,0.0,0.0,0.0,0.0,0.0,0.0,0.0,0.0,0.0,0,0,0,0
495,Isaac,Hayden,Hayden,u,Has departed the club as a free agent.,,4.5,414,251.0,0.0,776,333.0,0.0,599.0,208.0,0,0,0.0,0,0.0,0,0,0.0,0.0,0.0,0.0,0.0,697.0,271.0,0.0,0.0,691.0,265.0,686.0,268.0,667.0,260.0,693.0,267.0,,,,,,,,0.0,0.0,0.0,0.0,0.0,0.0,0.0,0.0,0.0,35,0,0,0,0,0,0,0,0,0,0,0,0,0,0,0,0,0,0.0,0.0,0.0,0.0,0.0,0.0,0.0,0.0,0.0,0,0,0,0
496,Garang,Kuol,Kuol,u,has joined Sparta Prague permanently.,,4.4,563,337.0,0.0,641,247.0,0.0,583.0,199.0,0,0,0.0,-1,1.0,0,0,0.0,0.0,0.0,0.0,0.0,686.0,265.0,0.0,0.0,679.0,258.0,674.0,261.0,655.0,253.0,681.0,260.0,,,,,,,,0.0,0.0,0.0,0.0,0.0,0.0,0.0,0.0,0.0,35,0,0,0,0,0,0,0,0,0,0,0,0,0,0,0,0,2,0.0,0.0,0.0,0.0,0.0,0.0,0.0,0.0,0.0,0,0,0,0
497,Lewis,Miley,L.Miley,a,,,4.4,561,336.0,1.9,142,47.0,3.0,80.0,29.0,0,0,0.0,-1,1.0,368,102,0.7,15.9,3.0,2.5,3.2,166.0,67.0,100.0,100.0,204.0,86.0,160.0,107.0,231.0,127.0,212.0,102.0,,,,,,,,0.09,0.13,0.22,1.26,0.0,0.13,1.35,0.9,9.43,35,0,0,0,0,0,0,0,0,0,0,0,0,0,0,0,7726,3241,0.0,0.0,0.0,0.0,0.0,0.0,0.0,0.0,0.0,0,0,0,0
498,Joe,White,White,u,has joined Bradford City on loan for the rest of the season.,,4.5,440,262.0,0.0,780,337.0,0.0,618.0,219.0,0,0,0.0,0,0.0,0,0,0.0,0.0,0.0,0.0,0.0,711.0,281.0,0.0,0.0,705.0,275.0,701.0,278.0,684.0,271.0,707.0,277.0,,,,,,,,0.0,0.0,0.0,0.0,0.0,0.0,0.0,0.0,0.0,35,0,0,0,0,0,0,0,0,0,0,0,0,0,0,0,0,0,0.0,0.0,0.0,0.0,0.0,0.0,0.0,0.0,0.0,0,0,0,0
500,William,Osula,Osula,a,,,5.4,178,42.0,0.6,250,35.0,4.8,21.0,4.0,0,0,0.0,-1,1.0,241,161,0.9,9.3,4.8,4.3,2.5,273.0,30.0,100.0,100.0,332.0,33.0,348.0,43.0,192.0,42.0,330.0,39.0,,,,,,,,0.35,0.03,0.38,1.87,0.0,0.17,1.91,0.69,4.16,35,0,0,0,0,0,0,0,0,0,0,0,0,0,0,0,5826,3305,0.0,0.0,0.0,0.0,0.0,0.0,0.0,0.0,0.0,0,0,0,0
501,Sean,Neave,Neave,a,,,4.3,618,87.0,0.3,353,57.0,0.0,553.0,57.0,0,0,0.0,-2,2.0,3,6,0.0,0.0,0.0,-0.5,0.0,666.0,68.0,,,656.0,68.0,652.0,67.0,629.0,67.0,658.0,68.0,,,,,,,,0.0,0.0,0.0,0.0,0.0,0.0,0.0,0.0,0.0,35,0,0,0,0,0,0,0,0,0,0,0,0,0,0,0,46,93,0.0,0.0,0.0,0.0,0.0,0.0,0.0,0.0,0.0,0,0,0,0
674,Aaron,Ramsdale,Ramsdale,a,,,4.8,359,14.0,0.8,215,28.0,0.5,296.0,22.0,0,0,0.0,-2,2.0,24,63,0.1,5.2,0.5,0.0,2.1,331.0,31.0,,,281.0,25.0,436.0,14.0,763.0,87.0,381.0,24.0,,,,,,,,0.0,0.0,0.0,1.69,2.24,0.09,1.53,0.99,0.0,35,0,0,0,0,0,0,0,0,0,0,0,0,0,0,0,186,1190,0.0,0.0,0.0,0.0,0.0,0.0,0.0,0.0,0.0,0,0,0,0
684,Malick,Thiaw,Thiaw,a,,,5.0,262,40.0,5.3,72,24.0,1.2,209.0,74.0,0,0,0.0,0,0.0,119,1727,0.2,23.8,1.2,0.7,3.8,84.0,31.0,,,17.0,6.0,273.0,79.0,75.0,5.0,70.0,12.0,,,,,,,,0.14,0.03,0.17,1.52,0.0,0.17,1.63,1.0,9.09,35,0,0,0,0,0,0,0,0,0,0,0,0,0,0,0,4633,40642,0.0,0.0,0.0,0.0,0.0,0.0,0.0,0.0,0.0,0,0,0,0
689,Seung-Soo,Park,Seung soo,a,,,4.3,622,369.0,0.5,274,95.0,0.0,556.0,186.0,0,0,0.0,-2,2.0,12,35,0.0,0.0,0.0,-0.5,0.0,669.0,256.0,,,659.0,246.0,655.0,251.0,632.0,240.0,661.0,248.0,,,,,,,,0.0,0.0,0.0,0.0,0.0,0.0,0.0,0.0,0.0,35,0,0,0,0,0,0,0,0,0,0,0,0,0,0,0,264,417,0.0,0.0,0.0,0.0,0.0,0.0,0.0,0.0,0.0,0,0,0,0
714,Nick,Woltemade,Woltemade,a,,,6.7,47,17.0,6.5,61,11.0,0.8,278.0,38.0,0,0,0.0,-3,3.0,71,249,0.1,14.3,0.8,0.3,3.2,181.0,19.0,100.0,100.0,165.0,16.0,172.0,15.0,69.0,26.0,121.0,19.0,,,3.0,,,,,0.34,0.07,0.41,1.23,0.0,0.37,1.44,1.12,5.02,35,0,0,0,0,0,0,0,0,0,0,0,0,0,0,0,1066,3723,0.0,0.0,0.0,0.0,0.0,0.0,0.0,0.0,0.0,0,0,0,0
753,John,Ruddy,Ruddy,a,,,4.0,664,38.0,0.0,684,82.0,0.0,429.0,51.0,0,0,0.0,0,0.0,1,4,0.0,0.0,0.0,-0.5,0.0,579.0,63.0,,,568.0,63.0,556.0,47.0,525.0,33.0,570.0,63.0,,,,,,,,0.0,0.0,0.0,0.0,0.0,0.0,0.0,0.0,0.0,35,0,0,0,0,0,0,0,0,0,0,0,0,0,0,0,23,12,0.0,0.0,0.0,0.0,0.0,0.0,0.0,0.0,0.0,0,0,0,0
765,Leo,Shahar,Shahar,a,,,4.0,723,191.0,0.0,640,230.0,0.0,481.0,187.0,0,0,0.0,0,0.0,2,1,0.0,0.0,0.0,-0.5,0.0,622.0,230.0,,,612.0,230.0,605.0,230.0,575.0,227.0,614.0,230.0,,,,,,,,0.0,0.0,0.0,0.0,0.0,0.0,0.0,0.0,0.0,35,0,0,0,0,0,0,0,0,0,0,0,0,0,0,0,34,18,0.0,0.0,0.0,0.0,0.0,0.0,0.0,0.0,0.0,0,0,0,0
772,Sam,Alabi,Alabi,a,,,4.5,517,321.0,0.0,774,331.0,0.0,685.0,274.0,0,0,0.0,0,0.0,0,1,0.0,0.0,0.0,-0.5,0.0,765.0,326.0,,,764.0,325.0,757.0,325.0,744.0,321.0,764.0,325.0,,,,,,,,0.0,0.0,0.0,0.0,0.0,0.0,0.0,0.0,0.0,35,0,0,0,0,0,0,0,0,0,0,0,0,0,0,0,27,8,0.0,0.0,0.0,0.0,0.0,0.0,0.0,0.0,0.0,0,0,0,0
12,Oleksandr,Zinchenko,Zinchenko,u,has joined Ajax permanently.,,4.9,302,47.0,0.2,372,136.0,0.0,719.0,252.0,0,0,0.0,-1,1.0,0,2,0.0,1.4,0.0,0.0,1.4,426.0,154.0,0.0,0.0,394.0,146.0,307.0,98.0,388.0,137.0,392.0,138.0,,,,,,,,0.02,0.09,0.11,1.28,0.0,0.0,1.53,1.02,6.14,35,0,0,0,0,0,0,0,0,0,0,0,0,0,0,0,0,12,0.0,0.0,0.0,0.0,0.0,0.0,0.0,0.0,0.0,0,0,0,0
400,Stefan,Ortega Moreno,Ortega Moreno,a,,,4.7,376,16.0,0.2,390,56.0,0.0,694.0,91.0,0,0,0.0,-3,3.0,14,12,0.0,2.3,0.0,0.0,3.7,94.0,13.0,100.0,100.0,401.0,30.0,763.0,90.0,752.0,82.0,442.0,30.0,,,,,,,,0.0,0.0,0.0,1.55,2.67,0.33,1.33,1.0,0.0,35,0,0,0,0,0,0,0,0,0,0,0,0,0,0,0,134,197,0.0,0.0,0.0,0.0,0.0,0.0,0.0,0.0,0.0,0,0,0,0
426,James,McAtee,McAtee,a,,,5.0,257,156.0,0.1,505,184.0,0.0,747.0,318.0,0,0,0.0,-5,5.0,0,4,0.0,1.8,0.0,0.0,0.9,515.0,240.0,,,458.0,203.0,366.0,188.0,413.0,203.0,436.0,197.0,,,5.0,,,,,0.01,0.09,0.1,2.18,0.0,0.0,4.16,0.52,6.76,35,0,0,0,0,0,0,0,0,0,0,0,0,0,0,0,13,28,0.0,0.0,0.0,0.0,0.0,0.0,0.0,0.0,0.0,0,0,0,0
502,Matz,Sels,Sels,a,,,4.6,396,19.0,4.9,78,13.0,3.0,81.0,7.0,0,0,0.0,-4,4.0,74,96,0.7,19.3,3.0,3.0,3.3,149.0,18.0,100.0,100.0,66.0,13.0,434.0,12.0,750.0,80.0,250.0,13.0,,,,,,,,0.0,0.0,0.0,1.4,3.04,0.27,1.29,1.01,0.0,35,0,0,0,0,0,0,0,0,0,0,0,0,0,0,0,1591,3147,0.0,0.0,0.0,0.0,0.0,0.0,0.0,0.0,0.0,0,0,0,0
503,Carlos Miguel,dos Santos Pereira,C.Miguel,u,Has joined Palmeiras permanently.,,4.0,696,56.0,0.1,562,77.0,0.0,457.0,67.0,0,0,0.0,0,0.0,0,0,0.0,0.0,0.0,0.0,0.0,602.0,77.0,0.0,0.0,591.0,77.0,583.0,65.0,552.0,51.0,593.0,77.0,,,,,,,,0.0,0.0,0.0,0.0,0.0,0.0,0.0,0.0,0.0,35,0,0,0,0,0,0,0,0,0,0,0,0,0,0,0,0,10,0.0,0.0,0.0,0.0,0.0,0.0,0.0,0.0,0.0,0,0,0,0
504,Matt,Turner,Turner,u,Has joined Lyon permanently.,,4.0,681,47.0,0.1,536,76.0,0.0,442.0,58.0,0,0,0.0,0,0.0,0,1,0.0,0.0,0.0,0.0,0.0,589.0,68.0,0.0,0.0,578.0,68.0,570.0,56.0,539.0,42.0,580.0,68.0,,,,,,,,0.0,0.0,0.0,0.0,0.0,0.0,0.0,0.0,0.0,35,0,0,0,0,0,0,0,0,0,0,0,0,0,0,0,0,7,0.0,0.0,0.0,0.0,0.0,0.0,0.0,0.0,0.0,0,0,0,0
505,Nikola,Milenković,Milenković,a,,,5.1,231,34.0,3.4,101,35.0,3.8,50.0,24.0,0,0,0.0,-4,4.0,89,128,0.7,21.8,3.8,3.8,3.3,155.0,61.0,,,55.0,27.0,368.0,133.0,266.0,74.0,184.0,62.0,,,,,,,,0.02,0.01,0.03,1.38,0.0,0.26,1.32,1.0,8.38,35,0,0,0,0,0,0,0,0,0,0,0,0,0,0,0,1745,2854,0.0,0.0,0.0,0.0,0.0,0.0,0.0,0.0,0.0,0,0,0,0
506,Murillo,Costa dos Santos,Murillo,d,Muscle injury - 75% chance of playing,,5.2,220,31.0,1.9,144,57.0,0.0,773.0,259.0,0,0,0.0,-3,3.0,2,198,0.0,16.0,0.0,0.0,3.3,157.0,62.0,75.0,75.0,84.0,37.0,268.0,76.0,296.0,88.0,192.0,65.0,,2.0,,,,,,0.03,0.02,0.05,1.39,0.0,0.25,1.23,1.06,9.42,35,0,0,0,0,0,0,0,0,0,0,0,0,0,0,0,25,3392,0.0,0.0,0.0,0.0,0.0,0.0,0.0,0.0,0.0,0,0,0,0
507,Ola,Aina,Aina,d,Knock - 75% chance of playing,,4.7,379,63.0,2.4,128,51.0,3.2,71.0,33.0,0,0,0.0,-3,3.0,3,333,0.7,14.3,2.4,2.4,3.7,95.0,36.0,75.0,75.0,234.0,92.0,216.0,56.0,330.0,105.0,282.0,91.0,,,,,,,,0.02,0.05,0.07,1.44,0.0,0.34,1.08,1.02,7.37,35,0,0,0,0,0,0,0,0,0,0,0,0,0,0,0,623,3435,0.0,0.0,0.0,0.0,0.0,0.0,0.0,0.0,0.0,0,0,0,0
508,Neco,Williams,N.Williams,a,,,4.8,355,59.0,4.5,85,26.0,4.5,26.0,13.0,0,0,0.0,-2,2.0,280,510,0.9,25.4,4.5,4.5,3.7,96.0,37.0,100.0,100.0,31.0,12.0,41.0,3.0,80.0,8.0,32.0,2.0,3.0,,,,,,,0.06,0.12,0.18,1.33,0.0,0.28,1.31,1.03,6.67,35,0,0,0,0,0,0,0,0,0,0,0,0,0,0,0,4717,9897,0.0,0.0,0.0,0.0,0.0,0.0,0.0,0.0,0.0,0,0,0,0
509,David,Mota Veiga Teixeira do Carmo,David Carmo,u,has joined Real Oviedo on loan for the rest of the season.,,4.5,437,90.0,0.0,685,242.0,0.0,615.0,244.0,0,0,0.0,0,0.0,0,0,0.0,0.0,0.0,0.0,0.0,708.0,260.0,0.0,0.0,702.0,260.0,698.0,260.0,681.0,260.0,704.0,260.0,,,,,,,,0.0,0.0,0.0,0.0,0.0,0.0,0.0,0.0,0.0,35,0,0,0,0,0,0,0,0,0,0,0,0,0,0,0,0,3,0.0,0.0,0.0,0.0,0.0,0.0,0.0,0.0,0.0,0,0,0,0
510,Jair,Paula da Cunha Filho,Jair Cunha,d,Shoulder injury - 75% chance of playing,,4.2,648,152.0,0.1,560,200.0,0.5,286.0,94.0,0,0,0.0,-3,3.0,0,1,0.1,1.7,0.4,0.4,1.4,423.0,153.0,75.0,75.0,402.0,150.0,460.0,167.0,418.0,156.0,432.0,156.0,,,,,,,,0.04,0.0,0.04,1.77,0.0,0.0,1.45,0.87,8.39,35,0,0,0,0,0,0,0,0,0,0,0,0,0,0,0,3,33,0.0,0.0,0.0,0.0,0.0,0.0,0.0,0.0,0.0,0,0,0,0
511,Felipe,Rodrigues da Silva,Morato,a,,,4.3,594,135.0,0.1,514,184.0,0.5,289.0,96.0,0,0,0.0,-2,2.0,0,4,0.1,8.6,0.5,0.5,2.2,313.0,116.0,,,254.0,100.0,402.0,145.0,327.0,104.0,342.0,114.0,,,,,,,,0.08,0.01,0.09,1.4,0.0,0.18,1.56,0.92,10.01,35,0,0,0,0,0,0,0,0,0,0,0,0,0,0,0,29,42,0.0,0.0,0.0,0.0,0.0,0.0,0.0,0.0,0.0,0,0,0,0
512,Omar,Richards,O.Richards,u,has joined Rio Ave on loan for the rest of the season.,,4.5,420,81.0,0.0,694,246.0,0.0,603.0,240.0,0,0,0.0,0,0.0,0,1,0.0,0.0,0.0,0.0,0.0,700.0,258.0,0.0,0.0,694.0,258.0,689.0,258.0,670.0,257.0,696.0,258.0,,,,,,,,0.0,0.0,0.0,0.0,0.0,0.0,0.0,0.0,0.0,35,0,0,0,0,0,0,0,0,0,0,0,0,0,0,0,0,2,0.0,0.0,0.0,0.0,0.0,0.0,0.0,0.0,0.0,0,0,0,0
513,Zach,Abbott,Abbott,a,,,3.8,815,254.0,0.3,350,128.0,0.0,388.0,144.0,0,0,0.0,-2,2.0,3,4,0.0,0.5,0.0,0.0,1.0,459.0,165.0,,,451.0,164.0,446.0,160.0,484.0,191.0,468.0,169.0,,,,,,,,0.0,0.01,0.01,2.35,0.0,0.0,3.0,0.75,7.5,35,0,0,0,0,0,0,0,0,0,0,0,0,0,0,0,41,119,0.0,0.0,0.0,0.0,0.0,0.0,0.0,0.0,0.0,0,0,0,0
514,Willy,Boly,Boly,i,Knee injury - Unknown return date,,3.8,794,235.0,0.3,313,115.0,0.0,370.0,128.0,0,0,0.0,-2,2.0,5,9,0.0,0.0,0.0,0.0,0.0,532.0,187.0,0.0,0.0,521.0,186.0,503.0,185.0,470.0,179.0,523.0,186.0,,,,,,,,0.0,0.0,0.0,0.0,0.0,0.0,0.0,0.0,0.0,35,0,0,0,0,0,0,0,0,0,0,0,0,0,0,0,52,160,0.0,0.0,0.0,0.0,0.0,0.0,0.0,0.0,0.0,0,0,0,0
515,Morgan,Gibbs-White,Gibbs-White,a,,,7.6,20,14.0,12.5,30,10.0,8.8,2.0,2.0,0,0,0.0,1,-1.0,4831,1126,1.2,22.1,8.8,8.8,4.9,20.0,9.0,100.0,100.0,28.0,7.0,17.0,16.0,15.0,6.0,6.0,4.0,,1.0,2.0,,,,,0.29,0.07,0.36,1.37,0.0,0.31,1.27,1.02,5.15,35,0,0,0,0,0,0,0,0,0,0,0,0,0,0,0,152428,24967,0.0,0.0,0.0,0.0,0.0,0.0,0.0,0.0,0.0,0,0,0,0
516,Callum,Hudson-Odoi,Hudson-Odoi,i,Muscle injury - Expected back 01 Jun,,5.7,114,72.0,0.6,242,84.0,1.8,171.0,73.0,0,0,0.0,-3,3.0,1,80,0.3,15.4,0.0,0.0,2.9,215.0,87.0,0.0,0.0,183.0,71.0,27.0,25.0,87.0,50.0,62.0,39.0,,,,,,,,0.14,0.15,0.29,1.51,0.0,0.29,1.27,1.03,5.19,35,0,0,0,0,0,0,0,0,0,0,0,0,0,0,0,7,972,0.0,0.0,0.0,0.0,0.0,0.0,0.0,0.0,0.0,0,0,0,0
517,Elliot,Anderson,Anderson,a,,,5.6,127,79.0,7.3,58,21.0,3.8,54.0,17.0,0,0,0.0,1,-1.0,607,1013,0.7,27.3,3.8,3.8,4.5,31.0,13.0,100.0,100.0,18.0,5.0,7.0,7.0,109.0,66.0,17.0,13.0,1.0,3.0,4.0,,,,,0.08,0.11,0.19,1.35,0.0,0.3,1.3,1.01,13.87,35,0,0,0,0,0,0,0,0,0,0,0,0,0,0,0,14562,29098,0.0,0.0,0.0,0.0,0.0,0.0,0.0,0.0,0.0,0,0,0,0
518,João Pedro,Ferreira da Silva,Jota,u,has joined Besiktas on loan for the rest of the season.,,5.4,174,110.0,0.0,620,239.0,0.0,792.0,349.0,0,0,0.0,-1,1.0,0,0,0.0,0.2,0.0,0.0,1.0,507.0,235.0,0.0,0.0,483.0,218.0,483.0,232.0,444.0,217.0,492.0,225.0,,,,,,,,0.0,0.0,0.0,0.0,0.0,0.0,0.0,0.0,24.55,35,0,0,0,0,0,0,0,0,0,0,0,0,0,0,0,0,2,0.0,0.0,0.0,0.0,0.0,0.0,0.0,0.0,0.0,0,0,0,0
519,Nicolás,Domínguez,Dominguez,a,,,5.0,256,155.0,0.0,638,246.0,1.2,208.0,95.0,0,0,0.0,0,0.0,1,1,0.2,8.6,1.2,1.2,1.9,356.0,153.0,100.0,100.0,277.0,115.0,207.0,134.0,246.0,135.0,277.0,141.0,,,,,,,,0.11,0.07,0.18,1.7,0.0,0.27,1.65,1.28,10.52,35,0,0,0,0,0,0,0,0,0,0,0,0,0,0,0,11,32,0.0,0.0,0.0,0.0,0.0,0.0,0.0,0.0,0.0,0,0,0,0
520,Lewis,O'Brien,O'Brien,u,Has joined Wrexham permanently.,,5.0,254,154.0,0.0,824,367.0,0.0,746.0,317.0,0,0,0.0,0,0.0,0,0,0.0,0.0,0.0,0.0,0.0,795.0,348.0,0.0,0.0,794.0,347.0,792.0,347.0,787.0,345.0,794.0,347.0,,,,,,,,0.0,0.0,0.0,0.0,0.0,0.0,0.0,0.0,0.0,35,0,0,0,0,0,0,0,0,0,0,0,0,0,0,0,0,0,0.0,0.0,0.0,0.0,0.0,0.0,0.0,0.0,0.0,0,0,0,0
521,Ibrahim,Sangaré,Sangaré,d,Knock - 75% chance of playing,,4.9,306,190.0,0.1,543,200.0,2.2,124.0,46.0,0,0,0.0,-1,1.0,0,13,0.4,17.1,1.7,1.7,3.2,171.0,69.0,75.0,75.0,156.0,54.0,185.0,120.0,245.0,134.0,196.0,95.0,,,,,,,,0.05,0.08,0.13,1.38,0.0,0.36,1.09,1.09,11.04,35,0,0,0,0,0,0,0,0,0,0,0,0,0,0,0,6,216,0.0,0.0,0.0,0.0,0.0,0.0,0.0,0.0,0.0,0,0,0,0
522,Ryan,Yates,Yates,a,,,4.7,383,238.0,0.1,553,206.0,1.2,203.0,91.0,0,0,0.0,-3,3.0,2,1,0.3,5.3,1.2,1.2,1.3,437.0,193.0,100.0,100.0,372.0,166.0,332.0,181.0,351.0,180.0,386.0,178.0,,,,,,,,0.04,0.04,0.08,1.09,0.0,0.0,1.02,0.2,9.77,35,0,0,0,0,0,0,0,0,0,0,0,0,0,0,0,39,32,0.0,0.0,0.0,0.0,0.0,0.0,0.0,0.0,0.0,0,0,0,0
523,Eric,da Silva Moreira,Da Silva Moreira,a,,,4.5,475,289.0,0.1,568,212.0,0.0,645.0,243.0,0,0,0.0,0,0.0,2,0,0.0,0.0,0.0,0.0,0.0,733.0,301.0,100.0,100.0,730.0,298.0,724.0,299.0,710.0,294.0,731.0,299.0,,,,,,,,0.0,0.0,0.0,0.0,0.0,0.0,0.0,0.0,0.0,35,0,0,0,0,0,0,0,0,0,0,0,0,0,0,0,19,16,0.0,0.0,0.0,0.0,0.0,0.0,0.0,0.0,0.0,0,0,0,0
524,Marko,Stamenić,Stamenic,u,Has joined Swansea City permanently.,,4.5,451,269.0,0.0,704,285.0,0.0,624.0,225.0,0,0,0.0,0,0.0,0,0,0.0,0.0,0.0,0.0,0.0,716.0,286.0,0.0,0.0,711.0,281.0,706.0,283.0,690.0,276.0,712.0,282.0,,,,,,,,0.0,0.0,0.0,0.0,0.0,0.0,0.0,0.0,0.0,35,0,0,0,0,0,0,0,0,0,0,0,0,0,0,0,0,0,0.0,0.0,0.0,0.0,0.0,0.0,0.0,0.0,0.0,0,0,0,0
525,Chris,Wood,Wood,a,,,7.1,33,13.0,4.6,82,16.0,2.5,115.0,18.0,0,0,0.0,-4,4.0,361,56,0.4,4.9,2.5,2.5,3.2,182.0,20.0,100.0,100.0,351.0,36.0,328.0,40.0,136.0,33.0,315.0,36.0,,,1.0,,,,,0.45,0.02,0.47,1.19,0.0,0.25,1.12,1.12,2.48,35,0,0,0,0,0,0,0,0,0,0,0,0,0,0,0,5966,1059,0.0,0.0,0.0,0.0,0.0,0.0,0.0,0.0,0.0,0,0,0,0
526,Igor Jesus,Maciel da Cruz,Igor Jesus,a,,,5.9,100,28.0,2.1,136,20.0,5.8,9.0,2.0,0,0,0.0,-1,1.0,994,285,1.0,17.6,5.8,5.8,3.2,179.0,18.0,100.0,100.0,188.0,18.0,181.0,16.0,26.0,15.0,89.0,16.0,,,3.0,,,,,0.23,0.06,0.29,1.42,0.0,0.41,1.45,1.08,4.74,35,0,0,0,0,0,0,0,0,0,0,0,0,0,0,0,19670,7069,0.0,0.0,0.0,0.0,0.0,0.0,0.0,0.0,0.0,0,0,0,0
527,Taiwo,Awoniyi,Awoniyi,a,,,5.2,206,47.0,0.3,329,52.0,1.0,237.0,31.0,0,0,0.0,-3,3.0,9,8,0.2,4.6,1.0,1.0,1.8,382.0,43.0,100.0,100.0,376.0,41.0,355.0,45.0,212.0,43.0,354.0,43.0,,,,,,,,0.69,0.13,0.82,1.7,0.0,0.0,0.67,0.33,5.33,35,0,0,0,0,0,0,0,0,0,0,0,0,0,0,0,125,86,0.0,0.0,0.0,0.0,0.0,0.0,0.0,0.0,0.0,0,0,0,0
669,Dan,Ndoye,Ndoye,d,Knock - 75% chance of playing,,5.5,145,91.0,0.7,231,80.0,0.2,352.0,163.0,0,0,0.0,-5,5.0,0,11,0.0,9.1,0.2,0.2,2.1,335.0,145.0,75.0,75.0,322.0,143.0,175.0,117.0,182.0,100.0,259.0,128.0,4.0,,,,,,,0.08,0.12,0.2,1.23,0.0,0.15,1.31,1.08,7.4,35,0,0,0,0,0,0,0,0,0,0,0,0,0,0,0,13,161,0.0,0.0,0.0,0.0,0.0,0.0,0.0,0.0,0.0,0,0,0,0
675,Angus,Gunn,Gunn,a,,,4.0,670,43.0,1.1,187,23.0,0.0,433.0,54.0,0,0,0.0,0,0.0,3,8,0.0,0.2,0.0,0.0,1.0,461.0,38.0,100.0,100.0,504.0,38.0,562.0,52.0,531.0,38.0,512.0,38.0,,,,,,,,0.0,0.0,0.0,0.42,0.0,0.0,0.0,0.0,0.0,35,0,0,0,0,0,0,0,0,0,0,0,0,0,0,0,36,186,0.0,0.0,0.0,0.0,0.0,0.0,0.0,0.0,0.0,0,0,0,0
693,Omari,Hutchinson,Hutchinson,a,,,5.4,173,109.0,0.1,533,196.0,2.2,133.0,53.0,0,0,0.0,-1,1.0,11,9,0.4,13.5,2.2,2.2,2.7,243.0,97.0,,,227.0,96.0,58.0,48.0,85.0,49.0,103.0,59.0,2.0,,,,,,,0.12,0.19,0.31,1.17,0.0,0.36,1.14,0.9,6.87,35,0,0,0,0,0,0,0,0,0,0,0,0,0,0,0,110,174,0.0,0.0,0.0,0.0,0.0,0.0,0.0,0.0,0.0,0,0,0,0
696,Arnaud,Kalimuendo,Kalimuendo,u,has joined Eintracht Frankfurt on loan for the rest of the season.,,6.0,87,26.0,0.1,458,66.0,0.0,813.0,89.0,0,0,0.0,0,0.0,0,0,0.0,1.5,0.0,0.0,1.0,510.0,62.0,0.0,0.0,479.0,56.0,409.0,53.0,350.0,55.0,445.0,56.0,,,,,,,,0.44,0.02,0.46,1.59,0.0,0.0,3.03,0.0,6.07,35,0,0,0,0,0,0,0,0,0,0,0,0,0,0,0,0,7,0.0,0.0,0.0,0.0,0.0,0.0,0.0,0.0,0.0,0,0,0,0
715,John Victor,Maciel Furtado,John,i,Knee injury - Expected back 01 Jun,,4.0,679,46.0,0.3,330,46.0,0.0,440.0,57.0,0,0,0.0,0,0.0,2,18,0.0,2.8,0.0,0.0,2.2,310.0,30.0,0.0,0.0,414.0,32.0,568.0,55.0,537.0,41.0,450.0,32.0,,,,,,,,0.0,0.0,0.0,1.26,1.24,0.21,1.65,1.03,0.0,35,0,0,0,0,0,0,0,0,0,0,0,0,0,0,0,11,295,0.0,0.0,0.0,0.0,0.0,0.0,0.0,0.0,0.0,0,0,0,0
716,Nicolò,Savona,Savona,i,Knee injury - Unknown return date,,4.5,453,94.0,0.0,584,208.0,0.0,626.0,245.0,0,0,0.0,0,0.0,1,3,0.0,8.7,0.0,0.0,2.8,221.0,86.0,0.0,0.0,279.0,114.0,257.0,71.0,281.0,82.0,303.0,102.0,,,,,,,,0.12,0.04,0.16,1.32,0.0,0.26,1.58,0.97,5.0,35,0,0,0,0,0,0,0,0,0,0,0,0,0,0,0,5,41,0.0,0.0,0.0,0.0,0.0,0.0,0.0,0.0,0.0,0,0,0,0
729,Luis Eduardo,Soares da Silva,Cuiabano,u,has joined Vasco de Gama on loan for the rest of the season.,,4.5,474,96.0,0.0,822,268.0,0.0,644.0,246.0,0,0,0.0,0,0.0,0,0,0.0,0.0,0.0,0.0,0.0,732.0,261.0,0.0,0.0,729.0,261.0,723.0,261.0,709.0,261.0,730.0,261.0,,,,,,,,0.0,0.0,0.0,0.0,0.0,0.0,0.0,0.0,0.0,35,0,0,0,0,0,0,0,0,0,0,0,0,0,0,0,0,0,0.0,0.0,0.0,0.0,0.0,0.0,0.0,0.0,0.0,0,0,0,0
734,Dilane,Bakwa,Bakwa,a,,,5.9,99,65.0,0.0,673,271.0,0.2,357.0,167.0,0,0,0.0,-1,1.0,0,0,0.0,2.5,0.2,0.2,1.4,430.0,189.0,100.0,100.0,417.0,182.0,252.0,158.0,297.0,158.0,371.0,174.0,,,,,,,,0.12,0.17,0.29,1.61,0.0,0.0,2.09,0.93,6.98,35,0,0,0,0,0,0,0,0,0,0,0,0,0,0,0,9,15,0.0,0.0,0.0,0.0,0.0,0.0,0.0,0.0,0.0,0,0,0,0
805,Lorenzo,Lucca,Lucca,a,,,5.4,169,40.0,0.0,718,90.0,0.0,790.0,85.0,0,0,0.0,-1,1.0,0,6,0.0,1.5,0.0,0.0,2.7,242.0,24.0,,,434.0,51.0,422.0,55.0,369.0,56.0,435.0,55.0,,,,,,,,0.54,0.01,0.55,1.41,0.0,0.76,0.76,0.76,3.78,35,0,0,0,0,0,0,0,0,0,0,0,0,0,0,0,19,52,0.0,0.0,0.0,0.0,0.0,0.0,0.0,0.0,0.0,0,0,0,0
814,Luca,Netz,Netz,a,,,4.5,443,91.0,0.0,770,260.0,0.2,333.0,112.0,0,0,0.0,0,0.0,0,0,0.0,0.7,0.2,0.2,1.0,482.0,172.0,,,459.0,167.0,466.0,170.0,441.0,166.0,475.0,170.0,,,,,,,,0.0,0.48,0.48,0.46,0.0,0.0,0.0,0.0,6.34,35,0,0,0,0,0,0,0,0,0,0,0,0,0,0,0,11,7,0.0,0.0,0.0,0.0,0.0,0.0,0.0,0.0,0.0,0,0,0,0
528,Anthony,Patterson,Patterson,u,has joined Millwall on loan for the rest of the season.,,4.2,636,33.0,0.1,422,60.0,0.0,517.0,83.0,0,0,0.0,-3,3.0,0,3,0.0,0.0,0.0,0.0,0.0,647.0,91.0,0.0,0.0,638.0,91.0,632.0,82.0,606.0,70.0,640.0,91.0,,,,,,,,0.0,0.0,0.0,0.0,0.0,0.0,0.0,0.0,0.0,35,0,0,0,0,0,0,0,0,0,0,0,0,0,0,0,0,41,0.0,0.0,0.0,0.0,0.0,0.0,0.0,0.0,0.0,0,0,0,0
529,Simon,Moore,Moore,i,Hand injury - Unknown return date,,3.9,749,69.0,0.3,310,41.0,0.0,394.0,30.0,0,0,0.0,-1,1.0,3,16,0.0,0.0,0.0,0.0,0.0,549.0,43.0,0.0,0.0,538.0,43.0,522.0,23.0,490.0,9.0,540.0,43.0,,,,,,,,0.0,0.0,0.0,0.0,0.0,0.0,0.0,0.0,0.0,35,0,0,0,0,0,0,0,0,0,0,0,0,0,0,0,34,240,0.0,0.0,0.0,0.0,0.0,0.0,0.0,0.0,0.0,0,0,0,0
530,Blondy,Nna Noukeu,Nna Noukeu,u,has joined US Boulogne CO permanently.,,3.9,776,87.0,0.1,475,70.0,0.0,414.0,45.0,0,0,0.0,-1,1.0,0,2,0.0,0.0,0.0,0.0,0.0,566.0,57.0,0.0,0.0,555.0,57.0,543.0,41.0,511.0,27.0,557.0,57.0,,,,,,,,0.0,0.0,0.0,0.0,0.0,0.0,0.0,0.0,0.0,35,0,0,0,0,0,0,0,0,0,0,0,0,0,0,0,0,42,0.0,0.0,0.0,0.0,0.0,0.0,0.0,0.0,0.0,0,0,0,0
531,Daniel,Ballard,Ballard,a,,,4.7,385,65.0,3.2,104,37.0,0.0,698.0,249.0,0,0,0.0,2,-2.0,46,514,0.0,25.1,-0.5,0.5,4.2,45.0,17.0,100.0,100.0,48.0,21.0,202.0,53.0,74.0,4.0,79.0,16.0,,,,,,,,0.1,0.03,0.13,1.41,0.0,0.25,1.44,0.98,11.2,35,0,0,0,0,0,0,0,0,0,0,0,0,0,0,0,5482,5372,0.0,0.0,0.0,0.0,0.0,0.0,0.0,0.0,0.0,0,0,0,0
532,Trai,Hume,Hume,a,,,4.5,445,92.0,0.3,301,112.0,1.2,201.0,72.0,0,0,0.0,0,0.0,1,42,0.3,20.7,0.7,1.7,2.7,237.0,94.0,,,118.0,53.0,113.0,30.0,149.0,29.0,120.0,33.0,2.0,,,,,,,0.07,0.06,0.13,1.46,0.0,0.27,1.3,1.0,6.36,35,0,0,0,0,0,0,0,0,0,0,0,0,0,0,0,590,526,0.0,0.0,0.0,0.0,0.0,0.0,0.0,0.0,0.0,0,0,0,0
533,Aji,Alese,Alese,u,has joined Portsmouth on loan for the rest of the season.,,4.0,678,168.0,0.0,798,265.0,0.0,439.0,166.0,0,0,0.0,0,0.0,0,0,0.0,0.0,0.0,0.0,0.0,587.0,214.0,0.0,0.0,576.0,213.0,567.0,213.0,536.0,209.0,578.0,213.0,,,,,,,,0.0,0.0,0.0,0.0,0.0,0.0,0.0,0.0,0.0,35,0,0,0,0,0,0,0,0,0,0,0,0,0,0,0,0,0,0.0,0.0,0.0,0.0,0.0,0.0,0.0,0.0,0.0,0,0,0,0
534,Joe,Anderson,Anderson,u,has joined Barrow FC permanently.,,3.8,797,237.0,0.3,327,120.0,0.0,373.0,130.0,0,0,0.0,-2,2.0,0,1,0.0,0.0,0.0,0.0,0.0,534.0,188.0,0.0,0.0,523.0,187.0,505.0,186.0,472.0,180.0,525.0,187.0,,,,,,,,0.0,0.0,0.0,0.0,0.0,0.0,0.0,0.0,0.0,35,0,0,0,0,0,0,0,0,0,0,0,0,0,0,0,0,101,0.0,0.0,0.0,0.0,0.0,0.0,0.0,0.0,0.0,0,0,0,0
535,Dennis,Cirkin,Cirkin,a,,,4.0,689,173.0,0.0,591,211.0,0.0,450.0,171.0,0,0,0.0,0,0.0,0,1,0.0,3.5,-0.5,0.5,2.0,339.0,123.0,100.0,100.0,413.0,155.0,439.0,156.0,424.0,160.0,441.0,159.0,,,,,,,,0.02,0.01,0.03,1.81,0.0,0.3,0.6,0.9,7.77,35,0,0,0,0,0,0,0,0,0,0,0,0,0,0,0,33,38,0.0,0.0,0.0,0.0,0.0,0.0,0.0,0.0,0.0,0,0,0,0
536,Leo Fuhr,Hjelde,Hjelde,u,has joined Sheffield United on loan for the rest of the season.,,4.0,697,176.0,0.0,729,253.0,0.0,458.0,174.0,0,0,0.0,0,0.0,0,0,0.0,0.0,0.0,0.0,0.0,603.0,220.0,0.0,0.0,592.0,219.0,584.0,219.0,553.0,215.0,594.0,219.0,,,,,,,,0.0,0.0,0.0,0.0,0.0,0.0,0.0,0.0,0.0,35,0,0,0,0,0,0,0,0,0,0,0,0,0,0,0,0,4,0.0,0.0,0.0,0.0,0.0,0.0,0.0,0.0,0.0,0,0,0,0
537,Niall,Huggins,Huggins,u,has joined Wycombe Wanderers on loan for the rest of the season.,,4.0,700,177.0,0.1,549,194.0,0.0,461.0,175.0,0,0,0.0,0,0.0,0,0,0.0,0.0,0.0,0.0,0.0,606.0,221.0,0.0,0.0,595.0,220.0,587.0,220.0,556.0,216.0,597.0,220.0,,,,,,,,0.0,0.0,0.0,0.0,0.0,0.0,0.0,0.0,0.0,35,0,0,0,0,0,0,0,0,0,0,0,0,0,0,0,0,9,0.0,0.0,0.0,0.0,0.0,0.0,0.0,0.0,0.0,0,0,0,0
538,Zak,Johnson,Johnson,u,has joined York City on loan for the rest of the season.,,3.8,809,248.0,0.2,382,140.0,0.0,382.0,138.0,0,0,0.0,-2,2.0,0,3,0.0,0.0,0.0,0.0,0.0,540.0,194.0,0.0,0.0,529.0,193.0,512.0,192.0,479.0,186.0,531.0,193.0,,,,,,,,0.0,0.0,0.0,0.0,0.0,0.0,0.0,0.0,0.0,35,0,0,0,0,0,0,0,0,0,0,0,0,0,0,0,0,52,0.0,0.0,0.0,0.0,0.0,0.0,0.0,0.0,0.0,0,0,0,0
539,Luke,O'Nien,O'Nien,a,,,4.0,675,165.0,0.1,501,179.0,1.5,178.0,65.0,0,0,0.0,0,0.0,9,8,0.4,4.0,1.0,2.0,1.6,401.0,147.0,100.0,100.0,420.0,156.0,443.0,158.0,407.0,151.0,440.0,158.0,,,,,,,,0.0,0.03,0.03,1.62,0.0,0.44,1.1,0.88,6.18,35,0,0,0,0,0,0,0,0,0,0,0,0,0,0,0,94,120,0.0,0.0,0.0,0.0,0.0,0.0,0.0,0.0,0.0,0,0,0,0
540,Timothée,Pembélé,Pembele,u,has joined Le Havre AC on loan for the rest of the season.,,3.9,770,222.0,0.3,340,122.0,0.0,410.0,152.0,0,0,0.0,-1,1.0,0,7,0.0,0.0,0.0,0.0,0.0,562.0,203.0,0.0,0.0,551.0,202.0,538.0,202.0,506.0,197.0,553.0,202.0,,,,,,,,0.0,0.0,0.0,0.0,0.0,0.0,0.0,0.0,0.0,35,0,0,0,0,0,0,0,0,0,0,0,0,0,0,0,0,65,0.0,0.0,0.0,0.0,0.0,0.0,0.0,0.0,0.0,0,0,0,0
541,Reinildo,Mandava,Reinildo,a,,,3.8,800,240.0,2.9,115,45.0,2.2,117.0,44.0,0,0,0.0,-2,2.0,110,158,0.6,15.8,1.7,2.7,2.9,206.0,80.0,100.0,100.0,212.0,83.0,269.0,77.0,349.0,116.0,289.0,95.0,,,,,,,,0.01,0.03,0.04,1.27,0.0,0.28,1.33,1.05,7.59,35,0,0,0,0,0,0,0,0,0,0,0,0,0,0,0,2635,2786,0.0,0.0,0.0,0.0,0.0,0.0,0.0,0.0,0.0,0,0,0,0
542,Jenson,Seelt,Seelt,u,has joined Wolfsburg on loan for the rest of the season.,,4.0,718,188.0,0.1,517,186.0,0.0,476.0,184.0,0,0,0.0,0,0.0,0,0,0.0,0.5,0.0,0.0,1.0,463.0,168.0,0.0,0.0,438.0,162.0,463.0,169.0,570.0,224.0,466.0,167.0,,,,,,,,0.0,0.01,0.01,0.9,0.0,0.0,1.35,0.68,8.12,35,0,0,0,0,0,0,0,0,0,0,0,0,0,0,0,0,13,0.0,0.0,0.0,0.0,0.0,0.0,0.0,0.0,0.0,0,0,0,0
543,Simon,Adingra,Adingra,u,has joined AS Monaco on loan for the rest of the season.,,4.9,336,207.0,0.3,309,108.0,0.0,736.0,309.0,0,0,0.0,-6,6.0,0,5,0.0,6.9,0.0,0.0,2.4,287.0,121.0,0.0,0.0,393.0,175.0,262.0,161.0,304.0,162.0,367.0,173.0,,,,,,,,0.05,0.09,0.14,1.57,0.0,0.55,1.11,1.25,6.24,35,0,0,0,0,0,0,0,0,0,0,0,0,0,0,0,0,53,0.0,0.0,0.0,0.0,0.0,0.0,0.0,0.0,0.0,0,0,0,0
544,Habib,Diarra,Diarra,a,,,5.3,198,123.0,0.2,411,142.0,2.2,131.0,51.0,0,0,0.0,-2,2.0,5,85,0.4,11.3,1.7,2.7,3.5,128.0,56.0,100.0,100.0,336.0,151.0,260.0,160.0,156.0,88.0,291.0,146.0,,,1.0,,,,,0.2,0.04,0.24,1.37,0.0,0.34,1.27,1.01,5.09,35,0,0,0,0,0,0,0,0,0,0,0,0,0,0,0,1357,649,0.0,0.0,0.0,0.0,0.0,0.0,0.0,0.0,0.0,0,0,0,0
545,Patrick,Roberts,Roberts,u,has joined Birmingham City permanently.,,5.4,154,96.0,0.0,736,307.0,0.0,782.0,343.0,0,0,0.0,-1,1.0,0,0,0.0,0.2,0.0,0.0,1.0,506.0,234.0,0.0,0.0,500.0,229.0,441.0,213.0,438.0,212.0,487.0,223.0,,,,,,,,0.1,0.07,0.17,2.2,0.0,0.0,3.33,0.0,3.33,35,0,0,0,0,0,0,0,0,0,0,0,0,0,0,0,0,0,0.0,0.0,0.0,0.0,0.0,0.0,0.0,0.0,0.0,0,0,0,0
546,Milan,Aleksić,Aleksić,a,,,4.9,342,213.0,0.0,699,283.0,0.0,739.0,312.0,0,0,0.0,-1,1.0,0,0,0.0,0.0,-0.5,0.5,0.0,791.0,345.0,100.0,100.0,790.0,344.0,786.0,344.0,782.0,342.0,790.0,344.0,,,,,,,,0.0,0.0,0.0,0.0,0.0,0.0,0.0,0.0,0.0,35,0,0,0,0,0,0,0,0,0,0,0,0,0,0,0,9,3,0.0,0.0,0.0,0.0,0.0,0.0,0.0,0.0,0.0,0,0,0,0
547,Enzo,Le Fée,E.Le Fée,a,,,4.8,366,228.0,1.6,154,53.0,3.5,62.0,21.0,0,0,0.0,-2,2.0,135,629,0.7,25.4,3.0,4.0,3.8,81.0,36.0,100.0,100.0,56.0,14.0,20.0,19.0,122.0,72.0,37.0,27.0,3.0,2.0,2.0,,,,,0.17,0.16,0.33,1.48,0.0,0.32,1.4,1.02,9.74,35,0,0,0,0,0,0,0,0,0,0,0,0,0,0,0,14400,6839,0.0,0.0,0.0,0.0,0.0,0.0,0.0,0.0,0.0,0,0,0,0
548,Romaine,Mundle,Mundle,i,Hamstring injury - Expected back 01 Jun,,4.9,327,202.0,0.0,758,322.0,0.0,732.0,307.0,0,0,0.0,-1,1.0,0,0,0.0,2.9,0.0,0.0,1.0,497.0,226.0,0.0,0.0,441.0,194.0,382.0,193.0,310.0,163.0,413.0,188.0,,,,,,,,0.2,0.11,0.31,1.93,0.0,0.0,2.48,0.45,7.44,35,0,0,0,0,0,0,0,0,0,0,0,0,0,0,0,7,4,0.0,0.0,0.0,0.0,0.0,0.0,0.0,0.0,0.0,0,0,0,0
549,Dan,Neil,Neil,u,has joined Ipswich Town on loan for the rest of the season.,,4.8,358,222.0,0.0,660,261.0,0.0,706.0,287.0,0,0,0.0,-2,2.0,0,0,0.0,0.6,0.0,0.0,1.0,494.0,225.0,0.0,0.0,494.0,226.0,473.0,228.0,762.0,329.0,505.0,230.0,,,,,,,,0.0,0.0,0.0,4.43,0.0,0.0,0.0,0.0,13.85,35,0,0,0,0,0,0,0,0,0,0,0,0,0,0,0,0,1,0.0,0.0,0.0,0.0,0.0,0.0,0.0,0.0,0.0,0,0,0,0
550,Ian,Poveda-Ocampo,Poveda,a,,,4.7,384,239.0,0.0,665,265.0,0.0,697.0,282.0,0,0,0.0,-3,3.0,1,0,0.0,0.0,-0.5,0.5,0.0,771.0,331.0,,,770.0,330.0,765.0,330.0,755.0,327.0,770.0,330.0,,,,,,,,0.0,0.0,0.0,0.0,0.0,0.0,0.0,0.0,0.0,35,0,0,0,0,0,0,0,0,0,0,0,0,0,0,0,8,9,0.0,0.0,0.0,0.0,0.0,0.0,0.0,0.0,0.0,0,0,0,0
551,Chris,Rigg,Rigg,a,,,4.7,393,244.0,0.1,537,198.0,2.5,105.0,39.0,0,0,0.0,-3,3.0,8,15,0.5,6.6,2.0,3.0,1.9,354.0,151.0,,,382.0,168.0,250.0,156.0,272.0,148.0,343.0,166.0,,,,,,,,0.1,0.11,0.21,1.44,0.0,0.36,1.33,1.33,6.77,35,0,0,0,0,0,0,0,0,0,0,0,0,0,0,0,534,206,0.0,0.0,0.0,0.0,0.0,0.0,0.0,0.0,0.0,0,0,0,0
552,Noah,Sadiki,Sadiki,a,,,4.9,339,210.0,0.1,550,204.0,2.2,127.0,48.0,0,0,0.0,-1,1.0,5,11,0.4,14.3,1.7,2.7,2.4,288.0,122.0,100.0,100.0,210.0,88.0,143.0,95.0,243.0,133.0,204.0,99.0,,,,,,,,0.03,0.05,0.08,1.34,0.0,0.28,1.37,1.02,7.69,35,0,0,0,0,0,0,0,0,0,0,0,0,0,0,0,325,104,0.0,0.0,0.0,0.0,0.0,0.0,0.0,0.0,0.0,0,0,0,0
553,Chemsdine,Talbi,Talbi,a,,,4.9,337,208.0,0.2,405,138.0,0.5,300.0,139.0,0,0,0.0,-1,1.0,3,13,0.1,15.7,0.0,1.0,3.1,191.0,74.0,100.0,100.0,269.0,112.0,191.0,124.0,147.0,85.0,234.0,115.0,,,,,,,,0.13,0.06,0.19,1.3,0.0,0.4,0.86,0.93,5.38,35,0,0,0,0,0,0,0,0,0,0,0,0,0,0,0,168,201,0.0,0.0,0.0,0.0,0.0,0.0,0.0,0.0,0.0,0,0,0,0
554,Abdoullah,Ba,Ba,a,,,4.3,593,350.0,0.3,320,110.0,0.0,536.0,173.0,0,0,0.0,-2,2.0,5,5,0.0,0.0,-0.5,0.5,0.0,657.0,246.0,,,647.0,236.0,642.0,241.0,617.0,228.0,649.0,238.0,,,,,,,,0.0,0.0,0.0,0.0,0.0,0.0,0.0,0.0,0.0,35,0,0,0,0,0,0,0,0,0,0,0,0,0,0,0,84,211,0.0,0.0,0.0,0.0,0.0,0.0,0.0,0.0,0.0,0,0,0,0
555,Alan,Browne,Browne,u,has joined Middlesbrough on loan for the rest of the season.,,4.5,416,252.0,0.0,652,256.0,0.0,601.0,209.0,0,0,0.0,0,0.0,0,0,0.0,0.0,0.0,0.0,0.0,698.0,272.0,0.0,0.0,692.0,266.0,687.0,269.0,668.0,261.0,694.0,268.0,,,,,,,,0.0,0.0,0.0,0.0,0.0,0.0,0.0,0.0,0.0,35,0,0,0,0,0,0,0,0,0,0,0,0,0,0,0,0,4,0.0,0.0,0.0,0.0,0.0,0.0,0.0,0.0,0.0,0,0,0,0
556,Pierre,Ekwah Elimby,Ekwah,u,Has joined AS Saint-Etienne permanently.,,4.5,438,260.0,0.0,782,339.0,0.0,616.0,217.0,0,0,0.0,0,0.0,0,0,0.0,0.0,0.0,0.0,0.0,709.0,279.0,0.0,0.0,703.0,273.0,699.0,276.0,682.0,269.0,705.0,275.0,,,,,,,,0.0,0.0,0.0,0.0,0.0,0.0,0.0,0.0,0.0,35,0,0,0,0,0,0,0,0,0,0,0,0,0,0,0,0,0,0.0,0.0,0.0,0.0,0.0,0.0,0.0,0.0,0.0,0,0,0,0
557,Harrison,Jones,H.Jones,a,,,4.3,610,359.0,0.1,545,202.0,0.0,547.0,179.0,0,0,0.0,-2,2.0,1,2,0.0,0.0,-0.5,0.5,0.0,661.0,249.0,,,651.0,239.0,647.0,244.0,624.0,233.0,653.0,241.0,,,,,,,,0.0,0.0,0.0,0.0,0.0,0.0,0.0,0.0,0.0,35,0,0,0,0,0,0,0,0,0,0,0,0,0,0,0,52,40,0.0,0.0,0.0,0.0,0.0,0.0,0.0,0.0,0.0,0,0,0,0
558,Jay,Matete,Matete,u,has joined MK Dons permanently.,,4.3,601,354.0,0.2,408,140.0,0.0,538.0,174.0,0,0,0.0,-2,2.0,0,1,0.0,0.0,0.0,0.0,0.0,658.0,247.0,0.0,0.0,648.0,237.0,643.0,242.0,618.0,229.0,650.0,239.0,,,,,,,,0.0,0.0,0.0,0.0,0.0,0.0,0.0,0.0,0.0,35,0,0,0,0,0,0,0,0,0,0,0,0,0,0,0,0,41,0.0,0.0,0.0,0.0,0.0,0.0,0.0,0.0,0.0,0,0,0,0
559,Nectarios,Triantis,Triantis,u,has joined Minnesota United permanently.,,4.4,552,330.0,0.0,651,255.0,0.0,574.0,193.0,0,0,0.0,-1,1.0,0,0,0.0,0.0,0.0,0.0,0.0,679.0,261.0,0.0,0.0,671.0,253.0,667.0,257.0,646.0,247.0,673.0,255.0,,,,,,,,0.0,0.0,0.0,0.0,0.0,0.0,0.0,0.0,0.0,35,0,0,0,0,0,0,0,0,0,0,0,0,0,0,0,0,3,0.0,0.0,0.0,0.0,0.0,0.0,0.0,0.0,0.0,0,0,0,0
560,Wilson,Isidor,Isidor,a,,,5.0,259,54.0,1.4,171,26.0,1.8,163.0,20.0,0,0,0.0,-5,5.0,28,137,0.4,13.4,1.3,2.3,2.3,307.0,34.0,100.0,100.0,287.0,28.0,394.0,52.0,58.0,23.0,230.0,28.0,,,,,,,,0.37,0.01,0.38,1.55,0.0,0.33,1.41,0.91,3.72,35,0,0,0,0,0,0,0,0,0,0,0,0,0,0,0,912,2389,0.0,0.0,0.0,0.0,0.0,0.0,0.0,0.0,0.0,0,0,0,0
561,Eliezer,Mayenda Dossou,Mayenda,a,,,5.2,218,50.0,0.5,267,41.0,0.0,772.0,82.0,0,0,0.0,-3,3.0,3,9,0.0,7.5,-0.5,0.5,2.1,333.0,36.0,,,364.0,38.0,350.0,44.0,173.0,39.0,337.0,42.0,,,,,,,,0.26,0.03,0.29,1.52,0.0,0.36,1.08,0.96,3.12,35,0,0,0,0,0,0,0,0,0,0,0,0,0,0,0,67,212,0.0,0.0,0.0,0.0,0.0,0.0,0.0,0.0,0.0,0,0,0,0
562,Ahmed,Abdullahi,Abdullahi,a,,,4.2,650,91.0,0.4,280,43.0,0.0,525.0,53.0,0,0,0.0,-3,3.0,8,21,0.0,0.0,-0.5,0.5,0.0,653.0,66.0,,,644.0,66.0,638.0,65.0,613.0,65.0,646.0,66.0,,,,,,,,0.0,0.0,0.0,0.0,0.0,0.0,0.0,0.0,0.0,35,0,0,0,0,0,0,0,0,0,0,0,0,0,0,0,116,376,0.0,0.0,0.0,0.0,0.0,0.0,0.0,0.0,0.0,0,0,0,0
563,Luís Hemir,Silva Semedo,Luís Hemir,u,has joined Moreirense on loan for the rest of the season.,,4.4,562,80.0,0.1,524,71.0,0.0,582.0,62.0,0,0,0.0,-1,1.0,0,1,0.0,0.0,0.0,0.0,0.0,685.0,73.0,0.0,0.0,678.0,73.0,673.0,72.0,654.0,72.0,680.0,73.0,,,,,,,,0.0,0.0,0.0,0.0,0.0,0.0,0.0,0.0,0.0,35,0,0,0,0,0,0,0,0,0,0,0,0,0,0,0,0,5,0.0,0.0,0.0,0.0,0.0,0.0,0.0,0.0,0.0,0,0,0,0
564,Nazarii,Rusyn,Rusyn,u,has joined Arka on loan for the rest of the season.,,4.4,544,77.0,0.1,525,72.0,0.0,569.0,59.0,0,0,0.0,-1,1.0,0,1,0.0,0.0,0.0,0.0,0.0,675.0,70.0,0.0,0.0,666.0,70.0,662.0,69.0,641.0,69.0,668.0,70.0,,,,,,,,0.0,0.0,0.0,0.0,0.0,0.0,0.0,0.0,0.0,35,0,0,0,0,0,0,0,0,0,0,0,0,0,0,0,0,4,0.0,0.0,0.0,0.0,0.0,0.0,0.0,0.0,0.0,0,0,0,0
668,Granit,Xhaka,Xhaka,a,,,5.1,222,135.0,3.3,103,34.0,2.0,148.0,59.0,0,0,0.0,1,-1.0,55,218,0.4,21.0,1.5,2.5,3.6,108.0,45.0,100.0,100.0,58.0,16.0,42.0,38.0,276.0,150.0,75.0,46.0,1.0,1.0,,,,,,0.03,0.1,0.13,1.47,0.0,0.28,1.28,0.99,11.12,35,0,0,0,0,0,0,0,0,0,0,0,0,0,0,0,2709,3337,0.0,0.0,0.0,0.0,0.0,0.0,0.0,0.0,0.0,0,0,0,0
670,Robin,Roefs,Roefs,a,,,4.8,370,15.0,8.5,48,9.0,3.0,82.0,8.0,0,0,0.0,3,-3.0,107,1131,0.6,25.4,2.5,3.5,3.9,71.0,7.0,100.0,100.0,15.0,4.0,371.0,2.0,764.0,88.0,166.0,3.0,,,,,,,,0.0,0.0,0.0,1.48,3.13,0.29,1.39,1.0,0.0,35,0,0,0,0,0,0,0,0,0,0,0,0,0,0,0,11313,15967,0.0,0.0,0.0,0.0,0.0,0.0,0.0,0.0,0.0,0,0,0,0
678,Arthur,Masuaku,Masuaku,u,has joined RC Lens on loan for the rest of the season.,,3.9,754,215.0,0.5,276,103.0,0.0,398.0,148.0,0,0,0.0,-1,1.0,0,6,0.0,0.3,0.0,0.0,0.3,525.0,181.0,0.0,0.0,454.0,165.0,403.0,146.0,428.0,163.0,456.0,163.0,,,,,,,,0.05,0.06,0.11,1.5,0.0,0.0,1.44,1.44,7.2,35,0,0,0,0,0,0,0,0,0,0,0,0,0,0,0,0,129,0.0,0.0,0.0,0.0,0.0,0.0,0.0,0.0,0.0,0,0,0,0
683,Omar,Alderete,Alderete,a,,,4.1,653,153.0,5.8,67,23.0,2.2,119.0,45.0,0,0,0.0,1,-1.0,163,985,0.5,27.3,1.7,2.7,3.7,90.0,33.0,100.0,100.0,36.0,14.0,244.0,62.0,111.0,15.0,93.0,22.0,,,,,,,,0.06,0.03,0.09,1.46,0.0,0.31,1.35,1.01,10.02,35,0,0,0,0,0,0,0,0,0,0,0,0,0,0,0,6623,19122,0.0,0.0,0.0,0.0,0.0,0.0,0.0,0.0,0.0,0,0,0,0
694,Nordi,Mukiele,Mukiele,a,,,4.6,397,68.0,8.7,47,15.0,3.2,69.0,31.0,0,0,0.0,6,-6.0,172,2168,0.7,27.8,2.7,3.7,4.6,25.0,9.0,100.0,100.0,53.0,25.0,109.0,29.0,188.0,44.0,91.0,20.0,,,,,,,,0.05,0.08,0.13,1.5,0.0,0.3,1.37,1.04,8.87,35,0,0,0,0,0,0,0,0,0,0,0,0,0,0,0,17866,23769,0.0,0.0,0.0,0.0,0.0,0.0,0.0,0.0,0.0,0,0,0,0
724,Lutsharel,Geertruida,Geertruida,a,,,4.5,428,87.0,0.1,577,206.0,0.0,608.0,243.0,0,0,0.0,0,0.0,1,4,0.0,10.2,-0.5,0.5,1.8,372.0,139.0,,,262.0,105.0,265.0,74.0,313.0,96.0,308.0,104.0,,,,,,,,0.03,0.05,0.08,1.81,0.0,0.13,1.34,0.89,6.44,35,0,0,0,0,0,0,0,0,0,0,0,0,0,0,0,26,75,0.0,0.0,0.0,0.0,0.0,0.0,0.0,0.0,0.0,0,0,0,0
730,Brian,Brobbey,Brobbey,a,,,5.3,191,45.0,1.2,182,29.0,1.2,214.0,27.0,0,0,0.0,-2,2.0,75,574,0.2,14.5,0.7,1.7,2.9,214.0,22.0,100.0,100.0,237.0,20.0,228.0,24.0,54.0,22.0,157.0,22.0,,,,,,,,0.25,0.03,0.28,1.56,0.0,0.28,1.5,1.0,3.49,35,0,0,0,0,0,0,0,0,0,0,0,0,0,0,0,5793,7621,0.0,0.0,0.0,0.0,0.0,0.0,0.0,0.0,0.0,0,0,0,0
735,Bertrand,Traoré,Traoré,d,Lack of match fitness - 50% chance of playing,,5.5,135,84.0,0.0,653,257.0,0.0,796.0,353.0,0,0,0.0,0,0.0,0,0,0.0,5.5,-0.2,0.2,2.5,274.0,112.0,50.0,50.0,367.0,163.0,275.0,167.0,234.0,128.0,335.0,163.0,,,,,,,,0.07,0.04,0.11,1.38,0.0,0.43,1.28,1.28,5.68,35,0,0,0,0,0,0,0,0,0,0,0,0,0,0,0,4,3,0.0,0.0,0.0,0.0,0.0,0.0,0.0,0.0,0.0,0,0,0,0
774,Jenson,Jones,Jenson Jones,a,,,4.0,682,170.0,0.0,675,238.0,0.0,443.0,168.0,0,0,0.0,0,0.0,3,1,0.0,0.0,-0.5,0.5,0.0,590.0,216.0,,,579.0,215.0,571.0,215.0,540.0,211.0,581.0,215.0,,,,,,,,0.0,0.0,0.0,0.0,0.0,0.0,0.0,0.0,0.0,35,0,0,0,0,0,0,0,0,0,0,0,0,0,0,0,35,18,0.0,0.0,0.0,0.0,0.0,0.0,0.0,0.0,0.0,0,0,0,0
775,Tymur,Tutierov,Tutierov,u,has joined Exeter City on loan for the rest of the season.,,4.5,497,306.0,0.0,826,369.0,0.0,667.0,260.0,0,0,0.0,0,0.0,0,0,0.0,0.0,0.0,0.0,0.0,750.0,314.0,0.0,0.0,748.0,312.0,741.0,312.0,728.0,308.0,748.0,312.0,,,,,,,,0.0,0.0,0.0,0.0,0.0,0.0,0.0,0.0,0.0,35,0,0,0,0,0,0,0,0,0,0,0,0,0,0,0,0,0,0.0,0.0,0.0,0.0,0.0,0.0,0.0,0.0,0.0,0,0,0,0
800,Djiamgone Jocelin Ta,Bi,Jocelin.T,d,Lack of match fitness - 75% chance of playing,,4.9,345,215.0,0.0,825,368.0,0.0,742.0,314.0,0,0,0.0,-1,1.0,0,0,0.0,0.2,-0.4,0.4,1.0,499.0,228.0,75.0,75.0,490.0,223.0,452.0,217.0,457.0,225.0,491.0,224.0,,,,,,,,0.0,0.09,0.09,0.57,0.0,0.0,0.0,2.37,7.11,35,0,0,0,0,0,0,0,0,0,0,0,0,0,0,0,2,0,0.0,0.0,0.0,0.0,0.0,0.0,0.0,0.0,0.0,0,0,0,0
812,Melker,Ellborg,Ellborg,a,,,4.0,711,62.0,0.1,486,72.0,0.0,470.0,73.0,0,0,0.0,0,0.0,4,35,0.0,4.0,-0.5,0.5,5.3,7.0,2.0,,,399.0,29.0,596.0,71.0,565.0,57.0,438.0,29.0,,,,,,,,0.0,0.01,0.01,1.37,3.33,0.33,0.67,1.0,0.0,35,0,0,0,0,0,0,0,0,0,0,0,0,0,0,0,142,838,0.0,0.0,0.0,0.0,0.0,0.0,0.0,0.0,0.0,0,0,0,0
813,Nilson,Angulo,Angulo,d,Lack of match fitness - 50% chance of playing,,5.0,276,170.0,0.0,793,347.0,0.0,757.0,327.0,0,0,0.0,0,0.0,0,1,0.0,1.8,-0.2,0.2,1.8,379.0,160.0,50.0,50.0,435.0,190.0,392.0,197.0,323.0,169.0,414.0,189.0,,,,,,,,0.17,0.03,0.2,2.0,0.0,0.35,1.42,1.06,8.15,35,0,0,0,0,0,0,0,0,0,0,0,0,0,0,0,4,8,0.0,0.0,0.0,0.0,0.0,0.0,0.0,0.0,0.0,0,0,0,0
821,Jack,Whittaker,Whittaker,a,,,4.5,476,290.0,0.0,816,362.0,0.0,646.0,244.0,0,0,0.0,0,0.0,0,2,0.0,0.0,-0.5,0.5,0.0,734.0,302.0,,,731.0,299.0,725.0,300.0,711.0,295.0,732.0,300.0,,,,,,,,0.0,0.0,0.0,0.0,0.0,0.0,0.0,0.0,0.0,35,0,0,0,0,0,0,0,0,0,0,0,0,0,0,0,20,6,0.0,0.0,0.0,0.0,0.0,0.0,0.0,0.0,0.0,0,0,0,0
822,Jaydon,Jones,Jones,a,,,4.5,477,291.0,0.0,809,357.0,0.0,647.0,245.0,0,0,0.0,0,0.0,2,0,0.0,0.0,-0.5,0.5,0.0,735.0,303.0,,,732.0,300.0,726.0,301.0,712.0,296.0,733.0,301.0,,,,,,,,0.0,0.0,0.0,0.0,0.0,0.0,0.0,0.0,0.0,35,0,0,0,0,0,0,0,0,0,0,0,0,0,0,0,17,6,0.0,0.0,0.0,0.0,0.0,0.0,0.0,0.0,0.0,0,0,0,0
565,Guglielmo,Vicario,Vicario,i,Hernia - Expected back 11 May,,4.7,381,17.0,4.9,79,14.0,0.0,696.0,92.0,0,0,0.0,-3,3.0,3,325,0.0,19.1,0.0,0.0,2.9,211.0,24.0,0.0,0.0,37.0,10.0,428.0,7.0,754.0,83.0,206.0,9.0,,,,,,,,0.0,0.0,0.0,1.49,2.68,0.23,1.61,1.0,0.0,35,0,0,0,0,0,0,0,0,0,0,0,0,0,0,0,25,4228,0.0,0.0,0.0,0.0,0.0,0.0,0.0,0.0,0.0,0,0,0,0
566,Brandon,Austin,Austin,a,,,3.9,762,79.0,0.3,334,47.0,0.0,404.0,38.0,0,0,0.0,-1,1.0,4,2,0.0,0.0,0.0,0.0,0.0,556.0,50.0,,,545.0,50.0,532.0,33.0,500.0,19.0,547.0,50.0,,,,,,,,0.0,0.0,0.0,0.0,0.0,0.0,0.0,0.0,0.0,35,0,0,0,0,0,0,0,0,0,0,0,0,0,0,0,46,118,0.0,0.0,0.0,0.0,0.0,0.0,0.0,0.0,0.0,0,0,0,0
567,Antonín,Kinský,Kinsky,a,,,3.9,775,86.0,1.7,152,20.0,2.2,118.0,12.0,0,0,0.0,-1,1.0,119,33,0.6,2.3,2.2,2.2,3.0,199.0,22.0,,,426.0,34.0,542.0,40.0,510.0,26.0,461.0,34.0,,,,,,,,0.0,0.0,0.0,0.95,1.33,0.33,1.0,1.0,0.0,35,0,0,0,0,0,0,0,0,0,0,0,0,0,0,0,2804,3303,0.0,0.0,0.0,0.0,0.0,0.0,0.0,0.0,0.0,0,0,0,0
568,Pedro,Porro Sauceda,Pedro Porro,a,,,5.2,212,29.0,10.6,36,11.0,4.8,20.0,9.0,0,0,0.0,-3,3.0,422,361,0.9,19.6,4.8,4.8,3.4,142.0,54.0,100.0,100.0,60.0,29.0,16.0,1.0,172.0,40.0,43.0,5.0,3.0,2.0,,,,,,0.03,0.13,0.16,1.3,0.0,0.3,1.33,1.04,6.92,35,0,0,0,0,0,0,0,0,0,0,0,0,0,0,0,7408,20369,0.0,0.0,0.0,0.0,0.0,0.0,0.0,0.0,0.0,0,0,0,0
569,Cristian,Romero,Romero,i,Knee injury - Expected back 01 Jun,,5.0,251,38.0,2.9,112,43.0,0.2,344.0,116.0,0,0,0.0,0,0.0,5,120,0.0,18.2,0.0,0.0,4.0,60.0,25.0,0.0,0.0,67.0,31.0,247.0,64.0,139.0,26.0,142.0,46.0,,,,,,,,0.07,0.06,0.13,1.36,0.0,0.24,1.59,1.06,9.49,35,0,0,0,0,0,0,0,0,0,0,0,0,0,0,0,19,1301,0.0,0.0,0.0,0.0,0.0,0.0,0.0,0.0,0.0,0,0,0,0
570,Kevin,Danso,Danso,a,,,4.2,630,141.0,0.2,415,153.0,2.0,140.0,52.0,0,0,0.0,-3,3.0,12,4,0.5,11.0,2.0,2.0,2.3,299.0,111.0,100.0,100.0,211.0,82.0,380.0,136.0,339.0,110.0,321.0,109.0,,,,,,,,0.02,0.02,0.04,1.39,0.0,0.24,1.67,1.04,12.04,35,0,0,0,0,0,0,0,0,0,0,0,0,0,0,0,206,705,0.0,0.0,0.0,0.0,0.0,0.0,0.0,0.0,0.0,0,0,0,0
571,Ben,Davies,Davies,i,Ankle injury - Unknown return date,,4.3,579,125.0,0.1,554,196.0,0.0,528.0,222.0,0,0,0.0,-2,2.0,0,0,0.0,2.3,0.0,0.0,3.3,146.0,55.0,0.0,0.0,405.0,151.0,400.0,143.0,335.0,108.0,402.0,144.0,,,,,,,,0.32,0.05,0.37,0.73,0.0,0.0,1.99,1.32,9.26,35,0,0,0,0,0,0,0,0,0,0,0,0,0,0,0,7,13,0.0,0.0,0.0,0.0,0.0,0.0,0.0,0.0,0.0,0,0,0,0
572,Radu,Drăgușin,Dragusin,a,,,4.5,450,93.0,0.0,668,235.0,0.2,335.0,113.0,0,0,0.0,0,0.0,1,2,0.0,3.6,0.2,0.2,1.8,373.0,140.0,100.0,100.0,353.0,134.0,458.0,165.0,373.0,126.0,401.0,143.0,,,,,,,,0.05,0.0,0.05,2.1,0.0,0.0,2.28,0.88,12.61,35,0,0,0,0,0,0,0,0,0,0,0,0,0,0,0,15,48,0.0,0.0,0.0,0.0,0.0,0.0,0.0,0.0,0.0,0,0,0,0
573,Djed,Spence,Spence,a,,,4.1,656,156.0,0.9,204,80.0,2.2,120.0,46.0,0,0,0.0,-4,4.0,32,16,0.5,16.8,2.2,2.2,2.7,232.0,90.0,100.0,100.0,238.0,94.0,182.0,48.0,179.0,41.0,224.0,79.0,,,,,,,,0.04,0.08,0.12,1.43,0.0,0.38,1.41,1.04,5.32,35,0,0,0,0,0,0,0,0,0,0,0,0,0,0,0,635,664,0.0,0.0,0.0,0.0,0.0,0.0,0.0,0.0,0.0,0,0,0,0
574,Destiny,Udogie,Udogie,a,,,4.3,595,136.0,0.3,324,119.0,1.0,225.0,77.0,0,0,0.0,-2,2.0,7,6,0.2,4.2,1.0,1.0,1.1,449.0,160.0,100.0,100.0,319.0,123.0,221.0,58.0,286.0,84.0,311.0,105.0,,,,,,,,0.01,0.06,0.07,1.53,0.0,0.0,1.88,0.9,4.48,35,0,0,0,0,0,0,0,0,0,0,0,0,0,0,0,50,302,0.0,0.0,0.0,0.0,0.0,0.0,0.0,0.0,0.0,0,0,0,0
575,Micky,van de Ven,Van de Ven,a,,,4.4,550,119.0,17.8,16,6.0,2.0,142.0,54.0,0,0,0.0,-1,1.0,156,682,0.5,24.1,2.0,2.0,3.4,136.0,51.0,100.0,100.0,49.0,22.0,297.0,94.0,154.0,33.0,139.0,44.0,,,,,,,,0.09,0.01,0.1,1.35,0.0,0.27,1.54,1.04,6.58,35,0,0,0,0,0,0,0,0,0,0,0,0,0,0,0,2754,24211,0.0,0.0,0.0,0.0,0.0,0.0,0.0,0.0,0.0,0,0,0,0
576,Ashley,Phillips,Phillips,u,Has joined Stoke City on loan for the rest of the season.,,4.0,719,189.0,0.0,741,255.0,0.0,477.0,185.0,0,0,0.0,0,0.0,0,0,0.0,0.0,0.0,0.0,0.0,618.0,228.0,0.0,0.0,608.0,228.0,601.0,228.0,571.0,225.0,610.0,228.0,,,,,,,,0.0,0.0,0.0,0.0,0.0,0.0,0.0,0.0,0.0,35,0,0,0,0,0,0,0,0,0,0,0,0,0,0,0,0,0,0.0,0.0,0.0,0.0,0.0,0.0,0.0,0.0,0.0,0,0,0,0
577,Takai,Kōta,Takai,u,has joined Borussia Mönchengladbach on loan for the rest of the season.,,4.0,721,190.0,0.0,606,216.0,0.0,479.0,186.0,0,0,0.0,0,0.0,0,0,0.0,0.0,0.0,0.0,0.0,620.0,229.0,0.0,0.0,610.0,229.0,603.0,229.0,573.0,226.0,612.0,229.0,,,,,,,,0.0,0.0,0.0,0.0,0.0,0.0,0.0,0.0,0.0,35,0,0,0,0,0,0,0,0,0,0,0,0,0,0,0,0,2,0.0,0.0,0.0,0.0,0.0,0.0,0.0,0.0,0.0,0,0,0,0
578,Luka,Vušković,Vuskovic,u,has joined Hamburger SV on loan for the rest of the season.,,3.9,791,233.0,0.3,322,117.0,0.0,428.0,161.0,0,0,0.0,-1,1.0,0,1,0.0,0.0,0.0,0.0,0.0,578.0,210.0,0.0,0.0,567.0,209.0,555.0,209.0,524.0,205.0,569.0,209.0,,,,,,,,0.0,0.0,0.0,0.0,0.0,0.0,0.0,0.0,0.0,35,0,0,0,0,0,0,0,0,0,0,0,0,0,0,0,0,27,0.0,0.0,0.0,0.0,0.0,0.0,0.0,0.0,0.0,0,0,0,0
579,Son,Heung-min,Son,u,has joined Los Angeles FC permanently.,,8.5,10,5.0,0.1,456,156.0,0.0,828.0,373.0,0,0,0.0,0,0.0,0,0,0.0,0.0,0.0,0.0,0.0,830.0,373.0,0.0,0.0,830.0,373.0,830.0,373.0,830.0,373.0,830.0,373.0,,,,,,,,0.0,0.0,0.0,0.0,0.0,0.0,0.0,0.0,0.0,35,0,0,0,0,0,0,0,0,0,0,0,0,0,0,0,0,3,0.0,0.0,0.0,0.0,0.0,0.0,0.0,0.0,0.0,0,0,0,0
581,James,Maddison,Maddison,a,,,6.8,42,26.0,0.1,437,150.0,0.0,823.0,368.0,0,0,0.0,-2,2.0,43,16,0.0,0.0,0.0,0.0,0.0,827.0,370.0,100.0,100.0,827.0,370.0,827.0,370.0,827.0,370.0,827.0,370.0,,,,,,,,0.0,0.0,0.0,0.0,0.0,0.0,0.0,0.0,0.0,35,0,0,0,0,0,0,0,0,0,0,0,0,0,0,0,362,247,0.0,0.0,0.0,0.0,0.0,0.0,0.0,0.0,0.0,0,0,0,0
582,Mohammed,Kudus,Kudus,i,Thigh injury - Unknown return date,,6.4,58,37.0,9.2,39,13.0,0.0,820.0,367.0,0,0,0.0,-1,1.0,3,85,0.0,11.7,0.0,0.0,3.9,77.0,34.0,0.0,0.0,200.0,82.0,68.0,53.0,98.0,59.0,107.0,63.0,,4.0,3.0,,,,,0.11,0.14,0.25,1.33,0.0,0.41,1.17,1.11,7.8,35,0,0,0,0,0,0,0,0,0,0,0,0,0,0,0,14,681,0.0,0.0,0.0,0.0,0.0,0.0,0.0,0.0,0.0,0,0,0,0
583,Dejan,Kulusevski,Kulusevski,i,Knee injury - Unknown return date,,6.4,57,36.0,0.0,723,299.0,0.0,819.0,366.0,0,0,0.0,-1,1.0,1,0,0.0,0.0,0.0,0.0,0.0,824.0,369.0,0.0,0.0,824.0,369.0,824.0,369.0,824.0,369.0,824.0,369.0,,,,,,,,0.0,0.0,0.0,0.0,0.0,0.0,0.0,0.0,0.0,35,0,0,0,0,0,0,0,0,0,0,0,0,0,0,0,11,10,0.0,0.0,0.0,0.0,0.0,0.0,0.0,0.0,0.0,0,0,0,0
584,Mathys,Tel,Tel,a,,,6.2,78,52.0,0.1,425,146.0,0.8,277.0,130.0,0,0,0.0,-3,3.0,31,8,0.1,9.5,0.8,0.8,2.2,322.0,141.0,100.0,100.0,270.0,113.0,111.0,77.0,120.0,70.0,173.0,90.0,1.0,,,,,,,0.19,0.13,0.32,1.37,0.0,0.09,1.8,0.81,7.94,35,0,0,0,0,0,0,0,0,0,0,0,0,0,0,0,743,422,0.0,0.0,0.0,0.0,0.0,0.0,0.0,0.0,0.0,0,0,0,0
585,Rodrigo,Bentancur,Bentancur,a,,,5.2,205,127.0,0.2,403,137.0,2.0,150.0,60.0,0,0,0.0,-3,3.0,15,4,0.4,13.8,2.0,2.0,3.3,156.0,64.0,100.0,100.0,223.0,94.0,212.0,138.0,263.0,145.0,256.0,125.0,,,,,,,,0.03,0.04,0.07,1.25,0.0,0.35,1.27,1.09,13.47,35,0,0,0,0,0,0,0,0,0,0,0,0,0,0,0,198,354,0.0,0.0,0.0,0.0,0.0,0.0,0.0,0.0,0.0,0,0,0,0
586,Lucas,Bergvall,Bergvall,a,,,5.2,219,134.0,0.2,394,131.0,1.8,165.0,69.0,0,0,0.0,-3,3.0,3,2,0.3,9.0,1.8,1.8,2.2,318.0,137.0,100.0,100.0,323.0,144.0,281.0,169.0,227.0,124.0,316.0,155.0,,,,,,,,0.11,0.04,0.15,1.27,0.0,0.29,1.62,1.05,7.52,35,0,0,0,0,0,0,0,0,0,0,0,0,0,0,0,146,175,0.0,0.0,0.0,0.0,0.0,0.0,0.0,0.0,0.0,0,0,0,0
587,Yves,Bissouma,Bissouma,a,,,5.2,209,129.0,0.0,595,224.0,0.8,273.0,127.0,0,0,0.0,-3,3.0,2,0,0.2,3.1,0.8,0.8,1.6,405.0,172.0,100.0,100.0,388.0,172.0,397.0,200.0,384.0,194.0,409.0,186.0,,,,,,,,0.06,0.02,0.08,1.86,0.0,0.16,2.5,1.09,11.39,35,0,0,0,0,0,0,0,0,0,0,0,0,0,0,0,29,26,0.0,0.0,0.0,0.0,0.0,0.0,0.0,0.0,0.0,0,0,0,0
588,Wilson,Odobert,Odobert,i,Knee injury - Unknown return date,,5.3,199,124.0,0.0,608,232.0,0.0,779.0,342.0,0,0,0.0,-2,2.0,0,0,0.0,8.7,0.0,0.0,1.9,358.0,154.0,0.0,0.0,326.0,147.0,138.0,92.0,129.0,76.0,222.0,107.0,,,,,,,,0.18,0.11,0.29,1.32,0.0,0.19,1.2,0.93,7.13,35,0,0,0,0,0,0,0,0,0,0,0,0,0,0,0,0,28,0.0,0.0,0.0,0.0,0.0,0.0,0.0,0.0,0.0,0,0,0,0
589,Manor,Solomon,Solomon,u,has joined Fiorentina on loan for the rest of the season.,,5.4,164,102.0,0.0,767,327.0,0.0,787.0,346.0,0,0,0.0,-1,1.0,0,0,0.0,0.0,0.0,0.0,0.0,811.0,359.0,0.0,0.0,810.0,358.0,809.0,358.0,807.0,357.0,810.0,358.0,,,,,,,,0.0,0.0,0.0,0.0,0.0,0.0,0.0,0.0,0.0,35,0,0,0,0,0,0,0,0,0,0,0,0,0,0,0,0,0,0.0,0.0,0.0,0.0,0.0,0.0,0.0,0.0,0.0,0,0,0,0
590,Bryan,Gil Salvatierra,Bryan,u,has joined Girona permanently.,,4.9,322,199.0,0.0,663,264.0,0.0,728.0,304.0,0,0,0.0,-1,1.0,0,0,0.0,0.0,0.0,0.0,0.0,784.0,340.0,0.0,0.0,783.0,339.0,779.0,339.0,775.0,337.0,783.0,339.0,,,,,,,,0.0,0.0,0.0,0.0,0.0,0.0,0.0,0.0,0.0,35,0,0,0,0,0,0,0,0,0,0,0,0,0,0,0,0,2,0.0,0.0,0.0,0.0,0.0,0.0,0.0,0.0,0.0,0,0,0,0
591,Archie,Gray,Gray,a,,,4.8,372,232.0,0.1,419,144.0,0.8,265.0,121.0,0,0,0.0,-2,2.0,10,19,0.2,12.5,0.8,0.8,2.6,252.0,102.0,100.0,100.0,252.0,108.0,242.0,155.0,202.0,111.0,264.0,132.0,,,,,,,,0.09,0.08,0.17,1.51,0.0,0.31,1.72,1.11,8.06,35,0,0,0,0,0,0,0,0,0,0,0,0,0,0,0,55,404,0.0,0.0,0.0,0.0,0.0,0.0,0.0,0.0,0.0,0,0,0,0
592,Mikey,Moore,Moore,u,Has joined Rangers on loan for the rest of the season.,,5.0,272,166.0,0.0,802,353.0,0.0,755.0,325.0,0,0,0.0,0,0.0,0,0,0.0,0.0,0.0,0.0,0.0,801.0,353.0,0.0,0.0,800.0,352.0,798.0,352.0,793.0,350.0,800.0,352.0,,,,,,,,0.0,0.0,0.0,0.0,0.0,0.0,0.0,0.0,0.0,35,0,0,0,0,0,0,0,0,0,0,0,0,0,0,0,0,0,0.0,0.0,0.0,0.0,0.0,0.0,0.0,0.0,0.0,0,0,0,0
593,Pape Matar,Sarr,P.M.Sarr,i,Shoulder injury - Unknown return date,,4.5,444,265.0,1.0,199,70.0,0.2,334.0,154.0,0,0,0.0,-5,5.0,3,167,0.0,14.7,0.0,0.0,2.9,210.0,84.0,0.0,0.0,213.0,89.0,227.0,145.0,213.0,116.0,241.0,119.0,,,,,,,,0.1,0.07,0.17,1.75,0.0,0.2,1.47,0.87,12.01,35,0,0,0,0,0,0,0,0,0,0,0,0,0,0,0,24,2862,0.0,0.0,0.0,0.0,0.0,0.0,0.0,0.0,0.0,0,0,0,0
594,Yang,Min-hyeok,Min-hyeok,u,has joined Coventry City on loan for the rest of the season.,,4.5,508,316.0,0.0,742,312.0,0.0,678.0,270.0,0,0,0.0,0,0.0,0,0,0.0,0.0,0.0,0.0,0.0,759.0,322.0,0.0,0.0,758.0,321.0,751.0,321.0,738.0,317.0,758.0,321.0,,,,,,,,0.0,0.0,0.0,0.0,0.0,0.0,0.0,0.0,0.0,35,0,0,0,0,0,0,0,0,0,0,0,0,0,0,0,0,0,0.0,0.0,0.0,0.0,0.0,0.0,0.0,0.0,0.0,0,0,0,0
595,Callum,Olusesi,Olusesi,a,,,4.3,603,356.0,0.2,374,126.0,0.0,540.0,176.0,0,0,0.0,-2,2.0,9,7,0.0,0.2,0.0,0.0,1.0,471.0,205.0,,,509.0,231.0,467.0,223.0,620.0,231.0,510.0,233.0,,,,,,,,0.0,0.06,0.06,4.82,0.0,0.0,0.0,0.0,12.86,35,0,0,0,0,0,0,0,0,0,0,0,0,0,0,0,49,82,0.0,0.0,0.0,0.0,0.0,0.0,0.0,0.0,0.0,0,0,0,0
596,Dominic,Solanke-Mitchell,Solanke,i,Muscle injury - Unknown return date,,7.1,34,14.0,1.4,165,24.0,1.2,219.0,29.0,0,-1,1.0,-4,4.0,1,1124,0.2,5.6,0.0,0.0,2.7,248.0,25.0,0.0,0.0,288.0,29.0,305.0,36.0,83.0,28.0,237.0,29.0,,,2.0,,,,,0.27,0.03,0.3,1.61,0.0,0.0,1.9,0.99,6.41,35,0,0,0,0,0,0,0,0,0,0,0,0,0,0,0,26,41317,0.0,0.0,0.0,0.0,0.0,0.0,0.0,0.0,0.0,0,0,0,0
597,Richarlison,de Andrade,Richarlison,a,,,6.3,65,22.0,5.6,70,14.0,1.5,194.0,25.0,0,0,0.0,-2,2.0,241,190,0.2,15.7,1.5,1.5,3.5,133.0,11.0,100.0,100.0,100.0,9.0,184.0,17.0,23.0,13.0,53.0,11.0,,,5.0,,,,,0.37,0.07,0.44,1.3,0.0,0.28,1.34,0.89,6.98,35,0,0,0,0,0,0,0,0,0,0,0,0,0,0,0,3655,6600,0.0,0.0,0.0,0.0,0.0,0.0,0.0,0.0,0.0,0,0,0,0
598,Will,Lankshear,Lankshear,u,has joined Oxford United on loan for the rest of the season.,,4.5,469,66.0,0.0,679,87.0,0.0,639.0,66.0,0,0,0.0,0,0.0,0,0,0.0,0.0,0.0,0.0,0.0,729.0,77.0,0.0,0.0,725.0,77.0,719.0,76.0,704.0,76.0,726.0,77.0,,,,,,,,0.0,0.0,0.0,0.0,0.0,0.0,0.0,0.0,0.0,35,0,0,0,0,0,0,0,0,0,0,0,0,0,0,0,0,1,0.0,0.0,0.0,0.0,0.0,0.0,0.0,0.0,0.0,0,0,0,0
599,Dane,Scarlett,Scarlett,u,has joined Hibernian on loan for the rest of the season.,,4.3,598,84.0,0.5,263,39.0,0.0,537.0,54.0,0,0,0.0,-2,2.0,0,5,0.0,0.5,0.0,0.0,1.0,469.0,57.0,0.0,0.0,507.0,61.0,453.0,59.0,449.0,61.0,495.0,60.0,,,,,,,,0.0,0.13,0.13,0.39,0.0,0.0,0.0,0.0,12.86,35,0,0,0,0,0,0,0,0,0,0,0,0,0,0,0,0,78,0.0,0.0,0.0,0.0,0.0,0.0,0.0,0.0,0.0,0,0,0,0
673,João Maria,Lobo Alves Palhares Costa Palhinha Gonçalves,J.Palhinha,a,,,5.5,136,85.0,0.8,219,75.0,2.8,97.0,37.0,0,0,0.0,0,0.0,52,18,0.5,19.1,2.8,2.8,3.6,111.0,47.0,100.0,100.0,86.0,28.0,263.0,162.0,143.0,82.0,151.0,79.0,,,,,,,,0.1,0.03,0.13,1.46,0.0,0.19,1.6,0.92,12.18,35,0,0,0,0,0,0,0,0,0,0,0,0,0,0,0,1007,587,0.0,0.0,0.0,0.0,0.0,0.0,0.0,0.0,0.0,0,0,0,0
717,Xavi,Simons,Xavi,i,Knee injury - Expected back 01 Jan,,6.4,60,39.0,1.6,157,55.0,3.8,56.0,19.0,0,-1,1.0,-6,6.0,5,2269,0.6,12.5,0.0,0.0,2.9,216.0,88.0,0.0,0.0,193.0,76.0,39.0,36.0,121.0,71.0,90.0,55.0,2.0,3.0,4.0,,,,,0.16,0.2,0.36,1.58,0.0,0.21,1.85,0.98,7.68,35,0,0,0,0,0,0,0,0,0,0,0,0,0,0,0,21,59221,0.0,0.0,0.0,0.0,0.0,0.0,0.0,0.0,0.0,0,0,0,0
726,Randal,Kolo Muani,Kolo Muani,a,,,6.9,39,15.0,0.4,285,44.0,1.0,251.0,36.0,0,0,0.0,-1,1.0,49,41,0.1,6.7,1.0,1.0,1.8,389.0,47.0,100.0,100.0,330.0,32.0,161.0,13.0,131.0,31.0,243.0,31.0,,,,,,,,0.12,0.09,0.21,1.47,0.0,0.19,1.78,1.15,6.43,35,0,0,0,0,0,0,0,0,0,0,0,0,0,0,0,387,1617,0.0,0.0,0.0,0.0,0.0,0.0,0.0,0.0,0.0,0,0,0,0
745,Jun'ai,Byfield,Byfield,a,,,4.0,742,209.0,0.0,615,219.0,0.0,500.0,205.0,0,0,0.0,0,0.0,1,1,0.0,0.2,0.0,0.0,1.0,465.0,170.0,,,510.0,179.0,481.0,175.0,592.0,243.0,513.0,179.0,,,,,,,,0.0,0.0,0.0,0.0,0.0,0.0,0.0,0.0,0.0,35,0,0,0,0,0,0,0,0,0,0,0,0,0,0,0,9,14,0.0,0.0,0.0,0.0,0.0,0.0,0.0,0.0,0.0,0,0,0,0
750,James,Rowswell,Rowswell,a,,,4.0,706,181.0,0.0,637,228.0,0.0,465.0,178.0,0,0,0.0,0,0.0,0,1,0.0,0.2,0.0,0.0,1.0,462.0,167.0,,,599.0,223.0,591.0,223.0,560.0,219.0,601.0,223.0,,,,,,,,0.0,0.0,0.0,32.4,0.0,0.0,0.0,0.0,0.0,35,0,0,0,0,0,0,0,0,0,0,0,0,0,0,0,4,21,0.0,0.0,0.0,0.0,0.0,0.0,0.0,0.0,0.0,0,0,0,0
751,Yusuf,Akhamrich,Akhamrich,u,has joined Bristol Rovers on loan for the rest of the season.,,4.5,491,302.0,0.0,788,343.0,0.0,661.0,256.0,0,0,0.0,0,0.0,0,0,0.0,0.0,0.0,0.0,0.0,745.0,311.0,0.0,0.0,743.0,309.0,736.0,309.0,723.0,305.0,743.0,309.0,,,,,,,,0.0,0.0,0.0,0.0,0.0,0.0,0.0,0.0,0.0,35,0,0,0,0,0,0,0,0,0,0,0,0,0,0,0,0,1,0.0,0.0,0.0,0.0,0.0,0.0,0.0,0.0,0.0,0,0,0,0
790,Lucá,Williams-Barnett,Williams-Barnett,a,,,4.5,503,312.0,0.0,762,324.0,0.0,673.0,266.0,0,0,0.0,0,0.0,2,1,0.0,0.0,0.0,0.0,0.0,754.0,318.0,,,753.0,317.0,746.0,317.0,733.0,313.0,753.0,317.0,,,,,,,,0.0,0.0,0.0,0.0,0.0,0.0,0.0,0.0,0.0,35,0,0,0,0,0,0,0,0,0,0,0,0,0,0,0,18,12,0.0,0.0,0.0,0.0,0.0,0.0,0.0,0.0,0.0,0,0,0,0
796,Conor,Gallagher,Gallagher,a,,,5.0,253,153.0,0.1,500,180.0,2.0,147.0,58.0,0,0,0.0,-5,5.0,17,13,0.4,5.6,2.0,2.0,2.3,306.0,130.0,100.0,100.0,356.0,160.0,220.0,142.0,261.0,144.0,323.0,158.0,,,,,,,,0.06,0.06,0.12,1.79,0.0,0.11,2.06,1.08,9.3,35,0,0,0,0,0,0,0,0,0,0,0,0,0,0,0,339,510,0.0,0.0,0.0,0.0,0.0,0.0,0.0,0.0,0.0,0,0,0,0
804,João Victor,de Souza Menezes,Souza,a,,,4.0,739,206.0,0.0,678,239.0,0.0,497.0,202.0,0,0,0.0,0,0.0,1,3,0.0,0.8,0.0,0.0,0.8,518.0,178.0,,,465.0,169.0,386.0,138.0,397.0,143.0,446.0,161.0,,,,,,,,0.01,0.02,0.03,1.65,0.0,0.0,1.9,1.27,3.8,35,0,0,0,0,0,0,0,0,0,0,0,0,0,0,0,17,31,0.0,0.0,0.0,0.0,0.0,0.0,0.0,0.0,0.0,0,0,0,0
811,Rio,Kyerematen,Kyerematen,a,,,4.5,462,279.0,0.0,792,346.0,0.0,633.0,233.0,0,0,0.0,0,0.0,2,2,0.0,0.0,0.0,0.0,0.0,724.0,294.0,,,719.0,289.0,714.0,291.0,698.0,284.0,720.0,290.0,,,,,,,,0.0,0.0,0.0,0.0,0.0,0.0,0.0,0.0,0.0,35,0,0,0,0,0,0,0,0,0,0,0,0,0,0,0,12,10,0.0,0.0,0.0,0.0,0.0,0.0,0.0,0.0,0.0,0,0,0,0
818,James,Wilson,Wilson,a,,,4.5,504,71.0,0.0,631,84.0,0.0,674.0,71.0,0,0,0.0,0,0.0,8,6,0.0,0.0,0.0,0.0,0.0,755.0,82.0,,,754.0,82.0,747.0,81.0,734.0,81.0,754.0,82.0,,,,,,,,0.0,0.0,0.0,0.0,0.0,0.0,0.0,0.0,0.0,35,0,0,0,0,0,0,0,0,0,0,0,0,0,0,0,125,151,0.0,0.0,0.0,0.0,0.0,0.0,0.0,0.0,0.0,0,0,0,0
326,Adama,Traoré Diarra,Adama,a,,,5.1,225,137.0,0.2,414,143.0,0.2,346.0,159.0,0,0,0.0,-4,4.0,3,3,0.0,4.7,-0.8,0.2,1.0,503.0,231.0,100.0,100.0,442.0,195.0,325.0,176.0,311.0,164.0,400.0,183.0,,,,,,,,0.17,0.14,0.31,2.06,0.0,0.0,2.75,0.25,4.25,35,0,0,0,0,0,0,0,0,0,0,0,0,0,0,0,38,91,0.0,0.0,0.0,0.0,0.0,0.0,0.0,0.0,0.0,0,0,0,0
600,Alphonse,Areola,Areola,a,,,4.2,629,30.0,1.9,143,19.0,0.0,514.0,81.0,0,0,0.0,-3,3.0,22,83,0.0,12.1,-1.0,0.0,2.5,267.0,28.0,100.0,100.0,70.0,14.0,429.0,8.0,603.0,67.0,252.0,14.0,,,,,,,,0.0,0.0,0.0,1.76,3.85,0.0,1.85,1.0,0.0,35,0,0,0,0,0,0,0,0,0,0,0,0,0,0,0,330,1689,0.0,0.0,0.0,0.0,0.0,0.0,0.0,0.0,0.0,0,0,0,0
601,Wes,Foderingham,Foderingham,u,has joined Aris Limassol permanently.,,4.0,668,42.0,0.2,366,52.0,0.0,431.0,53.0,0,0,0.0,0,0.0,0,0,0.0,0.0,0.0,0.0,0.0,581.0,65.0,0.0,0.0,570.0,65.0,560.0,51.0,529.0,37.0,572.0,65.0,,,,,,,,0.0,0.0,0.0,0.0,0.0,0.0,0.0,0.0,0.0,35,0,0,0,0,0,0,0,0,0,0,0,0,0,0,0,0,41,0.0,0.0,0.0,0.0,0.0,0.0,0.0,0.0,0.0,0,0,0,0
602,Krisztián,Hegyi,Hegyi,u,has joined MTK Budapest on loan for the rest of the season.,,3.9,774,85.0,0.2,383,55.0,0.0,413.0,44.0,0,0,0.0,-1,1.0,0,4,0.0,0.0,0.0,0.0,0.0,565.0,56.0,0.0,0.0,554.0,56.0,541.0,39.0,509.0,25.0,556.0,56.0,,,,,,,,0.0,0.0,0.0,0.0,0.0,0.0,0.0,0.0,0.0,35,0,0,0,0,0,0,0,0,0,0,0,0,0,0,0,0,79,0.0,0.0,0.0,0.0,0.0,0.0,0.0,0.0,0.0,0,0,0,0
603,El Hadji Malick,Diouf,Diouf,a,,,4.1,662,160.0,2.5,125,49.0,3.2,66.0,28.0,0,0,0.0,-4,4.0,64,391,0.8,23.2,2.2,3.2,3.4,135.0,50.0,100.0,100.0,92.0,39.0,80.0,17.0,282.0,83.0,123.0,34.0,,,,,,,,0.02,0.09,0.11,1.41,0.0,0.3,1.56,0.99,7.05,35,0,0,0,0,0,0,0,0,0,0,0,0,0,0,0,3217,6174,0.0,0.0,0.0,0.0,0.0,0.0,0.0,0.0,0.0,0,0,0,0
604,Emerson,Palmieri dos Santos,Emerson,u,has joined Marseille permanently.,,4.4,528,103.0,0.0,585,209.0,0.0,560.0,229.0,0,0,0.0,-1,1.0,0,1,0.0,0.0,0.0,0.0,0.0,671.0,254.0,0.0,0.0,662.0,254.0,657.0,254.0,636.0,253.0,664.0,254.0,,,,,,,,0.0,0.0,0.0,0.0,0.0,0.0,0.0,0.0,0.0,35,0,0,0,0,0,0,0,0,0,0,0,0,0,0,0,0,2,0.0,0.0,0.0,0.0,0.0,0.0,0.0,0.0,0.0,0,0,0,0
605,Maximilian,Kilman,Kilman,a,,,4.1,654,154.0,0.1,435,163.0,0.0,505.0,210.0,0,0,0.0,-4,4.0,0,0,0.0,8.8,-1.0,0.0,1.7,390.0,143.0,,,166.0,72.0,347.0,121.0,326.0,103.0,279.0,90.0,,,,,,,,0.03,0.01,0.04,1.92,0.0,0.06,2.14,0.98,9.24,35,0,0,0,0,0,0,0,0,0,0,0,0,0,0,0,17,101,0.0,0.0,0.0,0.0,0.0,0.0,0.0,0.0,0.0,0,0,0,0
606,Konstantinos,Mavropanos,Mavropanos,a,,,4.5,426,86.0,2.1,134,54.0,7.8,3.0,1.0,0,0,0.0,0,0.0,465,706,1.7,24.0,6.8,7.8,4.0,58.0,24.0,100.0,100.0,41.0,17.0,353.0,125.0,106.0,13.0,114.0,31.0,,,,,,,,0.1,0.02,0.12,1.42,0.0,0.21,1.53,0.95,11.06,35,0,0,0,0,0,0,0,0,0,0,0,0,0,0,0,15291,11372,0.0,0.0,0.0,0.0,0.0,0.0,0.0,0.0,0.0,0,0,0,0
607,Nayef,Aguerd,N.Aguerd,u,has joined Marseille permanently.,,4.4,533,107.0,0.0,609,217.0,0.0,564.0,232.0,0,0,0.0,-1,1.0,0,0,0.0,0.7,0.0,0.0,1.5,408.0,150.0,0.0,0.0,431.0,160.0,454.0,163.0,425.0,161.0,454.0,162.0,,,,,,,,0.05,0.02,0.07,1.71,0.0,0.0,4.0,1.0,7.5,35,0,0,0,0,0,0,0,0,0,0,0,0,0,0,0,0,1,0.0,0.0,0.0,0.0,0.0,0.0,0.0,0.0,0.0,0,0,0,0
608,Ollie,Scarles,Scarles,a,,,4.3,607,139.0,0.0,621,221.0,0.0,544.0,228.0,0,0,0.0,-2,2.0,0,0,0.0,4.9,-1.0,0.0,1.8,369.0,137.0,100.0,100.0,342.0,130.0,321.0,109.0,386.0,135.0,379.0,131.0,5.0,,,,,,,0.02,0.04,0.06,1.83,0.0,0.0,2.2,1.24,9.91,35,0,0,0,0,0,0,0,0,0,0,0,0,0,0,0,10,9,0.0,0.0,0.0,0.0,0.0,0.0,0.0,0.0,0.0,0,0,0,0
609,Jean-Clair,Todibo,Todibo,a,,,4.3,590,133.0,0.1,489,176.0,0.2,325.0,108.0,0,0,0.0,-2,2.0,2,4,0.0,10.5,-0.8,0.2,2.1,327.0,121.0,100.0,100.0,180.0,73.0,334.0,112.0,380.0,133.0,294.0,98.0,,,,,,,,0.01,0.02,0.03,1.68,0.0,0.05,1.8,1.06,8.41,35,0,0,0,0,0,0,0,0,0,0,0,0,0,0,0,24,46,0.0,0.0,0.0,0.0,0.0,0.0,0.0,0.0,0.0,0,0,0,0
610,Aaron,Wan-Bissaka,Wan-Bissaka,a,,,4.1,655,155.0,4.4,88,28.0,0.0,506.0,211.0,0,0,0.0,-4,4.0,26,298,0.0,15.4,-1.0,0.0,2.9,208.0,81.0,100.0,100.0,157.0,69.0,132.0,34.0,371.0,125.0,199.0,70.0,,,,,,,,0.0,0.04,0.04,1.57,0.0,0.14,1.84,0.99,7.71,35,0,0,0,0,0,0,0,0,0,0,0,0,0,0,0,358,4316,0.0,0.0,0.0,0.0,0.0,0.0,0.0,0.0,0.0,0,0,0,0
611,Kaelan,Casey,Casey,u,has joined Leyton Orient on loan for the rest of the season.,,4.0,716,186.0,0.1,559,199.0,0.0,474.0,182.0,0,0,0.0,0,0.0,0,1,0.0,0.0,0.0,0.0,0.0,616.0,226.0,0.0,0.0,606.0,226.0,599.0,226.0,568.0,222.0,608.0,226.0,,,,,,,,0.0,0.0,0.0,0.0,0.0,0.0,0.0,0.0,0.0,35,0,0,0,0,0,0,0,0,0,0,0,0,0,0,0,0,13,0.0,0.0,0.0,0.0,0.0,0.0,0.0,0.0,0.0,0,0,0,0
612,Lucas,Tolentino Coelho de Lima,L.Paquetá,u,has joined Flamengo permanently.,,5.9,94,62.0,1.1,192,67.0,0.0,809.0,359.0,0,0,0.0,-1,1.0,0,12,0.0,11.7,0.0,0.0,3.8,89.0,39.0,0.0,0.0,177.0,68.0,73.0,57.0,176.0,97.0,133.0,74.0,,,,,,,,0.17,0.12,0.29,1.44,0.0,0.18,1.96,1.07,8.68,35,0,0,0,0,0,0,0,0,0,0,0,0,0,0,0,0,150,0.0,0.0,0.0,0.0,0.0,0.0,0.0,0.0,0.0,0,0,0,0
613,Tomáš,Souček,Souček,a,,,5.7,115,73.0,0.4,296,103.0,4.0,41.0,11.0,0,0,0.0,-3,3.0,67,76,0.7,16.7,3.0,4.0,3.1,196.0,78.0,100.0,100.0,119.0,38.0,219.0,141.0,70.0,42.0,112.0,66.0,,,,,,,,0.23,0.02,0.25,1.57,0.0,0.29,1.79,0.97,9.45,35,0,0,0,0,0,0,0,0,0,0,0,0,0,0,0,3227,839,0.0,0.0,0.0,0.0,0.0,0.0,0.0,0.0,0.0,0,0,0,0
615,Crysencio,Summerville,Summerville,a,,,5.5,144,90.0,1.4,164,57.0,2.0,152.0,62.0,0,0,0.0,0,0.0,61,402,0.4,18.2,1.0,2.0,3.7,102.0,42.0,100.0,100.0,170.0,61.0,81.0,62.0,39.0,23.0,69.0,44.0,2.0,,,,,,,0.22,0.12,0.34,1.32,0.0,0.3,1.49,1.06,7.88,35,0,0,0,0,0,0,0,0,0,0,0,0,0,0,0,5818,7056,0.0,0.0,0.0,0.0,0.0,0.0,0.0,0.0,0.0,0,0,0,0
616,Edson,Álvarez Velázquez,Álvarez,u,Has joined Fenerbahçe on loan for the rest of the season.,,4.9,308,192.0,0.0,599,225.0,0.0,721.0,298.0,0,0,0.0,-1,1.0,0,0,0.0,0.0,0.0,0.0,0.0,780.0,336.0,0.0,0.0,779.0,335.0,775.0,335.0,771.0,333.0,779.0,335.0,,,,,,,,0.0,0.0,0.0,0.0,0.0,0.0,0.0,0.0,0.0,35,0,0,0,0,0,0,0,0,0,0,0,0,0,0,0,0,3,0.0,0.0,0.0,0.0,0.0,0.0,0.0,0.0,0.0,0,0,0,0
617,Maxwel,Cornet,Cornet,u,has joined Genoa on loan for the rest of the season.,,4.9,288,177.0,0.0,717,296.0,0.0,711.0,291.0,0,0,0.0,-1,1.0,0,0,0.0,0.0,0.0,0.0,0.0,776.0,333.0,0.0,0.0,775.0,332.0,771.0,332.0,767.0,330.0,775.0,332.0,,,,,,,,0.0,0.0,0.0,0.0,0.0,0.0,0.0,0.0,0.0,35,0,0,0,0,0,0,0,0,0,0,0,0,0,0,0,0,0,0.0,0.0,0.0,0.0,0.0,0.0,0.0,0.0,0.0,0,0,0,0
618,Guido,Rodríguez,G.Rodriguez,u,has joined Valencia on loan for the rest of the season.,,4.8,350,220.0,0.0,612,235.0,0.0,704.0,286.0,0,0,0.0,-2,2.0,0,2,0.0,1.7,0.0,0.0,1.3,438.0,194.0,0.0,0.0,471.0,208.0,447.0,215.0,455.0,224.0,480.0,216.0,,,,,,,,0.02,0.02,0.04,1.33,0.0,0.51,1.03,1.03,7.71,35,0,0,0,0,0,0,0,0,0,0,0,0,0,0,0,0,2,0.0,0.0,0.0,0.0,0.0,0.0,0.0,0.0,0.0,0,0,0,0
619,Luis Guilherme,Lira dos Santos,L.Guilherme,u,has joined Sporting CP permanently.,,4.9,338,209.0,0.0,692,278.0,0.0,737.0,310.0,0,0,0.0,-1,1.0,0,0,0.0,1.0,0.0,0.0,1.0,498.0,227.0,0.0,0.0,473.0,210.0,415.0,206.0,443.0,216.0,471.0,211.0,,,,,,,,0.05,0.02,0.07,1.35,0.0,0.0,1.49,0.74,8.18,35,0,0,0,0,0,0,0,0,0,0,0,0,0,0,0,0,0,0.0,0.0,0.0,0.0,0.0,0.0,0.0,0.0,0.0,0,0,0,0
620,George,Earthy,Earthy,u,has joined Bristol City on loan for the rest of the season.,,4.5,448,267.0,0.0,611,234.0,0.0,622.0,223.0,0,0,0.0,0,0.0,0,0,0.0,0.2,0.0,0.0,1.0,483.0,215.0,0.0,0.0,709.0,279.0,471.0,226.0,452.0,221.0,504.0,229.0,,,,,,,,0.0,0.11,0.11,8.21,0.0,0.0,11.25,0.0,0.0,35,0,0,0,0,0,0,0,0,0,0,0,0,0,0,0,0,4,0.0,0.0,0.0,0.0,0.0,0.0,0.0,0.0,0.0,0,0,0,0
621,Andy,Irving,Irving,u,has joined Sparta Prague permanently.,,4.3,586,347.0,0.2,376,127.0,0.0,533.0,171.0,0,0,0.0,-2,2.0,0,0,0.0,2.1,0.0,0.0,1.3,433.0,190.0,0.0,0.0,439.0,192.0,354.0,185.0,447.0,218.0,429.0,193.0,,,,,,,,0.0,0.1,0.1,2.32,0.0,0.0,2.31,1.15,12.69,35,0,0,0,0,0,0,0,0,0,0,0,0,0,0,0,0,79,0.0,0.0,0.0,0.0,0.0,0.0,0.0,0.0,0.0,0,0,0,0
622,Lewis,Orford,Orford,u,has joined Stevenage on loan for the rest of the season.,,4.4,554,332.0,0.1,581,216.0,0.0,576.0,195.0,0,0,0.0,-1,1.0,0,0,0.0,0.0,0.0,0.0,0.0,681.0,263.0,0.0,0.0,673.0,255.0,669.0,259.0,648.0,249.0,675.0,257.0,,,,,,,,0.0,0.0,0.0,0.0,0.0,0.0,0.0,0.0,0.0,35,0,0,0,0,0,0,0,0,0,0,0,0,0,0,0,0,2,0.0,0.0,0.0,0.0,0.0,0.0,0.0,0.0,0.0,0,0,0,0
623,Freddie,Potts,Potts,a,,,4.3,597,352.0,0.5,265,92.0,0.5,290.0,135.0,0,0,0.0,-2,2.0,37,23,0.1,8.6,-0.5,0.5,1.7,392.0,165.0,100.0,100.0,300.0,130.0,238.0,152.0,353.0,182.0,332.0,162.0,,,,,,,,0.02,0.08,0.1,1.65,0.0,0.08,1.94,0.93,9.22,35,0,0,0,0,0,0,0,0,0,0,0,0,0,0,0,895,735,0.0,0.0,0.0,0.0,0.0,0.0,0.0,0.0,0.0,0,0,0,0
624,Jarrod,Bowen,Bowen,a,,,7.8,18,6.0,15.0,24,6.0,6.5,6.0,1.0,0,0,0.0,-2,2.0,2017,4603,0.8,21.7,5.5,6.5,5.0,17.0,4.0,,,16.0,3.0,32.0,1.0,12.0,7.0,7.0,3.0,1.0,1.0,2.0,,,,,0.2,0.14,0.34,1.52,0.0,0.21,1.65,1.0,7.65,35,0,0,0,0,0,0,0,0,0,0,0,0,0,0,0,81301,65899,0.0,0.0,0.0,0.0,0.0,0.0,0.0,0.0,0.0,0,0,0,0
625,Niclas,Füllkrug,Füllkrug,u,has joined AC Milan on loan for the rest of the season.,,5.6,121,34.0,0.6,257,37.0,0.0,802.0,88.0,0,0,0.0,-4,4.0,0,2,0.0,2.1,0.0,0.0,1.5,416.0,49.0,0.0,0.0,449.0,52.0,303.0,34.0,240.0,47.0,376.0,48.0,,,,,,,,0.21,0.05,0.26,1.9,0.0,0.22,2.43,1.11,4.2,35,0,0,0,0,0,0,0,0,0,0,0,0,0,0,0,0,17,0.0,0.0,0.0,0.0,0.0,0.0,0.0,0.0,0.0,0,0,0,0
626,Callum,Marshall,Marshall,u,has joined VfL Bochum 1848 on loan for the rest of the season.,,4.3,613,86.0,0.5,269,42.0,0.0,550.0,56.0,0,0,0.0,-2,2.0,0,13,0.0,0.5,0.0,0.0,1.0,473.0,58.0,0.0,0.0,505.0,59.0,490.0,62.0,430.0,59.0,493.0,59.0,,,,,,,,0.2,0.0,0.2,2.41,0.0,0.0,3.1,0.0,4.66,35,0,0,0,0,0,0,0,0,0,0,0,0,0,0,0,0,93,0.0,0.0,0.0,0.0,0.0,0.0,0.0,0.0,0.0,0,0,0,0
659,Kyle,Walker-Peters,Walker-Peters,a,,,4.2,632,142.0,0.3,336,121.0,3.5,61.0,25.0,0,0,0.0,-3,3.0,12,13,0.8,11.0,2.5,3.5,2.2,311.0,115.0,,,253.0,99.0,259.0,72.0,269.0,76.0,287.0,93.0,,,,,,,,0.08,0.03,0.11,1.76,0.0,0.22,1.69,0.96,6.47,35,0,0,0,0,0,0,0,0,0,0,0,0,0,0,0,368,398,0.0,0.0,0.0,0.0,0.0,0.0,0.0,0.0,0.0,0,0,0,0
671,Callum,Wilson,Wilson,a,,,5.8,102,29.0,0.5,266,40.0,1.5,191.0,24.0,0,0,0.0,-2,2.0,15,17,0.3,12.2,0.5,1.5,2.5,277.0,31.0,100.0,100.0,251.0,23.0,292.0,31.0,52.0,21.0,178.0,24.0,,,,,,,,0.58,0.03,0.61,1.61,0.0,0.08,1.68,0.84,3.12,35,0,0,0,0,0,0,0,0,0,0,0,0,0,0,0,390,401,0.0,0.0,0.0,0.0,0.0,0.0,0.0,0.0,0.0,0,0,0,0
679,Mads,Hermansen,Hermansen,a,,,4.2,639,34.0,0.8,211,26.0,3.8,47.0,3.0,0,0,0.0,-3,3.0,78,121,0.9,14.3,2.8,3.8,4.3,38.0,3.0,,,207.0,22.0,431.0,10.0,607.0,71.0,341.0,21.0,,,,,,,,0.0,0.0,0.0,1.23,3.07,0.43,1.5,1.0,0.0,35,0,0,0,0,0,0,0,0,0,0,0,0,0,0,0,3115,3968,0.0,0.0,0.0,0.0,0.0,0.0,0.0,0.0,0.0,0,0,0,0
708,Mateus Gonçalo,Espanha Fernandes,M.Fernandes,a,,,5.5,148,93.0,0.4,283,98.0,2.2,135.0,54.0,0,0,0.0,0,0.0,16,156,0.4,21.1,1.2,2.2,3.6,112.0,48.0,100.0,100.0,71.0,20.0,37.0,34.0,255.0,139.0,76.0,47.0,4.0,,,,,,,0.04,0.09,0.13,1.41,0.0,0.24,1.46,1.05,10.94,35,0,0,0,0,0,0,0,0,0,0,0,0,0,0,0,1486,2519,0.0,0.0,0.0,0.0,0.0,0.0,0.0,0.0,0.0,0,0,0,0
718,Soungoutou,Magassa,S.Magassa,a,,,5.0,277,171.0,0.0,661,262.0,0.2,345.0,158.0,0,0,0.0,0,0.0,0,1,0.0,8.2,-0.8,0.2,2.0,347.0,149.0,,,307.0,134.0,308.0,174.0,344.0,179.0,350.0,169.0,,,,,,,,0.04,0.03,0.07,1.76,0.0,0.19,2.14,1.02,11.7,35,0,0,0,0,0,0,0,0,0,0,0,0,0,0,0,11,25,0.0,0.0,0.0,0.0,0.0,0.0,0.0,0.0,0.0,0,0,0,0
738,Lukasz,Fabianski,Fabianski,a,,,4.5,407,21.0,0.0,624,80.0,0.0,595.0,88.0,0,0,0.0,0,0.0,6,5,0.0,0.0,-1.0,0.0,0.0,694.0,93.0,100.0,100.0,688.0,93.0,683.0,86.0,664.0,76.0,690.0,93.0,,,,,,,,0.0,0.0,0.0,0.0,0.0,0.0,0.0,0.0,0.0,35,0,0,0,0,0,0,0,0,0,0,0,0,0,0,0,64,48,0.0,0.0,0.0,0.0,0.0,0.0,0.0,0.0,0.0,0,0,0,0
747,Ezra,Mayers,Mayers,a,,,4.0,735,202.0,0.0,622,222.0,0.0,493.0,198.0,0,0,0.0,0,0.0,2,4,0.0,1.5,-1.0,0.0,1.0,464.0,169.0,,,455.0,166.0,379.0,135.0,422.0,159.0,444.0,160.0,,,,,,,,0.1,0.39,0.49,2.56,0.0,0.0,2.39,0.0,3.98,35,0,0,0,0,0,0,0,0,0,0,0,0,0,0,0,16,28,0.0,0.0,0.0,0.0,0.0,0.0,0.0,0.0,0.0,0,0,0,0
752,Airidas,Golambeckis,Golambeckis,a,,,4.0,745,212.0,0.0,639,229.0,0.0,502.0,207.0,0,0,0.0,0,0.0,1,3,0.0,0.0,-1.0,0.0,0.0,640.0,247.0,,,630.0,247.0,623.0,247.0,594.0,245.0,632.0,247.0,,,,,,,,0.0,0.0,0.0,0.0,0.0,0.0,0.0,0.0,0.0,35,0,0,0,0,0,0,0,0,0,0,0,0,0,0,0,36,39,0.0,0.0,0.0,0.0,0.0,0.0,0.0,0.0,0.0,0,0,0,0
758,Mohamadou,Kanté,Mohamadou Kanté,a,,,4.5,510,317.0,0.0,726,300.0,0.2,336.0,155.0,0,0,0.0,0,0.0,6,0,0.0,1.8,-0.8,0.2,0.9,512.0,238.0,,,461.0,205.0,420.0,208.0,410.0,200.0,465.0,209.0,,,,,,,,0.17,0.09,0.26,2.56,0.0,0.0,0.0,0.0,33.16,35,0,0,0,0,0,0,0,0,0,0,0,0,0,0,0,40,31,0.0,0.0,0.0,0.0,0.0,0.0,0.0,0.0,0.0,0,0,0,0
785,Pablo Felipe,Pereira de Jesus,Pablo,a,,,5.4,177,41.0,0.0,696,88.0,2.2,134.0,19.0,0,0,0.0,-1,1.0,6,5,0.4,3.9,1.2,2.2,2.1,334.0,37.0,100.0,100.0,400.0,46.0,285.0,30.0,312.0,53.0,373.0,47.0,,,,,,,,0.1,0.05,0.15,1.19,0.0,0.43,0.99,1.14,7.67,35,0,0,0,0,0,0,0,0,0,0,0,0,0,0,0,106,146,0.0,0.0,0.0,0.0,0.0,0.0,0.0,0.0,0.0,0,0,0,0
791,Valentín,Castellanos,Taty,a,,,5.5,142,35.0,0.2,363,58.0,3.5,64.0,11.0,0,0,0.0,0,0.0,19,137,0.6,8.2,2.5,3.5,3.2,178.0,17.0,,,291.0,30.0,225.0,23.0,73.0,27.0,201.0,27.0,,,,,,,,0.32,0.05,0.37,1.19,0.0,0.57,1.06,1.14,4.32,35,0,0,0,0,0,0,0,0,0,0,0,0,0,0,0,847,3555,0.0,0.0,0.0,0.0,0.0,0.0,0.0,0.0,0.0,0,0,0,0
802,Keiber,Lamadrid,Lamadrid,a,,,5.0,280,173.0,0.0,768,328.0,0.0,760.0,329.0,0,0,0.0,0,0.0,0,0,0.0,0.0,-1.0,0.0,0.0,804.0,355.0,,,803.0,354.0,801.0,354.0,796.0,352.0,803.0,354.0,,,,,,,,0.0,0.0,0.0,0.0,0.0,0.0,0.0,0.0,0.0,35,0,0,0,0,0,0,0,0,0,0,0,0,0,0,0,30,18,0.0,0.0,0.0,0.0,0.0,0.0,0.0,0.0,0.0,0,0,0,0
815,Axel,Disasi,Disasi,a,,,4.5,422,83.0,0.2,368,134.0,4.5,25.0,12.0,0,0,0.0,0,0.0,20,50,1.0,8.7,3.5,4.5,3.9,70.0,28.0,,,309.0,119.0,411.0,151.0,295.0,87.0,365.0,125.0,,,,,,,,0.11,0.0,0.11,1.18,0.0,0.5,1.0,1.0,7.0,35,0,0,0,0,0,0,0,0,0,0,0,0,0,0,0,845,1210,0.0,0.0,0.0,0.0,0.0,0.0,0.0,0.0,0.0,0,0,0,0
825,Finlay,Herrick,Herrick,a,,,4.0,722,66.0,0.0,804,92.0,0.0,480.0,77.0,0,0,0.0,0,0.0,1,3,0.0,0.0,-1.0,0.0,0.0,621.0,86.0,,,611.0,86.0,604.0,75.0,574.0,61.0,613.0,86.0,,,,,,,,0.0,0.0,0.0,0.0,0.0,0.0,0.0,0.0,0.0,35,0,0,0,0,0,0,0,0,0,0,0,0,0,0,0,32,20,0.0,0.0,0.0,0.0,0.0,0.0,0.0,0.0,0.0,0,0,0,0
627,Sam,Johnstone,Johnstone,i,Shoulder injury - Expected back 24 May,,4.4,527,25.0,0.1,439,63.0,0.0,559.0,86.0,0,0,0.0,-1,1.0,2,7,0.0,4.8,0.0,0.0,1.8,370.0,35.0,0.0,0.0,218.0,23.0,491.0,16.0,635.0,74.0,351.0,23.0,,,,,,,,0.0,0.0,0.0,1.55,3.25,0.0,2.0,1.0,0.0,35,0,0,0,0,0,0,0,0,0,0,0,0,0,0,0,33,94,0.0,0.0,0.0,0.0,0.0,0.0,0.0,0.0,0.0,0,0,0,0
628,José,Malheiro de Sá,José Sá,d,Ankle injury - 25% chance of playing,,4.2,631,31.0,1.2,184,22.0,0.8,255.0,20.0,0,0,0.0,-3,3.0,2,256,0.2,14.0,0.0,0.1,2.8,217.0,25.0,25.0,25.0,134.0,19.0,430.0,9.0,604.0,68.0,297.0,19.0,,,,,,,,0.0,0.0,0.0,1.56,2.57,0.19,1.67,1.0,0.0,35,0,0,0,0,0,0,0,0,0,0,0,0,0,0,0,1302,2925,0.0,0.0,0.0,0.0,0.0,0.0,0.0,0.0,0.0,0,0,0,0
629,Daniel,Bentley,Bentley,a,,,3.9,750,70.0,0.5,271,35.0,0.5,283.0,21.0,0,0,0.0,-1,1.0,3,8,0.1,0.5,-0.5,0.0,2.0,337.0,32.0,100.0,100.0,447.0,35.0,523.0,24.0,491.0,10.0,470.0,35.0,,,,,,,,0.0,0.0,0.0,2.82,3.0,0.0,3.0,1.0,0.0,35,0,0,0,0,0,0,0,0,0,0,0,0,0,0,0,695,514,0.0,0.0,0.0,0.0,0.0,0.0,0.0,0.0,0.0,0,0,0,0
631,Emmanuel,Agbadou,Agbadou,u,has joined Besiktas permanently.,,4.2,643,150.0,0.1,463,171.0,0.0,519.0,218.0,0,0,0.0,-3,3.0,0,1,0.0,5.5,0.0,0.0,1.6,403.0,149.0,0.0,0.0,215.0,85.0,314.0,103.0,301.0,90.0,292.0,96.0,,,,,,,,0.05,0.03,0.08,1.49,0.0,0.0,2.37,0.98,10.23,35,0,0,0,0,0,0,0,0,0,0,0,0,0,0,0,0,21,0.0,0.0,0.0,0.0,0.0,0.0,0.0,0.0,0.0,0,0,0,0
632,Matt,Doherty,Doherty,a,,,4.4,525,101.0,0.1,509,181.0,0.5,291.0,97.0,0,0,0.0,-1,1.0,2,1,0.1,3.2,-0.5,0.0,1.3,434.0,156.0,100.0,100.0,346.0,131.0,356.0,126.0,391.0,138.0,387.0,135.0,,,,,,,,0.01,0.02,0.03,1.62,0.0,0.11,1.72,1.26,7.56,35,0,0,0,0,0,0,0,0,0,0,0,0,0,0,0,134,35,0.0,0.0,0.0,0.0,0.0,0.0,0.0,0.0,0.0,0,0,0,0
633,Hugo,Bueno López,H.Bueno,a,,,4.3,599,137.0,0.2,381,139.0,0.8,257.0,85.0,0,0,0.0,-2,2.0,4,39,0.2,17.7,-0.2,0.3,2.5,270.0,103.0,100.0,100.0,94.0,40.0,26.0,2.0,204.0,50.0,65.0,11.0,1.0,,,,,,,0.03,0.13,0.16,1.56,0.0,0.16,1.67,0.97,6.74,35,0,0,0,0,0,0,0,0,0,0,0,0,0,0,0,972,1206,0.0,0.0,0.0,0.0,0.0,0.0,0.0,0.0,0.0,0,0,0,0
634,Yerson,Mosquera Valdelamar,Mosquera,a,,,4.3,605,138.0,0.1,513,183.0,0.0,542.0,227.0,0,0,0.0,-2,2.0,1,6,0.0,11.9,-1.0,-0.5,2.2,314.0,117.0,100.0,100.0,190.0,78.0,245.0,63.0,144.0,28.0,210.0,73.0,,,,,,,,0.08,0.03,0.11,1.6,0.0,0.2,1.72,1.01,8.91,35,0,0,0,0,0,0,0,0,0,0,0,0,0,0,0,66,152,0.0,0.0,0.0,0.0,0.0,0.0,0.0,0.0,0.0,0,0,0,0
635,Rodrigo,Martins Gomes,R.Gomes,a,,,4.4,549,118.0,0.1,520,187.0,1.8,159.0,60.0,0,0,0.0,-1,1.0,2,13,0.4,9.5,0.8,1.3,2.3,300.0,112.0,100.0,100.0,313.0,121.0,330.0,111.0,165.0,35.0,306.0,103.0,,,,,,,,0.23,0.04,0.27,1.38,0.0,0.12,1.87,0.87,4.49,35,0,0,0,0,0,0,0,0,0,0,0,0,0,0,0,407,178,0.0,0.0,0.0,0.0,0.0,0.0,0.0,0.0,0.0,0,0,0,0
636,Santiago,Ignacio Bueno,S.Bueno,a,,,4.4,538,111.0,0.1,431,161.0,1.2,199.0,70.0,0,0,0.0,-1,1.0,2,17,0.3,17.5,0.2,0.7,3.1,185.0,74.0,100.0,100.0,99.0,43.0,286.0,86.0,185.0,43.0,179.0,60.0,,,,,,,,0.07,0.04,0.11,1.6,0.0,0.16,1.68,0.99,7.68,35,0,0,0,0,0,0,0,0,0,0,0,0,0,0,0,1191,1047,0.0,0.0,0.0,0.0,0.0,0.0,0.0,0.0,0.0,0,0,0,0
637,Toti,Gomes,Toti,a,,,4.2,642,149.0,0.1,507,180.0,1.2,197.0,68.0,0,0,0.0,-3,3.0,4,3,0.3,7.9,0.2,0.7,2.1,325.0,119.0,100.0,100.0,229.0,91.0,312.0,102.0,355.0,117.0,318.0,107.0,,,,,,,,0.02,0.02,0.04,1.68,0.0,0.07,2.14,1.11,8.79,35,0,0,0,0,0,0,0,0,0,0,0,0,0,0,0,260,175,0.0,0.0,0.0,0.0,0.0,0.0,0.0,0.0,0.0,0,0,0,0
638,Ki-Jana,Hoever,Hoever,u,has joined Sheffield United on loan for the rest of the season.,,3.8,803,243.0,0.9,206,81.0,0.0,377.0,134.0,0,0,0.0,-2,2.0,0,13,0.0,2.6,0.0,0.0,1.2,443.0,157.0,0.0,0.0,378.0,142.0,301.0,96.0,406.0,150.0,389.0,136.0,,,,,,,,0.0,0.08,0.08,1.99,0.0,0.0,2.77,1.28,8.51,35,0,0,0,0,0,0,0,0,0,0,0,0,0,0,0,0,482,0.0,0.0,0.0,0.0,0.0,0.0,0.0,0.0,0.0,0,0,0,0
639,Bastien,Meupiyou Menadjou,Meupiyou,u,On loan to FC Alverca,,4.0,724,192.0,0.0,772,261.0,0.0,482.0,188.0,0,0,0.0,0,0.0,0,0,0.0,0.0,0.0,0.0,0.0,623.0,231.0,0.0,0.0,613.0,231.0,606.0,231.0,576.0,228.0,615.0,231.0,,,,,,,,0.0,0.0,0.0,0.0,0.0,0.0,0.0,0.0,0.0,35,0,0,0,0,0,0,0,0,0,0,0,0,0,0,0,0,1,0.0,0.0,0.0,0.0,0.0,0.0,0.0,0.0,0.0,0,0,0,0
640,Pedro,Cardoso de Lima,Pedro Lima,a,,,4.0,743,210.0,0.4,297,110.0,0.8,253.0,83.0,0,0,0.0,0,0.0,3,2,0.2,1.5,-0.2,0.3,1.2,445.0,159.0,100.0,100.0,462.0,168.0,404.0,147.0,417.0,155.0,462.0,166.0,,,,,,,,0.02,0.08,0.1,1.86,0.0,0.0,2.03,0.68,5.41,35,0,0,0,0,0,0,0,0,0,0,0,0,0,0,0,108,160,0.0,0.0,0.0,0.0,0.0,0.0,0.0,0.0,0.0,0,0,0,0
641,Alfie,Pond,Pond,u,has joined Crewe Alexandra on loan for the rest of the season.,,3.9,780,226.0,0.9,200,78.0,0.0,418.0,155.0,0,0,0.0,-1,1.0,0,19,0.0,0.0,0.0,0.0,0.0,569.0,205.0,0.0,0.0,558.0,204.0,546.0,204.0,514.0,199.0,560.0,204.0,,,,,,,,0.0,0.0,0.0,0.0,0.0,0.0,0.0,0.0,0.0,35,0,0,0,0,0,0,0,0,0,0,0,0,0,0,0,0,236,0.0,0.0,0.0,0.0,0.0,0.0,0.0,0.0,0.0,0,0,0,0
642,Hwang,Hee-chan,Hee Chan,a,,,5.6,124,77.0,0.1,464,160.0,0.8,274.0,128.0,0,0,0.0,-4,4.0,5,8,0.1,8.4,-0.2,0.3,2.0,348.0,150.0,100.0,100.0,345.0,156.0,222.0,143.0,218.0,119.0,307.0,151.0,,2.0,3.0,,,,,0.16,0.07,0.23,1.47,0.0,0.15,1.83,1.14,5.48,35,0,0,0,0,0,0,0,0,0,0,0,0,0,0,0,177,212,0.0,0.0,0.0,0.0,0.0,0.0,0.0,0.0,0.0,0,0,0,0
643,André,Trindade da Costa Neto,André,a,,,5.2,216,132.0,0.1,454,155.0,2.2,130.0,50.0,0,0,0.0,-3,3.0,6,35,0.4,16.5,1.2,1.7,2.8,225.0,90.0,100.0,100.0,173.0,64.0,150.0,100.0,352.0,181.0,220.0,105.0,,,,,,,,0.02,0.03,0.05,1.59,0.0,0.07,1.76,0.97,12.6,35,0,0,0,0,0,0,0,0,0,0,0,0,0,0,0,601,812,0.0,0.0,0.0,0.0,0.0,0.0,0.0,0.0,0.0,0,0,0,0
644,Jean-Ricner,Bellegarde,Bellegarde,a,,,5.1,232,140.0,0.0,589,222.0,0.8,271.0,125.0,0,0,0.0,-4,4.0,2,7,0.2,8.2,-0.2,0.3,1.8,380.0,161.0,100.0,100.0,302.0,131.0,200.0,131.0,222.0,122.0,280.0,142.0,,4.0,,,,,,0.08,0.07,0.15,1.71,0.0,0.22,2.17,1.12,7.54,35,0,0,0,0,0,0,0,0,0,0,0,0,0,0,0,71,181,0.0,0.0,0.0,0.0,0.0,0.0,0.0,0.0,0.0,0,0,0,0
645,Fer,López González,Fer López,u,has joined Celta Vigo on loan for the rest of the season.,,5.1,241,146.0,0.0,662,263.0,0.0,768.0,336.0,0,0,0.0,-4,4.0,0,0,0.0,2.4,0.0,0.0,1.3,441.0,197.0,0.0,0.0,443.0,196.0,340.0,183.0,354.0,183.0,415.0,190.0,,,,,,,,0.06,0.24,0.3,1.57,0.0,0.0,3.55,0.79,4.74,35,0,0,0,0,0,0,0,0,0,0,0,0,0,0,0,0,2,0.0,0.0,0.0,0.0,0.0,0.0,0.0,0.0,0.0,0,0,0,0
646,João Victor,Gomes da Silva,J.Gomes,a,,,5.3,192,121.0,0.4,300,105.0,1.8,166.0,70.0,0,0,0.0,-2,2.0,7,160,0.3,18.7,0.8,1.3,3.1,193.0,76.0,100.0,100.0,136.0,44.0,116.0,81.0,194.0,105.0,144.0,78.0,,3.0,,,,,,0.04,0.07,0.11,1.57,0.0,0.14,1.79,1.02,12.41,35,0,0,0,0,0,0,0,0,0,0,0,0,0,0,0,1497,2622,0.0,0.0,0.0,0.0,0.0,0.0,0.0,0.0,0.0,0,0,0,0
647,Gonçalo Manuel,Ganchinho Guedes,Guedes,u,Has joined Real Sociedad permanently.,,5.5,138,86.0,0.0,805,355.0,0.0,798.0,354.0,0,0,0.0,0,0.0,0,0,0.0,0.0,0.0,0.0,0.0,817.0,364.0,0.0,0.0,816.0,363.0,815.0,363.0,813.0,362.0,816.0,363.0,,,,,,,,0.0,0.0,0.0,0.0,0.0,0.0,0.0,0.0,0.0,35,0,0,0,0,0,0,0,0,0,0,0,0,0,0,0,0,0,0.0,0.0,0.0,0.0,0.0,0.0,0.0,0.0,0.0,0,0,0,0
648,Marshall,Munetsi,Munetsi,u,has joined Paris FC on loan for the rest of the season.,,5.3,190,120.0,0.0,630,243.0,0.0,777.0,340.0,0,0,0.0,-2,2.0,0,0,0.0,7.2,0.0,0.0,2.9,213.0,86.0,0.0,0.0,325.0,146.0,339.0,182.0,162.0,91.0,309.0,152.0,,,,,,,,0.17,0.04,0.21,1.38,0.0,0.0,1.96,0.93,8.26,35,0,0,0,0,0,0,0,0,0,0,0,0,0,0,0,0,4,0.0,0.0,0.0,0.0,0.0,0.0,0.0,0.0,0.0,0,0,0,0
649,Boubacar,Traoré,B.Traore,u,Has joined FC Metz on loan for the rest of the season.,,5.0,263,160.0,0.0,823,366.0,0.0,750.0,321.0,0,0,0.0,0,0.0,0,0,0.0,0.0,0.0,0.0,0.0,797.0,350.0,0.0,0.0,796.0,349.0,794.0,349.0,789.0,347.0,796.0,349.0,,,,,,,,0.0,0.0,0.0,0.0,0.0,0.0,0.0,0.0,0.0,35,0,0,0,0,0,0,0,0,0,0,0,0,0,0,0,0,0,0.0,0.0,0.0,0.0,0.0,0.0,0.0,0.0,0.0,0,0,0,0
650,Tawanda,Chirewa,Chirewa,u,has joined Barnsley on loan for the rest of the season.,,4.3,602,355.0,0.2,386,130.0,0.0,539.0,175.0,0,0,0.0,-2,2.0,0,3,0.0,0.5,0.0,0.0,1.0,470.0,204.0,0.0,0.0,492.0,224.0,486.0,235.0,619.0,230.0,503.0,228.0,,,,,,,,0.0,0.0,0.0,1.8,0.0,0.0,0.0,0.0,14.4,35,0,0,0,0,0,0,0,0,0,0,0,0,0,0,0,0,54,0.0,0.0,0.0,0.0,0.0,0.0,0.0,0.0,0.0,0,0,0,0
651,Tom,Edozie,Edozie,a,,,4.3,617,365.0,0.4,293,102.0,0.2,329.0,153.0,0,0,0.0,-2,2.0,6,20,0.0,1.6,-0.8,-0.3,3.5,121.0,55.0,,,436.0,191.0,484.0,233.0,382.0,192.0,449.0,201.0,,,,,,,,1.88,0.0,1.88,1.64,0.0,0.0,0.0,0.0,8.18,35,0,0,0,0,0,0,0,0,0,0,0,0,0,0,0,87,344,0.0,0.0,0.0,0.0,0.0,0.0,0.0,0.0,0.0,0,0,0,0
652,Enso,González Medina,Gonzalez,a,,,4.3,616,364.0,1.2,179,63.0,0.0,552.0,183.0,0,0,0.0,-2,2.0,14,25,0.0,0.0,-1.0,-0.5,0.0,665.0,253.0,,,655.0,243.0,651.0,248.0,628.0,237.0,657.0,245.0,,,,,,,,0.0,0.0,0.0,0.0,0.0,0.0,0.0,0.0,0.0,35,0,0,0,0,0,0,0,0,0,0,0,0,0,0,0,355,609,0.0,0.0,0.0,0.0,0.0,0.0,0.0,0.0,0.0,0,0,0,0
653,Joe,Hodge,Hodge,u,Signed by CD Tondela,,4.5,427,254.0,0.0,667,267.0,0.0,607.0,211.0,0,0,0.0,0,0.0,0,0,0.0,0.0,0.0,0.0,0.0,703.0,274.0,0.0,0.0,697.0,268.0,692.0,271.0,674.0,263.0,699.0,270.0,,,,,,,,0.0,0.0,0.0,0.0,0.0,0.0,0.0,0.0,0.0,35,0,0,0,0,0,0,0,0,0,0,0,0,0,0,0,0,1,0.0,0.0,0.0,0.0,0.0,0.0,0.0,0.0,0.0,0,0,0,0
655,Fábio,Soares Silva,Fábio Silva,u,has joined Borussia Dortmund permanently.,,4.9,326,61.0,0.2,404,61.0,0.0,731.0,78.0,0,0,0.0,-1,1.0,0,0,0.0,0.0,0.0,0.0,0.0,787.0,87.0,0.0,0.0,786.0,87.0,782.0,86.0,778.0,86.0,786.0,87.0,,,,,,,,0.0,0.0,0.0,0.0,0.0,0.0,0.0,0.0,0.0,35,0,0,0,0,0,0,0,0,0,0,0,0,0,0,0,0,6,0.0,0.0,0.0,0.0,0.0,0.0,0.0,0.0,0.0,0,0,0,0
656,Saša,Kalajdžić,Kalajdžić,u,has joined LASK on loan for the rest of the season.,,4.9,318,59.0,0.0,594,81.0,0.0,726.0,77.0,0,0,0.0,-1,1.0,0,0,0.0,0.2,0.0,0.0,1.0,496.0,60.0,0.0,0.0,508.0,62.0,451.0,58.0,456.0,62.0,497.0,62.0,,,,,,,,0.0,0.06,0.06,0.64,0.0,0.0,0.0,0.0,12.86,35,0,0,0,0,0,0,0,0,0,0,0,0,0,0,0,0,2,0.0,0.0,0.0,0.0,0.0,0.0,0.0,0.0,0.0,0,0,0,0
657,Leon,Chiwome,Chiwome,a,,,4.4,569,82.0,0.0,628,83.0,0.0,588.0,64.0,0,0,0.0,-1,1.0,6,2,0.0,0.0,-1.0,-0.5,0.0,690.0,75.0,100.0,100.0,684.0,75.0,679.0,74.0,660.0,74.0,686.0,75.0,,,,,,,,0.0,0.0,0.0,0.0,0.0,0.0,0.0,0.0,0.0,35,0,0,0,0,0,0,0,0,0,0,0,0,0,0,0,50,55,0.0,0.0,0.0,0.0,0.0,0.0,0.0,0.0,0.0,0,0,0,0
658,Nathan,Fraser,Fraser,a,,,4.2,645,89.0,1.8,148,22.0,0.0,521.0,51.0,0,0,0.0,-3,3.0,60,60,0.0,0.0,-1.0,-0.5,0.0,650.0,64.0,,,641.0,64.0,635.0,63.0,610.0,63.0,643.0,64.0,,,,,,,,0.0,0.0,0.0,0.0,0.0,0.0,0.0,0.0,0.0,35,0,0,0,0,0,0,0,0,0,0,0,0,0,0,0,490,1238,0.0,0.0,0.0,0.0,0.0,0.0,0.0,0.0,0.0,0,0,0,0
663,Jhon,Arias,J.Arias,u,has joined Palmeiras permanently.,,4.9,314,195.0,0.1,449,153.0,0.0,723.0,300.0,0,0,0.0,-6,6.0,0,0,0.0,9.2,0.0,0.0,2.0,346.0,148.0,0.0,0.0,315.0,139.0,183.0,119.0,219.0,120.0,274.0,139.0,,,,,,,,0.27,0.05,0.32,1.29,0.0,0.16,1.69,1.13,10.07,35,0,0,0,0,0,0,0,0,0,0,0,0,0,0,0,0,21,0.0,0.0,0.0,0.0,0.0,0.0,0.0,0.0,0.0,0,0,0,0
682,David,Møller Wolfe,Møller Wolfe,a,,,4.2,640,147.0,0.1,555,197.0,0.2,322.0,106.0,0,0,0.0,-3,3.0,2,3,0.0,7.1,-0.8,-0.3,1.6,402.0,148.0,,,339.0,129.0,271.0,78.0,340.0,111.0,355.0,120.0,,,,,,,,0.01,0.11,0.12,1.87,0.0,0.11,2.14,0.96,4.61,35,0,0,0,0,0,0,0,0,0,0,0,0,0,0,0,19,26,0.0,0.0,0.0,0.0,0.0,0.0,0.0,0.0,0.0,0,0,0,0
695,Jackson,Tchatchoua,Tchatchoua,a,,,4.4,556,120.0,0.0,635,226.0,0.2,331.0,110.0,0,0,0.0,-1,1.0,1,1,0.0,11.8,-0.8,-0.3,1.7,393.0,145.0,,,209.0,81.0,95.0,23.0,309.0,95.0,195.0,67.0,,,,,,,,0.02,0.08,0.1,1.51,0.0,0.15,1.82,0.93,5.3,35,0,0,0,0,0,0,0,0,0,0,0,0,0,0,0,37,102,0.0,0.0,0.0,0.0,0.0,0.0,0.0,0.0,0.0,0,0,0,0
709,Ladislav,Krejcí,Krejčí,i,Neck - Expected back 09 May,,4.5,430,88.0,0.1,557,198.0,0.2,332.0,111.0,0,0,0.0,0,0.0,1,9,0.0,13.3,0.0,0.0,2.3,301.0,113.0,0.0,0.0,105.0,47.0,248.0,65.0,113.0,17.0,148.0,50.0,,,,,,,,0.09,0.06,0.15,1.56,0.0,0.12,1.8,1.02,7.4,35,0,0,0,0,0,0,0,0,0,0,0,0,0,0,0,41,286,0.0,0.0,0.0,0.0,0.0,0.0,0.0,0.0,0.0,0,0,0,0
720,Tolu,Arokodare,Tolu,a,,,5.2,214,49.0,0.1,453,64.0,0.5,305.0,40.0,0,0,0.0,-3,3.0,4,18,0.1,11.7,-0.5,0.0,2.1,332.0,35.0,,,271.0,26.0,206.0,20.0,42.0,17.0,154.0,21.0,,,5.0,,,,,0.33,0.03,0.36,1.54,0.0,0.21,1.91,0.85,5.11,35,0,0,0,0,0,0,0,0,0,0,0,0,0,0,0,245,754,0.0,0.0,0.0,0.0,0.0,0.0,0.0,0.0,0.0,0,0,0,0
749,Mateus,Mané,Mané,a,,,4.2,652,92.0,1.2,178,28.0,1.0,224.0,30.0,0,-1,1.0,-3,3.0,169,234,0.2,13.6,0.0,0.5,2.5,268.0,28.0,,,261.0,25.0,120.0,6.0,148.0,35.0,185.0,26.0,2.0,1.0,,,,,,0.1,0.13,0.23,1.7,0.0,0.31,1.55,0.93,6.64,35,0,0,0,0,0,0,0,0,0,0,0,0,0,0,0,2540,8898,0.0,0.0,0.0,0.0,0.0,0.0,0.0,0.0,0.0,0,0,0,0
766,Saheed,Olagunju,Olagunju,a,,,4.0,734,201.0,0.0,632,225.0,0.0,492.0,197.0,0,0,0.0,0,0.0,3,3,0.0,0.0,-1.0,-0.5,0.0,633.0,240.0,,,623.0,240.0,616.0,240.0,586.0,237.0,625.0,240.0,,,,,,,,0.0,0.0,0.0,0.0,0.0,0.0,0.0,0.0,0.0,35,0,0,0,0,0,0,0,0,0,0,0,0,0,0,0,101,113,0.0,0.0,0.0,0.0,0.0,0.0,0.0,0.0,0.0,0,0,0,0
767,Luke,Rawlings,Rawlings,a,,,4.5,498,307.0,0.0,765,326.0,0.0,668.0,261.0,0,0,0.0,0,0.0,0,2,0.0,0.0,-1.0,-0.5,0.0,751.0,315.0,,,749.0,313.0,742.0,313.0,729.0,309.0,749.0,313.0,,,,,,,,0.0,0.0,0.0,0.0,0.0,0.0,0.0,0.0,0.0,35,0,0,0,0,0,0,0,0,0,0,0,0,0,0,0,18,23,0.0,0.0,0.0,0.0,0.0,0.0,0.0,0.0,0.0,0,0,0,0
777,Temple,Ojinnaka,Ojinnaka,u,has joined Shrewsbury Town on loan for the rest of the season.,,4.5,455,272.0,0.0,812,359.0,0.0,628.0,228.0,0,0,0.0,0,0.0,0,0,0.0,0.0,0.0,0.0,0.0,719.0,289.0,0.0,0.0,714.0,284.0,709.0,286.0,693.0,279.0,715.0,285.0,,,,,,,,0.0,0.0,0.0,0.0,0.0,0.0,0.0,0.0,0.0,35,0,0,0,0,0,0,0,0,0,0,0,0,0,0,0,0,0,0.0,0.0,0.0,0.0,0.0,0.0,0.0,0.0,0.0,0,0,0,0
778,Ethan,Sutherland,Sutherland,a,,,4.5,490,301.0,0.0,754,320.0,0.0,660.0,255.0,0,0,0.0,0,0.0,2,1,0.0,0.0,-1.0,-0.5,0.0,744.0,310.0,,,742.0,308.0,735.0,308.0,722.0,304.0,742.0,308.0,,,,,,,,0.0,0.0,0.0,0.0,0.0,0.0,0.0,0.0,0.0,35,0,0,0,0,0,0,0,0,0,0,0,0,0,0,0,26,24,0.0,0.0,0.0,0.0,0.0,0.0,0.0,0.0,0.0,0,0,0,0
809,Jerome,Abbey,Abbey,a,,,4.5,521,324.0,0.0,738,309.0,0.0,689.0,277.0,0,0,0.0,0,0.0,3,3,0.0,0.0,-1.0,-0.5,0.0,768.0,328.0,,,767.0,327.0,760.0,327.0,748.0,324.0,767.0,327.0,,,,,,,,0.0,0.0,0.0,0.0,0.0,0.0,0.0,0.0,0.0,35,0,0,0,0,0,0,0,0,0,0,0,0,0,0,0,94,78,0.0,0.0,0.0,0.0,0.0,0.0,0.0,0.0,0.0,0,0,0,0
816,Angel,Gomes,Angel,a,,,4.6,398,247.0,0.0,730,303.0,0.8,261.0,118.0,0,0,0.0,-4,4.0,6,3,0.2,2.6,-0.2,0.3,1.3,436.0,192.0,100.0,100.0,428.0,185.0,327.0,178.0,383.0,193.0,410.0,187.0,,,,,,,,0.05,0.06,0.11,2.73,0.0,0.24,1.66,1.42,6.41,35,0,0,0,0,0,0,0,0,0,0,0,0,0,0,0,120,71,0.0,0.0,0.0,0.0,0.0,0.0,0.0,0.0,0.0,0,0,0,0
817,Adam,Armstrong,Armstrong,a,,,5.2,202,46.0,0.1,541,75.0,1.5,187.0,23.0,0,0,0.0,-3,3.0,6,19,0.3,5.0,0.5,1.0,2.6,259.0,26.0,,,380.0,43.0,323.0,38.0,268.0,48.0,363.0,45.0,,,,,,,,0.14,0.07,0.21,2.05,0.0,0.33,1.54,1.1,2.97,35,0,0,0,0,0,0,0,0,0,0,0,0,0,0,0,768,1057,0.0,0.0,0.0,0.0,0.0,0.0,0.0,0.0,0.0,0,0,0,0
828,Alfie,Brooks,Brooks,a,,,4.0,699,58.0,0.0,789,91.0,0.0,460.0,69.0,0,0,0.0,0,0.0,8,0,0.0,0.0,-1.0,-0.5,0.0,605.0,79.0,,,594.0,79.0,586.0,67.0,555.0,53.0,596.0,79.0,,,,,,,,0.0,0.0,0.0,0.0,0.0,0.0,0.0,0.0,0.0,35,0,0,0,0,0,0,0,0,0,0,0,0,0,0,0,82,22,0.0,0.0,0.0,0.0,0.0,0.0,0.0,0.0,0.0,0,0,0,0
