id,status,chance_of_playing_next_round,chance_of_playing_this_round,now_cost,now_cost_rank,now_cost_rank_type,cost_change_event,cost_change_event_fall,cost_change_start,cost_change_start_fall,selected_by_percent,selected_rank,selected_rank_type,total_points,event_points,points_per_game,points_per_game_rank,points_per_game_rank_type,bonus,bps,form,form_rank,form_rank_type,value_form,value_season,dreamteam_count,transfers_in,transfers_in_event,transfers_out,transfers_out_event,ep_next,ep_this,expected_goals,expected_assists,expected_goal_involvements,expected_goals_conceded,expected_goals_per_90,expected_assists_per_90,expected_goal_involvements_per_90,expected_goals_conceded_per_90,influence,influence_rank,influence_rank_type,creativity,creativity_rank,creativity_rank_type,threat,threat_rank,threat_rank_type,ict_index,ict_index_rank,ict_index_rank_type,corners_and_indirect_freekicks_order,direct_freekicks_order,penalties_order,gw,set_piece_threat,first_name,second_name,web_name,news,news_added,minutes,goals_scored,assists,clean_sheets,goals_conceded,own_goals,penalties_saved,penalties_missed,yellow_cards,red_cards,saves,starts,defensive_contribution,corners_and_indirect_freekicks_text,direct_freekicks_text,penalties_text,saves_per_90,clean_sheets_per_90,goals_conceded_per_90,starts_per_90,defensive_contribution_per_90,tackles,clearances_blocks_interceptions,recoveries
421,d,75.0,75.0,6.3,66,43.0,0,0.0,-2,2.0,0.5,275,96.0,62,0,3.1,195.0,76.0,5,323,1.2,231.0,106.0,0.2,9.8,0.0,72309,8,112027,177,2.5,1.3,0.79,2.33,3.12,18.75,0.05,0.15,0.2,1.19,341.8,200.0,81.0,392.5,79.0,61.0,102.0,272.0,147.0,83.8,167.0,87.0,,,,35,,Rodrigo 'Rodri',Hernandez Cascante,Rodrigo,Groin Injury - 75% chance of playing,,1420,1,0,5,14,0,0,0,2,0,0,16,194,,,,0.0,0.32,0.89,1.01,12.3,40,55,99
422,a,100.0,100.0,5.8,103,67.0,0,0.0,-2,2.0,0.0,676,272.0,2,0,1.0,511.0,237.0,0,7,0.2,366.0,168.0,0.0,0.3,0.0,2709,4,3515,6,1.4,0.7,0.0,0.03,0.03,0.62,0.0,0.21,0.21,4.29,4.4,484.0,219.0,3.6,456.0,218.0,0.0,818.0,364.0,0.8,495.0,226.0,,,,35,,Mateo,Kovačić,Kovačić,,,13,0,0,0,0,0,0,0,0,0,0,0,0,,,,0.0,0.0,0.0,0.0,0.0,0,0,0
672,a,100.0,100.0,4.6,404,71.0,0,0.0,-4,4.0,0.2,392,146.0,15,0,0.8,522.0,179.0,0,70,0.8,277.0,91.0,0.2,3.3,0.0,20971,26,43155,37,0.3,0.8,0.3,0.52,0.82,14.84,0.03,0.05,0.08,1.47,185.4,304.0,118.0,100.4,287.0,87.0,32.0,365.0,123.0,31.7,350.0,118.0,,,,35,,Jorrel,Hato,Hato,,,908,0,0,0,23,0,0,0,5,0,0,9,84,,,,0.0,0.0,2.28,0.89,7.83,30,49,42
789,a,,,4.0,715,64.0,0,0.0,0,0.0,0.0,753,86.0,0,0,0.0,617.0,84.0,0,0,0.0,482.0,75.0,0.0,0.0,0.0,508,2,411,1,-0.5,0.0,0.0,0.0,0.0,0.0,0.0,0.0,0.0,0.0,0.0,606.0,84.0,0.0,599.0,73.0,0.0,567.0,59.0,0.0,608.0,84.0,,,,35,,Max,Merrick,Merrick,,,0,0,0,0,0,0,0,0,0,0,0,0,0,,,,0.0,0.0,0.0,0.0,0.0,0,0,0
803,a,,,4.0,708,60.0,0,0.0,0,0.0,0.0,773,90.0,0,0,0.0,613.0,81.0,0,0,0.0,476.0,71.0,0.0,0.0,0.0,261,3,203,1,-0.5,0.0,0.0,0.0,0.0,0.0,0.0,0.0,0.0,0.0,0.0,602.0,81.0,0.0,594.0,69.0,0.0,562.0,55.0,0.0,604.0,81.0,,,,35,,Teddy,Sharman-Lowe,Sharman-Lowe,,,0,0,0,0,0,0,0,0,0,0,0,0,0,,,,0.0,0.0,0.0,0.0,0.0,0,0,0
423,a,100.0,100.0,5.9,97,63.0,0,0.0,-1,1.0,0.1,473,164.0,57,0,2.5,277.0,115.0,1,305,0.5,326.0,152.0,0.1,9.7,0.0,28460,25,31743,9,2.0,1.0,0.58,1.02,1.6,16.97,0.04,0.07,0.11,1.09,285.8,234.0,101.0,200.9,188.0,123.0,65.0,318.0,166.0,55.1,266.0,134.0,,,,35,,Nico,González Iglesias,N.Gonzalez,,,1397,1,0,7,14,0,0,0,6,0,0,15,187,,,,0.0,0.45,0.9,0.97,12.05,38,68,81
425,u,0.0,0.0,5.4,179,113.0,0,0.0,-1,1.0,0.0,749,317.0,0,0,0.0,817.0,363.0,0,0,0.0,796.0,352.0,0.0,0.0,0.0,194,0,3239,0,0.0,0.0,0.0,0.0,0.0,0.0,0.0,0.0,0.0,0.0,0.0,816.0,362.0,0.0,815.0,362.0,0.0,813.0,361.0,0.0,816.0,362.0,,,,35,,Claudio,Echeverri,Echeverri,has joined Girona on loan for the rest of the season.,,0,0,0,0,0,0,0,0,0,0,0,0,0,,,,0.0,0.0,0.0,0.0,0.0,0,0,0
427,a,,,5.0,258,157.0,0,0.0,-5,5.0,9.0,44,15.0,86,0,3.3,154.0,63.0,6,325,0.0,749.0,319.0,0.0,17.2,0.0,3560091,152,5022571,653,1.0,0.5,3.96,2.27,6.23,17.28,0.24,0.14,0.38,1.05,339.4,201.0,82.0,340.0,103.0,73.0,394.0,72.0,43.0,106.5,107.0,63.0,4.0,3.0,,35,,Tijjani,Reijnders,Reijnders,,,1488,5,2,7,16,0,0,0,2,0,0,17,95,,,,0.0,0.42,0.97,1.03,5.75,10,31,54
428,a,100.0,100.0,5.0,279,172.0,0,0.0,0,0.0,0.0,712,291.0,0,0,0.0,804.0,354.0,0,0,0.0,760.0,328.0,0.0,0.0,0.0,283,0,2668,1,1.0,0.5,0.0,0.0,0.0,0.0,0.0,0.0,0.0,0.0,0.0,803.0,353.0,0.0,801.0,353.0,0.0,796.0,351.0,0.0,803.0,353.0,,,,35,,Sverre,Nypan,Nypan,,,0,0,0,0,0,0,0,0,0,0,0,0,0,,,,0.0,0.0,0.0,0.0,0.0,0,0,0
764,a,,,4.5,488,299.0,0,0.0,0,0.0,0.0,794,348.0,0,0,0.0,745.0,309.0,0,0,0.0,663.0,254.0,0.0,0.0,0.0,306,1,244,2,1.0,0.5,0.0,0.0,0.0,0.0,0.0,0.0,0.0,0.0,0.0,742.0,307.0,0.0,735.0,307.0,0.0,721.0,302.0,0.0,742.0,307.0,,,,35,,Reigan,Heskey,Heskey,,,0,0,0,0,0,0,0,0,0,0,0,0,0,,,,0.0,0.0,0.0,0.0,0.0,0,0,0
794,a,100.0,100.0,3.9,779,225.0,0,0.0,-6,6.0,0.0,745,256.0,5,0,2.5,265.0,101.0,0,27,0.0,426.0,160.0,0.0,1.3,0.0,5383,3,4977,5,1.0,0.5,0.26,0.06,0.32,1.54,0.17,0.04,0.21,1.03,34.0,438.0,161.0,14.8,414.0,152.0,26.0,376.0,129.0,7.5,439.0,158.0,,,,35,,Max,Alleyne,Alleyne,,,135,0,0,0,1,0,0,0,0,0,0,2,11,,,,0.0,0.0,0.67,1.33,7.33,3,8,4
435,a,,,3.9,770,83.0,0,0.0,-1,1.0,0.1,490,73.0,0,0,0.0,563.0,53.0,0,0,0.0,419.0,41.0,0.0,0.0,0.0,5708,4,9292,8,0.5,0.0,0.0,0.0,0.0,0.0,0.0,0.0,0.0,0.0,0.0,551.0,53.0,0.0,538.0,36.0,0.0,505.0,22.0,0.0,553.0,53.0,,,,35,,Dermot,Mee,Mee,,,0,0,0,0,0,0,0,0,0,0,0,0,0,,,,0.0,0.0,0.0,0.0,0.0,0,0,0
282,u,0.0,0.0,4.5,479,293.0,0,0.0,0,0.0,0.0,714,293.0,0,0,0.0,740.0,306.0,0,0,0.0,654.0,248.0,0.0,0.0,0.0,860,0,3075,0,0.0,0.0,0.0,0.0,0.0,0.0,0.0,0.0,0.0,0.0,0.0,736.0,303.0,0.0,730.0,304.0,0.0,715.0,298.0,0.0,737.0,304.0,,,,35,,Franco,Umeh-Chibueze,Umeh,has joined Portsmouth permanently.,,0,0,0,0,0,0,0,0,0,0,0,0,0,,,,0.0,0.0,0.0,0.0,0.0,0,0,0
283,a,100.0,100.0,7.6,21,7.0,0,0.0,1,-1.0,7.8,51,9.0,100,0,3.7,105.0,10.0,12,337,3.8,76.0,12.0,0.5,13.2,0.0,4966701,25701,5199991,1077,7.1,3.8,13.37,1.28,14.65,27.88,0.58,0.06,0.64,1.22,491.6,115.0,11.0,134.3,248.0,29.0,742.0,16.0,10.0,136.2,60.0,13.0,,,2.0,35,,Jean-Philippe,Mateta,Mateta,,,2059,10,0,8,25,0,0,0,2,0,0,24,121,,,,0.0,0.35,1.09,1.05,5.29,9,55,57
285,u,0.0,0.0,5.0,247,53.0,0,0.0,0,0.0,0.2,375,59.0,1,0,1.0,503.0,62.0,0,6,0.0,745.0,80.0,0.0,0.2,0.0,9044,0,89677,3,0.0,0.0,0.0,0.0,0.0,0.27,0.0,0.0,0.0,12.15,2.0,498.0,57.0,0.0,791.0,88.0,0.0,786.0,88.0,0.2,511.0,63.0,,,,35,,Odsonne,Édouard,Édouard,has joined RC Lens permanently.,,2,0,0,0,0,0,0,0,0,0,0,0,1,,,,0.0,0.0,0.0,0.0,45.0,1,0,0
707,a,,,5.3,196,122.0,0,0.0,-2,2.0,0.0,647,252.0,18,0,1.3,442.0,198.0,0,49,0.0,779.0,341.0,0.0,3.4,0.0,7969,1,7579,2,0.0,-0.5,0.2,0.14,0.34,6.65,0.05,0.04,0.09,1.71,46.0,424.0,184.0,61.0,343.0,184.0,32.0,367.0,188.0,13.6,409.0,185.0,,,,35,,Tyler,Dibling,Dibling,,,349,0,0,2,2,0,0,0,2,0,0,4,40,,,,0.0,0.52,0.52,1.03,10.32,7,11,22
728,a,100.0,100.0,5.0,275,169.0,0,0.0,0,0.0,0.0,706,286.0,18,0,1.5,415.0,179.0,0,48,0.0,757.0,326.0,0.0,3.6,0.0,1655,2,1768,3,0.0,-0.5,0.5,0.21,0.71,8.22,0.13,0.05,0.18,2.07,67.6,404.0,177.0,66.2,333.0,180.0,32.0,366.0,187.0,16.6,400.0,183.0,,,,35,,Merlin,Röhl,Röhl,,,358,0,0,2,6,0,0,0,0,0,0,2,48,,,,0.0,0.5,1.51,0.5,12.07,18,10,20
779,a,,,4.5,509,72.0,0,0.0,0,0.0,0.0,614,82.0,0,0,0.0,762.0,83.0,0,0,0.0,683.0,73.0,0.0,0.0,0.0,5705,16,3403,19,0.0,-0.5,0.0,0.0,0.0,0.0,0.0,0.0,0.0,0.0,0.0,761.0,83.0,0.0,754.0,82.0,0.0,740.0,82.0,0.0,761.0,83.0,,,,35,,Braiden,Graham,Graham,,,0,0,0,0,0,0,0,0,0,0,0,0,0,,,,0.0,0.0,0.0,0.0,0.0,0,0,0
314,a,,,4.9,286,10.0,0,0.0,-1,1.0,1.9,140,18.0,111,3,3.2,168.0,19.0,8,494,5.5,17.0,1.0,1.1,22.7,0.0,335937,1587,306911,385,5.5,4.5,0.0,0.0,0.0,49.96,0.0,0.0,0.0,1.43,748.0,26.0,8.0,0.0,771.0,92.0,0.0,766.0,90.0,74.6,198.0,8.0,,,,35,,Bernd,Leno,Leno,,,3150,0,0,8,49,1,0,0,3,0,91,35,107,,,,2.6,0.23,1.4,1.0,0.0,4,45,289
315,u,0.0,0.0,4.0,684,49.0,0,0.0,0,0.0,0.0,766,89.0,0,0,0.0,594.0,70.0,0,0,0.0,455.0,60.0,0.0,0.0,0.0,577,0,922,2,0.0,0.0,0.0,0.0,0.0,0.0,0.0,0.0,0.0,0.0,0.0,582.0,70.0,0.0,574.0,58.0,0.0,542.0,44.0,0.0,584.0,70.0,,,,35,,Steven,Benda,Benda,has joined Feyenoord on loan for the rest of the season.,,0,0,0,0,0,0,0,0,0,0,0,0,0,,,,0.0,0.0,0.0,0.0,0.0,0,0,0
316,a,100.0,100.0,4.9,294,45.0,0,0.0,-1,1.0,0.8,216,85.0,46,1,2.4,287.0,107.0,4,205,1.5,202.0,75.0,0.3,9.4,0.0,189102,151,212180,250,1.5,0.5,0.24,1.35,1.59,21.35,0.02,0.1,0.12,1.58,282.0,239.0,94.0,290.8,133.0,33.0,46.0,342.0,113.0,61.9,242.0,83.0,,,,35,,Antonee,Robinson,Robinson,,,1217,0,0,3,17,0,0,0,3,0,0,14,112,,,,0.0,0.22,1.26,1.04,8.21,40,71,77
444,a,100.0,100.0,4.1,660,158.0,0,0.0,-4,4.0,1.2,177,68.0,54,0,1.8,366.0,134.0,1,183,1.0,240.0,81.0,0.2,13.2,0.0,227989,69,321257,137,1.5,1.0,1.34,0.59,1.93,26.52,0.07,0.03,0.1,1.39,319.0,213.0,83.0,82.8,312.0,101.0,124.0,249.0,65.0,52.4,273.0,87.0,,,,35,,Leny,Yoro,Yoro,,,1713,0,1,2,33,0,0,0,1,0,0,18,174,,,,0.0,0.11,1.73,0.95,7.99,29,123,73
445,u,0.0,0.0,4.0,727,195.0,0,0.0,0,0.0,0.1,548,193.0,0,0,0.0,628.0,234.0,0,0,0.0,494.0,196.0,0.0,0.0,0.0,1160,0,14599,3,0.0,0.0,0.0,0.0,0.0,0.0,0.0,0.0,0.0,0.0,0.0,617.0,234.0,0.0,610.0,234.0,0.0,579.0,231.0,0.0,619.0,234.0,,,,35,,Harry,Amass,Amass,has joined Norwich City on loan for the rest of the season.,,0,0,0,0,0,0,0,0,0,0,0,0,0,,,,0.0,0.0,0.0,0.0,0.0,0,0,0
446,a,,,3.7,827,264.0,0,0.0,-3,3.0,0.2,416,154.0,1,0,1.0,457.0,164.0,0,4,0.0,375.0,130.0,0.0,0.3,0.0,13868,38,16550,25,0.5,0.0,0.0,0.0,0.0,0.3,0.0,0.0,0.0,13.5,4.0,486.0,173.0,0.0,500.0,182.0,0.0,466.0,176.0,0.4,502.0,176.0,,,,35,,Tyler,Fredricson,Fredricson,,,2,0,0,0,0,0,0,0,0,0,0,0,2,,,,0.0,0.0,0.0,0.0,90.0,0,2,0
447,a,100.0,100.0,3.7,830,267.0,0,0.0,-3,3.0,2.4,127,50.0,41,0,2.6,249.0,97.0,3,154,3.2,87.0,38.0,0.9,11.1,0.0,554304,1983,438951,555,3.7,3.2,0.34,0.18,0.52,11.06,0.04,0.02,0.06,1.2,221.0,273.0,111.0,28.3,392.0,142.0,26.0,375.0,128.0,27.5,368.0,126.0,,,,35,,Ayden,Heaven,Heaven,,,830,0,1,2,13,1,0,0,2,0,0,10,88,,,,0.0,0.22,1.41,1.08,9.43,19,68,35
448,a,,,3.7,824,261.0,0,0.0,-3,3.0,0.5,277,104.0,2,0,1.0,456.0,163.0,0,2,0.0,372.0,127.0,0.0,0.5,0.0,70708,506,64094,140,0.5,0.0,0.0,0.0,0.0,0.35,0.0,0.0,0.0,4.5,3.6,489.0,174.0,0.5,481.0,174.0,0.0,463.0,173.0,0.4,501.0,175.0,,,,35,,Tyrell,Malacia,Malacia,,,7,0,0,0,1,0,0,0,0,0,0,0,2,,,,0.0,0.0,12.86,0.0,25.71,1,1,2
449,a,100.0,100.0,10.4,4,3.0,0,0.0,14,-14.0,47.2,3,2.0,204,0,6.6,3.0,1.0,36,874,3.8,77.0,24.0,0.4,19.6,0.0,8982001,6468,5722838,5970,4.3,3.8,10.38,10.21,20.59,39.61,0.35,0.34,0.69,1.32,1128.2,1.0,1.0,1655.4,1.0,1.0,523.0,36.0,19.0,330.9,1.0,1.0,1.0,1.0,1.0,35,,Bruno,Borges Fernandes,B.Fernandes,,,2705,8,20,5,42,0,0,2,4,0,0,31,260,,,,0.0,0.17,1.4,1.03,8.65,49,61,150
450,d,75.0,75.0,8.1,14,9.0,0,0.0,1,-1.0,7.8,50,17.0,125,0,4.2,50.0,23.0,12,506,2.0,177.0,76.0,0.2,15.4,0.0,3470272,204,3517583,13772,1.9,1.5,6.16,2.73,8.89,31.99,0.25,0.11,0.36,1.29,577.2,66.0,21.0,464.0,54.0,46.0,696.0,22.0,9.0,174.0,28.0,22.0,,,,35,,Matheus,Santos Carneiro da Cunha,Cunha,Hip injury - 75% chance of playing,,2238,8,4,7,31,0,0,0,3,0,0,26,187,,,,0.0,0.28,1.25,1.05,7.52,35,40,112
451,u,0.0,0.0,7.0,35,20.0,0,0.0,0,0.0,0.0,715,294.0,0,0,0.0,829.0,371.0,0,0,0.0,825.0,370.0,0.0,0.0,0.0,0,0,2154,0,0.0,0.0,0.0,0.0,0.0,0.0,0.0,0.0,0.0,0.0,0.0,829.0,371.0,0.0,829.0,371.0,0.0,829.0,371.0,0.0,829.0,371.0,,,,35,,Marcus,Rashford,Rashford,Has joined Barcelona on loan for the rest of the season,,0,0,0,0,0,0,0,0,0,0,0,0,0,,,,0.0,0.0,0.0,0.0,0.0,0,0,0
454,u,0.0,0.0,5.9,98,64.0,0,0.0,-1,1.0,0.1,574,215.0,0,0,0.0,822.0,367.0,0,0,0.0,810.0,360.0,0.0,0.0,0.0,1511,0,10752,1,0.0,0.0,0.0,0.0,0.0,0.0,0.0,0.0,0.0,0.0,0.0,822.0,367.0,0.0,822.0,367.0,0.0,821.0,367.0,0.0,822.0,367.0,,,,35,,Antony,dos Santos,Antony,has joined Real Betis permanently.,,0,0,0,0,0,0,0,0,0,0,0,0,0,,,,0.0,0.0,0.0,0.0,0.0,0,0,0
556,u,0.0,0.0,4.5,438,260.0,0,0.0,0,0.0,0.0,782,339.0,0,0,0.0,712.0,280.0,0,0,0.0,621.0,218.0,0.0,0.0,0.0,0,0,1811,0,0.0,0.0,0.0,0.0,0.0,0.0,0.0,0.0,0.0,0.0,0.0,705.0,274.0,0.0,701.0,277.0,0.0,683.0,269.0,0.0,707.0,276.0,,,,35,,Pierre,Ekwah Elimby,Ekwah,Has joined AS Saint-Etienne permanently.,,0,0,0,0,0,0,0,0,0,0,0,0,0,,,,0.0,0.0,0.0,0.0,0.0,0,0,0
557,a,,,4.3,610,359.0,0,0.0,-2,2.0,0.1,545,202.0,0,0,0.0,664.0,250.0,0,0,0.0,554.0,180.0,0.0,0.0,0.0,9351,4,11270,8,-0.5,0.5,0.0,0.0,0.0,0.0,0.0,0.0,0.0,0.0,0.0,653.0,240.0,0.0,649.0,245.0,0.0,625.0,233.0,0.0,655.0,242.0,,,,35,,Harrison,Jones,H.Jones,,,0,0,0,0,0,0,0,0,0,0,0,0,0,,,,0.0,0.0,0.0,0.0,0.0,0,0,0
558,u,0.0,0.0,4.3,601,354.0,0,0.0,-2,2.0,0.2,408,140.0,0,0,0.0,661.0,248.0,0,0,0.0,546.0,175.0,0.0,0.0,0.0,30710,0,46441,5,0.0,0.0,0.0,0.0,0.0,0.0,0.0,0.0,0.0,0.0,0.0,650.0,238.0,0.0,645.0,243.0,0.0,619.0,229.0,0.0,652.0,240.0,,,,35,,Jay,Matete,Matete,has joined MK Dons permanently.,,0,0,0,0,0,0,0,0,0,0,0,0,0,,,,0.0,0.0,0.0,0.0,0.0,0,0,0
559,u,0.0,0.0,4.4,552,330.0,0,0.0,-1,1.0,0.0,651,255.0,0,0,0.0,682.0,262.0,0,0,0.0,580.0,194.0,0.0,0.0,0.0,2951,0,8687,0,0.0,0.0,0.0,0.0,0.0,0.0,0.0,0.0,0.0,0.0,0.0,673.0,254.0,0.0,669.0,258.0,0.0,647.0,247.0,0.0,675.0,256.0,,,,35,,Nectarios,Triantis,Triantis,has joined Minnesota United permanently.,,0,0,0,0,0,0,0,0,0,0,0,0,0,,,,0.0,0.0,0.0,0.0,0.0,0,0,0
812,a,,,4.0,711,62.0,0,0.0,0,0.0,0.1,487,72.0,16,0,5.3,7.0,2.0,3,62,0.0,479.0,73.0,0.0,4.0,0.0,26961,19,15326,127,-0.5,0.5,0.0,0.02,0.02,4.1,0.0,0.01,0.01,1.37,73.6,400.0,29.0,0.0,597.0,71.0,0.0,565.0,57.0,7.4,441.0,29.0,,,,35,,Melker,Ellborg,Ellborg,,,270,0,0,1,2,0,0,0,0,0,10,3,0,,,,3.33,0.33,0.67,1.0,0.0,0,6,33
813,d,50.0,50.0,5.0,276,170.0,0,0.0,0,0.0,0.0,793,347.0,9,0,1.8,378.0,160.0,0,27,0.0,758.0,327.0,0.0,1.8,0.0,1098,1,887,3,-0.2,0.2,0.49,0.08,0.57,5.65,0.17,0.03,0.2,2.0,36.2,436.0,190.0,28.3,394.0,198.0,62.0,324.0,169.0,12.6,415.0,189.0,,,,35,,Nilson,Angulo,Angulo,Lack of match fitness - 50% chance of playing,,254,0,0,1,4,0,0,0,0,0,0,3,23,,,,0.0,0.35,1.42,1.06,8.15,7,10,6
459,a,,,4.7,386,240.0,0,0.0,-3,3.0,0.1,430,147.0,38,0,1.7,394.0,168.0,0,183,1.0,247.0,111.0,0.2,8.1,0.0,30575,7,39927,7,1.5,1.0,0.72,0.16,0.88,18.22,0.07,0.02,0.09,1.87,167.2,321.0,142.0,83.6,309.0,173.0,48.0,339.0,176.0,29.8,359.0,170.0,,,,35,,Manuel,Ugarte Ribeiro,Ugarte,,,876,0,0,1,23,0,0,0,1,0,0,8,142,,,,0.0,0.1,2.36,0.82,14.59,46,45,51
460,u,0.0,0.0,4.5,447,266.0,0,0.0,0,0.0,0.0,666,266.0,0,0,0.0,717.0,285.0,0,0,0.0,626.0,223.0,0.0,0.0,0.0,505,0,9692,1,0.0,0.0,0.0,0.0,0.0,0.0,0.0,0.0,0.0,0.0,0.0,710.0,279.0,0.0,706.0,282.0,0.0,689.0,274.0,0.0,712.0,281.0,,,,35,,Toby,Collyer,Collyer,has joined Hull City on loan for the rest of the season.,,0,0,0,0,0,0,0,0,0,0,0,0,0,,,,0.0,0.0,0.0,0.0,0.0,0,0,0
461,a,,,4.3,612,361.0,0,0.0,-2,2.0,0.0,603,229.0,0,0,0.0,666.0,252.0,0,0,0.0,556.0,182.0,0.0,0.0,0.0,3734,7,5283,2,0.5,0.0,0.0,0.0,0.0,0.0,0.0,0.0,0.0,0.0,0.0,655.0,242.0,0.0,651.0,247.0,0.0,627.0,235.0,0.0,657.0,244.0,,,,35,,Jayce,Fitzgerald,Fitzgerald,,,0,0,0,0,0,0,0,0,0,0,0,0,0,,,,0.0,0.0,0.0,0.0,0.0,0,0,0
462,a,,,4.3,609,358.0,0,0.0,-2,2.0,0.1,534,197.0,3,0,1.0,473.0,206.0,0,10,0.0,553.0,179.0,0.0,0.7,0.0,15430,7,14772,17,0.5,0.0,0.03,0.02,0.05,1.86,0.03,0.02,0.05,1.56,18.6,458.0,202.0,24.4,397.0,200.0,5.0,436.0,211.0,4.8,459.0,205.0,,,,35,,Jack,Fletcher,J.Fletcher,,,107,0,0,0,0,0,0,0,0,0,0,0,11,,,,0.0,0.0,0.0,0.0,9.25,5,2,4
463,u,0.0,0.0,4.3,621,368.0,0,0.0,-2,2.0,0.1,530,194.0,0,0,0.0,671.0,256.0,0,0,0.0,562.0,186.0,0.0,0.0,0.0,9069,0,13708,5,0.0,0.0,0.0,0.0,0.0,0.0,0.0,0.0,0.0,0.0,0.0,660.0,246.0,0.0,656.0,251.0,0.0,632.0,239.0,0.0,662.0,248.0,,,,35,,Sékou,Koné,Kone,has joined Lausanne-Sport on loan for the rest of the season.,,0,0,0,0,0,0,0,0,0,0,0,0,0,,,,0.0,0.0,0.0,0.0,0.0,0,0,0
195,a,100.0,100.0,3.8,817,255.0,0,0.0,-2,2.0,0.3,347,126.0,21,1,1.2,444.0,158.0,0,102,0.5,295.0,95.0,0.1,5.5,0.0,49067,13,43057,37,0.0,0.0,0.33,1.21,1.54,23.37,0.03,0.1,0.13,1.85,189.0,301.0,116.0,247.2,160.0,41.0,64.0,319.0,100.0,49.8,285.0,92.0,,,,35,,Lucas,Pires Silva,Lucas Pires,,,1135,0,0,1,26,0,0,0,0,1,0,12,75,,,,0.0,0.08,2.06,0.95,5.95,24,51,73
196,u,0.0,0.0,4.0,688,172.0,0,0.0,0,0.0,0.0,617,220.0,0,0,0.0,598.0,218.0,0,0,0.0,459.0,176.0,0.0,0.0,0.0,202,0,9717,0,0.0,0.0,0.0,0.0,0.0,0.0,0.0,0.0,0.0,0.0,0.0,586.0,217.0,0.0,578.0,217.0,0.0,546.0,213.0,0.0,588.0,217.0,,,,35,,Shurandy,Sambo,Sambo,has joined Sparta Rotterdam on loan for the rest of the season.,,0,0,0,0,0,0,0,0,0,0,0,0,0,,,,0.0,0.0,0.0,0.0,0.0,0,0,0
722,a,,,5.0,250,151.0,0,0.0,0,0.0,0.0,616,236.0,72,1,2.6,257.0,106.0,0,311,1.5,207.0,91.0,0.3,14.4,0.0,15147,3,13848,11,1.0,1.0,0.58,0.46,1.04,41.56,0.03,0.02,0.05,2.03,364.2,186.0,73.0,198.1,191.0,124.0,45.0,344.0,178.0,60.9,245.0,120.0,,,,35,,Florentino Ibrain,Morris Luís,Florentino,,,1847,0,2,2,41,0,0,0,6,0,0,22,272,,,,0.0,0.1,2.0,1.07,13.25,81,94,97
776,a,,,4.5,514,319.0,0,0.0,0,0.0,0.0,791,345.0,0,0,0.0,765.0,325.0,0,0,0.0,686.0,273.0,0.0,0.0,0.0,921,1,723,1,-0.5,-0.5,0.0,0.0,0.0,0.0,0.0,0.0,0.0,0.0,0.0,764.0,324.0,0.0,757.0,324.0,0.0,743.0,319.0,0.0,764.0,324.0,,,,35,,Oliver,Pimlott,Pimlott,,,0,0,0,0,0,0,0,0,0,0,0,0,0,,,,0.0,0.0,0.0,0.0,0.0,0,0,0
784,a,,,4.5,522,325.0,0,0.0,0,0.0,0.0,798,351.0,0,0,0.0,771.0,330.0,0,0,0.0,693.0,279.0,0.0,0.0,0.0,537,2,417,0,-0.5,-0.5,0.0,0.0,0.0,0.0,0.0,0.0,0.0,0.0,0.0,770.0,329.0,0.0,763.0,329.0,0.0,750.0,325.0,0.0,770.0,329.0,,,,35,,George,Brierley,Brierley,,,0,0,0,0,0,0,0,0,0,0,0,0,0,,,,0.0,0.0,0.0,0.0,0.0,0,0,0
820,a,,,4.5,513,318.0,0,0.0,0,0.0,0.0,816,362.0,0,0,0.0,764.0,324.0,0,0,0.0,685.0,272.0,0.0,0.0,0.0,190,4,92,2,-0.5,-0.5,0.0,0.0,0.0,0.0,0.0,0.0,0.0,0.0,0.0,763.0,323.0,0.0,756.0,323.0,0.0,742.0,318.0,0.0,763.0,323.0,,,,35,,Kian,McMahon-Brown,McMahon-Brown,,,0,0,0,0,0,0,0,0,0,0,0,0,0,,,,0.0,0.0,0.0,0.0,0.0,0,0,0
66,u,0.0,0.0,4.5,408,22.0,0,0.0,0,0.0,0.1,575,78.0,0,0,0.0,698.0,95.0,0,0,0.0,602.0,90.0,0.0,0.0,0.0,0,0,16638,0,0.0,0.0,0.0,0.0,0.0,0.0,0.0,0.0,0.0,0.0,0.0,691.0,95.0,0.0,686.0,88.0,0.0,666.0,78.0,0.0,693.0,95.0,,,,35,,Norberto,Murara Neto,Neto,Has joined Botafogo permanently.,,0,0,0,0,0,0,0,0,0,0,0,0,0,,,,0.0,0.0,0.0,0.0,0.0,0,0,0
782,a,,,4.0,665,39.0,0,0.0,0,0.0,0.0,656,81.0,0,0,0.0,582.0,64.0,0,0,0.0,440.0,52.0,0.0,0.0,0.0,3503,7,1470,5,0.0,0.0,0.0,0.0,0.0,0.0,0.0,0.0,0.0,0.0,0.0,570.0,64.0,0.0,558.0,48.0,0.0,526.0,34.0,0.0,572.0,64.0,,,,35,,Fraser,Forster,Forster,,,0,0,0,0,0,0,0,0,0,0,0,0,0,,,,0.0,0.0,0.0,0.0,0.0,0,0,0
773,a,,,4.0,745,211.0,0,0.0,0,0.0,0.0,700,247.0,0,0,0.0,642.0,246.0,0,0,0.0,511.0,211.0,0.0,0.0,0.0,889,6,746,5,-0.5,0.0,0.0,0.0,0.0,0.0,0.0,0.0,0.0,0.0,0.0,631.0,246.0,0.0,624.0,246.0,0.0,594.0,244.0,0.0,633.0,246.0,,,,35,,Dean,Benamar,Benamar,,,0,0,0,0,0,0,0,0,0,0,0,0,0,,,,0.0,0.0,0.0,0.0,0.0,0,0,0
780,a,,,4.5,511,73.0,0,0.0,0,0.0,0.0,654,85.0,0,0,0.0,763.0,84.0,0,0,0.0,684.0,74.0,0.0,0.0,0.0,3654,14,2188,12,-0.5,0.0,0.0,0.0,0.0,0.0,0.0,0.0,0.0,0.0,0.0,762.0,84.0,0.0,755.0,83.0,0.0,741.0,83.0,0.0,762.0,84.0,,,,35,,Ben,Casey,Casey,,,0,0,0,0,0,0,0,0,0,0,0,0,0,,,,0.0,0.0,0.0,0.0,0.0,0,0,0
793,a,,,4.0,733,200.0,0,0.0,0,0.0,0.0,682,241.0,0,0,0.0,634.0,239.0,0,0,0.0,500.0,201.0,0.0,0.0,0.0,1726,12,967,3,-0.5,0.0,0.0,0.0,0.0,0.0,0.0,0.0,0.0,0.0,0.0,623.0,239.0,0.0,616.0,239.0,0.0,585.0,236.0,0.0,625.0,239.0,,,,35,,George,King,King,,,0,0,0,0,0,0,0,0,0,0,0,0,0,,,,0.0,0.0,0.0,0.0,0.0,0,0,0
287,a,,,5.6,123,2.0,0,0.0,1,-1.0,13.1,28,3.0,128,0,3.8,86.0,11.0,11,515,0.5,323.0,24.0,0.1,22.9,0.0,1855001,1402,1653392,3536,0.5,0.0,0.0,0.16,0.16,50.32,0.0,0.0,0.0,1.48,798.2,16.0,4.0,10.3,427.0,6.0,2.0,460.0,3.0,81.1,174.0,5.0,,,,35,,Jordan,Pickford,Pickford,,,3060,0,0,11,41,0,1,0,4,0,92,34,97,,,,2.71,0.32,1.21,1.0,0.0,2,42,277
288,a,100.0,100.0,4.2,634,32.0,0,0.0,-3,3.0,0.1,460,67.0,0,0,0.0,649.0,91.0,0,0,0.0,524.0,83.0,0.0,0.0,0.0,5090,6,12729,9,0.0,-0.5,0.0,0.0,0.0,0.0,0.0,0.0,0.0,0.0,0.0,639.0,91.0,0.0,633.0,82.0,0.0,606.0,70.0,0.0,641.0,91.0,,,,35,,Mark,Travers,Travers,,,0,0,0,0,0,0,0,0,0,0,0,0,0,,,,0.0,0.0,0.0,0.0,0.0,0,0,0
289,u,0.0,0.0,3.9,768,82.0,0,0.0,-1,1.0,0.1,506,74.0,0,0,0.0,562.0,52.0,0,0,0.0,418.0,40.0,0.0,0.0,0.0,4633,0,10687,7,0.0,0.0,0.0,0.0,0.0,0.0,0.0,0.0,0.0,0.0,0.0,550.0,52.0,0.0,537.0,35.0,0.0,504.0,21.0,0.0,552.0,52.0,,,,35,,Harry,Tyrer,Tyrer,has joined Cardiff City permanently.,,0,0,0,0,0,0,0,0,0,0,0,0,0,,,,0.0,0.0,0.0,0.0,0.0,0,0,0
290,i,0.0,0.0,5.3,194,23.0,0,0.0,-2,2.0,0.3,306,113.0,32,0,3.2,177.0,72.0,0,108,1.8,187.0,70.0,0.3,6.0,0.0,72802,10,116138,578,0.0,0.0,0.34,0.11,0.45,9.43,0.05,0.01,0.06,1.25,175.0,312.0,120.0,42.8,369.0,133.0,75.0,306.0,92.0,29.3,360.0,122.0,,,,35,,Jarrad,Branthwaite,Branthwaite,Hamstring injury - Expected back 01 Jun,,678,1,1,1,9,0,0,0,1,0,0,7,67,,,,0.0,0.13,1.19,0.93,8.89,14,53,30
291,a,100.0,100.0,5.7,112,8.0,0,0.0,2,-2.0,11.7,33,10.0,149,0,4.5,32.0,13.0,9,554,1.8,188.0,71.0,0.3,26.1,0.0,2892317,2031,2264307,7347,1.8,1.3,2.21,1.53,3.74,47.62,0.07,0.05,0.12,1.44,851.4,10.0,4.0,209.2,180.0,47.0,318.0,92.0,10.0,138.2,55.0,8.0,,,,35,,James,Tarkowski,Tarkowski,,,2970,1,2,11,39,0,0,0,6,0,0,33,362,,,,0.0,0.33,1.18,1.0,10.18,42,294,79
292,a,100.0,100.0,4.9,310,50.0,0,0.0,-1,1.0,0.6,238,91.0,91,0,3.1,189.0,76.0,2,342,1.8,182.0,69.0,0.4,18.6,0.0,173783,129,195964,335,1.8,1.3,0.28,2.34,2.62,42.49,0.01,0.08,0.09,1.47,505.8,104.0,45.0,346.8,99.0,24.0,65.0,317.0,99.0,91.6,149.0,50.0,,,,35,,Vitalii,Mykolenko,Mykolenko,,,2599,0,1,9,38,1,0,0,5,0,0,29,231,,,,0.0,0.31,1.32,1.0,7.24,43,166,99
293,a,100.0,100.0,4.9,333,56.0,0,0.0,-1,1.0,0.7,233,89.0,108,0,3.3,153.0,60.0,2,370,1.5,204.0,76.0,0.3,22.0,0.0,193746,91,187074,300,1.5,1.0,0.94,0.96,1.9,47.77,0.03,0.03,0.06,1.54,529.2,92.0,40.0,258.7,154.0,39.0,134.0,237.0,61.0,92.5,147.0,48.0,,,,35,,Jake,O'Brien,O'Brien,,,2790,0,3,10,38,0,0,0,3,1,0,31,243,,,,0.0,0.32,1.23,1.0,6.94,52,163,106
294,a,100.0,100.0,4.2,627,140.0,0,0.0,-3,3.0,0.1,491,177.0,3,0,1.0,468.0,172.0,0,10,0.0,522.0,219.0,0.0,0.7,0.0,6949,8,18290,7,0.0,-0.5,0.0,0.0,0.0,0.24,0.0,0.0,0.0,1.96,0.0,638.0,251.0,0.1,490.0,176.0,0.0,602.0,249.0,0.0,640.0,251.0,,,,35,,Séamus,Coleman,Coleman,,,11,0,0,0,0,0,0,0,0,0,0,1,0,,,,0.0,0.0,0.0,8.18,0.0,0,0,1
295,a,100.0,100.0,4.5,411,75.0,0,0.0,0,0.0,2.7,119,47.0,120,0,4.1,52.0,20.0,8,384,0.5,307.0,102.0,0.1,26.7,0.0,1493483,274,1225060,1446,0.5,0.0,1.97,0.21,2.18,38.6,0.08,0.01,0.09,1.56,672.8,47.0,21.0,31.0,390.0,140.0,241.0,126.0,24.0,94.5,141.0,44.0,,,,35,,Michael,Keane,Keane,,,2228,3,0,7,33,0,0,0,0,1,0,25,296,,,,0.0,0.28,1.33,1.01,10.75,31,235,77
296,a,100.0,100.0,4.4,542,115.0,0,0.0,-1,1.0,0.0,635,226.0,21,0,3.5,121.0,42.0,0,68,0.0,574.0,237.0,0.0,4.8,0.0,6079,5,7321,9,0.0,-0.5,0.03,0.04,0.07,3.55,0.01,0.02,0.03,1.35,63.6,410.0,154.0,6.4,445.0,159.0,17.0,398.0,144.0,8.6,432.0,156.0,,,,35,,Nathan,Patterson,Patterson,,,237,0,0,2,1,0,0,0,0,0,0,3,30,,,,0.0,0.76,0.38,1.14,11.39,10,20,14
297,u,0.0,0.0,3.8,807,246.0,0,0.0,-2,2.0,0.2,411,151.0,0,0,0.0,540.0,192.0,0,0,0.0,389.0,142.0,0.0,0.0,0.0,9298,0,22488,12,0.0,0.0,0.0,0.0,0.0,0.0,0.0,0.0,0.0,0.0,0.0,528.0,191.0,0.0,510.0,190.0,0.0,476.0,184.0,0.0,530.0,191.0,,,,35,,Roman,Dixon,Dixon,has joined Stockport County on loan for the rest of the season.,,0,0,0,0,0,0,0,0,0,0,0,0,0,,,,0.0,0.0,0.0,0.0,0.0,0,0,0
298,a,,,3.8,805,244.0,0,0.0,-2,2.0,0.1,427,158.0,0,0,0.0,539.0,191.0,0,0,0.0,388.0,141.0,0.0,0.0,0.0,8532,7,15926,4,0.0,-0.5,0.0,0.0,0.0,0.0,0.0,0.0,0.0,0.0,0.0,527.0,190.0,0.0,509.0,189.0,0.0,475.0,183.0,0.0,529.0,190.0,,,,35,,Reece,Welch,Welch,,,0,0,0,0,0,0,0,0,0,0,0,0,0,,,,0.0,0.0,0.0,0.0,0.0,0,0,0
299,a,100.0,100.0,6.2,74,49.0,0,0.0,-3,3.0,4.4,87,29.0,120,0,4.3,41.0,18.0,7,508,2.0,176.0,75.0,0.3,19.4,0.0,1896474,937,2650581,2069,2.0,1.5,5.32,4.28,9.6,36.76,0.2,0.16,0.36,1.37,561.8,78.0,23.0,432.1,63.0,51.0,484.0,42.0,24.0,148.0,45.0,30.0,,,1.0,35,,Iliman,Ndiaye,Ndiaye,,,2421,6,3,8,35,0,0,0,2,0,0,28,260,,,,0.0,0.3,1.3,1.04,9.67,62,34,164
300,a,,,5.5,143,89.0,0,0.0,-5,5.0,0.1,420,145.0,52,0,2.5,274.0,113.0,1,183,1.5,211.0,93.0,0.3,9.5,0.0,36285,12,67256,35,1.5,1.0,1.37,1.91,3.28,18.61,0.11,0.15,0.26,1.45,140.4,342.0,153.0,241.6,162.0,108.0,138.0,231.0,127.0,52.1,275.0,140.0,2.0,,,35,,Dwight,McNeil,McNeil,,,1159,0,3,6,8,0,0,0,1,0,0,14,111,,,,0.0,0.47,0.62,1.09,8.62,23,26,62
797,a,100.0,100.0,4.5,493,69.0,0,0.0,0,0.0,0.0,704,89.0,1,1,1.0,492.0,59.0,0,2,0.2,350.0,47.0,0.0,0.2,0.0,2307,12,1658,5,-0.3,0.2,0.0,0.0,0.0,0.02,0.0,0.0,0.0,1.8,0.0,747.0,80.0,0.0,740.0,79.0,0.0,726.0,79.0,0.0,747.0,80.0,,,,35,,Kaye,Furo,Furo,,,1,0,0,0,0,0,0,0,0,0,0,0,0,,,,0.0,0.0,0.0,0.0,0.0,0,0,0
810,a,,,4.5,471,286.0,0,0.0,0,0.0,0.0,796,349.0,0,0,0.0,733.0,300.0,0,0,0.0,646.0,241.0,0.0,0.0,0.0,485,3,247,1,-0.5,0.0,0.0,0.0,0.0,0.0,0.0,0.0,0.0,0.0,0.0,729.0,297.0,0.0,723.0,298.0,0.0,707.0,291.0,0.0,730.0,298.0,,,,35,,Luka,Bentt,Bentt,,,0,0,0,0,0,0,0,0,0,0,0,0,0,,,,0.0,0.0,0.0,0.0,0.0,0,0,0
819,a,,,4.0,702,179.0,0,0.0,0,0.0,0.0,757,258.0,0,0,0.0,610.0,223.0,0,0,0.0,472.0,182.0,0.0,0.0,0.0,432,5,192,2,-0.5,0.0,0.0,0.0,0.0,0.0,0.0,0.0,0.0,0.0,0.0,598.0,222.0,0.0,590.0,222.0,0.0,558.0,218.0,0.0,600.0,222.0,,,,35,,Ollie,Shield,Shield,,,0,0,0,0,0,0,0,0,0,0,0,0,0,,,,0.0,0.0,0.0,0.0,0.0,0,0,0
823,a,,,4.0,747,213.0,0,0.0,0,0.0,0.0,800,266.0,0,0,0.0,644.0,248.0,0,0,0.0,513.0,213.0,0.0,0.0,0.0,105,2,52,3,-0.5,0.0,0.0,0.0,0.0,0.0,0.0,0.0,0.0,0.0,0.0,633.0,248.0,0.0,626.0,248.0,0.0,596.0,246.0,0.0,635.0,248.0,,,,35,,Joshua,Stephenson,Stephenson,,,0,0,0,0,0,0,0,0,0,0,0,0,0,,,,0.0,0.0,0.0,0.0,0.0,0,0,0
824,a,,,4.0,729,197.0,0,0.0,0,0.0,0.0,795,264.0,0,0,0.0,630.0,236.0,0,0,0.0,496.0,198.0,0.0,0.0,0.0,157,1,63,3,-0.5,0.0,0.0,0.0,0.0,0.0,0.0,0.0,0.0,0.0,0.0,619.0,236.0,0.0,612.0,236.0,0.0,581.0,233.0,0.0,621.0,236.0,,,,35,,Conor,McManus,McManus,,,0,0,0,0,0,0,0,0,0,0,0,0,0,,,,0.0,0.0,0.0,0.0,0.0,0,0,0
826,a,,,4.5,464,281.0,0,0.0,0,0.0,0.0,820,364.0,0,0,0.0,729.0,297.0,0,0,0.0,640.0,236.0,0.0,0.0,0.0,128,6,26,2,-0.5,0.0,0.0,0.0,0.0,0.0,0.0,0.0,0.0,0.0,0.0,723.0,292.0,0.0,718.0,294.0,0.0,701.0,286.0,0.0,724.0,293.0,,,,35,,Riley,Owen,Owen,,,0,0,0,0,0,0,0,0,0,0,0,0,0,,,,0.0,0.0,0.0,0.0,0.0,0,0,0
138,a,,,4.2,626,28.0,0,0.0,-3,3.0,0.2,357,50.0,0,0,0.0,648.0,90.0,0,0,0.0,521.0,81.0,0.0,0.0,0.0,11982,37,41361,18,1.0,0.5,0.0,0.0,0.0,0.0,0.0,0.0,0.0,0.0,0.0,637.0,90.0,0.0,631.0,80.0,0.0,601.0,66.0,0.0,639.0,90.0,,,,35,,Jason,Steele,Steele,,,0,0,0,0,0,0,0,0,0,0,0,0,0,,,,0.0,0.0,0.0,0.0,0.0,0,0,0
139,a,,,4.5,446,24.0,0,0.0,0,0.0,9.1,42,7.0,120,2,3.4,136.0,16.0,6,576,4.8,27.0,2.0,1.1,26.7,0.0,1341591,5718,1036025,973,5.8,5.3,0.0,0.06,0.06,46.61,0.0,0.0,0.0,1.33,875.8,8.0,2.0,10.0,433.0,11.0,0.0,688.0,80.0,88.7,154.0,2.0,,,,35,,Bart,Verbruggen,Verbruggen,,,3150,0,0,9,42,1,1,0,3,0,99,35,102,,,,2.83,0.26,1.2,1.0,0.0,1,30,305
140,a,,,3.9,761,79.0,0,0.0,-1,1.0,0.3,327,45.0,0,0,0.0,557.0,49.0,0,0,0.0,413.0,37.0,0.0,0.0,0.0,18738,6,30101,14,1.0,0.5,0.0,0.0,0.0,0.0,0.0,0.0,0.0,0.0,0.0,545.0,49.0,0.0,532.0,32.0,0.0,499.0,18.0,0.0,547.0,49.0,,,,35,,Tom,McGill,McGill,,,0,0,0,0,0,0,0,0,0,0,0,0,0,,,,0.0,0.0,0.0,0.0,0.0,0,0,0
760,a,,,4.0,717,187.0,0,0.0,0,0.0,0.0,680,240.0,0,0,0.0,619.0,227.0,0,0,0.0,484.0,188.0,0.0,0.0,0.0,1310,4,1190,4,0.5,0.0,0.0,0.0,0.0,0.0,0.0,0.0,0.0,0.0,0.0,608.0,227.0,0.0,601.0,227.0,0.0,569.0,223.0,0.0,610.0,227.0,,,,35,,Wellity,Lucky,Lucky,,,0,0,0,0,0,0,0,0,0,0,0,0,0,,,,0.0,0.0,0.0,0.0,0.0,0,0,0
146,a,100.0,100.0,4.5,409,73.0,0,0.0,0,0.0,0.9,209,83.0,83,1,2.8,216.0,85.0,3,388,0.2,345.0,117.0,0.0,18.4,0.0,168149,206,225761,71,1.2,0.7,1.3,0.51,1.81,39.31,0.05,0.02,0.07,1.38,573.4,70.0,32.0,108.6,277.0,81.0,154.0,213.0,55.0,83.8,166.0,55.0,,3.0,,35,,Lewis,Dunk,Dunk,,,2567,0,1,6,36,0,0,0,10,0,0,28,259,,,,0.0,0.21,1.26,0.98,7.61,33,184,120
142,u,0.0,0.0,4.0,683,48.0,0,0.0,0,0.0,0.0,813,95.0,0,0,0.0,593.0,69.0,0,0,0.0,454.0,59.0,0.0,0.0,0.0,0,0,208,0,0.0,0.0,0.0,0.0,0.0,0.0,0.0,0.0,0.0,0.0,0.0,581.0,69.0,0.0,573.0,57.0,0.0,541.0,43.0,0.0,583.0,69.0,,,,35,,Kjell,Scherpen,Scherpen,Has joined Union SG permanently,,0,0,0,0,0,0,0,0,0,0,0,0,0,,,,0.0,0.0,0.0,0.0,0.0,0,0,0
143,a,,,4.2,633,143.0,0,0.0,-3,3.0,0.2,417,155.0,39,1,3.2,163.0,66.0,4,171,4.5,32.0,14.0,1.1,9.3,0.0,20169,305,18164,41,5.5,5.0,0.05,0.48,0.53,10.96,0.01,0.05,0.06,1.23,214.4,281.0,115.0,82.1,313.0,102.0,12.0,409.0,153.0,30.9,354.0,119.0,3.0,,,35,,Olivier,Boscagli,Boscagli,,,799,0,1,3,10,0,0,0,2,0,0,9,78,,,,0.0,0.34,1.13,1.01,8.79,16,62,53
306,a,,,4.3,611,360.0,0,0.0,-2,2.0,0.1,497,178.0,0,0,0.0,665.0,251.0,0,0,0.0,555.0,181.0,0.0,0.0,0.0,15607,19,16702,21,0.0,-0.5,0.0,0.0,0.0,0.0,0.0,0.0,0.0,0.0,0.0,654.0,241.0,0.0,650.0,246.0,0.0,626.0,234.0,0.0,656.0,243.0,,,,35,,Callum,Bates,Bates,,,0,0,0,0,0,0,0,0,0,0,0,0,0,,,,0.0,0.0,0.0,0.0,0.0,0,0,0
830,a,,,4.5,519,75.0,0,0.0,0,0.0,0.0,817,93.0,0,0,0.0,768.0,85.0,0,0,0.0,690.0,75.0,0.0,0.0,0.0,102,16,11,1,0.5,0.0,0.0,0.0,0.0,0.0,0.0,0.0,0.0,0.0,0.0,767.0,85.0,0.0,760.0,84.0,0.0,747.0,84.0,0.0,767.0,85.0,,,,35,,Will,Wright,Wright,,,0,0,0,0,0,0,0,0,0,0,0,0,0,,,,0.0,0.0,0.0,0.0,0.0,0,0,0
82,a,100.0,100.0,8.1,15,10.0,-1,1.0,11,-11.0,50.2,2,1.0,181,0,5.7,5.0,2.0,17,602,1.8,193.0,84.0,0.2,22.3,0.0,12748551,13926,7905324,11666,4.6,2.3,10.54,2.67,13.2,43.94,0.33,0.08,0.41,1.4,816.8,12.0,3.0,538.4,39.0,36.0,922.0,5.0,1.0,227.6,5.0,3.0,,4.0,,35,,Antoine,Semenyo,Semenyo,,,2834,15,6,10,48,0,0,1,7,0,0,32,218,,,,0.0,0.32,1.52,1.02,6.92,42,43,133
182,a,,,4.5,431,23.0,0,0.0,-5,5.0,0.9,201,24.0,11,0,3.7,92.0,12.0,0,62,0.0,615.0,91.0,0.0,2.4,0.0,101093,20,275259,37,1.0,0.5,0.0,0.0,0.0,3.97,0.0,0.0,0.0,1.32,100.2,380.0,28.0,0.0,695.0,89.0,0.0,677.0,79.0,10.1,422.0,28.0,,,,35,,James,Trafford,Trafford,,,270,0,0,1,4,0,0,0,0,0,11,3,41,,,,3.67,0.33,1.33,1.0,0.0,2,6,33
260,a,100.0,100.0,5.1,229,33.0,0,0.0,6,-6.0,32.7,8,2.0,158,0,5.1,12.0,3.0,13,605,5.8,11.0,5.0,1.1,31.0,0.0,6539542,9472,4148187,5175,12.6,6.3,3.84,2.23,6.07,38.9,0.12,0.07,0.19,1.25,798.4,15.0,6.0,263.9,152.0,38.0,382.0,74.0,4.0,144.5,50.0,6.0,,,,35,,Marc,Guéhi,Guéhi,,,2790,3,4,12,31,0,0,0,6,0,0,31,285,,,,0.0,0.39,1.0,1.0,8.06,41,209,126
399,u,0.0,0.0,5.3,181,5.0,0,0.0,-2,2.0,0.8,213,27.0,0,0,0.0,808.0,97.0,0,0,0.0,776.0,96.0,0.0,0.0,0.0,15200,0,273873,16,0.0,0.0,0.0,0.0,0.0,0.0,0.0,0.0,0.0,0.0,0.0,807.0,97.0,0.0,806.0,96.0,0.0,803.0,94.0,0.0,807.0,97.0,,,,35,,Ederson,Santana de Moraes,Ederson M.,has joined Fenerbache permanently.,,0,0,0,0,0,0,0,0,0,0,0,0,0,,,,0.0,0.0,0.0,0.0,0.0,0,0,0
401,a,100.0,100.0,3.8,796,95.0,0,0.0,-2,2.0,0.4,295,39.0,0,0,0.0,535.0,40.0,0,0,0.0,381.0,26.0,0.0,0.0,0.0,70046,40,51686,312,1.0,0.5,0.0,0.0,0.0,0.0,0.0,0.0,0.0,0.0,0.0,523.0,40.0,0.0,505.0,19.0,0.0,471.0,5.0,0.0,525.0,40.0,,,,35,,Marcus,Bettinelli,Bettinelli,,,0,0,0,0,0,0,0,0,0,0,0,0,0,,,,0.0,0.0,0.0,0.0,0.0,0,0,0
402,a,100.0,100.0,5.7,117,11.0,0,0.0,-3,3.0,4.2,94,31.0,53,0,3.5,128.0,47.0,9,215,2.2,155.0,56.0,0.4,9.3,0.0,656662,511,2475819,630,5.4,2.7,0.48,1.74,2.22,11.22,0.05,0.18,0.23,1.16,184.6,305.0,119.0,184.3,196.0,52.0,70.0,310.0,94.0,43.9,306.0,103.0,,,,35,,Rayan,Aït-Nouri,Aït-Nouri,,,868,0,2,4,8,0,0,0,2,0,0,11,70,,,,0.0,0.41,0.83,1.14,6.43,31,31,46
403,i,0.0,0.0,5.8,109,7.0,0,0.0,-2,2.0,3.2,105,38.0,77,0,4.8,24.0,8.0,5,291,0.0,807.0,265.0,0.0,13.3,0.0,1374786,10,2198052,189,0.0,0.0,2.19,0.64,2.83,15.29,0.15,0.04,0.19,1.06,354.6,191.0,79.0,104.7,286.0,86.0,193.0,172.0,40.0,65.3,229.0,80.0,,,,35,,Joško,Gvardiol,Gvardiol,Leg injury - Unknown return date,,1301,2,2,6,13,0,0,0,2,0,0,15,115,,,,0.0,0.42,0.9,1.04,6.85,17,82,48
404,u,0.0,0.0,5.4,163,19.0,0,0.0,-1,1.0,0.3,349,127.0,0,0,0.0,811.0,267.0,0,0,0.0,787.0,261.0,0.0,0.0,0.0,9281,0,85708,5,0.0,0.0,0.0,0.0,0.0,0.0,0.0,0.0,0.0,0.0,0.0,810.0,267.0,0.0,809.0,267.0,0.0,807.0,267.0,0.0,810.0,267.0,,,,35,,Manuel,Akanji,Akanji,has joined Inter Milan on loan for the rest of the season.,,0,0,0,0,0,0,0,0,0,0,0,0,0,,,,0.0,0.0,0.0,0.0,0.0,0,0,0
405,a,,,5.2,201,27.0,0,0.0,-3,3.0,0.6,248,94.0,28,0,1.9,356.0,130.0,1,117,0.2,361.0,124.0,0.0,5.4,0.0,47155,31,89087,27,1.4,0.7,0.28,0.44,0.72,7.92,0.05,0.08,0.13,1.46,104.0,375.0,140.0,93.1,296.0,93.0,25.0,379.0,132.0,22.3,382.0,132.0,,,,35,,Nathan,Aké,Aké,,,488,0,0,2,7,0,0,0,1,0,0,4,42,,,,0.0,0.37,1.29,0.74,7.19,9,30,12
406,a,100.0,100.0,5.4,180,21.0,0,0.0,-1,1.0,0.7,237,90.0,56,0,3.1,193.0,78.0,3,249,5.2,21.0,8.0,1.0,10.4,0.0,100441,1533,85302,178,11.4,5.7,0.58,0.37,0.95,15.45,0.05,0.03,0.08,1.2,246.6,259.0,103.0,100.0,289.0,89.0,19.0,395.0,141.0,36.8,334.0,112.0,,,,35,,Abdukodir,Khusanov,Khusanov,,,1157,0,0,5,9,0,0,0,2,0,0,12,115,,,,0.0,0.39,0.7,0.93,8.25,23,83,60
407,a,100.0,100.0,5.3,193,22.0,0,0.0,-2,2.0,2.9,111,42.0,145,0,4.8,23.0,7.0,16,625,4.2,50.0,24.0,0.8,27.4,0.0,1036745,2113,751930,964,9.4,4.7,0.34,2.12,2.46,29.48,0.01,0.08,0.09,1.05,635.6,53.0,25.0,490.6,49.0,5.0,119.0,253.0,68.0,124.8,74.0,14.0,,,4.0,35,,Matheus,Nunes,Matheus N.,,,2534,1,8,11,24,0,0,0,4,0,0,28,212,,,,0.0,0.39,0.85,0.99,6.18,51,123,144
408,i,0.0,0.0,5.5,137,15.0,0,0.0,0,0.0,3.1,106,39.0,112,0,4.5,30.0,12.0,4,447,0.0,798.0,263.0,0.0,20.4,0.0,954774,8,1100508,475,0.0,0.0,0.57,0.63,1.2,24.3,0.03,0.03,0.06,1.07,549.2,83.0,37.0,139.5,240.0,62.0,96.0,280.0,81.0,78.6,182.0,60.0,,,,35,,Rúben,dos Santos Gato Alves Dias,Rúben,Thigh injury - Unknown return date,,2049,2,0,12,20,0,0,0,3,0,0,23,188,,,,0.0,0.53,0.88,1.01,7.2,13,151,71
409,a,100.0,100.0,5.4,152,17.0,0,0.0,-1,1.0,0.6,256,97.0,12,0,1.7,398.0,145.0,0,45,0.0,781.0,260.0,0.0,2.2,0.0,52527,58,111330,20,1.0,0.5,0.0,0.06,0.06,5.05,0.0,0.02,0.02,1.29,76.6,398.0,149.0,19.6,406.0,148.0,2.0,459.0,170.0,9.8,426.0,152.0,,,,35,,John,Stones,Stones,,,351,0,0,1,8,0,0,0,0,0,0,4,34,,,,0.0,0.26,2.05,1.03,4.87,0,19,17
410,a,100.0,100.0,4.6,402,70.0,0,0.0,-4,4.0,1.2,182,70.0,19,0,1.9,351.0,129.0,2,75,0.0,695.0,249.0,0.0,4.1,0.0,371566,63,467396,67,1.0,0.5,0.11,1.31,1.42,5.04,0.03,0.38,0.41,1.46,67.4,406.0,152.0,97.3,291.0,90.0,43.0,347.0,114.0,20.7,385.0,134.0,,,,35,,Rico,Lewis,Lewis,,,311,0,1,1,5,0,0,0,1,0,0,3,23,,,,0.0,0.29,1.45,0.87,5.5,5,14,10
416,a,100.0,100.0,6.2,72,47.0,0,0.0,-3,3.0,0.7,236,83.0,91,0,2.8,227.0,90.0,4,470,2.5,137.0,57.0,0.4,14.7,0.0,121772,610,151340,148,6.0,3.0,2.24,3.68,5.91,30.85,0.08,0.13,0.21,1.11,461.2,130.0,43.0,717.3,14.0,14.0,297.0,102.0,62.0,147.7,46.0,31.0,1.0,,,35,,Bernardo,Mota Veiga de Carvalho e Silva,Bernardo,,,2502,2,4,11,25,0,0,0,9,0,0,29,223,,,,0.0,0.4,0.9,1.04,8.02,42,55,126
770,a,,,4.5,506,314.0,0,0.0,0,0.0,0.0,777,334.0,0,0,0.0,759.0,321.0,0,0,0.0,680.0,269.0,0.0,0.0,0.0,828,1,517,2,0.0,-1.0,0.0,0.0,0.0,0.0,0.0,0.0,0.0,0.0,0.0,758.0,320.0,0.0,751.0,320.0,0.0,737.0,315.0,0.0,758.0,320.0,,,,35,,Seth,Ridgeon,Ridgeon,,,0,0,0,0,0,0,0,0,0,0,0,0,0,,,,0.0,0.0,0.0,0.0,0.0,0,0,0
355,u,0.0,0.0,4.9,316,196.0,0,0.0,-1,1.0,0.0,644,250.0,0,0,0.0,782.0,337.0,0,0,0.0,725.0,301.0,0.0,0.0,0.0,1234,0,10148,0,0.0,0.0,0.0,0.0,0.0,0.0,0.0,0.0,0.0,0.0,0.0,781.0,336.0,0.0,777.0,336.0,0.0,773.0,334.0,0.0,781.0,336.0,,,,35,,Sam,Greenwood,Greenwood,has joined Pogon Szczecin permanently.,,0,0,0,0,0,0,0,0,0,0,0,0,0,,,,0.0,0.0,0.0,0.0,0.0,0,0,0
827,a,,,4.5,485,297.0,0,0.0,0,0.0,0.0,828,371.0,0,0,0.0,743.0,308.0,0,0,0.0,660.0,252.0,0.0,0.0,0.0,37,1,10,0,0.5,0.0,0.0,0.0,0.0,0.0,0.0,0.0,0.0,0.0,0.0,739.0,305.0,0.0,733.0,306.0,0.0,719.0,301.0,0.0,740.0,306.0,,,,35,,Jim,Thwaites,Thwaites,,,0,0,0,0,0,0,0,0,0,0,0,0,0,,,,0.0,0.0,0.0,0.0,0.0,0,0,0
52,a,100.0,100.0,5.3,186,118.0,0,0.0,-2,2.0,0.2,361,122.0,45,1,1.8,384.0,163.0,1,228,1.5,208.0,92.0,0.3,8.5,0.0,34709,22,80810,89,1.5,1.0,1.15,0.98,2.13,23.96,0.08,0.07,0.15,1.75,229.6,270.0,112.0,282.4,143.0,96.0,153.0,216.0,117.0,66.5,226.0,109.0,,,,35,,Jacob,Ramsey,J.Ramsey,,,1232,2,1,1,27,0,0,0,3,1,0,13,119,,,,0.0,0.07,1.97,0.95,8.69,30,20,69
135,a,100.0,100.0,7.3,26,10.0,0,0.0,-2,2.0,0.6,254,36.0,25,3,1.6,408.0,49.0,0,64,1.2,234.0,32.0,0.2,3.4,0.0,242694,119,459177,93,1.2,0.7,3.1,0.53,3.63,9.05,0.59,0.1,0.69,1.74,54.0,420.0,49.0,35.8,379.0,51.0,159.0,203.0,43.0,23.6,378.0,49.0,,,,35,,Yoane,Wissa,Wissa,,,469,1,1,1,9,0,0,0,2,0,0,4,20,,,,0.0,0.19,1.73,0.77,3.84,4,3,13
469,a,100.0,100.0,5.0,244,9.0,0,0.0,0,0.0,4.3,91,16.0,87,3,3.6,109.0,14.0,3,359,1.2,225.0,16.0,0.2,17.4,0.0,1527117,293,1601973,328,1.2,0.7,0.16,0.0,0.16,29.14,0.01,0.0,0.01,1.22,549.4,82.0,15.0,0.0,790.0,94.0,35.0,359.0,1.0,58.5,252.0,14.0,,,,35,,Nick,Pope,Pope,,,2146,0,1,7,34,0,0,0,2,0,73,24,121,,,,3.06,0.29,1.43,1.01,0.0,1,34,226
471,a,,,3.9,752,72.0,0,0.0,-1,1.0,0.1,445,65.0,0,0,0.0,552.0,44.0,0,0,0.0,405.0,31.0,0.0,0.0,0.0,7123,7,11259,2,0.0,-0.5,0.0,0.0,0.0,0.0,0.0,0.0,0.0,0.0,0.0,540.0,44.0,0.0,525.0,25.0,0.0,492.0,11.0,0.0,542.0,44.0,,,,35,,Mark,Gillespie,Gillespie,,,0,0,0,0,0,0,0,0,0,0,0,0,0,,,,0.0,0.0,0.0,0.0,0.0,0,0,0
472,u,0.0,0.0,4.0,673,45.0,0,0.0,0,0.0,0.0,725,84.0,0,0,0.0,586.0,67.0,0,0,0.0,446.0,56.0,0.0,0.0,0.0,0,0,2507,0,0.0,0.0,0.0,0.0,0.0,0.0,0.0,0.0,0.0,0.0,0.0,574.0,67.0,0.0,565.0,54.0,0.0,533.0,40.0,0.0,576.0,67.0,,,,35,,Odysseas,Vlachodimos,Odysseas,Has joined Sevilla on loan for the rest of the season.,,0,0,0,0,0,0,0,0,0,0,0,0,0,,,,0.0,0.0,0.0,0.0,0.0,0,0,0
473,a,100.0,100.0,5.3,195,24.0,-1,1.0,-2,2.0,3.6,99,33.0,75,1,2.8,224.0,88.0,4,320,0.8,287.0,93.0,0.2,14.2,0.0,946050,678,735695,3683,0.8,0.3,0.85,2.57,3.42,34.1,0.04,0.12,0.16,1.61,496.4,111.0,51.0,376.8,83.0,19.0,157.0,209.0,53.0,103.0,115.0,31.0,2.0,1.0,,35,,Lewis,Hall,Hall,,,1906,1,2,4,35,0,0,0,3,0,0,21,162,,,,0.0,0.19,1.65,0.99,7.27,49,105,120
474,d,50.0,0.0,5.2,200,26.0,0,0.0,-3,3.0,1.1,186,72.0,51,0,3.2,175.0,71.0,0,186,0.0,770.0,258.0,0.0,9.8,0.0,297194,3,498341,47,0.0,0.0,0.97,0.6,1.57,13.85,0.08,0.05,0.13,1.14,291.2,230.0,91.0,63.6,339.0,116.0,108.0,269.0,76.0,46.4,295.0,98.0,,4.0,,35,,Fabian,Schär,Schär,Ankle injury - 50% chance of playing,,1089,0,0,4,13,0,0,0,1,0,0,11,133,,,,0.0,0.33,1.07,0.91,9.5,14,101,42
482,u,0.0,0.0,3.9,767,220.0,0,0.0,-1,1.0,0.1,466,172.0,0,0,0.0,561.0,202.0,0,0,0.0,417.0,157.0,0.0,0.0,0.0,8541,0,17287,10,0.0,0.0,0.0,0.0,0.0,0.0,0.0,0.0,0.0,0.0,0.0,549.0,201.0,0.0,536.0,201.0,0.0,503.0,196.0,0.0,551.0,201.0,,,,35,,Harrison,Ashby,Ashby,has joined Bradford City on loan for the rest of the season.,,0,0,0,0,0,0,0,0,0,0,0,0,0,,,,0.0,0.0,0.0,0.0,0.0,0,0,0
484,u,0.0,0.0,4.0,676,166.0,0,0.0,0,0.0,0.1,434,162.0,0,0,0.0,588.0,213.0,0,0,0.0,448.0,171.0,0.0,0.0,0.0,3759,0,45564,5,0.0,0.0,0.0,0.0,0.0,0.0,0.0,0.0,0.0,0.0,0.0,576.0,212.0,0.0,567.0,212.0,0.0,535.0,208.0,0.0,578.0,212.0,,,,35,,Matt,Targett,Targett,has joined Middlesbrough on loan for the rest of the season.,,0,0,0,0,0,0,0,0,0,0,0,0,0,,,,0.0,0.0,0.0,0.0,0.0,0,0,0
485,a,100.0,75.0,7.4,24,16.0,0,0.0,-1,1.0,3.9,98,33.0,101,0,3.9,78.0,35.0,10,352,0.8,294.0,138.0,0.1,13.6,0.0,2400044,226,2176769,7488,0.8,0.2,8.77,3.38,12.15,24.78,0.44,0.17,0.61,1.24,393.8,166.0,61.0,404.2,72.0,57.0,514.0,39.0,22.0,130.9,63.0,38.0,,,1.0,35,,Anthony,Gordon,Gordon,,,1798,6,4,8,30,0,0,0,3,1,0,24,91,,,,0.0,0.4,1.5,1.2,4.56,19,16,56
486,a,100.0,100.0,6.5,52,33.0,0,0.0,-5,5.0,2.7,120,38.0,46,0,1.5,421.0,183.0,0,174,1.0,268.0,126.0,0.2,7.1,0.0,582862,101,1199194,380,1.0,0.5,1.44,1.71,3.15,20.47,0.1,0.12,0.22,1.45,129.6,350.0,158.0,266.1,150.0,101.0,179.0,188.0,101.0,57.2,259.0,127.0,5.0,,,35,,Anthony,Elanga,Elanga,,,1273,0,1,2,27,0,0,0,0,0,0,14,54,,,,0.0,0.14,1.91,0.99,3.82,14,9,31
487,a,,,6.1,81,53.0,0,0.0,-4,4.0,1.0,194,68.0,93,6,2.7,247.0,99.0,8,299,2.5,136.0,56.0,0.4,15.2,0.0,762805,342,712252,569,2.5,2.0,6.36,2.33,8.69,28.71,0.32,0.12,0.44,1.43,341.8,199.0,80.0,335.3,106.0,75.0,626.0,26.0,12.0,129.9,67.0,42.0,,,,35,,Harvey,Barnes,Barnes,,,1803,6,0,5,28,0,0,0,1,0,0,18,97,,,,0.0,0.25,1.4,0.9,4.84,13,20,64
488,a,100.0,100.0,6.8,43,27.0,0,0.0,3,-3.0,4.8,80,26.0,143,6,5.5,6.0,3.0,20,631,2.2,158.0,69.0,0.3,21.0,0.0,4124009,3491,3842063,867,2.2,1.7,5.08,4.13,9.21,28.83,0.21,0.17,0.38,1.17,727.2,33.0,9.0,698.7,17.0,16.0,401.0,65.0,37.0,182.8,22.0,18.0,3.0,5.0,2.0,35,,Bruno,Guimarães Rodriguez Moura,Bruno G.,,,2211,9,7,6,34,0,0,0,5,0,0,24,219,,,,0.0,0.24,1.38,0.98,8.91,55,48,116
489,a,100.0,100.0,5.9,88,56.0,0,0.0,-6,6.0,0.6,242,85.0,77,8,2.6,259.0,108.0,5,299,3.0,107.0,40.0,0.5,13.1,0.0,168157,149,352190,76,3.0,2.5,3.05,2.57,5.62,22.2,0.18,0.16,0.34,1.34,306.8,222.0,93.0,374.9,85.0,64.0,323.0,91.0,53.0,99.4,123.0,70.0,,,,35,,Jacob,Murphy,J.Murphy,,,1486,3,2,7,19,0,0,0,2,0,0,17,83,,,,0.0,0.42,1.15,1.03,5.03,15,22,46
502,a,100.0,100.0,4.6,396,19.0,0,0.0,-4,4.0,4.9,78,13.0,89,0,3.3,149.0,18.0,3,368,3.0,101.0,10.0,0.7,19.3,0.0,461756,267,2066395,366,3.0,3.0,0.0,0.06,0.06,35.97,0.0,0.0,0.0,1.4,576.0,68.0,13.0,10.0,434.0,12.0,0.0,751.0,81.0,58.6,250.0,13.0,,,,35,,Matz,Sels,Sels,,,2307,0,0,7,33,0,0,0,2,0,78,26,75,,,,3.04,0.27,1.29,1.01,0.0,1,22,173
746,a,,,4.5,494,304.0,0,0.0,0,0.0,0.0,746,315.0,0,0,0.0,750.0,314.0,0,0,0.0,668.0,259.0,0.0,0.0,0.0,1128,2,955,0,0.5,0.0,0.0,0.0,0.0,0.0,0.0,0.0,0.0,0.0,0.0,748.0,312.0,0.0,741.0,312.0,0.0,727.0,307.0,0.0,748.0,312.0,,,,35,,Kieran,Morrison,Morrison,,,0,0,0,0,0,0,0,0,0,0,0,0,0,,,,0.0,0.0,0.0,0.0,0.0,0,0,0
513,a,,,3.8,816,254.0,0,0.0,-2,2.0,0.3,350,128.0,2,0,1.0,460.0,166.0,0,1,0.0,398.0,150.0,0.0,0.5,0.0,29830,10,31575,23,0.0,0.0,0.0,0.01,0.01,3.13,0.0,0.01,0.01,2.35,25.4,452.0,165.0,6.3,446.0,160.0,0.0,484.0,191.0,3.2,469.0,169.0,,,,35,,Zach,Abbott,Abbott,,,120,0,0,0,4,0,0,0,0,0,0,1,10,,,,0.0,0.0,3.0,0.75,7.5,2,8,8
825,a,,,4.0,722,66.0,0,0.0,0,0.0,0.0,802,92.0,0,0,0.0,623.0,86.0,0,0,0.0,489.0,77.0,0.0,0.0,0.0,282,3,95,3,-1.0,0.0,0.0,0.0,0.0,0.0,0.0,0.0,0.0,0.0,0.0,612.0,86.0,0.0,605.0,75.0,0.0,574.0,61.0,0.0,614.0,86.0,,,,35,,Finlay,Herrick,Herrick,,,0,0,0,0,0,0,0,0,0,0,0,0,0,,,,0.0,0.0,0.0,0.0,0.0,0,0,0
475,a,100.0,100.0,4.9,309,49.0,0,0.0,-1,1.0,0.4,283,107.0,78,4,3.5,124.0,45.0,6,288,3.2,92.0,42.0,0.7,15.9,0.0,91632,106,111350,67,3.2,2.7,1.71,0.83,2.54,23.83,0.1,0.05,0.15,1.37,490.8,116.0,53.0,84.1,307.0,99.0,183.0,181.0,44.0,75.8,192.0,65.0,,,,35,,Sven,Botman,Botman,,,1564,1,1,5,23,1,0,0,2,0,0,18,201,,,,0.0,0.29,1.32,1.04,9.9,17,155,81
476,a,100.0,100.0,5.0,243,37.0,0,0.0,0,0.0,3.4,100,34.0,89,7,3.4,139.0,52.0,5,264,2.8,116.0,47.0,0.6,17.8,0.0,1557048,831,1695148,311,2.8,2.3,1.08,0.33,1.41,27.25,0.05,0.01,0.06,1.22,498.0,109.0,50.0,93.3,295.0,92.0,184.0,180.0,43.0,77.7,186.0,63.0,,,,35,,Dan,Burn,Burn,,,2007,1,3,6,33,0,0,0,9,1,0,23,250,,,,0.0,0.27,1.48,1.03,9.6,35,179,65
477,i,0.0,0.0,4.9,324,53.0,0,0.0,-1,1.0,1.9,145,58.0,59,0,3.5,125.0,46.0,3,252,0.8,281.0,92.0,0.2,12.0,0.0,1106505,5,1391277,318,0.0,0.0,0.13,0.89,1.02,18.62,0.01,0.06,0.07,1.26,219.4,274.0,112.0,199.7,189.0,49.0,42.0,349.0,116.0,46.1,297.0,100.0,,,,35,,Tino,Livramento,Livramento,Thigh injury - Unknown return date,,1326,0,1,6,14,0,0,0,1,0,0,14,96,,,,0.0,0.41,0.95,0.95,4.62,22,46,81
478,a,100.0,100.0,4.9,285,44.0,0,0.0,-1,1.0,1.4,166,65.0,51,0,2.7,238.0,95.0,2,211,0.2,356.0,122.0,0.0,10.4,0.0,262268,73,384583,230,0.2,-0.3,0.08,2.0,2.08,20.38,0.0,0.12,0.12,1.22,274.6,243.0,97.0,465.0,53.0,7.0,14.0,403.0,148.0,75.3,194.0,66.0,4.0,2.0,,35,,Kieran,Trippier,Trippier,,,1501,0,1,5,26,0,0,0,3,0,0,17,107,,,,0.0,0.3,1.56,1.02,4.68,23,55,70
479,i,0.0,0.0,4.3,578,124.0,0,0.0,-2,2.0,0.0,625,223.0,0,0,0.0,657.0,252.0,0,-8,0.0,536.0,225.0,0.0,0.0,0.0,1672,0,5320,1,0.0,0.0,0.0,0.0,0.0,0.25,0.0,0.0,0.0,0.5,1.4,501.0,178.0,1.2,476.0,173.0,0.0,615.0,251.0,0.3,506.0,177.0,,,,35,,Emil,Krafth,Krafth,Knee injury - Unknown return date,,45,0,0,0,2,0,0,0,0,0,0,1,1,,,,0.0,0.0,4.0,2.0,2.0,0,1,0
480,u,0.0,0.0,4.3,576,122.0,0,0.0,-2,2.0,0.0,597,213.0,1,0,0.5,525.0,180.0,0,0,0.0,535.0,224.0,0.0,0.2,0.0,2754,0,9133,2,0.0,0.0,0.04,0.0,0.04,0.55,0.19,0.0,0.19,2.61,10.2,469.0,171.0,0.0,641.0,252.0,7.0,429.0,164.0,1.7,479.0,171.0,,,,35,,Jamaal,Lascelles,Lascelles,has joined Leicester City permanently.,,19,0,0,0,2,0,0,0,0,0,0,0,5,,,,0.0,0.0,9.47,0.0,23.68,0,5,0
481,a,,,3.8,814,252.0,0,0.0,-2,2.0,0.7,232,88.0,1,0,1.0,459.0,165.0,0,-1,0.0,396.0,148.0,0.0,0.3,0.0,81274,35,107540,72,0.0,-0.5,0.0,0.0,0.0,0.27,0.0,0.0,0.0,24.3,2.2,496.0,176.0,0.0,516.0,195.0,0.0,482.0,189.0,0.2,509.0,178.0,,,,35,,Alex,Murphy,A.Murphy,,,1,0,0,0,1,0,0,0,0,0,0,0,1,,,,0.0,0.0,90.0,0.0,90.0,0,1,0
483,a,,,3.8,818,256.0,0,0.0,-2,2.0,0.4,298,111.0,0,0,0.0,546.0,198.0,0,0,0.0,399.0,151.0,0.0,0.0,0.0,67437,30,52216,32,0.0,-0.5,0.0,0.0,0.0,0.0,0.0,0.0,0.0,0.0,0.0,534.0,197.0,0.0,518.0,197.0,0.0,485.0,192.0,0.0,536.0,197.0,,,,35,,Miodrag,Pivaš,Pivas,,,0,0,0,0,0,0,0,0,0,0,0,0,0,,,,0.0,0.0,0.0,0.0,0.0,0,0,0
21,a,100.0,100.0,7.2,31,19.0,0,0.0,7,-7.0,24.2,12,4.0,176,5,5.2,10.0,5.0,23,753,3.2,98.0,33.0,0.4,24.4,0.0,7383454,4576,5478962,11059,4.2,4.2,3.15,6.88,10.03,22.58,0.1,0.21,0.31,0.7,786.2,19.0,5.0,982.2,3.0,3.0,290.0,105.0,64.0,206.0,12.0,9.0,1.0,1.0,,35,,Declan,Rice,Rice,,,2913,4,9,16,25,0,0,0,3,0,0,33,350,,,,0.0,0.49,0.77,1.02,10.81,63,117,170
22,i,0.0,0.0,5.4,159,99.0,0,0.0,-6,6.0,0.8,220,76.0,66,0,3.1,192.0,75.0,5,238,0.0,785.0,345.0,0.0,12.2,0.0,836051,3,846214,73,0.0,0.0,2.99,1.45,4.44,6.59,0.27,0.13,0.4,0.6,304.4,223.0,94.0,187.0,195.0,127.0,237.0,130.0,76.0,72.6,211.0,100.0,,,,35,,Mikel,Merino Zazón,Merino,Foot injury - Unknown return date,,996,4,3,4,9,0,0,0,1,0,0,10,111,,,,0.0,0.36,0.81,0.9,10.03,26,30,55
43,u,0.0,0.0,4.0,669,162.0,0,0.0,0,0.0,1.6,159,62.0,0,0,0.0,584.0,211.0,0,0,0.0,442.0,168.0,0.0,0.0,0.0,44476,0,891444,38,0.0,0.0,0.0,0.0,0.0,0.0,0.0,0.0,0.0,0.0,0.0,572.0,210.0,0.0,562.0,210.0,0.0,530.0,206.0,0.0,574.0,210.0,,,,35,,Álex,Moreno Lopera,Alex Moreno,Has joined Girona permanently.,,0,0,0,0,0,0,0,0,0,0,0,0,0,,,,0.0,0.0,0.0,0.0,0.0,0,0,0
743,a,,,4.5,502,311.0,0,0.0,0,0.0,0.0,727,301.0,0,0,0.0,755.0,318.0,0,0,0.0,676.0,266.0,0.0,0.0,0.0,1606,1,1482,0,-0.5,0.0,0.0,0.0,0.0,0.0,0.0,0.0,0.0,0.0,0.0,754.0,317.0,0.0,747.0,317.0,0.0,733.0,312.0,0.0,754.0,317.0,,,,35,,Landon,Emenalo,Emenalo,,,0,0,0,0,0,0,0,0,0,0,0,0,0,,,,0.0,0.0,0.0,0.0,0.0,0,0,0
798,u,0.0,0.0,4.0,709,183.0,0,0.0,0,0.0,0.0,808,267.0,0,0,0.0,614.0,225.0,0,0,0.0,477.0,185.0,0.0,0.0,0.0,142,0,197,0,0.0,0.0,0.0,0.0,0.0,0.0,0.0,0.0,0.0,0.0,0.0,603.0,225.0,0.0,595.0,225.0,0.0,563.0,221.0,0.0,605.0,225.0,,,,35,,Danny,Imray,Imray,has joined West Brom on loan for the rest of the season.,,0,0,0,0,0,0,0,0,0,0,0,0,0,,,,0.0,0.0,0.0,0.0,0.0,0,0,0
242,a,100.0,100.0,5.2,207,128.0,0,0.0,2,-2.0,6.1,63,22.0,140,0,5.2,8.0,4.0,18,549,5.8,12.0,5.0,1.1,26.9,0.0,2344172,4623,2104432,2099,5.8,5.3,3.81,4.77,8.58,34.59,0.15,0.19,0.34,1.37,578.8,65.0,20.0,512.7,45.0,41.0,397.0,68.0,40.0,149.0,43.0,29.0,3.0,,,35,,Kiernan,Dewsbury-Hall,Dewsbury-Hall,,,2276,8,6,8,31,0,0,0,6,0,0,26,203,,,,0.0,0.32,1.23,1.03,8.03,46,38,119
243,a,100.0,100.0,4.8,374,234.0,0,0.0,-2,2.0,0.1,552,205.0,13,0,1.1,451.0,200.0,0,31,0.8,280.0,129.0,0.2,2.7,0.0,9575,10,11351,11,0.8,0.3,0.61,0.71,1.32,5.65,0.19,0.22,0.41,1.72,27.2,449.0,200.0,35.2,380.0,192.0,113.0,257.0,140.0,17.1,397.0,182.0,,,,35,,Tyrique,George,George,,,296,0,0,1,7,0,0,0,2,0,0,1,19,,,,0.0,0.3,2.13,0.3,5.78,6,1,12
361,u,0.0,0.0,4.5,442,264.0,0,0.0,0,0.0,0.0,670,269.0,0,0,0.0,716.0,284.0,0,0,0.0,625.0,222.0,0.0,0.0,0.0,1165,0,8452,0,0.0,0.0,0.0,0.0,0.0,0.0,0.0,0.0,0.0,0.0,0.0,709.0,278.0,0.0,705.0,281.0,0.0,687.0,273.0,0.0,711.0,280.0,,,,35,,Darko,Gyabi,Gyabi,has joined Hull City permanently.,,0,0,0,0,0,0,0,0,0,0,0,0,0,,,,0.0,0.0,0.0,0.0,0.0,0,0,0
411,a,100.0,100.0,5.2,213,30.0,0,0.0,2,-2.0,18.0,15,5.0,152,0,4.9,18.0,5.0,10,540,6.8,6.0,2.0,1.3,29.2,0.0,4183055,28977,1922993,775,14.6,7.3,5.21,2.41,7.62,29.97,0.2,0.09,0.29,1.14,617.0,56.0,26.0,381.9,81.0,17.0,502.0,41.0,1.0,150.1,42.0,4.0,,,,35,,Nico,O'Reilly,O'Reilly,,,2373,5,4,13,21,0,0,0,4,0,0,26,182,,,,0.0,0.49,0.8,0.99,6.07,65,95,93
412,u,0.0,0.0,5.0,282,43.0,0,0.0,0,0.0,0.0,788,263.0,0,0,0.0,807.0,266.0,0,0,0.0,763.0,257.0,0.0,0.0,0.0,0,0,855,0,0.0,0.0,0.0,0.0,0.0,0.0,0.0,0.0,0.0,0.0,0.0,806.0,266.0,0.0,804.0,266.0,0.0,799.0,266.0,0.0,806.0,266.0,,,,35,,Vitor,de Oliveira Nunes dos Reis,Vitor Reis,Has joined Girona on loan for the rest of the season.,,0,0,0,0,0,0,0,0,0,0,0,0,0,,,,0.0,0.0,0.0,0.0,0.0,0,0,0
413,a,100.0,100.0,8.3,12,7.0,0,0.0,-2,2.0,2.5,124,40.0,40,0,2.4,295.0,127.0,4,122,0.0,827.0,372.0,0.0,4.8,0.0,289899,217,1304204,254,1.0,0.5,2.22,0.68,2.9,6.58,0.35,0.11,0.46,1.05,132.2,348.0,157.0,146.4,233.0,149.0,229.0,137.0,80.0,50.4,283.0,143.0,4.0,1.0,2.0,35,,Omar,Marmoush,Marmoush,,,566,1,3,3,5,0,0,0,2,0,0,7,32,,,,0.0,0.48,0.8,1.11,5.09,12,6,14
414,a,100.0,100.0,8.0,16,11.0,0,0.0,0,0.0,7.6,54,18.0,114,0,4.1,57.0,26.0,10,497,0.5,331.0,155.0,0.1,14.2,0.0,6181141,235,5605654,1120,2.0,1.0,5.34,4.02,9.36,22.55,0.26,0.2,0.46,1.11,513.0,100.0,31.0,798.2,10.0,10.0,443.0,54.0,31.0,175.2,26.0,20.0,5.0,,,35,,Phil,Foden,Foden,,,1827,7,3,10,16,0,0,0,4,0,0,21,140,,,,0.0,0.49,0.79,1.03,6.9,30,23,87
415,a,100.0,100.0,6.9,40,24.0,0,0.0,-1,1.0,0.4,288,99.0,30,0,1.5,422.0,184.0,0,101,0.8,293.0,137.0,0.1,4.3,0.0,36074,61,115321,14,2.6,1.3,1.91,1.27,3.18,7.42,0.29,0.19,0.48,1.11,91.4,386.0,171.0,146.3,234.0,150.0,259.0,118.0,68.0,49.6,286.0,145.0,,,,35,,Sávio,Moreira de Oliveira,Savinho,,,602,0,2,2,5,0,0,0,2,0,0,5,51,,,,0.0,0.3,0.75,0.75,7.62,7,11,33
802,a,,,5.0,280,173.0,0,0.0,0,0.0,0.0,768,328.0,0,0,0.0,805.0,355.0,0,0,0.0,761.0,329.0,0.0,0.0,0.0,623,4,449,2,-1.0,0.0,0.0,0.0,0.0,0.0,0.0,0.0,0.0,0.0,0.0,804.0,354.0,0.0,802.0,354.0,0.0,797.0,352.0,0.0,804.0,354.0,,,,35,,Keiber,Lamadrid,Lamadrid,,,0,0,0,0,0,0,0,0,0,0,0,0,0,,,,0.0,0.0,0.0,0.0,0.0,0,0,0
709,d,50.0,0.0,4.5,430,88.0,0,0.0,0,0.0,0.1,559,199.0,60,0,2.3,301.0,113.0,0,204,0.2,346.0,118.0,0.0,13.3,0.0,26883,3,23441,44,-0.4,0.0,2.17,1.44,3.61,38.14,0.09,0.06,0.15,1.56,502.0,107.0,48.0,132.6,250.0,66.0,267.0,114.0,18.0,90.5,151.0,52.0,,,,35,,Ladislav,Krejcí,Krejčí,Neck - 50% chance of playing,,2201,2,1,3,44,1,0,0,3,1,0,25,204,,,,0.0,0.12,1.8,1.02,7.4,28,153,72
720,a,,,5.2,214,49.0,0,0.0,-3,3.0,0.1,453,64.0,63,2,2.1,332.0,35.0,4,213,1.0,259.0,35.0,0.2,12.1,0.0,68738,16,57151,85,0.0,0.5,5.22,0.38,5.6,22.33,0.35,0.03,0.38,1.48,235.4,265.0,26.0,173.5,206.0,19.0,538.0,34.0,17.0,94.0,144.0,20.0,,,5.0,35,,Tolu,Arokodare,Tolu,,,1359,3,2,3,28,0,0,1,1,0,0,13,76,,,,0.0,0.2,1.85,0.86,5.03,6,46,24
749,a,,,4.2,652,92.0,-1,1.0,-3,3.0,1.2,178,28.0,59,2,2.5,267.0,28.0,6,243,1.5,197.0,25.0,0.4,14.0,0.0,586482,918,443344,873,0.5,1.0,1.64,2.23,3.87,28.01,0.1,0.13,0.23,1.64,253.0,256.0,24.0,339.0,104.0,5.0,228.0,138.0,32.0,81.3,172.0,23.0,2.0,1.0,,35,,Mateus,Mané,Mané,,,1541,2,2,5,26,0,0,0,0,0,0,16,114,,,,0.0,0.29,1.52,0.93,6.66,22,30,62
766,a,,,4.0,734,201.0,0,0.0,0,0.0,0.0,631,225.0,0,0,0.0,635.0,240.0,0,0,0.0,501.0,202.0,0.0,0.0,0.0,4427,16,2583,12,-1.0,-0.5,0.0,0.0,0.0,0.0,0.0,0.0,0.0,0.0,0.0,624.0,240.0,0.0,617.0,240.0,0.0,586.0,237.0,0.0,626.0,240.0,,,,35,,Saheed,Olagunju,Olagunju,,,0,0,0,0,0,0,0,0,0,0,0,0,0,,,,0.0,0.0,0.0,0.0,0.0,0,0,0
767,a,,,4.5,498,307.0,0,0.0,0,0.0,0.0,765,326.0,0,0,0.0,753.0,316.0,0,0,0.0,672.0,262.0,0.0,0.0,0.0,1317,4,894,5,-1.0,-0.5,0.0,0.0,0.0,0.0,0.0,0.0,0.0,0.0,0.0,751.0,314.0,0.0,744.0,314.0,0.0,730.0,309.0,0.0,751.0,314.0,,,,35,,Luke,Rawlings,Rawlings,,,0,0,0,0,0,0,0,0,0,0,0,0,0,,,,0.0,0.0,0.0,0.0,0.0,0,0,0
777,u,0.0,0.0,4.5,455,272.0,0,0.0,0,0.0,0.0,812,359.0,0,0,0.0,722.0,290.0,0,0,0.0,633.0,229.0,0.0,0.0,0.0,415,0,368,0,0.0,0.0,0.0,0.0,0.0,0.0,0.0,0.0,0.0,0.0,0.0,716.0,285.0,0.0,711.0,287.0,0.0,694.0,279.0,0.0,717.0,286.0,,,,35,,Temple,Ojinnaka,Ojinnaka,has joined Shrewsbury Town on loan for the rest of the season.,,0,0,0,0,0,0,0,0,0,0,0,0,0,,,,0.0,0.0,0.0,0.0,0.0,0,0,0
778,a,,,4.5,490,301.0,0,0.0,0,0.0,0.0,754,320.0,0,0,0.0,747.0,311.0,0,0,0.0,665.0,256.0,0.0,0.0,0.0,1631,4,1042,1,-1.0,-0.5,0.0,0.0,0.0,0.0,0.0,0.0,0.0,0.0,0.0,744.0,309.0,0.0,737.0,309.0,0.0,723.0,304.0,0.0,744.0,309.0,,,,35,,Ethan,Sutherland,Sutherland,,,0,0,0,0,0,0,0,0,0,0,0,0,0,,,,0.0,0.0,0.0,0.0,0.0,0,0,0
809,a,,,4.5,521,324.0,0,0.0,0,0.0,0.0,738,309.0,0,0,0.0,770.0,329.0,0,0,0.0,692.0,278.0,0.0,0.0,0.0,2103,10,994,8,-1.0,-0.5,0.0,0.0,0.0,0.0,0.0,0.0,0.0,0.0,0.0,769.0,328.0,0.0,762.0,328.0,0.0,749.0,324.0,0.0,769.0,328.0,,,,35,,Jerome,Abbey,Abbey,,,0,0,0,0,0,0,0,0,0,0,0,0,0,,,,0.0,0.0,0.0,0.0,0.0,0,0,0
816,a,100.0,100.0,4.6,398,247.0,0,0.0,-4,4.0,0.0,729,303.0,13,1,1.3,436.0,192.0,0,64,1.0,244.0,110.0,0.2,2.8,0.0,5091,24,3822,9,0.0,0.5,0.21,0.26,0.47,11.59,0.05,0.06,0.11,2.67,43.4,427.0,185.0,68.7,329.0,177.0,23.0,383.0,193.0,13.5,410.0,186.0,,,,35,,Angel,Gomes,Angel,,,391,0,0,1,7,0,0,0,1,0,0,6,28,,,,0.0,0.23,1.61,1.38,6.45,8,5,15
56,u,0.0,0.0,5.0,268,163.0,0,0.0,0,0.0,0.0,830,373.0,0,0,0.0,801.0,352.0,0,0,0.0,754.0,323.0,0.0,0.0,0.0,0,0,36,0,0.0,0.0,0.0,0.0,0.0,0.0,0.0,0.0,0.0,0.0,0.0,800.0,351.0,0.0,798.0,351.0,0.0,793.0,349.0,0.0,800.0,351.0,,,,35,,Enzo,Barrenechea,Barrenechea,Season-long loan to Benfica,,0,0,0,0,0,0,0,0,0,0,0,0,0,,,,0.0,0.0,0.0,0.0,0.0,0,0,0
762,a,,,4.5,518,322.0,0,0.0,0,0.0,0.0,779,336.0,2,0,1.0,494.0,223.0,0,6,0.0,689.0,276.0,0.0,0.4,0.0,795,6,520,1,-0.5,0.0,0.0,0.0,0.0,0.73,0.0,0.0,0.0,9.39,1.4,502.0,230.0,1.0,478.0,230.0,0.0,746.0,322.0,0.3,508.0,232.0,,,,35,,Joél,Drakes-Thomas,Drakes-Thomas,,,7,0,0,0,1,0,0,0,0,0,0,0,3,,,,0.0,0.0,12.86,0.0,38.57,1,0,2
501,a,,,4.3,618,87.0,0,0.0,-2,2.0,0.3,353,57.0,0,0,0.0,669.0,69.0,0,0,0.0,560.0,59.0,0.0,0.0,0.0,26935,21,37940,32,0.0,-0.5,0.0,0.0,0.0,0.0,0.0,0.0,0.0,0.0,0.0,658.0,68.0,0.0,654.0,67.0,0.0,630.0,67.0,0.0,660.0,68.0,,,,35,,Sean,Neave,Neave,,,0,0,0,0,0,0,0,0,0,0,0,0,0,,,,0.0,0.0,0.0,0.0,0.0,0,0,0
1,a,,,6.1,79,1.0,1,-1.0,6,-6.0,34.9,6,1.0,147,6,4.2,47.0,3.0,9,584,4.5,41.0,4.0,0.7,24.1,0.0,4603862,8146,2869673,2692,5.5,5.5,0.0,0.06,0.06,26.28,0.0,0.0,0.0,0.75,508.0,103.0,17.0,33.5,385.0,3.0,0.0,822.0,97.0,54.2,269.0,17.0,,,,35,,David,Raya Martín,Raya,,,3150,0,0,17,26,0,0,0,1,0,57,35,94,,,,1.63,0.49,0.74,1.0,0.0,1,34,294
2,a,,,4.0,672,44.0,0,0.0,-5,5.0,0.4,292,37.0,0,0,0.0,585.0,66.0,0,0,0.0,445.0,55.0,0.0,0.0,0.0,15984,31,78704,30,1.0,1.0,0.0,0.0,0.0,0.0,0.0,0.0,0.0,0.0,0.0,573.0,66.0,0.0,564.0,53.0,0.0,532.0,39.0,0.0,575.0,66.0,,,,35,,Kepa,Arrizabalaga Revuelta,Arrizabalaga,,,0,0,0,0,0,0,0,0,0,0,0,0,0,,,,0.0,0.0,0.0,0.0,0.0,0,0,0
3,u,0.0,0.0,4.0,693,54.0,0,0.0,0,0.0,0.2,379,54.0,0,0,0.0,602.0,75.0,0,0,0.0,464.0,65.0,0.0,0.0,0.0,5545,0,48558,8,0.0,0.0,0.0,0.0,0.0,0.0,0.0,0.0,0.0,0.0,0.0,590.0,75.0,0.0,582.0,63.0,0.0,550.0,49.0,0.0,592.0,75.0,,,,35,,Karl,Hein,Hein,Has joined Werder Bremen on loan for the rest of the season.,,0,0,0,0,0,0,0,0,0,0,0,0,0,,,,0.0,0.0,0.0,0.0,0.0,0,0,0
4,a,,,3.9,784,91.0,0,0.0,-1,1.0,0.2,371,53.0,0,0,0.0,574.0,60.0,0,0,0.0,431.0,48.0,0.0,0.0,0.0,34252,4,35239,22,1.0,1.0,0.0,0.0,0.0,0.0,0.0,0.0,0.0,0.0,0.0,562.0,60.0,0.0,550.0,44.0,0.0,517.0,30.0,0.0,564.0,60.0,,,,35,,Tommy,Setford,Setford,,,0,0,0,0,0,0,0,0,0,0,0,0,0,,,,0.0,0.0,0.0,0.0,0.0,0,0,0
5,a,100.0,100.0,7.2,32,1.0,0,0.0,12,-12.0,44.5,4,1.0,191,6,6.6,2.0,1.0,27,665,4.5,42.0,19.0,0.6,26.5,0.0,8928665,7182,5821253,3276,5.5,5.5,2.64,1.7,4.34,19.8,0.09,0.06,0.15,0.71,765.4,22.0,8.0,125.8,259.0,72.0,281.0,108.0,15.0,117.1,87.0,21.0,,,,35,,Gabriel,dos Santos Magalhães,Gabriel,,,2525,3,5,16,19,0,0,0,4,0,0,28,271,,,,0.0,0.57,0.68,1.0,9.12,36,220,59
6,a,100.0,100.0,6.1,83,4.0,0,0.0,1,-1.0,15.2,23,8.0,124,6,4.3,40.0,16.0,10,528,4.2,52.0,26.0,0.7,20.3,0.0,2357798,6625,2447514,1798,5.2,5.2,0.88,1.04,1.92,19.13,0.03,0.04,0.07,0.71,504.2,106.0,47.0,195.9,192.0,51.0,82.0,299.0,89.0,78.2,184.0,61.0,,,,35,,William,Saliba,Saliba,,,2434,1,0,13,20,0,0,0,1,0,0,28,209,,,,0.0,0.48,0.74,1.04,6.58,33,145,106
7,a,100.0,100.0,5.6,132,13.0,0,0.0,1,-1.0,5.8,66,22.0,99,6,4.3,39.0,15.0,4,359,1.5,212.0,77.0,0.3,17.7,0.0,2668730,976,2515699,292,2.5,2.5,3.12,0.51,3.63,9.39,0.18,0.03,0.21,0.55,254.4,255.0,100.0,140.5,239.0,61.0,253.0,124.0,23.0,64.9,230.0,81.0,,,,35,,Riccardo,Calafiori,Calafiori,,,1536,1,2,12,8,0,0,0,5,0,0,19,139,,,,0.0,0.7,0.47,1.11,5.86,32,68,68
8,i,0.0,0.0,6.0,85,5.0,-1,1.0,5,-5.0,17.4,17,7.0,149,0,5.0,14.0,4.0,9,532,0.0,811.0,266.0,0.0,24.8,0.0,6784072,22,5376738,22754,0.0,0.0,4.71,1.53,6.24,17.45,0.17,0.06,0.23,0.64,499.0,108.0,49.0,402.6,73.0,14.0,352.0,79.0,7.0,125.7,73.0,13.0,,,,35,,Jurriën,Timber,J.Timber,Ankle injury - Unknown return date,,2452,3,6,13,20,0,0,0,5,0,0,28,178,,,,0.0,0.48,0.73,1.03,5.43,66,82,97
9,u,0.0,0.0,5.4,167,20.0,0,0.0,-1,1.0,0.0,596,212.0,0,0,0.0,814.0,268.0,0,0,0.0,790.0,262.0,0.0,0.0,0.0,1119,0,10941,0,0.0,0.0,0.0,0.0,0.0,0.0,0.0,0.0,0.0,0.0,0.0,813.0,268.0,0.0,812.0,268.0,0.0,810.0,268.0,0.0,813.0,268.0,,,,35,,Jakub,Kiwior,Kiwior,has joined Porto on loan for the rest of the season.,,0,0,0,0,0,0,0,0,0,0,0,0,0,,,,0.0,0.0,0.0,0.0,0.0,0,0,0
10,a,,,5.0,270,42.0,0,0.0,-5,5.0,1.4,167,66.0,20,6,1.2,446.0,160.0,0,72,2.0,171.0,64.0,0.4,4.0,0.0,137669,103,470222,57,3.0,3.0,0.1,0.16,0.26,6.94,0.02,0.03,0.05,1.25,60.8,411.0,155.0,63.6,338.0,115.0,27.0,374.0,127.0,15.0,402.0,144.0,,,,35,,Myles,Lewis-Skelly,Lewis-Skelly,,,500,0,0,1,7,0,0,0,3,0,0,3,30,,,,0.0,0.18,1.26,0.54,4.14,8,15,23
11,a,100.0,100.0,5.1,227,32.0,0,0.0,-4,4.0,0.5,259,98.0,44,6,4.0,61.0,25.0,3,178,3.5,84.0,36.0,0.7,8.6,0.0,363977,456,414173,75,4.5,4.5,0.45,0.68,1.13,8.74,0.06,0.09,0.15,1.17,154.6,331.0,126.0,130.4,254.0,69.0,56.0,333.0,107.0,34.2,343.0,114.0,,,,35,,Benjamin,White,White,,,672,0,1,5,6,0,0,0,0,0,0,8,57,,,,0.0,0.67,0.8,1.07,7.1,15,38,28
13,a,,,3.7,828,265.0,0,0.0,-3,3.0,0.4,279,105.0,0,0,0.0,531.0,185.0,0,0,0.0,376.0,131.0,0.0,0.0,0.0,57996,131,82196,71,1.0,1.0,0.0,0.0,0.0,0.0,0.0,0.0,0.0,0.0,0.0,519.0,184.0,0.0,501.0,183.0,0.0,467.0,177.0,0.0,521.0,184.0,,,,35,,Brayden,Clarke,Clarke,,,0,0,0,0,0,0,0,0,0,0,0,0,0,,,,0.0,0.0,0.0,0.0,0.0,0,0,0
14,u,0.0,0.0,3.9,790,231.0,0,0.0,-1,1.0,0.1,499,178.0,0,0,0.0,579.0,209.0,0,0,0.0,437.0,166.0,0.0,0.0,0.0,10218,0,22791,1,0.0,0.0,0.0,0.0,0.0,0.0,0.0,0.0,0.0,0.0,0.0,567.0,208.0,0.0,555.0,208.0,0.0,522.0,203.0,0.0,569.0,208.0,,,,35,,Maldini,Kacurri,Kacurri,has joined Morecambe on loan for the rest of the season.,,0,0,0,0,0,0,0,0,0,0,0,0,0,,,,0.0,0.0,0.0,0.0,0.0,0,0,0
15,a,,,3.7,826,263.0,0,0.0,-3,3.0,0.2,359,130.0,0,0,0.0,530.0,184.0,0,0,0.0,374.0,129.0,0.0,0.0,0.0,33400,21,34124,54,1.0,1.0,0.0,0.0,0.0,0.0,0.0,0.0,0.0,0.0,0.0,518.0,183.0,0.0,499.0,181.0,0.0,465.0,175.0,0.0,520.0,183.0,,,,35,,Josh,Nichols,Nichols,,,0,0,0,0,0,0,0,0,0,0,0,0,0,,,,0.0,0.0,0.0,0.0,0.0,0,0,0
16,a,100.0,100.0,9.8,6,4.0,0,0.0,-2,2.0,7.6,56,19.0,145,11,5.0,16.0,7.0,16,541,3.0,110.0,42.0,0.3,14.8,0.0,4248140,11641,5265607,718,4.0,4.0,7.34,6.61,13.95,14.46,0.32,0.29,0.61,0.64,596.0,60.0,17.0,785.6,11.0,11.0,796.0,8.0,3.0,218.0,7.0,4.0,2.0,2.0,1.0,35,,Bukayo,Saka,Saka,,,2049,7,9,10,16,0,0,0,1,0,0,23,168,,,,0.0,0.44,0.7,1.01,7.38,35,25,108
17,d,75.0,75.0,7.8,19,13.0,0,0.0,-2,2.0,1.6,156,54.0,67,0,3.0,202.0,80.0,5,284,1.2,235.0,108.0,0.2,8.6,0.0,395873,29,654932,836,1.7,1.7,1.04,3.46,4.5,15.25,0.07,0.25,0.32,1.1,287.0,233.0,100.0,531.1,41.0,38.0,159.0,204.0,111.0,97.6,130.0,73.0,4.0,,3.0,35,,Martin,Ødegaard,Ødegaard,Knock - 75% chance of playing,,1250,1,6,5,13,0,0,0,0,0,0,15,97,,,,0.0,0.36,0.94,1.08,6.98,19,13,65
18,a,100.0,100.0,6.8,44,28.0,0,0.0,-2,2.0,0.8,212,72.0,60,1,2.5,278.0,116.0,6,204,1.5,217.0,96.0,0.2,8.8,0.0,381544,126,430916,340,2.5,2.5,1.06,2.52,3.58,12.35,0.09,0.2,0.29,1.0,206.8,285.0,118.0,292.3,131.0,90.0,341.0,84.0,48.0,83.9,165.0,86.0,3.0,,,35,,Noni,Madueke,Madueke,,,1112,2,1,7,9,0,0,0,0,0,0,15,64,,,,0.0,0.57,0.73,1.21,5.18,21,11,32
19,a,100.0,100.0,6.8,45,29.0,0,0.0,-2,2.0,0.9,205,71.0,49,0,1.8,386.0,164.0,1,164,0.5,329.0,154.0,0.1,7.2,0.0,196029,87,273577,205,1.5,1.5,3.99,1.03,5.02,9.53,0.37,0.1,0.47,0.88,175.6,311.0,136.0,170.8,211.0,137.0,359.0,77.0,44.0,69.9,219.0,105.0,,,,35,,Gabriel,Martinelli Silva,Martinelli,,,974,1,4,2,7,0,0,0,3,0,0,10,72,,,,0.0,0.18,0.65,0.92,6.65,12,13,47
20,a,100.0,100.0,6.5,48,30.0,0,0.0,-5,5.0,0.8,221,77.0,108,7,3.7,102.0,43.0,10,406,2.2,157.0,68.0,0.3,16.6,0.0,547452,280,515384,256,3.2,3.2,5.09,3.21,8.3,12.66,0.25,0.16,0.41,0.63,447.2,134.0,45.0,507.6,47.0,42.0,459.0,49.0,29.0,141.7,54.0,36.0,,,4.0,35,,Leandro,Trossard,Trossard,,,1817,5,6,9,15,0,0,0,1,0,0,19,126,,,,0.0,0.45,0.74,0.94,6.24,26,26,74
23,u,0.0,0.0,5.4,166,104.0,0,0.0,-1,1.0,0.0,693,279.0,0,0,0.0,813.0,360.0,0,0,0.0,789.0,347.0,0.0,0.0,0.0,933,0,4442,0,0.0,0.0,0.0,0.0,0.0,0.0,0.0,0.0,0.0,0.0,0.0,812.0,359.0,0.0,811.0,359.0,0.0,809.0,358.0,0.0,812.0,359.0,,,,35,,Fábio,Ferreira Vieira,Fábio Vieira,has joined Hamburger on loan for the rest of the season.,,0,0,0,0,0,0,0,0,0,0,0,0,0,,,,0.0,0.0,0.0,0.0,0.0,0,0,0
24,a,100.0,100.0,5.1,224,136.0,0,0.0,-4,4.0,0.1,440,151.0,6,0,1.0,505.0,231.0,0,19,0.0,765.0,332.0,0.0,1.2,0.0,8025,4,61722,14,1.0,1.0,0.05,0.0,0.05,2.23,0.08,0.0,0.08,3.58,15.8,461.0,204.0,0.4,486.0,235.0,7.0,433.0,208.0,2.4,473.0,213.0,,,,35,,Christian,Nørgaard,Nørgaard,,,56,0,0,0,1,0,0,0,0,0,0,0,11,,,,0.0,0.0,1.61,0.0,17.68,0,7,4
25,u,0.0,0.0,5.0,271,165.0,0,0.0,-5,5.0,0.1,462,159.0,8,0,1.3,440.0,196.0,0,20,0.0,755.0,324.0,0.0,1.6,0.0,13149,0,37161,5,0.0,0.0,0.23,0.08,0.31,0.73,0.13,0.04,0.17,0.4,8.6,474.0,211.0,22.5,401.0,202.0,24.0,381.0,191.0,5.4,454.0,203.0,,,,35,,Ethan,Nwaneri,Nwaneri,has joined Marseille on loan for the rest of the season.,,165,0,0,1,0,0,0,0,0,0,0,0,13,,,,0.0,0.55,0.0,0.0,7.09,2,1,10
26,a,100.0,100.0,5.0,265,161.0,0,0.0,-5,5.0,3.1,108,35.0,129,1,3.7,98.0,40.0,9,582,3.0,103.0,36.0,0.6,25.8,0.0,1368561,828,1291962,1747,4.0,4.0,2.84,2.22,5.06,24.73,0.09,0.07,0.16,0.78,580.6,63.0,18.0,354.5,92.0,68.0,271.0,113.0,67.0,120.8,82.0,50.0,,,,35,,Martín,Zubimendi Ibáñez,Zubimendi,,,2861,5,1,16,24,0,0,0,4,0,0,33,299,,,,0.0,0.5,0.75,1.04,9.41,68,119,112
28,u,0.0,0.0,4.5,489,300.0,0,0.0,0,0.0,0.1,493,174.0,0,0,0.0,746.0,310.0,0,0,0.0,664.0,255.0,0.0,0.0,0.0,6731,0,30343,2,0.0,0.0,0.0,0.0,0.0,0.0,0.0,0.0,0.0,0.0,0.0,743.0,308.0,0.0,736.0,308.0,0.0,722.0,303.0,0.0,743.0,308.0,,,,35,,Ismeal,Kabia,Kabia,has joined Shrewsbury Town on loan for the rest of the season.,,0,0,0,0,0,0,0,0,0,0,0,0,0,,,,0.0,0.0,0.0,0.0,0.0,0,0,0
29,u,0.0,0.0,4.5,432,256.0,0,0.0,0,0.0,0.0,588,221.0,0,0,0.0,707.0,276.0,0,0,0.0,616.0,214.0,0.0,0.0,0.0,2952,0,14139,0,0.0,0.0,0.0,0.0,0.0,0.0,0.0,0.0,0.0,0.0,0.0,700.0,270.0,0.0,696.0,273.0,0.0,678.0,265.0,0.0,702.0,272.0,,,,35,,Albert,Sambi Lokonga,Sambi,has joined Hamburger permanently.,,0,0,0,0,0,0,0,0,0,0,0,0,0,,,,0.0,0.0,0.0,0.0,0.0,0,0,0
30,i,0.0,0.0,7.3,27,11.0,0,0.0,-2,2.0,0.6,240,34.0,23,0,2.6,262.0,27.0,0,86,2.8,125.0,18.0,0.4,3.2,0.0,174610,13,237950,2816,0.0,0.0,2.52,0.13,2.65,4.8,0.52,0.03,0.55,0.99,89.8,387.0,45.0,62.0,340.0,43.0,136.0,235.0,47.0,28.9,362.0,46.0,,,,35,,Kai,Havertz,Havertz,Muscle injury - Unknown return date,,437,1,2,3,3,0,0,0,0,0,0,6,25,,,,0.0,0.62,0.62,1.24,5.15,5,8,12
31,a,100.0,100.0,6.4,55,20.0,0,0.0,-1,1.0,0.3,314,49.0,19,1,1.5,420.0,51.0,0,73,0.5,327.0,44.0,0.1,3.0,0.0,150424,80,131992,145,1.5,1.5,1.83,0.23,2.06,3.75,0.48,0.06,0.54,0.98,107.0,372.0,41.0,36.4,378.0,50.0,228.0,139.0,33.0,36.9,333.0,40.0,,,,35,,Gabriel,Fernando de Jesus,G.Jesus,,,344,2,0,0,6,0,0,0,2,0,0,2,27,,,,0.0,0.0,1.57,0.52,7.06,4,5,18
266,a,100.0,100.0,7.3,28,17.0,1,-1.0,-2,2.0,8.8,45,16.0,106,3,3.5,131.0,57.0,8,399,3.0,108.0,41.0,0.4,14.5,0.0,3561949,3175,3842826,1310,4.0,4.0,4.31,2.53,6.84,12.94,0.22,0.13,0.35,0.67,375.0,177.0,68.0,271.1,146.0,98.0,398.0,67.0,39.0,104.2,112.0,67.0,,,,35,,Eberechi,Eze,Eze,,,1732,7,3,9,13,0,0,0,1,0,0,20,110,,,,0.0,0.47,0.68,1.04,5.72,18,21,71
662,a,100.0,100.0,5.3,197,25.0,0,0.0,-2,2.0,0.2,398,149.0,30,1,1.8,385.0,141.0,1,160,0.5,319.0,105.0,0.1,5.7,0.0,51796,80,54787,86,1.5,1.5,0.1,0.51,0.61,6.86,0.01,0.06,0.07,0.81,166.6,322.0,124.0,53.2,354.0,126.0,14.0,405.0,149.0,23.4,380.0,131.0,,,,35,,Cristhian,Mosquera,Mosquera,,,761,0,0,2,7,0,0,0,3,0,0,7,91,,,,0.0,0.24,0.83,0.83,9.22,26,52,28
666,a,100.0,100.0,8.8,9,5.0,0,0.0,-2,2.0,12.3,31,8.0,124,16,3.8,88.0,8.0,16,462,5.8,15.0,4.0,0.7,14.1,0.0,3770660,23606,5297478,3784,6.8,6.8,11.61,1.8,13.4,15.96,0.5,0.08,0.58,0.68,535.2,91.0,7.0,237.3,165.0,14.0,753.0,13.0,8.0,151.8,40.0,10.0,,,2.0,35,,Viktor,Gyökeres,Gyökeres,,,2103,14,1,11,13,0,0,0,5,0,0,25,76,,,,0.0,0.47,0.56,1.07,3.25,6,22,48
700,a,100.0,100.0,4.2,651,373.0,0,0.0,-3,3.0,0.8,217,74.0,13,1,2.6,251.0,100.0,0,45,0.5,299.0,139.0,0.1,3.1,0.0,247144,1139,169900,601,1.5,1.5,1.33,0.14,1.47,0.67,1.32,0.14,1.46,0.66,41.2,432.0,188.0,38.4,376.0,191.0,57.0,332.0,173.0,13.7,407.0,184.0,,,,35,,Max,Dowman,Dowman,,,91,1,1,0,1,0,0,0,0,0,0,0,11,,,,0.0,0.0,0.99,0.0,10.88,2,1,8
711,a,,,4.4,575,345.0,0,0.0,-1,1.0,0.0,707,287.0,0,0,0.0,696.0,270.0,0,0,0.0,600.0,207.0,0.0,0.0,0.0,2008,1,1917,0,1.0,1.0,0.0,0.0,0.0,0.0,0.0,0.0,0.0,0.0,0.0,689.0,264.0,0.0,684.0,267.0,0.0,664.0,258.0,0.0,691.0,266.0,,,,35,,Andre,Harriman-Annous,Harriman-Annous,,,0,0,0,0,0,0,0,0,0,0,0,0,0,,,,0.0,0.0,0.0,0.0,0.0,0,0,0
725,a,100.0,100.0,5.1,235,36.0,0,0.0,-4,4.0,1.0,196,76.0,84,0,3.7,100.0,38.0,7,317,2.5,133.0,49.0,0.5,16.5,0.0,603754,957,480436,1012,3.5,3.5,0.33,1.65,1.98,16.55,0.02,0.09,0.11,0.89,434.8,142.0,62.0,181.0,203.0,54.0,61.0,326.0,103.0,67.5,223.0,78.0,,,,35,,Piero,Hincapié,Hincapie,,,1679,1,2,5,18,1,0,0,2,0,0,19,165,,,,0.0,0.27,0.96,1.02,8.84,47,118,59
759,a,,,4.0,738,205.0,0,0.0,0,0.0,0.0,671,236.0,0,0,0.0,638.0,243.0,0,0,0.0,505.0,206.0,0.0,0.0,0.0,1519,5,1424,4,1.0,1.0,0.0,0.0,0.0,0.0,0.0,0.0,0.0,0.0,0.0,627.0,243.0,0.0,620.0,243.0,0.0,589.0,240.0,0.0,629.0,243.0,,,,35,,Marli,Salmon,Salmon,,,0,0,0,0,0,0,0,0,0,0,0,0,0,,,,0.0,0.0,0.0,0.0,0.0,0,0,0
32,a,100.0,100.0,5.1,223,6.0,0,0.0,1,-1.0,4.7,82,15.0,110,0,3.8,85.0,10.0,10,486,1.2,228.0,17.0,0.2,21.6,0.0,1107097,1499,771540,1009,1.7,1.2,0.0,0.07,0.07,38.71,0.0,0.0,0.0,1.36,683.8,44.0,11.0,13.2,418.0,5.0,0.0,800.0,92.0,69.6,220.0,11.0,,,,35,,Emiliano,Martínez Romero,Martinez,,,2565,0,0,7,33,0,1,0,2,0,85,29,78,,,,2.98,0.25,1.16,1.02,0.0,0,26,249
33,a,100.0,100.0,4.2,628,29.0,0,0.0,-3,3.0,0.4,294,38.0,14,0,2.3,298.0,29.0,0,65,0.8,271.0,21.0,0.2,3.3,0.0,85342,23,117068,22,1.3,0.8,0.0,0.0,0.0,9.68,0.0,0.0,0.0,1.76,118.2,363.0,27.0,0.0,632.0,81.0,0.0,603.0,67.0,11.8,419.0,27.0,,,,35,,Marco,Bizot,M.Bizot,,,495,0,0,1,9,0,0,0,2,0,17,5,23,,,,3.09,0.18,1.64,0.91,0.0,0,7,50
34,u,0.0,0.0,4.0,692,53.0,0,0.0,0,0.0,0.1,509,75.0,0,0,0.0,601.0,74.0,0,0,0.0,463.0,64.0,0.0,0.0,0.0,0,0,17725,3,0.0,0.0,0.0,0.0,0.0,0.0,0.0,0.0,0.0,0.0,0.0,589.0,74.0,0.0,581.0,62.0,0.0,549.0,48.0,0.0,591.0,74.0,,,,35,,Joe,Gauci,Gauci,Has joined Port Vale on loan for the rest of the season.,,0,0,0,0,0,0,0,0,0,0,0,0,0,,,,0.0,0.0,0.0,0.0,0.0,0,0,0
35,u,0.0,0.0,4.0,691,52.0,0,0.0,0,0.0,0.0,758,88.0,0,0,0.0,600.0,73.0,0,0,0.0,462.0,63.0,0.0,0.0,0.0,0,0,1296,0,0.0,0.0,0.0,0.0,0.0,0.0,0.0,0.0,0.0,0.0,0.0,588.0,73.0,0.0,580.0,61.0,0.0,548.0,47.0,0.0,590.0,73.0,,,,35,,Filip,Marschall,Marschall,Has joined Stevenage permanently.,,0,0,0,0,0,0,0,0,0,0,0,0,0,,,,0.0,0.0,0.0,0.0,0.0,0,0,0
36,a,100.0,100.0,4.7,382,64.0,0,0.0,2,-2.0,8.2,49,16.0,110,0,3.5,123.0,44.0,6,417,1.0,246.0,84.0,0.2,23.4,0.0,2967257,1420,2325156,1975,1.5,1.0,1.13,2.75,3.88,41.25,0.04,0.09,0.13,1.37,577.0,67.0,30.0,450.8,57.0,9.0,215.0,153.0,31.0,124.3,76.0,15.0,3.0,,,35,,Matty,Cash,Cash,,,2712,3,2,8,32,0,0,0,8,0,0,31,192,,,,0.0,0.27,1.06,1.03,5.61,57,112,80
37,a,100.0,100.0,4.5,410,74.0,0,0.0,0,0.0,1.6,157,61.0,92,0,3.2,166.0,69.0,5,362,1.8,179.0,67.0,0.4,20.4,0.0,350852,310,381636,319,2.3,1.8,0.63,3.1,3.73,26.19,0.03,0.16,0.19,1.36,367.2,184.0,76.0,424.5,67.0,13.0,126.0,246.0,64.0,91.7,148.0,49.0,2.0,2.0,,35,,Lucas,Digne,Digne,,,1736,0,6,7,21,0,0,0,3,0,0,20,129,,,,0.0,0.36,1.09,1.04,5.44,34,71,60
38,a,100.0,100.0,4.4,531,106.0,0,0.0,-1,1.0,7.7,53,17.0,98,0,3.1,184.0,75.0,3,476,0.8,276.0,90.0,0.2,22.3,0.0,828429,554,2154215,1224,1.3,0.8,1.27,0.57,1.84,45.71,0.04,0.02,0.06,1.44,572.2,71.0,33.0,106.1,281.0,84.0,122.0,250.0,66.0,80.6,175.0,58.0,,,,35,,Ezri,Konsa Ngoyo,Konsa,,,2855,0,1,9,40,0,0,0,0,1,0,32,213,,,,0.0,0.28,1.26,1.01,5.86,21,165,100
39,a,,,4.2,637,145.0,0,0.0,-3,3.0,0.6,255,96.0,46,0,1.8,367.0,135.0,0,224,1.5,196.0,73.0,0.4,11.0,0.0,88369,34,120803,122,2.0,1.5,1.2,2.24,3.44,22.41,0.08,0.15,0.23,1.51,285.0,237.0,93.0,326.1,112.0,29.0,211.0,157.0,33.0,82.4,169.0,56.0,,,,35,,Ian,Maatsen,Maatsen,,,1332,0,1,2,21,0,0,0,2,0,0,14,115,,,,0.0,0.14,1.42,0.95,6.96,36,67,74
40,a,100.0,100.0,4.3,580,126.0,0,0.0,-2,2.0,0.6,239,92.0,45,0,3.2,164.0,67.0,4,152,0.2,337.0,112.0,0.0,10.5,0.0,160116,46,212470,101,0.7,0.2,1.08,0.39,1.47,19.25,0.09,0.03,0.12,1.65,231.0,269.0,109.0,72.5,323.0,109.0,96.0,278.0,80.0,40.0,322.0,108.0,,,,35,,Tyrone,Mings,Mings,,,1052,0,1,3,18,0,0,0,0,0,0,12,102,,,,0.0,0.26,1.54,1.03,7.36,4,82,33
41,a,100.0,100.0,4.3,587,131.0,0,0.0,-2,2.0,0.3,323,118.0,59,0,3.1,183.0,74.0,2,267,0.8,274.0,88.0,0.2,13.7,0.0,74365,34,100107,28,1.3,0.8,0.63,0.39,1.02,21.25,0.04,0.02,0.06,1.22,302.4,224.0,88.0,46.5,365.0,131.0,55.0,334.0,108.0,40.7,320.0,107.0,,,,35,,Pau,Torres,Pau,,,1566,0,1,5,17,1,0,0,1,0,0,17,132,,,,0.0,0.29,0.98,0.98,6.03,21,84,78
42,a,100.0,100.0,3.9,791,232.0,0,0.0,-1,1.0,0.2,373,137.0,4,0,0.8,519.0,177.0,0,7,0.2,332.0,108.0,0.1,1.0,0.0,29872,15,42449,27,0.7,0.2,0.0,0.01,0.01,1.55,0.0,0.02,0.02,3.67,3.2,491.0,175.0,2.7,459.0,166.0,0.0,523.0,204.0,0.6,499.0,174.0,,,,35,,Andrés,García,A.García,,,38,0,0,0,2,0,0,0,0,0,0,0,1,,,,0.0,0.0,4.74,0.0,2.37,1,0,2
44,a,100.0,100.0,4.0,712,184.0,0,0.0,0,0.0,0.5,262,100.0,36,0,1.4,423.0,152.0,4,107,0.5,297.0,97.0,0.1,9.0,0.0,111686,74,97502,65,1.0,0.5,0.0,0.2,0.2,13.0,0.0,0.02,0.02,1.34,115.6,366.0,139.0,55.8,348.0,121.0,14.0,400.0,145.0,18.4,393.0,139.0,,,,35,,Lamare,Bogarde,Bogarde,,,870,0,0,2,14,0,0,0,5,0,0,9,59,,,,0.0,0.21,1.45,0.93,5.17,21,29,37
45,u,0.0,0.0,3.8,809,247.0,0,0.0,-2,2.0,0.2,354,129.0,0,0,0.0,541.0,193.0,0,0,0.0,391.0,143.0,0.0,0.0,0.0,22076,0,39601,28,0.0,0.0,0.0,0.0,0.0,0.0,0.0,0.0,0.0,0.0,0.0,529.0,192.0,0.0,512.0,191.0,0.0,478.0,185.0,0.0,531.0,192.0,,,,35,,Lino,da Cruz Sousa,Sousa,has joined Rotherham on loan for the rest of the season.,,0,0,0,0,0,0,0,0,0,0,0,0,0,,,,0.0,0.0,0.0,0.0,0.0,0,0,0
46,u,0.0,0.0,4.0,728,196.0,0,0.0,0,0.0,0.1,467,173.0,0,0,0.0,629.0,235.0,0,0,0.0,495.0,197.0,0.0,0.0,0.0,4656,0,21145,4,0.0,0.0,0.0,0.0,0.0,0.0,0.0,0.0,0.0,0.0,0.0,618.0,235.0,0.0,611.0,235.0,0.0,580.0,232.0,0.0,620.0,235.0,,,,35,,Yasin,Özcan,Yasin,has joined Anderlecht on loan for the rest of the season.,,0,0,0,0,0,0,0,0,0,0,0,0,0,,,,0.0,0.0,0.0,0.0,0.0,0,0,0
47,a,100.0,100.0,7.5,22,15.0,0,0.0,5,-5.0,25.0,11,3.0,154,0,4.5,33.0,14.0,15,541,4.0,61.0,18.0,0.5,20.5,0.0,6747472,4948,4707583,10105,4.5,4.0,6.62,4.02,10.64,47.34,0.2,0.12,0.32,1.42,665.8,48.0,12.0,634.6,27.0,24.0,822.0,7.0,2.0,211.9,10.0,7.0,,1.0,,35,,Morgan,Rogers,Rogers,,,3010,9,7,9,42,0,0,0,6,0,0,34,205,,,,0.0,0.27,1.26,1.02,6.13,35,45,125
48,a,100.0,100.0,5.9,90,58.0,0,0.0,-1,1.0,0.7,235,82.0,59,0,2.8,226.0,89.0,3,357,1.5,214.0,95.0,0.3,10.0,0.0,167120,149,352232,80,2.0,1.5,1.03,2.86,3.89,27.27,0.06,0.16,0.22,1.56,374.8,178.0,69.0,459.1,56.0,47.0,158.0,207.0,113.0,99.3,125.0,71.0,5.0,,,35,,Youri,Tielemans,Tielemans,,,1571,0,4,4,22,0,0,0,0,0,0,18,172,,,,0.0,0.23,1.26,1.03,9.85,50,44,78
49,a,100.0,100.0,5.5,140,87.0,0,0.0,0,0.0,0.1,468,162.0,14,0,1.4,429.0,188.0,0,44,0.2,364.0,166.0,0.0,2.5,0.0,9351,17,52102,20,0.7,0.2,0.31,1.21,1.52,5.54,0.08,0.31,0.39,1.42,55.2,417.0,181.0,123.1,264.0,160.0,59.0,330.0,172.0,23.8,376.0,177.0,4.0,,,35,,Leon,Bailey,Bailey,,,350,0,1,0,8,0,0,0,1,0,0,2,35,,,,0.0,0.0,2.06,0.51,9.0,7,3,25
50,a,100.0,100.0,5.3,184,116.0,0,0.0,-2,2.0,0.4,299,104.0,87,0,2.7,241.0,95.0,8,309,1.0,260.0,120.0,0.2,16.4,0.0,228291,60,210504,131,1.5,1.0,3.15,1.95,5.1,25.36,0.18,0.11,0.29,1.46,353.8,192.0,75.0,341.3,102.0,72.0,327.0,90.0,52.0,100.9,119.0,68.0,,6.0,2.0,35,,Emiliano,Buendía Stati,Buendía,,,1558,5,2,3,22,0,0,0,6,0,0,19,170,,,,0.0,0.17,1.27,1.1,9.82,39,32,99
51,u,0.0,0.0,5.5,146,92.0,0,0.0,0,0.0,0.0,695,280.0,0,0,0.0,819.0,365.0,0,0,0.0,800.0,355.0,0.0,0.0,0.0,1383,0,3810,1,0.0,0.0,0.0,0.0,0.0,0.0,0.0,0.0,0.0,0.0,0.0,818.0,364.0,0.0,817.0,364.0,0.0,815.0,363.0,0.0,818.0,364.0,,,,35,,Samuel,Iling-Junior,Iling Jr,has joined Pisa on loan for the rest of the season.,,0,0,0,0,0,0,0,0,0,0,0,0,0,,,,0.0,0.0,0.0,0.0,0.0,0,0,0
53,u,0.0,0.0,5.1,228,138.0,0,0.0,-4,4.0,0.4,290,101.0,55,0,2.6,258.0,107.0,3,161,0.0,766.0,333.0,0.0,10.8,0.0,172896,0,340450,21,0.0,0.0,4.03,0.35,4.38,10.59,0.57,0.05,0.62,1.49,183.4,307.0,132.0,99.7,290.0,171.0,290.0,104.0,63.0,56.3,261.0,129.0,,,,35,,Donyell,Malen,Malen,has joined Roma on loan for the rest of the season.,,640,4,2,1,10,0,0,0,0,0,0,5,16,,,,0.0,0.14,1.41,0.7,2.25,4,2,10
54,a,100.0,100.0,5.3,182,114.0,0,0.0,-2,2.0,0.7,227,79.0,91,0,3.4,142.0,60.0,6,389,2.0,174.0,74.0,0.4,17.2,0.0,250366,344,257174,287,2.5,2.0,2.72,3.49,6.21,30.18,0.12,0.16,0.28,1.39,394.2,164.0,60.0,553.7,36.0,33.0,237.0,129.0,75.0,118.3,86.0,51.0,,,,35,,John,McGinn,McGinn,,,1959,4,3,8,25,0,0,0,4,0,0,26,139,,,,0.0,0.37,1.15,1.19,6.39,27,31,81
55,a,100.0,100.0,4.8,347,217.0,0,0.0,-2,2.0,0.1,504,183.0,40,0,2.4,282.0,118.0,3,171,1.2,223.0,101.0,0.3,8.3,0.0,15370,29,16233,63,1.7,1.2,0.81,1.11,1.92,8.09,0.13,0.18,0.31,1.32,164.2,325.0,145.0,115.5,271.0,165.0,131.0,242.0,133.0,41.1,317.0,155.0,,,,35,,Ross,Barkley,Barkley,,,551,2,1,1,8,0,0,0,0,0,0,4,57,,,,0.0,0.16,1.31,0.65,9.31,10,14,33
57,u,0.0,0.0,5.0,261,159.0,0,0.0,0,0.0,0.0,669,268.0,0,0,0.0,797.0,349.0,0,0,0.0,750.0,320.0,0.0,0.0,0.0,889,0,5451,0,0.0,0.0,0.0,0.0,0.0,0.0,0.0,0.0,0.0,0.0,0.0,796.0,348.0,0.0,794.0,348.0,0.0,789.0,346.0,0.0,796.0,348.0,,,,35,,Lewis,Dobbin,Dobbin,Has joined Preston North End on loan for the rest of the season.,,0,0,0,0,0,0,0,0,0,0,0,0,0,,,,0.0,0.0,0.0,0.0,0.0,0,0,0
58,i,0.0,0.0,4.9,311,193.0,0,0.0,-1,1.0,0.2,399,134.0,61,0,3.4,138.0,58.0,7,282,0.0,723.0,299.0,0.0,12.4,0.0,111486,0,121029,8,0.0,0.0,0.53,0.84,1.36,20.8,0.03,0.05,0.08,1.33,325.0,210.0,89.0,241.3,163.0,109.0,75.0,304.0,161.0,64.2,233.0,113.0,,,,35,,Boubacar,Kamara,Kamara,Knee injury - Expected back 01 Jun,,1410,1,3,5,15,0,0,0,5,0,0,17,149,,,,0.0,0.32,0.96,1.09,9.51,38,46,65
59,i,0.0,0.0,4.8,363,225.0,0,0.0,-2,2.0,0.7,234,81.0,75,0,3.1,187.0,72.0,4,348,1.0,250.0,114.0,0.2,15.6,0.0,168080,1,288360,518,0.0,0.0,1.68,0.69,2.37,28.4,0.09,0.04,0.13,1.47,409.6,155.0,53.0,151.1,229.0,146.0,178.0,189.0,102.0,73.9,204.0,96.0,,,,35,,Amadou,Onana,Onana,Knock - Unknown return date,,1738,2,0,6,26,0,0,0,3,0,0,21,217,,,,0.0,0.31,1.35,1.09,11.24,47,98,72
60,u,0.0,0.0,4.4,568,341.0,0,0.0,-1,1.0,0.2,356,121.0,0,0,0.0,692.0,268.0,0,0,0.0,593.0,203.0,0.0,0.0,0.0,38290,0,52425,21,0.0,0.0,0.0,0.0,0.0,0.0,0.0,0.0,0.0,0.0,0.0,685.0,262.0,0.0,680.0,265.0,0.0,660.0,256.0,0.0,687.0,264.0,,,,35,,Ben,Broggio,Broggio,has joined Falkirk on loan for the rest of the season.,,0,0,0,0,0,0,0,0,0,0,0,0,0,,,,0.0,0.0,0.0,0.0,0.0,0,0,0
61,u,0.0,0.0,4.5,413,250.0,0,0.0,0,0.0,0.1,544,201.0,0,0,0.0,699.0,271.0,0,0,0.0,603.0,208.0,0.0,0.0,0.0,2169,0,33792,0,0.0,0.0,0.0,0.0,0.0,0.0,0.0,0.0,0.0,0.0,0.0,692.0,265.0,0.0,687.0,268.0,0.0,667.0,259.0,0.0,694.0,267.0,,,,35,,Leander,Dendoncker,Dendoncker,Has joined Real Oviedo permanently.,,0,0,0,0,0,0,0,0,0,0,0,0,0,,,,0.0,0.0,0.0,0.0,0.0,0,0,0
62,u,0.0,0.0,4.5,473,288.0,0,0.0,0,0.0,0.1,573,214.0,1,0,1.0,487.0,218.0,0,3,0.0,648.0,243.0,0.0,0.2,0.0,8790,0,10945,1,0.0,0.0,0.0,0.0,0.0,0.61,0.0,0.0,0.0,6.86,0.2,513.0,233.0,0.3,489.0,238.0,0.0,709.0,293.0,0.1,515.0,235.0,,,,35,,Jamaldeen,Jimoh-Aloba,Jimoh-Aloba,has joined West Brom on loan for the rest of the season.,,8,0,0,0,0,0,0,0,0,0,0,0,1,,,,0.0,0.0,0.0,0.0,11.25,0,0,1
63,u,0.0,0.0,4.3,608,357.0,0,0.0,-2,2.0,0.5,272,94.0,0,0,0.0,663.0,249.0,0,0,0.0,552.0,178.0,0.0,0.0,0.0,102090,0,134047,64,0.0,0.0,0.0,0.0,0.0,0.0,0.0,0.0,0.0,0.0,0.0,652.0,239.0,0.0,648.0,244.0,0.0,624.0,232.0,0.0,654.0,241.0,,,,35,,Kadan,Young,Young,has joined Reading on loan for the rest of the season.,,0,0,0,0,0,0,0,0,0,0,0,0,0,,,,0.0,0.0,0.0,0.0,0.0,0,0,0
64,a,100.0,100.0,8.8,8,4.0,0,0.0,-2,2.0,15.5,22,5.0,129,0,3.9,79.0,7.0,17,463,5.0,24.0,6.0,0.6,14.7,0.0,3543620,7902,4610948,11357,5.5,5.0,12.48,1.14,13.62,38.8,0.44,0.04,0.48,1.38,522.4,96.0,9.0,300.4,126.0,8.0,958.0,4.0,4.0,177.5,24.0,5.0,,,3.0,35,,Ollie,Watkins,Watkins,,,2533,11,3,9,33,0,0,0,3,0,0,30,89,,,,0.0,0.32,1.17,1.07,3.16,21,21,47
65,u,0.0,0.0,4.5,486,68.0,0,0.0,0,0.0,0.3,333,54.0,0,0,0.0,744.0,80.0,0,0,0.0,661.0,70.0,0.0,0.0,0.0,17574,0,85342,7,0.0,0.0,0.0,0.0,0.0,0.0,0.0,0.0,0.0,0.0,0.0,740.0,79.0,0.0,734.0,78.0,0.0,720.0,78.0,0.0,741.0,79.0,,,,35,,Zépiqueno,Redmond,Redmond,has joined Huddersfield Town on loan for the rest of the season.,,0,0,0,0,0,0,0,0,0,0,0,0,0,,,,0.0,0.0,0.0,0.0,0.0,0,0,0
389,a,100.0,100.0,5.1,234,141.0,0,0.0,-4,4.0,0.2,402,136.0,5,0,1.0,507.0,233.0,0,17,0.0,768.0,335.0,0.0,1.0,0.0,94702,23,103996,12,0.5,0.0,0.29,0.08,0.37,1.74,0.24,0.07,0.31,1.42,11.8,467.0,206.0,31.7,389.0,196.0,31.0,368.0,189.0,7.4,442.0,199.0,,,,35,,Harvey,Elliott,Elliott,,,110,0,0,0,2,0,0,0,0,0,0,1,6,,,,0.0,0.0,1.64,0.82,4.91,0,2,4
456,a,100.0,100.0,5.8,107,69.0,0,0.0,-2,2.0,0.2,367,124.0,34,0,1.6,406.0,173.0,0,129,0.5,325.0,151.0,0.1,5.9,0.0,52420,24,55519,31,1.0,0.5,0.61,1.84,2.45,12.85,0.07,0.21,0.28,1.49,125.0,355.0,160.0,286.8,139.0,94.0,193.0,171.0,93.0,60.7,246.0,121.0,6.0,,,35,,Jadon,Sancho,Sancho,,,778,0,2,2,7,0,0,0,0,0,0,8,39,,,,0.0,0.23,0.81,0.93,4.51,6,11,22
688,a,,,3.9,774,85.0,0,0.0,-1,1.0,0.6,251,34.0,0,0,0.0,566.0,55.0,0,0,0.0,422.0,43.0,0.0,0.0,0.0,62224,16,47824,37,0.5,0.0,0.0,0.0,0.0,0.0,0.0,0.0,0.0,0.0,0.0,554.0,55.0,0.0,541.0,38.0,0.0,508.0,24.0,0.0,556.0,55.0,,,,35,,James,Wright,Wright,,,0,0,0,0,0,0,0,0,0,0,0,0,0,,,,0.0,0.0,0.0,0.0,0.0,0,0,0
699,a,100.0,100.0,4.9,313,194.0,0,0.0,-1,1.0,0.1,516,187.0,31,0,1.7,396.0,170.0,0,191,0.2,358.0,163.0,0.0,6.3,0.0,28871,22,24710,32,0.7,0.2,0.5,1.4,1.9,11.58,0.05,0.15,0.2,1.26,176.6,310.0,135.0,291.9,132.0,91.0,87.0,292.0,157.0,55.6,263.0,131.0,1.0,,,35,,Douglas Luiz,Soares de Paulo,Douglas Luiz,,,830,1,1,1,13,0,0,0,3,0,0,11,93,,,,0.0,0.11,1.41,1.19,10.08,20,24,49
701,u,0.0,0.0,4.0,725,193.0,0,0.0,0,0.0,0.1,546,192.0,0,0,0.0,626.0,232.0,0,0,0.0,492.0,194.0,0.0,0.0,0.0,8943,0,10815,3,0.0,0.0,0.0,0.0,0.0,0.0,0.0,0.0,0.0,0.0,0.0,615.0,232.0,0.0,608.0,232.0,0.0,577.0,229.0,0.0,617.0,232.0,,,,35,,Triston,Rowe,Rowe,has joined Annecy on loan for the rest of the season.,,0,0,0,0,0,0,0,0,0,0,0,0,0,,,,0.0,0.0,0.0,0.0,0.0,0,0,0
702,a,,,4.3,624,371.0,0,0.0,-2,2.0,0.1,496,177.0,1,0,1.0,476.0,208.0,0,3,0.0,565.0,189.0,0.0,0.2,0.0,13647,174,10125,31,0.5,0.0,0.0,0.0,0.0,0.9,0.0,0.0,0.0,5.06,0.0,663.0,249.0,0.3,488.0,237.0,0.0,635.0,242.0,0.0,665.0,251.0,,,,35,,Bradley,Burrowes,Burrowes,,,16,0,0,0,1,0,0,0,0,0,0,0,1,,,,0.0,0.0,5.62,0.0,5.62,0,0,1
703,a,,,3.9,785,92.0,0,0.0,-1,1.0,0.6,249,33.0,0,0,0.0,575.0,61.0,0,0,0.0,432.0,49.0,0.0,0.0,0.0,94841,13,49851,76,0.5,0.0,0.0,0.0,0.0,0.0,0.0,0.0,0.0,0.0,0.0,563.0,61.0,0.0,551.0,45.0,0.0,518.0,31.0,0.0,565.0,61.0,,,,35,,Sam,Proctor,Proctor,,,0,0,0,0,0,0,0,0,0,0,0,0,0,,,,0.0,0.0,0.0,0.0,0.0,0,0,0
710,a,,,3.9,782,227.0,0,0.0,-1,1.0,0.2,387,143.0,0,0,0.0,572.0,206.0,0,0,0.0,429.0,162.0,0.0,0.0,0.0,33780,6,24022,13,0.5,0.0,0.0,0.0,0.0,0.0,0.0,0.0,0.0,0.0,0.0,560.0,205.0,0.0,548.0,205.0,0.0,515.0,200.0,0.0,562.0,205.0,,,,35,,Travis,Patterson,Patterson,,,0,0,0,0,0,0,0,0,0,0,0,0,0,,,,0.0,0.0,0.0,0.0,0.0,0,0,0
719,a,100.0,100.0,4.5,418,79.0,0,0.0,0,0.0,0.1,484,175.0,24,0,1.8,370.0,137.0,0,99,0.5,308.0,103.0,0.1,5.3,0.0,22131,16,16003,21,1.0,0.5,0.28,0.07,0.35,11.9,0.04,0.01,0.05,1.62,130.0,349.0,132.0,28.9,391.0,141.0,22.0,387.0,136.0,18.2,394.0,140.0,,,,35,,Victor,Lindelöf,Lindelöf,,,662,0,1,1,10,0,0,0,0,0,0,7,38,,,,0.0,0.14,1.36,0.95,5.17,5,33,14
754,a,,,4.5,487,298.0,0,0.0,0,0.0,0.0,750,318.0,2,0,1.0,491.0,221.0,0,5,0.0,662.0,253.0,0.0,0.4,0.0,1292,4,847,1,0.5,0.0,0.04,0.01,0.05,0.61,0.14,0.04,0.18,2.2,0.0,741.0,306.0,1.7,470.0,225.0,2.0,453.0,222.0,0.3,507.0,231.0,,,,35,,George,Hemmings,George Hemmings,,,25,0,0,0,0,0,0,0,0,0,0,0,1,,,,0.0,0.0,0.0,0.0,3.6,0,0,1
757,a,,,4.0,714,63.0,0,0.0,0,0.0,0.0,702,83.0,0,0,0.0,616.0,83.0,0,0,0.0,481.0,74.0,0.0,0.0,0.0,1464,7,1061,6,0.5,0.0,0.0,0.0,0.0,0.0,0.0,0.0,0.0,0.0,0.0,605.0,83.0,0.0,598.0,72.0,0.0,566.0,58.0,0.0,607.0,83.0,,,,35,,Ronnie,Hollingshead,Hollingshead,,,0,0,0,0,0,0,0,0,0,0,0,0,0,,,,0.0,0.0,0.0,0.0,0.0,0,0,0
768,a,,,4.0,748,214.0,0,0.0,0,0.0,0.0,688,244.0,0,0,0.0,645.0,249.0,0,0,0.0,514.0,214.0,0.0,0.0,0.0,785,0,748,2,0.5,0.0,0.0,0.0,0.0,0.0,0.0,0.0,0.0,0.0,0.0,634.0,249.0,0.0,627.0,249.0,0.0,597.0,247.0,0.0,636.0,249.0,,,,35,,Leon,Routh,Leon Routh,,,0,0,0,0,0,0,0,0,0,0,0,0,0,,,,0.0,0.0,0.0,0.0,0.0,0,0,0
781,a,,,4.0,740,207.0,0,0.0,0,0.0,0.0,701,248.0,0,0,0.0,639.0,244.0,0,0,0.0,507.0,208.0,0.0,0.0,0.0,938,5,643,1,0.5,0.0,0.0,0.0,0.0,0.0,0.0,0.0,0.0,0.0,0.0,628.0,244.0,0.0,621.0,244.0,0.0,590.0,241.0,0.0,630.0,244.0,,,,35,,TJ,Carroll,Carroll,,,0,0,0,0,0,0,0,0,0,0,0,0,0,,,,0.0,0.0,0.0,0.0,0.0,0,0,0
792,a,100.0,100.0,5.0,283,175.0,0,0.0,0,0.0,0.0,785,342.0,3,0,1.0,504.0,230.0,0,11,0.0,764.0,331.0,0.0,0.6,0.0,383,2,262,2,0.5,0.0,0.05,0.05,0.1,1.87,0.1,0.1,0.2,3.58,3.2,493.0,225.0,3.5,457.0,219.0,10.0,422.0,206.0,1.5,484.0,220.0,,,,35,,Alysson Edward Franco,da Rocha dos Santos,Alysson,,,47,0,0,0,2,0,0,0,0,0,0,0,4,,,,0.0,0.0,3.83,0.0,7.66,0,1,3
808,a,,,5.8,105,30.0,0,0.0,-2,2.0,0.2,388,60.0,22,0,2.0,347.0,39.0,2,91,1.8,191.0,24.0,0.3,3.8,0.0,90784,96,69894,196,2.3,1.8,2.05,0.36,2.41,4.16,0.84,0.15,0.99,1.71,87.0,390.0,46.0,47.9,362.0,46.0,136.0,234.0,46.0,26.9,372.0,47.0,,,,35,,Tammy,Abraham,Abraham,,,219,2,0,0,6,0,0,0,0,0,0,1,11,,,,0.0,0.0,2.47,0.41,4.52,4,2,5
183,a,,,4.2,644,35.0,0,0.0,-3,3.0,0.1,455,66.0,0,0,0.0,652.0,93.0,0,0,0.0,529.0,85.0,0.0,0.0,0.0,8428,7,18248,12,-0.5,-0.5,0.0,0.0,0.0,0.0,0.0,0.0,0.0,0.0,0.0,642.0,93.0,0.0,636.0,84.0,0.0,610.0,73.0,0.0,644.0,93.0,,,,35,,Max,Weiß,Weiss,,,0,0,0,0,0,0,0,0,0,0,0,0,0,,,,0.0,0.0,0.0,0.0,0.0,0,0,0
184,u,0.0,0.0,4.0,698,57.0,0,0.0,0,0.0,0.2,409,58.0,0,0,0.0,606.0,78.0,0,0,0.0,468.0,68.0,0.0,0.0,0.0,4943,0,34530,3,0.0,0.0,0.0,0.0,0.0,0.0,0.0,0.0,0.0,0.0,0.0,594.0,78.0,0.0,586.0,66.0,0.0,554.0,52.0,0.0,596.0,78.0,,,,35,,Etienne,Green,Green,has joined FC Fredericia permanently.,,0,0,0,0,0,0,0,0,0,0,0,0,0,,,,0.0,0.0,0.0,0.0,0.0,0,0,0
185,a,,,3.9,749,69.0,0,0.0,-1,1.0,0.2,418,59.0,0,0,0.0,550.0,42.0,0,0,0.0,403.0,29.0,0.0,0.0,0.0,15531,6,22170,11,-0.5,-0.5,0.0,0.0,0.0,0.0,0.0,0.0,0.0,0.0,0.0,538.0,42.0,0.0,522.0,22.0,0.0,489.0,8.0,0.0,540.0,42.0,,,,35,,Václav,Hladký,Hladký,,,0,0,0,0,0,0,0,0,0,0,0,0,0,,,,0.0,0.0,0.0,0.0,0.0,0,0,0
186,i,0.0,0.0,4.3,583,128.0,0,0.0,-2,2.0,0.0,659,233.0,0,0,0.0,658.0,253.0,0,0,0.0,538.0,227.0,0.0,0.0,0.0,1791,1,9408,1,0.0,0.0,0.0,0.0,0.0,0.0,0.0,0.0,0.0,0.0,0.0,647.0,253.0,0.0,642.0,253.0,0.0,616.0,252.0,0.0,649.0,253.0,,,,35,,Connor,Roberts,Roberts,Achilles injury - Unknown return date,,0,0,0,0,0,0,0,0,0,0,0,0,0,,,,0.0,0.0,0.0,0.0,0.0,0,0,0
187,a,100.0,100.0,4.4,524,100.0,0,0.0,-1,1.0,1.1,188,73.0,65,1,2.0,341.0,124.0,3,216,0.8,275.0,89.0,0.2,14.8,0.0,159540,48,273920,137,0.3,0.3,0.15,1.22,1.37,62.71,0.0,0.04,0.04,2.0,470.2,126.0,57.0,217.3,176.0,44.0,26.0,377.0,130.0,71.6,216.0,76.0,,,,35,,Kyle,Walker,Walker,,,2825,0,2,4,62,0,0,0,9,0,0,32,251,,,,0.0,0.13,1.98,1.02,6.31,49,149,142
188,u,0.0,0.0,3.8,800,239.0,0,0.0,-2,2.0,0.2,384,141.0,0,0,0.0,537.0,189.0,0,0,0.0,384.0,137.0,0.0,0.0,0.0,26052,0,43412,15,0.0,0.0,0.0,0.0,0.0,0.0,0.0,0.0,0.0,0.0,0.0,525.0,188.0,0.0,507.0,187.0,0.0,473.0,181.0,0.0,527.0,188.0,,,,35,,Hannes,Delcroix,Delcroix,has joined Lugano permanently.,,0,0,0,0,0,0,0,0,0,0,0,0,0,,,,0.0,0.0,0.0,0.0,0.0,0,0,0
189,u,0.0,0.0,4.0,690,174.0,0,0.0,0,0.0,0.0,733,254.0,0,0,0.0,599.0,219.0,0,0,0.0,461.0,178.0,0.0,0.0,0.0,0,0,2392,0,0.0,0.0,0.0,0.0,0.0,0.0,0.0,0.0,0.0,0.0,0.0,587.0,218.0,0.0,579.0,218.0,0.0,547.0,214.0,0.0,589.0,218.0,,,,35,,Owen,Dodgson,Dodgson,Has joined Stockport County on loan for the rest of the season.,,0,0,0,0,0,0,0,0,0,0,0,0,0,,,,0.0,0.0,0.0,0.0,0.0,0,0,0
190,a,,,3.8,806,245.0,0,0.0,-2,2.0,0.7,228,87.0,52,3,2.7,229.0,89.0,2,159,2.0,159.0,57.0,0.5,13.7,0.0,251443,150,217155,90,1.5,1.5,0.25,0.32,0.57,31.03,0.01,0.02,0.03,1.81,372.0,182.0,74.0,55.8,347.0,120.0,88.0,290.0,85.0,51.7,276.0,88.0,,,,35,,Hjalmar,Ekdal,Ekdal,,,1539,0,0,2,34,0,0,0,0,0,0,17,188,,,,0.0,0.12,1.99,0.99,10.18,24,150,49
191,a,100.0,100.0,3.9,773,223.0,0,0.0,-1,1.0,6.9,59,19.0,80,3,2.5,264.0,100.0,0,248,2.8,112.0,45.0,0.7,20.5,0.0,805617,258,2090006,848,2.3,2.3,0.73,0.58,1.31,64.35,0.02,0.02,0.04,2.1,698.6,39.0,15.0,92.1,299.0,96.0,97.0,277.0,79.0,89.0,153.0,53.0,,,,35,,Maxime,Estève,Estève,,,2762,0,0,3,67,2,0,0,1,0,0,32,339,,,,0.0,0.1,2.18,1.04,10.2,40,273,107
192,a,,,4.0,703,180.0,0,0.0,0,0.0,0.6,252,95.0,63,1,3.0,198.0,79.0,0,228,2.5,127.0,48.0,0.6,15.8,0.0,190233,67,190728,114,2.0,2.0,0.32,1.98,2.3,42.91,0.02,0.1,0.12,2.12,422.2,148.0,64.0,288.8,137.0,36.0,83.0,296.0,87.0,79.5,180.0,59.0,,,,35,,Quilindschy,Hartman,Hartman,,,1825,0,6,3,40,0,0,0,1,0,0,21,173,,,,0.0,0.15,1.97,1.04,7.55,52,101,69
193,a,100.0,100.0,3.9,769,221.0,0,0.0,-1,1.0,0.1,451,170.0,44,0,2.4,280.0,105.0,1,196,1.0,238.0,79.0,0.3,11.3,0.0,22267,7,19449,36,0.5,0.5,0.42,0.67,1.09,33.18,0.03,0.04,0.07,2.02,356.0,190.0,78.0,132.1,251.0,67.0,99.0,274.0,78.0,58.5,251.0,84.0,,,,35,,Bashir,Humphreys,Humphreys,,,1476,0,2,2,32,0,0,0,6,0,0,16,136,,,,0.0,0.12,1.95,0.98,8.29,27,109,64
194,i,0.0,0.0,3.9,765,218.0,0,0.0,-1,1.0,0.1,571,203.0,0,0,0.0,560.0,201.0,0,0,0.0,416.0,156.0,0.0,0.0,0.0,2207,2,15855,3,0.0,0.0,0.0,0.0,0.0,0.0,0.0,0.0,0.0,0.0,0.0,548.0,200.0,0.0,535.0,200.0,0.0,502.0,195.0,0.0,550.0,200.0,,,,35,,Jordan,Beyer,Jordan,Hamstring injury - Unknown return date,,0,0,0,0,0,0,0,0,0,0,0,0,0,,,,0.0,0.0,0.0,0.0,0.0,0,0,0
197,u,0.0,0.0,3.8,812,250.0,0,0.0,-2,2.0,0.2,400,150.0,13,0,1.9,350.0,128.0,0,20,0.0,394.0,146.0,0.0,3.4,0.0,34622,0,36702,31,0.0,0.0,0.55,0.08,0.63,3.79,0.3,0.04,0.34,2.08,44.8,425.0,158.0,18.1,407.0,149.0,30.0,370.0,124.0,9.2,428.0,154.0,,,,35,,Oliver,Sonne,Sonne,has joined Sparta Prague on loan for the rest of the season.,,164,1,0,0,4,0,0,0,0,0,0,1,10,,,,0.0,0.0,2.2,0.55,3.84,2,5,4
198,a,100.0,100.0,3.9,760,216.0,0,0.0,-1,1.0,0.9,207,82.0,27,0,2.5,263.0,99.0,0,81,0.0,412.0,155.0,0.0,6.9,0.0,138159,12,302139,51,-0.5,-0.5,0.61,0.11,0.72,24.88,0.06,0.01,0.07,2.41,225.2,272.0,110.0,9.8,438.0,155.0,52.0,336.0,109.0,28.9,361.0,123.0,,,,35,,Axel,Tuanzebe,Tuanzebe,,,931,1,0,1,22,1,0,0,1,0,0,11,106,,,,0.0,0.1,2.13,1.06,9.38,12,85,29
199,a,100.0,100.0,3.8,797,236.0,0,0.0,-2,2.0,0.2,380,138.0,20,0,1.8,363.0,131.0,0,40,0.0,382.0,135.0,0.0,5.3,0.0,31524,8,29626,56,-0.5,-0.5,0.08,0.02,0.1,11.68,0.01,0.0,0.01,2.12,147.4,334.0,128.0,1.5,471.0,171.0,19.0,392.0,139.0,17.0,398.0,141.0,,,,35,,Joe,Worrall,Worrall,,,496,0,0,0,11,0,0,0,0,0,0,5,77,,,,0.0,0.0,2.0,0.91,13.79,4,72,10
200,a,100.0,100.0,5.0,260,158.0,0,0.0,-5,5.0,1.9,146,48.0,116,5,3.4,140.0,59.0,6,471,2.8,117.0,45.0,0.6,23.2,0.0,1285396,160,1147687,479,2.3,2.3,4.48,2.76,7.24,54.58,0.16,0.1,0.26,2.0,537.4,90.0,29.0,514.7,44.0,40.0,563.0,32.0,16.0,161.5,32.0,25.0,2.0,,,35,,Jaidon,Anthony,Anthony,,,2456,7,4,4,55,0,0,0,4,0,0,29,215,,,,0.0,0.15,2.02,1.06,7.88,39,46,130
201,u,0.0,0.0,5.4,157,97.0,0,0.0,-1,1.0,0.0,719,297.0,0,0,0.0,810.0,358.0,0,0,0.0,784.0,344.0,0.0,0.0,0.0,1070,0,3158,0,0.0,0.0,0.0,0.0,0.0,0.0,0.0,0.0,0.0,0.0,0.0,809.0,357.0,0.0,808.0,357.0,0.0,806.0,356.0,0.0,809.0,357.0,,,,35,,Manuel,Benson Hedilazio,Benson,has joined Maccabi Haifa permanently.,,0,0,0,0,0,0,0,0,0,0,0,0,0,,,,0.0,0.0,0.0,0.0,0.0,0,0,0
202,a,100.0,100.0,5.2,203,125.0,0,0.0,-3,3.0,0.0,623,240.0,38,0,1.5,416.0,180.0,0,112,0.5,318.0,149.0,0.1,7.3,0.0,6539,4,9145,6,0.0,0.0,1.35,1.07,2.42,23.03,0.12,0.1,0.22,2.08,114.8,369.0,165.0,193.2,193.0,125.0,132.0,240.0,131.0,44.0,305.0,149.0,,2.0,3.0,35,,Jacob,Bruun Larsen,Bruun Larsen,,,998,0,1,3,29,0,0,0,0,0,0,10,63,,,,0.0,0.27,2.62,0.9,5.68,12,20,31
203,a,,,4.7,394,245.0,0,0.0,-3,3.0,0.0,593,223.0,0,0,0.0,775.0,333.0,0,0,0.0,704.0,285.0,0.0,0.0,0.0,4646,10,7706,5,-0.5,-0.5,0.0,0.0,0.0,0.0,0.0,0.0,0.0,0.0,0.0,774.0,332.0,0.0,769.0,332.0,0.0,759.0,328.0,0.0,774.0,332.0,,,,35,,Enock,Agyei,Boateng,,,0,0,0,0,0,0,0,0,0,0,0,0,0,,,,0.0,0.0,0.0,0.0,0.0,0,0,0
204,u,0.0,0.0,4.9,317,197.0,0,0.0,-1,1.0,0.0,732,305.0,0,0,0.0,783.0,338.0,0,0,0.0,726.0,302.0,0.0,0.0,0.0,160,0,2091,0,0.0,0.0,0.0,0.0,0.0,0.0,0.0,0.0,0.0,0.0,0.0,782.0,337.0,0.0,778.0,337.0,0.0,774.0,335.0,0.0,782.0,337.0,,,,35,,Darko,Churlinov,Churlinov,has joined Kocaelispor  permanently.,,0,0,0,0,0,0,0,0,0,0,0,0,0,,,,0.0,0.0,0.0,0.0,0.0,0,0,0
205,i,0.0,0.0,4.9,296,183.0,0,0.0,-1,1.0,0.8,214,73.0,70,0,3.9,72.0,32.0,8,321,0.0,717.0,296.0,0.0,14.3,0.0,568749,0,544733,57,0.0,0.0,0.94,1.36,2.3,32.5,0.06,0.08,0.14,1.93,342.0,198.0,79.0,218.1,174.0,116.0,98.0,275.0,149.0,66.0,227.0,110.0,,,,35,,Josh,Cullen,Cullen,Knee injury - Expected back 30 Sep,,1513,2,2,3,29,1,0,0,2,0,0,18,173,,,,0.0,0.18,1.73,1.07,10.29,32,68,73
206,a,100.0,100.0,4.7,380,237.0,0,0.0,-3,3.0,0.1,492,173.0,50,0,2.3,303.0,128.0,2,180,1.2,221.0,99.0,0.3,10.6,0.0,26783,16,28333,32,0.7,0.7,1.48,1.7,3.18,24.12,0.13,0.15,0.28,2.08,173.6,314.0,137.0,255.7,155.0,104.0,218.0,150.0,85.0,64.6,231.0,112.0,,3.0,,35,,Marcus,Edwards,Edwards,,,1043,1,3,1,18,0,0,0,0,0,0,11,66,,,,0.0,0.09,1.55,0.95,5.7,11,6,49
207,a,100.0,50.0,4.7,389,241.0,0,0.0,-3,3.0,0.1,441,152.0,52,0,2.2,315.0,134.0,4,219,0.0,703.0,284.0,0.0,11.1,0.0,29904,13,35727,42,-0.5,-0.2,0.62,1.35,1.97,24.25,0.05,0.12,0.17,2.15,206.6,286.0,119.0,239.2,164.0,110.0,90.0,288.0,154.0,53.5,271.0,137.0,,,,35,,Hannibal,Mejbri,Hannibal,,,1017,1,4,2,23,0,0,0,8,0,0,12,96,,,,0.0,0.18,2.04,1.06,8.5,25,14,57
208,u,0.0,0.0,5.0,267,162.0,0,0.0,0,0.0,0.0,744,314.0,0,0,0.0,800.0,351.0,0,0,0.0,753.0,322.0,0.0,0.0,0.0,68,0,3041,0,0.0,0.0,0.0,0.0,0.0,0.0,0.0,0.0,0.0,0.0,0.0,799.0,350.0,0.0,797.0,350.0,0.0,792.0,348.0,0.0,799.0,350.0,,,,35,,Luca,Koleosho,Koleosho,has joined Paris FC on loan for the rest of the season.,,0,0,0,0,0,0,0,0,0,0,0,0,0,,,,0.0,0.0,0.0,0.0,0.0,0,0,0
209,a,100.0,100.0,4.8,348,218.0,0,0.0,-2,2.0,0.0,619,238.0,54,1,1.7,395.0,169.0,1,229,1.0,249.0,113.0,0.2,11.2,0.0,6375,5,7249,4,0.5,0.5,0.87,0.48,1.35,39.07,0.05,0.03,0.08,2.04,287.2,231.0,98.0,184.1,197.0,128.0,111.0,260.0,142.0,57.4,258.0,126.0,,,,35,,Josh,Laurent,Laurent,,,1722,1,0,2,41,0,0,0,6,1,0,18,179,,,,0.0,0.1,2.14,0.94,9.36,44,72,63
210,a,,,4.8,365,227.0,0,0.0,-2,2.0,0.0,633,244.0,48,6,1.8,374.0,158.0,0,166,2.2,144.0,58.0,0.5,10.0,0.0,5018,20,6190,7,1.7,1.7,1.17,0.75,1.92,20.73,0.1,0.07,0.17,1.84,146.6,335.0,149.0,161.9,219.0,141.0,143.0,227.0,124.0,45.4,302.0,148.0,,4.0,,35,,Loum,Tchaouna,Tchaouna,,,1014,2,1,2,20,0,0,0,2,0,0,11,51,,,,0.0,0.18,1.78,0.98,4.53,15,12,24
211,u,0.0,0.0,4.4,546,326.0,0,0.0,-1,1.0,1.4,165,58.0,0,0,0.0,679.0,259.0,0,0,0.0,576.0,190.0,0.0,0.0,0.0,62789,0,933695,34,0.0,0.0,0.0,0.0,0.0,0.0,0.0,0.0,0.0,0.0,0.0,669.0,250.0,0.0,665.0,254.0,0.0,643.0,243.0,0.0,671.0,252.0,,,,35,,Aaron,Ramsey,A.Ramsey,has joined Leicester City on loan for the rest of the season.,,0,0,0,0,0,0,0,0,0,0,0,0,0,,,,0.0,0.0,0.0,0.0,0.0,0,0,0
212,u,0.0,0.0,4.5,482,294.0,0,0.0,0,0.0,0.0,771,330.0,0,0,0.0,742.0,307.0,0,0,0.0,657.0,249.0,0.0,0.0,0.0,0,0,2770,0,0.0,0.0,0.0,0.0,0.0,0.0,0.0,0.0,0.0,0.0,0.0,738.0,304.0,0.0,732.0,305.0,0.0,717.0,299.0,0.0,739.0,305.0,,,,35,,Oluwaseun,Adewumi,Adewumi,Has joined Cercle Brugge on loan for the rest of the season.,,0,0,0,0,0,0,0,0,0,0,0,0,0,,,,0.0,0.0,0.0,0.0,0.0,0,0,0
213,u,0.0,0.0,4.5,467,284.0,0,0.0,0,0.0,0.0,627,241.0,1,0,1.0,485.0,216.0,0,2,0.0,643.0,239.0,0.0,0.2,0.0,7482,0,9258,1,0.0,0.0,0.0,0.0,0.0,0.05,0.0,0.0,0.0,0.5,0.0,726.0,295.0,0.5,483.0,232.0,0.0,704.0,289.0,0.0,727.0,296.0,,,,35,,Jaydon,Banel,Banel,has joined Derby County on loan for the rest of the season.,,9,0,0,0,0,0,0,0,0,0,0,0,0,,,,0.0,0.0,0.0,0.0,0.0,0,0,0
214,a,100.0,100.0,4.3,589,348.0,0,0.0,-2,2.0,0.1,539,199.0,6,0,1.0,469.0,203.0,0,18,0.5,301.0,141.0,0.1,1.4,0.0,15181,121,17123,23,0.0,0.0,0.0,0.0,0.0,1.65,0.0,0.0,0.0,4.01,7.2,477.0,214.0,15.2,412.0,204.0,2.0,448.0,219.0,2.4,472.0,212.0,,,,35,,Mike,Trésor Ndayishimiye,Trésor,,,37,0,0,0,2,0,0,0,0,0,0,0,5,,,,0.0,0.0,4.86,0.0,12.16,1,0,4
215,a,100.0,100.0,5.3,188,44.0,0,0.0,-2,2.0,0.3,303,46.0,84,2,3.2,176.0,15.0,8,313,3.2,93.0,14.0,0.6,15.8,0.0,190463,128,176732,254,2.7,2.7,6.85,0.36,7.21,32.64,0.41,0.02,0.43,1.94,393.8,165.0,15.0,143.5,237.0,26.0,474.0,46.0,18.0,100.2,120.0,18.0,,5.0,1.0,35,,Zian,Flemming,Flemming,,,1511,9,0,3,31,0,0,0,3,0,0,18,85,,,,0.0,0.18,1.85,1.07,5.06,11,44,30
216,a,100.0,50.0,4.8,368,63.0,0,0.0,-2,2.0,0.0,677,86.0,1,1,1.0,497.0,60.0,0,4,0.2,354.0,49.0,0.0,0.2,0.0,2508,8,6735,5,-0.3,-0.1,0.07,0.01,0.08,0.17,0.45,0.06,0.51,1.09,1.4,503.0,58.0,1.9,467.0,60.0,5.0,437.0,60.0,0.8,494.0,60.0,,,,35,,Zeki,Amdouni,Amdouni,,,14,0,0,0,0,0,0,0,0,0,0,0,0,,,,0.0,0.0,0.0,0.0,0.0,0,0,0
217,a,100.0,100.0,4.9,321,60.0,0,0.0,-1,1.0,0.8,222,31.0,57,0,2.3,305.0,33.0,4,201,0.5,315.0,42.0,0.1,11.6,0.0,456723,47,452996,115,0.0,0.0,3.22,0.37,3.59,27.65,0.22,0.02,0.24,1.86,219.0,276.0,27.0,147.0,232.0,25.0,256.0,120.0,30.0,61.5,243.0,30.0,,,,35,,Lyle,Foster,Foster,,,1340,3,2,4,30,0,0,0,4,0,0,15,84,,,,0.0,0.27,2.01,1.01,5.64,16,27,41
218,a,,,4.2,625,88.0,0,0.0,-3,3.0,1.3,176,27.0,5,0,1.0,467.0,56.0,0,10,0.0,520.0,52.0,0.0,1.2,0.0,235939,119,370401,258,-0.5,-0.5,0.11,0.0,0.11,2.07,0.28,0.0,0.28,5.32,0.2,512.0,63.0,0.6,480.0,61.0,9.0,424.0,57.0,1.0,490.0,58.0,,,2.0,35,,Ashley,Barnes,Barnes,,,35,0,0,0,3,0,0,0,1,0,0,0,2,,,,0.0,0.0,7.71,0.0,5.14,0,0,2
219,u,0.0,0.0,4.4,534,76.0,0,0.0,-1,1.0,0.1,471,67.0,0,0,0.0,676.0,70.0,0,0,0.0,571.0,60.0,0.0,0.0,0.0,4151,0,40780,3,0.0,0.0,0.0,0.0,0.0,0.0,0.0,0.0,0.0,0.0,0.0,666.0,69.0,0.0,662.0,68.0,0.0,640.0,68.0,0.0,668.0,69.0,,,,35,,Michael,Obafemi,Obafemi,has joined Blackpool on loan for the rest of the season.,,0,0,0,0,0,0,0,0,0,0,0,0,0,,,,0.0,0.0,0.0,0.0,0.0,0,0,0
470,a,100.0,100.0,4.0,667,41.0,0,0.0,0,0.0,26.9,10,2.0,96,2,2.7,230.0,26.0,7,436,2.0,160.0,14.0,0.5,24.0,0.0,1788580,788,2203321,4368,1.5,1.5,0.0,0.04,0.04,71.26,0.0,0.0,0.0,2.04,976.4,6.0,1.0,0.0,560.0,50.0,0.0,528.0,36.0,97.9,129.0,1.0,,,,35,,Martin,Dúbravka,Dúbravka,,,3150,0,0,4,71,0,0,0,1,0,127,35,96,,,,3.63,0.11,2.03,1.0,0.0,1,59,291
614,a,100.0,100.0,5.6,122,76.0,0,0.0,-4,4.0,0.2,378,129.0,37,2,2.5,275.0,114.0,0,232,3.0,105.0,38.0,0.5,6.6,0.0,24397,23,51355,79,2.5,2.5,0.24,1.71,1.95,22.7,0.02,0.14,0.16,1.92,204.8,291.0,121.0,364.6,88.0,65.0,22.0,389.0,195.0,59.1,247.0,122.0,1.0,1.0,,35,,James,Ward-Prowse,Ward-Prowse,,,1062,0,1,2,27,0,0,0,1,0,0,12,105,,,,0.0,0.17,2.29,1.02,8.9,15,44,46
676,a,100.0,100.0,5.0,273,167.0,0,0.0,0,0.0,0.1,479,168.0,88,0,2.8,220.0,86.0,5,325,1.0,255.0,118.0,0.2,17.6,0.0,44308,9,41629,41,0.5,0.5,2.3,0.29,2.59,48.61,0.1,0.01,0.11,2.08,376.8,176.0,67.0,150.2,230.0,147.0,194.0,168.0,92.0,71.9,215.0,103.0,,,,35,,Lesley,Ugochukwu,Ugochukwu,,,2108,3,2,3,47,0,0,0,1,1,0,24,192,,,,0.0,0.13,2.01,1.02,8.2,47,56,89
680,a,100.0,100.0,5.2,211,48.0,0,0.0,-3,3.0,0.1,424,62.0,43,1,1.8,382.0,44.0,2,119,1.0,258.0,34.0,0.2,8.3,0.0,48275,7,61349,14,0.5,0.5,2.14,0.22,2.36,23.35,0.23,0.02,0.25,2.49,102.0,378.0,43.0,78.9,317.0,38.0,207.0,162.0,38.0,38.5,325.0,38.0,,,,35,,Armando,Broja,Broja,,,843,1,1,1,27,0,0,0,0,0,0,8,44,,,,0.0,0.11,2.88,0.85,4.7,6,12,26
67,a,,,4.6,400,20.0,0,0.0,1,-1.0,5.2,75,12.0,106,0,3.1,186.0,21.0,5,436,1.0,245.0,20.0,0.2,23.0,0.0,1162221,327,915895,1451,1.0,1.0,0.0,0.0,0.0,51.1,0.0,0.0,0.0,1.5,748.4,25.0,7.0,0.0,764.0,90.0,0.0,752.0,82.0,75.0,195.0,7.0,,,,35,,Đorđe,Petrović,Petrović,,,3060,0,0,9,52,1,0,0,3,0,100,34,98,,,,2.94,0.26,1.53,1.0,0.0,0,60,252
68,u,0.0,0.0,4.0,687,51.0,0,0.0,0,0.0,0.7,229,30.0,0,0,0.0,597.0,72.0,0,0,0.0,458.0,62.0,0.0,0.0,0.0,47217,0,91321,38,0.0,0.0,0.0,0.0,0.0,0.0,0.0,0.0,0.0,0.0,0.0,585.0,72.0,0.0,577.0,60.0,0.0,545.0,46.0,0.0,587.0,72.0,,,,35,,Will,Dennis,Dennis,has joined Leyton Orient on loan for the rest of the season.,,0,0,0,0,0,0,0,0,0,0,0,0,0,,,,0.0,0.0,0.0,0.0,0.0,0,0,0
69,a,,,3.9,787,93.0,0,0.0,-1,1.0,0.2,358,51.0,0,0,0.0,577.0,62.0,0,0,0.0,434.0,50.0,0.0,0.0,0.0,23625,8,21993,29,0.0,0.0,0.0,0.0,0.0,0.0,0.0,0.0,0.0,0.0,0.0,565.0,62.0,0.0,553.0,46.0,0.0,520.0,32.0,0.0,567.0,62.0,,,,35,,Callan,McKenna,McKenna,,,0,0,0,0,0,0,0,0,0,0,0,0,0,,,,0.0,0.0,0.0,0.0,0.0,0,0,0
70,u,0.0,0.0,4.0,704,59.0,0,0.0,0,0.0,0.1,578,79.0,0,0,0.0,611.0,80.0,0,0,0.0,473.0,70.0,0.0,0.0,0.0,1107,0,10645,1,0.0,0.0,0.0,0.0,0.0,0.0,0.0,0.0,0.0,0.0,0.0,599.0,80.0,0.0,591.0,68.0,0.0,559.0,54.0,0.0,601.0,80.0,,,,35,,Alex,Paulsen,Paulsen,Has joined Lechia Gdansk on loan for the rest of the season.,,0,0,0,0,0,0,0,0,0,0,0,0,0,,,,0.0,0.0,0.0,0.0,0.0,0,0,0
71,u,0.0,0.0,5.0,264,41.0,0,0.0,0,0.0,0.0,674,237.0,0,0,0.0,799.0,265.0,0,0,0.0,752.0,256.0,0.0,0.0,0.0,0,0,8223,0,0.0,0.0,0.0,0.0,0.0,0.0,0.0,0.0,0.0,0.0,0.0,798.0,265.0,0.0,796.0,265.0,0.0,791.0,265.0,0.0,798.0,265.0,,,,35,,Illia,Zabarnyi,Zabarnyi,Has joined Paris Saint-Germain permanently.,,0,0,0,0,0,0,0,0,0,0,0,0,0,,,,0.0,0.0,0.0,0.0,0.0,0,0,0
72,a,100.0,100.0,5.2,208,28.0,0,0.0,7,-7.0,20.6,13,4.0,147,0,4.5,29.0,11.0,11,482,2.5,134.0,50.0,0.5,28.3,0.0,6031479,3190,3707245,7060,2.5,2.5,1.53,4.52,6.05,49.15,0.05,0.14,0.19,1.51,1000.0,4.0,2.0,342.2,101.0,26.0,193.0,170.0,39.0,153.8,38.0,3.0,,,,35,,Marcos,Senesi Barón,Senesi,,,2928,0,5,9,51,0,0,0,8,0,0,33,421,,,,0.0,0.28,1.57,1.01,11.62,56,322,137
73,a,100.0,100.0,4.4,523,99.0,0,0.0,-1,1.0,0.2,391,145.0,39,0,2.1,329.0,122.0,2,123,0.2,342.0,114.0,0.0,8.9,0.0,28795,20,43720,15,0.2,0.2,0.0,0.2,0.2,13.96,0.0,0.02,0.02,1.56,120.8,356.0,135.0,59.3,345.0,118.0,18.0,396.0,142.0,19.8,390.0,137.0,,,,35,,Adam,Smith,Smith,,,805,0,1,4,15,0,0,0,3,0,0,11,56,,,,0.0,0.45,1.68,1.23,5.93,12,41,22
74,a,,,4.7,391,67.0,0,0.0,2,-2.0,4.5,85,26.0,139,0,4.1,54.0,22.0,14,500,4.2,46.0,22.0,0.9,29.6,0.0,1050524,2033,574108,1688,4.2,4.2,0.98,2.62,3.6,48.8,0.03,0.08,0.11,1.46,744.2,27.0,10.0,460.2,55.0,8.0,157.0,208.0,52.0,136.2,59.0,10.0,,,,35,,Adrien,Truffert,Truffert,,,3018,1,4,9,49,0,0,0,4,0,0,34,328,,,,0.0,0.27,1.46,1.01,8.29,89,189,170
75,a,100.0,100.0,3.8,813,251.0,0,0.0,-2,2.0,0.2,385,142.0,0,0,0.0,544.0,196.0,0,0,0.0,395.0,147.0,0.0,0.0,0.0,15807,22,33584,14,0.0,0.0,0.0,0.0,0.0,0.0,0.0,0.0,0.0,0.0,0.0,532.0,195.0,0.0,515.0,194.0,0.0,481.0,188.0,0.0,534.0,195.0,,,,35,,Matai,Akinmboni,Akinmboni,,,0,0,0,0,0,0,0,0,0,0,0,0,0,,,,0.0,0.0,0.0,0.0,0.0,0,0,0
76,a,,,3.8,811,249.0,0,0.0,-2,2.0,0.2,395,148.0,0,0,0.0,543.0,195.0,0,0,0.0,393.0,145.0,0.0,0.0,0.0,16333,13,21368,16,0.0,0.0,0.0,0.0,0.0,0.0,0.0,0.0,0.0,0.0,0.0,531.0,194.0,0.0,514.0,193.0,0.0,480.0,187.0,0.0,533.0,194.0,,,,35,,Owen,Bevan,Bevan,,,0,0,0,0,0,0,0,0,0,0,0,0,0,,,,0.0,0.0,0.0,0.0,0.0,0,0,0
77,a,,,4.2,638,146.0,0,0.0,2,-2.0,7.6,55,18.0,90,0,3.6,106.0,39.0,2,318,2.0,162.0,59.0,0.5,21.4,0.0,1381582,474,495589,3311,2.0,2.0,0.79,1.1,1.88,27.8,0.04,0.06,0.1,1.44,494.0,113.0,52.0,128.6,258.0,71.0,109.0,264.0,72.0,73.4,208.0,74.0,,,,35,,James,Hill,Hill,,,1742,0,3,6,22,2,0,0,3,0,0,18,228,,,,0.0,0.31,1.14,0.93,11.31,33,186,62
78,u,0.0,0.0,3.8,802,241.0,0,0.0,-2,2.0,0.5,270,101.0,0,0,0.0,538.0,190.0,0,0,0.0,385.0,138.0,0.0,0.0,0.0,47440,0,136050,32,0.0,0.0,0.0,0.0,0.0,0.0,0.0,0.0,0.0,0.0,0.0,526.0,189.0,0.0,508.0,188.0,0.0,474.0,182.0,0.0,528.0,189.0,,,,35,,Julián,Araujo Zúñiga,J.Araujo,has joined Celtic on loan for the rest of the season.,,0,0,0,0,0,0,0,0,0,0,0,0,0,,,,0.0,0.0,0.0,0.0,0.0,0,0,0
79,u,0.0,0.0,4.0,680,169.0,0,0.0,0,0.0,0.1,551,195.0,0,0,0.0,590.0,215.0,0,0,0.0,451.0,173.0,0.0,0.0,0.0,1400,0,16842,2,0.0,0.0,0.0,0.0,0.0,0.0,0.0,0.0,0.0,0.0,0.0,578.0,214.0,0.0,570.0,214.0,0.0,538.0,210.0,0.0,580.0,214.0,,,,35,,Chris,Mepham,Mepham,has joined West Bromwich Albion permanently.,,0,0,0,0,0,0,0,0,0,0,0,0,0,,,,0.0,0.0,0.0,0.0,0.0,0,0,0
80,a,100.0,100.0,3.9,789,230.0,0,0.0,-1,1.0,0.2,389,144.0,3,0,1.0,461.0,167.0,0,2,0.0,436.0,165.0,0.0,0.8,0.0,18003,17,34449,8,0.0,0.0,0.0,0.0,0.0,1.62,0.0,0.0,0.0,4.29,1.8,499.0,177.0,2.5,462.0,168.0,2.0,445.0,167.0,0.6,498.0,173.0,,,,35,,Julio,Soler Barreto,Soler,,,34,0,0,0,2,0,0,0,0,0,0,0,1,,,,0.0,0.0,5.29,0.0,2.65,1,0,4
81,d,25.0,25.0,6.9,38,23.0,0,0.0,-1,1.0,0.6,250,88.0,40,0,2.2,322.0,141.0,3,147,0.0,824.0,369.0,0.0,5.8,0.0,190770,3,253124,33,0.0,0.0,2.24,1.54,3.78,16.78,0.22,0.15,0.37,1.65,146.6,336.0,150.0,304.1,123.0,84.0,128.0,245.0,134.0,57.8,255.0,124.0,,3.0,1.0,35,,Justin,Kluivert,Kluivert,Lack of match fitness - 25% chance of playing,,914,2,0,4,18,0,0,0,4,0,0,10,62,,,,0.0,0.39,1.77,0.98,6.11,10,8,44
84,a,100.0,100.0,5.4,160,100.0,0,0.0,-1,1.0,5.2,74,25.0,120,0,4.0,62.0,28.0,11,467,2.8,119.0,47.0,0.5,22.2,0.0,1597517,906,1012092,2268,2.8,2.8,8.46,3.82,12.28,36.32,0.32,0.14,0.46,1.37,562.2,76.0,22.0,659.0,24.0,22.0,519.0,37.0,20.0,174.2,27.0,21.0,2.0,2.0,4.0,35,,Marcus,Tavernier,Tavernier,,,2390,6,4,9,42,0,0,0,5,0,0,27,223,,,,0.0,0.34,1.58,1.02,8.4,35,55,133
85,a,100.0,100.0,4.9,299,186.0,0,0.0,-1,1.0,0.3,343,118.0,66,0,3.1,188.0,73.0,3,305,1.5,203.0,88.0,0.3,13.5,0.0,82031,42,95932,17,1.5,1.5,0.61,0.51,1.12,22.77,0.04,0.03,0.07,1.39,334.0,202.0,83.0,110.2,276.0,167.0,110.0,262.0,143.0,55.7,262.0,130.0,,,,35,,Tyler,Adams,Adams,,,1474,2,2,6,26,0,0,0,7,0,0,18,191,,,,0.0,0.37,1.59,1.1,11.66,42,70,79
86,a,100.0,100.0,5.0,245,148.0,0,0.0,0,0.0,0.2,397,133.0,53,0,1.9,353.0,151.0,4,196,1.2,226.0,103.0,0.2,10.6,0.0,74967,39,80710,22,1.2,1.2,5.13,3.24,8.37,18.76,0.4,0.25,0.65,1.47,210.6,283.0,116.0,357.9,91.0,67.0,414.0,58.0,33.0,96.8,131.0,74.0,5.0,4.0,,35,,David,Brooks,Brooks,,,1151,1,2,5,19,0,0,0,7,0,0,13,88,,,,0.0,0.39,1.49,1.02,6.88,17,19,52
87,a,100.0,100.0,4.9,291,180.0,0,0.0,-1,1.0,0.2,406,139.0,48,0,2.0,343.0,147.0,2,208,1.5,201.0,87.0,0.3,9.8,0.0,32188,36,25721,141,1.5,1.5,1.81,0.76,2.57,17.93,0.18,0.07,0.25,1.76,219.0,275.0,114.0,182.8,200.0,130.0,220.0,148.0,83.0,62.6,239.0,118.0,6.0,,,35,,Ryan,Christie,Christie,,,916,2,1,3,14,0,0,0,3,0,0,8,114,,,,0.0,0.29,1.38,0.79,11.2,24,32,58
88,d,50.0,0.0,4.9,290,179.0,0,0.0,-1,1.0,0.0,634,245.0,38,0,2.4,286.0,121.0,0,184,0.0,714.0,293.0,0.0,7.8,0.0,11826,2,11371,3,0.0,0.0,0.07,0.52,0.59,13.49,0.01,0.05,0.06,1.4,206.0,287.0,120.0,183.3,199.0,129.0,12.0,412.0,201.0,40.4,321.0,157.0,4.0,,,35,,Lewis,Cook,Cook,Lack of match fitness - 50% chance of playing,,870,0,1,1,18,0,0,0,1,1,0,8,143,,,,0.0,0.1,1.86,0.83,14.79,25,56,62
89,u,0.0,0.0,4.9,293,182.0,0,0.0,-1,1.0,0.0,681,273.0,0,0,0.0,779.0,335.0,0,0,0.0,716.0,295.0,0.0,0.0,0.0,598,0,6644,0,0.0,0.0,0.0,0.0,0.0,0.0,0.0,0.0,0.0,0.0,0.0,778.0,334.0,0.0,774.0,334.0,0.0,769.0,331.0,0.0,778.0,334.0,,,,35,,Philip,Billing,Philip,has joined Midtjylland permanently.,,0,0,0,0,0,0,0,0,0,0,0,0,0,,,,0.0,0.0,0.0,0.0,0.0,0,0,0
90,a,100.0,100.0,5.1,239,144.0,0,0.0,1,-1.0,2.5,126,41.0,125,0,3.7,101.0,42.0,9,557,4.2,49.0,15.0,0.8,24.5,0.0,602302,724,303261,2344,4.2,4.2,3.76,2.62,6.38,43.47,0.13,0.09,0.22,1.52,559.6,79.0,24.0,430.1,65.0,52.0,305.0,100.0,60.0,129.1,71.0,45.0,3.0,6.0,,35,,Alex,Scott,Scott,,,2578,3,2,9,40,0,0,0,4,0,0,31,346,,,,0.0,0.31,1.4,1.08,12.08,54,124,168
91,u,0.0,0.0,5.0,252,152.0,0,0.0,0,0.0,0.0,747,316.0,0,0,0.0,795.0,347.0,0,0,0.0,746.0,316.0,0.0,0.0,0.0,396,0,3905,0,0.0,0.0,0.0,0.0,0.0,0.0,0.0,0.0,0.0,0.0,0.0,794.0,346.0,0.0,792.0,346.0,0.0,787.0,344.0,0.0,794.0,346.0,,,,35,,Luis,Sinisterra Lucumí,Sinisterra,has joined Cruzeiro on loan for the rest of the season.,,0,0,0,0,0,0,0,0,0,0,0,0,0,,,,0.0,0.0,0.0,0.0,0.0,0,0,0
92,u,0.0,0.0,4.5,434,258.0,0,0.0,0,0.0,0.1,565,209.0,0,0,0.0,709.0,278.0,0,0,0.0,618.0,216.0,0.0,0.0,0.0,4403,0,19837,4,0.0,0.0,0.0,0.0,0.0,0.0,0.0,0.0,0.0,0.0,0.0,702.0,272.0,0.0,698.0,275.0,0.0,680.0,267.0,0.0,704.0,274.0,,,,35,,Romain,Faivre,Faivre,has joined Auxerre permanently.,,0,0,0,0,0,0,0,0,0,0,0,0,0,,,,0.0,0.0,0.0,0.0,0.0,0,0,0
93,u,0.0,0.0,4.5,429,255.0,0,0.0,0,0.0,0.3,342,117.0,4,0,4.0,58.0,27.0,0,12,0.0,614.0,213.0,0.0,0.9,0.0,114900,0,165941,7,0.0,0.0,0.0,0.0,0.0,0.4,0.0,0.0,0.0,2.25,21.2,457.0,201.0,10.0,432.0,212.0,0.0,676.0,264.0,3.1,470.0,210.0,,,,35,,Hamed,Traorè,H.Traorè,has joined Marseille on loan for the rest of the season.,,16,0,1,0,2,0,0,0,0,0,0,0,4,,,,0.0,0.0,11.25,0.0,22.5,1,1,2
94,u,0.0,0.0,4.5,466,283.0,0,0.0,0,0.0,0.0,650,254.0,0,0,0.0,731.0,299.0,0,0,0.0,642.0,238.0,0.0,0.0,0.0,3895,0,8260,0,0.0,0.0,0.0,0.0,0.0,0.0,0.0,0.0,0.0,0.0,0.0,725.0,294.0,0.0,720.0,296.0,0.0,703.0,288.0,0.0,726.0,295.0,,,,35,,Dominic,Sadi,Sadi,has joined Novi Pazar on loan for the rest of the season.,,0,0,0,0,0,0,0,0,0,0,0,0,0,,,,0.0,0.0,0.0,0.0,0.0,0,0,0
95,u,0.0,0.0,4.4,557,334.0,0,0.0,-1,1.0,0.1,582,217.0,0,0,0.0,685.0,265.0,0,0,0.0,584.0,198.0,0.0,0.0,0.0,15405,0,21671,3,0.0,0.0,0.0,0.0,0.0,0.0,0.0,0.0,0.0,0.0,0.0,676.0,257.0,0.0,672.0,261.0,0.0,651.0,251.0,0.0,678.0,259.0,,,,35,,Zain,Silcott-Duberry,Silcott-Duberry,has joined Olympiakos permanently.,,0,0,0,0,0,0,0,0,0,0,0,0,0,,,,0.0,0.0,0.0,0.0,0.0,0,0,0
96,u,0.0,0.0,4.5,499,308.0,0,0.0,0,0.0,0.0,648,253.0,1,0,1.0,493.0,222.0,0,3,0.0,673.0,263.0,0.0,0.2,0.0,2964,0,10054,1,0.0,0.0,0.0,0.0,0.0,0.31,0.0,0.0,0.0,4.65,0.0,752.0,315.0,0.0,745.0,315.0,0.0,731.0,310.0,0.0,752.0,315.0,,,,35,,Ben,Winterburn,Winterburn,has joined Barnet on loan for the rest of the season.,,6,0,0,0,2,0,0,0,0,0,0,0,0,,,,0.0,0.0,30.0,0.0,0.0,0,0,0
97,a,100.0,100.0,6.7,46,16.0,0,0.0,-3,3.0,2.5,123,19.0,105,0,3.3,160.0,14.0,6,368,2.8,123.0,17.0,0.4,15.7,0.0,1287830,778,1251195,1523,2.8,2.8,9.56,1.26,10.82,35.82,0.35,0.05,0.4,1.31,333.6,203.0,19.0,369.3,87.0,3.0,769.0,9.0,6.0,146.9,48.0,11.0,,,,35,,Francisco Evanilson,de Lima Barbosa,Evanilson,,,2460,6,6,9,39,0,0,0,2,0,0,28,112,,,,0.0,0.33,1.43,1.02,4.1,10,34,68
98,a,100.0,100.0,5.4,155,38.0,0,0.0,-1,1.0,0.0,592,80.0,23,0,1.2,448.0,53.0,1,61,0.5,320.0,43.0,0.1,4.3,0.0,15193,19,12533,15,0.5,0.5,1.85,0.06,1.91,4.16,0.95,0.03,0.98,2.14,50.8,422.0,50.0,13.0,419.0,54.0,86.0,294.0,52.0,14.1,405.0,51.0,,1.0,,35,,Enes,Ünal,Enes Ünal,,,175,1,0,0,2,0,0,0,1,0,0,0,15,,,,0.0,0.0,1.03,0.0,7.71,1,9,5
99,u,0.0,0.0,4.4,572,83.0,0,0.0,-1,1.0,0.1,438,63.0,0,0,0.0,695.0,77.0,0,0,0.0,597.0,67.0,0.0,0.0,0.0,22144,0,44606,4,0.0,0.0,0.0,0.0,0.0,0.0,0.0,0.0,0.0,0.0,0.0,688.0,76.0,0.0,683.0,75.0,0.0,663.0,75.0,0.0,690.0,76.0,,,,35,,Daniel,Adu-Adjei,Adu-Adjei,has joined HNK Rijeka permanently.,,0,0,0,0,0,0,0,0,0,0,0,0,0,,,,0.0,0.0,0.0,0.0,0.0,0,0,0
100,a,100.0,100.0,4.6,405,65.0,0,0.0,1,-1.0,5.7,68,13.0,95,0,3.3,150.0,13.0,11,415,4.0,55.0,7.0,0.9,20.7,0.0,2083921,3895,1524132,2177,4.0,4.0,6.86,1.26,8.12,22.45,0.45,0.08,0.53,1.48,454.4,132.0,13.0,278.7,144.0,11.0,468.0,47.0,19.0,120.1,83.0,15.0,,,2.0,35,,Junior,Kroupi,Kroupi.Jr,,,1369,11,0,7,20,0,0,0,5,0,0,17,98,,,,0.0,0.46,1.31,1.12,6.44,8,38,52
391,a,100.0,100.0,4.8,369,230.0,0,0.0,-2,2.0,0.0,642,248.0,9,0,1.5,412.0,176.0,0,26,0.2,355.0,161.0,0.0,1.9,0.0,4837,4,8199,5,0.2,0.2,0.09,0.1,0.19,3.51,0.12,0.13,0.25,4.65,28.4,447.0,198.0,14.9,413.0,205.0,17.0,399.0,198.0,6.0,448.0,200.0,,,,35,,Ben,Gannon-Doak,Gannon-Doak,,,68,0,1,0,1,0,0,0,0,0,0,0,9,,,,0.0,0.0,1.32,0.0,11.91,5,1,3
685,a,100.0,100.0,4.1,657,157.0,0,0.0,-4,4.0,0.3,341,123.0,46,0,2.6,250.0,98.0,2,164,0.0,516.0,216.0,0.0,11.2,0.0,99546,17,99269,29,0.0,0.0,0.02,0.19,0.21,22.47,0.0,0.01,0.01,1.59,267.0,248.0,98.0,54.3,350.0,123.0,22.0,385.0,134.0,34.4,341.0,113.0,,,,35,,Bafodé,Diakité,Diakité,,,1275,0,0,4,27,0,0,0,1,0,0,15,147,,,,0.0,0.28,1.91,1.06,8.26,20,97,48
687,a,,,4.3,619,366.0,0,0.0,-2,2.0,0.2,396,132.0,0,0,0.0,670.0,255.0,0,0,0.0,561.0,185.0,0.0,0.0,0.0,27063,30,22938,41,0.0,0.0,0.0,0.0,0.0,0.0,0.0,0.0,0.0,0.0,0.0,659.0,245.0,0.0,655.0,250.0,0.0,631.0,238.0,0.0,661.0,247.0,,,,35,,Remy,Rees-Dottin,Rees-Dottin,,,0,0,0,0,0,0,0,0,0,0,0,0,0,,,,0.0,0.0,0.0,0.0,0.0,0,0,0
697,a,,,5.4,171,107.0,0,0.0,-1,1.0,0.2,355,120.0,64,0,2.3,308.0,131.0,4,238,0.2,363.0,165.0,0.0,11.9,0.0,119973,12,95737,228,0.2,0.2,2.6,1.62,4.22,16.83,0.22,0.14,0.36,1.46,267.2,247.0,107.0,234.6,166.0,111.0,258.0,119.0,69.0,75.4,193.0,95.0,,,,35,,Amine,Adli,Adli,,,1041,3,2,3,17,0,0,0,2,0,0,10,119,,,,0.0,0.26,1.47,0.86,10.29,34,25,60
713,a,,,4.5,468,95.0,0,0.0,0,0.0,0.2,362,132.0,68,0,2.3,302.0,114.0,2,272,1.0,243.0,83.0,0.2,15.1,0.0,66445,41,41970,102,1.0,1.0,1.07,1.61,2.68,40.22,0.04,0.07,0.11,1.63,392.8,167.0,71.0,250.3,158.0,40.0,180.0,185.0,46.0,82.3,170.0,57.0,,,,35,,Álex,Jiménez Sánchez,A.Jimenez,,,2225,1,2,5,39,0,0,0,10,0,0,25,159,,,,0.0,0.2,1.58,1.01,5.82,65,79,128
721,a,100.0,100.0,4.4,574,121.0,0,0.0,-1,1.0,0.0,646,231.0,19,0,2.7,235.0,92.0,0,63,0.0,599.0,238.0,0.0,4.3,0.0,6654,2,6181,1,0.0,0.0,0.15,0.19,0.34,4.42,0.04,0.05,0.09,1.08,98.4,381.0,143.0,13.9,416.0,153.0,10.0,420.0,158.0,12.2,418.0,149.0,,,,35,,Veljko,Milosavljevic,Milosavljević,,,367,0,0,1,6,0,0,0,0,0,0,4,42,,,,0.0,0.25,1.47,0.98,9.56,5,34,13
756,a,,,4.5,520,323.0,0,0.0,0,0.0,0.0,743,313.0,0,0,0.0,769.0,328.0,0,0,0.0,691.0,277.0,0.0,0.0,0.0,1993,5,1372,3,0.0,0.0,0.0,0.0,0.0,0.0,0.0,0.0,0.0,0.0,0.0,768.0,327.0,0.0,761.0,327.0,0.0,748.0,323.0,0.0,768.0,327.0,,,,35,,Malcom,DaCosta,DaCosta,,,0,0,0,0,0,0,0,0,0,0,0,0,0,,,,0.0,0.0,0.0,0.0,0.0,0,0,0
799,a,,,4.5,516,320.0,0,0.0,0,0.0,0.0,778,335.0,0,0,0.0,766.0,326.0,0,0,0.0,687.0,274.0,0.0,0.0,0.0,851,4,438,2,0.0,0.0,0.0,0.0,0.0,0.0,0.0,0.0,0.0,0.0,0.0,765.0,325.0,0.0,758.0,325.0,0.0,744.0,320.0,0.0,765.0,325.0,,,,35,,Charlie,Stevens,Stevens,,,0,0,0,0,0,0,0,0,0,0,0,0,0,,,,0.0,0.0,0.0,0.0,0.0,0,0,0
801,a,,,4.9,340,211.0,0,0.0,-1,1.0,0.0,763,325.0,6,0,0.9,517.0,240.0,0,20,0.8,282.0,130.0,0.2,1.2,0.0,990,0,637,2,0.8,0.8,0.06,0.25,0.31,3.52,0.07,0.29,0.36,4.06,8.2,476.0,213.0,34.3,383.0,193.0,14.0,404.0,199.0,5.6,452.0,202.0,,,,35,,Alex,Tóth,Tóth.A,,,78,0,0,0,2,0,0,0,1,0,0,1,10,,,,0.0,0.0,2.31,1.15,11.54,1,4,5
806,a,,,4.0,685,50.0,0,0.0,0,0.0,0.0,756,87.0,0,0,0.0,595.0,71.0,0,0,0.0,456.0,61.0,0.0,0.0,0.0,789,1,489,2,0.0,0.0,0.0,0.0,0.0,0.0,0.0,0.0,0.0,0.0,0.0,583.0,71.0,0.0,575.0,59.0,0.0,543.0,45.0,0.0,585.0,71.0,,,,35,,Christos,Mandas,Mandas,,,0,0,0,0,0,0,0,0,0,0,0,0,0,,,,0.0,0.0,0.0,0.0,0.0,0,0,0
807,a,,,5.4,172,108.0,0,0.0,-1,1.0,1.4,170,59.0,45,0,4.1,55.0,24.0,2,169,3.2,95.0,30.0,0.6,8.3,0.0,443767,182,268724,1145,3.2,3.2,1.63,1.55,3.18,15.42,0.19,0.18,0.37,1.75,194.6,298.0,128.0,175.0,205.0,133.0,171.0,195.0,106.0,54.1,270.0,136.0,,,,35,,Rayan Vitor,Simplício Rocha,Rayan,,,792,3,2,3,9,0,0,0,1,0,0,9,51,,,,0.0,0.34,1.02,1.02,5.8,8,14,29
27,a,100.0,100.0,4.8,351,221.0,0,0.0,-2,2.0,0.1,495,176.0,12,0,1.3,439.0,195.0,0,36,1.2,224.0,102.0,0.3,2.5,0.0,10951,12,18704,12,0.7,1.2,0.71,0.11,0.82,2.03,0.55,0.08,0.63,1.56,42.4,430.0,187.0,32.1,387.0,195.0,29.0,372.0,190.0,9.9,424.0,192.0,,,,35,,Reiss,Nelson,Nelson,,,117,0,1,0,2,0,0,0,0,0,0,0,23,,,,0.0,0.0,1.54,0.0,17.69,4,3,16
83,a,100.0,100.0,5.8,111,71.0,0,0.0,-2,2.0,2.1,137,45.0,118,6,4.1,56.0,25.0,13,372,3.0,106.0,39.0,0.5,20.3,0.0,1028001,178,799895,4235,2.5,3.0,6.5,3.89,10.39,28.7,0.28,0.17,0.45,1.25,430.0,145.0,49.0,389.8,80.0,62.0,609.0,27.0,13.0,142.2,53.0,35.0,3.0,,,35,,Dango,Ouattara,O.Dango,,,2069,5,8,6,30,0,0,0,5,0,0,23,175,,,,0.0,0.26,1.3,1.0,7.61,23,70,82
101,a,100.0,100.0,4.8,352,12.0,0,0.0,3,-3.0,12.5,30,4.0,132,8,3.9,70.0,7.0,9,520,4.5,35.0,3.0,0.9,27.5,0.0,1639227,1216,1292768,6516,4.0,4.5,0.0,0.22,0.22,45.74,0.0,0.01,0.01,1.35,789.0,18.0,5.0,23.0,400.0,4.0,0.0,760.0,86.0,81.3,173.0,4.0,,,,35,,Caoimhín,Kelleher,Kelleher,,,3060,0,0,10,43,0,3,0,1,0,92,34,95,,,,2.71,0.29,1.26,1.0,0.0,1,42,264
102,a,,,3.9,764,81.0,0,0.0,-1,1.0,0.3,352,49.0,0,0,0.0,559.0,51.0,0,0,0.0,415.0,39.0,0.0,0.0,0.0,17009,7,25671,17,-0.5,0.0,0.0,0.0,0.0,0.0,0.0,0.0,0.0,0.0,0.0,547.0,51.0,0.0,534.0,34.0,0.0,501.0,20.0,0.0,549.0,51.0,,,,35,,Ellery,Balcombe,Balcombe,,,0,0,0,0,0,0,0,0,0,0,0,0,0,,,,0.0,0.0,0.0,0.0,0.0,0,0,0
103,u,0.0,0.0,3.9,780,89.0,0,0.0,-1,1.0,0.1,444,64.0,0,0,0.0,570.0,58.0,0,0,0.0,427.0,46.0,0.0,0.0,0.0,11791,0,15920,11,0.0,0.0,0.0,0.0,0.0,0.0,0.0,0.0,0.0,0.0,0.0,558.0,58.0,0.0,546.0,42.0,0.0,513.0,28.0,0.0,560.0,58.0,,,,35,,Matthew,Cox,Cox,has joined Shrewsbury Town on loan for the rest of the season.,,0,0,0,0,0,0,0,0,0,0,0,0,0,,,,0.0,0.0,0.0,0.0,0.0,0,0,0
104,a,,,3.9,783,90.0,0,0.0,-1,1.0,0.1,472,69.0,0,0,0.0,573.0,59.0,0,0,0.0,430.0,47.0,0.0,0.0,0.0,13359,6,11552,14,-0.5,0.0,0.0,0.0,0.0,0.0,0.0,0.0,0.0,0.0,0.0,561.0,59.0,0.0,549.0,43.0,0.0,516.0,29.0,0.0,563.0,59.0,,,,35,,Julian,Eyestone,Eyestone,,,0,0,0,0,0,0,0,0,0,0,0,0,0,,,,0.0,0.0,0.0,0.0,0.0,0,0,0
105,a,,,3.8,808,96.0,0,0.0,-2,2.0,0.8,218,29.0,1,0,1.0,458.0,37.0,0,1,0.0,390.0,27.0,0.0,0.3,0.0,69519,687,81716,168,-0.5,0.0,0.0,0.0,0.0,0.97,0.0,0.0,0.0,0.97,13.0,464.0,37.0,0.0,511.0,20.0,0.0,477.0,6.0,1.3,488.0,37.0,,,,35,,Hákon Rafn,Valdimarsson,Valdimarsson,,,90,0,0,0,3,0,0,0,0,0,1,1,0,,,,1.0,0.0,3.0,1.0,0.0,0,0,7
106,a,,,4.9,319,52.0,0,0.0,-1,1.0,2.7,118,46.0,122,6,3.8,82.0,30.0,7,424,4.2,47.0,23.0,0.9,24.9,0.0,728153,270,595770,2222,3.7,4.2,2.14,1.37,3.51,39.78,0.07,0.05,0.12,1.33,765.0,23.0,9.0,131.5,252.0,68.0,310.0,98.0,11.0,120.8,81.0,18.0,,,,35,,Nathan,Collins,Collins,,,2701,1,2,9,38,1,0,0,6,0,0,29,320,,,,0.0,0.3,1.27,0.97,9.6,28,260,123
107,a,,,4.8,361,62.0,0,0.0,-2,2.0,1.5,160,63.0,108,11,3.3,151.0,58.0,5,328,4.8,28.0,12.0,1.0,22.5,0.0,500920,338,365360,1078,4.3,4.8,2.89,2.3,5.19,26.99,0.15,0.12,0.27,1.44,343.2,196.0,80.0,310.7,121.0,32.0,341.0,83.0,9.0,99.5,122.0,35.0,,1.0,,35,,Keane,Lewis-Potter,Lewis-Potter,,,1692,3,3,9,26,0,0,0,1,0,0,19,80,,,,0.0,0.48,1.38,1.01,3.24,19,42,80
108,a,100.0,100.0,4.4,530,105.0,0,0.0,-1,1.0,0.2,370,135.0,71,1,2.8,214.0,83.0,1,198,0.2,343.0,115.0,0.0,16.1,0.0,43907,14,43660,88,-0.3,0.2,0.69,0.72,1.41,26.84,0.04,0.04,0.08,1.48,358.6,187.0,77.0,58.3,346.0,119.0,161.0,200.0,50.0,57.9,254.0,85.0,,,,35,,Kristoffer,Ajer,Ajer,,,1634,0,2,5,27,0,0,0,3,0,0,18,175,,,,0.0,0.28,1.49,0.99,9.25,35,133,51
109,i,0.0,0.0,4.3,584,129.0,0,0.0,-2,2.0,0.1,448,168.0,52,0,2.1,326.0,120.0,0,144,0.0,539.0,228.0,0.0,12.1,0.0,25926,0,32493,38,0.0,0.0,0.18,0.54,0.72,23.91,0.01,0.04,0.05,1.63,151.6,333.0,127.0,82.0,315.0,104.0,35.0,358.0,119.0,26.9,371.0,128.0,,,,35,,Rico,Henry,Henry,Hamstring injury - Unknown return date,,1322,0,2,4,22,0,0,0,2,0,0,14,78,,,,0.0,0.27,1.5,0.95,4.63,15,53,72
110,a,100.0,100.0,4.6,406,72.0,0,0.0,1,-1.0,1.1,185,71.0,110,5,3.2,167.0,70.0,9,485,4.5,34.0,16.0,1.0,23.9,0.0,283593,380,169990,1013,4.0,4.5,1.28,2.8,4.08,44.91,0.04,0.08,0.12,1.35,569.2,73.0,34.0,444.8,58.0,10.0,130.0,243.0,63.0,114.7,93.0,22.0,,,,35,,Michael,Kayode,Kayode,,,2988,1,2,10,43,1,0,0,7,0,0,34,250,,,,0.0,0.3,1.3,1.02,6.17,62,143,153
111,a,100.0,100.0,4.2,635,144.0,0,0.0,-3,3.0,0.1,446,166.0,14,0,3.5,120.0,41.0,2,53,0.0,525.0,220.0,0.0,3.3,0.0,16520,7,29244,42,-0.5,0.0,0.01,0.06,0.07,3.7,0.0,0.02,0.02,1.05,88.6,388.0,144.0,1.2,475.0,172.0,33.0,363.0,121.0,12.3,417.0,148.0,,,,35,,Ethan,Pinnock,Pinnock,,,318,0,0,1,5,1,0,0,1,0,0,4,46,,,,0.0,0.28,1.42,1.13,11.89,5,37,11
112,u,0.0,0.0,4.5,425,85.0,0,0.0,0,0.0,0.0,721,250.0,0,0,0.0,705.0,259.0,0,0,0.0,611.0,243.0,0.0,0.0,0.0,211,0,3937,0,0.0,0.0,0.0,0.0,0.0,0.0,0.0,0.0,0.0,0.0,0.0,698.0,259.0,0.0,693.0,259.0,0.0,674.0,259.0,0.0,700.0,259.0,,,,35,,Mads,Roerslev Rasmussen,Roerslev,Has joined Southampton permanently.,,0,0,0,0,0,0,0,0,0,0,0,0,0,,,,0.0,0.0,0.0,0.0,0.0,0,0,0
113,a,100.0,100.0,4.5,435,89.0,0,0.0,0,0.0,1.2,180,69.0,105,6,3.5,122.0,43.0,3,410,3.8,65.0,32.0,0.8,23.3,0.0,356143,124,265636,1379,3.3,3.8,3.18,0.94,4.12,38.52,0.11,0.03,0.14,1.3,611.6,57.0,27.0,87.0,303.0,98.0,292.0,103.0,12.0,99.2,126.0,36.0,,,,35,,Sepp,van den Berg,Van den Berg,,,2663,0,2,8,40,0,0,0,2,0,0,29,287,,,,0.0,0.27,1.35,0.98,8.69,19,238,106
114,u,0.0,0.0,3.8,821,258.0,0,0.0,-2,2.0,0.2,393,147.0,0,0,0.0,549.0,200.0,0,0,0.0,402.0,153.0,0.0,0.0,0.0,12981,0,31570,17,0.0,0.0,0.0,0.0,0.0,0.0,0.0,0.0,0.0,0.0,0.0,537.0,199.0,0.0,521.0,199.0,0.0,488.0,194.0,0.0,539.0,199.0,,,,35,,Benjamin,Arthur,Arthur,has joined Celtic on loan for the rest of the season.,,0,0,0,0,0,0,0,0,0,0,0,0,0,,,,0.0,0.0,0.0,0.0,0.0,0,0,0
115,u,0.0,0.0,4.0,737,204.0,0,0.0,0,0.0,0.1,540,191.0,0,0,0.0,637.0,242.0,0,0,0.0,504.0,205.0,0.0,0.0,0.0,2020,0,14503,2,0.0,0.0,0.0,0.0,0.0,0.0,0.0,0.0,0.0,0.0,0.0,626.0,242.0,0.0,619.0,242.0,0.0,588.0,239.0,0.0,628.0,242.0,,,,35,,Benjamin,Fredrick,Fredrick,has joined Dender on loan for the rest of the season.,,0,0,0,0,0,0,0,0,0,0,0,0,0,,,,0.0,0.0,0.0,0.0,0.0,0,0,0
116,a,100.0,100.0,4.0,694,175.0,0,0.0,0,0.0,0.3,308,114.0,34,1,1.8,365.0,133.0,0,99,0.2,333.0,109.0,0.0,8.5,0.0,66910,39,84230,39,-0.3,0.2,0.4,0.17,0.57,6.49,0.06,0.03,0.09,0.99,84.8,392.0,145.0,16.2,411.0,151.0,42.0,348.0,115.0,14.1,404.0,146.0,,,,35,,Aaron,Hickey,Hickey,,,589,0,0,2,8,0,0,0,1,0,0,7,50,,,,0.0,0.31,1.22,1.07,6.57,13,30,33
117,u,0.0,0.0,3.9,788,229.0,0,0.0,-1,1.0,0.1,531,189.0,0,0,0.0,578.0,208.0,0,0,0.0,435.0,164.0,0.0,0.0,0.0,4108,0,15809,0,0.0,0.0,0.0,0.0,0.0,0.0,0.0,0.0,0.0,0.0,0.0,566.0,207.0,0.0,554.0,207.0,0.0,521.0,202.0,0.0,568.0,207.0,,,,35,,Kim,Ji-soo,Ji-soo,has joined Kaiserslautern on loan for the rest of the season.,,0,0,0,0,0,0,0,0,0,0,0,0,0,,,,0.0,0.0,0.0,0.0,0.0,0,0,0
118,u,0.0,0.0,4.0,707,182.0,0,0.0,0,0.0,0.0,612,218.0,0,0,0.0,612.0,224.0,0,0,0.0,475.0,184.0,0.0,0.0,0.0,279,0,11050,1,0.0,0.0,0.0,0.0,0.0,0.0,0.0,0.0,0.0,0.0,0.0,601.0,224.0,0.0,593.0,224.0,0.0,561.0,220.0,0.0,603.0,224.0,,,,35,,Jayden,Meghoma,Meghoma,Has joined Rangers on loan for the rest of the season.,,0,0,0,0,0,0,0,0,0,0,0,0,0,,,,0.0,0.0,0.0,0.0,0.0,0,0,0
120,a,100.0,100.0,6.9,41,25.0,0,0.0,-1,1.0,1.6,153,52.0,115,3,3.6,118.0,52.0,5,367,3.2,97.0,32.0,0.5,16.7,0.0,951800,234,803663,3177,2.7,3.2,10.96,2.05,13.01,33.98,0.39,0.07,0.46,1.21,494.6,112.0,34.0,376.3,84.0,63.0,745.0,15.0,6.0,161.1,33.0,26.0,,,3.0,35,,Kevin,Schade,Schade,,,2537,7,5,11,30,0,0,1,6,1,0,30,180,,,,0.0,0.39,1.06,1.06,6.39,39,51,90
121,a,100.0,100.0,5.6,130,81.0,0,0.0,-4,4.0,0.7,223,78.0,106,11,3.5,127.0,55.0,9,435,4.8,30.0,9.0,0.9,18.9,0.0,194019,209,224751,663,4.3,4.8,2.58,4.76,7.34,27.04,0.12,0.23,0.35,1.29,493.4,114.0,35.0,628.5,28.0,25.0,317.0,93.0,54.0,144.1,51.0,34.0,,3.0,,35,,Mikkel,Damsgaard,Damsgaard,,,1881,4,4,5,29,0,0,0,0,0,0,22,211,,,,0.0,0.24,1.39,1.05,10.1,50,39,122
122,i,0.0,0.0,5.2,217,133.0,0,0.0,-3,3.0,0.0,658,260.0,1,0,1.0,508.0,234.0,0,5,0.0,772.0,338.0,0.0,0.2,0.0,2124,2,7028,1,0.0,0.0,0.0,0.01,0.01,1.49,0.0,0.02,0.02,2.98,4.0,488.0,222.0,1.8,469.0,224.0,0.0,802.0,354.0,0.6,500.0,227.0,,,,35,,Antoni,Milambo,Milambo,Knee injury - Expected back 01 Jun,,45,0,0,0,3,0,0,0,0,0,0,1,4,,,,0.0,0.0,6.0,2.0,8.0,2,0,2
123,i,0.0,0.0,4.6,399,248.0,0,0.0,-4,4.0,0.1,469,163.0,13,0,2.2,314.0,133.0,1,42,0.0,694.0,280.0,0.0,2.8,0.0,27338,1,51699,0,0.0,0.0,0.7,0.03,0.73,2.08,0.63,0.03,0.66,1.87,39.0,434.0,189.0,6.5,444.0,214.0,36.0,357.0,184.0,8.1,433.0,195.0,,,4.0,35,,Fábio,Freitas Gouveia Carvalho,Carvalho,Knee injury - Expected back 01 Jun,,100,1,0,0,4,0,0,0,0,0,0,1,8,,,,0.0,0.0,3.6,0.9,7.2,3,0,5
124,d,75.0,75.0,5.0,242,147.0,0,0.0,0,0.0,0.3,328,112.0,75,0,2.6,255.0,104.0,5,332,0.0,744.0,315.0,0.0,15.0,0.0,100991,2,108104,77,-0.4,0.0,0.33,2.25,2.58,25.95,0.02,0.11,0.13,1.29,328.0,207.0,87.0,336.0,105.0,74.0,45.0,343.0,177.0,70.9,217.0,104.0,,,,35,,Jordan,Henderson,Henderson,Knock - 75% chance of playing,,1814,1,3,6,26,0,0,0,4,0,0,21,178,,,,0.0,0.3,1.29,1.04,8.83,26,58,94
125,a,100.0,75.0,4.9,301,187.0,0,0.0,-1,1.0,0.1,481,169.0,70,0,3.2,169.0,66.0,6,300,0.0,719.0,297.0,0.0,14.3,0.0,67572,2,58881,35,-0.5,0.0,0.82,1.88,2.7,20.22,0.06,0.14,0.2,1.45,329.0,206.0,86.0,313.6,119.0,83.0,91.0,284.0,152.0,72.5,213.0,102.0,2.0,,,35,,Vitaly,Janelt,Janelt,,,1253,1,4,5,16,0,0,0,7,0,0,13,164,,,,0.0,0.36,1.15,0.93,11.78,24,66,74
126,a,,,4.9,304,189.0,0,0.0,-1,1.0,0.1,433,148.0,90,3,2.7,239.0,93.0,1,435,4.5,38.0,12.0,0.9,18.4,0.0,26841,139,22152,97,4.0,4.5,2.16,5.79,7.95,29.12,0.1,0.26,0.36,1.31,406.6,158.0,55.0,568.9,34.0,31.0,190.0,174.0,94.0,116.5,88.0,52.0,1.0,2.0,5.0,35,,Mathias,Jensen,Jensen,,,2005,3,2,9,27,0,0,0,3,0,0,23,191,,,,0.0,0.4,1.21,1.03,8.57,37,52,102
127,u,0.0,0.0,4.9,341,212.0,0,0.0,-1,1.0,0.0,728,302.0,0,0,0.0,791.0,344.0,0,0,0.0,739.0,311.0,0.0,0.0,0.0,1544,0,2359,0,0.0,0.0,0.0,0.0,0.0,0.0,0.0,0.0,0.0,0.0,0.0,790.0,343.0,0.0,786.0,343.0,0.0,782.0,341.0,0.0,790.0,343.0,,,,35,,Gustavo,Nunes Fernandes Gomes,Nunes,has joined Swansea City on loan for the rest of the season.,,0,0,0,0,0,0,0,0,0,0,0,0,0,,,,0.0,0.0,0.0,0.0,0.0,0,0,0
128,u,0.0,0.0,4.8,362,224.0,0,0.0,-2,2.0,0.0,610,233.0,12,0,2.0,342.0,146.0,0,41,0.0,709.0,289.0,0.0,2.5,0.0,5396,0,8971,0,0.0,0.0,0.0,0.36,0.36,2.02,0.0,0.37,0.37,2.07,28.4,446.0,197.0,13.6,417.0,207.0,4.0,442.0,215.0,4.6,460.0,206.0,,,,35,,Frank,Onyeka,Onyeka,has joined Coventry City on loan for the rest of the season.,,88,0,2,0,2,0,0,0,0,0,0,0,10,,,,0.0,0.0,2.05,0.0,10.23,2,3,5
129,a,100.0,100.0,5.0,274,168.0,0,0.0,0,0.0,0.1,477,167.0,94,3,2.7,240.0,94.0,0,409,3.5,83.0,26.0,0.7,18.8,0.0,26312,33,23418,43,3.0,3.5,1.22,1.34,2.56,36.01,0.04,0.05,0.09,1.3,402.6,160.0,57.0,267.5,149.0,100.0,113.0,258.0,141.0,78.2,183.0,92.0,,,,35,,Yehor,Yarmoliuk,Yarmoliuk,,,2486,1,2,8,38,0,0,0,7,0,0,28,310,,,,0.0,0.29,1.38,1.01,11.22,63,73,174
130,a,,,4.4,573,344.0,0,0.0,-1,1.0,0.1,476,166.0,4,0,1.0,482.0,214.0,0,19,0.0,598.0,206.0,0.0,0.9,0.0,17225,19,20251,28,-0.5,0.0,0.09,0.01,0.1,0.39,0.21,0.02,0.23,0.92,8.4,475.0,212.0,11.5,424.0,211.0,21.0,390.0,196.0,4.2,464.0,207.0,,,,35,,Romelle,Donovan,Donovan,,,38,0,0,0,0,0,0,0,0,0,0,0,5,,,,0.0,0.0,0.0,0.0,11.84,0,0,5
131,u,0.0,0.0,4.3,623,370.0,0,0.0,-2,2.0,0.1,437,150.0,0,0,0.0,673.0,258.0,0,0,0.0,564.0,188.0,0.0,0.0,0.0,38108,0,46011,13,0.0,0.0,0.0,0.0,0.0,0.0,0.0,0.0,0.0,0.0,0.0,662.0,248.0,0.0,658.0,253.0,0.0,634.0,241.0,0.0,664.0,250.0,,,,35,,Yunus Emre,Konak,Konak,has joined Oxford United on loan for the rest of the season.,,0,0,0,0,0,0,0,0,0,0,0,0,0,,,,0.0,0.0,0.0,0.0,0.0,0,0,0
132,u,0.0,0.0,4.5,423,253.0,0,0.0,0,0.0,0.0,689,276.0,0,0,0.0,704.0,274.0,0,0,0.0,609.0,211.0,0.0,0.0,0.0,4038,0,5622,1,0.0,0.0,0.0,0.0,0.0,0.0,0.0,0.0,0.0,0.0,0.0,697.0,268.0,0.0,692.0,271.0,0.0,672.0,262.0,0.0,699.0,270.0,,,,35,,Paris,Maghoma,Maghoma,has joined Norwich City permanently.,,0,0,0,0,0,0,0,0,0,0,0,0,0,,,,0.0,0.0,0.0,0.0,0.0,0,0,0
133,u,0.0,0.0,4.4,547,327.0,0,0.0,-1,1.0,0.0,645,251.0,1,0,1.0,477.0,209.0,0,2,0.0,577.0,191.0,0.0,0.2,0.0,3881,0,6515,2,0.0,0.0,0.0,0.0,0.0,0.0,0.0,0.0,0.0,0.0,0.0,670.0,251.0,0.0,666.0,255.0,0.0,644.0,244.0,0.0,672.0,253.0,,,,35,,Myles,Peart-Harris,Peart-Harris,has joined Oxford United permanently.,,1,0,0,0,0,0,0,0,0,0,0,0,0,,,,0.0,0.0,0.0,0.0,0.0,0,0,0
134,u,0.0,0.0,4.5,492,303.0,0,0.0,0,0.0,0.0,797,350.0,0,0,0.0,749.0,313.0,0,0,0.0,667.0,258.0,0.0,0.0,0.0,0,0,954,0,0.0,0.0,0.0,0.0,0.0,0.0,0.0,0.0,0.0,0.0,0.0,746.0,311.0,0.0,739.0,311.0,0.0,725.0,306.0,0.0,746.0,311.0,,,,35,,Ryan,Trevitt,Trevitt,Has joined Wigan on loan for the rest of the season,,0,0,0,0,0,0,0,0,0,0,0,0,0,,,,0.0,0.0,0.0,0.0,0.0,0,0,0
136,a,100.0,100.0,7.4,25,9.0,0,0.0,14,-14.0,34.9,7,3.0,175,6,5.0,15.0,3.0,22,694,5.5,18.0,5.0,0.7,23.6,0.0,9840619,4801,5620594,32901,5.0,5.5,20.25,1.77,22.02,45.43,0.61,0.05,0.66,1.36,986.0,5.0,2.0,354.3,94.0,4.0,1107.0,2.0,2.0,244.5,3.0,2.0,,,2.0,35,,Igor Thiago,Nascimento Rodrigues,Thiago,,,3012,22,1,10,44,0,0,1,7,0,0,34,196,,,,0.0,0.3,1.31,1.02,5.86,33,74,89
137,u,0.0,0.0,4.4,559,78.0,0,0.0,-1,1.0,0.3,331,53.0,0,0,0.0,686.0,72.0,0,0,0.0,586.0,62.0,0.0,0.0,0.0,52422,0,82543,11,0.0,0.0,0.0,0.0,0.0,0.0,0.0,0.0,0.0,0.0,0.0,678.0,71.0,0.0,673.0,70.0,0.0,653.0,70.0,0.0,680.0,71.0,,,,35,,Iwan,Morgan,Morgan,has joined Shrewsbury on loan for the rest of the season.,,0,0,0,0,0,0,0,0,0,0,0,0,0,,,,0.0,0.0,0.0,0.0,0.0,0,0,0
748,a,100.0,100.0,4.9,297,184.0,0,0.0,-1,1.0,0.0,814,360.0,1,1,1.0,498.0,226.0,0,2,0.2,357.0,162.0,0.0,0.2,0.0,231,4,254,0,-0.3,0.2,0.0,0.0,0.0,0.02,0.0,0.0,0.0,1.8,0.2,514.0,234.0,1.0,479.0,231.0,0.0,770.0,332.0,0.1,516.0,236.0,,,,35,,Josh,Dasilva,Dasilva,,,1,0,0,0,0,0,0,0,0,0,0,0,0,,,,0.0,0.0,0.0,0.0,0.0,0,0,0
141,u,0.0,0.0,4.0,695,55.0,0,0.0,0,0.0,0.0,811,94.0,0,0,0.0,603.0,76.0,0,0,0.0,465.0,66.0,0.0,0.0,0.0,0,0,247,0,0.0,0.0,0.0,0.0,0.0,0.0,0.0,0.0,0.0,0.0,0.0,591.0,76.0,0.0,583.0,64.0,0.0,551.0,50.0,0.0,593.0,76.0,,,,35,,Carl,Rushworth,Rushworth,Has joined Coventry City on loan for the rest of the season.,,0,0,0,0,0,0,0,0,0,0,0,0,0,,,,0.0,0.0,0.0,0.0,0.0,0,0,0
144,u,0.0,0.0,4.2,647,151.0,0,0.0,-3,3.0,0.0,604,215.0,10,0,2.0,339.0,123.0,0,32,0.0,532.0,223.0,0.0,2.4,0.0,2735,0,8430,1,0.0,0.0,0.0,0.01,0.01,4.52,0.0,0.0,0.0,2.11,42.4,429.0,159.0,3.7,455.0,164.0,2.0,446.0,168.0,4.8,458.0,165.0,,,,35,,Diego,Coppola,Coppola,has joined Paris FC on loan for the rest of the season.,,193,0,0,1,3,0,0,0,2,0,0,2,19,,,,0.0,0.47,1.4,0.93,8.39,2,16,6
145,a,100.0,100.0,4.3,591,134.0,0,0.0,-2,2.0,1.5,161,64.0,67,1,2.5,268.0,102.0,6,246,1.5,198.0,74.0,0.3,15.6,0.0,259277,94,744799,144,2.5,2.0,1.55,2.26,3.81,22.07,0.12,0.17,0.29,1.68,247.8,257.0,101.0,345.5,100.0,25.0,132.0,238.0,62.0,72.6,210.0,75.0,,1.0,,35,,Maxim,De Cuyper,De Cuyper,,,1182,2,1,4,20,0,0,0,2,0,0,14,80,,,,0.0,0.3,1.52,1.07,4.26,19,37,59
147,u,0.0,0.0,4.5,419,80.0,0,0.0,0,0.0,0.0,752,257.0,0,0,0.0,702.0,257.0,0,0,0.0,607.0,240.0,0.0,0.0,0.0,0,0,1991,0,0.0,0.0,0.0,0.0,0.0,0.0,0.0,0.0,0.0,0.0,0.0,695.0,257.0,0.0,690.0,257.0,0.0,670.0,256.0,0.0,697.0,257.0,,,,35,,Pervis,Estupiñán Tenorio,Estupiñan,Has joined AC Milan permanently,,0,0,0,0,0,0,0,0,0,0,0,0,0,,,,0.0,0.0,0.0,0.0,0.0,0,0,0
148,a,,,4.4,537,110.0,0,0.0,-1,1.0,1.0,198,77.0,109,1,3.2,165.0,68.0,7,479,5.8,10.0,4.0,1.3,24.8,0.0,204956,3947,104954,227,6.8,6.3,2.0,2.57,4.57,42.16,0.06,0.08,0.14,1.33,478.6,122.0,55.0,395.2,77.0,16.0,253.0,123.0,22.0,112.9,96.0,24.0,,,,35,,Ferdi,Kadıoğlu,F.Kadıoğlu,,,2860,1,2,9,37,0,0,0,6,0,0,31,191,,,,0.0,0.28,1.16,0.98,5.07,55,106,121
149,a,100.0,100.0,4.5,424,84.0,0,0.0,0,0.0,0.1,515,185.0,6,0,1.5,410.0,151.0,0,10,0.0,610.0,242.0,0.0,1.3,0.0,11159,10,11536,13,1.0,0.5,0.0,0.0,0.0,4.66,0.0,0.0,0.0,4.07,25.8,451.0,164.0,10.6,426.0,154.0,0.0,673.0,258.0,3.6,468.0,168.0,,,,35,,Igor Julio,dos Santos de Paulo,Igor,,,103,0,0,0,3,0,0,0,0,0,0,1,13,,,,0.0,0.0,2.62,0.87,11.36,0,13,3
150,u,0.0,0.0,4.4,539,112.0,0,0.0,-1,1.0,0.1,523,188.0,0,0,0.0,677.0,256.0,0,0,0.0,572.0,235.0,0.0,0.0,0.0,2778,0,38694,3,0.0,0.0,0.0,0.0,0.0,0.0,0.0,0.0,0.0,0.0,0.0,667.0,256.0,0.0,663.0,256.0,0.0,641.0,255.0,0.0,669.0,256.0,,,,35,,Tariq,Lamptey,Lamptey,has joined Fiorentina permanently.,,0,0,0,0,0,0,0,0,0,0,0,0,0,,,,0.0,0.0,0.0,0.0,0.0,0,0,0
151,a,100.0,100.0,4.6,401,69.0,0,0.0,1,-1.0,10.1,37,12.0,137,0,4.2,44.0,18.0,8,535,4.2,45.0,21.0,0.9,29.8,0.0,2082589,7428,926054,1788,5.2,4.7,2.37,1.54,3.9,43.82,0.07,0.05,0.12,1.34,922.8,7.0,3.0,222.5,172.0,43.0,278.0,109.0,16.0,142.7,52.0,7.0,,,,35,,Jan Paul,van Hecke,Van Hecke,,,2940,3,3,9,40,1,0,0,9,0,0,33,321,,,,0.0,0.28,1.22,1.01,8.91,51,240,105
152,a,100.0,100.0,4.3,577,123.0,0,0.0,-2,2.0,0.1,442,164.0,39,1,1.8,368.0,136.0,1,147,0.8,273.0,87.0,0.2,9.1,0.0,23738,15,38623,32,1.8,1.3,0.99,0.14,1.13,17.02,0.09,0.01,0.1,1.61,234.6,266.0,106.0,74.5,320.0,107.0,63.0,321.0,101.0,37.2,331.0,111.0,,,,35,,Joël,Veltman,Veltman,,,951,1,0,1,13,0,0,0,5,0,0,8,106,,,,0.0,0.09,1.23,0.76,8.9,29,65,39
153,i,0.0,0.0,4.4,529,104.0,0,0.0,-1,1.0,0.0,764,259.0,0,0,0.0,675.0,255.0,0,0,0.0,568.0,233.0,0.0,0.0,0.0,1079,1,1829,3,0.0,0.0,0.0,0.0,0.0,0.0,0.0,0.0,0.0,0.0,0.0,665.0,255.0,0.0,660.0,255.0,0.0,638.0,254.0,0.0,667.0,255.0,,,,35,,Adam,Webster,Webster,Knee injury - Unknown return date,,0,0,0,0,0,0,0,0,0,0,0,0,0,,,,0.0,0.0,0.0,0.0,0.0,0,0,0
154,u,0.0,0.0,4.0,686,171.0,0,0.0,0,0.0,0.0,786,262.0,0,0,0.0,596.0,217.0,0,0,0.0,457.0,175.0,0.0,0.0,0.0,0,0,789,0,0.0,0.0,0.0,0.0,0.0,0.0,0.0,0.0,0.0,0.0,0.0,584.0,216.0,0.0,576.0,216.0,0.0,544.0,212.0,0.0,586.0,216.0,,,,35,,Eiran,Cashin,Cashin,has joined Blackburn Rovers on loan for the rest of the season.,,0,0,0,0,0,0,0,0,0,0,0,0,0,,,,0.0,0.0,0.0,0.0,0.0,0,0,0
155,u,0.0,0.0,4.0,731,198.0,0,0.0,0,0.0,0.1,512,182.0,0,0,0.0,632.0,237.0,0,0,0.0,498.0,199.0,0.0,0.0,0.0,3175,0,16768,0,0.0,0.0,0.0,0.0,0.0,0.0,0.0,0.0,0.0,0.0,0.0,621.0,237.0,0.0,614.0,237.0,0.0,583.0,234.0,0.0,623.0,237.0,,,,35,,Jacob,Slater,Slater,has joined Harrogate Town on loan until January.,,0,0,0,0,0,0,0,0,0,0,0,0,0,,,,0.0,0.0,0.0,0.0,0.0,0,0,0
156,a,,,3.8,815,253.0,0,0.0,-2,2.0,0.2,412,152.0,0,0,0.0,545.0,197.0,0,0,0.0,397.0,149.0,0.0,0.0,0.0,13106,20,18647,20,1.0,0.5,0.0,0.0,0.0,0.0,0.0,0.0,0.0,0.0,0.0,533.0,196.0,0.0,517.0,196.0,0.0,483.0,190.0,0.0,535.0,196.0,,,,35,,Charlie,Tasker,Tasker,,,0,0,0,0,0,0,0,0,0,0,0,0,0,,,,0.0,0.0,0.0,0.0,0.0,0,0,0
157,a,100.0,100.0,6.1,82,54.0,0,0.0,-4,4.0,2.2,133,44.0,62,1,2.6,260.0,109.0,2,245,2.8,122.0,49.0,0.5,10.2,0.0,375687,1429,904401,352,3.8,3.3,3.73,2.71,6.44,23.53,0.2,0.15,0.35,1.28,287.2,232.0,99.0,419.9,68.0,53.0,403.0,62.0,35.0,110.6,100.0,57.0,,,,35,,Mitoma,Kaoru,Mitoma,,,1657,3,1,5,20,0,0,0,4,0,0,18,105,,,,0.0,0.27,1.09,0.98,5.7,17,27,61
158,a,100.0,100.0,5.6,131,82.0,0,0.0,-4,4.0,0.3,301,106.0,84,1,2.9,207.0,83.0,2,286,3.5,86.0,27.0,0.6,15.0,0.0,140689,381,260306,126,4.5,4.0,2.48,2.64,5.12,21.2,0.13,0.14,0.27,1.11,330.6,205.0,85.0,333.8,107.0,76.0,413.0,60.0,34.0,107.6,102.0,58.0,,,,35,,Georginio,Rutter,Georginio,,,1721,3,5,7,19,1,0,0,2,0,0,20,127,,,,0.0,0.37,0.99,1.05,6.64,31,37,59
159,d,50.0,0.0,5.8,104,68.0,0,0.0,-2,2.0,0.0,711,290.0,1,0,1.0,512.0,238.0,0,4,0.0,806.0,357.0,0.0,0.2,0.0,2966,2,3992,33,0.5,0.0,0.0,0.0,0.0,0.25,0.0,0.0,0.0,5.62,0.0,820.0,365.0,0.0,820.0,365.0,0.0,819.0,365.0,0.0,820.0,365.0,,,,35,,Solly,March,March,Muscle injury - 50% chance of playing,,4,0,0,0,0,0,0,0,0,0,0,0,0,,,,0.0,0.0,0.0,0.0,0.0,0,0,0
160,a,100.0,100.0,5.5,149,94.0,0,0.0,-5,5.0,2.4,128,42.0,104,2,3.4,144.0,62.0,8,411,2.2,153.0,65.0,0.4,18.9,0.0,2094837,1205,1974827,715,3.2,2.7,3.72,4.54,8.26,32.9,0.15,0.19,0.34,1.37,420.8,149.0,51.0,617.0,30.0,27.0,578.0,30.0,14.0,161.9,31.0,24.0,5.0,,,35,,Yankuba,Minteh,Minteh,,,2164,2,8,9,32,0,0,0,3,0,0,24,172,,,,0.0,0.37,1.33,1.0,7.15,51,29,92
161,u,0.0,0.0,5.4,170,106.0,0,0.0,-1,1.0,0.0,755,321.0,0,0,0.0,815.0,361.0,0,0,0.0,792.0,348.0,0.0,0.0,0.0,105,0,2966,0,0.0,0.0,0.0,0.0,0.0,0.0,0.0,0.0,0.0,0.0,0.0,814.0,360.0,0.0,813.0,360.0,0.0,811.0,359.0,0.0,814.0,360.0,,,,35,,Julio,Enciso Espínola,Enciso,has joined Strasbourg permanently.,,0,0,0,0,0,0,0,0,0,0,0,0,0,,,,0.0,0.0,0.0,0.0,0.0,0,0,0
162,u,0.0,0.0,5.4,175,111.0,0,0.0,-1,1.0,0.0,601,227.0,35,0,1.9,359.0,155.0,2,114,0.0,794.0,350.0,0.0,6.5,0.0,16799,0,19881,1,0.0,0.0,1.86,0.88,2.74,13.82,0.24,0.11,0.35,1.76,134.4,344.0,155.0,217.1,177.0,118.0,152.0,219.0,119.0,50.0,284.0,144.0,,,,35,,Brajan,Gruda,Gruda,has joined Leipzig on loan for the rest of the season.,,708,1,1,2,11,0,0,0,2,0,0,8,58,,,,0.0,0.25,1.4,1.02,7.37,14,4,40
163,a,100.0,100.0,5.1,240,145.0,0,0.0,-4,4.0,0.5,264,91.0,78,7,3.2,174.0,70.0,2,265,5.0,23.0,8.0,1.0,15.3,0.0,98268,958,44451,59,6.0,5.5,4.32,1.94,6.26,25.66,0.26,0.12,0.38,1.54,266.4,249.0,108.0,188.7,194.0,126.0,351.0,80.0,46.0,80.0,178.0,91.0,,,,35,,Jack,Hinshelwood,Hinshelwood,,,1495,3,5,5,20,1,0,0,0,0,0,17,105,,,,0.0,0.3,1.2,1.02,6.32,16,32,57
164,a,100.0,100.0,5.5,141,88.0,0,0.0,0,0.0,0.3,305,107.0,16,0,2.7,244.0,97.0,2,48,0.5,322.0,150.0,0.1,2.9,0.0,133075,18,200489,9,1.5,1.0,1.21,0.18,1.39,2.53,0.54,0.08,0.62,1.13,65.4,408.0,178.0,67.7,330.0,178.0,63.0,322.0,168.0,19.6,391.0,180.0,,,3.0,35,,Matt,O'Riley,O'Riley,,,202,1,0,1,3,0,0,0,0,0,0,2,10,,,,0.0,0.45,1.34,0.89,4.46,5,3,2
165,u,0.0,0.0,5.4,176,112.0,0,0.0,-1,1.0,0.0,740,311.0,0,0,0.0,816.0,362.0,0,0,0.0,795.0,351.0,0.0,0.0,0.0,247,0,2253,0,0.0,0.0,0.0,0.0,0.0,0.0,0.0,0.0,0.0,0.0,0.0,815.0,361.0,0.0,814.0,361.0,0.0,812.0,360.0,0.0,815.0,361.0,,,,35,,Abdallah,Sima,Sima,has joined Lens permanently.,,0,0,0,0,0,0,0,0,0,0,0,0,0,,,,0.0,0.0,0.0,0.0,0.0,0,0,0
166,a,100.0,100.0,4.8,371,231.0,0,0.0,-2,2.0,0.4,289,100.0,96,0,3.6,108.0,45.0,7,401,2.8,114.0,43.0,0.6,20.0,0.0,214913,207,196282,186,3.8,3.3,2.7,1.15,3.85,26.67,0.13,0.05,0.18,1.26,358.0,188.0,74.0,251.0,157.0,106.0,229.0,135.0,78.0,84.1,164.0,85.0,,2.0,,35,,Yasin,Ayari,Ayari,,,1899,3,4,6,23,0,0,0,1,0,0,20,223,,,,0.0,0.28,1.09,0.95,10.57,47,53,123
167,a,100.0,100.0,4.5,460,277.0,0,0.0,-5,5.0,1.5,162,56.0,47,2,1.7,392.0,166.0,0,189,1.5,199.0,86.0,0.3,10.4,0.0,214800,520,568274,201,2.5,2.0,0.6,0.64,1.24,19.68,0.04,0.04,0.08,1.21,129.0,351.0,159.0,119.3,266.0,161.0,34.0,361.0,186.0,28.3,367.0,173.0,,,,35,,Carlos,Baleba,Baleba,,,1459,0,0,5,19,0,0,0,5,0,0,21,175,,,,0.0,0.31,1.17,1.3,10.8,32,58,85
169,d,50.0,0.0,4.9,334,205.0,0,0.0,-1,1.0,0.6,253,89.0,95,0,3.2,171.0,68.0,9,360,1.5,205.0,89.0,0.3,19.4,0.0,223467,1,163344,1285,1.2,0.0,5.31,1.7,7.01,27.68,0.23,0.08,0.31,1.22,437.2,141.0,47.0,317.0,116.0,80.0,394.0,71.0,42.0,115.0,90.0,54.0,,5.0,,35,,Diego,Gómez Amarilla,Gomez,Knee injury - 50% chance of playing,,2034,5,1,8,25,0,0,0,9,0,0,25,226,,,,0.0,0.35,1.11,1.11,10.0,76,46,104
170,d,50.0,0.0,4.9,284,176.0,0,0.0,-1,1.0,0.1,474,165.0,34,0,1.8,376.0,159.0,0,153,0.0,711.0,291.0,0.0,6.9,0.0,19526,2,24917,30,0.5,0.0,1.03,0.65,1.68,11.32,0.13,0.08,0.21,1.43,137.6,343.0,154.0,149.5,231.0,148.0,59.0,329.0,171.0,34.4,342.0,165.0,,,1.0,35,,James,Milner,Milner,Knock - 50% chance of playing,,714,1,1,2,14,0,0,0,2,0,0,6,76,,,,0.0,0.25,1.76,0.76,9.58,14,24,38
171,u,0.0,0.0,4.9,325,201.0,0,0.0,-1,1.0,0.0,716,295.0,0,0,0.0,787.0,342.0,0,0,0.0,731.0,306.0,0.0,0.0,0.0,197,0,2982,0,0.0,0.0,0.0,0.0,0.0,0.0,0.0,0.0,0.0,0.0,0.0,786.0,341.0,0.0,782.0,341.0,0.0,778.0,339.0,0.0,786.0,341.0,,,,35,,Jeremy,Sarmiento Morante,Sarmiento,has joined Middlesbrough on loan for the rest of the season.,,0,0,0,0,0,0,0,0,0,0,0,0,0,,,,0.0,0.0,0.0,0.0,0.0,0,0,0
172,u,0.0,0.0,4.8,373,233.0,0,0.0,-2,2.0,0.0,655,258.0,5,0,0.8,523.0,242.0,0,15,0.0,710.0,290.0,0.0,1.0,0.0,2397,0,4308,0,0.0,0.0,0.04,0.03,0.07,1.72,0.06,0.05,0.11,2.72,6.0,482.0,217.0,2.4,464.0,221.0,7.0,432.0,207.0,1.6,481.0,217.0,,,,35,,Tom,Watson,Watson,has joined Millwall on loan for the rest of the season.,,57,0,0,0,2,0,0,0,1,0,0,0,5,,,,0.0,0.0,3.16,0.0,7.89,1,0,4
173,a,100.0,100.0,4.9,329,204.0,0,0.0,-1,1.0,0.5,260,90.0,92,1,3.7,97.0,39.0,6,387,5.2,20.0,7.0,1.1,18.8,0.0,179690,602,122064,631,6.2,5.7,1.92,1.85,3.77,22.3,0.1,0.09,0.19,1.11,467.4,128.0,41.0,288.3,138.0,93.0,209.0,160.0,88.0,96.5,134.0,75.0,,,,35,,Mats,Wieffer,Wieffer,,,1811,2,4,6,23,0,0,0,8,0,0,22,264,,,,0.0,0.3,1.14,1.09,13.12,64,100,100
174,u,0.0,0.0,5.0,281,174.0,0,0.0,0,0.0,0.0,784,341.0,0,0,0.0,806.0,356.0,0,0,0.0,762.0,330.0,0.0,0.0,0.0,0,0,1267,0,0.0,0.0,0.0,0.0,0.0,0.0,0.0,0.0,0.0,0.0,0.0,805.0,355.0,0.0,803.0,355.0,0.0,798.0,353.0,0.0,805.0,355.0,,,,35,,Malick,Yalcouyé,Yalcouye,Has joined Swansea City on loan for the rest of the season.,,0,0,0,0,0,0,0,0,0,0,0,0,0,,,,0.0,0.0,0.0,0.0,0.0,0,0,0
175,u,0.0,0.0,4.4,565,339.0,0,0.0,-1,1.0,0.1,547,203.0,1,0,1.0,480.0,212.0,0,3,0.0,591.0,202.0,0.0,0.2,0.0,11030,0,15427,2,0.0,0.0,0.0,0.0,0.0,0.0,0.0,0.0,0.0,0.0,0.0,683.0,261.0,0.0,678.0,264.0,0.0,658.0,255.0,0.0,685.0,263.0,,,,35,,Joe,Knight,Knight,has joined Stevenage permanently.,,1,0,0,0,0,0,0,0,0,0,0,0,0,,,,0.0,0.0,0.0,0.0,0.0,0,0,0
176,u,0.0,0.0,4.5,465,282.0,0,0.0,0,0.0,0.0,697,281.0,0,0,0.0,730.0,298.0,0,0,0.0,641.0,237.0,0.0,0.0,0.0,1435,0,4621,0,0.0,0.0,0.0,0.0,0.0,0.0,0.0,0.0,0.0,0.0,0.0,724.0,293.0,0.0,719.0,295.0,0.0,702.0,287.0,0.0,725.0,294.0,,,,35,,Adrian,Mazilu,Mazilu,has joined Dinamo Bucharest permanently.,,0,0,0,0,0,0,0,0,0,0,0,0,0,,,,0.0,0.0,0.0,0.0,0.0,0,0,0
177,u,0.0,0.0,4.5,454,271.0,0,0.0,0,0.0,0.0,710,289.0,0,0,0.0,721.0,289.0,0,0,0.0,632.0,228.0,0.0,0.0,0.0,490,0,5122,0,0.0,0.0,0.0,0.0,0.0,0.0,0.0,0.0,0.0,0.0,0.0,715.0,284.0,0.0,710.0,286.0,0.0,693.0,278.0,0.0,716.0,285.0,,,,35,,Andrew,Moran,Moran,Has joined Los Angeles FC on loan for the rest of the season.,,0,0,0,0,0,0,0,0,0,0,0,0,0,,,,0.0,0.0,0.0,0.0,0.0,0,0,0
178,a,100.0,100.0,6.3,62,21.0,0,0.0,-2,2.0,7.8,52,10.0,121,5,3.6,116.0,11.0,18,494,3.8,74.0,11.0,0.6,19.2,0.0,2969903,12633,2563791,2130,4.8,4.3,11.94,1.34,13.28,29.71,0.52,0.06,0.58,1.3,563.8,74.0,5.0,298.7,128.0,9.0,713.0,21.0,13.0,156.9,36.0,7.0,,4.0,2.0,35,,Danny,Welbeck,Welbeck,,,2051,13,1,8,25,0,0,2,5,0,0,23,103,,,,0.0,0.35,1.1,1.01,4.52,21,37,45
179,u,0.0,0.0,5.5,147,36.0,0,0.0,0,0.0,0.0,760,92.0,0,0,0.0,820.0,90.0,0,0,0.0,801.0,86.0,0.0,0.0,0.0,0,0,1562,0,0.0,0.0,0.0,0.0,0.0,0.0,0.0,0.0,0.0,0.0,0.0,819.0,90.0,0.0,818.0,90.0,0.0,816.0,90.0,0.0,819.0,90.0,,,,35,,Evan,Ferguson,Ferguson,Has joined AS Roma on loan for the rest of the season,,0,0,0,0,0,0,0,0,0,0,0,0,0,,,,0.0,0.0,0.0,0.0,0.0,0,0,0
180,i,0.0,0.0,5.2,221,51.0,0,0.0,-3,3.0,0.1,538,74.0,16,0,1.8,383.0,45.0,0,55,0.0,775.0,83.0,0.0,3.1,0.0,13540,8,23545,4,0.0,0.0,0.44,0.11,0.55,2.59,0.3,0.08,0.38,1.77,66.6,407.0,48.0,65.7,335.0,42.0,44.0,346.0,54.0,17.7,395.0,50.0,,,,35,,Stefanos,Tzimas,Tzimas,Knee injury - Expected back 01 Jun,,132,1,1,0,2,0,0,0,0,0,0,1,15,,,,0.0,0.0,1.36,0.68,10.23,3,2,10
181,a,,,4.8,375,64.0,0,0.0,-2,2.0,0.3,311,48.0,32,1,1.8,375.0,42.0,3,127,0.5,313.0,41.0,0.1,6.7,0.0,57404,40,79856,41,1.5,1.0,1.94,0.28,2.22,5.66,0.56,0.08,0.64,1.64,133.2,346.0,35.0,92.0,300.0,32.0,217.0,152.0,36.0,44.1,303.0,35.0,,,,35,,Charalampos,Kostoulas,Kostoulas,,,310,2,1,1,8,0,0,0,2,0,0,2,38,,,,0.0,0.29,2.32,0.58,11.03,11,5,22
744,a,,,4.5,470,285.0,0,0.0,0,0.0,0.0,713,292.0,1,0,1.0,486.0,217.0,0,3,0.0,645.0,240.0,0.0,0.2,0.0,3157,5,2346,2,1.0,0.5,0.0,0.0,0.0,0.0,0.0,0.0,0.0,0.0,0.0,728.0,296.0,0.0,722.0,297.0,0.0,706.0,290.0,0.0,729.0,297.0,,,,35,,Nehemiah,Oriola,Oriola,,,1,0,0,0,0,0,0,0,0,0,0,0,0,,,,0.0,0.0,0.0,0.0,0.0,0,0,0
761,a,,,4.0,736,203.0,0,0.0,0,0.0,0.0,690,245.0,0,0,0.0,636.0,241.0,0,0,0.0,503.0,204.0,0.0,0.0,0.0,1327,11,1047,11,1.0,0.5,0.0,0.0,0.0,0.0,0.0,0.0,0.0,0.0,0.0,625.0,241.0,0.0,618.0,241.0,0.0,587.0,238.0,0.0,627.0,241.0,,,,35,,Freddie,Simmonds,Simmonds,,,0,0,0,0,0,0,0,0,0,0,0,0,0,,,,0.0,0.0,0.0,0.0,0.0,0,0,0
783,a,,,5.5,134,83.0,0,0.0,0,0.0,2.6,121,39.0,67,2,4.2,45.0,20.0,9,328,6.0,9.0,4.0,1.1,12.2,0.0,436987,3632,100102,444,7.0,6.5,1.02,3.15,4.17,17.91,0.07,0.21,0.28,1.18,344.8,195.0,77.0,576.8,33.0,30.0,132.0,241.0,132.0,105.3,110.0,65.0,1.0,,,35,,Pascal,Groß,Groß,,,1366,1,5,5,13,0,0,0,2,0,0,15,127,,,,0.0,0.33,0.86,0.99,8.37,24,37,66
795,a,,,4.5,495,305.0,0,0.0,0,0.0,0.0,769,329.0,4,0,1.3,435.0,191.0,0,11,0.0,669.0,260.0,0.0,0.9,0.0,971,3,516,5,1.0,0.5,0.0,0.03,0.03,1.04,0.0,0.03,0.03,1.02,10.2,470.0,207.0,5.1,450.0,216.0,2.0,454.0,223.0,1.8,478.0,215.0,,,,35,,Harry,Howell,Howell,,,92,0,0,0,2,0,0,0,0,0,0,1,7,,,,0.0,0.0,1.96,0.98,6.85,1,3,3
220,a,100.0,100.0,4.8,354,13.0,0,0.0,-2,2.0,11.5,34,5.0,108,0,3.4,137.0,17.0,7,483,1.5,200.0,15.0,0.3,22.5,0.0,1756750,240,3205241,3558,1.0,1.5,0.0,0.04,0.04,43.03,0.0,0.0,0.0,1.39,753.0,24.0,6.0,50.0,358.0,1.0,0.0,762.0,87.0,79.8,179.0,6.0,,,,35,,Robert,Lynch Sánchez,Sánchez,,,2794,0,1,9,43,0,0,0,3,1,90,32,89,,,,2.9,0.29,1.39,1.03,0.0,2,26,277
221,d,25.0,25.0,4.3,606,27.0,0,0.0,-2,2.0,0.2,407,57.0,6,0,2.0,340.0,34.0,0,35,0.0,550.0,86.0,0.0,1.4,0.0,16420,1,29003,19,-0.1,0.0,0.0,0.0,0.0,3.56,0.0,0.0,0.0,1.21,59.6,412.0,31.0,0.0,647.0,85.0,0.0,623.0,74.0,5.9,449.0,31.0,,,,35,,Filip,Jörgensen,Jörgensen,Groin Injury - 25% chance of playing,,264,0,0,0,4,0,0,0,0,0,6,2,7,,,,2.05,0.0,1.36,0.68,0.0,0,3,23
222,u,0.0,0.0,4.0,720,65.0,0,0.0,0,0.0,0.0,806,93.0,0,0,0.0,621.0,85.0,0,0,0.0,487.0,76.0,0.0,0.0,0.0,0,0,345,0,0.0,0.0,0.0,0.0,0.0,0.0,0.0,0.0,0.0,0.0,0.0,610.0,85.0,0.0,603.0,74.0,0.0,572.0,60.0,0.0,612.0,85.0,,,,35,,Mike,Penders,Penders,Has joined RC Strasbourg on loan for the rest of the season.,,0,0,0,0,0,0,0,0,0,0,0,0,0,,,,0.0,0.0,0.0,0.0,0.0,0,0,0
223,a,,,3.9,772,84.0,0,0.0,-1,1.0,0.1,470,68.0,0,0,0.0,565.0,54.0,0,0,0.0,421.0,42.0,0.0,0.0,0.0,10304,6,13362,6,-0.5,0.0,0.0,0.0,0.0,0.0,0.0,0.0,0.0,0.0,0.0,553.0,54.0,0.0,540.0,37.0,0.0,507.0,23.0,0.0,555.0,54.0,,,,35,,Gabriel,Słonina,Slonina,,,0,0,0,0,0,0,0,0,0,0,0,0,0,,,,0.0,0.0,0.0,0.0,0.0,0,0,0
224,a,100.0,100.0,6.1,80,3.0,0,0.0,1,-1.0,14.8,25,9.0,97,0,3.2,180.0,73.0,5,444,0.8,289.0,94.0,0.1,15.9,0.0,3043056,661,3871604,3282,0.3,0.8,2.26,3.07,5.33,35.28,0.09,0.12,0.21,1.35,513.4,98.0,43.0,512.6,46.0,4.0,267.0,115.0,19.0,129.4,69.0,12.0,,,,35,,Marc,Cucurella Saseta,Cucurella,,,2346,1,3,9,32,0,0,0,6,1,0,27,208,,,,0.0,0.35,1.23,1.04,6.56,47,124,98
225,d,75.0,75.0,5.6,128,12.0,0,0.0,1,-1.0,5.9,65,21.0,113,0,4.2,46.0,19.0,11,479,0.0,804.0,264.0,0.0,20.2,0.0,2188582,50,2255393,1561,-0.4,0.0,1.02,3.15,4.17,28.24,0.05,0.15,0.2,1.34,446.4,135.0,58.0,480.8,51.0,6.0,109.0,266.0,73.0,103.8,113.0,29.0,1.0,1.0,,35,,Reece,James,James,Lack of match fitness - 75% chance of playing,,1892,2,6,8,20,0,0,0,4,0,0,20,163,,,,0.0,0.38,0.95,0.95,5.9,47,77,95
226,a,100.0,100.0,5.4,156,18.0,0,0.0,4,-4.0,9.3,38,13.0,133,0,4.3,38.0,14.0,7,505,0.5,321.0,106.0,0.1,24.6,0.0,4830973,403,4063580,2837,0.0,0.5,1.34,1.02,2.36,38.29,0.05,0.03,0.08,1.3,689.8,41.0,17.0,108.3,279.0,82.0,156.0,211.0,54.0,95.4,138.0,42.0,,,,35,,Trevoh,Chalobah,Chalobah,,,2649,3,1,9,37,0,0,0,3,1,0,30,287,,,,0.0,0.31,1.26,1.02,8.66,35,220,113
227,d,75.0,75.0,4.7,388,66.0,0,0.0,-3,3.0,0.1,478,174.0,0,0,0.0,774.0,262.0,0,0,0.0,702.0,250.0,0.0,0.0,0.0,1355,6,30865,9,-0.4,0.0,0.0,0.0,0.0,0.0,0.0,0.0,0.0,0.0,0.0,773.0,262.0,0.0,768.0,262.0,0.0,758.0,262.0,0.0,773.0,262.0,,,,35,,Levi,Samuels Colwill,Colwill,Lack of match fitness - 75% chance of playing,,0,0,0,0,0,0,0,0,0,0,0,0,0,,,,0.0,0.0,0.0,0.0,0.0,0,0,0
228,a,100.0,100.0,4.9,330,54.0,0,0.0,-1,1.0,1.9,139,56.0,95,0,3.1,190.0,77.0,7,393,1.0,251.0,85.0,0.2,19.4,0.0,554586,156,546801,1141,0.5,1.0,1.46,2.29,3.75,32.75,0.07,0.1,0.17,1.48,408.6,156.0,69.0,370.2,86.0,20.0,172.0,192.0,47.0,95.2,140.0,43.0,,,,35,,Malo,Gusto,Gusto,,,1991,2,3,7,30,0,0,0,2,1,0,23,142,,,,0.0,0.32,1.36,1.04,5.06,48,64,110
229,a,100.0,100.0,4.4,541,114.0,0,0.0,-1,1.0,0.0,649,232.0,7,0,0.9,514.0,175.0,0,48,0.0,573.0,236.0,0.0,1.6,0.0,9086,2,9873,7,-0.5,0.0,0.0,0.06,0.06,7.41,0.0,0.01,0.01,1.42,102.8,376.0,141.0,7.9,440.0,157.0,2.0,451.0,169.0,11.4,421.0,150.0,,,,35,,Benoît,Badiashile Mukinayi,B.Badiashile,,,470,0,0,0,10,0,0,0,2,0,0,6,51,,,,0.0,0.0,1.91,1.15,9.19,7,41,16
230,a,100.0,100.0,4.4,545,117.0,0,0.0,-1,1.0,0.4,291,109.0,60,0,2.7,234.0,91.0,3,267,1.2,220.0,78.0,0.3,13.6,0.0,136129,36,124101,245,0.7,1.2,0.72,0.6,1.32,22.18,0.04,0.04,0.08,1.34,440.4,139.0,61.0,64.2,337.0,114.0,72.0,308.0,93.0,57.7,256.0,86.0,,,,35,,Wesley,Fofana,Fofana,,,1487,0,1,4,21,0,0,0,5,1,0,17,195,,,,0.0,0.24,1.27,1.03,11.32,19,168,69
231,a,100.0,100.0,4.5,480,97.0,0,0.0,0,0.0,0.0,664,234.0,2,0,1.0,488.0,174.0,0,1,0.0,655.0,248.0,0.0,0.4,0.0,3575,13,3896,9,-0.5,0.0,0.35,0.0,0.35,1.42,0.35,0.0,0.35,1.4,6.2,480.0,172.0,0.1,494.0,177.0,7.0,431.0,165.0,1.3,489.0,172.0,,,,35,,Mamadou,Sarr,M.Sarr,,,91,0,0,0,3,0,0,0,0,0,0,1,8,,,,0.0,0.0,2.97,0.99,7.91,1,7,2
232,a,100.0,100.0,4.0,671,163.0,0,0.0,-5,5.0,0.3,346,125.0,34,0,2.3,296.0,109.0,2,129,0.0,444.0,169.0,0.0,8.5,0.0,109833,40,224190,22,-0.5,0.0,0.11,0.4,0.5,12.16,0.01,0.05,0.06,1.47,232.0,268.0,108.0,32.5,386.0,138.0,19.0,393.0,140.0,28.4,365.0,125.0,,,,35,,Tosin,Adarabioyo,Tosin,,,743,0,0,2,12,0,0,0,2,0,0,7,108,,,,0.0,0.24,1.45,0.85,11.39,15,79,19
233,a,100.0,100.0,3.7,829,266.0,0,0.0,-3,3.0,1.6,155,60.0,36,0,2.4,279.0,104.0,5,107,0.8,270.0,86.0,0.2,9.7,0.0,625590,687,541071,471,0.3,0.8,0.6,0.13,0.73,14.08,0.09,0.02,0.11,2.19,127.8,353.0,133.0,40.3,371.0,135.0,66.0,315.0,98.0,23.4,379.0,130.0,,,,35,,Josh,Acheampong,Acheampong,,,579,1,0,2,12,0,0,0,1,0,0,7,57,,,,0.0,0.31,1.87,1.09,6.37,10,31,23
234,u,0.0,0.0,4.0,741,208.0,0,0.0,0,0.0,0.1,579,207.0,0,0,0.0,640.0,245.0,0,0,0.0,508.0,209.0,0.0,0.0,0.0,1262,0,10284,1,0.0,0.0,0.0,0.0,0.0,0.0,0.0,0.0,0.0,0.0,0.0,629.0,245.0,0.0,622.0,245.0,0.0,591.0,242.0,0.0,631.0,245.0,,,,35,,Aarón,Anselmino,Anselmino,has joined Strasbourg on loan for the rest of the season.,,0,0,0,0,0,0,0,0,0,0,0,0,0,,,,0.0,0.0,0.0,0.0,0.0,0,0,0
235,a,100.0,100.0,10.5,3,2.0,0,0.0,0,0.0,16.0,20,7.0,102,0,4.6,27.0,11.0,9,380,1.5,219.0,98.0,0.1,9.7,0.0,3285132,555,8044957,14448,1.0,1.5,9.21,2.14,11.35,25.01,0.52,0.12,0.64,1.41,474.0,124.0,39.0,347.1,98.0,71.0,466.0,48.0,28.0,128.6,72.0,46.0,,3.0,1.0,35,,Cole,Palmer,Palmer,,,1596,9,2,3,26,0,0,0,4,0,0,20,119,,,,0.0,0.17,1.47,1.13,6.71,21,25,73
236,a,100.0,100.0,7.0,36,21.0,0,0.0,0,0.0,4.3,89,30.0,114,0,3.6,119.0,53.0,8,500,1.5,218.0,97.0,0.2,16.3,0.0,2030711,216,2065210,1562,1.0,1.5,4.51,6.71,11.22,34.31,0.16,0.24,0.4,1.25,472.2,125.0,40.0,784.0,12.0,12.0,477.0,43.0,25.0,173.6,29.0,23.0,2.0,4.0,,35,,Pedro,Lomba Neto,Neto,,,2477,5,5,11,30,0,0,0,2,1,0,28,115,,,,0.0,0.4,1.09,1.02,4.18,16,19,80
237,a,100.0,100.0,6.5,51,32.0,0,0.0,0,0.0,11.2,35,12.0,133,0,4.2,48.0,21.0,14,608,1.0,267.0,125.0,0.2,20.5,0.0,5657567,1270,4973371,5520,0.5,1.0,10.76,6.4,17.16,38.72,0.35,0.21,0.56,1.27,717.4,37.0,10.0,908.1,4.0,4.0,692.0,23.0,10.0,231.8,4.0,2.0,3.0,2.0,2.0,35,,Enzo,Fernández,Enzo,,,2754,8,4,8,39,0,0,0,8,0,0,31,221,,,,0.0,0.26,1.27,1.01,7.22,50,48,123
238,i,0.0,0.0,6.4,61,40.0,0,0.0,-1,1.0,1.7,150,50.0,58,0,2.6,261.0,110.0,4,172,0.5,328.0,153.0,0.1,9.1,0.0,873584,3,932278,567,0.0,0.0,2.91,2.14,5.05,10.29,0.31,0.23,0.54,1.1,183.4,308.0,133.0,230.9,169.0,113.0,314.0,95.0,56.0,72.6,212.0,101.0,4.0,,3.0,35,,Estêvão,Almeida de Oliveira Gonçalves,Estêvão,Hamstring injury - Expected back 01 Jun,,839,2,5,4,11,0,0,0,4,0,0,12,56,,,,0.0,0.43,1.18,1.29,6.01,11,9,36
239,d,25.0,25.0,6.0,86,55.0,0,0.0,-5,5.0,0.1,488,172.0,25,0,1.6,407.0,174.0,0,99,0.0,812.0,361.0,0.0,4.2,0.0,17221,0,42193,1,-0.1,0.0,0.81,0.94,1.75,8.89,0.15,0.17,0.32,1.65,93.0,384.0,170.0,130.4,255.0,157.0,91.0,286.0,153.0,31.3,351.0,167.0,,,,35,,Jamie,Bynoe-Gittens,Gittens,Hamstring injury - 25% chance of playing,,486,0,2,1,7,0,0,0,0,0,0,5,29,,,,0.0,0.19,1.3,0.93,5.37,8,6,15
240,u,0.0,0.0,5.9,93,61.0,0,0.0,-1,1.0,0.1,529,193.0,0,0,0.0,821.0,366.0,0,0,0.0,808.0,358.0,0.0,0.0,0.0,2668,0,23793,2,0.0,0.0,0.0,0.0,0.0,0.0,0.0,0.0,0.0,0.0,0.0,821.0,366.0,0.0,821.0,366.0,0.0,820.0,366.0,0.0,821.0,366.0,,,,35,,Christopher,Nkunku,Nkunku,has joined AC Milan permanently.,,0,0,0,0,0,0,0,0,0,0,0,0,0,,,,0.0,0.0,0.0,0.0,0.0,0,0,0
241,a,100.0,100.0,5.7,118,74.0,0,0.0,2,-2.0,7.3,57,20.0,102,0,3.5,129.0,56.0,10,521,1.5,213.0,94.0,0.3,17.9,0.0,3288996,228,3280807,1013,1.0,1.5,1.41,2.08,3.49,36.44,0.05,0.08,0.13,1.34,515.8,97.0,30.0,321.7,113.0,78.0,119.0,255.0,138.0,95.4,139.0,77.0,,,,35,,Moisés,Caicedo Corozo,Caicedo,,,2442,3,1,6,40,0,0,0,9,1,0,28,331,,,,0.0,0.22,1.47,1.03,12.2,80,93,158
244,a,100.0,100.0,4.9,335,206.0,0,0.0,-1,1.0,0.0,691,277.0,12,0,1.1,453.0,201.0,0,69,1.0,252.0,115.0,0.2,2.4,0.0,3227,11,4921,8,0.5,1.0,0.19,0.47,0.66,6.54,0.05,0.13,0.18,1.86,27.8,448.0,199.0,39.6,374.0,190.0,12.0,413.0,202.0,7.9,436.0,197.0,,,,35,,Roméo,Lavia,Lavia,,,317,0,0,0,7,0,0,0,0,0,0,3,34,,,,0.0,0.0,1.99,0.85,9.65,5,9,20
245,s,0.0,0.0,4.9,328,203.0,0,0.0,-1,1.0,0.0,751,319.0,0,0,0.0,789.0,343.0,0,0,0.0,734.0,308.0,0.0,0.0,0.0,1112,0,1393,0,0.0,0.0,0.0,0.0,0.0,0.0,0.0,0.0,0.0,0.0,0.0,788.0,342.0,0.0,784.0,342.0,0.0,780.0,340.0,0.0,788.0,342.0,,,,35,,Mykhailo,Mudryk,Mudryk,Suspended - unknown return date,,0,0,0,0,0,0,0,0,0,0,0,0,0,,,,0.0,0.0,0.0,0.0,0.0,0,0,0
246,a,100.0,100.0,4.5,459,276.0,0,0.0,0,0.0,0.3,338,115.0,34,0,1.4,425.0,185.0,0,186,0.5,309.0,144.0,0.1,7.6,0.0,79861,47,89542,57,0.0,0.5,1.75,0.83,2.58,16.63,0.15,0.07,0.22,1.41,171.2,315.0,138.0,139.0,241.0,153.0,65.0,316.0,165.0,37.5,330.0,161.0,,,,35,,Andrey,Nascimento dos Santos,Andrey Santos,,,1063,0,0,1,16,0,0,0,4,0,0,11,113,,,,0.0,0.08,1.35,0.93,9.57,29,44,40
247,a,100.0,100.0,4.3,600,353.0,0,0.0,-2,2.0,0.1,563,207.0,1,0,0.5,526.0,244.0,0,7,0.2,340.0,157.0,0.0,0.2,0.0,14142,33,15363,15,-0.3,0.2,0.0,0.01,0.01,0.5,0.0,0.04,0.04,1.8,9.4,472.0,209.0,2.1,465.0,222.0,2.0,450.0,220.0,1.4,485.0,221.0,,,,35,,Dário,Luís Essugo,D.Essugo,,,25,0,0,0,1,0,0,0,1,0,0,0,5,,,,0.0,0.0,3.6,0.0,18.0,4,1,0
248,u,0.0,0.0,4.5,501,310.0,0,0.0,0,0.0,0.0,790,344.0,0,0,0.0,754.0,317.0,0,0,0.0,675.0,265.0,0.0,0.0,0.0,0,0,954,0,0.0,0.0,0.0,0.0,0.0,0.0,0.0,0.0,0.0,0.0,0.0,753.0,316.0,0.0,746.0,316.0,0.0,732.0,311.0,0.0,753.0,316.0,,,,35,,Kendry,Páez Andrade,Paez,has joined River Plate on loan for the rest of the season.,,0,0,0,0,0,0,0,0,0,0,0,0,0,,,,0.0,0.0,0.0,0.0,0.0,0,0,0
249,a,,,7.5,23,8.0,0,0.0,0,0.0,40.7,5,2.0,166,0,5.2,11.0,2.0,28,676,0.5,330.0,45.0,0.1,22.1,0.0,9005166,1814,10544786,32925,0.0,0.5,13.69,1.89,15.58,32.8,0.52,0.07,0.59,1.24,720.4,35.0,4.0,437.8,62.0,2.0,828.0,6.0,5.0,198.2,14.0,4.0,,,,35,,João Pedro,Junqueira de Jesus,João Pedro,,,2388,14,9,10,30,0,0,0,4,0,0,28,127,,,,0.0,0.38,1.13,1.06,4.79,25,36,66
250,a,100.0,100.0,6.2,75,24.0,0,0.0,-3,3.0,0.9,202,30.0,43,0,1.7,399.0,48.0,1,125,1.2,230.0,30.0,0.2,6.9,0.0,111734,48,470453,63,0.7,1.2,4.26,0.21,4.46,13.97,0.4,0.02,0.42,1.32,67.8,403.0,47.0,70.3,326.0,39.0,332.0,88.0,29.0,46.0,298.0,34.0,,,,35,,Liam,Delap,Delap,,,954,1,2,2,16,0,0,0,2,0,0,11,39,,,,0.0,0.19,1.51,1.04,3.68,4,12,23
251,u,0.0,0.0,6.5,54,19.0,0,0.0,0,0.0,0.1,542,76.0,0,0,0.0,827.0,93.0,0,0,0.0,822.0,92.0,0.0,0.0,0.0,4962,0,15407,1,0.0,0.0,0.0,0.0,0.0,0.0,0.0,0.0,0.0,0.0,0.0,827.0,93.0,0.0,827.0,93.0,0.0,827.0,93.0,0.0,827.0,93.0,,,,35,,Nicolas,Jackson,N.Jackson,has joined Bayern Munich on loan for the rest of the season.,,0,0,0,0,0,0,0,0,0,0,0,0,0,,,,0.0,0.0,0.0,0.0,0.0,0,0,0
252,a,100.0,100.0,4.0,705,93.0,0,0.0,-5,5.0,5.0,77,15.0,13,0,1.3,431.0,52.0,0,19,0.2,334.0,46.0,0.0,3.2,0.0,1268581,1563,2857427,723,-0.3,0.2,1.54,0.29,1.83,5.89,0.52,0.1,0.62,2.0,24.6,453.0,53.0,40.1,372.0,47.0,86.0,293.0,51.0,13.1,412.0,53.0,,,,35,,Marc,Guiu Paz,Marc Guiu,,,265,0,1,0,3,0,0,0,1,0,0,1,8,,,,0.0,0.0,1.02,0.34,2.72,0,4,4
453,a,,,6.4,59,38.0,0,0.0,-1,1.0,0.5,278,97.0,55,0,2.4,294.0,126.0,3,217,1.0,266.0,124.0,0.2,8.6,0.0,244906,43,237922,86,0.5,1.0,3.44,3.68,7.12,20.47,0.25,0.26,0.51,1.46,207.4,284.0,117.0,405.3,71.0,56.0,399.0,66.0,38.0,100.1,121.0,69.0,,,,35,,Alejandro,Garnacho Ferreyra,Garnacho,,,1260,1,4,4,20,0,0,0,2,0,0,14,68,,,,0.0,0.29,1.43,1.0,4.86,14,10,44
829,a,,,4.5,507,315.0,0,0.0,0,0.0,0.0,829,372.0,0,0,0.0,760.0,322.0,0,0,0.0,681.0,270.0,0.0,0.0,0.0,45,2,9,1,-0.5,0.0,0.0,0.0,0.0,0.0,0.0,0.0,0.0,0.0,0.0,759.0,321.0,0.0,752.0,321.0,0.0,738.0,316.0,0.0,759.0,321.0,,,,35,,Jesse,Derry,Derry,,,0,0,0,0,0,0,0,0,0,0,0,0,0,,,,0.0,0.0,0.0,0.0,0.0,0,0,0
253,a,,,5.1,226,7.0,0,0.0,1,-1.0,8.7,46,8.0,124,0,3.9,73.0,9.0,7,513,2.2,147.0,13.0,0.4,24.3,0.0,1293345,8155,1097148,954,3.9,2.2,0.0,0.1,0.1,41.93,0.0,0.0,0.0,1.31,736.6,30.0,9.0,10.0,437.0,15.0,0.0,801.0,93.0,74.6,199.0,9.0,,,,35,,Dean,Henderson,Henderson,,,2880,0,0,11,39,0,1,0,4,0,91,32,80,,,,2.84,0.34,1.22,1.0,0.0,0,50,256
254,a,100.0,100.0,3.9,756,75.0,0,0.0,-1,1.0,0.3,315,43.0,7,0,7.0,1.0,1.0,0,29,0.0,409.0,34.0,0.0,1.8,0.0,21472,22,34458,36,-0.5,0.0,0.0,0.0,0.0,1.12,0.0,0.0,0.0,1.12,22.8,454.0,36.0,0.0,528.0,28.0,0.0,495.0,14.0,2.3,474.0,36.0,,,,35,,Walter,Benítez,Benitez,,,90,0,0,1,0,0,0,0,0,0,3,1,0,,,,3.0,1.0,0.0,1.0,0.0,0,1,9
255,a,,,3.9,759,78.0,0,0.0,-1,1.0,0.1,483,71.0,0,0,0.0,556.0,48.0,0,0,0.0,411.0,36.0,0.0,0.0,0.0,6471,2,9318,8,-0.5,0.0,0.0,0.0,0.0,0.0,0.0,0.0,0.0,0.0,0.0,544.0,48.0,0.0,531.0,31.0,0.0,498.0,17.0,0.0,546.0,48.0,,,,35,,Remi,Matthews,Matthews,,,0,0,0,0,0,0,0,0,0,0,0,0,0,,,,0.0,0.0,0.0,0.0,0.0,0,0,0
256,a,100.0,100.0,5.9,95,6.0,1,-1.0,4,-4.0,9.0,43,14.0,126,0,5.2,9.0,2.0,8,431,4.2,51.0,25.0,0.7,21.4,0.0,4014838,19557,4003232,572,7.9,4.2,2.34,3.4,5.74,27.36,0.1,0.15,0.25,1.2,513.2,99.0,44.0,313.2,120.0,31.0,361.0,76.0,6.0,118.7,85.0,20.0,,,,35,,Daniel,Muñoz Mejía,Muñoz,,,2049,4,3,10,24,0,0,0,7,0,0,24,209,,,,0.0,0.44,1.05,1.05,7.42,59,110,86
257,a,100.0,100.0,5.1,233,35.0,0,0.0,1,-1.0,6.2,62,20.0,146,0,4.7,25.0,9.0,11,501,4.5,39.0,18.0,0.9,28.6,0.0,1953140,17050,1385140,640,8.5,4.5,2.36,0.77,3.13,38.23,0.08,0.03,0.11,1.25,738.8,28.0,11.0,93.5,294.0,91.0,282.0,107.0,14.0,111.4,99.0,26.0,,,,35,,Maxence,Lacroix,Lacroix,,,2755,1,2,11,38,0,0,0,3,1,0,31,358,,,,0.0,0.36,1.24,1.01,10.81,53,278,85
258,a,,,5.0,255,39.0,0,0.0,0,0.0,2.3,132,53.0,126,0,3.8,83.0,31.0,8,462,3.0,102.0,43.0,0.6,25.2,0.0,524300,1836,425550,322,5.5,3.0,1.12,2.27,3.39,42.97,0.03,0.07,0.1,1.34,562.0,77.0,36.0,430.8,64.0,11.0,193.0,169.0,38.0,118.7,84.0,19.0,,,,35,,Tyrick,Mitchell,Mitchell,,,2893,1,2,12,38,0,0,0,5,0,0,33,259,,,,0.0,0.37,1.18,1.03,6.56,86,125,156
259,a,100.0,100.0,4.8,356,60.0,0,0.0,-2,2.0,0.1,450,169.0,6,0,0.9,516.0,176.0,0,9,0.2,353.0,121.0,0.0,1.2,0.0,12391,27,19265,14,-0.1,0.2,0.04,0.07,0.11,0.9,0.04,0.06,0.1,0.82,12.6,466.0,170.0,24.1,398.0,143.0,8.0,427.0,162.0,4.5,461.0,166.0,,,,35,,Borna,Sosa,Sosa,,,99,0,0,0,2,0,0,0,1,0,0,0,10,,,,0.0,0.0,1.82,0.0,8.18,3,6,3
261,a,100.0,100.0,4.4,543,116.0,0,0.0,-1,1.0,2.6,122,48.0,123,0,4.2,43.0,17.0,5,447,2.2,143.0,54.0,0.5,28.0,0.0,1065648,2928,924294,334,3.9,2.2,1.76,1.46,3.22,36.48,0.06,0.05,0.11,1.26,678.2,45.0,19.0,152.2,227.0,59.0,147.0,223.0,57.0,98.0,128.0,37.0,,,,35,,Chris,Richards,Richards,,,2602,1,0,11,35,0,0,0,3,0,0,29,301,,,,0.0,0.38,1.21,1.0,10.0,51,238,60
262,a,100.0,100.0,4.0,713,185.0,0,0.0,0,0.0,0.0,589,210.0,14,0,2.3,297.0,110.0,0,58,0.0,480.0,186.0,0.0,3.5,0.0,6915,16,4976,11,-0.5,0.0,0.11,0.05,0.16,4.33,0.03,0.01,0.04,1.25,63.8,409.0,153.0,21.3,403.0,145.0,14.0,401.0,146.0,9.9,423.0,151.0,,,,35,,Chadi,Riad Dnanou,Chadi Riad,,,312,0,1,1,3,0,0,0,2,0,0,3,18,,,,0.0,0.29,0.87,0.87,5.19,4,14,12
263,a,100.0,100.0,3.8,794,234.0,0,0.0,-2,2.0,0.5,273,102.0,15,0,1.9,348.0,126.0,2,49,0.0,379.0,133.0,0.0,3.9,0.0,93046,46,114451,69,-0.5,0.0,0.43,0.6,1.03,7.31,0.08,0.11,0.19,1.33,80.6,396.0,147.0,53.5,353.0,125.0,33.0,362.0,120.0,16.6,399.0,142.0,,,,35,,Nathaniel,Clyne,Clyne,,,494,0,1,0,9,0,0,0,1,0,0,6,39,,,,0.0,0.0,1.64,1.09,7.11,14,25,16
264,u,0.0,0.0,4.0,674,164.0,0,0.0,0,0.0,0.0,708,249.0,0,0,0.0,587.0,212.0,0,0,0.0,447.0,170.0,0.0,0.0,0.0,0,0,3941,0,0.0,0.0,0.0,0.0,0.0,0.0,0.0,0.0,0.0,0.0,0.0,575.0,211.0,0.0,566.0,211.0,0.0,534.0,207.0,0.0,577.0,211.0,,,,35,,Rob,Holding,Holding,Has joined Colorado Rapids permanently.,,0,0,0,0,0,0,0,0,0,0,0,0,0,,,,0.0,0.0,0.0,0.0,0.0,0,0,0
265,a,100.0,100.0,4.0,732,199.0,0,0.0,0,0.0,0.0,687,243.0,0,0,0.0,633.0,238.0,0,0,0.0,499.0,200.0,0.0,0.0,0.0,1098,4,2557,0,-0.5,0.0,0.0,0.0,0.0,0.0,0.0,0.0,0.0,0.0,0.0,622.0,238.0,0.0,615.0,238.0,0.0,584.0,235.0,0.0,624.0,238.0,,,,35,,Caleb,Kporha,Kporha,,,0,0,0,0,0,0,0,0,0,0,0,0,0,,,,0.0,0.0,0.0,0.0,0.0,0,0,0
267,a,100.0,100.0,6.3,68,45.0,0,0.0,-2,2.0,4.8,81,27.0,100,0,4.3,42.0,19.0,9,310,1.8,192.0,83.0,0.3,15.9,0.0,2936016,27804,2951213,552,3.1,1.8,8.56,0.9,9.45,26.0,0.41,0.04,0.45,1.25,391.2,171.0,63.0,228.2,170.0,114.0,451.0,51.0,30.0,107.2,103.0,59.0,,,3.0,35,,Ismaïla,Sarr,Sarr,,,1873,7,2,9,22,0,0,0,2,0,0,21,121,,,,0.0,0.43,1.06,1.01,5.81,18,36,67
268,i,0.0,0.0,4.9,323,200.0,0,0.0,-1,1.0,0.0,801,352.0,0,0,0.0,786.0,341.0,0,0,0.0,730.0,305.0,0.0,0.0,0.0,535,0,731,1,0.0,0.0,0.0,0.0,0.0,0.0,0.0,0.0,0.0,0.0,0.0,785.0,340.0,0.0,781.0,340.0,0.0,777.0,338.0,0.0,785.0,340.0,,,,35,,Cheick,Doucouré,Doucouré,Lack of match fitness - Expected back 01 Jun,,0,0,0,0,0,0,0,0,0,0,0,0,0,,,,0.0,0.0,0.0,0.0,0.0,0,0,0
269,u,0.0,0.0,4.7,395,246.0,0,0.0,-3,3.0,0.1,465,161.0,4,0,1.0,495.0,224.0,0,12,0.0,705.0,286.0,0.0,0.9,0.0,11622,0,29012,3,0.0,0.0,0.0,0.04,0.04,1.74,0.0,0.09,0.09,3.92,6.8,478.0,215.0,2.7,461.0,220.0,6.0,434.0,209.0,1.5,483.0,219.0,,,,35,,Romain,Esse,Esse,has joined Coventry City on loan for the rest of the season.,,40,0,0,0,0,0,0,0,0,0,0,0,5,,,,0.0,0.0,0.0,0.0,11.25,3,0,2
270,a,100.0,100.0,4.7,377,235.0,0,0.0,-3,3.0,0.1,486,171.0,42,0,1.4,426.0,186.0,0,196,0.8,278.0,127.0,0.2,8.9,0.0,22442,56,26473,15,1.1,0.8,1.11,1.7,2.81,21.86,0.07,0.11,0.18,1.39,169.0,317.0,140.0,296.0,129.0,88.0,88.0,291.0,156.0,55.1,265.0,133.0,3.0,,,35,,Will,Hughes,Hughes,,,1411,0,1,5,14,0,0,0,7,0,0,17,135,,,,0.0,0.32,0.89,1.08,8.61,26,48,61
271,a,100.0,100.0,5.0,249,150.0,0,0.0,0,0.0,0.1,508,185.0,59,0,2.6,256.0,105.0,0,288,1.5,206.0,90.0,0.3,11.8,0.0,45841,342,43703,11,2.5,1.5,1.42,2.36,3.78,19.48,0.08,0.13,0.21,1.09,203.6,292.0,122.0,294.3,130.0,89.0,138.0,230.0,126.0,63.7,236.0,116.0,4.0,,,35,,Daichi,Kamada,Kamada,,,1614,0,2,6,20,0,0,0,2,0,0,18,178,,,,0.0,0.33,1.12,1.0,9.93,53,32,93
272,a,100.0,100.0,4.9,289,178.0,0,0.0,-1,1.0,0.1,527,192.0,62,0,2.4,285.0,120.0,3,258,2.0,167.0,71.0,0.4,12.7,0.0,15386,377,16076,25,3.5,2.0,1.81,1.14,2.95,17.47,0.11,0.07,0.18,1.1,239.8,262.0,110.0,176.0,204.0,132.0,221.0,147.0,82.0,63.7,235.0,115.0,,,,35,,Jefferson,Lerma Solís,Lerma,,,1426,0,5,7,16,1,0,0,6,0,0,15,178,,,,0.0,0.44,1.01,0.95,11.23,20,70,88
273,a,100.0,100.0,5.0,269,164.0,0,0.0,0,0.0,0.6,246,87.0,94,0,3.2,172.0,69.0,6,441,0.8,284.0,131.0,0.2,18.8,0.0,188861,2378,192990,83,1.1,0.8,1.33,6.46,7.78,34.55,0.05,0.25,0.3,1.36,406.0,159.0,56.0,590.4,32.0,29.0,155.0,212.0,115.0,115.4,89.0,53.0,2.0,,,35,,Adam,Wharton,Wharton,,,2281,0,6,8,36,0,0,0,4,1,0,27,263,,,,0.0,0.32,1.42,1.07,10.38,60,65,138
274,a,,,4.3,614,362.0,0,0.0,-2,2.0,0.1,498,179.0,0,0,0.0,667.0,253.0,0,0,0.0,558.0,183.0,0.0,0.0,0.0,15574,24,13121,24,-0.5,0.0,0.0,0.0,0.0,0.0,0.0,0.0,0.0,0.0,0.0,656.0,243.0,0.0,652.0,248.0,0.0,628.0,236.0,0.0,658.0,245.0,,,,35,,Asher,Agbinone,Agbinone,,,0,0,0,0,0,0,0,0,0,0,0,0,0,,,,0.0,0.0,0.0,0.0,0.0,0,0,0
275,u,0.0,0.0,4.3,592,349.0,0,0.0,-2,2.0,0.0,629,242.0,0,0,0.0,659.0,246.0,0,0,0.0,543.0,173.0,0.0,0.0,0.0,5497,0,7925,0,0.0,0.0,0.0,0.0,0.0,0.0,0.0,0.0,0.0,0.0,0.0,648.0,236.0,0.0,643.0,241.0,0.0,617.0,227.0,0.0,650.0,238.0,,,,35,,Naouirou,Ahamada,Ahamada,has joined AJ Auxerre permanently.,,0,0,0,0,0,0,0,0,0,0,0,0,0,,,,0.0,0.0,0.0,0.0,0.0,0,0,0
276,a,100.0,100.0,4.3,596,351.0,0,0.0,-2,2.0,1.1,189,64.0,30,0,1.6,403.0,171.0,0,84,0.2,339.0,156.0,0.0,7.0,0.0,296266,177,365338,264,-0.1,0.2,2.38,0.36,2.74,10.1,0.35,0.05,0.4,1.5,86.8,391.0,173.0,95.2,293.0,172.0,164.0,198.0,107.0,34.6,339.0,164.0,,2.0,4.0,35,,Justin,Devenny,Devenny,,,605,1,0,1,10,0,0,0,0,0,0,5,49,,,,0.0,0.15,1.49,0.74,7.29,16,8,25
277,u,0.0,0.0,4.5,436,259.0,0,0.0,0,0.0,0.0,807,356.0,0,0,0.0,710.0,279.0,0,0,0.0,619.0,217.0,0.0,0.0,0.0,0,0,751,1,0.0,0.0,0.0,0.0,0.0,0.0,0.0,0.0,0.0,0.0,0.0,703.0,273.0,0.0,699.0,276.0,0.0,681.0,268.0,0.0,705.0,275.0,,,,35,,Malcolm,Ebiowei,Ebiowei,Has joined Blackpool permanently.,,0,0,0,0,0,0,0,0,0,0,0,0,0,,,,0.0,0.0,0.0,0.0,0.0,0,0,0
278,u,0.0,0.0,4.4,548,328.0,0,0.0,-1,1.0,0.0,657,259.0,0,0,0.0,680.0,260.0,0,0,0.0,578.0,192.0,0.0,0.0,0.0,4359,0,9610,1,0.0,0.0,0.0,0.0,0.0,0.0,0.0,0.0,0.0,0.0,0.0,671.0,252.0,0.0,667.0,256.0,0.0,645.0,245.0,0.0,673.0,254.0,,,,35,,Jesurun,Rak-Sakyi,J.Rak-Sakyi,has joined Stoke City on loan for the rest of the season.,,0,0,0,0,0,0,0,0,0,0,0,0,0,,,,0.0,0.0,0.0,0.0,0.0,0,0,0
279,u,0.0,0.0,4.5,463,280.0,0,0.0,0,0.0,0.0,775,332.0,0,0,0.0,728.0,296.0,0,0,0.0,639.0,235.0,0.0,0.0,0.0,95,0,1656,0,0.0,0.0,0.0,0.0,0.0,0.0,0.0,0.0,0.0,0.0,0.0,722.0,291.0,0.0,717.0,293.0,0.0,700.0,285.0,0.0,723.0,292.0,,,,35,,Matheus,França de Oliveira,M.França,Has joined CR Vasco da Gama on loan for the rest of the season.,,0,0,0,0,0,0,0,0,0,0,0,0,0,,,,0.0,0.0,0.0,0.0,0.0,0,0,0
280,u,0.0,0.0,4.5,458,275.0,0,0.0,0,0.0,0.0,821,365.0,0,0,0.0,725.0,293.0,0,0,0.0,636.0,232.0,0.0,0.0,0.0,0,0,192,0,0.0,0.0,0.0,0.0,0.0,0.0,0.0,0.0,0.0,0.0,0.0,719.0,288.0,0.0,714.0,290.0,0.0,697.0,282.0,0.0,720.0,289.0,,,,35,,David,Ozoh,Ozoh,Has joined Derby County on loan for the rest of the season.,,0,0,0,0,0,0,0,0,0,0,0,0,0,,,,0.0,0.0,0.0,0.0,0.0,0,0,0
281,a,,,4.4,558,335.0,0,0.0,-1,1.0,0.0,586,219.0,1,0,1.0,479.0,211.0,0,2,0.0,585.0,199.0,0.0,0.2,0.0,6172,7,7400,5,-0.5,0.0,0.0,0.0,0.0,0.65,0.0,0.0,0.0,19.5,0.0,677.0,258.0,0.1,493.0,239.0,0.0,652.0,252.0,0.0,679.0,260.0,,,,35,,Kaden,Rodney,Rodney,,,3,0,0,0,0,0,0,0,0,0,0,0,0,,,,0.0,0.0,0.0,0.0,0.0,0,0,0
284,i,0.0,0.0,5.4,161,39.0,0,0.0,-1,1.0,0.3,335,55.0,23,0,1.9,358.0,40.0,3,100,0.0,786.0,84.0,0.0,4.3,0.0,124701,5,147222,18,0.0,0.0,1.77,0.46,2.23,9.49,0.38,0.1,0.48,2.06,120.0,359.0,37.0,84.6,305.0,35.0,173.0,191.0,42.0,37.8,329.0,39.0,,,,35,,Eddie,Nketiah,Nketiah,Hamstring injury - Expected back 01 Jun,,414,2,0,0,12,0,0,0,2,0,0,2,38,,,,0.0,0.0,2.61,0.43,8.26,8,13,17
286,a,,,4.4,566,81.0,0,0.0,-1,1.0,0.3,321,51.0,0,0,0.0,691.0,75.0,0,0,0.0,592.0,65.0,0.0,0.0,0.0,52260,40,60867,38,-0.5,0.0,0.0,0.0,0.0,0.0,0.0,0.0,0.0,0.0,0.0,684.0,74.0,0.0,679.0,73.0,0.0,659.0,73.0,0.0,686.0,74.0,,,,35,,Zach,Marsh,Marsh,,,0,0,0,0,0,0,0,0,0,0,0,0,0,,,,0.0,0.0,0.0,0.0,0.0,0,0,0
580,a,,,6.5,49,31.0,0,0.0,-5,5.0,2.3,131,43.0,58,0,1.9,362.0,157.0,2,193,1.2,232.0,107.0,0.2,8.9,0.0,1151752,813,1328619,88,1.9,1.2,2.37,1.03,3.4,22.72,0.15,0.07,0.22,1.44,202.2,293.0,123.0,267.6,148.0,99.0,214.0,155.0,87.0,67.7,221.0,106.0,1.0,3.0,,35,,Brennan,Johnson,Johnson,,,1422,2,1,6,16,0,0,0,6,0,0,16,102,,,,0.0,0.38,1.01,1.01,6.46,24,31,47
654,a,100.0,100.0,5.9,96,27.0,0,0.0,-6,6.0,1.5,163,23.0,66,0,2.1,336.0,38.0,3,189,1.0,264.0,37.0,0.2,11.2,0.0,493406,1902,844350,493,1.5,1.0,4.63,0.72,5.35,30.44,0.21,0.03,0.24,1.37,243.4,261.0,25.0,173.5,208.0,20.0,402.0,64.0,25.0,80.1,177.0,24.0,,,,35,,Jørgen,Strand Larsen,Strand Larsen,,,2007,4,1,5,33,0,0,1,4,0,0,22,84,,,,0.0,0.22,1.48,0.99,3.77,8,43,33
677,d,50.0,0.0,6.2,76,50.0,0,0.0,-3,3.0,0.0,605,230.0,42,0,2.2,320.0,139.0,0,137,0.0,814.0,362.0,0.0,6.8,0.0,11343,6,15714,18,-0.2,0.0,1.56,0.75,2.31,12.74,0.16,0.08,0.24,1.3,156.8,329.0,148.0,75.8,319.0,175.0,183.0,182.0,98.0,41.2,316.0,154.0,,,,35,,Evann,Guessand,Guessand,Knee injury - 50% chance of playing,,880,1,3,2,15,0,0,0,0,0,0,9,81,,,,0.0,0.2,1.53,0.92,8.28,24,15,42
690,a,100.0,100.0,4.4,570,342.0,0,0.0,-1,1.0,0.3,348,119.0,0,0,0.0,694.0,269.0,0,0,0.0,595.0,204.0,0.0,0.0,0.0,58381,5,56191,13,-0.5,0.0,0.0,0.0,0.0,0.0,0.0,0.0,0.0,0.0,0.0,687.0,263.0,0.0,682.0,266.0,0.0,662.0,257.0,0.0,689.0,265.0,,,,35,,Rio,Cardines,Cardines,,,0,0,0,0,0,0,0,0,0,0,0,0,0,,,,0.0,0.0,0.0,0.0,0.0,0,0,0
712,a,100.0,100.0,5.8,110,70.0,0,0.0,-2,2.0,0.2,401,135.0,70,0,2.3,309.0,132.0,3,297,1.0,263.0,122.0,0.2,12.1,0.0,131349,265,116477,28,1.5,1.0,4.15,5.72,9.87,25.75,0.2,0.27,0.47,1.23,293.2,228.0,96.0,661.8,22.0,21.0,344.0,82.0,47.0,129.7,68.0,43.0,,1.0,,35,,Yéremy,Pino Santos,Yeremy,,,1880,2,1,7,22,0,0,0,4,0,0,23,155,,,,0.0,0.34,1.05,1.1,7.42,34,26,95
723,a,100.0,100.0,4.5,515,98.0,0,0.0,0,0.0,0.4,280,106.0,65,0,4.1,53.0,21.0,9,200,4.2,44.0,20.0,0.9,14.4,0.0,68389,1444,16407,54,7.9,4.2,1.17,0.29,1.46,16.9,0.11,0.03,0.14,1.57,297.4,226.0,89.0,45.8,366.0,132.0,36.0,356.0,118.0,37.8,328.0,110.0,,,,35,,Jaydee,Canvot,Canvot,,,971,0,0,5,13,0,0,0,2,0,0,10,134,,,,0.0,0.46,1.2,0.93,12.42,33,101,41
732,a,,,5.5,150,37.0,0,0.0,0,0.0,0.1,580,79.0,17,0,1.2,449.0,54.0,0,42,0.0,802.0,87.0,0.0,3.1,0.0,15298,21,11840,10,-0.5,0.0,0.49,0.01,0.5,4.63,0.28,0.01,0.29,2.62,13.2,463.0,54.0,7.1,442.0,57.0,73.0,307.0,53.0,8.8,430.0,54.0,,,,35,,Christantus,Uche,Uche,,,159,0,1,0,4,0,0,0,0,0,0,0,13,,,,0.0,0.0,2.26,0.0,7.36,1,3,9
301,a,100.0,100.0,5.2,215,131.0,0,0.0,-3,3.0,0.1,533,196.0,26,0,1.5,417.0,181.0,0,110,0.0,771.0,337.0,0.0,5.0,0.0,17232,0,30253,5,0.0,-0.5,1.04,0.45,1.49,13.41,0.14,0.06,0.2,1.8,83.0,393.0,174.0,145.8,235.0,151.0,156.0,210.0,114.0,38.5,326.0,159.0,,,,35,,Carlos,Alcaraz Durán,Alcaraz,,,671,0,1,3,9,0,0,0,4,0,0,6,65,,,,0.0,0.4,1.21,0.8,8.72,13,11,41
302,a,100.0,100.0,5.4,151,95.0,0,0.0,-1,1.0,0.1,452,154.0,83,0,3.3,158.0,65.0,4,419,2.2,150.0,62.0,0.4,15.4,0.0,29930,26,31965,90,2.2,1.7,1.99,1.84,3.83,31.26,0.09,0.08,0.17,1.34,382.6,173.0,64.0,259.2,153.0,103.0,208.0,161.0,89.0,85.1,160.0,82.0,,,,35,,Idrissa Gana,Gueye,Gana,,,2094,2,3,5,26,0,0,0,1,1,0,25,218,,,,0.0,0.21,1.12,1.07,9.37,43,59,116
303,a,,,5.2,210,130.0,-1,1.0,2,-2.0,3.9,96,31.0,148,0,4.4,35.0,15.0,13,732,2.2,148.0,60.0,0.4,28.5,0.0,1276228,1010,811697,4028,2.2,1.7,1.99,5.16,7.15,50.26,0.06,0.15,0.21,1.48,797.0,17.0,4.0,807.0,9.0,9.0,218.0,151.0,86.0,182.4,23.0,19.0,1.0,3.0,2.0,35,,James,Garner,Garner,,,3053,2,6,11,41,0,0,0,10,0,0,34,422,,,,0.0,0.32,1.21,1.0,12.44,108,145,169
304,a,100.0,100.0,4.8,367,229.0,0,0.0,-2,2.0,0.0,618,237.0,59,0,2.4,284.0,119.0,1,197,0.5,312.0,146.0,0.1,12.3,0.0,5995,1,7118,8,0.5,0.0,0.5,0.63,1.13,19.12,0.04,0.05,0.09,1.51,198.4,296.0,126.0,105.5,284.0,170.0,77.0,301.0,160.0,37.9,327.0,160.0,,,,35,,Tim,Iroegbunam,Iroegbunam,,,1142,0,3,8,12,0,0,0,8,0,0,13,150,,,,0.0,0.63,0.95,1.02,11.82,53,32,65
305,a,100.0,100.0,4.5,500,309.0,0,0.0,0,0.0,0.1,520,189.0,19,0,1.7,393.0,167.0,0,78,0.0,674.0,264.0,0.0,4.2,0.0,13333,25,20330,22,0.0,-0.5,0.79,0.21,1.0,10.79,0.14,0.04,0.18,1.96,58.6,414.0,179.0,66.6,332.0,179.0,78.0,300.0,159.0,20.5,388.0,179.0,,,,35,,Harrison,Armstrong,Armstrong,,,495,0,0,1,10,0,0,0,0,0,0,6,50,,,,0.0,0.18,1.82,1.09,9.09,13,13,24
307,a,,,4.4,553,331.0,0,0.0,-1,1.0,0.0,602,228.0,0,0,0.0,683.0,263.0,0,0,0.0,581.0,195.0,0.0,0.0,0.0,5131,3,6730,7,0.0,-0.5,0.0,0.0,0.0,0.0,0.0,0.0,0.0,0.0,0.0,674.0,255.0,0.0,670.0,259.0,0.0,648.0,248.0,0.0,676.0,257.0,,,,35,,Coby,Ebere,Ebere,,,0,0,0,0,0,0,0,0,0,0,0,0,0,,,,0.0,0.0,0.0,0.0,0.0,0,0,0
308,u,0.0,0.0,4.5,452,270.0,0,0.0,0,0.0,0.0,709,288.0,0,0,0.0,720.0,288.0,0,0,0.0,630.0,227.0,0.0,0.0,0.0,458,0,3775,0,0.0,0.0,0.0,0.0,0.0,0.0,0.0,0.0,0.0,0.0,0.0,714.0,283.0,0.0,709.0,285.0,0.0,692.0,277.0,0.0,715.0,284.0,,,,35,,Isaac,Heath,Heath,has joined Accrington on loan for the rest of the season.,,0,0,0,0,0,0,0,0,0,0,0,0,0,,,,0.0,0.0,0.0,0.0,0.0,0,0,0
309,u,0.0,0.0,4.5,449,268.0,0,0.0,0,0.0,0.0,827,370.0,0,0,0.0,718.0,286.0,0,0,0.0,628.0,225.0,0.0,0.0,0.0,0,0,115,0,0.0,0.0,0.0,0.0,0.0,0.0,0.0,0.0,0.0,0.0,0.0,712.0,281.0,0.0,707.0,283.0,0.0,690.0,275.0,0.0,713.0,282.0,,,,35,,Jenson,Metcalfe,Metcalfe,Has joined Bradford City permanently.,,0,0,0,0,0,0,0,0,0,0,0,0,0,,,,0.0,0.0,0.0,0.0,0.0,0,0,0
310,a,,,5.7,120,33.0,0,0.0,-3,3.0,0.7,226,33.0,80,0,2.4,292.0,32.0,7,234,1.0,262.0,36.0,0.2,14.0,0.0,314378,88,319987,389,1.0,0.5,6.81,0.4,7.21,30.48,0.35,0.02,0.37,1.57,263.6,251.0,22.0,183.6,198.0,18.0,453.0,50.0,20.0,87.5,156.0,21.0,,,,35,,Thierno,Barry,Barry,,,1752,6,0,7,28,0,0,0,3,0,0,20,62,,,,0.0,0.36,1.44,1.03,3.18,4,29,29
311,a,100.0,100.0,5.0,266,55.0,0,0.0,-5,5.0,2.9,113,18.0,92,0,2.8,219.0,22.0,13,303,4.0,57.0,8.0,0.8,18.4,0.0,631654,1534,1226005,1378,4.0,3.5,8.2,0.22,8.42,21.24,0.55,0.01,0.56,1.43,390.0,172.0,17.0,137.1,246.0,27.0,604.0,29.0,16.0,111.5,98.0,17.0,,,3.0,35,,Norberto Bercique,Gomes Betuncal,Beto,,,1341,8,1,5,16,0,0,0,2,0,0,14,79,,,,0.0,0.34,1.07,0.94,5.3,14,40,25
312,u,0.0,0.0,4.9,331,62.0,0,0.0,-1,1.0,0.1,556,77.0,0,0,0.0,790.0,88.0,0,0,0.0,735.0,79.0,0.0,0.0,0.0,2418,0,14573,0,0.0,0.0,0.0,0.0,0.0,0.0,0.0,0.0,0.0,0.0,0.0,789.0,88.0,0.0,785.0,87.0,0.0,781.0,87.0,0.0,789.0,88.0,,,,35,,Youssef,Ramalho Chermiti,Y.Chermiti,has joined Rangers permanently.,,0,0,0,0,0,0,0,0,0,0,0,0,0,,,,0.0,0.0,0.0,0.0,0.0,0,0,0
313,u,0.0,0.0,4.4,560,79.0,0,0.0,-1,1.0,0.1,457,65.0,0,0,0.0,687.0,73.0,0,0,0.0,587.0,63.0,0.0,0.0,0.0,9203,0,26787,6,0.0,0.0,0.0,0.0,0.0,0.0,0.0,0.0,0.0,0.0,0.0,679.0,72.0,0.0,674.0,71.0,0.0,654.0,71.0,0.0,681.0,72.0,,,,35,,Martin,Sherif,Sherif,has joined Port Vale on loan for the rest of the season.,,0,0,0,0,0,0,0,0,0,0,0,0,0,,,,0.0,0.0,0.0,0.0,0.0,0,0,0
419,i,0.0,0.0,6.3,64,42.0,0,0.0,-2,2.0,5.6,69,23.0,79,0,4.0,65.0,30.0,12,356,0.0,816.0,364.0,0.0,12.5,0.0,3790661,4,3790648,322,0.0,0.0,2.05,3.37,5.41,25.81,0.11,0.19,0.3,1.43,374.2,180.0,71.0,520.5,43.0,39.0,397.0,69.0,41.0,129.2,70.0,44.0,,,,35,,Jack,Grealish,Grealish,Foot injury - Expected back 01 Jun,,1627,2,6,7,23,0,0,0,3,1,0,18,135,,,,0.0,0.39,1.27,1.0,7.47,20,27,88
630,a,,,3.9,757,76.0,0,0.0,-1,1.0,1.2,181,21.0,0,0,0.0,555.0,47.0,0,0,0.0,410.0,35.0,0.0,0.0,0.0,73140,15,106534,82,0.0,-0.5,0.0,0.0,0.0,0.0,0.0,0.0,0.0,0.0,0.0,543.0,47.0,0.0,529.0,29.0,0.0,496.0,15.0,0.0,545.0,47.0,,,,35,,Tom,King,King,,,0,0,0,0,0,0,0,0,0,0,0,0,0,,,,0.0,0.0,0.0,0.0,0.0,0,0,0
667,a,100.0,100.0,4.2,641,148.0,0,0.0,-3,3.0,0.1,572,204.0,0,0,0.0,651.0,251.0,0,0,0.0,527.0,221.0,0.0,0.0,0.0,3048,3,12830,1,0.0,-0.5,0.0,0.0,0.0,0.0,0.0,0.0,0.0,0.0,0.0,641.0,252.0,0.0,635.0,251.0,0.0,609.0,250.0,0.0,643.0,252.0,,,,35,,Adam,Aznou,Aznou,,,0,0,0,0,0,0,0,0,0,0,0,0,0,,,,0.0,0.0,0.0,0.0,0.0,0,0,0
704,u,0.0,0.0,4.5,439,261.0,0,0.0,0,0.0,0.0,587,220.0,0,0,0.0,713.0,281.0,0,0,0.0,622.0,219.0,0.0,0.0,0.0,8420,0,10250,0,0.0,0.0,0.0,0.0,0.0,0.0,0.0,0.0,0.0,0.0,0.0,706.0,275.0,0.0,702.0,278.0,0.0,684.0,270.0,0.0,708.0,277.0,,,,35,,Tyler,Onyango,Onyango,has joined Stockport County on loan for the rest of the season.,,0,0,0,0,0,0,0,0,0,0,0,0,0,,,,0.0,0.0,0.0,0.0,0.0,0,0,0
705,u,0.0,0.0,3.9,778,224.0,0,0.0,-1,1.0,0.1,421,156.0,0,0,0.0,569.0,204.0,0,0,0.0,425.0,159.0,0.0,0.0,0.0,18604,0,17841,15,0.0,0.0,0.0,0.0,0.0,0.0,0.0,0.0,0.0,0.0,0.0,557.0,203.0,0.0,545.0,203.0,0.0,512.0,198.0,0.0,559.0,203.0,,,,35,,Elijah,Campbell,Campbell,has joined Port Vale on loan for the rest of the season.,,0,0,0,0,0,0,0,0,0,0,0,0,0,,,,0.0,0.0,0.0,0.0,0.0,0,0,0
317,a,100.0,100.0,4.5,417,78.0,0,0.0,0,0.0,4.2,92,29.0,125,3,3.9,69.0,27.0,8,435,5.2,19.0,7.0,1.2,27.8,0.0,1593281,1383,1404264,1072,5.2,4.2,1.38,1.82,3.2,44.53,0.04,0.06,0.1,1.42,783.2,20.0,7.0,129.7,256.0,70.0,144.0,226.0,58.0,106.1,109.0,28.0,,,,35,,Joachim,Andersen,Andersen,,,2831,0,1,8,44,0,0,0,7,0,0,32,365,,,,0.0,0.25,1.4,1.02,10.43,45,283,112
318,a,100.0,100.0,4.4,540,113.0,0,0.0,-1,1.0,0.6,245,93.0,93,1,3.4,133.0,49.0,9,330,4.0,53.0,27.0,0.9,21.1,0.0,176729,175,164077,167,4.0,3.0,1.71,0.31,2.01,35.24,0.07,0.01,0.08,1.4,523.4,95.0,42.0,107.8,280.0,83.0,111.0,259.0,70.0,74.6,197.0,68.0,,,,35,,Calvin,Bassey,Bassey,,,2262,1,1,6,38,0,0,0,5,0,0,25,230,,,,0.0,0.24,1.51,0.99,7.56,56,134,103
319,a,,,4.3,582,127.0,0,0.0,-2,2.0,0.1,447,167.0,46,1,1.7,389.0,143.0,1,215,3.5,81.0,35.0,0.8,10.7,0.0,24007,91,27874,28,3.5,2.5,1.38,0.95,2.33,29.93,0.08,0.05,0.13,1.71,316.8,216.0,86.0,231.3,168.0,42.0,149.0,220.0,56.0,70.0,218.0,77.0,,,,35,,Timothy,Castagne,Castagne,,,1576,0,1,2,29,0,0,0,4,0,0,17,143,,,,0.0,0.11,1.66,0.97,7.31,30,98,48
320,a,,,4.3,585,130.0,0,0.0,-2,2.0,0.1,535,190.0,13,0,1.3,432.0,155.0,0,49,0.0,540.0,229.0,0.0,3.0,0.0,8207,4,12336,17,0.0,-1.0,0.02,0.04,0.06,10.15,0.0,0.01,0.01,1.54,118.0,364.0,138.0,5.7,448.0,161.0,12.0,410.0,154.0,13.6,408.0,147.0,,,,35,,Issa,Diop,Diop,,,592,0,0,0,11,0,0,0,2,0,0,6,55,,,,0.0,0.0,1.67,0.91,7.3,6,42,14
321,a,,,4.3,588,132.0,0,0.0,-2,2.0,0.1,576,205.0,39,0,2.8,213.0,82.0,1,155,0.0,542.0,230.0,0.0,9.1,0.0,6958,5,8318,13,0.0,-1.0,0.05,0.53,0.58,14.59,0.0,0.05,0.05,1.41,244.6,260.0,104.0,47.1,363.0,130.0,14.0,402.0,147.0,30.7,356.0,120.0,,,,35,,Jorge,Cuenca Barreno,J.Cuenca,,,931,0,0,2,11,0,0,0,5,0,0,11,120,,,,0.0,0.19,1.06,1.06,11.02,16,98,40
322,d,75.0,75.0,4.5,415,77.0,0,0.0,0,0.0,0.2,365,133.0,81,0,3.7,91.0,35.0,5,318,0.0,605.0,239.0,0.0,18.0,0.0,180763,3,180068,66,0.0,-0.8,0.92,1.46,2.38,25.79,0.05,0.07,0.12,1.3,416.0,150.0,65.0,214.1,179.0,46.0,108.0,267.0,74.0,73.9,203.0,72.0,,,,35,,Kenny,Tete,Tete,Lack of match fitness - 75% chance of playing,,1791,1,0,6,25,0,0,0,2,0,0,21,188,,,,0.0,0.3,1.26,1.06,8.29,65,100,82
323,a,,,3.8,820,257.0,0,0.0,-2,2.0,0.1,429,160.0,0,0,0.0,548.0,199.0,0,0,0.0,401.0,152.0,0.0,0.0,0.0,10165,11,18173,17,0.0,-1.0,0.0,0.0,0.0,0.0,0.0,0.0,0.0,0.0,0.0,536.0,198.0,0.0,520.0,198.0,0.0,487.0,193.0,0.0,538.0,198.0,,,,35,,Samuel,Amissah,Amissah,,,0,0,0,0,0,0,0,0,0,0,0,0,0,,,,0.0,0.0,0.0,0.0,0.0,0,0,0
324,i,0.0,0.0,6.2,71,46.0,0,0.0,-3,3.0,1.3,173,61.0,98,0,3.6,115.0,50.0,13,478,0.8,290.0,135.0,0.1,15.8,0.0,590908,6,623061,2399,0.0,0.0,1.41,4.42,5.83,34.68,0.06,0.18,0.24,1.38,486.2,120.0,38.0,684.9,20.0,19.0,275.0,110.0,65.0,144.7,49.0,33.0,2.0,,,35,,Alex,Iwobi,Iwobi,Hamstring injury - Unknown return date,,2264,4,3,4,39,0,0,0,3,0,0,27,175,,,,0.0,0.16,1.55,1.07,6.96,26,34,115
325,a,100.0,100.0,5.6,126,78.0,0,0.0,-4,4.0,0.5,268,93.0,74,2,2.2,319.0,138.0,1,317,2.2,154.0,66.0,0.4,13.2,0.0,167242,73,223915,76,2.2,1.2,4.51,1.1,5.61,29.47,0.24,0.06,0.3,1.55,274.0,244.0,104.0,314.4,118.0,82.0,356.0,78.0,45.0,94.4,142.0,78.0,,,,35,,Emile,Smith Rowe,Smith Rowe,,,1715,3,1,5,26,0,0,0,1,0,0,19,132,,,,0.0,0.26,1.36,1.0,6.93,29,40,63
327,u,0.0,0.0,5.3,183,115.0,0,0.0,-2,2.0,0.1,569,213.0,0,0,0.0,809.0,357.0,0,0,0.0,777.0,339.0,0.0,0.0,0.0,2438,0,35636,1,0.0,0.0,0.0,0.0,0.0,0.0,0.0,0.0,0.0,0.0,0.0,808.0,356.0,0.0,807.0,356.0,0.0,804.0,355.0,0.0,808.0,356.0,,,,35,,Andreas,Hoelgebaum Pereira,Andreas,has joined Palmeiras permanently.,,0,0,0,0,0,0,0,0,0,0,0,0,0,,,,0.0,0.0,0.0,0.0,0.0,0,0,0
328,i,0.0,0.0,5.4,158,98.0,0,0.0,-1,1.0,0.2,410,141.0,95,0,3.5,126.0,54.0,8,332,3.8,69.0,20.0,0.7,17.6,0.0,148253,1,142311,131,0.0,0.0,1.6,1.8,3.4,26.33,0.08,0.09,0.17,1.3,413.8,153.0,52.0,225.0,171.0,115.0,229.0,136.0,79.0,86.7,159.0,81.0,,,,35,,Ryan,Sessegnon,Sessegnon,Muscle injury - Expected back 17 May,,1816,3,3,6,29,0,0,0,0,0,0,20,218,,,,0.0,0.3,1.44,0.99,10.8,48,96,74
329,a,100.0,100.0,5.9,89,57.0,-1,1.0,4,-4.0,19.9,14,5.0,161,2,4.9,19.0,9.0,21,607,2.2,156.0,67.0,0.4,27.3,0.0,5798891,3369,3369322,16150,2.2,1.2,5.71,4.6,10.31,38.95,0.2,0.16,0.36,1.36,685.0,42.0,11.0,618.3,29.0,26.0,578.0,31.0,15.0,188.1,20.0,16.0,1.0,1.0,3.0,35,,Harry,Wilson,Wilson,,,2584,10,8,9,37,0,0,0,7,0,0,31,171,,,,0.0,0.31,1.29,1.08,5.96,28,65,78
330,a,,,4.9,303,188.0,0,0.0,-1,1.0,0.1,518,188.0,87,0,2.6,254.0,103.0,3,487,1.8,181.0,77.0,0.4,17.8,0.0,13843,21,14706,23,1.8,0.8,1.38,1.46,2.84,42.44,0.04,0.05,0.09,1.38,422.8,146.0,50.0,328.7,109.0,77.0,93.0,283.0,151.0,84.8,161.0,83.0,,,,35,,Sander,Berge,Berge,,,2769,0,3,7,44,1,0,0,5,0,0,32,269,,,,0.0,0.23,1.43,1.04,8.74,55,89,125
331,a,100.0,100.0,4.8,346,216.0,0,0.0,-2,2.0,0.0,643,249.0,33,1,1.5,411.0,175.0,1,137,1.0,248.0,112.0,0.2,6.9,0.0,2994,4,5042,2,1.0,0.0,0.98,0.61,1.59,11.16,0.14,0.08,0.22,1.54,96.0,383.0,169.0,138.4,243.0,154.0,49.0,338.0,175.0,28.4,366.0,172.0,,,,35,,Tom,Cairney,Cairney,,,652,1,0,2,9,0,0,0,3,0,0,5,51,,,,0.0,0.28,1.24,0.69,7.04,6,8,37
332,a,100.0,100.0,4.9,307,191.0,0,0.0,-1,1.0,0.1,566,210.0,61,1,2.5,270.0,111.0,3,275,2.5,132.0,54.0,0.5,12.4,0.0,15341,26,19424,6,2.5,1.5,2.19,1.7,3.89,25.18,0.13,0.1,0.23,1.46,279.4,241.0,103.0,399.3,74.0,58.0,154.0,214.0,116.0,83.2,168.0,88.0,3.0,,,35,,Saša,Lukić,Lukić,,,1550,1,4,6,20,0,0,0,8,0,0,18,163,,,,0.0,0.35,1.16,1.05,9.46,43,55,65
333,u,0.0,0.0,4.5,478,292.0,0,0.0,0,0.0,0.0,672,270.0,0,0,0.0,739.0,305.0,0,0,0.0,653.0,247.0,0.0,0.0,0.0,898,0,6627,1,0.0,0.0,0.0,0.0,0.0,0.0,0.0,0.0,0.0,0.0,0.0,735.0,302.0,0.0,729.0,303.0,0.0,714.0,297.0,0.0,736.0,303.0,,,,35,,Martial,Godo,Godo,has joined Strasbourg permanently.,,0,0,0,0,0,0,0,0,0,0,0,0,0,,,,0.0,0.0,0.0,0.0,0.0,0,0,0
334,u,0.0,0.0,4.5,456,273.0,0,0.0,0,0.0,0.0,819,363.0,0,0,0.0,723.0,291.0,0,0,0.0,634.0,230.0,0.0,0.0,0.0,0,0,316,0,0.0,0.0,0.0,0.0,0.0,0.0,0.0,0.0,0.0,0.0,0.0,717.0,286.0,0.0,712.0,288.0,0.0,695.0,280.0,0.0,718.0,287.0,,,,35,,Luke,Harris,Harris,Has joined Oxford United on loan for the rest of the season.,,0,0,0,0,0,0,0,0,0,0,0,0,0,,,,0.0,0.0,0.0,0.0,0.0,0,0,0
335,a,100.0,100.0,4.4,567,340.0,0,0.0,-1,1.0,1.7,151,51.0,61,1,2.1,330.0,144.0,3,206,1.0,242.0,109.0,0.2,13.9,0.0,1001455,236,920448,518,1.0,0.0,2.32,0.6,2.92,17.88,0.17,0.04,0.21,1.3,192.8,299.0,129.0,165.6,213.0,138.0,305.0,99.0,59.0,65.5,228.0,111.0,,,,35,,Josh,King,King,,,1235,1,3,5,18,0,0,0,3,0,0,15,99,,,,0.0,0.36,1.31,1.09,7.21,24,20,55
336,a,100.0,100.0,4.3,581,346.0,0,0.0,-2,2.0,0.3,317,109.0,15,2,2.1,325.0,142.0,2,51,0.5,300.0,140.0,0.1,3.5,0.0,87553,72,83325,108,0.5,-0.5,0.13,0.45,0.58,3.08,0.13,0.46,0.59,3.15,42.8,428.0,186.0,44.4,368.0,189.0,11.0,415.0,204.0,9.8,425.0,193.0,,,,35,,Harrison,Reed,Reed,,,88,1,0,0,4,0,0,0,0,0,0,1,6,,,,0.0,0.0,4.09,1.02,6.14,0,1,5
337,a,100.0,100.0,6.0,84,25.0,0,0.0,-5,5.0,2.0,138,21.0,110,2,3.2,179.0,17.0,7,405,1.5,215.0,28.0,0.2,18.3,0.0,863506,555,885431,1709,1.5,0.5,11.48,0.9,12.38,33.78,0.48,0.04,0.52,1.42,480.4,121.0,12.0,329.4,108.0,6.0,718.0,20.0,12.0,152.2,39.0,9.0,,2.0,1.0,35,,Raúl,Jiménez Rodríguez,Raúl,,,2142,9,5,9,28,0,0,0,5,0,0,27,130,,,,0.0,0.38,1.18,1.13,5.46,34,42,54
338,a,100.0,100.0,5.3,187,43.0,0,0.0,-2,2.0,0.7,224,32.0,31,1,1.7,397.0,47.0,3,88,1.5,209.0,26.0,0.3,5.8,0.0,269901,87,443321,78,1.5,0.5,2.28,0.13,2.41,12.24,0.27,0.02,0.29,1.45,108.8,371.0,40.0,89.9,301.0,33.0,225.0,141.0,35.0,41.3,315.0,36.0,,,,35,,Rodrigo,Muniz Carvalho,Muniz,,,760,1,1,2,11,1,0,0,1,0,0,7,48,,,,0.0,0.24,1.3,0.83,5.68,7,27,14
424,a,100.0,100.0,5.1,237,142.0,0,0.0,-4,4.0,0.2,368,125.0,36,1,1.8,380.0,162.0,0,156,1.0,256.0,119.0,0.2,7.1,0.0,92635,20,102201,58,1.0,0.0,1.21,1.58,2.79,11.13,0.13,0.17,0.3,1.17,115.0,368.0,164.0,248.6,159.0,107.0,180.0,186.0,99.0,54.6,268.0,135.0,,,,35,,Oscar,Bobb,Bobb,,,853,0,2,3,12,0,0,0,1,0,0,9,65,,,,0.0,0.32,1.27,0.95,6.86,18,10,37
664,a,,,3.9,753,73.0,0,0.0,-1,1.0,0.7,230,31.0,0,0,0.0,553.0,45.0,0,0,0.0,406.0,32.0,0.0,0.0,0.0,44100,12,58058,41,0.0,-1.0,0.0,0.0,0.0,0.0,0.0,0.0,0.0,0.0,0.0,541.0,45.0,0.0,526.0,26.0,0.0,493.0,12.0,0.0,543.0,45.0,,,,35,,Benjamin,Lecomte,Lecomte,,,0,0,0,0,0,0,0,0,0,0,0,0,0,,,,0.0,0.0,0.0,0.0,0.0,0,0,0
727,a,100.0,100.0,5.3,185,117.0,0,0.0,-2,2.0,0.1,526,191.0,59,2,2.8,222.0,88.0,1,233,1.8,185.0,80.0,0.3,11.1,0.0,101724,30,95761,35,1.8,0.8,2.1,3.34,5.44,17.71,0.19,0.3,0.49,1.6,270.4,246.0,106.0,314.4,117.0,81.0,241.0,127.0,73.0,82.3,171.0,89.0,,,,35,,Samuel,Chukwueze,Chukwueze,,,995,3,4,2,19,0,0,0,0,0,0,9,78,,,,0.0,0.18,1.72,0.81,7.06,6,18,54
731,i,0.0,0.0,5.7,119,75.0,0,0.0,-3,3.0,0.0,583,218.0,43,0,1.9,360.0,156.0,0,158,0.0,805.0,356.0,0.0,7.5,0.0,34815,3,32251,7,0.0,0.0,1.12,1.4,2.52,13.01,0.11,0.14,0.25,1.3,200.8,294.0,124.0,231.6,167.0,112.0,206.0,163.0,90.0,63.6,237.0,117.0,,,,35,,Kevin,Santos Lopes de Macedo,Kevin,Foot injury - Unknown return date,,898,1,2,4,15,0,0,0,1,0,0,8,75,,,,0.0,0.4,1.5,0.8,7.52,19,16,40
737,a,,,4.5,512,74.0,0,0.0,0,0.0,0.1,482,69.0,5,1,0.8,521.0,64.0,0,13,0.2,352.0,48.0,0.0,1.1,0.0,22709,27,18142,26,0.2,-0.8,0.0,0.07,0.07,1.17,0.0,0.15,0.15,2.51,1.2,506.0,60.0,11.4,425.0,56.0,8.0,426.0,58.0,2.1,476.0,57.0,,,,35,,Jonah,Kusi-Asare,Kusi-Asare,,,42,0,0,0,2,0,0,0,1,0,0,0,4,,,,0.0,0.0,4.29,0.0,8.57,0,0,4
786,a,,,4.0,710,61.0,0,0.0,0,0.0,0.0,734,85.0,0,0,0.0,615.0,82.0,0,0,0.0,478.0,72.0,0.0,0.0,0.0,984,4,526,2,0.0,-1.0,0.0,0.0,0.0,0.0,0.0,0.0,0.0,0.0,0.0,604.0,82.0,0.0,596.0,70.0,0.0,564.0,56.0,0.0,606.0,82.0,,,,35,,Alfie,McNally,McNally,,,0,0,0,0,0,0,0,0,0,0,0,0,0,,,,0.0,0.0,0.0,0.0,0.0,0,0,0
168,a,100.0,100.0,4.6,403,249.0,0,0.0,-4,4.0,0.1,494,175.0,2,0,0.7,524.0,243.0,0,5,0.0,696.0,281.0,0.0,0.4,0.0,17593,41,30911,28,0.0,0.5,0.04,0.1,0.14,1.86,0.05,0.13,0.18,2.43,6.0,481.0,216.0,25.7,396.0,199.0,19.0,394.0,197.0,5.0,456.0,204.0,,,,35,,Facundo,Buonanotte,Buonanotte,,,69,0,0,0,2,0,0,0,1,0,0,1,5,,,,0.0,0.0,2.61,1.3,6.52,1,1,3
339,a,,,4.1,658,36.0,0,0.0,-4,4.0,0.3,312,42.0,0,0,0.0,646.0,89.0,0,0,0.0,517.0,80.0,0.0,0.0,0.0,15227,23,65676,35,0.0,0.5,0.0,0.0,0.0,0.0,0.0,0.0,0.0,0.0,0.0,635.0,89.0,0.0,628.0,78.0,0.0,598.0,64.0,0.0,637.0,89.0,,,,35,,Illan,Meslier,Meslier,,,0,0,0,0,0,0,0,0,0,0,0,0,0,,,,0.0,0.0,0.0,0.0,0.0,0,0,0
340,a,,,3.9,754,74.0,0,0.0,-1,1.0,0.1,426,61.0,0,0,0.0,554.0,46.0,0,0,0.0,407.0,33.0,0.0,0.0,0.0,8978,5,16101,7,0.0,0.5,0.0,0.0,0.0,0.0,0.0,0.0,0.0,0.0,0.0,542.0,46.0,0.0,527.0,27.0,0.0,494.0,13.0,0.0,544.0,46.0,,,,35,,Alex,Cairns,Cairns,,,0,0,0,0,0,0,0,0,0,0,0,0,0,,,,0.0,0.0,0.0,0.0,0.0,0,0,0
341,a,,,4.0,666,40.0,1,-1.0,0,0.0,6.7,60,10.0,56,2,2.9,203.0,23.0,0,276,3.5,79.0,9.0,0.9,14.0,0.0,876823,1304,350977,1168,3.5,4.0,0.0,0.05,0.05,21.42,0.0,0.0,0.0,1.13,431.0,143.0,20.0,0.0,559.0,49.0,0.0,527.0,35.0,43.4,309.0,20.0,,,,35,,Karl,Darlow,Darlow,,,1710,0,0,4,23,0,0,0,1,0,50,19,59,,,,2.63,0.21,1.21,1.0,0.0,1,25,180
342,a,100.0,100.0,4.4,536,109.0,0,0.0,-1,1.0,0.7,225,86.0,94,5,2.8,215.0,84.0,1,299,4.5,33.0,15.0,1.0,21.4,0.0,142375,332,77261,453,4.5,5.0,2.05,2.89,4.94,37.96,0.07,0.1,0.17,1.26,422.6,147.0,63.0,327.4,110.0,27.0,212.0,156.0,32.0,96.5,133.0,39.0,,,,35,,Jayden,Bogle,Bogle,,,2718,1,5,6,43,0,0,0,6,0,0,31,214,,,,0.0,0.2,1.42,1.03,5.63,62,108,131
343,a,100.0,100.0,4.4,535,108.0,1,-1.0,-1,1.0,3.3,102,36.0,106,1,3.3,147.0,56.0,4,403,3.2,89.0,40.0,0.7,24.1,0.0,571316,413,194592,2881,3.2,3.7,3.02,0.74,3.76,39.44,0.1,0.02,0.12,1.27,675.0,46.0,20.0,160.0,221.0,57.0,266.0,116.0,20.0,110.1,101.0,27.0,,,,35,,Pascal,Struijk,Struijk,,,2790,0,1,7,44,0,0,0,5,0,0,31,305,,,,0.0,0.23,1.42,1.0,9.23,36,250,111
344,a,100.0,75.0,3.9,766,219.0,0,0.0,-1,1.0,1.0,195,75.0,85,5,3.9,67.0,26.0,5,276,4.8,25.0,10.0,1.2,21.8,0.0,247860,792,139701,404,4.8,4.0,0.9,0.64,1.54,25.18,0.05,0.04,0.09,1.38,442.6,138.0,60.0,72.3,324.0,110.0,233.0,132.0,25.0,74.8,196.0,67.0,,,,35,,Jaka,Bijol,Bijol,,,1639,1,3,4,24,0,0,0,3,0,0,18,191,,,,0.0,0.22,1.32,0.99,9.88,24,156,60
345,a,100.0,100.0,3.8,803,242.0,0,0.0,-2,2.0,0.1,443,165.0,17,0,1.9,349.0,127.0,0,48,0.0,386.0,139.0,0.0,4.5,0.0,23188,16,20311,34,0.0,0.5,0.0,0.01,0.01,4.93,0.0,0.0,0.0,1.46,78.4,397.0,148.0,5.6,449.0,162.0,10.0,417.0,155.0,9.4,427.0,153.0,,,,35,,Sebastiaan,Bornauw,Bornauw,,,304,0,0,1,4,0,0,0,1,0,0,4,38,,,,0.0,0.3,1.18,1.18,11.25,6,32,7
346,a,,,3.7,822,259.0,0,0.0,-3,3.0,0.3,318,116.0,1,0,1.0,455.0,162.0,0,-2,0.0,370.0,125.0,0.0,0.3,0.0,46326,321,41317,90,0.0,0.5,0.0,0.0,0.0,0.79,0.0,0.0,0.0,10.16,0.0,515.0,180.0,0.0,496.0,178.0,0.0,461.0,171.0,0.0,517.0,180.0,,,,35,,Sam,Byram,Byram,,,7,0,0,0,1,0,0,0,0,0,0,0,0,,,,0.0,0.0,12.86,0.0,0.0,0,0,0
347,i,0.0,0.0,3.8,799,238.0,0,0.0,-2,2.0,3.0,110,41.0,68,0,2.1,323.0,118.0,8,286,2.2,139.0,51.0,0.6,17.9,0.0,1004021,24,985029,2903,0.0,0.0,1.1,2.89,3.98,41.06,0.04,0.1,0.14,1.4,442.6,137.0,59.0,363.7,89.0,21.0,158.0,205.0,51.0,96.4,135.0,40.0,,,,35,,Gabriel,Gudmundsson,Gudmundsson,Hamstring injury - Expected back 17 May,,2637,0,0,5,45,1,0,0,4,1,0,31,219,,,,0.0,0.17,1.54,1.06,6.28,65,119,112
348,a,100.0,100.0,3.9,762,217.0,0,0.0,-1,1.0,2.9,114,44.0,101,1,3.2,161.0,64.0,5,341,0.5,296.0,96.0,0.1,25.9,0.0,1218473,759,1139961,758,0.5,1.0,1.34,0.49,1.83,41.6,0.04,0.02,0.06,1.4,640.2,52.0,24.0,100.3,288.0,88.0,221.0,146.0,30.0,96.5,132.0,38.0,,,,35,,Joe,Rodon,Rodon,,,2682,2,0,5,49,0,0,0,2,0,0,30,279,,,,0.0,0.17,1.64,1.01,8.42,33,218,76
349,u,0.0,0.0,4.0,701,178.0,0,0.0,0,0.0,0.1,560,200.0,0,0,0.0,609.0,222.0,0,0,0.0,471.0,181.0,0.0,0.0,0.0,788,0,16045,2,0.0,0.0,0.0,0.0,0.0,0.0,0.0,0.0,0.0,0.0,0.0,597.0,221.0,0.0,589.0,221.0,0.0,557.0,217.0,0.0,599.0,221.0,,,,35,,Isaac,Schmidt,Schmidt,has joined Werder Bremen on loan for the rest of the season.,,0,0,0,0,0,0,0,0,0,0,0,0,0,,,,0.0,0.0,0.0,0.0,0.0,0,0,0
350,a,,,5.4,165,103.0,0,0.0,-1,1.0,1.3,175,62.0,122,1,3.6,111.0,46.0,5,428,3.2,94.0,29.0,0.6,22.6,0.0,375219,182,224995,3261,3.2,3.7,4.25,3.14,7.39,32.01,0.17,0.13,0.3,1.29,456.8,131.0,44.0,442.5,60.0,49.0,475.0,45.0,27.0,137.3,58.0,37.0,,,,35,,Brenden,Aaronson,Aaronson,,,2238,4,8,9,29,0,0,0,2,0,0,27,204,,,,0.0,0.36,1.17,1.09,8.2,47,34,123
351,a,100.0,100.0,5.1,238,143.0,0,0.0,-4,4.0,0.1,511,186.0,29,1,1.4,428.0,187.0,0,119,1.8,183.0,78.0,0.4,5.7,0.0,10250,8,41055,26,1.8,2.3,0.36,0.75,1.11,9.99,0.07,0.15,0.22,2.03,75.6,399.0,176.0,116.4,269.0,164.0,53.0,335.0,174.0,24.4,375.0,176.0,,,,35,,Wilfried,Gnonto,Gnonto,,,443,0,3,1,12,0,0,0,3,0,0,4,51,,,,0.0,0.2,2.44,0.81,10.36,16,13,22
352,u,0.0,0.0,5.1,230,139.0,0,0.0,-4,4.0,0.0,600,226.0,12,0,1.1,454.0,202.0,0,51,0.0,767.0,334.0,0.0,2.4,0.0,6000,0,18767,2,0.0,0.0,0.28,0.23,0.51,3.82,0.1,0.08,0.18,1.31,30.0,442.0,194.0,49.4,359.0,186.0,35.0,360.0,185.0,11.5,420.0,191.0,,,,35,,Jack,Harrison,Harrison,has joined ACF Fiorentina on loan for the rest of the season.,,262,0,0,0,5,0,0,0,0,0,0,1,24,,,,0.0,0.0,1.72,0.34,8.24,5,6,13
353,a,100.0,100.0,5.2,204,126.0,0,0.0,-3,3.0,0.1,485,170.0,19,1,1.2,447.0,199.0,0,77,0.2,362.0,164.0,0.0,3.7,0.0,8749,12,53276,15,0.2,0.7,0.76,0.59,1.35,10.75,0.17,0.13,0.3,2.38,50.2,423.0,183.0,113.3,273.0,166.0,120.0,252.0,137.0,28.5,364.0,171.0,,,,35,,Daniel,James,James,,,406,0,0,1,13,0,0,0,0,0,0,4,26,,,,0.0,0.22,2.88,0.89,5.76,5,3,18
354,a,100.0,100.0,4.9,298,185.0,0,0.0,-1,1.0,0.6,244,86.0,118,1,3.7,96.0,38.0,8,523,4.0,56.0,16.0,0.8,24.1,0.0,132728,327,65912,1047,4.0,4.5,2.47,2.13,4.6,41.72,0.08,0.07,0.15,1.32,545.0,86.0,27.0,360.0,90.0,66.0,160.0,201.0,109.0,106.9,105.0,61.0,,,,35,,Ethan,Ampadu,Ampadu,,,2849,1,3,7,45,0,0,0,9,0,0,32,383,,,,0.0,0.22,1.42,1.01,12.1,75,139,169
356,i,0.0,0.0,4.7,390,242.0,0,0.0,-3,3.0,0.1,503,182.0,56,0,2.4,281.0,117.0,3,245,0.5,310.0,145.0,0.1,11.9,0.0,22981,4,19343,124,0.0,0.0,0.49,0.86,1.35,25.27,0.03,0.06,0.09,1.73,199.4,295.0,125.0,171.0,210.0,136.0,64.0,320.0,167.0,43.2,310.0,151.0,4.0,,,35,,Ilia,Gruev,Gruev,Knee injury - Expected back 01 Jun,,1318,0,4,5,23,0,0,0,3,0,0,15,114,,,,0.0,0.34,1.57,1.02,7.78,23,40,51
357,u,0.0,0.0,4.9,320,198.0,0,0.0,-1,1.0,0.0,720,298.0,0,0,0.0,784.0,339.0,0,0,0.0,728.0,303.0,0.0,0.0,0.0,203,0,4339,1,0.0,0.0,0.0,0.0,0.0,0.0,0.0,0.0,0.0,0.0,0.0,783.0,338.0,0.0,779.0,338.0,0.0,775.0,336.0,0.0,783.0,338.0,,,,35,,Largie,Ramazani,Ramazani,has joined Valencia on loan for the rest of the season.,,0,0,0,0,0,0,0,0,0,0,0,0,0,,,,0.0,0.0,0.0,0.0,0.0,0,0,0
358,a,100.0,100.0,4.8,360,223.0,0,0.0,-2,2.0,0.2,376,127.0,57,6,2.3,304.0,129.0,3,251,3.2,91.0,28.0,0.7,11.9,0.0,58324,138,66242,63,3.2,3.7,1.41,1.33,2.74,16.43,0.12,0.11,0.23,1.37,195.2,297.0,127.0,290.4,136.0,92.0,103.0,271.0,146.0,58.8,249.0,123.0,,,,35,,Tanaka,Ao,Tanaka,,,1081,2,1,3,20,0,0,0,1,0,0,11,113,,,,0.0,0.25,1.67,0.92,9.41,20,30,63
359,u,0.0,0.0,4.5,461,278.0,0,0.0,0,0.0,0.0,804,354.0,0,0,0.0,726.0,294.0,0,0,0.0,637.0,233.0,0.0,0.0,0.0,0,0,976,0,0.0,0.0,0.0,0.0,0.0,0.0,0.0,0.0,0.0,0.0,0.0,720.0,289.0,0.0,715.0,291.0,0.0,698.0,283.0,0.0,721.0,290.0,,,,35,,Charlie,Crew,Crew,Has joined Doncaster Rovers on loan for the rest of the season.,,0,0,0,0,0,0,0,0,0,0,0,0,0,,,,0.0,0.0,0.0,0.0,0.0,0,0,0
360,u,0.0,0.0,4.5,441,263.0,0,0.0,0,0.0,0.0,761,323.0,0,0,0.0,715.0,283.0,0,0,0.0,624.0,221.0,0.0,0.0,0.0,0,0,2907,0,0.0,0.0,0.0,0.0,0.0,0.0,0.0,0.0,0.0,0.0,0.0,708.0,277.0,0.0,704.0,280.0,0.0,686.0,272.0,0.0,710.0,279.0,,,,35,,Joe,Gelhardt,Gelhardt,Has joined Hull City on loan for the rest of the season.,,0,0,0,0,0,0,0,0,0,0,0,0,0,,,,0.0,0.0,0.0,0.0,0.0,0,0,0
362,a,100.0,100.0,4.9,315,58.0,0,0.0,-6,6.0,0.3,307,47.0,15,0,1.1,452.0,55.0,0,37,0.2,359.0,50.0,0.0,3.1,0.0,39778,18,221821,31,0.2,0.7,0.81,0.13,0.94,5.3,0.34,0.05,0.39,2.21,10.6,468.0,55.0,37.9,377.0,49.0,96.0,279.0,49.0,13.9,406.0,52.0,,,3.0,35,,Joël,Piroe,Piroe,,,216,0,0,1,7,0,0,0,0,0,0,2,11,,,,0.0,0.42,2.92,0.83,4.58,1,1,9
363,u,0.0,0.0,4.9,287,57.0,0,0.0,-1,1.0,0.3,316,50.0,0,0,0.0,777.0,86.0,0,0,0.0,712.0,76.0,0.0,0.0,0.0,16144,0,203289,4,0.0,0.0,0.0,0.0,0.0,0.0,0.0,0.0,0.0,0.0,0.0,776.0,86.0,0.0,772.0,85.0,0.0,767.0,85.0,0.0,776.0,86.0,,,,35,,Patrick,Bamford,Bamford,has departed the club as a free agent.,,0,0,0,0,0,0,0,0,0,0,0,0,0,,,,0.0,0.0,0.0,0.0,0.0,0,0,0
364,u,0.0,0.0,5.0,278,56.0,0,0.0,0,0.0,0.0,748,91.0,0,0,0.0,803.0,89.0,0,0,0.0,759.0,81.0,0.0,0.0,0.0,0,0,2429,0,0.0,0.0,0.0,0.0,0.0,0.0,0.0,0.0,0.0,0.0,0.0,802.0,89.0,0.0,800.0,89.0,0.0,795.0,89.0,0.0,802.0,89.0,,,,35,,Mateo,Joseph Fernández-Regatillo,Mateo Joseph,Has joined RCD Mallorca on loan for the rest of the season.,,0,0,0,0,0,0,0,0,0,0,0,0,0,,,,0.0,0.0,0.0,0.0,0.0,0,0,0
365,a,100.0,100.0,5.0,246,52.0,0,0.0,0,0.0,0.6,258,38.0,69,1,2.5,271.0,29.0,8,243,0.8,283.0,39.0,0.2,13.8,0.0,218069,70,230650,180,0.8,1.3,6.79,1.0,7.79,17.88,0.67,0.1,0.77,1.75,263.8,250.0,21.0,105.7,282.0,30.0,396.0,70.0,26.0,76.5,189.0,27.0,,,2.0,35,,Lukas,Nmecha,Nmecha,,,918,6,1,3,20,0,0,1,0,0,0,9,42,,,,0.0,0.29,1.96,0.88,4.12,8,12,22
493,a,100.0,100.0,4.8,349,219.0,0,0.0,-2,2.0,0.2,364,123.0,54,1,2.6,252.0,101.0,5,267,2.5,130.0,52.0,0.5,11.2,0.0,178923,26,183076,36,2.5,3.0,0.98,1.72,2.7,14.63,0.09,0.16,0.25,1.35,285.6,235.0,102.0,394.8,78.0,60.0,90.0,289.0,155.0,77.0,188.0,93.0,2.0,2.0,,35,,Sean,Longstaff,Longstaff,,,972,2,2,1,20,0,0,0,2,0,0,10,105,,,,0.0,0.09,1.85,0.93,9.72,37,28,40
660,a,100.0,100.0,4.8,364,226.0,0,0.0,-2,2.0,1.7,149,49.0,132,10,4.9,17.0,8.0,14,531,2.5,131.0,53.0,0.5,27.5,0.0,1202292,3604,1043572,367,2.5,3.0,2.78,4.36,7.14,30.58,0.11,0.18,0.29,1.25,630.0,54.0,14.0,885.2,5.0,5.0,311.0,97.0,58.0,182.8,21.0,17.0,1.0,1.0,,35,,Anton,Stach,Stach,,,2206,5,6,6,35,0,0,0,3,0,0,26,251,,,,0.0,0.24,1.43,1.06,10.24,59,78,114
665,a,100.0,100.0,4.4,532,26.0,0,0.0,-1,1.0,0.3,344,48.0,43,0,2.7,233.0,27.0,3,153,0.0,569.0,88.0,0.0,9.8,0.0,53943,48,71294,186,0.0,0.5,0.0,0.0,0.0,26.68,0.0,0.0,0.0,1.67,322.4,211.0,22.0,0.0,661.0,86.0,0.0,639.0,76.0,32.2,348.0,22.0,,,,35,,Lucas Estella,Perri,Perri,,,1440,0,0,3,29,0,0,0,2,0,38,16,39,,,,2.38,0.19,1.81,1.0,0.0,0,16,100
691,a,100.0,100.0,5.8,106,31.0,1,-1.0,3,-3.0,13.3,27,7.0,126,6,3.9,76.0,6.0,17,417,4.0,59.0,9.0,0.7,21.7,0.0,4041015,9308,2374896,5493,4.0,4.5,14.2,1.02,15.21,29.44,0.52,0.04,0.56,1.07,542.8,87.0,6.0,268.2,147.0,12.0,961.0,3.0,3.0,176.2,25.0,6.0,,,1.0,35,,Dominic,Calvert-Lewin,Calvert-Lewin,,,2473,12,2,7,32,0,0,1,2,0,0,27,95,,,,0.0,0.25,1.16,0.98,3.46,10,44,41
698,a,100.0,75.0,5.6,129,80.0,0,0.0,1,-1.0,2.7,117,37.0,109,10,3.9,75.0,33.0,11,354,10.2,1.0,1.0,1.8,19.5,0.0,492440,14019,146471,1935,10.2,8.0,5.25,1.32,6.57,24.54,0.3,0.08,0.38,1.42,438.8,140.0,46.0,275.0,145.0,97.0,435.0,55.0,32.0,115.0,91.0,55.0,,,,35,,Noah,Okafor,Okafor,,,1553,8,3,6,26,0,0,0,3,0,0,19,113,,,,0.0,0.35,1.51,1.1,6.55,23,29,61
706,a,100.0,100.0,4.0,677,167.0,1,-1.0,0,0.0,2.1,134,54.0,83,2,3.2,162.0,65.0,9,291,5.5,16.0,6.0,1.4,20.8,0.0,362597,1708,106819,1126,5.5,6.0,1.63,1.09,2.72,26.07,0.09,0.06,0.15,1.45,412.6,154.0,68.0,163.6,215.0,55.0,202.0,164.0,36.0,78.0,185.0,62.0,3.0,,,35,,James,Justin,Justin,,,1623,2,1,5,22,0,0,0,4,0,0,18,164,,,,0.0,0.28,1.22,1.0,8.71,44,113,62
741,u,0.0,0.0,4.5,496,70.0,0,0.0,0,0.0,0.1,528,73.0,0,0,0.0,751.0,81.0,0,0,0.0,670.0,71.0,0.0,0.0,0.0,27606,0,24787,5,0.0,0.0,0.0,0.0,0.0,0.0,0.0,0.0,0.0,0.0,0.0,749.0,81.0,0.0,742.0,80.0,0.0,728.0,80.0,0.0,749.0,81.0,,,,35,,Harry,Gray,Gray,has joined Rotherham United on loan for the rest of the season.,,0,0,0,0,0,0,0,0,0,0,0,0,0,,,,0.0,0.0,0.0,0.0,0.0,0,0,0
787,a,,,4.4,564,338.0,0,0.0,-1,1.0,0.0,735,306.0,0,0,0.0,690.0,267.0,0,0,0.0,590.0,201.0,0.0,0.0,0.0,2585,8,1530,5,0.0,0.5,0.0,0.0,0.0,0.0,0.0,0.0,0.0,0.0,0.0,682.0,260.0,0.0,677.0,263.0,0.0,657.0,254.0,0.0,684.0,262.0,,,,35,,Sam,Chambers,Chambers,,,0,0,0,0,0,0,0,0,0,0,0,0,0,,,,0.0,0.0,0.0,0.0,0.0,0,0,0
366,d,50.0,50.0,5.4,153,4.0,0,0.0,-1,1.0,5.3,72,11.0,89,0,3.6,110.0,15.0,8,382,0.0,782.0,97.0,0.0,16.5,0.0,691429,27,1488587,1051,0.2,0.0,0.0,0.03,0.03,28.02,0.0,0.0,0.0,1.12,468.4,127.0,18.0,0.1,495.0,17.0,0.0,805.0,95.0,46.7,292.0,18.0,,,,35,,Alisson,Becker,A.Becker,Muscle injury - 50% chance of playing,,2250,0,0,8,30,0,0,0,1,0,56,25,63,,,,2.24,0.32,1.2,1.0,0.0,0,37,221
367,i,0.0,0.0,4.1,659,37.0,0,0.0,-4,4.0,0.6,243,32.0,31,0,3.9,68.0,6.0,2,120,2.5,128.0,11.0,0.6,7.6,0.0,189422,10,193888,562,0.0,0.0,0.0,0.0,0.0,10.94,0.0,0.0,0.0,1.43,215.6,280.0,24.0,0.0,629.0,79.0,0.0,599.0,65.0,21.5,384.0,25.0,,,,35,,Giorgi,Mamardashvili,Mamardashvili,Knee injury - Unknown return date,,687,0,0,2,13,0,1,0,0,0,27,8,45,,,,3.54,0.26,1.7,1.05,0.0,0,9,59
368,a,,,3.8,819,97.0,0,0.0,-2,2.0,0.9,208,25.0,0,0,0.0,547.0,41.0,0,0,0.0,400.0,28.0,0.0,0.0,0.0,166538,232,77550,267,0.5,0.0,0.0,0.0,0.0,0.0,0.0,0.0,0.0,0.0,0.0,535.0,41.0,0.0,519.0,21.0,0.0,486.0,7.0,0.0,537.0,41.0,,,,35,,Ármin,Pécsi,Pécsi,,,0,0,0,0,0,0,0,0,0,0,0,0,0,,,,0.0,0.0,0.0,0.0,0.0,0,0,0
369,a,,,3.9,758,77.0,0,0.0,-1,1.0,0.3,304,40.0,4,0,2.0,338.0,33.0,0,27,1.0,237.0,19.0,0.3,1.0,0.0,52450,383,24527,105,1.5,1.0,0.0,0.0,0.0,2.42,0.0,0.0,0.0,1.79,54.0,419.0,33.0,0.0,530.0,30.0,0.0,497.0,16.0,5.4,453.0,33.0,,,,35,,Freddie,Woodman,Woodman,,,122,0,0,0,1,0,0,0,0,0,6,1,0,,,,4.43,0.0,0.74,0.74,0.0,0,2,13
370,a,100.0,100.0,5.7,116,10.0,0,0.0,-3,3.0,5.1,76,25.0,59,0,3.3,159.0,63.0,1,230,2.0,175.0,65.0,0.4,10.4,0.0,708936,264,3411796,1000,2.5,2.0,0.46,1.41,1.87,9.8,0.05,0.15,0.2,1.04,120.2,358.0,136.0,214.4,178.0,45.0,143.0,228.0,59.0,47.9,290.0,96.0,,,,35,,Jeremie,Frimpong,Frimpong,,,852,0,5,5,10,0,0,0,1,0,0,10,33,,,,0.0,0.53,1.06,1.06,3.06,10,19,45
371,d,75.0,75.0,5.6,133,14.0,0,0.0,-4,4.0,3.0,109,40.0,81,0,2.7,245.0,96.0,4,342,0.5,324.0,107.0,0.1,14.5,0.0,381980,8,841220,1603,0.8,0.4,1.47,0.65,2.12,26.97,0.07,0.03,0.1,1.19,414.6,152.0,67.0,381.7,82.0,18.0,137.0,232.0,60.0,93.6,145.0,46.0,,,,35,,Milos,Kerkez,Kerkez,Knock - 75% chance of playing,,2033,2,1,6,31,0,0,0,4,0,0,25,154,,,,0.0,0.27,1.37,1.11,5.67,40,88,78
372,a,,,5.7,113,9.0,0,0.0,-3,3.0,1.0,193,74.0,53,0,2.4,291.0,108.0,4,208,4.0,58.0,29.0,0.7,9.3,0.0,70926,315,140493,100,4.5,4.0,1.07,1.15,2.21,14.31,0.09,0.1,0.19,1.26,218.2,278.0,113.0,285.4,140.0,37.0,119.0,254.0,69.0,62.5,240.0,82.0,,,,35,,Andrew,Robertson,Robertson,,,1025,1,0,4,13,0,0,0,0,0,0,9,59,,,,0.0,0.35,1.14,0.79,4.3,12,37,36
373,a,,,6.2,70,2.0,0,0.0,2,-2.0,32.2,9,3.0,156,0,4.6,26.0,10.0,10,545,5.2,22.0,9.0,0.8,25.2,0.0,5092057,4821,4270983,13367,5.7,5.2,3.01,1.22,4.23,41.38,0.09,0.04,0.13,1.22,1020.2,3.0,1.0,198.6,190.0,50.0,424.0,56.0,2.0,164.3,30.0,1.0,,,,35,,Virgil,van Dijk,Virgil,,,3060,4,1,10,44,0,0,0,4,0,0,34,347,,,,0.0,0.29,1.29,1.0,9.47,23,299,76
374,a,100.0,100.0,5.5,139,16.0,0,0.0,0,0.0,4.0,95,32.0,125,0,3.9,74.0,28.0,8,512,3.5,85.0,37.0,0.6,22.7,0.0,906680,554,843885,2218,4.0,3.5,1.05,0.93,1.98,34.94,0.03,0.03,0.06,1.14,719.4,36.0,14.0,143.8,236.0,60.0,96.0,281.0,82.0,96.2,136.0,41.0,,,,35,,Ibrahima,Konaté,Konaté,,,2750,1,0,10,36,0,0,0,6,0,0,32,301,,,,0.0,0.33,1.18,1.05,9.03,50,226,104
375,i,0.0,0.0,4.9,332,55.0,0,0.0,-1,1.0,0.1,428,159.0,42,0,2.8,218.0,87.0,2,157,0.0,736.0,254.0,0.0,8.6,0.0,62768,4,72457,7,0.0,0.0,0.18,0.84,1.02,10.77,0.02,0.08,0.1,1.04,157.4,328.0,125.0,105.2,285.0,85.0,62.0,323.0,102.0,32.3,347.0,117.0,,,,35,,Conor,Bradley,Bradley,Knee injury - Expected back 01 Jun,,928,0,2,4,13,0,0,0,5,0,0,12,82,,,,0.0,0.39,1.26,1.16,6.3,19,46,43
376,a,100.0,100.0,4.9,295,46.0,0,0.0,-1,1.0,0.1,423,157.0,32,0,1.8,377.0,140.0,2,97,0.5,314.0,104.0,0.1,6.5,0.0,25122,14,31103,8,1.0,0.5,0.23,0.62,0.85,8.02,0.04,0.11,0.15,1.4,118.6,361.0,137.0,71.6,325.0,111.0,26.0,378.0,131.0,21.7,383.0,133.0,,,,35,,Joe,Gomez,Gomez,,,515,0,2,2,12,0,0,0,2,0,0,6,43,,,,0.0,0.35,2.1,1.05,7.34,9,33,18
377,u,0.0,0.0,4.8,353,58.0,0,0.0,-2,2.0,0.0,598,214.0,0,0,0.0,776.0,263.0,0,0,0.0,707.0,251.0,0.0,0.0,0.0,1669,0,12304,2,0.0,0.0,0.0,0.0,0.0,0.0,0.0,0.0,0.0,0.0,0.0,775.0,263.0,0.0,770.0,263.0,0.0,761.0,263.0,0.0,775.0,263.0,,,,35,,Konstantinos,Tsimikas,Tsimikas,has joined AS Roma on loan for the rest of the season.,,0,0,0,0,0,0,0,0,0,0,0,0,0,,,,0.0,0.0,0.0,0.0,0.0,0,0,0
378,a,100.0,100.0,3.7,831,268.0,0,0.0,-3,3.0,0.9,204,80.0,0,0,0.0,532.0,186.0,0,0,0.0,377.0,132.0,0.0,0.0,0.0,231455,48,145595,266,0.5,0.0,0.0,0.0,0.0,0.0,0.0,0.0,0.0,0.0,0.0,520.0,185.0,0.0,502.0,184.0,0.0,468.0,178.0,0.0,522.0,185.0,,,,35,,Amara,Nallo,Nallo,,,0,0,0,0,0,0,0,0,0,0,0,0,0,,,,0.0,0.0,0.0,0.0,0.0,0,0,0
379,a,,,3.7,823,260.0,0,0.0,-3,3.0,0.5,261,99.0,0,0,0.0,528.0,182.0,0,0,0.0,371.0,126.0,0.0,0.0,0.0,101101,60,66836,129,0.5,0.0,0.0,0.0,0.0,0.0,0.0,0.0,0.0,0.0,0.0,516.0,181.0,0.0,497.0,179.0,0.0,462.0,172.0,0.0,518.0,181.0,,,,35,,Rhys,Williams,R.Williams,,,0,0,0,0,0,0,0,0,0,0,0,0,0,,,,0.0,0.0,0.0,0.0,0.0,0,0,0
380,a,,,3.7,825,262.0,0,0.0,-3,3.0,0.3,345,124.0,0,0,0.0,529.0,183.0,0,0,0.0,373.0,128.0,0.0,0.0,0.0,33306,177,34172,46,0.5,0.0,0.0,0.0,0.0,0.0,0.0,0.0,0.0,0.0,0.0,517.0,182.0,0.0,498.0,180.0,0.0,464.0,174.0,0.0,519.0,182.0,,,,35,,Calvin,Ramsay,Ramsay,,,0,0,0,0,0,0,0,0,0,0,0,0,0,,,,0.0,0.0,0.0,0.0,0.0,0,0,0
381,i,0.0,0.0,14.0,2,1.0,0,0.0,-5,5.0,14.0,26,9.0,116,0,4.6,28.0,12.0,10,364,4.8,31.0,10.0,0.3,8.3,0.0,1585923,46,6134976,4895,0.0,0.0,7.98,4.93,12.91,29.78,0.35,0.22,0.57,1.3,497.6,110.0,33.0,710.6,15.0,15.0,741.0,18.0,8.0,194.9,15.0,11.0,2.0,4.0,1.0,35,,Mohamed,Salah,M.Salah,Muscle injury - Expected back 24 May,,2055,7,6,7,33,0,0,0,1,0,0,22,101,,,,0.0,0.31,1.45,0.96,4.42,16,11,74
382,a,100.0,100.0,8.3,13,8.0,0,0.0,-2,2.0,9.1,41,14.0,121,0,4.0,66.0,31.0,17,506,4.0,62.0,19.0,0.5,14.6,0.0,2338875,1688,4918433,2612,4.5,4.0,6.05,5.03,11.07,30.17,0.24,0.2,0.44,1.21,512.8,101.0,32.0,864.8,8.0,8.0,629.0,25.0,11.0,200.6,13.0,10.0,4.0,5.0,,35,,Florian,Wirtz,Wirtz,,,2243,5,4,10,27,0,0,0,1,0,0,26,163,,,,0.0,0.4,1.08,1.04,6.54,31,25,107
383,u,0.0,0.0,8.0,17,12.0,0,0.0,0,0.0,0.0,607,231.0,0,0,0.0,830.0,372.0,0,0,0.0,826.0,371.0,0.0,0.0,0.0,0,0,7374,0,0.0,0.0,0.0,0.0,0.0,0.0,0.0,0.0,0.0,0.0,0.0,830.0,372.0,0.0,830.0,372.0,0.0,830.0,372.0,0.0,830.0,372.0,,,,35,,Luis,Díaz Marulanda,Luis Díaz,Has joined Bayern Munch permanently.,,0,0,0,0,0,0,0,0,0,0,0,0,0,,,,0.0,0.0,0.0,0.0,0.0,0,0,0
384,a,100.0,100.0,7.3,29,18.0,0,0.0,-2,2.0,5.6,71,24.0,119,0,3.7,103.0,44.0,5,423,3.2,99.0,34.0,0.4,16.3,0.0,3507387,306,3888579,1771,3.7,3.2,7.08,4.6,11.68,28.79,0.26,0.17,0.43,1.08,486.8,119.0,37.0,657.7,25.0,23.0,762.0,12.0,5.0,190.5,19.0,15.0,3.0,,3.0,35,,Cody,Gakpo,Gakpo,,,2407,6,5,10,31,0,0,0,2,0,0,28,136,,,,0.0,0.37,1.16,1.05,5.09,27,31,78
385,a,100.0,100.0,6.3,67,44.0,0,0.0,-2,2.0,0.3,339,116.0,34,0,1.5,419.0,182.0,0,125,0.0,817.0,365.0,0.0,5.4,0.0,56991,10,70087,21,0.5,0.0,1.36,0.61,1.97,5.41,0.44,0.2,0.64,1.76,119.8,360.0,162.0,46.9,364.0,187.0,147.0,224.0,122.0,31.1,352.0,168.0,,,,35,,Federico,Chiesa,Chiesa,,,277,2,1,0,7,0,0,0,3,0,0,1,29,,,,0.0,0.0,2.27,0.32,9.42,8,13,8
386,a,100.0,100.0,6.2,73,48.0,0,0.0,-3,3.0,1.9,141,46.0,100,0,3.0,201.0,79.0,9,442,3.8,73.0,22.0,0.6,16.1,0.0,381067,307,393424,996,4.3,3.8,3.41,1.4,4.81,30.72,0.13,0.05,0.18,1.21,430.8,144.0,48.0,478.6,52.0,45.0,313.0,96.0,57.0,122.3,77.0,48.0,,,4.0,35,,Alexis,Mac Allister,Mac Allister,,,2294,2,5,7,32,0,0,0,5,0,0,27,203,,,,0.0,0.27,1.26,1.06,7.96,45,59,99
387,a,100.0,100.0,7.0,37,22.0,-1,1.0,5,-5.0,12.2,32,11.0,134,0,4.2,49.0,22.0,17,661,2.8,124.0,50.0,0.4,19.1,0.0,3181736,1709,2021732,12675,3.3,2.8,4.01,5.6,9.61,39.38,0.13,0.18,0.31,1.23,728.0,32.0,8.0,1068.3,2.0,2.0,336.0,86.0,49.0,213.2,9.0,6.0,1.0,2.0,2.0,35,,Dominik,Szoboszlai,Szoboszlai,,,2872,5,4,9,43,0,0,1,8,1,0,32,313,,,,0.0,0.28,1.35,1.0,9.81,50,92,171
388,a,100.0,100.0,5.4,162,101.0,0,0.0,-1,1.0,0.1,461,158.0,66,0,2.2,318.0,137.0,3,359,3.0,104.0,37.0,0.6,12.2,0.0,30833,46,35889,26,3.5,3.0,1.49,2.58,4.07,25.19,0.09,0.15,0.24,1.45,306.8,221.0,92.0,354.4,93.0,69.0,187.0,177.0,95.0,84.8,162.0,84.0,,,,35,,Curtis,Jones,C.Jones,,,1563,0,3,3,28,0,0,0,1,0,0,14,199,,,,0.0,0.17,1.61,0.81,11.46,34,42,123
390,a,100.0,100.0,5.4,168,105.0,0,0.0,-1,1.0,3.9,97,32.0,128,0,4.0,63.0,29.0,14,597,1.0,261.0,121.0,0.2,23.7,0.0,2079774,197,1721517,2315,1.5,1.0,1.66,2.1,3.76,33.59,0.06,0.07,0.13,1.13,607.6,59.0,16.0,438.5,61.0,50.0,174.0,190.0,103.0,121.7,79.0,49.0,,,,35,,Ryan,Gravenberch,Gravenberch,,,2664,4,5,9,35,0,0,0,5,0,0,30,275,,,,0.0,0.3,1.18,1.01,9.29,53,102,120
392,i,0.0,0.0,4.9,292,181.0,0,0.0,-1,1.0,0.1,522,190.0,12,0,1.5,413.0,177.0,0,49,0.0,715.0,294.0,0.0,2.4,0.0,7404,1,15459,5,0.0,0.0,0.04,0.05,0.09,4.11,0.02,0.03,0.05,2.18,56.0,416.0,180.0,18.1,408.0,203.0,6.0,435.0,210.0,8.0,435.0,196.0,,,,35,,Endo,Wataru,Endo,Foot injury - Expected back 24 May,,170,0,1,1,5,0,0,0,1,0,0,1,23,,,,0.0,0.53,2.65,0.53,12.18,7,13,3
393,i,0.0,0.0,4.2,646,372.0,0,0.0,-3,3.0,0.1,458,157.0,0,0,0.0,654.0,245.0,0,0,0.0,531.0,171.0,0.0,0.0,0.0,23298,454,16294,113,0.0,0.0,0.0,0.0,0.0,0.0,0.0,0.0,0.0,0.0,0.0,644.0,235.0,0.0,638.0,240.0,0.0,612.0,226.0,0.0,646.0,237.0,,,,35,,Stefan,Bajčetić Maquieira,Bajcetic,Hamstring injury - Unknown return date,,0,0,0,0,0,0,0,0,0,0,0,0,0,,,,0.0,0.0,0.0,0.0,0.0,0,0,0
394,u,0.0,0.0,4.4,551,329.0,0,0.0,-1,1.0,0.0,686,275.0,0,0,0.0,681.0,261.0,0,0,0.0,579.0,193.0,0.0,0.0,0.0,1737,0,4123,1,0.0,0.0,0.0,0.0,0.0,0.0,0.0,0.0,0.0,0.0,0.0,672.0,253.0,0.0,668.0,257.0,0.0,646.0,246.0,0.0,674.0,255.0,,,,35,,James,McConnell,McConnell,has joined Ajax on loan for the rest of the season.,,0,0,0,0,0,0,0,0,0,0,0,0,0,,,,0.0,0.0,0.0,0.0,0.0,0,0,0
395,u,0.0,0.0,4.5,433,257.0,0,0.0,0,0.0,0.0,810,358.0,0,0,0.0,708.0,277.0,0,0,0.0,617.0,215.0,0.0,0.0,0.0,0,0,361,0,0.0,0.0,0.0,0.0,0.0,0.0,0.0,0.0,0.0,0.0,0.0,701.0,271.0,0.0,697.0,274.0,0.0,679.0,266.0,0.0,703.0,273.0,,,,35,,Tyler,Morton,Morton,Has joined Lyon permanently.,,0,0,0,0,0,0,0,0,0,0,0,0,0,,,,0.0,0.0,0.0,0.0,0.0,0,0,0
396,a,,,4.3,615,363.0,0,0.0,-2,2.0,0.3,325,111.0,5,0,1.0,475.0,207.0,0,9,0.2,341.0,158.0,0.0,1.2,0.0,99031,12,86561,36,0.7,0.2,0.37,0.01,0.38,0.41,2.38,0.06,2.44,2.64,2.4,495.0,227.0,12.7,421.0,209.0,4.0,439.0,213.0,1.8,477.0,214.0,,,,35,,Trey,Nyoni,Nyoni,,,14,0,0,0,1,0,0,0,0,0,0,0,2,,,,0.0,0.0,6.43,0.0,12.86,0,0,2
397,u,0.0,0.0,6.5,50,18.0,0,0.0,0,0.0,0.1,557,78.0,0,0,0.0,826.0,92.0,0,0,0.0,821.0,91.0,0.0,0.0,0.0,0,0,15988,1,0.0,0.0,0.0,0.0,0.0,0.0,0.0,0.0,0.0,0.0,0.0,826.0,92.0,0.0,826.0,92.0,0.0,826.0,92.0,0.0,826.0,92.0,,,,35,,Darwin,Núñez Ribeiro,Darwin,Has joined Al-Hilal permanently.,,0,0,0,0,0,0,0,0,0,0,0,0,0,,,,0.0,0.0,0.0,0.0,0.0,0,0,0
398,i,0.0,0.0,4.3,604,85.0,0,0.0,-2,2.0,0.1,480,68.0,0,0,0.0,662.0,68.0,0,0,0.0,549.0,57.0,0.0,0.0,0.0,9532,6,20237,4,0.0,0.0,0.0,0.0,0.0,0.0,0.0,0.0,0.0,0.0,0.0,651.0,67.0,0.0,646.0,66.0,0.0,622.0,66.0,0.0,653.0,67.0,,,,35,,Jayden,Danns,Danns,Hamstring injury - Unknown return date,,0,0,0,0,0,0,0,0,0,0,0,0,0,,,,0.0,0.0,0.0,0.0,0.0,0,0,0
499,a,100.0,100.0,10.3,5,2.0,0,0.0,-2,2.0,4.3,90,17.0,40,0,3.1,196.0,21.0,4,136,2.8,126.0,19.0,0.3,3.9,0.0,1931598,2177,2448578,1855,3.3,2.8,2.59,0.07,2.66,8.29,0.35,0.01,0.36,1.11,144.2,338.0,34.0,38.9,375.0,48.0,183.0,183.0,41.0,35.8,337.0,41.0,,,,35,,Alexander,Isak,Isak,,,671,3,1,1,9,0,0,0,0,0,0,8,28,,,,0.0,0.13,1.21,1.07,3.76,6,10,12
661,i,0.0,0.0,9.0,7,3.0,-1,1.0,5,-5.0,17.0,18,4.0,125,0,4.5,34.0,5.0,22,433,0.0,829.0,93.0,0.0,13.9,0.0,9186866,21,9456471,14633,0.0,0.0,10.1,2.45,12.55,26.11,0.51,0.12,0.63,1.31,525.8,94.0,8.0,307.2,122.0,7.0,739.0,19.0,11.0,156.2,37.0,8.0,,,,35,,Hugo,Ekitiké,Ekitiké,Achilles injury - Expected back 01 Jul,,1797,11,4,7,25,0,0,0,0,0,0,21,85,,,,0.0,0.35,1.25,1.05,4.26,11,32,42
686,a,,,4.3,620,367.0,0,0.0,-2,2.0,1.1,191,66.0,32,0,2.1,328.0,143.0,3,148,3.0,100.0,35.0,0.7,7.4,0.0,320913,993,213719,665,3.5,3.0,1.04,1.75,2.79,5.44,0.31,0.52,0.83,1.61,140.6,341.0,152.0,154.3,226.0,144.0,162.0,199.0,108.0,45.6,301.0,147.0,,,,35,,Rio,Ngumoha,Ngumoha,,,304,2,0,2,5,0,0,0,0,0,0,2,18,,,,0.0,0.59,1.48,0.59,5.33,2,4,12
692,i,0.0,0.0,4.9,344,57.0,0,0.0,-1,1.0,0.0,722,251.0,0,0,0.0,794.0,264.0,0,0,0.0,742.0,255.0,0.0,0.0,0.0,1964,2,2599,0,0.0,0.0,0.0,0.0,0.0,0.0,0.0,0.0,0.0,0.0,0.0,793.0,264.0,0.0,789.0,264.0,0.0,785.0,264.0,0.0,793.0,264.0,,,,35,,Giovanni,Leoni,Leoni,Knee injury - Expected back 01 Sep,,0,0,0,0,0,0,0,0,0,0,0,0,0,,,,0.0,0.0,0.0,0.0,0.0,0,0,0
417,a,100.0,100.0,6.5,53,34.0,0,0.0,0,0.0,15.6,21,8.0,123,0,4.4,36.0,16.0,16,533,5.8,14.0,6.0,0.9,18.9,0.0,4005853,41673,3010780,677,12.6,6.3,3.74,8.07,11.81,19.62,0.22,0.47,0.69,1.14,551.0,81.0,26.0,879.2,6.0,6.0,516.0,38.0,21.0,194.8,16.0,12.0,3.0,2.0,,35,,Rayan,Cherki,Cherki,,,1546,4,11,8,14,0,0,0,1,0,0,17,126,,,,0.0,0.47,0.82,0.99,7.34,24,15,87
418,a,100.0,100.0,6.4,56,35.0,0,0.0,-1,1.0,2.7,116,36.0,90,0,3.6,117.0,51.0,9,390,4.0,60.0,17.0,0.6,14.1,0.0,2197067,2564,2111211,292,9.0,4.5,2.26,5.0,7.26,18.39,0.14,0.31,0.45,1.12,377.2,175.0,66.0,663.8,21.0,20.0,476.0,44.0,26.0,151.5,41.0,28.0,,,3.0,35,,Jérémy,Doku,Doku,,,1474,2,8,7,14,0,0,0,0,0,0,16,111,,,,0.0,0.43,0.85,0.98,6.78,19,12,80
420,u,0.0,0.0,6.3,63,41.0,0,0.0,-2,2.0,0.1,564,208.0,0,0,0.0,823.0,368.0,0,0,0.0,815.0,363.0,0.0,0.0,0.0,1928,0,19908,2,0.0,0.0,0.0,0.0,0.0,0.0,0.0,0.0,0.0,0.0,0.0,823.0,368.0,0.0,823.0,368.0,0.0,823.0,368.0,0.0,823.0,368.0,,,,35,,İlkay,Gündoğan,Gündoğan,has joined Galatasaray permanently.,,0,0,0,0,0,0,0,0,0,0,0,0,0,,,,0.0,0.0,0.0,0.0,0.0,0,0,0
429,u,0.0,0.0,4.7,378,236.0,0,0.0,-3,3.0,0.1,567,211.0,0,0,0.0,772.0,331.0,0,0,0.0,698.0,282.0,0.0,0.0,0.0,4052,0,8552,0,0.0,0.0,0.0,0.0,0.0,0.0,0.0,0.0,0.0,0.0,0.0,771.0,330.0,0.0,766.0,330.0,0.0,754.0,326.0,0.0,771.0,330.0,,,,35,,Kalvin,Phillips,Phillips,has joined Sheffield United on loan for the rest of the season.,,0,0,0,0,0,0,0,0,0,0,0,0,0,,,,0.0,0.0,0.0,0.0,0.0,0,0,0
430,a,100.0,100.0,14.6,1,1.0,0,0.0,6,-6.0,61.6,1,1.0,212,0,6.6,4.0,1.0,37,845,3.8,78.0,13.0,0.3,14.5,0.0,8267991,39378,4200323,626,8.6,4.3,23.52,2.05,25.57,33.6,0.79,0.07,0.86,1.13,1045.0,2.0,1.0,282.5,142.0,10.0,1350.0,1.0,1.0,267.9,2.0,1.0,,,1.0,35,,Erling,Haaland,Haaland,,,2683,24,7,12,28,0,0,1,2,0,0,31,98,,,,0.0,0.4,0.94,1.04,3.29,15,45,38
736,a,,,5.6,125,3.0,0,0.0,1,-1.0,9.2,40,6.0,119,0,4.0,64.0,5.0,3,506,3.8,71.0,8.0,0.7,21.2,0.0,2270801,4967,1495015,2222,8.6,4.3,0.0,0.0,0.0,32.82,0.0,0.0,0.0,1.09,589.8,62.0,12.0,0.0,819.0,97.0,0.0,817.0,96.0,59.1,248.0,12.0,,,,35,,Gianluigi,Donnarumma,Donnarumma,,,2700,0,0,13,25,0,1,0,6,0,69,30,55,,,,2.3,0.43,0.83,1.0,0.0,0,38,207
739,u,0.0,0.0,4.4,571,343.0,0,0.0,-1,1.0,0.0,698,282.0,2,0,1.0,481.0,213.0,0,5,0.0,596.0,205.0,0.0,0.5,0.0,3500,0,3337,1,0.0,0.0,0.0,0.21,0.21,0.34,0.0,0.76,0.76,1.22,4.2,485.0,220.0,28.3,393.0,197.0,4.0,440.0,214.0,3.7,465.0,208.0,,,,35,,Divine,Mukasa,Mukasa,has joined Leicester City on loan for the rest of the season.,,25,0,0,0,0,0,0,0,0,0,0,0,1,,,,0.0,0.0,0.0,0.0,3.6,0,0,1
740,u,0.0,0.0,3.9,786,228.0,0,0.0,-1,1.0,0.0,626,224.0,0,0,0.0,576.0,207.0,0,0,0.0,433.0,163.0,0.0,0.0,0.0,3208,0,4004,1,0.0,0.0,0.0,0.0,0.0,0.0,0.0,0.0,0.0,0.0,0.0,564.0,206.0,0.0,552.0,206.0,0.0,519.0,201.0,0.0,566.0,206.0,,,,35,,Stephen,Mfuni,Mfuni,has joined Watford on loan for the rest of the season.,,0,0,0,0,0,0,0,0,0,0,0,0,0,,,,0.0,0.0,0.0,0.0,0.0,0,0,0
742,a,,,4.5,505,313.0,0,0.0,0,0.0,0.0,737,308.0,0,0,0.0,758.0,320.0,0,0,0.0,679.0,268.0,0.0,0.0,0.0,1646,1,1416,2,1.0,0.5,0.0,0.0,0.0,0.0,0.0,0.0,0.0,0.0,0.0,757.0,319.0,0.0,750.0,319.0,0.0,736.0,314.0,0.0,757.0,319.0,,,,35,,Ryan,McAidoo,McAidoo,,,0,0,0,0,0,0,0,0,0,0,0,0,0,,,,0.0,0.0,0.0,0.0,0.0,0,0,0
763,a,,,4.5,457,274.0,0,0.0,0,0.0,0.0,781,338.0,0,0,0.0,724.0,292.0,0,0,0.0,635.0,231.0,0.0,0.0,0.0,524,4,409,0,1.0,0.5,0.0,0.0,0.0,0.0,0.0,0.0,0.0,0.0,0.0,718.0,287.0,0.0,713.0,289.0,0.0,696.0,281.0,0.0,719.0,288.0,,,,35,,Charlie,Gray,Gray,,,0,0,0,0,0,0,0,0,0,0,0,0,0,,,,0.0,0.0,0.0,0.0,0.0,0,0,0
119,a,100.0,100.0,8.4,11,6.0,0,0.0,4,-4.0,16.1,19,6.0,129,0,4.4,37.0,17.0,15,465,1.8,194.0,85.0,0.2,15.4,0.0,7283904,1772,7093652,9157,2.3,1.8,8.04,4.53,12.57,32.92,0.31,0.17,0.48,1.25,555.6,80.0,25.0,739.2,13.0,13.0,769.0,10.0,4.0,206.4,11.0,8.0,2.0,2.0,,35,,Bryan,Mbeumo,Mbeumo,,,2370,9,3,7,33,0,0,0,4,0,0,28,127,,,,0.0,0.27,1.25,1.06,4.82,24,22,81
431,a,,,4.7,387,18.0,0,0.0,-3,3.0,0.3,319,44.0,11,0,1.8,373.0,36.0,0,49,0.0,701.0,94.0,0.0,2.3,0.0,38400,21,64017,19,0.5,0.0,0.0,0.05,0.05,9.24,0.0,0.01,0.01,1.54,118.4,362.0,26.0,10.0,435.0,13.0,0.0,757.0,85.0,12.8,413.0,26.0,,,,35,,Altay,Bayındır,Bayindir,,,540,0,0,0,11,0,0,0,0,0,13,6,46,,,,2.17,0.0,1.83,1.0,0.0,0,7,39
432,u,0.0,0.0,4.9,300,11.0,0,0.0,-1,1.0,0.1,432,62.0,0,0,0.0,780.0,96.0,0,0,0.0,718.0,95.0,0.0,0.0,0.0,5156,0,26643,1,0.0,0.0,0.0,0.0,0.0,0.0,0.0,0.0,0.0,0.0,0.0,779.0,96.0,0.0,775.0,93.0,0.0,771.0,91.0,0.0,779.0,96.0,,,,35,,André,Onana,Onana,has joined Trabzonspor on loan for the rest of the season.,,0,0,0,0,0,0,0,0,0,0,0,0,0,,,,0.0,0.0,0.0,0.0,0.0,0,0,0
433,u,0.0,0.0,4.0,730,67.0,0,0.0,0,0.0,0.0,818,96.0,0,0,0.0,631.0,87.0,0,0,0.0,497.0,78.0,0.0,0.0,0.0,0,0,255,0,0.0,0.0,0.0,0.0,0.0,0.0,0.0,0.0,0.0,0.0,0.0,620.0,87.0,0.0,613.0,76.0,0.0,582.0,62.0,0.0,622.0,87.0,,,,35,,Elyh,Harrison,Harrison,On loan to Shrewsbury Town,,0,0,0,0,0,0,0,0,0,0,0,0,0,,,,0.0,0.0,0.0,0.0,0.0,0,0,0
434,a,,,3.8,793,94.0,0,0.0,-2,2.0,0.4,281,36.0,0,0,0.0,533.0,39.0,0,0,0.0,378.0,25.0,0.0,0.0,0.0,44257,632,31236,122,0.5,0.0,0.0,0.0,0.0,0.0,0.0,0.0,0.0,0.0,0.0,521.0,39.0,0.0,503.0,18.0,0.0,469.0,4.0,0.0,523.0,39.0,,,,35,,Tom,Heaton,Heaton,,,0,0,0,0,0,0,0,0,0,0,0,0,0,,,,0.0,0.0,0.0,0.0,0.0,0,0,0
436,i,0.0,0.0,4.9,305,48.0,0,0.0,-1,1.0,1.8,147,59.0,43,0,3.3,152.0,59.0,5,169,0.0,721.0,253.0,0.0,8.8,0.0,419802,3,551980,63,0.0,0.0,1.38,0.83,2.21,18.73,0.11,0.06,0.17,1.44,276.6,242.0,96.0,60.2,344.0,117.0,122.0,251.0,67.0,45.7,300.0,101.0,,,,35,,Matthijs,de Ligt,De Ligt,Back injury - Unknown return date,,1170,1,0,1,20,0,0,0,0,0,0,13,139,,,,0.0,0.08,1.54,1.0,8.23,19,88,40
437,a,100.0,0.0,4.8,357,61.0,0,0.0,-2,2.0,0.4,287,108.0,36,0,2.4,283.0,106.0,3,169,-0.8,831.0,268.0,-0.2,7.5,0.0,170095,40,155105,139,-0.3,0.0,0.06,0.56,0.62,11.3,0.01,0.05,0.06,1.06,232.4,267.0,107.0,80.6,316.0,105.0,10.0,421.0,159.0,32.5,346.0,116.0,,,,35,,Lisandro,Martínez,Martinez,,,959,0,0,3,13,1,0,0,0,1,0,10,80,,,,0.0,0.28,1.22,0.94,7.51,13,67,57
438,a,100.0,100.0,4.9,312,51.0,0,0.0,-1,1.0,0.2,360,131.0,36,0,2.0,344.0,125.0,3,170,2.0,168.0,63.0,0.4,7.3,0.0,41780,70,58619,61,2.5,2.0,0.19,0.31,0.49,11.26,0.02,0.03,0.05,1.24,168.0,319.0,122.0,73.8,321.0,108.0,33.0,364.0,122.0,27.4,369.0,127.0,,,,35,,Noussair,Mazraoui,Mazraoui,,,814,0,0,3,10,0,0,0,3,0,0,9,91,,,,0.0,0.33,1.11,1.0,8.73,23,56,36
439,a,,,4.1,663,161.0,0,0.0,-4,4.0,0.1,570,202.0,0,0,0.0,647.0,250.0,0,0,0.0,519.0,218.0,0.0,0.0,0.0,3588,3,8818,2,0.5,0.0,0.0,0.0,0.0,0.0,0.0,0.0,0.0,0.0,0.0,636.0,250.0,0.0,630.0,250.0,0.0,600.0,248.0,0.0,638.0,250.0,,,,35,,Diego,León Blanco,D.Leon,,,0,0,0,0,0,0,0,0,0,0,0,0,0,,,,0.0,0.0,0.0,0.0,0.0,0,0,0
440,a,100.0,100.0,4.5,421,82.0,-1,1.0,0,0.0,4.2,93,30.0,109,0,3.4,135.0,51.0,9,404,2.8,113.0,46.0,0.6,24.2,0.0,1158604,613,880888,1632,3.3,2.8,1.57,2.4,3.97,33.8,0.06,0.09,0.15,1.25,504.2,105.0,46.0,424.8,66.0,12.0,192.0,173.0,41.0,112.1,97.0,25.0,,,,35,,Diogo,Dalot Teixeira,Dalot,,,2429,1,6,7,36,0,0,0,5,0,0,27,189,,,,0.0,0.26,1.33,1.0,6.22,48,120,124
441,a,100.0,100.0,4.1,661,159.0,0,0.0,-4,4.0,2.3,130,52.0,74,0,3.4,132.0,48.0,8,261,0.0,518.0,217.0,0.0,18.0,0.0,1777478,422,2237626,228,0.5,0.0,1.86,1.42,3.28,18.78,0.13,0.1,0.23,1.27,402.4,161.0,70.0,354.1,95.0,22.0,262.0,117.0,21.0,101.9,118.0,34.0,,,,35,,Patrick,Dorgu,Dorgu,,,1329,3,3,3,20,0,0,0,5,0,0,14,117,,,,0.0,0.2,1.35,0.95,6.43,47,48,72
442,a,100.0,100.0,4.4,526,102.0,0,0.0,-1,1.0,1.3,174,67.0,70,0,3.7,90.0,34.0,3,236,1.8,178.0,66.0,0.4,15.9,0.0,330216,547,276200,243,2.3,1.8,0.92,0.39,1.31,18.14,0.06,0.03,0.09,1.27,294.6,227.0,90.0,48.8,360.0,128.0,168.0,196.0,48.0,51.4,278.0,89.0,,,,35,,Harry,Maguire,Maguire,,,1289,1,2,5,16,0,0,0,3,1,0,15,121,,,,0.0,0.35,1.12,1.05,7.68,14,96,48
443,d,75.0,75.0,4.5,412,76.0,0,0.0,0,0.0,0.8,210,84.0,93,0,2.7,236.0,93.0,3,376,4.0,54.0,28.0,0.9,20.7,0.0,216625,39,159433,993,3.4,3.0,0.6,1.55,2.14,40.32,0.02,0.05,0.07,1.26,474.8,123.0,56.0,290.7,134.0,34.0,75.0,303.0,91.0,84.2,163.0,54.0,,,,35,,Luke,Shaw,Shaw,Knock - 75% chance of playing,,2869,0,1,8,41,0,0,0,7,0,0,34,226,,,,0.0,0.25,1.29,1.07,6.12,68,127,95
452,a,100.0,100.0,6.2,77,51.0,0,0.0,-3,3.0,1.3,172,60.0,78,0,2.8,228.0,91.0,6,418,1.0,265.0,123.0,0.2,12.6,0.0,444236,173,633015,429,1.5,1.0,5.12,3.55,8.67,27.09,0.23,0.16,0.39,1.2,399.8,162.0,58.0,543.1,38.0,35.0,526.0,35.0,18.0,147.1,47.0,32.0,3.0,,,35,,Amad,Diallo,Amad,,,2040,2,4,4,29,0,0,0,2,0,0,24,182,,,,0.0,0.18,1.28,1.06,8.03,35,45,102
455,a,100.0,100.0,5.9,92,60.0,0,0.0,-1,1.0,0.3,337,114.0,48,0,2.4,293.0,125.0,3,168,0.2,368.0,169.0,0.0,8.1,0.0,184521,17,199715,26,0.7,0.2,1.54,1.44,2.98,10.47,0.17,0.15,0.32,1.12,168.4,318.0,141.0,201.9,187.0,122.0,160.0,202.0,110.0,53.0,272.0,138.0,,,,35,,Mason,Mount,Mount,,,838,3,0,3,15,0,0,0,1,0,0,10,70,,,,0.0,0.32,1.61,1.07,7.52,16,10,44
457,a,100.0,100.0,5.8,101,66.0,0,0.0,3,-3.0,4.7,83,28.0,160,0,5.0,13.0,6.0,20,613,6.5,7.0,3.0,1.1,27.6,0.0,1042605,8673,500940,1371,7.0,6.5,5.08,3.06,8.14,29.26,0.19,0.11,0.3,1.09,860.0,9.0,2.0,487.9,50.0,44.0,555.0,33.0,17.0,190.6,18.0,14.0,,,,35,,Carlos Henrique,Casimiro,Casemiro,,,2405,9,4,9,28,0,0,0,8,1,0,31,333,,,,0.0,0.34,1.05,1.16,12.46,84,121,128
458,a,100.0,100.0,4.7,392,243.0,0,0.0,-3,3.0,1.0,197,69.0,53,0,2.2,316.0,135.0,0,256,2.0,166.0,70.0,0.4,11.3,0.0,244431,548,212671,449,2.5,2.0,0.24,1.18,1.42,18.07,0.02,0.08,0.1,1.26,271.8,245.0,105.0,302.3,124.0,85.0,61.0,325.0,170.0,63.7,234.0,114.0,,,,35,,Kobbie,Mainoo,Mainoo,,,1293,0,2,4,18,0,0,0,1,0,0,12,146,,,,0.0,0.28,1.25,0.84,10.16,33,40,73
464,u,0.0,0.0,4.5,472,287.0,0,0.0,0,0.0,0.0,703,284.0,0,0,0.0,734.0,301.0,0,0,0.0,647.0,242.0,0.0,0.0,0.0,723,0,2874,0,0.0,0.0,0.0,0.0,0.0,0.0,0.0,0.0,0.0,0.0,0.0,730.0,298.0,0.0,724.0,299.0,0.0,708.0,292.0,0.0,731.0,299.0,,,,35,,Jack,Moorhouse,Moorhouse,has joined Leyton Orient on loan for the rest of the season.,,0,0,0,0,0,0,0,0,0,0,0,0,0,,,,0.0,0.0,0.0,0.0,0.0,0,0,0
465,u,0.0,0.0,6.3,69,23.0,0,0.0,-2,2.0,0.3,351,56.0,0,0,0.0,824.0,91.0,0,0,0.0,818.0,90.0,0.0,0.0,0.0,5437,0,56821,2,0.0,0.0,0.0,0.0,0.0,0.0,0.0,0.0,0.0,0.0,0.0,824.0,91.0,0.0,824.0,91.0,0.0,824.0,91.0,0.0,824.0,91.0,,,,35,,Rasmus,Højlund,Højlund,has joined Napoli on loan for the rest of the season.,,0,0,0,0,0,0,0,0,0,0,0,0,0,,,,0.0,0.0,0.0,0.0,0.0,0,0,0
466,a,100.0,100.0,5.8,108,32.0,0,0.0,-2,2.0,0.4,286,45.0,38,0,1.9,361.0,41.0,6,136,0.2,367.0,51.0,0.0,6.6,0.0,110077,30,132326,31,0.7,0.2,2.18,0.32,2.5,7.69,0.38,0.06,0.44,1.35,155.0,330.0,32.0,162.3,217.0,23.0,195.0,167.0,39.0,50.8,281.0,32.0,,,,35,,Joshua,Zirkzee,Zirkzee,,,514,2,1,1,8,0,0,0,2,0,0,4,39,,,,0.0,0.18,1.4,0.7,6.83,9,12,18
467,a,,,4.2,649,90.0,0,0.0,-3,3.0,1.4,168,24.0,0,0,0.0,655.0,66.0,0,0,0.0,533.0,54.0,0.0,0.0,0.0,274855,46,388250,151,0.5,0.0,0.0,0.0,0.0,0.0,0.0,0.0,0.0,0.0,0.0,645.0,65.0,0.0,639.0,64.0,0.0,613.0,64.0,0.0,647.0,65.0,,,,35,,Chido,Obi,Obi,,,0,0,0,0,0,0,0,0,0,0,0,0,0,,,,0.0,0.0,0.0,0.0,0.0,0,0,0
468,u,0.0,0.0,4.5,481,67.0,0,0.0,0,0.0,0.1,519,70.0,0,0,0.0,741.0,79.0,0,0,0.0,656.0,69.0,0.0,0.0,0.0,4530,0,14973,0,0.0,0.0,0.0,0.0,0.0,0.0,0.0,0.0,0.0,0.0,0.0,737.0,78.0,0.0,731.0,77.0,0.0,716.0,77.0,0.0,738.0,78.0,,,,35,,Ethan,Wheatley,Wheatley,has joined Bradford City on loan for the rest of the season.,,0,0,0,0,0,0,0,0,0,0,0,0,0,,,,0.0,0.0,0.0,0.0,0.0,0,0,0
681,a,100.0,100.0,7.3,30,12.0,0,0.0,-2,2.0,6.0,64,12.0,106,0,3.7,104.0,9.0,19,383,3.0,109.0,15.0,0.4,14.5,0.0,1350280,3876,1666311,2350,3.5,3.0,7.96,0.27,8.22,26.9,0.45,0.02,0.47,1.53,449.4,133.0,14.0,154.8,225.0,24.0,746.0,14.0,9.0,134.1,61.0,14.0,,,,35,,Benjamin,Sesko,Šeško,,,1585,10,2,2,30,0,0,0,2,0,0,16,63,,,,0.0,0.11,1.7,0.91,3.58,5,20,38
733,a,,,5.1,236,8.0,0,0.0,1,-1.0,3.1,107,17.0,91,0,3.2,173.0,20.0,9,344,3.8,68.0,7.0,0.7,17.8,0.0,673602,1423,366232,693,4.3,3.8,0.0,0.0,0.0,34.44,0.0,0.0,0.0,1.23,547.0,84.0,16.0,0.0,805.0,95.0,2.0,458.0,2.0,54.9,267.0,16.0,,,,35,,Senne,Lammens,Lammens,,,2520,0,0,6,35,0,0,0,0,0,68,28,43,,,,2.43,0.21,1.25,1.0,0.0,1,24,197
755,a,100.0,100.0,4.5,484,296.0,0,0.0,0,0.0,0.0,731,304.0,2,0,1.0,490.0,220.0,0,8,0.0,659.0,251.0,0.0,0.4,0.0,3557,7,2828,5,0.5,0.0,0.07,0.0,0.07,0.11,0.52,0.0,0.52,0.82,4.0,487.0,221.0,1.5,473.0,227.0,11.0,416.0,205.0,1.5,482.0,218.0,,,,35,,Shea,Lacey,Lacey,,,12,0,0,0,0,0,0,0,0,0,0,0,1,,,,0.0,0.0,0.0,0.0,7.5,1,0,0
769,a,,,4.5,483,295.0,0,0.0,0,0.0,0.0,783,340.0,1,0,1.0,489.0,219.0,0,3,0.0,658.0,250.0,0.0,0.2,0.0,537,0,391,1,0.5,0.0,0.0,0.01,0.01,0.05,0.0,0.06,0.06,0.3,2.2,497.0,228.0,11.7,423.0,210.0,0.0,718.0,300.0,1.4,486.0,222.0,,,,35,,Bendito,Mantato,Bendito Mantato,,,15,0,0,0,0,0,0,0,0,0,0,0,0,,,,0.0,0.0,0.0,0.0,0.0,0,0,0
771,a,,,4.4,555,333.0,0,0.0,-1,1.0,0.0,739,310.0,1,0,1.0,478.0,210.0,0,3,0.0,583.0,197.0,0.0,0.2,0.0,2342,2,1566,3,0.5,0.0,0.0,0.01,0.01,0.02,0.0,0.9,0.9,1.8,0.4,511.0,232.0,1.0,477.0,229.0,0.0,650.0,250.0,0.1,514.0,234.0,,,,35,,Tyler,Fletcher,Fletcher,,,1,0,0,0,0,0,0,0,0,0,0,0,0,,,,0.0,0.0,0.0,0.0,0.0,0,0,0
788,a,,,4.0,726,194.0,0,0.0,0,0.0,0.0,724,252.0,0,0,0.0,627.0,233.0,0,0,0.0,493.0,195.0,0.0,0.0,0.0,547,2,498,2,0.5,0.0,0.0,0.0,0.0,0.0,0.0,0.0,0.0,0.0,0.0,616.0,233.0,0.0,609.0,233.0,0.0,578.0,230.0,0.0,618.0,233.0,,,,35,,Godwill,Kukonki,Kukonki,,,0,0,0,0,0,0,0,0,0,0,0,0,0,,,,0.0,0.0,0.0,0.0,0.0,0,0,0
490,a,100.0,100.0,5.9,91,59.0,0,0.0,-1,1.0,0.3,332,113.0,71,4,2.7,246.0,98.0,2,288,1.2,229.0,105.0,0.2,12.0,0.0,81468,56,110961,36,1.2,0.7,2.24,1.16,3.4,27.76,0.11,0.06,0.17,1.34,310.4,219.0,91.0,265.9,151.0,102.0,315.0,94.0,55.0,89.2,152.0,79.0,,,,35,,Joelinton Cássio,Apolinário de Lira,Joelinton,,,1860,2,1,5,26,0,0,0,10,0,0,22,227,,,,0.0,0.24,1.26,1.06,10.98,39,72,116
491,a,100.0,100.0,5.3,189,119.0,0,0.0,-2,2.0,1.1,190,65.0,78,1,2.4,290.0,124.0,2,449,1.8,186.0,81.0,0.3,14.7,0.0,226211,202,330571,268,1.8,1.3,1.69,2.76,4.45,34.88,0.06,0.1,0.16,1.31,379.4,174.0,65.0,498.9,48.0,43.0,186.0,178.0,96.0,106.8,106.0,62.0,1.0,3.0,,35,,Sandro,Tonali,Tonali,,,2392,0,2,7,37,0,0,0,4,0,0,29,241,,,,0.0,0.26,1.39,1.09,9.07,33,70,138
492,u,0.0,0.0,4.9,343,214.0,0,0.0,-1,1.0,0.0,683,274.0,0,0,0.0,793.0,346.0,0,0,0.0,741.0,313.0,0.0,0.0,0.0,655,0,3587,0,0.0,0.0,0.0,0.0,0.0,0.0,0.0,0.0,0.0,0.0,0.0,792.0,345.0,0.0,788.0,345.0,0.0,784.0,343.0,0.0,792.0,345.0,,,,35,,Antoñito,Cordero Campillo,Antoñito C.,has joined Cadiz on loan for the rest of the season.,,0,0,0,0,0,0,0,0,0,0,0,0,0,,,,0.0,0.0,0.0,0.0,0.0,0,0,0
494,a,100.0,100.0,5.0,248,149.0,0,0.0,0,0.0,0.1,502,181.0,32,2,1.5,414.0,178.0,0,134,1.0,254.0,117.0,0.2,6.4,0.0,14540,29,13873,27,1.0,0.5,1.06,0.7,1.76,15.27,0.11,0.07,0.18,1.63,105.4,374.0,167.0,162.0,218.0,140.0,171.0,194.0,105.0,43.8,307.0,150.0,,,,35,,Joe,Willock,Willock,,,845,0,1,3,15,0,0,0,3,0,0,9,83,,,,0.0,0.32,1.6,0.96,8.84,18,14,51
495,u,0.0,0.0,4.5,414,251.0,0,0.0,0,0.0,0.0,776,333.0,0,0,0.0,700.0,272.0,0,0,0.0,604.0,209.0,0.0,0.0,0.0,0,0,1612,0,0.0,0.0,0.0,0.0,0.0,0.0,0.0,0.0,0.0,0.0,0.0,693.0,266.0,0.0,688.0,269.0,0.0,668.0,260.0,0.0,695.0,268.0,,,,35,,Isaac,Hayden,Hayden,Has departed the club as a free agent.,,0,0,0,0,0,0,0,0,0,0,0,0,0,,,,0.0,0.0,0.0,0.0,0.0,0,0,0
496,u,0.0,0.0,4.4,563,337.0,0,0.0,-1,1.0,0.0,641,247.0,0,0,0.0,689.0,266.0,0,0,0.0,589.0,200.0,0.0,0.0,0.0,2219,0,7438,0,0.0,0.0,0.0,0.0,0.0,0.0,0.0,0.0,0.0,0.0,0.0,681.0,259.0,0.0,676.0,262.0,0.0,656.0,253.0,0.0,683.0,261.0,,,,35,,Garang,Kuol,Kuol,has joined Sparta Prague permanently.,,0,0,0,0,0,0,0,0,0,0,0,0,0,,,,0.0,0.0,0.0,0.0,0.0,0,0,0
497,a,100.0,100.0,4.4,561,336.0,0,0.0,-1,1.0,1.9,142,47.0,72,2,3.1,185.0,71.0,5,335,3.5,82.0,25.0,0.8,16.4,0.0,675641,1515,729271,410,3.5,3.0,1.36,2.11,3.47,21.33,0.08,0.13,0.21,1.29,342.8,197.0,78.0,251.3,156.0,105.0,136.0,233.0,128.0,73.0,209.0,99.0,,,,35,,Lewis,Miley,L.Miley,,,1493,1,4,2,22,0,0,0,0,0,0,15,155,,,,0.0,0.12,1.33,0.9,9.34,29,57,69
498,u,0.0,0.0,4.5,440,262.0,0,0.0,0,0.0,0.0,780,337.0,0,0,0.0,714.0,282.0,0,0,0.0,623.0,220.0,0.0,0.0,0.0,117,0,1260,0,0.0,0.0,0.0,0.0,0.0,0.0,0.0,0.0,0.0,0.0,0.0,707.0,276.0,0.0,703.0,279.0,0.0,685.0,271.0,0.0,709.0,278.0,,,,35,,Joe,White,White,has joined Bradford City on loan for the rest of the season.,,0,0,0,0,0,0,0,0,0,0,0,0,0,,,,0.0,0.0,0.0,0.0,0.0,0,0,0
500,a,100.0,100.0,5.4,178,42.0,0,0.0,-1,1.0,0.6,247,35.0,59,9,2.8,225.0,24.0,10,204,7.0,4.0,1.0,1.3,10.9,0.0,140522,3406,103203,485,7.0,6.5,2.91,0.43,3.34,11.66,0.45,0.07,0.52,1.79,184.0,306.0,31.0,70.1,327.0,40.0,215.0,154.0,37.0,46.7,293.0,33.0,,,,35,,William,Osula,Osula,,,586,5,1,1,12,0,0,0,0,0,0,5,24,,,,0.0,0.15,1.84,0.77,3.69,3,2,19
674,a,,,4.8,359,14.0,0,0.0,-2,2.0,0.8,215,28.0,25,0,2.1,331.0,31.0,1,107,0.5,311.0,23.0,0.1,5.2,0.0,143901,71,170567,308,0.5,0.0,0.0,0.0,0.0,18.83,0.0,0.0,0.0,1.69,212.8,282.0,25.0,10.0,436.0,14.0,0.0,764.0,88.0,22.3,381.0,24.0,,,,35,,Aaron,Ramsdale,Ramsdale,,,1003,0,0,1,17,0,0,0,2,0,25,11,0,,,,2.24,0.09,1.53,0.99,0.0,0,10,89
684,a,,,5.0,262,40.0,0,0.0,0,0.0,5.3,73,24.0,123,4,3.8,84.0,32.0,12,402,2.2,146.0,55.0,0.4,24.6,0.0,1890507,632,1252390,4729,2.2,1.7,4.86,0.93,5.79,45.46,0.16,0.03,0.19,1.52,815.0,13.0,5.0,110.3,275.0,80.0,403.0,61.0,3.0,132.5,62.0,11.0,,,,35,,Malick,Thiaw,Thiaw,,,2693,4,0,5,48,0,0,0,4,0,0,30,301,,,,0.0,0.17,1.6,1.0,9.12,38,235,108
689,a,,,4.3,622,369.0,0,0.0,-2,2.0,0.5,274,95.0,0,0,0.0,672.0,257.0,0,0,0.0,563.0,187.0,0.0,0.0,0.0,97626,80,66196,122,0.0,-0.5,0.0,0.0,0.0,0.0,0.0,0.0,0.0,0.0,0.0,661.0,247.0,0.0,657.0,252.0,0.0,633.0,240.0,0.0,663.0,249.0,,,,35,,Seung-Soo,Park,Seung soo,,,0,0,0,0,0,0,0,0,0,0,0,0,0,,,,0.0,0.0,0.0,0.0,0.0,0,0,0
714,a,100.0,100.0,6.7,47,17.0,0,0.0,-3,3.0,6.5,61,11.0,96,0,3.2,181.0,18.0,10,343,0.8,292.0,40.0,0.1,14.3,0.0,5461028,284,4818869,1425,0.8,0.3,6.39,1.22,7.61,23.04,0.34,0.07,0.41,1.23,392.6,168.0,16.0,220.7,173.0,15.0,392.0,73.0,27.0,99.4,124.0,19.0,,,3.0,35,,Nick,Woltemade,Woltemade,,,1685,7,4,7,27,1,0,0,0,0,0,21,94,,,,0.0,0.37,1.44,1.12,5.02,22,27,45
753,a,,,4.0,664,38.0,0,0.0,0,0.0,0.0,684,82.0,0,0,0.0,581.0,63.0,0,0,0.0,439.0,51.0,0.0,0.0,0.0,1880,4,1251,7,0.0,-0.5,0.0,0.0,0.0,0.0,0.0,0.0,0.0,0.0,0.0,569.0,63.0,0.0,557.0,47.0,0.0,525.0,33.0,0.0,571.0,63.0,,,,35,,John,Ruddy,Ruddy,,,0,0,0,0,0,0,0,0,0,0,0,0,0,,,,0.0,0.0,0.0,0.0,0.0,0,0,0
765,a,,,4.0,723,191.0,0,0.0,0,0.0,0.0,640,230.0,0,0,0.0,624.0,230.0,0,0,0.0,490.0,192.0,0.0,0.0,0.0,4552,11,2917,10,0.0,-0.5,0.0,0.0,0.0,0.0,0.0,0.0,0.0,0.0,0.0,613.0,230.0,0.0,606.0,230.0,0.0,575.0,227.0,0.0,615.0,230.0,,,,35,,Leo,Shahar,Shahar,,,0,0,0,0,0,0,0,0,0,0,0,0,0,,,,0.0,0.0,0.0,0.0,0.0,0,0,0
772,a,,,4.5,517,321.0,0,0.0,0,0.0,0.0,774,331.0,0,0,0.0,767.0,327.0,0,0,0.0,688.0,275.0,0.0,0.0,0.0,735,3,449,3,0.0,-0.5,0.0,0.0,0.0,0.0,0.0,0.0,0.0,0.0,0.0,766.0,326.0,0.0,759.0,326.0,0.0,745.0,321.0,0.0,766.0,326.0,,,,35,,Sam,Alabi,Alabi,,,0,0,0,0,0,0,0,0,0,0,0,0,0,,,,0.0,0.0,0.0,0.0,0.0,0,0,0
12,u,0.0,0.0,4.9,302,47.0,0,0.0,-1,1.0,0.2,372,136.0,7,0,1.4,427.0,154.0,0,56,0.0,720.0,252.0,0.0,1.4,0.0,26902,0,53968,4,0.0,0.0,0.07,0.36,0.43,5.02,0.02,0.09,0.11,1.28,80.8,395.0,146.0,83.4,310.0,100.0,22.0,388.0,137.0,18.6,392.0,138.0,,,,35,,Oleksandr,Zinchenko,Zinchenko,has joined Ajax permanently.,,352,0,0,0,6,0,0,0,0,0,0,4,36,,,,0.0,0.0,1.53,1.02,6.14,10,14,17
400,a,100.0,100.0,4.7,376,16.0,0,0.0,-3,3.0,0.2,390,56.0,11,0,3.7,93.0,13.0,0,38,0.0,697.0,92.0,0.0,2.3,0.0,13729,51,27017,39,0.0,0.0,0.0,0.01,0.01,4.65,0.0,0.0,0.0,1.55,68.6,401.0,30.0,0.0,765.0,91.0,0.0,753.0,83.0,6.9,444.0,30.0,,,,35,,Stefan,Ortega Moreno,Ortega Moreno,,,270,0,0,1,4,0,0,0,0,0,8,3,0,,,,2.67,0.33,1.33,1.0,0.0,0,1,8
426,a,,,5.0,257,156.0,0,0.0,-5,5.0,0.1,505,184.0,9,0,0.9,518.0,241.0,0,32,0.0,748.0,318.0,0.0,1.8,0.0,13498,4,27152,6,0.0,0.0,0.02,0.18,0.2,4.2,0.01,0.09,0.1,2.18,17.6,459.0,203.0,45.5,367.0,188.0,12.0,414.0,203.0,7.6,438.0,198.0,,,5.0,35,,James,McAtee,McAtee,,,173,0,0,0,8,0,0,0,1,0,0,1,13,,,,0.0,0.0,4.16,0.52,6.76,4,2,7
503,u,0.0,0.0,4.0,696,56.0,0,0.0,0,0.0,0.1,562,77.0,0,0,0.0,604.0,77.0,0,0,0.0,466.0,67.0,0.0,0.0,0.0,448,0,15841,3,0.0,0.0,0.0,0.0,0.0,0.0,0.0,0.0,0.0,0.0,0.0,592.0,77.0,0.0,584.0,65.0,0.0,552.0,51.0,0.0,594.0,77.0,,,,35,,Carlos Miguel,dos Santos Pereira,C.Miguel,Has joined Palmeiras permanently.,,0,0,0,0,0,0,0,0,0,0,0,0,0,,,,0.0,0.0,0.0,0.0,0.0,0,0,0
504,u,0.0,0.0,4.0,681,47.0,0,0.0,0,0.0,0.1,536,76.0,0,0,0.0,591.0,68.0,0,0,0.0,452.0,58.0,0.0,0.0,0.0,0,0,15945,2,0.0,0.0,0.0,0.0,0.0,0.0,0.0,0.0,0.0,0.0,0.0,579.0,68.0,0.0,571.0,56.0,0.0,539.0,42.0,0.0,581.0,68.0,,,,35,,Matt,Turner,Turner,Has joined Lyon permanently.,,0,0,0,0,0,0,0,0,0,0,0,0,0,,,,0.0,0.0,0.0,0.0,0.0,0,0,0
505,a,,,5.1,231,34.0,0,0.0,-4,4.0,3.4,101,35.0,111,0,3.3,155.0,61.0,2,381,3.8,67.0,33.0,0.7,21.8,0.0,407634,353,1088844,497,3.8,3.8,0.81,0.46,1.27,46.96,0.02,0.01,0.03,1.38,610.8,58.0,28.0,42.0,370.0,134.0,108.0,268.0,75.0,76.3,190.0,64.0,,,,35,,Nikola,Milenković,Milenković,,,3060,0,1,9,45,1,0,0,6,0,0,34,314,,,,0.0,0.26,1.32,1.0,8.38,27,258,94
506,d,75.0,75.0,5.2,220,31.0,0,0.0,-3,3.0,1.9,144,57.0,83,0,3.3,157.0,62.0,3,333,0.0,774.0,259.0,0.0,16.0,0.0,315491,16,850516,774,0.0,0.0,0.73,0.47,1.2,32.99,0.03,0.02,0.05,1.39,542.2,88.0,39.0,115.5,272.0,78.0,82.0,297.0,88.0,74.0,201.0,70.0,,2.0,,35,,Murillo,Costa dos Santos,Murillo,Muscle injury - 75% chance of playing,,2130,1,0,6,29,2,0,0,5,0,0,25,255,,,,0.0,0.25,1.23,1.06,9.42,35,188,102
507,d,75.0,75.0,4.7,379,63.0,0,0.0,-3,3.0,2.4,129,51.0,67,0,3.7,94.0,36.0,5,264,3.2,90.0,41.0,0.7,14.3,0.0,352618,14,1644950,1128,2.4,2.4,0.41,0.84,1.25,25.31,0.02,0.05,0.07,1.44,285.2,236.0,92.0,160.3,220.0,56.0,58.0,331.0,106.0,50.5,282.0,91.0,,,,35,,Ola,Aina,Aina,Knock - 75% chance of playing,,1587,0,2,6,19,0,0,0,3,0,0,18,150,,,,0.0,0.34,1.08,1.02,7.37,31,99,81
508,a,100.0,100.0,4.8,355,59.0,0,0.0,-2,2.0,4.5,86,27.0,122,0,3.7,95.0,37.0,15,500,4.5,36.0,17.0,0.9,25.4,0.0,671716,982,1224045,1665,4.5,4.5,1.9,3.85,5.75,42.55,0.06,0.12,0.18,1.33,725.6,34.0,13.0,528.9,42.0,3.0,349.0,81.0,8.0,160.3,34.0,2.0,3.0,,,35,,Neco,Williams,N.Williams,,,2888,2,3,9,42,0,0,0,6,1,0,33,254,,,,0.0,0.28,1.31,1.03,6.67,84,130,146
509,u,0.0,0.0,4.5,437,90.0,0,0.0,0,0.0,0.0,685,242.0,0,0,0.0,711.0,260.0,0,0,0.0,620.0,245.0,0.0,0.0,0.0,427,0,4429,0,0.0,0.0,0.0,0.0,0.0,0.0,0.0,0.0,0.0,0.0,0.0,704.0,260.0,0.0,700.0,260.0,0.0,682.0,260.0,0.0,706.0,260.0,,,,35,,David,Mota Veiga Teixeira do Carmo,David Carmo,has joined Real Oviedo on loan for the rest of the season.,,0,0,0,0,0,0,0,0,0,0,0,0,0,,,,0.0,0.0,0.0,0.0,0.0,0,0,0
510,d,75.0,75.0,4.2,648,152.0,0,0.0,-3,3.0,0.1,561,201.0,7,0,1.4,424.0,153.0,0,30,0.5,298.0,98.0,0.1,1.7,0.0,3684,0,8940,7,0.4,0.4,0.14,0.0,0.14,6.11,0.04,0.0,0.04,1.77,68.2,402.0,150.0,2.7,460.0,167.0,10.0,419.0,157.0,8.0,434.0,157.0,,,,35,,Jair,Paula da Cunha Filho,Jair Cunha,Shoulder injury - 75% chance of playing,,311,0,0,0,5,0,0,0,0,0,0,3,30,,,,0.0,0.0,1.45,0.87,8.39,4,25,4
511,a,,,4.3,594,135.0,0,0.0,-2,2.0,0.1,514,184.0,37,0,2.2,312.0,116.0,1,154,0.5,302.0,99.0,0.1,8.6,0.0,9724,9,14043,10,0.5,0.5,0.83,0.08,0.91,15.19,0.08,0.01,0.09,1.4,247.6,258.0,102.0,21.1,404.0,146.0,59.0,328.0,105.0,32.8,344.0,115.0,,,,35,,Felipe,Rodrigues da Silva,Morato,,,980,0,0,2,17,0,0,0,4,0,0,10,131,,,,0.0,0.18,1.56,0.92,10.01,25,84,46
512,u,0.0,0.0,4.5,420,81.0,0,0.0,0,0.0,0.0,694,246.0,0,0,0.0,703.0,258.0,0,0,0.0,608.0,241.0,0.0,0.0,0.0,345,0,4138,1,0.0,0.0,0.0,0.0,0.0,0.0,0.0,0.0,0.0,0.0,0.0,696.0,258.0,0.0,691.0,258.0,0.0,671.0,257.0,0.0,698.0,258.0,,,,35,,Omar,Richards,O.Richards,has joined Rio Ave on loan for the rest of the season.,,0,0,0,0,0,0,0,0,0,0,0,0,0,,,,0.0,0.0,0.0,0.0,0.0,0,0,0
514,i,0.0,0.0,3.8,795,235.0,0,0.0,-2,2.0,0.3,313,115.0,0,0,0.0,534.0,187.0,0,0,0.0,380.0,134.0,0.0,0.0,0.0,43275,15,69124,38,0.0,0.0,0.0,0.0,0.0,0.0,0.0,0.0,0.0,0.0,0.0,522.0,186.0,0.0,504.0,185.0,0.0,470.0,179.0,0.0,524.0,186.0,,,,35,,Willy,Boly,Boly,Knee injury - Unknown return date,,0,0,0,0,0,0,0,0,0,0,0,0,0,,,,0.0,0.0,0.0,0.0,0.0,0,0,0
515,a,100.0,100.0,7.6,20,14.0,0,0.0,1,-1.0,12.6,29,10.0,168,0,4.9,20.0,10.0,16,640,8.8,2.0,2.0,1.2,22.1,0.0,2255260,16582,1276833,4664,8.8,8.8,9.44,2.28,11.72,44.13,0.29,0.07,0.36,1.37,737.0,29.0,7.0,689.5,19.0,18.0,741.0,17.0,7.0,216.5,8.0,5.0,,1.0,2.0,35,,Morgan,Gibbs-White,Gibbs-White,,,2901,13,3,10,41,0,0,0,1,0,0,33,166,,,,0.0,0.31,1.27,1.02,5.15,19,44,103
516,i,0.0,0.0,5.7,114,72.0,0,0.0,-3,3.0,0.6,241,84.0,88,0,2.9,208.0,84.0,8,358,1.8,189.0,82.0,0.3,15.4,0.0,276515,2,354123,279,0.0,0.0,2.77,3.02,5.79,30.88,0.14,0.15,0.29,1.51,366.6,185.0,72.0,611.7,31.0,28.0,330.0,89.0,51.0,130.6,64.0,39.0,,,,35,,Callum,Hudson-Odoi,Hudson-Odoi,Muscle injury - Expected back 01 Jun,,1838,3,4,6,26,0,0,0,0,0,0,21,106,,,,0.0,0.29,1.27,1.03,5.19,14,24,68
517,a,100.0,100.0,5.6,127,79.0,0,0.0,1,-1.0,7.2,58,21.0,153,0,4.5,31.0,13.0,10,690,3.8,72.0,21.0,0.7,27.3,0.0,1818551,2304,1631427,3639,3.8,3.8,2.8,3.69,6.49,45.76,0.08,0.11,0.19,1.35,780.0,21.0,6.0,874.7,7.0,7.0,274.0,111.0,66.0,193.2,17.0,13.0,1.0,3.0,4.0,35,,Elliot,Anderson,Anderson,,,3043,3,3,10,44,0,0,0,7,0,0,34,469,,,,0.0,0.3,1.3,1.01,13.87,94,94,281
518,u,0.0,0.0,5.4,174,110.0,0,0.0,-1,1.0,0.0,620,239.0,1,0,1.0,510.0,236.0,0,6,0.0,793.0,349.0,0.0,0.2,0.0,1029,0,9167,0,0.0,0.0,0.0,0.0,0.0,0.0,0.0,0.0,0.0,0.0,5.0,483.0,218.0,0.5,484.0,233.0,4.0,444.0,217.0,1.0,492.0,225.0,,,,35,,João Pedro,Ferreira da Silva,Jota,has joined Besiktas on loan for the rest of the season.,,11,0,0,0,0,0,0,0,0,0,0,0,3,,,,0.0,0.0,0.0,0.0,24.55,2,1,0
519,a,100.0,100.0,5.0,256,155.0,0,0.0,0,0.0,0.0,638,246.0,43,0,1.9,354.0,152.0,3,190,1.2,227.0,104.0,0.2,8.6,0.0,5565,6,4432,4,1.2,1.2,1.15,0.72,1.87,18.57,0.11,0.07,0.18,1.7,218.6,277.0,115.0,172.0,209.0,135.0,126.0,248.0,136.0,51.7,277.0,141.0,,,,35,,Nicolás,Domínguez,Dominguez,,,984,1,1,3,18,0,0,0,3,0,0,14,115,,,,0.0,0.27,1.65,1.28,10.52,46,20,49
520,u,0.0,0.0,5.0,254,154.0,0,0.0,0,0.0,0.0,824,367.0,0,0,0.0,796.0,348.0,0,0,0.0,747.0,317.0,0.0,0.0,0.0,0,0,118,0,0.0,0.0,0.0,0.0,0.0,0.0,0.0,0.0,0.0,0.0,0.0,795.0,347.0,0.0,793.0,347.0,0.0,788.0,345.0,0.0,795.0,347.0,,,,35,,Lewis,O'Brien,O'Brien,Has joined Wrexham permanently.,,0,0,0,0,0,0,0,0,0,0,0,0,0,,,,0.0,0.0,0.0,0.0,0.0,0,0,0
521,d,75.0,75.0,4.9,306,190.0,0,0.0,-1,1.0,0.1,543,200.0,84,0,3.2,170.0,67.0,2,347,2.2,145.0,59.0,0.4,17.1,0.0,13099,0,14601,50,1.7,1.7,1.16,1.76,2.92,30.58,0.05,0.08,0.13,1.38,407.6,157.0,54.0,201.9,186.0,121.0,126.0,247.0,135.0,73.7,206.0,97.0,,,,35,,Ibrahim,Sangaré,Sangaré,Knock - 75% chance of playing,,1989,2,2,8,24,0,0,0,5,0,0,24,244,,,,0.0,0.36,1.09,1.09,11.04,57,85,102
522,a,100.0,100.0,4.7,383,238.0,0,0.0,-3,3.0,0.1,553,206.0,25,0,1.3,437.0,193.0,0,105,1.2,222.0,100.0,0.3,5.3,0.0,10542,11,19617,4,1.2,1.2,0.22,0.22,0.44,5.36,0.04,0.04,0.08,1.09,105.4,373.0,166.0,65.8,334.0,181.0,38.0,353.0,181.0,20.7,386.0,178.0,,,,35,,Ryan,Yates,Yates,,,442,0,2,0,5,0,0,0,2,0,0,1,48,,,,0.0,0.0,1.02,0.2,9.77,12,23,13
523,a,100.0,100.0,4.5,475,289.0,0,0.0,0,0.0,0.1,568,212.0,0,0,0.0,736.0,302.0,0,0,0.0,650.0,244.0,0.0,0.0,0.0,3043,8,17112,6,0.0,0.0,0.0,0.0,0.0,0.0,0.0,0.0,0.0,0.0,0.0,732.0,299.0,0.0,726.0,300.0,0.0,711.0,294.0,0.0,733.0,300.0,,,,35,,Eric,da Silva Moreira,Da Silva Moreira,,,0,0,0,0,0,0,0,0,0,0,0,0,0,,,,0.0,0.0,0.0,0.0,0.0,0,0,0
524,u,0.0,0.0,4.5,451,269.0,0,0.0,0,0.0,0.0,705,285.0,0,0,0.0,719.0,287.0,0,0,0.0,629.0,226.0,0.0,0.0,0.0,245,0,5730,0,0.0,0.0,0.0,0.0,0.0,0.0,0.0,0.0,0.0,0.0,0.0,713.0,282.0,0.0,708.0,284.0,0.0,691.0,276.0,0.0,714.0,283.0,,,,35,,Marko,Stamenić,Stamenic,Has joined Swansea City permanently.,,0,0,0,0,0,0,0,0,0,0,0,0,0,,,,0.0,0.0,0.0,0.0,0.0,0,0,0
525,a,100.0,100.0,7.1,33,13.0,0,0.0,-4,4.0,4.6,84,16.0,35,0,3.2,182.0,19.0,4,128,2.5,138.0,20.0,0.4,4.9,0.0,2157576,1058,3398076,241,2.5,2.5,3.65,0.15,3.8,9.56,0.45,0.02,0.47,1.19,128.0,352.0,36.0,66.7,331.0,41.0,227.0,140.0,34.0,41.1,318.0,37.0,,,1.0,35,,Chris,Wood,Wood,,,725,3,0,2,9,0,0,0,0,0,0,9,20,,,,0.0,0.25,1.12,1.12,2.48,1,11,8
526,a,100.0,100.0,5.9,100,28.0,0,0.0,-1,1.0,2.1,135,20.0,104,0,3.2,178.0,16.0,13,358,5.8,13.0,3.0,1.0,17.6,0.0,600239,3198,448257,1205,5.8,5.8,5.16,1.22,6.38,31.49,0.23,0.06,0.29,1.42,357.0,189.0,18.0,209.0,181.0,16.0,607.0,28.0,15.0,114.9,92.0,16.0,,,3.0,35,,Igor Jesus,Maciel da Cruz,Igor Jesus,,,1993,5,6,9,32,0,0,0,1,0,0,24,105,,,,0.0,0.41,1.45,1.08,4.74,21,35,49
527,a,100.0,100.0,5.2,206,47.0,0,0.0,-3,3.0,0.3,329,52.0,24,0,1.8,381.0,43.0,1,97,1.0,257.0,33.0,0.2,4.6,0.0,38038,29,94884,27,1.0,1.0,2.07,0.4,2.47,5.11,0.69,0.13,0.82,1.7,102.8,377.0,42.0,52.2,356.0,45.0,153.0,215.0,44.0,30.3,357.0,45.0,,,,35,,Taiwo,Awoniyi,Awoniyi,,,270,2,1,0,2,0,0,0,1,0,0,1,16,,,,0.0,0.0,0.67,0.33,5.33,1,5,10
669,d,75.0,75.0,5.5,145,91.0,0,0.0,-5,5.0,0.7,231,80.0,50,0,2.1,335.0,145.0,4,178,0.2,365.0,167.0,0.0,9.1,0.0,545726,0,575925,60,0.2,0.2,1.05,1.51,2.56,15.96,0.08,0.12,0.2,1.23,166.4,323.0,143.0,217.7,175.0,117.0,180.0,187.0,100.0,56.6,260.0,128.0,4.0,,,35,,Dan,Ndoye,Ndoye,Knock - 75% chance of playing,,1167,1,2,2,17,0,0,0,1,0,0,14,96,,,,0.0,0.15,1.31,1.08,7.4,22,24,50
675,a,100.0,100.0,4.0,670,43.0,0,0.0,0,0.0,1.1,187,23.0,1,0,1.0,462.0,38.0,0,4,0.0,443.0,54.0,0.0,0.2,0.0,31122,5,103748,34,0.0,0.0,0.0,0.0,0.0,0.21,0.0,0.0,0.0,0.42,1.2,504.0,38.0,0.0,563.0,52.0,0.0,531.0,38.0,0.1,512.0,38.0,,,,35,,Angus,Gunn,Gunn,,,45,0,0,0,0,0,0,0,0,0,0,0,0,,,,0.0,0.0,0.0,0.0,0.0,0,1,4
693,a,,,5.4,173,109.0,0,0.0,-1,1.0,0.1,532,195.0,73,0,2.7,243.0,96.0,3,293,2.2,151.0,63.0,0.4,13.5,0.0,34272,31,29537,25,2.2,2.2,1.92,3.23,5.15,19.39,0.12,0.19,0.31,1.17,292.0,229.0,97.0,444.7,59.0,48.0,335.0,87.0,50.0,107.0,104.0,60.0,2.0,,,35,,Omari,Hutchinson,Hutchinson,,,1494,1,6,6,19,0,0,0,1,0,0,15,114,,,,0.0,0.36,1.14,0.9,6.87,19,17,78
696,u,0.0,0.0,6.0,87,26.0,0,0.0,0,0.0,0.1,459,66.0,9,0,1.0,513.0,63.0,0,24,0.0,813.0,89.0,0.0,1.5,0.0,15291,0,18558,3,0.0,0.0,0.44,0.02,0.46,1.57,0.44,0.02,0.46,1.59,6.8,479.0,56.0,17.7,409.0,53.0,39.0,352.0,55.0,6.3,446.0,56.0,,,,35,,Arnaud,Kalimuendo,Kalimuendo,has joined Eintracht Frankfurt on loan for the rest of the season.,,89,0,0,0,3,0,0,0,0,0,0,0,6,,,,0.0,0.0,3.03,0.0,6.07,1,1,4
715,i,0.0,0.0,4.0,679,46.0,0,0.0,0,0.0,0.3,330,46.0,11,0,2.2,310.0,30.0,0,32,0.0,450.0,57.0,0.0,2.8,0.0,66360,4,51744,59,0.0,0.0,0.0,0.0,0.0,6.13,0.0,0.0,0.0,1.26,56.4,415.0,32.0,0.0,569.0,55.0,0.0,537.0,41.0,5.7,451.0,32.0,,,,35,,John Victor,Maciel Furtado,John,Knee injury - Expected back 01 Jun,,437,0,0,1,8,0,0,0,1,0,6,5,0,,,,1.24,0.21,1.65,1.03,0.0,0,4,26
716,i,0.0,0.0,4.5,453,94.0,0,0.0,0,0.0,0.0,585,209.0,39,0,2.8,217.0,86.0,0,131,0.0,631.0,246.0,0.0,8.7,0.0,46743,2,44839,9,0.0,0.0,1.34,0.45,1.79,15.04,0.12,0.04,0.16,1.32,216.6,279.0,114.0,123.2,263.0,75.0,94.0,282.0,83.0,43.5,308.0,104.0,,,,35,,Nicolò,Savona,Savona,Knee injury - Unknown return date,,1025,2,0,3,18,0,0,0,2,0,0,11,69,,,,0.0,0.26,1.58,0.97,5.0,20,37,27
729,u,0.0,0.0,4.5,474,96.0,0,0.0,0,0.0,0.0,822,268.0,0,0,0.0,735.0,261.0,0,0,0.0,649.0,247.0,0.0,0.0,0.0,94,0,121,0,0.0,0.0,0.0,0.0,0.0,0.0,0.0,0.0,0.0,0.0,0.0,731.0,261.0,0.0,725.0,261.0,0.0,710.0,261.0,0.0,732.0,261.0,,,,35,,Luis Eduardo,Soares da Silva,Cuiabano,has joined Vasco de Gama on loan for the rest of the season.,,0,0,0,0,0,0,0,0,0,0,0,0,0,,,,0.0,0.0,0.0,0.0,0.0,0,0,0
734,a,100.0,100.0,5.9,99,65.0,0,0.0,-1,1.0,0.0,673,271.0,15,0,1.4,430.0,189.0,0,60,0.2,369.0,170.0,0.0,2.5,0.0,4853,4,4372,3,0.2,0.2,0.5,0.72,1.22,6.94,0.12,0.17,0.29,1.61,55.0,418.0,182.0,129.7,257.0,158.0,82.0,298.0,158.0,26.3,373.0,175.0,,,,35,,Dilane,Bakwa,Bakwa,,,387,0,1,0,9,0,0,0,1,0,0,4,30,,,,0.0,0.0,2.09,0.93,6.98,3,3,24
805,a,,,5.4,169,40.0,0,0.0,-1,1.0,0.0,717,90.0,8,0,2.7,242.0,25.0,0,34,0.0,791.0,85.0,0.0,1.5,0.0,6084,9,4633,9,0.0,0.0,0.72,0.01,0.73,1.87,0.54,0.01,0.55,1.41,37.2,435.0,51.0,12.7,422.0,55.0,31.0,369.0,56.0,7.9,437.0,55.0,,,,35,,Lorenzo,Lucca,Lucca,,,119,1,0,1,1,0,0,0,0,0,0,1,5,,,,0.0,0.76,0.76,0.76,3.78,0,4,1
814,a,,,4.5,443,91.0,0,0.0,0,0.0,0.0,770,260.0,3,0,1.0,483.0,173.0,0,13,0.2,347.0,119.0,0.0,0.7,0.0,566,4,283,2,0.2,0.2,0.0,0.38,0.38,0.36,0.0,0.48,0.48,0.46,17.0,460.0,168.0,2.0,466.0,170.0,4.0,441.0,166.0,2.3,475.0,170.0,,,,35,,Luca,Netz,Netz,,,71,0,0,0,0,0,0,0,0,0,0,0,5,,,,0.0,0.0,0.0,0.0,6.34,1,4,5
528,u,0.0,0.0,4.2,636,33.0,0,0.0,-3,3.0,0.1,422,60.0,0,0,0.0,650.0,92.0,0,0,0.0,526.0,84.0,0.0,0.0,0.0,10565,0,35270,14,0.0,0.0,0.0,0.0,0.0,0.0,0.0,0.0,0.0,0.0,0.0,640.0,92.0,0.0,634.0,83.0,0.0,607.0,71.0,0.0,642.0,92.0,,,,35,,Anthony,Patterson,Patterson,has joined Millwall on loan for the rest of the season.,,0,0,0,0,0,0,0,0,0,0,0,0,0,,,,0.0,0.0,0.0,0.0,0.0,0,0,0
529,i,0.0,0.0,3.9,750,70.0,0,0.0,-1,1.0,0.3,310,41.0,0,0,0.0,551.0,43.0,0,0,0.0,404.0,30.0,0.0,0.0,0.0,19104,7,37585,61,0.0,0.0,0.0,0.0,0.0,0.0,0.0,0.0,0.0,0.0,0.0,539.0,43.0,0.0,523.0,23.0,0.0,490.0,9.0,0.0,541.0,43.0,,,,35,,Simon,Moore,Moore,Hand injury - Unknown return date,,0,0,0,0,0,0,0,0,0,0,0,0,0,,,,0.0,0.0,0.0,0.0,0.0,0,0,0
530,u,0.0,0.0,3.9,777,88.0,0,0.0,-1,1.0,0.1,475,70.0,0,0,0.0,568.0,57.0,0,0,0.0,424.0,45.0,0.0,0.0,0.0,7473,0,14070,6,0.0,0.0,0.0,0.0,0.0,0.0,0.0,0.0,0.0,0.0,0.0,556.0,57.0,0.0,544.0,41.0,0.0,511.0,27.0,0.0,558.0,57.0,,,,35,,Blondy,Nna Noukeu,Nna Noukeu,has joined US Boulogne CO permanently.,,0,0,0,0,0,0,0,0,0,0,0,0,0,,,,0.0,0.0,0.0,0.0,0.0,0,0,0
531,s,0.0,100.0,4.7,385,65.0,0,0.0,2,-2.0,3.2,104,37.0,116,-2,4.0,59.0,23.0,9,340,-0.5,830.0,267.0,-0.1,24.7,0.0,1281388,129,1137405,5334,0.0,0.0,2.46,0.63,3.09,33.2,0.1,0.03,0.13,1.39,662.8,49.0,22.0,181.2,202.0,53.0,370.0,75.0,5.0,121.5,80.0,17.0,,,,35,,Daniel,Ballard,Ballard,Suspended until 25 May,,2144,2,2,6,35,0,0,0,4,1,0,24,276,,,,0.0,0.25,1.47,1.01,11.08,33,231,69
532,a,,,4.5,445,92.0,0,0.0,0,0.0,0.3,302,112.0,95,2,2.7,237.0,94.0,6,332,1.8,180.0,68.0,0.4,21.1,0.0,87158,16,78440,164,1.3,2.3,2.07,1.75,3.82,45.72,0.07,0.06,0.13,1.47,487.8,117.0,54.0,321.6,114.0,30.0,222.0,144.0,29.0,102.3,117.0,33.0,2.0,,,35,,Trai,Hume,Hume,,,2794,1,1,8,40,1,0,0,9,0,0,31,225,,,,0.0,0.26,1.29,1.0,6.38,65,133,93
533,u,0.0,0.0,4.0,678,168.0,0,0.0,0,0.0,0.0,799,265.0,0,0,0.0,589.0,214.0,0,0,0.0,449.0,172.0,0.0,0.0,0.0,611,0,869,0,0.0,0.0,0.0,0.0,0.0,0.0,0.0,0.0,0.0,0.0,0.0,577.0,213.0,0.0,568.0,213.0,0.0,536.0,209.0,0.0,579.0,213.0,,,,35,,Aji,Alese,Alese,has joined Portsmouth on loan for the rest of the season.,,0,0,0,0,0,0,0,0,0,0,0,0,0,,,,0.0,0.0,0.0,0.0,0.0,0,0,0
534,u,0.0,0.0,3.8,798,237.0,0,0.0,-2,2.0,0.3,326,120.0,0,0,0.0,536.0,188.0,0,0,0.0,383.0,136.0,0.0,0.0,0.0,39413,0,66906,23,0.0,0.0,0.0,0.0,0.0,0.0,0.0,0.0,0.0,0.0,0.0,524.0,187.0,0.0,506.0,186.0,0.0,472.0,180.0,0.0,526.0,187.0,,,,35,,Joe,Anderson,Anderson,has joined Barrow FC permanently.,,0,0,0,0,0,0,0,0,0,0,0,0,0,,,,0.0,0.0,0.0,0.0,0.0,0,0,0
535,a,100.0,100.0,4.0,689,173.0,0,0.0,0,0.0,0.0,591,211.0,14,0,1.8,364.0,132.0,0,43,0.0,460.0,177.0,0.0,3.5,0.0,7782,6,7498,10,-0.5,0.5,0.08,0.02,0.09,6.5,0.02,0.01,0.03,1.83,59.2,413.0,156.0,9.7,439.0,156.0,10.0,418.0,156.0,7.5,440.0,159.0,,,,35,,Dennis,Cirkin,Cirkin,,,319,0,0,1,2,0,0,0,2,0,0,3,28,,,,0.0,0.28,0.56,0.85,7.9,8,20,8
536,u,0.0,0.0,4.0,697,176.0,0,0.0,0,0.0,0.0,730,253.0,0,0,0.0,605.0,220.0,0,0,0.0,467.0,179.0,0.0,0.0,0.0,1255,0,1563,1,0.0,0.0,0.0,0.0,0.0,0.0,0.0,0.0,0.0,0.0,0.0,593.0,219.0,0.0,585.0,219.0,0.0,553.0,215.0,0.0,595.0,219.0,,,,35,,Leo Fuhr,Hjelde,Hjelde,has joined Sheffield United on loan for the rest of the season.,,0,0,0,0,0,0,0,0,0,0,0,0,0,,,,0.0,0.0,0.0,0.0,0.0,0,0,0
537,u,0.0,0.0,4.0,700,177.0,0,0.0,0,0.0,0.1,549,194.0,0,0,0.0,608.0,221.0,0,0,0.0,470.0,180.0,0.0,0.0,0.0,1038,0,16286,0,0.0,0.0,0.0,0.0,0.0,0.0,0.0,0.0,0.0,0.0,0.0,596.0,220.0,0.0,588.0,220.0,0.0,556.0,216.0,0.0,598.0,220.0,,,,35,,Niall,Huggins,Huggins,has joined Wycombe Wanderers on loan for the rest of the season.,,0,0,0,0,0,0,0,0,0,0,0,0,0,,,,0.0,0.0,0.0,0.0,0.0,0,0,0
538,u,0.0,0.0,3.8,810,248.0,0,0.0,-2,2.0,0.2,382,140.0,0,0,0.0,542.0,194.0,0,0,0.0,392.0,144.0,0.0,0.0,0.0,23261,0,34295,12,0.0,0.0,0.0,0.0,0.0,0.0,0.0,0.0,0.0,0.0,0.0,530.0,193.0,0.0,513.0,192.0,0.0,479.0,186.0,0.0,532.0,193.0,,,,35,,Zak,Johnson,Johnson,has joined York City on loan for the rest of the season.,,0,0,0,0,0,0,0,0,0,0,0,0,0,,,,0.0,0.0,0.0,0.0,0.0,0,0,0
539,a,100.0,100.0,4.0,675,165.0,0,0.0,0,0.0,0.1,501,179.0,16,0,1.6,400.0,146.0,0,58,1.5,195.0,72.0,0.4,4.0,0.0,11520,20,8926,54,1.0,2.0,0.02,0.12,0.14,7.34,0.0,0.03,0.03,1.62,52.6,421.0,157.0,6.6,443.0,158.0,12.0,407.0,151.0,7.1,443.0,160.0,,,,35,,Luke,O'Nien,O'Nien,,,408,0,0,2,5,0,0,0,1,1,0,4,28,,,,0.0,0.44,1.1,0.88,6.18,4,24,9
540,u,0.0,0.0,3.9,771,222.0,0,0.0,-1,1.0,0.3,340,122.0,0,0,0.0,564.0,203.0,0,0,0.0,420.0,158.0,0.0,0.0,0.0,47547,0,49120,32,0.0,0.0,0.0,0.0,0.0,0.0,0.0,0.0,0.0,0.0,0.0,552.0,202.0,0.0,539.0,202.0,0.0,506.0,197.0,0.0,554.0,202.0,,,,35,,Timothée,Pembélé,Pembele,has joined Le Havre AC on loan for the rest of the season.,,0,0,0,0,0,0,0,0,0,0,0,0,0,,,,0.0,0.0,0.0,0.0,0.0,0,0,0
541,a,100.0,100.0,3.8,801,240.0,0,0.0,-2,2.0,2.9,115,45.0,62,2,2.8,210.0,80.0,6,222,2.8,111.0,44.0,0.7,16.3,0.0,649722,493,1089745,511,2.3,3.3,0.13,0.58,0.71,24.22,0.01,0.03,0.04,1.29,325.0,209.0,81.0,124.8,260.0,73.0,39.0,351.0,117.0,49.0,288.0,94.0,,,,35,,Reinildo,Mandava,Reinildo,,,1696,0,2,5,25,0,0,0,7,1,0,20,158,,,,0.0,0.27,1.33,1.06,7.38,32,107,78
542,u,0.0,0.0,4.0,718,188.0,0,0.0,0,0.0,0.1,517,186.0,2,0,1.0,464.0,169.0,0,11,0.0,485.0,189.0,0.0,0.5,0.0,3016,0,25407,0,0.0,0.0,0.0,0.01,0.01,1.33,0.0,0.01,0.01,0.9,33.6,439.0,162.0,2.4,463.0,169.0,0.0,570.0,224.0,3.6,467.0,167.0,,,,35,,Jenson,Seelt,Seelt,has joined Wolfsburg on loan for the rest of the season.,,133,0,0,0,2,0,0,0,0,0,0,1,18,,,,0.0,0.0,1.35,0.68,8.12,4,8,6
543,u,0.0,0.0,4.9,336,207.0,0,0.0,-6,6.0,0.3,309,108.0,34,0,2.4,288.0,122.0,3,81,0.0,737.0,309.0,0.0,6.9,0.0,90681,0,231843,17,0.0,0.0,0.35,0.62,0.97,11.3,0.05,0.09,0.14,1.57,81.4,394.0,175.0,116.8,267.0,162.0,75.0,305.0,162.0,27.0,370.0,174.0,,,,35,,Simon,Adingra,Adingra,has joined AS Monaco on loan for the rest of the season.,,649,1,1,4,8,0,0,0,2,0,0,9,45,,,,0.0,0.55,1.11,1.25,6.24,11,13,21
544,a,100.0,100.0,5.3,198,123.0,0,0.0,-2,2.0,0.2,414,143.0,61,1,3.4,143.0,61.0,3,194,2.5,135.0,55.0,0.5,11.5,0.0,31853,17,27405,366,2.0,3.0,3.12,0.67,3.79,20.93,0.21,0.04,0.25,1.38,145.0,337.0,151.0,124.5,261.0,159.0,222.0,145.0,81.0,47.8,291.0,146.0,,,1.0,35,,Habib,Diarra,Diarra,,,1361,2,5,5,19,0,0,0,5,0,0,15,77,,,,0.0,0.33,1.26,0.99,5.09,14,17,46
545,u,0.0,0.0,5.4,154,96.0,0,0.0,-1,1.0,0.0,736,307.0,1,0,1.0,509.0,235.0,0,4,0.0,783.0,343.0,0.0,0.2,0.0,462,0,4089,1,0.0,0.0,0.03,0.02,0.05,0.66,0.1,0.07,0.17,2.2,1.8,500.0,229.0,7.3,441.0,213.0,5.0,438.0,212.0,1.4,487.0,223.0,,,,35,,Patrick,Roberts,Roberts,has joined Birmingham City permanently.,,27,0,0,0,1,0,0,0,0,0,0,0,1,,,,0.0,0.0,3.33,0.0,3.33,0,0,1
546,a,100.0,100.0,4.9,342,213.0,0,0.0,-1,1.0,0.0,699,283.0,0,0,0.0,792.0,345.0,0,0,0.0,740.0,312.0,0.0,0.0,0.0,581,1,3552,0,-0.5,0.5,0.0,0.0,0.0,0.0,0.0,0.0,0.0,0.0,0.0,791.0,344.0,0.0,787.0,344.0,0.0,783.0,342.0,0.0,791.0,344.0,,,,35,,Milan,Aleksić,Aleksić,,,0,0,0,0,0,0,0,0,0,0,0,0,0,,,,0.0,0.0,0.0,0.0,0.0,0,0,0
547,a,100.0,100.0,4.8,366,228.0,0,0.0,-2,2.0,1.6,154,53.0,126,4,3.8,81.0,36.0,10,525,4.5,37.0,11.0,0.9,26.2,0.0,497774,508,337481,1973,4.0,5.0,4.76,4.65,9.41,44.01,0.16,0.16,0.32,1.49,628.2,55.0,15.0,691.1,18.0,17.0,252.0,125.0,72.0,157.4,35.0,27.0,3.0,2.0,2.0,35,,Enzo,Le Fée,E.Le Fée,,,2660,4,5,9,41,0,0,1,5,0,0,30,291,,,,0.0,0.3,1.39,1.02,9.85,81,73,137
548,i,0.0,0.0,4.9,327,202.0,0,0.0,-1,1.0,0.0,759,322.0,14,0,1.0,500.0,227.0,0,42,0.0,733.0,307.0,0.0,2.9,0.0,1158,1,1701,0,0.0,0.0,0.87,0.48,1.35,8.54,0.2,0.11,0.31,1.93,29.4,443.0,195.0,33.6,384.0,194.0,69.0,313.0,164.0,12.7,414.0,188.0,,,,35,,Romaine,Mundle,Mundle,Hamstring injury - Expected back 01 Jun,,399,0,0,0,11,0,0,0,1,0,0,2,33,,,,0.0,0.0,2.48,0.45,7.44,5,6,22
549,u,0.0,0.0,4.8,358,222.0,0,0.0,-2,2.0,0.0,660,261.0,3,0,1.0,496.0,225.0,0,10,0.0,708.0,288.0,0.0,0.6,0.0,1972,0,4734,0,0.0,0.0,0.0,0.0,0.0,0.64,0.0,0.0,0.0,4.43,3.0,494.0,226.0,1.4,474.0,228.0,0.0,763.0,329.0,0.4,505.0,230.0,,,,35,,Dan,Neil,Neil,has joined Ipswich Town on loan for the rest of the season.,,13,0,0,0,0,0,0,0,0,0,0,0,2,,,,0.0,0.0,0.0,0.0,13.85,0,2,0
550,a,,,4.7,384,239.0,0,0.0,-3,3.0,0.0,665,265.0,0,0,0.0,773.0,332.0,0,0,0.0,700.0,283.0,0.0,0.0,0.0,1198,7,2883,1,-0.5,0.5,0.0,0.0,0.0,0.0,0.0,0.0,0.0,0.0,0.0,772.0,331.0,0.0,767.0,331.0,0.0,756.0,327.0,0.0,772.0,331.0,,,,35,,Ian,Poveda-Ocampo,Poveda,,,0,0,0,0,0,0,0,0,0,0,0,0,0,,,,0.0,0.0,0.0,0.0,0.0,0,0,0
551,a,,,4.7,393,244.0,0,0.0,-3,3.0,0.1,537,198.0,31,0,1.9,352.0,150.0,1,121,2.5,129.0,51.0,0.5,6.6,0.0,10556,31,10332,56,2.0,3.0,0.86,0.92,1.78,11.94,0.1,0.11,0.21,1.44,96.0,382.0,168.0,131.4,253.0,156.0,101.0,273.0,148.0,32.8,345.0,166.0,,,,35,,Chris,Rigg,Rigg,,,744,1,0,3,11,0,0,0,1,0,0,11,56,,,,0.0,0.36,1.33,1.33,6.77,13,14,29
552,a,100.0,100.0,4.9,339,210.0,0,0.0,-1,1.0,0.1,550,204.0,72,2,2.4,289.0,123.0,0,380,2.8,115.0,44.0,0.6,14.7,0.0,12887,19,13085,30,2.3,3.3,1.0,1.41,2.41,39.4,0.03,0.05,0.08,1.35,327.4,208.0,88.0,300.2,127.0,87.0,132.0,239.0,130.0,76.2,191.0,94.0,,,,35,,Noah,Sadiki,Sadiki,,,2635,0,2,8,40,0,0,0,8,0,0,30,225,,,,0.0,0.27,1.37,1.02,7.69,46,84,95
553,a,100.0,100.0,4.9,337,208.0,0,0.0,-1,1.0,0.2,405,138.0,79,2,3.0,199.0,77.0,6,244,1.0,253.0,116.0,0.2,16.1,0.0,63803,18,73436,40,0.5,1.5,2.08,1.01,3.08,21.3,0.13,0.06,0.19,1.33,235.8,264.0,111.0,204.8,183.0,119.0,238.0,128.0,74.0,67.4,224.0,108.0,,,,35,,Chemsdine,Talbi,Talbi,,,1445,4,2,6,14,0,0,0,0,0,0,15,85,,,,0.0,0.37,0.87,0.93,5.29,10,19,56
554,a,,,4.3,593,350.0,0,0.0,-2,2.0,0.3,320,110.0,0,0,0.0,660.0,247.0,0,0,0.0,544.0,174.0,0.0,0.0,0.0,82649,16,82599,44,-0.5,0.5,0.0,0.0,0.0,0.0,0.0,0.0,0.0,0.0,0.0,649.0,237.0,0.0,644.0,242.0,0.0,618.0,228.0,0.0,651.0,239.0,,,,35,,Abdoullah,Ba,Ba,,,0,0,0,0,0,0,0,0,0,0,0,0,0,,,,0.0,0.0,0.0,0.0,0.0,0,0,0
555,u,0.0,0.0,4.5,416,252.0,0,0.0,0,0.0,0.0,652,256.0,0,0,0.0,701.0,273.0,0,0,0.0,606.0,210.0,0.0,0.0,0.0,1291,0,9884,0,0.0,0.0,0.0,0.0,0.0,0.0,0.0,0.0,0.0,0.0,0.0,694.0,267.0,0.0,689.0,270.0,0.0,669.0,261.0,0.0,696.0,269.0,,,,35,,Alan,Browne,Browne,has joined Middlesbrough on loan for the rest of the season.,,0,0,0,0,0,0,0,0,0,0,0,0,0,,,,0.0,0.0,0.0,0.0,0.0,0,0,0
560,a,100.0,100.0,5.0,259,54.0,0,0.0,-5,5.0,1.4,171,26.0,68,1,2.3,307.0,34.0,7,232,2.0,170.0,21.0,0.4,13.6,0.0,993206,95,896816,644,1.5,2.5,4.42,0.2,4.62,19.23,0.36,0.02,0.38,1.56,205.0,288.0,28.0,26.5,395.0,52.0,416.0,57.0,23.0,64.6,232.0,28.0,,,,35,,Wilson,Isidor,Isidor,,,1106,5,1,4,17,0,0,0,1,0,0,11,46,,,,0.0,0.33,1.38,0.9,3.74,9,16,21
561,a,,,5.2,218,50.0,0,0.0,-3,3.0,0.5,267,41.0,39,0,2.1,333.0,36.0,5,121,0.0,773.0,82.0,0.0,7.5,0.0,273305,8,312361,54,-0.5,0.5,2.13,0.22,2.35,12.67,0.26,0.03,0.29,1.52,117.6,365.0,38.0,53.8,351.0,44.0,188.0,176.0,40.0,35.5,338.0,42.0,,,,35,,Eliezer,Mayenda Dossou,Mayenda,,,750,2,0,3,9,0,0,0,0,0,0,8,26,,,,0.0,0.36,1.08,0.96,3.12,5,7,14
562,a,,,4.2,650,91.0,0,0.0,-3,3.0,0.4,282,43.0,0,0,0.0,656.0,67.0,0,0,0.0,534.0,55.0,0.0,0.0,0.0,71370,49,97340,67,-0.5,0.5,0.0,0.0,0.0,0.0,0.0,0.0,0.0,0.0,0.0,646.0,66.0,0.0,640.0,65.0,0.0,614.0,65.0,0.0,648.0,66.0,,,,35,,Ahmed,Abdullahi,Abdullahi,,,0,0,0,0,0,0,0,0,0,0,0,0,0,,,,0.0,0.0,0.0,0.0,0.0,0,0,0
563,u,0.0,0.0,4.4,562,80.0,0,0.0,-1,1.0,0.1,524,71.0,0,0,0.0,688.0,74.0,0,0,0.0,588.0,64.0,0.0,0.0,0.0,5979,0,20523,3,0.0,0.0,0.0,0.0,0.0,0.0,0.0,0.0,0.0,0.0,0.0,680.0,73.0,0.0,675.0,72.0,0.0,655.0,72.0,0.0,682.0,73.0,,,,35,,Luís Hemir,Silva Semedo,Luís Hemir,has joined Moreirense on loan for the rest of the season.,,0,0,0,0,0,0,0,0,0,0,0,0,0,,,,0.0,0.0,0.0,0.0,0.0,0,0,0
564,u,0.0,0.0,4.4,544,77.0,0,0.0,-1,1.0,0.1,525,72.0,0,0,0.0,678.0,71.0,0,0,0.0,575.0,61.0,0.0,0.0,0.0,3530,0,20276,1,0.0,0.0,0.0,0.0,0.0,0.0,0.0,0.0,0.0,0.0,0.0,668.0,70.0,0.0,664.0,69.0,0.0,642.0,69.0,0.0,670.0,70.0,,,,35,,Nazarii,Rusyn,Rusyn,has joined Arka on loan for the rest of the season.,,0,0,0,0,0,0,0,0,0,0,0,0,0,,,,0.0,0.0,0.0,0.0,0.0,0,0,0
668,a,100.0,100.0,5.1,222,135.0,0,0.0,1,-1.0,3.3,103,34.0,116,9,3.7,99.0,41.0,8,554,4.2,48.0,14.0,0.8,22.7,0.0,1398780,343,1391747,685,3.7,4.7,0.98,3.16,4.14,43.19,0.03,0.11,0.14,1.48,642.4,50.0,13.0,561.2,35.0,32.0,98.0,276.0,150.0,130.2,66.0,41.0,1.0,1.0,,35,,Granit,Xhaka,Xhaka,,,2631,1,6,8,37,0,0,0,7,0,0,29,328,,,,0.0,0.27,1.27,0.99,11.22,46,127,155
670,a,100.0,100.0,4.8,370,15.0,0,0.0,3,-3.0,8.5,48,9.0,125,3,3.9,71.0,8.0,12,525,3.8,66.0,6.0,0.8,26.0,0.0,2360642,451,1476371,3901,3.3,4.3,0.0,0.1,0.1,47.56,0.0,0.0,0.0,1.49,833.0,11.0,3.0,40.0,373.0,2.0,0.0,765.0,89.0,87.2,157.0,3.0,,,,35,,Robin,Roefs,Roefs,,,2880,0,0,9,44,0,1,0,4,0,103,32,110,,,,3.22,0.28,1.38,1.0,0.0,0,33,311
678,u,0.0,0.0,3.9,755,215.0,0,0.0,-1,1.0,0.5,276,103.0,1,0,0.3,527.0,181.0,0,4,0.0,408.0,154.0,0.0,0.3,0.0,52353,0,84831,23,0.0,0.0,0.07,0.08,0.15,2.09,0.05,0.06,0.11,1.5,21.8,455.0,166.0,20.1,405.0,147.0,7.0,428.0,163.0,4.9,457.0,164.0,,,,35,,Arthur,Masuaku,Masuaku,has joined RC Lens on loan for the rest of the season.,,125,0,0,0,2,0,0,0,1,0,0,2,13,,,,0.0,0.0,1.44,1.44,7.2,4,6,3
683,a,100.0,100.0,4.1,653,153.0,0,0.0,1,-1.0,5.8,67,23.0,116,4,3.7,89.0,33.0,5,373,3.2,88.0,39.0,0.8,28.3,0.0,1714110,787,1142012,2882,2.7,3.7,1.6,0.89,2.48,43.93,0.05,0.03,0.08,1.47,732.0,31.0,12.0,137.1,245.0,64.0,273.0,112.0,17.0,114.6,94.0,23.0,,,,35,,Omar,Alderete,Alderete,,,2685,1,1,9,40,0,0,0,6,0,0,30,326,,,,0.0,0.3,1.34,1.01,10.12,30,272,102
694,a,100.0,100.0,4.6,397,68.0,0,0.0,6,-6.0,8.7,47,15.0,139,11,4.8,22.0,6.0,11,442,6.0,8.0,3.0,1.3,30.2,0.0,2841949,2494,1819593,5055,5.5,6.5,1.47,2.24,3.71,42.22,0.05,0.08,0.13,1.51,684.0,43.0,18.0,327.3,111.0,28.0,209.0,159.0,35.0,122.1,78.0,16.0,,,,35,,Nordi,Mukiele,Mukiele,,,2514,3,5,8,38,1,0,0,5,0,0,29,279,,,,0.0,0.29,1.36,1.04,8.99,67,184,115
724,a,,,4.5,428,87.0,0,0.0,0,0.0,0.1,577,206.0,46,0,1.8,371.0,138.0,0,190,0.0,613.0,244.0,0.0,10.2,0.0,11119,9,8075,30,-0.5,0.5,0.5,0.75,1.25,28.37,0.03,0.05,0.08,1.81,238.0,263.0,105.0,116.1,270.0,77.0,67.0,314.0,97.0,42.1,312.0,105.0,,,,35,,Lutsharel,Geertruida,Geertruida,,,1411,0,0,2,21,0,0,0,1,0,0,14,117,,,,0.0,0.13,1.34,0.89,6.44,34,67,62
730,a,100.0,100.0,5.3,191,45.0,0,0.0,-2,2.0,1.2,183,29.0,78,1,2.8,223.0,23.0,11,264,1.5,210.0,27.0,0.3,14.7,0.0,451898,246,313573,2671,1.0,2.0,4.6,0.54,5.14,29.49,0.24,0.03,0.27,1.57,282.4,238.0,20.0,163.6,216.0,22.0,443.0,52.0,21.0,87.1,158.0,22.0,,,,35,,Brian,Brobbey,Brobbey,,,1694,6,1,5,28,0,0,0,6,0,0,19,64,,,,0.0,0.27,1.49,1.01,3.4,8,16,40
735,d,50.0,50.0,5.5,135,84.0,0,0.0,0,0.0,0.0,653,257.0,30,0,2.5,273.0,112.0,1,118,0.0,797.0,353.0,0.0,5.5,0.0,13892,0,13352,0,-0.2,0.2,0.48,0.25,0.73,9.74,0.07,0.04,0.11,1.38,115.6,367.0,163.0,108.4,278.0,168.0,135.0,236.0,129.0,35.9,336.0,163.0,,,,35,,Bertrand,Traoré,Traoré,Lack of match fitness - 50% chance of playing,,634,1,1,3,9,0,0,0,1,0,0,9,40,,,,0.0,0.43,1.28,1.28,5.68,11,11,18
774,a,,,4.0,682,170.0,0,0.0,0,0.0,0.0,675,238.0,0,0,0.0,592.0,216.0,0,0,0.0,453.0,174.0,0.0,0.0,0.0,1957,11,1269,4,-0.5,0.5,0.0,0.0,0.0,0.0,0.0,0.0,0.0,0.0,0.0,580.0,215.0,0.0,572.0,215.0,0.0,540.0,211.0,0.0,582.0,215.0,,,,35,,Jenson,Jones,Jenson Jones,,,0,0,0,0,0,0,0,0,0,0,0,0,0,,,,0.0,0.0,0.0,0.0,0.0,0,0,0
775,u,0.0,0.0,4.5,497,306.0,0,0.0,0,0.0,0.0,826,369.0,0,0,0.0,752.0,315.0,0,0,0.0,671.0,261.0,0.0,0.0,0.0,160,0,141,0,0.0,0.0,0.0,0.0,0.0,0.0,0.0,0.0,0.0,0.0,0.0,750.0,313.0,0.0,743.0,313.0,0.0,729.0,308.0,0.0,750.0,313.0,,,,35,,Tymur,Tutierov,Tutierov,has joined Exeter City on loan for the rest of the season.,,0,0,0,0,0,0,0,0,0,0,0,0,0,,,,0.0,0.0,0.0,0.0,0.0,0,0,0
800,a,100.0,75.0,4.9,345,215.0,0,0.0,-1,1.0,0.0,825,368.0,1,0,1.0,502.0,229.0,0,4,0.0,743.0,314.0,0.0,0.2,0.0,170,0,140,1,-0.5,0.4,0.0,0.04,0.04,0.24,0.0,0.09,0.09,0.57,3.4,490.0,223.0,4.3,452.0,217.0,2.0,457.0,225.0,1.0,491.0,224.0,,,,35,,Djiamgone Jocelin Ta,Bi,Jocelin.T,,,38,0,0,0,0,0,0,0,0,0,0,1,3,,,,0.0,0.0,0.0,2.37,7.11,1,0,2
821,a,,,4.5,476,290.0,0,0.0,0,0.0,0.0,815,361.0,0,0,0.0,737.0,303.0,0,0,0.0,651.0,245.0,0.0,0.0,0.0,156,6,45,2,-0.5,0.5,0.0,0.0,0.0,0.0,0.0,0.0,0.0,0.0,0.0,733.0,300.0,0.0,727.0,301.0,0.0,712.0,295.0,0.0,734.0,301.0,,,,35,,Jack,Whittaker,Whittaker,,,0,0,0,0,0,0,0,0,0,0,0,0,0,,,,0.0,0.0,0.0,0.0,0.0,0,0,0
822,a,,,4.5,477,291.0,0,0.0,0,0.0,0.0,809,357.0,0,0,0.0,738.0,304.0,0,0,0.0,652.0,246.0,0.0,0.0,0.0,233,6,77,2,-0.5,0.5,0.0,0.0,0.0,0.0,0.0,0.0,0.0,0.0,0.0,734.0,301.0,0.0,728.0,302.0,0.0,713.0,296.0,0.0,735.0,302.0,,,,35,,Jaydon,Jones,Jones,,,0,0,0,0,0,0,0,0,0,0,0,0,0,,,,0.0,0.0,0.0,0.0,0.0,0,0,0
565,d,50.0,0.0,4.7,381,17.0,0,0.0,-3,3.0,4.9,79,14.0,90,0,2.9,205.0,24.0,6,412,0.0,699.0,93.0,0.0,19.1,0.0,1358531,9,1509462,1174,0.0,0.0,0.0,0.04,0.04,46.21,0.0,0.0,0.0,1.49,709.2,38.0,10.0,10.1,428.0,7.0,0.0,755.0,84.0,72.2,214.0,10.0,,,,35,,Guglielmo,Vicario,Vicario,Hernia - 50% chance of playing,,2790,0,0,7,50,0,0,0,1,0,83,31,97,,,,2.68,0.23,1.61,1.0,0.0,1,35,247
566,a,,,3.9,763,80.0,0,0.0,-1,1.0,0.3,334,47.0,0,0,0.0,558.0,50.0,0,0,0.0,414.0,38.0,0.0,0.0,0.0,21870,12,26305,18,0.0,0.0,0.0,0.0,0.0,0.0,0.0,0.0,0.0,0.0,0.0,546.0,50.0,0.0,533.0,33.0,0.0,500.0,19.0,0.0,548.0,50.0,,,,35,,Brandon,Austin,Austin,,,0,0,0,0,0,0,0,0,0,0,0,0,0,,,,0.0,0.0,0.0,0.0,0.0,0,0,0
567,a,,,3.9,776,87.0,0,0.0,-1,1.0,1.7,152,20.0,9,0,3.0,197.0,22.0,0,39,2.2,140.0,12.0,0.6,2.3,0.0,156777,512,194080,116,2.2,2.2,0.0,0.0,0.0,2.85,0.0,0.0,0.0,0.95,44.4,426.0,34.0,0.0,543.0,40.0,0.0,510.0,26.0,4.4,462.0,34.0,,,,35,,Antonín,Kinský,Kinsky,,,270,0,0,1,3,0,0,0,0,0,4,3,0,,,,1.33,0.33,1.0,1.0,0.0,0,7,19
568,a,100.0,100.0,5.2,212,29.0,0,0.0,-3,3.0,10.6,36,11.0,102,0,3.4,141.0,53.0,6,426,4.8,29.0,13.0,0.9,19.6,0.0,1751729,1460,3109956,1279,4.8,4.8,0.89,3.45,4.34,35.05,0.03,0.13,0.16,1.3,589.8,61.0,29.0,705.7,16.0,1.0,188.0,175.0,42.0,148.5,44.0,5.0,3.0,2.0,,35,,Pedro,Porro Sauceda,Pedro Porro,,,2433,1,3,8,36,0,0,0,8,0,0,28,222,,,,0.0,0.3,1.33,1.04,6.92,60,127,117
569,i,0.0,0.0,5.0,251,38.0,0,0.0,0,0.0,2.9,112,43.0,91,0,4.0,60.0,24.0,10,305,0.2,360.0,123.0,0.0,18.2,0.0,1032966,8,1239983,451,0.0,0.0,1.39,1.25,2.64,28.32,0.07,0.06,0.13,1.36,574.8,69.0,31.0,133.6,249.0,65.0,223.0,143.0,28.0,93.2,146.0,47.0,,,,35,,Cristian,Romero,Romero,Knee injury - Expected back 01 Jun,,1869,4,1,5,33,0,0,0,9,2,0,22,224,,,,0.0,0.24,1.59,1.06,9.49,58,139,88
570,a,100.0,100.0,4.2,630,141.0,0,0.0,-3,3.0,0.2,415,153.0,46,0,2.3,299.0,111.0,1,162,2.0,161.0,58.0,0.5,11.0,0.0,23665,50,33565,22,2.0,2.0,0.29,0.24,0.53,17.45,0.02,0.02,0.04,1.39,317.0,215.0,85.0,34.8,382.0,137.0,46.0,340.0,111.0,39.9,323.0,109.0,,,,35,,Kevin,Danso,Danso,,,1129,0,0,3,21,0,0,0,6,0,0,13,158,,,,0.0,0.24,1.67,1.04,12.04,22,129,37
571,i,0.0,0.0,4.3,579,125.0,0,0.0,-2,2.0,0.1,554,196.0,10,0,3.3,146.0,55.0,1,29,0.0,537.0,226.0,0.0,2.3,0.0,4487,2,12168,3,0.0,0.0,0.49,0.07,0.56,1.11,0.32,0.05,0.37,0.73,67.4,405.0,151.0,22.2,402.0,144.0,52.0,337.0,110.0,14.2,403.0,145.0,,,,35,,Ben,Davies,Davies,Ankle injury - Unknown return date,,136,1,0,0,3,0,0,0,1,0,0,2,14,,,,0.0,0.0,1.99,1.32,9.26,5,9,5
572,a,100.0,100.0,4.5,450,93.0,0,0.0,0,0.0,0.0,668,235.0,16,0,1.8,372.0,139.0,0,30,0.2,349.0,120.0,0.0,3.6,0.0,4268,2,3354,8,0.2,0.2,0.31,0.01,0.32,12.01,0.05,0.0,0.05,2.1,125.6,354.0,134.0,3.2,458.0,165.0,27.0,373.0,126.0,15.6,401.0,143.0,,,,35,,Radu,Drăgușin,Dragusin,,,514,0,0,0,13,0,0,0,0,0,0,5,72,,,,0.0,0.0,2.28,0.88,12.61,5,67,14
573,a,100.0,100.0,4.1,656,156.0,0,0.0,-4,4.0,0.9,203,79.0,69,0,2.7,231.0,90.0,3,248,2.2,141.0,52.0,0.5,16.8,0.0,306209,109,369678,73,2.2,2.2,0.88,1.75,2.63,30.32,0.04,0.08,0.12,1.43,280.2,240.0,95.0,206.0,182.0,48.0,180.0,184.0,45.0,66.5,225.0,79.0,,,,35,,Djed,Spence,Spence,,,1910,0,0,8,30,0,0,0,4,0,0,22,137,,,,0.0,0.38,1.41,1.04,5.32,42,71,105
574,a,100.0,100.0,4.3,595,136.0,0,0.0,-2,2.0,0.3,324,119.0,18,0,1.1,450.0,161.0,0,77,1.0,241.0,82.0,0.2,4.2,0.0,53862,27,116130,14,1.0,1.0,0.16,0.67,0.83,17.09,0.01,0.06,0.07,1.53,167.6,320.0,123.0,157.7,223.0,58.0,90.0,287.0,84.0,41.6,314.0,106.0,,,,35,,Destiny,Udogie,Udogie,,,1004,0,1,0,21,0,0,0,3,0,0,10,71,,,,0.0,0.0,1.88,0.9,4.48,23,27,56
575,a,100.0,100.0,4.4,550,119.0,0,0.0,-1,1.0,17.7,16,6.0,106,0,3.4,134.0,50.0,10,380,2.0,165.0,62.0,0.5,24.1,0.0,3599010,606,4675508,2586,2.0,2.0,2.79,0.36,3.15,40.29,0.09,0.01,0.1,1.35,640.6,51.0,23.0,92.5,297.0,94.0,210.0,158.0,34.0,94.2,143.0,45.0,,,,35,,Micky,van de Ven,Van de Ven,,,2681,4,1,8,46,0,0,0,8,1,0,31,232,,,,0.0,0.27,1.54,1.04,6.58,35,161,104
576,u,0.0,0.0,4.0,719,189.0,0,0.0,0,0.0,0.0,741,255.0,0,0,0.0,620.0,228.0,0,0,0.0,486.0,190.0,0.0,0.0,0.0,0,0,2011,1,0.0,0.0,0.0,0.0,0.0,0.0,0.0,0.0,0.0,0.0,0.0,609.0,228.0,0.0,602.0,228.0,0.0,571.0,225.0,0.0,611.0,228.0,,,,35,,Ashley,Phillips,Phillips,Has joined Stoke City on loan for the rest of the season.,,0,0,0,0,0,0,0,0,0,0,0,0,0,,,,0.0,0.0,0.0,0.0,0.0,0,0,0
577,u,0.0,0.0,4.0,721,190.0,0,0.0,0,0.0,0.0,606,216.0,0,0,0.0,622.0,229.0,0,0,0.0,488.0,191.0,0.0,0.0,0.0,1005,0,9160,4,0.0,0.0,0.0,0.0,0.0,0.0,0.0,0.0,0.0,0.0,0.0,611.0,229.0,0.0,604.0,229.0,0.0,573.0,226.0,0.0,613.0,229.0,,,,35,,Takai,Kōta,Takai,has joined Borussia Mönchengladbach on loan for the rest of the season.,,0,0,0,0,0,0,0,0,0,0,0,0,0,,,,0.0,0.0,0.0,0.0,0.0,0,0,0
578,u,0.0,0.0,3.9,792,233.0,0,0.0,-1,1.0,0.3,322,117.0,0,0,0.0,580.0,210.0,0,0,0.0,438.0,167.0,0.0,0.0,0.0,7334,0,92606,8,0.0,0.0,0.0,0.0,0.0,0.0,0.0,0.0,0.0,0.0,0.0,568.0,209.0,0.0,556.0,209.0,0.0,524.0,205.0,0.0,570.0,209.0,,,,35,,Luka,Vušković,Vuskovic,has joined Hamburger SV on loan for the rest of the season.,,0,0,0,0,0,0,0,0,0,0,0,0,0,,,,0.0,0.0,0.0,0.0,0.0,0,0,0
579,u,0.0,0.0,8.5,10,5.0,0,0.0,0,0.0,0.1,456,156.0,0,0,0.0,831.0,373.0,0,0,0.0,828.0,373.0,0.0,0.0,0.0,0,0,25633,1,0.0,0.0,0.0,0.0,0.0,0.0,0.0,0.0,0.0,0.0,0.0,831.0,373.0,0.0,831.0,373.0,0.0,831.0,373.0,0.0,831.0,373.0,,,,35,,Son,Heung-min,Son,has joined Los Angeles FC permanently.,,0,0,0,0,0,0,0,0,0,0,0,0,0,,,,0.0,0.0,0.0,0.0,0.0,0,0,0
581,a,100.0,100.0,6.8,42,26.0,0,0.0,-2,2.0,0.1,435,149.0,0,0,0.0,828.0,370.0,0,0,0.0,823.0,368.0,0.0,0.0,0.0,5300,174,25013,41,0.0,0.0,0.0,0.0,0.0,0.0,0.0,0.0,0.0,0.0,0.0,828.0,370.0,0.0,828.0,370.0,0.0,828.0,370.0,0.0,828.0,370.0,,,,35,,James,Maddison,Maddison,,,0,0,0,0,0,0,0,0,0,0,0,0,0,,,,0.0,0.0,0.0,0.0,0.0,0,0,0
582,i,0.0,0.0,6.4,58,37.0,0,0.0,-1,1.0,9.2,39,13.0,75,0,3.9,77.0,34.0,7,257,0.0,820.0,367.0,0.0,11.7,0.0,3263850,4,5226100,379,0.0,0.0,1.92,2.41,4.33,22.74,0.11,0.14,0.25,1.33,333.4,204.0,84.0,413.8,69.0,54.0,302.0,101.0,61.0,104.7,111.0,66.0,,4.0,3.0,35,,Mohammed,Kudus,Kudus,Thigh injury - Unknown return date,,1535,2,6,7,20,0,0,0,3,0,0,19,133,,,,0.0,0.41,1.17,1.11,7.8,29,9,95
583,i,0.0,0.0,6.4,57,36.0,0,0.0,-1,1.0,0.0,723,299.0,0,0,0.0,825.0,369.0,0,0,0.0,819.0,366.0,0.0,0.0,0.0,1209,3,2240,3,0.0,0.0,0.0,0.0,0.0,0.0,0.0,0.0,0.0,0.0,0.0,825.0,369.0,0.0,825.0,369.0,0.0,825.0,369.0,0.0,825.0,369.0,,,,35,,Dejan,Kulusevski,Kulusevski,Knee injury - Unknown return date,,0,0,0,0,0,0,0,0,0,0,0,0,0,,,,0.0,0.0,0.0,0.0,0.0,0,0,0
584,a,100.0,100.0,6.2,78,52.0,0,0.0,-3,3.0,0.1,425,146.0,59,0,2.2,321.0,140.0,5,203,0.8,291.0,136.0,0.1,9.5,0.0,45748,116,49956,43,0.8,0.8,2.14,1.43,3.56,15.14,0.19,0.13,0.32,1.37,227.8,271.0,113.0,320.0,115.0,79.0,256.0,121.0,70.0,80.6,176.0,90.0,1.0,,,35,,Mathys,Tel,Tel,,,998,3,1,1,20,0,0,0,0,0,0,9,88,,,,0.0,0.09,1.8,0.81,7.94,19,12,57
585,a,100.0,100.0,5.2,205,127.0,0,0.0,-3,3.0,0.2,403,137.0,72,0,3.3,156.0,64.0,3,301,2.0,173.0,73.0,0.4,13.8,0.0,58913,44,67895,17,2.0,2.0,0.51,0.78,1.29,21.76,0.03,0.04,0.07,1.25,300.6,225.0,95.0,164.7,214.0,139.0,109.0,265.0,145.0,57.7,257.0,125.0,,,,35,,Rodrigo,Bentancur,Bentancur,,,1563,1,1,6,22,0,0,0,6,0,0,19,234,,,,0.0,0.35,1.27,1.09,13.47,44,79,111
586,a,100.0,100.0,5.2,219,134.0,0,0.0,-3,3.0,0.2,394,131.0,47,0,2.2,317.0,136.0,0,157,1.8,184.0,79.0,0.3,9.0,0.0,104713,31,112399,13,1.8,1.8,1.18,0.43,1.61,13.33,0.11,0.04,0.15,1.27,164.6,324.0,144.0,105.7,283.0,169.0,141.0,229.0,125.0,40.9,319.0,156.0,,,,35,,Lucas,Bergvall,Bergvall,,,945,1,3,3,17,0,0,0,2,0,0,11,79,,,,0.0,0.29,1.62,1.05,7.52,22,18,39
587,a,100.0,100.0,5.2,209,129.0,0,0.0,-3,3.0,0.0,595,224.0,16,0,1.6,405.0,172.0,0,96,0.8,286.0,133.0,0.2,3.1,0.0,3594,8,15350,3,0.8,0.8,0.36,0.1,0.46,11.92,0.06,0.02,0.08,1.86,88.2,389.0,172.0,23.4,399.0,201.0,23.0,384.0,194.0,13.3,411.0,187.0,,,,35,,Yves,Bissouma,Bissouma,,,577,0,0,1,16,0,0,0,4,0,0,7,73,,,,0.0,0.16,2.5,1.09,11.39,18,26,29
588,i,0.0,0.0,5.3,199,124.0,0,0.0,-2,2.0,0.0,608,232.0,46,0,1.9,357.0,154.0,6,176,0.0,780.0,342.0,0.0,8.7,0.0,16438,2,18571,6,0.0,0.0,1.92,1.21,3.13,14.24,0.18,0.11,0.29,1.32,158.8,327.0,147.0,284.3,141.0,95.0,234.0,131.0,77.0,67.6,222.0,107.0,,,,35,,Wilson,Odobert,Odobert,Knee injury - Unknown return date,,972,0,2,2,13,0,0,0,0,0,0,10,77,,,,0.0,0.19,1.2,0.93,7.13,10,14,53
589,u,0.0,0.0,5.4,164,102.0,0,0.0,-1,1.0,0.0,767,327.0,0,0,0.0,812.0,359.0,0,0,0.0,788.0,346.0,0.0,0.0,0.0,115,0,1482,0,0.0,0.0,0.0,0.0,0.0,0.0,0.0,0.0,0.0,0.0,0.0,811.0,358.0,0.0,810.0,358.0,0.0,808.0,357.0,0.0,811.0,358.0,,,,35,,Manor,Solomon,Solomon,has joined Fiorentina on loan for the rest of the season.,,0,0,0,0,0,0,0,0,0,0,0,0,0,,,,0.0,0.0,0.0,0.0,0.0,0,0,0
590,u,0.0,0.0,4.9,322,199.0,0,0.0,-1,1.0,0.0,663,264.0,0,0,0.0,785.0,340.0,0,0,0.0,729.0,304.0,0.0,0.0,0.0,675,0,4509,0,0.0,0.0,0.0,0.0,0.0,0.0,0.0,0.0,0.0,0.0,0.0,784.0,339.0,0.0,780.0,339.0,0.0,776.0,337.0,0.0,784.0,339.0,,,,35,,Bryan,Gil Salvatierra,Bryan,has joined Girona permanently.,,0,0,0,0,0,0,0,0,0,0,0,0,0,,,,0.0,0.0,0.0,0.0,0.0,0,0,0
591,a,100.0,100.0,4.8,372,232.0,0,0.0,-2,2.0,0.1,419,144.0,60,0,2.6,253.0,102.0,6,235,0.8,279.0,128.0,0.2,12.5,0.0,25692,23,28989,61,0.8,0.8,1.5,1.29,2.79,24.55,0.09,0.08,0.17,1.51,257.2,254.0,109.0,138.1,244.0,155.0,158.0,206.0,112.0,55.3,264.0,132.0,,,,35,,Archie,Gray,Gray,,,1463,2,2,5,28,0,0,0,5,0,0,18,131,,,,0.0,0.31,1.72,1.11,8.06,11,64,56
592,u,0.0,0.0,5.0,272,166.0,0,0.0,0,0.0,0.0,803,353.0,0,0,0.0,802.0,353.0,0,0,0.0,756.0,325.0,0.0,0.0,0.0,0,0,688,0,0.0,0.0,0.0,0.0,0.0,0.0,0.0,0.0,0.0,0.0,0.0,801.0,352.0,0.0,799.0,352.0,0.0,794.0,350.0,0.0,801.0,352.0,,,,35,,Mikey,Moore,Moore,Has joined Rangers on loan for the rest of the season.,,0,0,0,0,0,0,0,0,0,0,0,0,0,,,,0.0,0.0,0.0,0.0,0.0,0,0,0
593,i,0.0,0.0,4.5,444,265.0,0,0.0,-5,5.0,1.0,199,70.0,66,0,2.9,204.0,81.0,2,293,0.2,348.0,159.0,0.0,14.7,0.0,407036,6,612166,644,0.0,0.0,1.5,1.08,2.58,26.21,0.1,0.07,0.17,1.75,314.8,217.0,90.0,151.6,228.0,145.0,152.0,217.0,118.0,62.0,241.0,119.0,,,,35,,Pape Matar,Sarr,P.M.Sarr,Shoulder injury - Unknown return date,,1349,2,3,3,22,0,0,0,2,0,0,13,180,,,,0.0,0.2,1.47,0.87,12.01,32,72,76
594,u,0.0,0.0,4.5,508,316.0,0,0.0,0,0.0,0.0,742,312.0,0,0,0.0,761.0,323.0,0,0,0.0,682.0,271.0,0.0,0.0,0.0,0,0,2832,0,0.0,0.0,0.0,0.0,0.0,0.0,0.0,0.0,0.0,0.0,0.0,760.0,322.0,0.0,753.0,322.0,0.0,739.0,317.0,0.0,760.0,322.0,,,,35,,Yang,Min-hyeok,Min-hyeok,has joined Coventry City on loan for the rest of the season.,,0,0,0,0,0,0,0,0,0,0,0,0,0,,,,0.0,0.0,0.0,0.0,0.0,0,0,0
595,a,,,4.3,603,356.0,0,0.0,-2,2.0,0.2,374,126.0,1,0,1.0,472.0,205.0,0,3,0.0,548.0,177.0,0.0,0.2,0.0,25541,22,31867,16,0.0,0.0,0.0,0.01,0.01,0.75,0.0,0.06,0.06,4.82,0.6,509.0,231.0,1.8,468.0,223.0,0.0,621.0,231.0,0.2,510.0,233.0,,,,35,,Callum,Olusesi,Olusesi,,,14,0,0,0,0,0,0,0,0,0,0,0,2,,,,0.0,0.0,0.0,0.0,12.86,0,0,2
596,i,0.0,0.0,7.1,34,14.0,-1,1.0,-4,4.0,1.4,169,25.0,40,0,2.7,248.0,26.0,4,187,1.2,233.0,31.0,0.2,5.6,0.0,283257,4,633031,3334,0.0,0.0,2.97,0.34,3.3,17.8,0.27,0.03,0.3,1.61,205.0,289.0,29.0,84.1,308.0,37.0,339.0,85.0,28.0,62.7,238.0,29.0,,,2.0,35,,Dominic,Solanke-Mitchell,Solanke,Muscle injury - Unknown return date,,997,3,0,0,21,0,0,0,1,0,0,11,71,,,,0.0,0.0,1.9,0.99,6.41,22,16,33
604,u,0.0,0.0,4.4,528,103.0,0,0.0,-1,1.0,0.0,584,208.0,0,0,0.0,674.0,254.0,0,0,0.0,567.0,232.0,0.0,0.0,0.0,1719,0,20840,2,0.0,0.0,0.0,0.0,0.0,0.0,0.0,0.0,0.0,0.0,0.0,664.0,254.0,0.0,659.0,254.0,0.0,637.0,253.0,0.0,666.0,254.0,,,,35,,Emerson,Palmieri dos Santos,Emerson,has joined Marseille permanently.,,0,0,0,0,0,0,0,0,0,0,0,0,0,,,,0.0,0.0,0.0,0.0,0.0,0,0,0
597,a,100.0,100.0,6.3,65,22.0,0,0.0,-2,2.0,5.6,70,14.0,99,0,3.5,130.0,12.0,13,432,1.5,216.0,29.0,0.2,15.7,0.0,3053493,886,3109895,706,1.5,1.5,6.59,1.27,7.86,23.25,0.37,0.07,0.44,1.3,509.8,102.0,10.0,202.6,185.0,17.0,667.0,24.0,14.0,137.4,57.0,12.0,,,5.0,35,,Richarlison,de Andrade,Richarlison,,,1612,9,4,5,24,0,0,0,5,0,0,16,125,,,,0.0,0.28,1.34,0.89,6.98,23,52,50
598,u,0.0,0.0,4.5,469,66.0,0,0.0,0,0.0,0.0,679,87.0,0,0,0.0,732.0,78.0,0,0,0.0,644.0,68.0,0.0,0.0,0.0,0,0,5146,0,0.0,0.0,0.0,0.0,0.0,0.0,0.0,0.0,0.0,0.0,0.0,727.0,77.0,0.0,721.0,76.0,0.0,705.0,76.0,0.0,728.0,77.0,,,,35,,Will,Lankshear,Lankshear,has joined Oxford United on loan for the rest of the season.,,0,0,0,0,0,0,0,0,0,0,0,0,0,,,,0.0,0.0,0.0,0.0,0.0,0,0,0
599,u,0.0,0.0,4.3,598,84.0,0,0.0,-2,2.0,0.5,263,39.0,2,0,1.0,470.0,57.0,0,5,0.0,545.0,56.0,0.0,0.5,0.0,60820,0,112374,28,0.0,0.0,0.0,0.01,0.01,0.03,0.0,0.13,0.13,0.39,1.0,507.0,61.0,4.1,453.0,59.0,2.0,449.0,61.0,0.7,496.0,61.0,,,,35,,Dane,Scarlett,Scarlett,has joined Hibernian on loan for the rest of the season.,,7,0,0,0,0,0,0,0,0,0,0,0,1,,,,0.0,0.0,0.0,0.0,12.86,0,0,1
673,a,100.0,100.0,5.5,136,85.0,0,0.0,0,0.0,0.8,219,75.0,105,0,3.6,112.0,47.0,14,435,2.8,121.0,48.0,0.5,19.1,0.0,375870,187,370964,72,2.8,2.8,2.02,0.6,2.62,30.05,0.1,0.03,0.13,1.46,539.6,89.0,28.0,116.6,268.0,163.0,220.0,149.0,84.0,87.9,155.0,80.0,,,,35,,João Maria,Lobo Alves Palhares Costa Palhinha Gonçalves,J.Palhinha,,,1854,4,3,4,33,0,0,0,6,0,0,19,251,,,,0.0,0.19,1.6,0.92,12.18,98,82,71
717,i,0.0,0.0,6.4,60,39.0,-1,1.0,-6,6.0,1.6,158,55.0,80,0,2.9,209.0,85.0,7,345,3.8,75.0,23.0,0.6,12.5,0.0,1067574,10,926644,6566,0.0,0.0,3.06,3.85,6.91,30.71,0.16,0.2,0.36,1.58,349.6,194.0,76.0,533.8,40.0,37.0,255.0,122.0,71.0,113.9,95.0,56.0,2.0,3.0,4.0,35,,Xavi,Simons,Xavi,Knee injury - Expected back 01 Jan,,1747,2,5,4,36,0,0,0,5,1,0,19,149,,,,0.0,0.21,1.85,0.98,7.68,34,28,87
726,a,100.0,100.0,6.9,39,15.0,0,0.0,-1,1.0,0.4,285,44.0,46,0,1.8,387.0,46.0,1,133,1.0,269.0,38.0,0.1,6.7,0.0,142739,154,128300,160,1.0,1.0,1.82,1.37,3.19,23.14,0.12,0.09,0.21,1.47,152.4,332.0,33.0,241.7,161.0,13.0,230.0,134.0,31.0,61.4,244.0,31.0,,,,35,,Randal,Kolo Muani,Kolo Muani,,,1414,1,1,3,28,0,0,0,2,0,0,18,101,,,,0.0,0.19,1.78,1.15,6.43,23,22,56
745,a,,,4.0,743,209.0,0,0.0,0,0.0,0.0,615,219.0,1,0,1.0,466.0,171.0,0,3,0.0,510.0,210.0,0.0,0.2,0.0,2218,2,2277,1,0.0,0.0,0.0,0.0,0.0,0.0,0.0,0.0,0.0,0.0,0.4,510.0,179.0,0.5,482.0,175.0,0.0,593.0,243.0,0.1,513.0,179.0,,,,35,,Jun'ai,Byfield,Byfield,,,1,0,0,0,0,0,0,0,0,0,0,0,0,,,,0.0,0.0,0.0,0.0,0.0,0,0,0
750,a,,,4.0,706,181.0,0,0.0,0,0.0,0.0,637,228.0,1,0,1.0,463.0,168.0,0,3,0.0,474.0,183.0,0.0,0.2,0.0,2044,0,1873,4,0.0,0.0,0.0,0.0,0.0,0.36,0.0,0.0,0.0,32.4,0.0,600.0,223.0,0.0,592.0,223.0,0.0,560.0,219.0,0.0,602.0,223.0,,,,35,,James,Rowswell,Rowswell,,,1,0,0,0,0,0,0,0,0,0,0,0,0,,,,0.0,0.0,0.0,0.0,0.0,0,0,0
751,u,0.0,0.0,4.5,491,302.0,0,0.0,0,0.0,0.0,789,343.0,0,0,0.0,748.0,312.0,0,0,0.0,666.0,257.0,0.0,0.0,0.0,675,0,657,0,0.0,0.0,0.0,0.0,0.0,0.0,0.0,0.0,0.0,0.0,0.0,745.0,310.0,0.0,738.0,310.0,0.0,724.0,305.0,0.0,745.0,310.0,,,,35,,Yusuf,Akhamrich,Akhamrich,has joined Bristol Rovers on loan for the rest of the season.,,0,0,0,0,0,0,0,0,0,0,0,0,0,,,,0.0,0.0,0.0,0.0,0.0,0,0,0
790,a,,,4.5,503,312.0,0,0.0,0,0.0,0.0,762,324.0,0,0,0.0,756.0,319.0,0,0,0.0,677.0,267.0,0.0,0.0,0.0,926,5,529,2,0.0,0.0,0.0,0.0,0.0,0.0,0.0,0.0,0.0,0.0,0.0,755.0,318.0,0.0,748.0,318.0,0.0,734.0,313.0,0.0,755.0,318.0,,,,35,,Lucá,Williams-Barnett,Williams-Barnett,,,0,0,0,0,0,0,0,0,0,0,0,0,0,,,,0.0,0.0,0.0,0.0,0.0,0,0,0
796,a,100.0,100.0,5.0,253,153.0,0,0.0,-5,5.0,0.1,500,180.0,28,0,2.3,306.0,130.0,0,144,2.0,169.0,72.0,0.4,5.6,0.0,39776,62,29559,50,2.0,2.0,0.6,0.57,1.17,16.58,0.06,0.06,0.12,1.79,120.8,357.0,161.0,158.8,222.0,142.0,110.0,263.0,144.0,39.0,324.0,158.0,,,,35,,Conor,Gallagher,Gallagher,,,832,0,1,1,19,0,0,0,1,0,0,10,86,,,,0.0,0.11,2.06,1.08,9.3,13,23,50
804,a,,,4.0,739,206.0,0,0.0,0,0.0,0.0,678,239.0,3,0,0.8,520.0,178.0,0,0,0.0,506.0,207.0,0.0,0.8,0.0,2737,10,1495,10,0.0,0.0,0.02,0.03,0.05,2.61,0.01,0.02,0.03,1.65,12.8,465.0,169.0,31.9,388.0,139.0,17.0,397.0,143.0,6.2,447.0,162.0,,,,35,,João Victor,de Souza Menezes,Souza,,,142,0,0,0,3,0,0,0,1,0,0,2,6,,,,0.0,0.0,1.9,1.27,3.8,0,6,3
811,a,,,4.5,462,279.0,0,0.0,0,0.0,0.0,792,346.0,0,0,0.0,727.0,295.0,0,0,0.0,638.0,234.0,0.0,0.0,0.0,474,3,261,2,0.0,0.0,0.0,0.0,0.0,0.0,0.0,0.0,0.0,0.0,0.0,721.0,290.0,0.0,716.0,292.0,0.0,699.0,284.0,0.0,722.0,291.0,,,,35,,Rio,Kyerematen,Kyerematen,,,0,0,0,0,0,0,0,0,0,0,0,0,0,,,,0.0,0.0,0.0,0.0,0.0,0,0,0
818,a,,,4.5,504,71.0,0,0.0,0,0.0,0.0,630,84.0,0,0,0.0,757.0,82.0,0,0,0.0,678.0,72.0,0.0,0.0,0.0,4994,48,2311,23,0.0,0.0,0.0,0.0,0.0,0.0,0.0,0.0,0.0,0.0,0.0,756.0,82.0,0.0,749.0,81.0,0.0,735.0,81.0,0.0,756.0,82.0,,,,35,,James,Wilson,Wilson,,,0,0,0,0,0,0,0,0,0,0,0,0,0,,,,0.0,0.0,0.0,0.0,0.0,0,0,0
326,a,100.0,100.0,5.1,225,137.0,0,0.0,-4,4.0,0.2,413,142.0,25,1,1.0,506.0,232.0,0,74,0.5,317.0,148.0,0.1,4.9,0.0,17923,14,38602,18,-0.5,0.5,0.69,0.57,1.26,8.38,0.17,0.14,0.31,2.01,33.4,440.0,192.0,73.8,322.0,176.0,70.0,309.0,163.0,17.2,396.0,181.0,,,,35,,Adama,Traoré Diarra,Adama,,,376,0,0,0,12,0,0,0,1,0,0,1,18,,,,0.0,0.0,2.87,0.24,4.31,2,2,14
600,a,100.0,100.0,4.2,629,30.0,0,0.0,-3,3.0,1.9,143,19.0,51,0,2.5,266.0,28.0,2,220,0.0,523.0,82.0,0.0,12.1,0.0,191818,99,478313,307,-1.0,0.0,0.0,0.0,0.0,35.3,0.0,0.0,0.0,1.76,570.4,72.0,14.0,10.0,429.0,8.0,0.0,604.0,68.0,57.9,253.0,15.0,,,,35,,Alphonse,Areola,Areola,,,1800,0,1,0,37,0,0,0,0,0,77,20,55,,,,3.85,0.0,1.85,1.0,0.0,0,30,142
601,u,0.0,0.0,4.0,668,42.0,0,0.0,0,0.0,0.2,366,52.0,0,0,0.0,583.0,65.0,0,0,0.0,441.0,53.0,0.0,0.0,0.0,3874,0,43374,6,0.0,0.0,0.0,0.0,0.0,0.0,0.0,0.0,0.0,0.0,0.0,571.0,65.0,0.0,561.0,51.0,0.0,529.0,37.0,0.0,573.0,65.0,,,,35,,Wes,Foderingham,Foderingham,has joined Aris Limassol permanently.,,0,0,0,0,0,0,0,0,0,0,0,0,0,,,,0.0,0.0,0.0,0.0,0.0,0,0,0
602,u,0.0,0.0,3.9,775,86.0,0,0.0,-1,1.0,0.2,383,55.0,0,0,0.0,567.0,56.0,0,0,0.0,423.0,44.0,0.0,0.0,0.0,11331,0,21385,21,0.0,0.0,0.0,0.0,0.0,0.0,0.0,0.0,0.0,0.0,0.0,555.0,56.0,0.0,542.0,39.0,0.0,509.0,25.0,0.0,557.0,56.0,,,,35,,Krisztián,Hegyi,Hegyi,has joined MTK Budapest on loan for the rest of the season.,,0,0,0,0,0,0,0,0,0,0,0,0,0,,,,0.0,0.0,0.0,0.0,0.0,0,0,0
603,a,100.0,100.0,4.1,662,160.0,0,0.0,-4,4.0,2.5,125,49.0,96,1,3.3,145.0,54.0,3,341,3.5,80.0,34.0,0.9,23.4,0.0,454723,259,949082,1438,2.5,3.5,0.53,2.29,2.82,39.15,0.02,0.08,0.1,1.45,526.8,93.0,41.0,396.9,76.0,15.0,110.0,261.0,71.0,103.5,114.0,30.0,,,,35,,El Hadji Malick,Diouf,Diouf,,,2436,0,6,8,43,0,0,0,5,0,0,27,225,,,,0.0,0.3,1.59,1.0,7.02,40,150,107
605,a,,,4.1,654,154.0,0,0.0,-4,4.0,0.1,436,163.0,36,0,1.7,388.0,142.0,0,80,0.0,515.0,215.0,0.0,8.8,0.0,30703,3,51929,11,-1.0,0.0,0.56,0.25,0.81,33.28,0.03,0.01,0.04,1.92,392.4,169.0,72.0,55.8,349.0,122.0,60.0,327.0,104.0,50.9,279.0,90.0,,,,35,,Maximilian,Kilman,Kilman,,,1559,0,0,1,37,0,0,0,4,0,0,17,191,,,,0.0,0.06,2.14,0.98,9.24,16,144,43
606,a,100.0,100.0,4.5,426,86.0,0,0.0,0,0.0,2.1,136,55.0,107,-1,3.8,80.0,29.0,5,326,7.5,3.0,1.0,1.7,23.8,0.0,329465,1693,60666,3703,6.5,7.5,2.42,0.6,3.02,36.53,0.1,0.02,0.12,1.45,691.2,40.0,16.0,53.6,352.0,124.0,283.0,106.0,13.0,102.8,116.0,32.0,,,,35,,Konstantinos,Mavropanos,Mavropanos,,,2262,3,0,5,40,2,0,0,2,0,0,24,294,,,,0.0,0.2,1.59,0.95,10.9,35,239,90
607,u,0.0,0.0,4.4,533,107.0,0,0.0,-1,1.0,0.0,609,217.0,3,0,1.5,409.0,150.0,0,-1,0.0,570.0,234.0,0.0,0.7,0.0,1288,0,12364,1,0.0,0.0,0.1,0.03,0.13,3.42,0.05,0.02,0.07,1.71,39.0,433.0,160.0,3.9,454.0,163.0,8.0,425.0,161.0,5.1,455.0,163.0,,,,35,,Nayef,Aguerd,N.Aguerd,has joined Marseille permanently.,,180,0,0,0,8,0,0,0,0,0,0,2,23,,,,0.0,0.0,4.0,1.0,7.5,1,14,8
608,a,100.0,100.0,4.3,607,139.0,0,0.0,-2,2.0,0.0,622,222.0,21,0,1.6,404.0,149.0,0,88,0.0,551.0,231.0,0.0,4.9,0.0,5127,4,7270,4,-1.0,0.0,0.18,0.32,0.5,13.38,0.02,0.04,0.06,1.84,142.2,339.0,129.0,82.1,314.0,103.0,22.0,386.0,135.0,24.6,374.0,129.0,5.0,,,35,,Ollie,Scarles,Scarles,,,656,0,1,0,16,0,0,0,2,0,0,9,75,,,,0.0,0.0,2.2,1.23,10.15,30,44,35
609,a,100.0,100.0,4.3,590,133.0,0,0.0,-2,2.0,0.1,489,176.0,45,0,2.1,327.0,121.0,1,164,0.2,338.0,113.0,0.0,10.5,0.0,13004,7,20776,16,-0.8,0.2,0.25,0.31,0.56,31.71,0.01,0.02,0.03,1.68,372.6,181.0,73.0,65.5,336.0,113.0,24.0,380.0,133.0,46.3,296.0,99.0,,,,35,,Jean-Clair,Todibo,Todibo,,,1702,0,1,1,34,0,0,0,4,1,0,20,173,,,,0.0,0.05,1.8,1.06,8.41,37,122,86
610,a,100.0,100.0,4.1,655,155.0,0,0.0,-4,4.0,4.4,88,28.0,64,1,2.8,211.0,81.0,0,192,0.2,335.0,110.0,0.0,15.6,0.0,291166,102,2358746,1005,-0.8,0.2,0.0,0.93,0.93,33.25,0.0,0.04,0.04,1.55,415.4,151.0,66.0,290.5,135.0,35.0,30.0,371.0,125.0,74.0,200.0,69.0,,,,35,,Aaron,Wan-Bissaka,Wan-Bissaka,,,1928,0,3,3,40,0,0,0,4,0,0,21,179,,,,0.0,0.14,1.87,0.98,7.7,30,135,68
611,u,0.0,0.0,4.0,716,186.0,0,0.0,0,0.0,0.1,558,198.0,0,0,0.0,618.0,226.0,0,0,0.0,483.0,187.0,0.0,0.0,0.0,0,0,13416,3,0.0,0.0,0.0,0.0,0.0,0.0,0.0,0.0,0.0,0.0,0.0,607.0,226.0,0.0,600.0,226.0,0.0,568.0,222.0,0.0,609.0,226.0,,,,35,,Kaelan,Casey,Casey,has joined Leyton Orient on loan for the rest of the season.,,0,0,0,0,0,0,0,0,0,0,0,0,0,,,,0.0,0.0,0.0,0.0,0.0,0,0,0
612,u,0.0,0.0,5.9,94,62.0,0,0.0,-1,1.0,1.1,192,67.0,69,0,3.8,87.0,37.0,8,291,0.0,809.0,359.0,0.0,11.7,0.0,897173,0,977804,55,0.0,0.0,2.85,2.0,4.85,24.22,0.17,0.12,0.29,1.44,374.6,179.0,70.0,397.2,75.0,59.0,186.0,179.0,97.0,95.7,137.0,76.0,,,,35,,Lucas,Tolentino Coelho de Lima,L.Paquetá,has joined Flamengo permanently.,,1513,4,2,3,33,0,0,0,5,1,0,18,146,,,,0.0,0.18,1.96,1.07,8.68,40,30,76
613,a,100.0,100.0,5.7,115,73.0,0,0.0,-3,3.0,0.4,296,103.0,97,2,3.0,200.0,78.0,9,392,4.5,40.0,13.0,0.8,17.0,0.0,61123,190,118848,309,3.5,4.5,4.9,0.49,5.39,34.69,0.23,0.02,0.25,1.6,487.6,118.0,36.0,173.5,207.0,134.0,402.0,63.0,36.0,106.5,108.0,64.0,,,,35,,Tomáš,Souček,Souček,,,1948,5,2,6,40,0,0,0,2,1,0,21,204,,,,0.0,0.28,1.85,0.97,9.43,38,107,59
615,a,100.0,100.0,5.5,144,90.0,0,0.0,0,0.0,1.4,164,57.0,101,1,3.6,113.0,48.0,10,358,2.2,152.0,64.0,0.4,18.4,0.0,602563,232,435501,1874,1.2,2.2,5.27,2.77,8.04,33.07,0.22,0.11,0.33,1.35,391.4,170.0,62.0,405.3,70.0,55.0,510.0,40.0,23.0,130.4,65.0,40.0,2.0,,,35,,Crysencio,Summerville,Summerville,,,2200,5,3,7,38,0,0,0,5,0,0,26,194,,,,0.0,0.29,1.55,1.06,7.94,38,48,108
616,u,0.0,0.0,4.9,308,192.0,0,0.0,-1,1.0,0.0,599,225.0,0,0,0.0,781.0,336.0,0,0,0.0,722.0,298.0,0.0,0.0,0.0,1147,0,16135,0,0.0,0.0,0.0,0.0,0.0,0.0,0.0,0.0,0.0,0.0,0.0,780.0,335.0,0.0,776.0,335.0,0.0,772.0,333.0,0.0,780.0,335.0,,,,35,,Edson,Álvarez Velázquez,Álvarez,Has joined Fenerbahçe on loan for the rest of the season.,,0,0,0,0,0,0,0,0,0,0,0,0,0,,,,0.0,0.0,0.0,0.0,0.0,0,0,0
617,u,0.0,0.0,4.9,288,177.0,0,0.0,-1,1.0,0.0,718,296.0,0,0,0.0,778.0,334.0,0,0,0.0,713.0,292.0,0.0,0.0,0.0,246,0,3229,0,0.0,0.0,0.0,0.0,0.0,0.0,0.0,0.0,0.0,0.0,0.0,777.0,333.0,0.0,773.0,333.0,0.0,768.0,330.0,0.0,777.0,333.0,,,,35,,Maxwel,Cornet,Cornet,has joined Genoa on loan for the rest of the season.,,0,0,0,0,0,0,0,0,0,0,0,0,0,,,,0.0,0.0,0.0,0.0,0.0,0,0,0
618,u,0.0,0.0,4.8,350,220.0,0,0.0,-2,2.0,0.0,613,235.0,8,0,1.3,438.0,194.0,0,30,0.0,706.0,287.0,0.0,1.7,0.0,2295,0,6240,4,0.0,0.0,0.03,0.04,0.07,2.59,0.02,0.02,0.04,1.33,9.8,471.0,208.0,6.0,447.0,215.0,2.0,455.0,224.0,1.7,480.0,216.0,,,,35,,Guido,Rodríguez,G.Rodriguez,has joined Valencia on loan for the rest of the season.,,175,0,0,1,2,0,0,0,1,0,0,2,15,,,,0.0,0.51,1.03,1.03,7.71,1,4,10
619,u,0.0,0.0,4.9,338,209.0,0,0.0,-1,1.0,0.0,692,278.0,5,0,1.0,501.0,228.0,0,11,0.0,738.0,310.0,0.0,1.0,0.0,868,0,3436,0,0.0,0.0,0.07,0.03,0.1,1.82,0.05,0.02,0.07,1.35,9.2,473.0,210.0,14.5,415.0,206.0,4.0,443.0,216.0,2.5,471.0,211.0,,,,35,,Luis Guilherme,Lira dos Santos,L.Guilherme,has joined Sporting CP permanently.,,121,0,0,0,2,0,0,0,0,0,0,1,11,,,,0.0,0.0,1.49,0.74,8.18,1,2,8
620,u,0.0,0.0,4.5,448,267.0,0,0.0,0,0.0,0.0,611,234.0,1,0,1.0,484.0,215.0,0,3,0.0,627.0,224.0,0.0,0.2,0.0,3770,0,9638,5,0.0,0.0,0.0,0.01,0.01,0.73,0.0,0.11,0.11,8.21,0.0,711.0,280.0,1.5,472.0,226.0,2.0,452.0,221.0,0.4,504.0,229.0,,,,35,,George,Earthy,Earthy,has joined Bristol City on loan for the rest of the season.,,8,0,0,0,1,0,0,0,0,0,0,0,0,,,,0.0,0.0,11.25,0.0,0.0,0,0,0
621,u,0.0,0.0,4.3,586,347.0,0,0.0,-2,2.0,0.2,377,128.0,9,0,1.3,433.0,190.0,0,49,0.0,541.0,172.0,0.0,2.1,0.0,43311,0,57022,18,0.0,0.0,0.0,0.17,0.17,4.03,0.0,0.1,0.1,2.32,31.6,441.0,193.0,52.3,355.0,185.0,2.0,447.0,218.0,8.6,431.0,194.0,,,,35,,Andy,Irving,Irving,has joined Sparta Prague permanently.,,156,0,0,0,4,0,0,0,0,0,0,2,22,,,,0.0,0.0,2.31,1.15,12.69,6,2,14
622,u,0.0,0.0,4.4,554,332.0,0,0.0,-1,1.0,0.1,581,216.0,0,0,0.0,684.0,264.0,0,0,0.0,582.0,196.0,0.0,0.0,0.0,1052,0,12024,0,0.0,0.0,0.0,0.0,0.0,0.0,0.0,0.0,0.0,0.0,0.0,675.0,256.0,0.0,671.0,260.0,0.0,649.0,249.0,0.0,677.0,258.0,,,,35,,Lewis,Orford,Orford,has joined Stevenage on loan for the rest of the season.,,0,0,0,0,0,0,0,0,0,0,0,0,0,,,,0.0,0.0,0.0,0.0,0.0,0,0,0
623,a,100.0,100.0,4.3,597,352.0,0,0.0,-2,2.0,0.5,265,92.0,37,0,1.7,390.0,165.0,0,215,0.5,303.0,142.0,0.1,8.6,0.0,148268,146,174122,92,-0.5,0.5,0.21,1.06,1.27,21.35,0.02,0.08,0.1,1.65,191.2,300.0,130.0,141.3,238.0,152.0,37.0,354.0,182.0,37.1,332.0,162.0,,,,35,,Freddie,Potts,Potts,,,1162,0,1,1,25,0,0,0,1,0,0,12,119,,,,0.0,0.08,1.94,0.93,9.22,29,51,39
624,a,,,7.8,18,6.0,0,0.0,-2,2.0,14.9,24,6.0,171,2,4.9,21.0,4.0,25,666,7.0,5.0,2.0,0.9,21.9,0.0,3703037,6142,3635002,24208,6.0,7.0,6.73,4.94,11.67,53.66,0.19,0.14,0.33,1.54,802.4,14.0,3.0,644.2,26.0,1.0,765.0,11.0,7.0,221.2,6.0,3.0,1.0,1.0,2.0,35,,Jarrod,Bowen,Bowen,,,3136,8,12,7,59,0,0,0,4,0,0,35,262,,,,0.0,0.2,1.69,1.0,7.52,45,70,147
625,u,0.0,0.0,5.6,121,34.0,0,0.0,-4,4.0,0.6,257,37.0,12,0,1.5,418.0,50.0,0,28,0.0,803.0,88.0,0.0,2.1,0.0,47611,0,393222,10,0.0,0.0,0.93,0.21,1.14,8.59,0.21,0.05,0.26,1.9,26.0,450.0,52.0,85.1,304.0,34.0,130.0,244.0,48.0,23.8,377.0,48.0,,,,35,,Niclas,Füllkrug,Füllkrug,has joined AC Milan on loan for the rest of the season.,,407,0,0,1,11,0,0,0,0,0,0,5,19,,,,0.0,0.22,2.43,1.11,4.2,2,7,10
626,u,0.0,0.0,4.3,613,86.0,0,0.0,-2,2.0,0.5,269,42.0,2,0,1.0,474.0,58.0,0,0,0.0,557.0,58.0,0.0,0.5,0.0,63604,0,108246,22,0.0,0.0,0.13,0.0,0.13,1.55,0.2,0.0,0.2,2.41,1.2,505.0,59.0,0.1,491.0,62.0,7.0,430.0,59.0,0.8,493.0,59.0,,,,35,,Callum,Marshall,Marshall,has joined VfL Bochum 1848 on loan for the rest of the season.,,58,0,0,0,2,0,0,0,0,0,0,0,3,,,,0.0,0.0,3.1,0.0,4.66,0,2,1
659,a,,,4.2,632,142.0,0,0.0,-3,3.0,0.3,336,121.0,47,1,2.1,324.0,119.0,0,201,3.8,63.0,30.0,0.9,11.2,0.0,38145,49,56116,57,2.8,3.8,1.13,0.37,1.5,26.03,0.08,0.03,0.11,1.82,263.4,252.0,99.0,123.2,262.0,74.0,106.0,270.0,77.0,49.3,287.0,93.0,,,,35,,Kyle,Walker-Peters,Walker-Peters,,,1288,1,0,3,25,0,0,0,2,0,0,14,115,,,,0.0,0.21,1.75,0.98,6.43,44,48,55
671,a,100.0,100.0,5.8,102,29.0,0,0.0,-2,2.0,0.5,266,40.0,72,1,2.5,276.0,31.0,7,259,1.8,190.0,23.0,0.3,12.4,0.0,208820,58,222987,107,0.8,1.8,6.86,0.38,7.24,19.23,0.56,0.03,0.59,1.58,260.2,253.0,23.0,97.1,292.0,31.0,443.0,53.0,22.0,78.8,181.0,25.0,,,,35,,Callum,Wilson,Wilson,,,1094,6,2,1,21,0,0,0,1,0,0,10,37,,,,0.0,0.08,1.73,0.82,3.04,3,9,25
679,a,,,4.2,639,34.0,0,0.0,-3,3.0,0.8,211,26.0,62,2,4.1,51.0,4.0,8,232,4.2,43.0,5.0,1.0,14.8,0.0,121253,277,62546,452,3.2,4.2,0.0,0.01,0.01,19.48,0.0,0.0,0.0,1.3,349.8,193.0,21.0,10.0,431.0,10.0,0.0,608.0,72.0,36.0,335.0,21.0,,,,35,,Mads,Hermansen,Hermansen,,,1350,0,0,6,24,0,0,0,0,0,47,15,34,,,,3.13,0.4,1.6,1.0,0.0,0,19,142
708,a,100.0,100.0,5.5,148,93.0,0,0.0,0,0.0,0.4,284,98.0,120,4,3.6,114.0,49.0,6,595,3.2,96.0,31.0,0.6,21.8,0.0,137523,79,92808,552,2.2,3.2,1.29,2.56,3.85,43.8,0.04,0.08,0.12,1.44,580.4,64.0,19.0,547.1,37.0,34.0,118.0,256.0,139.0,124.6,75.0,47.0,4.0,,,35,,Mateus Gonçalo,Espanha Fernandes,M.Fernandes,,,2747,3,3,7,46,0,0,0,7,0,0,32,336,,,,0.0,0.23,1.51,1.05,11.01,93,76,167
718,a,,,5.0,277,171.0,0,0.0,0,0.0,0.0,661,262.0,42,1,1.9,355.0,153.0,2,185,0.5,316.0,147.0,0.1,8.4,0.0,5570,2,5164,5,-0.5,0.5,0.44,0.32,0.76,19.03,0.04,0.03,0.07,1.76,182.0,309.0,134.0,83.4,311.0,174.0,44.0,345.0,179.0,31.0,353.0,169.0,,,,35,,Soungoutou,Magassa,S.Magassa,,,971,1,0,2,23,0,0,0,4,0,0,11,127,,,,0.0,0.19,2.13,1.02,11.77,40,33,54
738,a,100.0,100.0,4.5,407,21.0,0,0.0,0,0.0,0.0,624,80.0,0,0,0.0,697.0,94.0,0,0,0.0,601.0,89.0,0.0,0.0,0.0,6905,16,6178,17,-1.0,0.0,0.0,0.0,0.0,0.0,0.0,0.0,0.0,0.0,0.0,690.0,94.0,0.0,685.0,87.0,0.0,665.0,77.0,0.0,692.0,94.0,,,,35,,Lukasz,Fabianski,Fabianski,,,0,0,0,0,0,0,0,0,0,0,0,0,0,,,,0.0,0.0,0.0,0.0,0.0,0,0,0
747,a,,,4.0,735,202.0,0,0.0,0,0.0,0.0,621,221.0,6,0,1.0,465.0,170.0,0,18,0.0,502.0,203.0,0.0,1.5,0.0,2877,13,2471,15,-1.0,0.0,0.12,0.49,0.61,3.21,0.1,0.39,0.49,2.56,21.8,456.0,167.0,34.9,381.0,136.0,9.0,423.0,160.0,6.6,445.0,161.0,,,,35,,Ezra,Mayers,Mayers,,,113,0,0,0,3,0,0,0,0,0,0,0,5,,,,0.0,0.0,2.39,0.0,3.98,0,5,6
752,a,,,4.0,746,212.0,0,0.0,0,0.0,0.0,639,229.0,0,0,0.0,643.0,247.0,0,0,0.0,512.0,212.0,0.0,0.0,0.0,2558,13,2302,9,-1.0,0.0,0.0,0.0,0.0,0.0,0.0,0.0,0.0,0.0,0.0,632.0,247.0,0.0,625.0,247.0,0.0,595.0,245.0,0.0,634.0,247.0,,,,35,,Airidas,Golambeckis,Golambeckis,,,0,0,0,0,0,0,0,0,0,0,0,0,0,,,,0.0,0.0,0.0,0.0,0.0,0,0,0
758,a,,,4.5,510,317.0,0,0.0,0,0.0,0.0,726,300.0,8,0,0.9,515.0,239.0,0,28,0.2,351.0,160.0,0.0,1.8,0.0,2338,11,1473,8,-0.8,0.2,0.07,0.04,0.11,1.08,0.17,0.09,0.26,2.56,15.6,462.0,205.0,12.9,420.0,208.0,12.0,411.0,200.0,3.7,466.0,209.0,,,,35,,Mohamadou,Kanté,Mohamadou Kanté,,,38,0,0,0,0,0,0,0,1,0,0,0,14,,,,0.0,0.0,0.0,0.0,33.16,6,1,7
785,a,100.0,100.0,5.4,177,41.0,0,0.0,-1,1.0,0.0,696,88.0,23,2,2.1,334.0,37.0,0,84,2.8,120.0,16.0,0.5,4.3,0.0,6537,25,4787,22,1.8,2.8,0.82,0.39,1.21,10.67,0.1,0.05,0.15,1.33,92.4,385.0,44.0,135.6,247.0,28.0,91.0,285.0,50.0,32.0,349.0,44.0,,,,35,,Pablo Felipe,Pereira de Jesus,Pablo,,,724,0,1,3,10,0,0,0,0,0,0,9,64,,,,0.0,0.37,1.24,1.12,7.96,22,16,26
791,a,,,5.5,142,35.0,0,0.0,0,0.0,0.2,363,58.0,46,1,3.1,194.0,20.0,3,176,3.8,70.0,10.0,0.7,8.4,0.0,60905,74,32582,572,2.8,3.8,4.26,0.79,5.05,16.66,0.33,0.06,0.39,1.28,204.8,290.0,30.0,170.7,212.0,21.0,414.0,59.0,24.0,77.7,187.0,26.0,,,,35,,Valentín,Castellanos,Taty,,,1167,4,1,7,15,0,0,0,5,0,0,15,58,,,,0.0,0.54,1.16,1.16,4.47,9,23,26
815,a,,,4.5,422,83.0,0,0.0,0,0.0,0.2,369,134.0,40,1,3.6,107.0,40.0,1,157,4.8,26.0,11.0,1.1,8.9,0.0,37775,59,11749,264,3.8,4.8,1.1,0.01,1.11,14.04,0.1,0.0,0.1,1.28,186.6,302.0,117.0,17.0,410.0,150.0,84.0,295.0,86.0,28.8,363.0,124.0,,,,35,,Axel,Disasi,Disasi,,,990,0,0,5,13,1,0,0,1,0,0,11,74,,,,0.0,0.45,1.18,1.0,6.73,12,62,23
627,i,0.0,0.0,4.4,527,25.0,0,0.0,-1,1.0,0.1,439,63.0,21,0,1.8,369.0,35.0,0,117,0.0,566.0,87.0,0.0,4.8,0.0,20981,6,26526,22,0.0,0.0,0.0,0.02,0.02,18.59,0.0,0.0,0.0,1.55,308.0,220.0,23.0,0.1,492.0,16.0,0.0,636.0,75.0,30.8,355.0,23.0,,,,35,,Sam,Johnstone,Johnstone,Shoulder injury - Expected back 24 May,,1080,0,0,0,24,1,0,0,0,0,39,12,71,,,,3.25,0.0,2.0,1.0,0.0,2,24,107
628,d,25.0,25.0,4.2,631,31.0,0,0.0,-3,3.0,1.2,184,22.0,59,0,2.8,212.0,25.0,6,264,0.8,272.0,22.0,0.2,14.0,0.0,124284,9,213361,884,0.0,0.1,0.0,0.03,0.03,32.67,0.0,0.0,0.0,1.56,445.6,136.0,19.0,10.0,430.0,9.0,0.0,605.0,69.0,45.9,299.0,19.0,,,,35,,José,Malheiro de Sá,José Sá,Ankle injury - 25% chance of playing,,1890,0,0,4,35,0,0,0,2,0,54,21,40,,,,2.57,0.19,1.67,1.0,0.0,0,43,191
629,a,100.0,100.0,3.9,751,71.0,0,0.0,-1,1.0,0.5,271,35.0,4,2,2.0,337.0,32.0,0,15,1.0,236.0,18.0,0.3,1.0,0.0,24532,35,55319,45,0.0,0.5,0.0,0.0,0.0,3.46,0.0,0.0,0.0,1.73,41.2,431.0,35.0,0.0,524.0,24.0,0.0,491.0,10.0,4.2,463.0,35.0,,,,35,,Daniel,Bentley,Bentley,,,180,0,0,0,4,0,0,0,0,0,4,2,0,,,,2.0,0.0,2.0,1.0,0.0,0,3,16
631,u,0.0,0.0,4.2,643,150.0,0,0.0,-3,3.0,0.1,463,171.0,23,0,1.6,402.0,148.0,0,86,0.0,528.0,222.0,0.0,5.5,0.0,24605,0,63690,3,0.0,0.0,0.57,0.4,0.97,18.26,0.05,0.03,0.08,1.49,312.2,218.0,87.0,76.0,318.0,106.0,75.0,302.0,90.0,46.4,294.0,97.0,,,,35,,Emmanuel,Agbadou,Agbadou,has joined Besiktas permanently.,,1100,0,0,0,29,0,0,0,1,1,0,12,156,,,,0.0,0.0,2.37,0.98,10.23,32,93,65
632,a,100.0,100.0,4.4,525,101.0,0,0.0,-1,1.0,0.1,510,181.0,14,0,1.3,434.0,156.0,0,59,0.5,306.0,101.0,0.1,3.2,0.0,7055,8,21212,8,-0.5,0.0,0.09,0.19,0.28,14.13,0.01,0.02,0.03,1.62,132.4,347.0,131.0,51.1,357.0,127.0,20.0,391.0,138.0,20.5,387.0,135.0,,,,35,,Matt,Doherty,Doherty,,,786,0,0,1,15,0,0,0,4,0,0,11,77,,,,0.0,0.11,1.72,1.26,7.56,16,50,28
633,a,100.0,100.0,4.3,599,137.0,0,0.0,-2,2.0,0.2,381,139.0,81,5,2.5,269.0,103.0,4,322,2.0,163.0,60.0,0.5,18.8,0.0,61747,33,50238,114,1.0,1.5,0.78,3.46,4.24,38.83,0.03,0.14,0.17,1.52,545.4,85.0,38.0,659.4,23.0,2.0,167.0,197.0,49.0,137.5,56.0,9.0,1.0,,,35,,Hugo,Bueno López,H.Bueno,,,2293,1,3,4,42,0,0,0,3,0,0,25,201,,,,0.0,0.16,1.65,0.98,6.63,63,106,113
634,a,100.0,100.0,4.3,605,138.0,0,0.0,-2,2.0,0.1,513,183.0,53,2,2.2,313.0,117.0,3,204,0.5,304.0,100.0,0.1,12.3,0.0,19619,6,19515,18,-0.5,0.0,1.8,0.56,2.36,32.21,0.09,0.03,0.12,1.55,370.0,183.0,75.0,138.8,242.0,63.0,230.0,133.0,26.0,73.9,202.0,71.0,,,,35,,Yerson,Mosquera Valdelamar,Mosquera,,,1867,0,0,4,35,2,0,0,11,0,0,21,196,,,,0.0,0.19,1.69,1.01,8.87,51,133,83
635,a,100.0,100.0,4.4,549,118.0,0,0.0,-1,1.0,0.1,521,187.0,43,1,2.3,300.0,112.0,0,93,2.0,164.0,61.0,0.5,9.8,0.0,15313,6,17663,49,1.0,1.5,1.83,0.35,2.18,11.33,0.22,0.04,0.26,1.33,173.6,313.0,121.0,69.3,328.0,112.0,197.0,165.0,37.0,44.0,304.0,102.0,,,,35,,Rodrigo,Martins Gomes,R.Gomes,,,766,3,0,1,15,0,0,0,0,0,0,7,51,,,,0.0,0.12,1.76,0.82,4.35,18,19,23
636,a,100.0,100.0,4.4,538,111.0,0,0.0,-1,1.0,0.1,431,161.0,87,10,3.3,148.0,57.0,4,307,3.8,64.0,31.0,0.9,19.8,0.0,39239,37,31895,73,2.8,3.3,1.96,1.44,3.4,39.51,0.08,0.06,0.14,1.56,563.6,75.0,35.0,121.4,265.0,76.0,224.0,142.0,27.0,90.7,150.0,51.0,,,,35,,Santiago,Ignacio Bueno,S.Bueno,,,2282,3,2,4,42,0,0,0,4,0,0,25,209,,,,0.0,0.16,1.66,0.99,7.61,51,142,62
637,a,100.0,100.0,4.2,642,149.0,0,0.0,-3,3.0,0.1,507,180.0,37,4,2.2,311.0,115.0,0,133,2.2,142.0,53.0,0.5,8.8,0.0,8955,11,20472,11,1.2,1.7,0.54,0.29,0.83,23.37,0.04,0.02,0.06,1.61,321.2,212.0,82.0,92.4,298.0,95.0,69.0,311.0,95.0,48.4,289.0,95.0,,,,35,,Toti,Gomes,Toti,,,1309,0,0,1,30,0,0,0,1,1,0,16,152,,,,0.0,0.07,2.06,1.1,8.94,22,108,51
638,u,0.0,0.0,3.8,804,243.0,0,0.0,-2,2.0,0.9,206,81.0,10,0,1.2,443.0,157.0,0,38,0.0,387.0,140.0,0.0,2.6,0.0,121813,0,270435,76,0.0,0.0,0.02,0.36,0.38,9.36,0.0,0.08,0.08,1.99,101.4,379.0,142.0,87.8,302.0,97.0,13.0,406.0,150.0,20.3,389.0,136.0,,,,35,,Ki-Jana,Hoever,Hoever,has joined Sheffield United on loan for the rest of the season.,,423,0,0,0,13,0,0,0,0,0,0,6,46,,,,0.0,0.0,2.77,1.28,8.51,13,27,16
639,u,0.0,0.0,4.0,724,192.0,0,0.0,0,0.0,0.0,772,261.0,0,0,0.0,625.0,231.0,0,0,0.0,491.0,193.0,0.0,0.0,0.0,0,0,900,0,0.0,0.0,0.0,0.0,0.0,0.0,0.0,0.0,0.0,0.0,0.0,614.0,231.0,0.0,607.0,231.0,0.0,576.0,228.0,0.0,616.0,231.0,,,,35,,Bastien,Meupiyou Menadjou,Meupiyou,On loan to FC Alverca,,0,0,0,0,0,0,0,0,0,0,0,0,0,,,,0.0,0.0,0.0,0.0,0.0,0,0,0
640,a,100.0,100.0,4.0,744,210.0,0,0.0,0,0.0,0.4,297,110.0,7,1,1.2,445.0,159.0,0,12,1.0,239.0,80.0,0.2,1.8,0.0,11279,10,90974,20,0.0,0.5,0.03,0.35,0.38,3.09,0.02,0.18,0.2,1.56,29.2,444.0,163.0,48.4,361.0,129.0,12.0,408.0,152.0,8.9,429.0,155.0,,,,35,,Pedro,Cardoso de Lima,Pedro Lima,,,178,0,0,0,4,0,0,0,0,0,0,2,14,,,,0.0,0.0,2.02,1.01,7.08,6,8,8
641,u,0.0,0.0,3.9,781,226.0,0,0.0,-1,1.0,0.9,200,78.0,0,0,0.0,571.0,205.0,0,0,0.0,428.0,161.0,0.0,0.0,0.0,85684,0,152613,65,0.0,0.0,0.0,0.0,0.0,0.0,0.0,0.0,0.0,0.0,0.0,559.0,204.0,0.0,547.0,204.0,0.0,514.0,199.0,0.0,561.0,204.0,,,,35,,Alfie,Pond,Pond,has joined Crewe Alexandra on loan for the rest of the season.,,0,0,0,0,0,0,0,0,0,0,0,0,0,,,,0.0,0.0,0.0,0.0,0.0,0,0,0
642,a,100.0,100.0,5.6,124,77.0,0,0.0,-4,4.0,0.1,464,160.0,47,0,2.0,346.0,149.0,0,133,0.8,288.0,134.0,0.1,8.4,0.0,51362,15,61426,39,-0.2,0.3,2.14,0.93,3.07,19.3,0.16,0.07,0.23,1.47,133.4,345.0,156.0,155.9,224.0,143.0,149.0,221.0,120.0,43.1,311.0,152.0,,2.0,3.0,35,,Hwang,Hee-chan,Hee Chan,,,1183,2,1,2,24,0,0,0,3,0,0,15,72,,,,0.0,0.15,1.83,1.14,5.48,9,23,40
643,a,100.0,100.0,5.2,216,132.0,0,0.0,-3,3.0,0.1,454,155.0,88,2,2.8,221.0,87.0,4,441,2.8,118.0,46.0,0.5,16.9,0.0,26156,14,24677,113,1.8,2.3,0.5,0.9,1.4,43.08,0.02,0.03,0.05,1.56,394.8,163.0,59.0,300.9,125.0,86.0,42.0,350.0,180.0,73.7,207.0,98.0,,,,35,,André,Trindade da Costa Neto,André,,,2490,1,0,2,48,0,0,0,10,0,0,27,346,,,,0.0,0.07,1.73,0.98,12.51,74,83,189
644,a,100.0,100.0,5.1,232,140.0,0,0.0,-4,4.0,0.0,590,222.0,42,0,1.8,379.0,161.0,0,195,0.8,285.0,132.0,0.2,8.2,0.0,7398,5,13158,20,-0.2,0.3,1.04,0.99,2.03,22.92,0.08,0.07,0.15,1.71,186.6,303.0,131.0,181.5,201.0,131.0,145.0,225.0,123.0,50.9,280.0,142.0,,4.0,,35,,Jean-Ricner,Bellegarde,Bellegarde,,,1205,1,1,3,29,0,0,0,5,0,0,15,101,,,,0.0,0.22,2.17,1.12,7.54,28,32,41
645,u,0.0,0.0,5.1,241,146.0,0,0.0,-4,4.0,0.0,662,263.0,12,0,1.3,441.0,197.0,0,38,0.0,769.0,336.0,0.0,2.4,0.0,1383,0,4984,1,0.0,0.0,0.16,0.61,0.77,3.98,0.06,0.24,0.3,1.57,29.0,445.0,196.0,61.0,342.0,183.0,37.0,355.0,183.0,12.4,416.0,190.0,,,,35,,Fer,López González,Fer López,has joined Celta Vigo on loan for the rest of the season.,,228,0,1,0,9,0,0,0,1,0,0,2,12,,,,0.0,0.0,3.55,0.79,4.74,1,1,10
646,a,100.0,100.0,5.3,192,121.0,0,0.0,-2,2.0,0.3,300,105.0,101,2,3.1,191.0,74.0,6,504,2.2,149.0,61.0,0.4,19.1,0.0,106210,39,80126,655,1.2,1.7,1.29,2.05,3.34,45.37,0.04,0.07,0.11,1.54,462.0,129.0,42.0,349.6,97.0,70.0,172.0,193.0,104.0,98.8,127.0,72.0,,3.0,,35,,João Victor,Gomes da Silva,J.Gomes,,,2651,1,2,4,52,0,0,0,10,0,0,30,362,,,,0.0,0.14,1.77,1.02,12.29,99,79,184
647,u,0.0,0.0,5.5,138,86.0,0,0.0,0,0.0,0.0,805,355.0,0,0,0.0,818.0,364.0,0,0,0.0,799.0,354.0,0.0,0.0,0.0,0,0,796,0,0.0,0.0,0.0,0.0,0.0,0.0,0.0,0.0,0.0,0.0,0.0,817.0,363.0,0.0,816.0,363.0,0.0,814.0,362.0,0.0,817.0,363.0,,,,35,,Gonçalo Manuel,Ganchinho Guedes,Guedes,Has joined Real Sociedad permanently.,,0,0,0,0,0,0,0,0,0,0,0,0,0,,,,0.0,0.0,0.0,0.0,0.0,0,0,0
648,u,0.0,0.0,5.3,190,120.0,0,0.0,-2,2.0,0.0,632,243.0,38,0,2.9,206.0,82.0,1,131,0.0,778.0,340.0,0.0,7.2,0.0,19177,0,23231,0,0.0,0.0,1.64,0.38,2.02,13.36,0.17,0.04,0.21,1.38,163.6,326.0,146.0,61.8,341.0,182.0,196.0,166.0,91.0,42.1,313.0,153.0,,,,35,,Marshall,Munetsi,Munetsi,has joined Paris FC on loan for the rest of the season.,,872,1,2,0,19,0,0,0,2,0,0,9,80,,,,0.0,0.0,1.96,0.93,8.26,21,39,20
649,u,0.0,0.0,5.0,263,160.0,0,0.0,0,0.0,0.0,823,366.0,0,0,0.0,798.0,350.0,0,0,0.0,751.0,321.0,0.0,0.0,0.0,0,0,162,0,0.0,0.0,0.0,0.0,0.0,0.0,0.0,0.0,0.0,0.0,0.0,797.0,349.0,0.0,795.0,349.0,0.0,790.0,347.0,0.0,797.0,349.0,,,,35,,Boubacar,Traoré,B.Traore,Has joined FC Metz on loan for the rest of the season.,,0,0,0,0,0,0,0,0,0,0,0,0,0,,,,0.0,0.0,0.0,0.0,0.0,0,0,0
650,u,0.0,0.0,4.3,602,355.0,0,0.0,-2,2.0,0.2,386,130.0,2,0,1.0,471.0,204.0,0,4,0.0,547.0,176.0,0.0,0.5,0.0,30885,0,49458,17,0.0,0.0,0.0,0.0,0.0,0.5,0.0,0.0,0.0,1.8,3.2,492.0,224.0,0.3,487.0,236.0,0.0,620.0,230.0,0.4,503.0,228.0,,,,35,,Tawanda,Chirewa,Chirewa,has joined Barnsley on loan for the rest of the season.,,25,0,0,0,0,0,0,0,0,0,0,0,4,,,,0.0,0.0,0.0,0.0,14.4,2,1,1
651,a,,,4.3,617,365.0,0,0.0,-2,2.0,0.4,293,102.0,8,1,2.7,232.0,92.0,0,27,0.5,305.0,143.0,0.1,1.9,0.0,68373,28,74588,67,-0.5,0.0,0.23,0.0,0.23,0.2,1.72,0.0,1.72,1.5,34.4,437.0,191.0,0.4,485.0,234.0,23.0,382.0,192.0,5.8,450.0,201.0,,,,35,,Tom,Edozie,Edozie,,,12,1,0,0,0,0,0,0,0,0,0,0,1,,,,0.0,0.0,0.0,0.0,7.5,0,0,1
652,a,,,4.3,616,364.0,0,0.0,-2,2.0,1.2,179,63.0,0,0,0.0,668.0,254.0,0,0,0.0,559.0,184.0,0.0,0.0,0.0,202809,66,254385,119,-1.0,-0.5,0.0,0.0,0.0,0.0,0.0,0.0,0.0,0.0,0.0,657.0,244.0,0.0,653.0,249.0,0.0,629.0,237.0,0.0,659.0,246.0,,,,35,,Enso,González Medina,Gonzalez,,,0,0,0,0,0,0,0,0,0,0,0,0,0,,,,0.0,0.0,0.0,0.0,0.0,0,0,0
653,u,0.0,0.0,4.5,427,254.0,0,0.0,0,0.0,0.0,667,267.0,0,0,0.0,706.0,275.0,0,0,0.0,612.0,212.0,0.0,0.0,0.0,0,0,5809,1,0.0,0.0,0.0,0.0,0.0,0.0,0.0,0.0,0.0,0.0,0.0,699.0,269.0,0.0,694.0,272.0,0.0,675.0,263.0,0.0,701.0,271.0,,,,35,,Joe,Hodge,Hodge,Signed by CD Tondela,,0,0,0,0,0,0,0,0,0,0,0,0,0,,,,0.0,0.0,0.0,0.0,0.0,0,0,0
655,u,0.0,0.0,4.9,326,61.0,0,0.0,-1,1.0,0.2,404,61.0,0,0,0.0,788.0,87.0,0,0,0.0,732.0,78.0,0.0,0.0,0.0,7178,0,55504,2,0.0,0.0,0.0,0.0,0.0,0.0,0.0,0.0,0.0,0.0,0.0,787.0,87.0,0.0,783.0,86.0,0.0,779.0,86.0,0.0,787.0,87.0,,,,35,,Fábio,Soares Silva,Fábio Silva,has joined Borussia Dortmund permanently.,,0,0,0,0,0,0,0,0,0,0,0,0,0,,,,0.0,0.0,0.0,0.0,0.0,0,0,0
656,u,0.0,0.0,4.9,318,59.0,0,0.0,-1,1.0,0.0,594,81.0,1,0,1.0,499.0,61.0,0,1,0.0,727.0,77.0,0.0,0.2,0.0,1691,0,10185,0,0.0,0.0,0.0,0.01,0.01,0.1,0.0,0.06,0.06,0.64,1.0,508.0,62.0,4.3,451.0,58.0,2.0,456.0,62.0,0.7,497.0,62.0,,,,35,,Saša,Kalajdžić,Kalajdžić,has joined LASK on loan for the rest of the season.,,14,0,0,0,0,0,0,0,0,0,0,0,2,,,,0.0,0.0,0.0,0.0,12.86,0,1,1
657,a,100.0,100.0,4.4,569,82.0,0,0.0,-1,1.0,0.0,628,83.0,0,0,0.0,693.0,76.0,0,0,0.0,594.0,66.0,0.0,0.0,0.0,5967,12,8094,14,-1.0,-0.5,0.0,0.0,0.0,0.0,0.0,0.0,0.0,0.0,0.0,686.0,75.0,0.0,681.0,74.0,0.0,661.0,74.0,0.0,688.0,75.0,,,,35,,Leon,Chiwome,Chiwome,,,0,0,0,0,0,0,0,0,0,0,0,0,0,,,,0.0,0.0,0.0,0.0,0.0,0,0,0
658,a,,,4.2,645,89.0,0,0.0,-3,3.0,1.8,148,22.0,0,0,0.0,653.0,65.0,0,0,0.0,530.0,53.0,0.0,0.0,0.0,286007,140,383703,243,-1.0,-0.5,0.0,0.0,0.0,0.0,0.0,0.0,0.0,0.0,0.0,643.0,64.0,0.0,637.0,63.0,0.0,611.0,63.0,0.0,645.0,64.0,,,,35,,Nathan,Fraser,Fraser,,,0,0,0,0,0,0,0,0,0,0,0,0,0,,,,0.0,0.0,0.0,0.0,0.0,0,0,0
663,u,0.0,0.0,4.9,314,195.0,0,0.0,-6,6.0,0.1,449,153.0,45,0,2.0,345.0,148.0,2,175,0.0,724.0,300.0,0.0,9.2,0.0,20148,0,82527,5,0.0,0.0,3.38,0.62,4.0,16.0,0.27,0.05,0.32,1.29,171.0,316.0,139.0,204.0,184.0,120.0,148.0,222.0,121.0,52.1,274.0,139.0,,,,35,,Jhon,Arias,J.Arias,has joined Palmeiras permanently.,,1117,1,0,2,21,0,0,0,1,0,0,14,125,,,,0.0,0.16,1.69,1.13,10.07,43,24,58
682,a,,,4.2,640,147.0,0,0.0,-3,3.0,0.1,555,197.0,30,0,1.6,401.0,147.0,0,72,0.2,336.0,111.0,0.0,7.1,0.0,5064,3,9767,6,-0.8,-0.3,0.13,1.04,1.17,17.48,0.01,0.11,0.12,1.87,142.0,340.0,130.0,110.8,274.0,79.0,46.0,341.0,112.0,30.0,358.0,121.0,,,,35,,David,Møller Wolfe,Møller Wolfe,,,840,0,2,1,20,0,0,0,1,0,0,9,48,,,,0.0,0.11,2.14,0.96,4.61,9,34,20
695,a,,,4.4,556,120.0,0,0.0,-1,1.0,0.0,636,227.0,52,0,1.7,391.0,144.0,0,156,0.2,344.0,116.0,0.0,11.8,0.0,7253,2,6828,13,-0.8,-0.3,0.33,1.6,1.93,30.68,0.02,0.08,0.1,1.51,318.2,214.0,84.0,349.9,96.0,23.0,69.0,312.0,96.0,73.8,205.0,73.0,,,,35,,Jackson,Tchatchoua,Tchatchoua,,,1834,0,1,3,37,0,0,0,3,0,0,19,133,,,,0.0,0.15,1.82,0.93,5.3,29,79,62
817,a,,,5.2,202,46.0,0,0.0,-3,3.0,0.1,541,75.0,28,2,2.5,272.0,30.0,0,104,2.0,172.0,22.0,0.4,5.4,0.0,25336,25,16784,108,1.0,1.5,1.55,0.85,2.4,19.26,0.15,0.08,0.23,1.91,111.2,370.0,39.0,84.4,306.0,36.0,152.0,218.0,45.0,34.6,340.0,43.0,,,,35,,Adam,Armstrong,Armstrong,,,907,1,2,3,15,0,0,0,3,0,0,11,30,,,,0.0,0.3,1.49,1.09,2.98,7,11,12
828,a,,,4.0,699,58.0,0,0.0,0,0.0,0.0,787,91.0,0,0,0.0,607.0,79.0,0,0,0.0,469.0,69.0,0.0,0.0,0.0,516,19,63,1,-1.0,-0.5,0.0,0.0,0.0,0.0,0.0,0.0,0.0,0.0,0.0,595.0,79.0,0.0,587.0,67.0,0.0,555.0,53.0,0.0,597.0,79.0,,,,35,,Alfie,Brooks,Brooks,,,0,0,0,0,0,0,0,0,0,0,0,0,0,,,,0.0,0.0,0.0,0.0,0.0,0,0,0
831,a,,,4.0,742,68.0,0,0.0,0,0.0,0.0,831,97.0,0,0,0.0,641.0,88.0,0,0,0.0,509.0,79.0,0.0,0.0,0.0,5,5,0,0,0.5,1.0,0.0,0.0,0.0,0.0,0.0,0.0,0.0,0.0,0.0,630.0,88.0,0.0,623.0,77.0,0.0,592.0,63.0,0.0,632.0,88.0,,,,35,,Josh,Gracey,Gracey,,,0,0,0,0,0,0,0,0,0,0,0,0,0,,,,0.0,0.0,0.0,0.0,0.0,0,0,0
