id,status,chance_of_playing_next_round,chance_of_playing_this_round,now_cost,now_cost_rank,now_cost_rank_type,cost_change_event,cost_change_event_fall,cost_change_start,cost_change_start_fall,selected_by_percent,selected_rank,selected_rank_type,total_points,event_points,points_per_game,points_per_game_rank,points_per_game_rank_type,bonus,bps,form,form_rank,form_rank_type,value_form,value_season,dreamteam_count,transfers_in,transfers_in_event,transfers_out,transfers_out_event,ep_next,ep_this,expected_goals,expected_assists,expected_goal_involvements,expected_goals_conceded,expected_goals_per_90,expected_assists_per_90,expected_goal_involvements_per_90,expected_goals_conceded_per_90,influence,influence_rank,influence_rank_type,creativity,creativity_rank,creativity_rank_type,threat,threat_rank,threat_rank_type,ict_index,ict_index_rank,ict_index_rank_type,corners_and_indirect_freekicks_order,direct_freekicks_order,penalties_order,gw,set_piece_threat,first_name,second_name,web_name,news,news_added,minutes,goals_scored,assists,clean_sheets,goals_conceded,own_goals,penalties_saved,penalties_missed,yellow_cards,red_cards,saves,starts,defensive_contribution,corners_and_indirect_freekicks_text,direct_freekicks_text,penalties_text,saves_per_90,clean_sheets_per_90,goals_conceded_per_90,starts_per_90,defensive_contribution_per_90,tackles,clearances_blocks_interceptions,recoveries
4,a,,,3.9,779,89.0,0,0.0,-1,1.0,0.2,367,52.0,0,0,0.0,570.0,60.0,0,0,0.0,427.0,50.0,0.0,0.0,0.0,34027,17,34505,61,0.5,1.0,0.0,0.0,0.0,0.0,0.0,0.0,0.0,0.0,0.0,560.0,60.0,0.0,548.0,44.0,0.0,516.0,31.0,0.0,562.0,60.0,,,,32,,Tommy,Setford,Setford,,,0,0,0,0,0,0,0,0,0,0,0,0,0,,,,0.0,0.0,0.0,0.0,0.0,0,0,0
24,a,100.0,100.0,5.1,221,135.0,0,0.0,-4,4.0,0.1,440,148.0,6,0,1.0,500.0,230.0,0,19,0.0,761.0,326.0,0.0,1.2,0.0,7878,16,61508,23,0.5,1.0,0.05,0.0,0.05,2.23,0.08,0.0,0.08,3.58,15.8,456.0,204.0,0.4,481.0,233.0,7.0,430.0,207.0,2.4,469.0,213.0,,,,32,,Christian,Nørgaard,Nørgaard,,,56,0,0,0,1,0,0,0,0,0,0,0,11,,,,0.0,0.0,1.61,0.0,17.68,0,7,4
95,u,0.0,0.0,4.4,554,333.0,0,0.0,-1,1.0,0.1,583,217.0,0,0,0.0,680.0,264.0,0,0,0.0,581.0,199.0,0.0,0.0,0.0,15405,0,21601,6,0.0,0.0,0.0,0.0,0.0,0.0,0.0,0.0,0.0,0.0,0.0,672.0,256.0,0.0,668.0,260.0,0.0,648.0,251.0,0.0,674.0,258.0,,,,32,,Zain,Silcott-Duberry,Silcott-Duberry,has joined Olympiakos permanently.,,0,0,0,0,0,0,0,0,0,0,0,0,0,,,,0.0,0.0,0.0,0.0,0.0,0,0,0
240,u,0.0,0.0,5.9,96,62.0,0,0.0,-1,1.0,0.1,526,191.0,0,0,0.0,816.0,364.0,0,0,0.0,804.0,355.0,0.0,0.0,0.0,2668,0,23781,3,0.0,0.0,0.0,0.0,0.0,0.0,0.0,0.0,0.0,0.0,0.0,816.0,364.0,0.0,816.0,364.0,0.0,815.0,364.0,0.0,816.0,364.0,,,,32,,Christopher,Nkunku,Nkunku,has joined AC Milan permanently.,,0,0,0,0,0,0,0,0,0,0,0,0,0,,,,0.0,0.0,0.0,0.0,0.0,0,0,0
282,u,0.0,0.0,4.5,478,293.0,0,0.0,0,0.0,0.0,712,291.0,0,0,0.0,735.0,305.0,0,0,0.0,651.0,249.0,0.0,0.0,0.0,860,0,3071,1,0.0,0.0,0.0,0.0,0.0,0.0,0.0,0.0,0.0,0.0,0.0,732.0,302.0,0.0,726.0,303.0,0.0,712.0,298.0,0.0,733.0,303.0,,,,32,,Franco,Umeh-Chibueze,Umeh,has joined Portsmouth permanently.,,0,0,0,0,0,0,0,0,0,0,0,0,0,,,,0.0,0.0,0.0,0.0,0.0,0,0,0
307,a,,,4.4,550,330.0,0,0.0,-1,1.0,0.0,603,229.0,0,0,0.0,678.0,262.0,0,0,0.0,578.0,196.0,0.0,0.0,0.0,4984,7,6555,7,-0.5,0.0,0.0,0.0,0.0,0.0,0.0,0.0,0.0,0.0,0.0,670.0,254.0,0.0,666.0,258.0,0.0,645.0,248.0,0.0,672.0,256.0,,,,32,,Coby,Ebere,Ebere,,,0,0,0,0,0,0,0,0,0,0,0,0,0,,,,0.0,0.0,0.0,0.0,0.0,0,0,0
786,a,,,4.0,704,59.0,0,0.0,0,0.0,0.0,743,85.0,0,0,0.0,610.0,81.0,0,0,0.0,472.0,73.0,0.0,0.0,0.0,744,14,403,13,0.0,-0.5,0.0,0.0,0.0,0.0,0.0,0.0,0.0,0.0,0.0,601.0,81.0,0.0,592.0,68.0,0.0,561.0,55.0,0.0,603.0,81.0,,,,32,,Alfie,McNally,McNally,,,0,0,0,0,0,0,0,0,0,0,0,0,0,,,,0.0,0.0,0.0,0.0,0.0,0,0,0
420,u,0.0,0.0,6.3,62,41.0,0,0.0,-2,2.0,0.1,559,205.0,0,0,0.0,818.0,366.0,0,0,0.0,812.0,361.0,0.0,0.0,0.0,1928,0,19894,4,0.0,0.0,0.0,0.0,0.0,0.0,0.0,0.0,0.0,0.0,0.0,818.0,366.0,0.0,818.0,366.0,0.0,818.0,366.0,0.0,818.0,366.0,,,,32,,İlkay,Gündoğan,Gündoğan,has joined Galatasaray permanently.,,0,0,0,0,0,0,0,0,0,0,0,0,0,,,,0.0,0.0,0.0,0.0,0.0,0,0,0
774,a,,,4.0,677,169.0,0,0.0,0,0.0,0.0,681,239.0,0,0,0.0,588.0,216.0,0,0,0.0,448.0,171.0,0.0,0.0,0.0,1735,13,1099,10,0.0,0.0,0.0,0.0,0.0,0.0,0.0,0.0,0.0,0.0,0.0,578.0,215.0,0.0,569.0,215.0,0.0,538.0,211.0,0.0,580.0,215.0,,,,32,,Jenson,Jones,Jenson Jones,,,0,0,0,0,0,0,0,0,0,0,0,0,0,,,,0.0,0.0,0.0,0.0,0.0,0,0,0
792,a,100.0,100.0,5.0,283,175.0,0,0.0,0,0.0,0.0,791,346.0,3,0,1.0,499.0,229.0,0,11,0.0,760.0,325.0,0.0,0.6,0.0,327,4,219,5,0.0,0.0,0.05,0.05,0.1,1.87,0.1,0.1,0.2,3.58,3.2,490.0,225.0,3.5,454.0,219.0,10.0,417.0,204.0,1.5,479.0,220.0,,,,32,,Alysson Edward Franco,da Rocha dos Santos,Alysson,,,47,0,0,0,2,0,0,0,0,0,0,0,4,,,,0.0,0.0,3.83,0.0,7.66,0,1,3
808,a,,,5.9,93,28.0,0,0.0,-1,1.0,0.2,372,58.0,16,1,1.8,384.0,45.0,2,57,1.0,272.0,34.0,0.2,2.7,0.0,84336,92,61487,1055,1.0,1.0,1.26,0.36,1.62,2.59,0.57,0.16,0.73,1.17,52.0,415.0,48.0,47.9,356.0,44.0,99.0,264.0,46.0,19.8,386.0,48.0,,,,32,,Tammy,Abraham,Abraham,,,199,1,0,0,4,0,0,0,0,0,0,1,9,,,,0.0,0.0,1.81,0.45,4.07,3,2,4
767,a,,,4.5,496,306.0,0,0.0,0,0.0,0.0,766,327.0,0,0,0.0,748.0,314.0,0,0,0.0,669.0,262.0,0.0,0.0,0.0,1167,13,773,6,-0.5,-0.5,0.0,0.0,0.0,0.0,0.0,0.0,0.0,0.0,0.0,746.0,312.0,0.0,739.0,312.0,0.0,726.0,308.0,0.0,746.0,312.0,,,,32,,Luke,Rawlings,Rawlings,,,0,0,0,0,0,0,0,0,0,0,0,0,0,,,,0.0,0.0,0.0,0.0,0.0,0,0,0
817,a,,,5.2,204,47.0,0,0.0,-3,3.0,0.1,571,78.0,22,2,2.8,224.0,21.0,0,83,3.5,101.0,15.0,0.7,4.2,0.0,18804,109,12029,290,3.0,3.0,0.81,0.63,1.44,14.88,0.11,0.09,0.2,2.1,87.8,380.0,41.0,64.0,328.0,38.0,64.0,309.0,51.0,21.5,377.0,47.0,,,,32,,Adam,Armstrong,Armstrong,,,637,1,2,3,10,0,0,0,3,0,0,8,24,,,,0.0,0.42,1.41,1.13,3.39,3,10,11
29,u,0.0,0.0,4.5,431,256.0,0,0.0,0,0.0,0.0,589,221.0,0,0,0.0,702.0,275.0,0,0,0.0,612.0,215.0,0.0,0.0,0.0,2952,0,14114,7,0.0,0.0,0.0,0.0,0.0,0.0,0.0,0.0,0.0,0.0,0.0,696.0,269.0,0.0,692.0,272.0,0.0,675.0,265.0,0.0,698.0,271.0,,,,32,,Albert,Sambi Lokonga,Sambi,has joined Hamburger permanently.,,0,0,0,0,0,0,0,0,0,0,0,0,0,,,,0.0,0.0,0.0,0.0,0.0,0,0,0
195,a,100.0,100.0,3.8,812,255.0,0,0.0,-2,2.0,0.3,334,121.0,20,1,1.2,439.0,157.0,0,97,0.7,278.0,93.0,0.2,5.3,0.0,48788,96,39571,174,-0.1,0.2,0.33,1.2,1.53,23.0,0.03,0.1,0.13,1.86,183.2,294.0,113.0,231.8,159.0,40.0,62.0,316.0,96.0,47.5,276.0,88.0,,,,32,,Lucas,Pires Silva,Lucas Pires,,,1110,0,0,1,26,0,0,0,0,1,0,12,75,,,,0.0,0.08,2.11,0.97,6.08,24,51,70
196,u,0.0,0.0,4.0,683,171.0,0,0.0,0,0.0,0.0,615,219.0,0,0,0.0,594.0,218.0,0,0,0.0,454.0,173.0,0.0,0.0,0.0,202,0,9700,1,0.0,0.0,0.0,0.0,0.0,0.0,0.0,0.0,0.0,0.0,0.0,584.0,217.0,0.0,575.0,217.0,0.0,544.0,213.0,0.0,586.0,217.0,,,,32,,Shurandy,Sambo,Sambo,has joined Sparta Rotterdam on loan for the rest of the season.,,0,0,0,0,0,0,0,0,0,0,0,0,0,,,,0.0,0.0,0.0,0.0,0.0,0,0,0
197,u,0.0,0.0,3.8,807,250.0,0,0.0,-2,2.0,0.2,392,147.0,13,0,1.9,349.0,128.0,0,20,0.0,389.0,144.0,0.0,3.4,0.0,34622,0,35176,108,0.0,0.0,0.55,0.08,0.63,3.79,0.3,0.04,0.34,2.08,44.8,422.0,157.0,18.1,403.0,146.0,30.0,367.0,122.0,9.2,426.0,154.0,,,,32,,Oliver,Sonne,Sonne,has joined Sparta Prague on loan for the rest of the season.,,164,1,0,0,4,0,0,0,0,0,0,1,10,,,,0.0,0.0,2.2,0.55,3.84,2,5,4
198,a,100.0,100.0,3.9,754,215.0,0,0.0,-1,1.0,0.9,200,79.0,27,0,2.5,264.0,100.0,0,81,0.0,408.0,153.0,0.0,6.9,0.0,137799,55,298849,131,-1.5,-0.5,0.61,0.11,0.72,24.88,0.06,0.01,0.07,2.41,225.2,262.0,105.0,9.8,435.0,154.0,52.0,332.0,106.0,28.9,349.0,118.0,,,,32,,Axel,Tuanzebe,Tuanzebe,,,931,1,0,1,22,1,0,0,1,0,0,11,106,,,,0.0,0.1,2.13,1.06,9.38,12,85,29
265,a,100.0,100.0,4.0,726,198.0,0,0.0,0,0.0,0.0,695,244.0,0,0,0.0,628.0,238.0,0,0,0.0,492.0,196.0,0.0,0.0,0.0,959,10,2437,5,0.0,0.0,0.0,0.0,0.0,0.0,0.0,0.0,0.0,0.0,0.0,619.0,238.0,0.0,611.0,238.0,0.0,581.0,235.0,0.0,621.0,238.0,,,,32,,Caleb,Kporha,Kporha,,,0,0,0,0,0,0,0,0,0,0,0,0,0,,,,0.0,0.0,0.0,0.0,0.0,0,0,0
199,a,100.0,100.0,3.8,792,236.0,0,0.0,-2,2.0,0.2,364,133.0,20,0,1.8,366.0,135.0,0,40,0.3,333.0,114.0,0.1,5.3,0.0,31338,31,26566,176,-0.9,-0.2,0.08,0.02,0.1,11.68,0.01,0.0,0.01,2.12,147.4,325.0,124.0,1.5,465.0,169.0,19.0,389.0,138.0,17.0,394.0,141.0,,,,32,,Joe,Worrall,Worrall,,,496,0,0,0,11,0,0,0,0,0,0,5,77,,,,0.0,0.0,2.0,0.91,13.79,4,72,10
395,u,0.0,0.0,4.5,432,257.0,0,0.0,0,0.0,0.0,805,357.0,0,0,0.0,703.0,276.0,0,0,0.0,613.0,216.0,0.0,0.0,0.0,0,0,361,0,0.0,0.0,0.0,0.0,0.0,0.0,0.0,0.0,0.0,0.0,0.0,697.0,270.0,0.0,693.0,273.0,0.0,676.0,266.0,0.0,699.0,272.0,,,,32,,Tyler,Morton,Morton,Has joined Lyon permanently.,,0,0,0,0,0,0,0,0,0,0,0,0,0,,,,0.0,0.0,0.0,0.0,0.0,0,0,0
205,i,0.0,0.0,4.9,296,183.0,0,0.0,-1,1.0,0.8,209,74.0,70,0,3.9,69.0,31.0,8,321,0.0,713.0,293.0,0.0,14.3,0.0,568702,4,542779,156,0.0,0.0,0.94,1.36,2.3,32.5,0.06,0.08,0.14,1.93,342.0,186.0,74.0,218.1,165.0,111.0,98.0,265.0,145.0,66.0,209.0,103.0,,,,32,,Josh,Cullen,Cullen,Knee injury - Expected back 30 Sep,,1513,2,2,3,29,1,0,0,2,0,0,18,173,,,,0.0,0.18,1.73,1.07,10.29,32,68,73
417,a,100.0,100.0,6.3,70,47.0,0,0.0,-2,2.0,7.5,55,20.0,110,10,4.2,53.0,22.0,13,480,5.5,32.0,10.0,0.9,17.5,0.0,2829652,46741,2915424,2296,11.5,5.5,2.69,7.41,10.1,17.51,0.18,0.49,0.67,1.15,485.0,94.0,31.0,742.4,10.0,10.0,404.0,54.0,31.0,163.4,24.0,20.0,3.0,2.0,,32,,Rayan,Cherki,Cherki,,,1372,3,11,7,13,0,0,0,1,0,0,15,119,,,,0.0,0.46,0.85,0.98,7.81,24,15,80
616,u,0.0,0.0,4.9,308,192.0,0,0.0,-1,1.0,0.0,601,227.0,0,0,0.0,776.0,334.0,0,0,0.0,719.0,296.0,0.0,0.0,0.0,1147,0,16120,3,0.0,0.0,0.0,0.0,0.0,0.0,0.0,0.0,0.0,0.0,0.0,775.0,333.0,0.0,771.0,333.0,0.0,767.0,331.0,0.0,775.0,333.0,,,,32,,Edson,Álvarez Velázquez,Álvarez,Has joined Fenerbahçe on loan for the rest of the season.,,0,0,0,0,0,0,0,0,0,0,0,0,0,,,,0.0,0.0,0.0,0.0,0.0,0,0,0
617,u,0.0,0.0,4.9,288,177.0,0,0.0,-1,1.0,0.0,715,294.0,0,0,0.0,772.0,331.0,0,0,0.0,709.0,289.0,0.0,0.0,0.0,246,0,3225,1,0.0,0.0,0.0,0.0,0.0,0.0,0.0,0.0,0.0,0.0,0.0,771.0,330.0,0.0,767.0,330.0,0.0,763.0,328.0,0.0,771.0,330.0,,,,32,,Maxwel,Cornet,Cornet,has joined Genoa on loan for the rest of the season.,,0,0,0,0,0,0,0,0,0,0,0,0,0,,,,0.0,0.0,0.0,0.0,0.0,0,0,0
618,u,0.0,0.0,4.8,351,221.0,0,0.0,-2,2.0,0.0,613,235.0,8,0,1.3,434.0,193.0,0,30,0.0,700.0,285.0,0.0,1.7,0.0,2295,0,6209,3,0.0,0.0,0.03,0.04,0.07,2.59,0.02,0.02,0.04,1.33,9.8,467.0,208.0,6.0,443.0,215.0,2.0,453.0,223.0,1.7,475.0,216.0,,,,32,,Guido,Rodríguez,G.Rodriguez,has joined Valencia on loan for the rest of the season.,,175,0,0,1,2,0,0,0,1,0,0,2,15,,,,0.0,0.51,1.03,1.03,7.71,1,4,10
206,a,100.0,100.0,4.7,379,237.0,0,0.0,-3,3.0,0.1,477,166.0,47,2,2.4,284.0,120.0,2,170,1.3,221.0,96.0,0.3,10.0,0.0,26211,69,26700,75,1.1,0.8,1.48,1.68,3.16,22.2,0.14,0.15,0.29,2.05,167.6,309.0,137.0,253.2,142.0,96.0,216.0,135.0,78.0,63.5,221.0,109.0,,3.0,,32,,Marcus,Edwards,Edwards,,,977,1,3,1,17,0,0,0,0,0,0,10,59,,,,0.0,0.09,1.57,0.92,5.44,8,6,45
207,i,0.0,0.0,4.7,390,242.0,0,0.0,-3,3.0,0.2,400,137.0,52,0,2.3,300.0,130.0,4,215,1.0,248.0,108.0,0.2,11.1,0.0,29849,3,31218,749,0.0,0.0,0.56,1.33,1.89,23.52,0.05,0.12,0.17,2.16,203.8,276.0,115.0,236.8,154.0,104.0,88.0,277.0,149.0,52.8,258.0,129.0,,,,32,,Hannibal,Mejbri,Hannibal,Hamstring injury - Expected back 01 May,,981,1,4,2,22,0,0,0,7,0,0,12,95,,,,0.0,0.18,2.02,1.1,8.72,25,14,56
208,u,0.0,0.0,5.0,266,161.0,0,0.0,0,0.0,0.0,741,312.0,0,0,0.0,795.0,349.0,0,0,0.0,750.0,317.0,0.0,0.0,0.0,68,0,3033,1,0.0,0.0,0.0,0.0,0.0,0.0,0.0,0.0,0.0,0.0,0.0,794.0,348.0,0.0,792.0,348.0,0.0,787.0,346.0,0.0,794.0,348.0,,,,32,,Luca,Koleosho,Koleosho,has joined Paris FC on loan for the rest of the season.,,0,0,0,0,0,0,0,0,0,0,0,0,0,,,,0.0,0.0,0.0,0.0,0.0,0,0,0
749,a,,,4.3,624,87.0,-1,1.0,-2,2.0,1.5,160,23.0,54,1,2.6,248.0,26.0,6,211,1.0,239.0,31.0,0.2,12.6,0.0,560194,673,384148,4678,0.5,0.5,1.35,1.67,3.02,25.38,0.09,0.11,0.2,1.74,216.4,267.0,26.0,243.8,149.0,12.0,199.0,148.0,35.0,65.2,211.0,26.0,2.0,1.0,,32,,Mateus,Mané,Mané,,,1309,2,2,5,23,0,0,0,0,0,0,14,95,,,,0.0,0.34,1.58,0.96,6.53,16,27,52
766,a,,,4.0,728,200.0,0,0.0,0,0.0,0.0,644,230.0,0,0,0.0,630.0,240.0,0,0,0.0,494.0,198.0,0.0,0.0,0.0,3525,44,2052,20,-0.5,-0.5,0.0,0.0,0.0,0.0,0.0,0.0,0.0,0.0,0.0,621.0,240.0,0.0,613.0,240.0,0.0,583.0,237.0,0.0,623.0,240.0,,,,32,,Saheed,Olagunju,Olagunju,,,0,0,0,0,0,0,0,0,0,0,0,0,0,,,,0.0,0.0,0.0,0.0,0.0,0,0,0
15,a,,,3.7,821,263.0,0,0.0,-3,3.0,0.2,353,129.0,0,0,0.0,524.0,184.0,0,0,0.0,370.0,128.0,0.0,0.0,0.0,32458,82,32257,151,0.5,1.0,0.0,0.0,0.0,0.0,0.0,0.0,0.0,0.0,0.0,514.0,183.0,0.0,496.0,181.0,0.0,463.0,175.0,0.0,516.0,183.0,,,,32,,Josh,Nichols,Nichols,,,0,0,0,0,0,0,0,0,0,0,0,0,0,,,,0.0,0.0,0.0,0.0,0.0,0,0,0
33,a,100.0,100.0,4.2,628,31.0,0,0.0,-3,3.0,0.4,293,38.0,14,3,2.3,298.0,28.0,0,65,1.0,235.0,22.0,0.2,3.3,0.0,84083,45,116031,56,1.0,1.0,0.0,0.0,0.0,9.73,0.0,0.0,0.0,1.77,118.4,352.0,26.0,0.0,627.0,78.0,0.0,599.0,65.0,11.9,418.0,27.0,,,,32,,Marco,Bizot,M.Bizot,,,495,0,0,1,9,0,0,0,2,0,17,5,23,,,,3.09,0.18,1.64,0.91,0.0,0,7,50
209,a,100.0,0.0,4.8,349,219.0,0,0.0,-2,2.0,0.0,619,239.0,50,0,1.8,376.0,158.0,1,214,0.7,290.0,133.0,0.1,10.4,0.0,6160,11,7008,25,-0.1,0.0,0.85,0.44,1.29,35.46,0.05,0.03,0.08,2.02,274.6,225.0,94.0,169.8,200.0,129.0,102.0,259.0,142.0,53.9,255.0,126.0,,,,32,,Josh,Laurent,Laurent,,,1576,1,0,2,37,0,0,0,6,1,0,16,164,,,,0.0,0.11,2.11,0.91,9.37,40,68,56
210,a,,,4.8,365,228.0,0,0.0,-2,2.0,0.0,631,245.0,39,0,1.7,391.0,166.0,0,133,0.3,351.0,159.0,0.1,8.1,0.0,4939,8,6078,8,-0.9,-0.2,0.96,0.68,1.64,16.67,0.1,0.07,0.17,1.77,102.4,368.0,163.0,109.8,265.0,162.0,118.0,238.0,131.0,33.2,332.0,164.0,,4.0,,32,,Loum,Tchaouna,Tchaouna,,,846,1,1,2,15,0,0,0,1,0,0,9,48,,,,0.0,0.21,1.6,0.96,5.11,14,11,23
106,a,,,4.9,319,52.0,0,0.0,-1,1.0,2.8,116,45.0,108,3,3.7,96.0,36.0,7,374,3.0,127.0,51.0,0.6,22.0,0.0,701451,988,551057,3400,3.0,3.0,1.86,1.32,3.18,36.82,0.07,0.05,0.12,1.36,722.6,19.0,7.0,118.9,252.0,68.0,291.0,96.0,9.0,113.4,81.0,17.0,,,,32,,Nathan,Collins,Collins,,,2431,1,2,7,36,1,0,0,5,0,0,26,298,,,,0.0,0.26,1.33,0.96,9.85,26,240,114
107,a,,,4.8,361,61.0,0,0.0,-2,2.0,1.6,153,59.0,90,1,3.0,193.0,77.0,3,268,3.7,84.0,36.0,0.8,18.8,0.0,487115,710,336699,2240,3.7,3.7,2.22,1.83,4.05,24.04,0.14,0.12,0.26,1.52,291.4,212.0,83.0,254.8,140.0,36.0,246.0,114.0,16.0,79.2,159.0,52.0,,1.0,,32,,Keane,Lewis-Potter,Lewis-Potter,,,1422,3,2,7,24,0,0,0,1,0,0,16,73,,,,0.0,0.44,1.52,1.01,3.42,19,35,65
108,a,100.0,100.0,4.4,526,104.0,0,0.0,-1,1.0,0.2,359,132.0,70,0,2.9,199.0,80.0,1,196,0.0,565.0,234.0,0.0,15.9,0.0,43447,41,38835,478,0.0,0.0,0.69,0.72,1.41,26.82,0.04,0.04,0.08,1.49,358.2,167.0,69.0,58.3,338.0,116.0,161.0,187.0,44.0,57.9,240.0,83.0,,,,32,,Kristoffer,Ajer,Ajer,,,1624,0,2,5,27,0,0,0,3,0,0,18,175,,,,0.0,0.28,1.5,1.0,9.31,35,133,50
110,a,100.0,100.0,4.6,408,74.0,0,0.0,1,-1.0,1.1,190,72.0,96,4,3.1,185.0,73.0,7,440,6.0,22.0,12.0,1.3,20.9,0.0,253030,2013,148946,937,6.0,6.0,0.72,2.67,3.39,41.95,0.02,0.09,0.11,1.39,539.0,70.0,35.0,419.2,62.0,11.0,107.0,255.0,71.0,106.8,88.0,21.0,,,,32,,Michael,Kayode,Kayode,,,2718,1,2,8,41,1,0,0,6,0,0,31,241,,,,0.0,0.26,1.36,1.03,6.49,60,136,143
130,a,,,4.4,570,343.0,0,0.0,-1,1.0,0.1,473,164.0,4,0,1.0,477.0,212.0,0,19,0.0,595.0,207.0,0.0,0.9,0.0,16871,27,19523,37,0.0,0.0,0.09,0.01,0.1,0.39,0.21,0.02,0.23,0.92,8.4,470.0,211.0,11.5,423.0,211.0,21.0,388.0,194.0,4.2,459.0,207.0,,,,32,,Romelle,Donovan,Donovan,,,38,0,0,0,0,0,0,0,0,0,0,0,5,,,,0.0,0.0,0.0,0.0,11.84,0,0,5
753,a,,,4.0,661,38.0,0,0.0,0,0.0,0.0,689,82.0,0,0,0.0,577.0,63.0,0,0,0.0,435.0,53.0,0.0,0.0,0.0,1728,11,1141,10,0.0,0.0,0.0,0.0,0.0,0.0,0.0,0.0,0.0,0.0,0.0,567.0,63.0,0.0,555.0,47.0,0.0,524.0,34.0,0.0,569.0,63.0,,,,32,,John,Ruddy,Ruddy,,,0,0,0,0,0,0,0,0,0,0,0,0,0,,,,0.0,0.0,0.0,0.0,0.0,0,0,0
765,a,,,4.0,717,190.0,0,0.0,0,0.0,0.0,642,228.0,0,0,0.0,619.0,230.0,0,0,0.0,483.0,188.0,0.0,0.0,0.0,4221,26,2603,21,0.0,0.0,0.0,0.0,0.0,0.0,0.0,0.0,0.0,0.0,0.0,610.0,230.0,0.0,602.0,230.0,0.0,572.0,227.0,0.0,612.0,230.0,,,,32,,Leo,Shahar,Shahar,,,0,0,0,0,0,0,0,0,0,0,0,0,0,,,,0.0,0.0,0.0,0.0,0.0,0,0,0
772,a,,,4.5,514,319.0,0,0.0,0,0.0,0.0,776,334.0,0,0,0.0,761.0,324.0,0,0,0.0,684.0,273.0,0.0,0.0,0.0,605,10,362,3,0.0,0.0,0.0,0.0,0.0,0.0,0.0,0.0,0.0,0.0,0.0,760.0,323.0,0.0,753.0,323.0,0.0,740.0,319.0,0.0,760.0,323.0,,,,32,,Sam,Alabi,Alabi,,,0,0,0,0,0,0,0,0,0,0,0,0,0,,,,0.0,0.0,0.0,0.0,0.0,0,0,0
12,u,0.0,0.0,4.9,302,47.0,0,0.0,-1,1.0,0.2,368,135.0,7,0,1.4,425.0,154.0,0,56,0.0,717.0,254.0,0.0,1.4,0.0,26902,0,53783,22,0.0,0.0,0.07,0.36,0.43,5.02,0.02,0.09,0.11,1.28,80.8,389.0,146.0,83.4,301.0,95.0,22.0,387.0,137.0,18.6,389.0,138.0,,,,32,,Oleksandr,Zinchenko,Zinchenko,has joined Ajax permanently.,,352,0,0,0,6,0,0,0,0,0,0,4,36,,,,0.0,0.0,1.53,1.02,6.14,10,14,17
73,a,100.0,100.0,4.4,519,98.0,0,0.0,-1,1.0,0.2,383,142.0,39,1,2.1,321.0,117.0,2,123,3.0,123.0,48.0,0.7,8.9,0.0,27829,242,42496,68,6.0,2.0,0.0,0.2,0.2,13.96,0.0,0.02,0.02,1.56,120.8,349.0,133.0,59.3,337.0,115.0,18.0,393.0,140.0,19.8,385.0,136.0,,,,32,,Adam,Smith,Smith,,,805,0,1,4,15,0,0,0,3,0,0,11,56,,,,0.0,0.45,1.68,1.23,5.93,12,41,22
74,a,,,4.7,392,67.0,0,0.0,2,-2.0,4.0,95,32.0,126,4,3.9,68.0,26.0,12,456,6.3,16.0,8.0,1.3,26.8,0.0,858335,35952,466254,1548,12.6,5.3,0.43,2.45,2.88,46.38,0.01,0.08,0.09,1.47,666.0,37.0,14.0,440.5,51.0,8.0,111.0,248.0,66.0,121.8,65.0,11.0,,,,32,,Adrien,Truffert,Truffert,,,2838,0,4,9,46,0,0,0,4,0,0,32,310,,,,0.0,0.29,1.46,1.01,8.25,84,176,161
75,a,100.0,100.0,3.8,808,251.0,0,0.0,-2,2.0,0.2,381,140.0,0,0,0.0,538.0,196.0,0,0,0.0,390.0,145.0,0.0,0.0,0.0,15349,37,32976,37,0.0,-1.0,0.0,0.0,0.0,0.0,0.0,0.0,0.0,0.0,0.0,528.0,195.0,0.0,512.0,194.0,0.0,479.0,188.0,0.0,530.0,195.0,,,,32,,Matai,Akinmboni,Akinmboni,,,0,0,0,0,0,0,0,0,0,0,0,0,0,,,,0.0,0.0,0.0,0.0,0.0,0,0,0
504,u,0.0,0.0,4.0,676,46.0,0,0.0,0,0.0,0.1,529,76.0,0,0,0.0,587.0,68.0,0,0,0.0,447.0,60.0,0.0,0.0,0.0,0,0,15851,8,0.0,0.0,0.0,0.0,0.0,0.0,0.0,0.0,0.0,0.0,0.0,577.0,68.0,0.0,568.0,55.0,0.0,537.0,42.0,0.0,579.0,68.0,,,,32,,Matt,Turner,Turner,Has joined Lyon permanently.,,0,0,0,0,0,0,0,0,0,0,0,0,0,,,,0.0,0.0,0.0,0.0,0.0,0,0,0
523,a,100.0,100.0,4.5,474,289.0,0,0.0,0,0.0,0.1,569,212.0,0,0,0.0,731.0,301.0,0,0,0.0,647.0,245.0,0.0,0.0,0.0,2837,21,16964,14,0.5,0.0,0.0,0.0,0.0,0.0,0.0,0.0,0.0,0.0,0.0,728.0,298.0,0.0,722.0,299.0,0.0,708.0,294.0,0.0,729.0,299.0,,,,32,,Eric,da Silva Moreira,Da Silva Moreira,,,0,0,0,0,0,0,0,0,0,0,0,0,0,,,,0.0,0.0,0.0,0.0,0.0,0,0,0
529,i,0.0,0.0,3.9,744,68.0,0,0.0,-1,1.0,0.3,298,39.0,0,0,0.0,545.0,41.0,0,0,0.0,399.0,31.0,0.0,0.0,0.0,18945,7,35389,220,0.0,0.0,0.0,0.0,0.0,0.0,0.0,0.0,0.0,0.0,0.0,535.0,41.0,0.0,521.0,23.0,0.0,489.0,10.0,0.0,537.0,41.0,,,,32,,Simon,Moore,Moore,Hand injury - Unknown return date,,0,0,0,0,0,0,0,0,0,0,0,0,0,,,,0.0,0.0,0.0,0.0,0.0,0,0,0
557,a,,,4.3,609,357.0,0,0.0,-2,2.0,0.1,540,198.0,0,0,0.0,659.0,249.0,0,0,0.0,549.0,181.0,0.0,0.0,0.0,9072,26,10878,31,0.0,0.0,0.0,0.0,0.0,0.0,0.0,0.0,0.0,0.0,0.0,649.0,239.0,0.0,645.0,244.0,0.0,622.0,233.0,0.0,651.0,241.0,,,,32,,Harrison,Jones,H.Jones,,,0,0,0,0,0,0,0,0,0,0,0,0,0,,,,0.0,0.0,0.0,0.0,0.0,0,0,0
605,a,,,4.1,651,154.0,0,0.0,-4,4.0,0.1,428,159.0,36,0,1.7,387.0,144.0,0,80,0.0,507.0,211.0,0.0,8.8,0.0,30428,15,51206,53,0.0,0.5,0.56,0.25,0.81,33.28,0.03,0.01,0.04,1.92,392.4,147.0,63.0,55.8,341.0,118.0,60.0,321.0,100.0,50.9,268.0,86.0,,,,32,,Maximilian,Kilman,Kilman,,,1559,0,0,1,37,0,0,0,4,0,0,17,191,,,,0.0,0.06,2.14,0.98,9.24,16,144,43
656,u,0.0,0.0,4.9,318,59.0,0,0.0,-1,1.0,0.0,593,81.0,1,0,1.0,493.0,59.0,0,1,0.0,726.0,77.0,0.0,0.2,0.0,1691,0,10165,1,0.0,0.0,0.0,0.01,0.01,0.1,0.0,0.06,0.06,0.64,1.0,504.0,61.0,4.3,448.0,58.0,2.0,454.0,61.0,0.7,492.0,61.0,,,,32,,Saša,Kalajdžić,Kalajdžić,has joined LASK on loan for the rest of the season.,,14,0,0,0,0,0,0,0,0,0,0,0,2,,,,0.0,0.0,0.0,0.0,12.86,0,1,1
657,a,100.0,100.0,4.4,566,81.0,0,0.0,-1,1.0,0.0,633,83.0,0,0,0.0,688.0,74.0,0,0,0.0,591.0,62.0,0.0,0.0,0.0,5473,15,7721,22,-0.5,-0.5,0.0,0.0,0.0,0.0,0.0,0.0,0.0,0.0,0.0,682.0,74.0,0.0,677.0,73.0,0.0,658.0,73.0,0.0,684.0,74.0,,,,32,,Leon,Chiwome,Chiwome,,,0,0,0,0,0,0,0,0,0,0,0,0,0,,,,0.0,0.0,0.0,0.0,0.0,0,0,0
658,a,,,4.2,643,89.0,0,0.0,-3,3.0,1.8,144,21.0,0,0,0.0,645.0,63.0,0,0,0.0,520.0,49.0,0.0,0.0,0.0,280647,355,373394,908,-0.5,-0.5,0.0,0.0,0.0,0.0,0.0,0.0,0.0,0.0,0.0,637.0,63.0,0.0,631.0,62.0,0.0,605.0,62.0,0.0,639.0,63.0,,,,32,,Nathan,Fraser,Fraser,,,0,0,0,0,0,0,0,0,0,0,0,0,0,,,,0.0,0.0,0.0,0.0,0.0,0,0,0
132,u,0.0,0.0,4.5,423,253.0,0,0.0,0,0.0,0.0,683,275.0,0,0,0.0,699.0,273.0,0,0,0.0,605.0,212.0,0.0,0.0,0.0,4038,0,5556,5,0.0,0.0,0.0,0.0,0.0,0.0,0.0,0.0,0.0,0.0,0.0,693.0,267.0,0.0,688.0,270.0,0.0,669.0,262.0,0.0,695.0,269.0,,,,32,,Paris,Maghoma,Maghoma,has joined Norwich City permanently.,,0,0,0,0,0,0,0,0,0,0,0,0,0,,,,0.0,0.0,0.0,0.0,0.0,0,0,0
159,a,100.0,100.0,5.8,104,68.0,0,0.0,-2,2.0,0.0,700,284.0,1,0,1.0,507.0,237.0,0,4,0.0,802.0,354.0,0.0,0.2,0.0,2110,194,2997,49,-0.5,0.5,0.0,0.0,0.0,0.25,0.0,0.0,0.0,5.62,0.0,815.0,363.0,0.0,815.0,363.0,0.0,814.0,363.0,0.0,815.0,363.0,,,,32,,Solly,March,March,,,4,0,0,0,0,0,0,0,0,0,0,0,0,,,,0.0,0.0,0.0,0.0,0.0,0,0,0
756,a,,,4.5,516,321.0,0,0.0,0,0.0,0.0,742,313.0,0,0,0.0,762.0,325.0,0,0,0.0,686.0,275.0,0.0,0.0,0.0,1860,9,1235,7,0.0,-1.0,0.0,0.0,0.0,0.0,0.0,0.0,0.0,0.0,0.0,761.0,324.0,0.0,754.0,324.0,0.0,742.0,321.0,0.0,761.0,324.0,,,,32,,Malcom,DaCosta,DaCosta,,,0,0,0,0,0,0,0,0,0,0,0,0,0,,,,0.0,0.0,0.0,0.0,0.0,0,0,0
782,a,,,4.0,662,39.0,0,0.0,0,0.0,0.0,662,81.0,0,0,0.0,578.0,64.0,0,0,0.0,436.0,54.0,0.0,0.0,0.0,3133,38,1198,25,0.0,-1.0,0.0,0.0,0.0,0.0,0.0,0.0,0.0,0.0,0.0,568.0,64.0,0.0,556.0,48.0,0.0,525.0,35.0,0.0,570.0,64.0,,,,32,,Fraser,Forster,Forster,,,0,0,0,0,0,0,0,0,0,0,0,0,0,,,,0.0,0.0,0.0,0.0,0.0,0,0,0
799,a,,,4.5,513,318.0,0,0.0,0,0.0,0.0,773,332.0,0,0,0.0,760.0,323.0,0,0,0.0,683.0,272.0,0.0,0.0,0.0,740,7,329,9,0.0,-1.0,0.0,0.0,0.0,0.0,0.0,0.0,0.0,0.0,0.0,759.0,322.0,0.0,752.0,322.0,0.0,739.0,318.0,0.0,759.0,322.0,,,,32,,Charlie,Stevens,Stevens,,,0,0,0,0,0,0,0,0,0,0,0,0,0,,,,0.0,0.0,0.0,0.0,0.0,0,0,0
806,a,,,4.0,680,49.0,0,0.0,0,0.0,0.0,758,88.0,0,0,0.0,591.0,71.0,0,0,0.0,451.0,63.0,0.0,0.0,0.0,723,2,385,7,0.0,-1.0,0.0,0.0,0.0,0.0,0.0,0.0,0.0,0.0,0.0,581.0,71.0,0.0,572.0,58.0,0.0,541.0,45.0,0.0,583.0,71.0,,,,32,,Christos,Mandas,Mandas,,,0,0,0,0,0,0,0,0,0,0,0,0,0,,,,0.0,0.0,0.0,0.0,0.0,0,0,0
102,a,,,3.9,759,79.0,0,0.0,-1,1.0,0.3,347,48.0,0,0,0.0,555.0,51.0,0,0,0.0,411.0,41.0,0.0,0.0,0.0,16716,23,24901,59,0.0,0.0,0.0,0.0,0.0,0.0,0.0,0.0,0.0,0.0,0.0,545.0,51.0,0.0,532.0,34.0,0.0,500.0,21.0,0.0,547.0,51.0,,,,32,,Ellery,Balcombe,Balcombe,,,0,0,0,0,0,0,0,0,0,0,0,0,0,,,,0.0,0.0,0.0,0.0,0.0,0,0,0
103,u,0.0,0.0,3.9,775,87.0,0,0.0,-1,1.0,0.1,437,65.0,0,0,0.0,566.0,58.0,0,0,0.0,423.0,48.0,0.0,0.0,0.0,11791,0,15371,50,0.0,0.0,0.0,0.0,0.0,0.0,0.0,0.0,0.0,0.0,0.0,556.0,58.0,0.0,544.0,42.0,0.0,512.0,29.0,0.0,558.0,58.0,,,,32,,Matthew,Cox,Cox,has joined Shrewsbury Town on loan for the rest of the season.,,0,0,0,0,0,0,0,0,0,0,0,0,0,,,,0.0,0.0,0.0,0.0,0.0,0,0,0
104,a,,,3.9,778,88.0,0,0.0,-1,1.0,0.1,468,69.0,0,0,0.0,569.0,59.0,0,0,0.0,426.0,49.0,0.0,0.0,0.0,13185,14,11032,40,0.0,0.0,0.0,0.0,0.0,0.0,0.0,0.0,0.0,0.0,0.0,559.0,59.0,0.0,547.0,43.0,0.0,515.0,30.0,0.0,561.0,59.0,,,,32,,Julian,Eyestone,Eyestone,,,0,0,0,0,0,0,0,0,0,0,0,0,0,,,,0.0,0.0,0.0,0.0,0.0,0,0,0
105,a,,,3.8,803,94.0,0,0.0,-2,2.0,0.6,234,31.0,1,0,1.0,452.0,35.0,0,1,0.0,385.0,28.0,0.0,0.3,0.0,44322,1038,75778,233,0.0,0.0,0.0,0.0,0.0,0.97,0.0,0.0,0.0,0.97,13.0,459.0,35.0,0.0,508.0,19.0,0.0,475.0,6.0,1.3,482.0,34.0,,,,32,,Hákon Rafn,Valdimarsson,Valdimarsson,,,90,0,0,0,3,0,0,0,0,0,1,1,0,,,,1.0,0.0,3.0,1.0,0.0,0,0,7
459,a,,,4.7,387,241.0,0,0.0,-3,3.0,0.1,424,145.0,34,0,1.6,402.0,171.0,0,163,0.7,289.0,132.0,0.1,7.2,0.0,30135,22,39217,46,0.7,1.2,0.5,0.15,0.65,15.85,0.06,0.02,0.08,1.81,138.8,333.0,150.0,75.5,311.0,175.0,38.0,349.0,180.0,25.1,361.0,171.0,,,,32,,Manuel,Ugarte Ribeiro,Ugarte,,,786,0,0,1,21,0,0,0,1,0,0,7,130,,,,0.0,0.11,2.4,0.8,14.89,43,37,50
460,u,0.0,0.0,4.5,446,266.0,0,0.0,0,0.0,0.0,666,266.0,0,0,0.0,712.0,284.0,0,0,0.0,623.0,224.0,0.0,0.0,0.0,505,0,9668,2,0.0,0.0,0.0,0.0,0.0,0.0,0.0,0.0,0.0,0.0,0.0,706.0,278.0,0.0,702.0,281.0,0.0,686.0,274.0,0.0,708.0,280.0,,,,32,,Toby,Collyer,Collyer,has joined Hull City on loan for the rest of the season.,,0,0,0,0,0,0,0,0,0,0,0,0,0,,,,0.0,0.0,0.0,0.0,0.0,0,0,0
461,a,,,4.3,611,359.0,0,0.0,-2,2.0,0.0,605,230.0,0,0,0.0,661.0,251.0,0,0,0.0,551.0,183.0,0.0,0.0,0.0,3589,13,5114,15,0.0,0.5,0.0,0.0,0.0,0.0,0.0,0.0,0.0,0.0,0.0,651.0,241.0,0.0,647.0,246.0,0.0,624.0,235.0,0.0,653.0,243.0,,,,32,,Jayce,Fitzgerald,Fitzgerald,,,0,0,0,0,0,0,0,0,0,0,0,0,0,,,,0.0,0.0,0.0,0.0,0.0,0,0,0
462,a,,,4.3,608,356.0,0,0.0,-2,2.0,0.1,525,190.0,3,0,1.0,468.0,204.0,0,10,0.0,548.0,180.0,0.0,0.7,0.0,15271,19,14178,48,0.0,0.5,0.03,0.02,0.05,1.86,0.03,0.02,0.05,1.56,18.6,454.0,202.0,24.4,390.0,197.0,5.0,434.0,211.0,4.8,457.0,205.0,,,,32,,Jack,Fletcher,J.Fletcher,,,107,0,0,0,0,0,0,0,0,0,0,0,11,,,,0.0,0.0,0.0,0.0,9.25,5,2,4
513,a,,,3.8,811,254.0,0,0.0,-2,2.0,0.3,346,126.0,2,0,1.0,454.0,164.0,0,1,0.0,393.0,148.0,0.0,0.5,0.0,29472,25,30481,94,0.5,0.0,0.0,0.01,0.01,3.13,0.0,0.01,0.01,2.35,25.4,444.0,164.0,6.3,442.0,158.0,0.0,482.0,191.0,3.2,463.0,167.0,,,,32,,Zach,Abbott,Abbott,,,120,0,0,0,4,0,0,0,0,0,0,1,10,,,,0.0,0.0,3.0,0.75,7.5,2,8,8
812,a,,,4.0,705,60.0,0,0.0,0,0.0,0.1,432,63.0,16,0,5.3,8.0,2.0,3,62,2.0,171.0,18.0,0.5,4.0,0.0,25246,129,8309,669,2.0,2.0,0.0,0.02,0.02,4.1,0.0,0.01,0.01,1.37,73.6,395.0,29.0,0.0,593.0,69.0,0.0,562.0,56.0,7.4,435.0,29.0,,,,32,,Melker,Ellborg,Ellborg,,,270,0,0,1,2,0,0,0,0,0,10,3,0,,,,3.33,0.33,0.67,1.0,0.0,0,6,33
109,i,0.0,0.0,4.3,581,128.0,0,0.0,-2,2.0,0.1,425,158.0,52,0,2.1,320.0,116.0,0,144,0.0,530.0,226.0,0.0,12.1,0.0,25885,3,30448,209,0.0,0.0,0.18,0.54,0.72,23.91,0.01,0.04,0.05,1.63,151.6,324.0,123.0,82.0,303.0,96.0,35.0,356.0,117.0,26.9,356.0,122.0,,,,32,,Rico,Henry,Henry,Hamstring injury - Unknown return date,,1322,0,2,4,22,0,0,0,2,0,0,14,78,,,,0.0,0.27,1.5,0.95,4.63,15,53,72
750,a,,,4.0,700,180.0,0,0.0,0,0.0,0.0,635,227.0,1,0,1.0,457.0,166.0,0,3,0.3,337.0,118.0,0.1,0.2,0.0,1923,8,1717,20,0.3,0.3,0.0,0.0,0.0,0.36,0.0,0.0,0.0,32.4,0.0,597.0,223.0,0.0,588.0,223.0,0.0,557.0,219.0,0.0,599.0,223.0,,,,32,,James,Rowswell,Rowswell,,,1,0,0,0,0,0,0,0,0,0,0,0,0,,,,0.0,0.0,0.0,0.0,0.0,0,0,0
751,u,0.0,0.0,4.5,489,301.0,0,0.0,0,0.0,0.0,789,344.0,0,0,0.0,742.0,310.0,0,0,0.0,662.0,257.0,0.0,0.0,0.0,675,0,648,2,0.0,0.0,0.0,0.0,0.0,0.0,0.0,0.0,0.0,0.0,0.0,740.0,308.0,0.0,733.0,308.0,0.0,720.0,304.0,0.0,740.0,308.0,,,,32,,Yusuf,Akhamrich,Akhamrich,has joined Bristol Rovers on loan for the rest of the season.,,0,0,0,0,0,0,0,0,0,0,0,0,0,,,,0.0,0.0,0.0,0.0,0.0,0,0,0
790,a,,,4.5,501,311.0,0,0.0,0,0.0,0.0,764,325.0,0,0,0.0,751.0,317.0,0,0,0.0,673.0,266.0,0.0,0.0,0.0,819,9,432,10,0.0,0.0,0.0,0.0,0.0,0.0,0.0,0.0,0.0,0.0,0.0,750.0,316.0,0.0,743.0,316.0,0.0,730.0,312.0,0.0,750.0,316.0,,,,32,,Lucá,Williams-Barnett,Williams-Barnett,,,0,0,0,0,0,0,0,0,0,0,0,0,0,,,,0.0,0.0,0.0,0.0,0.0,0,0,0
652,a,,,4.3,615,362.0,0,0.0,-2,2.0,1.3,174,59.0,0,0,0.0,663.0,253.0,0,0,0.0,554.0,185.0,0.0,0.0,0.0,200711,132,248753,381,-0.5,-0.5,0.0,0.0,0.0,0.0,0.0,0.0,0.0,0.0,0.0,653.0,243.0,0.0,649.0,248.0,0.0,626.0,237.0,0.0,655.0,245.0,,,,32,,Enso,González Medina,Gonzalez,,,0,0,0,0,0,0,0,0,0,0,0,0,0,,,,0.0,0.0,0.0,0.0,0.0,0,0,0
703,a,,,3.9,780,90.0,0,0.0,-1,1.0,0.6,239,32.0,0,0,0.0,571.0,61.0,0,0,0.0,428.0,51.0,0.0,0.0,0.0,94380,34,46938,248,0.0,0.0,0.0,0.0,0.0,0.0,0.0,0.0,0.0,0.0,0.0,561.0,61.0,0.0,549.0,45.0,0.0,517.0,32.0,0.0,563.0,61.0,,,,32,,Sam,Proctor,Proctor,,,0,0,0,0,0,0,0,0,0,0,0,0,0,,,,0.0,0.0,0.0,0.0,0.0,0,0,0
710,a,,,3.9,777,227.0,0,0.0,-1,1.0,0.2,382,141.0,0,0,0.0,568.0,206.0,0,0,0.0,425.0,160.0,0.0,0.0,0.0,33524,27,23517,33,0.0,0.0,0.0,0.0,0.0,0.0,0.0,0.0,0.0,0.0,0.0,558.0,205.0,0.0,546.0,205.0,0.0,514.0,200.0,0.0,560.0,205.0,,,,32,,Travis,Patterson,Patterson,,,0,0,0,0,0,0,0,0,0,0,0,0,0,,,,0.0,0.0,0.0,0.0,0.0,0,0,0
719,a,100.0,100.0,4.5,418,79.0,0,0.0,0,0.0,0.1,484,175.0,24,2,1.8,373.0,141.0,0,99,0.7,286.0,98.0,0.2,5.3,0.0,21536,52,15307,55,0.7,0.7,0.26,0.07,0.33,11.95,0.04,0.01,0.05,1.62,129.4,343.0,130.0,28.9,385.0,139.0,22.0,386.0,136.0,18.1,391.0,139.0,,,,32,,Victor,Lindelöf,Lindelöf,,,662,0,1,1,10,0,0,0,0,0,0,7,38,,,,0.0,0.14,1.36,0.95,5.17,5,33,14
69,a,,,3.9,782,91.0,0,0.0,-1,1.0,0.2,352,49.0,0,0,0.0,573.0,62.0,0,0,0.0,430.0,52.0,0.0,0.0,0.0,23226,35,20473,154,0.0,-1.0,0.0,0.0,0.0,0.0,0.0,0.0,0.0,0.0,0.0,563.0,62.0,0.0,551.0,46.0,0.0,519.0,33.0,0.0,565.0,62.0,,,,32,,Callan,McKenna,McKenna,,,0,0,0,0,0,0,0,0,0,0,0,0,0,,,,0.0,0.0,0.0,0.0,0.0,0,0,0
810,a,,,4.5,470,286.0,0,0.0,0,0.0,0.0,796,350.0,0,0,0.0,728.0,299.0,0,0,0.0,643.0,242.0,0.0,0.0,0.0,401,5,176,6,0.0,0.0,0.0,0.0,0.0,0.0,0.0,0.0,0.0,0.0,0.0,725.0,296.0,0.0,719.0,297.0,0.0,704.0,291.0,0.0,726.0,297.0,,,,32,,Luka,Bentt,Bentt,,,0,0,0,0,0,0,0,0,0,0,0,0,0,,,,0.0,0.0,0.0,0.0,0.0,0,0,0
244,a,100.0,100.0,4.9,336,207.0,0,0.0,-1,1.0,0.0,691,280.0,9,1,1.0,495.0,226.0,0,52,1.0,252.0,110.0,0.2,1.8,0.0,3029,21,4773,13,2.5,1.0,0.14,0.52,0.66,4.56,0.05,0.19,0.24,1.69,25.2,445.0,197.0,36.4,373.0,190.0,11.0,411.0,203.0,7.2,437.0,197.0,,,,32,,Roméo,Lavia,Lavia,,,243,0,0,0,5,0,0,0,0,0,0,2,28,,,,0.0,0.0,1.85,0.74,10.37,5,8,15
142,u,0.0,0.0,4.0,678,47.0,0,0.0,0,0.0,0.0,809,93.0,0,0,0.0,589.0,69.0,0,0,0.0,449.0,61.0,0.0,0.0,0.0,0,0,207,1,0.0,0.0,0.0,0.0,0.0,0.0,0.0,0.0,0.0,0.0,0.0,579.0,69.0,0.0,570.0,56.0,0.0,539.0,43.0,0.0,581.0,69.0,,,,32,,Kjell,Scherpen,Scherpen,Has joined Union SG permanently,,0,0,0,0,0,0,0,0,0,0,0,0,0,,,,0.0,0.0,0.0,0.0,0.0,0,0,0
143,a,,,4.2,633,143.0,0,0.0,-3,3.0,0.1,496,178.0,31,10,3.4,137.0,49.0,4,124,3.3,105.0,39.0,0.8,7.4,0.0,7739,476,13361,37,6.1,3.8,0.05,0.33,0.38,6.25,0.01,0.06,0.07,1.06,154.6,321.0,122.0,57.5,339.0,117.0,12.0,404.0,149.0,22.5,371.0,129.0,3.0,,,32,,Olivier,Boscagli,Boscagli,,,529,0,1,2,5,0,0,0,2,0,0,6,58,,,,0.0,0.34,0.85,1.02,9.87,12,46,41
773,a,,,4.0,738,210.0,0,0.0,0,0.0,0.0,703,247.0,0,0,0.0,636.0,246.0,0,0,0.0,503.0,207.0,0.0,0.0,0.0,772,4,618,4,0.0,0.0,0.0,0.0,0.0,0.0,0.0,0.0,0.0,0.0,0.0,627.0,246.0,0.0,619.0,246.0,0.0,590.0,244.0,0.0,629.0,246.0,,,,32,,Dean,Benamar,Benamar,,,0,0,0,0,0,0,0,0,0,0,0,0,0,,,,0.0,0.0,0.0,0.0,0.0,0,0,0
11,a,100.0,100.0,5.1,224,30.0,0,0.0,-4,4.0,0.5,265,99.0,31,1,3.9,73.0,28.0,3,125,0.5,324.0,110.0,0.1,6.1,0.0,353614,404,410270,240,1.0,1.5,0.45,0.51,0.96,7.31,0.08,0.09,0.17,1.36,131.6,341.0,129.0,105.0,272.0,80.0,48.0,335.0,108.0,28.5,350.0,119.0,,,,32,,Benjamin,White,White,,,484,0,1,3,6,0,0,0,0,0,0,6,49,,,,0.0,0.56,1.12,1.12,8.37,15,30,21
13,a,,,3.7,823,265.0,0,0.0,-3,3.0,0.4,277,104.0,0,0,0.0,525.0,185.0,0,0,0.0,372.0,130.0,0.0,0.0,0.0,53526,347,80050,122,0.5,1.0,0.0,0.0,0.0,0.0,0.0,0.0,0.0,0.0,0.0,515.0,184.0,0.0,498.0,183.0,0.0,465.0,177.0,0.0,517.0,184.0,,,,32,,Brayden,Clarke,Clarke,,,0,0,0,0,0,0,0,0,0,0,0,0,0,,,,0.0,0.0,0.0,0.0,0.0,0,0,0
374,a,100.0,100.0,5.5,138,16.0,0,0.0,0,0.0,4.1,93,30.0,117,6,3.9,74.0,29.0,8,467,2.0,182.0,70.0,0.4,21.3,0.0,852396,1909,774137,4744,2.5,2.5,1.05,0.92,1.97,31.89,0.04,0.03,0.07,1.12,661.6,38.0,15.0,142.3,230.0,60.0,96.0,269.0,77.0,90.2,131.0,39.0,,,,32,,Ibrahima,Konaté,Konaté,,,2570,1,0,10,34,0,0,0,6,0,0,30,277,,,,0.0,0.35,1.19,1.05,8.82,47,205,96
375,i,0.0,0.0,4.9,333,55.0,0,0.0,-1,1.0,0.1,421,155.0,42,0,2.8,222.0,91.0,2,157,0.0,735.0,257.0,0.0,8.6,0.0,62735,1,72248,31,0.0,0.0,0.18,0.84,1.02,10.77,0.02,0.08,0.1,1.04,157.4,316.0,119.0,105.2,271.0,79.0,62.0,317.0,97.0,32.3,334.0,112.0,,,,32,,Conor,Bradley,Bradley,Knee injury - Expected back 01 Jun,,928,0,2,4,13,0,0,0,5,0,0,12,82,,,,0.0,0.39,1.26,1.16,6.3,19,46,43
376,a,100.0,100.0,4.9,295,46.0,0,0.0,-1,1.0,0.2,416,152.0,31,1,1.8,378.0,143.0,2,91,1.0,249.0,88.0,0.2,6.3,0.0,24823,54,30290,43,1.5,1.5,0.23,0.62,0.85,8.02,0.04,0.11,0.15,1.41,114.6,361.0,138.0,71.6,313.0,103.0,26.0,375.0,129.0,21.3,379.0,133.0,,,,32,,Joe,Gomez,Gomez,,,512,0,2,2,12,0,0,0,2,0,0,6,40,,,,0.0,0.35,2.11,1.05,6.86,8,31,18
377,u,0.0,0.0,4.8,354,58.0,0,0.0,-2,2.0,0.0,598,214.0,0,0,0.0,769.0,263.0,0,0,0.0,701.0,252.0,0.0,0.0,0.0,1669,0,12285,2,0.0,0.0,0.0,0.0,0.0,0.0,0.0,0.0,0.0,0.0,0.0,768.0,263.0,0.0,763.0,263.0,0.0,755.0,263.0,0.0,768.0,263.0,,,,32,,Konstantinos,Tsimikas,Tsimikas,has joined AS Roma on loan for the rest of the season.,,0,0,0,0,0,0,0,0,0,0,0,0,0,,,,0.0,0.0,0.0,0.0,0.0,0,0,0
40,d,75.0,100.0,4.3,577,125.0,0,0.0,-2,2.0,0.7,228,85.0,44,0,3.4,138.0,50.0,4,148,1.0,237.0,82.0,0.2,10.2,0.0,158298,116,206438,517,0.8,1.0,1.01,0.37,1.38,17.52,0.09,0.03,0.12,1.64,214.8,269.0,110.0,70.9,316.0,106.0,61.0,319.0,98.0,34.7,328.0,109.0,,,,32,,Tyrone,Mings,Mings,Knock - 75% chance of playing,,962,0,1,3,15,0,0,0,0,0,0,11,96,,,,0.0,0.28,1.4,1.03,7.48,4,76,29
41,a,100.0,100.0,4.3,586,131.0,0,0.0,-2,2.0,0.3,323,117.0,58,2,3.2,162.0,63.0,2,261,2.7,140.0,56.0,0.6,13.5,0.0,72405,132,98460,99,2.7,2.7,0.63,0.37,1.0,20.12,0.04,0.02,0.06,1.23,282.4,217.0,87.0,42.1,363.0,130.0,55.0,329.0,105.0,38.2,313.0,106.0,,,,32,,Pau,Torres,Pau,,,1476,0,1,5,16,1,0,0,0,0,0,16,128,,,,0.0,0.3,0.98,0.98,6.16,20,81,74
42,a,100.0,100.0,3.9,786,232.0,0,0.0,-1,1.0,0.2,371,136.0,4,1,0.8,513.0,177.0,0,7,0.7,280.0,94.0,0.2,1.0,0.0,29241,65,41630,57,0.7,0.7,0.0,0.01,0.01,1.55,0.0,0.02,0.02,3.67,3.2,488.0,174.0,2.7,456.0,165.0,0.0,522.0,204.0,0.6,494.0,173.0,,,,32,,Andrés,García,A.García,,,38,0,0,0,2,0,0,0,0,0,0,0,1,,,,0.0,0.0,4.74,0.0,2.37,1,0,2
43,u,0.0,0.0,4.0,665,162.0,0,0.0,0,0.0,1.6,155,61.0,0,0,0.0,580.0,211.0,0,0,0.0,438.0,166.0,0.0,0.0,0.0,44476,0,889530,122,0.0,0.0,0.0,0.0,0.0,0.0,0.0,0.0,0.0,0.0,0.0,570.0,210.0,0.0,559.0,210.0,0.0,528.0,206.0,0.0,572.0,210.0,,,,32,,Álex,Moreno Lopera,Alex Moreno,Has joined Girona permanently.,,0,0,0,0,0,0,0,0,0,0,0,0,0,,,,0.0,0.0,0.0,0.0,0.0,0,0,0
44,a,100.0,100.0,4.0,706,183.0,0,0.0,0,0.0,0.5,252,96.0,34,0,1.4,420.0,152.0,4,107,0.3,338.0,119.0,0.1,8.5,0.0,109599,193,94054,219,0.3,0.3,0.0,0.19,0.19,11.99,0.0,0.02,0.02,1.35,109.0,364.0,139.0,54.0,343.0,120.0,14.0,398.0,144.0,17.6,393.0,140.0,,,,32,,Lamare,Bogarde,Bogarde,,,797,0,0,2,13,0,0,0,5,0,0,8,57,,,,0.0,0.23,1.47,0.9,5.42,20,28,33
45,u,0.0,0.0,3.8,804,247.0,0,0.0,-2,2.0,0.3,348,127.0,0,0,0.0,535.0,193.0,0,0,0.0,386.0,141.0,0.0,0.0,0.0,22076,0,38784,59,0.0,0.0,0.0,0.0,0.0,0.0,0.0,0.0,0.0,0.0,0.0,525.0,192.0,0.0,509.0,191.0,0.0,476.0,185.0,0.0,527.0,192.0,,,,32,,Lino,da Cruz Sousa,Sousa,has joined Rotherham on loan for the rest of the season.,,0,0,0,0,0,0,0,0,0,0,0,0,0,,,,0.0,0.0,0.0,0.0,0.0,0,0,0
57,u,0.0,0.0,5.0,260,158.0,0,0.0,0,0.0,0.0,669,268.0,0,0,0.0,792.0,347.0,0,0,0.0,747.0,315.0,0.0,0.0,0.0,889,0,5446,0,0.0,0.0,0.0,0.0,0.0,0.0,0.0,0.0,0.0,0.0,0.0,791.0,346.0,0.0,789.0,346.0,0.0,784.0,344.0,0.0,791.0,346.0,,,,32,,Lewis,Dobbin,Dobbin,Has joined Preston North End on loan for the rest of the season.,,0,0,0,0,0,0,0,0,0,0,0,0,0,,,,0.0,0.0,0.0,0.0,0.0,0,0,0
58,i,0.0,0.0,4.9,311,193.0,0,0.0,-1,1.0,0.2,393,132.0,61,0,3.4,144.0,60.0,7,282,0.0,720.0,297.0,0.0,12.4,0.0,111429,1,120287,79,0.0,0.0,0.53,0.84,1.36,20.8,0.03,0.05,0.08,1.33,325.0,192.0,79.0,241.3,150.0,101.0,75.0,295.0,158.0,64.2,216.0,106.0,,,,32,,Boubacar,Kamara,Kamara,Knee injury - Expected back 01 Jun,,1410,1,3,5,15,0,0,0,5,0,0,17,149,,,,0.0,0.32,0.96,1.09,9.51,38,46,65
59,a,100.0,100.0,4.8,363,226.0,0,0.0,-2,2.0,0.7,224,80.0,74,3,3.2,168.0,68.0,4,341,3.3,111.0,40.0,0.7,15.4,0.0,164664,340,280822,345,3.3,3.3,1.4,0.68,2.08,26.72,0.08,0.04,0.12,1.46,399.4,142.0,47.0,137.0,235.0,151.0,169.0,181.0,99.0,70.5,197.0,98.0,,,,32,,Amadou,Onana,Onana,,,1648,2,0,6,23,0,0,0,2,0,0,20,208,,,,0.0,0.33,1.26,1.09,11.36,45,96,67
60,u,0.0,0.0,4.4,565,340.0,0,0.0,-1,1.0,0.2,354,120.0,0,0,0.0,687.0,267.0,0,0,0.0,590.0,204.0,0.0,0.0,0.0,38290,0,51976,53,0.0,0.0,0.0,0.0,0.0,0.0,0.0,0.0,0.0,0.0,0.0,681.0,261.0,0.0,676.0,264.0,0.0,657.0,256.0,0.0,683.0,263.0,,,,32,,Ben,Broggio,Broggio,has joined Falkirk on loan for the rest of the season.,,0,0,0,0,0,0,0,0,0,0,0,0,0,,,,0.0,0.0,0.0,0.0,0.0,0,0,0
61,u,0.0,0.0,4.5,414,250.0,0,0.0,0,0.0,0.1,539,197.0,0,0,0.0,694.0,270.0,0,0,0.0,600.0,209.0,0.0,0.0,0.0,2169,0,33741,3,0.0,0.0,0.0,0.0,0.0,0.0,0.0,0.0,0.0,0.0,0.0,688.0,264.0,0.0,683.0,267.0,0.0,664.0,259.0,0.0,690.0,266.0,,,,32,,Leander,Dendoncker,Dendoncker,Has joined Real Oviedo permanently.,,0,0,0,0,0,0,0,0,0,0,0,0,0,,,,0.0,0.0,0.0,0.0,0.0,0,0,0
62,u,0.0,0.0,4.5,472,288.0,0,0.0,0,0.0,0.1,566,210.0,1,0,1.0,482.0,216.0,0,3,0.0,645.0,244.0,0.0,0.2,0.0,8790,0,10828,17,0.0,0.0,0.0,0.0,0.0,0.61,0.0,0.0,0.0,6.86,0.2,510.0,233.0,0.3,485.0,237.0,0.0,706.0,293.0,0.1,512.0,235.0,,,,32,,Jamaldeen,Jimoh-Aloba,Jimoh-Aloba,has joined West Brom on loan for the rest of the season.,,8,0,0,0,0,0,0,0,0,0,0,0,1,,,,0.0,0.0,0.0,0.0,11.25,0,0,1
63,u,0.0,0.0,4.3,607,355.0,0,0.0,-2,2.0,0.5,260,91.0,0,0,0.0,658.0,248.0,0,0,0.0,547.0,179.0,0.0,0.0,0.0,102090,0,131440,210,0.0,0.0,0.0,0.0,0.0,0.0,0.0,0.0,0.0,0.0,0.0,648.0,238.0,0.0,644.0,243.0,0.0,621.0,232.0,0.0,650.0,240.0,,,,32,,Kadan,Young,Young,has joined Reading on loan for the rest of the season.,,0,0,0,0,0,0,0,0,0,0,0,0,0,,,,0.0,0.0,0.0,0.0,0.0,0,0,0
64,a,100.0,100.0,8.5,10,5.0,0,0.0,-5,5.0,8.2,44,8.0,111,2,3.6,117.0,9.0,14,388,3.7,98.0,14.0,0.4,13.1,0.0,2344416,5571,4378266,7189,3.7,3.7,10.81,1.06,11.87,37.51,0.41,0.04,0.45,1.42,430.0,125.0,12.0,258.2,137.0,9.0,855.0,4.0,3.0,153.7,30.0,6.0,,,3.0,32,,Ollie,Watkins,Watkins,,,2375,9,2,9,31,0,0,0,3,0,0,28,81,,,,0.0,0.34,1.17,1.06,3.07,19,19,43
413,a,100.0,100.0,8.3,12,7.0,0,0.0,-2,2.0,2.5,121,39.0,40,0,2.4,295.0,129.0,4,122,1.5,216.0,94.0,0.2,4.8,0.0,285646,988,1291618,1229,3.5,1.5,2.22,0.68,2.9,6.58,0.35,0.11,0.46,1.05,132.2,340.0,155.0,146.4,225.0,145.0,229.0,123.0,74.0,50.4,271.0,137.0,4.0,1.0,2.0,32,,Omar,Marmoush,Marmoush,,,566,1,3,3,5,0,0,0,2,0,0,7,32,,,,0.0,0.48,0.8,1.11,5.09,12,6,14
414,a,100.0,100.0,8.0,15,10.0,0,0.0,0,0.0,7.9,49,16.0,113,1,4.2,55.0,24.0,10,494,1.0,277.0,127.0,0.1,14.1,0.0,6175152,1385,5560837,4165,2.5,1.0,5.34,4.07,9.41,22.43,0.26,0.2,0.46,1.11,512.8,79.0,24.0,797.1,8.0,8.0,443.0,44.0,26.0,175.1,19.0,15.0,5.0,,,32,,Phil,Foden,Foden,,,1822,7,3,10,16,0,0,0,4,0,0,21,138,,,,0.0,0.49,0.79,1.04,6.82,30,23,85
203,a,,,4.7,395,246.0,0,0.0,-3,3.0,0.0,596,224.0,0,0,0.0,768.0,330.0,0,0,0.0,697.0,282.0,0.0,0.0,0.0,4467,15,7524,18,-1.5,-0.5,0.0,0.0,0.0,0.0,0.0,0.0,0.0,0.0,0.0,767.0,329.0,0.0,762.0,329.0,0.0,753.0,326.0,0.0,767.0,329.0,,,,32,,Enock,Agyei,Boateng,,,0,0,0,0,0,0,0,0,0,0,0,0,0,,,,0.0,0.0,0.0,0.0,0.0,0,0,0
443,a,100.0,100.0,4.5,413,77.0,0,0.0,0,0.0,0.8,210,81.0,77,0,2.5,270.0,105.0,0,322,2.3,156.0,62.0,0.5,17.1,0.0,192524,392,139307,931,2.3,2.8,0.51,1.51,2.01,35.04,0.02,0.05,0.07,1.21,440.0,120.0,53.0,274.3,129.0,33.0,61.0,320.0,99.0,77.6,167.0,55.0,,,,32,,Luke,Shaw,Shaw,,,2617,0,1,6,39,0,0,0,5,0,0,31,202,,,,0.0,0.21,1.34,1.07,5.88,60,111,87
446,a,,,3.7,822,264.0,0,0.0,-3,3.0,0.1,419,154.0,1,0,1.0,451.0,162.0,0,4,0.0,371.0,129.0,0.0,0.3,0.0,12804,91,15760,50,0.0,0.5,0.0,0.0,0.0,0.3,0.0,0.0,0.0,13.5,4.0,483.0,172.0,0.0,497.0,182.0,0.0,464.0,176.0,0.4,498.0,175.0,,,,32,,Tyler,Fredricson,Fredricson,,,2,0,0,0,0,0,0,0,0,0,0,0,2,,,,0.0,0.0,0.0,0.0,90.0,0,2,0
447,a,100.0,100.0,3.7,825,267.0,0,0.0,-3,3.0,2.1,136,54.0,28,0,2.0,332.0,120.0,0,112,0.3,332.0,113.0,0.1,7.6,0.0,485304,1432,409269,2083,0.3,0.8,0.34,0.17,0.51,8.06,0.05,0.02,0.07,1.12,178.0,298.0,114.0,27.2,388.0,140.0,26.0,373.0,127.0,23.1,369.0,127.0,,,,32,,Ayden,Heaven,Heaven,,,650,0,1,1,12,1,0,0,2,0,0,8,74,,,,0.0,0.14,1.66,1.11,10.11,16,57,32
467,a,,,4.2,647,90.0,0,0.0,-3,3.0,1.4,161,24.0,0,0,0.0,647.0,64.0,0,0,0.0,524.0,50.0,0.0,0.0,0.0,273511,101,380915,635,0.0,0.5,0.0,0.0,0.0,0.0,0.0,0.0,0.0,0.0,0.0,639.0,64.0,0.0,633.0,63.0,0.0,607.0,63.0,0.0,641.0,64.0,,,,32,,Chido,Obi,Obi,,,0,0,0,0,0,0,0,0,0,0,0,0,0,,,,0.0,0.0,0.0,0.0,0.0,0,0,0
483,a,,,3.8,813,256.0,0,0.0,-2,2.0,0.4,295,110.0,0,0,0.0,540.0,198.0,0,0,0.0,394.0,149.0,0.0,0.0,0.0,66703,53,50684,99,0.0,0.0,0.0,0.0,0.0,0.0,0.0,0.0,0.0,0.0,0.0,530.0,197.0,0.0,515.0,197.0,0.0,483.0,192.0,0.0,532.0,197.0,,,,32,,Miodrag,Pivaš,Pivas,,,0,0,0,0,0,0,0,0,0,0,0,0,0,,,,0.0,0.0,0.0,0.0,0.0,0,0,0
761,a,,,4.0,730,202.0,0,0.0,0,0.0,0.0,697,246.0,0,0,0.0,631.0,241.0,0,0,0.0,496.0,200.0,0.0,0.0,0.0,1156,25,893,7,-0.5,0.5,0.0,0.0,0.0,0.0,0.0,0.0,0.0,0.0,0.0,622.0,241.0,0.0,614.0,241.0,0.0,584.0,238.0,0.0,624.0,241.0,,,,32,,Freddie,Simmonds,Simmonds,,,0,0,0,0,0,0,0,0,0,0,0,0,0,,,,0.0,0.0,0.0,0.0,0.0,0,0,0
783,a,,,5.5,133,82.0,0,0.0,0,0.0,1.7,152,53.0,49,6,3.8,82.0,36.0,4,250,5.3,36.0,12.0,1.0,8.9,0.0,242364,9429,48991,467,10.1,5.8,0.78,2.59,3.37,13.2,0.06,0.21,0.27,1.08,276.6,222.0,93.0,423.3,58.0,47.0,113.0,244.0,134.0,81.3,154.0,81.0,1.0,,,32,,Pascal,Groß,Groß,,,1096,1,3,4,8,0,0,0,2,0,0,12,106,,,,0.0,0.33,0.66,0.99,8.7,21,33,52
789,a,,,4.0,709,62.0,0,0.0,0,0.0,0.0,757,87.0,0,0,0.0,612.0,83.0,0,0,0.0,475.0,75.0,0.0,0.0,0.0,462,5,366,5,0.5,0.0,0.0,0.0,0.0,0.0,0.0,0.0,0.0,0.0,0.0,603.0,83.0,0.0,595.0,71.0,0.0,564.0,58.0,0.0,605.0,83.0,,,,32,,Max,Merrick,Merrick,,,0,0,0,0,0,0,0,0,0,0,0,0,0,,,,0.0,0.0,0.0,0.0,0.0,0,0,0
818,a,,,4.5,502,71.0,0,0.0,0,0.0,0.0,656,84.0,0,0,0.0,752.0,81.0,0,0,0.0,674.0,69.0,0.0,0.0,0.0,3503,79,1307,58,0.0,0.0,0.0,0.0,0.0,0.0,0.0,0.0,0.0,0.0,0.0,751.0,81.0,0.0,744.0,80.0,0.0,731.0,80.0,0.0,751.0,81.0,,,,32,,James,Wilson,Wilson,,,0,0,0,0,0,0,0,0,0,0,0,0,0,,,,0.0,0.0,0.0,0.0,0.0,0,0,0
326,a,100.0,100.0,5.1,222,136.0,0,0.0,-4,4.0,0.2,411,143.0,24,1,1.0,501.0,231.0,0,71,1.0,259.0,116.0,0.2,4.7,0.0,17488,49,37700,93,1.0,1.5,0.69,0.56,1.25,8.24,0.17,0.14,0.31,2.06,29.2,439.0,194.0,68.5,318.0,176.0,68.0,303.0,162.0,16.0,398.0,182.0,,,,32,,Adama,Traoré Diarra,Adama,,,360,0,0,0,11,0,0,0,1,0,0,1,17,,,,0.0,0.0,2.75,0.25,4.25,1,2,14
600,a,100.0,100.0,4.2,629,32.0,-1,1.0,-3,3.0,2.0,139,18.0,51,0,2.5,267.0,27.0,2,220,0.0,514.0,81.0,0.0,12.1,0.0,187432,237,465253,995,0.0,0.5,0.0,0.0,0.0,35.3,0.0,0.0,0.0,1.76,570.4,59.0,12.0,10.0,427.0,7.0,0.0,600.0,66.0,57.9,239.0,12.0,,,,32,,Alphonse,Areola,Areola,,,1800,0,1,0,37,0,0,0,0,0,77,20,55,,,,3.85,0.0,1.85,1.0,0.0,0,30,142
273,a,100.0,100.0,5.0,268,163.0,0,0.0,0,0.0,0.6,237,85.0,92,1,3.3,159.0,65.0,6,419,1.0,258.0,115.0,0.2,18.4,0.0,179857,265,182665,479,1.0,1.0,1.33,6.03,7.35,33.4,0.05,0.25,0.3,1.37,389.4,150.0,52.0,554.9,30.0,28.0,151.0,201.0,112.0,109.8,86.0,52.0,2.0,,,32,,Adam,Wharton,Wharton,,,2191,0,6,8,33,0,0,0,4,1,0,26,255,,,,0.0,0.33,1.36,1.07,10.47,60,62,133
274,a,,,4.3,613,360.0,0,0.0,-2,2.0,0.1,492,174.0,0,0,0.0,662.0,252.0,0,0,0.0,553.0,184.0,0.0,0.0,0.0,15094,37,11937,96,0.0,0.0,0.0,0.0,0.0,0.0,0.0,0.0,0.0,0.0,0.0,652.0,242.0,0.0,648.0,247.0,0.0,625.0,236.0,0.0,654.0,244.0,,,,32,,Asher,Agbinone,Agbinone,,,0,0,0,0,0,0,0,0,0,0,0,0,0,,,,0.0,0.0,0.0,0.0,0.0,0,0,0
679,a,,,4.2,638,35.0,0,0.0,-3,3.0,0.5,268,34.0,52,7,4.3,42.0,4.0,8,191,4.0,69.0,5.0,1.0,12.4,0.0,61534,856,48506,458,4.0,4.5,0.0,0.01,0.01,15.03,0.0,0.0,0.0,1.25,299.6,207.0,23.0,0.0,629.0,80.0,0.0,603.0,69.0,30.0,347.0,23.0,,,,32,,Mads,Hermansen,Hermansen,,,1080,0,0,5,20,0,0,0,0,0,41,12,34,,,,3.42,0.42,1.67,1.0,0.0,0,16,111
708,a,100.0,100.0,5.5,150,95.0,0,0.0,0,0.0,0.4,275,96.0,109,2,3.6,112.0,51.0,6,543,1.7,207.0,88.0,0.3,19.8,0.0,124529,465,76824,1572,1.7,2.2,1.25,2.46,3.71,39.35,0.05,0.09,0.14,1.43,538.2,73.0,21.0,529.7,34.0,31.0,112.0,247.0,137.0,118.1,74.0,46.0,4.0,,,32,,Mateus Gonçalo,Espanha Fernandes,M.Fernandes,,,2477,3,3,6,42,0,0,0,7,0,0,29,299,,,,0.0,0.22,1.53,1.05,10.86,82,71,146
718,a,,,5.0,277,171.0,0,0.0,0,0.0,0.0,659,262.0,41,1,2.0,344.0,149.0,2,182,0.7,298.0,139.0,0.1,8.2,0.0,5480,6,4980,15,0.7,1.2,0.44,0.32,0.76,18.93,0.04,0.03,0.07,1.76,181.4,296.0,129.0,83.1,302.0,173.0,44.0,341.0,177.0,30.9,342.0,167.0,,,,32,,Soungoutou,Magassa,S.Magassa,,,969,1,0,2,23,0,0,0,4,0,0,11,126,,,,0.0,0.19,2.14,1.02,11.7,40,33,53
738,d,25.0,25.0,4.5,409,21.0,0,0.0,0,0.0,0.0,640,80.0,0,0,0.0,692.0,92.0,0,0,0.0,598.0,88.0,0.0,0.0,0.0,6078,1,5910,7,0.0,0.1,0.0,0.0,0.0,0.0,0.0,0.0,0.0,0.0,0.0,686.0,92.0,0.0,681.0,85.0,0.0,662.0,75.0,0.0,688.0,92.0,,,,32,,Lukasz,Fabianski,Fabianski,Back injury - 25% chance of playing,,0,0,0,0,0,0,0,0,0,0,0,0,0,,,,0.0,0.0,0.0,0.0,0.0,0,0,0
747,a,,,4.0,729,201.0,0,0.0,0,0.0,0.0,627,224.0,6,0,1.0,459.0,168.0,0,18,0.0,495.0,199.0,0.0,1.5,0.0,2687,15,2280,25,0.0,0.5,0.12,0.49,0.61,3.21,0.1,0.39,0.49,2.56,21.8,450.0,166.0,34.9,376.0,134.0,9.0,419.0,158.0,6.6,441.0,158.0,,,,32,,Ezra,Mayers,Mayers,,,113,0,0,0,3,0,0,0,0,0,0,0,5,,,,0.0,0.0,2.39,0.0,3.98,0,5,6
752,a,,,4.0,739,211.0,0,0.0,0,0.0,0.0,643,229.0,0,0,0.0,637.0,247.0,0,0,0.0,504.0,208.0,0.0,0.0,0.0,2270,13,2087,13,0.0,0.5,0.0,0.0,0.0,0.0,0.0,0.0,0.0,0.0,0.0,628.0,247.0,0.0,620.0,247.0,0.0,591.0,245.0,0.0,630.0,247.0,,,,32,,Airidas,Golambeckis,Golambeckis,,,0,0,0,0,0,0,0,0,0,0,0,0,0,,,,0.0,0.0,0.0,0.0,0.0,0,0,0
758,a,,,4.5,507,315.0,0,0.0,0,0.0,0.0,733,306.0,7,0,0.9,510.0,238.0,0,22,0.7,288.0,131.0,0.2,1.6,0.0,2073,22,1280,18,0.7,1.2,0.07,0.03,0.1,0.99,0.2,0.08,0.28,2.78,10.4,464.0,206.0,12.6,420.0,209.0,8.0,423.0,205.0,2.7,466.0,210.0,,,,32,,Mohamadou,Kanté,Mohamadou Kanté,,,32,0,0,0,0,0,0,0,1,0,0,0,11,,,,0.0,0.0,0.0,0.0,30.94,4,1,6
663,u,0.0,0.0,4.9,314,195.0,0,0.0,-6,6.0,0.1,443,149.0,45,0,2.0,343.0,148.0,2,175,0.0,722.0,298.0,0.0,9.2,0.0,20148,0,82343,18,0.0,0.0,3.38,0.62,4.0,16.0,0.27,0.05,0.32,1.29,171.0,304.0,134.0,204.0,174.0,115.0,148.0,205.0,114.0,52.1,261.0,131.0,,,,32,,Jhon,Arias,J.Arias,has joined Palmeiras permanently.,,1117,1,0,2,21,0,0,0,1,0,0,14,125,,,,0.0,0.16,1.69,1.13,10.07,43,24,58
682,a,,,4.2,639,147.0,0,0.0,-3,3.0,0.1,550,198.0,29,0,1.6,398.0,148.0,0,69,0.0,516.0,216.0,0.0,6.9,0.0,4938,14,9559,13,-0.5,-0.5,0.13,1.04,1.17,17.48,0.01,0.11,0.12,1.88,142.0,330.0,126.0,110.8,264.0,75.0,46.0,336.0,109.0,30.0,348.0,117.0,,,,32,,David,Møller Wolfe,Møller Wolfe,,,839,0,2,1,20,0,0,0,1,0,0,9,48,,,,0.0,0.11,2.15,0.97,4.61,9,34,20
695,a,,,4.4,553,119.0,0,0.0,-1,1.0,0.0,632,226.0,51,0,1.8,372.0,140.0,0,156,0.5,320.0,107.0,0.1,11.6,0.0,6700,15,6263,37,0.0,0.0,0.33,1.59,1.92,28.9,0.02,0.08,0.1,1.46,315.2,197.0,78.0,344.0,82.0,20.0,69.0,301.0,91.0,72.9,183.0,63.0,,,,32,,Jackson,Tchatchoua,Tchatchoua,,,1785,0,1,3,35,0,0,0,3,0,0,18,132,,,,0.0,0.15,1.76,0.91,5.39,29,78,62
709,a,100.0,100.0,4.5,429,87.0,0,0.0,0,0.0,0.1,542,193.0,59,0,2.4,282.0,107.0,0,197,0.0,610.0,244.0,0.0,13.1,0.0,25702,82,21252,120,-0.5,-0.5,2.02,1.41,3.43,36.26,0.09,0.06,0.15,1.53,478.8,99.0,44.0,127.9,245.0,65.0,223.0,128.0,22.0,83.3,148.0,50.0,,,,32,,Ladislav,Krejcí,Krejčí,,,2127,2,1,3,42,1,0,0,3,1,0,24,198,,,,0.0,0.13,1.78,1.02,7.4,26,149,69
720,a,,,5.3,197,46.0,0,0.0,-2,2.0,0.1,435,62.0,60,1,2.1,325.0,36.0,4,202,3.0,130.0,16.0,0.6,11.3,0.0,65683,57,51982,491,2.5,2.5,4.63,0.36,4.99,21.05,0.33,0.03,0.36,1.52,223.8,263.0,25.0,172.9,198.0,19.0,475.0,37.0,17.0,86.4,142.0,20.0,,,5.0,32,,Tolu,Arokodare,Tolu,,,1250,3,2,3,26,0,0,1,1,0,0,12,71,,,,0.0,0.22,1.87,0.86,5.11,6,41,24
1,a,,,6.0,85,1.0,0,0.0,5,-5.0,33.7,7,1.0,130,1,4.1,57.0,6.0,6,523,4.0,79.0,8.0,0.7,21.7,0.0,4250536,6591,2655751,23734,4.5,5.0,0.0,0.06,0.06,23.49,0.0,0.0,0.0,0.73,460.2,111.0,17.0,33.4,379.0,3.0,0.0,817.0,95.0,49.4,275.0,16.0,,,,32,,David,Raya Martín,Raya,,,2880,0,0,15,24,0,0,0,1,0,51,32,94,,,,1.59,0.47,0.75,1.0,0.0,1,30,269
3,u,0.0,0.0,4.0,688,53.0,0,0.0,0,0.0,0.2,376,53.0,0,0,0.0,598.0,75.0,0,0,0.0,458.0,67.0,0.0,0.0,0.0,5545,0,48394,11,0.0,0.0,0.0,0.0,0.0,0.0,0.0,0.0,0.0,0.0,0.0,588.0,75.0,0.0,579.0,62.0,0.0,548.0,49.0,0.0,590.0,75.0,,,,32,,Karl,Hein,Hein,Has joined Werder Bremen on loan for the rest of the season.,,0,0,0,0,0,0,0,0,0,0,0,0,0,,,,0.0,0.0,0.0,0.0,0.0,0,0,0
5,a,100.0,100.0,7.2,32,1.0,0,0.0,12,-12.0,42.8,5,1.0,177,4,6.8,2.0,1.0,25,605,6.5,13.0,7.0,0.9,24.6,0.0,8485988,13186,5554154,26023,7.0,7.5,1.98,1.66,3.64,17.01,0.08,0.07,0.15,0.68,702.8,28.0,10.0,109.0,266.0,76.0,220.0,129.0,23.0,103.0,94.0,25.0,,,,32,,Gabriel,dos Santos Magalhães,Gabriel,,,2255,3,5,14,17,0,0,0,3,0,0,25,247,,,,0.0,0.56,0.68,1.0,9.26,33,199,51
6,a,100.0,100.0,6.1,84,4.0,0,0.0,1,-1.0,13.8,22,8.0,108,1,4.2,52.0,21.0,9,460,6.0,25.0,15.0,1.0,17.7,0.0,2063650,9523,2339843,10619,6.5,7.0,0.88,0.7,1.58,16.34,0.04,0.03,0.07,0.68,450.2,117.0,51.0,167.2,203.0,53.0,76.0,293.0,87.0,69.3,200.0,67.0,,,,32,,William,Saliba,Saliba,,,2164,1,0,11,18,0,0,0,1,0,0,25,187,,,,0.0,0.46,0.75,1.04,6.49,30,126,98
7,d,75.0,100.0,5.6,131,13.0,0,0.0,1,-1.0,6.1,65,23.0,93,0,4.2,50.0,20.0,4,339,3.0,134.0,52.0,0.5,16.6,0.0,2664991,614,2483249,3889,2.6,4.0,2.92,0.49,3.41,8.96,0.18,0.03,0.21,0.56,244.4,248.0,98.0,127.9,246.0,66.0,249.0,113.0,15.0,62.2,228.0,77.0,,,,32,,Riccardo,Calafiori,Calafiori,Knock - 75% chance of playing,,1446,1,2,11,8,0,0,0,5,0,0,18,134,,,,0.0,0.68,0.5,1.12,5.91,31,64,65
8,d,75.0,75.0,6.2,75,3.0,-1,1.0,7,-7.0,24.1,13,4.0,149,0,5.0,16.0,5.0,9,532,0.5,327.0,111.0,0.1,24.0,0.0,6776474,1070,4472924,92323,0.8,1.1,4.71,1.53,6.24,17.45,0.17,0.06,0.23,0.64,499.0,86.0,38.0,402.6,67.0,13.0,352.0,72.0,6.0,125.7,59.0,9.0,,,,32,,Jurriën,Timber,J.Timber,Ankle injury - 75% chance of playing,,2452,3,6,13,20,0,0,0,5,0,0,28,178,,,,0.0,0.48,0.73,1.03,5.43,66,82,97
9,u,0.0,0.0,5.4,169,20.0,0,0.0,-1,1.0,0.0,595,212.0,0,0,0.0,809.0,268.0,0,0,0.0,787.0,265.0,0.0,0.0,0.0,1119,0,10927,2,0.0,0.0,0.0,0.0,0.0,0.0,0.0,0.0,0.0,0.0,0.0,808.0,268.0,0.0,807.0,268.0,0.0,805.0,268.0,0.0,808.0,268.0,,,,32,,Jakub,Kiwior,Kiwior,has joined Porto on loan for the rest of the season.,,0,0,0,0,0,0,0,0,0,0,0,0,0,,,,0.0,0.0,0.0,0.0,0.0,0,0,0
10,a,,,5.0,269,42.0,0,0.0,-5,5.0,1.4,166,65.0,13,1,0.9,512.0,176.0,0,41,0.5,323.0,109.0,0.1,2.6,0.0,136241,142,468504,164,1.0,1.5,0.1,0.08,0.18,6.45,0.02,0.02,0.04,1.45,45.2,421.0,156.0,47.8,357.0,126.0,25.0,377.0,130.0,11.7,419.0,149.0,,,,32,,Myles,Lewis-Skelly,Lewis-Skelly,,,401,0,0,0,7,0,0,0,3,0,0,2,26,,,,0.0,0.0,1.57,0.45,4.26,6,13,17
14,u,0.0,0.0,3.9,785,231.0,0,0.0,-1,1.0,0.1,499,179.0,0,0,0.0,575.0,209.0,0,0,0.0,433.0,164.0,0.0,0.0,0.0,10218,0,22742,7,0.0,0.0,0.0,0.0,0.0,0.0,0.0,0.0,0.0,0.0,0.0,565.0,208.0,0.0,553.0,208.0,0.0,521.0,203.0,0.0,567.0,208.0,,,,32,,Maldini,Kacurri,Kacurri,has joined Morecambe on loan for the rest of the season.,,0,0,0,0,0,0,0,0,0,0,0,0,0,,,,0.0,0.0,0.0,0.0,0.0,0,0,0
16,d,75.0,75.0,9.8,6,4.0,0,0.0,-2,2.0,7.6,52,18.0,133,0,4.9,18.0,7.0,14,497,1.5,217.0,95.0,0.2,13.6,0.0,4150966,220,5161005,14764,1.5,1.9,6.99,5.75,12.74,14.36,0.32,0.26,0.58,0.65,538.8,72.0,20.0,725.9,12.0,12.0,762.0,8.0,3.0,202.9,7.0,5.0,2.0,2.0,1.0,32,,Bukayo,Saka,Saka,Knock - 75% chance of playing,,1995,6,8,10,16,0,0,0,1,0,0,22,163,,,,0.0,0.45,0.72,0.99,7.35,35,24,104
17,d,75.0,75.0,7.8,18,13.0,0,0.0,-2,2.0,1.5,158,54.0,62,0,3.1,190.0,78.0,5,252,0.0,823.0,369.0,0.0,7.9,0.0,379491,48,648158,510,0.4,0.8,1.01,2.91,3.92,12.89,0.08,0.24,0.32,1.08,259.6,236.0,99.0,434.7,54.0,44.0,144.0,208.0,116.0,83.7,147.0,77.0,4.0,,3.0,32,,Martin,Ødegaard,Ødegaard,Knock - 75% chance of playing,,1070,1,6,4,11,0,0,0,0,0,0,13,81,,,,0.0,0.34,0.93,1.09,6.81,17,13,51
18,a,100.0,100.0,6.8,44,28.0,0,0.0,-2,2.0,0.9,204,71.0,55,1,2.6,263.0,110.0,6,190,2.0,191.0,80.0,0.3,8.1,0.0,374810,255,418247,919,2.5,3.0,1.03,2.13,3.16,10.36,0.1,0.2,0.3,0.99,195.8,284.0,121.0,272.2,131.0,90.0,316.0,84.0,50.0,78.3,165.0,85.0,3.0,,,32,,Noni,Madueke,Madueke,,,942,2,1,6,8,0,0,0,0,0,0,13,51,,,,0.0,0.57,0.76,1.24,4.87,18,11,22
19,a,100.0,100.0,6.8,45,29.0,0,0.0,-2,2.0,0.9,197,68.0,48,1,1.8,385.0,163.0,1,162,2.5,153.0,58.0,0.4,7.1,0.0,192529,264,267603,478,3.0,3.5,3.53,1.01,4.54,8.2,0.36,0.1,0.46,0.83,168.4,308.0,136.0,154.1,214.0,138.0,333.0,78.0,45.0,64.9,213.0,105.0,,,,32,,Gabriel,Martinelli Silva,Martinelli,,,892,1,4,2,6,0,0,0,2,0,0,10,65,,,,0.0,0.2,0.61,1.01,6.56,10,12,43
20,a,100.0,100.0,6.5,48,30.0,0,0.0,-5,5.0,0.8,213,75.0,100,1,3.7,102.0,45.0,9,355,0.5,329.0,150.0,0.1,15.4,0.0,540059,315,504450,1036,1.0,1.5,4.96,2.71,7.67,12.23,0.26,0.14,0.4,0.64,415.4,134.0,46.0,464.0,44.0,38.0,438.0,46.0,28.0,132.0,49.0,33.0,,,4.0,32,,Leandro,Trossard,Trossard,,,1711,5,5,8,15,0,0,0,1,0,0,18,117,,,,0.0,0.42,0.79,0.95,6.15,25,24,68
21,a,100.0,100.0,7.3,26,17.0,0,0.0,8,-8.0,25.2,12,3.0,167,4,5.4,7.0,4.0,23,721,3.5,103.0,39.0,0.5,22.9,0.0,7094081,7307,5036152,41818,4.0,4.5,3.15,6.76,9.91,19.97,0.11,0.23,0.34,0.67,756.6,14.0,3.0,950.7,3.0,3.0,286.0,100.0,61.0,199.5,10.0,7.0,1.0,1.0,,32,,Declan,Rice,Rice,,,2670,4,9,14,23,0,0,0,2,0,0,30,324,,,,0.0,0.47,0.78,1.01,10.92,59,107,158
22,i,0.0,0.0,5.4,161,101.0,0,0.0,-6,6.0,0.8,215,76.0,66,0,3.1,189.0,77.0,5,238,0.0,782.0,342.0,0.0,12.2,0.0,836002,7,844123,285,0.0,0.0,2.99,1.45,4.44,6.59,0.27,0.13,0.4,0.6,304.4,204.0,85.0,187.0,187.0,123.0,237.0,118.0,70.0,72.6,185.0,92.0,,,,32,,Mikel,Merino Zazón,Merino,Foot injury - Unknown return date,,996,4,3,4,9,0,0,0,1,0,0,10,111,,,,0.0,0.36,0.81,0.9,10.03,26,30,55
23,u,0.0,0.0,5.4,168,106.0,0,0.0,-1,1.0,0.0,687,278.0,0,0,0.0,808.0,358.0,0,0,0.0,786.0,344.0,0.0,0.0,0.0,933,0,4433,0,0.0,0.0,0.0,0.0,0.0,0.0,0.0,0.0,0.0,0.0,0.0,807.0,357.0,0.0,806.0,357.0,0.0,804.0,356.0,0.0,807.0,357.0,,,,32,,Fábio,Ferreira Vieira,Fábio Vieira,has joined Hamburger on loan for the rest of the season.,,0,0,0,0,0,0,0,0,0,0,0,0,0,,,,0.0,0.0,0.0,0.0,0.0,0,0,0
25,u,0.0,0.0,5.0,270,164.0,0,0.0,-5,5.0,0.1,456,155.0,8,0,1.3,435.0,194.0,0,20,0.0,752.0,319.0,0.0,1.6,0.0,13149,0,37090,11,0.0,0.0,0.23,0.08,0.31,0.73,0.13,0.04,0.17,0.4,8.6,469.0,210.0,22.5,393.0,198.0,24.0,380.0,191.0,5.4,450.0,202.0,,,,32,,Ethan,Nwaneri,Nwaneri,has joined Marseille on loan for the rest of the season.,,165,0,0,1,0,0,0,0,0,0,0,0,13,,,,0.0,0.55,0.0,0.0,7.09,2,1,10
26,a,100.0,100.0,5.0,264,160.0,-1,1.0,-5,5.0,3.4,100,33.0,119,2,3.7,99.0,42.0,9,544,2.5,152.0,57.0,0.5,23.8,0.0,1333634,929,1215344,7276,3.0,3.5,2.77,2.2,4.97,22.25,0.09,0.07,0.16,0.75,550.2,65.0,17.0,340.8,85.0,63.0,262.0,103.0,63.0,115.5,79.0,49.0,,,,32,,Martín,Zubimendi Ibáñez,Zubimendi,,,2672,5,1,15,22,0,0,0,4,0,0,31,267,,,,0.0,0.51,0.74,1.04,8.99,57,108,102
28,u,0.0,0.0,4.5,487,299.0,0,0.0,0,0.0,0.1,495,176.0,0,0,0.0,740.0,308.0,0,0,0.0,660.0,255.0,0.0,0.0,0.0,6731,0,30310,3,0.0,0.0,0.0,0.0,0.0,0.0,0.0,0.0,0.0,0.0,0.0,738.0,306.0,0.0,731.0,306.0,0.0,718.0,302.0,0.0,738.0,306.0,,,,32,,Ismeal,Kabia,Kabia,has joined Shrewsbury Town on loan for the rest of the season.,,0,0,0,0,0,0,0,0,0,0,0,0,0,,,,0.0,0.0,0.0,0.0,0.0,0,0,0
30,a,100.0,100.0,7.3,28,11.0,0,0.0,-2,2.0,0.5,266,41.0,13,1,1.9,365.0,42.0,0,52,1.5,215.0,30.0,0.2,1.8,0.0,120455,287,203396,570,2.0,2.5,1.27,0.1,1.37,3.11,0.36,0.03,0.39,0.89,38.2,429.0,50.0,48.9,354.0,43.0,63.0,315.0,52.0,15.1,400.0,50.0,,,,32,,Kai,Havertz,Havertz,,,314,0,1,3,1,0,0,0,0,0,0,4,21,,,,0.0,0.86,0.29,1.15,6.02,5,7,9
31,a,100.0,100.0,6.4,56,20.0,0,0.0,-1,1.0,0.3,305,48.0,18,1,1.5,417.0,50.0,0,73,0.5,328.0,43.0,0.1,2.8,0.0,148594,75,128362,423,1.0,1.5,1.83,0.23,2.06,3.57,0.52,0.07,0.59,1.01,107.0,365.0,37.0,36.4,374.0,49.0,228.0,125.0,30.0,36.9,318.0,37.0,,,,32,,Gabriel,Fernando de Jesus,G.Jesus,,,318,2,0,0,6,0,0,0,2,0,0,2,26,,,,0.0,0.0,1.7,0.57,7.36,4,4,18
266,a,100.0,100.0,7.2,33,19.0,0,0.0,-3,3.0,7.7,50,17.0,95,1,3.5,132.0,59.0,8,366,2.0,193.0,81.0,0.3,13.2,0.0,3377343,978,3801186,3876,2.5,3.0,3.88,2.31,6.19,10.79,0.23,0.14,0.37,0.63,345.2,182.0,71.0,255.2,139.0,95.0,373.0,65.0,38.0,97.2,107.0,60.0,,,,32,,Eberechi,Eze,Eze,,,1530,6,3,8,11,0,0,0,1,0,0,17,101,,,,0.0,0.47,0.65,1.0,5.94,17,19,65
662,a,100.0,100.0,5.3,199,25.0,0,0.0,-2,2.0,0.2,413,151.0,29,1,1.9,360.0,134.0,1,152,1.0,263.0,90.0,0.2,5.5,0.0,47861,131,53141,136,1.5,2.0,0.0,0.5,0.5,5.5,0.0,0.07,0.07,0.73,156.8,317.0,120.0,51.9,347.0,122.0,10.0,418.0,157.0,21.9,375.0,131.0,,,,32,,Cristhian,Mosquera,Mosquera,,,681,0,0,2,5,0,0,0,2,0,0,6,83,,,,0.0,0.26,0.66,0.79,9.25,23,47,25
666,a,100.0,100.0,8.8,8,4.0,0,0.0,-2,2.0,11.8,30,5.0,106,5,3.5,133.0,13.0,13,388,6.0,27.0,5.0,0.7,12.0,0.0,3545361,7074,5138321,13133,6.5,7.0,10.25,1.77,12.01,15.04,0.47,0.08,0.55,0.68,440.0,121.0,11.0,214.4,168.0,14.0,658.0,22.0,14.0,130.4,54.0,13.0,,,2.0,32,,Viktor,Gyökeres,Gyökeres,,,1978,12,0,10,13,0,0,0,5,0,0,24,73,,,,0.0,0.46,0.59,1.09,3.32,6,20,47
700,a,100.0,100.0,4.2,649,371.0,0,0.0,-3,3.0,0.7,221,78.0,12,1,3.0,191.0,79.0,0,43,3.5,100.0,37.0,0.8,2.9,0.0,217332,3111,151274,1075,4.0,4.5,1.11,0.14,1.25,0.67,1.26,0.16,1.42,0.76,41.2,424.0,185.0,38.4,369.0,189.0,57.0,325.0,172.0,13.7,405.0,184.0,,,,32,,Max,Dowman,Dowman,,,79,1,1,0,1,0,0,0,0,0,0,0,7,,,,0.0,0.0,1.14,0.0,7.97,2,0,5
759,a,,,4.0,732,204.0,0,0.0,0,0.0,0.0,675,237.0,0,0,0.0,633.0,243.0,0,0,0.0,498.0,202.0,0.0,0.0,0.0,1438,8,1307,12,0.5,1.0,0.0,0.0,0.0,0.0,0.0,0.0,0.0,0.0,0.0,624.0,243.0,0.0,616.0,243.0,0.0,586.0,240.0,0.0,626.0,243.0,,,,32,,Marli,Salmon,Salmon,,,0,0,0,0,0,0,0,0,0,0,0,0,0,,,,0.0,0.0,0.0,0.0,0.0,0,0,0
32,d,75.0,100.0,5.1,220,6.0,0,0.0,1,-1.0,4.8,81,15.0,105,0,3.9,71.0,8.0,10,453,2.7,146.0,16.0,0.5,20.6,0.0,1036432,4373,693292,5835,2.0,2.7,0.0,0.06,0.06,35.8,0.0,0.0,0.0,1.35,611.2,46.0,11.0,13.2,415.0,5.0,0.0,795.0,90.0,62.4,227.0,11.0,,,,32,,Emiliano,Martínez Romero,Martinez,Calf injury - 75% chance of playing,,2385,0,0,7,29,0,1,0,2,0,76,27,78,,,,2.87,0.26,1.09,1.02,0.0,0,25,224
34,u,0.0,0.0,4.0,687,52.0,0,0.0,0,0.0,0.1,507,75.0,0,0,0.0,597.0,74.0,0,0,0.0,457.0,66.0,0.0,0.0,0.0,0,0,17578,13,0.0,0.0,0.0,0.0,0.0,0.0,0.0,0.0,0.0,0.0,0.0,587.0,74.0,0.0,578.0,61.0,0.0,547.0,48.0,0.0,589.0,74.0,,,,32,,Joe,Gauci,Gauci,Has joined Port Vale on loan for the rest of the season.,,0,0,0,0,0,0,0,0,0,0,0,0,0,,,,0.0,0.0,0.0,0.0,0.0,0,0,0
35,u,0.0,0.0,4.0,686,51.0,0,0.0,0,0.0,0.0,754,86.0,0,0,0.0,596.0,73.0,0,0,0.0,456.0,65.0,0.0,0.0,0.0,0,0,1283,0,0.0,0.0,0.0,0.0,0.0,0.0,0.0,0.0,0.0,0.0,0.0,586.0,73.0,0.0,577.0,60.0,0.0,546.0,47.0,0.0,588.0,73.0,,,,32,,Filip,Marschall,Marschall,Has joined Stevenage permanently.,,0,0,0,0,0,0,0,0,0,0,0,0,0,,,,0.0,0.0,0.0,0.0,0.0,0,0,0
36,a,100.0,100.0,4.7,381,63.0,0,0.0,2,-2.0,8.3,43,15.0,107,1,3.7,92.0,34.0,6,408,2.3,158.0,63.0,0.5,22.8,0.0,2881290,3495,2211405,7598,2.3,2.3,1.11,2.7,3.81,38.39,0.04,0.1,0.14,1.36,552.2,64.0,31.0,425.9,56.0,9.0,210.0,140.0,27.0,118.8,73.0,14.0,3.0,,,32,,Matty,Cash,Cash,,,2532,3,2,8,28,0,0,0,8,0,0,29,181,,,,0.0,0.28,1.0,1.03,5.62,51,107,76
37,a,100.0,100.0,4.5,412,76.0,0,0.0,0,0.0,1.6,156,62.0,87,2,3.2,165.0,65.0,5,348,4.3,56.0,25.0,1.0,19.3,0.0,332039,978,369445,774,4.3,4.3,0.61,2.8,3.41,23.61,0.03,0.15,0.18,1.31,344.6,183.0,76.0,408.4,65.0,12.0,125.0,233.0,60.0,87.6,139.0,43.0,2.0,2.0,,32,,Lucas,Digne,Digne,,,1626,0,5,7,18,0,0,0,3,0,0,19,125,,,,0.0,0.39,1.0,1.05,5.59,33,68,60
38,a,100.0,100.0,4.4,527,105.0,0,0.0,-1,1.0,8.0,48,16.0,95,0,3.2,163.0,64.0,3,461,2.3,155.0,61.0,0.5,21.6,0.0,798886,1459,2080736,5890,2.3,2.3,1.27,0.56,1.83,42.8,0.04,0.02,0.06,1.44,542.8,68.0,33.0,104.0,275.0,83.0,120.0,237.0,62.0,77.2,168.0,56.0,,,,32,,Ezri,Konsa Ngoyo,Konsa,,,2675,0,1,9,36,0,0,0,0,1,0,30,204,,,,0.0,0.3,1.21,1.01,5.96,20,157,90
39,a,,,4.2,636,145.0,0,0.0,-3,3.0,0.6,246,93.0,41,1,1.6,397.0,147.0,0,208,0.7,282.0,96.0,0.2,9.8,0.0,84142,103,114820,517,0.7,0.7,1.23,1.85,3.08,22.13,0.09,0.13,0.22,1.58,262.2,232.0,93.0,300.1,115.0,28.0,205.0,143.0,29.0,76.9,169.0,57.0,,,,32,,Ian,Maatsen,Maatsen,,,1263,0,0,2,20,0,0,0,2,0,0,13,113,,,,0.0,0.14,1.43,0.93,7.2,36,65,73
46,u,0.0,0.0,4.0,722,195.0,0,0.0,0,0.0,0.1,467,172.0,0,0,0.0,624.0,235.0,0,0,0.0,488.0,193.0,0.0,0.0,0.0,4656,0,21079,7,0.0,0.0,0.0,0.0,0.0,0.0,0.0,0.0,0.0,0.0,0.0,615.0,235.0,0.0,607.0,235.0,0.0,577.0,232.0,0.0,617.0,235.0,,,,32,,Yasin,Özcan,Yasin,has joined Anderlecht on loan for the rest of the season.,,0,0,0,0,0,0,0,0,0,0,0,0,0,,,,0.0,0.0,0.0,0.0,0.0,0,0,0
47,a,100.0,100.0,7.4,24,16.0,0,0.0,4,-4.0,22.6,15,5.0,143,5,4.5,35.0,14.0,13,506,4.3,66.0,27.0,0.6,19.3,0.0,6143169,12285,4386066,28054,4.3,4.3,5.98,3.51,9.49,44.48,0.19,0.11,0.3,1.41,627.2,44.0,11.0,611.3,23.0,22.0,776.0,7.0,2.0,201.4,8.0,6.0,,1.0,,32,,Morgan,Rogers,Rogers,,,2830,8,7,9,38,0,0,0,6,0,0,32,199,,,,0.0,0.29,1.21,1.02,6.33,34,44,121
48,a,100.0,100.0,5.9,92,59.0,0,0.0,-1,1.0,0.6,236,84.0,55,2,2.9,209.0,86.0,3,318,1.0,271.0,124.0,0.2,9.3,0.0,160335,340,349893,75,1.0,1.0,1.0,2.7,3.7,24.58,0.06,0.17,0.23,1.57,349.0,179.0,69.0,443.3,49.0,41.0,152.0,199.0,110.0,94.5,113.0,64.0,5.0,,,32,,Youri,Tielemans,Tielemans,,,1408,0,4,4,18,0,0,0,0,0,0,16,155,,,,0.0,0.26,1.15,1.02,9.91,43,38,74
49,a,100.0,100.0,5.5,139,86.0,0,0.0,0,0.0,0.1,469,162.0,13,0,1.4,428.0,189.0,0,42,0.7,304.0,141.0,0.1,2.4,0.0,8593,50,51225,98,0.7,0.7,0.31,1.21,1.52,5.37,0.08,0.33,0.41,1.45,55.0,412.0,180.0,122.8,250.0,155.0,59.0,324.0,171.0,23.7,366.0,175.0,4.0,,,32,,Leon,Bailey,Bailey,,,334,0,1,0,8,0,0,0,1,0,0,2,33,,,,0.0,0.0,2.16,0.54,8.89,7,3,23
50,a,100.0,100.0,5.3,185,116.0,0,0.0,-2,2.0,0.4,290,102.0,84,1,2.8,226.0,89.0,8,295,1.7,204.0,86.0,0.3,15.8,0.0,225882,108,203293,603,1.7,1.7,2.9,1.93,4.83,22.9,0.18,0.12,0.3,1.41,347.4,181.0,70.0,332.9,91.0,68.0,314.0,85.0,51.0,98.1,104.0,59.0,,6.0,2.0,32,,Emiliano,Buendía Stati,Buendía,,,1465,5,2,3,19,0,0,0,6,0,0,18,160,,,,0.0,0.18,1.17,1.11,9.83,38,29,93
51,u,0.0,0.0,5.5,147,93.0,0,0.0,0,0.0,0.0,690,279.0,0,0,0.0,814.0,363.0,0,0,0.0,797.0,352.0,0.0,0.0,0.0,1383,0,3802,1,0.0,0.0,0.0,0.0,0.0,0.0,0.0,0.0,0.0,0.0,0.0,813.0,362.0,0.0,812.0,362.0,0.0,810.0,361.0,0.0,813.0,362.0,,,,32,,Samuel,Iling-Junior,Iling Jr,has joined Pisa on loan for the rest of the season.,,0,0,0,0,0,0,0,0,0,0,0,0,0,,,,0.0,0.0,0.0,0.0,0.0,0,0,0
53,u,0.0,0.0,5.1,225,137.0,0,0.0,-4,4.0,0.4,285,99.0,55,0,2.6,258.0,106.0,3,161,0.0,762.0,327.0,0.0,10.8,0.0,172896,0,339951,60,0.0,0.0,4.03,0.35,4.38,10.59,0.57,0.05,0.62,1.49,183.4,293.0,128.0,99.7,276.0,165.0,290.0,97.0,59.0,56.3,248.0,122.0,,,,32,,Donyell,Malen,Malen,has joined Roma on loan for the rest of the season.,,640,4,2,1,10,0,0,0,0,0,0,5,16,,,,0.0,0.14,1.41,0.7,2.25,4,2,10
54,a,100.0,100.0,5.3,183,114.0,0,0.0,-2,2.0,0.6,244,87.0,84,1,3.4,148.0,61.0,6,349,4.3,60.0,22.0,0.8,15.8,0.0,225691,1014,246844,386,4.3,4.3,2.72,2.32,5.04,28.89,0.14,0.12,0.26,1.44,356.2,169.0,65.0,440.5,52.0,43.0,231.0,122.0,73.0,102.6,95.0,55.0,,,,32,,John,McGinn,McGinn,,,1807,4,2,8,23,0,0,0,4,0,0,24,135,,,,0.0,0.4,1.15,1.2,6.72,27,30,78
55,a,100.0,100.0,4.8,348,218.0,0,0.0,-2,2.0,0.1,482,168.0,37,2,2.5,271.0,111.0,3,163,5.7,29.0,8.0,1.2,7.7,0.0,14053,723,13437,156,5.7,5.7,0.75,1.1,1.85,7.69,0.14,0.21,0.35,1.49,156.4,319.0,144.0,112.4,263.0,161.0,112.0,245.0,135.0,38.1,314.0,154.0,,,,32,,Ross,Barkley,Barkley,,,466,2,1,1,7,0,0,0,0,0,0,3,52,,,,0.0,0.19,1.35,0.58,10.04,10,13,29
56,u,0.0,0.0,5.0,267,162.0,0,0.0,0,0.0,0.0,825,370.0,0,0,0.0,796.0,350.0,0,0,0.0,751.0,318.0,0.0,0.0,0.0,0,0,35,0,0.0,0.0,0.0,0.0,0.0,0.0,0.0,0.0,0.0,0.0,0.0,795.0,349.0,0.0,793.0,349.0,0.0,788.0,347.0,0.0,795.0,349.0,,,,32,,Enzo,Barrenechea,Barrenechea,Season-long loan to Benfica,,0,0,0,0,0,0,0,0,0,0,0,0,0,,,,0.0,0.0,0.0,0.0,0.0,0,0,0
65,u,0.0,0.0,4.5,484,68.0,0,0.0,0,0.0,0.3,331,53.0,0,0,0.0,738.0,78.0,0,0,0.0,657.0,66.0,0.0,0.0,0.0,17574,0,85194,15,0.0,0.0,0.0,0.0,0.0,0.0,0.0,0.0,0.0,0.0,0.0,735.0,78.0,0.0,729.0,77.0,0.0,716.0,77.0,0.0,736.0,78.0,,,,32,,Zépiqueno,Redmond,Redmond,has joined Huddersfield Town on loan for the rest of the season.,,0,0,0,0,0,0,0,0,0,0,0,0,0,,,,0.0,0.0,0.0,0.0,0.0,0,0,0
389,a,100.0,100.0,5.1,233,141.0,0,0.0,-4,4.0,0.2,398,136.0,5,0,1.0,502.0,232.0,0,17,0.0,764.0,329.0,0.0,1.0,0.0,94422,32,103720,36,0.0,0.0,0.29,0.08,0.37,1.74,0.24,0.07,0.31,1.42,11.8,461.0,205.0,31.7,383.0,193.0,31.0,365.0,188.0,7.4,436.0,196.0,,,,32,,Harvey,Elliott,Elliott,,,110,0,0,0,2,0,0,0,0,0,0,1,6,,,,0.0,0.0,1.64,0.82,4.91,0,2,4
456,d,50.0,50.0,5.8,105,69.0,0,0.0,-2,2.0,0.2,365,124.0,32,0,1.7,395.0,168.0,0,127,2.0,184.0,74.0,0.3,5.5,0.0,51435,9,54432,238,1.0,1.0,0.61,1.82,2.43,11.28,0.07,0.22,0.29,1.35,124.8,347.0,158.0,282.9,125.0,87.0,191.0,160.0,90.0,60.1,233.0,115.0,6.0,,,32,,Jadon,Sancho,Sancho,Shoulder injury - 50% chance of playing,,752,0,2,2,5,0,0,0,0,0,0,8,38,,,,0.0,0.24,0.6,0.96,4.55,6,11,21
688,a,,,3.9,769,83.0,0,0.0,-1,1.0,0.6,245,33.0,0,0,0.0,562.0,55.0,0,0,0.0,418.0,45.0,0.0,0.0,0.0,61933,21,46440,97,0.0,0.0,0.0,0.0,0.0,0.0,0.0,0.0,0.0,0.0,0.0,552.0,55.0,0.0,539.0,38.0,0.0,507.0,25.0,0.0,554.0,55.0,,,,32,,James,Wright,Wright,,,0,0,0,0,0,0,0,0,0,0,0,0,0,,,,0.0,0.0,0.0,0.0,0.0,0,0,0
699,a,100.0,100.0,4.9,313,194.0,0,0.0,-1,1.0,0.1,497,177.0,31,1,1.8,379.0,160.0,0,187,1.0,250.0,109.0,0.2,6.3,0.0,28408,38,22571,189,1.0,1.0,0.5,1.38,1.88,11.41,0.06,0.15,0.21,1.26,172.4,302.0,133.0,277.2,128.0,89.0,87.0,279.0,150.0,53.6,256.0,127.0,1.0,,,32,,Douglas Luiz,Soares de Paulo,Douglas Luiz,,,814,1,1,1,13,0,0,0,2,0,0,11,92,,,,0.0,0.11,1.44,1.22,10.17,20,23,49
701,u,0.0,0.0,4.0,719,192.0,0,0.0,0,0.0,0.1,541,192.0,0,0,0.0,621.0,232.0,0,0,0.0,485.0,190.0,0.0,0.0,0.0,8943,0,10781,7,0.0,0.0,0.0,0.0,0.0,0.0,0.0,0.0,0.0,0.0,0.0,612.0,232.0,0.0,604.0,232.0,0.0,574.0,229.0,0.0,614.0,232.0,,,,32,,Triston,Rowe,Rowe,has joined Annecy on loan for the rest of the season.,,0,0,0,0,0,0,0,0,0,0,0,0,0,,,,0.0,0.0,0.0,0.0,0.0,0,0,0
702,a,,,4.3,623,369.0,-1,1.0,-2,2.0,0.1,537,196.0,1,0,1.0,471.0,206.0,0,3,0.0,560.0,190.0,0.0,0.2,0.0,10197,153,9201,24,0.0,0.0,0.0,0.0,0.0,0.9,0.0,0.0,0.0,5.06,0.0,659.0,248.0,0.3,484.0,236.0,0.0,632.0,242.0,0.0,661.0,250.0,,,,32,,Bradley,Burrowes,Burrowes,,,16,0,0,0,1,0,0,0,0,0,0,0,1,,,,0.0,0.0,5.62,0.0,5.62,0,0,1
754,a,,,4.5,485,297.0,0,0.0,0,0.0,0.0,753,320.0,2,0,1.0,486.0,219.0,0,5,0.0,658.0,253.0,0.0,0.4,0.0,1194,14,779,3,0.0,0.0,0.04,0.01,0.05,0.61,0.14,0.04,0.18,2.2,0.0,736.0,304.0,1.7,464.0,224.0,2.0,451.0,221.0,0.3,503.0,231.0,,,,32,,George,Hemmings,George Hemmings,,,25,0,0,0,0,0,0,0,0,0,0,0,1,,,,0.0,0.0,0.0,0.0,3.6,0,0,1
361,u,0.0,0.0,4.5,441,264.0,0,0.0,0,0.0,0.0,670,269.0,0,0,0.0,711.0,283.0,0,0,0.0,621.0,223.0,0.0,0.0,0.0,1165,0,8434,3,0.0,0.0,0.0,0.0,0.0,0.0,0.0,0.0,0.0,0.0,0.0,705.0,277.0,0.0,701.0,280.0,0.0,684.0,273.0,0.0,707.0,279.0,,,,32,,Darko,Gyabi,Gyabi,has joined Hull City permanently.,,0,0,0,0,0,0,0,0,0,0,0,0,0,,,,0.0,0.0,0.0,0.0,0.0,0,0,0
757,a,,,4.0,708,61.0,0,0.0,0,0.0,0.0,705,83.0,0,0,0.0,611.0,82.0,0,0,0.0,474.0,74.0,0.0,0.0,0.0,1353,10,957,6,0.0,0.0,0.0,0.0,0.0,0.0,0.0,0.0,0.0,0.0,0.0,602.0,82.0,0.0,594.0,70.0,0.0,563.0,57.0,0.0,604.0,82.0,,,,32,,Ronnie,Hollingshead,Hollingshead,,,0,0,0,0,0,0,0,0,0,0,0,0,0,,,,0.0,0.0,0.0,0.0,0.0,0,0,0
768,a,,,4.0,741,213.0,0,0.0,0,0.0,0.0,696,245.0,0,0,0.0,639.0,249.0,0,0,0.0,506.0,210.0,0.0,0.0,0.0,733,4,674,7,0.0,0.0,0.0,0.0,0.0,0.0,0.0,0.0,0.0,0.0,0.0,630.0,249.0,0.0,622.0,249.0,0.0,593.0,247.0,0.0,632.0,249.0,,,,32,,Leon,Routh,Leon Routh,,,0,0,0,0,0,0,0,0,0,0,0,0,0,,,,0.0,0.0,0.0,0.0,0.0,0,0,0
781,a,,,4.0,734,206.0,0,0.0,0,0.0,0.0,707,249.0,0,0,0.0,634.0,244.0,0,0,0.0,499.0,203.0,0.0,0.0,0.0,823,10,547,10,0.0,0.0,0.0,0.0,0.0,0.0,0.0,0.0,0.0,0.0,0.0,625.0,244.0,0.0,617.0,244.0,0.0,587.0,241.0,0.0,627.0,244.0,,,,32,,TJ,Carroll,Carroll,,,0,0,0,0,0,0,0,0,0,0,0,0,0,,,,0.0,0.0,0.0,0.0,0.0,0,0,0
183,a,,,4.3,605,29.0,0,0.0,-2,2.0,0.1,448,67.0,0,0,0.0,657.0,91.0,0,0,0.0,545.0,85.0,0.0,0.0,0.0,8159,40,17740,33,-1.5,-0.5,0.0,0.0,0.0,0.0,0.0,0.0,0.0,0.0,0.0,647.0,91.0,0.0,643.0,83.0,0.0,620.0,72.0,0.0,649.0,91.0,,,,32,,Max,Weiß,Weiss,,,0,0,0,0,0,0,0,0,0,0,0,0,0,,,,0.0,0.0,0.0,0.0,0.0,0,0,0
184,u,0.0,0.0,4.0,693,56.0,0,0.0,0,0.0,0.2,407,58.0,0,0,0.0,602.0,78.0,0,0,0.0,463.0,70.0,0.0,0.0,0.0,4943,0,34273,15,0.0,0.0,0.0,0.0,0.0,0.0,0.0,0.0,0.0,0.0,0.0,592.0,78.0,0.0,583.0,65.0,0.0,552.0,52.0,0.0,594.0,78.0,,,,32,,Etienne,Green,Green,has joined FC Fredericia permanently.,,0,0,0,0,0,0,0,0,0,0,0,0,0,,,,0.0,0.0,0.0,0.0,0.0,0,0,0
185,a,,,3.9,742,66.0,0,0.0,-1,1.0,0.2,408,59.0,0,0,0.0,544.0,40.0,0,0,0.0,398.0,30.0,0.0,0.0,0.0,15402,11,21241,54,-1.5,-0.5,0.0,0.0,0.0,0.0,0.0,0.0,0.0,0.0,0.0,534.0,40.0,0.0,519.0,21.0,0.0,487.0,8.0,0.0,536.0,40.0,,,,32,,Václav,Hladký,Hladký,,,0,0,0,0,0,0,0,0,0,0,0,0,0,,,,0.0,0.0,0.0,0.0,0.0,0,0,0
186,i,0.0,0.0,4.3,580,127.0,0,0.0,-2,2.0,0.0,655,233.0,0,0,0.0,650.0,253.0,0,0,0.0,529.0,225.0,0.0,0.0,0.0,1746,0,9328,5,0.0,0.0,0.0,0.0,0.0,0.0,0.0,0.0,0.0,0.0,0.0,641.0,253.0,0.0,636.0,253.0,0.0,610.0,252.0,0.0,643.0,253.0,,,,32,,Connor,Roberts,Roberts,Achilles injury - Unknown return date,,0,0,0,0,0,0,0,0,0,0,0,0,0,,,,0.0,0.0,0.0,0.0,0.0,0,0,0
187,a,100.0,100.0,4.4,520,99.0,0,0.0,-1,1.0,1.1,183,71.0,63,1,2.1,322.0,118.0,3,203,2.7,141.0,57.0,0.6,14.3,0.0,157006,587,266965,284,3.9,2.2,0.12,1.01,1.13,56.34,0.0,0.04,0.04,1.98,432.0,124.0,54.0,186.5,188.0,49.0,22.0,385.0,135.0,64.3,215.0,74.0,,,,32,,Kyle,Walker,Walker,,,2555,0,2,4,54,0,0,0,8,0,0,29,235,,,,0.0,0.14,1.9,1.02,6.41,44,138,129
188,u,0.0,0.0,3.8,795,239.0,0,0.0,-2,2.0,0.2,374,137.0,0,0,0.0,531.0,189.0,0,0,0.0,379.0,135.0,0.0,0.0,0.0,26052,0,42501,58,0.0,0.0,0.0,0.0,0.0,0.0,0.0,0.0,0.0,0.0,0.0,521.0,188.0,0.0,504.0,187.0,0.0,471.0,181.0,0.0,523.0,188.0,,,,32,,Hannes,Delcroix,Delcroix,has joined Lugano permanently.,,0,0,0,0,0,0,0,0,0,0,0,0,0,,,,0.0,0.0,0.0,0.0,0.0,0,0,0
189,u,0.0,0.0,4.0,685,173.0,0,0.0,0,0.0,0.0,730,254.0,0,0,0.0,595.0,219.0,0,0,0.0,455.0,174.0,0.0,0.0,0.0,0,0,2386,1,0.0,0.0,0.0,0.0,0.0,0.0,0.0,0.0,0.0,0.0,0.0,585.0,218.0,0.0,576.0,218.0,0.0,545.0,214.0,0.0,587.0,218.0,,,,32,,Owen,Dodgson,Dodgson,Has joined Stockport County on loan for the rest of the season.,,0,0,0,0,0,0,0,0,0,0,0,0,0,,,,0.0,0.0,0.0,0.0,0.0,0,0,0
190,a,,,3.8,801,245.0,0,0.0,-2,2.0,0.7,217,82.0,45,1,2.8,211.0,83.0,2,136,0.3,334.0,115.0,0.1,11.8,0.0,249724,157,210826,262,-0.9,-0.2,0.21,0.25,0.46,24.66,0.01,0.02,0.03,1.75,296.4,209.0,81.0,44.0,361.0,128.0,78.0,289.0,85.0,41.9,303.0,102.0,,,,32,,Hjalmar,Ekdal,Ekdal,,,1269,0,0,2,26,0,0,0,0,0,0,14,154,,,,0.0,0.14,1.84,0.99,9.93,20,120,33
191,a,100.0,100.0,3.9,768,223.0,0,0.0,-1,1.0,7.5,54,17.0,71,2,2.4,281.0,106.0,0,234,3.7,81.0,34.0,0.9,18.2,0.0,794421,2553,2006297,1872,5.9,3.2,0.67,0.58,1.25,57.98,0.02,0.02,0.04,2.09,603.0,49.0,23.0,90.5,292.0,90.0,90.0,274.0,79.0,78.5,164.0,54.0,,,,32,,Maxime,Estève,Estève,,,2492,0,0,3,59,2,0,0,1,0,0,29,300,,,,0.0,0.11,2.13,1.05,9.9,34,240,100
192,a,,,4.0,697,179.0,0,0.0,0,0.0,0.6,240,90.0,55,2,3.1,182.0,71.0,0,205,3.0,120.0,45.0,0.8,13.8,0.0,187651,384,184217,237,4.5,2.5,0.21,1.76,1.97,36.91,0.01,0.1,0.11,2.1,348.4,180.0,75.0,272.4,130.0,34.0,70.0,300.0,90.0,69.2,201.0,68.0,,,,32,,Quilindschy,Hartman,Hartman,,,1581,0,5,3,32,0,0,0,1,0,0,18,141,,,,0.0,0.17,1.82,1.02,6.89,36,85,60
193,a,100.0,100.0,3.9,764,221.0,0,0.0,-1,1.0,0.1,429,160.0,42,2,2.6,246.0,96.0,1,183,3.0,118.0,43.0,0.8,10.8,0.0,21870,82,16893,88,4.5,2.5,0.37,0.65,1.02,29.3,0.03,0.04,0.07,2.0,325.4,191.0,77.0,118.8,253.0,69.0,76.0,292.0,86.0,51.8,264.0,85.0,,,,32,,Bashir,Humphreys,Humphreys,,,1320,0,2,2,28,0,0,0,5,0,0,14,121,,,,0.0,0.14,1.91,0.95,8.25,26,95,56
194,i,0.0,0.0,3.9,760,218.0,0,0.0,-1,1.0,0.1,564,202.0,0,0,0.0,556.0,201.0,0,0,0.0,412.0,154.0,0.0,0.0,0.0,2129,9,15657,11,0.0,0.0,0.0,0.0,0.0,0.0,0.0,0.0,0.0,0.0,0.0,546.0,200.0,0.0,533.0,200.0,0.0,501.0,195.0,0.0,548.0,200.0,,,,32,,Jordan,Beyer,Jordan,Hamstring injury - Unknown return date,,0,0,0,0,0,0,0,0,0,0,0,0,0,,,,0.0,0.0,0.0,0.0,0.0,0,0,0
200,a,100.0,100.0,5.0,259,157.0,0,0.0,-5,5.0,2.1,137,46.0,107,2,3.5,124.0,55.0,6,424,2.3,164.0,63.0,0.5,21.4,0.0,1274964,2585,1116070,1000,3.1,1.8,4.31,2.58,6.89,49.49,0.18,0.11,0.29,2.03,503.0,85.0,27.0,467.0,43.0,37.0,517.0,31.0,15.0,148.6,35.0,26.0,2.0,,,32,,Jaidon,Anthony,Anthony,,,2198,7,3,4,48,0,0,0,4,0,0,26,201,,,,0.0,0.16,1.97,1.06,8.23,36,44,121
201,u,0.0,0.0,5.4,159,99.0,0,0.0,-1,1.0,0.0,716,295.0,0,0,0.0,805.0,356.0,0,0,0.0,781.0,341.0,0.0,0.0,0.0,1070,0,3150,1,0.0,0.0,0.0,0.0,0.0,0.0,0.0,0.0,0.0,0.0,0.0,804.0,355.0,0.0,803.0,355.0,0.0,801.0,354.0,0.0,804.0,355.0,,,,32,,Manuel,Benson Hedilazio,Benson,has joined Maccabi Haifa permanently.,,0,0,0,0,0,0,0,0,0,0,0,0,0,,,,0.0,0.0,0.0,0.0,0.0,0,0,0
202,a,100.0,100.0,5.2,205,126.0,0,0.0,-3,3.0,0.0,624,241.0,37,1,1.5,414.0,181.0,0,110,0.3,357.0,164.0,0.1,7.1,0.0,6257,37,8871,16,-0.9,-0.2,1.35,1.06,2.41,22.77,0.12,0.1,0.22,2.08,114.8,360.0,161.0,192.1,184.0,121.0,132.0,226.0,123.0,43.9,293.0,145.0,,2.0,3.0,32,,Jacob,Bruun Larsen,Bruun Larsen,,,984,0,1,3,27,0,0,0,0,0,0,10,62,,,,0.0,0.27,2.47,0.91,5.67,12,20,30
204,u,0.0,0.0,4.9,317,197.0,0,0.0,-1,1.0,0.0,729,303.0,0,0,0.0,778.0,336.0,0,0,0.0,725.0,300.0,0.0,0.0,0.0,160,0,2085,0,0.0,0.0,0.0,0.0,0.0,0.0,0.0,0.0,0.0,0.0,0.0,777.0,335.0,0.0,773.0,335.0,0.0,769.0,333.0,0.0,777.0,335.0,,,,32,,Darko,Churlinov,Churlinov,has joined Kocaelispor  permanently.,,0,0,0,0,0,0,0,0,0,0,0,0,0,,,,0.0,0.0,0.0,0.0,0.0,0,0,0
211,u,0.0,0.0,4.4,542,324.0,0,0.0,-1,1.0,1.4,165,57.0,0,0,0.0,674.0,258.0,0,0,0.0,573.0,191.0,0.0,0.0,0.0,62789,0,932379,88,0.0,0.0,0.0,0.0,0.0,0.0,0.0,0.0,0.0,0.0,0.0,665.0,249.0,0.0,661.0,253.0,0.0,640.0,243.0,0.0,667.0,251.0,,,,32,,Aaron,Ramsey,A.Ramsey,has joined Leicester City on loan for the rest of the season.,,0,0,0,0,0,0,0,0,0,0,0,0,0,,,,0.0,0.0,0.0,0.0,0.0,0,0,0
212,u,0.0,0.0,4.5,481,294.0,0,0.0,0,0.0,0.0,770,329.0,0,0,0.0,737.0,306.0,0,0,0.0,654.0,250.0,0.0,0.0,0.0,0,0,2766,0,0.0,0.0,0.0,0.0,0.0,0.0,0.0,0.0,0.0,0.0,0.0,734.0,303.0,0.0,728.0,304.0,0.0,714.0,299.0,0.0,735.0,304.0,,,,32,,Oluwaseun,Adewumi,Adewumi,Has joined Cercle Brugge on loan for the rest of the season.,,0,0,0,0,0,0,0,0,0,0,0,0,0,,,,0.0,0.0,0.0,0.0,0.0,0,0,0
213,u,0.0,0.0,4.5,466,284.0,0,0.0,0,0.0,0.0,623,240.0,1,0,1.0,480.0,214.0,0,2,0.0,640.0,240.0,0.0,0.2,0.0,7482,0,9173,9,0.0,0.0,0.0,0.0,0.0,0.05,0.0,0.0,0.0,0.5,0.0,722.0,294.0,0.5,478.0,230.0,0.0,701.0,289.0,0.0,723.0,295.0,,,,32,,Jaydon,Banel,Banel,has joined Derby County on loan for the rest of the season.,,9,0,0,0,0,0,0,0,0,0,0,0,0,,,,0.0,0.0,0.0,0.0,0.0,0,0,0
214,a,100.0,75.0,4.3,588,347.0,0,0.0,-2,2.0,0.1,563,208.0,5,1,1.0,464.0,201.0,0,16,0.3,342.0,153.0,0.1,1.2,0.0,12661,83,16352,23,-0.9,-0.2,0.0,0.0,0.0,0.59,0.0,0.0,0.0,1.56,7.2,473.0,213.0,15.2,408.0,204.0,2.0,446.0,219.0,2.4,468.0,212.0,,,,32,,Mike,Trésor Ndayishimiye,Trésor,,,34,0,0,0,2,0,0,0,0,0,0,0,4,,,,0.0,0.0,5.29,0.0,10.59,1,0,3
215,a,100.0,100.0,5.3,190,44.0,0,0.0,-2,2.0,0.4,289,44.0,73,2,3.2,177.0,17.0,7,274,3.7,92.0,12.0,0.7,13.8,0.0,184195,711,164216,622,5.9,3.2,6.41,0.3,6.71,27.79,0.45,0.02,0.47,1.97,352.4,176.0,16.0,130.2,244.0,27.0,443.0,43.0,18.0,91.7,126.0,19.0,,5.0,1.0,32,,Zian,Flemming,Flemming,,,1272,8,0,3,24,0,0,0,3,0,0,15,70,,,,0.0,0.21,1.7,1.06,4.95,10,35,25
216,d,25.0,25.0,4.8,367,63.0,0,0.0,-2,2.0,0.0,672,86.0,0,0,0.0,770.0,84.0,0,0,0.0,705.0,73.0,0.0,0.0,0.0,2441,7,6533,10,-0.4,-0.1,0.0,0.0,0.0,0.0,0.0,0.0,0.0,0.0,0.0,769.0,84.0,0.0,764.0,83.0,0.0,759.0,83.0,0.0,769.0,84.0,,,,32,,Zeki,Amdouni,Amdouni,Lack of match fitness - 25% chance of playing,,0,0,0,0,0,0,0,0,0,0,0,0,0,,,,0.0,0.0,0.0,0.0,0.0,0,0,0
217,a,100.0,100.0,4.9,321,60.0,0,0.0,-1,1.0,0.8,214,31.0,55,0,2.4,288.0,30.0,4,195,2.3,161.0,21.0,0.5,11.2,0.0,455416,167,448551,264,3.1,1.8,3.05,0.35,3.4,25.98,0.21,0.02,0.23,1.8,213.2,270.0,27.0,145.2,227.0,23.0,218.0,132.0,31.0,57.0,246.0,30.0,,,,32,,Lyle,Foster,Foster,,,1296,3,2,4,27,0,0,0,4,0,0,15,77,,,,0.0,0.28,1.88,1.04,5.35,14,26,37
218,a,,,4.2,625,88.0,0,0.0,-3,3.0,1.3,169,25.0,5,0,1.0,462.0,56.0,0,10,0.3,340.0,44.0,0.1,1.2,0.0,232845,337,357231,1094,-0.9,-0.2,0.11,0.0,0.11,2.07,0.28,0.0,0.28,5.32,0.2,509.0,62.0,0.6,474.0,60.0,9.0,420.0,57.0,1.0,486.0,58.0,,,2.0,32,,Ashley,Barnes,Barnes,,,35,0,0,0,3,0,0,0,1,0,0,0,2,,,,0.0,0.0,7.71,0.0,5.14,0,0,2
219,u,0.0,0.0,4.4,530,75.0,0,0.0,-1,1.0,0.1,474,67.0,0,0,0.0,671.0,68.0,0,0,0.0,568.0,56.0,0.0,0.0,0.0,4151,0,40690,9,0.0,0.0,0.0,0.0,0.0,0.0,0.0,0.0,0.0,0.0,0.0,662.0,68.0,0.0,658.0,67.0,0.0,637.0,67.0,0.0,664.0,68.0,,,,32,,Michael,Obafemi,Obafemi,has joined Blackpool on loan for the rest of the season.,,0,0,0,0,0,0,0,0,0,0,0,0,0,,,,0.0,0.0,0.0,0.0,0.0,0,0,0
470,a,100.0,100.0,4.0,663,40.0,0,0.0,0,0.0,29.6,11,2.0,90,2,2.8,214.0,24.0,7,400,3.3,104.0,12.0,0.8,22.5,0.0,1762072,2158,1811157,11407,5.1,2.8,0.0,0.04,0.04,64.89,0.0,0.0,0.0,2.03,876.8,6.0,1.0,0.0,557.0,49.0,0.0,526.0,36.0,87.9,137.0,1.0,,,,32,,Martin,Dúbravka,Dúbravka,,,2880,0,0,4,63,0,0,0,1,0,114,32,96,,,,3.56,0.12,1.97,1.0,0.0,1,55,260
614,a,100.0,100.0,5.6,121,76.0,0,0.0,-4,4.0,0.2,375,127.0,29,4,2.4,292.0,127.0,0,183,3.3,115.0,44.0,0.6,5.2,0.0,21369,649,48973,78,5.1,2.8,0.13,1.62,1.75,16.7,0.01,0.18,0.19,1.84,161.6,313.0,141.0,329.4,96.0,71.0,6.0,433.0,210.0,49.6,274.0,140.0,1.0,1.0,,32,,James,Ward-Prowse,Ward-Prowse,,,818,0,1,2,19,0,0,0,1,0,0,9,73,,,,0.0,0.22,2.09,0.99,8.03,10,31,32
676,a,100.0,100.0,5.0,273,167.0,0,0.0,0,0.0,0.1,459,156.0,86,2,2.8,223.0,87.0,5,319,1.7,202.0,85.0,0.3,17.2,0.0,43532,119,39770,57,1.9,1.2,2.3,0.29,2.59,47.68,0.1,0.01,0.11,2.11,369.0,163.0,61.0,149.3,222.0,143.0,194.0,155.0,88.0,71.0,193.0,94.0,,,,32,,Lesley,Ugochukwu,Ugochukwu,,,2033,3,2,3,45,0,0,0,1,1,0,23,188,,,,0.0,0.13,1.99,1.02,8.32,46,54,88
680,a,100.0,100.0,5.2,211,49.0,0,0.0,-3,3.0,0.2,417,61.0,40,1,1.9,359.0,40.0,2,109,0.7,299.0,36.0,0.1,7.7,0.0,47951,37,60527,61,-0.1,0.2,2.14,0.13,2.27,21.83,0.24,0.01,0.25,2.41,97.4,375.0,39.0,63.0,330.0,39.0,205.0,144.0,34.0,36.2,320.0,38.0,,,,32,,Armando,Broja,Broja,,,815,1,1,1,26,0,0,0,0,0,0,8,42,,,,0.0,0.11,2.87,0.88,4.64,6,11,25
722,a,,,5.0,249,150.0,0,0.0,0,0.0,0.0,614,236.0,67,1,2.7,236.0,94.0,0,292,0.3,355.0,163.0,0.1,13.4,0.0,14955,10,13427,26,-0.9,-0.2,0.58,0.44,1.02,39.09,0.03,0.02,0.05,2.03,343.4,185.0,73.0,190.2,186.0,122.0,45.0,338.0,176.0,58.0,238.0,117.0,,,,32,,Florentino Ibrain,Morris Luís,Florentino,,,1732,0,2,2,38,0,0,0,5,0,0,21,253,,,,0.0,0.1,1.97,1.09,13.15,74,90,89
776,a,,,4.5,511,317.0,0,0.0,0,0.0,0.0,787,343.0,0,0,0.0,759.0,322.0,0,0,0.0,682.0,271.0,0.0,0.0,0.0,865,6,588,5,-1.5,-0.5,0.0,0.0,0.0,0.0,0.0,0.0,0.0,0.0,0.0,758.0,321.0,0.0,751.0,321.0,0.0,738.0,317.0,0.0,758.0,321.0,,,,32,,Oliver,Pimlott,Pimlott,,,0,0,0,0,0,0,0,0,0,0,0,0,0,,,,0.0,0.0,0.0,0.0,0.0,0,0,0
784,a,,,4.5,518,323.0,0,0.0,0,0.0,0.0,800,354.0,0,0,0.0,764.0,327.0,0,0,0.0,688.0,277.0,0.0,0.0,0.0,502,6,373,4,-1.5,-0.5,0.0,0.0,0.0,0.0,0.0,0.0,0.0,0.0,0.0,763.0,326.0,0.0,756.0,326.0,0.0,744.0,323.0,0.0,763.0,326.0,,,,32,,George,Brierley,Brierley,,,0,0,0,0,0,0,0,0,0,0,0,0,0,,,,0.0,0.0,0.0,0.0,0.0,0,0,0
820,a,,,4.5,510,316.0,0,0.0,0,0.0,0.0,814,360.0,0,0,0.0,758.0,321.0,0,0,0.0,681.0,270.0,0.0,0.0,0.0,147,8,49,3,-1.5,-0.5,0.0,0.0,0.0,0.0,0.0,0.0,0.0,0.0,0.0,757.0,320.0,0.0,750.0,320.0,0.0,737.0,316.0,0.0,757.0,320.0,,,,32,,Kian,McMahon-Brown,McMahon-Brown,,,0,0,0,0,0,0,0,0,0,0,0,0,0,,,,0.0,0.0,0.0,0.0,0.0,0,0,0
66,u,0.0,0.0,4.5,410,22.0,0,0.0,0,0.0,0.1,576,78.0,0,0,0.0,693.0,93.0,0,0,0.0,599.0,89.0,0.0,0.0,0.0,0,0,16595,8,0.0,0.0,0.0,0.0,0.0,0.0,0.0,0.0,0.0,0.0,0.0,687.0,93.0,0.0,682.0,86.0,0.0,663.0,76.0,0.0,689.0,93.0,,,,32,,Norberto,Murara Neto,Neto,Has joined Botafogo permanently.,,0,0,0,0,0,0,0,0,0,0,0,0,0,,,,0.0,0.0,0.0,0.0,0.0,0,0,0
67,a,,,4.6,403,20.0,0,0.0,1,-1.0,5.5,71,11.0,104,2,3.2,167.0,19.0,5,427,3.3,109.0,13.0,0.7,22.6,0.0,1089093,15424,817711,1866,6.6,2.3,0.0,0.0,0.0,48.68,0.0,0.0,0.0,1.52,717.2,22.0,6.0,0.0,757.0,88.0,0.0,746.0,80.0,71.9,189.0,8.0,,,,32,,Đorđe,Petrović,Petrović,,,2880,0,0,9,49,1,0,0,2,0,96,32,98,,,,3.0,0.28,1.53,1.0,0.0,0,60,243
68,u,0.0,0.0,4.0,682,50.0,0,0.0,0,0.0,0.7,220,28.0,0,0,0.0,593.0,72.0,0,0,0.0,453.0,64.0,0.0,0.0,0.0,47217,0,89223,146,0.0,0.0,0.0,0.0,0.0,0.0,0.0,0.0,0.0,0.0,0.0,583.0,72.0,0.0,574.0,59.0,0.0,543.0,46.0,0.0,585.0,72.0,,,,32,,Will,Dennis,Dennis,has joined Leyton Orient on loan for the rest of the season.,,0,0,0,0,0,0,0,0,0,0,0,0,0,,,,0.0,0.0,0.0,0.0,0.0,0,0,0
70,u,0.0,0.0,4.0,698,57.0,0,0.0,0,0.0,0.1,577,79.0,0,0,0.0,606.0,79.0,0,0,0.0,467.0,71.0,0.0,0.0,0.0,1107,0,10542,9,0.0,0.0,0.0,0.0,0.0,0.0,0.0,0.0,0.0,0.0,0.0,596.0,79.0,0.0,587.0,66.0,0.0,556.0,53.0,0.0,598.0,79.0,,,,32,,Alex,Paulsen,Paulsen,Has joined Lechia Gdansk on loan for the rest of the season.,,0,0,0,0,0,0,0,0,0,0,0,0,0,,,,0.0,0.0,0.0,0.0,0.0,0,0,0
71,u,0.0,0.0,5.0,263,41.0,0,0.0,0,0.0,0.0,673,236.0,0,0,0.0,794.0,265.0,0,0,0.0,749.0,259.0,0.0,0.0,0.0,0,0,8220,2,0.0,0.0,0.0,0.0,0.0,0.0,0.0,0.0,0.0,0.0,0.0,793.0,265.0,0.0,791.0,265.0,0.0,786.0,265.0,0.0,793.0,265.0,,,,32,,Illia,Zabarnyi,Zabarnyi,Has joined Paris Saint-Germain permanently.,,0,0,0,0,0,0,0,0,0,0,0,0,0,,,,0.0,0.0,0.0,0.0,0.0,0,0,0
72,a,100.0,100.0,5.2,209,28.0,1,-1.0,7,-7.0,21.7,16,5.0,141,4,4.5,30.0,12.0,11,454,5.0,40.0,18.0,1.0,27.1,0.0,5633113,58958,3211362,4695,10.0,4.0,1.4,4.11,5.51,46.73,0.05,0.13,0.18,1.53,941.2,4.0,2.0,310.4,107.0,25.0,179.0,173.0,38.0,143.3,38.0,3.0,,,,32,,Marcos,Senesi Barón,Senesi,,,2748,0,4,9,48,0,0,0,8,0,0,31,408,,,,0.0,0.29,1.57,1.02,11.95,54,311,128
76,a,,,3.8,806,249.0,0,0.0,-2,2.0,0.2,390,146.0,0,0,0.0,537.0,195.0,0,0,0.0,388.0,143.0,0.0,0.0,0.0,16015,30,20414,72,0.0,-1.0,0.0,0.0,0.0,0.0,0.0,0.0,0.0,0.0,0.0,527.0,194.0,0.0,511.0,193.0,0.0,478.0,187.0,0.0,529.0,194.0,,,,32,,Owen,Bevan,Bevan,,,0,0,0,0,0,0,0,0,0,0,0,0,0,,,,0.0,0.0,0.0,0.0,0.0,0,0,0
77,a,,,4.2,637,146.0,0,0.0,2,-2.0,8.7,40,14.0,85,3,3.7,87.0,31.0,2,294,3.3,107.0,41.0,0.8,20.2,0.0,1287117,8346,267357,2734,6.6,2.3,0.67,1.06,1.72,25.38,0.04,0.06,0.1,1.46,453.6,115.0,50.0,117.1,254.0,70.0,87.0,278.0,82.0,66.0,207.0,71.0,,,,32,,James,Hill,Hill,,,1562,0,3,6,19,1,0,0,3,0,0,16,206,,,,0.0,0.35,1.09,0.92,11.35,30,167,54
78,u,0.0,0.0,3.8,797,241.0,0,0.0,-2,2.0,0.5,264,98.0,0,0,0.0,532.0,190.0,0,0,0.0,380.0,136.0,0.0,0.0,0.0,47440,0,134503,130,0.0,0.0,0.0,0.0,0.0,0.0,0.0,0.0,0.0,0.0,0.0,522.0,189.0,0.0,505.0,188.0,0.0,472.0,182.0,0.0,524.0,189.0,,,,32,,Julián,Araujo Zúñiga,J.Araujo,has joined Celtic on loan for the rest of the season.,,0,0,0,0,0,0,0,0,0,0,0,0,0,,,,0.0,0.0,0.0,0.0,0.0,0,0,0
79,u,0.0,0.0,4.0,675,168.0,0,0.0,0,0.0,0.1,547,196.0,0,0,0.0,586.0,215.0,0,0,0.0,446.0,170.0,0.0,0.0,0.0,1400,0,16783,2,0.0,0.0,0.0,0.0,0.0,0.0,0.0,0.0,0.0,0.0,0.0,576.0,214.0,0.0,567.0,214.0,0.0,536.0,210.0,0.0,578.0,214.0,,,,32,,Chris,Mepham,Mepham,has joined West Bromwich Albion permanently.,,0,0,0,0,0,0,0,0,0,0,0,0,0,,,,0.0,0.0,0.0,0.0,0.0,0,0,0
80,a,100.0,100.0,3.9,784,230.0,0,0.0,-1,1.0,0.2,384,143.0,3,0,1.0,455.0,165.0,0,2,0.0,432.0,163.0,0.0,0.8,0.0,17581,53,34122,33,0.0,-1.0,0.0,0.0,0.0,1.62,0.0,0.0,0.0,4.29,1.8,496.0,176.0,2.5,458.0,166.0,2.0,442.0,165.0,0.6,493.0,172.0,,,,32,,Julio,Soler Barreto,Soler,,,34,0,0,0,2,0,0,0,0,0,0,0,1,,,,0.0,0.0,5.29,0.0,2.65,1,0,4
81,i,0.0,0.0,6.9,39,24.0,0,0.0,-1,1.0,0.6,243,86.0,40,0,2.2,319.0,140.0,3,147,0.0,821.0,367.0,0.0,5.8,0.0,190551,21,252391,82,0.0,0.0,2.24,1.54,3.78,16.78,0.22,0.15,0.37,1.65,146.6,326.0,145.0,304.1,112.0,81.0,128.0,231.0,127.0,57.8,241.0,118.0,,3.0,1.0,32,,Justin,Kluivert,Kluivert,Knee injury - Expected back 09 May,,914,2,0,4,18,0,0,0,4,0,0,10,62,,,,0.0,0.39,1.77,0.98,6.11,10,8,44
84,a,100.0,100.0,5.4,162,102.0,0,0.0,-1,1.0,4.7,83,26.0,111,2,4.0,62.0,28.0,10,426,2.3,165.0,64.0,0.4,20.6,0.0,1349571,28318,871160,1355,4.6,1.3,7.22,3.23,10.45,34.84,0.29,0.13,0.42,1.42,508.2,80.0,25.0,586.2,26.0,25.0,453.0,40.0,23.0,154.9,28.0,23.0,2.0,2.0,4.0,32,,Marcus,Tavernier,Tavernier,,,2212,5,4,9,40,0,0,0,4,0,0,25,207,,,,0.0,0.37,1.63,1.02,8.42,34,53,120
85,a,100.0,100.0,4.9,299,186.0,0,0.0,-1,1.0,0.3,342,118.0,61,1,3.2,169.0,69.0,3,284,0.3,353.0,161.0,0.1,12.4,0.0,80953,119,95060,40,0.6,-0.7,0.61,0.37,0.98,21.27,0.04,0.02,0.06,1.34,308.6,201.0,83.0,95.2,285.0,167.0,110.0,249.0,138.0,51.7,265.0,134.0,,,,32,,Tyler,Adams,Adams,,,1432,2,1,6,24,0,0,0,7,0,0,18,185,,,,0.0,0.38,1.51,1.13,11.63,41,67,77
86,a,100.0,100.0,5.0,244,147.0,0,0.0,0,0.0,0.2,394,133.0,49,1,1.9,355.0,152.0,4,192,1.0,253.0,111.0,0.2,9.8,0.0,73842,149,79536,67,2.0,0.0,4.93,3.17,8.1,17.37,0.42,0.27,0.69,1.47,208.0,273.0,112.0,339.1,88.0,65.0,402.0,55.0,32.0,93.5,115.0,65.0,5.0,4.0,,32,,David,Brooks,Brooks,,,1061,1,2,4,18,0,0,0,7,0,0,12,85,,,,0.0,0.34,1.53,1.02,7.21,16,18,51
87,a,100.0,100.0,4.9,291,180.0,0,0.0,-1,1.0,0.2,386,130.0,44,2,2.0,342.0,147.0,2,184,5.3,35.0,11.0,1.1,9.0,0.0,27214,3265,18819,205,10.6,4.3,1.63,0.58,2.21,17.01,0.19,0.07,0.26,1.96,197.4,280.0,117.0,154.6,212.0,136.0,163.0,186.0,103.0,51.9,262.0,132.0,6.0,,,32,,Ryan,Christie,Christie,,,780,2,1,2,13,0,0,0,2,0,0,6,96,,,,0.0,0.23,1.5,0.69,11.08,22,28,46
398,i,0.0,0.0,4.3,602,84.0,0,0.0,-2,2.0,0.1,480,68.0,0,0,0.0,656.0,66.0,0,0,0.0,543.0,53.0,0.0,0.0,0.0,9351,10,19995,14,0.0,0.0,0.0,0.0,0.0,0.0,0.0,0.0,0.0,0.0,0.0,646.0,66.0,0.0,641.0,65.0,0.0,618.0,65.0,0.0,648.0,66.0,,,,32,,Jayden,Danns,Danns,Hamstring injury - Unknown return date,,0,0,0,0,0,0,0,0,0,0,0,0,0,,,,0.0,0.0,0.0,0.0,0.0,0,0,0
499,a,100.0,100.0,10.3,5,2.0,0,0.0,-2,2.0,3.5,98,17.0,30,1,2.7,244.0,25.0,2,97,0.3,365.0,47.0,0.0,2.9,0.0,1802327,1059,2419290,352,0.8,0.8,2.04,0.07,2.11,5.55,0.35,0.01,0.36,0.96,105.6,366.0,38.0,37.6,371.0,47.0,143.0,211.0,42.0,27.8,352.0,41.0,,,,32,,Alexander,Isak,Isak,,,522,2,1,1,7,0,0,0,0,0,0,6,25,,,,0.0,0.17,1.21,1.03,4.31,6,8,11
661,a,100.0,100.0,9.2,7,3.0,-1,1.0,7,-7.0,30.1,10,4.0,125,0,4.5,36.0,5.0,22,433,0.7,313.0,42.0,0.1,13.6,0.0,9184656,1974,7665383,138896,1.2,1.2,10.1,2.45,12.55,26.11,0.51,0.12,0.63,1.31,525.8,77.0,5.0,307.2,109.0,5.0,739.0,10.0,6.0,156.2,27.0,5.0,,,,32,,Hugo,Ekitiké,Ekitiké,,,1797,11,4,7,25,0,0,0,0,0,0,21,85,,,,0.0,0.35,1.25,1.05,4.26,11,32,42
88,i,0.0,0.0,4.9,290,179.0,0,0.0,-1,1.0,0.0,626,242.0,38,0,2.4,287.0,123.0,0,184,0.0,710.0,290.0,0.0,7.8,0.0,11778,4,10995,47,0.0,0.0,0.07,0.52,0.59,13.49,0.01,0.05,0.06,1.4,206.0,275.0,114.0,183.3,192.0,126.0,12.0,407.0,199.0,40.4,307.0,152.0,4.0,,,32,,Lewis,Cook,Cook,Hamstring injury - Unknown return date,,870,0,1,1,18,0,0,0,1,1,0,8,143,,,,0.0,0.1,1.86,0.83,14.79,25,56,62
89,u,0.0,0.0,4.9,293,182.0,0,0.0,-1,1.0,0.0,678,272.0,0,0,0.0,773.0,332.0,0,0,0.0,712.0,292.0,0.0,0.0,0.0,598,0,6639,0,0.0,0.0,0.0,0.0,0.0,0.0,0.0,0.0,0.0,0.0,0.0,772.0,331.0,0.0,768.0,331.0,0.0,764.0,329.0,0.0,772.0,331.0,,,,32,,Philip,Billing,Philip,has joined Midtjylland permanently.,,0,0,0,0,0,0,0,0,0,0,0,0,0,,,,0.0,0.0,0.0,0.0,0.0,0,0,0
90,a,100.0,100.0,5.0,272,166.0,0,0.0,0,0.0,1.7,149,52.0,120,12,3.8,80.0,34.0,9,513,6.3,17.0,4.0,1.3,24.0,0.0,321746,43851,143383,701,12.6,5.3,3.72,1.78,5.5,41.05,0.14,0.07,0.21,1.54,523.0,78.0,23.0,364.8,75.0,58.0,293.0,94.0,57.0,117.7,75.0,47.0,3.0,6.0,,32,,Alex,Scott,Scott,,,2398,3,2,9,37,0,0,0,3,0,0,29,321,,,,0.0,0.34,1.39,1.09,12.05,50,115,156
91,u,0.0,0.0,5.0,251,151.0,0,0.0,0,0.0,0.0,745,314.0,0,0,0.0,790.0,345.0,0,0,0.0,745.0,313.0,0.0,0.0,0.0,396,0,3902,0,0.0,0.0,0.0,0.0,0.0,0.0,0.0,0.0,0.0,0.0,0.0,789.0,344.0,0.0,787.0,344.0,0.0,782.0,342.0,0.0,789.0,344.0,,,,32,,Luis,Sinisterra Lucumí,Sinisterra,has joined Cruzeiro on loan for the rest of the season.,,0,0,0,0,0,0,0,0,0,0,0,0,0,,,,0.0,0.0,0.0,0.0,0.0,0,0,0
92,u,0.0,0.0,4.5,433,258.0,0,0.0,0,0.0,0.1,561,206.0,0,0,0.0,704.0,277.0,0,0,0.0,614.0,217.0,0.0,0.0,0.0,4403,0,19770,6,0.0,0.0,0.0,0.0,0.0,0.0,0.0,0.0,0.0,0.0,0.0,698.0,271.0,0.0,694.0,274.0,0.0,677.0,267.0,0.0,700.0,273.0,,,,32,,Romain,Faivre,Faivre,has joined Auxerre permanently.,,0,0,0,0,0,0,0,0,0,0,0,0,0,,,,0.0,0.0,0.0,0.0,0.0,0,0,0
93,u,0.0,0.0,4.5,428,255.0,0,0.0,0,0.0,0.3,341,117.0,4,0,4.0,58.0,26.0,0,12,0.0,609.0,214.0,0.0,0.9,0.0,114900,0,165712,16,0.0,0.0,0.0,0.0,0.0,0.4,0.0,0.0,0.0,2.25,21.2,451.0,199.0,10.0,429.0,212.0,0.0,673.0,264.0,3.1,464.0,209.0,,,,32,,Hamed,Traorè,H.Traorè,has joined Marseille on loan for the rest of the season.,,16,0,1,0,2,0,0,0,0,0,0,0,4,,,,0.0,0.0,11.25,0.0,22.5,1,1,2
94,u,0.0,0.0,4.5,465,283.0,0,0.0,0,0.0,0.0,647,253.0,0,0,0.0,726.0,298.0,0,0,0.0,639.0,239.0,0.0,0.0,0.0,3895,0,8234,0,0.0,0.0,0.0,0.0,0.0,0.0,0.0,0.0,0.0,0.0,0.0,721.0,293.0,0.0,716.0,295.0,0.0,700.0,288.0,0.0,722.0,294.0,,,,32,,Dominic,Sadi,Sadi,has joined Novi Pazar on loan for the rest of the season.,,0,0,0,0,0,0,0,0,0,0,0,0,0,,,,0.0,0.0,0.0,0.0,0.0,0,0,0
96,u,0.0,0.0,4.5,497,307.0,0,0.0,0,0.0,0.0,646,252.0,1,0,1.0,487.0,220.0,0,3,0.0,670.0,263.0,0.0,0.2,0.0,2964,0,10033,1,0.0,0.0,0.0,0.0,0.0,0.31,0.0,0.0,0.0,4.65,0.0,747.0,313.0,0.0,740.0,313.0,0.0,727.0,309.0,0.0,747.0,313.0,,,,32,,Ben,Winterburn,Winterburn,has joined Barnet on loan for the rest of the season.,,6,0,0,0,2,0,0,0,0,0,0,0,0,,,,0.0,0.0,30.0,0.0,0.0,0,0,0
97,a,100.0,100.0,6.7,46,16.0,-1,1.0,-3,3.0,2.3,128,20.0,99,5,3.3,161.0,16.0,6,357,4.0,80.0,11.0,0.6,14.8,0.0,1162862,17958,1163185,1113,8.0,3.0,8.33,1.17,9.5,33.98,0.33,0.05,0.38,1.34,324.6,193.0,18.0,331.5,93.0,3.0,726.0,11.0,7.0,137.9,43.0,10.0,,,,32,,Francisco Evanilson,de Lima Barbosa,Evanilson,,,2282,6,5,9,36,0,0,0,1,0,0,26,105,,,,0.0,0.35,1.42,1.03,4.14,7,31,67
98,a,100.0,100.0,5.4,157,38.0,0,0.0,-1,1.0,0.0,592,80.0,22,1,1.2,443.0,53.0,1,57,0.7,302.0,38.0,0.1,4.1,0.0,14584,72,11881,54,1.4,-0.3,1.85,0.06,1.91,3.58,0.96,0.03,0.99,1.85,46.6,418.0,49.0,13.0,416.0,54.0,86.0,282.0,48.0,13.7,406.0,52.0,,1.0,,32,,Enes,Ünal,Enes Ünal,,,174,1,0,0,2,0,0,0,1,0,0,0,12,,,,0.0,0.0,1.03,0.0,6.21,1,7,4
99,u,0.0,0.0,4.4,569,82.0,0,0.0,-1,1.0,0.1,438,63.0,0,0,0.0,690.0,75.0,0,0,0.0,594.0,63.0,0.0,0.0,0.0,22144,0,44509,17,0.0,0.0,0.0,0.0,0.0,0.0,0.0,0.0,0.0,0.0,0.0,684.0,75.0,0.0,679.0,74.0,0.0,660.0,74.0,0.0,686.0,75.0,,,,32,,Daniel,Adu-Adjei,Adu-Adjei,has joined HNK Rijeka permanently.,,0,0,0,0,0,0,0,0,0,0,0,0,0,,,,0.0,0.0,0.0,0.0,0.0,0,0,0
100,a,100.0,100.0,4.6,407,65.0,-1,1.0,1,-1.0,5.6,70,14.0,85,6,3.1,184.0,18.0,8,378,4.3,57.0,8.0,0.9,18.5,0.0,1900982,21423,1366135,2876,8.6,3.3,6.51,0.99,7.5,21.53,0.48,0.07,0.55,1.57,415.4,133.0,13.0,254.0,141.0,10.0,430.0,48.0,19.0,109.9,85.0,15.0,,,2.0,32,,Junior,Kroupi,Kroupi.Jr,,,1232,10,0,6,19,0,0,0,4,0,0,15,92,,,,0.0,0.44,1.39,1.1,6.72,8,35,49
391,a,100.0,100.0,4.8,368,230.0,0,0.0,-2,2.0,0.0,639,250.0,8,0,1.6,404.0,173.0,0,21,0.3,352.0,160.0,0.1,1.7,0.0,4737,15,8129,5,0.6,-0.7,0.09,0.1,0.19,2.68,0.14,0.16,0.3,4.31,21.2,452.0,200.0,14.5,411.0,205.0,15.0,397.0,197.0,5.0,454.0,204.0,,,,32,,Ben,Gannon-Doak,Gannon-Doak,,,56,0,1,0,1,0,0,0,0,0,0,0,4,,,,0.0,0.0,1.61,0.0,6.43,2,1,1
685,a,100.0,100.0,4.1,654,157.0,0,0.0,-4,4.0,0.3,339,123.0,46,0,2.6,247.0,97.0,2,164,0.0,508.0,212.0,0.0,11.2,0.0,98978,81,97723,85,0.0,-1.0,0.02,0.19,0.21,22.47,0.0,0.01,0.01,1.59,267.0,230.0,92.0,54.3,342.0,119.0,22.0,383.0,133.0,34.4,330.0,110.0,,,,32,,Bafodé,Diakité,Diakité,,,1275,0,0,4,27,0,0,0,1,0,0,15,147,,,,0.0,0.28,1.91,1.06,8.26,20,97,48
687,a,,,4.3,618,364.0,0,0.0,-2,2.0,0.2,391,131.0,0,0,0.0,665.0,254.0,0,0,0.0,556.0,186.0,0.0,0.0,0.0,26379,80,21463,123,0.0,-1.0,0.0,0.0,0.0,0.0,0.0,0.0,0.0,0.0,0.0,655.0,244.0,0.0,651.0,249.0,0.0,628.0,238.0,0.0,657.0,246.0,,,,32,,Remy,Rees-Dottin,Rees-Dottin,,,0,0,0,0,0,0,0,0,0,0,0,0,0,,,,0.0,0.0,0.0,0.0,0.0,0,0,0
697,a,,,5.4,173,108.0,0,0.0,-1,1.0,0.4,296,103.0,63,0,2.3,302.0,131.0,4,234,1.0,265.0,120.0,0.2,11.7,0.0,119151,166,80557,1036,2.0,0.0,2.55,1.59,4.14,16.45,0.22,0.14,0.36,1.45,264.8,231.0,97.0,222.9,164.0,110.0,251.0,109.0,67.0,73.3,181.0,91.0,,,,32,,Amine,Adli,Adli,,,1024,3,2,3,16,0,0,0,2,0,0,10,118,,,,0.0,0.26,1.41,0.88,10.37,34,25,59
713,a,,,4.5,467,94.0,0,0.0,0,0.0,0.3,344,125.0,66,2,2.4,283.0,108.0,2,257,1.0,242.0,85.0,0.2,14.7,0.0,62034,785,33709,201,2.0,0.0,1.07,1.55,2.62,37.8,0.05,0.07,0.12,1.66,356.4,168.0,70.0,231.6,160.0,41.0,170.0,178.0,41.0,75.8,173.0,58.0,,,,32,,Álex,Jiménez Sánchez,A.Jimenez,,,2045,1,2,5,36,0,0,0,9,0,0,23,144,,,,0.0,0.22,1.58,1.01,5.68,56,73,117
721,a,100.0,100.0,4.4,571,120.0,0,0.0,-1,1.0,0.0,651,232.0,19,0,2.7,233.0,93.0,0,63,0.0,596.0,239.0,0.0,4.3,0.0,6474,17,6026,8,0.0,-1.0,0.15,0.19,0.34,4.42,0.04,0.05,0.09,1.08,98.4,374.0,143.0,13.9,413.0,150.0,10.0,415.0,155.0,12.2,417.0,148.0,,,,32,,Veljko,Milosavljevic,Milosavljević,,,367,0,0,1,6,0,0,0,0,0,0,4,42,,,,0.0,0.25,1.47,0.98,9.56,5,34,13
801,a,,,4.9,341,212.0,0,0.0,-1,1.0,0.0,762,324.0,4,1,0.8,518.0,241.0,0,14,0.3,354.0,162.0,0.1,0.8,0.0,934,4,549,12,0.6,-0.7,0.06,0.25,0.31,2.58,0.07,0.3,0.37,3.06,8.0,471.0,212.0,33.5,378.0,192.0,14.0,401.0,198.0,5.5,449.0,201.0,,,,32,,Alex,Tóth,Tóth.A,,,76,0,0,0,1,0,0,0,1,0,0,1,10,,,,0.0,0.0,1.18,1.18,11.84,1,4,5
807,a,,,5.5,149,94.0,0,0.0,0,0.0,1.9,140,47.0,34,2,3.8,84.0,38.0,2,129,2.3,167.0,65.0,0.4,6.2,0.0,423274,3234,177846,2514,4.6,1.3,1.3,1.28,2.58,14.1,0.17,0.17,0.34,1.83,140.0,332.0,149.0,160.4,205.0,131.0,130.0,228.0,125.0,43.0,296.0,146.0,,,,32,,Rayan Vitor,Simplício Rocha,Rayan,,,692,2,1,3,6,0,0,0,1,0,0,8,43,,,,0.0,0.39,0.78,1.04,5.59,7,12,24
27,a,100.0,100.0,4.8,352,222.0,0,0.0,-2,2.0,0.1,500,179.0,8,1,1.0,490.0,223.0,0,23,0.7,291.0,134.0,0.1,1.7,0.0,10622,19,18529,19,0.7,0.7,0.71,0.09,0.8,2.01,0.64,0.08,0.72,1.81,22.0,448.0,198.0,17.8,405.0,203.0,25.0,376.0,190.0,6.0,444.0,199.0,,,,32,,Reiss,Nelson,Nelson,,,100,0,0,0,2,0,0,0,0,0,0,0,22,,,,0.0,0.0,1.8,0.0,19.8,3,3,16
83,a,100.0,100.0,6.0,90,57.0,0,0.0,0,0.0,2.9,113,36.0,108,2,4.2,51.0,21.0,13,347,3.7,95.0,34.0,0.6,18.0,0.0,1005575,850,644309,10122,3.7,3.7,5.48,3.6,9.08,25.75,0.27,0.18,0.45,1.29,395.2,143.0,48.0,323.0,97.0,72.0,513.0,33.0,17.0,122.5,63.0,40.0,3.0,,,32,,Dango,Ouattara,O.Dango,,,1800,5,7,4,28,0,0,0,4,0,0,20,160,,,,0.0,0.2,1.4,1.0,8.0,18,66,76
428,a,100.0,100.0,5.0,279,172.0,0,0.0,0,0.0,0.0,717,296.0,0,0,0.0,799.0,352.0,0,0,0.0,756.0,322.0,0.0,0.0,0.0,262,2,2626,3,0.5,0.0,0.0,0.0,0.0,0.0,0.0,0.0,0.0,0.0,0.0,798.0,351.0,0.0,796.0,351.0,0.0,791.0,349.0,0.0,798.0,351.0,,,,32,,Sverre,Nypan,Nypan,,,0,0,0,0,0,0,0,0,0,0,0,0,0,,,,0.0,0.0,0.0,0.0,0.0,0,0,0
101,a,100.0,100.0,4.8,353,12.0,0,0.0,3,-3.0,13.0,26,4.0,116,2,3.7,94.0,13.0,8,456,4.0,72.0,6.0,0.8,24.2,0.0,1564510,4787,1137978,9387,4.0,4.0,0.0,0.22,0.22,42.78,0.0,0.01,0.01,1.38,725.0,18.0,5.0,23.0,392.0,4.0,0.0,754.0,84.0,74.9,176.0,6.0,,,,32,,Caoimhín,Kelleher,Kelleher,,,2790,0,0,8,41,0,3,0,1,0,85,31,95,,,,2.74,0.26,1.32,1.0,0.0,1,40,235
111,a,100.0,100.0,4.2,634,144.0,0,0.0,-3,3.0,0.1,439,164.0,14,0,3.5,118.0,41.0,2,53,3.3,106.0,40.0,0.8,3.3,0.0,15570,113,27755,144,3.3,3.3,0.01,0.06,0.07,3.7,0.0,0.02,0.02,1.05,88.6,379.0,144.0,1.2,469.0,170.0,33.0,362.0,121.0,12.3,416.0,147.0,,,,32,,Ethan,Pinnock,Pinnock,,,318,0,0,1,5,1,0,0,1,0,0,4,46,,,,0.0,0.28,1.42,1.13,11.89,5,37,11
112,u,0.0,0.0,4.5,425,85.0,0,0.0,0,0.0,0.0,720,250.0,0,0,0.0,700.0,259.0,0,0,0.0,607.0,243.0,0.0,0.0,0.0,211,0,3933,0,0.0,0.0,0.0,0.0,0.0,0.0,0.0,0.0,0.0,0.0,0.0,694.0,259.0,0.0,689.0,259.0,0.0,671.0,259.0,0.0,696.0,259.0,,,,32,,Mads,Roerslev Rasmussen,Roerslev,Has joined Southampton permanently.,,0,0,0,0,0,0,0,0,0,0,0,0,0,,,,0.0,0.0,0.0,0.0,0.0,0,0,0
124,d,25.0,100.0,5.0,241,146.0,0,0.0,0,0.0,0.3,308,107.0,75,0,2.6,253.0,103.0,5,332,2.3,162.0,61.0,0.5,15.0,0.0,100928,47,103441,445,0.6,2.3,0.33,2.25,2.58,25.95,0.02,0.11,0.13,1.29,328.0,190.0,78.0,336.0,90.0,67.0,45.0,337.0,175.0,70.9,194.0,95.0,,,,32,,Jordan,Henderson,Henderson,Knock - 25% chance of playing,,1814,1,3,6,26,0,0,0,4,0,0,21,178,,,,0.0,0.3,1.29,1.04,8.83,26,58,94
125,i,0.0,0.0,4.9,301,187.0,0,0.0,-1,1.0,0.1,444,150.0,70,0,3.2,170.0,70.0,6,300,0.0,716.0,295.0,0.0,14.3,0.0,67538,4,55529,373,0.0,0.0,0.82,1.88,2.7,20.22,0.06,0.14,0.2,1.45,329.0,189.0,77.0,313.6,104.0,77.0,91.0,271.0,146.0,72.5,186.0,93.0,2.0,,,32,,Vitaly,Janelt,Janelt,Foot injury - Unknown return date,,1253,1,4,5,16,0,0,0,7,0,0,13,164,,,,0.0,0.36,1.15,0.93,11.78,24,66,74
126,a,,,4.9,304,189.0,0,0.0,-1,1.0,0.1,485,169.0,74,2,2.5,272.0,112.0,0,358,3.0,126.0,47.0,0.6,15.1,0.0,20041,45,20183,108,3.0,3.0,2.07,4.23,6.3,26.16,0.11,0.22,0.33,1.36,319.4,196.0,81.0,454.0,47.0,39.0,180.0,171.0,95.0,95.3,112.0,63.0,1.0,2.0,5.0,32,,Mathias,Jensen,Jensen,,,1735,2,2,7,25,0,0,0,3,0,0,20,165,,,,0.0,0.36,1.3,1.04,8.56,30,48,87
127,u,0.0,0.0,4.9,342,213.0,0,0.0,-1,1.0,0.0,726,301.0,0,0,0.0,786.0,342.0,0,0,0.0,738.0,309.0,0.0,0.0,0.0,1544,0,2336,2,0.0,0.0,0.0,0.0,0.0,0.0,0.0,0.0,0.0,0.0,0.0,785.0,341.0,0.0,781.0,341.0,0.0,777.0,339.0,0.0,785.0,341.0,,,,32,,Gustavo,Nunes Fernandes Gomes,Nunes,has joined Swansea City on loan for the rest of the season.,,0,0,0,0,0,0,0,0,0,0,0,0,0,,,,0.0,0.0,0.0,0.0,0.0,0,0,0
128,u,0.0,0.0,4.8,362,225.0,0,0.0,-2,2.0,0.0,610,233.0,12,0,2.0,341.0,146.0,0,41,0.0,704.0,287.0,0.0,2.5,0.0,5396,0,8938,9,0.0,0.0,0.0,0.36,0.36,2.02,0.0,0.37,0.37,2.07,28.4,441.0,196.0,13.6,414.0,207.0,4.0,439.0,215.0,4.6,458.0,206.0,,,,32,,Frank,Onyeka,Onyeka,has joined Coventry City on loan for the rest of the season.,,88,0,2,0,2,0,0,0,0,0,0,0,10,,,,0.0,0.0,2.05,0.0,10.23,2,3,5
129,a,100.0,100.0,5.0,274,168.0,0,0.0,0,0.0,0.1,490,173.0,84,4,2.6,257.0,105.0,0,364,2.7,145.0,53.0,0.5,16.8,0.0,24718,31,22305,64,2.7,2.7,1.19,1.26,2.45,33.05,0.05,0.05,0.1,1.34,359.0,166.0,64.0,240.3,151.0,102.0,110.0,250.0,139.0,70.8,195.0,96.0,,,,32,,Yehor,Yarmoliuk,Yarmoliuk,,,2216,1,2,6,36,0,0,0,7,0,0,25,277,,,,0.0,0.24,1.46,1.02,11.25,57,64,156
131,u,0.0,0.0,4.3,622,368.0,0,0.0,-2,2.0,0.1,426,146.0,0,0,0.0,668.0,257.0,0,0,0.0,559.0,189.0,0.0,0.0,0.0,38108,0,45385,48,0.0,0.0,0.0,0.0,0.0,0.0,0.0,0.0,0.0,0.0,0.0,658.0,247.0,0.0,654.0,252.0,0.0,631.0,241.0,0.0,660.0,249.0,,,,32,,Yunus Emre,Konak,Konak,has joined Oxford United on loan for the rest of the season.,,0,0,0,0,0,0,0,0,0,0,0,0,0,,,,0.0,0.0,0.0,0.0,0.0,0,0,0
133,u,0.0,0.0,4.4,543,325.0,0,0.0,-1,1.0,0.0,641,251.0,1,0,1.0,472.0,207.0,0,2,0.0,574.0,192.0,0.0,0.2,0.0,3881,0,6458,8,0.0,0.0,0.0,0.0,0.0,0.0,0.0,0.0,0.0,0.0,0.0,666.0,250.0,0.0,662.0,254.0,0.0,641.0,244.0,0.0,668.0,252.0,,,,32,,Myles,Peart-Harris,Peart-Harris,has joined Oxford United permanently.,,1,0,0,0,0,0,0,0,0,0,0,0,0,,,,0.0,0.0,0.0,0.0,0.0,0,0,0
134,u,0.0,0.0,4.5,490,302.0,0,0.0,0,0.0,0.0,792,347.0,0,0,0.0,743.0,311.0,0,0,0.0,663.0,258.0,0.0,0.0,0.0,0,0,952,1,0.0,0.0,0.0,0.0,0.0,0.0,0.0,0.0,0.0,0.0,0.0,741.0,309.0,0.0,734.0,309.0,0.0,721.0,305.0,0.0,741.0,309.0,,,,32,,Ryan,Trevitt,Trevitt,Has joined Wigan on loan for the rest of the season,,0,0,0,0,0,0,0,0,0,0,0,0,0,,,,0.0,0.0,0.0,0.0,0.0,0,0,0
136,a,100.0,100.0,7.3,30,12.0,0,0.0,13,-13.0,34.2,6,3.0,166,13,5.2,10.0,2.0,22,668,7.7,8.0,2.0,1.1,22.7,0.0,9300339,35405,5114569,36424,7.7,7.7,18.95,1.72,20.67,42.47,0.62,0.06,0.68,1.39,927.2,5.0,2.0,320.5,98.0,4.0,1041.0,2.0,2.0,228.6,3.0,2.0,,,2.0,32,,Igor Thiago,Nascimento Rodrigues,Thiago,,,2742,21,1,8,42,0,0,1,6,0,0,31,179,,,,0.0,0.26,1.38,1.02,5.88,28,67,84
742,a,,,4.5,503,312.0,0,0.0,0,0.0,0.0,735,308.0,0,0,0.0,753.0,318.0,0,0,0.0,675.0,267.0,0.0,0.0,0.0,1587,6,1360,0,0.5,0.0,0.0,0.0,0.0,0.0,0.0,0.0,0.0,0.0,0.0,752.0,317.0,0.0,745.0,317.0,0.0,732.0,313.0,0.0,752.0,317.0,,,,32,,Ryan,McAidoo,McAidoo,,,0,0,0,0,0,0,0,0,0,0,0,0,0,,,,0.0,0.0,0.0,0.0,0.0,0,0,0
137,u,0.0,0.0,4.4,556,77.0,0,0.0,-1,1.0,0.3,328,51.0,0,0,0.0,681.0,70.0,0,0,0.0,583.0,58.0,0.0,0.0,0.0,52422,0,82104,47,0.0,0.0,0.0,0.0,0.0,0.0,0.0,0.0,0.0,0.0,0.0,674.0,70.0,0.0,669.0,69.0,0.0,650.0,69.0,0.0,676.0,70.0,,,,32,,Iwan,Morgan,Morgan,has joined Shrewsbury on loan for the rest of the season.,,0,0,0,0,0,0,0,0,0,0,0,0,0,,,,0.0,0.0,0.0,0.0,0.0,0,0,0
748,i,0.0,0.0,4.9,297,184.0,0,0.0,-1,1.0,0.0,810,359.0,0,0,0.0,774.0,333.0,0,0,0.0,714.0,294.0,0.0,0.0,0.0,213,1,238,0,0.0,0.0,0.0,0.0,0.0,0.0,0.0,0.0,0.0,0.0,0.0,773.0,332.0,0.0,769.0,332.0,0.0,765.0,330.0,0.0,773.0,332.0,,,,32,,Josh,Dasilva,Dasilva,Lack of match fitness - Expected back 24 May,,0,0,0,0,0,0,0,0,0,0,0,0,0,,,,0.0,0.0,0.0,0.0,0.0,0,0,0
819,a,,,4.0,696,178.0,0,0.0,0,0.0,0.0,767,259.0,0,0,0.0,605.0,223.0,0,0,0.0,466.0,179.0,0.0,0.0,0.0,318,7,102,10,0.0,0.0,0.0,0.0,0.0,0.0,0.0,0.0,0.0,0.0,0.0,595.0,222.0,0.0,586.0,222.0,0.0,555.0,218.0,0.0,597.0,222.0,,,,32,,Ollie,Shield,Shield,,,0,0,0,0,0,0,0,0,0,0,0,0,0,,,,0.0,0.0,0.0,0.0,0.0,0,0,0
823,a,,,4.0,740,212.0,0,0.0,0,0.0,0.0,812,267.0,0,0,0.0,638.0,248.0,0,0,0.0,505.0,209.0,0.0,0.0,0.0,28,6,7,5,0.0,0.0,0.0,0.0,0.0,0.0,0.0,0.0,0.0,0.0,0.0,629.0,248.0,0.0,621.0,248.0,0.0,592.0,246.0,0.0,631.0,248.0,,,,32,,Joshua,Stephenson,Stephenson,,,0,0,0,0,0,0,0,0,0,0,0,0,0,,,,0.0,0.0,0.0,0.0,0.0,0,0,0
824,a,,,4.0,723,196.0,0,0.0,0,0.0,0.0,808,266.0,0,0,0.0,625.0,236.0,0,0,0.0,489.0,194.0,0.0,0.0,0.0,46,9,7,3,0.0,0.0,0.0,0.0,0.0,0.0,0.0,0.0,0.0,0.0,0.0,616.0,236.0,0.0,608.0,236.0,0.0,578.0,233.0,0.0,618.0,236.0,,,,32,,Conor,McManus,McManus,,,0,0,0,0,0,0,0,0,0,0,0,0,0,,,,0.0,0.0,0.0,0.0,0.0,0,0,0
826,a,,,4.5,463,281.0,0,0.0,0,0.0,0.0,826,371.0,0,0,0.0,724.0,296.0,0,0,0.0,637.0,237.0,0.0,0.0,0.0,6,6,1,1,1.3,1.3,0.0,0.0,0.0,0.0,0.0,0.0,0.0,0.0,0.0,719.0,291.0,0.0,714.0,293.0,0.0,698.0,286.0,0.0,720.0,292.0,,,,32,,Riley,Owen,Owen,,,0,0,0,0,0,0,0,0,0,0,0,0,0,,,,0.0,0.0,0.0,0.0,0.0,0,0,0
138,a,,,4.2,626,30.0,0,0.0,-3,3.0,0.2,357,50.0,0,0,0.0,642.0,88.0,0,0,0.0,512.0,80.0,0.0,0.0,0.0,11175,56,40424,66,-0.5,0.5,0.0,0.0,0.0,0.0,0.0,0.0,0.0,0.0,0.0,633.0,88.0,0.0,626.0,77.0,0.0,597.0,64.0,0.0,635.0,88.0,,,,32,,Jason,Steele,Steele,,,0,0,0,0,0,0,0,0,0,0,0,0,0,,,,0.0,0.0,0.0,0.0,0.0,0,0,0
139,a,,,4.5,445,24.0,0,0.0,0,0.0,8.5,42,7.0,110,9,3.4,141.0,17.0,6,540,6.3,15.0,1.0,1.4,24.4,0.0,1107627,24862,902487,1728,12.1,6.8,0.0,0.05,0.05,41.9,0.0,0.0,0.0,1.31,806.0,8.0,2.0,10.0,430.0,9.0,0.0,685.0,78.0,81.7,153.0,2.0,,,,32,,Bart,Verbruggen,Verbruggen,,,2880,0,0,8,37,1,1,0,3,0,91,32,102,,,,2.84,0.25,1.16,1.0,0.0,1,26,283
140,a,,,3.9,755,77.0,0,0.0,-1,1.0,0.3,324,45.0,0,0,0.0,553.0,49.0,0,0,0.0,409.0,39.0,0.0,0.0,0.0,18434,18,29103,64,-0.5,0.5,0.0,0.0,0.0,0.0,0.0,0.0,0.0,0.0,0.0,543.0,49.0,0.0,530.0,32.0,0.0,498.0,19.0,0.0,545.0,49.0,,,,32,,Tom,McGill,McGill,,,0,0,0,0,0,0,0,0,0,0,0,0,0,,,,0.0,0.0,0.0,0.0,0.0,0,0,0
141,u,0.0,0.0,4.0,690,54.0,0,0.0,0,0.0,0.0,807,92.0,0,0,0.0,599.0,76.0,0,0,0.0,460.0,68.0,0.0,0.0,0.0,0,0,246,0,0.0,0.0,0.0,0.0,0.0,0.0,0.0,0.0,0.0,0.0,0.0,589.0,76.0,0.0,580.0,63.0,0.0,549.0,50.0,0.0,591.0,76.0,,,,32,,Carl,Rushworth,Rushworth,Has joined Coventry City on loan for the rest of the season.,,0,0,0,0,0,0,0,0,0,0,0,0,0,,,,0.0,0.0,0.0,0.0,0.0,0,0,0
144,u,0.0,0.0,4.2,645,151.0,0,0.0,-3,3.0,0.0,604,215.0,10,0,2.0,338.0,125.0,0,32,0.0,522.0,220.0,0.0,2.4,0.0,2735,0,8362,9,0.0,0.0,0.0,0.01,0.01,4.52,0.0,0.0,0.0,2.11,42.4,423.0,158.0,3.7,452.0,163.0,2.0,444.0,167.0,4.8,456.0,164.0,,,,32,,Diego,Coppola,Coppola,has joined Paris FC on loan for the rest of the season.,,193,0,0,1,3,0,0,0,2,0,0,2,19,,,,0.0,0.47,1.4,0.93,8.39,2,16,6
145,a,100.0,100.0,4.3,590,134.0,0,0.0,-2,2.0,1.6,154,60.0,61,0,2.5,268.0,103.0,6,228,0.3,343.0,121.0,0.1,14.2,0.0,257193,285,729383,766,0.1,0.8,1.55,2.15,3.7,20.84,0.12,0.17,0.29,1.64,215.2,268.0,109.0,319.7,99.0,23.0,132.0,223.0,58.0,66.7,206.0,70.0,,1.0,,32,,Maxim,De Cuyper,De Cuyper,,,1145,2,0,4,18,0,0,0,2,0,0,14,75,,,,0.0,0.31,1.41,1.1,4.01,18,33,57
146,s,0.0,0.0,4.5,411,75.0,0,0.0,0,0.0,0.9,195,76.0,82,0,2.8,216.0,86.0,3,389,4.0,70.0,29.0,0.9,18.2,0.0,166038,18,215752,1965,0.0,0.0,1.3,0.51,1.81,38.31,0.05,0.02,0.07,1.34,573.4,57.0,27.0,108.6,267.0,77.0,154.0,194.0,47.0,83.8,146.0,49.0,,3.0,,32,,Lewis,Dunk,Dunk,Suspended until 26 Apr,,2565,0,1,6,35,0,0,0,10,0,0,28,259,,,,0.0,0.21,1.23,0.98,7.61,33,184,120
147,u,0.0,0.0,4.5,420,81.0,0,0.0,0,0.0,0.0,751,257.0,0,0,0.0,697.0,257.0,0,0,0.0,603.0,240.0,0.0,0.0,0.0,0,0,1989,0,0.0,0.0,0.0,0.0,0.0,0.0,0.0,0.0,0.0,0.0,0.0,691.0,257.0,0.0,686.0,257.0,0.0,667.0,256.0,0.0,693.0,257.0,,,,32,,Pervis,Estupiñán Tenorio,Estupiñan,Has joined AC Milan permanently,,0,0,0,0,0,0,0,0,0,0,0,0,0,,,,0.0,0.0,0.0,0.0,0.0,0,0,0
444,a,,,4.1,657,158.0,0,0.0,-4,4.0,1.3,171,68.0,50,0,1.8,369.0,138.0,1,169,1.3,218.0,74.0,0.3,12.2,0.0,226230,283,311391,482,1.3,1.8,1.14,0.4,1.54,24.06,0.06,0.02,0.08,1.35,288.2,214.0,85.0,70.0,317.0,107.0,99.0,263.0,74.0,45.6,287.0,95.0,,,,32,,Leny,Yoro,Yoro,,,1606,0,1,2,30,0,0,0,1,0,0,17,158,,,,0.0,0.11,1.68,0.95,7.62,29,107,65
445,u,0.0,0.0,4.0,721,194.0,0,0.0,0,0.0,0.1,545,194.0,0,0,0.0,623.0,234.0,0,0,0.0,487.0,192.0,0.0,0.0,0.0,1160,0,14540,4,0.0,0.0,0.0,0.0,0.0,0.0,0.0,0.0,0.0,0.0,0.0,614.0,234.0,0.0,606.0,234.0,0.0,576.0,231.0,0.0,616.0,234.0,,,,32,,Harry,Amass,Amass,has joined Norwich City on loan for the rest of the season.,,0,0,0,0,0,0,0,0,0,0,0,0,0,,,,0.0,0.0,0.0,0.0,0.0,0,0,0
148,a,,,4.4,532,108.0,0,0.0,-1,1.0,0.6,233,88.0,92,6,3.0,192.0,76.0,4,432,5.3,33.0,17.0,1.2,20.9,0.0,124040,4000,77572,370,10.1,5.8,1.6,2.43,4.03,37.45,0.06,0.08,0.14,1.3,410.0,135.0,57.0,356.5,80.0,18.0,195.0,152.0,31.0,96.4,109.0,31.0,,,,32,,Ferdi,Kadıoğlu,F.Kadıoğlu,,,2590,0,2,8,32,0,0,0,6,0,0,28,178,,,,0.0,0.28,1.11,0.97,5.14,54,94,113
149,a,100.0,100.0,4.5,424,84.0,0,0.0,0,0.0,0.1,515,184.0,6,0,1.5,410.0,151.0,0,10,0.0,606.0,242.0,0.0,1.3,0.0,10234,191,10757,66,-0.5,0.5,0.0,0.0,0.0,4.66,0.0,0.0,0.0,4.07,25.8,443.0,163.0,10.6,425.0,153.0,0.0,670.0,258.0,3.6,462.0,166.0,,,,32,,Igor Julio,dos Santos de Paulo,Igor,,,103,0,0,0,3,0,0,0,0,0,0,1,13,,,,0.0,0.0,2.62,0.87,11.36,0,13,3
150,u,0.0,0.0,4.4,534,110.0,0,0.0,-1,1.0,0.1,520,186.0,0,0,0.0,672.0,256.0,0,0,0.0,569.0,236.0,0.0,0.0,0.0,2778,0,38647,7,0.0,0.0,0.0,0.0,0.0,0.0,0.0,0.0,0.0,0.0,0.0,663.0,256.0,0.0,659.0,256.0,0.0,638.0,255.0,0.0,665.0,256.0,,,,32,,Tariq,Lamptey,Lamptey,has joined Fiorentina permanently.,,0,0,0,0,0,0,0,0,0,0,0,0,0,,,,0.0,0.0,0.0,0.0,0.0,0,0,0
151,a,100.0,100.0,4.5,440,89.0,0,0.0,0,0.0,9.5,34,12.0,125,5,4.2,46.0,18.0,8,489,6.0,21.0,11.0,1.3,27.8,0.0,1728144,38538,696989,2529,11.5,6.5,2.18,1.27,3.44,39.11,0.07,0.04,0.11,1.32,845.4,7.0,3.0,201.4,176.0,46.0,242.0,115.0,17.0,129.2,56.0,7.0,,,,32,,Jan Paul,van Hecke,Van Hecke,,,2670,3,2,8,35,1,0,0,8,0,0,30,290,,,,0.0,0.27,1.18,1.01,8.76,45,215,88
152,a,100.0,100.0,4.3,574,122.0,0,0.0,-2,2.0,0.1,434,163.0,37,1,1.9,350.0,129.0,1,140,1.0,236.0,81.0,0.2,8.6,0.0,23060,82,37142,75,1.5,1.5,0.99,0.12,1.11,14.85,0.11,0.01,0.12,1.58,222.8,264.0,106.0,71.5,314.0,104.0,63.0,311.0,95.0,35.8,322.0,107.0,,,,32,,Joël,Veltman,Veltman,,,844,1,0,1,12,0,0,0,4,0,0,8,102,,,,0.0,0.11,1.28,0.85,9.6,29,61,34
153,i,0.0,0.0,4.4,525,103.0,0,0.0,-1,1.0,0.0,763,258.0,0,0,0.0,670.0,255.0,0,0,0.0,564.0,233.0,0.0,0.0,0.0,1019,3,1780,4,0.0,0.0,0.0,0.0,0.0,0.0,0.0,0.0,0.0,0.0,0.0,661.0,255.0,0.0,656.0,255.0,0.0,635.0,254.0,0.0,663.0,255.0,,,,32,,Adam,Webster,Webster,Knee injury - Unknown return date,,0,0,0,0,0,0,0,0,0,0,0,0,0,,,,0.0,0.0,0.0,0.0,0.0,0,0,0
154,u,0.0,0.0,4.0,681,170.0,0,0.0,0,0.0,0.0,786,262.0,0,0,0.0,592.0,217.0,0,0,0.0,452.0,172.0,0.0,0.0,0.0,0,0,787,1,0.0,0.0,0.0,0.0,0.0,0.0,0.0,0.0,0.0,0.0,0.0,582.0,216.0,0.0,573.0,216.0,0.0,542.0,212.0,0.0,584.0,216.0,,,,32,,Eiran,Cashin,Cashin,has joined Blackburn Rovers on loan for the rest of the season.,,0,0,0,0,0,0,0,0,0,0,0,0,0,,,,0.0,0.0,0.0,0.0,0.0,0,0,0
155,u,0.0,0.0,4.0,725,197.0,0,0.0,0,0.0,0.1,508,180.0,0,0,0.0,627.0,237.0,0,0,0.0,491.0,195.0,0.0,0.0,0.0,3175,0,16701,4,0.0,0.0,0.0,0.0,0.0,0.0,0.0,0.0,0.0,0.0,0.0,618.0,237.0,0.0,610.0,237.0,0.0,580.0,234.0,0.0,620.0,237.0,,,,32,,Jacob,Slater,Slater,has joined Harrogate Town on loan until January.,,0,0,0,0,0,0,0,0,0,0,0,0,0,,,,0.0,0.0,0.0,0.0,0.0,0,0,0
156,a,,,3.8,810,253.0,0,0.0,-2,2.0,0.2,409,149.0,0,0,0.0,539.0,197.0,0,0,0.0,392.0,147.0,0.0,0.0,0.0,12675,43,17826,40,-0.5,0.5,0.0,0.0,0.0,0.0,0.0,0.0,0.0,0.0,0.0,529.0,196.0,0.0,514.0,196.0,0.0,481.0,190.0,0.0,531.0,196.0,,,,32,,Charlie,Tasker,Tasker,,,0,0,0,0,0,0,0,0,0,0,0,0,0,,,,0.0,0.0,0.0,0.0,0.0,0,0,0
157,a,100.0,100.0,6.1,83,55.0,0,0.0,-4,4.0,2.2,133,45.0,52,1,2.5,278.0,117.0,2,192,0.7,310.0,144.0,0.1,8.5,0.0,334655,4290,874299,883,0.9,1.2,3.27,2.47,5.74,18.97,0.21,0.16,0.37,1.19,231.2,256.0,107.0,364.4,76.0,59.0,336.0,76.0,43.0,92.8,120.0,68.0,,,,32,,Mitoma,Kaoru,Mitoma,,,1432,2,1,4,16,0,0,0,3,0,0,16,85,,,,0.0,0.25,1.01,1.01,5.34,14,22,49
158,a,100.0,100.0,5.6,130,81.0,0,0.0,-4,4.0,0.3,315,110.0,71,1,2.7,238.0,95.0,2,235,0.7,308.0,143.0,0.1,12.7,0.0,133142,307,256714,124,0.9,1.2,2.28,2.2,4.48,19.73,0.13,0.12,0.25,1.1,269.2,227.0,95.0,292.2,118.0,83.0,374.0,64.0,37.0,93.4,116.0,66.0,,,,32,,Georginio,Rutter,Georginio,,,1614,2,4,6,17,1,0,0,2,0,0,19,120,,,,0.0,0.33,0.95,1.06,6.69,28,36,56
160,a,100.0,100.0,5.5,151,96.0,0,0.0,-5,5.0,2.5,120,38.0,98,3,3.5,129.0,58.0,8,383,4.3,63.0,25.0,0.8,17.8,0.0,2034448,11939,1906975,1171,8.1,4.8,3.25,4.1,7.35,28.3,0.15,0.19,0.34,1.33,393.4,146.0,51.0,571.7,27.0,26.0,542.0,29.0,14.0,151.0,33.0,25.0,5.0,,,32,,Yankuba,Minteh,Minteh,,,1908,2,8,8,27,0,0,0,2,0,0,21,152,,,,0.0,0.38,1.27,0.99,7.17,41,28,83
161,u,0.0,0.0,5.4,171,107.0,0,0.0,-1,1.0,0.0,752,319.0,0,0,0.0,810.0,359.0,0,0,0.0,789.0,345.0,0.0,0.0,0.0,105,0,2964,0,0.0,0.0,0.0,0.0,0.0,0.0,0.0,0.0,0.0,0.0,0.0,809.0,358.0,0.0,808.0,358.0,0.0,806.0,357.0,0.0,809.0,358.0,,,,32,,Julio,Enciso Espínola,Enciso,has joined Strasbourg permanently.,,0,0,0,0,0,0,0,0,0,0,0,0,0,,,,0.0,0.0,0.0,0.0,0.0,0,0,0
162,u,0.0,0.0,5.4,176,111.0,0,0.0,-1,1.0,0.0,602,228.0,35,0,1.9,363.0,156.0,2,114,0.0,791.0,347.0,0.0,6.5,0.0,16799,0,19808,7,0.0,0.0,1.86,0.88,2.74,13.82,0.24,0.11,0.35,1.76,134.4,336.0,152.0,217.1,167.0,113.0,152.0,198.0,109.0,50.0,273.0,139.0,,,,32,,Brajan,Gruda,Gruda,has joined Leipzig on loan for the rest of the season.,,708,1,1,2,11,0,0,0,2,0,0,8,58,,,,0.0,0.25,1.4,1.02,7.37,14,4,40
163,a,100.0,100.0,5.1,239,144.0,0,0.0,-4,4.0,0.4,273,95.0,61,3,2.9,203.0,82.0,2,218,3.7,91.0,32.0,0.7,12.0,0.0,71765,974,31183,167,6.9,4.2,2.67,1.88,4.55,22.07,0.19,0.14,0.33,1.6,193.0,287.0,123.0,175.0,197.0,128.0,261.0,104.0,64.0,62.6,226.0,113.0,,,,32,,Jack,Hinshelwood,Hinshelwood,,,1244,1,5,4,17,1,0,0,0,0,0,14,98,,,,0.0,0.29,1.23,1.01,7.09,15,31,52
164,a,100.0,100.0,5.5,140,87.0,0,0.0,0,0.0,0.3,303,106.0,14,0,3.5,127.0,57.0,2,42,0.3,360.0,167.0,0.1,2.5,0.0,132503,70,200006,36,0.1,0.8,1.21,0.18,1.39,2.41,0.59,0.09,0.68,1.17,61.6,405.0,176.0,67.4,319.0,177.0,63.0,314.0,168.0,19.2,387.0,178.0,,,3.0,32,,Matt,O'Riley,O'Riley,,,186,1,0,1,2,0,0,0,0,0,0,2,9,,,,0.0,0.48,0.97,0.97,4.35,4,3,2
165,u,0.0,0.0,5.4,177,112.0,0,0.0,-1,1.0,0.0,738,310.0,0,0,0.0,811.0,360.0,0,0,0.0,792.0,348.0,0.0,0.0,0.0,247,0,2251,1,0.0,0.0,0.0,0.0,0.0,0.0,0.0,0.0,0.0,0.0,0.0,810.0,359.0,0.0,809.0,359.0,0.0,807.0,358.0,0.0,810.0,359.0,,,,32,,Abdallah,Sima,Sima,has joined Lens permanently.,,0,0,0,0,0,0,0,0,0,0,0,0,0,,,,0.0,0.0,0.0,0.0,0.0,0,0,0
166,a,100.0,100.0,4.8,370,231.0,0,0.0,-2,2.0,0.4,282,98.0,93,8,3.7,95.0,40.0,7,389,3.3,112.0,41.0,0.7,19.4,0.0,205337,1336,185471,154,6.1,3.8,2.61,1.14,3.75,25.6,0.13,0.06,0.19,1.27,355.2,170.0,66.0,248.3,146.0,98.0,225.0,127.0,76.0,83.1,149.0,78.0,,2.0,,32,,Yasin,Ayari,Ayari,,,1810,3,4,6,21,0,0,0,1,0,0,19,219,,,,0.0,0.3,1.04,0.94,10.89,47,51,121
167,a,100.0,100.0,4.5,459,277.0,0,0.0,-5,5.0,1.5,159,55.0,42,1,1.6,401.0,170.0,0,158,0.7,287.0,130.0,0.2,9.3,0.0,206544,649,557270,550,0.9,1.2,0.56,0.28,0.84,17.06,0.04,0.02,0.06,1.19,101.4,371.0,164.0,93.0,291.0,171.0,29.0,371.0,189.0,22.4,372.0,176.0,,,,32,,Carlos,Baleba,Baleba,,,1290,0,0,4,17,0,0,0,5,0,0,19,154,,,,0.0,0.28,1.19,1.33,10.74,28,51,75
169,a,100.0,100.0,4.9,335,206.0,0,0.0,-1,1.0,0.9,206,73.0,94,5,3.2,173.0,71.0,9,359,5.0,39.0,14.0,1.0,19.2,0.0,186890,4653,96409,673,9.5,5.5,5.31,1.7,7.01,27.67,0.24,0.08,0.32,1.24,437.2,122.0,40.0,317.0,100.0,73.0,394.0,57.0,34.0,115.0,80.0,50.0,,5.0,,32,,Diego,Gómez Amarilla,Gomez,,,2015,5,1,8,25,0,0,0,9,0,0,24,225,,,,0.0,0.36,1.12,1.07,10.05,76,46,103
170,d,75.0,100.0,4.9,284,176.0,0,0.0,-1,1.0,0.1,462,158.0,34,0,1.8,377.0,159.0,0,153,1.7,201.0,84.0,0.3,6.9,0.0,19490,33,24068,91,2.2,2.2,1.03,0.65,1.68,11.32,0.13,0.08,0.21,1.43,137.6,335.0,151.0,149.5,220.0,141.0,59.0,323.0,170.0,34.4,331.0,163.0,,,1.0,32,,James,Milner,Milner,Knock - 75% chance of playing,,714,1,1,2,14,0,0,0,2,0,0,6,76,,,,0.0,0.25,1.76,0.76,9.58,14,24,38
172,u,0.0,0.0,4.8,372,233.0,0,0.0,-2,2.0,0.0,653,258.0,5,0,0.8,517.0,240.0,0,15,0.0,706.0,288.0,0.0,1.0,0.0,2397,0,4276,5,0.0,0.0,0.04,0.03,0.07,1.72,0.06,0.05,0.11,2.72,6.0,478.0,216.0,2.4,460.0,221.0,7.0,429.0,206.0,1.6,476.0,217.0,,,,32,,Tom,Watson,Watson,has joined Millwall on loan for the rest of the season.,,57,0,0,0,2,0,0,0,1,0,0,0,5,,,,0.0,0.0,3.16,0.0,7.89,1,0,4
173,a,100.0,100.0,4.9,329,204.0,0,0.0,-1,1.0,0.3,335,114.0,89,18,4.0,59.0,27.0,6,374,8.0,5.0,1.0,1.6,18.2,0.0,94121,12285,79666,233,15.5,8.5,1.92,1.79,3.71,20.75,0.1,0.1,0.2,1.13,461.8,107.0,35.0,266.6,133.0,91.0,199.0,149.0,84.0,92.8,118.0,67.0,,,,32,,Mats,Wieffer,Wieffer,,,1659,2,4,6,20,0,0,0,7,0,0,19,255,,,,0.0,0.33,1.08,1.03,13.83,64,97,94
174,u,0.0,0.0,5.0,281,174.0,0,0.0,0,0.0,0.0,782,339.0,0,0,0.0,801.0,354.0,0,0,0.0,758.0,324.0,0.0,0.0,0.0,0,0,1267,0,0.0,0.0,0.0,0.0,0.0,0.0,0.0,0.0,0.0,0.0,0.0,800.0,353.0,0.0,798.0,353.0,0.0,793.0,351.0,0.0,800.0,353.0,,,,32,,Malick,Yalcouyé,Yalcouye,Has joined Swansea City on loan for the rest of the season.,,0,0,0,0,0,0,0,0,0,0,0,0,0,,,,0.0,0.0,0.0,0.0,0.0,0,0,0
175,u,0.0,0.0,4.4,562,338.0,0,0.0,-1,1.0,0.1,543,199.0,1,0,1.0,475.0,210.0,0,3,0.0,588.0,203.0,0.0,0.2,0.0,11030,0,15258,14,0.0,0.0,0.0,0.0,0.0,0.0,0.0,0.0,0.0,0.0,0.0,679.0,260.0,0.0,674.0,263.0,0.0,655.0,255.0,0.0,681.0,262.0,,,,32,,Joe,Knight,Knight,has joined Stevenage permanently.,,1,0,0,0,0,0,0,0,0,0,0,0,0,,,,0.0,0.0,0.0,0.0,0.0,0,0,0
176,u,0.0,0.0,4.5,464,282.0,0,0.0,0,0.0,0.0,693,281.0,0,0,0.0,725.0,297.0,0,0,0.0,638.0,238.0,0.0,0.0,0.0,1435,0,4608,0,0.0,0.0,0.0,0.0,0.0,0.0,0.0,0.0,0.0,0.0,0.0,720.0,292.0,0.0,715.0,294.0,0.0,699.0,287.0,0.0,721.0,293.0,,,,32,,Adrian,Mazilu,Mazilu,has joined Dinamo Bucharest permanently.,,0,0,0,0,0,0,0,0,0,0,0,0,0,,,,0.0,0.0,0.0,0.0,0.0,0,0,0
177,u,0.0,0.0,4.5,453,271.0,0,0.0,0,0.0,0.0,711,290.0,0,0,0.0,716.0,288.0,0,0,0.0,629.0,229.0,0.0,0.0,0.0,490,0,5113,2,0.0,0.0,0.0,0.0,0.0,0.0,0.0,0.0,0.0,0.0,0.0,711.0,283.0,0.0,706.0,285.0,0.0,690.0,278.0,0.0,712.0,284.0,,,,32,,Andrew,Moran,Moran,Has joined Los Angeles FC on loan for the rest of the season.,,0,0,0,0,0,0,0,0,0,0,0,0,0,,,,0.0,0.0,0.0,0.0,0.0,0,0,0
178,a,100.0,100.0,6.2,72,23.0,0,0.0,-3,3.0,8.1,46,9.0,108,2,3.5,130.0,11.0,17,439,5.3,37.0,6.0,0.9,17.4,0.0,2651845,29843,2232273,6664,10.1,5.8,11.34,1.31,12.65,26.47,0.54,0.06,0.6,1.26,507.6,81.0,6.0,284.9,123.0,7.0,667.0,20.0,12.0,145.3,37.0,9.0,,4.0,2.0,32,,Danny,Welbeck,Welbeck,,,1891,12,0,8,22,0,0,2,5,0,0,21,94,,,,0.0,0.38,1.05,1.0,4.47,20,33,41
179,u,0.0,0.0,5.5,148,36.0,0,0.0,0,0.0,0.0,759,92.0,0,0,0.0,815.0,89.0,0,0,0.0,798.0,85.0,0.0,0.0,0.0,0,0,1560,0,0.0,0.0,0.0,0.0,0.0,0.0,0.0,0.0,0.0,0.0,0.0,814.0,89.0,0.0,813.0,89.0,0.0,811.0,89.0,0.0,814.0,89.0,,,,32,,Evan,Ferguson,Ferguson,Has joined AS Roma on loan for the rest of the season,,0,0,0,0,0,0,0,0,0,0,0,0,0,,,,0.0,0.0,0.0,0.0,0.0,0,0,0
180,i,0.0,0.0,5.2,218,51.0,0,0.0,-3,3.0,0.1,534,74.0,16,0,1.8,381.0,43.0,0,55,0.0,773.0,82.0,0.0,3.1,0.0,13400,8,23399,16,0.0,0.0,0.44,0.11,0.55,2.59,0.3,0.08,0.38,1.77,66.6,401.0,45.0,65.7,325.0,37.0,44.0,342.0,54.0,17.7,392.0,49.0,,,,32,,Stefanos,Tzimas,Tzimas,Knee injury - Expected back 01 Jun,,132,1,1,0,2,0,0,0,0,0,0,1,15,,,,0.0,0.0,1.36,0.68,10.23,3,2,10
181,a,,,4.8,374,64.0,0,0.0,-2,2.0,0.3,304,47.0,30,0,1.9,353.0,39.0,3,117,0.0,707.0,74.0,0.0,6.2,0.0,56450,61,78010,139,-0.5,0.5,1.7,0.23,1.93,4.62,0.52,0.07,0.59,1.42,129.6,342.0,33.0,80.0,306.0,35.0,192.0,159.0,37.0,40.1,309.0,34.0,,,,32,,Charalampos,Kostoulas,Kostoulas,,,292,2,1,1,7,0,0,0,2,0,0,2,38,,,,0.0,0.31,2.16,0.62,11.71,11,5,22
744,a,,,4.5,469,285.0,0,0.0,0,0.0,0.0,719,298.0,1,0,1.0,481.0,215.0,0,3,0.0,642.0,241.0,0.0,0.2,0.0,2973,11,2215,16,-0.5,0.5,0.0,0.0,0.0,0.0,0.0,0.0,0.0,0.0,0.0,724.0,295.0,0.0,718.0,296.0,0.0,703.0,290.0,0.0,725.0,296.0,,,,32,,Nehemiah,Oriola,Oriola,,,1,0,0,0,0,0,0,0,0,0,0,0,0,,,,0.0,0.0,0.0,0.0,0.0,0,0,0
795,a,,,4.5,493,304.0,0,0.0,0,0.0,0.0,768,328.0,4,0,1.3,433.0,192.0,0,11,0.0,666.0,260.0,0.0,0.9,0.0,864,9,382,8,-0.5,0.5,0.0,0.03,0.03,1.04,0.0,0.03,0.03,1.02,10.2,466.0,207.0,5.1,446.0,216.0,2.0,452.0,222.0,1.8,473.0,215.0,,,,32,,Harry,Howell,Howell,,,92,0,0,0,2,0,0,0,0,0,0,1,7,,,,0.0,0.0,1.96,0.98,6.85,1,3,3
220,a,100.0,100.0,4.8,355,13.0,0,0.0,-2,2.0,12.5,27,5.0,104,2,3.5,123.0,16.0,7,469,2.3,160.0,17.0,0.5,21.7,0.0,1726099,5650,3038197,4471,5.1,2.3,0.0,0.04,0.04,40.2,0.0,0.0,0.0,1.38,714.6,24.0,7.0,50.0,352.0,1.0,0.0,756.0,85.0,76.0,171.0,4.0,,,,32,,Robert,Lynch Sánchez,Sánchez,,,2614,0,1,9,39,0,0,0,3,1,85,30,89,,,,2.93,0.31,1.34,1.03,0.0,2,24,261
221,d,25.0,25.0,4.3,604,28.0,0,0.0,-2,2.0,0.2,402,57.0,6,0,2.0,339.0,32.0,0,35,0.0,544.0,84.0,0.0,1.4,0.0,16378,5,28325,68,0.1,0.0,0.0,0.0,0.0,3.56,0.0,0.0,0.0,1.21,59.6,406.0,31.0,0.0,642.0,82.0,0.0,619.0,71.0,5.9,445.0,31.0,,,,32,,Filip,Jörgensen,Jörgensen,Groin Injury - 25% chance of playing,,264,0,0,0,4,0,0,0,0,0,6,2,7,,,,2.05,0.0,1.36,0.68,0.0,0,3,23
222,u,0.0,0.0,4.0,714,63.0,0,0.0,0,0.0,0.0,802,91.0,0,0,0.0,616.0,84.0,0,0,0.0,480.0,76.0,0.0,0.0,0.0,0,0,343,0,0.0,0.0,0.0,0.0,0.0,0.0,0.0,0.0,0.0,0.0,0.0,607.0,84.0,0.0,599.0,72.0,0.0,569.0,59.0,0.0,609.0,84.0,,,,32,,Mike,Penders,Penders,Has joined RC Strasbourg on loan for the rest of the season.,,0,0,0,0,0,0,0,0,0,0,0,0,0,,,,0.0,0.0,0.0,0.0,0.0,0,0,0
223,a,,,3.9,767,82.0,0,0.0,-1,1.0,0.1,470,70.0,0,0,0.0,561.0,54.0,0,0,0.0,417.0,44.0,0.0,0.0,0.0,10186,6,13023,22,0.5,0.0,0.0,0.0,0.0,0.0,0.0,0.0,0.0,0.0,0.0,551.0,54.0,0.0,538.0,37.0,0.0,506.0,24.0,0.0,553.0,54.0,,,,32,,Gabriel,Słonina,Slonina,,,0,0,0,0,0,0,0,0,0,0,0,0,0,,,,0.0,0.0,0.0,0.0,0.0,0,0,0
224,a,100.0,100.0,6.0,86,5.0,0,0.0,0,0.0,14.9,20,7.0,94,0,3.4,150.0,58.0,5,430,1.0,273.0,92.0,0.2,15.7,0.0,2899372,29251,3752097,2628,2.5,1.0,2.26,3.02,5.28,32.45,0.09,0.13,0.22,1.35,491.0,91.0,40.0,482.9,39.0,4.0,253.0,108.0,13.0,122.7,61.0,10.0,,,,32,,Marc,Cucurella Saseta,Cucurella,,,2166,1,3,9,28,0,0,0,6,1,0,25,195,,,,0.0,0.37,1.16,1.04,6.57,46,112,93
228,a,100.0,100.0,4.9,330,54.0,0,0.0,-1,1.0,2.0,138,55.0,92,1,3.2,172.0,67.0,7,370,1.0,251.0,89.0,0.2,18.8,0.0,525744,7571,509893,884,2.5,1.0,1.46,1.89,3.35,29.97,0.07,0.09,0.16,1.48,371.6,160.0,67.0,312.6,105.0,24.0,170.0,179.0,42.0,85.5,144.0,47.0,,,,32,,Malo,Gusto,Gusto,,,1821,2,3,7,26,0,0,0,2,1,0,21,133,,,,0.0,0.35,1.29,1.04,5.09,47,56,102
229,a,100.0,100.0,4.4,537,113.0,0,0.0,-1,1.0,0.0,645,231.0,7,0,0.9,509.0,175.0,0,48,0.0,570.0,237.0,0.0,1.6,0.0,9015,16,9632,28,0.5,0.0,0.0,0.06,0.06,7.41,0.0,0.01,0.01,1.42,102.8,367.0,140.0,7.9,437.0,156.0,2.0,448.0,168.0,11.4,421.0,150.0,,,,32,,Benoît,Badiashile Mukinayi,B.Badiashile,,,470,0,0,0,10,0,0,0,2,0,0,6,51,,,,0.0,0.0,1.91,1.15,9.19,7,41,16
230,a,100.0,100.0,4.4,541,116.0,0,0.0,-1,1.0,0.4,284,107.0,58,3,2.9,200.0,81.0,3,255,2.7,142.0,58.0,0.6,13.2,0.0,126679,1817,113899,211,5.9,2.7,0.6,0.58,1.18,20.21,0.04,0.04,0.08,1.34,401.4,140.0,62.0,62.1,331.0,112.0,44.0,339.0,110.0,50.7,269.0,87.0,,,,32,,Wesley,Fofana,Fofana,,,1362,0,1,4,19,0,0,0,4,1,0,15,181,,,,0.0,0.26,1.26,0.99,11.43,19,154,65
231,a,100.0,100.0,4.5,479,96.0,0,0.0,0,0.0,0.0,661,234.0,2,0,1.0,483.0,173.0,0,1,0.0,652.0,249.0,0.0,0.4,0.0,3261,55,3398,55,0.5,0.0,0.35,0.0,0.35,1.42,0.35,0.0,0.35,1.4,6.2,476.0,171.0,0.1,491.0,177.0,7.0,428.0,163.0,1.3,484.0,170.0,,,,32,,Mamadou,Sarr,M.Sarr,,,91,0,0,0,3,0,0,0,0,0,0,1,8,,,,0.0,0.0,2.97,0.99,7.91,1,7,2
481,a,,,3.8,809,252.0,0,0.0,-2,2.0,0.7,225,84.0,1,0,1.0,453.0,163.0,0,-1,0.0,391.0,146.0,0.0,0.3,0.0,80194,104,104960,188,0.0,0.0,0.0,0.0,0.0,0.27,0.0,0.0,0.0,24.3,2.2,493.0,175.0,0.0,513.0,195.0,0.0,480.0,189.0,0.2,505.0,177.0,,,,32,,Alex,Murphy,A.Murphy,,,1,0,0,0,1,0,0,0,0,0,0,0,1,,,,0.0,0.0,90.0,0.0,90.0,0,1,0
482,u,0.0,0.0,3.9,762,220.0,0,0.0,-1,1.0,0.1,465,171.0,0,0,0.0,557.0,202.0,0,0,0.0,413.0,155.0,0.0,0.0,0.0,8541,0,17122,12,0.0,0.0,0.0,0.0,0.0,0.0,0.0,0.0,0.0,0.0,0.0,547.0,201.0,0.0,534.0,201.0,0.0,502.0,196.0,0.0,549.0,201.0,,,,32,,Harrison,Ashby,Ashby,has joined Bradford City on loan for the rest of the season.,,0,0,0,0,0,0,0,0,0,0,0,0,0,,,,0.0,0.0,0.0,0.0,0.0,0,0,0
232,a,100.0,100.0,4.0,667,163.0,0,0.0,-5,5.0,0.3,343,124.0,34,0,2.3,296.0,109.0,2,129,0.3,335.0,116.0,0.1,8.5,0.0,108837,180,222844,88,1.1,0.3,0.11,0.4,0.5,12.16,0.01,0.05,0.06,1.47,232.0,255.0,103.0,32.5,380.0,135.0,19.0,390.0,139.0,28.4,351.0,120.0,,,,32,,Tosin,Adarabioyo,Tosin,,,743,0,0,2,12,0,0,0,2,0,0,7,108,,,,0.0,0.24,1.45,0.85,11.39,15,79,19
233,a,100.0,100.0,3.7,824,266.0,0,0.0,-3,3.0,1.7,150,58.0,34,1,2.6,245.0,95.0,5,102,0.3,331.0,112.0,0.1,9.2,0.0,606891,1400,512651,1924,1.1,0.3,0.6,0.13,0.73,14.03,0.09,0.02,0.11,2.22,127.2,345.0,131.0,39.6,367.0,132.0,66.0,305.0,93.0,23.3,367.0,125.0,,,,32,,Josh,Acheampong,Acheampong,,,569,1,0,2,12,0,0,0,1,0,0,7,57,,,,0.0,0.32,1.9,1.11,6.49,10,31,23
234,u,0.0,0.0,4.0,735,207.0,0,0.0,0,0.0,0.1,578,207.0,0,0,0.0,635.0,245.0,0,0,0.0,500.0,204.0,0.0,0.0,0.0,1262,0,10254,6,0.0,0.0,0.0,0.0,0.0,0.0,0.0,0.0,0.0,0.0,0.0,626.0,245.0,0.0,618.0,245.0,0.0,588.0,242.0,0.0,628.0,245.0,,,,32,,Aarón,Anselmino,Anselmino,has joined Strasbourg on loan for the rest of the season.,,0,0,0,0,0,0,0,0,0,0,0,0,0,,,,0.0,0.0,0.0,0.0,0.0,0,0,0
235,a,100.0,100.0,10.5,3,2.0,-1,1.0,0,0.0,18.2,19,7.0,100,4,4.8,22.0,8.0,9,370,2.7,151.0,56.0,0.3,9.5,0.0,2988460,33726,7512167,8859,5.9,2.7,8.87,1.97,10.84,24.32,0.53,0.12,0.65,1.45,471.2,101.0,34.0,330.1,94.0,70.0,450.0,42.0,25.0,125.0,60.0,38.0,,3.0,1.0,32,,Cole,Palmer,Palmer,,,1506,9,2,3,25,0,0,0,4,0,0,19,116,,,,0.0,0.18,1.49,1.14,6.93,20,25,71
236,a,100.0,100.0,7.0,37,22.0,0,0.0,0,0.0,4.3,91,30.0,110,2,3.7,103.0,46.0,8,479,1.3,233.0,102.0,0.2,15.7,0.0,1974137,11811,2010489,1297,3.1,1.3,4.38,5.82,10.2,31.48,0.17,0.23,0.4,1.23,453.6,116.0,38.0,728.0,11.0,11.0,460.0,39.0,22.0,164.4,23.0,19.0,2.0,4.0,,32,,Pedro,Lomba Neto,Neto,,,2297,5,5,11,26,0,0,0,2,1,0,26,111,,,,0.0,0.43,1.02,1.02,4.35,15,17,79
237,a,100.0,0.0,6.5,51,32.0,0,0.0,0,0.0,12.3,28,10.0,129,0,4.3,44.0,18.0,14,579,1.3,231.0,100.0,0.2,19.8,0.0,5503287,13151,4689784,26352,3.1,0.0,10.39,5.98,16.37,36.29,0.36,0.21,0.57,1.27,688.0,30.0,7.0,817.5,6.0,6.0,671.0,19.0,8.0,217.7,5.0,3.0,3.0,2.0,2.0,32,,Enzo,Fernández,Enzo,,,2577,8,4,8,35,0,0,0,8,0,0,29,211,,,,0.0,0.28,1.22,1.01,7.37,48,45,118
238,a,100.0,100.0,6.4,61,40.0,0,0.0,-1,1.0,1.8,146,50.0,57,1,2.7,243.0,99.0,4,168,0.7,311.0,145.0,0.1,8.9,0.0,865979,2852,913719,475,1.9,0.7,2.82,2.14,4.96,9.95,0.31,0.23,0.54,1.09,185.0,292.0,127.0,230.9,163.0,109.0,293.0,95.0,58.0,70.7,196.0,97.0,4.0,,3.0,32,,Estêvão,Almeida de Oliveira Gonçalves,Estêvão,,,824,2,5,4,11,0,0,0,4,0,0,11,56,,,,0.0,0.44,1.2,1.2,6.12,11,9,36
239,d,25.0,25.0,6.0,88,56.0,0,0.0,-5,5.0,0.1,486,170.0,25,0,1.6,407.0,176.0,0,99,0.0,810.0,360.0,0.0,4.2,0.0,17207,4,42085,13,0.1,0.0,0.81,0.94,1.75,8.89,0.15,0.17,0.32,1.65,93.0,378.0,167.0,130.4,243.0,153.0,91.0,273.0,148.0,31.3,339.0,165.0,,,,32,,Jamie,Bynoe-Gittens,Gittens,Hamstring injury - 25% chance of playing,,486,0,2,1,7,0,0,0,0,0,0,5,29,,,,0.0,0.19,1.3,0.93,5.37,8,6,15
241,a,100.0,100.0,5.7,117,74.0,0,0.0,2,-2.0,7.5,53,19.0,98,2,3.6,114.0,52.0,10,487,1.7,208.0,89.0,0.3,17.2,0.0,3272135,4046,3237146,1938,3.9,1.7,1.33,2.05,3.38,33.67,0.05,0.08,0.13,1.34,494.0,89.0,30.0,311.2,106.0,78.0,114.0,241.0,132.0,91.5,128.0,72.0,,,,32,,Moisés,Caicedo Corozo,Caicedo,,,2262,3,1,6,36,0,0,0,9,1,0,26,309,,,,0.0,0.24,1.43,1.03,12.29,76,89,144
245,s,0.0,0.0,4.9,328,203.0,0,0.0,-1,1.0,0.0,750,318.0,0,0,0.0,784.0,341.0,0,0,0.0,733.0,306.0,0.0,0.0,0.0,1073,4,1349,4,0.0,0.0,0.0,0.0,0.0,0.0,0.0,0.0,0.0,0.0,0.0,783.0,340.0,0.0,779.0,340.0,0.0,775.0,338.0,0.0,783.0,340.0,,,,32,,Mykhailo,Mudryk,Mudryk,Suspended - unknown return date,,0,0,0,0,0,0,0,0,0,0,0,0,0,,,,0.0,0.0,0.0,0.0,0.0,0,0,0
246,a,100.0,100.0,4.5,458,276.0,0,0.0,0,0.0,0.3,327,113.0,34,2,1.4,422.0,184.0,0,187,1.0,241.0,104.0,0.2,7.6,0.0,78384,234,86120,164,2.5,1.0,1.75,0.83,2.58,16.32,0.15,0.07,0.22,1.38,175.2,301.0,132.0,139.0,233.0,149.0,65.0,306.0,163.0,37.9,315.0,155.0,,,,32,,Andrey,Nascimento dos Santos,Andrey Santos,,,1063,0,0,1,16,0,0,0,4,0,0,11,115,,,,0.0,0.08,1.35,0.93,9.74,31,44,40
247,a,100.0,100.0,4.3,598,351.0,0,0.0,-2,2.0,0.1,558,204.0,0,0,0.0,654.0,246.0,0,0,0.0,540.0,176.0,0.0,0.0,0.0,13572,57,14736,46,0.5,0.0,0.0,0.0,0.0,0.2,0.0,0.0,0.0,2.25,4.6,480.0,218.0,0.3,482.0,234.0,0.0,614.0,228.0,0.5,496.0,227.0,,,,32,,Dário,Luís Essugo,D.Essugo,,,8,0,0,0,0,0,0,0,1,0,0,0,4,,,,0.0,0.0,0.0,0.0,45.0,3,1,0
248,u,0.0,0.0,4.5,499,309.0,0,0.0,0,0.0,0.0,790,345.0,0,0,0.0,749.0,315.0,0,0,0.0,671.0,264.0,0.0,0.0,0.0,0,0,952,0,0.0,0.0,0.0,0.0,0.0,0.0,0.0,0.0,0.0,0.0,0.0,748.0,314.0,0.0,741.0,314.0,0.0,728.0,310.0,0.0,748.0,314.0,,,,32,,Kendry,Páez Andrade,Paez,has joined River Plate on loan for the rest of the season.,,0,0,0,0,0,0,0,0,0,0,0,0,0,,,,0.0,0.0,0.0,0.0,0.0,0,0,0
249,a,,,7.7,19,6.0,-1,1.0,2,-2.0,50.1,3,2.0,166,2,5.2,11.0,3.0,28,673,2.0,194.0,24.0,0.3,21.6,0.0,8677615,36001,9008780,21221,4.5,2.0,13.69,1.88,15.57,32.46,0.52,0.07,0.59,1.22,720.2,21.0,4.0,437.8,53.0,2.0,828.0,5.0,4.0,198.0,11.0,4.0,,,,32,,João Pedro,Junqueira de Jesus,João Pedro,,,2388,14,9,10,30,0,0,0,4,0,0,28,127,,,,0.0,0.38,1.13,1.06,4.79,25,36,66
250,a,100.0,100.0,6.2,76,24.0,0,0.0,-3,3.0,0.9,198,29.0,39,1,1.7,396.0,48.0,1,118,1.0,274.0,35.0,0.2,6.3,0.0,110179,125,468508,153,2.5,1.0,3.97,0.2,4.16,11.73,0.45,0.02,0.47,1.33,65.4,402.0,46.0,56.7,340.0,40.0,311.0,88.0,28.0,42.4,299.0,33.0,,,,32,,Liam,Delap,Delap,,,793,1,2,2,13,0,0,0,2,0,0,9,34,,,,0.0,0.23,1.48,1.02,3.86,4,11,19
251,u,0.0,0.0,6.5,54,19.0,0,0.0,0,0.0,0.1,538,75.0,0,0,0.0,822.0,92.0,0,0,0.0,818.0,92.0,0.0,0.0,0.0,4962,0,15388,4,0.0,0.0,0.0,0.0,0.0,0.0,0.0,0.0,0.0,0.0,0.0,822.0,92.0,0.0,822.0,92.0,0.0,822.0,92.0,0.0,822.0,92.0,,,,32,,Nicolas,Jackson,N.Jackson,has joined Bayern Munich on loan for the rest of the season.,,0,0,0,0,0,0,0,0,0,0,0,0,0,,,,0.0,0.0,0.0,0.0,0.0,0,0,0
252,a,100.0,100.0,4.0,699,92.0,0,0.0,-5,5.0,5.2,74,15.0,12,0,1.3,430.0,52.0,0,19,0.0,468.0,48.0,0.0,3.0,0.0,1239677,1403,2808840,2899,0.5,0.0,1.46,0.29,1.75,5.65,0.53,0.11,0.64,2.06,24.6,446.0,53.0,38.8,368.0,46.0,81.0,286.0,49.0,12.6,411.0,53.0,,,,32,,Marc,Guiu Paz,Marc Guiu,,,247,0,1,0,2,0,0,0,1,0,0,1,7,,,,0.0,0.0,0.73,0.36,2.55,0,4,3
453,a,,,6.4,60,39.0,0,0.0,-1,1.0,0.5,271,94.0,52,1,2.5,279.0,118.0,3,203,1.0,275.0,125.0,0.2,8.1,0.0,243486,410,234343,232,2.5,1.0,3.1,3.6,6.7,19.27,0.24,0.28,0.52,1.52,196.4,282.0,119.0,367.8,73.0,56.0,354.0,69.0,40.0,90.8,129.0,73.0,,,,32,,Alejandro,Garnacho Ferreyra,Garnacho,,,1141,1,4,4,17,0,0,0,2,0,0,14,62,,,,0.0,0.32,1.34,1.1,4.89,13,9,40
672,a,100.0,100.0,4.6,406,73.0,0,0.0,-4,4.0,0.2,387,144.0,13,1,0.8,516.0,179.0,0,47,1.0,244.0,87.0,0.2,2.8,0.0,19406,320,41753,52,2.5,1.0,0.3,0.49,0.79,12.01,0.04,0.06,0.1,1.48,143.4,327.0,125.0,95.6,284.0,88.0,30.0,369.0,124.0,26.9,357.0,123.0,,,,32,,Jorrel,Hato,Hato,,,728,0,0,0,19,0,0,0,4,0,0,7,68,,,,0.0,0.0,2.35,0.87,7.79,23,40,30
803,a,,,4.0,702,58.0,0,0.0,0,0.0,0.0,779,90.0,0,0,0.0,608.0,80.0,0,0,0.0,470.0,72.0,0.0,0.0,0.0,217,3,163,0,0.5,0.0,0.0,0.0,0.0,0.0,0.0,0.0,0.0,0.0,0.0,599.0,80.0,0.0,590.0,67.0,0.0,559.0,54.0,0.0,601.0,80.0,,,,32,,Teddy,Sharman-Lowe,Sharman-Lowe,,,0,0,0,0,0,0,0,0,0,0,0,0,0,,,,0.0,0.0,0.0,0.0,0.0,0,0,0
253,a,,,5.1,223,7.0,0,0.0,1,-1.0,8.1,45,8.0,117,2,3.9,72.0,9.0,7,490,1.0,260.0,23.0,0.2,22.9,0.0,1132048,3277,1013654,4645,1.0,1.0,0.0,0.1,0.1,40.17,0.0,0.0,0.0,1.34,706.8,26.0,9.0,10.0,434.0,13.0,0.0,796.0,91.0,71.6,190.0,9.0,,,,32,,Dean,Henderson,Henderson,,,2700,0,0,10,36,0,1,0,3,0,88,30,80,,,,2.93,0.33,1.2,1.0,0.0,0,45,246
254,a,100.0,100.0,3.9,750,73.0,0,0.0,-1,1.0,0.3,306,40.0,7,0,7.0,1.0,1.0,0,29,3.5,99.0,11.0,0.9,1.8,0.0,20461,172,32482,125,3.5,3.5,0.0,0.0,0.0,1.12,0.0,0.0,0.0,1.12,22.8,447.0,33.0,0.0,526.0,28.0,0.0,494.0,15.0,2.3,470.0,33.0,,,,32,,Walter,Benítez,Benitez,,,90,0,0,1,0,0,0,0,0,0,3,1,0,,,,3.0,1.0,0.0,1.0,0.0,0,1,9
255,a,,,3.9,753,76.0,0,0.0,-1,1.0,0.1,481,72.0,0,0,0.0,552.0,48.0,0,0,0.0,407.0,38.0,0.0,0.0,0.0,6261,6,8995,18,0.0,0.0,0.0,0.0,0.0,0.0,0.0,0.0,0.0,0.0,0.0,542.0,48.0,0.0,529.0,31.0,0.0,497.0,18.0,0.0,544.0,48.0,,,,32,,Remi,Matthews,Matthews,,,0,0,0,0,0,0,0,0,0,0,0,0,0,,,,0.0,0.0,0.0,0.0,0.0,0,0,0
256,a,100.0,100.0,5.8,106,7.0,0,0.0,3,-3.0,7.3,57,18.0,113,4,5.1,12.0,3.0,8,399,2.0,185.0,71.0,0.3,19.5,0.0,3733210,6894,3945021,2888,2.0,2.0,2.26,3.38,5.64,25.6,0.11,0.16,0.27,1.23,460.8,110.0,49.0,309.3,108.0,26.0,344.0,74.0,7.0,111.3,84.0,19.0,,,,32,,Daniel,Muñoz Mejía,Muñoz,,,1869,3,3,9,21,0,0,0,5,0,0,22,194,,,,0.0,0.43,1.01,1.06,7.42,55,99,83
257,a,100.0,100.0,5.1,231,33.0,0,0.0,1,-1.0,4.9,78,26.0,132,4,4.6,26.0,10.0,8,454,6.5,12.0,6.0,1.3,25.9,0.0,1701329,8070,1307491,2860,6.5,6.5,2.14,0.75,2.89,36.47,0.07,0.03,0.1,1.27,678.0,33.0,12.0,82.0,304.0,97.0,250.0,111.0,14.0,101.0,97.0,27.0,,,,32,,Maxence,Lacroix,Lacroix,,,2575,1,2,10,35,0,0,0,3,1,0,29,337,,,,0.0,0.35,1.22,1.01,10.83,52,258,81
258,a,,,5.0,254,39.0,0,0.0,0,0.0,2.2,135,53.0,120,6,3.9,70.0,27.0,8,433,6.0,24.0,14.0,1.2,24.0,0.0,484765,1752,404288,1003,6.0,6.0,1.06,2.18,3.24,41.29,0.03,0.07,0.1,1.35,539.2,69.0,34.0,392.6,69.0,14.0,189.0,161.0,34.0,112.2,83.0,18.0,,,,32,,Tyrick,Mitchell,Mitchell,,,2758,1,2,11,36,0,0,0,5,0,0,31,251,,,,0.0,0.36,1.17,1.01,6.62,83,120,147
259,a,100.0,100.0,4.8,356,59.0,0,0.0,-2,2.0,0.1,446,166.0,6,1,1.0,491.0,174.0,0,13,0.5,321.0,108.0,0.1,1.2,0.0,11836,71,18870,27,0.5,0.5,0.0,0.06,0.06,0.83,0.0,0.1,0.1,1.38,11.2,462.0,168.0,12.5,421.0,152.0,4.0,438.0,164.0,2.8,465.0,168.0,,,,32,,Borna,Sosa,Sosa,,,54,0,0,0,1,0,0,0,0,0,0,0,8,,,,0.0,0.0,1.67,0.0,11.67,3,4,1
261,a,100.0,100.0,4.4,539,115.0,0,0.0,-1,1.0,2.4,124,49.0,116,2,4.3,43.0,17.0,5,425,6.0,20.0,10.0,1.4,26.4,0.0,1000188,1894,875436,2212,6.0,6.0,1.14,1.44,2.58,34.72,0.04,0.05,0.09,1.29,645.2,41.0,17.0,150.2,219.0,58.0,140.0,215.0,54.0,93.8,114.0,32.0,,,,32,,Chris,Richards,Richards,,,2422,1,0,10,32,0,0,0,3,0,0,27,286,,,,0.0,0.37,1.19,1.0,10.18,51,223,55
262,a,100.0,100.0,4.0,707,184.0,0,0.0,0,0.0,0.0,587,210.0,14,0,2.3,297.0,110.0,0,58,0.0,473.0,182.0,0.0,3.5,0.0,6587,36,4263,59,0.0,0.0,0.11,0.05,0.16,4.33,0.03,0.01,0.04,1.25,63.8,403.0,152.0,21.3,396.0,142.0,14.0,399.0,145.0,9.9,423.0,151.0,,,,32,,Chadi,Riad Dnanou,Chadi Riad,,,312,0,1,1,3,0,0,0,2,0,0,3,18,,,,0.0,0.29,0.87,0.87,5.19,4,14,12
263,a,100.0,100.0,3.8,789,234.0,0,0.0,-2,2.0,0.5,257,97.0,15,0,1.9,347.0,126.0,2,49,0.0,375.0,132.0,0.0,3.9,0.0,92033,81,109738,222,0.0,0.0,0.43,0.6,1.03,7.31,0.08,0.11,0.19,1.33,80.6,390.0,147.0,53.5,345.0,121.0,33.0,361.0,120.0,16.6,395.0,142.0,,,,32,,Nathaniel,Clyne,Clyne,,,494,0,1,0,9,0,0,0,1,0,0,6,39,,,,0.0,0.0,1.64,1.09,7.11,14,25,16
264,u,0.0,0.0,4.0,670,164.0,0,0.0,0,0.0,0.0,706,248.0,0,0,0.0,583.0,212.0,0,0,0.0,442.0,167.0,0.0,0.0,0.0,0,0,3927,1,0.0,0.0,0.0,0.0,0.0,0.0,0.0,0.0,0.0,0.0,0.0,573.0,211.0,0.0,563.0,211.0,0.0,532.0,207.0,0.0,575.0,211.0,,,,32,,Rob,Holding,Holding,Has joined Colorado Rapids permanently.,,0,0,0,0,0,0,0,0,0,0,0,0,0,,,,0.0,0.0,0.0,0.0,0.0,0,0,0
267,a,100.0,100.0,6.3,68,45.0,0,0.0,-2,2.0,3.9,96,32.0,94,1,4.5,34.0,13.0,9,289,2.0,188.0,77.0,0.3,14.9,0.0,2737570,2898,2856620,4356,2.0,2.0,8.04,0.77,8.8,24.79,0.41,0.04,0.45,1.27,381.4,155.0,55.0,204.6,173.0,114.0,409.0,52.0,30.0,99.7,99.0,56.0,,,3.0,32,,Ismaïla,Sarr,Sarr,,,1752,7,1,9,19,0,0,0,2,0,0,20,118,,,,0.0,0.46,0.98,1.03,6.06,18,36,64
268,i,0.0,0.0,4.9,323,200.0,0,0.0,-1,1.0,0.0,799,353.0,0,0,0.0,781.0,339.0,0,0,0.0,729.0,303.0,0.0,0.0,0.0,474,1,688,1,0.0,0.0,0.0,0.0,0.0,0.0,0.0,0.0,0.0,0.0,0.0,780.0,338.0,0.0,776.0,338.0,0.0,772.0,336.0,0.0,780.0,338.0,,,,32,,Cheick,Doucouré,Doucouré,Lack of match fitness - Expected back 01 Jun,,0,0,0,0,0,0,0,0,0,0,0,0,0,,,,0.0,0.0,0.0,0.0,0.0,0,0,0
269,u,0.0,0.0,4.7,396,247.0,0,0.0,-3,3.0,0.1,461,157.0,4,0,1.0,489.0,222.0,0,12,0.0,698.0,283.0,0.0,0.9,0.0,11622,0,28907,17,0.0,0.0,0.0,0.04,0.04,1.74,0.0,0.09,0.09,3.92,6.8,474.0,214.0,2.7,457.0,220.0,6.0,431.0,208.0,1.5,478.0,219.0,,,,32,,Romain,Esse,Esse,has joined Coventry City on loan for the rest of the season.,,40,0,0,0,0,0,0,0,0,0,0,0,5,,,,0.0,0.0,0.0,0.0,11.25,3,0,2
270,a,100.0,100.0,4.7,376,235.0,0,0.0,-3,3.0,0.1,487,171.0,41,2,1.5,411.0,178.0,0,194,1.0,245.0,105.0,0.2,8.7,0.0,21722,32,25748,29,1.0,1.0,1.11,1.69,2.8,21.3,0.07,0.11,0.18,1.42,169.0,305.0,135.0,294.0,117.0,82.0,86.0,280.0,151.0,54.8,252.0,125.0,3.0,,,32,,Will,Hughes,Hughes,,,1353,0,1,5,14,0,0,0,7,0,0,16,133,,,,0.0,0.33,0.93,1.06,8.85,26,48,59
271,a,100.0,100.0,5.0,248,149.0,0,0.0,0,0.0,0.1,531,194.0,54,1,2.6,255.0,104.0,0,255,1.0,255.0,112.0,0.2,10.8,0.0,44188,16,43290,17,1.0,1.0,1.42,2.08,3.5,18.27,0.09,0.13,0.22,1.1,177.6,299.0,131.0,245.0,148.0,100.0,138.0,219.0,120.0,56.2,249.0,123.0,4.0,,,32,,Daichi,Kamada,Kamada,,,1493,0,2,6,17,0,0,0,2,0,0,17,161,,,,0.0,0.36,1.02,1.02,9.71,48,29,84
272,a,100.0,100.0,4.9,289,178.0,0,0.0,-1,1.0,0.1,553,203.0,59,5,2.4,286.0,122.0,3,240,4.0,74.0,28.0,0.8,12.0,0.0,12216,49,15087,21,4.0,4.0,1.68,0.98,2.66,16.86,0.11,0.07,0.18,1.14,226.8,261.0,110.0,159.9,206.0,132.0,197.0,150.0,85.0,58.4,237.0,116.0,,,,32,,Jefferson,Lerma Solís,Lerma,,,1336,0,5,6,16,1,0,0,6,0,0,14,167,,,,0.0,0.4,1.08,0.94,11.25,20,67,80
275,u,0.0,0.0,4.3,591,348.0,0,0.0,-2,2.0,0.0,628,243.0,0,0,0.0,652.0,244.0,0,0,0.0,535.0,173.0,0.0,0.0,0.0,5497,0,7838,4,0.0,0.0,0.0,0.0,0.0,0.0,0.0,0.0,0.0,0.0,0.0,643.0,235.0,0.0,638.0,240.0,0.0,612.0,226.0,0.0,645.0,237.0,,,,32,,Naouirou,Ahamada,Ahamada,has joined AJ Auxerre permanently.,,0,0,0,0,0,0,0,0,0,0,0,0,0,,,,0.0,0.0,0.0,0.0,0.0,0,0,0
276,a,100.0,100.0,4.3,595,350.0,0,0.0,-2,2.0,1.2,179,61.0,29,0,1.6,400.0,169.0,0,81,0.0,538.0,175.0,0.0,6.7,0.0,293301,235,350943,912,0.0,0.0,2.38,0.36,2.74,10.05,0.36,0.05,0.41,1.53,86.6,381.0,168.0,94.5,286.0,168.0,164.0,184.0,102.0,34.5,329.0,162.0,,2.0,4.0,32,,Justin,Devenny,Devenny,,,593,1,0,1,10,0,0,0,0,0,0,5,48,,,,0.0,0.15,1.52,0.76,7.28,16,8,24
277,u,0.0,0.0,4.5,434,259.0,0,0.0,0,0.0,0.0,803,356.0,0,0,0.0,705.0,278.0,0,0,0.0,615.0,218.0,0.0,0.0,0.0,0,0,750,0,0.0,0.0,0.0,0.0,0.0,0.0,0.0,0.0,0.0,0.0,0.0,699.0,272.0,0.0,695.0,275.0,0.0,678.0,268.0,0.0,701.0,274.0,,,,32,,Malcolm,Ebiowei,Ebiowei,Has joined Blackpool permanently.,,0,0,0,0,0,0,0,0,0,0,0,0,0,,,,0.0,0.0,0.0,0.0,0.0,0,0,0
278,u,0.0,0.0,4.4,544,326.0,0,0.0,-1,1.0,0.0,654,259.0,0,0,0.0,675.0,259.0,0,0,0.0,575.0,193.0,0.0,0.0,0.0,4359,0,9574,1,0.0,0.0,0.0,0.0,0.0,0.0,0.0,0.0,0.0,0.0,0.0,667.0,251.0,0.0,663.0,255.0,0.0,642.0,245.0,0.0,669.0,253.0,,,,32,,Jesurun,Rak-Sakyi,J.Rak-Sakyi,has joined Stoke City on loan for the rest of the season.,,0,0,0,0,0,0,0,0,0,0,0,0,0,,,,0.0,0.0,0.0,0.0,0.0,0,0,0
279,u,0.0,0.0,4.5,462,280.0,0,0.0,0,0.0,0.0,771,330.0,0,0,0.0,723.0,295.0,0,0,0.0,636.0,236.0,0.0,0.0,0.0,95,0,1652,0,0.0,0.0,0.0,0.0,0.0,0.0,0.0,0.0,0.0,0.0,0.0,718.0,290.0,0.0,713.0,292.0,0.0,697.0,285.0,0.0,719.0,291.0,,,,32,,Matheus,França de Oliveira,M.França,Has joined CR Vasco da Gama on loan for the rest of the season.,,0,0,0,0,0,0,0,0,0,0,0,0,0,,,,0.0,0.0,0.0,0.0,0.0,0,0,0
280,u,0.0,0.0,4.5,457,275.0,0,0.0,0,0.0,0.0,817,363.0,0,0,0.0,720.0,292.0,0,0,0.0,633.0,233.0,0.0,0.0,0.0,0,0,192,0,0.0,0.0,0.0,0.0,0.0,0.0,0.0,0.0,0.0,0.0,0.0,715.0,287.0,0.0,710.0,289.0,0.0,694.0,282.0,0.0,716.0,288.0,,,,32,,David,Ozoh,Ozoh,Has joined Derby County on loan for the rest of the season.,,0,0,0,0,0,0,0,0,0,0,0,0,0,,,,0.0,0.0,0.0,0.0,0.0,0,0,0
281,a,,,4.4,555,334.0,0,0.0,-1,1.0,0.0,586,219.0,1,0,1.0,474.0,209.0,0,2,0.0,582.0,200.0,0.0,0.2,0.0,6012,10,7158,7,0.0,0.0,0.0,0.0,0.0,0.65,0.0,0.0,0.0,19.5,0.0,673.0,257.0,0.1,490.0,238.0,0.0,649.0,252.0,0.0,675.0,259.0,,,,32,,Kaden,Rodney,Rodney,,,3,0,0,0,0,0,0,0,0,0,0,0,0,,,,0.0,0.0,0.0,0.0,0.0,0,0,0
283,a,100.0,100.0,7.5,21,8.0,0,0.0,0,0.0,6.5,63,12.0,97,12,3.9,79.0,7.0,12,334,6.5,14.0,4.0,0.9,12.9,0.0,4748606,7941,5149626,924,6.5,6.5,13.07,1.26,14.33,26.71,0.6,0.06,0.66,1.23,484.8,95.0,8.0,131.8,241.0,26.0,704.0,16.0,9.0,131.6,50.0,12.0,,,2.0,32,,Jean-Philippe,Mateta,Mateta,,,1959,10,0,8,23,0,0,0,2,0,0,23,116,,,,0.0,0.37,1.06,1.06,5.33,9,53,54
284,i,0.0,0.0,5.4,163,39.0,0,0.0,-1,1.0,0.3,333,54.0,23,0,1.9,362.0,41.0,3,100,0.0,783.0,83.0,0.0,4.3,0.0,124529,10,146605,57,0.0,0.0,1.77,0.46,2.23,9.49,0.38,0.1,0.48,2.06,120.0,350.0,34.0,84.6,299.0,34.0,173.0,174.0,40.0,37.8,316.0,36.0,,,,32,,Eddie,Nketiah,Nketiah,Hamstring injury - Expected back 01 Jun,,414,2,0,0,12,0,0,0,2,0,0,2,38,,,,0.0,0.0,2.61,0.43,8.26,8,13,17
285,u,0.0,0.0,5.0,246,53.0,0,0.0,0,0.0,0.2,373,59.0,1,0,1.0,498.0,60.0,0,6,0.0,744.0,80.0,0.0,0.2,0.0,9044,0,89598,13,0.0,0.0,0.0,0.0,0.0,0.27,0.0,0.0,0.0,12.15,2.0,495.0,57.0,0.0,786.0,87.0,0.0,781.0,87.0,0.2,508.0,62.0,,,,32,,Odsonne,Édouard,Édouard,has joined RC Lens permanently.,,2,0,0,0,0,0,0,0,0,0,0,0,1,,,,0.0,0.0,0.0,0.0,45.0,1,0,0
286,a,,,4.4,563,80.0,0,0.0,-1,1.0,0.3,317,50.0,0,0,0.0,686.0,73.0,0,0,0.0,589.0,61.0,0.0,0.0,0.0,51516,42,59745,88,0.0,0.0,0.0,0.0,0.0,0.0,0.0,0.0,0.0,0.0,0.0,680.0,73.0,0.0,675.0,72.0,0.0,656.0,72.0,0.0,682.0,73.0,,,,32,,Zach,Marsh,Marsh,,,0,0,0,0,0,0,0,0,0,0,0,0,0,,,,0.0,0.0,0.0,0.0,0.0,0,0,0
580,a,,,6.5,49,31.0,0,0.0,-5,5.0,2.3,127,41.0,55,2,2.0,346.0,151.0,2,189,2.0,190.0,79.0,0.3,8.5,0.0,1147097,218,1324678,333,2.0,2.0,1.84,0.92,2.76,21.08,0.13,0.06,0.19,1.47,197.2,281.0,118.0,238.0,153.0,103.0,195.0,154.0,87.0,62.7,225.0,112.0,1.0,3.0,,32,,Brennan,Johnson,Johnson,,,1287,2,1,5,14,0,0,0,5,0,0,14,88,,,,0.0,0.35,0.98,0.98,6.15,20,29,39
654,a,100.0,100.0,6.0,87,26.0,0,0.0,-5,5.0,1.7,151,22.0,64,2,2.2,317.0,34.0,3,188,1.5,213.0,29.0,0.2,10.7,0.0,482515,354,800285,4641,1.5,1.5,4.18,0.71,4.89,29.84,0.2,0.03,0.23,1.39,242.2,250.0,23.0,171.0,199.0,20.0,390.0,60.0,23.0,78.9,160.0,23.0,,,,32,,Jørgen,Strand Larsen,Strand Larsen,,,1929,4,1,5,32,0,0,1,4,0,0,21,82,,,,0.0,0.23,1.49,0.98,3.83,7,43,32
677,i,0.0,75.0,6.2,77,50.0,0,0.0,-3,3.0,0.1,584,218.0,42,0,2.2,318.0,139.0,0,137,1.5,214.0,93.0,0.2,6.8,0.0,11280,5,14566,158,0.0,1.1,1.56,0.75,2.31,12.74,0.16,0.08,0.24,1.3,156.8,318.0,143.0,75.8,310.0,174.0,183.0,170.0,94.0,41.2,304.0,150.0,,,,32,,Evann,Guessand,Guessand,Knee injury - Expected back 02 May,,880,1,3,2,15,0,0,0,0,0,0,9,81,,,,0.0,0.2,1.53,0.92,8.28,24,15,42
690,a,100.0,100.0,4.4,567,341.0,0,0.0,-1,1.0,0.3,345,119.0,0,0,0.0,689.0,268.0,0,0,0.0,592.0,205.0,0.0,0.0,0.0,58269,11,55911,29,0.0,0.0,0.0,0.0,0.0,0.0,0.0,0.0,0.0,0.0,0.0,683.0,262.0,0.0,678.0,265.0,0.0,659.0,257.0,0.0,685.0,264.0,,,,32,,Rio,Cardines,Cardines,,,0,0,0,0,0,0,0,0,0,0,0,0,0,,,,0.0,0.0,0.0,0.0,0.0,0,0,0
712,a,100.0,100.0,5.8,109,70.0,0,0.0,-2,2.0,0.2,396,135.0,68,2,2.4,294.0,128.0,3,290,1.5,212.0,92.0,0.3,11.7,0.0,129658,94,114627,135,1.5,1.5,4.11,5.44,9.55,25.12,0.21,0.27,0.48,1.26,281.0,218.0,90.0,612.9,21.0,20.0,333.0,77.0,44.0,122.5,62.0,39.0,,1.0,,32,,Yéremy,Pino Santos,Yeremy,,,1791,2,1,7,21,0,0,0,4,0,0,22,146,,,,0.0,0.35,1.06,1.11,7.34,32,25,89
723,a,100.0,100.0,4.5,512,97.0,0,0.0,0,0.0,0.2,412,150.0,52,4,3.7,90.0,33.0,7,158,7.5,10.0,5.0,1.7,11.6,0.0,21963,825,5657,211,7.5,7.5,1.16,0.28,1.44,15.14,0.13,0.03,0.16,1.72,242.4,249.0,99.0,42.4,362.0,129.0,35.0,357.0,118.0,31.9,336.0,113.0,,,,32,,Jaydee,Canvot,Canvot,,,791,0,0,4,10,0,0,0,2,0,0,8,108,,,,0.0,0.46,1.14,0.91,12.29,26,82,33
732,a,,,5.5,152,37.0,0,0.0,0,0.0,0.1,579,79.0,17,0,1.2,444.0,54.0,0,42,0.0,799.0,86.0,0.0,3.1,0.0,14892,14,11447,39,0.0,0.0,0.49,0.01,0.5,4.63,0.28,0.01,0.29,2.62,13.2,458.0,54.0,7.1,439.0,57.0,73.0,298.0,50.0,8.8,427.0,54.0,,,,32,,Christantus,Uche,Uche,,,159,0,1,0,4,0,0,0,0,0,0,0,13,,,,0.0,0.0,2.26,0.0,7.36,1,3,9
762,a,,,4.5,515,320.0,0,0.0,0,0.0,0.0,777,335.0,2,0,1.0,488.0,221.0,0,6,0.0,685.0,274.0,0.0,0.4,0.0,710,5,452,2,0.0,0.0,0.0,0.0,0.0,0.73,0.0,0.0,0.0,9.39,1.4,499.0,230.0,1.0,472.0,229.0,0.0,741.0,320.0,0.3,504.0,232.0,,,,32,,Joél,Drakes-Thomas,Drakes-Thomas,,,7,0,0,0,1,0,0,0,0,0,0,0,3,,,,0.0,0.0,12.86,0.0,38.57,1,0,2
780,a,,,4.5,508,73.0,0,0.0,0,0.0,0.0,663,85.0,0,0,0.0,757.0,83.0,0,0,0.0,679.0,71.0,0.0,0.0,0.0,3276,14,1881,18,0.0,0.0,0.0,0.0,0.0,0.0,0.0,0.0,0.0,0.0,0.0,756.0,83.0,0.0,749.0,82.0,0.0,736.0,82.0,0.0,756.0,83.0,,,,32,,Ben,Casey,Casey,,,0,0,0,0,0,0,0,0,0,0,0,0,0,,,,0.0,0.0,0.0,0.0,0.0,0,0,0
793,a,,,4.0,727,199.0,0,0.0,0,0.0,0.0,692,243.0,0,0,0.0,629.0,239.0,0,0,0.0,493.0,197.0,0.0,0.0,0.0,1473,14,768,9,0.0,0.0,0.0,0.0,0.0,0.0,0.0,0.0,0.0,0.0,0.0,620.0,239.0,0.0,612.0,239.0,0.0,582.0,236.0,0.0,622.0,239.0,,,,32,,George,King,King,,,0,0,0,0,0,0,0,0,0,0,0,0,0,,,,0.0,0.0,0.0,0.0,0.0,0,0,0
798,u,0.0,0.0,4.0,703,182.0,0,0.0,0,0.0,0.0,804,265.0,0,0,0.0,609.0,225.0,0,0,0.0,471.0,181.0,0.0,0.0,0.0,142,0,189,1,0.0,0.0,0.0,0.0,0.0,0.0,0.0,0.0,0.0,0.0,0.0,600.0,225.0,0.0,591.0,225.0,0.0,560.0,221.0,0.0,602.0,225.0,,,,32,,Danny,Imray,Imray,has joined West Brom on loan for the rest of the season.,,0,0,0,0,0,0,0,0,0,0,0,0,0,,,,0.0,0.0,0.0,0.0,0.0,0,0,0
242,a,100.0,100.0,5.1,227,138.0,0,0.0,1,-1.0,4.7,82,25.0,126,9,5.0,15.0,6.0,16,492,4.7,45.0,15.0,0.9,24.7,0.0,2057436,4485,1991680,5820,4.2,4.7,3.71,4.07,7.78,31.97,0.16,0.17,0.33,1.37,506.8,82.0,26.0,467.1,42.0,36.0,374.0,63.0,36.0,134.9,47.0,32.0,3.0,,,32,,Kiernan,Dewsbury-Hall,Dewsbury-Hall,,,2096,7,5,8,27,0,0,0,6,0,0,24,182,,,,0.0,0.34,1.16,1.03,7.81,42,36,104
243,a,100.0,100.0,4.8,373,234.0,0,0.0,-2,2.0,0.1,548,201.0,11,1,1.1,446.0,199.0,0,22,0.7,292.0,135.0,0.1,2.3,0.0,9354,22,11054,33,0.2,0.7,0.54,0.17,0.71,4.93,0.19,0.06,0.25,1.7,20.0,453.0,201.0,22.2,395.0,199.0,101.0,260.0,143.0,13.9,403.0,183.0,,,,32,,Tyrique,George,George,,,261,0,0,1,5,0,0,0,2,0,0,1,14,,,,0.0,0.34,1.72,0.34,4.83,3,1,10
287,a,,,5.6,122,2.0,0,0.0,1,-1.0,13.4,24,3.0,126,0,3.9,75.0,10.0,11,504,3.0,133.0,15.0,0.5,22.5,0.0,1752708,5302,1500426,11972,2.5,3.0,0.0,0.15,0.15,47.7,0.0,0.0,0.0,1.49,757.8,12.0,4.0,0.2,486.0,14.0,2.0,458.0,3.0,76.0,172.0,5.0,,,,32,,Jordan,Pickford,Pickford,,,2880,0,0,11,37,0,1,0,3,0,88,32,97,,,,2.75,0.34,1.16,1.0,0.0,2,40,261
291,a,100.0,100.0,5.7,110,8.0,0,0.0,2,-2.0,11.9,29,10.0,145,3,4.7,24.0,9.0,9,522,3.0,135.0,53.0,0.5,25.4,0.0,2699620,15289,2039464,16779,2.5,3.0,2.08,1.32,3.4,45.0,0.07,0.04,0.11,1.45,798.2,10.0,4.0,186.5,189.0,50.0,289.0,98.0,10.0,127.7,58.0,8.0,,,,32,,James,Tarkowski,Tarkowski,,,2790,1,1,11,35,0,0,0,5,0,0,31,350,,,,0.0,0.35,1.13,1.0,10.45,40,284,75
292,a,100.0,100.0,4.9,310,50.0,0,0.0,-1,1.0,0.6,238,89.0,87,3,3.2,171.0,66.0,2,327,3.7,88.0,37.0,0.8,17.8,0.0,156044,305,182824,726,3.2,3.7,0.28,2.31,2.59,39.87,0.01,0.09,0.1,1.48,461.6,108.0,48.0,340.7,86.0,21.0,65.0,308.0,94.0,86.6,141.0,45.0,,,,32,,Vitalii,Mykolenko,Mykolenko,,,2419,0,1,9,34,1,0,0,5,0,0,27,212,,,,0.0,0.33,1.26,1.0,7.07,37,153,93
293,a,100.0,100.0,4.9,334,56.0,0,0.0,-1,1.0,0.7,230,87.0,106,4,3.4,145.0,55.0,2,362,4.3,58.0,26.0,0.9,21.6,0.0,181636,552,173189,688,3.8,4.3,0.94,0.85,1.79,45.52,0.03,0.03,0.06,1.55,492.6,90.0,39.0,232.1,158.0,39.0,132.0,225.0,59.0,86.0,143.0,46.0,,,,32,,Jake,O'Brien,O'Brien,,,2636,0,3,10,35,0,0,0,2,1,0,29,229,,,,0.0,0.34,1.19,0.99,6.86,50,151,102
294,a,100.0,100.0,4.2,627,140.0,0,0.0,-3,3.0,0.1,494,177.0,3,0,1.0,463.0,171.0,0,10,0.0,513.0,215.0,0.0,0.7,0.0,6633,21,18089,19,-0.5,0.0,0.0,0.0,0.0,0.24,0.0,0.0,0.0,1.96,0.0,634.0,251.0,0.1,487.0,176.0,0.0,598.0,249.0,0.0,636.0,251.0,,,,32,,Séamus,Coleman,Coleman,,,11,0,0,0,0,0,0,0,0,0,0,1,0,,,,0.0,0.0,0.0,8.18,0.0,0,0,1
295,a,100.0,100.0,4.6,398,68.0,0,0.0,1,-1.0,3.1,111,43.0,118,0,4.4,37.0,16.0,8,380,3.7,83.0,35.0,0.8,25.7,0.0,1463850,1082,1141947,6968,3.2,3.7,1.97,0.2,2.17,37.12,0.08,0.01,0.09,1.56,649.6,40.0,16.0,30.1,384.0,138.0,241.0,116.0,18.0,92.1,123.0,37.0,,,,32,,Michael,Keane,Keane,,,2135,3,0,7,30,0,0,0,0,1,0,24,288,,,,0.0,0.3,1.26,1.01,10.88,31,227,75
296,a,100.0,100.0,4.4,538,114.0,0,0.0,-1,1.0,0.0,630,225.0,21,0,3.5,121.0,43.0,0,68,0.0,571.0,238.0,0.0,4.8,0.0,5938,9,6995,33,-0.5,0.0,0.03,0.04,0.07,3.55,0.01,0.02,0.03,1.35,63.6,404.0,153.0,6.4,441.0,157.0,17.0,396.0,143.0,8.6,429.0,155.0,,,,32,,Nathan,Patterson,Patterson,,,237,0,0,2,1,0,0,0,0,0,0,3,30,,,,0.0,0.76,0.38,1.14,11.39,10,20,14
297,u,0.0,0.0,3.8,802,246.0,0,0.0,-2,2.0,0.2,406,148.0,0,0,0.0,534.0,192.0,0,0,0.0,384.0,140.0,0.0,0.0,0.0,9298,0,22096,39,0.0,0.0,0.0,0.0,0.0,0.0,0.0,0.0,0.0,0.0,0.0,524.0,191.0,0.0,507.0,190.0,0.0,474.0,184.0,0.0,526.0,191.0,,,,32,,Roman,Dixon,Dixon,has joined Stockport County on loan for the rest of the season.,,0,0,0,0,0,0,0,0,0,0,0,0,0,,,,0.0,0.0,0.0,0.0,0.0,0,0,0
298,a,,,3.8,800,244.0,0,0.0,-2,2.0,0.1,422,156.0,0,0,0.0,533.0,191.0,0,0,0.0,383.0,139.0,0.0,0.0,0.0,8112,15,15430,27,-0.5,0.0,0.0,0.0,0.0,0.0,0.0,0.0,0.0,0.0,0.0,523.0,190.0,0.0,506.0,189.0,0.0,473.0,183.0,0.0,525.0,190.0,,,,32,,Reece,Welch,Welch,,,0,0,0,0,0,0,0,0,0,0,0,0,0,,,,0.0,0.0,0.0,0.0,0.0,0,0,0
299,a,100.0,100.0,6.2,74,49.0,0,0.0,-3,3.0,4.2,92,31.0,114,2,4.4,40.0,17.0,7,475,4.7,49.0,18.0,0.8,18.4,0.0,1802540,3617,2586544,3833,4.2,4.7,5.06,4.24,9.3,34.14,0.2,0.17,0.37,1.37,538.8,71.0,19.0,410.6,64.0,51.0,450.0,41.0,24.0,140.2,41.0,29.0,,,1.0,32,,Iliman,Ndiaye,Ndiaye,,,2241,6,3,8,31,0,0,0,2,0,0,26,244,,,,0.0,0.32,1.24,1.04,9.8,58,32,154
300,a,,,5.5,142,88.0,0,0.0,-5,5.0,0.2,414,144.0,48,2,2.5,275.0,115.0,1,164,2.7,148.0,55.0,0.5,8.7,0.0,35054,40,65574,112,2.2,2.7,1.24,0.85,2.09,16.7,0.11,0.08,0.19,1.48,127.4,344.0,156.0,200.4,178.0,117.0,122.0,236.0,130.0,45.1,288.0,143.0,2.0,,,32,,Dwight,McNeil,McNeil,,,1016,0,3,6,6,0,0,0,1,0,0,12,94,,,,0.0,0.53,0.53,1.06,8.33,18,21,55
301,d,50.0,0.0,5.2,212,130.0,0,0.0,-3,3.0,0.1,530,193.0,26,0,1.6,406.0,175.0,0,111,0.0,771.0,334.0,0.0,5.0,0.0,17084,1,30111,13,-0.2,0.0,1.04,0.44,1.48,13.03,0.14,0.06,0.2,1.76,83.0,386.0,172.0,144.5,228.0,146.0,156.0,190.0,106.0,38.4,312.0,153.0,,,,32,,Carlos,Alcaraz Durán,Alcaraz,Knock - 50% chance of playing,,667,0,1,3,8,0,0,0,3,0,0,6,64,,,,0.0,0.4,1.08,0.81,8.64,13,10,41
302,a,100.0,100.0,5.4,153,97.0,0,0.0,-1,1.0,0.1,454,154.0,79,5,3.4,149.0,62.0,4,390,5.7,31.0,9.0,1.1,14.6,0.0,26829,475,29813,104,5.2,5.7,1.6,1.69,3.29,29.01,0.08,0.08,0.16,1.36,376.0,157.0,57.0,248.8,145.0,97.0,200.0,147.0,83.0,82.6,151.0,79.0,,,,32,,Idrissa Gana,Gueye,Gana,,,1919,2,3,5,23,0,0,0,1,1,0,23,208,,,,0.0,0.23,1.08,1.08,9.76,43,57,108
303,a,,,5.3,188,119.0,0,0.0,3,-3.0,4.5,87,28.0,142,3,4.4,38.0,15.0,13,701,4.3,61.0,23.0,0.8,26.8,0.0,1210873,5788,668263,11142,3.8,4.3,1.97,5.01,6.98,47.64,0.06,0.16,0.22,1.49,755.2,15.0,4.0,768.0,9.0,9.0,215.0,137.0,80.0,174.1,20.0,16.0,1.0,3.0,2.0,32,,James,Garner,Garner,,,2873,2,6,11,37,0,0,0,8,0,0,32,395,,,,0.0,0.34,1.16,1.0,12.37,94,141,160
304,a,100.0,100.0,4.8,366,229.0,0,0.0,-2,2.0,0.0,616,237.0,58,1,2.4,285.0,121.0,1,195,1.7,200.0,83.0,0.4,12.1,0.0,5915,13,6897,12,1.2,1.7,0.41,0.61,1.02,18.74,0.03,0.05,0.08,1.51,195.8,283.0,120.0,93.8,289.0,170.0,65.0,307.0,164.0,35.3,327.0,161.0,,,,32,,Tim,Iroegbunam,Iroegbunam,,,1117,0,3,8,11,0,0,0,8,0,0,13,148,,,,0.0,0.64,0.89,1.05,11.92,53,32,63
305,a,100.0,100.0,4.5,498,308.0,0,0.0,0,0.0,0.1,510,185.0,19,0,1.7,390.0,165.0,0,78,0.3,347.0,155.0,0.1,4.2,0.0,12755,42,19255,74,-0.2,0.3,0.79,0.21,1.0,10.79,0.14,0.04,0.18,1.96,58.6,408.0,178.0,66.6,321.0,178.0,78.0,290.0,156.0,20.5,382.0,177.0,,,,32,,Harrison,Armstrong,Armstrong,,,495,0,0,1,10,0,0,0,0,0,0,6,50,,,,0.0,0.18,1.82,1.09,9.09,13,13,24
308,u,0.0,0.0,4.5,451,270.0,0,0.0,0,0.0,0.0,709,288.0,0,0,0.0,715.0,287.0,0,0,0.0,627.0,228.0,0.0,0.0,0.0,458,0,3766,1,0.0,0.0,0.0,0.0,0.0,0.0,0.0,0.0,0.0,0.0,0.0,710.0,282.0,0.0,705.0,284.0,0.0,689.0,277.0,0.0,711.0,283.0,,,,32,,Isaac,Heath,Heath,has joined Accrington on loan for the rest of the season.,,0,0,0,0,0,0,0,0,0,0,0,0,0,,,,0.0,0.0,0.0,0.0,0.0,0,0,0
309,u,0.0,0.0,4.5,448,268.0,0,0.0,0,0.0,0.0,824,369.0,0,0,0.0,713.0,285.0,0,0,0.0,625.0,226.0,0.0,0.0,0.0,0,0,114,0,0.0,0.0,0.0,0.0,0.0,0.0,0.0,0.0,0.0,0.0,0.0,708.0,280.0,0.0,703.0,282.0,0.0,687.0,275.0,0.0,709.0,281.0,,,,32,,Jenson,Metcalfe,Metcalfe,Has joined Bradford City permanently.,,0,0,0,0,0,0,0,0,0,0,0,0,0,,,,0.0,0.0,0.0,0.0,0.0,0,0,0
310,a,,,5.7,119,32.0,0,0.0,-3,3.0,0.8,212,30.0,77,1,2.4,293.0,31.0,7,228,1.0,270.0,33.0,0.2,13.5,0.0,302687,141,297771,1971,0.5,1.0,6.13,0.38,6.51,28.92,0.34,0.02,0.36,1.58,250.4,244.0,22.0,180.0,195.0,18.0,424.0,50.0,20.0,83.0,150.0,21.0,,,,32,,Thierno,Barry,Barry,,,1645,6,0,7,25,0,0,0,3,0,0,19,58,,,,0.0,0.38,1.37,1.04,3.17,3,27,28
311,a,,,5.0,265,55.0,0,0.0,-5,5.0,2.9,115,18.0,83,7,2.6,256.0,28.0,10,272,8.3,4.0,1.0,1.7,16.6,0.0,546780,5225,1148291,2662,7.8,8.3,7.73,0.22,7.95,20.18,0.55,0.02,0.57,1.43,351.0,177.0,17.0,124.8,247.0,28.0,536.0,30.0,16.0,99.6,100.0,16.0,,,3.0,32,,Norberto Bercique,Gomes Betuncal,Beto,,,1269,7,1,5,15,0,0,0,2,0,0,13,75,,,,0.0,0.35,1.06,0.92,5.32,13,37,25
312,u,0.0,0.0,4.9,332,62.0,0,0.0,-1,1.0,0.1,552,76.0,0,0,0.0,785.0,87.0,0,0,0.0,734.0,79.0,0.0,0.0,0.0,2418,0,14557,1,0.0,0.0,0.0,0.0,0.0,0.0,0.0,0.0,0.0,0.0,0.0,784.0,87.0,0.0,780.0,86.0,0.0,776.0,86.0,0.0,784.0,87.0,,,,32,,Youssef,Ramalho Chermiti,Y.Chermiti,has joined Rangers permanently.,,0,0,0,0,0,0,0,0,0,0,0,0,0,,,,0.0,0.0,0.0,0.0,0.0,0,0,0
313,u,0.0,0.0,4.4,557,78.0,0,0.0,-1,1.0,0.1,452,65.0,0,0,0.0,682.0,71.0,0,0,0.0,584.0,59.0,0.0,0.0,0.0,9203,0,26673,16,0.0,0.0,0.0,0.0,0.0,0.0,0.0,0.0,0.0,0.0,0.0,675.0,71.0,0.0,670.0,70.0,0.0,651.0,70.0,0.0,677.0,71.0,,,,32,,Martin,Sherif,Sherif,has joined Port Vale on loan for the rest of the season.,,0,0,0,0,0,0,0,0,0,0,0,0,0,,,,0.0,0.0,0.0,0.0,0.0,0,0,0
419,i,0.0,0.0,6.3,64,42.0,0,0.0,-2,2.0,5.7,67,22.0,79,0,4.0,64.0,29.0,12,356,0.0,813.0,362.0,0.0,12.5,0.0,3790548,7,3782915,1100,0.0,0.0,2.05,3.37,5.41,25.81,0.11,0.19,0.3,1.43,374.2,159.0,59.0,520.5,35.0,32.0,397.0,56.0,33.0,129.2,57.0,37.0,,,,32,,Jack,Grealish,Grealish,Foot injury - Expected back 01 Jun,,1627,2,6,7,23,0,0,0,3,1,0,18,135,,,,0.0,0.39,1.27,1.0,7.47,20,27,88
630,a,,,3.9,751,74.0,0,0.0,-1,1.0,1.2,175,21.0,0,0,0.0,550.0,46.0,0,0,0.0,405.0,36.0,0.0,0.0,0.0,72423,28,103236,207,-0.5,0.0,0.0,0.0,0.0,0.0,0.0,0.0,0.0,0.0,0.0,540.0,46.0,0.0,527.0,29.0,0.0,495.0,16.0,0.0,542.0,46.0,,,,32,,Tom,King,King,,,0,0,0,0,0,0,0,0,0,0,0,0,0,,,,0.0,0.0,0.0,0.0,0.0,0,0,0
667,a,100.0,100.0,4.2,640,148.0,0,0.0,-3,3.0,0.1,570,204.0,0,0,0.0,644.0,251.0,0,0,0.0,517.0,217.0,0.0,0.0,0.0,2943,9,12673,16,-0.5,0.0,0.0,0.0,0.0,0.0,0.0,0.0,0.0,0.0,0.0,636.0,252.0,0.0,630.0,251.0,0.0,604.0,250.0,0.0,638.0,252.0,,,,32,,Adam,Aznou,Aznou,,,0,0,0,0,0,0,0,0,0,0,0,0,0,,,,0.0,0.0,0.0,0.0,0.0,0,0,0
704,u,0.0,0.0,4.5,437,261.0,0,0.0,0,0.0,0.0,588,220.0,0,0,0.0,708.0,280.0,0,0,0.0,618.0,220.0,0.0,0.0,0.0,8420,0,10221,1,0.0,0.0,0.0,0.0,0.0,0.0,0.0,0.0,0.0,0.0,0.0,702.0,274.0,0.0,698.0,277.0,0.0,681.0,270.0,0.0,704.0,276.0,,,,32,,Tyler,Onyango,Onyango,has joined Stockport County on loan for the rest of the season.,,0,0,0,0,0,0,0,0,0,0,0,0,0,,,,0.0,0.0,0.0,0.0,0.0,0,0,0
705,u,0.0,0.0,3.9,773,224.0,0,0.0,-1,1.0,0.2,418,153.0,0,0,0.0,565.0,204.0,0,0,0.0,421.0,157.0,0.0,0.0,0.0,18604,0,17602,30,0.0,0.0,0.0,0.0,0.0,0.0,0.0,0.0,0.0,0.0,0.0,555.0,203.0,0.0,543.0,203.0,0.0,511.0,198.0,0.0,557.0,203.0,,,,32,,Elijah,Campbell,Campbell,has joined Port Vale on loan for the rest of the season.,,0,0,0,0,0,0,0,0,0,0,0,0,0,,,,0.0,0.0,0.0,0.0,0.0,0,0,0
707,a,,,5.3,198,123.0,0,0.0,-2,2.0,0.0,649,255.0,18,0,1.3,437.0,196.0,0,49,0.0,777.0,338.0,0.0,3.4,0.0,7875,11,7444,6,-0.5,0.0,0.2,0.14,0.34,6.65,0.05,0.04,0.09,1.71,46.0,420.0,184.0,61.0,335.0,183.0,32.0,364.0,187.0,13.6,408.0,185.0,,,,32,,Tyler,Dibling,Dibling,,,349,0,0,2,2,0,0,0,2,0,0,4,40,,,,0.0,0.52,0.52,1.03,10.32,7,11,22
728,a,100.0,100.0,5.0,275,169.0,0,0.0,0,0.0,0.0,710,289.0,18,0,1.5,413.0,180.0,0,48,0.7,297.0,138.0,0.1,3.6,0.0,1596,2,1693,6,0.2,0.7,0.5,0.21,0.71,8.22,0.13,0.05,0.18,2.07,67.6,398.0,175.0,66.2,322.0,179.0,32.0,363.0,186.0,16.6,396.0,180.0,,,,32,,Merlin,Röhl,Röhl,,,358,0,0,2,6,0,0,0,0,0,0,2,48,,,,0.0,0.5,1.51,0.5,12.07,18,10,20
779,a,,,4.5,506,72.0,0,0.0,0,0.0,0.0,620,82.0,0,0,0.0,756.0,82.0,0,0,0.0,678.0,70.0,0.0,0.0,0.0,5073,30,2876,36,-0.5,0.0,0.0,0.0,0.0,0.0,0.0,0.0,0.0,0.0,0.0,755.0,82.0,0.0,748.0,81.0,0.0,735.0,81.0,0.0,755.0,82.0,,,,32,,Braiden,Graham,Graham,,,0,0,0,0,0,0,0,0,0,0,0,0,0,,,,0.0,0.0,0.0,0.0,0.0,0,0,0
314,a,,,4.9,286,10.0,0,0.0,-1,1.0,1.8,143,19.0,91,2,2.8,221.0,25.0,4,421,4.0,73.0,7.0,0.8,18.6,0.0,297240,615,278893,1702,4.0,3.5,0.0,0.0,0.0,44.61,0.0,0.0,0.0,1.39,676.6,34.0,10.0,0.0,765.0,90.0,0.0,761.0,88.0,67.5,204.0,10.0,,,,32,,Bernd,Leno,Leno,,,2880,0,0,6,46,1,0,0,3,0,80,32,107,,,,2.5,0.19,1.44,1.0,0.0,4,38,268
315,u,0.0,0.0,4.0,679,48.0,0,0.0,0,0.0,0.0,761,89.0,0,0,0.0,590.0,70.0,0,0,0.0,450.0,62.0,0.0,0.0,0.0,577,0,893,3,0.0,0.0,0.0,0.0,0.0,0.0,0.0,0.0,0.0,0.0,0.0,580.0,70.0,0.0,571.0,57.0,0.0,540.0,44.0,0.0,582.0,70.0,,,,32,,Steven,Benda,Benda,has joined Feyenoord on loan for the rest of the season.,,0,0,0,0,0,0,0,0,0,0,0,0,0,,,,0.0,0.0,0.0,0.0,0.0,0,0,0
316,a,100.0,100.0,4.9,294,45.0,0,0.0,-1,1.0,0.8,207,80.0,43,3,2.7,235.0,94.0,4,191,3.0,125.0,50.0,0.6,8.8,0.0,183091,390,199389,888,3.0,2.5,0.22,1.33,1.55,17.34,0.02,0.11,0.13,1.41,268.8,228.0,91.0,279.2,126.0,32.0,44.0,340.0,111.0,59.2,235.0,81.0,,,,32,,Antonee,Robinson,Robinson,,,1109,0,0,3,14,0,0,0,3,0,0,13,104,,,,0.0,0.24,1.14,1.06,8.36,36,67,66
317,a,100.0,100.0,4.6,399,69.0,0,0.0,1,-1.0,5.0,77,25.0,105,1,3.6,106.0,37.0,5,369,4.0,71.0,30.0,0.9,22.8,0.0,1554095,710,1241688,10056,4.0,3.5,1.32,1.79,3.11,39.18,0.05,0.06,0.11,1.38,721.8,20.0,8.0,116.8,255.0,71.0,139.0,216.0,55.0,98.1,103.0,29.0,,,,32,,Joachim,Andersen,Andersen,,,2561,0,1,6,41,0,0,0,7,0,0,29,330,,,,0.0,0.21,1.44,1.02,10.3,37,256,106
318,a,100.0,100.0,4.4,535,111.0,0,0.0,-1,1.0,0.7,229,86.0,80,3,3.3,155.0,61.0,9,274,4.7,42.0,20.0,1.1,18.2,0.0,168359,275,147434,1130,4.7,4.2,1.64,0.27,1.9,29.89,0.07,0.01,0.08,1.35,481.4,96.0,42.0,104.8,273.0,81.0,100.0,261.0,73.0,69.0,202.0,69.0,,,,32,,Calvin,Bassey,Bassey,,,1992,1,1,4,35,0,0,0,5,0,0,22,214,,,,0.0,0.18,1.58,0.99,7.86,50,124,92
319,a,,,4.3,579,126.0,0,0.0,-2,2.0,0.1,460,170.0,33,1,1.4,421.0,153.0,0,167,1.0,238.0,83.0,0.2,7.7,0.0,20116,48,26112,46,1.0,0.5,1.21,0.79,2.0,24.58,0.08,0.05,0.13,1.69,288.2,215.0,86.0,213.3,171.0,44.0,141.0,212.0,53.0,64.5,214.0,73.0,,,,32,,Timothy,Castagne,Castagne,,,1306,0,1,0,26,0,0,0,3,0,0,14,130,,,,0.0,0.0,1.79,0.96,7.92,28,87,41
320,a,,,4.3,582,129.0,0,0.0,-2,2.0,0.1,532,189.0,13,0,1.3,431.0,155.0,0,49,0.0,531.0,227.0,0.0,3.0,0.0,7907,23,11954,33,0.0,-0.5,0.02,0.04,0.06,10.15,0.0,0.01,0.01,1.54,118.0,354.0,134.0,5.7,444.0,159.0,12.0,405.0,150.0,13.6,407.0,146.0,,,,32,,Issa,Diop,Diop,,,592,0,0,0,11,0,0,0,2,0,0,6,55,,,,0.0,0.0,1.67,0.91,7.3,6,42,14
321,a,,,4.3,587,132.0,0,0.0,-2,2.0,0.1,575,206.0,39,0,2.8,215.0,85.0,1,155,0.0,534.0,228.0,0.0,9.1,0.0,6854,8,7904,38,0.0,-0.5,0.05,0.53,0.58,14.59,0.0,0.05,0.05,1.41,244.6,247.0,97.0,47.1,358.0,127.0,14.0,400.0,146.0,30.7,345.0,116.0,,,,32,,Jorge,Cuenca Barreno,J.Cuenca,,,931,0,0,2,11,0,0,0,5,0,0,11,120,,,,0.0,0.19,1.06,1.06,11.02,16,98,40
322,i,0.0,0.0,4.5,416,78.0,0,0.0,0,0.0,0.3,326,119.0,81,0,3.7,88.0,32.0,5,318,2.0,175.0,68.0,0.4,18.0,0.0,180647,3,169736,1172,0.0,0.0,0.92,1.46,2.38,25.79,0.05,0.07,0.12,1.3,416.0,131.0,56.0,214.1,169.0,42.0,108.0,252.0,68.0,73.9,179.0,60.0,,,,32,,Kenny,Tete,Tete,Foot injury - Unknown return date,,1791,1,0,6,25,0,0,0,2,0,0,21,188,,,,0.0,0.3,1.26,1.06,8.29,65,100,82
323,a,,,3.8,815,257.0,0,0.0,-2,2.0,0.1,423,157.0,0,0,0.0,542.0,199.0,0,0,0.0,396.0,150.0,0.0,0.0,0.0,9697,15,17613,25,0.0,-0.5,0.0,0.0,0.0,0.0,0.0,0.0,0.0,0.0,0.0,532.0,198.0,0.0,517.0,198.0,0.0,485.0,193.0,0.0,534.0,198.0,,,,32,,Samuel,Amissah,Amissah,,,0,0,0,0,0,0,0,0,0,0,0,0,0,,,,0.0,0.0,0.0,0.0,0.0,0,0,0
324,a,100.0,100.0,6.4,55,35.0,0,0.0,-1,1.0,2.2,132,44.0,97,2,3.7,101.0,44.0,13,470,2.0,189.0,78.0,0.3,15.2,0.0,587411,698,501492,7595,2.0,1.5,1.38,4.35,5.73,34.38,0.06,0.18,0.24,1.39,477.6,100.0,33.0,671.7,15.0,15.0,267.0,101.0,62.0,141.7,39.0,27.0,2.0,,,32,,Alex,Iwobi,Iwobi,,,2222,4,3,4,39,0,0,0,3,0,0,26,168,,,,0.0,0.16,1.58,1.05,6.8,23,33,112
325,a,100.0,100.0,5.6,126,78.0,0,0.0,-4,4.0,0.5,261,92.0,66,1,2.1,329.0,144.0,1,285,0.7,306.0,142.0,0.1,11.8,0.0,164033,103,219730,327,0.7,0.2,4.42,1.02,5.44,25.64,0.27,0.06,0.33,1.54,256.0,241.0,103.0,290.0,119.0,84.0,342.0,75.0,42.0,88.8,134.0,74.0,,,,32,,Emile,Smith Rowe,Smith Rowe,,,1497,3,1,3,23,0,0,0,1,0,0,16,116,,,,0.0,0.18,1.38,0.96,6.97,24,35,57
327,u,0.0,0.0,5.3,184,115.0,0,0.0,-2,2.0,0.1,565,209.0,0,0,0.0,804.0,355.0,0,0,0.0,775.0,336.0,0.0,0.0,0.0,2438,0,35618,3,0.0,0.0,0.0,0.0,0.0,0.0,0.0,0.0,0.0,0.0,0.0,803.0,354.0,0.0,802.0,354.0,0.0,799.0,353.0,0.0,803.0,354.0,,,,32,,Andreas,Hoelgebaum Pereira,Andreas,has joined Palmeiras permanently.,,0,0,0,0,0,0,0,0,0,0,0,0,0,,,,0.0,0.0,0.0,0.0,0.0,0,0,0
328,a,100.0,100.0,5.4,160,100.0,0,0.0,-1,1.0,0.2,405,141.0,81,1,3.2,178.0,74.0,5,286,1.0,264.0,119.0,0.2,15.0,0.0,146730,21,140312,98,1.0,0.5,1.16,1.75,2.91,24.99,0.06,0.1,0.16,1.36,360.0,165.0,63.0,200.4,177.0,116.0,193.0,157.0,89.0,75.2,175.0,89.0,,,,32,,Ryan,Sessegnon,Sessegnon,,,1656,2,3,4,29,0,0,0,0,0,0,18,201,,,,0.0,0.22,1.58,0.98,10.92,44,90,67
329,a,100.0,100.0,6.1,81,53.0,0,0.0,6,-6.0,22.8,14,4.0,154,2,5.1,13.0,5.0,21,589,4.7,48.0,17.0,0.8,25.2,0.0,5577267,14635,2716348,35527,4.7,4.2,5.16,4.38,9.54,34.02,0.2,0.17,0.37,1.31,658.0,39.0,10.0,566.9,29.0,27.0,562.0,28.0,13.0,178.6,17.0,13.0,1.0,1.0,3.0,32,,Harry,Wilson,Wilson,,,2341,10,8,7,34,0,0,0,6,0,0,28,155,,,,0.0,0.27,1.31,1.08,5.96,24,59,72
330,a,,,4.9,303,188.0,0,0.0,-1,1.0,0.1,517,188.0,84,4,2.6,252.0,102.0,3,476,3.7,86.0,29.0,0.8,17.1,0.0,12679,52,13516,63,3.7,3.2,1.32,1.32,2.64,41.51,0.04,0.04,0.08,1.39,415.8,132.0,45.0,315.9,101.0,74.0,85.0,283.0,153.0,82.0,152.0,80.0,,,,32,,Sander,Berge,Berge,,,2679,0,3,6,44,1,0,0,5,0,0,31,263,,,,0.0,0.2,1.48,1.04,8.84,54,86,123
331,a,100.0,100.0,4.8,347,217.0,0,0.0,-2,2.0,0.0,638,249.0,29,0,1.4,424.0,186.0,1,119,0.3,349.0,157.0,0.1,6.0,0.0,2844,8,4898,7,0.3,-0.2,0.95,0.36,1.31,10.02,0.16,0.06,0.22,1.65,84.2,383.0,169.0,106.6,269.0,164.0,49.0,334.0,174.0,24.0,362.0,172.0,,,,32,,Tom,Cairney,Cairney,,,545,1,0,1,9,0,0,0,3,0,0,4,44,,,,0.0,0.17,1.49,0.66,7.27,4,8,32
332,a,100.0,100.0,4.9,307,191.0,0,0.0,-1,1.0,0.1,574,214.0,52,1,2.5,273.0,113.0,3,236,0.7,294.0,136.0,0.1,10.6,0.0,14801,17,19244,9,0.7,0.2,1.82,1.44,3.26,19.83,0.13,0.1,0.23,1.39,250.0,245.0,105.0,365.3,74.0,57.0,129.0,230.0,126.0,74.3,177.0,90.0,3.0,,,32,,Saša,Lukić,Lukić,,,1280,1,3,4,17,0,0,0,6,0,0,15,137,,,,0.0,0.28,1.2,1.05,9.63,38,47,52
333,u,0.0,0.0,4.5,477,292.0,0,0.0,0,0.0,0.0,671,270.0,0,0,0.0,734.0,304.0,0,0,0.0,650.0,248.0,0.0,0.0,0.0,898,0,6611,1,0.0,0.0,0.0,0.0,0.0,0.0,0.0,0.0,0.0,0.0,0.0,731.0,301.0,0.0,725.0,302.0,0.0,711.0,297.0,0.0,732.0,302.0,,,,32,,Martial,Godo,Godo,has joined Strasbourg permanently.,,0,0,0,0,0,0,0,0,0,0,0,0,0,,,,0.0,0.0,0.0,0.0,0.0,0,0,0
334,u,0.0,0.0,4.5,455,273.0,0,0.0,0,0.0,0.0,815,361.0,0,0,0.0,718.0,290.0,0,0,0.0,631.0,231.0,0.0,0.0,0.0,0,0,313,0,0.0,0.0,0.0,0.0,0.0,0.0,0.0,0.0,0.0,0.0,0.0,713.0,285.0,0.0,708.0,287.0,0.0,692.0,280.0,0.0,714.0,286.0,,,,32,,Luke,Harris,Harris,Has joined Oxford United on loan for the rest of the season.,,0,0,0,0,0,0,0,0,0,0,0,0,0,,,,0.0,0.0,0.0,0.0,0.0,0,0,0
335,a,100.0,100.0,4.4,564,339.0,0,0.0,-1,1.0,1.8,145,49.0,58,1,2.2,311.0,135.0,3,192,5.7,28.0,7.0,1.3,13.2,0.0,990467,2165,891702,1414,5.7,5.2,2.32,0.53,2.85,16.36,0.18,0.04,0.22,1.26,187.2,290.0,125.0,154.9,211.0,135.0,299.0,93.0,56.0,63.2,223.0,111.0,,,,32,,Josh,King,King,,,1172,1,3,5,18,0,0,0,3,0,0,15,96,,,,0.0,0.38,1.38,1.15,7.37,23,20,53
336,i,0.0,0.0,4.3,578,345.0,0,0.0,-2,2.0,0.4,297,104.0,13,0,2.2,306.0,133.0,2,41,0.3,341.0,152.0,0.1,3.0,0.0,86383,9,77915,884,0.0,0.0,0.13,0.36,0.49,0.51,0.45,1.25,1.7,1.77,38.6,428.0,188.0,19.0,400.0,200.0,11.0,409.0,201.0,6.8,440.0,198.0,,,,32,,Harrison,Reed,Reed,Knock - Unknown return date,,26,1,0,0,1,0,0,0,0,0,0,0,2,,,,0.0,0.0,3.46,0.0,6.92,0,0,2
337,a,100.0,100.0,6.1,80,25.0,-1,1.0,-4,4.0,2.5,122,19.0,105,1,3.4,151.0,14.0,7,385,2.7,149.0,19.0,0.4,17.2,0.0,829660,496,782976,10322,2.7,2.2,11.2,0.88,12.08,29.87,0.51,0.04,0.55,1.36,467.6,103.0,9.0,303.7,113.0,6.0,694.0,17.0,10.0,146.0,36.0,8.0,,2.0,1.0,32,,Raúl,Jiménez Rodríguez,Raúl,,,1982,9,5,8,25,0,0,0,5,0,0,25,120,,,,0.0,0.36,1.14,1.14,5.45,32,39,49
338,a,100.0,100.0,5.3,189,43.0,0,0.0,-2,2.0,0.7,219,32.0,27,2,1.8,383.0,44.0,3,72,1.7,205.0,27.0,0.3,5.1,0.0,264731,116,439711,143,1.7,1.2,2.17,0.12,2.29,10.8,0.3,0.02,0.32,1.49,94.6,377.0,40.0,89.3,293.0,32.0,214.0,138.0,33.0,38.7,310.0,35.0,,,,32,,Rodrigo,Muniz Carvalho,Muniz,,,653,1,1,1,11,1,0,0,1,0,0,6,40,,,,0.0,0.14,1.52,0.83,5.51,4,23,13
424,a,100.0,100.0,5.1,237,142.0,0,0.0,-4,4.0,0.2,361,122.0,33,1,1.9,357.0,154.0,0,139,2.0,180.0,71.0,0.4,6.5,0.0,92147,53,99884,191,2.0,1.5,1.14,1.56,2.7,9.69,0.13,0.17,0.3,1.08,109.6,363.0,162.0,247.7,147.0,99.0,155.0,192.0,107.0,51.5,267.0,136.0,,,,32,,Oscar,Bobb,Bobb,,,804,0,2,3,12,0,0,0,1,0,0,9,58,,,,0.0,0.34,1.34,1.01,6.49,15,8,35
664,a,,,3.9,747,71.0,0,0.0,-1,1.0,0.7,222,29.0,0,0,0.0,548.0,44.0,0,0,0.0,402.0,34.0,0.0,0.0,0.0,43457,18,55967,136,0.0,-0.5,0.0,0.0,0.0,0.0,0.0,0.0,0.0,0.0,0.0,538.0,44.0,0.0,524.0,26.0,0.0,492.0,13.0,0.0,540.0,44.0,,,,32,,Benjamin,Lecomte,Lecomte,,,0,0,0,0,0,0,0,0,0,0,0,0,0,,,,0.0,0.0,0.0,0.0,0.0,0,0,0
727,a,100.0,100.0,5.3,186,117.0,0,0.0,-2,2.0,0.1,512,187.0,53,1,2.9,204.0,83.0,1,215,1.0,262.0,118.0,0.2,10.0,0.0,100943,37,94302,161,1.0,0.5,2.03,3.12,5.15,13.39,0.23,0.35,0.58,1.49,257.0,240.0,102.0,277.8,127.0,88.0,226.0,126.0,75.0,75.8,174.0,88.0,,,,32,,Samuel,Chukwueze,Chukwueze,,,810,3,4,1,16,0,0,0,0,0,0,7,70,,,,0.0,0.11,1.78,0.78,7.78,6,16,48
731,i,0.0,0.0,5.7,118,75.0,-1,1.0,-3,3.0,0.1,582,216.0,43,0,1.9,364.0,157.0,0,158,0.0,801.0,353.0,0.0,7.5,0.0,34753,4,31973,38,0.0,0.0,1.12,1.4,2.52,13.01,0.11,0.14,0.25,1.3,200.8,277.0,116.0,231.6,161.0,107.0,206.0,142.0,81.0,63.6,219.0,108.0,,,,32,,Kevin,Santos Lopes de Macedo,Kevin,Foot injury - Unknown return date,,898,1,2,4,15,0,0,0,1,0,0,8,75,,,,0.0,0.4,1.5,0.8,7.52,19,16,40
737,a,,,4.5,509,74.0,0,0.0,0,0.0,0.1,483,69.0,4,0,0.8,515.0,62.0,0,11,0.0,680.0,72.0,0.0,0.9,0.0,21905,26,17217,71,0.0,-0.5,0.0,0.07,0.07,0.75,0.0,0.21,0.21,2.25,1.2,502.0,59.0,11.4,424.0,56.0,8.0,424.0,58.0,2.1,471.0,57.0,,,,32,,Jonah,Kusi-Asare,Kusi-Asare,,,30,0,0,0,2,0,0,0,1,0,0,0,2,,,,0.0,0.0,6.0,0.0,6.0,0,0,2
770,a,,,4.5,504,313.0,0,0.0,0,0.0,0.0,778,336.0,0,0,0.0,754.0,319.0,0,0,0.0,676.0,268.0,0.0,0.0,0.0,706,8,423,3,0.0,-0.5,0.0,0.0,0.0,0.0,0.0,0.0,0.0,0.0,0.0,753.0,318.0,0.0,746.0,318.0,0.0,733.0,314.0,0.0,753.0,318.0,,,,32,,Seth,Ridgeon,Ridgeon,,,0,0,0,0,0,0,0,0,0,0,0,0,0,,,,0.0,0.0,0.0,0.0,0.0,0,0,0
168,a,100.0,100.0,4.6,405,249.0,0,0.0,-4,4.0,0.1,498,178.0,2,0,0.7,519.0,242.0,0,5,0.0,691.0,279.0,0.0,0.4,0.0,16763,83,30122,38,0.5,-0.5,0.04,0.1,0.14,1.86,0.05,0.13,0.18,2.43,6.0,477.0,215.0,25.7,389.0,196.0,19.0,391.0,195.0,5.0,453.0,203.0,,,,32,,Facundo,Buonanotte,Buonanotte,,,69,0,0,0,2,0,0,0,1,0,0,1,5,,,,0.0,0.0,2.61,1.3,6.52,1,1,3
339,a,,,4.1,655,36.0,0,0.0,-4,4.0,0.3,307,41.0,0,0,0.0,640.0,87.0,0,0,0.0,509.0,79.0,0.0,0.0,0.0,14138,85,64457,61,0.5,-0.5,0.0,0.0,0.0,0.0,0.0,0.0,0.0,0.0,0.0,631.0,87.0,0.0,623.0,75.0,0.0,594.0,62.0,0.0,633.0,87.0,,,,32,,Illan,Meslier,Meslier,,,0,0,0,0,0,0,0,0,0,0,0,0,0,,,,0.0,0.0,0.0,0.0,0.0,0,0,0
340,a,,,3.9,748,72.0,0,0.0,-1,1.0,0.1,420,61.0,0,0,0.0,549.0,45.0,0,0,0.0,403.0,35.0,0.0,0.0,0.0,8681,23,15502,24,0.5,-0.5,0.0,0.0,0.0,0.0,0.0,0.0,0.0,0.0,0.0,539.0,45.0,0.0,525.0,27.0,0.0,493.0,14.0,0.0,541.0,45.0,,,,32,,Alex,Cairns,Cairns,,,0,0,0,0,0,0,0,0,0,0,0,0,0,,,,0.0,0.0,0.0,0.0,0.0,0,0,0
341,a,,,3.9,743,67.0,0,0.0,-1,1.0,5.0,76,13.0,42,0,2.8,212.0,23.0,0,200,4.0,67.0,4.0,1.0,10.8,0.0,569133,11097,295792,653,8.5,3.5,0.0,0.04,0.04,17.52,0.0,0.0,0.0,1.17,314.8,198.0,21.0,0.0,520.0,22.0,0.0,488.0,9.0,31.7,337.0,21.0,,,,32,,Karl,Darlow,Darlow,,,1350,0,0,3,19,0,0,0,1,0,36,15,59,,,,2.4,0.2,1.27,1.0,0.0,0,19,142
822,a,,,4.5,476,291.0,0,0.0,0,0.0,0.0,816,362.0,0,0,0.0,733.0,303.0,0,0,0.0,649.0,247.0,0.0,0.0,0.0,115,13,26,3,0.0,0.0,0.0,0.0,0.0,0.0,0.0,0.0,0.0,0.0,0.0,730.0,300.0,0.0,724.0,301.0,0.0,710.0,296.0,0.0,731.0,301.0,,,,32,,Jaydon,Jones,Jones,,,0,0,0,0,0,0,0,0,0,0,0,0,0,,,,0.0,0.0,0.0,0.0,0.0,0,0,0
565,d,50.0,0.0,4.7,380,17.0,0,0.0,-3,3.0,5.2,73,12.0,90,0,2.9,202.0,22.0,6,412,1.7,199.0,19.0,0.4,19.1,0.0,1358007,29,1465049,5364,0.8,0.0,0.0,0.04,0.04,46.21,0.0,0.0,0.0,1.49,709.2,25.0,8.0,10.1,426.0,6.0,0.0,749.0,82.0,72.2,188.0,7.0,,,,32,,Guglielmo,Vicario,Vicario,Hernia - 50% chance of playing,,2790,0,0,7,50,0,0,0,1,0,83,31,97,,,,2.68,0.23,1.61,1.0,0.0,1,35,247
566,a,,,3.9,757,78.0,0,0.0,-1,1.0,0.3,330,46.0,0,0,0.0,554.0,50.0,0,0,0.0,410.0,40.0,0.0,0.0,0.0,21315,17,25340,46,0.0,0.0,0.0,0.0,0.0,0.0,0.0,0.0,0.0,0.0,0.0,544.0,50.0,0.0,531.0,33.0,0.0,499.0,20.0,0.0,546.0,50.0,,,,32,,Brandon,Austin,Austin,,,0,0,0,0,0,0,0,0,0,0,0,0,0,,,,0.0,0.0,0.0,0.0,0.0,0,0,0
567,a,,,3.9,771,85.0,0,0.0,-1,1.0,1.6,157,20.0,2,2,2.0,334.0,31.0,0,9,0.7,279.0,24.0,0.2,0.5,0.0,128251,254,182445,297,0.7,0.7,0.0,0.0,0.0,1.79,0.0,0.0,0.0,1.79,13.4,457.0,34.0,0.0,541.0,40.0,0.0,509.0,27.0,1.3,483.0,35.0,,,,32,,Antonín,Kinský,Kinsky,,,90,0,0,0,1,0,0,0,0,0,1,1,0,,,,1.0,0.0,1.0,1.0,0.0,0,2,9
568,a,100.0,100.0,5.1,232,34.0,0,0.0,-4,4.0,9.4,35,13.0,84,1,3.0,194.0,78.0,4,373,1.3,225.0,79.0,0.3,16.5,0.0,1521187,1186,3047116,2096,1.3,1.3,0.69,3.35,4.04,33.99,0.03,0.13,0.16,1.36,506.6,83.0,37.0,658.0,16.0,1.0,143.0,210.0,52.0,131.0,51.0,6.0,3.0,2.0,,32,,Pedro,Porro Sauceda,Pedro Porro,,,2253,0,3,7,34,0,0,0,7,0,0,26,198,,,,0.0,0.28,1.36,1.04,6.51,52,111,107
342,a,100.0,100.0,4.4,531,107.0,0,0.0,-1,1.0,0.3,310,114.0,76,0,2.6,249.0,98.0,0,227,2.0,173.0,67.0,0.5,17.3,0.0,57874,2479,49443,149,4.5,1.5,2.05,1.65,3.7,35.38,0.08,0.06,0.14,1.33,355.0,173.0,72.0,250.7,143.0,37.0,200.0,146.0,30.0,80.7,155.0,51.0,,,,32,,Jayden,Bogle,Bogle,,,2403,1,3,5,41,0,0,0,6,0,0,27,194,,,,0.0,0.19,1.54,1.01,5.62,54,96,119
343,a,100.0,100.0,4.3,583,130.0,0,0.0,-2,2.0,2.3,129,51.0,93,0,3.3,154.0,60.0,3,341,4.3,55.0,24.0,1.0,21.6,0.0,334809,19249,128331,554,9.1,3.8,2.57,0.72,3.29,35.54,0.1,0.03,0.13,1.32,590.8,51.0,24.0,145.9,226.0,59.0,228.0,124.0,21.0,96.5,108.0,30.0,,,,32,,Pascal,Struijk,Struijk,,,2430,0,1,6,40,0,0,0,4,0,0,27,269,,,,0.0,0.22,1.48,1.0,9.26,30,220,101
344,d,75.0,75.0,3.9,761,219.0,0,0.0,-1,1.0,0.6,242,92.0,66,0,3.7,86.0,30.0,5,211,6.0,19.0,9.0,1.5,16.9,0.0,147113,1789,100539,649,9.4,4.1,0.8,0.63,1.43,21.91,0.06,0.04,0.1,1.51,353.6,175.0,74.0,50.4,350.0,125.0,212.0,139.0,26.0,61.5,230.0,78.0,,,,32,,Jaka,Bijol,Bijol,Knock - 75% chance of playing,,1306,1,2,3,21,0,0,0,3,0,0,14,160,,,,0.0,0.21,1.45,0.96,10.27,21,128,49
345,a,100.0,100.0,3.8,798,242.0,0,0.0,-2,2.0,0.1,430,161.0,17,0,1.9,348.0,127.0,0,48,0.0,381.0,137.0,0.0,4.5,0.0,22876,57,18578,90,0.5,-0.5,0.0,0.01,0.01,4.93,0.0,0.0,0.0,1.46,78.4,392.0,148.0,5.6,445.0,160.0,10.0,413.0,153.0,9.4,425.0,153.0,,,,32,,Sebastiaan,Bornauw,Bornauw,,,304,0,0,1,4,0,0,0,1,0,0,4,38,,,,0.0,0.3,1.18,1.18,11.25,6,32,7
346,a,,,3.7,817,259.0,0,0.0,-3,3.0,0.3,332,120.0,1,0,1.0,449.0,160.0,0,-2,0.0,366.0,124.0,0.0,0.3,0.0,37370,687,36612,259,0.5,-0.5,0.0,0.0,0.0,0.79,0.0,0.0,0.0,10.16,0.0,511.0,180.0,0.0,493.0,178.0,0.0,459.0,171.0,0.0,513.0,180.0,,,,32,,Sam,Byram,Byram,,,7,0,0,0,1,0,0,0,0,0,0,0,0,,,,0.0,0.0,12.86,0.0,0.0,0,0,0
347,d,75.0,75.0,3.8,794,238.0,0,0.0,-2,2.0,3.3,103,37.0,59,0,2.0,333.0,121.0,8,235,-0.7,826.0,268.0,-0.2,15.5,0.0,971025,582,907875,3196,-0.7,-0.9,1.1,2.04,3.13,37.73,0.04,0.08,0.12,1.43,389.2,151.0,65.0,329.9,95.0,22.0,148.0,204.0,50.0,86.8,140.0,44.0,,,,32,,Gabriel,Gudmundsson,Gudmundsson,Groin Injury - 75% chance of playing,,2367,0,0,4,42,1,0,0,4,1,0,28,197,,,,0.0,0.15,1.6,1.06,6.16,60,102,102
348,i,0.0,0.0,3.9,756,216.0,0,0.0,-1,1.0,3.5,97,33.0,99,0,3.4,134.0,46.0,5,330,4.7,41.0,19.0,1.2,25.4,0.0,1199627,109,1034992,14956,0.0,0.0,1.2,0.4,1.6,39.93,0.04,0.01,0.05,1.41,611.8,45.0,20.0,86.7,297.0,93.0,183.0,169.0,37.0,88.4,135.0,42.0,,,,32,,Joe,Rodon,Rodon,Ankle injury - Expected back 01 May,,2546,2,0,5,46,0,0,0,1,0,0,29,269,,,,0.0,0.18,1.63,1.03,8.52,32,209,73
349,u,0.0,0.0,4.0,695,177.0,0,0.0,0,0.0,0.1,557,200.0,0,0,0.0,604.0,222.0,0,0,0.0,465.0,178.0,0.0,0.0,0.0,788,0,15993,2,0.0,0.0,0.0,0.0,0.0,0.0,0.0,0.0,0.0,0.0,0.0,594.0,221.0,0.0,585.0,221.0,0.0,554.0,217.0,0.0,596.0,221.0,,,,32,,Isaac,Schmidt,Schmidt,has joined Werder Bremen on loan for the rest of the season.,,0,0,0,0,0,0,0,0,0,0,0,0,0,,,,0.0,0.0,0.0,0.0,0.0,0,0,0
351,a,100.0,100.0,5.1,238,143.0,0,0.0,-4,4.0,0.1,511,186.0,22,0,1.4,427.0,188.0,0,88,0.0,765.0,330.0,0.0,4.3,0.0,9616,91,40610,26,0.5,-0.5,0.29,0.56,0.85,8.4,0.07,0.13,0.2,2.01,59.0,407.0,177.0,87.7,296.0,172.0,39.0,346.0,178.0,18.4,390.0,179.0,,,,32,,Wilfried,Gnonto,Gnonto,,,377,0,2,1,11,0,0,0,3,0,0,4,41,,,,0.0,0.24,2.63,0.95,9.79,14,10,17
352,u,0.0,0.0,5.1,228,139.0,0,0.0,-4,4.0,0.0,600,226.0,12,0,1.1,448.0,200.0,0,51,0.0,763.0,328.0,0.0,2.4,0.0,6000,0,18719,7,0.0,0.0,0.28,0.23,0.51,3.82,0.1,0.08,0.18,1.31,30.0,437.0,192.0,49.4,353.0,185.0,35.0,359.0,185.0,11.5,420.0,191.0,,,,32,,Jack,Harrison,Harrison,has joined ACF Fiorentina on loan for the rest of the season.,,262,0,0,0,5,0,0,0,0,0,0,1,24,,,,0.0,0.0,1.72,0.34,8.24,5,6,13
353,i,0.0,0.0,5.2,206,127.0,0,0.0,-3,3.0,0.1,488,172.0,18,0,1.2,442.0,198.0,0,72,0.3,358.0,165.0,0.1,3.5,0.0,8419,0,52991,43,0.0,0.0,0.71,0.59,1.3,10.53,0.16,0.13,0.29,2.34,47.2,417.0,183.0,113.3,262.0,160.0,103.0,257.0,141.0,26.5,359.0,170.0,,,,32,,Daniel,James,James,Muscle injury - Unknown return date,,405,0,0,1,13,0,0,0,0,0,0,4,26,,,,0.0,0.22,2.89,0.89,5.78,5,3,18
354,a,100.0,100.0,4.9,298,185.0,0,0.0,-1,1.0,0.5,255,89.0,102,0,3.6,107.0,49.0,6,461,3.3,113.0,42.0,0.7,20.8,0.0,92724,5708,45944,321,7.1,2.8,1.79,1.98,3.77,37.82,0.06,0.07,0.13,1.37,494.6,88.0,29.0,314.4,103.0,76.0,104.0,256.0,140.0,91.6,127.0,71.0,,,,32,,Ethan,Ampadu,Ampadu,,,2489,1,2,6,41,0,0,0,7,0,0,28,338,,,,0.0,0.22,1.48,1.01,12.22,69,120,149
355,u,0.0,0.0,4.9,316,196.0,0,0.0,-1,1.0,0.0,637,248.0,0,0,0.0,777.0,335.0,0,0,0.0,724.0,299.0,0.0,0.0,0.0,1234,0,10135,1,0.0,0.0,0.0,0.0,0.0,0.0,0.0,0.0,0.0,0.0,0.0,776.0,334.0,0.0,772.0,334.0,0.0,768.0,332.0,0.0,776.0,334.0,,,,32,,Sam,Greenwood,Greenwood,has joined Pogon Szczecin permanently.,,0,0,0,0,0,0,0,0,0,0,0,0,0,,,,0.0,0.0,0.0,0.0,0.0,0,0,0
356,a,,,4.7,391,243.0,0,0.0,-3,3.0,0.1,451,153.0,54,0,2.6,250.0,100.0,3,239,0.3,348.0,156.0,0.1,11.5,0.0,22276,213,15322,128,1.1,-0.2,0.46,0.85,1.31,24.63,0.03,0.06,0.09,1.72,195.6,285.0,122.0,168.0,202.0,130.0,63.0,312.0,166.0,42.4,298.0,148.0,4.0,,,32,,Ilia,Gruev,Gruev,,,1290,0,4,5,23,0,0,0,3,0,0,15,109,,,,0.0,0.35,1.6,1.05,7.6,23,37,49
357,u,0.0,0.0,4.9,320,198.0,0,0.0,-1,1.0,0.0,718,297.0,0,0,0.0,779.0,337.0,0,0,0.0,727.0,301.0,0.0,0.0,0.0,203,0,4330,0,0.0,0.0,0.0,0.0,0.0,0.0,0.0,0.0,0.0,0.0,0.0,778.0,336.0,0.0,774.0,336.0,0.0,770.0,334.0,0.0,778.0,336.0,,,,32,,Largie,Ramazani,Ramazani,has joined Valencia on loan for the rest of the season.,,0,0,0,0,0,0,0,0,0,0,0,0,0,,,,0.0,0.0,0.0,0.0,0.0,0,0,0
358,a,100.0,100.0,4.8,360,224.0,0,0.0,-2,2.0,0.2,385,129.0,44,0,2.1,323.0,141.0,2,170,0.3,350.0,158.0,0.1,9.2,0.0,54020,366,63576,90,1.1,-0.2,0.85,0.65,1.5,13.39,0.1,0.08,0.18,1.59,142.8,329.0,147.0,132.5,240.0,152.0,80.0,288.0,155.0,35.5,323.0,159.0,,,,32,,Tanaka,Ao,Tanaka,,,759,2,0,2,16,0,0,0,1,0,0,7,83,,,,0.0,0.24,1.9,0.83,9.84,17,20,46
359,u,0.0,0.0,4.5,460,278.0,0,0.0,0,0.0,0.0,797,351.0,0,0,0.0,721.0,293.0,0,0,0.0,634.0,234.0,0.0,0.0,0.0,0,0,972,0,0.0,0.0,0.0,0.0,0.0,0.0,0.0,0.0,0.0,0.0,0.0,716.0,288.0,0.0,711.0,290.0,0.0,695.0,283.0,0.0,717.0,289.0,,,,32,,Charlie,Crew,Crew,Has joined Doncaster Rovers on loan for the rest of the season.,,0,0,0,0,0,0,0,0,0,0,0,0,0,,,,0.0,0.0,0.0,0.0,0.0,0,0,0
360,u,0.0,0.0,4.5,439,263.0,0,0.0,0,0.0,0.0,760,323.0,0,0,0.0,710.0,282.0,0,0,0.0,620.0,222.0,0.0,0.0,0.0,0,0,2900,1,0.0,0.0,0.0,0.0,0.0,0.0,0.0,0.0,0.0,0.0,0.0,704.0,276.0,0.0,700.0,279.0,0.0,683.0,272.0,0.0,706.0,278.0,,,,32,,Joe,Gelhardt,Gelhardt,Has joined Hull City on loan for the rest of the season.,,0,0,0,0,0,0,0,0,0,0,0,0,0,,,,0.0,0.0,0.0,0.0,0.0,0,0,0
362,a,100.0,100.0,4.9,315,58.0,0,0.0,-6,6.0,0.3,301,46.0,14,0,1.1,447.0,55.0,0,34,0.0,723.0,76.0,0.0,2.9,0.0,39271,31,221001,66,0.5,-0.5,0.81,0.13,0.94,5.3,0.34,0.05,0.39,2.22,10.6,463.0,55.0,36.9,372.0,48.0,96.0,267.0,47.0,13.8,404.0,51.0,,,3.0,32,,Joël,Piroe,Piroe,,,215,0,0,1,7,0,0,0,0,0,0,2,11,,,,0.0,0.42,2.93,0.84,4.6,1,1,9
363,u,0.0,0.0,4.9,287,57.0,0,0.0,-1,1.0,0.3,312,49.0,0,0,0.0,771.0,85.0,0,0,0.0,708.0,75.0,0.0,0.0,0.0,16144,0,203129,13,0.0,0.0,0.0,0.0,0.0,0.0,0.0,0.0,0.0,0.0,0.0,770.0,85.0,0.0,766.0,84.0,0.0,762.0,84.0,0.0,770.0,85.0,,,,32,,Patrick,Bamford,Bamford,has departed the club as a free agent.,,0,0,0,0,0,0,0,0,0,0,0,0,0,,,,0.0,0.0,0.0,0.0,0.0,0,0,0
364,u,0.0,0.0,5.0,278,56.0,0,0.0,0,0.0,0.0,747,91.0,0,0,0.0,798.0,88.0,0,0,0.0,755.0,81.0,0.0,0.0,0.0,0,0,2427,0,0.0,0.0,0.0,0.0,0.0,0.0,0.0,0.0,0.0,0.0,0.0,797.0,88.0,0.0,795.0,88.0,0.0,790.0,88.0,0.0,797.0,88.0,,,,32,,Mateo,Joseph Fernández-Regatillo,Mateo Joseph,Has joined RCD Mallorca on loan for the rest of the season.,,0,0,0,0,0,0,0,0,0,0,0,0,0,,,,0.0,0.0,0.0,0.0,0.0,0,0,0
365,a,100.0,100.0,5.0,245,52.0,0,0.0,0,0.0,0.6,247,34.0,66,0,2.6,254.0,27.0,8,236,1.0,254.0,32.0,0.2,13.2,0.0,214943,337,224194,402,2.5,0.5,6.22,0.92,7.14,16.78,0.65,0.1,0.75,1.74,260.6,234.0,20.0,94.5,287.0,31.0,346.0,73.0,26.0,70.2,198.0,25.0,,,2.0,32,,Lukas,Nmecha,Nmecha,,,866,6,1,3,18,0,0,1,0,0,0,9,42,,,,0.0,0.31,1.87,0.94,4.36,8,12,22
493,a,100.0,100.0,4.8,350,220.0,0,0.0,-2,2.0,0.2,362,123.0,44,0,2.6,251.0,101.0,4,234,0.0,699.0,284.0,0.0,9.2,0.0,177886,70,182146,40,0.5,-0.5,0.83,1.48,2.31,13.95,0.08,0.14,0.22,1.33,240.2,252.0,106.0,357.3,79.0,60.0,71.0,299.0,160.0,66.8,205.0,101.0,2.0,2.0,,32,,Sean,Longstaff,Longstaff,,,943,1,2,1,19,0,0,0,2,0,0,10,100,,,,0.0,0.1,1.81,0.95,9.54,37,25,38
706,a,100.0,100.0,3.9,758,217.0,0,0.0,-1,1.0,1.3,170,67.0,61,0,2.8,213.0,84.0,6,215,4.0,68.0,28.0,1.0,15.6,0.0,225163,5167,77734,468,8.5,3.5,1.02,0.96,1.98,22.17,0.07,0.07,0.14,1.58,291.4,211.0,82.0,150.6,218.0,57.0,145.0,207.0,51.0,58.8,236.0,82.0,3.0,,,32,,James,Justin,Justin,,,1263,1,1,4,18,0,0,0,2,0,0,14,122,,,,0.0,0.29,1.28,1.0,8.19,30,85,50
741,u,0.0,0.0,4.5,494,70.0,0,0.0,0,0.0,0.1,524,73.0,0,0,0.0,746.0,80.0,0,0,0.0,667.0,68.0,0.0,0.0,0.0,27606,0,24547,26,0.0,0.0,0.0,0.0,0.0,0.0,0.0,0.0,0.0,0.0,0.0,744.0,80.0,0.0,737.0,79.0,0.0,724.0,79.0,0.0,744.0,80.0,,,,32,,Harry,Gray,Gray,has joined Rotherham United on loan for the rest of the season.,,0,0,0,0,0,0,0,0,0,0,0,0,0,,,,0.0,0.0,0.0,0.0,0.0,0,0,0
368,a,,,3.8,814,95.0,0,0.0,-2,2.0,0.9,202,25.0,0,0,0.0,541.0,39.0,0,0,0.0,395.0,29.0,0.0,0.0,0.0,159929,335,67824,850,0.5,0.5,0.0,0.0,0.0,0.0,0.0,0.0,0.0,0.0,0.0,531.0,39.0,0.0,516.0,20.0,0.0,484.0,7.0,0.0,533.0,39.0,,,,32,,Ármin,Pécsi,Pécsi,,,0,0,0,0,0,0,0,0,0,0,0,0,0,,,,0.0,0.0,0.0,0.0,0.0,0,0,0
369,a,,,3.9,752,75.0,0,0.0,-1,1.0,0.2,397,56.0,0,0,0.0,551.0,47.0,0,0,0.0,406.0,37.0,0.0,0.0,0.0,22583,9,18244,30,0.5,0.5,0.0,0.0,0.0,0.0,0.0,0.0,0.0,0.0,0.0,541.0,47.0,0.0,528.0,30.0,0.0,496.0,17.0,0.0,543.0,47.0,,,,32,,Freddie,Woodman,Woodman,,,0,0,0,0,0,0,0,0,0,0,0,0,0,,,,0.0,0.0,0.0,0.0,0.0,0,0,0
370,a,100.0,100.0,5.7,115,10.0,0,0.0,-3,3.0,5.2,75,24.0,57,6,3.6,113.0,40.0,1,227,4.0,77.0,33.0,0.7,10.0,0.0,690995,2148,3380936,1858,4.5,4.5,0.43,1.41,1.84,8.9,0.05,0.16,0.21,0.98,118.0,356.0,136.0,214.0,170.0,43.0,139.0,217.0,56.0,47.2,278.0,89.0,,,,32,,Jeremie,Frimpong,Frimpong,,,815,0,5,5,9,0,0,0,1,0,0,10,32,,,,0.0,0.55,0.99,1.1,3.09,9,19,42
371,a,,,5.6,132,14.0,0,0.0,-4,4.0,3.1,109,41.0,79,0,2.8,228.0,92.0,4,335,2.3,168.0,65.0,0.4,14.1,0.0,373383,605,817325,2406,2.8,2.8,1.47,0.65,2.12,26.97,0.07,0.03,0.1,1.2,410.0,136.0,58.0,381.2,72.0,15.0,135.0,222.0,57.0,92.8,119.0,34.0,,,,32,,Milos,Kerkez,Kerkez,,,2026,2,1,6,31,0,0,0,4,0,0,25,151,,,,0.0,0.27,1.38,1.11,5.55,40,85,78
372,a,,,5.7,112,9.0,0,0.0,-3,3.0,1.0,191,73.0,43,6,2.1,330.0,119.0,4,174,3.0,136.0,54.0,0.5,7.5,0.0,62592,277,137732,165,3.5,3.5,0.68,1.05,1.72,11.26,0.07,0.11,0.18,1.19,168.6,307.0,117.0,255.5,138.0,35.0,97.0,266.0,75.0,52.3,260.0,84.0,,,,32,,Andrew,Robertson,Robertson,,,854,0,0,4,11,0,0,0,0,0,0,7,55,,,,0.0,0.42,1.16,0.74,4.74,11,34,32
373,a,,,6.3,63,2.0,0,0.0,3,-3.0,32.4,9,3.0,144,9,4.5,33.0,15.0,10,505,4.7,50.0,23.0,0.7,22.9,0.0,4732734,8922,3852006,28470,5.2,5.2,2.78,1.21,3.99,38.33,0.09,0.04,0.13,1.2,951.0,3.0,1.0,197.2,181.0,47.0,391.0,59.0,2.0,153.9,29.0,1.0,,,,32,,Virgil,van Dijk,Virgil,,,2880,3,1,10,42,0,0,0,4,0,0,32,329,,,,0.0,0.31,1.31,1.0,9.5,23,281,70
378,a,100.0,100.0,3.7,826,268.0,0,0.0,-3,3.0,1.0,192,74.0,0,0,0.0,526.0,186.0,0,0,0.0,373.0,131.0,0.0,0.0,0.0,229674,109,133442,972,0.5,0.5,0.0,0.0,0.0,0.0,0.0,0.0,0.0,0.0,0.0,516.0,185.0,0.0,499.0,184.0,0.0,466.0,178.0,0.0,518.0,185.0,,,,32,,Amara,Nallo,Nallo,,,0,0,0,0,0,0,0,0,0,0,0,0,0,,,,0.0,0.0,0.0,0.0,0.0,0,0,0
379,a,,,3.7,818,260.0,0,0.0,-3,3.0,0.6,249,94.0,0,0,0.0,522.0,182.0,0,0,0.0,367.0,125.0,0.0,0.0,0.0,99386,152,60826,519,0.5,0.5,0.0,0.0,0.0,0.0,0.0,0.0,0.0,0.0,0.0,512.0,181.0,0.0,494.0,179.0,0.0,460.0,172.0,0.0,514.0,181.0,,,,32,,Rhys,Williams,R.Williams,,,0,0,0,0,0,0,0,0,0,0,0,0,0,,,,0.0,0.0,0.0,0.0,0.0,0,0,0
380,a,,,3.7,820,262.0,0,0.0,-3,3.0,0.2,356,130.0,0,0,0.0,523.0,183.0,0,0,0.0,369.0,127.0,0.0,0.0,0.0,29446,309,32689,96,0.5,0.5,0.0,0.0,0.0,0.0,0.0,0.0,0.0,0.0,0.0,513.0,182.0,0.0,495.0,180.0,0.0,462.0,174.0,0.0,515.0,182.0,,,,32,,Calvin,Ramsay,Ramsay,,,0,0,0,0,0,0,0,0,0,0,0,0,0,,,,0.0,0.0,0.0,0.0,0.0,0,0,0
381,a,100.0,100.0,14.0,2,1.0,0,0.0,-5,5.0,14.0,21,8.0,105,8,4.6,28.0,12.0,7,332,3.0,138.0,51.0,0.2,7.5,0.0,1439013,1633,5996094,2361,3.5,3.5,7.37,4.79,12.16,27.63,0.35,0.23,0.58,1.3,445.8,119.0,39.0,672.9,14.0,14.0,712.0,13.0,5.0,183.1,15.0,11.0,2.0,4.0,1.0,32,,Mohamed,Salah,M.Salah,,,1907,6,6,7,32,0,0,0,1,0,0,20,92,,,,0.0,0.33,1.51,0.94,4.34,14,10,68
382,a,100.0,100.0,8.3,13,8.0,0,0.0,-2,2.0,9.1,39,13.0,111,6,4.0,65.0,30.0,16,465,3.7,97.0,36.0,0.4,13.4,0.0,2255866,3113,4832744,6695,4.2,4.2,5.97,4.61,10.57,27.12,0.26,0.2,0.46,1.18,461.6,109.0,36.0,804.2,7.0,7.0,591.0,25.0,11.0,185.6,14.0,10.0,4.0,5.0,,32,,Florian,Wirtz,Wirtz,,,2070,4,4,10,25,0,0,0,1,0,0,24,153,,,,0.0,0.43,1.09,1.04,6.65,31,22,100
383,u,0.0,0.0,8.0,16,11.0,0,0.0,0,0.0,0.0,608,232.0,0,0,0.0,825.0,370.0,0,0,0.0,824.0,370.0,0.0,0.0,0.0,0,0,7365,1,0.0,0.0,0.0,0.0,0.0,0.0,0.0,0.0,0.0,0.0,0.0,825.0,370.0,0.0,825.0,370.0,0.0,825.0,370.0,0.0,825.0,370.0,,,,32,,Luis,Díaz Marulanda,Luis Díaz,Has joined Bayern Munch permanently.,,0,0,0,0,0,0,0,0,0,0,0,0,0,,,,0.0,0.0,0.0,0.0,0.0,0,0,0
384,a,100.0,100.0,7.3,29,18.0,0,0.0,-2,2.0,5.7,68,23.0,112,6,3.7,105.0,48.0,5,394,3.7,96.0,35.0,0.5,15.3,0.0,3454147,571,3825695,4005,4.2,4.2,6.72,4.31,11.03,25.74,0.27,0.17,0.44,1.04,453.8,114.0,37.0,609.5,24.0,23.0,711.0,14.0,6.0,177.3,18.0,14.0,3.0,,3.0,32,,Cody,Gakpo,Gakpo,,,2234,6,4,10,29,0,0,0,2,0,0,26,132,,,,0.0,0.4,1.17,1.05,5.32,26,30,76
385,a,100.0,100.0,6.3,67,44.0,0,0.0,-2,2.0,0.3,340,116.0,34,0,1.5,416.0,182.0,0,125,0.3,363.0,170.0,0.0,5.4,0.0,56742,20,69755,24,0.8,0.8,1.36,0.61,1.97,5.41,0.44,0.2,0.64,1.76,119.8,351.0,159.0,46.9,359.0,187.0,147.0,206.0,115.0,31.1,340.0,166.0,,,,32,,Federico,Chiesa,Chiesa,,,277,2,1,0,7,0,0,0,3,0,0,1,29,,,,0.0,0.0,2.27,0.32,9.42,8,13,8
386,a,100.0,100.0,6.3,69,46.0,0,0.0,-2,2.0,2.3,130,42.0,86,1,2.8,230.0,92.0,6,399,3.3,116.0,45.0,0.5,13.7,0.0,371343,481,336998,7020,3.8,3.8,3.38,1.36,4.74,28.46,0.14,0.06,0.2,1.17,388.6,152.0,53.0,440.8,50.0,42.0,304.0,91.0,54.0,113.4,82.0,51.0,,,4.0,32,,Alexis,Mac Allister,Mac Allister,,,2198,2,3,7,31,0,0,0,5,0,0,26,191,,,,0.0,0.29,1.27,1.06,7.82,43,55,93
387,a,100.0,100.0,7.1,35,20.0,0,0.0,6,-6.0,13.4,23,9.0,128,5,4.3,45.0,19.0,17,628,6.3,18.0,5.0,0.9,18.0,0.0,3014876,10451,1669403,20611,6.8,6.8,3.84,5.23,9.07,36.33,0.13,0.17,0.3,1.21,700.6,29.0,6.0,1034.3,2.0,2.0,321.0,82.0,48.0,205.5,6.0,4.0,1.0,2.0,2.0,32,,Dominik,Szoboszlai,Szoboszlai,,,2692,5,3,9,41,0,0,1,7,1,0,30,300,,,,0.0,0.3,1.37,1.0,10.03,46,90,164
388,d,75.0,100.0,5.4,164,103.0,0,0.0,-1,1.0,0.1,466,161.0,55,1,2.0,345.0,150.0,3,312,2.7,147.0,54.0,0.5,10.2,0.0,29717,25,35150,110,2.4,3.2,1.49,2.37,3.86,22.14,0.1,0.15,0.25,1.44,259.4,237.0,100.0,336.6,89.0,66.0,185.0,167.0,93.0,78.1,166.0,86.0,,,,32,,Curtis,Jones,C.Jones,Groin Injury - 75% chance of playing,,1387,0,2,3,26,0,0,0,1,0,0,12,158,,,,0.0,0.19,1.69,0.78,10.25,29,29,100
390,a,100.0,100.0,5.5,144,90.0,0,0.0,0,0.0,4.6,84,27.0,125,1,4.2,48.0,20.0,14,587,2.0,183.0,73.0,0.4,22.7,0.0,2067491,653,1614155,10327,2.5,2.5,1.63,2.06,3.69,32.5,0.06,0.07,0.13,1.14,602.0,50.0,12.0,422.6,59.0,48.0,173.0,175.0,97.0,119.5,71.0,44.0,,,,32,,Ryan,Gravenberch,Gravenberch,,,2563,4,5,9,34,0,0,0,5,0,0,29,268,,,,0.0,0.32,1.19,1.02,9.41,52,100,116
392,i,0.0,0.0,4.9,292,181.0,0,0.0,-1,1.0,0.1,518,189.0,12,0,1.5,412.0,179.0,0,49,0.0,711.0,291.0,0.0,2.4,0.0,7381,2,15373,7,0.0,0.0,0.04,0.05,0.09,4.11,0.02,0.03,0.05,2.18,56.0,411.0,179.0,18.1,404.0,202.0,6.0,432.0,209.0,8.0,431.0,194.0,,,,32,,Endo,Wataru,Endo,Foot injury - Unknown return date,,170,0,1,1,5,0,0,0,1,0,0,1,23,,,,0.0,0.53,2.65,0.53,12.18,7,13,3
393,i,0.0,0.0,4.2,644,370.0,0,0.0,-3,3.0,0.1,502,181.0,0,0,0.0,646.0,243.0,0,0,0.0,521.0,171.0,0.0,0.0,0.0,16433,375,12675,210,0.0,0.0,0.0,0.0,0.0,0.0,0.0,0.0,0.0,0.0,0.0,638.0,234.0,0.0,632.0,239.0,0.0,606.0,225.0,0.0,640.0,236.0,,,,32,,Stefan,Bajčetić Maquieira,Bajcetic,Hamstring injury - Unknown return date,,0,0,0,0,0,0,0,0,0,0,0,0,0,,,,0.0,0.0,0.0,0.0,0.0,0,0,0
394,u,0.0,0.0,4.4,548,328.0,0,0.0,-1,1.0,0.0,684,276.0,0,0,0.0,676.0,260.0,0,0,0.0,576.0,194.0,0.0,0.0,0.0,1737,0,4111,2,0.0,0.0,0.0,0.0,0.0,0.0,0.0,0.0,0.0,0.0,0.0,668.0,252.0,0.0,664.0,256.0,0.0,643.0,246.0,0.0,670.0,254.0,,,,32,,James,McConnell,McConnell,has joined Ajax on loan for the rest of the season.,,0,0,0,0,0,0,0,0,0,0,0,0,0,,,,0.0,0.0,0.0,0.0,0.0,0,0,0
396,a,,,4.3,614,361.0,0,0.0,-2,2.0,0.3,321,112.0,5,1,1.0,470.0,205.0,0,9,0.7,283.0,128.0,0.2,1.2,0.0,98574,50,85156,102,1.2,1.2,0.37,0.01,0.38,0.41,2.38,0.06,2.44,2.64,2.4,492.0,227.0,12.7,418.0,208.0,4.0,436.0,213.0,1.8,472.0,214.0,,,,32,,Trey,Nyoni,Nyoni,,,14,0,0,0,1,0,0,0,0,0,0,0,2,,,,0.0,0.0,6.43,0.0,12.86,0,0,2
397,u,0.0,0.0,6.5,50,18.0,0,0.0,0,0.0,0.1,555,77.0,0,0,0.0,821.0,91.0,0,0,0.0,817.0,91.0,0.0,0.0,0.0,0,0,15974,1,0.0,0.0,0.0,0.0,0.0,0.0,0.0,0.0,0.0,0.0,0.0,821.0,91.0,0.0,821.0,91.0,0.0,821.0,91.0,0.0,821.0,91.0,,,,32,,Darwin,Núñez Ribeiro,Darwin,Has joined Al-Hilal permanently.,,0,0,0,0,0,0,0,0,0,0,0,0,0,,,,0.0,0.0,0.0,0.0,0.0,0,0,0
686,a,,,4.3,619,365.0,0,0.0,-2,2.0,0.9,203,70.0,31,11,2.2,309.0,134.0,3,147,5.0,38.0,13.0,1.2,7.2,0.0,277711,5045,196228,562,5.5,5.5,0.94,1.74,2.68,5.42,0.3,0.55,0.85,1.71,140.6,331.0,148.0,153.3,216.0,139.0,151.0,200.0,111.0,44.6,291.0,144.0,,,,32,,Rio,Ngumoha,Ngumoha,,,286,2,0,2,5,0,0,0,0,0,0,2,18,,,,0.0,0.63,1.57,0.63,5.66,2,4,12
692,i,0.0,0.0,4.9,345,57.0,0,0.0,-1,1.0,0.0,721,251.0,0,0,0.0,789.0,264.0,0,0,0.0,741.0,258.0,0.0,0.0,0.0,1933,3,2573,4,0.0,0.0,0.0,0.0,0.0,0.0,0.0,0.0,0.0,0.0,0.0,788.0,264.0,0.0,784.0,264.0,0.0,780.0,264.0,0.0,788.0,264.0,,,,32,,Giovanni,Leoni,Leoni,Knee injury - Expected back 01 Sep,,0,0,0,0,0,0,0,0,0,0,0,0,0,,,,0.0,0.0,0.0,0.0,0.0,0,0,0
746,a,,,4.5,492,303.0,0,0.0,0,0.0,0.0,746,315.0,0,0,0.0,745.0,312.0,0,0,0.0,665.0,259.0,0.0,0.0,0.0,1071,5,907,3,0.5,0.5,0.0,0.0,0.0,0.0,0.0,0.0,0.0,0.0,0.0,743.0,310.0,0.0,736.0,310.0,0.0,723.0,306.0,0.0,743.0,310.0,,,,32,,Kieran,Morrison,Morrison,,,0,0,0,0,0,0,0,0,0,0,0,0,0,,,,0.0,0.0,0.0,0.0,0.0,0,0,0
760,a,,,4.0,711,186.0,0,0.0,0,0.0,0.0,685,241.0,0,0,0.0,614.0,227.0,0,0,0.0,477.0,184.0,0.0,0.0,0.0,1204,9,1080,12,0.5,0.5,0.0,0.0,0.0,0.0,0.0,0.0,0.0,0.0,0.0,605.0,227.0,0.0,597.0,227.0,0.0,566.0,223.0,0.0,607.0,227.0,,,,32,,Wellity,Lucky,Lucky,,,0,0,0,0,0,0,0,0,0,0,0,0,0,,,,0.0,0.0,0.0,0.0,0.0,0,0,0
82,a,100.0,100.0,8.2,14,9.0,0,0.0,12,-12.0,56.3,2,1.0,176,2,5.9,5.0,2.0,17,580,2.0,195.0,82.0,0.2,21.5,0.0,12396306,46151,6785632,14649,4.5,2.0,10.22,2.36,12.58,41.79,0.34,0.08,0.42,1.4,805.6,9.0,2.0,513.8,36.0,33.0,892.0,3.0,1.0,221.0,4.0,2.0,,4.0,,32,,Antoine,Semenyo,Semenyo,,,2680,15,6,9,47,0,0,1,7,0,0,30,211,,,,0.0,0.3,1.58,1.01,7.09,40,41,130
182,a,,,4.5,430,23.0,0,0.0,-5,5.0,0.9,194,24.0,11,0,3.7,89.0,11.0,0,62,0.0,611.0,90.0,0.0,2.4,0.0,100630,110,274170,128,0.5,0.0,0.0,0.0,0.0,3.97,0.0,0.0,0.0,1.32,100.2,372.0,28.0,0.0,691.0,87.0,0.0,674.0,77.0,10.1,422.0,28.0,,,,32,,James,Trafford,Trafford,,,270,0,0,1,4,0,0,0,0,0,11,3,41,,,,3.67,0.33,1.33,1.0,0.0,2,6,33
260,a,100.0,100.0,5.1,226,31.0,0,0.0,6,-6.0,33.3,8,2.0,150,15,5.2,9.0,2.0,12,564,8.5,3.0,3.0,1.7,29.4,0.0,6208630,35214,3741926,14180,17.5,8.5,3.74,2.14,5.88,36.67,0.13,0.07,0.2,1.26,757.4,13.0,5.0,240.1,152.0,38.0,363.0,67.0,3.0,136.1,45.0,5.0,,,,32,,Marc,Guéhi,Guéhi,,,2610,3,4,11,30,0,0,0,5,0,0,29,270,,,,0.0,0.38,1.03,1.0,8.1,40,195,120
399,u,0.0,0.0,5.3,182,5.0,0,0.0,-2,2.0,0.8,211,27.0,0,0,0.0,803.0,95.0,0,0,0.0,774.0,95.0,0.0,0.0,0.0,15200,0,273612,31,0.0,0.0,0.0,0.0,0.0,0.0,0.0,0.0,0.0,0.0,0.0,802.0,95.0,0.0,801.0,94.0,0.0,798.0,92.0,0.0,802.0,95.0,,,,32,,Ederson,Santana de Moraes,Ederson M.,has joined Fenerbache permanently.,,0,0,0,0,0,0,0,0,0,0,0,0,0,,,,0.0,0.0,0.0,0.0,0.0,0,0,0
401,a,100.0,100.0,3.8,791,93.0,0,0.0,-2,2.0,0.4,278,36.0,0,0,0.0,529.0,38.0,0,0,0.0,377.0,27.0,0.0,0.0,0.0,67860,88,43952,927,0.5,0.0,0.0,0.0,0.0,0.0,0.0,0.0,0.0,0.0,0.0,519.0,38.0,0.0,502.0,18.0,0.0,469.0,5.0,0.0,521.0,38.0,,,,32,,Marcus,Bettinelli,Bettinelli,,,0,0,0,0,0,0,0,0,0,0,0,0,0,,,,0.0,0.0,0.0,0.0,0.0,0,0,0
402,a,100.0,100.0,5.7,116,11.0,0,0.0,-3,3.0,4.3,90,29.0,45,1,3.2,179.0,69.0,7,184,1.0,269.0,91.0,0.2,7.9,0.0,645822,2218,2441854,3281,2.5,1.0,0.41,1.64,2.05,10.69,0.05,0.18,0.23,1.2,176.0,300.0,115.0,153.4,215.0,56.0,57.0,328.0,104.0,38.6,311.0,105.0,,,,32,,Rayan,Aït-Nouri,Aït-Nouri,,,804,0,2,3,8,0,0,0,2,0,0,10,69,,,,0.0,0.34,0.9,1.12,6.83,30,31,42
403,i,0.0,0.0,5.9,101,6.0,0,0.0,-1,1.0,3.2,107,39.0,77,0,4.8,21.0,8.0,5,291,0.0,809.0,267.0,0.0,13.1,0.0,1374590,29,2193320,605,0.0,0.0,2.19,0.64,2.83,15.29,0.15,0.04,0.19,1.06,354.6,174.0,73.0,104.7,274.0,82.0,193.0,158.0,33.0,65.3,210.0,72.0,,,,32,,Joško,Gvardiol,Gvardiol,Leg injury - Unknown return date,,1301,2,2,6,13,0,0,0,2,0,0,15,115,,,,0.0,0.42,0.9,1.04,6.85,17,82,48
404,u,0.0,0.0,5.4,165,19.0,0,0.0,-1,1.0,0.3,349,128.0,0,0,0.0,806.0,267.0,0,0,0.0,784.0,264.0,0.0,0.0,0.0,9281,0,85641,10,0.0,0.0,0.0,0.0,0.0,0.0,0.0,0.0,0.0,0.0,0.0,805.0,267.0,0.0,804.0,267.0,0.0,802.0,267.0,0.0,805.0,267.0,,,,32,,Manuel,Akanji,Akanji,has joined Inter Milan on loan for the rest of the season.,,0,0,0,0,0,0,0,0,0,0,0,0,0,,,,0.0,0.0,0.0,0.0,0.0,0,0,0
405,a,,,5.2,203,27.0,0,0.0,-3,3.0,0.6,241,91.0,27,0,1.9,358.0,133.0,1,114,0.0,768.0,262.0,0.0,5.2,0.0,46326,166,87850,109,0.5,0.0,0.28,0.44,0.72,7.92,0.05,0.08,0.13,1.46,102.0,369.0,141.0,93.1,290.0,89.0,25.0,378.0,131.0,22.1,373.0,130.0,,,,32,,Nathan,Aké,Aké,,,487,0,0,2,7,0,0,0,1,0,0,4,41,,,,0.0,0.37,1.29,0.74,7.02,9,29,12
406,a,100.0,100.0,5.4,181,22.0,0,0.0,-1,1.0,0.4,276,103.0,41,6,2.6,260.0,99.0,0,199,4.0,76.0,32.0,0.7,7.6,0.0,65345,2855,78031,338,8.5,4.0,0.46,0.16,0.62,13.22,0.04,0.01,0.05,1.22,193.2,286.0,112.0,71.5,315.0,105.0,11.0,412.0,152.0,27.7,353.0,121.0,,,,32,,Abdukodir,Khusanov,Khusanov,,,977,0,0,4,8,0,0,0,2,0,0,10,94,,,,0.0,0.37,0.74,0.92,7.83,21,64,49
407,a,100.0,100.0,5.3,195,23.0,0,0.0,-2,2.0,3.0,112,44.0,134,6,4.8,20.0,7.0,16,574,4.0,75.0,31.0,0.8,25.3,0.0,982880,7436,686995,3332,8.5,4.0,0.34,1.9,2.24,27.25,0.01,0.07,0.08,1.04,582.0,53.0,25.0,462.8,45.0,6.0,113.0,243.0,65.0,116.1,77.0,16.0,,,4.0,32,,Matheus,Nunes,Matheus N.,,,2354,1,7,10,23,0,0,0,4,0,0,26,201,,,,0.0,0.38,0.88,0.99,6.23,48,115,137
408,i,0.0,0.0,5.5,136,15.0,0,0.0,0,0.0,3.3,104,38.0,112,0,4.5,32.0,14.0,4,447,0.0,795.0,266.0,0.0,20.4,0.0,954601,22,1080727,4026,0.0,0.0,0.57,0.63,1.2,24.3,0.03,0.03,0.06,1.07,549.2,66.0,32.0,139.5,232.0,61.0,96.0,268.0,76.0,78.6,163.0,53.0,,,,32,,Rúben,dos Santos Gato Alves Dias,Rúben,Hamstring injury - Unknown return date,,2049,2,0,12,20,0,0,0,3,0,0,23,188,,,,0.0,0.53,0.88,1.01,7.2,13,151,71
409,d,75.0,75.0,5.4,154,17.0,0,0.0,-1,1.0,0.6,251,95.0,12,0,1.7,394.0,146.0,0,45,0.0,779.0,263.0,0.0,2.2,0.0,51958,13,110778,97,0.4,0.0,0.0,0.06,0.06,5.05,0.0,0.02,0.02,1.29,76.6,394.0,149.0,19.6,399.0,145.0,2.0,457.0,170.0,9.8,424.0,152.0,,,,32,,John,Stones,Stones,Calf injury - 75% chance of playing,,351,0,0,1,8,0,0,0,0,0,0,4,34,,,,0.0,0.26,2.05,1.03,4.87,0,19,17
410,a,100.0,100.0,4.6,404,72.0,0,0.0,-4,4.0,1.2,178,69.0,19,0,1.9,352.0,131.0,2,75,0.0,690.0,250.0,0.0,4.1,0.0,370628,152,465544,223,0.5,0.0,0.11,1.31,1.42,5.04,0.03,0.38,0.41,1.46,67.4,400.0,151.0,97.3,279.0,85.0,43.0,343.0,112.0,20.7,381.0,134.0,,,,32,,Rico,Lewis,Lewis,,,311,0,1,1,5,0,0,0,1,0,0,3,23,,,,0.0,0.29,1.45,0.87,5.5,5,14,10
411,d,75.0,100.0,5.0,261,40.0,0,0.0,0,0.0,13.2,25,9.0,139,14,4.8,19.0,6.0,8,486,8.0,6.0,4.0,1.6,27.8,0.0,3376695,80550,1776148,4854,12.4,8.0,4.37,2.05,6.42,27.74,0.18,0.08,0.26,1.14,569.0,61.0,29.0,364.0,77.0,16.0,431.0,47.0,1.0,136.5,44.0,4.0,,,,32,,Nico,O'Reilly,O'Reilly,Muscle injury - 75% chance of playing,,2193,5,3,12,20,0,0,0,4,0,0,24,168,,,,0.0,0.49,0.82,0.98,5.99,64,82,83
412,u,0.0,0.0,5.0,282,43.0,0,0.0,0,0.0,0.0,788,263.0,0,0,0.0,802.0,266.0,0,0,0.0,759.0,260.0,0.0,0.0,0.0,0,0,855,0,0.0,0.0,0.0,0.0,0.0,0.0,0.0,0.0,0.0,0.0,0.0,801.0,266.0,0.0,799.0,266.0,0.0,794.0,266.0,0.0,801.0,266.0,,,,32,,Vitor,de Oliveira Nunes dos Reis,Vitor Reis,Has joined Girona on loan for the rest of the season.,,0,0,0,0,0,0,0,0,0,0,0,0,0,,,,0.0,0.0,0.0,0.0,0.0,0,0,0
415,a,100.0,100.0,6.9,41,25.0,0,0.0,-1,1.0,0.4,286,100.0,28,1,1.6,408.0,177.0,0,94,0.5,330.0,151.0,0.1,4.1,0.0,35272,106,114626,67,1.5,0.5,1.77,1.22,2.99,7.22,0.28,0.19,0.47,1.13,83.2,385.0,171.0,144.2,229.0,147.0,236.0,119.0,71.0,46.3,283.0,142.0,,,,32,,Sávio,Moreira de Oliveira,Savinho,,,575,0,2,2,5,0,0,0,2,0,0,5,46,,,,0.0,0.31,0.78,0.78,7.2,6,9,31
416,a,100.0,100.0,6.2,73,48.0,0,0.0,-3,3.0,0.7,226,81.0,84,3,2.7,242.0,98.0,4,432,6.0,26.0,6.0,1.0,13.5,0.0,113855,3472,140545,542,12.5,6.0,1.88,3.44,5.31,28.62,0.07,0.13,0.2,1.11,420.8,128.0,42.0,620.7,19.0,18.0,256.0,106.0,65.0,129.9,55.0,36.0,1.0,,,32,,Bernardo,Mota Veiga de Carvalho e Silva,Bernardo,,,2322,2,4,10,24,0,0,0,9,0,0,27,201,,,,0.0,0.39,0.93,1.05,7.79,36,51,114
418,a,100.0,100.0,6.4,57,36.0,0,0.0,-1,1.0,2.4,125,40.0,82,8,3.6,115.0,53.0,9,348,4.5,54.0,21.0,0.7,12.8,0.0,2141543,5354,2094172,516,9.5,4.5,2.01,4.73,6.74,16.28,0.14,0.33,0.47,1.13,350.4,178.0,68.0,620.0,20.0,19.0,426.0,49.0,29.0,139.5,42.0,30.0,,,3.0,32,,Jérémy,Doku,Doku,,,1297,2,7,6,13,0,0,0,0,0,0,14,92,,,,0.0,0.42,0.9,0.97,6.38,17,10,65
421,a,100.0,100.0,6.3,66,43.0,0,0.0,-2,2.0,0.5,256,90.0,60,3,3.2,180.0,75.0,5,305,3.5,102.0,38.0,0.6,9.5,0.0,70720,587,105939,279,7.5,3.5,0.75,2.18,2.93,17.25,0.05,0.15,0.2,1.16,320.6,195.0,80.0,383.3,70.0,54.0,100.0,262.0,144.0,80.5,156.0,82.0,,,,32,,Rodrigo 'Rodri',Hernandez Cascante,Rodrigo,,,1333,1,0,5,13,0,0,0,2,0,0,15,183,,,,0.0,0.34,0.88,1.01,12.36,37,50,96
422,a,100.0,100.0,5.8,103,67.0,0,0.0,-2,2.0,0.0,679,273.0,2,1,1.0,506.0,236.0,0,7,0.5,326.0,149.0,0.1,0.3,0.0,2572,18,3436,10,1.5,0.5,0.0,0.03,0.03,0.62,0.0,0.21,0.21,4.29,4.4,481.0,219.0,3.6,453.0,218.0,0.0,813.0,362.0,0.8,490.0,225.0,,,,32,,Mateo,Kovačić,Kovačić,,,13,0,0,0,0,0,0,0,0,0,0,0,0,,,,0.0,0.0,0.0,0.0,0.0,0,0,0
423,a,100.0,100.0,5.9,98,64.0,0,0.0,-1,1.0,0.1,479,167.0,55,0,2.6,262.0,109.0,1,289,0.0,806.0,357.0,0.0,9.3,0.0,28142,20,31494,28,0.5,0.0,0.56,1.0,1.56,16.77,0.04,0.07,0.11,1.1,278.6,219.0,91.0,185.6,191.0,125.0,64.0,310.0,165.0,52.8,259.0,130.0,,,,32,,Nico,González Iglesias,N.Gonzalez,,,1370,1,0,7,14,0,0,0,6,0,0,15,182,,,,0.0,0.46,0.92,0.99,11.96,36,67,79
425,u,0.0,0.0,5.4,180,113.0,0,0.0,-1,1.0,0.0,748,316.0,0,0,0.0,812.0,361.0,0,0,0.0,793.0,349.0,0.0,0.0,0.0,194,0,3236,0,0.0,0.0,0.0,0.0,0.0,0.0,0.0,0.0,0.0,0.0,0.0,811.0,360.0,0.0,810.0,360.0,0.0,808.0,359.0,0.0,811.0,360.0,,,,32,,Claudio,Echeverri,Echeverri,has joined Girona on loan for the rest of the season.,,0,0,0,0,0,0,0,0,0,0,0,0,0,,,,0.0,0.0,0.0,0.0,0.0,0,0,0
427,a,,,5.0,257,156.0,0,0.0,-5,5.0,9.3,37,12.0,86,0,3.3,158.0,64.0,6,325,0.5,322.0,147.0,0.1,17.2,0.0,3557804,554,4992584,2467,1.5,0.5,3.96,2.27,6.23,17.28,0.24,0.14,0.38,1.05,339.4,187.0,75.0,340.0,87.0,64.0,394.0,58.0,35.0,106.5,89.0,53.0,4.0,3.0,,32,,Tijjani,Reijnders,Reijnders,,,1488,5,2,7,16,0,0,0,2,0,0,17,95,,,,0.0,0.42,0.97,1.03,5.75,10,31,54
429,u,0.0,0.0,4.7,377,236.0,0,0.0,-3,3.0,0.1,562,207.0,0,0,0.0,765.0,328.0,0,0,0.0,693.0,280.0,0.0,0.0,0.0,4052,0,8510,7,0.0,0.0,0.0,0.0,0.0,0.0,0.0,0.0,0.0,0.0,0.0,764.0,327.0,0.0,759.0,327.0,0.0,748.0,324.0,0.0,764.0,327.0,,,,32,,Kalvin,Phillips,Phillips,has joined Sheffield United on loan for the rest of the season.,,0,0,0,0,0,0,0,0,0,0,0,0,0,,,,0.0,0.0,0.0,0.0,0.0,0,0,0
430,a,100.0,100.0,14.4,1,1.0,0,0.0,4,-4.0,58.4,1,1.0,199,2,6.6,4.0,1.0,35,791,2.0,196.0,25.0,0.1,13.8,0.0,7410718,76218,3811568,6663,4.5,2.0,21.46,1.95,23.41,31.37,0.77,0.07,0.84,1.13,980.0,2.0,1.0,267.5,132.0,8.0,1254.0,1.0,1.0,250.3,2.0,1.0,,,1.0,32,,Erling,Haaland,Haaland,,,2503,22,7,11,27,0,0,1,1,0,0,29,91,,,,0.0,0.4,0.97,1.04,3.27,15,42,34
736,a,,,5.6,125,3.0,0,0.0,1,-1.0,9.2,38,6.0,111,7,4.0,63.0,7.0,3,477,4.5,53.0,3.0,0.8,19.8,0.0,2165645,14065,1387174,5599,9.5,4.5,0.0,0.0,0.0,30.59,0.0,0.0,0.0,1.09,570.2,60.0,13.0,0.0,814.0,95.0,0.0,812.0,94.0,57.2,245.0,13.0,,,,32,,Gianluigi,Donnarumma,Donnarumma,,,2520,0,0,12,24,0,1,0,6,0,67,28,55,,,,2.39,0.43,0.86,1.0,0.0,0,37,191
739,u,0.0,0.0,4.4,568,342.0,0,0.0,-1,1.0,0.0,694,282.0,2,0,1.0,476.0,211.0,0,5,0.0,593.0,206.0,0.0,0.5,0.0,3500,0,3309,9,0.0,0.0,0.0,0.21,0.21,0.34,0.0,0.76,0.76,1.22,4.2,482.0,220.0,28.3,386.0,194.0,4.0,437.0,214.0,3.7,460.0,208.0,,,,32,,Divine,Mukasa,Mukasa,has joined Leicester City on loan for the rest of the season.,,25,0,0,0,0,0,0,0,0,0,0,0,1,,,,0.0,0.0,0.0,0.0,3.6,0,0,1
740,u,0.0,0.0,3.9,781,228.0,0,0.0,-1,1.0,0.0,622,222.0,0,0,0.0,572.0,207.0,0,0,0.0,429.0,161.0,0.0,0.0,0.0,3208,0,3945,9,0.0,0.0,0.0,0.0,0.0,0.0,0.0,0.0,0.0,0.0,0.0,562.0,206.0,0.0,550.0,206.0,0.0,518.0,201.0,0.0,564.0,206.0,,,,32,,Stephen,Mfuni,Mfuni,has joined Watford on loan for the rest of the season.,,0,0,0,0,0,0,0,0,0,0,0,0,0,,,,0.0,0.0,0.0,0.0,0.0,0,0,0
763,a,,,4.5,456,274.0,0,0.0,0,0.0,0.0,783,340.0,0,0,0.0,719.0,291.0,0,0,0.0,632.0,232.0,0.0,0.0,0.0,471,4,359,7,0.5,0.0,0.0,0.0,0.0,0.0,0.0,0.0,0.0,0.0,0.0,714.0,286.0,0.0,709.0,288.0,0.0,693.0,281.0,0.0,715.0,287.0,,,,32,,Charlie,Gray,Gray,,,0,0,0,0,0,0,0,0,0,0,0,0,0,,,,0.0,0.0,0.0,0.0,0.0,0,0,0
764,a,,,4.5,486,298.0,0,0.0,0,0.0,0.0,794,349.0,0,0,0.0,739.0,307.0,0,0,0.0,659.0,254.0,0.0,0.0,0.0,271,4,206,4,0.5,0.0,0.0,0.0,0.0,0.0,0.0,0.0,0.0,0.0,0.0,737.0,305.0,0.0,730.0,305.0,0.0,717.0,301.0,0.0,737.0,305.0,,,,32,,Reigan,Heskey,Heskey,,,0,0,0,0,0,0,0,0,0,0,0,0,0,,,,0.0,0.0,0.0,0.0,0.0,0,0,0
794,a,100.0,100.0,3.9,774,225.0,0,0.0,-6,6.0,0.0,744,256.0,5,0,2.5,265.0,101.0,0,27,0.0,422.0,158.0,0.0,1.3,0.0,5285,8,4802,17,0.5,0.0,0.26,0.06,0.32,1.54,0.17,0.04,0.21,1.03,34.0,434.0,161.0,14.8,409.0,148.0,26.0,374.0,128.0,7.5,434.0,156.0,,,,32,,Max,Alleyne,Alleyne,,,135,0,0,0,1,0,0,0,0,0,0,2,11,,,,0.0,0.0,0.67,1.33,7.33,3,8,4
119,a,100.0,100.0,8.5,11,6.0,-1,1.0,5,-5.0,20.7,17,6.0,122,0,4.7,25.0,10.0,15,448,1.3,234.0,103.0,0.2,14.4,0.0,7244859,3957,6423252,37430,1.3,1.8,7.97,4.27,12.24,29.66,0.33,0.18,0.51,1.22,544.2,67.0,18.0,692.8,13.0,13.0,742.0,9.0,4.0,197.9,12.0,8.0,2.0,2.0,,32,,Bryan,Mbeumo,Mbeumo,,,2191,9,3,5,33,0,0,0,4,0,0,26,118,,,,0.0,0.21,1.36,1.07,4.85,23,20,75
431,a,,,4.7,388,18.0,0,0.0,-3,3.0,0.3,316,43.0,11,0,1.8,375.0,34.0,0,49,0.0,695.0,92.0,0.0,2.3,0.0,37840,47,63359,48,0.0,0.5,0.0,0.05,0.05,9.24,0.0,0.01,0.01,1.54,118.4,353.0,27.0,10.0,432.0,11.0,0.0,751.0,83.0,12.8,409.0,26.0,,,,32,,Altay,Bayındır,Bayindir,,,540,0,0,0,11,0,0,0,0,0,13,6,46,,,,2.17,0.0,1.83,1.0,0.0,0,7,39
432,u,0.0,0.0,4.9,300,11.0,0,0.0,-1,1.0,0.1,427,62.0,0,0,0.0,775.0,94.0,0,0,0.0,715.0,93.0,0.0,0.0,0.0,5156,0,26604,4,0.0,0.0,0.0,0.0,0.0,0.0,0.0,0.0,0.0,0.0,0.0,774.0,94.0,0.0,770.0,91.0,0.0,766.0,89.0,0.0,774.0,94.0,,,,32,,André,Onana,Onana,has joined Trabzonspor on loan for the rest of the season.,,0,0,0,0,0,0,0,0,0,0,0,0,0,,,,0.0,0.0,0.0,0.0,0.0,0,0,0
433,u,0.0,0.0,4.0,724,65.0,0,0.0,0,0.0,0.0,811,94.0,0,0,0.0,626.0,86.0,0,0,0.0,490.0,78.0,0.0,0.0,0.0,0,0,252,0,0.0,0.0,0.0,0.0,0.0,0.0,0.0,0.0,0.0,0.0,0.0,617.0,86.0,0.0,609.0,74.0,0.0,579.0,61.0,0.0,619.0,86.0,,,,32,,Elyh,Harrison,Harrison,On loan to Shrewsbury Town,,0,0,0,0,0,0,0,0,0,0,0,0,0,,,,0.0,0.0,0.0,0.0,0.0,0,0,0
434,a,,,3.8,788,92.0,0,0.0,-2,2.0,0.3,313,42.0,0,0,0.0,527.0,37.0,0,0,0.0,374.0,26.0,0.0,0.0,0.0,25279,1169,26861,226,0.0,0.5,0.0,0.0,0.0,0.0,0.0,0.0,0.0,0.0,0.0,517.0,37.0,0.0,500.0,17.0,0.0,467.0,4.0,0.0,519.0,37.0,,,,32,,Tom,Heaton,Heaton,,,0,0,0,0,0,0,0,0,0,0,0,0,0,,,,0.0,0.0,0.0,0.0,0.0,0,0,0
435,a,,,3.9,765,81.0,0,0.0,-1,1.0,0.1,491,73.0,0,0,0.0,559.0,53.0,0,0,0.0,415.0,43.0,0.0,0.0,0.0,5565,10,9049,21,0.0,0.5,0.0,0.0,0.0,0.0,0.0,0.0,0.0,0.0,0.0,549.0,53.0,0.0,536.0,36.0,0.0,504.0,23.0,0.0,551.0,53.0,,,,32,,Dermot,Mee,Mee,,,0,0,0,0,0,0,0,0,0,0,0,0,0,,,,0.0,0.0,0.0,0.0,0.0,0,0,0
436,i,0.0,0.0,4.9,305,48.0,0,0.0,-1,1.0,1.8,147,57.0,43,0,3.3,156.0,62.0,5,169,0.0,718.0,255.0,0.0,8.8,0.0,419750,7,550499,198,0.0,0.0,1.38,0.83,2.21,18.73,0.11,0.06,0.17,1.44,276.6,221.0,88.0,60.2,336.0,114.0,122.0,235.0,61.0,45.7,286.0,94.0,,,,32,,Matthijs,de Ligt,De Ligt,Back injury - Unknown return date,,1170,1,0,1,20,0,0,0,0,0,0,13,139,,,,0.0,0.08,1.54,1.0,8.23,19,88,40
437,d,75.0,75.0,4.8,357,60.0,0,0.0,-2,2.0,0.5,272,102.0,39,0,2.8,219.0,89.0,3,165,0.0,702.0,253.0,0.0,8.1,0.0,169877,50,147595,682,0.0,0.4,0.06,0.5,0.56,9.34,0.01,0.05,0.06,0.93,220.2,265.0,107.0,78.3,307.0,99.0,10.0,416.0,156.0,31.0,341.0,115.0,,,,32,,Lisandro,Martínez,Martinez,Lack of match fitness - 75% chance of playing,,904,0,0,3,11,1,0,0,0,0,0,9,75,,,,0.0,0.3,1.1,0.9,7.47,12,63,52
438,a,100.0,100.0,4.9,312,51.0,0,0.0,-1,1.0,0.2,366,134.0,28,0,1.9,354.0,132.0,3,135,0.0,721.0,256.0,0.0,5.7,0.0,37412,99,57035,95,0.0,0.5,0.17,0.28,0.44,6.96,0.03,0.04,0.07,1.03,133.8,338.0,128.0,65.9,324.0,108.0,30.0,370.0,125.0,22.8,370.0,128.0,,,,32,,Noussair,Mazraoui,Mazraoui,,,610,0,0,2,7,0,0,0,3,0,0,7,70,,,,0.0,0.3,1.03,1.03,8.56,16,42,30
439,a,,,4.1,660,161.0,0,0.0,-4,4.0,0.1,568,203.0,0,0,0.0,641.0,250.0,0,0,0.0,511.0,214.0,0.0,0.0,0.0,3474,9,8708,8,0.0,0.5,0.0,0.0,0.0,0.0,0.0,0.0,0.0,0.0,0.0,632.0,250.0,0.0,625.0,250.0,0.0,596.0,248.0,0.0,634.0,250.0,,,,32,,Diego,León Blanco,D.Leon,,,0,0,0,0,0,0,0,0,0,0,0,0,0,,,,0.0,0.0,0.0,0.0,0.0,0,0,0
440,a,100.0,100.0,4.6,400,70.0,0,0.0,1,-1.0,4.8,80,27.0,98,0,3.4,142.0,53.0,9,360,1.0,243.0,86.0,0.2,21.3,0.0,1121778,812,750032,9511,1.0,1.5,1.55,2.38,3.93,30.45,0.06,0.1,0.16,1.23,463.8,105.0,46.0,419.9,61.0,10.0,185.0,166.0,35.0,106.9,87.0,20.0,,,,32,,Diogo,Dalot Teixeira,Dalot,,,2229,1,6,6,35,0,0,0,5,0,0,25,168,,,,0.0,0.24,1.41,1.01,5.94,40,107,114
441,i,0.0,0.0,4.1,658,159.0,0,0.0,-4,4.0,2.6,119,47.0,74,0,3.4,135.0,47.0,8,261,0.0,510.0,213.0,0.0,18.0,0.0,1774301,121,2201067,3609,0.0,0.0,1.86,1.42,3.28,18.78,0.13,0.1,0.23,1.27,402.4,139.0,61.0,354.1,81.0,19.0,262.0,102.0,11.0,101.9,96.0,26.0,,,,32,,Patrick,Dorgu,Dorgu,Hamstring injury - Unknown return date,,1329,3,3,3,20,0,0,0,5,0,0,14,117,,,,0.0,0.2,1.35,0.95,6.43,47,48,72
442,a,100.0,0.0,4.4,522,101.0,0,0.0,-1,1.0,1.4,163,63.0,63,0,3.5,120.0,42.0,3,204,0.3,346.0,123.0,0.1,14.3,0.0,314582,576,242683,2596,0.3,0.0,0.81,0.19,1.0,16.71,0.06,0.01,0.07,1.25,246.0,246.0,96.0,38.2,370.0,133.0,116.0,239.0,63.0,40.3,308.0,104.0,,,,32,,Harry,Maguire,Maguire,,,1199,1,1,5,15,0,0,0,3,1,0,14,109,,,,0.0,0.38,1.13,1.05,7.36,12,86,45
448,a,,,3.7,819,261.0,0,0.0,-3,3.0,0.4,283,106.0,2,0,1.0,450.0,161.0,0,2,0.0,368.0,126.0,0.0,0.5,0.0,58495,1168,59980,196,0.0,0.5,0.0,0.0,0.0,0.35,0.0,0.0,0.0,4.5,3.6,486.0,173.0,0.5,475.0,173.0,0.0,461.0,173.0,0.4,497.0,174.0,,,,32,,Tyrell,Malacia,Malacia,,,7,0,0,0,1,0,0,0,0,0,0,0,2,,,,0.0,0.0,12.86,0.0,25.71,1,1,2
449,a,100.0,100.0,10.3,4,3.0,0,0.0,13,-13.0,45.4,4,2.0,189,0,6.8,3.0,1.0,36,795,7.7,9.0,3.0,0.7,18.3,0.0,8577055,16326,5502891,18604,7.7,8.2,10.32,9.03,19.35,34.24,0.38,0.33,0.71,1.27,1030.4,1.0,1.0,1467.1,1.0,1.0,510.0,34.0,18.0,301.0,1.0,1.0,1.0,1.0,1.0,32,,Bruno,Borges Fernandes,B.Fernandes,,,2435,8,17,4,39,0,0,2,3,0,0,28,242,,,,0.0,0.15,1.44,1.03,8.94,45,59,138
450,a,100.0,100.0,8.0,17,12.0,0,0.0,0,0.0,8.5,41,14.0,117,0,4.2,56.0,25.0,12,472,4.7,51.0,19.0,0.6,14.6,0.0,3275658,5285,3226930,10507,4.7,5.2,5.8,2.65,8.45,28.13,0.25,0.12,0.37,1.22,530.0,76.0,22.0,424.0,57.0,46.0,629.0,24.0,10.0,158.5,25.0,21.0,,,,32,,Matheus,Santos Carneiro da Cunha,Cunha,,,2068,7,4,6,29,0,0,0,1,0,0,24,174,,,,0.0,0.26,1.26,1.04,7.57,33,36,105
451,u,0.0,0.0,7.0,36,21.0,0,0.0,0,0.0,0.0,713,292.0,0,0,0.0,824.0,369.0,0,0,0.0,822.0,368.0,0.0,0.0,0.0,0,0,2149,0,0.0,0.0,0.0,0.0,0.0,0.0,0.0,0.0,0.0,0.0,0.0,824.0,369.0,0.0,824.0,369.0,0.0,824.0,369.0,0.0,824.0,369.0,,,,32,,Marcus,Rashford,Rashford,Has joined Barcelona on loan for the rest of the season,,0,0,0,0,0,0,0,0,0,0,0,0,0,,,,0.0,0.0,0.0,0.0,0.0,0,0,0
452,a,100.0,100.0,6.2,78,51.0,0,0.0,-3,3.0,1.4,162,56.0,74,0,3.0,196.0,80.0,6,400,1.3,230.0,99.0,0.2,11.9,0.0,438914,366,615462,1287,1.3,1.8,4.57,3.51,8.08,24.28,0.21,0.16,0.37,1.14,381.2,156.0,56.0,538.2,33.0,30.0,487.0,36.0,20.0,140.8,40.0,28.0,3.0,,,32,,Amad,Diallo,Amad,,,1916,2,4,4,27,0,0,0,2,0,0,22,172,,,,0.0,0.19,1.27,1.03,8.08,33,40,99
454,u,0.0,0.0,5.9,99,65.0,0,0.0,-1,1.0,0.1,572,213.0,0,0,0.0,817.0,365.0,0,0,0.0,807.0,358.0,0.0,0.0,0.0,1511,0,10736,2,0.0,0.0,0.0,0.0,0.0,0.0,0.0,0.0,0.0,0.0,0.0,817.0,365.0,0.0,817.0,365.0,0.0,816.0,365.0,0.0,817.0,365.0,,,,32,,Antony,dos Santos,Antony,has joined Real Betis permanently.,,0,0,0,0,0,0,0,0,0,0,0,0,0,,,,0.0,0.0,0.0,0.0,0.0,0,0,0
455,a,100.0,100.0,5.9,95,61.0,0,0.0,-1,1.0,0.3,336,115.0,47,0,2.6,261.0,108.0,3,167,0.3,362.0,169.0,0.1,8.0,0.0,184148,32,199189,44,0.3,0.8,1.54,1.4,2.94,10.3,0.17,0.15,0.32,1.14,162.4,312.0,140.0,198.8,180.0,119.0,158.0,188.0,104.0,51.9,263.0,133.0,,,,32,,Mason,Mount,Mount,,,813,3,0,3,14,0,0,0,0,0,0,10,63,,,,0.0,0.33,1.55,1.11,6.97,14,7,42
457,a,100.0,100.0,5.7,111,71.0,0,0.0,2,-2.0,3.2,106,35.0,134,0,4.6,27.0,11.0,15,511,2.3,169.0,66.0,0.4,23.5,0.0,796284,2717,438509,6906,2.3,2.8,4.66,2.92,7.58,23.89,0.2,0.12,0.32,1.01,676.4,35.0,9.0,431.2,55.0,45.0,470.0,38.0,21.0,158.0,26.0,22.0,,,,32,,Carlos Henrique,Casimiro,Casemiro,,,2135,7,4,8,25,0,0,0,8,1,0,28,274,,,,0.0,0.34,1.05,1.18,11.55,70,89,115
458,a,100.0,100.0,4.7,393,244.0,1,-1.0,-3,3.0,1.2,176,60.0,45,0,2.0,340.0,145.0,0,215,2.0,176.0,68.0,0.4,9.6,0.0,234168,689,179201,2162,2.0,2.5,0.24,0.83,1.07,15.07,0.02,0.07,0.09,1.22,230.2,257.0,108.0,286.4,122.0,85.0,55.0,330.0,173.0,57.3,243.0,119.0,,,,32,,Kobbie,Mainoo,Mainoo,,,1113,0,2,3,17,0,0,0,0,0,0,10,120,,,,0.0,0.24,1.37,0.81,9.7,26,31,63
463,u,0.0,0.0,4.3,620,366.0,0,0.0,-2,2.0,0.1,527,192.0,0,0,0.0,666.0,255.0,0,0,0.0,557.0,187.0,0.0,0.0,0.0,9069,0,13567,15,0.0,0.0,0.0,0.0,0.0,0.0,0.0,0.0,0.0,0.0,0.0,656.0,245.0,0.0,652.0,250.0,0.0,629.0,239.0,0.0,658.0,247.0,,,,32,,Sékou,Koné,Kone,has joined Lausanne-Sport on loan for the rest of the season.,,0,0,0,0,0,0,0,0,0,0,0,0,0,,,,0.0,0.0,0.0,0.0,0.0,0,0,0
464,u,0.0,0.0,4.5,471,287.0,0,0.0,0,0.0,0.0,701,285.0,0,0,0.0,729.0,300.0,0,0,0.0,644.0,243.0,0.0,0.0,0.0,723,0,2867,2,0.0,0.0,0.0,0.0,0.0,0.0,0.0,0.0,0.0,0.0,0.0,726.0,297.0,0.0,720.0,298.0,0.0,705.0,292.0,0.0,727.0,298.0,,,,32,,Jack,Moorhouse,Moorhouse,has joined Leyton Orient on loan for the rest of the season.,,0,0,0,0,0,0,0,0,0,0,0,0,0,,,,0.0,0.0,0.0,0.0,0.0,0,0,0
465,u,0.0,0.0,6.3,71,22.0,0,0.0,-2,2.0,0.3,350,55.0,0,0,0.0,819.0,90.0,0,0,0.0,814.0,90.0,0.0,0.0,0.0,5437,0,56775,4,0.0,0.0,0.0,0.0,0.0,0.0,0.0,0.0,0.0,0.0,0.0,819.0,90.0,0.0,819.0,90.0,0.0,819.0,90.0,0.0,819.0,90.0,,,,32,,Rasmus,Højlund,Højlund,has joined Napoli on loan for the rest of the season.,,0,0,0,0,0,0,0,0,0,0,0,0,0,,,,0.0,0.0,0.0,0.0,0.0,0,0,0
466,a,100.0,100.0,5.8,107,30.0,0,0.0,-2,2.0,0.4,280,43.0,37,0,2.1,331.0,38.0,6,130,0.0,803.0,88.0,0.0,6.4,0.0,109282,41,131197,106,0.0,0.5,2.18,0.32,2.5,7.63,0.39,0.06,0.45,1.35,152.8,322.0,31.0,161.8,204.0,21.0,195.0,153.0,36.0,50.6,270.0,32.0,,,,32,,Joshua,Zirkzee,Zirkzee,,,509,2,1,1,8,0,0,0,1,0,0,4,37,,,,0.0,0.18,1.41,0.71,6.54,8,11,18
468,u,0.0,0.0,4.5,480,67.0,0,0.0,0,0.0,0.1,516,70.0,0,0,0.0,736.0,77.0,0,0,0.0,653.0,65.0,0.0,0.0,0.0,4530,0,14930,7,0.0,0.0,0.0,0.0,0.0,0.0,0.0,0.0,0.0,0.0,0.0,733.0,77.0,0.0,727.0,76.0,0.0,713.0,76.0,0.0,734.0,77.0,,,,32,,Ethan,Wheatley,Wheatley,has joined Bradford City on loan for the rest of the season.,,0,0,0,0,0,0,0,0,0,0,0,0,0,,,,0.0,0.0,0.0,0.0,0.0,0,0,0
681,a,100.0,100.0,7.4,25,9.0,0,0.0,-1,1.0,6.5,62,11.0,94,0,3.6,116.0,8.0,17,328,1.7,211.0,28.0,0.2,12.7,0.0,1269283,1967,1510941,16557,1.7,2.2,7.19,0.22,7.41,21.67,0.49,0.01,0.5,1.47,401.4,141.0,14.0,136.7,236.0,24.0,679.0,18.0,11.0,120.8,69.0,14.0,,,,32,,Benjamin,Sesko,Šeško,,,1329,9,2,1,27,0,0,0,2,0,0,13,54,,,,0.0,0.07,1.83,0.88,3.66,5,19,30
733,a,,,5.1,235,8.0,0,0.0,1,-1.0,2.9,114,17.0,76,0,3.0,195.0,20.0,6,291,1.3,226.0,20.0,0.3,14.9,0.0,607059,2091,327427,2518,1.3,1.8,0.0,0.0,0.0,29.07,0.0,0.0,0.0,1.16,459.4,112.0,18.0,0.0,800.0,93.0,2.0,456.0,2.0,46.1,285.0,18.0,,,,32,,Senne,Lammens,Lammens,,,2250,0,0,5,32,0,0,0,0,0,57,25,43,,,,2.28,0.2,1.28,1.0,0.0,1,22,176
755,a,100.0,100.0,4.5,483,296.0,0,0.0,0,0.0,0.0,731,304.0,2,0,1.0,485.0,218.0,0,8,0.0,656.0,252.0,0.0,0.4,0.0,3447,13,2676,17,0.0,0.5,0.07,0.0,0.07,0.11,0.52,0.0,0.52,0.82,4.0,484.0,221.0,1.5,467.0,226.0,11.0,410.0,202.0,1.5,477.0,218.0,,,,32,,Shea,Lacey,Lacey,,,12,0,0,0,0,0,0,0,0,0,0,0,1,,,,0.0,0.0,0.0,0.0,7.5,1,0,0
769,a,,,4.5,482,295.0,0,0.0,0,0.0,0.0,784,341.0,1,0,1.0,484.0,217.0,0,3,0.0,655.0,251.0,0.0,0.2,0.0,503,4,351,4,0.0,0.5,0.0,0.01,0.01,0.05,0.0,0.06,0.06,0.3,2.2,494.0,228.0,11.7,422.0,210.0,0.0,715.0,300.0,1.4,480.0,221.0,,,,32,,Bendito,Mantato,Bendito Mantato,,,15,0,0,0,0,0,0,0,0,0,0,0,0,,,,0.0,0.0,0.0,0.0,0.0,0,0,0
771,a,,,4.4,552,332.0,0,0.0,-1,1.0,0.0,736,309.0,1,0,1.0,473.0,208.0,0,3,0.0,580.0,198.0,0.0,0.2,0.0,2267,6,1397,14,0.0,0.5,0.0,0.01,0.01,0.02,0.0,0.9,0.9,1.8,0.4,507.0,232.0,1.0,471.0,228.0,0.0,647.0,250.0,0.1,511.0,234.0,,,,32,,Tyler,Fletcher,Fletcher,,,1,0,0,0,0,0,0,0,0,0,0,0,0,,,,0.0,0.0,0.0,0.0,0.0,0,0,0
788,a,,,4.0,720,193.0,0,0.0,0,0.0,0.0,727,253.0,0,0,0.0,622.0,233.0,0,0,0.0,486.0,191.0,0.0,0.0,0.0,496,2,442,8,0.0,0.5,0.0,0.0,0.0,0.0,0.0,0.0,0.0,0.0,0.0,613.0,233.0,0.0,605.0,233.0,0.0,575.0,230.0,0.0,615.0,233.0,,,,32,,Godwill,Kukonki,Kukonki,,,0,0,0,0,0,0,0,0,0,0,0,0,0,,,,0.0,0.0,0.0,0.0,0.0,0,0,0
52,a,100.0,100.0,5.3,187,118.0,0,0.0,-2,2.0,0.2,355,121.0,40,1,1.8,382.0,162.0,1,207,2.0,181.0,72.0,0.4,7.5,0.0,33651,71,78521,216,2.0,2.0,1.05,0.91,1.96,21.2,0.09,0.08,0.17,1.77,207.0,274.0,113.0,234.8,157.0,106.0,130.0,227.0,124.0,57.2,244.0,120.0,,,,32,,Jacob,Ramsey,J.Ramsey,,,1080,2,1,1,25,0,0,0,3,1,0,11,108,,,,0.0,0.08,2.08,0.92,9.0,26,17,65
135,a,100.0,100.0,7.3,27,10.0,0,0.0,-2,2.0,0.6,248,35.0,21,1,1.5,419.0,51.0,0,64,0.7,312.0,41.0,0.1,2.9,0.0,240090,103,456526,207,0.7,0.7,1.95,0.53,2.48,8.0,0.41,0.11,0.52,1.7,54.0,414.0,47.0,35.8,375.0,50.0,139.0,218.0,43.0,22.1,374.0,45.0,,,,32,,Yoane,Wissa,Wissa,,,423,1,0,1,9,0,0,0,1,0,0,4,19,,,,0.0,0.21,1.91,0.85,4.04,3,3,13
469,a,100.0,100.0,5.0,243,9.0,0,0.0,0,0.0,4.4,89,16.0,82,0,3.7,98.0,14.0,3,336,0.0,743.0,94.0,0.0,16.4,0.0,1518018,508,1578045,1879,0.0,0.0,0.16,0.0,0.16,27.01,0.01,0.0,0.01,1.24,505.8,84.0,15.0,0.0,785.0,92.0,35.0,358.0,1.0,54.1,254.0,15.0,,,,32,,Nick,Pope,Pope,,,1966,0,1,7,32,0,0,0,1,0,67,22,121,,,,3.07,0.32,1.46,1.01,0.0,1,32,204
471,a,,,3.9,746,70.0,0,0.0,-1,1.0,0.1,442,66.0,0,0,0.0,547.0,43.0,0,0,0.0,401.0,33.0,0.0,0.0,0.0,6861,11,10907,20,0.0,0.0,0.0,0.0,0.0,0.0,0.0,0.0,0.0,0.0,0.0,537.0,43.0,0.0,523.0,25.0,0.0,491.0,12.0,0.0,539.0,43.0,,,,32,,Mark,Gillespie,Gillespie,,,0,0,0,0,0,0,0,0,0,0,0,0,0,,,,0.0,0.0,0.0,0.0,0.0,0,0,0
472,u,0.0,0.0,4.0,669,44.0,0,0.0,0,0.0,0.0,724,84.0,0,0,0.0,582.0,67.0,0,0,0.0,441.0,58.0,0.0,0.0,0.0,0,0,2491,2,0.0,0.0,0.0,0.0,0.0,0.0,0.0,0.0,0.0,0.0,0.0,572.0,67.0,0.0,562.0,53.0,0.0,531.0,40.0,0.0,574.0,67.0,,,,32,,Odysseas,Vlachodimos,Odysseas,Has joined Sevilla on loan for the rest of the season.,,0,0,0,0,0,0,0,0,0,0,0,0,0,,,,0.0,0.0,0.0,0.0,0.0,0,0,0
473,a,100.0,100.0,5.4,172,21.0,0,0.0,-1,1.0,4.0,94,31.0,73,1,2.9,207.0,82.0,4,307,2.3,166.0,64.0,0.4,13.5,0.0,913734,4553,634439,7092,2.3,2.3,0.85,2.54,3.39,31.17,0.04,0.12,0.16,1.53,480.8,97.0,43.0,361.3,78.0,17.0,155.0,193.0,46.0,99.7,98.0,28.0,2.0,1.0,,32,,Lewis,Hall,Hall,,,1839,1,2,4,34,0,0,0,3,0,0,20,158,,,,0.0,0.2,1.66,0.98,7.34,46,104,117
474,i,0.0,0.0,5.2,202,26.0,0,0.0,-3,3.0,1.1,182,70.0,51,0,3.2,175.0,68.0,0,186,0.0,767.0,261.0,0.0,9.8,0.0,297087,13,496591,213,0.0,0.0,0.97,0.6,1.57,13.85,0.08,0.05,0.13,1.14,291.2,213.0,84.0,63.6,329.0,111.0,108.0,254.0,70.0,46.4,282.0,92.0,,4.0,,32,,Fabian,Schär,Schär,Ankle injury - Expected back 10 May,,1089,0,0,4,13,0,0,0,1,0,0,11,133,,,,0.0,0.33,1.07,0.91,9.5,14,101,42
171,u,0.0,0.0,4.9,325,201.0,0,0.0,-1,1.0,0.0,714,293.0,0,0,0.0,782.0,340.0,0,0,0.0,730.0,304.0,0.0,0.0,0.0,197,0,2977,1,0.0,0.0,0.0,0.0,0.0,0.0,0.0,0.0,0.0,0.0,0.0,781.0,339.0,0.0,777.0,339.0,0.0,773.0,337.0,0.0,781.0,339.0,,,,32,,Jeremy,Sarmiento Morante,Sarmiento,has joined Middlesbrough on loan for the rest of the season.,,0,0,0,0,0,0,0,0,0,0,0,0,0,,,,0.0,0.0,0.0,0.0,0.0,0,0,0
475,a,100.0,75.0,4.9,309,49.0,0,0.0,-1,1.0,0.4,288,108.0,68,3,3.6,108.0,38.0,6,251,4.7,44.0,22.0,1.0,13.9,0.0,86395,46,108499,435,4.7,3.5,1.49,0.37,1.86,18.71,0.1,0.03,0.13,1.3,392.2,148.0,64.0,61.5,333.0,113.0,155.0,191.0,45.0,60.9,231.0,79.0,,,,32,,Sven,Botman,Botman,,,1294,1,1,5,19,1,0,0,1,0,0,15,161,,,,0.0,0.35,1.32,1.04,9.18,13,119,68
476,a,100.0,100.0,5.0,242,37.0,0,0.0,0,0.0,3.5,99,34.0,78,0,3.4,146.0,56.0,5,238,1.3,224.0,78.0,0.3,15.6,0.0,1545229,807,1679144,1644,1.3,1.3,0.39,0.32,0.71,24.41,0.02,0.02,0.04,1.21,422.4,127.0,55.0,88.6,294.0,91.0,115.0,240.0,64.0,62.7,224.0,76.0,,,,32,,Dan,Burn,Burn,,,1811,0,3,6,30,0,0,0,7,1,0,21,228,,,,0.0,0.3,1.49,1.04,9.54,31,161,61
477,a,100.0,100.0,4.9,324,53.0,0,0.0,-1,1.0,1.9,141,56.0,57,1,3.6,109.0,39.0,3,245,2.7,144.0,59.0,0.6,11.6,0.0,1104317,548,1381584,337,2.7,2.7,0.13,0.86,0.99,16.35,0.01,0.06,0.07,1.17,210.0,272.0,111.0,195.3,183.0,48.0,38.0,350.0,115.0,44.3,292.0,97.0,,,,32,,Tino,Livramento,Livramento,,,1253,0,1,6,13,0,0,0,1,0,0,13,91,,,,0.0,0.43,0.93,0.93,4.53,20,43,80
478,a,100.0,100.0,4.9,285,44.0,0,0.0,-1,1.0,1.4,164,64.0,50,0,2.8,220.0,90.0,2,211,0.7,293.0,99.0,0.1,10.2,0.0,259370,275,379684,469,0.7,0.7,0.08,1.96,2.04,19.57,0.0,0.12,0.12,1.21,269.4,226.0,90.0,459.7,46.0,7.0,12.0,406.0,151.0,74.0,178.0,59.0,4.0,2.0,,32,,Kieran,Trippier,Trippier,,,1456,0,1,5,25,0,0,0,3,0,0,17,106,,,,0.0,0.31,1.55,1.05,4.76,22,55,67
480,u,0.0,0.0,4.3,573,121.0,0,0.0,-2,2.0,0.0,594,211.0,1,0,0.5,520.0,180.0,0,0,0.0,526.0,222.0,0.0,0.2,0.0,2754,0,9091,3,0.0,0.0,0.04,0.0,0.04,0.55,0.19,0.0,0.19,2.61,10.2,465.0,169.0,0.0,635.0,252.0,7.0,426.0,162.0,1.7,474.0,169.0,,,,32,,Jamaal,Lascelles,Lascelles,has joined Leicester City permanently.,,19,0,0,0,2,0,0,0,0,0,0,0,5,,,,0.0,0.0,9.47,0.0,23.68,0,5,0
484,u,0.0,0.0,4.0,672,166.0,0,0.0,0,0.0,0.1,431,162.0,0,0,0.0,584.0,213.0,0,0,0.0,443.0,168.0,0.0,0.0,0.0,3759,0,45436,20,0.0,0.0,0.0,0.0,0.0,0.0,0.0,0.0,0.0,0.0,0.0,574.0,212.0,0.0,564.0,212.0,0.0,533.0,208.0,0.0,576.0,212.0,,,,32,,Matt,Targett,Targett,has joined Middlesbrough on loan for the rest of the season.,,0,0,0,0,0,0,0,0,0,0,0,0,0,,,,0.0,0.0,0.0,0.0,0.0,0,0,0
485,a,100.0,100.0,7.4,23,15.0,0,0.0,-1,1.0,7.5,56,21.0,101,3,3.9,78.0,33.0,10,352,8.0,7.0,2.0,1.1,13.6,0.0,2362284,12663,1642164,14179,8.0,8.0,8.77,3.38,12.15,24.78,0.44,0.17,0.61,1.24,393.8,144.0,49.0,404.2,66.0,52.0,514.0,32.0,16.0,130.9,52.0,34.0,,,1.0,32,,Anthony,Gordon,Gordon,,,1798,6,4,8,30,0,0,0,3,1,0,24,91,,,,0.0,0.4,1.5,1.2,4.56,19,16,56
486,a,100.0,100.0,6.5,52,33.0,0,0.0,-5,5.0,2.7,118,37.0,43,1,1.5,418.0,183.0,0,165,1.3,232.0,101.0,0.2,6.6,0.0,577608,637,1190774,702,1.3,1.3,1.44,1.68,3.12,18.17,0.11,0.13,0.24,1.35,125.2,346.0,157.0,261.4,135.0,93.0,169.0,182.0,100.0,55.3,251.0,124.0,5.0,,,32,,Anthony,Elanga,Elanga,,,1208,0,1,2,26,0,0,0,0,0,0,13,51,,,,0.0,0.15,1.94,0.97,3.8,14,8,29
487,a,,,6.1,82,54.0,0,0.0,-4,4.0,1.2,181,63.0,84,1,2.7,241.0,97.0,8,270,2.0,187.0,76.0,0.3,13.8,0.0,754494,467,689637,1875,2.0,2.0,5.93,2.17,8.1,24.67,0.32,0.12,0.44,1.33,302.0,205.0,86.0,315.1,102.0,75.0,582.0,26.0,12.0,119.5,72.0,45.0,,,,32,,Harvey,Barnes,Barnes,,,1667,5,0,5,26,0,0,0,1,0,0,17,87,,,,0.0,0.27,1.4,0.92,4.7,12,19,56
488,i,0.0,0.0,6.8,43,27.0,0,0.0,3,-3.0,4.4,88,29.0,134,0,5.8,6.0,3.0,19,584,0.0,820.0,366.0,0.0,19.7,0.0,4043585,71,3814323,4872,0.0,0.0,4.82,3.62,8.44,26.13,0.21,0.16,0.37,1.16,682.6,32.0,8.0,634.3,18.0,17.0,365.0,66.0,39.0,168.3,22.0,18.0,3.0,5.0,2.0,32,,Bruno,Guimarães Rodriguez Moura,Bruno G.,Hamstring injury - Expected back 25 Apr,,2019,9,6,6,31,0,0,0,5,0,0,22,200,,,,0.0,0.27,1.38,0.98,8.92,50,43,107
489,a,100.0,100.0,5.9,91,58.0,0,0.0,-6,6.0,0.6,235,83.0,67,2,2.5,277.0,116.0,2,267,2.0,186.0,75.0,0.3,11.4,0.0,165254,159,349004,196,2.0,2.0,2.97,2.41,5.38,20.4,0.2,0.16,0.36,1.38,278.0,220.0,92.0,332.9,92.0,69.0,319.0,83.0,49.0,92.1,124.0,69.0,,,,32,,Jacob,Murphy,J.Murphy,,,1326,3,1,7,16,0,0,0,1,0,0,15,72,,,,0.0,0.48,1.09,1.02,4.89,14,18,40
490,s,0.0,100.0,5.9,94,60.0,0,0.0,-1,1.0,0.3,318,111.0,67,1,2.7,240.0,96.0,2,281,1.7,209.0,90.0,0.3,11.4,0.0,80775,192,106809,268,0.0,1.7,2.09,1.15,3.24,26.12,0.11,0.06,0.17,1.33,304.6,203.0,84.0,262.6,134.0,92.0,311.0,87.0,52.0,87.9,138.0,76.0,,,,32,,Joelinton Cássio,Apolinário de Lira,Joelinton,Suspended until 02 May,,1770,2,1,5,25,0,0,0,10,0,0,21,214,,,,0.0,0.25,1.27,1.07,10.88,37,69,108
2,a,,,4.0,668,43.0,0,0.0,-5,5.0,0.4,292,37.0,0,0,0.0,581.0,66.0,0,0,0.0,440.0,57.0,0.0,0.0,0.0,15184,57,77823,60,0.5,1.0,0.0,0.0,0.0,0.0,0.0,0.0,0.0,0.0,0.0,571.0,66.0,0.0,561.0,52.0,0.0,530.0,39.0,0.0,573.0,66.0,,,,32,,Kepa,Arrizabalaga Revuelta,Arrizabalaga,,,0,0,0,0,0,0,0,0,0,0,0,0,0,,,,0.0,0.0,0.0,0.0,0.0,0,0,0
491,a,100.0,100.0,5.3,191,120.0,0,0.0,-2,2.0,1.1,188,66.0,73,2,2.4,291.0,126.0,2,405,0.7,301.0,140.0,0.1,13.8,0.0,218620,534,322430,521,0.7,0.7,1.56,2.4,3.96,29.76,0.07,0.1,0.17,1.26,344.0,184.0,72.0,448.6,48.0,40.0,165.0,183.0,101.0,96.1,110.0,61.0,1.0,3.0,,32,,Sandro,Tonali,Tonali,,,2127,0,2,7,33,0,0,0,3,0,0,26,219,,,,0.0,0.3,1.4,1.1,9.27,29,61,129
492,u,0.0,0.0,4.9,344,215.0,0,0.0,-1,1.0,0.0,680,274.0,0,0,0.0,788.0,344.0,0,0,0.0,740.0,311.0,0.0,0.0,0.0,655,0,3583,0,0.0,0.0,0.0,0.0,0.0,0.0,0.0,0.0,0.0,0.0,0.0,787.0,343.0,0.0,783.0,343.0,0.0,779.0,341.0,0.0,787.0,343.0,,,,32,,Antoñito,Cordero Campillo,Antoñito C.,has joined Cadiz on loan for the rest of the season.,,0,0,0,0,0,0,0,0,0,0,0,0,0,,,,0.0,0.0,0.0,0.0,0.0,0,0,0
494,a,100.0,100.0,5.0,247,148.0,0,0.0,0,0.0,0.1,501,180.0,28,0,1.4,426.0,187.0,0,114,2.3,163.0,62.0,0.5,5.6,0.0,14093,45,13151,71,2.3,2.3,0.81,0.64,1.45,13.92,0.11,0.08,0.19,1.81,96.2,376.0,166.0,147.8,224.0,144.0,112.0,246.0,136.0,35.5,324.0,160.0,,,,32,,Joe,Willock,Willock,,,693,0,1,3,13,0,0,0,3,0,0,7,76,,,,0.0,0.39,1.69,0.91,9.87,18,12,46
495,u,0.0,0.0,4.5,415,251.0,0,0.0,0,0.0,0.0,772,331.0,0,0,0.0,695.0,271.0,0,0,0.0,601.0,210.0,0.0,0.0,0.0,0,0,1612,0,0.0,0.0,0.0,0.0,0.0,0.0,0.0,0.0,0.0,0.0,0.0,689.0,265.0,0.0,684.0,268.0,0.0,665.0,260.0,0.0,691.0,267.0,,,,32,,Isaac,Hayden,Hayden,Has departed the club as a free agent.,,0,0,0,0,0,0,0,0,0,0,0,0,0,,,,0.0,0.0,0.0,0.0,0.0,0,0,0
496,u,0.0,0.0,4.4,560,336.0,0,0.0,-1,1.0,0.0,636,247.0,0,0,0.0,684.0,265.0,0,0,0.0,586.0,201.0,0.0,0.0,0.0,2219,0,7426,2,0.0,0.0,0.0,0.0,0.0,0.0,0.0,0.0,0.0,0.0,0.0,677.0,258.0,0.0,672.0,261.0,0.0,653.0,253.0,0.0,679.0,260.0,,,,32,,Garang,Kuol,Kuol,has joined Sparta Prague permanently.,,0,0,0,0,0,0,0,0,0,0,0,0,0,,,,0.0,0.0,0.0,0.0,0.0,0,0,0
497,a,100.0,100.0,4.4,558,335.0,0,0.0,-1,1.0,1.8,142,48.0,64,6,3.2,164.0,67.0,5,296,2.0,174.0,67.0,0.5,14.5,0.0,645060,761,710037,892,2.0,2.0,1.36,2.01,3.37,16.21,0.1,0.15,0.25,1.19,296.8,208.0,87.0,231.0,162.0,108.0,132.0,224.0,122.0,66.0,208.0,102.0,,,,32,,Lewis,Miley,L.Miley,,,1223,1,4,2,18,0,0,0,0,0,0,12,127,,,,0.0,0.15,1.32,0.88,9.35,25,42,60
500,a,100.0,100.0,5.4,179,42.0,0,0.0,-1,1.0,0.2,360,57.0,39,8,2.2,316.0,33.0,4,142,3.0,132.0,18.0,0.6,7.2,0.0,79132,309,89710,182,3.0,3.0,1.63,0.06,1.69,7.58,0.4,0.01,0.41,1.87,112.6,362.0,36.0,18.2,402.0,52.0,137.0,220.0,44.0,26.6,358.0,43.0,,,,32,,William,Osula,Osula,,,364,3,1,1,8,0,0,0,0,0,0,2,21,,,,0.0,0.25,1.98,0.49,5.19,3,2,16
674,a,,,4.8,359,14.0,0,0.0,-2,2.0,0.8,208,26.0,24,1,2.2,313.0,30.0,1,104,3.3,110.0,14.0,0.7,5.0,0.0,138916,504,161162,536,3.3,3.3,0.0,0.0,0.0,15.84,0.0,0.0,0.0,1.56,200.6,278.0,24.0,10.0,433.0,12.0,0.0,758.0,86.0,21.0,380.0,24.0,,,,32,,Aaron,Ramsdale,Ramsdale,,,913,0,0,1,15,0,0,0,2,0,24,10,0,,,,2.37,0.1,1.48,0.99,0.0,0,9,80
684,a,,,5.1,236,36.0,0,0.0,1,-1.0,6.8,59,20.0,116,2,4.0,61.0,23.0,12,371,3.7,90.0,38.0,0.7,22.7,0.0,1861289,2225,1002496,17460,3.7,3.7,3.74,0.9,4.64,40.34,0.14,0.03,0.17,1.5,750.0,16.0,6.0,105.3,270.0,78.0,356.0,68.0,4.0,120.8,68.0,13.0,,,,32,,Malick,Thiaw,Thiaw,,,2423,4,0,5,44,0,0,0,4,0,0,27,280,,,,0.0,0.19,1.63,1.0,9.36,34,218,97
689,a,,,4.3,621,367.0,0,0.0,-2,2.0,0.5,263,93.0,0,0,0.0,667.0,256.0,0,0,0.0,558.0,188.0,0.0,0.0,0.0,95863,211,61289,459,0.0,0.0,0.0,0.0,0.0,0.0,0.0,0.0,0.0,0.0,0.0,657.0,246.0,0.0,653.0,251.0,0.0,630.0,240.0,0.0,659.0,248.0,,,,32,,Seung-Soo,Park,Seung soo,,,0,0,0,0,0,0,0,0,0,0,0,0,0,,,,0.0,0.0,0.0,0.0,0.0,0,0,0
714,a,100.0,100.0,6.7,47,17.0,0,0.0,-3,3.0,6.7,61,10.0,94,1,3.4,152.0,15.0,10,334,2.7,150.0,20.0,0.4,14.0,0.0,5449602,566,4782624,3957,2.7,2.7,6.39,0.84,7.23,22.89,0.35,0.05,0.4,1.24,390.0,149.0,15.0,206.6,172.0,15.0,390.0,61.0,24.0,97.6,106.0,18.0,,,3.0,32,,Nick,Woltemade,Woltemade,,,1666,7,4,7,27,1,0,0,0,0,0,21,92,,,,0.0,0.38,1.46,1.13,4.97,22,27,43
400,a,100.0,100.0,4.7,375,16.0,0,0.0,-3,3.0,0.2,389,55.0,11,0,3.7,91.0,12.0,0,38,0.0,692.0,91.0,0.0,2.3,0.0,11816,211,25609,85,0.5,0.0,0.0,0.01,0.01,4.65,0.0,0.0,0.0,1.55,68.6,396.0,30.0,0.0,758.0,89.0,0.0,747.0,81.0,6.9,439.0,30.0,,,,32,,Stefan,Ortega Moreno,Ortega Moreno,,,270,0,0,1,4,0,0,0,0,0,8,3,0,,,,2.67,0.33,1.33,1.0,0.0,0,1,8
426,a,,,5.0,256,155.0,0,0.0,-5,5.0,0.1,504,182.0,9,0,0.9,511.0,239.0,0,32,0.7,296.0,137.0,0.1,1.8,0.0,13330,16,26923,26,1.2,0.7,0.02,0.18,0.2,4.2,0.01,0.09,0.1,2.18,17.6,455.0,203.0,45.5,360.0,188.0,12.0,408.0,200.0,7.6,433.0,195.0,,,5.0,32,,James,McAtee,McAtee,,,173,0,0,0,8,0,0,0,1,0,0,1,13,,,,0.0,0.0,4.16,0.52,6.76,4,2,7
502,a,100.0,100.0,4.6,397,19.0,0,0.0,-4,4.0,4.8,79,14.0,80,3,3.2,166.0,18.0,3,328,5.3,34.0,2.0,1.2,17.4,0.0,431954,3249,2049695,631,5.8,5.3,0.0,0.06,0.06,34.87,0.0,0.0,0.0,1.48,537.0,74.0,14.0,10.0,431.0,10.0,0.0,745.0,79.0,54.7,253.0,14.0,,,,32,,Matz,Sels,Sels,,,2127,0,0,6,32,0,0,0,2,0,72,24,75,,,,3.05,0.25,1.35,1.02,0.0,1,22,160
503,u,0.0,0.0,4.0,691,55.0,0,0.0,0,0.0,0.1,556,77.0,0,0,0.0,600.0,77.0,0,0,0.0,461.0,69.0,0.0,0.0,0.0,448,0,15760,6,0.0,0.0,0.0,0.0,0.0,0.0,0.0,0.0,0.0,0.0,0.0,590.0,77.0,0.0,581.0,64.0,0.0,550.0,51.0,0.0,592.0,77.0,,,,32,,Carlos Miguel,dos Santos Pereira,C.Miguel,Has joined Palmeiras permanently.,,0,0,0,0,0,0,0,0,0,0,0,0,0,,,,0.0,0.0,0.0,0.0,0.0,0,0,0
505,a,,,5.1,229,32.0,0,0.0,-4,4.0,3.2,108,40.0,98,2,3.1,186.0,74.0,2,338,5.7,30.0,16.0,1.1,19.2,0.0,372203,2131,1073060,943,6.2,5.7,0.81,0.46,1.27,45.86,0.03,0.01,0.04,1.43,572.0,58.0,28.0,41.4,365.0,131.0,108.0,253.0,69.0,72.4,187.0,65.0,,,,32,,Nikola,Milenković,Milenković,,,2880,0,0,8,44,1,0,0,6,0,0,32,287,,,,0.0,0.25,1.38,1.0,8.06,24,234,88
506,a,100.0,100.0,5.2,217,29.0,0,0.0,-3,3.0,2.2,134,52.0,82,-1,3.4,147.0,57.0,3,325,4.3,59.0,27.0,0.8,15.8,0.0,309213,4154,808665,1436,4.8,4.3,0.73,0.47,1.2,32.91,0.03,0.02,0.05,1.42,530.6,75.0,36.0,115.2,259.0,73.0,82.0,285.0,83.0,72.8,184.0,64.0,,2.0,,32,,Murillo,Costa dos Santos,Murillo,,,2089,1,0,6,29,2,0,0,5,0,0,24,249,,,,0.0,0.26,1.25,1.03,9.35,32,185,99
507,a,100.0,100.0,4.7,378,62.0,0,0.0,-3,3.0,2.4,126,50.0,56,2,3.5,122.0,44.0,5,224,6.0,23.0,13.0,1.3,11.9,0.0,343408,1061,1632021,704,6.5,6.0,0.36,0.81,1.17,24.21,0.02,0.05,0.07,1.55,255.6,242.0,95.0,156.9,209.0,55.0,57.0,326.0,102.0,47.1,279.0,90.0,,,,32,,Ola,Aina,Aina,,,1407,0,1,5,18,0,0,0,3,0,0,16,137,,,,0.0,0.32,1.15,1.02,7.48,26,91,74
508,a,100.0,100.0,4.7,384,64.0,0,0.0,-3,3.0,3.4,101,35.0,115,11,3.7,93.0,35.0,15,474,10.3,2.0,2.0,2.2,24.5,0.0,478605,13543,1182803,920,10.8,10.3,1.82,3.53,5.35,41.45,0.06,0.12,0.18,1.38,704.0,27.0,9.0,496.7,37.0,3.0,325.0,81.0,8.0,152.5,31.0,2.0,3.0,,,32,,Neco,Williams,N.Williams,,,2708,2,3,8,41,0,0,0,5,1,0,31,245,,,,0.0,0.27,1.36,1.03,6.81,81,124,138
509,u,0.0,0.0,4.5,435,88.0,0,0.0,0,0.0,0.0,682,240.0,0,0,0.0,706.0,260.0,0,0,0.0,616.0,245.0,0.0,0.0,0.0,427,0,4419,0,0.0,0.0,0.0,0.0,0.0,0.0,0.0,0.0,0.0,0.0,0.0,700.0,260.0,0.0,696.0,260.0,0.0,679.0,260.0,0.0,702.0,260.0,,,,32,,David,Mota Veiga Teixeira do Carmo,David Carmo,has joined Real Oviedo on loan for the rest of the season.,,0,0,0,0,0,0,0,0,0,0,0,0,0,,,,0.0,0.0,0.0,0.0,0.0,0,0,0
510,d,50.0,50.0,4.2,646,152.0,0,0.0,-3,3.0,0.1,560,201.0,5,0,1.7,388.0,145.0,0,18,0.0,523.0,221.0,0.0,1.2,0.0,3462,1,8756,24,0.2,0.0,0.14,0.0,0.14,5.45,0.06,0.0,0.06,2.29,46.2,419.0,155.0,0.8,473.0,172.0,10.0,414.0,154.0,5.6,448.0,160.0,,,,32,,Jair,Paula da Cunha Filho,Jair Cunha,Foot injury - 50% chance of playing,,214,0,0,0,4,0,0,0,0,0,0,2,21,,,,0.0,0.0,1.68,0.84,8.41,4,16,3
511,a,,,4.3,593,135.0,0,0.0,-2,2.0,0.1,513,182.0,35,0,2.3,299.0,111.0,1,145,0.0,537.0,229.0,0.0,8.1,0.0,9431,18,13715,21,0.5,0.0,0.83,0.08,0.91,14.83,0.08,0.01,0.09,1.42,233.8,254.0,102.0,20.8,397.0,143.0,59.0,322.0,101.0,31.4,338.0,114.0,,,,32,,Felipe,Rodrigues da Silva,Morato,,,938,0,0,2,17,0,0,0,4,0,0,10,124,,,,0.0,0.19,1.63,0.96,9.79,24,78,46
711,a,,,4.4,572,344.0,0,0.0,-1,1.0,0.0,708,287.0,0,0,0.0,691.0,269.0,0,0,0.0,597.0,208.0,0.0,0.0,0.0,1955,3,1865,10,0.5,1.0,0.0,0.0,0.0,0.0,0.0,0.0,0.0,0.0,0.0,685.0,263.0,0.0,680.0,266.0,0.0,661.0,258.0,0.0,687.0,265.0,,,,32,,Andre,Harriman-Annous,Harriman-Annous,,,0,0,0,0,0,0,0,0,0,0,0,0,0,,,,0.0,0.0,0.0,0.0,0.0,0,0,0
725,a,100.0,50.0,5.1,234,35.0,0,0.0,-4,4.0,0.7,218,83.0,74,0,3.5,125.0,45.0,6,282,2.0,179.0,69.0,0.4,14.5,0.0,543610,177,462292,2957,2.5,1.5,0.33,1.39,1.72,14.19,0.02,0.08,0.1,0.85,383.4,154.0,66.0,168.4,201.0,52.0,57.0,327.0,103.0,60.7,232.0,80.0,,,,32,,Piero,Hincapié,Hincapie,,,1499,1,2,4,16,1,0,0,2,0,0,17,141,,,,0.0,0.24,0.96,1.02,8.47,39,102,55
512,u,0.0,0.0,4.5,421,82.0,0,0.0,0,0.0,0.0,688,242.0,0,0,0.0,698.0,258.0,0,0,0.0,604.0,241.0,0.0,0.0,0.0,345,0,4133,0,0.0,0.0,0.0,0.0,0.0,0.0,0.0,0.0,0.0,0.0,0.0,692.0,258.0,0.0,687.0,258.0,0.0,668.0,257.0,0.0,694.0,258.0,,,,32,,Omar,Richards,O.Richards,has joined Rio Ave on loan for the rest of the season.,,0,0,0,0,0,0,0,0,0,0,0,0,0,,,,0.0,0.0,0.0,0.0,0.0,0,0,0
514,i,0.0,0.0,3.8,790,235.0,0,0.0,-2,2.0,0.3,302,112.0,0,0,0.0,528.0,187.0,0,0,0.0,376.0,133.0,0.0,0.0,0.0,42917,28,67530,113,0.0,0.0,0.0,0.0,0.0,0.0,0.0,0.0,0.0,0.0,0.0,518.0,186.0,0.0,501.0,185.0,0.0,468.0,179.0,0.0,520.0,186.0,,,,32,,Willy,Boly,Boly,Knee injury - Unknown return date,,0,0,0,0,0,0,0,0,0,0,0,0,0,,,,0.0,0.0,0.0,0.0,0.0,0,0,0
515,a,100.0,100.0,7.4,22,14.0,0,0.0,-1,1.0,5.2,72,24.0,135,2,4.2,54.0,23.0,11,529,4.3,65.0,26.0,0.6,18.2,0.0,1186985,7571,1180796,5515,4.8,4.3,8.63,2.16,10.79,43.02,0.29,0.07,0.36,1.42,576.6,55.0,15.0,654.5,17.0,16.0,644.0,23.0,9.0,187.3,13.0,9.0,,1.0,2.0,32,,Morgan,Gibbs-White,Gibbs-White,,,2723,9,2,9,40,0,0,0,1,0,0,31,153,,,,0.0,0.3,1.32,1.02,5.06,16,42,95
516,a,100.0,100.0,5.7,113,72.0,0,0.0,-3,3.0,0.7,223,79.0,88,7,2.9,208.0,85.0,8,358,4.7,47.0,16.0,0.8,15.4,0.0,272356,855,341267,254,5.2,4.7,2.81,3.03,5.84,30.84,0.14,0.15,0.29,1.51,366.6,164.0,62.0,611.7,22.0,21.0,330.0,79.0,46.0,130.6,53.0,35.0,,,,32,,Callum,Hudson-Odoi,Hudson-Odoi,,,1838,3,4,6,26,0,0,0,0,0,0,21,106,,,,0.0,0.29,1.27,1.03,5.19,14,24,68
517,a,,,5.6,127,79.0,1,-1.0,1,-1.0,8.0,47,15.0,142,4,4.4,39.0,16.0,10,650,3.7,94.0,33.0,0.7,25.4,0.0,1726735,7868,1425255,8762,4.2,3.7,2.57,3.63,6.2,44.66,0.08,0.11,0.19,1.4,715.6,23.0,5.0,849.0,4.0,4.0,251.0,110.0,68.0,181.9,16.0,12.0,1.0,3.0,4.0,32,,Elliot,Anderson,Anderson,,,2863,2,3,9,43,0,0,0,6,0,0,32,445,,,,0.0,0.28,1.35,1.01,13.99,90,86,269
518,u,0.0,0.0,5.4,175,110.0,0,0.0,-1,1.0,0.0,618,238.0,1,0,1.0,505.0,235.0,0,6,0.0,790.0,346.0,0.0,0.2,0.0,1029,0,9158,0,0.0,0.0,0.0,0.0,0.0,0.0,0.0,0.0,0.0,0.0,5.0,479.0,217.0,0.5,479.0,231.0,4.0,441.0,217.0,1.0,488.0,224.0,,,,32,,João Pedro,Ferreira da Silva,Jota,has joined Besiktas on loan for the rest of the season.,,11,0,0,0,0,0,0,0,0,0,0,0,3,,,,0.0,0.0,0.0,0.0,24.55,2,1,0
519,a,100.0,100.0,5.0,255,154.0,0,0.0,0,0.0,0.0,634,246.0,39,1,1.9,356.0,153.0,3,171,1.0,257.0,114.0,0.2,7.8,0.0,5290,15,4172,33,1.5,1.0,1.15,0.44,1.59,18.21,0.11,0.04,0.15,1.75,192.4,288.0,124.0,155.9,210.0,134.0,126.0,232.0,128.0,47.5,277.0,141.0,,,,32,,Nicolás,Domínguez,Dominguez,,,938,1,0,3,18,0,0,0,2,0,0,14,103,,,,0.0,0.29,1.73,1.34,9.88,41,20,42
520,u,0.0,0.0,5.0,253,153.0,0,0.0,0,0.0,0.0,821,366.0,0,0,0.0,791.0,346.0,0,0,0.0,746.0,314.0,0.0,0.0,0.0,0,0,118,0,0.0,0.0,0.0,0.0,0.0,0.0,0.0,0.0,0.0,0.0,0.0,790.0,345.0,0.0,788.0,345.0,0.0,783.0,343.0,0.0,790.0,345.0,,,,32,,Lewis,O'Brien,O'Brien,Has joined Wrexham permanently.,,0,0,0,0,0,0,0,0,0,0,0,0,0,,,,0.0,0.0,0.0,0.0,0.0,0,0,0
521,a,100.0,100.0,4.9,306,190.0,0,0.0,-1,1.0,0.1,544,200.0,79,4,3.3,157.0,63.0,2,328,3.7,87.0,30.0,0.8,16.1,0.0,11695,53,13468,44,4.2,3.7,1.16,1.69,2.85,29.84,0.06,0.08,0.14,1.45,384.8,153.0,54.0,185.7,190.0,124.0,124.0,234.0,129.0,69.6,199.0,99.0,,,,32,,Ibrahim,Sangaré,Sangaré,,,1854,2,2,8,23,0,0,0,5,0,0,22,226,,,,0.0,0.39,1.12,1.07,10.97,54,79,93
522,a,100.0,100.0,4.7,382,238.0,0,0.0,-3,3.0,0.1,551,202.0,21,1,1.2,441.0,197.0,0,88,1.0,246.0,106.0,0.2,4.5,0.0,10162,19,19374,15,1.5,1.0,0.22,0.19,0.41,4.99,0.05,0.04,0.09,1.11,79.4,391.0,174.0,48.7,355.0,186.0,38.0,348.0,179.0,16.4,397.0,181.0,,,,32,,Ryan,Yates,Yates,,,405,0,1,0,5,0,0,0,1,0,0,1,41,,,,0.0,0.0,1.11,0.22,9.11,11,18,12
524,u,0.0,0.0,4.5,450,269.0,0,0.0,0,0.0,0.0,702,286.0,0,0,0.0,714.0,286.0,0,0,0.0,626.0,227.0,0.0,0.0,0.0,245,0,5721,2,0.0,0.0,0.0,0.0,0.0,0.0,0.0,0.0,0.0,0.0,0.0,709.0,281.0,0.0,704.0,283.0,0.0,688.0,276.0,0.0,710.0,282.0,,,,32,,Marko,Stamenić,Stamenic,Has joined Swansea City permanently.,,0,0,0,0,0,0,0,0,0,0,0,0,0,,,,0.0,0.0,0.0,0.0,0.0,0,0,0
525,a,100.0,100.0,7.1,34,14.0,0,0.0,-4,4.0,4.5,86,16.0,26,1,2.9,210.0,20.0,3,86,0.3,364.0,46.0,0.0,3.7,0.0,2135193,361,3393386,200,0.8,0.3,2.98,0.12,3.1,8.51,0.48,0.02,0.5,1.36,77.6,393.0,43.0,50.4,351.0,42.0,188.0,164.0,39.0,30.6,346.0,40.0,,,1.0,32,,Chris,Wood,Wood,,,563,2,0,1,8,0,0,0,0,0,0,7,14,,,,0.0,0.16,1.28,1.12,2.24,1,6,7
526,a,100.0,100.0,5.8,108,31.0,0,0.0,-2,2.0,1.3,173,27.0,83,2,2.7,239.0,24.0,8,273,4.0,78.0,10.0,0.7,14.3,0.0,460515,1331,417441,1822,4.5,4.0,4.78,1.15,5.93,30.92,0.23,0.05,0.28,1.48,258.6,238.0,21.0,180.4,193.0,17.0,565.0,27.0,15.0,98.0,105.0,17.0,,,3.0,32,,Igor Jesus,Maciel da Cruz,Igor Jesus,,,1882,3,4,8,32,0,0,0,0,0,0,23,92,,,,0.0,0.38,1.53,1.1,4.4,18,32,42
527,a,100.0,100.0,5.2,208,48.0,0,0.0,-3,3.0,0.3,329,52.0,20,0,1.7,393.0,47.0,1,81,1.7,203.0,26.0,0.3,3.8,0.0,37002,50,94011,78,2.2,1.7,2.07,0.39,2.46,5.11,0.7,0.13,0.83,1.72,85.4,382.0,42.0,41.9,364.0,45.0,151.0,202.0,41.0,27.3,354.0,42.0,,,,32,,Taiwo,Awoniyi,Awoniyi,,,268,2,0,0,2,0,0,0,1,0,0,1,15,,,,0.0,0.0,0.67,0.34,5.04,1,5,9
669,a,100.0,100.0,5.5,146,92.0,0,0.0,-5,5.0,0.7,227,82.0,50,1,2.1,327.0,142.0,4,178,1.0,267.0,122.0,0.2,9.1,0.0,545220,37,575050,59,1.5,1.0,1.05,1.51,2.56,15.96,0.08,0.12,0.2,1.23,166.4,310.0,138.0,217.7,166.0,112.0,180.0,172.0,96.0,56.6,247.0,121.0,4.0,,,32,,Dan,Ndoye,Ndoye,,,1167,1,2,2,17,0,0,0,1,0,0,14,96,,,,0.0,0.15,1.31,1.08,7.4,22,24,50
675,a,100.0,100.0,4.0,666,42.0,0,0.0,0,0.0,1.1,185,23.0,1,0,1.0,456.0,36.0,0,4,0.0,439.0,56.0,0.0,0.2,0.0,30660,25,102158,102,0.5,0.0,0.0,0.0,0.0,0.21,0.0,0.0,0.0,0.42,1.2,500.0,36.0,0.0,560.0,51.0,0.0,529.0,38.0,0.1,509.0,36.0,,,,32,,Angus,Gunn,Gunn,,,45,0,0,0,0,0,0,0,0,0,0,0,0,,,,0.0,0.0,0.0,0.0,0.0,0,1,4
693,a,,,5.4,174,109.0,0,0.0,-1,1.0,0.1,535,195.0,65,1,2.6,259.0,107.0,3,263,1.7,206.0,87.0,0.3,12.0,0.0,32911,34,28563,63,2.2,1.7,1.86,3.03,4.89,18.65,0.12,0.2,0.32,1.25,260.2,235.0,98.0,420.8,60.0,49.0,306.0,90.0,53.0,98.5,102.0,58.0,2.0,,,32,,Omari,Hutchinson,Hutchinson,,,1341,1,5,5,18,0,0,0,1,0,0,13,105,,,,0.0,0.34,1.21,0.87,7.05,18,14,73
696,u,0.0,0.0,6.0,89,27.0,0,0.0,0,0.0,0.1,453,66.0,9,0,1.0,508.0,61.0,0,24,0.0,811.0,89.0,0.0,1.5,0.0,15291,0,18466,19,0.0,0.0,0.44,0.02,0.46,1.57,0.44,0.02,0.46,1.59,6.8,475.0,56.0,17.7,406.0,53.0,39.0,347.0,55.0,6.3,442.0,56.0,,,,32,,Arnaud,Kalimuendo,Kalimuendo,has joined Eintracht Frankfurt on loan for the rest of the season.,,89,0,0,0,3,0,0,0,0,0,0,0,6,,,,0.0,0.0,3.03,0.0,6.07,1,1,4
715,i,0.0,0.0,4.0,674,45.0,0,0.0,0,0.0,0.3,320,44.0,11,0,2.2,304.0,29.0,0,32,0.0,445.0,59.0,0.0,2.8,0.0,66295,2,49543,175,0.0,0.0,0.0,0.0,0.0,6.13,0.0,0.0,0.0,1.26,56.4,410.0,32.0,0.0,566.0,54.0,0.0,535.0,41.0,5.7,447.0,32.0,,,,32,,John Victor,Maciel Furtado,John,Knee injury - Expected back 01 Jun,,437,0,0,1,8,0,0,0,1,0,6,5,0,,,,1.24,0.21,1.65,1.03,0.0,0,4,26
716,i,0.0,0.0,4.5,452,93.0,0,0.0,0,0.0,0.1,580,208.0,39,0,2.8,218.0,88.0,0,131,0.0,628.0,247.0,0.0,8.7,0.0,46713,2,44503,23,0.0,0.0,1.34,0.45,1.79,15.04,0.12,0.04,0.16,1.32,216.6,266.0,108.0,123.2,248.0,67.0,94.0,270.0,78.0,43.5,295.0,99.0,,,,32,,Nicolò,Savona,Savona,Knee injury - Unknown return date,,1025,2,0,3,18,0,0,0,2,0,0,11,69,,,,0.0,0.26,1.58,0.97,5.0,20,37,27
729,u,0.0,0.0,4.5,473,95.0,0,0.0,0,0.0,0.0,818,268.0,0,0,0.0,730.0,261.0,0,0,0.0,646.0,248.0,0.0,0.0,0.0,94,0,120,0,0.0,0.0,0.0,0.0,0.0,0.0,0.0,0.0,0.0,0.0,0.0,727.0,261.0,0.0,721.0,261.0,0.0,707.0,261.0,0.0,728.0,261.0,,,,32,,Luis Eduardo,Soares da Silva,Cuiabano,has joined Vasco de Gama on loan for the rest of the season.,,0,0,0,0,0,0,0,0,0,0,0,0,0,,,,0.0,0.0,0.0,0.0,0.0,0,0,0
734,a,100.0,100.0,5.9,100,66.0,0,0.0,-1,1.0,0.0,674,271.0,14,0,1.4,429.0,190.0,0,55,0.0,808.0,359.0,0.0,2.4,0.0,4659,18,4233,9,0.5,0.0,0.5,0.68,1.18,6.73,0.13,0.18,0.31,1.77,49.8,416.0,182.0,113.9,261.0,159.0,78.0,291.0,157.0,23.8,365.0,174.0,,,,32,,Dilane,Bakwa,Bakwa,,,342,0,1,0,8,0,0,0,1,0,0,3,26,,,,0.0,0.0,2.11,0.79,6.84,2,3,21
805,a,,,5.4,170,40.0,-1,1.0,-1,1.0,0.0,704,89.0,8,0,2.7,237.0,23.0,0,34,0.0,788.0,84.0,0.0,1.5,0.0,5861,19,4182,45,0.5,0.0,0.72,0.01,0.73,1.87,0.54,0.01,0.55,1.41,37.2,430.0,51.0,12.7,419.0,55.0,31.0,366.0,56.0,7.9,432.0,55.0,,,,32,,Lorenzo,Lucca,Lucca,,,119,1,0,1,1,0,0,0,0,0,0,1,5,,,,0.0,0.76,0.76,0.76,3.78,0,4,1
814,a,,,4.5,442,90.0,0,0.0,0,0.0,0.0,774,261.0,2,0,1.0,478.0,172.0,0,8,0.0,622.0,246.0,0.0,0.4,0.0,466,8,220,7,0.5,0.0,0.0,0.36,0.36,0.05,0.0,0.68,0.68,0.09,7.8,472.0,170.0,1.7,463.0,168.0,2.0,449.0,169.0,1.1,485.0,171.0,,,,32,,Luca,Netz,Netz,,,48,0,0,0,0,0,0,0,0,0,0,0,1,,,,0.0,0.0,0.0,0.0,1.88,0,1,3
528,u,0.0,0.0,4.2,635,34.0,0,0.0,-3,3.0,0.2,415,60.0,0,0,0.0,643.0,89.0,0,0,0.0,515.0,82.0,0.0,0.0,0.0,10565,0,34904,38,0.0,0.0,0.0,0.0,0.0,0.0,0.0,0.0,0.0,0.0,0.0,635.0,89.0,0.0,628.0,79.0,0.0,602.0,68.0,0.0,637.0,89.0,,,,32,,Anthony,Patterson,Patterson,has joined Millwall on loan for the rest of the season.,,0,0,0,0,0,0,0,0,0,0,0,0,0,,,,0.0,0.0,0.0,0.0,0.0,0,0,0
530,u,0.0,0.0,3.9,772,86.0,0,0.0,-1,1.0,0.1,471,71.0,0,0,0.0,564.0,57.0,0,0,0.0,420.0,47.0,0.0,0.0,0.0,7473,0,13669,30,0.0,0.0,0.0,0.0,0.0,0.0,0.0,0.0,0.0,0.0,0.0,554.0,57.0,0.0,542.0,41.0,0.0,510.0,28.0,0.0,556.0,57.0,,,,32,,Blondy,Nna Noukeu,Nna Noukeu,has joined US Boulogne CO permanently.,,0,0,0,0,0,0,0,0,0,0,0,0,0,,,,0.0,0.0,0.0,0.0,0.0,0,0,0
531,d,50.0,0.0,4.7,386,65.0,0,0.0,2,-2.0,3.3,102,36.0,118,0,4.5,29.0,11.0,9,363,1.3,222.0,77.0,0.3,25.1,0.0,1241628,38,1075765,14940,0.7,0.0,2.42,0.58,3.0,31.12,0.11,0.03,0.14,1.4,637.4,43.0,19.0,177.3,196.0,51.0,353.0,70.0,5.0,116.9,76.0,15.0,,,,32,,Daniel,Ballard,Ballard,Hamstring injury - 50% chance of playing,,2004,2,2,6,28,0,0,0,3,0,0,22,266,,,,0.0,0.27,1.26,0.99,11.41,31,223,66
532,a,,,4.5,444,91.0,0,0.0,0,0.0,0.3,309,113.0,88,0,2.8,217.0,87.0,6,316,1.0,240.0,84.0,0.2,19.6,0.0,81680,83,74520,320,1.0,1.0,1.91,1.7,3.61,41.86,0.07,0.06,0.13,1.46,408.6,137.0,59.0,301.3,114.0,27.0,193.0,156.0,32.0,89.4,132.0,40.0,2.0,,,32,,Trai,Hume,Hume,,,2587,0,1,8,33,0,0,0,9,0,0,29,205,,,,0.0,0.28,1.15,1.01,6.19,60,118,87
533,u,0.0,0.0,4.0,673,167.0,0,0.0,0,0.0,0.0,795,264.0,0,0,0.0,585.0,214.0,0,0,0.0,444.0,169.0,0.0,0.0,0.0,611,0,865,0,0.0,0.0,0.0,0.0,0.0,0.0,0.0,0.0,0.0,0.0,0.0,575.0,213.0,0.0,565.0,213.0,0.0,534.0,209.0,0.0,577.0,213.0,,,,32,,Aji,Alese,Alese,has joined Portsmouth on loan for the rest of the season.,,0,0,0,0,0,0,0,0,0,0,0,0,0,,,,0.0,0.0,0.0,0.0,0.0,0,0,0
534,u,0.0,0.0,3.8,793,237.0,0,0.0,-2,2.0,0.3,322,116.0,0,0,0.0,530.0,188.0,0,0,0.0,378.0,134.0,0.0,0.0,0.0,39413,0,65956,60,0.0,0.0,0.0,0.0,0.0,0.0,0.0,0.0,0.0,0.0,0.0,520.0,187.0,0.0,503.0,186.0,0.0,470.0,180.0,0.0,522.0,187.0,,,,32,,Joe,Anderson,Anderson,has joined Barrow FC permanently.,,0,0,0,0,0,0,0,0,0,0,0,0,0,,,,0.0,0.0,0.0,0.0,0.0,0,0,0
535,a,100.0,100.0,4.0,684,172.0,0,0.0,0,0.0,0.0,597,213.0,14,0,2.0,335.0,122.0,0,44,0.3,336.0,117.0,0.1,3.5,0.0,7528,16,7148,35,0.3,0.3,0.08,0.02,0.09,6.04,0.02,0.01,0.03,1.81,58.2,409.0,154.0,8.9,436.0,155.0,8.0,421.0,159.0,7.1,438.0,157.0,,,,32,,Dennis,Cirkin,Cirkin,,,301,0,0,1,2,0,0,0,1,0,0,3,26,,,,0.0,0.3,0.6,0.9,7.77,8,18,8
536,u,0.0,0.0,4.0,692,175.0,0,0.0,0,0.0,0.0,725,252.0,0,0,0.0,601.0,220.0,0,0,0.0,462.0,176.0,0.0,0.0,0.0,1255,0,1528,3,0.0,0.0,0.0,0.0,0.0,0.0,0.0,0.0,0.0,0.0,0.0,591.0,219.0,0.0,582.0,219.0,0.0,551.0,215.0,0.0,593.0,219.0,,,,32,,Leo Fuhr,Hjelde,Hjelde,has joined Sheffield United on loan for the rest of the season.,,0,0,0,0,0,0,0,0,0,0,0,0,0,,,,0.0,0.0,0.0,0.0,0.0,0,0,0
537,u,0.0,0.0,4.0,694,176.0,0,0.0,0,0.0,0.1,546,195.0,0,0,0.0,603.0,221.0,0,0,0.0,464.0,177.0,0.0,0.0,0.0,1038,0,16239,1,0.0,0.0,0.0,0.0,0.0,0.0,0.0,0.0,0.0,0.0,0.0,593.0,220.0,0.0,584.0,220.0,0.0,553.0,216.0,0.0,595.0,220.0,,,,32,,Niall,Huggins,Huggins,has joined Wycombe Wanderers on loan for the rest of the season.,,0,0,0,0,0,0,0,0,0,0,0,0,0,,,,0.0,0.0,0.0,0.0,0.0,0,0,0
538,u,0.0,0.0,3.8,805,248.0,0,0.0,-2,2.0,0.2,378,138.0,0,0,0.0,536.0,194.0,0,0,0.0,387.0,142.0,0.0,0.0,0.0,23261,0,33732,50,0.0,0.0,0.0,0.0,0.0,0.0,0.0,0.0,0.0,0.0,0.0,526.0,193.0,0.0,510.0,192.0,0.0,477.0,186.0,0.0,528.0,193.0,,,,32,,Zak,Johnson,Johnson,has joined York City on loan for the rest of the season.,,0,0,0,0,0,0,0,0,0,0,0,0,0,,,,0.0,0.0,0.0,0.0,0.0,0,0,0
539,a,100.0,100.0,4.0,671,165.0,0,0.0,0,0.0,0.1,533,190.0,16,6,1.8,367.0,136.0,0,59,3.0,119.0,44.0,0.8,4.0,0.0,8631,142,7976,38,3.0,3.0,0.03,0.11,0.14,4.57,0.01,0.03,0.04,1.29,34.6,432.0,160.0,4.8,447.0,161.0,12.0,403.0,148.0,5.2,451.0,161.0,,,,32,,Luke,O'Nien,O'Nien,,,318,0,0,2,1,0,0,0,1,1,0,3,22,,,,0.0,0.57,0.28,0.85,6.23,4,18,5
540,u,0.0,0.0,3.9,766,222.0,0,0.0,-1,1.0,0.3,338,122.0,0,0,0.0,560.0,203.0,0,0,0.0,416.0,156.0,0.0,0.0,0.0,47547,0,48490,53,0.0,0.0,0.0,0.0,0.0,0.0,0.0,0.0,0.0,0.0,0.0,550.0,202.0,0.0,537.0,202.0,0.0,505.0,197.0,0.0,552.0,202.0,,,,32,,Timothée,Pembélé,Pembele,has joined Le Havre AC on loan for the rest of the season.,,0,0,0,0,0,0,0,0,0,0,0,0,0,,,,0.0,0.0,0.0,0.0,0.0,0,0,0
541,a,100.0,100.0,3.8,796,240.0,0,0.0,-2,2.0,2.8,117,46.0,58,7,3.1,181.0,70.0,6,210,2.3,154.0,60.0,0.6,15.3,0.0,621600,1149,1074349,928,2.3,2.3,0.13,0.48,0.61,20.94,0.01,0.03,0.04,1.24,300.6,206.0,80.0,96.3,281.0,86.0,37.0,352.0,116.0,43.6,294.0,98.0,,,,32,,Reinildo,Mandava,Reinildo,,,1518,0,2,5,20,0,0,0,7,1,0,18,149,,,,0.0,0.3,1.19,1.07,7.71,30,100,70
542,u,0.0,0.0,4.0,712,187.0,0,0.0,0,0.0,0.1,514,183.0,2,0,1.0,458.0,167.0,0,11,0.0,478.0,185.0,0.0,0.5,0.0,3016,0,25331,7,0.0,0.0,0.0,0.01,0.01,1.33,0.0,0.01,0.01,0.9,33.6,435.0,162.0,2.4,459.0,167.0,0.0,567.0,224.0,3.6,461.0,165.0,,,,32,,Jenson,Seelt,Seelt,has joined Wolfsburg on loan for the rest of the season.,,133,0,0,0,2,0,0,0,0,0,0,1,18,,,,0.0,0.0,1.35,0.68,8.12,4,8,6
543,u,0.0,0.0,4.9,337,208.0,0,0.0,-6,6.0,0.3,300,105.0,34,0,2.4,289.0,124.0,3,81,0.0,736.0,307.0,0.0,6.9,0.0,90681,0,231360,43,0.0,0.0,0.35,0.62,0.97,11.3,0.05,0.09,0.14,1.57,81.4,388.0,173.0,116.8,256.0,157.0,75.0,296.0,159.0,27.0,355.0,169.0,,,,32,,Simon,Adingra,Adingra,has joined AS Monaco on loan for the rest of the season.,,649,1,1,4,8,0,0,0,2,0,0,9,45,,,,0.0,0.55,1.11,1.25,6.24,11,13,21
544,a,100.0,100.0,5.3,200,124.0,0,0.0,-2,2.0,0.1,464,160.0,57,6,3.8,81.0,35.0,3,174,4.3,62.0,24.0,0.8,10.8,0.0,22373,170,23533,209,4.3,4.3,2.36,0.55,2.91,16.76,0.18,0.04,0.22,1.27,134.0,337.0,153.0,98.5,278.0,166.0,188.0,163.0,91.0,41.0,305.0,151.0,,,1.0,32,,Habib,Diarra,Diarra,,,1189,2,5,5,11,0,0,0,4,0,0,13,62,,,,0.0,0.38,0.83,0.98,4.69,13,16,33
545,u,0.0,0.0,5.4,156,98.0,0,0.0,-1,1.0,0.0,732,305.0,1,0,1.0,504.0,234.0,0,4,0.0,780.0,340.0,0.0,0.2,0.0,462,0,4085,0,0.0,0.0,0.03,0.02,0.05,0.66,0.1,0.07,0.17,2.2,1.8,497.0,229.0,7.3,438.0,213.0,5.0,435.0,212.0,1.4,481.0,222.0,,,,32,,Patrick,Roberts,Roberts,has joined Birmingham City permanently.,,27,0,0,0,1,0,0,0,0,0,0,0,1,,,,0.0,0.0,3.33,0.0,3.33,0,0,1
546,a,100.0,100.0,4.9,343,214.0,0,0.0,-1,1.0,0.0,699,283.0,0,0,0.0,787.0,343.0,0,0,0.0,739.0,310.0,0.0,0.0,0.0,516,5,3522,2,0.0,0.0,0.0,0.0,0.0,0.0,0.0,0.0,0.0,0.0,0.0,786.0,342.0,0.0,782.0,342.0,0.0,778.0,340.0,0.0,786.0,342.0,,,,32,,Milan,Aleksić,Aleksić,,,0,0,0,0,0,0,0,0,0,0,0,0,0,,,,0.0,0.0,0.0,0.0,0.0,0,0,0
547,a,100.0,100.0,4.9,331,205.0,0,0.0,-1,1.0,1.1,186,64.0,111,3,3.7,97.0,41.0,8,460,1.3,223.0,97.0,0.3,22.7,0.0,392369,750,302040,2114,1.3,1.3,4.58,4.13,8.71,38.36,0.17,0.16,0.33,1.44,553.4,63.0,16.0,600.6,25.0,24.0,203.0,145.0,82.0,135.9,46.0,31.0,3.0,2.0,2.0,32,,Enzo,Le Fée,E.Le Fée,,,2390,4,4,9,31,0,0,1,5,0,0,27,258,,,,0.0,0.34,1.17,1.02,9.72,70,68,120
548,i,0.0,0.0,4.9,327,202.0,0,0.0,-1,1.0,0.0,755,321.0,14,0,1.0,494.0,225.0,0,42,0.0,732.0,305.0,0.0,2.9,0.0,1135,2,1669,2,0.0,0.0,0.87,0.48,1.35,8.54,0.2,0.11,0.31,1.93,29.4,438.0,193.0,33.6,377.0,191.0,69.0,302.0,161.0,12.7,410.0,186.0,,,,32,,Romaine,Mundle,Mundle,Hamstring injury - Expected back 01 Jun,,399,0,0,0,11,0,0,0,1,0,0,2,33,,,,0.0,0.0,2.48,0.45,7.44,5,6,22
549,u,0.0,0.0,4.8,358,223.0,0,0.0,-2,2.0,0.0,658,261.0,3,0,1.0,492.0,224.0,0,10,0.0,703.0,286.0,0.0,0.6,0.0,1972,0,4706,4,0.0,0.0,0.0,0.0,0.0,0.64,0.0,0.0,0.0,4.43,3.0,491.0,226.0,1.4,468.0,227.0,0.0,757.0,327.0,0.4,501.0,230.0,,,,32,,Dan,Neil,Neil,has joined Ipswich Town on loan for the rest of the season.,,13,0,0,0,0,0,0,0,0,0,0,0,2,,,,0.0,0.0,0.0,0.0,13.85,0,2,0
550,a,,,4.7,385,240.0,0,0.0,-3,3.0,0.0,665,265.0,0,0,0.0,766.0,329.0,0,0,0.0,694.0,281.0,0.0,0.0,0.0,1126,5,2829,9,0.0,0.0,0.0,0.0,0.0,0.0,0.0,0.0,0.0,0.0,0.0,765.0,328.0,0.0,760.0,328.0,0.0,750.0,325.0,0.0,765.0,328.0,,,,32,,Ian,Poveda-Ocampo,Poveda,,,0,0,0,0,0,0,0,0,0,0,0,0,0,,,,0.0,0.0,0.0,0.0,0.0,0,0,0
551,a,,,4.7,394,245.0,0,0.0,-3,3.0,0.0,591,223.0,23,2,1.6,403.0,172.0,1,87,2.3,159.0,60.0,0.5,4.9,0.0,6242,51,9433,19,2.3,2.3,0.69,0.89,1.58,9.21,0.1,0.13,0.23,1.3,54.2,413.0,181.0,121.3,251.0,156.0,63.0,313.0,167.0,23.8,363.0,173.0,,,,32,,Chris,Rigg,Rigg,,,637,0,0,3,4,0,0,0,1,0,0,9,50,,,,0.0,0.42,0.57,1.27,7.06,12,11,27
552,a,100.0,100.0,4.9,340,211.0,0,0.0,-1,1.0,0.1,567,211.0,64,3,2.4,290.0,125.0,0,334,2.0,178.0,70.0,0.4,13.1,0.0,11289,27,12560,27,2.0,2.0,0.85,1.1,1.95,34.2,0.03,0.04,0.07,1.29,287.8,216.0,89.0,235.1,156.0,105.0,113.0,242.0,133.0,63.7,218.0,107.0,,,,32,,Noah,Sadiki,Sadiki,,,2384,0,1,8,30,0,0,0,7,0,0,27,208,,,,0.0,0.3,1.13,1.02,7.85,41,79,88
553,a,100.0,100.0,4.9,338,209.0,0,0.0,-1,1.0,0.2,401,138.0,76,1,3.2,174.0,72.0,6,231,3.7,89.0,31.0,0.8,15.5,0.0,62667,83,71817,118,3.7,3.7,1.99,0.97,2.95,18.54,0.13,0.07,0.2,1.26,228.0,259.0,109.0,195.5,182.0,120.0,215.0,136.0,79.0,63.4,222.0,110.0,,,,32,,Chemsdine,Talbi,Talbi,,,1328,4,2,6,12,0,0,0,0,0,0,14,80,,,,0.0,0.41,0.81,0.95,5.42,9,19,52
554,a,,,4.3,592,349.0,0,0.0,-2,2.0,0.3,314,109.0,0,0,0.0,653.0,245.0,0,0,0.0,536.0,174.0,0.0,0.0,0.0,82162,43,80839,123,0.0,0.0,0.0,0.0,0.0,0.0,0.0,0.0,0.0,0.0,0.0,644.0,236.0,0.0,639.0,241.0,0.0,613.0,227.0,0.0,646.0,238.0,,,,32,,Abdoullah,Ba,Ba,,,0,0,0,0,0,0,0,0,0,0,0,0,0,,,,0.0,0.0,0.0,0.0,0.0,0,0,0
555,u,0.0,0.0,4.5,417,252.0,0,0.0,0,0.0,0.0,650,256.0,0,0,0.0,696.0,272.0,0,0,0.0,602.0,211.0,0.0,0.0,0.0,1291,0,9869,2,0.0,0.0,0.0,0.0,0.0,0.0,0.0,0.0,0.0,0.0,0.0,690.0,266.0,0.0,685.0,269.0,0.0,666.0,261.0,0.0,692.0,268.0,,,,32,,Alan,Browne,Browne,has joined Middlesbrough on loan for the rest of the season.,,0,0,0,0,0,0,0,0,0,0,0,0,0,,,,0.0,0.0,0.0,0.0,0.0,0,0,0
556,u,0.0,0.0,4.5,436,260.0,0,0.0,0,0.0,0.0,781,338.0,0,0,0.0,707.0,279.0,0,0,0.0,617.0,219.0,0.0,0.0,0.0,0,0,1807,0,0.0,0.0,0.0,0.0,0.0,0.0,0.0,0.0,0.0,0.0,0.0,701.0,273.0,0.0,697.0,276.0,0.0,680.0,269.0,0.0,703.0,275.0,,,,32,,Pierre,Ekwah Elimby,Ekwah,Has joined AS Saint-Etienne permanently.,,0,0,0,0,0,0,0,0,0,0,0,0,0,,,,0.0,0.0,0.0,0.0,0.0,0,0,0
558,u,0.0,0.0,4.3,599,352.0,0,0.0,-2,2.0,0.2,404,140.0,0,0,0.0,655.0,247.0,0,0,0.0,541.0,177.0,0.0,0.0,0.0,30710,0,45986,37,0.0,0.0,0.0,0.0,0.0,0.0,0.0,0.0,0.0,0.0,0.0,645.0,237.0,0.0,640.0,242.0,0.0,615.0,229.0,0.0,647.0,239.0,,,,32,,Jay,Matete,Matete,has joined MK Dons permanently.,,0,0,0,0,0,0,0,0,0,0,0,0,0,,,,0.0,0.0,0.0,0.0,0.0,0,0,0
559,u,0.0,0.0,4.4,549,329.0,0,0.0,-1,1.0,0.0,648,254.0,0,0,0.0,677.0,261.0,0,0,0.0,577.0,195.0,0.0,0.0,0.0,2951,0,8664,4,0.0,0.0,0.0,0.0,0.0,0.0,0.0,0.0,0.0,0.0,0.0,669.0,253.0,0.0,665.0,257.0,0.0,644.0,247.0,0.0,671.0,255.0,,,,32,,Nectarios,Triantis,Triantis,has joined Minnesota United permanently.,,0,0,0,0,0,0,0,0,0,0,0,0,0,,,,0.0,0.0,0.0,0.0,0.0,0,0,0
560,a,100.0,100.0,5.0,258,54.0,0,0.0,-5,5.0,1.3,172,26.0,61,1,2.3,301.0,32.0,7,196,0.3,356.0,45.0,0.1,12.2,0.0,969630,120,883995,771,0.3,0.3,3.73,0.17,3.9,17.94,0.32,0.01,0.33,1.53,168.8,306.0,30.0,24.2,391.0,51.0,384.0,62.0,25.0,57.6,242.0,29.0,,,,32,,Wilson,Isidor,Isidor,,,1057,4,1,4,15,0,0,0,1,0,0,11,44,,,,0.0,0.34,1.28,0.94,3.75,9,16,19
561,a,,,5.2,215,50.0,0,0.0,-3,3.0,0.5,258,38.0,39,0,2.1,324.0,35.0,5,121,0.7,300.0,37.0,0.1,7.5,0.0,272503,19,310449,162,0.7,0.7,2.13,0.22,2.35,12.67,0.26,0.03,0.29,1.52,117.6,357.0,35.0,53.8,344.0,41.0,188.0,162.0,38.0,35.5,325.0,39.0,,,,32,,Eliezer,Mayenda Dossou,Mayenda,,,750,2,0,3,9,0,0,0,0,0,0,8,26,,,,0.0,0.36,1.08,0.96,3.12,5,7,14
562,a,,,4.2,648,91.0,0,0.0,-3,3.0,0.4,274,42.0,0,0,0.0,648.0,65.0,0,0,0.0,525.0,51.0,0.0,0.0,0.0,69841,83,94325,271,0.0,0.0,0.0,0.0,0.0,0.0,0.0,0.0,0.0,0.0,0.0,640.0,65.0,0.0,634.0,64.0,0.0,608.0,64.0,0.0,642.0,65.0,,,,32,,Ahmed,Abdullahi,Abdullahi,,,0,0,0,0,0,0,0,0,0,0,0,0,0,,,,0.0,0.0,0.0,0.0,0.0,0,0,0
563,u,0.0,0.0,4.4,559,79.0,0,0.0,-1,1.0,0.1,521,71.0,0,0,0.0,683.0,72.0,0,0,0.0,585.0,60.0,0.0,0.0,0.0,5979,0,20460,8,0.0,0.0,0.0,0.0,0.0,0.0,0.0,0.0,0.0,0.0,0.0,676.0,72.0,0.0,671.0,71.0,0.0,652.0,71.0,0.0,678.0,72.0,,,,32,,Luís Hemir,Silva Semedo,Luís Hemir,has joined Moreirense on loan for the rest of the season.,,0,0,0,0,0,0,0,0,0,0,0,0,0,,,,0.0,0.0,0.0,0.0,0.0,0,0,0
564,u,0.0,0.0,4.4,540,76.0,0,0.0,-1,1.0,0.1,523,72.0,0,0,0.0,673.0,69.0,0,0,0.0,572.0,57.0,0.0,0.0,0.0,3530,0,20239,5,0.0,0.0,0.0,0.0,0.0,0.0,0.0,0.0,0.0,0.0,0.0,664.0,69.0,0.0,660.0,68.0,0.0,639.0,68.0,0.0,666.0,69.0,,,,32,,Nazarii,Rusyn,Rusyn,has joined Arka on loan for the rest of the season.,,0,0,0,0,0,0,0,0,0,0,0,0,0,,,,0.0,0.0,0.0,0.0,0.0,0,0,0
668,a,100.0,100.0,5.1,219,134.0,0,0.0,1,-1.0,3.3,105,34.0,104,5,3.7,100.0,43.0,5,498,3.3,114.0,43.0,0.6,20.4,0.0,1377252,728,1370039,1389,3.3,3.3,0.85,2.5,3.35,37.54,0.03,0.1,0.13,1.43,581.6,54.0,14.0,484.7,38.0,34.0,91.0,272.0,147.0,115.7,78.0,48.0,1.0,1.0,,32,,Granit,Xhaka,Xhaka,,,2361,1,5,8,27,0,0,0,5,0,0,26,296,,,,0.0,0.3,1.03,0.99,11.28,43,118,135
670,a,100.0,100.0,4.8,369,15.0,0,0.0,3,-3.0,7.7,51,9.0,121,11,4.2,47.0,5.0,12,516,3.7,85.0,10.0,0.8,25.2,0.0,2176625,4331,1400105,5219,3.7,3.7,0.0,0.1,0.1,41.91,0.0,0.0,0.0,1.45,758.8,11.0,3.0,40.0,366.0,2.0,0.0,760.0,87.0,79.8,158.0,3.0,,,,32,,Robin,Roefs,Roefs,,,2610,0,0,9,34,0,1,0,3,0,92,29,110,,,,3.17,0.31,1.17,1.0,0.0,0,33,290
678,u,0.0,0.0,3.9,749,214.0,0,0.0,-1,1.0,0.5,270,101.0,1,0,0.3,521.0,181.0,0,4,0.0,404.0,152.0,0.0,0.3,0.0,52353,0,83941,72,0.0,0.0,0.07,0.08,0.15,2.09,0.05,0.06,0.11,1.5,21.8,449.0,165.0,20.1,398.0,144.0,7.0,425.0,161.0,4.9,455.0,163.0,,,,32,,Arthur,Masuaku,Masuaku,has joined RC Lens on loan for the rest of the season.,,125,0,0,0,2,0,0,0,1,0,0,2,13,,,,0.0,0.0,1.44,1.44,7.2,4,6,3
683,a,100.0,100.0,4.1,650,153.0,0,0.0,1,-1.0,6.1,64,22.0,109,6,3.9,66.0,24.0,5,381,3.0,121.0,46.0,0.7,26.6,0.0,1658751,2235,1030881,6706,3.0,3.0,1.37,0.87,2.23,39.26,0.05,0.03,0.08,1.45,685.6,31.0,11.0,131.4,242.0,64.0,231.0,121.0,20.0,105.2,91.0,23.0,,,,32,,Omar,Alderete,Alderete,,,2443,1,1,9,31,0,0,0,6,0,0,27,301,,,,0.0,0.33,1.14,0.99,10.2,28,249,91
694,a,100.0,100.0,4.5,419,80.0,0,0.0,5,-5.0,6.8,58,19.0,129,14,5.0,14.0,4.0,10,436,4.7,43.0,21.0,1.0,28.7,0.0,2502463,8237,1724742,4876,4.7,4.7,1.43,2.07,3.5,36.57,0.06,0.08,0.14,1.47,603.8,47.0,21.0,288.6,121.0,31.0,164.0,185.0,43.0,105.7,90.0,22.0,,,,32,,Nordi,Mukiele,Mukiele,,,2244,2,5,8,28,1,0,0,4,0,0,26,258,,,,0.0,0.32,1.12,1.04,9.22,61,169,105
724,a,,,4.5,427,86.0,0,0.0,0,0.0,0.1,573,205.0,46,0,1.8,374.0,142.0,0,190,1.7,198.0,73.0,0.4,10.2,0.0,10768,51,7320,80,1.7,1.7,0.5,0.75,1.25,28.37,0.03,0.05,0.08,1.81,238.0,253.0,101.0,116.1,257.0,72.0,67.0,304.0,92.0,42.1,301.0,101.0,,,,32,,Lutsharel,Geertruida,Geertruida,,,1411,0,0,2,21,0,0,0,1,0,0,14,117,,,,0.0,0.13,1.34,0.89,6.44,34,67,62
730,a,100.0,100.0,5.3,193,45.0,0,0.0,-2,2.0,0.7,231,33.0,73,1,2.9,206.0,19.0,11,253,3.7,93.0,13.0,0.7,13.8,0.0,353470,811,280611,1589,3.7,3.7,4.63,0.46,5.09,24.96,0.29,0.03,0.32,1.55,276.4,223.0,19.0,133.6,239.0,25.0,409.0,51.0,21.0,80.3,157.0,22.0,,,,32,,Brian,Brobbey,Brobbey,,,1450,6,1,5,19,0,0,0,5,0,0,16,60,,,,0.0,0.31,1.18,0.99,3.72,7,14,39
735,i,0.0,0.0,5.5,134,83.0,0,0.0,0,0.0,0.0,652,257.0,30,0,2.5,274.0,114.0,1,118,0.0,794.0,350.0,0.0,5.5,0.0,13860,3,13274,6,0.0,0.0,0.48,0.25,0.73,9.74,0.07,0.04,0.11,1.38,115.6,359.0,160.0,108.4,268.0,163.0,135.0,221.0,121.0,35.9,321.0,158.0,,,,32,,Bertrand,Traoré,Traoré,Knee injury - Expected back 02 May,,634,1,1,3,9,0,0,0,1,0,0,9,40,,,,0.0,0.43,1.28,1.28,5.68,11,11,18
775,u,0.0,0.0,4.5,495,305.0,0,0.0,0,0.0,0.0,823,368.0,0,0,0.0,747.0,313.0,0,0,0.0,668.0,261.0,0.0,0.0,0.0,160,0,140,0,0.0,0.0,0.0,0.0,0.0,0.0,0.0,0.0,0.0,0.0,0.0,745.0,311.0,0.0,738.0,311.0,0.0,725.0,307.0,0.0,745.0,311.0,,,,32,,Tymur,Tutierov,Tutierov,has joined Exeter City on loan for the rest of the season.,,0,0,0,0,0,0,0,0,0,0,0,0,0,,,,0.0,0.0,0.0,0.0,0.0,0,0,0
800,i,0.0,0.0,4.9,346,216.0,-1,1.0,-1,1.0,0.0,822,367.0,1,0,1.0,497.0,228.0,0,4,0.0,742.0,312.0,0.0,0.2,0.0,162,1,132,3,0.0,0.0,0.0,0.04,0.04,0.24,0.0,0.09,0.09,0.57,3.4,487.0,223.0,4.3,449.0,217.0,2.0,455.0,224.0,1.0,487.0,223.0,,,,32,,Djiamgone Jocelin Ta,Bi,Jocelin.T,Ankle injury - Expected back 01 Jun,,38,0,0,0,0,0,0,0,0,0,0,1,3,,,,0.0,0.0,0.0,2.37,7.11,1,0,2
813,d,50.0,0.0,5.0,276,170.0,0,0.0,0,0.0,0.0,785,342.0,9,0,1.8,380.0,161.0,0,27,0.0,754.0,321.0,0.0,1.8,0.0,1080,0,775,12,0.0,0.0,0.49,0.08,0.57,5.65,0.17,0.03,0.2,2.0,36.2,431.0,189.0,28.3,387.0,195.0,62.0,318.0,169.0,12.6,413.0,188.0,,,,32,,Nilson,Angulo,Angulo,Unknown - 50% chance of playing,,254,0,0,1,4,0,0,0,0,0,0,3,23,,,,0.0,0.35,1.42,1.06,8.15,7,10,6
821,a,,,4.5,475,290.0,0,0.0,0,0.0,0.0,820,365.0,0,0,0.0,732.0,302.0,0,0,0.0,648.0,246.0,0.0,0.0,0.0,53,5,12,4,0.0,0.0,0.0,0.0,0.0,0.0,0.0,0.0,0.0,0.0,0.0,729.0,299.0,0.0,723.0,300.0,0.0,709.0,295.0,0.0,730.0,300.0,,,,32,,Jack,Whittaker,Whittaker,,,0,0,0,0,0,0,0,0,0,0,0,0,0,,,,0.0,0.0,0.0,0.0,0.0,0,0,0
569,d,75.0,100.0,5.0,250,38.0,0,0.0,0,0.0,3.1,110,42.0,91,1,4.0,60.0,22.0,10,305,0.7,295.0,100.0,0.1,18.2,0.0,1032803,552,1217600,1085,0.5,0.7,1.39,1.25,2.64,28.67,0.07,0.06,0.13,1.38,574.8,56.0,26.0,133.6,238.0,63.0,218.0,133.0,25.0,92.7,121.0,35.0,,,,32,,Cristian,Romero,Romero,Knee injury - 75% chance of playing,,1869,4,1,5,33,0,0,0,9,2,0,22,224,,,,0.0,0.24,1.59,1.06,9.49,58,139,88
570,a,100.0,100.0,4.2,630,141.0,0,0.0,-3,3.0,0.1,441,165.0,39,1,2.2,305.0,112.0,1,135,2.7,139.0,55.0,0.6,9.3,0.0,18378,44,31288,45,2.7,2.7,0.29,0.21,0.5,16.04,0.03,0.02,0.05,1.52,274.6,224.0,89.0,12.7,417.0,151.0,42.0,345.0,114.0,33.0,333.0,111.0,,,,32,,Kevin,Danso,Danso,,,949,0,0,2,19,0,0,0,4,0,0,11,138,,,,0.0,0.19,1.8,1.04,12.42,20,111,34
571,i,0.0,0.0,4.3,576,124.0,0,0.0,-2,2.0,0.1,549,197.0,10,0,3.3,153.0,59.0,1,29,0.0,528.0,224.0,0.0,2.3,0.0,4454,0,12074,7,0.0,0.0,0.49,0.07,0.56,1.11,0.32,0.05,0.37,0.73,67.4,399.0,150.0,22.2,394.0,141.0,52.0,333.0,107.0,14.2,401.0,144.0,,,,32,,Ben,Davies,Davies,Ankle injury - Unknown return date,,136,1,0,0,3,0,0,0,1,0,0,2,14,,,,0.0,0.0,1.99,1.32,9.26,5,9,5
572,a,100.0,100.0,4.5,449,92.0,0,0.0,0,0.0,0.0,667,235.0,15,0,1.9,351.0,130.0,0,26,1.3,220.0,76.0,0.3,3.3,0.0,3992,25,2932,48,1.3,1.3,0.31,0.01,0.32,11.94,0.05,0.0,0.05,2.09,122.2,348.0,132.0,3.2,455.0,164.0,27.0,372.0,126.0,15.3,399.0,143.0,,,,32,,Radu,Drăgușin,Dragusin,,,513,0,0,0,13,0,0,0,0,0,0,5,70,,,,0.0,0.0,2.28,0.88,12.28,5,65,13
573,a,100.0,100.0,4.1,653,156.0,-1,1.0,-4,4.0,0.9,196,77.0,60,0,2.5,266.0,102.0,1,220,1.7,197.0,72.0,0.4,14.6,0.0,302679,136,364939,431,1.7,1.7,0.86,1.74,2.6,29.3,0.04,0.09,0.13,1.46,262.0,233.0,94.0,202.2,175.0,45.0,172.0,176.0,39.0,63.5,220.0,75.0,,,,32,,Djed,Spence,Spence,,,1806,0,0,7,29,0,0,0,4,0,0,21,128,,,,0.0,0.35,1.45,1.05,5.18,38,66,100
574,a,100.0,100.0,4.3,594,136.0,0,0.0,-2,2.0,0.3,325,118.0,16,2,1.1,445.0,159.0,0,68,0.3,344.0,122.0,0.1,3.7,0.0,51081,80,114021,27,0.3,0.3,0.16,0.67,0.83,17.05,0.02,0.06,0.08,1.65,160.8,314.0,118.0,157.2,208.0,54.0,88.0,276.0,81.0,40.7,306.0,103.0,,,,32,,Destiny,Udogie,Udogie,,,929,0,1,0,20,0,0,0,3,0,0,9,67,,,,0.0,0.0,1.94,0.87,4.46,21,25,53
575,a,100.0,100.0,4.4,547,118.0,0,0.0,-1,1.0,18.5,18,6.0,99,1,3.4,139.0,51.0,10,346,0.7,285.0,97.0,0.2,22.5,0.0,3533346,1289,4514644,15145,0.7,0.7,2.79,0.34,3.13,39.23,0.1,0.01,0.11,1.41,603.2,48.0,22.0,81.2,305.0,98.0,206.0,141.0,28.0,88.9,133.0,41.0,,,,32,,Micky,van de Ven,Van de Ven,,,2501,4,1,7,44,0,0,0,8,1,0,29,220,,,,0.0,0.25,1.58,1.04,6.62,31,153,98
576,u,0.0,0.0,4.0,713,188.0,0,0.0,0,0.0,0.0,739,255.0,0,0,0.0,615.0,228.0,0,0,0.0,479.0,186.0,0.0,0.0,0.0,0,0,2008,0,0.0,0.0,0.0,0.0,0.0,0.0,0.0,0.0,0.0,0.0,0.0,606.0,228.0,0.0,598.0,228.0,0.0,568.0,225.0,0.0,608.0,228.0,,,,32,,Ashley,Phillips,Phillips,Has joined Stoke City on loan for the rest of the season.,,0,0,0,0,0,0,0,0,0,0,0,0,0,,,,0.0,0.0,0.0,0.0,0.0,0,0,0
577,u,0.0,0.0,4.0,715,189.0,0,0.0,0,0.0,0.0,606,216.0,0,0,0.0,617.0,229.0,0,0,0.0,481.0,187.0,0.0,0.0,0.0,1005,0,9100,4,0.0,0.0,0.0,0.0,0.0,0.0,0.0,0.0,0.0,0.0,0.0,608.0,229.0,0.0,600.0,229.0,0.0,570.0,226.0,0.0,610.0,229.0,,,,32,,Takai,Kōta,Takai,has joined Borussia Mönchengladbach on loan for the rest of the season.,,0,0,0,0,0,0,0,0,0,0,0,0,0,,,,0.0,0.0,0.0,0.0,0.0,0,0,0
578,u,0.0,0.0,3.9,787,233.0,0,0.0,-1,1.0,0.3,319,115.0,0,0,0.0,576.0,210.0,0,0,0.0,434.0,165.0,0.0,0.0,0.0,7334,0,92325,22,0.0,0.0,0.0,0.0,0.0,0.0,0.0,0.0,0.0,0.0,0.0,566.0,209.0,0.0,554.0,209.0,0.0,523.0,205.0,0.0,568.0,209.0,,,,32,,Luka,Vušković,Vuskovic,has joined Hamburger SV on loan for the rest of the season.,,0,0,0,0,0,0,0,0,0,0,0,0,0,,,,0.0,0.0,0.0,0.0,0.0,0,0,0
579,u,0.0,0.0,8.5,9,5.0,0,0.0,0,0.0,0.1,450,152.0,0,0,0.0,826.0,371.0,0,0,0.0,825.0,371.0,0.0,0.0,0.0,0,0,25599,3,0.0,0.0,0.0,0.0,0.0,0.0,0.0,0.0,0.0,0.0,0.0,826.0,371.0,0.0,826.0,371.0,0.0,826.0,371.0,0.0,826.0,371.0,,,,32,,Son,Heung-min,Son,has joined Los Angeles FC permanently.,,0,0,0,0,0,0,0,0,0,0,0,0,0,,,,0.0,0.0,0.0,0.0,0.0,0,0,0
581,i,0.0,0.0,6.8,42,26.0,0,0.0,-2,2.0,0.1,449,151.0,0,0,0.0,823.0,368.0,0,0,0.0,819.0,365.0,0.0,0.0,0.0,1899,8,24000,13,0.0,0.0,0.0,0.0,0.0,0.0,0.0,0.0,0.0,0.0,0.0,823.0,368.0,0.0,823.0,368.0,0.0,823.0,368.0,0.0,823.0,368.0,,,,32,,James,Maddison,Maddison,Anterior cruciate ligament - Expected back 24 May,,0,0,0,0,0,0,0,0,0,0,0,0,0,,,,0.0,0.0,0.0,0.0,0.0,0,0,0
582,i,0.0,0.0,6.4,59,38.0,0,0.0,-1,1.0,9.3,36,11.0,75,0,3.9,77.0,32.0,7,257,0.0,816.0,364.0,0.0,11.7,0.0,3263726,9,5217739,1195,0.0,0.0,1.92,2.41,4.33,22.74,0.11,0.14,0.25,1.33,333.4,188.0,76.0,413.8,63.0,50.0,302.0,92.0,55.0,104.7,92.0,54.0,,4.0,3.0,32,,Mohammed,Kudus,Kudus,Thigh injury - Unknown return date,,1535,2,6,7,20,0,0,0,3,0,0,19,133,,,,0.0,0.41,1.17,1.11,7.8,29,9,95
583,i,0.0,0.0,6.4,58,37.0,0,0.0,-1,1.0,0.0,723,300.0,0,0,0.0,820.0,367.0,0,0,0.0,815.0,363.0,0.0,0.0,0.0,1113,6,2174,4,0.0,0.0,0.0,0.0,0.0,0.0,0.0,0.0,0.0,0.0,0.0,820.0,367.0,0.0,820.0,367.0,0.0,820.0,367.0,0.0,820.0,367.0,,,,32,,Dejan,Kulusevski,Kulusevski,Knee injury - Unknown return date,,0,0,0,0,0,0,0,0,0,0,0,0,0,,,,0.0,0.0,0.0,0.0,0.0,0,0,0
584,a,100.0,75.0,6.2,79,52.0,0,0.0,-3,3.0,0.1,436,147.0,57,1,2.3,303.0,132.0,5,199,1.7,210.0,91.0,0.3,9.2,0.0,42420,26,48077,153,1.7,1.3,2.11,1.38,3.48,14.3,0.21,0.14,0.35,1.4,210.4,271.0,111.0,304.2,111.0,80.0,250.0,112.0,69.0,76.7,170.0,87.0,1.0,,,32,,Mathys,Tel,Tel,,,919,3,1,1,19,0,0,0,0,0,0,9,78,,,,0.0,0.1,1.86,0.88,7.64,17,9,52
585,d,50.0,0.0,5.2,207,128.0,0,0.0,-3,3.0,0.2,410,142.0,64,0,3.2,176.0,73.0,3,269,0.0,769.0,332.0,0.0,12.3,0.0,56928,2,66956,18,0.0,0.0,0.45,0.68,1.13,20.56,0.03,0.04,0.07,1.32,268.6,229.0,96.0,159.7,207.0,133.0,85.0,284.0,154.0,51.6,266.0,135.0,,,,32,,Rodrigo,Bentancur,Bentancur,Hamstring injury - 50% chance of playing,,1407,1,1,5,21,0,0,0,5,0,0,17,207,,,,0.0,0.32,1.34,1.09,13.24,37,69,101
586,a,100.0,100.0,5.2,216,133.0,0,0.0,-3,3.0,0.2,395,134.0,42,2,2.2,315.0,138.0,0,139,1.0,261.0,117.0,0.2,8.1,0.0,102969,71,111568,30,1.0,1.0,1.18,0.43,1.61,12.91,0.12,0.04,0.16,1.28,143.2,328.0,146.0,94.5,288.0,169.0,141.0,214.0,119.0,37.6,317.0,156.0,,,,32,,Lucas,Bergvall,Bergvall,,,905,1,2,3,16,0,0,0,2,0,0,11,73,,,,0.0,0.3,1.59,1.09,7.26,20,17,36
587,a,100.0,25.0,5.2,210,129.0,0,0.0,-3,3.0,0.0,599,225.0,13,0,1.6,405.0,174.0,0,88,0.0,770.0,333.0,0.0,2.5,0.0,3313,3,15188,20,0.0,0.0,0.36,0.08,0.44,11.22,0.07,0.02,0.09,2.2,83.8,384.0,170.0,18.9,401.0,201.0,23.0,382.0,193.0,12.6,414.0,189.0,,,,32,,Yves,Bissouma,Bissouma,,,460,0,0,0,15,0,0,0,3,0,0,5,67,,,,0.0,0.0,2.93,0.98,13.11,18,25,24
588,i,0.0,0.0,5.3,201,125.0,0,0.0,-2,2.0,0.0,607,231.0,46,0,1.9,361.0,155.0,6,176,0.0,778.0,339.0,0.0,8.7,0.0,16390,0,18337,18,0.0,0.0,1.92,1.21,3.13,14.24,0.18,0.11,0.29,1.32,158.8,315.0,142.0,284.3,124.0,86.0,234.0,120.0,72.0,67.6,203.0,100.0,,,,32,,Wilson,Odobert,Odobert,Knee injury - Unknown return date,,972,0,2,2,13,0,0,0,0,0,0,10,77,,,,0.0,0.19,1.2,0.93,7.13,10,14,53
589,u,0.0,0.0,5.4,166,104.0,0,0.0,-1,1.0,0.0,765,326.0,0,0,0.0,807.0,357.0,0,0,0.0,785.0,343.0,0.0,0.0,0.0,115,0,1480,0,0.0,0.0,0.0,0.0,0.0,0.0,0.0,0.0,0.0,0.0,0.0,806.0,356.0,0.0,805.0,356.0,0.0,803.0,355.0,0.0,806.0,356.0,,,,32,,Manor,Solomon,Solomon,has joined Fiorentina on loan for the rest of the season.,,0,0,0,0,0,0,0,0,0,0,0,0,0,,,,0.0,0.0,0.0,0.0,0.0,0,0,0
590,u,0.0,0.0,4.9,322,199.0,0,0.0,-1,1.0,0.0,664,264.0,0,0,0.0,780.0,338.0,0,0,0.0,728.0,302.0,0.0,0.0,0.0,675,0,4503,4,0.0,0.0,0.0,0.0,0.0,0.0,0.0,0.0,0.0,0.0,0.0,779.0,337.0,0.0,775.0,337.0,0.0,771.0,335.0,0.0,779.0,337.0,,,,32,,Bryan,Gil Salvatierra,Bryan,has joined Girona permanently.,,0,0,0,0,0,0,0,0,0,0,0,0,0,,,,0.0,0.0,0.0,0.0,0.0,0,0,0
591,a,100.0,100.0,4.8,371,232.0,0,0.0,-2,2.0,0.2,403,139.0,59,2,2.7,234.0,93.0,6,229,2.0,177.0,69.0,0.4,12.3,0.0,24327,122,25917,211,2.0,2.0,1.46,1.29,2.75,24.53,0.09,0.08,0.17,1.54,250.4,243.0,104.0,137.9,234.0,150.0,141.0,213.0,118.0,52.9,257.0,128.0,,,,32,,Archie,Gray,Gray,,,1431,2,2,5,27,0,0,0,5,0,0,18,128,,,,0.0,0.31,1.7,1.13,8.05,11,62,55
592,u,0.0,0.0,5.0,271,165.0,0,0.0,0,0.0,0.0,798,352.0,0,0,0.0,797.0,351.0,0,0,0.0,753.0,320.0,0.0,0.0,0.0,0,0,687,0,0.0,0.0,0.0,0.0,0.0,0.0,0.0,0.0,0.0,0.0,0.0,796.0,350.0,0.0,794.0,350.0,0.0,789.0,348.0,0.0,796.0,350.0,,,,32,,Mikey,Moore,Moore,Has joined Rangers on loan for the rest of the season.,,0,0,0,0,0,0,0,0,0,0,0,0,0,,,,0.0,0.0,0.0,0.0,0.0,0,0,0
593,a,100.0,75.0,4.5,443,265.0,0,0.0,-5,5.0,1.1,187,65.0,66,1,2.9,201.0,81.0,2,293,2.3,157.0,59.0,0.5,14.7,0.0,402660,240,590706,1963,2.3,1.7,1.5,1.08,2.58,26.32,0.1,0.07,0.17,1.76,314.6,199.0,82.0,151.3,217.0,140.0,152.0,197.0,108.0,62.0,229.0,114.0,,,,32,,Pape Matar,Sarr,P.M.Sarr,,,1348,2,3,3,22,0,0,0,2,0,0,13,180,,,,0.0,0.2,1.47,0.87,12.02,32,72,76
594,u,0.0,0.0,4.5,505,314.0,0,0.0,0,0.0,0.0,740,311.0,0,0,0.0,755.0,320.0,0,0,0.0,677.0,269.0,0.0,0.0,0.0,0,0,2824,0,0.0,0.0,0.0,0.0,0.0,0.0,0.0,0.0,0.0,0.0,0.0,754.0,319.0,0.0,747.0,319.0,0.0,734.0,315.0,0.0,754.0,319.0,,,,32,,Yang,Min-hyeok,Min-hyeok,has joined Coventry City on loan for the rest of the season.,,0,0,0,0,0,0,0,0,0,0,0,0,0,,,,0.0,0.0,0.0,0.0,0.0,0,0,0
595,a,,,4.3,601,354.0,0,0.0,-2,2.0,0.2,369,125.0,1,0,1.0,467.0,203.0,0,3,0.3,345.0,154.0,0.1,0.2,0.0,25232,23,31127,64,0.3,0.3,0.0,0.01,0.01,0.75,0.0,0.06,0.06,4.82,0.6,505.0,231.0,1.8,461.0,222.0,0.0,617.0,231.0,0.2,507.0,233.0,,,,32,,Callum,Olusesi,Olusesi,,,14,0,0,0,0,0,0,0,0,0,0,0,2,,,,0.0,0.0,0.0,0.0,12.86,0,0,2
596,a,100.0,100.0,7.2,31,13.0,0,0.0,-3,3.0,1.1,184,28.0,37,2,2.8,231.0,22.0,4,167,2.0,192.0,23.0,0.3,5.1,0.0,146902,433,531343,1020,2.0,2.0,3.0,0.22,3.21,17.31,0.31,0.02,0.33,1.79,183.0,295.0,29.0,67.2,320.0,36.0,307.0,89.0,29.0,55.6,250.0,31.0,,,2.0,32,,Dominic,Solanke-Mitchell,Solanke,,,868,3,0,0,19,0,0,0,1,0,0,9,57,,,,0.0,0.0,1.97,0.93,5.91,18,13,26
597,a,100.0,100.0,6.3,65,21.0,0,0.0,-2,2.0,5.6,69,13.0,95,2,3.5,131.0,12.0,13,425,4.3,64.0,9.0,0.7,15.1,0.0,3013884,678,3072849,2569,4.3,4.3,6.49,1.27,7.76,23.02,0.37,0.07,0.44,1.33,488.6,92.0,7.0,191.3,185.0,16.0,663.0,21.0,13.0,133.7,48.0,11.0,,,5.0,32,,Richarlison,de Andrade,Richarlison,,,1563,9,3,5,24,0,0,0,5,0,0,16,121,,,,0.0,0.29,1.38,0.92,6.97,20,51,50
598,u,0.0,0.0,4.5,468,66.0,0,0.0,0,0.0,0.0,677,87.0,0,0,0.0,727.0,76.0,0,0,0.0,641.0,64.0,0.0,0.0,0.0,0,0,5129,1,0.0,0.0,0.0,0.0,0.0,0.0,0.0,0.0,0.0,0.0,0.0,723.0,76.0,0.0,717.0,75.0,0.0,702.0,75.0,0.0,724.0,76.0,,,,32,,Will,Lankshear,Lankshear,has joined Oxford United on loan for the rest of the season.,,0,0,0,0,0,0,0,0,0,0,0,0,0,,,,0.0,0.0,0.0,0.0,0.0,0,0,0
599,u,0.0,0.0,4.3,596,83.0,0,0.0,-2,2.0,0.5,253,37.0,2,0,1.0,465.0,57.0,0,5,0.0,539.0,52.0,0.0,0.5,0.0,60820,0,111416,95,0.0,0.0,0.0,0.01,0.01,0.03,0.0,0.13,0.13,0.39,1.0,503.0,60.0,4.1,450.0,59.0,2.0,447.0,60.0,0.7,491.0,60.0,,,,32,,Dane,Scarlett,Scarlett,has joined Hibernian on loan for the rest of the season.,,7,0,0,0,0,0,0,0,0,0,0,0,1,,,,0.0,0.0,0.0,0.0,12.86,0,0,1
673,a,100.0,100.0,5.5,135,84.0,0,0.0,0,0.0,0.7,216,77.0,95,1,3.5,126.0,56.0,11,401,0.3,359.0,166.0,0.1,17.3,0.0,370177,100,367087,281,0.3,0.3,1.33,0.55,1.88,29.39,0.07,0.03,0.1,1.47,498.4,87.0,28.0,116.0,258.0,158.0,170.0,180.0,98.0,78.7,161.0,83.0,,,,32,,João Maria,Lobo Alves Palhares Costa Palhinha Gonçalves,J.Palhinha,,,1802,3,3,4,32,0,0,0,6,0,0,19,249,,,,0.0,0.2,1.6,0.95,12.44,97,80,72
717,a,100.0,100.0,6.5,53,34.0,0,0.0,-5,5.0,1.2,180,62.0,66,1,2.5,280.0,119.0,5,302,1.0,276.0,126.0,0.2,10.2,0.0,836812,618,754408,1283,1.0,1.0,2.31,3.55,5.86,29.69,0.13,0.2,0.33,1.68,294.2,210.0,88.0,481.9,40.0,35.0,219.0,131.0,77.0,99.5,101.0,57.0,2.0,3.0,4.0,32,,Xavi,Simons,Xavi,,,1595,1,4,3,34,0,0,0,4,1,0,17,141,,,,0.0,0.17,1.92,0.96,7.96,33,25,83
726,a,100.0,100.0,6.9,40,15.0,0,0.0,-1,1.0,0.4,291,45.0,44,2,1.8,386.0,46.0,1,128,2.3,170.0,22.0,0.3,6.4,0.0,133233,118,121078,423,2.3,2.3,1.71,1.34,3.05,23.03,0.12,0.09,0.21,1.58,152.4,323.0,32.0,235.6,155.0,13.0,217.0,134.0,32.0,59.5,234.0,28.0,,,,32,,Randal,Kolo Muani,Kolo Muani,,,1313,1,1,3,27,0,0,0,2,0,0,16,93,,,,0.0,0.21,1.85,1.1,6.37,21,20,52
745,a,,,4.0,736,208.0,0,0.0,0,0.0,0.0,617,220.0,1,0,1.0,460.0,169.0,0,3,0.0,501.0,205.0,0.0,0.2,0.0,2108,5,2118,20,0.0,0.0,0.0,0.0,0.0,0.0,0.0,0.0,0.0,0.0,0.4,506.0,178.0,0.5,476.0,174.0,0.0,589.0,243.0,0.1,510.0,179.0,,,,32,,Jun'ai,Byfield,Byfield,,,1,0,0,0,0,0,0,0,0,0,0,0,0,,,,0.0,0.0,0.0,0.0,0.0,0,0,0
796,a,100.0,100.0,5.0,252,152.0,-1,1.0,-5,5.0,0.1,505,183.0,22,2,2.2,314.0,137.0,0,112,1.0,256.0,113.0,0.2,4.4,0.0,36869,60,26757,189,1.0,1.0,0.56,0.52,1.08,15.85,0.08,0.07,0.15,2.14,98.8,373.0,165.0,122.9,249.0,154.0,86.0,281.0,152.0,30.8,344.0,168.0,,,,32,,Conor,Gallagher,Gallagher,,,667,0,1,0,18,0,0,0,0,0,0,8,66,,,,0.0,0.0,2.43,1.08,8.91,10,19,37
804,a,,,4.0,733,205.0,0,0.0,0,0.0,0.0,676,238.0,3,0,0.8,514.0,178.0,0,0,0.3,339.0,120.0,0.1,0.8,0.0,2543,32,1121,39,0.3,0.3,0.02,0.03,0.05,2.61,0.01,0.02,0.03,1.65,12.8,460.0,167.0,31.9,382.0,137.0,17.0,395.0,142.0,6.2,443.0,159.0,,,,32,,João Victor,de Souza Menezes,Souza,,,142,0,0,0,3,0,0,0,1,0,0,2,6,,,,0.0,0.0,1.9,1.27,3.8,0,6,3
811,a,,,4.5,461,279.0,0,0.0,0,0.0,0.0,793,348.0,0,0,0.0,722.0,294.0,0,0,0.0,635.0,235.0,0.0,0.0,0.0,393,4,195,3,0.0,0.0,0.0,0.0,0.0,0.0,0.0,0.0,0.0,0.0,0.0,717.0,289.0,0.0,712.0,291.0,0.0,696.0,284.0,0.0,718.0,290.0,,,,32,,Rio,Kyerematen,Kyerematen,,,0,0,0,0,0,0,0,0,0,0,0,0,0,,,,0.0,0.0,0.0,0.0,0.0,0,0,0
601,u,0.0,0.0,4.0,664,41.0,0,0.0,0,0.0,0.2,363,51.0,0,0,0.0,579.0,65.0,0,0,0.0,437.0,55.0,0.0,0.0,0.0,3874,0,43049,20,0.0,0.0,0.0,0.0,0.0,0.0,0.0,0.0,0.0,0.0,0.0,569.0,65.0,0.0,558.0,50.0,0.0,527.0,37.0,0.0,571.0,65.0,,,,32,,Wes,Foderingham,Foderingham,has joined Aris Limassol permanently.,,0,0,0,0,0,0,0,0,0,0,0,0,0,,,,0.0,0.0,0.0,0.0,0.0,0,0,0
602,u,0.0,0.0,3.9,770,84.0,0,0.0,-1,1.0,0.2,377,54.0,0,0,0.0,563.0,56.0,0,0,0.0,419.0,46.0,0.0,0.0,0.0,11331,0,20694,43,0.0,0.0,0.0,0.0,0.0,0.0,0.0,0.0,0.0,0.0,0.0,553.0,56.0,0.0,540.0,39.0,0.0,508.0,26.0,0.0,555.0,56.0,,,,32,,Krisztián,Hegyi,Hegyi,has joined MTK Budapest on loan for the rest of the season.,,0,0,0,0,0,0,0,0,0,0,0,0,0,,,,0.0,0.0,0.0,0.0,0.0,0,0,0
603,a,100.0,100.0,4.1,659,160.0,0,0.0,-4,4.0,2.4,123,48.0,88,6,3.4,136.0,48.0,3,288,3.0,122.0,47.0,0.7,21.5,0.0,421022,1163,916832,2185,3.0,3.5,0.49,1.87,2.36,34.84,0.02,0.08,0.1,1.44,462.4,106.0,47.0,296.8,116.0,29.0,88.0,275.0,80.0,84.9,145.0,48.0,,,,32,,El Hadji Malick,Diouf,Diouf,,,2183,0,6,7,40,0,0,0,4,0,0,24,206,,,,0.0,0.29,1.65,0.99,7.05,33,138,97
604,u,0.0,0.0,4.4,524,102.0,0,0.0,-1,1.0,0.1,585,209.0,0,0,0.0,669.0,254.0,0,0,0.0,563.0,232.0,0.0,0.0,0.0,1719,0,20817,1,0.0,0.0,0.0,0.0,0.0,0.0,0.0,0.0,0.0,0.0,0.0,660.0,254.0,0.0,655.0,254.0,0.0,634.0,253.0,0.0,662.0,254.0,,,,32,,Emerson,Palmieri dos Santos,Emerson,has joined Marseille permanently.,,0,0,0,0,0,0,0,0,0,0,0,0,0,,,,0.0,0.0,0.0,0.0,0.0,0,0,0
606,a,100.0,100.0,4.4,536,112.0,0,0.0,-1,1.0,0.4,281,105.0,98,21,3.9,67.0,25.0,5,295,12.0,1.0,1.0,2.7,22.3,0.0,65355,20900,24759,502,12.0,12.5,2.26,0.59,2.85,32.08,0.1,0.03,0.13,1.45,638.2,42.0,18.0,51.8,348.0,123.0,240.0,117.0,19.0,93.0,117.0,33.0,,,,32,,Konstantinos,Mavropanos,Mavropanos,,,1992,3,0,4,36,1,0,0,2,0,0,21,268,,,,0.0,0.18,1.63,0.95,11.2,34,214,79
607,u,0.0,0.0,4.4,529,106.0,0,0.0,-1,1.0,0.0,609,217.0,3,0,1.5,409.0,150.0,0,-1,0.0,567.0,235.0,0.0,0.7,0.0,1288,0,12351,6,0.0,0.0,0.1,0.03,0.13,3.42,0.05,0.02,0.07,1.71,39.0,426.0,159.0,3.9,451.0,162.0,8.0,422.0,160.0,5.1,452.0,162.0,,,,32,,Nayef,Aguerd,N.Aguerd,has joined Marseille permanently.,,180,0,0,0,8,0,0,0,0,0,0,2,23,,,,0.0,0.0,4.0,1.0,7.5,1,14,8
608,a,100.0,100.0,4.3,606,139.0,0,0.0,-2,2.0,0.0,621,221.0,21,0,1.8,370.0,139.0,0,86,0.0,546.0,230.0,0.0,4.9,0.0,5042,5,7117,17,0.0,0.5,0.18,0.32,0.5,13.28,0.02,0.04,0.06,1.83,138.2,334.0,127.0,71.7,312.0,102.0,22.0,384.0,134.0,23.2,368.0,126.0,5.0,,,32,,Ollie,Scarles,Scarles,,,654,0,1,0,16,0,0,0,1,0,0,9,73,,,,0.0,0.0,2.2,1.24,9.91,29,43,35
609,a,100.0,75.0,4.3,589,133.0,0,0.0,-2,2.0,0.1,489,176.0,44,0,2.2,307.0,113.0,1,161,1.3,219.0,75.0,0.3,10.2,0.0,12710,20,20350,56,1.3,1.4,0.25,0.31,0.56,31.66,0.01,0.02,0.03,1.68,370.6,162.0,68.0,65.5,326.0,109.0,24.0,379.0,132.0,46.1,284.0,93.0,,,,32,,Jean-Clair,Todibo,Todibo,,,1701,0,1,1,34,0,0,0,4,1,0,20,172,,,,0.0,0.05,1.8,1.06,8.36,37,121,86
610,a,100.0,100.0,4.1,652,155.0,0,0.0,-4,4.0,4.6,85,28.0,63,0,2.9,197.0,79.0,0,190,0.7,281.0,95.0,0.2,15.4,0.0,285721,415,2324513,3690,0.7,1.2,0.0,0.93,0.93,33.11,0.0,0.04,0.04,1.57,406.6,138.0,60.0,289.7,120.0,30.0,30.0,368.0,123.0,73.0,182.0,62.0,,,,32,,Aaron,Wan-Bissaka,Wan-Bissaka,,,1903,0,3,3,39,0,0,0,4,0,0,21,177,,,,0.0,0.14,1.84,0.99,7.71,29,134,66
611,u,0.0,0.0,4.0,710,185.0,0,0.0,0,0.0,0.1,554,199.0,0,0,0.0,613.0,226.0,0,0,0.0,476.0,183.0,0.0,0.0,0.0,0,0,13340,4,0.0,0.0,0.0,0.0,0.0,0.0,0.0,0.0,0.0,0.0,0.0,604.0,226.0,0.0,596.0,226.0,0.0,565.0,222.0,0.0,606.0,226.0,,,,32,,Kaelan,Casey,Casey,has joined Leyton Orient on loan for the rest of the season.,,0,0,0,0,0,0,0,0,0,0,0,0,0,,,,0.0,0.0,0.0,0.0,0.0,0,0,0
612,u,0.0,0.0,5.9,97,63.0,0,0.0,-1,1.0,1.1,189,67.0,69,0,3.8,85.0,39.0,8,291,0.0,805.0,356.0,0.0,11.7,0.0,897173,0,976526,171,0.0,0.0,2.85,2.0,4.85,24.22,0.17,0.12,0.29,1.44,374.6,158.0,58.0,397.2,68.0,53.0,186.0,165.0,92.0,95.7,111.0,62.0,,,,32,,Lucas,Tolentino Coelho de Lima,L.Paquetá,has joined Flamengo permanently.,,1513,4,2,3,33,0,0,0,5,1,0,18,146,,,,0.0,0.18,1.96,1.07,8.68,40,30,76
613,a,100.0,100.0,5.7,114,73.0,0,0.0,-3,3.0,0.3,311,108.0,82,3,2.8,229.0,91.0,6,326,3.0,137.0,50.0,0.5,14.4,0.0,49923,275,113372,538,3.0,3.5,4.46,0.4,4.86,30.24,0.24,0.02,0.26,1.62,417.0,129.0,43.0,149.4,221.0,142.0,352.0,71.0,41.0,92.0,125.0,70.0,,,,32,,Tomáš,Souček,Souček,,,1678,4,2,5,36,0,0,0,2,1,0,18,179,,,,0.0,0.27,1.93,0.97,9.6,30,99,50
615,a,100.0,75.0,5.5,145,91.0,0,0.0,0,0.0,1.4,168,58.0,95,3,3.8,83.0,37.0,10,334,1.0,266.0,121.0,0.2,17.3,0.0,559774,1556,398676,2630,1.0,1.1,4.94,1.95,6.89,28.72,0.23,0.09,0.32,1.34,371.0,161.0,60.0,343.2,83.0,61.0,487.0,35.0,19.0,119.8,70.0,43.0,2.0,,,32,,Crysencio,Summerville,Summerville,,,1933,5,3,6,34,0,0,0,4,0,0,23,168,,,,0.0,0.28,1.58,1.07,7.82,33,42,93
619,u,0.0,0.0,4.9,339,210.0,0,0.0,-1,1.0,0.0,686,277.0,5,0,1.0,496.0,227.0,0,11,0.0,737.0,308.0,0.0,1.0,0.0,868,0,3420,3,0.0,0.0,0.07,0.03,0.1,1.82,0.05,0.02,0.07,1.35,9.2,468.0,209.0,14.5,412.0,206.0,4.0,440.0,216.0,2.5,467.0,211.0,,,,32,,Luis Guilherme,Lira dos Santos,L.Guilherme,has joined Sporting CP permanently.,,121,0,0,0,2,0,0,0,0,0,0,1,11,,,,0.0,0.0,1.49,0.74,8.18,1,2,8
620,u,0.0,0.0,4.5,447,267.0,0,0.0,0,0.0,0.0,611,234.0,1,0,1.0,479.0,213.0,0,3,0.0,624.0,225.0,0.0,0.2,0.0,3770,0,9594,7,0.0,0.0,0.0,0.01,0.01,0.73,0.0,0.11,0.11,8.21,0.0,707.0,279.0,1.5,466.0,225.0,2.0,450.0,220.0,0.4,500.0,229.0,,,,32,,George,Earthy,Earthy,has joined Bristol City on loan for the rest of the season.,,8,0,0,0,1,0,0,0,0,0,0,0,0,,,,0.0,0.0,11.25,0.0,0.0,0,0,0
621,u,0.0,0.0,4.3,584,346.0,0,0.0,-2,2.0,0.2,370,126.0,9,0,1.3,432.0,191.0,0,49,0.0,532.0,172.0,0.0,2.1,0.0,43311,0,56288,56,0.0,0.0,0.0,0.17,0.17,4.03,0.0,0.1,0.1,2.32,31.6,436.0,191.0,52.3,346.0,184.0,2.0,445.0,218.0,8.6,428.0,192.0,,,,32,,Andy,Irving,Irving,has joined Sparta Prague permanently.,,156,0,0,0,4,0,0,0,0,0,0,2,22,,,,0.0,0.0,2.31,1.15,12.69,6,2,14
622,u,0.0,0.0,4.4,551,331.0,0,0.0,-1,1.0,0.1,581,215.0,0,0,0.0,679.0,263.0,0,0,0.0,579.0,197.0,0.0,0.0,0.0,1052,0,11988,6,0.0,0.0,0.0,0.0,0.0,0.0,0.0,0.0,0.0,0.0,0.0,671.0,255.0,0.0,667.0,259.0,0.0,646.0,249.0,0.0,673.0,257.0,,,,32,,Lewis,Orford,Orford,has joined Stevenage on loan for the rest of the season.,,0,0,0,0,0,0,0,0,0,0,0,0,0,,,,0.0,0.0,0.0,0.0,0.0,0,0,0
623,a,100.0,100.0,4.4,546,327.0,0,0.0,-1,1.0,0.5,254,88.0,36,1,1.7,389.0,164.0,0,212,0.7,284.0,129.0,0.2,8.2,0.0,144734,65,169289,278,0.7,1.2,0.21,1.06,1.27,21.2,0.02,0.08,0.1,1.66,185.8,291.0,126.0,140.8,231.0,148.0,37.0,353.0,182.0,36.5,319.0,157.0,,,,32,,Freddie,Potts,Potts,,,1151,0,1,1,24,0,0,0,1,0,0,12,116,,,,0.0,0.08,1.88,0.94,9.07,27,50,39
624,a,,,7.6,20,7.0,0,0.0,-4,4.0,10.1,32,6.0,157,14,4.9,17.0,4.0,23,607,7.3,11.0,3.0,1.0,20.7,0.0,2794176,24788,3355334,14540,7.3,7.8,6.51,4.13,10.64,49.36,0.2,0.13,0.33,1.55,737.0,17.0,3.0,548.0,31.0,1.0,724.0,12.0,8.0,200.9,9.0,3.0,1.0,1.0,2.0,32,,Jarrod,Bowen,Bowen,,,2869,8,10,6,55,0,0,0,4,0,0,32,243,,,,0.0,0.19,1.73,1.0,7.62,42,63,138
625,u,0.0,0.0,5.6,120,33.0,0,0.0,-4,4.0,0.6,250,36.0,12,0,1.5,415.0,49.0,0,28,0.0,800.0,87.0,0.0,2.1,0.0,47611,0,392989,34,0.0,0.0,0.93,0.21,1.14,8.59,0.21,0.05,0.26,1.9,26.0,442.0,52.0,85.1,298.0,33.0,130.0,229.0,45.0,23.8,364.0,44.0,,,,32,,Niclas,Füllkrug,Füllkrug,has joined AC Milan on loan for the rest of the season.,,407,0,0,1,11,0,0,0,0,0,0,5,19,,,,0.0,0.22,2.43,1.11,4.2,2,7,10
626,u,0.0,0.0,4.3,612,85.0,0,0.0,-2,2.0,0.5,262,40.0,2,0,1.0,469.0,58.0,0,0,0.0,552.0,54.0,0.0,0.5,0.0,63604,0,107488,74,0.0,0.0,0.13,0.0,0.13,1.55,0.2,0.0,0.2,2.41,1.2,501.0,58.0,0.1,488.0,61.0,7.0,427.0,59.0,0.8,489.0,59.0,,,,32,,Callum,Marshall,Marshall,has joined VfL Bochum 1848 on loan for the rest of the season.,,58,0,0,0,2,0,0,0,0,0,0,0,3,,,,0.0,0.0,3.1,0.0,4.66,0,2,1
659,a,,,4.2,632,142.0,0,0.0,-3,3.0,0.2,358,131.0,38,6,2.0,336.0,123.0,0,158,2.0,172.0,66.0,0.5,9.0,0.0,31674,140,54360,60,2.0,2.5,1.13,0.34,1.47,21.72,0.1,0.03,0.13,1.87,229.4,258.0,104.0,115.1,260.0,74.0,102.0,258.0,72.0,44.7,289.0,96.0,,,,32,,Kyle,Walker-Peters,Walker-Peters,,,1044,1,0,2,22,0,0,0,2,0,0,11,102,,,,0.0,0.17,1.9,0.95,6.81,38,41,44
671,a,100.0,75.0,5.8,102,29.0,0,0.0,-2,2.0,0.5,259,39.0,66,1,2.5,276.0,29.0,7,228,0.7,309.0,40.0,0.1,11.4,0.0,205713,57,220185,316,0.7,0.9,6.48,0.37,6.85,18.82,0.56,0.03,0.59,1.62,228.0,260.0,24.0,95.8,283.0,30.0,404.0,53.0,22.0,71.6,191.0,24.0,,,,32,,Callum,Wilson,Wilson,,,1045,5,2,1,19,0,0,0,0,0,0,10,37,,,,0.0,0.09,1.64,0.86,3.19,3,9,25
785,a,100.0,100.0,5.4,178,41.0,0,0.0,-1,1.0,0.0,737,90.0,17,5,2.1,326.0,37.0,0,62,3.0,131.0,17.0,0.6,3.1,0.0,5038,58,4129,26,3.0,3.5,0.65,0.36,1.01,6.49,0.12,0.07,0.19,1.22,67.8,397.0,44.0,97.0,280.0,29.0,53.0,331.0,53.0,21.8,376.0,46.0,,,,32,,Pablo Felipe,Pereira de Jesus,Pablo,,,480,0,1,1,7,0,0,0,0,0,0,6,48,,,,0.0,0.19,1.31,1.12,9.0,16,12,20
791,a,,,5.5,141,35.0,0,0.0,0,0.0,0.1,445,64.0,42,11,3.5,128.0,10.0,3,162,4.7,46.0,7.0,0.9,7.6,0.0,35331,1180,20455,291,4.7,5.2,3.33,0.61,3.94,12.59,0.32,0.06,0.38,1.2,190.4,289.0,28.0,148.3,223.0,22.0,314.0,86.0,27.0,64.0,217.0,27.0,,,,32,,Valentín,Castellanos,Taty,,,942,4,1,5,13,0,0,0,3,0,0,12,44,,,,0.0,0.48,1.24,1.15,4.2,6,17,21
802,a,,,5.0,280,173.0,0,0.0,0,0.0,0.0,780,337.0,0,0,0.0,800.0,353.0,0,0,0.0,757.0,323.0,0.0,0.0,0.0,482,5,380,6,0.0,0.5,0.0,0.0,0.0,0.0,0.0,0.0,0.0,0.0,0.0,799.0,352.0,0.0,797.0,352.0,0.0,792.0,350.0,0.0,799.0,352.0,,,,32,,Keiber,Lamadrid,Lamadrid,,,0,0,0,0,0,0,0,0,0,0,0,0,0,,,,0.0,0.0,0.0,0.0,0.0,0,0,0
815,a,,,4.5,422,83.0,0,0.0,0,0.0,0.1,447,167.0,27,6,3.4,140.0,52.0,0,112,3.0,124.0,49.0,0.7,6.0,0.0,20754,350,6615,235,3.0,3.5,1.1,0.01,1.11,9.59,0.14,0.0,0.14,1.2,118.0,355.0,135.0,14.5,410.0,149.0,80.0,287.0,84.0,21.3,378.0,132.0,,,,32,,Axel,Disasi,Disasi,,,720,0,0,4,9,1,0,0,0,0,0,8,45,,,,0.0,0.5,1.12,1.0,5.62,6,39,17
825,a,,,4.0,716,64.0,0,0.0,0,0.0,0.0,813,95.0,0,0,0.0,618.0,85.0,0,0,0.0,482.0,77.0,0.0,0.0,0.0,92,17,14,6,0.0,0.5,0.0,0.0,0.0,0.0,0.0,0.0,0.0,0.0,0.0,609.0,85.0,0.0,601.0,73.0,0.0,571.0,60.0,0.0,611.0,85.0,,,,32,,Finlay,Herrick,Herrick,,,0,0,0,0,0,0,0,0,0,0,0,0,0,,,,0.0,0.0,0.0,0.0,0.0,0,0,0
627,i,0.0,0.0,4.4,523,25.0,0,0.0,-1,1.0,0.1,433,64.0,21,0,1.8,371.0,33.0,0,117,0.0,562.0,86.0,0.0,4.8,0.0,20717,7,25494,137,0.0,0.0,0.0,0.02,0.02,18.59,0.0,0.0,0.0,1.55,308.0,202.0,22.0,0.1,489.0,15.0,0.0,633.0,73.0,30.8,343.0,22.0,,,,32,,Sam,Johnstone,Johnstone,Shoulder injury - Expected back 24 May,,1080,0,0,0,24,1,0,0,0,0,39,12,71,,,,3.25,0.0,2.0,1.0,0.0,2,24,107
628,a,100.0,100.0,4.2,631,33.0,0,0.0,-3,3.0,1.2,177,22.0,57,1,2.9,198.0,21.0,6,255,0.5,314.0,25.0,0.1,13.6,0.0,116584,363,197797,870,0.0,0.0,0.0,0.03,0.03,31.75,0.0,0.0,0.0,1.59,432.8,123.0,19.0,10.0,428.0,8.0,0.0,601.0,67.0,44.6,290.0,19.0,,,,32,,José,Malheiro de Sá,José Sá,,,1800,0,0,4,34,0,0,0,2,0,53,20,40,,,,2.65,0.2,1.7,1.0,0.0,0,41,181
629,a,100.0,100.0,3.9,745,69.0,0,0.0,-1,1.0,0.5,269,35.0,0,0,0.0,546.0,42.0,0,0,0.0,400.0,32.0,0.0,0.0,0.0,20781,62,53196,86,-0.5,-0.5,0.0,0.0,0.0,0.0,0.0,0.0,0.0,0.0,0.0,536.0,42.0,0.0,522.0,24.0,0.0,490.0,11.0,0.0,538.0,42.0,,,,32,,Daniel,Bentley,Bentley,,,0,0,0,0,0,0,0,0,0,0,0,0,0,,,,0.0,0.0,0.0,0.0,0.0,0,0,0
631,u,0.0,0.0,4.2,642,150.0,0,0.0,-3,3.0,0.1,458,169.0,23,0,1.6,399.0,149.0,0,86,0.0,519.0,219.0,0.0,5.5,0.0,24605,0,63550,8,0.0,0.0,0.57,0.4,0.97,18.26,0.05,0.03,0.08,1.49,312.2,200.0,79.0,76.0,309.0,101.0,75.0,294.0,88.0,46.4,281.0,91.0,,,,32,,Emmanuel,Agbadou,Agbadou,has joined Besiktas permanently.,,1100,0,0,0,29,0,0,0,1,1,0,12,156,,,,0.0,0.0,2.37,0.98,10.23,32,93,65
113,a,100.0,100.0,4.6,402,71.0,0,0.0,1,-1.0,1.4,167,66.0,93,3,3.4,143.0,54.0,3,345,3.3,108.0,42.0,0.7,20.2,0.0,348941,239,234023,2080,3.3,3.3,2.87,0.9,3.77,35.56,0.11,0.03,0.14,1.34,560.0,62.0,30.0,83.5,300.0,94.0,260.0,105.0,12.0,90.5,130.0,38.0,,,,32,,Sepp,van den Berg,Van den Berg,,,2393,0,2,6,38,0,0,0,1,0,0,26,266,,,,0.0,0.23,1.43,0.98,8.88,15,221,102
114,u,0.0,0.0,3.8,816,258.0,0,0.0,-2,2.0,0.2,388,145.0,0,0,0.0,543.0,200.0,0,0,0.0,397.0,151.0,0.0,0.0,0.0,12981,0,31059,38,0.0,0.0,0.0,0.0,0.0,0.0,0.0,0.0,0.0,0.0,0.0,533.0,199.0,0.0,518.0,199.0,0.0,486.0,194.0,0.0,535.0,199.0,,,,32,,Benjamin,Arthur,Arthur,has joined Celtic on loan for the rest of the season.,,0,0,0,0,0,0,0,0,0,0,0,0,0,,,,0.0,0.0,0.0,0.0,0.0,0,0,0
115,u,0.0,0.0,4.0,731,203.0,0,0.0,0,0.0,0.1,536,191.0,0,0,0.0,632.0,242.0,0,0,0.0,497.0,201.0,0.0,0.0,0.0,2020,0,14444,6,0.0,0.0,0.0,0.0,0.0,0.0,0.0,0.0,0.0,0.0,0.0,623.0,242.0,0.0,615.0,242.0,0.0,585.0,239.0,0.0,625.0,242.0,,,,32,,Benjamin,Fredrick,Fredrick,has joined Dender on loan for the rest of the season.,,0,0,0,0,0,0,0,0,0,0,0,0,0,,,,0.0,0.0,0.0,0.0,0.0,0,0,0
116,d,50.0,25.0,4.0,689,174.0,0,0.0,0,0.0,0.3,299,111.0,33,0,1.8,368.0,137.0,0,94,0.0,459.0,175.0,0.0,8.2,0.0,65986,5,82179,204,0.0,0.0,0.4,0.17,0.57,6.47,0.06,0.03,0.09,0.99,82.6,387.0,145.0,16.2,407.0,147.0,42.0,344.0,113.0,13.9,402.0,145.0,,,,32,,Aaron,Hickey,Hickey,Hamstring injury - 50% chance of playing,,588,0,0,2,8,0,0,0,1,0,0,7,49,,,,0.0,0.31,1.22,1.07,6.43,12,30,33
117,u,0.0,0.0,3.9,783,229.0,0,0.0,-1,1.0,0.1,528,188.0,0,0,0.0,574.0,208.0,0,0,0.0,431.0,162.0,0.0,0.0,0.0,4108,0,15734,5,0.0,0.0,0.0,0.0,0.0,0.0,0.0,0.0,0.0,0.0,0.0,564.0,207.0,0.0,552.0,207.0,0.0,520.0,202.0,0.0,566.0,207.0,,,,32,,Kim,Ji-soo,Ji-soo,has joined Kaiserslautern on loan for the rest of the season.,,0,0,0,0,0,0,0,0,0,0,0,0,0,,,,0.0,0.0,0.0,0.0,0.0,0,0,0
118,u,0.0,0.0,4.0,701,181.0,0,0.0,0,0.0,0.0,612,218.0,0,0,0.0,607.0,224.0,0,0,0.0,469.0,180.0,0.0,0.0,0.0,279,0,11019,3,0.0,0.0,0.0,0.0,0.0,0.0,0.0,0.0,0.0,0.0,0.0,598.0,224.0,0.0,589.0,224.0,0.0,558.0,220.0,0.0,600.0,224.0,,,,32,,Jayden,Meghoma,Meghoma,Has joined Rangers on loan for the rest of the season.,,0,0,0,0,0,0,0,0,0,0,0,0,0,,,,0.0,0.0,0.0,0.0,0.0,0,0,0
120,a,100.0,100.0,7.0,38,23.0,0,0.0,0,0.0,1.8,148,51.0,107,5,3.7,104.0,47.0,5,342,3.3,117.0,46.0,0.5,15.3,0.0,920136,1353,749994,3404,3.3,3.3,10.8,1.87,12.67,31.04,0.42,0.07,0.49,1.22,479.6,98.0,32.0,341.9,84.0,62.0,708.0,15.0,7.0,152.5,32.0,24.0,,,3.0,32,,Kevin,Schade,Schade,,,2296,7,5,9,28,0,0,1,6,1,0,27,166,,,,0.0,0.35,1.1,1.06,6.51,37,49,80
121,a,100.0,100.0,5.6,129,80.0,0,0.0,-4,4.0,0.9,205,72.0,88,1,3.3,160.0,66.0,6,368,1.0,268.0,123.0,0.2,15.7,0.0,187538,219,203240,2321,1.0,1.0,1.86,4.13,5.99,24.09,0.1,0.23,0.33,1.35,425.2,126.0,41.0,539.9,32.0,29.0,254.0,107.0,66.0,122.1,64.0,41.0,,3.0,,32,,Mikkel,Damsgaard,Damsgaard,,,1611,3,4,3,27,0,0,0,0,0,0,19,184,,,,0.0,0.17,1.51,1.06,10.28,46,34,104
122,i,0.0,0.0,5.2,214,132.0,0,0.0,-3,3.0,0.0,657,260.0,1,0,1.0,503.0,233.0,0,5,0.0,772.0,335.0,0.0,0.2,0.0,2080,1,6994,2,0.0,0.0,0.0,0.01,0.01,1.49,0.0,0.02,0.02,2.98,4.0,485.0,222.0,1.8,462.0,223.0,0.0,797.0,352.0,0.6,495.0,226.0,,,,32,,Antoni,Milambo,Milambo,Knee injury - Expected back 01 Jun,,45,0,0,0,3,0,0,0,0,0,0,1,4,,,,0.0,0.0,6.0,2.0,8.0,2,0,2
123,i,0.0,0.0,4.6,401,248.0,0,0.0,-4,4.0,0.1,476,165.0,13,0,2.2,312.0,136.0,1,42,0.0,689.0,278.0,0.0,2.8,0.0,27294,5,51591,12,0.0,0.0,0.7,0.03,0.73,2.08,0.63,0.03,0.66,1.87,39.0,427.0,187.0,6.5,440.0,214.0,36.0,355.0,184.0,8.1,430.0,193.0,,,4.0,32,,Fábio,Freitas Gouveia Carvalho,Carvalho,Knee injury - Expected back 01 Jun,,100,1,0,0,4,0,0,0,0,0,0,1,8,,,,0.0,0.0,3.6,0.9,7.2,3,0,5
632,d,50.0,0.0,4.4,521,100.0,0,0.0,-1,1.0,0.1,509,181.0,12,0,1.2,440.0,158.0,0,47,0.0,561.0,231.0,0.0,2.7,0.0,6711,2,20887,30,-0.2,0.0,0.09,0.19,0.28,13.21,0.01,0.02,0.03,1.69,116.2,358.0,137.0,50.8,349.0,124.0,18.0,394.0,141.0,18.6,388.0,137.0,,,,32,,Matt,Doherty,Doherty,Muscle injury - 50% chance of playing,,702,0,0,1,14,0,0,0,4,0,0,10,68,,,,0.0,0.13,1.79,1.28,7.31,13,44,27
797,a,,,4.5,491,69.0,0,0.0,0,0.0,0.0,698,88.0,0,0,0.0,744.0,79.0,0,0,0.0,664.0,67.0,0.0,0.0,0.0,2151,14,1316,24,0.0,0.0,0.0,0.0,0.0,0.0,0.0,0.0,0.0,0.0,0.0,742.0,79.0,0.0,735.0,78.0,0.0,722.0,78.0,0.0,742.0,79.0,,,,32,,Kaye,Furo,Furo,,,0,0,0,0,0,0,0,0,0,0,0,0,0,,,,0.0,0.0,0.0,0.0,0.0,0,0,0
633,a,100.0,100.0,4.3,597,137.0,0,0.0,-2,2.0,0.2,379,139.0,73,0,2.5,269.0,104.0,4,291,0.5,315.0,103.0,0.1,17.0,0.0,55653,127,43596,490,0.0,0.0,0.55,2.89,3.44,34.55,0.02,0.13,0.15,1.53,485.6,93.0,41.0,569.3,28.0,2.0,152.0,196.0,49.0,121.0,67.0,12.0,1.0,,,32,,Hugo,Bueno López,H.Bueno,,,2036,1,2,4,37,0,0,0,1,0,0,22,181,,,,0.0,0.18,1.64,0.97,6.59,55,94,106
634,s,0.0,100.0,4.3,603,138.0,0,0.0,-2,2.0,0.1,475,173.0,51,0,2.2,308.0,114.0,3,196,0.5,316.0,104.0,0.1,11.9,0.0,19353,11,16330,511,0.0,0.0,1.65,0.53,2.18,31.57,0.08,0.03,0.11,1.6,355.0,172.0,71.0,136.5,237.0,62.0,219.0,130.0,24.0,71.1,192.0,66.0,,,,32,,Yerson,Mosquera Valdelamar,Mosquera,Suspended until 02 May,,1777,0,0,4,34,2,0,0,11,0,0,20,188,,,,0.0,0.2,1.72,1.01,8.91,50,126,79
635,a,100.0,100.0,4.4,545,117.0,0,0.0,-1,1.0,0.1,522,187.0,35,0,2.2,310.0,115.0,0,78,0.5,319.0,106.0,0.1,8.0,0.0,14035,34,16411,184,0.0,0.0,1.69,0.31,2.0,9.79,0.24,0.04,0.28,1.4,171.6,303.0,116.0,65.5,327.0,110.0,184.0,168.0,36.0,42.3,300.0,100.0,,,,32,,Rodrigo,Martins Gomes,R.Gomes,,,628,3,0,0,14,0,0,0,0,0,0,6,50,,,,0.0,0.0,2.01,0.86,5.16,17,19,21
636,a,100.0,100.0,4.4,533,109.0,0,0.0,-1,1.0,0.1,455,168.0,72,0,3.1,183.0,72.0,2,261,0.5,318.0,105.0,0.1,16.4,0.0,31772,84,27770,230,0.0,0.0,1.67,1.04,2.71,35.13,0.07,0.05,0.12,1.57,467.2,104.0,45.0,98.9,277.0,84.0,170.0,177.0,40.0,73.5,180.0,61.0,,,,32,,Santiago,Ignacio Bueno,S.Bueno,,,2012,2,2,4,37,0,0,0,4,0,0,22,184,,,,0.0,0.18,1.66,0.98,7.51,42,126,50
637,a,100.0,100.0,4.2,641,149.0,0,0.0,-3,3.0,0.1,519,185.0,28,0,2.0,337.0,124.0,0,102,0.0,518.0,218.0,0.0,6.7,0.0,7777,15,19978,23,-0.5,-0.5,0.22,0.21,0.43,18.99,0.02,0.02,0.04,1.64,240.4,251.0,100.0,78.2,308.0,100.0,34.0,360.0,119.0,35.3,326.0,108.0,,,,32,,Toti,Gomes,Toti,,,1039,0,0,1,25,0,0,0,1,1,0,13,118,,,,0.0,0.09,2.17,1.13,8.32,16,80,40
638,u,0.0,0.0,3.8,799,243.0,0,0.0,-2,2.0,0.9,199,78.0,10,0,1.2,438.0,156.0,0,38,0.0,382.0,138.0,0.0,2.6,0.0,121813,0,266223,296,0.0,0.0,0.02,0.36,0.38,9.36,0.0,0.08,0.08,1.99,101.4,370.0,142.0,87.8,295.0,92.0,13.0,402.0,147.0,20.3,383.0,135.0,,,,32,,Ki-Jana,Hoever,Hoever,has joined Sheffield United on loan for the rest of the season.,,423,0,0,0,13,0,0,0,0,0,0,6,46,,,,0.0,0.0,2.77,1.28,8.51,13,27,16
639,u,0.0,0.0,4.0,718,191.0,0,0.0,0,0.0,0.0,769,260.0,0,0,0.0,620.0,231.0,0,0,0.0,484.0,189.0,0.0,0.0,0.0,0,0,890,2,0.0,0.0,0.0,0.0,0.0,0.0,0.0,0.0,0.0,0.0,0.0,611.0,231.0,0.0,603.0,231.0,0.0,573.0,228.0,0.0,613.0,231.0,,,,32,,Bastien,Meupiyou Menadjou,Meupiyou,On loan to FC Alverca,,0,0,0,0,0,0,0,0,0,0,0,0,0,,,,0.0,0.0,0.0,0.0,0.0,0,0,0
640,a,100.0,100.0,4.0,737,209.0,0,0.0,0,0.0,0.4,294,109.0,3,0,1.0,461.0,170.0,0,5,0.0,502.0,206.0,0.0,0.8,0.0,10395,29,90125,57,-0.5,-0.5,0.0,0.0,0.0,0.79,0.0,0.0,0.0,23.7,0.2,508.0,179.0,0.5,477.0,175.0,2.0,443.0,166.0,0.2,506.0,178.0,,,,32,,Pedro,Cardoso de Lima,Pedro Lima,,,3,0,0,0,1,0,0,0,0,0,0,0,0,,,,0.0,0.0,30.0,0.0,0.0,0,0,1
641,u,0.0,0.0,3.9,776,226.0,0,0.0,-1,1.0,0.9,193,75.0,0,0,0.0,567.0,205.0,0,0,0.0,424.0,159.0,0.0,0.0,0.0,85684,0,150278,204,0.0,0.0,0.0,0.0,0.0,0.0,0.0,0.0,0.0,0.0,0.0,557.0,204.0,0.0,545.0,204.0,0.0,513.0,199.0,0.0,559.0,204.0,,,,32,,Alfie,Pond,Pond,has joined Crewe Alexandra on loan for the rest of the season.,,0,0,0,0,0,0,0,0,0,0,0,0,0,,,,0.0,0.0,0.0,0.0,0.0,0,0,0
642,a,100.0,100.0,5.6,124,77.0,0,0.0,-4,4.0,0.1,472,163.0,45,1,2.1,328.0,143.0,0,128,0.5,325.0,148.0,0.1,8.0,0.0,49736,50,60251,58,0.0,0.0,2.14,0.93,3.07,18.36,0.17,0.07,0.24,1.42,132.2,339.0,154.0,154.3,213.0,137.0,149.0,203.0,113.0,42.8,297.0,147.0,,2.0,3.0,32,,Hwang,Hee-chan,Hee Chan,,,1163,2,1,2,23,0,0,0,3,0,0,15,69,,,,0.0,0.15,1.78,1.16,5.34,8,22,39
643,a,100.0,100.0,5.2,213,131.0,0,0.0,-3,3.0,0.1,463,159.0,81,4,2.8,225.0,88.0,4,393,3.0,129.0,49.0,0.6,15.6,0.0,20869,93,20528,285,2.5,2.5,0.45,0.82,1.27,38.7,0.02,0.03,0.05,1.57,355.2,171.0,67.0,258.4,136.0,94.0,38.0,351.0,181.0,65.1,212.0,104.0,,,,32,,André,Trindade da Costa Neto,André,,,2220,1,0,2,43,0,0,0,9,0,0,24,311,,,,0.0,0.08,1.74,0.97,12.61,67,76,168
644,a,100.0,100.0,5.1,230,140.0,0,0.0,-4,4.0,0.0,590,222.0,40,1,1.7,392.0,167.0,0,186,3.0,128.0,48.0,0.6,7.8,0.0,6558,24,12209,32,2.5,2.5,1.04,0.96,2.0,21.06,0.08,0.08,0.16,1.66,180.6,297.0,130.0,180.2,194.0,127.0,143.0,209.0,117.0,50.0,272.0,138.0,,4.0,,32,,Jean-Ricner,Bellegarde,Bellegarde,,,1139,1,1,3,27,0,0,0,5,0,0,14,97,,,,0.0,0.24,2.13,1.11,7.66,26,31,40
645,u,0.0,0.0,5.1,240,145.0,0,0.0,-4,4.0,0.0,660,263.0,12,0,1.3,436.0,195.0,0,38,0.0,766.0,331.0,0.0,2.4,0.0,1383,0,4966,4,0.0,0.0,0.16,0.61,0.77,3.98,0.06,0.24,0.3,1.57,29.0,440.0,195.0,61.0,334.0,182.0,37.0,354.0,183.0,12.4,415.0,190.0,,,,32,,Fer,López González,Fer López,has joined Celta Vigo on loan for the rest of the season.,,228,0,1,0,9,0,0,0,1,0,0,2,12,,,,0.0,0.0,3.55,0.79,4.74,1,1,10
646,a,100.0,100.0,5.3,194,122.0,0,0.0,-2,2.0,0.4,279,97.0,94,2,3.1,187.0,76.0,6,464,4.5,52.0,20.0,0.8,17.7,0.0,95996,434,60601,2041,4.0,4.0,1.19,1.87,3.06,40.99,0.04,0.07,0.11,1.55,416.8,130.0,44.0,305.0,110.0,79.0,157.0,189.0,105.0,88.4,136.0,75.0,,3.0,,32,,João Victor,Gomes da Silva,J.Gomes,,,2381,1,2,4,47,0,0,0,9,0,0,27,328,,,,0.0,0.15,1.78,1.02,12.4,88,73,167
647,u,0.0,0.0,5.5,137,85.0,0,0.0,0,0.0,0.0,801,355.0,0,0,0.0,813.0,362.0,0,0,0.0,796.0,351.0,0.0,0.0,0.0,0,0,796,0,0.0,0.0,0.0,0.0,0.0,0.0,0.0,0.0,0.0,0.0,0.0,812.0,361.0,0.0,811.0,361.0,0.0,809.0,360.0,0.0,812.0,361.0,,,,32,,Gonçalo Manuel,Ganchinho Guedes,Guedes,Has joined Real Sociedad permanently.,,0,0,0,0,0,0,0,0,0,0,0,0,0,,,,0.0,0.0,0.0,0.0,0.0,0,0,0
648,u,0.0,0.0,5.3,192,121.0,0,0.0,-2,2.0,0.0,629,244.0,38,0,2.9,205.0,84.0,1,131,0.0,776.0,337.0,0.0,7.2,0.0,19177,0,23183,3,0.0,0.0,1.64,0.38,2.02,13.36,0.17,0.04,0.21,1.38,163.6,311.0,139.0,61.8,332.0,181.0,196.0,151.0,86.0,42.1,302.0,149.0,,,,32,,Marshall,Munetsi,Munetsi,has joined Paris FC on loan for the rest of the season.,,872,1,2,0,19,0,0,0,2,0,0,9,80,,,,0.0,0.0,1.96,0.93,8.26,21,39,20
649,u,0.0,0.0,5.0,262,159.0,0,0.0,0,0.0,0.0,819,364.0,0,0,0.0,793.0,348.0,0,0,0.0,748.0,316.0,0.0,0.0,0.0,0,0,162,0,0.0,0.0,0.0,0.0,0.0,0.0,0.0,0.0,0.0,0.0,0.0,792.0,347.0,0.0,790.0,347.0,0.0,785.0,345.0,0.0,792.0,347.0,,,,32,,Boubacar,Traoré,B.Traore,Has joined FC Metz on loan for the rest of the season.,,0,0,0,0,0,0,0,0,0,0,0,0,0,,,,0.0,0.0,0.0,0.0,0.0,0,0,0
650,u,0.0,0.0,4.3,600,353.0,0,0.0,-2,2.0,0.2,380,128.0,2,0,1.0,466.0,202.0,0,4,0.0,542.0,178.0,0.0,0.5,0.0,30885,0,48944,38,0.0,0.0,0.0,0.0,0.0,0.5,0.0,0.0,0.0,1.8,3.2,489.0,224.0,0.3,483.0,235.0,0.0,616.0,230.0,0.4,499.0,228.0,,,,32,,Tawanda,Chirewa,Chirewa,has joined Barnsley on loan for the rest of the season.,,25,0,0,0,0,0,0,0,0,0,0,0,4,,,,0.0,0.0,0.0,0.0,14.4,2,1,1
651,a,,,4.3,616,363.0,0,0.0,-2,2.0,0.4,287,101.0,7,1,3.5,119.0,54.0,0,24,0.5,317.0,146.0,0.1,1.6,0.0,67648,58,71367,208,0.0,0.0,0.23,0.0,0.23,0.2,1.88,0.0,1.88,1.64,34.4,433.0,190.0,0.4,480.0,232.0,23.0,381.0,192.0,5.8,446.0,200.0,,,,32,,Tom,Edozie,Edozie,,,11,1,0,0,0,0,0,0,0,0,0,0,1,,,,0.0,0.0,0.0,0.0,8.18,0,0,1
653,u,0.0,0.0,4.5,426,254.0,0,0.0,0,0.0,0.0,668,267.0,0,0,0.0,701.0,274.0,0,0,0.0,608.0,213.0,0.0,0.0,0.0,0,0,5792,3,0.0,0.0,0.0,0.0,0.0,0.0,0.0,0.0,0.0,0.0,0.0,695.0,268.0,0.0,690.0,271.0,0.0,672.0,263.0,0.0,697.0,270.0,,,,32,,Joe,Hodge,Hodge,Signed by CD Tondela,,0,0,0,0,0,0,0,0,0,0,0,0,0,,,,0.0,0.0,0.0,0.0,0.0,0,0,0
655,u,0.0,0.0,4.9,326,61.0,0,0.0,-1,1.0,0.2,399,60.0,0,0,0.0,783.0,86.0,0,0,0.0,731.0,78.0,0.0,0.0,0.0,7178,0,55441,8,0.0,0.0,0.0,0.0,0.0,0.0,0.0,0.0,0.0,0.0,0.0,782.0,86.0,0.0,778.0,85.0,0.0,774.0,85.0,0.0,782.0,86.0,,,,32,,Fábio,Soares Silva,Fábio Silva,has joined Borussia Dortmund permanently.,,0,0,0,0,0,0,0,0,0,0,0,0,0,,,,0.0,0.0,0.0,0.0,0.0,0,0,0
288,a,100.0,100.0,4.3,585,27.0,0,0.0,-2,2.0,0.1,457,68.0,0,0,0.0,651.0,90.0,0,0,0.0,533.0,83.0,0.0,0.0,0.0,4806,16,12415,34,-0.5,0.0,0.0,0.0,0.0,0.0,0.0,0.0,0.0,0.0,0.0,642.0,90.0,0.0,637.0,81.0,0.0,611.0,70.0,0.0,644.0,90.0,,,,32,,Mark,Travers,Travers,,,0,0,0,0,0,0,0,0,0,0,0,0,0,,,,0.0,0.0,0.0,0.0,0.0,0,0,0
289,u,0.0,0.0,3.9,763,80.0,0,0.0,-1,1.0,0.1,503,74.0,0,0,0.0,558.0,52.0,0,0,0.0,414.0,42.0,0.0,0.0,0.0,4633,0,10398,14,0.0,0.0,0.0,0.0,0.0,0.0,0.0,0.0,0.0,0.0,0.0,548.0,52.0,0.0,535.0,35.0,0.0,503.0,22.0,0.0,550.0,52.0,,,,32,,Harry,Tyrer,Tyrer,has joined Cardiff City permanently.,,0,0,0,0,0,0,0,0,0,0,0,0,0,,,,0.0,0.0,0.0,0.0,0.0,0,0,0
290,a,100.0,100.0,5.3,196,24.0,0,0.0,-2,2.0,0.5,267,100.0,28,3,3.1,188.0,75.0,0,94,1.3,227.0,80.0,0.2,5.3,0.0,68583,693,92802,878,0.8,1.3,0.34,0.09,0.43,8.29,0.05,0.01,0.06,1.26,155.0,320.0,121.0,32.4,381.0,136.0,75.0,297.0,89.0,26.3,360.0,124.0,,,,32,,Jarrad,Branthwaite,Branthwaite,,,592,1,1,1,8,0,0,0,1,0,0,6,56,,,,0.0,0.15,1.22,0.91,8.51,10,46,23
306,a,,,4.3,610,358.0,0,0.0,-2,2.0,0.1,493,175.0,0,0,0.0,660.0,250.0,0,0,0.0,550.0,182.0,0.0,0.0,0.0,15152,33,15785,54,-0.5,0.0,0.0,0.0,0.0,0.0,0.0,0.0,0.0,0.0,0.0,650.0,240.0,0.0,646.0,245.0,0.0,623.0,234.0,0.0,652.0,242.0,,,,32,,Callum,Bates,Bates,,,0,0,0,0,0,0,0,0,0,0,0,0,0,,,,0.0,0.0,0.0,0.0,0.0,0,0,0
350,a,,,5.4,167,105.0,0,0.0,-1,1.0,0.9,201,69.0,109,0,3.6,111.0,50.0,5,368,1.3,229.0,98.0,0.2,20.2,0.0,250845,10919,168219,661,3.1,0.8,4.12,3.01,7.13,28.92,0.19,0.14,0.33,1.32,393.6,145.0,50.0,381.5,71.0,55.0,441.0,45.0,27.0,121.5,66.0,42.0,,,,32,,Brenden,Aaronson,Aaronson,,,1975,4,6,8,27,0,0,0,1,0,0,24,177,,,,0.0,0.36,1.23,1.09,8.07,45,25,107
660,i,0.0,0.0,4.8,364,227.0,0,0.0,-2,2.0,2.2,131,43.0,122,0,4.7,23.0,9.0,11,498,2.7,143.0,52.0,0.6,25.4,0.0,1166142,99,940655,15018,0.0,0.0,2.5,4.29,6.79,30.23,0.11,0.18,0.29,1.27,587.2,52.0,13.0,847.6,5.0,5.0,286.0,99.0,60.0,172.3,21.0,17.0,1.0,1.0,,32,,Anton,Stach,Stach,Ankle injury - Expected back 01 May,,2135,4,6,6,34,0,0,0,3,0,0,25,245,,,,0.0,0.25,1.43,1.05,10.33,57,76,112
665,a,100.0,100.0,4.4,528,26.0,0,0.0,-1,1.0,0.3,337,47.0,43,0,2.7,232.0,26.0,3,153,0.0,566.0,87.0,0.0,9.8,0.0,47477,1203,65884,186,0.5,-0.5,0.0,0.0,0.0,26.68,0.0,0.0,0.0,1.67,322.4,194.0,20.0,0.0,657.0,84.0,0.0,636.0,74.0,32.2,335.0,20.0,,,,32,,Lucas Estella,Perri,Perri,,,1440,0,0,3,29,0,0,0,2,0,38,16,39,,,,2.38,0.19,1.81,1.0,0.0,0,16,100
691,a,100.0,100.0,5.6,123,34.0,0,0.0,1,-1.0,9.9,33,7.0,110,0,3.9,76.0,6.0,16,356,0.7,305.0,39.0,0.1,19.6,0.0,3255679,37026,2084617,6198,1.9,0.2,11.35,0.98,12.32,25.76,0.48,0.04,0.52,1.1,455.8,113.0,10.0,250.0,144.0,11.0,796.0,6.0,5.0,149.2,34.0,7.0,,,1.0,32,,Dominic,Calvert-Lewin,Calvert-Lewin,,,2113,10,2,6,28,0,0,1,1,0,0,23,79,,,,0.0,0.26,1.19,0.98,3.36,10,33,36
698,d,75.0,75.0,5.5,143,89.0,0,0.0,0,0.0,0.1,506,184.0,68,0,2.8,227.0,90.0,3,232,0.3,361.0,168.0,0.1,12.4,0.0,64178,215,58815,65,0.8,-0.2,4.22,0.98,5.2,22.5,0.3,0.07,0.37,1.57,257.6,239.0,101.0,200.1,179.0,118.0,329.0,80.0,47.0,78.7,162.0,84.0,,,,32,,Noah,Okafor,Okafor,Back injury - 75% chance of playing,,1287,4,2,4,24,0,0,0,3,0,0,15,87,,,,0.0,0.28,1.68,1.05,6.08,20,21,46
787,a,,,4.4,561,337.0,0,0.0,-1,1.0,0.0,734,307.0,0,0,0.0,685.0,266.0,0,0,0.0,587.0,202.0,0.0,0.0,0.0,2325,25,1262,13,0.5,-0.5,0.0,0.0,0.0,0.0,0.0,0.0,0.0,0.0,0.0,678.0,259.0,0.0,673.0,262.0,0.0,654.0,254.0,0.0,680.0,261.0,,,,32,,Sam,Chambers,Chambers,,,0,0,0,0,0,0,0,0,0,0,0,0,0,,,,0.0,0.0,0.0,0.0,0.0,0,0,0
366,i,0.0,0.0,5.4,155,4.0,0,0.0,-1,1.0,5.7,66,10.0,89,0,3.6,110.0,15.0,8,382,1.3,228.0,21.0,0.2,16.5,0.0,690900,27,1428975,9191,0.0,0.0,0.0,0.03,0.03,28.02,0.0,0.0,0.0,1.12,468.4,102.0,16.0,0.1,492.0,16.0,0.0,800.0,93.0,46.7,280.0,17.0,,,,32,,Alisson,Becker,A.Becker,Muscle injury - Unknown return date,,2250,0,0,8,30,0,0,0,1,0,56,25,63,,,,2.24,0.32,1.2,1.0,0.0,0,37,221
367,a,,,4.1,656,37.0,0,0.0,-4,4.0,0.7,232,30.0,30,9,4.3,41.0,3.0,2,114,3.7,82.0,9.0,0.9,7.3,0.0,176940,1690,175793,287,4.2,4.2,0.0,0.0,0.0,10.31,0.0,0.0,0.0,1.47,199.6,279.0,25.0,0.0,624.0,76.0,0.0,595.0,63.0,19.9,384.0,25.0,,,,32,,Giorgi,Mamardashvili,Mamardashvili,,,630,0,0,2,12,0,1,0,0,0,25,7,45,,,,3.57,0.29,1.71,1.0,0.0,0,9,55
498,u,0.0,0.0,4.5,438,262.0,0,0.0,0,0.0,0.0,775,333.0,0,0,0.0,709.0,281.0,0,0,0.0,619.0,221.0,0.0,0.0,0.0,117,0,1259,0,0.0,0.0,0.0,0.0,0.0,0.0,0.0,0.0,0.0,0.0,0.0,703.0,275.0,0.0,699.0,278.0,0.0,682.0,271.0,0.0,705.0,277.0,,,,32,,Joe,White,White,has joined Bradford City on loan for the rest of the season.,,0,0,0,0,0,0,0,0,0,0,0,0,0,,,,0.0,0.0,0.0,0.0,0.0,0,0,0
225,i,0.0,0.0,5.6,128,12.0,0,0.0,1,-1.0,6.7,60,21.0,113,0,4.2,49.0,19.0,11,479,0.7,307.0,102.0,0.1,20.2,0.0,2188223,69,2145413,19652,0.0,0.0,1.02,3.15,4.17,28.24,0.05,0.15,0.2,1.34,446.4,118.0,52.0,480.8,41.0,5.0,109.0,251.0,67.0,103.8,93.0,24.0,1.0,1.0,,32,,Reece,James,James,Hamstring injury - Unknown return date,,1892,2,6,8,20,0,0,0,4,0,0,20,163,,,,0.0,0.38,0.95,0.95,5.9,47,77,95
226,i,0.0,0.0,5.4,158,18.0,0,0.0,4,-4.0,11.2,31,11.0,131,0,4.5,31.0,13.0,7,493,0.7,303.0,101.0,0.1,24.3,0.0,4818437,80,3804464,59555,0.0,0.0,1.3,1.01,2.31,36.15,0.05,0.04,0.09,1.28,673.4,36.0,13.0,96.3,282.0,87.0,154.0,195.0,48.0,92.3,122.0,36.0,,,,32,,Trevoh,Chalobah,Chalobah,Ankle injury - Expected back 04 May,,2550,3,1,9,34,0,0,0,3,1,0,29,281,,,,0.0,0.32,1.2,1.02,8.79,35,214,108
227,i,0.0,0.0,4.7,389,66.0,0,0.0,-3,3.0,0.1,478,174.0,0,0,0.0,767.0,262.0,0,0,0.0,696.0,251.0,0.0,0.0,0.0,1295,4,30779,6,0.0,0.0,0.0,0.0,0.0,0.0,0.0,0.0,0.0,0.0,0.0,766.0,262.0,0.0,761.0,262.0,0.0,752.0,262.0,0.0,766.0,262.0,,,,32,,Levi,Samuels Colwill,Colwill,Anterior cruciate ligament - Expected back 24 May,,0,0,0,0,0,0,0,0,0,0,0,0,0,,,,0.0,0.0,0.0,0.0,0.0,0,0,0
743,a,,,4.5,500,310.0,0,0.0,0,0.0,0.0,728,302.0,0,0,0.0,750.0,316.0,0,0,0.0,672.0,265.0,0.0,0.0,0.0,1552,3,1426,3,0.5,0.0,0.0,0.0,0.0,0.0,0.0,0.0,0.0,0.0,0.0,749.0,315.0,0.0,742.0,315.0,0.0,729.0,311.0,0.0,749.0,315.0,,,,32,,Landon,Emenalo,Emenalo,,,0,0,0,0,0,0,0,0,0,0,0,0,0,,,,0.0,0.0,0.0,0.0,0.0,0,0,0
479,i,0.0,0.0,4.3,575,123.0,0,0.0,-2,2.0,0.0,625,223.0,0,0,0.0,649.0,252.0,0,-8,0.0,527.0,223.0,0.0,0.0,0.0,1619,1,5260,5,0.0,0.0,0.0,0.0,0.0,0.25,0.0,0.0,0.0,0.5,1.4,498.0,177.0,1.2,470.0,171.0,0.0,609.0,251.0,0.3,502.0,176.0,,,,32,,Emil,Krafth,Krafth,Knee injury - Unknown return date,,45,0,0,0,2,0,0,0,0,0,0,1,1,,,,0.0,0.0,4.0,2.0,2.0,0,1,0
501,a,,,4.3,617,86.0,0,0.0,-2,2.0,0.3,351,56.0,0,0,0.0,664.0,67.0,0,0,0.0,555.0,55.0,0.0,0.0,0.0,26404,53,37046,70,0.0,0.0,0.0,0.0,0.0,0.0,0.0,0.0,0.0,0.0,0.0,654.0,67.0,0.0,650.0,66.0,0.0,627.0,66.0,0.0,656.0,67.0,,,,32,,Sean,Neave,Neave,,,0,0,0,0,0,0,0,0,0,0,0,0,0,,,,0.0,0.0,0.0,0.0,0.0,0,0,0
777,u,0.0,0.0,4.5,454,272.0,0,0.0,0,0.0,0.0,806,358.0,0,0,0.0,717.0,289.0,0,0,0.0,630.0,230.0,0.0,0.0,0.0,415,0,355,1,0.0,0.0,0.0,0.0,0.0,0.0,0.0,0.0,0.0,0.0,0.0,712.0,284.0,0.0,707.0,286.0,0.0,691.0,279.0,0.0,713.0,285.0,,,,32,,Temple,Ojinnaka,Ojinnaka,has joined Shrewsbury Town on loan for the rest of the season.,,0,0,0,0,0,0,0,0,0,0,0,0,0,,,,0.0,0.0,0.0,0.0,0.0,0,0,0
778,a,,,4.5,488,300.0,0,0.0,0,0.0,0.0,756,322.0,0,0,0.0,741.0,309.0,0,0,0.0,661.0,256.0,0.0,0.0,0.0,1403,11,883,9,-0.5,-0.5,0.0,0.0,0.0,0.0,0.0,0.0,0.0,0.0,0.0,739.0,307.0,0.0,732.0,307.0,0.0,719.0,303.0,0.0,739.0,307.0,,,,32,,Ethan,Sutherland,Sutherland,,,0,0,0,0,0,0,0,0,0,0,0,0,0,,,,0.0,0.0,0.0,0.0,0.0,0,0,0
809,a,,,4.5,517,322.0,0,0.0,0,0.0,0.0,749,317.0,0,0,0.0,763.0,326.0,0,0,0.0,687.0,276.0,0.0,0.0,0.0,1439,31,610,12,-0.5,-0.5,0.0,0.0,0.0,0.0,0.0,0.0,0.0,0.0,0.0,762.0,325.0,0.0,755.0,325.0,0.0,743.0,322.0,0.0,762.0,325.0,,,,32,,Jerome,Abbey,Abbey,,,0,0,0,0,0,0,0,0,0,0,0,0,0,,,,0.0,0.0,0.0,0.0,0.0,0,0,0
816,a,100.0,100.0,4.7,383,239.0,0,0.0,-3,3.0,0.0,722,299.0,11,2,1.4,423.0,185.0,0,60,1.0,247.0,107.0,0.2,2.3,0.0,4587,25,3179,35,0.5,0.5,0.21,0.24,0.45,9.74,0.06,0.06,0.12,2.56,41.2,425.0,186.0,66.1,323.0,180.0,19.0,392.0,196.0,12.6,412.0,187.0,,,,32,,Angel,Gomes,Angel,,,342,0,0,1,5,0,0,0,1,0,0,5,25,,,,0.0,0.26,1.32,1.32,6.58,8,4,13
