player_id,gameweek,position,team_code,points_roll3,points_roll5,xg_roll3,xg_roll5,xa_roll3,xa_roll5,bps_roll3,bps_roll5,ict_roll3,ict_roll5,minutes_roll3,minutes_roll5,defcon_roll3,defcon_roll5,points_std5,team_xg_for_roll5,team_xg_against_roll5,team_elo,opp_xg_against_roll5,opp_elo,has_double_gw,ppm_roll5,start_rate_roll5,gkp_saves_roll3,def_clean_sheet_roll5,def_attacking_return_rate,mid_creativity_roll3,mid_threat_roll3,mid_shots_on_target_roll3,mid_touches_box_roll3,fwd_xg_roll3,fwd_shots_on_target_roll3,fwd_touches_box_roll3,is_penalty_taker,is_corner_freekick_taker,is_direct_freekick_taker
1,28,GKP,3,4.33333,4,0,0,0,0.002,19.3333,15.8,2.76667,1.96,120,108,0,0,2.44949,1.828,0.722,2064.57,1.248,1930.44,False,0.666667,0.8,2.66667,,,,,,,,,,0,0,0
2,28,GKP,3,0,0,0,0,0,0,0,0,0,0,0,0,0,0,0,1.828,0.722,2064.57,1.248,1930.44,False,0,0,0,,,,,,,,,,0,0,0
3,28,GKP,3,0,0,,,,,0,0,0,0,0,0,0,0,0,1.828,0.722,2064.57,1.248,1930.44,False,0,0,0,,,,,,,,,,0,0,0
4,28,GKP,3,0,0,,,,,0,0,0,0,0,0,0,0,0,1.828,0.722,2064.57,1.248,1930.44,False,0,0,0,,,,,,,,,,0,0,0
5,28,DEF,3,5,4.8,0.04,0.028,0.0666667,0.052,25,21.2,4.8,4.34,120,108,12.3333,11.2,3.11448,1.828,0.722,2064.57,1.248,1930.44,False,0.676056,0.8,,0.4,0.2,,,,,,,,0,0,0
6,28,DEF,3,3.33333,3.4,0.08,0.048,0.0133333,0.03,14.6667,14,2.46667,2.76,90,90,9,6.8,2.88097,1.828,0.722,2064.57,1.248,1930.44,False,0.557377,1,,0.4,0,,,,,,,,0,0,0
7,28,DEF,3,2.66667,1.8,0.01,0.07,0.01,0.01,6.33333,4.2,0.5,0.46,25.3333,18.2,1.66667,1.2,2.48998,1.828,0.722,2064.57,1.248,1930.44,False,0.321429,0.2,,0.2,0,,,,,,,,0,0,0
8,28,DEF,3,4,3.6,0,0.028,0.116667,0.114,20.6667,16,5.03333,3.9,108.667,101.2,5,4,1.94936,1.828,0.722,2064.57,1.248,1930.44,False,0.571429,0.8,,0.4,0.2,,,,,,,,0,0,0
9,28,DEF,3,0,0,,,,,0,0,0,0,0,0,0,0,0,1.828,0.722,2064.57,1.248,1930.44,False,0,0,,0,0,,,,,,,,0,0,0
10,28,DEF,3,0,0,0,0,0,0,0,0,0,0,0,0,0,0,0,1.828,0.722,2064.57,1.248,1930.44,False,0,0,,0,0,,,,,,,,0,0,0
11,28,DEF,3,0,0.2,0,0,0,0.01,0,0.4,0,0.28,0,6.4,0,1,0.447214,1.828,0.722,2064.57,1.248,1930.44,False,0.0392157,0,,0,0,,,,,,,,0,0,0
12,28,DEF,17,0,0,,,,,0,0,0,0,0,0,0,0,0,1.268,1.672,1784.7,1.146,1829.52,False,0,0,,0,0,,,,,,,,0,0,0
13,28,DEF,3,0,0,,,,,0,0,0,0,0,0,0,0,0,1.828,0.722,2064.57,1.248,1930.44,False,0,0,,0,0,,,,,,,,0,0,0
14,28,DEF,3,0,0,,,,,0,0,0,0,0,0,0,0,0,1.828,0.722,2064.57,1.248,1930.44,False,0,0,,0,0,,,,,,,,0,0,0
15,28,DEF,3,0,0,,,,,0,0,0,0,0,0,0,0,0,1.828,0.722,2064.57,1.248,1930.44,False,0,0,,0,0,,,,,,,,0,0,0
16,28,MID,3,6,4,0.565,0.4,0.125,0.226667,19,15.2,8.6,7.1,60.6667,54.4,9,7,5.43139,1.828,0.722,2064.57,1.248,1930.44,False,0.408163,0.6,,,,17.5,44.6667,1.5,12.5,,,,1,0,0
17,28,MID,3,1.66667,2.6,0.02,0.035,0.04,0.08,6.33333,8.8,1.43333,1.94,19.3333,28.8,1.66667,2,1.94936,1.828,0.722,2064.57,1.248,1930.44,False,0.333333,0.2,,,,4.8,3.33333,0,2,,,,0,0,0
18,28,MID,3,5,6,0.113333,0.07,0.0333333,0.074,14.6667,17.8,4.63333,5,64.3333,53.6,4.33333,3,6.85565,1.828,0.722,2064.57,1.248,1930.44,False,0.882353,0.4,,,,5.46667,24.6667,0.666667,5.66667,,,,0,0,0
19,28,MID,3,2.66667,2.4,0.176667,0.16,0.126667,0.1675,11,10.4,6.03333,4.7,47.6667,34.4,6.33333,4.6,1.81659,1.828,0.722,2064.57,1.248,1930.44,False,0.352941,0.2,,,,14.3,30.6667,1,4.33333,,,,0,0,0
20,28,MID,3,3.66667,3.2,0.183333,0.128,0.12,0.104,16,14,6.53333,4.88,87.6667,83.4,7.66667,7,1.64317,1.828,0.722,2064.57,1.248,1930.44,False,0.477612,1,,,,27.3333,20,0.333333,6.33333,,,,0,0,0
21,28,MID,3,7.66667,5.4,0.02,0.034,0.24,0.318,27,23.8,6.96667,7.18,120,108,18.6667,15,5.02991,1.828,0.722,2064.57,1.248,1930.44,False,0.72,0.8,,,,36.3667,6.66667,0,3,,,,0,1,1
22,28,MID,3,0,1.4,,0.49,,0.02,0,5.2,0,1.68,0,6.4,0,1.4,3.1305,1.828,0.722,2064.57,1.248,1930.44,False,0.259259,0,,,,0,0,,,,,,0,0,0
23,28,MID,3,0,0,,,,,0,0,0,0,0,0,0,0,0,1.828,0.722,2064.57,1.248,1930.44,False,0,0,,,,0,0,,,,,,0,0,0
24,28,MID,3,0.333333,0.2,0,0,0,0,1,0.6,0.0333333,0.02,0.333333,0.2,0.333333,0.2,0.447214,1.828,0.722,2064.57,1.248,1930.44,False,0.0392157,0,,,,0,0,0,0,,,,0,0,0
25,28,MID,3,0,0,,,,,0,0,0,0,0,0,0,0,0,1.828,0.722,2064.57,1.248,1930.44,False,0,0,,,,0,0,,,,,,0,0,0
26,28,MID,3,6,5.8,0.01,0.138,0.126667,0.08,27.6667,25.2,3.86667,5.02,120,101.4,11.3333,10.2,4.26615,1.828,0.722,2064.57,1.248,1930.44,False,1.11538,0.8,,,,7,5.66667,0.333333,1.66667,,,,0,0,0
27,28,MID,94,0,0,0,0,0,0,0,0,0,0,0,0,0,0,0,1.418,1.422,1853.47,1.666,1685.09,False,0,0,,,,0,0,0,0,,,,0,0,0
28,28,MID,3,0,0,,,,,0,0,0,0,0,0,0,0,0,1.828,0.722,2064.57,1.248,1930.44,False,0,0,,,,0,0,,,,,,0,0,0
29,28,MID,3,0,0,,,,,0,0,0,0,0,0,0,0,0,1.828,0.722,2064.57,1.248,1930.44,False,0,0,,,,0,0,,,,,,0,0,0
30,28,FWD,3,1.66667,1.4,0.21,0.105,0.04,0.025,8.33333,7.2,2.03333,1.64,22,25.2,1,1.4,2.19089,1.828,0.722,2064.57,1.248,1930.44,False,0.191781,0.4,,,,,,,,0.21,0,7,0,0,0
31,28,FWD,3,0.333333,1.4,0.00333333,0.154,0.0133333,0.014,0,5.4,0.9,2.76,28,31,1.66667,1.8,2.07364,1.828,0.722,2064.57,1.248,1930.44,False,0.21875,0.4,,,,,,,,0.00333333,0.333333,1.33333,0,0,0
32,28,GKP,7,5.66667,5.8,0,0,0.00333333,0.004,22.6667,22.4,3.2,2.78,90,90,0,0,3.34664,1.236,1.294,1929.21,2.362,1669.32,False,1.13725,1,4.33333,,,,,,,,,,0,0,0
33,28,GKP,7,0,0,0,0,0,0,0,0,0,0,0,0,0,0,0,1.236,1.294,1929.21,2.362,1669.32,False,0,0,0,,,,,,,,,,0,0,0
34,28,GKP,7,0,0,,,,,0,0,0,0,0,0,0,0,0,1.236,1.294,1929.21,2.362,1669.32,False,0,0,0,,,,,,,,,,0,0,0
35,28,GKP,7,0,0,,,,,0,0,0,0,0,0,0,0,0,1.236,1.294,1929.21,2.362,1669.32,False,0,0,0,,,,,,,,,,0,0,0
36,28,DEF,7,1.33333,2.4,0.03,0.085,0.06,0.115,6,10.4,2.6,3.76,58.6667,71.2,3.66667,4.6,2.19089,1.236,1.294,1929.21,2.362,1669.32,False,0.5,0.8,,0.2,0,,,,,,,,0,0,0
37,28,DEF,7,1.33333,1.4,0,0,0.00666667,0.115,4.66667,5.4,0.8,1.24,28.3333,20,3.66667,2.2,1.94936,1.236,1.294,1929.21,2.362,1669.32,False,0.311111,0.2,,0,0.2,,,,,,,,0,0,0
38,28,DEF,7,5,4.6,0.0966667,0.128,0.01,0.024,20.6667,19.8,2.6,2.4,90,90,6.66667,6,2.40832,1.236,1.294,1929.21,2.362,1669.32,False,1.04545,1,,0.4,0.2,,,,,,,,0,0,0
39,28,DEF,7,3.66667,3.6,0.01,0.036,0.0366667,0.128,11.3333,16,2.83333,4.06,64.3333,74.6,5,5.6,2.88097,1.236,1.294,1929.21,2.362,1669.32,False,0.857143,0.8,,0.4,0,,,,,,,,0,0,0
40,28,DEF,7,5.33333,3.4,0.113333,0.085,0.0833333,0.0625,19,12.2,3.66667,2.34,90,57,7,4.8,4.87852,1.236,1.294,1929.21,2.362,1669.32,False,0.790698,0.6,,0.2,0.2,,,,,,,,0,0,0
41,28,DEF,7,0,1.6,0,0.0925,0,0.0175,0,6.6,0,0.88,0,32.8,0,1.8,2.60768,1.236,1.294,1929.21,2.362,1669.32,False,0.372093,0.4,,0.2,0,,,,,,,,0,0,0
42,28,DEF,7,0.333333,0.2,0,0,0,0,1,0.6,0,0,1,0.6,0,0,0.447214,1.236,1.294,1929.21,2.362,1669.32,False,0.0512821,0,,0,0,,,,,,,,0,0,0
43,28,DEF,7,0,0,,,,,0,0,0,0,0,0,0,0,0,1.236,1.294,1929.21,2.362,1669.32,False,0,0,,0,0,,,,,,,,0,0,0
44,28,DEF,7,3,2.2,0,0,0.00666667,0.004,12,7.8,0.833333,0.64,32.3333,31.6,2.66667,2.2,2.68328,1.236,1.294,1929.21,2.362,1669.32,False,0.55,0.4,,0.2,0,,,,,,,,0,0,0
45,28,DEF,7,0,0,,,,,0,0,0,0,0,0,0,0,0,1.236,1.294,1929.21,2.362,1669.32,False,0,0,,0,0,,,,,,,,0,0,0
46,28,DEF,7,0,0,,,,,0,0,0,0,0,0,0,0,0,1.236,1.294,1929.21,2.362,1669.32,False,0,0,,0,0,,,,,,,,0,0,0
47,28,MID,7,4.66667,4.8,0.136667,0.142,0.103333,0.144,17,17.4,7.46667,8.22,90,90,7,7.8,3.89872,1.236,1.294,1929.21,2.362,1669.32,False,0.631579,1,,,,23.2667,30.3333,0.666667,5.66667,,,,0,0,1
48,28,MID,7,0,0.6,,0,,0.29,0,3.8,0,1.5,0,14.6,0,2.2,1.34164,1.236,1.294,1929.21,2.362,1669.32,False,0.101695,0.2,,,,0,0,,,,,,0,0,0
49,28,MID,7,1.33333,1.2,0.02,0.042,0.1,0.122,4.66667,4.2,2.96667,3.22,38,38,4,4.4,0.447214,1.236,1.294,1929.21,2.362,1669.32,False,0.218182,0.2,,,,19.5667,3.66667,0.333333,0.666667,,,,0,0,0
50,28,MID,7,1,3.2,0.0666667,0.144,0.04,0.058,3.66667,11.4,1.66667,4.66,66,72.4,5,7.4,4.38178,1.236,1.294,1929.21,2.362,1669.32,False,0.603774,1,,,,8.93333,6.66667,0.333333,1.33333,,,,0,0,0
51,28,MID,7,0,0,,,,,0,0,0,0,0,0,0,0,0,1.236,1.294,1929.21,2.362,1669.32,False,0,0,,,,0,0,,,,,,0,0,0
52,28,MID,4,4.66667,3.2,0.15,0.102,0.0533333,0.038,18.6667,13.6,5.43333,3.62,55.6667,59.8,4.33333,4.4,3.03315,1.576,1.686,1866.62,1.45,1831.61,False,0.603774,0.6,,,,14.2667,15,0.333333,3,,,,0,0,0
53,28,MID,7,0,0,,,,,0,0,0,0,0,0,0,0,0,1.236,1.294,1929.21,2.362,1669.32,False,0,0,,,,0,0,,,,,,0,0,0
54,28,MID,7,0,0,,,,,0,0,0,0,0,0,0,0,0,1.236,1.294,1929.21,2.362,1669.32,False,0,0,,,,0,0,,,,,,0,0,0
55,28,MID,7,1,0.6,0.04,0.04,0.0433333,0.0433333,6.33333,3.8,1.56667,0.94,24,14.4,3,1.8,0.547723,1.236,1.294,1929.21,2.362,1669.32,False,0.125,0,,,,8.36667,2,0,0.333333,,,,0,0,0
56,28,MID,7,0,0,,,,,0,0,0,0,0,0,0,0,0,1.236,1.294,1929.21,2.362,1669.32,False,0,0,,,,0,0,,,,,,0,0,0
57,28,MID,7,0,0,,,,,0,0,0,0,0,0,0,0,0,1.236,1.294,1929.21,2.362,1669.32,False,0,0,,,,0,0,,,,,,0,0,0
58,28,MID,7,0,0,,,,,0,0,0,0,0,0,0,0,0,1.236,1.294,1929.21,2.362,1669.32,False,0,0,,,,0,0,,,,,,0,0,0
59,28,MID,7,3,2.8,0.14,0.105,0.0166667,0.015,13,11.4,3.3,2.62,74.6667,62.4,9.66667,8.2,1.92354,1.236,1.294,1929.21,2.362,1669.32,False,0.583333,0.8,,,,2.83333,13,0.333333,0.666667,,,,0,0,0
60,28,MID,7,0,0,,,,,0,0,0,0,0,0,0,0,0,1.236,1.294,1929.21,2.362,1669.32,False,0,0,,,,0,0,,,,,,0,0,0
61,28,MID,7,0,0,,,,,0,0,0,0,0,0,0,0,0,1.236,1.294,1929.21,2.362,1669.32,False,0,0,,,,0,0,,,,,,0,0,0
62,28,MID,7,0,0,,,,,0,0,0,0,0,0,0,0,0,1.236,1.294,1929.21,2.362,1669.32,False,0,0,,,,0,0,,,,,,0,0,0
63,28,MID,7,0,0,,,,,0,0,0,0,0,0,0,0,0,1.236,1.294,1929.21,2.362,1669.32,False,0,0,,,,0,0,,,,,,0,0,0
64,28,FWD,7,2,2.8,0.113333,0.24,0.03,0.0375,3.66667,9.4,2.63333,4.52,82.6667,67.6,2,2.2,3.03315,1.236,1.294,1929.21,2.362,1669.32,False,0.325581,0.8,,,,,,,,0.113333,0.666667,3.33333,0,0,0
65,28,FWD,7,0,0,,,,,0,0,0,0,0,0,0,0,0,1.236,1.294,1929.21,2.362,1669.32,False,0,0,,,,,,,,,,,0,0,0
66,28,GKP,91,0,0,,,,,0,0,0,0,0,0,0,0,0,1.552,1.792,1835.06,1.496,1705.73,False,0,0,0,,,,,,,,,,0,0,0
67,28,GKP,91,5,5.2,0,0,0,0,20.6667,21.2,3.16667,3.12,90,90,0,0,4.02492,1.552,1.792,1835.06,1.496,1705.73,False,1.15556,1,3.66667,,,,,,,,,,0,0,0
68,28,GKP,91,0,0,,,,,0,0,0,0,0,0,0,0,0,1.552,1.792,1835.06,1.496,1705.73,False,0,0,0,,,,,,,,,,0,0,0
69,28,GKP,91,0,0,,,,,0,0,0,0,0,0,0,0,0,1.552,1.792,1835.06,1.496,1705.73,False,0,0,0,,,,,,,,,,0,0,0
70,28,GKP,91,0,0,,,,,0,0,0,0,0,0,0,0,0,1.552,1.792,1835.06,1.496,1705.73,False,0,0,0,,,,,,,,,,0,0,0
71,28,DEF,91,0,0,,,,,0,0,0,0,0,0,0,0,0,1.552,1.792,1835.06,1.496,1705.73,False,0,0,,0,0,,,,,,,,0,0,0
72,28,DEF,91,3,4,0.1,0.136,0.0866667,0.084,15,15.4,4.23333,3.96,90,90,7,9,2.54951,1.552,1.792,1835.06,1.496,1705.73,False,0.816327,1,,0.4,0,,,,,,,,0,0,0
73,28,DEF,91,1,2,0,0,0,0,3.66667,8.2,0,0.6,2,37.2,0,2.6,2.23607,1.552,1.792,1835.06,1.496,1705.73,False,0.454545,0.4,,0.2,0,,,,,,,,0,0,0
74,28,DEF,91,5,4.8,0.02,0.012,0.166667,0.104,16.3333,16.6,2.73333,2.56,90,90,7.66667,8.4,2.16795,1.552,1.792,1835.06,1.496,1705.73,False,1.04348,1,,0.4,0.2,,,,,,,,0,0,0
75,28,DEF,91,0,0,,,,,0,0,0,0,0,0,0,0,0,1.552,1.792,1835.06,1.496,1705.73,False,0,0,,0,0,,,,,,,,0,0,0
76,28,DEF,91,0,0,,,,,0,0,0,0,0,0,0,0,0,1.552,1.792,1835.06,1.496,1705.73,False,0,0,,0,0,,,,,,,,0,0,0
77,28,DEF,91,7.33333,7,0,0.012,0.116667,0.11,28,24.8,4.8,4.38,90,90,13.3333,12.2,1.22474,1.552,1.792,1835.06,1.496,1705.73,False,1.70732,1,,0.4,0.6,,,,,,,,0,0,0
78,28,DEF,91,0,0,,,,,0,0,0,0,0,0,0,0,0,1.552,1.792,1835.06,1.496,1705.73,False,0,0,,0,0,,,,,,,,0,0,0
79,28,DEF,91,0,0,,,,,0,0,0,0,0,0,0,0,0,1.552,1.792,1835.06,1.496,1705.73,False,0,0,,0,0,,,,,,,,0,0,0
80,28,DEF,91,0,0,,,,,0,0,0,0,0,0,0,0,0,1.552,1.792,1835.06,1.496,1705.73,False,0,0,,0,0,,,,,,,,0,0,0
81,28,MID,91,0,0,,,,,0,0,0,0,0,0,0,0,0,1.552,1.792,1835.06,1.496,1705.73,False,0,0,,,,0,0,,,,,,1,0,0
82,28,MID,43,6.66667,7,0.34,0.392,0.0833333,0.058,17.6667,19.6,7.5,7.7,88.6667,89.2,6.66667,6,4.58258,1.682,0.982,1973.92,1.742,1780.19,False,0.853659,1,,,,22.1333,28,1,4,,,,0,0,0
83,28,MID,94,5,4.8,0.196667,0.328,0.333333,0.288,19,16.6,6.73333,7.2,90,76.4,5.66667,5.4,4.96991,1.418,1.422,1853.47,1.666,1685.09,False,0.813559,0.8,,,,25.8667,16,0.333333,4,,,,0,0,0
84,28,MID,91,0.333333,0.2,0,0,0,0,0.666667,0.4,0.2,0.12,3.33333,2,0,0,0.447214,1.552,1.792,1835.06,1.496,1705.73,False,0.0377358,0,,,,0.6,1.33333,0,2,,,,0,0,0
85,28,MID,91,1.66667,1,0,0,0.005,0.005,5,3,0.666667,0.4,21.6667,13,4.66667,2.8,2.23607,1.552,1.792,1835.06,1.496,1705.73,False,0.204082,0.2,,,,1.43333,0,0,0,,,,0,0,0
86,28,MID,91,0.666667,0.4,0.0333333,0.0333333,0.01,0.01,2.66667,1.6,1,0.6,12.3333,7.4,2,1.2,0.547723,1.552,1.792,1835.06,1.496,1705.73,False,0.08,0,,,,3.93333,4,0,1,,,,0,0,0
87,28,MID,91,1.33333,1.2,0.0966667,0.064,0.0166667,0.046,8.33333,9,2.23333,2.98,42.6667,34.6,4,3.8,0.447214,1.552,1.792,1835.06,1.496,1705.73,False,0.244898,0.2,,,,7.43333,10,0.666667,0.666667,,,,0,0,0
88,28,MID,91,1.66667,2.4,0,0,0.1,0.06,7.66667,11.6,1.76667,2.2,33.3333,56,5.33333,8.6,1.81659,1.552,1.792,1835.06,1.496,1705.73,False,0.489796,0.6,,,,11.5333,0,0,0,,,,0,1,0
89,28,MID,91,0,0,,,,,0,0,0,0,0,0,0,0,0,1.552,1.792,1835.06,1.496,1705.73,False,0,0,,,,0,0,,,,,,0,0,0
90,28,MID,91,3.66667,5.8,0.0966667,0.252,0.0366667,0.094,17.6667,22.4,4.86667,5.76,90,90,13,12.6,4.20714,1.552,1.792,1835.06,1.496,1705.73,False,1.13725,1,,,,14.3,13.6667,1,1.33333,,,,0,0,0
91,28,MID,91,0,0,,,,,0,0,0,0,0,0,0,0,0,1.552,1.792,1835.06,1.496,1705.73,False,0,0,,,,0,0,,,,,,0,0,0
92,28,MID,91,0,0,,,,,0,0,0,0,0,0,0,0,0,1.552,1.792,1835.06,1.496,1705.73,False,0,0,,,,0,0,,,,,,0,0,0
93,28,MID,91,0,0,,,,,0,0,0,0,0,0,0,0,0,1.552,1.792,1835.06,1.496,1705.73,False,0,0,,,,0,0,,,,,,0,0,0
94,28,MID,91,0,0,,,,,0,0,0,0,0,0,0,0,0,1.552,1.792,1835.06,1.496,1705.73,False,0,0,,,,0,0,,,,,,0,0,0
95,28,MID,91,0,0,,,,,0,0,0,0,0,0,0,0,0,1.552,1.792,1835.06,1.496,1705.73,False,0,0,,,,0,0,,,,,,0,0,0
96,28,MID,91,0,0,,,,,0,0,0,0,0,0,0,0,0,1.552,1.792,1835.06,1.496,1705.73,False,0,0,,,,0,0,,,,,,0,0,0
97,28,FWD,91,1.66667,3,0.23,0.332,0.04,0.032,5,10.6,5.03333,5.86,75,79.8,2,3.4,2.82843,1.552,1.792,1835.06,1.496,1705.73,False,0.434783,1,,,,,,,,0.23,1.33333,3.33333,0,0,0
98,28,FWD,91,1,1,0.03,0.018,0,0,1.66667,1.8,0.333333,0.3,11.3333,8,1,0.8,0,1.552,1.792,1835.06,1.496,1705.73,False,0.185185,0,,,,,,,,0.03,0,0.333333,0,0,1
99,28,FWD,91,0,0,,,,,0,0,0,0,0,0,0,0,0,1.552,1.792,1835.06,1.496,1705.73,False,0,0,,,,,,,,,,,0,0,0
100,28,FWD,91,1.66667,2.6,0.22,0.15,0.0766667,0.084,6.66667,11.6,3.73333,3.8,61.3333,63.4,4,4.2,2.50998,1.552,1.792,1835.06,1.496,1705.73,False,0.553191,0.8,,,,,,,,0.22,1,2,0,0,0
101,28,GKP,94,1.66667,3.2,0,0,0,0,7.66667,11.8,1.93333,2.04,90,90,0,0,3.83406,1.418,1.422,1853.47,1.666,1685.09,False,0.680851,1,2.33333,,,,,,,,,,0,0,0
102,28,GKP,94,0,0,,,,,0,0,0,0,0,0,0,0,0,1.418,1.422,1853.47,1.666,1685.09,False,0,0,0,,,,,,,,,,0,0,0
103,28,GKP,94,0,0,,,,,0,0,0,0,0,0,0,0,0,1.418,1.422,1853.47,1.666,1685.09,False,0,0,0,,,,,,,,,,0,0,0
104,28,GKP,94,0,0,,,,,0,0,0,0,0,0,0,0,0,1.418,1.422,1853.47,1.666,1685.09,False,0,0,0,,,,,,,,,,0,0,0
105,28,GKP,94,0,0,0,0,0,0,0,0,0,0,0,0,0,0,0,1.418,1.422,1853.47,1.666,1685.09,False,0,0,0,,,,,,,,,,0,0,0
106,28,DEF,94,0.333333,0.6,0.045,0.04,0.125,0.065,0.666667,2.4,0.8,1.32,15,33,1.33333,2.4,0.547723,1.418,1.422,1853.47,1.666,1685.09,False,0.122449,0.2,,0,0,,,,,,,,0,0,0
107,28,DEF,94,3,2.2,0.233333,0.14,0.0133333,0.008,5,4.2,3.7,2.4,65.3333,43.8,1.66667,1.6,3.27109,1.418,1.422,1853.47,1.666,1685.09,False,0.458333,0.6,,0,0.2,,,,,,,,0,0,1
108,28,DEF,94,2.66667,3.2,0.00666667,0.01,0.0166667,0.014,6.66667,7.4,2.4,2.44,86.6667,77.2,8,7.4,2.48998,1.418,1.422,1853.47,1.666,1685.09,False,0.727273,1,,0.2,0,,,,,,,,0,0,0
109,28,DEF,94,1.33333,2.4,0,0.002,0.0133333,0.042,1.66667,7.2,1.4,1.34,90,83.8,4,4.8,2.07364,1.418,1.422,1853.47,1.666,1685.09,False,0.55814,1,,0.2,0,,,,,,,,0,0,0
110,28,DEF,94,1,1.8,0.04,0.02,0.045,0.05,4,7.6,0.933333,1.56,60,70,4.33333,4.4,1.92354,1.418,1.422,1853.47,1.666,1685.09,False,0.4,0.8,,0.2,0,,,,,,,,0,0,0
111,28,DEF,94,0,0,0,0,0,0,0,0,0,0,0,0,0,0,0,1.418,1.422,1853.47,1.666,1685.09,False,0,0,,0,0,,,,,,,,0,0,0
112,28,DEF,94,0,0,,,,,0,0,0,0,0,0,0,0,0,1.418,1.422,1853.47,1.666,1685.09,False,0,0,,0,0,,,,,,,,0,0,0
113,28,DEF,94,3.33333,3.8,0.15,0.102,0.09,0.056,11,13.8,3.4,3.32,90,82.6,8.33333,7.8,3.11448,1.418,1.422,1853.47,1.666,1685.09,False,0.844444,0.8,,0.2,0.2,,,,,,,,0,0,0
114,28,DEF,94,0,0,,,,,0,0,0,0,0,0,0,0,0,1.418,1.422,1853.47,1.666,1685.09,False,0,0,,0,0,,,,,,,,0,0,0
115,28,DEF,94,0,0,,,,,0,0,0,0,0,0,0,0,0,1.418,1.422,1853.47,1.666,1685.09,False,0,0,,0,0,,,,,,,,0,0,0
116,28,DEF,94,0.666667,0.8,0,0,0,0,2,2.4,0.366667,0.56,15,14.8,1.66667,2,0.447214,1.418,1.422,1853.47,1.666,1685.09,False,0.2,0.2,,0,0,,,,,,,,0,0,0
117,28,DEF,94,0,0,,,,,0,0,0,0,0,0,0,0,0,1.418,1.422,1853.47,1.666,1685.09,False,0,0,,0,0,,,,,,,,0,0,0
118,28,DEF,94,0,0,,,,,0,0,0,0,0,0,0,0,0,1.418,1.422,1853.47,1.666,1685.09,False,0,0,,0,0,,,,,,,,0,0,0
119,28,MID,1,6.66667,6.4,0.273333,0.278,0.0966667,0.106,21.6667,19.4,6.66667,7.08,84.3333,82.2,5.66667,4.8,2.96648,1.224,1.072,1880.65,1.118,1805.77,False,0.735632,1,,,,23.1333,20,0.333333,4.66667,,,,0,0,0
120,28,MID,94,0.333333,0.2,0,0.0933333,0.05,0.106667,1,1.2,0.3,1.48,15,35.2,1.33333,2.8,1.48324,1.418,1.422,1853.47,1.666,1685.09,False,0.0289855,0.4,,,,0.5,1.33333,0,2,,,,0,0,0
121,28,MID,94,1,0.8,0.09,0.0675,0.0166667,0.0175,5.33333,4.2,2.23333,1.66,14.3333,15.8,3.33333,2.6,0.447214,1.418,1.422,1853.47,1.666,1685.09,False,0.142857,0.2,,,,9.63333,7.66667,0.333333,1.33333,,,,0,0,0
122,28,MID,94,0,0,,,,,0,0,0,0,0,0,0,0,0,1.418,1.422,1853.47,1.666,1685.09,False,0,0,,,,0,0,,,,,,0,0,0
123,28,MID,94,0,0,,,,,0,0,0,0,0,0,0,0,0,1.418,1.422,1853.47,1.666,1685.09,False,0,0,,,,0,0,,,,,,0,0,0
124,28,MID,94,1.33333,1.2,0,0,0.0133333,0.008,8,6.6,1.53333,1.12,46,41.2,4,3.8,0.447214,1.418,1.422,1853.47,1.666,1685.09,False,0.24,0.6,,,,9.8,0.666667,0,0.333333,,,,0,0,0
125,28,MID,94,3.66667,3.4,0.0833333,0.064,0.03,0.04,18,15.6,3.96667,3.66,75,81,7.33333,8.6,3.36155,1.418,1.422,1853.47,1.666,1685.09,False,0.693878,1,,,,14.6667,7.66667,0.333333,1,,,,0,0,0
126,28,MID,94,3.66667,3.2,0.183333,0.116,0.283333,0.302,20.3333,18,5.46667,5.14,88.6667,86.2,5,6,2.77489,1.418,1.422,1853.47,1.666,1685.09,False,0.653061,1,,,,30.4333,11,0.666667,1.33333,,,,0,1,0
127,28,MID,94,0,0,,,,,0,0,0,0,0,0,0,0,0,1.418,1.422,1853.47,1.666,1685.09,False,0,0,,,,0,0,,,,,,0,0,0
128,28,MID,94,0,0,,,,,0,0,0,0,0,0,0,0,0,1.418,1.422,1853.47,1.666,1685.09,False,0,0,,,,0,0,,,,,,0,0,0
129,28,MID,94,1,1.4,0,0.026,0.0166667,0.024,5,5.8,1.26667,1.28,50.3333,52.2,5.33333,7,1.14018,1.418,1.422,1853.47,1.666,1685.09,False,0.28,0.4,,,,5.96667,0,0,0,,,,0,0,0
130,28,MID,94,0.666667,0.4,0.00666667,0.00666667,0,0,3,1.8,0.566667,0.34,6.33333,3.8,0.333333,0.2,0.547723,1.418,1.422,1853.47,1.666,1685.09,False,0.0909091,0,,,,0.233333,4.33333,0.333333,1,,,,0,0,0
131,28,MID,94,0,0,,,,,0,0,0,0,0,0,0,0,0,1.418,1.422,1853.47,1.666,1685.09,False,0,0,,,,0,0,,,,,,0,0,0
132,28,MID,94,0,0,,,,,0,0,0,0,0,0,0,0,0,1.418,1.422,1853.47,1.666,1685.09,False,0,0,,,,0,0,,,,,,0,0,0
133,28,MID,94,0,0,,,,,0,0,0,0,0,0,0,0,0,1.418,1.422,1853.47,1.666,1685.09,False,0,0,,,,0,0,,,,,,0,0,0
134,28,MID,94,0,0,,,,,0,0,0,0,0,0,0,0,0,1.418,1.422,1853.47,1.666,1685.09,False,0,0,,,,0,0,,,,,,0,0,0
135,28,FWD,4,0.666667,1,0.16,0.0925,0.065,0.045,1,2.6,0.566667,1.22,21.3333,28.4,0.666667,1.4,1,1.576,1.686,1866.62,1.45,1831.61,False,0.136986,0.4,,,,,,,,0.16,0.5,1,0,0,0
136,28,FWD,94,3,2.6,0.623333,0.46,0.23,0.142,8.66667,6.4,5.66667,4,90,90,4.66667,6,1.34164,1.418,1.422,1853.47,1.666,1685.09,False,0.361111,1,,,,,,,,0.623333,1,4.33333,0,0,0
137,28,FWD,94,0,0,,,,,0,0,0,0,0,0,0,0,0,1.418,1.422,1853.47,1.666,1685.09,False,0,0,,,,,,,,,,,0,0,0
138,28,GKP,36,0,0,0,0,0,0,0,0,0,0,0,0,0,0,0,1.072,1.146,1829.52,1.672,1784.7,False,0,0,0,,,,,,,,,,0,0,0
139,28,GKP,36,4,3.2,0,0,0.00333333,0.008,17.6667,14,2.4,2.24,90,90,0,0,2.28035,1.072,1.146,1829.52,1.672,1784.7,False,0.711111,1,3,,,,,,,,,,0,0,0
140,28,GKP,36,0,0,,,,,0,0,0,0,0,0,0,0,0,1.072,1.146,1829.52,1.672,1784.7,False,0,0,0,,,,,,,,,,0,0,0
141,28,GKP,36,0,0,,,,,0,0,0,0,0,0,0,0,0,1.072,1.146,1829.52,1.672,1784.7,False,0,0,0,,,,,,,,,,0,0,0
142,28,GKP,36,0,0,,,,,0,0,0,0,0,0,0,0,0,1.072,1.146,1829.52,1.672,1784.7,False,0,0,0,,,,,,,,,,0,0,0
143,28,DEF,36,1.66667,2,0,0,0.0166667,0.015,5.66667,6.8,1.16667,1.56,39.6667,41.2,4.66667,3.4,2.34521,1.072,1.146,1829.52,1.672,1784.7,False,0.47619,0.4,,0,0.2,,,,,,,,0,0,0
144,28,DEF,36,0,0,,,,,0,0,0,0,0,0,0,0,0,1.072,1.146,1829.52,1.672,1784.7,False,0,0,,0,0,,,,,,,,0,0,0
145,28,DEF,36,1,2,0.07,0.042,0,0.032,3.33333,7.6,0.933333,1.12,28,31,1,1.6,2.34521,1.072,1.146,1829.52,1.672,1784.7,False,0.465116,0.4,,0.2,0,,,,,,,,0,0,1
146,28,DEF,36,4,3.8,0.0666667,0.082,0.01,0.036,15,15.2,2.9,3.92,90,90,7.33333,8.8,1.48324,1.072,1.146,1829.52,1.672,1784.7,False,0.844444,1,,0.2,0,,,,,,,,0,0,0
147,28,DEF,36,0,0,,,,,0,0,0,0,0,0,0,0,0,1.072,1.146,1829.52,1.672,1784.7,False,0,0,,0,0,,,,,,,,0,0,0
148,28,DEF,36,4,3,0.0166667,0.072,0.02,0.036,17.3333,13.8,2.23333,3.12,90,90,4.33333,4.8,2.82843,1.072,1.146,1829.52,1.672,1784.7,False,0.681818,1,,0.2,0.2,,,,,,,,0,0,0
149,28,DEF,36,0,0,,,,,0,0,0,0,0,0,0,0,0,1.072,1.146,1829.52,1.672,1784.7,False,0,0,,0,0,,,,,,,,0,0,0
150,28,DEF,36,0,0,,,,,0,0,0,0,0,0,0,0,0,1.072,1.146,1829.52,1.672,1784.7,False,0,0,,0,0,,,,,,,,0,0,0
151,28,DEF,36,4.66667,3.4,0,0.0125,0.01,0.06,16.6667,13.2,0.866667,1.64,50,66,5.33333,6.6,3.64692,1.072,1.146,1829.52,1.672,1784.7,False,0.772727,0.8,,0.4,0,,,,,,,,0,0,0
152,28,DEF,36,0.666667,0.6,0,0,0.005,0.00333333,2.66667,1.6,0.766667,0.6,38.3333,27,2.33333,2,0.547723,1.072,1.146,1829.52,1.672,1784.7,False,0.139535,0.2,,0,0,,,,,,,,0,0,0
153,28,DEF,36,0,0,,,,,0,0,0,0,0,0,0,0,0,1.072,1.146,1829.52,1.672,1784.7,False,0,0,,0,0,,,,,,,,0,0,0
154,28,DEF,36,0,0,,,,,0,0,0,0,0,0,0,0,0,1.072,1.146,1829.52,1.672,1784.7,False,0,0,,0,0,,,,,,,,0,0,0
155,28,DEF,36,0,0,,,,,0,0,0,0,0,0,0,0,0,1.072,1.146,1829.52,1.672,1784.7,False,0,0,,0,0,,,,,,,,0,0,0
156,28,DEF,36,0,0,,,,,0,0,0,0,0,0,0,0,0,1.072,1.146,1829.52,1.672,1784.7,False,0,0,,0,0,,,,,,,,0,0,0
157,28,MID,36,2.66667,2.4,0.126667,0.226,0.136667,0.194,8.33333,9.2,4.66667,5.02,86.6667,88,5.66667,5.8,0.547723,1.072,1.146,1829.52,1.672,1784.7,False,0.393443,1,,,,19.9,17.3333,0.666667,3.33333,,,,0,0,0
158,28,MID,36,0.666667,0.8,0.01,0.028,0,0.006,0,0.6,0.333333,0.72,27,28.4,1,1.4,0.83666,1.072,1.146,1829.52,1.672,1784.7,False,0.142857,0.4,,,,0.766667,2.66667,0,1,,,,0,0,0
159,28,MID,36,0,0,,,,,0,0,0,0,0,0,0,0,0,1.072,1.146,1829.52,1.672,1784.7,False,0,0,,,,0,0,,,,,,0,0,0
160,28,MID,36,0.666667,0.8,0,0.018,0,0,1.33333,2.8,0.0333333,0.6,9.33333,13.4,1,1.6,0.447214,1.072,1.146,1829.52,1.672,1784.7,False,0.145455,0,,,,0.1,0.666667,0,0.333333,,,,0,0,0
161,28,MID,36,0,0,,,,,0,0,0,0,0,0,0,0,0,1.072,1.146,1829.52,1.672,1784.7,False,0,0,,,,0,0,,,,,,0,0,0
162,28,MID,36,0,0,,,,,0,0,0,0,0,0,0,0,0,1.072,1.146,1829.52,1.672,1784.7,False,0,0,,,,0,0,,,,,,0,0,0
163,28,MID,36,2.33333,1.4,0.0833333,0.0833333,0.0466667,0.0466667,9,5.4,2.1,1.26,62.6667,37.6,4,2.4,2.60768,1.072,1.146,1829.52,1.672,1784.7,False,0.27451,0.4,,,,10.7667,9,0.333333,1.66667,,,,0,0,0
164,28,MID,36,0.333333,0.2,0,0,0,0,1.33333,0.8,0.0666667,0.04,2.66667,1.6,0,0,0.447214,1.072,1.146,1829.52,1.672,1784.7,False,0.0363636,0,,,,0.266667,0,0,0,,,,0,0,0
165,28,MID,36,0,0,,,,,0,0,0,0,0,0,0,0,0,1.072,1.146,1829.52,1.672,1784.7,False,0,0,,,,0,0,,,,,,0,0,0
166,28,MID,36,0,3.4,,0.055,,0.075,0,12,0,2.2,0,36,0,4.4,4.97996,1.072,1.146,1829.52,1.672,1784.7,False,0.708333,0.4,,,,0,0,,,,,,0,0,0
167,28,MID,36,1,2.2,0,0.014,0.00333333,0.01,5,8.6,0.666667,0.94,30.6667,52.4,2.66667,6.8,1.78885,1.072,1.146,1829.52,1.672,1784.7,False,0.488889,0.8,,,,3.9,0,0,0,,,,0,0,0
168,28,MID,2,0,0.2,0,0.0133333,0,0.00333333,0,0.2,0,0.22,0,4.8,0,0.4,0.447214,1.334,1.742,1780.19,0.982,1973.92,False,0.0434783,0,,,,0,0,0,0,,,,0,0,0
169,28,MID,36,4.33333,3,0.05,0.0375,0.0133333,0.0125,13.3333,10.8,2.8,2.12,58,50.8,7.66667,6.8,4.12311,1.072,1.146,1829.52,1.672,1784.7,False,0.612245,0.6,,,,1.93333,7.66667,0.333333,1.33333,,,,0,0,0
170,28,MID,36,1.66667,1.4,0.055,0.0275,0.035,0.0175,7.66667,5.8,2.43333,1.5,52.3333,33.4,5.33333,3.2,1.14018,1.072,1.146,1829.52,1.672,1784.7,False,0.285714,0.2,,,,6.96667,10.3333,0.5,2.5,,,,1,0,0
171,28,MID,36,0,0,,,,,0,0,0,0,0,0,0,0,0,1.072,1.146,1829.52,1.672,1784.7,False,0,0,,,,0,0,,,,,,0,0,0
172,28,MID,36,0,0,,,,,0,0,0,0,0,0,0,0,0,1.072,1.146,1829.52,1.672,1784.7,False,0,0,,,,0,0,,,,,,0,0,0
173,28,MID,36,0.666667,0.4,0,0,0.02,0.02,3,1.8,0.3,0.18,21.3333,12.8,2.66667,1.6,0.894427,1.072,1.146,1829.52,1.672,1784.7,False,0.0816327,0.2,,,,0.733333,0,0,0,,,,0,0,0
174,28,MID,36,0,0,,,,,0,0,0,0,0,0,0,0,0,1.072,1.146,1829.52,1.672,1784.7,False,0,0,,,,0,0,,,,,,0,0,0
175,28,MID,36,0,0,,,,,0,0,0,0,0,0,0,0,0,1.072,1.146,1829.52,1.672,1784.7,False,0,0,,,,0,0,,,,,,0,0,0
176,28,MID,36,0,0,,,,,0,0,0,0,0,0,0,0,0,1.072,1.146,1829.52,1.672,1784.7,False,0,0,,,,0,0,,,,,,0,0,0
177,28,MID,36,0,0,,,,,0,0,0,0,0,0,0,0,0,1.072,1.146,1829.52,1.672,1784.7,False,0,0,,,,0,0,,,,,,0,0,0
178,28,FWD,36,4,3.2,0.136667,0.314,0.01,0.016,15.6667,11.4,4.36667,4.56,63,69,2.66667,3.2,3.27109,1.072,1.146,1829.52,1.672,1784.7,False,0.52459,0.8,,,,,,,,0.136667,0.666667,2,0,0,0
179,28,FWD,36,0,0,,,,,0,0,0,0,0,0,0,0,0,1.072,1.146,1829.52,1.672,1784.7,False,0,0,,,,,,,,,,,0,0,0
180,28,FWD,36,0,0,,,,,0,0,0,0,0,0,0,0,0,1.072,1.146,1829.52,1.672,1784.7,False,0,0,,,,,,,,,,,0,0,0
181,28,FWD,36,1,0.8,0.12,0.072,0.00666667,0.004,2.33333,1.4,1.63333,1.1,30,22.4,3,2.4,0.83666,1.072,1.146,1829.52,1.672,1784.7,False,0.166667,0.2,,,,,,,,0.12,0.333333,1.33333,0,0,0
182,28,GKP,43,0,0,0,0,0,0,0,0,0,0,0,0,0,0,0,1.682,0.982,1973.92,1.742,1780.19,False,0,0,0,,,,,,,,,,0,0,0
183,28,GKP,90,0,0,0,0,0,0,0,0,0,0,0,0,0,0,0,0.844,1.666,1685.09,1.422,1853.47,False,0,0,0,,,,,,,,,,0,0,0
184,28,GKP,90,0,0,,,,,0,0,0,0,0,0,0,0,0,0.844,1.666,1685.09,1.422,1853.47,False,0,0,0,,,,,,,,,,0,0,0
185,28,GKP,90,0,0,,,,,0,0,0,0,0,0,0,0,0,0.844,1.666,1685.09,1.422,1853.47,False,0,0,0,,,,,,,,,,0,0,0
186,28,DEF,90,0,0,,,,,0,0,0,0,0,0,0,0,0,0.844,1.666,1685.09,1.422,1853.47,False,0,0,,0,0,,,,,,,,0,0,0
187,28,DEF,90,1,1.4,0,0,0.01,0.066,1.33333,6,0.766667,2.64,75,81,2.33333,3.2,1.51658,0.844,1.666,1685.09,1.422,1853.47,False,0.318182,1,,0,0.2,,,,,,,,0,0,0
188,28,DEF,90,0,0,,,,,0,0,0,0,0,0,0,0,0,0.844,1.666,1685.09,1.422,1853.47,False,0,0,,0,0,,,,,,,,0,0,0
189,28,DEF,90,0,0,,,,,0,0,0,0,0,0,0,0,0,0.844,1.666,1685.09,1.422,1853.47,False,0,0,,0,0,,,,,,,,0,0,0
190,28,DEF,90,0,0,0,0,0,0,0,0,0,0,0,0,0,0,0,0.844,1.666,1685.09,1.422,1853.47,False,0,0,,0,0,,,,,,,,0,0,0
191,28,DEF,90,2,2.4,0.0533333,0.034,0.01,0.028,9.33333,8.6,3.13333,3.14,90,90,9.33333,9.8,0.894427,0.844,1.666,1685.09,1.422,1853.47,False,0.615385,1,,0,0,,,,,,,,0,0,0
192,28,DEF,90,0,0,0,0,0,0,0,0,0,0,0,0,0,0,0,0.844,1.666,1685.09,1.422,1853.47,False,0,0,,0,0,,,,,,,,0,0,0
193,28,DEF,90,2,2,0.02,0.018,0.12,0.074,10.3333,8.4,3.83333,3.28,87.3333,88.4,5.66667,6.6,1.58114,0.844,1.666,1685.09,1.422,1853.47,False,0.512821,1,,0,0.2,,,,,,,,0,0,0
194,28,DEF,90,0,0,,,,,0,0,0,0,0,0,0,0,0,0.844,1.666,1685.09,1.422,1853.47,False,0,0,,0,0,,,,,,,,0,0,0
195,28,DEF,90,0.666667,0.8,0,0.002,0.08,0.052,7.33333,6,3.76667,2.98,45,63,3.66667,5.2,0.447214,0.844,1.666,1685.09,1.422,1853.47,False,0.210526,0.6,,0,0,,,,,,,,0,0,0
196,28,DEF,90,0,0,,,,,0,0,0,0,0,0,0,0,0,0.844,1.666,1685.09,1.422,1853.47,False,0,0,,0,0,,,,,,,,0,0,0
197,28,DEF,90,0,0,,,,,0,0,0,0,0,0,0,0,0,0.844,1.666,1685.09,1.422,1853.47,False,0,0,,0,0,,,,,,,,0,0,0
198,28,DEF,90,0,1,,0.305,,0,0,3,0,2.04,0,27,0,2.4,3.4641,0.844,1.666,1685.09,1.422,1853.47,False,0.25641,0.4,,0,0.2,,,,,,,,0,0,0
199,28,DEF,90,2.33333,1.4,0,0,0,0,5,3,1.7,1.02,60,36,8,4.8,1.94936,0.844,1.666,1685.09,1.422,1853.47,False,0.368421,0.4,,0,0,,,,,,,,0,0,0
200,28,MID,90,4,3,0.103333,0.078,0.09,0.09,16,14.2,6.03333,5.34,79.3333,81.4,7.66667,7,2.82843,0.844,1.666,1685.09,1.422,1853.47,False,0.6,1,,,,23.4333,17.6667,0.666667,4.33333,,,,0,0,0
201,28,MID,90,0,0,,,,,0,0,0,0,0,0,0,0,0,0.844,1.666,1685.09,1.422,1853.47,False,0,0,,,,0,0,,,,,,0,0,0
202,28,MID,90,1,0.8,0.0566667,0.0425,0.00333333,0.0025,2.33333,2,0.9,0.56,17.6667,12.6,2,1.2,0.447214,0.844,1.666,1685.09,1.422,1853.47,False,0.150943,0,,,,4.16667,1.66667,0,0.333333,,,,0,0,0
203,28,MID,90,0,0,,,,,0,0,0,0,0,0,0,0,0,0.844,1.666,1685.09,1.422,1853.47,False,0,0,,,,0,0,,,,,,0,0,0
204,28,MID,90,0,0,,,,,0,0,0,0,0,0,0,0,0,0.844,1.666,1685.09,1.422,1853.47,False,0,0,,,,0,0,,,,,,0,0,0
205,28,MID,90,0,0,,,,,0,0,0,0,0,0,0,0,0,0.844,1.666,1685.09,1.422,1853.47,False,0,0,,,,0,0,,,,,,0,0,0
206,28,MID,90,3,2.6,0.21,0.126,0.05,0.062,9,7.6,3.83333,3.24,76,76,4.33333,4.6,1.34164,0.844,1.666,1685.09,1.422,1853.47,False,0.553191,1,,,,10.4333,19.6667,0.333333,4.33333,,,,0,0,0
207,28,MID,90,4.33333,2.8,0.0566667,0.0425,0.1,0.075,22.3333,14,5.43333,3.26,87.3333,53.4,9.33333,6,4.08656,0.844,1.666,1685.09,1.422,1853.47,False,0.595745,0.6,,,,14.9333,15,1,1,,,,0,0,0
208,28,MID,90,0,0,,,,,0,0,0,0,0,0,0,0,0,0.844,1.666,1685.09,1.422,1853.47,False,0,0,,,,0,0,,,,,,0,0,0
209,28,MID,90,1,0.8,0.0566667,0.034,0.0433333,0.03,5,5.4,2.3,1.88,70.6667,55.6,4.66667,3.8,0.83666,0.844,1.666,1685.09,1.422,1853.47,False,0.166667,0.4,,,,8.5,8,0.333333,0.666667,,,,0,0,0
210,28,MID,90,0.666667,0.6,0,0,0.0433333,0.0475,1.66667,1.8,0.8,0.5,10,10.2,0.666667,0.6,0.547723,0.844,1.666,1685.09,1.422,1853.47,False,0.122449,0,,,,5.5,0,0,0,,,,0,0,0
211,28,MID,90,0,0,,,,,0,0,0,0,0,0,0,0,0,0.844,1.666,1685.09,1.422,1853.47,False,0,0,,,,0,0,,,,,,0,0,0
212,28,MID,90,0,0,,,,,0,0,0,0,0,0,0,0,0,0.844,1.666,1685.09,1.422,1853.47,False,0,0,,,,0,0,,,,,,0,0,0
213,28,MID,90,0,0,,,,,0,0,0,0,0,0,0,0,0,0.844,1.666,1685.09,1.422,1853.47,False,0,0,,,,0,0,,,,,,0,0,0
214,28,MID,90,0,0,,,,,0,0,0,0,0,0,0,0,0,0.844,1.666,1685.09,1.422,1853.47,False,0,0,,,,0,0,,,,,,0,0,0
215,28,FWD,90,4.33333,2.8,0.3,0.23,0.00666667,0.005,14,8,5.26667,3.16,76,51,5.33333,3.6,3.56371,0.844,1.666,1685.09,1.422,1853.47,False,0.528302,0.6,,,,,,,,0.3,1,4,1,0,0
216,28,FWD,90,0,0,,,,,0,0,0,0,0,0,0,0,0,0.844,1.666,1685.09,1.422,1853.47,False,0,0,,,,,,,,,,,0,0,0
217,28,FWD,90,0.666667,1.8,0,0.1625,0.005,0.0025,2,7,0.166667,1.54,13.3333,24.6,1,1.6,1.92354,0.844,1.666,1685.09,1.422,1853.47,False,0.367347,0.2,,,,,,,,0,0,0,0,0,0
218,28,FWD,90,0.333333,0.2,0,0,0,0,0,0,0,0,2,1.2,0.333333,0.2,0.447214,0.844,1.666,1685.09,1.422,1853.47,False,0.047619,0,,,,,,,,0,0,0,0,0,0
219,28,FWD,90,0,0,,,,,0,0,0,0,0,0,0,0,0,0.844,1.666,1685.09,1.422,1853.47,False,0,0,,,,,,,,,,,0,0,0
220,28,GKP,8,1.66667,2,0,0,0.00333333,0.004,10,14,1.7,2.62,90,90,0,0,0.707107,2.692,1.248,1930.44,0.722,2064.57,False,0.408163,1,1.66667,,,,,,,,,,0,0,0
221,28,GKP,8,0,0,,,,,0,0,0,0,0,0,0,0,0,2.692,1.248,1930.44,0.722,2064.57,False,0,0,0,,,,,,,,,,0,0,0
222,28,GKP,8,0,0,,,,,0,0,0,0,0,0,0,0,0,2.692,1.248,1930.44,0.722,2064.57,False,0,0,0,,,,,,,,,,0,0,0
223,28,GKP,8,0,0,0,0,0,0,0,0,0,0,0,0,0,0,0,2.692,1.248,1930.44,0.722,2064.57,False,0,0,0,,,,,,,,,,0,0,0
224,28,DEF,8,1.66667,3.2,0.055,0.265,0.18,0.17,9.33333,13.8,3.33333,5.4,45,54,3.33333,5,2.77489,2.692,1.248,1930.44,0.722,2064.57,False,0.533333,0.6,,0,0.4,,,,,,,,0,0,0
225,28,DEF,8,2,2.6,0,0,0.02,0.0566667,8.66667,11.2,0.533333,1.32,29.3333,35.4,2,2.2,3.1305,2.692,1.248,1930.44,0.722,2064.57,False,0.464286,0.4,,0.4,0,,,,,,,,0,0,0
226,28,DEF,8,3,3.2,0,0,0.0166667,0.014,11.6667,12,2.73333,2.82,90,90,10.3333,11.2,0.83666,2.692,1.248,1930.44,0.722,2064.57,False,0.571429,1,,0,0,,,,,,,,0,0,0
227,28,DEF,8,0,0,,,,,0,0,0,0,0,0,0,0,0,2.692,1.248,1930.44,0.722,2064.57,False,0,0,,0,0,,,,,,,,0,0,0
228,28,DEF,8,2.66667,2,0.0766667,0.046,0.17,0.108,12,10,4.3,3.3,81,67.8,4.33333,3.4,2.34521,2.692,1.248,1930.44,0.722,2064.57,False,0.408163,0.8,,0.2,0,,,,,,,,0,0,0
229,28,DEF,8,0,0.8,0,0,0,0.00666667,0,3.6,0,0.98,0,27,0,4.2,1.78885,2.692,1.248,1930.44,0.722,2064.57,False,0.181818,0.4,,0,0,,,,,,,,0,0,0
230,28,DEF,8,0.666667,1.4,0,0,0.0133333,0.096,8.33333,10,1.93333,2.32,57.3333,46.8,5,4.6,1.81659,2.692,1.248,1930.44,0.722,2064.57,False,0.318182,0.4,,0,0.2,,,,,,,,0,0,0
231,28,DEF,8,0.333333,0.2,0,0,0,0,-0.333333,-0.2,0,0,0.666667,0.4,0,0,0.447214,2.692,1.248,1930.44,0.722,2064.57,False,0.0444444,0,,0,0,,,,,,,,0,0,0
232,28,DEF,8,0.333333,0.2,0,0,0,0,-0.333333,-0.2,0.166667,0.1,5,3,0.333333,0.2,0.447214,2.692,1.248,1930.44,0.722,2064.57,False,0.05,0,,0,0,,,,,,,,0,0,0
233,28,DEF,8,0.666667,0.4,0,0,0.0166667,0.0166667,1.66667,1,1,0.6,31.3333,18.8,2.66667,1.6,0.547723,2.692,1.248,1930.44,0.722,2064.57,False,0.108108,0.2,,0,0,,,,,,,,0,0,0
234,28,DEF,8,0,0,,,,,0,0,0,0,0,0,0,0,0,2.692,1.248,1930.44,0.722,2064.57,False,0,0,,0,0,,,,,,,,0,0,0
235,28,MID,8,11.6667,7.4,1.29333,1.1325,0.25,0.2,38.6667,25,13.3333,8.62,74.6667,62.8,4.33333,3.6,8.41427,2.692,1.248,1930.44,0.722,2064.57,False,0.698113,0.8,,,,28.1,45.6667,2,7.66667,,,,1,0,0
236,28,MID,8,3.66667,3.2,0.216667,0.13,0.276667,0.278,14.6667,13.2,4.4,4.24,67.6667,68,4.33333,3,2.77489,2.692,1.248,1930.44,0.722,2064.57,False,0.457143,0.6,,,,21.7333,11.6667,0,4.33333,,,,0,1,0
237,28,MID,8,2,4.4,0.27,0.416,0.383333,0.246,13.6667,20.4,7.43333,7.82,90,90,5.33333,5.4,3.28634,2.692,1.248,1930.44,0.722,2064.57,False,0.656716,1,,,,48.4667,14.3333,0.666667,2,,,,0,0,1
238,28,MID,8,1,3.2,0.06,0.24,0.02,0.03,2,7.6,1,2.72,21,27.2,2.33333,1.8,5.63028,2.692,1.248,1930.44,0.722,2064.57,False,0.5,0.4,,,,5.36667,3,0,3,,,,0,0,0
239,28,MID,8,0,0.4,,0,,0,0,1.2,0,0.02,0,8.2,0,0,0.547723,2.692,1.248,1930.44,0.722,2064.57,False,0.0666667,0.2,,,,0,0,,,,,,0,0,0
240,28,MID,8,0,0,,,,,0,0,0,0,0,0,0,0,0,2.692,1.248,1930.44,0.722,2064.57,False,0,0,,,,0,0,,,,,,0,0,0
241,28,MID,8,2.66667,2.6,0.05,0.054,0.246667,0.168,20,17.8,4.2,3.28,90,86.4,11.6667,11.6,1.51658,2.692,1.248,1930.44,0.722,2064.57,False,0.45614,1,,,,22.1667,1.66667,0,0.333333,,,,0,0,0
242,28,MID,11,6.33333,4.4,0.146667,0.168,0.176667,0.118,23.3333,16.6,5.7,4.4,90,78.6,8,6,4.9295,1.45,1.45,1831.61,1.686,1866.62,False,0.88,0.8,,,,21.6333,14.6667,0.333333,3.66667,,,,0,0,0
243,28,MID,11,1.33333,0.8,0.04,0.04,0.0166667,0.0166667,3,1.8,1.13333,0.68,33,19.8,2.33333,1.4,0.83666,1.45,1.45,1831.61,1.686,1866.62,False,0.166667,0.2,,,,3.3,7,0.333333,2,,,,0,0,0
244,28,MID,8,0,0,0,0,0,0,0,0,0,0,0,0,0,0,0,2.692,1.248,1930.44,0.722,2064.57,False,0,0,,,,0,0,0,0,,,,0,0,0
245,28,MID,8,0,0,,,,,0,0,0,0,0,0,0,0,0,2.692,1.248,1930.44,0.722,2064.57,False,0,0,,,,0,0,,,,,,0,0,0
246,28,MID,8,2,1.8,0,0,0.0933333,0.0725,18,14.6,2.23333,1.8,83.6667,68.2,4.33333,5.6,1.09545,2.692,1.248,1930.44,0.722,2064.57,False,0.4,0.8,,,,10.2333,0.666667,0,0.333333,,,,0,0,0
247,28,MID,8,0,0,,,,,0,0,0,0,0,0,0,0,0,2.692,1.248,1930.44,0.722,2064.57,False,0,0,,,,0,0,,,,,,0,0,0
248,28,MID,8,0,0,,,,,0,0,0,0,0,0,0,0,0,2.692,1.248,1930.44,0.722,2064.57,False,0,0,,,,0,0,,,,,,0,0,0
249,28,FWD,8,8.33333,9.4,0.77,0.692,0.07,0.068,29,34.4,7.8,8.54,81,74.4,3.66667,3.6,1.94936,2.692,1.248,1930.44,0.722,2064.57,False,1.23684,0.8,,,,,,,,0.77,0.666667,7,0,0,0
250,28,FWD,8,1,1.8,0.106667,0.242,0,0.002,3.33333,4.2,0.933333,1.44,12,26.2,0.666667,1.2,1.78885,2.692,1.248,1930.44,0.722,2064.57,False,0.290323,0.2,,,,,,,,0.106667,0.333333,0.666667,0,0,0
251,28,FWD,8,0,0,,,,,0,0,0,0,0,0,0,0,0,2.692,1.248,1930.44,0.722,2064.57,False,0,0,,,,,,,,,,,0,0,0
252,28,FWD,8,0,0,0,0,0,0,0,0,0,0,0,0,0,0,0,2.692,1.248,1930.44,0.722,2064.57,False,0,0,,,,,,,,0,0,0,0,0,0
253,28,GKP,31,8.33333,5.6,0,0,0.00333333,0.002,25.6667,17.2,3.23333,2.34,90,90,0,0,6.50385,1.726,1.118,1805.77,1.072,1880.65,False,1.12,1,3.33333,,,,,,,,,,0,0,0
254,28,GKP,31,0,0,0,0,0,0,0,0,0,0,0,0,0,0,0,1.726,1.118,1805.77,1.072,1880.65,False,0,0,0,,,,,,,,,,0,0,0
255,28,GKP,31,0,0,,,,,0,0,0,0,0,0,0,0,0,1.726,1.118,1805.77,1.072,1880.65,False,0,0,0,,,,,,,,,,0,0,0
256,28,DEF,31,5,3.6,0.0366667,0.032,0.343333,0.262,22.3333,16.8,5.9,5.54,83.6667,83.2,8,6.8,3.43511,1.726,1.118,1805.77,1.072,1880.65,False,0.610169,1,,0.4,0,,,,,,,,0,0,0
257,28,DEF,31,4.66667,3.4,0.24,0.17,0.07,0.045,11.6667,10,3.7,3.82,60,72,8.66667,8.4,4.39318,1.726,1.118,1805.77,1.072,1880.65,False,0.666667,0.8,,0.2,0,,,,,,,,0,0,0
258,28,DEF,31,6,4.2,0.0633333,0.038,0.06,0.052,20.6667,14.6,3.8,3.76,90,84.8,3.66667,4.6,4.32435,1.726,1.118,1805.77,1.072,1880.65,False,0.84,1,,0.4,0.2,,,,,,,,0,0,0
259,28,DEF,31,0,0.2,0,0,0,0,0,0.8,0,0.16,0,5,0,0.8,0.447214,1.726,1.118,1805.77,1.072,1880.65,False,0.0416667,0,,0,0,,,,,,,,0,0,0
260,28,DEF,43,4,4.2,0.0133333,0.142,0.0866667,0.102,20.6667,19.8,4.53333,5.2,90,90,9.33333,8.6,2.16795,1.682,0.982,1973.92,1.742,1780.19,False,0.807692,1,,0.4,0,,,,,,,,0,0,0
261,28,DEF,31,4.66667,4.4,0.09,0.132,0.0166667,0.02,16.6667,14.8,3.16667,4.54,90,90,7.33333,6.8,3.64692,1.726,1.118,1805.77,1.072,1880.65,False,1,1,,0.4,0.2,,,,,,,,0,0,0
262,28,DEF,31,2,2.2,0.01,0.0275,0.005,0.0075,8,9.2,0.6,1.42,38.6667,38,2,1.8,2.16795,1.726,1.118,1805.77,1.072,1880.65,False,0.55,0.4,,0.2,0.2,,,,,,,,0,0,0
263,28,DEF,31,0,0,0,0,0,0,0,0,0,0,0,0,0,0,0,1.726,1.118,1805.77,1.072,1880.65,False,0,0,,0,0,,,,,,,,0,0,0
264,28,DEF,31,0,0,,,,,0,0,0,0,0,0,0,0,0,1.726,1.118,1805.77,1.072,1880.65,False,0,0,,0,0,,,,,,,,0,0,0
265,28,DEF,31,0,0,,,,,0,0,0,0,0,0,0,0,0,1.726,1.118,1805.77,1.072,1880.65,False,0,0,,0,0,,,,,,,,0,0,0
266,28,MID,3,5.66667,3.6,0.296667,0.178,0.11,0.118,19.3333,12.2,5.63333,3.9,56.3333,42,4,3,5.85662,1.828,0.722,2064.57,1.248,1930.44,False,0.5,0.4,,,,11.5667,20.6667,0.666667,3.33333,,,,0,0,0
267,28,MID,31,4,4.2,0.353333,0.528,0.0166667,0.018,12.3333,13.2,3.83333,4.8,89,89.4,6.33333,5.8,3.03315,1.726,1.118,1805.77,1.072,1880.65,False,0.666667,1,,,,4.2,19.6667,0.666667,3,,,,0,0,0
268,28,MID,31,0,0,,,,,0,0,0,0,0,0,0,0,0,1.726,1.118,1805.77,1.072,1880.65,False,0,0,,,,0,0,,,,,,0,0,0
269,28,MID,31,0,0,,,,,0,0,0,0,0,0,0,0,0,1.726,1.118,1805.77,1.072,1880.65,False,0,0,,,,0,0,,,,,,0,0,0
270,28,MID,31,1,1.2,0.0133333,0.068,0.136667,0.142,4.66667,6.6,2.9,2.96,46.3333,48.6,5.33333,5,0.83666,1.726,1.118,1805.77,1.072,1880.65,False,0.255319,0.6,,,,20.5667,1.33333,0,0.333333,,,,0,1,0
271,28,MID,31,1.33333,0.8,0.173333,0.173333,0.156667,0.156667,8.66667,5.2,3,1.8,43,25.8,5.66667,3.4,0.83666,1.726,1.118,1805.77,1.072,1880.65,False,0.16,0.2,,,,16.0667,7.33333,0,1.66667,,,,0,0,0
272,28,MID,31,2,3.2,0,0.0975,0.055,0.055,10.3333,12.2,2.33333,4.12,45,63,7.66667,8.8,3.76829,1.726,1.118,1805.77,1.072,1880.65,False,0.653061,0.8,,,,5.03333,3.33333,0,2.5,,,,0,0,0
273,28,MID,31,4,2.2,0.06,0.045,0.196667,0.18,11.6667,7,3.96667,2.68,87.3333,66.8,9.33333,7.6,3.11448,1.726,1.118,1805.77,1.072,1880.65,False,0.44,0.8,,,,21.3,6.33333,0,2,,,,0,0,0
274,28,MID,31,0,0,,,,,0,0,0,0,0,0,0,0,0,1.726,1.118,1805.77,1.072,1880.65,False,0,0,,,,0,0,,,,,,0,0,0
275,28,MID,31,0,0,,,,,0,0,0,0,0,0,0,0,0,1.726,1.118,1805.77,1.072,1880.65,False,0,0,,,,0,0,,,,,,0,0,0
276,28,MID,31,0,0,0,0,0,0,0,0,0,0,0,0,0,0,0,1.726,1.118,1805.77,1.072,1880.65,False,0,0,,,,0,0,0,0,,,,0,0,0
277,28,MID,31,0,0,,,,,0,0,0,0,0,0,0,0,0,1.726,1.118,1805.77,1.072,1880.65,False,0,0,,,,0,0,,,,,,0,0,0
278,28,MID,31,0,0,,,,,0,0,0,0,0,0,0,0,0,1.726,1.118,1805.77,1.072,1880.65,False,0,0,,,,0,0,,,,,,0,0,0
279,28,MID,31,0,0,,,,,0,0,0,0,0,0,0,0,0,1.726,1.118,1805.77,1.072,1880.65,False,0,0,,,,0,0,,,,,,0,0,0
280,28,MID,31,0,0,,,,,0,0,0,0,0,0,0,0,0,1.726,1.118,1805.77,1.072,1880.65,False,0,0,,,,0,0,,,,,,0,0,0
281,28,MID,31,0,0,,,,,0,0,0,0,0,0,0,0,0,1.726,1.118,1805.77,1.072,1880.65,False,0,0,,,,0,0,,,,,,0,0,0
282,28,MID,31,0,0,,,,,0,0,0,0,0,0,0,0,0,1.726,1.118,1805.77,1.072,1880.65,False,0,0,,,,0,0,,,,,,0,0,0
283,28,FWD,31,0,0.4,,0.46,,0,0,0,0,0.48,0,16.8,0,0.4,0.894427,1.726,1.118,1805.77,1.072,1880.65,False,0.0533333,0.2,,,,,,,,,,,0,0,0
284,28,FWD,31,0,0,,,,,0,0,0,0,0,0,0,0,0,1.726,1.118,1805.77,1.072,1880.65,False,0,0,,,,,,,,,,,0,0,0
285,28,FWD,31,0,0,,,,,0,0,0,0,0,0,0,0,0,1.726,1.118,1805.77,1.072,1880.65,False,0,0,,,,,,,,,,,0,0,0
286,28,FWD,31,0,0,,,,,0,0,0,0,0,0,0,0,0,1.726,1.118,1805.77,1.072,1880.65,False,0,0,,,,,,,,,,,0,0,0
287,28,GKP,11,1.33333,1.8,0,0,0.00666667,0.004,7,9.2,2.03333,2.04,90,90,0,0,0.83666,1.45,1.45,1831.61,1.686,1866.62,False,0.321429,1,2,,,,,,,,,,0,0,0
288,28,GKP,11,0,0,0,0,0,0,0,0,0,0,0,0,0,0,0,1.45,1.45,1831.61,1.686,1866.62,False,0,0,0,,,,,,,,,,0,0,0
289,28,GKP,11,0,0,,,,,0,0,0,0,0,0,0,0,0,1.45,1.45,1831.61,1.686,1866.62,False,0,0,0,,,,,,,,,,0,0,0
290,28,DEF,11,2.33333,1.8,0.0533333,0.036,0.0166667,0.016,8.66667,7.4,2.16667,2.14,61.6667,63.6,7,5.4,1.30384,1.45,1.45,1831.61,1.686,1866.62,False,0.339623,0.6,,0,0.2,,,,,,,,0,0,0
291,28,DEF,11,1.33333,2,0.223333,0.152,0.01,0.05,7.33333,10.4,3.73333,3.78,90,90,7,8.2,1.22474,1.45,1.45,1831.61,1.686,1866.62,False,0.350877,1,,0,0,,,,,,,,0,0,0
292,28,DEF,11,1,1,0,0.0025,0.263333,0.2075,6.66667,5.6,3.33333,2.86,58,52.8,2.33333,2.4,1,1.45,1.45,1831.61,1.686,1866.62,False,0.204082,0.6,,0,0.2,,,,,,,,0,0,0
293,28,DEF,11,0.333333,2,0.075,0.0575,0.035,0.035,0,6.8,1.8,3,52.6667,67.6,4.33333,5.4,2.91548,1.45,1.45,1831.61,1.686,1866.62,False,0.408163,0.8,,0,0.2,,,,,,,,0,0,0
294,28,DEF,11,0,0,0,0,0,0,0,0,0,0,0,0,0,0,0,1.45,1.45,1831.61,1.686,1866.62,False,0,0,,0,0,,,,,,,,0,0,0
295,28,DEF,11,2.33333,1.8,0.07,0.07,0.00666667,0.005,10.3333,9.2,2.16667,2.2,60.3333,54.2,6,5.4,1.48324,1.45,1.45,1831.61,1.686,1866.62,False,0.391304,0.6,,0,0,,,,,,,,0,0,0
296,28,DEF,11,0,0.6,0,0,0,0.01,0,2.4,0,0.44,0,14.2,0,1.6,0.894427,1.45,1.45,1831.61,1.686,1866.62,False,0.136364,0.2,,0,0,,,,,,,,0,0,0
297,28,DEF,11,0,0,,,,,0,0,0,0,0,0,0,0,0,1.45,1.45,1831.61,1.686,1866.62,False,0,0,,0,0,,,,,,,,0,0,0
298,28,DEF,11,0,0,,,,,0,0,0,0,0,0,0,0,0,1.45,1.45,1831.61,1.686,1866.62,False,0,0,,0,0,,,,,,,,0,0,0
299,28,MID,11,4.33333,3.4,0.346667,0.252,0.213333,0.2,22,17.4,6.76667,5.42,90,90,10,9.6,3.1305,1.45,1.45,1831.61,1.686,1866.62,False,0.548387,1,,,,20.5333,23.6667,0.666667,3.33333,,,,1,0,0
300,28,MID,11,0,0.2,0,0,0,0,0,1.4,0,0.14,0,9,0,0.8,0.447214,1.45,1.45,1831.61,1.686,1866.62,False,0.0363636,0.2,,,,0,0,0,0,,,,0,0,0
301,28,MID,11,0,0.2,0,0,0,0.005,0,1.4,0,0.08,0,2.2,0,0.8,0.447214,1.45,1.45,1831.61,1.686,1866.62,False,0.0384615,0,,,,0,0,0,0,,,,0,0,0
302,28,MID,11,1.66667,2.6,0.07,0.062,0.0366667,0.056,14,15,3.33333,3.76,90,87.8,9.33333,7.8,1.94936,1.45,1.45,1831.61,1.686,1866.62,False,0.481481,1,,,,11.1667,9.33333,0.333333,1.33333,,,,0,0,0
303,28,MID,11,2.66667,2.8,0.0533333,0.044,0.426667,0.322,19.6667,18.2,7.86667,6.2,90,90,11,11.8,1.09545,1.45,1.45,1831.61,1.686,1866.62,False,0.538462,1,,,,47.8333,9.33333,1,0.666667,,,,0,1,0
304,28,MID,11,1,0.6,0.00666667,0.005,0.00333333,0.0025,4,2.2,0.3,0.18,26.3333,17.8,2.33333,1.8,0.894427,1.45,1.45,1831.61,1.686,1866.62,False,0.125,0.2,,,,0.433333,0.666667,0,0,,,,0,0,0
305,28,MID,11,1.66667,1.6,0.263333,0.158,0.0266667,0.02,10,9.4,3.86667,2.66,56,58.4,4.66667,5.6,0.547723,1.45,1.45,1831.61,1.686,1866.62,False,0.355556,0.8,,,,10.1667,22.6667,0.666667,2,,,,0,0,0
306,28,MID,11,0,0,,,,,0,0,0,0,0,0,0,0,0,1.45,1.45,1831.61,1.686,1866.62,False,0,0,,,,0,0,,,,,,0,0,0
307,28,MID,11,0,0,,,,,0,0,0,0,0,0,0,0,0,1.45,1.45,1831.61,1.686,1866.62,False,0,0,,,,0,0,,,,,,0,0,0
308,28,MID,11,0,0,,,,,0,0,0,0,0,0,0,0,0,1.45,1.45,1831.61,1.686,1866.62,False,0,0,,,,0,0,,,,,,0,0,0
309,28,MID,11,0,0,,,,,0,0,0,0,0,0,0,0,0,1.45,1.45,1831.61,1.686,1866.62,False,0,0,,,,0,0,,,,,,0,0,0
310,28,FWD,11,2,3.4,0.473333,0.326,0.00666667,0.044,-0.333333,8.2,1.66667,3.48,73,79,2,2.6,3.1305,1.45,1.45,1831.61,1.686,1866.62,False,0.596491,1,,,,,,,,0.473333,0,3.33333,0,0,0
311,28,FWD,11,0.666667,2,0.0333333,0.138,0.00333333,0.002,1,6.4,1.36667,2.14,20,12.4,0.666667,0.8,2.82843,1.45,1.45,1831.61,1.686,1866.62,False,0.4,0,,,,,,,,0.0333333,0.333333,1.66667,0,0,0
312,28,FWD,11,0,0,,,,,0,0,0,0,0,0,0,0,0,1.45,1.45,1831.61,1.686,1866.62,False,0,0,,,,,,,,,,,0,0,0
313,28,FWD,11,0,0,,,,,0,0,0,0,0,0,0,0,0,1.45,1.45,1831.61,1.686,1866.62,False,0,0,,,,,,,,,,,0,0,0
314,28,GKP,54,0.666667,1.4,0,0,0,0,5,9.2,1.03333,1.82,90,90,0,0,1.51658,1.652,1.696,1807.68,1.97,1819.66,False,0.285714,1,1.66667,,,,,,,,,,0,0,0
315,28,GKP,54,0,0,,,,,0,0,0,0,0,0,0,0,0,1.652,1.696,1807.68,1.97,1819.66,False,0,0,0,,,,,,,,,,0,0,0
316,28,DEF,54,0,0.4,0,0,0,0.01,0,2.4,0,0.8,0,25.6,0,1.6,0.547723,1.652,1.696,1807.68,1.97,1819.66,False,0.0816327,0.4,,0,0,,,,,,,,0,0,0
317,28,DEF,54,2.33333,3,0.03,0.106,0.01,0.03,7.66667,9.4,3.33333,4.32,90,90,10,8.6,3.16228,1.652,1.696,1807.68,1.97,1819.66,False,0.666667,1,,0,0.2,,,,,,,,0,0,0
318,28,DEF,54,2.66667,1.8,0.04,0.0266667,0,0,8,5.4,2.56667,1.74,60,36.8,6.33333,4.2,2.94958,1.652,1.696,1807.68,1.97,1819.66,False,0.409091,0.4,,0,0.2,,,,,,,,0,0,0
319,28,DEF,54,1,1.6,0,0,0.00666667,0.022,3,6.6,0.633333,1.5,28,52.8,2,5.2,1.51658,1.652,1.696,1807.68,1.97,1819.66,False,0.372093,0.6,,0,0,,,,,,,,0,0,0
320,28,DEF,54,0,0,0,0,0,0,0,0,0,0,0,0,0,0,0,1.652,1.696,1807.68,1.97,1819.66,False,0,0,,0,0,,,,,,,,0,0,0
321,28,DEF,54,1,1.6,0,0.01,0.00333333,0.09,2,5.8,0.7,1.98,30.6667,53.4,3.66667,6,1.51658,1.652,1.696,1807.68,1.97,1819.66,False,0.372093,0.6,,0,0,,,,,,,,0,0,0
322,28,DEF,54,2,1.2,0.106667,0.106667,0.06,0.06,5.66667,3.4,3.46667,2.08,61.3333,36.8,6,3.6,1.64317,1.652,1.696,1807.68,1.97,1819.66,False,0.266667,0.4,,0,0,,,,,,,,0,0,0
323,28,DEF,54,0,0,,,,,0,0,0,0,0,0,0,0,0,1.652,1.696,1807.68,1.97,1819.66,False,0,0,,0,0,,,,,,,,0,0,0
324,28,MID,54,6.33333,4.6,0.113333,0.08,0.246667,0.248,25.6667,20.6,6.3,5.6,89,88.8,4.66667,5.4,4.77493,1.652,1.696,1807.68,1.97,1819.66,False,0.730159,1,,,,27.5667,10.3333,0.333333,1.66667,,,,0,0,0
325,28,MID,54,1.66667,1.8,0.17,0.108,0.0733333,0.054,8.33333,9.4,2.63333,2.02,76,73.2,5,4.8,0.447214,1.652,1.696,1807.68,1.97,1819.66,False,0.321429,1,,,,9.7,9.66667,0.333333,1.66667,,,,0,0,0
326,28,MID,21,0.666667,0.4,0.05,0.0375,0,0,2,1,0.233333,0.16,0.666667,2.2,0,0,0.547723,1.608,1.186,1743.59,1.456,1949.06,False,0.0784314,0,,,,0.133333,1.66667,0,0.333333,,,,0,0,0
327,28,MID,54,0,0,,,,,0,0,0,0,0,0,0,0,0,1.652,1.696,1807.68,1.97,1819.66,False,0,0,,,,0,0,,,,,,0,0,0
328,28,MID,54,2.66667,2.6,0.03,0.018,0.13,0.08,10.6667,9.2,3,2.94,90,64,11,8.4,1.34164,1.652,1.696,1807.68,1.97,1819.66,False,0.481481,0.6,,,,13.5,5.33333,0,2.33333,,,,0,0,0
329,28,MID,54,4,4.8,0.126667,0.104,0.323333,0.232,17,19.6,5,5.84,83.6667,86.2,6.66667,6,3.89872,1.652,1.696,1807.68,1.97,1819.66,False,0.8,1,,,,20.9333,14.6667,0.666667,3,,,,0,1,1
330,28,MID,54,2.66667,2.2,0.153333,0.13,0.0233333,0.04,12.6667,14.4,1.76667,2.26,86.6667,88,9,9,1.09545,1.652,1.696,1807.68,1.97,1819.66,False,0.44898,1,,,,3,6.66667,0,1.33333,,,,0,0,0
331,28,MID,54,0.333333,0.6,0,0.0533333,0,0.00333333,1,1.8,0.0666667,0.2,0.666667,6.8,0.333333,0.2,0.547723,1.652,1.696,1807.68,1.97,1819.66,False,0.125,0,,,,0.533333,0,0,0,,,,0,0,0
332,28,MID,54,0,0,,,,,0,0,0,0,0,0,0,0,0,1.652,1.696,1807.68,1.97,1819.66,False,0,0,,,,0,0,,,,,,0,0,0
333,28,MID,54,0,0,,,,,0,0,0,0,0,0,0,0,0,1.652,1.696,1807.68,1.97,1819.66,False,0,0,,,,0,0,,,,,,0,0,0
334,28,MID,54,0,0,,,,,0,0,0,0,0,0,0,0,0,1.652,1.696,1807.68,1.97,1819.66,False,0,0,,,,0,0,,,,,,0,0,0
335,28,MID,54,0.333333,1,0.105,0.07,0,0,1.66667,3.2,0.866667,0.52,10,6.4,1,1,1.73205,1.652,1.696,1807.68,1.97,1819.66,False,0.227273,0,,,,0.2,7.66667,0.5,1.5,,,,0,0,0
336,28,MID,54,0.333333,0.2,0,0,0,0,1,0.6,0.0333333,0.02,3,1.8,0.333333,0.2,0.447214,1.652,1.696,1807.68,1.97,1819.66,False,0.0465116,0,,,,0.1,0,0,0,,,,0,0,0
337,28,FWD,54,5.66667,5,0.713333,0.74,0.04,0.03,21,18,7.3,7.96,65.6667,75.4,4.33333,5.2,3.937,1.652,1.696,1807.68,1.97,1819.66,False,0.819672,1,,,,,,,,0.713333,1.33333,3.66667,1,0,0
338,28,FWD,54,1,0.6,0.0566667,0.0566667,0.00333333,0.00333333,2,1.2,1.06667,0.64,23.3333,14,1.66667,1,0.547723,1.652,1.696,1807.68,1.97,1819.66,False,0.113208,0,,,,,,,,0.0566667,0,1.33333,0,0,0
339,28,GKP,2,0,0,,,,,0,0,0,0,0,0,0,0,0,1.334,1.742,1780.19,0.982,1973.92,False,0,0,0,,,,,,,,,,0,0,0
340,28,GKP,2,0,0,,,,,0,0,0,0,0,0,0,0,0,1.334,1.742,1780.19,0.982,1973.92,False,0,0,0,,,,,,,,,,0,0,0
341,28,GKP,2,2,1.8,0,0,0.00333333,0.004,12.3333,10,2.66667,2.6,90,90,0,0,0.83666,1.334,1.742,1780.19,0.982,1973.92,False,0.461538,1,3.33333,,,,,,,,,,0,0,0
342,28,DEF,2,4.33333,3,0.213333,0.128,0.04,0.044,16.3333,9.6,5.03333,4.4,90,90,6.66667,6.6,3.16228,1.334,1.742,1780.19,0.982,1973.92,False,0.681818,1,,0,0.4,,,,,,,,0,0,0
343,28,DEF,2,2,2.4,0.055,0.0625,0.005,0.0125,8,10.6,2.03333,3.04,60,72,7.33333,10.6,1.67332,1.334,1.742,1780.19,0.982,1973.92,False,0.55814,0.8,,0,0,,,,,,,,0,0,0
344,28,DEF,2,1,0.6,0,0,0,0,-0.666667,-0.4,0.633333,0.38,45,27,4.66667,2.8,1.34164,1.334,1.742,1780.19,0.982,1973.92,False,0.153846,0.2,,0,0,,,,,,,,0,0,0
345,28,DEF,2,0.333333,1,0,0,0,0,0,2.8,0.766667,1.14,18.3333,27.8,2,4.2,1.73205,1.334,1.742,1780.19,0.982,1973.92,False,0.263158,0.4,,0,0,,,,,,,,0,0,0
346,28,DEF,2,0,0,0,0,0,0,0,0,0,0,0,0,0,0,0,1.334,1.742,1780.19,0.982,1973.92,False,0,0,,0,0,,,,,,,,0,0,0
347,28,DEF,2,1,0.4,0.02,0.015,0.0333333,0.025,5,1.6,2.36667,1.62,75,63,4.66667,3.6,1.14018,1.334,1.742,1780.19,0.982,1973.92,False,0.105263,0.8,,0,0,,,,,,,,0,0,0
348,28,DEF,2,3.66667,3.4,0.09,0.054,0.0266667,0.018,11,8,3.2,2.84,90,90,12,12.2,0.894427,1.334,1.742,1780.19,0.982,1973.92,False,0.871795,1,,0,0,,,,,,,,0,0,0
349,28,DEF,2,0,0,,,,,0,0,0,0,0,0,0,0,0,1.334,1.742,1780.19,0.982,1973.92,False,0,0,,0,0,,,,,,,,0,0,0
350,28,MID,2,2.66667,2.8,0.08,0.056,0.02,0.032,9.33333,7.8,1.53333,2.02,79.6667,78.6,6,6.6,0.83666,1.334,1.742,1780.19,0.982,1973.92,False,0.518519,1,,,,5.63333,5.66667,0,1.66667,,,,0,0,0
351,28,MID,2,0,0.2,0,0,0,0.00333333,0,0.6,0,0.06,0,1.8,0,0,0.447214,1.334,1.742,1780.19,0.982,1973.92,False,0.0384615,0,,,,0,0,0,0,,,,0,0,0
352,28,MID,2,0,0,,,,,0,0,0,0,0,0,0,0,0,1.334,1.742,1780.19,0.982,1973.92,False,0,0,,,,0,0,,,,,,0,0,0
353,28,MID,2,0.666667,0.4,0,0,0.00333333,0.00333333,2,1.2,0.333333,0.2,6.66667,4,0.666667,0.4,0.547723,1.334,1.742,1780.19,0.982,1973.92,False,0.0769231,0,,,,0.533333,2,0,1,,,,0,0,0
354,28,MID,2,4,3.6,0,0.006,0.0166667,0.018,15.6667,16,2.63333,2.12,90,90,11.3333,11.8,2.60768,1.334,1.742,1780.19,0.982,1973.92,False,0.734694,1,,,,11.2333,0,0,0,,,,0,0,0
355,28,MID,2,0,0,,,,,0,0,0,0,0,0,0,0,0,1.334,1.742,1780.19,0.982,1973.92,False,0,0,,,,0,0,,,,,,0,0,0
356,28,MID,2,4.66667,3.4,0.123333,0.086,0.156667,0.094,20,13.8,6.46667,4,90,76,7.66667,5.8,4.27785,1.334,1.742,1780.19,0.982,1973.92,False,0.723404,1,,,,22.6333,17.6667,0.333333,2.66667,,,,0,0,0
357,28,MID,2,0,0,,,,,0,0,0,0,0,0,0,0,0,1.334,1.742,1780.19,0.982,1973.92,False,0,0,,,,0,0,,,,,,0,0,0
358,28,MID,2,0,0.2,0,0,0,0,0,1,0,0.2,0,4.8,0,1,0.447214,1.334,1.742,1780.19,0.982,1973.92,False,0.0416667,0,,,,0,0,0,0,,,,0,0,0
359,28,MID,2,0,0,,,,,0,0,0,0,0,0,0,0,0,1.334,1.742,1780.19,0.982,1973.92,False,0,0,,,,0,0,,,,,,0,0,0
360,28,MID,2,0,0,,,,,0,0,0,0,0,0,0,0,0,1.334,1.742,1780.19,0.982,1973.92,False,0,0,,,,0,0,,,,,,0,0,0
361,28,MID,2,0,0,,,,,0,0,0,0,0,0,0,0,0,1.334,1.742,1780.19,0.982,1973.92,False,0,0,,,,0,0,,,,,,0,0,0
362,28,FWD,2,0,0.2,0,0,0,0,0,1,0,0.06,0,1,0,0.2,0.447214,1.334,1.742,1780.19,0.982,1973.92,False,0.0408163,0,,,,,,,,0,0,0,0,0,0
363,28,FWD,2,0,0,,,,,0,0,0,0,0,0,0,0,0,1.334,1.742,1780.19,0.982,1973.92,False,0,0,,,,,,,,,,,0,0,0
364,28,FWD,2,0,0,,,,,0,0,0,0,0,0,0,0,0,1.334,1.742,1780.19,0.982,1973.92,False,0,0,,,,,,,,,,,0,0,0
365,28,FWD,2,4,2.4,0.65,0.65,0.23,0.23,10.6667,6.4,3.46667,2.08,32.6667,19.6,1.33333,0.8,4.82701,1.334,1.742,1780.19,0.982,1973.92,False,0.48,0.2,,,,,,,,0.65,1,2,0,0,0
366,28,GKP,14,5,3.6,0,0,0,0.002,23.3333,17.8,2.46667,2.06,90,90,0,0,3.1305,1.736,1.456,1949.06,1.186,1743.59,False,0.666667,1,3,,,,,,,,,,0,0,0
367,28,GKP,14,0,0,0,0,0,0,0,0,0,0,0,0,0,0,0,1.736,1.456,1949.06,1.186,1743.59,False,0,0,0,,,,,,,,,,0,0,0
368,28,GKP,14,0,0,,,,,0,0,0,0,0,0,0,0,0,1.736,1.456,1949.06,1.186,1743.59,False,0,0,0,,,,,,,,,,0,0,0
369,28,GKP,14,0,0,0,0,0,0,0,0,0,0,0,0,0,0,0,1.736,1.456,1949.06,1.186,1743.59,False,0,0,0,,,,,,,,,,0,0,0
370,28,DEF,14,0,0,,0.05,,0.05,0,1.6,0,0.58,0,11.6,0,0.6,0,1.736,1.456,1949.06,1.186,1743.59,False,0,0.2,,0,0,,,,,,,,0,0,0
371,28,DEF,14,2.33333,2.4,0,0.002,0.01,0.008,10,9.4,1.1,2.06,57.3333,61.4,2.66667,2.6,2.88097,1.736,1.456,1949.06,1.186,1743.59,False,0.428571,0.8,,0.2,0.2,,,,,,,,0,0,0
372,28,DEF,14,3,2,0.005,0.00333333,0.08,0.0733333,11,6.6,2.16667,1.84,32.3333,28.4,1,0.8,3.39116,1.736,1.456,1949.06,1.186,1743.59,False,0.350877,0.2,,0.2,0,,,,,,,,0,0,0
373,28,DEF,14,9.33333,8.2,0.306667,0.22,0.0133333,0.016,26.3333,22,6.86667,7.28,90,90,9.33333,10.8,6.53452,1.736,1.456,1949.06,1.186,1743.59,False,1.34426,1,,0.4,0.6,,,,,,,,0,0,0
374,28,DEF,14,5.33333,5.4,0.00666667,0.06,0.02,0.015,22.3333,19.2,3.06667,3.4,90,72,9.66667,8.4,4.82701,1.736,1.456,1949.06,1.186,1743.59,False,0.981818,0.8,,0.4,0.2,,,,,,,,0,0,0
375,28,DEF,14,0,0,,,,,0,0,0,0,0,0,0,0,0,1.736,1.456,1949.06,1.186,1743.59,False,0,0,,0,0,,,,,,,,0,0,0
376,28,DEF,14,0.666667,0.4,0,0,0.005,0.00666667,2,0.6,0.333333,0.34,9.33333,12.2,1.66667,1.4,0.547723,1.736,1.456,1949.06,1.186,1743.59,False,0.0816327,0.2,,0,0,,,,,,,,0,0,0
377,28,DEF,14,0,0,,,,,0,0,0,0,0,0,0,0,0,1.736,1.456,1949.06,1.186,1743.59,False,0,0,,0,0,,,,,,,,0,0,0
378,28,DEF,14,0,0,,,,,0,0,0,0,0,0,0,0,0,1.736,1.456,1949.06,1.186,1743.59,False,0,0,,0,0,,,,,,,,0,0,0
379,28,DEF,14,0,0,,,,,0,0,0,0,0,0,0,0,0,1.736,1.456,1949.06,1.186,1743.59,False,0,0,,0,0,,,,,,,,0,0,0
380,28,DEF,14,0,0,0,0,0,0,0,0,0,0,0,0,0,0,0,1.736,1.456,1949.06,1.186,1743.59,False,0,0,,0,0,,,,,,,,0,0,0
381,28,MID,14,3.66667,4.2,0.25,0.306,0.293333,0.312,12.3333,13,4.86667,7.6,85.3333,85.8,5,4,1.64317,1.736,1.456,1949.06,1.186,1743.59,False,0.3,1,,,,19.3333,22.3333,0,7.66667,,,,1,0,0
382,28,MID,14,1.66667,3.8,0.39,0.2725,0.065,0.175,7,14.6,4.16667,6.1,60,71.2,4,5,4.71169,1.736,1.456,1949.06,1.186,1743.59,False,0.457831,0.8,,,,15.9667,18.3333,1,5.5,,,,0,0,0
383,28,MID,14,0,0,,,,,0,0,0,0,0,0,0,0,0,1.736,1.456,1949.06,1.186,1743.59,False,0,0,,,,0,0,,,,,,0,0,0
384,28,MID,14,2.66667,2.8,0.0566667,0.05,0.203333,0.172,11,11.4,4.83333,4.8,78,79.4,6.66667,7,0.83666,1.736,1.456,1949.06,1.186,1743.59,False,0.383562,1,,,,25.8333,10,0,3.66667,,,,0,0,0
385,28,MID,14,1,0.8,0.00333333,0.0025,0.00333333,0.0025,2.66667,2.2,0.9,0.56,5.33333,4.4,0.666667,0.4,0.447214,1.736,1.456,1949.06,1.186,1743.59,False,0.126984,0,,,,0.266667,7,0.333333,1,,,,0,0,0
386,28,MID,14,6,4,0.226667,0.15,0.0266667,0.028,24,17.8,6.16667,4.58,90,83.6,8.33333,7.4,5.09902,1.736,1.456,1949.06,1.186,1743.59,False,0.645161,1,,,,18.8333,16.6667,0.666667,1,,,,0,0,0
387,28,MID,14,3.66667,5.8,0.03,0.0475,0.27,0.24,18.3333,26,6.43333,7.86,60,72,7.33333,8.4,4.96991,1.736,1.456,1949.06,1.186,1743.59,False,0.84058,0.8,,,,33.1667,7,1,1.5,,,,0,1,0
388,28,MID,14,1.66667,1.4,0.11,0.09,0.0366667,0.048,5.33333,5,2.4,1.86,34,27.8,3.33333,3,0.894427,1.736,1.456,1949.06,1.186,1743.59,False,0.259259,0.2,,,,6.66667,14.6667,0.333333,1.33333,,,,0,0,0
389,28,MID,7,0,0.2,,0.1,,0.02,0,0.8,0,0.6,0,2.6,0,0.2,0.447214,1.236,1.294,1929.21,2.362,1669.32,False,0.0392157,0,,,,0,0,,,,,,0,0,0
390,28,MID,14,4.33333,3.6,0.0133333,0.028,0.04,0.068,17.3333,16.8,3.16667,3.66,90,90,11.3333,12,1.67332,1.736,1.456,1949.06,1.186,1743.59,False,0.654545,1,,,,12.1667,3,0,1,,,,0,0,0
391,28,MID,91,0,0,,,,,0,0,0,0,0,0,0,0,0,1.552,1.792,1835.06,1.496,1705.73,False,0,0,,,,0,0,,,,,,0,0,0
392,28,MID,14,1,1,0.04,0.0133333,0.01,0.0166667,4.66667,5.2,0.733333,0.76,22.6667,25.4,3.66667,3.2,1.22474,1.736,1.456,1949.06,1.186,1743.59,False,0.204082,0.2,,,,0.6,2,0,2,,,,0,0,0
393,28,MID,14,0,0,,,,,0,0,0,0,0,0,0,0,0,1.736,1.456,1949.06,1.186,1743.59,False,0,0,,,,0,0,,,,,,0,0,0
394,28,MID,14,0,0,,,,,0,0,0,0,0,0,0,0,0,1.736,1.456,1949.06,1.186,1743.59,False,0,0,,,,0,0,,,,,,0,0,0
395,28,MID,14,0,0,,,,,0,0,0,0,0,0,0,0,0,1.736,1.456,1949.06,1.186,1743.59,False,0,0,,,,0,0,,,,,,0,0,0
396,28,MID,14,0,0,0,0,0,0,0,0,0,0,0,0,0,0,0,1.736,1.456,1949.06,1.186,1743.59,False,0,0,,,,0,0,0,0,,,,0,0,0
397,28,FWD,14,0,0,,,,,0,0,0,0,0,0,0,0,0,1.736,1.456,1949.06,1.186,1743.59,False,0,0,,,,,,,,,,,0,0,0
398,28,FWD,14,0,0,,,,,0,0,0,0,0,0,0,0,0,1.736,1.456,1949.06,1.186,1743.59,False,0,0,,,,,,,,,,,0,0,0
399,28,GKP,43,0,0,,,,,0,0,0,0,0,0,0,0,0,1.682,0.982,1973.92,1.742,1780.19,False,0,0,0,,,,,,,,,,0,0,0
400,28,GKP,17,3.66667,2.2,,,,,12.6667,7.6,2.3,1.38,90,54,0,0,2.94958,1.268,1.672,1784.7,1.146,1829.52,False,0.468085,0.6,2.66667,,,,,,,,,,0,0,0
401,28,GKP,43,0,0,,,,,0,0,0,0,0,0,0,0,0,1.682,0.982,1973.92,1.742,1780.19,False,0,0,0,,,,,,,,,,0,0,0
402,28,DEF,43,4.33333,3,0.08,0.0675,0.07,0.055,19,13,3.06667,2.08,90,67.8,6.33333,4.8,3.4641,1.682,0.982,1973.92,1.742,1780.19,False,0.526316,0.8,,0.2,0,,,,,,,,0,0,0
403,28,DEF,43,0,0,,,,,0,0,0,0,0,0,0,0,0,1.682,0.982,1973.92,1.742,1780.19,False,0,0,,0,0,,,,,,,,0,0,0
404,28,DEF,43,0,0,,,,,0,0,0,0,0,0,0,0,0,1.682,0.982,1973.92,1.742,1780.19,False,0,0,,0,0,,,,,,,,0,0,0
405,28,DEF,43,0.333333,0.2,0,0,0,0,1.66667,1,0.5,0.3,0.333333,0.2,0.666667,0.4,0.447214,1.682,0.982,1973.92,1.742,1780.19,False,0.0384615,0,,0,0,,,,,,,,0,0,0
406,28,DEF,43,2.66667,2.8,0.11,0.066,0,0.006,10.3333,13.4,0.833333,1.5,45,63,3.66667,5.2,2.94958,1.682,0.982,1973.92,1.742,1780.19,False,0.518519,0.6,,0.4,0,,,,,,,,0,0,0
407,28,DEF,43,3.66667,4.6,0,0,0.0366667,0.056,17.6667,19.2,3.06667,3.32,79.6667,83.8,3.33333,3.2,3.91152,1.682,0.982,1973.92,1.742,1780.19,False,0.851852,1,,0.2,0.6,,,,,,,,0,0,0
408,28,DEF,43,2.33333,1.4,0.01,0.01,0.01,0.01,9,5.4,1.43333,0.86,54.6667,32.8,4.66667,2.8,2.60768,1.682,0.982,1973.92,1.742,1780.19,False,0.254545,0.4,,0.2,0,,,,,,,,0,0,0
409,28,DEF,43,0,0,0,0,0,0,0,0,0,0,0,0,0,0,0,1.682,0.982,1973.92,1.742,1780.19,False,0,0,,0,0,,,,,,,,0,0,0
410,28,DEF,43,0,0,0,0,0,0,0,0,0,0,0,0,0,0,0,1.682,0.982,1973.92,1.742,1780.19,False,0,0,,0,0,,,,,,,,0,0,0
411,28,DEF,43,10.6667,7.8,0.266667,0.178,0.0433333,0.048,24.6667,21.2,6.6,5.5,90,90,2,4.2,6.97854,1.682,0.982,1973.92,1.742,1780.19,False,1.52941,1,,0.4,0.6,,,,,,,,0,0,0
412,28,DEF,43,0,0,,,,,0,0,0,0,0,0,0,0,0,1.682,0.982,1973.92,1.742,1780.19,False,0,0,,0,0,,,,,,,,0,0,0
413,28,MID,43,2.33333,3.6,0.113333,0.118,0.0433333,0.042,6.66667,11,5.46667,5.04,54,47.2,2.33333,2.2,3.78153,1.682,0.982,1973.92,1.742,1780.19,False,0.433735,0.6,,,,25.0333,19.6667,0.666667,3.33333,,,,0,0,0
414,28,MID,43,2,1.6,0.17,0.085,0.03,0.03,7.66667,5.8,4.06667,3.26,24.3333,20.8,2.66667,2.4,1.94936,1.682,0.982,1973.92,1.742,1780.19,False,0.197531,0.2,,,,10.7667,18.3333,1.5,3.5,,,,0,0,0
415,28,MID,43,0,0,0,0,0,0,0,0,0,0,0,0,0,0,0,1.682,0.982,1973.92,1.742,1780.19,False,0,0,,,,0,0,0,0,,,,0,0,0
416,28,MID,43,2.66667,3.8,0.153333,0.092,0.223333,0.202,17.3333,21.6,6.6,7.06,79.6667,83.2,9.33333,9.2,3.11448,1.682,0.982,1973.92,1.742,1780.19,False,0.612903,1,,,,32.3,9.66667,0.333333,2.33333,,,,0,1,0
417,28,MID,43,1,2.8,0.02,0.086,0.0333333,0.054,4.66667,11.4,1.26667,3.4,26.6667,44,3.33333,4.4,3.03315,1.682,0.982,1973.92,1.742,1780.19,False,0.4375,0.4,,,,8.76667,0.333333,0,0,,,,0,0,0
418,28,MID,43,0,0.2,,0,,0,0,0.6,0,0.04,0,3.2,0,0.2,0.447214,1.682,0.982,1973.92,1.742,1780.19,False,0.03125,0,,,,0,0,,,,,,0,0,0
419,28,MID,11,0,0,,,,,0,0,0,0,0,0,0,0,0,1.45,1.45,1831.61,1.686,1866.62,False,0,0,,,,0,0,,,,,,0,0,0
420,28,MID,43,0,0,,,,,0,0,0,0,0,0,0,0,0,1.682,0.982,1973.92,1.742,1780.19,False,0,0,,,,0,0,,,,,,0,0,0
421,28,MID,43,4.33333,3.8,0.0466667,0.028,0.0666667,0.106,18.6667,18.6,4.66667,4.64,83.3333,86,10.6667,12.4,1.30384,1.682,0.982,1973.92,1.742,1780.19,False,0.603175,1,,,,26.9667,2.33333,0,0.333333,,,,0,0,0
422,28,MID,43,0,0,,,,,0,0,0,0,0,0,0,0,0,1.682,0.982,1973.92,1.742,1780.19,False,0,0,,,,0,0,,,,,,0,0,0
423,28,MID,43,0,0,0,0,0,0.03,0,0.4,0.1,0.24,6.33333,7.8,1,2,0,1.682,0.982,1973.92,1.742,1780.19,False,0,0,,,,0.1,0,0,0,,,,0,0,0
424,28,MID,54,1,0.6,0.0233333,0.0233333,0.00666667,0.00666667,2.33333,1.4,1.2,0.72,23.3333,14,4.33333,2.6,0.547723,1.652,1.696,1807.68,1.97,1819.66,False,0.117647,0,,,,5.26667,4,0,1.66667,,,,0,0,0
425,28,MID,43,0,0,,,,,0,0,0,0,0,0,0,0,0,1.682,0.982,1973.92,1.742,1780.19,False,0,0,,,,0,0,,,,,,0,0,0
426,28,MID,17,0.333333,0.2,0,0,0,0,1,0.6,0.0666667,0.04,0.333333,0.2,0,0,0.447214,1.268,1.672,1784.7,1.146,1829.52,False,0.04,0,,,,0.0333333,0.666667,0,0.5,,,,0,0,0
427,28,MID,43,0.333333,1,0,0.0775,0.005,0.055,1,1,0.233333,0.8,10,22.2,1.33333,1.2,1.22474,1.682,0.982,1973.92,1.742,1780.19,False,0.2,0.2,,,,0.566667,0,0,0,,,,0,0,0
428,28,MID,43,0,0,,,,,0,0,0,0,0,0,0,0,0,1.682,0.982,1973.92,1.742,1780.19,False,0,0,,,,0,0,,,,,,0,0,0
429,28,MID,43,0,0,,,,,0,0,0,0,0,0,0,0,0,1.682,0.982,1973.92,1.742,1780.19,False,0,0,,,,0,0,,,,,,0,0,0
430,28,FWD,43,7.33333,5.6,0.56,0.392,0.176667,0.12,28.6667,21.2,9.46667,7.38,75,66.4,2,1.6,3.57771,1.682,0.982,1973.92,1.742,1780.19,False,0.380952,0.8,,,,,,,,0.56,1.66667,6,1,0,0
431,28,GKP,1,0,0,0,0,0,0,0,0,0,0,0,0,0,0,0,1.224,1.072,1880.65,1.118,1805.77,False,0,0,0,,,,,,,,,,0,0,0
432,28,GKP,1,0,0,,,,,0,0,0,0,0,0,0,0,0,1.224,1.072,1880.65,1.118,1805.77,False,0,0,0,,,,,,,,,,0,0,0
433,28,GKP,1,0,0,,,,,0,0,0,0,0,0,0,0,0,1.224,1.072,1880.65,1.118,1805.77,False,0,0,0,,,,,,,,,,0,0,0
434,28,GKP,1,0,0,,,,,0,0,0,0,0,0,0,0,0,1.224,1.072,1880.65,1.118,1805.77,False,0,0,0,,,,,,,,,,0,0,0
435,28,GKP,1,0,0,,,,,0,0,0,0,0,0,0,0,0,1.224,1.072,1880.65,1.118,1805.77,False,0,0,0,,,,,,,,,,0,0,0
436,28,DEF,1,0,0,,,,,0,0,0,0,0,0,0,0,0,1.224,1.072,1880.65,1.118,1805.77,False,0,0,,0,0,,,,,,,,0,0,0
437,28,DEF,1,3,1.8,0,0.0025,0.045,0.0725,15,11,2.03333,2.2,60,72,4.33333,5.2,3.11448,1.224,1.072,1880.65,1.118,1805.77,False,0.375,0.8,,0.2,0,,,,,,,,0,0,0
438,28,DEF,1,0.333333,0.6,0.0133333,0.008,0,0,1,1.4,0.333333,0.38,5,4.2,1.33333,1.8,0.547723,1.224,1.072,1880.65,1.118,1805.77,False,0.122449,0,,0,0,,,,,,,,0,0,0
439,28,DEF,1,0,0,,,,,0,0,0,0,0,0,0,0,0,1.224,1.072,1880.65,1.118,1805.77,False,0,0,,0,0,,,,,,,,0,0,0
440,28,DEF,1,6.66667,4.6,0.0333333,0.028,0.0666667,0.104,29,21.2,5.4,4.58,87,87.2,6,5.2,4.82701,1.224,1.072,1880.65,1.118,1805.77,False,1,1,,0.4,0.2,,,,,,,,0,0,0
441,28,DEF,1,0,1.6,,0.12,,0,0,3.8,0,1.06,0,16,0,0.8,3.57771,1.224,1.072,1880.65,1.118,1805.77,False,0.380952,0.2,,0,0.2,,,,,,,,0,0,0
442,28,DEF,1,5,4,0.00333333,0.052,0.0133333,0.008,23,16.8,2.1,2.94,82.3333,85.4,7.33333,8.6,2.34521,1.224,1.072,1880.65,1.118,1805.77,False,0.909091,1,,0.4,0,,,,,,,,0,0,0
443,28,DEF,1,4.66667,3.2,0.143333,0.086,0.07,0.046,21.6667,13.2,3.26667,2.48,88.6667,89.2,3.66667,4.4,2.58844,1.224,1.072,1880.65,1.118,1805.77,False,0.711111,1,,0.4,0,,,,,,,,0,0,0
444,28,DEF,1,2.33333,1.6,0,0,0.005,0.00333333,11.6667,7.6,1.16667,0.72,37.3333,22.6,4,2.6,2.50998,1.224,1.072,1880.65,1.118,1805.77,False,0.390244,0.2,,0.2,0,,,,,,,,0,0,0
445,28,DEF,1,0,0,,,,,0,0,0,0,0,0,0,0,0,1.224,1.072,1880.65,1.118,1805.77,False,0,0,,0,0,,,,,,,,0,0,0
446,28,DEF,1,0,0,,,,,0,0,0,0,0,0,0,0,0,1.224,1.072,1880.65,1.118,1805.77,False,0,0,,0,0,,,,,,,,0,0,0
447,28,DEF,1,0.333333,0.2,0,0,0,0,1,0.6,0,0,0.333333,0.2,0,0,0.447214,1.224,1.072,1880.65,1.118,1805.77,False,0.0540541,0,,0,0,,,,,,,,0,0,0
448,28,DEF,1,0,0,0,0,0,0,0,0,0,0,0,0,0,0,0,1.224,1.072,1880.65,1.118,1805.77,False,0,0,,0,0,,,,,,,,0,0,0
449,28,MID,1,4.66667,5.8,0.25,0.224,0.273333,0.226,21.3333,23.6,9,8.5,90,90,2.66667,4.6,4.02492,1.224,1.072,1880.65,1.118,1805.77,False,0.58,1,,,,48.6333,15.3333,0.666667,2,,,,1,1,1
450,28,MID,1,2.66667,5.2,0.06,0.08,0.0266667,0.032,8.66667,16,2,3.68,77.3333,65.2,6.33333,5.4,3.49285,1.224,1.072,1880.65,1.118,1805.77,False,0.65,0.8,,,,7.8,4.66667,0,1.66667,,,,0,0,0
451,28,MID,1,0,0,,,,,0,0,0,0,0,0,0,0,0,1.224,1.072,1880.65,1.118,1805.77,False,0,0,,,,0,0,,,,,,0,0,0
452,28,MID,1,1.66667,1.8,0.0666667,0.062,0.08,0.088,13.3333,14.4,4.96667,4.52,79,82.8,6,7,0.447214,1.224,1.072,1880.65,1.118,1805.77,False,0.290323,1,,,,22.4667,16.3333,0.666667,5,,,,0,0,0
453,28,MID,8,0.333333,0.4,0,0,0.00666667,0.015,1,2,0.166667,0.56,9.66667,14.8,0.333333,1.2,0.547723,2.692,1.248,1930.44,0.722,2064.57,False,0.0625,0.2,,,,0.5,0.666667,0,0.333333,,,,0,0,0
454,28,MID,1,0,0,,,,,0,0,0,0,0,0,0,0,0,1.224,1.072,1880.65,1.118,1805.77,False,0,0,,,,0,0,,,,,,0,0,0
455,28,MID,1,0,0,,,,,0,0,0,0,0,0,0,0,0,1.224,1.072,1880.65,1.118,1805.77,False,0,0,,,,0,0,,,,,,0,0,0
456,28,MID,7,2.33333,2,0.05,0.034,0.216667,0.17,11.6667,10.6,5.33333,4.68,54.6667,59.6,2.66667,3,1.73205,1.236,1.294,1929.21,2.362,1669.32,False,0.344828,0.8,,,,29.1,11.3333,0,4.66667,,,,0,0,0
457,28,MID,1,3.33333,5,0.0866667,0.086,0.176667,0.182,15.6667,20.4,6.56667,6.84,88.6667,86,10.6667,10.2,4.63681,1.224,1.072,1880.65,1.118,1805.77,False,0.892857,1,,,,25.3,15.3333,1,2.33333,,,,0,0,0
458,28,MID,1,3.66667,4,0,0.01,0.0966667,0.064,19,18.4,4.8,4.8,90,90,8.66667,8.8,1.58114,1.224,1.072,1880.65,1.118,1805.77,False,0.869565,1,,,,25.0333,2.66667,0,1.33333,,,,0,0,0
459,28,MID,1,0.333333,0.4,0,0,0,0,1,1.6,0.233333,0.32,1,3.6,0.666667,1.4,0.547723,1.224,1.072,1880.65,1.118,1805.77,False,0.0851064,0,,,,0.533333,0,0,0,,,,0,0,0
460,28,MID,1,0,0,,,,,0,0,0,0,0,0,0,0,0,1.224,1.072,1880.65,1.118,1805.77,False,0,0,,,,0,0,,,,,,0,0,0
461,28,MID,1,0,0,,,,,0,0,0,0,0,0,0,0,0,1.224,1.072,1880.65,1.118,1805.77,False,0,0,,,,0,0,,,,,,0,0,0
462,28,MID,1,0,0,,,,,0,0,0,0,0,0,0,0,0,1.224,1.072,1880.65,1.118,1805.77,False,0,0,,,,0,0,,,,,,0,0,0
463,28,MID,1,0,0,,,,,0,0,0,0,0,0,0,0,0,1.224,1.072,1880.65,1.118,1805.77,False,0,0,,,,0,0,,,,,,0,0,0
464,28,MID,1,0,0,0,0,0,0,0,0,0,0,0,0,0,0,0,1.224,1.072,1880.65,1.118,1805.77,False,0,0,,,,0,0,0,0,,,,0,0,0
465,28,FWD,1,0,0,,,,,0,0,0,0,0,0,0,0,0,1.224,1.072,1880.65,1.118,1805.77,False,0,0,,,,,,,,,,,0,0,0
466,28,FWD,1,0.666667,0.4,0.03,0.03,0,0,0.333333,0.2,0.266667,0.16,3.66667,2.2,0.666667,0.4,0.547723,1.224,1.072,1880.65,1.118,1805.77,False,0.0689655,0,,,,,,,,0.03,0,0.666667,0,0,0
467,28,FWD,1,0,0,,,,,0,0,0,0,0,0,0,0,0,1.224,1.072,1880.65,1.118,1805.77,False,0,0,,,,,,,,,,,0,0,0
468,28,FWD,1,0,0,,,,,0,0,0,0,0,0,0,0,0,1.224,1.072,1880.65,1.118,1805.77,False,0,0,,,,,,,,,,,0,0,0
469,28,GKP,4,2,2,0.0533333,0.032,0,0,9.33333,8.8,3.46667,3.08,90,90,0,0,0.707107,1.576,1.686,1866.62,1.45,1831.61,False,0.392157,1,3,,,,,,,,,,0,0,0
470,28,GKP,90,1.33333,2,0,0,0,0,5.66667,9.8,1.16667,2.44,90,90,0,0,1.73205,0.844,1.666,1685.09,1.422,1853.47,False,0.5,1,1.33333,,,,,,,,,,0,0,0
471,28,GKP,4,0,0,,,,,0,0,0,0,0,0,0,0,0,1.576,1.686,1866.62,1.45,1831.61,False,0,0,0,,,,,,,,,,0,0,0
472,28,GKP,4,0,0,,,,,0,0,0,0,0,0,0,0,0,1.576,1.686,1866.62,1.45,1831.61,False,0,0,0,,,,,,,,,,0,0,0
473,28,DEF,4,2.66667,2.4,0.0266667,0.016,0.01,0.046,7,7.4,3.5,4.22,60.3333,71.8,5.33333,7,2.79285,1.576,1.686,1866.62,1.45,1831.61,False,0.45283,0.8,,0,0.2,,,,,,,,0,0,0
474,28,DEF,4,0,0,,,,,0,0,0,0,0,0,0,0,0,1.576,1.686,1866.62,1.45,1831.61,False,0,0,,0,0,,,,,,,,0,0,1
475,28,DEF,4,3,2.4,0.49,0.336667,0.005,0.01,9.33333,8.8,4.76667,3.92,60,54,6,6.4,2.88097,1.576,1.686,1866.62,1.45,1831.61,False,0.489796,0.6,,0,0.2,,,,,,,,0,0,0
476,28,DEF,4,1.33333,1,0.0233333,0.0175,0.00333333,0.0025,6,2.2,2.2,1.88,61,54.6,7.66667,7.4,0.707107,1.576,1.686,1866.62,1.45,1831.61,False,0.2,0.6,,0,0,,,,,,,,0,0,0
477,28,DEF,4,0,0,,,,,0,0,0,0,0,0,0,0,0,1.576,1.686,1866.62,1.45,1831.61,False,0,0,,0,0,,,,,,,,0,0,0
478,28,DEF,4,1,1,0,0,0.07,0.106,5.66667,6,3.83333,4.56,88.6667,87.8,4,4.8,0.707107,1.576,1.686,1866.62,1.45,1831.61,False,0.204082,1,,0,0,,,,,,,,0,0,0
479,28,DEF,4,0,0,,,,,0,0,0,0,0,0,0,0,0,1.576,1.686,1866.62,1.45,1831.61,False,0,0,,0,0,,,,,,,,0,0,0
480,28,DEF,4,0,0,,,,,0,0,0,0,0,0,0,0,0,1.576,1.686,1866.62,1.45,1831.61,False,0,0,,0,0,,,,,,,,0,0,0
481,28,DEF,4,0,0.2,0,0,0,0,0,-0.2,0,0.04,0,0.2,0,0.2,0.447214,1.576,1.686,1866.62,1.45,1831.61,False,0.0526316,0,,0,0,,,,,,,,0,0,0
482,28,DEF,4,0,0,,,,,0,0,0,0,0,0,0,0,0,1.576,1.686,1866.62,1.45,1831.61,False,0,0,,0,0,,,,,,,,0,0,0
483,28,DEF,4,0,0,,,,,0,0,0,0,0,0,0,0,0,1.576,1.686,1866.62,1.45,1831.61,False,0,0,,0,0,,,,,,,,0,0,0
484,28,DEF,4,0,0,,,,,0,0,0,0,0,0,0,0,0,1.576,1.686,1866.62,1.45,1831.61,False,0,0,,0,0,,,,,,,,0,0,0
485,28,MID,4,2.33333,3,0.35,0.365,0.06,0.125,7.33333,11.2,3.66667,4.86,54.6667,63.2,1.33333,1.4,2.44949,1.576,1.686,1866.62,1.45,1831.61,False,0.416667,0.8,,,,7.83333,21,1,5.5,,,,1,0,0
486,28,MID,4,1.66667,1.6,0.0166667,0.026,0.28,0.174,7,7.2,4.2,2.96,65.3333,59,2.66667,2.6,0.547723,1.576,1.686,1866.62,1.45,1831.61,False,0.246154,0.6,,,,23.7667,11.6667,0,5,,,,0,0,0
487,28,MID,4,1.33333,1.6,0.2,0.242,0.0333333,0.026,3,3,2.53333,2.42,70,74.4,4,3.6,0.894427,1.576,1.686,1866.62,1.45,1831.61,False,0.262295,0.8,,,,4.4,18.6667,0.666667,4,,,,0,0,0
488,28,MID,4,4.66667,2.8,0.395,0.395,0.335,0.335,19.3333,11.6,6.4,3.84,60,36,7.33333,4.4,4.76445,1.576,1.686,1866.62,1.45,1831.61,False,0.411765,0.4,,,,30.6333,7.66667,0.5,2,,,,0,0,0
489,28,MID,4,0.666667,0.6,0.01,0.0075,0.00333333,0.005,2.33333,2,0.6,0.4,24,17.8,2.33333,1.8,0.547723,1.576,1.686,1866.62,1.45,1831.61,False,0.101695,0.2,,,,4.06667,2.66667,0,1,,,,0,0,0
490,28,MID,4,0,0,0.03,0.035,0.01,0.015,-0.333333,1,0.6,0.84,10,15.4,1,2.2,0,1.576,1.686,1866.62,1.45,1831.61,False,0,0.2,,,,4.33333,2,0,1,,,,0,0,0
491,28,MID,4,1.66667,2.2,0.0533333,0.164,0.07,0.05,11,13.6,2.36667,2.78,63.6667,72.8,6.66667,8.6,1.09545,1.576,1.686,1866.62,1.45,1831.61,False,0.415094,0.8,,,,13.3333,3.66667,0,1,,,,0,1,1
492,28,MID,4,0,0,,,,,0,0,0,0,0,0,0,0,0,1.576,1.686,1866.62,1.45,1831.61,False,0,0,,,,0,0,,,,,,0,0,0
493,28,MID,2,0.666667,0.8,0,0.018,0.0633333,0.042,2,2.6,0.766667,1.18,5.33333,13.2,0,1.2,0.447214,1.334,1.742,1780.19,0.982,1973.92,False,0.166667,0,,,,4.8,2,0,1,,,,0,0,0
494,28,MID,4,1,1.2,0.06,0.036,0.06,0.048,4.66667,4.8,3.26667,2.26,63.6667,53.8,7,5.6,0.83666,1.576,1.686,1866.62,1.45,1831.61,False,0.24,0.8,,,,10.5,17,0.666667,3.66667,,,,0,0,0
495,28,MID,4,0,0,,,,,0,0,0,0,0,0,0,0,0,1.576,1.686,1866.62,1.45,1831.61,False,0,0,,,,0,0,,,,,,0,0,0
496,28,MID,4,0,0,,,,,0,0,0,0,0,0,0,0,0,1.576,1.686,1866.62,1.45,1831.61,False,0,0,,,,0,0,,,,,,0,0,0
497,28,MID,4,0,0.4,,0.18,,0.05,0,2.8,0,1.52,0,18,0,0.8,0.894427,1.576,1.686,1866.62,1.45,1831.61,False,0.0909091,0.2,,,,0,0,,,,,,0,0,0
498,28,MID,4,0,0,,,,,0,0,0,0,0,0,0,0,0,1.576,1.686,1866.62,1.45,1831.61,False,0,0,,,,0,0,,,,,,0,0,0
499,28,FWD,14,0,0,,,,,0,0,0,0,0,0,0,0,0,1.736,1.456,1949.06,1.186,1743.59,False,0,0,,,,,,,,,,,0,0,0
500,28,FWD,4,1,0.8,0,0,0.00333333,0.0025,2.33333,2,0.166667,0.1,13,9,0.666667,0.4,0.447214,1.576,1.686,1866.62,1.45,1831.61,False,0.148148,0,,,,,,,,0,0,0.333333,0,0,0
501,28,FWD,4,0,0,0,0,0,0,0,0,0,0,0,0,0,0,0,1.576,1.686,1866.62,1.45,1831.61,False,0,0,,,,,,,,0,0,0,0,0,0
502,28,GKP,17,0,1.4,,0,,0,0,5,0,0.28,0,27,0,0,2.60768,1.268,1.672,1784.7,1.146,1829.52,False,0.304348,0.4,0,,,,,,,,,,0,0,0
503,28,GKP,17,0,0,,,,,0,0,0,0,0,0,0,0,0,1.268,1.672,1784.7,1.146,1829.52,False,0,0,0,,,,,,,,,,0,0,0
504,28,GKP,17,0,0,,,,,0,0,0,0,0,0,0,0,0,1.268,1.672,1784.7,1.146,1829.52,False,0,0,0,,,,,,,,,,0,0,0
505,28,DEF,17,3.66667,4.4,0.03,0.018,0,0,8.66667,11.4,1.9,1.92,90,90,8,9.6,2.70185,1.268,1.672,1784.7,1.146,1829.52,False,0.862745,1,,0.4,0,,,,,,,,0,0,0
506,28,DEF,17,0.666667,2.4,0.1,0.0333333,0.02,0.0133333,5,10.6,1.5,1.84,30,54,3,4.6,3.28634,1.268,1.672,1784.7,1.146,1829.52,False,0.461538,0.6,,0.2,0,,,,,,,,0,0,0
507,28,DEF,17,3,4.4,0.05,0.04,0.06,0.042,12.6667,17.2,2.83333,2.74,90,90,5.66667,6.6,4.44972,1.268,1.672,1784.7,1.146,1829.52,False,0.93617,1,,0.4,0.2,,,,,,,,0,0,0
508,28,DEF,17,4,3.6,0.095,0.0475,0.345,0.1725,17,12.4,4.63333,3.36,60,62.8,6,6.4,4.5607,1.268,1.672,1784.7,1.146,1829.52,False,0.765957,0.8,,0.4,0,,,,,,,,0,0,0
509,28,DEF,17,0,0,,,,,0,0,0,0,0,0,0,0,0,1.268,1.672,1784.7,1.146,1829.52,False,0,0,,0,0,,,,,,,,0,0,0
510,28,DEF,17,0,0,0,0,0,0,0,0,0,0,0,0,0,0,0,1.268,1.672,1784.7,1.146,1829.52,False,0,0,,0,0,,,,,,,,0,0,0
511,28,DEF,17,3.66667,2.6,0.266667,0.16,0.00666667,0.004,11.6667,9.6,3.76667,2.52,60,45.6,7,5.6,3.20936,1.268,1.672,1784.7,1.146,1829.52,False,0.604651,0.4,,0.2,0,,,,,,,,0,0,0
512,28,DEF,17,0,0,,,,,0,0,0,0,0,0,0,0,0,1.268,1.672,1784.7,1.146,1829.52,False,0,0,,0,0,,,,,,,,0,0,0
513,28,DEF,17,0.333333,0.2,0,0,0.01,0.01,-1.33333,-0.8,0.533333,0.32,25,15,1,0.6,0.447214,1.268,1.672,1784.7,1.146,1829.52,False,0.0526316,0.2,,0,0,,,,,,,,0,0,0
514,28,DEF,17,0,0,,,,,0,0,0,0,0,0,0,0,0,1.268,1.672,1784.7,1.146,1829.52,False,0,0,,0,0,,,,,,,,0,0,0
515,28,MID,17,2.33333,4.2,0.24,0.184,0.06,0.07,11,17.2,7.83333,7.96,82,85.2,5.33333,5,2.68328,1.268,1.672,1784.7,1.146,1829.52,False,0.575342,1,,,,46.8333,19,0.666667,4,,,,0,0,0
516,28,MID,17,2.66667,2.4,0.266667,0.16,0.166667,0.106,15.6667,12.2,7.7,5.24,65,65.2,4.33333,5.2,0.894427,1.268,1.672,1784.7,1.146,1829.52,False,0.421053,1,,,,35.4667,28.3333,1.33333,3.33333,,,,0,0,0
517,28,MID,17,4.66667,5.2,0.123333,0.094,0.256667,0.182,21,22.2,8.3,6.76,85.3333,87.2,16,15.8,1.09545,1.268,1.672,1784.7,1.146,1829.52,False,0.962963,1,,,,37.9667,18.3333,0.666667,3,,,,0,1,1
518,28,MID,17,0,0,,,,,0,0,0,0,0,0,0,0,0,1.268,1.672,1784.7,1.146,1829.52,False,0,0,,,,0,0,,,,,,0,0,0
519,28,MID,17,0.666667,1.2,0.0633333,0.04,0.00333333,0.002,5.66667,6,1.96667,1.54,22,34.2,3,3.8,1.09545,1.268,1.672,1784.7,1.146,1829.52,False,0.24,0.6,,,,0.566667,11.6667,0.333333,0.666667,,,,0,0,0
520,28,MID,17,0,0,,,,,0,0,0,0,0,0,0,0,0,1.268,1.672,1784.7,1.146,1829.52,False,0,0,,,,0,0,,,,,,0,0,0
521,28,MID,17,2.66667,3,0.06,0.06,0.11,0.07,14,12.8,3.46667,2.84,90,90,11.3333,11.6,1.58114,1.268,1.672,1784.7,1.146,1829.52,False,0.612245,1,,,,14.5333,9.33333,0.333333,1.33333,,,,0,0,0
522,28,MID,17,0.333333,0.4,0.00666667,0.0075,0.00333333,0.005,1.66667,2,0.566667,0.68,7.66667,13.6,0,0.6,0.547723,1.268,1.672,1784.7,1.146,1829.52,False,0.0851064,0,,,,3.6,1.33333,0,0.333333,,,,0,0,0
523,28,MID,17,0,0,,,,,0,0,0,0,0,0,0,0,0,1.268,1.672,1784.7,1.146,1829.52,False,0,0,,,,0,0,,,,,,0,0,0
524,28,MID,17,0,0,,,,,0,0,0,0,0,0,0,0,0,1.268,1.672,1784.7,1.146,1829.52,False,0,0,,,,0,0,,,,,,0,0,0
525,28,FWD,17,0,0,,,,,0,0,0,0,0,0,0,0,0,1.268,1.672,1784.7,1.146,1829.52,False,0,0,,,,,,,,,,,1,0,0
526,28,FWD,17,1.33333,3,0.15,0.16,0.00666667,0.006,3.66667,10.4,2.56667,3.4,49.3333,56.8,1.66667,2.8,3.39116,1.268,1.672,1784.7,1.146,1829.52,False,0.517241,0.8,,,,,,,,0.15,0.666667,2.33333,0,0,0
527,28,FWD,17,0,1.2,0,0.195,0,0,0,6,0,1.4,0,4.4,0,0.4,2.68328,1.268,1.672,1784.7,1.146,1829.52,False,0.230769,0,,,,,,,,0,0,0,0,0,0
528,28,GKP,56,0,0,,,,,0,0,0,0,0,0,0,0,0,0.962,1.496,1705.73,1.792,1835.06,False,0,0,0,,,,,,,,,,0,0,0
529,28,GKP,56,0,0,,,,,0,0,0,0,0,0,0,0,0,0.962,1.496,1705.73,1.792,1835.06,False,0,0,0,,,,,,,,,,0,0,0
530,28,GKP,56,0,0,,,,,0,0,0,0,0,0,0,0,0,0.962,1.496,1705.73,1.792,1835.06,False,0,0,0,,,,,,,,,,0,0,0
531,28,DEF,56,3,4,0.0166667,0.034,0.0233333,0.018,11.3333,12.6,4.26667,3.76,90,90,10,10.4,3.08221,0.962,1.496,1705.73,1.792,1835.06,False,0.869565,1,,0.2,0.2,,,,,,,,0,0,0
532,28,DEF,56,1.33333,1.8,0.0666667,0.098,0.0166667,0.016,2,0.8,2.7,2.22,84.3333,77.6,5.66667,4,1.92354,0.962,1.496,1705.73,1.792,1835.06,False,0.4,1,,0.2,0,,,,,,,,0,0,0
533,28,DEF,56,0,0,,,,,0,0,0,0,0,0,0,0,0,0.962,1.496,1705.73,1.792,1835.06,False,0,0,,0,0,,,,,,,,0,0,0
534,28,DEF,56,0,0,,,,,0,0,0,0,0,0,0,0,0,0.962,1.496,1705.73,1.792,1835.06,False,0,0,,0,0,,,,,,,,0,0,0
535,28,DEF,56,0,0.2,0,0,0,0,0,1,0,0.14,0,9,0,0.4,0.447214,0.962,1.496,1705.73,1.792,1835.06,False,0.05,0,,0,0,,,,,,,,0,0,0
536,28,DEF,56,0,0,,,,,0,0,0,0,0,0,0,0,0,0.962,1.496,1705.73,1.792,1835.06,False,0,0,,0,0,,,,,,,,0,0,0
537,28,DEF,56,0,0,,,,,0,0,0,0,0,0,0,0,0,0.962,1.496,1705.73,1.792,1835.06,False,0,0,,0,0,,,,,,,,0,0,0
538,28,DEF,56,0,0,,,,,0,0,0,0,0,0,0,0,0,0.962,1.496,1705.73,1.792,1835.06,False,0,0,,0,0,,,,,,,,0,0,0
539,28,DEF,56,0,0.4,0,0,0,0,0,1,0,0.04,0,2.2,0,0.2,0.547723,0.962,1.496,1705.73,1.792,1835.06,False,0.1,0,,0,0,,,,,,,,0,0,0
540,28,DEF,56,0,0,,,,,0,0,0,0,0,0,0,0,0,0.962,1.496,1705.73,1.792,1835.06,False,0,0,,0,0,,,,,,,,0,0,0
541,28,DEF,56,0.666667,2.4,0,0.0075,0.07,0.095,4,7,2.3,2.66,60,63,4.66667,4.4,4.87852,0.962,1.496,1705.73,1.792,1835.06,False,0.631579,0.8,,0.2,0.2,,,,,,,,0,0,0
542,28,DEF,56,0,0,,,,,0,0,0,0,0,0,0,0,0,0.962,1.496,1705.73,1.792,1835.06,False,0,0,,0,0,,,,,,,,0,0,0
543,28,MID,56,0,0,,,,,0,0,0,0,0,0,0,0,0,0.962,1.496,1705.73,1.792,1835.06,False,0,0,,,,0,0,,,,,,0,0,0
544,28,MID,56,1.66667,3.8,0.0233333,0.074,0.0566667,0.064,9.33333,13.6,1.83333,2.8,83.3333,74.8,4.33333,4.8,5.76194,0.962,1.496,1705.73,1.792,1835.06,False,0.716981,0.8,,,,5.3,8.66667,0.333333,1.66667,,,,1,0,0
545,28,MID,56,0,0,,,,,0,0,0,0,0,0,0,0,0,0.962,1.496,1705.73,1.792,1835.06,False,0,0,,,,0,0,,,,,,0,0,0
546,28,MID,56,0,0,,,,,0,0,0,0,0,0,0,0,0,0.962,1.496,1705.73,1.792,1835.06,False,0,0,,,,0,0,,,,,,0,0,0
547,28,MID,56,4.66667,4.2,0.263333,0.17,0.12,0.088,18,19.2,4.16667,4.02,90,90,10,12,3.49285,0.962,1.496,1705.73,1.792,1835.06,False,0.84,1,,,,10.8333,7,0.333333,1,,,,0,0,0
548,28,MID,56,1,1,0.14,0.084,0.07,0.044,0.666667,1,0.9,0.62,29,28.4,3,2.2,0,0.962,1.496,1705.73,1.792,1835.06,False,0.204082,0.2,,,,1.23333,7,0,2.66667,,,,0,0,0
549,28,MID,56,0,0,,,,,0,0,0,0,0,0,0,0,0,0.962,1.496,1705.73,1.792,1835.06,False,0,0,,,,0,0,,,,,,0,0,0
550,28,MID,56,0,0,,,,,0,0,0,0,0,0,0,0,0,0.962,1.496,1705.73,1.792,1835.06,False,0,0,,,,0,0,,,,,,0,0,0
551,28,MID,56,0,0,0,0,0,0,0,0,0,0,0,0,0,0,0,0.962,1.496,1705.73,1.792,1835.06,False,0,0,,,,0,0,0,0,,,,0,0,0
552,28,MID,56,2,2.4,0.00666667,0.02,0.0333333,0.028,16,14.6,2.7,2.32,83.3333,86,8,8.8,0.547723,0.962,1.496,1705.73,1.792,1835.06,False,0.489796,1,,,,9.53333,3,0.333333,0.333333,,,,0,0,0
553,28,MID,56,1,2.4,0.0133333,0.03,0,0.012,3,8.4,0.833333,2.56,24.3333,39.4,1.33333,2.2,3.20936,0.962,1.496,1705.73,1.792,1835.06,False,0.489796,0.4,,,,0.766667,6.33333,0.333333,0.666667,,,,0,0,0
554,28,MID,56,0,0,,,,,0,0,0,0,0,0,0,0,0,0.962,1.496,1705.73,1.792,1835.06,False,0,0,,,,0,0,,,,,,0,0,0
555,28,MID,56,0,0,,,,,0,0,0,0,0,0,0,0,0,0.962,1.496,1705.73,1.792,1835.06,False,0,0,,,,0,0,,,,,,0,0,0
556,28,MID,56,0,0,,,,,0,0,0,0,0,0,0,0,0,0.962,1.496,1705.73,1.792,1835.06,False,0,0,,,,0,0,,,,,,0,0,0
557,28,MID,56,0,0,,,,,0,0,0,0,0,0,0,0,0,0.962,1.496,1705.73,1.792,1835.06,False,0,0,,,,0,0,,,,,,0,0,0
558,28,MID,56,0,0,,,,,0,0,0,0,0,0,0,0,0,0.962,1.496,1705.73,1.792,1835.06,False,0,0,,,,0,0,,,,,,0,0,0
559,28,MID,56,0,0,,,,,0,0,0,0,0,0,0,0,0,0.962,1.496,1705.73,1.792,1835.06,False,0,0,,,,0,0,,,,,,0,0,0
560,28,FWD,56,1,1,0.03,0.056,0.0333333,0.022,2,2.8,0.333333,0.84,8.66667,10.2,1,1.2,0,0.962,1.496,1705.73,1.792,1835.06,False,0.196078,0,,,,,,,,0.03,0,0.666667,0,0,0
561,28,FWD,56,0.333333,0.6,0.045,0.03,0.03,0.0233333,0.333333,0.2,1.03333,0.78,6.66667,18.8,0.333333,0.6,0.894427,0.962,1.496,1705.73,1.792,1835.06,False,0.115385,0.2,,,,,,,,0.045,0,3,0,0,0
562,28,FWD,56,0,0,,,,,0,0,0,0,0,0,0,0,0,0.962,1.496,1705.73,1.792,1835.06,False,0,0,,,,,,,,,,,0,0,0
563,28,FWD,56,0,0,,,,,0,0,0,0,0,0,0,0,0,0.962,1.496,1705.73,1.792,1835.06,False,0,0,,,,,,,,,,,0,0,0
564,28,FWD,56,0,0,,,,,0,0,0,0,0,0,0,0,0,0.962,1.496,1705.73,1.792,1835.06,False,0,0,,,,,,,,,,,0,0,0
565,28,GKP,6,1.66667,1.4,0,0,0,0,11,8.4,3.26667,2.5,90,90,0,0,1.14018,1.24,1.97,1819.66,1.696,1807.68,False,0.297872,1,4.33333,,,,,,,,,,0,0,0
566,28,GKP,6,0,0,0,0,0,0,0,0,0,0,0,0,0,0,0,1.24,1.97,1819.66,1.696,1807.68,False,0,0,0,,,,,,,,,,0,0,0
567,28,GKP,6,0,0,0,0,0,0,0,0,0,0,0,0,0,0,0,1.24,1.97,1819.66,1.696,1807.68,False,0,0,0,,,,,,,,,,0,0,0
568,28,DEF,6,0,0.2,,0.12,,0.01,0,0.4,0,0.36,0,9,0,0.8,0.447214,1.24,1.97,1819.66,1.696,1807.68,False,0.0392157,0.2,,0,0,,,,,,,,0,0,0
569,28,DEF,6,-1,1.6,0,0.03,0.02,0.01,-5,1.8,0.166667,1.7,9.33333,32.6,1.33333,3,5.41295,1.24,1.97,1819.66,1.696,1807.68,False,0.32,0.6,,0,0.2,,,,,,,,0,0,0
570,28,DEF,6,0,0.2,,0,,0.02,0,1,0,0.42,0,15.4,0,1.4,0.447214,1.24,1.97,1819.66,1.696,1807.68,False,0.047619,0.2,,0,0,,,,,,,,0,0,0
571,28,DEF,6,0,0,,,,,0,0,0,0,0,0,0,0,0,1.24,1.97,1819.66,1.696,1807.68,False,0,0,,0,0,,,,,,,,0,0,0
572,28,DEF,6,1.66667,1.4,0.04,0.024,0,0,4,3,2.86667,1.92,79.3333,65.8,12.6667,8.6,1.14018,1.24,1.97,1819.66,1.696,1807.68,False,0.311111,0.6,,0,0,,,,,,,,0,0,0
573,28,DEF,6,0,0.2,0,0.0233333,0.18,0.31,-5,1.8,1.4,2.92,60,54,3.66667,3,0.447214,1.24,1.97,1819.66,1.696,1807.68,False,0.047619,0.6,,0,0,,,,,,,,0,0,0
574,28,DEF,6,0,0.4,0,0.02,0.12,0.0633333,-0.333333,0.8,0.733333,1.5,18,37.8,1.33333,2,0.547723,1.24,1.97,1819.66,1.696,1807.68,False,0.0930233,0.4,,0,0,,,,,,,,0,0,0
575,28,DEF,6,1.33333,2.2,0.103333,0.095,0.00333333,0.005,2.66667,5.8,2.9,3.16,90,72,9.66667,7,2.94958,1.24,1.97,1819.66,1.696,1807.68,False,0.488889,0.8,,0,0.2,,,,,,,,0,0,0
576,28,DEF,6,0,0,,,,,0,0,0,0,0,0,0,0,0,1.24,1.97,1819.66,1.696,1807.68,False,0,0,,0,0,,,,,,,,0,0,0
577,28,DEF,6,0,0,,,,,0,0,0,0,0,0,0,0,0,1.24,1.97,1819.66,1.696,1807.68,False,0,0,,0,0,,,,,,,,0,0,0
578,28,DEF,6,0,0,,,,,0,0,0,0,0,0,0,0,0,1.24,1.97,1819.66,1.696,1807.68,False,0,0,,0,0,,,,,,,,0,0,0
579,28,MID,6,0,0,,,,,0,0,0,0,0,0,0,0,0,1.24,1.97,1819.66,1.696,1807.68,False,0,0,,,,0,0,,,,,,0,0,0
580,28,MID,31,1,1.4,0.0266667,0.046,0.0633333,0.076,4.33333,5.8,1.6,2.04,15.6667,42.4,1.33333,2.8,0.547723,1.726,1.118,1805.77,1.072,1880.65,False,0.215385,0.4,,,,9.93333,3,0,1,,,,0,0,0
581,28,MID,6,0,0,,,,,0,0,0,0,0,0,0,0,0,1.24,1.97,1819.66,1.696,1807.68,False,0,0,,,,0,0,,,,,,0,0,0
582,28,MID,6,0,0,,,,,0,0,0,0,0,0,0,0,0,1.24,1.97,1819.66,1.696,1807.68,False,0,0,,,,0,0,,,,,,0,0,0
583,28,MID,6,0,0,,,,,0,0,0,0,0,0,0,0,0,1.24,1.97,1819.66,1.696,1807.68,False,0,0,,,,0,0,,,,,,0,0,0
584,28,MID,6,1,1,0.19,0.176,0.0766667,0.05,1.66667,1.6,2.5,2.54,24.3333,21.4,3,2.8,0,1.24,1.97,1819.66,1.696,1807.68,False,0.16129,0,,,,13.3333,9,0,1.66667,,,,0,0,0
585,28,MID,6,0,0,,,,,0,0,0,0,0,0,0,0,0,1.24,1.97,1819.66,1.696,1807.68,False,0,0,,,,0,0,,,,,,0,0,0
586,28,MID,6,0,0,,,,,0,0,0,0,0,0,0,0,0,1.24,1.97,1819.66,1.696,1807.68,False,0,0,,,,0,0,,,,,,0,0,0
587,28,MID,6,1.66667,2,0,0.006,0,0.012,8.66667,10.4,1.26667,1.34,48.3333,57.8,8.66667,9.2,1.41421,1.24,1.97,1819.66,1.696,1807.68,False,0.384615,0.8,,,,1.13333,0,0,0,,,,0,0,0
588,28,MID,6,0.666667,2.2,0,0.1325,0.025,0.1025,2.66667,10,0.933333,4.1,21.6667,35.4,1.66667,3.8,3.27109,1.24,1.97,1819.66,1.696,1807.68,False,0.415094,0.6,,,,7.46667,0.666667,0,0.5,,,,0,0,0
589,28,MID,6,0,0,,,,,0,0,0,0,0,0,0,0,0,1.24,1.97,1819.66,1.696,1807.68,False,0,0,,,,0,0,,,,,,0,0,0
590,28,MID,6,0,0,,,,,0,0,0,0,0,0,0,0,0,1.24,1.97,1819.66,1.696,1807.68,False,0,0,,,,0,0,,,,,,0,0,0
591,28,MID,6,4.33333,3.2,0.19,0.114,0.103333,0.064,17,12.4,4.23333,2.9,90,74.4,7,5.2,3.83406,1.24,1.97,1819.66,1.696,1807.68,False,0.666667,0.8,,,,7.1,12.3333,0.333333,1,,,,0,0,0
592,28,MID,6,0,0,,,,,0,0,0,0,0,0,0,0,0,1.24,1.97,1819.66,1.696,1807.68,False,0,0,,,,0,0,,,,,,0,0,0
593,28,MID,6,4.66667,3,0.04,0.03,0.166667,0.1275,21.3333,14.2,4.4,3.24,90,63,15.3333,11,3.16228,1.24,1.97,1819.66,1.696,1807.68,False,0.666667,0.6,,,,6.9,8.66667,0.666667,1.33333,,,,0,0,0
594,28,MID,6,0,0,,,,,0,0,0,0,0,0,0,0,0,1.24,1.97,1819.66,1.696,1807.68,False,0,0,,,,0,0,,,,,,0,0,0
595,28,MID,6,0,0,0,0,0,0,0,0,0,0,0,0,0,0,0,1.24,1.97,1819.66,1.696,1807.68,False,0,0,,,,0,0,0,0,,,,0,0,0
596,28,FWD,6,1.66667,3.8,0.09,0.2,0.0133333,0.034,5.66667,15,1.86667,5.08,65.6667,75.2,5.33333,5,4.60435,1.24,1.97,1819.66,1.696,1807.68,False,0.527778,0.8,,,,,,,,0.09,0,4.33333,0,0,0
597,28,FWD,6,0.333333,0.2,0.39,0.39,0,0,2.33333,1.4,1.83333,1.1,7.33333,4.4,0.666667,0.4,0.447214,1.24,1.97,1819.66,1.696,1807.68,False,0.031746,0,,,,,,,,0.39,2,2,0,0,0
598,28,FWD,6,0,0,,,,,0,0,0,0,0,0,0,0,0,1.24,1.97,1819.66,1.696,1807.68,False,0,0,,,,,,,,,,,0,0,0
599,28,FWD,6,0,0.2,,0,,0.01,0,0.6,0,0.1,0,1,0,0.2,0.447214,1.24,1.97,1819.66,1.696,1807.68,False,0.0465116,0,,,,,,,,,,,0,0,0
600,28,GKP,21,0,0.8,0,0,0,0,0,2.2,0,0.5,0,36,0,0,1.09545,1.608,1.186,1743.59,1.456,1949.06,False,0.186047,0.4,0,,,,,,,,,,0,0,0
601,28,GKP,21,0,0,,,,,0,0,0,0,0,0,0,0,0,1.608,1.186,1743.59,1.456,1949.06,False,0,0,0,,,,,,,,,,0,0,0
602,28,GKP,21,0,0,,,,,0,0,0,0,0,0,0,0,0,1.608,1.186,1743.59,1.456,1949.06,False,0,0,0,,,,,,,,,,0,0,0
603,28,DEF,21,8,5.2,0,0,0.163333,0.108,29.6667,20,3.73333,3.14,82.3333,69.4,7.33333,7,4.02492,1.608,1.186,1743.59,1.456,1949.06,False,1.3,0.8,,0.6,0.2,,,,,,,,0,0,0
604,28,DEF,21,0,0,,,,,0,0,0,0,0,0,0,0,0,1.608,1.186,1743.59,1.456,1949.06,False,0,0,,0,0,,,,,,,,0,0,0
605,28,DEF,21,0,0.2,0,0,0,0,0,0,0,0.24,0,5,0,1,0.447214,1.608,1.186,1743.59,1.456,1949.06,False,0.0487805,0,,0,0,,,,,,,,0,0,0
606,28,DEF,21,5.33333,4.2,0,0.01,0.02,0.012,20,13,2.8,2.46,90,90,9.33333,9.2,2.68328,1.608,1.186,1743.59,1.456,1949.06,False,0.954545,1,,0.4,0,,,,,,,,0,0,0
607,28,DEF,21,0,0,,,,,0,0,0,0,0,0,0,0,0,1.608,1.186,1743.59,1.456,1949.06,False,0,0,,0,0,,,,,,,,0,0,0
608,28,DEF,21,0.666667,1.4,0,0,0.00333333,0.004,2.33333,6.4,0.6,0.82,7,20,1,2.6,2.07364,1.608,1.186,1743.59,1.456,1949.06,False,0.325581,0.2,,0,0.2,,,,,,,,0,0,0
609,28,DEF,21,0,0.4,0,0.0666667,0,0,0,-0.4,0,0.78,0,36,0,3.2,0.894427,1.608,1.186,1743.59,1.456,1949.06,False,0.0930233,0.4,,0,0,,,,,,,,0,0,0
610,28,DEF,21,5.33333,5,0,0,0.02,0.034,22,20.8,2.83333,4.02,90,90,8.66667,7.6,2.82843,1.608,1.186,1743.59,1.456,1949.06,False,1.21951,1,,0.4,0.4,,,,,,,,0,0,0
611,28,DEF,21,0,0,,,,,0,0,0,0,0,0,0,0,0,1.608,1.186,1743.59,1.456,1949.06,False,0,0,,0,0,,,,,,,,0,0,0
612,28,MID,21,0,0,,,,,0,0,0,0,0,0,0,0,0,1.608,1.186,1743.59,1.456,1949.06,False,0,0,,,,0,0,,,,,,0,0,0
613,28,MID,21,4.66667,3.6,0.25,0.15,0.01,0.026,16,14.2,4.53333,3.64,83.6667,86.2,6.33333,7.4,3.04959,1.608,1.186,1743.59,1.456,1949.06,False,0.631579,1,,,,9.36667,15.6667,0.333333,1.66667,,,,0,0,0
614,28,MID,90,1.66667,1,0,0,0.07,0.07,7.66667,4.6,1.9,1.14,13.3333,8,1.33333,0.8,1.73205,0.844,1.666,1685.09,1.422,1853.47,False,0.178571,0,,,,11.1667,0,0,0,,,,0,1,1
615,28,MID,21,5.66667,6.4,0.38,0.318,0.17,0.114,20.6667,24.6,7.96667,8.22,89.6667,89.8,9.33333,7.8,3.43511,1.608,1.186,1743.59,1.456,1949.06,False,1.12281,1,,,,18.4333,35.3333,1.33333,4.66667,,,,0,0,0
616,28,MID,21,0,0,,,,,0,0,0,0,0,0,0,0,0,1.608,1.186,1743.59,1.456,1949.06,False,0,0,,,,0,0,,,,,,0,0,0
617,28,MID,21,0,0,,,,,0,0,0,0,0,0,0,0,0,1.608,1.186,1743.59,1.456,1949.06,False,0,0,,,,0,0,,,,,,0,0,0
618,28,MID,21,0,0,,,,,0,0,0,0,0,0,0,0,0,1.608,1.186,1743.59,1.456,1949.06,False,0,0,,,,0,0,,,,,,0,0,0
619,28,MID,21,0,0,,,,,0,0,0,0,0,0,0,0,0,1.608,1.186,1743.59,1.456,1949.06,False,0,0,,,,0,0,,,,,,0,0,0
620,28,MID,21,0,0,,,,,0,0,0,0,0,0,0,0,0,1.608,1.186,1743.59,1.456,1949.06,False,0,0,,,,0,0,,,,,,0,0,0
621,28,MID,21,0,0,,,,,0,0,0,0,0,0,0,0,0,1.608,1.186,1743.59,1.456,1949.06,False,0,0,,,,0,0,,,,,,0,0,0
622,28,MID,21,0,0,,,,,0,0,0,0,0,0,0,0,0,1.608,1.186,1743.59,1.456,1949.06,False,0,0,,,,0,0,,,,,,0,0,0
623,28,MID,21,1.33333,1,0,0,0.005,0.216667,4.66667,4,0.666667,0.56,37.3333,25.4,4.33333,3.2,1.22474,1.608,1.186,1743.59,1.456,1949.06,False,0.227273,0.2,,,,1.43333,0,0,0,,,,0,0,0
624,28,FWD,21,3.66667,6.2,0.07,0.262,0.456667,0.332,11.6667,22,5.23333,7.46,89.6667,87.8,10.3333,8.6,3.89872,1.608,1.186,1743.59,1.456,1949.06,False,0.826667,1,,,,,,,,0.07,0,3.33333,0,1,1
625,28,FWD,21,0,0,,,,,0,0,0,0,0,0,0,0,0,1.608,1.186,1743.59,1.456,1949.06,False,0,0,,,,,,,,,,,0,0,0
626,28,FWD,21,0,0,,,,,0,0,0,0,0,0,0,0,0,1.608,1.186,1743.59,1.456,1949.06,False,0,0,,,,,,,,,,,0,0,0
627,28,GKP,39,0,0,0,0,0,0,0,0,0,0,0,0,0,0,0,1.078,2.362,1669.32,1.294,1929.21,False,0,0,0,,,,,,,,,,0,0,0
628,28,GKP,39,5.66667,3.8,0,0,0,0,26,18.6,4.6,3.52,120,108,0,0,5.1672,1.078,2.362,1669.32,1.294,1929.21,False,0.904762,0.8,5.66667,,,,,,,,,,0,0,0
629,28,GKP,39,0,0,,,,,0,0,0,0,0,0,0,0,0,1.078,2.362,1669.32,1.294,1929.21,False,0,0,0,,,,,,,,,,0,0,0
630,28,GKP,11,0,0,0,0,0,0,0,0,0,0,0,0,0,0,0,1.45,1.45,1831.61,1.686,1866.62,False,0,0,0,,,,,,,,,,0,0,0
631,28,DEF,39,0,0.6,,0.07,,0.05,0,2.2,0,0.86,0,18,0,2,1.34164,1.078,2.362,1669.32,1.294,1929.21,False,0.142857,0.2,,0,0,,,,,,,,0,0,0
632,28,DEF,39,0,0,0,0,0,0,-3.33333,-2,0.233333,0.14,15,9,1.66667,1,0,1.078,2.362,1669.32,1.294,1929.21,False,0,0.2,,0,0,,,,,,,,0,0,0
633,28,DEF,39,4.33333,3.2,0.0266667,0.016,0.233333,0.214,18,14.2,7.96667,6.26,109.667,101.4,9.66667,8,2.94958,1.078,2.362,1669.32,1.294,1929.21,False,0.744186,0.8,,0,0.2,,,,,,,,0,1,0
634,28,DEF,39,4.66667,2.8,0.0933333,0.148,0.0333333,0.022,14.6667,9,3.9,3.7,120,108,12.6667,9.8,3.83406,1.078,2.362,1669.32,1.294,1929.21,False,0.651163,0.8,,0.2,0,,,,,,,,0,0,0
635,28,DEF,39,1,1.2,0.05,0.03,0.01,0.014,7,5.8,2.56667,1.96,41.3333,47.8,4.33333,3.2,0.83666,1.078,2.362,1669.32,1.294,1929.21,False,0.272727,0.4,,0,0,,,,,,,,0,0,0
636,28,DEF,39,4,3,0.00666667,0.016,0.176667,0.106,16.6667,12.8,4.53333,3.46,120,107.6,8,7,3.39116,1.078,2.362,1669.32,1.294,1929.21,False,0.681818,0.8,,0.2,0.2,,,,,,,,0,0,0
637,28,DEF,39,0,0,0,0,0,0,0,0,0,0,0,0,0,0,0,1.078,2.362,1669.32,1.294,1929.21,False,0,0,,0,0,,,,,,,,0,0,0
638,28,DEF,39,0,0,,,,,0,0,0,0,0,0,0,0,0,1.078,2.362,1669.32,1.294,1929.21,False,0,0,,0,0,,,,,,,,0,0,0
639,28,DEF,39,0,0,,,,,0,0,0,0,0,0,0,0,0,1.078,2.362,1669.32,1.294,1929.21,False,0,0,,0,0,,,,,,,,0,0,0
640,28,DEF,39,0.333333,0.4,0,0,0,0,1,0.4,0,0.04,0.333333,0.4,0,0,0.547723,1.078,2.362,1669.32,1.294,1929.21,False,0.1,0,,0,0,,,,,,,,0,0,0
641,28,DEF,39,0,0,,,,,0,0,0,0,0,0,0,0,0,1.078,2.362,1669.32,1.294,1929.21,False,0,0,,0,0,,,,,,,,0,0,0
642,28,MID,39,0.333333,1,0,0.01,0,0.01,1.66667,4.2,0.133333,0.88,14,36.2,1.66667,2,1,1.078,2.362,1669.32,1.294,1929.21,False,0.178571,0.6,,,,0.5,0,0,0,,,,0,0,1
643,28,MID,39,1.66667,1.8,0.05,0.03,0.01,0.01,5.33333,10,0.7,1.2,60,69.8,7.33333,9.4,1.30384,1.078,2.362,1669.32,1.294,1929.21,False,0.346154,0.8,,,,1.3,1.66667,0,0,,,,0,0,0
644,28,MID,39,1.66667,1.2,0.0933333,0.075,0.01,0.01,9.33333,7.6,2.93333,2.1,64,42.2,5.66667,3.8,1.09545,1.078,2.362,1669.32,1.294,1929.21,False,0.235294,0.4,,,,8.2,12.3333,1,1,,,,0,0,0
645,28,MID,39,0,0,,,,,0,0,0,0,0,0,0,0,0,1.078,2.362,1669.32,1.294,1929.21,False,0,0,,,,0,0,,,,,,0,0,0
646,28,MID,39,2.66667,2.8,0,0.022,0.0366667,0.044,12,12.2,1.5,2.7,61,72.6,10,11.2,1.48324,1.078,2.362,1669.32,1.294,1929.21,False,0.528302,0.8,,,,4.1,0,0,0,,,,0,0,1
647,28,MID,39,0,0,,,,,0,0,0,0,0,0,0,0,0,1.078,2.362,1669.32,1.294,1929.21,False,0,0,,,,0,0,,,,,,0,0,0
648,28,MID,39,0,0,,,,,0,0,0,0,0,0,0,0,0,1.078,2.362,1669.32,1.294,1929.21,False,0,0,,,,0,0,,,,,,0,0,0
649,28,MID,39,0,0,,,,,0,0,0,0,0,0,0,0,0,1.078,2.362,1669.32,1.294,1929.21,False,0,0,,,,0,0,,,,,,0,0,0
650,28,MID,39,0,0,,,,,0,0,0,0,0,0,0,0,0,1.078,2.362,1669.32,1.294,1929.21,False,0,0,,,,0,0,,,,,,0,0,0
651,28,MID,39,2,1.2,0.08,0.08,0,0,7.33333,4.4,1.73333,1.04,2,1.2,0,0,2.68328,1.078,2.362,1669.32,1.294,1929.21,False,0.27907,0,,,,0.0333333,5.66667,0.5,0.5,,,,0,0,0
652,28,MID,39,0,0,,,,,0,0,0,0,0,0,0,0,0,1.078,2.362,1669.32,1.294,1929.21,False,0,0,,,,0,0,,,,,,0,0,0
653,28,MID,39,0,0,,,,,0,0,0,0,0,0,0,0,0,1.078,2.362,1669.32,1.294,1929.21,False,0,0,,,,0,0,,,,,,0,0,0
654,28,FWD,31,5.33333,3.6,0.246667,0.186,0.03,0.018,20.6667,12.8,6.76667,4.56,90,67,4.33333,3.4,5.27257,1.726,1.118,1805.77,1.072,1880.65,False,0.590164,0.6,,,,,,,,0.246667,1.33333,4.33333,0,0,0
655,28,FWD,39,0,0,,,,,0,0,0,0,0,0,0,0,0,1.078,2.362,1669.32,1.294,1929.21,False,0,0,,,,,,,,,,,0,0,0
656,28,FWD,39,0,0,,,,,0,0,0,0,0,0,0,0,0,1.078,2.362,1669.32,1.294,1929.21,False,0,0,,,,,,,,,,,0,0,0
657,28,FWD,39,0,0,,,,,0,0,0,0,0,0,0,0,0,1.078,2.362,1669.32,1.294,1929.21,False,0,0,,,,,,,,,,,0,0,0
658,28,FWD,39,0,0,,,,,0,0,0,0,0,0,0,0,0,1.078,2.362,1669.32,1.294,1929.21,False,0,0,,,,,,,,,,,0,0,0
659,28,DEF,21,0.666667,0.4,0,0,0,0,0.333333,0.2,0.0333333,0.02,0.666667,0.4,0.333333,0.2,0.547723,1.608,1.186,1743.59,1.456,1949.06,False,0.0952381,0,,0,0,,,,,,,,0,0,0
660,28,MID,2,3.66667,4.2,0.07,0.0366667,0.34,0.26,10.3333,15.8,3.06667,4.42,27.3333,49.2,3.66667,7.6,5.01996,1.334,1.742,1780.19,0.982,1973.92,False,0.893617,0.6,,,,9.6,4.33333,1,1,,,,0,1,1
661,28,FWD,14,2,4,0.573333,0.576,0.0533333,0.048,2.33333,12.8,4.4,6.26,89,76.2,4.66667,3.8,5.04975,1.736,1.456,1949.06,1.186,1743.59,False,0.43956,0.8,,,,,,,,0.573333,0.333333,6,0,0,0
662,28,DEF,3,1.66667,1,0,0,0.015,0.015,9.33333,5.6,1.93333,1.16,41,24.6,6.66667,4,1.73205,1.828,0.722,2064.57,1.248,1930.44,False,0.188679,0.2,,0,0,,,,,,,,0,0,0
663,28,MID,39,0,0.4,,0,,0.005,0,1,0,0.1,0,11,0,1.8,0.547723,1.078,2.362,1669.32,1.294,1929.21,False,0.0816327,0.2,,,,0,0,,,,,,0,0,0
664,28,GKP,54,0,0,0,0,0,0,0,0,0,0,0,0,0,0,0,1.652,1.696,1807.68,1.97,1819.66,False,0,0,0,,,,,,,,,,0,0,0
665,28,GKP,2,0,0,0,0,0,0,0,0,0,0,0,0,0,0,0,1.334,1.742,1780.19,0.982,1973.92,False,0,0,0,,,,,,,,,,0,0,0
666,28,FWD,3,9.33333,7.2,0.413333,0.366,0.26,0.158,43,32.4,9.16667,7.4,91.3333,76.2,3,3,5.31037,1.828,0.722,2064.57,1.248,1930.44,False,0.818182,0.4,,,,,,,,0.413333,1.33333,4,0,0,0
667,28,DEF,11,0,0,,,,,0,0,0,0,0,0,0,0,0,1.45,1.45,1831.61,1.686,1866.62,False,0,0,,0,0,,,,,,,,0,0,0
668,28,MID,56,0.333333,0.2,0,0,0.08,0.08,3,1.8,0.2,0.12,6.33333,3.8,1.66667,1,0.447214,0.962,1.496,1705.73,1.792,1835.06,False,0.0392157,0,,,,0.466667,0,0,0,,,,0,1,1
669,28,MID,17,1,0.8,0.0833333,0.0675,0.0933333,0.07,5.66667,3.8,3.43333,2.28,24,18.4,2.66667,2.4,0.447214,1.268,1.672,1784.7,1.146,1829.52,False,0.145455,0,,,,17.1,12,0.333333,2.33333,,,,0,0,0
670,28,GKP,56,1.33333,2.2,0,0,0.0133333,0.012,6.66667,9,1.76667,1.5,90,90,0,0,2.16795,0.962,1.496,1705.73,1.792,1835.06,False,0.44898,1,1.66667,,,,,,,,,,0,0,0
671,28,FWD,21,1,1,0.476667,0.306,0.0466667,0.028,1.33333,2,3.63333,2.58,31.6667,25.8,1.66667,1,0,1.608,1.186,1743.59,1.456,1949.06,False,0.172414,0.2,,,,,,,,0.476667,0.666667,3.66667,0,0,0
672,28,DEF,8,0.333333,0.4,0.0133333,0.008,0.0866667,0.054,0,0.8,1.46667,1.48,20.3333,23,2,3,0.547723,2.692,1.248,1930.44,0.722,2064.57,False,0.0869565,0.2,,0,0,,,,,,,,0,0,0
673,28,MID,6,2,2,0.01,0.0275,0.0233333,0.02,10.3333,9.8,2.76667,2.32,68.3333,59,10,9.4,1.87083,1.24,1.97,1819.66,1.696,1807.68,False,0.363636,0.6,,,,4.63333,3.33333,0,1.33333,,,,0,0,0
674,28,GKP,4,0,0,0,0,0,0,0,0,0,0,0,0,0,0,0,1.576,1.686,1866.62,1.45,1831.61,False,0,0,0,,,,,,,,,,0,0,0
675,28,GKP,17,0,0.2,0,0,0,0,0,0.8,0,0.02,0,9,0,0,0.447214,1.268,1.672,1784.7,1.146,1829.52,False,0.05,0,0,,,,,,,,,,0,0,0
676,28,MID,90,3.33333,2.6,0.0233333,0.014,0.00333333,0.008,12.3333,12.6,2.7,2.16,73.3333,80,6.33333,7.2,2.50998,0.844,1.666,1685.09,1.422,1853.47,False,0.52,1,,,,8.46667,4.33333,0.333333,0.666667,,,,0,0,0
677,28,MID,31,3.66667,2.2,0.11,0.11,0.08,0.08,14,8.4,3.36667,2.02,36.3333,21.8,4.33333,2.6,2.68328,1.726,1.118,1805.77,1.072,1880.65,False,0.354839,0.2,,,,4.8,9.66667,0.333333,2,,,,0,0,0
678,28,DEF,56,0,0,,,,,0,0,0,0,0,0,0,0,0,0.962,1.496,1705.73,1.792,1835.06,False,0,0,,0,0,,,,,,,,0,0,0
679,28,GKP,21,7.33333,4.4,0,0,0,0,25.6667,15.4,2.36667,1.42,90,54,0,0,5.17687,1.608,1.186,1743.59,1.456,1949.06,False,1.04762,0.6,4,,,,,,,,,,0,0,0
680,28,FWD,90,0.333333,0.8,0.11,0.0666667,0,0.00666667,1,0.8,0.3,0.46,3.66667,21.2,0,0,0.83666,0.844,1.666,1685.09,1.422,1853.47,False,0.153846,0.2,,,,,,,,0.11,0,2,0,0,0
681,28,FWD,1,5.66667,4.8,0.243333,0.264,0,0,21.3333,18.8,4.86667,4.14,22.6667,18.6,1.66667,1.4,3.56371,1.224,1.072,1880.65,1.118,1805.77,False,0.657534,0,,,,,,,,0.243333,1.33333,3,0,0,0
682,28,DEF,39,0.666667,0.6,0,0,0.025,0.0233333,2.66667,1.6,0.733333,0.56,19,11.6,2,1.2,0.547723,1.078,2.362,1669.32,1.294,1929.21,False,0.142857,0,,0,0,,,,,,,,0,0,0
683,28,DEF,56,1.33333,2.2,0,0,0.0266667,0.018,5,9.8,3.03333,3.24,86.3333,86.8,8,7.8,2.16795,0.962,1.496,1705.73,1.792,1835.06,False,0.536585,1,,0.2,0,,,,,,,,0,0,0
684,28,DEF,4,5,3.2,0.23,0.15,0.0866667,0.058,16.3333,10.4,7.33333,5.42,90,90,9.66667,7.4,4.49444,1.576,1.686,1866.62,1.45,1831.61,False,0.64,1,,0,0.2,,,,,,,,0,0,0
685,28,DEF,91,0,0.2,0,0,0,0,0,0.6,0,0,0,0.2,0,0,0.447214,1.552,1.792,1835.06,1.496,1705.73,False,0.047619,0,,0,0,,,,,,,,0,0,0
686,28,MID,14,0.333333,0.4,0,0,0.21,0.15,2.66667,2.6,0.8,0.7,4.33333,5.8,0.333333,0.2,0.547723,1.736,1.456,1949.06,1.186,1743.59,False,0.0930233,0,,,,4.76667,0.666667,0,0.5,,,,0,0,0
687,28,MID,91,0,0,,,,,0,0,0,0,0,0,0,0,0,1.552,1.792,1835.06,1.496,1705.73,False,0,0,,,,0,0,,,,,,0,0,0
688,28,GKP,7,0,0,,,,,0,0,0,0,0,0,0,0,0,1.236,1.294,1929.21,2.362,1669.32,False,0,0,0,,,,,,,,,,0,0,0
689,28,MID,4,0,0,,,,,0,0,0,0,0,0,0,0,0,1.576,1.686,1866.62,1.45,1831.61,False,0,0,,,,0,0,,,,,,0,0,0
690,28,MID,31,0,0,0,0,0,0,0,0,0,0,0,0,0,0,0,1.726,1.118,1805.77,1.072,1880.65,False,0,0,,,,0,0,0,0,,,,0,0,0
691,28,FWD,2,3,2.6,0.355,0.3025,0.025,0.0175,12.6667,8.4,5.6,4.06,60,70.8,3.66667,3,2.60768,1.334,1.742,1780.19,0.982,1973.92,False,0.45614,0.8,,,,,,,,0.355,1.5,6,1,0,0
692,28,DEF,14,0,0,,,,,0,0,0,0,0,0,0,0,0,1.736,1.456,1949.06,1.186,1743.59,False,0,0,,0,0,,,,,,,,0,0,0
693,28,MID,17,3.33333,2.2,0.04,0.03,0.173333,0.1325,13.6667,8.8,6.5,4.04,63.6667,44,3.33333,2.4,1.64317,1.268,1.672,1784.7,1.146,1829.52,False,0.407407,0.4,,,,34.7667,12.6667,0.333333,3.66667,,,,0,0,0
694,28,DEF,56,1.33333,3.4,0.0433333,0.06,0.0466667,0.096,7.33333,12.2,2.93333,3.54,63.6667,72.6,5,4.4,3.36155,0.962,1.496,1705.73,1.792,1835.06,False,0.755556,1,,0.2,0.4,,,,,,,,0,0,0
695,28,DEF,39,1,0.6,0,0,0.06,0.04,4,1.6,2.2,1.64,63,46.8,4,2.8,0.894427,1.078,2.362,1669.32,1.294,1929.21,False,0.136364,0.6,,0,0,,,,,,,,0,0,0
696,28,FWD,17,0,0,,,,,0,0,0,0,0,0,0,0,0,1.268,1.672,1784.7,1.146,1829.52,False,0,0,,,,,,,,,,,0,0,0
697,28,MID,91,5,6,0.27,0.298,0.3,0.216,20.3333,20.8,5.86667,7.2,78,78.2,6.66667,8.4,3.80789,1.552,1.792,1835.06,1.496,1705.73,False,1.11111,1,,,,22.7667,16.3333,0.333333,2.33333,,,,0,0,0
698,28,MID,2,4.33333,3,0.69,0.345,0.035,0.025,16.3333,11.2,4.2,3.14,38.6667,33.2,2.33333,2.4,3.24037,1.334,1.742,1780.19,0.982,1973.92,False,0.545455,0.2,,,,1.6,16,1,2.5,,,,0,0,0
699,28,MID,7,2.33333,1.8,0,0.0225,0.133333,0.1475,19,16.2,4.5,4.88,81.6667,67,10.3333,7.8,1.09545,1.236,1.294,1929.21,2.362,1669.32,False,0.367347,0.8,,,,28.7,0,0,0,,,,0,1,0
700,28,MID,3,0,0,,,,,0,0,0,0,0,0,0,0,0,1.828,0.722,2064.57,1.248,1930.44,False,0,0,,,,0,0,,,,,,0,0,0
701,28,DEF,7,0,0,,,,,0,0,0,0,0,0,0,0,0,1.236,1.294,1929.21,2.362,1669.32,False,0,0,,0,0,,,,,,,,0,0,0
702,28,MID,7,0,0,,,,,0,0,0,0,0,0,0,0,0,1.236,1.294,1929.21,2.362,1669.32,False,0,0,,,,0,0,,,,,,0,0,0
703,28,GKP,7,0,0,,,,,0,0,0,0,0,0,0,0,0,1.236,1.294,1929.21,2.362,1669.32,False,0,0,0,,,,,,,,,,0,0,0
704,28,MID,11,0,0,,,,,0,0,0,0,0,0,0,0,0,1.45,1.45,1831.61,1.686,1866.62,False,0,0,,,,0,0,,,,,,0,0,0
705,28,DEF,11,0,0,,,,,0,0,0,0,0,0,0,0,0,1.45,1.45,1831.61,1.686,1866.62,False,0,0,,0,0,,,,,,,,0,0,0
706,28,DEF,2,3,3.6,0.05,0.12,0.2,0.122,16,13.8,5.13333,5.16,90,81,7.66667,6.6,4.15933,1.334,1.742,1780.19,0.982,1973.92,False,0.923077,1,,0,0.4,,,,,,,,0,0,0
707,28,MID,11,0,0.4,0,0,0,0.015,0,0.6,0,0.44,0,5.8,0,0.2,0.547723,1.45,1.45,1831.61,1.686,1866.62,False,0.0754717,0,,,,0,0,0,0,,,,0,0,0
708,28,MID,21,5.33333,5.6,0.01,0.038,0.113333,0.108,25,26,3.9,4.66,90,90,15.6667,14,2.30217,1.608,1.186,1743.59,1.456,1949.06,False,1.01818,1,,,,15.5667,1.66667,0,0.333333,,,,0,0,0
709,28,DEF,39,3,2,0,0,0.0266667,0.0275,9.66667,7.4,2.1,1.64,95.6667,75.4,10.6667,7.8,4,1.078,2.362,1669.32,1.294,1929.21,False,0.444444,0.4,,0.2,0,,,,,,,,0,0,0
710,28,DEF,7,0,0,,,,,0,0,0,0,0,0,0,0,0,1.236,1.294,1929.21,2.362,1669.32,False,0,0,,0,0,,,,,,,,0,0,0
711,28,MID,3,0,0,,,,,0,0,0,0,0,0,0,0,0,1.828,0.722,2064.57,1.248,1930.44,False,0,0,,,,0,0,,,,,,0,0,0
712,28,MID,31,1.66667,1.4,0.12,0.082,0.02,0.126,7,7.2,2.63333,3.62,49.6667,52.8,2.33333,3.2,0.894427,1.726,1.118,1805.77,1.072,1880.65,False,0.241379,0.6,,,,17.2,5,0.333333,0.666667,,,,0,0,1
713,28,DEF,91,2.66667,4,0,0.092,0.03,0.026,14,15.8,3.13333,4.56,87.6667,86.4,6.66667,6,2.82843,1.552,1.792,1835.06,1.496,1705.73,False,0.888889,1,,0.4,0.2,,,,,,,,0,0,0
714,28,FWD,4,1,1,0.02,0.012,0.01,0.006,4,3.2,1.03333,0.88,35.3333,30.2,2.66667,2,0,1.576,1.686,1866.62,1.45,1831.61,False,0.147059,0.2,,,,,,,,0.02,0,0.333333,0,0,0
715,28,GKP,17,0,0,,,,,0,0,0,0,0,0,0,0,0,1.268,1.672,1784.7,1.146,1829.52,False,0,0,0,,,,,,,,,,0,0,0
716,28,DEF,17,0,0,,,,,0,0,0,0,0,0,0,0,0,1.268,1.672,1784.7,1.146,1829.52,False,0,0,,0,0,,,,,,,,0,0,0
717,28,MID,6,1.66667,3,0.106667,0.208,0.15,0.314,11.6667,17.4,5.83333,7.22,90,90,6.66667,8.2,2,1.24,1.97,1819.66,1.696,1807.68,False,0.461538,1,,,,37.3,9,0.333333,1.66667,,,,0,1,0
718,28,MID,21,1.33333,0.8,0.065,0.065,0.015,0.015,4,2.4,1.13333,0.68,31.3333,18.8,2.66667,1.6,1.30384,1.608,1.186,1743.59,1.456,1949.06,False,0.16,0.2,,,,4.23333,2.33333,0,0.5,,,,0,0,0
719,28,DEF,7,0.333333,0.4,0,0,0,0.01,1,1.4,0,0.08,2,1.4,0,0.4,0.547723,1.236,1.294,1929.21,2.362,1669.32,False,0.0888889,0,,0,0,,,,,,,,0,0,0
720,28,FWD,39,4,3,0.593333,0.502,0.00666667,0.022,14,9.4,7.46667,6.36,112.667,89.4,5,3.6,3.16228,1.078,2.362,1669.32,1.294,1929.21,False,0.555556,0.8,,,,,,,,0.593333,1.66667,5.33333,0,0,0
721,28,DEF,91,0,0,0,0,0,0,0,0,0,0,0,0,0,0,0,1.552,1.792,1835.06,1.496,1705.73,False,0,0,,0,0,,,,,,,,0,0,0
722,28,MID,90,0.333333,1.4,0,0,0.00666667,0.008,1,4.8,0.5,0.78,16,35.6,3.33333,6,1.67332,0.844,1.666,1685.09,1.422,1853.47,False,0.28,0.6,,,,0.833333,0,0,0,,,,0,0,0
723,28,DEF,31,1.66667,1,0.56,0.28,0.04,0.02,8,3.4,1,0.6,30,30.8,2.33333,2.4,2.23607,1.726,1.118,1805.77,1.072,1880.65,False,0.222222,0.4,,0.2,0,,,,,,,,0,0,0
724,28,DEF,56,1,0.8,0.0233333,0.0175,0.05,0.06,4.33333,3.6,2.03333,1.54,35.6667,23.4,3,1.8,0.447214,0.962,1.496,1705.73,1.792,1835.06,False,0.177778,0,,0,0,,,,,,,,0,0,0
725,28,DEF,3,6.66667,5.2,0.11,0.066,0.183333,0.114,25.3333,19,8.13333,5.46,94.3333,82.8,9,7.6,5.97495,1.828,0.722,2064.57,1.248,1930.44,False,1.01961,0.6,,0.2,0.4,,,,,,,,0,0,0
726,28,FWD,6,3,2.2,0.08,0.06,0.0533333,0.0475,12.6667,8.4,3.03333,2.04,32.3333,32.8,4,3.4,2.77489,1.24,1.97,1819.66,1.696,1807.68,False,0.318841,0.4,,,,,,,,0.08,0.333333,1,0,0,0
727,28,MID,54,1.33333,2.4,0.135,0.135,0.175,0.0975,5.33333,9.8,2.83333,3.86,44.3333,48.4,3.33333,3.6,2.30217,1.652,1.696,1807.68,1.97,1819.66,False,0.45283,0.6,,,,15.9333,8.33333,0.5,2,,,,0,0,0
728,28,MID,11,0,0,0,0,0,0,0,0,0,0,0,0,0,0,0,1.45,1.45,1831.61,1.686,1866.62,False,0,0,,,,0,0,0,0,,,,0,0,0
729,28,DEF,17,0,0,,,,,0,0,0,0,0,0,0,0,0,1.268,1.672,1784.7,1.146,1829.52,False,0,0,,0,0,,,,,,,,0,0,0
730,28,FWD,56,1.33333,2.6,0.06,0.142,0.07,0.044,3,8.4,1.96667,3,81,82.4,3.66667,2.8,2.50998,0.962,1.496,1705.73,1.792,1835.06,False,0.481481,1,,,,,,,,0.06,0.333333,3.33333,0,0,0
731,28,MID,54,1,2,0.05,0.05,0.03,0.04,3,6.6,1.53333,2.28,30,33.4,3,2.8,2.23607,1.652,1.696,1807.68,1.97,1819.66,False,0.344828,0.4,,,,9.26667,3,0,1,,,,0,0,0
732,28,FWD,31,0.333333,0.6,0,0.0075,0,0,0.333333,0.2,0.0666667,0.06,2.33333,8.2,0,0.8,0.547723,1.726,1.118,1805.77,1.072,1880.65,False,0.109091,0,,,,,,,,0,0,0.5,0,0,0
733,28,GKP,1,5.66667,4.2,0,0,0,0,20.6667,16.6,1.53333,1.92,90,90,0,0,3.19374,1.224,1.072,1880.65,1.118,1805.77,False,0.84,1,2.33333,,,,,,,,,,0,0,0
734,28,MID,17,0.333333,0.2,0.05,0.05,0,0,0.666667,0.4,0.1,0.06,8,4.8,1,0.6,0.447214,1.268,1.672,1784.7,1.146,1829.52,False,0.0338983,0,,,,1.43333,0.333333,0,0,,,,0,0,0
735,28,MID,56,0,0,,,,,0,0,0,0,0,0,0,0,0,0.962,1.496,1705.73,1.792,1835.06,False,0,0,,,,0,0,,,,,,0,0,0
736,28,GKP,43,5,5,0,0,0,0,21,20.8,3.06667,2.72,90,90,0,0,2.54951,1.682,0.982,1973.92,1.742,1780.19,False,0.892857,1,4,,,,,,,,,,0,0,0
737,28,FWD,54,0,0,,,,,0,0,0,0,0,0,0,0,0,1.652,1.696,1807.68,1.97,1819.66,False,0,0,,,,,,,,,,,0,0,0
738,28,GKP,21,0,0,,,,,0,0,0,0,0,0,0,0,0,1.608,1.186,1743.59,1.456,1949.06,False,0,0,0,,,,,,,,,,0,0,0
739,28,MID,43,0,0,,,,,0,0,0,0,0,0,0,0,0,1.682,0.982,1973.92,1.742,1780.19,False,0,0,,,,0,0,,,,,,0,0,0
740,28,DEF,43,0,0,,,,,0,0,0,0,0,0,0,0,0,1.682,0.982,1973.92,1.742,1780.19,False,0,0,,0,0,,,,,,,,0,0,0
741,28,FWD,2,0,0,,,,,0,0,0,0,0,0,0,0,0,1.334,1.742,1780.19,0.982,1973.92,False,0,0,,,,,,,,,,,0,0,0
742,28,MID,43,0,0,,,,,0,0,0,0,0,0,0,0,0,1.682,0.982,1973.92,1.742,1780.19,False,0,0,,,,0,0,,,,,,0,0,0
743,28,MID,8,0,0,,,,,0,0,0,0,0,0,0,0,0,2.692,1.248,1930.44,0.722,2064.57,False,0,0,,,,0,0,,,,,,0,0,0
744,28,MID,36,0,0,,,,,0,0,0,0,0,0,0,0,0,1.072,1.146,1829.52,1.672,1784.7,False,0,0,,,,0,0,,,,,,0,0,0
745,28,DEF,6,0,0.2,0,0,0,0,0,0.6,0,0.02,0,0.2,0,0,0.447214,1.24,1.97,1819.66,1.696,1807.68,False,0.05,0,,0,0,,,,,,,,0,0,0
746,28,MID,14,0,0,0,0,0,0,0,0,0,0,0,0,0,0,0,1.736,1.456,1949.06,1.186,1743.59,False,0,0,,,,0,0,0,0,,,,0,0,0
747,28,DEF,21,0,0,0,0,0,0,0,0,0,0,0,0,0,0,0,1.608,1.186,1743.59,1.456,1949.06,False,0,0,,0,0,,,,,,,,0,0,0
748,28,MID,94,0,0,,,,,0,0,0,0,0,0,0,0,0,1.418,1.422,1853.47,1.666,1685.09,False,0,0,,,,0,0,,,,,,0,0,0
749,28,FWD,39,2.66667,2.4,0.11,0.124,0.13,0.206,13.3333,14.2,5.23333,5.5,120,108,12.6667,9.8,0.894427,1.078,2.362,1669.32,1.294,1929.21,False,0.521739,0.8,,,,,,,,0.11,0.666667,2.33333,0,0,0
750,28,DEF,6,0,0,,,,,0,0,0,0,0,0,0,0,0,1.24,1.97,1819.66,1.696,1807.68,False,0,0,,0,0,,,,,,,,0,0,0
751,28,MID,6,0,0,,,,,0,0,0,0,0,0,0,0,0,1.24,1.97,1819.66,1.696,1807.68,False,0,0,,,,0,0,,,,,,0,0,0
752,28,DEF,21,0,0,,,,,0,0,0,0,0,0,0,0,0,1.608,1.186,1743.59,1.456,1949.06,False,0,0,,0,0,,,,,,,,0,0,0
753,28,GKP,4,0,0,0,0,0,0,0,0,0,0,0,0,0,0,0,1.576,1.686,1866.62,1.45,1831.61,False,0,0,0,,,,,,,,,,0,0,0
754,28,MID,7,0,0,,,,,0,0,0,0,0,0,0,0,0,1.236,1.294,1929.21,2.362,1669.32,False,0,0,,,,0,0,,,,,,0,0,0
755,28,MID,1,0,0,,,,,0,0,0,0,0,0,0,0,0,1.224,1.072,1880.65,1.118,1805.77,False,0,0,,,,0,0,,,,,,0,0,0
756,28,MID,91,0,0,,,,,0,0,0,0,0,0,0,0,0,1.552,1.792,1835.06,1.496,1705.73,False,0,0,,,,0,0,,,,,,0,0,0
757,28,GKP,7,0,0,,,,,0,0,0,0,0,0,0,0,0,1.236,1.294,1929.21,2.362,1669.32,False,0,0,0,,,,,,,,,,0,0,0
758,28,MID,21,0.333333,0.2,0,0,0,0,2,1.2,0.2,0.12,2,1.2,1.66667,1,0.447214,1.608,1.186,1743.59,1.456,1949.06,False,0.0444444,0,,,,0.1,0,0,0,,,,0,0,0
759,28,DEF,3,0,0,,,,,0,0,0,0,0,0,0,0,0,1.828,0.722,2064.57,1.248,1930.44,False,0,0,,0,0,,,,,,,,0,0,0
760,28,DEF,14,0,0,,,,,0,0,0,0,0,0,0,0,0,1.736,1.456,1949.06,1.186,1743.59,False,0,0,,0,0,,,,,,,,0,0,0
761,28,DEF,36,0,0,,,,,0,0,0,0,0,0,0,0,0,1.072,1.146,1829.52,1.672,1784.7,False,0,0,,0,0,,,,,,,,0,0,0
762,28,MID,31,0,0,,,,,0,0,0,0,0,0,0,0,0,1.726,1.118,1805.77,1.072,1880.65,False,0,0,,,,0,0,,,,,,0,0,0
763,28,MID,43,0,0,,,,,0,0,0,0,0,0,0,0,0,1.682,0.982,1973.92,1.742,1780.19,False,0,0,,,,0,0,,,,,,0,0,0
764,28,MID,43,0,0,,,,,0,0,0,0,0,0,0,0,0,1.682,0.982,1973.92,1.742,1780.19,False,0,0,,,,0,0,,,,,,0,0,0
765,28,DEF,4,0,0,,,,,0,0,0,0,0,0,0,0,0,1.576,1.686,1866.62,1.45,1831.61,False,0,0,,0,0,,,,,,,,0,0,0
766,28,DEF,39,0,0,,,,,0,0,0,0,0,0,0,0,0,1.078,2.362,1669.32,1.294,1929.21,False,0,0,,0,0,,,,,,,,0,0,0
767,28,MID,39,0,0,,,,,0,0,0,0,0,0,0,0,0,1.078,2.362,1669.32,1.294,1929.21,False,0,0,,,,0,0,,,,,,0,0,0
768,28,DEF,7,0,0,,,,,0,0,0,0,0,0,0,0,0,1.236,1.294,1929.21,2.362,1669.32,False,0,0,,0,0,,,,,,,,0,0,0
769,28,MID,1,0,0,,,,,0,0,0,0,0,0,0,0,0,1.224,1.072,1880.65,1.118,1805.77,False,0,0,,,,0,0,,,,,,0,0,0
770,28,MID,54,0,0,,,,,0,0,0,0,0,0,0,0,0,1.652,1.696,1807.68,1.97,1819.66,False,0,0,,,,0,0,,,,,,0,0,0
771,28,MID,1,0.333333,0.2,,,,,1,0.6,0.0333333,0.02,0.333333,0.2,0,0,0.447214,1.224,1.072,1880.65,1.118,1805.77,False,0.0454545,0,,,,0.333333,0,,,,,,0,0,0
772,28,MID,4,0,0,,,,,0,0,0,0,0,0,0,0,0,1.576,1.686,1866.62,1.45,1831.61,False,0,0,,,,0,0,,,,,,0,0,0
773,28,DEF,31,0,0,,,,,0,0,0,0,0,0,0,0,0,1.726,1.118,1805.77,1.072,1880.65,False,0,0,,0,0,,,,,,,,0,0,0
774,28,DEF,56,0,0,,,,,0,0,0,0,0,0,0,0,0,0.962,1.496,1705.73,1.792,1835.06,False,0,0,,0,0,,,,,,,,0,0,0
775,28,MID,56,0,0,,,,,0,0,0,0,0,0,0,0,0,0.962,1.496,1705.73,1.792,1835.06,False,0,0,,,,0,0,,,,,,0,0,0
776,28,MID,90,0,0,,,,,0,0,0,0,0,0,0,0,0,0.844,1.666,1685.09,1.422,1853.47,False,0,0,,,,0,0,,,,,,0,0,0
777,28,MID,39,0,0,,,,,0,0,0,0,0,0,0,0,0,1.078,2.362,1669.32,1.294,1929.21,False,0,0,,,,0,0,,,,,,0,0,0
778,28,MID,39,0,0,,,,,0,0,0,0,0,0,0,0,0,1.078,2.362,1669.32,1.294,1929.21,False,0,0,,,,0,0,,,,,,0,0,0
779,28,FWD,11,0,0,,,,,0,0,0,0,0,0,0,0,0,1.45,1.45,1831.61,1.686,1866.62,False,0,0,,,,,,,,,,,0,0,0
780,28,FWD,31,0,0,,,,,0,0,0,0,0,0,0,0,0,1.726,1.118,1805.77,1.072,1880.65,False,0,0,,,,,,,,,,,0,0,0
781,28,DEF,7,0,0,,,,,0,0,0,0,0,0,0,0,0,1.236,1.294,1929.21,2.362,1669.32,False,0,0,,0,0,,,,,,,,0,0,0
782,28,GKP,91,0,0,,,,,0,0,0,0,0,0,0,0,0,1.552,1.792,1835.06,1.496,1705.73,False,0,0,0,,,,,,,,,,0,0,0
783,28,MID,36,2.33333,4.2,0.0733333,0.098,0.163333,0.188,16,20.6,6.23333,7.6,90,89.4,6.33333,7.8,4.38178,1.072,1.146,1829.52,1.672,1784.7,False,0.763636,1,,,,37.3667,7.33333,0.333333,1.66667,,,,0,1,0
784,28,MID,90,0,0,,,,,0,0,0,0,0,0,0,0,0,0.844,1.666,1685.09,1.422,1853.47,False,0,0,,,,0,0,,,,,,0,0,0
785,28,FWD,21,0.333333,1,0,0.04,0,0.0166667,2.33333,2.6,0.566667,0.94,3.66667,29,0.666667,3.2,1,1.608,1.186,1743.59,1.456,1949.06,False,0.185185,0.4,,,,,,,,0,0,0,0,0,0
786,28,GKP,54,0,0,,,,,0,0,0,0,0,0,0,0,0,1.652,1.696,1807.68,1.97,1819.66,False,0,0,0,,,,,,,,,,0,0,0
787,28,MID,2,0,0,,,,,0,0,0,0,0,0,0,0,0,1.334,1.742,1780.19,0.982,1973.92,False,0,0,,,,0,0,,,,,,0,0,0
788,28,DEF,1,0,0,,,,,0,0,0,0,0,0,0,0,0,1.224,1.072,1880.65,1.118,1805.77,False,0,0,,0,0,,,,,,,,0,0,0
789,28,GKP,8,0,0,,,,,0,0,0,0,0,0,0,0,0,2.692,1.248,1930.44,0.722,2064.57,False,0,0,0,,,,,,,,,,0,0,0
790,28,MID,6,0,0,,,,,0,0,0,0,0,0,0,0,0,1.24,1.97,1819.66,1.696,1807.68,False,0,0,,,,0,0,,,,,,0,0,0
791,28,FWD,21,3.33333,3.2,0.17,0.194,0.133333,0.084,12,13.2,3.46667,4.4,78.6667,77,4,5.2,1.78885,1.608,1.186,1743.59,1.456,1949.06,False,0.581818,1,,,,,,,,0.17,0.333333,3,0,0,0
792,28,MID,7,0.333333,0.2,,,,,1.33333,0.8,0.166667,0.1,5.33333,3.2,0.333333,0.2,0.447214,1.236,1.294,1929.21,2.362,1669.32,False,0.04,0,,,,0.166667,1.33333,,,,,,0,0,0
793,28,DEF,31,0,0,,,,,0,0,0,0,0,0,0,0,0,1.726,1.118,1805.77,1.072,1880.65,False,0,0,,0,0,,,,,,,,0,0,0
794,28,DEF,43,0,0,0,0,0,0,0,0,0,0,0,0,0,0,0,1.682,0.982,1973.92,1.742,1780.19,False,0,0,,0,0,,,,,,,,0,0,0
795,28,MID,36,1,0.6,,,,,3,1.8,0.466667,0.28,26.3333,15.8,1.33333,0.8,0.894427,1.072,1.146,1829.52,1.672,1784.7,False,0.133333,0.2,,,,1.46667,0.666667,,,,,,0,0,0
796,28,MID,6,2,3,0.0533333,0.092,0.0333333,0.062,10.6667,15.2,3.33333,4.46,69.6667,76.6,6.33333,8.8,2.23607,1.24,1.97,1819.66,1.696,1807.68,False,0.566038,1,,,,16.9,7,0.333333,1,,,,0,0,0
797,28,FWD,94,0,0,,,,,0,0,0,0,0,0,0,0,0,1.418,1.422,1853.47,1.666,1685.09,False,0,0,,,,,,,,,,,0,0,0
798,28,DEF,31,0,0,,,,,0,0,0,0,0,0,0,0,0,1.726,1.118,1805.77,1.072,1880.65,False,0,0,,0,0,,,,,,,,0,0,0
799,28,MID,91,0,0,,,,,0,0,0,0,0,0,0,0,0,1.552,1.792,1835.06,1.496,1705.73,False,0,0,,,,0,0,,,,,,0,0,0
800,28,MID,56,0.333333,0.2,,,,,1.33333,0.8,0.333333,0.2,12.6667,7.6,1,0.6,0.447214,0.962,1.496,1705.73,1.792,1835.06,False,0.04,0.2,,,,1.43333,0.666667,,,,,,0,1,0
801,28,MID,91,0.333333,0.6,0,0.015,0.04,0.02,1,2,1.06667,0.74,19,13.2,1,1.6,0.547723,1.552,1.792,1835.06,1.496,1705.73,False,0.12,0.2,,,,7.6,1.33333,0,1,,,,0,0,0
802,28,MID,21,0,0,,,,,0,0,0,0,0,0,0,0,0,1.608,1.186,1743.59,1.456,1949.06,False,0,0,,,,0,0,,,,,,0,0,0
803,28,GKP,8,0,0,,,,,0,0,0,0,0,0,0,0,0,2.692,1.248,1930.44,0.722,2064.57,False,0,0,0,,,,,,,,,,0,0,0
804,28,DEF,6,0.333333,0.2,,,,,0.333333,0.2,0.533333,0.32,11.6667,7,0.666667,0.4,0.447214,1.24,1.97,1819.66,1.696,1807.68,False,0.05,0,,0,0,,,,,,,,0,0,0
805,28,FWD,17,2.66667,1.6,,,,,11.3333,6.8,2.63333,1.58,39.6667,23.8,1.66667,1,2.07364,1.268,1.672,1784.7,1.146,1829.52,False,0.290909,0.2,,,,,,,,,,,0,0,0
806,28,GKP,91,0,0,,,,,0,0,0,0,0,0,0,0,0,1.552,1.792,1835.06,1.496,1705.73,False,0,0,0,,,,,,,,,,0,0,0
807,28,MID,91,6,4.4,0.266667,0.2,0.07,0.2025,19,14.8,7.23333,5.3,88.6667,57.6,4,2.8,3.36155,1.552,1.792,1835.06,1.496,1705.73,False,0.785714,0.6,,,,18.6333,27.6667,1,3,,,,0,0,0
808,28,FWD,7,3,2.2,0.0833333,0.2225,0,0.02,11.6667,8.2,2.6,2.68,11.3333,24.8,0.666667,1,2.77489,1.236,1.294,1929.21,2.362,1669.32,False,0.366667,0.2,,,,,,,,0.0833333,0.333333,1.33333,0,0,0
809,28,MID,39,0,0,,,,,0,0,0,0,0,0,0,0,0,1.078,2.362,1669.32,1.294,1929.21,False,0,0,,,,0,0,,,,,,0,0,0
810,28,MID,94,0,0,,,,,0,0,0,0,0,0,0,0,0,1.418,1.422,1853.47,1.666,1685.09,False,0,0,,,,0,0,,,,,,0,0,0
811,28,MID,6,0,0,,,,,0,0,0,0,0,0,0,0,0,1.24,1.97,1819.66,1.696,1807.68,False,0,0,,,,0,0,,,,,,0,0,0
812,28,GKP,56,0,0,,,,,0,0,0,0,0,0,0,0,0,0.962,1.496,1705.73,1.792,1835.06,False,0,0,0,,,,,,,,,,0,0,0
813,28,MID,56,1.66667,1.25,,,,,3.66667,2.75,3.36667,2.525,51,38.25,2,1.5,0.957427,0.962,1.496,1705.73,1.792,1835.06,False,0.25,0.5,,,,9.16667,19.3333,,,,,,0,0,0
814,28,DEF,17,0.333333,0.25,,,,,1,0.75,0.133333,0.1,4.66667,3.5,0,0,0.5,1.268,1.672,1784.7,1.146,1829.52,False,0.0555556,0,,0,0,,,,,,,,0,0,0
815,28,DEF,21,4.66667,3.5,,,,,19.3333,14.5,3.46667,2.6,90,67.5,5.66667,4.25,3,1.608,1.186,1743.59,1.456,1949.06,False,0.777778,0.75,,0.5,0,,,,,,,,0,0,0
816,28,MID,39,2.33333,1.75,,,,,15.3333,11.5,2.73333,2.05,59,44.25,5.66667,4.25,1.70783,1.078,2.362,1669.32,1.294,1929.21,False,0.364583,0.25,,,,12.9333,3.33333,,,,,,0,0,0
817,28,FWD,39,3.33333,2.5,,,,,11.6667,8.75,3.2,2.4,110.667,83,3.66667,2.75,1.91485,1.078,2.362,1669.32,1.294,1929.21,False,0.462963,0.5,,,,,,,,,,,0,0,0
818,28,FWD,6,0,0,,,,,0,0,0,0,0,0,0,0,,1.24,1.97,1819.66,1.696,1807.68,False,0,0,,,,,,,,,,,0,0,0
819,28,DEF,94,,,,,,,,,,,,,,,,1.418,1.422,1853.47,1.666,1685.09,False,,,,,,,,,,,,,0,0,0
