id,status,chance_of_playing_next_round,chance_of_playing_this_round,now_cost,now_cost_rank,now_cost_rank_type,cost_change_event,cost_change_event_fall,cost_change_start,cost_change_start_fall,selected_by_percent,selected_rank,selected_rank_type,total_points,event_points,points_per_game,points_per_game_rank,points_per_game_rank_type,bonus,bps,form,form_rank,form_rank_type,value_form,value_season,dreamteam_count,transfers_in,transfers_in_event,transfers_out,transfers_out_event,ep_next,ep_this,expected_goals,expected_assists,expected_goal_involvements,expected_goals_conceded,expected_goals_per_90,expected_assists_per_90,expected_goal_involvements_per_90,expected_goals_conceded_per_90,influence,influence_rank,influence_rank_type,creativity,creativity_rank,creativity_rank_type,threat,threat_rank,threat_rank_type,ict_index,ict_index_rank,ict_index_rank_type,corners_and_indirect_freekicks_order,direct_freekicks_order,penalties_order,gw,set_piece_threat,first_name,second_name,web_name,news,news_added,minutes,goals_scored,assists,clean_sheets,goals_conceded,own_goals,penalties_saved,penalties_missed,yellow_cards,red_cards,saves,starts,defensive_contribution,corners_and_indirect_freekicks_text,direct_freekicks_text,penalties_text,saves_per_90,clean_sheets_per_90,goals_conceded_per_90,starts_per_90,defensive_contribution_per_90,tackles,clearances_blocks_interceptions,recoveries
1,a,,,6.0,85,1.0,0,0.0,5,-5.0,33.9,7,1.0,130,1,4.1,57.0,5.0,6,523,4.0,60.0,7.0,0.7,21.7,0.0,4246961,3016,2641118,9101,4.5,5.0,0.0,0.06,0.06,23.5,0.0,0.0,0.0,0.73,460.2,107.0,17.0,33.4,378.0,3.0,0.0,817.0,95.0,49.4,273.0,16.0,,,,32,,David,Raya Martín,Raya,,,2880,0,0,15,24,0,0,0,1,0,51,32,94,,,,1.59,0.47,0.75,1.0,0.0,1,30,269
3,u,0.0,0.0,4.0,688,53.0,0,0.0,0,0.0,0.2,374,53.0,0,0,0.0,598.0,75.0,0,0,0.0,442.0,64.0,0.0,0.0,0.0,5545,0,48389,6,0.0,0.0,0.0,0.0,0.0,0.0,0.0,0.0,0.0,0.0,0.0,587.0,75.0,0.0,578.0,62.0,0.0,548.0,49.0,0.0,589.0,75.0,,,,32,,Karl,Hein,Hein,Has joined Werder Bremen on loan for the rest of the season.,,0,0,0,0,0,0,0,0,0,0,0,0,0,,,,0.0,0.0,0.0,0.0,0.0,0,0,0
4,a,,,3.9,779,89.0,0,0.0,-1,1.0,0.2,366,52.0,0,0,0.0,570.0,60.0,0,0,0.0,411.0,47.0,0.0,0.0,0.0,34019,9,34468,24,0.5,1.0,0.0,0.0,0.0,0.0,0.0,0.0,0.0,0.0,0.0,559.0,60.0,0.0,547.0,44.0,0.0,516.0,31.0,0.0,561.0,60.0,,,,32,,Tommy,Setford,Setford,,,0,0,0,0,0,0,0,0,0,0,0,0,0,,,,0.0,0.0,0.0,0.0,0.0,0,0,0
5,a,100.0,100.0,7.2,32,1.0,0,0.0,12,-12.0,43.0,5,1.0,177,4,6.8,2.0,1.0,25,605,6.5,9.0,3.0,0.9,24.6,0.0,8478750,5948,5538303,10172,7.0,7.5,2.02,1.66,3.68,17.02,0.08,0.07,0.15,0.68,700.8,24.0,8.0,109.0,263.0,76.0,218.0,129.0,23.0,102.6,92.0,23.0,,,,32,,Gabriel,dos Santos Magalhães,Gabriel,,,2255,3,5,14,17,0,0,0,3,0,0,25,246,,,,0.0,0.56,0.68,1.0,9.22,33,198,51
6,a,100.0,100.0,6.1,84,4.0,0,0.0,1,-1.0,13.8,22,8.0,108,1,4.2,53.0,21.0,9,460,6.0,17.0,8.0,1.0,17.7,0.0,2058998,4871,2333024,3800,6.5,7.0,0.88,0.7,1.58,16.35,0.04,0.03,0.07,0.68,450.2,113.0,50.0,167.2,201.0,53.0,76.0,291.0,85.0,69.3,197.0,67.0,,,,32,,William,Saliba,Saliba,,,2164,1,0,11,18,0,0,0,1,0,0,25,187,,,,0.0,0.46,0.75,1.04,6.49,30,126,98
7,d,75.0,100.0,5.6,130,13.0,0,0.0,1,-1.0,6.1,65,23.0,93,0,4.2,51.0,20.0,4,339,3.0,110.0,45.0,0.5,16.6,0.0,2664932,555,2480375,1015,2.6,4.0,2.92,0.49,3.41,8.96,0.18,0.03,0.21,0.56,244.4,247.0,97.0,127.9,243.0,65.0,249.0,107.0,13.0,62.2,225.0,77.0,,,,32,,Riccardo,Calafiori,Calafiori,Knock - 75% chance of playing,,1446,1,2,11,8,0,0,0,5,0,0,18,134,,,,0.0,0.68,0.5,1.12,5.91,31,64,65
8,d,75.0,75.0,6.3,70,3.0,0,0.0,8,-8.0,24.6,13,4.0,149,0,5.0,14.0,3.0,9,532,0.5,298.0,102.0,0.1,23.7,0.0,6775934,530,4416445,35844,0.8,1.1,4.71,1.53,6.24,17.45,0.17,0.06,0.23,0.64,499.0,85.0,37.0,402.6,65.0,12.0,352.0,70.0,5.0,125.7,53.0,6.0,,,,32,,Jurriën,Timber,J.Timber,Ankle injury - 75% chance of playing,,2452,3,6,13,20,0,0,0,5,0,0,28,178,,,,0.0,0.48,0.73,1.03,5.43,66,82,97
9,u,0.0,0.0,5.4,170,20.0,0,0.0,-1,1.0,0.0,595,212.0,0,0,0.0,809.0,268.0,0,0,0.0,781.0,263.0,0.0,0.0,0.0,1119,0,10926,1,0.0,0.0,0.0,0.0,0.0,0.0,0.0,0.0,0.0,0.0,0.0,808.0,268.0,0.0,807.0,268.0,0.0,805.0,268.0,0.0,808.0,268.0,,,,32,,Jakub,Kiwior,Kiwior,has joined Porto on loan for the rest of the season.,,0,0,0,0,0,0,0,0,0,0,0,0,0,,,,0.0,0.0,0.0,0.0,0.0,0,0,0
10,a,,,5.0,269,42.0,0,0.0,-5,5.0,1.4,166,66.0,13,1,0.9,511.0,176.0,0,41,0.5,292.0,99.0,0.1,2.6,0.0,136167,68,468395,55,1.0,1.5,0.1,0.08,0.18,6.46,0.02,0.02,0.04,1.45,45.2,421.0,156.0,47.8,357.0,126.0,25.0,377.0,130.0,11.7,418.0,149.0,,,,32,,Myles,Lewis-Skelly,Lewis-Skelly,,,401,0,0,0,7,0,0,0,3,0,0,2,26,,,,0.0,0.0,1.57,0.45,4.26,6,13,17
18,a,100.0,100.0,6.8,44,28.0,0,0.0,-2,2.0,0.9,203,70.0,55,1,2.6,263.0,111.0,6,190,2.0,161.0,66.0,0.3,8.1,0.0,374695,140,417698,370,2.5,3.0,1.03,2.13,3.16,10.37,0.1,0.2,0.3,0.99,195.8,282.0,120.0,272.2,130.0,90.0,316.0,80.0,48.0,78.3,161.0,84.0,3.0,,,32,,Noni,Madueke,Madueke,,,942,2,1,6,8,0,0,0,0,0,0,13,51,,,,0.0,0.57,0.76,1.24,4.87,18,11,22
19,a,100.0,100.0,6.8,45,29.0,0,0.0,-2,2.0,0.9,197,68.0,48,1,1.8,383.0,163.0,1,162,2.5,126.0,47.0,0.4,7.1,0.0,192416,151,267301,176,3.0,3.5,3.53,1.01,4.54,8.21,0.36,0.1,0.46,0.83,168.4,306.0,134.0,154.1,212.0,138.0,333.0,76.0,44.0,64.9,212.0,104.0,,,,32,,Gabriel,Martinelli Silva,Martinelli,,,892,1,4,2,6,0,0,0,2,0,0,10,65,,,,0.0,0.2,0.61,1.01,6.56,10,12,43
20,a,100.0,100.0,6.5,48,30.0,0,0.0,-5,5.0,0.8,213,75.0,100,1,3.7,101.0,45.0,9,355,0.5,302.0,139.0,0.1,15.4,0.0,539915,171,503832,418,1.0,1.5,4.96,2.71,7.67,12.23,0.26,0.14,0.4,0.64,415.4,131.0,45.0,461.0,43.0,38.0,438.0,44.0,26.0,131.7,45.0,32.0,,,4.0,32,,Leandro,Trossard,Trossard,,,1711,5,5,8,15,0,0,0,1,0,0,18,117,,,,0.0,0.42,0.79,0.95,6.15,25,24,68
21,a,100.0,100.0,7.3,26,17.0,0,0.0,8,-8.0,25.5,12,3.0,166,3,5.4,7.0,4.0,22,718,3.0,114.0,39.0,0.4,22.7,0.0,7090178,3404,5010766,16432,3.5,4.0,3.15,6.76,9.91,19.98,0.11,0.23,0.34,0.67,756.6,12.0,3.0,950.7,3.0,3.0,286.0,98.0,61.0,199.5,9.0,6.0,1.0,1.0,,32,,Declan,Rice,Rice,,,2670,4,9,14,23,0,0,0,2,0,0,30,324,,,,0.0,0.47,0.78,1.01,10.92,59,107,158
22,i,0.0,0.0,5.4,162,101.0,0,0.0,-6,6.0,0.8,215,76.0,66,0,3.1,189.0,77.0,5,238,0.0,776.0,339.0,0.0,12.2,0.0,835996,1,843970,132,0.0,0.0,2.99,1.45,4.44,6.59,0.27,0.13,0.4,0.6,304.4,203.0,84.0,187.0,187.0,123.0,237.0,116.0,69.0,72.6,183.0,92.0,,,,32,,Mikel,Merino Zazón,Merino,Foot injury - Unknown return date,,996,4,3,4,9,0,0,0,1,0,0,10,111,,,,0.0,0.36,0.81,0.9,10.03,26,30,55
23,u,0.0,0.0,5.4,169,106.0,0,0.0,-1,1.0,0.0,687,278.0,0,0,0.0,808.0,358.0,0,0,0.0,780.0,341.0,0.0,0.0,0.0,933,0,4433,0,0.0,0.0,0.0,0.0,0.0,0.0,0.0,0.0,0.0,0.0,0.0,807.0,357.0,0.0,806.0,357.0,0.0,804.0,356.0,0.0,807.0,357.0,,,,32,,Fábio,Ferreira Vieira,Fábio Vieira,has joined Hamburger on loan for the rest of the season.,,0,0,0,0,0,0,0,0,0,0,0,0,0,,,,0.0,0.0,0.0,0.0,0.0,0,0,0
24,a,100.0,100.0,5.1,220,135.0,0,0.0,-4,4.0,0.1,440,148.0,6,0,1.0,499.0,230.0,0,19,0.0,753.0,322.0,0.0,1.2,0.0,7870,8,61493,8,0.5,1.0,0.05,0.0,0.05,2.23,0.08,0.0,0.08,3.58,15.8,456.0,204.0,0.4,481.0,233.0,7.0,429.0,207.0,2.4,469.0,213.0,,,,32,,Christian,Nørgaard,Nørgaard,,,56,0,0,0,1,0,0,0,0,0,0,0,11,,,,0.0,0.0,1.61,0.0,17.68,0,7,4
25,u,0.0,0.0,5.0,270,164.0,0,0.0,-5,5.0,0.1,455,154.0,8,0,1.3,433.0,194.0,0,20,0.0,743.0,314.0,0.0,1.6,0.0,13149,0,37087,8,0.0,0.0,0.23,0.08,0.31,0.73,0.13,0.04,0.17,0.4,8.6,468.0,210.0,22.5,392.0,197.0,24.0,380.0,191.0,5.4,449.0,201.0,,,,32,,Ethan,Nwaneri,Nwaneri,has joined Marseille on loan for the rest of the season.,,165,0,0,1,0,0,0,0,0,0,0,0,13,,,,0.0,0.55,0.0,0.0,7.09,2,1,10
26,a,100.0,100.0,5.1,239,144.0,0,0.0,-4,4.0,3.4,100,33.0,119,2,3.7,98.0,42.0,9,544,2.5,125.0,46.0,0.5,23.3,0.0,1333217,512,1210795,2727,3.0,3.5,2.77,2.2,4.97,22.26,0.09,0.07,0.16,0.75,550.2,61.0,16.0,340.8,84.0,63.0,262.0,102.0,63.0,115.5,76.0,48.0,,,,32,,Martín,Zubimendi Ibáñez,Zubimendi,,,2672,5,1,15,22,0,0,0,4,0,0,31,267,,,,0.0,0.51,0.74,1.04,8.99,57,108,102
28,u,0.0,0.0,4.5,487,299.0,0,0.0,0,0.0,0.1,495,177.0,0,0,0.0,740.0,308.0,0,0,0.0,648.0,250.0,0.0,0.0,0.0,6731,0,30307,0,0.0,0.0,0.0,0.0,0.0,0.0,0.0,0.0,0.0,0.0,0.0,738.0,306.0,0.0,731.0,306.0,0.0,718.0,302.0,0.0,738.0,306.0,,,,32,,Ismeal,Kabia,Kabia,has joined Shrewsbury Town on loan for the rest of the season.,,0,0,0,0,0,0,0,0,0,0,0,0,0,,,,0.0,0.0,0.0,0.0,0.0,0,0,0
29,u,0.0,0.0,4.5,431,256.0,0,0.0,0,0.0,0.0,589,221.0,0,0,0.0,702.0,275.0,0,0,0.0,600.0,210.0,0.0,0.0,0.0,2952,0,14110,3,0.0,0.0,0.0,0.0,0.0,0.0,0.0,0.0,0.0,0.0,0.0,696.0,269.0,0.0,692.0,272.0,0.0,675.0,265.0,0.0,698.0,271.0,,,,32,,Albert,Sambi Lokonga,Sambi,has joined Hamburger permanently.,,0,0,0,0,0,0,0,0,0,0,0,0,0,,,,0.0,0.0,0.0,0.0,0.0,0,0,0
30,a,100.0,100.0,7.3,28,11.0,0,0.0,-2,2.0,0.5,265,41.0,13,1,1.9,366.0,42.0,0,53,1.5,183.0,24.0,0.2,1.8,0.0,120319,151,203051,225,2.0,2.5,1.32,0.1,1.42,3.12,0.38,0.03,0.41,0.89,39.0,428.0,50.0,49.0,353.0,43.0,63.0,313.0,52.0,15.2,400.0,50.0,,,,32,,Kai,Havertz,Havertz,,,314,0,1,3,1,0,0,0,0,0,0,4,21,,,,0.0,0.86,0.29,1.15,6.02,5,7,9
31,a,100.0,100.0,6.4,56,20.0,0,0.0,-1,1.0,0.3,304,48.0,18,1,1.5,415.0,50.0,0,73,0.5,300.0,40.0,0.1,2.8,0.0,148563,44,128125,186,1.0,1.5,1.83,0.25,2.08,3.57,0.52,0.07,0.59,1.01,107.0,363.0,36.0,36.4,373.0,49.0,232.0,118.0,30.0,37.3,312.0,37.0,,,,32,,Gabriel,Fernando de Jesus,G.Jesus,,,318,2,0,0,6,0,0,0,2,0,0,2,26,,,,0.0,0.0,1.7,0.57,7.36,4,4,18
266,a,100.0,100.0,7.2,33,19.0,0,0.0,-3,3.0,7.7,50,17.0,95,1,3.5,134.0,59.0,8,366,2.0,162.0,67.0,0.3,13.2,0.0,3376828,463,3798841,1531,2.5,3.0,3.88,2.31,6.19,10.79,0.23,0.14,0.37,0.63,345.2,178.0,67.0,255.2,138.0,95.0,373.0,64.0,38.0,97.2,104.0,59.0,,,,32,,Eberechi,Eze,Eze,,,1530,6,3,8,11,0,0,0,1,0,0,17,101,,,,0.0,0.47,0.65,1.0,5.94,17,19,65
662,a,100.0,100.0,5.3,199,25.0,0,0.0,-2,2.0,0.2,412,150.0,29,1,1.9,360.0,134.0,1,152,1.0,229.0,84.0,0.2,5.5,0.0,47788,58,53067,62,1.5,2.0,0.0,0.5,0.5,5.5,0.0,0.07,0.07,0.73,156.8,315.0,119.0,51.9,346.0,121.0,10.0,415.0,154.0,21.9,373.0,131.0,,,,32,,Cristhian,Mosquera,Mosquera,,,681,0,0,2,5,0,0,0,2,0,0,6,83,,,,0.0,0.26,0.66,0.79,9.25,23,47,25
666,a,100.0,100.0,8.8,8,4.0,0,0.0,-2,2.0,11.8,30,5.0,106,5,3.5,136.0,13.0,13,391,6.0,18.0,4.0,0.7,12.0,0.0,3541168,2881,5130856,5668,6.5,7.0,10.26,1.77,12.02,15.05,0.47,0.08,0.55,0.68,440.0,119.0,10.0,215.4,165.0,13.0,656.0,20.0,12.0,130.3,46.0,11.0,,,2.0,32,,Viktor,Gyökeres,Gyökeres,,,1978,12,0,10,13,0,0,0,5,0,0,24,73,,,,0.0,0.46,0.59,1.09,3.32,6,20,47
700,a,100.0,100.0,4.2,650,371.0,0,0.0,-3,3.0,0.7,225,80.0,12,1,3.0,192.0,79.0,0,43,3.5,78.0,28.0,0.8,2.9,0.0,215692,1471,150628,429,4.0,4.5,1.11,0.14,1.25,0.67,1.26,0.16,1.42,0.76,41.2,424.0,185.0,38.4,368.0,189.0,57.0,325.0,172.0,13.7,405.0,184.0,,,,32,,Max,Dowman,Dowman,,,79,1,1,0,1,0,0,0,0,0,0,0,7,,,,0.0,0.0,1.14,0.0,7.97,2,0,5
32,a,100.0,100.0,5.1,219,6.0,0,0.0,1,-1.0,4.8,81,15.0,105,0,3.9,69.0,8.0,10,453,2.7,120.0,14.0,0.5,20.6,0.0,1034134,2075,688763,1306,2.7,2.7,0.0,0.06,0.06,35.8,0.0,0.0,0.0,1.35,611.2,46.0,11.0,13.2,415.0,5.0,0.0,795.0,90.0,62.4,224.0,11.0,,,,32,,Emiliano,Martínez Romero,Martinez,,,2385,0,0,7,29,0,1,0,2,0,76,27,78,,,,2.87,0.26,1.09,1.02,0.0,0,25,224
33,a,100.0,100.0,4.2,629,32.0,0,0.0,-3,3.0,0.4,292,38.0,11,0,2.2,304.0,30.0,0,51,0.0,498.0,78.0,0.0,2.6,0.0,84049,11,115995,20,0.0,0.0,0.0,0.0,0.0,8.53,0.0,0.0,0.0,1.9,92.8,376.0,28.0,0.0,626.0,78.0,0.0,599.0,65.0,9.3,425.0,28.0,,,,32,,Marco,Bizot,M.Bizot,,,405,0,0,1,8,0,0,0,2,0,13,4,23,,,,2.89,0.22,1.78,0.89,0.0,0,6,41
34,u,0.0,0.0,4.0,687,52.0,0,0.0,0,0.0,0.1,506,75.0,0,0,0.0,597.0,74.0,0,0,0.0,441.0,63.0,0.0,0.0,0.0,0,0,17567,2,0.0,0.0,0.0,0.0,0.0,0.0,0.0,0.0,0.0,0.0,0.0,586.0,74.0,0.0,577.0,61.0,0.0,547.0,48.0,0.0,588.0,74.0,,,,32,,Joe,Gauci,Gauci,Has joined Port Vale on loan for the rest of the season.,,0,0,0,0,0,0,0,0,0,0,0,0,0,,,,0.0,0.0,0.0,0.0,0.0,0,0,0
35,u,0.0,0.0,4.0,686,51.0,0,0.0,0,0.0,0.0,754,86.0,0,0,0.0,596.0,73.0,0,0,0.0,440.0,62.0,0.0,0.0,0.0,0,0,1283,0,0.0,0.0,0.0,0.0,0.0,0.0,0.0,0.0,0.0,0.0,0.0,585.0,73.0,0.0,576.0,60.0,0.0,546.0,47.0,0.0,587.0,73.0,,,,32,,Filip,Marschall,Marschall,Has joined Stevenage permanently.,,0,0,0,0,0,0,0,0,0,0,0,0,0,,,,0.0,0.0,0.0,0.0,0.0,0,0,0
36,a,100.0,100.0,4.7,381,63.0,0,0.0,2,-2.0,8.4,42,15.0,106,0,3.8,78.0,29.0,6,403,2.0,152.0,58.0,0.4,22.6,0.0,2879435,1640,2206294,2487,2.0,2.0,1.09,2.68,3.77,37.19,0.04,0.1,0.14,1.37,540.4,67.0,32.0,421.6,57.0,8.0,195.0,150.0,30.0,115.7,75.0,14.0,3.0,,,32,,Matty,Cash,Cash,,,2442,3,2,8,27,0,0,0,7,0,0,28,177,,,,0.0,0.29,1.0,1.03,5.68,51,103,74
37,a,100.0,100.0,4.5,412,76.0,0,0.0,0,0.0,1.6,154,62.0,85,0,3.3,159.0,64.0,5,334,3.7,64.0,27.0,0.8,18.9,0.0,331502,441,368927,256,3.7,3.7,0.61,2.73,3.34,22.41,0.04,0.16,0.2,1.3,322.0,193.0,77.0,377.8,70.0,14.0,121.0,233.0,60.0,81.9,151.0,50.0,2.0,2.0,,32,,Lucas,Digne,Digne,,,1549,0,5,7,17,0,0,0,3,0,0,18,117,,,,0.0,0.41,0.99,1.05,5.4,29,64,57
38,a,100.0,100.0,4.4,527,105.0,0,0.0,-1,1.0,8.0,47,16.0,95,0,3.2,166.0,66.0,3,461,2.3,128.0,50.0,0.5,21.6,0.0,798227,800,2076335,1489,2.3,2.3,1.27,0.56,1.83,42.8,0.04,0.02,0.06,1.44,542.8,65.0,31.0,104.0,274.0,82.0,120.0,234.0,61.0,77.2,166.0,56.0,,,,32,,Ezri,Konsa Ngoyo,Konsa,,,2675,0,1,9,36,0,0,0,0,1,0,30,204,,,,0.0,0.3,1.21,1.01,5.96,20,157,90
39,a,,,4.2,637,146.0,0,0.0,-3,3.0,0.6,246,93.0,40,0,1.7,386.0,144.0,0,202,0.3,315.0,112.0,0.1,9.5,0.0,84091,52,114489,186,0.3,0.3,1.05,1.85,2.9,22.13,0.08,0.13,0.21,1.59,258.8,237.0,94.0,299.8,113.0,27.0,186.0,161.0,34.0,74.6,173.0,58.0,,,,32,,Ian,Maatsen,Maatsen,,,1251,0,0,2,20,0,0,0,2,0,0,13,113,,,,0.0,0.14,1.44,0.94,7.27,36,65,73
47,a,100.0,100.0,7.4,24,16.0,0,0.0,4,-4.0,22.8,15,5.0,138,0,4.5,36.0,15.0,13,492,2.7,124.0,45.0,0.4,18.6,0.0,6135317,4433,4370865,12853,2.7,2.7,5.79,3.48,9.27,43.28,0.19,0.11,0.3,1.41,621.2,44.0,11.0,596.2,22.0,21.0,764.0,7.0,2.0,198.1,10.0,7.0,,1.0,,32,,Morgan,Rogers,Rogers,,,2753,8,6,9,37,0,0,0,6,0,0,31,188,,,,0.0,0.29,1.21,1.01,6.15,32,42,114
48,a,100.0,100.0,5.9,92,59.0,0,0.0,-1,1.0,0.6,235,84.0,53,0,2.9,209.0,86.0,3,298,0.3,341.0,161.0,0.1,9.0,0.0,160138,143,349847,29,0.3,0.3,0.97,2.53,3.5,23.38,0.07,0.17,0.24,1.6,324.8,190.0,78.0,413.5,63.0,50.0,147.0,203.0,114.0,88.6,132.0,74.0,5.0,,,32,,Youri,Tielemans,Tielemans,,,1318,0,4,4,17,0,0,0,0,0,0,15,145,,,,0.0,0.27,1.16,1.02,9.9,40,34,71
49,a,100.0,100.0,5.5,139,86.0,0,0.0,0,0.0,0.1,470,162.0,13,0,1.4,426.0,189.0,0,42,0.7,268.0,123.0,0.1,2.4,0.0,8570,27,51158,31,0.7,0.7,0.31,1.21,1.52,5.37,0.08,0.33,0.41,1.45,55.0,412.0,180.0,122.8,247.0,153.0,59.0,324.0,171.0,23.7,363.0,174.0,4.0,,,32,,Leon,Bailey,Bailey,,,334,0,1,0,8,0,0,0,1,0,0,2,33,,,,0.0,0.0,2.16,0.54,8.89,7,3,23
50,a,100.0,100.0,5.3,185,116.0,0,0.0,-2,2.0,0.4,288,102.0,83,0,2.9,206.0,83.0,8,288,1.3,194.0,83.0,0.2,15.7,0.0,225828,54,202910,220,1.3,1.3,2.9,1.87,4.77,22.9,0.18,0.12,0.3,1.42,344.0,179.0,68.0,312.1,103.0,76.0,314.0,81.0,49.0,95.7,107.0,60.0,,6.0,2.0,32,,Emiliano,Buendía Stati,Buendía,,,1453,5,2,3,19,0,0,0,6,0,0,18,159,,,,0.0,0.19,1.18,1.11,9.85,38,29,92
51,u,0.0,0.0,5.5,148,93.0,0,0.0,0,0.0,0.0,690,279.0,0,0,0.0,814.0,363.0,0,0,0.0,792.0,350.0,0.0,0.0,0.0,1383,0,3802,1,0.0,0.0,0.0,0.0,0.0,0.0,0.0,0.0,0.0,0.0,0.0,813.0,362.0,0.0,812.0,362.0,0.0,810.0,361.0,0.0,813.0,362.0,,,,32,,Samuel,Iling-Junior,Iling Jr,has joined Pisa on loan for the rest of the season.,,0,0,0,0,0,0,0,0,0,0,0,0,0,,,,0.0,0.0,0.0,0.0,0.0,0,0,0
53,u,0.0,0.0,5.1,224,137.0,0,0.0,-4,4.0,0.4,284,99.0,55,0,2.6,259.0,107.0,3,161,0.0,755.0,323.0,0.0,10.8,0.0,172896,0,339917,26,0.0,0.0,4.03,0.35,4.38,10.59,0.57,0.05,0.62,1.49,183.4,291.0,127.0,99.7,276.0,165.0,290.0,94.0,58.0,56.3,246.0,122.0,,,,32,,Donyell,Malen,Malen,has joined Roma on loan for the rest of the season.,,640,4,2,1,10,0,0,0,0,0,0,5,16,,,,0.0,0.14,1.41,0.7,2.25,4,2,10
54,a,100.0,100.0,5.3,183,114.0,0,0.0,-2,2.0,0.6,244,87.0,83,0,3.5,128.0,56.0,6,333,4.0,58.0,21.0,0.8,15.7,0.0,225210,533,246582,124,4.0,4.0,2.62,2.25,4.87,27.69,0.14,0.12,0.26,1.45,346.8,177.0,66.0,425.7,53.0,44.0,211.0,138.0,80.0,98.2,98.0,56.0,,,,32,,John,McGinn,McGinn,,,1717,4,2,8,22,0,0,0,3,0,0,23,129,,,,0.0,0.42,1.15,1.21,6.76,27,29,73
55,a,100.0,100.0,4.8,348,218.0,0,0.0,-2,2.0,0.1,488,172.0,35,0,2.5,271.0,112.0,3,150,5.0,29.0,11.0,1.0,7.3,0.0,13764,434,13343,62,5.0,5.0,0.73,1.07,1.8,6.49,0.17,0.25,0.42,1.5,147.2,324.0,144.0,107.9,266.0,161.0,95.0,268.0,145.0,35.0,326.0,160.0,,,,32,,Ross,Barkley,Barkley,,,390,2,1,1,6,0,0,0,0,0,0,2,46,,,,0.0,0.23,1.38,0.46,10.62,9,12,25
56,u,0.0,0.0,5.0,267,162.0,0,0.0,0,0.0,0.0,825,370.0,0,0,0.0,796.0,350.0,0,0,0.0,742.0,313.0,0.0,0.0,0.0,0,0,35,0,0.0,0.0,0.0,0.0,0.0,0.0,0.0,0.0,0.0,0.0,0.0,795.0,349.0,0.0,793.0,349.0,0.0,788.0,347.0,0.0,795.0,349.0,,,,32,,Enzo,Barrenechea,Barrenechea,Season-long loan to Benfica,,0,0,0,0,0,0,0,0,0,0,0,0,0,,,,0.0,0.0,0.0,0.0,0.0,0,0,0
389,a,100.0,100.0,5.1,234,142.0,0,0.0,-4,4.0,0.2,398,136.0,5,0,1.0,501.0,232.0,0,17,0.0,757.0,325.0,0.0,1.0,0.0,94400,10,103695,11,0.0,0.0,0.29,0.08,0.37,1.74,0.24,0.07,0.31,1.42,11.8,460.0,205.0,31.7,382.0,192.0,31.0,364.0,188.0,7.4,436.0,196.0,,,,32,,Harvey,Elliott,Elliott,,,110,0,0,0,2,0,0,0,0,0,0,1,6,,,,0.0,0.0,1.64,0.82,4.91,0,2,4
456,d,50.0,50.0,5.8,105,69.0,0,0.0,-2,2.0,0.2,364,123.0,32,0,1.7,394.0,168.0,0,127,2.0,158.0,63.0,0.3,5.5,0.0,51431,5,54297,103,1.0,1.0,0.61,1.82,2.43,11.28,0.07,0.22,0.29,1.35,124.8,344.0,157.0,282.9,124.0,87.0,191.0,158.0,89.0,60.1,231.0,114.0,6.0,,,32,,Jadon,Sancho,Sancho,Shoulder injury - 50% chance of playing,,752,0,2,2,5,0,0,0,0,0,0,8,38,,,,0.0,0.24,0.6,0.96,4.55,6,11,21
688,a,,,3.9,769,83.0,0,0.0,-1,1.0,0.6,243,33.0,0,0,0.0,561.0,54.0,0,0,0.0,401.0,41.0,0.0,0.0,0.0,61920,8,46371,28,0.0,0.0,0.0,0.0,0.0,0.0,0.0,0.0,0.0,0.0,0.0,550.0,54.0,0.0,538.0,38.0,0.0,507.0,25.0,0.0,552.0,54.0,,,,32,,James,Wright,Wright,,,0,0,0,0,0,0,0,0,0,0,0,0,0,,,,0.0,0.0,0.0,0.0,0.0,0,0,0
699,a,100.0,100.0,4.9,314,195.0,0,0.0,-1,1.0,0.1,494,176.0,30,0,1.9,353.0,152.0,0,183,0.7,257.0,117.0,0.1,6.1,0.0,28389,19,22452,70,0.7,0.7,0.5,1.38,1.88,11.41,0.06,0.16,0.22,1.28,169.8,303.0,133.0,275.7,128.0,89.0,87.0,276.0,149.0,53.2,254.0,127.0,1.0,,,32,,Douglas Luiz,Soares de Paulo,Douglas Luiz,,,801,1,1,1,13,0,0,0,2,0,0,11,90,,,,0.0,0.11,1.46,1.24,10.11,20,22,48
701,u,0.0,0.0,4.0,719,192.0,0,0.0,0,0.0,0.1,541,192.0,0,0,0.0,621.0,232.0,0,0,0.0,469.0,185.0,0.0,0.0,0.0,8943,0,10777,3,0.0,0.0,0.0,0.0,0.0,0.0,0.0,0.0,0.0,0.0,0.0,611.0,232.0,0.0,603.0,232.0,0.0,574.0,229.0,0.0,613.0,232.0,,,,32,,Triston,Rowe,Rowe,has joined Annecy on loan for the rest of the season.,,0,0,0,0,0,0,0,0,0,0,0,0,0,,,,0.0,0.0,0.0,0.0,0.0,0,0,0
702,a,,,4.4,572,344.0,0,0.0,-1,1.0,0.1,538,196.0,1,0,1.0,476.0,212.0,0,3,0.0,582.0,202.0,0.0,0.2,0.0,10044,0,9181,4,0.0,0.0,0.0,0.0,0.0,0.9,0.0,0.0,0.0,5.06,0.0,684.0,262.0,0.3,483.0,235.0,0.0,660.0,257.0,0.0,686.0,264.0,,,,32,,Bradley,Burrowes,Burrowes,,,16,0,0,0,1,0,0,0,0,0,0,0,1,,,,0.0,0.0,5.62,0.0,5.62,0,0,1
703,a,,,3.9,780,90.0,0,0.0,-1,1.0,0.6,238,32.0,0,0,0.0,571.0,61.0,0,0,0.0,412.0,48.0,0.0,0.0,0.0,94356,10,46778,88,0.0,0.0,0.0,0.0,0.0,0.0,0.0,0.0,0.0,0.0,0.0,560.0,61.0,0.0,548.0,45.0,0.0,517.0,32.0,0.0,562.0,61.0,,,,32,,Sam,Proctor,Proctor,,,0,0,0,0,0,0,0,0,0,0,0,0,0,,,,0.0,0.0,0.0,0.0,0.0,0,0,0
710,a,,,3.9,777,227.0,0,0.0,-1,1.0,0.2,380,141.0,0,0,0.0,568.0,206.0,0,0,0.0,409.0,155.0,0.0,0.0,0.0,33511,14,23496,12,0.0,0.0,0.0,0.0,0.0,0.0,0.0,0.0,0.0,0.0,0.0,557.0,205.0,0.0,545.0,205.0,0.0,514.0,200.0,0.0,559.0,205.0,,,,32,,Travis,Patterson,Patterson,,,0,0,0,0,0,0,0,0,0,0,0,0,0,,,,0.0,0.0,0.0,0.0,0.0,0,0,0
719,a,100.0,100.0,4.5,418,79.0,0,0.0,0,0.0,0.1,484,175.0,22,0,1.8,373.0,140.0,0,94,0.0,589.0,235.0,0.0,4.9,0.0,21500,16,15283,31,0.0,0.0,0.03,0.07,0.1,10.75,0.0,0.01,0.01,1.69,123.8,345.0,130.0,27.5,386.0,139.0,8.0,421.0,159.0,16.0,397.0,142.0,,,,32,,Victor,Lindelöf,Lindelöf,,,572,0,1,1,9,0,0,0,0,0,0,6,36,,,,0.0,0.16,1.42,0.94,5.66,4,32,13
754,a,,,4.5,485,297.0,0,0.0,0,0.0,0.0,753,320.0,2,0,1.0,485.0,219.0,0,5,0.0,646.0,248.0,0.0,0.4,0.0,1185,5,778,2,0.0,0.0,0.04,0.01,0.05,0.61,0.14,0.04,0.18,2.2,0.0,736.0,304.0,1.7,463.0,223.0,2.0,451.0,221.0,0.3,500.0,229.0,,,,32,,George,Hemmings,George Hemmings,,,25,0,0,0,0,0,0,0,0,0,0,0,1,,,,0.0,0.0,0.0,0.0,3.6,0,0,1
757,a,,,4.0,708,61.0,0,0.0,0,0.0,0.0,704,83.0,0,0,0.0,611.0,82.0,0,0,0.0,458.0,71.0,0.0,0.0,0.0,1349,6,952,1,0.0,0.0,0.0,0.0,0.0,0.0,0.0,0.0,0.0,0.0,0.0,601.0,82.0,0.0,593.0,70.0,0.0,563.0,57.0,0.0,603.0,82.0,,,,32,,Ronnie,Hollingshead,Hollingshead,,,0,0,0,0,0,0,0,0,0,0,0,0,0,,,,0.0,0.0,0.0,0.0,0.0,0,0,0
768,a,,,4.0,741,213.0,0,0.0,0,0.0,0.0,696,245.0,0,0,0.0,639.0,249.0,0,0,0.0,490.0,205.0,0.0,0.0,0.0,732,3,670,3,0.0,0.0,0.0,0.0,0.0,0.0,0.0,0.0,0.0,0.0,0.0,629.0,249.0,0.0,621.0,249.0,0.0,593.0,247.0,0.0,631.0,249.0,,,,32,,Leon,Routh,Leon Routh,,,0,0,0,0,0,0,0,0,0,0,0,0,0,,,,0.0,0.0,0.0,0.0,0.0,0,0,0
781,a,,,4.0,734,206.0,0,0.0,0,0.0,0.0,707,249.0,0,0,0.0,634.0,244.0,0,0,0.0,483.0,198.0,0.0,0.0,0.0,820,7,539,2,0.0,0.0,0.0,0.0,0.0,0.0,0.0,0.0,0.0,0.0,0.0,624.0,244.0,0.0,616.0,244.0,0.0,587.0,241.0,0.0,626.0,244.0,,,,32,,TJ,Carroll,Carroll,,,0,0,0,0,0,0,0,0,0,0,0,0,0,,,,0.0,0.0,0.0,0.0,0.0,0,0,0
183,a,,,4.3,608,30.0,0,0.0,-2,2.0,0.1,448,67.0,0,0,0.0,657.0,91.0,0,0,0.0,530.0,83.0,0.0,0.0,0.0,8131,12,17720,13,-1.5,-0.5,0.0,0.0,0.0,0.0,0.0,0.0,0.0,0.0,0.0,647.0,91.0,0.0,643.0,83.0,0.0,620.0,72.0,0.0,649.0,91.0,,,,32,,Max,Weiß,Weiss,,,0,0,0,0,0,0,0,0,0,0,0,0,0,,,,0.0,0.0,0.0,0.0,0.0,0,0,0
184,u,0.0,0.0,4.0,693,56.0,0,0.0,0,0.0,0.2,407,58.0,0,0,0.0,602.0,78.0,0,0,0.0,447.0,67.0,0.0,0.0,0.0,4943,0,34264,6,0.0,0.0,0.0,0.0,0.0,0.0,0.0,0.0,0.0,0.0,0.0,591.0,78.0,0.0,582.0,65.0,0.0,552.0,52.0,0.0,593.0,78.0,,,,32,,Etienne,Green,Green,has joined FC Fredericia permanently.,,0,0,0,0,0,0,0,0,0,0,0,0,0,,,,0.0,0.0,0.0,0.0,0.0,0,0,0
185,a,,,3.9,742,66.0,0,0.0,-1,1.0,0.2,408,59.0,0,0,0.0,543.0,39.0,0,0,0.0,381.0,26.0,0.0,0.0,0.0,15396,5,21203,16,-1.5,-0.5,0.0,0.0,0.0,0.0,0.0,0.0,0.0,0.0,0.0,532.0,39.0,0.0,518.0,21.0,0.0,487.0,8.0,0.0,534.0,39.0,,,,32,,Václav,Hladký,Hladký,,,0,0,0,0,0,0,0,0,0,0,0,0,0,,,,0.0,0.0,0.0,0.0,0.0,0,0,0
186,i,0.0,0.0,4.3,583,127.0,0,0.0,-2,2.0,0.0,655,233.0,0,0,0.0,650.0,253.0,0,0,0.0,514.0,220.0,0.0,0.0,0.0,1746,0,9325,2,0.0,0.0,0.0,0.0,0.0,0.0,0.0,0.0,0.0,0.0,0.0,640.0,253.0,0.0,635.0,253.0,0.0,610.0,252.0,0.0,642.0,253.0,,,,32,,Connor,Roberts,Roberts,Achilles injury - Unknown return date,,0,0,0,0,0,0,0,0,0,0,0,0,0,,,,0.0,0.0,0.0,0.0,0.0,0,0,0
187,a,100.0,100.0,4.4,520,99.0,0,0.0,-1,1.0,1.1,184,71.0,63,1,2.1,321.0,118.0,3,203,2.7,117.0,48.0,0.6,14.3,0.0,156687,268,266780,99,3.9,2.2,0.12,1.01,1.13,56.33,0.0,0.04,0.04,1.98,432.0,123.0,54.0,186.5,188.0,49.0,22.0,385.0,135.0,64.3,214.0,74.0,,,,32,,Kyle,Walker,Walker,,,2555,0,2,4,54,0,0,0,8,0,0,29,235,,,,0.0,0.14,1.9,1.02,6.41,44,138,129
188,u,0.0,0.0,3.8,795,239.0,0,0.0,-2,2.0,0.2,373,137.0,0,0,0.0,530.0,189.0,0,0,0.0,361.0,129.0,0.0,0.0,0.0,26052,0,42470,27,0.0,0.0,0.0,0.0,0.0,0.0,0.0,0.0,0.0,0.0,0.0,519.0,188.0,0.0,503.0,187.0,0.0,471.0,181.0,0.0,521.0,188.0,,,,32,,Hannes,Delcroix,Delcroix,has joined Lugano permanently.,,0,0,0,0,0,0,0,0,0,0,0,0,0,,,,0.0,0.0,0.0,0.0,0.0,0,0,0
189,u,0.0,0.0,4.0,685,173.0,0,0.0,0,0.0,0.0,730,254.0,0,0,0.0,595.0,219.0,0,0,0.0,439.0,169.0,0.0,0.0,0.0,0,0,2386,1,0.0,0.0,0.0,0.0,0.0,0.0,0.0,0.0,0.0,0.0,0.0,584.0,218.0,0.0,575.0,218.0,0.0,545.0,214.0,0.0,586.0,218.0,,,,32,,Owen,Dodgson,Dodgson,Has joined Stockport County on loan for the rest of the season.,,0,0,0,0,0,0,0,0,0,0,0,0,0,,,,0.0,0.0,0.0,0.0,0.0,0,0,0
190,a,,,3.8,801,245.0,0,0.0,-2,2.0,0.7,217,82.0,45,1,2.8,213.0,84.0,2,136,0.3,307.0,105.0,0.1,11.8,0.0,249633,66,210675,111,-0.9,-0.2,0.21,0.25,0.46,24.64,0.01,0.02,0.03,1.75,295.6,207.0,80.0,44.0,361.0,128.0,78.0,288.0,84.0,41.8,303.0,102.0,,,,32,,Hjalmar,Ekdal,Ekdal,,,1269,0,0,2,26,0,0,0,0,0,0,14,154,,,,0.0,0.14,1.84,0.99,9.93,20,120,33
191,a,100.0,100.0,3.9,768,223.0,0,0.0,-1,1.0,7.5,55,17.0,71,2,2.4,280.0,105.0,0,234,3.7,62.0,26.0,0.9,18.2,0.0,793071,1203,2005122,697,5.9,3.2,0.67,0.58,1.25,57.96,0.02,0.02,0.04,2.09,603.2,47.0,21.0,90.5,291.0,90.0,90.0,272.0,79.0,78.5,159.0,54.0,,,,32,,Maxime,Estève,Estève,,,2492,0,0,3,59,2,0,0,1,0,0,29,300,,,,0.0,0.11,2.13,1.05,9.9,34,240,100
192,a,,,4.0,697,179.0,0,0.0,0,0.0,0.6,239,89.0,55,2,3.1,181.0,70.0,0,205,3.0,94.0,36.0,0.8,13.8,0.0,187440,173,184072,92,4.5,2.5,0.21,1.76,1.97,36.88,0.01,0.1,0.11,2.1,348.6,176.0,75.0,272.1,131.0,34.0,70.0,300.0,90.0,69.2,198.0,68.0,,,,32,,Quilindschy,Hartman,Hartman,,,1581,0,5,3,32,0,0,0,1,0,0,18,141,,,,0.0,0.17,1.82,1.02,6.89,36,85,60
193,a,100.0,100.0,3.9,764,221.0,0,0.0,-1,1.0,0.1,430,160.0,42,2,2.6,247.0,96.0,1,183,3.0,93.0,35.0,0.8,10.8,0.0,21829,41,16835,30,4.5,2.5,0.37,0.63,1.0,29.27,0.03,0.04,0.07,2.0,325.6,188.0,76.0,118.8,250.0,68.0,71.0,298.0,89.0,51.3,265.0,85.0,,,,32,,Bashir,Humphreys,Humphreys,,,1320,0,2,2,28,0,0,0,5,0,0,14,121,,,,0.0,0.14,1.91,0.95,8.25,26,95,56
194,i,0.0,0.0,3.9,760,218.0,0,0.0,-1,1.0,0.1,563,202.0,0,0,0.0,555.0,201.0,0,0,0.0,395.0,149.0,0.0,0.0,0.0,2124,4,15649,3,0.0,0.0,0.0,0.0,0.0,0.0,0.0,0.0,0.0,0.0,0.0,544.0,200.0,0.0,532.0,200.0,0.0,501.0,195.0,0.0,546.0,200.0,,,,32,,Jordan,Beyer,Jordan,Hamstring injury - Unknown return date,,0,0,0,0,0,0,0,0,0,0,0,0,0,,,,0.0,0.0,0.0,0.0,0.0,0,0,0
200,a,100.0,100.0,5.0,260,158.0,0,0.0,-5,5.0,2.0,137,46.0,107,2,3.5,126.0,55.0,6,426,2.3,136.0,52.0,0.5,21.4,0.0,1273748,1369,1115445,375,3.1,1.8,4.31,2.58,6.89,49.47,0.18,0.11,0.29,2.03,503.4,83.0,27.0,467.4,40.0,36.0,517.0,31.0,15.0,148.7,34.0,26.0,2.0,,,32,,Jaidon,Anthony,Anthony,,,2198,7,3,4,48,0,0,0,4,0,0,26,201,,,,0.0,0.16,1.97,1.06,8.23,36,44,121
201,u,0.0,0.0,5.4,160,99.0,0,0.0,-1,1.0,0.0,716,295.0,0,0,0.0,805.0,356.0,0,0,0.0,775.0,338.0,0.0,0.0,0.0,1070,0,3150,1,0.0,0.0,0.0,0.0,0.0,0.0,0.0,0.0,0.0,0.0,0.0,804.0,355.0,0.0,803.0,355.0,0.0,801.0,354.0,0.0,804.0,355.0,,,,32,,Manuel,Benson Hedilazio,Benson,has joined Maccabi Haifa permanently.,,0,0,0,0,0,0,0,0,0,0,0,0,0,,,,0.0,0.0,0.0,0.0,0.0,0,0,0
202,a,100.0,100.0,5.2,205,126.0,0,0.0,-3,3.0,0.0,624,241.0,37,1,1.5,412.0,181.0,0,109,0.3,335.0,156.0,0.1,7.1,0.0,6238,18,8861,6,-0.9,-0.2,1.35,1.06,2.41,22.76,0.12,0.1,0.22,2.08,114.8,359.0,161.0,192.0,183.0,121.0,132.0,224.0,123.0,43.9,291.0,145.0,,2.0,3.0,32,,Jacob,Bruun Larsen,Bruun Larsen,,,984,0,1,3,27,0,0,0,0,0,0,10,62,,,,0.0,0.27,2.47,0.91,5.67,12,20,30
204,u,0.0,0.0,4.9,318,198.0,0,0.0,-1,1.0,0.0,727,302.0,0,0,0.0,778.0,336.0,0,0,0.0,716.0,296.0,0.0,0.0,0.0,160,0,2085,0,0.0,0.0,0.0,0.0,0.0,0.0,0.0,0.0,0.0,0.0,0.0,777.0,335.0,0.0,773.0,335.0,0.0,769.0,333.0,0.0,777.0,335.0,,,,32,,Darko,Churlinov,Churlinov,has joined Kocaelispor  permanently.,,0,0,0,0,0,0,0,0,0,0,0,0,0,,,,0.0,0.0,0.0,0.0,0.0,0,0,0
211,u,0.0,0.0,4.4,542,324.0,0,0.0,-1,1.0,1.4,164,56.0,0,0,0.0,674.0,258.0,0,0,0.0,557.0,184.0,0.0,0.0,0.0,62789,0,932329,38,0.0,0.0,0.0,0.0,0.0,0.0,0.0,0.0,0.0,0.0,0.0,664.0,248.0,0.0,661.0,253.0,0.0,639.0,242.0,0.0,666.0,250.0,,,,32,,Aaron,Ramsey,A.Ramsey,has joined Leicester City on loan for the rest of the season.,,0,0,0,0,0,0,0,0,0,0,0,0,0,,,,0.0,0.0,0.0,0.0,0.0,0,0,0
212,u,0.0,0.0,4.5,481,294.0,0,0.0,0,0.0,0.0,770,329.0,0,0,0.0,737.0,306.0,0,0,0.0,642.0,245.0,0.0,0.0,0.0,0,0,2766,0,0.0,0.0,0.0,0.0,0.0,0.0,0.0,0.0,0.0,0.0,0.0,734.0,303.0,0.0,728.0,304.0,0.0,714.0,299.0,0.0,735.0,304.0,,,,32,,Oluwaseun,Adewumi,Adewumi,Has joined Cercle Brugge on loan for the rest of the season.,,0,0,0,0,0,0,0,0,0,0,0,0,0,,,,0.0,0.0,0.0,0.0,0.0,0,0,0
213,u,0.0,0.0,4.5,466,284.0,0,0.0,0,0.0,0.0,623,240.0,1,0,1.0,479.0,214.0,0,2,0.0,628.0,235.0,0.0,0.2,0.0,7482,0,9167,3,0.0,0.0,0.0,0.0,0.0,0.05,0.0,0.0,0.0,0.5,0.0,722.0,294.0,0.5,478.0,230.0,0.0,701.0,289.0,0.0,723.0,295.0,,,,32,,Jaydon,Banel,Banel,has joined Derby County on loan for the rest of the season.,,9,0,0,0,0,0,0,0,0,0,0,0,0,,,,0.0,0.0,0.0,0.0,0.0,0,0,0
214,a,100.0,75.0,4.3,591,348.0,0,0.0,-2,2.0,0.1,565,209.0,5,1,1.0,462.0,201.0,0,16,0.3,317.0,142.0,0.1,1.2,0.0,12590,12,16342,13,-0.9,-0.2,0.0,0.0,0.0,0.58,0.0,0.0,0.0,1.54,7.2,472.0,213.0,15.2,408.0,204.0,2.0,446.0,219.0,2.4,468.0,212.0,,,,32,,Mike,Trésor Ndayishimiye,Trésor,,,34,0,0,0,2,0,0,0,0,0,0,0,4,,,,0.0,0.0,5.29,0.0,10.59,1,0,3
215,a,100.0,100.0,5.3,190,44.0,0,0.0,-2,2.0,0.4,287,44.0,73,2,3.2,178.0,18.0,7,274,3.7,71.0,9.0,0.7,13.8,0.0,183827,343,163812,218,5.9,3.2,6.41,0.3,6.71,27.77,0.45,0.02,0.47,1.96,352.4,174.0,16.0,129.0,240.0,26.0,443.0,41.0,18.0,91.6,124.0,19.0,,5.0,1.0,32,,Zian,Flemming,Flemming,,,1272,8,0,3,24,0,0,0,3,0,0,15,70,,,,0.0,0.21,1.7,1.06,4.95,10,35,25
216,d,25.0,25.0,4.8,367,63.0,0,0.0,-2,2.0,0.0,672,86.0,0,0,0.0,770.0,84.0,0,0,0.0,695.0,71.0,0.0,0.0,0.0,2437,3,6529,6,-0.4,-0.1,0.0,0.0,0.0,0.0,0.0,0.0,0.0,0.0,0.0,769.0,84.0,0.0,764.0,83.0,0.0,759.0,83.0,0.0,769.0,84.0,,,,32,,Zeki,Amdouni,Amdouni,Lack of match fitness - 25% chance of playing,,0,0,0,0,0,0,0,0,0,0,0,0,0,,,,0.0,0.0,0.0,0.0,0.0,0,0,0
217,a,100.0,100.0,4.9,322,60.0,0,0.0,-1,1.0,0.8,214,31.0,55,0,2.4,286.0,30.0,4,195,2.3,132.0,18.0,0.5,11.2,0.0,455337,88,448386,99,3.1,1.8,3.05,0.35,3.4,25.98,0.21,0.02,0.23,1.8,213.2,269.0,27.0,145.2,224.0,23.0,218.0,128.0,31.0,57.0,242.0,29.0,,,,32,,Lyle,Foster,Foster,,,1296,3,2,4,27,0,0,0,4,0,0,15,77,,,,0.0,0.28,1.88,1.04,5.35,14,26,37
218,a,,,4.2,626,88.0,0,0.0,-3,3.0,1.3,169,25.0,5,0,1.0,460.0,56.0,0,10,0.3,314.0,42.0,0.1,1.2,0.0,232665,157,356605,468,-0.9,-0.2,0.11,0.0,0.11,2.07,0.28,0.0,0.28,5.32,0.2,507.0,62.0,0.6,474.0,60.0,9.0,418.0,57.0,1.0,485.0,58.0,,,2.0,32,,Ashley,Barnes,Barnes,,,35,0,0,0,3,0,0,0,1,0,0,0,2,,,,0.0,0.0,7.71,0.0,5.14,0,0,2
219,u,0.0,0.0,4.4,530,75.0,0,0.0,-1,1.0,0.1,475,67.0,0,0,0.0,671.0,68.0,0,0,0.0,552.0,54.0,0.0,0.0,0.0,4151,0,40685,4,0.0,0.0,0.0,0.0,0.0,0.0,0.0,0.0,0.0,0.0,0.0,661.0,68.0,0.0,658.0,67.0,0.0,636.0,67.0,0.0,663.0,68.0,,,,32,,Michael,Obafemi,Obafemi,has joined Blackpool on loan for the rest of the season.,,0,0,0,0,0,0,0,0,0,0,0,0,0,,,,0.0,0.0,0.0,0.0,0.0,0,0,0
470,a,100.0,100.0,4.0,663,40.0,0,0.0,0,0.0,29.7,11,2.0,90,2,2.8,216.0,24.0,7,400,3.3,80.0,10.0,0.8,22.5,0.0,1760879,965,1805690,5940,5.1,2.8,0.0,0.04,0.04,64.87,0.0,0.0,0.0,2.03,877.0,6.0,1.0,0.0,556.0,49.0,0.0,526.0,36.0,87.9,135.0,1.0,,,,32,,Martin,Dúbravka,Dúbravka,,,2880,0,0,4,63,0,0,0,1,0,114,32,96,,,,3.56,0.12,1.97,1.0,0.0,1,55,260
614,a,100.0,100.0,5.6,121,76.0,0,0.0,-4,4.0,0.2,381,127.0,29,4,2.4,289.0,125.0,0,183,3.3,89.0,32.0,0.6,5.2,0.0,20955,235,48923,28,5.1,2.8,0.13,1.56,1.69,16.68,0.01,0.17,0.18,1.84,161.4,312.0,140.0,329.4,93.0,68.0,6.0,432.0,210.0,49.6,272.0,140.0,1.0,1.0,,32,,James,Ward-Prowse,Ward-Prowse,,,818,0,1,2,19,0,0,0,1,0,0,9,73,,,,0.0,0.22,2.09,0.99,8.03,10,31,32
676,a,100.0,100.0,5.0,273,167.0,0,0.0,0,0.0,0.1,463,159.0,86,2,2.8,225.0,87.0,5,319,1.7,171.0,71.0,0.3,17.2,0.0,43462,49,39733,20,1.9,1.2,2.3,0.29,2.59,47.65,0.1,0.01,0.11,2.11,368.8,161.0,61.0,149.3,218.0,143.0,194.0,152.0,86.0,71.0,192.0,94.0,,,,32,,Lesley,Ugochukwu,Ugochukwu,,,2033,3,2,3,45,0,0,0,1,1,0,23,188,,,,0.0,0.13,1.99,1.02,8.32,46,54,88
680,a,100.0,100.0,5.2,210,49.0,0,0.0,-3,3.0,0.2,416,61.0,40,1,1.9,358.0,39.0,2,109,0.7,264.0,31.0,0.1,7.7,0.0,47928,14,60491,25,-0.1,0.2,2.14,0.13,2.27,21.82,0.24,0.01,0.25,2.41,97.4,372.0,38.0,63.0,329.0,39.0,205.0,142.0,34.0,36.2,317.0,38.0,,,,32,,Armando,Broja,Broja,,,815,1,1,1,26,0,0,0,0,0,0,8,42,,,,0.0,0.11,2.87,0.88,4.64,6,11,25
722,a,,,5.0,251,152.0,0,0.0,0,0.0,0.0,614,236.0,67,1,2.7,240.0,97.0,0,286,0.3,332.0,154.0,0.1,13.4,0.0,14949,4,13414,13,-0.9,-0.2,0.58,0.44,1.02,39.06,0.03,0.02,0.05,2.03,343.4,180.0,69.0,190.0,184.0,122.0,45.0,338.0,176.0,58.0,235.0,116.0,,,,32,,Florentino Ibrain,Morris Luís,Florentino,,,1732,0,2,2,38,0,0,0,5,0,0,21,253,,,,0.0,0.1,1.97,1.09,13.15,74,90,89
776,a,,,4.5,511,317.0,0,0.0,0,0.0,0.0,788,343.0,0,0,0.0,759.0,322.0,0,0,0.0,670.0,266.0,0.0,0.0,0.0,861,2,584,1,-1.5,-0.5,0.0,0.0,0.0,0.0,0.0,0.0,0.0,0.0,0.0,758.0,321.0,0.0,751.0,321.0,0.0,738.0,317.0,0.0,758.0,321.0,,,,32,,Oliver,Pimlott,Pimlott,,,0,0,0,0,0,0,0,0,0,0,0,0,0,,,,0.0,0.0,0.0,0.0,0.0,0,0,0
784,a,,,4.5,518,323.0,0,0.0,0,0.0,0.0,800,354.0,0,0,0.0,764.0,327.0,0,0,0.0,676.0,272.0,0.0,0.0,0.0,500,4,369,0,-1.5,-0.5,0.0,0.0,0.0,0.0,0.0,0.0,0.0,0.0,0.0,763.0,326.0,0.0,756.0,326.0,0.0,744.0,323.0,0.0,763.0,326.0,,,,32,,George,Brierley,Brierley,,,0,0,0,0,0,0,0,0,0,0,0,0,0,,,,0.0,0.0,0.0,0.0,0.0,0,0,0
820,a,,,4.5,510,316.0,0,0.0,0,0.0,0.0,812,360.0,0,0,0.0,758.0,321.0,0,0,0.0,669.0,265.0,0.0,0.0,0.0,145,6,48,2,-1.5,-0.5,0.0,0.0,0.0,0.0,0.0,0.0,0.0,0.0,0.0,757.0,320.0,0.0,750.0,320.0,0.0,737.0,316.0,0.0,757.0,320.0,,,,32,,Kian,McMahon-Brown,McMahon-Brown,,,0,0,0,0,0,0,0,0,0,0,0,0,0,,,,0.0,0.0,0.0,0.0,0.0,0,0,0
66,u,0.0,0.0,4.5,410,22.0,0,0.0,0,0.0,0.1,576,78.0,0,0,0.0,693.0,93.0,0,0,0.0,585.0,87.0,0.0,0.0,0.0,0,0,16592,5,0.0,0.0,0.0,0.0,0.0,0.0,0.0,0.0,0.0,0.0,0.0,687.0,93.0,0.0,682.0,86.0,0.0,663.0,76.0,0.0,689.0,93.0,,,,32,,Norberto,Murara Neto,Neto,Has joined Botafogo permanently.,,0,0,0,0,0,0,0,0,0,0,0,0,0,,,,0.0,0.0,0.0,0.0,0.0,0,0,0
67,a,,,4.6,402,20.0,0,0.0,1,-1.0,5.4,71,11.0,104,2,3.2,168.0,19.0,5,427,3.3,84.0,11.0,0.7,22.6,0.0,1080562,6893,816609,764,6.6,2.3,0.0,0.0,0.0,48.77,0.0,0.0,0.0,1.52,718.2,20.0,5.0,0.0,757.0,88.0,0.0,746.0,80.0,72.0,187.0,8.0,,,,32,,Đorđe,Petrović,Petrović,,,2880,0,0,9,49,1,0,0,2,0,96,32,98,,,,3.0,0.28,1.53,1.0,0.0,0,60,243
68,u,0.0,0.0,4.0,682,50.0,0,0.0,0,0.0,0.7,220,28.0,0,0,0.0,593.0,72.0,0,0,0.0,437.0,61.0,0.0,0.0,0.0,47217,0,89130,53,0.0,0.0,0.0,0.0,0.0,0.0,0.0,0.0,0.0,0.0,0.0,582.0,72.0,0.0,573.0,59.0,0.0,543.0,46.0,0.0,584.0,72.0,,,,32,,Will,Dennis,Dennis,has joined Leyton Orient on loan for the rest of the season.,,0,0,0,0,0,0,0,0,0,0,0,0,0,,,,0.0,0.0,0.0,0.0,0.0,0,0,0
69,a,,,3.9,782,91.0,0,0.0,-1,1.0,0.2,351,49.0,0,0,0.0,573.0,62.0,0,0,0.0,414.0,49.0,0.0,0.0,0.0,23201,10,20377,58,0.0,-1.0,0.0,0.0,0.0,0.0,0.0,0.0,0.0,0.0,0.0,562.0,62.0,0.0,550.0,46.0,0.0,519.0,33.0,0.0,564.0,62.0,,,,32,,Callan,McKenna,McKenna,,,0,0,0,0,0,0,0,0,0,0,0,0,0,,,,0.0,0.0,0.0,0.0,0.0,0,0,0
70,u,0.0,0.0,4.0,698,57.0,0,0.0,0,0.0,0.1,577,79.0,0,0,0.0,606.0,79.0,0,0,0.0,451.0,68.0,0.0,0.0,0.0,1107,0,10533,0,0.0,0.0,0.0,0.0,0.0,0.0,0.0,0.0,0.0,0.0,0.0,595.0,79.0,0.0,586.0,66.0,0.0,556.0,53.0,0.0,597.0,79.0,,,,32,,Alex,Paulsen,Paulsen,Has joined Lechia Gdansk on loan for the rest of the season.,,0,0,0,0,0,0,0,0,0,0,0,0,0,,,,0.0,0.0,0.0,0.0,0.0,0,0,0
71,u,0.0,0.0,5.0,264,41.0,0,0.0,0,0.0,0.0,673,236.0,0,0,0.0,794.0,265.0,0,0,0.0,740.0,257.0,0.0,0.0,0.0,0,0,8218,0,0.0,0.0,0.0,0.0,0.0,0.0,0.0,0.0,0.0,0.0,0.0,793.0,265.0,0.0,791.0,265.0,0.0,786.0,265.0,0.0,793.0,265.0,,,,32,,Illia,Zabarnyi,Zabarnyi,Has joined Paris Saint-Germain permanently.,,0,0,0,0,0,0,0,0,0,0,0,0,0,,,,0.0,0.0,0.0,0.0,0.0,0,0,0
72,a,100.0,100.0,5.1,228,31.0,0,0.0,6,-6.0,21.4,16,5.0,139,2,4.5,31.0,12.0,11,451,4.3,48.0,21.0,0.8,27.3,0.0,5600417,26262,3208309,1642,8.6,3.3,1.4,4.11,5.51,46.82,0.05,0.13,0.18,1.53,939.2,4.0,2.0,310.3,105.0,25.0,179.0,171.0,38.0,143.1,37.0,2.0,,,,32,,Marcos,Senesi Barón,Senesi,,,2748,0,4,9,48,0,0,0,8,0,0,31,407,,,,0.0,0.29,1.57,1.02,11.92,54,310,127
76,a,,,3.8,806,249.0,0,0.0,-2,2.0,0.2,388,146.0,0,0,0.0,536.0,195.0,0,0,0.0,371.0,138.0,0.0,0.0,0.0,16001,16,20372,30,0.0,-1.0,0.0,0.0,0.0,0.0,0.0,0.0,0.0,0.0,0.0,525.0,194.0,0.0,510.0,193.0,0.0,478.0,187.0,0.0,527.0,194.0,,,,32,,Owen,Bevan,Bevan,,,0,0,0,0,0,0,0,0,0,0,0,0,0,,,,0.0,0.0,0.0,0.0,0.0,0,0,0
77,a,,,4.2,638,147.0,0,0.0,2,-2.0,8.6,40,14.0,85,3,3.7,86.0,32.0,2,294,3.3,82.0,33.0,0.8,20.2,0.0,1283269,4498,265675,1052,6.6,2.3,0.67,1.06,1.72,25.47,0.04,0.06,0.1,1.47,453.4,112.0,49.0,117.1,252.0,70.0,87.0,275.0,81.0,66.0,206.0,71.0,,,,32,,James,Hill,Hill,,,1562,0,3,6,19,1,0,0,3,0,0,16,206,,,,0.0,0.35,1.09,0.92,11.35,30,167,54
78,u,0.0,0.0,3.8,797,241.0,0,0.0,-2,2.0,0.5,263,98.0,0,0,0.0,531.0,190.0,0,0,0.0,363.0,131.0,0.0,0.0,0.0,47440,0,134430,57,0.0,0.0,0.0,0.0,0.0,0.0,0.0,0.0,0.0,0.0,0.0,520.0,189.0,0.0,504.0,188.0,0.0,472.0,182.0,0.0,522.0,189.0,,,,32,,Julián,Araujo Zúñiga,J.Araujo,has joined Celtic on loan for the rest of the season.,,0,0,0,0,0,0,0,0,0,0,0,0,0,,,,0.0,0.0,0.0,0.0,0.0,0,0,0
79,u,0.0,0.0,4.0,675,168.0,0,0.0,0,0.0,0.1,547,196.0,0,0,0.0,586.0,215.0,0,0,0.0,430.0,165.0,0.0,0.0,0.0,1400,0,16783,2,0.0,0.0,0.0,0.0,0.0,0.0,0.0,0.0,0.0,0.0,0.0,575.0,214.0,0.0,566.0,214.0,0.0,536.0,210.0,0.0,577.0,214.0,,,,32,,Chris,Mepham,Mepham,has joined West Bromwich Albion permanently.,,0,0,0,0,0,0,0,0,0,0,0,0,0,,,,0.0,0.0,0.0,0.0,0.0,0,0,0
80,a,100.0,100.0,3.9,784,230.0,0,0.0,-1,1.0,0.2,383,143.0,3,0,1.0,453.0,164.0,0,2,0.0,416.0,158.0,0.0,0.8,0.0,17552,24,34104,15,0.0,-1.0,0.0,0.0,0.0,1.62,0.0,0.0,0.0,4.29,1.8,494.0,176.0,2.5,456.0,165.0,2.0,442.0,165.0,0.6,491.0,172.0,,,,32,,Julio,Soler Barreto,Soler,,,34,0,0,0,2,0,0,0,0,0,0,0,1,,,,0.0,0.0,5.29,0.0,2.65,1,0,4
81,i,0.0,0.0,6.9,39,24.0,0,0.0,-1,1.0,0.6,242,86.0,40,0,2.2,318.0,140.0,3,147,0.0,818.0,366.0,0.0,5.8,0.0,190540,10,252346,37,0.0,0.0,2.24,1.54,3.78,16.78,0.22,0.15,0.37,1.65,146.6,325.0,145.0,304.1,109.0,79.0,128.0,229.0,127.0,57.8,238.0,117.0,,3.0,1.0,32,,Justin,Kluivert,Kluivert,Knee injury - Expected back 09 May,,914,2,0,4,18,0,0,0,4,0,0,10,62,,,,0.0,0.39,1.77,0.98,6.11,10,8,44
84,a,100.0,100.0,5.4,163,102.0,0,0.0,-1,1.0,4.5,85,27.0,111,2,4.0,61.0,27.0,10,427,2.3,138.0,54.0,0.4,20.6,0.0,1337765,16512,870347,542,4.6,1.3,7.22,3.23,10.45,34.93,0.29,0.13,0.42,1.42,508.0,78.0,24.0,583.2,23.0,22.0,453.0,39.0,22.0,154.5,27.0,22.0,2.0,2.0,4.0,32,,Marcus,Tavernier,Tavernier,,,2212,5,4,9,40,0,0,0,4,0,0,25,208,,,,0.0,0.37,1.63,1.02,8.46,34,53,121
85,a,100.0,100.0,4.9,300,187.0,0,0.0,-1,1.0,0.3,340,117.0,61,1,3.2,171.0,69.0,3,284,0.3,329.0,151.0,0.1,12.4,0.0,80901,67,95038,18,0.6,-0.7,0.61,0.37,0.98,21.3,0.04,0.02,0.06,1.34,308.6,201.0,83.0,95.2,282.0,166.0,110.0,245.0,136.0,51.7,262.0,134.0,,,,32,,Tyler,Adams,Adams,,,1432,2,1,6,24,0,0,0,7,0,0,18,185,,,,0.0,0.38,1.51,1.13,11.63,41,67,77
86,a,100.0,100.0,5.0,246,149.0,0,0.0,0,0.0,0.2,393,132.0,49,1,1.9,354.0,153.0,4,192,1.0,221.0,96.0,0.2,9.8,0.0,73752,59,79503,34,2.0,0.0,4.93,3.17,8.1,17.4,0.42,0.27,0.69,1.48,208.0,271.0,111.0,339.1,87.0,65.0,402.0,50.0,29.0,93.5,113.0,64.0,5.0,4.0,,32,,David,Brooks,Brooks,,,1061,1,2,4,18,0,0,0,7,0,0,12,85,,,,0.0,0.34,1.53,1.02,7.21,16,18,51
87,a,100.0,100.0,4.9,292,181.0,0,0.0,-1,1.0,0.2,391,130.0,44,2,2.0,340.0,147.0,2,183,5.3,24.0,8.0,1.1,9.0,0.0,26432,2483,18708,94,10.6,4.3,1.62,0.58,2.2,17.07,0.19,0.07,0.26,1.97,196.4,279.0,117.0,154.6,210.0,136.0,163.0,184.0,102.0,51.8,261.0,133.0,6.0,,,32,,Ryan,Christie,Christie,,,780,2,1,2,13,0,0,0,2,0,0,6,96,,,,0.0,0.23,1.5,0.69,11.08,22,28,46
88,i,0.0,0.0,4.9,291,180.0,0,0.0,-1,1.0,0.0,625,242.0,38,0,2.4,285.0,122.0,0,184,0.0,701.0,286.0,0.0,7.8,0.0,11776,2,10972,24,0.0,0.0,0.07,0.52,0.59,13.49,0.01,0.05,0.06,1.4,206.0,272.0,112.0,183.3,191.0,125.0,12.0,405.0,199.0,40.4,305.0,151.0,4.0,,,32,,Lewis,Cook,Cook,Hamstring injury - Unknown return date,,870,0,1,1,18,0,0,0,1,1,0,8,143,,,,0.0,0.1,1.86,0.83,14.79,25,56,62
89,u,0.0,0.0,4.9,294,183.0,0,0.0,-1,1.0,0.0,678,272.0,0,0,0.0,773.0,332.0,0,0,0.0,703.0,288.0,0.0,0.0,0.0,598,0,6639,0,0.0,0.0,0.0,0.0,0.0,0.0,0.0,0.0,0.0,0.0,0.0,772.0,331.0,0.0,768.0,331.0,0.0,764.0,329.0,0.0,772.0,331.0,,,,32,,Philip,Billing,Philip,has joined Midtjylland permanently.,,0,0,0,0,0,0,0,0,0,0,0,0,0,,,,0.0,0.0,0.0,0.0,0.0,0,0,0
90,a,100.0,100.0,5.0,272,166.0,0,0.0,0,0.0,1.4,168,58.0,120,12,3.8,80.0,34.0,9,513,6.3,12.0,4.0,1.3,24.0,0.0,290283,12388,142972,290,12.6,5.3,3.73,1.78,5.51,41.14,0.14,0.07,0.21,1.54,523.0,76.0,23.0,364.8,74.0,57.0,293.0,92.0,57.0,117.7,72.0,46.0,3.0,6.0,,32,,Alex,Scott,Scott,,,2398,3,2,9,37,0,0,0,3,0,0,29,321,,,,0.0,0.34,1.39,1.09,12.05,50,115,156
91,u,0.0,0.0,5.0,253,153.0,0,0.0,0,0.0,0.0,745,314.0,0,0,0.0,790.0,345.0,0,0,0.0,735.0,308.0,0.0,0.0,0.0,396,0,3902,0,0.0,0.0,0.0,0.0,0.0,0.0,0.0,0.0,0.0,0.0,0.0,789.0,344.0,0.0,787.0,344.0,0.0,782.0,342.0,0.0,789.0,344.0,,,,32,,Luis,Sinisterra Lucumí,Sinisterra,has joined Cruzeiro on loan for the rest of the season.,,0,0,0,0,0,0,0,0,0,0,0,0,0,,,,0.0,0.0,0.0,0.0,0.0,0,0,0
92,u,0.0,0.0,4.5,433,258.0,0,0.0,0,0.0,0.1,561,206.0,0,0,0.0,704.0,277.0,0,0,0.0,602.0,212.0,0.0,0.0,0.0,4403,0,19767,3,0.0,0.0,0.0,0.0,0.0,0.0,0.0,0.0,0.0,0.0,0.0,698.0,271.0,0.0,694.0,274.0,0.0,677.0,267.0,0.0,700.0,273.0,,,,32,,Romain,Faivre,Faivre,has joined Auxerre permanently.,,0,0,0,0,0,0,0,0,0,0,0,0,0,,,,0.0,0.0,0.0,0.0,0.0,0,0,0
93,u,0.0,0.0,4.5,428,255.0,0,0.0,0,0.0,0.3,339,116.0,4,0,4.0,58.0,25.0,0,12,0.0,597.0,209.0,0.0,0.9,0.0,114900,0,165702,6,0.0,0.0,0.0,0.0,0.0,0.4,0.0,0.0,0.0,2.25,21.2,450.0,198.0,10.0,429.0,212.0,0.0,673.0,264.0,3.1,464.0,209.0,,,,32,,Hamed,Traorè,H.Traorè,has joined Marseille on loan for the rest of the season.,,16,0,1,0,2,0,0,0,0,0,0,0,4,,,,0.0,0.0,11.25,0.0,22.5,1,1,2
94,u,0.0,0.0,4.5,465,283.0,0,0.0,0,0.0,0.0,647,253.0,0,0,0.0,726.0,298.0,0,0,0.0,627.0,234.0,0.0,0.0,0.0,3895,0,8234,0,0.0,0.0,0.0,0.0,0.0,0.0,0.0,0.0,0.0,0.0,0.0,721.0,293.0,0.0,716.0,295.0,0.0,700.0,288.0,0.0,722.0,294.0,,,,32,,Dominic,Sadi,Sadi,has joined Novi Pazar on loan for the rest of the season.,,0,0,0,0,0,0,0,0,0,0,0,0,0,,,,0.0,0.0,0.0,0.0,0.0,0,0,0
95,u,0.0,0.0,4.4,554,333.0,0,0.0,-1,1.0,0.1,584,218.0,0,0,0.0,680.0,264.0,0,0,0.0,565.0,192.0,0.0,0.0,0.0,15405,0,21598,3,0.0,0.0,0.0,0.0,0.0,0.0,0.0,0.0,0.0,0.0,0.0,671.0,255.0,0.0,668.0,260.0,0.0,647.0,250.0,0.0,673.0,257.0,,,,32,,Zain,Silcott-Duberry,Silcott-Duberry,has joined Olympiakos permanently.,,0,0,0,0,0,0,0,0,0,0,0,0,0,,,,0.0,0.0,0.0,0.0,0.0,0,0,0
96,u,0.0,0.0,4.5,497,307.0,0,0.0,0,0.0,0.0,646,252.0,1,0,1.0,486.0,220.0,0,3,0.0,658.0,258.0,0.0,0.2,0.0,2964,0,10033,1,0.0,0.0,0.0,0.0,0.0,0.31,0.0,0.0,0.0,4.65,0.0,747.0,313.0,0.0,740.0,313.0,0.0,727.0,309.0,0.0,747.0,313.0,,,,32,,Ben,Winterburn,Winterburn,has joined Barnet on loan for the rest of the season.,,6,0,0,0,2,0,0,0,0,0,0,0,0,,,,0.0,0.0,30.0,0.0,0.0,0,0,0
97,a,100.0,100.0,6.7,46,16.0,-1,1.0,-3,3.0,2.2,132,20.0,99,5,3.3,165.0,16.0,6,356,4.0,61.0,8.0,0.6,14.8,0.0,1151768,6864,1162562,490,8.0,3.0,8.33,1.17,9.5,34.06,0.33,0.05,0.38,1.34,324.6,191.0,18.0,331.4,91.0,3.0,726.0,11.0,7.0,137.9,42.0,10.0,,,,32,,Francisco Evanilson,de Lima Barbosa,Evanilson,,,2282,6,5,9,36,0,0,0,1,0,0,26,104,,,,0.0,0.35,1.42,1.03,4.1,7,31,66
98,a,100.0,100.0,5.4,158,39.0,0,0.0,-1,1.0,0.0,592,80.0,22,1,1.2,442.0,53.0,1,57,0.7,266.0,33.0,0.1,4.1,0.0,14538,26,11851,24,1.4,-0.3,1.85,0.06,1.91,3.59,0.96,0.03,0.99,1.86,46.6,418.0,49.0,13.0,416.0,54.0,86.0,282.0,48.0,13.7,406.0,52.0,,1.0,,32,,Enes,Ünal,Enes Ünal,,,174,1,0,0,2,0,0,0,1,0,0,0,12,,,,0.0,0.0,1.03,0.0,6.21,1,7,4
99,u,0.0,0.0,4.4,569,82.0,0,0.0,-1,1.0,0.1,438,63.0,0,0,0.0,690.0,75.0,0,0,0.0,579.0,61.0,0.0,0.0,0.0,22144,0,44500,8,0.0,0.0,0.0,0.0,0.0,0.0,0.0,0.0,0.0,0.0,0.0,683.0,75.0,0.0,679.0,74.0,0.0,659.0,74.0,0.0,685.0,75.0,,,,32,,Daniel,Adu-Adjei,Adu-Adjei,has joined HNK Rijeka permanently.,,0,0,0,0,0,0,0,0,0,0,0,0,0,,,,0.0,0.0,0.0,0.0,0.0,0,0,0
100,a,100.0,100.0,4.6,407,65.0,-1,1.0,1,-1.0,5.4,70,14.0,86,7,3.2,169.0,17.0,9,377,4.7,34.0,6.0,1.0,18.7,0.0,1886948,7389,1364873,1614,9.4,3.7,6.51,0.99,7.5,21.62,0.48,0.07,0.55,1.58,414.4,132.0,12.0,254.9,139.0,9.0,430.0,47.0,19.0,109.9,82.0,15.0,,,2.0,32,,Junior,Kroupi,Kroupi.Jr,,,1232,10,0,6,19,0,0,0,4,0,0,15,92,,,,0.0,0.44,1.39,1.1,6.72,8,35,49
391,a,100.0,100.0,4.8,368,230.0,0,0.0,-2,2.0,0.0,640,250.0,8,0,1.6,402.0,173.0,0,21,0.3,328.0,150.0,0.1,1.7,0.0,4731,9,8125,1,0.6,-0.7,0.09,0.1,0.19,2.68,0.14,0.16,0.3,4.31,21.2,451.0,199.0,14.5,411.0,205.0,15.0,396.0,197.0,5.0,453.0,204.0,,,,32,,Ben,Gannon-Doak,Gannon-Doak,,,56,0,1,0,1,0,0,0,0,0,0,0,4,,,,0.0,0.0,1.61,0.0,6.43,2,1,1
685,a,100.0,100.0,4.1,654,157.0,0,0.0,-4,4.0,0.3,337,123.0,46,0,2.6,248.0,97.0,2,164,0.0,492.0,207.0,0.0,11.2,0.0,98937,40,97672,34,0.0,-1.0,0.02,0.19,0.21,22.47,0.0,0.01,0.01,1.59,267.0,229.0,91.0,54.3,341.0,118.0,22.0,383.0,133.0,34.4,330.0,110.0,,,,32,,Bafodé,Diakité,Diakité,,,1275,0,0,4,27,0,0,0,1,0,0,15,147,,,,0.0,0.28,1.91,1.06,8.26,20,97,48
687,a,,,4.3,621,365.0,0,0.0,-2,2.0,0.2,389,129.0,0,0,0.0,665.0,254.0,0,0,0.0,541.0,180.0,0.0,0.0,0.0,26339,40,21384,44,0.0,-1.0,0.0,0.0,0.0,0.0,0.0,0.0,0.0,0.0,0.0,655.0,244.0,0.0,651.0,249.0,0.0,628.0,238.0,0.0,657.0,246.0,,,,32,,Remy,Rees-Dottin,Rees-Dottin,,,0,0,0,0,0,0,0,0,0,0,0,0,0,,,,0.0,0.0,0.0,0.0,0.0,0,0,0
697,a,,,5.4,173,108.0,0,0.0,-1,1.0,0.4,295,103.0,63,0,2.3,300.0,130.0,4,234,1.0,231.0,100.0,0.2,11.7,0.0,119064,79,79946,425,2.0,0.0,2.55,1.59,4.14,16.45,0.22,0.14,0.36,1.45,264.8,230.0,97.0,222.9,160.0,107.0,251.0,106.0,66.0,73.3,179.0,90.0,,,,32,,Amine,Adli,Adli,,,1024,3,2,3,16,0,0,0,2,0,0,10,118,,,,0.0,0.26,1.41,0.88,10.37,34,25,59
713,a,,,4.5,467,94.0,0,0.0,0,0.0,0.3,347,127.0,66,2,2.4,282.0,107.0,2,257,1.0,215.0,77.0,0.2,14.7,0.0,61571,322,33594,86,2.0,0.0,1.07,1.55,2.62,37.88,0.05,0.07,0.12,1.67,356.4,167.0,70.0,231.6,156.0,40.0,170.0,178.0,41.0,75.8,169.0,57.0,,,,32,,Álex,Jiménez Sánchez,A.Jimenez,,,2045,1,2,5,36,0,0,0,9,0,0,23,144,,,,0.0,0.22,1.58,1.01,5.68,56,73,118
721,a,100.0,100.0,4.4,571,120.0,0,0.0,-1,1.0,0.0,651,232.0,19,0,2.7,237.0,94.0,0,63,0.0,581.0,234.0,0.0,4.3,0.0,6465,8,6020,2,0.0,-1.0,0.15,0.19,0.34,4.42,0.04,0.05,0.09,1.08,98.4,371.0,143.0,13.9,413.0,150.0,10.0,412.0,152.0,12.2,417.0,148.0,,,,32,,Veljko,Milosavljevic,Milosavljević,,,367,0,0,1,6,0,0,0,0,0,0,4,42,,,,0.0,0.25,1.47,0.98,9.56,5,34,13
27,a,100.0,100.0,4.8,352,222.0,0,0.0,-2,2.0,0.1,499,179.0,8,1,1.0,489.0,223.0,0,23,0.7,253.0,114.0,0.1,1.7,0.0,10609,6,18516,6,0.7,0.7,0.72,0.09,0.81,1.98,0.65,0.08,0.73,1.78,22.0,447.0,197.0,17.8,404.0,203.0,25.0,376.0,190.0,6.0,443.0,198.0,,,,32,,Reiss,Nelson,Nelson,,,100,0,0,0,2,0,0,0,0,0,0,0,22,,,,0.0,0.0,1.8,0.0,19.8,3,3,16
83,a,100.0,100.0,6.0,90,57.0,0,0.0,0,0.0,3.0,112,36.0,108,2,4.2,52.0,23.0,13,347,3.7,72.0,24.0,0.6,18.0,0.0,1005104,379,639078,4891,3.7,3.7,5.48,3.6,9.08,25.74,0.27,0.18,0.45,1.29,395.2,141.0,47.0,323.0,94.0,69.0,513.0,32.0,16.0,122.5,57.0,37.0,3.0,,,32,,Dango,Ouattara,O.Dango,,,1800,5,7,4,28,0,0,0,4,0,0,20,160,,,,0.0,0.2,1.4,1.0,8.0,18,66,76
101,a,100.0,100.0,4.8,353,12.0,0,0.0,3,-3.0,13.1,25,4.0,116,2,3.7,91.0,13.0,8,456,4.0,56.0,5.0,0.8,24.2,0.0,1561701,1978,1132580,3989,4.0,4.0,0.0,0.22,0.22,42.77,0.0,0.01,0.01,1.38,725.0,16.0,4.0,23.0,391.0,4.0,0.0,754.0,84.0,74.9,172.0,4.0,,,,32,,Caoimhín,Kelleher,Kelleher,,,2790,0,0,8,41,0,3,0,1,0,85,31,95,,,,2.74,0.26,1.32,1.0,0.0,1,40,235
110,a,100.0,100.0,4.6,408,74.0,0,0.0,1,-1.0,1.1,190,72.0,96,4,3.1,184.0,72.0,7,441,6.0,16.0,7.0,1.3,20.9,0.0,251855,838,148410,401,6.0,6.0,0.69,2.67,3.36,41.94,0.02,0.09,0.11,1.39,539.0,68.0,33.0,419.2,59.0,10.0,107.0,251.0,70.0,106.8,86.0,19.0,,,,32,,Michael,Kayode,Kayode,,,2718,1,2,8,41,1,0,0,6,0,0,31,241,,,,0.0,0.26,1.36,1.03,6.49,60,136,143
111,a,100.0,100.0,4.2,634,144.0,0,0.0,-3,3.0,0.1,439,164.0,14,0,3.5,119.0,42.0,2,53,3.3,81.0,32.0,0.8,3.3,0.0,15515,58,27655,44,3.3,3.3,0.01,0.06,0.07,3.7,0.0,0.02,0.02,1.05,88.6,377.0,144.0,1.2,468.0,170.0,33.0,361.0,120.0,12.3,416.0,147.0,,,,32,,Ethan,Pinnock,Pinnock,,,318,0,0,1,5,1,0,0,1,0,0,4,46,,,,0.0,0.28,1.42,1.13,11.89,5,37,11
112,u,0.0,0.0,4.5,425,85.0,0,0.0,0,0.0,0.0,720,250.0,0,0,0.0,700.0,259.0,0,0,0.0,595.0,240.0,0.0,0.0,0.0,211,0,3933,0,0.0,0.0,0.0,0.0,0.0,0.0,0.0,0.0,0.0,0.0,0.0,694.0,259.0,0.0,689.0,259.0,0.0,671.0,259.0,0.0,696.0,259.0,,,,32,,Mads,Roerslev Rasmussen,Roerslev,Has joined Southampton permanently.,,0,0,0,0,0,0,0,0,0,0,0,0,0,,,,0.0,0.0,0.0,0.0,0.0,0,0,0
124,d,25.0,100.0,5.0,243,148.0,0,0.0,0,0.0,0.3,306,107.0,75,0,2.6,254.0,104.0,5,332,2.3,134.0,50.0,0.5,15.0,0.0,100925,44,103067,71,0.6,2.3,0.33,2.25,2.58,25.95,0.02,0.11,0.13,1.29,328.0,187.0,76.0,336.0,90.0,67.0,45.0,337.0,175.0,70.9,193.0,95.0,,,,32,,Jordan,Henderson,Henderson,Knock - 25% chance of playing,,1814,1,3,6,26,0,0,0,4,0,0,21,178,,,,0.0,0.3,1.29,1.04,8.83,26,58,94
125,i,0.0,0.0,4.9,302,188.0,0,0.0,-1,1.0,0.1,443,149.0,70,0,3.2,172.0,70.0,6,300,0.0,707.0,291.0,0.0,14.3,0.0,67535,1,55312,156,0.0,0.0,0.82,1.88,2.7,20.22,0.06,0.14,0.2,1.45,329.0,186.0,75.0,313.6,102.0,75.0,91.0,270.0,146.0,72.5,184.0,93.0,2.0,,,32,,Vitaly,Janelt,Janelt,Foot injury - Unknown return date,,1253,1,4,5,16,0,0,0,7,0,0,13,164,,,,0.0,0.36,1.15,0.93,11.78,24,66,74
130,a,,,4.4,570,343.0,0,0.0,-1,1.0,0.1,473,163.0,4,0,1.0,475.0,211.0,0,19,0.0,580.0,201.0,0.0,0.9,0.0,16861,17,19500,14,0.0,0.0,0.09,0.01,0.1,0.39,0.21,0.02,0.23,0.92,8.4,469.0,211.0,11.5,423.0,211.0,21.0,387.0,194.0,4.2,458.0,207.0,,,,32,,Romelle,Donovan,Donovan,,,38,0,0,0,0,0,0,0,0,0,0,0,5,,,,0.0,0.0,0.0,0.0,11.84,0,0,5
131,u,0.0,0.0,4.3,625,369.0,0,0.0,-2,2.0,0.1,427,146.0,0,0,0.0,668.0,257.0,0,0,0.0,544.0,183.0,0.0,0.0,0.0,38108,0,45364,27,0.0,0.0,0.0,0.0,0.0,0.0,0.0,0.0,0.0,0.0,0.0,658.0,247.0,0.0,654.0,252.0,0.0,631.0,241.0,0.0,660.0,249.0,,,,32,,Yunus Emre,Konak,Konak,has joined Oxford United on loan for the rest of the season.,,0,0,0,0,0,0,0,0,0,0,0,0,0,,,,0.0,0.0,0.0,0.0,0.0,0,0,0
132,u,0.0,0.0,4.5,423,253.0,0,0.0,0,0.0,0.0,683,275.0,0,0,0.0,699.0,273.0,0,0,0.0,593.0,207.0,0.0,0.0,0.0,4038,0,5553,2,0.0,0.0,0.0,0.0,0.0,0.0,0.0,0.0,0.0,0.0,0.0,693.0,267.0,0.0,688.0,270.0,0.0,669.0,262.0,0.0,695.0,269.0,,,,32,,Paris,Maghoma,Maghoma,has joined Norwich City permanently.,,0,0,0,0,0,0,0,0,0,0,0,0,0,,,,0.0,0.0,0.0,0.0,0.0,0,0,0
133,u,0.0,0.0,4.4,543,325.0,0,0.0,-1,1.0,0.0,641,251.0,1,0,1.0,470.0,206.0,0,2,0.0,558.0,185.0,0.0,0.2,0.0,3881,0,6455,5,0.0,0.0,0.0,0.0,0.0,0.0,0.0,0.0,0.0,0.0,0.0,665.0,249.0,0.0,662.0,254.0,0.0,640.0,243.0,0.0,667.0,251.0,,,,32,,Myles,Peart-Harris,Peart-Harris,has joined Oxford United permanently.,,1,0,0,0,0,0,0,0,0,0,0,0,0,,,,0.0,0.0,0.0,0.0,0.0,0,0,0
134,u,0.0,0.0,4.5,490,302.0,0,0.0,0,0.0,0.0,792,347.0,0,0,0.0,743.0,311.0,0,0,0.0,651.0,253.0,0.0,0.0,0.0,0,0,951,0,0.0,0.0,0.0,0.0,0.0,0.0,0.0,0.0,0.0,0.0,0.0,741.0,309.0,0.0,734.0,309.0,0.0,721.0,305.0,0.0,741.0,309.0,,,,32,,Ryan,Trevitt,Trevitt,Has joined Wigan on loan for the rest of the season,,0,0,0,0,0,0,0,0,0,0,0,0,0,,,,0.0,0.0,0.0,0.0,0.0,0,0,0
136,a,100.0,100.0,7.3,30,12.0,0,0.0,13,-13.0,34.3,6,3.0,166,13,5.2,11.0,3.0,22,668,7.7,4.0,2.0,1.1,22.7,0.0,9275521,10587,5102064,23919,7.7,7.7,18.86,1.72,20.58,42.46,0.62,0.06,0.68,1.39,929.0,5.0,2.0,320.5,95.0,4.0,1041.0,2.0,2.0,228.8,3.0,2.0,,,2.0,32,,Igor Thiago,Nascimento Rodrigues,Thiago,,,2742,21,1,8,42,0,0,1,6,0,0,31,180,,,,0.0,0.26,1.38,1.02,5.91,28,68,84
137,u,0.0,0.0,4.4,556,77.0,0,0.0,-1,1.0,0.3,328,51.0,0,0,0.0,681.0,70.0,0,0,0.0,567.0,56.0,0.0,0.0,0.0,52422,0,82074,17,0.0,0.0,0.0,0.0,0.0,0.0,0.0,0.0,0.0,0.0,0.0,673.0,70.0,0.0,669.0,69.0,0.0,649.0,69.0,0.0,675.0,70.0,,,,32,,Iwan,Morgan,Morgan,has joined Shrewsbury on loan for the rest of the season.,,0,0,0,0,0,0,0,0,0,0,0,0,0,,,,0.0,0.0,0.0,0.0,0.0,0,0,0
748,i,0.0,0.0,4.9,298,185.0,0,0.0,-1,1.0,0.0,810,359.0,0,0,0.0,774.0,333.0,0,0,0.0,705.0,290.0,0.0,0.0,0.0,213,1,238,0,0.0,0.0,0.0,0.0,0.0,0.0,0.0,0.0,0.0,0.0,0.0,773.0,332.0,0.0,769.0,332.0,0.0,765.0,330.0,0.0,773.0,332.0,,,,32,,Josh,Dasilva,Dasilva,Lack of match fitness - Expected back 24 May,,0,0,0,0,0,0,0,0,0,0,0,0,0,,,,0.0,0.0,0.0,0.0,0.0,0,0,0
819,a,,,4.0,696,178.0,0,0.0,0,0.0,0.0,768,259.0,0,0,0.0,605.0,223.0,0,0,0.0,450.0,174.0,0.0,0.0,0.0,313,2,95,3,0.0,0.0,0.0,0.0,0.0,0.0,0.0,0.0,0.0,0.0,0.0,594.0,222.0,0.0,585.0,222.0,0.0,555.0,218.0,0.0,596.0,222.0,,,,32,,Ollie,Shield,Shield,,,0,0,0,0,0,0,0,0,0,0,0,0,0,,,,0.0,0.0,0.0,0.0,0.0,0,0,0
823,a,,,4.0,740,212.0,0,0.0,0,0.0,0.0,814,267.0,0,0,0.0,638.0,248.0,0,0,0.0,489.0,204.0,0.0,0.0,0.0,23,1,5,3,0.0,0.0,0.0,0.0,0.0,0.0,0.0,0.0,0.0,0.0,0.0,628.0,248.0,0.0,620.0,248.0,0.0,592.0,246.0,0.0,630.0,248.0,,,,32,,Joshua,Stephenson,Stephenson,,,0,0,0,0,0,0,0,0,0,0,0,0,0,,,,0.0,0.0,0.0,0.0,0.0,0,0,0
824,a,,,4.0,723,196.0,0,0.0,0,0.0,0.0,809,266.0,0,0,0.0,625.0,236.0,0,0,0.0,473.0,189.0,0.0,0.0,0.0,42,5,6,2,0.0,0.0,0.0,0.0,0.0,0.0,0.0,0.0,0.0,0.0,0.0,615.0,236.0,0.0,607.0,236.0,0.0,578.0,233.0,0.0,617.0,236.0,,,,32,,Conor,McManus,McManus,,,0,0,0,0,0,0,0,0,0,0,0,0,0,,,,0.0,0.0,0.0,0.0,0.0,0,0,0
826,a,,,4.5,463,281.0,0,0.0,0,0.0,0.0,826,371.0,0,0,0.0,724.0,296.0,0,0,0.0,625.0,232.0,0.0,0.0,0.0,0,0,0,0,1.3,1.3,0.0,0.0,0.0,0.0,0.0,0.0,0.0,0.0,0.0,719.0,291.0,0.0,714.0,293.0,0.0,698.0,286.0,0.0,720.0,292.0,,,,32,,Riley,Owen,Owen,,,0,0,0,0,0,0,0,0,0,0,0,0,0,,,,0.0,0.0,0.0,0.0,0.0,0,0,0
138,a,,,4.2,627,31.0,0,0.0,-3,3.0,0.2,356,50.0,0,0,0.0,642.0,88.0,0,0,0.0,496.0,77.0,0.0,0.0,0.0,11150,31,40381,23,-0.5,0.5,0.0,0.0,0.0,0.0,0.0,0.0,0.0,0.0,0.0,632.0,88.0,0.0,625.0,77.0,0.0,597.0,64.0,0.0,634.0,88.0,,,,32,,Jason,Steele,Steele,,,0,0,0,0,0,0,0,0,0,0,0,0,0,,,,0.0,0.0,0.0,0.0,0.0,0,0,0
139,a,,,4.5,445,24.0,0,0.0,0,0.0,8.3,43,7.0,110,9,3.4,142.0,17.0,6,540,6.3,10.0,1.0,1.4,24.4,0.0,1091319,8554,901567,808,12.1,6.8,0.0,0.05,0.05,41.92,0.0,0.0,0.0,1.31,805.8,8.0,2.0,10.0,430.0,9.0,0.0,685.0,78.0,81.7,153.0,2.0,,,,32,,Bart,Verbruggen,Verbruggen,,,2880,0,0,8,37,1,1,0,3,0,91,32,102,,,,2.84,0.25,1.16,1.0,0.0,1,26,283
140,a,,,3.9,755,77.0,0,0.0,-1,1.0,0.3,324,45.0,0,0,0.0,552.0,48.0,0,0,0.0,392.0,35.0,0.0,0.0,0.0,18422,6,29063,24,-0.5,0.5,0.0,0.0,0.0,0.0,0.0,0.0,0.0,0.0,0.0,541.0,48.0,0.0,529.0,32.0,0.0,498.0,19.0,0.0,543.0,48.0,,,,32,,Tom,McGill,McGill,,,0,0,0,0,0,0,0,0,0,0,0,0,0,,,,0.0,0.0,0.0,0.0,0.0,0,0,0
141,u,0.0,0.0,4.0,690,54.0,0,0.0,0,0.0,0.0,807,92.0,0,0,0.0,599.0,76.0,0,0,0.0,444.0,65.0,0.0,0.0,0.0,0,0,246,0,0.0,0.0,0.0,0.0,0.0,0.0,0.0,0.0,0.0,0.0,0.0,588.0,76.0,0.0,579.0,63.0,0.0,549.0,50.0,0.0,590.0,76.0,,,,32,,Carl,Rushworth,Rushworth,Has joined Coventry City on loan for the rest of the season.,,0,0,0,0,0,0,0,0,0,0,0,0,0,,,,0.0,0.0,0.0,0.0,0.0,0,0,0
146,s,0.0,0.0,4.5,411,75.0,0,0.0,0,0.0,0.9,194,76.0,82,0,2.8,218.0,87.0,3,389,4.0,54.0,23.0,0.9,18.2,0.0,166028,8,214657,870,0.0,0.0,1.3,0.51,1.81,38.31,0.05,0.02,0.07,1.34,573.4,53.0,24.0,108.6,264.0,77.0,154.0,191.0,44.0,83.8,145.0,48.0,,3.0,,32,,Lewis,Dunk,Dunk,Suspended until 26 Apr,,2565,0,1,6,35,0,0,0,10,0,0,28,259,,,,0.0,0.21,1.23,0.98,7.61,33,184,120
147,u,0.0,0.0,4.5,420,81.0,0,0.0,0,0.0,0.0,751,257.0,0,0,0.0,697.0,257.0,0,0,0.0,591.0,237.0,0.0,0.0,0.0,0,0,1989,0,0.0,0.0,0.0,0.0,0.0,0.0,0.0,0.0,0.0,0.0,0.0,691.0,257.0,0.0,686.0,257.0,0.0,667.0,256.0,0.0,693.0,257.0,,,,32,,Pervis,Estupiñán Tenorio,Estupiñan,Has joined AC Milan permanently,,0,0,0,0,0,0,0,0,0,0,0,0,0,,,,0.0,0.0,0.0,0.0,0.0,0,0,0
148,a,,,4.4,532,108.0,0,0.0,-1,1.0,0.6,241,91.0,93,7,3.0,193.0,76.0,5,433,5.7,19.0,9.0,1.3,21.1,0.0,121404,1364,77352,150,10.9,6.2,1.6,2.43,4.03,37.47,0.06,0.08,0.14,1.3,411.2,134.0,57.0,356.3,77.0,16.0,195.0,149.0,29.0,96.5,106.0,30.0,,,,32,,Ferdi,Kadıoğlu,F.Kadıoğlu,,,2590,0,2,8,32,0,0,0,6,0,0,28,178,,,,0.0,0.28,1.11,0.97,5.14,55,93,113
149,a,100.0,100.0,4.5,424,84.0,0,0.0,0,0.0,0.1,518,184.0,6,0,1.5,409.0,150.0,0,10,0.0,594.0,239.0,0.0,1.3,0.0,10115,72,10715,24,-0.5,0.5,0.0,0.0,0.0,4.66,0.0,0.0,0.0,4.07,25.8,442.0,162.0,10.6,425.0,153.0,0.0,670.0,258.0,3.6,461.0,165.0,,,,32,,Igor Julio,dos Santos de Paulo,Igor,,,103,0,0,0,3,0,0,0,0,0,0,1,13,,,,0.0,0.0,2.62,0.87,11.36,0,13,3
150,u,0.0,0.0,4.4,534,110.0,0,0.0,-1,1.0,0.1,521,187.0,0,0,0.0,672.0,256.0,0,0,0.0,553.0,231.0,0.0,0.0,0.0,2778,0,38641,1,0.0,0.0,0.0,0.0,0.0,0.0,0.0,0.0,0.0,0.0,0.0,662.0,256.0,0.0,659.0,256.0,0.0,637.0,255.0,0.0,664.0,256.0,,,,32,,Tariq,Lamptey,Lamptey,has joined Fiorentina permanently.,,0,0,0,0,0,0,0,0,0,0,0,0,0,,,,0.0,0.0,0.0,0.0,0.0,0,0,0
151,a,100.0,100.0,4.5,440,89.0,0,0.0,0,0.0,9.2,37,13.0,125,5,4.2,48.0,18.0,8,491,6.0,15.0,6.0,1.3,27.8,0.0,1707361,17755,695475,1015,11.5,6.5,2.18,1.24,3.41,39.13,0.07,0.04,0.11,1.32,843.2,7.0,3.0,201.4,175.0,46.0,242.0,111.0,16.0,129.0,50.0,4.0,,,,32,,Jan Paul,van Hecke,Van Hecke,,,2670,3,2,8,35,1,0,0,8,0,0,30,290,,,,0.0,0.27,1.18,1.01,8.76,45,215,88
152,a,100.0,100.0,4.3,577,122.0,0,0.0,-2,2.0,0.1,435,163.0,37,1,1.9,348.0,129.0,1,140,1.0,210.0,73.0,0.2,8.6,0.0,23015,37,37093,26,1.5,1.5,0.99,0.12,1.11,14.85,0.11,0.01,0.12,1.58,222.8,263.0,105.0,71.5,314.0,104.0,63.0,310.0,95.0,35.8,320.0,107.0,,,,32,,Joël,Veltman,Veltman,,,844,1,0,1,12,0,0,0,4,0,0,8,102,,,,0.0,0.11,1.28,0.85,9.6,29,61,34
153,i,0.0,0.0,4.4,525,103.0,0,0.0,-1,1.0,0.0,763,258.0,0,0,0.0,670.0,255.0,0,0,0.0,548.0,228.0,0.0,0.0,0.0,1018,2,1778,2,0.0,0.0,0.0,0.0,0.0,0.0,0.0,0.0,0.0,0.0,0.0,660.0,255.0,0.0,656.0,255.0,0.0,634.0,254.0,0.0,662.0,255.0,,,,32,,Adam,Webster,Webster,Knee injury - Unknown return date,,0,0,0,0,0,0,0,0,0,0,0,0,0,,,,0.0,0.0,0.0,0.0,0.0,0,0,0
154,u,0.0,0.0,4.0,681,170.0,0,0.0,0,0.0,0.0,786,262.0,0,0,0.0,592.0,217.0,0,0,0.0,436.0,167.0,0.0,0.0,0.0,0,0,787,1,0.0,0.0,0.0,0.0,0.0,0.0,0.0,0.0,0.0,0.0,0.0,581.0,216.0,0.0,572.0,216.0,0.0,542.0,212.0,0.0,583.0,216.0,,,,32,,Eiran,Cashin,Cashin,has joined Blackburn Rovers on loan for the rest of the season.,,0,0,0,0,0,0,0,0,0,0,0,0,0,,,,0.0,0.0,0.0,0.0,0.0,0,0,0
155,u,0.0,0.0,4.0,725,197.0,0,0.0,0,0.0,0.1,508,180.0,0,0,0.0,627.0,237.0,0,0,0.0,475.0,190.0,0.0,0.0,0.0,3175,0,16699,2,0.0,0.0,0.0,0.0,0.0,0.0,0.0,0.0,0.0,0.0,0.0,617.0,237.0,0.0,609.0,237.0,0.0,580.0,234.0,0.0,619.0,237.0,,,,32,,Jacob,Slater,Slater,has joined Harrogate Town on loan until January.,,0,0,0,0,0,0,0,0,0,0,0,0,0,,,,0.0,0.0,0.0,0.0,0.0,0,0,0
156,a,,,3.8,810,253.0,0,0.0,-2,2.0,0.2,409,149.0,0,0,0.0,538.0,197.0,0,0,0.0,375.0,142.0,0.0,0.0,0.0,12651,19,17800,14,-0.5,0.5,0.0,0.0,0.0,0.0,0.0,0.0,0.0,0.0,0.0,527.0,196.0,0.0,513.0,196.0,0.0,481.0,190.0,0.0,529.0,196.0,,,,32,,Charlie,Tasker,Tasker,,,0,0,0,0,0,0,0,0,0,0,0,0,0,,,,0.0,0.0,0.0,0.0,0.0,0,0,0
157,a,100.0,100.0,6.1,83,55.0,0,0.0,-4,4.0,2.2,133,45.0,52,1,2.5,278.0,118.0,2,192,0.7,276.0,127.0,0.1,8.5,0.0,332555,2190,873795,379,0.9,1.2,3.27,2.45,5.72,18.97,0.21,0.15,0.36,1.19,231.2,255.0,107.0,364.4,75.0,58.0,336.0,75.0,43.0,92.8,118.0,67.0,,,,32,,Mitoma,Kaoru,Mitoma,,,1432,2,1,4,16,0,0,0,3,0,0,16,85,,,,0.0,0.25,1.01,1.01,5.34,14,22,49
158,a,100.0,100.0,5.6,129,80.0,0,0.0,-4,4.0,0.3,314,110.0,71,1,2.7,243.0,99.0,2,235,0.7,273.0,126.0,0.1,12.7,0.0,132974,139,256648,58,0.9,1.2,2.28,2.2,4.48,19.73,0.13,0.12,0.25,1.1,268.2,227.0,96.0,292.2,115.0,81.0,374.0,63.0,37.0,93.3,114.0,65.0,,,,32,,Georginio,Rutter,Georginio,,,1614,2,4,6,17,1,0,0,2,0,0,19,119,,,,0.0,0.33,0.95,1.06,6.64,28,35,56
159,a,100.0,100.0,5.8,104,68.0,0,0.0,-2,2.0,0.0,706,286.0,1,0,1.0,506.0,237.0,0,4,0.0,797.0,352.0,0.0,0.2,0.0,1988,72,2968,20,-0.5,0.5,0.0,0.0,0.0,0.25,0.0,0.0,0.0,5.62,0.0,815.0,363.0,0.0,815.0,363.0,0.0,814.0,363.0,0.0,815.0,363.0,,,,32,,Solly,March,March,,,4,0,0,0,0,0,0,0,0,0,0,0,0,,,,0.0,0.0,0.0,0.0,0.0,0,0,0
160,a,100.0,100.0,5.5,152,96.0,0,0.0,-5,5.0,2.5,123,39.0,98,3,3.5,131.0,58.0,8,383,4.3,50.0,20.0,0.8,17.8,0.0,2028181,5672,1906265,461,8.1,4.8,3.24,4.09,7.33,28.33,0.15,0.19,0.34,1.34,393.6,143.0,49.0,572.2,26.0,25.0,542.0,29.0,14.0,151.0,32.0,25.0,5.0,,,32,,Yankuba,Minteh,Minteh,,,1908,2,8,8,27,0,0,0,2,0,0,21,152,,,,0.0,0.38,1.27,0.99,7.17,41,28,83
161,u,0.0,0.0,5.4,171,107.0,0,0.0,-1,1.0,0.0,752,319.0,0,0,0.0,810.0,359.0,0,0,0.0,782.0,342.0,0.0,0.0,0.0,105,0,2964,0,0.0,0.0,0.0,0.0,0.0,0.0,0.0,0.0,0.0,0.0,0.0,809.0,358.0,0.0,808.0,358.0,0.0,806.0,357.0,0.0,809.0,358.0,,,,32,,Julio,Enciso Espínola,Enciso,has joined Strasbourg permanently.,,0,0,0,0,0,0,0,0,0,0,0,0,0,,,,0.0,0.0,0.0,0.0,0.0,0,0,0
162,u,0.0,0.0,5.4,176,111.0,0,0.0,-1,1.0,0.0,602,228.0,35,0,1.9,363.0,158.0,2,114,0.0,784.0,344.0,0.0,6.5,0.0,16799,0,19805,4,0.0,0.0,1.86,0.88,2.74,13.82,0.24,0.11,0.35,1.76,134.4,335.0,152.0,217.1,164.0,111.0,152.0,195.0,109.0,50.0,271.0,139.0,,,,32,,Brajan,Gruda,Gruda,has joined Leipzig on loan for the rest of the season.,,708,1,1,2,11,0,0,0,2,0,0,8,58,,,,0.0,0.25,1.4,1.02,7.37,14,4,40
163,a,100.0,100.0,5.1,241,146.0,0,0.0,-4,4.0,0.4,275,96.0,61,3,2.9,205.0,82.0,2,218,3.7,70.0,23.0,0.7,12.0,0.0,71448,657,31092,76,6.9,4.2,2.66,1.85,4.51,22.1,0.19,0.13,0.32,1.6,193.0,284.0,122.0,174.0,195.0,127.0,261.0,103.0,64.0,62.5,223.0,110.0,,,,32,,Jack,Hinshelwood,Hinshelwood,,,1244,1,5,4,17,1,0,0,0,0,0,14,98,,,,0.0,0.29,1.23,1.01,7.09,15,31,52
164,a,100.0,100.0,5.5,140,87.0,0,0.0,0,0.0,0.3,302,106.0,14,0,3.5,129.0,57.0,2,42,0.3,339.0,159.0,0.1,2.5,0.0,132463,30,199982,12,0.1,0.8,1.21,0.18,1.39,2.41,0.59,0.09,0.68,1.17,61.6,405.0,176.0,67.4,318.0,177.0,63.0,312.0,166.0,19.2,385.0,178.0,,,3.0,32,,Matt,O'Riley,O'Riley,,,186,1,0,1,2,0,0,0,0,0,0,2,9,,,,0.0,0.48,0.97,0.97,4.35,4,3,2
165,u,0.0,0.0,5.4,177,112.0,0,0.0,-1,1.0,0.0,738,310.0,0,0,0.0,811.0,360.0,0,0,0.0,785.0,345.0,0.0,0.0,0.0,247,0,2251,1,0.0,0.0,0.0,0.0,0.0,0.0,0.0,0.0,0.0,0.0,0.0,810.0,359.0,0.0,809.0,359.0,0.0,807.0,358.0,0.0,810.0,359.0,,,,32,,Abdallah,Sima,Sima,has joined Lens permanently.,,0,0,0,0,0,0,0,0,0,0,0,0,0,,,,0.0,0.0,0.0,0.0,0.0,0,0,0
166,a,100.0,100.0,4.8,370,231.0,0,0.0,-2,2.0,0.4,281,98.0,93,8,3.7,92.0,39.0,7,389,3.3,85.0,29.0,0.7,19.4,0.0,204482,481,185392,75,6.1,3.8,2.61,1.15,3.76,25.62,0.13,0.06,0.19,1.27,355.4,168.0,64.0,248.4,145.0,98.0,225.0,125.0,75.0,83.1,148.0,78.0,,2.0,,32,,Yasin,Ayari,Ayari,,,1810,3,4,6,21,0,0,0,1,0,0,19,219,,,,0.0,0.3,1.04,0.94,10.89,47,51,121
167,a,100.0,100.0,4.5,459,277.0,0,0.0,-5,5.0,1.5,159,54.0,42,1,1.6,399.0,170.0,0,158,0.7,247.0,109.0,0.2,9.3,0.0,206218,323,556922,202,0.9,1.2,0.56,0.28,0.84,17.06,0.04,0.02,0.06,1.19,101.4,369.0,164.0,93.0,289.0,169.0,29.0,370.0,189.0,22.4,369.0,175.0,,,,32,,Carlos,Baleba,Baleba,,,1290,0,0,4,17,0,0,0,5,0,0,19,154,,,,0.0,0.28,1.19,1.33,10.74,28,51,75
169,a,100.0,100.0,4.9,336,207.0,0,0.0,-1,1.0,0.8,206,72.0,94,5,3.2,175.0,71.0,9,359,5.0,30.0,12.0,1.0,19.2,0.0,184394,2157,96024,288,9.5,5.5,5.31,1.7,7.01,27.69,0.24,0.08,0.32,1.24,436.8,121.0,40.0,317.0,98.0,71.0,394.0,53.0,32.0,114.9,77.0,49.0,,5.0,,32,,Diego,Gómez Amarilla,Gomez,,,2015,5,1,8,25,0,0,0,9,0,0,24,225,,,,0.0,0.36,1.12,1.07,10.05,76,46,103
170,d,75.0,100.0,4.9,285,177.0,0,0.0,-1,1.0,0.1,460,157.0,34,0,1.8,377.0,161.0,0,153,1.7,170.0,70.0,0.3,6.9,0.0,19484,27,23998,21,2.2,2.2,1.03,0.65,1.68,11.32,0.13,0.08,0.21,1.43,137.6,334.0,151.0,149.5,216.0,141.0,59.0,323.0,170.0,34.4,331.0,163.0,,,1.0,32,,James,Milner,Milner,Knock - 75% chance of playing,,714,1,1,2,14,0,0,0,2,0,0,6,76,,,,0.0,0.25,1.76,0.76,9.58,14,24,38
172,u,0.0,0.0,4.8,372,233.0,0,0.0,-2,2.0,0.0,653,258.0,5,0,0.8,516.0,240.0,0,15,0.0,697.0,284.0,0.0,1.0,0.0,2397,0,4275,4,0.0,0.0,0.04,0.03,0.07,1.72,0.06,0.05,0.11,2.72,6.0,477.0,216.0,2.4,459.0,220.0,7.0,428.0,206.0,1.6,476.0,217.0,,,,32,,Tom,Watson,Watson,has joined Millwall on loan for the rest of the season.,,57,0,0,0,2,0,0,0,1,0,0,0,5,,,,0.0,0.0,3.16,0.0,7.89,1,0,4
173,a,100.0,100.0,4.9,330,205.0,0,0.0,-1,1.0,0.2,404,140.0,89,18,4.0,59.0,26.0,6,374,8.0,3.0,1.0,1.6,18.2,0.0,84422,2586,79483,50,15.5,8.5,1.93,1.79,3.72,20.77,0.1,0.1,0.2,1.13,462.2,104.0,33.0,266.6,132.0,91.0,199.0,147.0,84.0,92.9,116.0,66.0,,,,32,,Mats,Wieffer,Wieffer,,,1659,2,4,6,20,0,0,0,7,0,0,19,255,,,,0.0,0.33,1.08,1.03,13.83,64,97,94
174,u,0.0,0.0,5.0,281,174.0,0,0.0,0,0.0,0.0,782,339.0,0,0,0.0,801.0,354.0,0,0,0.0,749.0,319.0,0.0,0.0,0.0,0,0,1267,0,0.0,0.0,0.0,0.0,0.0,0.0,0.0,0.0,0.0,0.0,0.0,800.0,353.0,0.0,798.0,353.0,0.0,793.0,351.0,0.0,800.0,353.0,,,,32,,Malick,Yalcouyé,Yalcouye,Has joined Swansea City on loan for the rest of the season.,,0,0,0,0,0,0,0,0,0,0,0,0,0,,,,0.0,0.0,0.0,0.0,0.0,0,0,0
175,u,0.0,0.0,4.4,562,338.0,0,0.0,-1,1.0,0.1,543,199.0,1,0,1.0,473.0,209.0,0,3,0.0,573.0,197.0,0.0,0.2,0.0,11030,0,15249,5,0.0,0.0,0.0,0.0,0.0,0.0,0.0,0.0,0.0,0.0,0.0,678.0,259.0,0.0,674.0,263.0,0.0,654.0,254.0,0.0,680.0,261.0,,,,32,,Joe,Knight,Knight,has joined Stevenage permanently.,,1,0,0,0,0,0,0,0,0,0,0,0,0,,,,0.0,0.0,0.0,0.0,0.0,0,0,0
176,u,0.0,0.0,4.5,464,282.0,0,0.0,0,0.0,0.0,694,282.0,0,0,0.0,725.0,297.0,0,0,0.0,626.0,233.0,0.0,0.0,0.0,1435,0,4608,0,0.0,0.0,0.0,0.0,0.0,0.0,0.0,0.0,0.0,0.0,0.0,720.0,292.0,0.0,715.0,294.0,0.0,699.0,287.0,0.0,721.0,293.0,,,,32,,Adrian,Mazilu,Mazilu,has joined Dinamo Bucharest permanently.,,0,0,0,0,0,0,0,0,0,0,0,0,0,,,,0.0,0.0,0.0,0.0,0.0,0,0,0
177,u,0.0,0.0,4.5,453,271.0,0,0.0,0,0.0,0.0,711,290.0,0,0,0.0,716.0,288.0,0,0,0.0,617.0,224.0,0.0,0.0,0.0,490,0,5112,1,0.0,0.0,0.0,0.0,0.0,0.0,0.0,0.0,0.0,0.0,0.0,711.0,283.0,0.0,706.0,285.0,0.0,690.0,278.0,0.0,712.0,284.0,,,,32,,Andrew,Moran,Moran,Has joined Los Angeles FC on loan for the rest of the season.,,0,0,0,0,0,0,0,0,0,0,0,0,0,,,,0.0,0.0,0.0,0.0,0.0,0,0,0
178,a,100.0,100.0,6.2,73,23.0,0,0.0,-3,3.0,7.9,49,9.0,108,2,3.5,133.0,11.0,17,439,5.3,26.0,5.0,0.9,17.4,0.0,2635877,13875,2228248,2639,10.1,5.8,11.33,1.32,12.65,26.5,0.54,0.06,0.6,1.26,507.8,79.0,6.0,285.1,122.0,7.0,652.0,21.0,13.0,143.9,36.0,9.0,,4.0,2.0,32,,Danny,Welbeck,Welbeck,,,1891,12,0,8,22,0,0,2,5,0,0,21,94,,,,0.0,0.38,1.05,1.0,4.47,20,33,41
179,u,0.0,0.0,5.5,149,37.0,0,0.0,0,0.0,0.0,759,92.0,0,0,0.0,815.0,89.0,0,0,0.0,793.0,84.0,0.0,0.0,0.0,0,0,1560,0,0.0,0.0,0.0,0.0,0.0,0.0,0.0,0.0,0.0,0.0,0.0,814.0,89.0,0.0,813.0,89.0,0.0,811.0,89.0,0.0,814.0,89.0,,,,32,,Evan,Ferguson,Ferguson,Has joined AS Roma on loan for the rest of the season,,0,0,0,0,0,0,0,0,0,0,0,0,0,,,,0.0,0.0,0.0,0.0,0.0,0,0,0
180,i,0.0,0.0,5.2,217,51.0,0,0.0,-3,3.0,0.1,533,74.0,16,0,1.8,380.0,43.0,0,55,0.0,766.0,81.0,0.0,3.1,0.0,13397,5,23390,7,0.0,0.0,0.44,0.11,0.55,2.59,0.3,0.08,0.38,1.77,66.6,401.0,45.0,65.7,324.0,37.0,44.0,342.0,54.0,17.7,391.0,49.0,,,,32,,Stefanos,Tzimas,Tzimas,Knee injury - Expected back 01 Jun,,132,1,1,0,2,0,0,0,0,0,0,1,15,,,,0.0,0.0,1.36,0.68,10.23,3,2,10
181,a,,,4.8,374,64.0,0,0.0,-2,2.0,0.3,303,47.0,30,0,1.9,351.0,38.0,3,117,0.0,698.0,72.0,0.0,6.2,0.0,56414,25,77932,61,-0.5,0.5,1.7,0.23,1.93,4.62,0.52,0.07,0.59,1.42,129.6,340.0,33.0,80.0,305.0,35.0,192.0,157.0,37.0,40.1,307.0,34.0,,,,32,,Charalampos,Kostoulas,Kostoulas,,,292,2,1,1,7,0,0,0,2,0,0,2,38,,,,0.0,0.31,2.16,0.62,11.71,11,5,22
744,a,,,4.5,469,285.0,0,0.0,0,0.0,0.0,719,298.0,1,0,1.0,480.0,215.0,0,3,0.0,630.0,236.0,0.0,0.2,0.0,2968,6,2205,6,-0.5,0.5,0.0,0.0,0.0,0.0,0.0,0.0,0.0,0.0,0.0,724.0,295.0,0.0,718.0,296.0,0.0,703.0,290.0,0.0,725.0,296.0,,,,32,,Nehemiah,Oriola,Oriola,,,1,0,0,0,0,0,0,0,0,0,0,0,0,,,,0.0,0.0,0.0,0.0,0.0,0,0,0
220,a,100.0,100.0,4.8,355,13.0,0,0.0,-2,2.0,12.5,27,5.0,102,0,3.5,125.0,16.0,7,458,1.7,168.0,17.0,0.4,21.2,0.0,1722945,2496,3035585,1859,3.9,1.7,0.0,0.04,0.04,38.31,0.0,0.0,0.0,1.37,675.4,32.0,10.0,50.0,350.0,1.0,0.0,756.0,85.0,72.1,186.0,7.0,,,,32,,Robert,Lynch Sánchez,Sánchez,,,2524,0,1,9,36,0,0,0,3,1,80,29,89,,,,2.85,0.32,1.28,1.03,0.0,2,24,250
221,d,25.0,25.0,4.3,607,29.0,0,0.0,-2,2.0,0.2,401,57.0,6,0,2.0,337.0,31.0,0,35,0.0,529.0,82.0,0.0,1.4,0.0,16376,3,28290,33,0.1,0.0,0.0,0.0,0.0,3.56,0.0,0.0,0.0,1.21,59.6,406.0,31.0,0.0,642.0,82.0,0.0,619.0,71.0,5.9,444.0,31.0,,,,32,,Filip,Jörgensen,Jörgensen,Groin Injury - 25% chance of playing,,264,0,0,0,4,0,0,0,0,0,6,2,7,,,,2.05,0.0,1.36,0.68,0.0,0,3,23
222,u,0.0,0.0,4.0,714,63.0,0,0.0,0,0.0,0.0,802,91.0,0,0,0.0,616.0,84.0,0,0,0.0,464.0,73.0,0.0,0.0,0.0,0,0,343,0,0.0,0.0,0.0,0.0,0.0,0.0,0.0,0.0,0.0,0.0,0.0,606.0,84.0,0.0,598.0,72.0,0.0,569.0,59.0,0.0,608.0,84.0,,,,32,,Mike,Penders,Penders,Has joined RC Strasbourg on loan for the rest of the season.,,0,0,0,0,0,0,0,0,0,0,0,0,0,,,,0.0,0.0,0.0,0.0,0.0,0,0,0
223,a,,,3.9,767,82.0,0,0.0,-1,1.0,0.1,471,70.0,0,0,0.0,560.0,53.0,0,0,0.0,400.0,40.0,0.0,0.0,0.0,10182,2,13011,10,0.5,0.0,0.0,0.0,0.0,0.0,0.0,0.0,0.0,0.0,0.0,549.0,53.0,0.0,537.0,37.0,0.0,506.0,24.0,0.0,551.0,53.0,,,,32,,Gabriel,Słonina,Slonina,,,0,0,0,0,0,0,0,0,0,0,0,0,0,,,,0.0,0.0,0.0,0.0,0.0,0,0,0
224,a,100.0,100.0,6.0,86,5.0,0,0.0,0,0.0,14.7,20,7.0,94,0,3.5,132.0,48.0,5,431,1.0,238.0,86.0,0.2,15.7,0.0,2882951,12830,3750288,819,2.5,1.0,1.72,2.98,4.7,30.56,0.07,0.13,0.2,1.32,465.6,100.0,44.0,457.0,45.0,6.0,217.0,130.0,24.0,114.0,78.0,15.0,,,,32,,Marc,Cucurella Saseta,Cucurella,,,2076,1,3,9,25,0,0,0,5,1,0,24,188,,,,0.0,0.39,1.08,1.04,6.55,44,107,90
230,a,100.0,100.0,4.4,541,116.0,0,0.0,-1,1.0,0.4,290,107.0,55,0,2.9,203.0,81.0,3,248,1.7,164.0,63.0,0.4,12.5,0.0,125637,775,113766,78,3.9,1.7,0.6,0.58,1.18,18.32,0.04,0.04,0.08,1.3,371.6,157.0,65.0,61.7,331.0,111.0,44.0,339.0,110.0,47.7,275.0,87.0,,,,32,,Wesley,Fofana,Fofana,,,1272,0,1,4,16,0,0,0,4,1,0,14,166,,,,0.0,0.28,1.13,0.99,11.18,16,142,64
231,a,100.0,100.0,4.5,479,96.0,0,0.0,0,0.0,0.0,661,234.0,2,0,1.0,482.0,173.0,0,1,0.0,640.0,246.0,0.0,0.4,0.0,3233,27,3363,20,0.5,0.0,0.35,0.0,0.35,1.42,0.35,0.0,0.35,1.4,6.2,475.0,171.0,0.1,490.0,177.0,7.0,427.0,162.0,1.3,483.0,170.0,,,,32,,Mamadou,Sarr,M.Sarr,,,91,0,0,0,3,0,0,0,0,0,0,1,8,,,,0.0,0.0,2.97,0.99,7.91,1,7,2
232,a,100.0,100.0,4.0,667,163.0,0,0.0,-5,5.0,0.3,342,124.0,34,0,2.3,293.0,108.0,2,129,0.3,309.0,107.0,0.1,8.5,0.0,108765,108,222780,24,1.1,0.3,0.11,0.4,0.5,12.16,0.01,0.05,0.06,1.47,232.0,254.0,102.0,32.5,379.0,135.0,19.0,389.0,138.0,28.4,349.0,119.0,,,,32,,Tosin,Adarabioyo,Tosin,,,743,0,0,2,12,0,0,0,2,0,0,7,108,,,,0.0,0.24,1.45,0.85,11.39,15,79,19
233,a,100.0,100.0,3.7,824,266.0,0,0.0,-3,3.0,1.7,150,58.0,33,0,2.8,211.0,82.0,5,98,0.0,354.0,124.0,0.0,8.9,0.0,606107,616,511472,745,0.5,0.0,0.6,0.13,0.73,13.91,0.1,0.02,0.12,2.21,125.2,342.0,129.0,39.2,366.0,131.0,66.0,305.0,93.0,23.1,366.0,126.0,,,,32,,Josh,Acheampong,Acheampong,,,567,1,0,2,12,0,0,0,1,0,0,7,56,,,,0.0,0.32,1.9,1.11,6.35,9,31,23
234,u,0.0,0.0,4.0,735,207.0,0,0.0,0,0.0,0.1,578,207.0,0,0,0.0,635.0,245.0,0,0,0.0,484.0,199.0,0.0,0.0,0.0,1262,0,10251,3,0.0,0.0,0.0,0.0,0.0,0.0,0.0,0.0,0.0,0.0,0.0,625.0,245.0,0.0,617.0,245.0,0.0,588.0,242.0,0.0,627.0,245.0,,,,32,,Aarón,Anselmino,Anselmino,has joined Strasbourg on loan for the rest of the season.,,0,0,0,0,0,0,0,0,0,0,0,0,0,,,,0.0,0.0,0.0,0.0,0.0,0,0,0
235,a,100.0,100.0,10.5,3,2.0,-1,1.0,0,0.0,18.0,19,7.0,96,0,4.8,19.0,8.0,9,355,1.3,207.0,92.0,0.1,9.1,0.0,2972272,17538,7506346,3038,3.1,1.3,8.59,1.89,10.48,22.43,0.55,0.12,0.67,1.43,457.4,109.0,35.0,302.1,112.0,80.0,432.0,46.0,28.0,119.0,69.0,44.0,,3.0,1.0,32,,Cole,Palmer,Palmer,,,1416,9,2,3,22,0,0,0,4,0,0,18,104,,,,0.0,0.19,1.4,1.14,6.61,20,21,63
236,a,100.0,100.0,7.0,37,22.0,0,0.0,0,0.0,4.3,91,30.0,108,0,3.7,102.0,46.0,8,467,0.7,280.0,130.0,0.1,15.4,0.0,1968385,6059,2009691,499,1.9,0.7,4.33,5.66,9.99,29.59,0.18,0.23,0.41,1.21,444.8,116.0,38.0,691.0,13.0,13.0,437.0,45.0,27.0,157.5,25.0,21.0,2.0,4.0,,32,,Pedro,Lomba Neto,Neto,,,2207,5,5,11,23,0,0,0,2,1,0,25,106,,,,0.0,0.45,0.94,1.02,4.32,15,17,74
237,a,100.0,0.0,6.5,51,32.0,0,0.0,0,0.0,12.2,28,10.0,129,0,4.3,44.0,18.0,14,579,1.3,203.0,90.0,0.2,19.8,0.0,5494136,4000,4681150,17718,3.1,0.0,10.39,5.98,16.37,36.29,0.36,0.21,0.57,1.27,688.0,28.0,7.0,817.5,6.0,6.0,671.0,18.0,8.0,217.7,4.0,2.0,3.0,2.0,2.0,32,,Enzo,Fernández,Enzo,,,2577,8,4,8,35,0,0,0,8,0,0,29,211,,,,0.0,0.28,1.22,1.01,7.37,48,45,118
238,a,100.0,100.0,6.4,61,40.0,0,0.0,-1,1.0,1.8,147,51.0,56,0,2.8,235.0,95.0,4,172,0.3,344.0,164.0,0.0,8.8,0.0,864679,1552,913407,163,1.1,0.3,2.82,2.13,4.95,8.5,0.33,0.25,0.58,1.01,183.4,292.0,128.0,220.1,161.0,108.0,289.0,96.0,59.0,69.1,199.0,97.0,4.0,,3.0,32,,Estêvão,Almeida de Oliveira Gonçalves,Estêvão,,,758,2,5,4,9,0,0,0,3,0,0,10,54,,,,0.0,0.47,1.07,1.19,6.41,11,9,34
239,d,25.0,25.0,6.0,88,56.0,0,0.0,-5,5.0,0.1,485,169.0,25,0,1.6,405.0,176.0,0,99,0.0,807.0,359.0,0.0,4.2,0.0,17204,1,42077,5,0.1,0.0,0.81,0.94,1.75,8.89,0.15,0.17,0.32,1.65,93.0,375.0,166.0,130.4,239.0,151.0,91.0,271.0,147.0,31.3,338.0,165.0,,,,32,,Jamie,Bynoe-Gittens,Gittens,Hamstring injury - 25% chance of playing,,486,0,2,1,7,0,0,0,0,0,0,5,29,,,,0.0,0.19,1.3,0.93,5.37,8,6,15
240,u,0.0,0.0,5.9,96,62.0,0,0.0,-1,1.0,0.1,526,191.0,0,0,0.0,816.0,364.0,0,0,0.0,801.0,354.0,0.0,0.0,0.0,2668,0,23779,1,0.0,0.0,0.0,0.0,0.0,0.0,0.0,0.0,0.0,0.0,0.0,816.0,364.0,0.0,816.0,364.0,0.0,815.0,364.0,0.0,816.0,364.0,,,,32,,Christopher,Nkunku,Nkunku,has joined AC Milan permanently.,,0,0,0,0,0,0,0,0,0,0,0,0,0,,,,0.0,0.0,0.0,0.0,0.0,0,0,0
241,a,100.0,100.0,5.7,118,75.0,0,0.0,2,-2.0,7.5,54,20.0,96,0,3.7,99.0,43.0,10,481,1.0,236.0,103.0,0.2,16.8,0.0,3270412,2323,3235892,684,2.5,1.0,1.3,2.04,3.34,31.98,0.05,0.08,0.13,1.32,494.0,88.0,30.0,309.4,106.0,77.0,112.0,242.0,134.0,91.4,125.0,70.0,,,,32,,Moisés,Caicedo Corozo,Caicedo,,,2181,3,1,6,33,0,0,0,9,1,0,25,305,,,,0.0,0.25,1.36,1.03,12.59,76,88,141
244,a,100.0,100.0,4.9,337,208.0,0,0.0,-1,1.0,0.0,691,280.0,8,0,1.0,494.0,226.0,0,42,0.7,259.0,118.0,0.1,1.6,0.0,3018,10,4764,4,1.9,0.7,0.14,0.11,0.25,4.12,0.06,0.04,0.1,1.69,19.6,453.0,201.0,22.1,395.0,199.0,11.0,409.0,203.0,5.2,450.0,202.0,,,,32,,Roméo,Lavia,Lavia,,,220,0,0,0,4,0,0,0,0,0,0,2,24,,,,0.0,0.0,1.64,0.82,9.82,4,8,12
245,s,0.0,0.0,4.9,329,204.0,0,0.0,-1,1.0,0.0,750,318.0,0,0,0.0,784.0,341.0,0,0,0.0,724.0,302.0,0.0,0.0,0.0,1072,3,1346,1,0.0,0.0,0.0,0.0,0.0,0.0,0.0,0.0,0.0,0.0,0.0,783.0,340.0,0.0,779.0,340.0,0.0,775.0,338.0,0.0,783.0,340.0,,,,32,,Mykhailo,Mudryk,Mudryk,Suspended - unknown return date,,0,0,0,0,0,0,0,0,0,0,0,0,0,,,,0.0,0.0,0.0,0.0,0.0,0,0,0
246,a,100.0,100.0,4.5,458,276.0,0,0.0,0,0.0,0.3,327,113.0,32,0,1.4,419.0,183.0,0,174,0.3,322.0,144.0,0.1,7.1,0.0,78247,97,86015,59,1.1,0.3,1.7,0.81,2.51,14.87,0.15,0.07,0.22,1.34,156.2,317.0,143.0,127.9,242.0,152.0,61.0,319.0,168.0,34.5,329.0,162.0,,,,32,,Andrey,Nascimento dos Santos,Andrey Santos,,,997,0,0,1,14,0,0,0,4,0,0,10,106,,,,0.0,0.09,1.26,0.9,9.57,28,40,38
247,a,100.0,100.0,4.3,601,352.0,0,0.0,-2,2.0,0.1,558,204.0,0,0,0.0,654.0,246.0,0,0,0.0,525.0,170.0,0.0,0.0,0.0,13549,34,14706,16,0.5,0.0,0.0,0.0,0.0,0.0,0.0,0.0,0.0,0.0,0.0,644.0,236.0,0.0,639.0,241.0,0.0,614.0,228.0,0.0,646.0,238.0,,,,32,,Dário,Luís Essugo,D.Essugo,,,0,0,0,0,0,0,0,0,0,0,0,0,0,,,,0.0,0.0,0.0,0.0,0.0,0,0,0
248,u,0.0,0.0,4.5,499,309.0,0,0.0,0,0.0,0.0,790,345.0,0,0,0.0,749.0,315.0,0,0,0.0,659.0,259.0,0.0,0.0,0.0,0,0,952,0,0.0,0.0,0.0,0.0,0.0,0.0,0.0,0.0,0.0,0.0,0.0,748.0,314.0,0.0,741.0,314.0,0.0,728.0,310.0,0.0,748.0,314.0,,,,32,,Kendry,Páez Andrade,Paez,has joined River Plate on loan for the rest of the season.,,0,0,0,0,0,0,0,0,0,0,0,0,0,,,,0.0,0.0,0.0,0.0,0.0,0,0,0
249,a,,,7.7,19,6.0,-1,1.0,2,-2.0,50.0,3,2.0,164,0,5.3,9.0,2.0,28,667,1.3,205.0,26.0,0.2,21.3,0.0,8659338,17724,8993847,6288,3.1,1.3,13.51,1.88,15.39,30.77,0.53,0.07,0.6,1.2,720.2,19.0,4.0,436.8,49.0,2.0,817.0,5.0,4.0,197.0,12.0,4.0,,,,32,,João Pedro,Junqueira de Jesus,João Pedro,,,2307,14,9,10,27,0,0,0,4,0,0,27,126,,,,0.0,0.39,1.05,1.05,4.92,25,36,65
250,a,100.0,100.0,6.2,77,25.0,0,0.0,-3,3.0,0.9,199,29.0,38,0,1.7,395.0,48.0,1,116,0.7,277.0,37.0,0.1,6.1,0.0,110115,61,468432,77,1.9,0.7,3.97,0.2,4.16,11.53,0.46,0.02,0.48,1.32,65.4,402.0,46.0,56.7,339.0,40.0,311.0,84.0,28.0,42.4,297.0,33.0,,,,32,,Liam,Delap,Delap,,,784,1,2,2,13,0,0,0,2,0,0,9,33,,,,0.0,0.23,1.49,1.03,3.79,4,10,19
251,u,0.0,0.0,6.5,54,19.0,0,0.0,0,0.0,0.1,537,75.0,0,0,0.0,822.0,92.0,0,0,0.0,815.0,91.0,0.0,0.0,0.0,4962,0,15388,4,0.0,0.0,0.0,0.0,0.0,0.0,0.0,0.0,0.0,0.0,0.0,822.0,92.0,0.0,822.0,92.0,0.0,822.0,92.0,0.0,822.0,92.0,,,,32,,Nicolas,Jackson,N.Jackson,has joined Bayern Munich on loan for the rest of the season.,,0,0,0,0,0,0,0,0,0,0,0,0,0,,,,0.0,0.0,0.0,0.0,0.0,0,0,0
252,a,100.0,100.0,4.0,699,92.0,0,0.0,-5,5.0,5.2,74,15.0,12,0,1.3,428.0,52.0,0,19,0.0,452.0,46.0,0.0,3.0,0.0,1238955,681,2807214,1273,0.5,0.0,1.46,0.29,1.75,5.65,0.53,0.11,0.64,2.06,24.6,444.0,53.0,38.8,367.0,46.0,81.0,285.0,49.0,12.6,411.0,53.0,,,,32,,Marc,Guiu Paz,Marc Guiu,,,247,0,1,0,2,0,0,0,1,0,0,1,7,,,,0.0,0.0,0.73,0.36,2.55,0,4,3
453,a,,,6.4,60,39.0,0,0.0,-1,1.0,0.5,271,94.0,51,0,2.5,279.0,119.0,3,200,0.7,278.0,128.0,0.1,8.0,0.0,243351,275,234195,84,1.9,0.7,3.1,3.59,6.69,18.83,0.25,0.29,0.54,1.52,196.2,280.0,118.0,366.1,72.0,56.0,352.0,71.0,41.0,90.4,126.0,71.0,,,,32,,Alejandro,Garnacho Ferreyra,Garnacho,,,1118,1,4,4,16,0,0,0,2,0,0,14,61,,,,0.0,0.32,1.29,1.13,4.91,13,9,39
672,a,100.0,100.0,4.6,406,73.0,0,0.0,-4,4.0,0.2,386,145.0,12,0,0.8,515.0,179.0,0,42,0.7,249.0,89.0,0.2,2.6,0.0,19211,125,41718,17,1.9,0.7,0.3,0.48,0.78,10.12,0.04,0.07,0.11,1.43,123.0,346.0,131.0,94.3,285.0,87.0,30.0,368.0,123.0,24.7,359.0,123.0,,,,32,,Jorrel,Hato,Hato,,,638,0,0,0,16,0,0,0,4,0,0,6,62,,,,0.0,0.0,2.26,0.85,8.04,20,37,27
803,a,,,4.0,702,58.0,0,0.0,0,0.0,0.0,781,90.0,0,0,0.0,608.0,80.0,0,0,0.0,454.0,69.0,0.0,0.0,0.0,214,0,163,0,0.5,0.0,0.0,0.0,0.0,0.0,0.0,0.0,0.0,0.0,0.0,598.0,80.0,0.0,589.0,67.0,0.0,559.0,54.0,0.0,600.0,80.0,,,,32,,Teddy,Sharman-Lowe,Sharman-Lowe,,,0,0,0,0,0,0,0,0,0,0,0,0,0,,,,0.0,0.0,0.0,0.0,0.0,0,0,0
253,a,,,5.1,222,7.0,0,0.0,1,-1.0,8.1,45,8.0,115,0,4.0,60.0,6.0,7,478,0.0,754.0,94.0,0.0,22.5,0.0,1129989,1218,1010732,1723,0.0,0.0,0.0,0.1,0.1,39.04,0.0,0.0,0.0,1.35,692.0,26.0,8.0,10.0,434.0,13.0,0.0,796.0,91.0,70.1,196.0,9.0,,,,32,,Dean,Henderson,Henderson,,,2610,0,0,10,35,0,1,0,3,0,86,29,80,,,,2.97,0.34,1.21,1.0,0.0,0,43,234
254,a,100.0,100.0,3.9,750,73.0,0,0.0,-1,1.0,0.3,305,40.0,7,0,7.0,1.0,1.0,0,29,3.5,77.0,9.0,0.9,1.8,0.0,20377,88,32399,42,3.5,3.5,0.0,0.0,0.0,1.12,0.0,0.0,0.0,1.12,22.8,446.0,33.0,0.0,525.0,28.0,0.0,494.0,15.0,2.3,470.0,33.0,,,,32,,Walter,Benítez,Benitez,,,90,0,0,1,0,0,0,0,0,0,3,1,0,,,,3.0,1.0,0.0,1.0,0.0,0,1,9
255,a,,,3.9,753,76.0,0,0.0,-1,1.0,0.1,481,72.0,0,0,0.0,551.0,47.0,0,0,0.0,390.0,34.0,0.0,0.0,0.0,6259,4,8982,5,0.0,0.0,0.0,0.0,0.0,0.0,0.0,0.0,0.0,0.0,0.0,540.0,47.0,0.0,528.0,31.0,0.0,497.0,18.0,0.0,542.0,47.0,,,,32,,Remi,Matthews,Matthews,,,0,0,0,0,0,0,0,0,0,0,0,0,0,,,,0.0,0.0,0.0,0.0,0.0,0,0,0
256,a,100.0,100.0,5.8,106,7.0,0,0.0,3,-3.0,7.3,56,18.0,109,0,5.2,10.0,2.0,8,386,0.0,798.0,265.0,0.0,18.8,0.0,3728872,2556,3943393,1260,0.0,0.0,1.99,3.33,5.32,24.47,0.1,0.17,0.27,1.24,438.8,120.0,53.0,302.3,111.0,26.0,285.0,99.0,10.0,102.5,93.0,24.0,,,,32,,Daniel,Muñoz Mejía,Muñoz,,,1779,3,3,9,20,0,0,0,5,0,0,21,182,,,,0.0,0.46,1.01,1.06,7.18,49,93,82
257,a,100.0,100.0,5.1,232,33.0,0,0.0,1,-1.0,4.8,79,27.0,128,0,4.6,26.0,9.0,8,443,4.5,42.0,18.0,0.9,25.1,0.0,1696423,3164,1305727,1096,4.5,4.5,2.14,0.74,2.88,35.34,0.08,0.03,0.11,1.28,658.6,37.0,14.0,81.4,302.0,96.0,248.0,108.0,14.0,98.8,97.0,26.0,,,,32,,Maxence,Lacroix,Lacroix,,,2485,1,2,10,34,0,0,0,3,1,0,28,323,,,,0.0,0.36,1.23,1.01,10.72,50,246,78
258,a,,,5.0,255,39.0,0,0.0,0,0.0,2.1,134,52.0,114,0,3.8,79.0,30.0,7,408,3.0,103.0,43.0,0.6,22.8,0.0,483530,517,403725,440,3.0,3.0,1.06,1.63,2.69,40.16,0.04,0.05,0.09,1.35,509.4,77.0,36.0,365.8,73.0,15.0,187.0,160.0,33.0,106.3,88.0,20.0,,,,32,,Tyrick,Mitchell,Mitchell,,,2668,1,1,11,35,0,0,0,5,0,0,30,244,,,,0.0,0.37,1.18,1.01,6.61,79,117,141
259,a,100.0,100.0,4.8,356,59.0,0,0.0,-2,2.0,0.1,445,166.0,5,0,1.0,490.0,174.0,0,10,0.0,691.0,250.0,0.0,1.0,0.0,11797,32,18853,10,0.0,0.0,0.0,0.06,0.06,0.83,0.0,0.1,0.1,1.41,11.0,461.0,168.0,12.2,420.0,151.0,4.0,438.0,164.0,2.7,466.0,168.0,,,,32,,Borna,Sosa,Sosa,,,53,0,0,0,1,0,0,0,0,0,0,0,8,,,,0.0,0.0,1.7,0.0,11.89,3,4,1
261,a,100.0,100.0,4.4,539,115.0,0,0.0,-1,1.0,2.4,124,49.0,114,0,4.4,38.0,16.0,5,415,5.0,28.0,12.0,1.1,25.9,0.0,999311,1017,874145,921,5.0,5.0,1.14,1.43,2.57,33.59,0.04,0.06,0.1,1.3,633.0,43.0,19.0,149.2,219.0,55.0,140.0,213.0,53.0,92.5,119.0,34.0,,,,32,,Chris,Richards,Richards,,,2332,1,0,10,31,0,0,0,3,0,0,26,277,,,,0.0,0.39,1.2,1.0,10.23,50,215,52
262,a,100.0,100.0,4.0,707,184.0,0,0.0,0,0.0,0.0,587,210.0,14,0,2.3,294.0,109.0,0,58,0.0,457.0,177.0,0.0,3.5,0.0,6567,16,4224,20,0.0,0.0,0.11,0.05,0.16,4.33,0.03,0.01,0.04,1.25,63.8,403.0,152.0,21.3,396.0,142.0,14.0,398.0,144.0,9.9,422.0,151.0,,,,32,,Chadi,Riad Dnanou,Chadi Riad,,,312,0,1,1,3,0,0,0,2,0,0,3,18,,,,0.0,0.29,0.87,0.87,5.19,4,14,12
263,a,100.0,100.0,3.8,789,234.0,0,0.0,-2,2.0,0.5,256,97.0,15,0,1.9,345.0,126.0,2,49,0.0,357.0,126.0,0.0,3.9,0.0,91988,36,109578,62,0.0,0.0,0.43,0.6,1.03,7.31,0.08,0.11,0.19,1.33,80.6,389.0,147.0,53.5,344.0,120.0,33.0,360.0,119.0,16.6,394.0,141.0,,,,32,,Nathaniel,Clyne,Clyne,,,494,0,1,0,9,0,0,0,1,0,0,6,39,,,,0.0,0.0,1.64,1.09,7.11,14,25,16
264,u,0.0,0.0,4.0,670,164.0,0,0.0,0,0.0,0.0,705,248.0,0,0,0.0,583.0,212.0,0,0,0.0,426.0,162.0,0.0,0.0,0.0,0,0,3926,0,0.0,0.0,0.0,0.0,0.0,0.0,0.0,0.0,0.0,0.0,0.0,572.0,211.0,0.0,562.0,211.0,0.0,532.0,207.0,0.0,574.0,211.0,,,,32,,Rob,Holding,Holding,Has joined Colorado Rapids permanently.,,0,0,0,0,0,0,0,0,0,0,0,0,0,,,,0.0,0.0,0.0,0.0,0.0,0,0,0
265,a,100.0,100.0,4.0,726,198.0,0,0.0,0,0.0,0.0,695,244.0,0,0,0.0,628.0,238.0,0,0,0.0,476.0,191.0,0.0,0.0,0.0,952,3,2435,3,0.0,0.0,0.0,0.0,0.0,0.0,0.0,0.0,0.0,0.0,0.0,618.0,238.0,0.0,610.0,238.0,0.0,581.0,235.0,0.0,620.0,238.0,,,,32,,Caleb,Kporha,Kporha,,,0,0,0,0,0,0,0,0,0,0,0,0,0,,,,0.0,0.0,0.0,0.0,0.0,0,0,0
267,a,100.0,100.0,6.3,68,45.0,0,0.0,-2,2.0,4.0,95,32.0,93,0,4.7,23.0,10.0,9,284,1.5,182.0,78.0,0.2,14.8,0.0,2736182,1510,2853587,1323,1.5,1.5,7.98,0.7,8.67,24.77,0.42,0.04,0.46,1.29,377.0,153.0,55.0,200.3,177.0,116.0,400.0,51.0,30.0,97.9,102.0,58.0,,,3.0,32,,Ismaïla,Sarr,Sarr,,,1726,7,1,9,19,0,0,0,2,0,0,20,114,,,,0.0,0.47,0.99,1.04,5.94,17,36,61
268,i,0.0,0.0,4.9,324,201.0,0,0.0,-1,1.0,0.0,799,353.0,0,0,0.0,781.0,339.0,0,0,0.0,720.0,299.0,0.0,0.0,0.0,474,1,688,1,0.0,0.0,0.0,0.0,0.0,0.0,0.0,0.0,0.0,0.0,0.0,780.0,338.0,0.0,776.0,338.0,0.0,772.0,336.0,0.0,780.0,338.0,,,,32,,Cheick,Doucouré,Doucouré,Lack of match fitness - Expected back 01 Jun,,0,0,0,0,0,0,0,0,0,0,0,0,0,,,,0.0,0.0,0.0,0.0,0.0,0,0,0
269,u,0.0,0.0,4.7,395,246.0,0,0.0,-3,3.0,0.1,459,156.0,4,0,1.0,488.0,222.0,0,12,0.0,687.0,279.0,0.0,0.9,0.0,11622,0,28896,6,0.0,0.0,0.0,0.04,0.04,1.74,0.0,0.09,0.09,3.92,6.8,473.0,214.0,2.7,455.0,219.0,6.0,430.0,208.0,1.5,478.0,219.0,,,,32,,Romain,Esse,Esse,has joined Coventry City on loan for the rest of the season.,,40,0,0,0,0,0,0,0,0,0,0,0,5,,,,0.0,0.0,0.0,0.0,11.25,3,0,2
270,a,100.0,100.0,4.7,376,235.0,0,0.0,-3,3.0,0.1,487,171.0,39,0,1.4,420.0,184.0,0,184,0.0,681.0,275.0,0.0,8.3,0.0,21703,13,25728,9,0.0,0.0,1.11,1.68,2.79,20.18,0.08,0.12,0.2,1.41,162.2,311.0,139.0,291.9,116.0,82.0,86.0,279.0,150.0,53.9,252.0,125.0,3.0,,,32,,Will,Hughes,Hughes,,,1290,0,1,5,13,0,0,0,7,0,0,15,125,,,,0.0,0.35,0.91,1.05,8.72,25,44,56
271,a,100.0,100.0,5.0,250,151.0,0,0.0,0,0.0,0.1,531,194.0,53,0,2.6,256.0,105.0,0,252,0.5,289.0,132.0,0.1,10.6,0.0,44174,2,43282,9,0.5,0.5,1.42,2.07,3.49,18.27,0.09,0.13,0.22,1.11,177.2,298.0,131.0,244.7,148.0,100.0,136.0,218.0,120.0,55.9,247.0,123.0,4.0,,,32,,Daichi,Kamada,Kamada,,,1479,0,2,6,17,0,0,0,2,0,0,17,159,,,,0.0,0.37,1.03,1.03,9.68,48,29,82
272,a,100.0,100.0,4.9,290,179.0,0,0.0,-1,1.0,0.1,553,203.0,54,0,2.2,313.0,136.0,3,220,1.5,180.0,76.0,0.3,11.0,0.0,12175,8,15073,7,1.5,1.5,1.05,0.95,2.0,15.73,0.08,0.07,0.15,1.14,223.2,262.0,110.0,157.1,207.0,133.0,186.0,162.0,90.0,56.7,243.0,119.0,,,,32,,Jefferson,Lerma Solís,Lerma,,,1246,0,4,6,15,1,0,0,6,0,0,13,157,,,,0.0,0.43,1.08,0.94,11.34,20,66,71
275,u,0.0,0.0,4.3,594,349.0,0,0.0,-2,2.0,0.0,627,243.0,0,0,0.0,652.0,244.0,0,0,0.0,520.0,167.0,0.0,0.0,0.0,5497,0,7837,3,0.0,0.0,0.0,0.0,0.0,0.0,0.0,0.0,0.0,0.0,0.0,642.0,234.0,0.0,637.0,239.0,0.0,612.0,226.0,0.0,644.0,236.0,,,,32,,Naouirou,Ahamada,Ahamada,has joined AJ Auxerre permanently.,,0,0,0,0,0,0,0,0,0,0,0,0,0,,,,0.0,0.0,0.0,0.0,0.0,0,0,0
276,a,100.0,100.0,4.3,598,351.0,0,0.0,-2,2.0,1.2,178,61.0,29,0,1.6,398.0,169.0,0,81,0.0,523.0,169.0,0.0,6.7,0.0,293210,144,350362,331,0.0,0.0,2.38,0.36,2.74,10.05,0.36,0.05,0.41,1.53,86.6,379.0,167.0,94.5,283.0,167.0,164.0,183.0,101.0,34.5,328.0,161.0,,2.0,4.0,32,,Justin,Devenny,Devenny,,,593,1,0,1,10,0,0,0,0,0,0,5,48,,,,0.0,0.15,1.52,0.76,7.28,16,8,24
277,u,0.0,0.0,4.5,434,259.0,0,0.0,0,0.0,0.0,803,356.0,0,0,0.0,705.0,278.0,0,0,0.0,603.0,213.0,0.0,0.0,0.0,0,0,750,0,0.0,0.0,0.0,0.0,0.0,0.0,0.0,0.0,0.0,0.0,0.0,699.0,272.0,0.0,695.0,275.0,0.0,678.0,268.0,0.0,701.0,274.0,,,,32,,Malcolm,Ebiowei,Ebiowei,Has joined Blackpool permanently.,,0,0,0,0,0,0,0,0,0,0,0,0,0,,,,0.0,0.0,0.0,0.0,0.0,0,0,0
278,u,0.0,0.0,4.4,544,326.0,0,0.0,-1,1.0,0.0,654,259.0,0,0,0.0,675.0,259.0,0,0,0.0,559.0,186.0,0.0,0.0,0.0,4359,0,9574,1,0.0,0.0,0.0,0.0,0.0,0.0,0.0,0.0,0.0,0.0,0.0,666.0,250.0,0.0,663.0,255.0,0.0,641.0,244.0,0.0,668.0,252.0,,,,32,,Jesurun,Rak-Sakyi,J.Rak-Sakyi,has joined Stoke City on loan for the rest of the season.,,0,0,0,0,0,0,0,0,0,0,0,0,0,,,,0.0,0.0,0.0,0.0,0.0,0,0,0
279,u,0.0,0.0,4.5,462,280.0,0,0.0,0,0.0,0.0,771,330.0,0,0,0.0,723.0,295.0,0,0,0.0,624.0,231.0,0.0,0.0,0.0,95,0,1652,0,0.0,0.0,0.0,0.0,0.0,0.0,0.0,0.0,0.0,0.0,0.0,718.0,290.0,0.0,713.0,292.0,0.0,697.0,285.0,0.0,719.0,291.0,,,,32,,Matheus,França de Oliveira,M.França,Has joined CR Vasco da Gama on loan for the rest of the season.,,0,0,0,0,0,0,0,0,0,0,0,0,0,,,,0.0,0.0,0.0,0.0,0.0,0,0,0
280,u,0.0,0.0,4.5,457,275.0,0,0.0,0,0.0,0.0,817,363.0,0,0,0.0,720.0,292.0,0,0,0.0,621.0,228.0,0.0,0.0,0.0,0,0,192,0,0.0,0.0,0.0,0.0,0.0,0.0,0.0,0.0,0.0,0.0,0.0,715.0,287.0,0.0,710.0,289.0,0.0,694.0,282.0,0.0,716.0,288.0,,,,32,,David,Ozoh,Ozoh,Has joined Derby County on loan for the rest of the season.,,0,0,0,0,0,0,0,0,0,0,0,0,0,,,,0.0,0.0,0.0,0.0,0.0,0,0,0
281,a,,,4.4,555,334.0,0,0.0,-1,1.0,0.0,586,219.0,1,0,1.0,472.0,208.0,0,2,0.0,566.0,193.0,0.0,0.2,0.0,6005,3,7153,2,0.0,0.0,0.0,0.0,0.0,0.65,0.0,0.0,0.0,19.5,0.0,672.0,256.0,0.1,489.0,237.0,0.0,648.0,251.0,0.0,674.0,258.0,,,,32,,Kaden,Rodney,Rodney,,,3,0,0,0,0,0,0,0,0,0,0,0,0,,,,0.0,0.0,0.0,0.0,0.0,0,0,0
282,u,0.0,0.0,4.5,478,293.0,0,0.0,0,0.0,0.0,712,291.0,0,0,0.0,735.0,305.0,0,0,0.0,639.0,244.0,0.0,0.0,0.0,860,0,3071,1,0.0,0.0,0.0,0.0,0.0,0.0,0.0,0.0,0.0,0.0,0.0,732.0,302.0,0.0,726.0,303.0,0.0,712.0,298.0,0.0,733.0,303.0,,,,32,,Franco,Umeh-Chibueze,Umeh,has joined Portsmouth permanently.,,0,0,0,0,0,0,0,0,0,0,0,0,0,,,,0.0,0.0,0.0,0.0,0.0,0,0,0
283,a,100.0,100.0,7.5,21,8.0,0,0.0,0,0.0,6.5,63,12.0,85,0,3.5,135.0,12.0,9,281,0.5,303.0,41.0,0.1,11.3,0.0,4741082,417,5149160,458,0.5,0.5,11.99,1.26,13.25,26.69,0.56,0.06,0.62,1.24,411.8,133.0,13.0,121.7,249.0,28.0,670.0,19.0,11.0,119.9,63.0,14.0,,,2.0,32,,Jean-Philippe,Mateta,Mateta,,,1934,8,0,8,23,0,0,0,2,0,0,23,111,,,,0.0,0.37,1.07,1.07,5.17,8,51,52
284,i,0.0,0.0,5.4,164,40.0,0,0.0,-1,1.0,0.3,332,54.0,23,0,1.9,362.0,40.0,3,100,0.0,777.0,82.0,0.0,4.3,0.0,124526,7,146575,27,0.0,0.0,1.77,0.46,2.23,9.49,0.38,0.1,0.48,2.06,120.0,349.0,34.0,84.6,298.0,34.0,173.0,174.0,40.0,37.8,310.0,36.0,,,,32,,Eddie,Nketiah,Nketiah,Hamstring injury - Expected back 01 Jun,,414,2,0,0,12,0,0,0,2,0,0,2,38,,,,0.0,0.0,2.61,0.43,8.26,8,13,17
285,u,0.0,0.0,5.0,248,53.0,0,0.0,0,0.0,0.2,372,59.0,1,0,1.0,496.0,60.0,0,6,0.0,734.0,78.0,0.0,0.2,0.0,9044,0,89592,7,0.0,0.0,0.0,0.0,0.0,0.27,0.0,0.0,0.0,12.15,2.0,493.0,57.0,0.0,786.0,87.0,0.0,781.0,87.0,0.2,506.0,62.0,,,,32,,Odsonne,Édouard,Édouard,has joined RC Lens permanently.,,2,0,0,0,0,0,0,0,0,0,0,0,1,,,,0.0,0.0,0.0,0.0,45.0,1,0,0
286,a,,,4.4,563,80.0,0,0.0,-1,1.0,0.3,316,50.0,0,0,0.0,686.0,73.0,0,0,0.0,574.0,59.0,0.0,0.0,0.0,51491,17,59686,29,0.0,0.0,0.0,0.0,0.0,0.0,0.0,0.0,0.0,0.0,0.0,679.0,73.0,0.0,675.0,72.0,0.0,655.0,72.0,0.0,681.0,73.0,,,,32,,Zach,Marsh,Marsh,,,0,0,0,0,0,0,0,0,0,0,0,0,0,,,,0.0,0.0,0.0,0.0,0.0,0,0,0
580,a,,,6.5,49,31.0,0,0.0,-5,5.0,2.3,127,41.0,53,0,2.0,344.0,151.0,2,180,1.0,239.0,104.0,0.2,8.2,0.0,1146971,92,1324477,132,1.0,1.0,1.84,0.91,2.75,19.96,0.14,0.07,0.21,1.47,190.8,286.0,124.0,226.4,158.0,106.0,193.0,156.0,88.0,60.7,230.0,113.0,1.0,3.0,,32,,Brennan,Johnson,Johnson,,,1224,2,1,5,13,0,0,0,5,0,0,13,82,,,,0.0,0.37,0.96,0.96,6.03,20,26,36
654,a,100.0,100.0,6.0,87,26.0,0,0.0,-5,5.0,1.7,149,22.0,62,0,2.2,316.0,33.0,3,183,0.5,297.0,39.0,0.1,10.3,0.0,482340,179,797253,1609,0.5,0.5,4.16,0.69,4.85,28.72,0.2,0.03,0.23,1.39,242.2,248.0,23.0,165.8,202.0,20.0,386.0,58.0,23.0,78.1,162.0,22.0,,,,32,,Jørgen,Strand Larsen,Strand Larsen,,,1865,4,1,5,31,0,0,1,4,0,0,20,78,,,,0.0,0.24,1.5,0.97,3.76,7,42,29
677,d,75.0,75.0,6.2,78,50.0,0,0.0,-3,3.0,0.1,581,215.0,42,0,2.2,317.0,139.0,0,137,1.5,181.0,77.0,0.2,6.8,0.0,11277,2,14472,64,1.1,1.1,1.56,0.75,2.31,12.74,0.16,0.08,0.24,1.3,156.8,316.0,142.0,75.8,309.0,173.0,183.0,168.0,93.0,41.2,304.0,150.0,,,,32,,Evann,Guessand,Guessand,Knee injury - 75% chance of playing,,880,1,3,2,15,0,0,0,0,0,0,9,81,,,,0.0,0.2,1.53,0.92,8.28,24,15,42
690,a,100.0,100.0,4.4,567,341.0,0,0.0,-1,1.0,0.3,343,118.0,0,0,0.0,689.0,268.0,0,0,0.0,577.0,199.0,0.0,0.0,0.0,58268,10,55890,8,0.0,0.0,0.0,0.0,0.0,0.0,0.0,0.0,0.0,0.0,0.0,682.0,261.0,0.0,678.0,265.0,0.0,658.0,256.0,0.0,684.0,263.0,,,,32,,Rio,Cardines,Cardines,,,0,0,0,0,0,0,0,0,0,0,0,0,0,,,,0.0,0.0,0.0,0.0,0.0,0,0,0
712,a,100.0,100.0,5.8,109,70.0,0,0.0,-2,2.0,0.2,395,134.0,66,0,2.4,291.0,126.0,3,268,0.5,296.0,136.0,0.1,11.4,0.0,129604,40,114551,59,0.5,0.5,3.96,4.78,8.74,23.99,0.21,0.25,0.46,1.26,271.2,223.0,94.0,574.1,25.0,24.0,320.0,79.0,47.0,116.3,74.0,47.0,,1.0,,32,,Yéremy,Pino Santos,Yeremy,,,1716,2,1,7,20,0,0,0,4,0,0,21,135,,,,0.0,0.37,1.05,1.1,7.08,30,24,81
723,a,100.0,100.0,4.5,512,97.0,0,0.0,0,0.0,0.2,417,152.0,48,0,3.7,89.0,34.0,7,149,5.5,22.0,10.0,1.2,10.7,0.0,21459,321,5535,89,5.5,5.5,0.79,0.23,1.02,14.01,0.1,0.03,0.13,1.8,210.8,270.0,110.0,37.5,371.0,133.0,28.0,371.0,125.0,27.5,352.0,120.0,,,,32,,Jaydee,Canvot,Canvot,,,701,0,0,4,9,0,0,0,2,0,0,7,96,,,,0.0,0.51,1.16,0.9,12.33,24,72,28
732,a,,,5.5,153,38.0,0,0.0,0,0.0,0.1,579,79.0,17,0,1.2,443.0,54.0,0,42,0.0,794.0,85.0,0.0,3.1,0.0,14886,8,11425,17,0.0,0.0,0.49,0.01,0.5,4.63,0.28,0.01,0.29,2.62,13.2,457.0,54.0,7.1,439.0,57.0,73.0,297.0,50.0,8.8,427.0,54.0,,,,32,,Christantus,Uche,Uche,,,159,0,1,0,4,0,0,0,0,0,0,0,13,,,,0.0,0.0,2.26,0.0,7.36,1,3,9
762,a,,,4.5,515,320.0,0,0.0,0,0.0,0.0,777,335.0,2,0,1.0,487.0,221.0,0,6,0.0,673.0,269.0,0.0,0.4,0.0,707,2,451,1,0.0,0.0,0.0,0.0,0.0,0.73,0.0,0.0,0.0,9.39,1.4,497.0,229.0,1.0,471.0,228.0,0.0,741.0,320.0,0.3,501.0,230.0,,,,32,,Joél,Drakes-Thomas,Drakes-Thomas,,,7,0,0,0,1,0,0,0,0,0,0,0,3,,,,0.0,0.0,12.86,0.0,38.57,1,0,2
773,a,,,4.0,738,210.0,0,0.0,0,0.0,0.0,703,247.0,0,0,0.0,636.0,246.0,0,0,0.0,487.0,202.0,0.0,0.0,0.0,771,3,616,2,0.0,0.0,0.0,0.0,0.0,0.0,0.0,0.0,0.0,0.0,0.0,626.0,246.0,0.0,618.0,246.0,0.0,590.0,244.0,0.0,628.0,246.0,,,,32,,Dean,Benamar,Benamar,,,0,0,0,0,0,0,0,0,0,0,0,0,0,,,,0.0,0.0,0.0,0.0,0.0,0,0,0
780,a,,,4.5,508,73.0,0,0.0,0,0.0,0.0,663,85.0,0,0,0.0,757.0,83.0,0,0,0.0,667.0,69.0,0.0,0.0,0.0,3268,6,1871,8,0.0,0.0,0.0,0.0,0.0,0.0,0.0,0.0,0.0,0.0,0.0,756.0,83.0,0.0,749.0,82.0,0.0,736.0,82.0,0.0,756.0,83.0,,,,32,,Ben,Casey,Casey,,,0,0,0,0,0,0,0,0,0,0,0,0,0,,,,0.0,0.0,0.0,0.0,0.0,0,0,0
793,a,,,4.0,727,199.0,0,0.0,0,0.0,0.0,692,243.0,0,0,0.0,629.0,239.0,0,0,0.0,477.0,192.0,0.0,0.0,0.0,1462,3,765,6,0.0,0.0,0.0,0.0,0.0,0.0,0.0,0.0,0.0,0.0,0.0,619.0,239.0,0.0,611.0,239.0,0.0,582.0,236.0,0.0,621.0,239.0,,,,32,,George,King,King,,,0,0,0,0,0,0,0,0,0,0,0,0,0,,,,0.0,0.0,0.0,0.0,0.0,0,0,0
798,u,0.0,0.0,4.0,703,182.0,0,0.0,0,0.0,0.0,804,265.0,0,0,0.0,609.0,225.0,0,0,0.0,455.0,176.0,0.0,0.0,0.0,142,0,189,1,0.0,0.0,0.0,0.0,0.0,0.0,0.0,0.0,0.0,0.0,0.0,599.0,225.0,0.0,590.0,225.0,0.0,560.0,221.0,0.0,601.0,225.0,,,,32,,Danny,Imray,Imray,has joined West Brom on loan for the rest of the season.,,0,0,0,0,0,0,0,0,0,0,0,0,0,,,,0.0,0.0,0.0,0.0,0.0,0,0,0
242,a,100.0,100.0,5.1,226,138.0,0,0.0,1,-1.0,4.7,82,25.0,126,9,5.0,13.0,6.0,16,492,4.7,35.0,13.0,0.9,24.7,0.0,2054475,1524,1988926,3066,4.2,4.7,3.68,4.07,7.75,31.5,0.16,0.17,0.33,1.35,506.8,80.0,25.0,467.1,41.0,37.0,376.0,62.0,36.0,135.1,43.0,30.0,3.0,,,32,,Kiernan,Dewsbury-Hall,Dewsbury-Hall,,,2096,7,5,8,27,0,0,0,6,0,0,24,182,,,,0.0,0.34,1.16,1.03,7.81,42,36,104
243,a,100.0,100.0,4.8,373,234.0,0,0.0,-2,2.0,0.1,548,201.0,11,1,1.1,444.0,199.0,0,22,0.7,254.0,115.0,0.1,2.3,0.0,9338,6,11037,16,0.2,0.7,0.54,0.17,0.71,4.58,0.19,0.06,0.25,1.58,20.0,452.0,200.0,22.2,394.0,198.0,101.0,257.0,141.0,13.9,403.0,183.0,,,,32,,Tyrique,George,George,,,261,0,0,1,5,0,0,0,2,0,0,1,14,,,,0.0,0.34,1.72,0.34,4.83,3,1,10
287,a,,,5.6,122,2.0,0,0.0,1,-1.0,13.5,24,3.0,126,0,3.9,72.0,9.0,11,502,3.0,109.0,13.0,0.5,22.5,0.0,1749598,2192,1492811,4357,2.5,3.0,0.0,0.15,0.15,47.23,0.0,0.0,0.0,1.48,757.6,11.0,3.0,0.2,485.0,14.0,2.0,458.0,3.0,76.0,167.0,3.0,,,,32,,Jordan,Pickford,Pickford,,,2880,0,0,11,37,0,1,0,3,0,88,32,97,,,,2.75,0.34,1.16,1.0,0.0,2,40,261
293,a,100.0,100.0,4.9,335,56.0,0,0.0,-1,1.0,0.7,229,87.0,106,4,3.4,146.0,56.0,2,362,4.3,47.0,20.0,0.9,21.6,0.0,181313,229,172753,252,3.8,4.3,0.9,0.85,1.75,45.05,0.03,0.03,0.06,1.54,492.6,89.0,38.0,232.3,154.0,38.0,132.0,223.0,58.0,86.0,142.0,45.0,,,,32,,Jake,O'Brien,O'Brien,,,2636,0,3,10,35,0,0,0,2,1,0,29,229,,,,0.0,0.34,1.19,0.99,6.86,50,151,102
294,a,100.0,100.0,4.2,628,140.0,0,0.0,-3,3.0,0.1,496,177.0,3,0,1.0,461.0,170.0,0,10,0.0,497.0,210.0,0.0,0.7,0.0,6622,10,18078,8,-0.5,0.0,0.0,0.0,0.0,0.24,0.0,0.0,0.0,1.96,0.0,633.0,251.0,0.1,486.0,176.0,0.0,598.0,249.0,0.0,635.0,251.0,,,,32,,Séamus,Coleman,Coleman,,,11,0,0,0,0,0,0,0,0,0,0,1,0,,,,0.0,0.0,0.0,8.18,0.0,0,0,1
295,a,100.0,100.0,4.6,397,68.0,0,0.0,1,-1.0,3.1,110,42.0,118,0,4.4,39.0,17.0,8,380,3.7,65.0,28.0,0.8,25.7,0.0,1463441,673,1137442,2463,3.2,3.7,1.97,0.2,2.17,37.12,0.08,0.01,0.09,1.56,649.6,39.0,15.0,30.1,383.0,138.0,241.0,113.0,17.0,92.1,121.0,36.0,,,,32,,Michael,Keane,Keane,,,2135,3,0,7,30,0,0,0,0,1,0,24,288,,,,0.0,0.3,1.26,1.01,10.88,31,227,75
296,a,100.0,100.0,4.4,538,114.0,0,0.0,-1,1.0,0.0,630,225.0,21,0,3.5,122.0,44.0,0,68,0.0,555.0,233.0,0.0,4.8,0.0,5934,5,6970,8,-0.5,0.0,0.03,0.04,0.07,3.55,0.01,0.02,0.03,1.35,63.6,404.0,153.0,6.4,441.0,157.0,17.0,395.0,142.0,8.6,429.0,155.0,,,,32,,Nathan,Patterson,Patterson,,,237,0,0,2,1,0,0,0,0,0,0,3,30,,,,0.0,0.76,0.38,1.14,11.39,10,20,14
297,u,0.0,0.0,3.8,802,246.0,0,0.0,-2,2.0,0.2,406,148.0,0,0,0.0,533.0,192.0,0,0,0.0,367.0,135.0,0.0,0.0,0.0,9298,0,22073,16,0.0,0.0,0.0,0.0,0.0,0.0,0.0,0.0,0.0,0.0,0.0,522.0,191.0,0.0,506.0,190.0,0.0,474.0,184.0,0.0,524.0,191.0,,,,32,,Roman,Dixon,Dixon,has joined Stockport County on loan for the rest of the season.,,0,0,0,0,0,0,0,0,0,0,0,0,0,,,,0.0,0.0,0.0,0.0,0.0,0,0,0
298,a,,,3.8,800,244.0,0,0.0,-2,2.0,0.1,422,156.0,0,0,0.0,532.0,191.0,0,0,0.0,366.0,134.0,0.0,0.0,0.0,8107,10,15413,10,-0.5,0.0,0.0,0.0,0.0,0.0,0.0,0.0,0.0,0.0,0.0,521.0,190.0,0.0,505.0,189.0,0.0,473.0,183.0,0.0,523.0,190.0,,,,32,,Reece,Welch,Welch,,,0,0,0,0,0,0,0,0,0,0,0,0,0,,,,0.0,0.0,0.0,0.0,0.0,0,0,0
299,a,100.0,100.0,6.2,76,49.0,0,0.0,-3,3.0,4.2,92,31.0,114,2,4.4,41.0,17.0,7,475,4.7,39.0,15.0,0.8,18.4,0.0,1800822,1899,2584147,1436,4.2,4.7,5.1,4.24,9.34,33.67,0.2,0.17,0.37,1.35,538.8,69.0,19.0,410.6,64.0,51.0,450.0,40.0,23.0,140.2,41.0,29.0,,,1.0,32,,Iliman,Ndiaye,Ndiaye,,,2241,6,3,8,31,0,0,0,2,0,0,26,244,,,,0.0,0.32,1.24,1.04,9.8,58,32,154
300,a,,,5.5,142,88.0,0,0.0,-5,5.0,0.2,413,144.0,48,2,2.5,275.0,116.0,1,164,2.7,122.0,44.0,0.5,8.7,0.0,35036,22,65510,48,2.2,2.7,1.22,0.85,2.07,16.59,0.11,0.08,0.19,1.47,127.4,341.0,155.0,197.4,180.0,119.0,122.0,232.0,129.0,44.8,287.0,143.0,2.0,,,32,,Dwight,McNeil,McNeil,,,1016,0,3,6,6,0,0,0,1,0,0,12,94,,,,0.0,0.53,0.53,1.06,8.33,18,21,55
301,d,50.0,0.0,5.2,211,130.0,0,0.0,-3,3.0,0.1,530,193.0,26,0,1.6,404.0,175.0,0,111,0.0,764.0,330.0,0.0,5.0,0.0,17083,0,30104,6,-0.2,0.0,1.04,0.44,1.48,13.03,0.14,0.06,0.2,1.76,83.0,384.0,171.0,144.5,225.0,146.0,156.0,189.0,106.0,38.4,309.0,152.0,,,,32,,Carlos,Alcaraz Durán,Alcaraz,Knock - 50% chance of playing,,667,0,1,3,8,0,0,0,3,0,0,6,64,,,,0.0,0.4,1.08,0.81,8.64,13,10,41
302,a,100.0,100.0,5.4,154,97.0,0,0.0,-1,1.0,0.1,457,155.0,79,5,3.4,149.0,62.0,4,390,5.7,21.0,7.0,1.1,14.6,0.0,26591,237,29753,44,5.2,5.7,1.61,1.69,3.3,28.9,0.08,0.08,0.16,1.36,376.0,154.0,56.0,248.8,144.0,97.0,200.0,145.0,83.0,82.6,150.0,79.0,,,,32,,Idrissa Gana,Gueye,Gana,,,1919,2,3,5,23,0,0,0,1,1,0,23,208,,,,0.0,0.23,1.08,1.08,9.76,43,57,108
303,a,,,5.3,188,119.0,0,0.0,3,-3.0,4.5,87,28.0,142,3,4.4,40.0,16.0,13,701,4.3,49.0,19.0,0.8,26.8,0.0,1208258,3173,661295,4174,3.8,4.3,1.97,5.01,6.98,47.17,0.06,0.16,0.22,1.48,755.2,13.0,4.0,765.0,9.0,9.0,215.0,134.0,79.0,173.8,19.0,15.0,1.0,3.0,2.0,32,,James,Garner,Garner,,,2873,2,6,11,37,0,0,0,8,0,0,32,395,,,,0.0,0.34,1.16,1.0,12.37,94,141,160
304,a,100.0,100.0,4.8,366,229.0,0,0.0,-2,2.0,0.0,616,237.0,58,1,2.4,284.0,121.0,1,195,1.7,169.0,69.0,0.4,12.1,0.0,5908,6,6890,5,1.2,1.7,0.41,0.61,1.02,18.39,0.03,0.05,0.08,1.48,195.8,281.0,119.0,93.8,287.0,168.0,65.0,306.0,163.0,35.3,325.0,159.0,,,,32,,Tim,Iroegbunam,Iroegbunam,,,1117,0,3,8,11,0,0,0,8,0,0,13,148,,,,0.0,0.64,0.89,1.05,11.92,53,32,63
305,a,100.0,100.0,4.5,498,308.0,0,0.0,0,0.0,0.1,510,185.0,19,0,1.7,389.0,165.0,0,78,0.3,323.0,145.0,0.1,4.2,0.0,12731,18,19206,25,-0.2,0.3,0.79,0.21,1.0,10.79,0.14,0.04,0.18,1.96,58.6,408.0,178.0,66.6,320.0,178.0,78.0,289.0,156.0,20.5,380.0,177.0,,,,32,,Harrison,Armstrong,Armstrong,,,495,0,0,1,10,0,0,0,0,0,0,6,50,,,,0.0,0.18,1.82,1.09,9.09,13,13,24
307,a,,,4.4,550,330.0,0,0.0,-1,1.0,0.0,603,229.0,0,0,0.0,678.0,262.0,0,0,0.0,562.0,189.0,0.0,0.0,0.0,4982,5,6552,4,-0.5,0.0,0.0,0.0,0.0,0.0,0.0,0.0,0.0,0.0,0.0,669.0,253.0,0.0,666.0,258.0,0.0,644.0,247.0,0.0,671.0,255.0,,,,32,,Coby,Ebere,Ebere,,,0,0,0,0,0,0,0,0,0,0,0,0,0,,,,0.0,0.0,0.0,0.0,0.0,0,0,0
308,u,0.0,0.0,4.5,451,270.0,0,0.0,0,0.0,0.0,709,288.0,0,0,0.0,715.0,287.0,0,0,0.0,615.0,223.0,0.0,0.0,0.0,458,0,3766,1,0.0,0.0,0.0,0.0,0.0,0.0,0.0,0.0,0.0,0.0,0.0,710.0,282.0,0.0,705.0,284.0,0.0,689.0,277.0,0.0,711.0,283.0,,,,32,,Isaac,Heath,Heath,has joined Accrington on loan for the rest of the season.,,0,0,0,0,0,0,0,0,0,0,0,0,0,,,,0.0,0.0,0.0,0.0,0.0,0,0,0
630,a,,,3.9,751,74.0,0,0.0,-1,1.0,1.2,175,21.0,0,0,0.0,549.0,45.0,0,0,0.0,388.0,32.0,0.0,0.0,0.0,72407,12,103100,71,-0.5,0.0,0.0,0.0,0.0,0.0,0.0,0.0,0.0,0.0,0.0,538.0,45.0,0.0,526.0,29.0,0.0,495.0,16.0,0.0,540.0,45.0,,,,32,,Tom,King,King,,,0,0,0,0,0,0,0,0,0,0,0,0,0,,,,0.0,0.0,0.0,0.0,0.0,0,0,0
667,a,100.0,100.0,4.2,641,149.0,0,0.0,-3,3.0,0.1,571,204.0,0,0,0.0,644.0,251.0,0,0,0.0,501.0,212.0,0.0,0.0,0.0,2938,4,12664,7,-0.5,0.0,0.0,0.0,0.0,0.0,0.0,0.0,0.0,0.0,0.0,635.0,252.0,0.0,629.0,251.0,0.0,603.0,250.0,0.0,637.0,252.0,,,,32,,Adam,Aznou,Aznou,,,0,0,0,0,0,0,0,0,0,0,0,0,0,,,,0.0,0.0,0.0,0.0,0.0,0,0,0
704,u,0.0,0.0,4.5,437,261.0,0,0.0,0,0.0,0.0,588,220.0,0,0,0.0,708.0,280.0,0,0,0.0,606.0,215.0,0.0,0.0,0.0,8420,0,10220,0,0.0,0.0,0.0,0.0,0.0,0.0,0.0,0.0,0.0,0.0,0.0,702.0,274.0,0.0,698.0,277.0,0.0,681.0,270.0,0.0,704.0,276.0,,,,32,,Tyler,Onyango,Onyango,has joined Stockport County on loan for the rest of the season.,,0,0,0,0,0,0,0,0,0,0,0,0,0,,,,0.0,0.0,0.0,0.0,0.0,0,0,0
705,u,0.0,0.0,3.9,773,224.0,0,0.0,-1,1.0,0.2,418,153.0,0,0,0.0,565.0,204.0,0,0,0.0,405.0,152.0,0.0,0.0,0.0,18604,0,17585,13,0.0,0.0,0.0,0.0,0.0,0.0,0.0,0.0,0.0,0.0,0.0,554.0,203.0,0.0,542.0,203.0,0.0,511.0,198.0,0.0,556.0,203.0,,,,32,,Elijah,Campbell,Campbell,has joined Port Vale on loan for the rest of the season.,,0,0,0,0,0,0,0,0,0,0,0,0,0,,,,0.0,0.0,0.0,0.0,0.0,0,0,0
707,a,,,5.3,198,123.0,0,0.0,-2,2.0,0.0,649,255.0,18,0,1.3,435.0,196.0,0,49,0.0,771.0,335.0,0.0,3.4,0.0,7869,5,7440,2,-0.5,0.0,0.2,0.14,0.34,6.65,0.05,0.04,0.09,1.71,46.0,420.0,184.0,61.0,333.0,183.0,32.0,363.0,187.0,13.6,408.0,185.0,,,,32,,Tyler,Dibling,Dibling,,,349,0,0,2,2,0,0,0,2,0,0,4,40,,,,0.0,0.52,0.52,1.03,10.32,7,11,22
728,a,100.0,100.0,5.0,275,169.0,0,0.0,0,0.0,0.0,710,289.0,18,0,1.5,411.0,180.0,0,48,0.7,262.0,121.0,0.1,3.6,0.0,1596,2,1688,1,0.2,0.7,0.5,0.21,0.71,8.22,0.13,0.05,0.18,2.07,67.6,398.0,175.0,66.2,321.0,179.0,32.0,362.0,186.0,16.6,395.0,180.0,,,,32,,Merlin,Röhl,Röhl,,,358,0,0,2,6,0,0,0,0,0,0,2,48,,,,0.0,0.5,1.51,0.5,12.07,18,10,20
779,a,,,4.5,506,72.0,0,0.0,0,0.0,0.0,621,82.0,0,0,0.0,756.0,82.0,0,0,0.0,666.0,68.0,0.0,0.0,0.0,5057,14,2852,12,-0.5,0.0,0.0,0.0,0.0,0.0,0.0,0.0,0.0,0.0,0.0,755.0,82.0,0.0,748.0,81.0,0.0,735.0,81.0,0.0,755.0,82.0,,,,32,,Braiden,Graham,Graham,,,0,0,0,0,0,0,0,0,0,0,0,0,0,,,,0.0,0.0,0.0,0.0,0.0,0,0,0
314,a,,,4.9,287,10.0,0,0.0,-1,1.0,1.9,142,19.0,91,2,2.8,223.0,25.0,4,421,4.0,57.0,6.0,0.8,18.6,0.0,296835,210,277871,680,4.0,3.5,0.0,0.0,0.0,44.83,0.0,0.0,0.0,1.4,676.4,30.0,9.0,0.0,765.0,90.0,0.0,761.0,88.0,67.5,202.0,10.0,,,,32,,Bernd,Leno,Leno,,,2880,0,0,6,46,1,0,0,3,0,80,32,107,,,,2.5,0.19,1.44,1.0,0.0,4,38,268
315,u,0.0,0.0,4.0,679,48.0,0,0.0,0,0.0,0.0,761,89.0,0,0,0.0,590.0,70.0,0,0,0.0,434.0,59.0,0.0,0.0,0.0,577,0,890,0,0.0,0.0,0.0,0.0,0.0,0.0,0.0,0.0,0.0,0.0,0.0,579.0,70.0,0.0,570.0,57.0,0.0,540.0,44.0,0.0,581.0,70.0,,,,32,,Steven,Benda,Benda,has joined Feyenoord on loan for the rest of the season.,,0,0,0,0,0,0,0,0,0,0,0,0,0,,,,0.0,0.0,0.0,0.0,0.0,0,0,0
316,a,100.0,100.0,4.9,295,45.0,0,0.0,-1,1.0,0.8,205,80.0,43,3,2.7,239.0,95.0,4,191,3.0,100.0,41.0,0.6,8.8,0.0,182849,148,198833,332,3.0,2.5,0.22,1.33,1.55,17.57,0.02,0.11,0.13,1.43,269.0,225.0,89.0,279.3,125.0,31.0,44.0,340.0,111.0,59.3,232.0,80.0,,,,32,,Antonee,Robinson,Robinson,,,1109,0,0,3,14,0,0,0,3,0,0,13,104,,,,0.0,0.24,1.14,1.06,8.36,36,67,66
317,a,100.0,100.0,4.6,398,69.0,0,0.0,1,-1.0,5.1,76,25.0,105,1,3.6,105.0,37.0,5,369,4.0,55.0,24.0,0.9,22.8,0.0,1553711,326,1236399,4767,4.0,3.5,1.32,1.79,3.11,39.4,0.05,0.06,0.11,1.38,722.0,18.0,7.0,116.9,253.0,71.0,139.0,214.0,54.0,98.1,99.0,27.0,,,,32,,Joachim,Andersen,Andersen,,,2561,0,1,6,41,0,0,0,7,0,0,29,330,,,,0.0,0.21,1.44,1.02,10.3,37,256,106
318,a,100.0,100.0,4.4,535,111.0,0,0.0,-1,1.0,0.7,227,85.0,80,3,3.3,158.0,63.0,9,273,4.7,33.0,15.0,1.1,18.2,0.0,168197,113,146737,433,4.7,4.2,1.64,0.27,1.9,30.11,0.07,0.01,0.08,1.36,480.6,91.0,40.0,104.8,272.0,80.0,100.0,258.0,73.0,68.9,200.0,69.0,,,,32,,Calvin,Bassey,Bassey,,,1992,1,1,4,35,0,0,0,5,0,0,22,213,,,,0.0,0.18,1.58,0.99,7.82,50,123,92
319,a,,,4.3,582,126.0,0,0.0,-2,2.0,0.1,462,170.0,33,1,1.4,418.0,152.0,0,167,1.0,212.0,75.0,0.2,7.7,0.0,20081,13,26089,23,1.0,0.5,1.21,0.79,2.0,24.8,0.08,0.05,0.13,1.71,288.0,213.0,85.0,213.3,169.0,44.0,141.0,210.0,51.0,64.5,213.0,73.0,,,,32,,Timothy,Castagne,Castagne,,,1306,0,1,0,26,0,0,0,3,0,0,14,130,,,,0.0,0.0,1.79,0.96,7.92,28,87,41
320,a,,,4.3,585,129.0,0,0.0,-2,2.0,0.1,532,189.0,13,0,1.3,429.0,154.0,0,49,0.0,516.0,222.0,0.0,3.0,0.0,7896,12,11931,10,0.0,-0.5,0.02,0.04,0.06,10.15,0.0,0.01,0.01,1.54,118.0,353.0,134.0,5.7,444.0,159.0,12.0,403.0,148.0,13.6,407.0,146.0,,,,32,,Issa,Diop,Diop,,,592,0,0,0,11,0,0,0,2,0,0,6,55,,,,0.0,0.0,1.67,0.91,7.3,6,42,14
321,a,,,4.3,590,132.0,0,0.0,-2,2.0,0.1,574,206.0,39,0,2.8,217.0,86.0,1,155,0.0,519.0,223.0,0.0,9.1,0.0,6850,4,7877,11,0.0,-0.5,0.05,0.53,0.58,14.59,0.0,0.05,0.05,1.41,244.6,246.0,96.0,47.1,358.0,127.0,14.0,399.0,145.0,30.7,343.0,115.0,,,,32,,Jorge,Cuenca Barreno,J.Cuenca,,,931,0,0,2,11,0,0,0,5,0,0,11,120,,,,0.0,0.19,1.06,1.06,11.02,16,98,40
322,i,0.0,0.0,4.5,416,78.0,0,0.0,0,0.0,0.3,323,117.0,81,0,3.7,87.0,33.0,5,318,2.0,149.0,57.0,0.4,18.0,0.0,180644,0,169134,570,0.0,0.0,0.92,1.46,2.38,25.79,0.05,0.07,0.12,1.3,416.0,129.0,56.0,214.1,167.0,42.0,108.0,248.0,67.0,73.9,177.0,60.0,,,,32,,Kenny,Tete,Tete,Foot injury - Unknown return date,,1791,1,0,6,25,0,0,0,2,0,0,21,188,,,,0.0,0.3,1.26,1.06,8.29,65,100,82
323,a,,,3.8,815,257.0,0,0.0,-2,2.0,0.1,423,157.0,0,0,0.0,541.0,199.0,0,0,0.0,379.0,145.0,0.0,0.0,0.0,9688,6,17594,6,0.0,-0.5,0.0,0.0,0.0,0.0,0.0,0.0,0.0,0.0,0.0,530.0,198.0,0.0,516.0,198.0,0.0,485.0,193.0,0.0,532.0,198.0,,,,32,,Samuel,Amissah,Amissah,,,0,0,0,0,0,0,0,0,0,0,0,0,0,,,,0.0,0.0,0.0,0.0,0.0,0,0,0
324,a,100.0,100.0,6.4,55,35.0,0,0.0,-1,1.0,2.2,130,44.0,97,2,3.7,100.0,44.0,13,470,2.0,160.0,65.0,0.3,15.2,0.0,587047,334,496719,2822,2.0,1.5,1.39,4.35,5.74,34.6,0.06,0.18,0.24,1.4,477.6,95.0,32.0,671.7,15.0,15.0,267.0,100.0,62.0,141.7,38.0,27.0,2.0,,,32,,Alex,Iwobi,Iwobi,,,2222,4,3,4,39,0,0,0,3,0,0,26,168,,,,0.0,0.16,1.58,1.05,6.8,23,33,112
325,a,100.0,100.0,5.6,126,78.0,0,0.0,-4,4.0,0.5,260,91.0,66,1,2.1,328.0,144.0,1,285,0.7,271.0,125.0,0.1,11.8,0.0,163984,54,219529,126,0.7,0.2,4.42,1.02,5.44,25.64,0.27,0.06,0.33,1.54,256.0,241.0,103.0,290.0,117.0,83.0,342.0,74.0,42.0,88.8,131.0,73.0,,,,32,,Emile,Smith Rowe,Smith Rowe,,,1497,3,1,3,23,0,0,0,1,0,0,16,116,,,,0.0,0.18,1.38,0.96,6.97,24,35,57
327,u,0.0,0.0,5.3,184,115.0,0,0.0,-2,2.0,0.1,564,208.0,0,0,0.0,804.0,355.0,0,0,0.0,768.0,332.0,0.0,0.0,0.0,2438,0,35617,2,0.0,0.0,0.0,0.0,0.0,0.0,0.0,0.0,0.0,0.0,0.0,803.0,354.0,0.0,802.0,354.0,0.0,799.0,353.0,0.0,803.0,354.0,,,,32,,Andreas,Hoelgebaum Pereira,Andreas,has joined Palmeiras permanently.,,0,0,0,0,0,0,0,0,0,0,0,0,0,,,,0.0,0.0,0.0,0.0,0.0,0,0,0
328,a,100.0,100.0,5.4,161,100.0,0,0.0,-1,1.0,0.2,405,141.0,81,1,3.2,179.0,73.0,5,286,1.0,230.0,99.0,0.2,15.0,0.0,146717,8,140253,39,1.0,0.5,1.16,1.75,2.91,24.99,0.06,0.1,0.16,1.36,360.0,163.0,62.0,200.4,176.0,115.0,193.0,154.0,87.0,75.2,171.0,88.0,,,,32,,Ryan,Sessegnon,Sessegnon,,,1656,2,3,4,29,0,0,0,0,0,0,18,201,,,,0.0,0.22,1.58,0.98,10.92,44,90,67
329,a,100.0,100.0,6.1,81,53.0,0,0.0,6,-6.0,23.1,14,4.0,154,2,5.1,12.0,5.0,21,589,4.7,38.0,14.0,0.8,25.2,0.0,5569834,7202,2693726,12905,4.7,4.2,5.18,4.42,9.6,34.24,0.2,0.17,0.37,1.32,658.0,38.0,10.0,566.6,28.0,26.0,562.0,27.0,13.0,178.5,16.0,12.0,1.0,1.0,3.0,32,,Harry,Wilson,Wilson,,,2341,10,8,7,34,0,0,0,6,0,0,28,155,,,,0.0,0.27,1.31,1.08,5.96,24,59,72
330,a,,,4.9,304,189.0,0,0.0,-1,1.0,0.1,516,188.0,84,4,2.6,253.0,103.0,3,476,3.7,67.0,22.0,0.8,17.1,0.0,12643,16,13476,23,3.7,3.2,1.35,1.32,2.67,41.73,0.05,0.04,0.09,1.4,415.4,130.0,44.0,315.9,99.0,72.0,85.0,283.0,153.0,81.9,152.0,80.0,,,,32,,Sander,Berge,Berge,,,2679,0,3,6,44,1,0,0,5,0,0,31,263,,,,0.0,0.2,1.48,1.04,8.84,54,86,123
331,a,100.0,100.0,4.8,347,217.0,0,0.0,-2,2.0,0.0,638,249.0,29,0,1.4,422.0,186.0,1,119,0.3,325.0,147.0,0.1,6.0,0.0,2840,4,4894,3,0.3,-0.2,0.95,0.36,1.31,10.02,0.16,0.06,0.22,1.65,84.2,382.0,169.0,106.6,268.0,163.0,49.0,334.0,174.0,24.0,360.0,172.0,,,,32,,Tom,Cairney,Cairney,,,545,1,0,1,9,0,0,0,3,0,0,4,44,,,,0.0,0.17,1.49,0.66,7.27,4,8,32
332,a,100.0,100.0,4.9,308,192.0,0,0.0,-1,1.0,0.1,575,214.0,52,1,2.5,273.0,114.0,3,235,0.7,256.0,116.0,0.1,10.6,0.0,14791,7,19239,4,0.7,0.2,1.82,1.44,3.26,19.83,0.13,0.1,0.23,1.39,248.0,243.0,104.0,355.5,78.0,60.0,129.0,228.0,126.0,73.1,180.0,91.0,3.0,,,32,,Saša,Lukić,Lukić,,,1280,1,3,4,17,0,0,0,6,0,0,15,137,,,,0.0,0.28,1.2,1.05,9.63,38,47,52
333,u,0.0,0.0,4.5,477,292.0,0,0.0,0,0.0,0.0,671,270.0,0,0,0.0,734.0,304.0,0,0,0.0,638.0,243.0,0.0,0.0,0.0,898,0,6610,0,0.0,0.0,0.0,0.0,0.0,0.0,0.0,0.0,0.0,0.0,0.0,731.0,301.0,0.0,725.0,302.0,0.0,711.0,297.0,0.0,732.0,302.0,,,,32,,Martial,Godo,Godo,has joined Strasbourg permanently.,,0,0,0,0,0,0,0,0,0,0,0,0,0,,,,0.0,0.0,0.0,0.0,0.0,0,0,0
334,u,0.0,0.0,4.5,455,273.0,0,0.0,0,0.0,0.0,813,361.0,0,0,0.0,718.0,290.0,0,0,0.0,619.0,226.0,0.0,0.0,0.0,0,0,313,0,0.0,0.0,0.0,0.0,0.0,0.0,0.0,0.0,0.0,0.0,0.0,713.0,285.0,0.0,708.0,287.0,0.0,692.0,280.0,0.0,714.0,286.0,,,,32,,Luke,Harris,Harris,Has joined Oxford United on loan for the rest of the season.,,0,0,0,0,0,0,0,0,0,0,0,0,0,,,,0.0,0.0,0.0,0.0,0.0,0,0,0
335,a,100.0,100.0,4.4,564,339.0,0,0.0,-1,1.0,1.8,145,49.0,58,1,2.2,311.0,134.0,3,192,5.7,20.0,6.0,1.3,13.2,0.0,989678,1376,890813,525,5.7,5.2,2.32,0.53,2.85,16.58,0.18,0.04,0.22,1.27,187.2,288.0,125.0,154.9,209.0,135.0,299.0,90.0,56.0,63.2,220.0,108.0,,,,32,,Josh,King,King,,,1172,1,3,5,18,0,0,0,3,0,0,15,96,,,,0.0,0.38,1.38,1.15,7.37,23,20,53
336,i,0.0,0.0,4.3,581,346.0,0,0.0,-2,2.0,0.4,296,104.0,13,0,2.2,306.0,132.0,2,41,0.3,316.0,141.0,0.1,3.0,0.0,86381,7,77394,363,0.0,0.0,0.13,0.36,0.49,0.51,0.45,1.25,1.7,1.77,38.6,429.0,188.0,19.0,400.0,200.0,11.0,407.0,201.0,6.8,439.0,197.0,,,,32,,Harrison,Reed,Reed,Knock - Unknown return date,,26,1,0,0,1,0,0,0,0,0,0,0,2,,,,0.0,0.0,3.46,0.0,6.92,0,0,2
337,a,100.0,100.0,6.2,74,24.0,0,0.0,-3,3.0,2.5,121,19.0,105,1,3.4,151.0,14.0,7,385,2.7,123.0,17.0,0.4,16.9,0.0,829397,233,776914,4260,2.7,2.2,11.2,0.88,12.08,29.87,0.51,0.04,0.55,1.36,467.6,98.0,8.0,302.5,110.0,6.0,694.0,16.0,9.0,145.8,35.0,8.0,,2.0,1.0,32,,Raúl,Jiménez Rodríguez,Raúl,,,1982,9,5,8,25,0,0,0,5,0,0,25,120,,,,0.0,0.36,1.14,1.14,5.45,32,39,49
338,a,100.0,100.0,5.3,189,43.0,0,0.0,-2,2.0,0.7,219,32.0,27,2,1.8,381.0,44.0,3,72,1.7,175.0,21.0,0.3,5.1,0.0,264671,56,439620,52,1.7,1.2,2.19,0.12,2.31,11.02,0.3,0.02,0.32,1.52,94.6,374.0,39.0,89.3,292.0,32.0,214.0,136.0,32.0,38.7,308.0,35.0,,,,32,,Rodrigo,Muniz Carvalho,Muniz,,,653,1,1,1,11,1,0,0,1,0,0,6,40,,,,0.0,0.14,1.52,0.83,5.51,4,23,13
424,a,100.0,100.0,5.1,238,143.0,0,0.0,-4,4.0,0.2,360,121.0,33,1,1.9,356.0,155.0,0,139,2.0,154.0,61.0,0.4,6.5,0.0,92120,26,99768,75,2.0,1.5,1.09,1.56,2.65,9.91,0.12,0.17,0.29,1.11,109.6,361.0,162.0,247.7,146.0,99.0,155.0,190.0,107.0,51.5,264.0,136.0,,,,32,,Oscar,Bobb,Bobb,,,804,0,2,3,12,0,0,0,1,0,0,9,58,,,,0.0,0.34,1.34,1.01,6.49,15,8,35
664,a,,,3.9,747,71.0,0,0.0,-1,1.0,0.7,221,29.0,0,0,0.0,547.0,43.0,0,0,0.0,385.0,30.0,0.0,0.0,0.0,43447,8,55885,54,0.0,-0.5,0.0,0.0,0.0,0.0,0.0,0.0,0.0,0.0,0.0,536.0,43.0,0.0,523.0,26.0,0.0,492.0,13.0,0.0,538.0,43.0,,,,32,,Benjamin,Lecomte,Lecomte,,,0,0,0,0,0,0,0,0,0,0,0,0,0,,,,0.0,0.0,0.0,0.0,0.0,0,0,0
727,a,100.0,100.0,5.3,186,117.0,0,0.0,-2,2.0,0.1,511,186.0,53,1,2.9,207.0,84.0,1,215,1.0,227.0,98.0,0.2,10.0,0.0,100925,19,94195,54,1.0,0.5,2.03,3.12,5.15,13.39,0.23,0.35,0.58,1.49,257.0,240.0,102.0,277.8,127.0,88.0,226.0,123.0,73.0,75.8,170.0,87.0,,,,32,,Samuel,Chukwueze,Chukwueze,,,810,3,4,1,16,0,0,0,0,0,0,7,70,,,,0.0,0.11,1.78,0.78,7.78,6,16,48
731,i,0.0,0.0,5.8,110,71.0,0,0.0,-2,2.0,0.1,583,217.0,43,0,1.9,364.0,159.0,0,158,0.0,800.0,353.0,0.0,7.4,0.0,34752,3,31955,20,0.0,0.0,1.12,1.4,2.52,13.01,0.11,0.14,0.25,1.3,200.8,276.0,116.0,231.6,157.0,105.0,206.0,141.0,81.0,63.6,217.0,106.0,,,,32,,Kevin,Santos Lopes de Macedo,Kevin,Foot injury - Unknown return date,,898,1,2,4,15,0,0,0,1,0,0,8,75,,,,0.0,0.4,1.5,0.8,7.52,19,16,40
737,a,,,4.5,509,74.0,0,0.0,0,0.0,0.1,482,69.0,4,0,0.8,514.0,62.0,0,11,0.0,668.0,70.0,0.0,0.9,0.0,21891,12,17167,21,0.0,-0.5,0.0,0.07,0.07,0.75,0.0,0.21,0.21,2.25,1.2,500.0,59.0,11.4,424.0,56.0,8.0,423.0,58.0,2.1,471.0,57.0,,,,32,,Jonah,Kusi-Asare,Kusi-Asare,,,30,0,0,0,2,0,0,0,1,0,0,0,2,,,,0.0,0.0,6.0,0.0,6.0,0,0,2
770,a,,,4.5,504,313.0,0,0.0,0,0.0,0.0,778,336.0,0,0,0.0,754.0,319.0,0,0,0.0,664.0,263.0,0.0,0.0,0.0,700,2,422,2,0.0,-0.5,0.0,0.0,0.0,0.0,0.0,0.0,0.0,0.0,0.0,753.0,318.0,0.0,746.0,318.0,0.0,733.0,314.0,0.0,753.0,318.0,,,,32,,Seth,Ridgeon,Ridgeon,,,0,0,0,0,0,0,0,0,0,0,0,0,0,,,,0.0,0.0,0.0,0.0,0.0,0,0,0
786,a,,,4.0,704,59.0,0,0.0,0,0.0,0.0,743,85.0,0,0,0.0,610.0,81.0,0,0,0.0,456.0,70.0,0.0,0.0,0.0,733,3,400,10,0.0,-0.5,0.0,0.0,0.0,0.0,0.0,0.0,0.0,0.0,0.0,600.0,81.0,0.0,591.0,68.0,0.0,561.0,55.0,0.0,602.0,81.0,,,,32,,Alfie,McNally,McNally,,,0,0,0,0,0,0,0,0,0,0,0,0,0,,,,0.0,0.0,0.0,0.0,0.0,0,0,0
168,a,100.0,100.0,4.6,405,249.0,0,0.0,-4,4.0,0.1,497,178.0,2,0,0.7,518.0,242.0,0,5,0.0,679.0,274.0,0.0,0.4,0.0,16713,33,30097,13,0.5,-0.5,0.04,0.1,0.14,1.86,0.05,0.13,0.18,2.43,6.0,476.0,215.0,25.7,388.0,195.0,19.0,390.0,195.0,5.0,452.0,203.0,,,,32,,Facundo,Buonanotte,Buonanotte,,,69,0,0,0,2,0,0,0,1,0,0,1,5,,,,0.0,0.0,2.61,1.3,6.52,1,1,3
339,a,,,4.1,655,36.0,0,0.0,-4,4.0,0.3,307,41.0,0,0,0.0,640.0,87.0,0,0,0.0,493.0,76.0,0.0,0.0,0.0,14084,31,64421,25,0.5,-0.5,0.0,0.0,0.0,0.0,0.0,0.0,0.0,0.0,0.0,630.0,87.0,0.0,622.0,75.0,0.0,594.0,62.0,0.0,632.0,87.0,,,,32,,Illan,Meslier,Meslier,,,0,0,0,0,0,0,0,0,0,0,0,0,0,,,,0.0,0.0,0.0,0.0,0.0,0,0,0
340,a,,,3.9,748,72.0,0,0.0,-1,1.0,0.1,420,61.0,0,0,0.0,548.0,44.0,0,0,0.0,386.0,31.0,0.0,0.0,0.0,8667,9,15484,6,0.5,-0.5,0.0,0.0,0.0,0.0,0.0,0.0,0.0,0.0,0.0,537.0,44.0,0.0,524.0,27.0,0.0,493.0,14.0,0.0,539.0,44.0,,,,32,,Alex,Cairns,Cairns,,,0,0,0,0,0,0,0,0,0,0,0,0,0,,,,0.0,0.0,0.0,0.0,0.0,0,0,0
341,a,,,3.9,743,67.0,0,0.0,-1,1.0,4.9,77,13.0,42,0,2.8,214.0,23.0,0,200,4.0,51.0,3.0,1.0,10.8,0.0,564827,6791,295409,270,8.5,3.5,0.0,0.04,0.04,17.52,0.0,0.0,0.0,1.17,314.8,196.0,21.0,0.0,519.0,22.0,0.0,488.0,9.0,31.7,335.0,21.0,,,,32,,Karl,Darlow,Darlow,,,1350,0,0,3,19,0,0,0,1,0,36,15,59,,,,2.4,0.2,1.27,1.0,0.0,0,19,142
342,a,100.0,100.0,4.4,531,107.0,0,0.0,-1,1.0,0.3,326,119.0,76,0,2.6,249.0,98.0,0,227,2.0,148.0,56.0,0.5,17.3,0.0,56514,1119,49354,60,4.5,1.5,2.05,1.65,3.7,35.38,0.08,0.06,0.14,1.33,355.0,171.0,72.0,250.7,142.0,37.0,200.0,144.0,28.0,80.7,155.0,51.0,,,,32,,Jayden,Bogle,Bogle,,,2403,1,3,5,41,0,0,0,6,0,0,27,194,,,,0.0,0.19,1.54,1.01,5.62,54,96,119
343,a,100.0,100.0,4.3,586,130.0,0,0.0,-2,2.0,2.1,136,54.0,93,0,3.3,156.0,61.0,3,341,4.3,45.0,19.0,1.0,21.6,0.0,326084,10524,127963,186,9.1,3.8,2.57,0.72,3.29,35.54,0.1,0.03,0.13,1.32,590.8,49.0,22.0,145.9,223.0,56.0,228.0,122.0,20.0,96.5,105.0,29.0,,,,32,,Pascal,Struijk,Struijk,,,2430,0,1,6,40,0,0,0,4,0,0,27,269,,,,0.0,0.22,1.48,1.0,9.26,30,220,101
344,d,75.0,75.0,3.9,761,219.0,0,0.0,-1,1.0,0.6,245,92.0,66,0,3.7,85.0,31.0,5,211,6.0,14.0,5.0,1.5,16.9,0.0,146438,1114,100173,283,9.4,4.1,0.8,0.63,1.43,21.91,0.06,0.04,0.1,1.51,353.6,173.0,74.0,50.4,349.0,124.0,212.0,137.0,26.0,61.5,228.0,78.0,,,,32,,Jaka,Bijol,Bijol,Knock - 75% chance of playing,,1306,1,2,3,21,0,0,0,3,0,0,14,160,,,,0.0,0.21,1.45,0.96,10.27,21,128,49
345,a,100.0,100.0,3.8,798,242.0,0,0.0,-2,2.0,0.1,431,161.0,17,0,1.9,346.0,127.0,0,48,0.0,364.0,132.0,0.0,4.5,0.0,22849,30,18526,38,0.5,-0.5,0.0,0.01,0.01,4.93,0.0,0.0,0.0,1.46,78.4,392.0,148.0,5.6,445.0,160.0,10.0,410.0,150.0,9.4,424.0,153.0,,,,32,,Sebastiaan,Bornauw,Bornauw,,,304,0,0,1,4,0,0,0,1,0,0,4,38,,,,0.0,0.3,1.18,1.18,11.25,6,32,7
346,a,,,3.7,817,259.0,0,0.0,-3,3.0,0.3,334,121.0,1,0,1.0,447.0,159.0,0,-2,0.0,347.0,117.0,0.0,0.3,0.0,36980,297,36450,97,0.5,-0.5,0.0,0.0,0.0,0.79,0.0,0.0,0.0,10.16,0.0,509.0,180.0,0.0,492.0,178.0,0.0,459.0,171.0,0.0,511.0,180.0,,,,32,,Sam,Byram,Byram,,,7,0,0,0,1,0,0,0,0,0,0,0,0,,,,0.0,0.0,12.86,0.0,0.0,0,0,0
347,d,75.0,75.0,3.8,794,238.0,0,0.0,-2,2.0,3.3,102,36.0,59,0,2.0,332.0,121.0,8,235,-0.7,826.0,268.0,-0.2,15.5,0.0,970806,363,906011,1332,-0.7,-0.9,1.1,2.04,3.13,37.73,0.04,0.08,0.12,1.43,389.2,147.0,63.0,329.9,92.0,22.0,148.0,200.0,47.0,86.8,139.0,43.0,,,,32,,Gabriel,Gudmundsson,Gudmundsson,Groin Injury - 75% chance of playing,,2367,0,0,4,42,1,0,0,4,1,0,28,197,,,,0.0,0.15,1.6,1.06,6.16,60,102,102
348,i,0.0,0.0,3.9,756,216.0,0,0.0,-1,1.0,3.6,97,33.0,99,0,3.4,137.0,49.0,5,330,4.7,32.0,14.0,1.2,25.4,0.0,1199570,52,1027323,7287,0.0,0.0,1.2,0.4,1.6,39.93,0.04,0.01,0.05,1.41,611.8,45.0,20.0,86.7,296.0,93.0,183.0,167.0,37.0,88.4,133.0,40.0,,,,32,,Joe,Rodon,Rodon,Ankle injury - Expected back 01 May,,2546,2,0,5,46,0,0,0,1,0,0,29,269,,,,0.0,0.18,1.63,1.03,8.52,32,209,73
349,u,0.0,0.0,4.0,695,177.0,0,0.0,0,0.0,0.1,557,200.0,0,0,0.0,604.0,222.0,0,0,0.0,449.0,173.0,0.0,0.0,0.0,788,0,15992,1,0.0,0.0,0.0,0.0,0.0,0.0,0.0,0.0,0.0,0.0,0.0,593.0,221.0,0.0,584.0,221.0,0.0,554.0,217.0,0.0,595.0,221.0,,,,32,,Isaac,Schmidt,Schmidt,has joined Werder Bremen on loan for the rest of the season.,,0,0,0,0,0,0,0,0,0,0,0,0,0,,,,0.0,0.0,0.0,0.0,0.0,0,0,0
351,a,100.0,100.0,5.1,240,145.0,0,0.0,-4,4.0,0.1,512,187.0,22,0,1.4,425.0,188.0,0,88,0.0,758.0,326.0,0.0,4.3,0.0,9563,38,40591,7,0.5,-0.5,0.29,0.56,0.85,8.4,0.07,0.13,0.2,2.01,59.0,407.0,177.0,87.7,295.0,171.0,39.0,346.0,178.0,18.4,389.0,179.0,,,,32,,Wilfried,Gnonto,Gnonto,,,377,0,2,1,11,0,0,0,3,0,0,4,41,,,,0.0,0.24,2.63,0.95,9.79,14,10,17
352,u,0.0,0.0,5.1,227,139.0,0,0.0,-4,4.0,0.0,600,226.0,12,0,1.1,446.0,200.0,0,51,0.0,756.0,324.0,0.0,2.4,0.0,6000,0,18715,3,0.0,0.0,0.28,0.23,0.51,3.82,0.1,0.08,0.18,1.31,30.0,436.0,192.0,49.4,352.0,185.0,35.0,358.0,185.0,11.5,419.0,191.0,,,,32,,Jack,Harrison,Harrison,has joined ACF Fiorentina on loan for the rest of the season.,,262,0,0,0,5,0,0,0,0,0,0,1,24,,,,0.0,0.0,1.72,0.34,8.24,5,6,13
353,i,0.0,0.0,5.2,206,127.0,0,0.0,-3,3.0,0.1,486,170.0,18,0,1.2,441.0,198.0,0,72,0.3,336.0,157.0,0.1,3.5,0.0,8419,0,52967,19,0.0,0.0,0.71,0.59,1.3,10.53,0.16,0.13,0.29,2.34,47.2,417.0,183.0,113.3,260.0,158.0,103.0,253.0,139.0,26.5,356.0,170.0,,,,32,,Daniel,James,James,Muscle injury - Unknown return date,,405,0,0,1,13,0,0,0,0,0,0,4,26,,,,0.0,0.22,2.89,0.89,5.78,5,3,18
354,a,100.0,100.0,4.9,299,186.0,0,0.0,-1,1.0,0.5,267,93.0,102,0,3.6,107.0,49.0,6,461,3.3,86.0,30.0,0.7,20.8,0.0,90033,3017,45770,147,7.1,2.8,1.79,1.98,3.77,37.82,0.06,0.07,0.13,1.37,494.6,87.0,29.0,314.4,100.0,73.0,104.0,252.0,138.0,91.6,123.0,69.0,,,,32,,Ethan,Ampadu,Ampadu,,,2489,1,2,6,41,0,0,0,7,0,0,28,338,,,,0.0,0.22,1.48,1.01,12.22,69,120,149
355,u,0.0,0.0,4.9,317,197.0,0,0.0,-1,1.0,0.0,637,248.0,0,0,0.0,777.0,335.0,0,0,0.0,715.0,295.0,0.0,0.0,0.0,1234,0,10134,0,0.0,0.0,0.0,0.0,0.0,0.0,0.0,0.0,0.0,0.0,0.0,776.0,334.0,0.0,772.0,334.0,0.0,768.0,332.0,0.0,776.0,334.0,,,,32,,Sam,Greenwood,Greenwood,has joined Pogon Szczecin permanently.,,0,0,0,0,0,0,0,0,0,0,0,0,0,,,,0.0,0.0,0.0,0.0,0.0,0,0,0
356,a,,,4.7,391,243.0,0,0.0,-3,3.0,0.1,452,153.0,54,0,2.6,251.0,101.0,3,239,0.3,324.0,146.0,0.1,11.5,0.0,22180,117,15246,52,1.1,-0.2,0.46,0.85,1.31,24.63,0.03,0.06,0.09,1.72,195.6,283.0,121.0,168.0,200.0,129.0,63.0,311.0,165.0,42.4,296.0,148.0,4.0,,,32,,Ilia,Gruev,Gruev,,,1290,0,4,5,23,0,0,0,3,0,0,15,109,,,,0.0,0.35,1.6,1.05,7.6,23,37,49
357,u,0.0,0.0,4.9,321,199.0,0,0.0,-1,1.0,0.0,718,297.0,0,0,0.0,779.0,337.0,0,0,0.0,718.0,297.0,0.0,0.0,0.0,203,0,4330,0,0.0,0.0,0.0,0.0,0.0,0.0,0.0,0.0,0.0,0.0,0.0,778.0,336.0,0.0,774.0,336.0,0.0,770.0,334.0,0.0,778.0,336.0,,,,32,,Largie,Ramazani,Ramazani,has joined Valencia on loan for the rest of the season.,,0,0,0,0,0,0,0,0,0,0,0,0,0,,,,0.0,0.0,0.0,0.0,0.0,0,0,0
358,a,100.0,100.0,4.8,360,224.0,0,0.0,-2,2.0,0.2,384,128.0,44,0,2.1,322.0,141.0,2,170,0.3,326.0,148.0,0.1,9.2,0.0,53842,188,63521,35,1.1,-0.2,0.85,0.65,1.5,13.39,0.1,0.08,0.18,1.59,142.8,328.0,147.0,132.5,235.0,150.0,80.0,287.0,155.0,35.5,321.0,157.0,,,,32,,Tanaka,Ao,Tanaka,,,759,2,0,2,16,0,0,0,1,0,0,7,83,,,,0.0,0.24,1.9,0.83,9.84,17,20,46
359,u,0.0,0.0,4.5,460,278.0,0,0.0,0,0.0,0.0,797,351.0,0,0,0.0,721.0,293.0,0,0,0.0,622.0,229.0,0.0,0.0,0.0,0,0,972,0,0.0,0.0,0.0,0.0,0.0,0.0,0.0,0.0,0.0,0.0,0.0,716.0,288.0,0.0,711.0,290.0,0.0,695.0,283.0,0.0,717.0,289.0,,,,32,,Charlie,Crew,Crew,Has joined Doncaster Rovers on loan for the rest of the season.,,0,0,0,0,0,0,0,0,0,0,0,0,0,,,,0.0,0.0,0.0,0.0,0.0,0,0,0
360,u,0.0,0.0,4.5,439,263.0,0,0.0,0,0.0,0.0,760,323.0,0,0,0.0,710.0,282.0,0,0,0.0,608.0,217.0,0.0,0.0,0.0,0,0,2899,0,0.0,0.0,0.0,0.0,0.0,0.0,0.0,0.0,0.0,0.0,0.0,704.0,276.0,0.0,700.0,279.0,0.0,683.0,272.0,0.0,706.0,278.0,,,,32,,Joe,Gelhardt,Gelhardt,Has joined Hull City on loan for the rest of the season.,,0,0,0,0,0,0,0,0,0,0,0,0,0,,,,0.0,0.0,0.0,0.0,0.0,0,0,0
362,a,100.0,100.0,4.9,316,58.0,0,0.0,-6,6.0,0.3,301,46.0,14,0,1.1,445.0,55.0,0,34,0.0,714.0,74.0,0.0,2.9,0.0,39251,11,220973,38,0.5,-0.5,0.81,0.13,0.94,5.3,0.34,0.05,0.39,2.22,10.6,462.0,55.0,36.9,372.0,48.0,96.0,264.0,46.0,13.8,404.0,51.0,,,3.0,32,,Joël,Piroe,Piroe,,,215,0,0,1,7,0,0,0,0,0,0,2,11,,,,0.0,0.42,2.93,0.84,4.6,1,1,9
363,u,0.0,0.0,4.9,288,57.0,0,0.0,-1,1.0,0.3,310,49.0,0,0,0.0,771.0,85.0,0,0,0.0,699.0,73.0,0.0,0.0,0.0,16144,0,203125,9,0.0,0.0,0.0,0.0,0.0,0.0,0.0,0.0,0.0,0.0,0.0,770.0,85.0,0.0,766.0,84.0,0.0,762.0,84.0,0.0,770.0,85.0,,,,32,,Patrick,Bamford,Bamford,has departed the club as a free agent.,,0,0,0,0,0,0,0,0,0,0,0,0,0,,,,0.0,0.0,0.0,0.0,0.0,0,0,0
364,u,0.0,0.0,5.0,278,56.0,0,0.0,0,0.0,0.0,747,91.0,0,0,0.0,798.0,88.0,0,0,0.0,746.0,80.0,0.0,0.0,0.0,0,0,2427,0,0.0,0.0,0.0,0.0,0.0,0.0,0.0,0.0,0.0,0.0,0.0,797.0,88.0,0.0,795.0,88.0,0.0,790.0,88.0,0.0,797.0,88.0,,,,32,,Mateo,Joseph Fernández-Regatillo,Mateo Joseph,Has joined RCD Mallorca on loan for the rest of the season.,,0,0,0,0,0,0,0,0,0,0,0,0,0,,,,0.0,0.0,0.0,0.0,0.0,0,0,0
365,a,100.0,100.0,5.0,247,52.0,0,0.0,0,0.0,0.6,248,35.0,66,0,2.6,255.0,27.0,8,236,1.0,222.0,28.0,0.2,13.2,0.0,214777,171,223971,179,2.5,0.5,6.22,0.92,7.14,16.78,0.65,0.1,0.75,1.74,260.6,233.0,20.0,94.5,284.0,31.0,346.0,72.0,26.0,70.2,195.0,25.0,,,2.0,32,,Lukas,Nmecha,Nmecha,,,866,6,1,3,18,0,0,1,0,0,0,9,42,,,,0.0,0.31,1.87,0.94,4.36,8,12,22
493,a,100.0,100.0,4.8,350,220.0,0,0.0,-2,2.0,0.2,361,122.0,44,0,2.6,252.0,102.0,4,234,0.0,688.0,280.0,0.0,9.2,0.0,177846,30,182123,17,0.5,-0.5,0.83,1.48,2.31,13.95,0.08,0.14,0.22,1.33,240.2,250.0,106.0,357.3,76.0,59.0,71.0,299.0,160.0,66.8,203.0,99.0,2.0,2.0,,32,,Sean,Longstaff,Longstaff,,,943,1,2,1,19,0,0,0,2,0,0,10,100,,,,0.0,0.1,1.81,0.95,9.54,37,25,38
370,a,100.0,100.0,5.7,116,10.0,0,0.0,-3,3.0,5.2,75,24.0,57,6,3.6,115.0,41.0,1,227,4.0,59.0,25.0,0.7,10.0,0.0,689465,618,3379975,897,4.5,4.5,0.43,1.41,1.84,8.93,0.05,0.16,0.21,0.99,118.0,355.0,136.0,213.8,168.0,43.0,139.0,215.0,55.0,47.2,278.0,89.0,,,,32,,Jeremie,Frimpong,Frimpong,,,815,0,5,5,9,0,0,0,1,0,0,10,32,,,,0.0,0.55,0.99,1.1,3.09,9,19,42
371,a,,,5.6,131,14.0,0,0.0,-4,4.0,3.1,109,41.0,79,0,2.8,229.0,93.0,4,335,2.3,141.0,53.0,0.4,14.1,0.0,373078,300,815696,777,2.8,2.8,1.47,0.65,2.12,26.97,0.07,0.03,0.1,1.2,410.0,135.0,58.0,381.2,69.0,13.0,135.0,220.0,56.0,92.8,117.0,33.0,,,,32,,Milos,Kerkez,Kerkez,,,2026,2,1,6,31,0,0,0,4,0,0,25,151,,,,0.0,0.27,1.38,1.11,5.55,40,85,78
372,a,,,5.7,113,9.0,0,0.0,-3,3.0,1.0,191,73.0,43,6,2.1,329.0,119.0,4,174,3.0,112.0,47.0,0.5,7.5,0.0,62401,86,137652,85,3.5,3.5,0.68,1.05,1.72,11.29,0.07,0.11,0.18,1.19,168.6,305.0,117.0,255.5,137.0,35.0,97.0,263.0,75.0,52.3,258.0,84.0,,,,32,,Andrew,Robertson,Robertson,,,854,0,0,4,11,0,0,0,0,0,0,7,55,,,,0.0,0.42,1.16,0.74,4.74,11,34,32
373,a,,,6.3,63,2.0,0,0.0,3,-3.0,32.5,9,3.0,144,9,4.5,35.0,15.0,10,508,4.7,40.0,17.0,0.7,22.9,0.0,4726215,2403,3841304,17768,5.2,5.2,2.78,1.21,3.99,38.36,0.09,0.04,0.13,1.2,950.6,3.0,1.0,197.2,181.0,47.0,391.0,55.0,1.0,153.9,28.0,1.0,,,,32,,Virgil,van Dijk,Virgil,,,2880,3,1,10,42,0,0,0,4,0,0,32,329,,,,0.0,0.31,1.31,1.0,9.5,23,281,70
374,a,100.0,100.0,5.5,137,16.0,0,0.0,0,0.0,4.1,93,30.0,117,6,3.9,71.0,27.0,8,469,2.0,156.0,61.0,0.4,21.3,0.0,851083,596,771851,2458,2.5,2.5,1.05,0.92,1.97,31.92,0.04,0.03,0.07,1.12,662.0,36.0,13.0,142.4,227.0,58.0,96.0,266.0,77.0,90.2,128.0,38.0,,,,32,,Ibrahima,Konaté,Konaté,,,2570,1,0,10,34,0,0,0,6,0,0,30,277,,,,0.0,0.35,1.19,1.05,8.82,47,205,96
375,i,0.0,0.0,4.9,334,55.0,0,0.0,-1,1.0,0.1,421,155.0,42,0,2.8,224.0,92.0,2,157,0.0,726.0,255.0,0.0,8.6,0.0,62734,0,72233,16,0.0,0.0,0.18,0.84,1.02,10.77,0.02,0.08,0.1,1.04,157.4,314.0,118.0,105.2,270.0,78.0,62.0,315.0,97.0,32.3,333.0,111.0,,,,32,,Conor,Bradley,Bradley,Knee injury - Expected back 01 Jun,,928,0,2,4,13,0,0,0,5,0,0,12,82,,,,0.0,0.39,1.26,1.16,6.3,19,46,43
376,a,100.0,100.0,4.9,296,46.0,0,0.0,-1,1.0,0.2,415,151.0,31,1,1.8,378.0,142.0,2,91,1.0,219.0,79.0,0.2,6.3,0.0,24801,32,30265,18,1.5,1.5,0.23,0.62,0.85,8.03,0.04,0.11,0.15,1.41,114.6,360.0,138.0,71.6,313.0,103.0,26.0,375.0,129.0,21.3,378.0,133.0,,,,32,,Joe,Gomez,Gomez,,,512,0,2,2,12,0,0,0,2,0,0,6,40,,,,0.0,0.35,2.11,1.05,6.86,8,31,18
377,u,0.0,0.0,4.8,354,58.0,0,0.0,-2,2.0,0.0,598,214.0,0,0,0.0,769.0,263.0,0,0,0.0,690.0,249.0,0.0,0.0,0.0,1669,0,12285,2,0.0,0.0,0.0,0.0,0.0,0.0,0.0,0.0,0.0,0.0,0.0,768.0,263.0,0.0,763.0,263.0,0.0,755.0,263.0,0.0,768.0,263.0,,,,32,,Konstantinos,Tsimikas,Tsimikas,has joined AS Roma on loan for the rest of the season.,,0,0,0,0,0,0,0,0,0,0,0,0,0,,,,0.0,0.0,0.0,0.0,0.0,0,0,0
378,a,100.0,100.0,3.7,826,268.0,0,0.0,-3,3.0,1.0,192,74.0,0,0,0.0,525.0,186.0,0,0,0.0,355.0,125.0,0.0,0.0,0.0,229610,45,132814,344,0.5,0.5,0.0,0.0,0.0,0.0,0.0,0.0,0.0,0.0,0.0,514.0,185.0,0.0,498.0,184.0,0.0,466.0,178.0,0.0,516.0,185.0,,,,32,,Amara,Nallo,Nallo,,,0,0,0,0,0,0,0,0,0,0,0,0,0,,,,0.0,0.0,0.0,0.0,0.0,0,0,0
379,a,,,3.7,818,260.0,0,0.0,-3,3.0,0.6,249,94.0,0,0,0.0,521.0,182.0,0,0,0.0,348.0,118.0,0.0,0.0,0.0,99322,88,60497,190,0.5,0.5,0.0,0.0,0.0,0.0,0.0,0.0,0.0,0.0,0.0,510.0,181.0,0.0,493.0,179.0,0.0,460.0,172.0,0.0,512.0,181.0,,,,32,,Rhys,Williams,R.Williams,,,0,0,0,0,0,0,0,0,0,0,0,0,0,,,,0.0,0.0,0.0,0.0,0.0,0,0,0
380,a,,,3.7,820,262.0,0,0.0,-3,3.0,0.2,358,132.0,0,0,0.0,522.0,183.0,0,0,0.0,350.0,120.0,0.0,0.0,0.0,29273,136,32628,35,0.5,0.5,0.0,0.0,0.0,0.0,0.0,0.0,0.0,0.0,0.0,511.0,182.0,0.0,494.0,180.0,0.0,462.0,174.0,0.0,513.0,182.0,,,,32,,Calvin,Ramsay,Ramsay,,,0,0,0,0,0,0,0,0,0,0,0,0,0,,,,0.0,0.0,0.0,0.0,0.0,0,0,0
381,a,100.0,100.0,14.0,2,1.0,0,0.0,-5,5.0,14.0,21,8.0,105,8,4.6,28.0,13.0,7,332,3.0,116.0,40.0,0.2,7.5,0.0,1437927,547,5995048,1315,3.5,3.5,7.55,4.79,12.34,27.66,0.36,0.23,0.59,1.31,445.8,115.0,37.0,672.9,14.0,14.0,712.0,13.0,5.0,183.1,15.0,11.0,2.0,4.0,1.0,32,,Mohamed,Salah,M.Salah,,,1907,6,6,7,32,0,0,0,1,0,0,20,92,,,,0.0,0.33,1.51,0.94,4.34,14,10,68
382,a,100.0,100.0,8.3,13,8.0,0,0.0,-2,2.0,9.1,39,13.0,111,6,4.0,64.0,30.0,16,465,3.7,76.0,27.0,0.4,13.4,0.0,2253790,1037,4829428,3379,4.2,4.2,5.98,4.61,10.58,27.15,0.26,0.2,0.46,1.18,461.4,106.0,34.0,804.0,7.0,7.0,591.0,25.0,11.0,185.6,13.0,9.0,4.0,5.0,,32,,Florian,Wirtz,Wirtz,,,2070,4,4,10,25,0,0,0,1,0,0,24,153,,,,0.0,0.43,1.09,1.04,6.65,31,22,100
383,u,0.0,0.0,8.0,16,11.0,0,0.0,0,0.0,0.0,608,232.0,0,0,0.0,825.0,370.0,0,0,0.0,823.0,370.0,0.0,0.0,0.0,0,0,7364,0,0.0,0.0,0.0,0.0,0.0,0.0,0.0,0.0,0.0,0.0,0.0,825.0,370.0,0.0,825.0,370.0,0.0,825.0,370.0,0.0,825.0,370.0,,,,32,,Luis,Díaz Marulanda,Luis Díaz,Has joined Bayern Munch permanently.,,0,0,0,0,0,0,0,0,0,0,0,0,0,,,,0.0,0.0,0.0,0.0,0.0,0,0,0
384,a,100.0,100.0,7.3,29,18.0,0,0.0,-2,2.0,5.7,68,23.0,112,6,3.7,104.0,48.0,5,394,3.7,74.0,25.0,0.5,15.3,0.0,3453742,166,3823586,1896,4.2,4.2,6.73,4.31,11.04,25.77,0.27,0.17,0.44,1.04,453.8,111.0,36.0,609.5,20.0,19.0,711.0,14.0,6.0,177.3,18.0,14.0,3.0,,3.0,32,,Cody,Gakpo,Gakpo,,,2234,6,4,10,29,0,0,0,2,0,0,26,132,,,,0.0,0.4,1.17,1.05,5.32,26,30,76
385,a,100.0,100.0,6.3,67,44.0,0,0.0,-2,2.0,0.3,338,115.0,34,0,1.5,414.0,182.0,0,125,0.3,343.0,163.0,0.0,5.4,0.0,56735,13,69745,14,0.8,0.8,1.36,0.61,1.97,5.41,0.44,0.2,0.64,1.76,119.8,350.0,158.0,46.9,359.0,187.0,147.0,204.0,115.0,31.1,339.0,166.0,,,,32,,Federico,Chiesa,Chiesa,,,277,2,1,0,7,0,0,0,3,0,0,1,29,,,,0.0,0.0,2.27,0.32,9.42,8,13,8
386,a,100.0,100.0,6.3,69,46.0,0,0.0,-2,2.0,2.3,128,42.0,86,1,2.8,234.0,94.0,6,399,3.3,91.0,33.0,0.5,13.7,0.0,371132,270,332446,2468,3.8,3.8,3.38,1.36,4.74,28.47,0.14,0.06,0.2,1.17,388.6,148.0,51.0,440.8,47.0,40.0,304.0,87.0,53.0,113.4,80.0,50.0,,,4.0,32,,Alexis,Mac Allister,Mac Allister,,,2198,2,3,7,31,0,0,0,5,0,0,26,191,,,,0.0,0.29,1.27,1.06,7.82,43,55,93
387,a,100.0,100.0,7.1,35,20.0,0,0.0,6,-6.0,13.5,23,9.0,128,5,4.3,45.0,19.0,17,628,6.3,13.0,5.0,0.9,18.0,0.0,3008339,3914,1658119,9327,6.8,6.8,3.85,5.23,9.08,36.36,0.13,0.17,0.3,1.22,700.4,25.0,6.0,1034.3,2.0,2.0,321.0,78.0,46.0,205.5,6.0,4.0,1.0,2.0,2.0,32,,Dominik,Szoboszlai,Szoboszlai,,,2692,5,3,9,41,0,0,1,7,1,0,30,300,,,,0.0,0.3,1.37,1.0,10.03,46,90,164
388,a,100.0,100.0,5.4,165,103.0,0,0.0,-1,1.0,0.1,464,160.0,55,1,2.0,343.0,150.0,3,312,2.7,121.0,43.0,0.5,10.2,0.0,29713,21,35065,25,3.2,3.2,1.49,2.37,3.86,22.12,0.1,0.15,0.25,1.44,259.2,236.0,100.0,336.4,89.0,66.0,185.0,165.0,92.0,78.0,163.0,85.0,,,,32,,Curtis,Jones,C.Jones,,,1387,0,2,3,26,0,0,0,1,0,0,12,158,,,,0.0,0.19,1.69,0.78,10.25,29,29,100
390,a,100.0,100.0,5.5,144,90.0,0,0.0,0,0.0,4.6,83,26.0,125,1,4.2,49.0,22.0,14,587,2.0,157.0,62.0,0.4,22.7,0.0,2067153,315,1607700,3872,2.5,2.5,1.63,2.06,3.69,32.55,0.06,0.07,0.13,1.14,602.0,48.0,12.0,422.6,56.0,47.0,173.0,175.0,97.0,119.5,65.0,41.0,,,,32,,Ryan,Gravenberch,Gravenberch,,,2563,4,5,9,34,0,0,0,5,0,0,29,268,,,,0.0,0.32,1.19,1.02,9.41,52,100,116
392,i,0.0,0.0,4.9,293,182.0,0,0.0,-1,1.0,0.1,517,189.0,12,0,1.5,410.0,179.0,0,49,0.0,702.0,287.0,0.0,2.4,0.0,7380,1,15368,2,0.0,0.0,0.04,0.05,0.09,4.11,0.02,0.03,0.05,2.18,56.0,411.0,179.0,18.1,403.0,202.0,6.0,431.0,209.0,8.0,431.0,194.0,,,,32,,Endo,Wataru,Endo,Foot injury - Unknown return date,,170,0,1,1,5,0,0,0,1,0,0,1,23,,,,0.0,0.53,2.65,0.53,12.18,7,13,3
393,i,0.0,0.0,4.2,645,370.0,0,0.0,-3,3.0,0.1,505,183.0,0,0,0.0,646.0,243.0,0,0,0.0,505.0,165.0,0.0,0.0,0.0,16258,200,12546,81,0.0,0.0,0.0,0.0,0.0,0.0,0.0,0.0,0.0,0.0,0.0,637.0,233.0,0.0,631.0,238.0,0.0,605.0,225.0,0.0,639.0,235.0,,,,32,,Stefan,Bajčetić Maquieira,Bajcetic,Hamstring injury - Unknown return date,,0,0,0,0,0,0,0,0,0,0,0,0,0,,,,0.0,0.0,0.0,0.0,0.0,0,0,0
394,u,0.0,0.0,4.4,548,328.0,0,0.0,-1,1.0,0.0,684,276.0,0,0,0.0,676.0,260.0,0,0,0.0,560.0,187.0,0.0,0.0,0.0,1737,0,4111,2,0.0,0.0,0.0,0.0,0.0,0.0,0.0,0.0,0.0,0.0,0.0,667.0,251.0,0.0,664.0,256.0,0.0,642.0,245.0,0.0,669.0,253.0,,,,32,,James,McConnell,McConnell,has joined Ajax on loan for the rest of the season.,,0,0,0,0,0,0,0,0,0,0,0,0,0,,,,0.0,0.0,0.0,0.0,0.0,0,0,0
395,u,0.0,0.0,4.5,432,257.0,0,0.0,0,0.0,0.0,805,357.0,0,0,0.0,703.0,276.0,0,0,0.0,601.0,211.0,0.0,0.0,0.0,0,0,361,0,0.0,0.0,0.0,0.0,0.0,0.0,0.0,0.0,0.0,0.0,0.0,697.0,270.0,0.0,693.0,273.0,0.0,676.0,266.0,0.0,699.0,272.0,,,,32,,Tyler,Morton,Morton,Has joined Lyon permanently.,,0,0,0,0,0,0,0,0,0,0,0,0,0,,,,0.0,0.0,0.0,0.0,0.0,0,0,0
396,a,,,4.3,617,362.0,0,0.0,-2,2.0,0.3,320,112.0,5,1,1.0,469.0,205.0,0,9,0.7,245.0,107.0,0.2,1.2,0.0,98552,28,85090,36,1.2,1.2,0.37,0.01,0.38,0.41,2.38,0.06,2.44,2.64,2.4,490.0,226.0,12.6,418.0,208.0,4.0,436.0,213.0,1.8,472.0,214.0,,,,32,,Trey,Nyoni,Nyoni,,,14,0,0,0,1,0,0,0,0,0,0,0,2,,,,0.0,0.0,6.43,0.0,12.86,0,0,2
397,u,0.0,0.0,6.5,50,18.0,0,0.0,0,0.0,0.1,555,77.0,0,0,0.0,821.0,91.0,0,0,0.0,814.0,90.0,0.0,0.0,0.0,0,0,15974,1,0.0,0.0,0.0,0.0,0.0,0.0,0.0,0.0,0.0,0.0,0.0,821.0,91.0,0.0,821.0,91.0,0.0,821.0,91.0,0.0,821.0,91.0,,,,32,,Darwin,Núñez Ribeiro,Darwin,Has joined Al-Hilal permanently.,,0,0,0,0,0,0,0,0,0,0,0,0,0,,,,0.0,0.0,0.0,0.0,0.0,0,0,0
686,a,,,4.3,622,366.0,0,0.0,-2,2.0,0.8,204,71.0,31,11,2.2,309.0,133.0,3,147,5.0,27.0,10.0,1.2,7.2,0.0,274283,1617,195960,294,5.5,5.5,0.94,1.74,2.68,5.45,0.3,0.55,0.85,1.72,140.6,330.0,148.0,153.3,213.0,139.0,151.0,196.0,110.0,44.6,290.0,144.0,,,,32,,Rio,Ngumoha,Ngumoha,,,286,2,0,2,5,0,0,0,0,0,0,2,18,,,,0.0,0.63,1.57,0.63,5.66,2,4,12
692,i,0.0,0.0,4.9,346,57.0,0,0.0,-1,1.0,0.0,721,251.0,0,0,0.0,789.0,264.0,0,0,0.0,732.0,256.0,0.0,0.0,0.0,1933,3,2572,3,0.0,0.0,0.0,0.0,0.0,0.0,0.0,0.0,0.0,0.0,0.0,788.0,264.0,0.0,784.0,264.0,0.0,780.0,264.0,0.0,788.0,264.0,,,,32,,Giovanni,Leoni,Leoni,Knee injury - Expected back 01 Sep,,0,0,0,0,0,0,0,0,0,0,0,0,0,,,,0.0,0.0,0.0,0.0,0.0,0,0,0
746,a,,,4.5,492,303.0,0,0.0,0,0.0,0.0,746,315.0,0,0,0.0,745.0,312.0,0,0,0.0,653.0,254.0,0.0,0.0,0.0,1067,1,906,2,0.5,0.5,0.0,0.0,0.0,0.0,0.0,0.0,0.0,0.0,0.0,743.0,310.0,0.0,736.0,310.0,0.0,723.0,306.0,0.0,743.0,310.0,,,,32,,Kieran,Morrison,Morrison,,,0,0,0,0,0,0,0,0,0,0,0,0,0,,,,0.0,0.0,0.0,0.0,0.0,0,0,0
760,a,,,4.0,711,186.0,0,0.0,0,0.0,0.0,685,241.0,0,0,0.0,614.0,227.0,0,0,0.0,461.0,179.0,0.0,0.0,0.0,1197,2,1071,3,0.5,0.5,0.0,0.0,0.0,0.0,0.0,0.0,0.0,0.0,0.0,604.0,227.0,0.0,596.0,227.0,0.0,566.0,223.0,0.0,606.0,227.0,,,,32,,Wellity,Lucky,Lucky,,,0,0,0,0,0,0,0,0,0,0,0,0,0,,,,0.0,0.0,0.0,0.0,0.0,0,0,0
82,a,100.0,100.0,8.2,14,9.0,0,0.0,12,-12.0,56.2,2,1.0,174,0,6.0,5.0,2.0,17,569,1.0,241.0,106.0,0.1,21.2,0.0,12374354,24199,6772833,1850,2.5,1.0,9.93,2.33,12.26,40.65,0.35,0.08,0.43,1.41,797.0,10.0,2.0,496.1,36.0,33.0,854.0,3.0,1.0,214.6,5.0,3.0,,4.0,,32,,Antoine,Semenyo,Semenyo,,,2590,15,6,8,47,0,0,1,6,0,0,29,208,,,,0.0,0.28,1.63,1.01,7.23,40,40,128
182,a,,,4.5,430,23.0,0,0.0,-5,5.0,0.9,195,24.0,11,0,3.7,88.0,11.0,0,62,0.0,599.0,88.0,0.0,2.4,0.0,100587,67,274092,50,0.5,0.0,0.0,0.0,0.0,3.97,0.0,0.0,0.0,1.32,100.2,370.0,27.0,0.0,691.0,87.0,0.0,674.0,77.0,10.1,421.0,27.0,,,,32,,James,Trafford,Trafford,,,270,0,0,1,4,0,0,0,0,0,11,3,41,,,,3.67,0.33,1.33,1.0,0.0,2,6,33
260,a,100.0,100.0,5.1,225,30.0,0,0.0,6,-6.0,33.1,8,2.0,135,0,4.8,17.0,4.0,9,516,1.0,225.0,81.0,0.2,26.5,0.0,6181354,7938,3733399,5653,2.5,1.0,3.48,2.1,5.58,35.53,0.12,0.08,0.2,1.27,689.8,27.0,9.0,223.3,159.0,41.0,342.0,73.0,6.0,125.6,54.0,7.0,,,,32,,Marc,Guéhi,Guéhi,,,2520,2,4,10,30,0,0,0,5,0,0,28,261,,,,0.0,0.36,1.07,1.0,8.07,37,189,118
399,u,0.0,0.0,5.3,182,5.0,0,0.0,-2,2.0,0.8,212,27.0,0,0,0.0,803.0,95.0,0,0,0.0,767.0,95.0,0.0,0.0,0.0,15200,0,273596,15,0.0,0.0,0.0,0.0,0.0,0.0,0.0,0.0,0.0,0.0,0.0,802.0,95.0,0.0,801.0,94.0,0.0,798.0,92.0,0.0,802.0,95.0,,,,32,,Ederson,Santana de Moraes,Ederson M.,has joined Fenerbache permanently.,,0,0,0,0,0,0,0,0,0,0,0,0,0,,,,0.0,0.0,0.0,0.0,0.0,0,0,0
401,a,100.0,100.0,3.8,791,93.0,0,0.0,-2,2.0,0.4,278,36.0,0,0,0.0,528.0,37.0,0,0,0.0,359.0,23.0,0.0,0.0,0.0,67820,48,43333,308,0.5,0.0,0.0,0.0,0.0,0.0,0.0,0.0,0.0,0.0,0.0,517.0,37.0,0.0,501.0,18.0,0.0,469.0,5.0,0.0,519.0,37.0,,,,32,,Marcus,Bettinelli,Bettinelli,,,0,0,0,0,0,0,0,0,0,0,0,0,0,,,,0.0,0.0,0.0,0.0,0.0,0,0,0
402,a,100.0,100.0,5.7,117,11.0,0,0.0,-3,3.0,4.4,90,29.0,44,0,3.4,150.0,58.0,7,183,0.5,295.0,101.0,0.1,7.7,0.0,644669,1065,2439141,568,1.5,0.5,0.41,1.6,2.01,9.8,0.05,0.19,0.24,1.13,170.2,302.0,116.0,143.6,226.0,57.0,57.0,327.0,103.0,37.0,314.0,105.0,,,,32,,Rayan,Aït-Nouri,Aït-Nouri,,,778,0,2,3,8,0,0,0,2,0,0,10,67,,,,0.0,0.35,0.93,1.16,6.83,28,31,40
403,i,0.0,0.0,5.9,101,6.0,0,0.0,-1,1.0,3.2,107,39.0,77,0,4.8,18.0,5.0,5,291,0.0,806.0,266.0,0.0,13.1,0.0,1374574,13,2193023,308,0.0,0.0,2.19,0.64,2.83,15.29,0.15,0.04,0.19,1.06,354.6,172.0,73.0,104.7,273.0,81.0,193.0,155.0,32.0,65.3,208.0,72.0,,,,32,,Joško,Gvardiol,Gvardiol,Leg injury - Unknown return date,,1301,2,2,6,13,0,0,0,2,0,0,15,115,,,,0.0,0.42,0.9,1.04,6.85,17,82,48
404,u,0.0,0.0,5.4,166,19.0,0,0.0,-1,1.0,0.3,348,128.0,0,0,0.0,806.0,267.0,0,0,0.0,778.0,262.0,0.0,0.0,0.0,9281,0,85637,6,0.0,0.0,0.0,0.0,0.0,0.0,0.0,0.0,0.0,0.0,0.0,805.0,267.0,0.0,804.0,267.0,0.0,802.0,267.0,0.0,805.0,267.0,,,,32,,Manuel,Akanji,Akanji,has joined Inter Milan on loan for the rest of the season.,,0,0,0,0,0,0,0,0,0,0,0,0,0,,,,0.0,0.0,0.0,0.0,0.0,0,0,0
405,a,,,5.2,203,27.0,0,0.0,-3,3.0,0.6,240,90.0,27,0,1.9,357.0,133.0,1,114,0.0,761.0,260.0,0.0,5.2,0.0,46241,81,87781,40,0.5,0.0,0.28,0.44,0.72,7.92,0.05,0.08,0.13,1.46,102.0,367.0,141.0,93.1,288.0,89.0,25.0,378.0,131.0,22.1,371.0,130.0,,,,32,,Nathan,Aké,Aké,,,487,0,0,2,7,0,0,0,1,0,0,4,41,,,,0.0,0.37,1.29,0.74,7.02,9,29,12
406,a,100.0,100.0,5.4,181,22.0,0,0.0,-1,1.0,0.4,279,104.0,35,0,2.3,301.0,111.0,0,174,1.0,232.0,85.0,0.2,6.5,0.0,63545,1055,77789,96,2.5,1.0,0.44,0.13,0.57,12.08,0.04,0.01,0.05,1.23,175.0,299.0,114.0,48.6,355.0,125.0,10.0,416.0,155.0,23.5,364.0,124.0,,,,32,,Abdukodir,Khusanov,Khusanov,,,887,0,0,3,8,0,0,0,2,0,0,9,90,,,,0.0,0.3,0.81,0.91,8.22,21,60,46
407,a,100.0,100.0,5.3,195,23.0,0,0.0,-2,2.0,3.0,113,44.0,128,0,4.7,21.0,6.0,16,541,1.0,228.0,83.0,0.2,24.2,0.0,978856,3412,684571,908,2.5,1.0,0.34,1.83,2.17,26.11,0.01,0.07,0.08,1.04,559.0,60.0,29.0,419.2,60.0,11.0,113.0,239.0,64.0,109.4,83.0,17.0,,,4.0,32,,Matheus,Nunes,Matheus N.,,,2264,1,7,9,23,0,0,0,4,0,0,25,198,,,,0.0,0.36,0.91,0.99,6.36,48,112,131
408,i,0.0,0.0,5.5,135,15.0,0,0.0,0,0.0,3.3,103,37.0,112,0,4.5,33.0,14.0,4,447,0.0,789.0,264.0,0.0,20.4,0.0,954589,10,1078589,1888,0.0,0.0,0.57,0.63,1.2,24.3,0.03,0.03,0.06,1.07,549.2,62.0,30.0,139.5,229.0,59.0,96.0,265.0,76.0,78.6,158.0,53.0,,,,32,,Rúben,dos Santos Gato Alves Dias,Rúben,Hamstring injury - Unknown return date,,2049,2,0,12,20,0,0,0,3,0,0,23,188,,,,0.0,0.53,0.88,1.01,7.2,13,151,71
409,d,75.0,75.0,5.4,155,17.0,0,0.0,-1,1.0,0.6,251,95.0,12,0,1.7,393.0,146.0,0,45,0.0,773.0,261.0,0.0,2.2,0.0,51951,6,110728,47,0.4,0.0,0.0,0.06,0.06,5.05,0.0,0.02,0.02,1.29,76.6,394.0,149.0,19.6,399.0,145.0,2.0,457.0,170.0,9.8,423.0,152.0,,,,32,,John,Stones,Stones,Calf injury - 75% chance of playing,,351,0,0,1,8,0,0,0,0,0,0,4,34,,,,0.0,0.26,2.05,1.03,4.87,0,19,17
410,a,100.0,100.0,4.6,403,72.0,0,0.0,-4,4.0,1.2,179,69.0,19,0,1.9,350.0,131.0,2,75,0.0,678.0,247.0,0.0,4.1,0.0,370552,76,465381,60,0.5,0.0,0.11,1.31,1.42,5.04,0.03,0.38,0.41,1.46,67.4,400.0,151.0,97.3,278.0,85.0,43.0,343.0,112.0,20.7,379.0,134.0,,,,32,,Rico,Lewis,Lewis,,,311,0,1,1,5,0,0,0,1,0,0,3,23,,,,0.0,0.29,1.45,0.87,5.5,5,14,10
411,a,100.0,100.0,5.0,262,40.0,0,0.0,0,0.0,12.7,26,9.0,125,0,4.5,30.0,11.0,6,442,1.0,223.0,80.0,0.2,25.0,0.0,3320301,24156,1772255,961,2.5,1.0,3.98,1.72,5.7,27.49,0.17,0.07,0.24,1.16,523.0,75.0,35.0,338.2,88.0,21.0,390.0,56.0,2.0,125.2,55.0,8.0,,,,32,,Nico,O'Reilly,O'Reilly,,,2130,4,3,11,20,0,0,0,4,0,0,23,163,,,,0.0,0.46,0.85,0.97,5.96,60,81,82
412,u,0.0,0.0,5.0,282,43.0,0,0.0,0,0.0,0.0,787,263.0,0,0,0.0,802.0,266.0,0,0,0.0,750.0,258.0,0.0,0.0,0.0,0,0,855,0,0.0,0.0,0.0,0.0,0.0,0.0,0.0,0.0,0.0,0.0,0.0,801.0,266.0,0.0,799.0,266.0,0.0,794.0,266.0,0.0,801.0,266.0,,,,32,,Vitor,de Oliveira Nunes dos Reis,Vitor Reis,Has joined Girona on loan for the rest of the season.,,0,0,0,0,0,0,0,0,0,0,0,0,0,,,,0.0,0.0,0.0,0.0,0.0,0,0,0
413,a,100.0,100.0,8.3,12,7.0,0,0.0,-2,2.0,2.5,120,38.0,40,0,2.4,292.0,127.0,4,122,1.5,184.0,79.0,0.2,4.8,0.0,285220,562,1290677,288,3.5,1.5,2.22,0.68,2.9,6.58,0.35,0.11,0.46,1.05,132.2,338.0,154.0,146.4,222.0,145.0,229.0,121.0,72.0,50.4,269.0,137.0,4.0,1.0,2.0,32,,Omar,Marmoush,Marmoush,,,566,1,3,3,5,0,0,0,2,0,0,7,32,,,,0.0,0.48,0.8,1.11,5.09,12,6,14
414,a,100.0,100.0,8.0,15,10.0,0,0.0,0,0.0,8.0,48,16.0,112,0,4.3,47.0,21.0,10,488,0.5,304.0,140.0,0.1,14.0,0.0,6174567,800,5558097,1425,1.5,0.5,5.34,3.98,9.32,21.81,0.27,0.2,0.47,1.09,504.2,82.0,26.0,772.4,8.0,8.0,439.0,43.0,25.0,171.4,21.0,17.0,5.0,,,32,,Phil,Foden,Foden,,,1808,7,3,10,16,0,0,0,4,0,0,21,134,,,,0.0,0.5,0.8,1.05,6.67,28,23,83
415,a,100.0,100.0,6.9,41,25.0,0,0.0,-1,1.0,0.4,286,101.0,27,0,1.6,407.0,178.0,0,90,0.0,819.0,367.0,0.0,3.9,0.0,35224,58,114587,28,0.5,0.0,1.77,1.19,2.96,6.6,0.28,0.19,0.47,1.06,81.2,387.0,173.0,138.9,230.0,148.0,232.0,119.0,71.0,45.2,286.0,142.0,,,,32,,Sávio,Moreira de Oliveira,Savinho,,,561,0,2,2,5,0,0,0,2,0,0,5,46,,,,0.0,0.32,0.8,0.8,7.38,6,9,31
416,a,100.0,100.0,6.2,75,48.0,0,0.0,-3,3.0,0.7,230,82.0,81,0,2.7,245.0,100.0,4,415,4.5,44.0,18.0,0.7,13.1,0.0,112349,1966,140132,129,9.5,4.5,1.63,3.37,4.99,28.1,0.07,0.14,0.21,1.13,406.2,137.0,46.0,613.4,18.0,18.0,226.0,124.0,74.0,124.7,56.0,36.0,1.0,,,32,,Bernardo,Mota Veiga de Carvalho e Silva,Bernardo,,,2242,2,4,9,24,0,0,0,9,0,0,26,192,,,,0.0,0.36,0.96,1.04,7.71,32,49,111
417,a,100.0,100.0,6.3,71,47.0,0,0.0,-2,2.0,7.1,57,21.0,100,0,4.0,63.0,29.0,12,440,0.5,299.0,137.0,0.1,15.9,0.0,2789974,7063,2914189,1061,1.5,0.5,2.55,6.88,9.43,16.99,0.18,0.48,0.66,1.18,441.6,117.0,39.0,709.0,11.0,11.0,380.0,61.0,35.0,153.3,29.0,23.0,3.0,2.0,,32,,Rayan,Cherki,Cherki,,,1297,3,9,6,13,0,0,0,1,0,0,14,117,,,,0.0,0.42,0.9,0.97,8.12,24,15,78
418,a,100.0,100.0,6.4,57,36.0,0,0.0,-1,1.0,2.4,126,40.0,74,0,3.4,152.0,63.0,9,319,0.5,301.0,138.0,0.1,11.6,0.0,2137463,1274,2093843,187,1.5,0.5,1.88,4.57,6.45,15.76,0.14,0.34,0.48,1.16,311.4,199.0,81.0,598.3,21.0,20.0,384.0,60.0,34.0,129.2,49.0,35.0,,,3.0,32,,Jérémy,Doku,Doku,,,1222,1,7,5,13,0,0,0,0,0,0,13,83,,,,0.0,0.37,0.96,0.96,6.11,16,10,57
420,u,0.0,0.0,6.3,62,41.0,0,0.0,-2,2.0,0.1,560,205.0,0,0,0.0,818.0,366.0,0,0,0.0,809.0,360.0,0.0,0.0,0.0,1928,0,19892,2,0.0,0.0,0.0,0.0,0.0,0.0,0.0,0.0,0.0,0.0,0.0,818.0,366.0,0.0,818.0,366.0,0.0,818.0,366.0,0.0,818.0,366.0,,,,32,,İlkay,Gündoğan,Gündoğan,has joined Galatasaray permanently.,,0,0,0,0,0,0,0,0,0,0,0,0,0,,,,0.0,0.0,0.0,0.0,0.0,0,0,0
421,a,100.0,100.0,6.3,66,43.0,0,0.0,-2,2.0,0.5,255,89.0,57,0,3.2,180.0,74.0,5,294,2.0,159.0,64.0,0.3,9.0,0.0,70446,313,105741,81,4.5,2.0,0.75,2.14,2.89,16.11,0.05,0.15,0.2,1.17,309.6,200.0,82.0,372.5,71.0,55.0,96.0,267.0,144.0,77.9,164.0,86.0,,,,32,,Rodrigo 'Rodri',Hernandez Cascante,Rodrigo,,,1243,1,0,4,13,0,0,0,2,0,0,14,175,,,,0.0,0.29,0.94,1.01,12.67,36,48,91
422,a,100.0,100.0,5.8,103,67.0,0,0.0,-2,2.0,0.0,679,273.0,1,0,1.0,505.0,236.0,0,3,0.0,796.0,351.0,0.0,0.2,0.0,2563,9,3428,2,0.5,0.0,0.0,0.0,0.0,0.0,0.0,0.0,0.0,0.0,2.6,489.0,225.0,0.8,473.0,229.0,0.0,813.0,362.0,0.3,502.0,231.0,,,,32,,Mateo,Kovačić,Kovačić,,,4,0,0,0,0,0,0,0,0,0,0,0,0,,,,0.0,0.0,0.0,0.0,0.0,0,0,0
423,a,100.0,100.0,5.9,98,64.0,0,0.0,-1,1.0,0.1,479,167.0,55,0,2.6,261.0,109.0,1,289,0.0,803.0,356.0,0.0,9.3,0.0,28131,9,31473,7,0.5,0.0,0.56,1.0,1.56,16.77,0.04,0.07,0.11,1.1,278.6,215.0,88.0,185.6,190.0,124.0,64.0,309.0,164.0,52.8,256.0,129.0,,,,32,,Nico,González Iglesias,N.Gonzalez,,,1370,1,0,7,14,0,0,0,6,0,0,15,182,,,,0.0,0.46,0.92,0.99,11.96,36,67,79
425,u,0.0,0.0,5.4,180,113.0,0,0.0,-1,1.0,0.0,748,316.0,0,0,0.0,812.0,361.0,0,0,0.0,786.0,346.0,0.0,0.0,0.0,194,0,3236,0,0.0,0.0,0.0,0.0,0.0,0.0,0.0,0.0,0.0,0.0,0.0,811.0,360.0,0.0,810.0,360.0,0.0,808.0,359.0,0.0,811.0,360.0,,,,32,,Claudio,Echeverri,Echeverri,has joined Girona on loan for the rest of the season.,,0,0,0,0,0,0,0,0,0,0,0,0,0,,,,0.0,0.0,0.0,0.0,0.0,0,0,0
427,a,,,5.0,258,157.0,0,0.0,-5,5.0,9.3,36,12.0,86,0,3.3,163.0,66.0,6,325,0.5,290.0,133.0,0.1,17.2,0.0,3557580,330,4990877,760,1.5,0.5,3.96,2.27,6.23,17.28,0.24,0.14,0.38,1.05,339.4,182.0,71.0,340.0,86.0,64.0,394.0,54.0,33.0,106.5,87.0,53.0,4.0,3.0,,32,,Tijjani,Reijnders,Reijnders,,,1488,5,2,7,16,0,0,0,2,0,0,17,95,,,,0.0,0.42,0.97,1.03,5.75,10,31,54
429,u,0.0,0.0,4.7,377,236.0,0,0.0,-3,3.0,0.1,562,207.0,0,0,0.0,765.0,328.0,0,0,0.0,682.0,276.0,0.0,0.0,0.0,4052,0,8508,5,0.0,0.0,0.0,0.0,0.0,0.0,0.0,0.0,0.0,0.0,0.0,764.0,327.0,0.0,759.0,327.0,0.0,748.0,324.0,0.0,764.0,327.0,,,,32,,Kalvin,Phillips,Phillips,has joined Sheffield United on loan for the rest of the season.,,0,0,0,0,0,0,0,0,0,0,0,0,0,,,,0.0,0.0,0.0,0.0,0.0,0,0,0
430,a,100.0,100.0,14.4,1,1.0,0,0.0,4,-4.0,58.0,1,1.0,197,0,6.8,4.0,1.0,35,786,1.0,242.0,30.0,0.1,13.7,0.0,7372885,38385,3806319,1414,2.5,1.0,21.06,1.94,23.0,30.23,0.79,0.07,0.86,1.13,977.0,2.0,1.0,264.7,133.0,8.0,1217.0,1.0,1.0,246.0,2.0,1.0,,,1.0,32,,Erling,Haaland,Haaland,,,2413,22,7,10,27,0,0,1,1,0,0,28,85,,,,0.0,0.37,1.01,1.04,3.17,13,41,31
736,a,,,5.6,125,3.0,0,0.0,1,-1.0,9.2,38,6.0,104,0,3.9,74.0,10.0,3,448,1.0,234.0,20.0,0.2,18.6,0.0,2156612,5032,1383580,2005,2.5,1.0,0.0,0.0,0.0,29.45,0.0,0.0,0.0,1.09,544.4,63.0,13.0,0.0,814.0,95.0,0.0,812.0,94.0,54.6,250.0,13.0,,,,32,,Gianluigi,Donnarumma,Donnarumma,,,2430,0,0,11,24,0,1,0,6,0,64,27,55,,,,2.37,0.41,0.89,1.0,0.0,0,35,184
739,u,0.0,0.0,4.4,568,342.0,0,0.0,-1,1.0,0.0,693,281.0,2,0,1.0,474.0,210.0,0,5,0.0,578.0,200.0,0.0,0.5,0.0,3500,0,3305,5,0.0,0.0,0.0,0.21,0.21,0.34,0.0,0.76,0.76,1.22,4.2,479.0,218.0,28.3,384.0,193.0,4.0,437.0,214.0,3.7,459.0,208.0,,,,32,,Divine,Mukasa,Mukasa,has joined Leicester City on loan for the rest of the season.,,25,0,0,0,0,0,0,0,0,0,0,0,1,,,,0.0,0.0,0.0,0.0,3.6,0,0,1
740,u,0.0,0.0,3.9,781,228.0,0,0.0,-1,1.0,0.0,622,222.0,0,0,0.0,572.0,207.0,0,0,0.0,413.0,156.0,0.0,0.0,0.0,3208,0,3938,2,0.0,0.0,0.0,0.0,0.0,0.0,0.0,0.0,0.0,0.0,0.0,561.0,206.0,0.0,549.0,206.0,0.0,518.0,201.0,0.0,563.0,206.0,,,,32,,Stephen,Mfuni,Mfuni,has joined Watford on loan for the rest of the season.,,0,0,0,0,0,0,0,0,0,0,0,0,0,,,,0.0,0.0,0.0,0.0,0.0,0,0,0
763,a,,,4.5,456,274.0,0,0.0,0,0.0,0.0,783,340.0,0,0,0.0,719.0,291.0,0,0,0.0,620.0,227.0,0.0,0.0,0.0,468,1,353,1,0.5,0.0,0.0,0.0,0.0,0.0,0.0,0.0,0.0,0.0,0.0,714.0,286.0,0.0,709.0,288.0,0.0,693.0,281.0,0.0,715.0,287.0,,,,32,,Charlie,Gray,Gray,,,0,0,0,0,0,0,0,0,0,0,0,0,0,,,,0.0,0.0,0.0,0.0,0.0,0,0,0
764,a,,,4.5,486,298.0,0,0.0,0,0.0,0.0,794,349.0,0,0,0.0,739.0,307.0,0,0,0.0,647.0,249.0,0.0,0.0,0.0,269,2,204,2,0.5,0.0,0.0,0.0,0.0,0.0,0.0,0.0,0.0,0.0,0.0,737.0,305.0,0.0,730.0,305.0,0.0,717.0,301.0,0.0,737.0,305.0,,,,32,,Reigan,Heskey,Heskey,,,0,0,0,0,0,0,0,0,0,0,0,0,0,,,,0.0,0.0,0.0,0.0,0.0,0,0,0
794,a,100.0,100.0,3.9,774,225.0,0,0.0,-6,6.0,0.0,744,256.0,5,0,2.5,265.0,100.0,0,27,0.0,406.0,153.0,0.0,1.3,0.0,5280,3,4791,6,0.5,0.0,0.26,0.06,0.32,1.54,0.17,0.04,0.21,1.03,34.0,433.0,160.0,14.8,409.0,148.0,26.0,374.0,128.0,7.5,434.0,156.0,,,,32,,Max,Alleyne,Alleyne,,,135,0,0,0,1,0,0,0,0,0,0,2,11,,,,0.0,0.0,0.67,1.33,7.33,3,8,4
119,a,100.0,100.0,8.5,11,6.0,-1,1.0,5,-5.0,20.9,17,6.0,122,0,4.7,24.0,11.0,15,448,1.3,206.0,91.0,0.2,14.4,0.0,7242462,1560,6403874,18052,1.3,1.8,7.97,4.27,12.24,29.66,0.33,0.18,0.51,1.22,544.2,64.0,17.0,692.8,12.0,12.0,742.0,9.0,4.0,197.9,11.0,8.0,2.0,2.0,,32,,Bryan,Mbeumo,Mbeumo,,,2191,9,3,5,33,0,0,0,4,0,0,26,118,,,,0.0,0.21,1.36,1.07,4.85,23,20,75
431,a,,,4.7,388,18.0,0,0.0,-3,3.0,0.3,313,42.0,11,0,1.8,375.0,33.0,0,49,0.0,684.0,90.0,0.0,2.3,0.0,37814,21,63335,24,0.0,0.5,0.0,0.05,0.05,9.24,0.0,0.01,0.01,1.54,118.4,352.0,26.0,10.0,432.0,11.0,0.0,751.0,83.0,12.8,409.0,26.0,,,,32,,Altay,Bayındır,Bayindir,,,540,0,0,0,11,0,0,0,0,0,13,6,46,,,,2.17,0.0,1.83,1.0,0.0,0,7,39
432,u,0.0,0.0,4.9,301,11.0,0,0.0,-1,1.0,0.1,428,63.0,0,0,0.0,775.0,94.0,0,0,0.0,706.0,92.0,0.0,0.0,0.0,5156,0,26601,1,0.0,0.0,0.0,0.0,0.0,0.0,0.0,0.0,0.0,0.0,0.0,774.0,94.0,0.0,770.0,91.0,0.0,766.0,89.0,0.0,774.0,94.0,,,,32,,André,Onana,Onana,has joined Trabzonspor on loan for the rest of the season.,,0,0,0,0,0,0,0,0,0,0,0,0,0,,,,0.0,0.0,0.0,0.0,0.0,0,0,0
433,u,0.0,0.0,4.0,724,65.0,0,0.0,0,0.0,0.0,811,94.0,0,0,0.0,626.0,86.0,0,0,0.0,474.0,75.0,0.0,0.0,0.0,0,0,252,0,0.0,0.0,0.0,0.0,0.0,0.0,0.0,0.0,0.0,0.0,0.0,616.0,86.0,0.0,608.0,74.0,0.0,579.0,61.0,0.0,618.0,86.0,,,,32,,Elyh,Harrison,Harrison,On loan to Shrewsbury Town,,0,0,0,0,0,0,0,0,0,0,0,0,0,,,,0.0,0.0,0.0,0.0,0.0,0,0,0
434,a,,,3.8,788,92.0,0,0.0,-2,2.0,0.3,315,43.0,0,0,0.0,526.0,36.0,0,0,0.0,356.0,22.0,0.0,0.0,0.0,24595,485,26727,92,0.0,0.5,0.0,0.0,0.0,0.0,0.0,0.0,0.0,0.0,0.0,515.0,36.0,0.0,499.0,17.0,0.0,467.0,4.0,0.0,517.0,36.0,,,,32,,Tom,Heaton,Heaton,,,0,0,0,0,0,0,0,0,0,0,0,0,0,,,,0.0,0.0,0.0,0.0,0.0,0,0,0
435,a,,,3.9,765,81.0,0,0.0,-1,1.0,0.1,492,73.0,0,0,0.0,558.0,52.0,0,0,0.0,398.0,39.0,0.0,0.0,0.0,5560,5,9034,6,0.0,0.5,0.0,0.0,0.0,0.0,0.0,0.0,0.0,0.0,0.0,547.0,52.0,0.0,535.0,36.0,0.0,504.0,23.0,0.0,549.0,52.0,,,,32,,Dermot,Mee,Mee,,,0,0,0,0,0,0,0,0,0,0,0,0,0,,,,0.0,0.0,0.0,0.0,0.0,0,0,0
436,i,0.0,0.0,4.9,306,48.0,0,0.0,-1,1.0,1.8,148,57.0,43,0,3.3,160.0,65.0,5,169,0.0,709.0,253.0,0.0,8.8,0.0,419749,6,550386,85,0.0,0.0,1.38,0.83,2.21,18.73,0.11,0.06,0.17,1.44,276.6,216.0,87.0,60.2,335.0,113.0,122.0,231.0,59.0,45.7,284.0,93.0,,,,32,,Matthijs,de Ligt,De Ligt,Back injury - Unknown return date,,1170,1,0,1,20,0,0,0,0,0,0,13,139,,,,0.0,0.08,1.54,1.0,8.23,19,88,40
437,d,75.0,75.0,4.8,357,60.0,0,0.0,-2,2.0,0.5,272,102.0,39,0,2.8,221.0,90.0,3,165,0.0,692.0,251.0,0.0,8.1,0.0,169851,24,147198,285,0.0,0.4,0.06,0.5,0.56,9.34,0.01,0.05,0.06,0.93,220.2,264.0,106.0,78.3,306.0,99.0,10.0,413.0,153.0,31.0,340.0,114.0,,,,32,,Lisandro,Martínez,Martinez,Lack of match fitness - 75% chance of playing,,904,0,0,3,11,1,0,0,0,0,0,9,75,,,,0.0,0.3,1.1,0.9,7.47,12,63,52
438,a,100.0,100.0,4.9,313,51.0,0,0.0,-1,1.0,0.2,365,134.0,28,0,1.9,352.0,132.0,3,135,0.0,712.0,254.0,0.0,5.7,0.0,37358,45,56970,30,0.0,0.5,0.17,0.28,0.44,6.96,0.03,0.04,0.07,1.03,133.8,336.0,127.0,65.9,323.0,107.0,30.0,369.0,124.0,22.8,368.0,128.0,,,,32,,Noussair,Mazraoui,Mazraoui,,,610,0,0,2,7,0,0,0,3,0,0,7,70,,,,0.0,0.3,1.03,1.03,8.56,16,42,30
439,a,,,4.1,660,161.0,0,0.0,-4,4.0,0.1,568,203.0,0,0,0.0,641.0,250.0,0,0,0.0,495.0,209.0,0.0,0.0,0.0,3468,3,8704,4,0.0,0.5,0.0,0.0,0.0,0.0,0.0,0.0,0.0,0.0,0.0,631.0,250.0,0.0,624.0,250.0,0.0,596.0,248.0,0.0,633.0,250.0,,,,32,,Diego,León Blanco,D.Leon,,,0,0,0,0,0,0,0,0,0,0,0,0,0,,,,0.0,0.0,0.0,0.0,0.0,0,0,0
440,a,100.0,100.0,4.6,399,70.0,0,0.0,1,-1.0,4.9,78,26.0,98,0,3.4,143.0,54.0,9,360,1.0,216.0,78.0,0.2,21.3,0.0,1121370,404,744478,3957,1.0,1.5,1.55,2.38,3.93,30.45,0.06,0.1,0.16,1.23,463.8,101.0,45.0,419.9,58.0,9.0,185.0,164.0,35.0,106.9,85.0,18.0,,,,32,,Diogo,Dalot Teixeira,Dalot,,,2229,1,6,6,35,0,0,0,5,0,0,25,168,,,,0.0,0.24,1.41,1.01,5.94,40,107,114
441,i,0.0,0.0,4.1,658,159.0,0,0.0,-4,4.0,2.6,119,47.0,74,0,3.4,138.0,50.0,8,261,0.0,494.0,208.0,0.0,18.0,0.0,1774232,52,2198947,1489,0.0,0.0,1.86,1.42,3.28,18.78,0.13,0.1,0.23,1.27,402.4,138.0,60.0,354.1,79.0,17.0,262.0,101.0,11.0,101.9,94.0,25.0,,,,32,,Patrick,Dorgu,Dorgu,Hamstring injury - Unknown return date,,1329,3,3,3,20,0,0,0,5,0,0,14,117,,,,0.0,0.2,1.35,0.95,6.43,47,48,72
442,a,100.0,0.0,4.4,522,101.0,0,0.0,-1,1.0,1.4,161,63.0,63,0,3.5,121.0,43.0,3,204,0.3,320.0,114.0,0.1,14.3,0.0,314136,130,241709,1622,0.3,0.0,0.81,0.19,1.0,16.71,0.06,0.01,0.07,1.25,246.0,245.0,95.0,38.2,369.0,132.0,116.0,237.0,62.0,40.3,306.0,103.0,,,,32,,Harry,Maguire,Maguire,,,1199,1,1,5,15,0,0,0,3,1,0,14,109,,,,0.0,0.38,1.13,1.05,7.36,12,86,45
443,a,100.0,100.0,4.5,413,77.0,0,0.0,0,0.0,0.8,209,81.0,77,0,2.5,270.0,104.0,0,322,2.3,129.0,51.0,0.5,17.1,0.0,192330,198,138770,394,2.3,2.8,0.51,1.51,2.01,35.04,0.02,0.05,0.07,1.21,440.0,118.0,52.0,274.3,129.0,33.0,61.0,318.0,99.0,77.6,165.0,55.0,,,,32,,Luke,Shaw,Shaw,,,2617,0,1,6,39,0,0,0,5,0,0,31,202,,,,0.0,0.21,1.34,1.07,5.88,60,111,87
447,a,100.0,100.0,3.7,825,267.0,0,0.0,-3,3.0,2.1,135,53.0,28,0,2.0,331.0,120.0,0,112,0.3,305.0,103.0,0.1,7.6,0.0,484579,707,408011,825,0.3,0.8,0.34,0.17,0.51,8.06,0.05,0.02,0.07,1.12,178.0,295.0,113.0,27.2,387.0,140.0,26.0,373.0,127.0,23.1,367.0,127.0,,,,32,,Ayden,Heaven,Heaven,,,650,0,1,1,12,1,0,0,2,0,0,8,74,,,,0.0,0.14,1.66,1.11,10.11,16,57,32
448,a,,,3.7,819,261.0,0,0.0,-3,3.0,0.4,282,105.0,2,0,1.0,448.0,160.0,0,2,0.0,349.0,119.0,0.0,0.5,0.0,57855,528,59854,70,0.0,0.5,0.0,0.0,0.0,0.35,0.0,0.0,0.0,4.5,3.6,483.0,173.0,0.5,475.0,173.0,0.0,461.0,173.0,0.4,494.0,174.0,,,,32,,Tyrell,Malacia,Malacia,,,7,0,0,0,1,0,0,0,0,0,0,0,2,,,,0.0,0.0,12.86,0.0,25.71,1,1,2
449,a,100.0,100.0,10.3,4,3.0,0,0.0,13,-13.0,45.6,4,2.0,189,0,6.8,3.0,1.0,36,795,7.7,5.0,2.0,0.7,18.3,0.0,8567539,6810,5493285,8998,7.7,8.2,10.32,9.03,19.35,34.24,0.38,0.33,0.71,1.27,1030.4,1.0,1.0,1467.1,1.0,1.0,510.0,33.0,17.0,301.0,1.0,1.0,1.0,1.0,1.0,32,,Bruno,Borges Fernandes,B.Fernandes,,,2435,8,17,4,39,0,0,2,3,0,0,28,242,,,,0.0,0.15,1.44,1.03,8.94,45,59,138
450,a,100.0,100.0,8.0,17,12.0,0,0.0,0,0.0,8.6,41,14.0,117,0,4.2,54.0,24.0,12,472,4.7,41.0,16.0,0.6,14.6,0.0,3272654,2281,3221311,4888,4.7,5.2,5.8,2.65,8.45,28.13,0.25,0.12,0.37,1.22,530.0,72.0,22.0,424.0,54.0,45.0,629.0,22.0,9.0,158.5,23.0,19.0,,,,32,,Matheus,Santos Carneiro da Cunha,Cunha,,,2068,7,4,6,29,0,0,0,1,0,0,24,174,,,,0.0,0.26,1.26,1.04,7.57,33,36,105
451,u,0.0,0.0,7.0,36,21.0,0,0.0,0,0.0,0.0,713,292.0,0,0,0.0,824.0,369.0,0,0,0.0,820.0,368.0,0.0,0.0,0.0,0,0,2149,0,0.0,0.0,0.0,0.0,0.0,0.0,0.0,0.0,0.0,0.0,0.0,824.0,369.0,0.0,824.0,369.0,0.0,824.0,369.0,0.0,824.0,369.0,,,,32,,Marcus,Rashford,Rashford,Has joined Barcelona on loan for the rest of the season,,0,0,0,0,0,0,0,0,0,0,0,0,0,,,,0.0,0.0,0.0,0.0,0.0,0,0,0
452,a,100.0,100.0,6.2,79,51.0,0,0.0,-3,3.0,1.4,162,55.0,74,0,3.0,199.0,81.0,6,400,1.3,201.0,88.0,0.2,11.9,0.0,438721,173,614716,541,1.3,1.8,4.57,3.51,8.08,24.28,0.21,0.16,0.37,1.14,381.2,151.0,53.0,538.2,33.0,30.0,487.0,36.0,20.0,140.8,39.0,28.0,3.0,,,32,,Amad,Diallo,Amad,,,1916,2,4,4,27,0,0,0,2,0,0,22,172,,,,0.0,0.19,1.27,1.03,8.08,33,40,99
454,u,0.0,0.0,5.9,99,65.0,0,0.0,-1,1.0,0.1,572,213.0,0,0,0.0,817.0,365.0,0,0,0.0,804.0,357.0,0.0,0.0,0.0,1511,0,10735,1,0.0,0.0,0.0,0.0,0.0,0.0,0.0,0.0,0.0,0.0,0.0,817.0,365.0,0.0,817.0,365.0,0.0,816.0,365.0,0.0,817.0,365.0,,,,32,,Antony,dos Santos,Antony,has joined Real Betis permanently.,,0,0,0,0,0,0,0,0,0,0,0,0,0,,,,0.0,0.0,0.0,0.0,0.0,0,0,0
455,a,100.0,100.0,5.9,95,61.0,0,0.0,-1,1.0,0.3,335,114.0,47,0,2.6,260.0,108.0,3,167,0.3,342.0,162.0,0.1,8.0,0.0,184132,16,199167,22,0.3,0.8,1.54,1.4,2.94,10.3,0.17,0.15,0.32,1.14,162.4,310.0,138.0,198.8,179.0,118.0,158.0,187.0,104.0,51.9,260.0,132.0,,,,32,,Mason,Mount,Mount,,,813,3,0,3,14,0,0,0,0,0,0,10,63,,,,0.0,0.33,1.55,1.11,6.97,14,7,42
457,a,100.0,100.0,5.7,112,72.0,0,0.0,2,-2.0,3.3,105,34.0,134,0,4.6,27.0,12.0,15,511,2.3,142.0,57.0,0.4,23.5,0.0,794871,1304,434468,2865,2.3,2.8,4.66,2.92,7.58,23.89,0.2,0.12,0.32,1.01,676.4,31.0,9.0,431.2,52.0,43.0,470.0,38.0,21.0,158.0,24.0,20.0,,,,32,,Carlos Henrique,Casimiro,Casemiro,,,2135,7,4,8,25,0,0,0,8,1,0,28,274,,,,0.0,0.34,1.05,1.18,11.55,70,89,115
458,a,100.0,100.0,4.6,404,248.0,0,0.0,-4,4.0,1.2,176,60.0,45,0,2.0,338.0,145.0,0,215,2.0,151.0,60.0,0.4,9.8,0.0,233886,407,177874,835,2.0,2.5,0.24,0.83,1.07,15.07,0.02,0.07,0.09,1.22,230.2,256.0,108.0,286.4,121.0,85.0,55.0,329.0,173.0,57.3,241.0,118.0,,,,32,,Kobbie,Mainoo,Mainoo,,,1113,0,2,3,17,0,0,0,0,0,0,10,120,,,,0.0,0.24,1.37,0.81,9.7,26,31,63
459,a,,,4.7,387,241.0,0,0.0,-3,3.0,0.1,425,145.0,34,0,1.6,400.0,171.0,0,163,0.7,251.0,112.0,0.1,7.2,0.0,30126,13,39189,18,0.7,1.2,0.5,0.15,0.65,15.85,0.06,0.02,0.08,1.81,138.8,332.0,150.0,75.5,310.0,174.0,38.0,349.0,180.0,25.1,358.0,171.0,,,,32,,Manuel,Ugarte Ribeiro,Ugarte,,,786,0,0,1,21,0,0,0,1,0,0,7,130,,,,0.0,0.11,2.4,0.8,14.89,43,37,50
460,u,0.0,0.0,4.5,446,266.0,0,0.0,0,0.0,0.0,666,266.0,0,0,0.0,712.0,284.0,0,0,0.0,611.0,219.0,0.0,0.0,0.0,505,0,9668,2,0.0,0.0,0.0,0.0,0.0,0.0,0.0,0.0,0.0,0.0,0.0,706.0,278.0,0.0,702.0,281.0,0.0,686.0,274.0,0.0,708.0,280.0,,,,32,,Toby,Collyer,Collyer,has joined Hull City on loan for the rest of the season.,,0,0,0,0,0,0,0,0,0,0,0,0,0,,,,0.0,0.0,0.0,0.0,0.0,0,0,0
461,a,,,4.3,614,360.0,0,0.0,-2,2.0,0.0,605,230.0,0,0,0.0,661.0,251.0,0,0,0.0,536.0,177.0,0.0,0.0,0.0,3581,5,5110,11,0.0,0.5,0.0,0.0,0.0,0.0,0.0,0.0,0.0,0.0,0.0,651.0,241.0,0.0,647.0,246.0,0.0,624.0,235.0,0.0,653.0,243.0,,,,32,,Jayce,Fitzgerald,Fitzgerald,,,0,0,0,0,0,0,0,0,0,0,0,0,0,,,,0.0,0.0,0.0,0.0,0.0,0,0,0
462,a,,,4.3,611,357.0,0,0.0,-2,2.0,0.1,525,190.0,3,0,1.0,467.0,204.0,0,10,0.0,533.0,174.0,0.0,0.7,0.0,15265,13,14149,19,0.0,0.5,0.03,0.02,0.05,1.86,0.03,0.02,0.05,1.56,18.6,454.0,202.0,24.4,389.0,196.0,5.0,433.0,211.0,4.8,456.0,205.0,,,,32,,Jack,Fletcher,J.Fletcher,,,107,0,0,0,0,0,0,0,0,0,0,0,11,,,,0.0,0.0,0.0,0.0,9.25,5,2,4
463,u,0.0,0.0,4.3,623,367.0,0,0.0,-2,2.0,0.1,527,192.0,0,0,0.0,666.0,255.0,0,0,0.0,542.0,181.0,0.0,0.0,0.0,9069,0,13558,6,0.0,0.0,0.0,0.0,0.0,0.0,0.0,0.0,0.0,0.0,0.0,656.0,245.0,0.0,652.0,250.0,0.0,629.0,239.0,0.0,658.0,247.0,,,,32,,Sékou,Koné,Kone,has joined Lausanne-Sport on loan for the rest of the season.,,0,0,0,0,0,0,0,0,0,0,0,0,0,,,,0.0,0.0,0.0,0.0,0.0,0,0,0
464,u,0.0,0.0,4.5,471,287.0,0,0.0,0,0.0,0.0,700,284.0,0,0,0.0,729.0,300.0,0,0,0.0,632.0,238.0,0.0,0.0,0.0,723,0,2865,0,0.0,0.0,0.0,0.0,0.0,0.0,0.0,0.0,0.0,0.0,0.0,726.0,297.0,0.0,720.0,298.0,0.0,705.0,292.0,0.0,727.0,298.0,,,,32,,Jack,Moorhouse,Moorhouse,has joined Leyton Orient on loan for the rest of the season.,,0,0,0,0,0,0,0,0,0,0,0,0,0,,,,0.0,0.0,0.0,0.0,0.0,0,0,0
465,u,0.0,0.0,6.3,72,22.0,0,0.0,-2,2.0,0.3,349,55.0,0,0,0.0,819.0,90.0,0,0,0.0,811.0,89.0,0.0,0.0,0.0,5437,0,56773,2,0.0,0.0,0.0,0.0,0.0,0.0,0.0,0.0,0.0,0.0,0.0,819.0,90.0,0.0,819.0,90.0,0.0,819.0,90.0,0.0,819.0,90.0,,,,32,,Rasmus,Højlund,Højlund,has joined Napoli on loan for the rest of the season.,,0,0,0,0,0,0,0,0,0,0,0,0,0,,,,0.0,0.0,0.0,0.0,0.0,0,0,0
466,a,100.0,100.0,5.8,107,30.0,0,0.0,-2,2.0,0.4,280,43.0,37,0,2.1,330.0,37.0,6,130,0.0,799.0,87.0,0.0,6.4,0.0,109265,24,131142,51,0.0,0.5,2.18,0.32,2.5,7.63,0.39,0.06,0.45,1.35,152.8,319.0,31.0,161.8,204.0,21.0,195.0,151.0,36.0,50.6,268.0,31.0,,,,32,,Joshua,Zirkzee,Zirkzee,,,509,2,1,1,8,0,0,0,1,0,0,4,37,,,,0.0,0.18,1.41,0.71,6.54,8,11,18
467,a,,,4.2,648,90.0,0,0.0,-3,3.0,1.4,160,24.0,0,0,0.0,647.0,64.0,0,0,0.0,508.0,48.0,0.0,0.0,0.0,273451,41,380523,243,0.0,0.5,0.0,0.0,0.0,0.0,0.0,0.0,0.0,0.0,0.0,638.0,64.0,0.0,632.0,63.0,0.0,606.0,63.0,0.0,640.0,64.0,,,,32,,Chido,Obi,Obi,,,0,0,0,0,0,0,0,0,0,0,0,0,0,,,,0.0,0.0,0.0,0.0,0.0,0,0,0
468,u,0.0,0.0,4.5,480,67.0,0,0.0,0,0.0,0.1,515,70.0,0,0,0.0,736.0,77.0,0,0,0.0,641.0,63.0,0.0,0.0,0.0,4530,0,14927,4,0.0,0.0,0.0,0.0,0.0,0.0,0.0,0.0,0.0,0.0,0.0,733.0,77.0,0.0,727.0,76.0,0.0,713.0,76.0,0.0,734.0,77.0,,,,32,,Ethan,Wheatley,Wheatley,has joined Bradford City on loan for the rest of the season.,,0,0,0,0,0,0,0,0,0,0,0,0,0,,,,0.0,0.0,0.0,0.0,0.0,0,0,0
681,a,100.0,100.0,7.4,25,9.0,0,0.0,-1,1.0,6.6,62,11.0,94,0,3.6,117.0,8.0,17,328,1.7,179.0,23.0,0.2,12.7,0.0,1268091,775,1501846,7462,1.7,2.2,7.19,0.22,7.41,21.67,0.49,0.01,0.5,1.47,401.4,140.0,14.0,136.7,233.0,24.0,679.0,17.0,10.0,120.8,62.0,13.0,,,,32,,Benjamin,Sesko,Šeško,,,1329,9,2,1,27,0,0,0,2,0,0,13,54,,,,0.0,0.07,1.83,0.88,3.66,5,19,30
733,a,,,5.1,236,8.0,0,0.0,1,-1.0,2.9,114,17.0,76,0,3.0,196.0,20.0,6,291,1.3,193.0,18.0,0.3,14.9,0.0,605740,772,326022,1113,1.3,1.8,0.0,0.0,0.0,29.07,0.0,0.0,0.0,1.16,459.4,108.0,18.0,0.0,800.0,93.0,2.0,456.0,2.0,46.1,283.0,18.0,,,,32,,Senne,Lammens,Lammens,,,2250,0,0,5,32,0,0,0,0,0,57,25,43,,,,2.28,0.2,1.28,1.0,0.0,1,22,176
755,a,100.0,100.0,4.5,483,296.0,0,0.0,0,0.0,0.0,731,304.0,2,0,1.0,484.0,218.0,0,8,0.0,644.0,247.0,0.0,0.4,0.0,3439,5,2662,3,0.0,0.5,0.07,0.0,0.07,0.11,0.52,0.0,0.52,0.82,4.0,481.0,219.0,1.5,466.0,225.0,11.0,408.0,202.0,1.5,477.0,218.0,,,,32,,Shea,Lacey,Lacey,,,12,0,0,0,0,0,0,0,0,0,0,0,1,,,,0.0,0.0,0.0,0.0,7.5,1,0,0
769,a,,,4.5,482,295.0,0,0.0,0,0.0,0.0,785,342.0,1,0,1.0,483.0,217.0,0,3,0.0,643.0,246.0,0.0,0.2,0.0,501,2,349,2,0.0,0.5,0.0,0.01,0.01,0.05,0.0,0.06,0.06,0.3,2.2,492.0,227.0,11.7,422.0,210.0,0.0,715.0,300.0,1.4,480.0,221.0,,,,32,,Bendito,Mantato,Bendito Mantato,,,15,0,0,0,0,0,0,0,0,0,0,0,0,,,,0.0,0.0,0.0,0.0,0.0,0,0,0
771,a,,,4.4,552,332.0,0,0.0,-1,1.0,0.0,736,309.0,1,0,1.0,471.0,207.0,0,3,0.0,564.0,191.0,0.0,0.2,0.0,2265,4,1386,3,0.0,0.5,0.0,0.01,0.01,0.02,0.0,0.9,0.9,1.8,0.4,505.0,231.0,1.0,470.0,227.0,0.0,646.0,249.0,0.1,509.0,233.0,,,,32,,Tyler,Fletcher,Fletcher,,,1,0,0,0,0,0,0,0,0,0,0,0,0,,,,0.0,0.0,0.0,0.0,0.0,0,0,0
788,a,,,4.0,720,193.0,0,0.0,0,0.0,0.0,728,253.0,0,0,0.0,622.0,233.0,0,0,0.0,470.0,186.0,0.0,0.0,0.0,495,1,437,3,0.0,0.5,0.0,0.0,0.0,0.0,0.0,0.0,0.0,0.0,0.0,612.0,233.0,0.0,604.0,233.0,0.0,575.0,230.0,0.0,614.0,233.0,,,,32,,Godwill,Kukonki,Kukonki,,,0,0,0,0,0,0,0,0,0,0,0,0,0,,,,0.0,0.0,0.0,0.0,0.0,0,0,0
52,a,100.0,100.0,5.3,187,118.0,0,0.0,-2,2.0,0.2,354,120.0,39,0,1.9,359.0,156.0,1,201,1.7,174.0,73.0,0.3,7.4,0.0,33616,36,78364,59,1.7,1.7,1.05,0.9,1.95,20.35,0.09,0.08,0.17,1.71,202.8,275.0,115.0,234.2,153.0,104.0,130.0,225.0,124.0,56.7,244.0,120.0,,,,32,,Jacob,Ramsey,J.Ramsey,,,1074,2,1,1,24,0,0,0,3,1,0,11,107,,,,0.0,0.08,2.01,0.92,8.97,26,17,64
135,a,100.0,100.0,7.3,27,10.0,0,0.0,-2,2.0,0.6,247,34.0,20,0,1.5,416.0,51.0,0,61,0.3,345.0,44.0,0.0,2.7,0.0,240031,44,456393,74,0.3,0.3,1.95,0.53,2.48,7.94,0.42,0.11,0.53,1.69,54.0,413.0,47.0,35.8,374.0,50.0,139.0,216.0,43.0,22.1,372.0,44.0,,,,32,,Yoane,Wissa,Wissa,,,422,1,0,1,9,0,0,0,1,0,0,4,19,,,,0.0,0.21,1.92,0.85,4.05,3,3,13
469,a,100.0,100.0,5.0,245,9.0,0,0.0,0,0.0,4.4,89,16.0,82,0,3.7,96.0,14.0,3,336,0.0,733.0,93.0,0.0,16.4,0.0,1517698,188,1576758,592,0.0,0.0,0.16,0.0,0.16,27.01,0.01,0.0,0.01,1.24,505.8,81.0,14.0,0.0,785.0,92.0,35.0,357.0,1.0,54.1,251.0,14.0,,,,32,,Nick,Pope,Pope,,,1966,0,1,7,32,0,0,0,1,0,67,22,121,,,,3.07,0.32,1.46,1.01,0.0,1,32,204
471,a,,,3.9,746,70.0,0,0.0,-1,1.0,0.1,442,66.0,0,0,0.0,546.0,42.0,0,0,0.0,384.0,29.0,0.0,0.0,0.0,6856,6,10893,6,0.0,0.0,0.0,0.0,0.0,0.0,0.0,0.0,0.0,0.0,0.0,535.0,42.0,0.0,522.0,25.0,0.0,491.0,12.0,0.0,537.0,42.0,,,,32,,Mark,Gillespie,Gillespie,,,0,0,0,0,0,0,0,0,0,0,0,0,0,,,,0.0,0.0,0.0,0.0,0.0,0,0,0
472,u,0.0,0.0,4.0,669,44.0,0,0.0,0,0.0,0.0,723,84.0,0,0,0.0,582.0,67.0,0,0,0.0,425.0,55.0,0.0,0.0,0.0,0,0,2489,0,0.0,0.0,0.0,0.0,0.0,0.0,0.0,0.0,0.0,0.0,0.0,571.0,67.0,0.0,561.0,53.0,0.0,531.0,40.0,0.0,573.0,67.0,,,,32,,Odysseas,Vlachodimos,Odysseas,Has joined Sevilla on loan for the rest of the season.,,0,0,0,0,0,0,0,0,0,0,0,0,0,,,,0.0,0.0,0.0,0.0,0.0,0,0,0
473,a,100.0,100.0,5.4,172,21.0,0,0.0,-1,1.0,4.1,94,31.0,72,0,3.0,198.0,78.0,4,298,2.0,155.0,60.0,0.4,13.3,0.0,911339,2158,629421,2074,2.0,2.0,0.81,2.47,3.28,28.61,0.04,0.13,0.17,1.47,463.0,102.0,46.0,341.0,83.0,19.0,144.0,206.0,50.0,94.8,111.0,31.0,2.0,1.0,,32,,Lewis,Hall,Hall,,,1749,1,2,4,32,0,0,0,3,0,0,19,154,,,,0.0,0.21,1.65,0.98,7.51,46,100,111
474,i,0.0,0.0,5.2,202,26.0,0,0.0,-3,3.0,1.1,183,70.0,51,0,3.2,176.0,69.0,0,186,0.0,760.0,259.0,0.0,9.8,0.0,297079,5,496481,103,0.0,0.0,0.97,0.6,1.57,13.85,0.08,0.05,0.13,1.14,291.2,211.0,83.0,63.6,328.0,110.0,108.0,250.0,69.0,46.4,281.0,91.0,,4.0,,32,,Fabian,Schär,Schär,Ankle injury - Expected back 10 May,,1089,0,0,4,13,0,0,0,1,0,0,11,133,,,,0.0,0.33,1.07,0.91,9.5,14,101,42
475,d,75.0,75.0,4.9,310,49.0,0,0.0,-1,1.0,0.4,283,106.0,65,0,3.6,108.0,39.0,6,248,3.7,68.0,30.0,0.8,13.3,0.0,86357,8,108263,199,2.8,2.8,1.42,0.36,1.78,16.15,0.11,0.03,0.14,1.21,368.4,162.0,67.0,60.3,334.0,112.0,147.0,202.0,48.0,57.6,239.0,83.0,,,,32,,Sven,Botman,Botman,Facial Injury - 75% chance of playing,,1204,1,1,5,17,1,0,0,1,0,0,14,149,,,,0.0,0.37,1.27,1.05,8.97,13,107,63
476,a,100.0,100.0,5.0,244,37.0,0,0.0,0,0.0,3.5,99,34.0,78,0,3.4,147.0,57.0,5,238,1.3,192.0,69.0,0.3,15.6,0.0,1544825,403,1677893,393,1.3,1.3,0.39,0.32,0.71,24.41,0.02,0.02,0.04,1.21,422.4,126.0,55.0,88.6,293.0,91.0,115.0,238.0,63.0,62.7,222.0,76.0,,,,32,,Dan,Burn,Burn,,,1811,0,3,6,30,0,0,0,7,1,0,21,228,,,,0.0,0.3,1.49,1.04,9.54,31,161,61
477,a,100.0,100.0,4.9,325,53.0,0,0.0,-1,1.0,1.9,141,56.0,56,0,3.7,94.0,36.0,3,237,2.3,133.0,52.0,0.5,11.4,0.0,1104009,240,1381350,103,2.3,2.3,0.13,0.83,0.96,13.79,0.01,0.06,0.07,1.07,200.0,277.0,111.0,188.3,185.0,48.0,38.0,350.0,115.0,42.6,295.0,97.0,,,,32,,Tino,Livramento,Livramento,,,1163,0,1,6,11,0,0,0,1,0,0,12,89,,,,0.0,0.46,0.85,0.93,4.72,20,41,73
478,a,100.0,100.0,4.9,286,44.0,0,0.0,-1,1.0,1.4,163,64.0,50,0,2.8,222.0,91.0,2,211,0.7,255.0,90.0,0.1,10.2,0.0,259221,126,379343,128,0.7,0.7,0.08,1.96,2.04,19.57,0.0,0.12,0.12,1.21,269.4,224.0,88.0,459.7,44.0,5.0,12.0,404.0,149.0,74.0,176.0,59.0,4.0,2.0,,32,,Kieran,Trippier,Trippier,,,1456,0,1,5,25,0,0,0,3,0,0,17,106,,,,0.0,0.31,1.55,1.05,4.76,22,55,67
480,u,0.0,0.0,4.3,576,121.0,0,0.0,-2,2.0,0.0,594,211.0,1,0,0.5,519.0,180.0,0,0,0.0,511.0,217.0,0.0,0.2,0.0,2754,0,9090,2,0.0,0.0,0.04,0.0,0.04,0.55,0.19,0.0,0.19,2.61,10.2,464.0,169.0,0.0,634.0,252.0,7.0,425.0,161.0,1.7,474.0,169.0,,,,32,,Jamaal,Lascelles,Lascelles,has joined Leicester City permanently.,,19,0,0,0,2,0,0,0,0,0,0,0,5,,,,0.0,0.0,9.47,0.0,23.68,0,5,0
483,a,,,3.8,813,256.0,0,0.0,-2,2.0,0.4,294,109.0,0,0,0.0,539.0,198.0,0,0,0.0,377.0,144.0,0.0,0.0,0.0,66679,29,50617,32,0.0,0.0,0.0,0.0,0.0,0.0,0.0,0.0,0.0,0.0,0.0,528.0,197.0,0.0,514.0,197.0,0.0,483.0,192.0,0.0,530.0,197.0,,,,32,,Miodrag,Pivaš,Pivas,,,0,0,0,0,0,0,0,0,0,0,0,0,0,,,,0.0,0.0,0.0,0.0,0.0,0,0,0
484,u,0.0,0.0,4.0,672,166.0,0,0.0,0,0.0,0.1,432,162.0,0,0,0.0,584.0,213.0,0,0,0.0,427.0,163.0,0.0,0.0,0.0,3759,0,45425,9,0.0,0.0,0.0,0.0,0.0,0.0,0.0,0.0,0.0,0.0,0.0,573.0,212.0,0.0,563.0,212.0,0.0,533.0,208.0,0.0,575.0,212.0,,,,32,,Matt,Targett,Targett,has joined Middlesbrough on loan for the rest of the season.,,0,0,0,0,0,0,0,0,0,0,0,0,0,,,,0.0,0.0,0.0,0.0,0.0,0,0,0
485,a,100.0,100.0,7.4,23,15.0,0,0.0,-1,1.0,7.6,53,19.0,98,0,3.9,76.0,33.0,10,347,7.0,7.0,3.0,0.9,13.2,0.0,2355850,6229,1632753,4768,7.0,7.0,8.73,3.35,12.08,23.36,0.45,0.17,0.62,1.22,393.6,144.0,50.0,397.9,66.0,52.0,505.0,34.0,18.0,129.3,47.0,33.0,,,1.0,32,,Anthony,Gordon,Gordon,,,1728,6,4,7,30,0,0,0,3,1,0,23,89,,,,0.0,0.36,1.56,1.2,4.64,19,16,54
486,a,100.0,100.0,6.5,52,33.0,0,0.0,-5,5.0,2.7,118,37.0,42,0,1.6,406.0,177.0,0,162,1.0,240.0,105.0,0.2,6.5,0.0,577332,361,1190291,219,1.0,1.0,1.44,1.68,3.12,18.11,0.11,0.13,0.24,1.35,125.2,343.0,156.0,258.4,136.0,94.0,169.0,181.0,99.0,55.0,249.0,124.0,5.0,,,32,,Anthony,Elanga,Elanga,,,1207,0,1,2,26,0,0,0,0,0,0,13,51,,,,0.0,0.15,1.94,0.97,3.8,14,8,29
487,a,,,6.1,82,54.0,0,0.0,-4,4.0,1.2,181,63.0,83,0,2.8,233.0,93.0,8,267,1.7,177.0,75.0,0.3,13.6,0.0,754245,218,688342,580,1.7,1.7,5.93,2.16,8.09,23.53,0.32,0.12,0.44,1.29,301.6,205.0,86.0,313.7,101.0,74.0,580.0,26.0,12.0,119.1,68.0,43.0,,,,32,,Harvey,Barnes,Barnes,,,1648,5,0,5,24,0,0,0,1,0,0,17,87,,,,0.0,0.27,1.31,0.93,4.75,12,19,56
488,i,0.0,0.0,6.8,43,27.0,0,0.0,3,-3.0,4.4,88,29.0,134,0,5.8,6.0,3.0,19,584,0.0,817.0,365.0,0.0,19.7,0.0,4043550,36,3811525,2074,0.0,0.0,4.82,3.62,8.44,26.13,0.21,0.16,0.37,1.16,682.6,29.0,8.0,634.3,17.0,17.0,365.0,66.0,39.0,168.3,22.0,18.0,3.0,5.0,2.0,32,,Bruno,Guimarães Rodriguez Moura,Bruno G.,Hamstring injury - Expected back 25 Apr,,2019,9,6,6,31,0,0,0,5,0,0,22,200,,,,0.0,0.27,1.38,0.98,8.92,50,43,107
489,a,100.0,100.0,5.9,91,58.0,0,0.0,-6,6.0,0.6,233,83.0,65,0,2.5,277.0,117.0,2,263,1.3,199.0,86.0,0.2,11.0,0.0,165168,73,348892,84,1.3,1.3,2.92,2.4,5.32,17.9,0.21,0.17,0.38,1.3,272.8,222.0,93.0,320.4,96.0,70.0,310.0,85.0,51.0,89.4,130.0,72.0,,,,32,,Jacob,Murphy,J.Murphy,,,1236,3,1,7,14,0,0,0,1,0,0,14,67,,,,0.0,0.51,1.02,1.02,4.88,13,17,37
490,a,100.0,100.0,5.9,94,60.0,0,0.0,-1,1.0,0.3,317,111.0,66,0,2.8,232.0,92.0,2,279,1.3,200.0,87.0,0.2,11.2,0.0,80669,86,106620,79,1.3,1.3,2.09,1.14,3.23,24.41,0.11,0.06,0.17,1.3,304.0,204.0,85.0,260.5,134.0,92.0,311.0,83.0,50.0,87.6,136.0,76.0,,,,32,,Joelinton Cássio,Apolinário de Lira,Joelinton,,,1687,2,1,5,24,0,0,0,9,0,0,20,206,,,,0.0,0.27,1.28,1.07,10.99,37,66,103
491,a,100.0,100.0,5.3,191,120.0,0,0.0,-2,2.0,1.1,188,66.0,71,0,2.4,288.0,124.0,2,391,0.0,769.0,333.0,0.0,13.4,0.0,218306,220,322078,169,0.0,0.0,1.56,2.35,3.91,27.26,0.07,0.1,0.17,1.2,336.6,183.0,72.0,433.5,51.0,42.0,165.0,182.0,100.0,93.8,112.0,63.0,1.0,3.0,,32,,Sandro,Tonali,Tonali,,,2037,0,2,7,31,0,0,0,3,0,0,25,211,,,,0.0,0.31,1.37,1.1,9.32,29,59,123
492,u,0.0,0.0,4.9,345,216.0,0,0.0,-1,1.0,0.0,680,274.0,0,0,0.0,788.0,344.0,0,0,0.0,731.0,307.0,0.0,0.0,0.0,655,0,3583,0,0.0,0.0,0.0,0.0,0.0,0.0,0.0,0.0,0.0,0.0,0.0,787.0,343.0,0.0,783.0,343.0,0.0,779.0,341.0,0.0,787.0,343.0,,,,32,,Antoñito,Cordero Campillo,Antoñito C.,has joined Cadiz on loan for the rest of the season.,,0,0,0,0,0,0,0,0,0,0,0,0,0,,,,0.0,0.0,0.0,0.0,0.0,0,0,0
494,a,100.0,100.0,5.0,249,150.0,0,0.0,0,0.0,0.1,500,180.0,28,0,1.4,424.0,187.0,0,114,2.3,135.0,51.0,0.5,5.6,0.0,14073,25,13104,24,2.3,2.3,0.81,0.64,1.45,13.92,0.11,0.08,0.19,1.81,96.2,373.0,165.0,147.8,221.0,144.0,112.0,240.0,132.0,35.5,322.0,158.0,,,,32,,Joe,Willock,Willock,,,693,0,1,3,13,0,0,0,3,0,0,7,76,,,,0.0,0.39,1.69,0.91,9.87,18,12,46
495,u,0.0,0.0,4.5,415,251.0,0,0.0,0,0.0,0.0,772,331.0,0,0,0.0,695.0,271.0,0,0,0.0,587.0,205.0,0.0,0.0,0.0,0,0,1612,0,0.0,0.0,0.0,0.0,0.0,0.0,0.0,0.0,0.0,0.0,0.0,689.0,265.0,0.0,684.0,268.0,0.0,665.0,260.0,0.0,691.0,267.0,,,,32,,Isaac,Hayden,Hayden,Has departed the club as a free agent.,,0,0,0,0,0,0,0,0,0,0,0,0,0,,,,0.0,0.0,0.0,0.0,0.0,0,0,0
496,u,0.0,0.0,4.4,560,336.0,0,0.0,-1,1.0,0.0,635,247.0,0,0,0.0,684.0,265.0,0,0,0.0,571.0,195.0,0.0,0.0,0.0,2219,0,7425,1,0.0,0.0,0.0,0.0,0.0,0.0,0.0,0.0,0.0,0.0,0.0,676.0,257.0,0.0,672.0,261.0,0.0,652.0,252.0,0.0,678.0,259.0,,,,32,,Garang,Kuol,Kuol,has joined Sparta Prague permanently.,,0,0,0,0,0,0,0,0,0,0,0,0,0,,,,0.0,0.0,0.0,0.0,0.0,0,0,0
497,a,100.0,100.0,4.4,558,335.0,0,0.0,-1,1.0,1.8,143,48.0,58,0,3.1,183.0,75.0,4,271,0.0,569.0,194.0,0.0,13.2,0.0,644579,280,709537,392,0.0,0.0,1.36,2.0,3.36,13.65,0.11,0.16,0.27,1.08,275.0,219.0,90.0,214.3,166.0,112.0,132.0,222.0,122.0,62.1,226.0,111.0,,,,32,,Lewis,Miley,L.Miley,,,1133,1,3,2,16,0,0,0,0,0,0,11,123,,,,0.0,0.16,1.27,0.87,9.77,24,42,57
500,a,100.0,100.0,5.4,179,42.0,0,0.0,-1,1.0,0.2,359,57.0,31,0,1.8,382.0,45.0,2,113,0.3,338.0,43.0,0.1,5.7,0.0,78858,35,89616,88,0.3,0.3,0.69,0.05,0.74,5.87,0.22,0.02,0.24,1.88,78.6,391.0,42.0,16.4,406.0,53.0,87.0,277.0,47.0,18.0,390.0,48.0,,,,32,,William,Osula,Osula,,,281,2,1,1,7,0,0,0,0,0,0,1,18,,,,0.0,0.32,2.24,0.32,5.77,2,2,14
674,a,,,4.8,359,14.0,0,0.0,-2,2.0,0.8,207,26.0,23,0,2.3,297.0,28.0,1,96,3.0,99.0,12.0,0.6,4.8,0.0,138607,195,160790,164,3.0,3.0,0.0,0.0,0.0,13.28,0.0,0.0,0.0,1.45,177.6,297.0,25.0,10.0,433.0,12.0,0.0,758.0,86.0,18.7,386.0,25.0,,,,32,,Aaron,Ramsdale,Ramsdale,,,823,0,0,1,13,0,0,0,1,0,21,9,0,,,,2.3,0.11,1.42,0.98,0.0,0,9,70
684,a,,,5.1,237,36.0,0,0.0,1,-1.0,6.9,58,19.0,114,0,4.1,56.0,23.0,12,364,3.0,105.0,44.0,0.6,22.4,0.0,1860121,1057,991097,6061,3.0,3.0,3.74,0.88,4.62,37.78,0.14,0.03,0.17,1.46,733.4,15.0,5.0,103.8,275.0,83.0,354.0,67.0,3.0,118.8,70.0,12.0,,,,32,,Malick,Thiaw,Thiaw,,,2333,4,0,5,42,0,0,0,3,0,0,26,270,,,,0.0,0.19,1.62,1.0,9.34,31,211,96
689,a,,,4.3,624,368.0,0,0.0,-2,2.0,0.5,261,92.0,0,0,0.0,667.0,256.0,0,0,0.0,543.0,182.0,0.0,0.0,0.0,95787,135,60970,140,0.0,0.0,0.0,0.0,0.0,0.0,0.0,0.0,0.0,0.0,0.0,657.0,246.0,0.0,653.0,251.0,0.0,630.0,240.0,0.0,659.0,248.0,,,,32,,Seung-Soo,Park,Seung soo,,,0,0,0,0,0,0,0,0,0,0,0,0,0,,,,0.0,0.0,0.0,0.0,0.0,0,0,0
714,a,100.0,100.0,6.7,47,17.0,0,0.0,-3,3.0,6.7,61,10.0,93,0,3.4,153.0,15.0,10,332,2.3,144.0,19.0,0.3,13.9,0.0,5449302,266,4780096,1429,2.3,2.3,6.39,0.84,7.23,22.04,0.35,0.05,0.4,1.19,390.0,146.0,15.0,206.6,172.0,15.0,390.0,57.0,22.0,97.6,103.0,17.0,,,3.0,32,,Nick,Woltemade,Woltemade,,,1660,7,4,7,26,1,0,0,0,0,0,21,92,,,,0.0,0.38,1.41,1.14,4.99,22,27,43
753,a,,,4.0,661,38.0,0,0.0,0,0.0,0.0,689,82.0,0,0,0.0,577.0,63.0,0,0,0.0,419.0,50.0,0.0,0.0,0.0,1722,5,1134,3,0.0,0.0,0.0,0.0,0.0,0.0,0.0,0.0,0.0,0.0,0.0,566.0,63.0,0.0,554.0,47.0,0.0,524.0,34.0,0.0,568.0,63.0,,,,32,,John,Ruddy,Ruddy,,,0,0,0,0,0,0,0,0,0,0,0,0,0,,,,0.0,0.0,0.0,0.0,0.0,0,0,0
765,a,,,4.0,717,190.0,0,0.0,0,0.0,0.0,642,228.0,0,0,0.0,619.0,230.0,0,0,0.0,467.0,183.0,0.0,0.0,0.0,4208,13,2587,5,0.0,0.0,0.0,0.0,0.0,0.0,0.0,0.0,0.0,0.0,0.0,609.0,230.0,0.0,601.0,230.0,0.0,572.0,227.0,0.0,611.0,230.0,,,,32,,Leo,Shahar,Shahar,,,0,0,0,0,0,0,0,0,0,0,0,0,0,,,,0.0,0.0,0.0,0.0,0.0,0,0,0
772,a,,,4.5,514,319.0,0,0.0,0,0.0,0.0,776,334.0,0,0,0.0,761.0,324.0,0,0,0.0,672.0,268.0,0.0,0.0,0.0,599,4,361,2,0.0,0.0,0.0,0.0,0.0,0.0,0.0,0.0,0.0,0.0,0.0,760.0,323.0,0.0,753.0,323.0,0.0,740.0,319.0,0.0,760.0,323.0,,,,32,,Sam,Alabi,Alabi,,,0,0,0,0,0,0,0,0,0,0,0,0,0,,,,0.0,0.0,0.0,0.0,0.0,0,0,0
12,u,0.0,0.0,4.9,303,47.0,0,0.0,-1,1.0,0.2,368,135.0,7,0,1.4,423.0,153.0,0,56,0.0,708.0,252.0,0.0,1.4,0.0,26902,0,53772,11,0.0,0.0,0.07,0.36,0.43,5.02,0.02,0.09,0.11,1.28,80.8,388.0,146.0,83.4,299.0,94.0,22.0,386.0,136.0,18.6,388.0,138.0,,,,32,,Oleksandr,Zinchenko,Zinchenko,has joined Ajax permanently.,,352,0,0,0,6,0,0,0,0,0,0,4,36,,,,0.0,0.0,1.53,1.02,6.14,10,14,17
400,a,100.0,100.0,4.7,375,16.0,0,0.0,-3,3.0,0.2,387,55.0,11,0,3.7,90.0,12.0,0,38,0.0,680.0,89.0,0.0,2.3,0.0,11690,85,25548,24,0.5,0.0,0.0,0.01,0.01,4.65,0.0,0.0,0.0,1.55,68.6,396.0,30.0,0.0,758.0,89.0,0.0,747.0,81.0,6.9,438.0,30.0,,,,32,,Stefan,Ortega Moreno,Ortega Moreno,,,270,0,0,1,4,0,0,0,0,0,8,3,0,,,,2.67,0.33,1.33,1.0,0.0,0,1,8
426,a,,,5.0,257,156.0,0,0.0,-5,5.0,0.1,504,182.0,9,0,0.9,510.0,239.0,0,32,0.7,261.0,120.0,0.1,1.8,0.0,13324,10,26906,9,1.2,0.7,0.02,0.18,0.2,4.2,0.01,0.09,0.1,2.18,17.6,455.0,203.0,45.5,360.0,188.0,12.0,406.0,200.0,7.6,433.0,195.0,,,5.0,32,,James,McAtee,McAtee,,,173,0,0,0,8,0,0,0,1,0,0,1,13,,,,0.0,0.0,4.16,0.52,6.76,4,2,7
502,a,100.0,100.0,4.6,396,19.0,0,0.0,-4,4.0,4.8,80,14.0,77,0,3.2,167.0,18.0,3,312,4.3,46.0,2.0,0.9,16.7,0.0,430068,1363,2049300,236,4.8,4.3,0.0,0.06,0.06,33.89,0.0,0.0,0.0,1.5,501.2,84.0,15.0,10.0,431.0,10.0,0.0,745.0,79.0,51.1,266.0,15.0,,,,32,,Matz,Sels,Sels,,,2037,0,0,6,31,0,0,0,2,0,67,23,75,,,,2.96,0.27,1.37,1.02,0.0,1,22,156
503,u,0.0,0.0,4.0,691,55.0,0,0.0,0,0.0,0.1,556,77.0,0,0,0.0,600.0,77.0,0,0,0.0,445.0,66.0,0.0,0.0,0.0,448,0,15757,3,0.0,0.0,0.0,0.0,0.0,0.0,0.0,0.0,0.0,0.0,0.0,589.0,77.0,0.0,580.0,64.0,0.0,550.0,51.0,0.0,591.0,77.0,,,,32,,Carlos Miguel,dos Santos Pereira,C.Miguel,Has joined Palmeiras permanently.,,0,0,0,0,0,0,0,0,0,0,0,0,0,,,,0.0,0.0,0.0,0.0,0.0,0,0,0
504,u,0.0,0.0,4.0,676,46.0,0,0.0,0,0.0,0.1,529,76.0,0,0,0.0,587.0,68.0,0,0,0.0,431.0,57.0,0.0,0.0,0.0,0,0,15845,2,0.0,0.0,0.0,0.0,0.0,0.0,0.0,0.0,0.0,0.0,0.0,576.0,68.0,0.0,567.0,55.0,0.0,537.0,42.0,0.0,578.0,68.0,,,,32,,Matt,Turner,Turner,Has joined Lyon permanently.,,0,0,0,0,0,0,0,0,0,0,0,0,0,,,,0.0,0.0,0.0,0.0,0.0,0,0,0
505,a,,,5.1,229,32.0,0,0.0,-4,4.0,3.2,108,40.0,96,0,3.1,185.0,73.0,2,328,5.0,31.0,13.0,1.0,18.8,0.0,371101,1029,1072431,314,5.5,5.0,0.81,0.46,1.27,44.88,0.03,0.01,0.04,1.45,559.6,58.0,27.0,40.7,364.0,130.0,108.0,249.0,68.0,71.1,191.0,66.0,,,,32,,Nikola,Milenković,Milenković,,,2790,0,0,8,43,1,0,0,6,0,0,31,282,,,,0.0,0.26,1.39,1.0,8.16,21,232,86
506,a,100.0,100.0,5.2,216,28.0,0,0.0,-3,3.0,2.2,131,51.0,83,0,3.6,109.0,40.0,3,329,4.7,36.0,16.0,0.9,16.0,0.0,307191,2132,807515,286,5.2,4.7,0.6,0.46,1.06,31.93,0.03,0.02,0.05,1.44,527.0,73.0,34.0,113.5,259.0,74.0,75.0,295.0,87.0,71.6,188.0,64.0,,2.0,,32,,Murillo,Costa dos Santos,Murillo,,,1999,1,0,6,28,1,0,0,4,0,0,23,241,,,,0.0,0.27,1.26,1.04,9.41,32,177,98
507,a,100.0,100.0,4.7,378,62.0,0,0.0,-3,3.0,2.4,125,50.0,54,0,3.6,106.0,38.0,5,204,5.3,23.0,11.0,1.1,11.5,0.0,342867,520,1631539,222,5.8,5.3,0.36,0.69,1.05,23.23,0.02,0.05,0.07,1.59,236.0,252.0,100.0,130.6,238.0,63.0,55.0,330.0,105.0,42.3,299.0,99.0,,,,32,,Ola,Aina,Aina,,,1319,0,1,5,17,0,0,0,3,0,0,15,130,,,,0.0,0.34,1.16,1.02,7.51,23,87,68
508,a,100.0,100.0,4.7,384,64.0,0,0.0,-3,3.0,3.3,104,38.0,104,0,3.5,124.0,46.0,12,447,6.7,8.0,2.0,1.4,22.1,0.0,469092,4030,1182298,415,7.2,6.7,1.68,3.32,5.0,40.47,0.06,0.11,0.17,1.39,647.6,40.0,16.0,465.6,42.0,4.0,293.0,91.0,7.0,140.5,40.0,3.0,3.0,,,32,,Neco,Williams,N.Williams,,,2618,1,3,8,40,0,0,0,5,1,0,30,239,,,,0.0,0.28,1.38,1.03,6.84,78,121,136
509,u,0.0,0.0,4.5,435,88.0,0,0.0,0,0.0,0.0,681,239.0,0,0,0.0,706.0,260.0,0,0,0.0,604.0,242.0,0.0,0.0,0.0,427,0,4419,0,0.0,0.0,0.0,0.0,0.0,0.0,0.0,0.0,0.0,0.0,0.0,700.0,260.0,0.0,696.0,260.0,0.0,679.0,260.0,0.0,702.0,260.0,,,,32,,David,Mota Veiga Teixeira do Carmo,David Carmo,has joined Real Oviedo on loan for the rest of the season.,,0,0,0,0,0,0,0,0,0,0,0,0,0,,,,0.0,0.0,0.0,0.0,0.0,0,0,0
510,d,50.0,50.0,4.2,647,153.0,0,0.0,-3,3.0,0.1,559,201.0,5,0,1.7,387.0,145.0,0,18,0.0,507.0,216.0,0.0,1.2,0.0,3461,0,8742,10,0.2,0.0,0.14,0.0,0.14,5.45,0.06,0.0,0.06,2.29,46.2,419.0,155.0,0.8,472.0,172.0,10.0,411.0,151.0,5.6,447.0,160.0,,,,32,,Jair,Paula da Cunha Filho,Jair Cunha,Foot injury - 50% chance of playing,,214,0,0,0,4,0,0,0,0,0,0,2,21,,,,0.0,0.0,1.68,0.84,8.41,4,16,3
511,a,,,4.3,596,135.0,0,0.0,-2,2.0,0.1,513,182.0,35,0,2.3,295.0,110.0,1,145,0.0,522.0,224.0,0.0,8.1,0.0,9421,8,13700,6,0.5,0.0,0.83,0.08,0.91,14.83,0.08,0.01,0.09,1.42,233.8,253.0,101.0,20.8,397.0,143.0,59.0,321.0,101.0,31.4,337.0,113.0,,,,32,,Felipe,Rodrigues da Silva,Morato,,,938,0,0,2,17,0,0,0,4,0,0,10,124,,,,0.0,0.19,1.63,0.96,9.79,24,78,46
512,u,0.0,0.0,4.5,421,82.0,0,0.0,0,0.0,0.0,688,242.0,0,0,0.0,698.0,258.0,0,0,0.0,592.0,238.0,0.0,0.0,0.0,345,0,4133,0,0.0,0.0,0.0,0.0,0.0,0.0,0.0,0.0,0.0,0.0,0.0,692.0,258.0,0.0,687.0,258.0,0.0,668.0,257.0,0.0,694.0,258.0,,,,32,,Omar,Richards,O.Richards,has joined Rio Ave on loan for the rest of the season.,,0,0,0,0,0,0,0,0,0,0,0,0,0,,,,0.0,0.0,0.0,0.0,0.0,0,0,0
513,a,,,3.8,811,254.0,0,0.0,-2,2.0,0.3,344,125.0,2,0,1.0,452.0,163.0,0,1,0.0,376.0,143.0,0.0,0.5,0.0,29458,11,30410,23,0.5,0.0,0.0,0.01,0.01,3.13,0.0,0.01,0.01,2.35,25.4,443.0,163.0,6.3,442.0,158.0,0.0,482.0,191.0,3.2,462.0,166.0,,,,32,,Zach,Abbott,Abbott,,,120,0,0,0,4,0,0,0,0,0,0,1,10,,,,0.0,0.0,3.0,0.75,7.5,2,8,8
514,i,0.0,0.0,3.8,790,235.0,0,0.0,-2,2.0,0.3,300,111.0,0,0,0.0,527.0,187.0,0,0,0.0,358.0,127.0,0.0,0.0,0.0,42903,14,67463,46,0.0,0.0,0.0,0.0,0.0,0.0,0.0,0.0,0.0,0.0,0.0,516.0,186.0,0.0,500.0,185.0,0.0,468.0,179.0,0.0,518.0,186.0,,,,32,,Willy,Boly,Boly,Knee injury - Unknown return date,,0,0,0,0,0,0,0,0,0,0,0,0,0,,,,0.0,0.0,0.0,0.0,0.0,0,0,0
515,a,100.0,100.0,7.4,22,14.0,0,0.0,-1,1.0,5.2,73,24.0,133,0,4.3,46.0,20.0,11,523,3.7,75.0,26.0,0.5,18.0,0.0,1182860,3446,1177064,1783,4.2,3.7,8.32,2.13,10.45,42.37,0.28,0.07,0.35,1.44,574.0,52.0,14.0,651.7,16.0,16.0,616.0,24.0,10.0,184.0,14.0,10.0,,1.0,2.0,32,,Morgan,Gibbs-White,Gibbs-White,,,2640,9,2,9,39,0,0,0,1,0,0,30,150,,,,0.0,0.31,1.33,1.02,5.11,16,42,92
516,a,100.0,100.0,5.7,114,73.0,0,0.0,-3,3.0,0.7,223,79.0,81,0,2.8,230.0,90.0,6,335,2.3,143.0,58.0,0.4,14.2,0.0,271665,164,341126,113,2.8,2.3,2.69,2.72,5.41,29.86,0.14,0.14,0.28,1.54,334.6,184.0,73.0,554.2,30.0,28.0,306.0,86.0,52.0,119.2,67.0,42.0,,,,32,,Callum,Hudson-Odoi,Hudson-Odoi,,,1748,3,3,6,25,0,0,0,0,0,0,20,101,,,,0.0,0.31,1.29,1.03,5.2,13,22,66
517,a,,,5.5,138,85.0,0,0.0,0,0.0,8.1,46,15.0,138,0,4.5,34.0,14.0,10,632,2.3,139.0,55.0,0.4,25.1,0.0,1722312,3445,1420151,3658,2.8,2.3,2.52,3.52,6.04,43.68,0.08,0.11,0.19,1.42,702.6,23.0,5.0,835.1,5.0,5.0,240.0,115.0,68.0,178.1,17.0,13.0,1.0,3.0,4.0,32,,Elliot,Anderson,Anderson,,,2773,2,3,9,42,0,0,0,6,0,0,31,430,,,,0.0,0.29,1.36,1.01,13.96,89,82,259
518,u,0.0,0.0,5.4,175,110.0,0,0.0,-1,1.0,0.0,618,238.0,1,0,1.0,504.0,235.0,0,6,0.0,783.0,343.0,0.0,0.2,0.0,1029,0,9158,0,0.0,0.0,0.0,0.0,0.0,0.0,0.0,0.0,0.0,0.0,5.0,478.0,217.0,0.5,479.0,231.0,4.0,441.0,217.0,1.0,487.0,224.0,,,,32,,João Pedro,Ferreira da Silva,Jota,has joined Besiktas on loan for the rest of the season.,,11,0,0,0,0,0,0,0,0,0,0,0,3,,,,0.0,0.0,0.0,0.0,24.55,2,1,0
519,a,100.0,100.0,5.0,256,155.0,0,0.0,0,0.0,0.0,633,246.0,38,0,1.9,355.0,154.0,3,169,0.7,260.0,119.0,0.1,7.6,0.0,5281,6,4156,17,1.2,0.7,1.15,0.44,1.59,17.88,0.11,0.04,0.15,1.73,192.4,285.0,123.0,155.6,208.0,134.0,126.0,230.0,128.0,47.5,277.0,141.0,,,,32,,Nicolás,Domínguez,Dominguez,,,932,1,0,3,18,0,0,0,2,0,0,14,103,,,,0.0,0.29,1.74,1.35,9.95,41,20,42
520,u,0.0,0.0,5.0,254,154.0,0,0.0,0,0.0,0.0,820,365.0,0,0,0.0,791.0,346.0,0,0,0.0,736.0,309.0,0.0,0.0,0.0,0,0,118,0,0.0,0.0,0.0,0.0,0.0,0.0,0.0,0.0,0.0,0.0,0.0,790.0,345.0,0.0,788.0,345.0,0.0,783.0,343.0,0.0,790.0,345.0,,,,32,,Lewis,O'Brien,O'Brien,Has joined Wrexham permanently.,,0,0,0,0,0,0,0,0,0,0,0,0,0,,,,0.0,0.0,0.0,0.0,0.0,0,0,0
521,a,100.0,100.0,4.9,307,191.0,0,0.0,-1,1.0,0.1,544,200.0,75,0,3.3,161.0,64.0,2,309,2.3,131.0,49.0,0.5,15.3,0.0,11658,16,13441,17,2.8,2.3,1.16,1.66,2.82,28.86,0.06,0.08,0.14,1.47,369.0,160.0,60.0,162.4,203.0,130.0,118.0,236.0,131.0,65.1,210.0,102.0,,,,32,,Ibrahim,Sangaré,Sangaré,,,1764,2,2,8,22,0,0,0,5,0,0,21,214,,,,0.0,0.41,1.12,1.07,10.92,50,77,87
522,a,100.0,100.0,4.7,382,238.0,0,0.0,-3,3.0,0.1,551,202.0,20,0,1.2,440.0,197.0,0,85,0.7,250.0,111.0,0.1,4.3,0.0,10153,10,19363,4,1.2,0.7,0.22,0.19,0.41,4.99,0.05,0.04,0.09,1.11,79.4,390.0,174.0,48.7,354.0,186.0,38.0,348.0,179.0,16.4,396.0,181.0,,,,32,,Ryan,Yates,Yates,,,404,0,1,0,5,0,0,0,1,0,0,1,41,,,,0.0,0.0,1.11,0.22,9.13,11,18,12
523,a,100.0,100.0,4.5,474,289.0,0,0.0,0,0.0,0.1,570,212.0,0,0,0.0,731.0,301.0,0,0,0.0,635.0,240.0,0.0,0.0,0.0,2824,8,16956,6,0.5,0.0,0.0,0.0,0.0,0.0,0.0,0.0,0.0,0.0,0.0,728.0,298.0,0.0,722.0,299.0,0.0,708.0,294.0,0.0,729.0,299.0,,,,32,,Eric,da Silva Moreira,Da Silva Moreira,,,0,0,0,0,0,0,0,0,0,0,0,0,0,,,,0.0,0.0,0.0,0.0,0.0,0,0,0
524,u,0.0,0.0,4.5,450,269.0,0,0.0,0,0.0,0.0,701,285.0,0,0,0.0,714.0,286.0,0,0,0.0,614.0,222.0,0.0,0.0,0.0,245,0,5720,1,0.0,0.0,0.0,0.0,0.0,0.0,0.0,0.0,0.0,0.0,0.0,709.0,281.0,0.0,704.0,283.0,0.0,688.0,276.0,0.0,710.0,282.0,,,,32,,Marko,Stamenić,Stamenic,Has joined Swansea City permanently.,,0,0,0,0,0,0,0,0,0,0,0,0,0,,,,0.0,0.0,0.0,0.0,0.0,0,0,0
525,a,100.0,100.0,7.1,34,14.0,0,0.0,-4,4.0,4.5,86,16.0,25,0,3.1,190.0,19.0,3,85,0.0,821.0,92.0,0.0,3.5,0.0,2134995,163,3393278,92,0.5,0.0,2.81,0.11,2.92,7.84,0.47,0.02,0.49,1.31,77.6,393.0,43.0,49.6,351.0,42.0,179.0,172.0,39.0,29.8,346.0,40.0,,,1.0,32,,Chris,Wood,Wood,,,538,2,0,1,8,0,0,0,0,0,0,7,14,,,,0.0,0.17,1.34,1.17,2.34,1,6,7
526,a,100.0,100.0,5.8,108,31.0,0,0.0,-2,2.0,1.3,173,27.0,81,0,2.7,244.0,24.0,8,269,3.3,90.0,13.0,0.6,14.0,0.0,459774,590,416295,676,3.8,3.3,4.49,1.07,5.56,29.94,0.23,0.05,0.28,1.5,258.6,238.0,21.0,168.1,199.0,19.0,553.0,28.0,15.0,95.6,109.0,18.0,,,3.0,32,,Igor Jesus,Maciel da Cruz,Igor Jesus,,,1794,3,4,8,31,0,0,0,0,0,0,22,89,,,,0.0,0.4,1.56,1.1,4.46,18,30,41
527,a,100.0,100.0,5.2,208,48.0,0,0.0,-3,3.0,0.3,329,52.0,20,0,1.7,392.0,47.0,1,81,1.7,173.0,20.0,0.3,3.8,0.0,36984,32,93961,28,2.2,1.7,2.07,0.39,2.46,5.11,0.7,0.13,0.83,1.72,85.4,381.0,41.0,41.9,362.0,45.0,151.0,198.0,41.0,27.3,353.0,42.0,,,,32,,Taiwo,Awoniyi,Awoniyi,,,268,2,0,0,2,0,0,0,1,0,0,1,15,,,,0.0,0.0,0.67,0.34,5.04,1,5,9
669,a,100.0,100.0,5.5,146,92.0,0,0.0,-5,5.0,0.7,226,81.0,49,0,2.1,326.0,142.0,4,175,0.7,269.0,124.0,0.1,8.9,0.0,545200,17,575018,27,1.2,0.7,1.05,1.51,2.56,15.96,0.08,0.12,0.2,1.23,165.4,308.0,136.0,217.7,163.0,110.0,180.0,170.0,95.0,56.5,245.0,121.0,4.0,,,32,,Dan,Ndoye,Ndoye,,,1166,1,2,2,17,0,0,0,1,0,0,14,95,,,,0.0,0.15,1.31,1.08,7.33,22,23,50
675,a,100.0,100.0,4.0,666,42.0,0,0.0,0,0.0,1.1,185,23.0,1,0,1.0,454.0,35.0,0,4,0.0,423.0,53.0,0.0,0.2,0.0,30645,10,102094,38,0.5,0.0,0.0,0.0,0.0,0.21,0.0,0.0,0.0,0.42,1.2,498.0,35.0,0.0,559.0,51.0,0.0,529.0,38.0,0.1,507.0,35.0,,,,32,,Angus,Gunn,Gunn,,,45,0,0,0,0,0,0,0,0,0,0,0,0,,,,0.0,0.0,0.0,0.0,0.0,0,1,4
693,a,,,5.4,174,109.0,0,0.0,-1,1.0,0.1,535,195.0,64,0,2.7,241.0,98.0,3,261,1.3,198.0,85.0,0.2,11.9,0.0,32889,12,28521,21,1.8,1.3,1.86,3.02,4.88,18.34,0.13,0.21,0.34,1.29,260.2,234.0,98.0,419.0,61.0,48.0,302.0,88.0,54.0,97.9,101.0,57.0,2.0,,,32,,Omari,Hutchinson,Hutchinson,,,1277,1,5,5,17,0,0,0,0,0,0,12,100,,,,0.0,0.35,1.2,0.85,7.05,18,13,69
696,u,0.0,0.0,6.0,89,27.0,0,0.0,0,0.0,0.1,453,66.0,9,0,1.0,507.0,61.0,0,24,0.0,808.0,88.0,0.0,1.5,0.0,15291,0,18453,6,0.0,0.0,0.44,0.02,0.46,1.57,0.44,0.02,0.46,1.59,6.8,474.0,56.0,17.7,405.0,52.0,39.0,347.0,55.0,6.3,441.0,56.0,,,,32,,Arnaud,Kalimuendo,Kalimuendo,has joined Eintracht Frankfurt on loan for the rest of the season.,,89,0,0,0,3,0,0,0,0,0,0,0,6,,,,0.0,0.0,3.03,0.0,6.07,1,1,4
715,i,0.0,0.0,4.0,674,45.0,0,0.0,0,0.0,0.3,319,44.0,11,0,2.2,303.0,29.0,0,32,0.0,429.0,56.0,0.0,2.8,0.0,66295,2,49455,87,0.0,0.0,0.0,0.0,0.0,6.13,0.0,0.0,0.0,1.26,56.4,410.0,32.0,0.0,565.0,54.0,0.0,535.0,41.0,5.7,446.0,32.0,,,,32,,John Victor,Maciel Furtado,John,Knee injury - Expected back 01 Jun,,437,0,0,1,8,0,0,0,1,0,6,5,0,,,,1.24,0.21,1.65,1.03,0.0,0,4,26
716,i,0.0,0.0,4.5,452,93.0,0,0.0,0,0.0,0.1,580,208.0,39,0,2.8,220.0,89.0,0,131,0.0,616.0,244.0,0.0,8.7,0.0,46713,2,44496,16,0.0,0.0,1.34,0.45,1.79,15.04,0.12,0.04,0.16,1.32,216.6,265.0,107.0,123.2,245.0,66.0,94.0,269.0,78.0,43.5,292.0,96.0,,,,32,,Nicolò,Savona,Savona,Knee injury - Unknown return date,,1025,2,0,3,18,0,0,0,2,0,0,11,69,,,,0.0,0.26,1.58,0.97,5.0,20,37,27
729,u,0.0,0.0,4.5,473,95.0,0,0.0,0,0.0,0.0,818,268.0,0,0,0.0,730.0,261.0,0,0,0.0,634.0,245.0,0.0,0.0,0.0,94,0,120,0,0.0,0.0,0.0,0.0,0.0,0.0,0.0,0.0,0.0,0.0,0.0,727.0,261.0,0.0,721.0,261.0,0.0,707.0,261.0,0.0,728.0,261.0,,,,32,,Luis Eduardo,Soares da Silva,Cuiabano,has joined Vasco de Gama on loan for the rest of the season.,,0,0,0,0,0,0,0,0,0,0,0,0,0,,,,0.0,0.0,0.0,0.0,0.0,0,0,0
734,a,100.0,100.0,5.9,100,66.0,0,0.0,-1,1.0,0.0,674,271.0,14,0,1.4,427.0,190.0,0,55,0.0,805.0,358.0,0.0,2.4,0.0,4648,7,4229,5,0.5,0.0,0.5,0.68,1.18,6.73,0.13,0.18,0.31,1.77,49.8,416.0,182.0,113.9,258.0,157.0,78.0,290.0,157.0,23.8,362.0,173.0,,,,32,,Dilane,Bakwa,Bakwa,,,342,0,1,0,8,0,0,0,1,0,0,3,26,,,,0.0,0.0,2.11,0.79,6.84,2,3,21
805,a,,,5.5,147,36.0,0,0.0,0,0.0,0.0,702,89.0,8,0,2.7,242.0,23.0,0,34,0.0,791.0,83.0,0.0,1.5,0.0,5854,12,4154,17,0.5,0.0,0.72,0.01,0.73,1.87,0.54,0.01,0.55,1.41,37.2,430.0,51.0,12.7,417.0,55.0,31.0,365.0,56.0,7.9,432.0,55.0,,,,32,,Lorenzo,Lucca,Lucca,,,119,1,0,1,1,0,0,0,0,0,0,1,5,,,,0.0,0.76,0.76,0.76,3.78,0,4,1
814,a,,,4.5,442,90.0,0,0.0,0,0.0,0.0,775,261.0,2,0,1.0,477.0,172.0,0,8,0.0,610.0,243.0,0.0,0.4,0.0,463,5,216,3,0.5,0.0,0.0,0.36,0.36,0.05,0.0,0.68,0.68,0.09,7.8,471.0,170.0,1.7,462.0,168.0,2.0,449.0,169.0,1.1,484.0,171.0,,,,32,,Luca,Netz,Netz,,,48,0,0,0,0,0,0,0,0,0,0,0,1,,,,0.0,0.0,0.0,0.0,1.88,0,1,3
528,u,0.0,0.0,4.2,635,34.0,0,0.0,-3,3.0,0.2,414,60.0,0,0,0.0,643.0,89.0,0,0,0.0,499.0,79.0,0.0,0.0,0.0,10565,0,34882,16,0.0,0.0,0.0,0.0,0.0,0.0,0.0,0.0,0.0,0.0,0.0,634.0,89.0,0.0,627.0,79.0,0.0,601.0,67.0,0.0,636.0,89.0,,,,32,,Anthony,Patterson,Patterson,has joined Millwall on loan for the rest of the season.,,0,0,0,0,0,0,0,0,0,0,0,0,0,,,,0.0,0.0,0.0,0.0,0.0,0,0,0
529,i,0.0,0.0,3.9,744,68.0,0,0.0,-1,1.0,0.4,297,39.0,0,0,0.0,544.0,40.0,0,0,0.0,382.0,27.0,0.0,0.0,0.0,18942,4,35258,89,0.0,0.0,0.0,0.0,0.0,0.0,0.0,0.0,0.0,0.0,0.0,533.0,40.0,0.0,520.0,23.0,0.0,489.0,10.0,0.0,535.0,40.0,,,,32,,Simon,Moore,Moore,Hand injury - Unknown return date,,0,0,0,0,0,0,0,0,0,0,0,0,0,,,,0.0,0.0,0.0,0.0,0.0,0,0,0
530,u,0.0,0.0,3.9,772,86.0,0,0.0,-1,1.0,0.1,472,71.0,0,0,0.0,564.0,57.0,0,0,0.0,404.0,44.0,0.0,0.0,0.0,7473,0,13650,11,0.0,0.0,0.0,0.0,0.0,0.0,0.0,0.0,0.0,0.0,0.0,553.0,57.0,0.0,541.0,41.0,0.0,510.0,28.0,0.0,555.0,57.0,,,,32,,Blondy,Nna Noukeu,Nna Noukeu,has joined US Boulogne CO permanently.,,0,0,0,0,0,0,0,0,0,0,0,0,0,,,,0.0,0.0,0.0,0.0,0.0,0,0,0
531,d,50.0,0.0,4.7,386,65.0,0,0.0,2,-2.0,3.4,101,35.0,118,0,4.5,29.0,10.0,9,363,1.3,190.0,68.0,0.3,25.1,0.0,1241609,19,1067550,6725,0.7,0.0,2.42,0.58,3.0,31.12,0.11,0.03,0.14,1.4,637.4,42.0,18.0,177.3,194.0,51.0,353.0,68.0,4.0,116.9,73.0,13.0,,,,32,,Daniel,Ballard,Ballard,Hamstring injury - 50% chance of playing,,2004,2,2,6,28,0,0,0,3,0,0,22,266,,,,0.0,0.27,1.26,0.99,11.41,31,223,66
532,a,,,4.5,444,91.0,0,0.0,0,0.0,0.3,308,112.0,88,0,2.8,219.0,88.0,6,312,1.0,214.0,76.0,0.2,19.6,0.0,81635,38,74290,90,1.0,1.0,1.91,1.52,3.43,41.8,0.07,0.05,0.12,1.46,402.2,139.0,61.0,287.1,120.0,30.0,193.0,153.0,31.0,87.3,137.0,41.0,2.0,,,32,,Trai,Hume,Hume,,,2579,0,1,8,33,0,0,0,8,0,0,29,203,,,,0.0,0.28,1.15,1.01,6.14,58,118,87
533,u,0.0,0.0,4.0,673,167.0,0,0.0,0,0.0,0.0,795,264.0,0,0,0.0,585.0,214.0,0,0,0.0,428.0,164.0,0.0,0.0,0.0,611,0,865,0,0.0,0.0,0.0,0.0,0.0,0.0,0.0,0.0,0.0,0.0,0.0,574.0,213.0,0.0,564.0,213.0,0.0,534.0,209.0,0.0,576.0,213.0,,,,32,,Aji,Alese,Alese,has joined Portsmouth on loan for the rest of the season.,,0,0,0,0,0,0,0,0,0,0,0,0,0,,,,0.0,0.0,0.0,0.0,0.0,0,0,0
534,u,0.0,0.0,3.8,793,237.0,0,0.0,-2,2.0,0.3,321,115.0,0,0,0.0,529.0,188.0,0,0,0.0,360.0,128.0,0.0,0.0,0.0,39413,0,65925,29,0.0,0.0,0.0,0.0,0.0,0.0,0.0,0.0,0.0,0.0,0.0,518.0,187.0,0.0,502.0,186.0,0.0,470.0,180.0,0.0,520.0,187.0,,,,32,,Joe,Anderson,Anderson,has joined Barrow FC permanently.,,0,0,0,0,0,0,0,0,0,0,0,0,0,,,,0.0,0.0,0.0,0.0,0.0,0,0,0
535,a,100.0,100.0,4.0,684,172.0,0,0.0,0,0.0,0.0,597,213.0,14,0,2.0,333.0,122.0,0,44,0.3,310.0,108.0,0.1,3.5,0.0,7517,5,7125,12,0.3,0.3,0.08,0.02,0.09,6.04,0.02,0.01,0.03,1.81,58.2,409.0,154.0,8.9,436.0,155.0,8.0,419.0,157.0,7.1,437.0,157.0,,,,32,,Dennis,Cirkin,Cirkin,,,301,0,0,1,2,0,0,0,1,0,0,3,26,,,,0.0,0.3,0.6,0.9,7.77,8,18,8
536,u,0.0,0.0,4.0,692,175.0,0,0.0,0,0.0,0.0,725,252.0,0,0,0.0,601.0,220.0,0,0,0.0,446.0,171.0,0.0,0.0,0.0,1255,0,1528,3,0.0,0.0,0.0,0.0,0.0,0.0,0.0,0.0,0.0,0.0,0.0,590.0,219.0,0.0,581.0,219.0,0.0,551.0,215.0,0.0,592.0,219.0,,,,32,,Leo Fuhr,Hjelde,Hjelde,has joined Sheffield United on loan for the rest of the season.,,0,0,0,0,0,0,0,0,0,0,0,0,0,,,,0.0,0.0,0.0,0.0,0.0,0,0,0
537,u,0.0,0.0,4.0,694,176.0,0,0.0,0,0.0,0.1,546,195.0,0,0,0.0,603.0,221.0,0,0,0.0,448.0,172.0,0.0,0.0,0.0,1038,0,16238,0,0.0,0.0,0.0,0.0,0.0,0.0,0.0,0.0,0.0,0.0,0.0,592.0,220.0,0.0,583.0,220.0,0.0,553.0,216.0,0.0,594.0,220.0,,,,32,,Niall,Huggins,Huggins,has joined Wycombe Wanderers on loan for the rest of the season.,,0,0,0,0,0,0,0,0,0,0,0,0,0,,,,0.0,0.0,0.0,0.0,0.0,0,0,0
538,u,0.0,0.0,3.8,805,248.0,0,0.0,-2,2.0,0.2,377,139.0,0,0,0.0,535.0,194.0,0,0,0.0,370.0,137.0,0.0,0.0,0.0,23261,0,33711,29,0.0,0.0,0.0,0.0,0.0,0.0,0.0,0.0,0.0,0.0,0.0,524.0,193.0,0.0,509.0,192.0,0.0,477.0,186.0,0.0,526.0,193.0,,,,32,,Zak,Johnson,Johnson,has joined York City on loan for the rest of the season.,,0,0,0,0,0,0,0,0,0,0,0,0,0,,,,0.0,0.0,0.0,0.0,0.0,0,0,0
539,a,100.0,100.0,4.0,671,165.0,0,0.0,0,0.0,0.1,534,190.0,10,0,1.2,438.0,157.0,0,31,1.0,208.0,71.0,0.2,2.5,0.0,8530,41,7951,13,1.0,1.0,0.0,0.03,0.03,3.66,0.0,0.01,0.01,1.44,23.6,445.0,164.0,3.2,453.0,163.0,4.0,435.0,163.0,3.1,463.0,167.0,,,,32,,Luke,O'Nien,O'Nien,,,228,0,0,1,1,0,0,0,1,1,0,2,14,,,,0.0,0.39,0.39,0.79,5.53,3,11,5
540,u,0.0,0.0,3.9,766,222.0,0,0.0,-1,1.0,0.3,336,122.0,0,0,0.0,559.0,203.0,0,0,0.0,399.0,151.0,0.0,0.0,0.0,47547,0,48462,25,0.0,0.0,0.0,0.0,0.0,0.0,0.0,0.0,0.0,0.0,0.0,548.0,202.0,0.0,536.0,202.0,0.0,505.0,197.0,0.0,550.0,202.0,,,,32,,Timothée,Pembélé,Pembele,has joined Le Havre AC on loan for the rest of the season.,,0,0,0,0,0,0,0,0,0,0,0,0,0,,,,0.0,0.0,0.0,0.0,0.0,0,0,0
541,a,100.0,100.0,3.8,796,240.0,0,0.0,-2,2.0,2.8,117,46.0,51,0,2.8,212.0,83.0,5,180,0.0,362.0,130.0,0.0,13.4,0.0,620778,327,1073840,419,0.0,0.0,0.13,0.46,0.59,20.03,0.01,0.03,0.04,1.26,285.4,214.0,86.0,94.0,286.0,88.0,37.0,352.0,116.0,41.8,302.0,101.0,,,,32,,Reinildo,Mandava,Reinildo,,,1428,0,2,4,20,0,0,0,7,1,0,17,142,,,,0.0,0.25,1.26,1.07,7.75,27,96,67
542,u,0.0,0.0,4.0,712,187.0,0,0.0,0,0.0,0.1,514,183.0,2,0,1.0,456.0,166.0,0,11,0.0,462.0,180.0,0.0,0.5,0.0,3016,0,25327,3,0.0,0.0,0.0,0.01,0.01,1.33,0.0,0.01,0.01,0.9,33.6,434.0,161.0,2.4,458.0,167.0,0.0,567.0,224.0,3.6,460.0,164.0,,,,32,,Jenson,Seelt,Seelt,has joined Wolfsburg on loan for the rest of the season.,,133,0,0,0,2,0,0,0,0,0,0,1,18,,,,0.0,0.0,1.35,0.68,8.12,4,8,6
543,u,0.0,0.0,4.9,338,209.0,0,0.0,-6,6.0,0.3,299,105.0,34,0,2.4,287.0,123.0,3,81,0.0,727.0,303.0,0.0,6.9,0.0,90681,0,231332,15,0.0,0.0,0.35,0.62,0.97,11.3,0.05,0.09,0.14,1.57,81.4,386.0,172.0,116.8,254.0,155.0,75.0,294.0,159.0,27.0,354.0,169.0,,,,32,,Simon,Adingra,Adingra,has joined AS Monaco on loan for the rest of the season.,,649,1,1,4,8,0,0,0,2,0,0,9,45,,,,0.0,0.55,1.11,1.25,6.24,11,13,21
544,a,100.0,100.0,5.3,200,124.0,0,0.0,-2,2.0,0.1,465,161.0,51,0,3.6,110.0,50.0,3,159,2.3,137.0,53.0,0.4,9.6,0.0,22231,28,23420,96,2.3,2.3,2.3,0.52,2.82,15.85,0.19,0.04,0.23,1.3,118.6,351.0,159.0,74.7,311.0,175.0,177.0,173.0,96.0,36.0,318.0,155.0,,,1.0,32,,Habib,Diarra,Diarra,,,1099,2,4,4,11,0,0,0,4,0,0,12,61,,,,0.0,0.33,0.9,0.98,5.0,13,16,32
545,u,0.0,0.0,5.4,157,98.0,0,0.0,-1,1.0,0.0,732,305.0,1,0,1.0,503.0,234.0,0,4,0.0,774.0,337.0,0.0,0.2,0.0,462,0,4085,0,0.0,0.0,0.03,0.02,0.05,0.66,0.1,0.07,0.17,2.2,1.8,495.0,228.0,7.3,438.0,213.0,5.0,434.0,212.0,1.4,481.0,222.0,,,,32,,Patrick,Roberts,Roberts,has joined Birmingham City permanently.,,27,0,0,0,1,0,0,0,0,0,0,0,1,,,,0.0,0.0,3.33,0.0,3.33,0,0,1
546,a,100.0,100.0,4.9,344,215.0,0,0.0,-1,1.0,0.0,699,283.0,0,0,0.0,787.0,343.0,0,0,0.0,730.0,306.0,0.0,0.0,0.0,512,1,3521,1,0.0,0.0,0.0,0.0,0.0,0.0,0.0,0.0,0.0,0.0,0.0,786.0,342.0,0.0,782.0,342.0,0.0,778.0,340.0,0.0,786.0,342.0,,,,32,,Milan,Aleksić,Aleksić,,,0,0,0,0,0,0,0,0,0,0,0,0,0,,,,0.0,0.0,0.0,0.0,0.0,0,0,0
547,a,100.0,100.0,4.9,332,206.0,0,0.0,-1,1.0,1.1,186,64.0,108,0,3.7,95.0,40.0,8,438,0.3,330.0,152.0,0.1,22.0,0.0,391947,328,300832,906,0.3,0.3,4.58,3.41,7.99,37.45,0.18,0.13,0.31,1.47,541.6,66.0,18.0,576.8,24.0,23.0,201.0,143.0,82.0,132.1,44.0,31.0,3.0,2.0,2.0,32,,Enzo,Le Fée,E.Le Fée,,,2300,4,4,8,31,0,0,1,5,0,0,26,251,,,,0.0,0.31,1.21,1.02,9.82,69,65,117
548,i,0.0,0.0,4.9,328,203.0,0,0.0,-1,1.0,0.0,755,321.0,14,0,1.0,493.0,225.0,0,42,0.0,723.0,301.0,0.0,2.9,0.0,1135,2,1667,0,0.0,0.0,0.87,0.48,1.35,8.54,0.2,0.11,0.31,1.93,29.4,437.0,193.0,33.6,376.0,190.0,69.0,302.0,161.0,12.7,410.0,186.0,,,,32,,Romaine,Mundle,Mundle,Hamstring injury - Expected back 01 Jun,,399,0,0,0,11,0,0,0,1,0,0,2,33,,,,0.0,0.0,2.48,0.45,7.44,5,6,22
549,u,0.0,0.0,4.8,358,223.0,0,0.0,-2,2.0,0.0,657,261.0,3,0,1.0,491.0,224.0,0,10,0.0,693.0,282.0,0.0,0.6,0.0,1972,0,4704,2,0.0,0.0,0.0,0.0,0.0,0.64,0.0,0.0,0.0,4.43,3.0,488.0,224.0,1.4,467.0,226.0,0.0,757.0,327.0,0.4,498.0,228.0,,,,32,,Dan,Neil,Neil,has joined Ipswich Town on loan for the rest of the season.,,13,0,0,0,0,0,0,0,0,0,0,0,2,,,,0.0,0.0,0.0,0.0,13.85,0,2,0
550,a,,,4.7,385,240.0,0,0.0,-3,3.0,0.0,665,265.0,0,0,0.0,766.0,329.0,0,0,0.0,683.0,277.0,0.0,0.0,0.0,1123,2,2822,2,0.0,0.0,0.0,0.0,0.0,0.0,0.0,0.0,0.0,0.0,0.0,765.0,328.0,0.0,760.0,328.0,0.0,750.0,325.0,0.0,765.0,328.0,,,,32,,Ian,Poveda-Ocampo,Poveda,,,0,0,0,0,0,0,0,0,0,0,0,0,0,,,,0.0,0.0,0.0,0.0,0.0,0,0,0
551,a,,,4.7,393,244.0,0,0.0,-3,3.0,0.0,591,223.0,21,0,1.6,401.0,172.0,1,83,1.7,167.0,68.0,0.4,4.5,0.0,6209,18,9424,10,1.7,1.7,0.6,0.71,1.31,8.36,0.1,0.11,0.21,1.35,52.8,414.0,181.0,106.5,269.0,164.0,59.0,322.0,169.0,21.8,374.0,176.0,,,,32,,Chris,Rigg,Rigg,,,556,0,0,2,4,0,0,0,0,0,0,8,46,,,,0.0,0.32,0.65,1.29,7.45,11,11,24
552,a,100.0,100.0,4.9,341,212.0,0,0.0,-1,1.0,0.1,569,211.0,61,0,2.3,298.0,129.0,0,323,1.0,220.0,95.0,0.2,12.4,0.0,11268,6,12548,15,1.0,1.0,0.63,1.02,1.65,33.29,0.02,0.04,0.06,1.31,273.6,221.0,92.0,210.3,170.0,113.0,100.0,259.0,142.0,58.5,234.0,115.0,,,,32,,Noah,Sadiki,Sadiki,,,2294,0,1,7,30,0,0,0,7,0,0,26,197,,,,0.0,0.27,1.18,1.02,7.73,38,76,83
553,a,100.0,100.0,4.9,339,210.0,0,0.0,-1,1.0,0.2,400,137.0,75,0,3.3,162.0,65.0,6,226,3.3,87.0,31.0,0.7,15.3,0.0,62636,52,71738,39,3.3,3.3,1.99,0.97,2.95,18.48,0.14,0.07,0.21,1.26,225.0,260.0,109.0,195.2,182.0,120.0,215.0,133.0,78.0,63.1,221.0,109.0,,,,32,,Chemsdine,Talbi,Talbi,,,1320,4,2,6,12,0,0,0,0,0,0,14,77,,,,0.0,0.41,0.82,0.95,5.25,8,18,51
554,a,,,4.3,595,350.0,0,0.0,-2,2.0,0.3,312,109.0,0,0,0.0,653.0,245.0,0,0,0.0,521.0,168.0,0.0,0.0,0.0,82148,29,80755,39,0.0,0.0,0.0,0.0,0.0,0.0,0.0,0.0,0.0,0.0,0.0,643.0,235.0,0.0,638.0,240.0,0.0,613.0,227.0,0.0,645.0,237.0,,,,32,,Abdoullah,Ba,Ba,,,0,0,0,0,0,0,0,0,0,0,0,0,0,,,,0.0,0.0,0.0,0.0,0.0,0,0,0
555,u,0.0,0.0,4.5,417,252.0,0,0.0,0,0.0,0.0,650,256.0,0,0,0.0,696.0,272.0,0,0,0.0,588.0,206.0,0.0,0.0,0.0,1291,0,9868,1,0.0,0.0,0.0,0.0,0.0,0.0,0.0,0.0,0.0,0.0,0.0,690.0,266.0,0.0,685.0,269.0,0.0,666.0,261.0,0.0,692.0,268.0,,,,32,,Alan,Browne,Browne,has joined Middlesbrough on loan for the rest of the season.,,0,0,0,0,0,0,0,0,0,0,0,0,0,,,,0.0,0.0,0.0,0.0,0.0,0,0,0
556,u,0.0,0.0,4.5,436,260.0,0,0.0,0,0.0,0.0,780,338.0,0,0,0.0,707.0,279.0,0,0,0.0,605.0,214.0,0.0,0.0,0.0,0,0,1807,0,0.0,0.0,0.0,0.0,0.0,0.0,0.0,0.0,0.0,0.0,0.0,701.0,273.0,0.0,697.0,276.0,0.0,680.0,269.0,0.0,703.0,275.0,,,,32,,Pierre,Ekwah Elimby,Ekwah,Has joined AS Saint-Etienne permanently.,,0,0,0,0,0,0,0,0,0,0,0,0,0,,,,0.0,0.0,0.0,0.0,0.0,0,0,0
557,a,,,4.3,612,358.0,0,0.0,-2,2.0,0.1,540,198.0,0,0,0.0,659.0,249.0,0,0,0.0,534.0,175.0,0.0,0.0,0.0,9060,14,10865,18,0.0,0.0,0.0,0.0,0.0,0.0,0.0,0.0,0.0,0.0,0.0,649.0,239.0,0.0,645.0,244.0,0.0,622.0,233.0,0.0,651.0,241.0,,,,32,,Harrison,Jones,H.Jones,,,0,0,0,0,0,0,0,0,0,0,0,0,0,,,,0.0,0.0,0.0,0.0,0.0,0,0,0
558,u,0.0,0.0,4.3,602,353.0,0,0.0,-2,2.0,0.2,403,139.0,0,0,0.0,655.0,247.0,0,0,0.0,526.0,171.0,0.0,0.0,0.0,30710,0,45966,17,0.0,0.0,0.0,0.0,0.0,0.0,0.0,0.0,0.0,0.0,0.0,645.0,237.0,0.0,640.0,242.0,0.0,615.0,229.0,0.0,647.0,239.0,,,,32,,Jay,Matete,Matete,has joined MK Dons permanently.,,0,0,0,0,0,0,0,0,0,0,0,0,0,,,,0.0,0.0,0.0,0.0,0.0,0,0,0
559,u,0.0,0.0,4.4,549,329.0,0,0.0,-1,1.0,0.0,648,254.0,0,0,0.0,677.0,261.0,0,0,0.0,561.0,188.0,0.0,0.0,0.0,2951,0,8663,3,0.0,0.0,0.0,0.0,0.0,0.0,0.0,0.0,0.0,0.0,0.0,668.0,252.0,0.0,665.0,257.0,0.0,643.0,246.0,0.0,670.0,254.0,,,,32,,Nectarios,Triantis,Triantis,has joined Minnesota United permanently.,,0,0,0,0,0,0,0,0,0,0,0,0,0,,,,0.0,0.0,0.0,0.0,0.0,0,0,0
560,a,100.0,100.0,5.0,259,54.0,0,0.0,-5,5.0,1.3,171,26.0,60,0,2.3,299.0,32.0,7,193,0.0,737.0,79.0,0.0,12.0,0.0,969569,59,883525,301,0.0,0.0,3.73,0.17,3.9,17.94,0.32,0.01,0.33,1.53,168.8,304.0,30.0,24.2,390.0,51.0,384.0,59.0,24.0,57.6,240.0,28.0,,,,32,,Wilson,Isidor,Isidor,,,1056,4,1,4,15,0,0,0,1,0,0,11,44,,,,0.0,0.34,1.28,0.94,3.75,9,16,19
561,a,,,5.2,214,50.0,0,0.0,-3,3.0,0.5,257,38.0,39,0,2.1,323.0,34.0,5,121,0.7,265.0,32.0,0.1,7.5,0.0,272488,4,310338,51,0.7,0.7,2.13,0.22,2.35,12.67,0.26,0.03,0.29,1.52,117.6,356.0,35.0,53.8,343.0,41.0,188.0,159.0,38.0,35.5,323.0,39.0,,,,32,,Eliezer,Mayenda Dossou,Mayenda,,,750,2,0,3,9,0,0,0,0,0,0,8,26,,,,0.0,0.36,1.08,0.96,3.12,5,7,14
562,a,,,4.2,649,91.0,0,0.0,-3,3.0,0.4,273,42.0,0,0,0.0,648.0,65.0,0,0,0.0,509.0,49.0,0.0,0.0,0.0,69789,31,94168,114,0.0,0.0,0.0,0.0,0.0,0.0,0.0,0.0,0.0,0.0,0.0,639.0,65.0,0.0,633.0,64.0,0.0,607.0,64.0,0.0,641.0,65.0,,,,32,,Ahmed,Abdullahi,Abdullahi,,,0,0,0,0,0,0,0,0,0,0,0,0,0,,,,0.0,0.0,0.0,0.0,0.0,0,0,0
563,u,0.0,0.0,4.4,559,79.0,0,0.0,-1,1.0,0.1,522,71.0,0,0,0.0,683.0,72.0,0,0,0.0,570.0,58.0,0.0,0.0,0.0,5979,0,20455,3,0.0,0.0,0.0,0.0,0.0,0.0,0.0,0.0,0.0,0.0,0.0,675.0,72.0,0.0,671.0,71.0,0.0,651.0,71.0,0.0,677.0,72.0,,,,32,,Luís Hemir,Silva Semedo,Luís Hemir,has joined Moreirense on loan for the rest of the season.,,0,0,0,0,0,0,0,0,0,0,0,0,0,,,,0.0,0.0,0.0,0.0,0.0,0,0,0
564,u,0.0,0.0,4.4,540,76.0,0,0.0,-1,1.0,0.1,524,73.0,0,0,0.0,673.0,69.0,0,0,0.0,556.0,55.0,0.0,0.0,0.0,3530,0,20235,1,0.0,0.0,0.0,0.0,0.0,0.0,0.0,0.0,0.0,0.0,0.0,663.0,69.0,0.0,660.0,68.0,0.0,638.0,68.0,0.0,665.0,69.0,,,,32,,Nazarii,Rusyn,Rusyn,has joined Arka on loan for the rest of the season.,,0,0,0,0,0,0,0,0,0,0,0,0,0,,,,0.0,0.0,0.0,0.0,0.0,0,0,0
668,a,100.0,100.0,5.1,218,134.0,0,0.0,1,-1.0,3.3,106,35.0,99,0,3.7,97.0,41.0,5,477,1.7,172.0,72.0,0.3,19.4,0.0,1376796,272,1369286,636,1.7,1.7,0.7,2.38,3.08,36.63,0.03,0.09,0.12,1.45,566.0,55.0,15.0,473.4,39.0,35.0,86.0,280.0,151.0,112.5,81.0,51.0,1.0,1.0,,32,,Granit,Xhaka,Xhaka,,,2271,1,5,7,27,0,0,0,5,0,0,25,281,,,,0.0,0.28,1.07,0.99,11.14,38,116,127
670,a,100.0,100.0,4.8,369,15.0,0,0.0,3,-3.0,7.7,51,9.0,110,0,3.9,67.0,7.0,9,474,0.0,696.0,91.0,0.0,22.9,0.0,2172912,618,1397743,2857,0.0,0.0,0.0,0.1,0.1,41.0,0.0,0.0,0.0,1.46,704.0,22.0,7.0,40.0,365.0,2.0,0.0,760.0,87.0,74.3,175.0,5.0,,,,32,,Robin,Roefs,Roefs,,,2520,0,0,8,34,0,1,0,3,0,85,28,110,,,,3.04,0.29,1.21,1.0,0.0,0,33,277
678,u,0.0,0.0,3.9,749,214.0,0,0.0,-1,1.0,0.5,270,101.0,1,0,0.3,520.0,181.0,0,4,0.0,387.0,147.0,0.0,0.3,0.0,52353,0,83902,33,0.0,0.0,0.07,0.08,0.15,2.09,0.05,0.06,0.11,1.5,21.8,448.0,165.0,20.1,398.0,144.0,7.0,424.0,160.0,4.9,454.0,162.0,,,,32,,Arthur,Masuaku,Masuaku,has joined RC Lens on loan for the rest of the season.,,125,0,0,0,2,0,0,0,1,0,0,2,13,,,,0.0,0.0,1.44,1.44,7.2,4,6,3
683,a,100.0,100.0,4.1,651,154.0,0,0.0,1,-1.0,6.2,64,22.0,103,0,3.8,77.0,28.0,5,352,1.0,209.0,72.0,0.2,25.1,0.0,1657485,969,1027546,3371,1.0,1.0,1.37,0.87,2.23,38.35,0.05,0.03,0.08,1.47,665.6,34.0,11.0,130.6,237.0,62.0,231.0,120.0,19.0,103.1,91.0,22.0,,,,32,,Omar,Alderete,Alderete,,,2353,1,1,8,31,0,0,0,6,0,0,26,292,,,,0.0,0.31,1.19,0.99,10.25,27,241,86
694,a,100.0,100.0,4.5,419,80.0,0,0.0,5,-5.0,6.8,60,21.0,115,0,4.6,25.0,8.0,8,397,0.0,590.0,236.0,0.0,25.6,0.0,2495223,997,1722646,2780,0.0,0.0,1.02,2.01,3.03,35.72,0.04,0.08,0.12,1.49,559.0,59.0,28.0,278.7,126.0,32.0,141.0,211.0,52.0,97.9,100.0,28.0,,,,32,,Nordi,Mukiele,Mukiele,,,2163,1,5,7,28,1,0,0,4,0,0,25,253,,,,0.0,0.29,1.17,1.04,9.36,57,168,101
724,a,,,4.5,427,86.0,0,0.0,0,0.0,0.1,573,205.0,46,0,1.8,374.0,141.0,0,190,1.7,165.0,64.0,0.4,10.2,0.0,10748,31,7264,24,1.7,1.7,0.5,0.75,1.25,28.37,0.03,0.05,0.08,1.81,238.0,251.0,99.0,116.1,255.0,72.0,67.0,304.0,92.0,42.1,300.0,100.0,,,,32,,Lutsharel,Geertruida,Geertruida,,,1411,0,0,2,21,0,0,0,1,0,0,14,117,,,,0.0,0.13,1.34,0.89,6.44,34,67,62
730,a,100.0,100.0,5.3,193,45.0,0,0.0,-2,2.0,0.7,231,33.0,72,0,3.0,197.0,20.0,11,255,3.3,88.0,12.0,0.6,13.6,0.0,352953,294,279649,627,3.3,3.3,3.79,0.46,4.25,24.05,0.25,0.03,0.28,1.59,276.4,217.0,19.0,131.9,236.0,25.0,365.0,65.0,25.0,75.9,168.0,23.0,,,,32,,Brian,Brobbey,Brobbey,,,1360,6,1,4,19,0,0,0,4,0,0,15,56,,,,0.0,0.26,1.26,0.99,3.71,7,13,36
735,i,0.0,0.0,5.5,133,82.0,0,0.0,0,0.0,0.0,652,257.0,30,0,2.5,274.0,115.0,1,118,0.0,787.0,347.0,0.0,5.5,0.0,13859,2,13272,4,0.0,0.0,0.48,0.25,0.73,9.74,0.07,0.04,0.11,1.38,115.6,358.0,160.0,108.4,265.0,160.0,135.0,219.0,121.0,35.9,319.0,156.0,,,,32,,Bertrand,Traoré,Traoré,Knee injury - Expected back 02 May,,634,1,1,3,9,0,0,0,1,0,0,9,40,,,,0.0,0.43,1.28,1.28,5.68,11,11,18
774,a,,,4.0,677,169.0,0,0.0,0,0.0,0.0,682,240.0,0,0,0.0,588.0,216.0,0,0,0.0,432.0,166.0,0.0,0.0,0.0,1729,7,1093,4,0.0,0.0,0.0,0.0,0.0,0.0,0.0,0.0,0.0,0.0,0.0,577.0,215.0,0.0,568.0,215.0,0.0,538.0,211.0,0.0,579.0,215.0,,,,32,,Jenson,Jones,Jenson Jones,,,0,0,0,0,0,0,0,0,0,0,0,0,0,,,,0.0,0.0,0.0,0.0,0.0,0,0,0
775,u,0.0,0.0,4.5,495,305.0,0,0.0,0,0.0,0.0,823,368.0,0,0,0.0,747.0,313.0,0,0,0.0,656.0,256.0,0.0,0.0,0.0,160,0,140,0,0.0,0.0,0.0,0.0,0.0,0.0,0.0,0.0,0.0,0.0,0.0,745.0,311.0,0.0,738.0,311.0,0.0,725.0,307.0,0.0,745.0,311.0,,,,32,,Tymur,Tutierov,Tutierov,has joined Exeter City on loan for the rest of the season.,,0,0,0,0,0,0,0,0,0,0,0,0,0,,,,0.0,0.0,0.0,0.0,0.0,0,0,0
800,i,0.0,0.0,5.0,284,176.0,0,0.0,0,0.0,0.0,822,367.0,1,0,1.0,498.0,229.0,0,4,0.0,752.0,321.0,0.0,0.2,0.0,162,1,132,3,0.0,0.0,0.0,0.04,0.04,0.24,0.0,0.09,0.09,0.57,3.4,484.0,221.0,4.3,448.0,217.0,2.0,455.0,224.0,1.0,486.0,223.0,,,,32,,Djiamgone Jocelin Ta,Bi,Jocelin.T,Ankle injury - Expected back 01 Jun,,38,0,0,0,0,0,0,0,0,0,0,1,3,,,,0.0,0.0,0.0,2.37,7.11,1,0,2
812,a,,,4.0,705,60.0,0,0.0,0,0.0,0.1,426,62.0,16,0,5.3,8.0,2.0,3,62,2.0,145.0,15.0,0.5,4.0,0.0,25190,73,7789,149,2.0,2.0,0.0,0.02,0.02,4.1,0.0,0.01,0.01,1.37,73.6,395.0,29.0,0.0,592.0,69.0,0.0,562.0,56.0,7.4,435.0,29.0,,,,32,,Melker,Ellborg,Ellborg,,,270,0,0,1,2,0,0,0,0,0,10,3,0,,,,3.33,0.33,0.67,1.0,0.0,0,6,33
813,d,50.0,0.0,5.0,276,170.0,0,0.0,0,0.0,0.0,784,341.0,9,0,1.8,379.0,162.0,0,27,0.0,745.0,316.0,0.0,1.8,0.0,1080,0,766,3,0.0,0.0,0.49,0.08,0.57,5.65,0.17,0.03,0.2,2.0,36.2,431.0,189.0,28.3,385.0,194.0,62.0,316.0,167.0,12.6,413.0,188.0,,,,32,,Nilson,Angulo,Angulo,Unknown - 50% chance of playing,,254,0,0,1,4,0,0,0,0,0,0,3,23,,,,0.0,0.35,1.42,1.06,8.15,7,10,6
821,a,,,4.5,475,290.0,0,0.0,0,0.0,0.0,821,366.0,0,0,0.0,732.0,302.0,0,0,0.0,636.0,241.0,0.0,0.0,0.0,50,2,11,3,0.0,0.0,0.0,0.0,0.0,0.0,0.0,0.0,0.0,0.0,0.0,729.0,299.0,0.0,723.0,300.0,0.0,709.0,295.0,0.0,730.0,300.0,,,,32,,Jack,Whittaker,Whittaker,,,0,0,0,0,0,0,0,0,0,0,0,0,0,,,,0.0,0.0,0.0,0.0,0.0,0,0,0
569,a,100.0,100.0,5.0,252,38.0,0,0.0,0,0.0,3.1,111,43.0,90,0,4.1,55.0,22.0,10,294,0.3,333.0,116.0,0.1,18.0,0.0,1032540,289,1216777,262,0.3,0.3,1.35,1.24,2.59,27.25,0.07,0.06,0.13,1.36,562.6,56.0,25.0,123.2,246.0,67.0,214.0,135.0,25.0,90.0,129.0,39.0,,,,32,,Cristian,Romero,Romero,,,1800,4,1,5,32,0,0,0,8,2,0,21,215,,,,0.0,0.25,1.6,1.05,9.4,55,133,86
570,a,100.0,100.0,4.2,630,141.0,0,0.0,-3,3.0,0.1,441,165.0,38,0,2.2,305.0,112.0,1,131,2.3,127.0,49.0,0.5,9.0,0.0,18353,19,31265,22,2.3,2.3,0.29,0.2,0.49,15.67,0.03,0.02,0.05,1.52,264.4,231.0,92.0,12.0,421.0,152.0,40.0,345.0,114.0,31.7,336.0,112.0,,,,32,,Kevin,Danso,Danso,,,929,0,0,2,19,0,0,0,4,0,0,11,134,,,,0.0,0.19,1.84,1.07,12.3,19,108,34
571,i,0.0,0.0,4.3,579,124.0,0,0.0,-2,2.0,0.1,549,197.0,10,0,3.3,155.0,60.0,1,29,0.0,513.0,219.0,0.0,2.3,0.0,4454,0,12070,3,0.0,0.0,0.49,0.07,0.56,1.11,0.32,0.05,0.37,0.73,67.4,399.0,150.0,22.2,393.0,141.0,52.0,333.0,107.0,14.2,401.0,144.0,,,,32,,Ben,Davies,Davies,Ankle injury - Unknown return date,,136,1,0,0,3,0,0,0,1,0,0,2,14,,,,0.0,0.0,1.99,1.32,9.26,5,9,5
572,a,100.0,100.0,4.5,449,92.0,0,0.0,0,0.0,0.0,667,235.0,15,0,1.9,349.0,130.0,0,26,1.3,188.0,67.0,0.3,3.3,0.0,3983,16,2898,14,1.3,1.3,0.31,0.01,0.32,11.94,0.05,0.0,0.05,2.09,122.2,347.0,132.0,3.2,454.0,164.0,27.0,372.0,126.0,15.3,399.0,143.0,,,,32,,Radu,Drăgușin,Dragusin,,,513,0,0,0,13,0,0,0,0,0,0,5,70,,,,0.0,0.0,2.28,0.88,12.28,5,65,13
573,a,100.0,100.0,4.2,636,145.0,0,0.0,-3,3.0,0.9,196,77.0,60,0,2.5,266.0,101.0,1,220,1.7,163.0,62.0,0.4,14.3,0.0,302617,74,364631,123,1.7,1.7,0.86,1.74,2.6,29.3,0.04,0.09,0.13,1.46,262.0,232.0,93.0,202.2,174.0,45.0,172.0,176.0,39.0,63.5,218.0,75.0,,,,32,,Djed,Spence,Spence,,,1806,0,0,7,29,0,0,0,4,0,0,21,128,,,,0.0,0.35,1.45,1.05,5.18,38,66,100
574,a,100.0,100.0,4.3,597,136.0,0,0.0,-2,2.0,0.3,325,118.0,14,0,1.0,463.0,171.0,0,56,-0.3,825.0,267.0,-0.1,3.3,0.0,51031,30,114000,6,-0.3,-0.3,0.16,0.63,0.79,15.26,0.02,0.07,0.09,1.64,149.0,322.0,123.0,138.8,231.0,60.0,86.0,278.0,82.0,37.5,311.0,104.0,,,,32,,Destiny,Udogie,Udogie,,,839,0,1,0,19,0,0,0,3,0,0,8,62,,,,0.0,0.0,2.04,0.86,4.4,20,21,49
575,a,100.0,100.0,4.4,547,118.0,0,0.0,-1,1.0,18.6,18,6.0,98,0,3.5,123.0,45.0,10,337,0.3,321.0,115.0,0.1,22.3,0.0,3532697,640,4504089,4590,0.3,0.3,2.79,0.34,3.13,37.44,0.1,0.01,0.11,1.4,585.4,51.0,23.0,81.0,303.0,97.0,206.0,140.0,27.0,87.1,138.0,42.0,,,,32,,Micky,van de Ven,Van de Ven,,,2411,4,1,7,43,0,0,0,7,1,0,28,215,,,,0.0,0.26,1.61,1.05,6.68,31,148,95
576,u,0.0,0.0,4.0,713,188.0,0,0.0,0,0.0,0.0,739,255.0,0,0,0.0,615.0,228.0,0,0,0.0,463.0,181.0,0.0,0.0,0.0,0,0,2008,0,0.0,0.0,0.0,0.0,0.0,0.0,0.0,0.0,0.0,0.0,0.0,605.0,228.0,0.0,597.0,228.0,0.0,568.0,225.0,0.0,607.0,228.0,,,,32,,Ashley,Phillips,Phillips,Has joined Stoke City on loan for the rest of the season.,,0,0,0,0,0,0,0,0,0,0,0,0,0,,,,0.0,0.0,0.0,0.0,0.0,0,0,0
577,u,0.0,0.0,4.0,715,189.0,0,0.0,0,0.0,0.0,606,216.0,0,0,0.0,617.0,229.0,0,0,0.0,465.0,182.0,0.0,0.0,0.0,1005,0,9096,0,0.0,0.0,0.0,0.0,0.0,0.0,0.0,0.0,0.0,0.0,0.0,607.0,229.0,0.0,599.0,229.0,0.0,570.0,226.0,0.0,609.0,229.0,,,,32,,Takai,Kōta,Takai,has joined Borussia Mönchengladbach on loan for the rest of the season.,,0,0,0,0,0,0,0,0,0,0,0,0,0,,,,0.0,0.0,0.0,0.0,0.0,0,0,0
578,u,0.0,0.0,3.9,787,233.0,0,0.0,-1,1.0,0.3,318,114.0,0,0,0.0,576.0,210.0,0,0,0.0,418.0,160.0,0.0,0.0,0.0,7334,0,92309,6,0.0,0.0,0.0,0.0,0.0,0.0,0.0,0.0,0.0,0.0,0.0,565.0,209.0,0.0,553.0,209.0,0.0,523.0,205.0,0.0,567.0,209.0,,,,32,,Luka,Vušković,Vuskovic,has joined Hamburger SV on loan for the rest of the season.,,0,0,0,0,0,0,0,0,0,0,0,0,0,,,,0.0,0.0,0.0,0.0,0.0,0,0,0
579,u,0.0,0.0,8.5,9,5.0,0,0.0,0,0.0,0.1,450,152.0,0,0,0.0,826.0,371.0,0,0,0.0,824.0,371.0,0.0,0.0,0.0,0,0,25599,3,0.0,0.0,0.0,0.0,0.0,0.0,0.0,0.0,0.0,0.0,0.0,826.0,371.0,0.0,826.0,371.0,0.0,826.0,371.0,0.0,826.0,371.0,,,,32,,Son,Heung-min,Son,has joined Los Angeles FC permanently.,,0,0,0,0,0,0,0,0,0,0,0,0,0,,,,0.0,0.0,0.0,0.0,0.0,0,0,0
581,i,0.0,0.0,6.8,42,26.0,0,0.0,-2,2.0,0.1,449,151.0,0,0,0.0,823.0,368.0,0,0,0.0,816.0,364.0,0.0,0.0,0.0,1895,4,23993,6,0.0,0.0,0.0,0.0,0.0,0.0,0.0,0.0,0.0,0.0,0.0,823.0,368.0,0.0,823.0,368.0,0.0,823.0,368.0,0.0,823.0,368.0,,,,32,,James,Maddison,Maddison,Anterior cruciate ligament - Expected back 24 May,,0,0,0,0,0,0,0,0,0,0,0,0,0,,,,0.0,0.0,0.0,0.0,0.0,0,0,0
582,i,0.0,0.0,6.4,59,38.0,0,0.0,-1,1.0,9.3,35,11.0,75,0,3.9,75.0,32.0,7,257,0.0,813.0,363.0,0.0,11.7,0.0,3263721,4,5217103,559,0.0,0.0,1.92,2.41,4.33,22.74,0.11,0.14,0.25,1.33,333.4,185.0,74.0,413.8,62.0,49.0,302.0,89.0,55.0,104.7,89.0,54.0,,4.0,3.0,32,,Mohammed,Kudus,Kudus,Thigh injury - Unknown return date,,1535,2,6,7,20,0,0,0,3,0,0,19,133,,,,0.0,0.41,1.17,1.11,7.8,29,9,95
583,i,0.0,0.0,6.4,58,37.0,0,0.0,-1,1.0,0.0,724,300.0,0,0,0.0,820.0,367.0,0,0,0.0,812.0,362.0,0.0,0.0,0.0,1111,4,2174,4,0.0,0.0,0.0,0.0,0.0,0.0,0.0,0.0,0.0,0.0,0.0,820.0,367.0,0.0,820.0,367.0,0.0,820.0,367.0,0.0,820.0,367.0,,,,32,,Dejan,Kulusevski,Kulusevski,Knee injury - Unknown return date,,0,0,0,0,0,0,0,0,0,0,0,0,0,,,,0.0,0.0,0.0,0.0,0.0,0,0,0
584,d,75.0,75.0,6.2,80,52.0,0,0.0,-3,3.0,0.1,436,147.0,56,0,2.3,302.0,131.0,5,197,1.3,202.0,89.0,0.2,9.0,0.0,42402,8,47993,69,1.0,1.0,2.11,1.31,3.41,13.93,0.21,0.13,0.34,1.41,205.8,273.0,113.0,289.6,119.0,84.0,248.0,109.0,67.0,74.6,174.0,89.0,1.0,,,32,,Mathys,Tel,Tel,Knock - 75% chance of playing,,891,3,1,1,19,0,0,0,0,0,0,9,77,,,,0.0,0.1,1.92,0.91,7.78,17,9,51
585,d,50.0,0.0,5.2,207,128.0,0,0.0,-3,3.0,0.2,410,142.0,64,0,3.2,177.0,72.0,3,269,0.0,762.0,328.0,0.0,12.3,0.0,56926,0,66946,8,0.0,0.0,0.45,0.68,1.13,20.56,0.03,0.04,0.07,1.32,268.6,226.0,95.0,159.7,206.0,132.0,85.0,284.0,154.0,51.6,263.0,135.0,,,,32,,Rodrigo,Bentancur,Bentancur,Hamstring injury - 50% chance of playing,,1407,1,1,5,21,0,0,0,5,0,0,17,207,,,,0.0,0.32,1.34,1.09,13.24,37,69,101
586,a,100.0,100.0,5.2,215,133.0,0,0.0,-3,3.0,0.2,394,133.0,40,0,2.2,315.0,138.0,0,140,0.3,337.0,158.0,0.1,7.7,0.0,102925,27,111547,9,0.3,0.3,1.18,0.4,1.58,11.49,0.13,0.04,0.17,1.23,143.2,327.0,146.0,90.8,290.0,170.0,137.0,217.0,119.0,37.2,313.0,153.0,,,,32,,Lucas,Bergvall,Bergvall,,,844,1,2,3,15,0,0,0,2,0,0,10,70,,,,0.0,0.32,1.6,1.07,7.46,20,16,34
587,d,25.0,25.0,5.2,209,129.0,0,0.0,-3,3.0,0.0,599,225.0,13,0,1.6,403.0,174.0,0,88,0.0,763.0,329.0,0.0,2.5,0.0,3312,2,15175,7,0.0,0.0,0.36,0.08,0.44,11.22,0.07,0.02,0.09,2.2,83.8,383.0,170.0,18.9,401.0,201.0,23.0,382.0,193.0,12.6,414.0,189.0,,,,32,,Yves,Bissouma,Bissouma,Muscle injury - 25% chance of playing,,460,0,0,0,15,0,0,0,3,0,0,5,67,,,,0.0,0.0,2.93,0.98,13.11,18,25,24
588,i,0.0,0.0,5.3,201,125.0,0,0.0,-2,2.0,0.0,607,231.0,46,0,1.9,361.0,157.0,6,176,0.0,772.0,336.0,0.0,8.7,0.0,16390,0,18327,8,0.0,0.0,1.92,1.21,3.13,14.24,0.18,0.11,0.29,1.32,158.8,313.0,141.0,284.3,123.0,86.0,234.0,117.0,70.0,67.6,201.0,98.0,,,,32,,Wilson,Odobert,Odobert,Knee injury - Unknown return date,,972,0,2,2,13,0,0,0,0,0,0,10,77,,,,0.0,0.19,1.2,0.93,7.13,10,14,53
589,u,0.0,0.0,5.4,167,104.0,0,0.0,-1,1.0,0.0,765,326.0,0,0,0.0,807.0,357.0,0,0,0.0,779.0,340.0,0.0,0.0,0.0,115,0,1480,0,0.0,0.0,0.0,0.0,0.0,0.0,0.0,0.0,0.0,0.0,0.0,806.0,356.0,0.0,805.0,356.0,0.0,803.0,355.0,0.0,806.0,356.0,,,,32,,Manor,Solomon,Solomon,has joined Fiorentina on loan for the rest of the season.,,0,0,0,0,0,0,0,0,0,0,0,0,0,,,,0.0,0.0,0.0,0.0,0.0,0,0,0
590,u,0.0,0.0,4.9,323,200.0,0,0.0,-1,1.0,0.0,662,264.0,0,0,0.0,780.0,338.0,0,0,0.0,719.0,298.0,0.0,0.0,0.0,675,0,4501,2,0.0,0.0,0.0,0.0,0.0,0.0,0.0,0.0,0.0,0.0,0.0,779.0,337.0,0.0,775.0,337.0,0.0,771.0,335.0,0.0,779.0,337.0,,,,32,,Bryan,Gil Salvatierra,Bryan,has joined Girona permanently.,,0,0,0,0,0,0,0,0,0,0,0,0,0,,,,0.0,0.0,0.0,0.0,0.0,0,0,0
591,a,100.0,100.0,4.8,371,232.0,0,0.0,-2,2.0,0.2,402,138.0,57,0,2.7,238.0,96.0,6,222,1.3,191.0,82.0,0.3,11.9,0.0,24255,50,25781,75,1.3,1.3,1.46,1.29,2.75,23.11,0.1,0.08,0.18,1.52,246.8,244.0,105.0,137.1,232.0,149.0,141.0,212.0,118.0,52.5,257.0,130.0,,,,32,,Archie,Gray,Gray,,,1370,2,2,5,26,0,0,0,5,0,0,17,124,,,,0.0,0.33,1.71,1.12,8.15,11,59,54
592,u,0.0,0.0,5.0,271,165.0,0,0.0,0,0.0,0.0,798,352.0,0,0,0.0,797.0,351.0,0,0,0.0,744.0,315.0,0.0,0.0,0.0,0,0,687,0,0.0,0.0,0.0,0.0,0.0,0.0,0.0,0.0,0.0,0.0,0.0,796.0,350.0,0.0,794.0,350.0,0.0,789.0,348.0,0.0,796.0,350.0,,,,32,,Mikey,Moore,Moore,Has joined Rangers on loan for the rest of the season.,,0,0,0,0,0,0,0,0,0,0,0,0,0,,,,0.0,0.0,0.0,0.0,0.0,0,0,0
593,d,75.0,75.0,4.5,443,265.0,0,0.0,-5,5.0,1.1,187,65.0,65,0,3.0,194.0,80.0,2,289,2.0,150.0,59.0,0.4,14.4,0.0,402541,121,589539,796,1.5,1.5,1.5,1.07,2.57,25.95,0.1,0.07,0.17,1.77,311.4,198.0,80.0,150.7,214.0,140.0,152.0,194.0,108.0,61.6,227.0,112.0,,,,32,,Pape Matar,Sarr,P.M.Sarr,Shoulder injury - 75% chance of playing,,1320,2,3,3,22,0,0,0,2,0,0,13,178,,,,0.0,0.2,1.5,0.89,12.14,32,72,74
594,u,0.0,0.0,4.5,505,314.0,0,0.0,0,0.0,0.0,740,311.0,0,0,0.0,755.0,320.0,0,0,0.0,665.0,264.0,0.0,0.0,0.0,0,0,2824,0,0.0,0.0,0.0,0.0,0.0,0.0,0.0,0.0,0.0,0.0,0.0,754.0,319.0,0.0,747.0,319.0,0.0,734.0,315.0,0.0,754.0,319.0,,,,32,,Yang,Min-hyeok,Min-hyeok,has joined Coventry City on loan for the rest of the season.,,0,0,0,0,0,0,0,0,0,0,0,0,0,,,,0.0,0.0,0.0,0.0,0.0,0,0,0
595,a,,,4.3,604,355.0,0,0.0,-2,2.0,0.2,369,124.0,1,0,1.0,466.0,203.0,0,3,0.3,319.0,143.0,0.1,0.2,0.0,25222,13,31082,19,0.3,0.3,0.0,0.01,0.01,0.75,0.0,0.06,0.06,4.82,0.6,503.0,230.0,1.8,460.0,221.0,0.0,617.0,231.0,0.2,505.0,232.0,,,,32,,Callum,Olusesi,Olusesi,,,14,0,0,0,0,0,0,0,0,0,0,0,2,,,,0.0,0.0,0.0,0.0,12.86,0,0,2
596,a,100.0,100.0,7.2,31,13.0,0,0.0,-3,3.0,1.1,182,28.0,35,0,2.9,210.0,21.0,4,161,1.3,204.0,25.0,0.2,4.9,0.0,146628,159,530691,368,1.3,1.3,2.36,0.22,2.57,15.52,0.27,0.03,0.3,1.8,178.0,296.0,29.0,67.0,319.0,36.0,242.0,112.0,29.0,48.6,274.0,32.0,,,2.0,32,,Dominic,Solanke-Mitchell,Solanke,,,778,3,0,0,18,0,0,0,1,0,0,8,55,,,,0.0,0.0,2.08,0.93,6.36,17,13,25
597,a,100.0,100.0,6.3,65,21.0,0,0.0,-2,2.0,5.6,69,13.0,93,0,3.6,116.0,7.0,13,415,3.7,73.0,10.0,0.6,14.8,0.0,3013519,313,3071259,979,3.7,3.7,6.37,1.24,7.61,21.6,0.38,0.07,0.45,1.29,474.6,96.0,7.0,187.7,186.0,16.0,618.0,23.0,14.0,127.4,52.0,12.0,,,5.0,32,,Richarlison,de Andrade,Richarlison,,,1502,9,3,5,23,0,0,0,5,0,0,15,113,,,,0.0,0.3,1.38,0.9,6.77,20,47,46
598,u,0.0,0.0,4.5,468,66.0,0,0.0,0,0.0,0.0,677,87.0,0,0,0.0,727.0,76.0,0,0,0.0,629.0,62.0,0.0,0.0,0.0,0,0,5128,0,0.0,0.0,0.0,0.0,0.0,0.0,0.0,0.0,0.0,0.0,0.0,723.0,76.0,0.0,717.0,75.0,0.0,702.0,75.0,0.0,724.0,76.0,,,,32,,Will,Lankshear,Lankshear,has joined Oxford United on loan for the rest of the season.,,0,0,0,0,0,0,0,0,0,0,0,0,0,,,,0.0,0.0,0.0,0.0,0.0,0,0,0
599,u,0.0,0.0,4.3,599,84.0,0,0.0,-2,2.0,0.5,253,37.0,2,0,1.0,464.0,57.0,0,5,0.0,524.0,50.0,0.0,0.5,0.0,60820,0,111371,50,0.0,0.0,0.0,0.01,0.01,0.03,0.0,0.13,0.13,0.39,1.0,501.0,60.0,4.1,449.0,59.0,2.0,447.0,60.0,0.7,489.0,60.0,,,,32,,Dane,Scarlett,Scarlett,has joined Hibernian on loan for the rest of the season.,,7,0,0,0,0,0,0,0,0,0,0,0,1,,,,0.0,0.0,0.0,0.0,12.86,0,0,1
673,a,100.0,100.0,5.5,134,83.0,0,0.0,0,0.0,0.7,216,77.0,94,0,3.6,113.0,52.0,11,398,0.0,788.0,348.0,0.0,17.1,0.0,370115,38,366913,107,0.0,0.0,1.33,0.55,1.88,29.02,0.07,0.03,0.1,1.47,495.0,86.0,28.0,115.6,256.0,156.0,170.0,180.0,98.0,78.3,160.0,83.0,,,,32,,João Maria,Lobo Alves Palhares Costa Palhinha Gonçalves,J.Palhinha,,,1774,3,3,4,32,0,0,0,6,0,0,19,244,,,,0.0,0.2,1.62,0.96,12.38,96,79,69
717,a,100.0,100.0,6.5,53,34.0,0,0.0,-5,5.0,1.2,180,62.0,65,0,2.6,262.0,110.0,5,298,0.7,279.0,129.0,0.1,10.0,0.0,836552,358,753470,345,0.7,0.7,2.31,3.54,5.85,29.47,0.13,0.2,0.33,1.67,293.4,208.0,87.0,480.5,38.0,34.0,217.0,131.0,76.0,99.1,96.0,55.0,2.0,3.0,4.0,32,,Xavi,Simons,Xavi,,,1590,1,4,3,34,0,0,0,4,1,0,17,141,,,,0.0,0.17,1.92,0.96,7.98,33,25,83
726,a,100.0,100.0,6.9,40,15.0,0,0.0,-1,1.0,0.4,289,45.0,42,0,1.8,384.0,46.0,1,122,1.7,178.0,22.0,0.2,6.1,0.0,133168,53,120817,162,1.7,1.7,1.71,1.31,3.02,21.24,0.13,0.1,0.23,1.56,144.6,326.0,32.0,209.6,171.0,14.0,209.0,139.0,33.0,55.3,248.0,30.0,,,,32,,Randal,Kolo Muani,Kolo Muani,,,1223,1,1,3,26,0,0,0,2,0,0,15,89,,,,0.0,0.22,1.91,1.1,6.55,21,19,49
745,a,,,4.0,736,208.0,0,0.0,0,0.0,0.0,617,220.0,1,0,1.0,458.0,168.0,0,3,0.0,485.0,200.0,0.0,0.2,0.0,2105,2,2106,8,0.0,0.0,0.0,0.0,0.0,0.0,0.0,0.0,0.0,0.0,0.4,504.0,178.0,0.5,476.0,174.0,0.0,589.0,243.0,0.1,508.0,179.0,,,,32,,Jun'ai,Byfield,Byfield,,,1,0,0,0,0,0,0,0,0,0,0,0,0,,,,0.0,0.0,0.0,0.0,0.0,0,0,0
750,a,,,4.0,700,180.0,0,0.0,0,0.0,0.0,636,227.0,1,0,1.0,455.0,165.0,0,3,0.3,311.0,109.0,0.1,0.2,0.0,1918,3,1705,8,0.3,0.3,0.0,0.0,0.0,0.36,0.0,0.0,0.0,32.4,0.0,596.0,223.0,0.0,587.0,223.0,0.0,557.0,219.0,0.0,598.0,223.0,,,,32,,James,Rowswell,Rowswell,,,1,0,0,0,0,0,0,0,0,0,0,0,0,,,,0.0,0.0,0.0,0.0,0.0,0,0,0
751,u,0.0,0.0,4.5,489,301.0,0,0.0,0,0.0,0.0,789,344.0,0,0,0.0,742.0,310.0,0,0,0.0,650.0,252.0,0.0,0.0,0.0,675,0,647,1,0.0,0.0,0.0,0.0,0.0,0.0,0.0,0.0,0.0,0.0,0.0,740.0,308.0,0.0,733.0,308.0,0.0,720.0,304.0,0.0,740.0,308.0,,,,32,,Yusuf,Akhamrich,Akhamrich,has joined Bristol Rovers on loan for the rest of the season.,,0,0,0,0,0,0,0,0,0,0,0,0,0,,,,0.0,0.0,0.0,0.0,0.0,0,0,0
790,a,,,4.5,501,311.0,0,0.0,0,0.0,0.0,764,325.0,0,0,0.0,751.0,317.0,0,0,0.0,661.0,261.0,0.0,0.0,0.0,813,3,426,4,0.0,0.0,0.0,0.0,0.0,0.0,0.0,0.0,0.0,0.0,0.0,750.0,316.0,0.0,743.0,316.0,0.0,730.0,312.0,0.0,750.0,316.0,,,,32,,Lucá,Williams-Barnett,Williams-Barnett,,,0,0,0,0,0,0,0,0,0,0,0,0,0,,,,0.0,0.0,0.0,0.0,0.0,0,0,0
796,a,100.0,100.0,5.1,231,141.0,0,0.0,-4,4.0,0.1,503,181.0,20,0,2.2,314.0,137.0,0,98,0.3,334.0,155.0,0.1,3.9,0.0,36835,26,26639,71,0.3,0.3,0.56,0.48,1.04,14.28,0.09,0.07,0.16,2.2,85.8,380.0,168.0,107.2,267.0,162.0,86.0,281.0,152.0,27.9,350.0,168.0,,,,32,,Conor,Gallagher,Gallagher,,,583,0,1,0,17,0,0,0,0,0,0,7,59,,,,0.0,0.0,2.62,1.08,9.11,10,15,34
804,a,,,4.0,733,205.0,0,0.0,0,0.0,0.0,676,238.0,3,0,0.8,513.0,178.0,0,0,0.3,313.0,111.0,0.1,0.8,0.0,2530,19,1099,17,0.3,0.3,0.02,0.03,0.05,2.61,0.01,0.02,0.03,1.65,12.8,459.0,167.0,31.9,381.0,137.0,17.0,394.0,141.0,6.2,442.0,159.0,,,,32,,João Victor,de Souza Menezes,Souza,,,142,0,0,0,3,0,0,0,1,0,0,2,6,,,,0.0,0.0,1.9,1.27,3.8,0,6,3
811,a,,,4.5,461,279.0,0,0.0,0,0.0,0.0,793,348.0,0,0,0.0,722.0,294.0,0,0,0.0,623.0,230.0,0.0,0.0,0.0,393,4,193,1,0.0,0.0,0.0,0.0,0.0,0.0,0.0,0.0,0.0,0.0,0.0,717.0,289.0,0.0,712.0,291.0,0.0,696.0,284.0,0.0,718.0,290.0,,,,32,,Rio,Kyerematen,Kyerematen,,,0,0,0,0,0,0,0,0,0,0,0,0,0,,,,0.0,0.0,0.0,0.0,0.0,0,0,0
818,a,,,4.5,502,71.0,0,0.0,0,0.0,0.0,658,84.0,0,0,0.0,752.0,81.0,0,0,0.0,662.0,67.0,0.0,0.0,0.0,3460,36,1275,26,0.0,0.0,0.0,0.0,0.0,0.0,0.0,0.0,0.0,0.0,0.0,751.0,81.0,0.0,744.0,80.0,0.0,731.0,80.0,0.0,751.0,81.0,,,,32,,James,Wilson,Wilson,,,0,0,0,0,0,0,0,0,0,0,0,0,0,,,,0.0,0.0,0.0,0.0,0.0,0,0,0
326,a,100.0,100.0,5.1,221,136.0,0,0.0,-4,4.0,0.2,411,143.0,24,1,1.0,500.0,231.0,0,71,1.0,224.0,97.0,0.2,4.7,0.0,17463,24,37649,42,1.0,1.5,0.69,0.56,1.25,8.24,0.17,0.14,0.31,2.06,29.2,438.0,194.0,68.5,317.0,176.0,68.0,303.0,162.0,16.0,398.0,182.0,,,,32,,Adama,Traoré Diarra,Adama,,,360,0,0,0,11,0,0,0,1,0,0,1,17,,,,0.0,0.0,2.75,0.25,4.25,1,2,14
600,a,100.0,100.0,4.3,575,27.0,0,0.0,-2,2.0,2.0,139,18.0,51,0,2.5,267.0,27.0,2,220,0.0,510.0,80.0,0.0,11.9,0.0,187313,118,464674,416,0.0,0.5,0.0,0.0,0.0,35.3,0.0,0.0,0.0,1.76,570.4,54.0,12.0,10.0,428.0,8.0,0.0,608.0,69.0,57.9,236.0,12.0,,,,32,,Alphonse,Areola,Areola,,,1800,0,1,0,37,0,0,0,0,0,77,20,55,,,,3.85,0.0,1.85,1.0,0.0,0,30,142
601,u,0.0,0.0,4.0,664,41.0,0,0.0,0,0.0,0.2,362,51.0,0,0,0.0,579.0,65.0,0,0,0.0,421.0,52.0,0.0,0.0,0.0,3874,0,43036,7,0.0,0.0,0.0,0.0,0.0,0.0,0.0,0.0,0.0,0.0,0.0,568.0,65.0,0.0,557.0,50.0,0.0,527.0,37.0,0.0,570.0,65.0,,,,32,,Wes,Foderingham,Foderingham,has joined Aris Limassol permanently.,,0,0,0,0,0,0,0,0,0,0,0,0,0,,,,0.0,0.0,0.0,0.0,0.0,0,0,0
602,u,0.0,0.0,3.9,770,84.0,0,0.0,-1,1.0,0.2,375,54.0,0,0,0.0,562.0,55.0,0,0,0.0,402.0,42.0,0.0,0.0,0.0,11331,0,20673,22,0.0,0.0,0.0,0.0,0.0,0.0,0.0,0.0,0.0,0.0,0.0,551.0,55.0,0.0,539.0,39.0,0.0,508.0,26.0,0.0,553.0,55.0,,,,32,,Krisztián,Hegyi,Hegyi,has joined MTK Budapest on loan for the rest of the season.,,0,0,0,0,0,0,0,0,0,0,0,0,0,,,,0.0,0.0,0.0,0.0,0.0,0,0,0
603,a,100.0,100.0,4.1,659,160.0,0,0.0,-4,4.0,2.5,122,48.0,88,6,3.4,139.0,51.0,3,288,3.0,95.0,37.0,0.7,21.5,0.0,420474,615,915598,951,3.0,3.5,0.49,1.87,2.36,34.84,0.02,0.08,0.1,1.44,462.4,103.0,47.0,296.8,114.0,28.0,88.0,273.0,80.0,84.9,143.0,46.0,,,,32,,El Hadji Malick,Diouf,Diouf,,,2183,0,6,7,40,0,0,0,4,0,0,24,206,,,,0.0,0.29,1.65,0.99,7.05,33,138,97
604,u,0.0,0.0,4.4,524,102.0,0,0.0,-1,1.0,0.1,585,209.0,0,0,0.0,669.0,254.0,0,0,0.0,547.0,227.0,0.0,0.0,0.0,1719,0,20816,0,0.0,0.0,0.0,0.0,0.0,0.0,0.0,0.0,0.0,0.0,0.0,659.0,254.0,0.0,655.0,254.0,0.0,633.0,253.0,0.0,661.0,254.0,,,,32,,Emerson,Palmieri dos Santos,Emerson,has joined Marseille permanently.,,0,0,0,0,0,0,0,0,0,0,0,0,0,,,,0.0,0.0,0.0,0.0,0.0,0,0,0
605,a,,,4.1,652,155.0,0,0.0,-4,4.0,0.1,429,159.0,36,0,1.7,385.0,143.0,0,80,0.0,491.0,206.0,0.0,8.8,0.0,30421,8,51179,26,0.0,0.5,0.56,0.25,0.81,33.28,0.03,0.01,0.04,1.92,392.4,145.0,62.0,55.8,340.0,117.0,60.0,320.0,100.0,50.9,267.0,86.0,,,,32,,Maximilian,Kilman,Kilman,,,1559,0,0,1,37,0,0,0,4,0,0,17,191,,,,0.0,0.06,2.14,0.98,9.24,16,144,43
606,a,100.0,100.0,4.4,536,112.0,0,0.0,-1,1.0,0.3,311,113.0,98,21,3.9,65.0,24.0,5,295,12.0,1.0,1.0,2.7,22.3,0.0,55413,10958,24449,192,12.0,12.5,2.26,0.59,2.85,32.08,0.1,0.03,0.13,1.45,638.2,41.0,17.0,51.8,347.0,122.0,240.0,114.0,18.0,93.0,115.0,32.0,,,,32,,Konstantinos,Mavropanos,Mavropanos,,,1992,3,0,4,36,1,0,0,2,0,0,21,268,,,,0.0,0.18,1.63,0.95,11.2,34,214,79
607,u,0.0,0.0,4.4,529,106.0,0,0.0,-1,1.0,0.0,609,217.0,3,0,1.5,408.0,149.0,0,-1,0.0,551.0,230.0,0.0,0.7,0.0,1288,0,12349,4,0.0,0.0,0.1,0.03,0.13,3.42,0.05,0.02,0.07,1.71,39.0,426.0,159.0,3.9,450.0,161.0,8.0,420.0,158.0,5.1,451.0,161.0,,,,32,,Nayef,Aguerd,N.Aguerd,has joined Marseille permanently.,,180,0,0,0,8,0,0,0,0,0,0,2,23,,,,0.0,0.0,4.0,1.0,7.5,1,14,8
608,a,100.0,100.0,4.3,609,139.0,0,0.0,-2,2.0,0.0,620,221.0,21,0,1.8,370.0,138.0,0,86,0.0,531.0,225.0,0.0,4.9,0.0,5038,1,7113,13,0.0,0.5,0.18,0.32,0.5,13.28,0.02,0.04,0.06,1.83,138.2,333.0,126.0,71.7,312.0,102.0,22.0,384.0,134.0,23.2,365.0,125.0,5.0,,,32,,Ollie,Scarles,Scarles,,,654,0,1,0,16,0,0,0,1,0,0,9,73,,,,0.0,0.0,2.2,1.24,9.91,29,43,35
609,a,100.0,75.0,4.3,592,133.0,0,0.0,-2,2.0,0.1,489,176.0,44,0,2.2,307.0,113.0,1,161,1.3,187.0,66.0,0.3,10.2,0.0,12703,13,20326,32,1.3,1.4,0.25,0.31,0.56,31.66,0.01,0.02,0.03,1.68,370.6,159.0,66.0,65.5,325.0,108.0,24.0,379.0,132.0,46.1,282.0,92.0,,,,32,,Jean-Clair,Todibo,Todibo,,,1701,0,1,1,34,0,0,0,4,1,0,20,172,,,,0.0,0.05,1.8,1.06,8.36,37,121,86
610,a,100.0,100.0,4.1,653,156.0,0,0.0,-4,4.0,4.6,84,28.0,63,0,2.9,200.0,79.0,0,190,0.7,244.0,88.0,0.2,15.4,0.0,285512,206,2322461,1638,0.7,1.2,0.0,0.93,0.93,33.11,0.0,0.04,0.04,1.57,406.6,136.0,59.0,289.7,118.0,29.0,30.0,367.0,122.0,73.0,181.0,62.0,,,,32,,Aaron,Wan-Bissaka,Wan-Bissaka,,,1903,0,3,3,39,0,0,0,4,0,0,21,177,,,,0.0,0.14,1.84,0.99,7.71,29,134,66
611,u,0.0,0.0,4.0,710,185.0,0,0.0,0,0.0,0.1,554,199.0,0,0,0.0,613.0,226.0,0,0,0.0,460.0,178.0,0.0,0.0,0.0,0,0,13338,2,0.0,0.0,0.0,0.0,0.0,0.0,0.0,0.0,0.0,0.0,0.0,603.0,226.0,0.0,595.0,226.0,0.0,565.0,222.0,0.0,605.0,226.0,,,,32,,Kaelan,Casey,Casey,has joined Leyton Orient on loan for the rest of the season.,,0,0,0,0,0,0,0,0,0,0,0,0,0,,,,0.0,0.0,0.0,0.0,0.0,0,0,0
612,u,0.0,0.0,5.9,97,63.0,0,0.0,-1,1.0,1.1,189,67.0,69,0,3.8,84.0,38.0,8,291,0.0,802.0,355.0,0.0,11.7,0.0,897173,0,976439,84,0.0,0.0,2.85,2.0,4.85,24.22,0.17,0.12,0.29,1.44,374.6,155.0,57.0,397.2,67.0,53.0,186.0,163.0,91.0,95.7,108.0,61.0,,,,32,,Lucas,Tolentino Coelho de Lima,L.Paquetá,has joined Flamengo permanently.,,1513,4,2,3,33,0,0,0,5,1,0,18,146,,,,0.0,0.18,1.96,1.07,8.68,40,30,76
613,a,100.0,100.0,5.7,115,74.0,0,0.0,-3,3.0,0.3,309,108.0,82,3,2.8,231.0,91.0,6,326,3.0,113.0,38.0,0.5,14.4,0.0,49785,137,113080,246,3.0,3.5,4.46,0.4,4.86,30.24,0.24,0.02,0.26,1.62,417.0,127.0,42.0,149.4,217.0,142.0,352.0,69.0,40.0,92.0,122.0,68.0,,,,32,,Tomáš,Souček,Souček,,,1678,4,2,5,36,0,0,0,2,1,0,18,179,,,,0.0,0.27,1.93,0.97,9.6,30,99,50
615,a,100.0,75.0,5.5,145,91.0,0,0.0,0,0.0,1.4,167,57.0,95,3,3.8,82.0,36.0,10,334,1.0,233.0,101.0,0.2,17.3,0.0,558975,757,397177,1131,1.0,1.1,4.94,1.95,6.89,28.72,0.23,0.09,0.32,1.34,371.0,158.0,59.0,343.2,81.0,61.0,487.0,35.0,19.0,119.8,64.0,40.0,2.0,,,32,,Crysencio,Summerville,Summerville,,,1933,5,3,6,34,0,0,0,4,0,0,23,168,,,,0.0,0.28,1.58,1.07,7.82,33,42,93
616,u,0.0,0.0,4.9,309,193.0,0,0.0,-1,1.0,0.0,601,227.0,0,0,0.0,776.0,334.0,0,0,0.0,710.0,292.0,0.0,0.0,0.0,1147,0,16120,3,0.0,0.0,0.0,0.0,0.0,0.0,0.0,0.0,0.0,0.0,0.0,775.0,333.0,0.0,771.0,333.0,0.0,767.0,331.0,0.0,775.0,333.0,,,,32,,Edson,Álvarez Velázquez,Álvarez,Has joined Fenerbahçe on loan for the rest of the season.,,0,0,0,0,0,0,0,0,0,0,0,0,0,,,,0.0,0.0,0.0,0.0,0.0,0,0,0
617,u,0.0,0.0,4.9,289,178.0,0,0.0,-1,1.0,0.0,715,294.0,0,0,0.0,772.0,331.0,0,0,0.0,700.0,285.0,0.0,0.0,0.0,246,0,3225,1,0.0,0.0,0.0,0.0,0.0,0.0,0.0,0.0,0.0,0.0,0.0,771.0,330.0,0.0,767.0,330.0,0.0,763.0,328.0,0.0,771.0,330.0,,,,32,,Maxwel,Cornet,Cornet,has joined Genoa on loan for the rest of the season.,,0,0,0,0,0,0,0,0,0,0,0,0,0,,,,0.0,0.0,0.0,0.0,0.0,0,0,0
618,u,0.0,0.0,4.8,351,221.0,0,0.0,-2,2.0,0.0,613,235.0,8,0,1.3,432.0,193.0,0,30,0.0,689.0,281.0,0.0,1.7,0.0,2295,0,6208,2,0.0,0.0,0.03,0.04,0.07,2.59,0.02,0.02,0.04,1.33,9.8,466.0,208.0,6.0,443.0,215.0,2.0,453.0,223.0,1.7,475.0,216.0,,,,32,,Guido,Rodríguez,G.Rodriguez,has joined Valencia on loan for the rest of the season.,,175,0,0,1,2,0,0,0,1,0,0,2,15,,,,0.0,0.51,1.03,1.03,7.71,1,4,10
619,u,0.0,0.0,4.9,340,211.0,0,0.0,-1,1.0,0.0,686,277.0,5,0,1.0,495.0,227.0,0,11,0.0,728.0,304.0,0.0,1.0,0.0,868,0,3417,0,0.0,0.0,0.07,0.03,0.1,1.82,0.05,0.02,0.07,1.35,9.2,467.0,209.0,14.5,412.0,206.0,4.0,440.0,216.0,2.5,467.0,211.0,,,,32,,Luis Guilherme,Lira dos Santos,L.Guilherme,has joined Sporting CP permanently.,,121,0,0,0,2,0,0,0,0,0,0,1,11,,,,0.0,0.0,1.49,0.74,8.18,1,2,8
620,u,0.0,0.0,4.5,447,267.0,0,0.0,0,0.0,0.0,611,234.0,1,0,1.0,478.0,213.0,0,3,0.0,612.0,220.0,0.0,0.2,0.0,3770,0,9590,3,0.0,0.0,0.0,0.01,0.01,0.73,0.0,0.11,0.11,8.21,0.0,707.0,279.0,1.5,465.0,224.0,2.0,450.0,220.0,0.4,497.0,227.0,,,,32,,George,Earthy,Earthy,has joined Bristol City on loan for the rest of the season.,,8,0,0,0,1,0,0,0,0,0,0,0,0,,,,0.0,0.0,11.25,0.0,0.0,0,0,0
621,u,0.0,0.0,4.3,587,347.0,0,0.0,-2,2.0,0.2,370,125.0,9,0,1.3,430.0,191.0,0,49,0.0,517.0,166.0,0.0,2.1,0.0,43311,0,56255,23,0.0,0.0,0.0,0.17,0.17,4.03,0.0,0.1,0.1,2.32,31.6,435.0,191.0,52.3,345.0,184.0,2.0,445.0,218.0,8.6,428.0,192.0,,,,32,,Andy,Irving,Irving,has joined Sparta Prague permanently.,,156,0,0,0,4,0,0,0,0,0,0,2,22,,,,0.0,0.0,2.31,1.15,12.69,6,2,14
622,u,0.0,0.0,4.4,551,331.0,0,0.0,-1,1.0,0.1,582,216.0,0,0,0.0,679.0,263.0,0,0,0.0,563.0,190.0,0.0,0.0,0.0,1052,0,11987,5,0.0,0.0,0.0,0.0,0.0,0.0,0.0,0.0,0.0,0.0,0.0,670.0,254.0,0.0,667.0,259.0,0.0,645.0,248.0,0.0,672.0,256.0,,,,32,,Lewis,Orford,Orford,has joined Stevenage on loan for the rest of the season.,,0,0,0,0,0,0,0,0,0,0,0,0,0,,,,0.0,0.0,0.0,0.0,0.0,0,0,0
623,a,100.0,100.0,4.4,546,327.0,0,0.0,-1,1.0,0.5,254,88.0,36,1,1.7,388.0,164.0,0,212,0.7,246.0,108.0,0.2,8.2,0.0,144703,34,169130,119,0.7,1.2,0.21,1.06,1.27,21.2,0.02,0.08,0.1,1.66,185.8,289.0,126.0,140.8,228.0,147.0,37.0,353.0,182.0,36.5,316.0,154.0,,,,32,,Freddie,Potts,Potts,,,1151,0,1,1,24,0,0,0,1,0,0,12,116,,,,0.0,0.08,1.88,0.94,9.07,27,50,39
624,a,,,7.6,20,7.0,0,0.0,-4,4.0,10.0,32,6.0,157,14,4.9,15.0,4.0,23,607,7.3,6.0,3.0,1.0,20.7,0.0,2778527,9139,3348712,7918,7.3,7.8,6.51,4.13,10.64,49.36,0.2,0.13,0.33,1.55,737.0,14.0,3.0,548.0,31.0,1.0,724.0,12.0,8.0,200.9,8.0,3.0,1.0,1.0,2.0,32,,Jarrod,Bowen,Bowen,,,2869,8,10,6,55,0,0,0,4,0,0,32,243,,,,0.0,0.19,1.73,1.0,7.62,42,63,138
625,u,0.0,0.0,5.6,120,33.0,0,0.0,-4,4.0,0.6,250,36.0,12,0,1.5,413.0,49.0,0,28,0.0,795.0,86.0,0.0,2.1,0.0,47611,0,392968,13,0.0,0.0,0.93,0.21,1.14,8.59,0.21,0.05,0.26,1.9,26.0,441.0,52.0,85.1,297.0,33.0,130.0,227.0,44.0,23.8,361.0,43.0,,,,32,,Niclas,Füllkrug,Füllkrug,has joined AC Milan on loan for the rest of the season.,,407,0,0,1,11,0,0,0,0,0,0,5,19,,,,0.0,0.22,2.43,1.11,4.2,2,7,10
626,u,0.0,0.0,4.3,615,86.0,0,0.0,-2,2.0,0.5,262,40.0,2,0,1.0,468.0,58.0,0,0,0.0,537.0,52.0,0.0,0.5,0.0,63604,0,107448,34,0.0,0.0,0.13,0.0,0.13,1.55,0.2,0.0,0.2,2.41,1.2,499.0,58.0,0.1,487.0,61.0,7.0,426.0,59.0,0.8,488.0,59.0,,,,32,,Callum,Marshall,Marshall,has joined VfL Bochum 1848 on loan for the rest of the season.,,58,0,0,0,2,0,0,0,0,0,0,0,3,,,,0.0,0.0,3.1,0.0,4.66,0,2,1
659,a,,,4.2,632,142.0,0,0.0,-3,3.0,0.2,357,131.0,38,6,2.0,334.0,123.0,0,158,2.0,146.0,54.0,0.5,9.0,0.0,31603,69,54322,22,2.0,2.5,1.13,0.34,1.47,21.72,0.1,0.03,0.13,1.87,229.4,257.0,103.0,115.1,257.0,73.0,102.0,254.0,71.0,44.7,288.0,95.0,,,,32,,Kyle,Walker-Peters,Walker-Peters,,,1044,1,0,2,22,0,0,0,2,0,0,11,102,,,,0.0,0.17,1.9,0.95,6.81,38,41,44
671,a,100.0,75.0,5.8,102,29.0,0,0.0,-2,2.0,0.5,258,39.0,66,1,2.5,276.0,29.0,7,228,0.7,274.0,35.0,0.1,11.4,0.0,205682,26,220046,177,0.7,0.9,6.48,0.37,6.85,18.82,0.56,0.03,0.59,1.62,228.0,258.0,24.0,95.8,281.0,30.0,404.0,49.0,21.0,71.6,189.0,24.0,,,,32,,Callum,Wilson,Wilson,,,1045,5,2,1,19,0,0,0,0,0,0,10,37,,,,0.0,0.09,1.64,0.86,3.19,3,9,25
679,a,,,4.2,639,35.0,0,0.0,-3,3.0,0.5,268,34.0,52,7,4.3,43.0,4.0,8,191,4.0,53.0,4.0,1.0,12.4,0.0,61129,451,48271,223,4.0,4.5,0.0,0.01,0.01,15.03,0.0,0.0,0.0,1.25,299.6,206.0,23.0,0.0,628.0,80.0,0.0,602.0,68.0,30.0,344.0,23.0,,,,32,,Mads,Hermansen,Hermansen,,,1080,0,0,5,20,0,0,0,0,0,41,12,34,,,,3.42,0.42,1.67,1.0,0.0,0,16,111
708,a,100.0,100.0,5.5,151,95.0,0,0.0,0,0.0,0.4,274,95.0,109,2,3.6,114.0,53.0,6,543,1.7,176.0,74.0,0.3,19.8,0.0,124275,211,75988,736,1.7,2.2,1.25,2.46,3.71,39.35,0.05,0.09,0.14,1.43,538.2,71.0,21.0,529.7,34.0,31.0,112.0,241.0,133.0,118.1,71.0,45.0,4.0,,,32,,Mateus Gonçalo,Espanha Fernandes,M.Fernandes,,,2477,3,3,6,42,0,0,0,7,0,0,29,299,,,,0.0,0.22,1.53,1.05,10.86,82,71,146
718,a,,,5.0,277,171.0,0,0.0,0,0.0,0.0,659,262.0,41,1,2.0,342.0,149.0,2,182,0.7,263.0,122.0,0.1,8.2,0.0,5477,3,4970,5,0.7,1.2,0.44,0.32,0.76,18.93,0.04,0.03,0.07,1.76,181.4,293.0,129.0,83.1,300.0,172.0,44.0,341.0,177.0,30.9,341.0,167.0,,,,32,,Soungoutou,Magassa,S.Magassa,,,969,1,0,2,23,0,0,0,4,0,0,11,126,,,,0.0,0.19,2.14,1.02,11.7,40,33,53
738,d,25.0,25.0,4.5,409,21.0,0,0.0,0,0.0,0.0,639,80.0,0,0,0.0,692.0,92.0,0,0,0.0,584.0,86.0,0.0,0.0,0.0,6078,1,5908,5,0.0,0.1,0.0,0.0,0.0,0.0,0.0,0.0,0.0,0.0,0.0,686.0,92.0,0.0,681.0,85.0,0.0,662.0,75.0,0.0,688.0,92.0,,,,32,,Lukasz,Fabianski,Fabianski,Back injury - 25% chance of playing,,0,0,0,0,0,0,0,0,0,0,0,0,0,,,,0.0,0.0,0.0,0.0,0.0,0,0,0
747,a,,,4.0,729,201.0,0,0.0,0,0.0,0.0,628,224.0,6,0,1.0,457.0,167.0,0,18,0.0,479.0,194.0,0.0,1.5,0.0,2680,8,2268,13,0.0,0.5,0.12,0.49,0.61,3.21,0.1,0.39,0.49,2.56,21.8,449.0,166.0,34.9,375.0,134.0,9.0,417.0,156.0,6.6,440.0,158.0,,,,32,,Ezra,Mayers,Mayers,,,113,0,0,0,3,0,0,0,0,0,0,0,5,,,,0.0,0.0,2.39,0.0,3.98,0,5,6
752,a,,,4.0,739,211.0,0,0.0,0,0.0,0.0,643,229.0,0,0,0.0,637.0,247.0,0,0,0.0,488.0,203.0,0.0,0.0,0.0,2263,6,2078,4,0.0,0.5,0.0,0.0,0.0,0.0,0.0,0.0,0.0,0.0,0.0,627.0,247.0,0.0,619.0,247.0,0.0,591.0,245.0,0.0,629.0,247.0,,,,32,,Airidas,Golambeckis,Golambeckis,,,0,0,0,0,0,0,0,0,0,0,0,0,0,,,,0.0,0.0,0.0,0.0,0.0,0,0,0
758,a,,,4.5,507,315.0,0,0.0,0,0.0,0.0,733,306.0,7,0,0.9,509.0,238.0,0,22,0.7,248.0,110.0,0.2,1.6,0.0,2062,11,1274,12,0.7,1.2,0.07,0.03,0.1,0.99,0.2,0.08,0.28,2.78,10.4,463.0,206.0,12.6,419.0,209.0,8.0,422.0,205.0,2.7,465.0,210.0,,,,32,,Mohamadou,Kanté,Mohamadou Kanté,,,32,0,0,0,0,0,0,0,1,0,0,0,11,,,,0.0,0.0,0.0,0.0,30.94,4,1,6
627,i,0.0,0.0,4.4,523,25.0,0,0.0,-1,1.0,0.1,433,64.0,21,0,1.8,371.0,32.0,0,117,0.0,546.0,84.0,0.0,4.8,0.0,20712,2,25426,69,0.0,0.0,0.0,0.02,0.02,18.59,0.0,0.0,0.0,1.55,308.0,202.0,22.0,0.1,488.0,15.0,0.0,632.0,73.0,30.8,342.0,22.0,,,,32,,Sam,Johnstone,Johnstone,Shoulder injury - Expected back 24 May,,1080,0,0,0,24,1,0,0,0,0,39,12,71,,,,3.25,0.0,2.0,1.0,0.0,2,24,107
628,a,100.0,100.0,4.2,631,33.0,0,0.0,-3,3.0,1.2,177,22.0,57,1,2.9,201.0,21.0,6,255,0.5,282.0,21.0,0.1,13.6,0.0,116356,135,197336,409,0.0,0.0,0.0,0.03,0.03,31.75,0.0,0.0,0.0,1.59,432.8,122.0,19.0,10.0,427.0,7.0,0.0,600.0,66.0,44.6,289.0,19.0,,,,32,,José,Malheiro de Sá,José Sá,,,1800,0,0,4,34,0,0,0,2,0,53,20,40,,,,2.65,0.2,1.7,1.0,0.0,0,41,181
629,a,100.0,100.0,3.9,745,69.0,0,0.0,-1,1.0,0.5,269,35.0,0,0,0.0,545.0,41.0,0,0,0.0,383.0,28.0,0.0,0.0,0.0,20749,30,53138,28,-0.5,-0.5,0.0,0.0,0.0,0.0,0.0,0.0,0.0,0.0,0.0,534.0,41.0,0.0,521.0,24.0,0.0,490.0,11.0,0.0,536.0,41.0,,,,32,,Daniel,Bentley,Bentley,,,0,0,0,0,0,0,0,0,0,0,0,0,0,,,,0.0,0.0,0.0,0.0,0.0,0,0,0
631,u,0.0,0.0,4.2,643,151.0,0,0.0,-3,3.0,0.1,458,169.0,23,0,1.6,397.0,148.0,0,86,0.0,503.0,214.0,0.0,5.5,0.0,24605,0,63544,2,0.0,0.0,0.57,0.4,0.97,18.26,0.05,0.03,0.08,1.49,312.2,197.0,79.0,76.0,308.0,101.0,75.0,292.0,86.0,46.4,280.0,90.0,,,,32,,Emmanuel,Agbadou,Agbadou,has joined Besiktas permanently.,,1100,0,0,0,29,0,0,0,1,1,0,12,156,,,,0.0,0.0,2.37,0.98,10.23,32,93,65
632,d,50.0,0.0,4.4,521,100.0,0,0.0,-1,1.0,0.1,509,181.0,12,0,1.2,439.0,158.0,0,47,0.0,545.0,226.0,0.0,2.7,0.0,6710,1,20871,14,-0.2,0.0,0.09,0.19,0.28,13.21,0.01,0.02,0.03,1.69,116.2,357.0,137.0,50.8,348.0,123.0,18.0,393.0,140.0,18.6,387.0,137.0,,,,32,,Matt,Doherty,Doherty,Muscle injury - 50% chance of playing,,702,0,0,1,14,0,0,0,4,0,0,10,68,,,,0.0,0.13,1.79,1.28,7.31,13,44,27
633,a,100.0,100.0,4.3,600,137.0,0,0.0,-2,2.0,0.2,376,138.0,73,0,2.5,269.0,103.0,4,291,0.5,283.0,94.0,0.1,17.0,0.0,55568,42,43326,220,0.0,0.0,0.55,2.89,3.44,34.55,0.02,0.13,0.15,1.53,485.6,90.0,39.0,569.3,27.0,2.0,152.0,193.0,46.0,121.0,61.0,10.0,1.0,,,32,,Hugo,Bueno López,H.Bueno,,,2036,1,2,4,37,0,0,0,1,0,0,22,181,,,,0.0,0.18,1.64,0.97,6.59,55,94,106
634,s,0.0,100.0,4.3,606,138.0,0,0.0,-2,2.0,0.1,467,172.0,51,0,2.2,308.0,114.0,3,196,0.5,284.0,95.0,0.1,11.9,0.0,19352,10,16053,234,0.0,0.0,1.65,0.53,2.18,31.57,0.08,0.03,0.11,1.6,355.0,170.0,71.0,136.5,234.0,61.0,219.0,127.0,22.0,71.1,190.0,65.0,,,,32,,Yerson,Mosquera Valdelamar,Mosquera,Suspended until 02 May,,1777,0,0,4,34,2,0,0,11,0,0,20,188,,,,0.0,0.2,1.72,1.01,8.91,50,126,79
635,a,100.0,100.0,4.4,545,117.0,0,0.0,-1,1.0,0.1,519,185.0,35,0,2.2,310.0,115.0,0,78,0.5,287.0,97.0,0.1,8.0,0.0,14023,22,16320,93,0.0,0.0,1.69,0.31,2.0,9.79,0.24,0.04,0.28,1.4,171.6,300.0,115.0,65.5,326.0,109.0,184.0,166.0,36.0,42.3,298.0,98.0,,,,32,,Rodrigo,Martins Gomes,R.Gomes,,,628,3,0,0,14,0,0,0,0,0,0,6,50,,,,0.0,0.0,2.01,0.86,5.16,17,19,21
636,a,100.0,100.0,4.4,533,109.0,0,0.0,-1,1.0,0.1,454,168.0,72,0,3.1,182.0,71.0,2,261,0.5,286.0,96.0,0.1,16.4,0.0,31721,33,27652,112,0.0,0.0,1.67,1.04,2.71,35.13,0.07,0.05,0.12,1.57,467.2,99.0,43.0,98.9,277.0,84.0,170.0,177.0,40.0,73.5,178.0,61.0,,,,32,,Santiago,Ignacio Bueno,S.Bueno,,,2012,2,2,4,37,0,0,0,4,0,0,22,184,,,,0.0,0.18,1.66,0.98,7.51,42,126,50
637,a,100.0,100.0,4.2,642,150.0,0,0.0,-3,3.0,0.1,520,186.0,28,0,2.0,335.0,124.0,0,102,0.0,502.0,213.0,0.0,6.7,0.0,7766,4,19964,9,-0.5,-0.5,0.22,0.21,0.43,18.99,0.02,0.02,0.04,1.64,240.4,249.0,98.0,78.2,307.0,100.0,34.0,359.0,118.0,35.3,324.0,108.0,,,,32,,Toti,Gomes,Toti,,,1039,0,0,1,25,0,0,0,1,1,0,13,118,,,,0.0,0.09,2.17,1.13,8.32,16,80,40
638,u,0.0,0.0,3.8,799,243.0,0,0.0,-2,2.0,0.9,198,78.0,10,0,1.2,436.0,155.0,0,38,0.0,365.0,133.0,0.0,2.6,0.0,121813,0,266047,120,0.0,0.0,0.02,0.36,0.38,9.36,0.0,0.08,0.08,1.99,101.4,368.0,142.0,87.8,294.0,92.0,13.0,401.0,146.0,20.3,381.0,135.0,,,,32,,Ki-Jana,Hoever,Hoever,has joined Sheffield United on loan for the rest of the season.,,423,0,0,0,13,0,0,0,0,0,0,6,46,,,,0.0,0.0,2.77,1.28,8.51,13,27,16
639,u,0.0,0.0,4.0,718,191.0,0,0.0,0,0.0,0.0,769,260.0,0,0,0.0,620.0,231.0,0,0,0.0,468.0,184.0,0.0,0.0,0.0,0,0,889,1,0.0,0.0,0.0,0.0,0.0,0.0,0.0,0.0,0.0,0.0,0.0,610.0,231.0,0.0,602.0,231.0,0.0,573.0,228.0,0.0,612.0,231.0,,,,32,,Bastien,Meupiyou Menadjou,Meupiyou,On loan to FC Alverca,,0,0,0,0,0,0,0,0,0,0,0,0,0,,,,0.0,0.0,0.0,0.0,0.0,0,0,0
640,a,100.0,100.0,4.0,737,209.0,0,0.0,0,0.0,0.4,293,108.0,3,0,1.0,459.0,169.0,0,5,0.0,486.0,201.0,0.0,0.8,0.0,10378,12,90091,23,-0.5,-0.5,0.0,0.0,0.0,0.79,0.0,0.0,0.0,23.7,0.2,506.0,179.0,0.5,477.0,175.0,2.0,443.0,166.0,0.2,504.0,178.0,,,,32,,Pedro,Cardoso de Lima,Pedro Lima,,,3,0,0,0,1,0,0,0,0,0,0,0,0,,,,0.0,0.0,30.0,0.0,0.0,0,0,1
641,u,0.0,0.0,3.9,776,226.0,0,0.0,-1,1.0,0.9,193,75.0,0,0,0.0,567.0,205.0,0,0,0.0,408.0,154.0,0.0,0.0,0.0,85684,0,150163,89,0.0,0.0,0.0,0.0,0.0,0.0,0.0,0.0,0.0,0.0,0.0,556.0,204.0,0.0,544.0,204.0,0.0,513.0,199.0,0.0,558.0,204.0,,,,32,,Alfie,Pond,Pond,has joined Crewe Alexandra on loan for the rest of the season.,,0,0,0,0,0,0,0,0,0,0,0,0,0,,,,0.0,0.0,0.0,0.0,0.0,0,0,0
642,a,100.0,100.0,5.6,124,77.0,0,0.0,-4,4.0,0.1,474,164.0,45,1,2.1,327.0,143.0,0,128,0.5,294.0,135.0,0.1,8.0,0.0,49711,25,60217,24,0.0,0.0,2.14,0.93,3.07,18.36,0.17,0.07,0.24,1.42,132.2,337.0,153.0,154.3,211.0,137.0,149.0,199.0,112.0,42.8,294.0,147.0,,2.0,3.0,32,,Hwang,Hee-chan,Hee Chan,,,1163,2,1,2,23,0,0,0,3,0,0,15,69,,,,0.0,0.15,1.78,1.16,5.34,8,22,39
643,a,100.0,100.0,5.2,212,131.0,0,0.0,-3,3.0,0.1,461,158.0,81,4,2.8,227.0,88.0,4,393,3.0,106.0,37.0,0.6,15.6,0.0,20811,35,20387,144,2.5,2.5,0.45,0.82,1.27,38.7,0.02,0.03,0.05,1.57,355.2,169.0,65.0,258.4,135.0,93.0,38.0,351.0,181.0,65.1,211.0,103.0,,,,32,,André,Trindade da Costa Neto,André,,,2220,1,0,2,43,0,0,0,9,0,0,24,311,,,,0.0,0.08,1.74,0.97,12.61,67,76,168
644,a,100.0,100.0,5.1,230,140.0,0,0.0,-4,4.0,0.0,590,222.0,40,1,1.7,391.0,167.0,0,186,3.0,104.0,36.0,0.6,7.8,0.0,6547,13,12195,18,2.5,2.5,1.04,0.96,2.0,21.06,0.08,0.08,0.16,1.66,180.6,294.0,130.0,180.2,192.0,126.0,143.0,208.0,117.0,50.0,270.0,138.0,,4.0,,32,,Jean-Ricner,Bellegarde,Bellegarde,,,1139,1,1,3,27,0,0,0,5,0,0,14,97,,,,0.0,0.24,2.13,1.11,7.66,26,31,40
645,u,0.0,0.0,5.1,242,147.0,0,0.0,-4,4.0,0.0,660,263.0,12,0,1.3,434.0,195.0,0,38,0.0,759.0,327.0,0.0,2.4,0.0,1383,0,4965,3,0.0,0.0,0.16,0.61,0.77,3.98,0.06,0.24,0.3,1.57,29.0,439.0,195.0,61.0,332.0,182.0,37.0,354.0,183.0,12.4,415.0,190.0,,,,32,,Fer,López González,Fer López,has joined Celta Vigo on loan for the rest of the season.,,228,0,1,0,9,0,0,0,1,0,0,2,12,,,,0.0,0.0,3.55,0.79,4.74,1,1,10
646,a,100.0,100.0,5.3,194,122.0,0,0.0,-2,2.0,0.4,277,97.0,94,2,3.1,187.0,76.0,6,464,4.5,43.0,17.0,0.8,17.7,0.0,95785,223,59480,920,4.0,4.0,1.19,1.87,3.06,40.99,0.04,0.07,0.11,1.55,416.8,128.0,43.0,305.0,108.0,78.0,157.0,188.0,105.0,88.4,134.0,75.0,,3.0,,32,,João Victor,Gomes da Silva,J.Gomes,,,2381,1,2,4,47,0,0,0,9,0,0,27,328,,,,0.0,0.15,1.78,1.02,12.4,88,73,167
647,u,0.0,0.0,5.5,136,84.0,0,0.0,0,0.0,0.0,801,355.0,0,0,0.0,813.0,362.0,0,0,0.0,790.0,349.0,0.0,0.0,0.0,0,0,796,0,0.0,0.0,0.0,0.0,0.0,0.0,0.0,0.0,0.0,0.0,0.0,812.0,361.0,0.0,811.0,361.0,0.0,809.0,360.0,0.0,812.0,361.0,,,,32,,Gonçalo Manuel,Ganchinho Guedes,Guedes,Has joined Real Sociedad permanently.,,0,0,0,0,0,0,0,0,0,0,0,0,0,,,,0.0,0.0,0.0,0.0,0.0,0,0,0
648,u,0.0,0.0,5.3,192,121.0,0,0.0,-2,2.0,0.0,629,244.0,38,0,2.9,208.0,85.0,1,131,0.0,770.0,334.0,0.0,7.2,0.0,19177,0,23181,1,0.0,0.0,1.64,0.38,2.02,13.36,0.17,0.04,0.21,1.38,163.6,309.0,137.0,61.8,330.0,181.0,196.0,148.0,85.0,42.1,301.0,149.0,,,,32,,Marshall,Munetsi,Munetsi,has joined Paris FC on loan for the rest of the season.,,872,1,2,0,19,0,0,0,2,0,0,9,80,,,,0.0,0.0,1.96,0.93,8.26,21,39,20
649,u,0.0,0.0,5.0,263,160.0,0,0.0,0,0.0,0.0,819,364.0,0,0,0.0,793.0,348.0,0,0,0.0,739.0,311.0,0.0,0.0,0.0,0,0,162,0,0.0,0.0,0.0,0.0,0.0,0.0,0.0,0.0,0.0,0.0,0.0,792.0,347.0,0.0,790.0,347.0,0.0,785.0,345.0,0.0,792.0,347.0,,,,32,,Boubacar,Traoré,B.Traore,Has joined FC Metz on loan for the rest of the season.,,0,0,0,0,0,0,0,0,0,0,0,0,0,,,,0.0,0.0,0.0,0.0,0.0,0,0,0
650,u,0.0,0.0,4.3,603,354.0,0,0.0,-2,2.0,0.2,378,126.0,2,0,1.0,465.0,202.0,0,4,0.0,527.0,172.0,0.0,0.5,0.0,30885,0,48930,24,0.0,0.0,0.0,0.0,0.0,0.5,0.0,0.0,0.0,1.8,3.2,485.0,222.0,0.3,482.0,234.0,0.0,616.0,230.0,0.4,496.0,226.0,,,,32,,Tawanda,Chirewa,Chirewa,has joined Barnsley on loan for the rest of the season.,,25,0,0,0,0,0,0,0,0,0,0,0,4,,,,0.0,0.0,0.0,0.0,14.4,2,1,1
651,a,,,4.3,619,364.0,0,0.0,-2,2.0,0.4,285,100.0,7,1,3.5,120.0,54.0,0,24,0.5,285.0,131.0,0.1,1.6,0.0,67627,37,71240,81,0.0,0.0,0.23,0.0,0.23,0.2,1.88,0.0,1.88,1.64,34.4,432.0,190.0,0.4,480.0,232.0,23.0,381.0,192.0,5.8,445.0,199.0,,,,32,,Tom,Edozie,Edozie,,,11,1,0,0,0,0,0,0,0,0,0,0,1,,,,0.0,0.0,0.0,0.0,8.18,0,0,1
652,a,,,4.3,618,363.0,0,0.0,-2,2.0,1.3,174,59.0,0,0,0.0,663.0,253.0,0,0,0.0,539.0,179.0,0.0,0.0,0.0,200650,71,248515,143,-0.5,-0.5,0.0,0.0,0.0,0.0,0.0,0.0,0.0,0.0,0.0,653.0,243.0,0.0,649.0,248.0,0.0,626.0,237.0,0.0,655.0,245.0,,,,32,,Enso,González Medina,Gonzalez,,,0,0,0,0,0,0,0,0,0,0,0,0,0,,,,0.0,0.0,0.0,0.0,0.0,0,0,0
653,u,0.0,0.0,4.5,426,254.0,0,0.0,0,0.0,0.0,668,267.0,0,0,0.0,701.0,274.0,0,0,0.0,596.0,208.0,0.0,0.0,0.0,0,0,5789,0,0.0,0.0,0.0,0.0,0.0,0.0,0.0,0.0,0.0,0.0,0.0,695.0,268.0,0.0,690.0,271.0,0.0,672.0,263.0,0.0,697.0,270.0,,,,32,,Joe,Hodge,Hodge,Signed by CD Tondela,,0,0,0,0,0,0,0,0,0,0,0,0,0,,,,0.0,0.0,0.0,0.0,0.0,0,0,0
655,u,0.0,0.0,4.9,327,61.0,0,0.0,-1,1.0,0.2,399,60.0,0,0,0.0,783.0,86.0,0,0,0.0,722.0,76.0,0.0,0.0,0.0,7178,0,55437,4,0.0,0.0,0.0,0.0,0.0,0.0,0.0,0.0,0.0,0.0,0.0,782.0,86.0,0.0,778.0,85.0,0.0,774.0,85.0,0.0,782.0,86.0,,,,32,,Fábio,Soares Silva,Fábio Silva,has joined Borussia Dortmund permanently.,,0,0,0,0,0,0,0,0,0,0,0,0,0,,,,0.0,0.0,0.0,0.0,0.0,0,0,0
656,u,0.0,0.0,4.9,319,59.0,0,0.0,-1,1.0,0.0,593,81.0,1,0,1.0,492.0,59.0,0,1,0.0,717.0,75.0,0.0,0.2,0.0,1691,0,10165,1,0.0,0.0,0.0,0.01,0.01,0.1,0.0,0.06,0.06,0.64,1.0,502.0,61.0,4.3,447.0,58.0,2.0,454.0,61.0,0.7,490.0,61.0,,,,32,,Saša,Kalajdžić,Kalajdžić,has joined LASK on loan for the rest of the season.,,14,0,0,0,0,0,0,0,0,0,0,0,2,,,,0.0,0.0,0.0,0.0,12.86,0,1,1
657,a,100.0,100.0,4.4,566,81.0,0,0.0,-1,1.0,0.0,634,83.0,0,0,0.0,688.0,74.0,0,0,0.0,576.0,60.0,0.0,0.0,0.0,5466,8,7709,10,-0.5,-0.5,0.0,0.0,0.0,0.0,0.0,0.0,0.0,0.0,0.0,681.0,74.0,0.0,677.0,73.0,0.0,657.0,73.0,0.0,683.0,74.0,,,,32,,Leon,Chiwome,Chiwome,,,0,0,0,0,0,0,0,0,0,0,0,0,0,,,,0.0,0.0,0.0,0.0,0.0,0,0,0
658,a,,,4.2,644,89.0,0,0.0,-3,3.0,1.8,144,21.0,0,0,0.0,645.0,63.0,0,0,0.0,504.0,47.0,0.0,0.0,0.0,280436,144,372867,381,-0.5,-0.5,0.0,0.0,0.0,0.0,0.0,0.0,0.0,0.0,0.0,636.0,63.0,0.0,630.0,62.0,0.0,604.0,62.0,0.0,638.0,63.0,,,,32,,Nathan,Fraser,Fraser,,,0,0,0,0,0,0,0,0,0,0,0,0,0,,,,0.0,0.0,0.0,0.0,0.0,0,0,0
663,u,0.0,0.0,4.9,315,196.0,0,0.0,-6,6.0,0.1,444,150.0,45,0,2.0,341.0,148.0,2,175,0.0,713.0,294.0,0.0,9.2,0.0,20148,0,82334,9,0.0,0.0,3.38,0.62,4.0,16.0,0.27,0.05,0.32,1.29,171.0,301.0,132.0,204.0,173.0,114.0,148.0,201.0,113.0,52.1,259.0,131.0,,,,32,,Jhon,Arias,J.Arias,has joined Palmeiras permanently.,,1117,1,0,2,21,0,0,0,1,0,0,14,125,,,,0.0,0.16,1.69,1.13,10.07,43,24,58
682,a,,,4.2,640,148.0,0,0.0,-3,3.0,0.1,550,198.0,29,0,1.6,396.0,147.0,0,69,0.0,500.0,211.0,0.0,6.9,0.0,4933,9,9556,10,-0.5,-0.5,0.13,1.04,1.17,17.48,0.01,0.11,0.12,1.88,142.0,329.0,125.0,110.8,261.0,75.0,46.0,336.0,109.0,30.0,345.0,116.0,,,,32,,David,Møller Wolfe,Møller Wolfe,,,839,0,2,1,20,0,0,0,1,0,0,9,48,,,,0.0,0.11,2.15,0.97,4.61,9,34,20
695,a,,,4.4,553,119.0,0,0.0,-1,1.0,0.0,632,226.0,51,0,1.8,372.0,139.0,0,156,0.5,288.0,98.0,0.1,11.6,0.0,6692,7,6241,15,0.0,0.0,0.33,1.59,1.92,28.9,0.02,0.08,0.1,1.46,315.2,195.0,78.0,344.0,80.0,18.0,69.0,301.0,91.0,72.9,182.0,63.0,,,,32,,Jackson,Tchatchoua,Tchatchoua,,,1785,0,1,3,35,0,0,0,3,0,0,18,132,,,,0.0,0.15,1.76,0.91,5.39,29,78,62
709,a,100.0,100.0,4.5,429,87.0,0,0.0,0,0.0,0.1,542,193.0,59,0,2.4,281.0,106.0,0,197,0.0,598.0,241.0,0.0,13.1,0.0,25647,27,21189,57,-0.5,-0.5,2.02,1.41,3.43,36.26,0.09,0.06,0.15,1.53,478.8,93.0,41.0,127.9,241.0,64.0,223.0,126.0,21.0,83.3,147.0,49.0,,,,32,,Ladislav,Krejcí,Krejčí,,,2127,2,1,3,42,1,0,0,3,1,0,24,198,,,,0.0,0.13,1.78,1.02,7.4,26,149,69
720,a,,,5.3,197,46.0,0,0.0,-2,2.0,0.1,434,62.0,60,1,2.1,324.0,35.0,4,202,3.0,107.0,14.0,0.6,11.3,0.0,65659,33,51715,224,2.5,2.5,4.63,0.36,4.99,21.05,0.33,0.03,0.36,1.52,223.8,261.0,25.0,172.9,196.0,18.0,475.0,37.0,17.0,86.4,141.0,20.0,,,5.0,32,,Tolu,Arokodare,Tolu,,,1250,3,2,3,26,0,0,1,1,0,0,12,71,,,,0.0,0.22,1.87,0.86,5.11,6,41,24
792,a,100.0,100.0,5.0,283,175.0,0,0.0,0,0.0,0.0,791,346.0,3,0,1.0,497.0,228.0,0,11,0.0,751.0,320.0,0.0,0.6,0.0,327,4,216,2,0.0,0.0,0.05,0.05,0.1,1.87,0.1,0.1,0.2,3.58,3.2,486.0,223.0,3.5,452.0,218.0,10.0,414.0,204.0,1.5,479.0,220.0,,,,32,,Alysson Edward Franco,da Rocha dos Santos,Alysson,,,47,0,0,0,2,0,0,0,0,0,0,0,4,,,,0.0,0.0,3.83,0.0,7.66,0,1,3
808,a,,,5.9,93,28.0,0,0.0,-1,1.0,0.2,367,58.0,15,0,1.9,365.0,41.0,2,54,0.7,275.0,36.0,0.1,2.5,0.0,84291,47,60841,409,0.7,0.7,1.26,0.36,1.62,2.59,0.58,0.17,0.75,1.19,52.0,415.0,48.0,47.9,356.0,44.0,99.0,261.0,45.0,19.8,384.0,47.0,,,,32,,Tammy,Abraham,Abraham,,,196,1,0,0,4,0,0,0,0,0,0,1,9,,,,0.0,0.0,1.84,0.46,4.13,3,2,4
749,a,,,4.4,574,83.0,0,0.0,-1,1.0,1.5,158,23.0,54,1,2.6,250.0,26.0,6,211,1.0,213.0,27.0,0.2,12.3,0.0,559846,325,381558,2088,0.5,0.5,1.35,1.67,3.02,25.38,0.09,0.11,0.2,1.74,216.4,266.0,26.0,243.8,149.0,12.0,199.0,146.0,35.0,65.2,209.0,26.0,2.0,1.0,,32,,Mateus,Mané,Mané,,,1309,2,2,5,23,0,0,0,0,0,0,14,95,,,,0.0,0.34,1.58,0.96,6.53,16,27,52
766,a,,,4.0,728,200.0,0,0.0,0,0.0,0.0,645,231.0,0,0,0.0,630.0,240.0,0,0,0.0,478.0,193.0,0.0,0.0,0.0,3501,20,2037,5,-0.5,-0.5,0.0,0.0,0.0,0.0,0.0,0.0,0.0,0.0,0.0,620.0,240.0,0.0,612.0,240.0,0.0,583.0,237.0,0.0,622.0,240.0,,,,32,,Saheed,Olagunju,Olagunju,,,0,0,0,0,0,0,0,0,0,0,0,0,0,,,,0.0,0.0,0.0,0.0,0.0,0,0,0
767,a,,,4.5,496,306.0,0,0.0,0,0.0,0.0,766,327.0,0,0,0.0,748.0,314.0,0,0,0.0,657.0,257.0,0.0,0.0,0.0,1161,7,771,4,-0.5,-0.5,0.0,0.0,0.0,0.0,0.0,0.0,0.0,0.0,0.0,746.0,312.0,0.0,739.0,312.0,0.0,726.0,308.0,0.0,746.0,312.0,,,,32,,Luke,Rawlings,Rawlings,,,0,0,0,0,0,0,0,0,0,0,0,0,0,,,,0.0,0.0,0.0,0.0,0.0,0,0,0
817,a,,,5.2,204,47.0,0,0.0,-3,3.0,0.1,567,78.0,22,2,2.8,226.0,22.0,0,83,3.5,79.0,11.0,0.7,4.2,0.0,18755,60,11884,145,3.0,3.0,0.81,0.63,1.44,14.88,0.11,0.09,0.2,2.1,87.8,378.0,40.0,64.0,327.0,38.0,64.0,308.0,51.0,21.5,376.0,46.0,,,,32,,Adam,Armstrong,Armstrong,,,637,1,2,3,10,0,0,0,3,0,0,8,24,,,,0.0,0.42,1.41,1.13,3.39,3,10,11
195,a,100.0,100.0,3.8,812,255.0,0,0.0,-2,2.0,0.3,333,120.0,20,1,1.2,437.0,156.0,0,97,0.7,243.0,87.0,0.2,5.3,0.0,48739,47,39474,77,-0.1,0.2,0.33,1.2,1.53,22.99,0.03,0.1,0.13,1.86,183.4,290.0,112.0,231.8,155.0,39.0,62.0,314.0,96.0,47.6,276.0,88.0,,,,32,,Lucas,Pires Silva,Lucas Pires,,,1110,0,0,1,26,0,0,0,0,1,0,12,75,,,,0.0,0.08,2.11,0.97,6.08,24,51,70
196,u,0.0,0.0,4.0,683,171.0,0,0.0,0,0.0,0.0,615,219.0,0,0,0.0,594.0,218.0,0,0,0.0,438.0,168.0,0.0,0.0,0.0,202,0,9700,1,0.0,0.0,0.0,0.0,0.0,0.0,0.0,0.0,0.0,0.0,0.0,583.0,217.0,0.0,574.0,217.0,0.0,544.0,213.0,0.0,585.0,217.0,,,,32,,Shurandy,Sambo,Sambo,has joined Sparta Rotterdam on loan for the rest of the season.,,0,0,0,0,0,0,0,0,0,0,0,0,0,,,,0.0,0.0,0.0,0.0,0.0,0,0,0
197,u,0.0,0.0,3.8,807,250.0,0,0.0,-2,2.0,0.2,390,147.0,13,0,1.9,347.0,128.0,0,20,0.0,372.0,139.0,0.0,3.4,0.0,34622,0,35118,50,0.0,0.0,0.55,0.08,0.63,3.79,0.3,0.04,0.34,2.08,44.8,422.0,157.0,18.1,402.0,146.0,30.0,366.0,121.0,9.2,426.0,154.0,,,,32,,Oliver,Sonne,Sonne,has joined Sparta Prague on loan for the rest of the season.,,164,1,0,0,4,0,0,0,0,0,0,1,10,,,,0.0,0.0,2.2,0.55,3.84,2,5,4
198,a,100.0,100.0,3.9,754,215.0,0,0.0,-1,1.0,0.9,200,79.0,27,0,2.5,264.0,99.0,0,81,0.0,391.0,148.0,0.0,6.9,0.0,137767,23,298759,41,-1.5,-0.5,0.61,0.11,0.72,24.88,0.06,0.01,0.07,2.41,225.2,259.0,104.0,9.8,435.0,154.0,52.0,332.0,106.0,28.9,347.0,117.0,,,,32,,Axel,Tuanzebe,Tuanzebe,,,931,1,0,1,22,1,0,0,1,0,0,11,106,,,,0.0,0.1,2.13,1.06,9.38,12,85,29
199,a,100.0,100.0,3.8,792,236.0,0,0.0,-2,2.0,0.2,363,133.0,20,0,1.8,367.0,135.0,0,40,0.3,306.0,104.0,0.1,5.3,0.0,31328,21,26455,65,-0.9,-0.2,0.08,0.02,0.1,11.68,0.01,0.0,0.01,2.12,147.4,323.0,124.0,1.5,464.0,169.0,19.0,388.0,137.0,17.0,393.0,140.0,,,,32,,Joe,Worrall,Worrall,,,496,0,0,0,11,0,0,0,0,0,0,5,77,,,,0.0,0.0,2.0,0.91,13.79,4,72,10
205,i,0.0,0.0,4.9,297,184.0,0,0.0,-1,1.0,0.8,210,74.0,70,0,3.9,68.0,31.0,8,321,0.0,704.0,289.0,0.0,14.3,0.0,568700,2,542691,68,0.0,0.0,0.94,1.36,2.3,32.5,0.06,0.08,0.14,1.93,342.0,181.0,70.0,218.1,162.0,109.0,98.0,262.0,143.0,66.0,207.0,101.0,,,,32,,Josh,Cullen,Cullen,Knee injury - Expected back 30 Sep,,1513,2,2,3,29,1,0,0,2,0,0,18,173,,,,0.0,0.18,1.73,1.07,10.29,32,68,73
206,a,100.0,100.0,4.7,379,237.0,0,0.0,-3,3.0,0.1,477,166.0,47,2,2.4,283.0,120.0,2,170,1.3,189.0,81.0,0.3,10.0,0.0,26169,27,26646,21,1.1,0.8,1.51,1.68,3.19,22.17,0.14,0.15,0.29,2.04,167.6,307.0,135.0,253.4,141.0,96.0,216.0,132.0,77.0,63.5,219.0,107.0,,3.0,,32,,Marcus,Edwards,Edwards,,,977,1,3,1,17,0,0,0,0,0,0,10,59,,,,0.0,0.09,1.57,0.92,5.44,8,6,45
207,i,0.0,0.0,4.7,390,242.0,0,0.0,-3,3.0,0.2,396,135.0,52,0,2.3,296.0,128.0,4,215,1.0,218.0,94.0,0.2,11.1,0.0,29848,2,30825,356,0.0,0.0,0.56,1.33,1.89,23.52,0.05,0.12,0.17,2.16,203.8,274.0,114.0,236.8,152.0,103.0,88.0,274.0,148.0,52.8,255.0,128.0,,,,32,,Hannibal,Mejbri,Hannibal,Hamstring injury - Expected back 01 May,,981,1,4,2,22,0,0,0,7,0,0,12,95,,,,0.0,0.18,2.02,1.1,8.72,25,14,56
208,u,0.0,0.0,5.0,266,161.0,0,0.0,0,0.0,0.0,741,312.0,0,0,0.0,795.0,349.0,0,0,0.0,741.0,312.0,0.0,0.0,0.0,68,0,3032,0,0.0,0.0,0.0,0.0,0.0,0.0,0.0,0.0,0.0,0.0,0.0,794.0,348.0,0.0,792.0,348.0,0.0,787.0,346.0,0.0,794.0,348.0,,,,32,,Luca,Koleosho,Koleosho,has joined Paris FC on loan for the rest of the season.,,0,0,0,0,0,0,0,0,0,0,0,0,0,,,,0.0,0.0,0.0,0.0,0.0,0,0,0
209,a,100.0,0.0,4.8,349,219.0,0,0.0,-2,2.0,0.0,619,239.0,50,0,1.8,376.0,160.0,1,214,0.7,252.0,113.0,0.1,10.4,0.0,6153,4,6998,15,-0.1,0.0,0.85,0.44,1.29,35.46,0.05,0.03,0.08,2.02,274.6,220.0,91.0,169.8,197.0,128.0,102.0,255.0,140.0,53.9,253.0,126.0,,,,32,,Josh,Laurent,Laurent,,,1576,1,0,2,37,0,0,0,6,1,0,16,164,,,,0.0,0.11,2.11,0.91,9.37,40,68,56
210,a,,,4.8,365,228.0,0,0.0,-2,2.0,0.0,631,245.0,39,0,1.7,390.0,166.0,0,133,0.3,327.0,149.0,0.1,8.1,0.0,4935,4,6075,5,-0.9,-0.2,0.96,0.68,1.64,16.67,0.1,0.07,0.17,1.77,102.4,366.0,163.0,109.8,262.0,159.0,118.0,235.0,130.0,33.2,332.0,164.0,,4.0,,32,,Loum,Tchaouna,Tchaouna,,,846,1,1,2,15,0,0,0,1,0,0,9,48,,,,0.0,0.21,1.6,0.96,5.11,14,11,23
73,a,100.0,100.0,4.4,519,98.0,0,0.0,-1,1.0,0.2,382,142.0,39,1,2.1,320.0,117.0,2,123,3.0,97.0,39.0,0.7,8.9,0.0,27694,107,42461,33,6.0,2.0,0.0,0.2,0.2,13.97,0.0,0.02,0.02,1.56,120.8,348.0,133.0,59.3,336.0,114.0,18.0,392.0,139.0,19.8,383.0,136.0,,,,32,,Adam,Smith,Smith,,,805,0,1,4,15,0,0,0,3,0,0,11,56,,,,0.0,0.45,1.68,1.23,5.93,12,41,22
74,a,,,4.7,392,67.0,0,0.0,2,-2.0,3.8,96,32.0,126,4,3.9,66.0,25.0,12,456,6.3,11.0,4.0,1.3,26.8,0.0,838076,15693,465269,563,12.6,5.3,0.43,2.45,2.88,46.47,0.01,0.08,0.09,1.47,665.0,35.0,12.0,440.5,48.0,7.0,111.0,243.0,65.0,121.7,59.0,9.0,,,,32,,Adrien,Truffert,Truffert,,,2838,0,4,9,46,0,0,0,4,0,0,32,309,,,,0.0,0.29,1.46,1.01,8.21,84,175,161
75,a,100.0,100.0,3.8,808,251.0,0,0.0,-2,2.0,0.2,379,140.0,0,0,0.0,537.0,196.0,0,0,0.0,373.0,140.0,0.0,0.0,0.0,15330,18,32956,17,0.0,-1.0,0.0,0.0,0.0,0.0,0.0,0.0,0.0,0.0,0.0,526.0,195.0,0.0,511.0,194.0,0.0,479.0,188.0,0.0,528.0,195.0,,,,32,,Matai,Akinmboni,Akinmboni,,,0,0,0,0,0,0,0,0,0,0,0,0,0,,,,0.0,0.0,0.0,0.0,0.0,0,0,0
756,a,,,4.5,516,321.0,0,0.0,0,0.0,0.0,742,313.0,0,0,0.0,762.0,325.0,0,0,0.0,674.0,270.0,0.0,0.0,0.0,1856,5,1230,2,0.0,-1.0,0.0,0.0,0.0,0.0,0.0,0.0,0.0,0.0,0.0,761.0,324.0,0.0,754.0,324.0,0.0,742.0,321.0,0.0,761.0,324.0,,,,32,,Malcom,DaCosta,DaCosta,,,0,0,0,0,0,0,0,0,0,0,0,0,0,,,,0.0,0.0,0.0,0.0,0.0,0,0,0
782,a,,,4.0,662,39.0,0,0.0,0,0.0,0.0,664,81.0,0,0,0.0,578.0,64.0,0,0,0.0,420.0,51.0,0.0,0.0,0.0,3112,17,1184,11,0.0,-1.0,0.0,0.0,0.0,0.0,0.0,0.0,0.0,0.0,0.0,567.0,64.0,0.0,555.0,48.0,0.0,525.0,35.0,0.0,569.0,64.0,,,,32,,Fraser,Forster,Forster,,,0,0,0,0,0,0,0,0,0,0,0,0,0,,,,0.0,0.0,0.0,0.0,0.0,0,0,0
799,a,,,4.5,513,318.0,0,0.0,0,0.0,0.0,773,332.0,0,0,0.0,760.0,323.0,0,0,0.0,671.0,267.0,0.0,0.0,0.0,735,2,322,2,0.0,-1.0,0.0,0.0,0.0,0.0,0.0,0.0,0.0,0.0,0.0,759.0,322.0,0.0,752.0,322.0,0.0,739.0,318.0,0.0,759.0,322.0,,,,32,,Charlie,Stevens,Stevens,,,0,0,0,0,0,0,0,0,0,0,0,0,0,,,,0.0,0.0,0.0,0.0,0.0,0,0,0
801,a,,,4.9,342,213.0,0,0.0,-1,1.0,0.0,762,324.0,4,1,0.8,517.0,241.0,0,14,0.3,331.0,153.0,0.1,0.8,0.0,933,3,545,8,0.6,-0.7,0.06,0.25,0.31,2.58,0.07,0.3,0.37,3.06,8.0,470.0,212.0,33.5,377.0,191.0,14.0,400.0,198.0,5.5,448.0,200.0,,,,32,,Alex,Tóth,Tóth.A,,,76,0,0,0,1,0,0,0,1,0,0,1,10,,,,0.0,0.0,1.18,1.18,11.84,1,4,5
806,a,,,4.0,680,49.0,0,0.0,0,0.0,0.0,758,88.0,0,0,0.0,591.0,71.0,0,0,0.0,435.0,60.0,0.0,0.0,0.0,722,1,381,3,0.0,-1.0,0.0,0.0,0.0,0.0,0.0,0.0,0.0,0.0,0.0,580.0,71.0,0.0,571.0,58.0,0.0,541.0,45.0,0.0,582.0,71.0,,,,32,,Christos,Mandas,Mandas,,,0,0,0,0,0,0,0,0,0,0,0,0,0,,,,0.0,0.0,0.0,0.0,0.0,0,0,0
807,a,,,5.5,150,94.0,0,0.0,0,0.0,1.9,140,47.0,34,2,3.8,83.0,37.0,2,129,2.3,140.0,56.0,0.4,6.2,0.0,421678,1638,176358,1026,4.6,1.3,1.3,1.28,2.58,14.16,0.17,0.17,0.34,1.84,140.0,331.0,149.0,160.4,205.0,131.0,130.0,226.0,125.0,43.0,293.0,146.0,,,,32,,Rayan Vitor,Simplício Rocha,Rayan,,,692,2,1,3,6,0,0,0,1,0,0,8,43,,,,0.0,0.39,0.78,1.04,5.59,7,12,24
102,a,,,3.9,759,79.0,0,0.0,-1,1.0,0.3,346,48.0,0,0,0.0,554.0,50.0,0,0,0.0,394.0,37.0,0.0,0.0,0.0,16711,18,24869,27,0.0,0.0,0.0,0.0,0.0,0.0,0.0,0.0,0.0,0.0,0.0,543.0,50.0,0.0,531.0,34.0,0.0,500.0,21.0,0.0,545.0,50.0,,,,32,,Ellery,Balcombe,Balcombe,,,0,0,0,0,0,0,0,0,0,0,0,0,0,,,,0.0,0.0,0.0,0.0,0.0,0,0,0
103,u,0.0,0.0,3.9,775,87.0,0,0.0,-1,1.0,0.1,437,65.0,0,0,0.0,566.0,58.0,0,0,0.0,407.0,45.0,0.0,0.0,0.0,11791,0,15344,23,0.0,0.0,0.0,0.0,0.0,0.0,0.0,0.0,0.0,0.0,0.0,555.0,58.0,0.0,543.0,42.0,0.0,512.0,29.0,0.0,557.0,58.0,,,,32,,Matthew,Cox,Cox,has joined Shrewsbury Town on loan for the rest of the season.,,0,0,0,0,0,0,0,0,0,0,0,0,0,,,,0.0,0.0,0.0,0.0,0.0,0,0,0
104,a,,,3.9,778,88.0,0,0.0,-1,1.0,0.1,469,69.0,0,0,0.0,569.0,59.0,0,0,0.0,410.0,46.0,0.0,0.0,0.0,13182,11,11013,21,0.0,0.0,0.0,0.0,0.0,0.0,0.0,0.0,0.0,0.0,0.0,558.0,59.0,0.0,546.0,43.0,0.0,515.0,30.0,0.0,560.0,59.0,,,,32,,Julian,Eyestone,Eyestone,,,0,0,0,0,0,0,0,0,0,0,0,0,0,,,,0.0,0.0,0.0,0.0,0.0,0,0,0
105,a,,,3.8,803,94.0,0,0.0,-2,2.0,0.6,234,31.0,1,0,1.0,450.0,34.0,0,1,0.0,368.0,24.0,0.0,0.3,0.0,43700,416,75633,88,0.0,0.0,0.0,0.0,0.0,0.97,0.0,0.0,0.0,0.97,13.0,458.0,34.0,0.0,507.0,19.0,0.0,475.0,6.0,1.3,482.0,34.0,,,,32,,Hákon Rafn,Valdimarsson,Valdimarsson,,,90,0,0,0,3,0,0,0,0,0,1,1,0,,,,1.0,0.0,3.0,1.0,0.0,0,0,7
106,a,,,4.9,320,52.0,0,0.0,-1,1.0,2.8,116,45.0,108,3,3.7,93.0,35.0,7,369,3.0,102.0,42.0,0.6,22.0,0.0,700871,408,548975,1318,3.0,3.0,1.84,1.32,3.16,36.81,0.07,0.05,0.12,1.36,723.4,17.0,6.0,118.8,251.0,69.0,291.0,93.0,8.0,113.5,79.0,16.0,,,,32,,Nathan,Collins,Collins,,,2431,1,2,7,36,1,0,0,5,0,0,26,299,,,,0.0,0.26,1.33,0.96,9.88,26,241,114
107,a,,,4.8,361,61.0,0,0.0,-2,2.0,1.7,151,59.0,90,1,3.0,195.0,77.0,3,265,3.7,66.0,29.0,0.8,18.8,0.0,486727,322,335219,760,3.7,3.7,2.21,1.83,4.04,24.03,0.14,0.12,0.26,1.52,291.2,210.0,82.0,254.7,140.0,36.0,246.0,110.0,15.0,79.2,156.0,52.0,,1.0,,32,,Keane,Lewis-Potter,Lewis-Potter,,,1422,3,2,7,24,0,0,0,1,0,0,16,73,,,,0.0,0.44,1.52,1.01,3.42,19,35,65
108,a,100.0,100.0,4.4,526,104.0,0,0.0,-1,1.0,0.2,355,130.0,70,0,2.9,202.0,80.0,1,196,0.0,549.0,229.0,0.0,15.9,0.0,43427,21,38552,195,0.0,0.0,0.69,0.72,1.41,26.82,0.04,0.04,0.08,1.49,358.2,166.0,69.0,58.3,337.0,115.0,161.0,186.0,43.0,57.9,237.0,82.0,,,,32,,Kristoffer,Ajer,Ajer,,,1624,0,2,5,27,0,0,0,3,0,0,18,175,,,,0.0,0.28,1.5,1.0,9.31,35,133,50
109,i,0.0,0.0,4.3,584,128.0,0,0.0,-2,2.0,0.1,424,158.0,52,0,2.1,319.0,116.0,0,144,0.0,515.0,221.0,0.0,12.1,0.0,25884,2,30318,79,0.0,0.0,0.18,0.54,0.72,23.91,0.01,0.04,0.05,1.63,151.6,321.0,122.0,82.0,301.0,95.0,35.0,356.0,117.0,26.9,355.0,121.0,,,,32,,Rico,Henry,Henry,Hamstring injury - Unknown return date,,1322,0,2,4,22,0,0,0,2,0,0,14,78,,,,0.0,0.27,1.5,0.95,4.63,15,53,72
126,a,,,4.9,305,190.0,0,0.0,-1,1.0,0.1,483,168.0,74,2,2.5,272.0,113.0,0,361,3.0,101.0,35.0,0.6,15.1,0.0,20016,20,20120,45,3.0,3.0,2.05,4.23,6.28,26.15,0.11,0.22,0.33,1.36,319.6,194.0,79.0,454.0,46.0,39.0,180.0,169.0,94.0,95.3,110.0,62.0,1.0,2.0,5.0,32,,Mathias,Jensen,Jensen,,,1735,2,2,7,25,0,0,0,3,0,0,20,165,,,,0.0,0.36,1.3,1.04,8.56,30,48,87
127,u,0.0,0.0,4.9,343,214.0,0,0.0,-1,1.0,0.0,726,301.0,0,0,0.0,786.0,342.0,0,0,0.0,729.0,305.0,0.0,0.0,0.0,1544,0,2335,1,0.0,0.0,0.0,0.0,0.0,0.0,0.0,0.0,0.0,0.0,0.0,785.0,341.0,0.0,781.0,341.0,0.0,777.0,339.0,0.0,785.0,341.0,,,,32,,Gustavo,Nunes Fernandes Gomes,Nunes,has joined Swansea City on loan for the rest of the season.,,0,0,0,0,0,0,0,0,0,0,0,0,0,,,,0.0,0.0,0.0,0.0,0.0,0,0,0
128,u,0.0,0.0,4.8,362,225.0,0,0.0,-2,2.0,0.0,610,233.0,12,0,2.0,339.0,146.0,0,41,0.0,694.0,283.0,0.0,2.5,0.0,5396,0,8933,4,0.0,0.0,0.0,0.36,0.36,2.02,0.0,0.37,0.37,2.07,28.4,440.0,196.0,13.6,414.0,207.0,4.0,439.0,215.0,4.6,457.0,206.0,,,,32,,Frank,Onyeka,Onyeka,has joined Coventry City on loan for the rest of the season.,,88,0,2,0,2,0,0,0,0,0,0,0,10,,,,0.0,0.0,2.05,0.0,10.23,2,3,5
129,a,100.0,100.0,5.0,274,168.0,0,0.0,0,0.0,0.1,490,173.0,84,4,2.6,258.0,106.0,0,364,2.7,119.0,42.0,0.5,16.8,0.0,24696,9,22267,26,2.7,2.7,1.19,1.26,2.45,33.04,0.05,0.05,0.1,1.34,358.8,165.0,63.0,240.3,151.0,102.0,110.0,246.0,137.0,70.8,194.0,96.0,,,,32,,Yehor,Yarmoliuk,Yarmoliuk,,,2216,1,2,6,36,0,0,0,7,0,0,25,277,,,,0.0,0.24,1.46,1.02,11.25,57,64,156
810,a,,,4.5,470,286.0,0,0.0,0,0.0,0.0,796,350.0,0,0,0.0,728.0,299.0,0,0,0.0,631.0,237.0,0.0,0.0,0.0,401,5,173,3,0.0,0.0,0.0,0.0,0.0,0.0,0.0,0.0,0.0,0.0,0.0,725.0,296.0,0.0,719.0,297.0,0.0,704.0,291.0,0.0,726.0,297.0,,,,32,,Luka,Bentt,Bentt,,,0,0,0,0,0,0,0,0,0,0,0,0,0,,,,0.0,0.0,0.0,0.0,0.0,0,0,0
142,u,0.0,0.0,4.0,678,47.0,0,0.0,0,0.0,0.0,808,93.0,0,0,0.0,589.0,69.0,0,0,0.0,433.0,58.0,0.0,0.0,0.0,0,0,206,0,0.0,0.0,0.0,0.0,0.0,0.0,0.0,0.0,0.0,0.0,0.0,578.0,69.0,0.0,569.0,56.0,0.0,539.0,43.0,0.0,580.0,69.0,,,,32,,Kjell,Scherpen,Scherpen,Has joined Union SG permanently,,0,0,0,0,0,0,0,0,0,0,0,0,0,,,,0.0,0.0,0.0,0.0,0.0,0,0,0
143,a,,,4.2,633,143.0,0,0.0,-3,3.0,0.1,501,179.0,30,9,3.3,154.0,59.0,3,123,3.0,96.0,38.0,0.7,7.1,0.0,7359,96,13333,9,5.5,3.5,0.05,0.33,0.38,6.27,0.01,0.06,0.07,1.07,152.4,320.0,121.0,57.6,338.0,116.0,12.0,402.0,147.0,22.3,370.0,129.0,3.0,,,32,,Olivier,Boscagli,Boscagli,,,529,0,1,2,5,0,0,0,2,0,0,6,56,,,,0.0,0.34,0.85,1.02,9.53,12,44,41
144,u,0.0,0.0,4.2,646,152.0,0,0.0,-3,3.0,0.0,604,215.0,10,0,2.0,336.0,125.0,0,32,0.0,506.0,215.0,0.0,2.4,0.0,2735,0,8357,4,0.0,0.0,0.0,0.01,0.01,4.52,0.0,0.0,0.0,2.11,42.4,423.0,158.0,3.7,451.0,162.0,2.0,444.0,167.0,4.8,455.0,163.0,,,,32,,Diego,Coppola,Coppola,has joined Paris FC on loan for the rest of the season.,,193,0,0,1,3,0,0,0,2,0,0,2,19,,,,0.0,0.47,1.4,0.93,8.39,2,16,6
145,a,100.0,100.0,4.3,593,134.0,0,0.0,-2,2.0,1.6,152,60.0,61,0,2.5,268.0,102.0,6,228,0.3,318.0,113.0,0.1,14.2,0.0,257045,137,728886,269,0.1,0.8,1.55,2.15,3.7,20.84,0.12,0.17,0.29,1.64,215.2,267.0,108.0,319.7,97.0,23.0,132.0,221.0,57.0,66.7,204.0,70.0,,1.0,,32,,Maxim,De Cuyper,De Cuyper,,,1145,2,0,4,18,0,0,0,2,0,0,14,75,,,,0.0,0.31,1.41,1.1,4.01,18,33,57
11,a,100.0,100.0,5.1,223,29.0,0,0.0,-4,4.0,0.5,264,99.0,31,1,3.9,70.0,26.0,3,125,0.5,293.0,100.0,0.1,6.1,0.0,353397,187,410122,92,1.0,1.5,0.45,0.51,0.96,7.32,0.08,0.09,0.17,1.36,131.6,339.0,128.0,105.0,271.0,79.0,48.0,335.0,108.0,28.5,348.0,118.0,,,,32,,Benjamin,White,White,,,484,0,1,3,6,0,0,0,0,0,0,6,49,,,,0.0,0.56,1.12,1.12,8.37,15,30,21
13,a,,,3.7,823,265.0,0,0.0,-3,3.0,0.4,276,103.0,0,0,0.0,524.0,185.0,0,0,0.0,353.0,123.0,0.0,0.0,0.0,53326,147,79972,44,0.5,1.0,0.0,0.0,0.0,0.0,0.0,0.0,0.0,0.0,0.0,513.0,184.0,0.0,497.0,183.0,0.0,465.0,177.0,0.0,515.0,184.0,,,,32,,Brayden,Clarke,Clarke,,,0,0,0,0,0,0,0,0,0,0,0,0,0,,,,0.0,0.0,0.0,0.0,0.0,0,0,0
14,u,0.0,0.0,3.9,785,231.0,0,0.0,-1,1.0,0.1,498,178.0,0,0,0.0,575.0,209.0,0,0,0.0,417.0,159.0,0.0,0.0,0.0,10218,0,22741,6,0.0,0.0,0.0,0.0,0.0,0.0,0.0,0.0,0.0,0.0,0.0,564.0,208.0,0.0,552.0,208.0,0.0,521.0,203.0,0.0,566.0,208.0,,,,32,,Maldini,Kacurri,Kacurri,has joined Morecambe on loan for the rest of the season.,,0,0,0,0,0,0,0,0,0,0,0,0,0,,,,0.0,0.0,0.0,0.0,0.0,0,0,0
15,a,,,3.7,821,263.0,0,0.0,-3,3.0,0.2,352,129.0,0,0,0.0,523.0,184.0,0,0,0.0,351.0,121.0,0.0,0.0,0.0,32406,30,32163,57,0.5,1.0,0.0,0.0,0.0,0.0,0.0,0.0,0.0,0.0,0.0,512.0,183.0,0.0,495.0,181.0,0.0,463.0,175.0,0.0,514.0,183.0,,,,32,,Josh,Nichols,Nichols,,,0,0,0,0,0,0,0,0,0,0,0,0,0,,,,0.0,0.0,0.0,0.0,0.0,0,0,0
16,d,75.0,75.0,9.8,6,4.0,0,0.0,-2,2.0,7.7,52,18.0,133,0,4.9,16.0,7.0,14,497,1.5,185.0,80.0,0.2,13.6,0.0,4150858,112,5153036,6795,1.5,1.9,6.99,5.75,12.74,14.36,0.32,0.26,0.58,0.65,538.8,70.0,20.0,725.9,10.0,10.0,762.0,8.0,3.0,202.9,7.0,5.0,2.0,2.0,1.0,32,,Bukayo,Saka,Saka,Knock - 75% chance of playing,,1995,6,8,10,16,0,0,0,1,0,0,22,163,,,,0.0,0.45,0.72,0.99,7.35,35,24,104
17,d,75.0,75.0,7.8,18,13.0,0,0.0,-2,2.0,1.5,157,53.0,62,0,3.1,191.0,78.0,5,252,0.0,822.0,369.0,0.0,7.9,0.0,379475,32,647883,235,0.4,0.8,1.01,2.91,3.92,12.89,0.08,0.24,0.32,1.08,259.6,235.0,99.0,434.7,50.0,41.0,144.0,207.0,116.0,83.7,146.0,77.0,4.0,,3.0,32,,Martin,Ødegaard,Ødegaard,Knock - 75% chance of playing,,1070,1,6,4,11,0,0,0,0,0,0,13,81,,,,0.0,0.34,0.93,1.09,6.81,17,13,51
40,a,100.0,100.0,4.3,580,125.0,0,0.0,-2,2.0,0.7,228,86.0,44,0,3.4,140.0,52.0,4,148,1.0,211.0,74.0,0.2,10.2,0.0,158231,49,206051,130,1.0,1.0,1.01,0.37,1.38,17.52,0.09,0.03,0.12,1.64,214.8,268.0,109.0,70.9,315.0,105.0,61.0,317.0,98.0,34.7,327.0,109.0,,,,32,,Tyrone,Mings,Mings,,,962,0,1,3,15,0,0,0,0,0,0,11,96,,,,0.0,0.28,1.4,1.03,7.48,4,76,29
41,a,100.0,100.0,4.3,589,131.0,0,0.0,-2,2.0,0.3,322,116.0,56,0,3.3,157.0,62.0,2,253,2.0,147.0,55.0,0.5,13.0,0.0,72327,54,98397,36,2.0,2.0,0.63,0.36,0.99,18.92,0.04,0.02,0.06,1.23,267.8,228.0,90.0,40.7,363.0,129.0,55.0,328.0,104.0,36.6,315.0,106.0,,,,32,,Pau,Torres,Pau,,,1386,0,1,5,15,1,0,0,0,0,0,15,126,,,,0.0,0.32,0.97,0.97,6.43,19,80,70
42,a,100.0,100.0,3.9,786,232.0,0,0.0,-1,1.0,0.2,371,136.0,3,0,0.8,512.0,177.0,0,4,0.3,308.0,106.0,0.1,0.8,0.0,29203,27,41593,20,0.3,0.3,0.0,0.01,0.01,1.55,0.0,0.02,0.02,3.77,3.0,487.0,174.0,2.4,457.0,166.0,0.0,522.0,204.0,0.5,493.0,173.0,,,,32,,Andrés,García,A.García,,,37,0,0,0,2,0,0,0,0,0,0,0,1,,,,0.0,0.0,4.86,0.0,2.43,1,0,2
43,u,0.0,0.0,4.0,665,162.0,0,0.0,0,0.0,1.6,153,61.0,0,0,0.0,580.0,211.0,0,0,0.0,422.0,161.0,0.0,0.0,0.0,44476,0,889475,67,0.0,0.0,0.0,0.0,0.0,0.0,0.0,0.0,0.0,0.0,0.0,569.0,210.0,0.0,558.0,210.0,0.0,528.0,206.0,0.0,571.0,210.0,,,,32,,Álex,Moreno Lopera,Alex Moreno,Has joined Girona permanently.,,0,0,0,0,0,0,0,0,0,0,0,0,0,,,,0.0,0.0,0.0,0.0,0.0,0,0,0
44,a,100.0,100.0,4.0,706,183.0,0,0.0,0,0.0,0.5,252,96.0,34,0,1.4,417.0,151.0,4,107,0.3,312.0,110.0,0.1,8.5,0.0,109491,85,93913,78,0.3,0.3,0.0,0.19,0.19,11.99,0.0,0.02,0.02,1.35,109.0,362.0,139.0,54.0,342.0,119.0,14.0,397.0,143.0,17.6,392.0,139.0,,,,32,,Lamare,Bogarde,Bogarde,,,797,0,0,2,13,0,0,0,5,0,0,8,57,,,,0.0,0.23,1.47,0.9,5.42,20,28,33
45,u,0.0,0.0,3.8,804,247.0,0,0.0,-2,2.0,0.3,345,126.0,0,0,0.0,534.0,193.0,0,0,0.0,369.0,136.0,0.0,0.0,0.0,22076,0,38749,24,0.0,0.0,0.0,0.0,0.0,0.0,0.0,0.0,0.0,0.0,0.0,523.0,192.0,0.0,508.0,191.0,0.0,476.0,185.0,0.0,525.0,192.0,,,,32,,Lino,da Cruz Sousa,Sousa,has joined Rotherham on loan for the rest of the season.,,0,0,0,0,0,0,0,0,0,0,0,0,0,,,,0.0,0.0,0.0,0.0,0.0,0,0,0
46,u,0.0,0.0,4.0,722,195.0,0,0.0,0,0.0,0.1,468,173.0,0,0,0.0,624.0,235.0,0,0,0.0,472.0,188.0,0.0,0.0,0.0,4656,0,21075,3,0.0,0.0,0.0,0.0,0.0,0.0,0.0,0.0,0.0,0.0,0.0,614.0,235.0,0.0,606.0,235.0,0.0,577.0,232.0,0.0,616.0,235.0,,,,32,,Yasin,Özcan,Yasin,has joined Anderlecht on loan for the rest of the season.,,0,0,0,0,0,0,0,0,0,0,0,0,0,,,,0.0,0.0,0.0,0.0,0.0,0,0,0
57,u,0.0,0.0,5.0,261,159.0,0,0.0,0,0.0,0.0,669,268.0,0,0,0.0,792.0,347.0,0,0,0.0,738.0,310.0,0.0,0.0,0.0,889,0,5446,0,0.0,0.0,0.0,0.0,0.0,0.0,0.0,0.0,0.0,0.0,0.0,791.0,346.0,0.0,789.0,346.0,0.0,784.0,344.0,0.0,791.0,346.0,,,,32,,Lewis,Dobbin,Dobbin,Has joined Preston North End on loan for the rest of the season.,,0,0,0,0,0,0,0,0,0,0,0,0,0,,,,0.0,0.0,0.0,0.0,0.0,0,0,0
58,i,0.0,0.0,4.9,312,194.0,0,0.0,-1,1.0,0.2,392,131.0,61,0,3.4,145.0,60.0,7,282,0.0,711.0,293.0,0.0,12.4,0.0,111428,0,120247,39,0.0,0.0,0.53,0.84,1.36,20.8,0.03,0.05,0.08,1.33,325.0,189.0,77.0,241.3,150.0,101.0,75.0,293.0,158.0,64.2,215.0,105.0,,,,32,,Boubacar,Kamara,Kamara,Knee injury - Expected back 01 Jun,,1410,1,3,5,15,0,0,0,5,0,0,17,149,,,,0.0,0.32,0.96,1.09,9.51,38,46,65
59,a,100.0,100.0,4.8,363,226.0,0,0.0,-2,2.0,0.7,222,78.0,71,0,3.2,170.0,68.0,3,320,2.3,130.0,48.0,0.5,14.8,0.0,164511,187,280608,131,2.3,2.3,1.38,0.64,2.02,25.52,0.08,0.04,0.12,1.47,377.8,152.0,54.0,122.3,248.0,154.0,162.0,185.0,103.0,66.2,205.0,100.0,,,,32,,Amadou,Onana,Onana,,,1558,2,0,6,22,0,0,0,2,0,0,19,199,,,,0.0,0.35,1.27,1.1,11.5,43,92,64
60,u,0.0,0.0,4.4,565,340.0,0,0.0,-1,1.0,0.2,353,119.0,0,0,0.0,687.0,267.0,0,0,0.0,575.0,198.0,0.0,0.0,0.0,38290,0,51952,29,0.0,0.0,0.0,0.0,0.0,0.0,0.0,0.0,0.0,0.0,0.0,680.0,260.0,0.0,676.0,264.0,0.0,656.0,255.0,0.0,682.0,262.0,,,,32,,Ben,Broggio,Broggio,has joined Falkirk on loan for the rest of the season.,,0,0,0,0,0,0,0,0,0,0,0,0,0,,,,0.0,0.0,0.0,0.0,0.0,0,0,0
61,u,0.0,0.0,4.5,414,250.0,0,0.0,0,0.0,0.1,539,197.0,0,0,0.0,694.0,270.0,0,0,0.0,586.0,204.0,0.0,0.0,0.0,2169,0,33740,2,0.0,0.0,0.0,0.0,0.0,0.0,0.0,0.0,0.0,0.0,0.0,688.0,264.0,0.0,683.0,267.0,0.0,664.0,259.0,0.0,690.0,266.0,,,,32,,Leander,Dendoncker,Dendoncker,Has joined Real Oviedo permanently.,,0,0,0,0,0,0,0,0,0,0,0,0,0,,,,0.0,0.0,0.0,0.0,0.0,0,0,0
62,u,0.0,0.0,4.5,472,288.0,0,0.0,0,0.0,0.1,566,210.0,1,0,1.0,481.0,216.0,0,3,0.0,633.0,239.0,0.0,0.2,0.0,8790,0,10815,4,0.0,0.0,0.0,0.0,0.0,0.61,0.0,0.0,0.0,6.86,0.2,508.0,232.0,0.3,484.0,236.0,0.0,706.0,293.0,0.1,510.0,234.0,,,,32,,Jamaldeen,Jimoh-Aloba,Jimoh-Aloba,has joined West Brom on loan for the rest of the season.,,8,0,0,0,0,0,0,0,0,0,0,0,1,,,,0.0,0.0,0.0,0.0,11.25,0,0,1
63,u,0.0,0.0,4.3,610,356.0,0,0.0,-2,2.0,0.5,259,90.0,0,0,0.0,658.0,248.0,0,0,0.0,532.0,173.0,0.0,0.0,0.0,102090,0,131315,85,0.0,0.0,0.0,0.0,0.0,0.0,0.0,0.0,0.0,0.0,0.0,648.0,238.0,0.0,644.0,243.0,0.0,621.0,232.0,0.0,650.0,240.0,,,,32,,Kadan,Young,Young,has joined Reading on loan for the rest of the season.,,0,0,0,0,0,0,0,0,0,0,0,0,0,,,,0.0,0.0,0.0,0.0,0.0,0,0,0
64,a,100.0,100.0,8.5,10,5.0,0,0.0,-5,5.0,8.2,44,8.0,109,0,3.6,118.0,9.0,14,386,3.0,115.0,16.0,0.4,12.8,0.0,2341194,2349,4373762,2685,3.0,3.0,10.61,1.06,11.67,36.31,0.42,0.04,0.46,1.43,430.0,124.0,11.0,246.4,147.0,11.0,845.0,4.0,3.0,151.5,31.0,6.0,,,3.0,32,,Ollie,Watkins,Watkins,,,2289,9,2,9,30,0,0,0,3,0,0,27,79,,,,0.0,0.35,1.18,1.06,3.11,19,18,42
65,u,0.0,0.0,4.5,484,68.0,0,0.0,0,0.0,0.3,331,53.0,0,0,0.0,738.0,78.0,0,0,0.0,645.0,64.0,0.0,0.0,0.0,17574,0,85186,7,0.0,0.0,0.0,0.0,0.0,0.0,0.0,0.0,0.0,0.0,0.0,735.0,78.0,0.0,729.0,77.0,0.0,716.0,77.0,0.0,736.0,78.0,,,,32,,Zépiqueno,Redmond,Redmond,has joined Huddersfield Town on loan for the rest of the season.,,0,0,0,0,0,0,0,0,0,0,0,0,0,,,,0.0,0.0,0.0,0.0,0.0,0,0,0
203,a,,,4.7,394,245.0,0,0.0,-3,3.0,0.0,596,224.0,0,0,0.0,768.0,330.0,0,0,0.0,686.0,278.0,0.0,0.0,0.0,4457,5,7513,7,-1.5,-0.5,0.0,0.0,0.0,0.0,0.0,0.0,0.0,0.0,0.0,767.0,329.0,0.0,762.0,329.0,0.0,753.0,326.0,0.0,767.0,329.0,,,,32,,Enock,Agyei,Boateng,,,0,0,0,0,0,0,0,0,0,0,0,0,0,,,,0.0,0.0,0.0,0.0,0.0,0,0,0
761,a,,,4.0,730,202.0,0,0.0,0,0.0,0.0,697,246.0,0,0,0.0,631.0,241.0,0,0,0.0,480.0,195.0,0.0,0.0,0.0,1140,9,891,5,-0.5,0.5,0.0,0.0,0.0,0.0,0.0,0.0,0.0,0.0,0.0,621.0,241.0,0.0,613.0,241.0,0.0,584.0,238.0,0.0,623.0,241.0,,,,32,,Freddie,Simmonds,Simmonds,,,0,0,0,0,0,0,0,0,0,0,0,0,0,,,,0.0,0.0,0.0,0.0,0.0,0,0,0
783,a,,,5.5,132,81.0,0,0.0,0,0.0,1.6,155,52.0,49,6,3.8,81.0,35.0,4,249,5.3,25.0,9.0,1.0,8.9,0.0,237586,4651,48706,182,10.1,5.8,0.78,2.59,3.37,13.22,0.06,0.21,0.27,1.09,275.6,218.0,89.0,423.4,55.0,46.0,111.0,244.0,135.0,81.0,154.0,81.0,1.0,,,32,,Pascal,Groß,Groß,,,1096,1,3,4,8,0,0,0,2,0,0,12,105,,,,0.0,0.33,0.66,0.99,8.62,21,32,52
795,a,,,4.5,493,304.0,0,0.0,0,0.0,0.0,767,328.0,4,0,1.3,431.0,192.0,0,11,0.0,654.0,255.0,0.0,0.9,0.0,859,4,376,2,-0.5,0.5,0.0,0.03,0.03,1.04,0.0,0.03,0.03,1.02,10.2,465.0,207.0,5.1,446.0,216.0,2.0,452.0,222.0,1.8,473.0,215.0,,,,32,,Harry,Howell,Howell,,,92,0,0,0,2,0,0,0,0,0,0,1,7,,,,0.0,0.0,1.96,0.98,6.85,1,3,3
789,a,,,4.0,709,62.0,0,0.0,0,0.0,0.0,757,87.0,0,0,0.0,612.0,83.0,0,0,0.0,459.0,72.0,0.0,0.0,0.0,459,2,363,2,0.5,0.0,0.0,0.0,0.0,0.0,0.0,0.0,0.0,0.0,0.0,602.0,83.0,0.0,594.0,71.0,0.0,564.0,58.0,0.0,604.0,83.0,,,,32,,Max,Merrick,Merrick,,,0,0,0,0,0,0,0,0,0,0,0,0,0,,,,0.0,0.0,0.0,0.0,0.0,0,0,0
273,a,100.0,100.0,5.0,268,163.0,0,0.0,0,0.0,0.6,236,85.0,91,0,3.4,148.0,61.0,6,415,0.5,291.0,134.0,0.1,18.2,0.0,179727,135,182341,155,0.5,0.5,1.33,6.02,7.34,33.38,0.06,0.25,0.31,1.39,383.8,149.0,52.0,554.6,29.0,27.0,151.0,197.0,111.0,109.2,84.0,52.0,2.0,,,32,,Adam,Wharton,Wharton,,,2165,0,6,8,33,0,0,0,4,1,0,26,251,,,,0.0,0.33,1.37,1.08,10.43,60,59,132
274,a,,,4.3,616,361.0,0,0.0,-2,2.0,0.1,491,174.0,0,0,0.0,662.0,252.0,0,0,0.0,538.0,178.0,0.0,0.0,0.0,15080,23,11871,30,0.0,0.0,0.0,0.0,0.0,0.0,0.0,0.0,0.0,0.0,0.0,652.0,242.0,0.0,648.0,247.0,0.0,625.0,236.0,0.0,654.0,244.0,,,,32,,Asher,Agbinone,Agbinone,,,0,0,0,0,0,0,0,0,0,0,0,0,0,,,,0.0,0.0,0.0,0.0,0.0,0,0,0
309,u,0.0,0.0,4.5,448,268.0,0,0.0,0,0.0,0.0,824,369.0,0,0,0.0,713.0,285.0,0,0,0.0,613.0,221.0,0.0,0.0,0.0,0,0,114,0,0.0,0.0,0.0,0.0,0.0,0.0,0.0,0.0,0.0,0.0,0.0,708.0,280.0,0.0,703.0,282.0,0.0,687.0,275.0,0.0,709.0,281.0,,,,32,,Jenson,Metcalfe,Metcalfe,Has joined Bradford City permanently.,,0,0,0,0,0,0,0,0,0,0,0,0,0,,,,0.0,0.0,0.0,0.0,0.0,0,0,0
310,a,,,5.7,119,32.0,0,0.0,-3,3.0,0.8,211,30.0,77,1,2.4,290.0,31.0,7,228,1.0,237.0,29.0,0.2,13.5,0.0,302607,61,296635,835,0.5,1.0,6.13,0.38,6.51,28.57,0.34,0.02,0.36,1.56,250.4,242.0,22.0,180.0,193.0,17.0,424.0,48.0,20.0,83.0,149.0,21.0,,,,32,,Thierno,Barry,Barry,,,1645,6,0,7,25,0,0,0,3,0,0,19,58,,,,0.0,0.38,1.37,1.04,3.17,3,27,28
311,a,,,5.0,265,55.0,0,0.0,-5,5.0,2.9,115,18.0,83,7,2.6,257.0,28.0,10,272,8.3,2.0,1.0,1.7,16.6,0.0,543593,2038,1146782,1153,7.8,8.3,7.75,0.22,7.97,20.07,0.55,0.02,0.57,1.42,351.0,175.0,17.0,124.9,244.0,27.0,536.0,30.0,16.0,99.6,95.0,16.0,,,3.0,32,,Norberto Bercique,Gomes Betuncal,Beto,,,1269,7,1,5,15,0,0,0,2,0,0,13,75,,,,0.0,0.35,1.06,0.92,5.32,13,37,25
312,u,0.0,0.0,4.9,333,62.0,0,0.0,-1,1.0,0.1,552,76.0,0,0,0.0,785.0,87.0,0,0,0.0,725.0,77.0,0.0,0.0,0.0,2418,0,14556,0,0.0,0.0,0.0,0.0,0.0,0.0,0.0,0.0,0.0,0.0,0.0,784.0,87.0,0.0,780.0,86.0,0.0,776.0,86.0,0.0,784.0,87.0,,,,32,,Youssef,Ramalho Chermiti,Y.Chermiti,has joined Rangers permanently.,,0,0,0,0,0,0,0,0,0,0,0,0,0,,,,0.0,0.0,0.0,0.0,0.0,0,0,0
313,u,0.0,0.0,4.4,557,78.0,0,0.0,-1,1.0,0.1,451,65.0,0,0,0.0,682.0,71.0,0,0,0.0,568.0,57.0,0.0,0.0,0.0,9203,0,26665,8,0.0,0.0,0.0,0.0,0.0,0.0,0.0,0.0,0.0,0.0,0.0,674.0,71.0,0.0,670.0,70.0,0.0,650.0,70.0,0.0,676.0,71.0,,,,32,,Martin,Sherif,Sherif,has joined Port Vale on loan for the rest of the season.,,0,0,0,0,0,0,0,0,0,0,0,0,0,,,,0.0,0.0,0.0,0.0,0.0,0,0,0
419,i,0.0,0.0,6.3,64,42.0,0,0.0,-2,2.0,5.7,67,22.0,79,0,4.0,62.0,28.0,12,356,0.0,810.0,361.0,0.0,12.5,0.0,3790545,4,3782329,514,0.0,0.0,2.05,3.37,5.41,25.81,0.11,0.19,0.3,1.43,374.2,156.0,58.0,520.5,35.0,32.0,397.0,52.0,31.0,129.2,48.0,34.0,,,,32,,Jack,Grealish,Grealish,Foot injury - Expected back 01 Jun,,1627,2,6,7,23,0,0,0,3,1,0,18,135,,,,0.0,0.39,1.27,1.0,7.47,20,27,88
361,u,0.0,0.0,4.5,441,264.0,0,0.0,0,0.0,0.0,670,269.0,0,0,0.0,711.0,283.0,0,0,0.0,609.0,218.0,0.0,0.0,0.0,1165,0,8431,0,0.0,0.0,0.0,0.0,0.0,0.0,0.0,0.0,0.0,0.0,0.0,705.0,277.0,0.0,701.0,280.0,0.0,684.0,273.0,0.0,707.0,279.0,,,,32,,Darko,Gyabi,Gyabi,has joined Hull City permanently.,,0,0,0,0,0,0,0,0,0,0,0,0,0,,,,0.0,0.0,0.0,0.0,0.0,0,0,0
398,i,0.0,0.0,4.3,605,85.0,0,0.0,-2,2.0,0.1,480,68.0,0,0,0.0,656.0,66.0,0,0,0.0,528.0,51.0,0.0,0.0,0.0,9347,6,19986,5,0.0,0.0,0.0,0.0,0.0,0.0,0.0,0.0,0.0,0.0,0.0,646.0,66.0,0.0,641.0,65.0,0.0,618.0,65.0,0.0,648.0,66.0,,,,32,,Jayden,Danns,Danns,Hamstring injury - Unknown return date,,0,0,0,0,0,0,0,0,0,0,0,0,0,,,,0.0,0.0,0.0,0.0,0.0,0,0,0
499,a,100.0,100.0,10.3,5,2.0,0,0.0,-2,2.0,3.5,98,17.0,30,1,2.7,246.0,25.0,2,97,0.3,346.0,45.0,0.0,2.9,0.0,1801752,484,2419092,154,0.8,0.8,2.04,0.07,2.11,5.56,0.35,0.01,0.36,0.96,105.6,364.0,37.0,37.6,370.0,47.0,143.0,209.0,42.0,27.8,351.0,41.0,,,,32,,Alexander,Isak,Isak,,,522,2,1,1,7,0,0,0,0,0,0,6,25,,,,0.0,0.17,1.21,1.03,4.31,6,8,11
661,a,100.0,100.0,9.2,7,3.0,-1,1.0,7,-7.0,30.8,10,4.0,125,0,4.5,37.0,5.0,22,433,0.7,281.0,38.0,0.1,13.6,0.0,9183525,843,7582412,55925,1.2,1.2,10.1,2.45,12.55,26.11,0.51,0.12,0.63,1.31,525.8,74.0,5.0,307.2,107.0,5.0,739.0,10.0,6.0,156.2,26.0,5.0,,,,32,,Hugo,Ekitiké,Ekitiké,,,1797,11,4,7,25,0,0,0,0,0,0,21,85,,,,0.0,0.35,1.25,1.05,4.26,11,32,42
428,a,100.0,100.0,5.0,279,172.0,0,0.0,0,0.0,0.0,717,296.0,0,0,0.0,799.0,352.0,0,0,0.0,747.0,317.0,0.0,0.0,0.0,261,1,2626,3,0.5,0.0,0.0,0.0,0.0,0.0,0.0,0.0,0.0,0.0,0.0,798.0,351.0,0.0,796.0,351.0,0.0,791.0,349.0,0.0,798.0,351.0,,,,32,,Sverre,Nypan,Nypan,,,0,0,0,0,0,0,0,0,0,0,0,0,0,,,,0.0,0.0,0.0,0.0,0.0,0,0,0
742,a,,,4.5,503,312.0,0,0.0,0,0.0,0.0,735,308.0,0,0,0.0,753.0,318.0,0,0,0.0,663.0,262.0,0.0,0.0,0.0,1583,2,1360,0,0.5,0.0,0.0,0.0,0.0,0.0,0.0,0.0,0.0,0.0,0.0,752.0,317.0,0.0,745.0,317.0,0.0,732.0,313.0,0.0,752.0,317.0,,,,32,,Ryan,McAidoo,McAidoo,,,0,0,0,0,0,0,0,0,0,0,0,0,0,,,,0.0,0.0,0.0,0.0,0.0,0,0,0
444,a,,,4.1,657,158.0,0,0.0,-4,4.0,1.3,170,67.0,50,0,1.8,369.0,137.0,1,169,1.3,186.0,65.0,0.3,12.2,0.0,226088,141,311120,211,1.3,1.8,1.14,0.4,1.54,24.06,0.06,0.02,0.08,1.35,288.2,212.0,84.0,70.0,316.0,106.0,99.0,260.0,74.0,45.6,285.0,94.0,,,,32,,Leny,Yoro,Yoro,,,1606,0,1,2,30,0,0,0,1,0,0,17,158,,,,0.0,0.11,1.68,0.95,7.62,29,107,65
445,u,0.0,0.0,4.0,721,194.0,0,0.0,0,0.0,0.1,545,194.0,0,0,0.0,623.0,234.0,0,0,0.0,471.0,187.0,0.0,0.0,0.0,1160,0,14536,0,0.0,0.0,0.0,0.0,0.0,0.0,0.0,0.0,0.0,0.0,0.0,613.0,234.0,0.0,605.0,234.0,0.0,576.0,231.0,0.0,615.0,234.0,,,,32,,Harry,Amass,Amass,has joined Norwich City on loan for the rest of the season.,,0,0,0,0,0,0,0,0,0,0,0,0,0,,,,0.0,0.0,0.0,0.0,0.0,0,0,0
446,a,,,3.7,822,264.0,0,0.0,-3,3.0,0.1,419,154.0,1,0,1.0,449.0,161.0,0,4,0.0,352.0,122.0,0.0,0.3,0.0,12760,47,15728,18,0.0,0.5,0.0,0.0,0.0,0.3,0.0,0.0,0.0,13.5,4.0,480.0,172.0,0.0,496.0,182.0,0.0,464.0,176.0,0.4,495.0,175.0,,,,32,,Tyler,Fredricson,Fredricson,,,2,0,0,0,0,0,0,0,0,0,0,0,2,,,,0.0,0.0,0.0,0.0,90.0,0,2,0
481,a,,,3.8,809,252.0,0,0.0,-2,2.0,0.7,224,84.0,1,0,1.0,451.0,162.0,0,-1,0.0,374.0,141.0,0.0,0.3,0.0,80141,51,104834,62,0.0,0.0,0.0,0.0,0.0,0.27,0.0,0.0,0.0,24.3,2.2,491.0,175.0,0.0,512.0,195.0,0.0,480.0,189.0,0.2,503.0,177.0,,,,32,,Alex,Murphy,A.Murphy,,,1,0,0,0,1,0,0,0,0,0,0,0,1,,,,0.0,0.0,90.0,0.0,90.0,0,1,0
482,u,0.0,0.0,3.9,762,220.0,0,0.0,-1,1.0,0.1,466,171.0,0,0,0.0,556.0,202.0,0,0,0.0,396.0,150.0,0.0,0.0,0.0,8541,0,17116,6,0.0,0.0,0.0,0.0,0.0,0.0,0.0,0.0,0.0,0.0,0.0,545.0,201.0,0.0,533.0,201.0,0.0,502.0,196.0,0.0,547.0,201.0,,,,32,,Harrison,Ashby,Ashby,has joined Bradford City on loan for the rest of the season.,,0,0,0,0,0,0,0,0,0,0,0,0,0,,,,0.0,0.0,0.0,0.0,0.0,0,0,0
822,a,,,4.5,476,291.0,0,0.0,0,0.0,0.0,815,362.0,0,0,0.0,733.0,303.0,0,0,0.0,637.0,242.0,0.0,0.0,0.0,111,9,25,2,0.0,0.0,0.0,0.0,0.0,0.0,0.0,0.0,0.0,0.0,0.0,730.0,300.0,0.0,724.0,301.0,0.0,710.0,296.0,0.0,731.0,301.0,,,,32,,Jaydon,Jones,Jones,,,0,0,0,0,0,0,0,0,0,0,0,0,0,,,,0.0,0.0,0.0,0.0,0.0,0,0,0
565,d,50.0,0.0,4.7,380,17.0,0,0.0,-3,3.0,5.2,72,12.0,90,0,2.9,204.0,22.0,6,412,1.7,166.0,16.0,0.4,19.1,0.0,1357994,16,1462228,2543,0.8,0.0,0.0,0.04,0.04,46.21,0.0,0.0,0.0,1.49,709.2,21.0,6.0,10.1,426.0,6.0,0.0,749.0,82.0,72.2,185.0,6.0,,,,32,,Guglielmo,Vicario,Vicario,Hernia - 50% chance of playing,,2790,0,0,7,50,0,0,0,1,0,83,31,97,,,,2.68,0.23,1.61,1.0,0.0,1,35,247
566,a,,,3.9,757,78.0,0,0.0,-1,1.0,0.3,330,46.0,0,0,0.0,553.0,49.0,0,0,0.0,393.0,36.0,0.0,0.0,0.0,21305,7,25308,14,0.0,0.0,0.0,0.0,0.0,0.0,0.0,0.0,0.0,0.0,0.0,542.0,49.0,0.0,530.0,33.0,0.0,499.0,20.0,0.0,544.0,49.0,,,,32,,Brandon,Austin,Austin,,,0,0,0,0,0,0,0,0,0,0,0,0,0,,,,0.0,0.0,0.0,0.0,0.0,0,0,0
567,a,,,3.9,771,85.0,0,0.0,-1,1.0,1.6,156,20.0,0,0,0.0,563.0,56.0,0,0,0.0,403.0,43.0,0.0,0.0,0.0,128046,49,182280,132,0.0,0.0,0.0,0.0,0.0,0.0,0.0,0.0,0.0,0.0,0.0,552.0,56.0,0.0,540.0,40.0,0.0,509.0,27.0,0.0,554.0,56.0,,,,32,,Antonín,Kinský,Kinsky,,,0,0,0,0,0,0,0,0,0,0,0,0,0,,,,0.0,0.0,0.0,0.0,0.0,0,0,0
568,a,100.0,100.0,5.1,233,34.0,0,0.0,-4,4.0,9.4,34,12.0,83,0,3.1,186.0,74.0,4,358,1.0,226.0,82.0,0.2,16.3,0.0,1520551,550,3045657,637,1.0,1.0,0.59,3.17,3.76,32.2,0.02,0.13,0.15,1.34,478.8,94.0,42.0,610.2,19.0,1.0,102.0,256.0,72.0,119.3,66.0,11.0,3.0,2.0,,32,,Pedro,Porro Sauceda,Pedro Porro,,,2163,0,3,7,33,0,0,0,6,0,0,25,192,,,,0.0,0.29,1.37,1.04,6.53,51,106,106
785,a,100.0,100.0,5.4,178,41.0,0,0.0,-1,1.0,0.0,737,90.0,17,5,2.1,325.0,36.0,0,62,3.0,108.0,15.0,0.6,3.1,0.0,5012,32,4116,13,3.0,3.5,0.65,0.36,1.01,6.49,0.12,0.07,0.19,1.22,67.8,397.0,44.0,97.0,279.0,29.0,53.0,331.0,53.0,21.8,375.0,45.0,,,,32,,Pablo Felipe,Pereira de Jesus,Pablo,,,480,0,1,1,7,0,0,0,0,0,0,6,48,,,,0.0,0.19,1.31,1.12,9.0,16,12,20
791,a,,,5.5,141,35.0,0,0.0,0,0.0,0.1,446,64.0,42,11,3.5,130.0,10.0,3,162,4.7,37.0,7.0,0.9,7.6,0.0,34772,621,20312,148,4.7,5.2,3.33,0.61,3.94,12.59,0.32,0.06,0.38,1.2,190.4,287.0,28.0,148.3,220.0,22.0,314.0,82.0,27.0,64.0,216.0,27.0,,,,32,,Valentín,Castellanos,Taty,,,942,4,1,5,13,0,0,0,3,0,0,12,44,,,,0.0,0.48,1.24,1.15,4.2,6,17,21
802,a,,,5.0,280,173.0,0,0.0,0,0.0,0.0,779,337.0,0,0,0.0,800.0,353.0,0,0,0.0,748.0,318.0,0.0,0.0,0.0,478,1,374,0,0.0,0.5,0.0,0.0,0.0,0.0,0.0,0.0,0.0,0.0,0.0,799.0,352.0,0.0,797.0,352.0,0.0,792.0,350.0,0.0,799.0,352.0,,,,32,,Keiber,Lamadrid,Lamadrid,,,0,0,0,0,0,0,0,0,0,0,0,0,0,,,,0.0,0.0,0.0,0.0,0.0,0,0,0
815,a,,,4.5,422,83.0,0,0.0,0,0.0,0.1,447,167.0,27,6,3.4,141.0,53.0,0,112,3.0,98.0,40.0,0.7,6.0,0.0,20582,178,6495,115,3.0,3.5,1.1,0.01,1.11,9.59,0.14,0.0,0.14,1.2,118.0,354.0,135.0,14.5,410.0,149.0,80.0,286.0,83.0,21.3,377.0,132.0,,,,32,,Axel,Disasi,Disasi,,,720,0,0,4,9,1,0,0,0,0,0,8,45,,,,0.0,0.5,1.12,1.0,5.62,6,39,17
825,a,,,4.0,716,64.0,0,0.0,0,0.0,0.0,816,95.0,0,0,0.0,618.0,85.0,0,0,0.0,466.0,74.0,0.0,0.0,0.0,82,7,11,3,0.0,0.5,0.0,0.0,0.0,0.0,0.0,0.0,0.0,0.0,0.0,608.0,85.0,0.0,600.0,73.0,0.0,571.0,60.0,0.0,610.0,85.0,,,,32,,Finlay,Herrick,Herrick,,,0,0,0,0,0,0,0,0,0,0,0,0,0,,,,0.0,0.0,0.0,0.0,0.0,0,0,0
171,u,0.0,0.0,4.9,326,202.0,0,0.0,-1,1.0,0.0,714,293.0,0,0,0.0,782.0,340.0,0,0,0.0,721.0,300.0,0.0,0.0,0.0,197,0,2977,1,0.0,0.0,0.0,0.0,0.0,0.0,0.0,0.0,0.0,0.0,0.0,781.0,339.0,0.0,777.0,339.0,0.0,773.0,337.0,0.0,781.0,339.0,,,,32,,Jeremy,Sarmiento Morante,Sarmiento,has joined Middlesbrough on loan for the rest of the season.,,0,0,0,0,0,0,0,0,0,0,0,0,0,,,,0.0,0.0,0.0,0.0,0.0,0,0,0
2,a,,,4.0,668,43.0,0,0.0,-5,5.0,0.4,291,37.0,0,0,0.0,581.0,66.0,0,0,0.0,424.0,54.0,0.0,0.0,0.0,15153,26,77788,25,0.5,1.0,0.0,0.0,0.0,0.0,0.0,0.0,0.0,0.0,0.0,570.0,66.0,0.0,560.0,52.0,0.0,530.0,39.0,0.0,572.0,66.0,,,,32,,Kepa,Arrizabalaga Revuelta,Arrizabalaga,,,0,0,0,0,0,0,0,0,0,0,0,0,0,,,,0.0,0.0,0.0,0.0,0.0,0,0,0
711,a,,,4.4,573,345.0,0,0.0,-1,1.0,0.0,708,287.0,0,0,0.0,691.0,269.0,0,0,0.0,583.0,203.0,0.0,0.0,0.0,1953,1,1860,5,0.5,1.0,0.0,0.0,0.0,0.0,0.0,0.0,0.0,0.0,0.0,685.0,263.0,0.0,680.0,266.0,0.0,661.0,258.0,0.0,687.0,265.0,,,,32,,Andre,Harriman-Annous,Harriman-Annous,,,0,0,0,0,0,0,0,0,0,0,0,0,0,,,,0.0,0.0,0.0,0.0,0.0,0,0,0
725,a,100.0,50.0,5.1,235,35.0,0,0.0,-4,4.0,0.7,218,83.0,74,0,3.5,127.0,47.0,6,282,2.0,153.0,59.0,0.4,14.5,0.0,543459,26,460992,1657,2.5,1.5,0.33,1.39,1.72,14.19,0.02,0.08,0.1,0.85,383.4,150.0,64.0,168.4,198.0,52.0,57.0,326.0,102.0,60.7,229.0,79.0,,,,32,,Piero,Hincapié,Hincapie,,,1499,1,2,4,16,1,0,0,2,0,0,17,141,,,,0.0,0.24,0.96,1.02,8.47,39,102,55
759,a,,,4.0,732,204.0,0,0.0,0,0.0,0.0,675,237.0,0,0,0.0,633.0,243.0,0,0,0.0,482.0,197.0,0.0,0.0,0.0,1432,2,1303,8,0.5,1.0,0.0,0.0,0.0,0.0,0.0,0.0,0.0,0.0,0.0,623.0,243.0,0.0,615.0,243.0,0.0,586.0,240.0,0.0,625.0,243.0,,,,32,,Marli,Salmon,Salmon,,,0,0,0,0,0,0,0,0,0,0,0,0,0,,,,0.0,0.0,0.0,0.0,0.0,0,0,0
113,a,100.0,100.0,4.6,401,71.0,0,0.0,1,-1.0,1.4,165,65.0,93,3,3.4,144.0,55.0,3,345,3.3,83.0,34.0,0.7,20.2,0.0,348805,103,232783,840,3.3,3.3,2.87,0.83,3.7,35.55,0.11,0.03,0.14,1.34,559.8,57.0,26.0,80.5,304.0,98.0,260.0,104.0,12.0,90.2,127.0,37.0,,,,32,,Sepp,van den Berg,Van den Berg,,,2393,0,2,6,38,0,0,0,1,0,0,26,266,,,,0.0,0.23,1.43,0.98,8.88,15,221,102
114,u,0.0,0.0,3.8,816,258.0,0,0.0,-2,2.0,0.2,385,144.0,0,0,0.0,542.0,200.0,0,0,0.0,380.0,146.0,0.0,0.0,0.0,12981,0,31039,18,0.0,0.0,0.0,0.0,0.0,0.0,0.0,0.0,0.0,0.0,0.0,531.0,199.0,0.0,517.0,199.0,0.0,486.0,194.0,0.0,533.0,199.0,,,,32,,Benjamin,Arthur,Arthur,has joined Celtic on loan for the rest of the season.,,0,0,0,0,0,0,0,0,0,0,0,0,0,,,,0.0,0.0,0.0,0.0,0.0,0,0,0
115,u,0.0,0.0,4.0,731,203.0,0,0.0,0,0.0,0.1,536,191.0,0,0,0.0,632.0,242.0,0,0,0.0,481.0,196.0,0.0,0.0,0.0,2020,0,14441,3,0.0,0.0,0.0,0.0,0.0,0.0,0.0,0.0,0.0,0.0,0.0,622.0,242.0,0.0,614.0,242.0,0.0,585.0,239.0,0.0,624.0,242.0,,,,32,,Benjamin,Fredrick,Fredrick,has joined Dender on loan for the rest of the season.,,0,0,0,0,0,0,0,0,0,0,0,0,0,,,,0.0,0.0,0.0,0.0,0.0,0,0,0
116,d,50.0,25.0,4.0,689,174.0,0,0.0,0,0.0,0.3,298,110.0,33,0,1.8,368.0,136.0,0,94,0.0,443.0,170.0,0.0,8.2,0.0,65982,1,82061,86,0.0,0.0,0.4,0.17,0.57,6.47,0.06,0.03,0.09,0.99,82.6,385.0,145.0,16.2,407.0,147.0,42.0,344.0,113.0,13.9,402.0,145.0,,,,32,,Aaron,Hickey,Hickey,Hamstring injury - 50% chance of playing,,588,0,0,2,8,0,0,0,1,0,0,7,49,,,,0.0,0.31,1.22,1.07,6.43,12,30,33
117,u,0.0,0.0,3.9,783,229.0,0,0.0,-1,1.0,0.1,528,188.0,0,0,0.0,574.0,208.0,0,0,0.0,415.0,157.0,0.0,0.0,0.0,4108,0,15731,2,0.0,0.0,0.0,0.0,0.0,0.0,0.0,0.0,0.0,0.0,0.0,563.0,207.0,0.0,551.0,207.0,0.0,520.0,202.0,0.0,565.0,207.0,,,,32,,Kim,Ji-soo,Ji-soo,has joined Kaiserslautern on loan for the rest of the season.,,0,0,0,0,0,0,0,0,0,0,0,0,0,,,,0.0,0.0,0.0,0.0,0.0,0,0,0
118,u,0.0,0.0,4.0,701,181.0,0,0.0,0,0.0,0.0,612,218.0,0,0,0.0,607.0,224.0,0,0,0.0,453.0,175.0,0.0,0.0,0.0,279,0,11018,2,0.0,0.0,0.0,0.0,0.0,0.0,0.0,0.0,0.0,0.0,0.0,597.0,224.0,0.0,588.0,224.0,0.0,558.0,220.0,0.0,599.0,224.0,,,,32,,Jayden,Meghoma,Meghoma,Has joined Rangers on loan for the rest of the season.,,0,0,0,0,0,0,0,0,0,0,0,0,0,,,,0.0,0.0,0.0,0.0,0.0,0,0,0
120,a,100.0,100.0,7.0,38,23.0,0,0.0,0,0.0,1.8,146,50.0,107,5,3.7,103.0,47.0,5,345,3.3,92.0,34.0,0.5,15.3,0.0,919245,462,748157,1567,3.3,3.3,10.48,1.87,12.35,31.03,0.41,0.07,0.48,1.22,479.6,92.0,31.0,341.9,82.0,62.0,704.0,15.0,7.0,152.1,30.0,24.0,,,3.0,32,,Kevin,Schade,Schade,,,2296,7,5,9,28,0,0,1,6,1,0,27,166,,,,0.0,0.35,1.1,1.06,6.51,37,49,80
121,a,100.0,100.0,5.6,128,79.0,0,0.0,-4,4.0,0.9,202,69.0,88,1,3.3,164.0,67.0,6,368,1.0,235.0,102.0,0.2,15.7,0.0,187424,105,201798,879,1.0,1.0,1.87,4.13,6.0,24.11,0.1,0.23,0.33,1.35,425.2,125.0,41.0,539.9,32.0,29.0,254.0,105.0,65.0,122.1,58.0,38.0,,3.0,,32,,Mikkel,Damsgaard,Damsgaard,,,1611,3,4,3,27,0,0,0,0,0,0,19,184,,,,0.0,0.17,1.51,1.06,10.28,46,34,104
122,i,0.0,0.0,5.2,213,132.0,0,0.0,-3,3.0,0.0,656,260.0,1,0,1.0,502.0,233.0,0,5,0.0,765.0,331.0,0.0,0.2,0.0,2079,0,6994,2,0.0,0.0,0.0,0.01,0.01,1.49,0.0,0.02,0.02,2.98,4.0,482.0,220.0,1.8,461.0,222.0,0.0,797.0,352.0,0.6,492.0,225.0,,,,32,,Antoni,Milambo,Milambo,Knee injury - Expected back 01 Jun,,45,0,0,0,3,0,0,0,0,0,0,1,4,,,,0.0,0.0,6.0,2.0,8.0,2,0,2
123,i,0.0,0.0,4.6,400,247.0,0,0.0,-4,4.0,0.1,476,165.0,13,0,2.2,312.0,135.0,1,42,0.0,677.0,273.0,0.0,2.8,0.0,27291,2,51584,5,0.0,0.0,0.7,0.03,0.73,2.08,0.63,0.03,0.66,1.87,39.0,427.0,187.0,6.5,440.0,214.0,36.0,355.0,184.0,8.1,430.0,193.0,,,4.0,32,,Fábio,Freitas Gouveia Carvalho,Carvalho,Knee injury - Expected back 01 Jun,,100,1,0,0,4,0,0,0,0,0,0,1,8,,,,0.0,0.0,3.6,0.9,7.2,3,0,5
797,a,,,4.5,491,69.0,0,0.0,0,0.0,0.0,698,88.0,0,0,0.0,744.0,79.0,0,0,0.0,652.0,65.0,0.0,0.0,0.0,2144,7,1302,10,0.0,0.0,0.0,0.0,0.0,0.0,0.0,0.0,0.0,0.0,0.0,742.0,79.0,0.0,735.0,78.0,0.0,722.0,78.0,0.0,742.0,79.0,,,,32,,Kaye,Furo,Furo,,,0,0,0,0,0,0,0,0,0,0,0,0,0,,,,0.0,0.0,0.0,0.0,0.0,0,0,0
288,a,100.0,100.0,4.3,588,28.0,0,0.0,-2,2.0,0.1,456,68.0,0,0,0.0,651.0,90.0,0,0,0.0,518.0,81.0,0.0,0.0,0.0,4799,9,12394,13,-0.5,0.0,0.0,0.0,0.0,0.0,0.0,0.0,0.0,0.0,0.0,641.0,90.0,0.0,636.0,81.0,0.0,611.0,70.0,0.0,643.0,90.0,,,,32,,Mark,Travers,Travers,,,0,0,0,0,0,0,0,0,0,0,0,0,0,,,,0.0,0.0,0.0,0.0,0.0,0,0,0
289,u,0.0,0.0,3.9,763,80.0,0,0.0,-1,1.0,0.1,502,74.0,0,0,0.0,557.0,51.0,0,0,0.0,397.0,38.0,0.0,0.0,0.0,4633,0,10389,5,0.0,0.0,0.0,0.0,0.0,0.0,0.0,0.0,0.0,0.0,0.0,546.0,51.0,0.0,534.0,35.0,0.0,503.0,22.0,0.0,548.0,51.0,,,,32,,Harry,Tyrer,Tyrer,has joined Cardiff City permanently.,,0,0,0,0,0,0,0,0,0,0,0,0,0,,,,0.0,0.0,0.0,0.0,0.0,0,0,0
290,a,100.0,100.0,5.3,196,24.0,0,0.0,-2,2.0,0.5,266,100.0,28,3,3.1,188.0,75.0,0,95,1.3,195.0,70.0,0.2,5.3,0.0,68184,294,92235,311,0.8,1.3,0.34,0.09,0.43,7.82,0.05,0.01,0.06,1.19,153.8,318.0,120.0,32.4,380.0,136.0,75.0,296.0,88.0,26.2,357.0,122.0,,,,32,,Jarrad,Branthwaite,Branthwaite,,,592,1,1,1,8,0,0,0,1,0,0,6,56,,,,0.0,0.15,1.22,0.91,8.51,9,47,23
291,a,100.0,100.0,5.7,111,8.0,0,0.0,2,-2.0,11.9,29,10.0,145,3,4.7,22.0,7.0,9,522,3.0,111.0,46.0,0.5,25.4,0.0,2692296,7965,2028482,5797,2.5,3.0,2.08,1.32,3.4,44.53,0.07,0.04,0.11,1.44,798.2,9.0,4.0,186.5,189.0,50.0,289.0,95.0,9.0,127.7,51.0,5.0,,,,32,,James,Tarkowski,Tarkowski,,,2790,1,1,11,35,0,0,0,5,0,0,31,350,,,,0.0,0.35,1.13,1.0,10.45,40,284,75
292,a,100.0,100.0,4.9,311,50.0,0,0.0,-1,1.0,0.6,237,88.0,87,3,3.2,173.0,67.0,2,327,3.7,69.0,31.0,0.8,17.8,0.0,155880,141,182387,289,3.2,3.7,0.28,2.31,2.59,39.4,0.01,0.09,0.1,1.47,461.6,105.0,48.0,340.7,85.0,20.0,65.0,307.0,94.0,86.6,140.0,44.0,,,,32,,Vitalii,Mykolenko,Mykolenko,,,2419,0,1,9,34,1,0,0,5,0,0,27,212,,,,0.0,0.33,1.26,1.0,7.07,37,153,93
306,a,,,4.3,613,359.0,0,0.0,-2,2.0,0.1,493,175.0,0,0,0.0,660.0,250.0,0,0,0.0,535.0,176.0,0.0,0.0,0.0,15138,19,15748,17,-0.5,0.0,0.0,0.0,0.0,0.0,0.0,0.0,0.0,0.0,0.0,650.0,240.0,0.0,646.0,245.0,0.0,623.0,234.0,0.0,652.0,242.0,,,,32,,Callum,Bates,Bates,,,0,0,0,0,0,0,0,0,0,0,0,0,0,,,,0.0,0.0,0.0,0.0,0.0,0,0,0
350,a,,,5.4,168,105.0,0,0.0,-1,1.0,0.8,208,73.0,109,0,3.6,112.0,51.0,5,368,1.3,197.0,84.0,0.2,20.2,0.0,245405,5479,167800,242,3.1,0.8,4.12,3.01,7.13,28.92,0.19,0.14,0.33,1.32,393.6,142.0,48.0,381.5,68.0,54.0,441.0,42.0,24.0,121.5,60.0,39.0,,,,32,,Brenden,Aaronson,Aaronson,,,1975,4,6,8,27,0,0,0,1,0,0,24,177,,,,0.0,0.36,1.23,1.09,8.07,45,25,107
660,i,0.0,0.0,4.8,364,227.0,0,0.0,-2,2.0,2.3,129,43.0,122,0,4.7,20.0,9.0,11,498,2.7,118.0,41.0,0.6,25.4,0.0,1166112,69,932920,7283,0.0,0.0,2.5,4.29,6.79,30.23,0.11,0.18,0.29,1.27,587.2,50.0,13.0,847.6,4.0,4.0,286.0,97.0,60.0,172.3,20.0,16.0,1.0,1.0,,32,,Anton,Stach,Stach,Ankle injury - Expected back 01 May,,2135,4,6,6,34,0,0,0,3,0,0,25,245,,,,0.0,0.25,1.43,1.05,10.33,57,76,112
665,a,100.0,100.0,4.4,528,26.0,0,0.0,-1,1.0,0.3,341,47.0,43,0,2.7,236.0,26.0,3,153,0.0,550.0,85.0,0.0,9.8,0.0,46826,552,65778,80,0.5,-0.5,0.0,0.0,0.0,26.68,0.0,0.0,0.0,1.67,322.4,192.0,20.0,0.0,657.0,84.0,0.0,635.0,74.0,32.2,334.0,20.0,,,,32,,Lucas Estella,Perri,Perri,,,1440,0,0,3,29,0,0,0,2,0,38,16,39,,,,2.38,0.19,1.81,1.0,0.0,0,16,100
691,a,100.0,100.0,5.6,123,34.0,0,0.0,1,-1.0,9.7,33,7.0,110,0,3.9,73.0,6.0,16,356,0.7,270.0,34.0,0.1,19.6,0.0,3238248,19595,2080934,2515,1.9,0.2,11.35,0.98,12.32,25.76,0.48,0.04,0.52,1.1,455.8,110.0,9.0,250.0,143.0,10.0,796.0,6.0,5.0,149.2,33.0,7.0,,,1.0,32,,Dominic,Calvert-Lewin,Calvert-Lewin,,,2113,10,2,6,28,0,0,1,1,0,0,23,79,,,,0.0,0.26,1.19,0.98,3.36,10,33,36
698,d,75.0,75.0,5.5,143,89.0,0,0.0,0,0.0,0.1,507,184.0,68,0,2.8,228.0,89.0,3,232,0.3,340.0,160.0,0.1,12.4,0.0,64059,96,58777,27,0.8,-0.2,4.22,0.98,5.2,22.5,0.3,0.07,0.37,1.57,257.6,239.0,101.0,200.1,178.0,117.0,329.0,77.0,45.0,78.7,157.0,82.0,,,,32,,Noah,Okafor,Okafor,Back injury - 75% chance of playing,,1287,4,2,4,24,0,0,0,3,0,0,15,87,,,,0.0,0.28,1.68,1.05,6.08,20,21,46
706,a,100.0,100.0,3.9,758,217.0,0,0.0,-1,1.0,1.3,172,68.0,61,0,2.8,215.0,85.0,6,215,4.0,52.0,22.0,1.0,15.6,0.0,222652,2656,77422,156,8.5,3.5,1.02,0.96,1.98,22.17,0.07,0.07,0.14,1.58,291.4,209.0,81.0,150.6,215.0,54.0,145.0,205.0,49.0,58.8,233.0,81.0,3.0,,,32,,James,Justin,Justin,,,1263,1,1,4,18,0,0,0,2,0,0,14,122,,,,0.0,0.29,1.28,1.0,8.19,30,85,50
741,u,0.0,0.0,4.5,494,70.0,0,0.0,0,0.0,0.1,523,72.0,0,0,0.0,746.0,80.0,0,0,0.0,655.0,66.0,0.0,0.0,0.0,27606,0,24528,7,0.0,0.0,0.0,0.0,0.0,0.0,0.0,0.0,0.0,0.0,0.0,744.0,80.0,0.0,737.0,79.0,0.0,724.0,79.0,0.0,744.0,80.0,,,,32,,Harry,Gray,Gray,has joined Rotherham United on loan for the rest of the season.,,0,0,0,0,0,0,0,0,0,0,0,0,0,,,,0.0,0.0,0.0,0.0,0.0,0,0,0
787,a,,,4.4,561,337.0,0,0.0,-1,1.0,0.0,734,307.0,0,0,0.0,685.0,266.0,0,0,0.0,572.0,196.0,0.0,0.0,0.0,2310,10,1252,3,0.5,-0.5,0.0,0.0,0.0,0.0,0.0,0.0,0.0,0.0,0.0,677.0,258.0,0.0,673.0,262.0,0.0,653.0,253.0,0.0,679.0,260.0,,,,32,,Sam,Chambers,Chambers,,,0,0,0,0,0,0,0,0,0,0,0,0,0,,,,0.0,0.0,0.0,0.0,0.0,0,0,0
366,i,0.0,0.0,5.4,156,4.0,0,0.0,-1,1.0,5.8,66,10.0,89,0,3.6,111.0,15.0,8,382,1.3,196.0,19.0,0.2,16.5,0.0,690886,13,1424070,4286,0.0,0.0,0.0,0.03,0.03,28.02,0.0,0.0,0.0,1.12,468.4,97.0,16.0,0.1,491.0,16.0,0.0,800.0,93.0,46.7,279.0,17.0,,,,32,,Alisson,Becker,A.Becker,Muscle injury - Unknown return date,,2250,0,0,8,30,0,0,0,1,0,56,25,63,,,,2.24,0.32,1.2,1.0,0.0,0,37,221
367,a,,,4.1,656,37.0,0,0.0,-4,4.0,0.7,232,30.0,30,9,4.3,42.0,3.0,2,114,3.7,63.0,8.0,0.9,7.3,0.0,175826,576,175654,148,4.2,4.2,0.0,0.0,0.0,10.34,0.0,0.0,0.0,1.48,199.8,278.0,24.0,0.0,623.0,76.0,0.0,595.0,63.0,19.9,382.0,24.0,,,,32,,Giorgi,Mamardashvili,Mamardashvili,,,630,0,0,2,12,0,1,0,0,0,25,7,45,,,,3.57,0.29,1.71,1.0,0.0,0,9,55
368,a,,,3.8,814,95.0,0,0.0,-2,2.0,0.9,201,25.0,0,0,0.0,540.0,38.0,0,0,0.0,378.0,25.0,0.0,0.0,0.0,159743,149,67293,319,0.5,0.5,0.0,0.0,0.0,0.0,0.0,0.0,0.0,0.0,0.0,529.0,38.0,0.0,515.0,20.0,0.0,484.0,7.0,0.0,531.0,38.0,,,,32,,Ármin,Pécsi,Pécsi,,,0,0,0,0,0,0,0,0,0,0,0,0,0,,,,0.0,0.0,0.0,0.0,0.0,0,0,0
369,a,,,3.9,752,75.0,0,0.0,-1,1.0,0.2,397,56.0,0,0,0.0,550.0,46.0,0,0,0.0,389.0,33.0,0.0,0.0,0.0,22579,5,18227,13,0.5,0.5,0.0,0.0,0.0,0.0,0.0,0.0,0.0,0.0,0.0,539.0,46.0,0.0,527.0,30.0,0.0,496.0,17.0,0.0,541.0,46.0,,,,32,,Freddie,Woodman,Woodman,,,0,0,0,0,0,0,0,0,0,0,0,0,0,,,,0.0,0.0,0.0,0.0,0.0,0,0,0
498,u,0.0,0.0,4.5,438,262.0,0,0.0,0,0.0,0.0,774,333.0,0,0,0.0,709.0,281.0,0,0,0.0,607.0,216.0,0.0,0.0,0.0,117,0,1259,0,0.0,0.0,0.0,0.0,0.0,0.0,0.0,0.0,0.0,0.0,0.0,703.0,275.0,0.0,699.0,278.0,0.0,682.0,271.0,0.0,705.0,277.0,,,,32,,Joe,White,White,has joined Bradford City on loan for the rest of the season.,,0,0,0,0,0,0,0,0,0,0,0,0,0,,,,0.0,0.0,0.0,0.0,0.0,0,0,0
225,i,0.0,0.0,5.6,127,12.0,0,0.0,1,-1.0,6.8,59,20.0,113,0,4.2,50.0,19.0,11,479,0.7,272.0,93.0,0.1,20.2,0.0,2188187,33,2134432,8671,0.0,0.0,1.02,3.15,4.17,28.24,0.05,0.15,0.2,1.34,446.4,114.0,51.0,480.8,37.0,3.0,109.0,247.0,66.0,103.8,90.0,21.0,1.0,1.0,,32,,Reece,James,James,Hamstring injury - Unknown return date,,1892,2,6,8,20,0,0,0,4,0,0,20,163,,,,0.0,0.38,0.95,0.95,5.9,47,77,95
226,i,0.0,0.0,5.4,159,18.0,0,0.0,4,-4.0,11.4,31,11.0,131,0,4.5,32.0,13.0,7,493,0.7,267.0,92.0,0.1,24.3,0.0,4818401,44,3771393,26484,0.0,0.0,1.3,1.01,2.31,36.15,0.05,0.04,0.09,1.28,673.4,33.0,10.0,96.3,280.0,86.0,154.0,192.0,45.0,92.3,120.0,35.0,,,,32,,Trevoh,Chalobah,Chalobah,Ankle injury - Expected back 04 May,,2550,3,1,9,34,0,0,0,3,1,0,29,281,,,,0.0,0.32,1.2,1.02,8.79,35,214,108
227,i,0.0,0.0,4.7,389,66.0,0,0.0,-3,3.0,0.1,478,174.0,0,0,0.0,767.0,262.0,0,0,0.0,685.0,248.0,0.0,0.0,0.0,1295,4,30775,2,0.0,0.0,0.0,0.0,0.0,0.0,0.0,0.0,0.0,0.0,0.0,766.0,262.0,0.0,761.0,262.0,0.0,752.0,262.0,0.0,766.0,262.0,,,,32,,Levi,Samuels Colwill,Colwill,Anterior cruciate ligament - Expected back 24 May,,0,0,0,0,0,0,0,0,0,0,0,0,0,,,,0.0,0.0,0.0,0.0,0.0,0,0,0
228,a,100.0,100.0,4.9,331,54.0,0,0.0,-1,1.0,2.0,138,55.0,91,0,3.2,174.0,68.0,7,367,0.7,258.0,91.0,0.1,18.6,0.0,521950,3777,509306,297,1.9,0.7,1.46,1.88,3.34,28.2,0.08,0.1,0.18,1.46,359.2,164.0,68.0,310.3,104.0,24.0,170.0,179.0,42.0,84.0,144.0,47.0,,,,32,,Malo,Gusto,Gusto,,,1734,2,3,7,23,0,0,0,2,1,0,20,127,,,,0.0,0.36,1.19,1.04,5.03,42,55,99
229,a,100.0,100.0,4.4,537,113.0,0,0.0,-1,1.0,0.0,644,230.0,7,0,0.9,508.0,175.0,0,48,0.0,554.0,232.0,0.0,1.6,0.0,9009,10,9620,16,0.5,0.0,0.0,0.06,0.06,7.41,0.0,0.01,0.01,1.42,102.8,365.0,140.0,7.9,437.0,156.0,2.0,448.0,168.0,11.4,420.0,150.0,,,,32,,Benoît,Badiashile Mukinayi,B.Badiashile,,,470,0,0,0,10,0,0,0,2,0,0,6,51,,,,0.0,0.0,1.91,1.15,9.19,7,41,16
743,a,,,4.5,500,310.0,0,0.0,0,0.0,0.0,729,303.0,0,0,0.0,750.0,316.0,0,0,0.0,660.0,260.0,0.0,0.0,0.0,1551,2,1425,2,0.5,0.0,0.0,0.0,0.0,0.0,0.0,0.0,0.0,0.0,0.0,749.0,315.0,0.0,742.0,315.0,0.0,729.0,311.0,0.0,749.0,315.0,,,,32,,Landon,Emenalo,Emenalo,,,0,0,0,0,0,0,0,0,0,0,0,0,0,,,,0.0,0.0,0.0,0.0,0.0,0,0,0
479,i,0.0,0.0,4.3,578,123.0,0,0.0,-2,2.0,0.0,626,223.0,0,0,0.0,649.0,252.0,0,-8,0.0,512.0,218.0,0.0,0.0,0.0,1619,1,5259,4,0.0,0.0,0.0,0.0,0.0,0.25,0.0,0.0,0.0,0.5,1.4,496.0,177.0,1.2,469.0,171.0,0.0,609.0,251.0,0.3,499.0,176.0,,,,32,,Emil,Krafth,Krafth,Knee injury - Unknown return date,,45,0,0,0,2,0,0,0,0,0,0,1,1,,,,0.0,0.0,4.0,2.0,2.0,0,1,0
501,a,,,4.3,620,87.0,0,0.0,-2,2.0,0.3,350,56.0,0,0,0.0,664.0,67.0,0,0,0.0,540.0,53.0,0.0,0.0,0.0,26378,27,37002,26,0.0,0.0,0.0,0.0,0.0,0.0,0.0,0.0,0.0,0.0,0.0,654.0,67.0,0.0,650.0,66.0,0.0,627.0,66.0,0.0,656.0,67.0,,,,32,,Sean,Neave,Neave,,,0,0,0,0,0,0,0,0,0,0,0,0,0,,,,0.0,0.0,0.0,0.0,0.0,0,0,0
777,u,0.0,0.0,4.5,454,272.0,0,0.0,0,0.0,0.0,806,358.0,0,0,0.0,717.0,289.0,0,0,0.0,618.0,225.0,0.0,0.0,0.0,415,0,354,0,0.0,0.0,0.0,0.0,0.0,0.0,0.0,0.0,0.0,0.0,0.0,712.0,284.0,0.0,707.0,286.0,0.0,691.0,279.0,0.0,713.0,285.0,,,,32,,Temple,Ojinnaka,Ojinnaka,has joined Shrewsbury Town on loan for the rest of the season.,,0,0,0,0,0,0,0,0,0,0,0,0,0,,,,0.0,0.0,0.0,0.0,0.0,0,0,0
778,a,,,4.5,488,300.0,0,0.0,0,0.0,0.0,756,322.0,0,0,0.0,741.0,309.0,0,0,0.0,649.0,251.0,0.0,0.0,0.0,1396,4,879,5,-0.5,-0.5,0.0,0.0,0.0,0.0,0.0,0.0,0.0,0.0,0.0,739.0,307.0,0.0,732.0,307.0,0.0,719.0,303.0,0.0,739.0,307.0,,,,32,,Ethan,Sutherland,Sutherland,,,0,0,0,0,0,0,0,0,0,0,0,0,0,,,,0.0,0.0,0.0,0.0,0.0,0,0,0
809,a,,,4.5,517,322.0,0,0.0,0,0.0,0.0,749,317.0,0,0,0.0,763.0,326.0,0,0,0.0,675.0,271.0,0.0,0.0,0.0,1427,19,603,5,-0.5,-0.5,0.0,0.0,0.0,0.0,0.0,0.0,0.0,0.0,0.0,762.0,325.0,0.0,755.0,325.0,0.0,743.0,322.0,0.0,762.0,325.0,,,,32,,Jerome,Abbey,Abbey,,,0,0,0,0,0,0,0,0,0,0,0,0,0,,,,0.0,0.0,0.0,0.0,0.0,0,0,0
816,a,100.0,100.0,4.7,383,239.0,0,0.0,-3,3.0,0.0,722,299.0,11,2,1.4,421.0,185.0,0,60,1.0,217.0,93.0,0.2,2.3,0.0,4578,16,3160,16,0.5,0.5,0.21,0.24,0.45,9.74,0.06,0.06,0.12,2.56,41.2,425.0,186.0,66.1,322.0,180.0,19.0,391.0,196.0,12.6,412.0,187.0,,,,32,,Angel,Gomes,Angel,,,342,0,0,1,5,0,0,0,1,0,0,5,25,,,,0.0,0.26,1.32,1.32,6.58,8,4,13
