id,status,chance_of_playing_next_round,chance_of_playing_this_round,now_cost,now_cost_rank,now_cost_rank_type,cost_change_event,cost_change_event_fall,cost_change_start,cost_change_start_fall,selected_by_percent,selected_rank,selected_rank_type,total_points,event_points,points_per_game,points_per_game_rank,points_per_game_rank_type,bonus,bps,form,form_rank,form_rank_type,value_form,value_season,dreamteam_count,transfers_in,transfers_in_event,transfers_out,transfers_out_event,ep_next,ep_this,expected_goals,expected_assists,expected_goal_involvements,expected_goals_conceded,expected_goals_per_90,expected_assists_per_90,expected_goal_involvements_per_90,expected_goals_conceded_per_90,influence,influence_rank,influence_rank_type,creativity,creativity_rank,creativity_rank_type,threat,threat_rank,threat_rank_type,ict_index,ict_index_rank,ict_index_rank_type,corners_and_indirect_freekicks_order,direct_freekicks_order,penalties_order,gw,set_piece_threat,first_name,second_name,web_name,news,news_added,minutes,goals_scored,assists,clean_sheets,goals_conceded,own_goals,penalties_saved,penalties_missed,yellow_cards,red_cards,saves,starts,defensive_contribution,corners_and_indirect_freekicks_text,direct_freekicks_text,penalties_text,saves_per_90,clean_sheets_per_90,goals_conceded_per_90,starts_per_90,defensive_contribution_per_90,tackles,clearances_blocks_interceptions,recoveries
209,a,100.0,100.0,4.8,348,218.0,0,0.0,-2,2.0,0.0,621,240.0,51,1,1.8,375.0,159.0,1,221,0.0,701.0,284.0,0.0,10.6,0.0,6226,0,7097,7,0.0,-1.5,0.85,0.45,1.3,35.68,0.05,0.03,0.08,2.03,280.0,227.0,96.0,170.4,204.0,133.0,104.0,263.0,142.0,54.7,257.0,127.0,,,,33,,Josh,Laurent,Laurent,,,1583,1,0,2,38,0,0,0,6,1,0,16,167,,,,0.0,0.11,2.16,0.91,9.49,42,69,56
512,u,0.0,0.0,4.5,422,83.0,0,0.0,0,0.0,0.0,691,243.0,0,0,0.0,699.0,258.0,0,0,0.0,603.0,240.0,0.0,0.0,0.0,345,0,4134,1,0.0,0.0,0.0,0.0,0.0,0.0,0.0,0.0,0.0,0.0,0.0,693.0,258.0,0.0,688.0,258.0,0.0,669.0,257.0,0.0,695.0,258.0,,,,33,,Omar,Richards,O.Richards,has joined Rio Ave on loan for the rest of the season.,,0,0,0,0,0,0,0,0,0,0,0,0,0,,,,0.0,0.0,0.0,0.0,0.0,0,0,0
535,a,100.0,100.0,4.0,685,172.0,0,0.0,0,0.0,0.0,593,211.0,14,0,2.0,338.0,123.0,0,44,0.0,445.0,166.0,0.0,3.5,0.0,7594,18,7283,16,0.0,0.0,0.08,0.02,0.09,6.04,0.02,0.01,0.03,1.81,58.2,413.0,155.0,8.9,437.0,155.0,8.0,422.0,159.0,7.1,439.0,158.0,,,,33,,Dennis,Cirkin,Cirkin,,,301,0,0,1,2,0,0,0,1,0,0,3,26,,,,0.0,0.3,0.6,0.9,7.77,8,18,8
713,a,,,4.5,467,94.0,0,0.0,0,0.0,0.3,343,123.0,68,2,2.3,300.0,111.0,2,270,1.3,204.0,72.0,0.3,15.1,0.0,65678,89,35330,624,0.0,2.6,1.07,1.58,2.65,39.39,0.05,0.07,0.12,1.66,377.8,166.0,71.0,247.1,153.0,39.0,172.0,183.0,42.0,79.7,168.0,56.0,,,,33,,Álex,Jiménez Sánchez,A.Jimenez,,,2135,1,2,5,37,0,0,0,9,0,0,24,153,,,,0.0,0.21,1.56,1.01,5.82,62,76,123
756,a,,,4.5,517,322.0,0,0.0,0,0.0,0.0,744,314.0,0,0,0.0,764.0,326.0,0,0,0.0,687.0,275.0,0.0,0.0,0.0,1921,9,1308,13,0.0,0.0,0.0,0.0,0.0,0.0,0.0,0.0,0.0,0.0,0.0,763.0,325.0,0.0,756.0,325.0,0.0,744.0,322.0,0.0,763.0,325.0,,,,33,,Malcom,DaCosta,DaCosta,,,0,0,0,0,0,0,0,0,0,0,0,0,0,,,,0.0,0.0,0.0,0.0,0.0,0,0,0
806,a,,,4.0,681,49.0,0,0.0,0,0.0,0.0,758,88.0,0,0,0.0,591.0,71.0,0,0,0.0,441.0,62.0,0.0,0.0,0.0,758,4,430,6,0.0,0.0,0.0,0.0,0.0,0.0,0.0,0.0,0.0,0.0,0.0,581.0,71.0,0.0,572.0,58.0,0.0,541.0,45.0,0.0,583.0,71.0,,,,33,,Christos,Mandas,Mandas,,,0,0,0,0,0,0,0,0,0,0,0,0,0,,,,0.0,0.0,0.0,0.0,0.0,0,0,0
807,a,,,5.5,149,94.0,0,0.0,0,0.0,1.8,148,51.0,39,5,3.9,73.0,33.0,2,149,2.3,136.0,55.0,0.4,7.1,0.0,436393,221,198480,6468,0.0,4.6,1.33,1.55,2.88,14.86,0.16,0.18,0.34,1.74,158.6,324.0,147.0,173.4,199.0,130.0,135.0,225.0,124.0,46.7,285.0,144.0,,,,33,,Rayan Vitor,Simplício Rocha,Rayan,,,769,2,2,3,7,0,0,0,1,0,0,9,50,,,,0.0,0.35,0.82,1.05,5.85,8,13,29
738,a,100.0,100.0,4.5,408,21.0,0,0.0,0,0.0,0.0,634,80.0,0,0,0.0,693.0,93.0,0,0,0.0,596.0,88.0,0.0,0.0,0.0,6217,87,5965,11,0.0,0.0,0.0,0.0,0.0,0.0,0.0,0.0,0.0,0.0,0.0,687.0,93.0,0.0,682.0,86.0,0.0,663.0,76.0,0.0,689.0,93.0,,,,33,,Lukasz,Fabianski,Fabianski,,,0,0,0,0,0,0,0,0,0,0,0,0,0,,,,0.0,0.0,0.0,0.0,0.0,0,0,0
637,a,100.0,100.0,4.2,641,149.0,0,0.0,-3,3.0,0.1,517,186.0,31,3,2.1,321.0,117.0,0,108,1.5,190.0,70.0,0.4,7.4,0.0,7891,41,20056,11,1.0,1.0,0.22,0.21,0.43,21.81,0.02,0.02,0.04,1.74,271.6,236.0,93.0,78.5,312.0,102.0,36.0,355.0,117.0,38.7,316.0,107.0,,,,33,,Toti,Gomes,Toti,,,1129,0,0,1,28,0,0,0,1,1,0,14,136,,,,0.0,0.08,2.23,1.12,9.09,18,96,43
816,d,75.0,100.0,4.7,384,239.0,0,0.0,-3,3.0,0.0,724,300.0,12,1,1.3,434.0,192.0,0,62,1.5,192.0,83.0,0.3,2.6,0.0,4767,9,3413,36,0.8,1.0,0.21,0.24,0.45,11.49,0.05,0.06,0.11,2.73,42.4,426.0,185.0,66.9,326.0,178.0,23.0,383.0,193.0,13.2,409.0,186.0,,,,33,,Angel,Gomes,Angel,Foot injury - 75% chance of playing,,379,0,0,1,7,0,0,0,1,0,0,6,27,,,,0.0,0.24,1.66,1.42,6.41,8,5,14
817,a,,,5.2,203,46.0,0,0.0,-3,3.0,0.1,555,77.0,24,2,2.7,236.0,24.0,0,90,2.0,156.0,23.0,0.4,4.6,0.0,20030,306,13302,115,1.5,1.5,0.97,0.68,1.65,17.7,0.12,0.08,0.2,2.19,92.0,381.0,41.0,70.1,321.0,37.0,78.0,295.0,51.0,23.9,370.0,46.0,,,,33,,Adam,Armstrong,Armstrong,,,727,1,2,3,13,0,0,0,3,0,0,9,25,,,,0.0,0.37,1.61,1.11,3.09,3,11,11
15,a,,,3.7,823,263.0,0,0.0,-3,3.0,0.2,356,130.0,0,0,0.0,526.0,184.0,0,0,0.0,360.0,119.0,0.0,0.0,0.0,32781,49,32989,130,1.0,0.5,0.0,0.0,0.0,0.0,0.0,0.0,0.0,0.0,0.0,516.0,183.0,0.0,496.0,181.0,0.0,463.0,175.0,0.0,518.0,183.0,,,,33,,Josh,Nichols,Nichols,,,0,0,0,0,0,0,0,0,0,0,0,0,0,,,,0.0,0.0,0.0,0.0,0.0,0,0,0
28,u,0.0,0.0,4.5,488,300.0,0,0.0,0,0.0,0.1,494,175.0,0,0,0.0,742.0,309.0,0,0,0.0,660.0,254.0,0.0,0.0,0.0,6731,0,30319,4,0.0,0.0,0.0,0.0,0.0,0.0,0.0,0.0,0.0,0.0,0.0,740.0,307.0,0.0,733.0,307.0,0.0,720.0,303.0,0.0,740.0,307.0,,,,33,,Ismeal,Kabia,Kabia,has joined Shrewsbury Town on loan for the rest of the season.,,0,0,0,0,0,0,0,0,0,0,0,0,0,,,,0.0,0.0,0.0,0.0,0.0,0,0,0
29,u,0.0,0.0,4.5,432,256.0,0,0.0,0,0.0,0.0,590,222.0,0,0,0.0,703.0,275.0,0,0,0.0,610.0,213.0,0.0,0.0,0.0,2952,0,14127,6,0.0,0.0,0.0,0.0,0.0,0.0,0.0,0.0,0.0,0.0,0.0,697.0,269.0,0.0,693.0,272.0,0.0,676.0,265.0,0.0,699.0,271.0,,,,33,,Albert,Sambi Lokonga,Sambi,has joined Hamburger permanently.,,0,0,0,0,0,0,0,0,0,0,0,0,0,,,,0.0,0.0,0.0,0.0,0.0,0,0,0
781,a,,,4.0,736,206.0,0,0.0,0,0.0,0.0,704,248.0,0,0,0.0,635.0,244.0,0,0,0.0,494.0,199.0,0.0,0.0,0.0,856,9,583,8,0.0,0.0,0.0,0.0,0.0,0.0,0.0,0.0,0.0,0.0,0.0,626.0,244.0,0.0,618.0,244.0,0.0,588.0,241.0,0.0,628.0,244.0,,,,33,,TJ,Carroll,Carroll,,,0,0,0,0,0,0,0,0,0,0,0,0,0,,,,0.0,0.0,0.0,0.0,0.0,0,0,0
106,a,,,4.9,319,52.0,0,0.0,-1,1.0,2.7,118,46.0,114,6,3.8,82.0,29.0,7,393,5.0,33.0,13.0,1.0,23.3,0.0,710196,2893,569541,1230,4.5,5.0,2.14,1.32,3.46,37.59,0.08,0.05,0.13,1.34,732.2,21.0,8.0,119.3,254.0,68.0,304.0,93.0,10.0,115.7,80.0,17.0,,,,33,,Nathan,Collins,Collins,,,2521,1,2,8,36,1,0,0,5,0,0,27,304,,,,0.0,0.29,1.29,0.96,9.71,26,246,115
138,a,,,4.2,625,28.0,0,0.0,-3,3.0,0.2,359,50.0,0,0,0.0,643.0,89.0,0,0,0.0,507.0,80.0,0.0,0.0,0.0,11573,45,40778,44,0.0,-0.5,0.0,0.0,0.0,0.0,0.0,0.0,0.0,0.0,0.0,634.0,89.0,0.0,627.0,78.0,0.0,598.0,65.0,0.0,636.0,89.0,,,,33,,Jason,Steele,Steele,,,0,0,0,0,0,0,0,0,0,0,0,0,0,,,,0.0,0.0,0.0,0.0,0.0,0,0,0
323,a,,,3.8,817,257.0,0,0.0,-2,2.0,0.1,426,158.0,0,0,0.0,544.0,199.0,0,0,0.0,387.0,142.0,0.0,0.0,0.0,9811,15,17809,27,0.0,0.0,0.0,0.0,0.0,0.0,0.0,0.0,0.0,0.0,0.0,534.0,198.0,0.0,517.0,198.0,0.0,485.0,193.0,0.0,536.0,198.0,,,,33,,Samuel,Amissah,Amissah,,,0,0,0,0,0,0,0,0,0,0,0,0,0,,,,0.0,0.0,0.0,0.0,0.0,0,0,0
346,a,,,3.7,819,259.0,0,0.0,-3,3.0,0.3,318,115.0,1,0,1.0,450.0,160.0,0,-2,0.0,356.0,115.0,0.0,0.3,0.0,39979,477,38333,269,0.0,0.5,0.0,0.0,0.0,0.79,0.0,0.0,0.0,10.16,0.0,513.0,180.0,0.0,493.0,178.0,0.0,459.0,171.0,0.0,515.0,180.0,,,,33,,Sam,Byram,Byram,,,7,0,0,0,1,0,0,0,0,0,0,0,0,,,,0.0,0.0,12.86,0.0,0.0,0,0,0
827,a,,,4.5,484,297.0,0,0.0,0,0.0,0.0,828,372.0,0,0,0.0,739.0,307.0,0,0,0.0,656.0,251.0,0.0,0.0,0.0,2,2,0,0,1.8,1.3,0.0,0.0,0.0,0.0,0.0,0.0,0.0,0.0,0.0,736.0,304.0,0.0,730.0,305.0,0.0,717.0,301.0,0.0,737.0,305.0,,,,33,,Jim,Thwaites,Thwaites,,,0,0,0,0,0,0,0,0,0,0,0,0,0,,,,0.0,0.0,0.0,0.0,0.0,0,0,0
481,a,,,3.8,811,252.0,0,0.0,-2,2.0,0.7,234,87.0,1,0,1.0,454.0,163.0,0,-1,0.0,382.0,138.0,0.0,0.3,0.0,80543,79,106017,166,-1.0,0.0,0.0,0.0,0.0,0.27,0.0,0.0,0.0,24.3,2.2,495.0,175.0,0.0,513.0,195.0,0.0,480.0,189.0,0.2,508.0,178.0,,,,33,,Alex,Murphy,A.Murphy,,,1,0,0,0,1,0,0,0,0,0,0,0,1,,,,0.0,0.0,90.0,0.0,90.0,0,1,0
489,a,100.0,100.0,5.9,89,57.0,0,0.0,-6,6.0,0.6,243,87.0,67,0,2.4,293.0,127.0,2,265,1.0,249.0,113.0,0.2,11.4,0.0,166349,89,350117,200,0.0,1.0,3.05,2.42,5.47,21.11,0.2,0.16,0.36,1.4,278.2,231.0,99.0,337.6,96.0,70.0,323.0,86.0,50.0,92.8,130.0,73.0,,,,33,,Jacob,Murphy,J.Murphy,,,1354,3,1,7,17,0,0,0,2,0,0,15,73,,,,0.0,0.47,1.13,1.0,4.85,14,19,40
501,a,,,4.3,616,86.0,0,0.0,-2,2.0,0.3,353,57.0,0,0,0.0,665.0,67.0,0,0,0.0,551.0,57.0,0.0,0.0,0.0,26559,48,37402,59,-1.0,0.0,0.0,0.0,0.0,0.0,0.0,0.0,0.0,0.0,0.0,655.0,67.0,0.0,651.0,66.0,0.0,628.0,66.0,0.0,657.0,67.0,,,,33,,Sean,Neave,Neave,,,0,0,0,0,0,0,0,0,0,0,0,0,0,,,,0.0,0.0,0.0,0.0,0.0,0,0,0
825,a,,,4.0,718,65.0,0,0.0,0,0.0,0.0,807,92.0,0,0,0.0,619.0,86.0,0,0,0.0,476.0,77.0,0.0,0.0,0.0,126,10,36,7,0.0,0.0,0.0,0.0,0.0,0.0,0.0,0.0,0.0,0.0,0.0,610.0,86.0,0.0,602.0,74.0,0.0,572.0,61.0,0.0,612.0,86.0,,,,33,,Finlay,Herrick,Herrick,,,0,0,0,0,0,0,0,0,0,0,0,0,0,,,,0.0,0.0,0.0,0.0,0.0,0,0,0
639,u,0.0,0.0,4.0,720,191.0,0,0.0,0,0.0,0.0,769,260.0,0,0,0.0,621.0,231.0,0,0,0.0,478.0,184.0,0.0,0.0,0.0,0,0,894,0,0.0,0.0,0.0,0.0,0.0,0.0,0.0,0.0,0.0,0.0,0.0,612.0,231.0,0.0,604.0,231.0,0.0,574.0,228.0,0.0,614.0,231.0,,,,33,,Bastien,Meupiyou Menadjou,Meupiyou,On loan to FC Alverca,,0,0,0,0,0,0,0,0,0,0,0,0,0,,,,0.0,0.0,0.0,0.0,0.0,0,0,0
647,u,0.0,0.0,5.5,137,85.0,0,0.0,0,0.0,0.0,801,355.0,0,0,0.0,815.0,363.0,0,0,0.0,795.0,351.0,0.0,0.0,0.0,0,0,796,0,0.0,0.0,0.0,0.0,0.0,0.0,0.0,0.0,0.0,0.0,0.0,814.0,362.0,0.0,813.0,362.0,0.0,811.0,361.0,0.0,814.0,362.0,,,,33,,Gonçalo Manuel,Ganchinho Guedes,Guedes,Has joined Real Sociedad permanently.,,0,0,0,0,0,0,0,0,0,0,0,0,0,,,,0.0,0.0,0.0,0.0,0.0,0,0,0
14,u,0.0,0.0,3.9,787,231.0,0,0.0,-1,1.0,0.1,499,178.0,0,0,0.0,575.0,209.0,0,0,0.0,423.0,156.0,0.0,0.0,0.0,10218,0,22755,6,0.0,0.0,0.0,0.0,0.0,0.0,0.0,0.0,0.0,0.0,0.0,565.0,208.0,0.0,553.0,208.0,0.0,521.0,203.0,0.0,567.0,208.0,,,,33,,Maldini,Kacurri,Kacurri,has joined Morecambe on loan for the rest of the season.,,0,0,0,0,0,0,0,0,0,0,0,0,0,,,,0.0,0.0,0.0,0.0,0.0,0,0,0
16,i,0.0,0.0,9.8,6,4.0,0,0.0,-2,2.0,7.1,58,20.0,133,0,4.9,18.0,7.0,14,497,0.0,827.0,372.0,0.0,13.6,0.0,4151491,59,5223718,9143,0.0,0.0,6.99,5.75,12.74,14.36,0.32,0.26,0.58,0.65,538.8,77.0,22.0,725.9,12.0,12.0,762.0,8.0,3.0,202.9,9.0,7.0,2.0,2.0,1.0,33,,Bukayo,Saka,Saka,Achilles injury - Unknown return date,,1995,6,8,10,16,0,0,0,1,0,0,22,163,,,,0.0,0.45,0.72,0.99,7.35,35,24,104
17,a,100.0,75.0,7.8,18,13.0,0,0.0,-2,2.0,1.5,158,54.0,64,2,3.0,198.0,80.0,5,265,1.0,262.0,120.0,0.1,8.2,0.0,379841,267,650084,231,2.0,1.1,1.01,3.24,4.25,14.3,0.08,0.25,0.33,1.11,267.8,238.0,101.0,487.5,44.0,39.0,146.0,214.0,118.0,90.0,142.0,77.0,4.0,,3.0,33,,Martin,Ødegaard,Ødegaard,,,1160,1,6,4,13,0,0,0,0,0,0,14,88,,,,0.0,0.31,1.01,1.09,6.83,17,13,58
18,a,100.0,75.0,6.8,44,28.0,0,0.0,-2,2.0,0.8,211,73.0,56,1,2.5,275.0,115.0,6,195,1.0,258.0,118.0,0.1,8.2,0.0,375189,92,426431,626,2.0,1.1,1.03,2.14,3.17,11.0,0.09,0.2,0.29,1.0,200.0,286.0,120.0,276.6,136.0,91.0,320.0,87.0,51.0,79.6,169.0,87.0,3.0,,,33,,Noni,Madueke,Madueke,,,987,2,1,6,9,0,0,0,0,0,0,14,57,,,,0.0,0.55,0.82,1.28,5.2,20,11,26
26,a,100.0,100.0,5.0,265,161.0,0,0.0,-5,5.0,3.1,109,36.0,121,2,3.7,98.0,41.0,9,555,2.0,154.0,61.0,0.4,24.2,0.0,1337363,1219,1259954,1934,3.0,2.5,2.77,2.2,4.97,23.66,0.09,0.07,0.16,0.77,562.6,66.0,18.0,341.1,93.0,67.0,262.0,108.0,65.0,116.8,79.0,49.0,,,,33,,Martín,Zubimendi Ibáñez,Zubimendi,,,2755,5,1,15,24,0,0,0,4,0,0,32,277,,,,0.0,0.49,0.78,1.05,9.05,61,113,103
30,a,100.0,100.0,7.3,26,10.0,0,0.0,-2,2.0,0.5,262,38.0,19,6,2.4,294.0,33.0,0,73,3.5,81.0,12.0,0.5,2.6,0.0,124325,2939,207073,175,4.5,4.0,2.43,0.1,2.53,4.52,0.54,0.02,0.56,1.01,71.6,398.0,45.0,51.0,352.0,43.0,132.0,232.0,46.0,25.6,368.0,45.0,,,,33,,Kai,Havertz,Havertz,,,404,1,1,3,3,0,0,0,0,0,0,5,24,,,,0.0,0.67,0.67,1.11,5.35,5,7,12
31,a,100.0,100.0,6.4,55,20.0,0,0.0,-1,1.0,0.3,310,48.0,18,0,1.5,419.0,50.0,0,73,0.5,318.0,45.0,0.1,2.8,0.0,149032,175,129924,222,1.5,1.0,1.83,0.23,2.06,3.57,0.52,0.07,0.59,1.01,107.0,367.0,38.0,36.4,375.0,49.0,228.0,129.0,31.0,36.9,323.0,38.0,,,,33,,Gabriel,Fernando de Jesus,G.Jesus,,,318,2,0,0,6,0,0,0,2,0,0,2,26,,,,0.0,0.0,1.7,0.57,7.36,4,4,18
266,a,100.0,100.0,7.2,32,19.0,0,0.0,-3,3.0,7.7,52,17.0,97,2,3.5,124.0,56.0,8,369,1.5,203.0,92.0,0.2,13.5,0.0,3384969,3051,3815467,1214,2.5,2.0,3.96,2.51,6.47,12.2,0.22,0.14,0.36,0.68,345.2,189.0,75.0,262.4,140.0,94.0,374.0,69.0,41.0,97.9,114.0,66.0,,,,33,,Eberechi,Eze,Eze,,,1603,6,3,8,13,0,0,0,1,0,0,18,106,,,,0.0,0.45,0.73,1.01,5.95,18,21,67
662,a,100.0,100.0,5.3,198,25.0,0,0.0,-2,2.0,0.2,408,149.0,29,0,1.8,385.0,142.0,1,159,0.5,315.0,99.0,0.1,5.5,0.0,48591,309,53605,67,1.5,1.0,0.1,0.51,0.61,6.91,0.01,0.06,0.07,0.82,166.6,316.0,121.0,53.4,349.0,123.0,14.0,404.0,149.0,23.4,374.0,129.0,,,,33,,Cristhian,Mosquera,Mosquera,,,754,0,0,2,7,0,0,0,3,0,0,7,90,,,,0.0,0.24,0.84,0.84,9.19,27,50,28
666,a,100.0,100.0,8.8,8,4.0,0,0.0,-2,2.0,11.9,30,5.0,107,1,3.5,126.0,12.0,13,391,3.0,107.0,14.0,0.3,12.2,0.0,3600648,26824,5206804,4824,4.0,3.5,10.25,1.77,12.01,15.04,0.46,0.08,0.54,0.68,440.0,124.0,12.0,214.4,174.0,14.0,658.0,24.0,14.0,130.4,59.0,13.0,,,2.0,33,,Viktor,Gyökeres,Gyökeres,,,1984,12,0,10,13,0,0,0,5,0,0,24,73,,,,0.0,0.45,0.59,1.09,3.31,6,20,47
700,a,100.0,100.0,4.2,650,372.0,0,0.0,-3,3.0,0.7,221,79.0,12,0,3.0,196.0,78.0,0,43,0.5,296.0,139.0,0.1,2.9,0.0,227558,1322,157524,932,1.5,1.0,1.11,0.14,1.25,0.67,1.26,0.16,1.42,0.76,41.2,427.0,186.0,38.4,370.0,189.0,57.0,327.0,172.0,13.7,406.0,184.0,,,,33,,Max,Dowman,Dowman,,,79,1,1,0,1,0,0,0,0,0,0,0,7,,,,0.0,0.0,1.14,0.0,7.97,2,0,5
711,a,,,4.4,572,344.0,0,0.0,-1,1.0,0.0,707,287.0,0,0,0.0,692.0,269.0,0,0,0.0,595.0,206.0,0.0,0.0,0.0,1968,1,1888,3,1.0,0.5,0.0,0.0,0.0,0.0,0.0,0.0,0.0,0.0,0.0,686.0,263.0,0.0,681.0,266.0,0.0,662.0,258.0,0.0,688.0,265.0,,,,33,,Andre,Harriman-Annous,Harriman-Annous,,,0,0,0,0,0,0,0,0,0,0,0,0,0,,,,0.0,0.0,0.0,0.0,0.0,0,0,0
725,a,100.0,100.0,5.1,234,35.0,0,0.0,-4,4.0,0.7,229,86.0,75,1,3.4,138.0,51.0,6,287,0.5,310.0,98.0,0.1,14.7,0.0,546328,1230,469710,385,1.5,1.0,0.33,1.4,1.73,15.6,0.02,0.08,0.1,0.88,403.0,147.0,64.0,169.2,206.0,53.0,59.0,325.0,103.0,62.9,230.0,80.0,,,,33,,Piero,Hincapié,Hincapie,,,1589,1,2,4,18,1,0,0,2,0,0,18,149,,,,0.0,0.23,1.02,1.02,8.44,41,108,56
759,a,,,4.0,734,204.0,0,0.0,0,0.0,0.0,674,237.0,0,0,0.0,634.0,243.0,0,0,0.0,492.0,197.0,0.0,0.0,0.0,1462,6,1345,8,1.0,0.5,0.0,0.0,0.0,0.0,0.0,0.0,0.0,0.0,0.0,625.0,243.0,0.0,617.0,243.0,0.0,587.0,240.0,0.0,627.0,243.0,,,,33,,Marli,Salmon,Salmon,,,0,0,0,0,0,0,0,0,0,0,0,0,0,,,,0.0,0.0,0.0,0.0,0.0,0,0,0
32,a,100.0,100.0,5.1,220,6.0,0,0.0,1,-1.0,4.6,82,15.0,107,2,3.8,84.0,10.0,10,462,2.7,118.0,11.0,0.5,21.0,0.0,1051199,5400,736054,1681,2.7,2.7,0.0,0.07,0.07,37.56,0.0,0.0,0.0,1.37,645.4,43.0,11.0,13.2,415.0,5.0,0.0,797.0,91.0,65.8,218.0,11.0,,,,33,,Emiliano,Martínez Romero,Martinez,,,2475,0,0,7,32,0,1,0,2,0,80,28,78,,,,2.91,0.25,1.16,1.02,0.0,0,26,236
33,a,100.0,100.0,4.2,627,29.0,0,0.0,-3,3.0,0.4,294,38.0,14,0,2.3,298.0,28.0,0,65,1.0,225.0,19.0,0.2,3.3,0.0,84555,69,116352,56,1.0,1.0,0.0,0.0,0.0,9.68,0.0,0.0,0.0,1.76,118.2,354.0,27.0,0.0,628.0,79.0,0.0,600.0,66.0,11.8,418.0,27.0,,,,33,,Marco,Bizot,M.Bizot,,,495,0,0,1,9,0,0,0,2,0,17,5,23,,,,3.09,0.18,1.64,0.91,0.0,0,7,50
34,u,0.0,0.0,4.0,688,52.0,0,0.0,0,0.0,0.1,507,75.0,0,0,0.0,597.0,74.0,0,0,0.0,448.0,65.0,0.0,0.0,0.0,0,0,17636,8,0.0,0.0,0.0,0.0,0.0,0.0,0.0,0.0,0.0,0.0,0.0,587.0,74.0,0.0,578.0,61.0,0.0,547.0,48.0,0.0,589.0,74.0,,,,33,,Joe,Gauci,Gauci,Has joined Port Vale on loan for the rest of the season.,,0,0,0,0,0,0,0,0,0,0,0,0,0,,,,0.0,0.0,0.0,0.0,0.0,0,0,0
37,a,100.0,100.0,4.5,411,75.0,0,0.0,0,0.0,1.6,153,59.0,90,3,3.2,167.0,65.0,5,360,4.0,54.0,19.0,0.9,20.0,0.0,338137,2082,373945,479,4.0,4.0,0.61,3.1,3.71,25.0,0.03,0.17,0.2,1.37,366.0,178.0,74.0,422.7,63.0,11.0,125.0,240.0,61.0,91.2,139.0,44.0,2.0,2.0,,33,,Lucas,Digne,Digne,,,1646,0,6,7,20,0,0,0,3,0,0,19,126,,,,0.0,0.38,1.09,1.04,5.58,33,69,60
38,a,100.0,100.0,4.4,528,105.0,0,0.0,-1,1.0,7.8,50,16.0,96,1,3.1,182.0,73.0,3,465,2.3,130.0,50.0,0.5,21.8,0.0,806282,2191,2112580,1565,2.3,2.3,1.27,0.56,1.83,44.56,0.04,0.02,0.06,1.45,553.4,70.0,33.0,104.8,277.0,83.0,122.0,242.0,63.0,78.5,173.0,58.0,,,,33,,Ezri,Konsa Ngoyo,Konsa,,,2765,0,1,9,39,0,0,0,0,1,0,31,208,,,,0.0,0.29,1.27,1.01,5.89,21,160,96
40,a,100.0,100.0,4.3,577,125.0,0,0.0,-2,2.0,0.7,238,90.0,45,1,3.2,164.0,63.0,4,152,0.3,322.0,102.0,0.1,10.5,0.0,158613,146,209710,124,0.3,0.3,1.08,0.39,1.47,19.28,0.09,0.03,0.12,1.65,231.8,259.0,105.0,72.5,316.0,105.0,96.0,270.0,77.0,40.1,313.0,105.0,,,,33,,Tyrone,Mings,Mings,,,1052,0,1,3,18,0,0,0,0,0,0,12,103,,,,0.0,0.26,1.54,1.03,7.44,4,83,33
41,a,100.0,100.0,4.3,585,131.0,0,0.0,-2,2.0,0.3,321,116.0,58,0,3.2,165.0,64.0,2,261,2.7,113.0,41.0,0.6,13.5,0.0,73438,203,99015,85,2.7,2.7,0.63,0.37,1.0,20.07,0.04,0.02,0.06,1.22,282.2,225.0,89.0,42.1,364.0,131.0,55.0,330.0,106.0,38.2,318.0,108.0,,,,33,,Pau,Torres,Pau,,,1476,0,1,5,16,1,0,0,0,0,0,16,128,,,,0.0,0.3,0.98,0.98,6.16,20,81,74
42,a,100.0,100.0,3.9,788,232.0,0,0.0,-1,1.0,0.2,371,136.0,4,0,0.8,515.0,177.0,0,7,0.3,320.0,100.0,0.1,1.0,0.0,29431,46,41944,43,0.3,0.3,0.0,0.01,0.01,1.55,0.0,0.02,0.02,3.67,3.2,490.0,174.0,2.7,457.0,165.0,0.0,522.0,204.0,0.6,497.0,174.0,,,,33,,Andrés,García,A.García,,,38,0,0,0,2,0,0,0,0,0,0,0,1,,,,0.0,0.0,4.74,0.0,2.37,1,0,2
43,u,0.0,0.0,4.0,666,162.0,0,0.0,0,0.0,1.6,156,62.0,0,0,0.0,580.0,211.0,0,0,0.0,428.0,158.0,0.0,0.0,0.0,44476,0,890272,106,0.0,0.0,0.0,0.0,0.0,0.0,0.0,0.0,0.0,0.0,0.0,570.0,210.0,0.0,559.0,210.0,0.0,528.0,206.0,0.0,572.0,210.0,,,,33,,Álex,Moreno Lopera,Alex Moreno,Has joined Girona permanently.,,0,0,0,0,0,0,0,0,0,0,0,0,0,,,,0.0,0.0,0.0,0.0,0.0,0,0,0
44,a,100.0,100.0,4.0,708,183.0,0,0.0,0,0.0,0.5,257,98.0,34,0,1.4,422.0,153.0,4,107,0.0,466.0,176.0,0.0,8.5,0.0,110158,103,95512,163,0.0,0.0,0.0,0.19,0.19,11.99,0.0,0.02,0.02,1.35,109.0,364.0,139.0,54.0,346.0,121.0,14.0,399.0,145.0,17.6,395.0,140.0,,,,33,,Lamare,Bogarde,Bogarde,,,797,0,0,2,13,0,0,0,5,0,0,8,57,,,,0.0,0.23,1.47,0.9,5.42,20,28,33
45,u,0.0,0.0,3.8,806,247.0,0,0.0,-2,2.0,0.3,352,128.0,0,0,0.0,537.0,193.0,0,0,0.0,377.0,133.0,0.0,0.0,0.0,22076,0,39130,55,0.0,0.0,0.0,0.0,0.0,0.0,0.0,0.0,0.0,0.0,0.0,527.0,192.0,0.0,509.0,191.0,0.0,476.0,185.0,0.0,529.0,192.0,,,,33,,Lino,da Cruz Sousa,Sousa,has joined Rotherham on loan for the rest of the season.,,0,0,0,0,0,0,0,0,0,0,0,0,0,,,,0.0,0.0,0.0,0.0,0.0,0,0,0
46,u,0.0,0.0,4.0,724,195.0,0,0.0,0,0.0,0.1,469,173.0,0,0,0.0,625.0,235.0,0,0,0.0,482.0,188.0,0.0,0.0,0.0,4656,0,21106,6,0.0,0.0,0.0,0.0,0.0,0.0,0.0,0.0,0.0,0.0,0.0,616.0,235.0,0.0,608.0,235.0,0.0,578.0,232.0,0.0,618.0,235.0,,,,33,,Yasin,Özcan,Yasin,has joined Anderlecht on loan for the rest of the season.,,0,0,0,0,0,0,0,0,0,0,0,0,0,,,,0.0,0.0,0.0,0.0,0.0,0,0,0
47,a,100.0,100.0,7.4,24,16.0,0,0.0,4,-4.0,23.0,12,4.0,151,8,4.6,29.0,12.0,14,541,6.3,12.0,5.0,0.9,20.4,0.0,6255426,42610,4524087,5194,6.3,6.3,6.47,4.0,10.47,46.19,0.2,0.12,0.32,1.42,665.8,41.0,12.0,628.0,24.0,23.0,804.0,7.0,2.0,209.7,7.0,5.0,,1.0,,33,,Morgan,Rogers,Rogers,,,2920,9,7,9,41,0,0,0,6,0,0,33,204,,,,0.0,0.28,1.26,1.02,6.29,34,45,125
48,a,100.0,100.0,5.9,90,58.0,0,0.0,-1,1.0,0.6,240,85.0,57,2,2.9,212.0,86.0,3,339,1.7,183.0,78.0,0.3,9.7,0.0,162003,505,350408,104,1.7,1.7,0.99,2.81,3.8,26.29,0.06,0.17,0.23,1.58,365.6,179.0,68.0,453.3,54.0,46.0,152.0,206.0,112.0,97.2,117.0,68.0,5.0,,,33,,Youri,Tielemans,Tielemans,,,1498,0,4,4,21,0,0,0,0,0,0,17,163,,,,0.0,0.24,1.26,1.02,9.79,46,42,75
49,a,100.0,100.0,5.5,139,86.0,0,0.0,0,0.0,0.1,471,164.0,13,0,1.4,428.0,188.0,0,42,0.3,336.0,159.0,0.1,2.4,0.0,8835,87,51600,44,0.3,0.3,0.31,1.21,1.52,5.37,0.08,0.33,0.41,1.45,55.0,416.0,181.0,122.8,253.0,158.0,59.0,326.0,171.0,23.7,372.0,175.0,4.0,,,33,,Leon,Bailey,Bailey,,,334,0,1,0,8,0,0,0,1,0,0,2,33,,,,0.0,0.0,2.16,0.54,8.89,7,3,23
50,a,100.0,100.0,5.3,185,116.0,0,0.0,-2,2.0,0.4,296,104.0,85,1,2.7,237.0,94.0,8,299,1.0,242.0,108.0,0.2,16.0,0.0,226574,188,206706,288,1.0,1.0,3.11,1.93,5.04,24.34,0.19,0.12,0.31,1.48,347.6,187.0,73.0,334.5,98.0,72.0,324.0,85.0,49.0,99.3,110.0,63.0,,6.0,2.0,33,,Emiliano,Buendía Stati,Buendía,,,1485,5,2,3,21,0,0,0,6,0,0,18,163,,,,0.0,0.18,1.27,1.09,9.88,38,30,95
51,u,0.0,0.0,5.5,147,93.0,0,0.0,0,0.0,0.0,695,281.0,0,0,0.0,816.0,364.0,0,0,0.0,796.0,352.0,0.0,0.0,0.0,1383,0,3806,1,0.0,0.0,0.0,0.0,0.0,0.0,0.0,0.0,0.0,0.0,0.0,815.0,363.0,0.0,814.0,363.0,0.0,812.0,362.0,0.0,815.0,363.0,,,,33,,Samuel,Iling-Junior,Iling Jr,has joined Pisa on loan for the rest of the season.,,0,0,0,0,0,0,0,0,0,0,0,0,0,,,,0.0,0.0,0.0,0.0,0.0,0,0,0
53,u,0.0,0.0,5.1,225,137.0,0,0.0,-4,4.0,0.4,290,101.0,55,0,2.6,256.0,105.0,3,161,0.0,762.0,328.0,0.0,10.8,0.0,172896,0,340165,45,0.0,0.0,4.03,0.35,4.38,10.59,0.57,0.05,0.62,1.49,183.4,296.0,128.0,99.7,281.0,168.0,290.0,98.0,59.0,56.3,251.0,123.0,,,,33,,Donyell,Malen,Malen,has joined Roma on loan for the rest of the season.,,640,4,2,1,10,0,0,0,0,0,0,5,16,,,,0.0,0.14,1.41,0.7,2.25,4,2,10
54,a,100.0,100.0,5.3,183,114.0,0,0.0,-2,2.0,0.6,242,86.0,89,5,3.4,139.0,59.0,6,370,5.3,26.0,8.0,1.0,16.8,0.0,231630,2707,249477,294,5.3,5.3,2.72,3.28,6.0,29.21,0.13,0.16,0.29,1.39,378.8,165.0,59.0,495.3,41.0,36.0,235.0,124.0,73.0,110.7,87.0,52.0,,,,33,,John,McGinn,McGinn,,,1886,4,3,8,24,0,0,0,4,0,0,25,137,,,,0.0,0.38,1.15,1.19,6.54,27,31,79
55,a,100.0,100.0,4.8,347,217.0,0,0.0,-2,2.0,0.1,495,176.0,39,2,2.4,280.0,117.0,3,168,2.3,132.0,52.0,0.5,8.1,0.0,14576,55,14610,86,2.3,2.3,0.81,1.11,1.92,7.96,0.14,0.19,0.33,1.34,163.2,321.0,145.0,115.2,263.0,162.0,131.0,233.0,127.0,41.0,309.0,153.0,,,,33,,Ross,Barkley,Barkley,,,535,2,1,1,8,0,0,0,0,0,0,4,56,,,,0.0,0.17,1.35,0.67,9.42,10,14,32
58,i,0.0,0.0,4.9,311,193.0,0,0.0,-1,1.0,0.2,397,135.0,61,0,3.4,136.0,57.0,7,282,0.0,720.0,297.0,0.0,12.4,0.0,111446,3,120610,51,0.0,0.0,0.53,0.84,1.36,20.8,0.03,0.05,0.08,1.33,325.0,199.0,83.0,241.3,158.0,106.0,75.0,299.0,159.0,64.2,222.0,108.0,,,,33,,Boubacar,Kamara,Kamara,Knee injury - Expected back 01 Jun,,1410,1,3,5,15,0,0,0,5,0,0,17,149,,,,0.0,0.32,0.96,1.09,9.51,38,46,65
59,a,100.0,100.0,4.8,363,225.0,0,0.0,-2,2.0,0.7,230,81.0,75,1,3.1,186.0,72.0,4,348,3.0,99.0,41.0,0.6,15.6,0.0,166303,348,282987,228,3.0,3.0,1.6,0.7,2.3,28.43,0.08,0.04,0.12,1.47,409.6,145.0,50.0,150.9,221.0,142.0,178.0,178.0,99.0,73.9,183.0,91.0,,,,33,,Amadou,Onana,Onana,,,1738,2,0,6,26,0,0,0,3,0,0,21,217,,,,0.0,0.31,1.35,1.09,11.24,47,98,72
60,u,0.0,0.0,4.4,565,340.0,0,0.0,-1,1.0,0.2,355,121.0,0,0,0.0,688.0,267.0,0,0,0.0,588.0,202.0,0.0,0.0,0.0,38290,0,52137,36,0.0,0.0,0.0,0.0,0.0,0.0,0.0,0.0,0.0,0.0,0.0,682.0,261.0,0.0,677.0,264.0,0.0,658.0,256.0,0.0,684.0,263.0,,,,33,,Ben,Broggio,Broggio,has joined Falkirk on loan for the rest of the season.,,0,0,0,0,0,0,0,0,0,0,0,0,0,,,,0.0,0.0,0.0,0.0,0.0,0,0,0
61,u,0.0,0.0,4.5,414,250.0,0,0.0,0,0.0,0.1,541,198.0,0,0,0.0,695.0,270.0,0,0,0.0,598.0,207.0,0.0,0.0,0.0,2169,0,33759,3,0.0,0.0,0.0,0.0,0.0,0.0,0.0,0.0,0.0,0.0,0.0,689.0,264.0,0.0,684.0,267.0,0.0,665.0,259.0,0.0,691.0,266.0,,,,33,,Leander,Dendoncker,Dendoncker,Has joined Real Oviedo permanently.,,0,0,0,0,0,0,0,0,0,0,0,0,0,,,,0.0,0.0,0.0,0.0,0.0,0,0,0
62,u,0.0,0.0,4.5,472,288.0,0,0.0,0,0.0,0.1,570,212.0,1,0,1.0,484.0,216.0,0,3,0.0,644.0,242.0,0.0,0.2,0.0,8790,0,10877,13,0.0,0.0,0.0,0.0,0.0,0.61,0.0,0.0,0.0,6.86,0.2,512.0,233.0,0.3,486.0,237.0,0.0,707.0,293.0,0.1,514.0,235.0,,,,33,,Jamaldeen,Jimoh-Aloba,Jimoh-Aloba,has joined West Brom on loan for the rest of the season.,,8,0,0,0,0,0,0,0,0,0,0,0,1,,,,0.0,0.0,0.0,0.0,11.25,0,0,1
63,u,0.0,0.0,4.3,606,356.0,0,0.0,-2,2.0,0.5,269,94.0,0,0,0.0,659.0,248.0,0,0,0.0,543.0,177.0,0.0,0.0,0.0,102090,0,132576,158,0.0,0.0,0.0,0.0,0.0,0.0,0.0,0.0,0.0,0.0,0.0,649.0,238.0,0.0,645.0,243.0,0.0,622.0,232.0,0.0,651.0,240.0,,,,33,,Kadan,Young,Young,has joined Reading on loan for the rest of the season.,,0,0,0,0,0,0,0,0,0,0,0,0,0,,,,0.0,0.0,0.0,0.0,0.0,0,0,0
64,a,100.0,100.0,8.6,9,5.0,1,-1.0,-4,4.0,9.9,34,8.0,127,16,4.0,63.0,6.0,17,458,9.0,4.0,2.0,1.0,14.8,0.0,2504408,104376,4410075,1433,9.0,9.0,11.99,1.19,13.18,37.83,0.44,0.04,0.48,1.39,517.0,84.0,6.0,289.8,124.0,7.0,941.0,3.0,3.0,174.2,24.0,5.0,,,3.0,33,,Ollie,Watkins,Watkins,,,2454,11,3,9,32,0,0,0,3,0,0,29,86,,,,0.0,0.33,1.17,1.06,3.15,21,19,46
65,u,0.0,0.0,4.5,485,68.0,0,0.0,0,0.0,0.3,334,54.0,0,0,0.0,740.0,78.0,0,0,0.0,657.0,68.0,0.0,0.0,0.0,17574,0,85247,11,0.0,0.0,0.0,0.0,0.0,0.0,0.0,0.0,0.0,0.0,0.0,737.0,78.0,0.0,731.0,77.0,0.0,718.0,77.0,0.0,738.0,78.0,,,,33,,Zépiqueno,Redmond,Redmond,has joined Huddersfield Town on loan for the rest of the season.,,0,0,0,0,0,0,0,0,0,0,0,0,0,,,,0.0,0.0,0.0,0.0,0.0,0,0,0
389,a,100.0,100.0,5.1,233,141.0,0,0.0,-4,4.0,0.2,398,136.0,5,0,1.0,504.0,232.0,0,17,0.0,764.0,330.0,0.0,1.0,0.0,94512,21,103827,32,0.0,0.0,0.29,0.08,0.37,1.74,0.24,0.07,0.31,1.42,11.8,462.0,205.0,31.7,383.0,193.0,31.0,367.0,188.0,7.4,436.0,196.0,,,,33,,Harvey,Elliott,Elliott,,,110,0,0,0,2,0,0,0,0,0,0,1,6,,,,0.0,0.0,1.64,0.82,4.91,0,2,4
456,a,100.0,100.0,5.8,104,69.0,0,0.0,-2,2.0,0.2,366,125.0,33,1,1.6,404.0,173.0,0,126,2.3,139.0,56.0,0.4,5.7,0.0,51745,145,54978,70,2.3,2.3,0.61,1.82,2.43,12.67,0.07,0.21,0.28,1.5,124.8,348.0,158.0,283.0,131.0,87.0,191.0,163.0,91.0,60.1,239.0,116.0,6.0,,,33,,Jadon,Sancho,Sancho,,,762,0,2,2,7,0,0,0,0,0,0,8,39,,,,0.0,0.24,0.83,0.94,4.61,6,11,22
688,a,,,3.9,771,84.0,0,0.0,-1,1.0,0.6,248,33.0,0,0,0.0,562.0,55.0,0,0,0.0,408.0,44.0,0.0,0.0,0.0,62038,13,47021,87,0.0,0.0,0.0,0.0,0.0,0.0,0.0,0.0,0.0,0.0,0.0,552.0,55.0,0.0,539.0,38.0,0.0,507.0,25.0,0.0,554.0,55.0,,,,33,,James,Wright,Wright,,,0,0,0,0,0,0,0,0,0,0,0,0,0,,,,0.0,0.0,0.0,0.0,0.0,0,0,0
699,a,100.0,100.0,4.9,313,194.0,0,0.0,-1,1.0,0.1,503,182.0,31,0,1.8,379.0,161.0,0,187,0.7,280.0,130.0,0.1,6.3,0.0,28567,46,23497,103,0.7,0.7,0.5,1.38,1.88,11.41,0.06,0.15,0.21,1.26,172.8,308.0,135.0,277.2,135.0,90.0,87.0,284.0,153.0,53.7,261.0,130.0,1.0,,,33,,Douglas Luiz,Soares de Paulo,Douglas Luiz,,,814,1,1,1,13,0,0,0,2,0,0,11,92,,,,0.0,0.11,1.44,1.22,10.17,20,23,49
701,u,0.0,0.0,4.0,721,192.0,0,0.0,0,0.0,0.1,543,193.0,0,0,0.0,622.0,232.0,0,0,0.0,479.0,185.0,0.0,0.0,0.0,8943,0,10796,5,0.0,0.0,0.0,0.0,0.0,0.0,0.0,0.0,0.0,0.0,0.0,613.0,232.0,0.0,605.0,232.0,0.0,575.0,229.0,0.0,615.0,232.0,,,,33,,Triston,Rowe,Rowe,has joined Annecy on loan for the rest of the season.,,0,0,0,0,0,0,0,0,0,0,0,0,0,,,,0.0,0.0,0.0,0.0,0.0,0,0,0
702,a,,,4.3,622,370.0,0,0.0,-2,2.0,0.1,523,190.0,1,0,1.0,473.0,206.0,0,3,0.0,556.0,188.0,0.0,0.2,0.0,11095,239,9397,65,0.0,0.0,0.0,0.0,0.0,0.9,0.0,0.0,0.0,5.06,0.0,660.0,248.0,0.3,485.0,236.0,0.0,633.0,242.0,0.0,662.0,250.0,,,,33,,Bradley,Burrowes,Burrowes,,,16,0,0,0,1,0,0,0,0,0,0,0,1,,,,0.0,0.0,5.62,0.0,5.62,0,0,1
703,a,,,3.9,782,91.0,0,0.0,-1,1.0,0.6,244,32.0,0,0,0.0,571.0,61.0,0,0,0.0,418.0,50.0,0.0,0.0,0.0,94524,27,48212,183,0.0,0.0,0.0,0.0,0.0,0.0,0.0,0.0,0.0,0.0,0.0,561.0,61.0,0.0,549.0,45.0,0.0,517.0,32.0,0.0,563.0,61.0,,,,33,,Sam,Proctor,Proctor,,,0,0,0,0,0,0,0,0,0,0,0,0,0,,,,0.0,0.0,0.0,0.0,0.0,0,0,0
710,a,,,3.9,779,227.0,0,0.0,-1,1.0,0.2,385,142.0,0,0,0.0,568.0,206.0,0,0,0.0,415.0,152.0,0.0,0.0,0.0,33590,17,23686,29,0.0,0.0,0.0,0.0,0.0,0.0,0.0,0.0,0.0,0.0,0.0,558.0,205.0,0.0,546.0,205.0,0.0,514.0,200.0,0.0,560.0,205.0,,,,33,,Travis,Patterson,Patterson,,,0,0,0,0,0,0,0,0,0,0,0,0,0,,,,0.0,0.0,0.0,0.0,0.0,0,0,0
719,a,100.0,100.0,4.5,419,80.0,0,0.0,0,0.0,0.1,483,175.0,24,0,1.8,372.0,139.0,0,99,0.7,275.0,89.0,0.2,5.3,0.0,21788,55,15571,48,0.7,0.7,0.28,0.07,0.35,11.9,0.04,0.01,0.05,1.62,130.0,343.0,130.0,28.9,386.0,139.0,22.0,387.0,136.0,18.2,393.0,139.0,,,,33,,Victor,Lindelöf,Lindelöf,,,662,0,1,1,10,0,0,0,0,0,0,7,38,,,,0.0,0.14,1.36,0.95,5.17,5,33,14
754,a,,,4.5,486,298.0,0,0.0,0,0.0,0.0,752,319.0,2,0,1.0,488.0,219.0,0,5,0.0,658.0,252.0,0.0,0.4,0.0,1217,8,810,7,0.0,0.0,0.04,0.01,0.05,0.61,0.14,0.04,0.18,2.2,0.0,738.0,305.0,1.7,466.0,224.0,2.0,451.0,221.0,0.3,506.0,231.0,,,,33,,George,Hemmings,George Hemmings,,,25,0,0,0,0,0,0,0,0,0,0,0,1,,,,0.0,0.0,0.0,0.0,3.6,0,0,1
757,a,,,4.0,710,62.0,0,0.0,0,0.0,0.0,705,83.0,0,0,0.0,612.0,83.0,0,0,0.0,468.0,74.0,0.0,0.0,0.0,1373,7,984,4,0.0,0.0,0.0,0.0,0.0,0.0,0.0,0.0,0.0,0.0,0.0,603.0,83.0,0.0,595.0,71.0,0.0,564.0,58.0,0.0,605.0,83.0,,,,33,,Ronnie,Hollingshead,Hollingshead,,,0,0,0,0,0,0,0,0,0,0,0,0,0,,,,0.0,0.0,0.0,0.0,0.0,0,0,0
792,a,100.0,100.0,5.0,283,175.0,0,0.0,0,0.0,0.0,789,344.0,3,0,1.0,501.0,229.0,0,11,0.0,760.0,326.0,0.0,0.6,0.0,347,9,234,6,0.0,0.0,0.05,0.05,0.1,1.87,0.1,0.1,0.2,3.58,3.2,492.0,225.0,3.5,455.0,219.0,10.0,419.0,205.0,1.5,481.0,220.0,,,,33,,Alysson Edward Franco,da Rocha dos Santos,Alysson,,,47,0,0,0,2,0,0,0,0,0,0,0,4,,,,0.0,0.0,3.83,0.0,7.66,0,1,3
808,a,,,5.8,103,29.0,0,0.0,-2,2.0,0.2,391,59.0,21,5,2.1,336.0,39.0,2,89,2.3,138.0,19.0,0.4,3.6,0.0,85072,501,65310,337,2.3,2.3,1.76,0.36,2.12,3.98,0.76,0.16,0.92,1.71,85.0,386.0,43.0,48.1,356.0,44.0,132.0,231.0,45.0,26.4,364.0,44.0,,,,33,,Tammy,Abraham,Abraham,,,209,2,0,0,6,0,0,0,0,0,0,1,9,,,,0.0,0.0,2.58,0.43,3.88,3,2,4
183,a,,,4.2,643,35.0,0,0.0,-3,3.0,0.1,454,67.0,0,0,0.0,647.0,92.0,0,0,0.0,515.0,84.0,0.0,0.0,0.0,8326,8,17979,23,0.0,-1.5,0.0,0.0,0.0,0.0,0.0,0.0,0.0,0.0,0.0,639.0,92.0,0.0,633.0,83.0,0.0,607.0,72.0,0.0,641.0,92.0,,,,33,,Max,Weiß,Weiss,,,0,0,0,0,0,0,0,0,0,0,0,0,0,,,,0.0,0.0,0.0,0.0,0.0,0,0,0
184,u,0.0,0.0,4.0,694,56.0,0,0.0,0,0.0,0.2,406,58.0,0,0,0.0,602.0,78.0,0,0,0.0,454.0,69.0,0.0,0.0,0.0,4943,0,34367,11,0.0,0.0,0.0,0.0,0.0,0.0,0.0,0.0,0.0,0.0,0.0,592.0,78.0,0.0,583.0,65.0,0.0,552.0,52.0,0.0,594.0,78.0,,,,33,,Etienne,Green,Green,has joined FC Fredericia permanently.,,0,0,0,0,0,0,0,0,0,0,0,0,0,,,,0.0,0.0,0.0,0.0,0.0,0,0,0
185,a,,,3.9,744,67.0,0,0.0,-1,1.0,0.2,413,59.0,0,0,0.0,546.0,42.0,0,0,0.0,389.0,30.0,0.0,0.0,0.0,15464,7,21697,33,0.0,-1.5,0.0,0.0,0.0,0.0,0.0,0.0,0.0,0.0,0.0,536.0,42.0,0.0,519.0,21.0,0.0,487.0,8.0,0.0,538.0,42.0,,,,33,,Václav,Hladký,Hladký,,,0,0,0,0,0,0,0,0,0,0,0,0,0,,,,0.0,0.0,0.0,0.0,0.0,0,0,0
186,i,0.0,0.0,4.3,580,127.0,0,0.0,-2,2.0,0.0,656,233.0,0,0,0.0,653.0,253.0,0,0,0.0,524.0,219.0,0.0,0.0,0.0,1764,3,9373,4,0.0,0.0,0.0,0.0,0.0,0.0,0.0,0.0,0.0,0.0,0.0,644.0,253.0,0.0,639.0,253.0,0.0,613.0,252.0,0.0,646.0,253.0,,,,33,,Connor,Roberts,Roberts,Achilles injury - Unknown return date,,0,0,0,0,0,0,0,0,0,0,0,0,0,,,,0.0,0.0,0.0,0.0,0.0,0,0,0
187,a,100.0,100.0,4.4,521,99.0,0,0.0,-1,1.0,1.1,186,73.0,62,-1,2.0,342.0,126.0,3,197,0.2,349.0,112.0,0.0,14.1,0.0,158760,81,269846,406,0.0,-1.1,0.12,1.03,1.15,57.53,0.0,0.04,0.04,1.96,440.8,123.0,55.0,189.6,189.0,49.0,24.0,380.0,133.0,65.7,219.0,76.0,,,,33,,Kyle,Walker,Walker,,,2645,0,2,4,58,0,0,0,9,0,0,30,239,,,,0.0,0.14,1.97,1.02,6.33,45,141,132
188,u,0.0,0.0,3.8,797,239.0,0,0.0,-2,2.0,0.2,379,138.0,0,0,0.0,533.0,189.0,0,0,0.0,370.0,127.0,0.0,0.0,0.0,26052,0,42896,45,0.0,0.0,0.0,0.0,0.0,0.0,0.0,0.0,0.0,0.0,0.0,523.0,188.0,0.0,504.0,187.0,0.0,471.0,181.0,0.0,525.0,188.0,,,,33,,Hannes,Delcroix,Delcroix,has joined Lugano permanently.,,0,0,0,0,0,0,0,0,0,0,0,0,0,,,,0.0,0.0,0.0,0.0,0.0,0,0,0
189,u,0.0,0.0,4.0,686,173.0,0,0.0,0,0.0,0.0,731,254.0,0,0,0.0,595.0,219.0,0,0,0.0,446.0,167.0,0.0,0.0,0.0,0,0,2387,1,0.0,0.0,0.0,0.0,0.0,0.0,0.0,0.0,0.0,0.0,0.0,585.0,218.0,0.0,576.0,218.0,0.0,545.0,214.0,0.0,587.0,218.0,,,,33,,Owen,Dodgson,Dodgson,Has joined Stockport County on loan for the rest of the season.,,0,0,0,0,0,0,0,0,0,0,0,0,0,,,,0.0,0.0,0.0,0.0,0.0,0,0,0
190,a,,,3.8,803,245.0,0,0.0,-2,2.0,0.7,225,85.0,45,0,2.6,246.0,95.0,2,135,0.2,343.0,108.0,0.1,11.8,0.0,250199,36,212921,297,0.0,-1.1,0.21,0.25,0.46,25.85,0.01,0.02,0.03,1.71,311.8,210.0,83.0,44.2,361.0,128.0,78.0,293.0,86.0,43.5,299.0,99.0,,,,33,,Hjalmar,Ekdal,Ekdal,,,1359,0,0,2,30,0,0,0,0,0,0,15,162,,,,0.0,0.13,1.99,0.99,9.8,20,128,37
191,a,100.0,100.0,3.9,770,223.0,0,0.0,-1,1.0,7.3,56,19.0,73,2,2.4,276.0,104.0,0,232,1.8,172.0,65.0,0.5,18.7,0.0,801189,221,2027258,3599,0.0,2.1,0.73,0.58,1.31,59.17,0.03,0.02,0.05,2.06,634.4,47.0,20.0,91.3,296.0,92.0,95.0,274.0,80.0,82.2,161.0,55.0,,,,33,,Maxime,Estève,Estève,,,2582,0,0,3,63,2,0,0,1,0,0,30,314,,,,0.0,0.1,2.2,1.05,10.04,38,250,101
192,a,,,4.0,699,179.0,0,0.0,0,0.0,0.6,246,94.0,58,3,3.1,181.0,72.0,0,218,1.5,188.0,68.0,0.4,14.5,0.0,188719,79,186136,315,0.0,1.5,0.21,1.99,2.2,38.1,0.01,0.11,0.12,2.05,381.4,162.0,70.0,284.7,128.0,35.0,72.0,304.0,91.0,73.9,181.0,62.0,,,,33,,Quilindschy,Hartman,Hartman,,,1671,0,6,3,36,0,0,0,1,0,0,19,150,,,,0.0,0.16,1.94,1.02,7.0,40,90,65
193,a,100.0,100.0,3.9,766,221.0,0,0.0,-1,1.0,0.1,438,165.0,42,0,2.6,247.0,96.0,1,183,0.8,264.0,85.0,0.2,10.8,0.0,22097,10,17913,119,0.0,0.1,0.37,0.65,1.02,29.3,0.03,0.04,0.07,2.0,325.4,198.0,78.0,118.8,256.0,69.0,76.0,296.0,87.0,51.8,271.0,87.0,,,,33,,Bashir,Humphreys,Humphreys,,,1320,0,2,2,28,0,0,0,5,0,0,14,121,,,,0.0,0.14,1.91,0.95,8.25,26,95,56
194,i,0.0,0.0,3.9,762,218.0,0,0.0,-1,1.0,0.1,565,202.0,0,0,0.0,556.0,201.0,0,0,0.0,402.0,146.0,0.0,0.0,0.0,2159,4,15762,3,0.0,0.0,0.0,0.0,0.0,0.0,0.0,0.0,0.0,0.0,0.0,546.0,200.0,0.0,533.0,200.0,0.0,501.0,195.0,0.0,548.0,200.0,,,,33,,Jordan,Beyer,Jordan,Hamstring injury - Unknown return date,,0,0,0,0,0,0,0,0,0,0,0,0,0,,,,0.0,0.0,0.0,0.0,0.0,0,0,0
195,a,100.0,100.0,3.8,814,255.0,0,0.0,-2,2.0,0.3,337,120.0,20,0,1.2,441.0,157.0,0,97,0.2,344.0,109.0,0.1,5.3,0.0,48910,18,40821,185,0.0,-1.1,0.33,1.2,1.53,23.0,0.03,0.1,0.13,1.86,183.2,298.0,114.0,231.8,163.0,41.0,62.0,319.0,99.0,47.5,282.0,90.0,,,,33,,Lucas,Pires Silva,Lucas Pires,,,1110,0,0,1,26,0,0,0,0,1,0,12,75,,,,0.0,0.08,2.11,0.97,6.08,24,51,70
196,u,0.0,0.0,4.0,684,171.0,0,0.0,0,0.0,0.0,616,220.0,0,0,0.0,594.0,218.0,0,0,0.0,444.0,165.0,0.0,0.0,0.0,202,0,9708,1,0.0,0.0,0.0,0.0,0.0,0.0,0.0,0.0,0.0,0.0,0.0,584.0,217.0,0.0,575.0,217.0,0.0,544.0,213.0,0.0,586.0,217.0,,,,33,,Shurandy,Sambo,Sambo,has joined Sparta Rotterdam on loan for the rest of the season.,,0,0,0,0,0,0,0,0,0,0,0,0,0,,,,0.0,0.0,0.0,0.0,0.0,0,0,0
197,u,0.0,0.0,3.8,809,250.0,0,0.0,-2,2.0,0.2,396,147.0,13,0,1.9,354.0,129.0,0,20,0.0,380.0,136.0,0.0,3.4,0.0,34622,0,35819,62,0.0,0.0,0.55,0.08,0.63,3.79,0.3,0.04,0.34,2.08,44.8,424.0,158.0,18.1,403.0,146.0,30.0,369.0,124.0,9.2,426.0,154.0,,,,33,,Oliver,Sonne,Sonne,has joined Sparta Prague on loan for the rest of the season.,,164,1,0,0,4,0,0,0,0,0,0,1,10,,,,0.0,0.0,2.2,0.55,3.84,2,5,4
201,u,0.0,0.0,5.4,159,99.0,0,0.0,-1,1.0,0.0,717,296.0,0,0,0.0,807.0,357.0,0,0,0.0,779.0,340.0,0.0,0.0,0.0,1070,0,3153,2,0.0,0.0,0.0,0.0,0.0,0.0,0.0,0.0,0.0,0.0,0.0,806.0,356.0,0.0,805.0,356.0,0.0,803.0,355.0,0.0,806.0,356.0,,,,33,,Manuel,Benson Hedilazio,Benson,has joined Maccabi Haifa permanently.,,0,0,0,0,0,0,0,0,0,0,0,0,0,,,,0.0,0.0,0.0,0.0,0.0,0,0,0
202,a,100.0,100.0,5.2,204,126.0,0,0.0,-3,3.0,0.0,620,239.0,38,1,1.5,416.0,181.0,0,112,0.5,312.0,149.0,0.1,7.3,0.0,6447,13,8986,23,0.0,-0.5,1.35,1.07,2.42,23.04,0.12,0.1,0.22,2.08,114.8,361.0,161.0,193.2,187.0,124.0,132.0,230.0,126.0,44.0,298.0,148.0,,2.0,3.0,33,,Jacob,Bruun Larsen,Bruun Larsen,,,998,0,1,3,29,0,0,0,0,0,0,10,63,,,,0.0,0.27,2.62,0.9,5.68,12,20,31
203,a,,,4.7,395,246.0,0,0.0,-3,3.0,0.0,594,223.0,0,0,0.0,770.0,331.0,0,0,0.0,699.0,282.0,0.0,0.0,0.0,4533,8,7595,13,0.0,-1.5,0.0,0.0,0.0,0.0,0.0,0.0,0.0,0.0,0.0,769.0,330.0,0.0,764.0,330.0,0.0,755.0,327.0,0.0,769.0,330.0,,,,33,,Enock,Agyei,Boateng,,,0,0,0,0,0,0,0,0,0,0,0,0,0,,,,0.0,0.0,0.0,0.0,0.0,0,0,0
204,u,0.0,0.0,4.9,317,197.0,0,0.0,-1,1.0,0.0,730,303.0,0,0,0.0,780.0,337.0,0,0,0.0,724.0,300.0,0.0,0.0,0.0,160,0,2086,0,0.0,0.0,0.0,0.0,0.0,0.0,0.0,0.0,0.0,0.0,0.0,779.0,336.0,0.0,775.0,336.0,0.0,771.0,334.0,0.0,779.0,336.0,,,,33,,Darko,Churlinov,Churlinov,has joined Kocaelispor  permanently.,,0,0,0,0,0,0,0,0,0,0,0,0,0,,,,0.0,0.0,0.0,0.0,0.0,0,0,0
205,i,0.0,0.0,4.9,296,183.0,0,0.0,-1,1.0,0.8,215,74.0,70,0,3.9,68.0,31.0,8,321,0.0,713.0,293.0,0.0,14.3,0.0,568723,2,543681,118,0.0,0.0,0.94,1.36,2.3,32.5,0.06,0.08,0.14,1.93,342.0,190.0,76.0,218.1,168.0,114.0,98.0,269.0,146.0,66.0,215.0,105.0,,,,33,,Josh,Cullen,Cullen,Knee injury - Expected back 30 Sep,,1513,2,2,3,29,1,0,0,2,0,0,18,173,,,,0.0,0.18,1.73,1.07,10.29,32,68,73
206,a,100.0,100.0,4.7,380,237.0,0,0.0,-3,3.0,0.1,482,168.0,49,2,2.3,301.0,129.0,2,178,1.2,220.0,102.0,0.3,10.4,0.0,26509,11,27250,109,0.0,0.9,1.48,1.7,3.18,23.06,0.13,0.15,0.28,2.0,173.6,306.0,134.0,255.7,147.0,99.0,218.0,137.0,79.0,64.6,221.0,107.0,,3.0,,33,,Marcus,Edwards,Edwards,,,1040,1,3,1,18,0,0,0,0,0,0,11,66,,,,0.0,0.09,1.56,0.95,5.71,11,6,49
207,d,25.0,25.0,4.7,390,242.0,0,0.0,-3,3.0,0.1,423,145.0,52,0,2.3,302.0,130.0,4,215,0.2,351.0,165.0,0.0,11.1,0.0,29870,5,33718,284,0.0,-0.3,0.56,1.33,1.89,23.52,0.05,0.12,0.17,2.16,203.8,283.0,118.0,236.8,161.0,108.0,88.0,282.0,151.0,52.8,264.0,133.0,,,,33,,Hannibal,Mejbri,Hannibal,Hamstring injury - 25% chance of playing,,981,1,4,2,22,0,0,0,7,0,0,12,95,,,,0.0,0.18,2.02,1.1,8.72,25,14,56
208,u,0.0,0.0,5.0,267,162.0,0,0.0,0,0.0,0.0,742,312.0,0,0,0.0,797.0,350.0,0,0,0.0,750.0,318.0,0.0,0.0,0.0,68,0,3035,1,0.0,0.0,0.0,0.0,0.0,0.0,0.0,0.0,0.0,0.0,0.0,796.0,349.0,0.0,794.0,349.0,0.0,789.0,347.0,0.0,796.0,349.0,,,,33,,Luca,Koleosho,Koleosho,has joined Paris FC on loan for the rest of the season.,,0,0,0,0,0,0,0,0,0,0,0,0,0,,,,0.0,0.0,0.0,0.0,0.0,0,0,0
210,a,,,4.8,365,227.0,0,0.0,-2,2.0,0.0,633,245.0,40,1,1.7,393.0,169.0,0,135,0.5,305.0,144.0,0.1,8.3,0.0,4953,2,6131,6,0.0,-0.5,0.96,0.68,1.64,16.89,0.1,0.07,0.17,1.78,103.0,369.0,164.0,111.8,266.0,164.0,118.0,246.0,134.0,33.5,337.0,165.0,,4.0,,33,,Loum,Tchaouna,Tchaouna,,,853,1,1,2,16,0,0,0,1,0,0,9,48,,,,0.0,0.21,1.69,0.95,5.06,14,11,23
211,u,0.0,0.0,4.4,543,325.0,0,0.0,-1,1.0,1.4,164,58.0,0,0,0.0,675.0,258.0,0,0,0.0,570.0,189.0,0.0,0.0,0.0,62789,0,932918,68,0.0,0.0,0.0,0.0,0.0,0.0,0.0,0.0,0.0,0.0,0.0,666.0,249.0,0.0,662.0,253.0,0.0,641.0,243.0,0.0,668.0,251.0,,,,33,,Aaron,Ramsey,A.Ramsey,has joined Leicester City on loan for the rest of the season.,,0,0,0,0,0,0,0,0,0,0,0,0,0,,,,0.0,0.0,0.0,0.0,0.0,0,0,0
212,u,0.0,0.0,4.5,481,294.0,0,0.0,0,0.0,0.0,770,329.0,0,0,0.0,738.0,306.0,0,0,0.0,653.0,248.0,0.0,0.0,0.0,0,0,2768,1,0.0,0.0,0.0,0.0,0.0,0.0,0.0,0.0,0.0,0.0,0.0,735.0,303.0,0.0,729.0,304.0,0.0,715.0,299.0,0.0,736.0,304.0,,,,33,,Oluwaseun,Adewumi,Adewumi,Has joined Cercle Brugge on loan for the rest of the season.,,0,0,0,0,0,0,0,0,0,0,0,0,0,,,,0.0,0.0,0.0,0.0,0.0,0,0,0
213,u,0.0,0.0,4.5,466,284.0,0,0.0,0,0.0,0.0,624,241.0,1,0,1.0,482.0,214.0,0,2,0.0,639.0,238.0,0.0,0.2,0.0,7482,0,9207,9,0.0,0.0,0.0,0.0,0.0,0.05,0.0,0.0,0.0,0.5,0.0,723.0,294.0,0.5,479.0,230.0,0.0,702.0,289.0,0.0,724.0,295.0,,,,33,,Jaydon,Banel,Banel,has joined Derby County on loan for the rest of the season.,,9,0,0,0,0,0,0,0,0,0,0,0,0,,,,0.0,0.0,0.0,0.0,0.0,0,0,0
214,a,100.0,100.0,4.3,587,347.0,0,0.0,-2,2.0,0.1,550,202.0,5,0,1.0,466.0,201.0,0,16,0.2,347.0,164.0,0.0,1.2,0.0,13240,88,16531,33,0.0,-1.1,0.0,0.0,0.0,0.59,0.0,0.0,0.0,1.56,7.2,475.0,213.0,15.2,408.0,204.0,2.0,446.0,219.0,2.4,470.0,212.0,,,,33,,Mike,Trésor Ndayishimiye,Trésor,,,34,0,0,0,2,0,0,0,0,0,0,0,4,,,,0.0,0.0,5.29,0.0,10.59,1,0,3
215,a,100.0,100.0,5.3,190,44.0,0,0.0,-2,2.0,0.4,295,45.0,80,7,3.3,157.0,15.0,8,303,4.0,62.0,8.0,0.8,15.1,0.0,187532,178,169554,640,0.0,6.5,6.58,0.3,6.88,28.76,0.44,0.02,0.46,1.91,385.8,159.0,17.0,131.6,247.0,28.0,462.0,43.0,18.0,97.1,118.0,19.0,,5.0,1.0,33,,Zian,Flemming,Flemming,,,1355,9,0,3,27,0,0,0,3,0,0,16,76,,,,0.0,0.2,1.79,1.06,5.05,11,38,27
216,d,50.0,50.0,4.8,368,63.0,0,0.0,-2,2.0,0.0,673,86.0,0,0,0.0,772.0,84.0,0,0,0.0,706.0,75.0,0.0,0.0,0.0,2463,3,6639,5,0.0,-0.8,0.0,0.0,0.0,0.0,0.0,0.0,0.0,0.0,0.0,771.0,84.0,0.0,766.0,83.0,0.0,761.0,83.0,0.0,771.0,84.0,,,,33,,Zeki,Amdouni,Amdouni,Lack of match fitness - 50% chance of playing,,0,0,0,0,0,0,0,0,0,0,0,0,0,,,,0.0,0.0,0.0,0.0,0.0,0,0,0
217,a,100.0,100.0,4.9,321,60.0,0,0.0,-1,1.0,0.8,217,31.0,56,1,2.3,303.0,34.0,4,198,1.5,195.0,27.0,0.3,11.4,0.0,455912,62,450411,216,0.0,1.5,3.14,0.36,3.5,26.31,0.21,0.02,0.23,1.79,217.8,271.0,27.0,146.9,228.0,23.0,237.0,121.0,30.0,59.5,240.0,31.0,,,,33,,Lyle,Foster,Foster,,,1322,3,2,4,30,0,0,0,4,0,0,15,81,,,,0.0,0.27,2.04,1.02,5.51,15,26,40
218,a,,,4.2,624,88.0,0,0.0,-3,3.0,1.3,174,27.0,5,0,1.0,464.0,56.0,0,10,0.2,346.0,48.0,0.0,1.2,0.0,234067,226,363096,685,0.0,-1.1,0.11,0.0,0.11,2.07,0.28,0.0,0.28,5.32,0.2,511.0,62.0,0.6,476.0,60.0,9.0,421.0,57.0,1.0,487.0,58.0,,,2.0,33,,Ashley,Barnes,Barnes,,,35,0,0,0,3,0,0,0,1,0,0,0,2,,,,0.0,0.0,7.71,0.0,5.14,0,0,2
219,u,0.0,0.0,4.4,531,75.0,0,0.0,-1,1.0,0.1,474,67.0,0,0,0.0,672.0,68.0,0,0,0.0,565.0,58.0,0.0,0.0,0.0,4151,0,40726,9,0.0,0.0,0.0,0.0,0.0,0.0,0.0,0.0,0.0,0.0,0.0,663.0,68.0,0.0,659.0,67.0,0.0,638.0,67.0,0.0,665.0,68.0,,,,33,,Michael,Obafemi,Obafemi,has joined Blackpool on loan for the rest of the season.,,0,0,0,0,0,0,0,0,0,0,0,0,0,,,,0.0,0.0,0.0,0.0,0.0,0,0,0
470,a,100.0,100.0,4.0,664,40.0,0,0.0,0,0.0,28.7,10,2.0,90,0,2.7,230.0,25.0,7,397,1.0,223.0,17.0,0.2,22.5,0.0,1771385,859,1912854,14216,0.0,0.5,0.0,0.04,0.04,66.08,0.0,0.0,0.0,2.0,882.8,7.0,1.0,0.0,557.0,49.0,0.0,526.0,36.0,88.5,147.0,1.0,,,,33,,Martin,Dúbravka,Dúbravka,,,2970,0,0,4,67,0,0,0,1,0,114,33,96,,,,3.45,0.12,2.03,1.0,0.0,1,57,274
614,a,100.0,100.0,5.6,122,76.0,0,0.0,-4,4.0,0.2,375,128.0,31,2,2.4,290.0,125.0,0,196,1.8,174.0,70.0,0.3,5.5,0.0,23557,34,49682,174,0.0,2.1,0.17,1.66,1.83,17.89,0.02,0.16,0.18,1.77,177.4,302.0,133.0,350.5,85.0,63.0,13.0,406.0,199.0,54.0,260.0,129.0,1.0,1.0,,33,,James,Ward-Prowse,Ward-Prowse,,,908,0,1,2,23,0,0,0,1,0,0,10,83,,,,0.0,0.2,2.28,0.99,8.23,10,38,35
676,a,100.0,100.0,5.0,273,167.0,0,0.0,0,0.0,0.1,468,162.0,88,2,2.8,221.0,89.0,5,325,1.5,197.0,86.0,0.3,17.6,0.0,44012,13,40568,73,0.0,1.5,2.3,0.29,2.59,48.6,0.1,0.01,0.11,2.07,376.8,167.0,60.0,150.2,223.0,143.0,194.0,160.0,90.0,71.9,196.0,98.0,,,,33,,Lesley,Ugochukwu,Ugochukwu,,,2108,3,2,3,47,0,0,0,1,1,0,24,192,,,,0.0,0.13,2.01,1.02,8.2,47,56,89
680,a,100.0,100.0,5.2,210,48.0,0,0.0,-3,3.0,0.1,419,62.0,41,1,1.9,361.0,41.0,2,113,0.5,313.0,42.0,0.1,7.9,0.0,48105,24,60867,53,0.0,-0.5,2.14,0.14,2.28,22.05,0.23,0.02,0.25,2.42,99.6,375.0,40.0,68.8,323.0,39.0,205.0,152.0,35.0,37.0,322.0,37.0,,,,33,,Armando,Broja,Broja,,,821,1,1,1,27,0,0,0,0,0,0,8,42,,,,0.0,0.11,2.96,0.88,4.6,6,11,25
722,a,,,5.0,251,151.0,0,0.0,0,0.0,0.0,614,236.0,70,3,2.7,235.0,93.0,0,300,1.0,238.0,107.0,0.2,14.0,0.0,15012,7,13594,21,0.0,0.5,0.58,0.45,1.03,40.06,0.03,0.02,0.05,1.99,352.8,185.0,71.0,195.0,186.0,123.0,45.0,341.0,178.0,59.4,241.0,117.0,,,,33,,Florentino Ibrain,Morris Luís,Florentino,,,1814,0,2,2,41,0,0,0,6,0,0,22,266,,,,0.0,0.1,2.03,1.09,13.2,79,93,94
784,a,,,4.5,519,324.0,0,0.0,0,0.0,0.0,799,353.0,0,0,0.0,766.0,328.0,0,0,0.0,689.0,277.0,0.0,0.0,0.0,514,1,397,4,0.0,-1.5,0.0,0.0,0.0,0.0,0.0,0.0,0.0,0.0,0.0,765.0,327.0,0.0,758.0,327.0,0.0,746.0,324.0,0.0,765.0,327.0,,,,33,,George,Brierley,Brierley,,,0,0,0,0,0,0,0,0,0,0,0,0,0,,,,0.0,0.0,0.0,0.0,0.0,0,0,0
820,a,,,4.5,511,317.0,0,0.0,0,0.0,0.0,815,361.0,0,0,0.0,760.0,322.0,0,0,0.0,682.0,270.0,0.0,0.0,0.0,160,1,72,3,0.0,-1.5,0.0,0.0,0.0,0.0,0.0,0.0,0.0,0.0,0.0,759.0,321.0,0.0,752.0,321.0,0.0,739.0,317.0,0.0,759.0,321.0,,,,33,,Kian,McMahon-Brown,McMahon-Brown,,,0,0,0,0,0,0,0,0,0,0,0,0,0,,,,0.0,0.0,0.0,0.0,0.0,0,0,0
66,u,0.0,0.0,4.5,409,22.0,0,0.0,0,0.0,0.1,574,78.0,0,0,0.0,694.0,94.0,0,0,0.0,597.0,89.0,0.0,0.0,0.0,0,0,16612,0,0.0,0.0,0.0,0.0,0.0,0.0,0.0,0.0,0.0,0.0,0.0,688.0,94.0,0.0,683.0,87.0,0.0,664.0,77.0,0.0,690.0,94.0,,,,33,,Norberto,Murara Neto,Neto,Has joined Botafogo permanently.,,0,0,0,0,0,0,0,0,0,0,0,0,0,,,,0.0,0.0,0.0,0.0,0.0,0,0,0
67,a,,,4.6,401,20.0,0,0.0,1,-1.0,5.6,69,10.0,105,1,3.2,169.0,20.0,5,431,1.0,232.0,20.0,0.2,22.8,0.0,1154261,564,835866,6383,0.0,2.0,0.0,0.0,0.0,50.27,0.0,0.0,0.0,1.52,730.6,22.0,6.0,0.0,759.0,89.0,0.0,748.0,81.0,73.2,185.0,7.0,,,,33,,Đorđe,Petrović,Petrović,,,2970,0,0,9,50,1,0,0,3,0,98,33,98,,,,2.97,0.27,1.52,1.0,0.0,0,60,249
68,u,0.0,0.0,4.0,683,50.0,0,0.0,0,0.0,0.7,228,30.0,0,0,0.0,593.0,72.0,0,0,0.0,443.0,63.0,0.0,0.0,0.0,47217,0,90169,104,0.0,0.0,0.0,0.0,0.0,0.0,0.0,0.0,0.0,0.0,0.0,583.0,72.0,0.0,574.0,59.0,0.0,543.0,46.0,0.0,585.0,72.0,,,,33,,Will,Dennis,Dennis,has joined Leyton Orient on loan for the rest of the season.,,0,0,0,0,0,0,0,0,0,0,0,0,0,,,,0.0,0.0,0.0,0.0,0.0,0,0,0
69,a,,,3.9,784,92.0,0,0.0,-1,1.0,0.2,357,49.0,0,0,0.0,573.0,62.0,0,0,0.0,420.0,51.0,0.0,0.0,0.0,23402,21,21220,59,0.0,0.0,0.0,0.0,0.0,0.0,0.0,0.0,0.0,0.0,0.0,563.0,62.0,0.0,551.0,46.0,0.0,519.0,33.0,0.0,565.0,62.0,,,,33,,Callan,McKenna,McKenna,,,0,0,0,0,0,0,0,0,0,0,0,0,0,,,,0.0,0.0,0.0,0.0,0.0,0,0,0
70,u,0.0,0.0,4.0,700,58.0,0,0.0,0,0.0,0.1,577,79.0,0,0,0.0,607.0,80.0,0,0,0.0,459.0,71.0,0.0,0.0,0.0,1107,0,10589,3,0.0,0.0,0.0,0.0,0.0,0.0,0.0,0.0,0.0,0.0,0.0,597.0,80.0,0.0,588.0,67.0,0.0,557.0,54.0,0.0,599.0,80.0,,,,33,,Alex,Paulsen,Paulsen,Has joined Lechia Gdansk on loan for the rest of the season.,,0,0,0,0,0,0,0,0,0,0,0,0,0,,,,0.0,0.0,0.0,0.0,0.0,0,0,0
71,u,0.0,0.0,5.0,264,41.0,0,0.0,0,0.0,0.0,672,236.0,0,0,0.0,796.0,265.0,0,0,0.0,749.0,257.0,0.0,0.0,0.0,0,0,8221,0,0.0,0.0,0.0,0.0,0.0,0.0,0.0,0.0,0.0,0.0,0.0,795.0,265.0,0.0,793.0,265.0,0.0,788.0,265.0,0.0,795.0,265.0,,,,33,,Illia,Zabarnyi,Zabarnyi,Has joined Paris Saint-Germain permanently.,,0,0,0,0,0,0,0,0,0,0,0,0,0,,,,0.0,0.0,0.0,0.0,0.0,0,0,0
72,a,100.0,100.0,5.2,208,28.0,0,0.0,7,-7.0,22.7,13,4.0,143,2,4.5,31.0,12.0,11,464,2.0,157.0,61.0,0.4,27.5,0.0,5947608,5564,3269270,38356,0.0,4.0,1.4,4.2,5.6,48.32,0.04,0.13,0.17,1.53,969.4,4.0,2.0,322.0,102.0,25.0,181.0,173.0,39.0,147.5,37.0,3.0,,,,33,,Marcos,Senesi Barón,Senesi,,,2838,0,4,9,49,0,0,0,8,0,0,32,415,,,,0.0,0.29,1.55,1.01,11.8,56,316,133
75,a,100.0,100.0,3.8,810,251.0,0,0.0,-2,2.0,0.2,383,140.0,0,0,0.0,540.0,196.0,0,0,0.0,381.0,137.0,0.0,0.0,0.0,15521,24,33228,40,0.0,0.0,0.0,0.0,0.0,0.0,0.0,0.0,0.0,0.0,0.0,530.0,195.0,0.0,512.0,194.0,0.0,479.0,188.0,0.0,532.0,195.0,,,,33,,Matai,Akinmboni,Akinmboni,,,0,0,0,0,0,0,0,0,0,0,0,0,0,,,,0.0,0.0,0.0,0.0,0.0,0,0,0
76,a,,,3.8,808,249.0,0,0.0,-2,2.0,0.2,392,146.0,0,0,0.0,539.0,195.0,0,0,0.0,379.0,135.0,0.0,0.0,0.0,16139,21,20821,45,0.0,0.0,0.0,0.0,0.0,0.0,0.0,0.0,0.0,0.0,0.0,529.0,194.0,0.0,511.0,193.0,0.0,478.0,187.0,0.0,531.0,194.0,,,,33,,Owen,Bevan,Bevan,,,0,0,0,0,0,0,0,0,0,0,0,0,0,,,,0.0,0.0,0.0,0.0,0.0,0,0,0
77,a,,,4.2,637,146.0,0,0.0,2,-2.0,8.4,45,14.0,89,4,3.7,89.0,31.0,2,313,2.3,129.0,49.0,0.5,21.2,0.0,1354191,617,296382,14363,0.0,4.6,0.69,1.09,1.77,26.97,0.04,0.06,0.1,1.47,480.8,109.0,48.0,117.8,257.0,70.0,105.0,262.0,74.0,70.6,204.0,70.0,,,,33,,James,Hill,Hill,,,1652,0,3,6,20,1,0,0,3,0,0,17,218,,,,0.0,0.33,1.09,0.93,11.39,31,178,56
78,u,0.0,0.0,3.8,799,241.0,0,0.0,-2,2.0,0.5,271,102.0,0,0,0.0,534.0,190.0,0,0,0.0,371.0,128.0,0.0,0.0,0.0,47440,0,135195,82,0.0,0.0,0.0,0.0,0.0,0.0,0.0,0.0,0.0,0.0,0.0,524.0,189.0,0.0,505.0,188.0,0.0,472.0,182.0,0.0,526.0,189.0,,,,33,,Julián,Araujo Zúñiga,J.Araujo,has joined Celtic on loan for the rest of the season.,,0,0,0,0,0,0,0,0,0,0,0,0,0,,,,0.0,0.0,0.0,0.0,0.0,0,0,0
80,a,100.0,100.0,3.9,786,230.0,0,0.0,-1,1.0,0.2,388,144.0,3,0,1.0,457.0,165.0,0,2,0.0,422.0,155.0,0.0,0.8,0.0,17747,22,34232,15,0.0,0.0,0.0,0.0,0.0,1.62,0.0,0.0,0.0,4.29,1.8,498.0,176.0,2.5,459.0,166.0,2.0,443.0,166.0,0.6,496.0,173.0,,,,33,,Julio,Soler Barreto,Soler,,,34,0,0,0,2,0,0,0,0,0,0,0,1,,,,0.0,0.0,5.29,0.0,2.65,1,0,4
81,i,0.0,0.0,6.9,39,24.0,0,0.0,-1,1.0,0.6,247,88.0,40,0,2.2,320.0,140.0,3,147,0.0,822.0,367.0,0.0,5.8,0.0,190670,11,252714,77,0.0,0.0,2.24,1.54,3.78,16.78,0.22,0.15,0.37,1.65,146.6,333.0,149.0,304.1,115.0,82.0,128.0,237.0,130.0,57.8,247.0,120.0,,3.0,1.0,33,,Justin,Kluivert,Kluivert,Knee injury - Expected back 09 May,,914,2,0,4,18,0,0,0,4,0,0,10,62,,,,0.0,0.39,1.77,0.98,6.11,10,8,44
88,d,25.0,25.0,4.9,290,179.0,0,0.0,-1,1.0,0.0,628,243.0,38,0,2.4,285.0,121.0,0,184,0.0,710.0,290.0,0.0,7.8,0.0,11795,4,11191,24,0.0,0.0,0.07,0.52,0.59,13.49,0.01,0.05,0.06,1.4,206.0,282.0,117.0,183.3,194.0,127.0,12.0,410.0,200.0,40.4,311.0,155.0,4.0,,,33,,Lewis,Cook,Cook,Lack of match fitness - 25% chance of playing,,870,0,1,1,18,0,0,0,1,1,0,8,143,,,,0.0,0.1,1.86,0.83,14.79,25,56,62
90,a,100.0,100.0,5.1,240,144.0,1,-1.0,1,-1.0,3.2,104,34.0,121,1,3.7,100.0,43.0,9,536,4.3,44.0,17.0,0.8,23.7,0.0,578844,1044,162865,12141,0.0,8.6,3.72,2.39,6.11,42.64,0.13,0.09,0.22,1.54,536.6,80.0,25.0,388.1,73.0,57.0,295.0,97.0,58.0,121.6,71.0,44.0,3.0,6.0,,33,,Alex,Scott,Scott,,,2488,3,2,9,38,0,0,0,4,0,0,30,331,,,,0.0,0.33,1.37,1.09,11.97,53,117,161
91,u,0.0,0.0,5.0,253,152.0,0,0.0,0,0.0,0.0,747,316.0,0,0,0.0,792.0,346.0,0,0,0.0,744.0,313.0,0.0,0.0,0.0,396,0,3905,1,0.0,0.0,0.0,0.0,0.0,0.0,0.0,0.0,0.0,0.0,0.0,791.0,345.0,0.0,789.0,345.0,0.0,784.0,343.0,0.0,791.0,345.0,,,,33,,Luis,Sinisterra Lucumí,Sinisterra,has joined Cruzeiro on loan for the rest of the season.,,0,0,0,0,0,0,0,0,0,0,0,0,0,,,,0.0,0.0,0.0,0.0,0.0,0,0,0
92,u,0.0,0.0,4.5,434,258.0,0,0.0,0,0.0,0.1,563,207.0,0,0,0.0,705.0,277.0,0,0,0.0,612.0,215.0,0.0,0.0,0.0,4403,0,19794,2,0.0,0.0,0.0,0.0,0.0,0.0,0.0,0.0,0.0,0.0,0.0,699.0,271.0,0.0,695.0,274.0,0.0,678.0,267.0,0.0,701.0,273.0,,,,33,,Romain,Faivre,Faivre,has joined Auxerre permanently.,,0,0,0,0,0,0,0,0,0,0,0,0,0,,,,0.0,0.0,0.0,0.0,0.0,0,0,0
93,u,0.0,0.0,4.5,429,255.0,0,0.0,0,0.0,0.3,342,118.0,4,0,4.0,58.0,28.0,0,12,0.0,608.0,212.0,0.0,0.9,0.0,114900,0,165820,31,0.0,0.0,0.0,0.0,0.0,0.4,0.0,0.0,0.0,2.25,21.2,455.0,201.0,10.0,430.0,212.0,0.0,674.0,264.0,3.1,464.0,209.0,,,,33,,Hamed,Traorè,H.Traorè,has joined Marseille on loan for the rest of the season.,,16,0,1,0,2,0,0,0,0,0,0,0,4,,,,0.0,0.0,11.25,0.0,22.5,1,1,2
94,u,0.0,0.0,4.5,465,283.0,0,0.0,0,0.0,0.0,649,253.0,0,0,0.0,727.0,298.0,0,0,0.0,638.0,237.0,0.0,0.0,0.0,3895,0,8247,2,0.0,0.0,0.0,0.0,0.0,0.0,0.0,0.0,0.0,0.0,0.0,722.0,293.0,0.0,717.0,295.0,0.0,701.0,288.0,0.0,723.0,294.0,,,,33,,Dominic,Sadi,Sadi,has joined Novi Pazar on loan for the rest of the season.,,0,0,0,0,0,0,0,0,0,0,0,0,0,,,,0.0,0.0,0.0,0.0,0.0,0,0,0
95,u,0.0,0.0,4.4,554,333.0,0,0.0,-1,1.0,0.1,582,217.0,0,0,0.0,681.0,264.0,0,0,0.0,579.0,197.0,0.0,0.0,0.0,15405,0,21635,6,0.0,0.0,0.0,0.0,0.0,0.0,0.0,0.0,0.0,0.0,0.0,673.0,256.0,0.0,669.0,260.0,0.0,649.0,251.0,0.0,675.0,258.0,,,,33,,Zain,Silcott-Duberry,Silcott-Duberry,has joined Olympiakos permanently.,,0,0,0,0,0,0,0,0,0,0,0,0,0,,,,0.0,0.0,0.0,0.0,0.0,0,0,0
96,u,0.0,0.0,4.5,498,308.0,0,0.0,0,0.0,0.0,648,252.0,1,0,1.0,489.0,220.0,0,3,0.0,670.0,262.0,0.0,0.2,0.0,2964,0,10037,1,0.0,0.0,0.0,0.0,0.0,0.31,0.0,0.0,0.0,4.65,0.0,749.0,314.0,0.0,742.0,314.0,0.0,729.0,310.0,0.0,749.0,314.0,,,,33,,Ben,Winterburn,Winterburn,has joined Barnet on loan for the rest of the season.,,6,0,0,0,2,0,0,0,0,0,0,0,0,,,,0.0,0.0,30.0,0.0,0.0,0,0,0
97,a,100.0,100.0,6.7,46,16.0,0,0.0,-3,3.0,2.9,116,19.0,104,5,3.4,145.0,14.0,6,368,3.3,94.0,13.0,0.5,15.5,0.0,1268061,2530,1176807,6094,0.0,6.6,9.45,1.2,10.65,34.99,0.36,0.05,0.41,1.33,329.4,195.0,18.0,343.6,89.0,3.0,745.0,11.0,6.0,141.5,45.0,10.0,,,,33,,Francisco Evanilson,de Lima Barbosa,Evanilson,,,2370,6,6,9,37,0,0,0,1,0,0,27,110,,,,0.0,0.34,1.41,1.03,4.18,10,32,68
98,a,100.0,100.0,5.4,157,38.0,0,0.0,-1,1.0,0.0,591,80.0,23,1,1.2,444.0,53.0,1,61,0.7,286.0,39.0,0.1,4.3,0.0,14919,50,12138,54,0.0,1.4,1.85,0.06,1.91,4.16,0.95,0.03,0.98,2.14,50.8,420.0,50.0,13.0,417.0,54.0,86.0,286.0,49.0,14.1,403.0,51.0,,1.0,,33,,Enes,Ünal,Enes Ünal,,,175,1,0,0,2,0,0,0,1,0,0,0,15,,,,0.0,0.0,1.03,0.0,7.71,1,9,5
99,u,0.0,0.0,4.4,569,82.0,0,0.0,-1,1.0,0.1,439,63.0,0,0,0.0,691.0,75.0,0,0,0.0,592.0,65.0,0.0,0.0,0.0,22144,0,44552,7,0.0,0.0,0.0,0.0,0.0,0.0,0.0,0.0,0.0,0.0,0.0,685.0,75.0,0.0,680.0,74.0,0.0,661.0,74.0,0.0,687.0,75.0,,,,33,,Daniel,Adu-Adjei,Adu-Adjei,has joined HNK Rijeka permanently.,,0,0,0,0,0,0,0,0,0,0,0,0,0,,,,0.0,0.0,0.0,0.0,0.0,0,0,0
100,a,100.0,100.0,4.6,406,65.0,0,0.0,1,-1.0,6.0,65,12.0,87,2,3.1,184.0,18.0,8,384,2.7,115.0,15.0,0.6,18.9,0.0,2005203,2864,1393451,11563,0.0,5.4,6.65,1.03,7.68,22.0,0.46,0.07,0.53,1.53,417.4,136.0,13.0,255.0,148.0,12.0,441.0,48.0,19.0,111.3,84.0,15.0,,,2.0,33,,Junior,Kroupi,Kroupi.Jr,,,1297,10,0,7,19,0,0,0,4,0,0,16,96,,,,0.0,0.49,1.32,1.11,6.66,8,37,51
391,a,100.0,100.0,4.8,369,230.0,0,0.0,-2,2.0,0.0,640,249.0,9,1,1.5,413.0,178.0,0,26,0.3,329.0,155.0,0.1,1.9,0.0,4781,7,8150,9,0.0,0.6,0.09,0.1,0.19,3.51,0.12,0.13,0.25,4.65,28.4,442.0,197.0,14.9,409.0,205.0,17.0,397.0,197.0,6.0,447.0,200.0,,,,33,,Ben,Gannon-Doak,Gannon-Doak,,,68,0,1,0,1,0,0,0,0,0,0,0,9,,,,0.0,0.0,1.32,0.0,11.91,5,1,3
685,a,100.0,100.0,4.1,655,157.0,0,0.0,-4,4.0,0.3,339,122.0,46,0,2.6,248.0,97.0,2,164,0.0,503.0,208.0,0.0,11.2,0.0,99297,26,98287,92,0.0,0.0,0.02,0.19,0.21,22.47,0.0,0.01,0.01,1.59,267.0,239.0,95.0,54.3,345.0,120.0,22.0,385.0,134.0,34.4,333.0,111.0,,,,33,,Bafodé,Diakité,Diakité,,,1275,0,0,4,27,0,0,0,1,0,0,15,147,,,,0.0,0.28,1.91,1.06,8.26,20,97,48
697,a,,,5.4,173,108.0,0,0.0,-1,1.0,0.3,316,111.0,63,0,2.3,305.0,132.0,4,234,0.0,788.0,345.0,0.0,11.7,0.0,119766,18,86149,1055,0.0,0.0,2.55,1.59,4.14,16.45,0.22,0.14,0.36,1.45,264.8,240.0,102.0,222.9,167.0,113.0,251.0,115.0,69.0,73.3,184.0,92.0,,,,33,,Amine,Adli,Adli,,,1024,3,2,3,16,0,0,0,2,0,0,10,118,,,,0.0,0.26,1.41,0.88,10.37,34,25,59
799,a,,,4.5,514,319.0,0,0.0,0,0.0,0.0,776,333.0,0,0,0.0,762.0,324.0,0,0,0.0,684.0,272.0,0.0,0.0,0.0,796,3,377,7,0.0,0.0,0.0,0.0,0.0,0.0,0.0,0.0,0.0,0.0,0.0,761.0,323.0,0.0,754.0,323.0,0.0,741.0,319.0,0.0,761.0,323.0,,,,33,,Charlie,Stevens,Stevens,,,0,0,0,0,0,0,0,0,0,0,0,0,0,,,,0.0,0.0,0.0,0.0,0.0,0,0,0
801,a,,,4.9,340,211.0,0,0.0,-1,1.0,0.0,761,324.0,5,1,0.8,520.0,241.0,0,17,0.7,281.0,131.0,0.1,1.0,0.0,959,7,583,9,0.0,1.4,0.06,0.25,0.31,3.16,0.07,0.29,0.36,3.69,8.0,473.0,212.0,33.5,379.0,192.0,14.0,403.0,198.0,5.5,451.0,202.0,,,,33,,Alex,Tóth,Tóth.A,,,77,0,0,0,1,0,0,0,1,0,0,1,10,,,,0.0,0.0,1.17,1.17,11.69,1,4,5
27,a,100.0,100.0,4.8,351,221.0,0,0.0,-2,2.0,0.1,501,180.0,8,0,1.0,492.0,223.0,0,23,0.3,328.0,154.0,0.1,1.7,0.0,10686,11,18583,8,-0.2,0.3,0.71,0.09,0.8,2.01,0.64,0.08,0.72,1.81,22.0,452.0,200.0,17.8,405.0,203.0,25.0,376.0,190.0,6.0,446.0,199.0,,,,33,,Reiss,Nelson,Nelson,,,100,0,0,0,2,0,0,0,0,0,0,0,22,,,,0.0,0.0,1.8,0.0,19.8,3,3,16
83,a,100.0,100.0,5.9,99,66.0,0,0.0,-1,1.0,2.6,122,39.0,111,3,4.1,56.0,26.0,13,358,2.0,164.0,66.0,0.3,18.8,0.0,1011119,659,709524,2722,1.5,2.0,5.75,3.69,9.44,26.52,0.27,0.18,0.45,1.26,411.2,143.0,49.0,354.2,83.0,62.0,558.0,30.0,14.0,131.7,54.0,35.0,3.0,,,33,,Dango,Ouattara,O.Dango,,,1890,5,7,5,28,0,0,0,4,0,0,21,161,,,,0.0,0.24,1.33,1.0,7.67,18,66,77
101,a,100.0,100.0,4.8,352,12.0,0,0.0,3,-3.0,12.9,26,4.0,122,6,3.8,81.0,9.0,8,479,5.7,20.0,2.0,1.2,25.4,0.0,1592734,7098,1196179,3786,5.2,5.7,0.0,0.22,0.22,43.55,0.0,0.01,0.01,1.36,732.8,20.0,5.0,23.0,393.0,4.0,0.0,756.0,85.0,75.7,178.0,6.0,,,,33,,Caoimhín,Kelleher,Kelleher,,,2880,0,0,9,41,0,3,0,1,0,85,32,95,,,,2.66,0.28,1.28,1.0,0.0,1,41,249
102,a,,,3.9,761,80.0,0,0.0,-1,1.0,0.3,350,48.0,0,0,0.0,555.0,51.0,0,0,0.0,401.0,40.0,0.0,0.0,0.0,16810,24,25253,37,-0.5,0.0,0.0,0.0,0.0,0.0,0.0,0.0,0.0,0.0,0.0,545.0,51.0,0.0,532.0,34.0,0.0,500.0,21.0,0.0,547.0,51.0,,,,33,,Ellery,Balcombe,Balcombe,,,0,0,0,0,0,0,0,0,0,0,0,0,0,,,,0.0,0.0,0.0,0.0,0.0,0,0,0
103,u,0.0,0.0,3.9,777,88.0,0,0.0,-1,1.0,0.1,442,64.0,0,0,0.0,566.0,58.0,0,0,0.0,413.0,47.0,0.0,0.0,0.0,11791,0,15637,31,0.0,0.0,0.0,0.0,0.0,0.0,0.0,0.0,0.0,0.0,0.0,556.0,58.0,0.0,544.0,42.0,0.0,512.0,29.0,0.0,558.0,58.0,,,,33,,Matthew,Cox,Cox,has joined Shrewsbury Town on loan for the rest of the season.,,0,0,0,0,0,0,0,0,0,0,0,0,0,,,,0.0,0.0,0.0,0.0,0.0,0,0,0
104,a,,,3.9,780,89.0,0,0.0,-1,1.0,0.1,473,70.0,0,0,0.0,569.0,59.0,0,0,0.0,416.0,48.0,0.0,0.0,0.0,13245,13,11271,25,-0.5,0.0,0.0,0.0,0.0,0.0,0.0,0.0,0.0,0.0,0.0,559.0,59.0,0.0,547.0,43.0,0.0,515.0,30.0,0.0,561.0,59.0,,,,33,,Julian,Eyestone,Eyestone,,,0,0,0,0,0,0,0,0,0,0,0,0,0,,,,0.0,0.0,0.0,0.0,0.0,0,0,0
105,a,,,3.8,805,95.0,0,0.0,-2,2.0,0.7,227,29.0,1,0,1.0,453.0,36.0,0,1,0.0,376.0,28.0,0.0,0.3,0.0,49012,1093,77642,168,-0.5,0.0,0.0,0.0,0.0,0.97,0.0,0.0,0.0,0.97,13.0,460.0,36.0,0.0,508.0,19.0,0.0,475.0,6.0,1.3,484.0,36.0,,,,33,,Hákon Rafn,Valdimarsson,Valdimarsson,,,90,0,0,0,3,0,0,0,0,0,1,1,0,,,,1.0,0.0,3.0,1.0,0.0,0,0,7
107,a,,,4.8,361,62.0,0,0.0,-2,2.0,1.6,155,61.0,96,6,3.1,185.0,75.0,3,289,4.3,41.0,16.0,0.9,20.0,0.0,491195,1227,349885,673,3.8,4.3,2.59,2.09,4.68,24.81,0.15,0.12,0.27,1.48,303.8,215.0,84.0,283.9,130.0,36.0,262.0,107.0,14.0,85.0,151.0,50.0,,1.0,,33,,Keane,Lewis-Potter,Lewis-Potter,,,1512,3,2,8,24,0,0,0,1,0,0,17,76,,,,0.0,0.48,1.43,1.01,3.39,19,38,66
108,a,100.0,100.0,4.4,527,104.0,0,0.0,-1,1.0,0.2,361,132.0,70,0,2.9,201.0,80.0,1,196,0.0,562.0,231.0,0.0,15.9,0.0,43607,40,40982,177,-0.5,0.0,0.69,0.72,1.41,26.82,0.04,0.04,0.08,1.49,358.2,180.0,75.0,58.3,343.0,118.0,161.0,193.0,47.0,57.9,246.0,83.0,,,,33,,Kristoffer,Ajer,Ajer,,,1624,0,2,5,27,0,0,0,3,0,0,18,175,,,,0.0,0.28,1.5,1.0,9.31,35,133,50
109,i,0.0,0.0,4.3,581,128.0,0,0.0,-2,2.0,0.1,437,164.0,52,0,2.1,322.0,118.0,0,144,0.0,525.0,220.0,0.0,12.1,0.0,25901,7,31464,100,0.0,0.0,0.18,0.54,0.72,23.91,0.01,0.04,0.05,1.63,151.6,329.0,124.0,82.0,308.0,99.0,35.0,357.0,118.0,26.9,362.0,124.0,,,,33,,Rico,Henry,Henry,Hamstring injury - Unknown return date,,1322,0,2,4,22,0,0,0,2,0,0,14,78,,,,0.0,0.27,1.5,0.95,4.63,15,53,72
114,u,0.0,0.0,3.8,818,258.0,0,0.0,-2,2.0,0.2,390,145.0,0,0,0.0,545.0,200.0,0,0,0.0,388.0,143.0,0.0,0.0,0.0,12981,0,31263,27,0.0,0.0,0.0,0.0,0.0,0.0,0.0,0.0,0.0,0.0,0.0,535.0,199.0,0.0,518.0,199.0,0.0,486.0,194.0,0.0,537.0,199.0,,,,33,,Benjamin,Arthur,Arthur,has joined Celtic on loan for the rest of the season.,,0,0,0,0,0,0,0,0,0,0,0,0,0,,,,0.0,0.0,0.0,0.0,0.0,0,0,0
115,u,0.0,0.0,4.0,733,203.0,0,0.0,0,0.0,0.1,537,191.0,0,0,0.0,633.0,242.0,0,0,0.0,491.0,196.0,0.0,0.0,0.0,2020,0,14471,5,0.0,0.0,0.0,0.0,0.0,0.0,0.0,0.0,0.0,0.0,0.0,624.0,242.0,0.0,616.0,242.0,0.0,586.0,239.0,0.0,626.0,242.0,,,,33,,Benjamin,Fredrick,Fredrick,has joined Dender on loan for the rest of the season.,,0,0,0,0,0,0,0,0,0,0,0,0,0,,,,0.0,0.0,0.0,0.0,0.0,0,0,0
116,a,100.0,100.0,4.0,690,174.0,0,0.0,0,0.0,0.3,301,112.0,33,0,1.8,367.0,135.0,0,94,0.0,450.0,168.0,0.0,8.2,0.0,66198,83,83166,61,-0.5,0.0,0.4,0.17,0.57,6.47,0.06,0.03,0.09,0.99,82.6,390.0,145.0,16.2,407.0,147.0,42.0,346.0,113.0,13.9,404.0,145.0,,,,33,,Aaron,Hickey,Hickey,,,588,0,0,2,8,0,0,0,1,0,0,7,49,,,,0.0,0.31,1.22,1.07,6.43,12,30,33
117,u,0.0,0.0,3.9,785,229.0,0,0.0,-1,1.0,0.1,530,189.0,0,0,0.0,574.0,208.0,0,0,0.0,421.0,154.0,0.0,0.0,0.0,4108,0,15759,3,0.0,0.0,0.0,0.0,0.0,0.0,0.0,0.0,0.0,0.0,0.0,564.0,207.0,0.0,552.0,207.0,0.0,520.0,202.0,0.0,566.0,207.0,,,,33,,Kim,Ji-soo,Ji-soo,has joined Kaiserslautern on loan for the rest of the season.,,0,0,0,0,0,0,0,0,0,0,0,0,0,,,,0.0,0.0,0.0,0.0,0.0,0,0,0
122,i,0.0,0.0,5.2,214,132.0,0,0.0,-3,3.0,0.0,657,260.0,1,0,1.0,505.0,233.0,0,5,0.0,769.0,334.0,0.0,0.2,0.0,2094,3,7010,7,0.0,0.0,0.0,0.01,0.01,1.49,0.0,0.02,0.02,2.98,4.0,487.0,222.0,1.8,464.0,223.0,0.0,799.0,353.0,0.6,498.0,226.0,,,,33,,Antoni,Milambo,Milambo,Knee injury - Expected back 01 Jun,,45,0,0,0,3,0,0,0,0,0,0,1,4,,,,0.0,0.0,6.0,2.0,8.0,2,0,2
123,i,0.0,0.0,4.6,399,248.0,0,0.0,-4,4.0,0.1,475,165.0,13,0,2.2,314.0,135.0,1,42,0.0,690.0,278.0,0.0,2.8,0.0,27309,7,51634,8,0.0,0.0,0.7,0.03,0.73,2.08,0.63,0.03,0.66,1.87,39.0,429.0,187.0,6.5,442.0,214.0,36.0,356.0,184.0,8.1,430.0,193.0,,,4.0,33,,Fábio,Freitas Gouveia Carvalho,Carvalho,Knee injury - Expected back 01 Jun,,100,1,0,0,4,0,0,0,0,0,0,1,8,,,,0.0,0.0,3.6,0.9,7.2,3,0,5
124,i,0.0,0.0,5.0,243,147.0,0,0.0,0,0.0,0.3,319,112.0,75,0,2.6,252.0,102.0,5,332,1.7,177.0,72.0,0.3,15.0,0.0,100948,4,105995,408,0.0,0.0,0.33,2.25,2.58,25.95,0.02,0.11,0.13,1.29,328.0,197.0,82.0,336.0,97.0,71.0,45.0,340.0,177.0,70.9,202.0,99.0,,,,33,,Jordan,Henderson,Henderson,Knock - Expected back 02 May,,1814,1,3,6,26,0,0,0,4,0,0,21,178,,,,0.0,0.3,1.29,1.04,8.83,26,58,94
125,i,0.0,0.0,4.9,301,187.0,0,0.0,-1,1.0,0.1,459,156.0,70,0,3.2,171.0,68.0,6,300,0.0,716.0,295.0,0.0,14.3,0.0,67550,3,57300,190,0.0,0.0,0.82,1.88,2.7,20.22,0.06,0.14,0.2,1.45,329.0,196.0,81.0,313.6,109.0,79.0,91.0,278.0,149.0,72.5,192.0,95.0,2.0,,,33,,Vitaly,Janelt,Janelt,Foot injury - Unknown return date,,1253,1,4,5,16,0,0,0,7,0,0,13,164,,,,0.0,0.36,1.15,0.93,11.78,24,66,74
126,a,,,4.9,304,189.0,0,0.0,-1,1.0,0.1,487,171.0,77,3,2.5,266.0,108.0,0,379,3.3,87.0,35.0,0.7,15.7,0.0,20544,104,20903,60,2.8,3.3,2.07,4.76,6.83,26.93,0.1,0.23,0.33,1.33,334.6,193.0,79.0,516.3,37.0,34.0,180.0,174.0,96.0,103.1,101.0,58.0,1.0,2.0,5.0,33,,Mathias,Jensen,Jensen,,,1825,2,2,8,25,0,0,0,3,0,0,21,172,,,,0.0,0.39,1.23,1.04,8.48,32,48,92
127,u,0.0,0.0,4.9,341,212.0,0,0.0,-1,1.0,0.0,725,301.0,0,0,0.0,788.0,343.0,0,0,0.0,737.0,309.0,0.0,0.0,0.0,1544,0,2345,2,0.0,0.0,0.0,0.0,0.0,0.0,0.0,0.0,0.0,0.0,0.0,787.0,342.0,0.0,783.0,342.0,0.0,779.0,340.0,0.0,787.0,342.0,,,,33,,Gustavo,Nunes Fernandes Gomes,Nunes,has joined Swansea City on loan for the rest of the season.,,0,0,0,0,0,0,0,0,0,0,0,0,0,,,,0.0,0.0,0.0,0.0,0.0,0,0,0
128,u,0.0,0.0,4.8,362,224.0,0,0.0,-2,2.0,0.0,610,233.0,12,0,2.0,344.0,147.0,0,41,0.0,705.0,287.0,0.0,2.5,0.0,5396,0,8950,5,0.0,0.0,0.0,0.36,0.36,2.02,0.0,0.37,0.37,2.07,28.4,441.0,196.0,13.6,414.0,207.0,4.0,440.0,215.0,4.6,458.0,206.0,,,,33,,Frank,Onyeka,Onyeka,has joined Coventry City on loan for the rest of the season.,,88,0,2,0,2,0,0,0,0,0,0,0,10,,,,0.0,0.0,2.05,0.0,10.23,2,3,5
129,a,100.0,100.0,5.0,274,168.0,0,0.0,0,0.0,0.1,490,173.0,87,3,2.6,255.0,104.0,0,376,3.3,89.0,37.0,0.7,17.4,0.0,25091,69,22724,44,2.8,3.3,1.19,1.28,2.47,33.82,0.05,0.05,0.1,1.32,369.8,175.0,65.0,243.7,157.0,105.0,110.0,255.0,140.0,72.2,195.0,97.0,,,,33,,Yehor,Yarmoliuk,Yarmoliuk,,,2306,1,2,7,36,0,0,0,7,0,0,26,284,,,,0.0,0.27,1.41,1.01,11.08,58,65,161
130,a,,,4.4,570,343.0,0,0.0,-1,1.0,0.1,477,166.0,4,0,1.0,479.0,212.0,0,19,0.0,593.0,205.0,0.0,0.9,0.0,16963,17,19831,41,-0.5,0.0,0.09,0.01,0.1,0.39,0.21,0.02,0.23,0.92,8.4,472.0,211.0,11.5,423.0,211.0,21.0,389.0,195.0,4.2,459.0,207.0,,,,33,,Romelle,Donovan,Donovan,,,38,0,0,0,0,0,0,0,0,0,0,0,5,,,,0.0,0.0,0.0,0.0,11.84,0,0,5
131,u,0.0,0.0,4.3,621,369.0,0,0.0,-2,2.0,0.1,430,147.0,0,0,0.0,669.0,257.0,0,0,0.0,555.0,187.0,0.0,0.0,0.0,38108,0,45629,26,0.0,0.0,0.0,0.0,0.0,0.0,0.0,0.0,0.0,0.0,0.0,659.0,247.0,0.0,655.0,252.0,0.0,632.0,241.0,0.0,661.0,249.0,,,,33,,Yunus Emre,Konak,Konak,has joined Oxford United on loan for the rest of the season.,,0,0,0,0,0,0,0,0,0,0,0,0,0,,,,0.0,0.0,0.0,0.0,0.0,0,0,0
132,u,0.0,0.0,4.5,424,253.0,0,0.0,0,0.0,0.0,685,276.0,0,0,0.0,700.0,273.0,0,0,0.0,604.0,210.0,0.0,0.0,0.0,4038,0,5586,6,0.0,0.0,0.0,0.0,0.0,0.0,0.0,0.0,0.0,0.0,0.0,694.0,267.0,0.0,689.0,270.0,0.0,670.0,262.0,0.0,696.0,269.0,,,,33,,Paris,Maghoma,Maghoma,has joined Norwich City permanently.,,0,0,0,0,0,0,0,0,0,0,0,0,0,,,,0.0,0.0,0.0,0.0,0.0,0,0,0
133,u,0.0,0.0,4.4,544,326.0,0,0.0,-1,1.0,0.0,644,251.0,1,0,1.0,474.0,207.0,0,2,0.0,571.0,190.0,0.0,0.2,0.0,3881,0,6483,3,0.0,0.0,0.0,0.0,0.0,0.0,0.0,0.0,0.0,0.0,0.0,667.0,250.0,0.0,663.0,254.0,0.0,642.0,244.0,0.0,669.0,252.0,,,,33,,Myles,Peart-Harris,Peart-Harris,has joined Oxford United permanently.,,1,0,0,0,0,0,0,0,0,0,0,0,0,,,,0.0,0.0,0.0,0.0,0.0,0,0,0
134,u,0.0,0.0,4.5,491,303.0,0,0.0,0,0.0,0.0,793,348.0,0,0,0.0,745.0,312.0,0,0,0.0,663.0,257.0,0.0,0.0,0.0,0,0,953,0,0.0,0.0,0.0,0.0,0.0,0.0,0.0,0.0,0.0,0.0,0.0,743.0,310.0,0.0,736.0,310.0,0.0,723.0,306.0,0.0,743.0,310.0,,,,33,,Ryan,Trevitt,Trevitt,Has joined Wigan on loan for the rest of the season,,0,0,0,0,0,0,0,0,0,0,0,0,0,,,,0.0,0.0,0.0,0.0,0.0,0,0,0
136,a,100.0,100.0,7.3,29,12.0,0,0.0,13,-13.0,34.9,6,3.0,168,2,5.1,13.0,3.0,22,675,6.3,11.0,3.0,0.9,23.0,0.0,9508519,43865,5327403,10666,5.8,6.3,19.13,1.73,20.86,43.24,0.61,0.05,0.66,1.37,934.4,5.0,2.0,328.2,100.0,4.0,1056.0,2.0,2.0,231.6,3.0,2.0,,,2.0,33,,Igor Thiago,Nascimento Rodrigues,Thiago,,,2832,21,1,9,42,0,0,1,6,0,0,32,188,,,,0.0,0.29,1.33,1.02,5.97,31,70,87
137,u,0.0,0.0,4.4,556,77.0,0,0.0,-1,1.0,0.3,331,53.0,0,0,0.0,682.0,70.0,0,0,0.0,581.0,60.0,0.0,0.0,0.0,52422,0,82294,37,0.0,0.0,0.0,0.0,0.0,0.0,0.0,0.0,0.0,0.0,0.0,675.0,70.0,0.0,670.0,69.0,0.0,651.0,69.0,0.0,677.0,70.0,,,,33,,Iwan,Morgan,Morgan,has joined Shrewsbury on loan for the rest of the season.,,0,0,0,0,0,0,0,0,0,0,0,0,0,,,,0.0,0.0,0.0,0.0,0.0,0,0,0
748,d,25.0,25.0,4.9,297,184.0,0,0.0,-1,1.0,0.0,813,360.0,0,0,0.0,776.0,334.0,0,0,0.0,714.0,294.0,0.0,0.0,0.0,217,2,245,3,-0.1,0.0,0.0,0.0,0.0,0.0,0.0,0.0,0.0,0.0,0.0,775.0,333.0,0.0,771.0,333.0,0.0,767.0,331.0,0.0,775.0,333.0,,,,33,,Josh,Dasilva,Dasilva,Lack of match fitness - 25% chance of playing,,0,0,0,0,0,0,0,0,0,0,0,0,0,,,,0.0,0.0,0.0,0.0,0.0,0,0,0
797,i,0.0,0.0,4.5,492,69.0,0,0.0,0,0.0,0.0,700,88.0,0,0,0.0,746.0,79.0,0,0,0.0,664.0,69.0,0.0,0.0,0.0,2195,10,1456,34,0.0,0.0,0.0,0.0,0.0,0.0,0.0,0.0,0.0,0.0,0.0,744.0,79.0,0.0,737.0,78.0,0.0,724.0,78.0,0.0,744.0,79.0,,,,33,,Kaye,Furo,Furo,Knock - Unknown return date,,0,0,0,0,0,0,0,0,0,0,0,0,0,,,,0.0,0.0,0.0,0.0,0.0,0,0,0
810,a,,,4.5,470,286.0,0,0.0,0,0.0,0.0,796,350.0,0,0,0.0,729.0,299.0,0,0,0.0,642.0,240.0,0.0,0.0,0.0,423,1,212,8,-0.5,0.0,0.0,0.0,0.0,0.0,0.0,0.0,0.0,0.0,0.0,726.0,296.0,0.0,720.0,297.0,0.0,705.0,291.0,0.0,727.0,297.0,,,,33,,Luka,Bentt,Bentt,,,0,0,0,0,0,0,0,0,0,0,0,0,0,,,,0.0,0.0,0.0,0.0,0.0,0,0,0
819,a,,,4.0,698,178.0,0,0.0,0,0.0,0.0,764,259.0,0,0,0.0,606.0,223.0,0,0,0.0,458.0,172.0,0.0,0.0,0.0,353,9,136,6,-0.5,0.0,0.0,0.0,0.0,0.0,0.0,0.0,0.0,0.0,0.0,596.0,222.0,0.0,587.0,222.0,0.0,556.0,218.0,0.0,598.0,222.0,,,,33,,Ollie,Shield,Shield,,,0,0,0,0,0,0,0,0,0,0,0,0,0,,,,0.0,0.0,0.0,0.0,0.0,0,0,0
823,a,,,4.0,742,212.0,0,0.0,0,0.0,0.0,806,267.0,0,0,0.0,639.0,248.0,0,0,0.0,499.0,204.0,0.0,0.0,0.0,60,7,21,5,-0.5,0.0,0.0,0.0,0.0,0.0,0.0,0.0,0.0,0.0,0.0,630.0,248.0,0.0,622.0,248.0,0.0,593.0,246.0,0.0,632.0,248.0,,,,33,,Joshua,Stephenson,Stephenson,,,0,0,0,0,0,0,0,0,0,0,0,0,0,,,,0.0,0.0,0.0,0.0,0.0,0,0,0
826,a,,,4.5,463,281.0,0,0.0,0,0.0,0.0,826,370.0,0,0,0.0,725.0,296.0,0,0,0.0,636.0,235.0,0.0,0.0,0.0,36,3,6,2,-0.5,0.0,0.0,0.0,0.0,0.0,0.0,0.0,0.0,0.0,0.0,720.0,291.0,0.0,715.0,293.0,0.0,699.0,286.0,0.0,721.0,292.0,,,,33,,Riley,Owen,Owen,,,0,0,0,0,0,0,0,0,0,0,0,0,0,,,,0.0,0.0,0.0,0.0,0.0,0,0,0
139,a,,,4.5,445,24.0,0,0.0,0,0.0,8.6,43,7.0,112,2,3.4,132.0,16.0,6,553,3.5,78.0,8.0,0.8,24.9,0.0,1247452,1384,926103,7824,0.0,6.5,0.0,0.05,0.05,42.99,0.0,0.0,0.0,1.3,839.0,8.0,2.0,10.0,431.0,10.0,0.0,686.0,79.0,85.0,150.0,2.0,,,,33,,Bart,Verbruggen,Verbruggen,,,2970,0,0,8,39,1,1,0,3,0,95,33,102,,,,2.88,0.24,1.18,1.0,0.0,1,29,292
140,a,,,3.9,757,78.0,0,0.0,-1,1.0,0.3,328,45.0,0,0,0.0,553.0,49.0,0,0,0.0,399.0,38.0,0.0,0.0,0.0,18540,14,29551,33,0.0,-0.5,0.0,0.0,0.0,0.0,0.0,0.0,0.0,0.0,0.0,543.0,49.0,0.0,530.0,32.0,0.0,498.0,19.0,0.0,545.0,49.0,,,,33,,Tom,McGill,McGill,,,0,0,0,0,0,0,0,0,0,0,0,0,0,,,,0.0,0.0,0.0,0.0,0.0,0,0,0
143,a,,,4.2,632,143.0,0,0.0,-3,3.0,0.2,414,151.0,32,1,3.2,163.0,62.0,4,135,2.8,108.0,38.0,0.7,7.6,0.0,16690,31,14287,196,0.0,5.1,0.05,0.37,0.42,7.34,0.01,0.05,0.06,1.07,175.6,305.0,117.0,63.6,334.0,112.0,12.0,408.0,152.0,25.2,369.0,127.0,3.0,,,33,,Olivier,Boscagli,Boscagli,,,619,0,1,2,7,0,0,0,2,0,0,7,66,,,,0.0,0.29,1.02,1.02,9.6,12,54,48
144,u,0.0,0.0,4.2,646,151.0,0,0.0,-3,3.0,0.0,604,215.0,10,0,2.0,340.0,125.0,0,32,0.0,518.0,215.0,0.0,2.4,0.0,2735,0,8394,5,0.0,0.0,0.0,0.01,0.01,4.52,0.0,0.0,0.0,2.11,42.4,425.0,159.0,3.7,453.0,163.0,2.0,444.0,167.0,4.8,456.0,164.0,,,,33,,Diego,Coppola,Coppola,has joined Paris FC on loan for the rest of the season.,,193,0,0,1,3,0,0,0,2,0,0,2,19,,,,0.0,0.47,1.4,0.93,8.39,2,16,6
145,a,100.0,100.0,4.3,589,134.0,0,0.0,-2,2.0,1.6,154,60.0,62,1,2.5,264.0,103.0,6,226,0.2,348.0,111.0,0.0,14.4,0.0,258285,40,734701,793,0.0,-0.1,1.55,2.15,3.7,20.96,0.12,0.17,0.29,1.63,217.2,272.0,111.0,320.5,103.0,26.0,132.0,228.0,59.0,67.0,213.0,73.0,,1.0,,33,,Maxim,De Cuyper,De Cuyper,,,1160,2,0,4,19,0,0,0,2,0,0,14,76,,,,0.0,0.31,1.47,1.09,4.03,18,34,58
152,a,100.0,100.0,4.3,574,122.0,0,0.0,-2,2.0,0.1,434,162.0,37,0,1.9,355.0,130.0,1,140,0.5,297.0,93.0,0.1,8.6,0.0,23514,15,37583,93,0.0,0.5,0.99,0.12,1.11,14.85,0.11,0.01,0.12,1.58,222.8,267.0,108.0,71.5,320.0,109.0,63.0,317.0,98.0,35.8,326.0,109.0,,,,33,,Joël,Veltman,Veltman,,,844,1,0,1,12,0,0,0,4,0,0,8,102,,,,0.0,0.11,1.28,0.85,9.6,29,61,34
153,i,0.0,0.0,4.4,526,103.0,0,0.0,-1,1.0,0.0,763,258.0,0,0,0.0,671.0,255.0,0,0,0.0,561.0,230.0,0.0,0.0,0.0,1040,4,1797,3,0.0,0.0,0.0,0.0,0.0,0.0,0.0,0.0,0.0,0.0,0.0,662.0,255.0,0.0,657.0,255.0,0.0,636.0,254.0,0.0,664.0,255.0,,,,33,,Adam,Webster,Webster,Knee injury - Unknown return date,,0,0,0,0,0,0,0,0,0,0,0,0,0,,,,0.0,0.0,0.0,0.0,0.0,0,0,0
154,u,0.0,0.0,4.0,682,170.0,0,0.0,0,0.0,0.0,785,262.0,0,0,0.0,592.0,217.0,0,0,0.0,442.0,164.0,0.0,0.0,0.0,0,0,788,0,0.0,0.0,0.0,0.0,0.0,0.0,0.0,0.0,0.0,0.0,0.0,582.0,216.0,0.0,573.0,216.0,0.0,542.0,212.0,0.0,584.0,216.0,,,,33,,Eiran,Cashin,Cashin,has joined Blackburn Rovers on loan for the rest of the season.,,0,0,0,0,0,0,0,0,0,0,0,0,0,,,,0.0,0.0,0.0,0.0,0.0,0,0,0
155,u,0.0,0.0,4.0,727,197.0,0,0.0,0,0.0,0.1,508,180.0,0,0,0.0,628.0,237.0,0,0,0.0,485.0,190.0,0.0,0.0,0.0,3175,0,16728,3,0.0,0.0,0.0,0.0,0.0,0.0,0.0,0.0,0.0,0.0,0.0,619.0,237.0,0.0,611.0,237.0,0.0,581.0,234.0,0.0,621.0,237.0,,,,33,,Jacob,Slater,Slater,has joined Harrogate Town on loan until January.,,0,0,0,0,0,0,0,0,0,0,0,0,0,,,,0.0,0.0,0.0,0.0,0.0,0,0,0
156,a,,,3.8,812,253.0,0,0.0,-2,2.0,0.2,409,150.0,0,0,0.0,541.0,197.0,0,0,0.0,383.0,139.0,0.0,0.0,0.0,12847,20,18142,52,0.0,-0.5,0.0,0.0,0.0,0.0,0.0,0.0,0.0,0.0,0.0,531.0,196.0,0.0,514.0,196.0,0.0,481.0,190.0,0.0,533.0,196.0,,,,33,,Charlie,Tasker,Tasker,,,0,0,0,0,0,0,0,0,0,0,0,0,0,,,,0.0,0.0,0.0,0.0,0.0,0,0,0
157,a,100.0,100.0,6.1,83,54.0,0,0.0,-4,4.0,2.2,133,43.0,58,6,2.6,258.0,106.0,2,216,2.0,165.0,67.0,0.3,9.5,0.0,353856,789,886218,1372,0.0,3.5,3.36,2.57,5.93,19.93,0.2,0.16,0.36,1.21,272.0,235.0,100.0,367.7,79.0,61.0,364.0,71.0,42.0,100.0,108.0,61.0,,,,33,,Mitoma,Kaoru,Mitoma,,,1486,3,1,4,17,0,0,0,3,0,0,16,89,,,,0.0,0.24,1.03,0.97,5.39,16,24,49
158,a,100.0,100.0,5.6,130,81.0,0,0.0,-4,4.0,0.3,313,108.0,77,6,2.9,210.0,84.0,2,257,2.0,162.0,65.0,0.4,13.8,0.0,134646,87,257704,149,0.0,3.5,2.36,2.21,4.57,19.85,0.13,0.12,0.25,1.1,304.6,212.0,89.0,292.9,121.0,84.0,395.0,61.0,36.0,99.1,111.0,64.0,,,,33,,Georginio,Rutter,Georginio,,,1629,3,4,6,18,1,0,0,2,0,0,19,121,,,,0.0,0.33,0.99,1.05,6.69,29,36,56
159,a,100.0,100.0,5.8,102,68.0,0,0.0,-2,2.0,0.0,682,275.0,1,0,1.0,509.0,237.0,0,4,0.0,803.0,354.0,0.0,0.2,0.0,2927,21,3264,49,0.0,-0.5,0.0,0.0,0.0,0.25,0.0,0.0,0.0,5.62,0.0,817.0,364.0,0.0,817.0,364.0,0.0,816.0,364.0,0.0,817.0,364.0,,,,33,,Solly,March,March,,,4,0,0,0,0,0,0,0,0,0,0,0,0,,,,0.0,0.0,0.0,0.0,0.0,0,0,0
160,a,100.0,100.0,5.5,151,96.0,0,0.0,-5,5.0,2.6,121,38.0,100,2,3.4,142.0,62.0,8,402,1.5,199.0,88.0,0.3,18.2,0.0,2081077,333,1919775,4349,0.0,2.5,3.25,4.44,7.69,29.39,0.15,0.2,0.35,1.32,415.0,141.0,48.0,596.3,27.0,26.0,548.0,31.0,15.0,156.2,33.0,25.0,5.0,,,33,,Yankuba,Minteh,Minteh,,,1998,2,8,8,29,0,0,0,2,0,0,22,161,,,,0.0,0.36,1.31,0.99,7.25,46,28,87
161,u,0.0,0.0,5.4,171,107.0,0,0.0,-1,1.0,0.0,753,320.0,0,0,0.0,812.0,360.0,0,0,0.0,787.0,344.0,0.0,0.0,0.0,105,0,2965,0,0.0,0.0,0.0,0.0,0.0,0.0,0.0,0.0,0.0,0.0,0.0,811.0,359.0,0.0,810.0,359.0,0.0,808.0,358.0,0.0,811.0,359.0,,,,33,,Julio,Enciso Espínola,Enciso,has joined Strasbourg permanently.,,0,0,0,0,0,0,0,0,0,0,0,0,0,,,,0.0,0.0,0.0,0.0,0.0,0,0,0
162,u,0.0,0.0,5.4,176,111.0,0,0.0,-1,1.0,0.0,602,228.0,35,0,1.9,364.0,157.0,2,114,0.0,790.0,347.0,0.0,6.5,0.0,16799,0,19846,10,0.0,0.0,1.86,0.88,2.74,13.82,0.24,0.11,0.35,1.76,134.4,339.0,153.0,217.1,171.0,117.0,152.0,205.0,111.0,50.0,279.0,142.0,,,,33,,Brajan,Gruda,Gruda,has joined Leipzig on loan for the rest of the season.,,708,1,1,2,11,0,0,0,2,0,0,8,58,,,,0.0,0.25,1.4,1.02,7.37,14,4,40
163,a,100.0,100.0,5.1,241,145.0,0,0.0,-4,4.0,0.4,284,98.0,63,2,2.9,207.0,82.0,2,222,2.5,126.0,51.0,0.5,12.4,0.0,79511,31,33958,485,0.0,4.5,2.71,1.9,4.61,23.04,0.19,0.13,0.32,1.57,193.0,291.0,124.0,182.8,195.0,128.0,269.0,102.0,63.0,63.9,224.0,109.0,,,,33,,Jack,Hinshelwood,Hinshelwood,,,1318,1,5,4,18,1,0,0,0,0,0,15,100,,,,0.0,0.27,1.23,1.02,6.83,15,31,54
164,a,100.0,100.0,5.5,140,87.0,0,0.0,0,0.0,0.3,302,105.0,15,1,3.0,197.0,79.0,2,45,0.2,355.0,167.0,0.0,2.7,0.0,132804,26,200188,39,0.0,-0.1,1.21,0.18,1.39,2.53,0.54,0.08,0.62,1.13,65.2,407.0,178.0,67.7,325.0,177.0,63.0,318.0,168.0,19.6,390.0,180.0,,,3.0,33,,Matt,O'Riley,O'Riley,,,201,1,0,1,3,0,0,0,0,0,0,2,10,,,,0.0,0.45,1.34,0.9,4.48,5,3,2
165,u,0.0,0.0,5.4,177,112.0,0,0.0,-1,1.0,0.0,739,310.0,0,0,0.0,813.0,361.0,0,0,0.0,791.0,348.0,0.0,0.0,0.0,247,0,2252,0,0.0,0.0,0.0,0.0,0.0,0.0,0.0,0.0,0.0,0.0,0.0,812.0,360.0,0.0,811.0,360.0,0.0,809.0,359.0,0.0,812.0,360.0,,,,33,,Abdallah,Sima,Sima,has joined Lens permanently.,,0,0,0,0,0,0,0,0,0,0,0,0,0,,,,0.0,0.0,0.0,0.0,0.0,0,0,0
166,a,100.0,100.0,4.8,371,231.0,0,0.0,-2,2.0,0.4,277,97.0,95,2,3.7,96.0,40.0,7,399,2.8,109.0,47.0,0.6,19.8,0.0,212432,120,187296,668,0.0,5.1,2.7,1.15,3.85,26.65,0.13,0.05,0.18,1.27,358.0,181.0,69.0,251.0,150.0,101.0,227.0,131.0,77.0,83.9,153.0,80.0,,2.0,,33,,Yasin,Ayari,Ayari,,,1891,3,4,6,23,0,0,0,1,0,0,20,222,,,,0.0,0.29,1.09,0.95,10.57,47,52,123
167,a,100.0,100.0,4.5,459,277.0,0,0.0,-5,5.0,1.5,160,56.0,42,0,1.6,402.0,171.0,0,158,0.5,301.0,141.0,0.1,9.3,0.0,209054,183,560951,720,0.0,0.5,0.56,0.28,0.84,17.06,0.04,0.02,0.06,1.19,101.4,373.0,165.0,93.0,293.0,172.0,29.0,371.0,189.0,22.4,376.0,176.0,,,,33,,Carlos,Baleba,Baleba,,,1290,0,0,4,17,0,0,0,5,0,0,19,154,,,,0.0,0.28,1.19,1.33,10.74,28,51,75
169,a,100.0,100.0,4.9,334,205.0,0,0.0,-1,1.0,1.0,196,71.0,95,1,3.2,173.0,69.0,9,360,3.0,101.0,43.0,0.6,19.4,0.0,223359,97,105368,3344,0.0,5.5,5.31,1.7,7.01,27.68,0.23,0.08,0.31,1.22,437.2,126.0,41.0,317.0,107.0,77.0,394.0,62.0,37.0,115.0,81.0,50.0,,5.0,,33,,Diego,Gómez Amarilla,Gomez,,,2034,5,1,8,25,0,0,0,9,0,0,25,226,,,,0.0,0.35,1.11,1.11,10.0,76,46,104
173,a,100.0,100.0,4.9,329,204.0,0,0.0,-1,1.0,0.7,224,80.0,90,1,3.9,69.0,32.0,6,379,5.0,34.0,11.0,1.0,18.4,0.0,169930,508,86065,2890,0.0,9.5,1.92,1.83,3.75,21.84,0.1,0.09,0.19,1.12,466.4,117.0,39.0,282.0,132.0,88.0,209.0,147.0,83.0,95.8,119.0,69.0,,,,33,,Mats,Wieffer,Wieffer,,,1749,2,4,6,22,0,0,0,8,0,0,20,259,,,,0.0,0.31,1.13,1.03,13.33,64,100,95
174,u,0.0,0.0,5.0,281,174.0,0,0.0,0,0.0,0.0,783,340.0,0,0,0.0,803.0,355.0,0,0,0.0,758.0,325.0,0.0,0.0,0.0,0,0,1267,0,0.0,0.0,0.0,0.0,0.0,0.0,0.0,0.0,0.0,0.0,0.0,802.0,354.0,0.0,800.0,354.0,0.0,795.0,352.0,0.0,802.0,354.0,,,,33,,Malick,Yalcouyé,Yalcouye,Has joined Swansea City on loan for the rest of the season.,,0,0,0,0,0,0,0,0,0,0,0,0,0,,,,0.0,0.0,0.0,0.0,0.0,0,0,0
175,u,0.0,0.0,4.4,562,338.0,0,0.0,-1,1.0,0.1,544,200.0,1,0,1.0,477.0,210.0,0,3,0.0,586.0,201.0,0.0,0.2,0.0,11030,0,15334,14,0.0,0.0,0.0,0.0,0.0,0.0,0.0,0.0,0.0,0.0,0.0,680.0,260.0,0.0,675.0,263.0,0.0,656.0,255.0,0.0,682.0,262.0,,,,33,,Joe,Knight,Knight,has joined Stevenage permanently.,,1,0,0,0,0,0,0,0,0,0,0,0,0,,,,0.0,0.0,0.0,0.0,0.0,0,0,0
176,u,0.0,0.0,4.5,464,282.0,0,0.0,0,0.0,0.0,697,282.0,0,0,0.0,726.0,297.0,0,0,0.0,637.0,236.0,0.0,0.0,0.0,1435,0,4615,2,0.0,0.0,0.0,0.0,0.0,0.0,0.0,0.0,0.0,0.0,0.0,721.0,292.0,0.0,716.0,294.0,0.0,700.0,287.0,0.0,722.0,293.0,,,,33,,Adrian,Mazilu,Mazilu,has joined Dinamo Bucharest permanently.,,0,0,0,0,0,0,0,0,0,0,0,0,0,,,,0.0,0.0,0.0,0.0,0.0,0,0,0
177,u,0.0,0.0,4.5,453,271.0,0,0.0,0,0.0,0.0,710,290.0,0,0,0.0,717.0,288.0,0,0,0.0,628.0,227.0,0.0,0.0,0.0,490,0,5115,0,0.0,0.0,0.0,0.0,0.0,0.0,0.0,0.0,0.0,0.0,0.0,712.0,283.0,0.0,707.0,285.0,0.0,691.0,278.0,0.0,713.0,284.0,,,,33,,Andrew,Moran,Moran,Has joined Los Angeles FC on loan for the rest of the season.,,0,0,0,0,0,0,0,0,0,0,0,0,0,,,,0.0,0.0,0.0,0.0,0.0,0,0,0
178,a,100.0,100.0,6.3,62,21.0,0,0.0,-2,2.0,8.6,42,9.0,110,2,3.4,144.0,13.0,17,444,4.0,65.0,10.0,0.6,17.5,0.0,2848275,4261,2291962,25205,0.0,7.5,11.55,1.32,12.87,27.44,0.53,0.06,0.59,1.26,513.0,86.0,7.0,285.9,127.0,8.0,686.0,22.0,12.0,147.8,36.0,8.0,,4.0,2.0,33,,Danny,Welbeck,Welbeck,,,1965,12,0,8,23,0,0,2,5,0,0,22,97,,,,0.0,0.37,1.05,1.01,4.44,20,35,42
179,u,0.0,0.0,5.5,148,36.0,0,0.0,0,0.0,0.0,759,92.0,0,0,0.0,817.0,89.0,0,0,0.0,797.0,86.0,0.0,0.0,0.0,0,0,1562,1,0.0,0.0,0.0,0.0,0.0,0.0,0.0,0.0,0.0,0.0,0.0,816.0,89.0,0.0,815.0,89.0,0.0,813.0,89.0,0.0,816.0,89.0,,,,33,,Evan,Ferguson,Ferguson,Has joined AS Roma on loan for the rest of the season,,0,0,0,0,0,0,0,0,0,0,0,0,0,,,,0.0,0.0,0.0,0.0,0.0,0,0,0
783,a,,,5.5,133,82.0,0,0.0,0,0.0,1.7,150,53.0,57,8,4.1,54.0,24.0,7,285,4.0,63.0,28.0,0.7,10.4,0.0,313702,388,57277,2309,0.0,7.5,0.78,2.9,3.68,14.29,0.06,0.22,0.28,1.08,314.0,206.0,87.0,485.1,45.0,40.0,115.0,250.0,136.0,91.4,138.0,76.0,1.0,,,33,,Pascal,Groß,Groß,,,1186,1,4,4,10,0,0,0,2,0,0,13,113,,,,0.0,0.3,0.76,0.99,8.58,23,34,56
795,a,,,4.5,494,305.0,0,0.0,0,0.0,0.0,768,328.0,4,0,1.3,433.0,191.0,0,11,0.0,666.0,259.0,0.0,0.9,0.0,908,1,424,9,0.0,-0.5,0.0,0.03,0.03,1.04,0.0,0.03,0.03,1.02,10.2,467.0,207.0,5.1,448.0,216.0,2.0,452.0,222.0,1.8,475.0,215.0,,,,33,,Harry,Howell,Howell,,,92,0,0,0,2,0,0,0,0,0,0,1,7,,,,0.0,0.0,1.96,0.98,6.85,1,3,3
220,a,100.0,100.0,4.8,354,13.0,0,0.0,-2,2.0,12.4,28,5.0,106,2,3.4,135.0,17.0,7,476,1.5,193.0,13.0,0.3,22.1,0.0,1751178,394,3072875,9528,0.0,3.5,0.0,0.04,0.04,40.89,0.0,0.0,0.0,1.36,724.0,25.0,7.0,50.0,354.0,1.0,0.0,758.0,86.0,76.9,174.0,5.0,,,,33,,Robert,Lynch Sánchez,Sánchez,,,2704,0,1,9,40,0,0,0,3,1,86,31,89,,,,2.86,0.3,1.33,1.03,0.0,2,25,267
221,d,25.0,25.0,4.3,604,27.0,0,0.0,-2,2.0,0.2,402,57.0,6,0,2.0,341.0,32.0,0,35,0.0,541.0,85.0,0.0,1.4,0.0,16384,1,28643,56,0.0,0.1,0.0,0.0,0.0,3.56,0.0,0.0,0.0,1.21,59.6,410.0,31.0,0.0,644.0,84.0,0.0,621.0,73.0,5.9,448.0,31.0,,,,33,,Filip,Jörgensen,Jörgensen,Groin Injury - 25% chance of playing,,264,0,0,0,4,0,0,0,0,0,6,2,7,,,,2.05,0.0,1.36,0.68,0.0,0,3,23
222,u,0.0,0.0,4.0,716,64.0,0,0.0,0,0.0,0.0,802,91.0,0,0,0.0,617.0,85.0,0,0,0.0,474.0,76.0,0.0,0.0,0.0,0,0,343,0,0.0,0.0,0.0,0.0,0.0,0.0,0.0,0.0,0.0,0.0,0.0,608.0,85.0,0.0,600.0,73.0,0.0,570.0,60.0,0.0,610.0,85.0,,,,33,,Mike,Penders,Penders,Has joined RC Strasbourg on loan for the rest of the season.,,0,0,0,0,0,0,0,0,0,0,0,0,0,,,,0.0,0.0,0.0,0.0,0.0,0,0,0
224,a,100.0,100.0,6.1,81,4.0,1,-1.0,1,-1.0,15.3,20,7.0,96,2,3.3,160.0,60.0,5,444,0.8,270.0,87.0,0.1,15.7,0.0,3027269,2192,3772904,8490,0.0,2.1,2.26,3.07,5.33,33.14,0.09,0.12,0.21,1.32,504.2,92.0,39.0,510.4,39.0,4.0,265.0,105.0,12.0,128.1,63.0,10.0,,,,33,,Marc,Cucurella Saseta,Cucurella,,,2256,1,3,9,29,0,0,0,6,1,0,26,202,,,,0.0,0.36,1.16,1.04,6.58,47,118,97
225,d,25.0,25.0,5.6,128,12.0,0,0.0,1,-1.0,6.3,62,21.0,113,0,4.2,47.0,19.0,11,479,0.0,800.0,264.0,0.0,20.2,0.0,2188353,25,2209210,7356,0.0,0.1,1.02,3.15,4.17,28.24,0.05,0.15,0.2,1.34,446.4,122.0,54.0,480.8,48.0,5.0,109.0,257.0,70.0,103.8,100.0,26.0,1.0,1.0,,33,,Reece,James,James,Hamstring injury - 25% chance of playing,,1892,2,6,8,20,0,0,0,4,0,0,20,163,,,,0.0,0.38,0.95,0.95,5.9,47,77,95
226,a,100.0,75.0,5.4,158,18.0,0,0.0,4,-4.0,10.0,33,11.0,132,1,4.4,38.0,15.0,7,496,0.2,354.0,114.0,0.0,24.4,0.0,4821065,639,3960845,11066,0.0,0.7,1.3,1.01,2.31,36.15,0.05,0.04,0.09,1.27,674.8,39.0,15.0,96.6,286.0,89.0,154.0,203.0,52.0,92.5,133.0,41.0,,,,33,,Trevoh,Chalobah,Chalobah,,,2559,3,1,9,34,0,0,0,3,1,0,29,281,,,,0.0,0.32,1.2,1.02,8.76,35,214,109
227,d,25.0,25.0,4.7,389,66.0,0,0.0,-3,3.0,0.1,478,174.0,0,0,0.0,769.0,262.0,0,0,0.0,698.0,251.0,0.0,0.0,0.0,1315,10,30815,6,0.0,0.1,0.0,0.0,0.0,0.0,0.0,0.0,0.0,0.0,0.0,768.0,262.0,0.0,763.0,262.0,0.0,754.0,262.0,0.0,768.0,262.0,,,,33,,Levi,Samuels Colwill,Colwill,Lack of match fitness - 25% chance of playing,,0,0,0,0,0,0,0,0,0,0,0,0,0,,,,0.0,0.0,0.0,0.0,0.0,0,0,0
229,a,100.0,100.0,4.4,538,113.0,0,0.0,-1,1.0,0.0,647,232.0,7,0,0.9,511.0,175.0,0,48,0.0,567.0,234.0,0.0,1.6,0.0,9048,2,9736,8,0.0,0.5,0.0,0.06,0.06,7.41,0.0,0.01,0.01,1.42,102.8,370.0,141.0,7.9,438.0,156.0,2.0,448.0,168.0,11.4,421.0,150.0,,,,33,,Benoît,Badiashile Mukinayi,B.Badiashile,,,470,0,0,0,10,0,0,0,2,0,0,6,51,,,,0.0,0.0,1.91,1.15,9.19,7,41,16
230,a,100.0,100.0,4.4,542,116.0,0,0.0,-1,1.0,0.4,280,106.0,60,2,2.9,203.0,82.0,3,269,1.8,173.0,66.0,0.4,13.6,0.0,135485,76,115956,575,0.0,4.1,0.72,0.59,1.31,20.9,0.04,0.04,0.08,1.3,432.4,130.0,56.0,63.5,336.0,114.0,68.0,308.0,94.0,56.4,250.0,84.0,,,,33,,Wesley,Fofana,Fofana,,,1442,0,1,4,20,0,0,0,4,1,0,16,190,,,,0.0,0.25,1.25,1.0,11.36,19,163,67
231,a,100.0,100.0,4.5,479,96.0,0,0.0,0,0.0,0.0,663,234.0,2,0,1.0,485.0,173.0,0,1,0.0,651.0,248.0,0.0,0.4,0.0,3422,21,3614,42,0.0,0.5,0.35,0.0,0.35,1.42,0.35,0.0,0.35,1.4,6.2,478.0,171.0,0.1,491.0,177.0,7.0,430.0,164.0,1.3,485.0,170.0,,,,33,,Mamadou,Sarr,M.Sarr,,,91,0,0,0,3,0,0,0,0,0,0,1,8,,,,0.0,0.0,2.97,0.99,7.91,1,7,2
232,a,100.0,100.0,4.0,668,163.0,0,0.0,-5,5.0,0.3,345,124.0,34,0,2.3,296.0,108.0,2,129,0.2,345.0,110.0,0.0,8.5,0.0,109269,57,223351,92,0.0,0.9,0.11,0.4,0.5,12.16,0.01,0.05,0.06,1.47,232.0,258.0,104.0,32.5,381.0,136.0,19.0,391.0,139.0,28.4,358.0,123.0,,,,33,,Tosin,Adarabioyo,Tosin,,,743,0,0,2,12,0,0,0,2,0,0,7,108,,,,0.0,0.24,1.45,0.85,11.39,15,79,19
233,a,100.0,100.0,3.7,826,266.0,0,0.0,-3,3.0,1.7,151,58.0,35,1,2.5,260.0,100.0,5,104,0.5,293.0,91.0,0.1,9.5,0.0,611995,703,524220,1506,0.0,1.5,0.6,0.13,0.73,14.08,0.09,0.02,0.11,2.19,127.6,347.0,131.0,40.2,367.0,133.0,66.0,311.0,96.0,23.4,373.0,128.0,,,,33,,Josh,Acheampong,Acheampong,,,578,1,0,2,12,0,0,0,1,0,0,7,57,,,,0.0,0.31,1.87,1.09,6.38,10,31,23
234,u,0.0,0.0,4.0,737,207.0,0,0.0,0,0.0,0.1,578,207.0,0,0,0.0,636.0,245.0,0,0,0.0,495.0,200.0,0.0,0.0,0.0,1262,0,10264,0,0.0,0.0,0.0,0.0,0.0,0.0,0.0,0.0,0.0,0.0,0.0,627.0,245.0,0.0,619.0,245.0,0.0,589.0,242.0,0.0,629.0,245.0,,,,33,,Aarón,Anselmino,Anselmino,has joined Strasbourg on loan for the rest of the season.,,0,0,0,0,0,0,0,0,0,0,0,0,0,,,,0.0,0.0,0.0,0.0,0.0,0,0,0
235,a,100.0,100.0,10.5,3,2.0,0,0.0,0,0.0,18.6,18,7.0,102,2,4.6,30.0,13.0,9,380,2.0,170.0,69.0,0.2,9.7,0.0,3259317,1398,7580823,37995,0.0,4.5,9.21,2.14,11.35,25.01,0.52,0.12,0.64,1.41,474.0,111.0,36.0,347.1,87.0,64.0,466.0,42.0,25.0,128.6,62.0,40.0,,3.0,1.0,33,,Cole,Palmer,Palmer,,,1596,9,2,3,26,0,0,0,4,0,0,20,119,,,,0.0,0.17,1.47,1.13,6.71,21,25,73
236,a,100.0,100.0,7.0,37,22.0,0,0.0,0,0.0,4.5,84,27.0,112,2,3.6,113.0,53.0,8,491,1.5,202.0,91.0,0.2,16.0,0.0,2022699,481,2020246,4280,0.0,3.5,4.51,6.68,11.19,32.17,0.17,0.25,0.42,1.21,467.4,116.0,38.0,773.1,11.0,11.0,473.0,41.0,24.0,171.6,27.0,22.0,2.0,4.0,,33,,Pedro,Lomba Neto,Neto,,,2387,5,5,11,27,0,0,0,2,1,0,27,113,,,,0.0,0.41,1.02,1.02,4.26,16,17,80
247,a,100.0,100.0,4.3,598,352.0,0,0.0,-2,2.0,0.1,560,205.0,0,0,0.0,656.0,246.0,0,0,0.0,535.0,173.0,0.0,0.0,0.0,13709,29,14985,36,0.0,0.5,0.0,0.0,0.0,0.26,0.0,0.0,0.0,2.92,4.6,482.0,218.0,0.3,483.0,234.0,0.0,616.0,228.0,0.5,499.0,227.0,,,,33,,Dário,Luís Essugo,D.Essugo,,,8,0,0,0,0,0,0,0,1,0,0,0,4,,,,0.0,0.0,0.0,0.0,45.0,3,1,0
248,u,0.0,0.0,4.5,500,310.0,0,0.0,0,0.0,0.0,788,343.0,0,0,0.0,751.0,316.0,0,0,0.0,672.0,264.0,0.0,0.0,0.0,0,0,952,0,0.0,0.0,0.0,0.0,0.0,0.0,0.0,0.0,0.0,0.0,0.0,750.0,315.0,0.0,743.0,315.0,0.0,730.0,311.0,0.0,750.0,315.0,,,,33,,Kendry,Páez Andrade,Paez,has joined River Plate on loan for the rest of the season.,,0,0,0,0,0,0,0,0,0,0,0,0,0,,,,0.0,0.0,0.0,0.0,0.0,0,0,0
249,a,,,7.7,20,7.0,0,0.0,2,-2.0,49.5,3,2.0,166,0,5.2,9.0,2.0,28,676,1.0,261.0,36.0,0.1,21.6,0.0,8947567,8399,9211241,118886,0.0,2.5,13.69,1.89,15.58,32.8,0.52,0.07,0.59,1.24,720.4,27.0,4.0,437.8,57.0,2.0,828.0,6.0,5.0,198.2,13.0,4.0,,,,33,,João Pedro,Junqueira de Jesus,João Pedro,,,2388,14,9,10,30,0,0,0,4,0,0,28,127,,,,0.0,0.38,1.13,1.06,4.79,25,36,66
250,a,100.0,100.0,6.2,76,24.0,0,0.0,-3,3.0,0.9,200,29.0,41,2,1.7,396.0,48.0,1,120,1.0,253.0,34.0,0.2,6.6,0.0,110813,201,469179,164,0.0,2.5,4.26,0.21,4.46,12.08,0.43,0.02,0.45,1.23,65.4,406.0,48.0,68.9,322.0,38.0,330.0,83.0,28.0,45.4,295.0,33.0,,,,33,,Liam,Delap,Delap,,,883,1,2,2,14,0,0,0,2,0,0,10,36,,,,0.0,0.2,1.43,1.02,3.67,4,11,21
251,u,0.0,0.0,6.5,54,19.0,0,0.0,0,0.0,0.1,539,75.0,0,0,0.0,824.0,92.0,0,0,0.0,820.0,92.0,0.0,0.0,0.0,4962,0,15396,4,0.0,0.0,0.0,0.0,0.0,0.0,0.0,0.0,0.0,0.0,0.0,824.0,92.0,0.0,824.0,92.0,0.0,824.0,92.0,0.0,824.0,92.0,,,,33,,Nicolas,Jackson,N.Jackson,has joined Bayern Munich on loan for the rest of the season.,,0,0,0,0,0,0,0,0,0,0,0,0,0,,,,0.0,0.0,0.0,0.0,0.0,0,0,0
252,a,100.0,100.0,4.0,701,92.0,0,0.0,-5,5.0,5.1,76,15.0,12,0,1.3,430.0,52.0,0,19,0.0,460.0,50.0,0.0,3.0,0.0,1245131,1660,2829094,1695,0.0,0.5,1.46,0.29,1.75,5.65,0.53,0.11,0.64,2.06,24.6,449.0,53.0,38.8,369.0,46.0,81.0,291.0,50.0,12.6,412.0,53.0,,,,33,,Marc,Guiu Paz,Marc Guiu,,,247,0,1,0,2,0,0,0,1,0,0,1,7,,,,0.0,0.0,0.73,0.36,2.55,0,4,3
453,a,,,6.4,60,39.0,0,0.0,-1,1.0,0.5,276,96.0,54,2,2.5,274.0,114.0,3,220,0.8,271.0,124.0,0.1,8.4,0.0,244253,75,235699,280,0.0,2.1,3.26,3.66,6.92,19.62,0.24,0.27,0.51,1.45,207.4,281.0,116.0,394.0,70.0,55.0,382.0,66.0,39.0,97.3,116.0,67.0,,,,33,,Alejandro,Garnacho Ferreyra,Garnacho,,,1215,1,4,4,18,0,0,0,2,0,0,14,68,,,,0.0,0.3,1.33,1.04,5.04,14,10,44
672,a,100.0,100.0,4.6,405,72.0,0,0.0,-4,4.0,0.2,386,143.0,14,1,0.8,518.0,179.0,0,61,0.8,266.0,86.0,0.2,3.0,0.0,20539,96,42172,113,0.0,2.1,0.3,0.51,0.81,12.7,0.03,0.06,0.09,1.4,159.0,322.0,122.0,98.6,282.0,86.0,32.0,364.0,123.0,28.9,357.0,122.0,,,,33,,Jorrel,Hato,Hato,,,818,0,0,0,20,0,0,0,5,0,0,8,75,,,,0.0,0.0,2.2,0.88,7.7,26,44,36
743,a,,,4.5,501,311.0,0,0.0,0,0.0,0.0,729,302.0,0,0,0.0,752.0,317.0,0,0,0.0,673.0,265.0,0.0,0.0,0.0,1570,4,1451,7,0.0,0.5,0.0,0.0,0.0,0.0,0.0,0.0,0.0,0.0,0.0,751.0,316.0,0.0,744.0,316.0,0.0,731.0,312.0,0.0,751.0,316.0,,,,33,,Landon,Emenalo,Emenalo,,,0,0,0,0,0,0,0,0,0,0,0,0,0,,,,0.0,0.0,0.0,0.0,0.0,0,0,0
789,a,,,4.0,711,63.0,0,0.0,0,0.0,0.0,755,86.0,0,0,0.0,613.0,84.0,0,0,0.0,469.0,75.0,0.0,0.0,0.0,475,3,386,6,0.0,0.5,0.0,0.0,0.0,0.0,0.0,0.0,0.0,0.0,0.0,604.0,84.0,0.0,596.0,72.0,0.0,565.0,59.0,0.0,606.0,84.0,,,,33,,Max,Merrick,Merrick,,,0,0,0,0,0,0,0,0,0,0,0,0,0,,,,0.0,0.0,0.0,0.0,0.0,0,0,0
255,a,,,3.9,755,77.0,0,0.0,-1,1.0,0.1,481,72.0,0,0,0.0,552.0,48.0,0,0,0.0,397.0,37.0,0.0,0.0,0.0,6301,8,9119,9,-0.5,0.0,0.0,0.0,0.0,0.0,0.0,0.0,0.0,0.0,0.0,542.0,48.0,0.0,529.0,31.0,0.0,497.0,18.0,0.0,544.0,48.0,,,,33,,Remi,Matthews,Matthews,,,0,0,0,0,0,0,0,0,0,0,0,0,0,,,,0.0,0.0,0.0,0.0,0.0,0,0,0
256,a,100.0,100.0,5.8,105,6.0,0,0.0,3,-3.0,7.5,53,18.0,113,0,5.1,11.0,2.0,8,399,2.0,163.0,62.0,0.3,19.5,0.0,3774402,6918,3961437,1867,1.5,2.0,2.26,3.38,5.64,25.6,0.11,0.16,0.27,1.23,460.8,120.0,52.0,309.3,110.0,27.0,344.0,77.0,7.0,111.3,86.0,19.0,,,,33,,Daniel,Muñoz Mejía,Muñoz,,,1869,3,3,9,21,0,0,0,5,0,0,22,194,,,,0.0,0.43,1.01,1.06,7.42,55,99,83
257,d,75.0,75.0,5.1,231,33.0,0,0.0,1,-1.0,4.7,81,26.0,132,0,4.6,26.0,9.0,8,454,2.0,155.0,60.0,0.4,25.9,0.0,1717416,501,1342104,6825,1.1,1.5,2.14,0.75,2.89,36.47,0.07,0.03,0.1,1.27,678.0,38.0,14.0,82.0,309.0,100.0,250.0,116.0,18.0,101.0,104.0,28.0,,,,33,,Maxence,Lacroix,Lacroix,Knee injury - 75% chance of playing,,2575,1,2,10,35,0,0,0,3,1,0,29,337,,,,0.0,0.35,1.22,1.01,10.83,52,258,81
258,a,,,5.0,256,40.0,0,0.0,0,0.0,2.2,131,52.0,119,0,3.8,83.0,30.0,7,431,2.5,125.0,47.0,0.5,23.8,0.0,497384,3045,410015,752,2.0,2.5,1.06,2.18,3.24,41.29,0.03,0.07,0.1,1.35,539.2,76.0,37.0,392.6,71.0,14.0,189.0,165.0,36.0,112.2,83.0,18.0,,,,33,,Tyrick,Mitchell,Mitchell,,,2758,1,2,11,36,0,0,0,5,0,0,31,251,,,,0.0,0.36,1.17,1.01,6.62,83,120,147
259,a,100.0,100.0,4.8,356,60.0,0,0.0,-2,2.0,0.1,449,168.0,6,0,1.0,493.0,174.0,0,13,0.5,304.0,96.0,0.1,1.2,0.0,12073,41,19013,27,0.0,0.5,0.0,0.06,0.06,0.83,0.0,0.1,0.1,1.38,11.2,463.0,168.0,12.5,421.0,152.0,4.0,439.0,165.0,2.8,466.0,168.0,,,,33,,Borna,Sosa,Sosa,,,54,0,0,0,1,0,0,0,0,0,0,0,8,,,,0.0,0.0,1.67,0.0,11.67,3,4,1
261,a,100.0,100.0,4.4,540,115.0,0,0.0,-1,1.0,2.4,127,50.0,116,0,4.3,43.0,16.0,5,425,1.0,228.0,76.0,0.2,26.4,0.0,1007431,1295,890394,1037,0.5,1.0,1.14,1.44,2.58,34.72,0.04,0.05,0.09,1.29,645.2,44.0,17.0,150.2,222.0,59.0,140.0,220.0,56.0,93.8,122.0,33.0,,,,33,,Chris,Richards,Richards,,,2422,1,0,10,32,0,0,0,3,0,0,27,286,,,,0.0,0.37,1.19,1.0,10.18,51,223,55
262,a,100.0,100.0,4.0,709,184.0,0,0.0,0,0.0,0.0,587,210.0,14,0,2.3,297.0,109.0,0,58,0.0,467.0,177.0,0.0,3.5,0.0,6696,31,4538,43,-0.5,0.0,0.11,0.05,0.16,4.33,0.03,0.01,0.04,1.25,63.8,408.0,152.0,21.3,397.0,142.0,14.0,400.0,146.0,9.9,423.0,151.0,,,,33,,Chadi,Riad Dnanou,Chadi Riad,,,312,0,1,1,3,0,0,0,2,0,0,3,18,,,,0.0,0.29,0.87,0.87,5.19,4,14,12
263,a,100.0,100.0,3.8,791,234.0,0,0.0,-2,2.0,0.5,266,100.0,15,0,1.9,352.0,127.0,2,49,0.0,365.0,123.0,0.0,3.9,0.0,92338,78,111512,117,-0.5,0.0,0.43,0.6,1.03,7.31,0.08,0.11,0.19,1.33,80.6,393.0,147.0,53.5,348.0,122.0,33.0,361.0,120.0,16.6,397.0,142.0,,,,33,,Nathaniel,Clyne,Clyne,,,494,0,1,0,9,0,0,0,1,0,0,6,39,,,,0.0,0.0,1.64,1.09,7.11,14,25,16
276,a,100.0,100.0,4.3,594,350.0,0,0.0,-2,2.0,1.1,183,63.0,29,0,1.6,401.0,170.0,0,81,0.0,532.0,172.0,0.0,6.7,0.0,293906,94,357268,511,-0.5,0.0,2.38,0.36,2.74,10.05,0.36,0.05,0.41,1.53,86.6,384.0,171.0,94.5,290.0,170.0,164.0,188.0,102.0,34.5,332.0,163.0,,2.0,4.0,33,,Justin,Devenny,Devenny,,,593,1,0,1,10,0,0,0,0,0,0,5,48,,,,0.0,0.15,1.52,0.76,7.28,16,8,24
277,u,0.0,0.0,4.5,435,259.0,0,0.0,0,0.0,0.0,803,356.0,0,0,0.0,706.0,278.0,0,0,0.0,613.0,216.0,0.0,0.0,0.0,0,0,750,0,0.0,0.0,0.0,0.0,0.0,0.0,0.0,0.0,0.0,0.0,0.0,700.0,272.0,0.0,696.0,275.0,0.0,679.0,268.0,0.0,702.0,274.0,,,,33,,Malcolm,Ebiowei,Ebiowei,Has joined Blackpool permanently.,,0,0,0,0,0,0,0,0,0,0,0,0,0,,,,0.0,0.0,0.0,0.0,0.0,0,0,0
677,i,0.0,0.0,6.2,77,50.0,0,0.0,-3,3.0,0.0,598,224.0,42,0,2.2,318.0,138.0,0,137,0.0,812.0,360.0,0.0,6.8,0.0,11291,4,15244,94,0.0,0.0,1.56,0.75,2.31,12.74,0.16,0.08,0.24,1.3,156.8,326.0,148.0,75.8,314.0,175.0,183.0,172.0,95.0,41.2,308.0,152.0,,,,33,,Evann,Guessand,Guessand,Knee injury - Expected back 02 May,,880,1,3,2,15,0,0,0,0,0,0,9,81,,,,0.0,0.2,1.53,0.92,8.28,24,15,42
690,a,100.0,100.0,4.4,567,341.0,0,0.0,-1,1.0,0.3,347,120.0,0,0,0.0,690.0,268.0,0,0,0.0,590.0,203.0,0.0,0.0,0.0,58297,3,56014,13,-0.5,0.0,0.0,0.0,0.0,0.0,0.0,0.0,0.0,0.0,0.0,684.0,262.0,0.0,679.0,265.0,0.0,660.0,257.0,0.0,686.0,264.0,,,,33,,Rio,Cardines,Cardines,,,0,0,0,0,0,0,0,0,0,0,0,0,0,,,,0.0,0.0,0.0,0.0,0.0,0,0,0
712,a,100.0,100.0,5.8,109,70.0,0,0.0,-2,2.0,0.2,399,137.0,68,0,2.4,292.0,126.0,3,290,1.0,248.0,112.0,0.2,11.7,0.0,129967,66,115307,87,0.5,1.0,4.11,5.45,9.56,25.12,0.21,0.27,0.48,1.26,281.2,226.0,95.0,613.0,25.0,24.0,333.0,80.0,46.0,122.5,69.0,42.0,,1.0,,33,,Yéremy,Pino Santos,Yeremy,,,1791,2,1,7,21,0,0,0,4,0,0,22,146,,,,0.0,0.35,1.06,1.11,7.34,32,25,89
723,a,100.0,100.0,4.5,513,97.0,0,0.0,0,0.0,0.1,417,153.0,52,0,3.7,93.0,34.0,7,158,2.0,147.0,58.0,0.4,11.6,0.0,23068,82,7229,147,1.5,2.0,1.16,0.28,1.44,15.14,0.13,0.03,0.16,1.72,242.2,254.0,100.0,42.4,363.0,130.0,35.0,358.0,119.0,31.8,342.0,115.0,,,,33,,Jaydee,Canvot,Canvot,,,791,0,0,4,10,0,0,0,2,0,0,8,108,,,,0.0,0.46,1.14,0.91,12.29,26,82,33
732,a,,,5.5,152,37.0,0,0.0,0,0.0,0.1,579,79.0,17,0,1.2,445.0,54.0,0,42,0.0,798.0,87.0,0.0,3.1,0.0,14989,29,11582,17,-0.5,0.0,0.49,0.01,0.5,4.63,0.28,0.01,0.29,2.62,13.2,459.0,54.0,7.1,440.0,57.0,73.0,303.0,52.0,8.8,427.0,54.0,,,,33,,Christantus,Uche,Uche,,,159,0,1,0,4,0,0,0,0,0,0,0,13,,,,0.0,0.0,2.26,0.0,7.36,1,3,9
762,a,,,4.5,516,321.0,0,0.0,0,0.0,0.0,779,336.0,2,0,1.0,490.0,221.0,0,6,0.0,686.0,274.0,0.0,0.4,0.0,726,7,467,2,-0.5,0.0,0.0,0.0,0.0,0.73,0.0,0.0,0.0,9.39,1.4,501.0,230.0,1.0,474.0,229.0,0.0,743.0,321.0,0.3,507.0,232.0,,,,33,,Joél,Drakes-Thomas,Drakes-Thomas,,,7,0,0,0,1,0,0,0,0,0,0,0,3,,,,0.0,0.0,12.86,0.0,38.57,1,0,2
773,a,,,4.0,740,210.0,0,0.0,0,0.0,0.0,701,247.0,0,0,0.0,637.0,246.0,0,0,0.0,497.0,202.0,0.0,0.0,0.0,791,7,644,7,-0.5,0.0,0.0,0.0,0.0,0.0,0.0,0.0,0.0,0.0,0.0,628.0,246.0,0.0,620.0,246.0,0.0,591.0,244.0,0.0,630.0,246.0,,,,33,,Dean,Benamar,Benamar,,,0,0,0,0,0,0,0,0,0,0,0,0,0,,,,0.0,0.0,0.0,0.0,0.0,0,0,0
780,a,,,4.5,509,73.0,0,0.0,0,0.0,0.0,661,85.0,0,0,0.0,759.0,83.0,0,0,0.0,680.0,73.0,0.0,0.0,0.0,3348,27,1985,22,-0.5,0.0,0.0,0.0,0.0,0.0,0.0,0.0,0.0,0.0,0.0,758.0,83.0,0.0,751.0,82.0,0.0,738.0,82.0,0.0,758.0,83.0,,,,33,,Ben,Casey,Casey,,,0,0,0,0,0,0,0,0,0,0,0,0,0,,,,0.0,0.0,0.0,0.0,0.0,0,0,0
793,a,,,4.0,729,199.0,0,0.0,0,0.0,0.0,687,242.0,0,0,0.0,630.0,239.0,0,0,0.0,487.0,192.0,0.0,0.0,0.0,1555,23,819,9,-0.5,0.0,0.0,0.0,0.0,0.0,0.0,0.0,0.0,0.0,0.0,621.0,239.0,0.0,613.0,239.0,0.0,583.0,236.0,0.0,623.0,239.0,,,,33,,George,King,King,,,0,0,0,0,0,0,0,0,0,0,0,0,0,,,,0.0,0.0,0.0,0.0,0.0,0,0,0
798,u,0.0,0.0,4.0,705,182.0,0,0.0,0,0.0,0.0,805,266.0,0,0,0.0,610.0,225.0,0,0,0.0,464.0,175.0,0.0,0.0,0.0,142,0,191,1,0.0,0.0,0.0,0.0,0.0,0.0,0.0,0.0,0.0,0.0,0.0,601.0,225.0,0.0,592.0,225.0,0.0,561.0,221.0,0.0,603.0,225.0,,,,33,,Danny,Imray,Imray,has joined West Brom on loan for the rest of the season.,,0,0,0,0,0,0,0,0,0,0,0,0,0,,,,0.0,0.0,0.0,0.0,0.0,0,0,0
287,a,,,5.6,123,2.0,0,0.0,1,-1.0,13.5,24,3.0,127,1,3.8,86.0,11.0,11,512,2.7,121.0,12.0,0.5,22.7,0.0,1781978,10498,1556807,2992,2.7,2.2,0.0,0.15,0.15,49.15,0.0,0.0,0.0,1.49,786.8,11.0,3.0,10.2,426.0,6.0,2.0,458.0,3.0,79.9,167.0,4.0,,,,33,,Jordan,Pickford,Pickford,,,2970,0,0,11,39,0,1,0,4,0,91,33,97,,,,2.76,0.33,1.18,1.0,0.0,2,43,271
288,a,100.0,100.0,4.2,633,32.0,0,0.0,-3,3.0,0.1,461,68.0,0,0,0.0,644.0,90.0,0,0,0.0,510.0,82.0,0.0,0.0,0.0,4890,20,12540,14,0.0,-0.5,0.0,0.0,0.0,0.0,0.0,0.0,0.0,0.0,0.0,636.0,90.0,0.0,629.0,80.0,0.0,603.0,69.0,0.0,638.0,90.0,,,,33,,Mark,Travers,Travers,,,0,0,0,0,0,0,0,0,0,0,0,0,0,,,,0.0,0.0,0.0,0.0,0.0,0,0,0
291,a,100.0,100.0,5.7,110,8.0,0,0.0,2,-2.0,12.1,29,10.0,146,1,4.6,27.0,10.0,9,535,3.3,92.0,35.0,0.6,25.6,0.0,2749822,22517,2121787,3991,3.3,2.8,2.21,1.32,3.53,46.45,0.07,0.04,0.11,1.45,818.2,9.0,4.0,187.0,191.0,50.0,310.0,92.0,9.0,131.9,53.0,8.0,,,,33,,James,Tarkowski,Tarkowski,,,2880,1,1,11,37,0,0,0,5,0,0,32,356,,,,0.0,0.34,1.16,1.0,10.31,40,290,78
292,a,100.0,100.0,4.9,310,50.0,0,0.0,-1,1.0,0.6,241,92.0,90,3,3.2,172.0,67.0,2,337,4.3,43.0,17.0,0.9,18.4,0.0,159788,2022,187513,197,4.3,3.8,0.28,2.33,2.61,41.32,0.01,0.08,0.09,1.48,485.6,106.0,46.0,342.8,91.0,23.0,65.0,314.0,97.0,89.2,143.0,47.0,,,,33,,Vitalii,Mykolenko,Mykolenko,,,2509,0,1,9,36,1,0,0,5,0,0,28,224,,,,0.0,0.32,1.29,1.0,7.25,42,160,97
293,a,100.0,100.0,4.9,333,56.0,0,0.0,-1,1.0,0.7,236,88.0,107,1,3.3,151.0,57.0,2,366,3.7,70.0,24.0,0.8,21.8,0.0,184478,1358,178555,254,3.7,3.2,0.94,0.91,1.85,46.97,0.03,0.03,0.06,1.55,516.8,85.0,38.0,247.5,152.0,38.0,132.0,229.0,60.0,90.0,141.0,46.0,,,,33,,Jake,O'Brien,O'Brien,,,2726,0,3,10,37,0,0,0,2,1,0,30,236,,,,0.0,0.33,1.22,0.99,6.87,50,158,104
294,a,100.0,100.0,4.2,626,140.0,0,0.0,-3,3.0,0.1,492,177.0,3,0,1.0,465.0,171.0,0,10,0.0,508.0,211.0,0.0,0.7,0.0,6732,22,18159,7,0.0,-0.5,0.0,0.0,0.0,0.24,0.0,0.0,0.0,1.96,0.0,635.0,251.0,0.1,487.0,176.0,0.0,599.0,249.0,0.0,637.0,251.0,,,,33,,Séamus,Coleman,Coleman,,,11,0,0,0,0,0,0,0,0,0,0,1,0,,,,0.0,0.0,0.0,8.18,0.0,0,0,1
295,a,100.0,100.0,4.5,412,76.0,0,0.0,0,0.0,2.9,115,44.0,119,1,4.2,45.0,17.0,8,379,3.0,98.0,36.0,0.7,26.4,0.0,1469302,2663,1178991,1697,3.0,2.5,1.97,0.2,2.17,37.45,0.08,0.01,0.09,1.58,651.6,42.0,16.0,30.1,385.0,138.0,241.0,119.0,20.0,92.3,134.0,42.0,,,,33,,Michael,Keane,Keane,,,2138,3,0,7,31,0,0,0,0,1,0,24,289,,,,0.0,0.29,1.3,1.01,10.9,31,228,75
296,a,100.0,100.0,4.4,539,114.0,0,0.0,-1,1.0,0.0,631,226.0,21,0,3.5,117.0,40.0,0,68,0.0,568.0,235.0,0.0,4.8,0.0,5983,15,7133,8,0.0,-0.5,0.03,0.04,0.07,3.55,0.01,0.02,0.03,1.35,63.6,409.0,153.0,6.4,443.0,158.0,17.0,396.0,143.0,8.6,429.0,155.0,,,,33,,Nathan,Patterson,Patterson,,,237,0,0,2,1,0,0,0,0,0,0,3,30,,,,0.0,0.76,0.38,1.14,11.39,10,20,14
297,u,0.0,0.0,3.8,804,246.0,0,0.0,-2,2.0,0.2,407,148.0,0,0,0.0,536.0,192.0,0,0,0.0,375.0,132.0,0.0,0.0,0.0,9298,0,22254,28,0.0,0.0,0.0,0.0,0.0,0.0,0.0,0.0,0.0,0.0,0.0,526.0,191.0,0.0,507.0,190.0,0.0,474.0,184.0,0.0,528.0,191.0,,,,33,,Roman,Dixon,Dixon,has joined Stockport County on loan for the rest of the season.,,0,0,0,0,0,0,0,0,0,0,0,0,0,,,,0.0,0.0,0.0,0.0,0.0,0,0,0
298,a,,,3.8,802,244.0,0,0.0,-2,2.0,0.1,424,156.0,0,0,0.0,535.0,191.0,0,0,0.0,374.0,131.0,0.0,0.0,0.0,8194,22,15623,22,0.0,-0.5,0.0,0.0,0.0,0.0,0.0,0.0,0.0,0.0,0.0,525.0,190.0,0.0,506.0,189.0,0.0,473.0,183.0,0.0,527.0,190.0,,,,33,,Reece,Welch,Welch,,,0,0,0,0,0,0,0,0,0,0,0,0,0,,,,0.0,0.0,0.0,0.0,0.0,0,0,0
299,a,100.0,100.0,6.2,74,49.0,0,0.0,-3,3.0,4.4,88,28.0,118,4,4.4,40.0,18.0,7,495,5.3,27.0,9.0,0.9,19.0,0.0,1823606,10646,2606197,1101,5.3,4.8,5.13,4.25,9.38,35.59,0.2,0.16,0.36,1.37,554.0,69.0,20.0,426.6,62.0,50.0,473.0,40.0,23.0,145.6,40.0,28.0,,,1.0,33,,Iliman,Ndiaye,Ndiaye,,,2331,6,3,8,33,0,0,0,2,0,0,27,256,,,,0.0,0.31,1.27,1.04,9.88,61,33,162
300,a,,,5.5,142,88.0,0,0.0,-5,5.0,0.1,420,144.0,50,2,2.5,270.0,111.0,1,173,2.3,135.0,54.0,0.4,9.1,0.0,35282,111,66277,43,2.3,1.8,1.34,0.96,2.3,17.79,0.11,0.08,0.19,1.46,129.6,345.0,156.0,217.3,170.0,116.0,131.0,234.0,128.0,47.9,281.0,143.0,2.0,,,33,,Dwight,McNeil,McNeil,,,1095,0,3,6,7,0,0,0,1,0,0,13,103,,,,0.0,0.49,0.58,1.07,8.47,20,24,59
301,a,100.0,100.0,5.2,212,130.0,0,0.0,-3,3.0,0.1,533,195.0,26,0,1.6,403.0,172.0,0,111,0.0,768.0,333.0,0.0,5.0,0.0,17116,14,30172,5,0.0,-0.5,1.04,0.44,1.48,13.03,0.14,0.06,0.2,1.76,83.0,389.0,174.0,144.5,230.0,148.0,156.0,198.0,109.0,38.4,317.0,156.0,,,,33,,Carlos,Alcaraz Durán,Alcaraz,,,667,0,1,3,8,0,0,0,3,0,0,6,64,,,,0.0,0.4,1.08,0.81,8.64,13,10,41
302,a,100.0,100.0,5.4,153,97.0,0,0.0,-1,1.0,0.1,441,149.0,81,2,3.4,140.0,60.0,4,407,5.0,35.0,12.0,0.9,15.0,0.0,28815,884,30532,127,5.0,4.5,1.6,1.71,3.31,30.46,0.07,0.08,0.15,1.36,379.8,164.0,58.0,251.2,149.0,100.0,200.0,154.0,86.0,83.2,156.0,82.0,,,,33,,Idrissa Gana,Gueye,Gana,,,2009,2,3,5,25,0,0,0,1,1,0,24,214,,,,0.0,0.22,1.12,1.08,9.59,43,59,112
303,a,,,5.3,188,119.0,0,0.0,3,-3.0,4.2,94,31.0,145,3,4.4,37.0,16.0,13,718,4.0,61.0,27.0,0.8,27.4,0.0,1227848,6439,730595,2921,4.0,3.5,1.99,5.11,7.1,49.09,0.06,0.16,0.22,1.49,777.2,14.0,4.0,785.2,9.0,9.0,216.0,139.0,81.0,178.1,20.0,16.0,1.0,3.0,2.0,33,,James,Garner,Garner,,,2963,2,6,11,39,0,0,0,9,0,0,33,407,,,,0.0,0.33,1.18,1.0,12.36,102,142,163
305,a,100.0,100.0,4.5,499,309.0,0,0.0,0,0.0,0.1,516,187.0,19,0,1.7,391.0,167.0,0,78,0.0,671.0,263.0,0.0,4.2,0.0,12894,29,19731,46,0.0,-0.5,0.79,0.21,1.0,10.79,0.14,0.04,0.18,1.96,58.6,411.0,179.0,66.6,327.0,179.0,78.0,294.0,158.0,20.5,386.0,178.0,,,,33,,Harrison,Armstrong,Armstrong,,,495,0,0,1,10,0,0,0,0,0,0,6,50,,,,0.0,0.18,1.82,1.09,9.09,13,13,24
306,a,,,4.3,609,359.0,0,0.0,-2,2.0,0.1,496,177.0,0,0,0.0,661.0,250.0,0,0,0.0,546.0,180.0,0.0,0.0,0.0,15255,20,16164,50,0.0,-0.5,0.0,0.0,0.0,0.0,0.0,0.0,0.0,0.0,0.0,651.0,240.0,0.0,647.0,245.0,0.0,624.0,234.0,0.0,653.0,242.0,,,,33,,Callum,Bates,Bates,,,0,0,0,0,0,0,0,0,0,0,0,0,0,,,,0.0,0.0,0.0,0.0,0.0,0,0,0
307,a,,,4.4,550,330.0,0,0.0,-1,1.0,0.0,603,229.0,0,0,0.0,679.0,262.0,0,0,0.0,575.0,194.0,0.0,0.0,0.0,5011,7,6632,17,0.0,-0.5,0.0,0.0,0.0,0.0,0.0,0.0,0.0,0.0,0.0,671.0,254.0,0.0,667.0,258.0,0.0,646.0,248.0,0.0,673.0,256.0,,,,33,,Coby,Ebere,Ebere,,,0,0,0,0,0,0,0,0,0,0,0,0,0,,,,0.0,0.0,0.0,0.0,0.0,0,0,0
308,u,0.0,0.0,4.5,451,270.0,0,0.0,0,0.0,0.0,709,289.0,0,0,0.0,716.0,287.0,0,0,0.0,626.0,226.0,0.0,0.0,0.0,458,0,3774,2,0.0,0.0,0.0,0.0,0.0,0.0,0.0,0.0,0.0,0.0,0.0,711.0,282.0,0.0,706.0,284.0,0.0,690.0,277.0,0.0,712.0,283.0,,,,33,,Isaac,Heath,Heath,has joined Accrington on loan for the rest of the season.,,0,0,0,0,0,0,0,0,0,0,0,0,0,,,,0.0,0.0,0.0,0.0,0.0,0,0,0
309,u,0.0,0.0,4.5,448,268.0,0,0.0,0,0.0,0.0,825,369.0,0,0,0.0,714.0,285.0,0,0,0.0,623.0,224.0,0.0,0.0,0.0,0,0,115,1,0.0,0.0,0.0,0.0,0.0,0.0,0.0,0.0,0.0,0.0,0.0,709.0,280.0,0.0,704.0,282.0,0.0,688.0,275.0,0.0,710.0,281.0,,,,33,,Jenson,Metcalfe,Metcalfe,Has joined Bradford City permanently.,,0,0,0,0,0,0,0,0,0,0,0,0,0,,,,0.0,0.0,0.0,0.0,0.0,0,0,0
310,a,,,5.7,120,33.0,0,0.0,-3,3.0,0.7,223,32.0,78,1,2.4,291.0,32.0,7,229,1.0,247.0,32.0,0.2,13.7,0.0,303862,762,307245,648,1.0,0.5,6.13,0.39,6.52,29.33,0.33,0.02,0.35,1.59,250.4,247.0,22.0,180.8,197.0,18.0,424.0,52.0,21.0,83.0,157.0,21.0,,,,33,,Thierno,Barry,Barry,,,1662,6,0,7,26,0,0,0,3,0,0,19,58,,,,0.0,0.38,1.41,1.03,3.14,3,27,28
311,d,75.0,,5.0,266,55.0,0,0.0,-5,5.0,3.3,102,18.0,91,8,2.8,220.0,20.0,12,303,10.3,1.0,1.0,2.1,18.2,0.0,590888,28591,1163423,1494,7.7,9.8,8.2,0.22,8.42,21.22,0.55,0.01,0.56,1.42,390.0,155.0,15.0,137.1,239.0,25.0,602.0,26.0,15.0,111.3,85.0,16.0,,,3.0,33,,Norberto Bercique,Gomes Betuncal,Beto,Head injury - 75% chance of playing,,1341,8,1,5,16,0,0,0,2,0,0,14,79,,,,0.0,0.34,1.07,0.94,5.3,14,40,25
312,u,0.0,0.0,4.9,331,62.0,0,0.0,-1,1.0,0.1,554,76.0,0,0,0.0,787.0,87.0,0,0,0.0,733.0,80.0,0.0,0.0,0.0,2418,0,14563,1,0.0,0.0,0.0,0.0,0.0,0.0,0.0,0.0,0.0,0.0,0.0,786.0,87.0,0.0,782.0,86.0,0.0,778.0,86.0,0.0,786.0,87.0,,,,33,,Youssef,Ramalho Chermiti,Y.Chermiti,has joined Rangers permanently.,,0,0,0,0,0,0,0,0,0,0,0,0,0,,,,0.0,0.0,0.0,0.0,0.0,0,0,0
313,u,0.0,0.0,4.4,557,78.0,0,0.0,-1,1.0,0.1,457,65.0,0,0,0.0,683.0,71.0,0,0,0.0,582.0,61.0,0.0,0.0,0.0,9203,0,26723,9,0.0,0.0,0.0,0.0,0.0,0.0,0.0,0.0,0.0,0.0,0.0,676.0,71.0,0.0,671.0,70.0,0.0,652.0,70.0,0.0,678.0,71.0,,,,33,,Martin,Sherif,Sherif,has joined Port Vale on loan for the rest of the season.,,0,0,0,0,0,0,0,0,0,0,0,0,0,,,,0.0,0.0,0.0,0.0,0.0,0,0,0
419,i,0.0,0.0,6.3,64,42.0,0,0.0,-2,2.0,5.7,68,23.0,79,0,4.0,62.0,29.0,12,356,0.0,814.0,362.0,0.0,12.5,0.0,3790576,4,3786129,797,0.0,0.0,2.05,3.37,5.41,25.81,0.11,0.19,0.3,1.43,374.2,171.0,62.0,520.5,36.0,33.0,397.0,60.0,35.0,129.2,61.0,39.0,,,,33,,Jack,Grealish,Grealish,Foot injury - Expected back 01 Jun,,1627,2,6,7,23,0,0,0,3,1,0,18,135,,,,0.0,0.39,1.27,1.0,7.47,20,27,88
630,a,,,3.9,753,75.0,0,0.0,-1,1.0,1.2,179,21.0,0,0,0.0,551.0,47.0,0,0,0.0,396.0,36.0,0.0,0.0,0.0,72613,45,104664,141,0.0,-0.5,0.0,0.0,0.0,0.0,0.0,0.0,0.0,0.0,0.0,541.0,47.0,0.0,527.0,29.0,0.0,495.0,16.0,0.0,543.0,47.0,,,,33,,Tom,King,King,,,0,0,0,0,0,0,0,0,0,0,0,0,0,,,,0.0,0.0,0.0,0.0,0.0,0,0,0
667,a,100.0,100.0,4.2,640,148.0,0,0.0,-3,3.0,0.1,571,204.0,0,0,0.0,646.0,251.0,0,0,0.0,513.0,213.0,0.0,0.0,0.0,2969,10,12736,4,0.0,-0.5,0.0,0.0,0.0,0.0,0.0,0.0,0.0,0.0,0.0,638.0,252.0,0.0,632.0,251.0,0.0,606.0,250.0,0.0,640.0,252.0,,,,33,,Adam,Aznou,Aznou,,,0,0,0,0,0,0,0,0,0,0,0,0,0,,,,0.0,0.0,0.0,0.0,0.0,0,0,0
704,u,0.0,0.0,4.5,438,261.0,0,0.0,0,0.0,0.0,589,221.0,0,0,0.0,709.0,280.0,0,0,0.0,616.0,218.0,0.0,0.0,0.0,8420,0,10238,6,0.0,0.0,0.0,0.0,0.0,0.0,0.0,0.0,0.0,0.0,0.0,703.0,274.0,0.0,699.0,277.0,0.0,682.0,270.0,0.0,705.0,276.0,,,,33,,Tyler,Onyango,Onyango,has joined Stockport County on loan for the rest of the season.,,0,0,0,0,0,0,0,0,0,0,0,0,0,,,,0.0,0.0,0.0,0.0,0.0,0,0,0
705,u,0.0,0.0,3.9,775,224.0,0,0.0,-1,1.0,0.1,418,154.0,0,0,0.0,565.0,204.0,0,0,0.0,411.0,149.0,0.0,0.0,0.0,18604,0,17695,15,0.0,0.0,0.0,0.0,0.0,0.0,0.0,0.0,0.0,0.0,0.0,555.0,203.0,0.0,543.0,203.0,0.0,511.0,198.0,0.0,557.0,203.0,,,,33,,Elijah,Campbell,Campbell,has joined Port Vale on loan for the rest of the season.,,0,0,0,0,0,0,0,0,0,0,0,0,0,,,,0.0,0.0,0.0,0.0,0.0,0,0,0
707,a,,,5.3,197,123.0,0,0.0,-2,2.0,0.0,651,255.0,18,0,1.3,439.0,197.0,0,49,0.0,774.0,337.0,0.0,3.4,0.0,7900,9,7501,12,0.0,-0.5,0.2,0.14,0.34,6.65,0.05,0.04,0.09,1.71,46.0,422.0,184.0,61.0,340.0,184.0,32.0,366.0,187.0,13.6,408.0,185.0,,,,33,,Tyler,Dibling,Dibling,,,349,0,0,2,2,0,0,0,2,0,0,4,40,,,,0.0,0.52,0.52,1.03,10.32,7,11,22
728,a,100.0,100.0,5.0,275,169.0,0,0.0,0,0.0,0.0,708,288.0,18,0,1.5,415.0,180.0,0,48,0.3,333.0,158.0,0.1,3.6,0.0,1612,7,1716,5,0.3,-0.2,0.5,0.21,0.71,8.22,0.13,0.05,0.18,2.07,67.6,401.0,176.0,66.2,328.0,180.0,32.0,365.0,186.0,16.6,398.0,181.0,,,,33,,Merlin,Röhl,Röhl,,,358,0,0,2,6,0,0,0,0,0,0,2,48,,,,0.0,0.5,1.51,0.5,12.07,18,10,20
779,a,,,4.5,507,72.0,0,0.0,0,0.0,0.0,618,82.0,0,0,0.0,758.0,82.0,0,0,0.0,679.0,72.0,0.0,0.0,0.0,5209,52,3056,20,0.0,-0.5,0.0,0.0,0.0,0.0,0.0,0.0,0.0,0.0,0.0,757.0,82.0,0.0,750.0,81.0,0.0,737.0,81.0,0.0,757.0,82.0,,,,33,,Braiden,Graham,Graham,,,0,0,0,0,0,0,0,0,0,0,0,0,0,,,,0.0,0.0,0.0,0.0,0.0,0,0,0
314,a,,,4.9,286,10.0,0,0.0,-1,1.0,1.9,141,19.0,101,10,3.1,187.0,22.0,7,455,5.0,32.0,3.0,1.0,20.6,0.0,304333,2679,289545,476,5.0,5.0,0.0,0.0,0.0,46.04,0.0,0.0,0.0,1.4,711.0,30.0,8.0,0.0,767.0,91.0,0.0,763.0,89.0,70.9,201.0,10.0,,,,33,,Bernd,Leno,Leno,,,2970,0,0,7,46,1,0,0,3,0,84,33,107,,,,2.55,0.21,1.39,1.0,0.0,4,42,277
315,u,0.0,0.0,4.0,680,48.0,0,0.0,0,0.0,0.0,762,89.0,0,0,0.0,590.0,70.0,0,0,0.0,440.0,61.0,0.0,0.0,0.0,577,0,907,1,0.0,0.0,0.0,0.0,0.0,0.0,0.0,0.0,0.0,0.0,0.0,580.0,70.0,0.0,571.0,57.0,0.0,540.0,44.0,0.0,582.0,70.0,,,,33,,Steven,Benda,Benda,has joined Feyenoord on loan for the rest of the season.,,0,0,0,0,0,0,0,0,0,0,0,0,0,,,,0.0,0.0,0.0,0.0,0.0,0,0,0
316,a,100.0,100.0,4.9,294,45.0,0,0.0,-1,1.0,0.8,209,82.0,44,1,2.6,250.0,98.0,4,195,1.7,176.0,67.0,0.3,9.0,0.0,185301,575,204421,327,1.7,1.7,0.22,1.34,1.56,18.05,0.02,0.11,0.13,1.45,272.4,234.0,92.0,289.5,126.0,34.0,44.0,342.0,111.0,60.6,236.0,82.0,,,,33,,Antonee,Robinson,Robinson,,,1118,0,0,3,14,0,0,0,3,0,0,13,105,,,,0.0,0.24,1.13,1.05,8.37,36,68,67
317,a,100.0,100.0,4.5,418,79.0,0,0.0,0,0.0,4.8,80,25.0,111,6,3.7,91.0,33.0,5,393,3.7,69.0,23.0,0.8,24.7,0.0,1560364,2217,1304173,1196,3.7,3.7,1.38,1.8,3.18,40.61,0.05,0.06,0.11,1.38,737.6,18.0,7.0,117.6,258.0,71.0,144.0,216.0,54.0,100.3,107.0,30.0,,,,33,,Joachim,Andersen,Andersen,,,2651,0,1,7,41,0,0,0,7,0,0,30,338,,,,0.0,0.24,1.39,1.02,10.22,38,263,107
318,a,100.0,100.0,4.4,536,111.0,0,0.0,-1,1.0,0.6,239,91.0,86,6,3.4,130.0,47.0,9,296,3.7,68.0,22.0,0.8,19.5,0.0,170693,514,154151,253,3.7,3.7,1.71,0.27,1.97,31.32,0.07,0.01,0.08,1.35,486.0,105.0,45.0,105.3,274.0,81.0,111.0,253.0,68.0,70.6,205.0,71.0,,,,33,,Calvin,Bassey,Bassey,,,2082,1,1,5,35,0,0,0,5,0,0,23,216,,,,0.0,0.22,1.51,0.99,7.61,51,125,94
319,a,,,4.3,579,126.0,0,0.0,-2,2.0,0.1,456,170.0,40,7,1.6,400.0,149.0,1,193,3.3,84.0,31.0,0.8,9.3,0.0,20669,241,26465,35,3.3,3.3,1.21,0.8,2.01,26.01,0.08,0.05,0.13,1.68,300.6,217.0,85.0,214.6,173.0,43.0,141.0,217.0,55.0,65.9,217.0,75.0,,,,33,,Timothy,Castagne,Castagne,,,1396,0,1,1,26,0,0,0,3,0,0,15,134,,,,0.0,0.06,1.68,0.97,7.67,29,90,43
320,a,,,4.3,582,129.0,0,0.0,-2,2.0,0.1,534,190.0,13,0,1.3,431.0,155.0,0,49,0.0,526.0,221.0,0.0,3.0,0.0,7998,14,12095,27,0.0,0.0,0.02,0.04,0.06,10.15,0.0,0.01,0.01,1.54,118.0,355.0,134.0,5.7,446.0,160.0,12.0,409.0,153.0,13.6,407.0,146.0,,,,33,,Issa,Diop,Diop,,,592,0,0,0,11,0,0,0,2,0,0,6,55,,,,0.0,0.0,1.67,0.91,7.3,6,42,14
321,a,,,4.3,586,132.0,0,0.0,-2,2.0,0.1,575,205.0,39,0,2.8,215.0,84.0,1,155,0.0,528.0,222.0,0.0,9.1,0.0,6889,4,8080,14,0.0,0.0,0.05,0.53,0.58,14.59,0.0,0.05,0.05,1.41,244.6,250.0,98.0,47.1,358.0,127.0,14.0,401.0,147.0,30.7,348.0,117.0,,,,33,,Jorge,Cuenca Barreno,J.Cuenca,,,931,0,0,2,11,0,0,0,5,0,0,11,120,,,,0.0,0.19,1.06,1.06,11.02,16,98,40
322,i,0.0,0.0,4.5,416,78.0,0,0.0,0,0.0,0.3,346,125.0,81,0,3.7,90.0,32.0,5,318,0.0,600.0,238.0,0.0,18.0,0.0,180680,5,175014,397,0.0,0.0,0.92,1.46,2.38,25.79,0.05,0.07,0.12,1.3,416.0,139.0,61.0,214.1,175.0,44.0,108.0,258.0,71.0,73.9,182.0,63.0,,,,33,,Kenny,Tete,Tete,Foot injury - Unknown return date,,1791,1,0,6,25,0,0,0,2,0,0,21,188,,,,0.0,0.3,1.26,1.06,8.29,65,100,82
324,d,75.0,100.0,6.3,65,43.0,0,0.0,-2,2.0,1.9,140,46.0,98,1,3.6,111.0,51.0,13,478,1.3,216.0,100.0,0.2,15.6,0.0,590638,164,544139,4899,1.0,1.3,1.41,4.42,5.83,34.68,0.06,0.18,0.24,1.38,486.2,104.0,35.0,684.9,15.0,15.0,275.0,101.0,62.0,144.7,41.0,29.0,2.0,,,33,,Alex,Iwobi,Iwobi,Hamstring injury - 75% chance of playing,,2264,4,3,4,39,0,0,0,3,0,0,27,175,,,,0.0,0.16,1.55,1.07,6.96,26,34,115
325,a,100.0,100.0,5.6,126,78.0,0,0.0,-4,4.0,0.5,268,93.0,69,3,2.2,316.0,137.0,1,296,1.7,181.0,76.0,0.3,12.3,0.0,164727,197,221372,146,1.7,1.7,4.42,1.06,5.48,26.28,0.25,0.06,0.31,1.51,262.2,242.0,103.0,306.7,113.0,81.0,346.0,76.0,44.0,91.5,137.0,75.0,,,,33,,Emile,Smith Rowe,Smith Rowe,,,1563,3,1,4,23,0,0,0,1,0,0,17,120,,,,0.0,0.23,1.32,0.98,6.91,25,37,58
327,u,0.0,0.0,5.3,184,115.0,0,0.0,-2,2.0,0.1,567,210.0,0,0,0.0,806.0,356.0,0,0,0.0,772.0,335.0,0.0,0.0,0.0,2438,0,35624,3,0.0,0.0,0.0,0.0,0.0,0.0,0.0,0.0,0.0,0.0,0.0,805.0,355.0,0.0,804.0,355.0,0.0,801.0,354.0,0.0,805.0,355.0,,,,33,,Andreas,Hoelgebaum Pereira,Andreas,has joined Palmeiras permanently.,,0,0,0,0,0,0,0,0,0,0,0,0,0,,,,0.0,0.0,0.0,0.0,0.0,0,0,0
328,a,100.0,100.0,5.4,160,100.0,0,0.0,-1,1.0,0.2,411,142.0,84,3,3.2,178.0,71.0,5,296,1.7,180.0,75.0,0.3,15.6,0.0,146905,76,140823,42,1.7,1.7,1.34,1.79,3.13,25.71,0.07,0.09,0.16,1.33,368.8,176.0,66.0,223.2,166.0,112.0,212.0,142.0,82.0,80.3,166.0,86.0,,,,33,,Ryan,Sessegnon,Sessegnon,,,1736,2,3,5,29,0,0,0,0,0,0,19,207,,,,0.0,0.26,1.5,0.99,10.73,45,92,70
329,a,100.0,100.0,6.0,85,55.0,0,0.0,5,-5.0,22.1,14,5.0,157,3,5.1,12.0,6.0,21,594,4.7,38.0,14.0,0.8,26.2,0.0,5644300,19414,2948944,10843,4.7,4.7,5.48,4.44,9.92,35.45,0.2,0.16,0.36,1.31,665.8,40.0,11.0,587.9,29.0,27.0,573.0,29.0,13.0,182.6,18.0,14.0,1.0,1.0,3.0,33,,Harry,Wilson,Wilson,,,2431,10,8,8,34,0,0,0,6,0,0,29,161,,,,0.0,0.3,1.26,1.07,5.96,25,60,76
330,a,,,4.9,303,188.0,0,0.0,-1,1.0,0.1,515,186.0,84,0,2.6,251.0,101.0,3,476,3.0,100.0,42.0,0.6,17.1,0.0,13165,40,13912,41,3.0,3.0,1.32,1.32,2.64,41.51,0.04,0.04,0.08,1.39,415.8,140.0,47.0,315.9,108.0,78.0,85.0,287.0,155.0,82.0,162.0,83.0,,,,33,,Sander,Berge,Berge,,,2679,0,3,6,44,1,0,0,5,0,0,31,263,,,,0.0,0.2,1.48,1.04,8.84,54,86,123
331,a,100.0,100.0,4.8,346,216.0,0,0.0,-2,2.0,0.0,641,250.0,32,3,1.5,412.0,177.0,1,134,1.0,234.0,105.0,0.2,6.7,0.0,2881,17,4955,13,1.0,1.0,0.95,0.61,1.56,10.74,0.14,0.09,0.23,1.55,96.0,379.0,168.0,138.4,237.0,152.0,49.0,335.0,174.0,28.4,359.0,171.0,,,,33,,Tom,Cairney,Cairney,,,625,1,0,2,9,0,0,0,3,0,0,5,48,,,,0.0,0.29,1.3,0.72,6.91,5,8,35
332,a,100.0,100.0,4.9,307,191.0,0,0.0,-1,1.0,0.1,573,214.0,54,2,2.5,267.0,109.0,3,248,1.0,236.0,106.0,0.2,11.0,0.0,14859,16,19301,10,1.0,1.0,1.9,1.65,3.55,21.26,0.12,0.11,0.23,1.4,255.2,246.0,106.0,379.7,75.0,58.0,130.0,235.0,129.0,76.4,175.0,89.0,3.0,,,33,,Saša,Lukić,Lukić,,,1370,1,3,5,17,0,0,0,7,0,0,16,143,,,,0.0,0.33,1.12,1.05,9.39,40,48,55
333,u,0.0,0.0,4.5,477,292.0,0,0.0,0,0.0,0.0,671,270.0,0,0,0.0,735.0,304.0,0,0,0.0,649.0,246.0,0.0,0.0,0.0,898,0,6617,1,0.0,0.0,0.0,0.0,0.0,0.0,0.0,0.0,0.0,0.0,0.0,732.0,301.0,0.0,726.0,302.0,0.0,712.0,297.0,0.0,733.0,302.0,,,,33,,Martial,Godo,Godo,has joined Strasbourg permanently.,,0,0,0,0,0,0,0,0,0,0,0,0,0,,,,0.0,0.0,0.0,0.0,0.0,0,0,0
338,a,100.0,100.0,5.3,189,43.0,0,0.0,-2,2.0,0.7,226,33.0,29,2,1.8,384.0,45.0,3,78,2.0,158.0,24.0,0.4,5.5,0.0,265838,327,440538,98,2.0,2.0,2.17,0.12,2.29,11.44,0.27,0.02,0.29,1.43,102.8,371.0,39.0,89.4,297.0,33.0,216.0,140.0,33.0,39.7,314.0,35.0,,,,33,,Rodrigo,Muniz Carvalho,Muniz,,,719,1,1,2,11,1,0,0,1,0,0,7,43,,,,0.0,0.25,1.38,0.88,5.38,4,26,13
424,a,100.0,100.0,5.1,238,142.0,0,0.0,-4,4.0,0.2,365,124.0,34,1,1.9,359.0,155.0,0,145,1.3,209.0,94.0,0.3,6.7,0.0,92338,41,100955,84,1.3,1.3,1.16,1.56,2.72,10.4,0.13,0.17,0.3,1.15,110.8,363.0,162.0,247.8,151.0,102.0,159.0,195.0,106.0,52.0,270.0,138.0,,,,33,,Oscar,Bobb,Bobb,,,813,0,2,3,12,0,0,0,1,0,0,9,62,,,,0.0,0.33,1.33,1.0,6.86,16,10,36
737,a,,,4.5,510,74.0,0,0.0,0,0.0,0.1,484,69.0,4,0,0.8,517.0,62.0,0,11,0.0,681.0,74.0,0.0,0.9,0.0,22080,52,17569,50,0.0,0.0,0.0,0.07,0.07,0.75,0.0,0.21,0.21,2.25,1.2,504.0,59.0,11.4,424.0,56.0,8.0,425.0,58.0,2.1,473.0,57.0,,,,33,,Jonah,Kusi-Asare,Kusi-Asare,,,30,0,0,0,2,0,0,0,1,0,0,0,2,,,,0.0,0.0,6.0,0.0,6.0,0,0,2
786,a,,,4.0,706,60.0,0,0.0,0,0.0,0.0,738,85.0,0,0,0.0,611.0,82.0,0,0,0.0,465.0,73.0,0.0,0.0,0.0,823,12,444,10,0.0,0.0,0.0,0.0,0.0,0.0,0.0,0.0,0.0,0.0,0.0,602.0,82.0,0.0,593.0,69.0,0.0,562.0,56.0,0.0,604.0,82.0,,,,33,,Alfie,McNally,McNally,,,0,0,0,0,0,0,0,0,0,0,0,0,0,,,,0.0,0.0,0.0,0.0,0.0,0,0,0
168,a,100.0,100.0,4.6,404,249.0,0,0.0,-4,4.0,0.1,497,178.0,2,0,0.7,521.0,242.0,0,5,0.0,692.0,279.0,0.0,0.4,0.0,17077,36,30421,53,0.0,0.5,0.04,0.1,0.14,1.86,0.05,0.13,0.18,2.43,6.0,479.0,215.0,25.7,390.0,196.0,19.0,392.0,196.0,5.0,454.0,204.0,,,,33,,Facundo,Buonanotte,Buonanotte,,,69,0,0,0,2,0,0,0,1,0,0,1,5,,,,0.0,0.0,2.61,1.3,6.52,1,1,3
339,a,,,4.1,656,36.0,0,0.0,-4,4.0,0.3,308,41.0,0,0,0.0,641.0,88.0,0,0,0.0,504.0,79.0,0.0,0.0,0.0,14664,36,64960,79,0.0,0.5,0.0,0.0,0.0,0.0,0.0,0.0,0.0,0.0,0.0,632.0,88.0,0.0,624.0,76.0,0.0,595.0,63.0,0.0,634.0,88.0,,,,33,,Illan,Meslier,Meslier,,,0,0,0,0,0,0,0,0,0,0,0,0,0,,,,0.0,0.0,0.0,0.0,0.0,0,0,0
340,a,,,3.9,750,73.0,0,0.0,-1,1.0,0.1,422,61.0,0,0,0.0,550.0,46.0,0,0,0.0,393.0,34.0,0.0,0.0,0.0,8813,16,15771,24,0.0,0.5,0.0,0.0,0.0,0.0,0.0,0.0,0.0,0.0,0.0,540.0,46.0,0.0,525.0,27.0,0.0,493.0,14.0,0.0,542.0,46.0,,,,33,,Alex,Cairns,Cairns,,,0,0,0,0,0,0,0,0,0,0,0,0,0,,,,0.0,0.0,0.0,0.0,0.0,0,0,0
341,a,,,3.9,745,68.0,0,0.0,-1,1.0,5.4,73,12.0,52,6,3.1,180.0,21.0,0,249,4.0,52.0,4.0,1.0,13.3,0.0,718292,3413,302816,2522,0.0,8.5,0.0,0.04,0.04,19.4,0.0,0.0,0.0,1.14,376.4,168.0,20.0,0.0,520.0,22.0,0.0,488.0,9.0,37.9,319.0,20.0,,,,33,,Karl,Darlow,Darlow,,,1530,0,0,4,20,0,0,0,1,0,43,17,59,,,,2.53,0.24,1.18,1.0,0.0,0,22,157
342,a,100.0,100.0,4.4,532,107.0,0,0.0,-1,1.0,0.7,222,84.0,88,6,2.8,216.0,85.0,1,275,4.2,51.0,18.0,1.0,20.0,0.0,126701,308,53319,1542,0.0,8.9,2.05,2.58,4.63,37.26,0.07,0.09,0.16,1.3,384.4,160.0,68.0,296.5,119.0,31.0,208.0,148.0,31.0,89.1,144.0,48.0,,,,33,,Jayden,Bogle,Bogle,,,2583,1,4,6,42,0,0,0,6,0,0,29,204,,,,0.0,0.21,1.46,1.01,5.57,57,103,124
343,a,100.0,100.0,4.3,583,130.0,0,0.0,-2,2.0,2.7,119,47.0,102,7,3.4,129.0,46.0,4,390,3.5,77.0,26.0,0.8,23.7,0.0,482410,783,138123,4030,0.0,7.5,2.97,0.72,3.69,37.42,0.1,0.02,0.12,1.29,632.2,48.0,21.0,157.2,215.0,57.0,260.0,110.0,15.0,105.0,96.0,25.0,,,,33,,Pascal,Struijk,Struijk,,,2610,0,1,7,41,0,0,0,4,0,0,29,286,,,,0.0,0.24,1.41,1.0,9.21,33,234,105
344,a,100.0,100.0,3.9,763,219.0,0,0.0,-1,1.0,1.2,182,70.0,76,6,3.8,80.0,28.0,5,249,5.2,29.0,11.0,1.3,19.5,0.0,239855,655,105546,1584,0.0,10.9,0.9,0.63,1.53,23.79,0.05,0.04,0.09,1.44,382.2,161.0,69.0,61.5,338.0,115.0,227.0,130.0,23.0,67.0,212.0,72.0,,,,33,,Jaka,Bijol,Bijol,,,1486,1,2,4,22,0,0,0,3,0,0,16,173,,,,0.0,0.24,1.33,0.97,9.81,23,139,55
345,a,100.0,100.0,3.8,800,242.0,0,0.0,-2,2.0,0.1,436,163.0,17,0,1.9,353.0,128.0,0,48,0.0,372.0,129.0,0.0,4.5,0.0,22987,9,19284,102,0.0,0.5,0.0,0.01,0.01,4.93,0.0,0.0,0.0,1.46,78.4,394.0,148.0,5.6,447.0,161.0,10.0,415.0,154.0,9.4,425.0,153.0,,,,33,,Sebastiaan,Bornauw,Bornauw,,,304,0,0,1,4,0,0,0,1,0,0,4,38,,,,0.0,0.3,1.18,1.18,11.25,6,32,7
347,a,100.0,100.0,3.8,796,238.0,0,0.0,-2,2.0,3.4,101,35.0,67,6,2.2,306.0,112.0,8,276,2.0,143.0,54.0,0.5,17.6,0.0,996445,494,918562,2556,0.0,4.5,1.1,2.33,3.42,39.61,0.04,0.08,0.12,1.4,423.2,133.0,58.0,348.7,86.0,21.0,154.0,200.0,49.0,92.6,132.0,40.0,,,,33,,Gabriel,Gudmundsson,Gudmundsson,,,2547,0,0,5,43,1,0,0,4,1,0,30,211,,,,0.0,0.18,1.52,1.06,6.22,63,113,111
348,a,100.0,25.0,3.9,758,216.0,0,0.0,-1,1.0,3.1,112,42.0,100,1,3.3,146.0,53.0,5,333,1.8,171.0,64.0,0.5,25.6,0.0,1200440,417,1100056,3110,0.0,1.0,1.2,0.4,1.6,39.93,0.04,0.01,0.05,1.41,612.2,52.0,25.0,86.9,300.0,95.0,183.0,171.0,38.0,88.5,146.0,49.0,,,,33,,Joe,Rodon,Rodon,,,2547,2,0,5,46,0,0,0,1,0,0,29,269,,,,0.0,0.18,1.63,1.02,8.52,32,209,73
349,u,0.0,0.0,4.0,697,177.0,0,0.0,0,0.0,0.1,559,200.0,0,0,0.0,605.0,222.0,0,0,0.0,457.0,171.0,0.0,0.0,0.0,788,0,16013,4,0.0,0.0,0.0,0.0,0.0,0.0,0.0,0.0,0.0,0.0,0.0,595.0,221.0,0.0,586.0,221.0,0.0,555.0,217.0,0.0,597.0,221.0,,,,33,,Isaac,Schmidt,Schmidt,has joined Werder Bremen on loan for the rest of the season.,,0,0,0,0,0,0,0,0,0,0,0,0,0,,,,0.0,0.0,0.0,0.0,0.0,0,0,0
350,a,,,5.4,167,105.0,0,0.0,-1,1.0,1.3,173,61.0,119,5,3.7,102.0,45.0,5,408,3.2,96.0,40.0,0.6,22.0,0.0,336623,509,176861,3748,0.0,6.9,4.22,3.05,7.27,30.78,0.18,0.13,0.31,1.3,437.6,125.0,40.0,418.6,65.0,51.0,450.0,45.0,27.0,130.5,58.0,38.0,,,,33,,Brenden,Aaronson,Aaronson,,,2137,4,8,9,28,0,0,0,2,0,0,26,191,,,,0.0,0.38,1.18,1.09,8.04,46,28,117
351,a,100.0,100.0,5.1,239,143.0,0,0.0,-4,4.0,0.1,511,185.0,24,1,1.3,437.0,195.0,0,96,0.5,311.0,148.0,0.1,4.7,0.0,9930,10,40756,30,0.0,1.5,0.29,0.58,0.87,9.15,0.06,0.13,0.19,1.98,66.0,405.0,177.0,101.5,279.0,167.0,47.0,338.0,176.0,21.3,384.0,177.0,,,,33,,Wilfried,Gnonto,Gnonto,,,416,0,2,1,11,0,0,0,3,0,0,4,44,,,,0.0,0.22,2.38,0.87,9.52,14,11,19
352,u,0.0,0.0,5.1,228,139.0,0,0.0,-4,4.0,0.0,601,227.0,12,0,1.1,449.0,200.0,0,51,0.0,763.0,329.0,0.0,2.4,0.0,6000,0,18737,5,0.0,0.0,0.28,0.23,0.51,3.82,0.1,0.08,0.18,1.31,30.0,437.0,192.0,49.4,355.0,186.0,35.0,360.0,185.0,11.5,420.0,191.0,,,,33,,Jack,Harrison,Harrison,has joined ACF Fiorentina on loan for the rest of the season.,,262,0,0,0,5,0,0,0,0,0,0,1,24,,,,0.0,0.0,1.72,0.34,8.24,5,6,13
353,d,25.0,25.0,5.2,205,127.0,0,0.0,-3,3.0,0.1,488,172.0,18,0,1.2,443.0,198.0,0,72,0.2,353.0,166.0,0.0,3.5,0.0,8434,1,53138,26,0.0,0.2,0.71,0.59,1.3,10.53,0.16,0.13,0.29,2.34,47.2,421.0,183.0,113.3,265.0,163.0,103.0,265.0,144.0,26.5,363.0,173.0,,,,33,,Daniel,James,James,Muscle injury - 25% chance of playing,,405,0,0,1,13,0,0,0,0,0,0,4,26,,,,0.0,0.22,2.89,0.89,5.78,5,3,18
354,a,100.0,100.0,4.9,298,185.0,0,0.0,-1,1.0,0.5,258,90.0,108,3,3.6,106.0,48.0,6,487,2.8,110.0,48.0,0.6,22.0,0.0,112642,164,50183,1497,0.0,6.1,2.38,2.08,4.46,39.7,0.08,0.07,0.15,1.34,518.4,83.0,27.0,334.3,99.0,73.0,151.0,207.0,113.0,100.7,105.0,60.0,,,,33,,Ethan,Ampadu,Ampadu,,,2669,1,2,7,42,0,0,0,8,0,0,30,357,,,,0.0,0.24,1.42,1.01,12.04,71,127,159
359,u,0.0,0.0,4.5,460,278.0,0,0.0,0,0.0,0.0,797,351.0,0,0,0.0,722.0,293.0,0,0,0.0,633.0,232.0,0.0,0.0,0.0,0,0,973,0,0.0,0.0,0.0,0.0,0.0,0.0,0.0,0.0,0.0,0.0,0.0,717.0,288.0,0.0,712.0,290.0,0.0,696.0,283.0,0.0,718.0,289.0,,,,33,,Charlie,Crew,Crew,Has joined Doncaster Rovers on loan for the rest of the season.,,0,0,0,0,0,0,0,0,0,0,0,0,0,,,,0.0,0.0,0.0,0.0,0.0,0,0,0
360,u,0.0,0.0,4.5,440,263.0,0,0.0,0,0.0,0.0,760,323.0,0,0,0.0,711.0,282.0,0,0,0.0,618.0,220.0,0.0,0.0,0.0,0,0,2904,0,0.0,0.0,0.0,0.0,0.0,0.0,0.0,0.0,0.0,0.0,0.0,705.0,276.0,0.0,701.0,279.0,0.0,684.0,272.0,0.0,707.0,278.0,,,,33,,Joe,Gelhardt,Gelhardt,Has joined Hull City on loan for the rest of the season.,,0,0,0,0,0,0,0,0,0,0,0,0,0,,,,0.0,0.0,0.0,0.0,0.0,0,0,0
361,u,0.0,0.0,4.5,441,264.0,0,0.0,0,0.0,0.0,670,269.0,0,0,0.0,712.0,283.0,0,0,0.0,619.0,221.0,0.0,0.0,0.0,1165,0,8444,1,0.0,0.0,0.0,0.0,0.0,0.0,0.0,0.0,0.0,0.0,0.0,706.0,277.0,0.0,702.0,280.0,0.0,685.0,273.0,0.0,708.0,279.0,,,,33,,Darko,Gyabi,Gyabi,has joined Hull City permanently.,,0,0,0,0,0,0,0,0,0,0,0,0,0,,,,0.0,0.0,0.0,0.0,0.0,0,0,0
362,a,100.0,100.0,4.9,315,58.0,0,0.0,-6,6.0,0.3,304,46.0,14,0,1.1,448.0,55.0,0,34,0.0,722.0,77.0,0.0,2.9,0.0,39448,37,221327,74,0.0,0.5,0.81,0.13,0.94,5.3,0.34,0.05,0.39,2.22,10.6,464.0,55.0,36.9,373.0,48.0,96.0,271.0,48.0,13.8,405.0,52.0,,,3.0,33,,Joël,Piroe,Piroe,,,215,0,0,1,7,0,0,0,0,0,0,2,11,,,,0.0,0.42,2.93,0.84,4.6,1,1,9
493,a,100.0,100.0,4.8,349,219.0,0,0.0,-2,2.0,0.2,362,123.0,46,1,2.4,281.0,118.0,4,241,0.5,303.0,143.0,0.1,9.6,0.0,178096,11,182431,49,0.0,1.5,0.83,1.61,2.44,13.97,0.08,0.15,0.23,1.33,243.8,252.0,108.0,370.0,78.0,60.0,73.0,302.0,161.0,68.7,207.0,101.0,2.0,2.0,,33,,Sean,Longstaff,Longstaff,,,948,1,2,1,19,0,0,0,2,0,0,10,100,,,,0.0,0.09,1.8,0.95,9.49,37,25,38
660,d,25.0,25.0,4.8,364,226.0,0,0.0,-2,2.0,1.8,147,50.0,122,0,4.7,24.0,10.0,11,498,0.8,267.0,122.0,0.2,25.4,0.0,1166521,39,1000672,4484,0.0,0.5,2.5,4.29,6.79,30.23,0.11,0.18,0.29,1.27,587.2,57.0,16.0,847.6,7.0,7.0,286.0,99.0,60.0,172.3,26.0,21.0,1.0,1.0,,33,,Anton,Stach,Stach,Ankle injury - 25% chance of playing,,2135,4,6,6,34,0,0,0,3,0,0,25,245,,,,0.0,0.25,1.43,1.05,10.33,57,76,112
691,a,100.0,100.0,5.7,113,32.0,1,-1.0,2,-2.0,11.8,31,6.0,118,6,3.9,75.0,7.0,16,385,2.5,127.0,17.0,0.4,20.7,0.0,3671000,10250,2127911,21426,0.0,5.5,13.75,1.0,14.74,27.64,0.54,0.04,0.58,1.08,504.2,91.0,8.0,261.1,144.0,10.0,920.0,4.0,4.0,167.5,29.0,6.0,,,1.0,33,,Dominic,Calvert-Lewin,Calvert-Lewin,,,2293,11,2,7,29,0,0,1,1,0,0,25,86,,,,0.0,0.27,1.14,0.98,3.38,10,38,38
698,a,100.0,100.0,5.5,143,89.0,0,0.0,0,0.0,1.4,161,57.0,97,14,3.7,103.0,46.0,9,320,7.5,6.0,2.0,1.4,17.6,0.0,255815,12726,65558,3062,0.0,15.5,4.73,1.19,5.92,23.63,0.3,0.08,0.38,1.49,396.0,150.0,52.0,246.5,154.0,103.0,399.0,58.0,33.0,104.2,99.0,57.0,,,,33,,Noah,Okafor,Okafor,,,1426,7,3,5,25,0,0,0,3,0,0,17,99,,,,0.0,0.32,1.58,1.07,6.25,21,27,51
706,a,100.0,100.0,3.9,760,217.0,0,0.0,-1,1.0,1.3,172,66.0,78,16,3.2,162.0,61.0,9,274,5.8,19.0,6.0,1.5,20.0,0.0,242316,1840,82775,1684,0.0,12.1,1.61,1.06,2.67,24.05,0.1,0.07,0.17,1.5,375.4,169.0,72.0,159.3,212.0,55.0,189.0,164.0,35.0,72.5,191.0,67.0,3.0,,,33,,James,Justin,Justin,,,1443,2,1,5,19,0,0,0,4,0,0,16,148,,,,0.0,0.31,1.19,1.0,8.79,37,104,55
741,u,0.0,0.0,4.5,495,70.0,0,0.0,0,0.0,0.1,525,73.0,0,0,0.0,748.0,80.0,0,0,0.0,667.0,70.0,0.0,0.0,0.0,27606,0,24653,22,0.0,0.0,0.0,0.0,0.0,0.0,0.0,0.0,0.0,0.0,0.0,746.0,80.0,0.0,739.0,79.0,0.0,726.0,79.0,0.0,746.0,80.0,,,,33,,Harry,Gray,Gray,has joined Rotherham United on loan for the rest of the season.,,0,0,0,0,0,0,0,0,0,0,0,0,0,,,,0.0,0.0,0.0,0.0,0.0,0,0,0
787,a,,,4.4,561,337.0,0,0.0,-1,1.0,0.0,735,307.0,0,0,0.0,686.0,266.0,0,0,0.0,585.0,200.0,0.0,0.0,0.0,2443,19,1373,24,0.0,0.5,0.0,0.0,0.0,0.0,0.0,0.0,0.0,0.0,0.0,679.0,259.0,0.0,674.0,262.0,0.0,655.0,254.0,0.0,681.0,261.0,,,,33,,Sam,Chambers,Chambers,,,0,0,0,0,0,0,0,0,0,0,0,0,0,,,,0.0,0.0,0.0,0.0,0.0,0,0,0
366,i,0.0,0.0,5.4,155,4.0,0,0.0,-1,1.0,5.5,72,11.0,89,0,3.6,108.0,15.0,8,382,0.0,777.0,96.0,0.0,16.5,0.0,690987,25,1460444,3843,0.0,0.0,0.0,0.03,0.03,28.02,0.0,0.0,0.0,1.12,468.4,114.0,18.0,0.1,492.0,16.0,0.0,802.0,94.0,46.7,284.0,18.0,,,,33,,Alisson,Becker,A.Becker,Muscle injury - Unknown return date,,2250,0,0,8,30,0,0,0,1,0,56,25,63,,,,2.24,0.32,1.2,1.0,0.0,0,37,221
367,d,75.0,,4.1,657,37.0,0,0.0,-4,4.0,0.8,212,27.0,31,1,3.9,65.0,6.0,2,120,4.0,53.0,5.0,1.0,7.6,0.0,188160,3128,179239,713,3.4,4.5,0.0,0.0,0.0,10.94,0.0,0.0,0.0,1.43,215.6,275.0,24.0,0.0,625.0,77.0,0.0,596.0,64.0,21.5,381.0,25.0,,,,33,,Giorgi,Mamardashvili,Mamardashvili,Knee injury - 75% chance of playing,,687,0,0,2,13,0,1,0,0,0,27,8,45,,,,3.54,0.26,1.7,1.05,0.0,0,9,59
368,a,,,3.8,816,96.0,0,0.0,-2,2.0,0.9,206,25.0,0,0,0.0,543.0,41.0,0,0,0.0,386.0,29.0,0.0,0.0,0.0,161492,333,72322,402,0.5,0.5,0.0,0.0,0.0,0.0,0.0,0.0,0.0,0.0,0.0,533.0,41.0,0.0,516.0,20.0,0.0,484.0,7.0,0.0,535.0,41.0,,,,33,,Ármin,Pécsi,Pécsi,,,0,0,0,0,0,0,0,0,0,0,0,0,0,,,,0.0,0.0,0.0,0.0,0.0,0,0,0
372,a,,,5.7,112,9.0,0,0.0,-3,3.0,1.0,194,74.0,45,2,2.1,335.0,122.0,4,183,3.0,105.0,37.0,0.5,7.9,0.0,63861,472,138443,102,3.5,3.5,0.71,1.06,1.76,12.06,0.07,0.1,0.17,1.16,176.0,303.0,115.0,267.7,137.0,37.0,102.0,267.0,76.0,54.8,256.0,85.0,,,,33,,Andrew,Robertson,Robertson,,,939,0,0,4,12,0,0,0,0,0,0,8,58,,,,0.0,0.38,1.15,0.77,4.6,12,36,35
377,u,0.0,0.0,4.8,353,58.0,0,0.0,-2,2.0,0.0,597,214.0,0,0,0.0,771.0,263.0,0,0,0.0,703.0,252.0,0.0,0.0,0.0,1669,0,12293,3,0.0,0.0,0.0,0.0,0.0,0.0,0.0,0.0,0.0,0.0,0.0,770.0,263.0,0.0,765.0,263.0,0.0,757.0,263.0,0.0,770.0,263.0,,,,33,,Konstantinos,Tsimikas,Tsimikas,has joined AS Roma on loan for the rest of the season.,,0,0,0,0,0,0,0,0,0,0,0,0,0,,,,0.0,0.0,0.0,0.0,0.0,0,0,0
378,a,100.0,100.0,3.7,828,268.0,0,0.0,-3,3.0,0.9,197,75.0,0,0,0.0,528.0,186.0,0,0,0.0,363.0,122.0,0.0,0.0,0.0,230214,102,138634,579,0.5,0.5,0.0,0.0,0.0,0.0,0.0,0.0,0.0,0.0,0.0,518.0,185.0,0.0,499.0,184.0,0.0,466.0,178.0,0.0,520.0,185.0,,,,33,,Amara,Nallo,Nallo,,,0,0,0,0,0,0,0,0,0,0,0,0,0,,,,0.0,0.0,0.0,0.0,0.0,0,0,0
379,a,,,3.7,820,260.0,0,0.0,-3,3.0,0.6,256,97.0,0,0,0.0,524.0,182.0,0,0,0.0,357.0,116.0,0.0,0.0,0.0,99920,107,63307,344,0.5,0.5,0.0,0.0,0.0,0.0,0.0,0.0,0.0,0.0,0.0,514.0,181.0,0.0,494.0,179.0,0.0,460.0,172.0,0.0,516.0,181.0,,,,33,,Rhys,Williams,R.Williams,,,0,0,0,0,0,0,0,0,0,0,0,0,0,,,,0.0,0.0,0.0,0.0,0.0,0,0,0
380,a,,,3.7,822,262.0,0,0.0,-3,3.0,0.3,354,129.0,0,0,0.0,525.0,183.0,0,0,0.0,359.0,118.0,0.0,0.0,0.0,30554,247,33172,68,0.5,0.5,0.0,0.0,0.0,0.0,0.0,0.0,0.0,0.0,0.0,515.0,182.0,0.0,495.0,180.0,0.0,462.0,174.0,0.0,517.0,182.0,,,,33,,Calvin,Ramsay,Ramsay,,,0,0,0,0,0,0,0,0,0,0,0,0,0,,,,0.0,0.0,0.0,0.0,0.0,0,0,0
381,a,100.0,100.0,14.0,2,1.0,0,0.0,-5,5.0,14.5,21,8.0,115,10,4.8,22.0,9.0,10,364,6.0,18.0,7.0,0.4,8.2,0.0,1452228,8328,6006892,762,6.5,6.5,7.89,4.88,12.77,28.43,0.36,0.22,0.58,1.28,495.8,97.0,32.0,693.3,14.0,14.0,731.0,14.0,7.0,192.0,15.0,11.0,2.0,4.0,1.0,33,,Mohamed,Salah,M.Salah,,,1997,7,6,7,33,0,0,0,1,0,0,21,99,,,,0.0,0.32,1.49,0.95,4.46,17,11,71
382,a,100.0,100.0,8.3,13,8.0,0,0.0,-2,2.0,9.1,41,14.0,113,2,3.9,79.0,36.0,16,478,3.3,95.0,39.0,0.4,13.6,0.0,2271874,5392,4868918,3171,3.8,3.8,5.97,4.86,10.82,27.92,0.25,0.2,0.45,1.17,473.4,113.0,37.0,859.5,6.0,6.0,593.0,27.0,12.0,192.5,14.0,10.0,4.0,5.0,,33,,Florian,Wirtz,Wirtz,,,2153,4,4,10,26,0,0,0,1,0,0,25,158,,,,0.0,0.42,1.09,1.05,6.6,31,23,104
383,u,0.0,0.0,8.0,16,11.0,0,0.0,0,0.0,0.0,607,231.0,0,0,0.0,827.0,371.0,0,0,0.0,824.0,369.0,0.0,0.0,0.0,0,0,7365,0,0.0,0.0,0.0,0.0,0.0,0.0,0.0,0.0,0.0,0.0,0.0,827.0,371.0,0.0,827.0,371.0,0.0,827.0,371.0,0.0,827.0,371.0,,,,33,,Luis,Díaz Marulanda,Luis Díaz,Has joined Bayern Munch permanently.,,0,0,0,0,0,0,0,0,0,0,0,0,0,,,,0.0,0.0,0.0,0.0,0.0,0,0,0
384,a,100.0,100.0,7.3,27,17.0,0,0.0,-2,2.0,5.6,70,24.0,117,5,3.8,88.0,39.0,5,419,4.3,49.0,22.0,0.6,16.0,0.0,3460425,2620,3848189,971,4.8,4.8,7.06,4.55,11.61,26.54,0.27,0.18,0.45,1.03,486.8,103.0,34.0,654.9,18.0,17.0,750.0,10.0,5.0,189.0,16.0,12.0,3.0,,3.0,33,,Cody,Gakpo,Gakpo,,,2317,6,5,10,30,0,0,0,2,0,0,27,135,,,,0.0,0.39,1.17,1.05,5.24,27,31,77
392,i,0.0,0.0,4.9,292,181.0,0,0.0,-1,1.0,0.1,519,188.0,12,0,1.5,414.0,179.0,0,49,0.0,711.0,291.0,0.0,2.4,0.0,7385,1,15403,11,0.0,0.0,0.04,0.05,0.09,4.11,0.02,0.03,0.05,2.18,56.0,415.0,180.0,18.1,404.0,202.0,6.0,434.0,210.0,8.0,431.0,194.0,,,,33,,Endo,Wataru,Endo,Foot injury - Unknown return date,,170,0,1,1,5,0,0,0,1,0,0,1,23,,,,0.0,0.53,2.65,0.53,12.18,7,13,3
393,i,0.0,0.0,4.2,645,371.0,0,0.0,-3,3.0,0.1,498,179.0,0,0,0.0,649.0,243.0,0,0,0.0,517.0,168.0,0.0,0.0,0.0,17680,238,13799,178,0.0,0.0,0.0,0.0,0.0,0.0,0.0,0.0,0.0,0.0,0.0,641.0,234.0,0.0,635.0,239.0,0.0,609.0,225.0,0.0,643.0,236.0,,,,33,,Stefan,Bajčetić Maquieira,Bajcetic,Hamstring injury - Unknown return date,,0,0,0,0,0,0,0,0,0,0,0,0,0,,,,0.0,0.0,0.0,0.0,0.0,0,0,0
394,u,0.0,0.0,4.4,548,328.0,0,0.0,-1,1.0,0.0,686,277.0,0,0,0.0,677.0,260.0,0,0,0.0,573.0,192.0,0.0,0.0,0.0,1737,0,4114,3,0.0,0.0,0.0,0.0,0.0,0.0,0.0,0.0,0.0,0.0,0.0,669.0,252.0,0.0,665.0,256.0,0.0,644.0,246.0,0.0,671.0,254.0,,,,33,,James,McConnell,McConnell,has joined Ajax on loan for the rest of the season.,,0,0,0,0,0,0,0,0,0,0,0,0,0,,,,0.0,0.0,0.0,0.0,0.0,0,0,0
395,u,0.0,0.0,4.5,433,257.0,0,0.0,0,0.0,0.0,808,357.0,0,0,0.0,704.0,276.0,0,0,0.0,611.0,214.0,0.0,0.0,0.0,0,0,361,0,0.0,0.0,0.0,0.0,0.0,0.0,0.0,0.0,0.0,0.0,0.0,698.0,270.0,0.0,694.0,273.0,0.0,677.0,266.0,0.0,700.0,272.0,,,,33,,Tyler,Morton,Morton,Has joined Lyon permanently.,,0,0,0,0,0,0,0,0,0,0,0,0,0,,,,0.0,0.0,0.0,0.0,0.0,0,0,0
396,a,,,4.3,613,362.0,0,0.0,-2,2.0,0.3,324,113.0,5,0,1.0,472.0,205.0,0,9,0.3,325.0,152.0,0.1,1.2,0.0,98736,29,85703,64,0.8,0.8,0.37,0.01,0.38,0.41,2.38,0.06,2.44,2.64,2.4,494.0,227.0,12.7,418.0,208.0,4.0,437.0,213.0,1.8,474.0,214.0,,,,33,,Trey,Nyoni,Nyoni,,,14,0,0,0,1,0,0,0,0,0,0,0,2,,,,0.0,0.0,6.43,0.0,12.86,0,0,2
397,u,0.0,0.0,6.5,50,18.0,0,0.0,0,0.0,0.1,557,78.0,0,0,0.0,823.0,91.0,0,0,0.0,819.0,91.0,0.0,0.0,0.0,0,0,15976,1,0.0,0.0,0.0,0.0,0.0,0.0,0.0,0.0,0.0,0.0,0.0,823.0,91.0,0.0,823.0,91.0,0.0,823.0,91.0,0.0,823.0,91.0,,,,33,,Darwin,Núñez Ribeiro,Darwin,Has joined Al-Hilal permanently.,,0,0,0,0,0,0,0,0,0,0,0,0,0,,,,0.0,0.0,0.0,0.0,0.0,0,0,0
398,i,0.0,0.0,4.3,602,84.0,0,0.0,-2,2.0,0.1,480,68.0,0,0,0.0,658.0,66.0,0,0,0.0,539.0,55.0,0.0,0.0,0.0,9394,8,20105,12,0.0,0.0,0.0,0.0,0.0,0.0,0.0,0.0,0.0,0.0,0.0,648.0,66.0,0.0,643.0,65.0,0.0,620.0,65.0,0.0,650.0,66.0,,,,33,,Jayden,Danns,Danns,Hamstring injury - Unknown return date,,0,0,0,0,0,0,0,0,0,0,0,0,0,,,,0.0,0.0,0.0,0.0,0.0,0,0,0
399,u,0.0,0.0,5.3,182,5.0,0,0.0,-2,2.0,0.8,214,28.0,0,0,0.0,805.0,96.0,0,0,0.0,771.0,95.0,0.0,0.0,0.0,15200,0,273711,24,0.0,0.0,0.0,0.0,0.0,0.0,0.0,0.0,0.0,0.0,0.0,804.0,96.0,0.0,803.0,95.0,0.0,800.0,93.0,0.0,804.0,96.0,,,,33,,Ederson,Santana de Moraes,Ederson M.,has joined Fenerbache permanently.,,0,0,0,0,0,0,0,0,0,0,0,0,0,,,,0.0,0.0,0.0,0.0,0.0,0,0,0
401,a,100.0,100.0,3.8,793,94.0,0,0.0,-2,2.0,0.4,285,36.0,0,0,0.0,531.0,40.0,0,0,0.0,367.0,27.0,0.0,0.0,0.0,68237,194,48129,353,0.0,0.5,0.0,0.0,0.0,0.0,0.0,0.0,0.0,0.0,0.0,521.0,40.0,0.0,502.0,18.0,0.0,469.0,5.0,0.0,523.0,40.0,,,,33,,Marcus,Bettinelli,Bettinelli,,,0,0,0,0,0,0,0,0,0,0,0,0,0,,,,0.0,0.0,0.0,0.0,0.0,0,0,0
402,a,100.0,100.0,5.7,117,11.0,0,0.0,-3,3.0,4.3,92,31.0,45,0,3.2,179.0,71.0,7,184,0.3,337.0,107.0,0.1,7.9,0.0,652203,387,2456162,2718,0.0,1.1,0.41,1.71,2.12,10.69,0.05,0.19,0.24,1.2,176.0,304.0,116.0,156.4,216.0,58.0,57.0,329.0,105.0,38.9,315.0,106.0,,,,33,,Rayan,Aït-Nouri,Aït-Nouri,,,804,0,2,3,8,0,0,0,2,0,0,10,69,,,,0.0,0.34,0.9,1.12,6.83,30,31,42
403,i,0.0,0.0,5.8,107,7.0,0,0.0,-2,2.0,3.2,106,37.0,77,0,4.8,21.0,7.0,5,291,0.0,804.0,266.0,0.0,13.3,0.0,1374670,14,2195348,497,0.0,0.0,2.19,0.64,2.83,15.29,0.15,0.04,0.19,1.06,354.6,184.0,77.0,104.7,278.0,84.0,193.0,161.0,33.0,65.3,220.0,77.0,,,,33,,Joško,Gvardiol,Gvardiol,Leg injury - Unknown return date,,1301,2,2,6,13,0,0,0,2,0,0,15,115,,,,0.0,0.42,0.9,1.04,6.85,17,82,48
404,u,0.0,0.0,5.4,165,19.0,0,0.0,-1,1.0,0.3,349,127.0,0,0,0.0,808.0,267.0,0,0,0.0,782.0,261.0,0.0,0.0,0.0,9281,0,85663,7,0.0,0.0,0.0,0.0,0.0,0.0,0.0,0.0,0.0,0.0,0.0,807.0,267.0,0.0,806.0,267.0,0.0,804.0,267.0,0.0,807.0,267.0,,,,33,,Manuel,Akanji,Akanji,has joined Inter Milan on loan for the rest of the season.,,0,0,0,0,0,0,0,0,0,0,0,0,0,,,,0.0,0.0,0.0,0.0,0.0,0,0,0
406,a,100.0,100.0,5.4,181,22.0,0,0.0,-1,1.0,0.5,260,99.0,45,4,2.6,257.0,99.0,0,216,3.3,90.0,33.0,0.6,8.3,0.0,80150,1291,80064,667,0.0,7.1,0.6,0.27,0.87,14.75,0.05,0.02,0.07,1.24,221.2,268.0,109.0,96.9,285.0,88.0,17.0,398.0,144.0,33.7,336.0,112.0,,,,33,,Abdukodir,Khusanov,Khusanov,,,1067,0,0,4,9,0,0,0,2,0,0,11,104,,,,0.0,0.34,0.76,0.93,8.01,22,73,53
407,a,100.0,100.0,5.3,195,23.0,0,0.0,-2,2.0,3.1,110,40.0,139,5,4.8,19.0,6.0,16,597,3.7,73.0,25.0,0.7,26.2,0.0,1016338,1049,707331,5301,0.0,7.9,0.34,2.08,2.42,28.78,0.01,0.08,0.09,1.06,613.0,51.0,24.0,473.0,50.0,6.0,117.0,247.0,66.0,120.6,73.0,14.0,,,4.0,33,,Matheus,Nunes,Matheus N.,,,2444,1,8,10,24,0,0,0,4,0,0,27,207,,,,0.0,0.37,0.88,0.99,6.22,50,119,140
412,u,0.0,0.0,5.0,282,43.0,0,0.0,0,0.0,0.0,786,263.0,0,0,0.0,804.0,266.0,0,0,0.0,759.0,258.0,0.0,0.0,0.0,0,0,855,0,0.0,0.0,0.0,0.0,0.0,0.0,0.0,0.0,0.0,0.0,0.0,803.0,266.0,0.0,801.0,266.0,0.0,796.0,266.0,0.0,803.0,266.0,,,,33,,Vitor,de Oliveira Nunes dos Reis,Vitor Reis,Has joined Girona on loan for the rest of the season.,,0,0,0,0,0,0,0,0,0,0,0,0,0,,,,0.0,0.0,0.0,0.0,0.0,0,0,0
413,a,100.0,100.0,8.3,12,7.0,0,0.0,-2,2.0,2.5,124,41.0,40,0,2.4,295.0,128.0,4,122,0.0,825.0,370.0,0.0,4.8,0.0,287846,196,1297070,1068,0.0,0.5,2.22,0.68,2.9,6.58,0.35,0.11,0.46,1.05,132.2,342.0,155.0,146.4,229.0,147.0,229.0,128.0,76.0,50.4,278.0,141.0,4.0,1.0,2.0,33,,Omar,Marmoush,Marmoush,,,566,1,3,3,5,0,0,0,2,0,0,7,32,,,,0.0,0.48,0.8,1.11,5.09,12,6,14
414,a,100.0,100.0,8.0,15,10.0,0,0.0,0,0.0,7.8,49,16.0,114,1,4.1,57.0,27.0,10,497,0.7,292.0,138.0,0.1,14.2,0.0,6179157,195,5578295,3812,0.0,1.9,5.34,4.02,9.36,22.55,0.26,0.2,0.46,1.11,513.0,87.0,28.0,797.4,8.0,8.0,443.0,47.0,29.0,175.2,22.0,18.0,5.0,,,33,,Phil,Foden,Foden,,,1827,7,3,10,16,0,0,0,4,0,0,21,140,,,,0.0,0.49,0.79,1.03,6.9,30,23,87
415,a,100.0,100.0,6.9,41,25.0,0,0.0,-1,1.0,0.4,289,100.0,29,1,1.5,420.0,183.0,0,97,0.7,290.0,137.0,0.1,4.2,0.0,35644,50,114875,59,0.0,1.9,1.77,1.22,2.99,7.34,0.28,0.19,0.47,1.14,84.2,387.0,172.0,144.3,231.0,149.0,236.0,123.0,72.0,46.4,289.0,145.0,,,,33,,Sávio,Moreira de Oliveira,Savinho,,,577,0,2,2,5,0,0,0,2,0,0,5,47,,,,0.0,0.31,0.78,0.78,7.33,6,10,31
416,a,100.0,100.0,6.2,73,48.0,0,0.0,-3,3.0,0.7,235,84.0,86,2,2.7,242.0,98.0,4,445,1.7,185.0,80.0,0.3,13.9,0.0,117127,165,144074,828,0.0,3.9,1.96,3.47,5.42,30.15,0.07,0.13,0.2,1.12,432.8,129.0,43.0,635.7,21.0,20.0,266.0,104.0,64.0,133.6,51.0,34.0,1.0,,,33,,Bernardo,Mota Veiga de Carvalho e Silva,Bernardo,,,2412,2,4,10,25,0,0,0,9,0,0,28,209,,,,0.0,0.37,0.93,1.04,7.8,39,52,118
417,a,100.0,100.0,6.4,59,38.0,0,0.0,-1,1.0,9.8,36,11.0,120,10,4.4,41.0,19.0,16,515,6.7,10.0,4.0,1.0,18.8,0.0,3192157,21219,2934027,8240,0.0,13.9,2.91,7.66,10.57,18.92,0.18,0.47,0.65,1.17,528.2,81.0,26.0,776.3,10.0,10.0,445.0,46.0,28.0,175.2,21.0,17.0,3.0,2.0,,33,,Rayan,Cherki,Cherki,,,1456,4,11,7,14,0,0,0,1,0,0,16,121,,,,0.0,0.43,0.87,0.99,7.48,24,15,82
418,a,100.0,100.0,6.4,56,35.0,0,0.0,-1,1.0,2.6,123,40.0,84,2,3.5,123.0,55.0,9,365,3.3,93.0,38.0,0.5,13.1,0.0,2169963,637,2097902,1425,0.0,7.1,2.17,4.74,6.91,17.69,0.14,0.31,0.45,1.15,356.4,182.0,70.0,632.3,22.0,21.0,457.0,44.0,26.0,144.4,42.0,30.0,,,3.0,33,,Jérémy,Doku,Doku,,,1384,2,7,6,14,0,0,0,0,0,0,15,100,,,,0.0,0.39,0.91,0.98,6.5,18,10,72
420,u,0.0,0.0,6.3,63,41.0,0,0.0,-2,2.0,0.1,562,206.0,0,0,0.0,820.0,367.0,0,0,0.0,813.0,361.0,0.0,0.0,0.0,1928,0,19900,1,0.0,0.0,0.0,0.0,0.0,0.0,0.0,0.0,0.0,0.0,0.0,820.0,367.0,0.0,820.0,367.0,0.0,820.0,367.0,0.0,820.0,367.0,,,,33,,İlkay,Gündoğan,Gündoğan,has joined Galatasaray permanently.,,0,0,0,0,0,0,0,0,0,0,0,0,0,,,,0.0,0.0,0.0,0.0,0.0,0,0,0
427,a,,,5.0,259,157.0,0,0.0,-5,5.0,9.2,40,13.0,86,0,3.3,153.0,64.0,6,325,0.0,746.0,315.0,0.0,17.2,0.0,3558778,105,5005816,2086,0.0,0.5,3.96,2.27,6.23,17.28,0.24,0.14,0.38,1.05,339.4,192.0,78.0,340.0,95.0,69.0,394.0,63.0,38.0,106.5,94.0,55.0,4.0,3.0,,33,,Tijjani,Reijnders,Reijnders,,,1488,5,2,7,16,0,0,0,2,0,0,17,95,,,,0.0,0.42,0.97,1.03,5.75,10,31,54
429,u,0.0,0.0,4.7,378,236.0,0,0.0,-3,3.0,0.1,564,208.0,0,0,0.0,767.0,329.0,0,0,0.0,694.0,280.0,0.0,0.0,0.0,4052,0,8530,5,0.0,0.0,0.0,0.0,0.0,0.0,0.0,0.0,0.0,0.0,0.0,766.0,328.0,0.0,761.0,328.0,0.0,750.0,325.0,0.0,766.0,328.0,,,,33,,Kalvin,Phillips,Phillips,has joined Sheffield United on loan for the rest of the season.,,0,0,0,0,0,0,0,0,0,0,0,0,0,,,,0.0,0.0,0.0,0.0,0.0,0,0,0
430,a,100.0,100.0,14.5,1,1.0,0,0.0,5,-5.0,59.0,1,1.0,205,6,6.6,4.0,1.0,36,816,2.7,123.0,16.0,0.2,14.1,0.0,7740177,12644,3872787,37325,0.0,5.9,22.51,1.98,24.49,32.9,0.78,0.07,0.85,1.14,1011.4,2.0,1.0,281.1,133.0,9.0,1300.0,1.0,1.0,259.4,2.0,1.0,,,1.0,33,,Erling,Haaland,Haaland,,,2593,23,7,11,28,0,0,1,2,0,0,30,95,,,,0.0,0.38,0.97,1.04,3.3,15,44,36
736,a,,,5.6,125,3.0,0,0.0,1,-1.0,9.4,38,6.0,113,2,3.9,74.0,8.0,3,484,3.0,104.0,10.0,0.5,20.2,0.0,2230283,2436,1418583,8190,0.0,6.5,0.0,0.0,0.0,32.12,0.0,0.0,0.0,1.11,578.6,59.0,12.0,0.0,816.0,96.0,0.0,814.0,95.0,58.0,244.0,12.0,,,,33,,Gianluigi,Donnarumma,Donnarumma,,,2610,0,0,12,25,0,1,0,6,0,68,29,55,,,,2.34,0.41,0.86,1.0,0.0,0,38,203
739,u,0.0,0.0,4.4,568,342.0,0,0.0,-1,1.0,0.0,698,283.0,2,0,1.0,478.0,211.0,0,5,0.0,591.0,204.0,0.0,0.5,0.0,3500,0,3323,2,0.0,0.0,0.0,0.21,0.21,0.34,0.0,0.76,0.76,1.22,4.2,484.0,220.0,28.3,387.0,194.0,4.0,438.0,214.0,3.7,460.0,208.0,,,,33,,Divine,Mukasa,Mukasa,has joined Leicester City on loan for the rest of the season.,,25,0,0,0,0,0,0,0,0,0,0,0,1,,,,0.0,0.0,0.0,0.0,3.6,0,0,1
740,u,0.0,0.0,3.9,783,228.0,0,0.0,-1,1.0,0.0,623,222.0,0,0,0.0,572.0,207.0,0,0,0.0,419.0,153.0,0.0,0.0,0.0,3208,0,3975,12,0.0,0.0,0.0,0.0,0.0,0.0,0.0,0.0,0.0,0.0,0.0,562.0,206.0,0.0,550.0,206.0,0.0,518.0,201.0,0.0,564.0,206.0,,,,33,,Stephen,Mfuni,Mfuni,has joined Watford on loan for the rest of the season.,,0,0,0,0,0,0,0,0,0,0,0,0,0,,,,0.0,0.0,0.0,0.0,0.0,0,0,0
742,a,,,4.5,504,313.0,0,0.0,0,0.0,0.0,736,308.0,0,0,0.0,755.0,319.0,0,0,0.0,676.0,267.0,0.0,0.0,0.0,1600,5,1387,4,0.0,0.5,0.0,0.0,0.0,0.0,0.0,0.0,0.0,0.0,0.0,754.0,318.0,0.0,747.0,318.0,0.0,734.0,314.0,0.0,754.0,318.0,,,,33,,Ryan,McAidoo,McAidoo,,,0,0,0,0,0,0,0,0,0,0,0,0,0,,,,0.0,0.0,0.0,0.0,0.0,0,0,0
763,a,,,4.5,456,274.0,0,0.0,0,0.0,0.0,782,339.0,0,0,0.0,720.0,291.0,0,0,0.0,631.0,230.0,0.0,0.0,0.0,490,6,382,5,0.0,0.5,0.0,0.0,0.0,0.0,0.0,0.0,0.0,0.0,0.0,715.0,286.0,0.0,710.0,288.0,0.0,694.0,281.0,0.0,716.0,287.0,,,,33,,Charlie,Gray,Gray,,,0,0,0,0,0,0,0,0,0,0,0,0,0,,,,0.0,0.0,0.0,0.0,0.0,0,0,0
764,a,,,4.5,487,299.0,0,0.0,0,0.0,0.0,794,349.0,0,0,0.0,741.0,308.0,0,0,0.0,659.0,253.0,0.0,0.0,0.0,276,4,221,4,0.0,0.5,0.0,0.0,0.0,0.0,0.0,0.0,0.0,0.0,0.0,739.0,306.0,0.0,732.0,306.0,0.0,719.0,302.0,0.0,739.0,306.0,,,,33,,Reigan,Heskey,Heskey,,,0,0,0,0,0,0,0,0,0,0,0,0,0,,,,0.0,0.0,0.0,0.0,0.0,0,0,0
794,a,100.0,100.0,3.9,776,225.0,0,0.0,-6,6.0,0.0,745,256.0,5,0,2.5,262.0,102.0,0,27,0.0,412.0,150.0,0.0,1.3,0.0,5326,9,4898,11,0.0,0.5,0.26,0.06,0.32,1.54,0.17,0.04,0.21,1.03,34.0,434.0,161.0,14.8,410.0,148.0,26.0,374.0,128.0,7.5,434.0,156.0,,,,33,,Max,Alleyne,Alleyne,,,135,0,0,0,1,0,0,0,0,0,0,2,11,,,,0.0,0.0,0.67,1.33,7.33,3,8,4
119,a,100.0,100.0,8.5,11,6.0,0,0.0,5,-5.0,18.9,17,6.0,126,3,4.5,34.0,15.0,15,456,2.0,169.0,68.0,0.2,14.8,0.0,7261668,8061,6716446,14043,2.5,2.0,8.04,4.49,12.53,31.58,0.32,0.18,0.5,1.24,547.8,74.0,21.0,711.9,13.0,13.0,761.0,9.0,4.0,202.1,11.0,9.0,2.0,2.0,,33,,Bryan,Mbeumo,Mbeumo,,,2297,9,3,6,33,0,0,0,4,0,0,27,123,,,,0.0,0.24,1.29,1.06,4.82,23,21,79
431,a,,,4.7,388,18.0,0,0.0,-3,3.0,0.3,317,43.0,11,0,1.8,374.0,34.0,0,49,0.0,697.0,92.0,0.0,2.3,0.0,37972,42,63620,64,0.5,0.0,0.0,0.05,0.05,9.24,0.0,0.01,0.01,1.54,118.4,353.0,26.0,10.0,433.0,12.0,0.0,753.0,84.0,12.8,410.0,26.0,,,,33,,Altay,Bayındır,Bayindir,,,540,0,0,0,11,0,0,0,0,0,13,6,46,,,,2.17,0.0,1.83,1.0,0.0,0,7,39
432,u,0.0,0.0,4.9,300,11.0,0,0.0,-1,1.0,0.1,429,62.0,0,0,0.0,777.0,95.0,0,0,0.0,715.0,93.0,0.0,0.0,0.0,5156,0,26620,5,0.0,0.0,0.0,0.0,0.0,0.0,0.0,0.0,0.0,0.0,0.0,776.0,95.0,0.0,772.0,92.0,0.0,768.0,90.0,0.0,776.0,95.0,,,,33,,André,Onana,Onana,has joined Trabzonspor on loan for the rest of the season.,,0,0,0,0,0,0,0,0,0,0,0,0,0,,,,0.0,0.0,0.0,0.0,0.0,0,0,0
433,u,0.0,0.0,4.0,726,66.0,0,0.0,0,0.0,0.0,814,95.0,0,0,0.0,627.0,87.0,0,0,0.0,484.0,78.0,0.0,0.0,0.0,0,0,254,0,0.0,0.0,0.0,0.0,0.0,0.0,0.0,0.0,0.0,0.0,0.0,618.0,87.0,0.0,610.0,75.0,0.0,580.0,62.0,0.0,620.0,87.0,,,,33,,Elyh,Harrison,Harrison,On loan to Shrewsbury Town,,0,0,0,0,0,0,0,0,0,0,0,0,0,,,,0.0,0.0,0.0,0.0,0.0,0,0,0
438,a,100.0,100.0,4.9,312,51.0,0,0.0,-1,1.0,0.2,364,133.0,35,6,2.1,329.0,121.0,3,164,3.5,80.0,28.0,0.7,7.1,0.0,38165,509,57497,49,4.0,3.5,0.19,0.3,0.48,10.54,0.02,0.04,0.06,1.23,151.2,330.0,125.0,72.7,315.0,104.0,33.0,363.0,122.0,25.6,367.0,126.0,,,,33,,Noussair,Mazraoui,Mazraoui,,,769,0,0,3,9,0,0,0,3,0,0,9,82,,,,0.0,0.35,1.05,1.05,8.19,22,48,32
439,a,,,4.1,661,161.0,0,0.0,-4,4.0,0.1,569,203.0,0,0,0.0,642.0,250.0,0,0,0.0,506.0,210.0,0.0,0.0,0.0,3512,13,8745,8,0.5,0.0,0.0,0.0,0.0,0.0,0.0,0.0,0.0,0.0,0.0,633.0,250.0,0.0,626.0,250.0,0.0,597.0,248.0,0.0,635.0,250.0,,,,33,,Diego,León Blanco,D.Leon,,,0,0,0,0,0,0,0,0,0,0,0,0,0,,,,0.0,0.0,0.0,0.0,0.0,0,0,0
440,a,100.0,100.0,4.6,398,68.0,0,0.0,1,-1.0,4.4,87,29.0,105,6,3.4,133.0,49.0,9,395,3.5,79.0,27.0,0.8,22.8,0.0,1127358,3800,824199,1564,4.0,3.5,1.57,2.39,3.96,32.37,0.06,0.09,0.15,1.25,485.4,107.0,47.0,422.5,64.0,12.0,192.0,162.0,34.0,110.0,88.0,20.0,,,,33,,Diogo,Dalot Teixeira,Dalot,,,2339,1,6,7,35,0,0,0,5,0,0,26,178,,,,0.0,0.27,1.35,1.0,6.04,45,112,121
441,i,0.0,0.0,4.1,659,159.0,0,0.0,-4,4.0,2.5,125,48.0,74,0,3.4,127.0,44.0,8,261,0.0,505.0,209.0,0.0,18.0,0.0,1774472,44,2219267,1941,0.0,0.0,1.86,1.42,3.28,18.78,0.13,0.1,0.23,1.27,402.4,148.0,65.0,354.1,84.0,20.0,262.0,106.0,13.0,101.9,103.0,27.0,,,,33,,Patrick,Dorgu,Dorgu,Hamstring injury - Unknown return date,,1329,3,3,3,20,0,0,0,5,0,0,14,117,,,,0.0,0.2,1.35,0.95,6.43,47,48,72
442,a,100.0,0.0,4.4,523,101.0,0,0.0,-1,1.0,1.3,176,68.0,63,0,3.5,116.0,39.0,3,204,0.0,558.0,228.0,0.0,14.3,0.0,316069,768,266857,823,0.5,0.0,0.81,0.19,1.0,16.71,0.06,0.01,0.07,1.25,246.0,249.0,97.0,38.2,371.0,134.0,116.0,249.0,67.0,40.3,312.0,104.0,,,,33,,Harry,Maguire,Maguire,,,1199,1,1,5,15,0,0,0,3,1,0,14,109,,,,0.0,0.38,1.13,1.05,7.36,12,86,45
443,a,100.0,100.0,4.5,413,77.0,0,0.0,0,0.0,0.8,213,83.0,88,11,2.7,233.0,92.0,3,357,5.5,23.0,8.0,1.2,19.6,0.0,195316,1745,146466,262,6.0,5.5,0.54,1.55,2.08,38.98,0.02,0.05,0.07,1.25,465.0,118.0,50.0,289.9,123.0,32.0,70.0,305.0,92.0,82.6,158.0,53.0,,,,33,,Luke,Shaw,Shaw,,,2797,0,1,7,41,0,0,0,6,0,0,33,217,,,,0.0,0.23,1.32,1.06,5.98,63,123,93
444,d,75.0,,4.1,658,158.0,0,0.0,-4,4.0,1.3,175,67.0,53,0,1.8,368.0,136.0,1,184,1.5,189.0,69.0,0.4,12.9,0.0,227484,158,315292,776,1.5,1.5,1.34,0.59,1.93,26.43,0.07,0.03,0.1,1.4,317.6,202.0,79.0,82.8,307.0,98.0,124.0,241.0,62.0,52.3,267.0,86.0,,,,33,,Leny,Yoro,Yoro,Knock - 75% chance of playing,,1696,0,1,2,32,0,0,0,1,0,0,18,173,,,,0.0,0.11,1.7,0.96,8.01,29,122,73
445,u,0.0,0.0,4.0,723,194.0,0,0.0,0,0.0,0.1,545,194.0,0,0,0.0,624.0,234.0,0,0,0.0,481.0,187.0,0.0,0.0,0.0,1160,0,14562,0,0.0,0.0,0.0,0.0,0.0,0.0,0.0,0.0,0.0,0.0,0.0,615.0,234.0,0.0,607.0,234.0,0.0,577.0,231.0,0.0,617.0,234.0,,,,33,,Harry,Amass,Amass,has joined Norwich City on loan for the rest of the season.,,0,0,0,0,0,0,0,0,0,0,0,0,0,,,,0.0,0.0,0.0,0.0,0.0,0,0,0
446,a,,,3.7,824,264.0,0,0.0,-3,3.0,0.2,415,152.0,1,0,1.0,452.0,162.0,0,4,0.0,361.0,120.0,0.0,0.3,0.0,13109,54,16055,62,0.5,0.0,0.0,0.0,0.0,0.3,0.0,0.0,0.0,13.5,4.0,485.0,172.0,0.0,497.0,182.0,0.0,464.0,176.0,0.4,501.0,176.0,,,,33,,Tyler,Fredricson,Fredricson,,,2,0,0,0,0,0,0,0,0,0,0,0,2,,,,0.0,0.0,0.0,0.0,90.0,0,2,0
447,a,100.0,100.0,3.7,827,267.0,0,0.0,-3,3.0,2.2,132,53.0,39,11,2.6,245.0,94.0,3,142,5.5,22.0,7.0,1.5,10.5,0.0,493633,3302,422717,857,6.0,5.5,0.34,0.17,0.51,9.63,0.04,0.02,0.06,1.17,209.2,279.0,113.0,27.4,389.0,140.0,26.0,373.0,127.0,26.2,366.0,125.0,,,,33,,Ayden,Heaven,Heaven,,,740,0,1,2,12,1,0,0,2,0,0,9,84,,,,0.0,0.24,1.46,1.09,10.09,18,65,33
449,a,100.0,100.0,10.3,4,3.0,0,0.0,13,-13.0,45.5,4,2.0,199,6,6.6,3.0,1.0,36,845,5.0,36.0,13.0,0.5,19.3,0.0,8668219,28416,5659671,1563,5.5,5.0,10.38,9.6,19.98,38.18,0.36,0.33,0.69,1.31,1095.4,1.0,1.0,1587.9,1.0,1.0,519.0,33.0,17.0,320.5,1.0,1.0,1.0,1.0,1.0,33,,Bruno,Borges Fernandes,B.Fernandes,,,2615,8,19,5,41,0,0,2,4,0,0,30,251,,,,0.0,0.17,1.41,1.03,8.64,48,60,143
450,a,100.0,100.0,8.0,17,12.0,0,0.0,0,0.0,8.5,44,15.0,125,7,4.2,50.0,22.0,12,506,4.0,66.0,29.0,0.5,15.6,0.0,3307258,21990,3311958,2284,4.5,4.0,6.16,2.73,8.89,31.99,0.25,0.11,0.36,1.29,577.2,61.0,17.0,464.0,52.0,44.0,696.0,19.0,9.0,174.0,25.0,20.0,,,,33,,Matheus,Santos Carneiro da Cunha,Cunha,,,2238,8,4,7,31,0,0,0,3,0,0,26,187,,,,0.0,0.28,1.25,1.05,7.52,35,40,112
451,u,0.0,0.0,7.0,36,21.0,0,0.0,0,0.0,0.0,714,293.0,0,0,0.0,826.0,370.0,0,0,0.0,823.0,368.0,0.0,0.0,0.0,0,0,2151,0,0.0,0.0,0.0,0.0,0.0,0.0,0.0,0.0,0.0,0.0,0.0,826.0,370.0,0.0,826.0,370.0,0.0,826.0,370.0,0.0,826.0,370.0,,,,33,,Marcus,Rashford,Rashford,Has joined Barcelona on loan for the rest of the season,,0,0,0,0,0,0,0,0,0,0,0,0,0,,,,0.0,0.0,0.0,0.0,0.0,0,0,0
452,a,100.0,100.0,6.2,78,51.0,0,0.0,-3,3.0,1.4,166,59.0,77,1,2.9,213.0,87.0,6,415,1.5,201.0,90.0,0.2,12.4,0.0,440187,324,623993,894,2.0,1.5,4.62,3.52,8.14,26.37,0.21,0.16,0.37,1.19,391.2,154.0,54.0,542.1,33.0,30.0,502.0,37.0,21.0,143.7,43.0,31.0,3.0,,,33,,Amad,Diallo,Amad,,,1995,2,4,4,29,0,0,0,2,0,0,23,176,,,,0.0,0.18,1.31,1.04,7.94,35,42,99
454,u,0.0,0.0,5.9,97,64.0,0,0.0,-1,1.0,0.1,572,213.0,0,0,0.0,819.0,366.0,0,0,0.0,808.0,358.0,0.0,0.0,0.0,1511,0,10740,2,0.0,0.0,0.0,0.0,0.0,0.0,0.0,0.0,0.0,0.0,0.0,819.0,366.0,0.0,819.0,366.0,0.0,818.0,366.0,0.0,819.0,366.0,,,,33,,Antony,dos Santos,Antony,has joined Real Betis permanently.,,0,0,0,0,0,0,0,0,0,0,0,0,0,,,,0.0,0.0,0.0,0.0,0.0,0,0,0
455,a,100.0,100.0,5.9,92,60.0,0,0.0,-1,1.0,0.3,336,116.0,47,0,2.5,272.0,112.0,3,165,0.0,805.0,355.0,0.0,8.0,0.0,184267,35,199404,55,0.5,0.0,1.54,1.41,2.95,10.38,0.17,0.15,0.32,1.14,165.0,318.0,142.0,200.6,181.0,120.0,160.0,194.0,105.0,52.5,266.0,135.0,,,,33,,Mason,Mount,Mount,,,822,3,0,3,14,0,0,0,1,0,0,10,66,,,,0.0,0.33,1.53,1.09,7.23,15,8,43
457,a,100.0,100.0,5.7,111,71.0,0,0.0,2,-2.0,3.4,100,33.0,148,5,4.8,20.0,8.0,17,569,7.0,8.0,3.0,1.2,26.0,0.0,831088,12474,465608,2005,7.5,7.0,4.9,3.05,7.95,27.83,0.19,0.12,0.31,1.08,783.0,12.0,3.0,484.4,46.0,41.0,518.0,34.0,18.0,178.8,19.0,15.0,,,,33,,Carlos Henrique,Casimiro,Casemiro,,,2315,8,4,9,27,0,0,0,8,1,0,30,308,,,,0.0,0.35,1.05,1.17,11.97,73,109,126
458,a,100.0,75.0,4.7,393,244.0,0,0.0,-3,3.0,1.0,193,69.0,49,4,2.1,326.0,142.0,0,231,2.0,150.0,59.0,0.4,10.4,0.0,234985,426,201371,1093,2.5,1.5,0.24,0.85,1.09,16.64,0.02,0.06,0.08,1.24,246.6,248.0,107.0,290.0,122.0,85.0,55.0,331.0,173.0,59.3,242.0,118.0,,,,33,,Kobbie,Mainoo,Mainoo,,,1203,0,2,4,17,0,0,0,1,0,0,11,132,,,,0.0,0.3,1.27,0.82,9.88,29,35,68
459,a,,,4.7,387,241.0,0,0.0,-3,3.0,0.1,427,146.0,38,0,1.7,392.0,168.0,0,183,2.0,149.0,58.0,0.4,8.1,0.0,30415,33,39511,60,2.5,2.0,0.72,0.16,0.88,18.22,0.07,0.02,0.09,1.87,167.2,315.0,140.0,83.6,304.0,173.0,48.0,336.0,175.0,29.8,353.0,170.0,,,,33,,Manuel,Ugarte Ribeiro,Ugarte,,,876,0,0,1,23,0,0,0,1,0,0,8,142,,,,0.0,0.1,2.36,0.82,14.59,46,45,51
460,u,0.0,0.0,4.5,446,266.0,0,0.0,0,0.0,0.0,666,266.0,0,0,0.0,713.0,284.0,0,0,0.0,621.0,222.0,0.0,0.0,0.0,505,0,9680,4,0.0,0.0,0.0,0.0,0.0,0.0,0.0,0.0,0.0,0.0,0.0,707.0,278.0,0.0,703.0,281.0,0.0,687.0,274.0,0.0,709.0,280.0,,,,33,,Toby,Collyer,Collyer,has joined Hull City on loan for the rest of the season.,,0,0,0,0,0,0,0,0,0,0,0,0,0,,,,0.0,0.0,0.0,0.0,0.0,0,0,0
461,a,,,4.3,610,360.0,0,0.0,-2,2.0,0.0,605,230.0,0,0,0.0,662.0,251.0,0,0,0.0,547.0,181.0,0.0,0.0,0.0,3627,9,5191,14,0.5,0.0,0.0,0.0,0.0,0.0,0.0,0.0,0.0,0.0,0.0,652.0,241.0,0.0,648.0,246.0,0.0,625.0,235.0,0.0,654.0,243.0,,,,33,,Jayce,Fitzgerald,Fitzgerald,,,0,0,0,0,0,0,0,0,0,0,0,0,0,,,,0.0,0.0,0.0,0.0,0.0,0,0,0
463,u,0.0,0.0,4.3,619,367.0,0,0.0,-2,2.0,0.1,528,192.0,0,0,0.0,667.0,255.0,0,0,0.0,553.0,185.0,0.0,0.0,0.0,9069,0,13623,13,0.0,0.0,0.0,0.0,0.0,0.0,0.0,0.0,0.0,0.0,0.0,657.0,245.0,0.0,653.0,250.0,0.0,630.0,239.0,0.0,659.0,247.0,,,,33,,Sékou,Koné,Kone,has joined Lausanne-Sport on loan for the rest of the season.,,0,0,0,0,0,0,0,0,0,0,0,0,0,,,,0.0,0.0,0.0,0.0,0.0,0,0,0
464,u,0.0,0.0,4.5,471,287.0,0,0.0,0,0.0,0.0,702,285.0,0,0,0.0,730.0,300.0,0,0,0.0,643.0,241.0,0.0,0.0,0.0,723,0,2869,0,0.0,0.0,0.0,0.0,0.0,0.0,0.0,0.0,0.0,0.0,0.0,727.0,297.0,0.0,721.0,298.0,0.0,706.0,292.0,0.0,728.0,298.0,,,,33,,Jack,Moorhouse,Moorhouse,has joined Leyton Orient on loan for the rest of the season.,,0,0,0,0,0,0,0,0,0,0,0,0,0,,,,0.0,0.0,0.0,0.0,0.0,0,0,0
465,u,0.0,0.0,6.3,71,23.0,0,0.0,-2,2.0,0.3,351,56.0,0,0,0.0,821.0,90.0,0,0,0.0,816.0,90.0,0.0,0.0,0.0,5437,0,56793,7,0.0,0.0,0.0,0.0,0.0,0.0,0.0,0.0,0.0,0.0,0.0,821.0,90.0,0.0,821.0,90.0,0.0,821.0,90.0,0.0,821.0,90.0,,,,33,,Rasmus,Højlund,Højlund,has joined Napoli on loan for the rest of the season.,,0,0,0,0,0,0,0,0,0,0,0,0,0,,,,0.0,0.0,0.0,0.0,0.0,0,0,0
466,a,100.0,100.0,5.8,106,30.0,0,0.0,-2,2.0,0.4,283,43.0,38,1,2.0,350.0,40.0,6,134,0.5,316.0,44.0,0.1,6.6,0.0,109480,74,131661,91,1.0,0.5,2.18,0.32,2.5,7.63,0.38,0.06,0.44,1.34,154.0,327.0,31.0,162.0,208.0,21.0,195.0,158.0,38.0,50.7,277.0,32.0,,,,33,,Joshua,Zirkzee,Zirkzee,,,512,2,1,1,8,0,0,0,1,0,0,4,38,,,,0.0,0.18,1.41,0.7,6.68,8,12,18
118,u,0.0,0.0,4.0,703,181.0,0,0.0,0,0.0,0.0,612,218.0,0,0,0.0,608.0,224.0,0,0,0.0,462.0,174.0,0.0,0.0,0.0,279,0,11030,2,0.0,0.0,0.0,0.0,0.0,0.0,0.0,0.0,0.0,0.0,0.0,599.0,224.0,0.0,590.0,224.0,0.0,559.0,220.0,0.0,601.0,224.0,,,,33,,Jayden,Meghoma,Meghoma,Has joined Rangers on loan for the rest of the season.,,0,0,0,0,0,0,0,0,0,0,0,0,0,,,,0.0,0.0,0.0,0.0,0.0,0,0,0
120,a,100.0,100.0,7.0,38,23.0,0,0.0,0,0.0,1.7,149,52.0,110,3,3.7,104.0,47.0,5,354,3.7,76.0,33.0,0.5,15.7,0.0,930525,1540,769699,1787,3.2,3.7,10.96,2.04,13.0,31.81,0.41,0.08,0.49,1.2,491.0,100.0,33.0,373.9,77.0,59.0,735.0,13.0,6.0,159.5,31.0,24.0,,,3.0,33,,Kevin,Schade,Schade,,,2386,7,5,10,28,0,0,1,6,1,0,28,172,,,,0.0,0.38,1.06,1.06,6.49,37,50,85
121,a,100.0,100.0,5.6,129,80.0,0,0.0,-4,4.0,0.8,216,75.0,93,5,3.3,158.0,66.0,6,381,2.0,161.0,64.0,0.4,16.6,0.0,189150,284,214512,609,1.5,2.0,2.03,4.16,6.19,24.86,0.11,0.22,0.33,1.32,436.4,127.0,42.0,557.4,30.0,28.0,262.0,109.0,66.0,125.8,65.0,41.0,,3.0,,33,,Mikkel,Damsgaard,Damsgaard,,,1701,3,4,4,27,0,0,0,0,0,0,20,196,,,,0.0,0.21,1.43,1.06,10.37,50,35,111
468,u,0.0,0.0,4.5,480,67.0,0,0.0,0,0.0,0.1,518,70.0,0,0,0.0,737.0,77.0,0,0,0.0,652.0,67.0,0.0,0.0,0.0,4530,0,14953,7,0.0,0.0,0.0,0.0,0.0,0.0,0.0,0.0,0.0,0.0,0.0,734.0,77.0,0.0,728.0,76.0,0.0,714.0,76.0,0.0,735.0,77.0,,,,33,,Ethan,Wheatley,Wheatley,has joined Bradford City on loan for the rest of the season.,,0,0,0,0,0,0,0,0,0,0,0,0,0,,,,0.0,0.0,0.0,0.0,0.0,0,0,0
681,a,100.0,100.0,7.3,28,11.0,0,0.0,-2,2.0,6.0,66,13.0,98,2,3.5,125.0,11.0,17,344,2.0,168.0,26.0,0.3,13.4,0.0,1280976,6580,1601034,6469,2.5,2.0,7.53,0.24,7.77,25.53,0.45,0.01,0.46,1.53,414.0,142.0,14.0,142.2,233.0,24.0,725.0,15.0,8.0,127.2,64.0,14.0,,,,33,,Benjamin,Sesko,Šeško,,,1498,9,2,2,29,0,0,0,2,0,0,15,58,,,,0.0,0.12,1.74,0.9,3.48,5,20,33
733,a,,,5.1,235,8.0,0,0.0,1,-1.0,2.9,114,17.0,88,10,3.3,155.0,18.0,9,330,6.0,15.0,1.0,1.2,17.3,0.0,617729,6129,345820,887,6.5,6.0,0.0,0.0,0.0,33.01,0.0,0.0,0.0,1.22,511.0,88.0,15.0,0.0,802.0,94.0,2.0,456.0,2.0,51.3,274.0,17.0,,,,33,,Senne,Lammens,Lammens,,,2430,0,0,6,34,0,0,0,0,0,63,27,43,,,,2.33,0.22,1.26,1.0,0.0,1,22,189
755,a,100.0,100.0,4.5,483,296.0,0,0.0,0,0.0,0.0,732,304.0,2,0,1.0,487.0,218.0,0,8,0.0,655.0,250.0,0.0,0.4,0.0,3482,6,2739,16,0.5,0.0,0.07,0.0,0.07,0.11,0.52,0.0,0.52,0.82,4.0,486.0,221.0,1.5,469.0,226.0,11.0,413.0,203.0,1.5,479.0,218.0,,,,33,,Shea,Lacey,Lacey,,,12,0,0,0,0,0,0,0,0,0,0,0,1,,,,0.0,0.0,0.0,0.0,7.5,1,0,0
769,a,,,4.5,482,295.0,0,0.0,0,0.0,0.0,784,341.0,1,0,1.0,486.0,217.0,0,3,0.0,654.0,249.0,0.0,0.2,0.0,515,4,363,5,0.5,0.0,0.0,0.01,0.01,0.05,0.0,0.06,0.06,0.3,2.2,496.0,228.0,11.7,422.0,210.0,0.0,716.0,300.0,1.4,482.0,221.0,,,,33,,Bendito,Mantato,Bendito Mantato,,,15,0,0,0,0,0,0,0,0,0,0,0,0,,,,0.0,0.0,0.0,0.0,0.0,0,0,0
771,a,,,4.4,552,332.0,0,0.0,-1,1.0,0.0,737,309.0,1,0,1.0,475.0,208.0,0,3,0.0,577.0,196.0,0.0,0.2,0.0,2288,2,1469,14,0.5,0.0,0.0,0.01,0.01,0.02,0.0,0.9,0.9,1.8,0.4,509.0,232.0,1.0,473.0,228.0,0.0,648.0,250.0,0.1,513.0,234.0,,,,33,,Tyler,Fletcher,Fletcher,,,1,0,0,0,0,0,0,0,0,0,0,0,0,,,,0.0,0.0,0.0,0.0,0.0,0,0,0
52,a,100.0,100.0,5.3,187,118.0,0,0.0,-2,2.0,0.2,360,122.0,42,2,1.8,383.0,164.0,1,212,1.7,179.0,74.0,0.3,7.9,0.0,33999,43,79592,117,0.7,1.7,1.12,0.97,2.09,23.47,0.09,0.08,0.17,1.85,215.0,276.0,113.0,259.1,145.0,98.0,141.0,219.0,121.0,61.5,235.0,115.0,,,,33,,Jacob,Ramsey,J.Ramsey,,,1141,2,1,1,26,0,0,0,3,1,0,12,111,,,,0.0,0.08,2.05,0.95,8.76,27,18,66
135,a,100.0,100.0,7.3,25,9.0,0,0.0,-2,2.0,0.6,250,34.0,21,0,1.5,421.0,51.0,0,64,0.7,291.0,41.0,0.1,2.9,0.0,240882,302,457567,179,-0.3,0.7,1.95,0.53,2.48,8.0,0.41,0.11,0.52,1.7,54.0,418.0,49.0,35.8,376.0,50.0,139.0,222.0,44.0,22.1,379.0,48.0,,,,33,,Yoane,Wissa,Wissa,,,423,1,0,1,9,0,0,0,1,0,0,4,19,,,,0.0,0.21,1.91,0.85,4.04,3,3,13
469,a,100.0,100.0,5.0,245,9.0,0,0.0,0,0.0,4.3,91,16.0,82,0,3.7,97.0,14.0,3,336,0.0,742.0,94.0,0.0,16.4,0.0,1521057,281,1588300,1302,-1.0,0.0,0.16,0.0,0.16,27.01,0.01,0.0,0.01,1.24,505.8,90.0,16.0,0.0,787.0,93.0,35.0,359.0,1.0,54.1,259.0,15.0,,,,33,,Nick,Pope,Pope,,,1966,0,1,7,32,0,0,0,1,0,67,22,121,,,,3.07,0.32,1.46,1.01,0.0,1,32,204
471,a,,,3.9,748,71.0,0,0.0,-1,1.0,0.1,444,65.0,0,0,0.0,548.0,44.0,0,0,0.0,391.0,32.0,0.0,0.0,0.0,6921,7,11058,10,-1.0,0.0,0.0,0.0,0.0,0.0,0.0,0.0,0.0,0.0,0.0,538.0,44.0,0.0,523.0,25.0,0.0,491.0,12.0,0.0,540.0,44.0,,,,33,,Mark,Gillespie,Gillespie,,,0,0,0,0,0,0,0,0,0,0,0,0,0,,,,0.0,0.0,0.0,0.0,0.0,0,0,0
472,u,0.0,0.0,4.0,670,44.0,0,0.0,0,0.0,0.0,723,84.0,0,0,0.0,582.0,67.0,0,0,0.0,431.0,57.0,0.0,0.0,0.0,0,0,2497,0,0.0,0.0,0.0,0.0,0.0,0.0,0.0,0.0,0.0,0.0,0.0,572.0,67.0,0.0,562.0,53.0,0.0,531.0,40.0,0.0,574.0,67.0,,,,33,,Odysseas,Vlachodimos,Odysseas,Has joined Sevilla on loan for the rest of the season.,,0,0,0,0,0,0,0,0,0,0,0,0,0,,,,0.0,0.0,0.0,0.0,0.0,0,0,0
473,a,100.0,100.0,5.4,172,21.0,0,0.0,-1,1.0,3.9,96,33.0,74,1,2.8,224.0,89.0,4,311,1.0,244.0,83.0,0.2,13.7,0.0,928916,2292,670415,3840,0.0,1.0,0.85,2.54,3.39,33.34,0.04,0.12,0.16,1.59,488.0,102.0,44.0,362.3,80.0,17.0,155.0,199.0,48.0,100.5,106.0,29.0,2.0,1.0,,33,,Lewis,Hall,Hall,,,1884,1,2,4,35,0,0,0,3,0,0,21,161,,,,0.0,0.19,1.67,1.0,7.31,49,104,119
474,i,0.0,0.0,5.2,201,26.0,0,0.0,-3,3.0,1.1,184,71.0,51,0,3.2,175.0,69.0,0,186,0.0,766.0,259.0,0.0,9.8,0.0,297130,8,497351,177,0.0,0.0,0.97,0.6,1.57,13.85,0.08,0.05,0.13,1.14,291.2,221.0,87.0,63.6,335.0,113.0,108.0,261.0,73.0,46.4,288.0,94.0,,4.0,,33,,Fabian,Schär,Schär,Ankle injury - Expected back 10 May,,1089,0,0,4,13,0,0,0,1,0,0,11,133,,,,0.0,0.33,1.07,0.91,9.5,14,101,42
475,a,100.0,100.0,4.9,309,49.0,0,0.0,-1,1.0,0.4,286,109.0,70,2,3.5,119.0,42.0,6,258,2.0,151.0,59.0,0.4,14.3,0.0,87933,141,109453,109,1.0,2.0,1.49,0.44,1.93,21.7,0.1,0.03,0.13,1.41,427.2,131.0,57.0,72.4,317.0,106.0,163.0,190.0,46.0,66.3,214.0,74.0,,,,33,,Sven,Botman,Botman,,,1384,1,1,5,21,1,0,0,2,0,0,16,173,,,,0.0,0.33,1.37,1.04,9.36,13,131,74
476,a,100.0,100.0,5.0,244,38.0,0,0.0,0,0.0,3.4,99,34.0,79,1,3.3,152.0,58.0,5,232,1.3,208.0,74.0,0.3,15.8,0.0,1548983,691,1686282,886,0.3,1.3,0.8,0.32,1.12,25.12,0.04,0.02,0.06,1.24,423.0,134.0,59.0,88.9,298.0,93.0,122.0,245.0,65.0,63.5,228.0,79.0,,,,33,,Dan,Burn,Burn,,,1827,0,3,6,31,0,0,0,7,1,0,21,229,,,,0.0,0.3,1.53,1.03,9.51,31,162,61
477,d,75.0,100.0,4.9,324,53.0,0,0.0,-1,1.0,1.9,139,56.0,59,2,3.5,120.0,43.0,3,252,1.3,207.0,73.0,0.3,12.0,0.0,1106396,95,1383660,558,0.2,1.3,0.13,0.89,1.02,18.62,0.01,0.06,0.07,1.26,219.4,269.0,110.0,199.7,183.0,47.0,42.0,348.0,115.0,46.1,291.0,96.0,,,,33,,Tino,Livramento,Livramento,Thigh injury - 75% chance of playing,,1326,0,1,6,14,0,0,0,1,0,0,14,96,,,,0.0,0.41,0.95,0.95,4.62,22,46,81
478,a,100.0,100.0,4.9,285,44.0,0,0.0,-1,1.0,1.4,163,63.0,51,1,2.7,234.0,93.0,2,211,1.0,235.0,79.0,0.2,10.4,0.0,260580,240,381741,239,0.0,1.0,0.08,2.0,2.08,20.38,0.0,0.12,0.12,1.22,274.6,233.0,91.0,465.0,51.0,7.0,14.0,402.0,148.0,75.3,179.0,60.0,4.0,2.0,,33,,Kieran,Trippier,Trippier,,,1501,0,1,5,26,0,0,0,3,0,0,17,107,,,,0.0,0.3,1.56,1.02,4.68,23,55,70
479,i,0.0,0.0,4.3,575,123.0,0,0.0,-2,2.0,0.0,625,223.0,0,0,0.0,652.0,252.0,0,-8,0.0,522.0,217.0,0.0,0.0,0.0,1639,5,5274,3,0.0,0.0,0.0,0.0,0.0,0.25,0.0,0.0,0.0,0.5,1.4,500.0,177.0,1.2,472.0,172.0,0.0,612.0,251.0,0.3,505.0,177.0,,,,33,,Emil,Krafth,Krafth,Knee injury - Unknown return date,,45,0,0,0,2,0,0,0,0,0,0,1,1,,,,0.0,0.0,4.0,2.0,2.0,0,1,0
480,u,0.0,0.0,4.3,573,121.0,0,0.0,-2,2.0,0.0,595,212.0,1,0,0.5,522.0,180.0,0,0,0.0,521.0,216.0,0.0,0.2,0.0,2754,0,9108,2,0.0,0.0,0.04,0.0,0.04,0.55,0.19,0.0,0.19,2.61,10.2,466.0,169.0,0.0,638.0,252.0,7.0,428.0,163.0,1.7,476.0,169.0,,,,33,,Jamaal,Lascelles,Lascelles,has joined Leicester City permanently.,,19,0,0,0,2,0,0,0,0,0,0,0,5,,,,0.0,0.0,9.47,0.0,23.68,0,5,0
482,u,0.0,0.0,3.9,764,220.0,0,0.0,-1,1.0,0.1,466,172.0,0,0,0.0,557.0,202.0,0,0,0.0,403.0,147.0,0.0,0.0,0.0,8541,0,17193,13,0.0,0.0,0.0,0.0,0.0,0.0,0.0,0.0,0.0,0.0,0.0,547.0,201.0,0.0,534.0,201.0,0.0,502.0,196.0,0.0,549.0,201.0,,,,33,,Harrison,Ashby,Ashby,has joined Bradford City on loan for the rest of the season.,,0,0,0,0,0,0,0,0,0,0,0,0,0,,,,0.0,0.0,0.0,0.0,0.0,0,0,0
484,u,0.0,0.0,4.0,673,166.0,0,0.0,0,0.0,0.1,432,161.0,0,0,0.0,584.0,213.0,0,0,0.0,433.0,160.0,0.0,0.0,0.0,3759,0,45487,4,0.0,0.0,0.0,0.0,0.0,0.0,0.0,0.0,0.0,0.0,0.0,574.0,212.0,0.0,564.0,212.0,0.0,533.0,208.0,0.0,576.0,212.0,,,,33,,Matt,Targett,Targett,has joined Middlesbrough on loan for the rest of the season.,,0,0,0,0,0,0,0,0,0,0,0,0,0,,,,0.0,0.0,0.0,0.0,0.0,0,0,0
485,d,75.0,100.0,7.4,23,15.0,0,0.0,-1,1.0,6.9,59,21.0,101,0,3.9,77.0,35.0,10,352,4.3,50.0,23.0,0.6,13.6,0.0,2397940,1878,1757680,27181,2.5,4.3,8.77,3.38,12.15,24.78,0.44,0.17,0.61,1.24,393.8,151.0,53.0,404.2,67.0,53.0,514.0,35.0,19.0,130.9,56.0,36.0,,,1.0,33,,Anthony,Gordon,Gordon,Hip injury - 75% chance of playing,,1798,6,4,8,30,0,0,0,3,1,0,24,91,,,,0.0,0.4,1.5,1.2,4.56,19,16,56
486,a,100.0,100.0,6.5,52,33.0,0,0.0,-5,5.0,2.7,120,37.0,45,2,1.6,406.0,175.0,0,171,1.7,187.0,82.0,0.3,6.9,0.0,579359,373,1194388,437,0.7,1.7,1.44,1.71,3.15,20.44,0.1,0.12,0.22,1.45,129.4,346.0,157.0,265.5,138.0,92.0,179.0,177.0,98.0,57.1,248.0,121.0,5.0,,,33,,Anthony,Elanga,Elanga,,,1269,0,1,2,27,0,0,0,0,0,0,14,53,,,,0.0,0.14,1.91,0.99,3.76,14,9,30
487,a,,,6.1,82,53.0,0,0.0,-4,4.0,1.1,188,64.0,86,2,2.7,241.0,97.0,8,271,1.7,184.0,79.0,0.3,14.1,0.0,756807,330,700111,964,0.7,1.7,6.1,2.25,8.35,27.66,0.31,0.12,0.43,1.42,302.0,216.0,92.0,318.4,105.0,75.0,605.0,25.0,11.0,122.1,70.0,43.0,,,,33,,Harvey,Barnes,Barnes,,,1757,5,0,5,28,0,0,0,1,0,0,18,93,,,,0.0,0.26,1.43,0.92,4.76,13,19,61
488,a,100.0,75.0,6.8,43,27.0,0,0.0,3,-3.0,4.3,89,29.0,135,1,5.6,6.0,3.0,19,592,0.3,341.0,163.0,0.0,19.9,0.0,4048355,3861,3827287,1154,-0.7,0.2,4.99,3.81,8.8,26.84,0.22,0.17,0.39,1.18,693.4,35.0,9.0,650.2,19.0,18.0,398.0,59.0,34.0,174.3,23.0,19.0,3.0,5.0,2.0,33,,Bruno,Guimarães Rodriguez Moura,Bruno G.,,,2047,9,6,6,32,0,0,0,5,0,0,22,204,,,,0.0,0.26,1.41,0.97,8.97,52,43,109
490,s,0.0,0.0,5.9,91,59.0,0,0.0,-1,1.0,0.3,329,114.0,67,0,2.7,240.0,96.0,2,281,1.3,214.0,98.0,0.2,11.4,0.0,80810,4,109508,410,0.0,0.0,2.09,1.15,3.24,26.12,0.11,0.06,0.17,1.33,304.6,213.0,90.0,262.6,139.0,93.0,311.0,91.0,54.0,87.9,148.0,79.0,,,,33,,Joelinton Cássio,Apolinário de Lira,Joelinton,Suspended until 02 May,,1770,2,1,5,25,0,0,0,10,0,0,21,214,,,,0.0,0.25,1.27,1.07,10.88,37,69,108
495,u,0.0,0.0,4.5,415,251.0,0,0.0,0,0.0,0.0,772,331.0,0,0,0.0,696.0,271.0,0,0,0.0,599.0,208.0,0.0,0.0,0.0,0,0,1612,0,0.0,0.0,0.0,0.0,0.0,0.0,0.0,0.0,0.0,0.0,0.0,690.0,265.0,0.0,685.0,268.0,0.0,666.0,260.0,0.0,692.0,267.0,,,,33,,Isaac,Hayden,Hayden,Has departed the club as a free agent.,,0,0,0,0,0,0,0,0,0,0,0,0,0,,,,0.0,0.0,0.0,0.0,0.0,0,0,0
496,u,0.0,0.0,4.4,560,336.0,0,0.0,-1,1.0,0.0,637,247.0,0,0,0.0,685.0,265.0,0,0,0.0,584.0,199.0,0.0,0.0,0.0,2219,0,7431,1,0.0,0.0,0.0,0.0,0.0,0.0,0.0,0.0,0.0,0.0,0.0,678.0,258.0,0.0,673.0,261.0,0.0,654.0,253.0,0.0,680.0,260.0,,,,33,,Garang,Kuol,Kuol,has joined Sparta Prague permanently.,,0,0,0,0,0,0,0,0,0,0,0,0,0,,,,0.0,0.0,0.0,0.0,0.0,0,0,0
497,a,100.0,100.0,4.4,558,335.0,0,0.0,-1,1.0,1.8,142,47.0,68,4,3.2,166.0,67.0,5,310,3.3,85.0,34.0,0.7,15.5,0.0,649263,743,717044,518,2.3,3.3,1.36,2.04,3.4,19.2,0.09,0.14,0.23,1.32,314.6,205.0,86.0,236.3,162.0,109.0,134.0,227.0,125.0,68.5,209.0,102.0,,,,33,,Lewis,Miley,L.Miley,,,1313,1,4,2,20,0,0,0,0,0,0,13,139,,,,0.0,0.14,1.37,0.89,9.53,27,47,65
498,u,0.0,0.0,4.5,439,262.0,0,0.0,0,0.0,0.0,778,335.0,0,0,0.0,710.0,281.0,0,0,0.0,617.0,219.0,0.0,0.0,0.0,117,0,1259,0,0.0,0.0,0.0,0.0,0.0,0.0,0.0,0.0,0.0,0.0,0.0,704.0,275.0,0.0,700.0,278.0,0.0,683.0,271.0,0.0,706.0,277.0,,,,33,,Joe,White,White,has joined Bradford City on loan for the rest of the season.,,0,0,0,0,0,0,0,0,0,0,0,0,0,,,,0.0,0.0,0.0,0.0,0.0,0,0,0
500,a,100.0,100.0,5.4,179,42.0,0,0.0,-1,1.0,0.3,326,51.0,48,9,2.5,268.0,29.0,7,172,6.0,16.0,4.0,1.1,8.9,0.0,85995,3928,90755,317,5.0,6.0,2.02,0.1,2.12,10.57,0.4,0.02,0.42,2.1,148.0,331.0,33.0,30.6,384.0,51.0,167.0,186.0,41.0,34.4,335.0,40.0,,,,33,,William,Osula,Osula,,,454,4,1,1,10,0,0,0,0,0,0,3,23,,,,0.0,0.2,1.98,0.59,4.56,3,2,18
674,a,,,4.8,359,14.0,0,0.0,-2,2.0,0.8,208,26.0,25,1,2.1,327.0,30.0,1,107,1.3,205.0,14.0,0.3,5.2,0.0,142154,221,164221,401,0.3,1.3,0.0,0.0,0.0,18.83,0.0,0.0,0.0,1.69,212.8,277.0,25.0,10.0,434.0,13.0,0.0,760.0,87.0,22.3,377.0,24.0,,,,33,,Aaron,Ramsdale,Ramsdale,,,1003,0,0,1,17,0,0,0,2,0,25,11,0,,,,2.24,0.09,1.53,0.99,0.0,0,10,89
684,a,,,5.1,236,36.0,0,0.0,1,-1.0,6.3,61,20.0,117,1,3.9,71.0,26.0,12,382,1.0,241.0,82.0,0.2,22.9,0.0,1873093,1510,1096260,6490,0.0,1.0,3.98,0.91,4.89,43.33,0.14,0.03,0.17,1.55,764.6,17.0,6.0,106.5,273.0,80.0,370.0,70.0,4.0,123.8,68.0,13.0,,,,33,,Malick,Thiaw,Thiaw,,,2513,4,0,5,46,0,0,0,4,0,0,28,285,,,,0.0,0.18,1.65,1.0,9.2,35,222,101
689,a,,,4.3,620,368.0,0,0.0,-2,2.0,0.5,272,95.0,0,0,0.0,668.0,256.0,0,0,0.0,554.0,186.0,0.0,0.0,0.0,96250,108,63333,358,-1.0,0.0,0.0,0.0,0.0,0.0,0.0,0.0,0.0,0.0,0.0,658.0,246.0,0.0,654.0,251.0,0.0,631.0,240.0,0.0,660.0,248.0,,,,33,,Seung-Soo,Park,Seung soo,,,0,0,0,0,0,0,0,0,0,0,0,0,0,,,,0.0,0.0,0.0,0.0,0.0,0,0,0
714,a,100.0,100.0,6.7,47,17.0,0,0.0,-3,3.0,6.6,60,11.0,95,1,3.3,161.0,17.0,10,336,2.3,141.0,21.0,0.3,14.2,0.0,5453172,1053,4798228,2155,1.3,2.3,6.39,0.85,7.24,22.89,0.34,0.05,0.39,1.23,390.0,156.0,16.0,206.9,177.0,15.0,392.0,64.0,24.0,97.8,115.0,18.0,,,3.0,33,,Nick,Woltemade,Woltemade,,,1670,7,4,7,27,1,0,0,0,0,0,21,93,,,,0.0,0.38,1.46,1.13,5.01,22,27,44
765,a,,,4.0,719,190.0,0,0.0,0,0.0,0.0,643,230.0,0,0,0.0,620.0,230.0,0,0,0.0,477.0,183.0,0.0,0.0,0.0,4330,19,2740,28,-1.0,0.0,0.0,0.0,0.0,0.0,0.0,0.0,0.0,0.0,0.0,611.0,230.0,0.0,603.0,230.0,0.0,573.0,227.0,0.0,613.0,230.0,,,,33,,Leo,Shahar,Shahar,,,0,0,0,0,0,0,0,0,0,0,0,0,0,,,,0.0,0.0,0.0,0.0,0.0,0,0,0
772,a,,,4.5,515,320.0,0,0.0,0,0.0,0.0,774,332.0,0,0,0.0,763.0,325.0,0,0,0.0,685.0,273.0,0.0,0.0,0.0,653,8,378,3,-1.0,0.0,0.0,0.0,0.0,0.0,0.0,0.0,0.0,0.0,0.0,762.0,324.0,0.0,755.0,324.0,0.0,742.0,320.0,0.0,762.0,324.0,,,,33,,Sam,Alabi,Alabi,,,0,0,0,0,0,0,0,0,0,0,0,0,0,,,,0.0,0.0,0.0,0.0,0.0,0,0,0
12,u,0.0,0.0,4.9,302,47.0,0,0.0,-1,1.0,0.2,369,135.0,7,0,1.4,425.0,154.0,0,56,0.0,717.0,253.0,0.0,1.4,0.0,26902,0,53862,20,0.0,0.0,0.07,0.36,0.43,5.02,0.02,0.09,0.11,1.28,80.8,392.0,146.0,83.4,305.0,97.0,22.0,388.0,137.0,18.6,392.0,138.0,,,,33,,Oleksandr,Zinchenko,Zinchenko,has joined Ajax permanently.,,352,0,0,0,6,0,0,0,0,0,0,4,36,,,,0.0,0.0,1.53,1.02,6.14,10,14,17
400,a,100.0,100.0,4.7,376,16.0,0,0.0,-3,3.0,0.2,387,56.0,11,0,3.7,94.0,13.0,0,38,0.0,693.0,91.0,0.0,2.3,0.0,12825,105,26017,73,0.0,0.5,0.0,0.01,0.01,4.65,0.0,0.0,0.0,1.55,68.6,399.0,30.0,0.0,760.0,90.0,0.0,749.0,82.0,6.9,441.0,30.0,,,,33,,Stefan,Ortega Moreno,Ortega Moreno,,,270,0,0,1,4,0,0,0,0,0,8,3,0,,,,2.67,0.33,1.33,1.0,0.0,0,1,8
426,a,,,5.0,258,156.0,0,0.0,-5,5.0,0.1,504,183.0,9,0,0.9,513.0,239.0,0,32,0.3,332.0,157.0,0.1,1.8,0.0,13377,15,27001,25,0.3,0.8,0.02,0.18,0.2,4.2,0.01,0.09,0.1,2.18,17.6,457.0,203.0,45.5,360.0,188.0,12.0,411.0,201.0,7.6,433.0,195.0,,,5.0,33,,James,McAtee,McAtee,,,173,0,0,0,8,0,0,0,1,0,0,1,13,,,,0.0,0.0,4.16,0.52,6.76,4,2,7
502,a,100.0,100.0,4.6,397,19.0,0,0.0,-4,4.0,4.9,78,14.0,82,2,3.2,168.0,19.0,3,337,4.0,55.0,6.0,0.9,17.8,0.0,444627,1573,2054414,579,4.0,4.5,0.0,0.06,0.06,35.27,0.0,0.0,0.0,1.43,550.6,72.0,14.0,10.0,432.0,11.0,0.0,747.0,80.0,56.1,253.0,14.0,,,,33,,Matz,Sels,Sels,,,2217,0,0,6,33,0,0,0,2,0,74,25,75,,,,3.0,0.24,1.34,1.01,0.0,1,22,167
503,u,0.0,0.0,4.0,692,55.0,0,0.0,0,0.0,0.1,558,77.0,0,0,0.0,600.0,77.0,0,0,0.0,452.0,68.0,0.0,0.0,0.0,448,0,15795,4,0.0,0.0,0.0,0.0,0.0,0.0,0.0,0.0,0.0,0.0,0.0,590.0,77.0,0.0,581.0,64.0,0.0,550.0,51.0,0.0,592.0,77.0,,,,33,,Carlos Miguel,dos Santos Pereira,C.Miguel,Has joined Palmeiras permanently.,,0,0,0,0,0,0,0,0,0,0,0,0,0,,,,0.0,0.0,0.0,0.0,0.0,0,0,0
504,u,0.0,0.0,4.0,677,46.0,0,0.0,0,0.0,0.1,532,76.0,0,0,0.0,587.0,68.0,0,0,0.0,437.0,59.0,0.0,0.0,0.0,0,0,15892,4,0.0,0.0,0.0,0.0,0.0,0.0,0.0,0.0,0.0,0.0,0.0,577.0,68.0,0.0,568.0,55.0,0.0,537.0,42.0,0.0,579.0,68.0,,,,33,,Matt,Turner,Turner,Has joined Lyon permanently.,,0,0,0,0,0,0,0,0,0,0,0,0,0,,,,0.0,0.0,0.0,0.0,0.0,0,0,0
506,d,75.0,75.0,5.2,217,29.0,0,0.0,-3,3.0,2.1,134,54.0,83,1,3.3,156.0,59.0,3,333,2.7,119.0,44.0,0.5,16.0,0.0,315100,153,821590,2571,2.0,2.4,0.73,0.47,1.2,32.99,0.03,0.02,0.05,1.39,542.2,75.0,36.0,115.5,262.0,73.0,82.0,289.0,84.0,74.0,180.0,61.0,,2.0,,33,,Murillo,Costa dos Santos,Murillo,Knock - 75% chance of playing,,2130,1,0,6,29,2,0,0,5,0,0,25,255,,,,0.0,0.25,1.23,1.06,9.42,35,188,102
508,a,100.0,100.0,4.8,355,59.0,0,0.0,-2,2.0,4.3,90,30.0,117,2,3.7,95.0,35.0,15,482,9.3,3.0,1.0,1.9,24.4,0.0,582251,21995,1189249,1109,9.3,9.8,1.87,3.8,5.67,41.85,0.06,0.12,0.18,1.35,716.8,28.0,10.0,513.1,38.0,3.0,341.0,78.0,8.0,157.0,32.0,2.0,3.0,,,33,,Neco,Williams,N.Williams,,,2798,2,3,8,42,0,0,0,5,1,0,32,247,,,,0.0,0.26,1.35,1.03,6.66,83,124,142
509,u,0.0,0.0,4.5,436,89.0,0,0.0,0,0.0,0.0,683,240.0,0,0,0.0,707.0,260.0,0,0,0.0,614.0,243.0,0.0,0.0,0.0,427,0,4421,1,0.0,0.0,0.0,0.0,0.0,0.0,0.0,0.0,0.0,0.0,0.0,701.0,260.0,0.0,697.0,260.0,0.0,680.0,260.0,0.0,703.0,260.0,,,,33,,David,Mota Veiga Teixeira do Carmo,David Carmo,has joined Real Oviedo on loan for the rest of the season.,,0,0,0,0,0,0,0,0,0,0,0,0,0,,,,0.0,0.0,0.0,0.0,0.0,0,0,0
510,a,100.0,100.0,4.2,647,152.0,0,0.0,-3,3.0,0.1,561,201.0,6,1,1.5,408.0,150.0,0,23,0.3,321.0,101.0,0.1,1.4,0.0,3503,22,8817,3,0.3,0.8,0.14,0.0,0.14,5.77,0.05,0.0,0.05,1.98,58.4,412.0,154.0,2.4,461.0,168.0,10.0,416.0,155.0,7.0,440.0,159.0,,,,33,,Jair,Paula da Cunha Filho,Jair Cunha,,,262,0,0,0,5,0,0,0,0,0,0,2,25,,,,0.0,0.0,1.72,0.69,8.24,4,20,4
511,a,,,4.3,592,135.0,0,0.0,-2,2.0,0.1,513,184.0,36,1,2.2,311.0,115.0,1,148,0.3,324.0,103.0,0.1,8.4,0.0,9516,15,13850,15,0.3,0.8,0.83,0.08,0.91,14.83,0.08,0.01,0.09,1.42,235.0,256.0,102.0,21.0,398.0,143.0,59.0,323.0,102.0,31.5,343.0,116.0,,,,33,,Felipe,Rodrigues da Silva,Morato,,,940,0,0,2,17,0,0,0,4,0,0,10,124,,,,0.0,0.19,1.63,0.96,9.77,24,78,46
514,i,0.0,0.0,3.8,792,235.0,0,0.0,-2,2.0,0.3,305,113.0,0,0,0.0,530.0,187.0,0,0,0.0,366.0,124.0,0.0,0.0,0.0,43005,17,68202,92,0.0,0.0,0.0,0.0,0.0,0.0,0.0,0.0,0.0,0.0,0.0,520.0,186.0,0.0,501.0,185.0,0.0,468.0,179.0,0.0,522.0,186.0,,,,33,,Willy,Boly,Boly,Knee injury - Unknown return date,,0,0,0,0,0,0,0,0,0,0,0,0,0,,,,0.0,0.0,0.0,0.0,0.0,0,0,0
515,a,100.0,100.0,7.5,22,14.0,1,-1.0,0,0.0,6.1,64,22.0,155,20,4.7,25.0,11.0,14,597,10.0,2.0,1.0,1.3,20.7,0.0,1280600,47156,1209873,1901,10.0,10.5,9.36,2.18,11.54,43.43,0.3,0.07,0.37,1.39,678.2,37.0,10.0,670.0,17.0,16.0,705.0,17.0,8.0,205.1,8.0,6.0,,1.0,2.0,33,,Morgan,Gibbs-White,Gibbs-White,,,2811,12,2,9,41,0,0,0,1,0,0,32,157,,,,0.0,0.29,1.31,1.02,5.03,18,42,97
516,d,25.0,25.0,5.7,114,72.0,0,0.0,-3,3.0,0.7,232,82.0,88,0,2.9,211.0,85.0,8,358,4.3,46.0,19.0,0.8,15.4,0.0,276438,28,345817,1285,1.1,1.2,2.77,3.02,5.79,30.88,0.14,0.15,0.29,1.51,366.6,177.0,67.0,611.7,26.0,25.0,330.0,82.0,47.0,130.6,57.0,37.0,,,,33,,Callum,Hudson-Odoi,Hudson-Odoi,Muscle injury - 25% chance of playing,,1838,3,4,6,26,0,0,0,0,0,0,21,106,,,,0.0,0.29,1.27,1.03,5.19,14,24,68
517,a,100.0,75.0,5.6,127,79.0,0,0.0,1,-1.0,7.4,55,19.0,144,2,4.4,39.0,17.0,10,662,3.7,75.0,32.0,0.7,25.7,0.0,1746050,1156,1530924,11710,3.7,3.2,2.57,3.68,6.25,45.06,0.08,0.11,0.19,1.37,729.6,23.0,6.0,862.3,5.0,5.0,253.0,113.0,68.0,184.8,17.0,13.0,1.0,3.0,4.0,33,,Elliot,Anderson,Anderson,,,2953,2,3,9,44,0,0,0,6,0,0,33,456,,,,0.0,0.27,1.34,1.01,13.9,93,87,276
518,u,0.0,0.0,5.4,175,110.0,0,0.0,-1,1.0,0.0,619,238.0,1,0,1.0,507.0,235.0,0,6,0.0,789.0,346.0,0.0,0.2,0.0,1029,0,9161,2,0.0,0.0,0.0,0.0,0.0,0.0,0.0,0.0,0.0,0.0,5.0,481.0,217.0,0.5,480.0,231.0,4.0,442.0,217.0,1.0,489.0,224.0,,,,33,,João Pedro,Ferreira da Silva,Jota,has joined Besiktas on loan for the rest of the season.,,11,0,0,0,0,0,0,0,0,0,0,0,3,,,,0.0,0.0,0.0,0.0,24.55,2,1,0
519,a,100.0,100.0,5.0,257,155.0,0,0.0,0,0.0,0.0,636,246.0,43,4,2.0,347.0,150.0,3,188,2.0,152.0,60.0,0.4,8.6,0.0,5335,20,4259,9,2.0,2.5,1.15,0.62,1.77,18.21,0.11,0.06,0.17,1.75,216.0,274.0,112.0,170.5,203.0,132.0,126.0,239.0,132.0,51.3,273.0,139.0,,,,33,,Nicolás,Domínguez,Dominguez,,,939,1,1,3,18,0,0,0,2,0,0,14,108,,,,0.0,0.29,1.73,1.34,10.35,44,20,44
520,u,0.0,0.0,5.0,255,154.0,0,0.0,0,0.0,0.0,822,366.0,0,0,0.0,793.0,347.0,0,0,0.0,745.0,314.0,0.0,0.0,0.0,0,0,118,0,0.0,0.0,0.0,0.0,0.0,0.0,0.0,0.0,0.0,0.0,0.0,792.0,346.0,0.0,790.0,346.0,0.0,785.0,344.0,0.0,792.0,346.0,,,,33,,Lewis,O'Brien,O'Brien,Has joined Wrexham permanently.,,0,0,0,0,0,0,0,0,0,0,0,0,0,,,,0.0,0.0,0.0,0.0,0.0,0,0,0
521,a,100.0,100.0,4.9,306,190.0,0,0.0,-1,1.0,0.1,540,197.0,83,4,3.3,150.0,63.0,2,342,4.0,58.0,25.0,0.8,16.9,0.0,12096,109,13698,32,4.0,4.5,1.16,1.74,2.9,30.24,0.05,0.08,0.13,1.4,396.4,149.0,51.0,200.3,182.0,121.0,126.0,238.0,131.0,72.4,193.0,96.0,,,,33,,Ibrahim,Sangaré,Sangaré,,,1944,2,2,8,24,0,0,0,5,0,0,23,238,,,,0.0,0.37,1.11,1.06,11.02,57,81,100
524,u,0.0,0.0,4.5,450,269.0,0,0.0,0,0.0,0.0,703,286.0,0,0,0.0,715.0,286.0,0,0,0.0,625.0,225.0,0.0,0.0,0.0,245,0,5726,0,0.0,0.0,0.0,0.0,0.0,0.0,0.0,0.0,0.0,0.0,0.0,710.0,281.0,0.0,705.0,283.0,0.0,689.0,276.0,0.0,711.0,282.0,,,,33,,Marko,Stamenić,Stamenic,Has joined Swansea City permanently.,,0,0,0,0,0,0,0,0,0,0,0,0,0,,,,0.0,0.0,0.0,0.0,0.0,0,0,0
525,a,100.0,75.0,7.1,33,14.0,0,0.0,-4,4.0,4.5,85,16.0,28,2,2.8,228.0,22.0,3,93,1.0,260.0,35.0,0.1,3.9,0.0,2136571,209,3394501,278,1.0,1.1,3.13,0.14,3.27,8.86,0.44,0.02,0.46,1.25,77.6,395.0,44.0,64.7,333.0,41.0,201.0,153.0,36.0,33.3,338.0,41.0,,,1.0,33,,Chris,Wood,Wood,,,638,2,0,1,9,0,0,0,0,0,0,8,15,,,,0.0,0.14,1.27,1.13,2.12,1,6,8
526,a,100.0,100.0,5.8,108,31.0,0,0.0,-2,2.0,1.3,170,26.0,90,7,2.8,227.0,21.0,10,310,5.7,21.0,6.0,1.0,15.5,0.0,472843,5211,426583,825,5.7,6.2,5.01,1.17,6.18,31.1,0.23,0.05,0.28,1.45,299.0,219.0,19.0,186.7,192.0,17.0,586.0,28.0,16.0,104.8,97.0,17.0,,,3.0,33,,Igor Jesus,Maciel da Cruz,Igor Jesus,,,1927,4,4,8,32,0,0,0,0,0,0,23,97,,,,0.0,0.37,1.49,1.07,4.53,21,32,44
527,a,100.0,100.0,5.2,207,47.0,0,0.0,-3,3.0,0.3,330,52.0,20,0,1.7,394.0,47.0,1,81,1.3,211.0,28.0,0.2,3.8,0.0,37209,70,94350,63,1.3,1.8,2.07,0.39,2.46,5.11,0.7,0.13,0.83,1.72,85.4,385.0,42.0,41.9,365.0,45.0,151.0,209.0,43.0,27.3,360.0,43.0,,,,33,,Taiwo,Awoniyi,Awoniyi,,,268,2,0,0,2,0,0,0,1,0,0,1,15,,,,0.0,0.0,0.67,0.34,5.04,1,5,9
669,a,100.0,100.0,5.5,146,92.0,0,0.0,-5,5.0,0.7,233,83.0,50,0,2.1,333.0,144.0,4,178,0.7,288.0,136.0,0.1,9.1,0.0,545437,46,575320,52,0.7,1.2,1.05,1.51,2.56,15.96,0.08,0.12,0.2,1.23,166.4,317.0,141.0,217.7,169.0,115.0,180.0,175.0,97.0,56.6,249.0,122.0,4.0,,,33,,Dan,Ndoye,Ndoye,,,1167,1,2,2,17,0,0,0,1,0,0,14,96,,,,0.0,0.15,1.31,1.08,7.4,22,24,50
675,a,100.0,100.0,4.0,667,42.0,0,0.0,0,0.0,1.1,187,23.0,1,0,1.0,458.0,38.0,0,4,0.0,429.0,55.0,0.0,0.2,0.0,30785,33,102767,50,0.0,0.5,0.0,0.0,0.0,0.21,0.0,0.0,0.0,0.42,1.2,502.0,38.0,0.0,560.0,51.0,0.0,529.0,38.0,0.1,511.0,38.0,,,,33,,Angus,Gunn,Gunn,,,45,0,0,0,0,0,0,0,0,0,0,0,0,,,,0.0,0.0,0.0,0.0,0.0,0,1,4
693,a,,,5.4,174,109.0,0,0.0,-1,1.0,0.1,535,196.0,70,5,2.7,239.0,95.0,3,279,3.0,103.0,45.0,0.6,13.0,0.0,33184,69,28846,36,3.0,3.5,1.86,3.09,4.95,19.0,0.12,0.19,0.31,1.2,282.6,223.0,93.0,435.5,59.0,49.0,312.0,90.0,53.0,102.8,102.0,59.0,2.0,,,33,,Omari,Hutchinson,Hutchinson,,,1428,1,6,5,19,0,0,0,1,0,0,14,110,,,,0.0,0.32,1.2,0.88,6.93,19,15,76
696,u,0.0,0.0,6.0,88,26.0,0,0.0,0,0.0,0.1,458,66.0,9,0,1.0,510.0,61.0,0,24,0.0,810.0,89.0,0.0,1.5,0.0,15291,0,18500,11,0.0,0.0,0.44,0.02,0.46,1.57,0.44,0.02,0.46,1.59,6.8,477.0,56.0,17.7,406.0,53.0,39.0,350.0,55.0,6.3,444.0,56.0,,,,33,,Arnaud,Kalimuendo,Kalimuendo,has joined Eintracht Frankfurt on loan for the rest of the season.,,89,0,0,0,3,0,0,0,0,0,0,0,6,,,,0.0,0.0,3.03,0.0,6.07,1,1,4
715,i,0.0,0.0,4.0,675,45.0,0,0.0,0,0.0,0.3,327,44.0,11,0,2.2,307.0,29.0,0,32,0.0,435.0,58.0,0.0,2.8,0.0,66313,6,50472,75,0.0,0.0,0.0,0.0,0.0,6.13,0.0,0.0,0.0,1.26,56.4,414.0,32.0,0.0,566.0,54.0,0.0,535.0,41.0,5.7,450.0,32.0,,,,33,,John Victor,Maciel Furtado,John,Knee injury - Expected back 01 Jun,,437,0,0,1,8,0,0,0,1,0,6,5,0,,,,1.24,0.21,1.65,1.03,0.0,0,4,26
716,i,0.0,0.0,4.5,452,93.0,0,0.0,0,0.0,0.1,583,208.0,39,0,2.8,218.0,87.0,0,131,0.0,627.0,246.0,0.0,8.7,0.0,46725,3,44634,15,0.0,0.0,1.34,0.45,1.79,15.04,0.12,0.04,0.16,1.32,216.6,273.0,112.0,123.2,252.0,67.0,94.0,276.0,81.0,43.5,300.0,100.0,,,,33,,Nicolò,Savona,Savona,Knee injury - Unknown return date,,1025,2,0,3,18,0,0,0,2,0,0,11,69,,,,0.0,0.26,1.58,0.97,5.0,20,37,27
729,u,0.0,0.0,4.5,473,95.0,0,0.0,0,0.0,0.0,819,268.0,0,0,0.0,731.0,261.0,0,0,0.0,645.0,247.0,0.0,0.0,0.0,94,0,120,0,0.0,0.0,0.0,0.0,0.0,0.0,0.0,0.0,0.0,0.0,0.0,728.0,261.0,0.0,722.0,261.0,0.0,708.0,261.0,0.0,729.0,261.0,,,,33,,Luis Eduardo,Soares da Silva,Cuiabano,has joined Vasco de Gama on loan for the rest of the season.,,0,0,0,0,0,0,0,0,0,0,0,0,0,,,,0.0,0.0,0.0,0.0,0.0,0,0,0
734,a,100.0,100.0,5.9,98,65.0,0,0.0,-1,1.0,0.0,675,271.0,15,1,1.4,429.0,189.0,0,60,0.3,340.0,162.0,0.1,2.5,0.0,4713,18,4278,10,0.3,0.8,0.5,0.73,1.23,6.94,0.12,0.17,0.29,1.61,55.0,417.0,182.0,129.7,249.0,156.0,82.0,290.0,157.0,26.3,365.0,174.0,,,,33,,Dilane,Bakwa,Bakwa,,,387,0,1,0,9,0,0,0,1,0,0,4,30,,,,0.0,0.0,2.09,0.93,6.98,3,3,24
805,a,,,5.4,170,40.0,0,0.0,-1,1.0,0.0,711,89.0,8,0,2.7,238.0,25.0,0,34,0.0,786.0,85.0,0.0,1.5,0.0,5915,26,4377,24,0.0,0.5,0.72,0.01,0.73,1.87,0.54,0.01,0.55,1.41,37.2,431.0,51.0,12.7,419.0,55.0,31.0,368.0,56.0,7.9,432.0,55.0,,,,33,,Lorenzo,Lucca,Lucca,,,119,1,0,1,1,0,0,0,0,0,0,1,5,,,,0.0,0.76,0.76,0.76,3.78,0,4,1
814,a,,,4.5,442,90.0,0,0.0,0,0.0,0.0,773,261.0,2,0,1.0,480.0,172.0,0,8,0.0,620.0,244.0,0.0,0.4,0.0,499,11,244,6,0.0,0.5,0.0,0.36,0.36,0.05,0.0,0.68,0.68,0.09,7.8,474.0,170.0,1.7,465.0,169.0,2.0,449.0,169.0,1.1,486.0,171.0,,,,33,,Luca,Netz,Netz,,,48,0,0,0,0,0,0,0,0,0,0,0,1,,,,0.0,0.0,0.0,0.0,1.88,0,1,3
528,u,0.0,0.0,4.2,635,33.0,0,0.0,-3,3.0,0.2,416,60.0,0,0,0.0,645.0,91.0,0,0,0.0,511.0,83.0,0.0,0.0,0.0,10565,0,35065,29,0.0,0.0,0.0,0.0,0.0,0.0,0.0,0.0,0.0,0.0,0.0,637.0,91.0,0.0,630.0,81.0,0.0,604.0,70.0,0.0,639.0,91.0,,,,33,,Anthony,Patterson,Patterson,has joined Millwall on loan for the rest of the season.,,0,0,0,0,0,0,0,0,0,0,0,0,0,,,,0.0,0.0,0.0,0.0,0.0,0,0,0
529,i,0.0,0.0,3.9,746,69.0,0,0.0,-1,1.0,0.3,300,40.0,0,0,0.0,547.0,43.0,0,0,0.0,390.0,31.0,0.0,0.0,0.0,18977,4,36328,132,0.0,0.0,0.0,0.0,0.0,0.0,0.0,0.0,0.0,0.0,0.0,537.0,43.0,0.0,521.0,23.0,0.0,489.0,10.0,0.0,539.0,43.0,,,,33,,Simon,Moore,Moore,Hand injury - Unknown return date,,0,0,0,0,0,0,0,0,0,0,0,0,0,,,,0.0,0.0,0.0,0.0,0.0,0,0,0
530,u,0.0,0.0,3.9,774,87.0,0,0.0,-1,1.0,0.1,476,71.0,0,0,0.0,564.0,57.0,0,0,0.0,410.0,46.0,0.0,0.0,0.0,7473,0,13845,12,0.0,0.0,0.0,0.0,0.0,0.0,0.0,0.0,0.0,0.0,0.0,554.0,57.0,0.0,542.0,41.0,0.0,510.0,28.0,0.0,556.0,57.0,,,,33,,Blondy,Nna Noukeu,Nna Noukeu,has joined US Boulogne CO permanently.,,0,0,0,0,0,0,0,0,0,0,0,0,0,,,,0.0,0.0,0.0,0.0,0.0,0,0,0
531,a,100.0,100.0,4.7,386,65.0,0,0.0,2,-2.0,3.2,108,39.0,118,0,4.4,36.0,14.0,9,359,0.0,696.0,250.0,0.0,25.1,0.0,1246664,3852,1111181,1103,0.0,0.0,2.42,0.58,3.0,32.1,0.11,0.03,0.14,1.42,643.6,45.0,18.0,178.6,198.0,51.0,353.0,72.0,5.0,117.7,77.0,16.0,,,,33,,Daniel,Ballard,Ballard,,,2031,2,2,6,29,0,0,0,4,0,0,22,268,,,,0.0,0.27,1.29,0.97,11.34,32,224,68
532,a,,,4.5,444,91.0,0,0.0,0,0.0,0.3,312,114.0,95,7,2.9,205.0,83.0,6,329,2.7,114.0,42.0,0.6,21.1,0.0,82127,306,76245,98,2.7,2.7,2.01,1.64,3.65,42.84,0.07,0.06,0.13,1.47,450.4,121.0,53.0,301.6,117.0,29.0,210.0,145.0,30.0,95.3,121.0,32.0,2.0,,,33,,Trai,Hume,Hume,,,2614,1,1,8,34,0,0,0,9,0,0,29,209,,,,0.0,0.28,1.17,1.0,6.27,62,120,88
533,u,0.0,0.0,4.0,674,167.0,0,0.0,0,0.0,0.0,795,264.0,0,0,0.0,585.0,214.0,0,0,0.0,434.0,161.0,0.0,0.0,0.0,611,0,866,0,0.0,0.0,0.0,0.0,0.0,0.0,0.0,0.0,0.0,0.0,0.0,575.0,213.0,0.0,565.0,213.0,0.0,534.0,209.0,0.0,577.0,213.0,,,,33,,Aji,Alese,Alese,has joined Portsmouth on loan for the rest of the season.,,0,0,0,0,0,0,0,0,0,0,0,0,0,,,,0.0,0.0,0.0,0.0,0.0,0,0,0
534,u,0.0,0.0,3.8,795,237.0,0,0.0,-2,2.0,0.3,325,119.0,0,0,0.0,532.0,188.0,0,0,0.0,369.0,126.0,0.0,0.0,0.0,39413,0,66353,35,0.0,0.0,0.0,0.0,0.0,0.0,0.0,0.0,0.0,0.0,0.0,522.0,187.0,0.0,503.0,186.0,0.0,470.0,180.0,0.0,524.0,187.0,,,,33,,Joe,Anderson,Anderson,has joined Barrow FC permanently.,,0,0,0,0,0,0,0,0,0,0,0,0,0,,,,0.0,0.0,0.0,0.0,0.0,0,0,0
536,u,0.0,0.0,4.0,693,175.0,0,0.0,0,0.0,0.0,727,253.0,0,0,0.0,601.0,220.0,0,0,0.0,453.0,169.0,0.0,0.0,0.0,1255,0,1546,3,0.0,0.0,0.0,0.0,0.0,0.0,0.0,0.0,0.0,0.0,0.0,591.0,219.0,0.0,582.0,219.0,0.0,551.0,215.0,0.0,593.0,219.0,,,,33,,Leo Fuhr,Hjelde,Hjelde,has joined Sheffield United on loan for the rest of the season.,,0,0,0,0,0,0,0,0,0,0,0,0,0,,,,0.0,0.0,0.0,0.0,0.0,0,0,0
540,u,0.0,0.0,3.9,768,222.0,0,0.0,-1,1.0,0.3,338,121.0,0,0,0.0,560.0,203.0,0,0,0.0,406.0,148.0,0.0,0.0,0.0,47547,0,48714,38,0.0,0.0,0.0,0.0,0.0,0.0,0.0,0.0,0.0,0.0,0.0,550.0,202.0,0.0,537.0,202.0,0.0,505.0,197.0,0.0,552.0,202.0,,,,33,,Timothée,Pembélé,Pembele,has joined Le Havre AC on loan for the rest of the season.,,0,0,0,0,0,0,0,0,0,0,0,0,0,,,,0.0,0.0,0.0,0.0,0.0,0,0,0
541,a,100.0,100.0,3.8,798,240.0,0,0.0,-2,2.0,2.8,117,45.0,59,1,3.0,195.0,78.0,6,207,2.7,111.0,39.0,0.7,15.5,0.0,627917,1491,1079903,413,2.7,2.7,0.13,0.49,0.62,22.55,0.01,0.03,0.04,1.28,311.8,209.0,82.0,111.7,267.0,75.0,39.0,349.0,116.0,46.4,286.0,92.0,,,,33,,Reinildo,Mandava,Reinildo,,,1580,0,2,5,23,0,0,0,7,1,0,19,153,,,,0.0,0.28,1.31,1.08,7.63,31,103,72
542,u,0.0,0.0,4.0,714,187.0,0,0.0,0,0.0,0.1,514,185.0,2,0,1.0,460.0,167.0,0,11,0.0,472.0,180.0,0.0,0.5,0.0,3016,0,25350,3,0.0,0.0,0.0,0.01,0.01,1.33,0.0,0.01,0.01,0.9,33.6,435.0,162.0,2.4,460.0,167.0,0.0,568.0,224.0,3.6,461.0,165.0,,,,33,,Jenson,Seelt,Seelt,has joined Wolfsburg on loan for the rest of the season.,,133,0,0,0,2,0,0,0,0,0,0,1,18,,,,0.0,0.0,1.35,0.68,8.12,4,8,6
543,u,0.0,0.0,4.9,336,207.0,0,0.0,-6,6.0,0.3,303,106.0,34,0,2.4,286.0,122.0,3,81,0.0,735.0,307.0,0.0,6.9,0.0,90681,0,231561,35,0.0,0.0,0.35,0.62,0.97,11.3,0.05,0.09,0.14,1.57,81.4,391.0,175.0,116.8,259.0,160.0,75.0,300.0,160.0,27.0,361.0,172.0,,,,33,,Simon,Adingra,Adingra,has joined AS Monaco on loan for the rest of the season.,,649,1,1,4,8,0,0,0,2,0,0,9,45,,,,0.0,0.55,1.11,1.25,6.24,11,13,21
544,a,100.0,100.0,5.3,199,124.0,0,0.0,-2,2.0,0.1,451,152.0,59,2,3.7,101.0,44.0,3,189,4.3,45.0,18.0,0.8,11.1,0.0,24378,1024,24775,148,4.3,4.3,3.02,0.61,3.63,19.36,0.21,0.04,0.25,1.36,143.6,334.0,150.0,119.1,255.0,159.0,207.0,149.0,84.0,45.9,292.0,146.0,,,1.0,33,,Habib,Diarra,Diarra,,,1279,2,5,5,15,0,0,0,4,0,0,14,70,,,,0.0,0.35,1.06,0.99,4.93,13,17,40
545,u,0.0,0.0,5.4,156,98.0,0,0.0,-1,1.0,0.0,733,305.0,1,0,1.0,506.0,234.0,0,4,0.0,778.0,339.0,0.0,0.2,0.0,462,0,4088,2,0.0,0.0,0.03,0.02,0.05,0.66,0.1,0.07,0.17,2.2,1.8,499.0,229.0,7.3,439.0,213.0,5.0,436.0,212.0,1.4,483.0,222.0,,,,33,,Patrick,Roberts,Roberts,has joined Birmingham City permanently.,,27,0,0,0,1,0,0,0,0,0,0,0,1,,,,0.0,0.0,3.33,0.0,3.33,0,0,1
546,a,100.0,100.0,4.9,342,213.0,0,0.0,-1,1.0,0.0,699,284.0,0,0,0.0,789.0,344.0,0,0,0.0,738.0,310.0,0.0,0.0,0.0,533,6,3531,2,0.0,0.0,0.0,0.0,0.0,0.0,0.0,0.0,0.0,0.0,0.0,788.0,343.0,0.0,784.0,343.0,0.0,780.0,341.0,0.0,788.0,343.0,,,,33,,Milan,Aleksić,Aleksić,,,0,0,0,0,0,0,0,0,0,0,0,0,0,,,,0.0,0.0,0.0,0.0,0.0,0,0,0
555,u,0.0,0.0,4.5,417,252.0,0,0.0,0,0.0,0.0,652,256.0,0,0,0.0,697.0,272.0,0,0,0.0,601.0,209.0,0.0,0.0,0.0,1291,0,9873,2,0.0,0.0,0.0,0.0,0.0,0.0,0.0,0.0,0.0,0.0,0.0,691.0,266.0,0.0,686.0,269.0,0.0,667.0,261.0,0.0,693.0,268.0,,,,33,,Alan,Browne,Browne,has joined Middlesbrough on loan for the rest of the season.,,0,0,0,0,0,0,0,0,0,0,0,0,0,,,,0.0,0.0,0.0,0.0,0.0,0,0,0
556,u,0.0,0.0,4.5,437,260.0,0,0.0,0,0.0,0.0,781,338.0,0,0,0.0,708.0,279.0,0,0,0.0,615.0,217.0,0.0,0.0,0.0,0,0,1808,0,0.0,0.0,0.0,0.0,0.0,0.0,0.0,0.0,0.0,0.0,0.0,702.0,273.0,0.0,698.0,276.0,0.0,681.0,269.0,0.0,704.0,275.0,,,,33,,Pierre,Ekwah Elimby,Ekwah,Has joined AS Saint-Etienne permanently.,,0,0,0,0,0,0,0,0,0,0,0,0,0,,,,0.0,0.0,0.0,0.0,0.0,0,0,0
557,a,,,4.3,608,358.0,0,0.0,-2,2.0,0.1,542,199.0,0,0,0.0,660.0,249.0,0,0,0.0,545.0,179.0,0.0,0.0,0.0,9142,13,11030,26,0.0,0.0,0.0,0.0,0.0,0.0,0.0,0.0,0.0,0.0,0.0,650.0,239.0,0.0,646.0,244.0,0.0,623.0,233.0,0.0,652.0,241.0,,,,33,,Harrison,Jones,H.Jones,,,0,0,0,0,0,0,0,0,0,0,0,0,0,,,,0.0,0.0,0.0,0.0,0.0,0,0,0
558,u,0.0,0.0,4.3,599,353.0,0,0.0,-2,2.0,0.2,403,139.0,0,0,0.0,657.0,247.0,0,0,0.0,536.0,174.0,0.0,0.0,0.0,30710,0,46176,30,0.0,0.0,0.0,0.0,0.0,0.0,0.0,0.0,0.0,0.0,0.0,647.0,237.0,0.0,642.0,242.0,0.0,617.0,229.0,0.0,649.0,239.0,,,,33,,Jay,Matete,Matete,has joined MK Dons permanently.,,0,0,0,0,0,0,0,0,0,0,0,0,0,,,,0.0,0.0,0.0,0.0,0.0,0,0,0
559,u,0.0,0.0,4.4,549,329.0,0,0.0,-1,1.0,0.0,650,254.0,0,0,0.0,678.0,261.0,0,0,0.0,574.0,193.0,0.0,0.0,0.0,2951,0,8672,2,0.0,0.0,0.0,0.0,0.0,0.0,0.0,0.0,0.0,0.0,0.0,670.0,253.0,0.0,666.0,257.0,0.0,645.0,247.0,0.0,672.0,255.0,,,,33,,Nectarios,Triantis,Triantis,has joined Minnesota United permanently.,,0,0,0,0,0,0,0,0,0,0,0,0,0,,,,0.0,0.0,0.0,0.0,0.0,0,0,0
560,a,100.0,100.0,5.0,260,54.0,0,0.0,-5,5.0,1.3,177,28.0,66,5,2.4,288.0,31.0,7,224,2.0,153.0,22.0,0.4,13.2,0.0,970929,960,887814,305,2.0,2.0,4.33,0.17,4.5,18.62,0.37,0.01,0.38,1.58,200.8,284.0,28.0,24.3,392.0,52.0,401.0,57.0,23.0,62.5,232.0,28.0,,,,33,,Wilson,Isidor,Isidor,,,1063,5,1,4,16,0,0,0,1,0,0,11,44,,,,0.0,0.34,1.35,0.93,3.73,9,16,19
561,a,,,5.2,215,50.0,0,0.0,-3,3.0,0.5,264,39.0,39,0,2.1,331.0,37.0,5,121,0.3,335.0,46.0,0.1,7.5,0.0,272644,66,311292,88,0.3,0.3,2.13,0.22,2.35,12.67,0.26,0.03,0.29,1.52,117.6,358.0,36.0,53.8,347.0,42.0,188.0,167.0,39.0,35.5,328.0,39.0,,,,33,,Eliezer,Mayenda Dossou,Mayenda,,,750,2,0,3,9,0,0,0,0,0,0,8,26,,,,0.0,0.36,1.08,0.96,3.12,5,7,14
562,a,,,4.2,649,91.0,0,0.0,-3,3.0,0.4,279,42.0,0,0,0.0,651.0,65.0,0,0,0.0,520.0,53.0,0.0,0.0,0.0,70185,113,95630,164,0.0,0.0,0.0,0.0,0.0,0.0,0.0,0.0,0.0,0.0,0.0,643.0,65.0,0.0,637.0,64.0,0.0,611.0,64.0,0.0,645.0,65.0,,,,33,,Ahmed,Abdullahi,Abdullahi,,,0,0,0,0,0,0,0,0,0,0,0,0,0,,,,0.0,0.0,0.0,0.0,0.0,0,0,0
563,u,0.0,0.0,4.4,559,79.0,0,0.0,-1,1.0,0.1,522,71.0,0,0,0.0,684.0,72.0,0,0,0.0,583.0,62.0,0.0,0.0,0.0,5979,0,20484,6,0.0,0.0,0.0,0.0,0.0,0.0,0.0,0.0,0.0,0.0,0.0,677.0,72.0,0.0,672.0,71.0,0.0,653.0,71.0,0.0,679.0,72.0,,,,33,,Luís Hemir,Silva Semedo,Luís Hemir,has joined Moreirense on loan for the rest of the season.,,0,0,0,0,0,0,0,0,0,0,0,0,0,,,,0.0,0.0,0.0,0.0,0.0,0,0,0
564,u,0.0,0.0,4.4,541,76.0,0,0.0,-1,1.0,0.1,524,72.0,0,0,0.0,674.0,69.0,0,0,0.0,569.0,59.0,0.0,0.0,0.0,3530,0,20258,6,0.0,0.0,0.0,0.0,0.0,0.0,0.0,0.0,0.0,0.0,0.0,665.0,69.0,0.0,661.0,68.0,0.0,640.0,68.0,0.0,667.0,69.0,,,,33,,Nazarii,Rusyn,Rusyn,has joined Arka on loan for the rest of the season.,,0,0,0,0,0,0,0,0,0,0,0,0,0,,,,0.0,0.0,0.0,0.0,0.0,0,0,0
668,a,100.0,100.0,5.1,219,134.0,0,0.0,1,-1.0,3.2,105,35.0,106,2,3.7,99.0,42.0,5,512,3.7,71.0,30.0,0.7,20.8,0.0,1382133,1874,1378946,716,3.7,3.7,0.84,2.51,3.35,40.14,0.03,0.09,0.12,1.47,588.8,56.0,15.0,492.1,43.0,38.0,92.0,277.0,148.0,117.2,78.0,48.0,1.0,1.0,,33,,Granit,Xhaka,Xhaka,,,2451,1,5,8,31,0,0,0,5,0,0,27,308,,,,0.0,0.29,1.14,0.99,11.31,43,121,144
670,a,100.0,100.0,4.8,370,15.0,0,0.0,3,-3.0,8.2,47,8.0,122,1,4.1,52.0,4.0,12,515,4.0,57.0,7.0,0.8,25.4,0.0,2220679,14324,1422644,1556,4.0,4.0,0.0,0.1,0.1,44.51,0.0,0.0,0.0,1.48,779.2,13.0,4.0,40.0,368.0,2.0,0.0,762.0,88.0,81.8,163.0,3.0,,,,33,,Robin,Roefs,Roefs,,,2700,0,0,9,38,0,1,0,3,0,95,30,110,,,,3.17,0.3,1.27,1.0,0.0,0,33,297
678,u,0.0,0.0,3.9,751,214.0,0,0.0,-1,1.0,0.5,275,104.0,1,0,0.3,523.0,181.0,0,4,0.0,394.0,144.0,0.0,0.3,0.0,52353,0,84292,52,0.0,0.0,0.07,0.08,0.15,2.09,0.05,0.06,0.11,1.5,21.8,453.0,165.0,20.1,400.0,144.0,7.0,426.0,161.0,4.9,455.0,163.0,,,,33,,Arthur,Masuaku,Masuaku,has joined RC Lens on loan for the rest of the season.,,125,0,0,0,2,0,0,0,1,0,0,2,13,,,,0.0,0.0,1.44,1.44,7.2,4,6,3
683,d,75.0,100.0,4.1,651,153.0,0,0.0,1,-1.0,6.1,63,22.0,112,1,3.9,64.0,24.0,5,378,3.3,82.0,29.0,0.8,27.3,0.0,1672545,4262,1069645,1869,2.5,3.3,1.37,0.88,2.24,40.87,0.05,0.03,0.08,1.47,703.8,34.0,12.0,135.8,241.0,63.0,233.0,126.0,22.0,107.6,93.0,23.0,,,,33,,Omar,Alderete,Alderete,Knock - 75% chance of playing,,2505,1,1,9,34,0,0,0,6,0,0,28,308,,,,0.0,0.32,1.22,1.01,10.2,29,255,94
694,a,100.0,100.0,4.5,420,81.0,0,0.0,5,-5.0,7.7,51,17.0,128,-1,4.7,23.0,8.0,10,427,4.3,40.0,15.0,1.0,28.4,0.0,2576994,29565,1748243,1615,4.3,4.3,1.28,2.1,3.38,39.17,0.05,0.08,0.13,1.51,618.6,50.0,23.0,305.4,114.0,28.0,166.0,187.0,45.0,109.0,92.0,22.0,,,,33,,Nordi,Mukiele,Mukiele,,,2334,2,5,8,32,1,0,0,5,0,0,27,265,,,,0.0,0.31,1.23,1.04,9.14,62,175,109
724,a,,,4.5,428,87.0,0,0.0,0,0.0,0.1,576,206.0,46,0,1.8,373.0,140.0,0,190,1.0,230.0,78.0,0.2,10.2,0.0,10859,34,7654,33,1.0,1.0,0.5,0.75,1.25,28.37,0.03,0.05,0.08,1.81,238.0,255.0,101.0,116.1,261.0,72.0,67.0,310.0,95.0,42.1,304.0,102.0,,,,33,,Lutsharel,Geertruida,Geertruida,,,1411,0,0,2,21,0,0,0,1,0,0,14,117,,,,0.0,0.13,1.34,0.89,6.44,34,67,62
730,a,100.0,100.0,5.3,193,45.0,0,0.0,-2,2.0,0.8,210,30.0,75,2,2.9,209.0,19.0,11,256,3.7,72.0,11.0,0.7,14.2,0.0,366908,9750,289154,681,3.7,3.7,4.54,0.46,5.0,26.88,0.27,0.03,0.3,1.58,279.4,229.0,20.0,135.1,242.0,26.0,426.0,51.0,20.0,82.5,159.0,22.0,,,,33,,Brian,Brobbey,Brobbey,,,1533,6,1,5,22,0,0,0,5,0,0,17,61,,,,0.0,0.29,1.29,1.0,3.58,7,15,39
735,d,50.0,0.0,5.5,134,83.0,0,0.0,0,0.0,0.0,653,257.0,30,0,2.5,269.0,110.0,1,118,0.0,793.0,350.0,0.0,5.5,0.0,13871,4,13313,7,0.0,0.0,0.48,0.25,0.73,9.74,0.07,0.04,0.11,1.38,115.6,360.0,160.0,108.4,272.0,165.0,135.0,224.0,123.0,35.9,325.0,159.0,,,,33,,Bertrand,Traoré,Traoré,Knee injury - 50% chance of playing,,634,1,1,3,9,0,0,0,1,0,0,9,40,,,,0.0,0.43,1.28,1.28,5.68,11,11,18
774,a,,,4.0,678,169.0,0,0.0,0,0.0,0.0,680,239.0,0,0,0.0,588.0,216.0,0,0,0.0,438.0,163.0,0.0,0.0,0.0,1785,21,1167,14,0.0,0.0,0.0,0.0,0.0,0.0,0.0,0.0,0.0,0.0,0.0,578.0,215.0,0.0,569.0,215.0,0.0,538.0,211.0,0.0,580.0,215.0,,,,33,,Jenson,Jones,Jenson Jones,,,0,0,0,0,0,0,0,0,0,0,0,0,0,,,,0.0,0.0,0.0,0.0,0.0,0,0,0
775,u,0.0,0.0,4.5,496,306.0,0,0.0,0,0.0,0.0,824,368.0,0,0,0.0,749.0,314.0,0,0,0.0,668.0,260.0,0.0,0.0,0.0,160,0,141,0,0.0,0.0,0.0,0.0,0.0,0.0,0.0,0.0,0.0,0.0,0.0,747.0,312.0,0.0,740.0,312.0,0.0,727.0,308.0,0.0,747.0,312.0,,,,33,,Tymur,Tutierov,Tutierov,has joined Exeter City on loan for the rest of the season.,,0,0,0,0,0,0,0,0,0,0,0,0,0,,,,0.0,0.0,0.0,0.0,0.0,0,0,0
800,d,50.0,0.0,4.9,345,215.0,0,0.0,-1,1.0,0.0,823,367.0,1,0,1.0,499.0,228.0,0,4,0.0,741.0,312.0,0.0,0.2,0.0,165,0,134,1,0.0,0.0,0.0,0.04,0.04,0.24,0.0,0.09,0.09,0.57,3.4,489.0,223.0,4.3,450.0,217.0,2.0,455.0,224.0,1.0,488.0,223.0,,,,33,,Djiamgone Jocelin Ta,Bi,Jocelin.T,Ankle injury - 50% chance of playing,,38,0,0,0,0,0,0,0,0,0,0,1,3,,,,0.0,0.0,0.0,2.37,7.11,1,0,2
812,a,,,4.0,707,61.0,0,0.0,0,0.0,0.1,447,66.0,16,0,5.3,7.0,2.0,3,62,1.0,224.0,18.0,0.2,4.0,0.0,25648,160,11854,202,1.0,1.0,0.0,0.02,0.02,4.1,0.0,0.01,0.01,1.37,73.6,397.0,29.0,0.0,594.0,70.0,0.0,563.0,57.0,7.4,435.0,29.0,,,,33,,Melker,Ellborg,Ellborg,,,270,0,0,1,2,0,0,0,0,0,10,3,0,,,,3.33,0.33,0.67,1.0,0.0,0,6,33
813,d,50.0,0.0,5.0,276,170.0,0,0.0,0,0.0,0.0,790,345.0,9,0,1.8,380.0,162.0,0,27,0.0,754.0,322.0,0.0,1.8,0.0,1086,2,841,9,0.0,0.0,0.49,0.08,0.57,5.65,0.17,0.03,0.2,2.0,36.2,432.0,189.0,28.3,388.0,195.0,62.0,321.0,169.0,12.6,413.0,188.0,,,,33,,Nilson,Angulo,Angulo,Unknown - 50% chance of playing,,254,0,0,1,4,0,0,0,0,0,0,3,23,,,,0.0,0.35,1.42,1.06,8.15,7,10,6
821,a,,,4.5,475,290.0,0,0.0,0,0.0,0.0,818,364.0,0,0,0.0,733.0,302.0,0,0,0.0,647.0,244.0,0.0,0.0,0.0,70,1,18,0,0.0,0.0,0.0,0.0,0.0,0.0,0.0,0.0,0.0,0.0,0.0,730.0,299.0,0.0,724.0,300.0,0.0,710.0,295.0,0.0,731.0,300.0,,,,33,,Jack,Whittaker,Whittaker,,,0,0,0,0,0,0,0,0,0,0,0,0,0,,,,0.0,0.0,0.0,0.0,0.0,0,0,0
822,a,,,4.5,476,291.0,0,0.0,0,0.0,0.0,812,359.0,0,0,0.0,734.0,303.0,0,0,0.0,648.0,245.0,0.0,0.0,0.0,150,7,43,3,0.0,0.0,0.0,0.0,0.0,0.0,0.0,0.0,0.0,0.0,0.0,731.0,300.0,0.0,725.0,301.0,0.0,711.0,296.0,0.0,732.0,301.0,,,,33,,Jaydon,Jones,Jones,,,0,0,0,0,0,0,0,0,0,0,0,0,0,,,,0.0,0.0,0.0,0.0,0.0,0,0,0
565,d,50.0,0.0,4.7,381,17.0,0,0.0,-3,3.0,5.0,77,13.0,90,0,2.9,206.0,24.0,6,412,0.7,276.0,23.0,0.1,19.1,0.0,1358196,45,1485976,2556,0.6,0.0,0.0,0.04,0.04,46.21,0.0,0.0,0.0,1.49,709.2,32.0,9.0,10.1,427.0,7.0,0.0,751.0,83.0,72.2,194.0,8.0,,,,33,,Guglielmo,Vicario,Vicario,Hernia - 50% chance of playing,,2790,0,0,7,50,0,0,0,1,0,83,31,97,,,,2.68,0.23,1.61,1.0,0.0,1,35,247
566,a,,,3.9,759,79.0,0,0.0,-1,1.0,0.3,333,46.0,0,0,0.0,554.0,50.0,0,0,0.0,400.0,39.0,0.0,0.0,0.0,21475,26,25700,37,0.5,0.0,0.0,0.0,0.0,0.0,0.0,0.0,0.0,0.0,0.0,544.0,50.0,0.0,531.0,33.0,0.0,499.0,20.0,0.0,546.0,50.0,,,,33,,Brandon,Austin,Austin,,,0,0,0,0,0,0,0,0,0,0,0,0,0,,,,0.0,0.0,0.0,0.0,0.0,0,0,0
567,a,,,3.9,773,86.0,0,0.0,-1,1.0,1.7,152,20.0,3,1,1.5,407.0,35.0,0,15,1.0,222.0,16.0,0.3,0.8,0.0,132523,1202,184572,248,1.5,1.0,0.0,0.0,0.0,2.15,0.0,0.0,0.0,1.08,27.0,444.0,34.0,0.0,541.0,40.0,0.0,509.0,27.0,2.7,467.0,34.0,,,,33,,Antonín,Kinský,Kinsky,,,180,0,0,0,3,0,0,0,0,0,2,2,0,,,,1.0,0.0,1.5,1.0,0.0,0,6,15
568,a,100.0,100.0,5.1,232,34.0,0,0.0,-4,4.0,9.8,37,13.0,94,10,3.2,174.0,68.0,5,398,4.0,59.0,20.0,0.8,18.4,0.0,1540826,13101,3057220,643,4.5,4.0,0.87,3.39,4.26,34.35,0.03,0.13,0.16,1.32,564.0,65.0,31.0,677.1,16.0,1.0,179.0,176.0,40.0,142.2,44.0,4.0,3.0,2.0,,33,,Pedro,Porro Sauceda,Pedro Porro,,,2343,1,3,7,36,0,0,0,7,0,0,27,209,,,,0.0,0.27,1.38,1.04,6.68,54,120,111
569,i,0.0,0.0,5.0,252,39.0,0,0.0,0,0.0,3.0,113,43.0,91,0,4.0,59.0,22.0,10,305,0.7,283.0,90.0,0.1,18.2,0.0,1032883,10,1229711,1722,0.0,0.0,1.39,1.25,2.64,28.32,0.07,0.06,0.13,1.36,574.8,62.0,29.0,133.6,244.0,64.0,223.0,135.0,25.0,93.2,125.0,34.0,,,,33,,Cristian,Romero,Romero,Knee injury - Expected back 01 Jun,,1869,4,1,5,33,0,0,0,9,2,0,22,224,,,,0.0,0.24,1.59,1.06,9.49,58,139,88
570,a,100.0,100.0,4.2,629,141.0,0,0.0,-3,3.0,0.1,428,159.0,41,2,2.2,308.0,113.0,1,136,2.0,144.0,55.0,0.5,9.8,0.0,19115,233,31532,47,2.5,2.0,0.29,0.21,0.5,16.75,0.03,0.02,0.05,1.45,292.2,220.0,86.0,13.0,416.0,151.0,42.0,347.0,114.0,34.8,331.0,110.0,,,,33,,Kevin,Danso,Danso,,,1039,0,0,2,21,0,0,0,5,0,0,12,150,,,,0.0,0.17,1.82,1.04,12.39,21,122,36
571,i,0.0,0.0,4.3,576,124.0,0,0.0,-2,2.0,0.1,549,197.0,10,0,3.3,147.0,54.0,1,29,0.0,523.0,218.0,0.0,2.3,0.0,4466,3,12109,6,0.0,0.0,0.49,0.07,0.56,1.11,0.32,0.05,0.37,0.73,67.4,402.0,150.0,22.2,395.0,141.0,52.0,334.0,108.0,14.2,402.0,144.0,,,,33,,Ben,Davies,Davies,Ankle injury - Unknown return date,,136,1,0,0,3,0,0,0,1,0,0,2,14,,,,0.0,0.0,1.99,1.32,9.26,5,9,5
572,a,100.0,100.0,4.5,449,92.0,0,0.0,0,0.0,0.0,668,235.0,15,0,1.9,356.0,131.0,0,26,0.0,624.0,245.0,0.0,3.3,0.0,4081,17,3127,31,0.5,0.0,0.31,0.01,0.32,11.94,0.05,0.0,0.05,2.09,122.2,349.0,132.0,3.2,456.0,164.0,27.0,372.0,126.0,15.3,400.0,143.0,,,,33,,Radu,Drăgușin,Dragusin,,,513,0,0,0,13,0,0,0,0,0,0,5,70,,,,0.0,0.0,2.28,0.88,12.28,5,65,13
573,a,100.0,100.0,4.1,654,156.0,0,0.0,-4,4.0,0.9,202,78.0,61,1,2.4,277.0,105.0,1,219,0.7,273.0,88.0,0.2,14.9,0.0,303217,149,366998,163,1.2,0.7,0.86,1.74,2.6,29.62,0.04,0.09,0.13,1.46,264.0,241.0,96.0,202.2,180.0,46.0,172.0,182.0,41.0,63.7,225.0,78.0,,,,33,,Djed,Spence,Spence,,,1820,0,0,7,30,0,0,0,4,0,0,21,129,,,,0.0,0.35,1.48,1.04,5.19,39,66,100
574,a,100.0,100.0,4.3,593,136.0,0,0.0,-2,2.0,0.3,323,118.0,18,2,1.1,446.0,159.0,0,77,1.0,226.0,75.0,0.2,4.2,0.0,51973,221,114187,39,1.5,1.0,0.16,0.67,0.83,17.09,0.01,0.06,0.07,1.53,167.6,314.0,120.0,157.7,214.0,56.0,90.0,280.0,82.0,41.6,307.0,103.0,,,,33,,Destiny,Udogie,Udogie,,,1004,0,1,0,21,0,0,0,3,0,0,10,71,,,,0.0,0.0,1.88,0.9,4.48,23,27,56
575,a,100.0,100.0,4.4,547,118.0,0,0.0,-1,1.0,18.1,19,6.0,100,1,3.3,148.0,55.0,10,353,1.0,229.0,77.0,0.2,22.7,0.0,3544112,4072,4592028,5034,1.5,1.0,2.79,0.35,3.14,39.59,0.1,0.01,0.11,1.38,626.4,49.0,22.0,91.7,295.0,91.0,210.0,144.0,29.0,92.7,131.0,39.0,,,,33,,Micky,van de Ven,Van de Ven,,,2591,4,1,7,46,0,0,0,8,1,0,30,228,,,,0.0,0.24,1.6,1.04,6.67,33,159,102
576,u,0.0,0.0,4.0,715,188.0,0,0.0,0,0.0,0.0,740,255.0,0,0,0.0,616.0,228.0,0,0,0.0,473.0,181.0,0.0,0.0,0.0,0,0,2009,0,0.0,0.0,0.0,0.0,0.0,0.0,0.0,0.0,0.0,0.0,0.0,607.0,228.0,0.0,599.0,228.0,0.0,569.0,225.0,0.0,609.0,228.0,,,,33,,Ashley,Phillips,Phillips,Has joined Stoke City on loan for the rest of the season.,,0,0,0,0,0,0,0,0,0,0,0,0,0,,,,0.0,0.0,0.0,0.0,0.0,0,0,0
577,u,0.0,0.0,4.0,717,189.0,0,0.0,0,0.0,0.0,606,216.0,0,0,0.0,618.0,229.0,0,0,0.0,475.0,182.0,0.0,0.0,0.0,1005,0,9127,1,0.0,0.0,0.0,0.0,0.0,0.0,0.0,0.0,0.0,0.0,0.0,609.0,229.0,0.0,601.0,229.0,0.0,571.0,226.0,0.0,611.0,229.0,,,,33,,Takai,Kōta,Takai,has joined Borussia Mönchengladbach on loan for the rest of the season.,,0,0,0,0,0,0,0,0,0,0,0,0,0,,,,0.0,0.0,0.0,0.0,0.0,0,0,0
578,u,0.0,0.0,3.9,789,233.0,0,0.0,-1,1.0,0.3,322,117.0,0,0,0.0,576.0,210.0,0,0,0.0,424.0,157.0,0.0,0.0,0.0,7334,0,92424,17,0.0,0.0,0.0,0.0,0.0,0.0,0.0,0.0,0.0,0.0,0.0,566.0,209.0,0.0,554.0,209.0,0.0,523.0,205.0,0.0,568.0,209.0,,,,33,,Luka,Vušković,Vuskovic,has joined Hamburger SV on loan for the rest of the season.,,0,0,0,0,0,0,0,0,0,0,0,0,0,,,,0.0,0.0,0.0,0.0,0.0,0,0,0
579,u,0.0,0.0,8.5,10,5.0,0,0.0,0,0.0,0.1,455,155.0,0,0,0.0,828.0,372.0,0,0,0.0,826.0,371.0,0.0,0.0,0.0,0,0,25610,4,0.0,0.0,0.0,0.0,0.0,0.0,0.0,0.0,0.0,0.0,0.0,828.0,372.0,0.0,828.0,372.0,0.0,828.0,372.0,0.0,828.0,372.0,,,,33,,Son,Heung-min,Son,has joined Los Angeles FC permanently.,,0,0,0,0,0,0,0,0,0,0,0,0,0,,,,0.0,0.0,0.0,0.0,0.0,0,0,0
581,a,100.0,0.0,6.8,42,26.0,0,0.0,-2,2.0,0.1,452,153.0,0,0,0.0,825.0,369.0,0,0,0.0,821.0,366.0,0.0,0.0,0.0,2218,287,24050,21,0.5,0.0,0.0,0.0,0.0,0.0,0.0,0.0,0.0,0.0,0.0,825.0,369.0,0.0,825.0,369.0,0.0,825.0,369.0,0.0,825.0,369.0,,,,33,,James,Maddison,Maddison,,,0,0,0,0,0,0,0,0,0,0,0,0,0,,,,0.0,0.0,0.0,0.0,0.0,0,0,0
582,i,0.0,0.0,6.4,58,37.0,0,0.0,-1,1.0,9.3,39,12.0,75,0,3.9,76.0,34.0,7,257,0.0,818.0,365.0,0.0,11.7,0.0,3263778,7,5221035,875,0.0,0.0,1.92,2.41,4.33,22.74,0.11,0.14,0.25,1.33,333.4,194.0,80.0,413.8,66.0,52.0,302.0,95.0,56.0,104.7,98.0,56.0,,4.0,3.0,33,,Mohammed,Kudus,Kudus,Thigh injury - Unknown return date,,1535,2,6,7,20,0,0,0,3,0,0,19,133,,,,0.0,0.41,1.17,1.11,7.8,29,9,95
583,i,0.0,0.0,6.4,57,36.0,0,0.0,-1,1.0,0.0,722,299.0,0,0,0.0,822.0,368.0,0,0,0.0,817.0,364.0,0.0,0.0,0.0,1144,10,2191,3,0.0,0.0,0.0,0.0,0.0,0.0,0.0,0.0,0.0,0.0,0.0,822.0,368.0,0.0,822.0,368.0,0.0,822.0,368.0,0.0,822.0,368.0,,,,33,,Dejan,Kulusevski,Kulusevski,Knee injury - Unknown return date,,0,0,0,0,0,0,0,0,0,0,0,0,0,,,,0.0,0.0,0.0,0.0,0.0,0,0,0
584,a,100.0,100.0,6.2,79,52.0,0,0.0,-3,3.0,0.1,433,148.0,58,1,2.2,319.0,139.0,5,202,1.3,215.0,99.0,0.2,9.4,0.0,43120,118,48591,84,1.8,1.3,2.11,1.43,3.53,14.56,0.2,0.14,0.34,1.38,218.8,270.0,111.0,319.1,104.0,74.0,254.0,112.0,67.0,79.4,170.0,88.0,1.0,,,33,,Mathys,Tel,Tel,,,953,3,1,1,20,0,0,0,0,0,0,9,80,,,,0.0,0.09,1.89,0.85,7.56,17,10,53
586,a,100.0,100.0,5.2,216,133.0,0,0.0,-3,3.0,0.2,395,134.0,46,4,2.3,304.0,131.0,0,152,2.3,133.0,53.0,0.4,8.8,0.0,103426,125,111746,40,2.8,2.3,1.18,0.43,1.61,12.88,0.12,0.04,0.16,1.26,163.6,319.0,143.0,105.0,276.0,166.0,141.0,218.0,120.0,40.7,310.0,154.0,,,,33,,Lucas,Bergvall,Bergvall,,,918,1,3,3,17,0,0,0,2,0,0,11,77,,,,0.0,0.29,1.67,1.08,7.55,21,18,38
587,a,100.0,100.0,5.2,209,129.0,0,0.0,-3,3.0,0.0,599,225.0,13,0,1.4,427.0,187.0,0,85,0.0,767.0,332.0,0.0,2.5,0.0,3384,19,15234,16,0.5,0.0,0.36,0.08,0.44,11.66,0.06,0.01,0.07,2.03,83.8,388.0,173.0,20.6,399.0,200.0,23.0,384.0,194.0,12.6,414.0,189.0,,,,33,,Yves,Bissouma,Bissouma,,,516,0,0,0,16,0,0,0,4,0,0,6,71,,,,0.0,0.0,2.79,1.05,12.38,18,25,28
588,i,0.0,0.0,5.3,200,125.0,0,0.0,-2,2.0,0.0,608,232.0,46,0,1.9,362.0,156.0,6,176,0.0,775.0,338.0,0.0,8.7,0.0,16415,4,18419,14,0.0,0.0,1.92,1.21,3.13,14.24,0.18,0.11,0.29,1.32,158.8,323.0,146.0,284.3,129.0,86.0,234.0,125.0,74.0,67.6,210.0,103.0,,,,33,,Wilson,Odobert,Odobert,Knee injury - Unknown return date,,972,0,2,2,13,0,0,0,0,0,0,10,77,,,,0.0,0.19,1.2,0.93,7.13,10,14,53
589,u,0.0,0.0,5.4,166,104.0,0,0.0,-1,1.0,0.0,767,327.0,0,0,0.0,809.0,358.0,0,0,0.0,783.0,342.0,0.0,0.0,0.0,115,0,1480,0,0.0,0.0,0.0,0.0,0.0,0.0,0.0,0.0,0.0,0.0,0.0,808.0,357.0,0.0,807.0,357.0,0.0,805.0,356.0,0.0,808.0,357.0,,,,33,,Manor,Solomon,Solomon,has joined Fiorentina on loan for the rest of the season.,,0,0,0,0,0,0,0,0,0,0,0,0,0,,,,0.0,0.0,0.0,0.0,0.0,0,0,0
590,u,0.0,0.0,4.9,322,199.0,0,0.0,-1,1.0,0.0,664,264.0,0,0,0.0,782.0,339.0,0,0,0.0,727.0,302.0,0.0,0.0,0.0,675,0,4504,0,0.0,0.0,0.0,0.0,0.0,0.0,0.0,0.0,0.0,0.0,0.0,781.0,338.0,0.0,777.0,338.0,0.0,773.0,336.0,0.0,781.0,338.0,,,,33,,Bryan,Gil Salvatierra,Bryan,has joined Girona permanently.,,0,0,0,0,0,0,0,0,0,0,0,0,0,,,,0.0,0.0,0.0,0.0,0.0,0,0,0
591,a,100.0,100.0,4.8,372,232.0,0,0.0,-2,2.0,0.2,404,140.0,60,1,2.6,249.0,100.0,6,235,1.7,175.0,71.0,0.4,12.5,0.0,25076,75,27096,153,2.2,1.7,1.5,1.29,2.79,24.55,0.09,0.08,0.17,1.51,257.2,245.0,105.0,138.1,238.0,153.0,158.0,196.0,107.0,55.3,254.0,125.0,,,,33,,Archie,Gray,Gray,,,1463,2,2,5,28,0,0,0,5,0,0,18,131,,,,0.0,0.31,1.72,1.11,8.06,11,64,56
592,u,0.0,0.0,5.0,272,166.0,0,0.0,0,0.0,0.0,798,352.0,0,0,0.0,799.0,352.0,0,0,0.0,753.0,321.0,0.0,0.0,0.0,0,0,688,1,0.0,0.0,0.0,0.0,0.0,0.0,0.0,0.0,0.0,0.0,0.0,798.0,351.0,0.0,796.0,351.0,0.0,791.0,349.0,0.0,798.0,351.0,,,,33,,Mikey,Moore,Moore,Has joined Rangers on loan for the rest of the season.,,0,0,0,0,0,0,0,0,0,0,0,0,0,,,,0.0,0.0,0.0,0.0,0.0,0,0,0
593,a,100.0,100.0,4.5,443,265.0,0,0.0,-5,5.0,1.1,191,67.0,66,0,2.9,204.0,81.0,2,293,1.0,231.0,103.0,0.2,14.7,0.0,405366,301,597774,655,1.5,1.0,1.5,1.08,2.58,26.21,0.1,0.07,0.17,1.75,314.8,204.0,85.0,151.6,220.0,141.0,152.0,204.0,110.0,62.0,234.0,114.0,,,,33,,Pape Matar,Sarr,P.M.Sarr,,,1349,2,3,3,22,0,0,0,2,0,0,13,180,,,,0.0,0.2,1.47,0.87,12.01,32,72,76
594,u,0.0,0.0,4.5,506,315.0,0,0.0,0,0.0,0.0,741,311.0,0,0,0.0,757.0,321.0,0,0,0.0,678.0,269.0,0.0,0.0,0.0,0,0,2828,2,0.0,0.0,0.0,0.0,0.0,0.0,0.0,0.0,0.0,0.0,0.0,756.0,320.0,0.0,749.0,320.0,0.0,736.0,316.0,0.0,756.0,320.0,,,,33,,Yang,Min-hyeok,Min-hyeok,has joined Coventry City on loan for the rest of the season.,,0,0,0,0,0,0,0,0,0,0,0,0,0,,,,0.0,0.0,0.0,0.0,0.0,0,0,0
595,a,,,4.3,601,355.0,0,0.0,-2,2.0,0.2,370,126.0,1,0,1.0,469.0,203.0,0,3,0.0,538.0,176.0,0.0,0.2,0.0,25321,12,31422,40,0.5,0.0,0.0,0.01,0.01,0.75,0.0,0.06,0.06,4.82,0.6,507.0,231.0,1.8,463.0,222.0,0.0,619.0,231.0,0.2,509.0,233.0,,,,33,,Callum,Olusesi,Olusesi,,,14,0,0,0,0,0,0,0,0,0,0,0,2,,,,0.0,0.0,0.0,0.0,12.86,0,0,2
596,a,100.0,100.0,7.2,30,13.0,0,0.0,-3,3.0,1.3,169,25.0,39,2,2.8,229.0,23.0,4,178,2.0,167.0,25.0,0.3,5.4,0.0,158799,6409,535998,516,2.5,2.0,2.97,0.25,3.21,17.67,0.28,0.02,0.3,1.66,193.4,290.0,29.0,80.5,311.0,36.0,331.0,81.0,27.0,60.4,238.0,30.0,,,2.0,33,,Dominic,Solanke-Mitchell,Solanke,,,958,3,0,0,21,0,0,0,1,0,0,10,63,,,,0.0,0.0,1.97,0.94,5.92,19,14,30
597,a,100.0,100.0,6.3,66,22.0,0,0.0,-2,2.0,5.6,71,14.0,95,0,3.5,122.0,10.0,13,426,1.3,217.0,29.0,0.2,15.1,0.0,3021109,2961,3085300,1384,1.8,1.3,6.51,1.27,7.78,22.67,0.38,0.07,0.45,1.31,488.6,101.0,9.0,191.3,188.0,16.0,662.0,23.0,13.0,133.6,52.0,11.0,,,5.0,33,,Richarlison,de Andrade,Richarlison,,,1562,9,3,5,24,0,0,0,5,0,0,16,122,,,,0.0,0.29,1.38,0.92,7.03,21,51,50
598,u,0.0,0.0,4.5,468,66.0,0,0.0,0,0.0,0.0,678,87.0,0,0,0.0,728.0,76.0,0,0,0.0,640.0,66.0,0.0,0.0,0.0,0,0,5138,1,0.0,0.0,0.0,0.0,0.0,0.0,0.0,0.0,0.0,0.0,0.0,724.0,76.0,0.0,718.0,75.0,0.0,703.0,75.0,0.0,725.0,76.0,,,,33,,Will,Lankshear,Lankshear,has joined Oxford United on loan for the rest of the season.,,0,0,0,0,0,0,0,0,0,0,0,0,0,,,,0.0,0.0,0.0,0.0,0.0,0,0,0
599,u,0.0,0.0,4.3,596,83.0,0,0.0,-2,2.0,0.5,259,37.0,2,0,1.0,467.0,57.0,0,5,0.0,533.0,54.0,0.0,0.5,0.0,60820,0,111866,86,0.0,0.0,0.0,0.01,0.01,0.03,0.0,0.13,0.13,0.39,1.0,505.0,60.0,4.1,451.0,59.0,2.0,447.0,60.0,0.7,494.0,60.0,,,,33,,Dane,Scarlett,Scarlett,has joined Hibernian on loan for the rest of the season.,,7,0,0,0,0,0,0,0,0,0,0,0,1,,,,0.0,0.0,0.0,0.0,12.86,0,0,1
673,a,100.0,100.0,5.5,135,84.0,0,0.0,0,0.0,0.7,220,78.0,96,1,3.4,141.0,61.0,11,405,0.7,287.0,135.0,0.1,17.5,0.0,371313,227,368368,194,1.2,0.7,1.45,0.6,2.05,29.6,0.07,0.03,0.1,1.46,501.8,95.0,31.0,116.3,260.0,161.0,187.0,168.0,92.0,80.8,165.0,85.0,,,,33,,João Maria,Lobo Alves Palhares Costa Palhinha Gonçalves,J.Palhinha,,,1826,3,3,4,33,0,0,0,6,0,0,19,248,,,,0.0,0.2,1.63,0.94,12.22,97,80,71
717,a,100.0,100.0,6.5,53,34.0,0,0.0,-5,5.0,1.5,159,55.0,77,11,2.9,214.0,88.0,7,335,4.3,47.0,20.0,0.7,11.8,0.0,854600,15538,761082,465,4.8,4.3,2.94,3.82,6.76,30.45,0.16,0.2,0.36,1.63,345.4,188.0,74.0,505.5,40.0,35.0,243.0,118.0,70.0,109.4,91.0,54.0,2.0,3.0,4.0,33,,Xavi,Simons,Xavi,,,1685,2,5,3,36,0,0,0,5,1,0,18,145,,,,0.0,0.16,1.92,0.96,7.74,33,26,86
726,a,100.0,100.0,6.9,40,15.0,0,0.0,-1,1.0,0.4,288,44.0,45,1,1.8,387.0,46.0,1,131,1.3,218.0,30.0,0.2,6.5,0.0,135272,847,122853,242,1.8,1.3,1.78,1.36,3.14,23.01,0.12,0.09,0.21,1.51,152.4,328.0,32.0,237.4,160.0,13.0,225.0,133.0,32.0,60.5,237.0,29.0,,,,33,,Randal,Kolo Muani,Kolo Muani,,,1369,1,1,3,28,0,0,0,2,0,0,17,96,,,,0.0,0.2,1.84,1.12,6.31,22,22,52
751,u,0.0,0.0,4.5,490,302.0,0,0.0,0,0.0,0.0,787,342.0,0,0,0.0,744.0,311.0,0,0,0.0,662.0,256.0,0.0,0.0,0.0,675,0,653,2,0.0,0.0,0.0,0.0,0.0,0.0,0.0,0.0,0.0,0.0,0.0,742.0,309.0,0.0,735.0,309.0,0.0,722.0,305.0,0.0,742.0,309.0,,,,33,,Yusuf,Akhamrich,Akhamrich,has joined Bristol Rovers on loan for the rest of the season.,,0,0,0,0,0,0,0,0,0,0,0,0,0,,,,0.0,0.0,0.0,0.0,0.0,0,0,0
796,a,100.0,100.0,5.0,254,153.0,0,0.0,-5,5.0,0.1,506,184.0,24,2,2.2,315.0,136.0,0,126,1.7,178.0,73.0,0.3,4.8,0.0,37556,160,27765,121,2.2,1.7,0.6,0.56,1.16,15.94,0.07,0.07,0.14,1.93,107.2,366.0,163.0,134.7,243.0,154.0,108.0,259.0,141.0,35.0,330.0,162.0,,,,33,,Conor,Gallagher,Gallagher,,,742,0,1,0,19,0,0,0,0,0,0,9,73,,,,0.0,0.0,2.3,1.09,8.85,10,21,42
804,a,,,4.0,735,205.0,0,0.0,0,0.0,0.0,676,238.0,3,0,0.8,516.0,178.0,0,0,0.0,493.0,198.0,0.0,0.8,0.0,2611,7,1260,26,0.5,0.0,0.02,0.03,0.05,2.61,0.01,0.02,0.03,1.65,12.8,461.0,167.0,31.9,382.0,137.0,17.0,395.0,142.0,6.2,445.0,161.0,,,,33,,João Victor,de Souza Menezes,Souza,,,142,0,0,0,3,0,0,0,1,0,0,2,6,,,,0.0,0.0,1.9,1.27,3.8,0,6,3
602,u,0.0,0.0,3.9,772,85.0,0,0.0,-1,1.0,0.2,381,55.0,0,0,0.0,563.0,56.0,0,0,0.0,409.0,45.0,0.0,0.0,0.0,11331,0,20978,39,0.0,0.0,0.0,0.0,0.0,0.0,0.0,0.0,0.0,0.0,0.0,553.0,56.0,0.0,540.0,39.0,0.0,508.0,26.0,0.0,555.0,56.0,,,,33,,Krisztián,Hegyi,Hegyi,has joined MTK Budapest on loan for the rest of the season.,,0,0,0,0,0,0,0,0,0,0,0,0,0,,,,0.0,0.0,0.0,0.0,0.0,0,0,0
603,a,100.0,100.0,4.1,660,160.0,0,0.0,-4,4.0,2.5,126,49.0,88,0,3.4,128.0,45.0,3,288,2.3,128.0,48.0,0.6,21.5,0.0,425403,1397,929425,644,2.3,2.3,0.49,1.87,2.36,34.84,0.02,0.08,0.1,1.44,462.4,119.0,51.0,296.8,118.0,30.0,88.0,281.0,83.0,84.9,152.0,51.0,,,,33,,El Hadji Malick,Diouf,Diouf,,,2183,0,6,7,40,0,0,0,4,0,0,24,206,,,,0.0,0.29,1.65,0.99,7.05,33,138,97
604,u,0.0,0.0,4.4,525,102.0,0,0.0,-1,1.0,0.0,585,209.0,0,0,0.0,670.0,254.0,0,0,0.0,560.0,229.0,0.0,0.0,0.0,1719,0,20823,1,0.0,0.0,0.0,0.0,0.0,0.0,0.0,0.0,0.0,0.0,0.0,661.0,254.0,0.0,656.0,254.0,0.0,635.0,253.0,0.0,663.0,254.0,,,,33,,Emerson,Palmieri dos Santos,Emerson,has joined Marseille permanently.,,0,0,0,0,0,0,0,0,0,0,0,0,0,,,,0.0,0.0,0.0,0.0,0.0,0,0,0
605,a,,,4.1,652,154.0,0,0.0,-4,4.0,0.1,431,160.0,36,0,1.7,388.0,143.0,0,80,0.0,501.0,206.0,0.0,8.8,0.0,30506,24,51519,22,0.0,0.0,0.56,0.25,0.81,33.28,0.03,0.01,0.04,1.92,392.4,153.0,67.0,55.8,344.0,119.0,60.0,322.0,101.0,50.9,275.0,88.0,,,,33,,Maximilian,Kilman,Kilman,,,1559,0,0,1,37,0,0,0,4,0,0,17,191,,,,0.0,0.06,2.14,0.98,9.24,16,144,43
606,a,100.0,100.0,4.4,537,112.0,0,0.0,-1,1.0,0.9,201,77.0,98,0,3.9,66.0,25.0,5,295,8.0,5.0,2.0,1.8,22.3,0.0,105715,10400,28327,522,8.0,8.0,2.26,0.59,2.85,32.08,0.1,0.03,0.13,1.45,638.2,46.0,19.0,51.8,351.0,124.0,240.0,120.0,21.0,93.0,127.0,36.0,,,,33,,Konstantinos,Mavropanos,Mavropanos,,,1992,3,0,4,36,1,0,0,2,0,0,21,268,,,,0.0,0.18,1.63,0.95,11.2,34,214,79
607,u,0.0,0.0,4.4,530,106.0,0,0.0,-1,1.0,0.0,609,217.0,3,0,1.5,409.0,151.0,0,-1,0.0,564.0,232.0,0.0,0.7,0.0,1288,0,12352,0,0.0,0.0,0.1,0.03,0.13,3.42,0.05,0.02,0.07,1.71,39.0,428.0,160.0,3.9,452.0,162.0,8.0,423.0,160.0,5.1,453.0,162.0,,,,33,,Nayef,Aguerd,N.Aguerd,has joined Marseille permanently.,,180,0,0,0,8,0,0,0,0,0,0,2,23,,,,0.0,0.0,4.0,1.0,7.5,1,14,8
608,a,100.0,100.0,4.3,605,139.0,0,0.0,-2,2.0,0.0,622,221.0,21,0,1.8,370.0,138.0,0,86,0.0,542.0,226.0,0.0,4.9,0.0,5064,6,7180,4,0.0,0.0,0.18,0.32,0.5,13.28,0.02,0.04,0.06,1.83,138.2,337.0,128.0,71.7,318.0,107.0,22.0,386.0,135.0,23.2,375.0,130.0,5.0,,,33,,Ollie,Scarles,Scarles,,,654,0,1,0,16,0,0,0,1,0,0,9,73,,,,0.0,0.0,2.2,1.24,9.91,29,43,35
609,a,100.0,100.0,4.3,588,133.0,0,0.0,-2,2.0,0.1,489,176.0,44,0,2.2,310.0,114.0,1,161,0.0,529.0,223.0,0.0,10.2,0.0,12811,25,20504,20,0.0,0.0,0.25,0.31,0.56,31.66,0.01,0.02,0.03,1.68,370.6,174.0,73.0,65.5,331.0,111.0,24.0,379.0,132.0,46.1,290.0,95.0,,,,33,,Jean-Clair,Todibo,Todibo,,,1701,0,1,1,34,0,0,0,4,1,0,20,172,,,,0.0,0.05,1.8,1.06,8.36,37,121,86
610,a,100.0,100.0,4.1,653,155.0,0,0.0,-4,4.0,4.5,86,28.0,63,0,2.9,199.0,79.0,0,190,0.0,502.0,207.0,0.0,15.4,0.0,287455,484,2338777,790,0.0,0.0,0.0,0.93,0.93,33.11,0.0,0.04,0.04,1.57,406.6,146.0,63.0,289.7,125.0,33.0,30.0,370.0,125.0,73.0,187.0,65.0,,,,33,,Aaron,Wan-Bissaka,Wan-Bissaka,,,1903,0,3,3,39,0,0,0,4,0,0,21,177,,,,0.0,0.14,1.84,0.99,7.71,29,134,66
611,u,0.0,0.0,4.0,712,185.0,0,0.0,0,0.0,0.1,556,199.0,0,0,0.0,614.0,226.0,0,0,0.0,470.0,178.0,0.0,0.0,0.0,0,0,13365,4,0.0,0.0,0.0,0.0,0.0,0.0,0.0,0.0,0.0,0.0,0.0,605.0,226.0,0.0,597.0,226.0,0.0,566.0,222.0,0.0,607.0,226.0,,,,33,,Kaelan,Casey,Casey,has joined Leyton Orient on loan for the rest of the season.,,0,0,0,0,0,0,0,0,0,0,0,0,0,,,,0.0,0.0,0.0,0.0,0.0,0,0,0
612,u,0.0,0.0,5.9,94,62.0,0,0.0,-1,1.0,1.1,192,68.0,69,0,3.8,87.0,38.0,8,291,0.0,807.0,357.0,0.0,11.7,0.0,897173,0,977028,117,0.0,0.0,2.85,2.0,4.85,24.22,0.17,0.12,0.29,1.44,374.6,170.0,61.0,397.2,69.0,54.0,186.0,169.0,93.0,95.7,120.0,70.0,,,,33,,Lucas,Tolentino Coelho de Lima,L.Paquetá,has joined Flamengo permanently.,,1513,4,2,3,33,0,0,0,5,1,0,18,146,,,,0.0,0.18,1.96,1.07,8.68,40,30,76
613,a,100.0,100.0,5.7,115,73.0,0,0.0,-3,3.0,0.3,315,110.0,82,0,2.8,226.0,92.0,6,326,1.7,182.0,77.0,0.3,14.4,0.0,50760,234,115916,167,1.7,1.7,4.46,0.4,4.86,30.24,0.24,0.02,0.26,1.62,417.0,137.0,46.0,149.4,225.0,145.0,352.0,73.0,43.0,92.0,136.0,74.0,,,,33,,Tomáš,Souček,Souček,,,1678,4,2,5,36,0,0,0,2,1,0,18,179,,,,0.0,0.27,1.93,0.97,9.6,30,99,50
615,a,100.0,100.0,5.5,145,91.0,0,0.0,0,0.0,1.4,168,60.0,95,0,3.8,85.0,37.0,10,334,1.0,245.0,110.0,0.2,17.3,0.0,566245,1939,412303,944,1.0,1.0,4.94,1.95,6.89,28.72,0.23,0.09,0.32,1.34,371.0,173.0,64.0,343.2,90.0,65.0,487.0,38.0,22.0,119.8,75.0,46.0,2.0,,,33,,Crysencio,Summerville,Summerville,,,1933,5,3,6,34,0,0,0,4,0,0,23,168,,,,0.0,0.28,1.58,1.07,7.82,33,42,93
616,u,0.0,0.0,4.9,308,192.0,0,0.0,-1,1.0,0.0,600,226.0,0,0,0.0,778.0,335.0,0,0,0.0,719.0,296.0,0.0,0.0,0.0,1147,0,16126,0,0.0,0.0,0.0,0.0,0.0,0.0,0.0,0.0,0.0,0.0,0.0,777.0,334.0,0.0,773.0,334.0,0.0,769.0,332.0,0.0,777.0,334.0,,,,33,,Edson,Álvarez Velázquez,Álvarez,Has joined Fenerbahçe on loan for the rest of the season.,,0,0,0,0,0,0,0,0,0,0,0,0,0,,,,0.0,0.0,0.0,0.0,0.0,0,0,0
617,u,0.0,0.0,4.9,288,177.0,0,0.0,-1,1.0,0.0,716,295.0,0,0,0.0,774.0,332.0,0,0,0.0,709.0,289.0,0.0,0.0,0.0,246,0,3225,0,0.0,0.0,0.0,0.0,0.0,0.0,0.0,0.0,0.0,0.0,0.0,773.0,331.0,0.0,769.0,331.0,0.0,765.0,329.0,0.0,773.0,331.0,,,,33,,Maxwel,Cornet,Cornet,has joined Genoa on loan for the rest of the season.,,0,0,0,0,0,0,0,0,0,0,0,0,0,,,,0.0,0.0,0.0,0.0,0.0,0,0,0
618,u,0.0,0.0,4.8,350,220.0,0,0.0,-2,2.0,0.0,613,235.0,8,0,1.3,435.0,193.0,0,30,0.0,702.0,285.0,0.0,1.7,0.0,2295,0,6224,5,0.0,0.0,0.03,0.04,0.07,2.59,0.02,0.02,0.04,1.33,9.8,468.0,208.0,6.0,445.0,215.0,2.0,453.0,223.0,1.7,477.0,216.0,,,,33,,Guido,Rodríguez,G.Rodriguez,has joined Valencia on loan for the rest of the season.,,175,0,0,1,2,0,0,0,1,0,0,2,15,,,,0.0,0.51,1.03,1.03,7.71,1,4,10
619,u,0.0,0.0,4.9,338,209.0,0,0.0,-1,1.0,0.0,689,278.0,5,0,1.0,498.0,227.0,0,11,0.0,736.0,308.0,0.0,1.0,0.0,868,0,3428,1,0.0,0.0,0.07,0.03,0.1,1.82,0.05,0.02,0.07,1.35,9.2,469.0,209.0,14.5,412.0,206.0,4.0,441.0,216.0,2.5,469.0,211.0,,,,33,,Luis Guilherme,Lira dos Santos,L.Guilherme,has joined Sporting CP permanently.,,121,0,0,0,2,0,0,0,0,0,0,1,11,,,,0.0,0.0,1.49,0.74,8.18,1,2,8
620,u,0.0,0.0,4.5,447,267.0,0,0.0,0,0.0,0.0,611,234.0,1,0,1.0,481.0,213.0,0,3,0.0,622.0,223.0,0.0,0.2,0.0,3770,0,9609,3,0.0,0.0,0.0,0.01,0.01,0.73,0.0,0.11,0.11,8.21,0.0,708.0,279.0,1.5,468.0,225.0,2.0,450.0,220.0,0.4,503.0,229.0,,,,33,,George,Earthy,Earthy,has joined Bristol City on loan for the rest of the season.,,8,0,0,0,1,0,0,0,0,0,0,0,0,,,,0.0,0.0,11.25,0.0,0.0,0,0,0
621,u,0.0,0.0,4.3,584,346.0,0,0.0,-2,2.0,0.2,373,127.0,9,0,1.3,432.0,190.0,0,49,0.0,527.0,169.0,0.0,2.1,0.0,43311,0,56610,41,0.0,0.0,0.0,0.17,0.17,4.03,0.0,0.1,0.1,2.32,31.6,436.0,191.0,52.3,350.0,185.0,2.0,445.0,218.0,8.6,428.0,192.0,,,,33,,Andy,Irving,Irving,has joined Sparta Prague permanently.,,156,0,0,0,4,0,0,0,0,0,0,2,22,,,,0.0,0.0,2.31,1.15,12.69,6,2,14
622,u,0.0,0.0,4.4,551,331.0,0,0.0,-1,1.0,0.1,581,216.0,0,0,0.0,680.0,263.0,0,0,0.0,576.0,195.0,0.0,0.0,0.0,1052,0,11997,2,0.0,0.0,0.0,0.0,0.0,0.0,0.0,0.0,0.0,0.0,0.0,672.0,255.0,0.0,668.0,259.0,0.0,647.0,249.0,0.0,674.0,257.0,,,,33,,Lewis,Orford,Orford,has joined Stevenage on loan for the rest of the season.,,0,0,0,0,0,0,0,0,0,0,0,0,0,,,,0.0,0.0,0.0,0.0,0.0,0,0,0
623,a,100.0,100.0,4.3,595,351.0,0,0.0,-2,2.0,0.5,261,91.0,36,0,1.7,389.0,166.0,0,212,0.7,274.0,126.0,0.2,8.4,0.0,145166,136,171185,120,0.7,0.7,0.21,1.06,1.27,21.2,0.02,0.08,0.1,1.66,185.8,295.0,127.0,140.8,234.0,150.0,37.0,353.0,182.0,36.5,324.0,158.0,,,,33,,Freddie,Potts,Potts,,,1151,0,1,1,24,0,0,0,1,0,0,12,116,,,,0.0,0.08,1.88,0.94,9.07,27,50,39
624,a,,,7.7,19,6.0,1,-1.0,-3,3.0,11.6,32,7.0,157,0,4.9,17.0,4.0,23,607,5.3,28.0,7.0,0.7,20.4,0.0,2970907,69303,3456511,2567,5.3,5.3,6.51,4.13,10.64,49.36,0.2,0.13,0.33,1.55,737.0,19.0,3.0,548.0,32.0,1.0,724.0,16.0,9.0,200.9,12.0,3.0,1.0,1.0,2.0,33,,Jarrod,Bowen,Bowen,,,2869,8,10,6,55,0,0,0,4,0,0,32,243,,,,0.0,0.19,1.73,1.0,7.62,42,63,138
625,u,0.0,0.0,5.6,121,34.0,0,0.0,-4,4.0,0.6,254,36.0,12,0,1.5,417.0,49.0,0,28,0.0,799.0,88.0,0.0,2.1,0.0,47611,0,393084,24,0.0,0.0,0.93,0.21,1.14,8.59,0.21,0.05,0.26,1.9,26.0,445.0,52.0,85.1,301.0,34.0,130.0,236.0,47.0,23.8,371.0,47.0,,,,33,,Niclas,Füllkrug,Füllkrug,has joined AC Milan on loan for the rest of the season.,,407,0,0,1,11,0,0,0,0,0,0,5,19,,,,0.0,0.22,2.43,1.11,4.2,2,7,10
626,u,0.0,0.0,4.3,611,85.0,0,0.0,-2,2.0,0.5,267,41.0,2,0,1.0,471.0,58.0,0,0,0.0,548.0,56.0,0.0,0.5,0.0,63604,0,107817,56,0.0,0.0,0.13,0.0,0.13,1.55,0.2,0.0,0.2,2.41,1.2,503.0,58.0,0.1,488.0,61.0,7.0,429.0,59.0,0.8,491.0,59.0,,,,33,,Callum,Marshall,Marshall,has joined VfL Bochum 1848 on loan for the rest of the season.,,58,0,0,0,2,0,0,0,0,0,0,0,3,,,,0.0,0.0,3.1,0.0,4.66,0,2,1
659,a,,,4.2,631,142.0,0,0.0,-3,3.0,0.2,358,131.0,38,0,2.0,339.0,124.0,0,158,2.0,145.0,56.0,0.5,9.0,0.0,32133,89,54707,53,2.0,2.0,1.13,0.34,1.47,21.72,0.1,0.03,0.13,1.87,229.4,260.0,106.0,115.1,264.0,74.0,102.0,266.0,75.0,44.7,296.0,98.0,,,,33,,Kyle,Walker-Peters,Walker-Peters,,,1044,1,0,2,22,0,0,0,2,0,0,11,102,,,,0.0,0.17,1.9,0.95,6.81,38,41,44
671,a,100.0,100.0,5.8,100,28.0,0,0.0,-2,2.0,0.5,265,40.0,66,0,2.5,271.0,30.0,7,228,0.7,289.0,40.0,0.1,11.4,0.0,206178,222,221242,110,0.7,0.7,6.48,0.37,6.85,18.82,0.56,0.03,0.59,1.62,228.0,262.0,24.0,95.8,287.0,30.0,404.0,55.0,22.0,71.6,199.0,24.0,,,,33,,Callum,Wilson,Wilson,,,1045,5,2,1,19,0,0,0,0,0,0,10,37,,,,0.0,0.09,1.64,0.86,3.19,3,9,25
679,a,,,4.2,638,34.0,0,0.0,-3,3.0,0.6,251,34.0,52,0,4.3,42.0,3.0,8,191,3.0,97.0,9.0,0.7,12.4,0.0,65073,1249,50990,212,3.0,3.0,0.0,0.01,0.01,15.03,0.0,0.0,0.0,1.25,299.6,218.0,23.0,0.0,631.0,82.0,0.0,605.0,71.0,30.0,350.0,23.0,,,,33,,Mads,Hermansen,Hermansen,,,1080,0,0,5,20,0,0,0,0,0,41,12,34,,,,3.42,0.42,1.67,1.0,0.0,0,16,111
708,a,100.0,100.0,5.5,150,95.0,0,0.0,0,0.0,0.4,287,99.0,109,0,3.6,109.0,49.0,6,543,1.3,213.0,97.0,0.2,19.8,0.0,126465,586,84330,381,1.3,1.3,1.25,2.46,3.71,39.35,0.05,0.09,0.14,1.43,538.2,78.0,23.0,529.7,34.0,31.0,112.0,252.0,138.0,118.1,76.0,47.0,4.0,,,33,,Mateus Gonçalo,Espanha Fernandes,M.Fernandes,,,2477,3,3,6,42,0,0,0,7,0,0,29,299,,,,0.0,0.22,1.53,1.05,10.86,82,71,146
718,a,,,5.0,277,171.0,0,0.0,0,0.0,0.0,659,262.0,41,0,2.0,348.0,151.0,2,182,0.7,284.0,133.0,0.1,8.2,0.0,5504,4,5057,5,0.7,0.7,0.44,0.32,0.76,18.93,0.04,0.03,0.07,1.76,181.4,299.0,130.0,83.1,306.0,174.0,44.0,343.0,179.0,30.9,346.0,168.0,,,,33,,Soungoutou,Magassa,S.Magassa,,,969,1,0,2,23,0,0,0,4,0,0,11,126,,,,0.0,0.19,2.14,1.02,11.7,40,33,53
747,a,,,4.0,731,201.0,0,0.0,0,0.0,0.0,626,224.0,6,0,1.0,461.0,168.0,0,18,0.0,489.0,194.0,0.0,1.5,0.0,2720,7,2341,10,0.0,0.0,0.12,0.49,0.61,3.21,0.1,0.39,0.49,2.56,21.8,454.0,166.0,34.9,377.0,135.0,9.0,420.0,158.0,6.6,443.0,160.0,,,,33,,Ezra,Mayers,Mayers,,,113,0,0,0,3,0,0,0,0,0,0,0,5,,,,0.0,0.0,2.39,0.0,3.98,0,5,6
752,a,,,4.0,741,211.0,0,0.0,0,0.0,0.0,642,229.0,0,0,0.0,638.0,247.0,0,0,0.0,498.0,203.0,0.0,0.0,0.0,2337,20,2156,9,0.0,0.0,0.0,0.0,0.0,0.0,0.0,0.0,0.0,0.0,0.0,629.0,247.0,0.0,621.0,247.0,0.0,592.0,245.0,0.0,631.0,247.0,,,,33,,Airidas,Golambeckis,Golambeckis,,,0,0,0,0,0,0,0,0,0,0,0,0,0,,,,0.0,0.0,0.0,0.0,0.0,0,0,0
758,a,,,4.5,508,316.0,0,0.0,0,0.0,0.0,734,306.0,7,0,0.9,512.0,238.0,0,22,0.3,327.0,153.0,0.1,1.6,0.0,2123,11,1337,9,0.3,0.3,0.07,0.03,0.1,0.99,0.2,0.08,0.28,2.78,10.4,465.0,206.0,12.6,420.0,209.0,8.0,424.0,206.0,2.7,468.0,210.0,,,,33,,Mohamadou,Kanté,Mohamadou Kanté,,,32,0,0,0,0,0,0,0,1,0,0,0,11,,,,0.0,0.0,0.0,0.0,30.94,4,1,6
815,a,,,4.5,423,84.0,0,0.0,0,0.0,0.1,450,169.0,27,0,3.4,131.0,48.0,0,112,2.3,131.0,51.0,0.5,6.0,0.0,21828,266,7650,79,2.3,2.3,1.1,0.01,1.11,9.59,0.14,0.0,0.14,1.2,118.0,356.0,135.0,14.5,411.0,149.0,80.0,292.0,85.0,21.3,382.0,132.0,,,,33,,Axel,Disasi,Disasi,,,720,0,0,4,9,1,0,0,0,0,0,8,45,,,,0.0,0.5,1.12,1.0,5.62,6,39,17
627,i,0.0,0.0,4.4,524,25.0,0,0.0,-1,1.0,0.1,435,63.0,21,0,1.8,371.0,33.0,0,117,0.0,559.0,86.0,0.0,4.8,0.0,20833,8,25955,82,0.0,0.0,0.0,0.02,0.02,18.59,0.0,0.0,0.0,1.55,308.0,211.0,22.0,0.1,489.0,15.0,0.0,634.0,74.0,30.8,347.0,22.0,,,,33,,Sam,Johnstone,Johnstone,Shoulder injury - Expected back 24 May,,1080,0,0,0,24,1,0,0,0,0,39,12,71,,,,3.25,0.0,2.0,1.0,0.0,2,24,107
628,d,75.0,100.0,4.2,630,31.0,0,0.0,-3,3.0,1.2,180,22.0,57,0,2.9,200.0,23.0,6,255,0.5,295.0,24.0,0.1,13.6,0.0,120538,251,202581,895,0.0,0.0,0.0,0.03,0.03,31.75,0.0,0.0,0.0,1.59,432.8,128.0,19.0,10.0,429.0,9.0,0.0,602.0,68.0,44.6,297.0,19.0,,,,33,,José,Malheiro de Sá,José Sá,Shoulder injury - 75% chance of playing,,1800,0,0,4,34,0,0,0,2,0,53,20,40,,,,2.65,0.2,1.7,1.0,0.0,0,41,181
629,a,100.0,100.0,3.9,747,70.0,0,0.0,-1,1.0,0.5,274,35.0,2,2,2.0,337.0,31.0,0,5,1.0,221.0,15.0,0.3,0.5,0.0,21330,155,53751,44,0.5,0.5,0.0,0.0,0.0,2.82,0.0,0.0,0.0,2.82,27.6,443.0,33.0,0.0,522.0,24.0,0.0,490.0,11.0,2.8,465.0,33.0,,,,33,,Daniel,Bentley,Bentley,,,90,0,0,0,3,0,0,0,0,0,3,1,0,,,,3.0,0.0,3.0,1.0,0.0,0,2,5
631,u,0.0,0.0,4.2,642,150.0,0,0.0,-3,3.0,0.1,462,171.0,23,0,1.6,399.0,148.0,0,86,0.0,514.0,214.0,0.0,5.5,0.0,24605,0,63607,9,0.0,0.0,0.57,0.4,0.97,18.26,0.05,0.03,0.08,1.49,312.2,207.0,81.0,76.0,313.0,103.0,75.0,298.0,89.0,46.4,287.0,93.0,,,,33,,Emmanuel,Agbadou,Agbadou,has joined Besiktas permanently.,,1100,0,0,0,29,0,0,0,1,1,0,12,156,,,,0.0,0.0,2.37,0.98,10.23,32,93,65
632,d,75.0,75.0,4.4,522,100.0,0,0.0,-1,1.0,0.1,512,183.0,12,0,1.2,442.0,158.0,0,47,0.0,557.0,227.0,0.0,2.7,0.0,6753,1,21031,16,-0.4,-0.4,0.09,0.19,0.28,13.21,0.01,0.02,0.03,1.69,116.2,359.0,137.0,50.8,353.0,125.0,18.0,394.0,141.0,18.6,391.0,137.0,,,,33,,Matt,Doherty,Doherty,Muscle injury - 75% chance of playing,,702,0,0,1,14,0,0,0,4,0,0,10,68,,,,0.0,0.13,1.79,1.28,7.31,13,44,27
633,a,100.0,100.0,4.3,597,137.0,0,0.0,-2,2.0,0.2,374,137.0,73,0,2.4,278.0,106.0,4,287,0.0,534.0,224.0,0.0,17.0,0.0,57979,154,45933,212,-0.5,-0.5,0.55,3.0,3.55,37.37,0.02,0.13,0.15,1.58,494.8,98.0,42.0,596.0,28.0,2.0,154.0,201.0,50.0,124.8,67.0,12.0,1.0,,,33,,Hugo,Bueno López,H.Bueno,,,2126,1,2,4,40,0,0,0,2,0,0,23,186,,,,0.0,0.17,1.69,0.97,6.52,58,96,107
634,s,0.0,0.0,4.3,603,138.0,0,0.0,-2,2.0,0.1,500,179.0,51,0,2.2,312.0,116.0,3,196,0.0,540.0,225.0,0.0,11.9,0.0,19430,3,18199,177,0.0,0.0,1.65,0.53,2.18,31.57,0.08,0.03,0.11,1.6,355.0,183.0,76.0,136.5,240.0,62.0,219.0,136.0,26.0,71.1,200.0,69.0,,,,33,,Yerson,Mosquera Valdelamar,Mosquera,Suspended until 02 May,,1777,0,0,4,34,2,0,0,11,0,0,20,188,,,,0.0,0.2,1.72,1.01,8.91,50,126,79
635,a,100.0,100.0,4.4,546,117.0,0,0.0,-1,1.0,0.1,526,188.0,36,1,2.1,325.0,120.0,0,74,0.5,299.0,94.0,0.1,8.2,0.0,14238,44,16932,68,0.0,0.0,1.8,0.31,2.11,10.75,0.25,0.04,0.29,1.49,171.6,309.0,119.0,65.8,329.0,110.0,188.0,166.0,37.0,42.6,303.0,101.0,,,,33,,Rodrigo,Martins Gomes,R.Gomes,,,651,3,0,0,15,0,0,0,0,0,0,6,50,,,,0.0,0.0,2.07,0.83,4.98,17,19,21
636,a,100.0,100.0,4.4,534,109.0,0,0.0,-1,1.0,0.1,448,167.0,75,3,3.1,183.0,74.0,2,264,1.5,191.0,71.0,0.3,17.0,0.0,33470,232,28732,93,1.0,1.0,1.67,1.06,2.73,37.95,0.07,0.05,0.12,1.62,491.4,99.0,43.0,99.9,280.0,85.0,170.0,184.0,43.0,76.0,177.0,59.0,,,,33,,Santiago,Ignacio Bueno,S.Bueno,,,2102,2,2,4,40,0,0,0,4,0,0,23,195,,,,0.0,0.17,1.71,0.98,7.66,47,132,55
638,u,0.0,0.0,3.8,801,243.0,0,0.0,-2,2.0,0.9,204,79.0,10,0,1.2,440.0,156.0,0,38,0.0,373.0,130.0,0.0,2.6,0.0,121813,0,267972,213,0.0,0.0,0.02,0.36,0.38,9.36,0.0,0.08,0.08,1.99,101.4,372.0,142.0,87.8,299.0,94.0,13.0,405.0,150.0,20.3,387.0,135.0,,,,33,,Ki-Jana,Hoever,Hoever,has joined Sheffield United on loan for the rest of the season.,,423,0,0,0,13,0,0,0,0,0,0,6,46,,,,0.0,0.0,2.77,1.28,8.51,13,27,16
640,a,100.0,100.0,4.0,739,209.0,0,0.0,0,0.0,0.4,297,110.0,4,1,1.0,463.0,170.0,0,2,0.5,294.0,92.0,0.1,1.0,0.0,10624,36,90376,39,0.0,0.0,0.02,0.0,0.02,1.83,0.04,0.0,0.04,3.43,0.2,510.0,179.0,0.8,475.0,173.0,7.0,427.0,162.0,0.7,493.0,172.0,,,,33,,Pedro,Cardoso de Lima,Pedro Lima,,,48,0,0,0,2,0,0,0,0,0,0,0,1,,,,0.0,0.0,3.75,0.0,1.88,0,1,4
641,u,0.0,0.0,3.9,778,226.0,0,0.0,-1,1.0,0.9,198,76.0,0,0,0.0,567.0,205.0,0,0,0.0,414.0,151.0,0.0,0.0,0.0,85684,0,151225,161,0.0,0.0,0.0,0.0,0.0,0.0,0.0,0.0,0.0,0.0,0.0,557.0,204.0,0.0,545.0,204.0,0.0,513.0,199.0,0.0,559.0,204.0,,,,33,,Alfie,Pond,Pond,has joined Crewe Alexandra on loan for the rest of the season.,,0,0,0,0,0,0,0,0,0,0,0,0,0,,,,0.0,0.0,0.0,0.0,0.0,0,0,0
642,a,100.0,100.0,5.6,124,77.0,0,0.0,-4,4.0,0.1,465,160.0,46,1,2.1,334.0,145.0,0,130,1.0,246.0,111.0,0.2,8.2,0.0,50242,124,60574,53,0.5,0.5,2.14,0.93,3.07,19.3,0.16,0.07,0.23,1.47,133.4,340.0,154.0,155.6,217.0,138.0,149.0,210.0,115.0,43.1,302.0,150.0,,2.0,3.0,33,,Hwang,Hee-chan,Hee Chan,,,1178,2,1,2,24,0,0,0,3,0,0,15,71,,,,0.0,0.15,1.83,1.15,5.42,8,23,40
643,a,100.0,100.0,5.2,213,131.0,0,0.0,-3,3.0,0.1,453,154.0,85,4,2.8,222.0,90.0,4,415,4.0,60.0,26.0,0.8,16.3,0.0,22544,430,21629,154,3.5,3.5,0.45,0.84,1.29,41.52,0.02,0.03,0.05,1.62,372.4,172.0,63.0,262.2,141.0,95.0,38.0,352.0,181.0,67.2,211.0,104.0,,,,33,,André,Trindade da Costa Neto,André,,,2310,1,0,2,46,0,0,0,9,0,0,25,325,,,,0.0,0.08,1.79,0.97,12.66,71,80,174
644,a,100.0,100.0,5.1,230,140.0,0,0.0,-4,4.0,0.0,588,220.0,42,2,1.8,381.0,163.0,0,195,1.5,198.0,87.0,0.3,8.2,0.0,6882,23,12533,15,1.0,1.0,1.04,0.99,2.03,22.92,0.08,0.07,0.15,1.71,186.6,294.0,126.0,181.5,196.0,129.0,145.0,215.0,119.0,50.9,276.0,140.0,,4.0,,33,,Jean-Ricner,Bellegarde,Bellegarde,,,1205,1,1,3,29,0,0,0,5,0,0,15,101,,,,0.0,0.22,2.17,1.12,7.54,28,32,41
645,u,0.0,0.0,5.1,242,146.0,0,0.0,-4,4.0,0.0,662,263.0,12,0,1.3,438.0,196.0,0,38,0.0,765.0,331.0,0.0,2.4,0.0,1383,0,4970,1,0.0,0.0,0.16,0.61,0.77,3.98,0.06,0.24,0.3,1.57,29.0,440.0,195.0,61.0,339.0,183.0,37.0,354.0,183.0,12.4,415.0,190.0,,,,33,,Fer,López González,Fer López,has joined Celta Vigo on loan for the rest of the season.,,228,0,1,0,9,0,0,0,1,0,0,2,12,,,,0.0,0.0,3.55,0.79,4.74,1,1,10
646,a,100.0,100.0,5.3,194,122.0,0,0.0,-2,2.0,0.4,292,103.0,96,2,3.1,192.0,75.0,6,472,2.0,159.0,62.0,0.4,18.1,0.0,99139,458,68761,710,1.5,1.5,1.19,1.89,3.08,43.81,0.04,0.07,0.11,1.6,420.2,135.0,45.0,308.9,111.0,80.0,157.0,197.0,108.0,89.1,145.0,78.0,,3.0,,33,,João Victor,Gomes da Silva,J.Gomes,,,2471,1,2,4,50,0,0,0,9,0,0,28,338,,,,0.0,0.15,1.82,1.02,12.31,89,75,174
648,u,0.0,0.0,5.3,192,121.0,0,0.0,-2,2.0,0.0,630,244.0,38,0,2.9,208.0,83.0,1,131,0.0,773.0,336.0,0.0,7.2,0.0,19177,0,23197,6,0.0,0.0,1.64,0.38,2.02,13.36,0.17,0.04,0.21,1.38,163.6,320.0,144.0,61.8,337.0,182.0,196.0,157.0,88.0,42.1,305.0,151.0,,,,33,,Marshall,Munetsi,Munetsi,has joined Paris FC on loan for the rest of the season.,,872,1,2,0,19,0,0,0,2,0,0,9,80,,,,0.0,0.0,1.96,0.93,8.26,21,39,20
649,u,0.0,0.0,5.0,263,160.0,0,0.0,0,0.0,0.0,820,365.0,0,0,0.0,795.0,349.0,0,0,0.0,748.0,317.0,0.0,0.0,0.0,0,0,162,0,0.0,0.0,0.0,0.0,0.0,0.0,0.0,0.0,0.0,0.0,0.0,794.0,348.0,0.0,792.0,348.0,0.0,787.0,346.0,0.0,794.0,348.0,,,,33,,Boubacar,Traoré,B.Traore,Has joined FC Metz on loan for the rest of the season.,,0,0,0,0,0,0,0,0,0,0,0,0,0,,,,0.0,0.0,0.0,0.0,0.0,0,0,0
650,u,0.0,0.0,4.3,600,354.0,0,0.0,-2,2.0,0.2,382,130.0,2,0,1.0,468.0,202.0,0,4,0.0,537.0,175.0,0.0,0.5,0.0,30885,0,49147,26,0.0,0.0,0.0,0.0,0.0,0.5,0.0,0.0,0.0,1.8,3.2,491.0,224.0,0.3,484.0,235.0,0.0,618.0,230.0,0.4,502.0,228.0,,,,33,,Tawanda,Chirewa,Chirewa,has joined Barnsley on loan for the rest of the season.,,25,0,0,0,0,0,0,0,0,0,0,0,4,,,,0.0,0.0,0.0,0.0,14.4,2,1,1
651,a,,,4.3,615,364.0,0,0.0,-2,2.0,0.4,291,102.0,7,0,3.5,115.0,54.0,0,24,0.5,298.0,140.0,0.1,1.6,0.0,67868,29,72803,143,0.0,0.0,0.23,0.0,0.23,0.2,1.88,0.0,1.88,1.64,34.4,433.0,190.0,0.4,481.0,232.0,23.0,382.0,192.0,5.8,449.0,201.0,,,,33,,Tom,Edozie,Edozie,,,11,1,0,0,0,0,0,0,0,0,0,0,1,,,,0.0,0.0,0.0,0.0,8.18,0,0,1
652,a,,,4.3,614,363.0,0,0.0,-2,2.0,1.2,178,62.0,0,0,0.0,664.0,253.0,0,0,0.0,550.0,183.0,0.0,0.0,0.0,201282,94,251043,301,-0.5,-0.5,0.0,0.0,0.0,0.0,0.0,0.0,0.0,0.0,0.0,654.0,243.0,0.0,650.0,248.0,0.0,627.0,237.0,0.0,656.0,245.0,,,,33,,Enso,González Medina,Gonzalez,,,0,0,0,0,0,0,0,0,0,0,0,0,0,,,,0.0,0.0,0.0,0.0,0.0,0,0,0
653,u,0.0,0.0,4.5,427,254.0,0,0.0,0,0.0,0.0,667,267.0,0,0,0.0,702.0,274.0,0,0,0.0,607.0,211.0,0.0,0.0,0.0,0,0,5796,1,0.0,0.0,0.0,0.0,0.0,0.0,0.0,0.0,0.0,0.0,0.0,696.0,268.0,0.0,691.0,271.0,0.0,673.0,263.0,0.0,698.0,270.0,,,,33,,Joe,Hodge,Hodge,Signed by CD Tondela,,0,0,0,0,0,0,0,0,0,0,0,0,0,,,,0.0,0.0,0.0,0.0,0.0,0,0,0
682,a,,,4.2,639,147.0,0,0.0,-3,3.0,0.1,552,198.0,29,0,1.6,398.0,147.0,0,69,0.0,512.0,212.0,0.0,6.9,0.0,4978,7,9638,16,-0.5,-0.5,0.13,1.04,1.17,17.48,0.01,0.11,0.12,1.88,142.0,335.0,127.0,110.8,268.0,76.0,46.0,339.0,110.0,30.0,351.0,118.0,,,,33,,David,Møller Wolfe,Møller Wolfe,,,839,0,2,1,20,0,0,0,1,0,0,9,48,,,,0.0,0.11,2.15,0.97,4.61,9,34,20
695,a,,,4.4,553,119.0,0,0.0,-1,1.0,0.0,629,225.0,51,0,1.7,390.0,144.0,0,152,0.0,578.0,236.0,0.0,11.6,0.0,6946,7,6391,22,-0.5,-0.5,0.33,1.59,1.92,30.68,0.02,0.08,0.1,1.51,315.6,203.0,80.0,345.3,88.0,22.0,69.0,306.0,93.0,73.1,186.0,64.0,,,,33,,Jackson,Tchatchoua,Tchatchoua,,,1830,0,1,3,37,0,0,0,3,0,0,19,133,,,,0.0,0.15,1.82,0.93,5.31,29,79,62
709,d,75.0,100.0,4.5,430,88.0,0,0.0,0,0.0,0.1,538,192.0,60,1,2.3,299.0,110.0,0,204,0.5,300.0,95.0,0.1,13.3,0.0,26634,58,21807,111,0.0,0.0,2.17,1.44,3.61,38.14,0.09,0.06,0.15,1.56,502.0,94.0,40.0,132.6,245.0,65.0,267.0,103.0,11.0,90.5,140.0,45.0,,,,33,,Ladislav,Krejcí,Krejčí,Neck - 75% chance of playing,,2201,2,1,3,44,1,0,0,3,1,0,25,204,,,,0.0,0.12,1.8,1.02,7.4,28,153,72
720,a,,,5.2,211,49.0,0,0.0,-3,3.0,0.1,445,64.0,60,0,2.1,330.0,36.0,4,202,0.5,314.0,43.0,0.1,11.5,0.0,66552,160,54068,184,0.0,0.0,4.63,0.36,4.99,21.05,0.33,0.03,0.36,1.52,223.8,266.0,26.0,172.9,200.0,19.0,475.0,39.0,17.0,86.4,149.0,20.0,,,5.0,33,,Tolu,Arokodare,Tolu,,,1250,3,2,3,26,0,0,1,1,0,0,12,71,,,,0.0,0.22,1.87,0.86,5.11,6,41,24
749,a,,,4.3,623,87.0,0,0.0,-2,2.0,1.4,167,24.0,55,1,2.5,265.0,28.0,6,215,1.0,227.0,31.0,0.2,12.8,0.0,564364,1318,412565,1327,0.5,0.5,1.48,1.7,3.18,26.45,0.1,0.11,0.21,1.75,224.6,265.0,25.0,258.1,146.0,11.0,209.0,146.0,34.0,68.5,208.0,26.0,2.0,1.0,,33,,Mateus,Mané,Mané,,,1361,2,2,5,24,0,0,0,0,0,0,14,103,,,,0.0,0.33,1.59,0.93,6.81,20,28,55
766,a,,,4.0,730,200.0,0,0.0,0,0.0,0.0,638,228.0,0,0,0.0,631.0,240.0,0,0,0.0,488.0,193.0,0.0,0.0,0.0,3812,31,2178,27,-0.5,-0.5,0.0,0.0,0.0,0.0,0.0,0.0,0.0,0.0,0.0,622.0,240.0,0.0,614.0,240.0,0.0,584.0,237.0,0.0,624.0,240.0,,,,33,,Saheed,Olagunju,Olagunju,,,0,0,0,0,0,0,0,0,0,0,0,0,0,,,,0.0,0.0,0.0,0.0,0.0,0,0,0
767,a,,,4.5,497,307.0,0,0.0,0,0.0,0.0,766,326.0,0,0,0.0,750.0,315.0,0,0,0.0,669.0,261.0,0.0,0.0,0.0,1222,6,807,7,-0.5,-0.5,0.0,0.0,0.0,0.0,0.0,0.0,0.0,0.0,0.0,748.0,313.0,0.0,741.0,313.0,0.0,728.0,309.0,0.0,748.0,313.0,,,,33,,Luke,Rawlings,Rawlings,,,0,0,0,0,0,0,0,0,0,0,0,0,0,,,,0.0,0.0,0.0,0.0,0.0,0,0,0
9,u,0.0,0.0,5.4,169,20.0,0,0.0,-1,1.0,0.0,596,213.0,0,0,0.0,811.0,268.0,0,0,0.0,785.0,262.0,0.0,0.0,0.0,1119,0,10933,2,0.0,0.0,0.0,0.0,0.0,0.0,0.0,0.0,0.0,0.0,0.0,810.0,268.0,0.0,809.0,268.0,0.0,807.0,268.0,0.0,810.0,268.0,,,,33,,Jakub,Kiwior,Kiwior,has joined Porto on loan for the rest of the season.,,0,0,0,0,0,0,0,0,0,0,0,0,0,,,,0.0,0.0,0.0,0.0,0.0,0,0,0
405,a,,,5.2,202,27.0,0,0.0,-3,3.0,0.6,245,93.0,28,1,1.9,360.0,133.0,1,117,0.3,334.0,106.0,0.1,5.4,0.0,46759,66,88369,157,0.0,1.1,0.28,0.44,0.72,7.92,0.05,0.08,0.13,1.46,104.0,368.0,140.0,93.1,292.0,90.0,25.0,378.0,131.0,22.3,378.0,131.0,,,,33,,Nathan,Aké,Aké,,,488,0,0,2,7,0,0,0,1,0,0,4,42,,,,0.0,0.37,1.29,0.74,7.19,9,30,12
35,u,0.0,0.0,4.0,687,51.0,0,0.0,0,0.0,0.0,756,87.0,0,0,0.0,596.0,73.0,0,0,0.0,447.0,64.0,0.0,0.0,0.0,0,0,1285,0,0.0,0.0,0.0,0.0,0.0,0.0,0.0,0.0,0.0,0.0,0.0,586.0,73.0,0.0,577.0,60.0,0.0,546.0,47.0,0.0,588.0,73.0,,,,33,,Filip,Marschall,Marschall,Has joined Stevenage permanently.,,0,0,0,0,0,0,0,0,0,0,0,0,0,,,,0.0,0.0,0.0,0.0,0.0,0,0,0
36,a,100.0,100.0,4.7,382,64.0,0,0.0,2,-2.0,8.3,46,15.0,108,1,3.6,105.0,36.0,6,404,2.7,116.0,43.0,0.6,23.0,0.0,2902047,6619,2255822,2533,2.7,2.7,1.13,2.72,3.85,40.1,0.04,0.09,0.13,1.38,558.0,67.0,32.0,427.7,61.0,10.0,212.0,141.0,27.0,119.8,74.0,15.0,3.0,,,33,,Matty,Cash,Cash,,,2622,3,2,8,31,0,0,0,8,0,0,30,185,,,,0.0,0.27,1.06,1.03,5.56,53,109,80
198,a,100.0,100.0,3.9,756,215.0,0,0.0,-1,1.0,0.9,205,80.0,27,0,2.5,261.0,101.0,0,81,0.0,398.0,145.0,0.0,6.9,0.0,137959,27,299939,121,0.0,-1.5,0.61,0.11,0.72,24.88,0.06,0.01,0.07,2.41,225.2,264.0,107.0,9.8,436.0,154.0,52.0,333.0,107.0,28.9,356.0,121.0,,,,33,,Axel,Tuanzebe,Tuanzebe,,,931,1,0,1,22,1,0,0,1,0,0,11,106,,,,0.0,0.1,2.13,1.06,9.38,12,85,29
199,a,100.0,100.0,3.8,794,236.0,0,0.0,-2,2.0,0.2,368,134.0,20,0,1.8,366.0,134.0,0,40,0.0,368.0,125.0,0.0,5.3,0.0,31396,10,27801,175,0.0,-1.5,0.08,0.02,0.1,11.68,0.01,0.0,0.01,2.12,147.4,332.0,126.0,1.5,467.0,170.0,19.0,390.0,138.0,17.0,396.0,141.0,,,,33,,Joe,Worrall,Worrall,,,496,0,0,0,11,0,0,0,0,0,0,5,77,,,,0.0,0.0,2.0,0.91,13.79,4,72,10
200,a,100.0,100.0,5.0,261,158.0,0,0.0,-5,5.0,2.0,137,45.0,109,2,3.4,137.0,58.0,6,434,1.5,196.0,85.0,0.3,21.8,0.0,1283138,101,1125700,2055,0.0,1.5,4.31,2.64,6.95,50.46,0.17,0.1,0.27,1.99,508.4,89.0,29.0,484.3,47.0,42.0,523.0,32.0,16.0,151.5,35.0,26.0,2.0,,,33,,Jaidon,Anthony,Anthony,,,2280,7,3,4,51,0,0,0,4,0,0,27,202,,,,0.0,0.16,2.01,1.07,7.97,36,44,122
73,a,100.0,100.0,4.4,520,98.0,0,0.0,-1,1.0,0.2,384,141.0,39,0,2.1,324.0,119.0,2,123,0.3,326.0,104.0,0.1,8.9,0.0,28500,34,42854,96,0.0,0.6,0.0,0.2,0.2,13.96,0.0,0.02,0.02,1.56,120.8,350.0,133.0,59.3,342.0,117.0,18.0,393.0,140.0,19.8,389.0,136.0,,,,33,,Adam,Smith,Smith,,,805,0,1,4,15,0,0,0,3,0,0,11,56,,,,0.0,0.45,1.68,1.23,5.93,12,41,22
74,a,,,4.7,392,67.0,0,0.0,2,-2.0,4.5,83,27.0,136,10,4.1,51.0,21.0,14,483,4.7,37.0,14.0,1.0,28.9,0.0,987350,4269,484031,8893,0.0,9.4,0.92,2.47,3.39,47.97,0.03,0.08,0.11,1.47,713.0,29.0,11.0,442.7,56.0,8.0,146.0,213.0,53.0,130.2,60.0,9.0,,,,33,,Adrien,Truffert,Truffert,,,2928,1,4,9,47,0,0,0,4,0,0,33,318,,,,0.0,0.28,1.44,1.01,8.24,86,182,165
146,a,100.0,0.0,4.5,410,74.0,0,0.0,0,0.0,0.9,207,81.0,82,0,2.8,217.0,86.0,3,389,0.2,350.0,113.0,0.0,18.2,0.0,166227,114,222526,404,0.0,0.0,1.3,0.51,1.81,38.31,0.05,0.02,0.07,1.34,573.4,63.0,30.0,108.6,270.0,78.0,154.0,202.0,51.0,83.8,154.0,52.0,,3.0,,33,,Lewis,Dunk,Dunk,,,2565,0,1,6,35,0,0,0,10,0,0,28,259,,,,0.0,0.21,1.23,0.98,7.61,33,184,120
147,u,0.0,0.0,4.5,421,82.0,0,0.0,0,0.0,0.0,751,257.0,0,0,0.0,698.0,257.0,0,0,0.0,602.0,239.0,0.0,0.0,0.0,0,0,1989,0,0.0,0.0,0.0,0.0,0.0,0.0,0.0,0.0,0.0,0.0,0.0,692.0,257.0,0.0,687.0,257.0,0.0,668.0,256.0,0.0,694.0,257.0,,,,33,,Pervis,Estupiñán Tenorio,Estupiñan,Has joined AC Milan permanently,,0,0,0,0,0,0,0,0,0,0,0,0,0,,,,0.0,0.0,0.0,0.0,0.0,0,0,0
148,a,,,4.4,533,108.0,0,0.0,-1,1.0,0.7,237,89.0,93,1,2.9,202.0,81.0,4,430,2.2,142.0,53.0,0.5,21.1,0.0,143543,75,83607,1624,0.0,3.9,1.74,2.44,4.18,38.54,0.06,0.08,0.14,1.29,416.6,138.0,60.0,361.1,81.0,18.0,206.0,150.0,32.0,98.6,113.0,31.0,,,,33,,Ferdi,Kadıoğlu,F.Kadıoğlu,,,2680,0,2,8,34,0,0,0,6,0,0,29,183,,,,0.0,0.27,1.14,0.97,5.14,54,99,115
149,a,100.0,100.0,4.5,425,85.0,0,0.0,0,0.0,0.1,510,182.0,6,0,1.5,410.0,152.0,0,10,0.0,605.0,241.0,0.0,1.3,0.0,10969,27,11023,58,0.0,-0.5,0.0,0.0,0.0,4.66,0.0,0.0,0.0,4.07,25.8,446.0,163.0,10.6,425.0,153.0,0.0,671.0,258.0,3.6,462.0,166.0,,,,33,,Igor Julio,dos Santos de Paulo,Igor,,,103,0,0,0,3,0,0,0,0,0,0,1,13,,,,0.0,0.0,2.62,0.87,11.36,0,13,3
170,d,25.0,25.0,4.9,284,176.0,0,0.0,-1,1.0,0.1,470,163.0,34,0,1.8,377.0,160.0,0,153,0.5,306.0,145.0,0.1,6.9,0.0,19506,4,24490,81,0.0,0.1,1.03,0.65,1.68,11.32,0.13,0.08,0.21,1.43,137.6,338.0,152.0,149.5,224.0,144.0,59.0,324.0,170.0,34.4,334.0,164.0,,,1.0,33,,James,Milner,Milner,Knock - 25% chance of playing,,714,1,1,2,14,0,0,0,2,0,0,6,76,,,,0.0,0.25,1.76,0.76,9.58,14,24,38
171,u,0.0,0.0,4.9,325,201.0,0,0.0,-1,1.0,0.0,715,294.0,0,0,0.0,784.0,341.0,0,0,0.0,729.0,304.0,0.0,0.0,0.0,197,0,2981,1,0.0,0.0,0.0,0.0,0.0,0.0,0.0,0.0,0.0,0.0,0.0,783.0,340.0,0.0,779.0,340.0,0.0,775.0,338.0,0.0,783.0,340.0,,,,33,,Jeremy,Sarmiento Morante,Sarmiento,has joined Middlesbrough on loan for the rest of the season.,,0,0,0,0,0,0,0,0,0,0,0,0,0,,,,0.0,0.0,0.0,0.0,0.0,0,0,0
172,u,0.0,0.0,4.8,373,233.0,0,0.0,-2,2.0,0.0,654,258.0,5,0,0.8,519.0,240.0,0,15,0.0,707.0,288.0,0.0,1.0,0.0,2397,0,4288,2,0.0,0.0,0.04,0.03,0.07,1.72,0.06,0.05,0.11,2.72,6.0,480.0,216.0,2.4,462.0,221.0,7.0,431.0,207.0,1.6,478.0,217.0,,,,33,,Tom,Watson,Watson,has joined Millwall on loan for the rest of the season.,,57,0,0,0,2,0,0,0,1,0,0,0,5,,,,0.0,0.0,3.16,0.0,7.89,1,0,4
237,a,100.0,100.0,6.5,51,32.0,0,0.0,0,0.0,12.4,27,10.0,131,2,4.2,49.0,21.0,14,597,1.0,257.0,117.0,0.2,20.2,0.0,5610711,1407,4759266,19696,0.0,2.5,10.76,6.2,16.96,36.58,0.36,0.21,0.57,1.24,710.6,31.0,8.0,885.8,4.0,4.0,692.0,21.0,10.0,228.9,4.0,2.0,3.0,2.0,2.0,33,,Enzo,Fernández,Enzo,,,2664,8,4,8,36,0,0,0,8,0,0,30,219,,,,0.0,0.27,1.22,1.01,7.4,49,48,122
238,a,100.0,100.0,6.4,61,40.0,0,0.0,-1,1.0,1.8,143,48.0,58,1,2.6,259.0,107.0,4,172,0.8,272.0,125.0,0.1,9.1,0.0,873474,232,917008,1092,0.0,2.1,2.91,2.14,5.05,10.29,0.31,0.23,0.54,1.1,183.4,297.0,129.0,230.9,165.0,111.0,314.0,89.0,52.0,72.6,190.0,94.0,4.0,,3.0,33,,Estêvão,Almeida de Oliveira Gonçalves,Estêvão,,,839,2,5,4,11,0,0,0,4,0,0,12,56,,,,0.0,0.43,1.18,1.29,6.01,11,9,36
239,d,25.0,25.0,6.0,87,56.0,0,0.0,-5,5.0,0.1,485,169.0,25,0,1.6,405.0,174.0,0,99,0.0,809.0,359.0,0.0,4.2,0.0,17209,1,42132,10,0.0,0.1,0.81,0.94,1.75,8.89,0.15,0.17,0.32,1.65,93.0,380.0,169.0,130.4,248.0,155.0,91.0,279.0,150.0,31.3,344.0,166.0,,,,33,,Jamie,Bynoe-Gittens,Gittens,Hamstring injury - 25% chance of playing,,486,0,2,1,7,0,0,0,0,0,0,5,29,,,,0.0,0.19,1.3,0.93,5.37,8,6,15
240,u,0.0,0.0,5.9,93,61.0,0,0.0,-1,1.0,0.1,527,191.0,0,0,0.0,818.0,365.0,0,0,0.0,806.0,356.0,0.0,0.0,0.0,2668,0,23785,0,0.0,0.0,0.0,0.0,0.0,0.0,0.0,0.0,0.0,0.0,0.0,818.0,365.0,0.0,818.0,365.0,0.0,817.0,365.0,0.0,818.0,365.0,,,,33,,Christopher,Nkunku,Nkunku,has joined AC Milan permanently.,,0,0,0,0,0,0,0,0,0,0,0,0,0,,,,0.0,0.0,0.0,0.0,0.0,0,0,0
241,a,100.0,100.0,5.7,118,74.0,0,0.0,2,-2.0,7.5,54,18.0,100,2,3.6,110.0,50.0,10,503,1.5,200.0,89.0,0.3,17.5,0.0,3284485,533,3248556,3775,0.0,3.5,1.39,2.07,3.46,34.3,0.05,0.08,0.13,1.31,502.6,93.0,30.0,317.9,106.0,76.0,117.0,248.0,135.0,93.5,124.0,72.0,,,,33,,Moisés,Caicedo Corozo,Caicedo,,,2352,3,1,6,37,0,0,0,9,1,0,27,320,,,,0.0,0.23,1.42,1.03,12.24,79,89,152
244,a,100.0,100.0,4.9,335,206.0,0,0.0,-1,1.0,0.0,693,280.0,10,1,1.0,497.0,226.0,0,55,0.8,268.0,123.0,0.2,2.0,0.0,3095,11,4828,12,0.0,2.1,0.14,0.45,0.59,4.65,0.05,0.17,0.22,1.71,25.6,447.0,198.0,36.6,374.0,190.0,11.0,414.0,204.0,7.3,437.0,197.0,,,,33,,Roméo,Lavia,Lavia,,,245,0,0,0,5,0,0,0,0,0,0,2,29,,,,0.0,0.0,1.84,0.73,10.65,5,8,16
304,a,100.0,100.0,4.8,367,229.0,0,0.0,-2,2.0,0.0,617,237.0,58,0,2.4,283.0,119.0,1,195,0.7,277.0,127.0,0.1,12.1,0.0,5936,9,6990,10,0.7,0.2,0.41,0.61,1.02,18.74,0.03,0.05,0.08,1.51,195.8,289.0,123.0,93.8,291.0,171.0,65.0,313.0,165.0,35.3,329.0,161.0,,,,33,,Tim,Iroegbunam,Iroegbunam,,,1117,0,3,8,11,0,0,0,8,0,0,13,148,,,,0.0,0.64,0.89,1.05,11.92,53,32,63
462,a,,,4.3,607,357.0,0,0.0,-2,2.0,0.1,529,193.0,3,0,1.0,470.0,204.0,0,10,0.0,544.0,178.0,0.0,0.7,0.0,15330,9,14452,33,0.5,0.0,0.03,0.02,0.05,1.86,0.03,0.02,0.05,1.56,18.6,456.0,202.0,24.4,391.0,197.0,5.0,435.0,211.0,4.8,457.0,205.0,,,,33,,Jack,Fletcher,J.Fletcher,,,107,0,0,0,0,0,0,0,0,0,0,0,11,,,,0.0,0.0,0.0,0.0,9.25,5,2,4
355,u,0.0,0.0,4.9,316,196.0,0,0.0,-1,1.0,0.0,639,248.0,0,0,0.0,779.0,336.0,0,0,0.0,723.0,299.0,0.0,0.0,0.0,1234,0,10140,1,0.0,0.0,0.0,0.0,0.0,0.0,0.0,0.0,0.0,0.0,0.0,778.0,335.0,0.0,774.0,335.0,0.0,770.0,333.0,0.0,778.0,335.0,,,,33,,Sam,Greenwood,Greenwood,has joined Pogon Szczecin permanently.,,0,0,0,0,0,0,0,0,0,0,0,0,0,,,,0.0,0.0,0.0,0.0,0.0,0,0,0
356,a,,,4.7,391,243.0,0,0.0,-3,3.0,0.1,463,158.0,56,1,2.4,279.0,116.0,3,245,0.5,302.0,142.0,0.1,11.9,0.0,22869,37,16353,241,0.0,1.5,0.49,0.86,1.35,25.27,0.03,0.06,0.09,1.73,199.4,287.0,121.0,171.0,201.0,131.0,64.0,315.0,166.0,43.2,301.0,149.0,4.0,,,33,,Ilia,Gruev,Gruev,,,1318,0,4,5,23,0,0,0,3,0,0,15,114,,,,0.0,0.34,1.57,1.02,7.78,23,40,51
357,u,0.0,0.0,4.9,320,198.0,0,0.0,-1,1.0,0.0,719,298.0,0,0,0.0,781.0,338.0,0,0,0.0,726.0,301.0,0.0,0.0,0.0,203,0,4332,0,0.0,0.0,0.0,0.0,0.0,0.0,0.0,0.0,0.0,0.0,0.0,780.0,337.0,0.0,776.0,337.0,0.0,772.0,335.0,0.0,780.0,337.0,,,,33,,Largie,Ramazani,Ramazani,has joined Valencia on loan for the rest of the season.,,0,0,0,0,0,0,0,0,0,0,0,0,0,,,,0.0,0.0,0.0,0.0,0.0,0,0,0
358,a,100.0,100.0,4.8,360,223.0,0,0.0,-2,2.0,0.2,376,129.0,49,3,2.1,328.0,143.0,2,207,1.5,194.0,84.0,0.3,10.2,0.0,56648,91,64260,180,0.0,3.5,1.3,1.28,2.58,14.63,0.13,0.12,0.25,1.43,179.2,300.0,131.0,261.6,142.0,96.0,95.0,275.0,147.0,53.5,262.0,131.0,,,,33,,Tanaka,Ao,Tanaka,,,922,2,0,3,17,0,0,0,1,0,0,9,98,,,,0.0,0.29,1.66,0.88,9.57,19,26,53
373,a,,,6.2,72,2.0,-1,1.0,2,-2.0,32.7,9,3.0,152,8,4.6,28.0,11.0,10,531,6.7,9.0,4.0,1.1,24.5,0.0,4794054,26247,3995267,4007,7.2,7.2,3.03,1.21,4.24,39.13,0.09,0.04,0.13,1.19,999.0,3.0,1.0,197.7,184.0,48.0,424.0,53.0,2.0,162.1,30.0,1.0,,,,33,,Virgil,van Dijk,Virgil,,,2970,4,1,10,43,0,0,0,4,0,0,33,336,,,,0.0,0.3,1.3,1.0,9.42,23,288,74
374,a,100.0,100.0,5.5,138,16.0,0,0.0,0,0.0,4.1,95,32.0,121,4,3.9,72.0,27.0,8,487,3.3,91.0,34.0,0.6,22.0,0.0,862668,4267,799005,1233,3.8,3.8,1.05,0.93,1.98,32.69,0.04,0.03,0.07,1.11,690.4,36.0,13.0,143.1,232.0,60.0,96.0,273.0,79.0,93.2,126.0,35.0,,,,33,,Ibrahima,Konaté,Konaté,,,2660,1,0,10,35,0,0,0,6,0,0,31,290,,,,0.0,0.34,1.18,1.05,8.97,50,215,101
375,i,0.0,0.0,4.9,332,55.0,0,0.0,-1,1.0,0.1,425,157.0,42,0,2.8,219.0,88.0,2,157,0.0,734.0,255.0,0.0,8.6,0.0,62743,1,72344,22,0.0,0.0,0.18,0.84,1.02,10.77,0.02,0.08,0.1,1.04,157.4,325.0,123.0,105.2,275.0,82.0,62.0,320.0,100.0,32.3,340.0,114.0,,,,33,,Conor,Bradley,Bradley,Knee injury - Expected back 01 Jun,,928,0,2,4,13,0,0,0,5,0,0,12,82,,,,0.0,0.39,1.26,1.16,6.3,19,46,43
82,a,100.0,100.0,8.2,14,9.0,0,0.0,12,-12.0,55.4,2,1.0,178,2,5.7,5.0,2.0,17,588,1.3,219.0,101.0,0.2,21.7,0.0,12589569,5648,6924222,67984,0.0,3.1,10.25,2.39,12.64,43.32,0.33,0.08,0.41,1.41,813.0,10.0,2.0,520.9,35.0,32.0,907.0,5.0,1.0,224.0,5.0,3.0,,4.0,,33,,Antoine,Semenyo,Semenyo,,,2770,15,6,9,48,0,0,1,7,0,0,31,215,,,,0.0,0.29,1.56,1.01,6.99,41,42,132
182,a,,,4.5,431,23.0,0,0.0,-5,5.0,0.9,199,24.0,11,0,3.7,92.0,12.0,0,62,0.0,609.0,90.0,0.0,2.4,0.0,100832,53,274663,111,0.0,0.5,0.0,0.0,0.0,3.97,0.0,0.0,0.0,1.32,100.2,374.0,28.0,0.0,692.0,88.0,0.0,675.0,78.0,10.1,422.0,28.0,,,,33,,James,Trafford,Trafford,,,270,0,0,1,4,0,0,0,0,0,11,3,41,,,,3.67,0.33,1.33,1.0,0.0,2,6,33
260,a,100.0,100.0,5.1,226,31.0,0,0.0,6,-6.0,34.1,7,2.0,151,1,5.0,14.0,3.0,12,574,5.3,24.0,9.0,1.0,29.6,0.0,6438704,7194,3818170,28432,0.0,11.1,3.84,2.16,6.0,38.2,0.13,0.07,0.2,1.27,776.4,15.0,5.0,245.4,155.0,40.0,380.0,67.0,3.0,140.2,48.0,6.0,,,,33,,Marc,Guéhi,Guéhi,,,2700,3,4,11,31,0,0,0,6,0,0,30,276,,,,0.0,0.37,1.03,1.0,8.03,40,201,125
408,i,0.0,0.0,5.5,136,15.0,0,0.0,0,0.0,3.2,107,38.0,112,0,4.5,32.0,13.0,4,447,0.0,794.0,263.0,0.0,20.4,0.0,954667,13,1091950,1756,0.0,0.0,0.57,0.63,1.2,24.3,0.03,0.03,0.06,1.07,549.2,73.0,35.0,139.5,235.0,61.0,96.0,272.0,78.0,78.6,172.0,57.0,,,,33,,Rúben,dos Santos Gato Alves Dias,Rúben,Hamstring injury - Unknown return date,,2049,2,0,12,20,0,0,0,3,0,0,23,188,,,,0.0,0.53,0.88,1.01,7.2,13,151,71
409,a,100.0,75.0,5.4,154,17.0,0,0.0,-1,1.0,0.6,255,96.0,12,0,1.7,395.0,145.0,0,45,0.0,776.0,260.0,0.0,2.2,0.0,52002,14,111052,74,0.0,0.4,0.0,0.06,0.06,5.05,0.0,0.02,0.02,1.29,76.6,396.0,149.0,19.6,401.0,145.0,2.0,457.0,170.0,9.8,424.0,152.0,,,,33,,John,Stones,Stones,,,351,0,0,1,8,0,0,0,0,0,0,4,34,,,,0.0,0.26,2.05,1.03,4.87,0,19,17
410,a,100.0,100.0,4.6,403,71.0,0,0.0,-4,4.0,1.2,181,69.0,19,0,1.9,357.0,132.0,2,75,0.0,691.0,249.0,0.0,4.1,0.0,371075,58,466324,156,0.0,0.5,0.11,1.31,1.42,5.04,0.03,0.38,0.41,1.46,67.4,403.0,151.0,97.3,283.0,87.0,43.0,345.0,112.0,20.7,385.0,134.0,,,,33,,Rico,Lewis,Lewis,,,311,0,1,1,5,0,0,0,1,0,0,3,23,,,,0.0,0.29,1.45,0.87,5.5,5,14,10
411,a,100.0,100.0,5.1,237,37.0,0,0.0,1,-1.0,13.6,23,9.0,146,7,4.9,16.0,5.0,10,517,7.0,7.0,3.0,1.4,28.6,0.0,3628236,17322,1843187,9527,0.0,14.5,4.41,2.4,6.81,29.27,0.17,0.09,0.26,1.15,593.0,55.0,26.0,378.6,76.0,16.0,437.0,50.0,1.0,140.9,47.0,5.0,,,,33,,Nico,O'Reilly,O'Reilly,,,2283,5,4,12,21,0,0,0,4,0,0,25,176,,,,0.0,0.47,0.83,0.99,6.07,65,89,88
421,a,100.0,100.0,6.3,67,44.0,0,0.0,-2,2.0,0.5,263,92.0,62,2,3.1,194.0,77.0,5,323,1.7,186.0,81.0,0.3,9.8,0.0,72085,82,107428,427,0.0,3.9,0.78,2.22,3.0,18.66,0.05,0.14,0.19,1.18,341.0,191.0,77.0,389.2,72.0,56.0,102.0,268.0,145.0,83.3,155.0,81.0,,,,33,,Rodrigo 'Rodri',Hernandez Cascante,Rodrigo,,,1420,1,0,5,14,0,0,0,2,0,0,16,193,,,,0.0,0.32,0.89,1.01,12.23,40,55,98
422,a,100.0,100.0,5.8,101,67.0,0,0.0,-2,2.0,0.0,677,272.0,2,0,1.0,508.0,236.0,0,7,0.3,338.0,160.0,0.1,0.3,0.0,2633,17,3463,10,0.0,1.1,0.0,0.03,0.03,0.62,0.0,0.21,0.21,4.29,4.4,483.0,219.0,3.6,454.0,218.0,0.0,815.0,363.0,0.8,492.0,225.0,,,,33,,Mateo,Kovačić,Kovačić,,,13,0,0,0,0,0,0,0,0,0,0,0,0,,,,0.0,0.0,0.0,0.0,0.0,0,0,0
423,a,100.0,100.0,5.9,96,63.0,0,0.0,-1,1.0,0.1,479,167.0,56,1,2.5,273.0,113.0,1,292,0.3,339.0,161.0,0.1,9.5,0.0,28207,8,31592,22,0.0,1.1,0.56,1.0,1.56,16.89,0.04,0.07,0.11,1.11,278.6,230.0,98.0,185.7,193.0,126.0,64.0,316.0,167.0,52.8,265.0,134.0,,,,33,,Nico,González Iglesias,N.Gonzalez,,,1372,1,0,7,14,0,0,0,6,0,0,15,182,,,,0.0,0.46,0.92,0.98,11.94,36,67,79
425,u,0.0,0.0,5.4,180,113.0,0,0.0,-1,1.0,0.0,749,317.0,0,0,0.0,814.0,362.0,0,0,0.0,792.0,349.0,0.0,0.0,0.0,194,0,3236,0,0.0,0.0,0.0,0.0,0.0,0.0,0.0,0.0,0.0,0.0,0.0,813.0,361.0,0.0,812.0,361.0,0.0,810.0,360.0,0.0,813.0,361.0,,,,33,,Claudio,Echeverri,Echeverri,has joined Girona on loan for the rest of the season.,,0,0,0,0,0,0,0,0,0,0,0,0,0,,,,0.0,0.0,0.0,0.0,0.0,0,0,0
467,a,,,4.2,648,90.0,0,0.0,-3,3.0,1.4,162,23.0,0,0,0.0,650.0,64.0,0,0,0.0,519.0,52.0,0.0,0.0,0.0,273868,112,384050,357,0.5,0.0,0.0,0.0,0.0,0.0,0.0,0.0,0.0,0.0,0.0,642.0,64.0,0.0,636.0,63.0,0.0,610.0,63.0,0.0,644.0,64.0,,,,33,,Chido,Obi,Obi,,,0,0,0,0,0,0,0,0,0,0,0,0,0,,,,0.0,0.0,0.0,0.0,0.0,0,0,0
483,a,,,3.8,815,256.0,0,0.0,-2,2.0,0.4,299,111.0,0,0,0.0,542.0,198.0,0,0,0.0,385.0,141.0,0.0,0.0,0.0,66896,29,51273,89,-1.0,0.0,0.0,0.0,0.0,0.0,0.0,0.0,0.0,0.0,0.0,532.0,197.0,0.0,515.0,197.0,0.0,483.0,192.0,0.0,534.0,197.0,,,,33,,Miodrag,Pivaš,Pivas,,,0,0,0,0,0,0,0,0,0,0,0,0,0,,,,0.0,0.0,0.0,0.0,0.0,0,0,0
522,a,100.0,100.0,4.7,383,238.0,0,0.0,-3,3.0,0.1,553,204.0,25,4,1.4,424.0,185.0,0,102,2.0,148.0,57.0,0.4,5.3,0.0,10245,23,19453,16,2.0,2.5,0.22,0.24,0.46,5.05,0.05,0.05,0.1,1.08,98.6,376.0,166.0,65.3,332.0,181.0,38.0,351.0,180.0,20.0,388.0,179.0,,,,33,,Ryan,Yates,Yates,,,419,0,2,0,5,0,0,0,1,0,0,1,42,,,,0.0,0.0,1.07,0.21,9.02,11,18,13
523,a,100.0,100.0,4.5,474,289.0,0,0.0,0,0.0,0.1,568,211.0,0,0,0.0,732.0,301.0,0,0,0.0,646.0,243.0,0.0,0.0,0.0,2902,30,17017,12,0.0,0.5,0.0,0.0,0.0,0.0,0.0,0.0,0.0,0.0,0.0,729.0,298.0,0.0,723.0,299.0,0.0,709.0,294.0,0.0,730.0,299.0,,,,33,,Eric,da Silva Moreira,Da Silva Moreira,,,0,0,0,0,0,0,0,0,0,0,0,0,0,,,,0.0,0.0,0.0,0.0,0.0,0,0,0
537,u,0.0,0.0,4.0,696,176.0,0,0.0,0,0.0,0.1,546,195.0,0,0,0.0,604.0,221.0,0,0,0.0,456.0,170.0,0.0,0.0,0.0,1038,0,16256,3,0.0,0.0,0.0,0.0,0.0,0.0,0.0,0.0,0.0,0.0,0.0,594.0,220.0,0.0,585.0,220.0,0.0,554.0,216.0,0.0,596.0,220.0,,,,33,,Niall,Huggins,Huggins,has joined Wycombe Wanderers on loan for the rest of the season.,,0,0,0,0,0,0,0,0,0,0,0,0,0,,,,0.0,0.0,0.0,0.0,0.0,0,0,0
538,u,0.0,0.0,3.8,807,248.0,0,0.0,-2,2.0,0.2,380,139.0,0,0,0.0,538.0,194.0,0,0,0.0,378.0,134.0,0.0,0.0,0.0,23261,0,33957,39,0.0,0.0,0.0,0.0,0.0,0.0,0.0,0.0,0.0,0.0,0.0,528.0,193.0,0.0,510.0,192.0,0.0,477.0,186.0,0.0,530.0,193.0,,,,33,,Zak,Johnson,Johnson,has joined York City on loan for the rest of the season.,,0,0,0,0,0,0,0,0,0,0,0,0,0,,,,0.0,0.0,0.0,0.0,0.0,0,0,0
539,a,100.0,100.0,4.0,672,165.0,0,0.0,0,0.0,0.1,509,181.0,16,0,1.6,397.0,146.0,0,60,2.7,112.0,40.0,0.7,4.0,0.0,9644,263,8216,50,2.7,2.7,0.02,0.12,0.14,7.17,0.0,0.03,0.03,1.58,52.2,419.0,156.0,6.6,441.0,157.0,12.0,407.0,151.0,7.1,438.0,157.0,,,,33,,Luke,O'Nien,O'Nien,,,408,0,0,2,5,0,0,0,1,1,0,4,28,,,,0.0,0.44,1.1,0.88,6.18,4,24,9
585,a,100.0,100.0,5.2,206,128.0,0,0.0,-3,3.0,0.2,405,141.0,68,4,3.2,176.0,70.0,3,290,1.3,210.0,95.0,0.2,13.1,0.0,57078,91,67037,15,1.8,1.3,0.46,0.68,1.14,21.06,0.03,0.04,0.07,1.29,279.6,228.0,97.0,160.5,209.0,135.0,88.0,283.0,152.0,53.1,263.0,132.0,,,,33,,Rodrigo,Bentancur,Bentancur,,,1473,1,1,5,22,0,0,0,5,0,0,18,219,,,,0.0,0.31,1.34,1.1,13.38,41,73,105
785,a,100.0,100.0,5.4,178,41.0,0,0.0,-1,1.0,0.0,728,90.0,17,0,2.1,332.0,38.0,0,62,2.3,134.0,18.0,0.4,3.1,0.0,5256,93,4269,21,2.3,2.3,0.65,0.36,1.01,6.49,0.12,0.07,0.19,1.22,67.8,400.0,46.0,97.0,284.0,29.0,53.0,332.0,53.0,21.8,380.0,49.0,,,,33,,Pablo Felipe,Pereira de Jesus,Pablo,,,480,0,1,1,7,0,0,0,0,0,0,6,48,,,,0.0,0.19,1.31,1.12,9.0,16,12,20
791,a,,,5.5,141,35.0,0,0.0,0,0.0,0.2,410,61.0,42,0,3.5,121.0,9.0,3,162,4.0,64.0,9.0,0.7,7.6,0.0,39607,1603,22338,189,4.0,4.0,3.33,0.61,3.94,12.59,0.32,0.06,0.38,1.2,190.4,292.0,30.0,148.3,226.0,22.0,314.0,88.0,29.0,64.0,223.0,27.0,,,,33,,Valentín,Castellanos,Taty,,,942,4,1,5,13,0,0,0,3,0,0,12,44,,,,0.0,0.48,1.24,1.15,4.2,6,17,21
802,a,,,5.0,280,173.0,0,0.0,0,0.0,0.0,777,334.0,0,0,0.0,802.0,354.0,0,0,0.0,757.0,324.0,0.0,0.0,0.0,510,7,399,3,0.0,0.0,0.0,0.0,0.0,0.0,0.0,0.0,0.0,0.0,0.0,801.0,353.0,0.0,799.0,353.0,0.0,794.0,351.0,0.0,801.0,353.0,,,,33,,Keiber,Lamadrid,Lamadrid,,,0,0,0,0,0,0,0,0,0,0,0,0,0,,,,0.0,0.0,0.0,0.0,0.0,0,0,0
777,u,0.0,0.0,4.5,454,272.0,0,0.0,0,0.0,0.0,809,358.0,0,0,0.0,718.0,289.0,0,0,0.0,629.0,228.0,0.0,0.0,0.0,415,0,361,0,0.0,0.0,0.0,0.0,0.0,0.0,0.0,0.0,0.0,0.0,0.0,713.0,284.0,0.0,708.0,286.0,0.0,692.0,279.0,0.0,714.0,285.0,,,,33,,Temple,Ojinnaka,Ojinnaka,has joined Shrewsbury Town on loan for the rest of the season.,,0,0,0,0,0,0,0,0,0,0,0,0,0,,,,0.0,0.0,0.0,0.0,0.0,0,0,0
778,a,,,4.5,489,301.0,0,0.0,0,0.0,0.0,754,321.0,0,0,0.0,743.0,310.0,0,0,0.0,661.0,255.0,0.0,0.0,0.0,1481,10,925,11,-0.5,-0.5,0.0,0.0,0.0,0.0,0.0,0.0,0.0,0.0,0.0,741.0,308.0,0.0,734.0,308.0,0.0,721.0,304.0,0.0,741.0,308.0,,,,33,,Ethan,Sutherland,Sutherland,,,0,0,0,0,0,0,0,0,0,0,0,0,0,,,,0.0,0.0,0.0,0.0,0.0,0,0,0
809,a,,,4.5,518,323.0,0,0.0,0,0.0,0.0,743,313.0,0,0,0.0,765.0,327.0,0,0,0.0,688.0,276.0,0.0,0.0,0.0,1670,18,694,17,-0.5,-0.5,0.0,0.0,0.0,0.0,0.0,0.0,0.0,0.0,0.0,764.0,326.0,0.0,757.0,326.0,0.0,745.0,323.0,0.0,764.0,326.0,,,,33,,Jerome,Abbey,Abbey,,,0,0,0,0,0,0,0,0,0,0,0,0,0,,,,0.0,0.0,0.0,0.0,0.0,0,0,0
141,u,0.0,0.0,4.0,691,54.0,0,0.0,0,0.0,0.0,810,93.0,0,0,0.0,599.0,76.0,0,0,0.0,451.0,67.0,0.0,0.0,0.0,0,0,247,1,0.0,0.0,0.0,0.0,0.0,0.0,0.0,0.0,0.0,0.0,0.0,589.0,76.0,0.0,580.0,63.0,0.0,549.0,50.0,0.0,591.0,76.0,,,,33,,Carl,Rushworth,Rushworth,Has joined Coventry City on loan for the rest of the season.,,0,0,0,0,0,0,0,0,0,0,0,0,0,,,,0.0,0.0,0.0,0.0,0.0,0,0,0
142,u,0.0,0.0,4.0,679,47.0,0,0.0,0,0.0,0.0,811,94.0,0,0,0.0,589.0,69.0,0,0,0.0,439.0,60.0,0.0,0.0,0.0,0,0,208,0,0.0,0.0,0.0,0.0,0.0,0.0,0.0,0.0,0.0,0.0,0.0,579.0,69.0,0.0,570.0,56.0,0.0,539.0,43.0,0.0,581.0,69.0,,,,33,,Kjell,Scherpen,Scherpen,Has joined Union SG permanently,,0,0,0,0,0,0,0,0,0,0,0,0,0,,,,0.0,0.0,0.0,0.0,0.0,0,0,0
150,u,0.0,0.0,4.4,535,110.0,0,0.0,-1,1.0,0.1,521,187.0,0,0,0.0,673.0,256.0,0,0,0.0,566.0,233.0,0.0,0.0,0.0,2778,0,38664,5,0.0,0.0,0.0,0.0,0.0,0.0,0.0,0.0,0.0,0.0,0.0,664.0,256.0,0.0,660.0,256.0,0.0,639.0,255.0,0.0,666.0,256.0,,,,33,,Tariq,Lamptey,Lamptey,has joined Fiorentina permanently.,,0,0,0,0,0,0,0,0,0,0,0,0,0,,,,0.0,0.0,0.0,0.0,0.0,0,0,0
151,a,100.0,100.0,4.6,402,70.0,0,0.0,1,-1.0,9.9,35,12.0,131,6,4.2,46.0,18.0,8,505,3.8,67.0,21.0,0.8,28.5,0.0,1943509,2773,734356,19260,0.0,7.1,2.24,1.34,3.57,40.2,0.07,0.04,0.11,1.31,890.2,6.0,3.0,215.1,172.0,42.0,252.0,114.0,17.0,136.1,49.0,7.0,,,,33,,Jan Paul,van Hecke,Van Hecke,,,2760,3,3,8,37,1,0,0,8,0,0,31,306,,,,0.0,0.26,1.21,1.01,9.0,48,228,94
1,a,,,6.0,86,1.0,0,0.0,5,-5.0,33.5,8,1.0,131,1,4.0,60.0,5.0,6,531,1.0,251.0,22.0,0.2,21.8,0.0,4285376,13342,2787136,5082,2.0,1.5,0.0,0.06,0.06,24.9,0.0,0.0,0.0,0.75,480.8,110.0,17.0,33.4,380.0,3.0,0.0,819.0,96.0,51.5,272.0,16.0,,,,33,,David,Raya Martín,Raya,,,2970,0,0,15,26,0,0,0,1,0,53,33,94,,,,1.61,0.45,0.79,1.0,0.0,1,32,277
2,a,,,4.0,669,43.0,0,0.0,-5,5.0,0.4,293,37.0,0,0,0.0,581.0,66.0,0,0,0.0,430.0,56.0,0.0,0.0,0.0,15412,61,78141,48,1.0,0.5,0.0,0.0,0.0,0.0,0.0,0.0,0.0,0.0,0.0,571.0,66.0,0.0,561.0,52.0,0.0,530.0,39.0,0.0,573.0,66.0,,,,33,,Kepa,Arrizabalaga Revuelta,Arrizabalaga,,,0,0,0,0,0,0,0,0,0,0,0,0,0,,,,0.0,0.0,0.0,0.0,0.0,0,0,0
3,u,0.0,0.0,4.0,689,53.0,0,0.0,0,0.0,0.2,378,54.0,0,0,0.0,598.0,75.0,0,0,0.0,449.0,66.0,0.0,0.0,0.0,5545,0,48452,12,0.0,0.0,0.0,0.0,0.0,0.0,0.0,0.0,0.0,0.0,0.0,588.0,75.0,0.0,579.0,62.0,0.0,548.0,49.0,0.0,590.0,75.0,,,,33,,Karl,Hein,Hein,Has joined Werder Bremen on loan for the rest of the season.,,0,0,0,0,0,0,0,0,0,0,0,0,0,,,,0.0,0.0,0.0,0.0,0.0,0,0,0
4,a,,,3.9,781,90.0,0,0.0,-1,1.0,0.2,367,52.0,0,0,0.0,570.0,60.0,0,0,0.0,417.0,49.0,0.0,0.0,0.0,34095,12,34770,35,1.0,0.5,0.0,0.0,0.0,0.0,0.0,0.0,0.0,0.0,0.0,560.0,60.0,0.0,548.0,44.0,0.0,516.0,31.0,0.0,562.0,60.0,,,,33,,Tommy,Setford,Setford,,,0,0,0,0,0,0,0,0,0,0,0,0,0,,,,0.0,0.0,0.0,0.0,0.0,0,0,0
5,a,100.0,100.0,7.1,34,1.0,0,0.0,11,-11.0,42.5,5,1.0,177,0,6.6,2.0,1.0,25,608,2.0,166.0,63.0,0.3,24.9,0.0,8553486,22259,5762464,4193,3.0,2.5,2.0,1.67,3.67,18.42,0.08,0.06,0.14,0.71,724.4,24.0,9.0,109.2,269.0,77.0,225.0,134.0,24.0,105.7,95.0,24.0,,,,33,,Gabriel,dos Santos Magalhães,Gabriel,,,2345,3,5,14,19,0,0,0,4,0,0,26,253,,,,0.0,0.54,0.73,1.0,9.13,34,204,54
6,a,100.0,100.0,6.1,84,5.0,0,0.0,1,-1.0,13.7,22,8.0,109,1,4.0,61.0,23.0,9,472,1.0,252.0,84.0,0.2,17.9,0.0,2094236,12181,2400767,2334,2.0,1.5,0.88,0.72,1.6,17.75,0.04,0.03,0.07,0.71,473.8,112.0,49.0,169.6,205.0,52.0,76.0,297.0,88.0,71.9,197.0,68.0,,,,33,,William,Saliba,Saliba,,,2254,1,0,11,20,0,0,0,1,0,0,26,196,,,,0.0,0.44,0.8,1.04,6.59,32,133,100
7,d,75.0,75.0,5.6,131,13.0,0,0.0,1,-1.0,5.9,67,23.0,93,0,4.2,48.0,20.0,4,339,0.0,801.0,265.0,0.0,16.6,0.0,2665268,79,2502181,1966,0.8,0.4,2.92,0.49,3.41,8.96,0.18,0.03,0.21,0.56,244.4,251.0,99.0,127.9,251.0,66.0,249.0,117.0,19.0,62.2,233.0,81.0,,,,33,,Riccardo,Calafiori,Calafiori,Knock - 75% chance of playing,,1446,1,2,11,8,0,0,0,5,0,0,18,134,,,,0.0,0.68,0.5,1.12,5.91,31,64,65
10,a,,,5.0,270,42.0,0,0.0,-5,5.0,1.4,165,64.0,13,0,0.9,514.0,176.0,0,41,0.5,309.0,97.0,0.1,2.6,0.0,136769,143,469189,133,1.5,1.0,0.1,0.08,0.18,6.45,0.02,0.02,0.04,1.45,45.2,423.0,157.0,47.8,357.0,126.0,25.0,377.0,130.0,11.7,419.0,149.0,,,,33,,Myles,Lewis-Skelly,Lewis-Skelly,,,401,0,0,0,7,0,0,0,3,0,0,2,26,,,,0.0,0.0,1.57,0.45,4.26,6,13,17
11,a,100.0,100.0,5.1,224,30.0,0,0.0,-4,4.0,0.5,273,103.0,32,1,3.6,107.0,37.0,3,128,1.0,240.0,81.0,0.2,6.3,0.0,354810,392,412300,108,2.0,1.5,0.45,0.51,0.96,7.31,0.08,0.09,0.17,1.32,133.2,341.0,129.0,108.4,271.0,79.0,48.0,337.0,109.0,29.0,355.0,120.0,,,,33,,Benjamin,White,White,,,500,0,1,3,6,0,0,0,0,0,0,6,50,,,,0.0,0.54,1.08,1.08,8.28,15,31,21
13,a,,,3.7,825,265.0,0,0.0,-3,3.0,0.4,278,105.0,0,0,0.0,527.0,185.0,0,0,0.0,362.0,121.0,0.0,0.0,0.0,54971,219,80706,113,1.0,0.5,0.0,0.0,0.0,0.0,0.0,0.0,0.0,0.0,0.0,517.0,184.0,0.0,498.0,183.0,0.0,465.0,177.0,0.0,519.0,184.0,,,,33,,Brayden,Clarke,Clarke,,,0,0,0,0,0,0,0,0,0,0,0,0,0,,,,0.0,0.0,0.0,0.0,0.0,0,0,0
8,d,75.0,75.0,6.2,75,3.0,0,0.0,7,-7.0,21.5,16,5.0,149,0,5.0,15.0,4.0,9,532,0.0,811.0,267.0,0.0,24.0,0.0,6780797,1665,4835277,29885,0.8,0.4,4.71,1.53,6.24,17.45,0.17,0.06,0.23,0.64,499.0,96.0,41.0,402.6,68.0,13.0,352.0,74.0,6.0,125.7,66.0,11.0,,,,33,,Jurriën,Timber,J.Timber,Ankle injury - 75% chance of playing,,2452,3,6,13,20,0,0,0,5,0,0,28,178,,,,0.0,0.48,0.73,1.03,5.43,66,82,97
19,a,100.0,100.0,6.8,45,29.0,0,0.0,-2,2.0,0.9,203,72.0,49,1,1.8,386.0,165.0,1,164,1.0,259.0,119.0,0.1,7.2,0.0,193568,345,270626,187,2.0,1.5,3.87,1.02,4.89,8.96,0.37,0.1,0.47,0.86,170.6,312.0,138.0,158.5,213.0,137.0,337.0,79.0,45.0,66.0,216.0,106.0,,,,33,,Gabriel,Martinelli Silva,Martinelli,,,937,1,4,2,7,0,0,0,2,0,0,10,68,,,,0.0,0.19,0.67,0.96,6.53,11,13,44
20,a,100.0,100.0,6.5,48,30.0,0,0.0,-5,5.0,0.8,219,77.0,101,1,3.6,112.0,52.0,9,365,1.0,255.0,115.0,0.2,15.5,0.0,541436,531,509858,344,2.0,1.5,4.96,2.8,7.76,12.23,0.26,0.15,0.41,0.64,424.8,132.0,44.0,478.5,49.0,43.0,440.0,49.0,30.0,134.6,50.0,33.0,,,4.0,33,,Leandro,Trossard,Trossard,,,1727,5,5,8,15,0,0,0,1,0,0,18,121,,,,0.0,0.42,0.78,0.94,6.31,26,26,69
21,a,100.0,100.0,7.2,31,18.0,0,0.0,7,-7.0,24.2,11,3.0,169,2,5.3,8.0,4.0,23,732,3.0,106.0,46.0,0.4,23.5,0.0,7139250,19621,5264752,9295,4.0,3.5,3.15,6.83,9.98,21.38,0.1,0.22,0.32,0.7,767.0,16.0,5.0,972.5,3.0,3.0,286.0,100.0,61.0,202.7,10.0,8.0,1.0,1.0,,33,,Declan,Rice,Rice,,,2760,4,9,14,25,0,0,0,2,0,0,31,334,,,,0.0,0.46,0.82,1.01,10.89,62,109,163
22,i,0.0,0.0,5.4,161,101.0,0,0.0,-6,6.0,0.8,218,76.0,66,0,3.1,193.0,76.0,5,238,0.0,780.0,341.0,0.0,12.2,0.0,836023,2,844987,194,0.0,0.0,2.99,1.45,4.44,6.59,0.27,0.13,0.4,0.6,304.4,214.0,91.0,187.0,190.0,125.0,237.0,122.0,71.0,72.6,189.0,93.0,,,,33,,Mikel,Merino Zazón,Merino,Foot injury - Unknown return date,,996,4,3,4,9,0,0,0,1,0,0,10,111,,,,0.0,0.36,0.81,0.9,10.03,26,30,55
23,u,0.0,0.0,5.4,168,106.0,0,0.0,-1,1.0,0.0,690,279.0,0,0,0.0,810.0,359.0,0,0,0.0,784.0,343.0,0.0,0.0,0.0,933,0,4436,0,0.0,0.0,0.0,0.0,0.0,0.0,0.0,0.0,0.0,0.0,0.0,809.0,358.0,0.0,808.0,358.0,0.0,806.0,357.0,0.0,809.0,358.0,,,,33,,Fábio,Ferreira Vieira,Fábio Vieira,has joined Hamburger on loan for the rest of the season.,,0,0,0,0,0,0,0,0,0,0,0,0,0,,,,0.0,0.0,0.0,0.0,0.0,0,0,0
24,a,100.0,100.0,5.1,221,135.0,0,0.0,-4,4.0,0.1,443,150.0,6,0,1.0,502.0,230.0,0,19,0.0,761.0,327.0,0.0,1.2,0.0,7933,21,61578,12,1.0,0.5,0.05,0.0,0.05,2.23,0.08,0.0,0.08,3.58,15.8,458.0,204.0,0.4,482.0,233.0,7.0,432.0,208.0,2.4,471.0,213.0,,,,33,,Christian,Nørgaard,Nørgaard,,,56,0,0,0,1,0,0,0,0,0,0,0,11,,,,0.0,0.0,1.61,0.0,17.68,0,7,4
25,u,0.0,0.0,5.0,271,165.0,0,0.0,-5,5.0,0.1,460,157.0,8,0,1.3,436.0,194.0,0,20,0.0,752.0,320.0,0.0,1.6,0.0,13149,0,37118,9,0.0,0.0,0.23,0.08,0.31,0.73,0.13,0.04,0.17,0.4,8.6,471.0,210.0,22.5,394.0,198.0,24.0,381.0,191.0,5.4,452.0,203.0,,,,33,,Ethan,Nwaneri,Nwaneri,has joined Marseille on loan for the rest of the season.,,165,0,0,1,0,0,0,0,0,0,0,0,13,,,,0.0,0.55,0.0,0.0,7.09,2,1,10
56,u,0.0,0.0,5.0,268,163.0,0,0.0,0,0.0,0.0,827,371.0,0,0,0.0,798.0,351.0,0,0,0.0,751.0,319.0,0.0,0.0,0.0,0,0,35,0,0.0,0.0,0.0,0.0,0.0,0.0,0.0,0.0,0.0,0.0,0.0,797.0,350.0,0.0,795.0,350.0,0.0,790.0,348.0,0.0,797.0,350.0,,,,33,,Enzo,Barrenechea,Barrenechea,Season-long loan to Benfica,,0,0,0,0,0,0,0,0,0,0,0,0,0,,,,0.0,0.0,0.0,0.0,0.0,0,0,0
57,u,0.0,0.0,5.0,262,159.0,0,0.0,0,0.0,0.0,669,268.0,0,0,0.0,794.0,348.0,0,0,0.0,747.0,316.0,0.0,0.0,0.0,889,0,5448,1,0.0,0.0,0.0,0.0,0.0,0.0,0.0,0.0,0.0,0.0,0.0,793.0,347.0,0.0,791.0,347.0,0.0,786.0,345.0,0.0,793.0,347.0,,,,33,,Lewis,Dobbin,Dobbin,Has joined Preston North End on loan for the rest of the season.,,0,0,0,0,0,0,0,0,0,0,0,0,0,,,,0.0,0.0,0.0,0.0,0.0,0,0,0
776,a,,,4.5,512,318.0,0,0.0,0,0.0,0.0,791,346.0,0,0,0.0,761.0,323.0,0,0,0.0,683.0,271.0,0.0,0.0,0.0,886,2,687,3,0.0,-1.5,0.0,0.0,0.0,0.0,0.0,0.0,0.0,0.0,0.0,760.0,322.0,0.0,753.0,322.0,0.0,740.0,318.0,0.0,760.0,322.0,,,,33,,Oliver,Pimlott,Pimlott,,,0,0,0,0,0,0,0,0,0,0,0,0,0,,,,0.0,0.0,0.0,0.0,0.0,0,0,0
721,a,100.0,100.0,4.4,571,120.0,0,0.0,-1,1.0,0.0,646,231.0,19,0,2.7,232.0,91.0,0,63,0.0,594.0,237.0,0.0,4.3,0.0,6603,5,6084,16,0.0,0.0,0.15,0.19,0.34,4.42,0.04,0.05,0.09,1.08,98.4,377.0,143.0,13.9,413.0,150.0,10.0,417.0,156.0,12.2,417.0,148.0,,,,33,,Veljko,Milosavljevic,Milosavljević,,,367,0,0,1,6,0,0,0,0,0,0,4,42,,,,0.0,0.25,1.47,0.98,9.56,5,34,13
110,a,100.0,100.0,4.6,407,73.0,0,0.0,1,-1.0,1.1,185,72.0,104,8,3.2,170.0,66.0,9,467,6.0,13.0,5.0,1.3,22.6,0.0,264204,3888,156150,655,5.5,6.0,0.72,2.73,3.45,42.72,0.02,0.09,0.11,1.37,552.4,71.0,34.0,431.0,60.0,9.0,109.0,256.0,69.0,109.5,90.0,21.0,,,,33,,Michael,Kayode,Kayode,,,2808,1,2,9,41,1,0,0,6,0,0,32,244,,,,0.0,0.29,1.31,1.03,6.38,61,138,146
111,a,100.0,100.0,4.2,634,144.0,0,0.0,-3,3.0,0.1,440,166.0,14,0,3.5,114.0,38.0,2,53,3.3,83.0,30.0,0.8,3.3,0.0,16238,149,28433,83,2.8,3.3,0.01,0.06,0.07,3.7,0.0,0.02,0.02,1.05,88.6,383.0,144.0,1.2,471.0,171.0,33.0,362.0,121.0,12.3,416.0,147.0,,,,33,,Ethan,Pinnock,Pinnock,,,318,0,0,1,5,1,0,0,1,0,0,4,46,,,,0.0,0.28,1.42,1.13,11.89,5,37,11
112,u,0.0,0.0,4.5,426,86.0,0,0.0,0,0.0,0.0,720,250.0,0,0,0.0,701.0,259.0,0,0,0.0,606.0,242.0,0.0,0.0,0.0,211,0,3933,0,0.0,0.0,0.0,0.0,0.0,0.0,0.0,0.0,0.0,0.0,0.0,695.0,259.0,0.0,690.0,259.0,0.0,672.0,259.0,0.0,697.0,259.0,,,,33,,Mads,Roerslev Rasmussen,Roerslev,Has joined Southampton permanently.,,0,0,0,0,0,0,0,0,0,0,0,0,0,,,,0.0,0.0,0.0,0.0,0.0,0,0,0
113,a,100.0,100.0,4.6,400,69.0,0,0.0,1,-1.0,1.3,171,65.0,99,6,3.5,118.0,41.0,3,369,5.0,31.0,12.0,1.1,21.5,0.0,351454,622,246167,670,4.5,5.0,2.87,0.9,3.77,36.33,0.1,0.03,0.13,1.32,582.0,58.0,27.0,84.2,303.0,96.0,260.0,111.0,16.0,92.8,129.0,38.0,,,,33,,Sepp,van den Berg,Van den Berg,,,2483,0,2,7,38,0,0,0,1,0,0,27,272,,,,0.0,0.25,1.38,0.98,8.77,16,226,102
228,a,100.0,100.0,4.9,330,54.0,0,0.0,-1,1.0,2.1,135,55.0,94,2,3.1,189.0,76.0,7,381,1.0,237.0,80.0,0.2,19.2,0.0,550620,402,517228,2721,0.0,2.5,1.46,2.07,3.53,30.61,0.07,0.1,0.17,1.45,392.8,152.0,66.0,357.0,82.0,19.0,170.0,185.0,44.0,92.1,135.0,43.0,,,,33,,Malo,Gusto,Gusto,,,1901,2,3,7,27,0,0,0,2,1,0,22,136,,,,0.0,0.33,1.28,1.04,5.02,48,58,110
828,a,,,4.0,695,57.0,0,0.0,0,0.0,0.0,821,96.0,0,0,0.0,603.0,79.0,0,0,0.0,455.0,70.0,0.0,0.0,0.0,33,33,1,1,1.0,1.0,0.0,0.0,0.0,0.0,0.0,0.0,0.0,0.0,0.0,593.0,79.0,0.0,584.0,66.0,0.0,553.0,53.0,0.0,595.0,79.0,,,,33,,Alfie,Brooks,Brooks,,,0,0,0,0,0,0,0,0,0,0,0,0,0,,,,0.0,0.0,0.0,0.0,0.0,0,0,0
272,a,100.0,100.0,4.9,289,178.0,0,0.0,-1,1.0,0.1,551,203.0,59,0,2.4,284.0,120.0,3,240,2.5,124.0,50.0,0.5,12.0,0.0,12603,63,15213,24,2.0,2.5,1.68,0.98,2.66,16.86,0.11,0.07,0.18,1.14,226.8,263.0,110.0,159.9,210.0,136.0,197.0,156.0,87.0,58.4,243.0,119.0,,,,33,,Jefferson,Lerma Solís,Lerma,,,1336,0,5,6,16,1,0,0,6,0,0,14,167,,,,0.0,0.4,1.08,0.94,11.25,20,67,80
273,d,75.0,75.0,5.0,269,164.0,0,0.0,0,0.0,0.6,249,89.0,92,0,3.3,154.0,65.0,6,419,0.5,308.0,147.0,0.1,18.4,0.0,180392,57,187641,720,0.0,0.4,1.33,6.03,7.35,33.4,0.05,0.25,0.3,1.37,389.6,157.0,55.0,554.9,31.0,29.0,151.0,208.0,114.0,109.8,89.0,53.0,2.0,,,33,,Adam,Wharton,Wharton,Groin Injury - 75% chance of playing,,2191,0,6,8,33,0,0,0,4,1,0,26,255,,,,0.0,0.33,1.36,1.07,10.47,60,62,133
274,a,,,4.3,612,361.0,0,0.0,-2,2.0,0.1,493,174.0,0,0,0.0,663.0,252.0,0,0,0.0,549.0,182.0,0.0,0.0,0.0,15206,37,12439,79,-0.5,0.0,0.0,0.0,0.0,0.0,0.0,0.0,0.0,0.0,0.0,653.0,242.0,0.0,649.0,247.0,0.0,626.0,236.0,0.0,655.0,244.0,,,,33,,Asher,Agbinone,Agbinone,,,0,0,0,0,0,0,0,0,0,0,0,0,0,,,,0.0,0.0,0.0,0.0,0.0,0,0,0
275,u,0.0,0.0,4.3,590,348.0,0,0.0,-2,2.0,0.0,627,242.0,0,0,0.0,654.0,244.0,0,0,0.0,530.0,170.0,0.0,0.0,0.0,5497,0,7873,5,0.0,0.0,0.0,0.0,0.0,0.0,0.0,0.0,0.0,0.0,0.0,645.0,235.0,0.0,640.0,240.0,0.0,614.0,226.0,0.0,647.0,237.0,,,,33,,Naouirou,Ahamada,Ahamada,has joined AJ Auxerre permanently.,,0,0,0,0,0,0,0,0,0,0,0,0,0,,,,0.0,0.0,0.0,0.0,0.0,0,0,0
282,u,0.0,0.0,4.5,478,293.0,0,0.0,0,0.0,0.0,712,291.0,0,0,0.0,736.0,305.0,0,0,0.0,650.0,247.0,0.0,0.0,0.0,860,0,3072,0,0.0,0.0,0.0,0.0,0.0,0.0,0.0,0.0,0.0,0.0,0.0,733.0,302.0,0.0,727.0,303.0,0.0,713.0,298.0,0.0,734.0,303.0,,,,33,,Franco,Umeh-Chibueze,Umeh,has joined Portsmouth permanently.,,0,0,0,0,0,0,0,0,0,0,0,0,0,,,,0.0,0.0,0.0,0.0,0.0,0,0,0
283,a,100.0,100.0,7.6,21,8.0,1,-1.0,1,-1.0,7.3,57,10.0,97,0,3.9,78.0,8.0,12,334,6.0,17.0,5.0,0.8,12.8,0.0,4849107,17974,5155908,1816,5.5,6.0,13.07,1.26,14.33,26.71,0.6,0.06,0.66,1.23,484.8,108.0,10.0,131.8,246.0,27.0,704.0,18.0,10.0,131.6,55.0,12.0,,,2.0,33,,Jean-Philippe,Mateta,Mateta,,,1959,10,0,8,23,0,0,0,2,0,0,23,116,,,,0.0,0.37,1.06,1.06,5.33,9,53,54
284,i,0.0,0.0,5.4,163,39.0,0,0.0,-1,1.0,0.3,335,55.0,23,0,1.9,363.0,42.0,3,100,0.0,781.0,84.0,0.0,4.3,0.0,124578,10,146845,50,0.0,0.0,1.77,0.46,2.23,9.49,0.38,0.1,0.48,2.06,120.0,351.0,35.0,84.6,302.0,35.0,173.0,181.0,40.0,37.8,320.0,36.0,,,,33,,Eddie,Nketiah,Nketiah,Hamstring injury - Expected back 01 Jun,,414,2,0,0,12,0,0,0,2,0,0,2,38,,,,0.0,0.0,2.61,0.43,8.26,8,13,17
285,u,0.0,0.0,5.0,248,53.0,0,0.0,0,0.0,0.2,372,58.0,1,0,1.0,500.0,60.0,0,6,0.0,743.0,81.0,0.0,0.2,0.0,9044,0,89619,8,0.0,0.0,0.0,0.0,0.0,0.27,0.0,0.0,0.0,12.15,2.0,497.0,57.0,0.0,788.0,87.0,0.0,783.0,87.0,0.2,510.0,62.0,,,,33,,Odsonne,Édouard,Édouard,has joined RC Lens permanently.,,2,0,0,0,0,0,0,0,0,0,0,0,1,,,,0.0,0.0,0.0,0.0,45.0,1,0,0
286,a,,,4.4,563,80.0,0,0.0,-1,1.0,0.3,320,50.0,0,0,0.0,687.0,73.0,0,0,0.0,587.0,63.0,0.0,0.0,0.0,51712,63,60182,91,-0.5,0.0,0.0,0.0,0.0,0.0,0.0,0.0,0.0,0.0,0.0,681.0,73.0,0.0,676.0,72.0,0.0,657.0,72.0,0.0,683.0,73.0,,,,33,,Zach,Marsh,Marsh,,,0,0,0,0,0,0,0,0,0,0,0,0,0,,,,0.0,0.0,0.0,0.0,0.0,0,0,0
580,a,,,6.5,49,31.0,0,0.0,-5,5.0,2.3,129,42.0,55,0,2.0,351.0,153.0,2,189,1.0,256.0,116.0,0.2,8.5,0.0,1147875,136,1326142,200,0.5,1.0,1.84,0.92,2.76,21.08,0.13,0.06,0.19,1.47,197.2,288.0,122.0,238.0,159.0,107.0,195.0,159.0,89.0,62.7,231.0,113.0,1.0,3.0,,33,,Brennan,Johnson,Johnson,,,1287,2,1,5,14,0,0,0,5,0,0,14,88,,,,0.0,0.35,0.98,0.98,6.15,20,29,39
654,a,100.0,100.0,5.9,95,27.0,0,0.0,-6,6.0,1.6,157,22.0,64,0,2.2,317.0,35.0,3,190,1.0,250.0,33.0,0.2,10.8,0.0,484107,548,822444,1216,0.5,1.0,4.18,0.71,4.89,29.84,0.2,0.03,0.23,1.39,243.4,253.0,23.0,171.0,202.0,20.0,390.0,65.0,25.0,79.1,171.0,23.0,,,,33,,Jørgen,Strand Larsen,Strand Larsen,,,1929,4,1,5,32,0,0,1,4,0,0,21,83,,,,0.0,0.23,1.49,0.98,3.87,8,43,32
242,a,100.0,100.0,5.1,227,138.0,0,0.0,1,-1.0,4.9,79,26.0,132,6,5.1,10.0,5.0,17,520,6.0,14.0,6.0,1.2,25.9,0.0,2086828,11838,2033921,1309,6.0,5.5,3.71,4.71,8.42,33.42,0.15,0.19,0.34,1.38,537.4,79.0,24.0,494.4,42.0,37.0,378.0,68.0,40.0,141.1,46.0,32.0,3.0,,,33,,Kiernan,Dewsbury-Hall,Dewsbury-Hall,,,2186,7,6,8,29,0,0,0,6,0,0,25,193,,,,0.0,0.33,1.19,1.03,7.95,45,36,112
243,a,100.0,100.0,4.8,374,234.0,0,0.0,-2,2.0,0.1,548,201.0,12,1,1.1,447.0,199.0,0,25,0.7,278.0,128.0,0.1,2.5,0.0,9422,17,11173,17,0.7,0.2,0.54,0.17,0.71,5.29,0.18,0.06,0.24,1.76,24.0,450.0,199.0,22.2,396.0,199.0,103.0,264.0,143.0,14.5,401.0,183.0,,,,33,,Tyrique,George,George,,,271,0,0,1,6,0,0,0,2,0,0,1,17,,,,0.0,0.33,1.99,0.33,5.65,5,1,11
289,u,0.0,0.0,3.9,765,81.0,0,0.0,-1,1.0,0.1,505,74.0,0,0,0.0,558.0,52.0,0,0,0.0,404.0,41.0,0.0,0.0,0.0,4633,0,10530,8,0.0,0.0,0.0,0.0,0.0,0.0,0.0,0.0,0.0,0.0,0.0,548.0,52.0,0.0,535.0,35.0,0.0,503.0,22.0,0.0,550.0,52.0,,,,33,,Harry,Tyrer,Tyrer,has joined Cardiff City permanently.,,0,0,0,0,0,0,0,0,0,0,0,0,0,,,,0.0,0.0,0.0,0.0,0.0,0,0,0
290,d,50.0,100.0,5.3,196,24.0,0,0.0,-2,2.0,0.5,270,101.0,32,4,3.2,177.0,70.0,0,108,2.7,120.0,45.0,0.5,6.0,0.0,72597,1990,97139,533,1.4,2.2,0.34,0.11,0.45,9.4,0.05,0.01,0.06,1.25,173.2,307.0,118.0,42.8,362.0,129.0,75.0,301.0,90.0,29.2,354.0,119.0,,,,33,,Jarrad,Branthwaite,Branthwaite,Hamstring injury - 50% chance of playing,,678,1,1,1,9,0,0,0,1,0,0,7,66,,,,0.0,0.13,1.19,0.93,8.76,14,52,29
768,a,,,4.0,743,213.0,0,0.0,0,0.0,0.0,696,246.0,0,0,0.0,640.0,249.0,0,0,0.0,500.0,205.0,0.0,0.0,0.0,745,5,699,6,0.0,0.0,0.0,0.0,0.0,0.0,0.0,0.0,0.0,0.0,0.0,631.0,249.0,0.0,623.0,249.0,0.0,594.0,247.0,0.0,633.0,249.0,,,,33,,Leon,Routh,Leon Routh,,,0,0,0,0,0,0,0,0,0,0,0,0,0,,,,0.0,0.0,0.0,0.0,0.0,0,0,0
334,u,0.0,0.0,4.5,455,273.0,0,0.0,0,0.0,0.0,816,362.0,0,0,0.0,719.0,290.0,0,0,0.0,630.0,229.0,0.0,0.0,0.0,0,0,314,0,0.0,0.0,0.0,0.0,0.0,0.0,0.0,0.0,0.0,0.0,0.0,714.0,285.0,0.0,709.0,287.0,0.0,693.0,280.0,0.0,715.0,286.0,,,,33,,Luke,Harris,Harris,Has joined Oxford United on loan for the rest of the season.,,0,0,0,0,0,0,0,0,0,0,0,0,0,,,,0.0,0.0,0.0,0.0,0.0,0,0,0
335,a,100.0,100.0,4.4,564,339.0,0,0.0,-1,1.0,1.8,145,49.0,59,1,2.2,313.0,134.0,3,196,5.0,30.0,10.0,1.1,13.4,0.0,996788,1584,903725,898,5.0,5.0,2.32,0.53,2.85,17.15,0.17,0.04,0.21,1.29,187.6,293.0,125.0,155.0,218.0,139.0,299.0,96.0,57.0,63.3,229.0,112.0,,,,33,,Josh,King,King,,,1195,1,3,5,18,0,0,0,3,0,0,15,96,,,,0.0,0.38,1.36,1.13,7.23,23,20,53
336,a,100.0,100.0,4.3,578,345.0,0,0.0,-2,2.0,0.3,307,107.0,13,0,2.2,309.0,133.0,2,41,0.3,323.0,151.0,0.1,3.0,0.0,86609,74,80801,179,0.3,0.3,0.13,0.36,0.49,0.51,0.45,1.25,1.7,1.77,38.6,430.0,188.0,19.0,402.0,201.0,11.0,412.0,202.0,6.8,442.0,198.0,,,,33,,Harrison,Reed,Reed,,,26,1,0,0,1,0,0,0,0,0,0,0,2,,,,0.0,0.0,3.46,0.0,6.92,0,0,2
337,a,100.0,100.0,6.1,80,25.0,0,0.0,-4,4.0,2.2,130,20.0,106,1,3.3,159.0,16.0,7,390,2.3,140.0,20.0,0.4,17.4,0.0,836072,3122,829291,2600,2.3,2.3,11.2,0.88,12.08,30.66,0.5,0.04,0.54,1.38,467.8,115.0,11.0,303.8,116.0,6.0,694.0,20.0,11.0,146.0,39.0,9.0,,2.0,1.0,33,,Raúl,Jiménez Rodríguez,Raúl,,,2005,9,5,8,25,0,0,0,5,0,0,25,123,,,,0.0,0.36,1.12,1.12,5.52,32,39,52
363,u,0.0,0.0,4.9,287,57.0,0,0.0,-1,1.0,0.3,311,49.0,0,0,0.0,773.0,85.0,0,0,0.0,708.0,76.0,0.0,0.0,0.0,16144,0,203182,12,0.0,0.0,0.0,0.0,0.0,0.0,0.0,0.0,0.0,0.0,0.0,772.0,85.0,0.0,768.0,84.0,0.0,764.0,84.0,0.0,772.0,85.0,,,,33,,Patrick,Bamford,Bamford,has departed the club as a free agent.,,0,0,0,0,0,0,0,0,0,0,0,0,0,,,,0.0,0.0,0.0,0.0,0.0,0,0,0
364,u,0.0,0.0,5.0,278,56.0,0,0.0,0,0.0,0.0,748,91.0,0,0,0.0,800.0,88.0,0,0,0.0,755.0,82.0,0.0,0.0,0.0,0,0,2428,0,0.0,0.0,0.0,0.0,0.0,0.0,0.0,0.0,0.0,0.0,0.0,799.0,88.0,0.0,797.0,88.0,0.0,792.0,88.0,0.0,799.0,88.0,,,,33,,Mateo,Joseph Fernández-Regatillo,Mateo Joseph,Has joined RCD Mallorca on loan for the rest of the season.,,0,0,0,0,0,0,0,0,0,0,0,0,0,,,,0.0,0.0,0.0,0.0,0.0,0,0,0
365,a,100.0,100.0,5.0,247,52.0,0,0.0,0,0.0,0.6,253,35.0,67,1,2.6,253.0,27.0,8,239,0.8,269.0,38.0,0.2,13.4,0.0,216292,97,226752,548,0.0,2.1,6.28,0.92,7.2,16.78,0.65,0.1,0.75,1.74,260.8,243.0,21.0,94.7,289.0,31.0,351.0,75.0,26.0,70.7,203.0,25.0,,,2.0,33,,Lukas,Nmecha,Nmecha,,,867,6,1,3,18,0,0,1,0,0,0,9,42,,,,0.0,0.31,1.87,0.93,4.36,8,12,22
665,a,100.0,100.0,4.4,529,26.0,0,0.0,-1,1.0,0.3,341,47.0,43,0,2.7,231.0,26.0,3,153,0.0,563.0,87.0,0.0,9.8,0.0,51700,100,68295,285,0.0,0.5,0.0,0.0,0.0,26.68,0.0,0.0,0.0,1.67,322.4,200.0,21.0,0.0,658.0,85.0,0.0,637.0,75.0,32.2,341.0,21.0,,,,33,,Lucas Estella,Perri,Perri,,,1440,0,0,3,29,0,0,0,2,0,38,16,39,,,,2.38,0.19,1.81,1.0,0.0,0,16,100
376,i,0.0,0.0,4.9,295,46.0,0,0.0,-1,1.0,0.1,421,155.0,31,0,1.8,378.0,141.0,2,91,0.3,330.0,105.0,0.1,6.3,0.0,24923,2,30743,114,0.0,0.0,0.23,0.62,0.85,8.02,0.04,0.11,0.15,1.41,114.6,362.0,138.0,71.6,319.0,108.0,26.0,375.0,129.0,21.3,383.0,133.0,,,,33,,Joe,Gomez,Gomez,Muscle injury - Unknown return date,,512,0,2,2,12,0,0,0,2,0,0,6,40,,,,0.0,0.35,2.11,1.05,6.86,8,31,18
369,a,,,3.9,754,76.0,0,0.0,-1,1.0,0.2,377,53.0,1,1,1.0,456.0,37.0,0,7,0.3,319.0,25.0,0.1,0.3,0.0,23265,639,18478,48,0.8,0.8,0.0,0.0,0.0,0.16,0.0,0.0,0.0,0.45,9.0,470.0,37.0,0.0,528.0,30.0,0.0,496.0,17.0,0.9,490.0,37.0,,,,33,,Freddie,Woodman,Woodman,,,32,0,0,0,0,0,0,0,0,0,1,0,0,,,,2.81,0.0,0.0,0.0,0.0,0,0,3
370,a,100.0,100.0,5.7,116,10.0,0,0.0,-3,3.0,5.2,74,24.0,58,1,3.4,143.0,52.0,1,227,2.3,137.0,52.0,0.4,10.2,0.0,698131,1816,3390983,943,2.8,2.8,0.43,1.41,1.84,8.9,0.05,0.15,0.2,0.98,118.0,357.0,136.0,214.1,176.0,45.0,139.0,221.0,57.0,47.2,283.0,91.0,,,,33,,Jeremie,Frimpong,Frimpong,,,821,0,5,5,9,0,0,0,1,0,0,10,32,,,,0.0,0.55,0.99,1.1,3.07,9,19,42
371,a,,,5.6,132,14.0,0,0.0,-4,4.0,3.1,111,41.0,80,1,2.8,225.0,90.0,4,338,2.7,122.0,46.0,0.5,14.3,0.0,376617,1083,826482,688,3.2,3.2,1.47,0.65,2.12,26.97,0.07,0.03,0.1,1.2,410.4,144.0,62.0,381.4,74.0,15.0,135.0,226.0,58.0,92.9,128.0,37.0,,,,33,,Milos,Kerkez,Kerkez,,,2030,2,1,6,31,0,0,0,4,0,0,25,151,,,,0.0,0.27,1.37,1.11,5.54,40,85,78
385,a,100.0,100.0,6.3,68,45.0,0,0.0,-2,2.0,0.3,340,117.0,34,0,1.5,418.0,182.0,0,125,0.0,815.0,363.0,0.0,5.4,0.0,56807,23,69877,27,0.5,0.5,1.36,0.61,1.97,5.41,0.44,0.2,0.64,1.76,119.8,352.0,159.0,46.9,359.0,187.0,147.0,212.0,117.0,31.1,345.0,167.0,,,,33,,Federico,Chiesa,Chiesa,,,277,2,1,0,7,0,0,0,3,0,0,1,29,,,,0.0,0.0,2.27,0.32,9.42,8,13,8
386,a,100.0,100.0,6.3,70,47.0,0,0.0,-2,2.0,2.0,136,44.0,87,1,2.7,243.0,99.0,6,401,1.0,254.0,114.0,0.2,13.8,0.0,372545,355,369985,2249,1.5,1.5,3.38,1.36,4.74,28.46,0.14,0.06,0.2,1.16,388.8,158.0,56.0,452.3,55.0,47.0,304.0,94.0,55.0,114.6,82.0,51.0,,,4.0,33,,Alexis,Mac Allister,Mac Allister,,,2204,2,3,7,31,0,0,0,5,0,0,26,191,,,,0.0,0.29,1.27,1.06,7.8,43,55,93
387,a,100.0,100.0,7.1,35,20.0,0,0.0,6,-6.0,13.1,25,9.0,133,5,4.3,44.0,20.0,17,648,4.3,48.0,21.0,0.6,18.7,0.0,3053931,12364,1798405,6191,4.8,4.8,3.9,5.45,9.35,37.13,0.13,0.18,0.31,1.2,722.8,26.0,7.0,1051.8,2.0,2.0,325.0,84.0,48.0,209.9,6.0,4.0,1.0,2.0,2.0,33,,Dominik,Szoboszlai,Szoboszlai,,,2782,5,4,9,42,0,0,1,7,1,0,31,306,,,,0.0,0.29,1.36,1.0,9.9,48,90,168
388,a,100.0,100.0,5.4,164,103.0,0,0.0,-1,1.0,0.1,467,161.0,59,4,2.0,349.0,152.0,3,335,3.7,74.0,31.0,0.7,10.9,0.0,29864,81,35483,41,4.2,4.2,1.49,2.57,4.06,22.94,0.09,0.16,0.25,1.4,282.4,224.0,94.0,342.6,92.0,66.0,185.0,170.0,94.0,81.0,164.0,84.0,,,,33,,Curtis,Jones,C.Jones,,,1477,0,2,3,27,0,0,0,1,0,0,13,186,,,,0.0,0.18,1.65,0.79,11.33,31,39,116
390,a,100.0,100.0,5.5,144,90.0,0,0.0,0,0.0,4.2,93,30.0,127,2,4.1,55.0,25.0,14,596,2.0,160.0,63.0,0.4,23.1,0.0,2070805,1187,1666807,2808,2.5,2.5,1.66,2.1,3.76,33.3,0.06,0.07,0.13,1.13,607.6,53.0,13.0,437.4,58.0,48.0,174.0,179.0,100.0,121.6,72.0,45.0,,,,33,,Ryan,Gravenberch,Gravenberch,,,2653,4,5,9,35,0,0,0,5,0,0,30,274,,,,0.0,0.31,1.19,1.02,9.3,53,102,119
499,a,100.0,100.0,10.3,5,2.0,0,0.0,-2,2.0,3.9,97,17.0,32,2,2.7,244.0,26.0,2,103,1.0,263.0,37.0,0.1,3.1,0.0,1832688,11945,2421902,809,1.5,1.5,2.16,0.07,2.23,6.33,0.33,0.01,0.34,0.96,107.6,365.0,37.0,38.1,372.0,47.0,162.0,192.0,42.0,30.0,352.0,42.0,,,,33,,Alexander,Isak,Isak,,,593,2,1,1,8,0,0,0,0,0,0,7,25,,,,0.0,0.15,1.21,1.06,3.79,6,8,11
661,i,0.0,0.0,9.1,7,3.0,-1,1.0,6,-6.0,21.8,15,4.0,125,0,4.5,35.0,5.0,22,433,0.3,342.0,47.0,0.0,13.7,0.0,9186479,47,8809015,127049,0.0,0.0,10.1,2.45,12.55,26.11,0.51,0.12,0.63,1.31,525.8,82.0,5.0,307.2,112.0,5.0,739.0,12.0,7.0,156.2,34.0,7.0,,,,33,,Hugo,Ekitiké,Ekitiké,Achilles injury - Expected back 01 Jul,,1797,11,4,7,25,0,0,0,0,0,0,21,85,,,,0.0,0.35,1.25,1.05,4.26,11,32,42
686,a,,,4.3,618,366.0,0,0.0,-2,2.0,1.0,195,70.0,32,1,2.1,323.0,141.0,3,148,4.3,39.0,15.0,1.0,7.4,0.0,294838,2674,199928,863,4.8,4.8,1.04,1.75,2.79,5.44,0.31,0.52,0.83,1.61,140.6,336.0,151.0,154.3,219.0,140.0,162.0,191.0,104.0,45.6,294.0,147.0,,,,33,,Rio,Ngumoha,Ngumoha,,,304,2,0,2,5,0,0,0,0,0,0,2,18,,,,0.0,0.59,1.48,0.59,5.33,2,4,12
692,i,0.0,0.0,4.9,344,57.0,0,0.0,-1,1.0,0.0,721,251.0,0,0,0.0,791.0,264.0,0,0,0.0,740.0,256.0,0.0,0.0,0.0,1941,2,2587,2,0.0,0.0,0.0,0.0,0.0,0.0,0.0,0.0,0.0,0.0,0.0,790.0,264.0,0.0,786.0,264.0,0.0,782.0,264.0,0.0,790.0,264.0,,,,33,,Giovanni,Leoni,Leoni,Knee injury - Expected back 01 Sep,,0,0,0,0,0,0,0,0,0,0,0,0,0,,,,0.0,0.0,0.0,0.0,0.0,0,0,0
746,a,,,4.5,493,304.0,0,0.0,0,0.0,0.0,746,315.0,0,0,0.0,747.0,313.0,0,0,0.0,665.0,258.0,0.0,0.0,0.0,1084,4,923,3,0.5,0.5,0.0,0.0,0.0,0.0,0.0,0.0,0.0,0.0,0.0,745.0,311.0,0.0,738.0,311.0,0.0,725.0,307.0,0.0,745.0,311.0,,,,33,,Kieran,Morrison,Morrison,,,0,0,0,0,0,0,0,0,0,0,0,0,0,,,,0.0,0.0,0.0,0.0,0.0,0,0,0
760,a,,,4.0,713,186.0,0,0.0,0,0.0,0.0,684,241.0,0,0,0.0,615.0,227.0,0,0,0.0,471.0,179.0,0.0,0.0,0.0,1236,9,1131,11,0.5,0.5,0.0,0.0,0.0,0.0,0.0,0.0,0.0,0.0,0.0,606.0,227.0,0.0,598.0,227.0,0.0,567.0,223.0,0.0,608.0,227.0,,,,33,,Wellity,Lucky,Lucky,,,0,0,0,0,0,0,0,0,0,0,0,0,0,,,,0.0,0.0,0.0,0.0,0.0,0,0,0
434,a,,,3.8,790,93.0,0,0.0,-2,2.0,0.4,298,39.0,0,0,0.0,529.0,39.0,0,0,0.0,364.0,26.0,0.0,0.0,0.0,30543,941,28196,227,0.5,0.0,0.0,0.0,0.0,0.0,0.0,0.0,0.0,0.0,0.0,519.0,39.0,0.0,500.0,17.0,0.0,467.0,4.0,0.0,521.0,39.0,,,,33,,Tom,Heaton,Heaton,,,0,0,0,0,0,0,0,0,0,0,0,0,0,,,,0.0,0.0,0.0,0.0,0.0,0,0,0
435,a,,,3.9,767,82.0,0,0.0,-1,1.0,0.1,491,73.0,0,0,0.0,559.0,53.0,0,0,0.0,405.0,42.0,0.0,0.0,0.0,5592,7,9147,6,0.5,0.0,0.0,0.0,0.0,0.0,0.0,0.0,0.0,0.0,0.0,549.0,53.0,0.0,536.0,36.0,0.0,504.0,23.0,0.0,551.0,53.0,,,,33,,Dermot,Mee,Mee,,,0,0,0,0,0,0,0,0,0,0,0,0,0,,,,0.0,0.0,0.0,0.0,0.0,0,0,0
436,i,0.0,0.0,4.9,305,48.0,0,0.0,-1,1.0,1.8,146,57.0,43,0,3.3,149.0,56.0,5,169,0.0,718.0,254.0,0.0,8.8,0.0,419770,6,551090,189,0.0,0.0,1.38,0.83,2.21,18.73,0.11,0.06,0.17,1.44,276.6,232.0,90.0,60.2,341.0,116.0,122.0,243.0,64.0,45.7,293.0,97.0,,,,33,,Matthijs,de Ligt,De Ligt,Back injury - Unknown return date,,1170,1,0,1,20,0,0,0,0,0,0,13,139,,,,0.0,0.08,1.54,1.0,8.23,19,88,40
437,s,0.0,0.0,4.8,357,61.0,0,0.0,-2,2.0,0.4,282,108.0,36,0,2.4,282.0,107.0,3,169,-1.5,828.0,268.0,-0.3,7.5,0.0,169989,21,151423,609,0.0,0.0,0.06,0.56,0.62,11.3,0.01,0.05,0.06,1.06,232.4,257.0,103.0,80.6,310.0,101.0,10.0,418.0,157.0,32.5,339.0,113.0,,,,33,,Lisandro,Martínez,Martinez,Suspended until 09 May,,959,0,0,3,13,1,0,0,0,1,0,10,80,,,,0.0,0.28,1.22,0.94,7.51,13,67,57
448,a,,,3.7,821,261.0,0,0.0,-3,3.0,0.4,281,107.0,2,0,1.0,451.0,161.0,0,2,0.0,358.0,117.0,0.0,0.5,0.0,62515,666,61227,232,0.5,0.0,0.0,0.0,0.0,0.35,0.0,0.0,0.0,4.5,3.6,488.0,173.0,0.5,477.0,174.0,0.0,461.0,173.0,0.4,500.0,175.0,,,,33,,Tyrell,Malacia,Malacia,,,7,0,0,0,1,0,0,0,0,0,0,0,2,,,,0.0,0.0,12.86,0.0,25.71,1,1,2
788,a,,,4.0,722,193.0,0,0.0,0,0.0,0.0,726,252.0,0,0,0.0,623.0,233.0,0,0,0.0,480.0,186.0,0.0,0.0,0.0,509,2,465,4,0.5,0.0,0.0,0.0,0.0,0.0,0.0,0.0,0.0,0.0,0.0,614.0,233.0,0.0,606.0,233.0,0.0,576.0,230.0,0.0,616.0,233.0,,,,33,,Godwill,Kukonki,Kukonki,,,0,0,0,0,0,0,0,0,0,0,0,0,0,,,,0.0,0.0,0.0,0.0,0.0,0,0,0
491,a,100.0,100.0,5.3,191,120.0,0,0.0,-2,2.0,1.1,189,65.0,75,2,2.4,289.0,124.0,2,418,1.3,212.0,96.0,0.2,14.2,0.0,221105,339,325666,447,0.3,1.3,1.63,2.48,4.11,32.75,0.07,0.1,0.17,1.33,351.2,186.0,72.0,460.4,53.0,45.0,173.0,180.0,101.0,98.8,112.0,65.0,1.0,3.0,,33,,Sandro,Tonali,Tonali,,,2212,0,2,7,35,0,0,0,3,0,0,27,224,,,,0.0,0.28,1.42,1.1,9.11,31,62,131
492,u,0.0,0.0,4.9,343,214.0,0,0.0,-1,1.0,0.0,681,274.0,0,0,0.0,790.0,345.0,0,0,0.0,739.0,311.0,0.0,0.0,0.0,655,0,3584,1,0.0,0.0,0.0,0.0,0.0,0.0,0.0,0.0,0.0,0.0,0.0,789.0,344.0,0.0,785.0,344.0,0.0,781.0,342.0,0.0,789.0,344.0,,,,33,,Antoñito,Cordero Campillo,Antoñito C.,has joined Cadiz on loan for the rest of the season.,,0,0,0,0,0,0,0,0,0,0,0,0,0,,,,0.0,0.0,0.0,0.0,0.0,0,0,0
494,a,100.0,100.0,5.0,249,149.0,0,0.0,0,0.0,0.1,502,181.0,28,0,1.4,426.0,186.0,0,114,0.3,331.0,156.0,0.1,5.6,0.0,14206,28,13450,49,-0.7,0.3,0.81,0.64,1.45,13.92,0.11,0.08,0.19,1.81,96.2,378.0,167.0,147.8,227.0,146.0,112.0,251.0,137.0,35.5,327.0,160.0,,,,33,,Joe,Willock,Willock,,,693,0,1,3,13,0,0,0,3,0,0,7,76,,,,0.0,0.39,1.69,0.91,9.87,18,12,46
753,a,,,4.0,662,38.0,0,0.0,0,0.0,0.0,688,82.0,0,0,0.0,577.0,63.0,0,0,0.0,425.0,52.0,0.0,0.0,0.0,1768,9,1175,7,-1.0,0.0,0.0,0.0,0.0,0.0,0.0,0.0,0.0,0.0,0.0,567.0,63.0,0.0,555.0,47.0,0.0,524.0,34.0,0.0,569.0,63.0,,,,33,,John,Ruddy,Ruddy,,,0,0,0,0,0,0,0,0,0,0,0,0,0,,,,0.0,0.0,0.0,0.0,0.0,0,0,0
513,a,,,3.8,813,254.0,0,0.0,-2,2.0,0.3,348,126.0,2,0,1.0,455.0,164.0,0,1,0.0,384.0,140.0,0.0,0.5,0.0,29570,33,30919,42,0.0,0.5,0.0,0.01,0.01,3.13,0.0,0.01,0.01,2.35,25.4,448.0,164.0,6.3,444.0,159.0,0.0,482.0,191.0,3.2,463.0,167.0,,,,33,,Zach,Abbott,Abbott,,,120,0,0,0,4,0,0,0,0,0,0,1,10,,,,0.0,0.0,3.0,0.75,7.5,2,8,8
505,a,,,5.1,229,32.0,0,0.0,-4,4.0,3.3,103,36.0,103,5,3.1,191.0,77.0,2,353,5.3,25.0,10.0,1.0,20.2,0.0,385456,3665,1078144,513,5.3,5.8,0.81,0.46,1.27,46.26,0.02,0.01,0.03,1.4,577.6,60.0,28.0,41.8,366.0,132.0,108.0,260.0,72.0,73.0,188.0,66.0,,,,33,,Nikola,Milenković,Milenković,,,2970,0,1,8,45,1,0,0,6,0,0,33,293,,,,0.0,0.24,1.36,1.0,8.0,24,240,92
507,a,100.0,100.0,4.7,379,63.0,0,0.0,-3,3.0,2.4,128,51.0,58,2,3.4,134.0,50.0,5,233,3.3,86.0,32.0,0.7,12.3,0.0,346709,511,1635730,376,3.3,3.8,0.36,0.83,1.19,24.61,0.02,0.05,0.07,1.48,267.8,237.0,94.0,159.4,211.0,54.0,57.0,328.0,104.0,48.6,280.0,89.0,,,,33,,Ola,Aina,Aina,,,1497,0,1,5,19,0,0,0,3,0,0,17,141,,,,0.0,0.3,1.14,1.02,7.27,27,94,80
547,a,100.0,100.0,4.8,366,228.0,-1,1.0,-2,2.0,1.1,190,66.0,120,9,3.9,67.0,30.0,10,499,4.3,42.0,16.0,0.9,25.0,0.0,398229,3372,316447,573,4.3,4.3,4.64,4.2,8.84,40.96,0.17,0.15,0.32,1.49,593.4,54.0,14.0,643.8,20.0,19.0,231.0,127.0,75.0,147.0,38.0,27.0,3.0,2.0,2.0,33,,Enzo,Le Fée,E.Le Fée,,,2480,4,5,9,35,0,0,1,5,0,0,28,270,,,,0.0,0.33,1.27,1.02,9.8,73,70,127
548,i,0.0,0.0,4.9,327,202.0,0,0.0,-1,1.0,0.0,757,322.0,14,0,1.0,496.0,225.0,0,42,0.0,731.0,305.0,0.0,2.9,0.0,1139,0,1680,2,0.0,0.0,0.87,0.48,1.35,8.54,0.2,0.11,0.31,1.93,29.4,438.0,193.0,33.6,378.0,191.0,69.0,307.0,162.0,12.7,411.0,187.0,,,,33,,Romaine,Mundle,Mundle,Hamstring injury - Expected back 01 Jun,,399,0,0,0,11,0,0,0,1,0,0,2,33,,,,0.0,0.0,2.48,0.45,7.44,5,6,22
549,u,0.0,0.0,4.8,358,222.0,0,0.0,-2,2.0,0.0,658,261.0,3,0,1.0,494.0,224.0,0,10,0.0,704.0,286.0,0.0,0.6,0.0,1972,0,4718,2,0.0,0.0,0.0,0.0,0.0,0.64,0.0,0.0,0.0,4.43,3.0,493.0,226.0,1.4,470.0,227.0,0.0,759.0,328.0,0.4,504.0,230.0,,,,33,,Dan,Neil,Neil,has joined Ipswich Town on loan for the rest of the season.,,13,0,0,0,0,0,0,0,0,0,0,0,2,,,,0.0,0.0,0.0,0.0,13.85,0,2,0
550,a,,,4.7,385,240.0,0,0.0,-3,3.0,0.0,665,265.0,0,0,0.0,768.0,330.0,0,0,0.0,695.0,281.0,0.0,0.0,0.0,1147,4,2847,4,0.0,0.0,0.0,0.0,0.0,0.0,0.0,0.0,0.0,0.0,0.0,767.0,329.0,0.0,762.0,329.0,0.0,752.0,326.0,0.0,767.0,329.0,,,,33,,Ian,Poveda-Ocampo,Poveda,,,0,0,0,0,0,0,0,0,0,0,0,0,0,,,,0.0,0.0,0.0,0.0,0.0,0,0,0
551,a,,,4.7,394,245.0,0,0.0,-3,3.0,0.1,580,215.0,30,7,2.0,343.0,146.0,1,115,4.0,56.0,24.0,0.9,6.4,0.0,6609,228,9548,25,4.0,4.0,0.75,0.87,1.62,10.82,0.1,0.11,0.21,1.39,90.0,382.0,170.0,129.5,250.0,157.0,82.0,288.0,156.0,30.1,349.0,169.0,,,,33,,Chris,Rigg,Rigg,,,699,1,0,3,7,0,0,0,1,0,0,10,54,,,,0.0,0.39,0.9,1.29,6.95,13,12,29
552,a,100.0,100.0,4.9,339,210.0,0,0.0,-1,1.0,0.1,566,209.0,68,4,2.4,287.0,123.0,0,358,2.7,117.0,49.0,0.6,13.9,0.0,11465,86,12714,22,2.7,2.7,0.91,1.1,2.01,36.8,0.03,0.04,0.07,1.34,318.2,201.0,84.0,261.4,143.0,97.0,122.0,244.0,133.0,70.3,206.0,100.0,,,,33,,Noah,Sadiki,Sadiki,,,2474,0,2,8,34,0,0,0,8,0,0,28,216,,,,0.0,0.29,1.24,1.02,7.86,45,82,89
553,a,100.0,100.0,4.9,337,208.0,0,0.0,-1,1.0,0.2,401,138.0,77,1,3.1,190.0,74.0,6,233,3.3,88.0,36.0,0.7,15.7,0.0,62960,141,72583,60,3.3,3.3,1.99,0.97,2.95,19.52,0.13,0.06,0.19,1.3,228.0,261.0,109.0,196.7,185.0,122.0,217.0,138.0,80.0,63.6,226.0,110.0,,,,33,,Chemsdine,Talbi,Talbi,,,1355,4,2,6,13,0,0,0,0,0,0,14,81,,,,0.0,0.4,0.86,0.93,5.38,9,19,53
554,a,,,4.3,591,349.0,0,0.0,-2,2.0,0.3,314,109.0,0,0,0.0,655.0,245.0,0,0,0.0,531.0,171.0,0.0,0.0,0.0,82274,19,81600,79,0.0,0.0,0.0,0.0,0.0,0.0,0.0,0.0,0.0,0.0,0.0,646.0,236.0,0.0,641.0,241.0,0.0,615.0,227.0,0.0,648.0,238.0,,,,33,,Abdoullah,Ba,Ba,,,0,0,0,0,0,0,0,0,0,0,0,0,0,,,,0.0,0.0,0.0,0.0,0.0,0,0,0
745,a,,,4.0,738,208.0,0,0.0,0,0.0,0.0,615,219.0,1,0,1.0,462.0,169.0,0,3,0.0,496.0,201.0,0.0,0.2,0.0,2160,8,2180,15,0.5,0.0,0.0,0.0,0.0,0.0,0.0,0.0,0.0,0.0,0.4,508.0,178.0,0.5,478.0,175.0,0.0,590.0,243.0,0.1,512.0,179.0,,,,33,,Jun'ai,Byfield,Byfield,,,1,0,0,0,0,0,0,0,0,0,0,0,0,,,,0.0,0.0,0.0,0.0,0.0,0,0,0
750,a,,,4.0,702,180.0,0,0.0,0,0.0,0.0,635,227.0,1,0,1.0,459.0,166.0,0,3,0.0,461.0,173.0,0.0,0.2,0.0,1981,7,1772,12,0.5,0.0,0.0,0.0,0.0,0.36,0.0,0.0,0.0,32.4,0.0,598.0,223.0,0.0,589.0,223.0,0.0,558.0,219.0,0.0,600.0,223.0,,,,33,,James,Rowswell,Rowswell,,,1,0,0,0,0,0,0,0,0,0,0,0,0,,,,0.0,0.0,0.0,0.0,0.0,0,0,0
600,a,100.0,100.0,4.2,628,30.0,0,0.0,-3,3.0,1.9,138,18.0,51,0,2.5,263.0,27.0,2,220,0.0,509.0,81.0,0.0,12.1,0.0,188542,286,470807,365,0.0,0.0,0.0,0.0,0.0,35.3,0.0,0.0,0.0,1.76,570.4,64.0,13.0,10.0,428.0,8.0,0.0,601.0,67.0,57.9,245.0,13.0,,,,33,,Alphonse,Areola,Areola,,,1800,0,1,0,37,0,0,0,0,0,77,20,55,,,,3.85,0.0,1.85,1.0,0.0,0,30,142
79,u,0.0,0.0,4.0,676,168.0,0,0.0,0,0.0,0.1,547,196.0,0,0,0.0,586.0,215.0,0,0,0.0,436.0,162.0,0.0,0.0,0.0,1400,0,16810,5,0.0,0.0,0.0,0.0,0.0,0.0,0.0,0.0,0.0,0.0,0.0,576.0,214.0,0.0,567.0,214.0,0.0,536.0,210.0,0.0,578.0,214.0,,,,33,,Chris,Mepham,Mepham,has joined West Bromwich Albion permanently.,,0,0,0,0,0,0,0,0,0,0,0,0,0,,,,0.0,0.0,0.0,0.0,0.0,0,0,0
39,a,,,4.2,636,145.0,0,0.0,-3,3.0,0.6,252,95.0,46,5,1.8,369.0,137.0,0,224,2.0,146.0,57.0,0.5,11.0,0.0,84660,284,117398,162,2.0,2.0,1.2,2.16,3.36,22.45,0.08,0.15,0.23,1.52,285.2,222.0,88.0,326.1,101.0,24.0,211.0,143.0,28.0,82.4,160.0,54.0,,,,33,,Ian,Maatsen,Maatsen,,,1332,0,1,2,21,0,0,0,2,0,0,14,115,,,,0.0,0.14,1.42,0.95,6.96,36,67,74
782,a,,,4.0,663,39.0,0,0.0,0,0.0,0.0,660,81.0,0,0,0.0,578.0,64.0,0,0,0.0,426.0,53.0,0.0,0.0,0.0,3289,20,1314,19,0.0,0.0,0.0,0.0,0.0,0.0,0.0,0.0,0.0,0.0,0.0,568.0,64.0,0.0,556.0,48.0,0.0,525.0,35.0,0.0,570.0,64.0,,,,33,,Fraser,Forster,Forster,,,0,0,0,0,0,0,0,0,0,0,0,0,0,,,,0.0,0.0,0.0,0.0,0.0,0,0,0
245,s,0.0,0.0,4.9,328,203.0,0,0.0,-1,1.0,0.0,750,318.0,0,0,0.0,786.0,342.0,0,0,0.0,732.0,306.0,0.0,0.0,0.0,1087,3,1371,6,0.0,0.0,0.0,0.0,0.0,0.0,0.0,0.0,0.0,0.0,0.0,785.0,341.0,0.0,781.0,341.0,0.0,777.0,339.0,0.0,785.0,341.0,,,,33,,Mykhailo,Mudryk,Mudryk,Suspended - unknown return date,,0,0,0,0,0,0,0,0,0,0,0,0,0,,,,0.0,0.0,0.0,0.0,0.0,0,0,0
246,a,100.0,100.0,4.5,458,276.0,0,0.0,0,0.0,0.3,332,115.0,34,0,1.4,423.0,184.0,0,186,0.8,265.0,121.0,0.2,7.6,0.0,79252,54,87379,220,0.0,2.1,1.75,0.83,2.58,16.63,0.15,0.07,0.22,1.41,171.2,310.0,136.0,139.0,236.0,151.0,65.0,312.0,164.0,37.5,321.0,157.0,,,,33,,Andrey,Nascimento dos Santos,Andrey Santos,,,1063,0,0,1,16,0,0,0,4,0,0,11,113,,,,0.0,0.08,1.35,0.93,9.57,29,44,40
264,u,0.0,0.0,4.0,671,164.0,0,0.0,0,0.0,0.0,706,249.0,0,0,0.0,583.0,212.0,0,0,0.0,432.0,159.0,0.0,0.0,0.0,0,0,3933,0,0.0,0.0,0.0,0.0,0.0,0.0,0.0,0.0,0.0,0.0,0.0,573.0,211.0,0.0,563.0,211.0,0.0,532.0,207.0,0.0,575.0,211.0,,,,33,,Rob,Holding,Holding,Has joined Colorado Rapids permanently.,,0,0,0,0,0,0,0,0,0,0,0,0,0,,,,0.0,0.0,0.0,0.0,0.0,0,0,0
265,a,100.0,100.0,4.0,728,198.0,0,0.0,0,0.0,0.0,694,245.0,0,0,0.0,629.0,238.0,0,0,0.0,486.0,191.0,0.0,0.0,0.0,1001,5,2477,7,-0.5,0.0,0.0,0.0,0.0,0.0,0.0,0.0,0.0,0.0,0.0,620.0,238.0,0.0,612.0,238.0,0.0,582.0,235.0,0.0,622.0,238.0,,,,33,,Caleb,Kporha,Kporha,,,0,0,0,0,0,0,0,0,0,0,0,0,0,,,,0.0,0.0,0.0,0.0,0.0,0,0,0
267,a,100.0,100.0,6.3,69,46.0,0,0.0,-2,2.0,3.8,98,32.0,94,0,4.5,33.0,14.0,9,289,0.5,317.0,150.0,0.1,14.9,0.0,2751109,2813,2890820,1904,0.0,0.5,8.04,0.77,8.8,24.79,0.41,0.04,0.45,1.27,381.4,163.0,57.0,204.6,178.0,118.0,409.0,54.0,31.0,99.7,109.0,62.0,,,3.0,33,,Ismaïla,Sarr,Sarr,,,1752,7,1,9,19,0,0,0,2,0,0,20,118,,,,0.0,0.46,0.98,1.03,6.06,18,36,64
268,i,0.0,0.0,4.9,323,200.0,0,0.0,-1,1.0,0.0,800,354.0,0,0,0.0,783.0,340.0,0,0,0.0,728.0,303.0,0.0,0.0,0.0,482,3,698,3,0.0,0.0,0.0,0.0,0.0,0.0,0.0,0.0,0.0,0.0,0.0,782.0,339.0,0.0,778.0,339.0,0.0,774.0,337.0,0.0,782.0,339.0,,,,33,,Cheick,Doucouré,Doucouré,Lack of match fitness - Expected back 01 Jun,,0,0,0,0,0,0,0,0,0,0,0,0,0,,,,0.0,0.0,0.0,0.0,0.0,0,0,0
269,u,0.0,0.0,4.7,396,247.0,0,0.0,-3,3.0,0.1,464,159.0,4,0,1.0,491.0,222.0,0,12,0.0,700.0,283.0,0.0,0.9,0.0,11622,0,28947,10,0.0,0.0,0.0,0.04,0.04,1.74,0.0,0.09,0.09,3.92,6.8,476.0,214.0,2.7,458.0,220.0,6.0,433.0,209.0,1.5,480.0,219.0,,,,33,,Romain,Esse,Esse,has joined Coventry City on loan for the rest of the season.,,40,0,0,0,0,0,0,0,0,0,0,0,5,,,,0.0,0.0,0.0,0.0,11.25,3,0,2
270,a,100.0,100.0,4.7,377,235.0,0,0.0,-3,3.0,0.1,486,170.0,41,0,1.5,411.0,176.0,0,194,1.0,233.0,104.0,0.2,8.7,0.0,21948,26,26011,29,0.5,1.0,1.11,1.69,2.8,21.3,0.07,0.11,0.18,1.42,169.0,313.0,139.0,294.0,120.0,83.0,86.0,285.0,154.0,54.8,255.0,126.0,3.0,,,33,,Will,Hughes,Hughes,,,1353,0,1,5,14,0,0,0,7,0,0,16,133,,,,0.0,0.33,0.93,1.06,8.85,26,48,59
271,a,100.0,100.0,5.0,250,150.0,0,0.0,0,0.0,0.1,531,194.0,54,0,2.6,254.0,103.0,0,255,0.5,307.0,146.0,0.1,10.8,0.0,44313,38,43385,11,0.0,0.5,1.42,2.08,3.5,18.27,0.09,0.13,0.22,1.1,177.6,301.0,132.0,245.0,156.0,104.0,138.0,223.0,122.0,56.2,252.0,124.0,4.0,,,33,,Daichi,Kamada,Kamada,,,1493,0,2,6,17,0,0,0,2,0,0,17,161,,,,0.0,0.36,1.02,1.02,9.71,48,29,84
278,u,0.0,0.0,4.4,545,327.0,0,0.0,-1,1.0,0.0,655,259.0,0,0,0.0,676.0,259.0,0,0,0.0,572.0,191.0,0.0,0.0,0.0,4359,0,9593,3,0.0,0.0,0.0,0.0,0.0,0.0,0.0,0.0,0.0,0.0,0.0,668.0,251.0,0.0,664.0,255.0,0.0,643.0,245.0,0.0,670.0,253.0,,,,33,,Jesurun,Rak-Sakyi,J.Rak-Sakyi,has joined Stoke City on loan for the rest of the season.,,0,0,0,0,0,0,0,0,0,0,0,0,0,,,,0.0,0.0,0.0,0.0,0.0,0,0,0
279,u,0.0,0.0,4.5,462,280.0,0,0.0,0,0.0,0.0,771,330.0,0,0,0.0,724.0,295.0,0,0,0.0,635.0,234.0,0.0,0.0,0.0,95,0,1653,0,0.0,0.0,0.0,0.0,0.0,0.0,0.0,0.0,0.0,0.0,0.0,719.0,290.0,0.0,714.0,292.0,0.0,698.0,285.0,0.0,720.0,291.0,,,,33,,Matheus,França de Oliveira,M.França,Has joined CR Vasco da Gama on loan for the rest of the season.,,0,0,0,0,0,0,0,0,0,0,0,0,0,,,,0.0,0.0,0.0,0.0,0.0,0,0,0
280,u,0.0,0.0,4.5,457,275.0,0,0.0,0,0.0,0.0,817,363.0,0,0,0.0,721.0,292.0,0,0,0.0,632.0,231.0,0.0,0.0,0.0,0,0,192,0,0.0,0.0,0.0,0.0,0.0,0.0,0.0,0.0,0.0,0.0,0.0,716.0,287.0,0.0,711.0,289.0,0.0,695.0,282.0,0.0,717.0,288.0,,,,33,,David,Ozoh,Ozoh,Has joined Derby County on loan for the rest of the season.,,0,0,0,0,0,0,0,0,0,0,0,0,0,,,,0.0,0.0,0.0,0.0,0.0,0,0,0
281,a,,,4.4,555,334.0,0,0.0,-1,1.0,0.0,586,219.0,1,0,1.0,476.0,209.0,0,2,0.0,580.0,198.0,0.0,0.2,0.0,6047,9,7235,11,-0.5,0.0,0.0,0.0,0.0,0.65,0.0,0.0,0.0,19.5,0.0,674.0,257.0,0.1,490.0,238.0,0.0,650.0,252.0,0.0,676.0,259.0,,,,33,,Kaden,Rodney,Rodney,,,3,0,0,0,0,0,0,0,0,0,0,0,0,,,,0.0,0.0,0.0,0.0,0.0,0,0,0
687,a,,,4.3,617,365.0,0,0.0,-2,2.0,0.2,393,132.0,0,0,0.0,666.0,254.0,0,0,0.0,552.0,184.0,0.0,0.0,0.0,26625,38,22097,106,0.0,0.0,0.0,0.0,0.0,0.0,0.0,0.0,0.0,0.0,0.0,656.0,244.0,0.0,652.0,249.0,0.0,629.0,238.0,0.0,658.0,246.0,,,,33,,Remy,Rees-Dottin,Rees-Dottin,,,0,0,0,0,0,0,0,0,0,0,0,0,0,,,,0.0,0.0,0.0,0.0,0.0,0,0,0
664,a,,,3.9,749,72.0,0,0.0,-1,1.0,0.7,231,31.0,0,0,0.0,549.0,45.0,0,0,0.0,392.0,33.0,0.0,0.0,0.0,43624,29,56804,77,0.0,0.0,0.0,0.0,0.0,0.0,0.0,0.0,0.0,0.0,0.0,539.0,45.0,0.0,524.0,26.0,0.0,492.0,13.0,0.0,541.0,45.0,,,,33,,Benjamin,Lecomte,Lecomte,,,0,0,0,0,0,0,0,0,0,0,0,0,0,,,,0.0,0.0,0.0,0.0,0.0,0,0,0
727,a,100.0,100.0,5.3,186,117.0,0,0.0,-2,2.0,0.1,520,189.0,54,1,2.8,223.0,91.0,1,215,1.0,243.0,109.0,0.2,10.2,0.0,101113,53,94947,68,1.0,1.0,2.03,3.2,5.23,14.52,0.21,0.34,0.55,1.52,259.2,244.0,104.0,279.8,134.0,89.0,226.0,132.0,78.0,76.2,176.0,90.0,,,,33,,Samuel,Chukwueze,Chukwueze,,,857,3,4,1,16,0,0,0,0,0,0,7,72,,,,0.0,0.11,1.68,0.74,7.56,6,17,49
731,i,0.0,0.0,5.7,119,75.0,0,0.0,-3,3.0,0.1,584,218.0,43,0,1.9,365.0,158.0,0,158,0.0,802.0,353.0,0.0,7.5,0.0,34770,5,32111,24,0.0,0.0,1.12,1.4,2.52,13.01,0.11,0.14,0.25,1.3,200.8,285.0,119.0,231.6,164.0,110.0,206.0,151.0,85.0,63.6,227.0,111.0,,,,33,,Kevin,Santos Lopes de Macedo,Kevin,Foot injury - Unknown return date,,898,1,2,4,15,0,0,0,1,0,0,8,75,,,,0.0,0.4,1.5,0.8,7.52,19,16,40
770,a,,,4.5,505,314.0,0,0.0,0,0.0,0.0,780,337.0,0,0,0.0,756.0,320.0,0,0,0.0,677.0,268.0,0.0,0.0,0.0,735,8,462,9,0.0,0.0,0.0,0.0,0.0,0.0,0.0,0.0,0.0,0.0,0.0,755.0,319.0,0.0,748.0,319.0,0.0,735.0,315.0,0.0,755.0,319.0,,,,33,,Seth,Ridgeon,Ridgeon,,,0,0,0,0,0,0,0,0,0,0,0,0,0,,,,0.0,0.0,0.0,0.0,0.0,0,0,0
824,a,,,4.0,725,196.0,0,0.0,0,0.0,0.0,804,265.0,0,0,0.0,626.0,236.0,0,0,0.0,483.0,189.0,0.0,0.0,0.0,77,3,27,10,-0.5,0.0,0.0,0.0,0.0,0.0,0.0,0.0,0.0,0.0,0.0,617.0,236.0,0.0,609.0,236.0,0.0,579.0,233.0,0.0,619.0,236.0,,,,33,,Conor,McManus,McManus,,,0,0,0,0,0,0,0,0,0,0,0,0,0,,,,0.0,0.0,0.0,0.0,0.0,0,0,0
811,a,,,4.5,461,279.0,0,0.0,0,0.0,0.0,792,347.0,0,0,0.0,723.0,294.0,0,0,0.0,634.0,233.0,0.0,0.0,0.0,421,5,221,11,0.5,0.0,0.0,0.0,0.0,0.0,0.0,0.0,0.0,0.0,0.0,718.0,289.0,0.0,713.0,291.0,0.0,697.0,284.0,0.0,719.0,290.0,,,,33,,Rio,Kyerematen,Kyerematen,,,0,0,0,0,0,0,0,0,0,0,0,0,0,,,,0.0,0.0,0.0,0.0,0.0,0,0,0
818,a,,,4.5,503,71.0,0,0.0,0,0.0,0.0,645,84.0,0,0,0.0,754.0,81.0,0,0,0.0,675.0,71.0,0.0,0.0,0.0,3902,122,1623,68,0.5,0.0,0.0,0.0,0.0,0.0,0.0,0.0,0.0,0.0,0.0,753.0,81.0,0.0,746.0,80.0,0.0,733.0,80.0,0.0,753.0,81.0,,,,33,,James,Wilson,Wilson,,,0,0,0,0,0,0,0,0,0,0,0,0,0,,,,0.0,0.0,0.0,0.0,0.0,0,0,0
326,a,100.0,100.0,5.1,222,136.0,0,0.0,-4,4.0,0.2,412,143.0,24,0,1.0,503.0,231.0,0,71,0.7,285.0,134.0,0.1,4.7,0.0,17663,43,38095,39,0.7,0.7,0.69,0.56,1.25,8.24,0.17,0.14,0.31,2.06,29.2,439.0,194.0,68.5,324.0,176.0,68.0,309.0,163.0,16.0,399.0,182.0,,,,33,,Adama,Traoré Diarra,Adama,,,360,0,0,0,11,0,0,0,1,0,0,1,17,,,,0.0,0.0,2.75,0.25,4.25,1,2,14
601,u,0.0,0.0,4.0,665,41.0,0,0.0,0,0.0,0.2,363,51.0,0,0,0.0,579.0,65.0,0,0,0.0,427.0,54.0,0.0,0.0,0.0,3874,0,43165,15,0.0,0.0,0.0,0.0,0.0,0.0,0.0,0.0,0.0,0.0,0.0,569.0,65.0,0.0,558.0,50.0,0.0,527.0,37.0,0.0,571.0,65.0,,,,33,,Wes,Foderingham,Foderingham,has joined Aris Limassol permanently.,,0,0,0,0,0,0,0,0,0,0,0,0,0,,,,0.0,0.0,0.0,0.0,0.0,0,0,0
180,i,0.0,0.0,5.2,218,51.0,0,0.0,-3,3.0,0.1,536,74.0,16,0,1.8,382.0,44.0,0,55,0.0,770.0,83.0,0.0,3.1,0.0,13443,13,23450,13,0.0,0.0,0.44,0.11,0.55,2.59,0.3,0.08,0.38,1.77,66.6,404.0,47.0,65.7,330.0,40.0,44.0,344.0,54.0,17.7,394.0,50.0,,,,33,,Stefanos,Tzimas,Tzimas,Knee injury - Expected back 01 Jun,,132,1,1,0,2,0,0,0,0,0,0,1,15,,,,0.0,0.0,1.36,0.68,10.23,3,2,10
181,a,,,4.8,375,64.0,0,0.0,-2,2.0,0.3,306,47.0,31,1,1.8,376.0,43.0,3,123,0.2,352.0,49.0,0.0,6.5,0.0,56778,57,78744,109,0.0,-0.1,1.8,0.28,2.08,4.66,0.54,0.08,0.62,1.4,130.0,344.0,34.0,91.8,294.0,32.0,198.0,155.0,37.0,41.9,306.0,34.0,,,,33,,Charalampos,Kostoulas,Kostoulas,,,300,2,1,1,7,0,0,0,2,0,0,2,38,,,,0.0,0.3,2.1,0.6,11.4,11,5,22
744,a,,,4.5,469,285.0,0,0.0,0,0.0,0.0,718,297.0,1,0,1.0,483.0,215.0,0,3,0.0,641.0,239.0,0.0,0.2,0.0,3027,4,2252,5,0.0,-0.5,0.0,0.0,0.0,0.0,0.0,0.0,0.0,0.0,0.0,725.0,295.0,0.0,719.0,296.0,0.0,704.0,290.0,0.0,726.0,296.0,,,,33,,Nehemiah,Oriola,Oriola,,,1,0,0,0,0,0,0,0,0,0,0,0,0,,,,0.0,0.0,0.0,0.0,0.0,0,0,0
761,a,,,4.0,732,202.0,0,0.0,0,0.0,0.0,692,244.0,0,0,0.0,632.0,241.0,0,0,0.0,490.0,195.0,0.0,0.0,0.0,1250,9,943,5,0.0,-0.5,0.0,0.0,0.0,0.0,0.0,0.0,0.0,0.0,0.0,623.0,241.0,0.0,615.0,241.0,0.0,585.0,238.0,0.0,625.0,241.0,,,,33,,Freddie,Simmonds,Simmonds,,,0,0,0,0,0,0,0,0,0,0,0,0,0,,,,0.0,0.0,0.0,0.0,0.0,0,0,0
223,a,,,3.9,769,83.0,0,0.0,-1,1.0,0.1,472,69.0,0,0,0.0,561.0,54.0,0,0,0.0,407.0,43.0,0.0,0.0,0.0,10218,8,13181,19,0.0,0.5,0.0,0.0,0.0,0.0,0.0,0.0,0.0,0.0,0.0,551.0,54.0,0.0,538.0,37.0,0.0,506.0,24.0,0.0,553.0,54.0,,,,33,,Gabriel,Słonina,Slonina,,,0,0,0,0,0,0,0,0,0,0,0,0,0,,,,0.0,0.0,0.0,0.0,0.0,0,0,0
89,u,0.0,0.0,4.9,293,182.0,0,0.0,-1,1.0,0.0,679,273.0,0,0,0.0,775.0,333.0,0,0,0.0,712.0,292.0,0.0,0.0,0.0,598,0,6642,1,0.0,0.0,0.0,0.0,0.0,0.0,0.0,0.0,0.0,0.0,0.0,774.0,332.0,0.0,770.0,332.0,0.0,766.0,330.0,0.0,774.0,332.0,,,,33,,Philip,Billing,Philip,has joined Midtjylland permanently.,,0,0,0,0,0,0,0,0,0,0,0,0,0,,,,0.0,0.0,0.0,0.0,0.0,0,0,0
84,a,100.0,100.0,5.4,162,102.0,0,0.0,-1,1.0,5.2,75,25.0,118,7,4.1,53.0,23.0,11,452,3.0,102.0,44.0,0.6,21.9,0.0,1535043,1747,888795,7608,0.0,6.0,8.4,3.71,12.11,35.85,0.33,0.15,0.48,1.4,554.2,68.0,19.0,628.5,23.0,22.0,508.0,36.0,20.0,169.2,28.0,23.0,2.0,2.0,4.0,33,,Marcus,Tavernier,Tavernier,,,2300,6,4,9,41,0,0,0,5,0,0,26,216,,,,0.0,0.35,1.6,1.02,8.45,34,55,127
85,a,100.0,100.0,4.9,299,186.0,0,0.0,-1,1.0,0.3,344,119.0,62,1,3.1,188.0,73.0,3,287,0.7,279.0,129.0,0.1,12.7,0.0,81382,56,95349,68,0.0,1.4,0.61,0.37,0.98,22.39,0.04,0.02,0.06,1.38,312.2,208.0,88.0,95.6,288.0,169.0,110.0,254.0,139.0,52.1,268.0,136.0,,,,33,,Tyler,Adams,Adams,,,1457,2,1,6,25,0,0,0,7,0,0,18,188,,,,0.0,0.37,1.54,1.11,11.61,42,68,78
86,a,100.0,100.0,5.0,246,148.0,0,0.0,0,0.0,0.2,394,133.0,50,1,1.9,358.0,154.0,4,195,0.7,282.0,132.0,0.1,10.0,0.0,74447,28,79924,73,0.0,1.4,4.93,3.17,8.1,18.49,0.41,0.26,0.67,1.53,210.2,278.0,114.0,340.1,94.0,68.0,402.0,56.0,32.0,93.8,123.0,71.0,5.0,4.0,,33,,David,Brooks,Brooks,,,1085,1,2,4,19,0,0,0,7,0,0,12,86,,,,0.0,0.33,1.58,1.0,7.13,17,18,51
87,a,100.0,100.0,4.9,291,180.0,0,0.0,-1,1.0,0.2,389,131.0,46,2,2.0,345.0,148.0,2,193,1.3,206.0,93.0,0.3,9.4,0.0,31689,84,20283,637,0.0,2.6,1.64,0.71,2.35,17.48,0.17,0.08,0.25,1.86,208.2,280.0,115.0,169.1,207.0,134.0,164.0,189.0,103.0,54.5,258.0,128.0,6.0,,,33,,Ryan,Christie,Christie,,,844,2,1,3,13,0,0,0,3,0,0,7,106,,,,0.0,0.32,1.39,0.75,11.3,24,31,51
803,a,,,4.0,704,59.0,0,0.0,0,0.0,0.0,775,90.0,0,0,0.0,609.0,81.0,0,0,0.0,463.0,72.0,0.0,0.0,0.0,235,6,177,2,0.0,0.5,0.0,0.0,0.0,0.0,0.0,0.0,0.0,0.0,0.0,600.0,81.0,0.0,591.0,68.0,0.0,560.0,55.0,0.0,602.0,81.0,,,,33,,Teddy,Sharman-Lowe,Sharman-Lowe,,,0,0,0,0,0,0,0,0,0,0,0,0,0,,,,0.0,0.0,0.0,0.0,0.0,0,0,0
253,a,,,5.1,223,7.0,0,0.0,1,-1.0,8.1,48,9.0,117,0,3.9,70.0,7.0,7,490,1.0,239.0,21.0,0.2,22.9,0.0,1152843,1786,1041274,3063,0.5,1.0,0.0,0.1,0.1,40.17,0.0,0.0,0.0,1.34,706.8,33.0,10.0,10.0,435.0,14.0,0.0,798.0,92.0,71.6,198.0,9.0,,,,33,,Dean,Henderson,Henderson,,,2700,0,0,10,36,0,1,0,3,0,88,30,80,,,,2.93,0.33,1.2,1.0,0.0,0,45,246
254,a,100.0,100.0,3.9,752,74.0,0,0.0,-1,1.0,0.3,309,42.0,7,0,7.0,1.0,1.0,0,29,0.0,395.0,35.0,0.0,1.8,0.0,20761,53,33486,59,-0.5,0.0,0.0,0.0,0.0,1.12,0.0,0.0,0.0,1.12,22.8,451.0,35.0,0.0,526.0,28.0,0.0,494.0,15.0,2.3,472.0,35.0,,,,33,,Walter,Benítez,Benitez,,,90,0,0,1,0,0,0,0,0,0,3,1,0,,,,3.0,1.0,0.0,1.0,0.0,0,1,9
428,a,100.0,100.0,5.0,279,172.0,0,0.0,0,0.0,0.0,713,292.0,0,0,0.0,801.0,353.0,0,0,0.0,756.0,323.0,0.0,0.0,0.0,271,2,2644,3,0.0,0.5,0.0,0.0,0.0,0.0,0.0,0.0,0.0,0.0,0.0,800.0,352.0,0.0,798.0,352.0,0.0,793.0,350.0,0.0,800.0,352.0,,,,33,,Sverre,Nypan,Nypan,,,0,0,0,0,0,0,0,0,0,0,0,0,0,,,,0.0,0.0,0.0,0.0,0.0,0,0,0
790,a,,,4.5,502,312.0,0,0.0,0,0.0,0.0,765,325.0,0,0,0.0,753.0,318.0,0,0,0.0,674.0,266.0,0.0,0.0,0.0,847,9,465,6,0.5,0.0,0.0,0.0,0.0,0.0,0.0,0.0,0.0,0.0,0.0,752.0,317.0,0.0,745.0,317.0,0.0,732.0,313.0,0.0,752.0,317.0,,,,33,,Lucá,Williams-Barnett,Williams-Barnett,,,0,0,0,0,0,0,0,0,0,0,0,0,0,,,,0.0,0.0,0.0,0.0,0.0,0,0,0
655,u,0.0,0.0,4.9,326,61.0,0,0.0,-1,1.0,0.2,400,60.0,0,0,0.0,785.0,86.0,0,0,0.0,730.0,79.0,0.0,0.0,0.0,7178,0,55467,5,0.0,0.0,0.0,0.0,0.0,0.0,0.0,0.0,0.0,0.0,0.0,784.0,86.0,0.0,780.0,85.0,0.0,776.0,85.0,0.0,784.0,86.0,,,,33,,Fábio,Soares Silva,Fábio Silva,has joined Borussia Dortmund permanently.,,0,0,0,0,0,0,0,0,0,0,0,0,0,,,,0.0,0.0,0.0,0.0,0.0,0,0,0
656,u,0.0,0.0,4.9,318,59.0,0,0.0,-1,1.0,0.0,592,81.0,1,0,1.0,495.0,59.0,0,1,0.0,725.0,78.0,0.0,0.2,0.0,1691,0,10172,1,0.0,0.0,0.0,0.01,0.01,0.1,0.0,0.06,0.06,0.64,1.0,506.0,61.0,4.3,449.0,58.0,2.0,454.0,61.0,0.7,495.0,61.0,,,,33,,Saša,Kalajdžić,Kalajdžić,has joined LASK on loan for the rest of the season.,,14,0,0,0,0,0,0,0,0,0,0,0,2,,,,0.0,0.0,0.0,0.0,12.86,0,1,1
657,a,100.0,100.0,4.4,566,81.0,0,0.0,-1,1.0,0.0,632,83.0,0,0,0.0,689.0,74.0,0,0,0.0,589.0,64.0,0.0,0.0,0.0,5632,39,7828,19,-0.5,-0.5,0.0,0.0,0.0,0.0,0.0,0.0,0.0,0.0,0.0,683.0,74.0,0.0,678.0,73.0,0.0,659.0,73.0,0.0,685.0,74.0,,,,33,,Leon,Chiwome,Chiwome,,,0,0,0,0,0,0,0,0,0,0,0,0,0,,,,0.0,0.0,0.0,0.0,0.0,0,0,0
658,a,,,4.2,644,89.0,0,0.0,-3,3.0,1.8,144,21.0,0,0,0.0,648.0,63.0,0,0,0.0,516.0,51.0,0.0,0.0,0.0,282331,366,377835,487,-0.5,-0.5,0.0,0.0,0.0,0.0,0.0,0.0,0.0,0.0,0.0,640.0,63.0,0.0,634.0,62.0,0.0,608.0,62.0,0.0,642.0,63.0,,,,33,,Nathan,Fraser,Fraser,,,0,0,0,0,0,0,0,0,0,0,0,0,0,,,,0.0,0.0,0.0,0.0,0.0,0,0,0
663,u,0.0,0.0,4.9,314,195.0,0,0.0,-6,6.0,0.1,446,151.0,45,0,2.0,346.0,149.0,2,175,0.0,721.0,298.0,0.0,9.2,0.0,20148,0,82410,10,0.0,0.0,3.38,0.62,4.0,16.0,0.27,0.05,0.32,1.29,171.0,311.0,137.0,204.0,179.0,119.0,148.0,211.0,116.0,52.1,269.0,137.0,,,,33,,Jhon,Arias,J.Arias,has joined Palmeiras permanently.,,1117,1,0,2,21,0,0,0,1,0,0,14,125,,,,0.0,0.16,1.69,1.13,10.07,43,24,58
