player_id,gameweek,position,team_code,points_roll3,points_roll5,xg_roll3,xg_roll5,xa_roll3,xa_roll5,bps_roll3,bps_roll5,ict_roll3,ict_roll5,minutes_roll3,minutes_roll5,defcon_roll3,defcon_roll5,points_std5,team_xg_for_roll5,team_xg_against_roll5,team_elo,opp_xg_against_roll5,opp_elo,has_double_gw,ppm_roll5,start_rate_roll5,gkp_saves_roll3,def_clean_sheet_roll5,def_attacking_return_rate,mid_creativity_roll3,mid_threat_roll3,mid_shots_on_target_roll3,mid_touches_box_roll3,fwd_xg_roll3,fwd_shots_on_target_roll3,fwd_touches_box_roll3,is_penalty_taker,is_corner_freekick_taker,is_direct_freekick_taker
1,7,GKP,3,3.33333,3.6,0,0,0.00666667,0.008,16,17.6,1.66667,1.86,90,90,9.33333,11.4,2.19089,1.628,0.474,2015.99,1.56,1727.58,False,0.642857,1,1.66667,,,,,,,,,,0,0,0
2,7,GKP,3,0,0,,,,,0,0,0,0,0,0,0,0,0,1.628,0.474,2015.99,1.56,1727.58,False,0,0,0,,,,,,,,,,0,0,0
3,7,GKP,3,0,0,,,,,0,0,0,0,0,0,0,0,0,1.628,0.474,2015.99,1.56,1727.58,False,0,0,0,,,,,,,,,,0,0,0
4,7,GKP,3,0,0,,,,,0,0,0,0,0,0,0,0,0,1.628,0.474,2015.99,1.56,1727.58,False,0,0,0,,,,,,,,,,0,0,0
5,7,DEF,3,8,6.4,0.14,0.096,0.0133333,0.012,26.3333,22.6,5.73333,4.28,90,90,14.3333,12,4.72229,1.628,0.474,2015.99,1.56,1727.58,False,1.03226,1,,0.4,0.2,,,,,,,,0,0,0
6,7,DEF,3,1,2,0.05,0.025,0.045,0.025,7.66667,10.8,1.6,1.48,45,45.8,6.33333,6.8,2.34521,1.628,0.474,2015.99,1.56,1727.58,False,0.333333,0.6,,0.2,0,,,,,,,,0,0,0
7,7,DEF,3,2.66667,4.6,0.0766667,0.15,0.0333333,0.024,7.66667,14,2.63333,3.66,75.3333,75.8,7,7.6,4.9295,1.628,0.474,2015.99,1.56,1727.58,False,0.807018,1,,0.4,0.4,,,,,,,,0,0,0
8,7,DEF,3,3.66667,7.4,0.276667,0.346,0.123333,0.094,21,27.6,6.5,8.58,86.3333,82.4,9.66667,9.6,9.68504,1.628,0.474,2015.99,1.56,1727.58,False,1.25424,1,,0.4,0.6,,,,,,,,0,0,0
9,7,DEF,3,0,0,,,,,0,0,0,0,0,0,0,0,0,1.628,0.474,2015.99,1.56,1727.58,False,0,0,,0,0,,,,,,,,0,0,0
10,7,DEF,3,0.666667,0.6,0,0,0,0,1.66667,2.4,0.1,0.22,8,10,1,1.2,0.547723,1.628,0.474,2015.99,1.56,1727.58,False,0.115385,0,,0,0,,,,,,,,0,0,0
11,7,DEF,3,0,0,,,,,0,0,0,0,0,0,0,0.8,0,1.628,0.474,2015.99,1.56,1727.58,False,0,0,,0,0,,,,,,,,0,0,0
12,7,DEF,17,1.33333,0.8,0.02,0.02,0.085,0.085,10.6667,6.4,3.23333,1.94,60,36,7.33333,4.4,1.09545,0.928,1.574,1766.48,0.876,1872.67,False,0.163265,0.4,,0,0,,,,,,,,0,0,0
13,7,DEF,3,0,0,,,,,0,0,0,0,0,0,0,0,0,1.628,0.474,2015.99,1.56,1727.58,False,0,0,,0,0,,,,,,,,0,0,0
14,7,DEF,3,0,0,,,,,0,0,0,0,0,0,0,0,0,1.628,0.474,2015.99,1.56,1727.58,False,0,0,,0,0,,,,,,,,0,0,0
15,7,DEF,3,0,0,,,,,0,0,0,0,0,0,0,0,0,1.628,0.474,2015.99,1.56,1727.58,False,0,0,,0,0,,,,,,,,0,0,0
16,7,MID,3,1,1.8,0.06,0.0766667,0.11,0.0833333,5.66667,8.8,3.03333,3.66,38,33.2,2.66667,2.4,2.48998,1.628,0.474,2015.99,1.56,1727.58,False,0.181818,0.4,,,,14.5667,12.3333,0.5,4,,,,0,0,0
17,7,MID,3,1.66667,1.4,0,0.0125,0.125,0.0775,6.33333,5.4,1.33333,1.1,8.33333,16.4,0.333333,0.8,1.51658,1.628,0.474,2015.99,1.56,1727.58,False,0.177215,0.4,,,,7.2,0,0,0,,,,0,0,0
18,7,MID,3,1.33333,1.8,0.075,0.0725,0.36,0.21,7.33333,7.4,5,4.64,41,54.8,3,2.8,1.30384,1.628,0.474,2015.99,1.56,1727.58,False,0.26087,0.8,,,,24.1667,18.3333,0.5,9.5,,,,0,0,0
19,7,MID,3,3,2.4,0.0833333,0.0625,0.00333333,0.0025,10.3333,8,2.1,1.42,14,22.2,1.33333,1.4,2.79285,1.628,0.474,2015.99,1.56,1727.58,False,0.347826,0.2,,,,1.7,7,0.333333,0.666667,,,,0,0,0
20,7,MID,3,2.66667,1.8,0.143333,0.125,0.143333,0.115,10,6.8,3.06667,2.46,60.3333,43.6,2,1.2,1.48324,1.628,0.474,2015.99,1.56,1727.58,False,0.26087,0.4,,,,10.6,11,0,3.66667,,,,0,0,0
21,7,MID,3,4.33333,4.6,0,0.004,0.13,0.206,18.6667,19,5.6,5.68,67.3333,76.4,8,8,3.04959,1.628,0.474,2015.99,1.56,1727.58,False,0.707692,0.8,,,,30.6667,2,0,1,,,,0,0,0
22,7,MID,3,3.33333,2.6,0.06,0.045,0.0333333,0.03,14.6667,10,4.9,3.1,51.6667,44.8,6.66667,5,2.30217,1.628,0.474,2015.99,1.56,1727.58,False,0.440678,0.6,,,,12.5667,17.3333,0.666667,1,,,,0,0,0
23,7,MID,3,0,0,,,,,0,0,0,0,0,0,0,0,0,1.628,0.474,2015.99,1.56,1727.58,False,0,0,,,,0,0,,,,,,0,0,0
24,7,MID,3,0,0,,,,,0,0,0,0,0,0,0,0,0,1.628,0.474,2015.99,1.56,1727.58,False,0,0,,,,0,0,,,,,,0,0,0
25,7,MID,3,1.33333,1,0.075,0.0566667,0.015,0.0133333,3.66667,2.8,1.23333,0.98,26,26,1.66667,1.8,1.22474,1.628,0.474,2015.99,1.56,1727.58,False,0.188679,0,,,,6.36667,5,0,2,,,,0,0,0
26,7,MID,3,6.66667,4.8,0.0733333,0.054,0.196667,0.126,29.6667,21,6.6,4.42,87,88.2,5.33333,6.2,6.30079,1.628,0.474,2015.99,1.56,1727.58,False,0.872727,1,,,,21.8,12.3333,0.666667,2,,,,0,0,0
27,7,MID,94,0,0,,,,,0,0,0,0,0,0,0,0,0,1.292,1.414,1802.83,1.246,1958.74,False,0,0,,,,0,0,,,,,,0,0,0
28,7,MID,3,0,0,,,,,0,0,0,0,0,0,0,0,0,1.628,0.474,2015.99,1.56,1727.58,False,0,0,,,,0,0,,,,,,0,0,0
29,7,MID,3,0,0,,,,,0,0,0,0,0,0,0,0,0,1.628,0.474,2015.99,1.56,1727.58,False,0,0,,,,0,0,,,,,,0,0,0
30,7,FWD,3,0,0,,,,,0,0,0,0,0,0,0,0,0,1.628,0.474,2015.99,1.56,1727.58,False,0,0,,,,,,,,,,,0,0,0
31,7,FWD,3,0,0,,,,,0,0,0,0,0,0,0,0,0,1.628,0.474,2015.99,1.56,1727.58,False,0,0,,,,,,,,,,,0,0,0
32,7,GKP,7,4,2.8,0,0,0.00666667,0.0075,17.3333,13.4,2.16667,1.56,90,72,8,6.8,2.16795,0.952,1.58,1865.17,2.036,1716.6,False,0.56,0.8,2.66667,,,,,,,,,,0,0,0
33,7,GKP,7,0,0,,0,,0,0,-1.4,0,0.12,0,18,0,4.6,0,0.952,1.58,1865.17,2.036,1716.6,False,0,0.2,0,,,,,,,,,,0,0,0
34,7,GKP,7,0,0,,,,,0,0,0,0,0,0,0,0,0,0.952,1.58,1865.17,2.036,1716.6,False,0,0,0,,,,,,,,,,0,0,0
35,7,GKP,7,0,0,,,,,0,0,0,0,0,0,0,0,0,0.952,1.58,1865.17,2.036,1716.6,False,0,0,0,,,,,,,,,,0,0,0
36,7,DEF,7,5.66667,3.8,0.02,0.014,0.0666667,0.108,16.6667,13.4,3.86667,3.92,90,86.6,9.33333,9,3.89872,0.952,1.58,1865.17,2.036,1716.6,False,0.826087,1,,0.2,0.2,,,,,,,,0,0,0
37,7,DEF,7,3.66667,2.8,0.0433333,0.026,0.126667,0.108,15,11.2,2.8,2.12,79,61.4,6,5,2.04939,0.952,1.58,1865.17,2.036,1716.6,False,0.622222,0.8,,0.2,0.2,,,,,,,,0,0,0
38,7,DEF,7,3.33333,2.2,0,0,0.01,0.015,19.6667,12.4,2.26667,2.1,90,72,8,7,2.28035,0.952,1.58,1865.17,2.036,1716.6,False,0.488889,0.8,,0.2,0,,,,,,,,0,0,0
39,7,DEF,7,0,0.4,0,0.05,0.02,0.0666667,-0.666667,2.8,0.5,2.1,10.6667,28.2,1.66667,4.4,0.547723,0.952,1.58,1865.17,2.036,1716.6,False,0.0930233,0.2,,0,0,,,,,,,,0,0,0
40,7,DEF,7,4.66667,3.4,0.0733333,0.066,0.0133333,0.018,15,11.6,3.63333,3.42,70.3333,78.2,10.6667,10.2,3.36155,0.952,1.58,1865.17,2.036,1716.6,False,0.755556,1,,0.2,0,,,,,,,,0,0,0
41,7,DEF,7,0.333333,0.8,0,0.0233333,0.01,0.0466667,4.33333,4,0.433333,0.98,19.3333,32.8,4,5,0.83666,0.952,1.58,1865.17,2.036,1716.6,False,0.181818,0.2,,0,0,,,,,,,,0,0,0
42,7,DEF,7,0,0,,,,,0,0,0,0,0,0,0,0,0,0.952,1.58,1865.17,2.036,1716.6,False,0,0,,0,0,,,,,,,,0,0,0
43,7,DEF,7,0,0,,,,,0,0,0,0,0,0,0,0,0,0.952,1.58,1865.17,2.036,1716.6,False,0,0,,0,0,,,,,,,,0,0,0
44,7,DEF,7,4,2.6,0,0,0.0133333,0.014,13,7.8,1.2,0.82,57,38.6,5,3,3.64692,0.952,1.58,1865.17,2.036,1716.6,False,0.65,0.4,,0.2,0,,,,,,,,0,0,0
45,7,DEF,7,0,0,,,,,0,0,0,0,0,0,0,0,0,0.952,1.58,1865.17,2.036,1716.6,False,0,0,,0,0,,,,,,,,0,0,0
46,7,DEF,7,0,0,,,,,0,0,0,0,0,0,0,0,0,0.952,1.58,1865.17,2.036,1716.6,False,0,0,,0,0,,,,,,,,0,0,0
47,7,MID,7,3.33333,2.8,0.0266667,0.044,0.12,0.102,9.66667,8.2,4,3.96,87,88.2,4.66667,4.4,1.30384,0.952,1.58,1865.17,2.036,1716.6,False,0.405797,1,,,,19.5667,7.66667,0.333333,3,,,,0,0,0
48,7,MID,7,0.333333,1,0,0.0433333,0.02,0.12,3.33333,8.2,0.2,2.66,15,45,1.33333,2.8,1,0.952,1.58,1865.17,2.036,1716.6,False,0.169492,0.6,,,,0.766667,0,0,0,,,,0,0,0
49,7,MID,7,0,0,,,,,0,0,0,0,0,0,0,0,0,0.952,1.58,1865.17,2.036,1716.6,False,0,0,,,,0,0,,,,,,0,0,0
50,7,MID,7,5,3.4,0.17,0.144,0.0733333,0.108,13,9.4,5.06667,4.64,57.3333,55,6.33333,5.8,4.82701,0.952,1.58,1865.17,2.036,1716.6,False,0.641509,0.4,,,,10.3333,19.6667,0.333333,2.66667,,,,0,0,0
51,7,MID,7,0,0,,,,,0,0,0,0,0,0,0,0,0,0.952,1.58,1865.17,2.036,1716.6,False,0,0,,,,0,0,,,,,,0,0,0
52,7,MID,4,0,0.4,,0.015,,0.06,0,2.6,0,1.24,0,11.8,0,1.2,0.547723,0.748,0.876,1872.67,1.574,1766.48,False,0.0754717,0.2,,,,0,0,,,,,,0,0,0
53,7,MID,7,1,1.2,0.0566667,0.07,0.0133333,0.016,2.66667,2.4,1.06667,0.92,10.3333,27.8,0.666667,1.2,0.447214,0.952,1.58,1865.17,2.036,1716.6,False,0.235294,0.2,,,,4.36667,4.66667,0,1.66667,,,,0,0,0
54,7,MID,7,3.66667,3,0.17,0.112,0.13,0.126,17.3333,16.8,4.2,4.24,83.6667,79.4,7.33333,6.4,1.73205,0.952,1.58,1865.17,2.036,1716.6,False,0.555556,1,,,,17.1,5.33333,0.333333,0.333333,,,,0,0,0
55,7,MID,7,0,0,,,,,0,0,0,0,0,0,0,0,0,0.952,1.58,1865.17,2.036,1716.6,False,0,0,,,,0,0,,,,,,0,0,0
56,7,MID,7,0,0,,,,,0,0,0,0,0,0,0,0,0,0.952,1.58,1865.17,2.036,1716.6,False,0,0,,,,0,0,,,,,,0,0,0
57,7,MID,7,0,0,,,,,0,0,0,0,0,0,0,0,0,0.952,1.58,1865.17,2.036,1716.6,False,0,0,,,,0,0,,,,,,0,0,0
58,7,MID,7,2.33333,1.6,0,0,0.045,0.03,11,7.6,2.5,1.58,33,22.8,4.66667,3,2.50998,0.952,1.58,1865.17,2.036,1716.6,False,0.326531,0.4,,,,9.9,0,0,0,,,,0,0,0
59,7,MID,7,0,0.2,,0.23,,0.04,0,2,0,0.68,0,12.6,0,1.8,0.447214,0.952,1.58,1865.17,2.036,1716.6,False,0.0416667,0.2,,,,0,0,,,,,,0,0,0
60,7,MID,7,0,0,,,,,0,0,0,0,0,0,0,0,0,0.952,1.58,1865.17,2.036,1716.6,False,0,0,,,,0,0,,,,,,0,0,0
61,7,MID,7,0,0,,,,,0,0,0,0,0,0,0,0,0,0.952,1.58,1865.17,2.036,1716.6,False,0,0,,,,0,0,,,,,,0,0,0
62,7,MID,7,0,0,,,,,0,0,0,0,0,0,0,0,0,0.952,1.58,1865.17,2.036,1716.6,False,0,0,,,,0,0,,,,,,0,0,0
63,7,MID,7,0,0,,,,,0,0,0,0,0,0,0,0,0,0.952,1.58,1865.17,2.036,1716.6,False,0,0,,,,0,0,,,,,,0,0,0
64,7,FWD,7,4,3.2,0.0966667,0.254,0.02,0.036,13.3333,10,3.26667,3.9,87.3333,88.4,2.33333,2.4,2.68328,0.952,1.58,1865.17,2.036,1716.6,False,0.367816,1,,,,,,,,0.0966667,0.333333,3.33333,0,0,0
65,7,FWD,7,0,0,,,,,0,0,0,0,0,0,0,0,0,0.952,1.58,1865.17,2.036,1716.6,False,0,0,,,,,,,,,,,0,0,0
66,7,GKP,91,0,0,,,,,0,0,0,0,0,0,0,0,0,1.122,0.65,1827.55,1.296,1789.83,False,0,0,0,,,,,,,,,,0,0,0
67,7,GKP,91,3.66667,4.4,0,0,0,0,15,18,2.2,1.76,90,90,7.33333,10.6,1.81659,1.122,0.65,1827.55,1.296,1789.83,False,0.977778,1,2.66667,,,,,,,,,,0,0,0
68,7,GKP,91,0,0,,,,,0,0,0,0,0,0,0,0,0,1.122,0.65,1827.55,1.296,1789.83,False,0,0,0,,,,,,,,,,0,0,0
69,7,GKP,91,0,0,,,,,0,0,0,0,0,0,0,0,0,1.122,0.65,1827.55,1.296,1789.83,False,0,0,0,,,,,,,,,,0,0,0
70,7,GKP,91,0,0,,,,,0,0,0,0,0,0,0,0,0,1.122,0.65,1827.55,1.296,1789.83,False,0,0,0,,,,,,,,,,0,0,0
71,7,DEF,91,0,0,,,,,0,0,0,0,0,0,0,0,0,1.122,0.65,1827.55,1.296,1789.83,False,0,0,,0,0,,,,,,,,0,0,0
72,7,DEF,91,6.33333,8.4,0,0.028,0.0933333,0.064,21,27.2,5.2,4.76,90,90,16.6667,18,3.97492,1.122,0.65,1827.55,1.296,1789.83,False,1.71429,1,,0.6,0.4,,,,,,,,0,0,0
73,7,DEF,91,0,1.4,,0,,0.005,0,5.2,0,0.18,0,23,0,1,2.60768,1.122,0.65,1827.55,1.296,1789.83,False,0.318182,0.4,,0.2,0,,,,,,,,0,0,0
74,7,DEF,91,4.66667,5.4,0,0.002,0.0433333,0.054,15.3333,19.6,3.3,3.64,90,90,14,12.6,2.88097,1.122,0.65,1827.55,1.296,1789.83,False,1.2,1,,0.6,0,,,,,,,,0,0,0
75,7,DEF,91,0,0,,,,,0,0,0,0,0,0,0,0,0,1.122,0.65,1827.55,1.296,1789.83,False,0,0,,0,0,,,,,,,,0,0,0
76,7,DEF,91,0,0,,,,,0,0,0,0,0,0,0,0,0,1.122,0.65,1827.55,1.296,1789.83,False,0,0,,0,0,,,,,,,,0,0,0
77,7,DEF,91,1,1.8,0.06,0.03,0.015,0.0075,3.66667,6.2,1.76667,1.32,43.6667,39.4,2.66667,3.4,1.92354,1.122,0.65,1827.55,1.296,1789.83,False,0.45,0.2,,0.2,0,,,,,,,,0,0,0
78,7,DEF,91,0,0,,,,,0,0,0,0,0,0,0,0,0,1.122,0.65,1827.55,1.296,1789.83,False,0,0,,0,0,,,,,,,,0,0,0
79,7,DEF,91,0,0,,,,,0,0,0,0,0,0,0,0,0,1.122,0.65,1827.55,1.296,1789.83,False,0,0,,0,0,,,,,,,,0,0,0
80,7,DEF,91,0.333333,0.2,0,0,0,0,0.666667,0.4,0,0,0.333333,0.2,0,0,0.447214,1.122,0.65,1827.55,1.296,1789.83,False,0.05,0,,0,0,,,,,,,,0,0,0
81,7,MID,91,1,1,0.0666667,0.062,0.123333,0.076,5.33333,3.6,2.26667,1.84,36.3333,26,2,1.4,0,1.122,0.65,1827.55,1.296,1789.83,False,0.142857,0.2,,,,11.5667,5.66667,0.333333,1,,,,0,0,0
82,7,MID,91,8.33333,6.6,0.38,0.406,0.0533333,0.058,23.3333,17,7.06667,7.56,90,90,9.66667,8.8,4.03733,1.122,0.65,1827.55,1.296,1789.83,False,0.835443,1,,,,18.4,14,0.666667,2.66667,,,,0,0,0
83,7,MID,94,1.33333,3.8,0.18,0.278,0.0866667,0.056,2,9,1.86667,3.86,38.6667,57.8,1.33333,5.2,5.1672,1.292,1.414,1802.83,1.246,1958.74,False,0.633333,0.6,,,,3.93333,14,0.333333,3.66667,,,,0,0,0
84,7,MID,91,2,4,0.0333333,0.12,0.0533333,0.084,5.33333,10.4,2.5,3.82,63,69.2,6.33333,5.6,4,1.122,0.65,1827.55,1.296,1789.83,False,0.727273,0.8,,,,13.4,5.66667,0,2,,,,0,0,0
85,7,MID,91,2,2.4,0.02,0.024,0.0133333,0.012,17.6667,16.8,2.7,2.88,86.6667,87.4,10.6667,10.6,1.14018,1.122,0.65,1827.55,1.296,1789.83,False,0.48,1,,,,6.86667,6.33333,0.333333,0.333333,,,,0,0,0
86,7,MID,91,1.66667,2.4,0.06,0.138,0.0366667,0.22,4.33333,9.6,1.96667,3.74,52.6667,57.4,5,4.8,1.34164,1.122,0.65,1827.55,1.296,1789.83,False,0.48,0.8,,,,8.16667,10,0.333333,1.66667,,,,0,0,0
87,7,MID,91,1.66667,1.4,0.045,0.0375,0.02,0.015,3.66667,4.8,0.733333,1.16,28.6667,27.4,3.33333,4.2,1.51658,1.122,0.65,1827.55,1.296,1789.83,False,0.28,0.2,,,,3.3,3,0,1,,,,0,0,0
88,7,MID,91,0.333333,0.2,0,0,0,0,0.666667,0.4,0.0666667,0.04,1.33333,0.8,0.333333,0.2,0.447214,1.122,0.65,1827.55,1.296,1789.83,False,0.0408163,0,,,,0.0333333,0,0,0,,,,0,0,0
89,7,MID,91,0,0,,,,,0,0,0,0,0,0,0,0,0,1.122,0.65,1827.55,1.296,1789.83,False,0,0,,,,0,0,,,,,,0,0,0
90,7,MID,91,4.33333,3.6,0.0333333,0.04,0.0233333,0.046,16.6667,14.8,3.2,3.4,52.6667,57,7,6.8,3.1305,1.122,0.65,1827.55,1.296,1789.83,False,0.72,0.8,,,,9.2,3.33333,0.333333,0.333333,,,,0,0,0
91,7,MID,91,0,0,,,,,0,0,0,0,0,0,0,0,0,1.122,0.65,1827.55,1.296,1789.83,False,0,0,,,,0,0,,,,,,0,0,0
92,7,MID,91,0,0,,,,,0,0,0,0,0,0,0,0,0,1.122,0.65,1827.55,1.296,1789.83,False,0,0,,,,0,0,,,,,,0,0,0
93,7,MID,91,0,0,,,,,0,0,0,0,0,0,0,0,0,1.122,0.65,1827.55,1.296,1789.83,False,0,0,,,,0,0,,,,,,0,0,0
94,7,MID,91,0,0,,,,,0,0,0,0,0,0,0,0,0,1.122,0.65,1827.55,1.296,1789.83,False,0,0,,,,0,0,,,,,,0,0,0
95,7,MID,91,0,0,,,,,0,0,0,0,0,0,0,0,0,1.122,0.65,1827.55,1.296,1789.83,False,0,0,,,,0,0,,,,,,0,0,0
96,7,MID,91,0,0,,,,,0,0,0,0,0,0,0,0,0,1.122,0.65,1827.55,1.296,1789.83,False,0,0,,,,0,0,,,,,,0,0,0
97,7,FWD,91,3,3.8,0.08,0.148,0.06,0.052,11,16,3.1,5.48,90,87.4,5,4.2,2.68328,1.122,0.65,1827.55,1.296,1789.83,False,0.542857,1,,,,,,,,0.08,0.333333,5,0,0,0
98,7,FWD,91,0,0,,,,,0,0,0,0,0,0,0,0,0,1.122,0.65,1827.55,1.296,1789.83,False,0,0,,,,,,,,,,,0,0,0
99,7,FWD,91,0,0,,,,,0,0,0,0,0,0,0,0,0,1.122,0.65,1827.55,1.296,1789.83,False,0,0,,,,,,,,,,,0,0,0
100,7,FWD,91,2,1.6,0.23,0.0766667,0,0,9.33333,6.8,2.46667,1.52,3,4,0.333333,0.4,2.50998,1.122,0.65,1827.55,1.296,1789.83,False,0.355556,0,,,,,,,,0.23,2,3,0,0,0
101,7,GKP,94,3.66667,3.4,0,0,0,0.002,12.6667,12.2,3.9,2.8,90,90,8.66667,11.2,3.04959,1.292,1.414,1802.83,1.246,1958.74,False,0.755556,1,3.66667,,,,,,,,,,0,0,0
102,7,GKP,94,0,0,,,,,0,0,0,0,0,0,0,0,0,1.292,1.414,1802.83,1.246,1958.74,False,0,0,0,,,,,,,,,,0,0,0
103,7,GKP,94,0,0,,,,,0,0,0,0,0,0,0,0,0,1.292,1.414,1802.83,1.246,1958.74,False,0,0,0,,,,,,,,,,0,0,0
104,7,GKP,94,0,0,,,,,0,0,0,0,0,0,0,0,0,1.292,1.414,1802.83,1.246,1958.74,False,0,0,0,,,,,,,,,,0,0,0
105,7,GKP,94,0,0,,,,,0,0,0,0,0,0,0,0,0,1.292,1.414,1802.83,1.246,1958.74,False,0,0,0,,,,,,,,,,0,0,0
106,7,DEF,94,1.33333,3.2,0.05,0.03,0.123333,0.076,3.33333,9.4,4.93333,4.06,90,90,11.3333,14.6,3.49285,1.292,1.414,1802.83,1.246,1958.74,False,0.653061,1,,0.2,0,,,,,,,,0,0,0
107,7,DEF,94,1,3,0,0,0.02,0.012,1.33333,9.8,1.23333,1.14,56.3333,66,3.33333,6,2.73861,1.292,1.414,1802.83,1.246,1958.74,False,0.6,0.8,,0.4,0,,,,,,,,0,0,0
108,7,DEF,94,1.66667,1.2,0.045,0.03,0.205,0.136667,5.66667,4,1.93333,1.2,7.66667,5.6,1,0.8,1.64317,1.292,1.414,1802.83,1.246,1958.74,False,0.272727,0,,0,0.2,,,,,,,,0,0,0
109,7,DEF,94,1,0.6,0.0333333,0.026,0,0.004,2.66667,0.6,0.333333,0.26,19,16.2,3.33333,3.4,0.894427,1.292,1.414,1802.83,1.246,1958.74,False,0.136364,0,,0,0,,,,,,,,0,0,0
110,7,DEF,94,1.66667,3.2,0,0,0.0233333,0.018,7,10.8,2.46667,2.42,87.3333,87.2,10.3333,10.8,3.83406,1.292,1.414,1802.83,1.246,1958.74,False,0.711111,1,,0.2,0,,,,,,,,0,0,0
111,7,DEF,94,0,0,0,0,0.02,0.02,0.333333,0.2,1.43333,0.86,51.6667,31,6.33333,3.8,0.707107,1.292,1.414,1802.83,1.246,1958.74,False,0,0.4,,0,0,,,,,,,,0,0,0
112,7,DEF,94,0,0,,,,,0,0,0,0,0,0,0,0,0,1.292,1.414,1802.83,1.246,1958.74,False,0,0,,0,0,,,,,,,,0,0,0
113,7,DEF,94,1.33333,3,0.22,0.132,0,0.006,6.33333,10.6,3.56667,3.22,90,90,8,11.4,2.91548,1.292,1.414,1802.83,1.246,1958.74,False,0.666667,1,,0.2,0,,,,,,,,0,0,0
114,7,DEF,94,0,0,,,,,0,0,0,0,0,0,0,0,0,1.292,1.414,1802.83,1.246,1958.74,False,0,0,,0,0,,,,,,,,0,0,0
115,7,DEF,94,0,0,,,,,0,0,0,0,0,0,0,0,0,1.292,1.414,1802.83,1.246,1958.74,False,0,0,,0,0,,,,,,,,0,0,0
116,7,DEF,94,1,0.8,0,0,0.015,0.01,2.66667,2.6,0.2,0.2,27,18.4,2,1.6,0.83666,1.292,1.414,1802.83,1.246,1958.74,False,0.2,0.2,,0,0,,,,,,,,0,0,0
117,7,DEF,94,0,0,,,,,0,0,0,0,0,0,0,0,0,1.292,1.414,1802.83,1.246,1958.74,False,0,0,,0,0,,,,,,,,0,0,0
118,7,DEF,94,0,0,,,,,0,0,0,0,0,0,0,0,0,1.292,1.414,1802.83,1.246,1958.74,False,0,0,,0,0,,,,,,,,0,0,0
119,7,MID,1,2.33333,3.8,0.253333,0.284,0.106667,0.258,6,13,5.2,7.8,83,85.8,2,1.8,3.49285,2.14,1.608,1798.29,1.286,1606.97,False,0.469136,1,,,,22.3667,24.3333,0.666667,5.33333,,,,0,0,0
120,7,MID,94,4.33333,3.2,0.226667,0.346,0.106667,0.068,15.6667,10.8,5.33333,4.78,90,87.4,5,5.8,2.58844,1.292,1.414,1802.83,1.246,1958.74,False,0.457143,1,,,,9.7,27,1,4.66667,,,,0,0,0
121,7,MID,94,3.33333,3.4,0.095,0.0625,0.14,0.1975,12.6667,12.4,3.33333,4.74,55.3333,69.2,3.66667,5.4,3.1305,1.292,1.414,1802.83,1.246,1958.74,False,0.586207,0.8,,,,9.43333,8,0.5,1.5,,,,0,0,0
122,7,MID,94,0,0,,,,,0,0,0,0,0,0,0,0,0,1.292,1.414,1802.83,1.246,1958.74,False,0,0,,,,0,0,,,,,,0,0,0
123,7,MID,94,2.66667,1.8,0.335,0.223333,0,0,8.66667,5.8,2.23333,1.34,1.33333,1,0.333333,0.2,2.94958,1.292,1.414,1802.83,1.246,1958.74,False,0.367347,0,,,,0.366667,11,0.5,0.5,,,,0,0,0
124,7,MID,94,4.66667,4,0,0.006,0.103333,0.064,20.6667,15.8,3.86667,2.88,81,76.2,6.66667,6.8,1.87083,1.292,1.414,1802.83,1.246,1958.74,False,0.8,1,,,,17.6333,0,0,0,,,,0,0,0
125,7,MID,94,0.666667,0.4,0,0,0.01,0.01,2.33333,1.4,0.666667,0.4,8.33333,5,0.666667,0.4,0.547723,1.292,1.414,1802.83,1.246,1958.74,False,0.0816327,0,,,,4.96667,0,0,0,,,,0,0,0
126,7,MID,94,2.66667,1.8,0.045,0.03,0.03,0.0233333,13,8.8,2.73333,1.72,24.3333,16.8,3.33333,2.6,2.48998,1.292,1.414,1802.83,1.246,1958.74,False,0.367347,0.2,,,,7.56667,3.66667,0.5,1,,,,0,0,0
127,7,MID,94,0,0,,,,,0,0,0,0,0,0,0,0,0,1.292,1.414,1802.83,1.246,1958.74,False,0,0,,,,0,0,,,,,,0,0,0
128,7,MID,94,0.333333,1.2,0,0,0,0.12,1.33333,5.2,0.0666667,0.8,3,9.8,0.333333,1.2,1.64317,1.292,1.414,1802.83,1.246,1958.74,False,0.24,0,,,,0.133333,0,0,0,,,,0,0,0
129,7,MID,94,4,3.8,0.03,0.026,0.0466667,0.032,16.6667,15.6,3.4,3.02,90,87.6,10.3333,10.6,2.16795,1.292,1.414,1802.83,1.246,1958.74,False,0.76,1,,,,12.8667,1.33333,0,0.333333,,,,0,0,0
130,7,MID,94,0,0,,,,,0,0,0,0,0,0,0,0,0,1.292,1.414,1802.83,1.246,1958.74,False,0,0,,,,0,0,,,,,,0,0,0
131,7,MID,94,0,0,,,,,0,0,0,0,0,0,0,0,0,1.292,1.414,1802.83,1.246,1958.74,False,0,0,,,,0,0,,,,,,0,0,0
132,7,MID,94,0,0,,,,,0,0,0,0,0,0,0,0,0,1.292,1.414,1802.83,1.246,1958.74,False,0,0,,,,0,0,,,,,,0,0,0
133,7,MID,94,0,0,,,,,0,0,0,0,0,0,0,0,0,1.292,1.414,1802.83,1.246,1958.74,False,0,0,,,,0,0,,,,,,0,0,0
134,7,MID,94,0,0,,,,,0,0,0,0,0,0,0,0,0,1.292,1.414,1802.83,1.246,1958.74,False,0,0,,,,0,0,,,,,,0,0,0
135,7,FWD,4,0,0,,,,,0,0,0,0,0,0,0,0,0,0.748,0.876,1872.67,1.574,1766.48,False,0,0,,,,,,,,,,,0,0,0
136,7,FWD,94,5.33333,4.8,0.266667,0.228,0.0133333,0.03,24.6667,21.4,5.5,5.66,74.6667,80.8,4.33333,5.2,4.96991,1.292,1.414,1802.83,1.246,1958.74,False,0.8,1,,,,,,,,0.266667,1,2,0,0,0
137,7,FWD,94,0,0,,,,,0,0,0,0,0,0,0,0,0,1.292,1.414,1802.83,1.246,1958.74,False,0,0,,,,,,,,,,,0,0,0
138,7,GKP,36,0,0,,,,,0,0,0,0,0,0,0,0,0,1.79,1.58,1834.56,1.224,1707.45,False,0,0,0,,,,,,,,,,0,0,0
139,7,GKP,36,1.66667,1.6,0,0,0.00333333,0.002,9.66667,9,1.9,1.94,90,90,10.3333,12.4,0.547723,1.79,1.58,1834.56,1.224,1707.45,False,0.363636,1,2.33333,,,,,,,,,,0,0,0
140,7,GKP,36,0,0,,,,,0,0,0,0,0,0,0,0,0,1.79,1.58,1834.56,1.224,1707.45,False,0,0,0,,,,,,,,,,0,0,0
141,7,GKP,36,0,0,,,,,0,0,0,0,0,0,0,0,0,1.79,1.58,1834.56,1.224,1707.45,False,0,0,0,,,,,,,,,,0,0,0
142,7,GKP,36,0,0,,,,,0,0,0,0,0,0,0,0,0,1.79,1.58,1834.56,1.224,1707.45,False,0,0,0,,,,,,,,,,0,0,0
143,7,DEF,36,0,0,,,,,0,0,0,0,0,0,0,0,0,1.79,1.58,1834.56,1.224,1707.45,False,0,0,,0,0,,,,,,,,0,0,0
144,7,DEF,36,0.333333,0.4,0,0,0,0,0,0.6,0.2,0.12,5,3.2,1.33333,0.8,0.547723,1.79,1.58,1834.56,1.224,1707.45,False,0.0909091,0,,0,0,,,,,,,,0,0,0
145,7,DEF,36,3,2.2,0.32,0.16,0,0.095,7.33333,7.2,2.43333,2,9.33333,36.8,1.33333,5,3.34664,1.79,1.58,1834.56,1.224,1707.45,False,0.5,0.6,,0,0.2,,,,,,,,0,0,0
146,7,DEF,36,2,2.4,0.03,0.036,0.00666667,0.006,7.33333,9.8,2.93333,2.42,90,90,13,12.8,1.67332,1.79,1.58,1834.56,1.224,1707.45,False,0.533333,1,,0,0.2,,,,,,,,0,0,0
147,7,DEF,36,0,0,,,,,0,0,0,0,0,0,0,0,0,1.79,1.58,1834.56,1.224,1707.45,False,0,0,,0,0,,,,,,,,0,0,0
148,7,DEF,36,2.33333,1.4,0.0233333,0.0175,0.06,0.045,10.3333,6,3.46667,2.12,80,52.6,11.6667,7.6,1.67332,1.79,1.58,1834.56,1.224,1707.45,False,0.318182,0.4,,0,0,,,,,,,,0,0,0
149,7,DEF,21,0.333333,0.2,0,0,0,0,1,0.6,0,0,0.333333,0.2,0,0,0.447214,1.12,1.56,1727.58,0.474,2015.99,False,0.0444444,0,,0,0,,,,,,,,0,0,0
150,7,DEF,36,0,0,,,,,0,0,0,0,0,0,0,0,0,1.79,1.58,1834.56,1.224,1707.45,False,0,0,,0,0,,,,,,,,0,0,0
151,7,DEF,36,2.33333,1.8,0.01,0.066,0.0166667,0.012,7.33333,6.2,2.76667,3.16,90,90,14.6667,13.4,1.09545,1.79,1.58,1834.56,1.224,1707.45,False,0.409091,1,,0,0,,,,,,,,0,0,0
152,7,DEF,36,2,1.4,0,0,0.00333333,0.0025,7.66667,5.6,2.7,1.9,78,64.8,14.3333,9.6,1.51658,1.79,1.58,1834.56,1.224,1707.45,False,0.318182,0.8,,0,0,,,,,,,,0,0,0
153,7,DEF,36,0,0,,,,,0,0,0,0,0,0,0,0,0,1.79,1.58,1834.56,1.224,1707.45,False,0,0,,0,0,,,,,,,,0,0,0
154,7,DEF,36,0,0,,,,,0,0,0,0,0,0,0,0,0,1.79,1.58,1834.56,1.224,1707.45,False,0,0,,0,0,,,,,,,,0,0,0
155,7,DEF,36,0,0,,,,,0,0,0,0,0,0,0,0,0,1.79,1.58,1834.56,1.224,1707.45,False,0,0,,0,0,,,,,,,,0,0,0
156,7,DEF,36,0,0,,,,,0,0,0,0,0,0,0,0,0,1.79,1.58,1834.56,1.224,1707.45,False,0,0,,0,0,,,,,,,,0,0,0
157,7,MID,36,3.66667,3.6,0.153333,0.138,0.04,0.05,12.3333,13.2,4.16667,5.26,82,85.2,3.33333,4.4,2.30217,1.79,1.58,1834.56,1.224,1707.45,False,0.5625,1,,,,5.76667,19.3333,0.666667,2,,,,0,0,0
158,7,MID,36,2.66667,1.8,0,0.0175,0.126667,0.11,10.3333,7.2,3.76667,2.98,74.6667,50.6,6.33333,3.8,1.92354,1.79,1.58,1834.56,1.224,1707.45,False,0.315789,0.6,,,,16.4333,4.66667,0,2.33333,,,,0,0,0
159,7,MID,36,0,0,,,,,0,0,0,0,0,0,0,0,0,1.79,1.58,1834.56,1.224,1707.45,False,0,0,,,,0,0,,,,,,0,0,0
160,7,MID,36,6.66667,5.2,0.413333,0.304,0.13,0.194,26,22,8.16667,7.74,85,87,6.33333,7.6,2.58844,1.79,1.58,1834.56,1.224,1707.45,False,0.866667,1,,,,16.3,34.6667,0.666667,8,,,,0,0,0
161,7,MID,36,0,0,,,,,0,0,0,0,0,0,0,0,0,1.79,1.58,1834.56,1.224,1707.45,False,0,0,,,,0,0,,,,,,0,0,0
162,7,MID,36,2.33333,3.2,0.03,0.186,0.116667,0.07,7.66667,10.4,1.83333,2.9,36,28.4,3,2.4,2.94958,1.79,1.58,1834.56,1.224,1707.45,False,0.592593,0.2,,,,9.1,1.66667,0,0.666667,,,,0,0,0
163,7,MID,36,0.333333,0.8,0,0,0,0.00333333,0.666667,4.4,0,0.24,0.666667,21.4,0,2.2,0.83666,1.79,1.58,1834.56,1.224,1707.45,False,0.153846,0.4,,,,0,0,0,0,,,,0,0,0
164,7,MID,36,0,0.4,,0.42,,0.03,0,2.4,0,1.5,0,18,0,1.2,0.894427,1.79,1.58,1834.56,1.224,1707.45,False,0.0727273,0.2,,,,0,0,,,,,,0,0,0
165,7,MID,36,0,0,,,,,0,0,0,0,0,0,0,0,0,1.79,1.58,1834.56,1.224,1707.45,False,0,0,,,,0,0,,,,,,0,0,0
166,7,MID,36,4,3,0.0966667,0.088,0.0833333,0.056,20.6667,15,4.13333,3.78,89,72.4,10,7.8,2.82843,1.79,1.58,1834.56,1.224,1707.45,False,0.612245,0.6,,,,11.8333,8.33333,0.666667,1,,,,0,0,0
167,7,MID,36,1,1,0.01,0.006,0.00333333,0.002,3.66667,3.4,0.533333,0.58,45,47.8,7.33333,5.4,0.707107,1.79,1.58,1834.56,1.224,1707.45,False,0.208333,0.8,,,,1.3,1,0,0,,,,0,0,0
168,7,MID,8,0.333333,0.2,0,0,0.09,0.09,1.33333,0.8,1.3,0.78,15,9,1,0.6,0.447214,1.716,1.46,1888.21,1.044,1997.75,False,0.0416667,0.2,,,,8.36667,2.66667,0,4,,,,0,0,0
169,7,MID,36,0.666667,1,0.06,0.03,0.035,0.02,5,6,1.13333,0.94,43,42.4,3.66667,4.4,1,1.79,1.58,1834.56,1.224,1707.45,False,0.204082,0.4,,,,5.46667,2.33333,0,1,,,,0,0,0
170,7,MID,36,0.666667,1.6,0,0.263333,0.025,0.02,4.33333,6.4,1,1.66,30.6667,24.4,3.33333,2.4,2.50998,1.79,1.58,1834.56,1.224,1707.45,False,0.32,0.2,,,,5.43333,0,0,0,,,,0,0,0
171,7,MID,36,0,0,,,,,0,0,0,0,0,0,0,0,0,1.79,1.58,1834.56,1.224,1707.45,False,0,0,,,,0,0,,,,,,0,0,0
172,7,MID,36,0,0,,,,,0,0,0,0,0,0,0,0,0,1.79,1.58,1834.56,1.224,1707.45,False,0,0,,,,0,0,,,,,,0,0,0
173,7,MID,36,1.33333,1.4,0,0,0.185,0.13,5.33333,5.8,1.23333,1.18,13.3333,24.8,2,3.8,1.51658,1.79,1.58,1834.56,1.224,1707.45,False,0.285714,0.2,,,,4.13333,0.666667,0,0.5,,,,0,0,0
174,7,MID,36,0,0,,,,,0,0,0,0,0,0,0,0,0,1.79,1.58,1834.56,1.224,1707.45,False,0,0,,,,0,0,,,,,,0,0,0
175,7,MID,36,0,0,,,,,0,0,0,0,0,0,0,0,0,1.79,1.58,1834.56,1.224,1707.45,False,0,0,,,,0,0,,,,,,0,0,0
176,7,MID,36,0,0,,,,,0,0,0,0,0,0,0,0,0,1.79,1.58,1834.56,1.224,1707.45,False,0,0,,,,0,0,,,,,,0,0,0
177,7,MID,36,0,0,,,,,0,0,0,0,0,0,0,0,0,1.79,1.58,1834.56,1.224,1707.45,False,0,0,,,,0,0,,,,,,0,0,0
178,7,FWD,36,4.66667,3.2,0.293333,0.488,0.0266667,0.07,19.6667,11.2,4.76667,3.8,34.6667,50.8,2,1.8,4.43847,1.79,1.58,1834.56,1.224,1707.45,False,0.507937,0.6,,,,,,,,0.293333,0.666667,3,0,0,0
179,7,FWD,36,0,0,,,,,0,0,0,0,0,0,0,0,0,1.79,1.58,1834.56,1.224,1707.45,False,0,0,,,,,,,,,,,0,0,0
180,7,FWD,36,0.666667,0.4,0.14,0.14,0,0,2,1.2,0.6,0.36,9.33333,5.6,1.33333,0.8,0.547723,1.79,1.58,1834.56,1.224,1707.45,False,0.0754717,0,,,,,,,,0.14,0,0.5,0,0,0
181,7,FWD,36,0,0,,,,,0,0,0,0,0,0,0,0,0,1.79,1.58,1834.56,1.224,1707.45,False,0,0,,,,,,,,,,,0,0,0
182,7,GKP,43,0,0.8,,0,,0,0,6.2,0,1.44,0,36,0,8.2,1.09545,1.78,1.246,1958.74,1.414,1802.83,False,0.166667,0.4,0,,,,,,,,,,0,0,0
183,7,GKP,90,0,0,,,,,0,0,0,0,0,0,0,0,0,0.718,2.036,1716.6,1.58,1865.17,False,0,0,0,,,,,,,,,,0,0,0
184,7,GKP,90,0,0,,,,,0,0,0,0,0,0,0,0,0,0.718,2.036,1716.6,1.58,1865.17,False,0,0,0,,,,,,,,,,0,0,0
185,7,GKP,90,0,0,,,,,0,0,0,0,0,0,0,0,0,0.718,2.036,1716.6,1.58,1865.17,False,0,0,0,,,,,,,,,,0,0,0
186,7,DEF,90,0,0,,,,,0,0,0,0,0,0,0,0,0,0.718,2.036,1716.6,1.58,1865.17,False,0,0,,0,0,,,,,,,,0,0,0
187,7,DEF,90,1,1.8,0.01,0.006,0.0133333,0.032,0,5,1.76667,1.82,90,90,11.3333,12.2,2.68328,0.718,2.036,1716.6,1.58,1865.17,False,0.409091,1,,0.2,0,,,,,,,,0,0,0
188,7,DEF,90,0,0,,,,,0,0,0,0,0,0,0,0,0,0.718,2.036,1716.6,1.58,1865.17,False,0,0,,0,0,,,,,,,,0,0,0
189,7,DEF,90,0,0,,,,,0,0,0,0,0,0,0,0,0,0.718,2.036,1716.6,1.58,1865.17,False,0,0,,0,0,,,,,,,,0,0,0
190,7,DEF,90,2,3.6,0.05,0.03,0.05,0.032,1.33333,9.8,4.06667,3.98,90,88.4,11,13.8,3.36155,0.718,2.036,1716.6,1.58,1865.17,False,0.9,1,,0.2,0,,,,,,,,0,0,0
191,7,DEF,90,2,2.6,0.0466667,0.028,0,0.002,0.333333,5.6,2.86667,2.54,90,88.4,15.3333,13,3.1305,0.718,2.036,1716.6,1.58,1865.17,False,0.65,1,,0.2,0,,,,,,,,0,0,0
192,7,DEF,90,3,3.2,0.0133333,0.026,0.146667,0.096,10,11.6,5.53333,4.46,89,89.4,10.3333,11.2,1.92354,0.718,2.036,1716.6,1.58,1865.17,False,0.8,1,,0.2,0.2,,,,,,,,0,0,0
193,7,DEF,90,0,0,0,0,0,0,-1.66667,-1,0,0,0.666667,0.4,0,0,0,0.718,2.036,1716.6,1.58,1865.17,False,0,0,,0,0,,,,,,,,0,0,0
194,7,DEF,90,0,0,,,,,0,0,0,0,0,0,0,0,0,0.718,2.036,1716.6,1.58,1865.17,False,0,0,,0,0,,,,,,,,0,0,0
195,7,DEF,90,0,0,,,,,0,0,0,0,0,0,0,0,0,0.718,2.036,1716.6,1.58,1865.17,False,0,0,,0,0,,,,,,,,0,0,0
196,7,DEF,90,0,0,,,,,0,0,0,0,0,0,0,0,0,0.718,2.036,1716.6,1.58,1865.17,False,0,0,,0,0,,,,,,,,0,0,0
197,7,DEF,90,0,0.4,,0,,0,0,0.4,0,0.06,0,5.8,0,1,0.547723,0.718,2.036,1716.6,1.58,1865.17,False,0.1,0,,0,0,,,,,,,,0,0,0
198,7,DEF,90,0,0,,,,,0,0,0,0,0,0,0,0,0,0.718,2.036,1716.6,1.58,1865.17,False,0,0,,0,0,,,,,,,,0,0,0
199,7,DEF,90,0.333333,0.6,0,0,0,0,-0.333333,1.2,0.0666667,0.22,1.33333,3.6,0.333333,1.4,0.547723,0.718,2.036,1716.6,1.58,1865.17,False,0.153846,0,,0,0,,,,,,,,0,0,0
200,7,MID,90,6.33333,7.6,0.19,0.344,0.0733333,0.05,24.3333,26.6,7.96667,8.34,88.3333,89,9,8.8,3.91152,0.718,2.036,1716.6,1.58,1865.17,False,1.33333,1,,,,18.9,25,1.33333,3.66667,,,,0,0,0
201,7,MID,90,0,0,,,,,0,0,0,0,0,0,0,0,0,0.718,2.036,1716.6,1.58,1865.17,False,0,0,,,,0,0,,,,,,0,0,0
202,7,MID,90,0.333333,1.8,0,0.0166667,0,0.11,0.333333,5.8,0.0666667,1.4,9.33333,35.4,0.333333,2.4,2.16795,0.718,2.036,1716.6,1.58,1865.17,False,0.339623,0.4,,,,0.533333,0,0,0,,,,0,0,0
203,7,MID,90,0,0,,,,,0,0,0,0,0,0,0,0,0,0.718,2.036,1716.6,1.58,1865.17,False,0,0,,,,0,0,,,,,,0,0,0
204,7,MID,90,0,0,,,,,0,0,0,0,0,0,0,0,0,0.718,2.036,1716.6,1.58,1865.17,False,0,0,,,,0,0,,,,,,0,0,0
205,7,MID,90,3.66667,5.4,0,0.016,0.0166667,0.058,14.6667,20,2.8,4.14,76.6667,82,11,10.8,4.87852,0.718,2.036,1716.6,1.58,1865.17,False,1.08,1,,,,7,0,0,0,,,,0,0,0
206,7,MID,90,0,0,,,,,0,0,0,0,0,0,0,0,0,0.718,2.036,1716.6,1.58,1865.17,False,0,0,,,,0,0,,,,,,0,0,0
207,7,MID,90,1,2,0,0.026,0.0266667,0.04,2.33333,5,0.566667,1.24,12.6667,36.8,1,3.8,1.73205,0.718,2.036,1716.6,1.58,1865.17,False,0.408163,0.4,,,,4.8,0,0,0,,,,0,0,0
208,7,MID,90,0,0,,,,,0,0,0,0,0,0,0,0,0,0.718,2.036,1716.6,1.58,1865.17,False,0,0,,,,0,0,,,,,,0,0,0
209,7,MID,90,2,1.4,0.0166667,0.01,0.00333333,0.002,8,5.8,1.3,1.12,90,61,5.66667,5,0.894427,0.718,2.036,1716.6,1.58,1865.17,False,0.285714,0.6,,,,2.3,2.66667,0,0.666667,,,,0,0,0
210,7,MID,90,2.33333,2.2,0.0366667,0.064,0.0366667,0.028,6,6.6,1.5,1.52,67.6667,47,3.33333,2.6,0.83666,0.718,2.036,1716.6,1.58,1865.17,False,0.44898,0.6,,,,6.9,4.33333,0,1,,,,0,0,0
211,7,MID,90,0,0,,,,,0,0,0,0,0,0,0,0,0,0.718,2.036,1716.6,1.58,1865.17,False,0,0,,,,0,0,,,,,,0,0,0
212,7,MID,90,0,0,,,,,0,0,0,0,0,0,0,0,0,0.718,2.036,1716.6,1.58,1865.17,False,0,0,,,,0,0,,,,,,0,0,0
213,7,MID,90,0,0,,,,,0,0,0,0,0,0,0,0,0,0.718,2.036,1716.6,1.58,1865.17,False,0,0,,,,0,0,,,,,,0,0,0
214,7,MID,90,0,0,,,,,0,0,0,0,0,0,0,0,0,0.718,2.036,1716.6,1.58,1865.17,False,0,0,,,,0,0,,,,,,0,0,0
215,7,FWD,90,0.333333,0.4,0.11,0.055,0,0,1,1.2,0.166667,0.38,1.33333,1.6,0.333333,0.2,0.547723,0.718,2.036,1716.6,1.58,1865.17,False,0.0754717,0,,,,,,,,0.11,0,1,0,0,0
216,7,FWD,90,0,0,,,,,0,0,0,0,0,0,0,0,0,0.718,2.036,1716.6,1.58,1865.17,False,0,0,,,,,,,,,,,0,0,0
217,7,FWD,90,3.33333,3.6,0.0666667,0.142,0.02,0.014,14.6667,15.6,3.2,3.46,83,84.8,5.66667,5.6,2.19089,0.718,2.036,1716.6,1.58,1865.17,False,0.72,1,,,,,,,,0.0666667,0,2.33333,0,0,0
218,7,FWD,90,0,0,,,,,0,0,0,0,0,0,0,0,0,0.718,2.036,1716.6,1.58,1865.17,False,0,0,,,,,,,,,,,0,0,0
219,7,FWD,90,0,0,,,,,0,0,0,0,0,0,0,0,0,0.718,2.036,1716.6,1.58,1865.17,False,0,0,,,,,,,,,,,0,0,0
220,7,GKP,8,0,1.8,0,0,0,0,-1,6,1.86667,1.74,61.3333,72.8,7.33333,8.4,3.27109,1.716,1.46,1888.21,1.044,1997.75,False,0.367347,1,1.33333,,,,,,,,,,0,0,0
221,7,GKP,8,0.333333,0.2,0,0,0,0,1.33333,0.8,0.3,0.18,28,16.8,2.33333,1.4,0.447214,1.716,1.46,1888.21,1.044,1997.75,False,0.0454545,0,0.333333,,,,,,,,,,0,0,0
222,7,GKP,8,0,0,,,,,0,0,0,0,0,0,0,0,0,1.716,1.46,1888.21,1.044,1997.75,False,0,0,0,,,,,,,,,,0,0,0
223,7,GKP,8,0,0,,,,,0,0,0,0,0,0,0,0,0,1.716,1.46,1888.21,1.044,1997.75,False,0,0,0,,,,,,,,,,0,0,0
224,7,DEF,8,0.333333,2.4,0.0433333,0.026,0.01,0.076,0.333333,11.4,3.13333,3.88,66,71.2,6.33333,9.4,2.88097,1.716,1.46,1888.21,1.044,1997.75,False,0.393443,0.8,,0.2,0.2,,,,,,,,0,0,0
225,7,DEF,8,2.66667,2,0.03,0.026,0.16,0.122,11.6667,9.2,4.03333,3,75,51,8,6.4,1.41421,1.716,1.46,1888.21,1.044,1997.75,False,0.37037,0.4,,0,0.4,,,,,,,,0,0,0
226,7,DEF,8,2.66667,5.8,0.0766667,0.132,0.1,0.104,7.33333,18.4,4.33333,5.22,77.3333,78,11.6667,12,6.05805,1.716,1.46,1888.21,1.044,1997.75,False,1.13725,1,,0.2,0.6,,,,,,,,0,0,0
227,7,DEF,8,0,0,,,,,0,0,0,0,0,0,0,0,0,1.716,1.46,1888.21,1.044,1997.75,False,0,0,,0,0,,,,,,,,0,0,0
228,7,DEF,8,0.333333,1.8,0,0,0.01,0.02,-0.333333,6.4,0.466667,1.18,17.6667,42.2,2.33333,5,2.48998,1.716,1.46,1888.21,1.044,1997.75,False,0.367347,0.4,,0.2,0,,,,,,,,0,0,0
229,7,DEF,8,-0.333333,-0.2,0,0,0,0,-2.66667,-1.6,0.0666667,0.04,3.66667,2.2,1,0.6,0.447214,1.716,1.46,1888.21,1.044,1997.75,False,-0.0454545,0,,0,0,,,,,,,,0,0,0
230,7,DEF,8,0.666667,0.6,0,0,0.005,0.00333333,4.33333,3.6,0.933333,0.64,36,25.8,4.33333,3,0.547723,1.716,1.46,1888.21,1.044,1997.75,False,0.136364,0.4,,0,0,,,,,,,,0,0,0
231,7,DEF,8,0,0,,,,,0,0,0,0,0,0,0,0,0,1.716,1.46,1888.21,1.044,1997.75,False,0,0,,0,0,,,,,,,,0,0,0
232,7,DEF,8,0.333333,2.2,0.025,0.0125,0.015,0.0175,3.33333,10.6,2,2.34,57.6667,70.6,8,10,3.34664,1.716,1.46,1888.21,1.044,1997.75,False,0.5,0.6,,0.2,0,,,,,,,,0,0,0
233,7,DEF,8,0,0,0,0,0,0,-4,-2.4,0,0,12,7.2,1.33333,1.6,0,1.716,1.46,1888.21,1.044,1997.75,False,0,0,,0,0,,,,,,,,0,0,0
234,7,DEF,8,0,0,,,,,0,0,0,0,0,0,0,0,0,1.716,1.46,1888.21,1.044,1997.75,False,0,0,,0,0,,,,,,,,0,0,0
235,7,MID,8,2.66667,1.6,0.315,0.315,0.045,0.045,8.66667,5.2,2.8,1.68,18,10.8,0.666667,0.4,3.04959,1.716,1.46,1888.21,1.044,1997.75,False,0.15534,0.2,,,,0.766667,14,1,1.5,,,,0,0,0
236,7,MID,8,1.66667,3,0.0566667,0.11,0.08,0.116,7,13.2,3.43333,4.6,58,68.8,3,3,2.34521,1.716,1.46,1888.21,1.044,1997.75,False,0.428571,1,,,,17.4333,11.6667,0,4,,,,0,0,0
237,7,MID,8,4.66667,7.2,0.53,0.682,0.04,0.076,19.3333,25.8,7,8.32,90,90,7.66667,6.8,4.54973,1.716,1.46,1888.21,1.044,1997.75,False,1.07463,1,,,,20.1,23.6667,0.666667,4,,,,0,0,0
238,7,MID,8,1.33333,2.4,0.095,0.21,0.005,0.17,3.33333,8,1.06667,3.1,22.6667,42.2,2.33333,3,1.94936,1.716,1.46,1888.21,1.044,1997.75,False,0.369231,0.8,,,,1.1,6.33333,0,2.5,,,,0,0,0
239,7,MID,8,0.333333,0.6,0.01,0.0133333,0.03,0.0133333,1,2.2,0.966667,0.92,18.3333,18,0.333333,0.6,0.547723,1.716,1.46,1888.21,1.044,1997.75,False,0.0967742,0.2,,,,4.06667,5,1,3,,,,0,0,0
240,7,MID,8,0,0,,,,,0,0,0,0,0,0,0,0,0,1.716,1.46,1888.21,1.044,1997.75,False,0,0,,,,0,0,,,,,,0,0,0
241,7,MID,8,6,6,0.0433333,0.086,0.0433333,0.036,27.3333,26.8,4.7,4.94,90,90,14.3333,14.6,4,1.716,1.46,1888.21,1.044,1997.75,False,1.05263,1,,,,13.3,3.66667,0.333333,0,,,,0,0,0
242,7,MID,11,1.33333,3.6,0.126667,0.088,0.126667,0.228,9,18,4.6,6.36,90,90,7.66667,6.4,4.72229,1.408,1.234,1801.4,1.046,1870.49,False,0.72,1,,,,24.9333,13.6667,0,4.66667,,,,0,0,0
243,7,MID,8,0,0.6,0.02,0.0833333,0.035,0.0266667,-2,-0.4,0.966667,1.34,23.6667,27.4,0.333333,0.4,1.34164,1.716,1.46,1888.21,1.044,1997.75,False,0.122449,0,,,,1.9,6.33333,0.5,1,,,,0,0,0
244,7,MID,8,0.333333,0.2,0,0,0.01,0.01,1.33333,0.8,0.1,0.06,3.66667,2.2,1,0.6,0.447214,1.716,1.46,1888.21,1.044,1997.75,False,0.0408163,0,,,,0.1,0,0,0,,,,0,0,0
245,7,MID,8,0,0,,,,,0,0,0,0,0,0,0,0,0,1.716,1.46,1888.21,1.044,1997.75,False,0,0,,,,0,0,,,,,,0,0,0
246,7,MID,8,1,0.8,0.05,0.025,0.015,0.0125,7.66667,5.8,1.43333,1.52,40.6667,31.8,3.66667,3.2,0.83666,1.716,1.46,1888.21,1.044,1997.75,False,0.177778,0.2,,,,6.86667,2.33333,0,1,,,,0,0,0
247,7,MID,8,0,0,,,,,0,0,0,0,0,0,0,0,0,1.716,1.46,1888.21,1.044,1997.75,False,0,0,,,,0,0,,,,,,0,0,0
248,7,MID,8,0,0,,,,,0,0,0,0,0,0,0,0,0,1.716,1.46,1888.21,1.044,1997.75,False,0,0,,,,0,0,,,,,,0,0,0
249,7,FWD,8,3.66667,7,0.05,0.244,0.0266667,0.042,12.6667,28.4,4,7.66,86,87.6,4,5.4,5.43139,1.716,1.46,1888.21,1.044,1997.75,False,0.909091,1,,,,,,,,0.05,0,2.66667,0,0,0
250,7,FWD,8,0,0.6,,0.09,,0.01,0,1.6,0,0.48,0,14.8,0,0.4,0.894427,1.716,1.46,1888.21,1.044,1997.75,False,0.0967742,0.4,,,,,,,,,,,0,0,0
251,7,FWD,8,0,0,,,,,0,0,0,0,0,0,0,0,0,1.716,1.46,1888.21,1.044,1997.75,False,0,0,,,,,,,,,,,0,0,0
252,7,FWD,8,0,0.4,,0.01,,0.005,0,1,0,0.14,0,2.6,0,0.2,0.547723,1.716,1.46,1888.21,1.044,1997.75,False,0.0930233,0,,,,,,,,,,,0,0,0
253,7,GKP,31,3.33333,3.8,0,0,0.01,0.006,15.6667,16.2,1.5,1.58,90,90,9.33333,9.2,2.58844,2.15,1.046,1870.49,1.234,1801.4,False,0.76,1,1.66667,,,,,,,,,,0,0,0
254,7,GKP,31,0,0,,,,,0,0,0,0,0,0,0,0,0,2.15,1.046,1870.49,1.234,1801.4,False,0,0,0,,,,,,,,,,0,0,0
255,7,GKP,31,0,0,,,,,0,0,0,0,0,0,0,0,0,2.15,1.046,1870.49,1.234,1801.4,False,0,0,0,,,,,,,,,,0,0,0
256,7,DEF,31,3,4.6,0.226667,0.136,0.116667,0.23,13.3333,19,5.96667,5.58,90,90,8,10.2,2.88097,2.15,1.046,1870.49,1.234,1801.4,False,0.793103,1,,0.4,0.2,,,,,,,,0,0,0
257,7,DEF,31,4,5.2,0.0666667,0.06,0.01,0.03,17.3333,20.4,2.36667,3.3,90,90,11,12.4,3.56371,2.15,1.046,1870.49,1.234,1801.4,False,1.01961,1,,0.4,0.2,,,,,,,,0,0,0
258,7,DEF,31,6,5,0.0933333,0.056,0.116667,0.092,22.3333,21.2,6.86667,6.02,90,90,13.3333,13.4,2.64575,2.15,1.046,1870.49,1.234,1801.4,False,1,1,,0.4,0.2,,,,,,,,0,0,0
259,7,DEF,31,0,0,,,,,0,0,0,0,0,0,0,0,0,2.15,1.046,1870.49,1.234,1801.4,False,0,0,,0,0,,,,,,,,0,0,0
260,7,DEF,31,6.66667,7.4,0.0766667,0.078,0.0233333,0.018,24.3333,25,3.83333,4.1,90,90,12.3333,12,4.72229,2.15,1.046,1870.49,1.234,1801.4,False,1.54167,1,,0.4,0.6,,,,,,,,0,0,0
261,7,DEF,31,4.66667,4.8,0.0633333,0.038,0.01,0.014,18.6667,19,3.46667,3.14,90,90,12.6667,12.4,2.28035,2.15,1.046,1870.49,1.234,1801.4,False,1.06667,1,,0.4,0,,,,,,,,0,0,0
262,7,DEF,31,0,0,,,,,0,0,0,0,0,0,0,0,0,2.15,1.046,1870.49,1.234,1801.4,False,0,0,,0,0,,,,,,,,0,0,0
263,7,DEF,31,0,0.2,,0,,0,0,1,0,0.08,0,0.8,0,0.4,0.447214,2.15,1.046,1870.49,1.234,1801.4,False,0.0512821,0,,0,0,,,,,,,,0,0,0
264,7,DEF,31,0,0,,,,,0,0,0,0,0,0,0,0,0,2.15,1.046,1870.49,1.234,1801.4,False,0,0,,0,0,,,,,,,,0,0,0
265,7,DEF,31,0,0,,,,,0,0,0,0,0,0,0,0,0,2.15,1.046,1870.49,1.234,1801.4,False,0,0,,0,0,,,,,,,,0,0,0
266,7,MID,3,4,2.6,0.196667,0.1475,0.253333,0.1975,15.3333,10,6.16667,3.84,71,46.6,4,2.6,2.40832,1.628,0.474,2015.99,1.56,1727.58,False,0.342105,0.4,,,,16.6667,26.3333,1,4,,,,0,0,0
267,7,MID,31,3.66667,5.2,0.75,0.91,0.15,0.0633333,9.66667,13,3.3,4.7,24.6667,50.8,1,3,4.96991,2.15,1.046,1870.49,1.234,1801.4,False,0.8,0.6,,,,4.26667,17.6667,1,7,,,,0,0,0
268,7,MID,31,0,0,,,,,0,0,0,0,0,0,0,0,0,2.15,1.046,1870.49,1.234,1801.4,False,0,0,,,,0,0,,,,,,0,0,0
269,7,MID,31,0,0.2,,0,,0.01,0,1.2,0,0.14,0,4.8,0,0.4,0.447214,2.15,1.046,1870.49,1.234,1801.4,False,0.0416667,0,,,,0,0,,,,,,0,0,0
270,7,MID,31,2,1.8,0.01,0.03,0.0933333,0.114,6,7.4,1.96667,2.6,60.6667,68.4,3.66667,5.8,0.83666,2.15,1.046,1870.49,1.234,1801.4,False,0.367347,0.8,,,,10.1333,2.66667,0,1,,,,0,0,0
271,7,MID,31,3.33333,3.2,0.106667,0.08,0.16,0.1625,17.3333,15.4,4.73333,3.2,90,71,6,5,2.38747,2.15,1.046,1870.49,1.234,1801.4,False,0.64,0.8,,,,22.9,11,0.666667,2.33333,,,,0,0,0
272,7,MID,31,1.33333,1.2,0.0533333,0.104,0.00666667,0.006,5.66667,4,1.63333,1.58,36.3333,30.2,4.66667,3.8,1.09545,2.15,1.046,1870.49,1.234,1801.4,False,0.244898,0.2,,,,4.56667,8,0.333333,0.666667,,,,0,0,0
273,7,MID,31,3.33333,2.6,0.04,0.02,0.475,0.2625,17,15.6,4.06667,3.18,45,54.2,3.66667,5,2.70185,2.15,1.046,1870.49,1.234,1801.4,False,0.52,0.8,,,,30.4333,2.33333,0,1,,,,0,0,0
274,7,MID,31,0,0,,,,,0,0,0,0,0,0,0,0,0,2.15,1.046,1870.49,1.234,1801.4,False,0,0,,,,0,0,,,,,,0,0,0
275,7,MID,31,0,0,,,,,0,0,0,0,0,0,0,0,0,2.15,1.046,1870.49,1.234,1801.4,False,0,0,,,,0,0,,,,,,0,0,0
276,7,MID,31,1,1.2,0.0266667,0.026,0.0533333,0.036,5,5.2,1.46667,1.58,22.3333,27.4,2.66667,3.4,0.447214,2.15,1.046,1870.49,1.234,1801.4,False,0.266667,0.2,,,,8.86667,3.66667,0,1.33333,,,,0,0,0
277,7,MID,31,0,0,,,,,0,0,0,0,0,0,0,0,0,2.15,1.046,1870.49,1.234,1801.4,False,0,0,,,,0,0,,,,,,0,0,0
278,7,MID,31,0,0,,,,,0,0,0,0,0,0,0,0,0,2.15,1.046,1870.49,1.234,1801.4,False,0,0,,,,0,0,,,,,,0,0,0
279,7,MID,31,0,0,,,,,0,0,0,0,0,0,0,0,0,2.15,1.046,1870.49,1.234,1801.4,False,0,0,,,,0,0,,,,,,0,0,0
280,7,MID,31,0,0,,,,,0,0,0,0,0,0,0,0,0,2.15,1.046,1870.49,1.234,1801.4,False,0,0,,,,0,0,,,,,,0,0,0
281,7,MID,31,0,0,,,,,0,0,0,0,0,0,0,0,0,2.15,1.046,1870.49,1.234,1801.4,False,0,0,,,,0,0,,,,,,0,0,0
282,7,MID,31,0,0,,,,,0,0,0,0,0,0,0,0,0,2.15,1.046,1870.49,1.234,1801.4,False,0,0,,,,0,0,,,,,,0,0,0
283,7,FWD,31,3.33333,3.4,0.783333,0.66,0.0366667,0.088,11.3333,12.6,6.86667,5.64,90,88.2,6.33333,5,1.94936,2.15,1.046,1870.49,1.234,1801.4,False,0.453333,1,,,,,,,,0.783333,1.66667,2.33333,0,0,0
284,7,FWD,31,1.66667,1,0.305,0.305,0,0,9.33333,5.6,2.83333,1.7,10,6,0.666667,0.4,1.73205,2.15,1.046,1870.49,1.234,1801.4,False,0.185185,0,,,,,,,,0.305,0.5,2.5,0,0,0
285,7,FWD,31,0,0.2,,0,,0,0,1.2,0,0.04,0,0.4,0,0.2,0.447214,2.15,1.046,1870.49,1.234,1801.4,False,0.04,0,,,,,,,,,,,0,0,0
286,7,FWD,31,0,0,,,,,0,0,0,0,0,0,0,0,0,2.15,1.046,1870.49,1.234,1801.4,False,0,0,,,,,,,,,,,0,0,0
287,7,GKP,11,3,5,0,0,0.01,0.008,13,16.8,1.5,2.2,90,90,9,12.4,5.95819,1.408,1.234,1801.4,1.046,1870.49,False,0.909091,1,1.33333,,,,,,,,,,0,0,0
288,7,GKP,11,0,0,,,,,0,0,0,0,0,0,0,0,0,1.408,1.234,1801.4,1.046,1870.49,False,0,0,0,,,,,,,,,,0,0,0
289,7,GKP,11,0,0,,,,,0,0,0,0,0,0,0,0,0,1.408,1.234,1801.4,1.046,1870.49,False,0,0,0,,,,,,,,,,0,0,0
290,7,DEF,11,0,0,,,,,0,0,0,0,0,0,0,0,0,1.408,1.234,1801.4,1.046,1870.49,False,0,0,,0,0,,,,,,,,0,0,0
291,7,DEF,11,4,4.6,0,0,0.0533333,0.032,16.3333,16.2,4.16667,3.34,90,90,13.3333,14.2,3.20936,1.408,1.234,1801.4,1.046,1870.49,False,0.836364,1,,0.4,0,,,,,,,,0,0,0
292,7,DEF,11,0.666667,0.6,0,0,0.1,0.09,3,2.4,1.76667,1.36,58.3333,53,6.66667,6.2,0.547723,1.408,1.234,1801.4,1.046,1870.49,False,0.122449,0.6,,0,0,,,,,,,,0,0,0
293,7,DEF,11,3,3.2,0.03,0.032,0.03,0.022,12.3333,11,2.36667,2.42,90,90,8,8.8,2.58844,1.408,1.234,1801.4,1.046,1870.49,False,0.64,1,,0.4,0,,,,,,,,0,0,0
294,7,DEF,11,0,0.2,,0,,0,0,0.6,0,0,0,0.2,0,0,0.447214,1.408,1.234,1801.4,1.046,1870.49,False,0.0454545,0,,0,0,,,,,,,,0,0,0
295,7,DEF,11,6,5.8,0.2,0.12,0.02,0.014,18,16.6,5.23333,4.12,90,90,12.3333,14,3.96232,1.408,1.234,1801.4,1.046,1870.49,False,1.28889,1,,0.4,0.2,,,,,,,,0,0,0
296,7,DEF,11,0,0,,,,,0,0,0,0,0,0,0,0,0,1.408,1.234,1801.4,1.046,1870.49,False,0,0,,0,0,,,,,,,,0,0,0
297,7,DEF,11,0,0,,,,,0,0,0,0,0,0,0,0,0,1.408,1.234,1801.4,1.046,1870.49,False,0,0,,0,0,,,,,,,,0,0,0
298,7,DEF,11,0,0,,,,,0,0,0,0,0,0,0,0,0,1.408,1.234,1801.4,1.046,1870.49,False,0,0,,0,0,,,,,,,,0,0,0
299,7,MID,11,4.33333,5.6,0.0266667,0.274,0.163333,0.108,19.6667,22.6,5.86667,6.98,85,81.6,10.6667,9.6,2.30217,1.408,1.234,1801.4,1.046,1870.49,False,0.861538,1,,,,27.2667,11.6667,0.333333,3,,,,0,0,0
300,7,MID,11,0,0.2,,0.24,,0,0,0.4,0,0.36,0,3.8,0,0,0.447214,1.408,1.234,1801.4,1.046,1870.49,False,0.0357143,0,,,,0,0,,,,,,0,0,0
301,7,MID,11,0.333333,0.6,0,0,0,0,1,2.6,0,0.18,1.33333,6.4,0,1.2,0.547723,1.408,1.234,1801.4,1.046,1870.49,False,0.113208,0,,,,0.1,0,0,0,,,,0,0,0
302,7,MID,11,5,4,0.133333,0.14,0.0366667,0.03,21.3333,19,4.33333,3.62,90,87,9.66667,9,3.39116,1.408,1.234,1801.4,1.046,1870.49,False,0.740741,1,,,,6.46667,14.3333,0.666667,1.33333,,,,0,0,0
303,7,MID,11,5.33333,6,0.12,0.08,0.153333,0.11,26,26,7.2,6.44,90,90,12,12.8,2.54951,1.408,1.234,1801.4,1.046,1870.49,False,1.2,1,,,,27.3333,18,1,1.33333,,,,0,0,0
304,7,MID,11,0.666667,1,0.04,0.05,0,0,1.33333,3,0.3,0.6,21.6667,29.8,2,3.8,1,1.408,1.234,1801.4,1.046,1870.49,False,0.204082,0.4,,,,0.433333,0.666667,0,0,,,,0,0,0
305,7,MID,11,0,0.2,,0,,0,0,0.6,0,0,0,0.2,0,0,0.447214,1.408,1.234,1801.4,1.046,1870.49,False,0.0444444,0,,,,0,0,,,,,,0,0,0
306,7,MID,11,0,0,,,,,0,0,0,0,0,0,0,0,0,1.408,1.234,1801.4,1.046,1870.49,False,0,0,,,,0,0,,,,,,0,0,0
307,7,MID,11,0,0,,,,,0,0,0,0,0,0,0,0,0,1.408,1.234,1801.4,1.046,1870.49,False,0,0,,,,0,0,,,,,,0,0,0
308,7,MID,11,0,0,,,,,0,0,0,0,0,0,0,0,0,1.408,1.234,1801.4,1.046,1870.49,False,0,0,,,,0,0,,,,,,0,0,0
309,7,MID,11,0,0,,,,,0,0,0,0,0,0,0,0,0,1.408,1.234,1801.4,1.046,1870.49,False,0,0,,,,0,0,,,,,,0,0,0
310,7,FWD,11,1,1.2,0.0366667,0.092,0.00333333,0.004,1.66667,1.8,0.5,0.74,27,31.6,0.666667,0.8,0.447214,1.408,1.234,1801.4,1.046,1870.49,False,0.206897,0.2,,,,,,,,0.0366667,0,1.33333,0,0,0
311,7,FWD,11,1.66667,2.4,0.45,0.424,0,0.016,0.333333,6.4,1.96667,2.98,62.3333,57.6,1.66667,1.2,2.70185,1.408,1.234,1801.4,1.046,1870.49,False,0.45283,0.8,,,,,,,,0.45,0.333333,4.66667,0,0,0
312,7,FWD,11,0,0,,,,,0,0,0,0,0,0,0,0,0,1.408,1.234,1801.4,1.046,1870.49,False,0,0,,,,,,,,,,,0,0,0
313,7,FWD,11,0,0,,,,,0,0,0,0,0,0,0,0,0,1.408,1.234,1801.4,1.046,1870.49,False,0,0,,,,,,,,,,,0,0,0
314,7,GKP,54,3.33333,3,0,0,0,0,12.3333,12.4,1.73333,2.08,90,90,9.33333,12.4,2.91548,1.112,1.296,1789.83,0.65,1827.55,False,0.6,1,2,,,,,,,,,,0,0,0
315,7,GKP,54,0,0,,,,,0,0,0,0,0,0,0,0,0,1.112,1.296,1789.83,0.65,1827.55,False,0,0,0,,,,,,,,,,0,0,0
316,7,DEF,54,0.333333,0.6,0,0,0.02,0.0266667,1,2.4,0.1,0.82,3.33333,12.2,0,0.6,0.547723,1.112,1.296,1789.83,0.65,1827.55,False,0.12,0,,0,0,,,,,,,,0,0,0
317,7,DEF,54,5.66667,4.8,0.0733333,0.086,0.0233333,0.146,18.3333,16.4,3.26667,3.6,90,90,16.6667,15.6,2.94958,1.112,1.296,1789.83,0.65,1827.55,False,1.06667,1,,0.2,0,,,,,,,,0,0,0
318,7,DEF,54,4.33333,3.2,0.00333333,0.032,0.0133333,0.01,16.3333,12.4,2.9,2.24,90,90,13.6667,12.8,3.56371,1.112,1.296,1789.83,0.65,1827.55,False,0.711111,1,,0.2,0,,,,,,,,0,0,0
319,7,DEF,54,1,1,0,0.126667,0.03,0.0333333,3.66667,2.2,1.56667,2.12,30,42,5.33333,5,1.41421,1.112,1.296,1789.83,0.65,1827.55,False,0.227273,0.6,,0,0,,,,,,,,0,0,0
320,7,DEF,54,0,0,,,,,0,0,0,0,0,0,0,0,0,1.112,1.296,1789.83,0.65,1827.55,False,0,0,,0,0,,,,,,,,0,0,0
321,7,DEF,54,0.333333,0.2,0,0,0,0,2,1.2,0.166667,0.1,1.33333,0.8,1.33333,1.6,0.447214,1.112,1.296,1789.83,0.65,1827.55,False,0.0454545,0,,0,0,,,,,,,,0,0,0
322,7,DEF,54,2.66667,2.6,0,0.0175,0.02,0.105,12.3333,11.8,1.73333,2.54,60,72,6.66667,9,2.19089,1.112,1.296,1789.83,0.65,1827.55,False,0.577778,0.8,,0.2,0,,,,,,,,0,0,0
323,7,DEF,54,0,0,,,,,0,0,0,0,0,0,0,0,0,1.112,1.296,1789.83,0.65,1827.55,False,0,0,,0,0,,,,,,,,0,0,0
324,7,MID,54,6,5.2,0.06,0.056,0.133333,0.14,20,17.4,4.43333,4.24,72.6667,78.2,4,5,4.91935,1.112,1.296,1789.83,0.65,1827.55,False,0.8,1,,,,16.4667,6.33333,0.333333,0.333333,,,,0,0,0
325,7,MID,54,1,2,0,0.14,0.00333333,0.012,3,6.8,0.433333,2.06,21.6667,21.4,1.33333,0.8,2.23607,1.112,1.296,1789.83,0.65,1827.55,False,0.344828,0,,,,2.7,0,0,0,,,,0,0,0
326,7,MID,54,1,0.8,0.02,0.0133333,0.21,0.163333,2.66667,2.6,1.63333,1.48,36.3333,23,1.33333,1,0.83666,1.112,1.296,1789.83,0.65,1827.55,False,0.150943,0,,,,11.3,3.33333,0,2,,,,0,0,0
327,7,MID,54,0,0,,,,,0,0,0,0,0,0,0,0,0,1.112,1.296,1789.83,0.65,1827.55,False,0,0,,,,0,0,,,,,,0,0,0
328,7,MID,54,3.33333,2.8,0.0166667,0.01,0.0766667,0.078,16.3333,13.2,4.13333,3.4,86.3333,77.2,10,9,1.30384,1.112,1.296,1789.83,0.65,1827.55,False,0.518519,1,,,,9.86667,12.3333,0.333333,3.66667,,,,0,0,0
329,7,MID,54,3.66667,2.6,0.193333,0.122,0.04,0.044,16.6667,12,5,3.42,74.3333,56.2,5,3.4,3.57771,1.112,1.296,1789.83,0.65,1827.55,False,0.490566,0.6,,,,15.5,15.6667,0.666667,2.66667,,,,0,0,0
330,7,MID,54,2.66667,2.4,0,0.082,0.0566667,0.044,15.3333,13.6,2.5,2.28,87.6667,88.6,10,8.8,0.894427,1.112,1.296,1789.83,0.65,1827.55,False,0.48,1,,,,11.2,0.666667,0,0.333333,,,,0,0,0
331,7,MID,54,0.666667,0.4,0,0,0,0,2.33333,1.4,0.0666667,0.04,3.33333,2,0.333333,0.2,0.547723,1.112,1.296,1789.83,0.65,1827.55,False,0.0816327,0,,,,0.3,0,0,0,,,,0,0,0
332,7,MID,54,3.66667,3,0.273333,0.164,0.126667,0.186,17,15.6,4.33333,5.66,88.3333,89,7.33333,8.8,2.12132,1.112,1.296,1789.83,0.65,1827.55,False,0.6,1,,,,21.6,10,0.333333,2.66667,,,,0,0,0
333,7,MID,54,0,0,,,,,0,0,0,0,0,0,0,0,0,1.112,1.296,1789.83,0.65,1827.55,False,0,0,,,,0,0,,,,,,0,0,0
334,7,MID,54,0,0,,,,,0,0,0,0,0,0,0,0,0,1.112,1.296,1789.83,0.65,1827.55,False,0,0,,,,0,0,,,,,,0,0,0
335,7,MID,54,1,1.4,0.113333,0.11,0.0133333,0.026,6,6,2.73333,2.9,63,65,4.66667,4.2,0.547723,1.112,1.296,1789.83,0.65,1827.55,False,0.311111,1,,,,5.13333,18.3333,0.666667,3,,,,0,0,0
336,7,MID,54,0,0,,,,,0,0,0,0,0,0,0,0,0,1.112,1.296,1789.83,0.65,1827.55,False,0,0,,,,0,0,,,,,,0,0,0
337,7,FWD,54,2.66667,2,0.02,0.034,0,0,11.6667,6.6,2.36667,1.68,8.66667,15.2,1,1.4,2.23607,1.112,1.296,1789.83,0.65,1827.55,False,0.322581,0.2,,,,,,,,0.02,0.333333,0.333333,0,0,0
338,7,FWD,54,2.33333,1.6,0.15,0.1775,0.005,0.0025,5.66667,2.6,3.03333,2.72,54,58,3.33333,3.4,2.07364,1.112,1.296,1789.83,0.65,1827.55,False,0.290909,0.8,,,,,,,,0.15,0.5,5,0,0,0
339,7,GKP,2,0,0,,,,,0,0,0,0,0,0,0,0,0,0.794,1.358,1741.78,1.242,1811.6,False,0,0,0,,,,,,,,,,0,0,0
340,7,GKP,2,0,0,,,,,0,0,0,0,0,0,0,0,0,0.794,1.358,1741.78,1.242,1811.6,False,0,0,0,,,,,,,,,,0,0,0
341,7,GKP,2,2.66667,1.6,0,0,0,0,16.6667,10,2.93333,1.76,90,54,14.3333,8.6,1.51658,0.794,1.358,1741.78,1.242,1811.6,False,0.4,0.6,3.66667,,,,,,,,,,0,0,0
342,7,DEF,2,3,2.8,0.0166667,0.026,0.0133333,0.012,9,8.2,2.93333,2.56,87.3333,86.8,13.3333,13.6,2.58844,0.794,1.358,1741.78,1.242,1811.6,False,0.622222,1,,0.2,0.2,,,,,,,,0,0,0
343,7,DEF,2,3,3,0.0366667,0.042,0.01,0.008,10.3333,11.4,3.03333,2.72,90,90,13.6667,12.4,2.23607,0.794,1.358,1741.78,1.242,1811.6,False,0.666667,1,,0.2,0,,,,,,,,0,0,0
344,7,DEF,2,0,0,,,,,0,0,0,0,0,0,0,0,0,0.794,1.358,1741.78,1.242,1811.6,False,0,0,,0,0,,,,,,,,0,0,0
345,7,DEF,2,0,0,,,,,0,0,0,0,0,0,0,0,0,0.794,1.358,1741.78,1.242,1811.6,False,0,0,,0,0,,,,,,,,0,0,0
346,7,DEF,2,0,0.2,,0,,0,0,-0.4,0,0,0,1.4,0,0,0.447214,0.794,1.358,1741.78,1.242,1811.6,False,0.0512821,0,,0,0,,,,,,,,0,0,0
347,7,DEF,2,1.66667,2.6,0,0,0.0633333,0.044,3.66667,5.2,2.26667,2.52,90,87.8,10.3333,10.6,4.03733,0.794,1.358,1741.78,1.242,1811.6,False,0.65,1,,0.2,0,,,,,,,,0,0,0
348,7,DEF,2,4.33333,4.4,0.11,0.066,0.00333333,0.002,15,14.2,4.83333,3.84,90,90,11.3333,12.4,2.50998,0.794,1.358,1741.78,1.242,1811.6,False,1.1,1,,0.2,0.2,,,,,,,,0,0,0
349,7,DEF,2,0,0,,,,,0,0,0,0,0,0,0,0,0,0.794,1.358,1741.78,1.242,1811.6,False,0,0,,0,0,,,,,,,,0,0,0
350,7,MID,2,3.66667,2.6,0.216667,0.13,0.176667,0.118,15.6667,12,3.96667,2.58,84,61.2,9.33333,6.4,1.81659,0.794,1.358,1741.78,1.242,1811.6,False,0.481481,0.6,,,,10,19.6667,0.666667,3,,,,0,0,0
351,7,MID,2,0.333333,0.6,0,0.0133333,0,0.0166667,1.66667,3,0.0666667,0.58,0.333333,25,0.333333,2,0.894427,0.794,1.358,1741.78,1.242,1811.6,False,0.115385,0.4,,,,0,0,0,0,,,,0,0,0
352,7,MID,2,1,0.8,0.0233333,0.0175,0,0.0075,4,4.4,0.6,0.64,21.6667,19,1.66667,2.2,0.447214,0.794,1.358,1741.78,1.242,1811.6,False,0.150943,0,,,,0.766667,3.66667,0.333333,0.333333,,,,0,0,0
353,7,MID,2,0.333333,0.8,0,0.0966667,0,0.04,1,3.4,0,0.78,3.66667,27,0,1.4,0.83666,0.794,1.358,1741.78,1.242,1811.6,False,0.150943,0.4,,,,0,0,0,0,,,,0,0,0
354,7,MID,2,3,1.8,0.00666667,0.00666667,0.0133333,0.0133333,13.6667,8.2,1.86667,1.12,90,54,12,7.2,2.04939,0.794,1.358,1741.78,1.242,1811.6,False,0.367347,0.6,,,,5.06667,1,0,0.333333,,,,0,0,0
355,7,MID,2,0,0,,,,,0,0,0,0,0,0,0,0,0,0.794,1.358,1741.78,1.242,1811.6,False,0,0,,,,0,0,,,,,,0,0,0
356,7,MID,2,0.333333,1.2,0,0,0,0.00333333,1,7.4,0,0.66,0.333333,36.2,0,2.8,1.30384,0.794,1.358,1741.78,1.242,1811.6,False,0.244898,0.4,,,,0.0333333,0,0,0,,,,0,0,0
357,7,MID,2,0,0,,,,,0,0,0,0,0,0,0,0,0,0.794,1.358,1741.78,1.242,1811.6,False,0,0,,,,0,0,,,,,,0,0,0
358,7,MID,2,0.666667,0.6,0,0,0,0,2.33333,1.8,0.1,0.12,3.33333,13.4,1.33333,1.2,0.547723,0.794,1.358,1741.78,1.242,1811.6,False,0.122449,0.2,,,,0,0,0,0,,,,0,0,0
359,7,MID,2,0,0,,,,,0,0,0,0,0,0,0,0,0,0.794,1.358,1741.78,1.242,1811.6,False,0,0,,,,0,0,,,,,,0,0,0
360,7,MID,2,0,0,,,,,0,0,0,0,0,0,0,0,0,0.794,1.358,1741.78,1.242,1811.6,False,0,0,,,,0,0,,,,,,0,0,0
361,7,MID,2,0,0,,,,,0,0,0,0,0,0,0,0,0,0.794,1.358,1741.78,1.242,1811.6,False,0,0,,,,0,0,,,,,,0,0,0
362,7,FWD,2,0,0.2,,0,,0,0,0.6,0,0.02,0,11.4,0,0.2,0.447214,0.794,1.358,1741.78,1.242,1811.6,False,0.0384615,0.2,,,,,,,,,,,0,0,0
363,7,FWD,2,0,0,,,,,0,0,0,0,0,0,0,0,0,0.794,1.358,1741.78,1.242,1811.6,False,0,0,,,,,,,,,,,0,0,0
364,7,FWD,2,0,0,,,,,0,0,0,0,0,0,0,0,0,0.794,1.358,1741.78,1.242,1811.6,False,0,0,,,,,,,,,,,0,0,0
365,7,FWD,2,1,1.2,0,0.02,0,0.004,2.33333,3.6,0.0666667,0.58,7.66667,24.8,0.333333,2,0.447214,0.794,1.358,1741.78,1.242,1811.6,False,0.24,0.2,,,,,,,,0,0,0,0,0,0
366,7,GKP,14,3.33333,3.8,0,0,0,0,17,17.4,2.06667,1.86,90,90,9.33333,12.6,3.03315,1.38,1.044,1997.75,1.46,1888.21,False,0.690909,1,2,,,,,,,,,,0,0,0
367,7,GKP,14,0,0,,,,,0,0,0,0,0,0,0,0,0,1.38,1.044,1997.75,1.46,1888.21,False,0,0,0,,,,,,,,,,0,0,0
368,7,GKP,14,0,0,,,,,0,0,0,0,0,0,0,0,0,1.38,1.044,1997.75,1.46,1888.21,False,0,0,0,,,,,,,,,,0,0,0
369,7,GKP,14,0,0,,,,,0,0,0,0,0,0,0,0,0,1.38,1.044,1997.75,1.46,1888.21,False,0,0,0,,,,,,,,,,0,0,0
370,7,DEF,14,1.66667,1,0.035,0.035,0.03,0.03,4.33333,2.6,1.13333,0.68,6.33333,3.8,2,1.4,1.73205,1.38,1.044,1997.75,1.46,1888.21,False,0.169492,0,,0,0.2,,,,,,,,0,0,0
371,7,DEF,14,1.66667,2.4,0.0666667,0.04,0.03,0.018,6,10.4,3.5,2.96,72.3333,79.4,7.33333,10.2,2.50998,1.38,1.044,1997.75,1.46,1888.21,False,0.40678,1,,0.2,0,,,,,,,,0,0,0
372,7,DEF,14,0.333333,0.2,0.1,0.1,0.37,0.37,6.66667,4,3.86667,2.32,17.3333,10.4,0.666667,0.4,0.447214,1.38,1.044,1997.75,1.46,1888.21,False,0.0344828,0,,0,0,,,,,,,,0,0,0
373,7,DEF,14,4.66667,5,0,0,0.03,0.022,16.6667,17.8,3.46667,3.6,90,90,11.3333,12.8,2.82843,1.38,1.044,1997.75,1.46,1888.21,False,0.819672,1,,0.4,0,,,,,,,,0,0,0
374,7,DEF,14,5.33333,4.4,0.2,0.12,0.0366667,0.024,17.3333,16.6,4.53333,3.34,83,83.4,13.3333,11.8,3.36155,1.38,1.044,1997.75,1.46,1888.21,False,0.8,1,,0.4,0,,,,,,,,0,0,0
375,7,DEF,14,1,0.6,0.0233333,0.0175,0.0433333,0.035,6.33333,2.4,2,1.34,60,38,5.33333,3.4,0.894427,1.38,1.044,1997.75,1.46,1888.21,False,0.12,0.4,,0,0,,,,,,,,0,0,0
376,7,DEF,14,0,0.2,,0,,0,0,1.2,0,0.24,0,2.2,0,1.6,0.447214,1.38,1.044,1997.75,1.46,1888.21,False,0.04,0,,0,0,,,,,,,,0,0,0
377,7,DEF,14,0,0,,,,,0,0,0,0,0,0,0,0,0,1.38,1.044,1997.75,1.46,1888.21,False,0,0,,0,0,,,,,,,,0,0,0
378,7,DEF,14,0,0,,,,,0,0,0,0,0,0,0,0,0,1.38,1.044,1997.75,1.46,1888.21,False,0,0,,0,0,,,,,,,,0,0,0
379,7,DEF,14,0,0,,,,,0,0,0,0,0,0,0,0,0,1.38,1.044,1997.75,1.46,1888.21,False,0,0,,0,0,,,,,,,,0,0,0
380,7,DEF,14,0,0,,,,,0,0,0,0,0,0,0,0,0,1.38,1.044,1997.75,1.46,1888.21,False,0,0,,0,0,,,,,,,,0,0,0
381,7,MID,14,5.33333,4.8,0.466667,0.29,0.126667,0.124,12.6667,13.4,7.06667,5.82,90,90,3.33333,2.8,2.68328,1.38,1.044,1997.75,1.46,1888.21,False,0.333333,1,,,,21.9,28.3333,1,5.66667,,,,0,0,0
382,7,MID,14,1.66667,2,0.216667,0.176,0.11,0.098,5,8.4,5.2,4.74,62.6667,71,3,4,1.22474,1.38,1.044,1997.75,1.46,1888.21,False,0.246914,0.8,,,,28.6,17.3333,0.333333,4.66667,,,,0,0,0
383,7,MID,14,0,0,,,,,0,0,0,0,0,0,0,0,0,1.38,1.044,1997.75,1.46,1888.21,False,0,0,,,,0,0,,,,,,0,0,0
384,7,MID,14,2,3.8,0.143333,0.108,0.146667,0.106,8.66667,13,4.86667,5.26,65,75,2.66667,4.4,3.56371,1.38,1.044,1997.75,1.46,1888.21,False,0.506667,0.8,,,,24.8333,19.3333,0,6.66667,,,,0,0,0
385,7,MID,14,2,1.6,0.215,0.1375,0.015,0.0075,5,3.8,1.96667,1.26,11.3333,11,0.333333,0.4,1.94936,1.38,1.044,1997.75,1.46,1888.21,False,0.25,0,,,,1.3,8.66667,0.5,2,,,,0,0,0
386,7,MID,14,1.66667,1.6,0.0466667,0.0475,0.04,0.0425,12.3333,8.8,1.43333,1.52,56.3333,45.8,4.66667,4.6,1.14018,1.38,1.044,1997.75,1.46,1888.21,False,0.253968,0.8,,,,7.33333,2.33333,0,0.333333,,,,0,0,0
387,7,MID,14,3,4.8,0.116667,0.076,0.173333,0.11,17.3333,22,6.76667,5.94,90,90,11.6667,11.6,4.81664,1.38,1.044,1997.75,1.46,1888.21,False,0.738462,1,,,,35.9333,15,0.333333,3.66667,,,,0,0,0
388,7,MID,14,0.666667,1.6,0.02,0.01,0.15,0.085,7,10.2,1.23333,1.48,18,34.6,2.66667,4.2,1.51658,1.38,1.044,1997.75,1.46,1888.21,False,0.296296,0.2,,,,7.26667,0.333333,0,0,,,,0,0,0
389,7,MID,7,1,0.8,0.0633333,0.0475,0.0233333,0.0175,3.66667,2.6,1.43333,0.88,32,19.4,1.66667,1,0.447214,0.952,1.58,1865.17,2.036,1716.6,False,0.148148,0.2,,,,5.66667,6,0,1.66667,,,,0,0,0
390,7,MID,14,8.66667,7,0.113333,0.076,0.113333,0.072,32,27.4,7.43333,6,90,90,10.3333,9.6,5.14782,1.38,1.044,1997.75,1.46,1888.21,False,1.22807,1,,,,25.3667,12.3333,0.666667,1,,,,0,0,0
391,7,MID,91,0.333333,0.2,0.09,0.09,0.01,0.01,0,0,0.233333,0.14,5.66667,3.4,0.333333,0.2,0.447214,1.122,0.65,1827.55,1.296,1789.83,False,0.0408163,0,,,,0.4,1.66667,0,1,,,,0,0,0
392,7,MID,14,0,0.2,,0,,0,0,0.2,0,0,0,0.4,0,0.2,0.447214,1.38,1.044,1997.75,1.46,1888.21,False,0.0408163,0,,,,0,0,,,,,,0,0,0
393,7,MID,14,0,0,,,,,0,0,0,0,0,0,0,0,0,1.38,1.044,1997.75,1.46,1888.21,False,0,0,,,,0,0,,,,,,0,0,0
394,7,MID,14,0,0,,,,,0,0,0,0,0,0,0,0,0,1.38,1.044,1997.75,1.46,1888.21,False,0,0,,,,0,0,,,,,,0,0,0
395,7,MID,14,0,0,,,,,0,0,0,0,0,0,0,0,0,1.38,1.044,1997.75,1.46,1888.21,False,0,0,,,,0,0,,,,,,0,0,0
396,7,MID,14,0,0,,,,,0,0,0,0,0,0,0,0,0,1.38,1.044,1997.75,1.46,1888.21,False,0,0,,,,0,0,,,,,,0,0,0
397,7,FWD,14,0,0,,,,,0,0,0,0,0,0,0,0,0,1.38,1.044,1997.75,1.46,1888.21,False,0,0,,,,,,,,,,,0,0,0
398,7,FWD,14,0,0,,,,,0,0,0,0,0,0,0,0,0,1.38,1.044,1997.75,1.46,1888.21,False,0,0,,,,,,,,,,,0,0,0
399,7,GKP,43,0,0,,,,,0,0,0,0,0,0,0,0,0,1.78,1.246,1958.74,1.414,1802.83,False,0,0,0,,,,,,,,,,0,0,0
400,7,GKP,43,0,0,,,,,0,0,0,0,0,0,0,0,0,1.78,1.246,1958.74,1.414,1802.83,False,0,0,0,,,,,,,,,,0,0,0
401,7,GKP,43,0,0,,,,,0,0,0,0,0,0,0,0,0,1.78,1.246,1958.74,1.414,1802.83,False,0,0,0,,,,,,,,,,0,0,0
402,7,DEF,43,0,0.2,,0,,0.23,0,0.2,0,0.58,0,22.4,0,3.2,0.447214,1.78,1.246,1958.74,1.414,1802.83,False,0.0344828,0.4,,0,0,,,,,,,,0,0,0
403,7,DEF,43,4,2.4,0.0133333,0.0133333,0.0666667,0.0666667,17.3333,10.4,3.13333,1.88,83,49.8,10.6667,6.4,2.60768,1.78,1.246,1958.74,1.414,1802.83,False,0.413793,0.6,,0.2,0,,,,,,,,0,0,0
404,7,DEF,43,0,0,,,,,0,0,0,0,0,0,0,0,0,1.78,1.246,1958.74,1.414,1802.83,False,0,0,,0,0,,,,,,,,0,0,0
405,7,DEF,43,1,0.8,0.0166667,0.0475,0.01,0.0375,2.33333,3.2,0.666667,1,14.6667,22.2,0.666667,1.8,0.447214,1.78,1.246,1958.74,1.414,1802.83,False,0.148148,0,,0,0,,,,,,,,0,0,0
406,7,DEF,43,3,2,0,0,0.005,0.00666667,10.3333,7.8,0.933333,0.88,45,43.8,7.66667,6,3.39116,1.78,1.246,1958.74,1.414,1802.83,False,0.37037,0.6,,0.2,0,,,,,,,,0,0,0
407,7,DEF,43,4.33333,3,0.09,0.06,0.02,0.02,12.6667,9,3.23333,2.26,45,43.8,5.33333,5.8,5.09902,1.78,1.246,1958.74,1.414,1802.83,False,0.566038,0.4,,0,0.4,,,,,,,,0,0,0
408,7,DEF,43,3.33333,2.4,0,0,0.01,0.008,14.3333,9.4,1.53333,1.44,90,73,8.33333,7.8,2.07364,1.78,1.246,1958.74,1.414,1802.83,False,0.436364,0.8,,0.2,0,,,,,,,,0,0,0
409,7,DEF,43,0.333333,0.6,0,0,0,0.01,-0.333333,3,0.0666667,0.9,1,36.6,0,5,0.547723,1.78,1.246,1958.74,1.414,1802.83,False,0.109091,0.4,,0,0,,,,,,,,0,0,0
410,7,DEF,43,0.333333,0.6,0,0.00666667,0,0.0266667,1,1.2,0.1,0.8,2.33333,20.4,0,2,0.547723,1.78,1.246,1958.74,1.414,1802.83,False,0.12,0.2,,0,0,,,,,,,,0,0,0
411,7,DEF,43,4.66667,3,0.0266667,0.025,0.06,0.045,18.3333,10.8,3.6,2.38,86,55.2,12.3333,8.2,2.82843,1.78,1.246,1958.74,1.414,1802.83,False,0.612245,0.6,,0.4,0,,,,,,,,0,0,0
412,7,DEF,43,0,0,,,,,0,0,0,0,0,0,0,0,0,1.78,1.246,1958.74,1.414,1802.83,False,0,0,,0,0,,,,,,,,0,0,0
413,7,MID,43,0,1.6,,0.35,,0.225,0,6.8,0,2.52,0,24.8,0,2.4,3.04959,1.78,1.246,1958.74,1.414,1802.83,False,0.192771,0.4,,,,0,0,,,,,,0,0,0
414,7,MID,43,5.33333,3.4,0.09,0.1125,0.07,0.0575,19.3333,13.2,5.6,4,82.3333,52.4,9,6,4.9295,1.78,1.246,1958.74,1.414,1802.83,False,0.419753,0.6,,,,25.3667,11,0.333333,2.66667,,,,0,0,0
415,7,MID,43,1.33333,0.8,0.0166667,0.0166667,0.02,0.02,4,2.4,2.03333,1.22,25.6667,15.4,1.33333,0.8,0.83666,1.78,1.246,1958.74,1.414,1802.83,False,0.115942,0.2,,,,2.2,17,0.333333,3,,,,0,0,0
416,7,MID,43,2.66667,2.2,0.0166667,0.01,0.19,0.124,9.66667,7.8,3,2.2,61.3333,58.2,6.33333,5.2,2.16795,1.78,1.246,1958.74,1.414,1802.83,False,0.34375,0.6,,,,15.7,3.33333,0,1,,,,0,0,0
417,7,MID,43,0,0.2,,0,,0.44,0,2,0,0.96,0,10.6,0,1.6,0.447214,1.78,1.246,1958.74,1.414,1802.83,False,0.031746,0.2,,,,0,0,,,,,,0,0,0
418,7,MID,43,7.66667,5,0.186667,0.112,0.393333,0.288,29.3333,18.6,11.2333,7.72,84,61.2,5.33333,3.4,4.63681,1.78,1.246,1958.74,1.414,1802.83,False,0.757576,0.6,,,,42,36.6667,1,10,,,,0,0,0
419,7,MID,11,1.66667,5.2,0.0333333,0.078,0.183333,0.368,17.6667,27,10.1,10.32,90,89.4,6.66667,8.4,4.86826,1.408,1.234,1801.4,1.046,1870.49,False,0.753623,1,,,,50.7333,30,0.333333,10.6667,,,,0,0,0
420,7,MID,43,0,0,,,,,0,0,0,0,0,0,0,0,0,1.78,1.246,1958.74,1.414,1802.83,False,0,0,,,,0,0,,,,,,0,0,0
421,7,MID,43,2.33333,2,0.03,0.035,0.015,0.0525,10,10.2,1.3,2.08,55,54,7.66667,7.6,1.58114,1.78,1.246,1958.74,1.414,1802.83,False,0.3125,0.6,,,,3,0.333333,0,0,,,,0,0,0
422,7,MID,43,0,0,,,,,0,0,0,0,0,0,0,0,0,1.78,1.246,1958.74,1.414,1802.83,False,0,0,,,,0,0,,,,,,0,0,0
423,7,MID,43,1.33333,1,0.0166667,0.0125,0.0766667,0.0625,10,9,2.16667,1.64,39.3333,38.4,5.66667,4.6,0.707107,1.78,1.246,1958.74,1.414,1802.83,False,0.169492,0.4,,,,10.2667,2,0,0.666667,,,,0,0,0
424,7,MID,43,0.666667,1.2,0,0.075,0.065,0.13,2.33333,4.8,1.06667,2.36,10.3333,39,0.666667,2.6,0.83666,1.78,1.246,1958.74,1.414,1802.83,False,0.218182,0.4,,,,6.7,2,0,1.5,,,,0,0,0
425,7,MID,43,0,0,,,,,0,0,0,0,0,0,0,0,0,1.78,1.246,1958.74,1.414,1802.83,False,0,0,,,,0,0,,,,,,0,0,0
426,7,MID,17,0.666667,0.8,0.01,0.005,0.025,0.0425,3,4,0.866667,1.22,25.3333,25.2,1.66667,1.8,0.447214,0.928,1.574,1766.48,0.876,1872.67,False,0.150943,0.2,,,,5.4,0.666667,0,0,,,,0,0,0
427,7,MID,43,4.66667,3.6,0.203333,0.134,0.04,0.056,16.6667,16,5.4,4.44,87.3333,88.4,8.33333,7,3.04959,1.78,1.246,1958.74,1.414,1802.83,False,0.62069,1,,,,17.3667,20,1,2.66667,,,,0,0,0
428,7,MID,43,0,0,,,,,0,0,0,0,0,0,0,0,0,1.78,1.246,1958.74,1.414,1802.83,False,0,0,,,,0,0,,,,,,0,0,0
429,7,MID,43,0,0,,,,,0,0,0,0,0,0,0,0,0,1.78,1.246,1958.74,1.414,1802.83,False,0,0,,,,0,0,,,,,,0,0,0
430,7,FWD,43,12.6667,9.8,1.19,1.088,0.133333,0.14,54.3333,39.6,13.9333,11.54,83.6667,86.2,5.66667,4.4,5.26308,1.78,1.246,1958.74,1.414,1802.83,False,0.675862,1,,,,,,,,1.19,2.66667,7.66667,0,0,0
431,7,GKP,1,2,1.8,0,0,0.00333333,0.01,6.66667,7.6,2.56667,2.3,90,90,5.66667,9.2,0.447214,2.14,1.608,1798.29,1.286,1606.97,False,0.36,1,2.66667,,,,,,,,,,0,0,0
432,7,GKP,1,0,0,,,,,0,0,0,0,0,0,0,0,0,2.14,1.608,1798.29,1.286,1606.97,False,0,0,0,,,,,,,,,,0,0,0
433,7,GKP,1,0,0,,,,,0,0,0,0,0,0,0,0,0,2.14,1.608,1798.29,1.286,1606.97,False,0,0,0,,,,,,,,,,0,0,0
434,7,GKP,1,0,0,,,,,0,0,0,0,0,0,0,0,0,2.14,1.608,1798.29,1.286,1606.97,False,0,0,0,,,,,,,,,,0,0,0
435,7,GKP,1,0,0,,,,,0,0,0,0,0,0,0,0,0,2.14,1.608,1798.29,1.286,1606.97,False,0,0,0,,,,,,,,,,0,0,0
436,7,DEF,1,2,2.8,0.05,0.05,0.126667,0.078,11.6667,12.6,3.03333,2.7,90,90,13.3333,13,2.48998,2.14,1.608,1798.29,1.286,1606.97,False,0.56,1,,0,0,,,,,,,,0,0,0
437,7,DEF,1,0,0,,,,,0,0,0,0,0,0,0,0,0,2.14,1.608,1798.29,1.286,1606.97,False,0,0,,0,0,,,,,,,,0,0,0
438,7,DEF,1,2.66667,1.8,0,0,0.065,0.0433333,11.6667,8,1.46667,0.98,41.6667,26,7,4.6,2.94958,2.14,1.608,1798.29,1.286,1606.97,False,0.367347,0.4,,0.2,0,,,,,,,,0,0,0
439,7,DEF,1,0,0,,,,,0,0,0,0,0,0,0,0,0,2.14,1.608,1798.29,1.286,1606.97,False,0,0,,0,0,,,,,,,,0,0,0
440,7,DEF,1,0.333333,1.2,0,0.00333333,0.12,0.196667,0.333333,3.4,1.6,2.76,30,43.6,0.666667,3.2,1.64317,2.14,1.608,1798.29,1.286,1606.97,False,0.272727,0.4,,0,0.2,,,,,,,,0,0,0
441,7,DEF,1,2,1.6,0.0666667,0.05,0.166667,0.135,10,6.8,6.06667,3.94,88,70.8,10.6667,7.8,2.07364,2.14,1.608,1798.29,1.286,1606.97,False,0.355556,0.8,,0,0.2,,,,,,,,0,0,0
442,7,DEF,1,4.33333,2.8,0.0433333,0.0575,0.00333333,0.0025,11.3333,7.2,1.73333,1.12,54,33,5.33333,3.4,4.60435,2.14,1.608,1798.29,1.286,1606.97,False,0.636364,0.4,,0.2,0.2,,,,,,,,0,0,0
443,7,DEF,1,1.33333,1.4,0.0266667,0.016,0.0233333,0.02,5,4.8,1.46667,1.46,86.6667,87.2,10,9.4,0.547723,2.14,1.608,1798.29,1.286,1606.97,False,0.311111,1,,0,0,,,,,,,,0,0,0
444,7,DEF,1,1,2,0,0.054,0,0.006,-1.66667,3.8,0.433333,1.28,35,55,4.66667,6.4,2.23607,2.14,1.608,1798.29,1.286,1606.97,False,0.444444,0.6,,0,0.2,,,,,,,,0,0,0
445,7,DEF,1,0,0,,,,,0,0,0,0,0,0,0,0,0,2.14,1.608,1798.29,1.286,1606.97,False,0,0,,0,0,,,,,,,,0,0,0
446,7,DEF,1,0,0,,,,,0,0,0,0,0,0,0,0,0,2.14,1.608,1798.29,1.286,1606.97,False,0,0,,0,0,,,,,,,,0,0,0
447,7,DEF,1,0,0.2,,0,,0,0,0.6,0,0.04,0,0.6,0,0.2,0.447214,2.14,1.608,1798.29,1.286,1606.97,False,0.0512821,0,,0,0,,,,,,,,0,0,0
448,7,DEF,1,0,0,,,,,0,0,0,0,0,0,0,0,0,2.14,1.608,1798.29,1.286,1606.97,False,0,0,,0,0,,,,,,,,0,0,0
449,7,MID,1,3.66667,4.6,0.546667,0.676,0.136667,0.14,20,21.4,6.9,8.56,88.6667,89.2,8,10.8,5.07937,2.14,1.608,1798.29,1.286,1606.97,False,0.511111,1,,,,22.0667,21.3333,1,1.33333,,,,0,0,0
450,7,MID,1,1,1.2,0.055,0.1325,0.15,0.1175,5.66667,5.8,1.8,2.62,38.6667,47.2,4,3.4,0.83666,2.14,1.608,1798.29,1.286,1606.97,False,0.15,0.6,,,,7.7,4.66667,0.5,0.5,,,,0,0,0
451,7,MID,1,0,0,,,,,0,0,0,0,0,0,0,0,0,2.14,1.608,1798.29,1.286,1606.97,False,0,0,,,,0,0,,,,,,0,0,0
452,7,MID,1,1.33333,2,0.225,0.305,0.31,0.175,8.33333,11.2,2.5,3.76,60,64.2,5.66667,6.6,1.87083,2.14,1.608,1798.29,1.286,1606.97,False,0.31746,0.8,,,,11.6333,7,0,3.5,,,,0,0,0
453,7,MID,8,0.333333,0.2,0,0,0.05,0.05,1.33333,0.8,0.633333,0.38,3.66667,2.2,0.333333,0.2,0.447214,1.716,1.46,1888.21,1.044,1997.75,False,0.03125,0,,,,3.5,2,0,3,,,,0,0,0
454,7,MID,1,0,0,,,,,0,0,0,0,0,0,0,0,0,2.14,1.608,1798.29,1.286,1606.97,False,0,0,,,,0,0,,,,,,0,0,0
455,7,MID,1,0.666667,1.2,0,0.015,0.01,0.0775,2.33333,4.6,0.233333,1.5,10,28.6,0.666667,2.4,1.09545,2.14,1.608,1798.29,1.286,1606.97,False,0.20339,0.4,,,,0.6,0.666667,0,0.5,,,,0,0,0
456,7,MID,7,0.333333,0.2,0.02,0.02,0.04,0.04,0.666667,0.4,0.366667,0.22,2.66667,1.6,0,0,0.447214,0.952,1.58,1865.17,2.036,1716.6,False,0.0338983,0,,,,0.933333,2.33333,0,2,,,,0,0,0
457,7,MID,1,1.33333,1.8,0.42,0.2425,0.015,0.0125,5,7.8,2.93333,2.32,19.6667,36.4,1.66667,3.6,2.16795,2.14,1.608,1798.29,1.286,1606.97,False,0.327273,0.6,,,,4.56667,14.6667,0.5,1.5,,,,0,0,0
458,7,MID,1,1,0.8,0,0.0175,0.00666667,0.0275,4,3.4,1.33333,1.3,18.3333,20,2.33333,2.4,0.447214,2.14,1.608,1798.29,1.286,1606.97,False,0.166667,0,,,,9.2,0,0,0,,,,0,0,0
459,7,MID,1,2.33333,1.6,0.00666667,0.005,0.00666667,0.005,12.3333,8.8,1.3,0.96,63,42,9.33333,6.6,1.51658,2.14,1.608,1798.29,1.286,1606.97,False,0.326531,0.4,,,,3.96667,0.333333,0,0,,,,0,0,0
460,7,MID,1,0,0,,,,,0,0,0,0,0,0,0,0,0,2.14,1.608,1798.29,1.286,1606.97,False,0,0,,,,0,0,,,,,,0,0,0
461,7,MID,1,0,0,,,,,0,0,0,0,0,0,0,0,0,2.14,1.608,1798.29,1.286,1606.97,False,0,0,,,,0,0,,,,,,0,0,0
462,7,MID,1,0,0,,,,,0,0,0,0,0,0,0,0,0,2.14,1.608,1798.29,1.286,1606.97,False,0,0,,,,0,0,,,,,,0,0,0
463,7,MID,1,0,0,,,,,0,0,0,0,0,0,0,0,0,2.14,1.608,1798.29,1.286,1606.97,False,0,0,,,,0,0,,,,,,0,0,0
464,7,MID,1,0,0,,,,,0,0,0,0,0,0,0,0,0,2.14,1.608,1798.29,1.286,1606.97,False,0,0,,,,0,0,,,,,,0,0,0
465,7,FWD,1,0,0,,,,,0,0,0,0,0,0,0,0,0,2.14,1.608,1798.29,1.286,1606.97,False,0,0,,,,,,,,,,,0,0,0
466,7,FWD,1,0.666667,0.6,0.06,0.263333,0,0.01,2,0.8,0.166667,1.62,5,14.8,0.333333,0.8,0.547723,2.14,1.608,1798.29,1.286,1606.97,False,0.101695,0,,,,,,,,0.06,0,1,0,0,0
467,7,FWD,1,0,0,,,,,0,0,0,0,0,0,0,0,0,2.14,1.608,1798.29,1.286,1606.97,False,0,0,,,,,,,,,,,0,0,0
468,7,FWD,1,0,0,,,,,0,0,0,0,0,0,0,0,0,2.14,1.608,1798.29,1.286,1606.97,False,0,0,,,,,,,,,,,0,0,0
469,7,GKP,4,5.33333,5,0,0,0,0,25,20.6,2.93333,2.16,90,90,12.3333,14.2,2.23607,0.748,0.876,1872.67,1.574,1766.48,False,0.980392,1,3.33333,,,,,,,,,,0,0,0
470,7,GKP,90,2.66667,3.2,0,0,0,0,14.3333,15.2,3.73333,3.16,90,90,11.3333,12.4,1.92354,0.718,2.036,1716.6,1.58,1865.17,False,0.8,1,5,,,,,,,,,,0,0,0
471,7,GKP,4,0,0,,,,,0,0,0,0,0,0,0,0,0,0.748,0.876,1872.67,1.574,1766.48,False,0,0,0,,,,,,,,,,0,0,0
472,7,GKP,4,0,0,,,,,0,0,0,0,0,0,0,0,0,0.748,0.876,1872.67,1.574,1766.48,False,0,0,0,,,,,,,,,,0,0,0
473,7,DEF,4,2.33333,1.8,0,0.0133333,0.03,0.01,9,6.2,0.833333,0.78,30,26.6,4,4,2.94958,0.748,0.876,1872.67,1.574,1766.48,False,0.339623,0.2,,0.2,0,,,,,,,,0,0,0
474,7,DEF,4,2.66667,3,0,0.0133333,0.03,0.0133333,9.33333,11.2,1.4,2.02,30,52,4.33333,7.4,3.74166,0.748,0.876,1872.67,1.574,1766.48,False,0.555556,0.6,,0.4,0,,,,,,,,0,0,0
475,7,DEF,4,4,4,0,0,0,0,13.6667,14,2.66667,2,60.3333,49.6,11,9.4,3.80789,0.748,0.876,1872.67,1.574,1766.48,False,0.816327,0.6,,0.4,0,,,,,,,,0,0,0
476,7,DEF,4,5,4.6,0.0133333,0.01,0.01,0.026,16.6667,14.4,2.6,2.66,90,90,13,12.6,3.57771,0.748,0.876,1872.67,1.574,1766.48,False,0.901961,1,,0.6,0,,,,,,,,0,0,0
477,7,DEF,4,6,5.6,0,0,0.0233333,0.072,23.6667,20.8,1.36667,1.92,85.3333,87.2,8.33333,8.2,0.894427,0.748,0.876,1872.67,1.574,1766.48,False,1.09804,1,,0.8,0.2,,,,,,,,0,0,0
478,7,DEF,4,2.66667,3,0,0,0.1,0.065,9.33333,9.4,3.76667,2.88,37.6667,49.8,4.66667,5.4,3.74166,0.748,0.876,1872.67,1.574,1766.48,False,0.6,0.6,,0.4,0,,,,,,,,0,0,0
479,7,DEF,4,0,0,,,,,0,0,0,0,0,0,0,0,0,0.748,0.876,1872.67,1.574,1766.48,False,0,0,,0,0,,,,,,,,0,0,0
480,7,DEF,4,0.333333,0.2,0.02,0.02,0,0,0,0,0.566667,0.34,6.33333,3.8,1.66667,1,0.447214,0.748,0.876,1872.67,1.574,1766.48,False,0.0454545,0,,0,0,,,,,,,,0,0,0
481,7,DEF,4,0,0,,,,,0,0,0,0,0,0,0,0,0,0.748,0.876,1872.67,1.574,1766.48,False,0,0,,0,0,,,,,,,,0,0,0
482,7,DEF,4,0,0,,,,,0,0,0,0,0,0,0,0,0,0.748,0.876,1872.67,1.574,1766.48,False,0,0,,0,0,,,,,,,,0,0,0
483,7,DEF,4,0,0,,,,,0,0,0,0,0,0,0,0,0,0.748,0.876,1872.67,1.574,1766.48,False,0,0,,0,0,,,,,,,,0,0,0
484,7,DEF,4,0,0,,,,,0,0,0,0,0,0,0,0,0,0.748,0.876,1872.67,1.574,1766.48,False,0,0,,0,0,,,,,,,,0,0,0
485,7,MID,4,1,0.2,0.05,0.285,0.02,0.02,5,1.8,1.1,1.74,22,22.6,1.66667,1.6,1.78885,0.748,0.876,1872.67,1.574,1766.48,False,0.027027,0.4,,,,3.8,3,1,1,,,,0,0,0
486,7,MID,4,1,1.2,0.0133333,0.008,0.01,0.02,4,4.4,0.5,1.02,20.6667,36,1,1,0.447214,0.748,0.876,1872.67,1.574,1766.48,False,0.173913,0.2,,,,1.03333,2.33333,0,0.666667,,,,0,0,0
487,7,MID,4,1.66667,1.6,0.0366667,0.028,0.03,0.094,2.33333,3.8,0.7,1.02,36,41,2,1.8,0.894427,0.748,0.876,1872.67,1.574,1766.48,False,0.25,0.4,,,,1.63333,6,0,2.33333,,,,0,0,0
488,7,MID,4,1.33333,2.6,0.04,0.0625,0.135,0.085,6.33333,11,2.8,3.26,60,72,5,7,2.19089,0.748,0.876,1872.67,1.574,1766.48,False,0.4,0.8,,,,19.5333,2.66667,0,1.5,,,,0,0,0
489,7,MID,4,4,3,0.33,0.2675,0.113333,0.0875,10,7.4,4.26667,3.38,72,55.4,2.33333,1.6,2.12132,0.748,0.876,1872.67,1.574,1766.48,False,0.483871,0.8,,,,8.1,24,0.666667,3,,,,0,0,0
490,7,MID,4,2,1.6,0.015,0.0233333,0.155,0.103333,4,3.8,1.66667,1.28,51.3333,45.8,4.66667,4.2,1.51658,0.748,0.876,1872.67,1.574,1766.48,False,0.271186,0.6,,,,9.26667,4,0,2.5,,,,0,0,0
491,7,MID,4,4,3.4,0.0666667,0.058,0.153333,0.104,21.6667,17.8,6.43333,4.96,90,85,7,6.4,1.51658,0.748,0.876,1872.67,1.574,1766.48,False,0.62963,1,,,,26.9667,13.3333,0.666667,1,,,,0,0,0
492,7,MID,4,0,0,,,,,0,0,0,0,0,0,0,0,0,0.748,0.876,1872.67,1.574,1766.48,False,0,0,,,,0,0,,,,,,0,0,0
493,7,MID,2,6.33333,5,0.07,0.042,0.09,0.056,30,22.6,8.4,5.6,87.3333,76.8,10.3333,9.2,5.78792,0.794,1.358,1741.78,1.242,1811.6,False,1.02041,0.8,,,,35.1,11,0.666667,1.33333,,,,0,0,0
494,7,MID,4,1.33333,0.8,0.045,0.045,0.005,0.005,5.33333,3.2,0.6,0.36,28.6667,17.2,3.66667,2.2,1.30384,0.748,0.876,1872.67,1.574,1766.48,False,0.16,0.2,,,,0.733333,2,0,1,,,,0,0,0
495,7,MID,4,0,0,,,,,0,0,0,0,0,0,0,0,0,0.748,0.876,1872.67,1.574,1766.48,False,0,0,,,,0,0,,,,,,0,0,0
496,7,MID,4,0,0,,,,,0,0,0,0,0,0,0,0,0,0.748,0.876,1872.67,1.574,1766.48,False,0,0,,,,0,0,,,,,,0,0,0
497,7,MID,4,1,1,0,0.00666667,0.02,0.01,4.66667,5,0.933333,0.78,30,31.8,3,3.2,1.22474,0.748,0.876,1872.67,1.574,1766.48,False,0.227273,0.2,,,,4.46667,0.666667,0,1,,,,0,0,0
498,7,MID,4,0,0,,,,,0,0,0,0,0,0,0,0,0,0.748,0.876,1872.67,1.574,1766.48,False,0,0,,,,0,0,,,,,,0,0,0
499,7,FWD,14,1,0.6,0.215,0.215,0.005,0.005,0,0,0.533333,0.32,35.3333,21.2,2.33333,1.4,0.894427,1.38,1.044,1997.75,1.46,1888.21,False,0.0566038,0.2,,,,,,,,0.215,0,2.5,0,0,0
500,7,FWD,4,1,2,0,0.074,0,0,2,7,0.533333,1.44,18,31.6,0.666667,1.2,1.73205,0.748,0.876,1872.67,1.574,1766.48,False,0.363636,0.2,,,,,,,,0,0,0,0,0,0
501,7,FWD,4,0,0,,,,,0,0,0,0,0,0,0,0,0,0.748,0.876,1872.67,1.574,1766.48,False,0,0,,,,,,,,,,,0,0,0
502,7,GKP,17,2,2,0,0,0,0,8.66667,9.2,2.3,2.58,90,90,6,8.4,0.707107,0.928,1.574,1766.48,0.876,1872.67,False,0.408163,1,2.66667,,,,,,,,,,0,0,0
503,7,GKP,17,0,0,,,,,0,0,0,0,0,0,0,0,0,0.928,1.574,1766.48,0.876,1872.67,False,0,0,0,,,,,,,,,,0,0,0
504,7,GKP,17,0,0,,,,,0,0,0,0,0,0,0,0,0,0.928,1.574,1766.48,0.876,1872.67,False,0,0,0,,,,,,,,,,0,0,0
505,7,DEF,17,1.33333,1.4,0.00666667,0.014,0.05,0.036,8,7.4,2.53333,2.28,90,90,9.33333,9.2,0.547723,0.928,1.574,1766.48,0.876,1872.67,False,0.259259,1,,0,0,,,,,,,,0,0,0
506,7,DEF,17,1,1,0,0,0,0.06,1.66667,2.2,0.466667,1.06,12,43.2,3.66667,8.2,1.22474,0.928,1.574,1766.48,0.876,1872.67,False,0.185185,0.6,,0,0,,,,,,,,0,0,0
507,7,DEF,17,0,0.4,,0.02,,0.14,0,1,0,1.06,0,36,0,6,0.547723,0.928,1.574,1766.48,0.876,1872.67,False,0.0833333,0.4,,0,0,,,,,,,,0,0,0
508,7,DEF,17,3.66667,2.8,0.0533333,0.038,0.0833333,0.058,13.6667,12.2,6.83333,5,90,90,8,9,4.08656,0.928,1.574,1766.48,0.876,1872.67,False,0.571429,1,,0,0.2,,,,,,,,0,0,0
509,7,DEF,17,0,0,,,,,0,0,0,0,0,0,0,0,0,0.928,1.574,1766.48,0.876,1872.67,False,0,0,,0,0,,,,,,,,0,0,0
510,7,DEF,17,0,0,,,,,0,0,0,0,0,0,0,0,0,0.928,1.574,1766.48,0.876,1872.67,False,0,0,,0,0,,,,,,,,0,0,0
511,7,DEF,17,1.33333,0.8,0.01,0.01,0.00666667,0.00666667,7,4.2,1.9,1.14,90,54,11.6667,7,0.83666,0.928,1.574,1766.48,0.876,1872.67,False,0.181818,0.6,,0,0,,,,,,,,0,0,0
512,7,DEF,17,0,0,,,,,0,0,0,0,0,0,0,0,0,0.928,1.574,1766.48,0.876,1872.67,False,0,0,,0,0,,,,,,,,0,0,0
513,7,DEF,17,0,0,,,,,0,0,0,0,0,0,0,0,0,0.928,1.574,1766.48,0.876,1872.67,False,0,0,,0,0,,,,,,,,0,0,0
514,7,DEF,17,0,0,,,,,0,0,0,0,0,0,0,0,0,0.928,1.574,1766.48,0.876,1872.67,False,0,0,,0,0,,,,,,,,0,0,0
515,7,MID,17,1.66667,1.8,0.0766667,0.098,0.0366667,0.058,9.33333,9.6,3.93333,3.8,69,75.6,4,3.8,0.447214,0.928,1.574,1766.48,0.876,1872.67,False,0.243243,0.8,,,,17.5333,15.3333,0.333333,3.33333,,,,0,0,0
516,7,MID,17,1,3,0.00333333,0.072,0.03,0.04,2.66667,10,2.43333,4.3,40,55.8,0.666667,1.6,3.937,0.928,1.574,1766.48,0.876,1872.67,False,0.5,0.6,,,,16.9667,4,0,1.66667,,,,0,0,0
517,7,MID,17,3.66667,3,0.0733333,0.048,0.103333,0.094,18.3333,18.4,5.26667,5.78,90,90,15.3333,13.6,1,0.928,1.574,1766.48,0.876,1872.67,False,0.555556,1,,,,22.4,10.3333,0.333333,2.66667,,,,0,0,0
518,7,MID,17,0,0,,,,,0,0,0,0,0,0,0,0,0,0.928,1.574,1766.48,0.876,1872.67,False,0,0,,,,0,0,,,,,,0,0,0
519,7,MID,17,0,0,0,0,0.01,0.01,1,0.6,0.2,0.12,15,9,1,0.6,0,0.928,1.574,1766.48,0.876,1872.67,False,0,0.2,,,,1.1,0,0,0,,,,0,0,0
520,7,MID,17,0,0,,,,,0,0,0,0,0,0,0,0,0,0.928,1.574,1766.48,0.876,1872.67,False,0,0,,,,0,0,,,,,,0,0,0
521,7,MID,17,1,1.8,0,0.0025,0.01,0.0175,6,8.4,0.7,0.96,28.6667,52.2,3,6.2,1.48324,0.928,1.574,1766.48,0.876,1872.67,False,0.36,0.6,,,,2.06667,0,0,0,,,,0,0,0
522,7,MID,17,0.333333,0.4,0,0,0,0,0.333333,0.8,0,0.08,5.66667,3.8,0.333333,0.4,0.547723,0.928,1.574,1766.48,0.876,1872.67,False,0.0833333,0,,,,0.2,0,0,0,,,,0,0,0
523,7,MID,17,0,0,,,,,0,0,0,0,0,0,0,0,0,0.928,1.574,1766.48,0.876,1872.67,False,0,0,,,,0,0,,,,,,0,0,0
524,7,MID,17,0,0,,,,,0,0,0,0,0,0,0,0,0,0.928,1.574,1766.48,0.876,1872.67,False,0,0,,,,0,0,,,,,,0,0,0
525,7,FWD,17,1.66667,1.8,0.406667,0.372,0.0133333,0.02,3.66667,3.6,4.06667,3.36,74,76.2,2.66667,1.8,0.447214,0.928,1.574,1766.48,0.876,1872.67,False,0.243243,1,,,,,,,,0.406667,1,3.66667,0,0,0
526,7,FWD,17,0.666667,0.8,0.12,0.0775,0.02,0.01,4,3.4,2.1,1.36,15,12.8,1.33333,1.2,0.447214,0.928,1.574,1766.48,0.876,1872.67,False,0.137931,0,,,,,,,,0.12,1,1.5,0,0,0
527,7,FWD,17,0,0,,,,,0,0,0,0,0,0,0,0,0,0.928,1.574,1766.48,0.876,1872.67,False,0,0,,,,,,,,,,,0,0,0
528,7,GKP,56,0,0,,,,,0,0,0,0,0,0,0,0,0,1.074,1.286,1606.97,1.608,1798.29,False,0,0,0,,,,,,,,,,0,0,0
529,7,GKP,56,0,0,,,,,0,0,0,0,0,0,0,0,0,1.074,1.286,1606.97,1.608,1798.29,False,0,0,0,,,,,,,,,,0,0,0
530,7,GKP,56,0,0,,,,,0,0,0,0,0,0,0,0,0,1.074,1.286,1606.97,1.608,1798.29,False,0,0,0,,,,,,,,,,0,0,0
531,7,DEF,56,0.666667,0.6,0.07,0.0466667,0,0.0566667,0.666667,2,1.16667,1.06,22.6667,15.2,3,3,0.547723,1.074,1.286,1606.97,1.608,1798.29,False,0.130435,0.2,,0,0,,,,,,,,0,0,0
532,7,DEF,56,5.33333,3.8,0.00333333,0.016,0.0333333,0.028,21.3333,15.4,3.26667,2.96,90,90,12,11.2,2.28035,1.074,1.286,1606.97,1.608,1798.29,False,0.844444,1,,0.4,0,,,,,,,,0,0,0
533,7,DEF,56,0,0,,,,,0,0,0,0,0,0,0,0,0,1.074,1.286,1606.97,1.608,1798.29,False,0,0,,0,0,,,,,,,,0,0,0
534,7,DEF,56,0,0,,,,,0,0,0,0,0,0,0,0,0,1.074,1.286,1606.97,1.608,1798.29,False,0,0,,0,0,,,,,,,,0,0,0
535,7,DEF,56,0,0,,,,,0,0,0,0,0,0,0,0,0,1.074,1.286,1606.97,1.608,1798.29,False,0,0,,0,0,,,,,,,,0,0,0
536,7,DEF,56,0,0,,,,,0,0,0,0,0,0,0,0,0,1.074,1.286,1606.97,1.608,1798.29,False,0,0,,0,0,,,,,,,,0,0,0
537,7,DEF,56,0,0,,,,,0,0,0,0,0,0,0,0,0,1.074,1.286,1606.97,1.608,1798.29,False,0,0,,0,0,,,,,,,,0,0,0
538,7,DEF,56,0,0,,,,,0,0,0,0,0,0,0,0,0,1.074,1.286,1606.97,1.608,1798.29,False,0,0,,0,0,,,,,,,,0,0,0
539,7,DEF,56,0,0,,,,,0,0,0,0,0,0,0,0,0,1.074,1.286,1606.97,1.608,1798.29,False,0,0,,0,0,,,,,,,,0,0,0
540,7,DEF,56,0,0,,,,,0,0,0,0,0,0,0,0,0,1.074,1.286,1606.97,1.608,1798.29,False,0,0,,0,0,,,,,,,,0,0,0
541,7,DEF,56,1.33333,1.6,0,0.005,0.005,0.01,5.66667,7.8,0.8,1.66,40.6667,60.4,3.66667,8.2,3.04959,1.074,1.286,1606.97,1.608,1798.29,False,0.4,0.8,,0.2,0,,,,,,,,0,0,0
542,7,DEF,56,0,0.2,,0,,0.01,0,1,0,0.4,0,16.2,0,2.4,0.447214,1.074,1.286,1606.97,1.608,1798.29,False,0.05,0,,0,0,,,,,,,,0,0,0
543,7,MID,56,1.33333,1.2,0,0,0.045,0.045,4.33333,4.8,0.833333,1.36,24.3333,32,1.33333,2.2,1.09545,1.074,1.286,1606.97,1.608,1798.29,False,0.226415,0.4,,,,5.06667,0.666667,0,0.5,,,,0,0,0
544,7,MID,56,1,1.8,0.02,0.09,0.01,0.0233333,0.333333,3.8,0.366667,1,30,51,1.33333,1.8,1.78885,1.074,1.286,1606.97,1.608,1798.29,False,0.333333,0.6,,,,2.03333,2.33333,0,3,,,,0,0,0
545,7,MID,56,0,0.2,,0.03,,0.02,0,0.8,0,0.28,0,5.4,0,0.2,0.447214,1.074,1.286,1606.97,1.608,1798.29,False,0.037037,0,,,,0,0,,,,,,0,0,0
546,7,MID,56,0,0,,,,,0,0,0,0,0,0,0,0,0,1.074,1.286,1606.97,1.608,1798.29,False,0,0,,,,0,0,,,,,,0,0,0
547,7,MID,56,1.66667,3.4,0,0.2075,0.075,0.0575,5,12,1.1,3.22,51.3333,54.2,3,6.2,4.39318,1.074,1.286,1606.97,1.608,1798.29,False,0.693878,0.6,,,,4.06667,1.33333,0,1,,,,0,0,0
548,7,MID,56,0,0,,,,,0,0,0,0,0,0,0,0,0,1.074,1.286,1606.97,1.608,1798.29,False,0,0,,,,0,0,,,,,,0,0,0
549,7,MID,56,0.333333,0.2,0,0,0,0,1.33333,0.8,0.0333333,0.02,0.333333,0.2,0.333333,0.2,0.447214,1.074,1.286,1606.97,1.608,1798.29,False,0.0408163,0,,,,0,0,0,0,,,,0,0,0
550,7,MID,56,0,0,,,,,0,0,0,0,0,0,0,0,0,1.074,1.286,1606.97,1.608,1798.29,False,0,0,,,,0,0,,,,,,0,0,0
551,7,MID,56,1,0.6,0.0333333,0.0333333,0.0133333,0.0133333,3,1.8,0.833333,0.5,31.6667,19,2,1.2,0.547723,1.074,1.286,1606.97,1.608,1798.29,False,0.125,0.4,,,,4.73333,1.66667,0,0.333333,,,,0,0,0
552,7,MID,56,2,2,0.0233333,0.014,0.01,0.06,11.3333,11.8,1.86667,2.32,87.6667,88.6,6,5.2,0.707107,1.074,1.286,1606.97,1.608,1798.29,False,0.4,1,,,,8.36667,2.66667,0,0.666667,,,,0,0,0
553,7,MID,56,2.66667,2.6,0.113333,0.13,0.0866667,0.058,8,6.8,2.43333,2.3,84.3333,75.8,6.33333,5.4,0.547723,1.074,1.286,1606.97,1.608,1798.29,False,0.52,1,,,,11.0333,9,0,3,,,,0,0,0
554,7,MID,56,0,0,,,,,0,0,0,0,0,0,0,0,0,1.074,1.286,1606.97,1.608,1798.29,False,0,0,,,,0,0,,,,,,0,0,0
555,7,MID,56,0,0,,,,,0,0,0,0,0,0,0,0,0,1.074,1.286,1606.97,1.608,1798.29,False,0,0,,,,0,0,,,,,,0,0,0
556,7,MID,56,0,0,,,,,0,0,0,0,0,0,0,0,0,1.074,1.286,1606.97,1.608,1798.29,False,0,0,,,,0,0,,,,,,0,0,0
557,7,MID,56,0,0,,,,,0,0,0,0,0,0,0,0,0,1.074,1.286,1606.97,1.608,1798.29,False,0,0,,,,0,0,,,,,,0,0,0
558,7,MID,56,0,0,,,,,0,0,0,0,0,0,0,0,0,1.074,1.286,1606.97,1.608,1798.29,False,0,0,,,,0,0,,,,,,0,0,0
559,7,MID,56,0,0,,,,,0,0,0,0,0,0,0,0,0,1.074,1.286,1606.97,1.608,1798.29,False,0,0,,,,0,0,,,,,,0,0,0
560,7,FWD,56,4.33333,4.4,0.32,0.24,0.01,0.006,13.3333,14.4,4.03333,3.98,84.3333,61,3,2.2,3.78153,1.074,1.286,1606.97,1.608,1798.29,False,0.785714,0.6,,,,,,,,0.32,0.666667,5.66667,0,0,0
561,7,FWD,56,0.333333,1,0,0.1,0,0,1,1.8,0.0333333,0.64,3.33333,27.2,0.333333,1.2,1,1.074,1.286,1606.97,1.608,1798.29,False,0.181818,0.4,,,,,,,,0,0,0,0,0,0
562,7,FWD,56,0,0,,,,,0,0,0,0,0,0,0,0,0,1.074,1.286,1606.97,1.608,1798.29,False,0,0,,,,,,,,,,,0,0,0
563,7,FWD,56,0,0,,,,,0,0,0,0,0,0,0,0,0,1.074,1.286,1606.97,1.608,1798.29,False,0,0,,,,,,,,,,,0,0,0
564,7,FWD,56,0,0,,,,,0,0,0,0,0,0,0,0,0,1.074,1.286,1606.97,1.608,1798.29,False,0,0,,,,,,,,,,,0,0,0
565,7,GKP,6,3.66667,4.6,0,0,0,0.002,19.3333,22.2,2.36667,2.78,90,90,11,12.2,3.64692,0.936,1.242,1811.6,1.358,1741.78,False,0.901961,1,2.66667,,,,,,,,,,0,0,0
566,7,GKP,6,0,0,,,,,0,0,0,0,0,0,0,0,0,0.936,1.242,1811.6,1.358,1741.78,False,0,0,0,,,,,,,,,,0,0,0
567,7,GKP,6,0,0,,,,,0,0,0,0,0,0,0,0,0,0.936,1.242,1811.6,1.358,1741.78,False,0,0,0,,,,,,,,,,0,0,0
568,7,DEF,6,2.66667,3.4,0,0.018,0.153333,0.122,15.6667,16,4.43333,4.36,68.3333,73,7.66667,10.4,2.30217,0.936,1.242,1811.6,1.358,1741.78,False,0.607143,0.8,,0.4,0,,,,,,,,0,0,0
569,7,DEF,6,5.33333,5,0.0333333,0.02,0.07,0.044,20,20,4.7,3.72,90,90,11,12.8,4.47214,0.936,1.242,1811.6,1.358,1741.78,False,0.980392,1,,0.4,0.2,,,,,,,,0,0,0
570,7,DEF,6,0.333333,0.4,0,0,0,0,1,1.4,0.1,0.14,3.33333,2.2,0,0.4,0.547723,0.936,1.242,1811.6,1.358,1741.78,False,0.0930233,0,,0,0,,,,,,,,0,0,0
571,7,DEF,6,0,0,,,,,0,0,0,0,0,0,0,0,0,0.936,1.242,1811.6,1.358,1741.78,False,0,0,,0,0,,,,,,,,0,0,0
572,7,DEF,6,0,0,,,,,0,0,0,0,0,0,0,0,0,0.936,1.242,1811.6,1.358,1741.78,False,0,0,,0,0,,,,,,,,0,0,0
573,7,DEF,6,2.66667,3,0,0,0.02,0.02,8.66667,9.8,1.13333,1.72,44.3333,62.6,2.33333,5.6,2.34521,0.936,1.242,1811.6,1.358,1741.78,False,0.666667,0.8,,0.4,0,,,,,,,,0,0,0
574,7,DEF,6,1.33333,1,0,0.005,0.0366667,0.0425,6.66667,5,2.96667,2,64,42.2,7.66667,5,0.707107,0.936,1.242,1811.6,1.358,1741.78,False,0.227273,0.4,,0,0,,,,,,,,0,0,0
575,7,DEF,6,5.66667,4.8,0.0333333,0.02,0.0466667,0.03,20.3333,19,4.56667,3.52,86.3333,87.8,8,10,5.54076,0.936,1.242,1811.6,1.358,1741.78,False,1,1,,0.4,0.2,,,,,,,,0,0,0
576,7,DEF,6,0,0,,,,,0,0,0,0,0,0,0,0,0,0.936,1.242,1811.6,1.358,1741.78,False,0,0,,0,0,,,,,,,,0,0,0
577,7,DEF,6,0,0,,,,,0,0,0,0,0,0,0,0,0,0.936,1.242,1811.6,1.358,1741.78,False,0,0,,0,0,,,,,,,,0,0,0
578,7,DEF,6,0,0,,,,,0,0,0,0,0,0,0,0,0,0.936,1.242,1811.6,1.358,1741.78,False,0,0,,0,0,,,,,,,,0,0,0
579,7,MID,6,0,0,,,,,0,0,0,0,0,0,0,0,0,0.936,1.242,1811.6,1.358,1741.78,False,0,0,,,,0,0,,,,,,0,0,0
580,7,MID,6,1,2.6,0,0.08,0.0166667,0.018,2.66667,8,0.366667,1.94,18.6667,37.2,1,2.6,3.57771,0.936,1.242,1811.6,1.358,1741.78,False,0.376812,0.4,,,,0.4,2,0,1,,,,0,0,0
581,7,MID,6,0,0,,,,,0,0,0,0,0,0,0,0,0,0.936,1.242,1811.6,1.358,1741.78,False,0,0,,,,0,0,,,,,,0,0,0
582,7,MID,6,4,3.4,0.32,0.192,0.116667,0.104,10.6667,10.4,8.5,6.6,90,89,6.33333,6.8,2.07364,0.936,1.242,1811.6,1.358,1741.78,False,0.507463,1,,,,29.6667,36,1,6,,,,0,0,0
583,7,MID,6,0,0,,,,,0,0,0,0,0,0,0,0,0,0.936,1.242,1811.6,1.358,1741.78,False,0,0,,,,0,0,,,,,,0,0,0
584,7,MID,6,1.33333,1,0.01,0.0233333,0.015,0.01,4.33333,2.8,0.733333,0.56,28,19.6,0.666667,1.4,1.22474,0.936,1.242,1811.6,1.358,1741.78,False,0.15873,0.2,,,,2.43333,2.66667,0,1.5,,,,0,0,0
585,7,MID,6,1.33333,1.8,0.03,0.015,0.17,0.09,8.33333,11.4,2.33333,2.18,40.3333,60.2,6,7.8,1.09545,0.936,1.242,1811.6,1.358,1741.78,False,0.339623,0.8,,,,10.2667,5.66667,0,3.5,,,,0,0,0
586,7,MID,6,5.33333,3.6,0.136667,0.094,0.0533333,0.044,16.6667,11.8,4.2,3.46,81.3333,56.8,8.33333,6,4.3359,0.936,1.242,1811.6,1.358,1741.78,False,0.666667,0.6,,,,8.13333,13,0.333333,3.33333,,,,0,0,0
587,7,MID,6,0,0,,,,,0,0,0,0,0,0,0,0,0,0.936,1.242,1811.6,1.358,1741.78,False,0,0,,,,0,0,,,,,,0,0,0
588,7,MID,6,1.33333,1.2,0.0366667,0.082,0.04,0.028,4.33333,3.4,0.966667,1.3,31.3333,28.4,2,2,0.447214,0.936,1.242,1811.6,1.358,1741.78,False,0.226415,0.2,,,,3.83333,4,0,1.66667,,,,0,0,0
589,7,MID,6,0,0,,,,,0,0,0,0,0,0,0,0,0,0.936,1.242,1811.6,1.358,1741.78,False,0,0,,,,0,0,,,,,,0,0,0
590,7,MID,6,0,0,,,,,0,0,0,0,0,0,0,0,0,0.936,1.242,1811.6,1.358,1741.78,False,0,0,,,,0,0,,,,,,0,0,0
591,7,MID,6,0.333333,0.2,0,0,0,0,1.33333,0.8,0.433333,0.26,0.333333,0.2,0,0,0.447214,0.936,1.242,1811.6,1.358,1741.78,False,0.0408163,0,,,,3.4,0,0,0,,,,0,0,0
592,7,MID,6,0,0,,,,,0,0,0,0,0,0,0,0,0,0.936,1.242,1811.6,1.358,1741.78,False,0,0,,,,0,0,,,,,,0,0,0
593,7,MID,6,4,3.4,0.14,0.0775,0.03,0.0175,15,11.4,3.96667,3.06,34,53.4,3.33333,5,2.96648,0.936,1.242,1811.6,1.358,1741.78,False,0.68,0.6,,,,5.5,15.6667,0.5,2.5,,,,0,0,0
594,7,MID,6,0,0,,,,,0,0,0,0,0,0,0,0,0,0.936,1.242,1811.6,1.358,1741.78,False,0,0,,,,0,0,,,,,,0,0,0
595,7,MID,6,0,0,,,,,0,0,0,0,0,0,0,0,0,0.936,1.242,1811.6,1.358,1741.78,False,0,0,,,,0,0,,,,,,0,0,0
596,7,FWD,6,0,0.2,,0.12,,0,0,1,0,0.46,0,2.4,0,0.2,0.447214,0.936,1.242,1811.6,1.358,1741.78,False,0.0277778,0,,,,,,,,,,,0,0,0
597,7,FWD,6,4,3.6,0.26,0.176,0.02,0.036,14.6667,13.8,5,4.7,66.3333,73.2,2.33333,3.8,3.20936,0.936,1.242,1811.6,1.358,1741.78,False,0.529412,0.8,,,,,,,,0.26,0.666667,4.66667,0,0,0
598,7,FWD,6,0,0,,,,,0,0,0,0,0,0,0,0,0,0.936,1.242,1811.6,1.358,1741.78,False,0,0,,,,,,,,,,,0,0,0
599,7,FWD,6,0,0,,,,,0,0,0,0,0,0,0,0,0,0.936,1.242,1811.6,1.358,1741.78,False,0,0,,,,,,,,,,,0,0,0
600,7,GKP,21,1.33333,0.8,0,0,0,0,8,4.8,1.76667,1.06,60,36,6.66667,4,1.30384,1.12,1.56,1727.58,0.474,2015.99,False,0.186047,0.4,2,,,,,,,,,,0,0,0
601,7,GKP,21,0,0,,,,,0,0,0,0,0,0,0,0,0,1.12,1.56,1727.58,0.474,2015.99,False,0,0,0,,,,,,,,,,0,0,0
602,7,GKP,21,0,0,,,,,0,0,0,0,0,0,0,0,0,1.12,1.56,1727.58,0.474,2015.99,False,0,0,0,,,,,,,,,,0,0,0
603,7,DEF,21,3,4.4,0.00666667,0.004,0.17,0.128,8,11.2,4.5,4.58,90,90,11.3333,11,3.43511,1.12,1.56,1727.58,0.474,2015.99,False,1,1,,0.2,0.8,,,,,,,,0,0,0
604,7,DEF,21,0,0,,,,,0,0,0,0,0,0,0,0,0,1.12,1.56,1727.58,0.474,2015.99,False,0,0,,0,0,,,,,,,,0,0,0
605,7,DEF,21,2,2.4,0.0666667,0.078,0.0633333,0.038,4.33333,4.8,3.36667,2.6,90,90,15.3333,13,2.30217,1.12,1.56,1727.58,0.474,2015.99,False,0.545455,1,,0.2,0,,,,,,,,0,0,0
606,7,DEF,21,2.33333,2.6,0.12,0.105,0.01,0.01,6.33333,8.6,4.06667,2.74,90,72,13.3333,9.4,2.30217,1.12,1.56,1727.58,0.474,2015.99,False,0.590909,0.8,,0.2,0,,,,,,,,0,0,0
607,7,DEF,21,0,0.4,,0.1,,0.01,0,-0.4,0,0.66,0,18,0,4.2,0.894427,1.12,1.56,1727.58,0.474,2015.99,False,0.0909091,0.2,,0,0,,,,,,,,0,0,0
608,7,DEF,21,0,0,,,,,0,0,0,0,0,0,0,0,0,1.12,1.56,1727.58,0.474,2015.99,False,0,0,,0,0,,,,,,,,0,0,0
609,7,DEF,21,0,0,,0,,0,0,-1.8,0,0.12,0,9,0,1,0,1.12,1.56,1727.58,0.474,2015.99,False,0,0.2,,0,0,,,,,,,,0,0,0
610,7,DEF,21,0,0,,0,,0.06,0,-1.6,0,0.74,0,18,0,2.6,0,1.12,1.56,1727.58,0.474,2015.99,False,0,0.2,,0,0,,,,,,,,0,0,0
611,7,DEF,21,0,0,,,,,0,0,0,0,0,0,0,0,0,1.12,1.56,1727.58,0.474,2015.99,False,0,0,,0,0,,,,,,,,0,0,0
612,7,MID,21,2.33333,5.2,0.11,0.302,0.13,0.106,9,18,5.06667,7.38,82.3333,85.4,7.33333,9.6,4.08656,1.12,1.56,1727.58,0.474,2015.99,False,0.881356,1,,,,32.5,7.66667,0,2,,,,0,0,0
613,7,MID,21,-0.666667,0.6,0.01,0.0333333,0,0,-0.666667,4,1.1,1.52,17.6667,42.4,3.66667,5.2,1.94936,1.12,1.56,1727.58,0.474,2015.99,False,0.105263,0.6,,,,0.3,5.66667,1,1,,,,0,0,0
614,7,MID,21,1.33333,1.8,0.01,0.0325,0.235,0.2225,11.6667,13.8,2.76667,4.32,60,68.8,2.33333,3.8,1.09545,1.12,1.56,1727.58,0.474,2015.99,False,0.310345,0.8,,,,19.1,0.666667,0,0,,,,0,0,0
615,7,MID,21,2,2.6,0.166667,0.125,0.126667,0.1,9,10.2,3.46667,2.82,71,44.2,5.66667,4.2,2.60768,1.12,1.56,1727.58,0.474,2015.99,False,0.472727,0.6,,,,11.9667,13.3333,0.333333,3,,,,0,0,0
616,7,MID,21,0,0,,,,,0,0,0,0,0,0,0,0,0,1.12,1.56,1727.58,0.474,2015.99,False,0,0,,,,0,0,,,,,,0,0,0
617,7,MID,21,0,0,,,,,0,0,0,0,0,0,0,0,0,1.12,1.56,1727.58,0.474,2015.99,False,0,0,,,,0,0,,,,,,0,0,0
618,7,MID,21,0,0,,,,,0,0,0,0,0,0,0,0,0,1.12,1.56,1727.58,0.474,2015.99,False,0,0,,,,0,0,,,,,,0,0,0
619,7,MID,21,1,0.6,0.0233333,0.0233333,0,0,1.66667,1,0.133333,0.08,18,10.8,1.66667,1,0.547723,1.12,1.56,1727.58,0.474,2015.99,False,0.122449,0,,,,0.2,1.33333,0,0.666667,,,,0,0,0
620,7,MID,21,0,0,,,,,0,0,0,0,0,0,0,0,0,1.12,1.56,1727.58,0.474,2015.99,False,0,0,,,,0,0,,,,,,0,0,0
621,7,MID,21,0.666667,0.6,0,0,0,0,2,2.2,0.166667,0.26,0.666667,3.4,0.333333,0.8,0.547723,1.12,1.56,1727.58,0.474,2015.99,False,0.136364,0,,,,0,0,0,0,,,,0,0,0
622,7,MID,21,0,0,,,,,0,0,0,0,0,0,0,0,0,1.12,1.56,1727.58,0.474,2015.99,False,0,0,,,,0,0,,,,,,0,0,0
623,7,MID,21,0.333333,0.4,0,0,0.01,0.005,2.33333,1.8,0.3,0.38,10.3333,15.2,1.66667,1.8,0.547723,1.12,1.56,1727.58,0.474,2015.99,False,0.0909091,0,,,,0.433333,0,0,0,,,,0,0,0
624,7,FWD,21,6.66667,6.2,0.17,0.134,0.103333,0.092,25.3333,26.4,7.13333,7.36,90,90,5.66667,5.2,3.83406,1.12,1.56,1727.58,0.474,2015.99,False,0.805195,1,,,,,,,,0.17,1.33333,4.66667,0,0,0
625,7,FWD,21,1,1.2,0.12,0.0975,0.04,0.025,4.66667,4.6,3.7,3.26,40.3333,45.8,3.33333,2.8,0.83666,1.12,1.56,1727.58,0.474,2015.99,False,0.210526,0.6,,,,,,,,0.12,0.5,4,0,0,0
626,7,FWD,21,0,0,,,,,0,0,0,0,0,0,0,0,0,1.12,1.56,1727.58,0.474,2015.99,False,0,0,,,,,,,,,,,0,0,0
627,7,GKP,39,1.66667,1,0,0,0,0,9.33333,5.6,1.7,1.02,60,36,8.66667,5.2,1.41421,1,1.224,1707.45,1.58,1834.56,False,0.222222,0.4,1.66667,,,,,,,,,,0,0,0
628,7,GKP,39,0.333333,1,0,0,0,0.01,0,3,0.266667,1.02,30,54,2.33333,8,1.22474,1,1.224,1707.45,1.58,1834.56,False,0.227273,0.6,0.333333,,,,,,,,,,0,0,0
629,7,GKP,39,0,0,,,,,0,0,0,0,0,0,0,0,0,1,1.224,1707.45,1.58,1834.56,False,0,0,0,,,,,,,,,,0,0,0
630,7,GKP,11,0,0,,,,,0,0,0,0,0,0,0,0,0,1.408,1.234,1801.4,1.046,1870.49,False,0,0,0,,,,,,,,,,0,0,0
631,7,DEF,39,2.66667,2.6,0.0433333,0.072,0.07,0.05,8.66667,9.4,4.46667,4.22,75,81,13.6667,14.8,1.51658,1,1.224,1707.45,1.58,1834.56,False,0.577778,0.8,,0,0,,,,,,,,0,0,0
632,7,DEF,39,0,0.2,0.07,0.035,0.01,0.015,-0.666667,0.6,0.233333,0.56,15,27,1.33333,4.2,0.447214,1,1.224,1707.45,1.58,1834.56,False,0.0454545,0.4,,0,0,,,,,,,,0,0,0
633,7,DEF,39,2.33333,1.6,0.0266667,0.028,0.13,0.106,13,9.6,6.3,5.5,75,68.8,11.3333,10.6,1.51658,1,1.224,1707.45,1.58,1834.56,False,0.363636,0.6,,0,0,,,,,,,,0,0,0
634,7,DEF,39,1,0.6,0.025,0.025,0,0,3,1.8,1.36667,0.82,45.3333,27.2,6,3.6,0.894427,1,1.224,1707.45,1.58,1834.56,False,0.136364,0.4,,0,0,,,,,,,,0,0,0
635,7,DEF,39,0.666667,1.8,0.145,0.22,0.065,0.0466667,1.66667,4.2,2.3,2.58,40.3333,29.6,4.66667,3.8,3.03315,1,1.224,1707.45,1.58,1834.56,False,0.4,0.4,,0,0.2,,,,,,,,0,0,0
636,7,DEF,39,4,3.2,0.75,0.25,0.01,0.02,10.6667,8.4,3.66667,3.3,30,42.8,6,7.2,5.06952,1,1.224,1707.45,1.58,1834.56,False,0.727273,0.4,,0,0.2,,,,,,,,0,0,0
637,7,DEF,39,1.33333,1,0.00333333,0.008,0.00666667,0.006,5,3,1.56667,2.06,54,60,5.33333,9,1.87083,1,1.224,1707.45,1.58,1834.56,False,0.227273,0.8,,0,0,,,,,,,,0,0,0
638,7,DEF,39,0,0.2,,0,,0.1,0,0.2,0,0.44,0,6.8,0,0.6,0.447214,1,1.224,1707.45,1.58,1834.56,False,0.05,0.2,,0,0,,,,,,,,0,0,0
639,7,DEF,39,0,0,,,,,0,0,0,0,0,0,0,0,0,1,1.224,1707.45,1.58,1834.56,False,0,0,,0,0,,,,,,,,0,0,0
640,7,DEF,39,0,0,,,,,0,0,0,0,0,0,0,0,0,1,1.224,1707.45,1.58,1834.56,False,0,0,,0,0,,,,,,,,0,0,0
641,7,DEF,39,0,0,,,,,0,0,0,0,0,0,0,0,0,1,1.224,1707.45,1.58,1834.56,False,0,0,,0,0,,,,,,,,0,0,0
642,7,MID,39,1,2.2,0.08,0.145,0.01,0.005,3.66667,7.6,1.2,1.78,40.3333,41.6,1,1,2.77489,1,1.224,1707.45,1.58,1834.56,False,0.372881,0.6,,,,0.7,9.66667,0.5,2,,,,0,0,0
643,7,MID,39,2.33333,2,0.00666667,0.004,0.0166667,0.014,11.3333,10.4,1.13333,0.94,57.6667,56.2,8.33333,7.8,1.73205,1,1.224,1707.45,1.58,1834.56,False,0.37037,0.6,,,,2.36667,1.33333,0,0.333333,,,,0,0,0
644,7,MID,39,1,1,0.04,0.036,0.0333333,0.04,5,5.2,1.26667,1.54,31.6667,33.2,2.66667,2.6,0,1,1.224,1707.45,1.58,1834.56,False,0.188679,0.4,,,,6.06667,3.33333,0,1,,,,0,0,0
645,7,MID,39,1.33333,1,0,0.01,0.235,0.16,6,3.6,2.26667,1.58,19.3333,16.8,1,0.8,1.22474,1,1.224,1707.45,1.58,1834.56,False,0.188679,0.2,,,,13.4667,1.33333,0,1,,,,0,0,0
646,7,MID,39,3,2.4,0.0766667,0.048,0.07,0.052,11.3333,12.4,2.86667,2.44,81,84.6,13.3333,11.2,1.14018,1,1.224,1707.45,1.58,1834.56,False,0.444444,1,,,,10.7333,4.66667,0,1.33333,,,,0,0,0
647,7,MID,39,0,0,,,,,0,0,0,0,0,0,0,0,0,1,1.224,1707.45,1.58,1834.56,False,0,0,,,,0,0,,,,,,0,0,0
648,7,MID,39,1.66667,2.4,0.126667,0.094,0.02,0.026,5,7.6,2.53333,2.82,53,67.8,5.33333,4.8,2.07364,1,1.224,1707.45,1.58,1834.56,False,0.444444,0.6,,,,2.26667,13,0.333333,3.66667,,,,0,0,0
649,7,MID,39,0,0,,,,,0,0,0,0,0,0,0,0,0,1,1.224,1707.45,1.58,1834.56,False,0,0,,,,0,0,,,,,,0,0,0
650,7,MID,39,0,0,,,,,0,0,0,0,0,0,0,0,0,1,1.224,1707.45,1.58,1834.56,False,0,0,,,,0,0,,,,,,0,0,0
651,7,MID,39,0,0,,,,,0,0,0,0,0,0,0,0,0,1,1.224,1707.45,1.58,1834.56,False,0,0,,,,0,0,,,,,,0,0,0
652,7,MID,39,0,0,,,,,0,0,0,0,0,0,0,0,0,1,1.224,1707.45,1.58,1834.56,False,0,0,,,,0,0,,,,,,0,0,0
653,7,MID,39,0,0,,,,,0,0,0,0,0,0,0,0,0,1,1.224,1707.45,1.58,1834.56,False,0,0,,,,0,0,,,,,,0,0,0
654,7,FWD,39,1,1,0.06,0.0733333,0.065,0.0466667,2.66667,2.4,0.766667,1.06,42.6667,41,1.33333,1,1,1,1.224,1707.45,1.58,1834.56,False,0.15625,0.4,,,,,,,,0.06,0,3,0,0,0
655,7,FWD,39,0,0,,,,,0,0,0,0,0,0,0,0,0,1,1.224,1707.45,1.58,1834.56,False,0,0,,,,,,,,,,,0,0,0
656,7,FWD,39,0,0.2,,0,,0.01,0,0.2,0,0.14,0,2.8,0,0.4,0.447214,1,1.224,1707.45,1.58,1834.56,False,0.0408163,0,,,,,,,,,,,0,0,0
657,7,FWD,39,0,0,,,,,0,0,0,0,0,0,0,0,0,1,1.224,1707.45,1.58,1834.56,False,0,0,,,,,,,,,,,0,0,0
658,7,FWD,39,0,0,,,,,0,0,0,0,0,0,0,0,0,1,1.224,1707.45,1.58,1834.56,False,0,0,,,,,,,,,,,0,0,0
659,7,DEF,21,1,2,0.0333333,0.028,0.02,0.014,6.66667,10.6,3.8,2.72,90,76,8.66667,7.4,2.23607,1.12,1.56,1727.58,0.474,2015.99,False,0.454545,0.8,,0.2,0,,,,,,,,0,0,0
660,7,MID,2,6,4.6,0.0533333,0.068,0.06,0.054,22.3333,16.4,5,4.94,90,90,9,7.4,5.85662,0.794,1.358,1741.78,1.242,1811.6,False,0.92,1,,,,15.2333,8.66667,0.333333,2,,,,0,0,0
661,7,FWD,14,3.33333,4.2,0.22,0.16,0.06,0.045,15.6667,16.6,3.06667,3.6,45.6667,58.8,5,4.4,4.02492,1.38,1.044,1997.75,1.46,1888.21,False,0.482759,0.8,,,,,,,,0.22,0.5,2.5,0,0,0
662,7,DEF,3,3,2.4,0,0,0.0133333,0.008,12,11.4,0.966667,1.24,45.3333,49.4,6.33333,6.6,2.60768,1.628,0.474,2015.99,1.56,1727.58,False,0.444444,0.4,,0.2,0,,,,,,,,0,0,0
663,7,MID,39,2.33333,2,0.0333333,0.054,0.0633333,0.044,7.66667,8,4.36667,3.52,44,50,5.33333,6,1.73205,1,1.224,1707.45,1.58,1834.56,False,0.384615,0.6,,,,26.0667,8.66667,0,3.33333,,,,0,0,0
664,7,GKP,54,0,0,,,,,0,0,0,0,0,0,0,0,0,1.112,1.296,1789.83,0.65,1827.55,False,0,0,0,,,,,,,,,,0,0,0
665,7,GKP,2,0,1.2,,0,,0,0,2.4,0,0.36,0,36,0,4.6,2.68328,0.794,1.358,1741.78,1.242,1811.6,False,0.266667,0.4,0,,,,,,,,,,0,0,0
666,7,FWD,3,3.33333,4.6,0.366667,0.476,0.05,0.068,14,18.8,6.16667,6.7,82.3333,85.4,4,3.8,4.5607,1.628,0.474,2015.99,1.56,1727.58,False,0.505495,1,,,,,,,,0.366667,0.666667,8.66667,0,0,0
667,7,DEF,11,0,0,,,,,0,0,0,0,0,0,0,0,0,1.408,1.234,1801.4,1.046,1870.49,False,0,0,,0,0,,,,,,,,0,0,0
668,7,MID,56,6,5.2,0.0233333,0.024,0.143333,0.118,24.3333,23,5.4,5.16,90,90,15.3333,14,2.16795,1.074,1.286,1606.97,1.608,1798.29,False,1.04,1,,,,17.9,3.66667,0.333333,0.666667,,,,0,0,0
669,7,MID,17,1.66667,2.6,0.0166667,0.01,0.0733333,0.114,8.33333,10.2,3.46667,3.48,74.6667,70.2,4.33333,4.8,2.50998,0.928,1.574,1766.48,0.876,1872.67,False,0.433333,1,,,,15.2667,9.66667,0,4.33333,,,,0,0,0
670,7,GKP,56,7.33333,6.2,0,0,0.00333333,0.002,27,20.8,3.93333,3.38,90,90,11.3333,13,4.38178,1.074,1.286,1606.97,1.608,1798.29,False,1.34783,1,4.33333,,,,,,,,,,0,0,0
671,7,FWD,21,0.666667,2,0,0.2675,0,0.01,1.33333,8,0.333333,2.76,26.6667,30.2,1.33333,1,2.82843,1.12,1.56,1727.58,0.474,2015.99,False,0.338983,0.2,,,,,,,,0,0,1,0,0,0
672,7,DEF,8,0.666667,0.4,0,0,0.005,0.00333333,0.333333,-0.2,0.566667,0.38,41,28.8,2.33333,1.8,0.894427,1.716,1.46,1888.21,1.044,1997.75,False,0.0833333,0.4,,0,0,,,,,,,,0,0,0
673,7,MID,6,5.33333,5.6,0.1,0.088,0.02,0.014,23.3333,21.4,4.4,4.28,90,82.6,10.6667,9.4,4.219,0.936,1.242,1811.6,1.358,1741.78,False,1.01818,1,,,,6.76667,10,0.333333,1.66667,,,,0,0,0
674,7,GKP,4,0,0,,,,,0,0,0,0,0,0,0,0,0,0.748,0.876,1872.67,1.574,1766.48,False,0,0,0,,,,,,,,,,0,0,0
675,7,GKP,17,0,0,,,,,0,0,0,0,0,0,0,0,0,0.928,1.574,1766.48,0.876,1872.67,False,0,0,0,,,,,,,,,,0,0,0
676,7,MID,90,0,1,0,0.005,0,0.005,1.33333,4.6,0.266667,0.96,31.3333,47.4,3,4.6,1.58114,0.718,2.036,1716.6,1.58,1865.17,False,0.2,0.6,,,,0.0333333,0,0,0,,,,0,0,0
677,7,MID,7,2,1.6,0.0833333,0.064,0.0266667,0.018,5,3.8,2,1.76,66.3333,51.8,6.33333,5,0.894427,0.952,1.58,1865.17,2.036,1716.6,False,0.253968,0.6,,,,1.8,9,0.333333,2,,,,0,0,0
678,7,DEF,56,0.333333,0.2,0.035,0.035,0.005,0.005,2,1.2,0.766667,0.46,22.6667,13.6,2.33333,1.4,0.447214,1.074,1.286,1606.97,1.608,1798.29,False,0.05,0.2,,0,0,,,,,,,,0,0,0
679,7,GKP,21,0.333333,1.6,0,0,0,0,0.666667,4.8,0.633333,1.28,30,54,1.66667,6.8,3.04959,1.12,1.56,1727.58,0.474,2015.99,False,0.355556,0.6,0.666667,,,,,,,,,,0,0,0
680,7,FWD,90,0.666667,0.4,0,0,0,0,2,1.2,0.166667,0.1,3.66667,2.2,0.333333,0.2,0.547723,0.718,2.036,1716.6,1.58,1865.17,False,0.0754717,0,,,,,,,,0,0,0.5,0,0,0
681,7,FWD,1,3.66667,2.6,0.306667,0.238,0.00666667,0.012,13.6667,8.2,6.66667,4.16,71.3333,53.8,1.66667,1.2,3.04959,2.14,1.608,1798.29,1.286,1606.97,False,0.356164,0.6,,,,,,,,0.306667,1.66667,2.33333,0,0,0
682,7,DEF,39,0,1,,0,,0.06,0,4,0,0.82,0,12,0,1.2,1.73205,1,1.224,1707.45,1.58,1834.56,False,0.227273,0.2,,0,0.2,,,,,,,,0,0,0
683,7,DEF,56,10,7,0.17,0.124,0.06,0.042,28.3333,21,6.16667,5.08,90,90,14.6667,15,6.2849,1.074,1.286,1606.97,1.608,1798.29,False,1.70732,1,,0.4,0.2,,,,,,,,0,0,0
684,7,DEF,4,3.33333,2.2,0.035,0.0233333,0.01,0.00666667,9.66667,5.6,2.2,1.36,57.6667,36.4,10,6.2,2.94958,0.748,0.876,1872.67,1.574,1766.48,False,0.44898,0.4,,0.2,0,,,,,,,,0,0,0
685,7,DEF,91,2.66667,4.8,0,0,0.025,0.015,12,18.4,2.33333,2.4,60,72,9,11.6,3.70135,1.122,0.65,1827.55,1.296,1789.83,False,1.06667,0.8,,0.6,0,,,,,,,,0,0,0
686,7,MID,14,0.666667,1.6,0,0.12,0.05,0.0333333,2.66667,7,0.766667,1.48,3,2,0.333333,0.2,2.50998,1.38,1.044,1997.75,1.46,1888.21,False,0.355556,0,,,,3.93333,2,0,1.5,,,,0,0,0
687,7,MID,91,0,0,,,,,0,0,0,0,0,0,0,0,0,1.122,0.65,1827.55,1.296,1789.83,False,0,0,,,,0,0,,,,,,0,0,0
688,7,GKP,7,0,0,,,,,0,0,0,0,0,0,0,0,0,0.952,1.58,1865.17,2.036,1716.6,False,0,0,0,,,,,,,,,,0,0,0
689,7,MID,4,0,0,,,,,0,0,0,0,0,0,0,0,0,0.748,0.876,1872.67,1.574,1766.48,False,0,0,,,,0,0,,,,,,0,0,0
690,7,MID,31,0,0,,,,,0,0,0,0,0,0,0,0,0,2.15,1.046,1870.49,1.234,1801.4,False,0,0,,,,0,0,,,,,,0,0,0
691,7,FWD,2,5,3.2,0.373333,0.2975,0.0366667,0.0275,15.3333,9.8,6.43333,4.3,82.6667,53.6,2.66667,2,4.43847,0.794,1.358,1741.78,1.242,1811.6,False,0.581818,0.6,,,,,,,,0.373333,1.66667,3.33333,0,0,0
692,7,DEF,14,0,0,,,,,0,0,0,0,0,0,0,0,0,1.38,1.044,1997.75,1.46,1888.21,False,0,0,,0,0,,,,,,,,0,0,0
693,7,MID,17,0.333333,0.6,0.22,0.14,0.34,0.113333,6,3.8,3.4,2.16,6,5.4,0.666667,0.6,0.547723,0.928,1.574,1766.48,0.876,1872.67,False,0.109091,0,,,,17.7333,8.66667,2,2,,,,0,0,0
694,7,DEF,56,6.66667,4.8,0.0233333,0.035,0.07,0.0525,24.3333,18.2,4.5,3.36,90,72,14.6667,11.8,3.63318,1.074,1.286,1606.97,1.608,1798.29,False,1.2,0.8,,0.4,0,,,,,,,,0,0,0
695,7,DEF,39,1,1,0,0,0.00333333,0.008,3.66667,2.6,2.43333,2.42,49.3333,53,7,6.6,0,1,1.224,1707.45,1.58,1834.56,False,0.222222,0.4,,0,0,,,,,,,,0,0,0
696,7,FWD,17,1,1,0.116667,0.07,0.00666667,0.004,2,2.2,1.23333,0.82,15,13,0,0.6,0,0.928,1.574,1766.48,0.876,1872.67,False,0.166667,0,,,,,,,,0.116667,0,2.33333,0,0,0
697,7,MID,91,1,1,0.0333333,0.02,0.02,0.018,6,6.8,2.7,2.62,32.3333,29.4,4.66667,6.2,0,1.122,0.65,1827.55,1.296,1789.83,False,0.181818,0.2,,,,8.23333,10,0.666667,1.33333,,,,0,0,0
698,7,MID,2,4,2.6,0.13,0.0975,0.103333,0.0775,12.6667,8.2,4.76667,2.96,67.3333,45.2,6.66667,4.8,3.1305,0.794,1.358,1741.78,1.242,1811.6,False,0.472727,0.6,,,,11.8,18.3333,0.333333,5,,,,0,0,0
699,7,MID,17,1.66667,1,0.02,0.02,0.02,0.02,7.66667,4.6,1.03333,0.62,25,15,1,0.6,2.23607,0.928,1.574,1766.48,0.876,1872.67,False,0.2,0.2,,,,6.03333,2.66667,0,3,,,,0,0,0
700,7,MID,3,0,1,,0.07,,0.01,0,2.6,0,0.56,0,5.4,0,0.6,1.73205,1.628,0.474,2015.99,1.56,1727.58,False,0.222222,0,,,,0,0,,,,,,0,0,0
701,7,DEF,7,0,0,,,,,0,0,0,0,0,0,0,0,0,0.952,1.58,1865.17,2.036,1716.6,False,0,0,,0,0,,,,,,,,0,0,0
702,7,MID,7,0,0.2,,0,,0,0,0.6,0,0,0,3.2,0,0.2,0.447214,0.952,1.58,1865.17,2.036,1716.6,False,0.0444444,0,,,,0,0,,,,,,0,0,0
703,7,GKP,7,0,0,,,,,0,0,0,0,0,0,0,0,0,0.952,1.58,1865.17,2.036,1716.6,False,0,0,0,,,,,,,,,,0,0,0
704,7,MID,11,0,0,,,,,0,0,0,0,0,0,0,0,0,1.408,1.234,1801.4,1.046,1870.49,False,0,0,,,,0,0,,,,,,0,0,0
705,7,DEF,11,0,0,,,,,0,0,0,0,0,0,0,0,0,1.408,1.234,1801.4,1.046,1870.49,False,0,0,,0,0,,,,,,,,0,0,0
706,7,DEF,2,0.333333,0.4,0,0,0,0,1.33333,1.4,0.133333,0.08,2.33333,3.4,0.666667,0.4,0.547723,0.794,1.358,1741.78,1.242,1811.6,False,0.1,0,,0,0,,,,,,,,0,0,0
707,7,MID,11,0.666667,0.4,0,0,0,0,2.33333,1.4,0.1,0.06,4.33333,2.6,1,0.6,0.547723,1.408,1.234,1801.4,1.046,1870.49,False,0.0727273,0,,,,0.266667,0,0,0,,,,0,0,0
708,7,MID,21,2,1.8,0.0366667,0.0275,0.0566667,0.0675,9.66667,8.8,2.1,2.08,75.6667,61.6,4,4.6,1.09545,1.12,1.56,1727.58,0.474,2015.99,False,0.327273,0.8,,,,12.5,2.33333,0,0.666667,,,,0,0,0
709,7,DEF,39,3.33333,2,0.246667,0.246667,0.07,0.07,9.66667,5.8,5.06667,3.04,90,54,8,4.8,2.91548,1,1.224,1707.45,1.58,1834.56,False,0.444444,0.6,,0,0.2,,,,,,,,0,0,0
710,7,DEF,7,0,0,,,,,0,0,0,0,0,0,0,0,0,0.952,1.58,1865.17,2.036,1716.6,False,0,0,,0,0,,,,,,,,0,0,0
711,7,MID,3,0,0,,,,,0,0,0,0,0,0,0,0,0,1.628,0.474,2015.99,1.56,1727.58,False,0,0,,,,0,0,,,,,,0,0,0
712,7,MID,31,2.33333,1.6,0.356667,0.2725,0.143333,0.11,5,5,3.13333,2.22,67,44,4.33333,3.4,1.34164,2.15,1.046,1870.49,1.234,1801.4,False,0.271186,0.6,,,,13.8667,13.3333,0.333333,2.33333,,,,0,0,0
713,7,DEF,91,0,0,0.0266667,0.0266667,0.01,0.01,2.33333,1.4,1.5,0.9,40,24,5.66667,3.4,0,1.122,0.65,1827.55,1.296,1789.83,False,0,0.4,,0,0,,,,,,,,0,0,0
714,7,FWD,4,6,3.6,0.186667,0.186667,0.0166667,0.0166667,23,13.8,5.5,3.3,71,42.6,3.33333,2,4.15933,0.748,0.876,1872.67,1.574,1766.48,False,0.5,0.6,,,,,,,,0.186667,0.666667,3.66667,0,0,0
715,7,GKP,17,0,0,,,,,0,0,0,0,0,0,0,0,0,0.928,1.574,1766.48,0.876,1872.67,False,0,0,0,,,,,,,,,,0,0,0
716,7,DEF,17,0,0,0,0,0,0,1.33333,0.8,0.866667,0.52,17.6667,10.6,1.66667,1,0,0.928,1.574,1766.48,0.876,1872.67,False,0,0,,0,0,,,,,,,,0,0,0
717,7,MID,6,2.66667,1.6,0.0933333,0.0933333,0.126667,0.126667,12,7.2,3.96667,2.38,58.6667,35.2,4.66667,2.8,2.50998,0.936,1.242,1811.6,1.358,1741.78,False,0.225352,0.4,,,,19.2667,9,0.333333,1.33333,,,,0,0,0
718,7,MID,21,0.666667,0.4,0,0,0.00333333,0.00333333,4,2.4,0.8,0.48,33,19.8,4,2.4,0.547723,1.12,1.56,1727.58,0.474,2015.99,False,0.08,0.2,,,,1.73333,0,0,0,,,,0,0,0
719,7,DEF,7,0.666667,0.4,0,0,0,0,2,1.2,0.0333333,0.02,5,3,0,0,0.547723,0.952,1.58,1865.17,2.036,1716.6,False,0.0888889,0,,0,0,,,,,,,,0,0,0
720,7,FWD,39,1.66667,1,0.0733333,0.0733333,0.01,0.01,5,3,2.6,1.56,53.6667,32.2,3.33333,2,1,1,1.224,1707.45,1.58,1834.56,False,0.181818,0.4,,,,,,,,0.0733333,0.333333,2.66667,0,0,0
721,7,DEF,91,1.33333,0.8,0,0,0.18,0.18,5,3,1.36667,0.82,30,18,4.66667,2.8,1.78885,1.122,0.65,1827.55,1.296,1789.83,False,0.177778,0.2,,0,0,,,,,,,,0,0,0
722,7,MID,90,2.66667,1.6,0,0,0.00666667,0.00666667,12,7.2,2.7,1.62,69,41.4,12.3333,7.4,1.81659,0.718,2.036,1716.6,1.58,1865.17,False,0.32,0.4,,,,8.46667,0,0,0,,,,0,0,0
723,7,DEF,31,0,0,,,,,0,0,0,0,0,0,0,0,0,2.15,1.046,1870.49,1.234,1801.4,False,0,0,,0,0,,,,,,,,0,0,0
724,7,DEF,56,1,0.6,0.213333,0.213333,0.0166667,0.0166667,3.66667,2.2,1.03333,0.62,15.3333,9.2,2,1.2,0.547723,1.074,1.286,1606.97,1.608,1798.29,False,0.133333,0,,0,0,,,,,,,,0,0,0
725,7,DEF,3,0,0,,,,,0,0,0,0,0,0,0,0,0,1.628,0.474,2015.99,1.56,1727.58,False,0,0,,0,0,,,,,,,,0,0,0
726,7,FWD,6,0,0,,,,,0,0,0,0,0,0,0,0,0,0.936,1.242,1811.6,1.358,1741.78,False,0,0,,,,,,,,,,,0,0,0
727,7,MID,54,0.333333,0.2,0.18,0.18,0,0,1,0.6,0.433333,0.26,3.33333,2,0.333333,0.2,0.447214,1.112,1.296,1789.83,0.65,1827.55,False,0.037037,0,,,,0.166667,4,0,4,,,,0,0,0
728,7,MID,11,0.333333,0.2,0.03,0.03,0,0,1.66667,1,0.5,0.3,8,4.8,1,0.6,0.447214,1.408,1.234,1801.4,1.046,1870.49,False,0.04,0,,,,3.56667,0.333333,0,0,,,,0,0,0
729,7,DEF,17,0,0,,,,,0,0,0,0,0,0,0,0,0,0.928,1.574,1766.48,0.876,1872.67,False,0,0,,0,0,,,,,,,,0,0,0
730,7,FWD,56,0.666667,0.4,0,0,0,0,2,1.2,0.133333,0.08,8.66667,5.2,1.66667,1,0.547723,1.074,1.286,1606.97,1.608,1798.29,False,0.0727273,0,,,,,,,,0,0,0,0,0,0
731,7,MID,54,0.666667,0.4,0.00333333,0.00333333,0.0266667,0.0266667,3.33333,2,1.63333,0.98,20.6667,12.4,2,1.2,0.547723,1.112,1.296,1789.83,0.65,1827.55,False,0.0666667,0,,,,7.53333,3,0.333333,0.333333,,,,0,0,0
732,7,FWD,31,0.333333,0.2,0.01,0.01,0,0,2,1.2,0.766667,0.46,2,1.2,0.333333,0.2,0.447214,2.15,1.046,1870.49,1.234,1801.4,False,0.0363636,0,,,,,,,,0.01,1,2,0,0,0
733,7,GKP,1,0,0,,,,,0,0,0,0,0,0,0,0,0,2.14,1.608,1798.29,1.286,1606.97,False,0,0,0,,,,,,,,,,0,0,0
734,7,MID,17,1.33333,0.8,0.0433333,0.0433333,0.08,0.08,7.66667,4.6,4.43333,2.66,53,31.8,4.33333,2.6,0.83666,0.928,1.574,1766.48,0.876,1872.67,False,0.133333,0.4,,,,20.1667,15,1,1.33333,,,,0,0,0
735,7,MID,56,0.333333,0.2,0.05,0.05,0.01,0.01,3.33333,2,1.26667,0.76,10.3333,6.2,1.66667,1,0.447214,1.074,1.286,1606.97,1.608,1798.29,False,0.0363636,0,,,,3.56667,5.66667,1,1,,,,0,0,0
736,7,GKP,43,3,1.8,0,0,0,0,12.6667,7.6,1.23333,0.74,90,54,6.66667,4,2.48998,1.78,1.246,1958.74,1.414,1802.83,False,0.321429,0.6,1.66667,,,,,,,,,,0,0,0
737,7,FWD,54,0,0,,,,,0,0,0,0,0,0,0,0,0,1.112,1.296,1789.83,0.65,1827.55,False,0,0,,,,,,,,,,,0,0,0
738,7,GKP,21,0,0,,,,,0,0,0,0,0,0,0,0,0,1.12,1.56,1727.58,0.474,2015.99,False,0,0,0,,,,,,,,,,0,0,0
739,7,MID,43,0,0,,,,,0,0,0,0,0,0,0,0,0,1.78,1.246,1958.74,1.414,1802.83,False,0,0,,,,0,0,,,,,,0,0,0
740,7,DEF,43,0,0,,,,,0,0,0,0,0,0,0,0,0,1.78,1.246,1958.74,1.414,1802.83,False,0,0,,0,0,,,,,,,,0,0,0
741,7,FWD,2,0,0,,,,,0,0,0,0,0,0,0,0,0,0.794,1.358,1741.78,1.242,1811.6,False,0,0,,,,,,,,,,,0,0,0
742,7,MID,43,0,0,,,,,0,0,0,0,0,0,0,0,0,1.78,1.246,1958.74,1.414,1802.83,False,0,0,,,,0,0,,,,,,0,0,0
743,7,MID,8,0,0,,,,,0,0,0,0,0,0,0,0,0,1.716,1.46,1888.21,1.044,1997.75,False,0,0,,,,0,0,,,,,,0,0,0
744,7,MID,36,0,0,,,,,0,0,0,0,0,0,0,0,0,1.79,1.58,1834.56,1.224,1707.45,False,0,0,,,,0,0,,,,,,0,0,0
745,7,DEF,6,0,0,,,,,0,0,0,0,0,0,0,0,0,0.936,1.242,1811.6,1.358,1741.78,False,0,0,,0,0,,,,,,,,0,0,0
746,7,MID,14,0,0,,,,,0,0,0,0,0,0,0,0,0,1.38,1.044,1997.75,1.46,1888.21,False,0,0,,,,0,0,,,,,,0,0,0
747,7,DEF,21,0,0,,,,,0,0,0,0,0,0,0,0,0,1.12,1.56,1727.58,0.474,2015.99,False,0,0,,0,0,,,,,,,,0,0,0
748,7,MID,94,0,0,,,,,0,0,0,0,0,0,0,0,0,1.292,1.414,1802.83,1.246,1958.74,False,0,0,,,,0,0,,,,,,0,0,0
749,7,FWD,39,0,0,,,,,0,0,0,0,0,0,0,0,0,1,1.224,1707.45,1.58,1834.56,False,0,0,,,,,,,,,,,0,0,0
750,7,DEF,6,0,0,,,,,0,0,0,0,0,0,0,0,0,0.936,1.242,1811.6,1.358,1741.78,False,0,0,,0,0,,,,,,,,0,0,0
751,7,MID,6,0,0,,,,,0,0,0,0,0,0,0,0,0,0.936,1.242,1811.6,1.358,1741.78,False,0,0,,,,0,0,,,,,,0,0,0
752,7,DEF,21,0,0,,,,,0,0,0,0,0,0,0,0,0,1.12,1.56,1727.58,0.474,2015.99,False,0,0,,0,0,,,,,,,,0,0,0
