id,first_name,second_name,web_name,status,news,news_added,now_cost,now_cost_rank,now_cost_rank_type,selected_by_percent,selected_rank,selected_rank_type,form,form_rank,form_rank_type,event_points,cost_change_event,cost_change_event_fall,cost_change_start,cost_change_start_fall,transfers_in_event,transfers_out_event,value_form,value_season,ep_next,ep_this,points_per_game,points_per_game_rank,points_per_game_rank_type,chance_of_playing_next_round,chance_of_playing_this_round,influence_rank,influence_rank_type,creativity_rank,creativity_rank_type,threat_rank,threat_rank_type,ict_index_rank,ict_index_rank_type,corners_and_indirect_freekicks_order,direct_freekicks_order,penalties_order,set_piece_threat,corners_and_indirect_freekicks_text,direct_freekicks_text,penalties_text,expected_goals_per_90,expected_assists_per_90,expected_goal_involvements_per_90,expected_goals_conceded_per_90,saves_per_90,clean_sheets_per_90,goals_conceded_per_90,starts_per_90,defensive_contribution_per_90,gw,total_points,minutes,goals_scored,assists,clean_sheets,goals_conceded,own_goals,penalties_saved,penalties_missed,yellow_cards,red_cards,saves,starts,bonus,bps,transfers_in,transfers_out,dreamteam_count,expected_goals,expected_assists,expected_goal_involvements,expected_goals_conceded,influence,creativity,threat,ict_index,tackles,clearances_blocks_interceptions,recoveries,defensive_contribution
8,Jurriën,Timber,J.Timber,i,Ankle injury - Unknown return date,,6.1,82,4.0,19.7,15,5.0,0.0,811.0,267.0,0,0,0.0,6,-6.0,64,32029,0.0,24.4,0.0,0.0,5.0,14.0,4.0,0.0,0.0,96.0,41.0,72.0,14.0,75.0,6.0,68.0,11.0,,,,,,,,0.17,0.06,0.23,0.64,0.0,0.48,0.73,1.03,5.43,34,0,0,0,0,0,0,0,0,0,0,0,0,0,0,0,930,151616,0.0,0.0,0.0,0.0,0.0,0.0,0.0,0.0,0.0,0,0,0,0
197,Oliver,Sonne,Sonne,u,has joined Sparta Prague on loan for the rest of the season.,,3.8,810,250.0,0.2,398,149.0,0.0,372.0,135.0,0,0,0.0,-2,2.0,0,26,0.0,3.4,0.0,0.0,1.9,351.0,129.0,0.0,0.0,424.0,158.0,403.0,146.0,370.0,124.0,426.0,154.0,,,,,,,,0.3,0.04,0.34,2.08,0.0,0.0,2.2,0.55,3.84,34,0,0,0,0,0,0,0,0,0,0,0,0,0,0,0,0,236,0.0,0.0,0.0,0.0,0.0,0.0,0.0,0.0,0.0,0,0,0,0
198,Axel,Tuanzebe,Tuanzebe,a,,,3.9,757,215.0,0.9,206,81.0,0.0,390.0,144.0,0,0,0.0,-1,1.0,5,28,0.0,6.9,-0.5,0.0,2.5,257.0,99.0,100.0,100.0,268.0,110.0,437.0,154.0,334.0,107.0,358.0,122.0,,,,,,,,0.06,0.01,0.07,2.41,0.0,0.1,2.13,1.06,9.38,34,0,0,0,0,0,0,0,0,0,0,0,0,0,0,0,41,788,0.0,0.0,0.0,0.0,0.0,0.0,0.0,0.0,0.0,0,0,0,0
209,Josh,Laurent,Laurent,a,,,4.8,348,218.0,0.0,623,240.0,1.0,229.0,103.0,0,0,0.0,-2,2.0,3,3,0.2,11.0,0.5,0.0,1.8,373.0,158.0,100.0,100.0,224.0,95.0,196.0,128.0,260.0,141.0,252.0,123.0,,,,,,,,0.05,0.03,0.08,2.06,0.0,0.11,2.1,0.92,9.54,34,0,0,0,0,0,0,0,0,0,0,0,0,0,0,0,6,43,0.0,0.0,0.0,0.0,0.0,0.0,0.0,0.0,0.0,0,0,0,0
218,Ashley,Barnes,Barnes,a,,,4.2,625,88.0,1.3,177,28.0,0.0,499.0,49.0,0,0,0.0,-3,3.0,80,194,0.0,1.2,-0.5,0.0,1.0,465.0,56.0,,,511.0,62.0,478.0,60.0,422.0,57.0,489.0,58.0,,,2.0,,,,,0.28,0.0,0.28,5.32,0.0,0.0,7.71,0.0,5.14,34,0,0,0,0,0,0,0,0,0,0,0,0,0,0,0,381,1998,0.0,0.0,0.0,0.0,0.0,0.0,0.0,0.0,0.0,0,0,0,0
80,Julio,Soler Barreto,Soler,a,,,3.9,787,230.0,0.2,391,145.0,0.0,414.0,154.0,0,0,0.0,-1,1.0,17,7,0.0,0.8,0.0,0.0,1.0,458.0,165.0,100.0,100.0,498.0,176.0,461.0,167.0,444.0,167.0,497.0,173.0,,,,,,,,0.0,0.0,0.0,4.29,0.0,0.0,5.29,0.0,2.65,34,0,0,0,0,0,0,0,0,0,0,0,0,0,0,0,53,66,0.0,0.0,0.0,0.0,0.0,0.0,0.0,0.0,0.0,0,0,0,0
91,Luis,Sinisterra Lucumí,Sinisterra,u,has joined Cruzeiro on loan for the rest of the season.,,5.0,253,152.0,0.0,747,316.0,0.0,741.0,313.0,0,0,0.0,0,0.0,0,0,0.0,0.0,0.0,0.0,0.0,793.0,347.0,0.0,0.0,792.0,346.0,790.0,346.0,785.0,344.0,792.0,346.0,,,,,,,,0.0,0.0,0.0,0.0,0.0,0.0,0.0,0.0,0.0,34,0,0,0,0,0,0,0,0,0,0,0,0,0,0,0,0,0,0.0,0.0,0.0,0.0,0.0,0.0,0.0,0.0,0.0,0,0,0,0
97,Francisco Evanilson,de Lima Barbosa,Evanilson,a,,,6.7,46,16.0,2.5,121,19.0,3.7,77.0,12.0,0,0,0.0,-3,3.0,901,932,0.6,15.7,3.7,0.0,3.3,162.0,16.0,100.0,100.0,199.0,19.0,81.0,3.0,8.0,6.0,42.0,9.0,,,,,,,,0.35,0.05,0.4,1.31,0.0,0.33,1.43,1.02,4.1,34,0,0,0,0,0,0,0,0,0,0,0,0,0,0,0,2720,27434,0.0,0.0,0.0,0.0,0.0,0.0,0.0,0.0,0.0,0,0,0,0
98,Enes,Ünal,Enes Ünal,a,,,5.4,156,38.0,0.0,591,80.0,0.7,278.0,37.0,0,0,0.0,-1,1.0,15,9,0.1,4.3,0.7,0.0,1.2,444.0,53.0,100.0,100.0,420.0,50.0,417.0,54.0,290.0,50.0,403.0,51.0,,1.0,,,,,,0.95,0.03,0.98,2.14,0.0,0.0,1.03,0.0,7.71,34,0,0,0,0,0,0,0,0,0,0,0,0,0,0,0,44,103,0.0,0.0,0.0,0.0,0.0,0.0,0.0,0.0,0.0,0,0,0,0
756,Malcom,DaCosta,DaCosta,a,,,4.5,519,323.0,0.0,744,314.0,0.0,680.0,271.0,0,0,0.0,0,0.0,2,1,0.0,0.0,0.0,0.0,0.0,765.0,327.0,,,764.0,326.0,757.0,326.0,745.0,323.0,764.0,326.0,,,,,,,,0.0,0.0,0.0,0.0,0.0,0.0,0.0,0.0,0.0,34,0,0,0,0,0,0,0,0,0,0,0,0,0,0,0,8,13,0.0,0.0,0.0,0.0,0.0,0.0,0.0,0.0,0.0,0,0,0,0
130,Romelle,Donovan,Donovan,a,,,4.4,571,344.0,0.1,475,164.0,0.0,584.0,200.0,0,0,0.0,-1,1.0,16,13,0.0,0.9,0.0,-0.5,1.0,480.0,213.0,,,474.0,212.0,423.0,211.0,389.0,195.0,459.0,207.0,,,,,,,,0.21,0.02,0.23,0.92,0.0,0.0,0.0,0.0,11.84,34,0,0,0,0,0,0,0,0,0,0,0,0,0,0,0,63,80,0.0,0.0,0.0,0.0,0.0,0.0,0.0,0.0,0.0,0,0,0,0
826,Riley,Owen,Owen,a,,,4.5,464,281.0,0.0,826,370.0,0.0,628.0,230.0,0,0,0.0,0,0.0,1,1,0.0,0.0,0.0,-0.5,0.0,725.0,296.0,,,720.0,291.0,715.0,293.0,699.0,286.0,721.0,292.0,,,,,,,,0.0,0.0,0.0,0.0,0.0,0.0,0.0,0.0,0.0,34,0,0,0,0,0,0,0,0,0,0,0,0,0,0,0,15,5,0.0,0.0,0.0,0.0,0.0,0.0,0.0,0.0,0.0,0,0,0,0
770,Seth,Ridgeon,Ridgeon,a,,,4.5,506,314.0,0.0,780,337.0,0.0,669.0,263.0,0,0,0.0,0,0.0,1,2,0.0,0.0,-1.0,0.0,0.0,756.0,320.0,,,755.0,319.0,748.0,319.0,735.0,315.0,755.0,319.0,,,,,,,,0.0,0.0,0.0,0.0,0.0,0.0,0.0,0.0,0.0,34,0,0,0,0,0,0,0,0,0,0,0,0,0,0,0,16,7,0.0,0.0,0.0,0.0,0.0,0.0,0.0,0.0,0.0,0,0,0,0
353,Daniel,James,James,a,,,5.2,205,127.0,0.1,488,172.0,0.0,766.0,334.0,0,0,0.0,-3,3.0,12,5,0.0,3.5,0.5,0.0,1.2,443.0,198.0,100.0,100.0,421.0,183.0,268.0,165.0,266.0,144.0,365.0,173.0,,,,,,,,0.16,0.13,0.29,2.34,0.0,0.22,2.89,0.89,5.78,34,0,0,0,0,0,0,0,0,0,0,0,0,0,0,0,41,25,0.0,0.0,0.0,0.0,0.0,0.0,0.0,0.0,0.0,0,0,0,0
787,Sam,Chambers,Chambers,a,,,4.4,562,338.0,0.0,736,307.0,0.0,576.0,195.0,0,0,0.0,-1,1.0,5,4,0.0,0.0,0.5,0.0,0.0,686.0,266.0,,,679.0,259.0,674.0,262.0,655.0,254.0,681.0,261.0,,,,,,,,0.0,0.0,0.0,0.0,0.0,0.0,0.0,0.0,0.0,34,0,0,0,0,0,0,0,0,0,0,0,0,0,0,0,19,44,0.0,0.0,0.0,0.0,0.0,0.0,0.0,0.0,0.0,0,0,0,0
451,Marcus,Rashford,Rashford,u,Has joined Barcelona on loan for the rest of the season,,7.0,36,21.0,0.0,715,293.0,0.0,823.0,369.0,0,0,0.0,0,0.0,0,0,0.0,0.0,0.0,0.0,0.0,827.0,371.0,0.0,0.0,827.0,371.0,827.0,371.0,827.0,371.0,827.0,371.0,,,,,,,,0.0,0.0,0.0,0.0,0.0,0.0,0.0,0.0,0.0,34,0,0,0,0,0,0,0,0,0,0,0,0,0,0,0,0,1,0.0,0.0,0.0,0.0,0.0,0.0,0.0,0.0,0.0,0,0,0,0
460,Toby,Collyer,Collyer,u,has joined Hull City on loan for the rest of the season.,,4.5,447,266.0,0.0,666,266.0,0.0,613.0,217.0,0,0,0.0,0,0.0,0,0,0.0,0.0,0.0,0.0,0.0,713.0,284.0,0.0,0.0,707.0,278.0,703.0,281.0,687.0,274.0,709.0,280.0,,,,,,,,0.0,0.0,0.0,0.0,0.0,0.0,0.0,0.0,0.0,34,0,0,0,0,0,0,0,0,0,0,0,0,0,0,0,0,6,0.0,0.0,0.0,0.0,0.0,0.0,0.0,0.0,0.0,0,0,0,0
135,Yoane,Wissa,Wissa,a,,,7.3,27,11.0,0.6,251,35.0,0.3,347.0,48.0,0,0,0.0,-2,2.0,62,57,0.0,2.9,0.3,-0.7,1.5,419.0,51.0,100.0,100.0,418.0,49.0,376.0,50.0,223.0,44.0,382.0,49.0,,,,,,,,0.41,0.11,0.52,1.7,0.0,0.21,1.91,0.85,4.04,34,0,0,0,0,0,0,0,0,0,0,0,0,0,0,0,431,295,0.0,0.0,0.0,0.0,0.0,0.0,0.0,0.0,0.0,0,0,0,0
550,Ian,Poveda-Ocampo,Poveda,a,,,4.7,384,239.0,0.0,665,265.0,0.0,689.0,277.0,0,0,0.0,-3,3.0,0,0,0.0,0.0,0.5,0.0,0.0,769.0,331.0,,,768.0,330.0,763.0,330.0,753.0,327.0,768.0,330.0,,,,,,,,0.0,0.0,0.0,0.0,0.0,0.0,0.0,0.0,0.0,34,0,0,0,0,0,0,0,0,0,0,0,0,0,0,0,7,4,0.0,0.0,0.0,0.0,0.0,0.0,0.0,0.0,0.0,0,0,0,0
562,Ahmed,Abdullahi,Abdullahi,a,,,4.2,650,91.0,0.4,280,43.0,0.0,514.0,52.0,0,0,0.0,-3,3.0,32,72,0.0,0.0,0.5,0.0,0.0,652.0,65.0,,,643.0,65.0,637.0,64.0,612.0,64.0,645.0,65.0,,,,,,,,0.0,0.0,0.0,0.0,0.0,0.0,0.0,0.0,0.0,34,0,0,0,0,0,0,0,0,0,0,0,0,0,0,0,380,396,0.0,0.0,0.0,0.0,0.0,0.0,0.0,0.0,0.0,0,0,0,0
577,Takai,Kōta,Takai,u,has joined Borussia Mönchengladbach on loan for the rest of the season.,,4.0,718,189.0,0.0,606,216.0,0.0,467.0,181.0,0,0,0.0,0,0.0,0,1,0.0,0.0,0.0,0.0,0.0,619.0,229.0,0.0,0.0,609.0,229.0,602.0,229.0,572.0,226.0,611.0,229.0,,,,,,,,0.0,0.0,0.0,0.0,0.0,0.0,0.0,0.0,0.0,34,0,0,0,0,0,0,0,0,0,0,0,0,0,0,0,0,5,0.0,0.0,0.0,0.0,0.0,0.0,0.0,0.0,0.0,0,0,0,0
591,Archie,Gray,Gray,a,,,4.8,372,232.0,0.2,413,142.0,1.0,231.0,105.0,0,0,0.0,-2,2.0,16,44,0.2,12.5,1.0,1.5,2.6,249.0,101.0,100.0,100.0,247.0,106.0,239.0,153.0,198.0,108.0,259.0,130.0,,,,,,,,0.09,0.08,0.17,1.51,0.0,0.31,1.72,1.11,8.06,34,0,0,0,0,0,0,0,0,0,0,0,0,0,0,0,233,441,0.0,0.0,0.0,0.0,0.0,0.0,0.0,0.0,0.0,0,0,0,0
600,Alphonse,Areola,Areola,a,,,4.2,629,30.0,1.9,140,18.0,0.0,502.0,80.0,0,0,0.0,-3,3.0,61,180,0.0,12.1,0.0,0.0,2.5,260.0,27.0,100.0,100.0,65.0,14.0,428.0,8.0,602.0,67.0,248.0,14.0,,,,,,,,0.0,0.0,0.0,1.76,3.85,0.0,1.85,1.0,0.0,34,0,0,0,0,0,0,0,0,0,0,0,0,0,0,0,1186,1820,0.0,0.0,0.0,0.0,0.0,0.0,0.0,0.0,0.0,0,0,0,0
752,Airidas,Golambeckis,Golambeckis,a,,,4.0,742,211.0,0.0,640,229.0,0.0,490.0,202.0,0,0,0.0,0,0.0,4,4,0.0,0.0,0.0,0.0,0.0,639.0,247.0,,,629.0,247.0,622.0,247.0,593.0,245.0,631.0,247.0,,,,,,,,0.0,0.0,0.0,0.0,0.0,0.0,0.0,0.0,0.0,34,0,0,0,0,0,0,0,0,0,0,0,0,0,0,0,61,18,0.0,0.0,0.0,0.0,0.0,0.0,0.0,0.0,0.0,0,0,0,0
657,Leon,Chiwome,Chiwome,a,,,4.4,567,81.0,0.0,629,83.0,0.0,580.0,63.0,0,0,0.0,-1,1.0,6,8,0.0,0.0,-0.5,-0.5,0.0,689.0,74.0,100.0,100.0,683.0,74.0,678.0,73.0,659.0,73.0,685.0,74.0,,,,,,,,0.0,0.0,0.0,0.0,0.0,0.0,0.0,0.0,0.0,34,0,0,0,0,0,0,0,0,0,0,0,0,0,0,0,105,60,0.0,0.0,0.0,0.0,0.0,0.0,0.0,0.0,0.0,0,0,0,0
658,Nathan,Fraser,Fraser,a,,,4.2,645,89.0,1.8,146,22.0,0.0,510.0,50.0,0,0,0.0,-3,3.0,74,175,0.0,0.0,-0.5,-0.5,0.0,649.0,63.0,,,640.0,63.0,634.0,62.0,609.0,62.0,642.0,63.0,,,,,,,,0.0,0.0,0.0,0.0,0.0,0.0,0.0,0.0,0.0,34,0,0,0,0,0,0,0,0,0,0,0,0,0,0,0,1072,1370,0.0,0.0,0.0,0.0,0.0,0.0,0.0,0.0,0.0,0,0,0,0
663,Jhon,Arias,J.Arias,u,has joined Palmeiras permanently.,,4.9,314,195.0,0.1,450,153.0,0.0,717.0,296.0,0,0,0.0,-6,6.0,0,3,0.0,9.2,0.0,0.0,2.0,343.0,148.0,0.0,0.0,313.0,138.0,180.0,119.0,213.0,117.0,271.0,138.0,,,,,,,,0.27,0.05,0.32,1.29,0.0,0.16,1.69,1.13,10.07,34,0,0,0,0,0,0,0,0,0,0,0,0,0,0,0,0,26,0.0,0.0,0.0,0.0,0.0,0.0,0.0,0.0,0.0,0,0,0,0
682,David,Møller Wolfe,Møller Wolfe,a,,,4.2,640,147.0,0.1,554,198.0,0.0,506.0,212.0,0,0,0.0,-3,3.0,1,4,0.0,6.9,-0.5,-0.5,1.6,400.0,148.0,,,336.0,128.0,269.0,76.0,339.0,110.0,353.0,119.0,,,,,,,,0.01,0.11,0.12,1.88,0.0,0.11,2.15,0.97,4.61,34,0,0,0,0,0,0,0,0,0,0,0,0,0,0,0,22,28,0.0,0.0,0.0,0.0,0.0,0.0,0.0,0.0,0.0,0,0,0,0
1,David,Raya Martín,Raya,a,,,6.0,86,1.0,33.9,7,1.0,0.7,289.0,23.0,0,0,0.0,5,-5.0,6129,2546,0.1,21.8,1.7,1.7,4.0,62.0,5.0,,,110.0,17.0,380.0,3.0,820.0,96.0,274.0,16.0,,,,,,,,0.0,0.0,0.0,0.75,1.61,0.45,0.79,1.0,0.0,34,0,0,0,0,0,0,0,0,0,0,0,0,0,0,0,77608,18123,0.0,0.0,0.0,0.0,0.0,0.0,0.0,0.0,0.0,0,0,0,0
2,Kepa,Arrizabalaga Revuelta,Arrizabalaga,a,,,4.0,670,43.0,0.4,295,38.0,0.0,423.0,54.0,0,0,0.0,-5,5.0,25,16,0.0,0.0,1.0,1.0,0.0,582.0,66.0,,,571.0,66.0,562.0,53.0,531.0,39.0,573.0,66.0,,,,,,,,0.0,0.0,0.0,0.0,0.0,0.0,0.0,0.0,0.0,34,0,0,0,0,0,0,0,0,0,0,0,0,0,0,0,176,136,0.0,0.0,0.0,0.0,0.0,0.0,0.0,0.0,0.0,0,0,0,0
3,Karl,Hein,Hein,u,Has joined Werder Bremen on loan for the rest of the season.,,4.0,690,53.0,0.2,380,54.0,0.0,442.0,64.0,0,0,0.0,0,0.0,0,7,0.0,0.0,0.0,0.0,0.0,599.0,75.0,0.0,0.0,588.0,75.0,580.0,63.0,549.0,49.0,590.0,75.0,,,,,,,,0.0,0.0,0.0,0.0,0.0,0.0,0.0,0.0,0.0,34,0,0,0,0,0,0,0,0,0,0,0,0,0,0,0,0,32,0.0,0.0,0.0,0.0,0.0,0.0,0.0,0.0,0.0,0,0,0,0
4,Tommy,Setford,Setford,a,,,3.9,782,90.0,0.2,370,53.0,0.0,409.0,47.0,0,0,0.0,-1,1.0,5,10,0.0,0.0,1.0,1.0,0.0,571.0,60.0,,,560.0,60.0,549.0,45.0,517.0,31.0,562.0,60.0,,,,,,,,0.0,0.0,0.0,0.0,0.0,0.0,0.0,0.0,0.0,34,0,0,0,0,0,0,0,0,0,0,0,0,0,0,0,44,116,0.0,0.0,0.0,0.0,0.0,0.0,0.0,0.0,0.0,0,0,0,0
5,Gabriel,dos Santos Magalhães,Gabriel,a,,,7.1,34,1.0,43.2,5,1.0,1.3,213.0,72.0,0,0,0.0,11,-11.0,8783,2143,0.2,24.9,2.3,2.3,6.6,2.0,1.0,100.0,100.0,29.0,11.0,271.0,77.0,136.0,25.0,100.0,26.0,,,,,,,,0.08,0.06,0.14,0.71,0.0,0.54,0.73,1.0,9.17,34,0,0,0,0,0,0,0,0,0,0,0,0,0,0,0,91029,15120,0.0,0.0,0.0,0.0,0.0,0.0,0.0,0.0,0.0,0,0,0,0
6,William,Saliba,Saliba,a,,,6.1,84,5.0,14.3,25,9.0,1.3,209.0,71.0,0,0,0.0,1,-1.0,7319,1253,0.2,18.2,2.3,2.3,4.1,56.0,22.0,100.0,100.0,112.0,50.0,208.0,53.0,299.0,89.0,202.0,69.0,,,,,,,,0.04,0.03,0.07,0.71,0.0,0.44,0.8,1.04,6.63,34,0,0,0,0,0,0,0,0,0,0,0,0,0,0,0,59397,8679,0.0,0.0,0.0,0.0,0.0,0.0,0.0,0.0,0.0,0,0,0,0
7,Riccardo,Calafiori,Calafiori,d,Knock - 75% chance of playing,,5.6,131,13.0,5.9,66,23.0,0.0,801.0,265.0,0,0,0.0,1,-1.0,64,605,0.0,16.6,0.8,0.8,4.2,45.0,19.0,75.0,75.0,255.0,102.0,254.0,68.0,122.0,22.0,235.0,81.0,,,,,,,,0.18,0.03,0.21,0.56,0.0,0.68,0.5,1.12,5.91,34,0,0,0,0,0,0,0,0,0,0,0,0,0,0,0,316,3435,0.0,0.0,0.0,0.0,0.0,0.0,0.0,0.0,0.0,0,0,0,0
9,Jakub,Kiwior,Kiwior,u,has joined Porto on loan for the rest of the season.,,5.4,168,20.0,0.0,595,212.0,0.0,786.0,262.0,0,0,0.0,-1,1.0,0,1,0.0,0.0,0.0,0.0,0.0,812.0,268.0,0.0,0.0,811.0,268.0,810.0,268.0,808.0,268.0,811.0,268.0,,,,,,,,0.0,0.0,0.0,0.0,0.0,0.0,0.0,0.0,0.0,34,0,0,0,0,0,0,0,0,0,0,0,0,0,0,0,0,1,0.0,0.0,0.0,0.0,0.0,0.0,0.0,0.0,0.0,0,0,0,0
10,Myles,Lewis-Skelly,Lewis-Skelly,a,,,5.0,270,42.0,1.4,172,66.0,0.3,329.0,109.0,0,0,0.0,-5,5.0,31,49,0.1,2.6,1.3,1.3,0.9,515.0,176.0,,,423.0,157.0,358.0,126.0,377.0,130.0,419.0,149.0,,,,,,,,0.02,0.02,0.04,1.45,0.0,0.0,1.57,0.45,4.26,34,0,0,0,0,0,0,0,0,0,0,0,0,0,0,0,215,200,0.0,0.0,0.0,0.0,0.0,0.0,0.0,0.0,0.0,0,0,0,0
11,Benjamin,White,White,a,,,5.1,225,31.0,0.5,267,100.0,0.7,276.0,92.0,0,0,0.0,-4,4.0,109,40,0.1,6.3,1.7,1.7,3.6,107.0,38.0,100.0,100.0,342.0,130.0,273.0,79.0,338.0,109.0,357.0,121.0,,,,,,,,0.08,0.09,0.17,1.32,0.0,0.54,1.08,1.08,8.28,34,0,0,0,0,0,0,0,0,0,0,0,0,0,0,0,1449,395,0.0,0.0,0.0,0.0,0.0,0.0,0.0,0.0,0.0,0,0,0,0
13,Brayden,Clarke,Clarke,a,,,3.7,826,265.0,0.4,279,105.0,0.0,354.0,120.0,0,0,0.0,-3,3.0,89,46,0.0,0.0,1.0,1.0,0.0,528.0,185.0,,,517.0,184.0,499.0,183.0,466.0,177.0,519.0,184.0,,,,,,,,0.0,0.0,0.0,0.0,0.0,0.0,0.0,0.0,0.0,34,0,0,0,0,0,0,0,0,0,0,0,0,0,0,0,922,377,0.0,0.0,0.0,0.0,0.0,0.0,0.0,0.0,0.0,0,0,0,0
14,Maldini,Kacurri,Kacurri,u,has joined Morecambe on loan for the rest of the season.,,3.9,788,231.0,0.1,501,178.0,0.0,415.0,155.0,0,0,0.0,-1,1.0,0,4,0.0,0.0,0.0,0.0,0.0,576.0,209.0,0.0,0.0,565.0,208.0,554.0,208.0,522.0,203.0,567.0,208.0,,,,,,,,0.0,0.0,0.0,0.0,0.0,0.0,0.0,0.0,0.0,34,0,0,0,0,0,0,0,0,0,0,0,0,0,0,0,0,9,0.0,0.0,0.0,0.0,0.0,0.0,0.0,0.0,0.0,0,0,0,0
15,Josh,Nichols,Nichols,a,,,3.7,824,263.0,0.2,358,129.0,0.0,352.0,118.0,0,0,0.0,-3,3.0,20,31,0.0,0.0,1.0,1.0,0.0,527.0,184.0,,,516.0,183.0,497.0,181.0,464.0,175.0,518.0,183.0,,,,,,,,0.0,0.0,0.0,0.0,0.0,0.0,0.0,0.0,0.0,34,0,0,0,0,0,0,0,0,0,0,0,0,0,0,0,182,292,0.0,0.0,0.0,0.0,0.0,0.0,0.0,0.0,0.0,0,0,0,0
16,Bukayo,Saka,Saka,d,Achilles injury - 75% chance of playing,,9.8,6,4.0,7.0,59,21.0,0.0,828.0,373.0,0,0,0.0,-2,2.0,1400,1254,0.0,13.6,0.8,0.8,4.9,18.0,8.0,75.0,75.0,82.0,26.0,12.0,12.0,9.0,3.0,11.0,8.0,2.0,2.0,1.0,,,,,0.32,0.26,0.58,0.65,0.0,0.45,0.72,0.99,7.35,34,0,0,0,0,0,0,0,0,0,0,0,0,0,0,0,3400,8968,0.0,0.0,0.0,0.0,0.0,0.0,0.0,0.0,0.0,0,0,0,0
17,Martin,Ødegaard,Ødegaard,a,,,7.8,19,13.0,1.6,156,53.0,0.7,298.0,140.0,0,0,0.0,-2,2.0,382,68,0.1,8.2,1.7,1.7,3.0,202.0,81.0,100.0,100.0,240.0,102.0,47.0,41.0,215.0,119.0,145.0,77.0,4.0,,3.0,,,,,0.08,0.25,0.33,1.11,0.0,0.31,1.01,1.09,6.91,34,0,0,0,0,0,0,0,0,0,0,0,0,0,0,0,5193,409,0.0,0.0,0.0,0.0,0.0,0.0,0.0,0.0,0.0,0,0,0,0
18,Noni,Madueke,Madueke,a,,,6.8,44,28.0,0.8,211,72.0,0.7,295.0,138.0,0,0,0.0,-2,2.0,131,92,0.1,8.2,1.7,1.7,2.5,272.0,114.0,100.0,100.0,286.0,120.0,137.0,91.0,89.0,52.0,171.0,87.0,3.0,,,,,,,0.09,0.2,0.29,1.01,0.0,0.55,0.82,1.28,5.29,34,0,0,0,0,0,0,0,0,0,0,0,0,0,0,0,1777,877,0.0,0.0,0.0,0.0,0.0,0.0,0.0,0.0,0.0,0,0,0,0
19,Gabriel,Martinelli Silva,Martinelli,a,,,6.8,45,29.0,0.9,204,71.0,0.7,296.0,139.0,0,0,0.0,-2,2.0,72,94,0.1,7.2,1.7,1.7,1.8,386.0,164.0,100.0,100.0,314.0,139.0,214.0,137.0,81.0,46.0,219.0,107.0,,,,,,,,0.37,0.1,0.47,0.85,0.0,0.19,0.67,0.96,6.53,34,0,0,0,0,0,0,0,0,0,0,0,0,0,0,0,677,523,0.0,0.0,0.0,0.0,0.0,0.0,0.0,0.0,0.0,0,0,0,0
20,Leandro,Trossard,Trossard,a,,,6.5,49,31.0,0.8,221,77.0,0.7,293.0,137.0,0,0,0.0,-5,5.0,155,140,0.1,15.5,1.7,1.7,3.6,112.0,51.0,100.0,100.0,136.0,45.0,50.0,43.0,50.0,30.0,53.0,35.0,,,4.0,,,,,0.26,0.15,0.41,0.64,0.0,0.42,0.78,0.94,6.31,34,0,0,0,0,0,0,0,0,0,0,0,0,0,0,0,1675,921,0.0,0.0,0.0,0.0,0.0,0.0,0.0,0.0,0.0,0,0,0,0
21,Declan,Rice,Rice,a,,,7.2,31,18.0,24.5,12,4.0,2.0,158.0,71.0,0,0,0.0,7,-7.0,7072,6111,0.3,23.5,3.0,3.0,5.3,8.0,4.0,100.0,100.0,17.0,6.0,3.0,3.0,102.0,63.0,10.0,7.0,1.0,1.0,,,,,,0.1,0.22,0.32,0.7,0.0,0.46,0.82,1.01,10.92,34,0,0,0,0,0,0,0,0,0,0,0,0,0,0,0,74038,37170,0.0,0.0,0.0,0.0,0.0,0.0,0.0,0.0,0.0,0,0,0,0
22,Mikel,Merino Zazón,Merino,i,Foot injury - Unknown return date,,5.4,160,100.0,0.8,220,76.0,0.0,781.0,343.0,0,0,0.0,-6,6.0,5,68,0.0,12.2,0.0,0.0,3.1,194.0,76.0,0.0,0.0,216.0,91.0,193.0,127.0,126.0,73.0,195.0,95.0,,,,,,,,0.27,0.13,0.4,0.6,0.0,0.36,0.81,0.9,10.03,34,0,0,0,0,0,0,0,0,0,0,0,0,0,0,0,7,238,0.0,0.0,0.0,0.0,0.0,0.0,0.0,0.0,0.0,0,0,0,0
23,Fábio,Ferreira Vieira,Fábio Vieira,u,has joined Hamburger on loan for the rest of the season.,,5.4,167,105.0,0.0,692,278.0,0.0,785.0,345.0,0,0,0.0,-1,1.0,0,1,0.0,0.0,0.0,0.0,0.0,811.0,360.0,0.0,0.0,810.0,359.0,809.0,359.0,807.0,358.0,810.0,359.0,,,,,,,,0.0,0.0,0.0,0.0,0.0,0.0,0.0,0.0,0.0,34,0,0,0,0,0,0,0,0,0,0,0,0,0,0,0,0,1,0.0,0.0,0.0,0.0,0.0,0.0,0.0,0.0,0.0,0,0,0,0
24,Christian,Nørgaard,Nørgaard,a,,,5.1,222,135.0,0.1,441,151.0,0.0,760.0,329.0,0,0,0.0,-4,4.0,5,8,0.0,1.2,1.0,1.0,1.0,502.0,230.0,100.0,100.0,459.0,204.0,484.0,234.0,432.0,208.0,471.0,213.0,,,,,,,,0.08,0.0,0.08,3.58,0.0,0.0,1.61,0.0,17.68,34,0,0,0,0,0,0,0,0,0,0,0,0,0,0,0,25,28,0.0,0.0,0.0,0.0,0.0,0.0,0.0,0.0,0.0,0,0,0,0
25,Ethan,Nwaneri,Nwaneri,u,has joined Marseille on loan for the rest of the season.,,5.0,271,165.0,0.1,459,156.0,0.0,750.0,321.0,0,0,0.0,-5,5.0,0,2,0.0,1.6,0.0,0.0,1.3,437.0,195.0,0.0,0.0,473.0,211.0,394.0,198.0,381.0,191.0,452.0,203.0,,,,,,,,0.13,0.04,0.17,0.4,0.0,0.55,0.0,0.0,7.09,34,0,0,0,0,0,0,0,0,0,0,0,0,0,0,0,0,9,0.0,0.0,0.0,0.0,0.0,0.0,0.0,0.0,0.0,0,0,0,0
26,Martín,Zubimendi Ibáñez,Zubimendi,a,,,5.0,265,161.0,3.1,109,35.0,2.0,150.0,63.0,0,0,0.0,-5,5.0,534,863,0.4,24.6,3.0,3.0,3.7,96.0,39.0,100.0,100.0,66.0,18.0,96.0,69.0,112.0,66.0,80.0,49.0,,,,,,,,0.09,0.07,0.16,0.77,0.0,0.49,0.78,1.05,9.11,34,0,0,0,0,0,0,0,0,0,0,0,0,0,0,0,6911,7839,0.0,0.0,0.0,0.0,0.0,0.0,0.0,0.0,0.0,0,0,0,0
28,Ismeal,Kabia,Kabia,u,has joined Shrewsbury Town on loan for the rest of the season.,,4.5,489,300.0,0.1,494,175.0,0.0,652.0,249.0,0,0,0.0,0,0.0,0,1,0.0,0.0,0.0,0.0,0.0,742.0,309.0,0.0,0.0,740.0,307.0,733.0,307.0,720.0,303.0,740.0,307.0,,,,,,,,0.0,0.0,0.0,0.0,0.0,0.0,0.0,0.0,0.0,34,0,0,0,0,0,0,0,0,0,0,0,0,0,0,0,0,7,0.0,0.0,0.0,0.0,0.0,0.0,0.0,0.0,0.0,0,0,0,0
29,Albert,Sambi Lokonga,Sambi,u,has joined Hamburger permanently.,,4.5,433,256.0,0.0,590,222.0,0.0,603.0,208.0,0,0,0.0,0,0.0,0,0,0.0,0.0,0.0,0.0,0.0,703.0,275.0,0.0,0.0,697.0,269.0,693.0,272.0,676.0,265.0,699.0,271.0,,,,,,,,0.0,0.0,0.0,0.0,0.0,0.0,0.0,0.0,0.0,34,0,0,0,0,0,0,0,0,0,0,0,0,0,0,0,0,0,0.0,0.0,0.0,0.0,0.0,0.0,0.0,0.0,0.0,0,0,0,0
30,Kai,Havertz,Havertz,a,,,7.3,28,12.0,0.8,210,31.0,2.3,139.0,19.0,0,0,0.0,-2,2.0,867,263,0.3,2.6,3.3,3.3,2.4,292.0,31.0,100.0,100.0,399.0,45.0,353.0,44.0,232.0,46.0,369.0,45.0,,,,,,,,0.56,0.02,0.58,1.0,0.0,0.67,0.67,1.11,5.35,34,0,0,0,0,0,0,0,0,0,0,0,0,0,0,0,23980,1622,0.0,0.0,0.0,0.0,0.0,0.0,0.0,0.0,0.0,0,0,0,0
31,Gabriel,Fernando de Jesus,G.Jesus,a,,,6.4,55,20.0,0.3,311,49.0,0.3,345.0,47.0,0,0,0.0,-1,1.0,40,86,0.0,2.8,1.3,1.3,1.5,417.0,50.0,100.0,100.0,369.0,39.0,375.0,49.0,132.0,31.0,325.0,39.0,,,,,,,,0.52,0.07,0.59,1.01,0.0,0.0,1.7,0.57,7.36,34,0,0,0,0,0,0,0,0,0,0,0,0,0,0,0,299,370,0.0,0.0,0.0,0.0,0.0,0.0,0.0,0.0,0.0,0,0,0,0
266,Eberechi,Eze,Eze,a,,,7.2,32,19.0,8.0,49,17.0,1.0,252.0,120.0,0,0,0.0,-3,3.0,1255,675,0.1,13.5,2.0,2.0,3.5,130.0,56.0,100.0,100.0,190.0,75.0,146.0,97.0,71.0,42.0,119.0,68.0,,,,,,,,0.22,0.14,0.36,0.68,0.0,0.45,0.73,1.01,6.01,34,0,0,0,0,0,0,0,0,0,0,0,0,0,0,0,28051,3320,0.0,0.0,0.0,0.0,0.0,0.0,0.0,0.0,0.0,0,0,0,0
662,Cristhian,Mosquera,Mosquera,a,,,5.3,198,25.0,0.2,401,150.0,0.3,336.0,112.0,0,0,0.0,-2,2.0,112,21,0.1,5.5,1.3,1.3,1.8,385.0,142.0,100.0,100.0,318.0,122.0,349.0,123.0,405.0,149.0,378.0,130.0,,,,,,,,0.01,0.06,0.07,0.82,0.0,0.24,0.84,0.84,9.19,34,0,0,0,0,0,0,0,0,0,0,0,0,0,0,0,1094,146,0.0,0.0,0.0,0.0,0.0,0.0,0.0,0.0,0.0,0,0,0,0
666,Viktor,Gyökeres,Gyökeres,a,,,8.8,9,5.0,12.2,30,7.0,2.0,159.0,20.0,0,0,0.0,-2,2.0,2253,3151,0.2,12.2,3.0,3.0,3.5,132.0,12.0,100.0,100.0,130.0,13.0,175.0,14.0,24.0,14.0,60.0,13.0,,,2.0,,,,,0.46,0.08,0.54,0.68,0.0,0.45,0.59,1.09,3.31,34,0,0,0,0,0,0,0,0,0,0,0,0,0,0,0,48173,12584,0.0,0.0,0.0,0.0,0.0,0.0,0.0,0.0,0.0,0,0,0,0
700,Max,Dowman,Dowman,a,,,4.2,651,373.0,0.7,224,79.0,0.3,304.0,142.0,0,0,0.0,-3,3.0,668,361,0.1,2.9,1.3,1.3,3.0,198.0,78.0,100.0,100.0,427.0,186.0,371.0,190.0,330.0,172.0,406.0,184.0,,,,,,,,1.26,0.16,1.42,0.76,0.0,0.0,1.14,0.0,7.97,34,0,0,0,0,0,0,0,0,0,0,0,0,0,0,0,4618,3005,0.0,0.0,0.0,0.0,0.0,0.0,0.0,0.0,0.0,0,0,0,0
711,Andre,Harriman-Annous,Harriman-Annous,a,,,4.4,573,345.0,0.0,708,288.0,0.0,586.0,201.0,0,0,0.0,-1,1.0,2,3,0.0,0.0,1.0,1.0,0.0,692.0,269.0,,,686.0,263.0,681.0,266.0,662.0,258.0,688.0,265.0,,,,,,,,0.0,0.0,0.0,0.0,0.0,0.0,0.0,0.0,0.0,34,0,0,0,0,0,0,0,0,0,0,0,0,0,0,0,10,8,0.0,0.0,0.0,0.0,0.0,0.0,0.0,0.0,0.0,0,0,0,0
725,Piero,Hincapié,Hincapie,a,,,5.1,234,35.0,0.8,216,84.0,0.3,332.0,110.0,0,0,0.0,-4,4.0,673,219,0.1,14.7,1.3,1.3,3.4,140.0,53.0,100.0,100.0,152.0,67.0,209.0,54.0,327.0,104.0,233.0,80.0,,,,,,,,0.02,0.08,0.1,0.88,0.0,0.23,1.02,1.02,8.5,34,0,0,0,0,0,0,0,0,0,0,0,0,0,0,0,9091,1722,0.0,0.0,0.0,0.0,0.0,0.0,0.0,0.0,0.0,0,0,0,0
759,Marli,Salmon,Salmon,a,,,4.0,735,204.0,0.0,672,236.0,0.0,484.0,196.0,0,0,0.0,0,0.0,1,2,0.0,0.0,1.0,1.0,0.0,635.0,243.0,,,625.0,243.0,618.0,243.0,588.0,240.0,627.0,243.0,,,,,,,,0.0,0.0,0.0,0.0,0.0,0.0,0.0,0.0,0.0,34,0,0,0,0,0,0,0,0,0,0,0,0,0,0,0,11,12,0.0,0.0,0.0,0.0,0.0,0.0,0.0,0.0,0.0,0,0,0,0
32,Emiliano,Martínez Romero,Martinez,a,,,5.1,221,6.0,4.8,81,15.0,1.7,175.0,14.0,3,0,0.0,1,-1.0,1396,852,0.3,21.6,1.7,1.7,3.8,83.0,10.0,100.0,100.0,48.0,11.0,415.0,5.0,798.0,91.0,221.0,11.0,,,,,,,,0.0,0.0,0.0,1.35,2.98,0.25,1.16,1.02,0.0,34,3,90,0,0,0,1,0,0,0,0,0,5,1,0,24,20018,6258,0.0,0.0,0.0,0.0,1.0600000000000023,0.0,0.0,0.0,0.0,0,0,13,0
33,Marco,Bizot,M.Bizot,a,,,4.2,628,29.0,0.4,296,39.0,1.0,219.0,17.0,0,0,0.0,-3,3.0,20,29,0.2,3.3,1.0,1.0,2.3,296.0,28.0,100.0,100.0,356.0,27.0,629.0,80.0,601.0,66.0,418.0,27.0,,,,,,,,0.0,0.0,0.0,1.76,3.09,0.18,1.64,0.91,0.0,34,0,0,0,0,0,0,0,0,0,0,0,0,0,0,0,308,163,0.0,0.0,0.0,0.0,0.0,0.0,0.0,0.0,0.0,0,0,0,0
34,Joe,Gauci,Gauci,u,Has joined Port Vale on loan for the rest of the season.,,4.0,689,52.0,0.1,507,75.0,0.0,441.0,63.0,0,0,0.0,0,0.0,0,1,0.0,0.0,0.0,0.0,0.0,598.0,74.0,0.0,0.0,587.0,74.0,579.0,62.0,548.0,48.0,589.0,74.0,,,,,,,,0.0,0.0,0.0,0.0,0.0,0.0,0.0,0.0,0.0,34,0,0,0,0,0,0,0,0,0,0,0,0,0,0,0,0,16,0.0,0.0,0.0,0.0,0.0,0.0,0.0,0.0,0.0,0,0,0,0
35,Filip,Marschall,Marschall,u,Has joined Stevenage permanently.,,4.0,688,51.0,0.0,756,87.0,0.0,440.0,62.0,0,0,0.0,0,0.0,0,0,0.0,0.0,0.0,0.0,0.0,597.0,73.0,0.0,0.0,586.0,73.0,578.0,61.0,547.0,47.0,588.0,73.0,,,,,,,,0.0,0.0,0.0,0.0,0.0,0.0,0.0,0.0,0.0,34,0,0,0,0,0,0,0,0,0,0,0,0,0,0,0,0,1,0.0,0.0,0.0,0.0,0.0,0.0,0.0,0.0,0.0,0,0,0,0
36,Matty,Cash,Cash,a,,,4.7,382,64.0,8.4,47,15.0,1.3,198.0,69.0,2,0,0.0,2,-2.0,1390,1759,0.3,23.4,1.3,1.3,3.5,122.0,45.0,100.0,100.0,70.0,32.0,63.0,10.0,146.0,29.0,78.0,16.0,3.0,,,,,,,0.04,0.09,0.13,1.36,0.0,0.27,1.06,1.03,5.61,34,2,90,0,0,0,1,0,0,0,0,0,0,1,0,13,24645,13144,0.0,0.0,0.029999999999999805,0.029999999999999805,1.0600000000000023,0.0,0.0,0.0,0.0,4,3,0,7
37,Lucas,Digne,Digne,a,,,4.5,412,76.0,1.6,153,59.0,2.3,119.0,46.0,2,0,0.0,0,0.0,244,195,0.5,20.4,2.3,2.3,3.2,168.0,66.0,100.0,100.0,179.0,74.0,65.0,11.0,241.0,61.0,141.0,45.0,2.0,2.0,,,,,,0.03,0.16,0.19,1.35,0.0,0.36,1.09,1.04,5.44,34,2,90,0,0,0,1,0,0,0,0,0,0,1,0,2,4336,1473,0.0,0.020000000000000018,0.010000000000000231,0.029999999999999805,1.0599999999999987,0.0,0.0,0.0,0.0,1,2,0,3
38,Ezri,Konsa Ngoyo,Konsa,a,,,4.4,530,106.0,7.8,51,17.0,1.0,222.0,76.0,2,0,0.0,-1,1.0,544,968,0.2,22.3,1.0,1.0,3.1,183.0,74.0,100.0,100.0,73.0,34.0,282.0,84.0,243.0,63.0,174.0,58.0,,,,,,,,0.04,0.02,0.06,1.44,0.0,0.28,1.26,1.01,5.86,34,2,90,0,0,0,1,0,0,0,0,0,0,1,0,11,8104,7410,0.0,0.0,0.009999999999999898,0.010000000000000009,1.0600000000000023,0.0,0.0,0.0,0.0,0,5,4,5
39,Ian,Maatsen,Maatsen,a,,,4.2,637,145.0,0.6,249,94.0,2.0,143.0,54.0,0,0,0.0,-3,3.0,54,86,0.5,11.0,2.0,2.0,1.8,366.0,136.0,,,227.0,89.0,104.0,27.0,148.0,30.0,162.0,55.0,,,,,,,,0.08,0.15,0.23,1.51,0.0,0.14,1.42,0.95,6.96,34,0,0,0,0,0,0,0,0,0,0,0,0,0,0,0,1597,616,0.0,0.0,0.0,0.0,0.0,0.0,0.0,0.0,0.0,0,0,0,0
40,Tyrone,Mings,Mings,a,,,4.3,578,125.0,0.7,238,90.0,0.3,305.0,98.0,0,0,0.0,-2,2.0,53,79,0.1,10.5,0.3,0.3,3.2,166.0,65.0,100.0,100.0,264.0,109.0,317.0,106.0,272.0,77.0,316.0,106.0,,,,,,,,0.09,0.03,0.12,1.65,0.0,0.26,1.54,1.03,7.36,34,0,0,0,0,0,0,0,0,0,0,0,0,0,0,0,525,529,0.0,0.0,0.0,0.0,0.0,0.0,0.0,0.0,0.0,0,0,0,0
41,Pau,Torres,Pau,a,,,4.3,586,131.0,0.3,321,116.0,1.0,220.0,75.0,1,0,0.0,-2,2.0,19,32,0.2,13.7,1.0,1.0,3.1,182.0,73.0,100.0,100.0,231.0,90.0,365.0,131.0,331.0,106.0,320.0,108.0,,,,,,,,0.04,0.02,0.06,1.21,0.0,0.29,0.98,0.98,6.03,34,1,90,0,0,0,1,0,0,0,1,0,0,1,0,6,279,226,0.0,0.0,0.020000000000000018,0.020000000000000018,1.0599999999999987,0.0,0.0,0.0,0.0,1,3,4,4
42,Andrés,García,A.García,a,,,3.9,789,232.0,0.2,373,136.0,0.3,302.0,97.0,0,0,0.0,-1,1.0,11,12,0.1,1.0,0.3,0.3,0.8,516.0,177.0,100.0,100.0,490.0,174.0,458.0,165.0,523.0,204.0,498.0,174.0,,,,,,,,0.0,0.02,0.02,3.67,0.0,0.0,4.74,0.0,2.37,34,0,0,0,0,0,0,0,0,0,0,0,0,0,0,0,143,101,0.0,0.0,0.0,0.0,0.0,0.0,0.0,0.0,0.0,0,0,0,0
43,Álex,Moreno Lopera,Alex Moreno,u,Has joined Girona permanently.,,4.0,667,162.0,1.6,159,62.0,0.0,420.0,157.0,0,0,0.0,0,0.0,0,33,0.0,0.0,0.0,0.0,0.0,581.0,211.0,0.0,0.0,570.0,210.0,560.0,210.0,529.0,206.0,572.0,210.0,,,,,,,,0.0,0.0,0.0,0.0,0.0,0.0,0.0,0.0,0.0,34,0,0,0,0,0,0,0,0,0,0,0,0,0,0,0,0,326,0.0,0.0,0.0,0.0,0.0,0.0,0.0,0.0,0.0,0,0,0,0
44,Lamare,Bogarde,Bogarde,a,,,4.0,709,183.0,0.5,260,99.0,0.7,256.0,82.0,2,0,0.0,0,0.0,41,60,0.2,9.0,0.7,0.7,1.4,420.0,152.0,100.0,100.0,366.0,139.0,346.0,121.0,400.0,145.0,395.0,140.0,,,,,,,,0.0,0.02,0.02,1.33,0.0,0.21,1.45,0.93,5.17,34,2,73,0,0,0,1,0,0,0,0,0,0,1,0,0,374,558,0.0,0.0,0.010000000000000009,0.010000000000000009,0.8399999999999999,0.0,0.0,0.0,0.0,1,1,3,2
45,Lino,da Cruz Sousa,Sousa,u,has joined Rotherham on loan for the rest of the season.,,3.8,807,247.0,0.2,355,128.0,0.0,369.0,132.0,0,0,0.0,-2,2.0,0,17,0.0,0.0,0.0,0.0,0.0,538.0,193.0,0.0,0.0,527.0,192.0,510.0,191.0,477.0,185.0,529.0,192.0,,,,,,,,0.0,0.0,0.0,0.0,0.0,0.0,0.0,0.0,0.0,34,0,0,0,0,0,0,0,0,0,0,0,0,0,0,0,0,113,0.0,0.0,0.0,0.0,0.0,0.0,0.0,0.0,0.0,0,0,0,0
46,Yasin,Özcan,Yasin,u,has joined Anderlecht on loan for the rest of the season.,,4.0,725,195.0,0.1,466,173.0,0.0,474.0,187.0,0,0,0.0,0,0.0,0,7,0.0,0.0,0.0,0.0,0.0,626.0,235.0,0.0,0.0,616.0,235.0,609.0,235.0,579.0,232.0,618.0,235.0,,,,,,,,0.0,0.0,0.0,0.0,0.0,0.0,0.0,0.0,0.0,34,0,0,0,0,0,0,0,0,0,0,0,0,0,0,0,0,14,0.0,0.0,0.0,0.0,0.0,0.0,0.0,0.0,0.0,0,0,0,0
47,Morgan,Rogers,Rogers,a,,,7.5,23,15.0,24.9,11,3.0,5.3,32.0,10.0,2,1,-1.0,5,-5.0,12746,4552,0.7,20.5,5.3,5.3,4.5,33.0,14.0,100.0,100.0,44.0,12.0,25.0,24.0,7.0,2.0,8.0,6.0,,1.0,,,,,,0.2,0.12,0.32,1.41,0.0,0.27,1.26,1.02,6.16,34,2,90,0,0,0,1,0,0,0,0,0,0,1,0,541,166386,20403,0.0,0.14000000000000057,0.019999999999999574,0.16000000000000014,1.0600000000000023,0.0,0.0,0.0,0.0,1,0,2,3
48,Youri,Tielemans,Tielemans,a,,,5.9,90,58.0,0.7,239,83.0,2.0,156.0,69.0,2,0,0.0,-1,1.0,152,55,0.3,10.0,2.0,2.0,2.8,226.0,90.0,100.0,100.0,180.0,69.0,55.0,46.0,209.0,113.0,121.0,69.0,5.0,,,,,,,0.06,0.16,0.22,1.55,0.0,0.23,1.26,1.03,9.85,34,2,73,0,0,0,1,0,0,0,0,0,0,1,0,18,1578,283,0.0,0.050000000000000044,0.020000000000000018,0.06999999999999984,0.8399999999999999,0.0,0.0,0.0,0.0,4,2,3,9
49,Leon,Bailey,Bailey,a,,,5.5,139,86.0,0.1,468,161.0,0.3,338.0,158.0,1,0,0.0,0,0.0,14,24,0.1,2.5,0.3,0.3,1.4,427.0,188.0,100.0,100.0,416.0,181.0,256.0,159.0,328.0,171.0,376.0,177.0,4.0,,,,,,,0.08,0.31,0.39,1.43,0.0,0.0,2.06,0.51,9.0,34,1,16,0,0,0,0,0,0,0,0,0,0,0,0,2,133,101,0.0,0.0,0.0,0.0,0.20999999999999996,0.0,0.0,0.0,0.0,0,0,2,2
50,Emiliano,Buendía Stati,Buendía,a,,,5.3,185,116.0,0.4,298,104.0,1.3,206.0,94.0,2,0,0.0,-2,2.0,39,125,0.2,16.4,1.3,1.3,2.7,236.0,93.0,100.0,100.0,188.0,73.0,100.0,73.0,87.0,50.0,115.0,66.0,,6.0,2.0,,,,,0.18,0.11,0.29,1.46,0.0,0.17,1.27,1.1,9.82,34,2,73,0,0,0,1,0,0,0,0,0,0,1,0,13,513,887,0.0,0.07000000000000028,0.020000000000000018,0.08999999999999986,0.8399999999999999,0.0,0.0,0.0,0.0,1,2,4,7
51,Samuel,Iling-Junior,Iling Jr,u,has joined Pisa on loan for the rest of the season.,,5.5,147,93.0,0.0,696,280.0,0.0,796.0,353.0,0,0,0.0,0,0.0,0,0,0.0,0.0,0.0,0.0,0.0,817.0,365.0,0.0,0.0,816.0,364.0,815.0,364.0,813.0,363.0,816.0,364.0,,,,,,,,0.0,0.0,0.0,0.0,0.0,0.0,0.0,0.0,0.0,34,0,0,0,0,0,0,0,0,0,0,0,0,0,0,0,0,0,0.0,0.0,0.0,0.0,0.0,0.0,0.0,0.0,0.0,0,0,0,0
53,Donyell,Malen,Malen,u,has joined Roma on loan for the rest of the season.,,5.1,226,137.0,0.4,290,101.0,0.0,761.0,330.0,0,0,0.0,-4,4.0,0,14,0.0,10.8,0.0,0.0,2.6,255.0,107.0,0.0,0.0,303.0,132.0,288.0,170.0,100.0,61.0,256.0,127.0,,,,,,,,0.57,0.05,0.62,1.49,0.0,0.14,1.41,0.7,2.25,34,0,0,0,0,0,0,0,0,0,0,0,0,0,0,0,0,57,0.0,0.0,0.0,0.0,0.0,0.0,0.0,0.0,0.0,0,0,0,0
54,John,McGinn,McGinn,a,,,5.3,183,114.0,0.7,227,80.0,2.7,113.0,42.0,2,0,0.0,-2,2.0,307,193,0.5,17.2,2.7,2.7,3.4,141.0,59.0,100.0,100.0,169.0,60.0,45.0,40.0,127.0,74.0,90.0,52.0,,,,,,,,0.12,0.16,0.28,1.38,0.0,0.37,1.15,1.19,6.39,34,2,73,0,0,0,1,0,0,0,0,0,0,1,0,19,6966,1057,0.0,0.0,0.14000000000000012,0.13999999999999968,0.8399999999999999,0.0,0.0,0.0,0.0,0,0,2,2
55,Ross,Barkley,Barkley,a,,,4.8,347,217.0,0.1,493,174.0,1.7,167.0,75.0,1,0,0.0,-2,2.0,18,50,0.4,8.3,1.7,1.7,2.4,279.0,116.0,100.0,100.0,323.0,146.0,266.0,164.0,233.0,127.0,312.0,153.0,,,,,,,,0.13,0.18,0.31,1.33,0.0,0.16,1.31,0.65,9.31,34,1,16,0,0,0,0,0,0,0,0,0,0,0,0,3,280,262,0.0,0.0,0.0,0.0,0.21000000000000085,0.0,0.0,0.0,0.0,0,0,1,1
56,Enzo,Barrenechea,Barrenechea,u,Season-long loan to Benfica,,5.0,268,163.0,0.0,827,371.0,0.0,749.0,320.0,0,0,0.0,0,0.0,0,0,0.0,0.0,0.0,0.0,0.0,799.0,352.0,0.0,0.0,798.0,351.0,796.0,351.0,791.0,349.0,798.0,351.0,,,,,,,,0.0,0.0,0.0,0.0,0.0,0.0,0.0,0.0,0.0,34,0,0,0,0,0,0,0,0,0,0,0,0,0,0,0,0,0,0.0,0.0,0.0,0.0,0.0,0.0,0.0,0.0,0.0,0,0,0,0
57,Lewis,Dobbin,Dobbin,u,Has joined Preston North End on loan for the rest of the season.,,5.0,262,159.0,0.0,669,268.0,0.0,745.0,317.0,0,0,0.0,0,0.0,0,0,0.0,0.0,0.0,0.0,0.0,795.0,349.0,0.0,0.0,794.0,348.0,792.0,348.0,787.0,346.0,794.0,348.0,,,,,,,,0.0,0.0,0.0,0.0,0.0,0.0,0.0,0.0,0.0,34,0,0,0,0,0,0,0,0,0,0,0,0,0,0,0,0,1,0.0,0.0,0.0,0.0,0.0,0.0,0.0,0.0,0.0,0,0,0,0
58,Boubacar,Kamara,Kamara,i,Knee injury - Expected back 01 Jun,,4.9,311,193.0,0.2,400,135.0,0.0,716.0,295.0,0,0,0.0,-1,1.0,1,22,0.0,12.4,0.0,0.0,3.4,138.0,57.0,0.0,0.0,203.0,85.0,158.0,106.0,301.0,160.0,225.0,109.0,,,,,,,,0.03,0.05,0.08,1.33,0.0,0.32,0.96,1.09,9.51,34,0,0,0,0,0,0,0,0,0,0,0,0,0,0,0,14,105,0.0,0.0,0.0,0.0,0.0,0.0,0.0,0.0,0.0,0,0,0,0
59,Amadou,Onana,Onana,a,,,4.8,363,225.0,0.7,232,81.0,1.3,201.0,91.0,0,0,0.0,-2,2.0,75,134,0.3,15.6,1.3,1.3,3.1,186.0,71.0,100.0,100.0,147.0,50.0,225.0,143.0,180.0,100.0,189.0,92.0,,,,,,,,0.09,0.04,0.13,1.47,0.0,0.31,1.35,1.09,11.24,34,0,0,0,0,0,0,0,0,0,0,0,0,0,0,0,798,706,0.0,0.0,0.0,0.0,0.0,0.0,0.0,0.0,0.0,0,0,0,0
60,Ben,Broggio,Broggio,u,has joined Falkirk on loan for the rest of the season.,,4.4,566,341.0,0.2,356,121.0,0.0,579.0,197.0,0,0,0.0,-1,1.0,0,17,0.0,0.0,0.0,0.0,0.0,688.0,267.0,0.0,0.0,682.0,261.0,677.0,264.0,658.0,256.0,684.0,263.0,,,,,,,,0.0,0.0,0.0,0.0,0.0,0.0,0.0,0.0,0.0,34,0,0,0,0,0,0,0,0,0,0,0,0,0,0,0,0,59,0.0,0.0,0.0,0.0,0.0,0.0,0.0,0.0,0.0,0,0,0,0
61,Leander,Dendoncker,Dendoncker,u,Has joined Real Oviedo permanently.,,4.5,415,250.0,0.1,543,200.0,0.0,590.0,202.0,0,0,0.0,0,0.0,0,1,0.0,0.0,0.0,0.0,0.0,695.0,270.0,0.0,0.0,689.0,264.0,684.0,267.0,665.0,259.0,691.0,266.0,,,,,,,,0.0,0.0,0.0,0.0,0.0,0.0,0.0,0.0,0.0,34,0,0,0,0,0,0,0,0,0,0,0,0,0,0,0,0,10,0.0,0.0,0.0,0.0,0.0,0.0,0.0,0.0,0.0,0,0,0,0
62,Jamaldeen,Jimoh-Aloba,Jimoh-Aloba,u,has joined West Brom on loan for the rest of the season.,,4.5,473,288.0,0.1,572,213.0,0.0,636.0,237.0,0,0,0.0,0,0.0,0,2,0.0,0.2,0.0,0.0,1.0,485.0,217.0,0.0,0.0,512.0,233.0,487.0,237.0,707.0,293.0,514.0,235.0,,,,,,,,0.0,0.0,0.0,6.86,0.0,0.0,0.0,0.0,11.25,34,0,0,0,0,0,0,0,0,0,0,0,0,0,0,0,0,15,0.0,0.0,0.0,0.0,0.0,0.0,0.0,0.0,0.0,0,0,0,0
63,Kadan,Young,Young,u,has joined Reading on loan for the rest of the season.,,4.3,607,357.0,0.5,271,94.0,0.0,535.0,172.0,0,0,0.0,-2,2.0,0,59,0.0,0.0,0.0,0.0,0.0,659.0,248.0,0.0,0.0,649.0,238.0,645.0,243.0,622.0,232.0,651.0,240.0,,,,,,,,0.0,0.0,0.0,0.0,0.0,0.0,0.0,0.0,0.0,34,0,0,0,0,0,0,0,0,0,0,0,0,0,0,0,0,379,0.0,0.0,0.0,0.0,0.0,0.0,0.0,0.0,0.0,0,0,0,0
64,Ollie,Watkins,Watkins,a,,,8.8,8,4.0,15.9,20,5.0,6.7,13.0,2.0,2,1,-1.0,-2,2.0,18541,5046,0.8,14.7,6.7,6.7,3.9,74.0,7.0,100.0,100.0,86.0,7.0,126.0,7.0,3.0,3.0,24.0,5.0,,,3.0,,,,,0.43,0.04,0.47,1.37,0.0,0.32,1.17,1.07,3.16,34,2,80,0,0,0,1,0,0,0,0,0,0,1,0,5,427262,9971,0.0,0.15000000000000036,0.019999999999999796,0.16999999999999993,0.8400000000000034,0.0,0.0,0.0,0.0,0,1,1,2
65,Zépiqueno,Redmond,Redmond,u,has joined Huddersfield Town on loan for the rest of the season.,,4.5,486,68.0,0.3,332,54.0,0.0,649.0,67.0,0,0,0.0,0,0.0,0,3,0.0,0.0,0.0,0.0,0.0,740.0,78.0,0.0,0.0,737.0,78.0,731.0,77.0,718.0,77.0,738.0,78.0,,,,,,,,0.0,0.0,0.0,0.0,0.0,0.0,0.0,0.0,0.0,34,0,0,0,0,0,0,0,0,0,0,0,0,0,0,0,0,25,0.0,0.0,0.0,0.0,0.0,0.0,0.0,0.0,0.0,0,0,0,0
389,Harvey,Elliott,Elliott,a,,,5.1,233,141.0,0.2,403,137.0,0.0,763.0,332.0,0,0,0.0,-4,4.0,7,8,0.0,1.0,0.0,0.0,1.0,504.0,232.0,100.0,100.0,464.0,206.0,383.0,193.0,368.0,189.0,438.0,197.0,,,,,,,,0.24,0.07,0.31,1.42,0.0,0.0,1.64,0.82,4.91,34,0,0,0,0,0,0,0,0,0,0,0,0,0,0,0,39,33,0.0,0.0,0.0,0.0,0.0,0.0,0.0,0.0,0.0,0,0,0,0
456,Jadon,Sancho,Sancho,a,,,5.8,104,68.0,0.2,368,124.0,0.7,286.0,132.0,1,0,0.0,-2,2.0,17,19,0.1,5.9,0.7,0.7,1.6,404.0,173.0,100.0,100.0,350.0,158.0,132.0,88.0,167.0,92.0,243.0,119.0,6.0,,,,,,,0.07,0.21,0.28,1.49,0.0,0.23,0.81,0.93,4.51,34,1,16,0,0,0,0,0,0,0,0,0,0,0,0,3,181,96,0.0,0.0,0.020000000000000018,0.020000000000000018,0.21000000000000085,0.0,0.0,0.0,0.0,0,0,0,0
688,James,Wright,Wright,a,,,3.9,772,84.0,0.6,248,34.0,0.0,400.0,42.0,0,0,0.0,-1,1.0,4,25,0.0,0.0,0.0,0.0,0.0,563.0,55.0,,,552.0,55.0,540.0,39.0,508.0,25.0,554.0,55.0,,,,,,,,0.0,0.0,0.0,0.0,0.0,0.0,0.0,0.0,0.0,34,0,0,0,0,0,0,0,0,0,0,0,0,0,0,0,49,179,0.0,0.0,0.0,0.0,0.0,0.0,0.0,0.0,0.0,0,0,0,0
699,Douglas Luiz,Soares de Paulo,Douglas Luiz,a,,,4.9,313,194.0,0.1,506,184.0,0.3,325.0,153.0,0,0,0.0,-1,1.0,7,44,0.1,6.3,0.3,0.3,1.7,396.0,170.0,100.0,100.0,310.0,136.0,136.0,90.0,288.0,156.0,266.0,134.0,1.0,,,,,,,0.05,0.15,0.2,1.26,0.0,0.11,1.41,1.19,10.08,34,0,16,0,0,0,0,0,0,0,1,0,0,0,0,4,67,283,0.0,0.0,0.020000000000000018,0.020000000000000018,0.20999999999999908,0.0,0.0,0.0,0.0,0,1,0,1
701,Triston,Rowe,Rowe,u,has joined Annecy on loan for the rest of the season.,,4.0,722,192.0,0.1,544,192.0,0.0,471.0,184.0,0,0,0.0,0,0.0,0,2,0.0,0.0,0.0,0.0,0.0,623.0,232.0,0.0,0.0,613.0,232.0,606.0,232.0,576.0,229.0,615.0,232.0,,,,,,,,0.0,0.0,0.0,0.0,0.0,0.0,0.0,0.0,0.0,34,0,0,0,0,0,0,0,0,0,0,0,0,0,0,0,0,7,0.0,0.0,0.0,0.0,0.0,0.0,0.0,0.0,0.0,0,0,0,0
702,Bradley,Burrowes,Burrowes,a,,,4.3,623,371.0,0.1,515,186.0,0.0,548.0,183.0,0,0,0.0,-2,2.0,81,21,0.0,0.2,0.0,0.0,1.0,474.0,207.0,,,660.0,248.0,486.0,236.0,633.0,242.0,662.0,250.0,,,,,,,,0.0,0.0,0.0,5.06,0.0,0.0,5.62,0.0,5.62,34,0,0,0,0,0,0,0,0,0,0,0,0,0,0,0,521,165,0.0,0.0,0.0,0.0,0.0,0.0,0.0,0.0,0.0,0,0,0,0
703,Sam,Proctor,Proctor,a,,,3.9,783,91.0,0.6,246,33.0,0.0,410.0,48.0,0,0,0.0,-1,1.0,7,60,0.0,0.0,0.0,0.0,0.0,572.0,61.0,,,561.0,61.0,550.0,46.0,518.0,32.0,563.0,61.0,,,,,,,,0.0,0.0,0.0,0.0,0.0,0.0,0.0,0.0,0.0,34,0,0,0,0,0,0,0,0,0,0,0,0,0,0,0,103,380,0.0,0.0,0.0,0.0,0.0,0.0,0.0,0.0,0.0,0,0,0,0
710,Travis,Patterson,Patterson,a,,,3.9,780,227.0,0.2,387,142.0,0.0,407.0,151.0,0,0,0.0,-1,1.0,7,9,0.0,0.0,0.0,0.0,0.0,569.0,206.0,,,558.0,205.0,547.0,205.0,515.0,200.0,560.0,205.0,,,,,,,,0.0,0.0,0.0,0.0,0.0,0.0,0.0,0.0,0.0,34,0,0,0,0,0,0,0,0,0,0,0,0,0,0,0,70,74,0.0,0.0,0.0,0.0,0.0,0.0,0.0,0.0,0.0,0,0,0,0
719,Victor,Lindelöf,Lindelöf,a,,,4.5,420,81.0,0.1,482,175.0,0.7,267.0,91.0,0,0,0.0,0,0.0,13,13,0.2,5.3,0.7,0.7,1.8,370.0,139.0,100.0,100.0,344.0,131.0,386.0,139.0,387.0,136.0,393.0,139.0,,,,,,,,0.04,0.01,0.05,1.62,0.0,0.14,1.36,0.95,5.17,34,0,0,0,0,0,0,0,0,0,0,0,0,0,0,0,90,84,0.0,0.0,0.0,0.0,0.0,0.0,0.0,0.0,0.0,0,0,0,0
754,George,Hemmings,George Hemmings,a,,,4.5,487,298.0,0.0,752,319.0,0.0,650.0,247.0,0,0,0.0,0,0.0,3,0,0.0,0.4,0.0,0.0,1.0,489.0,220.0,,,738.0,305.0,468.0,225.0,452.0,222.0,506.0,231.0,,,,,,,,0.14,0.04,0.18,2.2,0.0,0.0,0.0,0.0,3.6,34,0,0,0,0,0,0,0,0,0,0,0,0,0,0,0,27,7,0.0,0.0,0.0,0.0,0.0,0.0,0.0,0.0,0.0,0,0,0,0
757,Ronnie,Hollingshead,Hollingshead,a,,,4.0,711,62.0,0.0,703,83.0,0.0,460.0,73.0,0,0,0.0,0,0.0,3,2,0.0,0.0,0.0,0.0,0.0,613.0,83.0,,,603.0,83.0,596.0,72.0,565.0,58.0,605.0,83.0,,,,,,,,0.0,0.0,0.0,0.0,0.0,0.0,0.0,0.0,0.0,34,0,0,0,0,0,0,0,0,0,0,0,0,0,0,0,29,19,0.0,0.0,0.0,0.0,0.0,0.0,0.0,0.0,0.0,0,0,0,0
768,Leon,Routh,Leon Routh,a,,,4.0,744,213.0,0.0,689,244.0,0.0,492.0,204.0,0,0,0.0,0,0.0,1,6,0.0,0.0,0.0,0.0,0.0,641.0,249.0,,,631.0,249.0,624.0,249.0,595.0,247.0,633.0,249.0,,,,,,,,0.0,0.0,0.0,0.0,0.0,0.0,0.0,0.0,0.0,34,0,0,0,0,0,0,0,0,0,0,0,0,0,0,0,14,13,0.0,0.0,0.0,0.0,0.0,0.0,0.0,0.0,0.0,0,0,0,0
781,TJ,Carroll,Carroll,a,,,4.0,737,206.0,0.0,702,248.0,0.0,486.0,198.0,0,0,0.0,0,0.0,5,2,0.0,0.0,0.0,0.0,0.0,636.0,244.0,,,626.0,244.0,619.0,244.0,589.0,241.0,628.0,244.0,,,,,,,,0.0,0.0,0.0,0.0,0.0,0.0,0.0,0.0,0.0,34,0,0,0,0,0,0,0,0,0,0,0,0,0,0,0,17,10,0.0,0.0,0.0,0.0,0.0,0.0,0.0,0.0,0.0,0,0,0,0
792,Alysson Edward Franco,da Rocha dos Santos,Alysson,a,,,5.0,283,175.0,0.0,786,342.0,0.0,759.0,328.0,0,0,0.0,0,0.0,1,1,0.0,0.6,0.0,0.0,1.0,501.0,229.0,100.0,100.0,492.0,225.0,456.0,219.0,420.0,206.0,482.0,220.0,,,,,,,,0.1,0.1,0.2,3.58,0.0,0.0,3.83,0.0,7.66,34,0,0,0,0,0,0,0,0,0,0,0,0,0,0,0,10,4,0.0,0.0,0.0,0.0,0.0,0.0,0.0,0.0,0.0,0,0,0,0
808,Tammy,Abraham,Abraham,a,,,5.8,103,30.0,0.2,371,59.0,2.3,136.0,18.0,1,0,0.0,-2,2.0,111,143,0.4,3.8,2.3,2.3,2.0,347.0,39.0,,,387.0,44.0,357.0,45.0,231.0,45.0,364.0,44.0,,,,,,,,0.84,0.15,0.99,1.73,0.0,0.0,2.48,0.41,4.54,34,1,9,0,0,0,0,0,0,0,0,0,0,0,0,0,2139,765,0.0,0.28,0.0,0.2799999999999998,0.20999999999999996,0.0,0.0,0.0,0.0,0,0,0,0
183,Max,Weiß,Weiss,a,,,4.2,644,35.0,0.1,454,66.0,0.0,509.0,83.0,0,0,0.0,-3,3.0,3,7,0.0,0.0,-0.5,0.0,0.0,648.0,92.0,,,639.0,92.0,633.0,83.0,608.0,72.0,641.0,92.0,,,,,,,,0.0,0.0,0.0,0.0,0.0,0.0,0.0,0.0,0.0,34,0,0,0,0,0,0,0,0,0,0,0,0,0,0,0,17,71,0.0,0.0,0.0,0.0,0.0,0.0,0.0,0.0,0.0,0,0,0,0
184,Etienne,Green,Green,u,has joined FC Fredericia permanently.,,4.0,695,56.0,0.2,411,58.0,0.0,447.0,67.0,0,0,0.0,0,0.0,0,2,0.0,0.0,0.0,0.0,0.0,603.0,78.0,0.0,0.0,592.0,78.0,584.0,66.0,553.0,52.0,594.0,78.0,,,,,,,,0.0,0.0,0.0,0.0,0.0,0.0,0.0,0.0,0.0,34,0,0,0,0,0,0,0,0,0,0,0,0,0,0,0,0,45,0.0,0.0,0.0,0.0,0.0,0.0,0.0,0.0,0.0,0,0,0,0
185,Václav,Hladký,Hladký,a,,,3.9,745,67.0,0.2,417,59.0,0.0,381.0,28.0,0,0,0.0,-1,1.0,3,11,0.0,0.0,-0.5,0.0,0.0,547.0,42.0,,,536.0,42.0,520.0,22.0,488.0,8.0,538.0,42.0,,,,,,,,0.0,0.0,0.0,0.0,0.0,0.0,0.0,0.0,0.0,34,0,0,0,0,0,0,0,0,0,0,0,0,0,0,0,18,154,0.0,0.0,0.0,0.0,0.0,0.0,0.0,0.0,0.0,0,0,0,0
186,Connor,Roberts,Roberts,i,Achilles injury - Unknown return date,,4.3,581,127.0,0.0,658,233.0,0.0,519.0,219.0,0,0,0.0,-2,2.0,4,1,0.0,0.0,0.0,0.0,0.0,654.0,253.0,0.0,0.0,644.0,253.0,639.0,253.0,614.0,252.0,646.0,253.0,,,,,,,,0.0,0.0,0.0,0.0,0.0,0.0,0.0,0.0,0.0,34,0,0,0,0,0,0,0,0,0,0,0,0,0,0,0,7,14,0.0,0.0,0.0,0.0,0.0,0.0,0.0,0.0,0.0,0,0,0,0
187,Kyle,Walker,Walker,a,,,4.4,523,100.0,1.1,190,74.0,0.7,264.0,88.0,0,0,0.0,-1,1.0,35,77,0.2,14.5,0.2,0.0,2.0,340.0,126.0,100.0,100.0,125.0,55.0,184.0,47.0,380.0,133.0,214.0,74.0,,,,,,,,0.0,0.03,0.03,2.01,0.0,0.13,1.94,1.02,6.29,34,0,0,0,0,0,0,0,0,0,0,0,0,0,0,0,101,1333,0.0,0.0,0.0,0.0,0.0,0.0,0.0,0.0,0.0,0,0,0,0
188,Hannes,Delcroix,Delcroix,u,has joined Lugano permanently.,,3.8,798,239.0,0.2,384,141.0,0.0,362.0,126.0,0,0,0.0,-2,2.0,0,16,0.0,0.0,0.0,0.0,0.0,534.0,189.0,0.0,0.0,523.0,188.0,505.0,187.0,472.0,181.0,525.0,188.0,,,,,,,,0.0,0.0,0.0,0.0,0.0,0.0,0.0,0.0,0.0,34,0,0,0,0,0,0,0,0,0,0,0,0,0,0,0,0,141,0.0,0.0,0.0,0.0,0.0,0.0,0.0,0.0,0.0,0,0,0,0
189,Owen,Dodgson,Dodgson,u,Has joined Stockport County on loan for the rest of the season.,,4.0,687,173.0,0.0,731,254.0,0.0,439.0,167.0,0,0,0.0,0,0.0,0,0,0.0,0.0,0.0,0.0,0.0,596.0,219.0,0.0,0.0,585.0,218.0,577.0,218.0,546.0,214.0,587.0,218.0,,,,,,,,0.0,0.0,0.0,0.0,0.0,0.0,0.0,0.0,0.0,34,0,0,0,0,0,0,0,0,0,0,0,0,0,0,0,0,1,0.0,0.0,0.0,0.0,0.0,0.0,0.0,0.0,0.0,0,0,0,0
190,Hjalmar,Ekdal,Ekdal,a,,,3.8,804,245.0,0.7,229,86.0,1.7,161.0,56.0,0,0,0.0,-2,2.0,35,60,0.4,12.9,1.2,0.0,2.7,229.0,90.0,,,192.0,78.0,362.0,128.0,284.0,84.0,284.0,90.0,,,,,,,,0.02,0.02,0.04,1.83,0.0,0.12,1.93,0.99,9.88,34,0,0,0,0,0,0,0,0,0,0,0,0,0,0,0,218,1480,0.0,0.0,0.0,0.0,0.0,0.0,0.0,0.0,0.0,0,0,0,0
191,Maxime,Estève,Estève,a,,,3.9,771,223.0,7.1,58,19.0,2.7,108.0,44.0,0,0,0.0,-1,1.0,162,704,0.7,19.7,2.2,0.0,2.5,258.0,100.0,100.0,100.0,41.0,17.0,297.0,93.0,276.0,80.0,151.0,51.0,,,,,,,,0.02,0.02,0.04,2.11,0.0,0.1,2.16,1.04,10.1,34,0,0,0,0,0,0,0,0,0,0,0,0,0,0,0,706,21773,0.0,0.0,0.0,0.0,0.0,0.0,0.0,0.0,0.0,0,0,0,0
192,Quilindschy,Hartman,Hartman,a,,,4.0,700,179.0,0.6,250,95.0,3.0,93.0,37.0,0,0,0.0,0,0.0,65,66,0.8,15.5,2.5,0.0,3.1,181.0,72.0,,,146.0,63.0,128.0,35.0,292.0,85.0,175.0,59.0,,,,,,,,0.02,0.1,0.12,2.13,0.0,0.15,1.89,1.02,7.46,34,0,0,0,0,0,0,0,0,0,0,0,0,0,0,0,295,1604,0.0,0.0,0.0,0.0,0.0,0.0,0.0,0.0,0.0,0,0,0,0
193,Bashir,Humphreys,Humphreys,a,,,3.9,767,221.0,0.1,451,169.0,1.3,189.0,63.0,0,0,0.0,-1,1.0,13,18,0.3,11.3,0.8,0.0,2.6,246.0,97.0,100.0,100.0,195.0,79.0,251.0,66.0,295.0,87.0,263.0,86.0,,,,,,,,0.02,0.04,0.06,2.04,0.0,0.13,1.86,0.96,8.16,34,0,0,0,0,0,0,0,0,0,0,0,0,0,0,0,47,511,0.0,0.0,0.0,0.0,0.0,0.0,0.0,0.0,0.0,0,0,0,0
194,Jordan,Beyer,Jordan,i,Hamstring injury - Unknown return date,,3.9,763,218.0,0.1,569,202.0,0.0,394.0,145.0,0,0,0.0,-1,1.0,1,2,0.0,0.0,0.0,0.0,0.0,557.0,201.0,0.0,0.0,546.0,200.0,534.0,200.0,502.0,195.0,548.0,200.0,,,,,,,,0.0,0.0,0.0,0.0,0.0,0.0,0.0,0.0,0.0,34,0,0,0,0,0,0,0,0,0,0,0,0,0,0,0,8,29,0.0,0.0,0.0,0.0,0.0,0.0,0.0,0.0,0.0,0,0,0,0
195,Lucas,Pires Silva,Lucas Pires,a,,,3.8,815,255.0,0.3,344,123.0,0.3,300.0,95.0,0,0,0.0,-2,2.0,6,54,0.1,5.3,-0.2,0.0,1.2,441.0,157.0,100.0,100.0,305.0,117.0,164.0,41.0,321.0,100.0,285.0,91.0,,,,,,,,0.03,0.1,0.13,1.86,0.0,0.08,2.11,0.97,6.08,34,0,0,0,0,0,0,0,0,0,0,0,0,0,0,0,36,745,0.0,0.0,0.0,0.0,0.0,0.0,0.0,0.0,0.0,0,0,0,0
196,Shurandy,Sambo,Sambo,u,has joined Sparta Rotterdam on loan for the rest of the season.,,4.0,685,171.0,0.0,617,220.0,0.0,437.0,165.0,0,0,0.0,0,0.0,0,0,0.0,0.0,0.0,0.0,0.0,595.0,218.0,0.0,0.0,584.0,217.0,576.0,217.0,545.0,213.0,586.0,217.0,,,,,,,,0.0,0.0,0.0,0.0,0.0,0.0,0.0,0.0,0.0,34,0,0,0,0,0,0,0,0,0,0,0,0,0,0,0,0,0,0.0,0.0,0.0,0.0,0.0,0.0,0.0,0.0,0.0,0,0,0,0
199,Joe,Worrall,Worrall,a,,,3.8,795,236.0,0.2,377,137.0,0.0,360.0,124.0,0,0,0.0,-2,2.0,4,37,0.0,5.3,-0.5,0.0,1.8,363.0,133.0,100.0,100.0,332.0,126.0,469.0,170.0,390.0,138.0,396.0,141.0,,,,,,,,0.01,0.0,0.01,2.12,0.0,0.0,2.0,0.91,13.79,34,0,0,0,0,0,0,0,0,0,0,0,0,0,0,0,39,589,0.0,0.0,0.0,0.0,0.0,0.0,0.0,0.0,0.0,0,0,0,0
200,Jaidon,Anthony,Anthony,a,,,5.0,261,158.0,1.9,142,46.0,2.0,149.0,62.0,0,0,0.0,-5,5.0,90,431,0.4,22.2,1.5,0.0,3.4,139.0,58.0,100.0,100.0,85.0,28.0,43.0,38.0,32.0,16.0,34.0,26.0,2.0,,,,,,,0.17,0.1,0.27,2.01,0.0,0.15,1.98,1.07,7.99,34,0,0,0,0,0,0,0,0,0,0,0,0,0,0,0,216,7193,0.0,0.0,0.0,0.0,0.0,0.0,0.0,0.0,0.0,0,0,0,0
201,Manuel,Benson Hedilazio,Benson,u,has joined Maccabi Haifa permanently.,,5.4,158,98.0,0.0,718,296.0,0.0,780.0,342.0,0,0,0.0,-1,1.0,0,0,0.0,0.0,0.0,0.0,0.0,808.0,358.0,0.0,0.0,807.0,357.0,806.0,357.0,804.0,356.0,807.0,357.0,,,,,,,,0.0,0.0,0.0,0.0,0.0,0.0,0.0,0.0,0.0,34,0,0,0,0,0,0,0,0,0,0,0,0,0,0,0,0,2,0.0,0.0,0.0,0.0,0.0,0.0,0.0,0.0,0.0,0,0,0,0
202,Jacob,Bruun Larsen,Bruun Larsen,a,,,5.2,204,126.0,0.0,622,239.0,0.7,277.0,128.0,0,0,0.0,-3,3.0,5,6,0.1,7.3,0.2,0.0,1.5,414.0,181.0,100.0,100.0,363.0,162.0,190.0,125.0,230.0,126.0,299.0,148.0,,2.0,3.0,,,,,0.12,0.1,0.22,2.08,0.0,0.27,2.62,0.9,5.68,34,0,0,0,0,0,0,0,0,0,0,0,0,0,0,0,16,57,0.0,0.0,0.0,0.0,0.0,0.0,0.0,0.0,0.0,0,0,0,0
203,Enock,Agyei,Boateng,a,,,4.7,394,245.0,0.0,594,223.0,0.0,694.0,279.0,0,0,0.0,-3,3.0,7,3,0.0,0.0,-0.5,0.0,0.0,771.0,332.0,,,770.0,331.0,765.0,331.0,756.0,328.0,770.0,331.0,,,,,,,,0.0,0.0,0.0,0.0,0.0,0.0,0.0,0.0,0.0,34,0,0,0,0,0,0,0,0,0,0,0,0,0,0,0,19,29,0.0,0.0,0.0,0.0,0.0,0.0,0.0,0.0,0.0,0,0,0,0
204,Darko,Churlinov,Churlinov,u,has joined Kocaelispor  permanently.,,4.9,317,197.0,0.0,730,303.0,0.0,719.0,298.0,0,0,0.0,-1,1.0,0,0,0.0,0.0,0.0,0.0,0.0,781.0,338.0,0.0,0.0,780.0,337.0,776.0,337.0,772.0,335.0,780.0,337.0,,,,,,,,0.0,0.0,0.0,0.0,0.0,0.0,0.0,0.0,0.0,34,0,0,0,0,0,0,0,0,0,0,0,0,0,0,0,0,0,0.0,0.0,0.0,0.0,0.0,0.0,0.0,0.0,0.0,0,0,0,0
205,Josh,Cullen,Cullen,i,Knee injury - Expected back 30 Sep,,4.9,296,183.0,0.8,215,73.0,0.0,709.0,291.0,0,0,0.0,-1,1.0,3,34,0.0,14.3,0.0,0.0,3.9,68.0,31.0,0.0,0.0,191.0,76.0,169.0,114.0,270.0,147.0,218.0,106.0,,,,,,,,0.06,0.08,0.14,1.93,0.0,0.18,1.73,1.07,10.29,34,0,0,0,0,0,0,0,0,0,0,0,0,0,0,0,7,216,0.0,0.0,0.0,0.0,0.0,0.0,0.0,0.0,0.0,0,0,0,0
206,Marcus,Edwards,Edwards,a,,,4.7,380,237.0,0.1,492,173.0,1.7,165.0,73.0,0,0,0.0,-3,3.0,11,20,0.4,10.6,1.2,0.0,2.3,299.0,129.0,100.0,100.0,309.0,135.0,150.0,100.0,141.0,81.0,223.0,108.0,,3.0,,,,,,0.13,0.15,0.28,2.08,0.0,0.09,1.55,0.95,5.7,34,0,0,0,0,0,0,0,0,0,0,0,0,0,0,0,33,364,0.0,0.0,0.0,0.0,0.0,0.0,0.0,0.0,0.0,0,0,0,0
207,Hannibal,Mejbri,Hannibal,d,Hamstring injury - 50% chance of playing,,4.7,389,241.0,0.1,436,149.0,0.0,693.0,278.0,0,0,0.0,-3,3.0,1,60,0.0,11.1,-0.2,0.0,2.3,300.0,130.0,50.0,25.0,285.0,119.0,161.0,108.0,286.0,154.0,268.0,136.0,,,,,,,,0.05,0.12,0.17,2.16,0.0,0.18,2.02,1.1,8.72,34,0,0,0,0,0,0,0,0,0,0,0,0,0,0,0,5,510,0.0,0.0,0.0,0.0,0.0,0.0,0.0,0.0,0.0,0,0,0,0
208,Luca,Koleosho,Koleosho,u,has joined Paris FC on loan for the rest of the season.,,5.0,267,162.0,0.0,743,313.0,0.0,748.0,319.0,0,0,0.0,0,0.0,0,1,0.0,0.0,0.0,0.0,0.0,798.0,351.0,0.0,0.0,797.0,350.0,795.0,350.0,790.0,348.0,797.0,350.0,,,,,,,,0.0,0.0,0.0,0.0,0.0,0.0,0.0,0.0,0.0,34,0,0,0,0,0,0,0,0,0,0,0,0,0,0,0,0,2,0.0,0.0,0.0,0.0,0.0,0.0,0.0,0.0,0.0,0,0,0,0
210,Loum,Tchaouna,Tchaouna,a,,,4.8,365,227.0,0.0,634,245.0,1.0,230.0,104.0,0,0,0.0,-2,2.0,2,1,0.2,8.8,0.5,0.0,1.7,395.0,169.0,,,371.0,166.0,242.0,154.0,247.0,135.0,328.0,159.0,,4.0,,,,,,0.09,0.07,0.16,1.86,0.0,0.19,1.66,0.97,4.87,34,0,0,0,0,0,0,0,0,0,0,0,0,0,0,0,5,12,0.0,0.0,0.0,0.0,0.0,0.0,0.0,0.0,0.0,0,0,0,0
211,Aaron,Ramsey,A.Ramsey,u,has joined Leicester City on loan for the rest of the season.,,4.4,544,326.0,1.4,171,60.0,0.0,561.0,184.0,0,0,0.0,-1,1.0,0,19,0.0,0.0,0.0,0.0,0.0,675.0,258.0,0.0,0.0,666.0,249.0,662.0,253.0,641.0,243.0,668.0,251.0,,,,,,,,0.0,0.0,0.0,0.0,0.0,0.0,0.0,0.0,0.0,34,0,0,0,0,0,0,0,0,0,0,0,0,0,0,0,0,198,0.0,0.0,0.0,0.0,0.0,0.0,0.0,0.0,0.0,0,0,0,0
212,Oluwaseun,Adewumi,Adewumi,u,Has joined Cercle Brugge on loan for the rest of the season.,,4.5,482,294.0,0.0,769,329.0,0.0,645.0,243.0,0,0,0.0,0,0.0,0,1,0.0,0.0,0.0,0.0,0.0,738.0,306.0,0.0,0.0,735.0,303.0,729.0,304.0,715.0,299.0,736.0,304.0,,,,,,,,0.0,0.0,0.0,0.0,0.0,0.0,0.0,0.0,0.0,34,0,0,0,0,0,0,0,0,0,0,0,0,0,0,0,0,1,0.0,0.0,0.0,0.0,0.0,0.0,0.0,0.0,0.0,0,0,0,0
213,Jaydon,Banel,Banel,u,has joined Derby County on loan for the rest of the season.,,4.5,467,284.0,0.0,626,241.0,0.0,631.0,233.0,0,0,0.0,0,0.0,0,4,0.0,0.2,0.0,0.0,1.0,483.0,215.0,0.0,0.0,723.0,294.0,481.0,231.0,702.0,289.0,724.0,295.0,,,,,,,,0.0,0.0,0.0,0.5,0.0,0.0,0.0,0.0,0.0,34,0,0,0,0,0,0,0,0,0,0,0,0,0,0,0,0,12,0.0,0.0,0.0,0.0,0.0,0.0,0.0,0.0,0.0,0,0,0,0
214,Mike,Trésor Ndayishimiye,Trésor,a,,,4.3,588,348.0,0.1,555,205.0,0.7,262.0,122.0,0,0,0.0,-2,2.0,60,13,0.2,1.4,0.2,0.0,1.0,467.0,202.0,100.0,100.0,476.0,214.0,408.0,204.0,447.0,219.0,470.0,212.0,,,,,,,,0.0,0.0,0.0,4.01,0.0,0.0,4.86,0.0,12.16,34,0,0,0,0,0,0,0,0,0,0,0,0,0,0,0,338,140,0.0,0.0,0.0,0.0,0.0,0.0,0.0,0.0,0.0,0,0,0,0
215,Zian,Flemming,Flemming,a,,,5.3,190,44.0,0.3,300,46.0,3.7,74.0,11.0,0,0,0.0,-2,2.0,128,127,0.7,15.5,3.2,0.0,3.3,158.0,14.0,100.0,100.0,165.0,17.0,247.0,28.0,46.0,18.0,118.0,18.0,,5.0,1.0,,,,,0.43,0.02,0.45,1.95,0.0,0.19,1.75,1.07,5.14,34,0,0,0,0,0,0,0,0,0,0,0,0,0,0,0,449,2354,0.0,0.0,0.0,0.0,0.0,0.0,0.0,0.0,0.0,0,0,0,0
216,Zeki,Amdouni,Amdouni,d,Lack of match fitness - 50% chance of playing,,4.8,368,63.0,0.0,675,86.0,0.0,701.0,74.0,0,0,0.0,-2,2.0,2,4,0.0,0.0,-0.2,0.0,0.0,773.0,84.0,50.0,50.0,772.0,84.0,767.0,83.0,762.0,83.0,772.0,84.0,,,,,,,,0.0,0.0,0.0,0.0,0.0,0.0,0.0,0.0,0.0,34,0,0,0,0,0,0,0,0,0,0,0,0,0,0,0,11,24,0.0,0.0,0.0,0.0,0.0,0.0,0.0,0.0,0.0,0,0,0,0
217,Lyle,Foster,Foster,a,,,4.9,321,60.0,0.8,222,33.0,0.7,272.0,35.0,0,0,0.0,-1,1.0,48,64,0.1,11.6,0.2,0.0,2.3,301.0,32.0,100.0,100.0,273.0,27.0,229.0,24.0,118.0,30.0,237.0,29.0,,,,,,,,0.22,0.02,0.24,1.86,0.0,0.27,2.01,1.01,5.64,34,0,0,0,0,0,0,0,0,0,0,0,0,0,0,0,176,719,0.0,0.0,0.0,0.0,0.0,0.0,0.0,0.0,0.0,0,0,0,0
219,Michael,Obafemi,Obafemi,u,has joined Blackpool on loan for the rest of the season.,,4.4,533,75.0,0.1,471,67.0,0.0,556.0,57.0,0,0,0.0,-1,1.0,0,1,0.0,0.0,0.0,0.0,0.0,672.0,68.0,0.0,0.0,663.0,68.0,659.0,67.0,638.0,67.0,665.0,68.0,,,,,,,,0.0,0.0,0.0,0.0,0.0,0.0,0.0,0.0,0.0,34,0,0,0,0,0,0,0,0,0,0,0,0,0,0,0,0,17,0.0,0.0,0.0,0.0,0.0,0.0,0.0,0.0,0.0,0,0,0,0
470,Martin,Dúbravka,Dúbravka,a,,,4.0,665,40.0,28.0,10,2.0,2.0,141.0,12.0,0,0,0.0,0,0.0,632,6586,0.5,23.5,1.5,0.0,2.8,213.0,24.0,100.0,100.0,5.0,1.0,558.0,50.0,527.0,36.0,130.0,1.0,,,,,,,,0.0,0.0,0.0,2.05,3.59,0.12,2.0,1.0,0.0,34,0,0,0,0,0,0,0,0,0,0,0,0,0,0,0,4031,77322,0.0,0.0,0.0,0.0,0.0,0.0,0.0,0.0,0.0,0,0,0,0
614,James,Ward-Prowse,Ward-Prowse,a,,,5.6,122,76.0,0.2,381,128.0,3.3,84.0,28.0,0,0,0.0,-4,4.0,29,26,0.6,6.2,2.8,0.0,2.5,268.0,111.0,100.0,100.0,293.0,126.0,85.0,62.0,399.0,198.0,254.0,125.0,1.0,1.0,,,,,,0.02,0.15,0.17,1.93,0.0,0.18,2.16,0.99,9.11,34,0,0,0,0,0,0,0,0,0,0,0,0,0,0,0,77,523,0.0,0.0,0.0,0.0,0.0,0.0,0.0,0.0,0.0,0,0,0,0
676,Lesley,Ugochukwu,Ugochukwu,a,,,5.0,273,167.0,0.1,476,165.0,1.3,204.0,93.0,0,0,0.0,0,0.0,11,40,0.3,17.6,0.8,0.0,2.8,221.0,87.0,100.0,100.0,171.0,62.0,226.0,144.0,162.0,91.0,201.0,100.0,,,,,,,,0.1,0.01,0.11,2.08,0.0,0.13,2.01,1.02,8.2,34,0,0,0,0,0,0,0,0,0,0,0,0,0,0,0,28,356,0.0,0.0,0.0,0.0,0.0,0.0,0.0,0.0,0.0,0,0,0,0
680,Armando,Broja,Broja,a,,,5.2,210,48.0,0.1,421,62.0,1.0,238.0,32.0,0,0,0.0,-3,3.0,5,16,0.2,8.1,0.5,0.0,1.8,381.0,44.0,100.0,100.0,376.0,42.0,324.0,39.0,155.0,36.0,323.0,38.0,,,,,,,,0.23,0.02,0.25,2.52,0.0,0.11,2.93,0.87,4.67,34,0,0,0,0,0,0,0,0,0,0,0,0,0,0,0,29,131,0.0,0.0,0.0,0.0,0.0,0.0,0.0,0.0,0.0,0,0,0,0
722,Florentino Ibrain,Morris Luís,Florentino,a,,,5.0,251,151.0,0.0,616,236.0,1.7,172.0,78.0,0,0,0.0,0,0.0,6,6,0.3,14.2,1.2,0.0,2.6,253.0,105.0,,,183.0,71.0,189.0,124.0,341.0,178.0,244.0,120.0,,,,,,,,0.03,0.02,0.05,2.03,0.0,0.1,2.03,1.09,13.29,34,0,0,0,0,0,0,0,0,0,0,0,0,0,0,0,13,90,0.0,0.0,0.0,0.0,0.0,0.0,0.0,0.0,0.0,0,0,0,0
776,Oliver,Pimlott,Pimlott,a,,,4.5,514,319.0,0.0,791,346.0,0.0,676.0,267.0,0,0,0.0,0,0.0,0,0,0.0,0.0,-0.5,0.0,0.0,762.0,324.0,,,761.0,323.0,754.0,323.0,741.0,319.0,761.0,323.0,,,,,,,,0.0,0.0,0.0,0.0,0.0,0.0,0.0,0.0,0.0,34,0,0,0,0,0,0,0,0,0,0,0,0,0,0,0,4,13,0.0,0.0,0.0,0.0,0.0,0.0,0.0,0.0,0.0,0,0,0,0
784,George,Brierley,Brierley,a,,,4.5,521,325.0,0.0,798,352.0,0.0,682.0,273.0,0,0,0.0,0,0.0,1,2,0.0,0.0,-0.5,0.0,0.0,767.0,329.0,,,766.0,328.0,759.0,328.0,747.0,325.0,766.0,328.0,,,,,,,,0.0,0.0,0.0,0.0,0.0,0.0,0.0,0.0,0.0,34,0,0,0,0,0,0,0,0,0,0,0,0,0,0,0,3,7,0.0,0.0,0.0,0.0,0.0,0.0,0.0,0.0,0.0,0,0,0,0
820,Kian,McMahon-Brown,McMahon-Brown,a,,,4.5,513,318.0,0.0,816,361.0,0.0,675.0,266.0,0,0,0.0,0,0.0,1,1,0.0,0.0,-0.5,0.0,0.0,761.0,323.0,,,760.0,322.0,753.0,322.0,740.0,318.0,760.0,322.0,,,,,,,,0.0,0.0,0.0,0.0,0.0,0.0,0.0,0.0,0.0,34,0,0,0,0,0,0,0,0,0,0,0,0,0,0,0,3,5,0.0,0.0,0.0,0.0,0.0,0.0,0.0,0.0,0.0,0,0,0,0
66,Norberto,Murara Neto,Neto,u,Has joined Botafogo permanently.,,4.5,410,22.0,0.1,575,78.0,0.0,588.0,88.0,0,0,0.0,0,0.0,0,0,0.0,0.0,0.0,0.0,0.0,694.0,94.0,0.0,0.0,688.0,94.0,683.0,87.0,664.0,77.0,690.0,94.0,,,,,,,,0.0,0.0,0.0,0.0,0.0,0.0,0.0,0.0,0.0,34,0,0,0,0,0,0,0,0,0,0,0,0,0,0,0,0,3,0.0,0.0,0.0,0.0,0.0,0.0,0.0,0.0,0.0,0,0,0,0
67,Đorđe,Petrović,Petrović,a,,,4.6,402,20.0,5.4,73,12.0,1.3,197.0,16.0,0,0,0.0,1,-1.0,364,1050,0.3,23.0,1.3,0.0,3.1,184.0,20.0,,,21.0,6.0,760.0,89.0,749.0,81.0,184.0,7.0,,,,,,,,0.0,0.0,0.0,1.5,2.94,0.26,1.53,1.0,0.0,34,0,0,0,0,0,0,0,0,0,0,0,0,0,0,0,1248,28309,0.0,0.0,0.0,0.0,0.0,0.0,0.0,0.0,0.0,0,0,0,0
68,Will,Dennis,Dennis,u,has joined Leyton Orient on loan for the rest of the season.,,4.0,684,50.0,0.7,230,30.0,0.0,436.0,61.0,0,0,0.0,0,0.0,0,36,0.0,0.0,0.0,0.0,0.0,594.0,72.0,0.0,0.0,583.0,72.0,575.0,60.0,544.0,46.0,585.0,72.0,,,,,,,,0.0,0.0,0.0,0.0,0.0,0.0,0.0,0.0,0.0,34,0,0,0,0,0,0,0,0,0,0,0,0,0,0,0,0,250,0.0,0.0,0.0,0.0,0.0,0.0,0.0,0.0,0.0,0,0,0,0
69,Callan,McKenna,McKenna,a,,,3.9,785,92.0,0.2,357,50.0,0.0,412.0,49.0,0,0,0.0,-1,1.0,12,27,0.0,0.0,0.0,0.0,0.0,574.0,62.0,,,563.0,62.0,552.0,47.0,520.0,33.0,565.0,62.0,,,,,,,,0.0,0.0,0.0,0.0,0.0,0.0,0.0,0.0,0.0,34,0,0,0,0,0,0,0,0,0,0,0,0,0,0,0,61,214,0.0,0.0,0.0,0.0,0.0,0.0,0.0,0.0,0.0,0,0,0,0
70,Alex,Paulsen,Paulsen,u,Has joined Lechia Gdansk on loan for the rest of the season.,,4.0,701,58.0,0.1,578,79.0,0.0,452.0,69.0,0,0,0.0,0,0.0,0,3,0.0,0.0,0.0,0.0,0.0,608.0,80.0,0.0,0.0,597.0,80.0,589.0,68.0,558.0,54.0,599.0,80.0,,,,,,,,0.0,0.0,0.0,0.0,0.0,0.0,0.0,0.0,0.0,34,0,0,0,0,0,0,0,0,0,0,0,0,0,0,0,0,14,0.0,0.0,0.0,0.0,0.0,0.0,0.0,0.0,0.0,0,0,0,0
71,Illia,Zabarnyi,Zabarnyi,u,Has joined Paris Saint-Germain permanently.,,5.0,264,41.0,0.0,674,237.0,0.0,747.0,256.0,0,0,0.0,0,0.0,0,0,0.0,0.0,0.0,0.0,0.0,797.0,265.0,0.0,0.0,796.0,265.0,794.0,265.0,789.0,265.0,796.0,265.0,,,,,,,,0.0,0.0,0.0,0.0,0.0,0.0,0.0,0.0,0.0,34,0,0,0,0,0,0,0,0,0,0,0,0,0,0,0,0,0,0.0,0.0,0.0,0.0,0.0,0.0,0.0,0.0,0.0,0,0,0,0
72,Marcos,Senesi Barón,Senesi,a,,,5.2,208,28.0,21.1,14,4.0,3.3,83.0,34.0,0,0,0.0,7,-7.0,5398,3224,0.6,28.3,3.3,0.0,4.5,28.0,10.0,100.0,100.0,4.0,2.0,95.0,24.0,164.0,35.0,36.0,3.0,,,,,,,,0.05,0.14,0.19,1.51,0.0,0.28,1.57,1.01,11.62,34,0,0,0,0,0,0,0,0,0,0,0,0,0,0,0,11434,158709,0.0,0.0,0.0,0.0,0.0,0.0,0.0,0.0,0.0,0,0,0,0
73,Adam,Smith,Smith,a,,,4.4,522,99.0,0.2,390,144.0,0.3,312.0,100.0,0,0,0.0,-1,1.0,12,30,0.1,8.9,0.3,0.0,2.1,322.0,119.0,100.0,100.0,352.0,134.0,342.0,117.0,394.0,141.0,389.0,136.0,,,,,,,,0.0,0.02,0.02,1.56,0.0,0.45,1.68,1.23,5.93,34,0,0,0,0,0,0,0,0,0,0,0,0,0,0,0,55,277,0.0,0.0,0.0,0.0,0.0,0.0,0.0,0.0,0.0,0,0,0,0
74,Adrien,Truffert,Truffert,a,,,4.7,391,67.0,4.3,91,30.0,5.7,21.0,11.0,0,0,0.0,2,-2.0,3185,646,1.2,29.6,5.7,0.0,4.1,52.0,21.0,,,22.0,7.0,54.0,8.0,199.0,49.0,52.0,8.0,,,,,,,,0.03,0.08,0.11,1.46,0.0,0.27,1.46,1.01,8.29,34,0,0,0,0,0,0,0,0,0,0,0,0,0,0,0,7290,33409,0.0,0.0,0.0,0.0,0.0,0.0,0.0,0.0,0.0,0,0,0,0
75,Matai,Akinmboni,Akinmboni,a,,,3.8,811,251.0,0.2,388,143.0,0.0,373.0,136.0,0,0,0.0,-2,2.0,10,15,0.0,0.0,0.0,0.0,0.0,541.0,196.0,100.0,100.0,530.0,195.0,513.0,194.0,480.0,188.0,532.0,195.0,,,,,,,,0.0,0.0,0.0,0.0,0.0,0.0,0.0,0.0,0.0,34,0,0,0,0,0,0,0,0,0,0,0,0,0,0,0,61,113,0.0,0.0,0.0,0.0,0.0,0.0,0.0,0.0,0.0,0,0,0,0
76,Owen,Bevan,Bevan,a,,,3.8,809,249.0,0.2,395,148.0,0.0,371.0,134.0,0,0,0.0,-2,2.0,7,14,0.0,0.0,0.0,0.0,0.0,540.0,195.0,,,529.0,194.0,512.0,193.0,479.0,187.0,531.0,194.0,,,,,,,,0.0,0.0,0.0,0.0,0.0,0.0,0.0,0.0,0.0,34,0,0,0,0,0,0,0,0,0,0,0,0,0,0,0,39,163,0.0,0.0,0.0,0.0,0.0,0.0,0.0,0.0,0.0,0,0,0,0
77,James,Hill,Hill,a,,,4.2,638,146.0,8.0,50,16.0,2.7,109.0,45.0,0,0,0.0,2,-2.0,748,2373,0.6,21.4,2.7,0.0,3.6,104.0,37.0,,,99.0,43.0,253.0,67.0,256.0,69.0,192.0,66.0,,,,,,,,0.04,0.06,0.1,1.44,0.0,0.31,1.14,0.93,11.31,34,0,0,0,0,0,0,0,0,0,0,0,0,0,0,0,1727,69278,0.0,0.0,0.0,0.0,0.0,0.0,0.0,0.0,0.0,0,0,0,0
78,Julián,Araujo Zúñiga,J.Araujo,u,has joined Celtic on loan for the rest of the season.,,3.8,800,241.0,0.5,272,102.0,0.0,363.0,127.0,0,0,0.0,-2,2.0,0,20,0.0,0.0,0.0,0.0,0.0,535.0,190.0,0.0,0.0,524.0,189.0,506.0,188.0,473.0,182.0,526.0,189.0,,,,,,,,0.0,0.0,0.0,0.0,0.0,0.0,0.0,0.0,0.0,34,0,0,0,0,0,0,0,0,0,0,0,0,0,0,0,0,220,0.0,0.0,0.0,0.0,0.0,0.0,0.0,0.0,0.0,0,0,0,0
79,Chris,Mepham,Mepham,u,has joined West Bromwich Albion permanently.,,4.0,677,168.0,0.1,549,195.0,0.0,429.0,162.0,0,0,0.0,0,0.0,0,0,0.0,0.0,0.0,0.0,0.0,587.0,215.0,0.0,0.0,576.0,214.0,568.0,214.0,537.0,210.0,578.0,214.0,,,,,,,,0.0,0.0,0.0,0.0,0.0,0.0,0.0,0.0,0.0,34,0,0,0,0,0,0,0,0,0,0,0,0,0,0,0,0,5,0.0,0.0,0.0,0.0,0.0,0.0,0.0,0.0,0.0,0,0,0,0
81,Justin,Kluivert,Kluivert,i,Knee injury - Expected back 09 May,,6.9,38,23.0,0.6,247,87.0,0.0,822.0,368.0,0,0,0.0,-1,1.0,4,31,0.0,5.8,0.0,0.0,2.2,316.0,138.0,0.0,0.0,334.0,149.0,118.0,83.0,237.0,130.0,250.0,122.0,,3.0,1.0,,,,,0.22,0.15,0.37,1.65,0.0,0.39,1.77,0.98,6.11,34,0,0,0,0,0,0,0,0,0,0,0,0,0,0,0,15,82,0.0,0.0,0.0,0.0,0.0,0.0,0.0,0.0,0.0,0,0,0,0
84,Marcus,Tavernier,Tavernier,a,,,5.4,161,101.0,5.1,77,26.0,3.7,75.0,24.0,0,0,0.0,-1,1.0,1535,1142,0.7,22.2,3.7,0.0,4.0,60.0,29.0,100.0,100.0,68.0,19.0,21.0,20.0,33.0,17.0,25.0,20.0,2.0,2.0,4.0,,,,,0.32,0.14,0.46,1.37,0.0,0.34,1.58,1.02,8.4,34,0,0,0,0,0,0,0,0,0,0,0,0,0,0,0,2898,48938,0.0,0.0,0.0,0.0,0.0,0.0,0.0,0.0,0.0,0,0,0,0
85,Tyler,Adams,Adams,a,,,4.9,299,186.0,0.3,345,119.0,2.0,146.0,60.0,0,0,0.0,-1,1.0,36,10,0.4,13.5,2.0,0.0,3.1,188.0,72.0,100.0,100.0,198.0,81.0,270.0,166.0,254.0,139.0,257.0,128.0,,,,,,,,0.04,0.03,0.07,1.39,0.0,0.37,1.59,1.1,11.66,34,0,0,0,0,0,0,0,0,0,0,0,0,0,0,0,117,174,0.0,0.0,0.0,0.0,0.0,0.0,0.0,0.0,0.0,0,0,0,0
86,David,Brooks,Brooks,a,,,5.0,246,148.0,0.2,397,133.0,1.7,171.0,77.0,0,0,0.0,0,0.0,26,18,0.3,10.6,1.7,0.0,1.9,355.0,152.0,100.0,100.0,280.0,116.0,86.0,63.0,54.0,31.0,122.0,70.0,5.0,4.0,,,,,,0.4,0.25,0.65,1.47,0.0,0.39,1.49,1.02,6.88,34,0,0,0,0,0,0,0,0,0,0,0,0,0,0,0,86,257,0.0,0.0,0.0,0.0,0.0,0.0,0.0,0.0,0.0,0,0,0,0
87,Ryan,Christie,Christie,a,,,4.9,291,180.0,0.2,399,134.0,2.0,145.0,59.0,0,0,0.0,-1,1.0,19,117,0.4,9.8,2.0,0.0,2.0,342.0,147.0,100.0,100.0,272.0,112.0,198.0,130.0,139.0,80.0,234.0,115.0,6.0,,,,,,,0.18,0.07,0.25,1.76,0.0,0.29,1.38,0.79,11.2,34,0,0,0,0,0,0,0,0,0,0,0,0,0,0,0,56,1602,0.0,0.0,0.0,0.0,0.0,0.0,0.0,0.0,0.0,0,0,0,0
88,Lewis,Cook,Cook,d,Lack of match fitness - 50% chance of playing,,4.9,290,179.0,0.0,632,244.0,0.0,706.0,288.0,0,0,0.0,-1,1.0,3,10,0.0,7.8,0.0,0.0,2.4,283.0,119.0,50.0,25.0,284.0,118.0,197.0,129.0,411.0,201.0,314.0,155.0,4.0,,,,,,,0.01,0.05,0.06,1.4,0.0,0.1,1.86,0.83,14.79,34,0,0,0,0,0,0,0,0,0,0,0,0,0,0,0,5,37,0.0,0.0,0.0,0.0,0.0,0.0,0.0,0.0,0.0,0,0,0,0
89,Philip,Billing,Philip,u,has joined Midtjylland permanently.,,4.9,293,182.0,0.0,680,273.0,0.0,708.0,290.0,0,0,0.0,-1,1.0,0,0,0.0,0.0,0.0,0.0,0.0,776.0,334.0,0.0,0.0,775.0,333.0,771.0,333.0,767.0,331.0,775.0,333.0,,,,,,,,0.0,0.0,0.0,0.0,0.0,0.0,0.0,0.0,0.0,34,0,0,0,0,0,0,0,0,0,0,0,0,0,0,0,0,0,0.0,0.0,0.0,0.0,0.0,0.0,0.0,0.0,0.0,0,0,0,0
90,Alex,Scott,Scott,a,,,5.1,240,144.0,2.6,120,38.0,5.7,22.0,7.0,0,0,0.0,1,-1.0,1162,1607,1.1,24.5,5.7,0.0,3.7,97.0,40.0,100.0,100.0,69.0,20.0,62.0,51.0,93.0,55.0,63.0,40.0,3.0,6.0,,,,,,0.13,0.09,0.22,1.52,0.0,0.31,1.4,1.08,12.08,34,0,0,0,0,0,0,0,0,0,0,0,0,0,0,0,2072,51969,0.0,0.0,0.0,0.0,0.0,0.0,0.0,0.0,0.0,0,0,0,0
92,Romain,Faivre,Faivre,u,has joined Auxerre permanently.,,4.5,435,258.0,0.1,564,208.0,0.0,605.0,210.0,0,0,0.0,0,0.0,0,2,0.0,0.0,0.0,0.0,0.0,705.0,277.0,0.0,0.0,699.0,271.0,695.0,274.0,678.0,267.0,701.0,273.0,,,,,,,,0.0,0.0,0.0,0.0,0.0,0.0,0.0,0.0,0.0,34,0,0,0,0,0,0,0,0,0,0,0,0,0,0,0,0,11,0.0,0.0,0.0,0.0,0.0,0.0,0.0,0.0,0.0,0,0,0,0
93,Hamed,Traorè,H.Traorè,u,has joined Marseille on loan for the rest of the season.,,4.5,430,255.0,0.3,343,118.0,0.0,601.0,207.0,0,0,0.0,0,0.0,0,5,0.0,0.9,0.0,0.0,4.0,58.0,28.0,0.0,0.0,455.0,201.0,431.0,212.0,674.0,264.0,465.0,210.0,,,,,,,,0.0,0.0,0.0,2.25,0.0,0.0,11.25,0.0,22.5,34,0,0,0,0,0,0,0,0,0,0,0,0,0,0,0,0,26,0.0,0.0,0.0,0.0,0.0,0.0,0.0,0.0,0.0,0,0,0,0
94,Dominic,Sadi,Sadi,u,has joined Novi Pazar on loan for the rest of the season.,,4.5,466,283.0,0.0,649,254.0,0.0,630.0,232.0,0,0,0.0,0,0.0,0,1,0.0,0.0,0.0,0.0,0.0,727.0,298.0,0.0,0.0,722.0,293.0,717.0,295.0,701.0,288.0,723.0,294.0,,,,,,,,0.0,0.0,0.0,0.0,0.0,0.0,0.0,0.0,0.0,34,0,0,0,0,0,0,0,0,0,0,0,0,0,0,0,0,3,0.0,0.0,0.0,0.0,0.0,0.0,0.0,0.0,0.0,0,0,0,0
95,Zain,Silcott-Duberry,Silcott-Duberry,u,has joined Olympiakos permanently.,,4.4,555,334.0,0.1,582,217.0,0.0,570.0,192.0,0,0,0.0,-1,1.0,0,2,0.0,0.0,0.0,0.0,0.0,681.0,264.0,0.0,0.0,673.0,256.0,669.0,260.0,649.0,251.0,675.0,258.0,,,,,,,,0.0,0.0,0.0,0.0,0.0,0.0,0.0,0.0,0.0,34,0,0,0,0,0,0,0,0,0,0,0,0,0,0,0,0,15,0.0,0.0,0.0,0.0,0.0,0.0,0.0,0.0,0.0,0,0,0,0
96,Ben,Winterburn,Winterburn,u,has joined Barnet on loan for the rest of the season.,,4.5,499,308.0,0.0,647,252.0,0.0,662.0,257.0,0,0,0.0,0,0.0,0,2,0.0,0.2,0.0,0.0,1.0,490.0,221.0,0.0,0.0,749.0,314.0,742.0,314.0,729.0,310.0,749.0,314.0,,,,,,,,0.0,0.0,0.0,4.65,0.0,0.0,30.0,0.0,0.0,34,0,0,0,0,0,0,0,0,0,0,0,0,0,0,0,0,6,0.0,0.0,0.0,0.0,0.0,0.0,0.0,0.0,0.0,0,0,0,0
99,Daniel,Adu-Adjei,Adu-Adjei,u,has joined HNK Rijeka permanently.,,4.4,570,82.0,0.1,439,63.0,0.0,583.0,64.0,0,0,0.0,-1,1.0,0,1,0.0,0.0,0.0,0.0,0.0,691.0,75.0,0.0,0.0,685.0,75.0,680.0,74.0,661.0,74.0,687.0,75.0,,,,,,,,0.0,0.0,0.0,0.0,0.0,0.0,0.0,0.0,0.0,34,0,0,0,0,0,0,0,0,0,0,0,0,0,0,0,0,15,0.0,0.0,0.0,0.0,0.0,0.0,0.0,0.0,0.0,0,0,0,0
100,Junior,Kroupi,Kroupi.Jr,a,,,4.6,407,65.0,5.6,71,14.0,5.3,27.0,5.0,0,0,0.0,1,-1.0,4198,1511,1.2,20.7,5.3,0.0,3.3,150.0,13.0,100.0,100.0,124.0,12.0,135.0,10.0,47.0,19.0,77.0,15.0,,,2.0,,,,,0.45,0.08,0.53,1.48,0.0,0.46,1.31,1.12,6.44,34,0,0,0,0,0,0,0,0,0,0,0,0,0,0,0,13269,46583,0.0,0.0,0.0,0.0,0.0,0.0,0.0,0.0,0.0,0,0,0,0
391,Ben,Gannon-Doak,Gannon-Doak,a,,,4.8,369,230.0,0.0,644,250.0,0.3,321.0,152.0,0,0,0.0,-2,2.0,2,0,0.1,1.9,0.3,0.0,1.5,410.0,177.0,100.0,100.0,442.0,197.0,409.0,205.0,398.0,197.0,447.0,200.0,,,,,,,,0.12,0.13,0.25,4.65,0.0,0.0,1.32,0.0,11.91,34,0,0,0,0,0,0,0,0,0,0,0,0,0,0,0,4,6,0.0,0.0,0.0,0.0,0.0,0.0,0.0,0.0,0.0,0,0,0,0
685,Bafodé,Diakité,Diakité,a,,,4.1,656,157.0,0.3,342,122.0,0.0,495.0,207.0,0,0,0.0,-4,4.0,15,17,0.0,11.2,0.0,0.0,2.6,247.0,98.0,100.0,100.0,242.0,96.0,345.0,120.0,385.0,134.0,337.0,113.0,,,,,,,,0.0,0.01,0.01,1.59,0.0,0.28,1.91,1.06,8.26,34,0,0,0,0,0,0,0,0,0,0,0,0,0,0,0,42,310,0.0,0.0,0.0,0.0,0.0,0.0,0.0,0.0,0.0,0,0,0,0
687,Remy,Rees-Dottin,Rees-Dottin,a,,,4.3,618,366.0,0.2,396,132.0,0.0,544.0,179.0,0,0,0.0,-2,2.0,19,30,0.0,0.0,0.0,0.0,0.0,666.0,254.0,,,656.0,244.0,652.0,249.0,629.0,238.0,658.0,246.0,,,,,,,,0.0,0.0,0.0,0.0,0.0,0.0,0.0,0.0,0.0,34,0,0,0,0,0,0,0,0,0,0,0,0,0,0,0,69,237,0.0,0.0,0.0,0.0,0.0,0.0,0.0,0.0,0.0,0,0,0,0
697,Amine,Adli,Adli,a,,,5.4,172,107.0,0.3,341,117.0,0.3,337.0,157.0,0,0,0.0,-1,1.0,9,186,0.1,11.9,0.3,0.0,2.3,304.0,132.0,,,241.0,103.0,163.0,110.0,117.0,69.0,181.0,91.0,,,,,,,,0.22,0.14,0.36,1.46,0.0,0.26,1.47,0.86,10.29,34,0,0,0,0,0,0,0,0,0,0,0,0,0,0,0,25,3052,0.0,0.0,0.0,0.0,0.0,0.0,0.0,0.0,0.0,0,0,0,0
713,Álex,Jiménez Sánchez,A.Jimenez,a,,,4.5,468,95.0,0.2,363,132.0,1.3,196.0,68.0,0,0,0.0,0,0.0,30,67,0.3,15.1,1.3,0.0,2.3,298.0,111.0,,,157.0,70.0,153.0,39.0,175.0,40.0,163.0,56.0,,,,,,,,0.04,0.07,0.11,1.63,0.0,0.2,1.58,1.01,5.82,34,0,0,0,0,0,0,0,0,0,0,0,0,0,0,0,92,2589,0.0,0.0,0.0,0.0,0.0,0.0,0.0,0.0,0.0,0,0,0,0
721,Veljko,Milosavljevic,Milosavljević,a,,,4.4,572,120.0,0.0,646,231.0,0.0,585.0,235.0,0,0,0.0,-1,1.0,2,4,0.0,4.3,0.0,0.0,2.7,232.0,92.0,100.0,100.0,379.0,143.0,413.0,150.0,418.0,156.0,417.0,148.0,,,,,,,,0.04,0.05,0.09,1.08,0.0,0.25,1.47,0.98,9.56,34,0,0,0,0,0,0,0,0,0,0,0,0,0,0,0,9,30,0.0,0.0,0.0,0.0,0.0,0.0,0.0,0.0,0.0,0,0,0,0
782,Fraser,Forster,Forster,a,,,4.0,664,39.0,0.0,660,81.0,0.0,418.0,51.0,0,0,0.0,0,0.0,12,7,0.0,0.0,0.0,0.0,0.0,579.0,64.0,,,568.0,64.0,557.0,49.0,526.0,35.0,570.0,64.0,,,,,,,,0.0,0.0,0.0,0.0,0.0,0.0,0.0,0.0,0.0,34,0,0,0,0,0,0,0,0,0,0,0,0,0,0,0,37,50,0.0,0.0,0.0,0.0,0.0,0.0,0.0,0.0,0.0,0,0,0,0
799,Charlie,Stevens,Stevens,a,,,4.5,516,320.0,0.0,778,335.0,0.0,677.0,268.0,0,0,0.0,0,0.0,0,2,0.0,0.0,0.0,0.0,0.0,763.0,325.0,,,762.0,324.0,755.0,324.0,742.0,320.0,762.0,324.0,,,,,,,,0.0,0.0,0.0,0.0,0.0,0.0,0.0,0.0,0.0,34,0,0,0,0,0,0,0,0,0,0,0,0,0,0,0,6,13,0.0,0.0,0.0,0.0,0.0,0.0,0.0,0.0,0.0,0,0,0,0
801,Alex,Tóth,Tóth.A,a,,,4.9,340,211.0,0.0,762,324.0,1.0,233.0,106.0,0,0,0.0,-1,1.0,1,2,0.2,1.2,1.0,0.0,0.9,513.0,239.0,,,475.0,213.0,378.0,191.0,404.0,199.0,451.0,202.0,,,,,,,,0.07,0.29,0.36,4.06,0.0,0.0,2.31,1.15,11.54,34,0,0,0,0,0,0,0,0,0,0,0,0,0,0,0,5,11,0.0,0.0,0.0,0.0,0.0,0.0,0.0,0.0,0.0,0,0,0,0
806,Christos,Mandas,Mandas,a,,,4.0,682,49.0,0.0,758,88.0,0.0,434.0,60.0,0,0,0.0,0,0.0,0,2,0.0,0.0,0.0,0.0,0.0,592.0,71.0,,,581.0,71.0,573.0,59.0,542.0,45.0,583.0,71.0,,,,,,,,0.0,0.0,0.0,0.0,0.0,0.0,0.0,0.0,0.0,34,0,0,0,0,0,0,0,0,0,0,0,0,0,0,0,10,24,0.0,0.0,0.0,0.0,0.0,0.0,0.0,0.0,0.0,0,0,0,0
807,Rayan Vitor,Simplício Rocha,Rayan,a,,,5.4,173,108.0,1.5,164,57.0,4.3,55.0,16.0,0,-1,1.0,-1,1.0,326,878,0.8,8.3,4.3,0.0,4.1,53.0,24.0,,,292.0,125.0,203.0,133.0,187.0,103.0,265.0,133.0,,,,,,,,0.19,0.18,0.37,1.75,0.0,0.34,1.02,1.02,5.8,34,0,0,0,0,0,0,0,0,0,0,0,0,0,0,0,677,27506,0.0,0.0,0.0,0.0,0.0,0.0,0.0,0.0,0.0,0,0,0,0
27,Reiss,Nelson,Nelson,a,,,4.8,351,221.0,0.1,500,181.0,0.3,318.0,150.0,0,0,0.0,-2,2.0,4,8,0.1,1.7,0.3,-0.2,1.0,493.0,224.0,100.0,100.0,452.0,200.0,405.0,203.0,376.0,190.0,446.0,199.0,,,,,,,,0.64,0.08,0.72,1.81,0.0,0.0,1.8,0.0,19.8,34,0,0,0,0,0,0,0,0,0,0,0,0,0,0,0,25,25,0.0,0.0,0.0,0.0,0.0,0.0,0.0,0.0,0.0,0,0,0,0
83,Dango,Ouattara,O.Dango,a,,,5.8,109,70.0,2.4,128,42.0,1.7,184.0,85.0,0,-1,1.0,-2,2.0,278,3706,0.3,19.1,1.7,1.2,4.1,55.0,26.0,100.0,100.0,144.0,49.0,87.0,64.0,31.0,15.0,57.0,36.0,3.0,,,,,,,0.27,0.18,0.45,1.26,0.0,0.24,1.33,1.0,7.67,34,0,0,0,0,0,0,0,0,0,0,0,0,0,0,0,2432,21950,0.0,0.0,0.0,0.0,0.0,0.0,0.0,0.0,0.0,0,0,0,0
101,Caoimhín,Kelleher,Kelleher,a,,,4.8,352,12.0,12.8,28,4.0,2.7,110.0,11.0,0,0,0.0,3,-3.0,1326,2029,0.6,25.4,2.7,2.2,3.8,77.0,9.0,100.0,100.0,26.0,8.0,393.0,4.0,757.0,85.0,180.0,6.0,,,,,,,,0.0,0.01,0.01,1.36,2.66,0.28,1.28,1.0,0.0,34,0,0,0,0,0,0,0,0,0,0,0,0,0,0,0,10793,22704,0.0,0.0,0.0,0.0,0.0,0.0,0.0,0.0,0.0,0,0,0,0
102,Ellery,Balcombe,Balcombe,a,,,3.9,762,80.0,0.3,352,49.0,0.0,393.0,38.0,0,0,0.0,-1,1.0,14,21,0.0,0.0,0.0,-0.5,0.0,556.0,51.0,,,545.0,51.0,533.0,35.0,501.0,21.0,547.0,51.0,,,,,,,,0.0,0.0,0.0,0.0,0.0,0.0,0.0,0.0,0.0,34,0,0,0,0,0,0,0,0,0,0,0,0,0,0,0,71,102,0.0,0.0,0.0,0.0,0.0,0.0,0.0,0.0,0.0,0,0,0,0
103,Matthew,Cox,Cox,u,has joined Shrewsbury Town on loan for the rest of the season.,,3.9,778,88.0,0.1,443,64.0,0.0,405.0,45.0,0,0,0.0,-1,1.0,0,12,0.0,0.0,0.0,0.0,0.0,567.0,58.0,0.0,0.0,556.0,58.0,545.0,43.0,513.0,29.0,558.0,58.0,,,,,,,,0.0,0.0,0.0,0.0,0.0,0.0,0.0,0.0,0.0,34,0,0,0,0,0,0,0,0,0,0,0,0,0,0,0,0,69,0.0,0.0,0.0,0.0,0.0,0.0,0.0,0.0,0.0,0,0,0,0
104,Julian,Eyestone,Eyestone,a,,,3.9,781,89.0,0.1,473,70.0,0.0,408.0,46.0,0,0,0.0,-1,1.0,13,17,0.0,0.0,0.0,-0.5,0.0,570.0,59.0,,,559.0,59.0,548.0,44.0,516.0,30.0,561.0,59.0,,,,,,,,0.0,0.0,0.0,0.0,0.0,0.0,0.0,0.0,0.0,34,0,0,0,0,0,0,0,0,0,0,0,0,0,0,0,37,71,0.0,0.0,0.0,0.0,0.0,0.0,0.0,0.0,0.0,0,0,0,0
105,Hákon Rafn,Valdimarsson,Valdimarsson,a,,,3.8,806,95.0,0.7,226,29.0,0.0,368.0,26.0,0,0,0.0,-2,2.0,407,95,0.0,0.3,0.0,-0.5,1.0,454.0,36.0,,,462.0,36.0,509.0,20.0,476.0,6.0,486.0,36.0,,,,,,,,0.0,0.0,0.0,0.97,1.0,0.0,3.0,1.0,0.0,34,0,0,0,0,0,0,0,0,0,0,0,0,0,0,0,6785,877,0.0,0.0,0.0,0.0,0.0,0.0,0.0,0.0,0.0,0,0,0,0
106,Nathan,Collins,Collins,a,,,4.9,319,52.0,2.7,118,47.0,3.0,100.0,41.0,0,0,0.0,-1,1.0,460,551,0.6,23.3,3.0,2.5,3.8,80.0,29.0,,,27.0,9.0,258.0,70.0,94.0,10.0,81.0,17.0,,,,,,,,0.08,0.05,0.13,1.34,0.0,0.29,1.29,0.96,9.71,34,0,0,0,0,0,0,0,0,0,0,0,0,0,0,0,4081,6730,0.0,0.0,0.0,0.0,0.0,0.0,0.0,0.0,0.0,0,0,0,0
107,Keane,Lewis-Potter,Lewis-Potter,a,,,4.8,361,62.0,1.6,158,61.0,2.3,122.0,48.0,0,0,0.0,-2,2.0,229,246,0.5,20.0,2.3,1.8,3.1,185.0,75.0,,,217.0,84.0,131.0,36.0,111.0,17.0,154.0,52.0,,1.0,,,,,,0.15,0.12,0.27,1.48,0.0,0.48,1.43,1.01,3.39,34,0,0,0,0,0,0,0,0,0,0,0,0,0,0,0,2018,3879,0.0,0.0,0.0,0.0,0.0,0.0,0.0,0.0,0.0,0,0,0,0
108,Kristoffer,Ajer,Ajer,a,,,4.4,529,105.0,0.2,366,133.0,0.0,553.0,229.0,0,0,0.0,-1,1.0,11,60,0.0,15.9,0.0,-0.5,2.9,205.0,82.0,100.0,100.0,181.0,75.0,343.0,118.0,194.0,47.0,249.0,83.0,,,,,,,,0.04,0.04,0.08,1.49,0.0,0.28,1.5,1.0,9.31,34,0,0,0,0,0,0,0,0,0,0,0,0,0,0,0,77,712,0.0,0.0,0.0,0.0,0.0,0.0,0.0,0.0,0.0,0,0,0,0
109,Rico,Henry,Henry,i,Hamstring injury - Unknown return date,,4.3,582,128.0,0.1,442,165.0,0.0,520.0,220.0,0,0,0.0,-2,2.0,1,30,0.0,12.1,0.0,0.0,2.1,320.0,118.0,0.0,0.0,329.0,124.0,309.0,100.0,358.0,119.0,363.0,125.0,,,,,,,,0.01,0.04,0.05,1.63,0.0,0.27,1.5,0.95,4.63,34,0,0,0,0,0,0,0,0,0,0,0,0,0,0,0,5,283,0.0,0.0,0.0,0.0,0.0,0.0,0.0,0.0,0.0,0,0,0,0
110,Michael,Kayode,Kayode,a,,,4.6,408,74.0,1.1,184,71.0,4.0,63.0,28.0,0,0,0.0,1,-1.0,311,236,0.9,22.6,4.0,3.5,3.2,169.0,67.0,100.0,100.0,74.0,35.0,61.0,9.0,257.0,70.0,93.0,23.0,,,,,,,,0.02,0.09,0.11,1.37,0.0,0.29,1.31,1.03,6.38,34,0,0,0,0,0,0,0,0,0,0,0,0,0,0,0,4941,3979,0.0,0.0,0.0,0.0,0.0,0.0,0.0,0.0,0.0,0,0,0,0
111,Ethan,Pinnock,Pinnock,a,,,4.2,635,144.0,0.1,445,167.0,0.0,504.0,211.0,0,0,0.0,-3,3.0,6,17,0.0,3.3,0.0,-0.5,3.5,115.0,40.0,100.0,100.0,386.0,144.0,473.0,171.0,362.0,121.0,416.0,147.0,,,,,,,,0.0,0.02,0.02,1.05,0.0,0.28,1.42,1.13,11.89,34,0,0,0,0,0,0,0,0,0,0,0,0,0,0,0,64,218,0.0,0.0,0.0,0.0,0.0,0.0,0.0,0.0,0.0,0,0,0,0
112,Mads,Roerslev Rasmussen,Roerslev,u,Has joined Southampton permanently.,,4.5,426,86.0,0.0,721,250.0,0.0,598.0,241.0,0,0,0.0,0,0.0,0,0,0.0,0.0,0.0,0.0,0.0,701.0,259.0,0.0,0.0,695.0,259.0,690.0,259.0,672.0,259.0,697.0,259.0,,,,,,,,0.0,0.0,0.0,0.0,0.0,0.0,0.0,0.0,0.0,34,0,0,0,0,0,0,0,0,0,0,0,0,0,0,0,0,0,0.0,0.0,0.0,0.0,0.0,0.0,0.0,0.0,0.0,0,0,0,0
113,Sepp,van den Berg,Van den Berg,a,,,4.6,401,70.0,1.3,176,68.0,3.0,96.0,40.0,0,0,0.0,1,-1.0,88,475,0.7,21.5,3.0,2.5,3.5,121.0,44.0,100.0,100.0,60.0,28.0,304.0,97.0,115.0,19.0,135.0,41.0,,,,,,,,0.1,0.03,0.13,1.32,0.0,0.25,1.38,0.98,8.77,34,0,0,0,0,0,0,0,0,0,0,0,0,0,0,0,821,4542,0.0,0.0,0.0,0.0,0.0,0.0,0.0,0.0,0.0,0,0,0,0
114,Benjamin,Arthur,Arthur,u,has joined Celtic on loan for the rest of the season.,,3.8,819,258.0,0.2,393,147.0,0.0,380.0,142.0,0,0,0.0,-2,2.0,0,7,0.0,0.0,0.0,0.0,0.0,546.0,200.0,0.0,0.0,535.0,199.0,519.0,199.0,487.0,194.0,537.0,199.0,,,,,,,,0.0,0.0,0.0,0.0,0.0,0.0,0.0,0.0,0.0,34,0,0,0,0,0,0,0,0,0,0,0,0,0,0,0,0,84,0.0,0.0,0.0,0.0,0.0,0.0,0.0,0.0,0.0,0,0,0,0
115,Benjamin,Fredrick,Fredrick,u,has joined Dender on loan for the rest of the season.,,4.0,734,203.0,0.1,540,191.0,0.0,483.0,195.0,0,0,0.0,0,0.0,0,0,0.0,0.0,0.0,0.0,0.0,634.0,242.0,0.0,0.0,624.0,242.0,617.0,242.0,587.0,239.0,626.0,242.0,,,,,,,,0.0,0.0,0.0,0.0,0.0,0.0,0.0,0.0,0.0,34,0,0,0,0,0,0,0,0,0,0,0,0,0,0,0,0,7,0.0,0.0,0.0,0.0,0.0,0.0,0.0,0.0,0.0,0,0,0,0
116,Aaron,Hickey,Hickey,a,,,4.0,691,174.0,0.3,303,113.0,0.0,443.0,168.0,0,0,0.0,0,0.0,18,22,0.0,8.2,0.0,-0.5,1.8,364.0,134.0,100.0,100.0,391.0,145.0,407.0,147.0,346.0,113.0,404.0,145.0,,,,,,,,0.06,0.03,0.09,0.99,0.0,0.31,1.22,1.07,6.43,34,0,0,0,0,0,0,0,0,0,0,0,0,0,0,0,208,312,0.0,0.0,0.0,0.0,0.0,0.0,0.0,0.0,0.0,0,0,0,0
117,Kim,Ji-soo,Ji-soo,u,has joined Kaiserslautern on loan for the rest of the season.,,3.9,786,229.0,0.1,532,189.0,0.0,413.0,153.0,0,0,0.0,-1,1.0,0,1,0.0,0.0,0.0,0.0,0.0,575.0,208.0,0.0,0.0,564.0,207.0,553.0,207.0,521.0,202.0,566.0,207.0,,,,,,,,0.0,0.0,0.0,0.0,0.0,0.0,0.0,0.0,0.0,34,0,0,0,0,0,0,0,0,0,0,0,0,0,0,0,0,16,0.0,0.0,0.0,0.0,0.0,0.0,0.0,0.0,0.0,0,0,0,0
118,Jayden,Meghoma,Meghoma,u,Has joined Rangers on loan for the rest of the season.,,4.0,704,181.0,0.0,612,218.0,0.0,454.0,174.0,0,0,0.0,0,0.0,0,1,0.0,0.0,0.0,0.0,0.0,609.0,224.0,0.0,0.0,599.0,224.0,591.0,224.0,560.0,220.0,601.0,224.0,,,,,,,,0.0,0.0,0.0,0.0,0.0,0.0,0.0,0.0,0.0,34,0,0,0,0,0,0,0,0,0,0,0,0,0,0,0,0,3,0.0,0.0,0.0,0.0,0.0,0.0,0.0,0.0,0.0,0,0,0,0
120,Kevin,Schade,Schade,a,,,6.9,41,25.0,1.7,151,51.0,2.7,117.0,45.0,0,-1,1.0,-1,1.0,531,965,0.4,15.9,2.7,2.2,3.7,101.0,44.0,100.0,100.0,101.0,33.0,78.0,60.0,14.0,7.0,32.0,24.0,,,3.0,,,,,0.41,0.08,0.49,1.2,0.0,0.38,1.06,1.06,6.49,34,0,0,0,0,0,0,0,0,0,0,0,0,0,0,0,3844,8705,0.0,0.0,0.0,0.0,0.0,0.0,0.0,0.0,0.0,0,0,0,0
121,Mikkel,Damsgaard,Damsgaard,a,,,5.6,129,80.0,0.8,219,75.0,2.0,154.0,67.0,0,0,0.0,-4,4.0,71,289,0.4,16.6,2.0,1.5,3.3,160.0,65.0,100.0,100.0,132.0,43.0,31.0,28.0,113.0,67.0,67.0,43.0,,3.0,,,,,,0.11,0.22,0.33,1.32,0.0,0.21,1.43,1.06,10.37,34,0,0,0,0,0,0,0,0,0,0,0,0,0,0,0,733,2434,0.0,0.0,0.0,0.0,0.0,0.0,0.0,0.0,0.0,0,0,0,0
122,Antoni,Milambo,Milambo,i,Knee injury - Expected back 01 Jun,,5.2,215,132.0,0.0,657,260.0,0.0,768.0,336.0,0,0,0.0,-3,3.0,1,0,0.0,0.2,0.0,0.0,1.0,505.0,233.0,0.0,0.0,487.0,222.0,467.0,224.0,800.0,354.0,499.0,227.0,,,,,,,,0.0,0.02,0.02,2.98,0.0,0.0,6.0,2.0,8.0,34,0,0,0,0,0,0,0,0,0,0,0,0,0,0,0,3,1,0.0,0.0,0.0,0.0,0.0,0.0,0.0,0.0,0.0,0,0,0,0
123,Fábio,Freitas Gouveia Carvalho,Carvalho,i,Knee injury - Expected back 01 Jun,,4.6,400,248.0,0.1,470,162.0,0.0,683.0,274.0,0,0,0.0,-4,4.0,2,4,0.0,2.8,0.0,0.0,2.2,311.0,134.0,0.0,0.0,429.0,187.0,443.0,214.0,357.0,184.0,430.0,193.0,,,4.0,,,,,0.63,0.03,0.66,1.87,0.0,0.0,3.6,0.9,7.2,34,0,0,0,0,0,0,0,0,0,0,0,0,0,0,0,7,9,0.0,0.0,0.0,0.0,0.0,0.0,0.0,0.0,0.0,0,0,0,0
124,Jordan,Henderson,Henderson,d,Knock - 50% chance of playing,,5.0,243,147.0,0.3,323,111.0,0.0,737.0,311.0,0,0,0.0,0,0.0,5,62,0.0,15.0,0.0,0.0,2.6,252.0,104.0,50.0,0.0,202.0,84.0,99.0,72.0,340.0,177.0,206.0,101.0,,,,,,,,0.02,0.11,0.13,1.29,0.0,0.3,1.29,1.04,8.83,34,0,0,0,0,0,0,0,0,0,0,0,0,0,0,0,8,468,0.0,0.0,0.0,0.0,0.0,0.0,0.0,0.0,0.0,0,0,0,0
125,Vitaly,Janelt,Janelt,i,Foot injury - Unknown return date,,4.9,301,187.0,0.1,467,160.0,0.0,712.0,293.0,0,0,0.0,-1,1.0,4,70,0.0,14.3,0.0,0.0,3.2,170.0,67.0,0.0,0.0,201.0,83.0,113.0,80.0,279.0,150.0,197.0,97.0,2.0,,,,,,,0.06,0.14,0.2,1.45,0.0,0.36,1.15,0.93,11.78,34,0,0,0,0,0,0,0,0,0,0,0,0,0,0,0,6,439,0.0,0.0,0.0,0.0,0.0,0.0,0.0,0.0,0.0,0,0,0,0
126,Mathias,Jensen,Jensen,a,,,4.9,304,189.0,0.1,487,171.0,1.7,169.0,76.0,0,0,0.0,-1,1.0,19,33,0.3,15.7,1.7,1.2,2.5,263.0,109.0,,,197.0,80.0,40.0,36.0,176.0,97.0,107.0,62.0,1.0,2.0,5.0,,,,,0.1,0.23,0.33,1.33,0.0,0.39,1.23,1.04,8.48,34,0,0,0,0,0,0,0,0,0,0,0,0,0,0,0,229,290,0.0,0.0,0.0,0.0,0.0,0.0,0.0,0.0,0.0,0,0,0,0
127,Gustavo,Nunes Fernandes Gomes,Nunes,u,has joined Swansea City on loan for the rest of the season.,,4.9,341,212.0,0.0,726,300.0,0.0,732.0,307.0,0,0,0.0,-1,1.0,0,1,0.0,0.0,0.0,0.0,0.0,789.0,344.0,0.0,0.0,788.0,343.0,784.0,343.0,780.0,341.0,788.0,343.0,,,,,,,,0.0,0.0,0.0,0.0,0.0,0.0,0.0,0.0,0.0,34,0,0,0,0,0,0,0,0,0,0,0,0,0,0,0,0,4,0.0,0.0,0.0,0.0,0.0,0.0,0.0,0.0,0.0,0,0,0,0
128,Frank,Onyeka,Onyeka,u,has joined Coventry City on loan for the rest of the season.,,4.8,362,224.0,0.0,610,233.0,0.0,699.0,283.0,0,0,0.0,-2,2.0,0,1,0.0,2.5,0.0,0.0,2.0,341.0,146.0,0.0,0.0,441.0,196.0,414.0,207.0,441.0,215.0,458.0,206.0,,,,,,,,0.0,0.37,0.37,2.07,0.0,0.0,2.05,0.0,10.23,34,0,0,0,0,0,0,0,0,0,0,0,0,0,0,0,0,2,0.0,0.0,0.0,0.0,0.0,0.0,0.0,0.0,0.0,0,0,0,0
129,Yehor,Yarmoliuk,Yarmoliuk,a,,,5.0,274,168.0,0.1,486,170.0,2.3,127.0,49.0,0,0,0.0,0,0.0,11,11,0.5,17.4,2.3,1.8,2.6,254.0,106.0,100.0,100.0,176.0,66.0,157.0,105.0,255.0,140.0,200.0,99.0,,,,,,,,0.05,0.05,0.1,1.32,0.0,0.27,1.41,1.01,11.08,34,0,0,0,0,0,0,0,0,0,0,0,0,0,0,0,236,177,0.0,0.0,0.0,0.0,0.0,0.0,0.0,0.0,0.0,0,0,0,0
131,Yunus Emre,Konak,Konak,u,has joined Oxford United on loan for the rest of the season.,,4.3,622,370.0,0.1,434,148.0,0.0,547.0,182.0,0,0,0.0,-2,2.0,0,11,0.0,0.0,0.0,0.0,0.0,669.0,257.0,0.0,0.0,659.0,247.0,655.0,252.0,632.0,241.0,661.0,249.0,,,,,,,,0.0,0.0,0.0,0.0,0.0,0.0,0.0,0.0,0.0,34,0,0,0,0,0,0,0,0,0,0,0,0,0,0,0,0,99,0.0,0.0,0.0,0.0,0.0,0.0,0.0,0.0,0.0,0,0,0,0
132,Paris,Maghoma,Maghoma,u,has joined Norwich City permanently.,,4.5,424,253.0,0.0,686,276.0,0.0,596.0,205.0,0,0,0.0,0,0.0,0,0,0.0,0.0,0.0,0.0,0.0,700.0,273.0,0.0,0.0,694.0,267.0,689.0,270.0,670.0,262.0,696.0,269.0,,,,,,,,0.0,0.0,0.0,0.0,0.0,0.0,0.0,0.0,0.0,34,0,0,0,0,0,0,0,0,0,0,0,0,0,0,0,0,7,0.0,0.0,0.0,0.0,0.0,0.0,0.0,0.0,0.0,0,0,0,0
133,Myles,Peart-Harris,Peart-Harris,u,has joined Oxford United permanently.,,4.4,545,327.0,0.0,645,251.0,0.0,562.0,185.0,0,0,0.0,-1,1.0,0,4,0.0,0.2,0.0,0.0,1.0,475.0,208.0,0.0,0.0,667.0,250.0,663.0,254.0,642.0,244.0,669.0,252.0,,,,,,,,0.0,0.0,0.0,0.0,0.0,0.0,0.0,0.0,0.0,34,0,0,0,0,0,0,0,0,0,0,0,0,0,0,0,0,9,0.0,0.0,0.0,0.0,0.0,0.0,0.0,0.0,0.0,0,0,0,0
134,Ryan,Trevitt,Trevitt,u,Has joined Wigan on loan for the rest of the season,,4.5,492,303.0,0.0,794,349.0,0.0,655.0,252.0,0,0,0.0,0,0.0,0,0,0.0,0.0,0.0,0.0,0.0,745.0,312.0,0.0,0.0,743.0,310.0,736.0,310.0,723.0,306.0,743.0,310.0,,,,,,,,0.0,0.0,0.0,0.0,0.0,0.0,0.0,0.0,0.0,34,0,0,0,0,0,0,0,0,0,0,0,0,0,0,0,0,0,0.0,0.0,0.0,0.0,0.0,0.0,0.0,0.0,0.0,0,0,0,0
136,Igor Thiago,Nascimento Rodrigues,Thiago,a,,,7.4,25,9.0,35.4,6,3.0,5.0,40.0,7.0,0,0,0.0,14,-14.0,7967,6958,0.7,22.7,5.0,4.5,5.1,11.0,3.0,100.0,100.0,6.0,2.0,103.0,4.0,2.0,2.0,4.0,2.0,,,2.0,,,,,0.61,0.05,0.66,1.37,0.0,0.29,1.33,1.02,5.97,34,0,0,0,0,0,0,0,0,0,0,0,0,0,0,0,92199,51906,0.0,0.0,0.0,0.0,0.0,0.0,0.0,0.0,0.0,0,0,0,0
137,Iwan,Morgan,Morgan,u,has joined Shrewsbury on loan for the rest of the season.,,4.4,557,77.0,0.3,330,53.0,0.0,572.0,59.0,0,0,0.0,-1,1.0,0,12,0.0,0.0,0.0,0.0,0.0,682.0,70.0,0.0,0.0,675.0,70.0,670.0,69.0,651.0,69.0,677.0,70.0,,,,,,,,0.0,0.0,0.0,0.0,0.0,0.0,0.0,0.0,0.0,34,0,0,0,0,0,0,0,0,0,0,0,0,0,0,0,0,65,0.0,0.0,0.0,0.0,0.0,0.0,0.0,0.0,0.0,0,0,0,0
748,Josh,Dasilva,Dasilva,d,Lack of match fitness - 25% chance of playing,,4.9,297,184.0,0.0,814,360.0,0.0,710.0,292.0,0,0,0.0,-1,1.0,0,0,0.0,0.0,0.0,-0.1,0.0,777.0,335.0,25.0,25.0,776.0,334.0,772.0,334.0,768.0,332.0,776.0,334.0,,,,,,,,0.0,0.0,0.0,0.0,0.0,0.0,0.0,0.0,0.0,34,0,0,0,0,0,0,0,0,0,0,0,0,0,0,0,1,2,0.0,0.0,0.0,0.0,0.0,0.0,0.0,0.0,0.0,0,0,0,0
797,Kaye,Furo,Furo,i,Knock - Unknown return date,,4.5,493,69.0,0.0,706,89.0,0.0,656.0,68.0,0,0,0.0,0,0.0,8,7,0.0,0.0,0.0,0.0,0.0,746.0,79.0,0.0,0.0,744.0,79.0,737.0,78.0,724.0,78.0,744.0,79.0,,,,,,,,0.0,0.0,0.0,0.0,0.0,0.0,0.0,0.0,0.0,34,0,0,0,0,0,0,0,0,0,0,0,0,0,0,0,25,44,0.0,0.0,0.0,0.0,0.0,0.0,0.0,0.0,0.0,0,0,0,0
810,Luka,Bentt,Bentt,a,,,4.5,471,286.0,0.0,795,350.0,0.0,634.0,235.0,0,0,0.0,0,0.0,2,0,0.0,0.0,0.0,-0.5,0.0,729.0,299.0,,,726.0,296.0,720.0,297.0,705.0,291.0,727.0,297.0,,,,,,,,0.0,0.0,0.0,0.0,0.0,0.0,0.0,0.0,0.0,34,0,0,0,0,0,0,0,0,0,0,0,0,0,0,0,10,8,0.0,0.0,0.0,0.0,0.0,0.0,0.0,0.0,0.0,0,0,0,0
819,Ollie,Shield,Shield,a,,,4.0,699,178.0,0.0,759,258.0,0.0,451.0,172.0,0,0,0.0,0,0.0,6,2,0.0,0.0,0.0,-0.5,0.0,607.0,223.0,,,596.0,222.0,588.0,222.0,557.0,218.0,598.0,222.0,,,,,,,,0.0,0.0,0.0,0.0,0.0,0.0,0.0,0.0,0.0,34,0,0,0,0,0,0,0,0,0,0,0,0,0,0,0,26,13,0.0,0.0,0.0,0.0,0.0,0.0,0.0,0.0,0.0,0,0,0,0
823,Joshua,Stephenson,Stephenson,a,,,4.0,743,212.0,0.0,806,266.0,0.0,491.0,203.0,0,0,0.0,0,0.0,0,4,0.0,0.0,0.0,-0.5,0.0,640.0,248.0,,,630.0,248.0,623.0,248.0,594.0,246.0,632.0,248.0,,,,,,,,0.0,0.0,0.0,0.0,0.0,0.0,0.0,0.0,0.0,34,0,0,0,0,0,0,0,0,0,0,0,0,0,0,0,8,9,0.0,0.0,0.0,0.0,0.0,0.0,0.0,0.0,0.0,0,0,0,0
824,Conor,McManus,McManus,a,,,4.0,726,196.0,0.0,801,265.0,0.0,475.0,188.0,0,0,0.0,0,0.0,0,1,0.0,0.0,0.0,-0.5,0.0,627.0,236.0,,,617.0,236.0,610.0,236.0,580.0,233.0,619.0,236.0,,,,,,,,0.0,0.0,0.0,0.0,0.0,0.0,0.0,0.0,0.0,34,0,0,0,0,0,0,0,0,0,0,0,0,0,0,0,21,9,0.0,0.0,0.0,0.0,0.0,0.0,0.0,0.0,0.0,0,0,0,0
138,Jason,Steele,Steele,a,,,4.2,626,28.0,0.2,359,51.0,0.0,500.0,79.0,0,0,0.0,-3,3.0,13,14,0.0,0.0,0.0,0.0,0.0,644.0,89.0,,,634.0,89.0,628.0,79.0,599.0,65.0,636.0,89.0,,,,,,,,0.0,0.0,0.0,0.0,0.0,0.0,0.0,0.0,0.0,34,0,0,0,0,0,0,0,0,0,0,0,0,0,0,0,67,169,0.0,0.0,0.0,0.0,0.0,0.0,0.0,0.0,0.0,0,0,0,0
139,Bart,Verbruggen,Verbruggen,a,,,4.5,446,24.0,8.8,44,7.0,5.7,19.0,2.0,0,0,0.0,0,0.0,4210,1165,1.3,26.2,5.7,0.0,3.5,120.0,16.0,,,8.0,2.0,432.0,11.0,686.0,79.0,152.0,2.0,,,,,,,,0.0,0.0,0.0,1.28,2.79,0.26,1.15,1.0,0.0,34,0,0,0,0,0,0,0,0,0,0,0,0,0,0,0,11861,38062,0.0,0.0,0.0,0.0,0.0,0.0,0.0,0.0,0.0,0,0,0,0
140,Tom,McGill,McGill,a,,,3.9,758,78.0,0.3,327,45.0,0.0,391.0,36.0,0,0,0.0,-1,1.0,3,9,0.0,0.0,0.0,0.0,0.0,554.0,49.0,,,543.0,49.0,531.0,33.0,499.0,19.0,545.0,49.0,,,,,,,,0.0,0.0,0.0,0.0,0.0,0.0,0.0,0.0,0.0,34,0,0,0,0,0,0,0,0,0,0,0,0,0,0,0,27,156,0.0,0.0,0.0,0.0,0.0,0.0,0.0,0.0,0.0,0,0,0,0
141,Carl,Rushworth,Rushworth,u,Has joined Coventry City on loan for the rest of the season.,,4.0,692,54.0,0.0,811,94.0,0.0,444.0,65.0,0,0,0.0,0,0.0,0,0,0.0,0.0,0.0,0.0,0.0,600.0,76.0,0.0,0.0,589.0,76.0,581.0,64.0,550.0,50.0,591.0,76.0,,,,,,,,0.0,0.0,0.0,0.0,0.0,0.0,0.0,0.0,0.0,34,0,0,0,0,0,0,0,0,0,0,0,0,0,0,0,0,0,0.0,0.0,0.0,0.0,0.0,0.0,0.0,0.0,0.0,0,0,0,0
142,Kjell,Scherpen,Scherpen,u,Has joined Union SG permanently,,4.0,680,47.0,0.0,813,95.0,0.0,432.0,58.0,0,0,0.0,0,0.0,0,0,0.0,0.0,0.0,0.0,0.0,590.0,69.0,0.0,0.0,579.0,69.0,571.0,57.0,540.0,43.0,581.0,69.0,,,,,,,,0.0,0.0,0.0,0.0,0.0,0.0,0.0,0.0,0.0,34,0,0,0,0,0,0,0,0,0,0,0,0,0,0,0,0,0,0.0,0.0,0.0,0.0,0.0,0.0,0.0,0.0,0.0,0,0,0,0
143,Olivier,Boscagli,Boscagli,a,,,4.2,633,143.0,0.1,435,163.0,5.7,18.0,9.0,0,0,0.0,-3,3.0,145,38,1.4,9.0,5.7,0.0,3.5,114.0,39.0,,,295.0,114.0,334.0,112.0,408.0,152.0,362.0,124.0,3.0,,,,,,,0.01,0.05,0.06,0.98,0.0,0.38,0.89,1.02,9.27,34,0,0,0,0,0,0,0,0,0,0,0,0,0,0,0,322,1434,0.0,0.0,0.0,0.0,0.0,0.0,0.0,0.0,0.0,0,0,0,0
144,Diego,Coppola,Coppola,u,has joined Paris FC on loan for the rest of the season.,,4.2,647,151.0,0.0,605,215.0,0.0,512.0,215.0,0,0,0.0,-3,3.0,0,1,0.0,2.4,0.0,0.0,2.0,338.0,125.0,0.0,0.0,425.0,159.0,454.0,163.0,445.0,168.0,456.0,164.0,,,,,,,,0.0,0.0,0.0,2.11,0.0,0.47,1.4,0.93,8.39,34,0,0,0,0,0,0,0,0,0,0,0,0,0,0,0,0,11,0.0,0.0,0.0,0.0,0.0,0.0,0.0,0.0,0.0,0,0,0,0
145,Maxim,De Cuyper,De Cuyper,a,,,4.3,590,134.0,1.5,160,63.0,1.7,162.0,57.0,0,0,0.0,-2,2.0,48,122,0.4,15.3,1.7,0.0,2.5,261.0,102.0,100.0,100.0,258.0,104.0,101.0,25.0,228.0,59.0,207.0,71.0,,1.0,,,,,,0.12,0.17,0.29,1.62,0.0,0.31,1.46,1.07,4.14,34,0,0,0,0,0,0,0,0,0,0,0,0,0,0,0,145,3773,0.0,0.0,0.0,0.0,0.0,0.0,0.0,0.0,0.0,0,0,0,0
146,Lewis,Dunk,Dunk,a,,,4.5,411,75.0,0.9,208,82.0,0.0,589.0,236.0,0,0,0.0,0,0.0,84,37,0.0,18.2,0.0,0.0,2.8,217.0,85.0,100.0,100.0,64.0,30.0,272.0,78.0,205.0,53.0,156.0,53.0,,3.0,,,,,,0.05,0.02,0.07,1.34,0.0,0.21,1.23,0.98,7.61,34,0,0,0,0,0,0,0,0,0,0,0,0,0,0,0,228,1091,0.0,0.0,0.0,0.0,0.0,0.0,0.0,0.0,0.0,0,0,0,0
147,Pervis,Estupiñán Tenorio,Estupiñan,u,Has joined AC Milan permanently,,4.5,421,82.0,0.0,751,257.0,0.0,594.0,238.0,0,0,0.0,0,0.0,0,1,0.0,0.0,0.0,0.0,0.0,698.0,257.0,0.0,0.0,692.0,257.0,687.0,257.0,668.0,256.0,694.0,257.0,,,,,,,,0.0,0.0,0.0,0.0,0.0,0.0,0.0,0.0,0.0,34,0,0,0,0,0,0,0,0,0,0,0,0,0,0,0,0,1,0.0,0.0,0.0,0.0,0.0,0.0,0.0,0.0,0.0,0,0,0,0
148,Ferdi,Kadıoğlu,F.Kadıoğlu,a,,,4.4,535,109.0,0.7,236,89.0,7.3,8.0,4.0,0,0,0.0,-1,1.0,2995,184,1.7,24.5,7.3,0.0,3.3,147.0,56.0,,,117.0,52.0,82.0,18.0,121.0,21.0,96.0,25.0,,,,,,,,0.06,0.08,0.14,1.26,0.0,0.29,1.1,0.97,5.2,34,0,0,0,0,0,0,0,0,0,0,0,0,0,0,0,5742,6859,0.0,0.0,0.0,0.0,0.0,0.0,0.0,0.0,0.0,0,0,0,0
149,Igor Julio,dos Santos de Paulo,Igor,a,,,4.5,425,85.0,0.1,514,185.0,0.0,597.0,240.0,0,0,0.0,0,0.0,13,15,0.0,1.3,0.0,0.0,1.5,408.0,151.0,100.0,100.0,447.0,163.0,425.0,153.0,671.0,258.0,463.0,166.0,,,,,,,,0.0,0.0,0.0,4.07,0.0,0.0,2.62,0.87,11.36,34,0,0,0,0,0,0,0,0,0,0,0,0,0,0,0,42,180,0.0,0.0,0.0,0.0,0.0,0.0,0.0,0.0,0.0,0,0,0,0
150,Tariq,Lamptey,Lamptey,u,has joined Fiorentina permanently.,,4.4,537,111.0,0.1,522,187.0,0.0,557.0,231.0,0,0,0.0,-1,1.0,0,0,0.0,0.0,0.0,0.0,0.0,673.0,256.0,0.0,0.0,664.0,256.0,660.0,256.0,639.0,255.0,666.0,256.0,,,,,,,,0.0,0.0,0.0,0.0,0.0,0.0,0.0,0.0,0.0,34,0,0,0,0,0,0,0,0,0,0,0,0,0,0,0,0,5,0.0,0.0,0.0,0.0,0.0,0.0,0.0,0.0,0.0,0,0,0,0
151,Jan Paul,van Hecke,Van Hecke,a,,,4.6,403,71.0,9.6,37,12.0,5.7,20.0,10.0,0,0,0.0,1,-1.0,7141,1068,1.2,29.8,5.7,0.0,4.3,37.0,14.0,100.0,100.0,7.0,3.0,168.0,42.0,104.0,12.0,50.0,7.0,,,,,,,,0.07,0.04,0.11,1.28,0.0,0.28,1.17,1.01,8.91,34,0,0,0,0,0,0,0,0,0,0,0,0,0,0,0,14312,75644,0.0,0.0,0.0,0.0,0.0,0.0,0.0,0.0,0.0,0,0,0,0
152,Joël,Veltman,Veltman,a,,,4.3,575,122.0,0.1,440,164.0,0.7,261.0,86.0,0,0,0.0,-2,2.0,5,13,0.2,8.8,0.7,0.0,1.8,367.0,137.0,100.0,100.0,261.0,106.0,316.0,105.0,319.0,99.0,324.0,109.0,,,,,,,,0.1,0.01,0.11,1.54,0.0,0.1,1.21,0.81,9.52,34,0,0,0,0,0,0,0,0,0,0,0,0,0,0,0,19,375,0.0,0.0,0.0,0.0,0.0,0.0,0.0,0.0,0.0,0,0,0,0
153,Adam,Webster,Webster,i,Knee injury - Unknown return date,,4.4,528,104.0,0.0,764,259.0,0.0,552.0,228.0,0,0,0.0,-1,1.0,3,3,0.0,0.0,0.0,0.0,0.0,671.0,255.0,0.0,0.0,662.0,255.0,657.0,255.0,636.0,254.0,664.0,255.0,,,,,,,,0.0,0.0,0.0,0.0,0.0,0.0,0.0,0.0,0.0,34,0,0,0,0,0,0,0,0,0,0,0,0,0,0,0,6,9,0.0,0.0,0.0,0.0,0.0,0.0,0.0,0.0,0.0,0,0,0,0
154,Eiran,Cashin,Cashin,u,has joined Blackburn Rovers on loan for the rest of the season.,,4.0,683,170.0,0.0,785,262.0,0.0,435.0,164.0,0,0,0.0,0,0.0,0,0,0.0,0.0,0.0,0.0,0.0,593.0,217.0,0.0,0.0,582.0,216.0,574.0,216.0,543.0,212.0,584.0,216.0,,,,,,,,0.0,0.0,0.0,0.0,0.0,0.0,0.0,0.0,0.0,34,0,0,0,0,0,0,0,0,0,0,0,0,0,0,0,0,0,0.0,0.0,0.0,0.0,0.0,0.0,0.0,0.0,0.0,0,0,0,0
155,Jacob,Slater,Slater,u,has joined Harrogate Town on loan until January.,,4.0,728,197.0,0.1,508,180.0,0.0,477.0,189.0,0,0,0.0,0,0.0,0,0,0.0,0.0,0.0,0.0,0.0,629.0,237.0,0.0,0.0,619.0,237.0,612.0,237.0,582.0,234.0,621.0,237.0,,,,,,,,0.0,0.0,0.0,0.0,0.0,0.0,0.0,0.0,0.0,34,0,0,0,0,0,0,0,0,0,0,0,0,0,0,0,0,15,0.0,0.0,0.0,0.0,0.0,0.0,0.0,0.0,0.0,0,0,0,0
156,Charlie,Tasker,Tasker,a,,,3.8,813,253.0,0.2,414,153.0,0.0,375.0,138.0,0,0,0.0,-2,2.0,11,11,0.0,0.0,0.0,0.0,0.0,542.0,197.0,,,531.0,196.0,515.0,196.0,482.0,190.0,533.0,196.0,,,,,,,,0.0,0.0,0.0,0.0,0.0,0.0,0.0,0.0,0.0,34,0,0,0,0,0,0,0,0,0,0,0,0,0,0,0,59,169,0.0,0.0,0.0,0.0,0.0,0.0,0.0,0.0,0.0,0,0,0,0
157,Mitoma,Kaoru,Mitoma,a,,,6.1,83,54.0,2.1,134,44.0,3.3,86.0,29.0,0,0,0.0,-4,4.0,983,228,0.5,10.0,3.3,0.0,2.7,242.0,98.0,100.0,100.0,228.0,97.0,71.0,56.0,63.0,37.0,97.0,55.0,,,,,,,,0.21,0.15,0.36,1.16,0.0,0.29,0.98,0.98,5.74,34,0,0,0,0,0,0,0,0,0,0,0,0,0,0,0,2110,6376,0.0,0.0,0.0,0.0,0.0,0.0,0.0,0.0,0.0,0,0,0,0
158,Georginio,Rutter,Georginio,a,,,5.6,130,81.0,0.3,316,109.0,4.3,56.0,17.0,0,0,0.0,-4,4.0,263,42,0.8,14.8,4.3,0.0,3.0,201.0,80.0,100.0,100.0,204.0,86.0,107.0,75.0,58.0,34.0,103.0,59.0,,,,,,,,0.13,0.12,0.25,1.06,0.0,0.37,0.95,1.05,6.63,34,0,0,0,0,0,0,0,0,0,0,0,0,0,0,0,619,808,0.0,0.0,0.0,0.0,0.0,0.0,0.0,0.0,0.0,0,0,0,0
159,Solly,March,March,d,Muscle injury - 75% chance of playing,,5.8,102,67.0,0.0,701,284.0,0.0,803.0,355.0,0,0,0.0,-2,2.0,1,15,0.0,0.2,0.0,0.0,1.0,509.0,237.0,75.0,75.0,818.0,365.0,818.0,365.0,817.0,365.0,818.0,365.0,,,,,,,,0.0,0.0,0.0,5.62,0.0,0.0,0.0,0.0,0.0,34,0,0,0,0,0,0,0,0,0,0,0,0,0,0,0,8,202,0.0,0.0,0.0,0.0,0.0,0.0,0.0,0.0,0.0,0,0,0,0
160,Yankuba,Minteh,Minteh,a,,,5.5,150,95.0,2.4,126,41.0,2.3,131.0,52.0,0,0,0.0,-5,5.0,430,852,0.4,18.5,2.3,0.0,3.4,144.0,62.0,100.0,100.0,138.0,46.0,27.0,26.0,30.0,14.0,33.0,25.0,5.0,,,,,,,0.14,0.19,0.33,1.29,0.0,0.39,1.26,1.0,7.33,34,0,0,0,0,0,0,0,0,0,0,0,0,0,0,0,883,19440,0.0,0.0,0.0,0.0,0.0,0.0,0.0,0.0,0.0,0,0,0,0
161,Julio,Enciso Espínola,Enciso,u,has joined Strasbourg permanently.,,5.4,170,106.0,0.0,753,320.0,0.0,788.0,346.0,0,0,0.0,-1,1.0,0,0,0.0,0.0,0.0,0.0,0.0,813.0,361.0,0.0,0.0,812.0,360.0,811.0,360.0,809.0,359.0,812.0,360.0,,,,,,,,0.0,0.0,0.0,0.0,0.0,0.0,0.0,0.0,0.0,34,0,0,0,0,0,0,0,0,0,0,0,0,0,0,0,0,0,0.0,0.0,0.0,0.0,0.0,0.0,0.0,0.0,0.0,0,0,0,0
162,Brajan,Gruda,Gruda,u,has joined Leipzig on loan for the rest of the season.,,5.4,176,111.0,0.0,601,227.0,0.0,790.0,348.0,0,0,0.0,-1,1.0,0,2,0.0,6.5,0.0,0.0,1.9,360.0,155.0,0.0,0.0,340.0,153.0,172.0,117.0,208.0,112.0,281.0,143.0,,,,,,,,0.24,0.11,0.35,1.76,0.0,0.25,1.4,1.02,7.37,34,0,0,0,0,0,0,0,0,0,0,0,0,0,0,0,0,7,0.0,0.0,0.0,0.0,0.0,0.0,0.0,0.0,0.0,0,0,0,0
163,Jack,Hinshelwood,Hinshelwood,a,,,5.1,241,145.0,0.4,281,98.0,4.3,54.0,15.0,0,0,0.0,-4,4.0,239,89,0.8,13.9,4.3,0.0,3.1,192.0,74.0,100.0,100.0,265.0,110.0,192.0,126.0,99.0,60.0,209.0,102.0,,,,,,,,0.24,0.12,0.36,1.5,0.0,0.32,1.15,1.02,6.46,34,0,0,0,0,0,0,0,0,0,0,0,0,0,0,0,410,2669,0.0,0.0,0.0,0.0,0.0,0.0,0.0,0.0,0.0,0,0,0,0
164,Matt,O'Riley,O'Riley,a,,,5.5,140,87.0,0.3,302,105.0,0.7,282.0,130.0,0,0,0.0,0,0.0,13,14,0.1,2.9,0.7,0.0,2.7,239.0,95.0,100.0,100.0,408.0,178.0,325.0,177.0,320.0,168.0,390.0,180.0,,,3.0,,,,,0.54,0.08,0.62,1.13,0.0,0.45,1.34,0.89,4.46,34,0,0,0,0,0,0,0,0,0,0,0,0,0,0,0,46,97,0.0,0.0,0.0,0.0,0.0,0.0,0.0,0.0,0.0,0,0,0,0
165,Abdallah,Sima,Sima,u,has joined Lens permanently.,,5.4,177,112.0,0.0,740,311.0,0.0,791.0,349.0,0,0,0.0,-1,1.0,0,0,0.0,0.0,0.0,0.0,0.0,814.0,362.0,0.0,0.0,813.0,361.0,812.0,361.0,810.0,360.0,813.0,361.0,,,,,,,,0.0,0.0,0.0,0.0,0.0,0.0,0.0,0.0,0.0,34,0,0,0,0,0,0,0,0,0,0,0,0,0,0,0,0,0,0.0,0.0,0.0,0.0,0.0,0.0,0.0,0.0,0.0,0,0,0,0
166,Yasin,Ayari,Ayari,a,,,4.8,371,231.0,0.4,287,99.0,3.7,73.0,23.0,0,0,0.0,-2,2.0,102,133,0.8,20.0,3.7,0.0,3.6,105.0,46.0,100.0,100.0,182.0,70.0,152.0,102.0,130.0,76.0,155.0,80.0,,2.0,,,,,,0.13,0.05,0.18,1.26,0.0,0.28,1.09,0.95,10.57,34,0,0,0,0,0,0,0,0,0,0,0,0,0,0,0,236,3269,0.0,0.0,0.0,0.0,0.0,0.0,0.0,0.0,0.0,0,0,0,0
167,Carlos,Baleba,Baleba,a,,,4.5,460,277.0,1.4,166,59.0,1.3,195.0,88.0,0,0,0.0,-5,5.0,257,137,0.3,10.0,1.3,0.0,1.7,392.0,166.0,100.0,100.0,360.0,160.0,277.0,168.0,367.0,188.0,370.0,175.0,,,,,,,,0.04,0.04,0.08,1.14,0.0,0.33,1.11,1.3,10.7,34,0,0,0,0,0,0,0,0,0,0,0,0,0,0,0,762,2333,0.0,0.0,0.0,0.0,0.0,0.0,0.0,0.0,0.0,0,0,0,0
169,Diego,Gómez Amarilla,Gomez,d,Knee injury - 50% chance of playing,,4.9,334,205.0,0.8,217,74.0,2.0,148.0,61.0,0,0,0.0,-1,1.0,5,1415,0.4,19.4,1.0,0.0,3.2,172.0,69.0,50.0,50.0,131.0,42.0,111.0,78.0,65.0,39.0,83.0,50.0,,5.0,,,,,,0.23,0.08,0.31,1.22,0.0,0.35,1.11,1.11,10.0,34,0,0,0,0,0,0,0,0,0,0,0,0,0,0,0,9,16562,0.0,0.0,0.0,0.0,0.0,0.0,0.0,0.0,0.0,0,0,0,0
170,James,Milner,Milner,d,Knock - 25% chance of playing,,4.9,284,176.0,0.1,472,163.0,0.0,703.0,286.0,0,0,0.0,-1,1.0,0,22,0.0,6.9,0.0,0.0,1.8,375.0,159.0,25.0,25.0,339.0,152.0,227.0,145.0,326.0,170.0,338.0,165.0,,,1.0,,,,,0.13,0.08,0.21,1.43,0.0,0.25,1.76,0.76,9.58,34,0,0,0,0,0,0,0,0,0,0,0,0,0,0,0,2,90,0.0,0.0,0.0,0.0,0.0,0.0,0.0,0.0,0.0,0,0,0,0
171,Jeremy,Sarmiento Morante,Sarmiento,u,has joined Middlesbrough on loan for the rest of the season.,,4.9,325,201.0,0.0,716,294.0,0.0,724.0,302.0,0,0,0.0,-1,1.0,0,0,0.0,0.0,0.0,0.0,0.0,785.0,342.0,0.0,0.0,784.0,341.0,780.0,341.0,776.0,339.0,784.0,341.0,,,,,,,,0.0,0.0,0.0,0.0,0.0,0.0,0.0,0.0,0.0,34,0,0,0,0,0,0,0,0,0,0,0,0,0,0,0,0,1,0.0,0.0,0.0,0.0,0.0,0.0,0.0,0.0,0.0,0,0,0,0
172,Tom,Watson,Watson,u,has joined Millwall on loan for the rest of the season.,,4.8,373,233.0,0.0,654,258.0,0.0,702.0,285.0,0,0,0.0,-2,2.0,0,0,0.0,1.0,0.0,0.0,0.8,520.0,241.0,0.0,0.0,481.0,217.0,463.0,221.0,431.0,207.0,479.0,217.0,,,,,,,,0.06,0.05,0.11,2.72,0.0,0.0,3.16,0.0,7.89,34,0,0,0,0,0,0,0,0,0,0,0,0,0,0,0,0,1,0.0,0.0,0.0,0.0,0.0,0.0,0.0,0.0,0.0,0,0,0,0
173,Mats,Wieffer,Wieffer,a,,,4.9,329,204.0,0.6,253,89.0,6.7,12.0,5.0,0,0,0.0,-1,1.0,455,609,1.4,18.6,6.7,0.0,3.8,81.0,36.0,100.0,100.0,121.0,39.0,130.0,87.0,151.0,85.0,125.0,71.0,,,,,,,,0.1,0.09,0.19,1.1,0.0,0.3,1.1,1.05,13.14,34,0,0,0,0,0,0,0,0,0,0,0,0,0,0,0,874,11780,0.0,0.0,0.0,0.0,0.0,0.0,0.0,0.0,0.0,0,0,0,0
174,Malick,Yalcouyé,Yalcouye,u,Has joined Swansea City on loan for the rest of the season.,,5.0,281,174.0,0.0,783,340.0,0.0,757.0,327.0,0,0,0.0,0,0.0,0,0,0.0,0.0,0.0,0.0,0.0,804.0,356.0,0.0,0.0,803.0,355.0,801.0,355.0,796.0,353.0,803.0,355.0,,,,,,,,0.0,0.0,0.0,0.0,0.0,0.0,0.0,0.0,0.0,34,0,0,0,0,0,0,0,0,0,0,0,0,0,0,0,0,0,0.0,0.0,0.0,0.0,0.0,0.0,0.0,0.0,0.0,0,0,0,0
175,Joe,Knight,Knight,u,has joined Stevenage permanently.,,4.4,563,339.0,0.1,546,202.0,0.0,577.0,196.0,0,0,0.0,-1,1.0,0,2,0.0,0.2,0.0,0.0,1.0,478.0,211.0,0.0,0.0,680.0,260.0,675.0,263.0,656.0,255.0,682.0,262.0,,,,,,,,0.0,0.0,0.0,0.0,0.0,0.0,0.0,0.0,0.0,34,0,0,0,0,0,0,0,0,0,0,0,0,0,0,0,0,17,0.0,0.0,0.0,0.0,0.0,0.0,0.0,0.0,0.0,0,0,0,0
176,Adrian,Mazilu,Mazilu,u,has joined Dinamo Bucharest permanently.,,4.5,465,282.0,0.0,697,281.0,0.0,629.0,231.0,0,0,0.0,0,0.0,0,0,0.0,0.0,0.0,0.0,0.0,726.0,297.0,0.0,0.0,721.0,292.0,716.0,294.0,700.0,287.0,722.0,293.0,,,,,,,,0.0,0.0,0.0,0.0,0.0,0.0,0.0,0.0,0.0,34,0,0,0,0,0,0,0,0,0,0,0,0,0,0,0,0,0,0.0,0.0,0.0,0.0,0.0,0.0,0.0,0.0,0.0,0,0,0,0
177,Andrew,Moran,Moran,u,Has joined Los Angeles FC on loan for the rest of the season.,,4.5,454,271.0,0.0,711,290.0,0.0,620.0,222.0,0,0,0.0,0,0.0,0,0,0.0,0.0,0.0,0.0,0.0,717.0,288.0,0.0,0.0,712.0,283.0,707.0,285.0,691.0,278.0,713.0,284.0,,,,,,,,0.0,0.0,0.0,0.0,0.0,0.0,0.0,0.0,0.0,34,0,0,0,0,0,0,0,0,0,0,0,0,0,0,0,0,0,0.0,0.0,0.0,0.0,0.0,0.0,0.0,0.0,0.0,0,0,0,0
178,Danny,Welbeck,Welbeck,a,,,6.3,62,21.0,7.7,54,9.0,3.3,88.0,14.0,0,0,0.0,-2,2.0,4598,2805,0.5,18.4,3.3,0.0,3.5,128.0,9.0,100.0,100.0,79.0,5.0,127.0,8.0,19.0,11.0,38.0,8.0,,4.0,2.0,,,,,0.54,0.06,0.6,1.25,0.0,0.37,1.05,1.0,4.43,34,0,0,0,0,0,0,0,0,0,0,0,0,0,0,0,11171,97924,0.0,0.0,0.0,0.0,0.0,0.0,0.0,0.0,0.0,0,0,0,0
179,Evan,Ferguson,Ferguson,u,Has joined AS Roma on loan for the rest of the season,,5.5,148,36.0,0.0,760,92.0,0.0,797.0,85.0,0,0,0.0,0,0.0,0,0,0.0,0.0,0.0,0.0,0.0,818.0,89.0,0.0,0.0,817.0,89.0,816.0,89.0,814.0,89.0,817.0,89.0,,,,,,,,0.0,0.0,0.0,0.0,0.0,0.0,0.0,0.0,0.0,34,0,0,0,0,0,0,0,0,0,0,0,0,0,0,0,0,0,0.0,0.0,0.0,0.0,0.0,0.0,0.0,0.0,0.0,0,0,0,0
180,Stefanos,Tzimas,Tzimas,i,Knee injury - Expected back 01 Jun,,5.2,219,51.0,0.1,538,75.0,0.0,771.0,82.0,0,0,0.0,-3,3.0,7,4,0.0,3.1,0.0,0.0,1.8,382.0,45.0,0.0,0.0,407.0,48.0,332.0,41.0,344.0,54.0,394.0,50.0,,,,,,,,0.3,0.08,0.38,1.77,0.0,0.0,1.36,0.68,10.23,34,0,0,0,0,0,0,0,0,0,0,0,0,0,0,0,23,18,0.0,0.0,0.0,0.0,0.0,0.0,0.0,0.0,0.0,0,0,0,0
181,Charalampos,Kostoulas,Kostoulas,a,,,4.8,375,64.0,0.3,308,48.0,0.3,322.0,43.0,0,0,0.0,-2,2.0,27,35,0.1,6.5,0.3,0.0,1.8,374.0,42.0,,,345.0,34.0,295.0,32.0,159.0,37.0,307.0,34.0,,,,,,,,0.54,0.08,0.62,1.4,0.0,0.3,2.1,0.6,11.4,34,0,0,0,0,0,0,0,0,0,0,0,0,0,0,0,115,275,0.0,0.0,0.0,0.0,0.0,0.0,0.0,0.0,0.0,0,0,0,0
744,Nehemiah,Oriola,Oriola,a,,,4.5,470,285.0,0.0,719,297.0,0.0,633.0,234.0,0,0,0.0,0,0.0,4,4,0.0,0.2,0.0,0.0,1.0,484.0,216.0,,,725.0,295.0,719.0,296.0,704.0,290.0,726.0,296.0,,,,,,,,0.0,0.0,0.0,0.0,0.0,0.0,0.0,0.0,0.0,34,0,0,0,0,0,0,0,0,0,0,0,0,0,0,0,16,32,0.0,0.0,0.0,0.0,0.0,0.0,0.0,0.0,0.0,0,0,0,0
761,Freddie,Simmonds,Simmonds,a,,,4.0,733,202.0,0.0,691,245.0,0.0,482.0,194.0,0,0,0.0,0,0.0,4,3,0.0,0.0,0.0,0.0,0.0,633.0,241.0,,,623.0,241.0,616.0,241.0,586.0,238.0,625.0,241.0,,,,,,,,0.0,0.0,0.0,0.0,0.0,0.0,0.0,0.0,0.0,34,0,0,0,0,0,0,0,0,0,0,0,0,0,0,0,15,25,0.0,0.0,0.0,0.0,0.0,0.0,0.0,0.0,0.0,0,0,0,0
783,Pascal,Groß,Groß,a,,,5.5,133,82.0,1.9,144,47.0,7.3,9.0,4.0,0,0,0.0,0,0.0,4024,331,1.3,11.8,7.3,0.0,4.3,40.0,18.0,,,196.0,79.0,33.0,30.0,246.0,134.0,110.0,64.0,1.0,,,,,,,0.06,0.22,0.28,1.03,0.0,0.35,0.71,0.99,8.46,34,0,0,0,0,0,0,0,0,0,0,0,0,0,0,0,6305,13554,0.0,0.0,0.0,0.0,0.0,0.0,0.0,0.0,0.0,0,0,0,0
795,Harry,Howell,Howell,a,,,4.5,495,305.0,0.0,768,328.0,0.0,658.0,254.0,0,0,0.0,0,0.0,1,1,0.0,0.9,0.0,0.0,1.3,433.0,191.0,,,468.0,207.0,449.0,216.0,453.0,223.0,476.0,215.0,,,,,,,,0.0,0.03,0.03,1.02,0.0,0.0,1.96,0.98,6.85,34,0,0,0,0,0,0,0,0,0,0,0,0,0,0,0,4,31,0.0,0.0,0.0,0.0,0.0,0.0,0.0,0.0,0.0,0,0,0,0
220,Robert,Lynch Sánchez,Sánchez,a,,,4.8,354,13.0,11.8,31,5.0,2.0,144.0,13.0,0,0,0.0,-2,2.0,226,1846,0.4,22.5,2.5,0.0,3.4,137.0,17.0,100.0,100.0,19.0,5.0,355.0,1.0,759.0,86.0,169.0,4.0,,,,,,,,0.0,0.0,0.0,1.39,2.9,0.29,1.39,1.03,0.0,34,0,0,0,0,0,0,0,0,0,0,0,0,0,0,0,577,49599,0.0,0.0,0.0,0.0,0.0,0.0,0.0,0.0,0.0,0,0,0,0
221,Filip,Jörgensen,Jörgensen,d,Groin Injury - 25% chance of playing,,4.3,605,27.0,0.2,409,57.0,0.0,533.0,84.0,0,0,0.0,-2,2.0,3,15,0.0,1.4,0.1,0.0,2.0,339.0,32.0,25.0,25.0,411.0,31.0,644.0,84.0,621.0,73.0,448.0,31.0,,,,,,,,0.0,0.0,0.0,1.21,2.05,0.0,1.36,0.68,0.0,34,0,0,0,0,0,0,0,0,0,0,0,0,0,0,0,6,87,0.0,0.0,0.0,0.0,0.0,0.0,0.0,0.0,0.0,0,0,0,0
222,Mike,Penders,Penders,u,Has joined RC Strasbourg on loan for the rest of the season.,,4.0,717,64.0,0.0,805,93.0,0.0,466.0,75.0,0,0,0.0,0,0.0,0,0,0.0,0.0,0.0,0.0,0.0,618.0,85.0,0.0,0.0,608.0,85.0,601.0,74.0,571.0,60.0,610.0,85.0,,,,,,,,0.0,0.0,0.0,0.0,0.0,0.0,0.0,0.0,0.0,34,0,0,0,0,0,0,0,0,0,0,0,0,0,0,0,0,0,0.0,0.0,0.0,0.0,0.0,0.0,0.0,0.0,0.0,0,0,0,0
223,Gabriel,Słonina,Slonina,a,,,3.9,770,83.0,0.1,469,69.0,0.0,399.0,41.0,0,0,0.0,-1,1.0,3,6,0.0,0.0,0.5,0.0,0.0,562.0,54.0,,,551.0,54.0,539.0,38.0,507.0,24.0,553.0,54.0,,,,,,,,0.0,0.0,0.0,0.0,0.0,0.0,0.0,0.0,0.0,34,0,0,0,0,0,0,0,0,0,0,0,0,0,0,0,20,43,0.0,0.0,0.0,0.0,0.0,0.0,0.0,0.0,0.0,0,0,0,0
224,Marc,Cucurella Saseta,Cucurella,a,,,6.1,80,3.0,15.0,21,7.0,1.0,244.0,81.0,0,0,0.0,1,-1.0,958,1533,0.2,15.9,1.5,0.0,3.2,179.0,71.0,100.0,100.0,90.0,39.0,41.0,4.0,109.0,15.0,61.0,10.0,,,,,,,,0.09,0.12,0.21,1.35,0.0,0.35,1.23,1.04,6.56,34,0,0,0,0,0,0,0,0,0,0,0,0,0,0,0,1792,31544,0.0,0.0,0.0,0.0,0.0,0.0,0.0,0.0,0.0,0,0,0,0
225,Reece,James,James,d,Hamstring injury - 25% chance of playing,,5.6,128,12.0,6.1,62,20.0,0.0,800.0,264.0,0,0,0.0,1,-1.0,11,1923,0.0,20.2,0.1,0.0,4.2,44.0,18.0,25.0,25.0,127.0,56.0,49.0,6.0,258.0,71.0,106.0,28.0,1.0,1.0,,,,,,0.05,0.15,0.2,1.34,0.0,0.38,0.95,0.95,5.9,34,0,0,0,0,0,0,0,0,0,0,0,0,0,0,0,27,11293,0.0,0.0,0.0,0.0,0.0,0.0,0.0,0.0,0.0,0,0,0,0
226,Trevoh,Chalobah,Chalobah,a,,,5.4,157,18.0,9.5,38,13.0,0.7,279.0,93.0,0,0,0.0,4,-4.0,497,1802,0.1,24.6,1.2,0.0,4.3,39.0,15.0,100.0,100.0,39.0,15.0,275.0,80.0,202.0,50.0,127.0,36.0,,,,,,,,0.05,0.03,0.08,1.3,0.0,0.31,1.26,1.02,8.66,34,0,0,0,0,0,0,0,0,0,0,0,0,0,0,0,1058,37059,0.0,0.0,0.0,0.0,0.0,0.0,0.0,0.0,0.0,0,0,0,0
227,Levi,Samuels Colwill,Colwill,d,Lack of match fitness - 25% chance of playing,,4.7,388,66.0,0.1,477,174.0,0.0,692.0,250.0,0,0,0.0,-3,3.0,1,5,0.0,0.0,0.1,0.0,0.0,770.0,262.0,25.0,25.0,769.0,262.0,764.0,262.0,755.0,262.0,769.0,262.0,,,,,,,,0.0,0.0,0.0,0.0,0.0,0.0,0.0,0.0,0.0,34,0,0,0,0,0,0,0,0,0,0,0,0,0,0,0,4,9,0.0,0.0,0.0,0.0,0.0,0.0,0.0,0.0,0.0,0,0,0,0
228,Malo,Gusto,Gusto,a,,,4.9,330,54.0,2.0,137,55.0,1.3,202.0,70.0,0,0,0.0,-1,1.0,179,454,0.3,19.4,1.8,0.0,3.1,190.0,77.0,100.0,100.0,148.0,64.0,80.0,17.0,186.0,44.0,129.0,37.0,,,,,,,,0.07,0.1,0.17,1.48,0.0,0.32,1.36,1.04,5.06,34,0,0,0,0,0,0,0,0,0,0,0,0,0,0,0,402,9681,0.0,0.0,0.0,0.0,0.0,0.0,0.0,0.0,0.0,0,0,0,0
229,Benoît,Badiashile Mukinayi,B.Badiashile,a,,,4.4,539,113.0,0.0,650,232.0,0.0,558.0,232.0,0,0,0.0,-1,1.0,4,1,0.0,1.6,0.5,0.0,0.9,511.0,175.0,100.0,100.0,373.0,141.0,439.0,156.0,450.0,169.0,421.0,150.0,,,,,,,,0.0,0.01,0.01,1.42,0.0,0.0,1.91,1.15,9.19,34,0,0,0,0,0,0,0,0,0,0,0,0,0,0,0,6,24,0.0,0.0,0.0,0.0,0.0,0.0,0.0,0.0,0.0,0,0,0,0
230,Wesley,Fofana,Fofana,a,,,4.4,543,116.0,0.4,285,107.0,1.7,163.0,58.0,0,0,0.0,-1,1.0,33,125,0.4,13.6,2.2,0.0,2.7,231.0,91.0,100.0,100.0,129.0,58.0,335.0,113.0,305.0,92.0,251.0,84.0,,,,,,,,0.04,0.04,0.08,1.34,0.0,0.24,1.27,1.03,11.32,34,0,0,0,0,0,0,0,0,0,0,0,0,0,0,0,69,2709,0.0,0.0,0.0,0.0,0.0,0.0,0.0,0.0,0.0,0,0,0,0
231,Mamadou,Sarr,M.Sarr,a,,,4.5,480,97.0,0.0,664,234.0,0.0,643.0,247.0,0,0,0.0,0,0.0,8,13,0.0,0.4,0.5,0.0,1.0,486.0,173.0,100.0,100.0,479.0,171.0,492.0,177.0,430.0,164.0,487.0,171.0,,,,,,,,0.35,0.0,0.35,1.4,0.0,0.0,2.97,0.99,7.91,34,0,0,0,0,0,0,0,0,0,0,0,0,0,0,0,21,67,0.0,0.0,0.0,0.0,0.0,0.0,0.0,0.0,0.0,0,0,0,0
232,Tosin,Adarabioyo,Tosin,a,,,4.0,669,163.0,0.3,347,124.0,0.0,422.0,158.0,0,0,0.0,-5,5.0,17,14,0.0,8.5,0.5,0.0,2.3,294.0,108.0,100.0,100.0,263.0,108.0,381.0,136.0,391.0,139.0,359.0,123.0,,,,,,,,0.01,0.05,0.06,1.47,0.0,0.24,1.45,0.85,11.39,34,0,0,0,0,0,0,0,0,0,0,0,0,0,0,0,67,230,0.0,0.0,0.0,0.0,0.0,0.0,0.0,0.0,0.0,0,0,0,0
233,Josh,Acheampong,Acheampong,a,,,3.7,827,266.0,1.6,155,60.0,1.0,217.0,73.0,0,0,0.0,-3,3.0,432,264,0.3,9.7,1.5,0.0,2.4,274.0,104.0,100.0,100.0,349.0,132.0,367.0,133.0,313.0,97.0,377.0,129.0,,,,,,,,0.09,0.02,0.11,2.19,0.0,0.31,1.87,1.09,6.37,34,0,0,0,0,0,0,0,0,0,0,0,0,0,0,0,2893,5348,0.0,0.0,0.0,0.0,0.0,0.0,0.0,0.0,0.0,0,0,0,0
234,Aarón,Anselmino,Anselmino,u,has joined Strasbourg on loan for the rest of the season.,,4.0,738,207.0,0.1,579,207.0,0.0,487.0,199.0,0,0,0.0,0,0.0,0,0,0.0,0.0,0.0,0.0,0.0,637.0,245.0,0.0,0.0,627.0,245.0,620.0,245.0,590.0,242.0,629.0,245.0,,,,,,,,0.0,0.0,0.0,0.0,0.0,0.0,0.0,0.0,0.0,34,0,0,0,0,0,0,0,0,0,0,0,0,0,0,0,0,4,0.0,0.0,0.0,0.0,0.0,0.0,0.0,0.0,0.0,0,0,0,0
235,Cole,Palmer,Palmer,a,,,10.5,3,2.0,17.1,19,7.0,2.0,160.0,72.0,0,0,0.0,0,0.0,962,8360,0.2,9.7,2.5,0.0,4.6,26.0,11.0,100.0,100.0,113.0,36.0,90.0,66.0,48.0,28.0,64.0,41.0,,3.0,1.0,,,,,0.52,0.12,0.64,1.41,0.0,0.17,1.47,1.13,6.71,34,0,0,0,0,0,0,0,0,0,0,0,0,0,0,0,1620,146011,0.0,0.0,0.0,0.0,0.0,0.0,0.0,0.0,0.0,0,0,0,0
236,Pedro,Lomba Neto,Neto,a,,,7.0,37,22.0,4.3,89,29.0,2.0,157.0,70.0,0,0,0.0,0,0.0,294,903,0.3,16.3,2.5,0.0,3.6,113.0,52.0,100.0,100.0,116.0,38.0,11.0,11.0,41.0,24.0,27.0,22.0,2.0,4.0,,,,,,0.16,0.24,0.4,1.25,0.0,0.4,1.09,1.02,4.18,34,0,0,0,0,0,0,0,0,0,0,0,0,0,0,0,551,14450,0.0,0.0,0.0,0.0,0.0,0.0,0.0,0.0,0.0,0,0,0,0
237,Enzo,Fernández,Enzo,a,,,6.5,52,33.0,11.4,32,10.0,1.3,211.0,97.0,0,0,0.0,0,0.0,1003,3791,0.2,20.5,1.8,0.0,4.2,48.0,21.0,100.0,100.0,32.0,9.0,4.0,4.0,22.0,10.0,3.0,2.0,3.0,2.0,2.0,,,,,0.35,0.21,0.56,1.27,0.0,0.26,1.27,1.01,7.22,34,0,0,0,0,0,0,0,0,0,0,0,0,0,0,0,1833,76291,0.0,0.0,0.0,0.0,0.0,0.0,0.0,0.0,0.0,0,0,0,0
238,Estêvão,Almeida de Oliveira Gonçalves,Estêvão,i,Hamstring injury - Expected back 01 Jun,,6.4,61,40.0,1.8,148,49.0,0.7,292.0,136.0,0,0,0.0,-1,1.0,4,867,0.1,9.1,0.0,0.0,2.6,256.0,108.0,0.0,0.0,304.0,133.0,166.0,112.0,90.0,53.0,196.0,96.0,4.0,,3.0,,,,,0.31,0.23,0.54,1.1,0.0,0.43,1.18,1.29,6.01,34,0,0,0,0,0,0,0,0,0,0,0,0,0,0,0,12,3581,0.0,0.0,0.0,0.0,0.0,0.0,0.0,0.0,0.0,0,0,0,0
239,Jamie,Bynoe-Gittens,Gittens,d,Hamstring injury - 25% chance of playing,,6.0,87,56.0,0.1,485,169.0,0.0,809.0,360.0,0,0,0.0,-5,5.0,0,7,0.0,4.2,0.1,0.0,1.6,405.0,174.0,25.0,25.0,383.0,170.0,250.0,157.0,280.0,151.0,347.0,167.0,,,,,,,,0.15,0.17,0.32,1.65,0.0,0.19,1.3,0.93,5.37,34,0,0,0,0,0,0,0,0,0,0,0,0,0,0,0,0,19,0.0,0.0,0.0,0.0,0.0,0.0,0.0,0.0,0.0,0,0,0,0
240,Christopher,Nkunku,Nkunku,u,has joined AC Milan permanently.,,5.9,93,61.0,0.1,527,191.0,0.0,806.0,357.0,0,0,0.0,-1,1.0,0,0,0.0,0.0,0.0,0.0,0.0,819.0,366.0,0.0,0.0,819.0,366.0,819.0,366.0,818.0,366.0,819.0,366.0,,,,,,,,0.0,0.0,0.0,0.0,0.0,0.0,0.0,0.0,0.0,34,0,0,0,0,0,0,0,0,0,0,0,0,0,0,0,0,2,0.0,0.0,0.0,0.0,0.0,0.0,0.0,0.0,0.0,0,0,0,0
241,Moisés,Caicedo Corozo,Caicedo,a,,,5.7,118,74.0,7.3,57,20.0,2.0,155.0,68.0,0,0,0.0,2,-2.0,241,760,0.4,17.9,2.5,0.0,3.5,127.0,55.0,100.0,100.0,88.0,29.0,106.0,74.0,249.0,136.0,128.0,73.0,,,,,,,,0.05,0.08,0.13,1.34,0.0,0.22,1.47,1.03,12.2,34,0,0,0,0,0,0,0,0,0,0,0,0,0,0,0,494,9890,0.0,0.0,0.0,0.0,0.0,0.0,0.0,0.0,0.0,0,0,0,0
244,Roméo,Lavia,Lavia,a,,,4.9,335,206.0,0.0,694,279.0,1.3,203.0,92.0,0,0,0.0,-1,1.0,6,5,0.3,2.4,1.8,0.0,1.1,449.0,200.0,100.0,100.0,443.0,198.0,370.0,189.0,412.0,202.0,433.0,195.0,,,,,,,,0.05,0.13,0.18,1.86,0.0,0.0,1.99,0.85,9.65,34,0,0,0,0,0,0,0,0,0,0,0,0,0,0,0,11,22,0.0,0.0,0.0,0.0,0.0,0.0,0.0,0.0,0.0,0,0,0,0
245,Mykhailo,Mudryk,Mudryk,s,Suspended - unknown return date,,4.9,328,203.0,0.0,750,318.0,0.0,727.0,304.0,0,0,0.0,-1,1.0,4,4,0.0,0.0,0.0,0.0,0.0,787.0,343.0,0.0,0.0,786.0,342.0,782.0,342.0,778.0,340.0,786.0,342.0,,,,,,,,0.0,0.0,0.0,0.0,0.0,0.0,0.0,0.0,0.0,34,0,0,0,0,0,0,0,0,0,0,0,0,0,0,0,7,8,0.0,0.0,0.0,0.0,0.0,0.0,0.0,0.0,0.0,0,0,0,0
246,Andrey,Nascimento dos Santos,Andrey Santos,a,,,4.5,459,276.0,0.3,335,114.0,0.7,268.0,123.0,0,0,0.0,0,0.0,19,42,0.2,7.6,1.2,0.0,1.4,422.0,184.0,100.0,100.0,312.0,137.0,237.0,151.0,314.0,164.0,322.0,157.0,,,,,,,,0.15,0.07,0.22,1.41,0.0,0.08,1.35,0.93,9.57,34,0,0,0,0,0,0,0,0,0,0,0,0,0,0,0,65,670,0.0,0.0,0.0,0.0,0.0,0.0,0.0,0.0,0.0,0,0,0,0
247,Dário,Luís Essugo,D.Essugo,a,,,4.3,599,353.0,0.1,565,209.0,0.3,309.0,145.0,0,0,0.0,-2,2.0,8,10,0.1,0.2,0.8,0.0,0.5,523.0,243.0,100.0,100.0,471.0,209.0,464.0,222.0,449.0,220.0,483.0,221.0,,,,,,,,0.0,0.04,0.04,1.8,0.0,0.0,3.6,0.0,18.0,34,0,0,0,0,0,0,0,0,0,0,0,0,0,0,0,76,101,0.0,0.0,0.0,0.0,0.0,0.0,0.0,0.0,0.0,0,0,0,0
248,Kendry,Páez Andrade,Paez,u,has joined River Plate on loan for the rest of the season.,,4.5,501,310.0,0.0,789,344.0,0.0,664.0,259.0,0,0,0.0,0,0.0,0,0,0.0,0.0,0.0,0.0,0.0,751.0,316.0,0.0,0.0,750.0,315.0,743.0,315.0,730.0,311.0,750.0,315.0,,,,,,,,0.0,0.0,0.0,0.0,0.0,0.0,0.0,0.0,0.0,34,0,0,0,0,0,0,0,0,0,0,0,0,0,0,0,0,1,0.0,0.0,0.0,0.0,0.0,0.0,0.0,0.0,0.0,0,0,0,0
249,João Pedro,Junqueira de Jesus,João Pedro,a,,,7.6,22,8.0,43.3,4,2.0,0.7,297.0,41.0,0,0,0.0,1,-1.0,2694,22419,0.1,21.8,1.2,0.0,5.2,9.0,2.0,,,31.0,4.0,60.0,2.0,6.0,5.0,13.0,4.0,,,,,,,,0.52,0.07,0.59,1.24,0.0,0.38,1.13,1.06,4.79,34,0,0,0,0,0,0,0,0,0,0,0,0,0,0,0,4854,447274,0.0,0.0,0.0,0.0,0.0,0.0,0.0,0.0,0.0,0,0,0,0
250,Liam,Delap,Delap,a,,,6.2,75,24.0,0.9,202,30.0,1.7,185.0,24.0,0,0,0.0,-3,3.0,40,54,0.3,6.9,2.2,0.0,1.7,398.0,48.0,100.0,100.0,403.0,47.0,321.0,37.0,83.0,28.0,295.0,33.0,,,,,,,,0.4,0.02,0.42,1.32,0.0,0.19,1.51,1.04,3.68,34,0,0,0,0,0,0,0,0,0,0,0,0,0,0,0,141,315,0.0,0.0,0.0,0.0,0.0,0.0,0.0,0.0,0.0,0,0,0,0
251,Nicolas,Jackson,N.Jackson,u,has joined Bayern Munich on loan for the rest of the season.,,6.5,54,19.0,0.1,541,76.0,0.0,820.0,91.0,0,0,0.0,0,0.0,0,0,0.0,0.0,0.0,0.0,0.0,825.0,92.0,0.0,0.0,825.0,92.0,825.0,92.0,825.0,92.0,825.0,92.0,,,,,,,,0.0,0.0,0.0,0.0,0.0,0.0,0.0,0.0,0.0,34,0,0,0,0,0,0,0,0,0,0,0,0,0,0,0,0,0,0.0,0.0,0.0,0.0,0.0,0.0,0.0,0.0,0.0,0,0,0,0
252,Marc,Guiu Paz,Marc Guiu,a,,,4.0,702,92.0,5.1,78,15.0,0.3,303.0,42.0,0,0,0.0,-5,5.0,864,745,0.1,3.2,0.8,0.0,1.3,430.0,52.0,100.0,100.0,449.0,53.0,368.0,46.0,289.0,49.0,410.0,53.0,,,,,,,,0.52,0.1,0.62,2.0,0.0,0.0,1.02,0.34,2.72,34,0,0,0,0,0,0,0,0,0,0,0,0,0,0,0,6085,7006,0.0,0.0,0.0,0.0,0.0,0.0,0.0,0.0,0.0,0,0,0,0
453,Alejandro,Garnacho Ferreyra,Garnacho,a,,,6.4,60,39.0,0.5,276,96.0,1.3,210.0,96.0,0,0,0.0,-1,1.0,33,63,0.2,8.6,1.8,0.0,2.4,291.0,127.0,,,282.0,117.0,69.0,54.0,60.0,35.0,113.0,65.0,,,,,,,,0.25,0.26,0.51,1.46,0.0,0.29,1.43,1.0,4.86,34,0,0,0,0,0,0,0,0,0,0,0,0,0,0,0,81,590,0.0,0.0,0.0,0.0,0.0,0.0,0.0,0.0,0.0,0,0,0,0
672,Jorrel,Hato,Hato,a,,,4.6,406,73.0,0.2,392,146.0,1.0,226.0,78.0,0,0,0.0,-4,4.0,28,29,0.2,3.3,1.5,0.0,0.8,519.0,179.0,100.0,100.0,301.0,115.0,284.0,86.0,364.0,123.0,346.0,117.0,,,,,,,,0.03,0.05,0.08,1.47,0.0,0.0,2.28,0.89,7.83,34,0,0,0,0,0,0,0,0,0,0,0,0,0,0,0,51,285,0.0,0.0,0.0,0.0,0.0,0.0,0.0,0.0,0.0,0,0,0,0
743,Landon,Emenalo,Emenalo,a,,,4.5,502,311.0,0.0,728,301.0,0.0,665.0,260.0,0,0,0.0,0,0.0,3,0,0.0,0.0,0.5,0.0,0.0,752.0,317.0,,,751.0,316.0,744.0,316.0,731.0,312.0,751.0,316.0,,,,,,,,0.0,0.0,0.0,0.0,0.0,0.0,0.0,0.0,0.0,34,0,0,0,0,0,0,0,0,0,0,0,0,0,0,0,9,5,0.0,0.0,0.0,0.0,0.0,0.0,0.0,0.0,0.0,0,0,0,0
789,Max,Merrick,Merrick,a,,,4.0,712,63.0,0.0,755,86.0,0.0,461.0,74.0,0,0,0.0,0,0.0,1,0,0.0,0.0,0.5,0.0,0.0,614.0,84.0,,,604.0,84.0,597.0,73.0,566.0,59.0,606.0,84.0,,,,,,,,0.0,0.0,0.0,0.0,0.0,0.0,0.0,0.0,0.0,34,0,0,0,0,0,0,0,0,0,0,0,0,0,0,0,6,3,0.0,0.0,0.0,0.0,0.0,0.0,0.0,0.0,0.0,0,0,0,0
803,Teddy,Sharman-Lowe,Sharman-Lowe,a,,,4.0,705,59.0,0.0,775,90.0,0.0,455.0,70.0,0,0,0.0,0,0.0,3,2,0.0,0.0,0.5,0.0,0.0,610.0,81.0,,,600.0,81.0,592.0,69.0,561.0,55.0,602.0,81.0,,,,,,,,0.0,0.0,0.0,0.0,0.0,0.0,0.0,0.0,0.0,34,0,0,0,0,0,0,0,0,0,0,0,0,0,0,0,8,7,0.0,0.0,0.0,0.0,0.0,0.0,0.0,0.0,0.0,0,0,0,0
829,Jesse,Derry,Derry,a,,,4.5,507,315.0,0.0,829,373.0,0.0,670.0,264.0,0,0,0.0,0,0.0,7,0,0.0,0.0,0.5,0.0,0.0,757.0,321.0,,,756.0,320.0,749.0,320.0,736.0,316.0,756.0,320.0,,,,,,,,0.0,0.0,0.0,0.0,0.0,0.0,0.0,0.0,0.0,34,0,0,0,0,0,0,0,0,0,0,0,0,0,0,0,14,0,0.0,0.0,0.0,0.0,0.0,0.0,0.0,0.0,0.0,0,0,0,0
253,Dean,Henderson,Henderson,a,,,5.1,224,7.0,8.1,48,9.0,3.3,82.0,10.0,1,0,0.0,1,-1.0,3668,969,0.6,24.5,3.3,2.8,3.9,69.0,8.0,,,25.0,7.0,436.0,15.0,799.0,92.0,186.0,8.0,,,,,,,,0.0,0.0,0.0,1.31,2.92,0.35,1.15,1.03,0.0,34,1,18,0,0,0,0,0,0,0,0,0,0,1,0,3,16673,10777,0.0,0.0,0.0,0.0,0.060000000000002274,0.0,0.0,0.0,0.0,0,1,0,0
254,Walter,Benítez,Benitez,a,,,3.9,753,74.0,0.3,310,42.0,0.0,387.0,33.0,0,0,0.0,-1,1.0,14,21,0.0,1.8,0.0,-0.5,7.0,1.0,1.0,100.0,100.0,451.0,35.0,527.0,29.0,495.0,15.0,472.0,35.0,,,,,,,,0.0,0.0,0.0,1.12,3.0,1.0,0.0,1.0,0.0,34,0,0,0,0,0,0,0,0,0,0,0,0,0,0,0,278,213,0.0,0.0,0.0,0.0,0.0,0.0,0.0,0.0,0.0,0,0,0,0
255,Remi,Matthews,Matthews,a,,,3.9,756,77.0,0.1,481,72.0,0.0,389.0,35.0,0,0,0.0,-1,1.0,5,4,0.0,0.0,0.0,-0.5,0.0,553.0,48.0,,,542.0,48.0,530.0,32.0,498.0,18.0,544.0,48.0,,,,,,,,0.0,0.0,0.0,0.0,0.0,0.0,0.0,0.0,0.0,34,0,0,0,0,0,0,0,0,0,0,0,0,0,0,0,76,35,0.0,0.0,0.0,0.0,0.0,0.0,0.0,0.0,0.0,0,0,0,0
256,Daniel,Muñoz Mejía,Muñoz,a,,,5.8,105,6.0,7.8,52,18.0,4.0,69.0,30.0,1,0,0.0,3,-3.0,4893,988,0.7,20.9,4.0,3.5,5.0,12.0,3.0,100.0,100.0,115.0,51.0,114.0,30.0,77.0,8.0,86.0,19.0,,,,,,,,0.1,0.15,0.25,1.2,0.0,0.46,0.96,1.09,7.51,34,1,18,0,0,0,0,0,0,0,0,0,0,1,0,6,26687,7691,0.0,0.0,0.0,0.0,0.05999999999999872,0.0,0.0,0.0,0.0,1,0,0,1
257,Maxence,Lacroix,Lacroix,a,,,5.1,232,34.0,5.3,74,24.0,5.3,30.0,14.0,1,0,0.0,1,-1.0,4234,690,1.0,28.2,5.3,4.8,4.6,25.0,9.0,100.0,100.0,36.0,13.0,294.0,91.0,119.0,20.0,101.0,27.0,,,,,,,,0.07,0.03,0.1,1.25,0.0,0.37,1.17,1.04,10.73,34,1,18,0,0,0,0,0,0,0,0,0,0,1,0,3,44139,6165,0.0,0.0,0.0,0.0,0.060000000000002274,0.0,0.0,0.0,0.0,0,0,0,0
258,Tyrick,Mitchell,Mitchell,a,,,5.0,256,40.0,2.3,132,53.0,4.3,53.0,25.0,1,0,0.0,0,0.0,1088,288,0.9,25.4,4.3,3.8,3.8,82.0,30.0,,,72.0,33.0,68.0,13.0,163.0,34.0,82.0,18.0,,,,,,,,0.04,0.07,0.11,1.32,0.0,0.38,1.13,1.04,6.63,34,1,18,0,0,0,0,0,0,0,0,0,0,1,0,5,8254,2796,0.0,0.0,0.0,0.0,0.060000000000002274,0.0,0.0,0.0,0.0,0,3,0,3
259,Borna,Sosa,Sosa,a,,,4.8,356,60.0,0.1,453,170.0,0.3,319.0,104.0,0,0,0.0,-2,2.0,15,7,0.1,1.2,0.3,-0.2,1.0,494.0,174.0,100.0,100.0,465.0,169.0,421.0,152.0,440.0,166.0,467.0,168.0,,,,,,,,0.0,0.1,0.1,1.38,0.0,0.0,1.67,0.0,11.67,34,0,0,0,0,0,0,0,0,0,0,0,0,0,0,0,69,42,0.0,0.0,0.0,0.0,0.0,0.0,0.0,0.0,0.0,0,0,0,0
261,Chris,Richards,Richards,a,,,4.4,541,115.0,2.5,125,49.0,3.0,95.0,39.0,1,0,0.0,-1,1.0,1516,575,0.7,28.0,3.0,2.5,4.2,42.0,16.0,100.0,100.0,42.0,18.0,222.0,59.0,221.0,56.0,124.0,35.0,,,,,,,,0.06,0.05,0.11,1.26,0.0,0.39,1.14,1.03,10.1,34,1,18,0,0,0,0,0,0,0,0,0,0,1,0,448,13000,6094,0.0,0.6700000000000002,0.0,0.6699999999999999,0.060000000000002274,0.0,0.0,0.0,0.0,0,1,0,1
262,Chadi,Riad Dnanou,Chadi Riad,a,,,4.0,710,184.0,0.0,588,210.0,0.0,459.0,176.0,0,0,0.0,0,0.0,2,13,0.0,3.5,0.0,-0.5,2.3,295.0,109.0,100.0,100.0,409.0,153.0,397.0,142.0,401.0,146.0,423.0,151.0,,,,,,,,0.03,0.01,0.04,1.25,0.0,0.29,0.87,0.87,5.19,34,0,0,0,0,0,0,0,0,0,0,0,0,0,0,0,59,101,0.0,0.0,0.0,0.0,0.0,0.0,0.0,0.0,0.0,0,0,0,0
263,Nathaniel,Clyne,Clyne,d,Illness - 75% chance of playing,,3.8,792,234.0,0.5,270,101.0,0.0,357.0,122.0,0,0,0.0,-2,2.0,2,120,0.0,3.9,0.0,-0.4,1.9,349.0,127.0,75.0,75.0,394.0,147.0,348.0,122.0,361.0,120.0,397.0,142.0,,,,,,,,0.08,0.11,0.19,1.33,0.0,0.0,1.64,1.09,7.11,34,0,0,0,0,0,0,0,0,0,0,0,0,0,0,0,141,999,0.0,0.0,0.0,0.0,0.0,0.0,0.0,0.0,0.0,0,0,0,0
264,Rob,Holding,Holding,u,Has joined Colorado Rapids permanently.,,4.0,672,164.0,0.0,709,249.0,0.0,425.0,159.0,0,0,0.0,0,0.0,0,1,0.0,0.0,0.0,0.0,0.0,584.0,212.0,0.0,0.0,573.0,211.0,564.0,211.0,533.0,207.0,575.0,211.0,,,,,,,,0.0,0.0,0.0,0.0,0.0,0.0,0.0,0.0,0.0,34,0,0,0,0,0,0,0,0,0,0,0,0,0,0,0,0,4,0.0,0.0,0.0,0.0,0.0,0.0,0.0,0.0,0.0,0,0,0,0
265,Caleb,Kporha,Kporha,a,,,4.0,729,198.0,0.0,688,243.0,0.0,478.0,190.0,0,0,0.0,0,0.0,2,7,0.0,0.0,0.0,-0.5,0.0,630.0,238.0,100.0,100.0,620.0,238.0,613.0,238.0,583.0,235.0,622.0,238.0,,,,,,,,0.0,0.0,0.0,0.0,0.0,0.0,0.0,0.0,0.0,34,0,0,0,0,0,0,0,0,0,0,0,0,0,0,0,28,11,0.0,0.0,0.0,0.0,0.0,0.0,0.0,0.0,0.0,0,0,0,0
267,Ismaïla,Sarr,Sarr,a,,,6.3,69,46.0,3.8,98,33.0,1.0,249.0,117.0,1,0,0.0,-2,2.0,2486,1759,0.2,15.2,1.0,0.5,4.2,47.0,20.0,100.0,100.0,166.0,57.0,173.0,118.0,56.0,32.0,109.0,63.0,,,3.0,,,,,0.4,0.04,0.44,1.24,0.0,0.45,0.95,1.05,6.0,34,1,18,0,0,0,0,0,0,0,0,0,0,1,0,2,14721,12707,0.0,0.0,0.0,0.0,0.05999999999999872,0.0,0.0,0.0,0.0,0,0,0,0
268,Cheick,Doucouré,Doucouré,i,Lack of match fitness - Expected back 01 Jun,,4.9,323,200.0,0.0,797,351.0,0.0,723.0,301.0,0,0,0.0,-1,1.0,3,1,0.0,0.0,0.0,0.0,0.0,784.0,341.0,0.0,0.0,783.0,340.0,779.0,340.0,775.0,338.0,783.0,340.0,,,,,,,,0.0,0.0,0.0,0.0,0.0,0.0,0.0,0.0,0.0,34,0,0,0,0,0,0,0,0,0,0,0,0,0,0,0,27,4,0.0,0.0,0.0,0.0,0.0,0.0,0.0,0.0,0.0,0,0,0,0
269,Romain,Esse,Esse,u,has joined Coventry City on loan for the rest of the season.,,4.7,395,246.0,0.1,463,158.0,0.0,695.0,280.0,0,0,0.0,-3,3.0,0,5,0.0,0.9,0.0,0.0,1.0,492.0,223.0,0.0,0.0,477.0,215.0,460.0,220.0,433.0,209.0,481.0,219.0,,,,,,,,0.0,0.09,0.09,3.92,0.0,0.0,0.0,0.0,11.25,34,0,0,0,0,0,0,0,0,0,0,0,0,0,0,0,0,17,0.0,0.0,0.0,0.0,0.0,0.0,0.0,0.0,0.0,0,0,0,0
270,Will,Hughes,Hughes,a,,,4.7,377,235.0,0.1,484,168.0,1.0,227.0,101.0,0,0,0.0,-3,3.0,13,14,0.2,8.9,1.0,0.5,1.4,423.0,185.0,100.0,100.0,315.0,140.0,121.0,84.0,285.0,153.0,260.0,131.0,3.0,,,,,,,0.07,0.11,0.18,1.39,0.0,0.32,0.89,1.08,8.61,34,0,0,0,0,0,0,0,0,0,0,0,0,0,0,0,93,113,0.0,0.0,0.0,0.0,0.0,0.0,0.0,0.0,0.0,0,0,0,0
271,Daichi,Kamada,Kamada,a,,,5.0,250,150.0,0.1,528,192.0,1.0,234.0,107.0,1,0,0.0,0,0.0,4,6,0.2,11.2,1.0,0.5,2.4,286.0,122.0,100.0,100.0,297.0,128.0,139.0,93.0,224.0,123.0,242.0,118.0,4.0,,,,,,,0.08,0.13,0.21,1.07,0.0,0.35,0.99,1.05,9.92,34,1,18,0,0,0,0,0,0,0,0,0,0,1,0,8,73,36,0.0,0.0,0.0,0.0,0.060000000000002274,0.0,0.0,0.0,0.0,2,0,2,4
272,Jefferson,Lerma Solís,Lerma,a,,,4.9,289,178.0,0.1,539,198.0,2.7,111.0,40.0,0,0,0.0,-1,1.0,49,11,0.6,12.7,2.7,2.2,2.4,282.0,118.0,100.0,100.0,259.0,109.0,202.0,132.0,138.0,79.0,227.0,110.0,,,,,,,,0.11,0.07,0.18,1.1,0.0,0.44,1.01,0.95,11.23,34,0,0,0,0,0,0,0,0,0,0,0,0,0,0,0,657,157,0.0,0.0,0.0,0.0,0.0,0.0,0.0,0.0,0.0,0,0,0,0
273,Adam,Wharton,Wharton,a,,,5.0,269,164.0,0.6,252,88.0,0.7,275.0,127.0,1,0,0.0,0,0.0,98,107,0.1,18.6,0.7,0.2,3.2,173.0,70.0,100.0,100.0,163.0,55.0,32.0,29.0,211.0,115.0,92.0,53.0,2.0,,,,,,,0.05,0.26,0.31,1.36,0.0,0.33,1.34,1.1,10.51,34,1,18,0,0,0,0,0,0,0,0,0,0,1,0,10,711,1017,0.0,0.0,0.4399999999999995,0.4400000000000004,0.060000000000002274,0.0,0.0,0.0,0.0,0,0,3,3
274,Asher,Agbinone,Agbinone,a,,,4.3,613,362.0,0.1,496,177.0,0.0,541.0,177.0,0,0,0.0,-2,2.0,8,19,0.0,0.0,0.0,-0.5,0.0,663.0,252.0,,,653.0,242.0,649.0,247.0,626.0,236.0,655.0,244.0,,,,,,,,0.0,0.0,0.0,0.0,0.0,0.0,0.0,0.0,0.0,34,0,0,0,0,0,0,0,0,0,0,0,0,0,0,0,113,177,0.0,0.0,0.0,0.0,0.0,0.0,0.0,0.0,0.0,0,0,0,0
275,Naouirou,Ahamada,Ahamada,u,has joined AJ Auxerre permanently.,,4.3,591,349.0,0.0,628,242.0,0.0,525.0,167.0,0,0,0.0,-2,2.0,0,2,0.0,0.0,0.0,0.0,0.0,655.0,245.0,0.0,0.0,645.0,235.0,640.0,240.0,615.0,227.0,647.0,237.0,,,,,,,,0.0,0.0,0.0,0.0,0.0,0.0,0.0,0.0,0.0,34,0,0,0,0,0,0,0,0,0,0,0,0,0,0,0,0,13,0.0,0.0,0.0,0.0,0.0,0.0,0.0,0.0,0.0,0,0,0,0
276,Justin,Devenny,Devenny,a,,,4.3,595,351.0,1.1,187,63.0,0.3,306.0,143.0,0,0,0.0,-2,2.0,49,164,0.1,7.0,0.3,-0.2,1.6,402.0,171.0,100.0,100.0,388.0,172.0,291.0,171.0,190.0,104.0,336.0,164.0,,2.0,4.0,,,,,0.35,0.05,0.4,1.5,0.0,0.15,1.49,0.74,7.29,34,0,0,0,0,0,0,0,0,0,0,0,0,0,0,0,523,2285,0.0,0.0,0.0,0.0,0.0,0.0,0.0,0.0,0.0,0,0,0,0
277,Malcolm,Ebiowei,Ebiowei,u,Has joined Blackpool permanently.,,4.5,436,259.0,0.0,807,356.0,0.0,606.0,211.0,0,0,0.0,0,0.0,0,0,0.0,0.0,0.0,0.0,0.0,706.0,278.0,0.0,0.0,700.0,272.0,696.0,275.0,679.0,268.0,702.0,274.0,,,,,,,,0.0,0.0,0.0,0.0,0.0,0.0,0.0,0.0,0.0,34,0,0,0,0,0,0,0,0,0,0,0,0,0,0,0,0,0,0.0,0.0,0.0,0.0,0.0,0.0,0.0,0.0,0.0,0,0,0,0
278,Jesurun,Rak-Sakyi,J.Rak-Sakyi,u,has joined Stoke City on loan for the rest of the season.,,4.4,546,328.0,0.0,655,259.0,0.0,563.0,186.0,0,0,0.0,-1,1.0,0,0,0.0,0.0,0.0,0.0,0.0,676.0,259.0,0.0,0.0,668.0,251.0,664.0,255.0,643.0,245.0,670.0,253.0,,,,,,,,0.0,0.0,0.0,0.0,0.0,0.0,0.0,0.0,0.0,34,0,0,0,0,0,0,0,0,0,0,0,0,0,0,0,0,2,0.0,0.0,0.0,0.0,0.0,0.0,0.0,0.0,0.0,0,0,0,0
279,Matheus,França de Oliveira,M.França,u,Has joined CR Vasco da Gama on loan for the rest of the season.,,4.5,463,280.0,0.0,773,331.0,0.0,627.0,229.0,0,0,0.0,0,0.0,0,0,0.0,0.0,0.0,0.0,0.0,724.0,295.0,0.0,0.0,719.0,290.0,714.0,292.0,698.0,285.0,720.0,291.0,,,,,,,,0.0,0.0,0.0,0.0,0.0,0.0,0.0,0.0,0.0,34,0,0,0,0,0,0,0,0,0,0,0,0,0,0,0,0,0,0.0,0.0,0.0,0.0,0.0,0.0,0.0,0.0,0.0,0,0,0,0
280,David,Ozoh,Ozoh,u,Has joined Derby County on loan for the rest of the season.,,4.5,458,275.0,0.0,819,364.0,0.0,624.0,226.0,0,0,0.0,0,0.0,0,0,0.0,0.0,0.0,0.0,0.0,721.0,292.0,0.0,0.0,716.0,287.0,711.0,289.0,695.0,282.0,717.0,288.0,,,,,,,,0.0,0.0,0.0,0.0,0.0,0.0,0.0,0.0,0.0,34,0,0,0,0,0,0,0,0,0,0,0,0,0,0,0,0,0,0.0,0.0,0.0,0.0,0.0,0.0,0.0,0.0,0.0,0,0,0,0
281,Kaden,Rodney,Rodney,a,,,4.4,556,335.0,0.0,587,220.0,0.0,571.0,193.0,0,0,0.0,-1,1.0,6,4,0.0,0.2,0.0,-0.5,1.0,477.0,210.0,,,674.0,257.0,491.0,238.0,650.0,252.0,676.0,259.0,,,,,,,,0.0,0.0,0.0,19.5,0.0,0.0,0.0,0.0,0.0,34,0,0,0,0,0,0,0,0,0,0,0,0,0,0,0,29,35,0.0,0.0,0.0,0.0,0.0,0.0,0.0,0.0,0.0,0,0,0,0
282,Franco,Umeh-Chibueze,Umeh,u,has joined Portsmouth permanently.,,4.5,479,293.0,0.0,714,292.0,0.0,642.0,242.0,0,0,0.0,0,0.0,0,1,0.0,0.0,0.0,0.0,0.0,736.0,305.0,0.0,0.0,733.0,302.0,727.0,303.0,713.0,298.0,734.0,303.0,,,,,,,,0.0,0.0,0.0,0.0,0.0,0.0,0.0,0.0,0.0,34,0,0,0,0,0,0,0,0,0,0,0,0,0,0,0,0,2,0.0,0.0,0.0,0.0,0.0,0.0,0.0,0.0,0.0,0,0,0,0
283,Jean-Philippe,Mateta,Mateta,a,,,7.6,21,7.0,7.5,55,10.0,4.7,47.0,10.0,1,0,0.0,1,-1.0,1689,1321,0.6,13.0,4.7,4.2,3.7,103.0,8.0,100.0,100.0,109.0,10.0,245.0,27.0,18.0,10.0,55.0,12.0,,,2.0,,,,,0.59,0.06,0.65,1.2,0.0,0.36,1.03,1.08,5.29,34,1,18,0,0,0,0,0,0,0,0,0,0,1,0,1,23052,6400,0.0,0.0,0.0,0.0,0.05999999999999872,0.0,0.0,0.0,0.0,0,1,0,1
284,Eddie,Nketiah,Nketiah,i,Hamstring injury - Expected back 01 Jun,,5.4,162,39.0,0.3,334,55.0,0.0,782.0,83.0,0,0,0.0,-1,1.0,4,15,0.0,4.3,0.0,0.0,1.9,359.0,41.0,0.0,0.0,353.0,36.0,303.0,35.0,183.0,40.0,321.0,37.0,,,,,,,,0.38,0.1,0.48,2.06,0.0,0.0,2.61,0.43,8.26,34,0,0,0,0,0,0,0,0,0,0,0,0,0,0,0,45,68,0.0,0.0,0.0,0.0,0.0,0.0,0.0,0.0,0.0,0,0,0,0
285,Odsonne,Édouard,Édouard,u,has joined RC Lens permanently.,,5.0,248,53.0,0.2,375,60.0,0.0,739.0,79.0,0,0,0.0,0,0.0,0,2,0.0,0.2,0.0,0.0,1.0,500.0,60.0,0.0,0.0,497.0,57.0,789.0,87.0,784.0,87.0,510.0,62.0,,,,,,,,0.0,0.0,0.0,12.15,0.0,0.0,0.0,0.0,45.0,34,0,0,0,0,0,0,0,0,0,0,0,0,0,0,0,0,10,0.0,0.0,0.0,0.0,0.0,0.0,0.0,0.0,0.0,0,0,0,0
286,Zach,Marsh,Marsh,a,,,4.4,564,80.0,0.3,319,51.0,0.0,578.0,62.0,0,0,0.0,-1,1.0,17,23,0.0,0.0,0.0,-0.5,0.0,687.0,73.0,,,681.0,73.0,676.0,72.0,657.0,72.0,683.0,73.0,,,,,,,,0.0,0.0,0.0,0.0,0.0,0.0,0.0,0.0,0.0,34,0,0,0,0,0,0,0,0,0,0,0,0,0,0,0,142,125,0.0,0.0,0.0,0.0,0.0,0.0,0.0,0.0,0.0,0,0,0,0
580,Brennan,Johnson,Johnson,a,,,6.5,50,32.0,2.3,130,43.0,1.7,187.0,87.0,1,0,0.0,-5,5.0,64,74,0.3,8.9,1.7,1.2,1.9,362.0,157.0,,,290.0,123.0,159.0,107.0,157.0,88.0,232.0,114.0,1.0,3.0,,,,,,0.15,0.06,0.21,1.41,0.0,0.39,0.91,1.04,6.45,34,1,18,0,0,0,0,0,0,0,0,0,0,1,0,6,644,403,0.0,0.020000000000000018,0.010000000000000009,0.029999999999999805,0.060000000000002274,0.0,0.0,0.0,0.0,1,0,3,4
654,Jørgen,Strand Larsen,Strand Larsen,a,,,5.9,95,27.0,1.5,163,24.0,1.0,243.0,34.0,0,0,0.0,-6,6.0,138,749,0.2,11.0,1.0,0.5,2.2,313.0,35.0,100.0,100.0,256.0,23.0,204.0,19.0,61.0,24.0,168.0,23.0,,,,,,,,0.2,0.03,0.23,1.38,0.0,0.23,1.45,1.0,3.8,34,0,0,0,0,0,0,0,0,0,0,0,0,0,0,0,2225,4640,0.0,0.0,0.0,0.0,0.0,0.0,0.0,0.0,0.0,0,0,0,0
677,Evann,Guessand,Guessand,i,Knee injury - Expected back 10 May,,6.2,76,50.0,0.0,602,228.0,0.0,812.0,361.0,0,0,0.0,-3,3.0,3,24,0.0,6.8,0.0,0.0,2.2,314.0,136.0,0.0,0.0,326.0,148.0,314.0,175.0,174.0,96.0,310.0,152.0,,,,,,,,0.16,0.08,0.24,1.3,0.0,0.2,1.53,0.92,8.28,34,0,0,0,0,0,0,0,0,0,0,0,0,0,0,0,24,121,0.0,0.0,0.0,0.0,0.0,0.0,0.0,0.0,0.0,0,0,0,0
690,Rio,Cardines,Cardines,a,,,4.4,568,342.0,0.3,348,120.0,0.0,581.0,198.0,0,0,0.0,-1,1.0,2,6,0.0,0.0,0.0,-0.5,0.0,690.0,268.0,100.0,100.0,684.0,262.0,679.0,265.0,660.0,257.0,686.0,264.0,,,,,,,,0.0,0.0,0.0,0.0,0.0,0.0,0.0,0.0,0.0,34,0,0,0,0,0,0,0,0,0,0,0,0,0,0,0,13,36,0.0,0.0,0.0,0.0,0.0,0.0,0.0,0.0,0.0,0,0,0,0
712,Yéremy,Pino Santos,Yeremy,a,,,5.8,108,69.0,0.2,402,136.0,1.0,242.0,112.0,0,0,0.0,-2,2.0,22,37,0.2,11.9,1.0,0.5,2.4,289.0,125.0,100.0,100.0,223.0,94.0,24.0,23.0,80.0,45.0,66.0,42.0,,1.0,,,,,,0.2,0.27,0.47,1.25,0.0,0.34,1.02,1.12,7.45,34,0,0,0,0,0,0,0,0,0,0,0,0,0,0,0,321,206,0.0,0.0,0.0,0.0,0.0,0.0,0.0,0.0,0.0,0,0,0,0
723,Jaydee,Canvot,Canvot,a,,,4.5,515,98.0,0.2,379,139.0,5.0,35.0,17.0,1,0,0.0,0,0.0,352,57,1.1,14.0,5.0,4.5,3.9,66.0,25.0,100.0,100.0,237.0,93.0,363.0,129.0,356.0,118.0,333.0,111.0,,,,,,,,0.12,0.03,0.15,1.58,0.0,0.5,1.0,1.0,12.61,34,1,18,0,0,0,0,0,0,0,0,0,0,1,0,4,3622,617,0.0,0.0,0.0,0.0,0.0600000000000005,0.0,0.0,0.0,0.0,0,3,1,3
732,Christantus,Uche,Uche,a,,,5.5,151,37.0,0.1,580,79.0,0.0,798.0,86.0,0,0,0.0,0,0.0,6,10,0.0,3.1,0.0,-0.5,1.2,445.0,54.0,,,461.0,54.0,441.0,57.0,304.0,52.0,427.0,54.0,,,,,,,,0.28,0.01,0.29,2.62,0.0,0.0,2.26,0.0,7.36,34,0,0,0,0,0,0,0,0,0,0,0,0,0,0,0,79,45,0.0,0.0,0.0,0.0,0.0,0.0,0.0,0.0,0.0,0,0,0,0
762,Joél,Drakes-Thomas,Drakes-Thomas,a,,,4.5,518,322.0,0.0,777,334.0,0.0,679.0,270.0,0,0,0.0,0,0.0,1,0,0.0,0.4,0.0,-0.5,1.0,491.0,222.0,,,501.0,230.0,476.0,230.0,744.0,322.0,507.0,232.0,,,,,,,,0.0,0.0,0.0,9.39,0.0,0.0,12.86,0.0,38.57,34,0,0,0,0,0,0,0,0,0,0,0,0,0,0,0,19,9,0.0,0.0,0.0,0.0,0.0,0.0,0.0,0.0,0.0,0,0,0,0
773,Dean,Benamar,Benamar,a,,,4.0,741,210.0,0.0,700,247.0,0.0,489.0,201.0,0,0,0.0,0,0.0,3,6,0.0,0.0,0.0,-0.5,0.0,638.0,246.0,,,628.0,246.0,621.0,246.0,592.0,244.0,630.0,246.0,,,,,,,,0.0,0.0,0.0,0.0,0.0,0.0,0.0,0.0,0.0,34,0,0,0,0,0,0,0,0,0,0,0,0,0,0,0,25,13,0.0,0.0,0.0,0.0,0.0,0.0,0.0,0.0,0.0,0,0,0,0
780,Ben,Casey,Casey,a,,,4.5,511,73.0,0.0,656,85.0,0.0,673.0,72.0,0,0,0.0,0,0.0,9,5,0.0,0.0,0.0,-0.5,0.0,760.0,83.0,,,759.0,83.0,752.0,82.0,739.0,82.0,759.0,83.0,,,,,,,,0.0,0.0,0.0,0.0,0.0,0.0,0.0,0.0,0.0,34,0,0,0,0,0,0,0,0,0,0,0,0,0,0,0,84,37,0.0,0.0,0.0,0.0,0.0,0.0,0.0,0.0,0.0,0,0,0,0
793,George,King,King,a,,,4.0,730,199.0,0.0,681,240.0,0.0,479.0,191.0,0,0,0.0,0,0.0,3,4,0.0,0.0,0.0,-0.5,0.0,631.0,239.0,,,621.0,239.0,614.0,239.0,584.0,236.0,623.0,239.0,,,,,,,,0.0,0.0,0.0,0.0,0.0,0.0,0.0,0.0,0.0,34,0,0,0,0,0,0,0,0,0,0,0,0,0,0,0,46,17,0.0,0.0,0.0,0.0,0.0,0.0,0.0,0.0,0.0,0,0,0,0
798,Danny,Imray,Imray,u,has joined West Brom on loan for the rest of the season.,,4.0,706,182.0,0.0,808,267.0,0.0,456.0,175.0,0,0,0.0,0,0.0,0,0,0.0,0.0,0.0,0.0,0.0,611.0,225.0,0.0,0.0,601.0,225.0,593.0,225.0,562.0,221.0,603.0,225.0,,,,,,,,0.0,0.0,0.0,0.0,0.0,0.0,0.0,0.0,0.0,34,0,0,0,0,0,0,0,0,0,0,0,0,0,0,0,0,1,0.0,0.0,0.0,0.0,0.0,0.0,0.0,0.0,0.0,0,0,0,0
242,Kiernan,Dewsbury-Hall,Dewsbury-Hall,a,,,5.1,228,138.0,5.8,68,23.0,5.3,29.0,8.0,1,0,0.0,1,-1.0,2544,2510,1.0,26.1,4.8,5.3,4.9,15.0,6.0,100.0,100.0,83.0,27.0,44.0,39.0,70.0,41.0,49.0,33.0,3.0,,,,,,,0.15,0.19,0.34,1.38,0.0,0.33,1.18,1.06,7.96,34,1,18,0,0,0,0,0,0,0,0,0,0,1,0,3,85711,9066,0.0,0.0,0.020000000000000462,0.019999999999999574,0.14000000000000057,0.0,0.0,0.0,0.0,0,1,1,2
243,Tyrique,George,George,a,,,4.8,374,234.0,0.1,551,203.0,0.7,271.0,125.0,0,0,0.0,-2,2.0,4,6,0.1,2.5,0.2,0.7,1.1,447.0,199.0,100.0,100.0,450.0,199.0,396.0,199.0,265.0,143.0,401.0,183.0,,,,,,,,0.18,0.06,0.24,1.75,0.0,0.33,1.99,0.33,5.65,34,0,0,0,0,0,0,0,0,0,0,0,0,0,0,0,39,44,0.0,0.0,0.0,0.0,0.0,0.0,0.0,0.0,0.0,0,0,0,0
287,Jordan,Pickford,Pickford,a,,,5.6,123,2.0,13.6,26,3.0,0.7,283.0,22.0,1,0,0.0,1,-1.0,1170,2919,0.1,22.9,0.2,0.7,3.8,85.0,11.0,,,13.0,4.0,426.0,6.0,459.0,3.0,170.0,5.0,,,,,,,,0.0,0.0,0.0,1.49,2.74,0.33,1.17,1.02,0.0,34,1,18,0,0,0,0,0,0,0,0,0,0,1,0,3,30773,13246,0.0,0.0,0.0,0.0,0.14000000000000057,0.0,0.0,0.0,0.0,0,0,1,0
288,Mark,Travers,Travers,a,,,4.2,634,32.0,0.1,458,67.0,0.0,503.0,81.0,0,0,0.0,-3,3.0,7,6,0.0,0.0,-0.5,0.0,0.0,645.0,90.0,100.0,100.0,636.0,90.0,630.0,81.0,604.0,69.0,638.0,90.0,,,,,,,,0.0,0.0,0.0,0.0,0.0,0.0,0.0,0.0,0.0,34,0,0,0,0,0,0,0,0,0,0,0,0,0,0,0,79,33,0.0,0.0,0.0,0.0,0.0,0.0,0.0,0.0,0.0,0,0,0,0
289,Harry,Tyrer,Tyrer,u,has joined Cardiff City permanently.,,3.9,766,81.0,0.1,505,74.0,0.0,396.0,39.0,0,0,0.0,-1,1.0,0,3,0.0,0.0,0.0,0.0,0.0,559.0,52.0,0.0,0.0,548.0,52.0,536.0,36.0,504.0,22.0,550.0,52.0,,,,,,,,0.0,0.0,0.0,0.0,0.0,0.0,0.0,0.0,0.0,34,0,0,0,0,0,0,0,0,0,0,0,0,0,0,0,0,42,0.0,0.0,0.0,0.0,0.0,0.0,0.0,0.0,0.0,0,0,0,0
290,Jarrad,Branthwaite,Branthwaite,i,Hamstring injury - Expected back 01 Jun,,5.3,196,24.0,0.4,288,109.0,2.3,129.0,51.0,0,0,0.0,-2,2.0,6,828,0.4,6.0,0.0,0.0,3.2,176.0,70.0,0.0,0.0,308.0,119.0,364.0,130.0,303.0,91.0,356.0,120.0,,,,,,,,0.05,0.01,0.06,1.25,0.0,0.13,1.19,0.93,8.89,34,0,0,0,0,0,0,0,0,0,0,0,0,0,0,0,51,4643,0.0,0.0,0.0,0.0,0.0,0.0,0.0,0.0,0.0,0,0,0,0
291,James,Tarkowski,Tarkowski,a,,,5.7,110,8.0,12.4,29,10.0,1.7,183.0,62.0,1,0,0.0,2,-2.0,2084,5061,0.3,25.8,1.2,1.7,4.5,31.0,12.0,100.0,100.0,9.0,4.0,194.0,50.0,92.0,9.0,56.0,9.0,,,,,,,,0.07,0.04,0.11,1.45,0.0,0.34,1.15,1.02,10.28,34,1,18,0,0,0,0,0,0,0,0,0,0,1,0,3,61332,18653,0.0,0.0,0.030000000000000027,0.03000000000000025,0.14000000000000057,0.0,0.0,0.0,0.0,0,1,0,1
292,Vitalii,Mykolenko,Mykolenko,a,,,4.9,310,50.0,0.7,231,87.0,2.3,124.0,49.0,1,0,0.0,-1,1.0,101,215,0.5,18.6,1.8,2.3,3.1,189.0,76.0,100.0,100.0,108.0,48.0,93.0,23.0,316.0,98.0,147.0,50.0,,,,,,,,0.01,0.08,0.09,1.48,0.0,0.32,1.28,1.03,7.33,34,1,18,0,0,0,0,0,0,0,0,0,0,1,0,3,6204,1182,0.0,0.0,0.0,0.0,0.14000000000000057,0.0,0.0,0.0,0.0,0,1,1,1
293,Jake,O'Brien,O'Brien,a,,,4.9,333,56.0,0.7,228,85.0,2.0,147.0,55.0,1,0,0.0,-1,1.0,94,222,0.4,22.0,1.5,2.0,3.3,152.0,59.0,100.0,100.0,87.0,38.0,156.0,40.0,229.0,60.0,143.0,47.0,,,,,,,,0.03,0.03,0.06,1.55,0.0,0.33,1.21,1.02,6.98,34,1,18,0,0,0,0,0,0,0,0,0,0,1,0,5,4188,1224,0.0,0.0,0.0,0.0,0.14000000000000057,0.0,0.0,0.0,0.0,0,1,0,1
294,Séamus,Coleman,Coleman,a,,,4.2,627,140.0,0.1,491,177.0,0.0,501.0,210.0,0,0,0.0,-3,3.0,8,4,0.0,0.7,-0.5,0.0,1.0,466.0,171.0,100.0,100.0,635.0,251.0,488.0,176.0,600.0,249.0,637.0,251.0,,,,,,,,0.0,0.0,0.0,1.96,0.0,0.0,0.0,8.18,0.0,34,0,0,0,0,0,0,0,0,0,0,0,0,0,0,0,74,21,0.0,0.0,0.0,0.0,0.0,0.0,0.0,0.0,0.0,0,0,0,0
295,Michael,Keane,Keane,a,,,4.5,413,77.0,2.9,114,44.0,0.7,266.0,90.0,1,0,0.0,0,0.0,285,1281,0.2,26.7,0.2,0.7,4.1,51.0,20.0,100.0,100.0,47.0,21.0,385.0,138.0,125.0,23.0,138.0,43.0,,,,,,,,0.08,0.01,0.09,1.57,0.0,0.29,1.29,1.04,10.89,34,1,18,0,0,0,0,0,0,0,0,0,0,1,0,2,11135,8774,0.0,0.0,0.0,0.0,0.14000000000000057,0.0,0.0,0.0,0.0,0,1,0,1
296,Nathan,Patterson,Patterson,a,,,4.4,540,114.0,0.0,633,226.0,0.0,559.0,233.0,0,0,0.0,-1,1.0,1,11,0.0,4.8,-0.5,0.0,3.5,119.0,43.0,100.0,100.0,410.0,154.0,444.0,158.0,397.0,144.0,429.0,155.0,,,,,,,,0.01,0.02,0.03,1.35,0.0,0.76,0.38,1.14,11.39,34,0,0,0,0,0,0,0,0,0,0,0,0,0,0,0,42,47,0.0,0.0,0.0,0.0,0.0,0.0,0.0,0.0,0.0,0,0,0,0
297,Roman,Dixon,Dixon,u,has joined Stockport County on loan for the rest of the season.,,3.8,805,246.0,0.2,412,152.0,0.0,367.0,131.0,0,0,0.0,-2,2.0,0,9,0.0,0.0,0.0,0.0,0.0,537.0,192.0,0.0,0.0,526.0,191.0,508.0,190.0,475.0,184.0,528.0,191.0,,,,,,,,0.0,0.0,0.0,0.0,0.0,0.0,0.0,0.0,0.0,34,0,0,0,0,0,0,0,0,0,0,0,0,0,0,0,0,57,0.0,0.0,0.0,0.0,0.0,0.0,0.0,0.0,0.0,0,0,0,0
298,Reece,Welch,Welch,a,,,3.8,803,244.0,0.1,425,157.0,0.0,366.0,130.0,0,0,0.0,-2,2.0,3,11,0.0,0.0,-0.5,0.0,0.0,536.0,191.0,,,525.0,190.0,507.0,189.0,474.0,183.0,527.0,190.0,,,,,,,,0.0,0.0,0.0,0.0,0.0,0.0,0.0,0.0,0.0,34,0,0,0,0,0,0,0,0,0,0,0,0,0,0,0,147,76,0.0,0.0,0.0,0.0,0.0,0.0,0.0,0.0,0.0,0,0,0,0
299,Iliman,Ndiaye,Ndiaye,a,,,6.2,74,49.0,4.6,83,27.0,2.3,138.0,57.0,1,0,0.0,-3,3.0,948,1912,0.4,19.2,1.8,2.3,4.2,46.0,19.0,100.0,100.0,71.0,21.0,64.0,52.0,45.0,27.0,44.0,30.0,,,1.0,,,,,0.2,0.16,0.36,1.37,0.0,0.31,1.26,1.07,9.92,34,1,18,0,0,0,0,0,0,0,0,0,0,1,0,5,33077,5677,0.0,0.0,0.0,0.0,0.13999999999999346,0.0,0.0,0.0,0.0,0,0,2,2
300,Dwight,McNeil,McNeil,a,,,5.5,142,88.0,0.2,416,144.0,1.7,182.0,84.0,1,0,0.0,-5,5.0,14,32,0.3,9.3,1.2,1.7,2.4,288.0,124.0,,,346.0,156.0,171.0,116.0,234.0,128.0,283.0,145.0,2.0,,,,,,,0.11,0.12,0.23,1.46,0.0,0.48,0.57,1.13,8.48,34,1,18,0,0,0,0,0,0,0,0,0,0,1,0,8,469,151,0.0,0.030000000000000027,0.52,0.5500000000000003,0.14000000000000057,0.0,0.0,0.0,0.0,2,0,0,2
301,Carlos,Alcaraz Durán,Alcaraz,a,,,5.2,213,130.0,0.1,534,196.0,0.0,767.0,335.0,0,0,0.0,-3,3.0,3,3,0.0,5.0,-0.5,0.0,1.6,403.0,172.0,100.0,100.0,390.0,174.0,232.0,149.0,201.0,110.0,319.0,156.0,,,,,,,,0.14,0.06,0.2,1.76,0.0,0.4,1.08,0.81,8.64,34,0,0,0,0,0,0,0,0,0,0,0,0,0,0,0,38,12,0.0,0.0,0.0,0.0,0.0,0.0,0.0,0.0,0.0,0,0,0,0
302,Idrissa Gana,Gueye,Gana,a,,,5.4,152,96.0,0.1,449,152.0,2.7,114.0,43.0,1,0,0.0,-1,1.0,14,86,0.5,15.2,2.2,2.7,3.3,159.0,64.0,100.0,100.0,167.0,58.0,151.0,101.0,158.0,89.0,158.0,82.0,,,,,,,,0.07,0.08,0.15,1.36,0.0,0.22,1.11,1.11,9.5,34,1,18,0,0,0,0,0,0,0,0,0,0,1,0,2,436,225,0.0,0.0,0.0,0.0,0.14000000000000057,0.0,0.0,0.0,0.0,0,0,0,0
303,James,Garner,Garner,a,,,5.3,188,119.0,4.3,90,30.0,2.3,128.0,50.0,1,0,0.0,3,-3.0,791,2951,0.4,27.5,1.8,2.3,4.3,38.0,17.0,,,15.0,4.0,10.0,10.0,143.0,83.0,21.0,17.0,1.0,3.0,2.0,,,,,0.06,0.15,0.21,1.49,0.0,0.33,1.18,1.03,12.34,34,1,18,0,0,0,0,0,0,0,0,0,0,1,0,3,20361,12674,0.0,0.0,0.0,0.0,0.13999999999999346,0.0,0.0,0.0,0.0,0,0,0,0
304,Tim,Iroegbunam,Iroegbunam,a,,,4.8,367,229.0,0.0,618,237.0,0.3,320.0,151.0,0,0,0.0,-2,2.0,2,8,0.1,12.1,-0.2,0.3,2.4,281.0,117.0,100.0,100.0,291.0,124.0,292.0,172.0,315.0,165.0,332.0,162.0,,,,,,,,0.03,0.05,0.08,1.51,0.0,0.64,0.89,1.05,11.92,34,0,0,0,0,0,0,0,0,0,0,0,0,0,0,0,19,27,0.0,0.0,0.0,0.0,0.0,0.0,0.0,0.0,0.0,0,0,0,0
305,Harrison,Armstrong,Armstrong,a,,,4.5,500,309.0,0.1,518,188.0,0.0,663.0,258.0,0,0,0.0,0,0.0,11,22,0.0,4.2,-0.5,0.0,1.7,393.0,167.0,100.0,100.0,412.0,179.0,328.0,179.0,297.0,159.0,387.0,179.0,,,,,,,,0.14,0.04,0.18,1.96,0.0,0.18,1.82,1.09,9.09,34,0,0,0,0,0,0,0,0,0,0,0,0,0,0,0,132,163,0.0,0.0,0.0,0.0,0.0,0.0,0.0,0.0,0.0,0,0,0,0
306,Callum,Bates,Bates,a,,,4.3,610,360.0,0.1,495,176.0,0.0,538.0,175.0,0,0,0.0,-2,2.0,8,14,0.0,0.0,-0.5,0.0,0.0,661.0,250.0,,,651.0,240.0,647.0,245.0,624.0,234.0,653.0,242.0,,,,,,,,0.0,0.0,0.0,0.0,0.0,0.0,0.0,0.0,0.0,34,0,0,0,0,0,0,0,0,0,0,0,0,0,0,0,97,123,0.0,0.0,0.0,0.0,0.0,0.0,0.0,0.0,0.0,0,0,0,0
307,Coby,Ebere,Ebere,a,,,4.4,551,331.0,0.0,603,229.0,0.0,566.0,189.0,0,0,0.0,-1,1.0,4,0,0.0,0.0,-0.5,0.0,0.0,679.0,262.0,,,671.0,254.0,667.0,258.0,646.0,248.0,673.0,256.0,,,,,,,,0.0,0.0,0.0,0.0,0.0,0.0,0.0,0.0,0.0,34,0,0,0,0,0,0,0,0,0,0,0,0,0,0,0,36,19,0.0,0.0,0.0,0.0,0.0,0.0,0.0,0.0,0.0,0,0,0,0
308,Isaac,Heath,Heath,u,has joined Accrington on loan for the rest of the season.,,4.5,452,270.0,0.0,710,289.0,0.0,618.0,221.0,0,0,0.0,0,0.0,0,0,0.0,0.0,0.0,0.0,0.0,716.0,287.0,0.0,0.0,711.0,282.0,706.0,284.0,690.0,277.0,712.0,283.0,,,,,,,,0.0,0.0,0.0,0.0,0.0,0.0,0.0,0.0,0.0,34,0,0,0,0,0,0,0,0,0,0,0,0,0,0,0,0,0,0.0,0.0,0.0,0.0,0.0,0.0,0.0,0.0,0.0,0,0,0,0
309,Jenson,Metcalfe,Metcalfe,u,Has joined Bradford City permanently.,,4.5,449,268.0,0.0,825,369.0,0.0,615.0,219.0,0,0,0.0,0,0.0,0,0,0.0,0.0,0.0,0.0,0.0,714.0,285.0,0.0,0.0,709.0,280.0,704.0,282.0,688.0,275.0,710.0,281.0,,,,,,,,0.0,0.0,0.0,0.0,0.0,0.0,0.0,0.0,0.0,34,0,0,0,0,0,0,0,0,0,0,0,0,0,0,0,0,0,0.0,0.0,0.0,0.0,0.0,0.0,0.0,0.0,0.0,0,0,0,0
310,Thierno,Barry,Barry,a,,,5.7,120,33.0,0.8,218,32.0,1.0,241.0,33.0,1,0,0.0,-3,3.0,74,415,0.2,13.9,0.5,1.0,2.3,305.0,34.0,,,249.0,22.0,201.0,18.0,52.0,21.0,160.0,22.0,,,,,,,,0.35,0.02,0.37,1.58,0.0,0.37,1.39,1.07,3.21,34,1,18,0,0,0,0,0,0,0,0,0,0,1,0,3,6098,2169,0.0,0.4299999999999997,0.0,0.4300000000000006,0.14000000000000057,0.0,0.0,0.0,0.0,0,2,0,2
311,Norberto Bercique,Gomes Betuncal,Beto,d,Head injury - 75% chance of playing,,5.0,266,55.0,3.1,108,18.0,5.3,28.0,6.0,0,0,0.0,-5,5.0,234,4613,1.1,18.4,3.6,0.0,2.8,220.0,22.0,75.0,0.0,161.0,15.0,240.0,26.0,27.0,16.0,89.0,17.0,,,3.0,,,,,0.55,0.01,0.56,1.43,0.0,0.34,1.07,0.94,5.3,34,0,0,0,0,0,0,0,0,0,0,0,0,0,0,0,11507,20476,0.0,0.0,0.0,0.0,0.0,0.0,0.0,0.0,0.0,0,0,0,0
312,Youssef,Ramalho Chermiti,Y.Chermiti,u,has joined Rangers permanently.,,4.9,331,62.0,0.1,556,77.0,0.0,728.0,78.0,0,0,0.0,-1,1.0,0,1,0.0,0.0,0.0,0.0,0.0,788.0,87.0,0.0,0.0,787.0,87.0,783.0,86.0,779.0,86.0,787.0,87.0,,,,,,,,0.0,0.0,0.0,0.0,0.0,0.0,0.0,0.0,0.0,34,0,0,0,0,0,0,0,0,0,0,0,0,0,0,0,0,2,0.0,0.0,0.0,0.0,0.0,0.0,0.0,0.0,0.0,0,0,0,0
313,Martin,Sherif,Sherif,u,has joined Port Vale on loan for the rest of the season.,,4.4,558,78.0,0.1,456,65.0,0.0,573.0,60.0,0,0,0.0,-1,1.0,0,0,0.0,0.0,0.0,0.0,0.0,683.0,71.0,0.0,0.0,676.0,71.0,671.0,70.0,652.0,70.0,678.0,71.0,,,,,,,,0.0,0.0,0.0,0.0,0.0,0.0,0.0,0.0,0.0,34,0,0,0,0,0,0,0,0,0,0,0,0,0,0,0,0,9,0.0,0.0,0.0,0.0,0.0,0.0,0.0,0.0,0.0,0,0,0,0
419,Jack,Grealish,Grealish,i,Foot injury - Expected back 01 Jun,,6.3,64,42.0,5.7,70,24.0,0.0,814.0,363.0,0,0,0.0,-2,2.0,6,278,0.0,12.5,0.0,0.0,4.0,63.0,30.0,0.0,0.0,173.0,64.0,39.0,35.0,64.0,38.0,62.0,39.0,,,,,,,,0.11,0.19,0.3,1.43,0.0,0.39,1.27,1.0,7.47,34,0,0,0,0,0,0,0,0,0,0,0,0,0,0,0,25,837,0.0,0.0,0.0,0.0,0.0,0.0,0.0,0.0,0.0,0,0,0,0
630,Tom,King,King,a,,,3.9,754,75.0,1.2,180,21.0,0.0,388.0,34.0,0,0,0.0,-1,1.0,17,48,0.0,0.0,-0.5,0.0,0.0,552.0,47.0,,,541.0,47.0,528.0,30.0,496.0,16.0,543.0,47.0,,,,,,,,0.0,0.0,0.0,0.0,0.0,0.0,0.0,0.0,0.0,34,0,0,0,0,0,0,0,0,0,0,0,0,0,0,0,191,400,0.0,0.0,0.0,0.0,0.0,0.0,0.0,0.0,0.0,0,0,0,0
667,Adam,Aznou,Aznou,a,,,4.2,641,148.0,0.1,571,204.0,0.0,507.0,213.0,0,0,0.0,-3,3.0,1,4,0.0,0.0,-0.5,0.0,0.0,647.0,251.0,100.0,100.0,638.0,252.0,632.0,251.0,607.0,250.0,640.0,252.0,,,,,,,,0.0,0.0,0.0,0.0,0.0,0.0,0.0,0.0,0.0,34,0,0,0,0,0,0,0,0,0,0,0,0,0,0,0,29,21,0.0,0.0,0.0,0.0,0.0,0.0,0.0,0.0,0.0,0,0,0,0
704,Tyler,Onyango,Onyango,u,has joined Stockport County on loan for the rest of the season.,,4.5,439,261.0,0.0,589,221.0,0.0,609.0,213.0,0,0,0.0,0,0.0,0,1,0.0,0.0,0.0,0.0,0.0,709.0,280.0,0.0,0.0,703.0,274.0,699.0,277.0,682.0,270.0,705.0,276.0,,,,,,,,0.0,0.0,0.0,0.0,0.0,0.0,0.0,0.0,0.0,34,0,0,0,0,0,0,0,0,0,0,0,0,0,0,0,0,3,0.0,0.0,0.0,0.0,0.0,0.0,0.0,0.0,0.0,0,0,0,0
705,Elijah,Campbell,Campbell,u,has joined Port Vale on loan for the rest of the season.,,3.9,776,224.0,0.1,420,155.0,0.0,403.0,148.0,0,0,0.0,-1,1.0,0,5,0.0,0.0,0.0,0.0,0.0,566.0,204.0,0.0,0.0,555.0,203.0,544.0,203.0,512.0,198.0,557.0,203.0,,,,,,,,0.0,0.0,0.0,0.0,0.0,0.0,0.0,0.0,0.0,34,0,0,0,0,0,0,0,0,0,0,0,0,0,0,0,0,25,0.0,0.0,0.0,0.0,0.0,0.0,0.0,0.0,0.0,0,0,0,0
707,Tyler,Dibling,Dibling,a,,,5.3,197,123.0,0.0,648,253.0,0.0,775.0,339.0,0,0,0.0,-2,2.0,2,2,0.0,3.4,-0.5,0.0,1.3,439.0,197.0,,,422.0,184.0,340.0,184.0,366.0,187.0,408.0,185.0,,,,,,,,0.05,0.04,0.09,1.71,0.0,0.52,0.52,1.03,10.32,34,0,0,0,0,0,0,0,0,0,0,0,0,0,0,0,22,14,0.0,0.0,0.0,0.0,0.0,0.0,0.0,0.0,0.0,0,0,0,0
728,Merlin,Röhl,Röhl,a,,,5.0,275,169.0,0.0,707,287.0,0.0,752.0,323.0,0,0,0.0,0,0.0,1,4,0.0,3.6,-0.5,0.0,1.5,412.0,179.0,100.0,100.0,404.0,177.0,329.0,180.0,365.0,186.0,398.0,181.0,,,,,,,,0.13,0.05,0.18,2.07,0.0,0.5,1.51,0.5,12.07,34,0,0,0,0,0,0,0,0,0,0,0,0,0,0,0,17,14,0.0,0.0,0.0,0.0,0.0,0.0,0.0,0.0,0.0,0,0,0,0
779,Braiden,Graham,Graham,a,,,4.5,509,72.0,0.0,614,82.0,0.0,672.0,71.0,0,0,0.0,0,0.0,14,13,0.0,0.0,-0.5,0.0,0.0,759.0,82.0,,,758.0,82.0,751.0,81.0,738.0,81.0,758.0,82.0,,,,,,,,0.0,0.0,0.0,0.0,0.0,0.0,0.0,0.0,0.0,34,0,0,0,0,0,0,0,0,0,0,0,0,0,0,0,162,51,0.0,0.0,0.0,0.0,0.0,0.0,0.0,0.0,0.0,0,0,0,0
314,Bernd,Leno,Leno,a,,,4.9,286,10.0,1.9,141,19.0,6.0,16.0,1.0,6,0,0.0,-1,1.0,344,468,1.2,21.8,5.0,6.0,3.1,187.0,21.0,,,34.0,9.0,768.0,91.0,764.0,89.0,205.0,10.0,,,,,,,,0.0,0.0,0.0,1.38,2.5,0.24,1.35,1.0,0.0,34,6,90,0,0,1,0,0,0,0,0,0,1,1,0,26,7831,3443,0.0,0.0,0.0,0.0,0.7100000000000009,0.0,0.0,0.0,0.0,0,2,6,0
315,Steven,Benda,Benda,u,has joined Feyenoord on loan for the rest of the season.,,4.0,681,48.0,0.0,763,89.0,0.0,433.0,59.0,0,0,0.0,0,0.0,0,1,0.0,0.0,0.0,0.0,0.0,591.0,70.0,0.0,0.0,580.0,70.0,572.0,58.0,541.0,44.0,582.0,70.0,,,,,,,,0.0,0.0,0.0,0.0,0.0,0.0,0.0,0.0,0.0,34,0,0,0,0,0,0,0,0,0,0,0,0,0,0,0,0,5,0.0,0.0,0.0,0.0,0.0,0.0,0.0,0.0,0.0,0,0,0,0
316,Antonee,Robinson,Robinson,a,,,4.9,294,45.0,0.8,212,83.0,1.7,168.0,60.0,1,0,0.0,-1,1.0,83,309,0.3,9.2,0.7,1.7,2.5,262.0,103.0,100.0,100.0,238.0,94.0,125.0,34.0,342.0,111.0,239.0,82.0,,,,,,,,0.02,0.11,0.13,1.47,0.0,0.24,1.12,1.04,8.39,34,1,9,0,0,0,0,0,0,0,0,0,0,0,0,3,1358,1534,0.0,0.0,0.0,0.0,0.3000000000000007,0.0,0.0,0.0,0.0,0,1,2,1
317,Joachim,Andersen,Andersen,a,,,4.5,419,80.0,4.6,82,26.0,5.0,34.0,16.0,8,0,0.0,0,0.0,249,4716,1.1,26.4,4.0,5.0,3.8,76.0,28.0,100.0,100.0,23.0,8.0,260.0,72.0,217.0,54.0,112.0,31.0,,,,,,,,0.05,0.06,0.11,1.36,0.0,0.26,1.35,1.02,10.38,34,8,90,0,0,1,0,0,0,0,0,0,0,1,0,36,8402,16979,0.0,0.0,0.010000000000000009,0.009999999999999787,0.7100000000000009,0.0,0.0,0.0,0.0,4,11,2,15
318,Calvin,Bassey,Bassey,a,,,4.4,538,112.0,0.7,240,91.0,5.0,33.0,15.0,6,0,0.0,-1,1.0,74,356,1.1,20.9,4.0,5.0,3.5,118.0,42.0,100.0,100.0,106.0,46.0,279.0,82.0,253.0,68.0,208.0,72.0,,,,,,,,0.07,0.01,0.08,1.33,0.0,0.25,1.45,0.99,7.54,34,6,90,0,0,1,0,0,0,0,0,0,0,1,0,24,2135,2073,0.0,0.0,0.010000000000000009,0.010000000000000009,0.7100000000000009,0.0,0.0,0.0,0.0,1,5,4,6
319,Timothy,Castagne,Castagne,a,,,4.3,580,126.0,0.1,448,168.0,4.3,49.0,21.0,5,0,0.0,-2,2.0,21,28,1.0,10.5,3.3,4.3,1.7,389.0,144.0,,,219.0,85.0,174.0,43.0,218.0,55.0,220.0,76.0,,,,,,,,0.07,0.05,0.12,1.62,0.0,0.12,1.57,0.97,7.45,34,5,90,0,0,1,0,0,0,0,1,0,0,1,0,20,1183,215,0.0,0.0,0.08999999999999997,0.0900000000000003,0.7099999999999973,0.0,0.0,0.0,0.0,0,4,1,4
320,Issa,Diop,Diop,a,,,4.3,583,129.0,0.1,536,190.0,0.0,521.0,221.0,0,0,0.0,-2,2.0,3,9,0.0,3.0,-1.0,0.0,1.3,431.0,155.0,,,357.0,135.0,447.0,160.0,409.0,153.0,407.0,146.0,,,,,,,,0.0,0.01,0.01,1.54,0.0,0.0,1.67,0.91,7.3,34,0,0,0,0,0,0,0,0,0,0,0,0,0,0,0,44,44,0.0,0.0,0.0,0.0,0.0,0.0,0.0,0.0,0.0,0,0,0,0
321,Jorge,Cuenca Barreno,J.Cuenca,a,,,4.3,587,132.0,0.1,576,205.0,0.0,523.0,222.0,0,0,0.0,-2,2.0,5,9,0.0,9.1,-1.0,0.0,2.8,215.0,83.0,,,254.0,101.0,359.0,127.0,402.0,147.0,351.0,118.0,,,,,,,,0.0,0.05,0.05,1.41,0.0,0.19,1.06,1.06,11.02,34,0,0,0,0,0,0,0,0,0,0,0,0,0,0,0,31,55,0.0,0.0,0.0,0.0,0.0,0.0,0.0,0.0,0.0,0,0,0,0
322,Kenny,Tete,Tete,i,Foot injury - Unknown return date,,4.5,417,79.0,0.2,362,131.0,0.0,592.0,237.0,0,0,0.0,0,0.0,7,131,0.0,18.0,0.0,0.0,3.7,89.0,33.0,0.0,0.0,140.0,61.0,176.0,44.0,259.0,72.0,188.0,65.0,,,,,,,,0.05,0.07,0.12,1.3,0.0,0.3,1.26,1.06,8.29,34,0,0,0,0,0,0,0,0,0,0,0,0,0,0,0,22,1524,0.0,0.0,0.0,0.0,0.0,0.0,0.0,0.0,0.0,0,0,0,0
323,Samuel,Amissah,Amissah,a,,,3.8,818,257.0,0.1,427,159.0,0.0,379.0,141.0,0,0,0.0,-2,2.0,5,15,0.0,0.0,-1.0,0.0,0.0,545.0,199.0,,,534.0,198.0,518.0,198.0,486.0,193.0,536.0,198.0,,,,,,,,0.0,0.0,0.0,0.0,0.0,0.0,0.0,0.0,0.0,34,0,0,0,0,0,0,0,0,0,0,0,0,0,0,0,121,89,0.0,0.0,0.0,0.0,0.0,0.0,0.0,0.0,0.0,0,0,0,0
324,Alex,Iwobi,Iwobi,i,Hamstring injury - Unknown return date,,6.3,65,43.0,1.6,154,52.0,1.0,248.0,116.0,0,0,0.0,-2,2.0,5,4200,0.2,15.6,0.0,0.0,3.6,110.0,49.0,0.0,0.0,105.0,35.0,17.0,17.0,105.0,64.0,45.0,31.0,2.0,,,,,,,0.06,0.18,0.24,1.38,0.0,0.16,1.55,1.07,6.96,34,0,0,0,0,0,0,0,0,0,0,0,0,0,0,0,75,23120,0.0,0.0,0.0,0.0,0.0,0.0,0.0,0.0,0.0,0,0,0,0
325,Emile,Smith Rowe,Smith Rowe,a,,,5.6,126,78.0,0.5,266,92.0,2.3,132.0,53.0,3,0,0.0,-4,4.0,48,90,0.4,12.9,1.3,2.3,2.2,312.0,135.0,100.0,100.0,244.0,104.0,117.0,82.0,79.0,44.0,140.0,76.0,,,,,,,,0.25,0.06,0.31,1.47,0.0,0.27,1.26,0.99,6.92,34,3,75,0,0,1,0,0,0,0,0,0,0,1,0,8,893,498,0.0,0.040000000000000036,0.020000000000000018,0.05999999999999961,0.41000000000000014,0.0,0.0,0.0,0.0,3,2,1,6
327,Andreas,Hoelgebaum Pereira,Andreas,u,has joined Palmeiras permanently.,,5.3,184,115.0,0.1,567,211.0,0.0,773.0,337.0,0,0,0.0,-2,2.0,0,1,0.0,0.0,0.0,0.0,0.0,807.0,357.0,0.0,0.0,806.0,356.0,805.0,356.0,802.0,355.0,806.0,356.0,,,,,,,,0.0,0.0,0.0,0.0,0.0,0.0,0.0,0.0,0.0,34,0,0,0,0,0,0,0,0,0,0,0,0,0,0,0,0,1,0.0,0.0,0.0,0.0,0.0,0.0,0.0,0.0,0.0,0,0,0,0
328,Ryan,Sessegnon,Sessegnon,a,,,5.4,159,99.0,0.2,407,140.0,4.0,67.0,20.0,8,0,0.0,-1,1.0,34,15,0.7,17.0,3.0,4.0,3.4,142.0,60.0,100.0,100.0,177.0,67.0,167.0,113.0,147.0,84.0,167.0,86.0,,,,,,,,0.08,0.09,0.17,1.29,0.0,0.3,1.44,0.99,10.75,34,8,80,1,0,1,0,0,0,0,0,0,0,1,0,35,431,157,0.0,0.24,0.010000000000000009,0.25,0.41000000000000014,0.0,0.0,0.0,0.0,3,3,4,10
329,Harry,Wilson,Wilson,a,,,6.0,85,55.0,22.1,13,5.0,2.3,137.0,56.0,2,0,0.0,5,-5.0,2102,17198,0.4,26.5,1.3,2.3,5.0,13.0,5.0,100.0,100.0,43.0,11.0,29.0,27.0,29.0,13.0,19.0,15.0,1.0,1.0,3.0,,,,,0.2,0.16,0.36,1.29,0.0,0.32,1.21,1.07,6.03,34,2,90,0,0,1,0,0,0,0,1,0,0,1,0,6,64409,52832,0.0,0.15999999999999925,0.009999999999999787,0.16999999999999993,0.7099999999999937,0.0,0.0,0.0,0.0,1,5,2,8
330,Sander,Berge,Berge,a,,,4.9,303,188.0,0.1,517,187.0,2.3,123.0,48.0,3,0,0.0,-1,1.0,10,13,0.5,17.8,1.3,2.3,2.6,250.0,102.0,,,141.0,48.0,112.0,79.0,291.0,157.0,164.0,83.0,,,,,,,,0.05,0.05,0.1,1.37,0.0,0.23,1.43,1.04,8.74,34,3,90,0,0,1,0,0,0,0,0,0,0,1,0,11,169,203,0.0,0.08999999999999986,0.1399999999999999,0.22999999999999998,0.7100000000000009,0.0,0.0,0.0,0.0,1,3,2,6
331,Tom,Cairney,Cairney,a,,,4.8,346,216.0,0.0,641,248.0,1.0,228.0,102.0,0,0,0.0,-2,2.0,3,1,0.2,6.7,0.0,1.0,1.5,409.0,176.0,100.0,100.0,381.0,168.0,238.0,152.0,336.0,175.0,360.0,171.0,,,,,,,,0.14,0.09,0.23,1.55,0.0,0.29,1.3,0.72,6.91,34,0,0,0,0,0,0,0,0,0,0,0,0,0,0,0,38,16,0.0,0.0,0.0,0.0,0.0,0.0,0.0,0.0,0.0,0,0,0,0
332,Saša,Lukić,Lukić,a,,,4.9,307,191.0,0.1,573,214.0,3.0,99.0,34.0,6,0,0.0,-1,1.0,10,4,0.6,12.2,2.0,3.0,2.6,251.0,103.0,100.0,100.0,248.0,107.0,77.0,59.0,235.0,129.0,176.0,89.0,3.0,,,,,,,0.13,0.1,0.23,1.35,0.0,0.37,1.05,1.05,9.43,34,6,90,0,1,1,0,0,0,0,0,0,0,1,0,21,95,23,0.0,0.14000000000000012,0.040000000000000036,0.18000000000000016,0.7099999999999973,0.0,0.0,0.0,0.0,2,3,5,10
333,Martial,Godo,Godo,u,has joined Strasbourg permanently.,,4.5,478,292.0,0.0,671,270.0,0.0,641.0,241.0,0,0,0.0,0,0.0,0,1,0.0,0.0,0.0,0.0,0.0,735.0,304.0,0.0,0.0,732.0,301.0,726.0,302.0,712.0,297.0,733.0,302.0,,,,,,,,0.0,0.0,0.0,0.0,0.0,0.0,0.0,0.0,0.0,34,0,0,0,0,0,0,0,0,0,0,0,0,0,0,0,0,1,0.0,0.0,0.0,0.0,0.0,0.0,0.0,0.0,0.0,0,0,0,0
334,Luke,Harris,Harris,u,Has joined Oxford United on loan for the rest of the season.,,4.5,456,273.0,0.0,817,362.0,0.0,622.0,224.0,0,0,0.0,0,0.0,0,0,0.0,0.0,0.0,0.0,0.0,719.0,290.0,0.0,0.0,714.0,285.0,709.0,287.0,693.0,280.0,715.0,286.0,,,,,,,,0.0,0.0,0.0,0.0,0.0,0.0,0.0,0.0,0.0,34,0,0,0,0,0,0,0,0,0,0,0,0,0,0,0,0,1,0.0,0.0,0.0,0.0,0.0,0.0,0.0,0.0,0.0,0,0,0,0
335,Josh,King,King,a,,,4.4,565,340.0,1.7,150,50.0,1.0,224.0,99.0,1,0,0.0,-1,1.0,119,453,0.2,13.6,0.0,1.0,2.1,324.0,140.0,100.0,100.0,296.0,127.0,218.0,139.0,97.0,58.0,231.0,113.0,,,,,,,,0.17,0.04,0.21,1.3,0.0,0.37,1.34,1.12,7.3,34,1,14,0,0,0,0,0,0,0,0,0,0,0,0,5,1307,4051,0.0,0.0,0.039999999999999925,0.040000000000000036,0.3000000000000007,0.0,0.0,0.0,0.0,1,0,1,2
336,Harrison,Reed,Reed,a,,,4.3,579,346.0,0.3,313,107.0,0.0,518.0,165.0,0,0,0.0,-2,2.0,24,80,0.0,3.0,-1.0,0.0,2.2,307.0,133.0,100.0,100.0,430.0,188.0,402.0,201.0,414.0,204.0,442.0,198.0,,,,,,,,0.45,1.25,1.7,1.77,0.0,0.0,3.46,0.0,6.92,34,0,0,0,0,0,0,0,0,0,0,0,0,0,0,0,193,684,0.0,0.0,0.0,0.0,0.0,0.0,0.0,0.0,0.0,0,0,0,0
337,Raúl,Jiménez Rodríguez,Raúl,a,,,6.1,79,25.0,2.3,133,20.0,1.3,208.0,27.0,2,0,0.0,-4,4.0,186,2112,0.2,17.7,0.3,1.3,3.3,161.0,15.0,100.0,100.0,120.0,11.0,119.0,6.0,21.0,12.0,43.0,10.0,,2.0,1.0,,,,,0.49,0.04,0.53,1.35,0.0,0.39,1.09,1.13,5.43,34,2,65,0,0,1,0,0,0,0,0,0,0,1,0,9,12057,10251,0.0,0.14000000000000057,0.030000000000000027,0.16999999999999993,0.3299999999999983,0.0,0.0,0.0,0.0,0,1,1,2
338,Rodrigo,Muniz Carvalho,Muniz,a,,,5.3,189,43.0,0.7,225,34.0,1.7,179.0,22.0,1,0,0.0,-2,2.0,51,70,0.3,5.7,0.7,1.7,1.8,384.0,46.0,100.0,100.0,375.0,41.0,298.0,33.0,144.0,34.0,317.0,36.0,,,,,,,,0.28,0.02,0.3,1.43,0.0,0.24,1.33,0.85,5.69,34,1,24,0,0,0,0,0,0,0,0,0,0,0,0,4,1846,455,0.0,0.10999999999999988,0.010000000000000009,0.1200000000000001,0.3800000000000008,0.0,0.0,0.0,0.0,2,1,1,4
424,Oscar,Bobb,Bobb,a,,,5.1,238,142.0,0.2,369,125.0,1.0,237.0,109.0,1,0,0.0,-4,4.0,6,38,0.2,6.9,0.0,1.0,1.8,379.0,162.0,100.0,100.0,365.0,163.0,154.0,103.0,196.0,107.0,272.0,139.0,,,,,,,,0.14,0.17,0.31,1.16,0.0,0.33,1.31,0.98,6.86,34,1,14,0,0,0,0,0,0,0,0,0,0,0,0,6,86,296,0.0,0.10000000000000009,0.020000000000000018,0.11999999999999966,0.29999999999999893,0.0,0.0,0.0,0.0,0,0,1,1
664,Benjamin,Lecomte,Lecomte,a,,,3.9,750,72.0,0.7,233,31.0,0.0,384.0,31.0,0,0,0.0,-1,1.0,12,37,0.0,0.0,-1.0,0.0,0.0,550.0,45.0,,,539.0,45.0,525.0,27.0,493.0,13.0,541.0,45.0,,,,,,,,0.0,0.0,0.0,0.0,0.0,0.0,0.0,0.0,0.0,34,0,0,0,0,0,0,0,0,0,0,0,0,0,0,0,155,260,0.0,0.0,0.0,0.0,0.0,0.0,0.0,0.0,0.0,0,0,0,0
727,Samuel,Chukwueze,Chukwueze,a,,,5.3,186,117.0,0.1,521,190.0,1.7,178.0,82.0,3,0,0.0,-2,2.0,16,22,0.3,10.8,0.7,1.7,2.9,208.0,83.0,100.0,100.0,246.0,105.0,134.0,89.0,134.0,78.0,177.0,90.0,,,,,,,,0.2,0.32,0.52,1.44,0.0,0.19,1.55,0.77,7.44,34,3,75,0,0,1,0,0,0,0,0,0,0,1,0,12,185,168,0.0,0.06000000000000005,0.13999999999999968,0.1999999999999993,0.41000000000000014,0.0,0.0,0.0,0.0,0,0,5,5
731,Kevin,Santos Lopes de Macedo,Kevin,i,Foot injury - Unknown return date,,5.7,119,75.0,0.1,584,218.0,0.0,802.0,354.0,0,0,0.0,-3,3.0,4,4,0.0,7.5,0.0,0.0,1.9,361.0,156.0,0.0,0.0,287.0,121.0,165.0,111.0,154.0,87.0,229.0,112.0,,,,,,,,0.11,0.14,0.25,1.3,0.0,0.4,1.5,0.8,7.52,34,0,0,0,0,0,0,0,0,0,0,0,0,0,0,0,10,25,0.0,0.0,0.0,0.0,0.0,0.0,0.0,0.0,0.0,0,0,0,0
737,Jonah,Kusi-Asare,Kusi-Asare,a,,,4.5,512,74.0,0.1,480,69.0,0.0,674.0,73.0,0,0,0.0,0,0.0,18,13,0.0,0.9,-1.0,0.0,0.8,518.0,62.0,,,504.0,59.0,424.0,56.0,425.0,58.0,474.0,57.0,,,,,,,,0.0,0.21,0.21,2.25,0.0,0.0,6.0,0.0,6.0,34,0,0,0,0,0,0,0,0,0,0,0,0,0,0,0,196,110,0.0,0.0,0.0,0.0,0.0,0.0,0.0,0.0,0.0,0,0,0,0
786,Alfie,McNally,McNally,a,,,4.0,707,60.0,0.0,735,85.0,0.0,457.0,71.0,0,0,0.0,0,0.0,5,1,0.0,0.0,-1.0,0.0,0.0,612.0,82.0,,,602.0,82.0,594.0,70.0,563.0,56.0,604.0,82.0,,,,,,,,0.0,0.0,0.0,0.0,0.0,0.0,0.0,0.0,0.0,34,0,0,0,0,0,0,0,0,0,0,0,0,0,0,0,67,19,0.0,0.0,0.0,0.0,0.0,0.0,0.0,0.0,0.0,0,0,0,0
168,Facundo,Buonanotte,Buonanotte,a,,,4.6,405,249.0,0.1,498,179.0,0.0,685.0,275.0,0,0,0.0,-4,4.0,19,19,0.0,0.4,0.5,0.0,0.7,521.0,242.0,100.0,100.0,480.0,216.0,390.0,196.0,392.0,196.0,454.0,204.0,,,,,,,,0.05,0.13,0.18,2.43,0.0,0.0,2.61,1.3,6.52,34,0,0,0,0,0,0,0,0,0,0,0,0,0,0,0,68,134,0.0,0.0,0.0,0.0,0.0,0.0,0.0,0.0,0.0,0,0,0,0
339,Illan,Meslier,Meslier,a,,,4.1,657,36.0,0.3,309,41.0,0.0,496.0,78.0,0,0,0.0,-4,4.0,27,22,0.0,0.0,0.5,0.0,0.0,642.0,88.0,,,632.0,88.0,625.0,77.0,596.0,63.0,634.0,88.0,,,,,,,,0.0,0.0,0.0,0.0,0.0,0.0,0.0,0.0,0.0,34,0,0,0,0,0,0,0,0,0,0,0,0,0,0,0,108,194,0.0,0.0,0.0,0.0,0.0,0.0,0.0,0.0,0.0,0,0,0,0
340,Alex,Cairns,Cairns,a,,,3.9,751,73.0,0.1,423,61.0,0.0,385.0,32.0,0,0,0.0,-1,1.0,5,4,0.0,0.0,0.5,0.0,0.0,551.0,46.0,,,540.0,46.0,526.0,28.0,494.0,14.0,542.0,46.0,,,,,,,,0.0,0.0,0.0,0.0,0.0,0.0,0.0,0.0,0.0,34,0,0,0,0,0,0,0,0,0,0,0,0,0,0,0,41,81,0.0,0.0,0.0,0.0,0.0,0.0,0.0,0.0,0.0,0,0,0,0
341,Karl,Darlow,Darlow,a,,,3.9,746,68.0,6.0,64,10.0,4.0,58.0,5.0,0,0,0.0,-1,1.0,4857,404,1.0,13.8,4.5,0.0,3.0,197.0,22.0,,,142.0,20.0,521.0,23.0,489.0,9.0,308.0,20.0,,,,,,,,0.0,0.0,0.0,1.16,2.67,0.22,1.22,1.0,0.0,34,0,0,0,0,0,0,0,0,0,0,0,0,0,0,0,20647,14218,0.0,0.0,0.0,0.0,0.0,0.0,0.0,0.0,0.0,0,0,0,0
342,Jayden,Bogle,Bogle,a,,,4.4,534,108.0,0.6,242,92.0,4.3,50.0,22.0,0,0,0.0,-1,1.0,375,177,1.0,20.2,4.8,0.0,2.8,216.0,84.0,100.0,100.0,159.0,72.0,120.0,31.0,153.0,32.0,144.0,48.0,,,,,,,,0.07,0.09,0.16,1.29,0.0,0.21,1.44,1.03,5.68,34,0,0,0,0,0,0,0,0,0,0,0,0,0,0,0,642,9961,0.0,0.0,0.0,0.0,0.0,0.0,0.0,0.0,0.0,0,0,0,0
343,Pascal,Struijk,Struijk,a,,,4.3,584,130.0,2.8,116,46.0,4.0,60.0,27.0,0,0,0.0,-2,2.0,2993,351,0.9,24.4,4.5,0.0,3.4,135.0,51.0,100.0,100.0,40.0,16.0,216.0,58.0,114.0,18.0,95.0,24.0,,,,,,,,0.1,0.02,0.12,1.3,0.0,0.23,1.43,1.0,9.53,34,0,0,0,0,0,0,0,0,0,0,0,0,0,0,0,5849,18940,0.0,0.0,0.0,0.0,0.0,0.0,0.0,0.0,0.0,0,0,0,0
344,Jaka,Bijol,Bijol,a,,,3.9,764,219.0,1.1,188,73.0,4.7,42.0,19.0,0,0,0.0,-1,1.0,652,149,1.2,20.5,5.2,0.0,3.8,75.0,27.0,100.0,100.0,151.0,66.0,338.0,115.0,129.0,24.0,210.0,73.0,,,,,,,,0.05,0.04,0.09,1.43,0.0,0.23,1.34,0.99,10.05,34,0,0,0,0,0,0,0,0,0,0,0,0,0,0,0,1435,10387,0.0,0.0,0.0,0.0,0.0,0.0,0.0,0.0,0.0,0,0,0,0
345,Sebastiaan,Bornauw,Bornauw,a,,,3.8,801,242.0,0.1,444,166.0,0.0,364.0,128.0,0,0,0.0,-2,2.0,7,12,0.0,4.5,0.5,0.0,1.9,350.0,128.0,100.0,100.0,395.0,148.0,448.0,161.0,416.0,154.0,425.0,153.0,,,,,,,,0.0,0.0,0.0,1.46,0.0,0.3,1.18,1.18,11.25,34,0,0,0,0,0,0,0,0,0,0,0,0,0,0,0,36,342,0.0,0.0,0.0,0.0,0.0,0.0,0.0,0.0,0.0,0,0,0,0
346,Sam,Byram,Byram,a,,,3.7,820,259.0,0.3,324,118.0,0.0,348.0,114.0,0,0,0.0,-3,3.0,191,82,0.0,0.3,0.5,0.0,1.0,451.0,160.0,,,513.0,180.0,494.0,178.0,460.0,171.0,515.0,180.0,,,,,,,,0.0,0.0,0.0,10.16,0.0,0.0,12.86,0.0,0.0,34,0,0,0,0,0,0,0,0,0,0,0,0,0,0,0,1514,825,0.0,0.0,0.0,0.0,0.0,0.0,0.0,0.0,0.0,0,0,0,0
347,Gabriel,Gudmundsson,Gudmundsson,a,,,3.8,797,238.0,3.2,103,36.0,3.0,91.0,35.0,0,0,0.0,-2,2.0,1073,408,0.8,17.9,3.5,0.0,2.1,317.0,115.0,100.0,100.0,128.0,57.0,83.0,19.0,197.0,48.0,123.0,34.0,,,,,,,,0.04,0.1,0.14,1.4,0.0,0.17,1.54,1.06,6.28,34,0,0,0,0,0,0,0,0,0,0,0,0,0,0,0,2509,14609,0.0,0.0,0.0,0.0,0.0,0.0,0.0,0.0,0.0,0,0,0,0
348,Joe,Rodon,Rodon,a,,,3.9,759,216.0,2.9,112,42.0,0.3,301.0,96.0,0,0,0.0,-1,1.0,769,655,0.1,25.6,0.8,0.0,3.2,164.0,63.0,100.0,100.0,50.0,23.0,301.0,96.0,156.0,33.0,139.0,44.0,,,,,,,,0.04,0.02,0.06,1.42,0.0,0.17,1.67,1.01,8.65,34,0,0,0,0,0,0,0,0,0,0,0,0,0,0,0,2188,13035,0.0,0.0,0.0,0.0,0.0,0.0,0.0,0.0,0.0,0,0,0,0
349,Isaac,Schmidt,Schmidt,u,has joined Werder Bremen on loan for the rest of the season.,,4.0,698,177.0,0.1,562,201.0,0.0,450.0,171.0,0,0,0.0,0,0.0,0,1,0.0,0.0,0.0,0.0,0.0,606.0,222.0,0.0,0.0,595.0,221.0,587.0,221.0,556.0,217.0,597.0,221.0,,,,,,,,0.0,0.0,0.0,0.0,0.0,0.0,0.0,0.0,0.0,34,0,0,0,0,0,0,0,0,0,0,0,0,0,0,0,0,11,0.0,0.0,0.0,0.0,0.0,0.0,0.0,0.0,0.0,0,0,0,0
350,Brenden,Aaronson,Aaronson,a,,,5.4,166,104.0,1.1,189,64.0,4.0,68.0,21.0,0,0,0.0,-1,1.0,1005,395,0.7,22.4,4.5,0.0,3.7,98.0,41.0,,,126.0,41.0,58.0,49.0,44.0,26.0,51.0,34.0,,,,,,,,0.17,0.13,0.3,1.29,0.0,0.36,1.18,1.09,8.03,34,0,0,0,0,0,0,0,0,0,0,0,0,0,0,0,1532,18073,0.0,0.0,0.0,0.0,0.0,0.0,0.0,0.0,0.0,0,0,0,0
351,Wilfried,Gnonto,Gnonto,a,,,5.1,239,143.0,0.1,512,185.0,2.0,151.0,64.0,0,0,0.0,-4,4.0,13,9,0.4,5.5,2.5,0.0,1.5,413.0,180.0,100.0,100.0,397.0,176.0,262.0,162.0,333.0,174.0,371.0,176.0,,,,,,,,0.07,0.15,0.22,1.99,0.0,0.2,2.44,0.81,10.18,34,0,0,0,0,0,0,0,0,0,0,0,0,0,0,0,28,98,0.0,0.0,0.0,0.0,0.0,0.0,0.0,0.0,0.0,0,0,0,0
352,Jack,Harrison,Harrison,u,has joined ACF Fiorentina on loan for the rest of the season.,,5.1,229,139.0,0.0,600,226.0,0.0,762.0,331.0,0,0,0.0,-4,4.0,0,2,0.0,2.4,0.0,0.0,1.1,450.0,201.0,0.0,0.0,437.0,192.0,356.0,186.0,360.0,185.0,420.0,191.0,,,,,,,,0.1,0.08,0.18,1.31,0.0,0.0,1.72,0.34,8.24,34,0,0,0,0,0,0,0,0,0,0,0,0,0,0,0,0,7,0.0,0.0,0.0,0.0,0.0,0.0,0.0,0.0,0.0,0,0,0,0
354,Ethan,Ampadu,Ampadu,a,,,4.9,298,185.0,0.5,262,90.0,5.0,36.0,11.0,0,0,0.0,-1,1.0,751,185,1.0,23.9,5.5,0.0,3.8,79.0,35.0,100.0,100.0,81.0,25.0,91.0,67.0,210.0,114.0,105.0,61.0,,,,,,,,0.08,0.07,0.15,1.34,0.0,0.23,1.44,1.01,12.17,34,0,0,0,0,0,0,0,0,0,0,0,0,0,0,0,1473,4932,0.0,0.0,0.0,0.0,0.0,0.0,0.0,0.0,0.0,0,0,0,0
355,Sam,Greenwood,Greenwood,u,has joined Pogon Szczecin permanently.,,4.9,316,196.0,0.0,642,249.0,0.0,718.0,297.0,0,0,0.0,-1,1.0,0,0,0.0,0.0,0.0,0.0,0.0,780.0,337.0,0.0,0.0,779.0,336.0,775.0,336.0,771.0,334.0,779.0,336.0,,,,,,,,0.0,0.0,0.0,0.0,0.0,0.0,0.0,0.0,0.0,34,0,0,0,0,0,0,0,0,0,0,0,0,0,0,0,0,1,0.0,0.0,0.0,0.0,0.0,0.0,0.0,0.0,0.0,0,0,0,0
356,Ilia,Gruev,Gruev,i,Knee injury - Expected back 01 Jun,,4.7,390,242.0,0.1,483,167.0,0.7,269.0,124.0,0,0,0.0,-3,3.0,3,153,0.1,11.9,0.0,0.0,2.4,278.0,115.0,0.0,0.0,288.0,122.0,207.0,135.0,318.0,167.0,302.0,149.0,4.0,,,,,,,0.03,0.06,0.09,1.73,0.0,0.34,1.57,1.02,7.78,34,0,0,0,0,0,0,0,0,0,0,0,0,0,0,0,36,742,0.0,0.0,0.0,0.0,0.0,0.0,0.0,0.0,0.0,0,0,0,0
357,Largie,Ramazani,Ramazani,u,has joined Valencia on loan for the rest of the season.,,4.9,320,198.0,0.0,720,298.0,0.0,721.0,299.0,0,0,0.0,-1,1.0,0,0,0.0,0.0,0.0,0.0,0.0,782.0,339.0,0.0,0.0,781.0,338.0,777.0,338.0,773.0,336.0,781.0,338.0,,,,,,,,0.0,0.0,0.0,0.0,0.0,0.0,0.0,0.0,0.0,34,0,0,0,0,0,0,0,0,0,0,0,0,0,0,0,0,0,0.0,0.0,0.0,0.0,0.0,0.0,0.0,0.0,0.0,0,0,0,0
358,Tanaka,Ao,Tanaka,a,,,4.8,360,223.0,0.2,385,129.0,2.3,121.0,47.0,0,0,0.0,-2,2.0,68,33,0.5,10.6,2.8,0.0,2.1,327.0,142.0,100.0,100.0,298.0,129.0,140.0,94.0,277.0,149.0,258.0,129.0,,,,,,,,0.12,0.12,0.24,1.43,0.0,0.27,1.69,0.89,9.62,34,0,0,0,0,0,0,0,0,0,0,0,0,0,0,0,136,685,0.0,0.0,0.0,0.0,0.0,0.0,0.0,0.0,0.0,0,0,0,0
359,Charlie,Crew,Crew,u,Has joined Doncaster Rovers on loan for the rest of the season.,,4.5,461,278.0,0.0,800,354.0,0.0,625.0,227.0,0,0,0.0,0,0.0,0,0,0.0,0.0,0.0,0.0,0.0,722.0,293.0,0.0,0.0,717.0,288.0,712.0,290.0,696.0,283.0,718.0,289.0,,,,,,,,0.0,0.0,0.0,0.0,0.0,0.0,0.0,0.0,0.0,34,0,0,0,0,0,0,0,0,0,0,0,0,0,0,0,0,0,0.0,0.0,0.0,0.0,0.0,0.0,0.0,0.0,0.0,0,0,0,0
360,Joe,Gelhardt,Gelhardt,u,Has joined Hull City on loan for the rest of the season.,,4.5,441,263.0,0.0,761,323.0,0.0,611.0,215.0,0,0,0.0,0,0.0,0,0,0.0,0.0,0.0,0.0,0.0,711.0,282.0,0.0,0.0,705.0,276.0,701.0,279.0,684.0,272.0,707.0,278.0,,,,,,,,0.0,0.0,0.0,0.0,0.0,0.0,0.0,0.0,0.0,34,0,0,0,0,0,0,0,0,0,0,0,0,0,0,0,0,0,0.0,0.0,0.0,0.0,0.0,0.0,0.0,0.0,0.0,0,0,0,0
361,Darko,Gyabi,Gyabi,u,has joined Hull City permanently.,,4.5,442,264.0,0.0,670,269.0,0.0,612.0,216.0,0,0,0.0,0,0.0,0,0,0.0,0.0,0.0,0.0,0.0,712.0,283.0,0.0,0.0,706.0,277.0,702.0,280.0,685.0,273.0,708.0,279.0,,,,,,,,0.0,0.0,0.0,0.0,0.0,0.0,0.0,0.0,0.0,34,0,0,0,0,0,0,0,0,0,0,0,0,0,0,0,0,3,0.0,0.0,0.0,0.0,0.0,0.0,0.0,0.0,0.0,0,0,0,0
362,Joël,Piroe,Piroe,a,,,4.9,315,58.0,0.3,304,47.0,0.3,326.0,44.0,0,0,0.0,-6,6.0,20,24,0.1,3.1,0.8,0.0,1.1,448.0,55.0,100.0,100.0,466.0,55.0,374.0,48.0,273.0,48.0,405.0,52.0,,,3.0,,,,,0.34,0.05,0.39,2.21,0.0,0.42,2.92,0.83,4.58,34,0,0,0,0,0,0,0,0,0,0,0,0,0,0,0,58,119,0.0,0.0,0.0,0.0,0.0,0.0,0.0,0.0,0.0,0,0,0,0
363,Patrick,Bamford,Bamford,u,has departed the club as a free agent.,,4.9,287,57.0,0.3,315,50.0,0.0,704.0,75.0,0,0,0.0,-1,1.0,0,6,0.0,0.0,0.0,0.0,0.0,774.0,85.0,0.0,0.0,773.0,85.0,769.0,84.0,765.0,84.0,773.0,85.0,,,,,,,,0.0,0.0,0.0,0.0,0.0,0.0,0.0,0.0,0.0,34,0,0,0,0,0,0,0,0,0,0,0,0,0,0,0,0,21,0.0,0.0,0.0,0.0,0.0,0.0,0.0,0.0,0.0,0,0,0,0
364,Mateo,Joseph Fernández-Regatillo,Mateo Joseph,u,Has joined RCD Mallorca on loan for the rest of the season.,,5.0,278,56.0,0.0,748,91.0,0.0,754.0,80.0,0,0,0.0,0,0.0,0,0,0.0,0.0,0.0,0.0,0.0,801.0,88.0,0.0,0.0,800.0,88.0,798.0,88.0,793.0,88.0,800.0,88.0,,,,,,,,0.0,0.0,0.0,0.0,0.0,0.0,0.0,0.0,0.0,34,0,0,0,0,0,0,0,0,0,0,0,0,0,0,0,0,1,0.0,0.0,0.0,0.0,0.0,0.0,0.0,0.0,0.0,0,0,0,0
365,Lukas,Nmecha,Nmecha,a,,,5.0,247,52.0,0.6,256,37.0,0.7,274.0,36.0,0,0,0.0,0,0.0,87,110,0.1,13.6,1.2,0.0,2.5,264.0,25.0,100.0,100.0,245.0,21.0,278.0,29.0,69.0,26.0,185.0,24.0,,,2.0,,,,,0.67,0.1,0.77,1.75,0.0,0.3,1.91,0.91,4.23,34,0,0,0,0,0,0,0,0,0,0,0,0,0,0,0,293,1063,0.0,0.0,0.0,0.0,0.0,0.0,0.0,0.0,0.0,0,0,0,0
493,Sean,Longstaff,Longstaff,a,,,4.8,349,219.0,0.2,364,123.0,3.0,97.0,32.0,0,0,0.0,-2,2.0,28,14,0.6,11.0,3.5,0.0,2.6,248.0,100.0,100.0,100.0,235.0,101.0,79.0,61.0,282.0,152.0,191.0,94.0,2.0,2.0,,,,,,0.09,0.15,0.24,1.36,0.0,0.09,1.89,0.94,9.53,34,0,0,0,0,0,0,0,0,0,0,0,0,0,0,0,91,169,0.0,0.0,0.0,0.0,0.0,0.0,0.0,0.0,0.0,0,0,0,0
660,Anton,Stach,Stach,d,Ankle injury - 50% chance of playing,,4.8,364,226.0,1.6,157,54.0,0.0,700.0,284.0,0,0,0.0,-2,2.0,89,1145,0.0,25.4,0.2,0.0,4.7,22.0,10.0,50.0,50.0,59.0,16.0,8.0,8.0,101.0,62.0,28.0,23.0,1.0,1.0,,,,,,0.11,0.18,0.29,1.27,0.0,0.25,1.43,1.05,10.33,34,0,0,0,0,0,0,0,0,0,0,0,0,0,0,0,175,14812,0.0,0.0,0.0,0.0,0.0,0.0,0.0,0.0,0.0,0,0,0,0
665,Lucas Estella,Perri,Perri,a,,,4.4,531,26.0,0.3,346,48.0,0.0,554.0,86.0,0,0,0.0,-1,1.0,72,89,0.0,9.8,0.5,0.0,2.7,230.0,26.0,100.0,100.0,205.0,21.0,658.0,85.0,637.0,75.0,345.0,22.0,,,,,,,,0.0,0.0,0.0,1.67,2.38,0.19,1.81,1.0,0.0,34,0,0,0,0,0,0,0,0,0,0,0,0,0,0,0,227,738,0.0,0.0,0.0,0.0,0.0,0.0,0.0,0.0,0.0,0,0,0,0
691,Dominic,Calvert-Lewin,Calvert-Lewin,a,,,5.7,113,32.0,11.1,33,8.0,3.3,85.0,13.0,0,0,0.0,2,-2.0,11070,1936,0.6,21.1,3.8,0.0,3.9,71.0,6.0,100.0,100.0,89.0,8.0,142.0,11.0,4.0,4.0,29.0,6.0,,,1.0,,,,,0.52,0.04,0.56,1.1,0.0,0.26,1.17,0.98,3.51,34,0,0,0,0,0,0,0,0,0,0,0,0,0,0,0,21827,107076,0.0,0.0,0.0,0.0,0.0,0.0,0.0,0.0,0.0,0,0,0,0
698,Noah,Okafor,Okafor,a,,,5.5,143,89.0,1.5,162,56.0,10.3,2.0,2.0,0,0,0.0,0,0.0,16173,338,1.9,18.0,10.8,0.0,3.7,99.0,42.0,100.0,100.0,155.0,52.0,155.0,104.0,57.0,33.0,102.0,58.0,,,,,,,,0.3,0.07,0.37,1.48,0.0,0.3,1.57,1.09,6.47,34,0,0,0,0,0,0,0,0,0,0,0,0,0,0,0,25995,21400,0.0,0.0,0.0,0.0,0.0,0.0,0.0,0.0,0.0,0,0,0,0
706,James,Justin,Justin,a,,,3.9,761,217.0,1.4,169,65.0,6.7,11.0,6.0,0,0,0.0,-1,1.0,3910,169,1.7,20.8,7.2,0.0,3.2,165.0,64.0,100.0,100.0,154.0,69.0,211.0,55.0,168.0,38.0,183.0,63.0,3.0,,,,,,,0.09,0.06,0.15,1.5,0.0,0.29,1.23,1.0,8.86,34,0,0,0,0,0,0,0,0,0,0,0,0,0,0,0,8798,6273,0.0,0.0,0.0,0.0,0.0,0.0,0.0,0.0,0.0,0,0,0,0
741,Harry,Gray,Gray,u,has joined Rotherham United on loan for the rest of the season.,,4.5,496,70.0,0.1,526,73.0,0.0,659.0,69.0,0,0,0.0,0,0.0,0,5,0.0,0.0,0.0,0.0,0.0,748.0,80.0,0.0,0.0,746.0,80.0,739.0,79.0,726.0,79.0,746.0,80.0,,,,,,,,0.0,0.0,0.0,0.0,0.0,0.0,0.0,0.0,0.0,34,0,0,0,0,0,0,0,0,0,0,0,0,0,0,0,0,23,0.0,0.0,0.0,0.0,0.0,0.0,0.0,0.0,0.0,0,0,0,0
366,Alisson,Becker,A.Becker,d,Muscle injury - 50% chance of playing,,5.4,154,4.0,5.4,72,11.0,0.0,778.0,96.0,0,0,0.0,-1,1.0,31,803,0.0,16.5,0.0,0.2,3.6,108.0,15.0,50.0,50.0,119.0,18.0,493.0,17.0,803.0,94.0,288.0,18.0,,,,,,,,0.0,0.0,0.0,1.12,2.24,0.32,1.2,1.0,0.0,34,0,0,0,0,0,0,0,0,0,0,0,0,0,0,0,212,6937,0.0,0.0,0.0,0.0,0.0,0.0,0.0,0.0,0.0,0,0,0,0
367,Giorgi,Mamardashvili,Mamardashvili,i,Knee injury - Unknown return date,,4.1,658,37.0,0.7,237,32.0,3.3,79.0,9.0,0,0,0.0,-4,4.0,8,633,0.8,7.6,0.0,0.0,3.9,64.0,6.0,0.0,0.0,277.0,24.0,626.0,78.0,597.0,64.0,383.0,25.0,,,,,,,,0.0,0.0,0.0,1.43,3.54,0.26,1.7,1.05,0.0,34,0,0,0,0,0,0,0,0,0,0,0,0,0,0,0,128,4128,0.0,0.0,0.0,0.0,0.0,0.0,0.0,0.0,0.0,0,0,0,0
368,Ármin,Pécsi,Pécsi,a,,,3.8,817,96.0,0.9,207,25.0,0.0,378.0,27.0,0,0,0.0,-2,2.0,123,153,0.0,0.0,0.0,0.5,0.0,544.0,41.0,,,533.0,41.0,517.0,21.0,485.0,7.0,535.0,41.0,,,,,,,,0.0,0.0,0.0,0.0,0.0,0.0,0.0,0.0,0.0,34,0,0,0,0,0,0,0,0,0,0,0,0,0,0,0,1292,1130,0.0,0.0,0.0,0.0,0.0,0.0,0.0,0.0,0.0,0,0,0,0
369,Freddie,Woodman,Woodman,a,,,3.9,755,76.0,0.3,312,43.0,0.7,255.0,19.0,1,0,0.0,-1,1.0,266,106,0.2,0.5,0.7,1.2,1.0,457.0,37.0,,,470.0,37.0,529.0,31.0,497.0,17.0,488.0,37.0,,,,,,,,0.0,0.0,0.0,1.53,3.6,0.0,0.0,1.8,0.0,34,1,18,0,0,0,0,0,0,0,0,0,1,1,0,6,12267,1147,0.0,0.0,0.0,0.0,0.69,0.0,0.0,0.0,0.0,0,0,4,0
370,Jeremie,Frimpong,Frimpong,a,,,5.7,116,10.0,5.2,76,25.0,2.3,135.0,52.0,0,0,0.0,-3,3.0,236,734,0.4,10.2,2.3,2.8,3.4,145.0,54.0,100.0,100.0,358.0,136.0,177.0,45.0,222.0,57.0,286.0,92.0,,,,,,,,0.05,0.15,0.2,0.98,0.0,0.55,0.99,1.1,3.07,34,0,0,0,0,0,0,0,0,0,0,0,0,0,0,0,4178,3043,0.0,0.0,0.0,0.0,0.0,0.0,0.0,0.0,0.0,0,0,0,0
371,Milos,Kerkez,Kerkez,a,,,5.6,132,14.0,3.1,110,40.0,0.3,340.0,113.0,0,0,0.0,-4,4.0,122,393,0.1,14.3,0.3,0.8,2.8,224.0,89.0,,,145.0,62.0,76.0,16.0,225.0,58.0,134.0,40.0,,,,,,,,0.07,0.03,0.1,1.2,0.0,0.27,1.37,1.11,5.54,34,0,0,0,0,0,0,0,0,0,0,0,0,0,0,0,2524,1926,0.0,0.0,0.0,0.0,0.0,0.0,0.0,0.0,0.0,0,0,0,0
372,Andrew,Robertson,Robertson,a,,,5.7,112,9.0,1.0,196,75.0,3.0,105.0,42.0,1,0,0.0,-3,3.0,63,67,0.5,8.1,3.0,3.5,2.1,334.0,122.0,,,307.0,118.0,141.0,37.0,267.0,76.0,262.0,85.0,,,,,,,,0.07,0.1,0.17,1.2,0.0,0.38,1.13,0.85,4.42,34,1,18,0,0,0,0,0,0,0,0,0,0,1,0,3,1614,379,0.0,0.0,0.0,0.0,0.6899999999999995,0.0,0.0,0.0,0.0,0,0,0,0
373,Virgil,van Dijk,Virgil,a,,,6.2,71,2.0,33.7,8,2.0,6.0,17.0,8.0,1,0,0.0,2,-2.0,4764,8732,1.0,24.7,6.0,6.5,4.5,32.0,13.0,,,3.0,1.0,187.0,49.0,53.0,2.0,30.0,1.0,,,,,,,,0.09,0.04,0.13,1.2,0.0,0.3,1.3,1.02,9.49,34,1,18,0,0,0,0,0,0,0,0,0,0,1,0,4,124864,22233,0.0,0.0,0.0,0.0,0.6900000000000048,0.0,0.0,0.0,0.0,0,3,1,3
374,Ibrahima,Konaté,Konaté,a,,,5.5,138,16.0,4.3,92,31.0,3.7,76.0,33.0,1,0,0.0,0,0.0,499,1483,0.7,22.2,3.7,4.2,3.8,84.0,31.0,100.0,100.0,38.0,14.0,233.0,60.0,275.0,79.0,132.0,38.0,,,,,,,,0.04,0.03,0.07,1.12,0.0,0.34,1.18,1.08,9.04,34,1,18,0,0,0,0,0,0,0,0,0,0,1,0,5,19002,6061,0.0,0.0,0.0,0.0,0.6899999999999977,0.0,0.0,0.0,0.0,0,3,1,3
375,Conor,Bradley,Bradley,i,Knee injury - Expected back 01 Jun,,4.9,332,55.0,0.1,426,158.0,0.0,729.0,254.0,0,0,0.0,-1,1.0,3,6,0.0,8.6,0.0,0.0,2.8,219.0,87.0,0.0,0.0,325.0,123.0,280.0,83.0,322.0,101.0,343.0,116.0,,,,,,,,0.02,0.08,0.1,1.04,0.0,0.39,1.26,1.16,6.3,34,0,0,0,0,0,0,0,0,0,0,0,0,0,0,0,6,20,0.0,0.0,0.0,0.0,0.0,0.0,0.0,0.0,0.0,0,0,0,0
376,Joe,Gomez,Gomez,a,,,4.9,295,46.0,0.1,422,156.0,0.3,324.0,106.0,0,0,0.0,-1,1.0,18,9,0.1,6.3,0.3,0.8,1.8,376.0,141.0,100.0,100.0,364.0,138.0,320.0,109.0,375.0,129.0,384.0,133.0,,,,,,,,0.04,0.11,0.15,1.41,0.0,0.35,2.11,1.05,6.86,34,0,0,0,0,0,0,0,0,0,0,0,0,0,0,0,77,65,0.0,0.0,0.0,0.0,0.0,0.0,0.0,0.0,0.0,0,0,0,0
377,Konstantinos,Tsimikas,Tsimikas,u,has joined AS Roma on loan for the rest of the season.,,4.8,353,58.0,0.0,598,214.0,0.0,697.0,251.0,0,0,0.0,-2,2.0,0,0,0.0,0.0,0.0,0.0,0.0,772.0,263.0,0.0,0.0,771.0,263.0,766.0,263.0,758.0,263.0,771.0,263.0,,,,,,,,0.0,0.0,0.0,0.0,0.0,0.0,0.0,0.0,0.0,34,0,0,0,0,0,0,0,0,0,0,0,0,0,0,0,0,0,0.0,0.0,0.0,0.0,0.0,0.0,0.0,0.0,0.0,0,0,0,0
378,Amara,Nallo,Nallo,a,,,3.7,829,268.0,0.9,199,77.0,0.0,355.0,121.0,0,0,0.0,-3,3.0,28,173,0.0,0.0,0.0,0.5,0.0,529.0,186.0,100.0,100.0,518.0,185.0,500.0,184.0,467.0,178.0,520.0,185.0,,,,,,,,0.0,0.0,0.0,0.0,0.0,0.0,0.0,0.0,0.0,34,0,0,0,0,0,0,0,0,0,0,0,0,0,0,0,336,1869,0.0,0.0,0.0,0.0,0.0,0.0,0.0,0.0,0.0,0,0,0,0
379,Rhys,Williams,R.Williams,a,,,3.7,821,260.0,0.5,258,98.0,0.0,349.0,115.0,0,0,0.0,-3,3.0,32,94,0.0,0.0,0.0,0.5,0.0,525.0,182.0,,,514.0,181.0,495.0,179.0,461.0,172.0,516.0,181.0,,,,,,,,0.0,0.0,0.0,0.0,0.0,0.0,0.0,0.0,0.0,34,0,0,0,0,0,0,0,0,0,0,0,0,0,0,0,314,954,0.0,0.0,0.0,0.0,0.0,0.0,0.0,0.0,0.0,0,0,0,0
380,Calvin,Ramsay,Ramsay,a,,,3.7,823,262.0,0.3,349,125.0,0.0,351.0,117.0,0,0,0.0,-3,3.0,90,33,0.0,0.0,0.0,0.5,0.0,526.0,183.0,,,515.0,182.0,496.0,180.0,463.0,174.0,517.0,182.0,,,,,,,,0.0,0.0,0.0,0.0,0.0,0.0,0.0,0.0,0.0,34,0,0,0,0,0,0,0,0,0,0,0,0,0,0,0,673,238,0.0,0.0,0.0,0.0,0.0,0.0,0.0,0.0,0.0,0,0,0,0
381,Mohamed,Salah,M.Salah,a,,,14.0,2,1.0,14.9,22,8.0,6.3,14.0,6.0,1,0,0.0,-5,5.0,1636,2831,0.4,8.3,6.3,6.8,4.6,27.0,12.0,100.0,100.0,97.0,32.0,15.0,15.0,16.0,8.0,17.0,13.0,2.0,4.0,1.0,,,,,0.35,0.22,0.57,1.3,0.0,0.31,1.47,0.98,4.38,34,1,18,0,0,0,0,0,0,0,0,0,0,1,0,2,75634,4821,0.0,0.0,0.009999999999999787,0.010000000000001563,0.6899999999999977,0.0,0.0,0.0,0.0,0,0,0,0
382,Florian,Wirtz,Wirtz,a,,,8.3,13,8.0,9.1,42,15.0,3.0,107.0,39.0,1,0,0.0,-2,2.0,667,2794,0.4,13.7,3.0,3.5,3.8,87.0,38.0,100.0,100.0,114.0,37.0,7.0,7.0,28.0,12.0,16.0,12.0,4.0,5.0,,,,,,0.25,0.2,0.45,1.19,0.0,0.41,1.08,1.08,6.59,34,1,18,0,0,0,0,0,0,0,0,0,0,1,0,2,18155,8816,0.0,0.040000000000000036,0.009999999999999787,0.049999999999998934,0.6900000000000013,0.0,0.0,0.0,0.0,0,1,0,1
383,Luis,Díaz Marulanda,Luis Díaz,u,Has joined Bayern Munch permanently.,,8.0,17,12.0,0.0,607,231.0,0.0,824.0,370.0,0,0,0.0,0,0.0,0,1,0.0,0.0,0.0,0.0,0.0,828.0,372.0,0.0,0.0,828.0,372.0,828.0,372.0,828.0,372.0,828.0,372.0,,,,,,,,0.0,0.0,0.0,0.0,0.0,0.0,0.0,0.0,0.0,34,0,0,0,0,0,0,0,0,0,0,0,0,0,0,0,0,1,0.0,0.0,0.0,0.0,0.0,0.0,0.0,0.0,0.0,0,0,0,0
384,Cody,Gakpo,Gakpo,a,,,7.3,29,17.0,5.8,67,22.0,4.0,70.0,22.0,1,0,0.0,-2,2.0,406,1152,0.5,16.2,4.0,4.5,3.7,102.0,45.0,100.0,100.0,104.0,34.0,22.0,21.0,11.0,5.0,18.0,14.0,3.0,,3.0,,,,,0.27,0.18,0.45,1.05,0.0,0.39,1.16,1.08,5.2,34,1,18,0,0,0,0,0,0,0,0,0,0,1,0,2,25256,4679,0.0,0.0,0.0,0.0,0.6899999999999977,0.0,0.0,0.0,0.0,0,0,0,0
385,Federico,Chiesa,Chiesa,a,,,6.3,68,45.0,0.3,339,116.0,0.0,815.0,364.0,0,0,0.0,-2,2.0,8,19,0.0,5.4,0.0,0.5,1.5,416.0,182.0,100.0,100.0,354.0,159.0,360.0,187.0,214.0,118.0,348.0,168.0,,,,,,,,0.44,0.2,0.64,1.76,0.0,0.0,2.27,0.32,9.42,34,0,0,0,0,0,0,0,0,0,0,0,0,0,0,0,45,42,0.0,0.0,0.0,0.0,0.0,0.0,0.0,0.0,0.0,0,0,0,0
386,Alexis,Mac Allister,Mac Allister,a,,,6.2,73,48.0,2.0,139,45.0,1.0,246.0,114.0,1,0,0.0,-3,3.0,71,1239,0.2,14.2,1.0,1.5,2.7,243.0,99.0,100.0,100.0,164.0,56.0,56.0,47.0,95.0,56.0,85.0,51.0,,,4.0,,,,,0.14,0.06,0.2,1.18,0.0,0.28,1.26,1.09,7.86,34,1,18,0,0,0,0,0,0,0,0,0,0,1,0,3,927,5830,0.0,0.0,0.0,0.0,0.6899999999999977,0.0,0.0,0.0,0.0,1,1,1,3
387,Dominik,Szoboszlai,Szoboszlai,a,,,7.1,35,20.0,13.4,27,9.0,3.7,78.0,25.0,1,0,0.0,6,-6.0,2061,7272,0.5,18.9,3.7,4.2,4.2,49.0,22.0,100.0,100.0,30.0,8.0,2.0,2.0,86.0,49.0,7.0,5.0,1.0,2.0,2.0,,,,,0.13,0.18,0.31,1.22,0.0,0.29,1.35,1.03,9.84,34,1,18,0,0,0,0,0,0,0,0,0,0,1,0,2,54973,24083,0.0,0.020000000000000018,0.0,0.02000000000000135,0.6900000000000048,0.0,0.0,0.0,0.0,0,0,0,0
388,Curtis,Jones,C.Jones,a,,,5.4,163,102.0,0.1,464,159.0,2.0,153.0,66.0,1,0,0.0,-1,1.0,13,21,0.4,11.1,2.0,2.5,2.0,345.0,150.0,100.0,100.0,230.0,98.0,94.0,68.0,173.0,95.0,165.0,84.0,,,,,,,,0.09,0.15,0.24,1.42,0.0,0.18,1.63,0.84,11.44,34,1,18,0,0,0,0,0,0,0,0,0,0,1,0,3,165,85,0.0,0.0,0.0,0.0,0.6900000000000013,0.0,0.0,0.0,0.0,0,2,2,4
390,Ryan,Gravenberch,Gravenberch,a,,,5.5,144,90.0,4.1,95,31.0,1.0,240.0,111.0,0,0,0.0,0,0.0,147,1760,0.2,23.1,1.0,1.5,4.1,54.0,25.0,100.0,100.0,55.0,14.0,59.0,50.0,181.0,101.0,75.0,47.0,,,,,,,,0.06,0.07,0.13,1.13,0.0,0.31,1.19,1.02,9.3,34,0,0,0,0,0,0,0,0,0,0,0,0,0,0,0,3525,9893,0.0,0.0,0.0,0.0,0.0,0.0,0.0,0.0,0.0,0,0,0,0
392,Endo,Wataru,Endo,i,Foot injury - Expected back 24 May,,4.9,292,181.0,0.1,520,189.0,0.0,707.0,289.0,0,0,0.0,-1,1.0,0,2,0.0,2.4,0.0,0.0,1.5,411.0,178.0,0.0,0.0,415.0,180.0,404.0,202.0,434.0,210.0,432.0,194.0,,,,,,,,0.02,0.03,0.05,2.18,0.0,0.53,2.65,0.53,12.18,34,0,0,0,0,0,0,0,0,0,0,0,0,0,0,0,6,6,0.0,0.0,0.0,0.0,0.0,0.0,0.0,0.0,0.0,0,0,0,0
393,Stefan,Bajčetić Maquieira,Bajcetic,i,Hamstring injury - Unknown return date,,4.2,646,372.0,0.1,499,180.0,0.0,511.0,164.0,0,0,0.0,-3,3.0,164,66,0.0,0.0,0.0,0.0,0.0,650.0,244.0,0.0,0.0,641.0,234.0,635.0,239.0,610.0,226.0,643.0,236.0,,,,,,,,0.0,0.0,0.0,0.0,0.0,0.0,0.0,0.0,0.0,34,0,0,0,0,0,0,0,0,0,0,0,0,0,0,0,908,585,0.0,0.0,0.0,0.0,0.0,0.0,0.0,0.0,0.0,0,0,0,0
394,James,McConnell,McConnell,u,has joined Ajax on loan for the rest of the season.,,4.4,549,329.0,0.0,685,275.0,0.0,564.0,187.0,0,0,0.0,-1,1.0,0,1,0.0,0.0,0.0,0.0,0.0,677.0,260.0,0.0,0.0,669.0,252.0,665.0,256.0,644.0,246.0,671.0,254.0,,,,,,,,0.0,0.0,0.0,0.0,0.0,0.0,0.0,0.0,0.0,34,0,0,0,0,0,0,0,0,0,0,0,0,0,0,0,0,2,0.0,0.0,0.0,0.0,0.0,0.0,0.0,0.0,0.0,0,0,0,0
395,Tyler,Morton,Morton,u,Has joined Lyon permanently.,,4.5,434,257.0,0.0,809,357.0,0.0,604.0,209.0,0,0,0.0,0,0.0,0,0,0.0,0.0,0.0,0.0,0.0,704.0,276.0,0.0,0.0,698.0,270.0,694.0,273.0,677.0,266.0,700.0,272.0,,,,,,,,0.0,0.0,0.0,0.0,0.0,0.0,0.0,0.0,0.0,34,0,0,0,0,0,0,0,0,0,0,0,0,0,0,0,0,0,0.0,0.0,0.0,0.0,0.0,0.0,0.0,0.0,0.0,0,0,0,0
396,Trey,Nyoni,Nyoni,a,,,4.3,614,363.0,0.3,325,112.0,0.3,310.0,146.0,0,0,0.0,-2,2.0,12,27,0.1,1.2,0.3,0.8,1.0,473.0,206.0,,,494.0,227.0,419.0,209.0,437.0,213.0,475.0,214.0,,,,,,,,2.38,0.06,2.44,2.64,0.0,0.0,6.43,0.0,12.86,34,0,0,0,0,0,0,0,0,0,0,0,0,0,0,0,76,227,0.0,0.0,0.0,0.0,0.0,0.0,0.0,0.0,0.0,0,0,0,0
397,Darwin,Núñez Ribeiro,Darwin,u,Has joined Al-Hilal permanently.,,6.5,51,18.0,0.1,559,78.0,0.0,819.0,90.0,0,0,0.0,0,0.0,0,2,0.0,0.0,0.0,0.0,0.0,824.0,91.0,0.0,0.0,824.0,91.0,824.0,91.0,824.0,91.0,824.0,91.0,,,,,,,,0.0,0.0,0.0,0.0,0.0,0.0,0.0,0.0,0.0,34,0,0,0,0,0,0,0,0,0,0,0,0,0,0,0,0,4,0.0,0.0,0.0,0.0,0.0,0.0,0.0,0.0,0.0,0,0,0,0
398,Jayden,Danns,Danns,i,Hamstring injury - Unknown return date,,4.3,603,84.0,0.1,479,68.0,0.0,531.0,54.0,0,0,0.0,-2,2.0,11,5,0.0,0.0,0.0,0.0,0.0,658.0,66.0,0.0,0.0,648.0,66.0,643.0,65.0,620.0,65.0,650.0,66.0,,,,,,,,0.0,0.0,0.0,0.0,0.0,0.0,0.0,0.0,0.0,34,0,0,0,0,0,0,0,0,0,0,0,0,0,0,0,40,28,0.0,0.0,0.0,0.0,0.0,0.0,0.0,0.0,0.0,0,0,0,0
499,Alexander,Isak,Isak,a,,,10.3,5,2.0,4.1,96,17.0,1.3,216.0,30.0,1,0,0.0,-2,2.0,967,1319,0.1,3.2,1.3,1.8,2.5,273.0,29.0,100.0,100.0,367.0,38.0,373.0,47.0,193.0,42.0,354.0,43.0,,,,,,,,0.32,0.01,0.33,1.03,0.0,0.15,1.18,1.18,3.98,34,1,18,0,0,0,0,0,0,0,0,0,0,1,0,4,29864,2948,0.0,0.0,0.0,0.0,0.6899999999999995,0.0,0.0,0.0,0.0,0,2,0,2
661,Hugo,Ekitiké,Ekitiké,i,Achilles injury - Expected back 01 Jul,,9.1,7,3.0,18.6,16,4.0,0.0,827.0,92.0,0,0,0.0,6,-6.0,19,20369,0.0,13.7,0.0,0.0,4.5,35.0,5.0,0.0,0.0,84.0,6.0,116.0,5.0,13.0,7.0,35.0,7.0,,,,,,,,0.51,0.12,0.63,1.31,0.0,0.35,1.25,1.05,4.26,34,0,0,0,0,0,0,0,0,0,0,0,0,0,0,0,114,208273,0.0,0.0,0.0,0.0,0.0,0.0,0.0,0.0,0.0,0,0,0,0
686,Rio,Ngumoha,Ngumoha,a,,,4.3,619,367.0,1.1,194,68.0,4.0,61.0,19.0,0,0,0.0,-2,2.0,704,393,0.9,7.4,4.0,4.5,2.1,321.0,139.0,,,337.0,151.0,219.0,140.0,192.0,105.0,297.0,147.0,,,,,,,,0.31,0.52,0.83,1.61,0.0,0.59,1.48,0.59,5.33,34,0,0,0,0,0,0,0,0,0,0,0,0,0,0,0,7968,2682,0.0,0.0,0.0,0.0,0.0,0.0,0.0,0.0,0.0,0,0,0,0
692,Giovanni,Leoni,Leoni,i,Knee injury - Expected back 01 Sep,,4.9,344,57.0,0.0,722,251.0,0.0,735.0,255.0,0,0,0.0,-1,1.0,3,2,0.0,0.0,0.0,0.0,0.0,792.0,264.0,0.0,0.0,791.0,264.0,787.0,264.0,783.0,264.0,791.0,264.0,,,,,,,,0.0,0.0,0.0,0.0,0.0,0.0,0.0,0.0,0.0,34,0,0,0,0,0,0,0,0,0,0,0,0,0,0,0,4,3,0.0,0.0,0.0,0.0,0.0,0.0,0.0,0.0,0.0,0,0,0,0
746,Kieran,Morrison,Morrison,a,,,4.5,494,304.0,0.0,746,315.0,0.0,657.0,253.0,0,0,0.0,0,0.0,2,1,0.0,0.0,0.0,0.5,0.0,747.0,313.0,,,745.0,311.0,738.0,311.0,725.0,307.0,745.0,311.0,,,,,,,,0.0,0.0,0.0,0.0,0.0,0.0,0.0,0.0,0.0,34,0,0,0,0,0,0,0,0,0,0,0,0,0,0,0,9,6,0.0,0.0,0.0,0.0,0.0,0.0,0.0,0.0,0.0,0,0,0,0
760,Wellity,Lucky,Lucky,a,,,4.0,714,186.0,0.0,683,241.0,0.0,463.0,178.0,0,0,0.0,0,0.0,6,5,0.0,0.0,0.0,0.5,0.0,616.0,227.0,,,606.0,227.0,599.0,227.0,568.0,223.0,608.0,227.0,,,,,,,,0.0,0.0,0.0,0.0,0.0,0.0,0.0,0.0,0.0,34,0,0,0,0,0,0,0,0,0,0,0,0,0,0,0,23,12,0.0,0.0,0.0,0.0,0.0,0.0,0.0,0.0,0.0,0,0,0,0
82,Antoine,Semenyo,Semenyo,a,,,8.2,14,9.0,51.4,2,1.0,2.3,140.0,58.0,0,0,0.0,12,-12.0,6455,16744,0.3,22.1,2.8,0.0,5.7,5.0,2.0,100.0,100.0,10.0,2.0,35.0,32.0,5.0,1.0,5.0,3.0,,4.0,,,,,,0.33,0.08,0.41,1.4,0.0,0.32,1.52,1.02,6.92,34,0,0,0,0,0,0,0,0,0,0,0,0,0,0,0,10236,354562,0.0,0.0,0.0,0.0,0.0,0.0,0.0,0.0,0.0,0,0,0,0
182,James,Trafford,Trafford,a,,,4.5,432,23.0,0.9,200,24.0,0.0,602.0,89.0,0,0,0.0,-5,5.0,11,28,0.0,2.4,0.5,0.0,3.7,91.0,12.0,,,378.0,28.0,692.0,88.0,675.0,78.0,422.0,28.0,,,,,,,,0.0,0.0,0.0,1.32,3.67,0.33,1.33,1.0,0.0,34,0,0,0,0,0,0,0,0,0,0,0,0,0,0,0,53,106,0.0,0.0,0.0,0.0,0.0,0.0,0.0,0.0,0.0,0,0,0,0
260,Marc,Guéhi,Guéhi,a,,,5.1,227,32.0,32.8,9,3.0,7.7,5.0,3.0,0,0,0.0,6,-6.0,5063,5500,1.5,31.0,8.2,0.0,5.1,10.0,2.0,100.0,100.0,11.0,5.0,144.0,38.0,68.0,3.0,46.0,5.0,,,,,,,,0.12,0.07,0.19,1.25,0.0,0.39,1.0,1.0,8.06,34,0,0,0,0,0,0,0,0,0,0,0,0,0,0,0,10413,113243,0.0,0.0,0.0,0.0,0.0,0.0,0.0,0.0,0.0,0,0,0,0
399,Ederson,Santana de Moraes,Ederson M.,u,has joined Fenerbache permanently.,,5.3,182,5.0,0.8,214,28.0,0.0,772.0,95.0,0,0,0.0,-2,2.0,0,8,0.0,0.0,0.0,0.0,0.0,806.0,96.0,0.0,0.0,805.0,96.0,804.0,95.0,801.0,93.0,805.0,96.0,,,,,,,,0.0,0.0,0.0,0.0,0.0,0.0,0.0,0.0,0.0,34,0,0,0,0,0,0,0,0,0,0,0,0,0,0,0,0,25,0.0,0.0,0.0,0.0,0.0,0.0,0.0,0.0,0.0,0,0,0,0
401,Marcus,Bettinelli,Bettinelli,a,,,3.8,794,94.0,0.4,292,37.0,0.0,359.0,25.0,0,0,0.0,-2,2.0,24,140,0.0,0.0,0.5,0.0,0.0,532.0,40.0,100.0,100.0,521.0,40.0,503.0,19.0,470.0,5.0,523.0,40.0,,,,,,,,0.0,0.0,0.0,0.0,0.0,0.0,0.0,0.0,0.0,34,0,0,0,0,0,0,0,0,0,0,0,0,0,0,0,756,507,0.0,0.0,0.0,0.0,0.0,0.0,0.0,0.0,0.0,0,0,0,0
402,Rayan,Aït-Nouri,Aït-Nouri,a,,,5.7,117,11.0,4.2,94,32.0,3.0,106.0,43.0,0,0,0.0,-3,3.0,272,553,0.5,9.3,3.5,0.0,3.5,126.0,48.0,100.0,100.0,302.0,116.0,195.0,51.0,307.0,94.0,300.0,100.0,,,,,,,,0.05,0.18,0.23,1.16,0.0,0.41,0.83,1.14,6.43,34,0,0,0,0,0,0,0,0,0,0,0,0,0,0,0,584,5356,0.0,0.0,0.0,0.0,0.0,0.0,0.0,0.0,0.0,0,0,0,0
403,Joško,Gvardiol,Gvardiol,i,Leg injury - Unknown return date,,5.8,107,7.0,3.2,105,38.0,0.0,804.0,266.0,0,0,0.0,-2,2.0,5,177,0.0,13.3,0.0,0.0,4.8,21.0,7.0,0.0,0.0,186.0,77.0,283.0,85.0,165.0,36.0,222.0,77.0,,,,,,,,0.15,0.04,0.19,1.06,0.0,0.42,0.9,1.04,6.85,34,0,0,0,0,0,0,0,0,0,0,0,0,0,0,0,20,523,0.0,0.0,0.0,0.0,0.0,0.0,0.0,0.0,0.0,0,0,0,0
404,Manuel,Akanji,Akanji,u,has joined Inter Milan on loan for the rest of the season.,,5.4,164,19.0,0.3,351,127.0,0.0,783.0,261.0,0,0,0.0,-1,1.0,0,0,0.0,0.0,0.0,0.0,0.0,809.0,267.0,0.0,0.0,808.0,267.0,807.0,267.0,805.0,267.0,808.0,267.0,,,,,,,,0.0,0.0,0.0,0.0,0.0,0.0,0.0,0.0,0.0,34,0,0,0,0,0,0,0,0,0,0,0,0,0,0,0,0,5,0.0,0.0,0.0,0.0,0.0,0.0,0.0,0.0,0.0,0,0,0,0
405,Nathan,Aké,Aké,a,,,5.2,202,27.0,0.6,245,93.0,0.3,333.0,111.0,0,0,0.0,-3,3.0,23,35,0.1,5.4,0.8,0.0,1.9,357.0,132.0,,,372.0,140.0,293.0,90.0,378.0,131.0,381.0,132.0,,,,,,,,0.05,0.08,0.13,1.46,0.0,0.37,1.29,0.74,7.19,34,0,0,0,0,0,0,0,0,0,0,0,0,0,0,0,51,198,0.0,0.0,0.0,0.0,0.0,0.0,0.0,0.0,0.0,0,0,0,0
406,Abdukodir,Khusanov,Khusanov,a,,,5.4,181,22.0,0.6,257,97.0,7.0,10.0,5.0,0,0,0.0,-1,1.0,1428,130,1.3,10.4,7.5,0.0,3.1,195.0,78.0,100.0,100.0,251.0,98.0,286.0,87.0,393.0,140.0,326.0,110.0,,,,,,,,0.05,0.03,0.08,1.2,0.0,0.39,0.7,0.93,8.25,34,0,0,0,0,0,0,0,0,0,0,0,0,0,0,0,2975,1573,0.0,0.0,0.0,0.0,0.0,0.0,0.0,0.0,0.0,0,0,0,0
407,Matheus,Nunes,Matheus N.,a,,,5.3,195,23.0,2.9,113,43.0,5.7,23.0,12.0,0,0,0.0,-2,2.0,1063,835,1.1,27.4,6.2,0.0,4.8,19.0,6.0,100.0,100.0,49.0,22.0,46.0,5.0,248.0,66.0,70.0,13.0,,,4.0,,,,,0.01,0.08,0.09,1.05,0.0,0.39,0.85,0.99,6.18,34,0,0,0,0,0,0,0,0,0,0,0,0,0,0,0,2127,15144,0.0,0.0,0.0,0.0,0.0,0.0,0.0,0.0,0.0,0,0,0,0
408,Rúben,dos Santos Gato Alves Dias,Rúben,i,Hamstring injury - Unknown return date,,5.5,136,15.0,3.2,106,39.0,0.0,794.0,263.0,0,0,0.0,0,0.0,11,417,0.0,20.4,0.0,0.0,4.5,29.0,11.0,0.0,0.0,76.0,36.0,236.0,61.0,274.0,78.0,173.0,57.0,,,,,,,,0.03,0.03,0.06,1.07,0.0,0.53,0.88,1.01,7.2,34,0,0,0,0,0,0,0,0,0,0,0,0,0,0,0,25,1733,0.0,0.0,0.0,0.0,0.0,0.0,0.0,0.0,0.0,0,0,0,0
409,John,Stones,Stones,a,,,5.4,153,17.0,0.6,255,96.0,0.0,777.0,260.0,0,0,0.0,-1,1.0,25,13,0.0,2.2,0.5,0.0,1.7,397.0,146.0,100.0,100.0,396.0,149.0,401.0,145.0,458.0,170.0,424.0,152.0,,,,,,,,0.0,0.02,0.02,1.29,0.0,0.26,2.05,1.03,4.87,34,0,0,0,0,0,0,0,0,0,0,0,0,0,0,0,59,52,0.0,0.0,0.0,0.0,0.0,0.0,0.0,0.0,0.0,0,0,0,0
410,Rico,Lewis,Lewis,a,,,4.6,404,72.0,1.2,182,70.0,0.0,684.0,248.0,0,0,0.0,-4,4.0,20,51,0.0,4.1,0.5,0.0,1.9,353.0,131.0,100.0,100.0,406.0,152.0,289.0,89.0,345.0,112.0,385.0,134.0,,,,,,,,0.03,0.38,0.41,1.46,0.0,0.29,1.45,0.87,5.5,34,0,0,0,0,0,0,0,0,0,0,0,0,0,0,0,54,216,0.0,0.0,0.0,0.0,0.0,0.0,0.0,0.0,0.0,0,0,0,0
411,Nico,O'Reilly,O'Reilly,a,,,5.1,237,37.0,14.8,23,8.0,9.0,4.0,2.0,0,0,0.0,1,-1.0,27196,579,1.8,29.8,9.5,0.0,4.9,16.0,5.0,100.0,100.0,53.0,26.0,75.0,15.0,38.0,1.0,40.0,4.0,,,,,,,,0.2,0.09,0.29,1.14,0.0,0.49,0.8,0.99,6.07,34,0,0,0,0,0,0,0,0,0,0,0,0,0,0,0,68222,38742,0.0,0.0,0.0,0.0,0.0,0.0,0.0,0.0,0.0,0,0,0,0
412,Vitor,de Oliveira Nunes dos Reis,Vitor Reis,u,Has joined Girona on loan for the rest of the season.,,5.0,282,43.0,0.0,787,263.0,0.0,758.0,257.0,0,0,0.0,0,0.0,0,0,0.0,0.0,0.0,0.0,0.0,805.0,266.0,0.0,0.0,804.0,266.0,802.0,266.0,797.0,266.0,804.0,266.0,,,,,,,,0.0,0.0,0.0,0.0,0.0,0.0,0.0,0.0,0.0,34,0,0,0,0,0,0,0,0,0,0,0,0,0,0,0,0,0,0.0,0.0,0.0,0.0,0.0,0.0,0.0,0.0,0.0,0,0,0,0
413,Omar,Marmoush,Marmoush,a,,,8.3,12,7.0,2.5,124,40.0,0.0,825.0,371.0,0,0,0.0,-2,2.0,105,270,0.0,4.8,0.5,0.0,2.4,293.0,128.0,100.0,100.0,343.0,155.0,230.0,147.0,131.0,77.0,280.0,142.0,4.0,1.0,2.0,,,,,0.35,0.11,0.46,1.05,0.0,0.48,0.8,1.11,5.09,34,0,0,0,0,0,0,0,0,0,0,0,0,0,0,0,241,1825,0.0,0.0,0.0,0.0,0.0,0.0,0.0,0.0,0.0,0,0,0,0
414,Phil,Foden,Foden,a,,,8.0,16,11.0,7.7,53,18.0,0.7,299.0,141.0,0,0,0.0,0,0.0,85,1106,0.1,14.2,1.2,0.0,4.1,57.0,27.0,100.0,100.0,91.0,30.0,9.0,9.0,49.0,29.0,22.0,18.0,5.0,,,,,,,0.26,0.2,0.46,1.11,0.0,0.49,0.79,1.03,6.9,34,0,0,0,0,0,0,0,0,0,0,0,0,0,0,0,188,6878,0.0,0.0,0.0,0.0,0.0,0.0,0.0,0.0,0.0,0,0,0,0
415,Sávio,Moreira de Oliveira,Savinho,a,,,6.9,40,24.0,0.4,289,100.0,1.0,251.0,119.0,0,0,0.0,-1,1.0,19,18,0.1,4.3,1.5,0.0,1.5,418.0,183.0,100.0,100.0,385.0,171.0,231.0,148.0,116.0,68.0,282.0,144.0,,,,,,,,0.29,0.19,0.48,1.11,0.0,0.3,0.75,0.75,7.62,34,0,0,0,0,0,0,0,0,0,0,0,0,0,0,0,43,107,0.0,0.0,0.0,0.0,0.0,0.0,0.0,0.0,0.0,0,0,0,0
416,Bernardo,Mota Veiga de Carvalho e Silva,Bernardo,a,,,6.2,72,47.0,0.6,243,85.0,3.3,87.0,30.0,0,0,0.0,-3,3.0,161,182,0.5,14.7,3.8,0.0,2.8,227.0,91.0,100.0,100.0,123.0,40.0,13.0,13.0,98.0,59.0,41.0,29.0,1.0,,,,,,,0.08,0.13,0.21,1.11,0.0,0.4,0.9,1.04,8.02,34,0,0,0,0,0,0,0,0,0,0,0,0,0,0,0,372,2222,0.0,0.0,0.0,0.0,0.0,0.0,0.0,0.0,0.0,0,0,0,0
417,Rayan,Cherki,Cherki,a,,,6.4,59,38.0,10.5,35,11.0,7.7,7.0,3.0,0,0,0.0,-1,1.0,29860,749,1.2,19.2,8.2,0.0,4.4,36.0,16.0,100.0,100.0,75.0,22.0,5.0,5.0,36.0,20.0,14.0,10.0,3.0,2.0,,,,,,0.22,0.47,0.69,1.14,0.0,0.47,0.82,0.99,7.34,34,0,0,0,0,0,0,0,0,0,0,0,0,0,0,0,69399,35571,0.0,0.0,0.0,0.0,0.0,0.0,0.0,0.0,0.0,0,0,0,0
418,Jérémy,Doku,Doku,a,,,6.4,56,35.0,2.5,122,39.0,5.3,31.0,9.0,0,0,0.0,-1,1.0,677,304,0.8,14.1,5.8,0.0,3.6,111.0,50.0,100.0,100.0,170.0,61.0,20.0,19.0,42.0,25.0,39.0,28.0,,,3.0,,,,,0.14,0.31,0.45,1.12,0.0,0.43,0.85,0.98,6.78,34,0,0,0,0,0,0,0,0,0,0,0,0,0,0,0,1445,4122,0.0,0.0,0.0,0.0,0.0,0.0,0.0,0.0,0.0,0,0,0,0
420,İlkay,Gündoğan,Gündoğan,u,has joined Galatasaray permanently.,,6.3,63,41.0,0.1,563,207.0,0.0,813.0,362.0,0,0,0.0,-2,2.0,0,0,0.0,0.0,0.0,0.0,0.0,821.0,368.0,0.0,0.0,821.0,368.0,821.0,368.0,821.0,368.0,821.0,368.0,,,,,,,,0.0,0.0,0.0,0.0,0.0,0.0,0.0,0.0,0.0,34,0,0,0,0,0,0,0,0,0,0,0,0,0,0,0,0,0,0.0,0.0,0.0,0.0,0.0,0.0,0.0,0.0,0.0,0,0,0,0
421,Rodrigo 'Rodri',Hernandez Cascante,Rodrigo,d,Groin Injury - 75% chance of playing,,6.3,67,44.0,0.5,269,93.0,1.7,186.0,86.0,0,0,0.0,-2,2.0,2,263,0.3,9.8,1.7,0.0,3.1,196.0,77.0,75.0,75.0,193.0,77.0,74.0,58.0,268.0,145.0,157.0,81.0,,,,,,,,0.05,0.15,0.2,1.19,0.0,0.32,0.89,1.01,12.3,34,0,0,0,0,0,0,0,0,0,0,0,0,0,0,0,39,1055,0.0,0.0,0.0,0.0,0.0,0.0,0.0,0.0,0.0,0,0,0,0
422,Mateo,Kovačić,Kovačić,a,,,5.8,101,66.0,0.0,677,272.0,0.3,341.0,160.0,0,0,0.0,-2,2.0,4,5,0.1,0.3,0.8,0.0,1.0,508.0,236.0,100.0,100.0,483.0,219.0,455.0,218.0,816.0,364.0,493.0,226.0,,,,,,,,0.0,0.21,0.21,4.29,0.0,0.0,0.0,0.0,0.0,34,0,0,0,0,0,0,0,0,0,0,0,0,0,0,0,9,12,0.0,0.0,0.0,0.0,0.0,0.0,0.0,0.0,0.0,0,0,0,0
423,Nico,González Iglesias,N.Gonzalez,a,,,5.9,96,63.0,0.1,478,166.0,0.7,288.0,134.0,0,0,0.0,-1,1.0,5,7,0.1,9.7,1.2,0.0,2.5,271.0,113.0,100.0,100.0,225.0,96.0,183.0,121.0,317.0,166.0,261.0,132.0,,,,,,,,0.04,0.07,0.11,1.09,0.0,0.45,0.9,0.97,12.05,34,0,0,0,0,0,0,0,0,0,0,0,0,0,0,0,10,24,0.0,0.0,0.0,0.0,0.0,0.0,0.0,0.0,0.0,0,0,0,0
425,Claudio,Echeverri,Echeverri,u,has joined Girona on loan for the rest of the season.,,5.4,180,113.0,0.0,749,317.0,0.0,792.0,350.0,0,0,0.0,-1,1.0,0,0,0.0,0.0,0.0,0.0,0.0,815.0,363.0,0.0,0.0,814.0,362.0,813.0,362.0,811.0,361.0,814.0,362.0,,,,,,,,0.0,0.0,0.0,0.0,0.0,0.0,0.0,0.0,0.0,34,0,0,0,0,0,0,0,0,0,0,0,0,0,0,0,0,0,0.0,0.0,0.0,0.0,0.0,0.0,0.0,0.0,0.0,0,0,0,0
427,Tijjani,Reijnders,Reijnders,a,,,5.0,259,157.0,9.1,43,16.0,0.0,744.0,316.0,0,0,0.0,-5,5.0,51,643,0.0,17.2,0.5,0.0,3.3,154.0,63.0,,,194.0,78.0,97.0,70.0,66.0,40.0,99.0,57.0,4.0,3.0,,,,,,0.24,0.14,0.38,1.05,0.0,0.42,0.97,1.03,5.75,34,0,0,0,0,0,0,0,0,0,0,0,0,0,0,0,147,4299,0.0,0.0,0.0,0.0,0.0,0.0,0.0,0.0,0.0,0,0,0,0
428,Sverre,Nypan,Nypan,a,,,5.0,279,172.0,0.0,713,291.0,0.0,755.0,325.0,0,0,0.0,0,0.0,1,3,0.0,0.0,0.5,0.0,0.0,802.0,354.0,100.0,100.0,801.0,353.0,799.0,353.0,794.0,351.0,801.0,353.0,,,,,,,,0.0,0.0,0.0,0.0,0.0,0.0,0.0,0.0,0.0,34,0,0,0,0,0,0,0,0,0,0,0,0,0,0,0,3,5,0.0,0.0,0.0,0.0,0.0,0.0,0.0,0.0,0.0,0,0,0,0
429,Kalvin,Phillips,Phillips,u,has joined Sheffield United on loan for the rest of the season.,,4.7,378,236.0,0.1,566,210.0,0.0,687.0,276.0,0,0,0.0,-3,3.0,0,0,0.0,0.0,0.0,0.0,0.0,768.0,330.0,0.0,0.0,767.0,329.0,762.0,329.0,751.0,326.0,767.0,329.0,,,,,,,,0.0,0.0,0.0,0.0,0.0,0.0,0.0,0.0,0.0,34,0,0,0,0,0,0,0,0,0,0,0,0,0,0,0,0,2,0.0,0.0,0.0,0.0,0.0,0.0,0.0,0.0,0.0,0,0,0,0
430,Erling,Haaland,Haaland,a,,,14.5,1,1.0,58.3,1,1.0,5.0,41.0,8.0,0,0,0.0,5,-5.0,26120,1387,0.3,14.6,5.5,0.0,6.6,4.0,1.0,100.0,100.0,2.0,1.0,133.0,9.0,1.0,1.0,2.0,1.0,,,1.0,,,,,0.79,0.07,0.86,1.13,0.0,0.4,0.94,1.04,3.29,34,0,0,0,0,0,0,0,0,0,0,0,0,0,0,0,44944,172165,0.0,0.0,0.0,0.0,0.0,0.0,0.0,0.0,0.0,0,0,0,0
736,Gianluigi,Donnarumma,Donnarumma,a,,,5.6,125,3.0,9.2,41,6.0,5.0,38.0,3.0,0,0,0.0,1,-1.0,1942,1816,0.9,21.2,5.5,0.0,4.0,61.0,4.0,,,58.0,12.0,817.0,96.0,815.0,95.0,246.0,12.0,,,,,,,,0.0,0.0,0.0,1.09,2.3,0.43,0.83,1.0,0.0,34,0,0,0,0,0,0,0,0,0,0,0,0,0,0,0,5468,24002,0.0,0.0,0.0,0.0,0.0,0.0,0.0,0.0,0.0,0,0,0,0
739,Divine,Mukasa,Mukasa,u,has joined Leicester City on loan for the rest of the season.,,4.4,569,343.0,0.0,698,282.0,0.0,582.0,199.0,0,0,0.0,-1,1.0,0,0,0.0,0.5,0.0,0.0,1.0,479.0,212.0,0.0,0.0,484.0,220.0,387.0,194.0,438.0,214.0,460.0,208.0,,,,,,,,0.0,0.76,0.76,1.22,0.0,0.0,0.0,0.0,3.6,34,0,0,0,0,0,0,0,0,0,0,0,0,0,0,0,0,3,0.0,0.0,0.0,0.0,0.0,0.0,0.0,0.0,0.0,0,0,0,0
740,Stephen,Mfuni,Mfuni,u,has joined Watford on loan for the rest of the season.,,3.9,784,228.0,0.0,624,223.0,0.0,411.0,152.0,0,0,0.0,-1,1.0,0,1,0.0,0.0,0.0,0.0,0.0,573.0,207.0,0.0,0.0,562.0,206.0,551.0,206.0,519.0,201.0,564.0,206.0,,,,,,,,0.0,0.0,0.0,0.0,0.0,0.0,0.0,0.0,0.0,34,0,0,0,0,0,0,0,0,0,0,0,0,0,0,0,0,4,0.0,0.0,0.0,0.0,0.0,0.0,0.0,0.0,0.0,0,0,0,0
742,Ryan,McAidoo,McAidoo,a,,,4.5,505,313.0,0.0,734,306.0,0.0,668.0,262.0,0,0,0.0,0,0.0,6,1,0.0,0.0,0.5,0.0,0.0,755.0,319.0,,,754.0,318.0,747.0,318.0,734.0,314.0,754.0,318.0,,,,,,,,0.0,0.0,0.0,0.0,0.0,0.0,0.0,0.0,0.0,34,0,0,0,0,0,0,0,0,0,0,0,0,0,0,0,13,2,0.0,0.0,0.0,0.0,0.0,0.0,0.0,0.0,0.0,0,0,0,0
763,Charlie,Gray,Gray,a,,,4.5,457,274.0,0.0,784,341.0,0.0,623.0,225.0,0,0,0.0,0,0.0,2,3,0.0,0.0,0.5,0.0,0.0,720.0,291.0,,,715.0,286.0,710.0,288.0,694.0,281.0,716.0,287.0,,,,,,,,0.0,0.0,0.0,0.0,0.0,0.0,0.0,0.0,0.0,34,0,0,0,0,0,0,0,0,0,0,0,0,0,0,0,5,6,0.0,0.0,0.0,0.0,0.0,0.0,0.0,0.0,0.0,0,0,0,0
764,Reigan,Heskey,Heskey,a,,,4.5,488,299.0,0.0,793,348.0,0.0,651.0,248.0,0,0,0.0,0,0.0,2,0,0.0,0.0,0.5,0.0,0.0,741.0,308.0,,,739.0,306.0,732.0,306.0,719.0,302.0,739.0,306.0,,,,,,,,0.0,0.0,0.0,0.0,0.0,0.0,0.0,0.0,0.0,34,0,0,0,0,0,0,0,0,0,0,0,0,0,0,0,8,5,0.0,0.0,0.0,0.0,0.0,0.0,0.0,0.0,0.0,0,0,0,0
794,Max,Alleyne,Alleyne,a,,,3.9,777,225.0,0.0,745,256.0,0.0,404.0,149.0,0,0,0.0,-6,6.0,1,6,0.0,1.3,0.5,0.0,2.5,259.0,101.0,100.0,100.0,434.0,161.0,410.0,148.0,374.0,128.0,436.0,157.0,,,,,,,,0.17,0.04,0.21,1.03,0.0,0.0,0.67,1.33,7.33,34,0,0,0,0,0,0,0,0,0,0,0,0,0,0,0,12,21,0.0,0.0,0.0,0.0,0.0,0.0,0.0,0.0,0.0,0,0,0,0
119,Bryan,Mbeumo,Mbeumo,d,Knock - 75% chance of playing,,8.4,11,6.0,17.4,18,6.0,1.3,215.0,98.0,0,-1,1.0,4,-4.0,137,18622,0.2,15.0,1.0,1.4,4.5,34.0,15.0,75.0,75.0,77.0,23.0,14.0,14.0,10.0,4.0,12.0,9.0,2.0,2.0,,,,,,0.32,0.18,0.5,1.24,0.0,0.24,1.29,1.06,4.82,34,0,0,0,0,0,0,0,0,0,0,0,0,0,0,0,2380,96419,0.0,0.0,0.0,0.0,0.0,0.0,0.0,0.0,0.0,0,0,0,0
431,Altay,Bayındır,Bayindir,a,,,4.7,387,18.0,0.3,317,44.0,0.0,691.0,92.0,0,0,0.0,-3,3.0,22,16,0.0,2.3,0.0,0.5,1.8,372.0,34.0,,,355.0,26.0,434.0,13.0,754.0,84.0,411.0,26.0,,,,,,,,0.0,0.01,0.01,1.54,2.17,0.0,1.83,1.0,0.0,34,0,0,0,0,0,0,0,0,0,0,0,0,0,0,0,142,81,0.0,0.0,0.0,0.0,0.0,0.0,0.0,0.0,0.0,0,0,0,0
432,André,Onana,Onana,u,has joined Trabzonspor on loan for the rest of the season.,,4.9,300,11.0,0.1,429,62.0,0.0,711.0,93.0,0,0,0.0,-1,1.0,0,4,0.0,0.0,0.0,0.0,0.0,778.0,95.0,0.0,0.0,777.0,95.0,773.0,92.0,769.0,90.0,777.0,95.0,,,,,,,,0.0,0.0,0.0,0.0,0.0,0.0,0.0,0.0,0.0,34,0,0,0,0,0,0,0,0,0,0,0,0,0,0,0,0,8,0.0,0.0,0.0,0.0,0.0,0.0,0.0,0.0,0.0,0,0,0,0
433,Elyh,Harrison,Harrison,u,On loan to Shrewsbury Town,,4.0,727,66.0,0.0,815,96.0,0.0,476.0,77.0,0,0,0.0,0,0.0,0,1,0.0,0.0,0.0,0.0,0.0,628.0,87.0,0.0,0.0,618.0,87.0,611.0,76.0,581.0,62.0,620.0,87.0,,,,,,,,0.0,0.0,0.0,0.0,0.0,0.0,0.0,0.0,0.0,34,0,0,0,0,0,0,0,0,0,0,0,0,0,0,0,0,1,0.0,0.0,0.0,0.0,0.0,0.0,0.0,0.0,0.0,0,0,0,0
434,Tom,Heaton,Heaton,a,,,3.8,791,93.0,0.4,291,36.0,0.0,356.0,24.0,0,0,0.0,-2,2.0,390,79,0.0,0.0,0.0,0.5,0.0,530.0,39.0,,,519.0,39.0,501.0,18.0,468.0,4.0,521.0,39.0,,,,,,,,0.0,0.0,0.0,0.0,0.0,0.0,0.0,0.0,0.0,34,0,0,0,0,0,0,0,0,0,0,0,0,0,0,0,3753,664,0.0,0.0,0.0,0.0,0.0,0.0,0.0,0.0,0.0,0,0,0,0
435,Dermot,Mee,Mee,a,,,3.9,768,82.0,0.1,490,73.0,0.0,397.0,40.0,0,0,0.0,-1,1.0,4,7,0.0,0.0,0.0,0.5,0.0,560.0,53.0,,,549.0,53.0,537.0,37.0,505.0,23.0,551.0,53.0,,,,,,,,0.0,0.0,0.0,0.0,0.0,0.0,0.0,0.0,0.0,34,0,0,0,0,0,0,0,0,0,0,0,0,0,0,0,33,38,0.0,0.0,0.0,0.0,0.0,0.0,0.0,0.0,0.0,0,0,0,0
436,Matthijs,de Ligt,De Ligt,i,Back injury - Unknown return date,,4.9,305,48.0,1.8,147,58.0,0.0,714.0,253.0,0,0,0.0,-1,1.0,4,52,0.0,8.8,0.0,0.0,3.3,151.0,58.0,0.0,0.0,234.0,91.0,341.0,116.0,244.0,64.0,296.0,99.0,,,,,,,,0.11,0.06,0.17,1.44,0.0,0.08,1.54,1.0,8.23,34,0,0,0,0,0,0,0,0,0,0,0,0,0,0,0,10,149,0.0,0.0,0.0,0.0,0.0,0.0,0.0,0.0,0.0,0,0,0,0
437,Lisandro,Martínez,Martinez,s,Suspended until 09 May,,4.8,357,61.0,0.4,283,106.0,-1.0,829.0,268.0,0,0,0.0,-2,2.0,5,156,-0.2,7.5,0.0,0.0,2.4,280.0,107.0,0.0,0.0,262.0,107.0,310.0,101.0,419.0,157.0,342.0,115.0,,,,,,,,0.01,0.05,0.06,1.06,0.0,0.28,1.22,0.94,7.51,34,0,0,0,0,0,0,0,0,0,0,0,0,0,0,0,20,849,0.0,0.0,0.0,0.0,0.0,0.0,0.0,0.0,0.0,0,0,0,0
438,Noussair,Mazraoui,Mazraoui,a,,,4.9,312,51.0,0.2,360,130.0,2.3,125.0,50.0,0,0,0.0,-1,1.0,59,45,0.5,7.1,2.3,2.8,2.1,328.0,121.0,100.0,100.0,330.0,125.0,315.0,104.0,363.0,122.0,368.0,127.0,,,,,,,,0.02,0.04,0.06,1.23,0.0,0.35,1.05,1.05,8.19,34,0,0,0,0,0,0,0,0,0,0,0,0,0,0,0,1334,182,0.0,0.0,0.0,0.0,0.0,0.0,0.0,0.0,0.0,0,0,0,0
439,Diego,León Blanco,D.Leon,a,,,4.1,662,161.0,0.1,570,203.0,0.0,498.0,209.0,0,0,0.0,-4,4.0,5,2,0.0,0.0,0.0,0.5,0.0,643.0,250.0,,,633.0,250.0,627.0,250.0,598.0,248.0,635.0,250.0,,,,,,,,0.0,0.0,0.0,0.0,0.0,0.0,0.0,0.0,0.0,34,0,0,0,0,0,0,0,0,0,0,0,0,0,0,0,24,19,0.0,0.0,0.0,0.0,0.0,0.0,0.0,0.0,0.0,0,0,0,0
440,Diogo,Dalot Teixeira,Dalot,a,,,4.6,399,69.0,4.5,87,28.0,2.3,120.0,47.0,0,0,0.0,1,-1.0,317,1874,0.5,22.8,2.3,2.8,3.4,136.0,52.0,100.0,100.0,107.0,47.0,66.0,12.0,166.0,37.0,91.0,22.0,,,,,,,,0.06,0.09,0.15,1.25,0.0,0.27,1.35,1.0,6.04,34,0,0,0,0,0,0,0,0,0,0,0,0,0,0,0,12669,9412,0.0,0.0,0.0,0.0,0.0,0.0,0.0,0.0,0.0,0,0,0,0
441,Patrick,Dorgu,Dorgu,i,Hamstring injury - Unknown return date,,4.1,660,159.0,2.4,129,51.0,0.0,497.0,208.0,0,0,0.0,-4,4.0,22,634,0.0,18.0,0.0,0.0,3.4,133.0,49.0,0.0,0.0,153.0,68.0,88.0,21.0,110.0,16.0,108.0,29.0,,,,,,,,0.13,0.1,0.23,1.27,0.0,0.2,1.35,0.95,6.43,34,0,0,0,0,0,0,0,0,0,0,0,0,0,0,0,60,6217,0.0,0.0,0.0,0.0,0.0,0.0,0.0,0.0,0.0,0,0,0,0
442,Harry,Maguire,Maguire,a,,,4.4,525,102.0,1.3,175,67.0,0.0,549.0,226.0,0,0,0.0,-1,1.0,184,329,0.0,14.3,0.0,0.5,3.5,117.0,41.0,100.0,100.0,252.0,99.0,372.0,134.0,250.0,67.0,315.0,105.0,,,,,,,,0.06,0.01,0.07,1.25,0.0,0.38,1.13,1.05,7.36,34,0,0,0,0,0,0,0,0,0,0,0,0,0,0,0,3515,1917,0.0,0.0,0.0,0.0,0.0,0.0,0.0,0.0,0.0,0,0,0,0
443,Luke,Shaw,Shaw,a,,,4.5,414,78.0,0.9,201,78.0,3.7,72.0,32.0,0,0,0.0,0,0.0,190,203,0.8,19.6,3.7,4.2,2.7,233.0,93.0,100.0,100.0,122.0,54.0,123.0,32.0,306.0,93.0,161.0,54.0,,,,,,,,0.02,0.05,0.07,1.25,0.0,0.23,1.32,1.06,5.98,34,0,0,0,0,0,0,0,0,0,0,0,0,0,0,0,9316,1186,0.0,0.0,0.0,0.0,0.0,0.0,0.0,0.0,0.0,0,0,0,0
444,Leny,Yoro,Yoro,d,Knock - 75% chance of playing,,4.1,659,158.0,1.3,178,69.0,1.0,218.0,74.0,0,0,0.0,-4,4.0,9,265,0.2,12.9,0.8,1.1,1.8,365.0,135.0,75.0,75.0,207.0,80.0,308.0,99.0,242.0,62.0,270.0,87.0,,,,,,,,0.07,0.03,0.1,1.4,0.0,0.11,1.7,0.96,8.01,34,0,0,0,0,0,0,0,0,0,0,0,0,0,0,0,80,1611,0.0,0.0,0.0,0.0,0.0,0.0,0.0,0.0,0.0,0,0,0,0
445,Harry,Amass,Amass,u,has joined Norwich City on loan for the rest of the season.,,4.0,724,194.0,0.1,547,193.0,0.0,473.0,186.0,0,0,0.0,0,0.0,0,1,0.0,0.0,0.0,0.0,0.0,625.0,234.0,0.0,0.0,615.0,234.0,608.0,234.0,578.0,231.0,617.0,234.0,,,,,,,,0.0,0.0,0.0,0.0,0.0,0.0,0.0,0.0,0.0,34,0,0,0,0,0,0,0,0,0,0,0,0,0,0,0,0,10,0.0,0.0,0.0,0.0,0.0,0.0,0.0,0.0,0.0,0,0,0,0
446,Tyler,Fredricson,Fredricson,a,,,3.7,825,264.0,0.2,418,154.0,0.0,353.0,119.0,0,0,0.0,-3,3.0,28,19,0.0,0.3,0.0,0.5,1.0,453.0,162.0,,,485.0,172.0,498.0,182.0,465.0,176.0,501.0,176.0,,,,,,,,0.0,0.0,0.0,13.5,0.0,0.0,0.0,0.0,90.0,34,0,0,0,0,0,0,0,0,0,0,0,0,0,0,0,220,105,0.0,0.0,0.0,0.0,0.0,0.0,0.0,0.0,0.0,0,0,0,0
447,Ayden,Heaven,Heaven,a,,,3.7,828,267.0,2.3,131,52.0,3.7,71.0,31.0,0,0,0.0,-3,3.0,997,410,1.0,10.5,3.7,4.2,2.6,245.0,96.0,100.0,100.0,281.0,113.0,389.0,140.0,373.0,127.0,367.0,126.0,,,,,,,,0.04,0.02,0.06,1.17,0.0,0.24,1.46,1.09,10.09,34,0,0,0,0,0,0,0,0,0,0,0,0,0,0,0,19640,3258,0.0,0.0,0.0,0.0,0.0,0.0,0.0,0.0,0.0,0,0,0,0
448,Tyrell,Malacia,Malacia,a,,,3.7,822,261.0,0.4,277,104.0,0.0,350.0,116.0,0,0,0.0,-3,3.0,284,73,0.0,0.5,0.0,0.5,1.0,452.0,161.0,,,488.0,173.0,479.0,174.0,462.0,173.0,500.0,175.0,,,,,,,,0.0,0.0,0.0,4.5,0.0,0.0,12.86,0.0,25.71,34,0,0,0,0,0,0,0,0,0,0,0,0,0,0,0,1989,671,0.0,0.0,0.0,0.0,0.0,0.0,0.0,0.0,0.0,0,0,0,0
449,Bruno,Borges Fernandes,B.Fernandes,a,,,10.4,4,3.0,46.7,3,2.0,3.3,90.0,31.0,0,1,-1.0,14,-14.0,5578,2707,0.3,19.1,3.3,3.8,6.6,3.0,1.0,100.0,100.0,1.0,1.0,1.0,1.0,34.0,18.0,1.0,1.0,1.0,1.0,1.0,,,,,0.36,0.33,0.69,1.31,0.0,0.17,1.41,1.03,8.64,34,0,0,0,0,0,0,0,0,0,0,0,0,0,0,0,104503,6652,0.0,0.0,0.0,0.0,0.0,0.0,0.0,0.0,0.0,0,0,0,0
450,Matheus,Santos Carneiro da Cunha,Cunha,a,,,8.1,15,10.0,9.2,40,14.0,2.7,118.0,46.0,0,1,-1.0,1,-1.0,3263,3638,0.3,15.4,2.7,3.2,4.2,50.0,23.0,100.0,100.0,61.0,17.0,52.0,44.0,20.0,9.0,26.0,21.0,,,,,,,,0.25,0.11,0.36,1.29,0.0,0.28,1.25,1.05,7.52,34,0,0,0,0,0,0,0,0,0,0,0,0,0,0,0,75622,11963,0.0,0.0,0.0,0.0,0.0,0.0,0.0,0.0,0.0,0,0,0,0
452,Amad,Diallo,Amad,a,,,6.2,77,51.0,1.4,173,61.0,1.0,247.0,115.0,0,0,0.0,-3,3.0,90,306,0.2,12.4,1.0,1.5,2.9,212.0,86.0,100.0,100.0,160.0,54.0,34.0,31.0,39.0,22.0,47.0,32.0,3.0,,,,,,,0.21,0.16,0.37,1.19,0.0,0.18,1.31,1.04,7.94,34,0,0,0,0,0,0,0,0,0,0,0,0,0,0,0,1155,1635,0.0,0.0,0.0,0.0,0.0,0.0,0.0,0.0,0.0,0,0,0,0
454,Antony,dos Santos,Antony,u,has joined Real Betis permanently.,,5.9,97,64.0,0.1,574,215.0,0.0,808.0,359.0,0,0,0.0,-1,1.0,0,0,0.0,0.0,0.0,0.0,0.0,820.0,367.0,0.0,0.0,820.0,367.0,820.0,367.0,819.0,367.0,820.0,367.0,,,,,,,,0.0,0.0,0.0,0.0,0.0,0.0,0.0,0.0,0.0,34,0,0,0,0,0,0,0,0,0,0,0,0,0,0,0,0,2,0.0,0.0,0.0,0.0,0.0,0.0,0.0,0.0,0.0,0,0,0,0
455,Mason,Mount,Mount,a,,,5.9,92,60.0,0.3,336,115.0,0.0,805.0,356.0,0,0,0.0,-1,1.0,10,17,0.0,8.0,0.0,0.5,2.5,270.0,112.0,100.0,100.0,320.0,143.0,185.0,122.0,195.0,106.0,269.0,137.0,,,,,,,,0.17,0.15,0.32,1.14,0.0,0.33,1.53,1.09,7.23,34,0,0,0,0,0,0,0,0,0,0,0,0,0,0,0,56,54,0.0,0.0,0.0,0.0,0.0,0.0,0.0,0.0,0.0,0,0,0,0
457,Carlos Henrique,Casimiro,Casemiro,a,,,5.7,111,71.0,3.9,97,32.0,4.7,46.0,14.0,0,0,0.0,2,-2.0,1667,1686,0.8,26.0,4.7,5.2,4.8,20.0,9.0,100.0,100.0,14.0,3.0,48.0,42.0,35.0,19.0,20.0,16.0,,,,,,,,0.19,0.12,0.31,1.08,0.0,0.35,1.05,1.17,11.97,34,0,0,0,0,0,0,0,0,0,0,0,0,0,0,0,40154,7333,0.0,0.0,0.0,0.0,0.0,0.0,0.0,0.0,0.0,0,0,0,0
458,Kobbie,Mainoo,Mainoo,a,,,4.7,392,243.0,1.0,195,69.0,1.3,200.0,90.0,0,0,0.0,-3,3.0,170,397,0.3,10.4,1.3,1.8,2.1,325.0,141.0,100.0,100.0,250.0,108.0,122.0,85.0,332.0,173.0,245.0,121.0,,,,,,,,0.02,0.06,0.08,1.24,0.0,0.3,1.27,0.82,9.88,34,0,0,0,0,0,0,0,0,0,0,0,0,0,0,0,1680,2582,0.0,0.0,0.0,0.0,0.0,0.0,0.0,0.0,0.0,0,0,0,0
459,Manuel,Ugarte Ribeiro,Ugarte,a,,,4.7,386,240.0,0.1,428,146.0,1.3,199.0,89.0,0,0,0.0,-3,3.0,5,13,0.3,8.1,1.3,1.8,1.7,394.0,168.0,,,317.0,141.0,305.0,173.0,337.0,176.0,355.0,170.0,,,,,,,,0.07,0.02,0.09,1.87,0.0,0.1,2.36,0.82,14.59,34,0,0,0,0,0,0,0,0,0,0,0,0,0,0,0,43,95,0.0,0.0,0.0,0.0,0.0,0.0,0.0,0.0,0.0,0,0,0,0
461,Jayce,Fitzgerald,Fitzgerald,a,,,4.3,611,361.0,0.0,604,230.0,0.0,539.0,176.0,0,0,0.0,-2,2.0,6,1,0.0,0.0,0.0,0.5,0.0,662.0,251.0,,,652.0,241.0,648.0,246.0,625.0,235.0,654.0,243.0,,,,,,,,0.0,0.0,0.0,0.0,0.0,0.0,0.0,0.0,0.0,34,0,0,0,0,0,0,0,0,0,0,0,0,0,0,0,20,20,0.0,0.0,0.0,0.0,0.0,0.0,0.0,0.0,0.0,0,0,0,0
462,Jack,Fletcher,J.Fletcher,a,,,4.3,608,358.0,0.1,533,195.0,0.0,536.0,173.0,0,0,0.0,-2,2.0,5,14,0.0,0.7,0.0,0.5,1.0,471.0,205.0,,,456.0,202.0,392.0,197.0,435.0,211.0,457.0,205.0,,,,,,,,0.03,0.02,0.05,1.56,0.0,0.0,0.0,0.0,9.25,34,0,0,0,0,0,0,0,0,0,0,0,0,0,0,0,27,86,0.0,0.0,0.0,0.0,0.0,0.0,0.0,0.0,0.0,0,0,0,0
463,Sékou,Koné,Kone,u,has joined Lausanne-Sport on loan for the rest of the season.,,4.3,620,368.0,0.1,529,193.0,0.0,545.0,180.0,0,0,0.0,-2,2.0,0,5,0.0,0.0,0.0,0.0,0.0,667.0,255.0,0.0,0.0,657.0,245.0,653.0,250.0,630.0,239.0,659.0,247.0,,,,,,,,0.0,0.0,0.0,0.0,0.0,0.0,0.0,0.0,0.0,34,0,0,0,0,0,0,0,0,0,0,0,0,0,0,0,0,23,0.0,0.0,0.0,0.0,0.0,0.0,0.0,0.0,0.0,0,0,0,0
464,Jack,Moorhouse,Moorhouse,u,has joined Leyton Orient on loan for the rest of the season.,,4.5,472,287.0,0.0,704,285.0,0.0,635.0,236.0,0,0,0.0,0,0.0,0,0,0.0,0.0,0.0,0.0,0.0,730.0,300.0,0.0,0.0,727.0,297.0,721.0,298.0,706.0,292.0,728.0,298.0,,,,,,,,0.0,0.0,0.0,0.0,0.0,0.0,0.0,0.0,0.0,34,0,0,0,0,0,0,0,0,0,0,0,0,0,0,0,0,0,0.0,0.0,0.0,0.0,0.0,0.0,0.0,0.0,0.0,0,0,0,0
465,Rasmus,Højlund,Højlund,u,has joined Napoli on loan for the rest of the season.,,6.3,70,23.0,0.3,353,57.0,0.0,816.0,89.0,0,0,0.0,-2,2.0,0,3,0.0,0.0,0.0,0.0,0.0,822.0,90.0,0.0,0.0,822.0,90.0,822.0,90.0,822.0,90.0,822.0,90.0,,,,,,,,0.0,0.0,0.0,0.0,0.0,0.0,0.0,0.0,0.0,34,0,0,0,0,0,0,0,0,0,0,0,0,0,0,0,0,5,0.0,0.0,0.0,0.0,0.0,0.0,0.0,0.0,0.0,0,0,0,0
466,Joshua,Zirkzee,Zirkzee,a,,,5.8,106,31.0,0.4,284,45.0,0.3,342.0,46.0,0,0,0.0,-2,2.0,23,30,0.1,6.6,0.3,0.8,2.0,348.0,40.0,100.0,100.0,327.0,31.0,210.0,21.0,161.0,38.0,278.0,32.0,,,,,,,,0.38,0.06,0.44,1.34,0.0,0.18,1.41,0.7,6.68,34,0,0,0,0,0,0,0,0,0,0,0,0,0,0,0,182,115,0.0,0.0,0.0,0.0,0.0,0.0,0.0,0.0,0.0,0,0,0,0
467,Chido,Obi,Obi,a,,,4.2,649,90.0,1.4,170,26.0,0.0,513.0,51.0,0,0,0.0,-3,3.0,41,151,0.0,0.0,0.0,0.5,0.0,651.0,64.0,,,642.0,64.0,636.0,63.0,611.0,63.0,644.0,64.0,,,,,,,,0.0,0.0,0.0,0.0,0.0,0.0,0.0,0.0,0.0,34,0,0,0,0,0,0,0,0,0,0,0,0,0,0,0,279,1019,0.0,0.0,0.0,0.0,0.0,0.0,0.0,0.0,0.0,0,0,0,0
468,Ethan,Wheatley,Wheatley,u,has joined Bradford City on loan for the rest of the season.,,4.5,481,67.0,0.1,519,70.0,0.0,644.0,66.0,0,0,0.0,0,0.0,0,1,0.0,0.0,0.0,0.0,0.0,737.0,77.0,0.0,0.0,734.0,77.0,728.0,76.0,714.0,76.0,735.0,77.0,,,,,,,,0.0,0.0,0.0,0.0,0.0,0.0,0.0,0.0,0.0,34,0,0,0,0,0,0,0,0,0,0,0,0,0,0,0,0,3,0.0,0.0,0.0,0.0,0.0,0.0,0.0,0.0,0.0,0,0,0,0
681,Benjamin,Sesko,Šeško,a,,,7.3,30,13.0,6.1,61,12.0,1.3,214.0,29.0,0,0,0.0,-2,2.0,546,3943,0.2,13.4,1.3,1.8,3.5,131.0,11.0,100.0,100.0,143.0,14.0,234.0,25.0,17.0,9.0,65.0,14.0,,,,,,,,0.45,0.01,0.46,1.53,0.0,0.12,1.74,0.9,3.48,34,0,0,0,0,0,0,0,0,0,0,0,0,0,0,0,19548,13074,0.0,0.0,0.0,0.0,0.0,0.0,0.0,0.0,0.0,0,0,0,0
733,Senne,Lammens,Lammens,a,,,5.1,235,8.0,3.1,107,17.0,4.0,65.0,8.0,0,0,0.0,1,-1.0,772,660,0.8,17.3,4.0,4.5,3.3,156.0,19.0,,,92.0,15.0,803.0,94.0,457.0,2.0,275.0,17.0,,,,,,,,0.0,0.0,0.0,1.22,2.33,0.22,1.26,1.0,0.0,34,0,0,0,0,0,0,0,0,0,0,0,0,0,0,0,19873,3285,0.0,0.0,0.0,0.0,0.0,0.0,0.0,0.0,0.0,0,0,0,0
755,Shea,Lacey,Lacey,a,,,4.5,484,296.0,0.0,732,304.0,0.0,647.0,245.0,0,0,0.0,0,0.0,2,2,0.0,0.4,0.0,0.5,1.0,488.0,219.0,100.0,100.0,486.0,221.0,471.0,227.0,415.0,205.0,480.0,218.0,,,,,,,,0.52,0.0,0.52,0.82,0.0,0.0,0.0,0.0,7.5,34,0,0,0,0,0,0,0,0,0,0,0,0,0,0,0,16,23,0.0,0.0,0.0,0.0,0.0,0.0,0.0,0.0,0.0,0,0,0,0
769,Bendito,Mantato,Bendito Mantato,a,,,4.5,483,295.0,0.0,782,339.0,0.0,646.0,244.0,0,0,0.0,0,0.0,2,3,0.0,0.2,0.0,0.5,1.0,487.0,218.0,,,496.0,228.0,422.0,210.0,716.0,300.0,484.0,222.0,,,,,,,,0.0,0.06,0.06,0.3,0.0,0.0,0.0,0.0,0.0,34,0,0,0,0,0,0,0,0,0,0,0,0,0,0,0,9,9,0.0,0.0,0.0,0.0,0.0,0.0,0.0,0.0,0.0,0,0,0,0
771,Tyler,Fletcher,Fletcher,a,,,4.4,553,333.0,0.0,739,310.0,0.0,568.0,191.0,0,0,0.0,-1,1.0,1,2,0.0,0.2,0.0,0.5,1.0,476.0,209.0,,,509.0,232.0,475.0,229.0,648.0,250.0,513.0,234.0,,,,,,,,0.0,0.9,0.9,1.8,0.0,0.0,0.0,0.0,0.0,34,0,0,0,0,0,0,0,0,0,0,0,0,0,0,0,8,24,0.0,0.0,0.0,0.0,0.0,0.0,0.0,0.0,0.0,0,0,0,0
788,Godwill,Kukonki,Kukonki,a,,,4.0,723,193.0,0.0,725,252.0,0.0,472.0,185.0,0,0,0.0,0,0.0,2,2,0.0,0.0,0.0,0.5,0.0,624.0,233.0,,,614.0,233.0,607.0,233.0,577.0,230.0,616.0,233.0,,,,,,,,0.0,0.0,0.0,0.0,0.0,0.0,0.0,0.0,0.0,34,0,0,0,0,0,0,0,0,0,0,0,0,0,0,0,12,9,0.0,0.0,0.0,0.0,0.0,0.0,0.0,0.0,0.0,0,0,0,0
827,Jim,Thwaites,Thwaites,a,,,4.5,485,297.0,0.0,828,372.0,0.0,648.0,246.0,0,0,0.0,0,0.0,2,1,0.0,0.0,0.0,0.5,0.0,739.0,307.0,,,736.0,304.0,730.0,305.0,717.0,301.0,737.0,305.0,,,,,,,,0.0,0.0,0.0,0.0,0.0,0.0,0.0,0.0,0.0,34,0,0,0,0,0,0,0,0,0,0,0,0,0,0,0,10,2,0.0,0.0,0.0,0.0,0.0,0.0,0.0,0.0,0.0,0,0,0,0
52,Jacob,Ramsey,J.Ramsey,a,,,5.3,187,118.0,0.2,361,122.0,1.0,239.0,110.0,0,0,0.0,-2,2.0,15,42,0.2,7.9,1.0,0.0,1.8,383.0,163.0,100.0,100.0,278.0,115.0,148.0,99.0,220.0,122.0,238.0,117.0,,,,,,,,0.09,0.08,0.17,1.85,0.0,0.08,2.05,0.95,8.76,34,0,0,0,0,0,0,0,0,0,0,0,0,0,0,0,82,276,0.0,0.0,0.0,0.0,0.0,0.0,0.0,0.0,0.0,0,0,0,0
469,Nick,Pope,Pope,a,,,5.0,245,9.0,4.3,93,16.0,0.0,738.0,94.0,0,0,0.0,0,0.0,147,367,0.0,16.4,0.0,-1.0,3.7,95.0,14.0,100.0,100.0,93.0,16.0,788.0,93.0,359.0,1.0,264.0,15.0,,,,,,,,0.01,0.0,0.01,1.24,3.07,0.32,1.46,1.01,0.0,34,0,0,0,0,0,0,0,0,0,0,0,0,0,0,0,680,4075,0.0,0.0,0.0,0.0,0.0,0.0,0.0,0.0,0.0,0,0,0,0
471,Mark,Gillespie,Gillespie,a,,,3.9,749,71.0,0.1,447,65.0,0.0,383.0,30.0,0,0,0.0,-1,1.0,7,4,0.0,0.0,0.0,-1.0,0.0,549.0,44.0,,,538.0,44.0,524.0,26.0,492.0,12.0,540.0,44.0,,,,,,,,0.0,0.0,0.0,0.0,0.0,0.0,0.0,0.0,0.0,34,0,0,0,0,0,0,0,0,0,0,0,0,0,0,0,66,46,0.0,0.0,0.0,0.0,0.0,0.0,0.0,0.0,0.0,0,0,0,0
472,Odysseas,Vlachodimos,Odysseas,u,Has joined Sevilla on loan for the rest of the season.,,4.0,671,44.0,0.0,724,84.0,0.0,424.0,55.0,0,0,0.0,0,0.0,0,0,0.0,0.0,0.0,0.0,0.0,583.0,67.0,0.0,0.0,572.0,67.0,563.0,54.0,532.0,40.0,574.0,67.0,,,,,,,,0.0,0.0,0.0,0.0,0.0,0.0,0.0,0.0,0.0,34,0,0,0,0,0,0,0,0,0,0,0,0,0,0,0,0,2,0.0,0.0,0.0,0.0,0.0,0.0,0.0,0.0,0.0,0,0,0,0
473,Lewis,Hall,Hall,a,,,5.4,171,21.0,3.8,99,33.0,0.7,280.0,94.0,0,0,0.0,-1,1.0,715,1590,0.1,13.7,0.7,-0.3,2.8,223.0,88.0,100.0,100.0,103.0,45.0,84.0,20.0,203.0,51.0,111.0,30.0,2.0,1.0,,,,,,0.04,0.12,0.16,1.59,0.0,0.19,1.67,1.0,7.31,34,0,0,0,0,0,0,0,0,0,0,0,0,0,0,0,4624,13844,0.0,0.0,0.0,0.0,0.0,0.0,0.0,0.0,0.0,0,0,0,0
474,Fabian,Schär,Schär,i,Ankle injury - Expected back 10 May,,5.2,201,26.0,1.1,185,72.0,0.0,765.0,258.0,0,0,0.0,-3,3.0,8,56,0.0,9.8,0.0,0.0,3.2,174.0,68.0,0.0,0.0,222.0,87.0,336.0,114.0,263.0,74.0,292.0,96.0,,4.0,,,,,,0.08,0.05,0.13,1.14,0.0,0.33,1.07,0.91,9.5,34,0,0,0,0,0,0,0,0,0,0,0,0,0,0,0,18,191,0.0,0.0,0.0,0.0,0.0,0.0,0.0,0.0,0.0,0,0,0,0
475,Sven,Botman,Botman,a,,,4.9,309,49.0,0.4,286,108.0,1.7,170.0,61.0,0,0,0.0,-1,1.0,50,27,0.3,14.3,1.7,0.7,3.5,123.0,46.0,100.0,100.0,135.0,59.0,318.0,107.0,191.0,46.0,217.0,75.0,,,,,,,,0.1,0.03,0.13,1.41,0.0,0.33,1.37,1.04,9.36,34,0,0,0,0,0,0,0,0,0,0,0,0,0,0,0,364,550,0.0,0.0,0.0,0.0,0.0,0.0,0.0,0.0,0.0,0,0,0,0
476,Dan,Burn,Burn,a,,,5.0,244,38.0,3.4,100,34.0,0.3,327.0,107.0,0,0,0.0,0,0.0,187,265,0.1,15.8,0.3,-0.7,3.3,153.0,60.0,100.0,100.0,137.0,60.0,299.0,94.0,245.0,65.0,230.0,79.0,,,,,,,,0.04,0.02,0.06,1.24,0.0,0.3,1.53,1.03,9.51,34,0,0,0,0,0,0,0,0,0,0,0,0,0,0,0,1310,2174,0.0,0.0,0.0,0.0,0.0,0.0,0.0,0.0,0.0,0,0,0,0
477,Tino,Livramento,Livramento,i,Thigh injury - Unknown return date,,4.9,324,53.0,1.9,143,57.0,1.0,232.0,79.0,0,0,0.0,-1,1.0,2,398,0.2,12.0,0.0,0.0,3.5,124.0,47.0,0.0,0.0,271.0,111.0,186.0,48.0,348.0,115.0,294.0,98.0,,,,,,,,0.01,0.06,0.07,1.26,0.0,0.41,0.95,0.95,4.62,34,0,0,0,0,0,0,0,0,0,0,0,0,0,0,0,16,2317,0.0,0.0,0.0,0.0,0.0,0.0,0.0,0.0,0.0,0,0,0,0
478,Kieran,Trippier,Trippier,a,,,4.9,285,44.0,1.4,168,64.0,0.3,323.0,105.0,0,0,0.0,-1,1.0,66,73,0.1,10.4,0.3,-0.7,2.7,235.0,95.0,100.0,100.0,236.0,92.0,51.0,7.0,403.0,148.0,182.0,62.0,4.0,2.0,,,,,,0.0,0.12,0.12,1.22,0.0,0.3,1.56,1.02,4.68,34,0,0,0,0,0,0,0,0,0,0,0,0,0,0,0,425,537,0.0,0.0,0.0,0.0,0.0,0.0,0.0,0.0,0.0,0,0,0,0
479,Emil,Krafth,Krafth,i,Knee injury - Unknown return date,,4.3,576,123.0,0.0,625,224.0,0.0,516.0,217.0,0,0,0.0,-2,2.0,5,2,0.0,0.0,0.0,0.0,0.0,653.0,252.0,0.0,0.0,500.0,177.0,474.0,172.0,613.0,251.0,505.0,177.0,,,,,,,,0.0,0.0,0.0,0.5,0.0,0.0,4.0,2.0,2.0,34,0,0,0,0,0,0,0,0,0,0,0,0,0,0,0,12,14,0.0,0.0,0.0,0.0,0.0,0.0,0.0,0.0,0.0,0,0,0,0
480,Jamaal,Lascelles,Lascelles,u,has joined Leicester City permanently.,,4.3,574,121.0,0.0,596,213.0,0.0,515.0,216.0,0,0,0.0,-2,2.0,0,2,0.0,0.2,0.0,0.0,0.5,522.0,180.0,0.0,0.0,467.0,170.0,638.0,252.0,428.0,163.0,477.0,170.0,,,,,,,,0.19,0.0,0.19,2.61,0.0,0.0,9.47,0.0,23.68,34,0,0,0,0,0,0,0,0,0,0,0,0,0,0,0,0,8,0.0,0.0,0.0,0.0,0.0,0.0,0.0,0.0,0.0,0,0,0,0
481,Alex,Murphy,A.Murphy,a,,,3.8,812,252.0,0.7,235,88.0,0.0,374.0,137.0,0,0,0.0,-2,2.0,28,39,0.0,0.3,0.0,-1.0,1.0,455.0,163.0,,,495.0,175.0,514.0,195.0,481.0,189.0,508.0,178.0,,,,,,,,0.0,0.0,0.0,24.3,0.0,0.0,90.0,0.0,90.0,34,0,0,0,0,0,0,0,0,0,0,0,0,0,0,0,205,350,0.0,0.0,0.0,0.0,0.0,0.0,0.0,0.0,0.0,0,0,0,0
482,Harrison,Ashby,Ashby,u,has joined Bradford City on loan for the rest of the season.,,3.9,765,220.0,0.1,465,172.0,0.0,395.0,146.0,0,0,0.0,-1,1.0,0,5,0.0,0.0,0.0,0.0,0.0,558.0,202.0,0.0,0.0,547.0,201.0,535.0,201.0,503.0,196.0,549.0,201.0,,,,,,,,0.0,0.0,0.0,0.0,0.0,0.0,0.0,0.0,0.0,34,0,0,0,0,0,0,0,0,0,0,0,0,0,0,0,0,19,0.0,0.0,0.0,0.0,0.0,0.0,0.0,0.0,0.0,0,0,0,0
483,Miodrag,Pivaš,Pivas,a,,,3.8,816,256.0,0.4,299,111.0,0.0,377.0,140.0,0,0,0.0,-2,2.0,13,25,0.0,0.0,0.0,-1.0,0.0,543.0,198.0,,,532.0,197.0,516.0,197.0,484.0,192.0,534.0,197.0,,,,,,,,0.0,0.0,0.0,0.0,0.0,0.0,0.0,0.0,0.0,34,0,0,0,0,0,0,0,0,0,0,0,0,0,0,0,179,238,0.0,0.0,0.0,0.0,0.0,0.0,0.0,0.0,0.0,0,0,0,0
484,Matt,Targett,Targett,u,has joined Middlesbrough on loan for the rest of the season.,,4.0,674,166.0,0.1,433,162.0,0.0,426.0,160.0,0,0,0.0,0,0.0,0,2,0.0,0.0,0.0,0.0,0.0,585.0,213.0,0.0,0.0,574.0,212.0,565.0,212.0,534.0,208.0,576.0,212.0,,,,,,,,0.0,0.0,0.0,0.0,0.0,0.0,0.0,0.0,0.0,34,0,0,0,0,0,0,0,0,0,0,0,0,0,0,0,0,19,0.0,0.0,0.0,0.0,0.0,0.0,0.0,0.0,0.0,0,0,0,0
485,Anthony,Gordon,Gordon,d,Hip injury - 50% chance of playing,,7.4,24,16.0,5.3,75,25.0,1.0,253.0,121.0,0,0,0.0,-1,1.0,62,17592,0.1,13.6,0.5,0.0,3.9,73.0,33.0,50.0,0.0,156.0,53.0,70.0,55.0,37.0,21.0,58.0,37.0,,,1.0,,,,,0.44,0.17,0.61,1.24,0.0,0.4,1.5,1.2,4.56,34,0,0,0,0,0,0,0,0,0,0,0,0,0,0,0,195,153938,0.0,0.0,0.0,0.0,0.0,0.0,0.0,0.0,0.0,0,0,0,0
486,Anthony,Elanga,Elanga,a,,,6.5,53,34.0,2.7,119,37.0,1.0,250.0,118.0,0,0,0.0,-5,5.0,141,157,0.2,6.9,1.0,0.0,1.6,406.0,175.0,100.0,100.0,347.0,157.0,143.0,95.0,179.0,99.0,253.0,124.0,5.0,,,,,,,0.1,0.12,0.22,1.45,0.0,0.14,1.91,0.99,3.76,34,0,0,0,0,0,0,0,0,0,0,0,0,0,0,0,959,962,0.0,0.0,0.0,0.0,0.0,0.0,0.0,0.0,0.0,0,0,0,0
487,Harvey,Barnes,Barnes,a,,,6.1,81,53.0,1.1,192,66.0,1.0,245.0,113.0,0,0,0.0,-4,4.0,198,334,0.2,14.1,1.0,0.0,2.7,241.0,97.0,,,218.0,92.0,109.0,77.0,26.0,11.0,74.0,46.0,,,,,,,,0.31,0.12,0.43,1.42,0.0,0.26,1.43,0.92,4.76,34,0,0,0,0,0,0,0,0,0,0,0,0,0,0,0,1382,2740,0.0,0.0,0.0,0.0,0.0,0.0,0.0,0.0,0.0,0,0,0,0
488,Bruno,Guimarães Rodriguez Moura,Bruno G.,a,,,6.8,43,27.0,4.5,86,28.0,0.3,346.0,163.0,0,0,0.0,3,-3.0,1958,491,0.0,19.9,0.3,-0.7,5.6,6.0,3.0,100.0,100.0,37.0,10.0,23.0,22.0,62.0,36.0,23.0,19.0,3.0,5.0,2.0,,,,,0.22,0.17,0.39,1.18,0.0,0.26,1.41,0.97,8.97,34,0,0,0,0,0,0,0,0,0,0,0,0,0,0,0,11244,2329,0.0,0.0,0.0,0.0,0.0,0.0,0.0,0.0,0.0,0,0,0,0
489,Jacob,Murphy,J.Murphy,a,,,5.9,89,57.0,0.6,244,86.0,0.7,287.0,133.0,0,0,0.0,-6,6.0,40,46,0.1,11.4,0.7,-0.3,2.4,290.0,126.0,100.0,100.0,233.0,100.0,98.0,71.0,88.0,51.0,136.0,75.0,,,,,,,,0.2,0.16,0.36,1.4,0.0,0.47,1.13,1.0,4.85,34,0,0,0,0,0,0,0,0,0,0,0,0,0,0,0,255,517,0.0,0.0,0.0,0.0,0.0,0.0,0.0,0.0,0.0,0,0,0,0
490,Joelinton Cássio,Apolinário de Lira,Joelinton,a,,,5.9,91,59.0,0.3,333,113.0,0.3,343.0,161.0,0,0,0.0,-1,1.0,21,39,0.1,11.4,0.3,0.0,2.7,240.0,96.0,100.0,0.0,215.0,90.0,145.0,96.0,91.0,54.0,149.0,79.0,,,,,,,,0.11,0.06,0.17,1.33,0.0,0.25,1.27,1.07,10.88,34,0,0,0,0,0,0,0,0,0,0,0,0,0,0,0,39,350,0.0,0.0,0.0,0.0,0.0,0.0,0.0,0.0,0.0,0,0,0,0
491,Sandro,Tonali,Tonali,a,,,5.3,191,120.0,1.1,191,65.0,1.3,207.0,95.0,0,0,0.0,-2,2.0,116,146,0.2,14.2,1.3,0.3,2.4,287.0,123.0,100.0,100.0,187.0,72.0,53.0,45.0,182.0,102.0,116.0,67.0,1.0,3.0,,,,,,0.07,0.1,0.17,1.33,0.0,0.28,1.42,1.1,9.11,34,0,0,0,0,0,0,0,0,0,0,0,0,0,0,0,782,1129,0.0,0.0,0.0,0.0,0.0,0.0,0.0,0.0,0.0,0,0,0,0
492,Antoñito,Cordero Campillo,Antoñito C.,u,has joined Cadiz on loan for the rest of the season.,,4.9,343,214.0,0.0,682,274.0,0.0,734.0,309.0,0,0,0.0,-1,1.0,0,0,0.0,0.0,0.0,0.0,0.0,791.0,346.0,0.0,0.0,790.0,345.0,786.0,345.0,782.0,343.0,790.0,345.0,,,,,,,,0.0,0.0,0.0,0.0,0.0,0.0,0.0,0.0,0.0,34,0,0,0,0,0,0,0,0,0,0,0,0,0,0,0,0,1,0.0,0.0,0.0,0.0,0.0,0.0,0.0,0.0,0.0,0,0,0,0
494,Joe,Willock,Willock,a,,,5.0,249,149.0,0.1,503,182.0,0.0,740.0,312.0,0,0,0.0,0,0.0,9,20,0.0,5.6,0.0,-1.0,1.4,425.0,186.0,100.0,100.0,380.0,167.0,228.0,146.0,252.0,138.0,330.0,161.0,,,,,,,,0.11,0.08,0.19,1.81,0.0,0.39,1.69,0.91,9.87,34,0,0,0,0,0,0,0,0,0,0,0,0,0,0,0,47,97,0.0,0.0,0.0,0.0,0.0,0.0,0.0,0.0,0.0,0,0,0,0
495,Isaac,Hayden,Hayden,u,Has departed the club as a free agent.,,4.5,416,251.0,0.0,774,332.0,0.0,591.0,203.0,0,0,0.0,0,0.0,0,0,0.0,0.0,0.0,0.0,0.0,696.0,271.0,0.0,0.0,690.0,265.0,685.0,268.0,666.0,260.0,692.0,267.0,,,,,,,,0.0,0.0,0.0,0.0,0.0,0.0,0.0,0.0,0.0,34,0,0,0,0,0,0,0,0,0,0,0,0,0,0,0,0,0,0.0,0.0,0.0,0.0,0.0,0.0,0.0,0.0,0.0,0,0,0,0
496,Garang,Kuol,Kuol,u,has joined Sparta Prague permanently.,,4.4,561,337.0,0.0,639,247.0,0.0,575.0,194.0,0,0,0.0,-1,1.0,0,1,0.0,0.0,0.0,0.0,0.0,685.0,265.0,0.0,0.0,678.0,258.0,673.0,261.0,654.0,253.0,680.0,260.0,,,,,,,,0.0,0.0,0.0,0.0,0.0,0.0,0.0,0.0,0.0,34,0,0,0,0,0,0,0,0,0,0,0,0,0,0,0,0,3,0.0,0.0,0.0,0.0,0.0,0.0,0.0,0.0,0.0,0,0,0,0
497,Lewis,Miley,L.Miley,a,,,4.4,559,336.0,1.8,145,48.0,3.3,80.0,26.0,0,0,0.0,-1,1.0,537,207,0.7,15.5,3.3,2.3,3.2,167.0,66.0,100.0,100.0,211.0,89.0,162.0,109.0,227.0,125.0,212.0,103.0,,,,,,,,0.09,0.14,0.23,1.32,0.0,0.14,1.37,0.89,9.53,34,0,0,0,0,0,0,0,0,0,0,0,0,0,0,0,4770,3196,0.0,0.0,0.0,0.0,0.0,0.0,0.0,0.0,0.0,0,0,0,0
498,Joe,White,White,u,has joined Bradford City on loan for the rest of the season.,,4.5,440,262.0,0.0,779,336.0,0.0,610.0,214.0,0,0,0.0,0,0.0,0,0,0.0,0.0,0.0,0.0,0.0,710.0,281.0,0.0,0.0,704.0,275.0,700.0,278.0,683.0,271.0,706.0,277.0,,,,,,,,0.0,0.0,0.0,0.0,0.0,0.0,0.0,0.0,0.0,34,0,0,0,0,0,0,0,0,0,0,0,0,0,0,0,0,0,0.0,0.0,0.0,0.0,0.0,0.0,0.0,0.0,0.0,0,0,0,0
500,William,Osula,Osula,a,,,5.4,179,42.0,0.5,259,38.0,5.7,24.0,3.0,0,0,0.0,-1,1.0,917,246,1.1,8.9,5.7,4.7,2.5,266.0,27.0,100.0,100.0,331.0,33.0,384.0,51.0,189.0,41.0,339.0,41.0,,,,,,,,0.4,0.02,0.42,2.1,0.0,0.2,1.98,0.59,4.56,34,0,0,0,0,0,0,0,0,0,0,0,0,0,0,0,18252,2397,0.0,0.0,0.0,0.0,0.0,0.0,0.0,0.0,0.0,0,0,0,0
501,Sean,Neave,Neave,a,,,4.3,617,86.0,0.3,354,58.0,0.0,543.0,56.0,0,0,0.0,-2,2.0,12,21,0.0,0.0,0.0,-1.0,0.0,665.0,67.0,,,655.0,67.0,651.0,66.0,628.0,66.0,657.0,67.0,,,,,,,,0.0,0.0,0.0,0.0,0.0,0.0,0.0,0.0,0.0,34,0,0,0,0,0,0,0,0,0,0,0,0,0,0,0,85,102,0.0,0.0,0.0,0.0,0.0,0.0,0.0,0.0,0.0,0,0,0,0
674,Aaron,Ramsdale,Ramsdale,a,,,4.8,359,14.0,0.8,213,27.0,0.7,270.0,21.0,0,0,0.0,-2,2.0,83,98,0.1,5.2,0.7,-0.3,2.1,326.0,30.0,,,279.0,25.0,435.0,14.0,761.0,87.0,380.0,24.0,,,,,,,,0.0,0.0,0.0,1.69,2.24,0.09,1.53,0.99,0.0,34,0,0,0,0,0,0,0,0,0,0,0,0,0,0,0,555,1573,0.0,0.0,0.0,0.0,0.0,0.0,0.0,0.0,0.0,0,0,0,0
684,Malick,Thiaw,Thiaw,a,,,5.1,236,36.0,5.9,65,22.0,1.0,236.0,80.0,0,0,0.0,1,-1.0,437,5124,0.2,22.9,1.0,0.0,3.9,70.0,26.0,,,18.0,6.0,276.0,81.0,73.0,5.0,71.0,14.0,,,,,,,,0.14,0.03,0.17,1.55,0.0,0.18,1.65,1.0,9.2,34,0,0,0,0,0,0,0,0,0,0,0,0,0,0,0,3287,36425,0.0,0.0,0.0,0.0,0.0,0.0,0.0,0.0,0.0,0,0,0,0
689,Seung-Soo,Park,Seung soo,a,,,4.3,621,369.0,0.5,274,95.0,0.0,546.0,181.0,0,0,0.0,-2,2.0,51,105,0.0,0.0,0.0,-1.0,0.0,668.0,256.0,,,658.0,246.0,654.0,251.0,631.0,240.0,660.0,248.0,,,,,,,,0.0,0.0,0.0,0.0,0.0,0.0,0.0,0.0,0.0,34,0,0,0,0,0,0,0,0,0,0,0,0,0,0,0,294,678,0.0,0.0,0.0,0.0,0.0,0.0,0.0,0.0,0.0,0,0,0,0
714,Nick,Woltemade,Woltemade,a,,,6.7,47,17.0,6.6,60,11.0,0.7,294.0,40.0,0,0,0.0,-3,3.0,196,775,0.1,14.2,0.7,-0.3,3.3,163.0,17.0,100.0,100.0,162.0,16.0,179.0,16.0,67.0,25.0,120.0,19.0,,,3.0,,,,,0.34,0.05,0.39,1.23,0.0,0.38,1.46,1.13,5.01,34,0,0,0,0,0,0,0,0,0,0,0,0,0,0,0,2288,3888,0.0,0.0,0.0,0.0,0.0,0.0,0.0,0.0,0.0,0,0,0,0
753,John,Ruddy,Ruddy,a,,,4.0,663,38.0,0.0,687,82.0,0.0,417.0,50.0,0,0,0.0,0,0.0,7,6,0.0,0.0,0.0,-1.0,0.0,578.0,63.0,,,567.0,63.0,556.0,48.0,525.0,34.0,569.0,63.0,,,,,,,,0.0,0.0,0.0,0.0,0.0,0.0,0.0,0.0,0.0,34,0,0,0,0,0,0,0,0,0,0,0,0,0,0,0,31,15,0.0,0.0,0.0,0.0,0.0,0.0,0.0,0.0,0.0,0,0,0,0
765,Leo,Shahar,Shahar,a,,,4.0,720,190.0,0.0,643,230.0,0.0,469.0,182.0,0,0,0.0,0,0.0,13,6,0.0,0.0,0.0,-1.0,0.0,621.0,230.0,,,611.0,230.0,604.0,230.0,574.0,227.0,613.0,230.0,,,,,,,,0.0,0.0,0.0,0.0,0.0,0.0,0.0,0.0,0.0,34,0,0,0,0,0,0,0,0,0,0,0,0,0,0,0,62,43,0.0,0.0,0.0,0.0,0.0,0.0,0.0,0.0,0.0,0,0,0,0
772,Sam,Alabi,Alabi,a,,,4.5,517,321.0,0.0,776,333.0,0.0,678.0,269.0,0,0,0.0,0,0.0,2,6,0.0,0.0,0.0,-1.0,0.0,764.0,326.0,,,763.0,325.0,756.0,325.0,743.0,321.0,763.0,325.0,,,,,,,,0.0,0.0,0.0,0.0,0.0,0.0,0.0,0.0,0.0,34,0,0,0,0,0,0,0,0,0,0,0,0,0,0,0,14,22,0.0,0.0,0.0,0.0,0.0,0.0,0.0,0.0,0.0,0,0,0,0
12,Oleksandr,Zinchenko,Zinchenko,u,has joined Ajax permanently.,,4.9,302,47.0,0.2,372,135.0,0.0,713.0,252.0,0,0,0.0,-1,1.0,0,10,0.0,1.4,0.0,0.0,1.4,424.0,154.0,0.0,0.0,393.0,146.0,306.0,98.0,388.0,137.0,392.0,138.0,,,,,,,,0.02,0.09,0.11,1.28,0.0,0.0,1.53,1.02,6.14,34,0,0,0,0,0,0,0,0,0,0,0,0,0,0,0,0,21,0.0,0.0,0.0,0.0,0.0,0.0,0.0,0.0,0.0,0,0,0,0
400,Stefan,Ortega Moreno,Ortega Moreno,a,,,4.7,376,16.0,0.2,389,56.0,0.0,686.0,90.0,0,0,0.0,-3,3.0,41,55,0.0,2.3,-0.5,0.0,3.7,92.0,13.0,100.0,100.0,401.0,30.0,761.0,90.0,750.0,82.0,441.0,30.0,,,,,,,,0.0,0.0,0.0,1.55,2.67,0.33,1.33,1.0,0.0,34,0,0,0,0,0,0,0,0,0,0,0,0,0,0,0,290,249,0.0,0.0,0.0,0.0,0.0,0.0,0.0,0.0,0.0,0,0,0,0
426,James,McAtee,McAtee,a,,,5.0,258,156.0,0.1,504,183.0,0.0,743.0,315.0,0,0,0.0,-5,5.0,4,9,0.0,1.8,-0.5,0.0,0.9,514.0,240.0,,,457.0,203.0,361.0,188.0,413.0,203.0,435.0,196.0,,,5.0,,,,,0.01,0.09,0.1,2.18,0.0,0.0,4.16,0.52,6.76,34,0,0,0,0,0,0,0,0,0,0,0,0,0,0,0,40,36,0.0,0.0,0.0,0.0,0.0,0.0,0.0,0.0,0.0,0,0,0,0
502,Matz,Sels,Sels,a,,,4.6,396,19.0,4.9,80,14.0,4.0,62.0,6.0,7,0,0.0,-4,4.0,408,336,0.9,19.3,3.5,4.0,3.3,149.0,18.0,100.0,100.0,62.0,13.0,433.0,12.0,748.0,80.0,247.0,13.0,,,,,,,,0.0,0.0,0.0,1.4,3.04,0.27,1.29,1.01,0.0,34,7,90,0,0,1,0,0,0,0,0,0,4,1,0,30,6790,2639,0.0,0.0,0.0,0.0,0.6699999999999946,25.600000000000023,0.0,0.0,2.6000000000000014,0,0,5,0
503,Carlos Miguel,dos Santos Pereira,C.Miguel,u,Has joined Palmeiras permanently.,,4.0,693,55.0,0.1,561,77.0,0.0,445.0,66.0,0,0,0.0,0,0.0,0,2,0.0,0.0,0.0,0.0,0.0,601.0,77.0,0.0,0.0,590.0,77.0,582.0,65.0,551.0,51.0,592.0,77.0,,,,,,,,0.0,0.0,0.0,0.0,0.0,0.0,0.0,0.0,0.0,34,0,0,0,0,0,0,0,0,0,0,0,0,0,0,0,0,10,0.0,0.0,0.0,0.0,0.0,0.0,0.0,0.0,0.0,0,0,0,0
504,Matt,Turner,Turner,u,Has joined Lyon permanently.,,4.0,678,46.0,0.1,535,76.0,0.0,430.0,57.0,0,0,0.0,0,0.0,0,2,0.0,0.0,0.0,0.0,0.0,588.0,68.0,0.0,0.0,577.0,68.0,569.0,56.0,538.0,42.0,579.0,68.0,,,,,,,,0.0,0.0,0.0,0.0,0.0,0.0,0.0,0.0,0.0,34,0,0,0,0,0,0,0,0,0,0,0,0,0,0,0,0,14,0.0,0.0,0.0,0.0,0.0,0.0,0.0,0.0,0.0,0,0,0,0
505,Nikola,Milenković,Milenković,a,,,5.1,230,33.0,3.4,101,35.0,5.0,37.0,18.0,8,0,0.0,-4,4.0,579,297,1.0,21.8,4.5,5.0,3.3,155.0,61.0,,,56.0,27.0,366.0,132.0,262.0,73.0,179.0,61.0,,,,,,,,0.02,0.01,0.03,1.38,0.0,0.26,1.32,1.0,8.32,34,8,90,0,0,1,0,0,0,0,0,0,0,1,0,27,8313,2007,0.0,0.0,0.0,0.0,0.6700000000000017,27.399999999999977,0.20000000000000284,0.0,2.799999999999997,3,15,2,18
506,Murillo,Costa dos Santos,Murillo,i,Muscle injury - Expected back 04 May,,5.2,218,30.0,2.0,138,56.0,0.0,770.0,259.0,0,0,0.0,-3,3.0,14,1714,0.0,16.0,0.0,0.0,3.3,157.0,62.0,0.0,0.0,80.0,37.0,265.0,74.0,293.0,86.0,187.0,64.0,,2.0,,,,,,0.03,0.02,0.05,1.39,0.0,0.25,1.23,1.06,9.42,34,0,0,0,0,0,0,0,0,0,0,0,0,0,0,0,67,8777,0.0,0.0,0.0,0.0,0.0,0.0,0.0,0.0,0.0,0,0,0,0
507,Ola,Aina,Aina,a,,,4.7,379,63.0,2.4,127,50.0,4.3,52.0,24.0,9,0,0.0,-3,3.0,288,185,0.9,14.3,3.8,4.3,3.7,93.0,35.0,100.0,100.0,226.0,88.0,213.0,56.0,329.0,105.0,279.0,89.0,,,,,,,,0.02,0.05,0.07,1.43,0.0,0.34,1.08,1.02,7.37,34,9,90,0,1,1,0,0,0,0,0,0,0,1,0,31,1923,1387,0.0,0.04999999999999999,0.010000000000000009,0.06000000000000005,0.6700000000000017,17.399999999999977,0.9000000000000057,1.0,1.8999999999999986,4,5,1,9
508,Neco,Williams,N.Williams,a,,,4.8,355,59.0,4.6,85,27.0,6.0,15.0,7.0,5,0,0.0,-2,2.0,1515,1203,1.3,25.4,5.5,6.0,3.7,94.0,36.0,100.0,100.0,28.0,10.0,37.0,3.0,76.0,7.0,31.0,2.0,3.0,,,,,,,0.06,0.12,0.18,1.33,0.0,0.28,1.31,1.03,6.7,34,5,90,0,0,1,0,0,0,0,1,0,0,1,0,18,35474,6257,0.0,0.009999999999999787,0.050000000000000266,0.0600000000000005,0.6700000000000017,7.800000000000068,15.799999999999955,6.0,3.0,0,7,4,7
509,David,Mota Veiga Teixeira do Carmo,David Carmo,u,has joined Real Oviedo on loan for the rest of the season.,,4.5,437,90.0,0.0,684,242.0,0.0,607.0,243.0,0,0,0.0,0,0.0,0,1,0.0,0.0,0.0,0.0,0.0,707.0,260.0,0.0,0.0,701.0,260.0,697.0,260.0,680.0,260.0,703.0,260.0,,,,,,,,0.0,0.0,0.0,0.0,0.0,0.0,0.0,0.0,0.0,34,0,0,0,0,0,0,0,0,0,0,0,0,0,0,0,0,2,0.0,0.0,0.0,0.0,0.0,0.0,0.0,0.0,0.0,0,0,0,0
510,Jair,Paula da Cunha Filho,Jair Cunha,d,Shoulder injury - 75% chance of playing,,4.2,648,152.0,0.1,560,200.0,0.7,260.0,85.0,1,0,0.0,-3,3.0,11,7,0.2,1.7,0.1,0.7,1.4,421.0,153.0,75.0,100.0,402.0,150.0,459.0,166.0,417.0,155.0,431.0,156.0,,,,,,,,0.04,0.0,0.04,1.73,0.0,0.0,1.45,0.87,8.39,34,1,49,0,0,0,0,0,0,0,0,0,0,1,0,6,94,22,0.0,0.0,0.0,0.0,0.22000000000000064,6.200000000000003,0.30000000000000027,0.0,0.7000000000000002,0,3,0,3
511,Felipe,Rodrigues da Silva,Morato,a,,,4.3,593,135.0,0.1,513,184.0,0.7,263.0,87.0,1,0,0.0,-2,2.0,8,11,0.2,8.6,0.2,0.7,2.2,309.0,113.0,,,253.0,100.0,398.0,143.0,325.0,103.0,340.0,114.0,,,,,,,,0.08,0.01,0.09,1.4,0.0,0.18,1.56,0.92,9.92,34,1,40,0,0,0,0,0,0,0,0,0,0,0,0,5,72,37,0.0,0.0,0.0,0.0,0.4599999999999991,10.400000000000006,0.10000000000000142,0.0,1.1000000000000014,1,5,0,6
512,Omar,Richards,O.Richards,u,has joined Rio Ave on loan for the rest of the season.,,4.5,422,83.0,0.0,693,246.0,0.0,595.0,239.0,0,0,0.0,0,0.0,0,0,0.0,0.0,0.0,0.0,0.0,699.0,258.0,0.0,0.0,693.0,258.0,688.0,258.0,669.0,257.0,695.0,258.0,,,,,,,,0.0,0.0,0.0,0.0,0.0,0.0,0.0,0.0,0.0,34,0,0,0,0,0,0,0,0,0,0,0,0,0,0,0,0,0,0.0,0.0,0.0,0.0,0.0,0.0,0.0,0.0,0.0,0,0,0,0
513,Zach,Abbott,Abbott,a,,,3.8,814,254.0,0.3,350,126.0,0.0,376.0,139.0,0,0,0.0,-2,2.0,3,22,0.0,0.5,-0.5,0.0,1.0,456.0,164.0,,,448.0,164.0,445.0,159.0,483.0,191.0,464.0,167.0,,,,,,,,0.0,0.01,0.01,2.35,0.0,0.0,3.0,0.75,7.5,34,0,0,0,0,0,0,0,0,0,0,0,0,0,0,0,74,152,0.0,0.0,0.0,0.0,0.0,0.0,0.0,0.0,0.0,0,0,0,0
514,Willy,Boly,Boly,i,Knee injury - Unknown return date,,3.8,793,235.0,0.3,307,114.0,0.0,358.0,123.0,0,0,0.0,-2,2.0,13,30,0.0,0.0,0.0,0.0,0.0,531.0,187.0,0.0,0.0,520.0,186.0,502.0,185.0,469.0,179.0,522.0,186.0,,,,,,,,0.0,0.0,0.0,0.0,0.0,0.0,0.0,0.0,0.0,34,0,0,0,0,0,0,0,0,0,0,0,0,0,0,0,92,254,0.0,0.0,0.0,0.0,0.0,0.0,0.0,0.0,0.0,0,0,0,0
515,Morgan,Gibbs-White,Gibbs-White,a,,,7.6,20,14.0,9.7,36,12.0,11.7,1.0,1.0,13,1,-1.0,1,-1.0,42675,1412,1.5,22.1,11.2,11.7,4.9,17.0,7.0,100.0,100.0,24.0,7.0,16.0,16.0,12.0,6.0,6.0,4.0,,1.0,2.0,,,,,0.29,0.07,0.36,1.37,0.0,0.31,1.27,1.02,5.15,34,13,90,1,1,1,0,0,0,0,0,0,0,1,2,43,287623,8992,0.0,0.10000000000000142,0.09999999999999964,0.20000000000000107,0.6700000000000017,58.799999999999955,19.5,21.0,9.900000000000006,1,2,6,9
516,Callum,Hudson-Odoi,Hudson-Odoi,i,Muscle injury - Expected back 01 Jun,,5.7,114,72.0,0.6,241,84.0,2.3,133.0,54.0,0,0,0.0,-3,3.0,6,340,0.4,15.4,0.0,0.0,2.9,211.0,85.0,0.0,0.0,178.0,68.0,26.0,25.0,85.0,48.0,59.0,38.0,,,,,,,,0.14,0.15,0.29,1.51,0.0,0.29,1.27,1.03,5.19,34,0,0,0,0,0,0,0,0,0,0,0,0,0,0,0,26,1964,0.0,0.0,0.0,0.0,0.0,0.0,0.0,0.0,0.0,0,0,0,0
517,Elliot,Anderson,Anderson,a,,,5.6,127,79.0,7.4,56,19.0,5.0,39.0,12.0,9,0,0.0,1,-1.0,3137,3521,0.9,27.3,4.5,5.0,4.5,30.0,13.0,100.0,100.0,16.0,5.0,6.0,6.0,106.0,65.0,15.0,11.0,1.0,3.0,4.0,,,,,0.08,0.11,0.19,1.35,0.0,0.3,1.3,1.01,13.87,34,9,90,1,0,1,0,0,0,0,1,0,0,1,0,29,17999,19648,0.0,0.28000000000000025,0.009999999999999787,0.29000000000000004,0.6699999999999946,49.39999999999998,12.400000000000091,21.0,8.299999999999983,0,8,5,13
518,João Pedro,Ferreira da Silva,Jota,u,has joined Besiktas on loan for the rest of the season.,,5.4,175,110.0,0.0,619,238.0,0.0,789.0,347.0,0,0,0.0,-1,1.0,0,0,0.0,0.2,0.0,0.0,1.0,507.0,235.0,0.0,0.0,482.0,218.0,482.0,232.0,443.0,217.0,491.0,225.0,,,,,,,,0.0,0.0,0.0,0.0,0.0,0.0,0.0,0.0,24.55,34,0,0,0,0,0,0,0,0,0,0,0,0,0,0,0,0,0,0.0,0.0,0.0,0.0,0.0,0.0,0.0,0.0,0.0,0,0,0,0
519,Nicolás,Domínguez,Dominguez,a,,,5.0,257,155.0,0.0,635,246.0,1.7,174.0,80.0,0,0,0.0,0,0.0,7,9,0.3,8.6,1.2,1.7,1.9,356.0,153.0,100.0,100.0,275.0,114.0,206.0,134.0,240.0,133.0,273.0,140.0,,,,,,,,0.11,0.07,0.18,1.71,0.0,0.27,1.65,1.28,10.52,34,0,45,0,0,0,0,0,0,0,1,0,0,0,0,2,80,37,0.0,0.0,0.09999999999999998,0.10000000000000009,0.46000000000000085,2.1999999999999886,1.5,0.0,0.4000000000000057,2,0,5,7
520,Lewis,O'Brien,O'Brien,u,Has joined Wrexham permanently.,,5.0,255,154.0,0.0,822,366.0,0.0,742.0,314.0,0,0,0.0,0,0.0,0,0,0.0,0.0,0.0,0.0,0.0,794.0,348.0,0.0,0.0,793.0,347.0,791.0,347.0,786.0,345.0,793.0,347.0,,,,,,,,0.0,0.0,0.0,0.0,0.0,0.0,0.0,0.0,0.0,34,0,0,0,0,0,0,0,0,0,0,0,0,0,0,0,0,0,0.0,0.0,0.0,0.0,0.0,0.0,0.0,0.0,0.0,0,0,0,0
521,Ibrahim,Sangaré,Sangaré,d,Knock - 75% chance of playing,,4.9,306,190.0,0.1,537,197.0,3.0,98.0,33.0,1,0,0.0,-1,1.0,16,42,0.6,17.1,1.9,3.0,3.2,171.0,68.0,75.0,100.0,149.0,51.0,182.0,120.0,239.0,132.0,190.0,93.0,,,,,,,,0.05,0.08,0.13,1.38,0.0,0.36,1.09,1.09,11.0,34,1,45,0,0,0,0,0,0,0,0,0,0,1,0,7,508,171,0.0,0.0,0.020000000000000018,0.020000000000000018,0.22000000000000242,10.200000000000045,1.5999999999999943,0.0,1.2000000000000028,1,3,1,5
522,Ryan,Yates,Yates,a,,,4.7,383,238.0,0.1,553,204.0,1.7,166.0,74.0,0,0,0.0,-3,3.0,10,12,0.4,5.3,1.2,1.7,1.3,435.0,193.0,100.0,100.0,370.0,165.0,331.0,181.0,351.0,180.0,386.0,178.0,,,,,,,,0.04,0.04,0.08,1.1,0.0,0.0,1.02,0.2,9.77,34,0,23,0,0,0,0,0,0,0,1,0,0,0,0,3,89,48,0.0,0.0,0.0,0.0,0.33999999999999986,6.800000000000011,0.5,0.0,0.6999999999999993,1,5,0,6
523,Eric,da Silva Moreira,Da Silva Moreira,a,,,4.5,475,289.0,0.1,568,212.0,0.0,638.0,238.0,0,0,0.0,0,0.0,9,5,0.0,0.0,-0.5,0.0,0.0,732.0,301.0,100.0,100.0,729.0,298.0,723.0,299.0,709.0,294.0,730.0,299.0,,,,,,,,0.0,0.0,0.0,0.0,0.0,0.0,0.0,0.0,0.0,34,0,0,0,0,0,0,0,0,0,0,0,0,0,0,0,49,20,0.0,0.0,0.0,0.0,0.0,0.0,0.0,0.0,0.0,0,0,0,0
524,Marko,Stamenić,Stamenic,u,Has joined Swansea City permanently.,,4.5,451,269.0,0.0,705,286.0,0.0,617.0,220.0,0,0,0.0,0,0.0,0,0,0.0,0.0,0.0,0.0,0.0,715.0,286.0,0.0,0.0,710.0,281.0,705.0,283.0,689.0,276.0,711.0,282.0,,,,,,,,0.0,0.0,0.0,0.0,0.0,0.0,0.0,0.0,0.0,34,0,0,0,0,0,0,0,0,0,0,0,0,0,0,0,0,0,0.0,0.0,0.0,0.0,0.0,0.0,0.0,0.0,0.0,0,0,0,0
525,Chris,Wood,Wood,a,,,7.1,33,14.0,4.6,84,16.0,3.3,89.0,15.0,7,0,0.0,-4,4.0,1127,129,0.5,4.9,2.8,3.3,3.2,180.0,20.0,100.0,100.0,348.0,35.0,327.0,40.0,133.0,32.0,311.0,35.0,,,1.0,,,,,0.47,0.02,0.49,1.18,0.0,0.25,1.12,1.12,2.48,34,7,87,1,0,1,0,0,0,0,0,0,0,1,1,35,4765,473,0.0,0.6299999999999999,0.009999999999999981,0.6400000000000001,0.6699999999999999,50.400000000000006,2.0,26.0,7.800000000000004,0,5,0,5
526,Igor Jesus,Maciel da Cruz,Igor Jesus,a,,,5.9,99,28.0,1.8,149,23.0,7.7,6.0,1.0,14,1,-1.0,-1,1.0,6973,544,1.3,17.6,7.2,7.7,3.2,178.0,19.0,100.0,100.0,184.0,18.0,178.0,15.0,25.0,15.0,84.0,16.0,,,3.0,,,,,0.24,0.06,0.3,1.42,0.0,0.41,1.45,1.08,4.74,34,14,66,1,2,1,0,0,0,0,1,0,0,1,3,48,36199,3202,0.0,0.1900000000000004,0.06000000000000005,0.25,0.3299999999999983,58.0,21.30000000000001,21.0,10.0,0,3,5,8
527,Taiwo,Awoniyi,Awoniyi,a,,,5.2,207,47.0,0.3,329,52.0,1.3,205.0,26.0,4,0,0.0,-3,3.0,30,35,0.2,4.6,0.8,1.3,1.8,380.0,43.0,100.0,100.0,374.0,40.0,351.0,43.0,206.0,43.0,352.0,42.0,,,,,,,,0.69,0.13,0.82,1.7,0.0,0.0,0.67,0.33,5.33,34,4,2,0,1,0,0,0,0,0,0,0,0,0,0,16,195,122,0.0,0.0,0.010000000000000009,0.010000000000000231,0.0,17.39999999999999,10.300000000000004,2.0,3.0,0,0,1,1
669,Dan,Ndoye,Ndoye,a,,,5.5,146,92.0,0.7,234,82.0,0.3,339.0,159.0,0,0,0.0,-5,5.0,7,31,0.1,9.1,-0.2,0.3,2.1,332.0,144.0,100.0,100.0,319.0,142.0,170.0,115.0,177.0,98.0,255.0,126.0,4.0,,,,,,,0.08,0.12,0.2,1.23,0.0,0.15,1.31,1.08,7.4,34,0,0,0,0,0,0,0,0,0,0,0,0,0,0,0,111,99,0.0,0.0,0.0,0.0,0.0,0.0,0.0,0.0,0.0,0,0,0,0
675,Angus,Gunn,Gunn,a,,,4.0,668,42.0,1.1,186,23.0,0.0,421.0,53.0,0,0,0.0,0,0.0,8,26,0.0,0.2,-0.5,0.0,1.0,459.0,38.0,100.0,100.0,502.0,38.0,561.0,52.0,530.0,38.0,511.0,38.0,,,,,,,,0.0,0.0,0.0,0.42,0.0,0.0,0.0,0.0,0.0,34,0,0,0,0,0,0,0,0,0,0,0,0,0,0,0,130,244,0.0,0.0,0.0,0.0,0.0,0.0,0.0,0.0,0.0,0,0,0,0
693,Omari,Hutchinson,Hutchinson,a,,,5.4,174,109.0,0.1,531,194.0,3.0,104.0,38.0,3,0,0.0,-1,1.0,37,33,0.6,13.5,2.5,3.0,2.7,238.0,94.0,,,221.0,93.0,57.0,48.0,82.0,47.0,98.0,56.0,2.0,,,,,,,0.11,0.19,0.3,1.16,0.0,0.36,1.14,0.9,6.87,34,3,66,0,0,1,0,0,0,0,0,0,0,1,0,14,467,164,0.0,0.039999999999999813,0.10000000000000009,0.13999999999999968,0.3299999999999983,9.399999999999977,9.199999999999989,23.0,4.200000000000003,0,2,2,4
696,Arnaud,Kalimuendo,Kalimuendo,u,has joined Eintracht Frankfurt on loan for the rest of the season.,,6.0,88,26.0,0.1,457,66.0,0.0,810.0,88.0,0,0,0.0,0,0.0,0,4,0.0,1.5,0.0,0.0,1.0,510.0,61.0,0.0,0.0,478.0,56.0,406.0,53.0,350.0,55.0,444.0,56.0,,,,,,,,0.44,0.02,0.46,1.59,0.0,0.0,3.03,0.0,6.07,34,0,0,0,0,0,0,0,0,0,0,0,0,0,0,0,0,8,0.0,0.0,0.0,0.0,0.0,0.0,0.0,0.0,0.0,0,0,0,0
715,John Victor,Maciel Furtado,John,i,Knee injury - Expected back 01 Jun,,4.0,676,45.0,0.3,328,46.0,0.0,428.0,56.0,0,0,0.0,0,0.0,3,42,0.0,2.8,0.0,0.0,2.2,306.0,29.0,0.0,0.0,414.0,32.0,567.0,55.0,536.0,41.0,450.0,32.0,,,,,,,,0.0,0.0,0.0,1.26,1.24,0.21,1.65,1.03,0.0,34,0,0,0,0,0,0,0,0,0,0,0,0,0,0,0,9,331,0.0,0.0,0.0,0.0,0.0,0.0,0.0,0.0,0.0,0,0,0,0
716,Nicolò,Savona,Savona,i,Knee injury - Unknown return date,,4.5,453,94.0,0.1,583,208.0,0.0,619.0,245.0,0,0,0.0,0,0.0,1,6,0.0,8.7,0.0,0.0,2.8,218.0,86.0,0.0,0.0,276.0,112.0,255.0,69.0,278.0,81.0,301.0,101.0,,,,,,,,0.12,0.04,0.16,1.32,0.0,0.26,1.58,0.97,5.0,34,0,0,0,0,0,0,0,0,0,0,0,0,0,0,0,4,59,0.0,0.0,0.0,0.0,0.0,0.0,0.0,0.0,0.0,0,0,0,0
729,Luis Eduardo,Soares da Silva,Cuiabano,u,has joined Vasco de Gama on loan for the rest of the season.,,4.5,474,96.0,0.0,820,268.0,0.0,637.0,246.0,0,0,0.0,0,0.0,0,0,0.0,0.0,0.0,0.0,0.0,731.0,261.0,0.0,0.0,728.0,261.0,722.0,261.0,708.0,261.0,729.0,261.0,,,,,,,,0.0,0.0,0.0,0.0,0.0,0.0,0.0,0.0,0.0,34,0,0,0,0,0,0,0,0,0,0,0,0,0,0,0,0,0,0.0,0.0,0.0,0.0,0.0,0.0,0.0,0.0,0.0,0,0,0,0
734,Dilane,Bakwa,Bakwa,a,,,5.9,98,65.0,0.0,673,271.0,0.3,344.0,162.0,0,0,0.0,-1,1.0,7,9,0.1,2.5,-0.2,0.3,1.4,428.0,189.0,100.0,100.0,417.0,182.0,252.0,158.0,294.0,158.0,366.0,174.0,,,,,,,,0.12,0.17,0.29,1.61,0.0,0.0,2.09,0.93,6.98,34,0,0,0,0,0,0,0,0,0,0,0,0,0,0,0,51,22,0.0,0.0,0.0,0.0,0.0,0.0,0.0,0.0,0.0,0,0,0,0
805,Lorenzo,Lucca,Lucca,a,,,5.4,169,40.0,0.0,712,90.0,0.0,787.0,84.0,0,0,0.0,-1,1.0,9,12,0.0,1.5,-0.5,0.0,2.7,237.0,23.0,,,431.0,51.0,420.0,55.0,369.0,56.0,434.0,55.0,,,,,,,,0.54,0.01,0.55,1.41,0.0,0.76,0.76,0.76,3.78,34,0,0,0,0,0,0,0,0,0,0,0,0,0,0,0,49,60,0.0,0.0,0.0,0.0,0.0,0.0,0.0,0.0,0.0,0,0,0,0
814,Luca,Netz,Netz,a,,,4.5,443,91.0,0.0,771,261.0,0.3,315.0,103.0,1,0,0.0,0,0.0,1,1,0.1,0.7,-0.2,0.3,1.0,481.0,172.0,,,458.0,167.0,465.0,169.0,439.0,165.0,473.0,169.0,,,,,,,,0.0,0.48,0.48,0.49,0.0,0.0,0.0,0.0,6.34,34,1,23,0,0,0,0,0,0,0,0,0,0,0,0,5,19,8,0.0,0.0,0.020000000000000018,0.020000000000000018,0.34,9.2,0.30000000000000004,2.0,1.1999999999999997,1,3,2,4
528,Anthony,Patterson,Patterson,u,has joined Millwall on loan for the rest of the season.,,4.2,636,33.0,0.1,419,60.0,0.0,505.0,82.0,0,0,0.0,-3,3.0,0,8,0.0,0.0,0.0,0.0,0.0,646.0,91.0,0.0,0.0,637.0,91.0,631.0,82.0,605.0,70.0,639.0,91.0,,,,,,,,0.0,0.0,0.0,0.0,0.0,0.0,0.0,0.0,0.0,34,0,0,0,0,0,0,0,0,0,0,0,0,0,0,0,0,25,0.0,0.0,0.0,0.0,0.0,0.0,0.0,0.0,0.0,0,0,0,0
529,Simon,Moore,Moore,i,Hand injury - Unknown return date,,3.9,747,69.0,0.3,306,40.0,0.0,382.0,29.0,0,0,0.0,-1,1.0,2,47,0.0,0.0,0.0,0.0,0.0,548.0,43.0,0.0,0.0,537.0,43.0,522.0,24.0,490.0,10.0,539.0,43.0,,,,,,,,0.0,0.0,0.0,0.0,0.0,0.0,0.0,0.0,0.0,34,0,0,0,0,0,0,0,0,0,0,0,0,0,0,0,26,273,0.0,0.0,0.0,0.0,0.0,0.0,0.0,0.0,0.0,0,0,0,0
530,Blondy,Nna Noukeu,Nna Noukeu,u,has joined US Boulogne CO permanently.,,3.9,775,87.0,0.1,474,71.0,0.0,402.0,44.0,0,0,0.0,-1,1.0,0,13,0.0,0.0,0.0,0.0,0.0,565.0,57.0,0.0,0.0,554.0,57.0,543.0,42.0,511.0,28.0,556.0,57.0,,,,,,,,0.0,0.0,0.0,0.0,0.0,0.0,0.0,0.0,0.0,34,0,0,0,0,0,0,0,0,0,0,0,0,0,0,0,0,66,0.0,0.0,0.0,0.0,0.0,0.0,0.0,0.0,0.0,0,0,0,0
531,Daniel,Ballard,Ballard,a,,,4.7,385,65.0,3.2,104,37.0,0.0,690.0,249.0,0,0,0.0,2,-2.0,465,854,0.0,25.1,0.5,0.0,4.2,43.0,17.0,100.0,100.0,45.0,19.0,200.0,52.0,72.0,4.0,76.0,15.0,,,,,,,,0.11,0.03,0.14,1.42,0.0,0.25,1.44,0.98,11.2,34,0,90,0,0,0,5,0,0,0,0,0,0,1,0,351,11057,4791,0.0,0.07000000000000028,0.050000000000000044,0.1200000000000001,1.2999999999999972,19.0,2.3000000000000114,17.0,3.8000000000000114,1,7,1,8
532,Trai,Hume,Hume,a,,,4.5,445,92.0,0.3,301,112.0,1.7,164.0,59.0,-2,0,0.0,0,0.0,35,106,0.4,20.7,2.2,1.7,2.7,234.0,94.0,,,118.0,53.0,110.0,29.0,145.0,28.0,114.0,32.0,2.0,,,,,,,0.07,0.06,0.13,1.47,0.0,0.27,1.3,1.0,6.29,34,93,90,0,0,0,5,1,0,0,0,0,0,1,0,324,1548,454,0.0,0.019999999999999796,0.13000000000000012,0.1499999999999999,1.2999999999999972,16.200000000000045,16.399999999999977,5.0,3.799999999999997,1,6,3,7
533,Aji,Alese,Alese,u,has joined Portsmouth on loan for the rest of the season.,,4.0,675,167.0,0.0,796,264.0,0.0,427.0,161.0,0,0,0.0,0,0.0,0,0,0.0,0.0,0.0,0.0,0.0,586.0,214.0,0.0,0.0,575.0,213.0,566.0,213.0,535.0,209.0,577.0,213.0,,,,,,,,0.0,0.0,0.0,0.0,0.0,0.0,0.0,0.0,0.0,34,0,0,0,0,0,0,0,0,0,0,0,0,0,0,0,0,0,0.0,0.0,0.0,0.0,0.0,0.0,0.0,0.0,0.0,0,0,0,0
534,Joe,Anderson,Anderson,u,has joined Barrow FC permanently.,,3.8,796,237.0,0.3,326,119.0,0.0,361.0,125.0,0,0,0.0,-2,2.0,0,19,0.0,0.0,0.0,0.0,0.0,533.0,188.0,0.0,0.0,522.0,187.0,504.0,186.0,471.0,180.0,524.0,187.0,,,,,,,,0.0,0.0,0.0,0.0,0.0,0.0,0.0,0.0,0.0,34,0,0,0,0,0,0,0,0,0,0,0,0,0,0,0,0,145,0.0,0.0,0.0,0.0,0.0,0.0,0.0,0.0,0.0,0,0,0,0
535,Dennis,Cirkin,Cirkin,a,,,4.0,686,172.0,0.0,592,211.0,0.0,438.0,166.0,0,0,0.0,0,0.0,3,7,0.0,3.5,0.5,0.0,2.0,336.0,123.0,100.0,100.0,413.0,155.0,438.0,155.0,423.0,159.0,440.0,159.0,,,,,,,,0.02,0.01,0.03,1.81,0.0,0.3,0.6,0.9,7.77,34,0,0,0,0,0,0,0,0,0,0,0,0,0,0,0,50,56,0.0,0.0,0.0,0.0,0.0,0.0,0.0,0.0,0.0,0,0,0,0
536,Leo Fuhr,Hjelde,Hjelde,u,has joined Sheffield United on loan for the rest of the season.,,4.0,694,175.0,0.0,727,253.0,0.0,446.0,169.0,0,0,0.0,0,0.0,0,1,0.0,0.0,0.0,0.0,0.0,602.0,220.0,0.0,0.0,591.0,219.0,583.0,219.0,552.0,215.0,593.0,219.0,,,,,,,,0.0,0.0,0.0,0.0,0.0,0.0,0.0,0.0,0.0,34,0,0,0,0,0,0,0,0,0,0,0,0,0,0,0,0,4,0.0,0.0,0.0,0.0,0.0,0.0,0.0,0.0,0.0,0,0,0,0
537,Niall,Huggins,Huggins,u,has joined Wycombe Wanderers on loan for the rest of the season.,,4.0,697,176.0,0.1,548,194.0,0.0,449.0,170.0,0,0,0.0,0,0.0,0,3,0.0,0.0,0.0,0.0,0.0,605.0,221.0,0.0,0.0,594.0,220.0,586.0,220.0,555.0,216.0,596.0,220.0,,,,,,,,0.0,0.0,0.0,0.0,0.0,0.0,0.0,0.0,0.0,34,0,0,0,0,0,0,0,0,0,0,0,0,0,0,0,0,7,0.0,0.0,0.0,0.0,0.0,0.0,0.0,0.0,0.0,0,0,0,0
538,Zak,Johnson,Johnson,u,has joined York City on loan for the rest of the season.,,3.8,808,248.0,0.2,382,140.0,0.0,370.0,133.0,0,0,0.0,-2,2.0,0,16,0.0,0.0,0.0,0.0,0.0,539.0,194.0,0.0,0.0,528.0,193.0,511.0,192.0,478.0,186.0,530.0,193.0,,,,,,,,0.0,0.0,0.0,0.0,0.0,0.0,0.0,0.0,0.0,34,0,0,0,0,0,0,0,0,0,0,0,0,0,0,0,0,79,0.0,0.0,0.0,0.0,0.0,0.0,0.0,0.0,0.0,0,0,0,0
539,Luke,O'Nien,O'Nien,a,,,4.0,673,165.0,0.1,502,179.0,2.0,142.0,53.0,0,0,0.0,0,0.0,18,40,0.5,4.0,2.5,2.0,1.6,399.0,147.0,100.0,100.0,419.0,156.0,442.0,157.0,407.0,151.0,439.0,158.0,,,,,,,,0.0,0.03,0.03,1.62,0.0,0.44,1.1,0.88,6.18,34,0,0,0,0,0,0,0,0,0,0,0,0,0,0,0,663,148,0.0,0.0,0.0,0.0,0.0,0.0,0.0,0.0,0.0,0,0,0,0
540,Timothée,Pembélé,Pembele,u,has joined Le Havre AC on loan for the rest of the season.,,3.9,769,222.0,0.3,340,121.0,0.0,398.0,147.0,0,0,0.0,-1,1.0,0,14,0.0,0.0,0.0,0.0,0.0,561.0,203.0,0.0,0.0,550.0,202.0,538.0,202.0,506.0,197.0,552.0,202.0,,,,,,,,0.0,0.0,0.0,0.0,0.0,0.0,0.0,0.0,0.0,34,0,0,0,0,0,0,0,0,0,0,0,0,0,0,0,0,85,0.0,0.0,0.0,0.0,0.0,0.0,0.0,0.0,0.0,0,0,0,0
541,Reinildo,Mandava,Reinildo,a,,,3.8,799,240.0,2.9,115,45.0,3.0,92.0,36.0,1,0,0.0,-2,2.0,196,321,0.8,15.8,3.5,3.0,2.9,203.0,80.0,100.0,100.0,208.0,81.0,267.0,75.0,349.0,116.0,287.0,93.0,,,,,,,,0.01,0.03,0.04,1.27,0.0,0.28,1.33,1.05,7.53,34,1,45,0,0,0,1,0,0,0,0,0,0,0,0,5,7778,1997,0.0,0.0,0.08999999999999997,0.08999999999999997,0.23000000000000043,4.0,2.0999999999999943,0.0,0.6000000000000014,0,2,3,2
542,Jenson,Seelt,Seelt,u,has joined Wolfsburg on loan for the rest of the season.,,4.0,715,187.0,0.1,516,186.0,0.0,464.0,179.0,0,0,0.0,0,0.0,0,1,0.0,0.5,0.0,0.0,1.0,461.0,167.0,0.0,0.0,435.0,162.0,462.0,168.0,569.0,224.0,462.0,165.0,,,,,,,,0.0,0.01,0.01,0.9,0.0,0.0,1.35,0.68,8.12,34,0,0,0,0,0,0,0,0,0,0,0,0,0,0,0,0,9,0.0,0.0,0.0,0.0,0.0,0.0,0.0,0.0,0.0,0,0,0,0
543,Simon,Adingra,Adingra,u,has joined AS Monaco on loan for the rest of the season.,,4.9,336,207.0,0.3,305,106.0,0.0,730.0,305.0,0,0,0.0,-6,6.0,0,19,0.0,6.9,0.0,0.0,2.4,284.0,120.0,0.0,0.0,392.0,175.0,261.0,161.0,302.0,161.0,361.0,172.0,,,,,,,,0.05,0.09,0.14,1.57,0.0,0.55,1.11,1.25,6.24,34,0,0,0,0,0,0,0,0,0,0,0,0,0,0,0,0,71,0.0,0.0,0.0,0.0,0.0,0.0,0.0,0.0,0.0,0,0,0,0
544,Habib,Diarra,Diarra,a,,,5.3,199,124.0,0.1,424,145.0,3.0,103.0,37.0,1,0,0.0,-2,2.0,76,140,0.6,11.3,3.5,3.0,3.5,125.0,54.0,100.0,100.0,335.0,150.0,257.0,160.0,152.0,86.0,290.0,146.0,,,1.0,,,,,0.2,0.04,0.24,1.38,0.0,0.34,1.27,1.01,5.16,34,1,64,0,0,0,4,0,0,0,1,0,0,1,0,7,2375,450,0.0,0.0,0.030000000000000027,0.03000000000000025,1.0599999999999987,1.4000000000000057,2.4000000000000057,2.0,0.6000000000000014,1,0,6,7
545,Patrick,Roberts,Roberts,u,has joined Birmingham City permanently.,,5.4,155,97.0,0.0,733,305.0,0.0,779.0,341.0,0,0,0.0,-1,1.0,0,0,0.0,0.2,0.0,0.0,1.0,506.0,234.0,0.0,0.0,499.0,229.0,440.0,213.0,436.0,212.0,485.0,223.0,,,,,,,,0.1,0.07,0.17,2.2,0.0,0.0,3.33,0.0,3.33,34,0,0,0,0,0,0,0,0,0,0,0,0,0,0,0,0,0,0.0,0.0,0.0,0.0,0.0,0.0,0.0,0.0,0.0,0,0,0,0
546,Milan,Aleksić,Aleksić,a,,,4.9,342,213.0,0.0,699,283.0,0.0,733.0,308.0,0,0,0.0,-1,1.0,3,2,0.0,0.0,0.5,0.0,0.0,790.0,345.0,100.0,100.0,789.0,344.0,785.0,344.0,781.0,342.0,789.0,344.0,,,,,,,,0.0,0.0,0.0,0.0,0.0,0.0,0.0,0.0,0.0,34,0,0,0,0,0,0,0,0,0,0,0,0,0,0,0,19,6,0.0,0.0,0.0,0.0,0.0,0.0,0.0,0.0,0.0,0,0,0,0
547,Enzo,Le Fée,E.Le Fée,a,,,4.8,366,228.0,1.5,161,55.0,4.7,44.0,13.0,2,0,0.0,-2,2.0,1003,666,1.0,25.4,5.2,4.7,3.8,78.0,34.0,100.0,100.0,54.0,13.0,19.0,18.0,123.0,71.0,37.0,27.0,3.0,2.0,2.0,,,,,0.17,0.16,0.33,1.49,0.0,0.32,1.4,1.02,9.67,34,2,90,0,0,0,5,0,0,0,0,0,0,1,0,14,36619,3608,0.0,0.10000000000000053,0.39999999999999947,0.5,1.2999999999999972,14.399999999999977,29.09999999999991,15.0,5.900000000000006,2,1,3,6
548,Romaine,Mundle,Mundle,i,Hamstring injury - Expected back 01 Jun,,4.9,327,202.0,0.0,757,322.0,0.0,726.0,303.0,0,0,0.0,-1,1.0,2,1,0.0,2.9,0.0,0.0,1.0,497.0,226.0,0.0,0.0,438.0,193.0,379.0,192.0,309.0,162.0,412.0,187.0,,,,,,,,0.2,0.11,0.31,1.93,0.0,0.0,2.48,0.45,7.44,34,0,0,0,0,0,0,0,0,0,0,0,0,0,0,0,3,2,0.0,0.0,0.0,0.0,0.0,0.0,0.0,0.0,0.0,0,0,0,0
549,Dan,Neil,Neil,u,has joined Ipswich Town on loan for the rest of the season.,,4.8,358,222.0,0.0,659,261.0,0.0,698.0,282.0,0,0,0.0,-2,2.0,0,1,0.0,0.6,0.0,0.0,1.0,495.0,225.0,0.0,0.0,493.0,226.0,472.0,228.0,760.0,329.0,504.0,230.0,,,,,,,,0.0,0.0,0.0,4.43,0.0,0.0,0.0,0.0,13.85,34,0,0,0,0,0,0,0,0,0,0,0,0,0,0,0,0,4,0.0,0.0,0.0,0.0,0.0,0.0,0.0,0.0,0.0,0,0,0,0
551,Chris,Rigg,Rigg,a,,,4.7,393,244.0,0.1,542,199.0,3.3,81.0,27.0,1,0,0.0,-3,3.0,59,32,0.7,6.6,3.8,3.3,1.9,354.0,151.0,,,382.0,169.0,249.0,156.0,269.0,146.0,341.0,166.0,,,,,,,,0.1,0.11,0.21,1.46,0.0,0.36,1.33,1.33,6.65,34,1,45,0,0,0,4,0,0,0,0,0,0,1,0,5,1459,178,0.0,0.06999999999999995,0.07000000000000006,0.1399999999999999,1.0600000000000005,4.200000000000003,1.9000000000000057,19.0,2.5,0,1,0,1
552,Noah,Sadiki,Sadiki,a,,,4.9,339,210.0,0.1,557,206.0,3.0,101.0,35.0,2,0,0.0,-1,1.0,27,17,0.6,14.3,3.5,3.0,2.4,285.0,121.0,100.0,100.0,206.0,87.0,138.0,92.0,238.0,131.0,198.0,98.0,,,,,,,,0.03,0.05,0.08,1.34,0.0,0.28,1.37,1.02,7.69,34,2,90,0,0,0,5,0,0,0,0,0,0,1,0,10,418,78,0.0,0.030000000000000027,0.25,0.28000000000000025,1.3000000000000043,0.0,14.400000000000034,5.0,1.8999999999999915,0,0,3,3
553,Chemsdine,Talbi,Talbi,a,,,4.9,337,208.0,0.2,406,139.0,0.7,273.0,126.0,0,0,0.0,-1,1.0,15,38,0.1,15.7,1.2,0.7,3.1,191.0,73.0,100.0,100.0,267.0,111.0,188.0,123.0,142.0,82.0,228.0,111.0,,,,,,,,0.13,0.06,0.19,1.3,0.0,0.4,0.86,0.93,5.38,34,0,0,0,0,0,0,0,0,0,0,0,0,0,0,0,223,162,0.0,0.0,0.0,0.0,0.0,0.0,0.0,0.0,0.0,0,0,0,0
554,Abdoullah,Ba,Ba,a,,,4.3,592,350.0,0.3,318,110.0,0.0,526.0,168.0,0,0,0.0,-2,2.0,12,38,0.0,0.0,0.5,0.0,0.0,656.0,246.0,,,646.0,236.0,641.0,241.0,616.0,228.0,648.0,238.0,,,,,,,,0.0,0.0,0.0,0.0,0.0,0.0,0.0,0.0,0.0,34,0,0,0,0,0,0,0,0,0,0,0,0,0,0,0,95,261,0.0,0.0,0.0,0.0,0.0,0.0,0.0,0.0,0.0,0,0,0,0
555,Alan,Browne,Browne,u,has joined Middlesbrough on loan for the rest of the season.,,4.5,418,252.0,0.0,652,256.0,0.0,593.0,204.0,0,0,0.0,0,0.0,0,1,0.0,0.0,0.0,0.0,0.0,697.0,272.0,0.0,0.0,691.0,266.0,686.0,269.0,667.0,261.0,693.0,268.0,,,,,,,,0.0,0.0,0.0,0.0,0.0,0.0,0.0,0.0,0.0,34,0,0,0,0,0,0,0,0,0,0,0,0,0,0,0,0,2,0.0,0.0,0.0,0.0,0.0,0.0,0.0,0.0,0.0,0,0,0,0
556,Pierre,Ekwah Elimby,Ekwah,u,Has joined AS Saint-Etienne permanently.,,4.5,438,260.0,0.0,781,338.0,0.0,608.0,212.0,0,0,0.0,0,0.0,0,0,0.0,0.0,0.0,0.0,0.0,708.0,279.0,0.0,0.0,702.0,273.0,698.0,276.0,681.0,269.0,704.0,275.0,,,,,,,,0.0,0.0,0.0,0.0,0.0,0.0,0.0,0.0,0.0,34,0,0,0,0,0,0,0,0,0,0,0,0,0,0,0,0,1,0.0,0.0,0.0,0.0,0.0,0.0,0.0,0.0,0.0,0,0,0,0
557,Harrison,Jones,H.Jones,a,,,4.3,609,359.0,0.1,545,201.0,0.0,537.0,174.0,0,0,0.0,-2,2.0,6,13,0.0,0.0,0.5,0.0,0.0,660.0,249.0,,,650.0,239.0,646.0,244.0,623.0,233.0,652.0,241.0,,,,,,,,0.0,0.0,0.0,0.0,0.0,0.0,0.0,0.0,0.0,34,0,0,0,0,0,0,0,0,0,0,0,0,0,0,0,42,72,0.0,0.0,0.0,0.0,0.0,0.0,0.0,0.0,0.0,0,0,0,0
558,Jay,Matete,Matete,u,has joined MK Dons permanently.,,4.3,600,354.0,0.2,410,141.0,0.0,528.0,169.0,0,0,0.0,-2,2.0,0,8,0.0,0.0,0.0,0.0,0.0,657.0,247.0,0.0,0.0,647.0,237.0,642.0,242.0,617.0,229.0,649.0,239.0,,,,,,,,0.0,0.0,0.0,0.0,0.0,0.0,0.0,0.0,0.0,34,0,0,0,0,0,0,0,0,0,0,0,0,0,0,0,0,67,0.0,0.0,0.0,0.0,0.0,0.0,0.0,0.0,0.0,0,0,0,0
559,Nectarios,Triantis,Triantis,u,has joined Minnesota United permanently.,,4.4,550,330.0,0.0,651,255.0,0.0,565.0,188.0,0,0,0.0,-1,1.0,0,1,0.0,0.0,0.0,0.0,0.0,678.0,261.0,0.0,0.0,670.0,253.0,666.0,257.0,645.0,247.0,672.0,255.0,,,,,,,,0.0,0.0,0.0,0.0,0.0,0.0,0.0,0.0,0.0,34,0,0,0,0,0,0,0,0,0,0,0,0,0,0,0,0,2,0.0,0.0,0.0,0.0,0.0,0.0,0.0,0.0,0.0,0,0,0,0
560,Wilson,Isidor,Isidor,a,,,5.0,260,54.0,1.4,167,25.0,2.3,126.0,17.0,1,0,0.0,-5,5.0,165,350,0.5,13.4,2.8,2.3,2.3,302.0,33.0,100.0,100.0,283.0,28.0,391.0,52.0,55.0,22.0,224.0,28.0,,,,,,,,0.37,0.01,0.38,1.56,0.0,0.33,1.41,0.91,3.89,34,1,25,0,0,0,1,0,0,0,0,0,0,0,0,5,10185,1584,0.0,0.04999999999999982,0.009999999999999981,0.0600000000000005,0.23000000000000043,5.399999999999977,1.1999999999999993,11.0,1.7999999999999972,0,1,2,3
561,Eliezer,Mayenda Dossou,Mayenda,a,,,5.2,216,50.0,0.5,265,41.0,0.0,769.0,81.0,0,0,0.0,-3,3.0,12,40,0.0,7.5,0.5,0.0,2.1,331.0,37.0,,,359.0,37.0,347.0,42.0,170.0,39.0,331.0,40.0,,,,,,,,0.26,0.03,0.29,1.52,0.0,0.36,1.08,0.96,3.12,34,0,0,0,0,0,0,0,0,0,0,0,0,0,0,0,224,221,0.0,0.0,0.0,0.0,0.0,0.0,0.0,0.0,0.0,0,0,0,0
563,Luís Hemir,Silva Semedo,Luís Hemir,u,has joined Moreirense on loan for the rest of the season.,,4.4,560,79.0,0.1,523,71.0,0.0,574.0,61.0,0,0,0.0,-1,1.0,0,2,0.0,0.0,0.0,0.0,0.0,684.0,72.0,0.0,0.0,677.0,72.0,672.0,71.0,653.0,71.0,679.0,72.0,,,,,,,,0.0,0.0,0.0,0.0,0.0,0.0,0.0,0.0,0.0,34,0,0,0,0,0,0,0,0,0,0,0,0,0,0,0,0,10,0.0,0.0,0.0,0.0,0.0,0.0,0.0,0.0,0.0,0,0,0,0
564,Nazarii,Rusyn,Rusyn,u,has joined Arka on loan for the rest of the season.,,4.4,542,76.0,0.1,524,72.0,0.0,560.0,58.0,0,0,0.0,-1,1.0,0,0,0.0,0.0,0.0,0.0,0.0,674.0,69.0,0.0,0.0,665.0,69.0,661.0,68.0,640.0,68.0,667.0,69.0,,,,,,,,0.0,0.0,0.0,0.0,0.0,0.0,0.0,0.0,0.0,34,0,0,0,0,0,0,0,0,0,0,0,0,0,0,0,0,5,0.0,0.0,0.0,0.0,0.0,0.0,0.0,0.0,0.0,0,0,0,0
668,Granit,Xhaka,Xhaka,a,,,5.1,220,134.0,3.3,102,34.0,2.7,112.0,41.0,1,0,0.0,1,-1.0,241,506,0.5,21.0,3.2,2.7,3.6,106.0,47.0,100.0,100.0,57.0,15.0,38.0,34.0,271.0,148.0,72.0,44.0,1.0,1.0,,,,,,0.03,0.1,0.13,1.47,0.0,0.28,1.28,0.99,11.12,34,1,90,0,0,0,5,0,0,0,1,0,0,1,0,16,5133,2650,0.0,0.040000000000000036,0.40000000000000036,0.43999999999999995,1.2999999999999972,16.200000000000045,31.799999999999955,5.0,5.299999999999997,2,2,2,6
670,Robin,Roefs,Roefs,a,,,4.8,370,15.0,8.6,46,8.0,4.0,64.0,7.0,0,0,0.0,3,-3.0,1164,2250,0.8,25.4,4.5,4.0,3.9,67.0,7.0,100.0,100.0,12.0,3.0,369.0,2.0,763.0,88.0,159.0,3.0,,,,,,,,0.0,0.0,0.0,1.48,3.13,0.29,1.39,1.0,0.0,34,0,90,0,0,0,5,0,0,0,0,0,2,1,0,506,58188,8921,0.0,0.0,0.0,0.0,1.2999999999999972,12.0,0.0,0.0,1.2000000000000028,0,0,4,0
678,Arthur,Masuaku,Masuaku,u,has joined RC Lens on loan for the rest of the season.,,3.9,752,214.0,0.5,275,103.0,0.0,386.0,143.0,0,0,0.0,-1,1.0,0,16,0.0,0.3,0.0,0.0,0.3,524.0,181.0,0.0,0.0,453.0,165.0,400.0,144.0,426.0,161.0,455.0,163.0,,,,,,,,0.05,0.06,0.11,1.5,0.0,0.0,1.44,1.44,7.2,34,0,0,0,0,0,0,0,0,0,0,0,0,0,0,0,0,148,0.0,0.0,0.0,0.0,0.0,0.0,0.0,0.0,0.0,0,0,0,0
683,Omar,Alderete,Alderete,a,,,4.1,652,153.0,6.0,63,21.0,3.0,94.0,38.0,0,0,0.0,1,-1.0,640,2239,0.7,27.3,3.5,3.0,3.7,88.0,32.0,100.0,100.0,33.0,12.0,241.0,62.0,107.0,13.0,88.0,21.0,,,,,,,,0.06,0.03,0.09,1.47,0.0,0.31,1.35,1.01,10.09,34,0,90,0,0,0,5,0,0,0,0,0,0,1,0,369,20040,10008,0.0,0.2999999999999998,0.010000000000000009,0.3099999999999996,1.3000000000000043,10.799999999999955,0.8999999999999773,36.0,4.800000000000011,0,7,4,7
694,Nordi,Mukiele,Mukiele,a,,,4.6,397,68.0,8.8,45,14.0,4.3,51.0,23.0,0,0,0.0,6,-6.0,1668,3098,0.9,27.8,4.8,4.3,4.6,24.0,8.0,100.0,100.0,51.0,24.0,105.0,28.0,185.0,43.0,87.0,20.0,,,,,,,,0.05,0.08,0.13,1.51,0.0,0.3,1.37,1.04,8.87,34,0,90,0,0,0,5,0,0,0,0,0,0,1,0,418,112628,10365,0.0,0.0,0.10000000000000009,0.10000000000000009,1.2999999999999972,11.200000000000045,20.30000000000001,6.0,3.799999999999997,1,1,3,2
724,Lutsharel,Geertruida,Geertruida,a,,,4.5,429,88.0,0.1,577,206.0,0.0,600.0,242.0,0,0,0.0,0,0.0,5,25,0.0,10.2,0.5,0.0,1.8,371.0,140.0,,,260.0,105.0,264.0,73.0,312.0,96.0,305.0,103.0,,,,,,,,0.03,0.05,0.08,1.81,0.0,0.13,1.34,0.89,6.44,34,0,0,0,0,0,0,0,0,0,0,0,0,0,0,0,82,85,0.0,0.0,0.0,0.0,0.0,0.0,0.0,0.0,0.0,0,0,0,0
730,Brian,Brobbey,Brobbey,a,,,5.3,193,45.0,1.2,181,29.0,1.7,180.0,23.0,2,0,0.0,-2,2.0,471,1074,0.3,14.5,2.2,1.7,2.9,210.0,21.0,100.0,100.0,229.0,20.0,224.0,23.0,51.0,20.0,153.0,21.0,,,,,,,,0.25,0.03,0.28,1.57,0.0,0.28,1.5,1.0,3.49,34,2,90,0,0,0,5,0,0,0,0,0,0,1,0,4,38734,3289,0.0,0.0,0.019999999999999962,0.019999999999999574,1.3000000000000007,3.0,16.400000000000006,10.0,2.9000000000000057,1,0,1,2
735,Bertrand,Traoré,Traoré,d,Knee injury - 50% chance of playing,,5.5,134,83.0,0.0,653,257.0,0.0,793.0,351.0,0,0,0.0,0,0.0,1,2,0.0,5.5,0.2,0.0,2.5,267.0,110.0,50.0,0.0,362.0,161.0,274.0,167.0,226.0,124.0,329.0,160.0,,,,,,,,0.07,0.04,0.11,1.38,0.0,0.43,1.28,1.28,5.68,34,0,0,0,0,0,0,0,0,0,0,0,0,0,0,0,9,12,0.0,0.0,0.0,0.0,0.0,0.0,0.0,0.0,0.0,0,0,0,0
774,Jenson,Jones,Jenson Jones,a,,,4.0,679,169.0,0.0,676,238.0,0.0,431.0,163.0,0,0,0.0,0,0.0,7,4,0.0,0.0,0.5,0.0,0.0,589.0,216.0,,,578.0,215.0,570.0,215.0,539.0,211.0,580.0,215.0,,,,,,,,0.0,0.0,0.0,0.0,0.0,0.0,0.0,0.0,0.0,34,0,0,0,0,0,0,0,0,0,0,0,0,0,0,0,47,23,0.0,0.0,0.0,0.0,0.0,0.0,0.0,0.0,0.0,0,0,0,0
775,Tymur,Tutierov,Tutierov,u,has joined Exeter City on loan for the rest of the season.,,4.5,497,306.0,0.0,824,368.0,0.0,660.0,255.0,0,0,0.0,0,0.0,0,0,0.0,0.0,0.0,0.0,0.0,749.0,314.0,0.0,0.0,747.0,312.0,740.0,312.0,727.0,308.0,747.0,312.0,,,,,,,,0.0,0.0,0.0,0.0,0.0,0.0,0.0,0.0,0.0,34,0,0,0,0,0,0,0,0,0,0,0,0,0,0,0,0,0,0.0,0.0,0.0,0.0,0.0,0.0,0.0,0.0,0.0,0,0,0,0
800,Djiamgone Jocelin Ta,Bi,Jocelin.T,d,Ankle injury - 50% chance of playing,,4.9,345,215.0,0.0,823,367.0,0.0,736.0,310.0,0,0,0.0,-1,1.0,0,0,0.0,0.2,0.2,0.0,1.0,499.0,228.0,50.0,25.0,489.0,223.0,451.0,217.0,456.0,225.0,490.0,224.0,,,,,,,,0.0,0.09,0.09,0.57,0.0,0.0,0.0,2.37,7.11,34,0,0,0,0,0,0,0,0,0,0,0,0,0,0,0,0,1,0.0,0.0,0.0,0.0,0.0,0.0,0.0,0.0,0.0,0,0,0,0
812,Melker,Ellborg,Ellborg,a,,,4.0,708,61.0,0.1,462,68.0,0.0,458.0,72.0,0,0,0.0,0,0.0,18,104,0.0,4.0,0.5,0.0,5.3,7.0,2.0,,,398.0,29.0,595.0,71.0,564.0,57.0,437.0,29.0,,,,,,,,0.0,0.01,0.01,1.37,3.33,0.33,0.67,1.0,0.0,34,0,0,0,0,0,0,0,0,0,0,0,0,0,0,0,466,926,0.0,0.0,0.0,0.0,0.0,0.0,0.0,0.0,0.0,0,0,0,0
813,Nilson,Angulo,Angulo,d,Unknown - 50% chance of playing,,5.0,276,170.0,0.0,790,345.0,0.0,753.0,324.0,0,0,0.0,0,0.0,1,1,0.0,1.8,0.2,0.0,1.8,377.0,160.0,50.0,0.0,432.0,189.0,388.0,195.0,323.0,169.0,413.0,188.0,,,,,,,,0.17,0.03,0.2,2.0,0.0,0.35,1.42,1.06,8.15,34,0,0,0,0,0,0,0,0,0,0,0,0,0,0,0,4,10,0.0,0.0,0.0,0.0,0.0,0.0,0.0,0.0,0.0,0,0,0,0
821,Jack,Whittaker,Whittaker,a,,,4.5,476,290.0,0.0,818,363.0,0.0,639.0,239.0,0,0,0.0,0,0.0,1,1,0.0,0.0,0.5,0.0,0.0,733.0,302.0,,,730.0,299.0,724.0,300.0,710.0,295.0,731.0,300.0,,,,,,,,0.0,0.0,0.0,0.0,0.0,0.0,0.0,0.0,0.0,34,0,0,0,0,0,0,0,0,0,0,0,0,0,0,0,12,2,0.0,0.0,0.0,0.0,0.0,0.0,0.0,0.0,0.0,0,0,0,0
822,Jaydon,Jones,Jones,a,,,4.5,477,291.0,0.0,810,358.0,0.0,640.0,240.0,0,0,0.0,0,0.0,1,0,0.0,0.0,0.5,0.0,0.0,734.0,303.0,,,731.0,300.0,725.0,301.0,711.0,296.0,732.0,301.0,,,,,,,,0.0,0.0,0.0,0.0,0.0,0.0,0.0,0.0,0.0,34,0,0,0,0,0,0,0,0,0,0,0,0,0,0,0,17,3,0.0,0.0,0.0,0.0,0.0,0.0,0.0,0.0,0.0,0,0,0,0
565,Guglielmo,Vicario,Vicario,d,Hernia - 50% chance of playing,,4.7,381,17.0,5.0,79,13.0,0.0,688.0,91.0,0,0,0.0,-3,3.0,10,877,0.0,19.1,0.0,0.0,2.9,207.0,23.0,50.0,0.0,35.0,10.0,427.0,7.0,752.0,83.0,199.0,9.0,,,,,,,,0.0,0.0,0.0,1.49,2.68,0.23,1.61,1.0,0.0,34,0,0,0,0,0,0,0,0,0,0,0,0,0,0,0,108,5934,0.0,0.0,0.0,0.0,0.0,0.0,0.0,0.0,0.0,0,0,0,0
566,Brandon,Austin,Austin,a,,,3.9,760,79.0,0.3,331,47.0,0.0,392.0,37.0,0,0,0.0,-1,1.0,7,19,0.0,0.0,0.0,0.5,0.0,555.0,50.0,,,544.0,50.0,532.0,34.0,500.0,20.0,546.0,50.0,,,,,,,,0.0,0.0,0.0,0.0,0.0,0.0,0.0,0.0,0.0,34,0,0,0,0,0,0,0,0,0,0,0,0,0,0,0,148,158,0.0,0.0,0.0,0.0,0.0,0.0,0.0,0.0,0.0,0,0,0,0
567,Antonín,Kinský,Kinsky,a,,,3.9,774,86.0,1.7,152,20.0,1.3,190.0,15.0,1,0,0.0,-1,1.0,180,205,0.3,1.0,1.3,1.8,1.3,429.0,35.0,,,445.0,34.0,542.0,41.0,510.0,27.0,468.0,34.0,,,,,,,,0.0,0.0,0.0,0.99,0.92,0.0,1.38,1.38,0.0,34,1,15,0,0,0,0,0,0,0,0,0,0,1,0,3,10244,1705,0.0,0.0,0.0,0.0,0.0,0.0,0.0,0.0,0.0,0,0,0,0
568,Pedro,Porro Sauceda,Pedro Porro,a,,,5.2,211,29.0,10.8,34,11.0,4.0,66.0,29.0,1,1,-1.0,-3,3.0,2074,1724,0.8,18.3,4.0,4.5,3.2,175.0,69.0,100.0,100.0,67.0,31.0,18.0,1.0,178.0,41.0,48.0,6.0,3.0,2.0,,,,,,0.03,0.13,0.16,1.31,0.0,0.27,1.37,1.07,6.72,34,1,15,0,0,0,0,0,0,0,0,0,0,1,0,3,111574,5174,0.0,0.010000000000000009,0.009999999999999787,0.020000000000000462,0.0,0.0,0.0,0.0,0.0,1,1,0,2
569,Cristian,Romero,Romero,i,Knee injury - Expected back 01 Jun,,5.0,252,39.0,3.0,111,41.0,0.3,328.0,108.0,0,0,0.0,0,0.0,8,459,0.1,18.2,0.0,0.0,4.0,59.0,23.0,0.0,0.0,63.0,29.0,246.0,64.0,137.0,26.0,133.0,39.0,,,,,,,,0.07,0.06,0.13,1.36,0.0,0.24,1.59,1.06,9.49,34,0,0,0,0,0,0,0,0,0,0,0,0,0,0,0,21,2595,0.0,0.0,0.0,0.0,0.0,0.0,0.0,0.0,0.0,0,0,0,0
570,Kevin,Danso,Danso,a,,,4.2,630,141.0,0.2,408,151.0,1.3,191.0,64.0,1,0,0.0,-3,3.0,44,32,0.3,10.0,1.3,1.8,2.1,318.0,116.0,100.0,100.0,220.0,86.0,416.0,151.0,347.0,114.0,335.0,112.0,,,,,,,,0.02,0.02,0.04,1.43,0.0,0.17,1.79,1.11,12.21,34,1,15,0,0,0,0,0,0,0,0,0,0,1,0,7,2443,350,0.0,0.0,0.010000000000000009,0.010000000000000009,0.0,0.0,0.0,0.0,0.0,0,0,0,0
571,Ben,Davies,Davies,i,Ankle injury - Unknown return date,,4.3,577,124.0,0.1,552,197.0,0.0,517.0,218.0,0,0,0.0,-2,2.0,1,3,0.0,2.3,0.0,0.0,3.3,146.0,55.0,0.0,0.0,405.0,151.0,395.0,141.0,335.0,108.0,402.0,144.0,,,,,,,,0.32,0.05,0.37,0.73,0.0,0.0,1.99,1.32,9.26,34,0,0,0,0,0,0,0,0,0,0,0,0,0,0,0,6,12,0.0,0.0,0.0,0.0,0.0,0.0,0.0,0.0,0.0,0,0,0,0
572,Radu,Drăgușin,Dragusin,a,,,4.5,450,93.0,0.0,667,235.0,0.0,616.0,244.0,0,0,0.0,0,0.0,12,10,0.0,3.3,0.0,0.5,1.9,352.0,130.0,100.0,100.0,351.0,133.0,457.0,164.0,372.0,126.0,400.0,143.0,,,,,,,,0.05,0.0,0.05,2.09,0.0,0.0,2.28,0.88,12.28,34,0,0,0,0,0,0,0,0,0,0,0,0,0,0,0,80,50,0.0,0.0,0.0,0.0,0.0,0.0,0.0,0.0,0.0,0,0,0,0
573,Djed,Spence,Spence,a,,,4.1,655,156.0,0.9,203,79.0,0.7,258.0,84.0,1,0,0.0,-4,4.0,37,80,0.2,15.1,0.7,1.2,2.4,275.0,105.0,100.0,100.0,243.0,97.0,181.0,46.0,184.0,42.0,226.0,78.0,,,,,,,,0.04,0.09,0.13,1.45,0.0,0.34,1.47,1.08,5.15,34,1,15,0,0,0,0,0,0,0,0,0,0,1,0,5,924,628,0.0,0.020000000000000018,0.0,0.020000000000000018,0.0,0.0,0.0,0.0,0.0,0,0,1,0
574,Destiny,Udogie,Udogie,d,Muscle injury - 50% chance of playing,,4.3,594,136.0,0.3,320,115.0,1.3,193.0,66.0,0,0,0.0,-2,2.0,1,68,0.3,4.2,0.7,0.5,1.1,446.0,159.0,50.0,25.0,316.0,121.0,215.0,57.0,281.0,82.0,309.0,104.0,,,,,,,,0.01,0.06,0.07,1.53,0.0,0.0,1.88,0.9,4.48,34,0,0,0,0,0,0,0,0,0,0,0,0,0,0,0,693,799,0.0,0.0,0.0,0.0,0.0,0.0,0.0,0.0,0.0,0,0,0,0
575,Micky,van de Ven,Van de Ven,a,,,4.4,548,118.0,18.1,17,6.0,1.0,223.0,77.0,1,0,0.0,-1,1.0,373,2773,0.2,23.0,1.0,1.5,3.3,148.0,57.0,100.0,100.0,52.0,25.0,296.0,92.0,149.0,31.0,137.0,42.0,,,,,,,,0.1,0.01,0.11,1.37,0.0,0.24,1.59,1.07,6.63,34,1,15,0,0,0,0,0,0,0,0,0,0,1,0,3,26033,15550,0.0,0.0,0.0,0.0,0.0,0.0,0.0,0.0,0.0,0,0,0,0
576,Ashley,Phillips,Phillips,u,Has joined Stoke City on loan for the rest of the season.,,4.0,716,188.0,0.0,741,255.0,0.0,465.0,180.0,0,0,0.0,0,0.0,0,0,0.0,0.0,0.0,0.0,0.0,617.0,228.0,0.0,0.0,607.0,228.0,600.0,228.0,570.0,225.0,609.0,228.0,,,,,,,,0.0,0.0,0.0,0.0,0.0,0.0,0.0,0.0,0.0,34,0,0,0,0,0,0,0,0,0,0,0,0,0,0,0,0,0,0.0,0.0,0.0,0.0,0.0,0.0,0.0,0.0,0.0,0,0,0,0
578,Luka,Vušković,Vuskovic,u,has joined Hamburger SV on loan for the rest of the season.,,3.9,790,233.0,0.3,322,117.0,0.0,416.0,156.0,0,0,0.0,-1,1.0,0,7,0.0,0.0,0.0,0.0,0.0,577.0,210.0,0.0,0.0,566.0,209.0,555.0,209.0,524.0,205.0,568.0,209.0,,,,,,,,0.0,0.0,0.0,0.0,0.0,0.0,0.0,0.0,0.0,34,0,0,0,0,0,0,0,0,0,0,0,0,0,0,0,0,47,0.0,0.0,0.0,0.0,0.0,0.0,0.0,0.0,0.0,0,0,0,0
579,Son,Heung-min,Son,u,has joined Los Angeles FC permanently.,,8.5,10,5.0,0.1,455,155.0,0.0,826.0,372.0,0,0,0.0,0,0.0,0,2,0.0,0.0,0.0,0.0,0.0,829.0,373.0,0.0,0.0,829.0,373.0,829.0,373.0,829.0,373.0,829.0,373.0,,,,,,,,0.0,0.0,0.0,0.0,0.0,0.0,0.0,0.0,0.0,34,0,0,0,0,0,0,0,0,0,0,0,0,0,0,0,0,6,0.0,0.0,0.0,0.0,0.0,0.0,0.0,0.0,0.0,0,0,0,0
581,James,Maddison,Maddison,a,,,6.8,42,26.0,0.1,438,150.0,0.0,821.0,367.0,0,0,0.0,-2,2.0,49,13,0.0,0.0,0.0,0.5,0.0,826.0,370.0,100.0,100.0,826.0,370.0,826.0,370.0,826.0,370.0,826.0,370.0,,,,,,,,0.0,0.0,0.0,0.0,0.0,0.0,0.0,0.0,0.0,34,0,0,0,0,0,0,0,0,0,0,0,0,0,0,0,949,144,0.0,0.0,0.0,0.0,0.0,0.0,0.0,0.0,0.0,0,0,0,0
582,Mohammed,Kudus,Kudus,i,Thigh injury - Unknown return date,,6.4,58,37.0,9.2,39,13.0,0.0,818.0,366.0,0,0,0.0,-1,1.0,4,305,0.0,11.7,0.0,0.0,3.9,72.0,32.0,0.0,0.0,200.0,82.0,67.0,53.0,96.0,57.0,104.0,60.0,,4.0,3.0,,,,,0.11,0.14,0.25,1.33,0.0,0.41,1.17,1.11,7.8,34,0,0,0,0,0,0,0,0,0,0,0,0,0,0,0,25,879,0.0,0.0,0.0,0.0,0.0,0.0,0.0,0.0,0.0,0,0,0,0
583,Dejan,Kulusevski,Kulusevski,i,Knee injury - Unknown return date,,6.4,57,36.0,0.0,723,299.0,0.0,817.0,365.0,0,0,0.0,-1,1.0,5,3,0.0,0.0,0.0,0.0,0.0,823.0,369.0,0.0,0.0,823.0,369.0,823.0,369.0,823.0,369.0,823.0,369.0,,,,,,,,0.0,0.0,0.0,0.0,0.0,0.0,0.0,0.0,0.0,34,0,0,0,0,0,0,0,0,0,0,0,0,0,0,0,19,13,0.0,0.0,0.0,0.0,0.0,0.0,0.0,0.0,0.0,0,0,0,0
584,Mathys,Tel,Tel,a,,,6.2,78,52.0,0.1,431,147.0,0.7,290.0,135.0,0,0,0.0,-3,3.0,13,28,0.1,9.4,0.7,1.2,2.2,315.0,137.0,100.0,100.0,274.0,113.0,108.0,76.0,120.0,70.0,172.0,88.0,1.0,,,,,,,0.2,0.14,0.34,1.38,0.0,0.09,1.89,0.85,7.56,34,0,0,0,0,0,0,0,0,0,0,0,0,0,0,0,522,267,0.0,0.0,0.0,0.0,0.0,0.0,0.0,0.0,0.0,0,0,0,0
585,Rodrigo,Bentancur,Bentancur,a,,,5.2,206,128.0,0.2,404,138.0,1.7,177.0,81.0,1,0,0.0,-3,3.0,9,14,0.3,13.3,1.7,2.2,3.1,193.0,75.0,100.0,100.0,232.0,99.0,212.0,136.0,287.0,155.0,267.0,135.0,,,,,,,,0.03,0.04,0.07,1.27,0.0,0.3,1.33,1.15,13.31,34,1,15,0,0,0,0,0,0,0,0,0,0,1,0,3,691,101,0.0,0.0,0.009999999999999898,0.010000000000000009,0.0,0.0,0.0,0.0,0.0,0,1,0,1
586,Lucas,Bergvall,Bergvall,a,,,5.2,217,133.0,0.2,394,131.0,2.0,152.0,65.0,0,0,0.0,-3,3.0,15,10,0.4,8.8,2.0,2.5,2.3,303.0,131.0,100.0,100.0,321.0,144.0,281.0,169.0,219.0,121.0,313.0,154.0,,,,,,,,0.12,0.04,0.16,1.26,0.0,0.29,1.67,1.08,7.55,34,0,0,0,0,0,0,0,0,0,0,0,0,0,0,0,451,127,0.0,0.0,0.0,0.0,0.0,0.0,0.0,0.0,0.0,0,0,0,0
587,Yves,Bissouma,Bissouma,a,,,5.2,209,129.0,0.0,597,224.0,0.3,334.0,156.0,1,0,0.0,-3,3.0,7,5,0.1,2.7,0.3,0.8,1.4,426.0,187.0,100.0,100.0,389.0,173.0,399.0,200.0,384.0,194.0,414.0,189.0,,,,,,,,0.06,0.01,0.07,1.98,0.0,0.0,2.71,1.19,12.03,34,1,15,0,0,0,0,0,0,0,0,0,0,1,0,3,73,26,0.0,0.0,0.0,0.0,0.0,0.0,0.0,0.0,0.0,0,0,0,0
588,Wilson,Odobert,Odobert,i,Knee injury - Unknown return date,,5.3,200,125.0,0.0,608,232.0,0.0,776.0,340.0,0,0,0.0,-2,2.0,2,3,0.0,8.7,0.0,0.0,1.9,358.0,154.0,0.0,0.0,324.0,147.0,129.0,86.0,128.0,75.0,215.0,104.0,,,,,,,,0.18,0.11,0.29,1.32,0.0,0.19,1.2,0.93,7.13,34,0,0,0,0,0,0,0,0,0,0,0,0,0,0,0,9,40,0.0,0.0,0.0,0.0,0.0,0.0,0.0,0.0,0.0,0,0,0,0
589,Manor,Solomon,Solomon,u,has joined Fiorentina on loan for the rest of the season.,,5.4,165,103.0,0.0,767,327.0,0.0,784.0,344.0,0,0,0.0,-1,1.0,0,0,0.0,0.0,0.0,0.0,0.0,810.0,359.0,0.0,0.0,809.0,358.0,808.0,358.0,806.0,357.0,809.0,358.0,,,,,,,,0.0,0.0,0.0,0.0,0.0,0.0,0.0,0.0,0.0,34,0,0,0,0,0,0,0,0,0,0,0,0,0,0,0,0,0,0.0,0.0,0.0,0.0,0.0,0.0,0.0,0.0,0.0,0,0,0,0
590,Bryan,Gil Salvatierra,Bryan,u,has joined Girona permanently.,,4.9,322,199.0,0.0,663,264.0,0.0,722.0,300.0,0,0,0.0,-1,1.0,0,0,0.0,0.0,0.0,0.0,0.0,783.0,340.0,0.0,0.0,782.0,339.0,778.0,339.0,774.0,337.0,782.0,339.0,,,,,,,,0.0,0.0,0.0,0.0,0.0,0.0,0.0,0.0,0.0,34,0,0,0,0,0,0,0,0,0,0,0,0,0,0,0,0,1,0.0,0.0,0.0,0.0,0.0,0.0,0.0,0.0,0.0,0,0,0,0
592,Mikey,Moore,Moore,u,Has joined Rangers on loan for the rest of the season.,,5.0,272,166.0,0.0,799,353.0,0.0,751.0,322.0,0,0,0.0,0,0.0,0,0,0.0,0.0,0.0,0.0,0.0,800.0,353.0,0.0,0.0,799.0,352.0,797.0,352.0,792.0,350.0,799.0,352.0,,,,,,,,0.0,0.0,0.0,0.0,0.0,0.0,0.0,0.0,0.0,34,0,0,0,0,0,0,0,0,0,0,0,0,0,0,0,0,0,0.0,0.0,0.0,0.0,0.0,0.0,0.0,0.0,0.0,0,0,0,0
593,Pape Matar,Sarr,P.M.Sarr,i,Shoulder injury - Unknown return date,,4.5,444,265.0,1.0,197,70.0,0.3,316.0,148.0,0,0,0.0,-5,5.0,4,751,0.1,14.7,0.0,0.0,2.9,206.0,82.0,0.0,0.0,210.0,88.0,223.0,142.0,207.0,111.0,236.0,116.0,,,,,,,,0.1,0.07,0.17,1.75,0.0,0.2,1.47,0.87,12.01,34,0,0,0,0,0,0,0,0,0,0,0,0,0,0,0,592,4049,0.0,0.0,0.0,0.0,0.0,0.0,0.0,0.0,0.0,0,0,0,0
594,Yang,Min-hyeok,Min-hyeok,u,has joined Coventry City on loan for the rest of the season.,,4.5,508,316.0,0.0,742,312.0,0.0,671.0,265.0,0,0,0.0,0,0.0,0,1,0.0,0.0,0.0,0.0,0.0,758.0,322.0,0.0,0.0,757.0,321.0,750.0,321.0,737.0,317.0,757.0,321.0,,,,,,,,0.0,0.0,0.0,0.0,0.0,0.0,0.0,0.0,0.0,34,0,0,0,0,0,0,0,0,0,0,0,0,0,0,0,0,1,0.0,0.0,0.0,0.0,0.0,0.0,0.0,0.0,0.0,0,0,0,0
595,Callum,Olusesi,Olusesi,a,,,4.3,602,356.0,0.2,374,126.0,0.0,530.0,171.0,0,0,0.0,-2,2.0,4,10,0.0,0.2,0.0,0.5,1.0,470.0,204.0,,,507.0,231.0,466.0,223.0,619.0,231.0,509.0,233.0,,,,,,,,0.0,0.06,0.06,4.82,0.0,0.0,0.0,0.0,12.86,34,0,0,0,0,0,0,0,0,0,0,0,0,0,0,0,53,122,0.0,0.0,0.0,0.0,0.0,0.0,0.0,0.0,0.0,0,0,0,0
596,Dominic,Solanke-Mitchell,Solanke,a,,,7.3,26,10.0,2.1,135,21.0,1.7,188.0,25.0,1,1,-1.0,-2,2.0,633,2044,0.2,5.5,1.7,2.2,2.7,244.0,24.0,100.0,100.0,294.0,30.0,311.0,36.0,84.0,29.0,241.0,31.0,,,2.0,,,,,0.27,0.02,0.29,1.63,0.0,0.0,1.94,1.02,6.1,34,1,15,0,0,0,0,0,0,0,0,0,0,1,0,3,79339,4925,0.0,0.0,0.0,0.0,0.0,0.0,0.0,0.0,0.0,1,0,2,3
597,Richarlison,de Andrade,Richarlison,a,,,6.3,66,22.0,5.7,69,13.0,0.7,291.0,39.0,0,0,0.0,-2,2.0,164,932,0.1,15.1,0.7,1.2,3.5,129.0,10.0,100.0,100.0,102.0,9.0,191.0,17.0,23.0,13.0,54.0,11.0,,,5.0,,,,,0.38,0.07,0.45,1.31,0.0,0.29,1.38,0.92,7.03,34,0,0,0,0,0,0,0,0,0,0,0,0,0,0,0,12291,4661,0.0,0.0,0.0,0.0,0.0,0.0,0.0,0.0,0.0,0,0,0,0
598,Will,Lankshear,Lankshear,u,has joined Oxford United on loan for the rest of the season.,,4.5,469,66.0,0.0,679,87.0,0.0,632.0,65.0,0,0,0.0,0,0.0,0,0,0.0,0.0,0.0,0.0,0.0,728.0,76.0,0.0,0.0,724.0,76.0,718.0,75.0,703.0,75.0,725.0,76.0,,,,,,,,0.0,0.0,0.0,0.0,0.0,0.0,0.0,0.0,0.0,34,0,0,0,0,0,0,0,0,0,0,0,0,0,0,0,0,1,0.0,0.0,0.0,0.0,0.0,0.0,0.0,0.0,0.0,0,0,0,0
599,Dane,Scarlett,Scarlett,u,has joined Hibernian on loan for the rest of the season.,,4.3,597,83.0,0.5,261,39.0,0.0,527.0,53.0,0,0,0.0,-2,2.0,0,21,0.0,0.5,0.0,0.0,1.0,468.0,57.0,0.0,0.0,505.0,60.0,452.0,59.0,448.0,60.0,495.0,60.0,,,,,,,,0.0,0.13,0.13,0.39,0.0,0.0,0.0,0.0,12.86,34,0,0,0,0,0,0,0,0,0,0,0,0,0,0,0,0,107,0.0,0.0,0.0,0.0,0.0,0.0,0.0,0.0,0.0,0,0,0,0
673,João Maria,Lobo Alves Palhares Costa Palhinha Gonçalves,J.Palhinha,a,,,5.5,135,84.0,0.8,223,78.0,0.7,281.0,129.0,0,0,0.0,0,0.0,20,69,0.1,17.5,0.7,1.2,3.4,143.0,61.0,100.0,100.0,95.0,31.0,263.0,163.0,171.0,93.0,166.0,85.0,,,,,,,,0.07,0.03,0.1,1.46,0.0,0.2,1.63,0.94,12.22,34,0,0,0,0,0,0,0,0,0,0,0,0,0,0,0,960,546,0.0,0.0,0.0,0.0,0.0,0.0,0.0,0.0,0.0,0,0,0,0
717,Xavi,Simons,Xavi,a,,,6.6,48,30.0,2.8,117,36.0,4.3,57.0,18.0,1,1,-1.0,-4,4.0,2355,1849,0.7,11.8,4.3,4.8,2.8,228.0,92.0,100.0,100.0,189.0,74.0,42.0,37.0,124.0,72.0,94.0,54.0,2.0,3.0,4.0,,,,,0.16,0.2,0.36,1.61,0.0,0.16,1.91,1.01,7.73,34,1,15,0,0,0,0,0,0,0,0,0,0,1,0,4,122545,4801,0.0,0.0,0.010000000000000231,0.009999999999999787,0.0,0.0,0.0,0.0,0.0,0,0,1,1
726,Randal,Kolo Muani,Kolo Muani,a,,,6.9,39,15.0,0.4,282,44.0,1.3,212.0,28.0,1,0,0.0,-1,1.0,59,158,0.2,6.7,1.3,1.8,1.8,387.0,47.0,100.0,100.0,328.0,32.0,160.0,13.0,135.0,33.0,240.0,30.0,,,,,,,,0.12,0.09,0.21,1.5,0.0,0.2,1.82,1.17,6.44,34,1,15,0,0,0,0,0,0,0,0,0,0,1,0,0,3416,834,0.0,0.040000000000000036,0.010000000000000009,0.04999999999999982,0.0,0.0,0.0,0.0,0.0,1,0,2,3
745,Jun'ai,Byfield,Byfield,a,,,4.0,739,208.0,0.0,615,219.0,0.0,488.0,200.0,0,0,0.0,0,0.0,2,6,0.0,0.2,0.0,0.5,1.0,463.0,169.0,,,508.0,178.0,480.0,175.0,591.0,243.0,512.0,179.0,,,,,,,,0.0,0.0,0.0,0.0,0.0,0.0,0.0,0.0,0.0,34,0,0,0,0,0,0,0,0,0,0,0,0,0,0,0,16,20,0.0,0.0,0.0,0.0,0.0,0.0,0.0,0.0,0.0,0,0,0,0
750,James,Rowswell,Rowswell,a,,,4.0,703,180.0,0.0,638,228.0,0.0,453.0,173.0,0,0,0.0,0,0.0,1,0,0.0,0.2,0.0,0.5,1.0,460.0,166.0,,,598.0,223.0,590.0,223.0,559.0,219.0,600.0,223.0,,,,,,,,0.0,0.0,0.0,32.4,0.0,0.0,0.0,0.0,0.0,34,0,0,0,0,0,0,0,0,0,0,0,0,0,0,0,20,13,0.0,0.0,0.0,0.0,0.0,0.0,0.0,0.0,0.0,0,0,0,0
751,Yusuf,Akhamrich,Akhamrich,u,has joined Bristol Rovers on loan for the rest of the season.,,4.5,491,302.0,0.0,788,343.0,0.0,654.0,251.0,0,0,0.0,0,0.0,0,0,0.0,0.0,0.0,0.0,0.0,744.0,311.0,0.0,0.0,742.0,309.0,735.0,309.0,722.0,305.0,742.0,309.0,,,,,,,,0.0,0.0,0.0,0.0,0.0,0.0,0.0,0.0,0.0,34,0,0,0,0,0,0,0,0,0,0,0,0,0,0,0,0,1,0.0,0.0,0.0,0.0,0.0,0.0,0.0,0.0,0.0,0,0,0,0
790,Lucá,Williams-Barnett,Williams-Barnett,a,,,4.5,503,312.0,0.0,766,326.0,0.0,666.0,261.0,0,0,0.0,0,0.0,3,7,0.0,0.0,0.0,0.5,0.0,753.0,318.0,,,752.0,317.0,745.0,317.0,732.0,313.0,752.0,317.0,,,,,,,,0.0,0.0,0.0,0.0,0.0,0.0,0.0,0.0,0.0,34,0,0,0,0,0,0,0,0,0,0,0,0,0,0,0,17,17,0.0,0.0,0.0,0.0,0.0,0.0,0.0,0.0,0.0,0,0,0,0
796,Conor,Gallagher,Gallagher,a,,,5.0,254,153.0,0.1,497,178.0,1.7,173.0,79.0,1,0,0.0,-5,5.0,14,37,0.3,5.0,1.7,2.2,2.1,329.0,143.0,100.0,100.0,368.0,164.0,244.0,155.0,261.0,142.0,334.0,163.0,,,,,,,,0.07,0.07,0.14,1.9,0.0,0.0,2.26,1.19,8.92,34,1,15,0,0,0,0,0,0,0,0,0,0,1,0,4,738,360,0.0,0.0,0.0,0.0,0.0,0.0,0.0,0.0,0.0,0,1,1,2
804,João Victor,de Souza Menezes,Souza,a,,,4.0,736,205.0,0.0,678,239.0,0.0,485.0,197.0,0,0,0.0,0,0.0,3,14,0.0,0.8,0.0,0.5,0.8,517.0,178.0,,,463.0,168.0,382.0,137.0,396.0,143.0,445.0,161.0,,,,,,,,0.01,0.02,0.03,1.65,0.0,0.0,1.9,1.27,3.8,34,0,0,0,0,0,0,0,0,0,0,0,0,0,0,0,44,60,0.0,0.0,0.0,0.0,0.0,0.0,0.0,0.0,0.0,0,0,0,0
811,Rio,Kyerematen,Kyerematen,a,,,4.5,462,279.0,0.0,792,347.0,0.0,626.0,228.0,0,0,0.0,0,0.0,4,2,0.0,0.0,0.0,0.5,0.0,723.0,294.0,,,718.0,289.0,713.0,291.0,697.0,284.0,719.0,290.0,,,,,,,,0.0,0.0,0.0,0.0,0.0,0.0,0.0,0.0,0.0,34,0,0,0,0,0,0,0,0,0,0,0,0,0,0,0,13,13,0.0,0.0,0.0,0.0,0.0,0.0,0.0,0.0,0.0,0,0,0,0
818,James,Wilson,Wilson,a,,,4.5,504,71.0,0.0,636,84.0,0.0,667.0,70.0,0,0,0.0,0,0.0,48,21,0.0,0.0,0.0,0.5,0.0,754.0,81.0,,,753.0,81.0,746.0,80.0,733.0,80.0,753.0,81.0,,,,,,,,0.0,0.0,0.0,0.0,0.0,0.0,0.0,0.0,0.0,34,0,0,0,0,0,0,0,0,0,0,0,0,0,0,0,354,129,0.0,0.0,0.0,0.0,0.0,0.0,0.0,0.0,0.0,0,0,0,0
326,Adama,Traoré Diarra,Adama,a,,,5.1,223,136.0,0.2,415,143.0,0.3,331.0,155.0,0,0,0.0,-4,4.0,9,15,0.1,4.7,0.3,0.3,1.0,503.0,231.0,100.0,100.0,439.0,194.0,323.0,176.0,310.0,163.0,399.0,182.0,,,,,,,,0.17,0.14,0.31,2.06,0.0,0.0,2.75,0.25,4.25,34,0,0,0,0,0,0,0,0,0,0,0,0,0,0,0,63,99,0.0,0.0,0.0,0.0,0.0,0.0,0.0,0.0,0.0,0,0,0,0
601,Wes,Foderingham,Foderingham,u,has joined Aris Limassol permanently.,,4.0,666,41.0,0.2,365,52.0,0.0,419.0,52.0,0,0,0.0,0,0.0,0,9,0.0,0.0,0.0,0.0,0.0,580.0,65.0,0.0,0.0,569.0,65.0,559.0,51.0,528.0,37.0,571.0,65.0,,,,,,,,0.0,0.0,0.0,0.0,0.0,0.0,0.0,0.0,0.0,34,0,0,0,0,0,0,0,0,0,0,0,0,0,0,0,0,36,0.0,0.0,0.0,0.0,0.0,0.0,0.0,0.0,0.0,0,0,0,0
602,Krisztián,Hegyi,Hegyi,u,has joined MTK Budapest on loan for the rest of the season.,,3.9,773,85.0,0.2,383,55.0,0.0,401.0,43.0,0,0,0.0,-1,1.0,0,11,0.0,0.0,0.0,0.0,0.0,564.0,56.0,0.0,0.0,553.0,56.0,541.0,40.0,509.0,26.0,555.0,56.0,,,,,,,,0.0,0.0,0.0,0.0,0.0,0.0,0.0,0.0,0.0,34,0,0,0,0,0,0,0,0,0,0,0,0,0,0,0,0,87,0.0,0.0,0.0,0.0,0.0,0.0,0.0,0.0,0.0,0,0,0,0
603,El Hadji Malick,Diouf,Diouf,a,,,4.1,661,160.0,2.5,123,48.0,4.0,59.0,26.0,1,0,0.0,-4,4.0,229,571,1.0,22.9,4.0,4.0,3.4,134.0,50.0,100.0,100.0,111.0,49.0,102.0,26.0,283.0,83.0,146.0,49.0,,,,,,,,0.02,0.08,0.1,1.41,0.0,0.31,1.57,1.02,6.95,34,1,18,0,0,0,0,0,0,0,0,0,0,1,0,6,11916,3037,0.0,0.0,0.14000000000000012,0.14000000000000012,0.45000000000000284,0.0,0.0,0.0,0.0,0,1,0,1
604,Emerson,Palmieri dos Santos,Emerson,u,has joined Marseille permanently.,,4.4,527,103.0,0.0,585,209.0,0.0,551.0,227.0,0,0,0.0,-1,1.0,0,1,0.0,0.0,0.0,0.0,0.0,670.0,254.0,0.0,0.0,661.0,254.0,656.0,254.0,635.0,253.0,663.0,254.0,,,,,,,,0.0,0.0,0.0,0.0,0.0,0.0,0.0,0.0,0.0,34,0,0,0,0,0,0,0,0,0,0,0,0,0,0,0,0,3,0.0,0.0,0.0,0.0,0.0,0.0,0.0,0.0,0.0,0,0,0,0
605,Maximilian,Kilman,Kilman,a,,,4.1,653,154.0,0.1,432,161.0,0.0,493.0,205.0,0,0,0.0,-4,4.0,7,9,0.0,8.8,0.0,0.0,1.7,388.0,143.0,,,158.0,71.0,344.0,119.0,324.0,102.0,276.0,88.0,,,,,,,,0.03,0.01,0.04,1.92,0.0,0.06,2.14,0.98,9.24,34,0,0,0,0,0,0,0,0,0,0,0,0,0,0,0,71,94,0.0,0.0,0.0,0.0,0.0,0.0,0.0,0.0,0.0,0,0,0,0
606,Konstantinos,Mavropanos,Mavropanos,a,,,4.5,427,87.0,2.0,136,54.0,9.3,3.0,1.0,1,0,0.0,0,0.0,2612,777,2.1,23.3,9.3,9.3,3.9,65.0,24.0,100.0,100.0,46.0,20.0,352.0,124.0,103.0,11.0,117.0,33.0,,,,,,,,0.11,0.03,0.14,1.42,0.0,0.21,1.54,0.99,11.05,34,1,18,0,0,0,0,0,0,0,0,0,0,1,0,4,101888,3572,0.0,0.07000000000000028,0.0,0.06999999999999984,0.44999999999999574,0.0,0.0,0.0,0.0,0,2,1,2
607,Nayef,Aguerd,N.Aguerd,u,has joined Marseille permanently.,,4.4,532,107.0,0.0,609,217.0,0.0,555.0,230.0,0,0,0.0,-1,1.0,0,2,0.0,0.7,0.0,0.0,1.5,407.0,150.0,0.0,0.0,428.0,160.0,453.0,162.0,424.0,160.0,453.0,162.0,,,,,,,,0.05,0.02,0.07,1.71,0.0,0.0,4.0,1.0,7.5,34,0,0,0,0,0,0,0,0,0,0,0,0,0,0,0,0,5,0.0,0.0,0.0,0.0,0.0,0.0,0.0,0.0,0.0,0,0,0,0
608,Ollie,Scarles,Scarles,a,,,4.3,606,139.0,0.0,620,221.0,0.0,534.0,225.0,0,0,0.0,-2,2.0,1,2,0.0,4.9,0.0,0.0,1.8,368.0,138.0,100.0,100.0,338.0,129.0,319.0,108.0,386.0,135.0,379.0,131.0,5.0,,,,,,,0.02,0.04,0.06,1.83,0.0,0.0,2.2,1.24,9.91,34,0,0,0,0,0,0,0,0,0,0,0,0,0,0,0,13,16,0.0,0.0,0.0,0.0,0.0,0.0,0.0,0.0,0.0,0,0,0,0
609,Jean-Clair,Todibo,Todibo,a,,,4.3,589,133.0,0.1,489,176.0,0.0,524.0,223.0,0,0,0.0,-2,2.0,13,9,0.0,10.2,0.0,0.0,2.2,308.0,112.0,100.0,100.0,175.0,73.0,333.0,111.0,379.0,132.0,293.0,97.0,,,,,,,,0.01,0.02,0.03,1.68,0.0,0.05,1.8,1.06,8.36,34,0,0,0,0,0,0,0,0,0,0,0,0,0,0,0,57,63,0.0,0.0,0.0,0.0,0.0,0.0,0.0,0.0,0.0,0,0,0,0
610,Aaron,Wan-Bissaka,Wan-Bissaka,a,,,4.1,654,155.0,4.5,88,29.0,0.0,494.0,206.0,0,0,0.0,-4,4.0,100,542,0.0,15.4,0.0,0.0,2.9,204.0,81.0,100.0,100.0,150.0,65.0,124.0,33.0,371.0,125.0,194.0,68.0,,,,,,,,0.0,0.04,0.04,1.57,0.0,0.14,1.84,0.99,7.71,34,0,0,0,0,0,0,0,0,0,0,0,0,0,0,0,1234,4094,0.0,0.0,0.0,0.0,0.0,0.0,0.0,0.0,0.0,0,0,0,0
611,Kaelan,Casey,Casey,u,has joined Leyton Orient on loan for the rest of the season.,,4.0,713,185.0,0.1,558,199.0,0.0,462.0,177.0,0,0,0.0,0,0.0,0,2,0.0,0.0,0.0,0.0,0.0,615.0,226.0,0.0,0.0,605.0,226.0,598.0,226.0,567.0,222.0,607.0,226.0,,,,,,,,0.0,0.0,0.0,0.0,0.0,0.0,0.0,0.0,0.0,34,0,0,0,0,0,0,0,0,0,0,0,0,0,0,0,0,7,0.0,0.0,0.0,0.0,0.0,0.0,0.0,0.0,0.0,0,0,0,0
612,Lucas,Tolentino Coelho de Lima,L.Paquetá,u,has joined Flamengo permanently.,,5.9,94,62.0,1.1,193,67.0,0.0,807.0,358.0,0,0,0.0,-1,1.0,0,32,0.0,11.7,0.0,0.0,3.8,86.0,37.0,0.0,0.0,172.0,63.0,73.0,57.0,172.0,94.0,126.0,72.0,,,,,,,,0.17,0.12,0.29,1.44,0.0,0.18,1.96,1.07,8.68,34,0,0,0,0,0,0,0,0,0,0,0,0,0,0,0,0,144,0.0,0.0,0.0,0.0,0.0,0.0,0.0,0.0,0.0,0,0,0,0
613,Tomáš,Souček,Souček,a,,,5.7,115,73.0,0.3,314,108.0,2.3,134.0,55.0,1,0,0.0,-3,3.0,41,92,0.4,15.1,2.3,2.3,2.8,225.0,89.0,100.0,100.0,134.0,44.0,220.0,141.0,74.0,43.0,131.0,74.0,,,,,,,,0.23,0.02,0.25,1.58,0.0,0.3,1.81,1.01,9.47,34,1,18,0,0,0,0,0,0,0,0,0,0,1,0,1,1258,526,0.0,0.05999999999999961,0.0,0.0600000000000005,0.45000000000000284,0.0,0.0,0.0,0.0,0,0,0,0
615,Crysencio,Summerville,Summerville,a,,,5.5,145,91.0,1.5,165,58.0,2.3,130.0,51.0,1,0,0.0,0,0.0,297,704,0.4,18.0,2.3,2.3,3.7,100.0,43.0,100.0,100.0,168.0,59.0,89.0,65.0,40.0,23.0,73.0,45.0,2.0,,,,,,,0.22,0.09,0.31,1.32,0.0,0.31,1.5,1.1,7.85,34,1,18,0,0,0,0,0,0,0,0,0,0,1,0,5,14183,3554,0.0,0.0,0.020000000000000018,0.019999999999999574,0.4499999999999993,0.0,0.0,0.0,0.0,0,0,2,2
616,Edson,Álvarez Velázquez,Álvarez,u,Has joined Fenerbahçe on loan for the rest of the season.,,4.9,308,192.0,0.0,599,225.0,0.0,715.0,294.0,0,0,0.0,-1,1.0,0,2,0.0,0.0,0.0,0.0,0.0,779.0,336.0,0.0,0.0,778.0,335.0,774.0,335.0,770.0,333.0,778.0,335.0,,,,,,,,0.0,0.0,0.0,0.0,0.0,0.0,0.0,0.0,0.0,34,0,0,0,0,0,0,0,0,0,0,0,0,0,0,0,0,3,0.0,0.0,0.0,0.0,0.0,0.0,0.0,0.0,0.0,0,0,0,0
617,Maxwel,Cornet,Cornet,u,has joined Genoa on loan for the rest of the season.,,4.9,288,177.0,0.0,717,295.0,0.0,705.0,287.0,0,0,0.0,-1,1.0,0,0,0.0,0.0,0.0,0.0,0.0,775.0,333.0,0.0,0.0,774.0,332.0,770.0,332.0,766.0,330.0,774.0,332.0,,,,,,,,0.0,0.0,0.0,0.0,0.0,0.0,0.0,0.0,0.0,34,0,0,0,0,0,0,0,0,0,0,0,0,0,0,0,0,0,0.0,0.0,0.0,0.0,0.0,0.0,0.0,0.0,0.0,0,0,0,0
618,Guido,Rodríguez,G.Rodriguez,u,has joined Valencia on loan for the rest of the season.,,4.8,350,220.0,0.0,613,235.0,0.0,696.0,281.0,0,0,0.0,-2,2.0,0,0,0.0,1.7,0.0,0.0,1.3,436.0,194.0,0.0,0.0,469.0,208.0,446.0,215.0,454.0,224.0,478.0,216.0,,,,,,,,0.02,0.02,0.04,1.33,0.0,0.51,1.03,1.03,7.71,34,0,0,0,0,0,0,0,0,0,0,0,0,0,0,0,0,2,0.0,0.0,0.0,0.0,0.0,0.0,0.0,0.0,0.0,0,0,0,0
619,Luis Guilherme,Lira dos Santos,L.Guilherme,u,has joined Sporting CP permanently.,,4.9,338,209.0,0.0,690,277.0,0.0,731.0,306.0,0,0,0.0,-1,1.0,0,0,0.0,1.0,0.0,0.0,1.0,498.0,227.0,0.0,0.0,472.0,210.0,412.0,206.0,442.0,216.0,469.0,211.0,,,,,,,,0.05,0.02,0.07,1.35,0.0,0.0,1.49,0.74,8.18,34,0,0,0,0,0,0,0,0,0,0,0,0,0,0,0,0,3,0.0,0.0,0.0,0.0,0.0,0.0,0.0,0.0,0.0,0,0,0,0
620,George,Earthy,Earthy,u,has joined Bristol City on loan for the rest of the season.,,4.5,448,267.0,0.0,611,234.0,0.0,614.0,218.0,0,0,0.0,0,0.0,0,1,0.0,0.2,0.0,0.0,1.0,482.0,214.0,0.0,0.0,708.0,279.0,470.0,226.0,451.0,221.0,503.0,229.0,,,,,,,,0.0,0.11,0.11,8.21,0.0,0.0,11.25,0.0,0.0,34,0,0,0,0,0,0,0,0,0,0,0,0,0,0,0,0,7,0.0,0.0,0.0,0.0,0.0,0.0,0.0,0.0,0.0,0,0,0,0
621,Andy,Irving,Irving,u,has joined Sparta Prague permanently.,,4.3,585,347.0,0.2,376,127.0,0.0,522.0,166.0,0,0,0.0,-2,2.0,0,8,0.0,2.1,0.0,0.0,1.3,432.0,190.0,0.0,0.0,436.0,191.0,350.0,185.0,446.0,218.0,428.0,192.0,,,,,,,,0.0,0.1,0.1,2.32,0.0,0.0,2.31,1.15,12.69,34,0,0,0,0,0,0,0,0,0,0,0,0,0,0,0,0,116,0.0,0.0,0.0,0.0,0.0,0.0,0.0,0.0,0.0,0,0,0,0
622,Lewis,Orford,Orford,u,has joined Stevenage on loan for the rest of the season.,,4.4,552,332.0,0.1,581,216.0,0.0,567.0,190.0,0,0,0.0,-1,1.0,0,2,0.0,0.0,0.0,0.0,0.0,680.0,263.0,0.0,0.0,672.0,255.0,668.0,259.0,647.0,249.0,674.0,257.0,,,,,,,,0.0,0.0,0.0,0.0,0.0,0.0,0.0,0.0,0.0,34,0,0,0,0,0,0,0,0,0,0,0,0,0,0,0,0,4,0.0,0.0,0.0,0.0,0.0,0.0,0.0,0.0,0.0,0,0,0,0
623,Freddie,Potts,Potts,a,,,4.3,596,352.0,0.5,263,91.0,0.3,307.0,144.0,0,0,0.0,-2,2.0,81,62,0.1,8.4,0.3,0.3,1.7,390.0,165.0,100.0,100.0,300.0,131.0,235.0,150.0,353.0,182.0,327.0,158.0,,,,,,,,0.02,0.08,0.1,1.66,0.0,0.08,1.88,0.94,9.07,34,0,0,0,0,0,0,0,0,0,0,0,0,0,0,0,529,802,0.0,0.0,0.0,0.0,0.0,0.0,0.0,0.0,0.0,0,0,0,0
624,Jarrod,Bowen,Bowen,a,,,7.8,18,6.0,14.4,24,6.0,5.7,25.0,4.0,1,1,-1.0,-2,2.0,4367,9312,0.7,20.5,5.7,5.7,4.7,23.0,4.0,,,20.0,3.0,30.0,1.0,15.0,8.0,9.0,3.0,1.0,1.0,2.0,,,,,0.2,0.13,0.33,1.53,0.0,0.21,1.66,1.03,7.62,34,1,18,0,0,0,0,0,0,0,0,0,0,1,0,3,275749,17790,0.0,0.040000000000000036,0.0,0.040000000000000924,0.44999999999999574,0.0,0.0,0.0,0.0,0,1,0,1
625,Niclas,Füllkrug,Füllkrug,u,has joined AC Milan on loan for the rest of the season.,,5.6,121,34.0,0.6,254,36.0,0.0,799.0,87.0,0,0,0.0,-4,4.0,0,9,0.0,2.1,0.0,0.0,1.5,415.0,49.0,0.0,0.0,446.0,52.0,302.0,34.0,236.0,47.0,375.0,48.0,,,,,,,,0.21,0.05,0.26,1.9,0.0,0.22,2.43,1.11,4.2,34,0,0,0,0,0,0,0,0,0,0,0,0,0,0,0,0,27,0.0,0.0,0.0,0.0,0.0,0.0,0.0,0.0,0.0,0,0,0,0
626,Callum,Marshall,Marshall,u,has joined VfL Bochum 1848 on loan for the rest of the season.,,4.3,612,85.0,0.5,268,42.0,0.0,540.0,55.0,0,0,0.0,-2,2.0,0,16,0.0,0.5,0.0,0.0,1.0,472.0,58.0,0.0,0.0,503.0,58.0,489.0,61.0,429.0,59.0,492.0,59.0,,,,,,,,0.2,0.0,0.2,2.41,0.0,0.0,3.1,0.0,4.66,34,0,0,0,0,0,0,0,0,0,0,0,0,0,0,0,0,88,0.0,0.0,0.0,0.0,0.0,0.0,0.0,0.0,0.0,0,0,0,0
659,Kyle,Walker-Peters,Walker-Peters,a,,,4.2,632,142.0,0.3,337,120.0,4.3,48.0,20.0,1,0,0.0,-3,3.0,47,28,1.0,10.7,4.3,4.3,2.1,319.0,117.0,,,257.0,103.0,259.0,71.0,264.0,75.0,289.0,94.0,,,,,,,,0.09,0.03,0.12,1.79,0.0,0.23,1.72,1.01,6.63,34,1,18,0,0,0,0,0,0,0,0,0,0,1,0,4,2644,281,0.0,0.0,0.0,0.0,0.4499999999999993,0.0,0.0,0.0,0.0,0,2,0,2
671,Callum,Wilson,Wilson,a,,,5.8,100,29.0,0.5,264,40.0,0.7,285.0,38.0,0,0,0.0,-2,2.0,36,65,0.1,11.6,0.7,0.7,2.5,269.0,28.0,100.0,100.0,266.0,24.0,290.0,31.0,59.0,23.0,203.0,25.0,,,,,,,,0.55,0.03,0.58,1.61,0.0,0.08,1.61,0.85,3.14,34,0,0,0,0,0,0,0,0,0,0,0,0,0,0,0,769,319,0.0,0.0,0.0,0.0,0.0,0.0,0.0,0.0,0.0,0,0,0,0
679,Mads,Hermansen,Hermansen,a,,,4.2,639,34.0,0.8,209,26.0,4.7,43.0,4.0,1,0,0.0,-3,3.0,494,329,1.1,14.0,4.7,4.7,4.2,41.0,3.0,,,213.0,22.0,430.0,10.0,606.0,71.0,344.0,21.0,,,,,,,,0.0,0.0,0.0,1.23,3.18,0.45,1.51,1.06,0.0,34,1,18,0,0,0,0,0,0,0,0,0,0,1,0,4,27556,1816,0.0,0.0,0.0,0.0,0.45000000000000107,0.0,0.0,0.0,0.0,0,0,3,0
708,Mateus Gonçalo,Espanha Fernandes,M.Fernandes,a,,,5.5,149,94.0,0.4,278,97.0,2.7,116.0,44.0,1,0,0.0,0,0.0,136,245,0.5,20.9,2.7,2.7,3.6,109.0,48.0,100.0,100.0,78.0,24.0,36.0,33.0,251.0,137.0,79.0,48.0,4.0,,,,,,,0.04,0.09,0.13,1.41,0.0,0.24,1.46,1.08,10.86,34,1,18,0,0,0,0,0,0,0,0,0,0,1,0,3,4122,1439,0.0,0.030000000000000027,0.009999999999999787,0.040000000000000036,0.45000000000000284,0.0,0.0,0.0,0.0,0,0,0,0
718,Soungoutou,Magassa,S.Magassa,a,,,5.0,277,171.0,0.0,661,262.0,0.3,330.0,154.0,0,0,0.0,0,0.0,0,5,0.1,8.2,0.3,0.3,2.0,344.0,149.0,,,306.0,134.0,307.0,174.0,343.0,179.0,349.0,169.0,,,,,,,,0.04,0.03,0.07,1.76,0.0,0.19,2.14,1.02,11.7,34,0,0,0,0,0,0,0,0,0,0,0,0,0,0,0,21,23,0.0,0.0,0.0,0.0,0.0,0.0,0.0,0.0,0.0,0,0,0,0
738,Lukasz,Fabianski,Fabianski,a,,,4.5,409,21.0,0.0,627,80.0,0.0,587.0,87.0,0,0,0.0,0,0.0,10,8,0.0,0.0,0.0,0.0,0.0,693.0,93.0,100.0,100.0,687.0,93.0,682.0,86.0,663.0,76.0,689.0,93.0,,,,,,,,0.0,0.0,0.0,0.0,0.0,0.0,0.0,0.0,0.0,34,0,0,0,0,0,0,0,0,0,0,0,0,0,0,0,260,38,0.0,0.0,0.0,0.0,0.0,0.0,0.0,0.0,0.0,0,0,0,0
747,Ezra,Mayers,Mayers,a,,,4.0,732,201.0,0.0,621,222.0,0.0,481.0,193.0,0,0,0.0,0,0.0,4,4,0.0,1.5,0.0,0.0,1.0,462.0,168.0,,,454.0,166.0,377.0,135.0,421.0,158.0,443.0,160.0,,,,,,,,0.1,0.39,0.49,2.56,0.0,0.0,2.39,0.0,3.98,34,0,0,0,0,0,0,0,0,0,0,0,0,0,0,0,49,18,0.0,0.0,0.0,0.0,0.0,0.0,0.0,0.0,0.0,0,0,0,0
758,Mohamadou,Kanté,Mohamadou Kanté,a,,,4.5,510,317.0,0.0,729,302.0,0.3,317.0,149.0,0,0,0.0,0,0.0,6,5,0.1,1.8,0.3,0.3,0.9,512.0,238.0,,,460.0,205.0,418.0,208.0,410.0,200.0,461.0,209.0,,,,,,,,0.17,0.09,0.26,2.56,0.0,0.0,0.0,0.0,33.16,34,0,0,0,0,0,0,0,0,0,0,0,0,0,0,0,51,28,0.0,0.0,0.0,0.0,0.0,0.0,0.0,0.0,0.0,0,0,0,0
785,Pablo Felipe,Pereira de Jesus,Pablo,a,,,5.4,178,41.0,0.0,695,88.0,2.7,115.0,16.0,1,0,0.0,-1,1.0,14,23,0.5,3.7,2.7,2.7,2.0,346.0,38.0,100.0,100.0,400.0,46.0,285.0,30.0,311.0,53.0,373.0,46.0,,,,,,,,0.11,0.06,0.17,1.19,0.0,0.31,1.1,1.26,8.32,34,1,18,0,0,0,0,0,0,0,0,0,0,1,0,6,537,91,0.0,0.0,0.0,0.0,0.4500000000000002,0.0,0.0,0.0,0.0,1,0,1,2
791,Valentín,Castellanos,Taty,a,,,5.5,141,35.0,0.3,338,56.0,4.7,45.0,9.0,1,0,0.0,0,0.0,148,270,0.9,8.2,4.7,4.7,3.2,177.0,18.0,,,289.0,29.0,221.0,22.0,78.0,27.0,213.0,27.0,,,,,,,,0.31,0.05,0.36,1.18,0.0,0.52,1.12,1.21,4.31,34,1,18,0,0,0,0,0,0,0,0,0,0,1,0,2,11032,1182,0.0,0.0,0.0,0.0,0.4499999999999993,0.0,0.0,0.0,0.0,0,0,1,1
802,Keiber,Lamadrid,Lamadrid,a,,,5.0,280,173.0,0.0,772,330.0,0.0,756.0,326.0,0,0,0.0,0,0.0,2,0,0.0,0.0,0.0,0.0,0.0,803.0,355.0,,,802.0,354.0,800.0,354.0,795.0,352.0,802.0,354.0,,,,,,,,0.0,0.0,0.0,0.0,0.0,0.0,0.0,0.0,0.0,34,0,0,0,0,0,0,0,0,0,0,0,0,0,0,0,25,5,0.0,0.0,0.0,0.0,0.0,0.0,0.0,0.0,0.0,0,0,0,0
815,Axel,Disasi,Disasi,a,,,4.5,423,84.0,0.2,367,134.0,5.3,26.0,13.0,1,0,0.0,0,0.0,83,70,1.2,8.2,5.3,5.3,3.7,90.0,34.0,,,333.0,127.0,411.0,149.0,296.0,88.0,372.0,128.0,,,,,,,,0.12,0.0,0.12,1.17,0.0,0.54,0.98,1.09,6.51,34,1,18,0,0,0,0,0,0,0,0,0,0,1,0,3,6716,597,0.0,0.0,0.0,0.0,0.4499999999999993,0.0,0.0,0.0,0.0,0,1,0,1
825,Finlay,Herrick,Herrick,a,,,4.0,719,65.0,0.0,803,91.0,0.0,468.0,76.0,0,0,0.0,0,0.0,5,0,0.0,0.0,0.0,0.0,0.0,620.0,86.0,,,610.0,86.0,603.0,75.0,573.0,61.0,612.0,86.0,,,,,,,,0.0,0.0,0.0,0.0,0.0,0.0,0.0,0.0,0.0,34,0,0,0,0,0,0,0,0,0,0,0,0,0,0,0,47,6,0.0,0.0,0.0,0.0,0.0,0.0,0.0,0.0,0.0,0,0,0,0
627,Sam,Johnstone,Johnstone,i,Shoulder injury - Expected back 24 May,,4.4,526,25.0,0.1,437,63.0,0.0,550.0,85.0,0,0,0.0,-1,1.0,5,16,0.0,4.8,0.0,0.0,1.8,369.0,33.0,0.0,0.0,214.0,23.0,490.0,16.0,634.0,74.0,350.0,23.0,,,,,,,,0.0,0.0,0.0,1.55,3.25,0.0,2.0,1.0,0.0,34,0,0,0,0,0,0,0,0,0,0,0,0,0,0,0,38,122,0.0,0.0,0.0,0.0,0.0,0.0,0.0,0.0,0.0,0,0,0,0
628,José,Malheiro de Sá,José Sá,d,Shoulder injury - 75% chance of playing,,4.2,631,31.0,1.2,183,22.0,0.7,259.0,20.0,1,0,0.0,-3,3.0,21,342,0.2,13.8,0.1,0.1,2.8,214.0,25.0,75.0,75.0,133.0,19.0,429.0,9.0,603.0,68.0,298.0,19.0,,,,,,,,0.0,0.0,0.0,1.58,2.63,0.2,1.69,1.04,0.0,34,1,15,0,0,0,0,0,0,0,0,0,0,1,0,3,511,2908,0.0,0.0,0.0,0.0,0.05999999999999872,0.0,0.0,0.0,0.0,0,1,1,0
629,Daniel,Bentley,Bentley,a,,,3.9,748,70.0,0.5,273,35.0,0.7,254.0,18.0,0,0,0.0,-1,1.0,19,24,0.2,0.5,0.2,0.2,2.0,335.0,31.0,100.0,100.0,444.0,33.0,523.0,25.0,491.0,11.0,466.0,33.0,,,,,,,,0.0,0.0,0.0,2.82,3.0,0.0,3.0,1.0,0.0,34,0,0,0,0,0,0,0,0,0,0,0,0,0,0,0,1248,240,0.0,0.0,0.0,0.0,0.0,0.0,0.0,0.0,0.0,0,0,0,0
631,Emmanuel,Agbadou,Agbadou,u,has joined Besiktas permanently.,,4.2,643,150.0,0.1,461,171.0,0.0,508.0,214.0,0,0,0.0,-3,3.0,0,3,0.0,5.5,0.0,0.0,1.6,401.0,149.0,0.0,0.0,212.0,83.0,313.0,103.0,300.0,90.0,291.0,95.0,,,,,,,,0.05,0.03,0.08,1.49,0.0,0.0,2.37,0.98,10.23,34,0,0,0,0,0,0,0,0,0,0,0,0,0,0,0,0,20,0.0,0.0,0.0,0.0,0.0,0.0,0.0,0.0,0.0,0,0,0,0
632,Matt,Doherty,Doherty,a,,,4.4,524,101.0,0.1,511,183.0,0.3,313.0,101.0,1,0,0.0,-1,1.0,7,5,0.1,3.0,-0.2,-0.2,1.2,442.0,158.0,100.0,100.0,361.0,137.0,354.0,125.0,395.0,142.0,391.0,137.0,,,,,,,,0.01,0.02,0.03,1.67,0.0,0.13,1.76,1.38,7.41,34,1,15,0,0,0,0,0,0,0,0,0,0,1,0,3,74,42,0.0,0.0,0.0,0.0,0.05999999999999872,0.0,0.0,0.0,0.0,1,1,0,2
633,Hugo,Bueno López,H.Bueno,a,,,4.3,598,137.0,0.2,378,138.0,0.3,308.0,99.0,1,0,0.0,-2,2.0,14,79,0.1,17.2,-0.2,-0.2,2.4,276.0,106.0,100.0,100.0,98.0,42.0,28.0,2.0,204.0,52.0,69.0,12.0,1.0,,,,,,,0.02,0.13,0.15,1.57,0.0,0.17,1.68,1.01,6.6,34,1,15,0,0,0,0,0,0,0,0,0,0,1,0,5,1108,1088,0.0,0.0,0.0,0.0,0.060000000000002274,0.0,0.0,0.0,0.0,1,2,1,3
634,Yerson,Mosquera Valdelamar,Mosquera,a,,,4.3,604,138.0,0.1,509,181.0,0.0,532.0,224.0,0,0,0.0,-2,2.0,3,23,0.0,11.9,-0.5,0.0,2.2,310.0,114.0,100.0,0.0,185.0,76.0,243.0,63.0,140.0,27.0,204.0,70.0,,,,,,,,0.08,0.03,0.11,1.6,0.0,0.2,1.72,1.01,8.91,34,0,0,0,0,0,0,0,0,0,0,0,0,0,0,0,29,451,0.0,0.0,0.0,0.0,0.0,0.0,0.0,0.0,0.0,0,0,0,0
635,Rodrigo,Martins Gomes,R.Gomes,a,,,4.4,547,117.0,0.1,525,188.0,0.7,265.0,89.0,1,0,0.0,-1,1.0,9,40,0.2,8.4,0.2,0.2,2.1,323.0,120.0,100.0,100.0,311.0,120.0,330.0,110.0,169.0,39.0,304.0,102.0,,,,,,,,0.24,0.04,0.28,1.46,0.0,0.0,2.03,0.95,4.86,34,1,15,0,0,0,0,0,0,0,0,0,0,1,0,3,197,157,0.0,0.0,0.0,0.0,0.0600000000000005,0.0,0.0,0.0,0.0,0,0,1,0
636,Santiago,Ignacio Bueno,S.Bueno,a,,,4.4,536,110.0,0.1,430,160.0,1.3,194.0,67.0,1,0,0.0,-1,1.0,20,43,0.3,17.3,0.8,0.8,3.0,199.0,79.0,100.0,100.0,100.0,44.0,287.0,88.0,188.0,45.0,178.0,60.0,,,,,,,,0.07,0.05,0.12,1.62,0.0,0.17,1.7,1.02,7.61,34,1,15,0,0,0,0,0,0,0,0,0,0,1,0,3,1984,622,0.0,0.0,0.0,0.0,0.05999999999999517,0.0,0.0,0.0,0.0,0,0,0,0
637,Toti,Gomes,Toti,a,,,4.2,642,149.0,0.1,510,182.0,1.3,192.0,65.0,1,0,0.0,-3,3.0,12,3,0.3,7.6,0.8,0.8,2.0,337.0,124.0,100.0,100.0,239.0,95.0,312.0,102.0,355.0,117.0,318.0,107.0,,,,,,,,0.02,0.02,0.04,1.72,0.0,0.08,2.2,1.18,9.05,34,1,15,0,0,0,0,0,0,0,0,0,0,1,0,4,322,39,0.0,0.0,0.0,0.0,0.060000000000002274,0.0,0.0,0.0,0.0,1,0,1,1
638,Ki-Jana,Hoever,Hoever,u,has joined Sheffield United on loan for the rest of the season.,,3.8,802,243.0,0.9,205,80.0,0.0,365.0,129.0,0,0,0.0,-2,2.0,0,75,0.0,2.6,0.0,0.0,1.2,440.0,156.0,0.0,0.0,377.0,142.0,300.0,95.0,406.0,150.0,388.0,135.0,,,,,,,,0.0,0.08,0.08,1.99,0.0,0.0,2.77,1.28,8.51,34,0,0,0,0,0,0,0,0,0,0,0,0,0,0,0,0,673,0.0,0.0,0.0,0.0,0.0,0.0,0.0,0.0,0.0,0,0,0,0
639,Bastien,Meupiyou Menadjou,Meupiyou,u,On loan to FC Alverca,,4.0,721,191.0,0.0,770,260.0,0.0,470.0,183.0,0,0,0.0,0,0.0,0,1,0.0,0.0,0.0,0.0,0.0,622.0,231.0,0.0,0.0,612.0,231.0,605.0,231.0,575.0,228.0,614.0,231.0,,,,,,,,0.0,0.0,0.0,0.0,0.0,0.0,0.0,0.0,0.0,34,0,0,0,0,0,0,0,0,0,0,0,0,0,0,0,0,2,0.0,0.0,0.0,0.0,0.0,0.0,0.0,0.0,0.0,0,0,0,0
640,Pedro,Cardoso de Lima,Pedro Lima,a,,,4.0,740,209.0,0.4,297,110.0,0.7,257.0,83.0,1,0,0.0,0,0.0,9,14,0.2,1.2,0.2,0.2,1.0,464.0,170.0,100.0,100.0,510.0,179.0,477.0,173.0,427.0,162.0,494.0,172.0,,,,,,,,0.03,0.0,0.03,2.7,0.0,0.0,2.86,1.43,1.43,34,1,15,0,0,0,0,0,0,0,0,0,0,1,0,3,213,139,0.0,0.0,0.0,0.0,0.05999999999999983,0.0,0.0,0.0,0.0,0,0,0,0
641,Alfie,Pond,Pond,u,has joined Crewe Alexandra on loan for the rest of the season.,,3.9,779,226.0,0.9,198,76.0,0.0,406.0,150.0,0,0,0.0,-1,1.0,0,52,0.0,0.0,0.0,0.0,0.0,568.0,205.0,0.0,0.0,557.0,204.0,546.0,204.0,514.0,199.0,559.0,204.0,,,,,,,,0.0,0.0,0.0,0.0,0.0,0.0,0.0,0.0,0.0,34,0,0,0,0,0,0,0,0,0,0,0,0,0,0,0,0,324,0.0,0.0,0.0,0.0,0.0,0.0,0.0,0.0,0.0,0,0,0,0
642,Hwang,Hee-chan,Hee Chan,a,,,5.6,124,77.0,0.1,460,157.0,0.7,284.0,131.0,0,0,0.0,-4,4.0,15,21,0.1,8.2,0.2,0.2,2.1,333.0,145.0,100.0,100.0,341.0,154.0,217.0,138.0,212.0,116.0,303.0,150.0,,2.0,3.0,,,,,0.16,0.07,0.23,1.47,0.0,0.15,1.83,1.15,5.42,34,0,0,0,0,0,0,0,0,0,0,0,0,0,0,0,387,181,0.0,0.0,0.0,0.0,0.0,0.0,0.0,0.0,0.0,0,0,0,0
643,André,Trindade da Costa Neto,André,a,,,5.2,214,131.0,0.1,452,154.0,3.0,102.0,36.0,1,0,0.0,-3,3.0,20,71,0.6,16.5,2.5,2.5,2.8,222.0,88.0,100.0,100.0,174.0,65.0,147.0,98.0,352.0,181.0,216.0,105.0,,,,,,,,0.02,0.03,0.05,1.61,0.0,0.08,1.78,1.01,12.62,34,1,15,0,0,0,0,0,0,0,0,0,0,1,0,3,1348,625,0.0,0.0,0.0,0.0,0.05999999999999517,0.0,0.0,0.0,0.0,0,0,1,1
644,Jean-Ricner,Bellegarde,Bellegarde,a,,,5.1,231,140.0,0.0,586,219.0,1.0,235.0,108.0,0,0,0.0,-4,4.0,2,6,0.2,8.2,0.5,0.5,1.8,378.0,161.0,100.0,100.0,299.0,130.0,199.0,131.0,216.0,120.0,277.0,141.0,,4.0,,,,,,0.08,0.07,0.15,1.71,0.0,0.22,2.17,1.12,7.54,34,0,0,0,0,0,0,0,0,0,0,0,0,0,0,0,209,126,0.0,0.0,0.0,0.0,0.0,0.0,0.0,0.0,0.0,0,0,0,0
645,Fer,López González,Fer López,u,has joined Celta Vigo on loan for the rest of the season.,,5.1,242,146.0,0.0,662,263.0,0.0,764.0,333.0,0,0,0.0,-4,4.0,0,0,0.0,2.4,0.0,0.0,1.3,438.0,196.0,0.0,0.0,440.0,195.0,339.0,183.0,354.0,183.0,415.0,190.0,,,,,,,,0.06,0.24,0.3,1.57,0.0,0.0,3.55,0.79,4.74,34,0,0,0,0,0,0,0,0,0,0,0,0,0,0,0,0,3,0.0,0.0,0.0,0.0,0.0,0.0,0.0,0.0,0.0,0,0,0,0
646,João Victor,Gomes da Silva,J.Gomes,a,,,5.3,194,122.0,0.4,294,103.0,1.7,181.0,83.0,1,0,0.0,-2,2.0,47,403,0.3,18.3,1.2,1.2,3.0,200.0,79.0,100.0,100.0,139.0,47.0,115.0,81.0,200.0,109.0,148.0,78.0,,3.0,,,,,,0.04,0.07,0.11,1.59,0.0,0.14,1.81,1.05,12.27,34,1,15,0,0,0,0,0,0,0,0,0,0,1,0,2,2237,2380,0.0,0.0,0.0,0.0,0.05999999999999517,0.0,0.0,0.0,0.0,0,1,0,1
647,Gonçalo Manuel,Ganchinho Guedes,Guedes,u,Has joined Real Sociedad permanently.,,5.5,137,85.0,0.0,802,355.0,0.0,795.0,352.0,0,0,0.0,0,0.0,0,0,0.0,0.0,0.0,0.0,0.0,816.0,364.0,0.0,0.0,815.0,363.0,814.0,363.0,812.0,362.0,815.0,363.0,,,,,,,,0.0,0.0,0.0,0.0,0.0,0.0,0.0,0.0,0.0,34,0,0,0,0,0,0,0,0,0,0,0,0,0,0,0,0,0,0.0,0.0,0.0,0.0,0.0,0.0,0.0,0.0,0.0,0,0,0,0
648,Marshall,Munetsi,Munetsi,u,has joined Paris FC on loan for the rest of the season.,,5.3,192,121.0,0.0,631,243.0,0.0,774.0,338.0,0,0,0.0,-2,2.0,0,4,0.0,7.2,0.0,0.0,2.9,209.0,84.0,0.0,0.0,322.0,145.0,337.0,182.0,160.0,90.0,306.0,151.0,,,,,,,,0.17,0.04,0.21,1.38,0.0,0.0,1.96,0.93,8.26,34,0,0,0,0,0,0,0,0,0,0,0,0,0,0,0,0,7,0.0,0.0,0.0,0.0,0.0,0.0,0.0,0.0,0.0,0,0,0,0
649,Boubacar,Traoré,B.Traore,u,Has joined FC Metz on loan for the rest of the season.,,5.0,263,160.0,0.0,821,365.0,0.0,746.0,318.0,0,0,0.0,0,0.0,0,0,0.0,0.0,0.0,0.0,0.0,796.0,350.0,0.0,0.0,795.0,349.0,793.0,349.0,788.0,347.0,795.0,349.0,,,,,,,,0.0,0.0,0.0,0.0,0.0,0.0,0.0,0.0,0.0,34,0,0,0,0,0,0,0,0,0,0,0,0,0,0,0,0,0,0.0,0.0,0.0,0.0,0.0,0.0,0.0,0.0,0.0,0,0,0,0
650,Tawanda,Chirewa,Chirewa,u,has joined Barnsley on loan for the rest of the season.,,4.3,601,355.0,0.2,386,130.0,0.0,529.0,170.0,0,0,0.0,-2,2.0,0,16,0.0,0.5,0.0,0.0,1.0,469.0,203.0,0.0,0.0,491.0,224.0,485.0,235.0,618.0,230.0,502.0,228.0,,,,,,,,0.0,0.0,0.0,1.8,0.0,0.0,0.0,0.0,14.4,34,0,0,0,0,0,0,0,0,0,0,0,0,0,0,0,0,82,0.0,0.0,0.0,0.0,0.0,0.0,0.0,0.0,0.0,0,0,0,0
651,Tom,Edozie,Edozie,a,,,4.3,616,365.0,0.4,293,102.0,0.3,311.0,147.0,0,0,0.0,-2,2.0,12,48,0.1,1.6,-0.2,-0.2,3.5,116.0,53.0,,,433.0,190.0,483.0,233.0,382.0,192.0,449.0,201.0,,,,,,,,1.88,0.0,1.88,1.64,0.0,0.0,0.0,0.0,8.18,34,0,0,0,0,0,0,0,0,0,0,0,0,0,0,0,163,477,0.0,0.0,0.0,0.0,0.0,0.0,0.0,0.0,0.0,0,0,0,0
652,Enso,González Medina,Gonzalez,a,,,4.3,615,364.0,1.2,179,62.0,0.0,542.0,178.0,0,0,0.0,-2,2.0,48,101,0.0,0.0,-0.5,-0.5,0.0,664.0,253.0,,,654.0,243.0,650.0,248.0,627.0,237.0,656.0,245.0,,,,,,,,0.0,0.0,0.0,0.0,0.0,0.0,0.0,0.0,0.0,34,0,0,0,0,0,0,0,0,0,0,0,0,0,0,0,365,902,0.0,0.0,0.0,0.0,0.0,0.0,0.0,0.0,0.0,0,0,0,0
653,Joe,Hodge,Hodge,u,Signed by CD Tondela,,4.5,428,254.0,0.0,668,267.0,0.0,599.0,206.0,0,0,0.0,0,0.0,0,0,0.0,0.0,0.0,0.0,0.0,702.0,274.0,0.0,0.0,696.0,268.0,691.0,271.0,673.0,263.0,698.0,270.0,,,,,,,,0.0,0.0,0.0,0.0,0.0,0.0,0.0,0.0,0.0,34,0,0,0,0,0,0,0,0,0,0,0,0,0,0,0,0,2,0.0,0.0,0.0,0.0,0.0,0.0,0.0,0.0,0.0,0,0,0,0
655,Fábio,Soares Silva,Fábio Silva,u,has joined Borussia Dortmund permanently.,,4.9,326,61.0,0.2,405,61.0,0.0,725.0,77.0,0,0,0.0,-1,1.0,0,2,0.0,0.0,0.0,0.0,0.0,786.0,86.0,0.0,0.0,785.0,86.0,781.0,85.0,777.0,85.0,785.0,86.0,,,,,,,,0.0,0.0,0.0,0.0,0.0,0.0,0.0,0.0,0.0,34,0,0,0,0,0,0,0,0,0,0,0,0,0,0,0,0,5,0.0,0.0,0.0,0.0,0.0,0.0,0.0,0.0,0.0,0,0,0,0
656,Saša,Kalajdžić,Kalajdžić,u,has joined LASK on loan for the rest of the season.,,4.9,318,59.0,0.0,593,81.0,0.0,720.0,76.0,0,0,0.0,-1,1.0,0,4,0.0,0.2,0.0,0.0,1.0,496.0,59.0,0.0,0.0,506.0,61.0,450.0,58.0,455.0,61.0,496.0,61.0,,,,,,,,0.0,0.06,0.06,0.64,0.0,0.0,0.0,0.0,12.86,34,0,0,0,0,0,0,0,0,0,0,0,0,0,0,0,0,4,0.0,0.0,0.0,0.0,0.0,0.0,0.0,0.0,0.0,0,0,0,0
695,Jackson,Tchatchoua,Tchatchoua,a,,,4.4,554,119.0,0.0,630,225.0,0.0,569.0,234.0,0,0,0.0,-1,1.0,4,10,0.0,11.6,-0.5,-0.5,1.7,391.0,145.0,,,209.0,82.0,92.0,22.0,308.0,95.0,193.0,67.0,,,,,,,,0.02,0.08,0.1,1.51,0.0,0.15,1.82,0.93,5.31,34,0,0,0,0,0,0,0,0,0,0,0,0,0,0,0,134,116,0.0,0.0,0.0,0.0,0.0,0.0,0.0,0.0,0.0,0,0,0,0
709,Ladislav,Krejcí,Krejčí,d,Neck - 50% chance of playing,,4.5,431,89.0,0.1,550,196.0,0.3,314.0,102.0,0,0,0.0,0,0.0,3,40,0.1,13.3,-0.1,-0.1,2.3,297.0,110.0,50.0,50.0,94.0,40.0,248.0,65.0,108.0,14.0,142.0,46.0,,,,,,,,0.09,0.06,0.15,1.56,0.0,0.12,1.8,1.02,7.4,34,0,0,0,0,0,0,0,0,0,0,0,0,0,0,0,73,521,0.0,0.0,0.0,0.0,0.0,0.0,0.0,0.0,0.0,0,0,0,0
720,Tolu,Arokodare,Tolu,a,,,5.2,212,49.0,0.1,446,64.0,0.3,335.0,45.0,0,0,0.0,-3,3.0,23,78,0.1,11.5,-0.2,-0.2,2.1,330.0,36.0,,,270.0,26.0,205.0,20.0,43.0,17.0,150.0,20.0,,,5.0,,,,,0.33,0.03,0.36,1.52,0.0,0.22,1.87,0.86,5.11,34,0,0,0,0,0,0,0,0,0,0,0,0,0,0,0,884,708,0.0,0.0,0.0,0.0,0.0,0.0,0.0,0.0,0.0,0,0,0,0
749,Mateus,Mané,Mané,a,,,4.3,624,87.0,1.3,174,27.0,1.0,221.0,31.0,1,0,0.0,-2,2.0,348,880,0.2,13.0,0.5,0.5,2.4,277.0,30.0,,,269.0,25.0,149.0,12.0,150.0,35.0,211.0,26.0,2.0,1.0,,,,,,0.1,0.11,0.21,1.73,0.0,0.33,1.57,0.98,6.74,34,1,15,0,0,0,0,0,0,0,0,0,0,1,0,3,8407,6698,0.0,0.0,0.0,0.0,0.060000000000002274,0.0,0.0,0.0,0.0,0,0,0,0
766,Saheed,Olagunju,Olagunju,a,,,4.0,731,200.0,0.0,637,227.0,0.0,480.0,192.0,0,0,0.0,0,0.0,14,8,0.0,0.0,-0.5,-0.5,0.0,632.0,240.0,,,622.0,240.0,615.0,240.0,585.0,237.0,624.0,240.0,,,,,,,,0.0,0.0,0.0,0.0,0.0,0.0,0.0,0.0,0.0,34,0,0,0,0,0,0,0,0,0,0,0,0,0,0,0,213,85,0.0,0.0,0.0,0.0,0.0,0.0,0.0,0.0,0.0,0,0,0,0
767,Luke,Rawlings,Rawlings,a,,,4.5,498,307.0,0.0,765,325.0,0.0,661.0,256.0,0,0,0.0,0,0.0,2,0,0.0,0.0,-0.5,-0.5,0.0,750.0,315.0,,,748.0,313.0,741.0,313.0,728.0,309.0,748.0,313.0,,,,,,,,0.0,0.0,0.0,0.0,0.0,0.0,0.0,0.0,0.0,34,0,0,0,0,0,0,0,0,0,0,0,0,0,0,0,24,17,0.0,0.0,0.0,0.0,0.0,0.0,0.0,0.0,0.0,0,0,0,0
777,Temple,Ojinnaka,Ojinnaka,u,has joined Shrewsbury Town on loan for the rest of the season.,,4.5,455,272.0,0.0,812,359.0,0.0,621.0,223.0,0,0,0.0,0,0.0,0,0,0.0,0.0,0.0,0.0,0.0,718.0,289.0,0.0,0.0,713.0,284.0,708.0,286.0,692.0,279.0,714.0,285.0,,,,,,,,0.0,0.0,0.0,0.0,0.0,0.0,0.0,0.0,0.0,34,0,0,0,0,0,0,0,0,0,0,0,0,0,0,0,0,3,0.0,0.0,0.0,0.0,0.0,0.0,0.0,0.0,0.0,0,0,0,0
778,Ethan,Sutherland,Sutherland,a,,,4.5,490,301.0,0.0,754,321.0,0.0,653.0,250.0,0,0,0.0,0,0.0,6,3,0.0,0.0,-0.5,-0.5,0.0,743.0,310.0,,,741.0,308.0,734.0,308.0,721.0,304.0,741.0,308.0,,,,,,,,0.0,0.0,0.0,0.0,0.0,0.0,0.0,0.0,0.0,34,0,0,0,0,0,0,0,0,0,0,0,0,0,0,0,46,38,0.0,0.0,0.0,0.0,0.0,0.0,0.0,0.0,0.0,0,0,0,0
809,Jerome,Abbey,Abbey,a,,,4.5,520,324.0,0.0,738,309.0,0.0,681.0,272.0,0,0,0.0,0,0.0,15,8,0.0,0.0,-0.5,-0.5,0.0,766.0,328.0,,,765.0,327.0,758.0,327.0,746.0,324.0,765.0,327.0,,,,,,,,0.0,0.0,0.0,0.0,0.0,0.0,0.0,0.0,0.0,34,0,0,0,0,0,0,0,0,0,0,0,0,0,0,0,129,78,0.0,0.0,0.0,0.0,0.0,0.0,0.0,0.0,0.0,0,0,0,0
816,Angel,Gomes,Angel,d,Foot injury - 75% chance of playing,,4.6,398,247.0,0.0,737,308.0,1.0,225.0,100.0,0,-1,1.0,-4,4.0,3,10,0.2,2.6,0.4,0.4,1.3,434.0,192.0,75.0,75.0,426.0,185.0,326.0,178.0,383.0,193.0,409.0,186.0,,,,,,,,0.05,0.06,0.11,2.73,0.0,0.24,1.66,1.42,6.41,34,0,0,0,0,0,0,0,0,0,0,0,0,0,0,0,29,119,0.0,0.0,0.0,0.0,0.0,0.0,0.0,0.0,0.0,0,0,0,0
817,Adam,Armstrong,Armstrong,a,,,5.2,203,46.0,0.1,530,74.0,1.7,176.0,21.0,1,0,0.0,-3,3.0,29,71,0.3,4.8,1.2,1.2,2.5,265.0,26.0,,,384.0,43.0,322.0,38.0,298.0,51.0,374.0,47.0,,,,,,,,0.12,0.08,0.2,2.15,0.0,0.36,1.58,1.21,3.03,34,1,15,0,0,0,0,0,0,0,0,0,0,1,0,3,2054,605,0.0,0.0,0.0,0.0,0.060000000000002274,0.0,0.0,0.0,0.0,0,0,0,0
828,Alfie,Brooks,Brooks,a,,,4.0,696,57.0,0.0,804,92.0,0.0,448.0,68.0,0,0,0.0,0,0.0,8,1,0.0,0.0,-0.5,-0.5,0.0,604.0,79.0,,,593.0,79.0,585.0,67.0,554.0,53.0,595.0,79.0,,,,,,,,0.0,0.0,0.0,0.0,0.0,0.0,0.0,0.0,0.0,34,0,0,0,0,0,0,0,0,0,0,0,0,0,0,0,163,8,0.0,0.0,0.0,0.0,0.0,0.0,0.0,0.0,0.0,0,0,0,0
