id,status,chance_of_playing_next_round,chance_of_playing_this_round,now_cost,now_cost_rank,now_cost_rank_type,cost_change_event,cost_change_event_fall,cost_change_start,cost_change_start_fall,selected_by_percent,selected_rank,selected_rank_type,total_points,event_points,points_per_game,points_per_game_rank,points_per_game_rank_type,bonus,bps,form,form_rank,form_rank_type,value_form,value_season,dreamteam_count,transfers_in,transfers_in_event,transfers_out,transfers_out_event,ep_next,ep_this,expected_goals,expected_assists,expected_goal_involvements,expected_goals_conceded,expected_goals_per_90,expected_assists_per_90,expected_goal_involvements_per_90,expected_goals_conceded_per_90,influence,influence_rank,influence_rank_type,creativity,creativity_rank,creativity_rank_type,threat,threat_rank,threat_rank_type,ict_index,ict_index_rank,ict_index_rank_type,corners_and_indirect_freekicks_order,direct_freekicks_order,penalties_order,gw,set_piece_threat,first_name,second_name,web_name,news,news_added,minutes,goals_scored,assists,clean_sheets,goals_conceded,own_goals,penalties_saved,penalties_missed,yellow_cards,red_cards,saves,starts,defensive_contribution,corners_and_indirect_freekicks_text,direct_freekicks_text,penalties_text,saves_per_90,clean_sheets_per_90,goals_conceded_per_90,starts_per_90,defensive_contribution_per_90,tackles,clearances_blocks_interceptions,recoveries
1,a,,,6.0,86,1.0,0,0.0,5,-5.0,34.0,7,1.0,141,10,4.1,57.0,4.0,9,562,4.0,78.0,9.0,0.7,23.5,0.0,4439118,25411,2828689,5361,5.0,5.0,0.0,0.06,0.06,25.76,0.0,0.0,0.0,0.76,495.0,106.0,17.0,33.4,382.0,3.0,0.0,821.0,96.0,52.9,269.0,16.0,,,,34,,David,Raya Martín,Raya,,,3060,0,0,16,26,0,0,0,1,0,56,34,94,,,,1.65,0.47,0.76,1.0,0.0,1,32,290
2,a,,,4.0,671,43.0,0,0.0,-5,5.0,0.4,294,38.0,0,0,0.0,582.0,66.0,0,0,0.0,430.0,55.0,0.0,0.0,0.0,15790,58,78459,58,1.0,1.0,0.0,0.0,0.0,0.0,0.0,0.0,0.0,0.0,0.0,571.0,66.0,0.0,562.0,53.0,0.0,531.0,39.0,0.0,573.0,66.0,,,,34,,Kepa,Arrizabalaga Revuelta,Arrizabalaga,,,0,0,0,0,0,0,0,0,0,0,0,0,0,,,,0.0,0.0,0.0,0.0,0.0,0,0,0
701,u,0.0,0.0,4.0,723,192.0,0,0.0,0,0.0,0.1,544,192.0,0,0,0.0,623.0,232.0,0,0,0.0,478.0,188.0,0.0,0.0,0.0,8943,0,10807,4,0.0,0.0,0.0,0.0,0.0,0.0,0.0,0.0,0.0,0.0,0.0,613.0,232.0,0.0,606.0,232.0,0.0,576.0,229.0,0.0,615.0,232.0,,,,34,,Triston,Rowe,Rowe,has joined Annecy on loan for the rest of the season.,,0,0,0,0,0,0,0,0,0,0,0,0,0,,,,0.0,0.0,0.0,0.0,0.0,0,0,0
702,a,,,4.3,624,371.0,0,0.0,-2,2.0,0.1,509,185.0,1,0,1.0,474.0,207.0,0,3,0.0,553.0,185.0,0.0,0.2,0.0,12353,284,9766,68,0.0,0.0,0.0,0.0,0.0,0.9,0.0,0.0,0.0,5.06,0.0,660.0,248.0,0.3,486.0,236.0,0.0,633.0,242.0,0.0,662.0,250.0,,,,34,,Bradley,Burrowes,Burrowes,,,16,0,0,0,1,0,0,0,0,0,0,0,1,,,,0.0,0.0,5.62,0.0,5.62,0,0,1
703,a,,,3.9,784,91.0,0,0.0,-1,1.0,0.6,246,33.0,0,0,0.0,572.0,61.0,0,0,0.0,417.0,49.0,0.0,0.0,0.0,94741,27,49151,180,0.0,0.0,0.0,0.0,0.0,0.0,0.0,0.0,0.0,0.0,0.0,561.0,61.0,0.0,550.0,46.0,0.0,518.0,32.0,0.0,563.0,61.0,,,,34,,Sam,Proctor,Proctor,,,0,0,0,0,0,0,0,0,0,0,0,0,0,,,,0.0,0.0,0.0,0.0,0.0,0,0,0
808,a,,,5.8,103,30.0,0,0.0,-2,2.0,0.2,372,59.0,22,1,2.0,349.0,39.0,2,91,2.3,161.0,20.0,0.4,3.8,0.0,90114,229,67256,521,2.3,2.3,2.05,0.36,2.41,4.16,0.84,0.15,0.99,1.71,87.0,389.0,45.0,47.9,358.0,46.0,138.0,227.0,45.0,27.1,364.0,46.0,,,,34,,Tammy,Abraham,Abraham,,,219,2,0,0,6,0,0,0,0,0,0,1,11,,,,0.0,0.0,2.47,0.41,4.52,4,2,5
217,a,100.0,100.0,4.9,321,60.0,0,0.0,-1,1.0,0.8,220,33.0,57,0,2.3,305.0,33.0,4,201,0.7,293.0,38.0,0.1,11.6,0.0,456366,114,452019,186,0.2,0.0,3.22,0.37,3.59,27.65,0.22,0.02,0.24,1.86,219.0,274.0,27.0,147.0,230.0,24.0,256.0,119.0,30.0,61.5,241.0,30.0,,,,34,,Lyle,Foster,Foster,,,1340,3,2,4,30,0,0,0,4,0,0,15,84,,,,0.0,0.27,2.01,1.01,5.64,16,27,41
133,u,0.0,0.0,4.4,546,327.0,0,0.0,-1,1.0,0.0,645,251.0,1,0,1.0,475.0,208.0,0,2,0.0,567.0,187.0,0.0,0.2,0.0,3881,0,6504,7,0.0,0.0,0.0,0.0,0.0,0.0,0.0,0.0,0.0,0.0,0.0,667.0,250.0,0.0,663.0,254.0,0.0,642.0,244.0,0.0,669.0,252.0,,,,34,,Myles,Peart-Harris,Peart-Harris,has joined Oxford United permanently.,,1,0,0,0,0,0,0,0,0,0,0,0,0,,,,0.0,0.0,0.0,0.0,0.0,0,0,0
134,u,0.0,0.0,4.5,492,303.0,0,0.0,0,0.0,0.0,794,349.0,0,0,0.0,745.0,312.0,0,0,0.0,658.0,254.0,0.0,0.0,0.0,0,0,953,0,0.0,0.0,0.0,0.0,0.0,0.0,0.0,0.0,0.0,0.0,0.0,743.0,310.0,0.0,736.0,310.0,0.0,723.0,306.0,0.0,743.0,310.0,,,,34,,Ryan,Trevitt,Trevitt,Has joined Wigan on loan for the rest of the season,,0,0,0,0,0,0,0,0,0,0,0,0,0,,,,0.0,0.0,0.0,0.0,0.0,0,0,0
281,a,,,4.4,557,335.0,0,0.0,-1,1.0,0.0,586,219.0,1,0,1.0,477.0,210.0,0,2,0.0,575.0,195.0,0.0,0.2,0.0,6127,19,7313,16,0.0,-0.5,0.0,0.0,0.0,0.65,0.0,0.0,0.0,19.5,0.0,674.0,257.0,0.1,491.0,238.0,0.0,650.0,252.0,0.0,676.0,259.0,,,,34,,Kaden,Rodney,Rodney,,,3,0,0,0,0,0,0,0,0,0,0,0,0,,,,0.0,0.0,0.0,0.0,0.0,0,0,0
282,u,0.0,0.0,4.5,479,293.0,0,0.0,0,0.0,0.0,714,292.0,0,0,0.0,736.0,305.0,0,0,0.0,645.0,244.0,0.0,0.0,0.0,860,0,3075,1,0.0,0.0,0.0,0.0,0.0,0.0,0.0,0.0,0.0,0.0,0.0,733.0,302.0,0.0,727.0,303.0,0.0,713.0,298.0,0.0,734.0,303.0,,,,34,,Franco,Umeh-Chibueze,Umeh,has joined Portsmouth permanently.,,0,0,0,0,0,0,0,0,0,0,0,0,0,,,,0.0,0.0,0.0,0.0,0.0,0,0,0
286,a,,,4.4,565,81.0,0,0.0,-1,1.0,0.3,319,51.0,0,0,0.0,687.0,73.0,0,0,0.0,582.0,62.0,0.0,0.0,0.0,52061,53,60554,76,0.0,-0.5,0.0,0.0,0.0,0.0,0.0,0.0,0.0,0.0,0.0,681.0,73.0,0.0,676.0,72.0,0.0,657.0,72.0,0.0,683.0,73.0,,,,34,,Zach,Marsh,Marsh,,,0,0,0,0,0,0,0,0,0,0,0,0,0,,,,0.0,0.0,0.0,0.0,0.0,0,0,0
737,a,,,4.5,512,74.0,0,0.0,0,0.0,0.1,480,69.0,4,0,0.8,518.0,62.0,0,11,0.0,677.0,73.0,0.0,0.9,0.0,22503,48,17855,55,-1.0,0.0,0.0,0.07,0.07,0.75,0.0,0.21,0.21,2.25,1.2,505.0,59.0,11.4,425.0,56.0,8.0,426.0,58.0,2.1,476.0,57.0,,,,34,,Jonah,Kusi-Asare,Kusi-Asare,,,30,0,0,0,2,0,0,0,1,0,0,0,2,,,,0.0,0.0,6.0,0.0,6.0,0,0,2
786,a,,,4.0,708,60.0,0,0.0,0,0.0,0.0,735,85.0,0,0,0.0,612.0,82.0,0,0,0.0,464.0,72.0,0.0,0.0,0.0,932,8,482,3,-1.0,0.0,0.0,0.0,0.0,0.0,0.0,0.0,0.0,0.0,0.0,602.0,82.0,0.0,594.0,70.0,0.0,563.0,56.0,0.0,604.0,82.0,,,,34,,Alfie,McNally,McNally,,,0,0,0,0,0,0,0,0,0,0,0,0,0,,,,0.0,0.0,0.0,0.0,0.0,0,0,0
168,a,100.0,100.0,4.6,404,249.0,0,0.0,-4,4.0,0.1,499,180.0,2,0,0.7,521.0,242.0,0,5,0.0,689.0,277.0,0.0,0.4,0.0,17275,67,30711,41,0.5,0.0,0.04,0.1,0.14,1.86,0.05,0.13,0.18,2.43,6.0,481.0,216.0,25.7,391.0,197.0,19.0,393.0,196.0,5.0,455.0,204.0,,,,34,,Facundo,Buonanotte,Buonanotte,,,69,0,0,0,2,0,0,0,1,0,0,1,5,,,,0.0,0.0,2.61,1.3,6.52,1,1,3
339,a,,,4.1,658,36.0,0,0.0,-4,4.0,0.3,310,42.0,0,0,0.0,642.0,88.0,0,0,0.0,503.0,79.0,0.0,0.0,0.0,14961,72,65396,60,0.5,0.0,0.0,0.0,0.0,0.0,0.0,0.0,0.0,0.0,0.0,632.0,88.0,0.0,625.0,77.0,0.0,596.0,63.0,0.0,634.0,88.0,,,,34,,Illan,Meslier,Meslier,,,0,0,0,0,0,0,0,0,0,0,0,0,0,,,,0.0,0.0,0.0,0.0,0.0,0,0,0
340,a,,,3.9,752,73.0,0,0.0,-1,1.0,0.1,423,61.0,0,0,0.0,551.0,46.0,0,0,0.0,392.0,33.0,0.0,0.0,0.0,8906,10,15978,21,0.5,0.0,0.0,0.0,0.0,0.0,0.0,0.0,0.0,0.0,0.0,540.0,46.0,0.0,526.0,28.0,0.0,494.0,14.0,0.0,542.0,46.0,,,,34,,Alex,Cairns,Cairns,,,0,0,0,0,0,0,0,0,0,0,0,0,0,,,,0.0,0.0,0.0,0.0,0.0,0,0,0
341,a,,,3.9,747,68.0,0,0.0,-1,1.0,6.0,63,10.0,54,0,3.0,201.0,22.0,0,266,4.0,67.0,5.0,1.0,13.8,0.0,762007,12666,329737,1522,4.5,0.0,0.0,0.04,0.04,20.85,0.0,0.0,0.0,1.16,414.2,145.0,20.0,0.0,521.0,23.0,0.0,489.0,9.0,41.7,308.0,20.0,,,,34,,Karl,Darlow,Darlow,,,1620,0,0,4,22,0,0,0,1,0,48,18,59,,,,2.67,0.22,1.22,1.0,0.0,1,25,173
8,i,0.0,0.0,6.1,82,4.0,0,0.0,6,-6.0,19.3,15,5.0,149,0,5.0,15.0,4.0,9,532,0.0,813.0,267.0,0.0,24.4,0.0,6783894,113,5128107,78138,0.0,0.0,4.71,1.53,6.24,17.45,0.17,0.06,0.23,0.64,499.0,104.0,47.0,402.6,72.0,14.0,352.0,78.0,7.0,125.7,70.0,12.0,,,,34,,Jurriën,Timber,J.Timber,Ankle injury - Unknown return date,,2452,3,6,13,20,0,0,0,5,0,0,28,178,,,,0.0,0.48,0.73,1.03,5.43,66,82,97
197,u,0.0,0.0,3.8,811,250.0,0,0.0,-2,2.0,0.2,398,149.0,13,0,1.9,353.0,129.0,0,20,0.0,379.0,139.0,0.0,3.4,0.0,34622,0,36325,61,0.0,0.0,0.55,0.08,0.63,3.79,0.3,0.04,0.34,2.08,44.8,425.0,158.0,18.1,406.0,149.0,30.0,370.0,124.0,9.2,426.0,154.0,,,,34,,Oliver,Sonne,Sonne,has joined Sparta Prague on loan for the rest of the season.,,164,1,0,0,4,0,0,0,0,0,0,1,10,,,,0.0,0.0,2.2,0.55,3.84,2,5,4
198,a,100.0,100.0,3.9,758,215.0,0,0.0,-1,1.0,0.9,206,81.0,27,0,2.5,264.0,100.0,0,81,0.0,397.0,148.0,0.0,6.9,0.0,138054,16,301413,102,-0.5,0.0,0.61,0.11,0.72,24.88,0.06,0.01,0.07,2.41,225.2,271.0,110.0,9.8,438.0,155.0,52.0,334.0,107.0,28.9,358.0,122.0,,,,34,,Axel,Tuanzebe,Tuanzebe,,,931,1,0,1,22,1,0,0,1,0,0,11,106,,,,0.0,0.1,2.13,1.06,9.38,12,85,29
209,a,100.0,100.0,4.8,348,218.0,0,0.0,-2,2.0,0.0,623,240.0,53,0,1.8,375.0,158.0,1,228,1.0,257.0,116.0,0.2,11.0,0.0,6247,6,7199,13,0.5,0.0,0.85,0.48,1.33,38.16,0.05,0.03,0.08,2.06,287.2,229.0,97.0,183.8,196.0,128.0,108.0,264.0,144.0,57.2,254.0,124.0,,,,34,,Josh,Laurent,Laurent,,,1669,1,0,2,39,0,0,0,6,1,0,17,177,,,,0.0,0.11,2.1,0.92,9.54,44,72,61
218,a,,,4.2,626,89.0,0,0.0,-3,3.0,1.3,177,28.0,5,0,1.0,465.0,56.0,0,10,0.0,506.0,49.0,0.0,1.2,0.0,235062,198,367456,537,-0.5,0.0,0.11,0.0,0.11,2.07,0.28,0.0,0.28,5.32,0.2,511.0,62.0,0.6,478.0,60.0,9.0,423.0,57.0,1.0,490.0,58.0,,,2.0,34,,Ashley,Barnes,Barnes,,,35,0,0,0,3,0,0,0,1,0,0,0,2,,,,0.0,0.0,7.71,0.0,5.14,0,0,2
80,a,100.0,100.0,3.9,788,230.0,0,0.0,-1,1.0,0.2,391,145.0,3,0,1.0,459.0,166.0,0,2,0.0,421.0,158.0,0.0,0.8,0.0,17869,33,34389,19,0.0,0.0,0.0,0.0,0.0,1.62,0.0,0.0,0.0,4.29,1.8,499.0,177.0,2.5,462.0,168.0,2.0,444.0,167.0,0.6,497.0,173.0,,,,34,,Julio,Soler Barreto,Soler,,,34,0,0,0,2,0,0,0,0,0,0,0,1,,,,0.0,0.0,5.29,0.0,2.65,1,0,4
524,u,0.0,0.0,4.5,451,269.0,0,0.0,0,0.0,0.0,705,286.0,0,0,0.0,715.0,286.0,0,0,0.0,620.0,222.0,0.0,0.0,0.0,245,0,5728,0,0.0,0.0,0.0,0.0,0.0,0.0,0.0,0.0,0.0,0.0,0.0,710.0,281.0,0.0,705.0,283.0,0.0,689.0,276.0,0.0,711.0,282.0,,,,34,,Marko,Stamenić,Stamenic,Has joined Swansea City permanently.,,0,0,0,0,0,0,0,0,0,0,0,0,0,,,,0.0,0.0,0.0,0.0,0.0,0,0,0
745,a,,,4.0,740,208.0,0,0.0,0,0.0,0.0,615,219.0,1,0,1.0,464.0,170.0,0,3,0.0,495.0,204.0,0.0,0.2,0.0,2195,5,2239,10,0.0,0.5,0.0,0.0,0.0,0.0,0.0,0.0,0.0,0.0,0.4,509.0,179.0,0.5,480.0,175.0,0.0,591.0,243.0,0.1,512.0,179.0,,,,34,,Jun'ai,Byfield,Byfield,,,1,0,0,0,0,0,0,0,0,0,0,0,0,,,,0.0,0.0,0.0,0.0,0.0,0,0,0
750,a,,,4.0,704,180.0,0,0.0,0,0.0,0.0,638,228.0,1,0,1.0,461.0,167.0,0,3,0.0,460.0,177.0,0.0,0.2,0.0,2031,6,1829,4,0.0,0.5,0.0,0.0,0.0,0.36,0.0,0.0,0.0,32.4,0.0,598.0,223.0,0.0,590.0,223.0,0.0,559.0,219.0,0.0,600.0,223.0,,,,34,,James,Rowswell,Rowswell,,,1,0,0,0,0,0,0,0,0,0,0,0,0,,,,0.0,0.0,0.0,0.0,0.0,0,0,0
91,u,0.0,0.0,5.0,253,152.0,0,0.0,0,0.0,0.0,747,316.0,0,0,0.0,794.0,347.0,0,0,0.0,743.0,314.0,0.0,0.0,0.0,396,0,3905,0,0.0,0.0,0.0,0.0,0.0,0.0,0.0,0.0,0.0,0.0,0.0,793.0,346.0,0.0,791.0,346.0,0.0,786.0,344.0,0.0,793.0,346.0,,,,34,,Luis,Sinisterra Lucumí,Sinisterra,has joined Cruzeiro on loan for the rest of the season.,,0,0,0,0,0,0,0,0,0,0,0,0,0,,,,0.0,0.0,0.0,0.0,0.0,0,0,0
97,a,100.0,100.0,6.7,46,16.0,0,0.0,-3,3.0,2.5,122,19.0,105,0,3.3,164.0,16.0,6,368,3.7,87.0,12.0,0.6,15.7,0.0,1277309,2585,1233083,2701,3.7,0.0,9.56,1.26,10.82,35.82,0.35,0.05,0.4,1.31,333.6,199.0,19.0,369.3,83.0,3.0,769.0,8.0,6.0,146.9,46.0,10.0,,,,34,,Francisco Evanilson,de Lima Barbosa,Evanilson,,,2460,6,6,9,39,0,0,0,2,0,0,28,112,,,,0.0,0.33,1.43,1.02,4.1,10,34,68
98,a,100.0,100.0,5.4,156,38.0,0,0.0,-1,1.0,0.0,592,80.0,23,0,1.2,446.0,53.0,1,61,0.7,301.0,41.0,0.1,4.3,0.0,15072,35,12414,35,0.7,0.0,1.85,0.06,1.91,4.16,0.95,0.03,0.98,2.14,50.8,421.0,50.0,13.0,419.0,54.0,86.0,292.0,51.0,14.1,403.0,51.0,,1.0,,34,,Enes,Ünal,Enes Ünal,,,175,1,0,0,2,0,0,0,1,0,0,0,15,,,,0.0,0.0,1.03,0.0,7.71,1,9,5
756,a,,,4.5,520,323.0,0,0.0,0,0.0,0.0,744,314.0,0,0,0.0,766.0,327.0,0,0,0.0,684.0,273.0,0.0,0.0,0.0,1954,6,1348,6,0.0,0.0,0.0,0.0,0.0,0.0,0.0,0.0,0.0,0.0,0.0,765.0,326.0,0.0,758.0,326.0,0.0,746.0,323.0,0.0,765.0,326.0,,,,34,,Malcom,DaCosta,DaCosta,,,0,0,0,0,0,0,0,0,0,0,0,0,0,,,,0.0,0.0,0.0,0.0,0.0,0,0,0
130,a,,,4.4,572,344.0,0,0.0,-1,1.0,0.1,475,164.0,4,0,1.0,480.0,213.0,0,19,0.0,588.0,202.0,0.0,0.9,0.0,17089,32,20051,31,0.0,-0.5,0.09,0.01,0.1,0.39,0.21,0.02,0.23,0.92,8.4,475.0,212.0,11.5,424.0,211.0,21.0,389.0,195.0,4.2,463.0,207.0,,,,34,,Romelle,Donovan,Donovan,,,38,0,0,0,0,0,0,0,0,0,0,0,5,,,,0.0,0.0,0.0,0.0,11.84,0,0,5
826,a,,,4.5,464,281.0,0,0.0,0,0.0,0.0,823,367.0,0,0,0.0,725.0,296.0,0,0,0.0,631.0,232.0,0.0,0.0,0.0,76,10,16,3,0.0,-0.5,0.0,0.0,0.0,0.0,0.0,0.0,0.0,0.0,0.0,720.0,291.0,0.0,715.0,293.0,0.0,699.0,286.0,0.0,721.0,292.0,,,,34,,Riley,Owen,Owen,,,0,0,0,0,0,0,0,0,0,0,0,0,0,,,,0.0,0.0,0.0,0.0,0.0,0,0,0
770,a,,,4.5,506,314.0,0,0.0,0,0.0,0.0,780,337.0,0,0,0.0,756.0,320.0,0,0,0.0,672.0,265.0,0.0,0.0,0.0,767,6,491,6,-1.0,0.0,0.0,0.0,0.0,0.0,0.0,0.0,0.0,0.0,0.0,755.0,319.0,0.0,748.0,319.0,0.0,735.0,315.0,0.0,755.0,319.0,,,,34,,Seth,Ridgeon,Ridgeon,,,0,0,0,0,0,0,0,0,0,0,0,0,0,,,,0.0,0.0,0.0,0.0,0.0,0,0,0
353,a,100.0,100.0,5.2,205,127.0,0,0.0,-3,3.0,0.1,487,171.0,18,0,1.2,445.0,198.0,0,72,0.0,768.0,335.0,0.0,3.5,0.0,8533,44,53212,10,0.5,0.0,0.71,0.59,1.3,10.53,0.16,0.13,0.29,2.34,47.2,422.0,183.0,113.3,268.0,165.0,103.0,269.0,145.0,26.5,368.0,173.0,,,,34,,Daniel,James,James,,,405,0,0,1,13,0,0,0,0,0,0,4,26,,,,0.0,0.22,2.89,0.89,5.78,5,3,18
787,a,,,4.4,563,338.0,0,0.0,-1,1.0,0.0,737,308.0,0,0,0.0,686.0,266.0,0,0,0.0,580.0,197.0,0.0,0.0,0.0,2499,13,1484,11,0.5,0.0,0.0,0.0,0.0,0.0,0.0,0.0,0.0,0.0,0.0,679.0,259.0,0.0,674.0,262.0,0.0,655.0,254.0,0.0,681.0,261.0,,,,34,,Sam,Chambers,Chambers,,,0,0,0,0,0,0,0,0,0,0,0,0,0,,,,0.0,0.0,0.0,0.0,0.0,0,0,0
451,u,0.0,0.0,7.0,36,21.0,0,0.0,0,0.0,0.0,715,293.0,0,0,0.0,828.0,371.0,0,0,0.0,825.0,370.0,0.0,0.0,0.0,0,0,2152,0,0.0,0.0,0.0,0.0,0.0,0.0,0.0,0.0,0.0,0.0,0.0,828.0,371.0,0.0,828.0,371.0,0.0,828.0,371.0,0.0,828.0,371.0,,,,34,,Marcus,Rashford,Rashford,Has joined Barcelona on loan for the rest of the season,,0,0,0,0,0,0,0,0,0,0,0,0,0,,,,0.0,0.0,0.0,0.0,0.0,0,0,0
460,u,0.0,0.0,4.5,447,266.0,0,0.0,0,0.0,0.0,666,266.0,0,0,0.0,713.0,284.0,0,0,0.0,617.0,219.0,0.0,0.0,0.0,505,0,9687,1,0.0,0.0,0.0,0.0,0.0,0.0,0.0,0.0,0.0,0.0,0.0,707.0,278.0,0.0,703.0,281.0,0.0,687.0,274.0,0.0,709.0,280.0,,,,34,,Toby,Collyer,Collyer,has joined Hull City on loan for the rest of the season.,,0,0,0,0,0,0,0,0,0,0,0,0,0,,,,0.0,0.0,0.0,0.0,0.0,0,0,0
135,a,100.0,100.0,7.3,27,11.0,0,0.0,-2,2.0,0.6,251,35.0,22,1,1.5,422.0,51.0,0,59,0.7,312.0,42.0,0.1,3.0,0.0,241985,160,458387,191,0.7,-0.3,2.43,0.53,2.96,8.47,0.49,0.11,0.6,1.71,54.0,419.0,49.0,35.8,377.0,51.0,139.0,224.0,44.0,22.1,382.0,49.0,,,,34,,Yoane,Wissa,Wissa,,,447,1,0,1,9,0,0,0,1,0,0,4,19,,,,0.0,0.2,1.81,0.81,3.83,3,3,13
550,a,,,4.7,384,239.0,0,0.0,-3,3.0,0.0,665,265.0,0,0,0.0,770.0,331.0,0,0,0.0,693.0,279.0,0.0,0.0,0.0,1172,5,2863,4,0.5,0.0,0.0,0.0,0.0,0.0,0.0,0.0,0.0,0.0,0.0,769.0,330.0,0.0,764.0,330.0,0.0,754.0,327.0,0.0,769.0,330.0,,,,34,,Ian,Poveda-Ocampo,Poveda,,,0,0,0,0,0,0,0,0,0,0,0,0,0,,,,0.0,0.0,0.0,0.0,0.0,0,0,0
562,a,,,4.2,651,92.0,0,0.0,-3,3.0,0.4,281,43.0,0,0,0.0,652.0,65.0,0,0,0.0,520.0,52.0,0.0,0.0,0.0,71019,93,96525,160,0.5,0.0,0.0,0.0,0.0,0.0,0.0,0.0,0.0,0.0,0.0,643.0,65.0,0.0,637.0,64.0,0.0,612.0,64.0,0.0,645.0,65.0,,,,34,,Ahmed,Abdullahi,Abdullahi,,,0,0,0,0,0,0,0,0,0,0,0,0,0,,,,0.0,0.0,0.0,0.0,0.0,0,0,0
577,u,0.0,0.0,4.0,719,189.0,0,0.0,0,0.0,0.0,606,216.0,0,0,0.0,619.0,229.0,0,0,0.0,474.0,185.0,0.0,0.0,0.0,1005,0,9143,3,0.0,0.0,0.0,0.0,0.0,0.0,0.0,0.0,0.0,0.0,0.0,609.0,229.0,0.0,602.0,229.0,0.0,572.0,226.0,0.0,611.0,229.0,,,,34,,Takai,Kōta,Takai,has joined Borussia Mönchengladbach on loan for the rest of the season.,,0,0,0,0,0,0,0,0,0,0,0,0,0,,,,0.0,0.0,0.0,0.0,0.0,0,0,0
591,a,100.0,100.0,4.8,372,232.0,0,0.0,-2,2.0,0.2,414,142.0,60,0,2.6,251.0,100.0,6,235,1.0,259.0,118.0,0.2,12.5,0.0,25542,39,28105,175,1.0,1.5,1.5,1.29,2.79,24.55,0.09,0.08,0.17,1.51,257.2,250.0,107.0,138.1,240.0,154.0,158.0,199.0,109.0,55.3,262.0,132.0,,,,34,,Archie,Gray,Gray,,,1463,2,2,5,28,0,0,0,5,0,0,18,131,,,,0.0,0.31,1.72,1.11,8.06,11,64,56
600,a,100.0,100.0,4.2,630,30.0,0,0.0,-3,3.0,1.9,140,18.0,51,0,2.5,267.0,28.0,2,220,0.0,509.0,81.0,0.0,12.1,0.0,191068,169,474621,573,0.0,0.0,0.0,0.0,0.0,35.3,0.0,0.0,0.0,1.76,570.4,70.0,14.0,10.0,429.0,8.0,0.0,602.0,67.0,57.9,249.0,14.0,,,,34,,Alphonse,Areola,Areola,,,1800,0,1,0,37,0,0,0,0,0,77,20,55,,,,3.85,0.0,1.85,1.0,0.0,0,30,142
752,a,,,4.0,743,211.0,0,0.0,0,0.0,0.0,639,229.0,0,0,0.0,639.0,247.0,0,0,0.0,497.0,206.0,0.0,0.0,0.0,2468,12,2219,15,0.0,0.0,0.0,0.0,0.0,0.0,0.0,0.0,0.0,0.0,0.0,629.0,247.0,0.0,622.0,247.0,0.0,593.0,245.0,0.0,631.0,247.0,,,,34,,Airidas,Golambeckis,Golambeckis,,,0,0,0,0,0,0,0,0,0,0,0,0,0,,,,0.0,0.0,0.0,0.0,0.0,0,0,0
657,a,100.0,100.0,4.4,568,82.0,0,0.0,-1,1.0,0.0,628,83.0,0,0,0.0,689.0,74.0,0,0,0.0,584.0,63.0,0.0,0.0,0.0,5853,21,7969,36,-0.5,-0.5,0.0,0.0,0.0,0.0,0.0,0.0,0.0,0.0,0.0,683.0,74.0,0.0,678.0,73.0,0.0,659.0,73.0,0.0,685.0,74.0,,,,34,,Leon,Chiwome,Chiwome,,,0,0,0,0,0,0,0,0,0,0,0,0,0,,,,0.0,0.0,0.0,0.0,0.0,0,0,0
658,a,,,4.2,646,90.0,0,0.0,-3,3.0,1.8,147,23.0,0,0,0.0,649.0,63.0,0,0,0.0,516.0,50.0,0.0,0.0,0.0,284796,253,380962,550,-0.5,-0.5,0.0,0.0,0.0,0.0,0.0,0.0,0.0,0.0,0.0,640.0,63.0,0.0,634.0,62.0,0.0,609.0,62.0,0.0,642.0,63.0,,,,34,,Nathan,Fraser,Fraser,,,0,0,0,0,0,0,0,0,0,0,0,0,0,,,,0.0,0.0,0.0,0.0,0.0,0,0,0
663,u,0.0,0.0,4.9,314,195.0,0,0.0,-6,6.0,0.1,449,152.0,45,0,2.0,346.0,148.0,2,175,0.0,721.0,298.0,0.0,9.2,0.0,20148,0,82476,13,0.0,0.0,3.38,0.62,4.0,16.0,0.27,0.05,0.32,1.29,171.0,314.0,138.0,204.0,182.0,119.0,148.0,215.0,119.0,52.1,273.0,139.0,,,,34,,Jhon,Arias,J.Arias,has joined Palmeiras permanently.,,1117,1,0,2,21,0,0,0,1,0,0,14,125,,,,0.0,0.16,1.69,1.13,10.07,43,24,58
682,a,,,4.2,641,147.0,0,0.0,-3,3.0,0.1,555,198.0,30,1,1.6,402.0,148.0,0,72,0.3,319.0,105.0,0.1,7.1,0.0,5031,3,9701,10,-0.2,-0.2,0.13,1.04,1.17,17.48,0.01,0.11,0.12,1.87,142.0,337.0,128.0,110.8,269.0,76.0,46.0,340.0,111.0,30.0,354.0,119.0,,,,34,,David,Møller Wolfe,Møller Wolfe,,,840,0,2,1,20,0,0,0,1,0,0,9,48,,,,0.0,0.11,2.14,0.96,4.61,9,34,20
13,a,,,3.7,827,265.0,0,0.0,-3,3.0,0.4,278,105.0,0,0,0.0,528.0,185.0,0,0,0.0,361.0,124.0,0.0,0.0,0.0,56841,229,81532,141,1.0,1.0,0.0,0.0,0.0,0.0,0.0,0.0,0.0,0.0,0.0,517.0,184.0,0.0,499.0,183.0,0.0,466.0,177.0,0.0,519.0,184.0,,,,34,,Brayden,Clarke,Clarke,,,0,0,0,0,0,0,0,0,0,0,0,0,0,,,,0.0,0.0,0.0,0.0,0.0,0,0,0
56,u,0.0,0.0,5.0,268,163.0,0,0.0,0,0.0,0.0,827,371.0,0,0,0.0,800.0,352.0,0,0,0.0,751.0,321.0,0.0,0.0,0.0,0,0,35,0,0.0,0.0,0.0,0.0,0.0,0.0,0.0,0.0,0.0,0.0,0.0,799.0,351.0,0.0,797.0,351.0,0.0,792.0,349.0,0.0,799.0,351.0,,,,34,,Enzo,Barrenechea,Barrenechea,Season-long loan to Benfica,,0,0,0,0,0,0,0,0,0,0,0,0,0,,,,0.0,0.0,0.0,0.0,0.0,0,0,0
710,a,,,3.9,781,227.0,0,0.0,-1,1.0,0.2,388,143.0,0,0,0.0,569.0,206.0,0,0,0.0,414.0,155.0,0.0,0.0,0.0,33738,13,23881,33,0.0,0.0,0.0,0.0,0.0,0.0,0.0,0.0,0.0,0.0,0.0,558.0,205.0,0.0,547.0,205.0,0.0,515.0,200.0,0.0,560.0,205.0,,,,34,,Travis,Patterson,Patterson,,,0,0,0,0,0,0,0,0,0,0,0,0,0,,,,0.0,0.0,0.0,0.0,0.0,0,0,0
719,a,100.0,100.0,4.5,419,80.0,0,0.0,0,0.0,0.1,482,175.0,24,0,1.8,371.0,138.0,0,99,0.7,287.0,96.0,0.2,5.3,0.0,22028,29,15805,49,0.7,0.7,0.28,0.07,0.35,11.9,0.04,0.01,0.05,1.62,130.0,347.0,132.0,28.9,387.0,139.0,22.0,387.0,136.0,18.2,394.0,140.0,,,,34,,Victor,Lindelöf,Lindelöf,,,662,0,1,1,10,0,0,0,0,0,0,7,38,,,,0.0,0.14,1.36,0.95,5.17,5,33,14
191,a,100.0,100.0,3.9,772,223.0,0,0.0,-1,1.0,7.0,58,19.0,77,0,2.5,265.0,101.0,0,243,2.7,127.0,49.0,0.7,19.7,0.0,802803,428,2068903,2061,2.2,0.0,0.73,0.58,1.31,62.71,0.02,0.02,0.04,2.11,671.6,46.0,20.0,91.6,297.0,93.0,95.0,278.0,80.0,86.0,154.0,51.0,,,,34,,Maxime,Estève,Estève,,,2672,0,0,3,64,2,0,0,1,0,0,31,326,,,,0.0,0.1,2.16,1.04,10.1,39,261,102
776,a,,,4.5,514,319.0,0,0.0,0,0.0,0.0,791,346.0,0,0,0.0,762.0,324.0,0,0,0.0,679.0,269.0,0.0,0.0,0.0,899,2,715,1,-0.5,0.0,0.0,0.0,0.0,0.0,0.0,0.0,0.0,0.0,0.0,761.0,323.0,0.0,754.0,323.0,0.0,741.0,319.0,0.0,761.0,323.0,,,,34,,Oliver,Pimlott,Pimlott,,,0,0,0,0,0,0,0,0,0,0,0,0,0,,,,0.0,0.0,0.0,0.0,0.0,0,0,0
124,d,50.0,0.0,5.0,243,147.0,0,0.0,0,0.0,0.3,324,111.0,75,0,2.6,254.0,103.0,5,332,0.0,741.0,313.0,0.0,15.0,0.0,100968,10,107319,176,0.0,0.0,0.33,2.25,2.58,25.95,0.02,0.11,0.13,1.29,328.0,202.0,84.0,336.0,101.0,73.0,45.0,341.0,177.0,70.9,209.0,101.0,,,,34,,Jordan,Henderson,Henderson,Knock - 50% chance of playing,,1814,1,3,6,26,0,0,0,4,0,0,21,178,,,,0.0,0.3,1.29,1.04,8.83,26,58,94
142,u,0.0,0.0,4.0,681,47.0,0,0.0,0,0.0,0.0,813,95.0,0,0,0.0,590.0,69.0,0,0,0.0,439.0,59.0,0.0,0.0,0.0,0,0,208,0,0.0,0.0,0.0,0.0,0.0,0.0,0.0,0.0,0.0,0.0,0.0,579.0,69.0,0.0,571.0,57.0,0.0,540.0,43.0,0.0,581.0,69.0,,,,34,,Kjell,Scherpen,Scherpen,Has joined Union SG permanently,,0,0,0,0,0,0,0,0,0,0,0,0,0,,,,0.0,0.0,0.0,0.0,0.0,0,0,0
220,a,100.0,100.0,4.8,354,13.0,0,0.0,-2,2.0,11.7,31,5.0,108,0,3.4,140.0,17.0,7,483,2.0,169.0,15.0,0.4,22.5,0.0,1752998,730,3169499,5288,2.5,0.0,0.0,0.04,0.04,43.03,0.0,0.0,0.0,1.39,753.0,21.0,5.0,50.0,356.0,1.0,0.0,760.0,86.0,79.8,175.0,5.0,,,,34,,Robert,Lynch Sánchez,Sánchez,,,2794,0,1,9,43,0,0,0,3,1,90,32,89,,,,2.9,0.29,1.39,1.03,0.0,2,26,277
829,a,,,4.5,507,315.0,0,0.0,0,0.0,0.0,830,373.0,0,0,0.0,757.0,321.0,0,0,0.0,673.0,266.0,0.0,0.0,0.0,31,10,2,0,0.5,0.0,0.0,0.0,0.0,0.0,0.0,0.0,0.0,0.0,0.0,756.0,320.0,0.0,749.0,320.0,0.0,736.0,316.0,0.0,756.0,320.0,,,,34,,Jesse,Derry,Derry,,,0,0,0,0,0,0,0,0,0,0,0,0,0,,,,0.0,0.0,0.0,0.0,0.0,0,0,0
253,a,,,5.1,224,7.0,0,0.0,1,-1.0,8.2,48,9.0,124,0,3.9,72.0,8.0,7,513,3.0,117.0,12.0,0.6,24.3,0.0,1187499,8712,1065860,4318,3.0,2.5,0.0,0.1,0.1,41.93,0.0,0.0,0.0,1.31,736.6,27.0,7.0,10.0,437.0,15.0,0.0,800.0,92.0,74.6,187.0,8.0,,,,34,,Dean,Henderson,Henderson,,,2880,0,0,11,39,0,1,0,4,0,91,32,80,,,,2.84,0.34,1.22,1.0,0.0,0,50,256
424,a,100.0,100.0,5.1,238,142.0,0,0.0,-4,4.0,0.2,369,125.0,35,1,1.8,381.0,162.0,0,151,1.0,265.0,123.0,0.2,6.9,0.0,92525,24,101574,116,0.0,1.0,1.21,1.58,2.79,10.71,0.13,0.17,0.3,1.17,115.0,367.0,163.0,248.6,156.0,104.0,180.0,181.0,99.0,54.6,267.0,135.0,,,,34,,Oscar,Bobb,Bobb,,,827,0,2,3,12,0,0,0,1,0,0,9,63,,,,0.0,0.33,1.31,0.98,6.86,16,10,37
355,u,0.0,0.0,4.9,316,196.0,0,0.0,-1,1.0,0.0,644,250.0,0,0,0.0,781.0,337.0,0,0,0.0,722.0,299.0,0.0,0.0,0.0,1234,0,10144,0,0.0,0.0,0.0,0.0,0.0,0.0,0.0,0.0,0.0,0.0,0.0,780.0,336.0,0.0,776.0,336.0,0.0,772.0,334.0,0.0,780.0,336.0,,,,34,,Sam,Greenwood,Greenwood,has joined Pogon Szczecin permanently.,,0,0,0,0,0,0,0,0,0,0,0,0,0,,,,0.0,0.0,0.0,0.0,0.0,0,0,0
741,u,0.0,0.0,4.5,496,70.0,0,0.0,0,0.0,0.1,526,73.0,0,0,0.0,748.0,80.0,0,0,0.0,662.0,69.0,0.0,0.0,0.0,27606,0,24730,21,0.0,0.0,0.0,0.0,0.0,0.0,0.0,0.0,0.0,0.0,0.0,746.0,80.0,0.0,739.0,79.0,0.0,726.0,79.0,0.0,746.0,80.0,,,,34,,Harry,Gray,Gray,has joined Rotherham United on loan for the rest of the season.,,0,0,0,0,0,0,0,0,0,0,0,0,0,,,,0.0,0.0,0.0,0.0,0.0,0,0,0
661,i,0.0,0.0,9.1,7,3.0,0,0.0,6,-6.0,18.4,16,4.0,125,0,4.5,35.0,5.0,22,433,0.0,829.0,93.0,0.0,13.7,0.0,9186752,41,9280638,51314,0.0,0.0,10.1,2.45,12.55,26.11,0.51,0.12,0.63,1.31,525.8,86.0,6.0,307.2,119.0,6.0,739.0,16.0,9.0,156.2,35.0,7.0,,,,34,,Hugo,Ekitiké,Ekitiké,Achilles injury - Expected back 01 Jul,,1797,11,4,7,25,0,0,0,0,0,0,21,85,,,,0.0,0.35,1.25,1.05,4.26,11,32,42
467,a,,,4.2,650,91.0,0,0.0,-3,3.0,1.4,171,26.0,0,0,0.0,651.0,64.0,0,0,0.0,519.0,51.0,0.0,0.0,0.0,274530,106,386285,388,0.0,0.5,0.0,0.0,0.0,0.0,0.0,0.0,0.0,0.0,0.0,642.0,64.0,0.0,636.0,63.0,0.0,611.0,63.0,0.0,644.0,64.0,,,,34,,Chido,Obi,Obi,,,0,0,0,0,0,0,0,0,0,0,0,0,0,,,,0.0,0.0,0.0,0.0,0.0,0,0,0
471,a,,,3.9,750,71.0,0,0.0,-1,1.0,0.1,446,65.0,0,0,0.0,549.0,44.0,0,0,0.0,390.0,31.0,0.0,0.0,0.0,7030,11,11167,20,0.0,-1.0,0.0,0.0,0.0,0.0,0.0,0.0,0.0,0.0,0.0,538.0,44.0,0.0,524.0,26.0,0.0,492.0,12.0,0.0,540.0,44.0,,,,34,,Mark,Gillespie,Gillespie,,,0,0,0,0,0,0,0,0,0,0,0,0,0,,,,0.0,0.0,0.0,0.0,0.0,0,0,0
670,a,100.0,100.0,4.8,370,15.0,0,0.0,3,-3.0,8.6,46,8.0,122,0,3.9,70.0,7.0,12,506,4.0,73.0,7.0,0.8,25.4,0.0,2338483,3519,1442104,5999,4.5,4.0,0.0,0.1,0.1,45.78,0.0,0.0,0.0,1.48,791.2,14.0,4.0,40.0,370.0,2.0,0.0,764.0,88.0,83.0,164.0,3.0,,,,34,,Robin,Roefs,Roefs,,,2790,0,0,9,43,0,1,0,3,0,97,31,110,,,,3.13,0.29,1.39,1.0,0.0,0,33,302
374,a,100.0,100.0,5.5,138,16.0,0,0.0,0,0.0,4.2,93,31.0,125,4,3.9,73.0,28.0,8,512,4.7,55.0,24.0,0.9,22.7,0.0,902793,1335,812862,4451,4.7,5.2,1.05,0.93,1.98,34.94,0.03,0.03,0.06,1.14,719.4,34.0,13.0,143.8,234.0,60.0,96.0,277.0,79.0,96.2,127.0,37.0,,,,34,,Ibrahima,Konaté,Konaté,,,2750,1,0,10,36,0,0,0,6,0,0,32,301,,,,0.0,0.33,1.18,1.05,9.03,50,226,104
379,a,,,3.7,822,260.0,0,0.0,-3,3.0,0.5,258,98.0,0,0,0.0,525.0,182.0,0,0,0.0,356.0,119.0,0.0,0.0,0.0,100597,93,65438,306,0.0,0.5,0.0,0.0,0.0,0.0,0.0,0.0,0.0,0.0,0.0,514.0,181.0,0.0,495.0,179.0,0.0,461.0,172.0,0.0,516.0,181.0,,,,34,,Rhys,Williams,R.Williams,,,0,0,0,0,0,0,0,0,0,0,0,0,0,,,,0.0,0.0,0.0,0.0,0.0,0,0,0
380,a,,,3.7,824,262.0,0,0.0,-3,3.0,0.3,349,125.0,0,0,0.0,526.0,183.0,0,0,0.0,358.0,121.0,0.0,0.0,0.0,32039,238,33696,84,0.0,0.5,0.0,0.0,0.0,0.0,0.0,0.0,0.0,0.0,0.0,515.0,182.0,0.0,496.0,180.0,0.0,463.0,174.0,0.0,517.0,182.0,,,,34,,Calvin,Ramsay,Ramsay,,,0,0,0,0,0,0,0,0,0,0,0,0,0,,,,0.0,0.0,0.0,0.0,0.0,0,0,0
653,u,0.0,0.0,4.5,427,254.0,0,0.0,0,0.0,0.0,668,267.0,0,0,0.0,702.0,274.0,0,0,0.0,603.0,208.0,0.0,0.0,0.0,0,0,5802,2,0.0,0.0,0.0,0.0,0.0,0.0,0.0,0.0,0.0,0.0,0.0,696.0,268.0,0.0,691.0,271.0,0.0,673.0,263.0,0.0,698.0,270.0,,,,34,,Joe,Hodge,Hodge,Signed by CD Tondela,,0,0,0,0,0,0,0,0,0,0,0,0,0,,,,0.0,0.0,0.0,0.0,0.0,0,0,0
655,u,0.0,0.0,4.9,326,61.0,0,0.0,-1,1.0,0.2,405,61.0,0,0,0.0,787.0,87.0,0,0,0.0,729.0,78.0,0.0,0.0,0.0,7178,0,55485,6,0.0,0.0,0.0,0.0,0.0,0.0,0.0,0.0,0.0,0.0,0.0,786.0,87.0,0.0,782.0,86.0,0.0,778.0,86.0,0.0,786.0,87.0,,,,34,,Fábio,Soares Silva,Fábio Silva,has joined Borussia Dortmund permanently.,,0,0,0,0,0,0,0,0,0,0,0,0,0,,,,0.0,0.0,0.0,0.0,0.0,0,0,0
656,u,0.0,0.0,4.9,318,59.0,0,0.0,-1,1.0,0.0,593,81.0,1,0,1.0,495.0,59.0,0,1,0.0,724.0,77.0,0.0,0.2,0.0,1691,0,10179,5,0.0,0.0,0.0,0.01,0.01,0.1,0.0,0.06,0.06,0.64,1.0,507.0,61.0,4.3,451.0,58.0,2.0,455.0,61.0,0.7,496.0,61.0,,,,34,,Saša,Kalajdžić,Kalajdžić,has joined LASK on loan for the rest of the season.,,14,0,0,0,0,0,0,0,0,0,0,0,2,,,,0.0,0.0,0.0,0.0,12.86,0,1,1
695,a,,,4.4,555,119.0,0,0.0,-1,1.0,0.0,630,225.0,52,1,1.7,393.0,145.0,0,155,0.3,328.0,109.0,0.1,11.8,0.0,7186,8,6620,29,-0.2,-0.2,0.33,1.61,1.94,30.68,0.02,0.08,0.1,1.51,316.2,211.0,82.0,346.1,95.0,24.0,69.0,309.0,95.0,73.2,195.0,67.0,,,,34,,Jackson,Tchatchoua,Tchatchoua,,,1834,0,1,3,37,0,0,0,3,0,0,19,133,,,,0.0,0.15,1.82,0.93,5.3,29,79,62
49,a,100.0,100.0,5.5,139,86.0,0,0.0,0,0.0,0.1,467,160.0,14,1,1.4,429.0,188.0,0,44,0.3,347.0,160.0,0.1,2.5,0.0,9167,57,51879,63,0.3,0.3,0.31,1.21,1.52,5.54,0.08,0.31,0.39,1.42,55.2,416.0,181.0,123.1,257.0,159.0,59.0,328.0,171.0,23.8,375.0,177.0,4.0,,,34,,Leon,Bailey,Bailey,,,350,0,1,0,8,0,0,0,1,0,0,2,35,,,,0.0,0.0,2.06,0.51,9.0,7,3,25
58,i,0.0,0.0,4.9,311,193.0,0,0.0,-1,1.0,0.2,399,134.0,61,0,3.4,141.0,59.0,7,282,0.0,720.0,297.0,0.0,12.4,0.0,111469,2,120877,48,0.0,0.0,0.53,0.84,1.36,20.8,0.03,0.05,0.08,1.33,325.0,203.0,85.0,241.3,161.0,108.0,75.0,302.0,161.0,64.2,230.0,111.0,,,,34,,Boubacar,Kamara,Kamara,Knee injury - Expected back 01 Jun,,1410,1,3,5,15,0,0,0,5,0,0,17,149,,,,0.0,0.32,0.96,1.09,9.51,38,46,65
185,a,,,3.9,746,67.0,0,0.0,-1,1.0,0.2,417,59.0,0,0,0.0,547.0,42.0,0,0,0.0,388.0,29.0,0.0,0.0,0.0,15501,4,21979,31,-0.5,0.0,0.0,0.0,0.0,0.0,0.0,0.0,0.0,0.0,0.0,536.0,42.0,0.0,520.0,22.0,0.0,488.0,8.0,0.0,538.0,42.0,,,,34,,Václav,Hladký,Hladký,,,0,0,0,0,0,0,0,0,0,0,0,0,0,,,,0.0,0.0,0.0,0.0,0.0,0,0,0
186,i,0.0,0.0,4.3,582,127.0,0,0.0,-2,2.0,0.0,658,233.0,0,0,0.0,654.0,253.0,0,0,0.0,525.0,222.0,0.0,0.0,0.0,1777,6,9400,3,0.0,0.0,0.0,0.0,0.0,0.0,0.0,0.0,0.0,0.0,0.0,644.0,253.0,0.0,639.0,253.0,0.0,614.0,252.0,0.0,646.0,253.0,,,,34,,Connor,Roberts,Roberts,Achilles injury - Unknown return date,,0,0,0,0,0,0,0,0,0,0,0,0,0,,,,0.0,0.0,0.0,0.0,0.0,0,0,0
87,a,100.0,100.0,4.9,291,180.0,0,0.0,-1,1.0,0.2,400,135.0,48,0,2.0,345.0,147.0,2,208,2.0,170.0,70.0,0.4,9.8,0.0,31897,59,23972,303,2.0,0.0,1.81,0.76,2.57,17.93,0.18,0.07,0.25,1.76,219.0,273.0,113.0,182.8,199.0,130.0,220.0,141.0,81.0,62.6,237.0,117.0,6.0,,,34,,Ryan,Christie,Christie,,,916,2,1,3,14,0,0,0,3,0,0,8,114,,,,0.0,0.29,1.38,0.79,11.2,24,32,58
88,d,50.0,25.0,4.9,290,179.0,0,0.0,-1,1.0,0.0,633,244.0,38,0,2.4,287.0,121.0,0,184,0.0,710.0,290.0,0.0,7.8,0.0,11810,7,11300,22,0.0,0.0,0.07,0.52,0.59,13.49,0.01,0.05,0.06,1.4,206.0,284.0,118.0,183.3,198.0,129.0,12.0,411.0,201.0,40.4,317.0,155.0,4.0,,,34,,Lewis,Cook,Cook,Lack of match fitness - 50% chance of playing,,870,0,1,1,18,0,0,0,1,1,0,8,143,,,,0.0,0.1,1.86,0.83,14.79,25,56,62
89,u,0.0,0.0,4.9,293,182.0,0,0.0,-1,1.0,0.0,680,273.0,0,0,0.0,777.0,334.0,0,0,0.0,712.0,292.0,0.0,0.0,0.0,598,0,6642,0,0.0,0.0,0.0,0.0,0.0,0.0,0.0,0.0,0.0,0.0,0.0,776.0,333.0,0.0,772.0,333.0,0.0,768.0,331.0,0.0,776.0,333.0,,,,34,,Philip,Billing,Philip,has joined Midtjylland permanently.,,0,0,0,0,0,0,0,0,0,0,0,0,0,,,,0.0,0.0,0.0,0.0,0.0,0,0,0
685,a,100.0,100.0,4.1,657,157.0,0,0.0,-4,4.0,0.3,340,122.0,46,0,2.6,249.0,99.0,2,164,0.0,502.0,211.0,0.0,11.2,0.0,99445,36,98941,40,0.0,0.0,0.02,0.19,0.21,22.47,0.0,0.01,0.01,1.59,267.0,246.0,97.0,54.3,348.0,121.0,22.0,385.0,134.0,34.4,339.0,113.0,,,,34,,Bafodé,Diakité,Diakité,,,1275,0,0,4,27,0,0,0,1,0,0,15,147,,,,0.0,0.28,1.91,1.06,8.26,20,97,48
111,a,100.0,100.0,4.2,636,144.0,0,0.0,-3,3.0,0.1,444,166.0,14,0,3.5,118.0,41.0,2,53,0.0,511.0,215.0,0.0,3.3,0.0,16424,22,28854,39,0.0,-0.5,0.01,0.06,0.07,3.7,0.0,0.02,0.02,1.05,88.6,387.0,144.0,1.2,474.0,172.0,33.0,362.0,121.0,12.3,416.0,147.0,,,,34,,Ethan,Pinnock,Pinnock,,,318,0,0,1,5,1,0,0,1,0,0,4,46,,,,0.0,0.28,1.42,1.13,11.89,5,37,11
112,u,0.0,0.0,4.5,425,85.0,0,0.0,0,0.0,0.0,721,250.0,0,0,0.0,701.0,259.0,0,0,0.0,602.0,242.0,0.0,0.0,0.0,211,0,3933,0,0.0,0.0,0.0,0.0,0.0,0.0,0.0,0.0,0.0,0.0,0.0,695.0,259.0,0.0,690.0,259.0,0.0,672.0,259.0,0.0,697.0,259.0,,,,34,,Mads,Roerslev Rasmussen,Roerslev,Has joined Southampton permanently.,,0,0,0,0,0,0,0,0,0,0,0,0,0,,,,0.0,0.0,0.0,0.0,0.0,0,0,0
127,u,0.0,0.0,4.9,341,212.0,0,0.0,-1,1.0,0.0,727,301.0,0,0,0.0,790.0,344.0,0,0,0.0,736.0,309.0,0.0,0.0,0.0,1544,0,2358,2,0.0,0.0,0.0,0.0,0.0,0.0,0.0,0.0,0.0,0.0,0.0,789.0,343.0,0.0,785.0,343.0,0.0,781.0,341.0,0.0,789.0,343.0,,,,34,,Gustavo,Nunes Fernandes Gomes,Nunes,has joined Swansea City on loan for the rest of the season.,,0,0,0,0,0,0,0,0,0,0,0,0,0,,,,0.0,0.0,0.0,0.0,0.0,0,0,0
810,a,,,4.5,471,286.0,0,0.0,0,0.0,0.0,795,350.0,0,0,0.0,729.0,299.0,0,0,0.0,637.0,237.0,0.0,0.0,0.0,444,2,230,1,0.0,-0.5,0.0,0.0,0.0,0.0,0.0,0.0,0.0,0.0,0.0,726.0,296.0,0.0,720.0,297.0,0.0,705.0,291.0,0.0,727.0,297.0,,,,34,,Luka,Bentt,Bentt,,,0,0,0,0,0,0,0,0,0,0,0,0,0,,,,0.0,0.0,0.0,0.0,0.0,0,0,0
273,a,100.0,100.0,5.0,269,164.0,0,0.0,0,0.0,0.6,253,88.0,94,2,3.2,175.0,71.0,6,441,1.0,263.0,121.0,0.2,18.8,0.0,181466,351,190930,306,1.0,0.5,1.33,6.46,7.78,34.55,0.05,0.25,0.3,1.36,406.0,154.0,54.0,590.4,30.0,28.0,155.0,206.0,113.0,115.4,86.0,52.0,2.0,,,34,,Adam,Wharton,Wharton,,,2281,0,6,8,36,0,0,0,4,1,0,27,263,,,,0.0,0.32,1.42,1.07,10.38,60,65,138
274,a,,,4.3,614,362.0,0,0.0,-2,2.0,0.1,497,178.0,0,0,0.0,663.0,252.0,0,0,0.0,546.0,179.0,0.0,0.0,0.0,15422,24,12834,58,0.0,-0.5,0.0,0.0,0.0,0.0,0.0,0.0,0.0,0.0,0.0,653.0,242.0,0.0,649.0,247.0,0.0,626.0,236.0,0.0,655.0,244.0,,,,34,,Asher,Agbinone,Agbinone,,,0,0,0,0,0,0,0,0,0,0,0,0,0,,,,0.0,0.0,0.0,0.0,0.0,0,0,0
275,u,0.0,0.0,4.3,592,349.0,0,0.0,-2,2.0,0.0,629,242.0,0,0,0.0,655.0,245.0,0,0,0.0,530.0,169.0,0.0,0.0,0.0,5497,0,7902,3,0.0,0.0,0.0,0.0,0.0,0.0,0.0,0.0,0.0,0.0,0.0,645.0,235.0,0.0,640.0,240.0,0.0,615.0,227.0,0.0,647.0,237.0,,,,34,,Naouirou,Ahamada,Ahamada,has joined AJ Auxerre permanently.,,0,0,0,0,0,0,0,0,0,0,0,0,0,,,,0.0,0.0,0.0,0.0,0.0,0,0,0
276,a,100.0,100.0,4.3,596,351.0,0,0.0,-2,2.0,1.1,189,64.0,30,0,1.6,404.0,171.0,0,84,0.3,323.0,148.0,0.1,7.0,0.0,294990,179,361809,516,0.3,-0.2,2.38,0.36,2.74,10.1,0.35,0.05,0.4,1.5,86.8,390.0,173.0,95.2,292.0,172.0,164.0,194.0,106.0,34.6,338.0,164.0,,2.0,4.0,34,,Justin,Devenny,Devenny,,,605,1,0,1,10,0,0,0,0,0,0,5,49,,,,0.0,0.15,1.49,0.74,7.29,16,8,25
277,u,0.0,0.0,4.5,436,259.0,0,0.0,0,0.0,0.0,807,356.0,0,0,0.0,706.0,278.0,0,0,0.0,610.0,213.0,0.0,0.0,0.0,0,0,750,0,0.0,0.0,0.0,0.0,0.0,0.0,0.0,0.0,0.0,0.0,0.0,700.0,272.0,0.0,696.0,275.0,0.0,679.0,268.0,0.0,702.0,274.0,,,,34,,Malcolm,Ebiowei,Ebiowei,Has joined Blackpool permanently.,,0,0,0,0,0,0,0,0,0,0,0,0,0,,,,0.0,0.0,0.0,0.0,0.0,0,0,0
283,a,100.0,100.0,7.6,21,7.0,0,0.0,1,-1.0,7.5,55,10.0,100,2,3.7,105.0,8.0,12,337,5.0,50.0,8.0,0.7,13.2,0.0,4900683,4503,5173962,4954,5.0,4.5,13.37,1.28,14.65,27.88,0.58,0.06,0.64,1.22,491.6,108.0,10.0,134.3,245.0,27.0,742.0,13.0,8.0,136.2,55.0,12.0,,,2.0,34,,Jean-Philippe,Mateta,Mateta,,,2059,10,0,8,25,0,0,0,2,0,0,24,121,,,,0.0,0.35,1.09,1.05,5.29,9,55,57
284,i,0.0,0.0,5.4,162,39.0,0,0.0,-1,1.0,0.3,334,55.0,23,0,1.9,360.0,41.0,3,100,0.0,784.0,84.0,0.0,4.3,0.0,124664,14,147048,41,0.0,0.0,1.77,0.46,2.23,9.49,0.38,0.1,0.48,2.06,120.0,357.0,37.0,84.6,303.0,35.0,173.0,187.0,41.0,37.8,326.0,37.0,,,,34,,Eddie,Nketiah,Nketiah,Hamstring injury - Expected back 01 Jun,,414,2,0,0,12,0,0,0,2,0,0,2,38,,,,0.0,0.0,2.61,0.43,8.26,8,13,17
285,u,0.0,0.0,5.0,248,53.0,0,0.0,0,0.0,0.2,375,60.0,1,0,1.0,499.0,60.0,0,6,0.0,742.0,80.0,0.0,0.2,0.0,9044,0,89654,11,0.0,0.0,0.0,0.0,0.0,0.27,0.0,0.0,0.0,12.15,2.0,498.0,57.0,0.0,790.0,88.0,0.0,785.0,88.0,0.2,510.0,62.0,,,,34,,Odsonne,Édouard,Édouard,has joined RC Lens permanently.,,2,0,0,0,0,0,0,0,0,0,0,0,1,,,,0.0,0.0,0.0,0.0,45.0,1,0,0
677,i,0.0,0.0,6.2,76,50.0,0,0.0,-3,3.0,0.0,602,228.0,42,0,2.2,319.0,138.0,0,137,0.0,814.0,362.0,0.0,6.8,0.0,11331,6,15537,52,0.0,0.0,1.56,0.75,2.31,12.74,0.16,0.08,0.24,1.3,156.8,327.0,148.0,75.8,314.0,175.0,183.0,175.0,96.0,41.2,311.0,152.0,,,,34,,Evann,Guessand,Guessand,Knee injury - Expected back 10 May,,880,1,3,2,15,0,0,0,0,0,0,9,81,,,,0.0,0.2,1.53,0.92,8.28,24,15,42
690,a,100.0,100.0,4.4,569,342.0,0,0.0,-1,1.0,0.3,348,120.0,0,0,0.0,690.0,268.0,0,0,0.0,585.0,200.0,0.0,0.0,0.0,58341,6,56114,14,0.0,-0.5,0.0,0.0,0.0,0.0,0.0,0.0,0.0,0.0,0.0,684.0,262.0,0.0,679.0,265.0,0.0,660.0,257.0,0.0,686.0,264.0,,,,34,,Rio,Cardines,Cardines,,,0,0,0,0,0,0,0,0,0,0,0,0,0,,,,0.0,0.0,0.0,0.0,0.0,0,0,0
712,a,100.0,100.0,5.8,108,69.0,0,0.0,-2,2.0,0.2,402,136.0,70,1,2.3,309.0,132.0,3,297,1.3,233.0,105.0,0.2,12.1,0.0,130599,57,115810,100,1.3,0.8,4.15,5.72,9.87,25.75,0.2,0.27,0.47,1.23,293.2,225.0,95.0,661.8,22.0,21.0,344.0,80.0,45.0,129.7,61.0,39.0,,1.0,,34,,Yéremy,Pino Santos,Yeremy,,,1880,2,1,7,22,0,0,0,4,0,0,23,155,,,,0.0,0.34,1.05,1.1,7.42,34,26,95
723,a,100.0,100.0,4.5,515,98.0,0,0.0,0,0.0,0.2,376,137.0,65,3,4.1,53.0,22.0,9,200,5.7,27.0,14.0,1.3,14.4,0.0,31117,964,8667,331,5.7,5.2,1.17,0.29,1.46,16.9,0.11,0.03,0.14,1.57,297.4,224.0,88.0,45.8,363.0,129.0,36.0,356.0,118.0,37.8,325.0,110.0,,,,34,,Jaydee,Canvot,Canvot,,,971,0,0,5,13,0,0,0,2,0,0,10,134,,,,0.0,0.46,1.2,0.93,12.42,33,101,41
325,a,100.0,100.0,5.6,126,78.0,0,0.0,-4,4.0,0.5,267,92.0,72,3,2.2,318.0,137.0,1,304,2.3,158.0,65.0,0.4,12.9,0.0,166417,140,222468,252,1.3,2.3,4.46,1.08,5.54,26.9,0.25,0.06,0.31,1.48,269.4,243.0,104.0,310.8,117.0,82.0,354.0,77.0,44.0,93.4,137.0,75.0,,,,34,,Emile,Smith Rowe,Smith Rowe,,,1638,3,1,5,23,0,0,0,1,0,0,18,126,,,,0.0,0.27,1.26,0.99,6.92,28,39,59
664,a,,,3.9,751,72.0,0,0.0,-1,1.0,0.7,234,31.0,0,0,0.0,550.0,45.0,0,0,0.0,391.0,32.0,0.0,0.0,0.0,43952,35,57407,112,-1.0,0.0,0.0,0.0,0.0,0.0,0.0,0.0,0.0,0.0,0.0,539.0,45.0,0.0,525.0,27.0,0.0,493.0,13.0,0.0,541.0,45.0,,,,34,,Benjamin,Lecomte,Lecomte,,,0,0,0,0,0,0,0,0,0,0,0,0,0,,,,0.0,0.0,0.0,0.0,0.0,0,0,0
388,a,100.0,100.0,5.4,163,102.0,0,0.0,-1,1.0,0.1,462,158.0,66,7,2.2,317.0,136.0,3,359,4.0,76.0,26.0,0.7,12.2,0.0,30336,110,35690,52,4.0,4.5,1.49,2.58,4.07,25.19,0.09,0.15,0.24,1.45,306.8,217.0,90.0,354.4,89.0,65.0,187.0,173.0,94.0,84.8,160.0,84.0,,,,34,,Curtis,Jones,C.Jones,,,1563,0,3,3,28,0,0,0,1,0,0,14,199,,,,0.0,0.17,1.61,0.81,11.46,34,42,123
390,a,100.0,100.0,5.5,144,90.0,0,0.0,0,0.0,4.1,96,31.0,128,1,4.0,63.0,29.0,14,597,1.3,231.0,104.0,0.2,23.3,0.0,2078190,427,1690202,5728,1.3,1.8,1.66,2.1,3.76,33.59,0.06,0.07,0.13,1.13,607.6,56.0,14.0,438.5,60.0,50.0,174.0,186.0,103.0,121.7,78.0,49.0,,,,34,,Ryan,Gravenberch,Gravenberch,,,2664,4,5,9,35,0,0,0,5,0,0,30,275,,,,0.0,0.3,1.18,1.01,9.29,53,102,120
392,i,0.0,0.0,4.9,292,181.0,0,0.0,-1,1.0,0.1,520,189.0,12,0,1.5,412.0,177.0,0,49,0.0,711.0,291.0,0.0,2.4,0.0,7398,1,15426,5,0.0,0.0,0.04,0.05,0.09,4.11,0.02,0.03,0.05,2.18,56.0,415.0,180.0,18.1,407.0,202.0,6.0,435.0,210.0,8.0,432.0,194.0,,,,34,,Endo,Wataru,Endo,Foot injury - Expected back 24 May,,170,0,1,1,5,0,0,0,1,0,0,1,23,,,,0.0,0.53,2.65,0.53,12.18,7,13,3
393,i,0.0,0.0,4.2,647,372.0,0,0.0,-3,3.0,0.1,494,175.0,0,0,0.0,650.0,244.0,0,0,0.0,517.0,166.0,0.0,0.0,0.0,19698,517,15087,213,0.0,0.0,0.0,0.0,0.0,0.0,0.0,0.0,0.0,0.0,0.0,641.0,234.0,0.0,635.0,239.0,0.0,610.0,226.0,0.0,643.0,236.0,,,,34,,Stefan,Bajčetić Maquieira,Bajcetic,Hamstring injury - Unknown return date,,0,0,0,0,0,0,0,0,0,0,0,0,0,,,,0.0,0.0,0.0,0.0,0.0,0,0,0
404,u,0.0,0.0,5.4,164,19.0,0,0.0,-1,1.0,0.3,351,127.0,0,0,0.0,810.0,267.0,0,0,0.0,785.0,261.0,0.0,0.0,0.0,9281,0,85689,5,0.0,0.0,0.0,0.0,0.0,0.0,0.0,0.0,0.0,0.0,0.0,809.0,267.0,0.0,808.0,267.0,0.0,806.0,267.0,0.0,809.0,267.0,,,,34,,Manuel,Akanji,Akanji,has joined Inter Milan on loan for the rest of the season.,,0,0,0,0,0,0,0,0,0,0,0,0,0,,,,0.0,0.0,0.0,0.0,0.0,0,0,0
405,a,,,5.2,202,27.0,0,0.0,-3,3.0,0.6,245,93.0,28,0,1.9,358.0,131.0,1,117,0.3,344.0,116.0,0.1,5.4,0.0,46944,69,88874,77,0.8,0.0,0.28,0.44,0.72,7.92,0.05,0.08,0.13,1.46,104.0,373.0,140.0,93.1,294.0,91.0,25.0,378.0,131.0,22.3,381.0,132.0,,,,34,,Nathan,Aké,Aké,,,488,0,0,2,7,0,0,0,1,0,0,4,42,,,,0.0,0.37,1.29,0.74,7.19,9,30,12
406,a,100.0,100.0,5.4,181,22.0,0,0.0,-1,1.0,0.6,252,96.0,56,0,3.1,197.0,79.0,3,249,7.0,12.0,5.0,1.3,10.4,0.0,88833,3580,83885,315,7.5,0.0,0.58,0.37,0.95,15.45,0.05,0.03,0.08,1.2,246.6,254.0,100.0,100.0,288.0,88.0,19.0,394.0,141.0,36.8,333.0,112.0,,,,34,,Abdukodir,Khusanov,Khusanov,,,1157,0,0,5,9,0,0,0,2,0,0,12,115,,,,0.0,0.39,0.7,0.93,8.25,23,83,60
428,a,100.0,100.0,5.0,279,172.0,0,0.0,0,0.0,0.0,713,291.0,0,0,0.0,803.0,354.0,0,0,0.0,757.0,326.0,0.0,0.0,0.0,277,1,2658,6,0.5,0.0,0.0,0.0,0.0,0.0,0.0,0.0,0.0,0.0,0.0,802.0,353.0,0.0,800.0,353.0,0.0,795.0,351.0,0.0,802.0,353.0,,,,34,,Sverre,Nypan,Nypan,,,0,0,0,0,0,0,0,0,0,0,0,0,0,,,,0.0,0.0,0.0,0.0,0.0,0,0,0
739,u,0.0,0.0,4.4,570,343.0,0,0.0,-1,1.0,0.0,698,282.0,2,0,1.0,479.0,212.0,0,5,0.0,586.0,201.0,0.0,0.5,0.0,3500,0,3332,2,0.0,0.0,0.0,0.21,0.21,0.34,0.0,0.76,0.76,1.22,4.2,485.0,220.0,28.3,388.0,195.0,4.0,439.0,214.0,3.7,464.0,208.0,,,,34,,Divine,Mukasa,Mukasa,has joined Leicester City on loan for the rest of the season.,,25,0,0,0,0,0,0,0,0,0,0,0,1,,,,0.0,0.0,0.0,0.0,3.6,0,0,1
740,u,0.0,0.0,3.9,785,228.0,0,0.0,-1,1.0,0.0,624,223.0,0,0,0.0,573.0,207.0,0,0,0.0,418.0,156.0,0.0,0.0,0.0,3208,0,3994,3,0.0,0.0,0.0,0.0,0.0,0.0,0.0,0.0,0.0,0.0,0.0,562.0,206.0,0.0,551.0,206.0,0.0,519.0,201.0,0.0,564.0,206.0,,,,34,,Stephen,Mfuni,Mfuni,has joined Watford on loan for the rest of the season.,,0,0,0,0,0,0,0,0,0,0,0,0,0,,,,0.0,0.0,0.0,0.0,0.0,0,0,0
742,a,,,4.5,505,313.0,0,0.0,0,0.0,0.0,734,306.0,0,0,0.0,755.0,319.0,0,0,0.0,671.0,264.0,0.0,0.0,0.0,1626,11,1403,3,0.5,0.0,0.0,0.0,0.0,0.0,0.0,0.0,0.0,0.0,0.0,754.0,318.0,0.0,747.0,318.0,0.0,734.0,314.0,0.0,754.0,318.0,,,,34,,Ryan,McAidoo,McAidoo,,,0,0,0,0,0,0,0,0,0,0,0,0,0,,,,0.0,0.0,0.0,0.0,0.0,0,0,0
434,a,,,3.8,792,93.0,0,0.0,-2,2.0,0.4,288,36.0,0,0,0.0,530.0,39.0,0,0,0.0,363.0,25.0,0.0,0.0,0.0,38800,1167,29789,276,0.0,0.5,0.0,0.0,0.0,0.0,0.0,0.0,0.0,0.0,0.0,519.0,39.0,0.0,501.0,18.0,0.0,468.0,4.0,0.0,521.0,39.0,,,,34,,Tom,Heaton,Heaton,,,0,0,0,0,0,0,0,0,0,0,0,0,0,,,,0.0,0.0,0.0,0.0,0.0,0,0,0
435,a,,,3.9,769,82.0,0,0.0,-1,1.0,0.1,490,73.0,0,0,0.0,560.0,53.0,0,0,0.0,404.0,41.0,0.0,0.0,0.0,5663,11,9233,15,0.0,0.5,0.0,0.0,0.0,0.0,0.0,0.0,0.0,0.0,0.0,549.0,53.0,0.0,537.0,37.0,0.0,505.0,23.0,0.0,551.0,53.0,,,,34,,Dermot,Mee,Mee,,,0,0,0,0,0,0,0,0,0,0,0,0,0,,,,0.0,0.0,0.0,0.0,0.0,0,0,0
436,i,0.0,0.0,4.9,305,48.0,0,0.0,-1,1.0,1.8,149,58.0,43,0,3.3,151.0,58.0,5,169,0.0,718.0,253.0,0.0,8.8,0.0,419793,10,551587,131,0.0,0.0,1.38,0.83,2.21,18.73,0.11,0.06,0.17,1.44,276.6,237.0,94.0,60.2,342.0,116.0,122.0,246.0,65.0,45.7,297.0,99.0,,,,34,,Matthijs,de Ligt,De Ligt,Back injury - Unknown return date,,1170,1,0,1,20,0,0,0,0,0,0,13,139,,,,0.0,0.08,1.54,1.0,8.23,19,88,40
437,s,0.0,0.0,4.8,357,61.0,0,0.0,-2,2.0,0.4,283,106.0,36,0,2.4,284.0,107.0,3,169,-1.0,830.0,268.0,-0.2,7.5,0.0,170034,8,153726,362,0.0,0.0,0.06,0.56,0.62,11.3,0.01,0.05,0.06,1.06,232.4,264.0,107.0,80.6,311.0,101.0,10.0,420.0,158.0,32.5,344.0,115.0,,,,34,,Lisandro,Martínez,Martinez,Suspended until 09 May,,959,0,0,3,13,1,0,0,0,1,0,10,80,,,,0.0,0.28,1.22,0.94,7.51,13,67,57
443,a,100.0,100.0,4.5,413,77.0,0,0.0,0,0.0,0.9,201,78.0,88,0,2.7,235.0,92.0,3,357,3.7,81.0,35.0,0.8,19.6,0.0,216215,416,149141,642,3.7,4.2,0.54,1.55,2.08,38.98,0.02,0.05,0.07,1.25,465.0,123.0,54.0,289.9,128.0,32.0,70.0,307.0,93.0,82.6,165.0,54.0,,,,34,,Luke,Shaw,Shaw,,,2797,0,1,7,41,0,0,0,6,0,0,33,217,,,,0.0,0.23,1.32,1.06,5.98,63,123,93
444,d,75.0,75.0,4.1,660,158.0,0,0.0,-4,4.0,1.3,178,69.0,53,0,1.8,366.0,134.0,1,184,1.0,246.0,82.0,0.2,12.9,0.0,227663,20,319290,614,0.8,1.1,1.34,0.59,1.93,26.43,0.07,0.03,0.1,1.4,317.6,208.0,80.0,82.8,309.0,99.0,124.0,244.0,63.0,52.3,272.0,87.0,,,,34,,Leny,Yoro,Yoro,Knock - 75% chance of playing,,1696,0,1,2,32,0,0,0,1,0,0,18,173,,,,0.0,0.11,1.7,0.96,8.01,29,122,73
461,a,,,4.3,612,361.0,0,0.0,-2,2.0,0.0,604,230.0,0,0,0.0,662.0,251.0,0,0,0.0,544.0,178.0,0.0,0.0,0.0,3680,13,5244,8,0.0,0.5,0.0,0.0,0.0,0.0,0.0,0.0,0.0,0.0,0.0,652.0,241.0,0.0,648.0,246.0,0.0,625.0,235.0,0.0,654.0,243.0,,,,34,,Jayce,Fitzgerald,Fitzgerald,,,0,0,0,0,0,0,0,0,0,0,0,0,0,,,,0.0,0.0,0.0,0.0,0.0,0,0,0
486,a,100.0,100.0,6.5,53,34.0,0,0.0,-5,5.0,2.7,119,37.0,46,1,1.5,420.0,183.0,0,174,1.3,240.0,110.0,0.2,7.1,0.0,581560,325,1196722,504,1.3,0.3,1.44,1.71,3.15,20.47,0.1,0.12,0.22,1.45,129.4,349.0,157.0,265.5,147.0,98.0,179.0,183.0,101.0,57.1,255.0,125.0,5.0,,,34,,Anthony,Elanga,Elanga,,,1273,0,1,2,27,0,0,0,0,0,0,14,54,,,,0.0,0.14,1.91,0.99,3.82,14,9,31
487,a,,,6.1,81,53.0,0,0.0,-4,4.0,1.1,192,66.0,87,1,2.6,260.0,108.0,8,276,1.3,237.0,107.0,0.2,14.3,0.0,759521,463,706333,1042,1.3,0.3,6.1,2.32,8.42,28.13,0.31,0.12,0.43,1.42,302.0,222.0,93.0,318.4,111.0,78.0,605.0,27.0,12.0,122.1,77.0,48.0,,,,34,,Harvey,Barnes,Barnes,,,1781,5,0,5,28,0,0,0,1,0,0,18,96,,,,0.0,0.25,1.41,0.91,4.85,13,20,63
500,a,100.0,100.0,5.4,179,42.0,0,0.0,-1,1.0,0.5,259,38.0,50,2,2.5,274.0,30.0,7,177,6.3,19.0,4.0,1.2,9.3,0.0,125073,2472,96118,1207,6.3,5.3,2.02,0.15,2.17,10.74,0.35,0.03,0.38,1.86,152.0,330.0,33.0,55.8,347.0,43.0,169.0,192.0,42.0,37.5,328.0,38.0,,,,34,,William,Osula,Osula,,,519,4,1,1,11,0,0,0,0,0,0,4,24,,,,0.0,0.17,1.91,0.69,4.16,3,2,19
501,a,,,4.3,618,87.0,0,0.0,-2,2.0,0.3,354,58.0,0,0,0.0,665.0,67.0,0,0,0.0,548.0,56.0,0.0,0.0,0.0,26800,46,37688,66,0.0,-1.0,0.0,0.0,0.0,0.0,0.0,0.0,0.0,0.0,0.0,655.0,67.0,0.0,651.0,66.0,0.0,628.0,66.0,0.0,657.0,67.0,,,,34,,Sean,Neave,Neave,,,0,0,0,0,0,0,0,0,0,0,0,0,0,,,,0.0,0.0,0.0,0.0,0.0,0,0,0
674,a,,,4.8,359,14.0,0,0.0,-2,2.0,0.8,214,27.0,25,0,2.1,330.0,31.0,1,107,0.7,290.0,22.0,0.1,5.2,0.0,143402,161,167827,499,0.7,-0.3,0.0,0.0,0.0,18.83,0.0,0.0,0.0,1.69,212.8,280.0,25.0,10.0,436.0,14.0,0.0,762.0,87.0,22.3,380.0,24.0,,,,34,,Aaron,Ramsdale,Ramsdale,,,1003,0,0,1,17,0,0,0,2,0,25,11,0,,,,2.24,0.09,1.53,0.99,0.0,0,10,89
684,a,,,5.1,236,36.0,0,0.0,1,-1.0,5.8,66,23.0,119,2,3.8,88.0,33.0,12,396,1.7,202.0,73.0,0.3,23.3,0.0,1880938,1291,1168970,13659,1.7,0.7,3.98,0.93,4.91,43.97,0.14,0.03,0.17,1.52,772.8,18.0,6.0,107.6,276.0,81.0,370.0,75.0,5.0,124.7,72.0,14.0,,,,34,,Malick,Thiaw,Thiaw,,,2603,4,0,5,47,0,0,0,4,0,0,29,291,,,,0.0,0.17,1.63,1.0,9.09,37,226,104
689,a,,,4.3,622,369.0,0,0.0,-2,2.0,0.5,274,95.0,0,0,0.0,668.0,256.0,0,0,0.0,551.0,183.0,0.0,0.0,0.0,96964,155,65049,295,0.0,-1.0,0.0,0.0,0.0,0.0,0.0,0.0,0.0,0.0,0.0,658.0,246.0,0.0,654.0,251.0,0.0,631.0,240.0,0.0,660.0,248.0,,,,34,,Seung-Soo,Park,Seung soo,,,0,0,0,0,0,0,0,0,0,0,0,0,0,,,,0.0,0.0,0.0,0.0,0.0,0,0,0
520,u,0.0,0.0,5.0,255,154.0,0,0.0,0,0.0,0.0,822,366.0,0,0,0.0,795.0,348.0,0,0,0.0,744.0,315.0,0.0,0.0,0.0,0,0,118,0,0.0,0.0,0.0,0.0,0.0,0.0,0.0,0.0,0.0,0.0,0.0,794.0,347.0,0.0,792.0,347.0,0.0,787.0,345.0,0.0,794.0,347.0,,,,34,,Lewis,O'Brien,O'Brien,Has joined Wrexham permanently.,,0,0,0,0,0,0,0,0,0,0,0,0,0,,,,0.0,0.0,0.0,0.0,0.0,0,0,0
805,a,,,5.4,169,40.0,0,0.0,-1,1.0,0.0,712,90.0,8,0,2.7,239.0,24.0,0,34,0.0,789.0,85.0,0.0,1.5,0.0,6034,24,4517,33,-0.5,0.0,0.72,0.01,0.73,1.87,0.54,0.01,0.55,1.41,37.2,433.0,51.0,12.7,422.0,55.0,31.0,369.0,56.0,7.9,434.0,55.0,,,,34,,Lorenzo,Lucca,Lucca,,,119,1,0,1,1,0,0,0,0,0,0,1,5,,,,0.0,0.76,0.76,0.76,3.78,0,4,1
814,a,,,4.5,443,91.0,0,0.0,0,0.0,0.0,772,261.0,3,1,1.0,481.0,172.0,0,13,0.3,330.0,111.0,0.1,0.7,0.0,540,3,265,5,-0.2,0.3,0.0,0.38,0.38,0.36,0.0,0.48,0.48,0.46,17.0,459.0,167.0,2.0,466.0,170.0,4.0,440.0,166.0,2.3,475.0,170.0,,,,34,,Luca,Netz,Netz,,,71,0,0,0,0,0,0,0,0,0,0,0,5,,,,0.0,0.0,0.0,0.0,6.34,1,4,5
554,a,,,4.3,593,350.0,0,0.0,-2,2.0,0.3,318,110.0,0,0,0.0,656.0,246.0,0,0,0.0,531.0,170.0,0.0,0.0,0.0,82455,23,82129,81,0.5,0.0,0.0,0.0,0.0,0.0,0.0,0.0,0.0,0.0,0.0,646.0,236.0,0.0,641.0,241.0,0.0,616.0,228.0,0.0,648.0,238.0,,,,34,,Abdoullah,Ba,Ba,,,0,0,0,0,0,0,0,0,0,0,0,0,0,,,,0.0,0.0,0.0,0.0,0.0,0,0,0
549,u,0.0,0.0,4.8,358,222.0,0,0.0,-2,2.0,0.0,660,261.0,3,0,1.0,494.0,225.0,0,10,0.0,702.0,284.0,0.0,0.6,0.0,1972,0,4729,3,0.0,0.0,0.0,0.0,0.0,0.64,0.0,0.0,0.0,4.43,3.0,494.0,226.0,1.4,473.0,228.0,0.0,761.0,329.0,0.4,504.0,230.0,,,,34,,Dan,Neil,Neil,has joined Ipswich Town on loan for the rest of the season.,,13,0,0,0,0,0,0,0,0,0,0,0,2,,,,0.0,0.0,0.0,0.0,13.85,0,2,0
551,a,,,4.7,393,244.0,0,0.0,-3,3.0,0.1,542,199.0,31,1,1.9,355.0,151.0,1,121,3.3,92.0,33.0,0.7,6.6,0.0,9585,171,9892,76,3.8,3.3,0.86,0.92,1.78,11.94,0.1,0.11,0.21,1.44,96.0,382.0,168.0,131.4,249.0,156.0,101.0,271.0,147.0,32.8,343.0,166.0,,,,34,,Chris,Rigg,Rigg,,,744,1,0,3,11,0,0,0,1,0,0,11,56,,,,0.0,0.36,1.33,1.33,6.77,13,14,29
552,a,100.0,100.0,4.9,339,210.0,0,0.0,-1,1.0,0.1,557,206.0,70,2,2.4,289.0,123.0,0,364,3.0,116.0,41.0,0.6,14.3,0.0,12305,77,12858,32,3.5,3.0,0.97,1.35,2.32,38.07,0.03,0.05,0.08,1.34,318.0,207.0,87.0,276.9,141.0,93.0,127.0,240.0,132.0,72.4,202.0,98.0,,,,34,,Noah,Sadiki,Sadiki,,,2564,0,2,8,39,0,0,0,8,0,0,29,219,,,,0.0,0.28,1.37,1.02,7.69,45,82,92
774,a,,,4.0,680,169.0,0,0.0,0,0.0,0.0,676,238.0,0,0,0.0,589.0,216.0,0,0,0.0,438.0,167.0,0.0,0.0,0.0,1871,15,1223,9,0.5,0.0,0.0,0.0,0.0,0.0,0.0,0.0,0.0,0.0,0.0,578.0,215.0,0.0,570.0,215.0,0.0,539.0,211.0,0.0,580.0,215.0,,,,34,,Jenson,Jones,Jenson Jones,,,0,0,0,0,0,0,0,0,0,0,0,0,0,,,,0.0,0.0,0.0,0.0,0.0,0,0,0
598,u,0.0,0.0,4.5,469,66.0,0,0.0,0,0.0,0.0,679,87.0,0,0,0.0,728.0,76.0,0,0,0.0,635.0,65.0,0.0,0.0,0.0,0,0,5144,2,0.0,0.0,0.0,0.0,0.0,0.0,0.0,0.0,0.0,0.0,0.0,724.0,76.0,0.0,718.0,75.0,0.0,703.0,75.0,0.0,725.0,76.0,,,,34,,Will,Lankshear,Lankshear,has joined Oxford United on loan for the rest of the season.,,0,0,0,0,0,0,0,0,0,0,0,0,0,,,,0.0,0.0,0.0,0.0,0.0,0,0,0
641,u,0.0,0.0,3.9,780,226.0,0,0.0,-1,1.0,0.9,198,76.0,0,0,0.0,568.0,205.0,0,0,0.0,413.0,154.0,0.0,0.0,0.0,85684,0,152015,165,0.0,0.0,0.0,0.0,0.0,0.0,0.0,0.0,0.0,0.0,0.0,557.0,204.0,0.0,546.0,204.0,0.0,514.0,199.0,0.0,559.0,204.0,,,,34,,Alfie,Pond,Pond,has joined Crewe Alexandra on loan for the rest of the season.,,0,0,0,0,0,0,0,0,0,0,0,0,0,,,,0.0,0.0,0.0,0.0,0.0,0,0,0
642,a,100.0,100.0,5.6,124,77.0,0,0.0,-4,4.0,0.1,461,157.0,47,1,2.0,348.0,150.0,0,133,1.0,268.0,125.0,0.2,8.4,0.0,51051,38,60986,74,0.5,0.5,2.14,0.93,3.07,19.3,0.16,0.07,0.23,1.47,133.4,344.0,155.0,155.9,221.0,142.0,149.0,214.0,118.0,43.1,304.0,150.0,,2.0,3.0,34,,Hwang,Hee-chan,Hee Chan,,,1183,2,1,2,24,0,0,0,3,0,0,15,72,,,,0.0,0.15,1.83,1.14,5.48,9,23,40
381,d,75.0,100.0,14.0,2,1.0,0,0.0,-5,5.0,14.8,23,8.0,116,1,4.6,28.0,12.0,10,364,6.3,20.0,7.0,0.4,8.3,0.0,1585485,2176,6030204,19100,4.7,6.8,7.98,4.93,12.91,29.78,0.35,0.22,0.57,1.3,497.6,105.0,33.0,710.6,15.0,15.0,741.0,15.0,7.0,194.9,15.0,11.0,2.0,4.0,1.0,34,,Mohamed,Salah,M.Salah,Muscle injury - 75% chance of playing,,2055,7,6,7,33,0,0,0,1,0,0,22,101,,,,0.0,0.31,1.45,0.96,4.42,16,11,74
382,a,100.0,100.0,8.3,13,8.0,0,0.0,-2,2.0,9.1,42,15.0,121,8,4.0,66.0,31.0,17,506,5.3,39.0,12.0,0.6,14.6,0.0,2311951,6250,4889040,5959,5.3,5.8,6.05,5.03,11.07,30.17,0.24,0.2,0.44,1.21,512.8,96.0,32.0,864.8,7.0,7.0,629.0,25.0,11.0,200.6,13.0,10.0,4.0,5.0,,34,,Florian,Wirtz,Wirtz,,,2243,5,4,10,27,0,0,0,1,0,0,26,163,,,,0.0,0.4,1.08,1.04,6.54,31,25,107
398,i,0.0,0.0,4.3,604,85.0,0,0.0,-2,2.0,0.1,479,68.0,0,0,0.0,658.0,66.0,0,0,0.0,536.0,54.0,0.0,0.0,0.0,9461,17,20174,16,0.0,0.0,0.0,0.0,0.0,0.0,0.0,0.0,0.0,0.0,0.0,648.0,66.0,0.0,643.0,65.0,0.0,620.0,65.0,0.0,650.0,66.0,,,,34,,Jayden,Danns,Danns,Hamstring injury - Unknown return date,,0,0,0,0,0,0,0,0,0,0,0,0,0,,,,0.0,0.0,0.0,0.0,0.0,0,0,0
499,a,100.0,100.0,10.3,5,2.0,0,0.0,-2,2.0,4.2,95,17.0,40,8,3.1,200.0,21.0,4,136,3.7,90.0,14.0,0.4,3.9,0.0,1900902,10436,2429532,3713,3.7,4.2,2.59,0.07,2.66,8.29,0.35,0.01,0.36,1.11,144.2,336.0,34.0,38.9,372.0,48.0,183.0,176.0,40.0,35.8,336.0,41.0,,,,34,,Alexander,Isak,Isak,,,671,3,1,1,9,0,0,0,0,0,0,8,28,,,,0.0,0.13,1.21,1.07,3.76,6,10,12
649,u,0.0,0.0,5.0,263,160.0,0,0.0,0,0.0,0.0,821,365.0,0,0,0.0,797.0,350.0,0,0,0.0,748.0,319.0,0.0,0.0,0.0,0,0,162,0,0.0,0.0,0.0,0.0,0.0,0.0,0.0,0.0,0.0,0.0,0.0,796.0,349.0,0.0,794.0,349.0,0.0,789.0,347.0,0.0,796.0,349.0,,,,34,,Boubacar,Traoré,B.Traore,Has joined FC Metz on loan for the rest of the season.,,0,0,0,0,0,0,0,0,0,0,0,0,0,,,,0.0,0.0,0.0,0.0,0.0,0,0,0
650,u,0.0,0.0,4.3,602,355.0,0,0.0,-2,2.0,0.2,386,130.0,2,0,1.0,469.0,203.0,0,4,0.0,534.0,172.0,0.0,0.5,0.0,30885,0,49329,35,0.0,0.0,0.0,0.0,0.0,0.5,0.0,0.0,0.0,1.8,3.2,492.0,224.0,0.3,485.0,235.0,0.0,618.0,230.0,0.4,502.0,228.0,,,,34,,Tawanda,Chirewa,Chirewa,has joined Barnsley on loan for the rest of the season.,,25,0,0,0,0,0,0,0,0,0,0,0,4,,,,0.0,0.0,0.0,0.0,14.4,2,1,1
651,a,,,4.3,617,365.0,0,0.0,-2,2.0,0.4,293,102.0,7,0,3.5,119.0,55.0,0,24,0.3,326.0,151.0,0.1,1.6,0.0,68168,35,73810,130,-0.2,-0.2,0.23,0.0,0.23,0.2,1.88,0.0,1.88,1.64,34.4,435.0,190.0,0.4,483.0,233.0,23.0,382.0,192.0,5.8,449.0,201.0,,,,34,,Tom,Edozie,Edozie,,,11,1,0,0,0,0,0,0,0,0,0,0,1,,,,0.0,0.0,0.0,0.0,8.18,0,0,1
652,a,,,4.3,616,364.0,0,0.0,-2,2.0,1.2,179,62.0,0,0,0.0,664.0,253.0,0,0,0.0,547.0,180.0,0.0,0.0,0.0,202058,147,253025,303,-0.5,-0.5,0.0,0.0,0.0,0.0,0.0,0.0,0.0,0.0,0.0,654.0,243.0,0.0,650.0,248.0,0.0,627.0,237.0,0.0,656.0,245.0,,,,34,,Enso,González Medina,Gonzalez,,,0,0,0,0,0,0,0,0,0,0,0,0,0,,,,0.0,0.0,0.0,0.0,0.0,0,0,0
766,a,,,4.0,732,200.0,0,0.0,0,0.0,0.0,637,227.0,0,0,0.0,632.0,240.0,0,0,0.0,487.0,196.0,0.0,0.0,0.0,4193,34,2379,27,-0.5,-0.5,0.0,0.0,0.0,0.0,0.0,0.0,0.0,0.0,0.0,622.0,240.0,0.0,615.0,240.0,0.0,585.0,237.0,0.0,624.0,240.0,,,,34,,Saheed,Olagunju,Olagunju,,,0,0,0,0,0,0,0,0,0,0,0,0,0,,,,0.0,0.0,0.0,0.0,0.0,0,0,0
24,a,100.0,100.0,5.1,222,135.0,0,0.0,-4,4.0,0.1,441,151.0,6,0,1.0,501.0,230.0,0,19,0.0,762.0,330.0,0.0,1.2,0.0,7990,9,61668,26,1.0,1.0,0.05,0.0,0.05,2.23,0.08,0.0,0.08,3.58,15.8,461.0,204.0,0.4,484.0,234.0,7.0,433.0,208.0,2.4,473.0,213.0,,,,34,,Christian,Nørgaard,Nørgaard,,,56,0,0,0,1,0,0,0,0,0,0,0,11,,,,0.0,0.0,1.61,0.0,17.68,0,7,4
25,u,0.0,0.0,5.0,271,165.0,0,0.0,-5,5.0,0.1,459,156.0,8,0,1.3,439.0,195.0,0,20,0.0,752.0,322.0,0.0,1.6,0.0,13149,0,37142,7,0.0,0.0,0.23,0.08,0.31,0.73,0.13,0.04,0.17,0.4,8.6,474.0,211.0,22.5,398.0,200.0,24.0,381.0,191.0,5.4,453.0,203.0,,,,34,,Ethan,Nwaneri,Nwaneri,has joined Marseille on loan for the rest of the season.,,165,0,0,1,0,0,0,0,0,0,0,0,13,,,,0.0,0.55,0.0,0.0,7.09,2,1,10
26,a,100.0,100.0,5.0,265,161.0,0,0.0,-5,5.0,3.1,108,35.0,128,5,3.8,85.0,38.0,9,572,3.7,83.0,29.0,0.7,25.6,0.0,1352352,2290,1276011,2157,4.7,4.7,2.89,2.22,5.11,24.45,0.09,0.07,0.16,0.78,581.8,62.0,17.0,352.5,92.0,67.0,266.0,111.0,66.0,120.2,80.0,50.0,,,,34,,Martín,Zubimendi Ibáñez,Zubimendi,,,2835,5,1,16,24,0,0,0,4,0,0,33,294,,,,0.0,0.51,0.76,1.05,9.33,66,119,109
28,u,0.0,0.0,4.5,489,300.0,0,0.0,0,0.0,0.1,493,174.0,0,0,0.0,742.0,309.0,0,0,0.0,655.0,251.0,0.0,0.0,0.0,6731,0,30335,5,0.0,0.0,0.0,0.0,0.0,0.0,0.0,0.0,0.0,0.0,0.0,740.0,307.0,0.0,733.0,307.0,0.0,720.0,303.0,0.0,740.0,307.0,,,,34,,Ismeal,Kabia,Kabia,has joined Shrewsbury Town on loan for the rest of the season.,,0,0,0,0,0,0,0,0,0,0,0,0,0,,,,0.0,0.0,0.0,0.0,0.0,0,0,0
725,a,100.0,100.0,5.1,234,35.0,0,0.0,-4,4.0,0.8,212,83.0,84,9,3.7,98.0,38.0,7,317,3.3,93.0,36.0,0.6,16.5,0.0,567042,5299,473275,544,4.3,4.3,0.33,1.65,1.98,16.46,0.02,0.09,0.11,0.88,416.2,142.0,61.0,169.5,209.0,54.0,59.0,327.0,104.0,64.3,229.0,80.0,,,,34,,Piero,Hincapié,Hincapie,,,1679,1,2,5,18,1,0,0,2,0,0,19,165,,,,0.0,0.27,0.96,1.02,8.84,47,118,59
759,a,,,4.0,736,204.0,0,0.0,0,0.0,0.0,672,236.0,0,0,0.0,635.0,243.0,0,0,0.0,491.0,200.0,0.0,0.0,0.0,1493,5,1383,11,1.0,1.0,0.0,0.0,0.0,0.0,0.0,0.0,0.0,0.0,0.0,625.0,243.0,0.0,618.0,243.0,0.0,588.0,240.0,0.0,627.0,243.0,,,,34,,Marli,Salmon,Salmon,,,0,0,0,0,0,0,0,0,0,0,0,0,0,,,,0.0,0.0,0.0,0.0,0.0,0,0,0
754,a,,,4.5,487,298.0,0,0.0,0,0.0,0.0,751,319.0,2,0,1.0,489.0,220.0,0,5,0.0,653.0,249.0,0.0,0.4,0.0,1257,6,829,2,0.0,0.0,0.04,0.01,0.05,0.61,0.14,0.04,0.18,2.2,0.0,738.0,305.0,1.7,469.0,225.0,2.0,452.0,222.0,0.3,506.0,231.0,,,,34,,George,Hemmings,George Hemmings,,,25,0,0,0,0,0,0,0,0,0,0,0,1,,,,0.0,0.0,0.0,0.0,3.6,0,0,1
757,a,,,4.0,712,62.0,0,0.0,0,0.0,0.0,703,83.0,0,0,0.0,613.0,83.0,0,0,0.0,467.0,74.0,0.0,0.0,0.0,1432,6,1019,7,0.0,0.0,0.0,0.0,0.0,0.0,0.0,0.0,0.0,0.0,0.0,603.0,83.0,0.0,596.0,72.0,0.0,565.0,58.0,0.0,605.0,83.0,,,,34,,Ronnie,Hollingshead,Hollingshead,,,0,0,0,0,0,0,0,0,0,0,0,0,0,,,,0.0,0.0,0.0,0.0,0.0,0,0,0
768,a,,,4.0,745,213.0,0,0.0,0,0.0,0.0,688,243.0,0,0,0.0,641.0,249.0,0,0,0.0,499.0,208.0,0.0,0.0,0.0,774,4,730,9,0.0,0.0,0.0,0.0,0.0,0.0,0.0,0.0,0.0,0.0,0.0,631.0,249.0,0.0,624.0,249.0,0.0,595.0,247.0,0.0,633.0,249.0,,,,34,,Leon,Routh,Leon Routh,,,0,0,0,0,0,0,0,0,0,0,0,0,0,,,,0.0,0.0,0.0,0.0,0.0,0,0,0
781,a,,,4.0,738,206.0,0,0.0,0,0.0,0.0,701,248.0,0,0,0.0,636.0,244.0,0,0,0.0,493.0,202.0,0.0,0.0,0.0,903,9,618,8,0.0,0.0,0.0,0.0,0.0,0.0,0.0,0.0,0.0,0.0,0.0,626.0,244.0,0.0,619.0,244.0,0.0,589.0,241.0,0.0,628.0,244.0,,,,34,,TJ,Carroll,Carroll,,,0,0,0,0,0,0,0,0,0,0,0,0,0,,,,0.0,0.0,0.0,0.0,0.0,0,0,0
792,a,100.0,100.0,5.0,283,175.0,0,0.0,0,0.0,0.0,785,342.0,3,0,1.0,500.0,229.0,0,11,0.0,761.0,329.0,0.0,0.6,0.0,370,4,250,5,0.0,0.0,0.05,0.05,0.1,1.87,0.1,0.1,0.2,3.58,3.2,493.0,225.0,3.5,457.0,219.0,10.0,421.0,206.0,1.5,484.0,220.0,,,,34,,Alysson Edward Franco,da Rocha dos Santos,Alysson,,,47,0,0,0,2,0,0,0,0,0,0,0,4,,,,0.0,0.0,3.83,0.0,7.66,0,1,3
67,a,,,4.6,401,20.0,0,0.0,1,-1.0,5.3,74,12.0,106,0,3.1,187.0,21.0,5,436,1.3,220.0,18.0,0.3,23.0,0.0,1157673,979,893288,3249,1.3,0.0,0.0,0.0,0.0,51.1,0.0,0.0,0.0,1.5,748.4,22.0,6.0,0.0,761.0,89.0,0.0,750.0,81.0,75.0,186.0,7.0,,,,34,,Đorđe,Petrović,Petrović,,,3060,0,0,9,52,1,0,0,3,0,100,34,98,,,,2.94,0.26,1.53,1.0,0.0,0,60,252
68,u,0.0,0.0,4.0,685,50.0,0,0.0,0,0.0,0.7,231,30.0,0,0,0.0,594.0,72.0,0,0,0.0,443.0,62.0,0.0,0.0,0.0,47217,0,90809,105,0.0,0.0,0.0,0.0,0.0,0.0,0.0,0.0,0.0,0.0,0.0,583.0,72.0,0.0,575.0,60.0,0.0,544.0,46.0,0.0,585.0,72.0,,,,34,,Will,Dennis,Dennis,has joined Leyton Orient on loan for the rest of the season.,,0,0,0,0,0,0,0,0,0,0,0,0,0,,,,0.0,0.0,0.0,0.0,0.0,0,0,0
69,a,,,3.9,786,92.0,0,0.0,-1,1.0,0.2,357,50.0,0,0,0.0,574.0,62.0,0,0,0.0,419.0,50.0,0.0,0.0,0.0,23524,25,21683,69,0.0,0.0,0.0,0.0,0.0,0.0,0.0,0.0,0.0,0.0,0.0,563.0,62.0,0.0,552.0,47.0,0.0,520.0,33.0,0.0,565.0,62.0,,,,34,,Callan,McKenna,McKenna,,,0,0,0,0,0,0,0,0,0,0,0,0,0,,,,0.0,0.0,0.0,0.0,0.0,0,0,0
70,u,0.0,0.0,4.0,702,58.0,0,0.0,0,0.0,0.1,578,79.0,0,0,0.0,608.0,80.0,0,0,0.0,459.0,70.0,0.0,0.0,0.0,1107,0,10621,8,0.0,0.0,0.0,0.0,0.0,0.0,0.0,0.0,0.0,0.0,0.0,597.0,80.0,0.0,589.0,68.0,0.0,558.0,54.0,0.0,599.0,80.0,,,,34,,Alex,Paulsen,Paulsen,Has joined Lechia Gdansk on loan for the rest of the season.,,0,0,0,0,0,0,0,0,0,0,0,0,0,,,,0.0,0.0,0.0,0.0,0.0,0,0,0
76,a,,,3.8,810,249.0,0,0.0,-2,2.0,0.2,395,148.0,0,0,0.0,540.0,195.0,0,0,0.0,378.0,138.0,0.0,0.0,0.0,16244,22,21193,36,0.0,0.0,0.0,0.0,0.0,0.0,0.0,0.0,0.0,0.0,0.0,529.0,194.0,0.0,512.0,193.0,0.0,479.0,187.0,0.0,531.0,194.0,,,,34,,Owen,Bevan,Bevan,,,0,0,0,0,0,0,0,0,0,0,0,0,0,,,,0.0,0.0,0.0,0.0,0.0,0,0,0
77,a,,,4.2,639,146.0,0,0.0,2,-2.0,7.9,50,16.0,90,0,3.6,106.0,39.0,2,318,2.7,129.0,51.0,0.6,21.4,0.0,1358590,2071,434341,6986,2.7,0.0,0.79,1.1,1.88,27.8,0.04,0.06,0.1,1.44,494.0,107.0,48.0,128.6,254.0,68.0,109.0,259.0,70.0,73.4,194.0,66.0,,,,34,,James,Hill,Hill,,,1742,0,3,6,22,2,0,0,3,0,0,18,228,,,,0.0,0.31,1.14,0.93,11.31,33,186,62
78,u,0.0,0.0,3.8,801,241.0,0,0.0,-2,2.0,0.5,272,102.0,0,0,0.0,535.0,190.0,0,0,0.0,370.0,131.0,0.0,0.0,0.0,47440,0,135671,71,0.0,0.0,0.0,0.0,0.0,0.0,0.0,0.0,0.0,0.0,0.0,524.0,189.0,0.0,506.0,188.0,0.0,473.0,182.0,0.0,526.0,189.0,,,,34,,Julián,Araujo Zúñiga,J.Araujo,has joined Celtic on loan for the rest of the season.,,0,0,0,0,0,0,0,0,0,0,0,0,0,,,,0.0,0.0,0.0,0.0,0.0,0,0,0
79,u,0.0,0.0,4.0,678,168.0,0,0.0,0,0.0,0.1,549,195.0,0,0,0.0,587.0,215.0,0,0,0.0,436.0,166.0,0.0,0.0,0.0,1400,0,16828,5,0.0,0.0,0.0,0.0,0.0,0.0,0.0,0.0,0.0,0.0,0.0,576.0,214.0,0.0,568.0,214.0,0.0,537.0,210.0,0.0,578.0,214.0,,,,34,,Chris,Mepham,Mepham,has joined West Bromwich Albion permanently.,,0,0,0,0,0,0,0,0,0,0,0,0,0,,,,0.0,0.0,0.0,0.0,0.0,0,0,0
81,i,0.0,0.0,6.9,38,23.0,0,0.0,-1,1.0,0.6,247,87.0,40,0,2.2,321.0,140.0,3,147,0.0,824.0,369.0,0.0,5.8,0.0,190727,16,252955,74,0.0,0.0,2.24,1.54,3.78,16.78,0.22,0.15,0.37,1.65,146.6,334.0,149.0,304.1,121.0,84.0,128.0,239.0,131.0,57.8,251.0,122.0,,3.0,1.0,34,,Justin,Kluivert,Kluivert,Knee injury - Expected back 09 May,,914,2,0,4,18,0,0,0,4,0,0,10,62,,,,0.0,0.39,1.77,0.98,6.11,10,8,44
102,a,,,3.9,763,80.0,0,0.0,-1,1.0,0.3,352,49.0,0,0,0.0,556.0,51.0,0,0,0.0,400.0,39.0,0.0,0.0,0.0,16947,24,25468,42,0.0,-0.5,0.0,0.0,0.0,0.0,0.0,0.0,0.0,0.0,0.0,545.0,51.0,0.0,533.0,35.0,0.0,501.0,21.0,0.0,547.0,51.0,,,,34,,Ellery,Balcombe,Balcombe,,,0,0,0,0,0,0,0,0,0,0,0,0,0,,,,0.0,0.0,0.0,0.0,0.0,0,0,0
103,u,0.0,0.0,3.9,779,88.0,0,0.0,-1,1.0,0.1,443,64.0,0,0,0.0,567.0,58.0,0,0,0.0,412.0,46.0,0.0,0.0,0.0,11791,0,15774,29,0.0,0.0,0.0,0.0,0.0,0.0,0.0,0.0,0.0,0.0,0.0,556.0,58.0,0.0,545.0,43.0,0.0,513.0,29.0,0.0,558.0,58.0,,,,34,,Matthew,Cox,Cox,has joined Shrewsbury Town on loan for the rest of the season.,,0,0,0,0,0,0,0,0,0,0,0,0,0,,,,0.0,0.0,0.0,0.0,0.0,0,0,0
104,a,,,3.9,782,89.0,0,0.0,-1,1.0,0.1,473,70.0,0,0,0.0,570.0,59.0,0,0,0.0,415.0,47.0,0.0,0.0,0.0,13308,18,11417,30,0.0,-0.5,0.0,0.0,0.0,0.0,0.0,0.0,0.0,0.0,0.0,559.0,59.0,0.0,548.0,44.0,0.0,516.0,30.0,0.0,561.0,59.0,,,,34,,Julian,Eyestone,Eyestone,,,0,0,0,0,0,0,0,0,0,0,0,0,0,,,,0.0,0.0,0.0,0.0,0.0,0,0,0
105,a,,,3.8,807,95.0,0,0.0,-2,2.0,0.7,226,29.0,1,0,1.0,456.0,37.0,0,1,0.0,375.0,27.0,0.0,0.3,0.0,62281,1218,79517,333,0.0,-0.5,0.0,0.0,0.0,0.97,0.0,0.0,0.0,0.97,13.0,464.0,37.0,0.0,509.0,20.0,0.0,476.0,6.0,1.3,488.0,37.0,,,,34,,Hákon Rafn,Valdimarsson,Valdimarsson,,,90,0,0,0,3,0,0,0,0,0,1,1,0,,,,1.0,0.0,3.0,1.0,0.0,0,0,7
113,a,100.0,100.0,4.5,435,89.0,-1,1.0,0,0.0,1.3,176,68.0,99,0,3.5,124.0,46.0,3,369,3.0,110.0,45.0,0.7,22.0,0.0,353635,341,255141,1254,3.0,2.5,2.87,0.9,3.77,36.33,0.1,0.03,0.13,1.32,582.0,61.0,29.0,84.2,304.0,97.0,260.0,116.0,20.0,92.8,141.0,44.0,,,,34,,Sepp,van den Berg,Van den Berg,,,2483,0,2,7,38,0,0,0,1,0,0,27,272,,,,0.0,0.25,1.38,0.98,8.77,16,226,102
114,u,0.0,0.0,3.8,820,258.0,0,0.0,-2,2.0,0.2,393,147.0,0,0,0.0,546.0,200.0,0,0,0.0,387.0,146.0,0.0,0.0,0.0,12981,0,31442,24,0.0,0.0,0.0,0.0,0.0,0.0,0.0,0.0,0.0,0.0,0.0,535.0,199.0,0.0,519.0,199.0,0.0,487.0,194.0,0.0,537.0,199.0,,,,34,,Benjamin,Arthur,Arthur,has joined Celtic on loan for the rest of the season.,,0,0,0,0,0,0,0,0,0,0,0,0,0,,,,0.0,0.0,0.0,0.0,0.0,0,0,0
156,a,,,3.8,814,253.0,0,0.0,-2,2.0,0.2,413,153.0,0,0,0.0,542.0,197.0,0,0,0.0,382.0,142.0,0.0,0.0,0.0,12980,24,18477,26,0.0,0.0,0.0,0.0,0.0,0.0,0.0,0.0,0.0,0.0,0.0,531.0,196.0,0.0,515.0,196.0,0.0,482.0,190.0,0.0,533.0,196.0,,,,34,,Charlie,Tasker,Tasker,,,0,0,0,0,0,0,0,0,0,0,0,0,0,,,,0.0,0.0,0.0,0.0,0.0,0,0,0
227,d,25.0,25.0,4.7,388,66.0,0,0.0,-3,3.0,0.1,477,174.0,0,0,0.0,771.0,262.0,0,0,0.0,696.0,250.0,0.0,0.0,0.0,1331,4,30837,9,0.1,0.0,0.0,0.0,0.0,0.0,0.0,0.0,0.0,0.0,0.0,770.0,262.0,0.0,765.0,262.0,0.0,756.0,262.0,0.0,770.0,262.0,,,,34,,Levi,Samuels Colwill,Colwill,Lack of match fitness - 25% chance of playing,,0,0,0,0,0,0,0,0,0,0,0,0,0,,,,0.0,0.0,0.0,0.0,0.0,0,0,0
228,a,100.0,100.0,4.9,330,54.0,0,0.0,-1,1.0,2.0,136,55.0,95,0,3.1,192.0,78.0,7,393,1.3,225.0,78.0,0.3,19.4,0.0,552016,526,538525,1231,1.8,0.0,1.46,2.29,3.75,32.75,0.07,0.1,0.17,1.48,408.6,151.0,65.0,370.2,82.0,18.0,172.0,189.0,45.0,95.2,132.0,39.0,,,,34,,Malo,Gusto,Gusto,,,1991,2,3,7,30,0,0,0,2,1,0,23,142,,,,0.0,0.32,1.36,1.04,5.06,48,64,110
654,a,100.0,100.0,5.9,95,27.0,0,0.0,-6,6.0,1.5,163,24.0,66,1,2.1,337.0,38.0,3,189,1.3,235.0,32.0,0.2,11.2,0.0,488614,276,833219,2469,1.3,0.8,4.63,0.72,5.35,30.44,0.21,0.03,0.24,1.37,243.4,258.0,24.0,173.5,204.0,19.0,402.0,60.0,24.0,80.1,174.0,23.0,,,,34,,Jørgen,Strand Larsen,Strand Larsen,,,2007,4,1,5,33,0,0,1,4,0,0,22,84,,,,0.0,0.22,1.48,0.99,3.77,8,43,33
732,a,,,5.5,151,37.0,0,0.0,0,0.0,0.1,580,79.0,17,0,1.2,447.0,54.0,0,42,0.0,800.0,87.0,0.0,3.1,0.0,15193,22,11706,24,0.0,-0.5,0.49,0.01,0.5,4.63,0.28,0.01,0.29,2.62,13.2,463.0,54.0,7.1,442.0,57.0,73.0,305.0,52.0,8.8,427.0,54.0,,,,34,,Christantus,Uche,Uche,,,159,0,1,0,4,0,0,0,0,0,0,0,13,,,,0.0,0.0,2.26,0.0,7.36,1,3,9
290,i,0.0,0.0,5.3,196,24.0,0,0.0,-2,2.0,0.4,291,109.0,32,0,3.2,177.0,70.0,0,108,2.3,156.0,61.0,0.4,6.0,0.0,72767,15,110066,2026,0.0,0.0,0.34,0.11,0.45,9.43,0.05,0.01,0.06,1.25,175.0,310.0,120.0,42.8,366.0,131.0,75.0,304.0,91.0,29.3,357.0,121.0,,,,34,,Jarrad,Branthwaite,Branthwaite,Hamstring injury - Expected back 01 Jun,,678,1,1,1,9,0,0,0,1,0,0,7,67,,,,0.0,0.13,1.19,0.93,8.89,14,53,30
291,a,100.0,100.0,5.7,110,8.0,0,0.0,2,-2.0,12.3,29,10.0,149,3,4.5,32.0,13.0,9,554,2.3,159.0,62.0,0.4,26.1,0.0,2881375,4123,2169090,16639,1.8,2.3,2.21,1.53,3.74,47.62,0.07,0.05,0.12,1.44,851.4,8.0,4.0,209.2,178.0,46.0,318.0,90.0,9.0,138.2,51.0,8.0,,,,34,,James,Tarkowski,Tarkowski,,,2970,1,2,11,39,0,0,0,6,0,0,33,362,,,,0.0,0.33,1.18,1.0,10.18,42,294,79
300,a,,,5.5,142,88.0,0,0.0,-5,5.0,0.2,416,144.0,52,2,2.5,276.0,113.0,1,183,2.0,179.0,77.0,0.4,9.5,0.0,36171,36,66628,111,1.5,2.0,1.37,1.91,3.28,18.61,0.11,0.15,0.26,1.45,140.4,339.0,152.0,241.6,160.0,107.0,138.0,226.0,125.0,52.1,274.0,140.0,2.0,,,34,,Dwight,McNeil,McNeil,,,1159,0,3,6,8,0,0,0,1,0,0,14,111,,,,0.0,0.47,0.62,1.09,8.62,23,26,62
301,a,100.0,100.0,5.2,213,130.0,0,0.0,-3,3.0,0.1,532,195.0,26,0,1.5,416.0,181.0,0,110,0.0,769.0,336.0,0.0,5.0,0.0,17205,11,30210,12,-0.5,0.0,1.04,0.45,1.49,13.41,0.14,0.06,0.2,1.8,83.0,391.0,174.0,145.8,233.0,150.0,156.0,204.0,112.0,38.5,323.0,158.0,,,,34,,Carlos,Alcaraz Durán,Alcaraz,,,671,0,1,3,9,0,0,0,4,0,0,6,65,,,,0.0,0.4,1.21,0.8,8.72,13,11,41
302,a,100.0,100.0,5.4,152,96.0,0,0.0,-1,1.0,0.1,450,153.0,83,2,3.3,160.0,65.0,4,419,3.0,121.0,45.0,0.6,15.4,0.0,29794,43,31183,244,2.5,3.0,1.99,1.84,3.83,31.26,0.09,0.08,0.17,1.34,382.6,170.0,61.0,259.2,151.0,101.0,208.0,156.0,89.0,85.1,157.0,82.0,,,,34,,Idrissa Gana,Gueye,Gana,,,2094,2,3,5,26,0,0,0,1,1,0,25,218,,,,0.0,0.21,1.12,1.07,9.37,43,59,116
303,a,,,5.3,188,119.0,0,0.0,3,-3.0,4.3,92,30.0,148,3,4.4,36.0,16.0,13,732,3.0,119.0,43.0,0.6,27.9,0.0,1269779,1872,759651,9101,2.5,3.0,1.99,5.16,7.15,50.26,0.06,0.15,0.21,1.48,797.0,13.0,3.0,807.0,9.0,9.0,218.0,145.0,84.0,182.4,20.0,16.0,1.0,3.0,2.0,34,,James,Garner,Garner,,,3053,2,6,11,41,0,0,0,10,0,0,34,422,,,,0.0,0.32,1.21,1.0,12.44,108,145,169
310,a,,,5.7,120,33.0,0,0.0,-3,3.0,0.8,217,32.0,80,2,2.4,292.0,32.0,7,234,1.3,232.0,31.0,0.2,14.0,0.0,313889,164,312248,1323,0.8,1.3,6.81,0.4,7.21,30.48,0.35,0.02,0.37,1.57,263.6,247.0,21.0,183.6,197.0,18.0,453.0,49.0,20.0,87.5,151.0,20.0,,,,34,,Thierno,Barry,Barry,,,1752,6,0,7,28,0,0,0,3,0,0,20,62,,,,0.0,0.36,1.44,1.03,3.18,4,29,29
311,d,75.0,0.0,5.0,266,55.0,0,0.0,-5,5.0,3.1,109,18.0,92,0,2.8,225.0,23.0,13,303,5.3,34.0,6.0,1.1,18.4,0.0,627627,592,1200009,10789,3.6,0.0,8.2,0.22,8.42,21.24,0.55,0.01,0.56,1.43,390.0,166.0,15.0,137.1,241.0,26.0,604.0,28.0,16.0,111.5,92.0,17.0,,,3.0,34,,Norberto Bercique,Gomes Betuncal,Beto,Head injury - 75% chance of playing,,1341,8,1,5,16,0,0,0,2,0,0,14,79,,,,0.0,0.34,1.07,0.94,5.3,14,40,25
334,u,0.0,0.0,4.5,456,273.0,0,0.0,0,0.0,0.0,817,362.0,0,0,0.0,719.0,290.0,0,0,0.0,625.0,226.0,0.0,0.0,0.0,0,0,315,0,0.0,0.0,0.0,0.0,0.0,0.0,0.0,0.0,0.0,0.0,0.0,714.0,285.0,0.0,709.0,287.0,0.0,693.0,280.0,0.0,715.0,286.0,,,,34,,Luke,Harris,Harris,Has joined Oxford United on loan for the rest of the season.,,0,0,0,0,0,0,0,0,0,0,0,0,0,,,,0.0,0.0,0.0,0.0,0.0,0,0,0
335,a,100.0,100.0,4.4,566,340.0,0,0.0,-1,1.0,1.7,151,51.0,60,1,2.1,328.0,142.0,3,202,1.0,252.0,112.0,0.2,13.6,0.0,999379,341,911770,1298,0.0,1.0,2.32,0.57,2.89,17.46,0.17,0.04,0.21,1.3,191.8,297.0,128.0,165.6,210.0,136.0,305.0,94.0,56.0,65.4,224.0,109.0,,,,34,,Josh,King,King,,,1209,1,3,5,18,0,0,0,3,0,0,15,98,,,,0.0,0.37,1.34,1.12,7.3,24,20,54
364,u,0.0,0.0,5.0,278,56.0,0,0.0,0,0.0,0.0,748,91.0,0,0,0.0,802.0,89.0,0,0,0.0,756.0,81.0,0.0,0.0,0.0,0,0,2429,0,0.0,0.0,0.0,0.0,0.0,0.0,0.0,0.0,0.0,0.0,0.0,801.0,89.0,0.0,799.0,89.0,0.0,794.0,89.0,0.0,801.0,89.0,,,,34,,Mateo,Joseph Fernández-Regatillo,Mateo Joseph,Has joined RCD Mallorca on loan for the rest of the season.,,0,0,0,0,0,0,0,0,0,0,0,0,0,,,,0.0,0.0,0.0,0.0,0.0,0,0,0
365,a,100.0,100.0,5.0,247,52.0,0,0.0,0,0.0,0.6,257,37.0,68,0,2.5,273.0,29.0,8,239,0.7,296.0,39.0,0.1,13.6,0.0,217065,220,229334,292,1.2,0.0,6.65,1.0,7.65,17.4,0.67,0.1,0.77,1.75,260.8,248.0,22.0,105.7,280.0,29.0,379.0,73.0,27.0,74.5,188.0,26.0,,,2.0,34,,Lukas,Nmecha,Nmecha,,,893,6,1,3,19,0,0,1,0,0,0,9,42,,,,0.0,0.3,1.91,0.91,4.23,8,12,22
493,a,100.0,100.0,4.8,349,219.0,0,0.0,-2,2.0,0.2,364,123.0,53,0,2.6,250.0,99.0,5,263,3.0,111.0,38.0,0.6,11.0,0.0,178331,89,182782,27,3.5,0.0,0.98,1.61,2.59,14.41,0.09,0.15,0.24,1.36,275.8,238.0,101.0,370.3,81.0,62.0,90.0,286.0,154.0,73.6,193.0,94.0,2.0,2.0,,34,,Sean,Longstaff,Longstaff,,,954,2,2,1,20,0,0,0,2,0,0,10,101,,,,0.0,0.09,1.89,0.94,9.53,37,25,39
660,d,50.0,50.0,4.8,364,226.0,0,0.0,-2,2.0,1.6,158,55.0,122,0,4.7,23.0,10.0,11,498,0.0,704.0,286.0,0.0,25.4,0.0,1167075,357,1031040,2940,0.2,0.0,2.5,4.29,6.79,30.23,0.11,0.18,0.29,1.27,587.2,60.0,16.0,847.6,8.0,8.0,286.0,101.0,62.0,172.3,28.0,23.0,1.0,1.0,,34,,Anton,Stach,Stach,Ankle injury - 50% chance of playing,,2135,4,6,6,34,0,0,0,3,0,0,25,245,,,,0.0,0.25,1.43,1.05,10.33,57,76,112
665,a,100.0,100.0,4.4,532,26.0,0,0.0,-1,1.0,0.3,346,48.0,43,0,2.7,232.0,27.0,3,153,0.0,559.0,87.0,0.0,9.8,0.0,52300,219,70012,256,0.5,0.0,0.0,0.0,0.0,26.68,0.0,0.0,0.0,1.67,322.4,205.0,21.0,0.0,658.0,85.0,0.0,637.0,75.0,32.2,346.0,22.0,,,,34,,Lucas Estella,Perri,Perri,,,1440,0,0,3,29,0,0,0,2,0,38,16,39,,,,2.38,0.19,1.81,1.0,0.0,0,16,100
691,a,100.0,100.0,5.7,113,32.0,0,0.0,2,-2.0,11.3,33,8.0,120,0,3.9,74.0,6.0,16,390,3.3,96.0,15.0,0.6,21.1,0.0,3734200,32873,2335019,5666,3.8,0.0,13.75,1.01,14.75,29.09,0.52,0.04,0.56,1.1,514.2,92.0,8.0,266.0,146.0,12.0,924.0,4.0,4.0,169.4,29.0,6.0,,,1.0,34,,Dominic,Calvert-Lewin,Calvert-Lewin,,,2383,11,2,7,31,0,0,1,1,0,0,26,93,,,,0.0,0.26,1.17,0.98,3.51,10,44,39
698,a,100.0,100.0,5.5,143,89.0,0,0.0,0,0.0,1.8,148,49.0,99,0,3.7,101.0,42.0,9,324,10.3,3.0,2.0,1.9,18.0,0.0,334617,50358,106311,1176,10.8,0.0,4.92,1.19,6.11,24.45,0.3,0.07,0.37,1.48,397.4,158.0,55.0,247.7,157.0,105.0,409.0,58.0,33.0,105.5,103.0,59.0,,,,34,,Noah,Okafor,Okafor,,,1489,7,3,5,26,0,0,0,3,0,0,18,107,,,,0.0,0.3,1.57,1.09,6.47,22,28,57
706,a,100.0,100.0,3.9,762,217.0,0,0.0,-1,1.0,1.4,167,64.0,81,0,3.2,166.0,65.0,9,279,6.7,14.0,7.0,1.7,20.8,0.0,263300,10435,95981,722,7.2,0.0,1.61,1.06,2.67,25.5,0.09,0.06,0.15,1.5,397.8,157.0,69.0,161.8,213.0,55.0,189.0,170.0,39.0,75.0,184.0,63.0,3.0,,,34,,James,Justin,Justin,,,1533,2,1,5,21,0,0,0,4,0,0,17,158,,,,0.0,0.29,1.23,1.0,8.86,40,111,57
366,d,50.0,50.0,5.4,154,4.0,0,0.0,-1,1.0,5.4,72,11.0,89,0,3.6,109.0,15.0,8,382,0.0,780.0,96.0,0.0,16.5,0.0,691289,69,1478448,2210,0.0,0.2,0.0,0.03,0.03,28.02,0.0,0.0,0.0,1.12,468.4,121.0,18.0,0.1,493.0,17.0,0.0,804.0,94.0,46.7,289.0,18.0,,,,34,,Alisson,Becker,A.Becker,Muscle injury - 50% chance of playing,,2250,0,0,8,30,0,0,0,1,0,56,25,63,,,,2.24,0.32,1.2,1.0,0.0,0,37,221
385,a,100.0,100.0,6.3,67,44.0,0,0.0,-2,2.0,0.3,338,116.0,34,0,1.5,418.0,182.0,0,125,0.0,817.0,365.0,0.0,5.4,0.0,56913,20,69992,42,0.0,0.5,1.36,0.61,1.97,5.41,0.44,0.2,0.64,1.76,119.8,358.0,160.0,46.9,361.0,187.0,147.0,217.0,120.0,31.1,349.0,168.0,,,,34,,Federico,Chiesa,Chiesa,,,277,2,1,0,7,0,0,0,3,0,0,1,29,,,,0.0,0.0,2.27,0.32,9.42,8,13,8
386,a,100.0,100.0,6.2,73,48.0,0,0.0,-3,3.0,2.0,138,45.0,100,13,3.0,205.0,82.0,9,442,5.0,47.0,16.0,0.8,16.1,0.0,375587,1141,382991,2313,5.0,5.5,3.41,1.4,4.81,30.72,0.13,0.05,0.18,1.21,430.8,137.0,46.0,478.6,50.0,43.0,313.0,92.0,54.0,122.3,76.0,47.0,,,4.0,34,,Alexis,Mac Allister,Mac Allister,,,2294,2,5,7,32,0,0,0,5,0,0,27,203,,,,0.0,0.27,1.26,1.06,7.96,45,59,99
394,u,0.0,0.0,4.4,550,329.0,0,0.0,-1,1.0,0.0,686,275.0,0,0,0.0,677.0,260.0,0,0,0.0,569.0,189.0,0.0,0.0,0.0,1737,0,4118,2,0.0,0.0,0.0,0.0,0.0,0.0,0.0,0.0,0.0,0.0,0.0,669.0,252.0,0.0,665.0,256.0,0.0,644.0,246.0,0.0,671.0,254.0,,,,34,,James,McConnell,McConnell,has joined Ajax on loan for the rest of the season.,,0,0,0,0,0,0,0,0,0,0,0,0,0,,,,0.0,0.0,0.0,0.0,0.0,0,0,0
760,a,,,4.0,715,186.0,0,0.0,0,0.0,0.0,682,241.0,0,0,0.0,616.0,227.0,0,0,0.0,470.0,182.0,0.0,0.0,0.0,1278,13,1154,6,0.0,0.5,0.0,0.0,0.0,0.0,0.0,0.0,0.0,0.0,0.0,606.0,227.0,0.0,599.0,227.0,0.0,568.0,223.0,0.0,608.0,227.0,,,,34,,Wellity,Lucky,Lucky,,,0,0,0,0,0,0,0,0,0,0,0,0,0,,,,0.0,0.0,0.0,0.0,0.0,0,0,0
686,a,,,4.3,620,367.0,0,0.0,-2,2.0,1.1,194,68.0,32,0,2.1,326.0,141.0,3,148,4.0,69.0,24.0,0.9,7.4,0.0,311586,1831,206491,1747,4.0,4.5,1.04,1.75,2.79,5.44,0.31,0.52,0.83,1.61,140.6,338.0,151.0,154.3,222.0,143.0,162.0,195.0,107.0,45.6,298.0,147.0,,,,34,,Rio,Ngumoha,Ngumoha,,,304,2,0,2,5,0,0,0,0,0,0,2,18,,,,0.0,0.59,1.48,0.59,5.33,2,4,12
692,i,0.0,0.0,4.9,344,57.0,0,0.0,-1,1.0,0.0,722,251.0,0,0,0.0,793.0,264.0,0,0,0.0,739.0,255.0,0.0,0.0,0.0,1953,5,2593,4,0.0,0.0,0.0,0.0,0.0,0.0,0.0,0.0,0.0,0.0,0.0,792.0,264.0,0.0,788.0,264.0,0.0,784.0,264.0,0.0,792.0,264.0,,,,34,,Giovanni,Leoni,Leoni,Knee injury - Expected back 01 Sep,,0,0,0,0,0,0,0,0,0,0,0,0,0,,,,0.0,0.0,0.0,0.0,0.0,0,0,0
746,a,,,4.5,494,304.0,0,0.0,0,0.0,0.0,746,315.0,0,0,0.0,747.0,313.0,0,0,0.0,660.0,255.0,0.0,0.0,0.0,1105,5,938,3,0.0,0.5,0.0,0.0,0.0,0.0,0.0,0.0,0.0,0.0,0.0,745.0,311.0,0.0,738.0,311.0,0.0,725.0,307.0,0.0,745.0,311.0,,,,34,,Kieran,Morrison,Morrison,,,0,0,0,0,0,0,0,0,0,0,0,0,0,,,,0.0,0.0,0.0,0.0,0.0,0,0,0
401,a,100.0,100.0,3.8,795,94.0,0,0.0,-2,2.0,0.4,292,37.0,0,0,0.0,532.0,40.0,0,0,0.0,366.0,26.0,0.0,0.0,0.0,69724,100,49656,402,0.5,0.0,0.0,0.0,0.0,0.0,0.0,0.0,0.0,0.0,0.0,521.0,40.0,0.0,503.0,19.0,0.0,470.0,5.0,0.0,523.0,40.0,,,,34,,Marcus,Bettinelli,Bettinelli,,,0,0,0,0,0,0,0,0,0,0,0,0,0,,,,0.0,0.0,0.0,0.0,0.0,0,0,0
421,d,75.0,75.0,6.3,66,43.0,0,0.0,-2,2.0,0.5,269,93.0,62,0,3.1,199.0,79.0,5,323,1.7,209.0,93.0,0.3,9.8,0.0,72274,11,109995,571,1.7,0.0,0.79,2.33,3.12,18.75,0.05,0.15,0.2,1.19,341.8,193.0,77.0,392.5,75.0,59.0,102.0,270.0,146.0,83.8,163.0,86.0,,,,34,,Rodrigo 'Rodri',Hernandez Cascante,Rodrigo,Groin Injury - 75% chance of playing,,1420,1,0,5,14,0,0,0,2,0,0,16,194,,,,0.0,0.32,0.89,1.01,12.3,40,55,99
422,a,100.0,100.0,5.8,101,66.0,0,0.0,-2,2.0,0.0,677,272.0,2,0,1.0,507.0,236.0,0,7,0.3,349.0,162.0,0.1,0.3,0.0,2664,13,3494,12,0.8,0.0,0.0,0.03,0.03,0.62,0.0,0.21,0.21,4.29,4.4,484.0,219.0,3.6,456.0,218.0,0.0,817.0,364.0,0.8,494.0,226.0,,,,34,,Mateo,Kovačić,Kovačić,,,13,0,0,0,0,0,0,0,0,0,0,0,0,,,,0.0,0.0,0.0,0.0,0.0,0,0,0
423,a,100.0,100.0,5.9,96,63.0,0,0.0,-1,1.0,0.1,478,166.0,57,0,2.5,280.0,116.0,1,305,0.7,308.0,142.0,0.1,9.7,0.0,28271,38,31683,15,1.2,0.0,0.58,1.02,1.6,16.97,0.04,0.07,0.11,1.09,285.8,230.0,98.0,200.9,185.0,121.0,65.0,317.0,166.0,55.1,264.0,134.0,,,,34,,Nico,González Iglesias,N.Gonzalez,,,1397,1,0,7,14,0,0,0,6,0,0,15,187,,,,0.0,0.45,0.9,0.97,12.05,38,68,81
440,a,100.0,100.0,4.6,399,69.0,0,0.0,1,-1.0,4.4,88,29.0,105,0,3.4,139.0,54.0,9,395,2.3,146.0,57.0,0.5,22.8,0.0,1154346,737,843490,5261,2.3,2.8,1.57,2.39,3.96,32.37,0.06,0.09,0.15,1.25,485.4,113.0,50.0,422.5,67.0,13.0,192.0,169.0,38.0,110.0,94.0,23.0,,,,34,,Diogo,Dalot Teixeira,Dalot,,,2339,1,6,7,35,0,0,0,5,0,0,26,178,,,,0.0,0.27,1.35,1.0,6.04,45,112,121
442,a,100.0,100.0,4.4,526,102.0,0,0.0,-1,1.0,1.3,175,67.0,63,0,3.5,120.0,42.0,3,204,0.0,554.0,228.0,0.0,14.3,0.0,323230,447,271066,913,0.0,0.5,0.81,0.19,1.0,16.71,0.06,0.01,0.07,1.25,246.0,255.0,101.0,38.2,374.0,134.0,116.0,253.0,68.0,40.3,318.0,107.0,,,,34,,Harry,Maguire,Maguire,,,1199,1,1,5,15,0,0,0,3,1,0,14,109,,,,0.0,0.38,1.13,1.05,7.36,12,86,45
445,u,0.0,0.0,4.0,725,194.0,0,0.0,0,0.0,0.1,547,193.0,0,0,0.0,625.0,234.0,0,0,0.0,480.0,190.0,0.0,0.0,0.0,1160,0,14582,3,0.0,0.0,0.0,0.0,0.0,0.0,0.0,0.0,0.0,0.0,0.0,615.0,234.0,0.0,608.0,234.0,0.0,578.0,231.0,0.0,617.0,234.0,,,,34,,Harry,Amass,Amass,has joined Norwich City on loan for the rest of the season.,,0,0,0,0,0,0,0,0,0,0,0,0,0,,,,0.0,0.0,0.0,0.0,0.0,0,0,0
446,a,,,3.7,826,264.0,0,0.0,-3,3.0,0.2,418,154.0,1,0,1.0,455.0,163.0,0,4,0.0,360.0,123.0,0.0,0.3,0.0,13586,77,16331,56,0.0,0.5,0.0,0.0,0.0,0.3,0.0,0.0,0.0,13.5,4.0,486.0,173.0,0.0,498.0,182.0,0.0,465.0,176.0,0.4,501.0,176.0,,,,34,,Tyler,Fredricson,Fredricson,,,2,0,0,0,0,0,0,0,0,0,0,0,2,,,,0.0,0.0,0.0,0.0,90.0,0,2,0
447,a,100.0,100.0,3.7,829,267.0,0,0.0,-3,3.0,2.3,131,52.0,39,0,2.6,246.0,96.0,3,142,3.7,80.0,34.0,1.0,10.5,0.0,533213,2765,429491,1303,3.7,4.2,0.34,0.17,0.51,9.63,0.04,0.02,0.06,1.17,209.2,282.0,114.0,27.4,390.0,140.0,26.0,373.0,127.0,26.2,370.0,127.0,,,,34,,Ayden,Heaven,Heaven,,,740,0,1,2,12,1,0,0,2,0,0,9,84,,,,0.0,0.24,1.46,1.09,10.09,18,65,33
827,a,,,4.5,485,297.0,0,0.0,0,0.0,0.0,828,372.0,0,0,0.0,739.0,307.0,0,0,0.0,651.0,248.0,0.0,0.0,0.0,25,5,5,3,0.0,0.5,0.0,0.0,0.0,0.0,0.0,0.0,0.0,0.0,0.0,736.0,304.0,0.0,730.0,305.0,0.0,717.0,301.0,0.0,737.0,305.0,,,,34,,Jim,Thwaites,Thwaites,,,0,0,0,0,0,0,0,0,0,0,0,0,0,,,,0.0,0.0,0.0,0.0,0.0,0,0,0
52,a,100.0,100.0,5.3,187,118.0,0,0.0,-2,2.0,0.2,361,122.0,44,2,1.8,385.0,163.0,1,224,1.7,204.0,91.0,0.3,8.3,0.0,34238,66,80227,116,1.7,0.7,1.14,0.98,2.12,24.11,0.08,0.07,0.15,1.76,217.8,277.0,115.0,270.6,143.0,95.0,145.0,219.0,122.0,63.3,235.0,116.0,,,,34,,Jacob,Ramsey,J.Ramsey,,,1231,2,1,1,27,0,0,0,3,1,0,13,119,,,,0.0,0.07,1.97,0.95,8.7,30,20,69
469,a,100.0,100.0,5.0,245,9.0,0,0.0,0,0.0,4.3,91,16.0,84,2,3.7,97.0,14.0,3,344,0.7,295.0,23.0,0.1,16.8,0.0,1522823,527,1596913,960,0.7,-0.3,0.16,0.0,0.16,27.65,0.01,0.0,0.01,1.21,511.6,97.0,15.0,0.0,789.0,93.0,35.0,359.0,1.0,54.7,266.0,15.0,,,,34,,Nick,Pope,Pope,,,2056,0,1,7,33,0,0,0,2,0,70,23,121,,,,3.06,0.31,1.44,1.01,0.0,1,33,213
472,u,0.0,0.0,4.0,672,44.0,0,0.0,0,0.0,0.0,724,84.0,0,0,0.0,583.0,67.0,0,0,0.0,431.0,56.0,0.0,0.0,0.0,0,0,2500,0,0.0,0.0,0.0,0.0,0.0,0.0,0.0,0.0,0.0,0.0,0.0,572.0,67.0,0.0,563.0,54.0,0.0,532.0,40.0,0.0,574.0,67.0,,,,34,,Odysseas,Vlachodimos,Odysseas,Has joined Sevilla on loan for the rest of the season.,,0,0,0,0,0,0,0,0,0,0,0,0,0,,,,0.0,0.0,0.0,0.0,0.0,0,0,0
473,a,100.0,100.0,5.4,171,21.0,0,0.0,-1,1.0,3.8,99,33.0,74,0,2.8,228.0,88.0,4,311,0.7,303.0,100.0,0.1,13.7,0.0,939757,1573,701483,5859,0.7,-0.3,0.85,2.54,3.39,33.34,0.04,0.12,0.16,1.59,488.0,110.0,49.0,362.3,86.0,21.0,155.0,207.0,52.0,100.5,117.0,32.0,2.0,1.0,,34,,Lewis,Hall,Hall,,,1884,1,2,4,35,0,0,0,3,0,0,21,161,,,,0.0,0.19,1.67,1.0,7.31,49,104,119
474,i,0.0,0.0,5.2,201,26.0,0,0.0,-3,3.0,1.1,185,72.0,51,0,3.2,176.0,69.0,0,186,0.0,767.0,258.0,0.0,9.8,0.0,297171,14,497936,151,0.0,0.0,0.97,0.6,1.57,13.85,0.08,0.05,0.13,1.14,291.2,227.0,89.0,63.6,336.0,114.0,108.0,266.0,75.0,46.4,292.0,96.0,,4.0,,34,,Fabian,Schär,Schär,Ankle injury - Expected back 10 May,,1089,0,0,4,13,0,0,0,1,0,0,11,133,,,,0.0,0.33,1.07,0.91,9.5,14,101,42
481,a,,,3.8,813,252.0,0,0.0,-2,2.0,0.7,236,89.0,1,0,1.0,457.0,164.0,0,-1,0.0,381.0,141.0,0.0,0.3,0.0,80992,78,106870,125,0.0,-1.0,0.0,0.0,0.0,0.27,0.0,0.0,0.0,24.3,2.2,496.0,176.0,0.0,514.0,195.0,0.0,481.0,189.0,0.2,508.0,178.0,,,,34,,Alex,Murphy,A.Murphy,,,1,0,0,0,1,0,0,0,0,0,0,0,1,,,,0.0,0.0,90.0,0.0,90.0,0,1,0
482,u,0.0,0.0,3.9,766,220.0,0,0.0,-1,1.0,0.1,465,172.0,0,0,0.0,558.0,202.0,0,0,0.0,402.0,150.0,0.0,0.0,0.0,8541,0,17237,11,0.0,0.0,0.0,0.0,0.0,0.0,0.0,0.0,0.0,0.0,0.0,547.0,201.0,0.0,535.0,201.0,0.0,503.0,196.0,0.0,549.0,201.0,,,,34,,Harrison,Ashby,Ashby,has joined Bradford City on loan for the rest of the season.,,0,0,0,0,0,0,0,0,0,0,0,0,0,,,,0.0,0.0,0.0,0.0,0.0,0,0,0
483,a,,,3.8,817,256.0,0,0.0,-2,2.0,0.4,299,111.0,0,0,0.0,543.0,198.0,0,0,0.0,384.0,144.0,0.0,0.0,0.0,67233,31,51828,79,0.0,-1.0,0.0,0.0,0.0,0.0,0.0,0.0,0.0,0.0,0.0,532.0,197.0,0.0,516.0,197.0,0.0,484.0,192.0,0.0,534.0,197.0,,,,34,,Miodrag,Pivaš,Pivas,,,0,0,0,0,0,0,0,0,0,0,0,0,0,,,,0.0,0.0,0.0,0.0,0.0,0,0,0
715,i,0.0,0.0,4.0,677,45.0,0,0.0,0,0.0,0.3,328,46.0,11,0,2.2,310.0,30.0,0,32,0.0,435.0,57.0,0.0,2.8,0.0,66331,5,51114,102,0.0,0.0,0.0,0.0,0.0,6.13,0.0,0.0,0.0,1.26,56.4,414.0,32.0,0.0,567.0,55.0,0.0,536.0,41.0,5.7,450.0,32.0,,,,34,,John Victor,Maciel Furtado,John,Knee injury - Expected back 01 Jun,,437,0,0,1,8,0,0,0,1,0,6,5,0,,,,1.24,0.21,1.65,1.03,0.0,0,4,26
716,i,0.0,0.0,4.5,453,94.0,0,0.0,0,0.0,0.1,583,208.0,39,0,2.8,223.0,86.0,0,131,0.0,622.0,245.0,0.0,8.7,0.0,46734,3,44754,19,0.0,0.0,1.34,0.45,1.79,15.04,0.12,0.04,0.16,1.32,216.6,278.0,113.0,123.2,256.0,70.0,94.0,280.0,81.0,43.5,301.0,101.0,,,,34,,Nicolò,Savona,Savona,Knee injury - Unknown return date,,1025,2,0,3,18,0,0,0,2,0,0,11,69,,,,0.0,0.26,1.58,0.97,5.0,20,37,27
729,u,0.0,0.0,4.5,474,96.0,0,0.0,0,0.0,0.0,820,268.0,0,0,0.0,731.0,261.0,0,0,0.0,640.0,246.0,0.0,0.0,0.0,94,0,121,0,0.0,0.0,0.0,0.0,0.0,0.0,0.0,0.0,0.0,0.0,0.0,728.0,261.0,0.0,722.0,261.0,0.0,708.0,261.0,0.0,729.0,261.0,,,,34,,Luis Eduardo,Soares da Silva,Cuiabano,has joined Vasco de Gama on loan for the rest of the season.,,0,0,0,0,0,0,0,0,0,0,0,0,0,,,,0.0,0.0,0.0,0.0,0.0,0,0,0
582,i,0.0,0.0,6.4,58,37.0,0,0.0,-1,1.0,9.2,39,13.0,75,0,3.9,75.0,33.0,7,257,0.0,820.0,367.0,0.0,11.7,0.0,3263832,12,5223861,819,0.0,0.0,1.92,2.41,4.33,22.74,0.11,0.14,0.25,1.33,333.4,200.0,82.0,413.8,68.0,53.0,302.0,97.0,58.0,104.7,105.0,61.0,,4.0,3.0,34,,Mohammed,Kudus,Kudus,Thigh injury - Unknown return date,,1535,2,6,7,20,0,0,0,3,0,0,19,133,,,,0.0,0.41,1.17,1.11,7.8,29,9,95
583,i,0.0,0.0,6.4,57,36.0,0,0.0,-1,1.0,0.0,723,299.0,0,0,0.0,824.0,369.0,0,0,0.0,819.0,366.0,0.0,0.0,0.0,1186,16,2218,9,0.0,0.0,0.0,0.0,0.0,0.0,0.0,0.0,0.0,0.0,0.0,824.0,369.0,0.0,824.0,369.0,0.0,824.0,369.0,0.0,824.0,369.0,,,,34,,Dejan,Kulusevski,Kulusevski,Knee injury - Unknown return date,,0,0,0,0,0,0,0,0,0,0,0,0,0,,,,0.0,0.0,0.0,0.0,0.0,0,0,0
587,a,100.0,100.0,5.2,209,129.0,0,0.0,-3,3.0,0.0,596,224.0,16,3,1.6,405.0,172.0,0,96,1.0,266.0,124.0,0.2,3.1,0.0,3522,20,15295,15,1.0,1.5,0.36,0.1,0.46,11.91,0.06,0.02,0.08,1.86,88.2,388.0,172.0,23.4,396.0,199.0,23.0,384.0,194.0,13.3,409.0,186.0,,,,34,,Yves,Bissouma,Bissouma,,,577,0,0,1,16,0,0,0,4,0,0,7,73,,,,0.0,0.16,2.5,1.09,11.39,18,26,29
588,i,0.0,0.0,5.3,200,125.0,0,0.0,-2,2.0,0.0,608,232.0,46,0,1.9,359.0,154.0,6,176,0.0,778.0,341.0,0.0,8.7,0.0,16435,5,18506,10,0.0,0.0,1.92,1.21,3.13,14.24,0.18,0.11,0.29,1.32,158.8,325.0,147.0,284.3,135.0,90.0,234.0,129.0,76.0,67.6,220.0,106.0,,,,34,,Wilson,Odobert,Odobert,Knee injury - Unknown return date,,972,0,2,2,13,0,0,0,0,0,0,10,77,,,,0.0,0.19,1.2,0.93,7.13,10,14,53
592,u,0.0,0.0,5.0,272,166.0,0,0.0,0,0.0,0.0,800,353.0,0,0,0.0,801.0,353.0,0,0,0.0,753.0,323.0,0.0,0.0,0.0,0,0,688,0,0.0,0.0,0.0,0.0,0.0,0.0,0.0,0.0,0.0,0.0,0.0,800.0,352.0,0.0,798.0,352.0,0.0,793.0,350.0,0.0,800.0,352.0,,,,34,,Mikey,Moore,Moore,Has joined Rangers on loan for the rest of the season.,,0,0,0,0,0,0,0,0,0,0,0,0,0,,,,0.0,0.0,0.0,0.0,0.0,0,0,0
595,a,,,4.3,603,356.0,0,0.0,-2,2.0,0.2,374,126.0,1,0,1.0,470.0,204.0,0,3,0.0,535.0,173.0,0.0,0.2,0.0,25437,22,31671,33,0.0,0.5,0.0,0.01,0.01,0.75,0.0,0.06,0.06,4.82,0.6,508.0,231.0,1.8,467.0,223.0,0.0,619.0,231.0,0.2,509.0,233.0,,,,34,,Callum,Olusesi,Olusesi,,,14,0,0,0,0,0,0,0,0,0,0,0,2,,,,0.0,0.0,0.0,0.0,12.86,0,0,2
605,a,,,4.1,654,154.0,0,0.0,-4,4.0,0.1,433,162.0,36,0,1.7,390.0,143.0,0,80,0.0,500.0,209.0,0.0,8.8,0.0,30664,20,51732,29,0.0,0.0,0.56,0.25,0.81,33.28,0.03,0.01,0.04,1.92,392.4,162.0,71.0,55.8,346.0,120.0,60.0,324.0,102.0,50.9,277.0,88.0,,,,34,,Maximilian,Kilman,Kilman,,,1559,0,0,1,37,0,0,0,4,0,0,17,191,,,,0.0,0.06,2.14,0.98,9.24,16,144,43
622,u,0.0,0.0,4.4,553,332.0,0,0.0,-1,1.0,0.1,581,216.0,0,0,0.0,680.0,263.0,0,0,0.0,572.0,192.0,0.0,0.0,0.0,1052,0,12013,5,0.0,0.0,0.0,0.0,0.0,0.0,0.0,0.0,0.0,0.0,0.0,672.0,255.0,0.0,668.0,259.0,0.0,647.0,249.0,0.0,674.0,257.0,,,,34,,Lewis,Orford,Orford,has joined Stevenage on loan for the rest of the season.,,0,0,0,0,0,0,0,0,0,0,0,0,0,,,,0.0,0.0,0.0,0.0,0.0,0,0,0
623,a,100.0,100.0,4.3,597,352.0,0,0.0,-2,2.0,0.5,263,91.0,37,1,1.7,392.0,165.0,0,215,0.7,283.0,133.0,0.2,8.6,0.0,146339,275,172695,192,0.7,0.7,0.21,1.06,1.27,21.35,0.02,0.08,0.1,1.65,191.2,299.0,129.0,141.3,236.0,151.0,37.0,353.0,182.0,37.1,331.0,161.0,,,,34,,Freddie,Potts,Potts,,,1162,0,1,1,25,0,0,0,1,0,0,12,119,,,,0.0,0.08,1.94,0.93,9.22,29,51,39
624,a,,,7.8,18,6.0,1,-1.0,-2,2.0,14.5,24,6.0,169,10,5.0,16.0,4.0,25,652,8.7,5.0,1.0,1.1,21.7,0.0,3513742,31630,3496852,19450,8.7,8.7,6.66,4.73,11.39,51.49,0.2,0.14,0.34,1.52,790.8,15.0,3.0,590.2,31.0,1.0,752.0,12.0,7.0,213.3,7.0,3.0,1.0,1.0,2.0,34,,Jarrod,Bowen,Bowen,,,3049,8,12,7,56,0,0,0,4,0,0,34,259,,,,0.0,0.21,1.65,1.0,7.65,45,70,144
625,u,0.0,0.0,5.6,121,34.0,0,0.0,-4,4.0,0.6,254,36.0,12,0,1.5,417.0,49.0,0,28,0.0,801.0,88.0,0.0,2.1,0.0,47611,0,393159,21,0.0,0.0,0.93,0.21,1.14,8.59,0.21,0.05,0.26,1.9,26.0,448.0,52.0,85.1,302.0,34.0,130.0,237.0,47.0,23.8,376.0,48.0,,,,34,,Niclas,Füllkrug,Füllkrug,has joined AC Milan on loan for the rest of the season.,,407,0,0,1,11,0,0,0,0,0,0,5,19,,,,0.0,0.22,2.43,1.11,4.2,2,7,10
626,u,0.0,0.0,4.3,613,86.0,0,0.0,-2,2.0,0.5,268,42.0,2,0,1.0,472.0,58.0,0,0,0.0,545.0,55.0,0.0,0.5,0.0,63604,0,108049,50,0.0,0.0,0.13,0.0,0.13,1.55,0.2,0.0,0.2,2.41,1.2,504.0,58.0,0.1,489.0,61.0,7.0,430.0,59.0,0.8,493.0,59.0,,,,34,,Callum,Marshall,Marshall,has joined VfL Bochum 1848 on loan for the rest of the season.,,58,0,0,0,2,0,0,0,0,0,0,0,3,,,,0.0,0.0,3.1,0.0,4.66,0,2,1
659,a,,,4.2,633,142.0,0,0.0,-3,3.0,0.3,337,120.0,46,2,2.2,311.0,115.0,0,200,4.7,53.0,23.0,1.1,11.0,0.0,37283,173,55283,111,4.7,4.7,1.13,0.36,1.49,23.9,0.08,0.03,0.11,1.76,256.8,251.0,98.0,121.6,258.0,71.0,104.0,268.0,76.0,48.3,284.0,90.0,,,,34,,Kyle,Walker-Peters,Walker-Peters,,,1224,1,0,3,23,0,0,0,2,0,0,13,111,,,,0.0,0.22,1.69,0.96,6.47,42,46,53
671,a,100.0,100.0,5.8,100,29.0,0,0.0,-2,2.0,0.5,264,40.0,71,4,2.5,278.0,31.0,7,258,2.0,182.0,23.0,0.3,12.2,0.0,207843,200,222023,186,2.0,2.0,6.86,0.37,7.23,19.09,0.58,0.03,0.61,1.61,260.2,249.0,23.0,95.8,291.0,31.0,441.0,52.0,21.0,78.5,177.0,24.0,,,,34,,Callum,Wilson,Wilson,,,1069,6,2,1,20,0,0,0,1,0,0,10,37,,,,0.0,0.08,1.68,0.84,3.12,3,9,25
632,a,100.0,100.0,4.4,525,101.0,0,0.0,-1,1.0,0.1,512,183.0,14,2,1.3,434.0,156.0,0,55,0.7,285.0,94.0,0.2,3.2,0.0,6853,23,21140,12,0.2,0.2,0.09,0.19,0.28,14.26,0.01,0.02,0.03,1.63,132.2,345.0,131.0,51.1,355.0,125.0,20.0,390.0,138.0,20.4,388.0,135.0,,,,34,,Matt,Doherty,Doherty,,,786,0,0,1,15,0,0,0,4,0,0,11,77,,,,0.0,0.11,1.72,1.26,7.56,16,50,28
633,a,100.0,100.0,4.3,599,137.0,0,0.0,-2,2.0,0.2,379,139.0,76,3,2.5,269.0,104.0,4,300,1.0,250.0,84.0,0.2,17.7,0.0,60028,88,48060,230,0.5,0.5,0.64,3.11,3.75,38.42,0.03,0.13,0.16,1.56,516.6,89.0,39.0,616.7,26.0,2.0,157.0,201.0,49.0,129.4,62.0,10.0,1.0,,,34,,Hugo,Bueno López,H.Bueno,,,2216,1,2,4,41,0,0,0,3,0,0,24,198,,,,0.0,0.16,1.67,0.97,6.74,63,103,110
415,a,100.0,100.0,6.9,40,24.0,0,0.0,-1,1.0,0.4,289,100.0,30,0,1.5,421.0,184.0,0,101,1.0,275.0,130.0,0.1,4.3,0.0,35795,58,115142,40,1.5,0.0,1.91,1.27,3.18,7.42,0.29,0.19,0.48,1.11,91.4,385.0,171.0,146.3,232.0,149.0,259.0,117.0,68.0,49.6,283.0,145.0,,,,34,,Sávio,Moreira de Oliveira,Savinho,,,602,0,2,2,5,0,0,0,2,0,0,5,51,,,,0.0,0.3,0.75,0.75,7.62,7,11,33
183,a,,,4.2,645,35.0,0,0.0,-3,3.0,0.1,454,66.0,0,0,0.0,648.0,92.0,0,0,0.0,515.0,84.0,0.0,0.0,0.0,8376,10,18147,21,-0.5,0.0,0.0,0.0,0.0,0.0,0.0,0.0,0.0,0.0,0.0,639.0,92.0,0.0,633.0,83.0,0.0,608.0,72.0,0.0,641.0,92.0,,,,34,,Max,Weiß,Weiss,,,0,0,0,0,0,0,0,0,0,0,0,0,0,,,,0.0,0.0,0.0,0.0,0.0,0,0,0
184,u,0.0,0.0,4.0,696,56.0,0,0.0,0,0.0,0.2,411,58.0,0,0,0.0,603.0,78.0,0,0,0.0,454.0,68.0,0.0,0.0,0.0,4943,0,34459,12,0.0,0.0,0.0,0.0,0.0,0.0,0.0,0.0,0.0,0.0,0.0,592.0,78.0,0.0,584.0,66.0,0.0,553.0,52.0,0.0,594.0,78.0,,,,34,,Etienne,Green,Green,has joined FC Fredericia permanently.,,0,0,0,0,0,0,0,0,0,0,0,0,0,,,,0.0,0.0,0.0,0.0,0.0,0,0,0
187,a,100.0,100.0,4.4,524,100.0,0,0.0,-1,1.0,1.1,190,74.0,64,0,2.0,343.0,126.0,3,213,0.7,284.0,93.0,0.2,14.5,0.0,159095,103,272739,210,0.2,0.0,0.12,1.06,1.18,61.07,0.0,0.03,0.03,2.01,453.0,126.0,55.0,200.6,186.0,48.0,24.0,380.0,133.0,68.0,218.0,76.0,,,,34,,Kyle,Walker,Walker,,,2735,0,2,4,59,0,0,0,9,0,0,31,244,,,,0.0,0.13,1.94,1.02,6.29,47,144,139
188,u,0.0,0.0,3.8,799,239.0,0,0.0,-2,2.0,0.2,384,141.0,0,0,0.0,534.0,189.0,0,0,0.0,369.0,130.0,0.0,0.0,0.0,26052,0,43177,38,0.0,0.0,0.0,0.0,0.0,0.0,0.0,0.0,0.0,0.0,0.0,523.0,188.0,0.0,505.0,187.0,0.0,472.0,181.0,0.0,525.0,188.0,,,,34,,Hannes,Delcroix,Delcroix,has joined Lugano permanently.,,0,0,0,0,0,0,0,0,0,0,0,0,0,,,,0.0,0.0,0.0,0.0,0.0,0,0,0
189,u,0.0,0.0,4.0,688,173.0,0,0.0,0,0.0,0.0,731,254.0,0,0,0.0,596.0,219.0,0,0,0.0,446.0,171.0,0.0,0.0,0.0,0,0,2391,1,0.0,0.0,0.0,0.0,0.0,0.0,0.0,0.0,0.0,0.0,0.0,585.0,218.0,0.0,577.0,218.0,0.0,546.0,214.0,0.0,587.0,218.0,,,,34,,Owen,Dodgson,Dodgson,Has joined Stockport County on loan for the rest of the season.,,0,0,0,0,0,0,0,0,0,0,0,0,0,,,,0.0,0.0,0.0,0.0,0.0,0,0,0
190,a,,,3.8,805,245.0,0,0.0,-2,2.0,0.7,229,86.0,49,0,2.7,231.0,89.0,2,147,1.7,187.0,66.0,0.4,12.9,0.0,250661,103,215882,189,1.2,0.0,0.25,0.31,0.56,29.39,0.02,0.02,0.04,1.83,341.8,192.0,78.0,44.5,365.0,130.0,88.0,287.0,84.0,47.5,286.0,92.0,,,,34,,Hjalmar,Ekdal,Ekdal,,,1449,0,0,2,31,0,0,0,0,0,0,16,173,,,,0.0,0.12,1.93,0.99,9.88,21,138,40
132,u,0.0,0.0,4.5,423,253.0,0,0.0,0,0.0,0.0,687,276.0,0,0,0.0,700.0,273.0,0,0,0.0,600.0,207.0,0.0,0.0,0.0,4038,0,5605,3,0.0,0.0,0.0,0.0,0.0,0.0,0.0,0.0,0.0,0.0,0.0,694.0,267.0,0.0,689.0,270.0,0.0,670.0,262.0,0.0,696.0,269.0,,,,34,,Paris,Maghoma,Maghoma,has joined Norwich City permanently.,,0,0,0,0,0,0,0,0,0,0,0,0,0,,,,0.0,0.0,0.0,0.0,0.0,0,0,0
147,u,0.0,0.0,4.5,420,81.0,0,0.0,0,0.0,0.0,752,257.0,0,0,0.0,698.0,257.0,0,0,0.0,598.0,239.0,0.0,0.0,0.0,0,0,1991,2,0.0,0.0,0.0,0.0,0.0,0.0,0.0,0.0,0.0,0.0,0.0,692.0,257.0,0.0,687.0,257.0,0.0,668.0,256.0,0.0,694.0,257.0,,,,34,,Pervis,Estupiñán Tenorio,Estupiñan,Has joined AC Milan permanently,,0,0,0,0,0,0,0,0,0,0,0,0,0,,,,0.0,0.0,0.0,0.0,0.0,0,0,0
148,a,,,4.4,536,109.0,0,0.0,-1,1.0,0.7,228,85.0,108,0,3.3,148.0,57.0,7,481,7.3,10.0,4.0,1.7,24.5,0.0,157910,7713,97386,663,7.3,0.0,2.0,2.53,4.53,38.91,0.06,0.08,0.14,1.26,471.2,120.0,53.0,365.2,84.0,19.0,249.0,123.0,21.0,108.8,97.0,26.0,,,,34,,Ferdi,Kadıoğlu,F.Kadıoğlu,,,2770,1,2,9,34,0,0,0,6,0,0,30,190,,,,0.0,0.29,1.1,0.97,5.2,55,105,118
153,i,0.0,0.0,4.4,529,104.0,0,0.0,-1,1.0,0.0,765,259.0,0,0,0.0,671.0,255.0,0,0,0.0,557.0,230.0,0.0,0.0,0.0,1056,7,1818,8,0.0,0.0,0.0,0.0,0.0,0.0,0.0,0.0,0.0,0.0,0.0,662.0,255.0,0.0,657.0,255.0,0.0,636.0,254.0,0.0,664.0,255.0,,,,34,,Adam,Webster,Webster,Knee injury - Unknown return date,,0,0,0,0,0,0,0,0,0,0,0,0,0,,,,0.0,0.0,0.0,0.0,0.0,0,0,0
296,a,100.0,100.0,4.4,541,114.0,0,0.0,-1,1.0,0.0,632,226.0,21,0,3.5,122.0,44.0,0,68,0.0,564.0,235.0,0.0,4.8,0.0,6060,4,7224,24,-0.5,0.0,0.03,0.04,0.07,3.55,0.01,0.02,0.03,1.35,63.6,410.0,154.0,6.4,445.0,159.0,17.0,397.0,144.0,8.6,429.0,155.0,,,,34,,Nathan,Patterson,Patterson,,,237,0,0,2,1,0,0,0,0,0,0,3,30,,,,0.0,0.76,0.38,1.14,11.39,10,20,14
375,i,0.0,0.0,4.9,332,55.0,0,0.0,-1,1.0,0.1,426,158.0,42,0,2.8,224.0,87.0,2,157,0.0,733.0,254.0,0.0,8.6,0.0,62759,7,72408,22,0.0,0.0,0.18,0.84,1.02,10.77,0.02,0.08,0.1,1.04,157.4,326.0,124.0,105.2,283.0,84.0,62.0,322.0,101.0,32.3,345.0,116.0,,,,34,,Conor,Bradley,Bradley,Knee injury - Expected back 01 Jun,,928,0,2,4,13,0,0,0,5,0,0,12,82,,,,0.0,0.39,1.26,1.16,6.3,19,46,43
376,a,100.0,100.0,4.9,295,46.0,0,0.0,-1,1.0,0.1,422,156.0,32,1,1.8,378.0,141.0,2,97,0.7,292.0,97.0,0.1,6.5,0.0,25032,44,31007,26,0.7,1.2,0.23,0.62,0.85,8.02,0.04,0.11,0.15,1.4,118.6,359.0,137.0,71.6,320.0,109.0,26.0,375.0,129.0,21.7,383.0,133.0,,,,34,,Joe,Gomez,Gomez,,,515,0,2,2,12,0,0,0,2,0,0,6,43,,,,0.0,0.35,2.1,1.05,7.34,9,33,18
377,u,0.0,0.0,4.8,353,58.0,0,0.0,-2,2.0,0.0,598,214.0,0,0,0.0,773.0,263.0,0,0,0.0,701.0,251.0,0.0,0.0,0.0,1669,0,12297,3,0.0,0.0,0.0,0.0,0.0,0.0,0.0,0.0,0.0,0.0,0.0,772.0,263.0,0.0,767.0,263.0,0.0,759.0,263.0,0.0,772.0,263.0,,,,34,,Konstantinos,Tsimikas,Tsimikas,has joined AS Roma on loan for the rest of the season.,,0,0,0,0,0,0,0,0,0,0,0,0,0,,,,0.0,0.0,0.0,0.0,0.0,0,0,0
378,a,100.0,100.0,3.7,830,268.0,0,0.0,-3,3.0,0.9,199,77.0,0,0,0.0,529.0,186.0,0,0,0.0,362.0,125.0,0.0,0.0,0.0,230932,95,142681,489,0.0,0.5,0.0,0.0,0.0,0.0,0.0,0.0,0.0,0.0,0.0,518.0,185.0,0.0,500.0,184.0,0.0,467.0,178.0,0.0,520.0,185.0,,,,34,,Amara,Nallo,Nallo,,,0,0,0,0,0,0,0,0,0,0,0,0,0,,,,0.0,0.0,0.0,0.0,0.0,0,0,0
387,a,100.0,100.0,7.1,35,20.0,0,0.0,6,-6.0,13.2,27,9.0,134,1,4.2,50.0,22.0,17,661,3.7,88.0,32.0,0.5,18.9,0.0,3161900,5008,1860914,27044,3.7,4.2,4.01,5.6,9.61,39.38,0.13,0.18,0.31,1.23,728.0,30.0,8.0,1068.3,2.0,2.0,336.0,84.0,48.0,213.2,8.0,5.0,1.0,2.0,2.0,34,,Dominik,Szoboszlai,Szoboszlai,,,2872,5,4,9,43,0,0,1,8,1,0,32,313,,,,0.0,0.28,1.35,1.0,9.81,50,92,171
395,u,0.0,0.0,4.5,433,257.0,0,0.0,0,0.0,0.0,809,357.0,0,0,0.0,704.0,276.0,0,0,0.0,608.0,211.0,0.0,0.0,0.0,0,0,361,0,0.0,0.0,0.0,0.0,0.0,0.0,0.0,0.0,0.0,0.0,0.0,698.0,270.0,0.0,694.0,273.0,0.0,677.0,266.0,0.0,700.0,272.0,,,,34,,Tyler,Morton,Morton,Has joined Lyon permanently.,,0,0,0,0,0,0,0,0,0,0,0,0,0,,,,0.0,0.0,0.0,0.0,0.0,0,0,0
396,a,,,4.3,615,363.0,0,0.0,-2,2.0,0.3,325,112.0,5,0,1.0,473.0,206.0,0,9,0.3,325.0,150.0,0.1,1.2,0.0,98891,24,86170,75,0.3,0.8,0.37,0.01,0.38,0.41,2.38,0.06,2.44,2.64,2.4,495.0,227.0,12.7,421.0,209.0,4.0,438.0,213.0,1.8,477.0,214.0,,,,34,,Trey,Nyoni,Nyoni,,,14,0,0,0,1,0,0,0,0,0,0,0,2,,,,0.0,0.0,6.43,0.0,12.86,0,0,2
397,u,0.0,0.0,6.5,51,18.0,0,0.0,0,0.0,0.1,559,78.0,0,0,0.0,825.0,92.0,0,0,0.0,821.0,91.0,0.0,0.0,0.0,0,0,15982,3,0.0,0.0,0.0,0.0,0.0,0.0,0.0,0.0,0.0,0.0,0.0,825.0,92.0,0.0,825.0,92.0,0.0,825.0,92.0,0.0,825.0,92.0,,,,34,,Darwin,Núñez Ribeiro,Darwin,Has joined Al-Hilal permanently.,,0,0,0,0,0,0,0,0,0,0,0,0,0,,,,0.0,0.0,0.0,0.0,0.0,0,0,0
383,u,0.0,0.0,8.0,17,12.0,0,0.0,0,0.0,0.0,607,231.0,0,0,0.0,829.0,372.0,0,0,0.0,826.0,371.0,0.0,0.0,0.0,0,0,7368,2,0.0,0.0,0.0,0.0,0.0,0.0,0.0,0.0,0.0,0.0,0.0,829.0,372.0,0.0,829.0,372.0,0.0,829.0,372.0,0.0,829.0,372.0,,,,34,,Luis,Díaz Marulanda,Luis Díaz,Has joined Bayern Munch permanently.,,0,0,0,0,0,0,0,0,0,0,0,0,0,,,,0.0,0.0,0.0,0.0,0.0,0,0,0
384,a,100.0,100.0,7.3,29,17.0,0,0.0,-2,2.0,5.8,68,23.0,119,2,3.7,104.0,45.0,5,423,4.3,66.0,23.0,0.6,16.3,0.0,3503085,1077,3859271,4154,4.3,4.8,7.08,4.6,11.68,28.79,0.26,0.17,0.43,1.08,486.8,111.0,35.0,657.7,24.0,23.0,762.0,9.0,3.0,190.5,18.0,14.0,3.0,,3.0,34,,Cody,Gakpo,Gakpo,,,2407,6,5,10,31,0,0,0,2,0,0,28,136,,,,0.0,0.37,1.16,1.05,5.09,27,31,78
450,a,100.0,100.0,8.1,15,10.0,1,-1.0,1,-1.0,9.2,40,14.0,125,0,4.2,51.0,23.0,12,506,2.7,142.0,58.0,0.3,15.4,0.0,3466423,7391,3337978,9856,2.7,3.2,6.16,2.73,8.89,31.99,0.25,0.11,0.36,1.29,577.2,64.0,19.0,464.0,54.0,46.0,696.0,21.0,9.0,174.0,26.0,21.0,,,,34,,Matheus,Santos Carneiro da Cunha,Cunha,,,2238,8,4,7,31,0,0,0,3,0,0,26,187,,,,0.0,0.28,1.25,1.05,7.52,35,40,112
452,a,100.0,100.0,6.2,77,51.0,0,0.0,-3,3.0,1.4,173,61.0,77,0,2.9,216.0,88.0,6,415,1.0,271.0,127.0,0.2,12.4,0.0,442682,232,628146,838,1.0,1.5,4.62,3.52,8.14,26.37,0.21,0.16,0.37,1.19,391.2,164.0,58.0,542.1,35.0,32.0,502.0,40.0,23.0,143.7,49.0,33.0,3.0,,,34,,Amad,Diallo,Amad,,,1995,2,4,4,29,0,0,0,2,0,0,23,176,,,,0.0,0.18,1.31,1.04,7.94,35,42,99
454,u,0.0,0.0,5.9,97,64.0,0,0.0,-1,1.0,0.1,574,215.0,0,0,0.0,821.0,367.0,0,0,0.0,810.0,360.0,0.0,0.0,0.0,1511,0,10747,3,0.0,0.0,0.0,0.0,0.0,0.0,0.0,0.0,0.0,0.0,0.0,821.0,367.0,0.0,821.0,367.0,0.0,820.0,367.0,0.0,821.0,367.0,,,,34,,Antony,dos Santos,Antony,has joined Real Betis permanently.,,0,0,0,0,0,0,0,0,0,0,0,0,0,,,,0.0,0.0,0.0,0.0,0.0,0,0,0
468,u,0.0,0.0,4.5,481,67.0,0,0.0,0,0.0,0.1,519,70.0,0,0,0.0,737.0,77.0,0,0,0.0,647.0,66.0,0.0,0.0,0.0,4530,0,14967,4,0.0,0.0,0.0,0.0,0.0,0.0,0.0,0.0,0.0,0.0,0.0,734.0,77.0,0.0,728.0,76.0,0.0,714.0,76.0,0.0,735.0,77.0,,,,34,,Ethan,Wheatley,Wheatley,has joined Bradford City on loan for the rest of the season.,,0,0,0,0,0,0,0,0,0,0,0,0,0,,,,0.0,0.0,0.0,0.0,0.0,0,0,0
463,u,0.0,0.0,4.3,621,368.0,0,0.0,-2,2.0,0.1,529,193.0,0,0,0.0,667.0,255.0,0,0,0.0,550.0,182.0,0.0,0.0,0.0,9069,0,13672,9,0.0,0.0,0.0,0.0,0.0,0.0,0.0,0.0,0.0,0.0,0.0,657.0,245.0,0.0,653.0,250.0,0.0,630.0,239.0,0.0,659.0,247.0,,,,34,,Sékou,Koné,Kone,has joined Lausanne-Sport on loan for the rest of the season.,,0,0,0,0,0,0,0,0,0,0,0,0,0,,,,0.0,0.0,0.0,0.0,0.0,0,0,0
464,u,0.0,0.0,4.5,472,287.0,0,0.0,0,0.0,0.0,704,285.0,0,0,0.0,730.0,300.0,0,0,0.0,638.0,238.0,0.0,0.0,0.0,723,0,2872,1,0.0,0.0,0.0,0.0,0.0,0.0,0.0,0.0,0.0,0.0,0.0,727.0,297.0,0.0,721.0,298.0,0.0,706.0,292.0,0.0,728.0,298.0,,,,34,,Jack,Moorhouse,Moorhouse,has joined Leyton Orient on loan for the rest of the season.,,0,0,0,0,0,0,0,0,0,0,0,0,0,,,,0.0,0.0,0.0,0.0,0.0,0,0,0
465,u,0.0,0.0,6.3,69,23.0,0,0.0,-2,2.0,0.3,353,57.0,0,0,0.0,823.0,91.0,0,0,0.0,818.0,90.0,0.0,0.0,0.0,5437,0,56807,5,0.0,0.0,0.0,0.0,0.0,0.0,0.0,0.0,0.0,0.0,0.0,823.0,91.0,0.0,823.0,91.0,0.0,823.0,91.0,0.0,823.0,91.0,,,,34,,Rasmus,Højlund,Højlund,has joined Napoli on loan for the rest of the season.,,0,0,0,0,0,0,0,0,0,0,0,0,0,,,,0.0,0.0,0.0,0.0,0.0,0,0,0
466,a,100.0,100.0,5.8,106,31.0,0,0.0,-2,2.0,0.4,284,45.0,38,0,2.0,350.0,40.0,6,134,0.3,350.0,47.0,0.1,6.6,0.0,109941,63,131954,73,0.3,0.8,2.18,0.32,2.5,7.63,0.38,0.06,0.44,1.34,154.0,328.0,31.0,162.0,212.0,21.0,195.0,162.0,38.0,50.7,279.0,32.0,,,,34,,Joshua,Zirkzee,Zirkzee,,,512,2,1,1,8,0,0,0,1,0,0,4,38,,,,0.0,0.18,1.41,0.7,6.68,8,12,18
529,i,0.0,0.0,3.9,748,69.0,0,0.0,-1,1.0,0.3,306,40.0,0,0,0.0,548.0,43.0,0,0,0.0,389.0,30.0,0.0,0.0,0.0,19033,13,37011,107,0.0,0.0,0.0,0.0,0.0,0.0,0.0,0.0,0.0,0.0,0.0,537.0,43.0,0.0,522.0,24.0,0.0,490.0,10.0,0.0,539.0,43.0,,,,34,,Simon,Moore,Moore,Hand injury - Unknown return date,,0,0,0,0,0,0,0,0,0,0,0,0,0,,,,0.0,0.0,0.0,0.0,0.0,0,0,0
530,u,0.0,0.0,3.9,776,87.0,0,0.0,-1,1.0,0.1,474,71.0,0,0,0.0,565.0,57.0,0,0,0.0,409.0,45.0,0.0,0.0,0.0,7473,0,13977,25,0.0,0.0,0.0,0.0,0.0,0.0,0.0,0.0,0.0,0.0,0.0,554.0,57.0,0.0,543.0,42.0,0.0,511.0,28.0,0.0,556.0,57.0,,,,34,,Blondy,Nna Noukeu,Nna Noukeu,has joined US Boulogne CO permanently.,,0,0,0,0,0,0,0,0,0,0,0,0,0,,,,0.0,0.0,0.0,0.0,0.0,0,0,0
531,a,100.0,100.0,4.7,385,65.0,0,0.0,2,-2.0,3.2,104,37.0,118,0,4.2,45.0,17.0,9,351,0.0,694.0,249.0,0.0,25.1,0.0,1270958,1478,1121824,2269,0.5,0.0,2.46,0.63,3.09,33.2,0.1,0.03,0.13,1.41,662.8,48.0,21.0,180.8,201.0,52.0,370.0,74.0,4.0,121.5,79.0,16.0,,,,34,,Daniel,Ballard,Ballard,,,2121,2,2,6,34,0,0,0,4,0,0,23,276,,,,0.0,0.25,1.44,0.98,11.2,33,231,69
542,u,0.0,0.0,4.0,716,187.0,0,0.0,0,0.0,0.1,516,186.0,2,0,1.0,462.0,168.0,0,11,0.0,471.0,183.0,0.0,0.5,0.0,3016,0,25380,5,0.0,0.0,0.0,0.01,0.01,1.33,0.0,0.01,0.01,0.9,33.6,437.0,162.0,2.4,463.0,169.0,0.0,569.0,224.0,3.6,466.0,167.0,,,,34,,Jenson,Seelt,Seelt,has joined Wolfsburg on loan for the rest of the season.,,133,0,0,0,2,0,0,0,0,0,0,1,18,,,,0.0,0.0,1.35,0.68,8.12,4,8,6
717,d,75.0,100.0,6.6,48,30.0,1,-1.0,-4,4.0,2.7,118,36.0,80,3,2.9,217.0,89.0,7,345,5.0,48.0,17.0,0.8,12.1,0.0,1067496,3084,784208,17901,3.8,5.5,3.13,3.85,6.98,30.7,0.16,0.2,0.36,1.58,349.6,190.0,75.0,530.8,38.0,35.0,255.0,121.0,71.0,113.6,89.0,54.0,2.0,3.0,4.0,34,,Xavi,Simons,Xavi,Knee injury - 75% chance of playing,,1747,2,5,4,36,0,0,0,5,1,0,19,150,,,,0.0,0.21,1.85,0.98,7.73,34,28,88
802,a,,,5.0,280,173.0,0,0.0,0,0.0,0.0,769,329.0,0,0,0.0,804.0,355.0,0,0,0.0,758.0,327.0,0.0,0.0,0.0,567,13,418,3,0.0,0.0,0.0,0.0,0.0,0.0,0.0,0.0,0.0,0.0,0.0,803.0,354.0,0.0,801.0,354.0,0.0,796.0,352.0,0.0,803.0,354.0,,,,34,,Keiber,Lamadrid,Lamadrid,,,0,0,0,0,0,0,0,0,0,0,0,0,0,,,,0.0,0.0,0.0,0.0,0.0,0,0,0
709,d,50.0,50.0,4.5,430,88.0,0,0.0,0,0.0,0.1,552,196.0,60,0,2.3,301.0,113.0,0,204,0.3,329.0,110.0,0.1,13.3,0.0,26821,15,22866,119,-0.1,-0.1,2.17,1.44,3.61,38.14,0.09,0.06,0.15,1.56,502.0,102.0,45.0,132.6,248.0,65.0,267.0,109.0,15.0,90.5,147.0,49.0,,,,34,,Ladislav,Krejcí,Krejčí,Neck - 50% chance of playing,,2201,2,1,3,44,1,0,0,3,1,0,25,204,,,,0.0,0.12,1.8,1.02,7.4,28,153,72
720,a,,,5.2,212,49.0,0,0.0,-3,3.0,0.1,447,64.0,61,1,2.1,333.0,35.0,4,204,0.7,300.0,40.0,0.1,11.7,0.0,68252,47,55580,270,0.2,0.2,4.63,0.36,4.99,21.78,0.33,0.03,0.36,1.54,226.0,270.0,26.0,173.0,205.0,20.0,479.0,42.0,17.0,87.0,152.0,21.0,,,5.0,34,,Tolu,Arokodare,Tolu,,,1269,3,2,3,27,0,0,1,1,0,0,12,72,,,,0.0,0.21,1.91,0.85,5.11,6,42,24
749,a,,,4.3,625,88.0,0,0.0,-2,2.0,1.3,174,27.0,57,2,2.5,270.0,28.0,6,224,1.3,217.0,29.0,0.3,13.3,0.0,580372,1044,426055,2473,0.8,0.8,1.59,2.01,3.6,27.5,0.1,0.12,0.22,1.71,235.2,262.0,25.0,305.9,120.0,7.0,216.0,147.0,35.0,75.0,185.0,25.0,2.0,1.0,,34,,Mateus,Mané,Mané,,,1451,2,2,5,25,0,0,0,0,0,0,15,106,,,,0.0,0.31,1.55,0.93,6.57,21,29,56
767,a,,,4.5,498,307.0,0,0.0,0,0.0,0.0,766,326.0,0,0,0.0,750.0,315.0,0,0,0.0,664.0,258.0,0.0,0.0,0.0,1272,5,852,5,-0.5,-0.5,0.0,0.0,0.0,0.0,0.0,0.0,0.0,0.0,0.0,748.0,313.0,0.0,741.0,313.0,0.0,728.0,309.0,0.0,748.0,313.0,,,,34,,Luke,Rawlings,Rawlings,,,0,0,0,0,0,0,0,0,0,0,0,0,0,,,,0.0,0.0,0.0,0.0,0.0,0,0,0
777,u,0.0,0.0,4.5,455,272.0,0,0.0,0,0.0,0.0,812,359.0,0,0,0.0,718.0,289.0,0,0,0.0,624.0,225.0,0.0,0.0,0.0,415,0,365,0,0.0,0.0,0.0,0.0,0.0,0.0,0.0,0.0,0.0,0.0,0.0,713.0,284.0,0.0,708.0,286.0,0.0,692.0,279.0,0.0,714.0,285.0,,,,34,,Temple,Ojinnaka,Ojinnaka,has joined Shrewsbury Town on loan for the rest of the season.,,0,0,0,0,0,0,0,0,0,0,0,0,0,,,,0.0,0.0,0.0,0.0,0.0,0,0,0
778,a,,,4.5,490,301.0,0,0.0,0,0.0,0.0,755,321.0,0,0,0.0,743.0,310.0,0,0,0.0,656.0,252.0,0.0,0.0,0.0,1568,11,1002,9,-0.5,-0.5,0.0,0.0,0.0,0.0,0.0,0.0,0.0,0.0,0.0,741.0,308.0,0.0,734.0,308.0,0.0,721.0,304.0,0.0,741.0,308.0,,,,34,,Ethan,Sutherland,Sutherland,,,0,0,0,0,0,0,0,0,0,0,0,0,0,,,,0.0,0.0,0.0,0.0,0.0,0,0,0
809,a,,,4.5,521,324.0,0,0.0,0,0.0,0.0,738,309.0,0,0,0.0,767.0,328.0,0,0,0.0,685.0,274.0,0.0,0.0,0.0,1914,36,843,22,-0.5,-0.5,0.0,0.0,0.0,0.0,0.0,0.0,0.0,0.0,0.0,766.0,327.0,0.0,759.0,327.0,0.0,747.0,324.0,0.0,766.0,327.0,,,,34,,Jerome,Abbey,Abbey,,,0,0,0,0,0,0,0,0,0,0,0,0,0,,,,0.0,0.0,0.0,0.0,0.0,0,0,0
816,a,100.0,75.0,4.6,398,247.0,-1,1.0,-4,4.0,0.0,736,307.0,12,0,1.3,436.0,192.0,0,62,1.0,253.0,113.0,0.2,2.6,0.0,4842,31,3678,26,0.5,0.4,0.21,0.24,0.45,11.49,0.05,0.06,0.11,2.73,42.4,428.0,185.0,66.9,326.0,178.0,23.0,383.0,193.0,13.2,410.0,187.0,,,,34,,Angel,Gomes,Angel,,,379,0,0,1,7,0,0,0,1,0,0,6,27,,,,0.0,0.24,1.66,1.42,6.41,8,5,14
817,a,,,5.2,203,46.0,0,0.0,-3,3.0,0.1,534,74.0,26,2,2.6,259.0,26.0,0,95,2.0,177.0,22.0,0.4,5.0,0.0,23976,117,14689,295,1.5,1.5,1.19,0.68,1.87,18.75,0.13,0.07,0.2,2.07,99.2,380.0,43.0,70.9,321.0,37.0,106.0,267.0,48.0,27.5,362.0,45.0,,,,34,,Adam,Armstrong,Armstrong,,,817,1,2,3,14,0,0,0,3,0,0,10,27,,,,0.0,0.33,1.54,1.1,2.97,5,11,11
828,a,,,4.0,697,57.0,0,0.0,0,0.0,0.0,802,91.0,0,0,0.0,604.0,79.0,0,0,0.0,455.0,69.0,0.0,0.0,0.0,339,29,21,5,-0.5,-0.5,0.0,0.0,0.0,0.0,0.0,0.0,0.0,0.0,0.0,593.0,79.0,0.0,585.0,67.0,0.0,554.0,53.0,0.0,595.0,79.0,,,,34,,Alfie,Brooks,Brooks,,,0,0,0,0,0,0,0,0,0,0,0,0,0,,,,0.0,0.0,0.0,0.0,0.0,0,0,0
17,a,100.0,100.0,7.8,19,13.0,0,0.0,-2,2.0,1.6,156,53.0,67,3,3.0,206.0,83.0,5,284,1.7,213.0,96.0,0.2,8.6,0.0,391140,1385,651097,282,2.7,2.7,1.04,3.46,4.5,15.16,0.07,0.25,0.32,1.09,272.4,241.0,102.0,501.8,45.0,40.0,150.0,213.0,117.0,92.3,143.0,78.0,4.0,,3.0,34,,Martin,Ødegaard,Ødegaard,,,1250,1,6,5,13,0,0,0,0,0,0,15,97,,,,0.0,0.36,0.94,1.08,6.98,19,13,65
18,a,100.0,100.0,6.8,44,28.0,0,0.0,-2,2.0,0.8,211,72.0,59,3,2.6,262.0,110.0,6,199,1.7,211.0,95.0,0.3,8.7,0.0,378970,468,428422,369,2.7,2.7,1.07,2.31,3.38,11.87,0.09,0.19,0.28,1.0,205.6,285.0,119.0,280.9,139.0,92.0,337.0,82.0,46.0,82.3,169.0,88.0,3.0,,,34,,Noni,Madueke,Madueke,,,1067,2,1,7,9,0,0,0,0,0,0,15,61,,,,0.0,0.59,0.76,1.27,5.15,21,11,29
19,a,100.0,100.0,6.8,45,29.0,0,0.0,-2,2.0,0.9,204,71.0,49,0,1.8,388.0,164.0,1,164,0.7,311.0,145.0,0.1,7.2,0.0,195046,213,271965,317,1.7,1.7,4.1,1.03,5.13,9.45,0.38,0.1,0.48,0.87,170.6,315.0,139.0,158.5,218.0,141.0,337.0,83.0,47.0,66.0,223.0,108.0,,,,34,,Gabriel,Martinelli Silva,Martinelli,,,974,1,4,2,7,0,0,0,3,0,0,10,72,,,,0.0,0.18,0.65,0.92,6.65,12,13,47
20,a,100.0,100.0,6.5,49,31.0,0,0.0,-5,5.0,0.8,221,76.0,101,0,3.6,114.0,52.0,9,365,0.7,310.0,144.0,0.1,15.5,0.0,544815,394,512240,599,1.7,1.7,4.96,2.8,7.76,12.23,0.26,0.15,0.41,0.64,424.6,139.0,47.0,478.5,51.0,44.0,440.0,53.0,31.0,134.6,56.0,35.0,,,4.0,34,,Leandro,Trossard,Trossard,,,1727,5,5,8,15,0,0,0,1,0,0,18,121,,,,0.0,0.42,0.78,0.94,6.31,26,26,69
688,a,,,3.9,773,84.0,0,0.0,-1,1.0,0.6,248,34.0,0,0,0.0,563.0,55.0,0,0,0.0,407.0,43.0,0.0,0.0,0.0,62144,18,47471,83,0.0,0.0,0.0,0.0,0.0,0.0,0.0,0.0,0.0,0.0,0.0,552.0,55.0,0.0,540.0,39.0,0.0,508.0,25.0,0.0,554.0,55.0,,,,34,,James,Wright,Wright,,,0,0,0,0,0,0,0,0,0,0,0,0,0,,,,0.0,0.0,0.0,0.0,0.0,0,0,0
210,a,,,4.8,365,227.0,0,0.0,-2,2.0,0.0,634,245.0,42,0,1.7,397.0,169.0,0,141,1.0,258.0,117.0,0.2,8.8,0.0,4965,4,6161,3,0.5,0.0,0.97,0.69,1.66,19.09,0.09,0.07,0.16,1.86,105.4,372.0,166.0,136.6,243.0,155.0,120.0,248.0,136.0,36.4,334.0,162.0,,4.0,,34,,Loum,Tchaouna,Tchaouna,,,924,1,1,2,17,0,0,0,1,0,0,10,50,,,,0.0,0.19,1.66,0.97,4.87,14,12,24
211,u,0.0,0.0,4.4,545,326.0,0,0.0,-1,1.0,1.4,170,60.0,0,0,0.0,675.0,258.0,0,0,0.0,566.0,186.0,0.0,0.0,0.0,62789,0,933351,66,0.0,0.0,0.0,0.0,0.0,0.0,0.0,0.0,0.0,0.0,0.0,666.0,249.0,0.0,662.0,253.0,0.0,641.0,243.0,0.0,668.0,251.0,,,,34,,Aaron,Ramsey,A.Ramsey,has joined Leicester City on loan for the rest of the season.,,0,0,0,0,0,0,0,0,0,0,0,0,0,,,,0.0,0.0,0.0,0.0,0.0,0,0,0
212,u,0.0,0.0,4.5,482,294.0,0,0.0,0,0.0,0.0,770,330.0,0,0,0.0,738.0,306.0,0,0,0.0,648.0,245.0,0.0,0.0,0.0,0,0,2770,1,0.0,0.0,0.0,0.0,0.0,0.0,0.0,0.0,0.0,0.0,0.0,735.0,303.0,0.0,729.0,304.0,0.0,715.0,299.0,0.0,736.0,304.0,,,,34,,Oluwaseun,Adewumi,Adewumi,Has joined Cercle Brugge on loan for the rest of the season.,,0,0,0,0,0,0,0,0,0,0,0,0,0,,,,0.0,0.0,0.0,0.0,0.0,0,0,0
237,a,100.0,100.0,6.5,52,33.0,0,0.0,0,0.0,11.3,32,10.0,133,0,4.2,49.0,21.0,14,608,1.3,239.0,109.0,0.2,20.5,0.0,5618197,4293,4919865,9627,1.8,0.0,10.76,6.4,17.16,38.72,0.35,0.21,0.56,1.27,717.4,35.0,9.0,908.1,4.0,4.0,692.0,22.0,10.0,231.8,3.0,2.0,3.0,2.0,2.0,34,,Enzo,Fernández,Enzo,,,2754,8,4,8,39,0,0,0,8,0,0,31,221,,,,0.0,0.26,1.27,1.01,7.22,50,48,123
238,i,0.0,0.0,6.4,61,40.0,0,0.0,-1,1.0,1.8,150,50.0,58,0,2.6,261.0,109.0,4,172,0.7,309.0,143.0,0.1,9.1,0.0,873561,15,926010,1977,0.0,0.0,2.91,2.14,5.05,10.29,0.31,0.23,0.54,1.1,183.4,305.0,133.0,230.9,167.0,113.0,314.0,91.0,53.0,72.6,199.0,96.0,4.0,,3.0,34,,Estêvão,Almeida de Oliveira Gonçalves,Estêvão,Hamstring injury - Expected back 01 Jun,,839,2,5,4,11,0,0,0,4,0,0,12,56,,,,0.0,0.43,1.18,1.29,6.01,11,9,36
257,a,100.0,100.0,5.1,232,34.0,0,0.0,1,-1.0,5.3,73,24.0,146,3,4.7,24.0,8.0,11,501,6.0,24.0,12.0,1.2,28.6,0.0,1814021,9941,1358014,2952,6.0,5.5,2.36,0.77,3.13,38.23,0.08,0.03,0.11,1.25,738.8,25.0,10.0,93.5,293.0,90.0,282.0,103.0,11.0,111.4,93.0,22.0,,,,34,,Maxence,Lacroix,Lacroix,,,2755,1,2,11,38,0,0,0,3,1,0,31,358,,,,0.0,0.36,1.24,1.01,10.81,53,278,85
258,a,,,5.0,256,40.0,0,0.0,0,0.0,2.3,132,53.0,126,0,3.8,84.0,31.0,8,462,4.0,74.0,32.0,0.8,25.2,0.0,515406,1999,416908,1533,4.0,3.5,1.12,2.27,3.39,42.97,0.03,0.07,0.1,1.34,562.0,73.0,34.0,430.8,64.0,11.0,193.0,165.0,35.0,118.7,82.0,17.0,,,,34,,Tyrick,Mitchell,Mitchell,,,2893,1,2,12,38,0,0,0,5,0,0,33,259,,,,0.0,0.37,1.18,1.03,6.56,86,125,156
259,a,100.0,100.0,4.8,356,60.0,0,0.0,-2,2.0,0.1,453,170.0,6,0,0.9,512.0,175.0,0,9,0.3,335.0,113.0,0.1,1.2,0.0,12254,33,19142,19,0.3,-0.2,0.04,0.07,0.11,0.9,0.04,0.06,0.1,0.82,12.6,466.0,170.0,24.1,395.0,142.0,8.0,427.0,162.0,4.5,462.0,166.0,,,,34,,Borna,Sosa,Sosa,,,99,0,0,0,2,0,0,0,1,0,0,0,10,,,,0.0,0.0,1.82,0.0,8.18,3,6,3
261,a,100.0,100.0,4.4,542,115.0,0,0.0,-1,1.0,2.5,124,49.0,123,1,4.2,44.0,16.0,5,447,3.0,108.0,43.0,0.7,28.0,0.0,1031456,3932,902824,2200,3.0,2.5,1.76,1.46,3.22,36.48,0.06,0.05,0.11,1.26,678.2,42.0,17.0,152.2,224.0,59.0,147.0,216.0,54.0,98.0,123.0,35.0,,,,34,,Chris,Richards,Richards,,,2602,1,0,11,35,0,0,0,3,0,0,29,301,,,,0.0,0.38,1.21,1.0,10.0,51,238,60
262,a,100.0,100.0,4.0,711,184.0,0,0.0,0,0.0,0.0,588,210.0,14,0,2.3,297.0,110.0,0,58,0.0,466.0,180.0,0.0,3.5,0.0,6827,13,4775,48,0.0,-0.5,0.11,0.05,0.16,4.33,0.03,0.01,0.04,1.25,63.8,409.0,153.0,21.3,400.0,144.0,14.0,401.0,146.0,9.9,423.0,151.0,,,,34,,Chadi,Riad Dnanou,Chadi Riad,,,312,0,1,1,3,0,0,0,2,0,0,3,18,,,,0.0,0.29,0.87,0.87,5.19,4,14,12
263,a,100.0,75.0,3.8,793,234.0,0,0.0,-2,2.0,0.5,270,101.0,15,0,1.9,351.0,127.0,2,49,0.0,364.0,126.0,0.0,3.9,0.0,92747,23,113225,262,0.0,-0.4,0.43,0.6,1.03,7.31,0.08,0.11,0.19,1.33,80.6,395.0,147.0,53.5,350.0,122.0,33.0,361.0,120.0,16.6,398.0,142.0,,,,34,,Nathaniel,Clyne,Clyne,,,494,0,1,0,9,0,0,0,1,0,0,6,39,,,,0.0,0.0,1.64,1.09,7.11,14,25,16
264,u,0.0,0.0,4.0,673,164.0,0,0.0,0,0.0,0.0,709,249.0,0,0,0.0,584.0,212.0,0,0,0.0,432.0,163.0,0.0,0.0,0.0,0,0,3938,1,0.0,0.0,0.0,0.0,0.0,0.0,0.0,0.0,0.0,0.0,0.0,573.0,211.0,0.0,564.0,211.0,0.0,533.0,207.0,0.0,575.0,211.0,,,,34,,Rob,Holding,Holding,Has joined Colorado Rapids permanently.,,0,0,0,0,0,0,0,0,0,0,0,0,0,,,,0.0,0.0,0.0,0.0,0.0,0,0,0
367,i,0.0,0.0,4.1,659,37.0,0,0.0,-4,4.0,0.7,237,32.0,31,0,3.9,67.0,6.0,2,120,3.3,91.0,10.0,0.8,7.6,0.0,189364,20,188898,1592,0.0,0.0,0.0,0.0,0.0,10.94,0.0,0.0,0.0,1.43,215.6,279.0,24.0,0.0,626.0,78.0,0.0,597.0,64.0,21.5,384.0,25.0,,,,34,,Giorgi,Mamardashvili,Mamardashvili,Knee injury - Unknown return date,,687,0,0,2,13,0,1,0,0,0,27,8,45,,,,3.54,0.26,1.7,1.05,0.0,0,9,59
830,a,,,4.5,519,75.0,0,0.0,0,0.0,0.0,829,93.0,0,0,0.0,765.0,84.0,0,0,0.0,683.0,74.0,0.0,0.0,0.0,10,10,1,1,1.3,1.8,0.0,0.0,0.0,0.0,0.0,0.0,0.0,0.0,0.0,764.0,84.0,0.0,757.0,83.0,0.0,745.0,83.0,0.0,764.0,84.0,,,,34,,Will,Wright,Wright,,,0,0,0,0,0,0,0,0,0,0,0,0,0,,,,0.0,0.0,0.0,0.0,0.0,0,0,0
82,a,100.0,100.0,8.2,14,9.0,0,0.0,12,-12.0,51.3,2,1.0,181,0,5.7,5.0,2.0,17,602,2.3,164.0,69.0,0.3,22.1,0.0,12623772,21151,7646986,42262,2.8,0.0,10.54,2.67,13.2,43.94,0.33,0.08,0.41,1.4,816.8,10.0,2.0,538.4,37.0,34.0,922.0,5.0,1.0,227.6,5.0,3.0,,4.0,,34,,Antoine,Semenyo,Semenyo,,,2834,15,6,10,48,0,0,1,7,0,0,32,218,,,,0.0,0.32,1.52,1.02,6.92,42,43,133
478,a,100.0,100.0,4.9,285,44.0,0,0.0,-1,1.0,1.4,169,65.0,51,0,2.7,237.0,94.0,2,211,0.3,338.0,114.0,0.1,10.4,0.0,261653,155,383171,286,0.3,-0.7,0.08,2.0,2.08,20.38,0.0,0.12,0.12,1.22,274.6,239.0,95.0,465.0,53.0,7.0,14.0,403.0,148.0,75.3,183.0,62.0,4.0,2.0,,34,,Kieran,Trippier,Trippier,,,1501,0,1,5,26,0,0,0,3,0,0,17,107,,,,0.0,0.3,1.56,1.02,4.68,23,55,70
479,i,0.0,0.0,4.3,577,123.0,0,0.0,-2,2.0,0.0,625,224.0,0,0,0.0,653.0,252.0,0,-8,0.0,522.0,220.0,0.0,0.0,0.0,1658,8,5306,7,0.0,0.0,0.0,0.0,0.0,0.25,0.0,0.0,0.0,0.5,1.4,501.0,178.0,1.2,475.0,173.0,0.0,613.0,251.0,0.3,505.0,177.0,,,,34,,Emil,Krafth,Krafth,Knee injury - Unknown return date,,45,0,0,0,2,0,0,0,0,0,0,1,1,,,,0.0,0.0,4.0,2.0,2.0,0,1,0
354,a,100.0,100.0,4.9,298,185.0,0,0.0,-1,1.0,0.5,261,90.0,117,0,3.8,81.0,36.0,8,517,5.0,42.0,13.0,1.0,23.9,0.0,116505,2332,60957,540,5.5,0.0,2.38,2.11,4.49,41.15,0.08,0.07,0.15,1.34,539.4,83.0,27.0,345.8,96.0,69.0,151.0,212.0,116.0,104.0,107.0,62.0,,,,34,,Ethan,Ampadu,Ampadu,,,2759,1,3,7,44,0,0,0,8,0,0,31,373,,,,0.0,0.23,1.44,1.01,12.17,75,134,164
356,i,0.0,0.0,4.7,390,242.0,0,0.0,-3,3.0,0.1,486,170.0,56,0,2.4,282.0,117.0,3,245,0.7,289.0,135.0,0.1,11.9,0.0,22965,7,18030,378,0.0,0.0,0.49,0.86,1.35,25.27,0.03,0.06,0.09,1.73,199.4,293.0,124.0,171.0,208.0,135.0,64.0,318.0,167.0,43.2,302.0,149.0,4.0,,,34,,Ilia,Gruev,Gruev,Knee injury - Expected back 01 Jun,,1318,0,4,5,23,0,0,0,3,0,0,15,114,,,,0.0,0.34,1.57,1.02,7.78,23,40,51
357,u,0.0,0.0,4.9,320,198.0,0,0.0,-1,1.0,0.0,720,298.0,0,0,0.0,783.0,339.0,0,0,0.0,725.0,301.0,0.0,0.0,0.0,203,0,4336,0,0.0,0.0,0.0,0.0,0.0,0.0,0.0,0.0,0.0,0.0,0.0,782.0,338.0,0.0,778.0,338.0,0.0,774.0,336.0,0.0,782.0,338.0,,,,34,,Largie,Ramazani,Ramazani,has joined Valencia on loan for the rest of the season.,,0,0,0,0,0,0,0,0,0,0,0,0,0,,,,0.0,0.0,0.0,0.0,0.0,0,0,0
627,i,0.0,0.0,4.4,527,25.0,0,0.0,-1,1.0,0.1,438,63.0,21,0,1.8,370.0,35.0,0,117,0.0,555.0,86.0,0.0,4.8,0.0,20930,19,26290,55,0.0,0.0,0.0,0.02,0.02,18.59,0.0,0.0,0.0,1.55,308.0,216.0,23.0,0.1,490.0,16.0,0.0,634.0,74.0,30.8,351.0,23.0,,,,34,,Sam,Johnstone,Johnstone,Shoulder injury - Expected back 24 May,,1080,0,0,0,24,1,0,0,0,0,39,12,71,,,,3.25,0.0,2.0,1.0,0.0,2,24,107
628,a,100.0,75.0,4.2,632,31.0,0,0.0,-3,3.0,1.2,183,22.0,59,2,2.8,219.0,26.0,6,264,1.0,248.0,20.0,0.2,14.0,0.0,121602,188,208686,717,0.5,0.4,0.0,0.03,0.03,32.8,0.0,0.0,0.0,1.56,445.4,130.0,19.0,10.0,430.0,9.0,0.0,603.0,68.0,45.9,296.0,19.0,,,,34,,José,Malheiro de Sá,José Sá,,,1890,0,0,4,35,0,0,0,2,0,54,21,40,,,,2.57,0.19,1.67,1.0,0.0,0,43,191
3,u,0.0,0.0,4.0,691,53.0,0,0.0,0,0.0,0.2,380,54.0,0,0,0.0,599.0,75.0,0,0,0.0,449.0,65.0,0.0,0.0,0.0,5545,0,48515,14,0.0,0.0,0.0,0.0,0.0,0.0,0.0,0.0,0.0,0.0,0.0,588.0,75.0,0.0,580.0,63.0,0.0,549.0,49.0,0.0,590.0,75.0,,,,34,,Karl,Hein,Hein,Has joined Werder Bremen on loan for the rest of the season.,,0,0,0,0,0,0,0,0,0,0,0,0,0,,,,0.0,0.0,0.0,0.0,0.0,0,0,0
4,a,,,3.9,783,90.0,0,0.0,-1,1.0,0.2,370,53.0,0,0,0.0,571.0,60.0,0,0,0.0,416.0,48.0,0.0,0.0,0.0,34186,19,35038,50,1.0,1.0,0.0,0.0,0.0,0.0,0.0,0.0,0.0,0.0,0.0,560.0,60.0,0.0,549.0,45.0,0.0,517.0,31.0,0.0,562.0,60.0,,,,34,,Tommy,Setford,Setford,,,0,0,0,0,0,0,0,0,0,0,0,0,0,,,,0.0,0.0,0.0,0.0,0.0,0,0,0
5,a,100.0,100.0,7.1,34,1.0,0,0.0,11,-11.0,43.3,4,1.0,185,8,6.6,2.0,1.0,27,636,4.0,79.0,33.0,0.6,26.1,0.0,8743050,29057,5799485,4569,5.0,5.0,2.0,1.68,3.68,19.28,0.07,0.06,0.13,0.71,739.0,24.0,9.0,109.8,272.0,78.0,225.0,138.0,25.0,107.2,100.0,27.0,,,,34,,Gabriel,dos Santos Magalhães,Gabriel,,,2435,3,5,15,19,0,0,0,4,0,0,27,263,,,,0.0,0.55,0.7,1.0,9.17,35,213,56
6,a,100.0,100.0,6.1,84,5.0,0,0.0,1,-1.0,14.4,25,9.0,117,6,4.2,48.0,20.0,9,499,3.3,98.0,38.0,0.5,19.2,0.0,2215357,23503,2420036,3453,4.3,4.3,0.88,0.73,1.61,18.61,0.03,0.03,0.06,0.71,478.8,114.0,51.0,171.1,207.0,53.0,76.0,300.0,89.0,72.5,201.0,69.0,,,,34,,William,Saliba,Saliba,,,2344,1,0,12,20,0,0,0,1,0,0,27,202,,,,0.0,0.46,0.77,1.04,6.57,33,138,103
7,d,75.0,75.0,5.6,131,13.0,0,0.0,1,-1.0,5.9,65,22.0,93,0,4.2,47.0,19.0,4,339,0.0,803.0,265.0,0.0,16.6,0.0,2665757,106,2511209,1707,0.8,0.8,2.92,0.49,3.41,8.96,0.18,0.03,0.21,0.56,244.4,257.0,103.0,127.9,255.0,69.0,249.0,124.0,22.0,62.2,239.0,82.0,,,,34,,Riccardo,Calafiori,Calafiori,Knock - 75% chance of playing,,1446,1,2,11,8,0,0,0,5,0,0,18,134,,,,0.0,0.68,0.5,1.12,5.91,31,64,65
9,u,0.0,0.0,5.4,168,20.0,0,0.0,-1,1.0,0.0,595,212.0,0,0,0.0,813.0,268.0,0,0,0.0,788.0,262.0,0.0,0.0,0.0,1119,0,10936,2,0.0,0.0,0.0,0.0,0.0,0.0,0.0,0.0,0.0,0.0,0.0,812.0,268.0,0.0,811.0,268.0,0.0,809.0,268.0,0.0,812.0,268.0,,,,34,,Jakub,Kiwior,Kiwior,has joined Porto on loan for the rest of the season.,,0,0,0,0,0,0,0,0,0,0,0,0,0,,,,0.0,0.0,0.0,0.0,0.0,0,0,0
10,a,,,5.0,270,42.0,0,0.0,-5,5.0,1.4,172,66.0,14,1,0.9,515.0,176.0,0,44,0.7,298.0,98.0,0.1,2.8,0.0,137314,90,469784,142,1.7,1.7,0.1,0.09,0.19,6.51,0.02,0.02,0.04,1.43,45.2,424.0,157.0,47.8,359.0,126.0,25.0,377.0,130.0,11.7,419.0,149.0,,,,34,,Myles,Lewis-Skelly,Lewis-Skelly,,,410,0,0,0,7,0,0,0,3,0,0,2,27,,,,0.0,0.0,1.54,0.44,4.39,6,14,17
11,a,100.0,100.0,5.1,225,31.0,0,0.0,-4,4.0,0.5,265,100.0,38,6,3.8,87.0,32.0,3,151,2.7,134.0,52.0,0.5,7.5,0.0,358022,842,413131,123,3.7,3.7,0.45,0.55,1.0,8.22,0.07,0.08,0.15,1.25,134.6,342.0,130.0,110.8,270.0,77.0,48.0,338.0,109.0,29.4,356.0,120.0,,,,34,,Benjamin,White,White,,,590,0,1,4,6,0,0,0,0,0,0,7,52,,,,0.0,0.61,0.92,1.07,7.32,15,33,23
14,u,0.0,0.0,3.9,789,231.0,0,0.0,-1,1.0,0.1,501,178.0,0,0,0.0,576.0,209.0,0,0,0.0,422.0,159.0,0.0,0.0,0.0,10218,0,22775,5,0.0,0.0,0.0,0.0,0.0,0.0,0.0,0.0,0.0,0.0,0.0,565.0,208.0,0.0,554.0,208.0,0.0,522.0,203.0,0.0,567.0,208.0,,,,34,,Maldini,Kacurri,Kacurri,has joined Morecambe on loan for the rest of the season.,,0,0,0,0,0,0,0,0,0,0,0,0,0,,,,0.0,0.0,0.0,0.0,0.0,0,0,0
15,a,,,3.7,825,263.0,0,0.0,-3,3.0,0.2,359,129.0,0,0,0.0,527.0,184.0,0,0,0.0,359.0,122.0,0.0,0.0,0.0,33172,44,33647,97,1.0,1.0,0.0,0.0,0.0,0.0,0.0,0.0,0.0,0.0,0.0,516.0,183.0,0.0,497.0,181.0,0.0,464.0,175.0,0.0,518.0,183.0,,,,34,,Josh,Nichols,Nichols,,,0,0,0,0,0,0,0,0,0,0,0,0,0,,,,0.0,0.0,0.0,0.0,0.0,0,0,0
16,a,100.0,75.0,9.8,6,4.0,0,0.0,-2,2.0,7.0,59,21.0,134,1,4.8,22.0,9.0,14,499,0.3,354.0,165.0,0.0,13.7,0.0,4162341,8604,5250666,2927,1.3,1.0,7.05,5.76,12.81,14.42,0.32,0.26,0.58,0.65,538.8,84.0,28.0,725.9,12.0,12.0,762.0,10.0,4.0,202.9,11.0,8.0,2.0,2.0,1.0,34,,Bukayo,Saka,Saka,,,2004,6,8,10,16,0,0,0,1,0,0,22,164,,,,0.0,0.45,0.72,0.99,7.37,35,25,104
21,a,100.0,100.0,7.2,31,18.0,0,0.0,7,-7.0,24.4,12,4.0,171,2,5.2,10.0,5.0,23,739,2.7,141.0,57.0,0.4,23.8,0.0,7290017,19138,5352071,20119,3.7,3.7,3.15,6.85,10.0,22.24,0.1,0.22,0.32,0.7,770.8,19.0,6.0,976.1,3.0,3.0,286.0,102.0,63.0,203.4,10.0,7.0,1.0,1.0,,34,,Declan,Rice,Rice,,,2850,4,9,15,25,0,0,0,3,0,0,32,338,,,,0.0,0.47,0.79,1.01,10.67,62,112,164
22,i,0.0,0.0,5.4,160,100.0,0,0.0,-6,6.0,0.8,219,75.0,66,0,3.1,196.0,77.0,5,238,0.0,783.0,344.0,0.0,12.2,0.0,836038,9,845701,169,0.0,0.0,2.99,1.45,4.44,6.59,0.27,0.13,0.4,0.6,304.4,219.0,92.0,187.0,194.0,127.0,237.0,127.0,74.0,72.6,197.0,95.0,,,,34,,Mikel,Merino Zazón,Merino,Foot injury - Unknown return date,,996,4,3,4,9,0,0,0,1,0,0,10,111,,,,0.0,0.36,0.81,0.9,10.03,26,30,55
23,u,0.0,0.0,5.4,167,105.0,0,0.0,-1,1.0,0.0,693,279.0,0,0,0.0,812.0,360.0,0,0,0.0,787.0,346.0,0.0,0.0,0.0,933,0,4440,4,0.0,0.0,0.0,0.0,0.0,0.0,0.0,0.0,0.0,0.0,0.0,811.0,359.0,0.0,810.0,359.0,0.0,808.0,358.0,0.0,811.0,359.0,,,,34,,Fábio,Ferreira Vieira,Fábio Vieira,has joined Hamburger on loan for the rest of the season.,,0,0,0,0,0,0,0,0,0,0,0,0,0,,,,0.0,0.0,0.0,0.0,0.0,0,0,0
29,u,0.0,0.0,4.5,432,256.0,0,0.0,0,0.0,0.0,590,222.0,0,0,0.0,703.0,275.0,0,0,0.0,607.0,210.0,0.0,0.0,0.0,2952,0,14133,2,0.0,0.0,0.0,0.0,0.0,0.0,0.0,0.0,0.0,0.0,0.0,697.0,269.0,0.0,693.0,272.0,0.0,676.0,265.0,0.0,699.0,271.0,,,,34,,Albert,Sambi Lokonga,Sambi,has joined Hamburger permanently.,,0,0,0,0,0,0,0,0,0,0,0,0,0,,,,0.0,0.0,0.0,0.0,0.0,0,0,0
30,d,75.0,100.0,7.3,28,12.0,0,0.0,-2,2.0,0.8,210,31.0,23,4,2.6,263.0,27.0,0,86,3.7,89.0,13.0,0.5,3.2,0.0,173900,2130,212386,2792,3.5,4.7,2.52,0.13,2.65,4.78,0.52,0.03,0.55,0.98,89.8,386.0,44.0,62.0,337.0,42.0,136.0,229.0,46.0,28.9,359.0,44.0,,,,34,,Kai,Havertz,Havertz,Muscle injury - 75% chance of playing,,437,1,2,3,3,0,0,0,0,0,0,6,26,,,,0.0,0.62,0.62,1.24,5.35,5,8,13
31,a,100.0,100.0,6.4,55,20.0,0,0.0,-1,1.0,0.3,313,49.0,18,0,1.5,419.0,50.0,0,73,0.3,353.0,48.0,0.0,2.8,0.0,149798,118,131048,278,1.3,1.3,1.83,0.23,2.06,3.57,0.52,0.07,0.59,1.01,107.0,370.0,40.0,36.4,376.0,50.0,228.0,135.0,32.0,36.9,332.0,40.0,,,,34,,Gabriel,Fernando de Jesus,G.Jesus,,,318,2,0,0,6,0,0,0,2,0,0,2,26,,,,0.0,0.0,1.7,0.57,7.36,4,4,18
266,d,75.0,100.0,7.2,32,19.0,0,0.0,-3,3.0,8.0,49,17.0,103,6,3.6,116.0,54.0,8,395,3.0,126.0,48.0,0.4,14.3,0.0,3436650,7343,3824544,3258,3.0,4.0,4.09,2.51,6.6,12.5,0.22,0.14,0.36,0.68,377.6,172.0,63.0,268.5,144.0,96.0,384.0,70.0,43.0,102.8,110.0,64.0,,,,34,,Eberechi,Eze,Eze,Muscle injury - 75% chance of playing,,1655,7,3,8,13,0,0,0,1,0,0,19,108,,,,0.0,0.44,0.71,1.03,5.87,18,21,69
662,a,100.0,100.0,5.3,198,25.0,0,0.0,-2,2.0,0.2,401,150.0,29,0,1.8,387.0,142.0,1,158,0.3,345.0,117.0,0.1,5.5,0.0,50923,269,54116,187,1.3,1.3,0.1,0.51,0.61,6.86,0.01,0.06,0.07,0.82,166.6,319.0,123.0,53.2,351.0,123.0,14.0,405.0,149.0,23.4,378.0,130.0,,,,34,,Cristhian,Mosquera,Mosquera,,,754,0,0,2,7,0,0,0,3,0,0,7,90,,,,0.0,0.24,0.84,0.84,9.19,26,51,28
666,a,100.0,100.0,8.8,9,5.0,0,0.0,-2,2.0,12.2,30,7.0,108,1,3.4,146.0,12.0,13,396,2.3,165.0,21.0,0.3,12.3,0.0,3702499,6982,5244461,13906,3.3,3.3,10.28,1.78,12.05,15.63,0.45,0.08,0.53,0.69,445.0,131.0,13.0,214.4,176.0,14.0,658.0,24.0,14.0,130.9,59.0,13.0,,,2.0,34,,Viktor,Gyökeres,Gyökeres,,,2040,12,0,10,13,0,0,0,5,0,0,24,75,,,,0.0,0.44,0.57,1.06,3.31,6,22,47
700,a,100.0,100.0,4.2,652,373.0,0,0.0,-3,3.0,0.7,224,79.0,12,0,3.0,203.0,80.0,0,43,0.3,320.0,147.0,0.1,2.9,0.0,237601,1891,164176,1170,1.3,1.3,1.11,0.14,1.25,0.67,1.26,0.16,1.42,0.76,41.2,429.0,186.0,38.4,373.0,190.0,57.0,330.0,172.0,13.7,406.0,184.0,,,,34,,Max,Dowman,Dowman,,,79,1,1,0,1,0,0,0,0,0,0,0,7,,,,0.0,0.0,1.14,0.0,7.97,2,0,5
711,a,,,4.4,574,345.0,0,0.0,-1,1.0,0.0,708,288.0,0,0,0.0,692.0,269.0,0,0,0.0,590.0,203.0,0.0,0.0,0.0,1989,6,1905,6,1.0,1.0,0.0,0.0,0.0,0.0,0.0,0.0,0.0,0.0,0.0,686.0,263.0,0.0,681.0,266.0,0.0,662.0,258.0,0.0,688.0,265.0,,,,34,,Andre,Harriman-Annous,Harriman-Annous,,,0,0,0,0,0,0,0,0,0,0,0,0,0,,,,0.0,0.0,0.0,0.0,0.0,0,0,0
32,a,100.0,100.0,5.1,221,6.0,0,0.0,1,-1.0,4.8,81,15.0,110,3,3.8,86.0,10.0,10,486,1.7,201.0,16.0,0.3,21.6,0.0,1094616,3630,750567,3068,1.7,1.7,0.0,0.07,0.07,38.71,0.0,0.0,0.0,1.36,683.6,41.0,11.0,13.2,418.0,5.0,0.0,799.0,91.0,69.6,213.0,11.0,,,,34,,Emiliano,Martínez Romero,Martinez,,,2565,0,0,7,33,0,1,0,2,0,85,29,78,,,,2.98,0.25,1.16,1.02,0.0,0,26,249
33,a,100.0,100.0,4.2,629,29.0,0,0.0,-3,3.0,0.4,295,39.0,14,0,2.3,298.0,29.0,0,65,1.0,247.0,19.0,0.2,3.3,0.0,85188,46,116744,71,1.0,1.0,0.0,0.0,0.0,9.68,0.0,0.0,0.0,1.76,118.2,361.0,27.0,0.0,629.0,80.0,0.0,601.0,66.0,11.8,418.0,27.0,,,,34,,Marco,Bizot,M.Bizot,,,495,0,0,1,9,0,0,0,2,0,17,5,23,,,,3.09,0.18,1.64,0.91,0.0,0,7,50
34,u,0.0,0.0,4.0,690,52.0,0,0.0,0,0.0,0.1,506,75.0,0,0,0.0,598.0,74.0,0,0,0.0,448.0,64.0,0.0,0.0,0.0,0,0,17687,2,0.0,0.0,0.0,0.0,0.0,0.0,0.0,0.0,0.0,0.0,0.0,587.0,74.0,0.0,579.0,62.0,0.0,548.0,48.0,0.0,589.0,74.0,,,,34,,Joe,Gauci,Gauci,Has joined Port Vale on loan for the rest of the season.,,0,0,0,0,0,0,0,0,0,0,0,0,0,,,,0.0,0.0,0.0,0.0,0.0,0,0,0
35,u,0.0,0.0,4.0,689,51.0,0,0.0,0,0.0,0.0,756,87.0,0,0,0.0,597.0,73.0,0,0,0.0,447.0,63.0,0.0,0.0,0.0,0,0,1290,0,0.0,0.0,0.0,0.0,0.0,0.0,0.0,0.0,0.0,0.0,0.0,586.0,73.0,0.0,578.0,61.0,0.0,547.0,47.0,0.0,588.0,73.0,,,,34,,Filip,Marschall,Marschall,Has joined Stevenage permanently.,,0,0,0,0,0,0,0,0,0,0,0,0,0,,,,0.0,0.0,0.0,0.0,0.0,0,0,0
36,a,100.0,100.0,4.7,382,64.0,0,0.0,2,-2.0,8.4,47,15.0,110,2,3.5,126.0,47.0,6,417,1.3,221.0,77.0,0.3,23.4,0.0,2954154,3477,2283867,5525,1.3,1.3,1.13,2.75,3.88,41.25,0.04,0.09,0.13,1.37,577.0,65.0,30.0,450.8,57.0,9.0,215.0,149.0,29.0,124.3,73.0,15.0,3.0,,,34,,Matty,Cash,Cash,,,2712,3,2,8,32,0,0,0,8,0,0,31,192,,,,0.0,0.27,1.06,1.03,5.61,57,112,80
37,a,100.0,100.0,4.5,411,75.0,0,0.0,0,0.0,1.6,154,59.0,92,2,3.2,169.0,67.0,5,362,2.3,145.0,56.0,0.5,20.4,0.0,348303,634,377343,608,2.3,2.3,0.63,3.1,3.73,26.19,0.03,0.16,0.19,1.36,367.2,180.0,74.0,424.5,66.0,12.0,126.0,241.0,62.0,91.7,145.0,47.0,2.0,2.0,,34,,Lucas,Digne,Digne,,,1736,0,6,7,21,0,0,0,3,0,0,20,129,,,,0.0,0.36,1.09,1.04,5.44,34,71,60
38,a,100.0,100.0,4.4,531,106.0,0,0.0,-1,1.0,7.8,52,18.0,98,2,3.1,185.0,74.0,3,476,1.0,251.0,85.0,0.2,22.3,0.0,823102,1285,2129070,3279,1.0,1.0,1.27,0.57,1.84,45.71,0.04,0.02,0.06,1.44,572.8,69.0,33.0,106.1,278.0,83.0,122.0,245.0,64.0,80.6,172.0,57.0,,,,34,,Ezri,Konsa Ngoyo,Konsa,,,2855,0,1,9,40,0,0,0,0,1,0,32,213,,,,0.0,0.28,1.26,1.01,5.86,21,165,100
39,a,,,4.2,638,145.0,0,0.0,-3,3.0,0.6,250,95.0,46,0,1.8,367.0,135.0,0,224,2.0,168.0,64.0,0.5,11.0,0.0,88027,116,118816,345,2.0,2.0,1.2,2.24,3.44,22.41,0.08,0.15,0.23,1.51,285.0,232.0,92.0,326.1,106.0,27.0,211.0,151.0,30.0,82.4,166.0,55.0,,,,34,,Ian,Maatsen,Maatsen,,,1332,0,1,2,21,0,0,0,2,0,0,14,115,,,,0.0,0.14,1.42,0.95,6.96,36,67,74
40,a,100.0,100.0,4.3,579,125.0,0,0.0,-2,2.0,0.7,239,90.0,45,0,3.2,167.0,66.0,4,152,0.3,321.0,106.0,0.1,10.5,0.0,159819,90,210924,301,0.3,0.3,1.08,0.39,1.47,19.25,0.09,0.03,0.12,1.65,231.0,266.0,109.0,72.5,318.0,107.0,96.0,274.0,77.0,40.0,319.0,108.0,,,,34,,Tyrone,Mings,Mings,,,1052,0,1,3,18,0,0,0,0,0,0,12,102,,,,0.0,0.26,1.54,1.03,7.36,4,82,33
41,a,100.0,100.0,4.3,587,131.0,0,0.0,-2,2.0,0.3,321,116.0,59,1,3.1,184.0,73.0,2,267,1.0,249.0,83.0,0.2,13.7,0.0,74056,77,99549,90,1.0,1.0,0.63,0.39,1.02,21.25,0.04,0.02,0.06,1.22,302.4,221.0,87.0,46.5,362.0,128.0,55.0,331.0,106.0,40.7,315.0,105.0,,,,34,,Pau,Torres,Pau,,,1566,0,1,5,17,1,0,0,1,0,0,17,132,,,,0.0,0.29,0.98,0.98,6.03,21,84,78
42,a,100.0,100.0,3.9,790,232.0,0,0.0,-1,1.0,0.2,373,136.0,4,0,0.8,516.0,177.0,0,7,0.3,317.0,104.0,0.1,1.0,0.0,29745,27,42218,52,0.3,0.3,0.0,0.01,0.01,1.55,0.0,0.02,0.02,3.67,3.2,491.0,175.0,2.7,459.0,166.0,0.0,523.0,204.0,0.6,498.0,174.0,,,,34,,Andrés,García,A.García,,,38,0,0,0,2,0,0,0,0,0,0,0,1,,,,0.0,0.0,4.74,0.0,2.37,1,0,2
43,u,0.0,0.0,4.0,668,162.0,0,0.0,0,0.0,1.6,160,62.0,0,0,0.0,581.0,211.0,0,0,0.0,427.0,161.0,0.0,0.0,0.0,44476,0,890968,95,0.0,0.0,0.0,0.0,0.0,0.0,0.0,0.0,0.0,0.0,0.0,570.0,210.0,0.0,560.0,210.0,0.0,529.0,206.0,0.0,572.0,210.0,,,,34,,Álex,Moreno Lopera,Alex Moreno,Has joined Girona permanently.,,0,0,0,0,0,0,0,0,0,0,0,0,0,,,,0.0,0.0,0.0,0.0,0.0,0,0,0
44,a,100.0,100.0,4.0,710,183.0,0,0.0,0,0.0,0.5,260,99.0,36,2,1.4,423.0,152.0,4,107,0.7,278.0,89.0,0.2,9.0,0.0,110981,125,96678,138,0.7,0.7,0.0,0.2,0.2,13.0,0.0,0.02,0.02,1.34,115.6,365.0,139.0,55.8,345.0,119.0,14.0,400.0,145.0,18.4,393.0,139.0,,,,34,,Lamare,Bogarde,Bogarde,,,870,0,0,2,14,0,0,0,5,0,0,9,59,,,,0.0,0.21,1.45,0.93,5.17,21,29,37
45,u,0.0,0.0,3.8,808,247.0,0,0.0,-2,2.0,0.2,355,128.0,0,0,0.0,538.0,193.0,0,0,0.0,376.0,136.0,0.0,0.0,0.0,22076,0,39386,43,0.0,0.0,0.0,0.0,0.0,0.0,0.0,0.0,0.0,0.0,0.0,527.0,192.0,0.0,510.0,191.0,0.0,477.0,185.0,0.0,529.0,192.0,,,,34,,Lino,da Cruz Sousa,Sousa,has joined Rotherham on loan for the rest of the season.,,0,0,0,0,0,0,0,0,0,0,0,0,0,,,,0.0,0.0,0.0,0.0,0.0,0,0,0
46,u,0.0,0.0,4.0,726,195.0,0,0.0,0,0.0,0.1,466,173.0,0,0,0.0,626.0,235.0,0,0,0.0,481.0,191.0,0.0,0.0,0.0,4656,0,21133,10,0.0,0.0,0.0,0.0,0.0,0.0,0.0,0.0,0.0,0.0,0.0,616.0,235.0,0.0,609.0,235.0,0.0,579.0,232.0,0.0,618.0,235.0,,,,34,,Yasin,Özcan,Yasin,has joined Anderlecht on loan for the rest of the season.,,0,0,0,0,0,0,0,0,0,0,0,0,0,,,,0.0,0.0,0.0,0.0,0.0,0,0,0
47,a,100.0,100.0,7.5,23,15.0,1,-1.0,5,-5.0,24.9,11,3.0,154,2,4.5,33.0,14.0,15,541,5.3,38.0,11.0,0.7,20.5,0.0,6604332,28954,4573475,18437,5.3,5.3,6.62,4.02,10.64,47.34,0.2,0.12,0.32,1.42,665.8,47.0,12.0,633.5,25.0,24.0,822.0,7.0,2.0,211.8,9.0,6.0,,1.0,,34,,Morgan,Rogers,Rogers,,,3010,9,7,9,42,0,0,0,6,0,0,34,205,,,,0.0,0.27,1.26,1.02,6.13,35,45,125
48,a,100.0,100.0,5.9,90,58.0,0,0.0,-1,1.0,0.7,238,83.0,59,2,2.8,229.0,92.0,3,357,2.0,183.0,80.0,0.3,10.0,0.0,165586,423,351132,199,2.0,2.0,1.03,2.86,3.89,27.27,0.06,0.16,0.22,1.56,374.8,175.0,66.0,459.1,56.0,47.0,158.0,200.0,110.0,99.3,120.0,70.0,5.0,,,34,,Youri,Tielemans,Tielemans,,,1571,0,4,4,22,0,0,0,0,0,0,18,172,,,,0.0,0.23,1.26,1.03,9.85,50,44,78
50,a,100.0,100.0,5.3,185,116.0,0,0.0,-2,2.0,0.4,298,104.0,87,2,2.7,238.0,94.0,8,309,1.3,230.0,103.0,0.2,16.4,0.0,227662,127,208595,346,1.3,1.3,3.15,1.95,5.1,25.36,0.18,0.11,0.29,1.46,353.0,189.0,74.0,341.3,98.0,70.0,327.0,88.0,51.0,100.8,116.0,68.0,,6.0,2.0,34,,Emiliano,Buendía Stati,Buendía,,,1558,5,2,3,22,0,0,0,6,0,0,19,170,,,,0.0,0.17,1.27,1.1,9.82,39,32,99
51,u,0.0,0.0,5.5,147,93.0,0,0.0,0,0.0,0.0,696,280.0,0,0,0.0,818.0,365.0,0,0,0.0,798.0,354.0,0.0,0.0,0.0,1383,0,3807,0,0.0,0.0,0.0,0.0,0.0,0.0,0.0,0.0,0.0,0.0,0.0,817.0,364.0,0.0,816.0,364.0,0.0,814.0,363.0,0.0,817.0,364.0,,,,34,,Samuel,Iling-Junior,Iling Jr,has joined Pisa on loan for the rest of the season.,,0,0,0,0,0,0,0,0,0,0,0,0,0,,,,0.0,0.0,0.0,0.0,0.0,0,0,0
53,u,0.0,0.0,5.1,226,137.0,0,0.0,-4,4.0,0.4,290,101.0,55,0,2.6,258.0,107.0,3,161,0.0,763.0,331.0,0.0,10.8,0.0,172896,0,340338,41,0.0,0.0,4.03,0.35,4.38,10.59,0.57,0.05,0.62,1.49,183.4,304.0,132.0,99.7,289.0,171.0,290.0,100.0,61.0,56.3,258.0,128.0,,,,34,,Donyell,Malen,Malen,has joined Roma on loan for the rest of the season.,,640,4,2,1,10,0,0,0,0,0,0,5,16,,,,0.0,0.14,1.41,0.7,2.25,4,2,10
54,a,100.0,100.0,5.3,183,114.0,0,0.0,-2,2.0,0.7,227,80.0,91,2,3.4,144.0,61.0,6,389,2.7,136.0,53.0,0.5,17.2,0.0,246446,773,252023,698,2.7,2.7,2.72,3.49,6.21,30.18,0.12,0.16,0.28,1.39,394.0,159.0,56.0,553.7,34.0,31.0,237.0,126.0,73.0,118.3,84.0,51.0,,,,34,,John,McGinn,McGinn,,,1959,4,3,8,25,0,0,0,4,0,0,26,139,,,,0.0,0.37,1.15,1.19,6.39,27,31,81
55,a,100.0,100.0,4.8,347,217.0,0,0.0,-2,2.0,0.1,495,176.0,40,1,2.4,283.0,118.0,3,171,1.7,195.0,85.0,0.4,8.3,0.0,15109,49,15264,165,1.7,1.7,0.81,1.11,1.92,8.09,0.13,0.18,0.31,1.32,164.2,323.0,145.0,115.5,265.0,164.0,131.0,235.0,129.0,41.1,312.0,153.0,,,,34,,Ross,Barkley,Barkley,,,551,2,1,1,8,0,0,0,0,0,0,4,57,,,,0.0,0.16,1.31,0.65,9.31,10,14,33
57,u,0.0,0.0,5.0,262,159.0,0,0.0,0,0.0,0.0,669,268.0,0,0,0.0,796.0,349.0,0,0,0.0,747.0,318.0,0.0,0.0,0.0,889,0,5451,0,0.0,0.0,0.0,0.0,0.0,0.0,0.0,0.0,0.0,0.0,0.0,795.0,348.0,0.0,793.0,348.0,0.0,788.0,346.0,0.0,795.0,348.0,,,,34,,Lewis,Dobbin,Dobbin,Has joined Preston North End on loan for the rest of the season.,,0,0,0,0,0,0,0,0,0,0,0,0,0,,,,0.0,0.0,0.0,0.0,0.0,0,0,0
59,a,100.0,100.0,4.8,363,225.0,0,0.0,-2,2.0,0.7,232,81.0,75,0,3.1,189.0,72.0,4,348,1.3,224.0,100.0,0.3,15.6,0.0,168026,189,284617,399,1.3,1.3,1.68,0.69,2.37,28.4,0.09,0.04,0.13,1.47,409.6,150.0,52.0,151.1,227.0,145.0,178.0,184.0,102.0,73.9,191.0,92.0,,,,34,,Amadou,Onana,Onana,,,1738,2,0,6,26,0,0,0,3,0,0,21,217,,,,0.0,0.31,1.35,1.09,11.24,47,98,72
60,u,0.0,0.0,4.4,567,341.0,0,0.0,-1,1.0,0.2,356,121.0,0,0,0.0,688.0,267.0,0,0,0.0,583.0,199.0,0.0,0.0,0.0,38290,0,52304,44,0.0,0.0,0.0,0.0,0.0,0.0,0.0,0.0,0.0,0.0,0.0,682.0,261.0,0.0,677.0,264.0,0.0,658.0,256.0,0.0,684.0,263.0,,,,34,,Ben,Broggio,Broggio,has joined Falkirk on loan for the rest of the season.,,0,0,0,0,0,0,0,0,0,0,0,0,0,,,,0.0,0.0,0.0,0.0,0.0,0,0,0
61,u,0.0,0.0,4.5,414,250.0,0,0.0,0,0.0,0.1,543,200.0,0,0,0.0,695.0,270.0,0,0,0.0,594.0,204.0,0.0,0.0,0.0,2169,0,33779,4,0.0,0.0,0.0,0.0,0.0,0.0,0.0,0.0,0.0,0.0,0.0,689.0,264.0,0.0,684.0,267.0,0.0,665.0,259.0,0.0,691.0,266.0,,,,34,,Leander,Dendoncker,Dendoncker,Has joined Real Oviedo permanently.,,0,0,0,0,0,0,0,0,0,0,0,0,0,,,,0.0,0.0,0.0,0.0,0.0,0,0,0
62,u,0.0,0.0,4.5,473,288.0,0,0.0,0,0.0,0.1,573,214.0,1,0,1.0,485.0,217.0,0,3,0.0,639.0,239.0,0.0,0.2,0.0,8790,0,10916,5,0.0,0.0,0.0,0.0,0.0,0.61,0.0,0.0,0.0,6.86,0.2,512.0,233.0,0.3,487.0,237.0,0.0,707.0,293.0,0.1,514.0,235.0,,,,34,,Jamaldeen,Jimoh-Aloba,Jimoh-Aloba,has joined West Brom on loan for the rest of the season.,,8,0,0,0,0,0,0,0,0,0,0,0,1,,,,0.0,0.0,0.0,0.0,11.25,0,0,1
63,u,0.0,0.0,4.3,608,357.0,0,0.0,-2,2.0,0.5,271,94.0,0,0,0.0,659.0,248.0,0,0,0.0,540.0,174.0,0.0,0.0,0.0,102090,0,133456,152,0.0,0.0,0.0,0.0,0.0,0.0,0.0,0.0,0.0,0.0,0.0,649.0,238.0,0.0,645.0,243.0,0.0,622.0,232.0,0.0,651.0,240.0,,,,34,,Kadan,Young,Young,has joined Reading on loan for the rest of the season.,,0,0,0,0,0,0,0,0,0,0,0,0,0,,,,0.0,0.0,0.0,0.0,0.0,0,0,0
64,a,100.0,100.0,8.8,8,4.0,1,-1.0,-2,2.0,15.9,20,5.0,129,2,3.9,77.0,7.0,17,463,6.7,17.0,3.0,0.8,14.7,0.0,3431309,36666,4444736,24547,6.7,6.7,12.48,1.14,13.62,38.8,0.44,0.04,0.48,1.38,522.4,87.0,7.0,300.5,122.0,8.0,958.0,3.0,3.0,177.5,23.0,5.0,,,3.0,34,,Ollie,Watkins,Watkins,,,2533,11,3,9,33,0,0,0,3,0,0,30,89,,,,0.0,0.32,1.17,1.07,3.16,21,21,47
65,u,0.0,0.0,4.5,486,68.0,0,0.0,0,0.0,0.3,332,54.0,0,0,0.0,740.0,78.0,0,0,0.0,652.0,67.0,0.0,0.0,0.0,17574,0,85295,7,0.0,0.0,0.0,0.0,0.0,0.0,0.0,0.0,0.0,0.0,0.0,737.0,78.0,0.0,731.0,77.0,0.0,718.0,77.0,0.0,738.0,78.0,,,,34,,Zépiqueno,Redmond,Redmond,has joined Huddersfield Town on loan for the rest of the season.,,0,0,0,0,0,0,0,0,0,0,0,0,0,,,,0.0,0.0,0.0,0.0,0.0,0,0,0
389,a,100.0,100.0,5.1,233,141.0,0,0.0,-4,4.0,0.2,404,138.0,5,0,1.0,503.0,232.0,0,17,0.0,765.0,333.0,0.0,1.0,0.0,94610,25,103923,30,0.0,0.0,0.29,0.08,0.37,1.74,0.24,0.07,0.31,1.42,11.8,467.0,206.0,31.7,385.0,194.0,31.0,368.0,189.0,7.4,438.0,197.0,,,,34,,Harvey,Elliott,Elliott,,,110,0,0,0,2,0,0,0,0,0,0,1,6,,,,0.0,0.0,1.64,0.82,4.91,0,2,4
456,a,100.0,100.0,5.8,104,68.0,0,0.0,-2,2.0,0.2,368,124.0,34,1,1.6,406.0,173.0,0,129,0.7,307.0,141.0,0.1,5.9,0.0,52217,56,55247,69,0.7,0.7,0.61,1.84,2.45,12.85,0.07,0.21,0.28,1.49,125.0,353.0,158.0,286.8,131.0,89.0,193.0,167.0,93.0,60.7,244.0,119.0,6.0,,,34,,Jadon,Sancho,Sancho,,,778,0,2,2,7,0,0,0,0,0,0,8,39,,,,0.0,0.23,0.81,0.93,4.51,6,11,22
699,a,100.0,100.0,4.9,313,194.0,0,0.0,-1,1.0,0.1,507,184.0,31,0,1.7,398.0,170.0,0,191,0.3,339.0,156.0,0.1,6.3,0.0,28733,29,24128,125,0.3,0.3,0.5,1.4,1.9,11.58,0.05,0.15,0.2,1.26,176.6,308.0,135.0,291.9,126.0,87.0,87.0,290.0,157.0,55.6,260.0,130.0,1.0,,,34,,Douglas Luiz,Soares de Paulo,Douglas Luiz,,,830,1,1,1,13,0,0,0,3,0,0,11,93,,,,0.0,0.11,1.41,1.19,10.08,20,24,49
192,a,,,4.0,701,179.0,0,0.0,0,0.0,0.6,249,94.0,62,0,3.1,183.0,72.0,0,231,3.0,106.0,41.0,0.8,15.5,0.0,189410,186,189210,182,2.5,0.0,0.32,1.98,2.3,41.64,0.02,0.1,0.12,2.13,409.6,149.0,64.0,285.7,133.0,35.0,83.0,293.0,85.0,77.9,179.0,60.0,,,,34,,Quilindschy,Hartman,Hartman,,,1761,0,6,3,37,0,0,0,1,0,0,20,166,,,,0.0,0.15,1.89,1.02,7.46,50,96,67
193,a,100.0,100.0,3.9,768,221.0,0,0.0,-1,1.0,0.1,451,169.0,44,0,2.6,247.0,97.0,1,193,1.3,215.0,74.0,0.3,11.3,0.0,22188,22,19005,52,0.8,0.0,0.37,0.66,1.03,31.71,0.02,0.04,0.06,2.04,338.8,195.0,79.0,130.3,251.0,66.0,80.0,297.0,88.0,54.7,265.0,86.0,,,,34,,Bashir,Humphreys,Humphreys,,,1401,0,2,2,29,0,0,0,5,0,0,15,127,,,,0.0,0.13,1.86,0.96,8.16,26,101,60
194,i,0.0,0.0,3.9,764,218.0,0,0.0,-1,1.0,0.1,569,202.0,0,0,0.0,557.0,201.0,0,0,0.0,401.0,149.0,0.0,0.0,0.0,2179,3,15818,4,0.0,0.0,0.0,0.0,0.0,0.0,0.0,0.0,0.0,0.0,0.0,546.0,200.0,0.0,534.0,200.0,0.0,502.0,195.0,0.0,548.0,200.0,,,,34,,Jordan,Beyer,Jordan,Hamstring injury - Unknown return date,,0,0,0,0,0,0,0,0,0,0,0,0,0,,,,0.0,0.0,0.0,0.0,0.0,0,0,0
195,a,100.0,100.0,3.8,816,255.0,0,0.0,-2,2.0,0.3,345,123.0,20,0,1.2,443.0,158.0,0,97,0.3,315.0,102.0,0.1,5.3,0.0,48994,20,42380,129,-0.2,0.0,0.33,1.2,1.53,23.0,0.03,0.1,0.13,1.86,183.2,306.0,118.0,231.8,165.0,41.0,62.0,321.0,100.0,47.5,287.0,93.0,,,,34,,Lucas,Pires Silva,Lucas Pires,,,1110,0,0,1,26,0,0,0,0,1,0,12,75,,,,0.0,0.08,2.11,0.97,6.08,24,51,70
196,u,0.0,0.0,4.0,686,171.0,0,0.0,0,0.0,0.0,617,220.0,0,0,0.0,595.0,218.0,0,0,0.0,444.0,169.0,0.0,0.0,0.0,202,0,9710,1,0.0,0.0,0.0,0.0,0.0,0.0,0.0,0.0,0.0,0.0,0.0,584.0,217.0,0.0,576.0,217.0,0.0,545.0,213.0,0.0,586.0,217.0,,,,34,,Shurandy,Sambo,Sambo,has joined Sparta Rotterdam on loan for the rest of the season.,,0,0,0,0,0,0,0,0,0,0,0,0,0,,,,0.0,0.0,0.0,0.0,0.0,0,0,0
199,a,100.0,100.0,3.8,796,236.0,0,0.0,-2,2.0,0.2,378,138.0,20,0,1.8,364.0,132.0,0,40,0.0,367.0,128.0,0.0,5.3,0.0,31468,14,29076,99,-0.5,0.0,0.08,0.02,0.1,11.68,0.01,0.0,0.01,2.12,147.4,333.0,127.0,1.5,470.0,171.0,19.0,391.0,139.0,17.0,397.0,141.0,,,,34,,Joe,Worrall,Worrall,,,496,0,0,0,11,0,0,0,0,0,0,5,77,,,,0.0,0.0,2.0,0.91,13.79,4,72,10
200,a,100.0,100.0,5.0,261,158.0,0,0.0,-5,5.0,1.9,143,47.0,111,0,3.4,142.0,60.0,6,450,2.0,175.0,74.0,0.4,22.2,0.0,1283746,259,1141172,1099,1.5,0.0,4.38,2.66,7.04,52.94,0.17,0.1,0.27,2.01,519.6,88.0,29.0,496.6,46.0,41.0,548.0,32.0,16.0,156.4,34.0,26.0,2.0,,,34,,Jaidon,Anthony,Anthony,,,2366,7,3,4,52,0,0,0,4,0,0,28,210,,,,0.0,0.15,1.98,1.07,7.99,38,46,126
201,u,0.0,0.0,5.4,158,98.0,0,0.0,-1,1.0,0.0,718,296.0,0,0,0.0,809.0,358.0,0,0,0.0,782.0,343.0,0.0,0.0,0.0,1070,0,3157,0,0.0,0.0,0.0,0.0,0.0,0.0,0.0,0.0,0.0,0.0,0.0,808.0,357.0,0.0,807.0,357.0,0.0,805.0,356.0,0.0,808.0,357.0,,,,34,,Manuel,Benson Hedilazio,Benson,has joined Maccabi Haifa permanently.,,0,0,0,0,0,0,0,0,0,0,0,0,0,,,,0.0,0.0,0.0,0.0,0.0,0,0,0
202,a,100.0,100.0,5.2,204,126.0,0,0.0,-3,3.0,0.0,622,239.0,38,0,1.5,415.0,180.0,0,112,0.7,299.0,139.0,0.1,7.3,0.0,6490,9,9099,14,0.2,0.0,1.35,1.07,2.42,23.03,0.12,0.1,0.22,2.08,114.8,368.0,164.0,193.2,192.0,125.0,132.0,234.0,128.0,44.0,299.0,148.0,,2.0,3.0,34,,Jacob,Bruun Larsen,Bruun Larsen,,,998,0,1,3,29,0,0,0,0,0,0,10,63,,,,0.0,0.27,2.62,0.9,5.68,12,20,31
203,a,,,4.7,394,245.0,0,0.0,-3,3.0,0.0,594,223.0,0,0,0.0,772.0,332.0,0,0,0.0,698.0,281.0,0.0,0.0,0.0,4574,15,7663,4,-0.5,0.0,0.0,0.0,0.0,0.0,0.0,0.0,0.0,0.0,0.0,771.0,331.0,0.0,766.0,331.0,0.0,757.0,328.0,0.0,771.0,331.0,,,,34,,Enock,Agyei,Boateng,,,0,0,0,0,0,0,0,0,0,0,0,0,0,,,,0.0,0.0,0.0,0.0,0.0,0,0,0
204,u,0.0,0.0,4.9,317,197.0,0,0.0,-1,1.0,0.0,730,303.0,0,0,0.0,782.0,338.0,0,0,0.0,723.0,300.0,0.0,0.0,0.0,160,0,2090,1,0.0,0.0,0.0,0.0,0.0,0.0,0.0,0.0,0.0,0.0,0.0,781.0,337.0,0.0,777.0,337.0,0.0,773.0,335.0,0.0,781.0,337.0,,,,34,,Darko,Churlinov,Churlinov,has joined Kocaelispor  permanently.,,0,0,0,0,0,0,0,0,0,0,0,0,0,,,,0.0,0.0,0.0,0.0,0.0,0,0,0
205,i,0.0,0.0,4.9,296,183.0,0,0.0,-1,1.0,0.8,216,73.0,70,0,3.9,71.0,32.0,8,321,0.0,713.0,293.0,0.0,14.3,0.0,568736,7,544243,108,0.0,0.0,0.94,1.36,2.3,32.5,0.06,0.08,0.14,1.93,342.0,191.0,76.0,218.1,172.0,116.0,98.0,272.0,148.0,66.0,222.0,107.0,,,,34,,Josh,Cullen,Cullen,Knee injury - Expected back 30 Sep,,1513,2,2,3,29,1,0,0,2,0,0,18,173,,,,0.0,0.18,1.73,1.07,10.29,32,68,73
206,a,100.0,100.0,4.7,380,237.0,0,0.0,-3,3.0,0.1,492,173.0,50,0,2.3,303.0,128.0,2,180,1.7,193.0,83.0,0.4,10.6,0.0,26607,39,27988,46,1.2,0.0,1.48,1.7,3.18,24.12,0.13,0.15,0.28,2.08,173.6,311.0,136.0,255.7,153.0,102.0,218.0,144.0,83.0,64.6,226.0,110.0,,3.0,,34,,Marcus,Edwards,Edwards,,,1043,1,3,1,18,0,0,0,0,0,0,11,66,,,,0.0,0.09,1.55,0.95,5.7,11,6,49
207,d,50.0,25.0,4.7,389,241.0,0,0.0,-3,3.0,0.1,436,149.0,52,0,2.3,304.0,129.0,4,215,0.0,697.0,280.0,0.0,11.1,0.0,29883,3,35020,156,-0.2,0.0,0.56,1.33,1.89,23.52,0.05,0.12,0.17,2.16,203.8,288.0,120.0,236.8,163.0,110.0,88.0,289.0,156.0,52.8,270.0,137.0,,,,34,,Hannibal,Mejbri,Hannibal,Hamstring injury - 50% chance of playing,,981,1,4,2,22,0,0,0,7,0,0,12,95,,,,0.0,0.18,2.02,1.1,8.72,25,14,56
208,u,0.0,0.0,5.0,267,162.0,0,0.0,0,0.0,0.0,743,313.0,0,0,0.0,799.0,351.0,0,0,0.0,750.0,320.0,0.0,0.0,0.0,68,0,3039,2,0.0,0.0,0.0,0.0,0.0,0.0,0.0,0.0,0.0,0.0,0.0,798.0,350.0,0.0,796.0,350.0,0.0,791.0,348.0,0.0,798.0,350.0,,,,34,,Luca,Koleosho,Koleosho,has joined Paris FC on loan for the rest of the season.,,0,0,0,0,0,0,0,0,0,0,0,0,0,,,,0.0,0.0,0.0,0.0,0.0,0,0,0
213,u,0.0,0.0,4.5,467,284.0,0,0.0,0,0.0,0.0,626,241.0,1,0,1.0,483.0,215.0,0,2,0.0,634.0,235.0,0.0,0.2,0.0,7482,0,9239,8,0.0,0.0,0.0,0.0,0.0,0.05,0.0,0.0,0.0,0.5,0.0,723.0,294.0,0.5,481.0,231.0,0.0,702.0,289.0,0.0,724.0,295.0,,,,34,,Jaydon,Banel,Banel,has joined Derby County on loan for the rest of the season.,,9,0,0,0,0,0,0,0,0,0,0,0,0,,,,0.0,0.0,0.0,0.0,0.0,0,0,0
214,a,100.0,100.0,4.3,589,348.0,0,0.0,-2,2.0,0.1,551,204.0,6,0,1.0,467.0,202.0,0,18,0.7,281.0,132.0,0.2,1.4,0.0,14006,192,16837,43,0.2,0.0,0.0,0.0,0.0,1.65,0.0,0.0,0.0,4.01,7.2,477.0,214.0,15.2,412.0,204.0,2.0,447.0,219.0,2.4,472.0,212.0,,,,34,,Mike,Trésor Ndayishimiye,Trésor,,,37,0,0,0,2,0,0,0,0,0,0,0,5,,,,0.0,0.0,4.86,0.0,12.16,1,0,4
215,a,100.0,100.0,5.3,190,44.0,0,0.0,-2,2.0,0.3,300,46.0,82,0,3.3,159.0,14.0,8,306,3.7,84.0,11.0,0.7,15.5,0.0,188722,342,174447,342,3.2,0.0,6.85,0.32,7.17,31.17,0.43,0.02,0.45,1.95,387.6,168.0,17.0,133.2,247.0,28.0,470.0,46.0,18.0,98.1,122.0,18.0,,5.0,1.0,34,,Zian,Flemming,Flemming,,,1436,9,0,3,28,0,0,0,3,0,0,17,82,,,,0.0,0.19,1.75,1.07,5.14,11,42,29
216,d,50.0,50.0,4.8,368,63.0,0,0.0,-2,2.0,0.0,675,86.0,0,0,0.0,774.0,85.0,0,0,0.0,705.0,75.0,0.0,0.0,0.0,2484,7,6708,7,-0.2,0.0,0.0,0.0,0.0,0.0,0.0,0.0,0.0,0.0,0.0,773.0,85.0,0.0,768.0,84.0,0.0,763.0,84.0,0.0,773.0,85.0,,,,34,,Zeki,Amdouni,Amdouni,Lack of match fitness - 50% chance of playing,,0,0,0,0,0,0,0,0,0,0,0,0,0,,,,0.0,0.0,0.0,0.0,0.0,0,0,0
219,u,0.0,0.0,4.4,534,76.0,0,0.0,-1,1.0,0.1,470,67.0,0,0,0.0,672.0,68.0,0,0,0.0,561.0,57.0,0.0,0.0,0.0,4151,0,40753,2,0.0,0.0,0.0,0.0,0.0,0.0,0.0,0.0,0.0,0.0,0.0,663.0,68.0,0.0,659.0,67.0,0.0,638.0,67.0,0.0,665.0,68.0,,,,34,,Michael,Obafemi,Obafemi,has joined Blackpool on loan for the rest of the season.,,0,0,0,0,0,0,0,0,0,0,0,0,0,,,,0.0,0.0,0.0,0.0,0.0,0,0,0
470,a,100.0,100.0,4.0,666,40.0,0,0.0,0,0.0,28.0,10,2.0,94,0,2.8,218.0,25.0,7,423,2.0,166.0,14.0,0.5,23.5,0.0,1779990,1684,2064993,17463,1.5,0.0,0.0,0.04,0.04,69.62,0.0,0.0,0.0,2.05,940.8,5.0,1.0,0.0,558.0,50.0,0.0,527.0,36.0,94.3,135.0,1.0,,,,34,,Martin,Dúbravka,Dúbravka,,,3060,0,0,4,68,0,0,0,1,0,122,34,96,,,,3.59,0.12,2.0,1.0,0.0,1,59,282
614,a,100.0,100.0,5.6,122,76.0,0,0.0,-4,4.0,0.2,381,128.0,35,0,2.5,277.0,114.0,0,216,3.3,95.0,34.0,0.6,6.2,0.0,23788,82,50898,87,2.8,0.0,0.2,1.7,1.9,21.43,0.02,0.15,0.17,1.93,194.4,296.0,127.0,359.3,87.0,63.0,15.0,399.0,198.0,56.8,256.0,126.0,1.0,1.0,,34,,James,Ward-Prowse,Ward-Prowse,,,998,0,1,2,24,0,0,0,1,0,0,11,101,,,,0.0,0.18,2.16,0.99,9.11,15,42,44
676,a,100.0,100.0,5.0,273,167.0,0,0.0,0,0.0,0.1,476,165.0,88,0,2.8,226.0,90.0,5,325,1.3,228.0,102.0,0.3,17.6,0.0,44083,27,41282,78,0.8,0.0,2.3,0.29,2.59,48.61,0.1,0.01,0.11,2.08,376.8,174.0,65.0,150.2,228.0,146.0,194.0,163.0,92.0,71.9,206.0,100.0,,,,34,,Lesley,Ugochukwu,Ugochukwu,,,2108,3,2,3,47,0,0,0,1,1,0,24,192,,,,0.0,0.13,2.01,1.02,8.2,47,56,89
680,a,100.0,100.0,5.2,210,48.0,0,0.0,-3,3.0,0.1,421,62.0,42,0,1.8,383.0,44.0,2,116,1.0,267.0,36.0,0.2,8.1,0.0,48196,17,61156,31,0.5,0.0,2.14,0.14,2.28,23.18,0.23,0.02,0.25,2.52,101.8,377.0,42.0,68.1,324.0,39.0,205.0,158.0,36.0,37.2,329.0,39.0,,,,34,,Armando,Broja,Broja,,,829,1,1,1,27,0,0,0,0,0,0,8,43,,,,0.0,0.11,2.93,0.87,4.67,6,12,25
722,a,,,5.0,251,151.0,0,0.0,0,0.0,0.0,616,236.0,71,0,2.6,256.0,105.0,0,303,1.7,199.0,88.0,0.3,14.2,0.0,15044,10,13770,18,1.2,0.0,0.58,0.45,1.03,41.19,0.03,0.02,0.05,2.03,358.0,185.0,73.0,195.3,191.0,124.0,45.0,342.0,178.0,60.0,245.0,120.0,,,,34,,Florentino Ibrain,Morris Luís,Florentino,,,1822,0,2,2,41,0,0,0,6,0,0,22,269,,,,0.0,0.1,2.03,1.09,13.29,79,94,96
784,a,,,4.5,522,325.0,0,0.0,0,0.0,0.0,798,352.0,0,0,0.0,768.0,329.0,0,0,0.0,686.0,275.0,0.0,0.0,0.0,525,3,411,4,-0.5,0.0,0.0,0.0,0.0,0.0,0.0,0.0,0.0,0.0,0.0,767.0,328.0,0.0,760.0,328.0,0.0,748.0,325.0,0.0,767.0,328.0,,,,34,,George,Brierley,Brierley,,,0,0,0,0,0,0,0,0,0,0,0,0,0,,,,0.0,0.0,0.0,0.0,0.0,0,0,0
820,a,,,4.5,513,318.0,0,0.0,0,0.0,0.0,816,361.0,0,0,0.0,761.0,323.0,0,0,0.0,678.0,268.0,0.0,0.0,0.0,170,1,84,2,-0.5,0.0,0.0,0.0,0.0,0.0,0.0,0.0,0.0,0.0,0.0,760.0,322.0,0.0,753.0,322.0,0.0,740.0,318.0,0.0,760.0,322.0,,,,34,,Kian,McMahon-Brown,McMahon-Brown,,,0,0,0,0,0,0,0,0,0,0,0,0,0,,,,0.0,0.0,0.0,0.0,0.0,0,0,0
66,u,0.0,0.0,4.5,409,22.0,0,0.0,0,0.0,0.1,575,78.0,0,0,0.0,694.0,94.0,0,0,0.0,592.0,89.0,0.0,0.0,0.0,0,0,16625,2,0.0,0.0,0.0,0.0,0.0,0.0,0.0,0.0,0.0,0.0,0.0,688.0,94.0,0.0,683.0,87.0,0.0,664.0,77.0,0.0,690.0,94.0,,,,34,,Norberto,Murara Neto,Neto,Has joined Botafogo permanently.,,0,0,0,0,0,0,0,0,0,0,0,0,0,,,,0.0,0.0,0.0,0.0,0.0,0,0,0
71,u,0.0,0.0,5.0,264,41.0,0,0.0,0,0.0,0.0,674,237.0,0,0,0.0,798.0,265.0,0,0,0.0,749.0,256.0,0.0,0.0,0.0,0,0,8223,1,0.0,0.0,0.0,0.0,0.0,0.0,0.0,0.0,0.0,0.0,0.0,797.0,265.0,0.0,795.0,265.0,0.0,790.0,265.0,0.0,797.0,265.0,,,,34,,Illia,Zabarnyi,Zabarnyi,Has joined Paris Saint-Germain permanently.,,0,0,0,0,0,0,0,0,0,0,0,0,0,,,,0.0,0.0,0.0,0.0,0.0,0,0,0
72,a,100.0,100.0,5.2,208,28.0,0,0.0,7,-7.0,21.1,14,4.0,147,0,4.5,29.0,11.0,11,482,3.3,94.0,37.0,0.6,28.3,0.0,5978732,13124,3597982,10440,3.3,0.0,1.53,4.52,6.05,49.15,0.05,0.14,0.19,1.51,1000.0,4.0,2.0,342.2,97.0,25.0,193.0,166.0,36.0,153.8,36.0,3.0,,,,34,,Marcos,Senesi Barón,Senesi,,,2928,0,5,9,51,0,0,0,8,0,0,33,421,,,,0.0,0.28,1.57,1.01,11.62,56,322,137
73,a,100.0,100.0,4.4,523,99.0,0,0.0,-1,1.0,0.2,390,144.0,39,0,2.1,327.0,122.0,2,123,0.3,327.0,108.0,0.1,8.9,0.0,28650,29,43496,64,0.3,0.0,0.0,0.2,0.2,13.96,0.0,0.02,0.02,1.56,120.8,354.0,135.0,59.3,343.0,117.0,18.0,395.0,142.0,19.8,390.0,137.0,,,,34,,Adam,Smith,Smith,,,805,0,1,4,15,0,0,0,3,0,0,11,56,,,,0.0,0.45,1.68,1.23,5.93,12,41,22
74,a,,,4.7,391,67.0,0,0.0,2,-2.0,4.3,90,30.0,139,0,4.1,54.0,23.0,14,500,5.7,29.0,16.0,1.2,29.6,0.0,1007966,7852,555621,2147,5.7,0.0,0.98,2.62,3.6,48.8,0.03,0.08,0.11,1.46,744.2,23.0,8.0,460.2,55.0,8.0,157.0,202.0,50.0,136.2,54.0,9.0,,,,34,,Adrien,Truffert,Truffert,,,3018,1,4,9,49,0,0,0,4,0,0,34,328,,,,0.0,0.27,1.46,1.01,8.29,89,189,170
75,a,100.0,100.0,3.8,812,251.0,0,0.0,-2,2.0,0.2,387,142.0,0,0,0.0,541.0,196.0,0,0,0.0,380.0,140.0,0.0,0.0,0.0,15679,38,33485,35,0.0,0.0,0.0,0.0,0.0,0.0,0.0,0.0,0.0,0.0,0.0,530.0,195.0,0.0,513.0,194.0,0.0,480.0,188.0,0.0,532.0,195.0,,,,34,,Matai,Akinmboni,Akinmboni,,,0,0,0,0,0,0,0,0,0,0,0,0,0,,,,0.0,0.0,0.0,0.0,0.0,0,0,0
84,a,100.0,100.0,5.4,161,101.0,0,0.0,-1,1.0,5.1,76,25.0,120,0,4.0,62.0,28.0,11,467,3.7,85.0,30.0,0.7,22.2,0.0,1544399,4846,976755,3282,3.7,0.0,8.46,3.82,12.28,36.32,0.32,0.14,0.46,1.37,562.2,72.0,21.0,659.0,23.0,22.0,519.0,33.0,17.0,174.2,25.0,20.0,2.0,2.0,4.0,34,,Marcus,Tavernier,Tavernier,,,2390,6,4,9,42,0,0,0,5,0,0,27,223,,,,0.0,0.34,1.58,1.02,8.4,35,55,133
85,a,100.0,100.0,4.9,299,186.0,0,0.0,-1,1.0,0.3,344,119.0,66,0,3.1,190.0,73.0,3,305,2.0,171.0,71.0,0.4,13.5,0.0,81661,92,95726,33,2.0,0.0,0.61,0.51,1.12,22.77,0.04,0.03,0.07,1.39,334.0,198.0,81.0,110.2,271.0,166.0,110.0,256.0,140.0,55.7,259.0,129.0,,,,34,,Tyler,Adams,Adams,,,1474,2,2,6,26,0,0,0,7,0,0,18,191,,,,0.0,0.37,1.59,1.1,11.66,42,70,79
86,a,100.0,100.0,5.0,246,148.0,0,0.0,0,0.0,0.2,397,133.0,53,0,1.9,356.0,152.0,4,196,1.7,198.0,87.0,0.3,10.6,0.0,74647,58,80472,50,1.7,0.0,5.13,3.24,8.37,18.76,0.4,0.25,0.65,1.47,210.6,281.0,116.0,357.9,88.0,64.0,414.0,56.0,32.0,96.8,125.0,71.0,5.0,4.0,,34,,David,Brooks,Brooks,,,1151,1,2,5,19,0,0,0,7,0,0,13,88,,,,0.0,0.39,1.49,1.02,6.88,17,19,52
90,a,100.0,100.0,5.1,240,144.0,0,0.0,1,-1.0,2.6,120,38.0,125,0,3.7,99.0,40.0,9,557,5.7,30.0,8.0,1.1,24.5,0.0,584761,3058,272012,4430,5.7,0.0,3.76,2.62,6.38,43.47,0.13,0.09,0.22,1.52,559.6,75.0,23.0,430.1,65.0,52.0,305.0,95.0,57.0,129.1,65.0,41.0,3.0,6.0,,34,,Alex,Scott,Scott,,,2578,3,2,9,40,0,0,0,4,0,0,31,346,,,,0.0,0.31,1.4,1.08,12.08,54,124,168
92,u,0.0,0.0,4.5,434,258.0,0,0.0,0,0.0,0.1,565,209.0,0,0,0.0,705.0,277.0,0,0,0.0,609.0,212.0,0.0,0.0,0.0,4403,0,19822,4,0.0,0.0,0.0,0.0,0.0,0.0,0.0,0.0,0.0,0.0,0.0,699.0,271.0,0.0,695.0,274.0,0.0,678.0,267.0,0.0,701.0,273.0,,,,34,,Romain,Faivre,Faivre,has joined Auxerre permanently.,,0,0,0,0,0,0,0,0,0,0,0,0,0,,,,0.0,0.0,0.0,0.0,0.0,0,0,0
93,u,0.0,0.0,4.5,429,255.0,0,0.0,0,0.0,0.3,343,118.0,4,0,4.0,60.0,27.0,0,12,0.0,605.0,209.0,0.0,0.9,0.0,114900,0,165895,16,0.0,0.0,0.0,0.0,0.0,0.4,0.0,0.0,0.0,2.25,21.2,456.0,201.0,10.0,432.0,212.0,0.0,674.0,264.0,3.1,469.0,210.0,,,,34,,Hamed,Traorè,H.Traorè,has joined Marseille on loan for the rest of the season.,,16,0,1,0,2,0,0,0,0,0,0,0,4,,,,0.0,0.0,11.25,0.0,22.5,1,1,2
94,u,0.0,0.0,4.5,466,283.0,0,0.0,0,0.0,0.0,650,254.0,0,0,0.0,727.0,298.0,0,0,0.0,633.0,234.0,0.0,0.0,0.0,3895,0,8254,1,0.0,0.0,0.0,0.0,0.0,0.0,0.0,0.0,0.0,0.0,0.0,722.0,293.0,0.0,717.0,295.0,0.0,701.0,288.0,0.0,723.0,294.0,,,,34,,Dominic,Sadi,Sadi,has joined Novi Pazar on loan for the rest of the season.,,0,0,0,0,0,0,0,0,0,0,0,0,0,,,,0.0,0.0,0.0,0.0,0.0,0,0,0
95,u,0.0,0.0,4.4,556,334.0,0,0.0,-1,1.0,0.1,582,217.0,0,0,0.0,681.0,264.0,0,0,0.0,574.0,194.0,0.0,0.0,0.0,15405,0,21656,5,0.0,0.0,0.0,0.0,0.0,0.0,0.0,0.0,0.0,0.0,0.0,673.0,256.0,0.0,669.0,260.0,0.0,649.0,251.0,0.0,675.0,258.0,,,,34,,Zain,Silcott-Duberry,Silcott-Duberry,has joined Olympiakos permanently.,,0,0,0,0,0,0,0,0,0,0,0,0,0,,,,0.0,0.0,0.0,0.0,0.0,0,0,0
96,u,0.0,0.0,4.5,499,308.0,0,0.0,0,0.0,0.0,647,252.0,1,0,1.0,490.0,221.0,0,3,0.0,665.0,259.0,0.0,0.2,0.0,2964,0,10048,3,0.0,0.0,0.0,0.0,0.0,0.31,0.0,0.0,0.0,4.65,0.0,749.0,314.0,0.0,742.0,314.0,0.0,729.0,310.0,0.0,749.0,314.0,,,,34,,Ben,Winterburn,Winterburn,has joined Barnet on loan for the rest of the season.,,6,0,0,0,2,0,0,0,0,0,0,0,0,,,,0.0,0.0,30.0,0.0,0.0,0,0,0
99,u,0.0,0.0,4.4,571,83.0,0,0.0,-1,1.0,0.1,439,63.0,0,0,0.0,691.0,75.0,0,0,0.0,587.0,64.0,0.0,0.0,0.0,22144,0,44583,3,0.0,0.0,0.0,0.0,0.0,0.0,0.0,0.0,0.0,0.0,0.0,685.0,75.0,0.0,680.0,74.0,0.0,661.0,74.0,0.0,687.0,75.0,,,,34,,Daniel,Adu-Adjei,Adu-Adjei,has joined HNK Rijeka permanently.,,0,0,0,0,0,0,0,0,0,0,0,0,0,,,,0.0,0.0,0.0,0.0,0.0,0,0,0
100,a,100.0,100.0,4.6,406,65.0,0,0.0,1,-1.0,5.7,71,14.0,95,0,3.3,150.0,13.0,11,415,5.3,33.0,5.0,1.2,20.7,0.0,2036638,10706,1486745,4521,5.3,0.0,6.86,1.26,8.12,22.45,0.45,0.08,0.53,1.48,454.4,125.0,12.0,278.7,140.0,11.0,468.0,47.0,19.0,120.1,81.0,15.0,,,2.0,34,,Junior,Kroupi,Kroupi.Jr,,,1369,11,0,7,20,0,0,0,5,0,0,17,98,,,,0.0,0.46,1.31,1.12,6.44,8,38,52
391,a,100.0,100.0,4.8,369,230.0,0,0.0,-2,2.0,0.0,643,249.0,9,0,1.5,411.0,176.0,0,26,0.3,336.0,155.0,0.1,1.9,0.0,4805,10,8173,3,0.3,0.0,0.09,0.1,0.19,3.51,0.12,0.13,0.25,4.65,28.4,444.0,197.0,14.9,413.0,205.0,17.0,398.0,197.0,6.0,447.0,200.0,,,,34,,Ben,Gannon-Doak,Gannon-Doak,,,68,0,1,0,1,0,0,0,0,0,0,0,9,,,,0.0,0.0,1.32,0.0,11.91,5,1,3
687,a,,,4.3,619,366.0,0,0.0,-2,2.0,0.2,396,132.0,0,0,0.0,666.0,254.0,0,0,0.0,549.0,181.0,0.0,0.0,0.0,26821,53,22652,68,0.0,0.0,0.0,0.0,0.0,0.0,0.0,0.0,0.0,0.0,0.0,656.0,244.0,0.0,652.0,249.0,0.0,629.0,238.0,0.0,658.0,246.0,,,,34,,Remy,Rees-Dottin,Rees-Dottin,,,0,0,0,0,0,0,0,0,0,0,0,0,0,,,,0.0,0.0,0.0,0.0,0.0,0,0,0
697,a,,,5.4,172,107.0,0,0.0,-1,1.0,0.3,342,117.0,64,0,2.3,308.0,131.0,4,238,0.3,346.0,159.0,0.1,11.9,0.0,119851,26,92790,507,0.3,0.0,2.6,1.62,4.22,16.83,0.22,0.14,0.36,1.46,267.2,245.0,106.0,234.6,164.0,111.0,258.0,118.0,69.0,75.4,182.0,91.0,,,,34,,Amine,Adli,Adli,,,1041,3,2,3,17,0,0,0,2,0,0,10,119,,,,0.0,0.26,1.47,0.86,10.29,34,25,60
713,a,,,4.5,468,95.0,0,0.0,0,0.0,0.2,363,132.0,68,0,2.3,302.0,114.0,2,272,1.3,219.0,76.0,0.3,15.1,0.0,65996,88,40600,175,1.3,0.0,1.07,1.61,2.68,40.22,0.04,0.07,0.11,1.63,392.8,161.0,70.0,250.3,155.0,40.0,180.0,179.0,42.0,82.3,167.0,56.0,,,,34,,Álex,Jiménez Sánchez,A.Jimenez,,,2225,1,2,5,39,0,0,0,10,0,0,25,159,,,,0.0,0.2,1.58,1.01,5.82,65,79,128
721,a,100.0,100.0,4.4,573,120.0,0,0.0,-1,1.0,0.0,646,231.0,19,0,2.7,234.0,91.0,0,63,0.0,589.0,236.0,0.0,4.3,0.0,6632,2,6163,7,0.0,0.0,0.15,0.19,0.34,4.42,0.04,0.05,0.09,1.08,98.4,381.0,143.0,13.9,416.0,153.0,10.0,419.0,157.0,12.2,417.0,148.0,,,,34,,Veljko,Milosavljevic,Milosavljević,,,367,0,0,1,6,0,0,0,0,0,0,4,42,,,,0.0,0.25,1.47,0.98,9.56,5,34,13
782,a,,,4.0,665,39.0,0,0.0,0,0.0,0.0,659,81.0,0,0,0.0,579.0,64.0,0,0,0.0,425.0,52.0,0.0,0.0,0.0,3410,28,1426,17,0.0,0.0,0.0,0.0,0.0,0.0,0.0,0.0,0.0,0.0,0.0,568.0,64.0,0.0,557.0,49.0,0.0,526.0,35.0,0.0,570.0,64.0,,,,34,,Fraser,Forster,Forster,,,0,0,0,0,0,0,0,0,0,0,0,0,0,,,,0.0,0.0,0.0,0.0,0.0,0,0,0
799,a,,,4.5,516,320.0,0,0.0,0,0.0,0.0,777,334.0,0,0,0.0,763.0,325.0,0,0,0.0,680.0,270.0,0.0,0.0,0.0,814,3,412,2,0.0,0.0,0.0,0.0,0.0,0.0,0.0,0.0,0.0,0.0,0.0,762.0,324.0,0.0,755.0,324.0,0.0,742.0,320.0,0.0,762.0,324.0,,,,34,,Charlie,Stevens,Stevens,,,0,0,0,0,0,0,0,0,0,0,0,0,0,,,,0.0,0.0,0.0,0.0,0.0,0,0,0
801,a,,,4.9,340,211.0,0,0.0,-1,1.0,0.0,762,324.0,6,0,0.9,513.0,239.0,0,20,1.0,262.0,120.0,0.2,1.2,0.0,978,4,622,6,1.0,0.0,0.06,0.25,0.31,3.52,0.07,0.29,0.36,4.06,8.2,476.0,213.0,34.3,380.0,192.0,14.0,404.0,199.0,5.6,451.0,202.0,,,,34,,Alex,Tóth,Tóth.A,,,78,0,0,0,2,0,0,0,1,0,0,1,10,,,,0.0,0.0,2.31,1.15,11.54,1,4,5
806,a,,,4.0,683,49.0,0,0.0,0,0.0,0.0,757,88.0,0,0,0.0,592.0,71.0,0,0,0.0,441.0,61.0,0.0,0.0,0.0,774,2,476,4,0.0,0.0,0.0,0.0,0.0,0.0,0.0,0.0,0.0,0.0,0.0,581.0,71.0,0.0,573.0,59.0,0.0,542.0,45.0,0.0,583.0,71.0,,,,34,,Christos,Mandas,Mandas,,,0,0,0,0,0,0,0,0,0,0,0,0,0,,,,0.0,0.0,0.0,0.0,0.0,0,0,0
807,a,,,5.4,173,108.0,-1,1.0,-1,1.0,1.5,164,57.0,45,0,4.1,55.0,24.0,2,169,4.3,64.0,21.0,0.8,8.3,0.0,438383,959,252303,2281,4.3,0.0,1.63,1.55,3.18,15.42,0.19,0.18,0.37,1.75,194.6,295.0,126.0,175.0,203.0,133.0,171.0,190.0,104.0,54.1,268.0,136.0,,,,34,,Rayan Vitor,Simplício Rocha,Rayan,,,792,3,2,3,9,0,0,0,1,0,0,9,51,,,,0.0,0.34,1.02,1.02,5.8,8,14,29
27,a,100.0,100.0,4.8,351,221.0,0,0.0,-2,2.0,0.1,500,181.0,8,0,1.0,493.0,224.0,0,23,0.3,334.0,154.0,0.1,1.7,0.0,10760,13,18646,15,0.3,-0.2,0.71,0.09,0.8,2.01,0.64,0.08,0.72,1.81,22.0,453.0,200.0,17.8,408.0,203.0,25.0,376.0,190.0,6.0,446.0,199.0,,,,34,,Reiss,Nelson,Nelson,,,100,0,0,0,2,0,0,0,0,0,0,0,22,,,,0.0,0.0,1.8,0.0,19.8,3,3,16
83,a,100.0,100.0,5.8,109,70.0,-1,1.0,-2,2.0,2.4,129,42.0,111,0,4.1,56.0,25.0,13,358,1.7,207.0,92.0,0.3,19.1,0.0,1016359,1105,748804,8026,1.7,1.2,5.75,3.69,9.44,26.52,0.27,0.18,0.45,1.26,411.2,148.0,51.0,354.2,90.0,66.0,558.0,31.0,15.0,131.7,57.0,36.0,3.0,,,34,,Dango,Ouattara,O.Dango,,,1890,5,7,5,28,0,0,0,4,0,0,21,161,,,,0.0,0.24,1.33,1.0,7.67,18,66,77
101,a,100.0,100.0,4.8,352,12.0,0,0.0,3,-3.0,12.8,28,4.0,122,0,3.8,79.0,9.0,8,479,2.7,130.0,13.0,0.6,25.4,0.0,1618136,3349,1242197,6185,2.7,2.2,0.0,0.22,0.22,43.55,0.0,0.01,0.01,1.36,732.8,28.0,8.0,23.0,397.0,4.0,0.0,758.0,85.0,75.7,181.0,6.0,,,,34,,Caoimhín,Kelleher,Kelleher,,,2880,0,0,9,41,0,3,0,1,0,85,32,95,,,,2.66,0.28,1.28,1.0,0.0,1,41,249
106,a,,,4.9,319,52.0,0,0.0,-1,1.0,2.7,117,47.0,114,0,3.8,82.0,30.0,7,393,3.0,115.0,47.0,0.6,23.3,0.0,720084,1285,583331,1640,3.0,2.5,2.14,1.32,3.46,37.59,0.08,0.05,0.13,1.34,732.2,29.0,11.0,119.3,260.0,72.0,304.0,96.0,10.0,115.7,85.0,19.0,,,,34,,Nathan,Collins,Collins,,,2521,1,2,8,36,1,0,0,5,0,0,27,304,,,,0.0,0.29,1.29,0.96,9.71,26,246,115
107,a,,,4.8,361,62.0,0,0.0,-2,2.0,1.6,159,61.0,96,0,3.1,188.0,76.0,3,289,2.3,148.0,58.0,0.5,20.0,0.0,496111,635,357540,760,2.3,1.8,2.59,2.09,4.68,24.81,0.15,0.12,0.27,1.48,303.8,220.0,86.0,283.9,137.0,37.0,262.0,113.0,18.0,85.0,158.0,52.0,,1.0,,34,,Keane,Lewis-Potter,Lewis-Potter,,,1512,3,2,8,24,0,0,0,1,0,0,17,76,,,,0.0,0.48,1.43,1.01,3.39,19,38,66
108,a,100.0,100.0,4.4,530,105.0,0,0.0,-1,1.0,0.2,366,133.0,70,0,2.9,209.0,82.0,1,196,0.0,558.0,231.0,0.0,15.9,0.0,43806,32,42476,148,0.0,-0.5,0.69,0.72,1.41,26.82,0.04,0.04,0.08,1.49,358.2,183.0,75.0,58.3,344.0,118.0,161.0,196.0,47.0,57.9,250.0,84.0,,,,34,,Kristoffer,Ajer,Ajer,,,1624,0,2,5,27,0,0,0,3,0,0,18,175,,,,0.0,0.28,1.5,1.0,9.31,35,133,50
109,i,0.0,0.0,4.3,583,128.0,0,0.0,-2,2.0,0.1,445,167.0,52,0,2.1,324.0,120.0,0,144,0.0,526.0,223.0,0.0,12.1,0.0,25912,4,32078,91,0.0,0.0,0.18,0.54,0.72,23.91,0.01,0.04,0.05,1.63,151.6,331.0,125.0,82.0,310.0,100.0,35.0,358.0,119.0,26.9,367.0,126.0,,,,34,,Rico,Henry,Henry,Hamstring injury - Unknown return date,,1322,0,2,4,22,0,0,0,2,0,0,14,78,,,,0.0,0.27,1.5,0.95,4.63,15,53,72
110,a,100.0,100.0,4.6,407,73.0,0,0.0,1,-1.0,1.1,184,71.0,104,0,3.2,170.0,68.0,9,467,4.0,72.0,31.0,0.9,22.6,0.0,276571,908,163867,677,4.0,3.5,0.72,2.73,3.45,42.72,0.02,0.09,0.11,1.37,552.4,76.0,35.0,431.0,63.0,10.0,109.0,260.0,71.0,109.5,95.0,24.0,,,,34,,Michael,Kayode,Kayode,,,2808,1,2,9,41,1,0,0,6,0,0,32,244,,,,0.0,0.29,1.31,1.03,6.38,61,138,146
115,u,0.0,0.0,4.0,735,203.0,0,0.0,0,0.0,0.1,540,191.0,0,0,0.0,634.0,242.0,0,0,0.0,490.0,199.0,0.0,0.0,0.0,2020,0,14487,0,0.0,0.0,0.0,0.0,0.0,0.0,0.0,0.0,0.0,0.0,0.0,624.0,242.0,0.0,617.0,242.0,0.0,587.0,239.0,0.0,626.0,242.0,,,,34,,Benjamin,Fredrick,Fredrick,has joined Dender on loan for the rest of the season.,,0,0,0,0,0,0,0,0,0,0,0,0,0,,,,0.0,0.0,0.0,0.0,0.0,0,0,0
116,a,100.0,100.0,4.0,692,174.0,0,0.0,0,0.0,0.3,303,113.0,33,0,1.8,365.0,133.0,0,94,0.0,450.0,172.0,0.0,8.2,0.0,66655,57,83755,62,0.0,-0.5,0.4,0.17,0.57,6.47,0.06,0.03,0.09,0.99,82.6,392.0,145.0,16.2,410.0,150.0,42.0,347.0,114.0,13.9,404.0,145.0,,,,34,,Aaron,Hickey,Hickey,,,588,0,0,2,8,0,0,0,1,0,0,7,49,,,,0.0,0.31,1.22,1.07,6.43,12,30,33
117,u,0.0,0.0,3.9,787,229.0,0,0.0,-1,1.0,0.1,531,189.0,0,0,0.0,575.0,208.0,0,0,0.0,420.0,157.0,0.0,0.0,0.0,4108,0,15792,5,0.0,0.0,0.0,0.0,0.0,0.0,0.0,0.0,0.0,0.0,0.0,564.0,207.0,0.0,553.0,207.0,0.0,521.0,202.0,0.0,566.0,207.0,,,,34,,Kim,Ji-soo,Ji-soo,has joined Kaiserslautern on loan for the rest of the season.,,0,0,0,0,0,0,0,0,0,0,0,0,0,,,,0.0,0.0,0.0,0.0,0.0,0,0,0
118,u,0.0,0.0,4.0,705,181.0,0,0.0,0,0.0,0.0,612,218.0,0,0,0.0,609.0,224.0,0,0,0.0,461.0,178.0,0.0,0.0,0.0,279,0,11038,2,0.0,0.0,0.0,0.0,0.0,0.0,0.0,0.0,0.0,0.0,0.0,599.0,224.0,0.0,591.0,224.0,0.0,560.0,220.0,0.0,601.0,224.0,,,,34,,Jayden,Meghoma,Meghoma,Has joined Rangers on loan for the rest of the season.,,0,0,0,0,0,0,0,0,0,0,0,0,0,,,,0.0,0.0,0.0,0.0,0.0,0,0,0
120,a,100.0,100.0,6.9,41,25.0,-1,1.0,-1,1.0,1.7,152,52.0,110,0,3.7,103.0,44.0,5,354,2.7,140.0,56.0,0.4,15.9,0.0,939349,1790,786876,2407,2.7,2.2,10.96,2.04,13.0,31.81,0.41,0.08,0.49,1.2,491.0,109.0,34.0,373.9,80.0,61.0,735.0,17.0,8.0,159.5,32.0,24.0,,,3.0,34,,Kevin,Schade,Schade,,,2386,7,5,10,28,0,0,1,6,1,0,28,172,,,,0.0,0.38,1.06,1.06,6.49,37,50,85
121,a,100.0,100.0,5.6,129,80.0,0,0.0,-4,4.0,0.8,218,74.0,93,0,3.3,161.0,66.0,6,381,2.0,180.0,78.0,0.4,16.6,0.0,190813,276,219715,784,2.0,1.5,2.03,4.16,6.19,24.86,0.11,0.22,0.33,1.32,436.4,136.0,45.0,557.4,32.0,29.0,262.0,114.0,67.0,125.8,69.0,44.0,,3.0,,34,,Mikkel,Damsgaard,Damsgaard,,,1701,3,4,4,27,0,0,0,0,0,0,20,196,,,,0.0,0.21,1.43,1.06,10.37,50,35,111
122,i,0.0,0.0,5.2,215,132.0,0,0.0,-3,3.0,0.0,657,260.0,1,0,1.0,504.0,233.0,0,5,0.0,770.0,337.0,0.0,0.2,0.0,2104,3,7017,4,0.0,0.0,0.0,0.01,0.01,1.49,0.0,0.02,0.02,2.98,4.0,488.0,222.0,1.8,468.0,224.0,0.0,801.0,354.0,0.6,499.0,227.0,,,,34,,Antoni,Milambo,Milambo,Knee injury - Expected back 01 Jun,,45,0,0,0,3,0,0,0,0,0,0,1,4,,,,0.0,0.0,6.0,2.0,8.0,2,0,2
123,i,0.0,0.0,4.6,400,248.0,0,0.0,-4,4.0,0.1,471,162.0,13,0,2.2,315.0,134.0,1,42,0.0,687.0,276.0,0.0,2.8,0.0,27322,4,51673,11,0.0,0.0,0.7,0.03,0.73,2.08,0.63,0.03,0.66,1.87,39.0,431.0,187.0,6.5,444.0,214.0,36.0,357.0,184.0,8.1,430.0,193.0,,,4.0,34,,Fábio,Freitas Gouveia Carvalho,Carvalho,Knee injury - Expected back 01 Jun,,100,1,0,0,4,0,0,0,0,0,0,1,8,,,,0.0,0.0,3.6,0.9,7.2,3,0,5
125,i,0.0,0.0,4.9,301,187.0,0,0.0,-1,1.0,0.1,468,161.0,70,0,3.2,172.0,68.0,6,300,0.0,716.0,295.0,0.0,14.3,0.0,67562,6,58259,142,0.0,0.0,0.82,1.88,2.7,20.22,0.06,0.14,0.2,1.45,329.0,201.0,83.0,313.6,114.0,80.0,91.0,283.0,152.0,72.5,200.0,97.0,2.0,,,34,,Vitaly,Janelt,Janelt,Foot injury - Unknown return date,,1253,1,4,5,16,0,0,0,7,0,0,13,164,,,,0.0,0.36,1.15,0.93,11.78,24,66,74
126,a,,,4.9,304,189.0,0,0.0,-1,1.0,0.1,488,172.0,77,0,2.5,272.0,111.0,0,379,1.7,197.0,86.0,0.3,15.7,0.0,21059,54,21508,79,1.7,1.2,2.07,4.76,6.83,26.93,0.1,0.23,0.33,1.33,334.6,197.0,80.0,516.3,42.0,38.0,180.0,180.0,98.0,103.1,109.0,63.0,1.0,2.0,5.0,34,,Mathias,Jensen,Jensen,,,1825,2,2,8,25,0,0,0,3,0,0,21,172,,,,0.0,0.39,1.23,1.04,8.48,32,48,92
128,u,0.0,0.0,4.8,362,224.0,0,0.0,-2,2.0,0.0,610,233.0,12,0,2.0,344.0,146.0,0,41,0.0,703.0,285.0,0.0,2.5,0.0,5396,0,8961,2,0.0,0.0,0.0,0.36,0.36,2.02,0.0,0.37,0.37,2.07,28.4,443.0,196.0,13.6,417.0,207.0,4.0,441.0,215.0,4.6,459.0,206.0,,,,34,,Frank,Onyeka,Onyeka,has joined Coventry City on loan for the rest of the season.,,88,0,2,0,2,0,0,0,0,0,0,0,10,,,,0.0,0.0,2.05,0.0,10.23,2,3,5
129,a,100.0,100.0,5.0,274,168.0,0,0.0,0,0.0,0.1,485,169.0,87,0,2.6,257.0,106.0,0,376,2.3,153.0,61.0,0.5,17.4,0.0,25607,49,23111,46,2.3,1.8,1.19,1.28,2.47,33.82,0.05,0.05,0.1,1.32,369.8,179.0,69.0,243.7,158.0,106.0,110.0,258.0,142.0,72.2,205.0,99.0,,,,34,,Yehor,Yarmoliuk,Yarmoliuk,,,2306,1,2,7,36,0,0,0,7,0,0,26,284,,,,0.0,0.27,1.41,1.01,11.08,58,65,161
131,u,0.0,0.0,4.3,623,370.0,0,0.0,-2,2.0,0.1,435,148.0,0,0,0.0,669.0,257.0,0,0,0.0,552.0,184.0,0.0,0.0,0.0,38108,0,45865,41,0.0,0.0,0.0,0.0,0.0,0.0,0.0,0.0,0.0,0.0,0.0,659.0,247.0,0.0,655.0,252.0,0.0,632.0,241.0,0.0,661.0,249.0,,,,34,,Yunus Emre,Konak,Konak,has joined Oxford United on loan for the rest of the season.,,0,0,0,0,0,0,0,0,0,0,0,0,0,,,,0.0,0.0,0.0,0.0,0.0,0,0,0
136,a,100.0,100.0,7.4,25,9.0,0,0.0,14,-14.0,35.4,6,3.0,168,0,5.1,13.0,3.0,22,675,5.0,49.0,7.0,0.7,22.7,0.0,9716905,21141,5437141,20105,5.0,4.5,19.13,1.73,20.86,43.24,0.61,0.05,0.66,1.37,934.4,6.0,2.0,328.2,105.0,5.0,1056.0,2.0,2.0,231.6,4.0,2.0,,,2.0,34,,Igor Thiago,Nascimento Rodrigues,Thiago,,,2832,21,1,9,42,0,0,1,6,0,0,32,188,,,,0.0,0.29,1.33,1.02,5.97,31,70,87
137,u,0.0,0.0,4.4,558,78.0,0,0.0,-1,1.0,0.3,330,53.0,0,0,0.0,682.0,70.0,0,0,0.0,576.0,59.0,0.0,0.0,0.0,52422,0,82446,38,0.0,0.0,0.0,0.0,0.0,0.0,0.0,0.0,0.0,0.0,0.0,675.0,70.0,0.0,670.0,69.0,0.0,651.0,69.0,0.0,677.0,70.0,,,,34,,Iwan,Morgan,Morgan,has joined Shrewsbury on loan for the rest of the season.,,0,0,0,0,0,0,0,0,0,0,0,0,0,,,,0.0,0.0,0.0,0.0,0.0,0,0,0
748,d,25.0,25.0,4.9,297,184.0,0,0.0,-1,1.0,0.0,814,360.0,0,0,0.0,778.0,335.0,0,0,0.0,714.0,294.0,0.0,0.0,0.0,221,2,249,1,0.0,-0.1,0.0,0.0,0.0,0.0,0.0,0.0,0.0,0.0,0.0,777.0,334.0,0.0,773.0,334.0,0.0,769.0,332.0,0.0,777.0,334.0,,,,34,,Josh,Dasilva,Dasilva,Lack of match fitness - 25% chance of playing,,0,0,0,0,0,0,0,0,0,0,0,0,0,,,,0.0,0.0,0.0,0.0,0.0,0,0,0
797,i,0.0,0.0,4.5,493,69.0,0,0.0,0,0.0,0.0,706,89.0,0,0,0.0,746.0,79.0,0,0,0.0,659.0,68.0,0.0,0.0,0.0,2245,14,1587,18,0.0,0.0,0.0,0.0,0.0,0.0,0.0,0.0,0.0,0.0,0.0,744.0,79.0,0.0,737.0,78.0,0.0,724.0,78.0,0.0,744.0,79.0,,,,34,,Kaye,Furo,Furo,Knock - Unknown return date,,0,0,0,0,0,0,0,0,0,0,0,0,0,,,,0.0,0.0,0.0,0.0,0.0,0,0,0
819,a,,,4.0,700,178.0,0,0.0,0,0.0,0.0,759,258.0,0,0,0.0,607.0,223.0,0,0,0.0,458.0,176.0,0.0,0.0,0.0,403,9,174,6,0.0,-0.5,0.0,0.0,0.0,0.0,0.0,0.0,0.0,0.0,0.0,596.0,222.0,0.0,588.0,222.0,0.0,557.0,218.0,0.0,598.0,222.0,,,,34,,Ollie,Shield,Shield,,,0,0,0,0,0,0,0,0,0,0,0,0,0,,,,0.0,0.0,0.0,0.0,0.0,0,0,0
823,a,,,4.0,744,212.0,0,0.0,0,0.0,0.0,805,266.0,0,0,0.0,640.0,248.0,0,0,0.0,498.0,207.0,0.0,0.0,0.0,86,4,40,8,0.0,-0.5,0.0,0.0,0.0,0.0,0.0,0.0,0.0,0.0,0.0,630.0,248.0,0.0,623.0,248.0,0.0,594.0,246.0,0.0,632.0,248.0,,,,34,,Joshua,Stephenson,Stephenson,,,0,0,0,0,0,0,0,0,0,0,0,0,0,,,,0.0,0.0,0.0,0.0,0.0,0,0,0
824,a,,,4.0,727,196.0,0,0.0,0,0.0,0.0,799,265.0,0,0,0.0,627.0,236.0,0,0,0.0,482.0,192.0,0.0,0.0,0.0,126,8,47,4,0.0,-0.5,0.0,0.0,0.0,0.0,0.0,0.0,0.0,0.0,0.0,617.0,236.0,0.0,610.0,236.0,0.0,580.0,233.0,0.0,619.0,236.0,,,,34,,Conor,McManus,McManus,,,0,0,0,0,0,0,0,0,0,0,0,0,0,,,,0.0,0.0,0.0,0.0,0.0,0,0,0
138,a,,,4.2,627,28.0,0,0.0,-3,3.0,0.2,358,51.0,0,0,0.0,644.0,89.0,0,0,0.0,507.0,80.0,0.0,0.0,0.0,11760,42,41147,35,0.0,0.0,0.0,0.0,0.0,0.0,0.0,0.0,0.0,0.0,0.0,634.0,89.0,0.0,628.0,79.0,0.0,599.0,65.0,0.0,636.0,89.0,,,,34,,Jason,Steele,Steele,,,0,0,0,0,0,0,0,0,0,0,0,0,0,,,,0.0,0.0,0.0,0.0,0.0,0,0,0
139,a,,,4.5,446,24.0,0,0.0,0,0.0,8.8,44,7.0,118,0,3.5,125.0,16.0,6,575,5.7,26.0,2.0,1.3,26.2,0.0,1274704,10142,998758,3866,5.7,0.0,0.0,0.06,0.06,43.36,0.0,0.0,0.0,1.28,849.0,9.0,2.0,10.0,433.0,11.0,0.0,686.0,79.0,86.0,155.0,2.0,,,,34,,Bart,Verbruggen,Verbruggen,,,3060,0,0,9,39,1,1,0,3,0,95,34,102,,,,2.79,0.26,1.15,1.0,0.0,1,29,300
140,a,,,3.9,759,78.0,0,0.0,-1,1.0,0.3,327,45.0,0,0,0.0,554.0,49.0,0,0,0.0,398.0,37.0,0.0,0.0,0.0,18614,9,29890,28,0.0,0.0,0.0,0.0,0.0,0.0,0.0,0.0,0.0,0.0,0.0,543.0,49.0,0.0,531.0,33.0,0.0,499.0,19.0,0.0,545.0,49.0,,,,34,,Tom,McGill,McGill,,,0,0,0,0,0,0,0,0,0,0,0,0,0,,,,0.0,0.0,0.0,0.0,0.0,0,0,0
141,u,0.0,0.0,4.0,693,54.0,0,0.0,0,0.0,0.0,811,94.0,0,0,0.0,600.0,76.0,0,0,0.0,451.0,66.0,0.0,0.0,0.0,0,0,247,0,0.0,0.0,0.0,0.0,0.0,0.0,0.0,0.0,0.0,0.0,0.0,589.0,76.0,0.0,581.0,64.0,0.0,550.0,50.0,0.0,591.0,76.0,,,,34,,Carl,Rushworth,Rushworth,Has joined Coventry City on loan for the rest of the season.,,0,0,0,0,0,0,0,0,0,0,0,0,0,,,,0.0,0.0,0.0,0.0,0.0,0,0,0
143,a,,,4.2,634,143.0,0,0.0,-3,3.0,0.1,432,161.0,38,0,3.5,117.0,40.0,4,163,5.7,25.0,13.0,1.4,9.0,0.0,17576,417,17227,118,5.7,0.0,0.05,0.4,0.45,7.71,0.01,0.05,0.06,0.98,191.2,298.0,115.0,64.9,334.0,112.0,12.0,408.0,152.0,26.9,366.0,125.0,3.0,,,34,,Olivier,Boscagli,Boscagli,,,709,0,1,3,7,0,0,0,2,0,0,8,73,,,,0.0,0.38,0.89,1.02,9.27,14,59,49
144,u,0.0,0.0,4.2,648,151.0,0,0.0,-3,3.0,0.0,605,215.0,10,0,2.0,341.0,125.0,0,32,0.0,518.0,218.0,0.0,2.4,0.0,2735,0,8417,3,0.0,0.0,0.0,0.01,0.01,4.52,0.0,0.0,0.0,2.11,42.4,427.0,159.0,3.7,455.0,164.0,2.0,445.0,168.0,4.8,457.0,164.0,,,,34,,Diego,Coppola,Coppola,has joined Paris FC on loan for the rest of the season.,,193,0,0,1,3,0,0,0,2,0,0,2,19,,,,0.0,0.47,1.4,0.93,8.39,2,16,6
145,a,100.0,100.0,4.3,591,134.0,0,0.0,-2,2.0,1.5,162,63.0,66,0,2.5,268.0,103.0,6,245,1.7,189.0,68.0,0.4,15.3,0.0,258661,124,741968,341,1.7,0.0,1.55,2.25,3.8,21.07,0.12,0.17,0.29,1.62,242.4,259.0,104.0,331.0,102.0,26.0,132.0,233.0,60.0,70.6,210.0,72.0,,1.0,,34,,Maxim,De Cuyper,De Cuyper,,,1173,2,1,4,19,0,0,0,2,0,0,14,78,,,,0.0,0.31,1.46,1.07,4.14,19,35,59
146,a,100.0,100.0,4.5,410,74.0,0,0.0,0,0.0,0.9,208,82.0,82,0,2.8,222.0,85.0,3,389,0.0,593.0,237.0,0.0,18.2,0.0,166931,205,224921,133,0.0,0.0,1.3,0.51,1.81,38.31,0.05,0.02,0.07,1.34,573.4,68.0,32.0,108.6,273.0,79.0,154.0,208.0,53.0,83.8,162.0,53.0,,3.0,,34,,Lewis,Dunk,Dunk,,,2565,0,1,6,35,0,0,0,10,0,0,28,259,,,,0.0,0.21,1.23,0.98,7.61,33,184,120
149,a,100.0,100.0,4.5,424,84.0,0,0.0,0,0.0,0.1,515,185.0,6,0,1.5,409.0,151.0,0,10,0.0,601.0,241.0,0.0,1.3,0.0,11080,26,11409,29,0.0,0.0,0.0,0.0,0.0,4.66,0.0,0.0,0.0,4.07,25.8,449.0,163.0,10.6,426.0,154.0,0.0,671.0,258.0,3.6,467.0,168.0,,,,34,,Igor Julio,dos Santos de Paulo,Igor,,,103,0,0,0,3,0,0,0,0,0,0,1,13,,,,0.0,0.0,2.62,0.87,11.36,0,13,3
150,u,0.0,0.0,4.4,538,111.0,0,0.0,-1,1.0,0.1,522,187.0,0,0,0.0,673.0,256.0,0,0,0.0,562.0,233.0,0.0,0.0,0.0,2778,0,38682,4,0.0,0.0,0.0,0.0,0.0,0.0,0.0,0.0,0.0,0.0,0.0,664.0,256.0,0.0,660.0,256.0,0.0,639.0,255.0,0.0,666.0,256.0,,,,34,,Tariq,Lamptey,Lamptey,has joined Fiorentina permanently.,,0,0,0,0,0,0,0,0,0,0,0,0,0,,,,0.0,0.0,0.0,0.0,0.0,0,0,0
151,a,100.0,100.0,4.6,402,70.0,0,0.0,1,-1.0,9.7,37,12.0,137,0,4.3,39.0,14.0,8,533,5.7,28.0,15.0,1.2,29.8,0.0,1981254,17587,884251,3515,5.7,0.0,2.37,1.35,3.71,40.57,0.07,0.04,0.11,1.28,909.4,7.0,3.0,220.0,171.0,43.0,276.0,105.0,13.0,140.9,50.0,7.0,,,,34,,Jan Paul,van Hecke,Van Hecke,,,2850,3,3,9,37,1,0,0,8,0,0,32,312,,,,0.0,0.28,1.17,1.01,8.91,49,233,99
152,a,100.0,100.0,4.3,576,122.0,0,0.0,-2,2.0,0.1,440,164.0,38,0,1.8,368.0,136.0,1,146,0.7,280.0,91.0,0.2,8.8,0.0,23597,15,38345,36,0.7,0.0,0.99,0.12,1.11,15.18,0.1,0.01,0.11,1.54,234.6,263.0,106.0,72.6,317.0,106.0,63.0,319.0,99.0,37.1,330.0,111.0,,,,34,,Joël,Veltman,Veltman,,,889,1,0,1,12,0,0,0,4,0,0,8,106,,,,0.0,0.1,1.21,0.81,9.52,29,65,36
154,u,0.0,0.0,4.0,684,170.0,0,0.0,0,0.0,0.0,786,262.0,0,0,0.0,593.0,217.0,0,0,0.0,442.0,168.0,0.0,0.0,0.0,0,0,788,0,0.0,0.0,0.0,0.0,0.0,0.0,0.0,0.0,0.0,0.0,0.0,582.0,216.0,0.0,574.0,216.0,0.0,543.0,212.0,0.0,584.0,216.0,,,,34,,Eiran,Cashin,Cashin,has joined Blackburn Rovers on loan for the rest of the season.,,0,0,0,0,0,0,0,0,0,0,0,0,0,,,,0.0,0.0,0.0,0.0,0.0,0,0,0
155,u,0.0,0.0,4.0,729,197.0,0,0.0,0,0.0,0.1,508,180.0,0,0,0.0,629.0,237.0,0,0,0.0,484.0,193.0,0.0,0.0,0.0,3175,0,16754,2,0.0,0.0,0.0,0.0,0.0,0.0,0.0,0.0,0.0,0.0,0.0,619.0,237.0,0.0,612.0,237.0,0.0,582.0,234.0,0.0,621.0,237.0,,,,34,,Jacob,Slater,Slater,has joined Harrogate Town on loan until January.,,0,0,0,0,0,0,0,0,0,0,0,0,0,,,,0.0,0.0,0.0,0.0,0.0,0,0,0
157,a,100.0,100.0,6.1,83,54.0,0,0.0,-4,4.0,2.1,134,44.0,61,0,2.7,244.0,98.0,2,233,3.3,97.0,35.0,0.5,10.0,0.0,360367,2692,898702,673,3.3,0.0,3.64,2.65,6.29,20.28,0.21,0.15,0.36,1.16,285.0,233.0,99.0,402.7,71.0,56.0,397.0,64.0,38.0,108.1,98.0,55.0,,,,34,,Mitoma,Kaoru,Mitoma,,,1567,3,1,5,17,0,0,0,3,0,0,17,100,,,,0.0,0.29,0.98,0.98,5.74,17,27,56
158,a,100.0,100.0,5.6,130,81.0,0,0.0,-4,4.0,0.3,316,109.0,83,0,3.0,204.0,81.0,2,275,4.3,65.0,22.0,0.8,14.8,0.0,136450,756,259317,128,4.3,0.0,2.48,2.32,4.8,20.2,0.13,0.12,0.25,1.06,323.4,204.0,86.0,319.7,110.0,77.0,409.0,59.0,34.0,105.1,104.0,60.0,,,,34,,Georginio,Rutter,Georginio,,,1711,3,5,7,18,1,0,0,2,0,0,20,126,,,,0.0,0.37,0.95,1.05,6.63,30,37,59
159,d,75.0,75.0,5.8,102,67.0,0,0.0,-2,2.0,0.0,702,284.0,1,0,1.0,508.0,237.0,0,4,0.0,805.0,356.0,0.0,0.2,0.0,2950,7,3715,53,0.0,0.0,0.0,0.0,0.0,0.25,0.0,0.0,0.0,5.62,0.0,819.0,365.0,0.0,819.0,365.0,0.0,818.0,365.0,0.0,819.0,365.0,,,,34,,Solly,March,March,Muscle injury - 75% chance of playing,,4,0,0,0,0,0,0,0,0,0,0,0,0,,,,0.0,0.0,0.0,0.0,0.0,0,0,0
160,a,100.0,100.0,5.5,150,95.0,0,0.0,-5,5.0,2.4,126,41.0,102,0,3.4,145.0,62.0,8,405,2.3,157.0,64.0,0.4,18.5,0.0,2083820,1314,1959101,2276,2.3,0.0,3.27,4.49,7.76,29.65,0.14,0.19,0.33,1.29,420.8,141.0,49.0,599.0,28.0,26.0,563.0,30.0,14.0,158.6,33.0,25.0,5.0,,,34,,Yankuba,Minteh,Minteh,,,2074,2,8,9,29,0,0,0,3,0,0,23,169,,,,0.0,0.39,1.26,1.0,7.33,50,29,90
161,u,0.0,0.0,5.4,170,106.0,0,0.0,-1,1.0,0.0,753,320.0,0,0,0.0,814.0,361.0,0,0,0.0,790.0,347.0,0.0,0.0,0.0,105,0,2965,0,0.0,0.0,0.0,0.0,0.0,0.0,0.0,0.0,0.0,0.0,0.0,813.0,360.0,0.0,812.0,360.0,0.0,810.0,359.0,0.0,813.0,360.0,,,,34,,Julio,Enciso Espínola,Enciso,has joined Strasbourg permanently.,,0,0,0,0,0,0,0,0,0,0,0,0,0,,,,0.0,0.0,0.0,0.0,0.0,0,0,0
162,u,0.0,0.0,5.4,176,111.0,0,0.0,-1,1.0,0.0,601,227.0,35,0,1.9,361.0,155.0,2,114,0.0,792.0,349.0,0.0,6.5,0.0,16799,0,19868,6,0.0,0.0,1.86,0.88,2.74,13.82,0.24,0.11,0.35,1.76,134.4,343.0,154.0,217.1,174.0,118.0,152.0,211.0,115.0,50.0,282.0,144.0,,,,34,,Brajan,Gruda,Gruda,has joined Leipzig on loan for the rest of the season.,,708,1,1,2,11,0,0,0,2,0,0,8,58,,,,0.0,0.25,1.4,1.02,7.37,14,4,40
163,a,100.0,100.0,5.1,241,145.0,0,0.0,-4,4.0,0.4,279,97.0,71,0,3.1,194.0,75.0,2,243,4.3,63.0,20.0,0.8,13.9,0.0,80669,721,38905,286,4.3,0.0,3.74,1.93,5.67,23.41,0.24,0.12,0.36,1.5,228.2,267.0,110.0,187.5,193.0,126.0,292.0,99.0,60.0,70.2,211.0,102.0,,,,34,,Jack,Hinshelwood,Hinshelwood,,,1408,2,5,5,18,1,0,0,0,0,0,16,101,,,,0.0,0.32,1.15,1.02,6.46,16,31,54
164,a,100.0,100.0,5.5,140,87.0,0,0.0,0,0.0,0.3,302,105.0,16,0,2.7,241.0,96.0,2,48,0.7,304.0,140.0,0.1,2.9,0.0,132927,34,200396,28,0.7,0.0,1.21,0.18,1.39,2.53,0.54,0.08,0.62,1.13,65.4,408.0,178.0,67.7,325.0,177.0,63.0,320.0,168.0,19.6,391.0,180.0,,,3.0,34,,Matt,O'Riley,O'Riley,,,202,1,0,1,3,0,0,0,0,0,0,2,10,,,,0.0,0.45,1.34,0.89,4.46,5,3,2
165,u,0.0,0.0,5.4,177,112.0,0,0.0,-1,1.0,0.0,740,311.0,0,0,0.0,815.0,362.0,0,0,0.0,793.0,350.0,0.0,0.0,0.0,247,0,2253,0,0.0,0.0,0.0,0.0,0.0,0.0,0.0,0.0,0.0,0.0,0.0,814.0,361.0,0.0,813.0,361.0,0.0,811.0,360.0,0.0,814.0,361.0,,,,34,,Abdallah,Sima,Sima,has joined Lens permanently.,,0,0,0,0,0,0,0,0,0,0,0,0,0,,,,0.0,0.0,0.0,0.0,0.0,0,0,0
166,a,100.0,100.0,4.8,371,231.0,0,0.0,-2,2.0,0.4,287,99.0,96,0,3.6,107.0,46.0,7,401,3.7,82.0,28.0,0.8,20.0,0.0,213111,321,193870,373,3.7,0.0,2.7,1.15,3.85,26.67,0.13,0.05,0.18,1.26,358.0,184.0,72.0,251.0,154.0,103.0,229.0,132.0,77.0,84.1,161.0,85.0,,2.0,,34,,Yasin,Ayari,Ayari,,,1899,3,4,6,23,0,0,0,1,0,0,20,223,,,,0.0,0.28,1.09,0.95,10.57,47,53,123
167,a,100.0,100.0,4.5,460,277.0,0,0.0,-5,5.0,1.5,166,59.0,45,0,1.7,394.0,166.0,0,175,1.3,218.0,97.0,0.3,10.0,0.0,210986,703,566011,372,1.3,0.0,0.56,0.61,1.17,17.43,0.04,0.04,0.08,1.14,116.6,364.0,161.0,105.8,279.0,168.0,31.0,367.0,188.0,25.4,372.0,175.0,,,,34,,Carlos,Baleba,Baleba,,,1380,0,0,5,17,0,0,0,5,0,0,20,164,,,,0.0,0.33,1.11,1.3,10.7,29,54,81
169,d,50.0,50.0,4.9,334,205.0,0,0.0,-1,1.0,0.8,222,77.0,95,0,3.2,174.0,70.0,9,360,2.0,173.0,72.0,0.4,19.4,0.0,223404,12,140176,3693,1.0,0.0,5.31,1.7,7.01,27.68,0.23,0.08,0.31,1.22,437.2,135.0,44.0,317.0,113.0,79.0,394.0,66.0,40.0,115.0,87.0,53.0,,5.0,,34,,Diego,Gómez Amarilla,Gomez,Knee injury - 50% chance of playing,,2034,5,1,8,25,0,0,0,9,0,0,25,226,,,,0.0,0.35,1.11,1.11,10.0,76,46,104
170,d,25.0,25.0,4.9,284,176.0,0,0.0,-1,1.0,0.1,472,163.0,34,0,1.8,377.0,159.0,0,153,0.0,707.0,288.0,0.0,6.9,0.0,19517,3,24755,48,0.0,0.0,1.03,0.65,1.68,11.32,0.13,0.08,0.21,1.43,137.6,341.0,153.0,149.5,229.0,147.0,59.0,326.0,170.0,34.4,340.0,165.0,,,1.0,34,,James,Milner,Milner,Knock - 25% chance of playing,,714,1,1,2,14,0,0,0,2,0,0,6,76,,,,0.0,0.25,1.76,0.76,9.58,14,24,38
171,u,0.0,0.0,4.9,325,201.0,0,0.0,-1,1.0,0.0,716,294.0,0,0,0.0,786.0,342.0,0,0,0.0,728.0,304.0,0.0,0.0,0.0,197,0,2982,0,0.0,0.0,0.0,0.0,0.0,0.0,0.0,0.0,0.0,0.0,0.0,785.0,341.0,0.0,781.0,341.0,0.0,777.0,339.0,0.0,785.0,341.0,,,,34,,Jeremy,Sarmiento Morante,Sarmiento,has joined Middlesbrough on loan for the rest of the season.,,0,0,0,0,0,0,0,0,0,0,0,0,0,,,,0.0,0.0,0.0,0.0,0.0,0,0,0
172,u,0.0,0.0,4.8,373,233.0,0,0.0,-2,2.0,0.0,654,258.0,5,0,0.8,520.0,241.0,0,15,0.0,706.0,287.0,0.0,1.0,0.0,2397,0,4300,4,0.0,0.0,0.04,0.03,0.07,1.72,0.06,0.05,0.11,2.72,6.0,482.0,217.0,2.4,464.0,221.0,7.0,432.0,207.0,1.6,481.0,217.0,,,,34,,Tom,Watson,Watson,has joined Millwall on loan for the rest of the season.,,57,0,0,0,2,0,0,0,1,0,0,0,5,,,,0.0,0.0,3.16,0.0,7.89,1,0,4
173,a,100.0,100.0,4.9,329,204.0,0,0.0,-1,1.0,0.6,256,89.0,91,0,3.8,83.0,37.0,6,383,6.7,15.0,6.0,1.4,18.6,0.0,172287,1216,111891,1616,6.7,0.0,1.92,1.84,3.76,21.88,0.1,0.09,0.19,1.1,466.4,122.0,40.0,284.0,136.0,91.0,209.0,153.0,87.0,96.0,128.0,72.0,,,,34,,Mats,Wieffer,Wieffer,,,1794,2,4,6,22,0,0,0,8,0,0,21,262,,,,0.0,0.3,1.1,1.05,13.14,64,100,98
174,u,0.0,0.0,5.0,281,174.0,0,0.0,0,0.0,0.0,784,341.0,0,0,0.0,805.0,356.0,0,0,0.0,759.0,328.0,0.0,0.0,0.0,0,0,1267,0,0.0,0.0,0.0,0.0,0.0,0.0,0.0,0.0,0.0,0.0,0.0,804.0,355.0,0.0,802.0,355.0,0.0,797.0,353.0,0.0,804.0,355.0,,,,34,,Malick,Yalcouyé,Yalcouye,Has joined Swansea City on loan for the rest of the season.,,0,0,0,0,0,0,0,0,0,0,0,0,0,,,,0.0,0.0,0.0,0.0,0.0,0,0,0
175,u,0.0,0.0,4.4,564,339.0,0,0.0,-1,1.0,0.1,546,202.0,1,0,1.0,478.0,211.0,0,3,0.0,581.0,198.0,0.0,0.2,0.0,11030,0,15386,9,0.0,0.0,0.0,0.0,0.0,0.0,0.0,0.0,0.0,0.0,0.0,680.0,260.0,0.0,675.0,263.0,0.0,656.0,255.0,0.0,682.0,262.0,,,,34,,Joe,Knight,Knight,has joined Stevenage permanently.,,1,0,0,0,0,0,0,0,0,0,0,0,0,,,,0.0,0.0,0.0,0.0,0.0,0,0,0
176,u,0.0,0.0,4.5,465,282.0,0,0.0,0,0.0,0.0,697,281.0,0,0,0.0,726.0,297.0,0,0,0.0,632.0,233.0,0.0,0.0,0.0,1435,0,4618,1,0.0,0.0,0.0,0.0,0.0,0.0,0.0,0.0,0.0,0.0,0.0,721.0,292.0,0.0,716.0,294.0,0.0,700.0,287.0,0.0,722.0,293.0,,,,34,,Adrian,Mazilu,Mazilu,has joined Dinamo Bucharest permanently.,,0,0,0,0,0,0,0,0,0,0,0,0,0,,,,0.0,0.0,0.0,0.0,0.0,0,0,0
177,u,0.0,0.0,4.5,454,271.0,0,0.0,0,0.0,0.0,711,290.0,0,0,0.0,717.0,288.0,0,0,0.0,623.0,224.0,0.0,0.0,0.0,490,0,5119,0,0.0,0.0,0.0,0.0,0.0,0.0,0.0,0.0,0.0,0.0,0.0,712.0,283.0,0.0,707.0,285.0,0.0,691.0,278.0,0.0,713.0,284.0,,,,34,,Andrew,Moran,Moran,Has joined Los Angeles FC on loan for the rest of the season.,,0,0,0,0,0,0,0,0,0,0,0,0,0,,,,0.0,0.0,0.0,0.0,0.0,0,0,0
178,a,100.0,100.0,6.3,62,21.0,0,0.0,-2,2.0,7.7,53,9.0,116,0,3.5,133.0,9.0,18,473,3.3,100.0,16.0,0.5,18.4,0.0,2881399,12273,2486875,8638,3.3,0.0,11.79,1.32,13.11,27.46,0.54,0.06,0.6,1.25,546.4,80.0,5.0,286.2,132.0,9.0,703.0,20.0,12.0,152.9,38.0,8.0,,4.0,2.0,34,,Danny,Welbeck,Welbeck,,,1972,13,0,8,23,0,0,2,5,0,0,22,97,,,,0.0,0.37,1.05,1.0,4.43,20,35,42
179,u,0.0,0.0,5.5,148,36.0,0,0.0,0,0.0,0.0,760,92.0,0,0,0.0,819.0,90.0,0,0,0.0,799.0,86.0,0.0,0.0,0.0,0,0,1562,0,0.0,0.0,0.0,0.0,0.0,0.0,0.0,0.0,0.0,0.0,0.0,818.0,90.0,0.0,817.0,90.0,0.0,815.0,90.0,0.0,818.0,90.0,,,,34,,Evan,Ferguson,Ferguson,Has joined AS Roma on loan for the rest of the season,,0,0,0,0,0,0,0,0,0,0,0,0,0,,,,0.0,0.0,0.0,0.0,0.0,0,0,0
180,i,0.0,0.0,5.2,219,51.0,0,0.0,-3,3.0,0.1,538,75.0,16,0,1.8,384.0,45.0,0,55,0.0,773.0,83.0,0.0,3.1,0.0,13491,18,23506,15,0.0,0.0,0.44,0.11,0.55,2.59,0.3,0.08,0.38,1.77,66.6,407.0,48.0,65.7,332.0,41.0,44.0,345.0,54.0,17.7,395.0,50.0,,,,34,,Stefanos,Tzimas,Tzimas,Knee injury - Expected back 01 Jun,,132,1,1,0,2,0,0,0,0,0,0,1,15,,,,0.0,0.0,1.36,0.68,10.23,3,2,10
181,a,,,4.8,375,64.0,0,0.0,-2,2.0,0.3,308,48.0,31,0,1.8,376.0,42.0,3,123,0.3,337.0,45.0,0.1,6.5,0.0,57123,79,79438,82,0.3,0.0,1.8,0.28,2.08,4.66,0.54,0.08,0.62,1.4,130.0,348.0,35.0,91.8,296.0,32.0,198.0,160.0,37.0,41.9,307.0,34.0,,,,34,,Charalampos,Kostoulas,Kostoulas,,,300,2,1,1,7,0,0,0,2,0,0,2,38,,,,0.0,0.3,2.1,0.6,11.4,11,5,22
744,a,,,4.5,470,285.0,0,0.0,0,0.0,0.0,719,297.0,1,0,1.0,484.0,216.0,0,3,0.0,636.0,236.0,0.0,0.2,0.0,3072,9,2321,12,0.0,0.0,0.0,0.0,0.0,0.0,0.0,0.0,0.0,0.0,0.0,725.0,295.0,0.0,719.0,296.0,0.0,704.0,290.0,0.0,726.0,296.0,,,,34,,Nehemiah,Oriola,Oriola,,,1,0,0,0,0,0,0,0,0,0,0,0,0,,,,0.0,0.0,0.0,0.0,0.0,0,0,0
761,a,,,4.0,734,202.0,0,0.0,0,0.0,0.0,690,245.0,0,0,0.0,633.0,241.0,0,0,0.0,489.0,198.0,0.0,0.0,0.0,1284,9,1008,5,0.0,0.0,0.0,0.0,0.0,0.0,0.0,0.0,0.0,0.0,0.0,623.0,241.0,0.0,616.0,241.0,0.0,586.0,238.0,0.0,625.0,241.0,,,,34,,Freddie,Simmonds,Simmonds,,,0,0,0,0,0,0,0,0,0,0,0,0,0,,,,0.0,0.0,0.0,0.0,0.0,0,0,0
783,a,,,5.5,133,82.0,0,0.0,0,0.0,1.9,141,46.0,65,0,4.3,41.0,18.0,9,317,7.3,11.0,5.0,1.3,11.8,0.0,330943,11480,81867,1216,7.3,0.0,0.84,3.1,3.94,14.66,0.06,0.22,0.28,1.03,335.0,196.0,79.0,554.2,33.0,30.0,121.0,247.0,135.0,101.0,115.0,67.0,1.0,,,34,,Pascal,Groß,Groß,,,1276,1,5,5,10,0,0,0,2,0,0,14,120,,,,0.0,0.35,0.71,0.99,8.46,24,36,60
795,a,,,4.5,495,305.0,0,0.0,0,0.0,0.0,768,328.0,4,0,1.3,435.0,191.0,0,11,0.0,661.0,256.0,0.0,0.9,0.0,927,4,485,4,0.0,0.0,0.0,0.03,0.03,1.04,0.0,0.03,0.03,1.02,10.2,470.0,207.0,5.1,450.0,216.0,2.0,453.0,223.0,1.8,478.0,215.0,,,,34,,Harry,Howell,Howell,,,92,0,0,0,2,0,0,0,0,0,0,1,7,,,,0.0,0.0,1.96,0.98,6.85,1,3,3
221,d,25.0,25.0,4.3,606,27.0,0,0.0,-2,2.0,0.2,409,57.0,6,0,2.0,342.0,34.0,0,35,0.0,538.0,85.0,0.0,1.4,0.0,16402,9,28851,39,0.1,0.0,0.0,0.0,0.0,3.56,0.0,0.0,0.0,1.21,59.6,411.0,31.0,0.0,644.0,84.0,0.0,621.0,73.0,5.9,448.0,31.0,,,,34,,Filip,Jörgensen,Jörgensen,Groin Injury - 25% chance of playing,,264,0,0,0,4,0,0,0,0,0,6,2,7,,,,2.05,0.0,1.36,0.68,0.0,0,3,23
222,u,0.0,0.0,4.0,718,64.0,0,0.0,0,0.0,0.0,806,93.0,0,0,0.0,618.0,85.0,0,0,0.0,473.0,76.0,0.0,0.0,0.0,0,0,344,0,0.0,0.0,0.0,0.0,0.0,0.0,0.0,0.0,0.0,0.0,0.0,608.0,85.0,0.0,601.0,74.0,0.0,571.0,60.0,0.0,610.0,85.0,,,,34,,Mike,Penders,Penders,Has joined RC Strasbourg on loan for the rest of the season.,,0,0,0,0,0,0,0,0,0,0,0,0,0,,,,0.0,0.0,0.0,0.0,0.0,0,0,0
223,a,,,3.9,771,83.0,0,0.0,-1,1.0,0.1,469,69.0,0,0,0.0,562.0,54.0,0,0,0.0,406.0,42.0,0.0,0.0,0.0,10261,8,13284,13,0.5,0.0,0.0,0.0,0.0,0.0,0.0,0.0,0.0,0.0,0.0,551.0,54.0,0.0,539.0,38.0,0.0,507.0,24.0,0.0,553.0,54.0,,,,34,,Gabriel,Słonina,Slonina,,,0,0,0,0,0,0,0,0,0,0,0,0,0,,,,0.0,0.0,0.0,0.0,0.0,0,0,0
224,a,100.0,100.0,6.1,80,3.0,0,0.0,1,-1.0,15.0,22,8.0,97,0,3.2,180.0,71.0,5,444,1.0,269.0,88.0,0.2,15.9,0.0,3033486,2647,3843483,4527,1.5,0.0,2.26,3.07,5.33,35.28,0.09,0.12,0.21,1.35,513.4,93.0,41.0,512.6,44.0,4.0,267.0,110.0,16.0,129.4,63.0,11.0,,,,34,,Marc,Cucurella Saseta,Cucurella,,,2346,1,3,9,32,0,0,0,6,1,0,27,208,,,,0.0,0.35,1.23,1.04,6.56,47,124,98
225,d,25.0,25.0,5.6,128,12.0,0,0.0,1,-1.0,6.0,62,20.0,113,0,4.2,46.0,18.0,11,479,0.0,802.0,264.0,0.0,20.2,0.0,2188432,27,2239168,4785,0.1,0.0,1.02,3.15,4.17,28.24,0.05,0.15,0.2,1.34,446.4,128.0,56.0,480.8,49.0,6.0,109.0,262.0,72.0,103.8,108.0,29.0,1.0,1.0,,34,,Reece,James,James,Hamstring injury - 25% chance of playing,,1892,2,6,8,20,0,0,0,4,0,0,20,163,,,,0.0,0.38,0.95,0.95,5.9,47,77,95
226,a,100.0,100.0,5.4,157,18.0,0,0.0,4,-4.0,9.5,38,13.0,133,0,4.3,40.0,15.0,7,505,0.7,302.0,99.0,0.1,24.6,0.0,4824683,1702,4037800,4681,1.2,0.0,1.34,1.02,2.36,38.29,0.05,0.03,0.08,1.3,689.8,39.0,15.0,108.3,275.0,80.0,156.0,205.0,51.0,95.4,130.0,38.0,,,,34,,Trevoh,Chalobah,Chalobah,,,2649,3,1,9,37,0,0,0,3,1,0,30,287,,,,0.0,0.31,1.26,1.02,8.66,35,220,113
229,a,100.0,100.0,4.4,540,113.0,0,0.0,-1,1.0,0.0,649,232.0,7,0,0.9,510.0,174.0,0,48,0.0,563.0,234.0,0.0,1.6,0.0,9065,8,9824,6,0.5,0.0,0.0,0.06,0.06,7.41,0.0,0.01,0.01,1.42,102.8,375.0,141.0,7.9,440.0,157.0,2.0,450.0,169.0,11.4,421.0,150.0,,,,34,,Benoît,Badiashile Mukinayi,B.Badiashile,,,470,0,0,0,10,0,0,0,2,0,0,6,51,,,,0.0,0.0,1.91,1.15,9.19,7,41,16
230,a,100.0,100.0,4.4,544,116.0,0,0.0,-1,1.0,0.4,285,107.0,60,0,2.7,233.0,90.0,3,267,1.7,191.0,70.0,0.4,13.6,0.0,135779,101,121607,355,2.2,0.0,0.72,0.6,1.32,22.18,0.04,0.04,0.08,1.34,440.4,133.0,58.0,64.2,335.0,113.0,72.0,306.0,92.0,57.7,252.0,85.0,,,,34,,Wesley,Fofana,Fofana,,,1487,0,1,4,21,0,0,0,5,1,0,17,195,,,,0.0,0.24,1.27,1.03,11.32,19,168,69
231,a,100.0,100.0,4.5,480,97.0,0,0.0,0,0.0,0.0,664,234.0,2,0,1.0,486.0,173.0,0,1,0.0,646.0,247.0,0.0,0.4,0.0,3496,25,3809,30,0.5,0.0,0.35,0.0,0.35,1.42,0.35,0.0,0.35,1.4,6.2,480.0,172.0,0.1,492.0,177.0,7.0,431.0,165.0,1.3,489.0,172.0,,,,34,,Mamadou,Sarr,M.Sarr,,,91,0,0,0,3,0,0,0,0,0,0,1,8,,,,0.0,0.0,2.97,0.99,7.91,1,7,2
232,a,100.0,100.0,4.0,670,163.0,0,0.0,-5,5.0,0.3,347,124.0,34,0,2.3,296.0,109.0,2,129,0.0,429.0,162.0,0.0,8.5,0.0,109473,63,223900,51,0.5,0.0,0.11,0.4,0.5,12.16,0.01,0.05,0.06,1.47,232.0,265.0,108.0,32.5,383.0,136.0,19.0,392.0,140.0,28.4,360.0,123.0,,,,34,,Tosin,Adarabioyo,Tosin,,,743,0,0,2,12,0,0,0,2,0,0,7,108,,,,0.0,0.24,1.45,0.85,11.39,15,79,19
233,a,100.0,100.0,3.7,828,266.0,0,0.0,-3,3.0,1.6,155,60.0,36,0,2.4,281.0,106.0,5,107,1.0,244.0,80.0,0.3,9.7,0.0,618280,1303,535545,862,1.5,0.0,0.6,0.13,0.73,14.08,0.09,0.02,0.11,2.19,127.8,351.0,133.0,40.3,368.0,133.0,66.0,314.0,97.0,23.4,377.0,129.0,,,,34,,Josh,Acheampong,Acheampong,,,579,1,0,2,12,0,0,0,1,0,0,7,57,,,,0.0,0.31,1.87,1.09,6.37,10,31,23
234,u,0.0,0.0,4.0,739,207.0,0,0.0,0,0.0,0.1,579,207.0,0,0,0.0,637.0,245.0,0,0,0.0,494.0,203.0,0.0,0.0,0.0,1262,0,10274,1,0.0,0.0,0.0,0.0,0.0,0.0,0.0,0.0,0.0,0.0,0.0,627.0,245.0,0.0,620.0,245.0,0.0,590.0,242.0,0.0,629.0,245.0,,,,34,,Aarón,Anselmino,Anselmino,has joined Strasbourg on loan for the rest of the season.,,0,0,0,0,0,0,0,0,0,0,0,0,0,,,,0.0,0.0,0.0,0.0,0.0,0,0,0
235,a,100.0,100.0,10.5,3,2.0,0,0.0,0,0.0,17.0,19,7.0,102,0,4.6,27.0,11.0,9,380,2.0,186.0,82.0,0.2,9.7,0.0,3265132,3341,7895031,22139,2.5,0.0,9.21,2.14,11.35,25.01,0.52,0.12,0.64,1.41,474.0,116.0,37.0,347.1,93.0,68.0,466.0,48.0,28.0,128.6,66.0,42.0,,3.0,1.0,34,,Cole,Palmer,Palmer,,,1596,9,2,3,26,0,0,0,4,0,0,20,119,,,,0.0,0.17,1.47,1.13,6.71,21,25,73
236,a,100.0,100.0,7.0,37,22.0,0,0.0,0,0.0,4.3,89,29.0,114,0,3.6,115.0,53.0,8,500,2.0,185.0,81.0,0.3,16.3,0.0,2024800,1050,2052997,2314,2.5,0.0,4.51,6.71,11.22,34.31,0.16,0.24,0.4,1.25,472.2,119.0,39.0,784.0,11.0,11.0,477.0,43.0,25.0,173.6,27.0,22.0,2.0,4.0,,34,,Pedro,Lomba Neto,Neto,,,2477,5,5,11,30,0,0,0,2,1,0,28,115,,,,0.0,0.4,1.09,1.02,4.18,16,19,80
239,d,25.0,25.0,6.0,87,56.0,0,0.0,-5,5.0,0.1,484,168.0,25,0,1.6,407.0,174.0,0,99,0.0,811.0,361.0,0.0,4.2,0.0,17213,1,42175,15,0.1,0.0,0.81,0.94,1.75,8.89,0.15,0.17,0.32,1.65,93.0,384.0,170.0,130.4,250.0,157.0,91.0,284.0,153.0,31.3,348.0,167.0,,,,34,,Jamie,Bynoe-Gittens,Gittens,Hamstring injury - 25% chance of playing,,486,0,2,1,7,0,0,0,0,0,0,5,29,,,,0.0,0.19,1.3,0.93,5.37,8,6,15
240,u,0.0,0.0,5.9,93,61.0,0,0.0,-1,1.0,0.1,527,191.0,0,0,0.0,820.0,366.0,0,0,0.0,808.0,358.0,0.0,0.0,0.0,2668,0,23789,1,0.0,0.0,0.0,0.0,0.0,0.0,0.0,0.0,0.0,0.0,0.0,820.0,366.0,0.0,820.0,366.0,0.0,819.0,366.0,0.0,820.0,366.0,,,,34,,Christopher,Nkunku,Nkunku,has joined AC Milan permanently.,,0,0,0,0,0,0,0,0,0,0,0,0,0,,,,0.0,0.0,0.0,0.0,0.0,0,0,0
241,a,100.0,100.0,5.7,118,74.0,0,0.0,2,-2.0,7.3,57,20.0,102,0,3.5,132.0,58.0,10,521,2.0,181.0,79.0,0.4,17.9,0.0,3286349,762,3272215,1944,2.5,0.0,1.41,2.08,3.49,36.44,0.05,0.08,0.13,1.34,515.8,91.0,30.0,321.7,108.0,75.0,119.0,251.0,137.0,95.4,131.0,74.0,,,,34,,Moisés,Caicedo Corozo,Caicedo,,,2442,3,1,6,40,0,0,0,9,1,0,28,331,,,,0.0,0.22,1.47,1.03,12.2,80,93,158
244,a,100.0,100.0,4.9,335,206.0,0,0.0,-1,1.0,0.0,692,278.0,12,0,1.1,451.0,200.0,0,69,1.3,226.0,101.0,0.3,2.4,0.0,3141,19,4885,10,1.8,0.0,0.19,0.47,0.66,6.54,0.05,0.13,0.18,1.86,27.8,445.0,198.0,39.6,371.0,189.0,12.0,412.0,202.0,7.9,433.0,195.0,,,,34,,Roméo,Lavia,Lavia,,,317,0,0,0,7,0,0,0,0,0,0,3,34,,,,0.0,0.0,1.99,0.85,9.65,5,9,20
245,s,0.0,0.0,4.9,328,203.0,0,0.0,-1,1.0,0.0,750,318.0,0,0,0.0,788.0,343.0,0,0,0.0,731.0,306.0,0.0,0.0,0.0,1100,8,1385,5,0.0,0.0,0.0,0.0,0.0,0.0,0.0,0.0,0.0,0.0,0.0,787.0,342.0,0.0,783.0,342.0,0.0,779.0,340.0,0.0,787.0,342.0,,,,34,,Mykhailo,Mudryk,Mudryk,Suspended - unknown return date,,0,0,0,0,0,0,0,0,0,0,0,0,0,,,,0.0,0.0,0.0,0.0,0.0,0,0,0
246,a,100.0,100.0,4.5,459,276.0,0,0.0,0,0.0,0.3,335,114.0,34,0,1.4,425.0,185.0,0,186,0.7,288.0,134.0,0.2,7.6,0.0,79474,66,88855,118,1.2,0.0,1.75,0.83,2.58,16.63,0.15,0.07,0.22,1.41,171.2,313.0,137.0,139.0,238.0,152.0,65.0,315.0,165.0,37.5,327.0,160.0,,,,34,,Andrey,Nascimento dos Santos,Andrey Santos,,,1063,0,0,1,16,0,0,0,4,0,0,11,113,,,,0.0,0.08,1.35,0.93,9.57,29,44,40
247,a,100.0,100.0,4.3,600,353.0,0,0.0,-2,2.0,0.1,564,208.0,1,0,0.5,523.0,243.0,0,7,0.3,324.0,149.0,0.1,0.2,0.0,13898,41,15217,33,0.8,0.0,0.0,0.01,0.01,0.5,0.0,0.04,0.04,1.8,9.4,472.0,209.0,2.1,465.0,222.0,2.0,449.0,220.0,1.4,485.0,221.0,,,,34,,Dário,Luís Essugo,D.Essugo,,,25,0,0,0,1,0,0,0,1,0,0,0,5,,,,0.0,0.0,3.6,0.0,18.0,4,1,0
248,u,0.0,0.0,4.5,501,310.0,0,0.0,0,0.0,0.0,789,344.0,0,0,0.0,751.0,316.0,0,0,0.0,667.0,261.0,0.0,0.0,0.0,0,0,954,1,0.0,0.0,0.0,0.0,0.0,0.0,0.0,0.0,0.0,0.0,0.0,750.0,315.0,0.0,743.0,315.0,0.0,730.0,311.0,0.0,750.0,315.0,,,,34,,Kendry,Páez Andrade,Paez,has joined River Plate on loan for the rest of the season.,,0,0,0,0,0,0,0,0,0,0,0,0,0,,,,0.0,0.0,0.0,0.0,0.0,0,0,0
249,a,,,7.6,22,8.0,0,0.0,1,-1.0,43.1,5,2.0,166,0,5.2,11.0,2.0,28,676,0.7,313.0,43.0,0.1,21.8,0.0,8964555,7848,10198299,61151,1.2,0.0,13.69,1.89,15.58,32.8,0.52,0.07,0.59,1.24,720.4,33.0,4.0,437.8,61.0,2.0,828.0,6.0,5.0,198.2,14.0,4.0,,,,34,,João Pedro,Junqueira de Jesus,João Pedro,,,2388,14,9,10,30,0,0,0,4,0,0,28,127,,,,0.0,0.38,1.13,1.06,4.79,25,36,66
250,a,100.0,100.0,6.2,75,24.0,0,0.0,-3,3.0,0.9,202,30.0,43,0,1.7,400.0,48.0,1,125,1.7,208.0,27.0,0.3,6.9,0.0,111401,112,470002,130,2.2,0.0,4.26,0.21,4.46,13.97,0.4,0.02,0.42,1.32,67.8,403.0,47.0,70.3,322.0,38.0,332.0,86.0,29.0,46.0,295.0,33.0,,,,34,,Liam,Delap,Delap,,,954,1,2,2,16,0,0,0,2,0,0,11,39,,,,0.0,0.19,1.51,1.04,3.68,4,12,23
251,u,0.0,0.0,6.5,54,19.0,0,0.0,0,0.0,0.1,541,76.0,0,0,0.0,826.0,93.0,0,0,0.0,822.0,92.0,0.0,0.0,0.0,4962,0,15402,2,0.0,0.0,0.0,0.0,0.0,0.0,0.0,0.0,0.0,0.0,0.0,826.0,93.0,0.0,826.0,93.0,0.0,826.0,93.0,0.0,826.0,93.0,,,,34,,Nicolas,Jackson,N.Jackson,has joined Bayern Munich on loan for the rest of the season.,,0,0,0,0,0,0,0,0,0,0,0,0,0,,,,0.0,0.0,0.0,0.0,0.0,0,0,0
252,a,100.0,100.0,4.0,703,93.0,0,0.0,-5,5.0,5.1,78,15.0,13,0,1.3,431.0,52.0,0,19,0.3,318.0,44.0,0.1,3.2,0.0,1258554,2469,2842988,2099,0.8,0.0,1.54,0.29,1.83,5.89,0.52,0.1,0.62,2.0,24.6,451.0,53.0,40.1,369.0,47.0,86.0,291.0,50.0,13.1,411.0,53.0,,,,34,,Marc,Guiu Paz,Marc Guiu,,,265,0,1,0,3,0,0,0,1,0,0,1,8,,,,0.0,0.0,1.02,0.34,2.72,0,4,4
453,a,,,6.4,60,39.0,0,0.0,-1,1.0,0.5,276,96.0,55,0,2.4,294.0,126.0,3,217,1.3,238.0,108.0,0.2,8.6,0.0,244520,96,237159,170,1.8,0.0,3.44,3.68,7.12,20.47,0.25,0.26,0.51,1.46,207.4,283.0,117.0,405.3,69.0,54.0,399.0,61.0,35.0,100.1,118.0,69.0,,,,34,,Alejandro,Garnacho Ferreyra,Garnacho,,,1260,1,4,4,20,0,0,0,2,0,0,14,68,,,,0.0,0.29,1.43,1.0,4.86,14,10,44
672,a,100.0,100.0,4.6,405,72.0,0,0.0,-4,4.0,0.2,392,146.0,15,0,0.8,519.0,179.0,0,70,1.0,254.0,86.0,0.2,3.3,0.0,20759,71,42847,58,1.5,0.0,0.3,0.52,0.82,14.84,0.03,0.05,0.08,1.47,185.4,302.0,116.0,100.4,287.0,87.0,32.0,364.0,123.0,31.7,347.0,117.0,,,,34,,Jorrel,Hato,Hato,,,908,0,0,0,23,0,0,0,5,0,0,9,84,,,,0.0,0.0,2.28,0.89,7.83,30,49,42
743,a,,,4.5,502,311.0,0,0.0,0,0.0,0.0,729,302.0,0,0,0.0,752.0,317.0,0,0,0.0,668.0,262.0,0.0,0.0,0.0,1584,4,1466,1,0.5,0.0,0.0,0.0,0.0,0.0,0.0,0.0,0.0,0.0,0.0,751.0,316.0,0.0,744.0,316.0,0.0,731.0,312.0,0.0,751.0,316.0,,,,34,,Landon,Emenalo,Emenalo,,,0,0,0,0,0,0,0,0,0,0,0,0,0,,,,0.0,0.0,0.0,0.0,0.0,0,0,0
789,a,,,4.0,713,63.0,0,0.0,0,0.0,0.0,754,86.0,0,0,0.0,614.0,84.0,0,0,0.0,468.0,75.0,0.0,0.0,0.0,493,4,403,4,0.5,0.0,0.0,0.0,0.0,0.0,0.0,0.0,0.0,0.0,0.0,604.0,84.0,0.0,597.0,73.0,0.0,566.0,59.0,0.0,606.0,84.0,,,,34,,Max,Merrick,Merrick,,,0,0,0,0,0,0,0,0,0,0,0,0,0,,,,0.0,0.0,0.0,0.0,0.0,0,0,0
803,a,,,4.0,706,59.0,0,0.0,0,0.0,0.0,775,90.0,0,0,0.0,610.0,81.0,0,0,0.0,462.0,71.0,0.0,0.0,0.0,252,6,194,4,0.5,0.0,0.0,0.0,0.0,0.0,0.0,0.0,0.0,0.0,0.0,600.0,81.0,0.0,592.0,69.0,0.0,561.0,55.0,0.0,602.0,81.0,,,,34,,Teddy,Sharman-Lowe,Sharman-Lowe,,,0,0,0,0,0,0,0,0,0,0,0,0,0,,,,0.0,0.0,0.0,0.0,0.0,0,0,0
254,a,100.0,100.0,3.9,754,74.0,0,0.0,-1,1.0,0.3,312,43.0,7,0,7.0,1.0,1.0,0,29,0.0,394.0,34.0,0.0,1.8,0.0,21333,25,33965,89,0.0,-0.5,0.0,0.0,0.0,1.12,0.0,0.0,0.0,1.12,22.8,452.0,36.0,0.0,527.0,29.0,0.0,495.0,15.0,2.3,474.0,36.0,,,,34,,Walter,Benítez,Benitez,,,90,0,0,1,0,0,0,0,0,0,3,1,0,,,,3.0,1.0,0.0,1.0,0.0,0,1,9
255,a,,,3.9,757,77.0,0,0.0,-1,1.0,0.1,481,72.0,0,0,0.0,553.0,48.0,0,0,0.0,396.0,36.0,0.0,0.0,0.0,6438,13,9201,19,0.0,-0.5,0.0,0.0,0.0,0.0,0.0,0.0,0.0,0.0,0.0,542.0,48.0,0.0,530.0,32.0,0.0,498.0,18.0,0.0,544.0,48.0,,,,34,,Remi,Matthews,Matthews,,,0,0,0,0,0,0,0,0,0,0,0,0,0,,,,0.0,0.0,0.0,0.0,0.0,0,0,0
256,a,100.0,100.0,5.8,105,6.0,0,0.0,3,-3.0,7.9,51,17.0,126,6,5.2,9.0,2.0,8,431,5.7,32.0,18.0,1.0,21.7,0.0,3841809,18174,3977944,2816,5.7,5.2,2.34,3.4,5.74,27.36,0.1,0.15,0.25,1.2,513.2,94.0,42.0,313.2,115.0,30.0,361.0,76.0,6.0,118.7,83.0,18.0,,,,34,,Daniel,Muñoz Mejía,Muñoz,,,2049,4,3,10,24,0,0,0,7,0,0,24,209,,,,0.0,0.44,1.05,1.05,7.42,59,110,86
265,a,100.0,100.0,4.0,730,198.0,0,0.0,0,0.0,0.0,689,244.0,0,0,0.0,630.0,238.0,0,0,0.0,485.0,194.0,0.0,0.0,0.0,1063,8,2524,14,0.0,-0.5,0.0,0.0,0.0,0.0,0.0,0.0,0.0,0.0,0.0,620.0,238.0,0.0,613.0,238.0,0.0,583.0,235.0,0.0,622.0,238.0,,,,34,,Caleb,Kporha,Kporha,,,0,0,0,0,0,0,0,0,0,0,0,0,0,,,,0.0,0.0,0.0,0.0,0.0,0,0,0
267,a,100.0,100.0,6.3,68,45.0,0,0.0,-2,2.0,3.8,98,33.0,100,5,4.3,43.0,20.0,9,310,2.3,163.0,68.0,0.4,15.9,0.0,2781793,8084,2916540,4597,2.3,1.8,8.56,0.9,9.45,26.0,0.41,0.04,0.45,1.25,391.2,165.0,59.0,228.2,169.0,114.0,451.0,50.0,29.0,107.2,99.0,56.0,,,3.0,34,,Ismaïla,Sarr,Sarr,,,1873,7,2,9,22,0,0,0,2,0,0,21,121,,,,0.0,0.43,1.06,1.01,5.81,18,36,67
268,i,0.0,0.0,4.9,323,200.0,0,0.0,-1,1.0,0.0,797,351.0,0,0,0.0,785.0,341.0,0,0,0.0,727.0,303.0,0.0,0.0,0.0,517,6,709,3,0.0,0.0,0.0,0.0,0.0,0.0,0.0,0.0,0.0,0.0,0.0,784.0,340.0,0.0,780.0,340.0,0.0,776.0,338.0,0.0,784.0,340.0,,,,34,,Cheick,Doucouré,Doucouré,Lack of match fitness - Expected back 01 Jun,,0,0,0,0,0,0,0,0,0,0,0,0,0,,,,0.0,0.0,0.0,0.0,0.0,0,0,0
269,u,0.0,0.0,4.7,395,246.0,0,0.0,-3,3.0,0.1,463,159.0,4,0,1.0,492.0,223.0,0,12,0.0,699.0,282.0,0.0,0.9,0.0,11622,0,28990,11,0.0,0.0,0.0,0.04,0.04,1.74,0.0,0.09,0.09,3.92,6.8,478.0,215.0,2.7,461.0,220.0,6.0,434.0,209.0,1.5,483.0,219.0,,,,34,,Romain,Esse,Esse,has joined Coventry City on loan for the rest of the season.,,40,0,0,0,0,0,0,0,0,0,0,0,5,,,,0.0,0.0,0.0,0.0,11.25,3,0,2
270,a,100.0,100.0,4.7,377,235.0,0,0.0,-3,3.0,0.1,483,167.0,42,0,1.4,426.0,186.0,0,196,1.0,255.0,114.0,0.2,8.9,0.0,22188,30,26247,33,1.0,0.5,1.11,1.7,2.81,21.86,0.07,0.11,0.18,1.39,169.0,316.0,140.0,296.0,124.0,85.0,88.0,288.0,155.0,55.1,263.0,133.0,3.0,,,34,,Will,Hughes,Hughes,,,1411,0,1,5,14,0,0,0,7,0,0,17,135,,,,0.0,0.32,0.89,1.08,8.61,26,48,61
271,a,100.0,100.0,5.0,250,150.0,0,0.0,0,0.0,0.1,528,192.0,59,4,2.6,255.0,104.0,0,288,2.0,174.0,73.0,0.4,11.8,0.0,44520,27,43477,19,2.0,1.5,1.42,2.36,3.78,19.48,0.08,0.13,0.21,1.09,203.6,289.0,121.0,294.3,125.0,86.0,138.0,225.0,124.0,63.7,233.0,114.0,4.0,,,34,,Daichi,Kamada,Kamada,,,1614,0,2,6,20,0,0,0,2,0,0,18,178,,,,0.0,0.33,1.12,1.0,9.93,53,32,93
272,a,100.0,100.0,4.9,289,178.0,0,0.0,-1,1.0,0.1,539,198.0,62,0,2.4,286.0,120.0,3,258,2.7,131.0,49.0,0.6,12.7,0.0,14021,76,15548,60,2.7,2.2,1.81,1.14,2.95,17.47,0.11,0.07,0.18,1.1,239.8,260.0,109.0,176.0,202.0,132.0,221.0,140.0,80.0,63.7,231.0,112.0,,,,34,,Jefferson,Lerma Solís,Lerma,,,1426,0,5,7,16,1,0,0,6,0,0,15,178,,,,0.0,0.44,1.01,0.95,11.23,20,70,88
278,u,0.0,0.0,4.4,547,328.0,0,0.0,-1,1.0,0.0,655,259.0,0,0,0.0,676.0,259.0,0,0,0.0,568.0,188.0,0.0,0.0,0.0,4359,0,9606,2,0.0,0.0,0.0,0.0,0.0,0.0,0.0,0.0,0.0,0.0,0.0,668.0,251.0,0.0,664.0,255.0,0.0,643.0,245.0,0.0,670.0,253.0,,,,34,,Jesurun,Rak-Sakyi,J.Rak-Sakyi,has joined Stoke City on loan for the rest of the season.,,0,0,0,0,0,0,0,0,0,0,0,0,0,,,,0.0,0.0,0.0,0.0,0.0,0,0,0
279,u,0.0,0.0,4.5,463,280.0,0,0.0,0,0.0,0.0,773,331.0,0,0,0.0,724.0,295.0,0,0,0.0,630.0,231.0,0.0,0.0,0.0,95,0,1654,0,0.0,0.0,0.0,0.0,0.0,0.0,0.0,0.0,0.0,0.0,0.0,719.0,290.0,0.0,714.0,292.0,0.0,698.0,285.0,0.0,720.0,291.0,,,,34,,Matheus,França de Oliveira,M.França,Has joined CR Vasco da Gama on loan for the rest of the season.,,0,0,0,0,0,0,0,0,0,0,0,0,0,,,,0.0,0.0,0.0,0.0,0.0,0,0,0
280,u,0.0,0.0,4.5,458,275.0,0,0.0,0,0.0,0.0,819,364.0,0,0,0.0,721.0,292.0,0,0,0.0,627.0,228.0,0.0,0.0,0.0,0,0,192,0,0.0,0.0,0.0,0.0,0.0,0.0,0.0,0.0,0.0,0.0,0.0,716.0,287.0,0.0,711.0,289.0,0.0,695.0,282.0,0.0,717.0,288.0,,,,34,,David,Ozoh,Ozoh,Has joined Derby County on loan for the rest of the season.,,0,0,0,0,0,0,0,0,0,0,0,0,0,,,,0.0,0.0,0.0,0.0,0.0,0,0,0
580,a,,,6.5,50,32.0,0,0.0,-5,5.0,2.3,130,43.0,58,1,1.9,363.0,157.0,2,193,1.7,210.0,94.0,0.3,8.9,0.0,1149373,196,1327290,264,1.7,1.2,2.37,1.03,3.4,22.72,0.15,0.07,0.22,1.44,202.2,291.0,122.0,267.6,145.0,97.0,214.0,150.0,86.0,67.7,219.0,105.0,1.0,3.0,,34,,Brennan,Johnson,Johnson,,,1422,2,1,6,16,0,0,0,6,0,0,16,102,,,,0.0,0.38,1.01,1.01,6.46,24,31,47
762,a,,,4.5,518,322.0,0,0.0,0,0.0,0.0,778,335.0,2,0,1.0,491.0,222.0,0,6,0.0,682.0,272.0,0.0,0.4,0.0,760,1,490,3,0.0,-0.5,0.0,0.0,0.0,0.73,0.0,0.0,0.0,9.39,1.4,502.0,230.0,1.0,477.0,230.0,0.0,744.0,322.0,0.3,507.0,232.0,,,,34,,Joél,Drakes-Thomas,Drakes-Thomas,,,7,0,0,0,1,0,0,0,0,0,0,0,3,,,,0.0,0.0,12.86,0.0,38.57,1,0,2
773,a,,,4.0,742,210.0,0,0.0,0,0.0,0.0,700,247.0,0,0,0.0,638.0,246.0,0,0,0.0,496.0,205.0,0.0,0.0,0.0,870,6,685,15,0.0,-0.5,0.0,0.0,0.0,0.0,0.0,0.0,0.0,0.0,0.0,628.0,246.0,0.0,621.0,246.0,0.0,592.0,244.0,0.0,630.0,246.0,,,,34,,Dean,Benamar,Benamar,,,0,0,0,0,0,0,0,0,0,0,0,0,0,,,,0.0,0.0,0.0,0.0,0.0,0,0,0
780,a,,,4.5,511,73.0,0,0.0,0,0.0,0.0,656,85.0,0,0,0.0,760.0,83.0,0,0,0.0,676.0,72.0,0.0,0.0,0.0,3557,25,2092,24,0.0,-0.5,0.0,0.0,0.0,0.0,0.0,0.0,0.0,0.0,0.0,759.0,83.0,0.0,752.0,82.0,0.0,739.0,82.0,0.0,759.0,83.0,,,,34,,Ben,Casey,Casey,,,0,0,0,0,0,0,0,0,0,0,0,0,0,,,,0.0,0.0,0.0,0.0,0.0,0,0,0
793,a,,,4.0,731,199.0,0,0.0,0,0.0,0.0,681,240.0,0,0,0.0,631.0,239.0,0,0,0.0,486.0,195.0,0.0,0.0,0.0,1669,9,878,17,0.0,-0.5,0.0,0.0,0.0,0.0,0.0,0.0,0.0,0.0,0.0,621.0,239.0,0.0,614.0,239.0,0.0,584.0,236.0,0.0,623.0,239.0,,,,34,,George,King,King,,,0,0,0,0,0,0,0,0,0,0,0,0,0,,,,0.0,0.0,0.0,0.0,0.0,0,0,0
798,u,0.0,0.0,4.0,707,182.0,0,0.0,0,0.0,0.0,808,267.0,0,0,0.0,611.0,225.0,0,0,0.0,463.0,179.0,0.0,0.0,0.0,142,0,196,1,0.0,0.0,0.0,0.0,0.0,0.0,0.0,0.0,0.0,0.0,0.0,601.0,225.0,0.0,593.0,225.0,0.0,562.0,221.0,0.0,603.0,225.0,,,,34,,Danny,Imray,Imray,has joined West Brom on loan for the rest of the season.,,0,0,0,0,0,0,0,0,0,0,0,0,0,,,,0.0,0.0,0.0,0.0,0.0,0,0,0
242,a,100.0,100.0,5.1,228,138.0,0,0.0,1,-1.0,5.8,67,22.0,140,8,5.2,8.0,4.0,18,549,7.7,7.0,3.0,1.5,27.5,0.0,2257815,13346,2051962,6080,7.2,7.7,3.81,4.77,8.58,34.59,0.15,0.19,0.34,1.37,578.8,63.0,18.0,512.7,43.0,39.0,397.0,63.0,37.0,149.0,42.0,29.0,3.0,,,34,,Kiernan,Dewsbury-Hall,Dewsbury-Hall,,,2276,8,6,8,31,0,0,0,6,0,0,26,203,,,,0.0,0.32,1.23,1.03,8.03,46,38,119
243,a,100.0,100.0,4.8,374,234.0,0,0.0,-2,2.0,0.1,550,203.0,13,1,1.1,449.0,199.0,0,31,1.0,260.0,119.0,0.2,2.7,0.0,9507,16,11261,12,0.5,1.0,0.61,0.71,1.32,5.65,0.19,0.22,0.41,1.72,27.2,447.0,199.0,35.2,378.0,191.0,113.0,254.0,139.0,17.1,396.0,181.0,,,,34,,Tyrique,George,George,,,296,0,0,1,7,0,0,0,2,0,0,1,19,,,,0.0,0.3,2.13,0.3,5.78,6,1,12
287,a,,,5.6,123,2.0,0,0.0,1,-1.0,13.5,26,3.0,128,1,3.8,89.0,11.0,11,515,0.7,305.0,24.0,0.1,22.9,0.0,1847399,2316,1590241,11145,0.2,0.7,0.0,0.16,0.16,50.32,0.0,0.0,0.0,1.48,798.2,12.0,3.0,10.3,427.0,6.0,2.0,459.0,3.0,81.1,170.0,4.0,,,,34,,Jordan,Pickford,Pickford,,,3060,0,0,11,41,0,1,0,4,0,92,34,97,,,,2.71,0.32,1.21,1.0,0.0,2,42,277
288,a,100.0,100.0,4.2,635,32.0,0,0.0,-3,3.0,0.1,458,67.0,0,0,0.0,645.0,90.0,0,0,0.0,510.0,82.0,0.0,0.0,0.0,5040,14,12614,16,-0.5,0.0,0.0,0.0,0.0,0.0,0.0,0.0,0.0,0.0,0.0,636.0,90.0,0.0,630.0,81.0,0.0,604.0,69.0,0.0,638.0,90.0,,,,34,,Mark,Travers,Travers,,,0,0,0,0,0,0,0,0,0,0,0,0,0,,,,0.0,0.0,0.0,0.0,0.0,0,0,0
289,u,0.0,0.0,3.9,767,81.0,0,0.0,-1,1.0,0.1,505,74.0,0,0,0.0,559.0,52.0,0,0,0.0,403.0,40.0,0.0,0.0,0.0,4633,0,10617,16,0.0,0.0,0.0,0.0,0.0,0.0,0.0,0.0,0.0,0.0,0.0,548.0,52.0,0.0,536.0,36.0,0.0,504.0,22.0,0.0,550.0,52.0,,,,34,,Harry,Tyrer,Tyrer,has joined Cardiff City permanently.,,0,0,0,0,0,0,0,0,0,0,0,0,0,,,,0.0,0.0,0.0,0.0,0.0,0,0,0
292,a,100.0,100.0,4.9,310,50.0,0,0.0,-1,1.0,0.7,233,88.0,91,1,3.1,191.0,77.0,2,342,2.3,150.0,59.0,0.5,18.6,0.0,173048,226,190282,840,1.8,2.3,0.28,2.34,2.62,42.49,0.01,0.08,0.09,1.47,505.8,101.0,44.0,346.8,94.0,23.0,65.0,316.0,98.0,91.6,146.0,48.0,,,,34,,Vitalii,Mykolenko,Mykolenko,,,2599,0,1,9,38,1,0,0,5,0,0,29,231,,,,0.0,0.31,1.32,1.0,7.24,43,166,99
293,a,100.0,100.0,4.9,333,56.0,0,0.0,-1,1.0,0.7,230,87.0,108,1,3.3,152.0,59.0,2,370,2.0,172.0,65.0,0.4,22.0,0.0,193275,179,181390,839,1.5,2.0,0.94,0.96,1.9,47.77,0.03,0.03,0.06,1.54,529.2,85.0,38.0,258.7,152.0,39.0,134.0,232.0,59.0,92.5,142.0,45.0,,,,34,,Jake,O'Brien,O'Brien,,,2790,0,3,10,38,0,0,0,3,1,0,31,243,,,,0.0,0.32,1.23,1.0,6.94,52,163,106
294,a,100.0,100.0,4.2,628,140.0,0,0.0,-3,3.0,0.1,491,177.0,3,0,1.0,466.0,171.0,0,10,0.0,508.0,214.0,0.0,0.7,0.0,6876,19,18225,19,-0.5,0.0,0.0,0.0,0.0,0.24,0.0,0.0,0.0,1.96,0.0,635.0,251.0,0.1,488.0,176.0,0.0,600.0,249.0,0.0,637.0,251.0,,,,34,,Séamus,Coleman,Coleman,,,11,0,0,0,0,0,0,0,0,0,0,1,0,,,,0.0,0.0,0.0,8.18,0.0,0,0,1
295,a,100.0,100.0,4.5,412,76.0,0,0.0,0,0.0,2.9,115,45.0,120,1,4.1,52.0,21.0,8,384,0.7,286.0,95.0,0.2,26.7,0.0,1490962,592,1197666,4007,0.2,0.7,1.97,0.21,2.18,38.6,0.08,0.01,0.09,1.56,672.8,45.0,19.0,31.0,386.0,138.0,241.0,125.0,23.0,94.5,133.0,40.0,,,,34,,Michael,Keane,Keane,,,2228,3,0,7,33,0,0,0,0,1,0,25,296,,,,0.0,0.28,1.33,1.01,10.75,31,235,77
297,u,0.0,0.0,3.8,806,246.0,0,0.0,-2,2.0,0.2,412,152.0,0,0,0.0,537.0,192.0,0,0,0.0,374.0,135.0,0.0,0.0,0.0,9298,0,22376,24,0.0,0.0,0.0,0.0,0.0,0.0,0.0,0.0,0.0,0.0,0.0,526.0,191.0,0.0,508.0,190.0,0.0,475.0,184.0,0.0,528.0,191.0,,,,34,,Roman,Dixon,Dixon,has joined Stockport County on loan for the rest of the season.,,0,0,0,0,0,0,0,0,0,0,0,0,0,,,,0.0,0.0,0.0,0.0,0.0,0,0,0
298,a,,,3.8,804,244.0,0,0.0,-2,2.0,0.1,425,157.0,0,0,0.0,536.0,191.0,0,0,0.0,373.0,134.0,0.0,0.0,0.0,8470,16,15768,23,-0.5,0.0,0.0,0.0,0.0,0.0,0.0,0.0,0.0,0.0,0.0,525.0,190.0,0.0,507.0,189.0,0.0,474.0,183.0,0.0,527.0,190.0,,,,34,,Reece,Welch,Welch,,,0,0,0,0,0,0,0,0,0,0,0,0,0,,,,0.0,0.0,0.0,0.0,0.0,0,0,0
299,a,100.0,100.0,6.2,74,49.0,0,0.0,-3,3.0,4.6,83,27.0,120,2,4.3,42.0,19.0,7,508,2.7,139.0,55.0,0.4,19.4,0.0,1890057,1856,2619752,6093,2.2,2.7,5.32,4.28,9.6,36.76,0.2,0.16,0.36,1.37,561.8,74.0,22.0,432.1,62.0,51.0,484.0,41.0,24.0,148.0,44.0,30.0,,,1.0,34,,Iliman,Ndiaye,Ndiaye,,,2421,6,3,8,35,0,0,0,2,0,0,28,260,,,,0.0,0.3,1.3,1.04,9.67,62,34,164
304,a,100.0,100.0,4.8,367,229.0,0,0.0,-2,2.0,0.0,618,237.0,59,1,2.4,285.0,119.0,1,197,0.7,291.0,136.0,0.1,12.3,0.0,5973,7,7054,17,0.2,0.7,0.5,0.63,1.13,19.12,0.04,0.05,0.09,1.51,198.4,294.0,125.0,105.5,282.0,170.0,77.0,299.0,160.0,37.9,324.0,159.0,,,,34,,Tim,Iroegbunam,Iroegbunam,,,1142,0,3,8,12,0,0,0,8,0,0,13,150,,,,0.0,0.63,0.95,1.02,11.82,53,32,65
305,a,100.0,100.0,4.5,500,309.0,0,0.0,0,0.0,0.1,518,188.0,19,0,1.7,395.0,167.0,0,78,0.0,666.0,260.0,0.0,4.2,0.0,13157,31,20089,58,-0.5,0.0,0.79,0.21,1.0,10.79,0.14,0.04,0.18,1.96,58.6,412.0,179.0,66.6,328.0,179.0,78.0,298.0,159.0,20.5,387.0,179.0,,,,34,,Harrison,Armstrong,Armstrong,,,495,0,0,1,10,0,0,0,0,0,0,6,50,,,,0.0,0.18,1.82,1.09,9.09,13,13,24
306,a,,,4.3,611,360.0,0,0.0,-2,2.0,0.1,496,177.0,0,0,0.0,661.0,250.0,0,0,0.0,543.0,177.0,0.0,0.0,0.0,15470,22,16449,34,-0.5,0.0,0.0,0.0,0.0,0.0,0.0,0.0,0.0,0.0,0.0,651.0,240.0,0.0,647.0,245.0,0.0,624.0,234.0,0.0,653.0,242.0,,,,34,,Callum,Bates,Bates,,,0,0,0,0,0,0,0,0,0,0,0,0,0,,,,0.0,0.0,0.0,0.0,0.0,0,0,0
307,a,,,4.4,552,331.0,0,0.0,-1,1.0,0.0,603,229.0,0,0,0.0,679.0,262.0,0,0,0.0,571.0,191.0,0.0,0.0,0.0,5084,6,6685,5,-0.5,0.0,0.0,0.0,0.0,0.0,0.0,0.0,0.0,0.0,0.0,671.0,254.0,0.0,667.0,258.0,0.0,646.0,248.0,0.0,673.0,256.0,,,,34,,Coby,Ebere,Ebere,,,0,0,0,0,0,0,0,0,0,0,0,0,0,,,,0.0,0.0,0.0,0.0,0.0,0,0,0
308,u,0.0,0.0,4.5,452,270.0,0,0.0,0,0.0,0.0,710,289.0,0,0,0.0,716.0,287.0,0,0,0.0,621.0,223.0,0.0,0.0,0.0,458,0,3774,0,0.0,0.0,0.0,0.0,0.0,0.0,0.0,0.0,0.0,0.0,0.0,711.0,282.0,0.0,706.0,284.0,0.0,690.0,277.0,0.0,712.0,283.0,,,,34,,Isaac,Heath,Heath,has joined Accrington on loan for the rest of the season.,,0,0,0,0,0,0,0,0,0,0,0,0,0,,,,0.0,0.0,0.0,0.0,0.0,0,0,0
309,u,0.0,0.0,4.5,449,268.0,0,0.0,0,0.0,0.0,826,370.0,0,0,0.0,714.0,285.0,0,0,0.0,619.0,221.0,0.0,0.0,0.0,0,0,115,0,0.0,0.0,0.0,0.0,0.0,0.0,0.0,0.0,0.0,0.0,0.0,709.0,280.0,0.0,704.0,282.0,0.0,688.0,275.0,0.0,710.0,281.0,,,,34,,Jenson,Metcalfe,Metcalfe,Has joined Bradford City permanently.,,0,0,0,0,0,0,0,0,0,0,0,0,0,,,,0.0,0.0,0.0,0.0,0.0,0,0,0
312,u,0.0,0.0,4.9,331,62.0,0,0.0,-1,1.0,0.1,556,77.0,0,0,0.0,789.0,88.0,0,0,0.0,732.0,79.0,0.0,0.0,0.0,2418,0,14569,3,0.0,0.0,0.0,0.0,0.0,0.0,0.0,0.0,0.0,0.0,0.0,788.0,88.0,0.0,784.0,87.0,0.0,780.0,87.0,0.0,788.0,88.0,,,,34,,Youssef,Ramalho Chermiti,Y.Chermiti,has joined Rangers permanently.,,0,0,0,0,0,0,0,0,0,0,0,0,0,,,,0.0,0.0,0.0,0.0,0.0,0,0,0
313,u,0.0,0.0,4.4,559,79.0,0,0.0,-1,1.0,0.1,456,65.0,0,0,0.0,683.0,71.0,0,0,0.0,577.0,60.0,0.0,0.0,0.0,9203,0,26753,4,0.0,0.0,0.0,0.0,0.0,0.0,0.0,0.0,0.0,0.0,0.0,676.0,71.0,0.0,671.0,70.0,0.0,652.0,70.0,0.0,678.0,71.0,,,,34,,Martin,Sherif,Sherif,has joined Port Vale on loan for the rest of the season.,,0,0,0,0,0,0,0,0,0,0,0,0,0,,,,0.0,0.0,0.0,0.0,0.0,0,0,0
419,i,0.0,0.0,6.3,64,42.0,0,0.0,-2,2.0,5.7,70,24.0,79,0,4.0,65.0,30.0,12,356,0.0,816.0,364.0,0.0,12.5,0.0,3790638,18,3788711,706,0.0,0.0,2.05,3.37,5.41,25.81,0.11,0.19,0.3,1.43,374.2,177.0,68.0,520.5,41.0,37.0,397.0,65.0,39.0,129.2,64.0,40.0,,,,34,,Jack,Grealish,Grealish,Foot injury - Expected back 01 Jun,,1627,2,6,7,23,0,0,0,3,1,0,18,135,,,,0.0,0.39,1.27,1.0,7.47,20,27,88
630,a,,,3.9,755,75.0,0,0.0,-1,1.0,1.2,180,21.0,0,0,0.0,552.0,47.0,0,0,0.0,395.0,35.0,0.0,0.0,0.0,72994,35,105611,171,-0.5,0.0,0.0,0.0,0.0,0.0,0.0,0.0,0.0,0.0,0.0,541.0,47.0,0.0,528.0,30.0,0.0,496.0,16.0,0.0,543.0,47.0,,,,34,,Tom,King,King,,,0,0,0,0,0,0,0,0,0,0,0,0,0,,,,0.0,0.0,0.0,0.0,0.0,0,0,0
667,a,100.0,100.0,4.2,642,148.0,0,0.0,-3,3.0,0.1,572,204.0,0,0,0.0,647.0,251.0,0,0,0.0,513.0,216.0,0.0,0.0,0.0,3033,6,12779,9,-0.5,0.0,0.0,0.0,0.0,0.0,0.0,0.0,0.0,0.0,0.0,638.0,252.0,0.0,632.0,251.0,0.0,607.0,250.0,0.0,640.0,252.0,,,,34,,Adam,Aznou,Aznou,,,0,0,0,0,0,0,0,0,0,0,0,0,0,,,,0.0,0.0,0.0,0.0,0.0,0,0,0
704,u,0.0,0.0,4.5,439,261.0,0,0.0,0,0.0,0.0,589,221.0,0,0,0.0,709.0,280.0,0,0,0.0,613.0,215.0,0.0,0.0,0.0,8420,0,10245,2,0.0,0.0,0.0,0.0,0.0,0.0,0.0,0.0,0.0,0.0,0.0,703.0,274.0,0.0,699.0,277.0,0.0,682.0,270.0,0.0,705.0,276.0,,,,34,,Tyler,Onyango,Onyango,has joined Stockport County on loan for the rest of the season.,,0,0,0,0,0,0,0,0,0,0,0,0,0,,,,0.0,0.0,0.0,0.0,0.0,0,0,0
705,u,0.0,0.0,3.9,777,224.0,0,0.0,-1,1.0,0.1,420,155.0,0,0,0.0,566.0,204.0,0,0,0.0,410.0,152.0,0.0,0.0,0.0,18604,0,17777,16,0.0,0.0,0.0,0.0,0.0,0.0,0.0,0.0,0.0,0.0,0.0,555.0,203.0,0.0,544.0,203.0,0.0,512.0,198.0,0.0,557.0,203.0,,,,34,,Elijah,Campbell,Campbell,has joined Port Vale on loan for the rest of the season.,,0,0,0,0,0,0,0,0,0,0,0,0,0,,,,0.0,0.0,0.0,0.0,0.0,0,0,0
707,a,,,5.3,197,123.0,0,0.0,-2,2.0,0.0,648,253.0,18,0,1.3,441.0,197.0,0,49,0.0,777.0,340.0,0.0,3.4,0.0,7947,9,7538,8,-0.5,0.0,0.2,0.14,0.34,6.65,0.05,0.04,0.09,1.71,46.0,423.0,184.0,61.0,341.0,184.0,32.0,366.0,187.0,13.6,408.0,185.0,,,,34,,Tyler,Dibling,Dibling,,,349,0,0,2,2,0,0,0,2,0,0,4,40,,,,0.0,0.52,0.52,1.03,10.32,7,11,22
728,a,100.0,100.0,5.0,275,169.0,0,0.0,0,0.0,0.0,707,287.0,18,0,1.5,413.0,178.0,0,48,0.0,754.0,324.0,0.0,3.6,0.0,1643,4,1744,7,-0.5,0.0,0.5,0.21,0.71,8.22,0.13,0.05,0.18,2.07,67.6,404.0,177.0,66.2,330.0,180.0,32.0,365.0,186.0,16.6,399.0,182.0,,,,34,,Merlin,Röhl,Röhl,,,358,0,0,2,6,0,0,0,0,0,0,2,48,,,,0.0,0.5,1.51,0.5,12.07,18,10,20
779,a,,,4.5,509,72.0,0,0.0,0,0.0,0.0,614,82.0,0,0,0.0,759.0,82.0,0,0,0.0,675.0,71.0,0.0,0.0,0.0,5581,33,3217,40,-0.5,0.0,0.0,0.0,0.0,0.0,0.0,0.0,0.0,0.0,0.0,758.0,82.0,0.0,751.0,81.0,0.0,738.0,81.0,0.0,758.0,82.0,,,,34,,Braiden,Graham,Graham,,,0,0,0,0,0,0,0,0,0,0,0,0,0,,,,0.0,0.0,0.0,0.0,0.0,0,0,0
314,a,,,4.9,286,10.0,0,0.0,-1,1.0,1.9,142,19.0,108,7,3.2,171.0,20.0,8,483,6.3,18.0,1.0,1.3,22.0,0.0,322626,2013,296472,1407,5.3,6.3,0.0,0.0,0.0,46.97,0.0,0.0,0.0,1.38,720.4,32.0,9.0,0.0,769.0,91.0,0.0,765.0,89.0,71.8,207.0,10.0,,,,34,,Bernd,Leno,Leno,,,3060,0,0,8,46,1,0,0,3,0,85,34,107,,,,2.5,0.24,1.35,1.0,0.0,4,44,283
315,u,0.0,0.0,4.0,682,48.0,0,0.0,0,0.0,0.0,763,89.0,0,0,0.0,591.0,70.0,0,0,0.0,440.0,60.0,0.0,0.0,0.0,577,0,916,3,0.0,0.0,0.0,0.0,0.0,0.0,0.0,0.0,0.0,0.0,0.0,580.0,70.0,0.0,572.0,58.0,0.0,541.0,44.0,0.0,582.0,70.0,,,,34,,Steven,Benda,Benda,has joined Feyenoord on loan for the rest of the season.,,0,0,0,0,0,0,0,0,0,0,0,0,0,,,,0.0,0.0,0.0,0.0,0.0,0,0,0
316,a,100.0,100.0,4.9,294,45.0,0,0.0,-1,1.0,0.8,213,84.0,45,1,2.5,271.0,105.0,4,198,1.7,196.0,72.0,0.3,9.2,0.0,188298,200,207763,835,0.7,1.7,0.22,1.34,1.56,18.36,0.02,0.11,0.13,1.47,273.8,240.0,96.0,289.7,130.0,34.0,44.0,343.0,112.0,60.8,243.0,83.0,,,,34,,Antonee,Robinson,Robinson,,,1127,0,0,3,14,0,0,0,3,0,0,13,106,,,,0.0,0.24,1.12,1.04,8.39,36,69,69
317,a,100.0,100.0,4.5,418,79.0,0,0.0,0,0.0,4.6,82,26.0,122,11,3.9,68.0,26.0,8,429,6.0,21.0,9.0,1.3,27.1,0.0,1578415,1773,1334522,9745,5.0,6.0,1.38,1.81,3.19,41.54,0.05,0.06,0.11,1.36,766.4,20.0,7.0,128.9,253.0,67.0,144.0,220.0,55.0,104.3,106.0,28.0,,,,34,,Joachim,Andersen,Andersen,,,2741,0,1,8,41,0,0,0,7,0,0,31,353,,,,0.0,0.26,1.35,1.02,10.38,42,274,109
318,a,100.0,100.0,4.4,539,112.0,0,0.0,-1,1.0,0.7,240,91.0,92,6,3.5,121.0,43.0,9,321,5.0,41.0,20.0,1.1,20.9,0.0,175076,216,158142,879,4.0,5.0,1.71,0.28,1.98,32.25,0.07,0.01,0.08,1.34,501.2,103.0,46.0,106.5,277.0,82.0,111.0,255.0,69.0,72.2,203.0,70.0,,,,34,,Calvin,Bassey,Bassey,,,2172,1,1,6,35,0,0,0,5,0,0,24,222,,,,0.0,0.25,1.45,0.99,7.54,52,130,98
319,a,,,4.3,581,126.0,0,0.0,-2,2.0,0.1,448,168.0,45,5,1.7,391.0,144.0,1,213,4.3,59.0,26.0,1.0,10.5,0.0,23134,126,26922,91,3.3,4.3,1.21,0.94,2.15,26.94,0.07,0.06,0.13,1.63,308.4,215.0,85.0,230.0,168.0,42.0,141.0,222.0,57.0,68.2,216.0,75.0,,,,34,,Timothy,Castagne,Castagne,,,1486,0,1,2,26,0,0,0,4,0,0,16,138,,,,0.0,0.12,1.57,0.97,7.45,29,94,44
320,a,,,4.3,584,129.0,0,0.0,-2,2.0,0.1,536,190.0,13,0,1.3,432.0,155.0,0,49,0.0,527.0,224.0,0.0,3.0,0.0,8117,15,12232,25,-1.0,0.0,0.02,0.04,0.06,10.15,0.0,0.01,0.01,1.54,118.0,362.0,138.0,5.7,448.0,161.0,12.0,409.0,153.0,13.6,407.0,146.0,,,,34,,Issa,Diop,Diop,,,592,0,0,0,11,0,0,0,2,0,0,6,55,,,,0.0,0.0,1.67,0.91,7.3,6,42,14
321,a,,,4.3,588,132.0,0,0.0,-2,2.0,0.1,576,205.0,39,0,2.8,220.0,83.0,1,155,0.0,529.0,225.0,0.0,9.1,0.0,6943,7,8190,22,-1.0,0.0,0.05,0.53,0.58,14.59,0.0,0.05,0.05,1.41,244.6,256.0,102.0,47.1,360.0,127.0,14.0,402.0,147.0,30.7,352.0,118.0,,,,34,,Jorge,Cuenca Barreno,J.Cuenca,,,931,0,0,2,11,0,0,0,5,0,0,11,120,,,,0.0,0.19,1.06,1.06,11.02,16,98,40
322,i,0.0,0.0,4.5,416,78.0,0,0.0,0,0.0,0.2,362,131.0,81,0,3.7,92.0,35.0,5,318,0.0,596.0,238.0,0.0,18.0,0.0,180725,10,178274,349,0.0,0.0,0.92,1.46,2.38,25.79,0.05,0.07,0.12,1.3,416.0,143.0,62.0,214.1,177.0,45.0,108.0,263.0,73.0,73.9,190.0,65.0,,,,34,,Kenny,Tete,Tete,Foot injury - Unknown return date,,1791,1,0,6,25,0,0,0,2,0,0,21,188,,,,0.0,0.3,1.26,1.06,8.29,65,100,82
323,a,,,3.8,819,257.0,0,0.0,-2,2.0,0.1,427,159.0,0,0,0.0,545.0,199.0,0,0,0.0,386.0,145.0,0.0,0.0,0.0,10025,15,18015,32,-1.0,0.0,0.0,0.0,0.0,0.0,0.0,0.0,0.0,0.0,0.0,534.0,198.0,0.0,518.0,198.0,0.0,486.0,193.0,0.0,536.0,198.0,,,,34,,Samuel,Amissah,Amissah,,,0,0,0,0,0,0,0,0,0,0,0,0,0,,,,0.0,0.0,0.0,0.0,0.0,0,0,0
324,i,0.0,0.0,6.2,71,46.0,-1,1.0,-3,3.0,1.6,157,54.0,98,0,3.6,112.0,50.0,13,478,1.0,270.0,126.0,0.2,15.8,0.0,590822,15,588738,9963,0.0,0.0,1.41,4.42,5.83,34.68,0.06,0.18,0.24,1.38,486.2,112.0,36.0,684.9,18.0,17.0,275.0,106.0,64.0,144.7,47.0,32.0,2.0,,,34,,Alex,Iwobi,Iwobi,Hamstring injury - Unknown return date,,2264,4,3,4,39,0,0,0,3,0,0,27,175,,,,0.0,0.16,1.55,1.07,6.96,26,34,115
327,u,0.0,0.0,5.3,184,115.0,0,0.0,-2,2.0,0.1,567,211.0,0,0,0.0,808.0,357.0,0,0,0.0,775.0,338.0,0.0,0.0,0.0,2438,0,35628,2,0.0,0.0,0.0,0.0,0.0,0.0,0.0,0.0,0.0,0.0,0.0,807.0,356.0,0.0,806.0,356.0,0.0,803.0,355.0,0.0,807.0,356.0,,,,34,,Andreas,Hoelgebaum Pereira,Andreas,has joined Palmeiras permanently.,,0,0,0,0,0,0,0,0,0,0,0,0,0,,,,0.0,0.0,0.0,0.0,0.0,0,0,0
328,a,100.0,100.0,5.4,159,99.0,0,0.0,-1,1.0,0.2,406,139.0,95,11,3.5,130.0,57.0,8,332,5.0,44.0,14.0,0.9,17.6,0.0,147931,262,141172,73,4.0,5.0,1.6,1.8,3.4,26.33,0.08,0.09,0.17,1.3,412.8,147.0,50.0,225.0,170.0,115.0,229.0,133.0,78.0,86.6,153.0,81.0,,,,34,,Ryan,Sessegnon,Sessegnon,,,1816,3,3,6,29,0,0,0,0,0,0,20,218,,,,0.0,0.3,1.44,0.99,10.8,48,96,74
329,a,100.0,100.0,6.0,85,55.0,0,0.0,5,-5.0,21.9,13,5.0,159,2,5.0,14.0,6.0,21,598,2.3,162.0,67.0,0.4,26.5,0.0,5769544,5528,3072573,49089,1.3,2.3,5.71,4.45,10.16,36.38,0.2,0.16,0.36,1.3,677.0,43.0,11.0,592.7,29.0,27.0,578.0,29.0,13.0,184.7,19.0,15.0,1.0,1.0,3.0,34,,Harry,Wilson,Wilson,,,2521,10,8,9,34,0,0,0,7,0,0,30,169,,,,0.0,0.32,1.21,1.07,6.03,26,65,78
330,a,,,4.9,303,188.0,0,0.0,-1,1.0,0.1,517,187.0,87,3,2.6,252.0,101.0,3,487,2.3,149.0,60.0,0.5,17.8,0.0,13508,46,14335,38,1.3,2.3,1.38,1.46,2.84,42.44,0.04,0.05,0.09,1.38,422.8,140.0,48.0,328.5,104.0,74.0,93.0,282.0,151.0,84.8,159.0,83.0,,,,34,,Sander,Berge,Berge,,,2769,0,3,7,44,1,0,0,5,0,0,32,269,,,,0.0,0.23,1.43,1.04,8.74,55,89,125
331,a,100.0,100.0,4.8,346,216.0,0,0.0,-2,2.0,0.0,641,248.0,32,0,1.5,410.0,175.0,1,134,1.0,256.0,115.0,0.2,6.7,0.0,2964,9,4989,6,0.0,1.0,0.95,0.61,1.56,10.74,0.14,0.09,0.23,1.55,96.0,383.0,169.0,138.4,239.0,153.0,49.0,336.0,175.0,28.4,361.0,171.0,,,,34,,Tom,Cairney,Cairney,,,625,1,0,2,9,0,0,0,3,0,0,5,48,,,,0.0,0.29,1.3,0.72,6.91,5,8,35
332,a,100.0,100.0,4.9,307,191.0,0,0.0,-1,1.0,0.1,571,213.0,60,6,2.6,253.0,102.0,3,269,3.0,113.0,40.0,0.6,12.2,0.0,15062,55,19347,5,2.0,3.0,2.19,1.69,3.88,22.19,0.14,0.1,0.24,1.37,271.4,242.0,103.0,396.9,74.0,58.0,156.0,203.0,111.0,82.3,168.0,87.0,3.0,,,34,,Saša,Lukić,Lukić,,,1460,1,4,6,17,0,0,0,7,0,0,17,153,,,,0.0,0.37,1.05,1.05,9.43,42,51,60
333,u,0.0,0.0,4.5,478,292.0,0,0.0,0,0.0,0.0,671,270.0,0,0,0.0,735.0,304.0,0,0,0.0,644.0,243.0,0.0,0.0,0.0,898,0,6622,2,0.0,0.0,0.0,0.0,0.0,0.0,0.0,0.0,0.0,0.0,0.0,732.0,301.0,0.0,726.0,302.0,0.0,712.0,297.0,0.0,733.0,302.0,,,,34,,Martial,Godo,Godo,has joined Strasbourg permanently.,,0,0,0,0,0,0,0,0,0,0,0,0,0,,,,0.0,0.0,0.0,0.0,0.0,0,0,0
336,a,100.0,100.0,4.3,580,346.0,0,0.0,-2,2.0,0.3,314,108.0,13,0,2.2,312.0,133.0,2,41,0.0,524.0,167.0,0.0,3.0,0.0,87076,76,82223,213,-1.0,0.0,0.13,0.36,0.49,0.51,0.45,1.25,1.7,1.77,38.6,432.0,188.0,19.0,405.0,201.0,11.0,414.0,204.0,6.8,442.0,198.0,,,,34,,Harrison,Reed,Reed,,,26,1,0,0,1,0,0,0,0,0,0,0,2,,,,0.0,0.0,3.46,0.0,6.92,0,0,2
337,a,100.0,100.0,6.1,79,25.0,0,0.0,-4,4.0,2.2,133,20.0,108,2,3.3,163.0,15.0,7,399,1.3,236.0,33.0,0.2,17.7,0.0,860417,483,851734,6082,0.3,1.3,11.34,0.9,12.24,31.21,0.49,0.04,0.53,1.36,475.2,115.0,11.0,328.6,103.0,4.0,713.0,19.0,11.0,151.1,40.0,9.0,,2.0,1.0,34,,Raúl,Jiménez Rodríguez,Raúl,,,2070,9,5,9,25,0,0,0,5,0,0,26,125,,,,0.0,0.39,1.09,1.13,5.43,32,40,53
338,a,100.0,100.0,5.3,189,43.0,0,0.0,-2,2.0,0.7,225,34.0,30,1,1.8,386.0,46.0,3,82,1.7,205.0,25.0,0.3,5.7,0.0,269245,135,441582,252,0.7,1.7,2.28,0.13,2.41,11.82,0.28,0.02,0.3,1.43,108.8,369.0,39.0,89.9,298.0,33.0,225.0,137.0,34.0,41.3,310.0,35.0,,,,34,,Rodrigo,Muniz Carvalho,Muniz,,,743,1,1,2,11,1,0,0,1,0,0,7,47,,,,0.0,0.24,1.33,0.85,5.69,6,27,14
727,a,100.0,100.0,5.3,186,117.0,0,0.0,-2,2.0,0.1,521,190.0,57,3,2.9,212.0,85.0,1,227,1.7,203.0,90.0,0.3,10.8,0.0,101492,38,95347,71,0.7,1.7,2.08,3.33,5.41,15.14,0.2,0.32,0.52,1.46,268.0,244.0,105.0,309.7,118.0,83.0,235.0,128.0,75.0,81.0,171.0,89.0,,,,34,,Samuel,Chukwueze,Chukwueze,,,932,3,4,2,16,0,0,0,0,0,0,8,77,,,,0.0,0.19,1.55,0.77,7.44,6,17,54
731,i,0.0,0.0,5.7,119,75.0,0,0.0,-3,3.0,0.1,584,218.0,43,0,1.9,362.0,156.0,0,158,0.0,804.0,355.0,0.0,7.5,0.0,34794,7,32195,20,0.0,0.0,1.12,1.4,2.52,13.01,0.11,0.14,0.25,1.3,200.8,292.0,123.0,231.6,166.0,112.0,206.0,157.0,90.0,63.6,234.0,115.0,,,,34,,Kevin,Santos Lopes de Macedo,Kevin,Foot injury - Unknown return date,,898,1,2,4,15,0,0,0,1,0,0,8,75,,,,0.0,0.4,1.5,0.8,7.52,19,16,40
342,a,100.0,100.0,4.4,535,108.0,0,0.0,-1,1.0,0.6,241,92.0,89,0,2.8,221.0,84.0,1,279,4.3,60.0,27.0,1.0,20.2,0.0,128536,1081,72393,484,4.8,0.0,2.05,2.58,4.63,37.61,0.07,0.09,0.16,1.29,392.0,163.0,72.0,297.4,123.0,31.0,208.0,155.0,32.0,90.0,148.0,50.0,,,,34,,Jayden,Bogle,Bogle,,,2628,1,4,6,42,0,0,0,6,0,0,30,210,,,,0.0,0.21,1.44,1.03,5.68,61,105,125
343,a,100.0,100.0,4.3,585,130.0,0,0.0,-2,2.0,2.9,116,46.0,105,0,3.4,138.0,53.0,4,401,4.0,68.0,30.0,0.9,24.4,0.0,495894,7982,175066,1233,4.5,0.0,2.97,0.72,3.69,38.87,0.1,0.02,0.12,1.3,675.0,44.0,18.0,157.4,220.0,58.0,260.0,115.0,19.0,109.3,96.0,25.0,,,,34,,Pascal,Struijk,Struijk,,,2700,0,1,7,43,0,0,0,4,0,0,30,305,,,,0.0,0.23,1.43,1.0,9.53,36,250,108
344,a,100.0,100.0,3.9,765,219.0,0,0.0,-1,1.0,1.1,187,73.0,80,0,3.8,78.0,29.0,5,256,4.7,52.0,22.0,1.2,20.5,0.0,243266,1694,125592,597,5.2,0.0,0.9,0.63,1.53,24.61,0.05,0.04,0.09,1.43,405.8,155.0,67.0,61.5,339.0,115.0,229.0,131.0,24.0,69.6,212.0,73.0,,,,34,,Jaka,Bijol,Bijol,,,1549,1,2,4,23,0,0,0,3,0,0,17,184,,,,0.0,0.23,1.34,0.99,10.05,23,150,55
345,a,100.0,100.0,3.8,802,242.0,0,0.0,-2,2.0,0.1,442,165.0,17,0,1.9,352.0,128.0,0,48,0.0,371.0,132.0,0.0,4.5,0.0,23069,18,19981,33,0.5,0.0,0.0,0.01,0.01,4.93,0.0,0.0,0.0,1.46,78.4,396.0,148.0,5.6,449.0,162.0,10.0,416.0,154.0,9.4,425.0,153.0,,,,34,,Sebastiaan,Bornauw,Bornauw,,,304,0,0,1,4,0,0,0,1,0,0,4,38,,,,0.0,0.3,1.18,1.18,11.25,6,32,7
346,a,,,3.7,821,259.0,0,0.0,-3,3.0,0.3,323,118.0,1,0,1.0,453.0,161.0,0,-2,0.0,355.0,118.0,0.0,0.3,0.0,43424,553,40183,230,0.5,0.0,0.0,0.0,0.0,0.79,0.0,0.0,0.0,10.16,0.0,513.0,180.0,0.0,494.0,178.0,0.0,460.0,171.0,0.0,515.0,180.0,,,,34,,Sam,Byram,Byram,,,7,0,0,0,1,0,0,0,0,0,0,0,0,,,,0.0,0.0,12.86,0.0,0.0,0,0,0
347,a,100.0,100.0,3.8,798,238.0,0,0.0,-2,2.0,3.3,103,36.0,68,0,2.1,322.0,118.0,8,286,3.0,103.0,39.0,0.8,17.9,0.0,1002704,3233,946316,1328,3.5,0.0,1.1,2.89,3.98,41.06,0.04,0.1,0.14,1.4,442.6,132.0,57.0,363.7,85.0,20.0,158.0,198.0,48.0,96.4,126.0,36.0,,,,34,,Gabriel,Gudmundsson,Gudmundsson,,,2637,0,0,5,45,1,0,0,4,1,0,31,219,,,,0.0,0.17,1.54,1.06,6.28,65,119,112
348,a,100.0,100.0,3.9,760,216.0,0,0.0,-1,1.0,2.9,112,42.0,100,0,3.2,165.0,64.0,5,334,0.3,316.0,103.0,0.1,25.6,0.0,1205723,2103,1125482,1886,0.8,0.0,1.22,0.48,1.7,41.03,0.04,0.02,0.06,1.42,629.0,51.0,24.0,87.7,301.0,96.0,202.0,159.0,33.0,92.2,144.0,46.0,,,,34,,Joe,Rodon,Rodon,,,2592,2,0,5,48,0,0,0,1,0,0,29,277,,,,0.0,0.17,1.67,1.01,8.65,33,216,73
349,u,0.0,0.0,4.0,699,177.0,0,0.0,0,0.0,0.1,561,201.0,0,0,0.0,606.0,222.0,0,0,0.0,457.0,175.0,0.0,0.0,0.0,788,0,16033,2,0.0,0.0,0.0,0.0,0.0,0.0,0.0,0.0,0.0,0.0,0.0,595.0,221.0,0.0,587.0,221.0,0.0,556.0,217.0,0.0,597.0,221.0,,,,34,,Isaac,Schmidt,Schmidt,has joined Werder Bremen on loan for the rest of the season.,,0,0,0,0,0,0,0,0,0,0,0,0,0,,,,0.0,0.0,0.0,0.0,0.0,0,0,0
350,a,,,5.4,166,104.0,0,0.0,-1,1.0,1.1,186,63.0,121,0,3.7,100.0,41.0,5,420,4.0,77.0,27.0,0.7,22.4,0.0,341588,3542,213355,1083,4.5,0.0,4.25,3.14,7.39,31.79,0.17,0.13,0.3,1.29,452.4,127.0,42.0,441.6,59.0,49.0,475.0,45.0,27.0,136.8,53.0,34.0,,,,34,,Brenden,Aaronson,Aaronson,,,2220,4,8,9,29,0,0,0,2,0,0,27,198,,,,0.0,0.36,1.18,1.09,8.03,46,32,120
351,a,100.0,100.0,5.1,239,143.0,0,0.0,-4,4.0,0.1,513,186.0,28,0,1.5,414.0,179.0,0,116,2.0,176.0,75.0,0.4,5.5,0.0,10018,42,40947,22,2.5,0.0,0.36,0.75,1.11,9.77,0.07,0.15,0.22,1.99,75.6,398.0,176.0,116.4,263.0,163.0,53.0,333.0,174.0,24.4,374.0,176.0,,,,34,,Wilfried,Gnonto,Gnonto,,,442,0,3,1,12,0,0,0,3,0,0,4,50,,,,0.0,0.2,2.44,0.81,10.18,16,13,21
352,u,0.0,0.0,5.1,229,139.0,0,0.0,-4,4.0,0.0,600,226.0,12,0,1.1,452.0,201.0,0,51,0.0,764.0,332.0,0.0,2.4,0.0,6000,0,18756,4,0.0,0.0,0.28,0.23,0.51,3.82,0.1,0.08,0.18,1.31,30.0,439.0,192.0,49.4,357.0,186.0,35.0,360.0,185.0,11.5,420.0,191.0,,,,34,,Jack,Harrison,Harrison,has joined ACF Fiorentina on loan for the rest of the season.,,262,0,0,0,5,0,0,0,0,0,0,1,24,,,,0.0,0.0,1.72,0.34,8.24,5,6,13
358,a,100.0,100.0,4.8,360,223.0,0,0.0,-2,2.0,0.2,385,129.0,51,0,2.1,331.0,144.0,2,224,2.3,147.0,59.0,0.5,10.6,0.0,57039,162,65680,81,2.8,0.0,1.3,1.3,2.6,16.08,0.12,0.12,0.24,1.43,186.6,300.0,130.0,274.1,142.0,94.0,95.0,279.0,150.0,55.5,261.0,131.0,,,,34,,Tanaka,Ao,Tanaka,,,1010,2,0,3,19,0,0,0,1,0,0,10,108,,,,0.0,0.27,1.69,0.89,9.62,20,28,60
359,u,0.0,0.0,4.5,461,278.0,0,0.0,0,0.0,0.0,801,354.0,0,0,0.0,722.0,293.0,0,0,0.0,628.0,229.0,0.0,0.0,0.0,0,0,976,0,0.0,0.0,0.0,0.0,0.0,0.0,0.0,0.0,0.0,0.0,0.0,717.0,288.0,0.0,712.0,290.0,0.0,696.0,283.0,0.0,718.0,289.0,,,,34,,Charlie,Crew,Crew,Has joined Doncaster Rovers on loan for the rest of the season.,,0,0,0,0,0,0,0,0,0,0,0,0,0,,,,0.0,0.0,0.0,0.0,0.0,0,0,0
360,u,0.0,0.0,4.5,441,263.0,0,0.0,0,0.0,0.0,761,323.0,0,0,0.0,711.0,282.0,0,0,0.0,615.0,217.0,0.0,0.0,0.0,0,0,2905,0,0.0,0.0,0.0,0.0,0.0,0.0,0.0,0.0,0.0,0.0,0.0,705.0,276.0,0.0,701.0,279.0,0.0,684.0,272.0,0.0,707.0,278.0,,,,34,,Joe,Gelhardt,Gelhardt,Has joined Hull City on loan for the rest of the season.,,0,0,0,0,0,0,0,0,0,0,0,0,0,,,,0.0,0.0,0.0,0.0,0.0,0,0,0
361,u,0.0,0.0,4.5,442,264.0,0,0.0,0,0.0,0.0,670,269.0,0,0,0.0,712.0,283.0,0,0,0.0,616.0,218.0,0.0,0.0,0.0,1165,0,8448,0,0.0,0.0,0.0,0.0,0.0,0.0,0.0,0.0,0.0,0.0,0.0,706.0,277.0,0.0,702.0,280.0,0.0,685.0,273.0,0.0,708.0,279.0,,,,34,,Darko,Gyabi,Gyabi,has joined Hull City permanently.,,0,0,0,0,0,0,0,0,0,0,0,0,0,,,,0.0,0.0,0.0,0.0,0.0,0,0,0
362,a,100.0,100.0,4.9,315,58.0,0,0.0,-6,6.0,0.3,304,47.0,15,0,1.1,450.0,55.0,0,37,0.3,340.0,46.0,0.1,3.1,0.0,39641,56,221633,56,0.8,0.0,0.81,0.13,0.94,5.3,0.34,0.05,0.39,2.21,10.6,468.0,55.0,37.9,375.0,49.0,96.0,275.0,49.0,13.9,405.0,52.0,,,3.0,34,,Joël,Piroe,Piroe,,,216,0,0,1,7,0,0,0,0,0,0,2,11,,,,0.0,0.42,2.92,0.83,4.58,1,1,9
363,u,0.0,0.0,4.9,287,57.0,0,0.0,-1,1.0,0.3,315,50.0,0,0,0.0,775.0,86.0,0,0,0.0,708.0,76.0,0.0,0.0,0.0,16144,0,203248,20,0.0,0.0,0.0,0.0,0.0,0.0,0.0,0.0,0.0,0.0,0.0,774.0,86.0,0.0,770.0,85.0,0.0,766.0,85.0,0.0,774.0,86.0,,,,34,,Patrick,Bamford,Bamford,has departed the club as a free agent.,,0,0,0,0,0,0,0,0,0,0,0,0,0,,,,0.0,0.0,0.0,0.0,0.0,0,0,0
368,a,,,3.8,818,96.0,0,0.0,-2,2.0,0.9,207,25.0,0,0,0.0,544.0,41.0,0,0,0.0,385.0,28.0,0.0,0.0,0.0,164335,365,74956,539,0.0,0.5,0.0,0.0,0.0,0.0,0.0,0.0,0.0,0.0,0.0,533.0,41.0,0.0,517.0,21.0,0.0,485.0,7.0,0.0,535.0,41.0,,,,34,,Ármin,Pécsi,Pécsi,,,0,0,0,0,0,0,0,0,0,0,0,0,0,,,,0.0,0.0,0.0,0.0,0.0,0,0,0
369,a,,,3.9,756,76.0,0,0.0,-1,1.0,0.3,307,41.0,4,3,2.0,339.0,33.0,0,27,1.3,214.0,17.0,0.3,1.0,0.0,47392,1507,20470,420,1.3,1.8,0.0,0.0,0.0,2.42,0.0,0.0,0.0,1.79,54.0,418.0,33.0,0.0,529.0,31.0,0.0,497.0,17.0,5.4,452.0,33.0,,,,34,,Freddie,Woodman,Woodman,,,122,0,0,0,1,0,0,0,0,0,6,1,0,,,,4.43,0.0,0.74,0.74,0.0,0,2,13
370,a,100.0,100.0,5.7,116,10.0,0,0.0,-3,3.0,5.2,75,25.0,59,1,3.3,162.0,63.0,1,230,2.7,138.0,53.0,0.5,10.4,0.0,706810,531,3398850,2723,2.7,3.2,0.46,1.41,1.87,9.8,0.05,0.15,0.2,1.04,120.2,356.0,136.0,214.4,175.0,44.0,143.0,221.0,56.0,47.9,285.0,91.0,,,,34,,Jeremie,Frimpong,Frimpong,,,852,0,5,5,10,0,0,0,1,0,0,10,33,,,,0.0,0.53,1.06,1.06,3.06,10,19,45
371,a,,,5.6,132,14.0,0,0.0,-4,4.0,3.1,110,40.0,81,1,2.7,242.0,95.0,4,342,0.7,306.0,101.0,0.1,14.5,0.0,381592,265,831526,1461,0.7,1.2,1.47,0.65,2.12,26.97,0.07,0.03,0.1,1.19,414.6,144.0,63.0,381.7,77.0,16.0,137.0,228.0,58.0,93.6,136.0,42.0,,,,34,,Milos,Kerkez,Kerkez,,,2033,2,1,6,31,0,0,0,4,0,0,25,154,,,,0.0,0.27,1.37,1.11,5.67,40,88,78
372,a,,,5.7,112,9.0,0,0.0,-3,3.0,1.0,195,75.0,53,8,2.4,291.0,108.0,4,208,5.3,35.0,19.0,0.9,9.3,0.0,68300,895,139297,211,5.3,5.8,1.07,1.15,2.21,14.31,0.09,0.1,0.19,1.26,218.2,276.0,112.0,285.4,134.0,36.0,119.0,250.0,67.0,62.5,238.0,81.0,,,,34,,Andrew,Robertson,Robertson,,,1025,1,0,4,13,0,0,0,0,0,0,9,59,,,,0.0,0.35,1.14,0.79,4.3,12,37,36
373,a,,,6.2,70,2.0,0,0.0,2,-2.0,33.7,8,2.0,156,4,4.6,26.0,10.0,10,545,7.0,13.0,6.0,1.1,25.2,0.0,5053016,13442,4046875,26088,7.0,7.5,3.01,1.22,4.23,41.38,0.09,0.04,0.13,1.22,1020.2,3.0,1.0,198.6,189.0,50.0,424.0,55.0,2.0,164.3,30.0,1.0,,,,34,,Virgil,van Dijk,Virgil,,,3060,4,1,10,44,0,0,0,4,0,0,34,347,,,,0.0,0.29,1.29,1.0,9.47,23,299,76
182,a,,,4.5,431,23.0,0,0.0,-5,5.0,0.9,200,24.0,11,0,3.7,93.0,12.0,0,62,0.0,606.0,90.0,0.0,2.4,0.0,100980,45,275014,80,0.5,0.0,0.0,0.0,0.0,3.97,0.0,0.0,0.0,1.32,100.2,379.0,28.0,0.0,692.0,88.0,0.0,675.0,78.0,10.1,422.0,28.0,,,,34,,James,Trafford,Trafford,,,270,0,0,1,4,0,0,0,0,0,11,3,41,,,,3.67,0.33,1.33,1.0,0.0,2,6,33
260,a,100.0,100.0,5.1,227,32.0,0,0.0,6,-6.0,32.8,9,3.0,158,0,5.1,12.0,3.0,13,605,7.7,6.0,3.0,1.5,31.0,0.0,6469536,15146,4061832,13676,8.2,0.0,3.84,2.23,6.07,38.9,0.12,0.07,0.19,1.25,798.4,11.0,5.0,263.9,148.0,38.0,382.0,71.0,3.0,144.5,48.0,6.0,,,,34,,Marc,Guéhi,Guéhi,,,2790,3,4,12,31,0,0,0,6,0,0,31,285,,,,0.0,0.39,1.0,1.0,8.06,41,209,126
399,u,0.0,0.0,5.3,182,5.0,0,0.0,-2,2.0,0.8,215,28.0,0,0,0.0,807.0,96.0,0,0,0.0,774.0,95.0,0.0,0.0,0.0,15200,0,273797,18,0.0,0.0,0.0,0.0,0.0,0.0,0.0,0.0,0.0,0.0,0.0,806.0,96.0,0.0,805.0,95.0,0.0,802.0,93.0,0.0,806.0,96.0,,,,34,,Ederson,Santana de Moraes,Ederson M.,has joined Fenerbache permanently.,,0,0,0,0,0,0,0,0,0,0,0,0,0,,,,0.0,0.0,0.0,0.0,0.0,0,0,0
402,a,100.0,100.0,5.7,117,11.0,0,0.0,-3,3.0,4.2,94,32.0,53,0,3.5,131.0,50.0,9,215,3.0,125.0,48.0,0.5,9.3,0.0,653823,709,2469774,1482,3.5,0.0,0.48,1.74,2.22,11.22,0.05,0.18,0.23,1.16,184.6,303.0,117.0,184.3,195.0,51.0,70.0,308.0,94.0,43.9,300.0,100.0,,,,34,,Rayan,Aït-Nouri,Aït-Nouri,,,868,0,2,4,8,0,0,0,2,0,0,11,70,,,,0.0,0.41,0.83,1.14,6.43,31,31,46
403,i,0.0,0.0,5.8,107,7.0,0,0.0,-2,2.0,3.2,105,38.0,77,0,4.8,21.0,7.0,5,291,0.0,806.0,266.0,0.0,13.3,0.0,1374738,22,2196925,426,0.0,0.0,2.19,0.64,2.83,15.29,0.15,0.04,0.19,1.06,354.6,188.0,77.0,104.7,284.0,85.0,193.0,168.0,37.0,65.3,225.0,78.0,,,,34,,Joško,Gvardiol,Gvardiol,Leg injury - Unknown return date,,1301,2,2,6,13,0,0,0,2,0,0,15,115,,,,0.0,0.42,0.9,1.04,6.85,17,82,48
407,a,100.0,100.0,5.3,195,23.0,0,0.0,-2,2.0,2.9,113,43.0,145,0,4.8,19.0,6.0,16,625,5.7,31.0,17.0,1.1,27.4,0.0,1022478,2774,740235,2184,6.2,0.0,0.34,2.12,2.46,29.48,0.01,0.08,0.09,1.05,635.6,50.0,23.0,490.6,47.0,5.0,119.0,249.0,66.0,124.8,71.0,13.0,,,4.0,34,,Matheus,Nunes,Matheus N.,,,2534,1,8,11,24,0,0,0,4,0,0,28,212,,,,0.0,0.39,0.85,0.99,6.18,51,123,144
408,i,0.0,0.0,5.5,136,15.0,0,0.0,0,0.0,3.2,106,39.0,112,0,4.5,30.0,12.0,4,447,0.0,796.0,263.0,0.0,20.4,0.0,954728,23,1097242,1061,0.0,0.0,0.57,0.63,1.2,24.3,0.03,0.03,0.06,1.07,549.2,78.0,36.0,139.5,237.0,61.0,96.0,276.0,78.0,78.6,176.0,58.0,,,,34,,Rúben,dos Santos Gato Alves Dias,Rúben,Hamstring injury - Unknown return date,,2049,2,0,12,20,0,0,0,3,0,0,23,188,,,,0.0,0.53,0.88,1.01,7.2,13,151,71
409,a,100.0,100.0,5.4,153,17.0,0,0.0,-1,1.0,0.6,255,97.0,12,0,1.7,399.0,146.0,0,45,0.0,779.0,260.0,0.0,2.2,0.0,52240,87,111217,36,0.5,0.0,0.0,0.06,0.06,5.05,0.0,0.02,0.02,1.29,76.6,397.0,149.0,19.6,404.0,148.0,2.0,458.0,170.0,9.8,424.0,152.0,,,,34,,John,Stones,Stones,,,351,0,0,1,8,0,0,0,0,0,0,4,34,,,,0.0,0.26,2.05,1.03,4.87,0,19,17
410,a,100.0,100.0,4.6,403,71.0,0,0.0,-4,4.0,1.2,182,70.0,19,0,1.9,354.0,130.0,2,75,0.0,688.0,248.0,0.0,4.1,0.0,371283,67,466986,120,0.5,0.0,0.11,1.31,1.42,5.04,0.03,0.38,0.41,1.46,67.4,406.0,152.0,97.3,290.0,89.0,43.0,346.0,113.0,20.7,385.0,134.0,,,,34,,Rico,Lewis,Lewis,,,311,0,1,1,5,0,0,0,1,0,0,3,23,,,,0.0,0.29,1.45,0.87,5.5,5,14,10
411,a,100.0,100.0,5.1,237,37.0,0,0.0,1,-1.0,15.1,21,7.0,152,0,4.9,17.0,5.0,10,540,9.0,4.0,2.0,1.8,29.8,0.0,3796359,65961,1914604,1495,9.5,0.0,5.21,2.41,7.62,29.97,0.2,0.09,0.29,1.14,617.0,53.0,26.0,381.9,76.0,15.0,502.0,39.0,1.0,150.1,41.0,4.0,,,,34,,Nico,O'Reilly,O'Reilly,,,2373,5,4,13,21,0,0,0,4,0,0,26,182,,,,0.0,0.49,0.8,0.99,6.07,65,95,93
412,u,0.0,0.0,5.0,282,43.0,0,0.0,0,0.0,0.0,787,263.0,0,0,0.0,806.0,266.0,0,0,0.0,760.0,257.0,0.0,0.0,0.0,0,0,855,0,0.0,0.0,0.0,0.0,0.0,0.0,0.0,0.0,0.0,0.0,0.0,805.0,266.0,0.0,803.0,266.0,0.0,798.0,266.0,0.0,805.0,266.0,,,,34,,Vitor,de Oliveira Nunes dos Reis,Vitor Reis,Has joined Girona on loan for the rest of the season.,,0,0,0,0,0,0,0,0,0,0,0,0,0,,,,0.0,0.0,0.0,0.0,0.0,0,0,0
413,a,100.0,100.0,8.3,12,7.0,0,0.0,-2,2.0,2.5,125,40.0,40,0,2.4,295.0,127.0,4,122,0.0,827.0,372.0,0.0,4.8,0.0,288645,286,1301916,706,0.5,0.0,2.22,0.68,2.9,6.58,0.35,0.11,0.46,1.05,132.2,346.0,156.0,146.4,231.0,148.0,229.0,134.0,79.0,50.4,281.0,143.0,4.0,1.0,2.0,34,,Omar,Marmoush,Marmoush,,,566,1,3,3,5,0,0,0,2,0,0,7,32,,,,0.0,0.48,0.8,1.11,5.09,12,6,14
414,a,100.0,100.0,8.0,16,11.0,0,0.0,0,0.0,7.7,54,18.0,114,0,4.1,58.0,26.0,10,497,0.7,314.0,146.0,0.1,14.2,0.0,6179803,227,5596264,2791,1.2,0.0,5.34,4.02,9.36,22.55,0.26,0.2,0.46,1.11,513.0,95.0,31.0,798.2,10.0,10.0,443.0,51.0,30.0,175.2,24.0,19.0,5.0,,,34,,Phil,Foden,Foden,,,1827,7,3,10,16,0,0,0,4,0,0,21,140,,,,0.0,0.49,0.79,1.03,6.9,30,23,87
416,a,100.0,100.0,6.2,72,47.0,0,0.0,-3,3.0,0.6,243,85.0,91,0,2.8,230.0,93.0,4,470,3.3,99.0,36.0,0.5,14.7,0.0,118388,519,149282,477,3.8,0.0,2.24,3.68,5.91,30.85,0.08,0.13,0.21,1.11,461.2,124.0,41.0,717.3,13.0,13.0,297.0,98.0,59.0,147.7,45.0,31.0,1.0,,,34,,Bernardo,Mota Veiga de Carvalho e Silva,Bernardo,,,2502,2,4,11,25,0,0,0,9,0,0,29,223,,,,0.0,0.4,0.9,1.04,8.02,42,55,126
417,a,100.0,100.0,6.4,59,38.0,0,0.0,-1,1.0,11.0,34,11.0,123,0,4.4,37.0,17.0,16,533,7.7,9.0,4.0,1.2,19.2,0.0,3389255,86892,3001989,1815,8.2,0.0,3.74,8.07,11.81,19.62,0.22,0.47,0.69,1.14,551.0,77.0,24.0,879.2,5.0,5.0,516.0,36.0,20.0,194.8,16.0,12.0,3.0,2.0,,34,,Rayan,Cherki,Cherki,,,1546,4,11,8,14,0,0,0,1,0,0,17,126,,,,0.0,0.47,0.82,0.99,7.34,24,15,87
418,a,100.0,100.0,6.4,56,35.0,0,0.0,-1,1.0,2.6,121,39.0,90,0,3.6,113.0,51.0,9,390,5.3,37.0,10.0,0.8,14.1,0.0,2175841,3415,2107685,755,5.8,0.0,2.26,5.0,7.26,18.39,0.14,0.31,0.45,1.12,377.2,173.0,64.0,663.8,21.0,20.0,476.0,44.0,26.0,151.5,39.0,28.0,,,3.0,34,,Jérémy,Doku,Doku,,,1474,2,8,7,14,0,0,0,0,0,0,16,111,,,,0.0,0.43,0.85,0.98,6.78,19,12,80
420,u,0.0,0.0,6.3,63,41.0,0,0.0,-2,2.0,0.1,563,207.0,0,0,0.0,822.0,368.0,0,0,0.0,815.0,363.0,0.0,0.0,0.0,1928,0,19901,1,0.0,0.0,0.0,0.0,0.0,0.0,0.0,0.0,0.0,0.0,0.0,822.0,368.0,0.0,822.0,368.0,0.0,822.0,368.0,0.0,822.0,368.0,,,,34,,İlkay,Gündoğan,Gündoğan,has joined Galatasaray permanently.,,0,0,0,0,0,0,0,0,0,0,0,0,0,,,,0.0,0.0,0.0,0.0,0.0,0,0,0
425,u,0.0,0.0,5.4,180,113.0,0,0.0,-1,1.0,0.0,749,317.0,0,0,0.0,816.0,363.0,0,0,0.0,794.0,351.0,0.0,0.0,0.0,194,0,3237,0,0.0,0.0,0.0,0.0,0.0,0.0,0.0,0.0,0.0,0.0,0.0,815.0,362.0,0.0,814.0,362.0,0.0,812.0,361.0,0.0,815.0,362.0,,,,34,,Claudio,Echeverri,Echeverri,has joined Girona on loan for the rest of the season.,,0,0,0,0,0,0,0,0,0,0,0,0,0,,,,0.0,0.0,0.0,0.0,0.0,0,0,0
427,a,,,5.0,259,157.0,0,0.0,-5,5.0,9.1,43,16.0,86,0,3.3,154.0,63.0,6,325,0.0,746.0,317.0,0.0,17.2,0.0,3559246,165,5016454,1586,0.5,0.0,3.96,2.27,6.23,17.28,0.24,0.14,0.38,1.05,339.4,194.0,78.0,340.0,99.0,71.0,394.0,67.0,41.0,106.5,102.0,58.0,4.0,3.0,,34,,Tijjani,Reijnders,Reijnders,,,1488,5,2,7,16,0,0,0,2,0,0,17,95,,,,0.0,0.42,0.97,1.03,5.75,10,31,54
429,u,0.0,0.0,4.7,378,236.0,0,0.0,-3,3.0,0.1,566,210.0,0,0,0.0,769.0,330.0,0,0,0.0,691.0,278.0,0.0,0.0,0.0,4052,0,8548,4,0.0,0.0,0.0,0.0,0.0,0.0,0.0,0.0,0.0,0.0,0.0,768.0,329.0,0.0,763.0,329.0,0.0,752.0,326.0,0.0,768.0,329.0,,,,34,,Kalvin,Phillips,Phillips,has joined Sheffield United on loan for the rest of the season.,,0,0,0,0,0,0,0,0,0,0,0,0,0,,,,0.0,0.0,0.0,0.0,0.0,0,0,0
430,a,100.0,100.0,14.5,1,1.0,0,0.0,5,-5.0,58.7,1,1.0,212,0,6.6,4.0,1.0,37,845,5.0,51.0,9.0,0.3,14.6,0.0,7877231,77162,4190016,3110,5.5,0.0,23.52,2.05,25.57,33.6,0.79,0.07,0.86,1.13,1045.0,2.0,1.0,282.5,138.0,10.0,1350.0,1.0,1.0,267.9,2.0,1.0,,,1.0,34,,Erling,Haaland,Haaland,,,2683,24,7,12,28,0,0,1,2,0,0,31,98,,,,0.0,0.4,0.94,1.04,3.29,15,45,38
736,a,,,5.6,125,3.0,0,0.0,1,-1.0,9.2,41,6.0,119,0,4.0,64.0,5.0,3,506,5.0,45.0,4.0,0.9,21.2,0.0,2245860,5111,1472183,4788,5.5,0.0,0.0,0.0,0.0,32.82,0.0,0.0,0.0,1.09,589.8,58.0,12.0,0.0,818.0,96.0,0.0,816.0,95.0,59.1,247.0,12.0,,,,34,,Gianluigi,Donnarumma,Donnarumma,,,2700,0,0,13,25,0,1,0,6,0,69,30,55,,,,2.3,0.43,0.83,1.0,0.0,0,38,207
763,a,,,4.5,457,274.0,0,0.0,0,0.0,0.0,783,340.0,0,0,0.0,720.0,291.0,0,0,0.0,626.0,227.0,0.0,0.0,0.0,500,5,397,5,0.5,0.0,0.0,0.0,0.0,0.0,0.0,0.0,0.0,0.0,0.0,715.0,286.0,0.0,710.0,288.0,0.0,694.0,281.0,0.0,716.0,287.0,,,,34,,Charlie,Gray,Gray,,,0,0,0,0,0,0,0,0,0,0,0,0,0,,,,0.0,0.0,0.0,0.0,0.0,0,0,0
764,a,,,4.5,488,299.0,0,0.0,0,0.0,0.0,793,348.0,0,0,0.0,741.0,308.0,0,0,0.0,654.0,250.0,0.0,0.0,0.0,294,5,234,1,0.5,0.0,0.0,0.0,0.0,0.0,0.0,0.0,0.0,0.0,0.0,739.0,306.0,0.0,732.0,306.0,0.0,719.0,302.0,0.0,739.0,306.0,,,,34,,Reigan,Heskey,Heskey,,,0,0,0,0,0,0,0,0,0,0,0,0,0,,,,0.0,0.0,0.0,0.0,0.0,0,0,0
794,a,100.0,100.0,3.9,778,225.0,0,0.0,-6,6.0,0.0,745,256.0,5,0,2.5,266.0,102.0,0,27,0.0,411.0,153.0,0.0,1.3,0.0,5364,4,4942,8,0.5,0.0,0.26,0.06,0.32,1.54,0.17,0.04,0.21,1.03,34.0,436.0,161.0,14.8,414.0,152.0,26.0,374.0,128.0,7.5,436.0,157.0,,,,34,,Max,Alleyne,Alleyne,,,135,0,0,0,1,0,0,0,0,0,0,2,11,,,,0.0,0.0,0.67,1.33,7.33,3,8,4
119,d,75.0,75.0,8.4,11,6.0,-1,1.0,4,-4.0,17.2,18,6.0,126,0,4.5,34.0,15.0,15,456,1.3,243.0,111.0,0.2,15.0,0.0,7267294,357,6936144,44728,1.0,1.4,8.04,4.49,12.53,31.58,0.32,0.18,0.5,1.24,547.8,79.0,25.0,711.9,14.0,14.0,761.0,11.0,5.0,202.1,12.0,9.0,2.0,2.0,,34,,Bryan,Mbeumo,Mbeumo,Knock - 75% chance of playing,,2297,9,3,6,33,0,0,0,4,0,0,27,123,,,,0.0,0.24,1.29,1.06,4.82,23,21,79
431,a,,,4.7,387,18.0,0,0.0,-3,3.0,0.3,317,44.0,11,0,1.8,374.0,36.0,0,49,0.0,695.0,93.0,0.0,2.3,0.0,38295,44,63831,37,0.0,0.5,0.0,0.05,0.05,9.24,0.0,0.01,0.01,1.54,118.4,360.0,26.0,10.0,435.0,13.0,0.0,755.0,84.0,12.8,412.0,26.0,,,,34,,Altay,Bayındır,Bayindir,,,540,0,0,0,11,0,0,0,0,0,13,6,46,,,,2.17,0.0,1.83,1.0,0.0,0,7,39
432,u,0.0,0.0,4.9,300,11.0,0,0.0,-1,1.0,0.1,429,62.0,0,0,0.0,779.0,95.0,0,0,0.0,715.0,94.0,0.0,0.0,0.0,5156,0,26632,5,0.0,0.0,0.0,0.0,0.0,0.0,0.0,0.0,0.0,0.0,0.0,778.0,95.0,0.0,774.0,92.0,0.0,770.0,90.0,0.0,778.0,95.0,,,,34,,André,Onana,Onana,has joined Trabzonspor on loan for the rest of the season.,,0,0,0,0,0,0,0,0,0,0,0,0,0,,,,0.0,0.0,0.0,0.0,0.0,0,0,0
433,u,0.0,0.0,4.0,728,66.0,0,0.0,0,0.0,0.0,815,96.0,0,0,0.0,628.0,87.0,0,0,0.0,483.0,78.0,0.0,0.0,0.0,0,0,255,1,0.0,0.0,0.0,0.0,0.0,0.0,0.0,0.0,0.0,0.0,0.0,618.0,87.0,0.0,611.0,76.0,0.0,581.0,62.0,0.0,620.0,87.0,,,,34,,Elyh,Harrison,Harrison,On loan to Shrewsbury Town,,0,0,0,0,0,0,0,0,0,0,0,0,0,,,,0.0,0.0,0.0,0.0,0.0,0,0,0
438,a,100.0,100.0,4.9,312,51.0,0,0.0,-1,1.0,0.2,360,130.0,35,0,2.1,332.0,123.0,3,164,2.3,151.0,60.0,0.5,7.1,0.0,41409,161,57942,128,2.3,2.8,0.19,0.3,0.48,10.54,0.02,0.04,0.06,1.23,151.2,332.0,126.0,72.7,316.0,105.0,33.0,363.0,122.0,25.6,371.0,128.0,,,,34,,Noussair,Mazraoui,Mazraoui,,,769,0,0,3,9,0,0,0,3,0,0,9,82,,,,0.0,0.35,1.05,1.05,8.19,22,48,32
439,a,,,4.1,663,161.0,0,0.0,-4,4.0,0.1,570,203.0,0,0,0.0,643.0,250.0,0,0,0.0,505.0,213.0,0.0,0.0,0.0,3567,12,8788,7,0.0,0.5,0.0,0.0,0.0,0.0,0.0,0.0,0.0,0.0,0.0,633.0,250.0,0.0,627.0,250.0,0.0,598.0,248.0,0.0,635.0,250.0,,,,34,,Diego,León Blanco,D.Leon,,,0,0,0,0,0,0,0,0,0,0,0,0,0,,,,0.0,0.0,0.0,0.0,0.0,0,0,0
441,i,0.0,0.0,4.1,661,159.0,0,0.0,-4,4.0,2.4,128,51.0,74,0,3.4,136.0,51.0,8,261,0.0,504.0,212.0,0.0,18.0,0.0,1774636,66,2231960,1623,0.0,0.0,1.86,1.42,3.28,18.78,0.13,0.1,0.23,1.27,402.4,156.0,68.0,354.1,91.0,22.0,262.0,112.0,17.0,101.9,113.0,30.0,,,,34,,Patrick,Dorgu,Dorgu,Hamstring injury - Unknown return date,,1329,3,3,3,20,0,0,0,5,0,0,14,117,,,,0.0,0.2,1.35,0.95,6.43,47,48,72
448,a,,,3.7,823,261.0,0,0.0,-3,3.0,0.4,277,104.0,2,0,1.0,454.0,162.0,0,2,0.0,357.0,120.0,0.0,0.5,0.0,67059,871,62783,253,0.0,0.5,0.0,0.0,0.0,0.35,0.0,0.0,0.0,4.5,3.6,489.0,174.0,0.5,479.0,174.0,0.0,462.0,173.0,0.4,500.0,175.0,,,,34,,Tyrell,Malacia,Malacia,,,7,0,0,0,1,0,0,0,0,0,0,0,2,,,,0.0,0.0,12.86,0.0,25.71,1,1,2
449,a,100.0,100.0,10.4,4,3.0,1,-1.0,14,-14.0,46.8,3,2.0,199,0,6.6,3.0,1.0,36,845,3.3,102.0,37.0,0.3,19.1,0.0,8883073,14777,5677647,8271,3.3,3.8,10.38,9.6,19.98,38.18,0.36,0.33,0.69,1.31,1095.4,1.0,1.0,1587.9,1.0,1.0,519.0,34.0,18.0,320.5,1.0,1.0,1.0,1.0,1.0,34,,Bruno,Borges Fernandes,B.Fernandes,,,2615,8,19,5,41,0,0,2,4,0,0,30,251,,,,0.0,0.17,1.41,1.03,8.64,48,60,143
455,a,100.0,100.0,5.9,92,60.0,0,0.0,-1,1.0,0.3,336,115.0,47,0,2.5,279.0,115.0,3,165,0.0,807.0,357.0,0.0,8.0,0.0,184419,25,199566,40,0.0,0.5,1.54,1.41,2.95,10.38,0.17,0.15,0.32,1.14,165.0,321.0,143.0,200.6,187.0,122.0,160.0,197.0,108.0,52.5,271.0,138.0,,,,34,,Mason,Mount,Mount,,,822,3,0,3,14,0,0,0,1,0,0,10,66,,,,0.0,0.33,1.53,1.09,7.23,15,8,43
457,a,100.0,100.0,5.7,111,71.0,0,0.0,2,-2.0,3.9,97,32.0,148,0,4.8,20.0,8.0,17,569,4.7,57.0,19.0,0.8,26.0,0.0,918467,4205,482330,4862,4.7,5.2,4.9,3.05,7.95,27.83,0.19,0.12,0.31,1.08,783.0,16.0,4.0,484.4,48.0,42.0,518.0,35.0,19.0,178.8,21.0,17.0,,,,34,,Carlos Henrique,Casimiro,Casemiro,,,2315,8,4,9,27,0,0,0,8,1,0,30,308,,,,0.0,0.35,1.05,1.17,11.97,73,109,126
458,a,100.0,100.0,4.7,392,243.0,0,0.0,-3,3.0,1.0,196,69.0,49,0,2.1,329.0,143.0,0,231,1.3,223.0,99.0,0.3,10.4,0.0,238707,463,206868,1060,1.3,1.8,0.24,0.85,1.09,16.64,0.02,0.06,0.08,1.24,246.6,253.0,108.0,290.0,127.0,88.0,55.0,332.0,173.0,59.3,246.0,121.0,,,,34,,Kobbie,Mainoo,Mainoo,,,1203,0,2,4,17,0,0,0,1,0,0,11,132,,,,0.0,0.3,1.27,0.82,9.88,29,35,68
459,a,,,4.7,386,240.0,0,0.0,-3,3.0,0.1,428,146.0,38,0,1.7,396.0,168.0,0,183,1.3,222.0,98.0,0.3,8.1,0.0,30509,16,39748,37,1.3,1.8,0.72,0.16,0.88,18.22,0.07,0.02,0.09,1.87,167.2,318.0,141.0,83.6,306.0,173.0,48.0,337.0,176.0,29.8,355.0,170.0,,,,34,,Manuel,Ugarte Ribeiro,Ugarte,,,876,0,0,1,23,0,0,0,1,0,0,8,142,,,,0.0,0.1,2.36,0.82,14.59,46,45,51
462,a,,,4.3,609,358.0,0,0.0,-2,2.0,0.1,533,196.0,3,0,1.0,471.0,205.0,0,10,0.0,541.0,175.0,0.0,0.7,0.0,15376,8,14633,32,0.0,0.5,0.03,0.02,0.05,1.86,0.03,0.02,0.05,1.56,18.6,457.0,202.0,24.4,394.0,198.0,5.0,436.0,211.0,4.8,458.0,205.0,,,,34,,Jack,Fletcher,J.Fletcher,,,107,0,0,0,0,0,0,0,0,0,0,0,11,,,,0.0,0.0,0.0,0.0,9.25,5,2,4
681,a,100.0,100.0,7.3,30,13.0,0,0.0,-2,2.0,6.1,61,12.0,98,0,3.5,135.0,11.0,17,344,1.3,242.0,35.0,0.2,13.4,0.0,1322608,1372,1634912,10340,1.3,1.8,7.53,0.24,7.77,25.53,0.45,0.01,0.46,1.53,414.0,146.0,14.0,142.2,235.0,25.0,725.0,18.0,10.0,127.2,67.0,14.0,,,,34,,Benjamin,Sesko,Šeško,,,1498,9,2,2,29,0,0,0,2,0,0,15,58,,,,0.0,0.12,1.74,0.9,3.48,5,20,33
733,a,,,5.1,235,8.0,0,0.0,1,-1.0,3.1,107,17.0,88,0,3.3,156.0,19.0,9,330,4.0,75.0,8.0,0.8,17.3,0.0,663942,1881,353308,2052,4.0,4.5,0.0,0.0,0.0,33.01,0.0,0.0,0.0,1.22,511.0,98.0,16.0,0.0,804.0,94.0,2.0,457.0,2.0,51.3,276.0,17.0,,,,34,,Senne,Lammens,Lammens,,,2430,0,0,6,34,0,0,0,0,0,63,27,43,,,,2.33,0.22,1.26,1.0,0.0,1,22,189
755,a,100.0,100.0,4.5,484,296.0,0,0.0,0,0.0,0.0,732,304.0,2,0,1.0,488.0,219.0,0,8,0.0,650.0,247.0,0.0,0.4,0.0,3520,10,2793,11,0.0,0.5,0.07,0.0,0.07,0.11,0.52,0.0,0.52,0.82,4.0,487.0,221.0,1.5,472.0,227.0,11.0,415.0,205.0,1.5,482.0,218.0,,,,34,,Shea,Lacey,Lacey,,,12,0,0,0,0,0,0,0,0,0,0,0,1,,,,0.0,0.0,0.0,0.0,7.5,1,0,0
769,a,,,4.5,483,295.0,0,0.0,0,0.0,0.0,782,339.0,1,0,1.0,487.0,218.0,0,3,0.0,649.0,246.0,0.0,0.2,0.0,530,3,378,3,0.0,0.5,0.0,0.01,0.01,0.05,0.0,0.06,0.06,0.3,2.2,497.0,228.0,11.7,423.0,210.0,0.0,716.0,300.0,1.4,486.0,222.0,,,,34,,Bendito,Mantato,Bendito Mantato,,,15,0,0,0,0,0,0,0,0,0,0,0,0,,,,0.0,0.0,0.0,0.0,0.0,0,0,0
771,a,,,4.4,554,333.0,0,0.0,-1,1.0,0.0,739,310.0,1,0,1.0,476.0,209.0,0,3,0.0,573.0,193.0,0.0,0.2,0.0,2320,11,1520,4,0.0,0.5,0.0,0.01,0.01,0.02,0.0,0.9,0.9,1.8,0.4,510.0,232.0,1.0,476.0,229.0,0.0,648.0,250.0,0.1,513.0,234.0,,,,34,,Tyler,Fletcher,Fletcher,,,1,0,0,0,0,0,0,0,0,0,0,0,0,,,,0.0,0.0,0.0,0.0,0.0,0,0,0
788,a,,,4.0,724,193.0,0,0.0,0,0.0,0.0,725,252.0,0,0,0.0,624.0,233.0,0,0,0.0,479.0,189.0,0.0,0.0,0.0,535,8,483,4,0.0,0.5,0.0,0.0,0.0,0.0,0.0,0.0,0.0,0.0,0.0,614.0,233.0,0.0,607.0,233.0,0.0,577.0,230.0,0.0,616.0,233.0,,,,34,,Godwill,Kukonki,Kukonki,,,0,0,0,0,0,0,0,0,0,0,0,0,0,,,,0.0,0.0,0.0,0.0,0.0,0,0,0
475,a,100.0,100.0,4.9,309,49.0,0,0.0,-1,1.0,0.4,286,108.0,74,4,3.5,127.0,48.0,6,273,3.0,114.0,46.0,0.6,15.1,0.0,88959,293,110670,116,3.0,2.0,1.6,0.49,2.09,22.34,0.1,0.03,0.13,1.36,440.4,134.0,59.0,73.0,315.0,104.0,170.0,191.0,46.0,68.4,215.0,74.0,,,,34,,Sven,Botman,Botman,,,1474,1,1,5,22,1,0,0,2,0,0,17,186,,,,0.0,0.31,1.34,1.04,9.59,15,142,78
476,a,100.0,100.0,5.0,244,38.0,0,0.0,0,0.0,3.4,100,34.0,82,3,3.3,153.0,60.0,5,241,1.3,227.0,79.0,0.3,16.4,0.0,1552474,627,1691371,682,1.3,0.3,0.91,0.33,1.24,25.76,0.04,0.02,0.06,1.21,426.2,138.0,60.0,89.5,299.0,94.0,128.0,238.0,61.0,64.5,227.0,79.0,,,,34,,Dan,Burn,Burn,,,1917,0,3,6,32,0,0,0,8,1,0,22,240,,,,0.0,0.28,1.5,1.03,9.58,33,171,65
477,i,0.0,0.0,4.9,324,53.0,0,0.0,-1,1.0,1.9,144,57.0,59,0,3.5,128.0,49.0,3,252,1.0,261.0,87.0,0.2,12.0,0.0,1106478,10,1388135,945,0.0,0.0,0.13,0.89,1.02,18.62,0.01,0.06,0.07,1.26,219.4,272.0,111.0,199.7,188.0,49.0,42.0,348.0,115.0,46.1,294.0,98.0,,,,34,,Tino,Livramento,Livramento,Thigh injury - Unknown return date,,1326,0,1,6,14,0,0,0,1,0,0,14,96,,,,0.0,0.41,0.95,0.95,4.62,22,46,81
480,u,0.0,0.0,4.3,575,121.0,0,0.0,-2,2.0,0.0,597,213.0,1,0,0.5,522.0,180.0,0,0,0.0,521.0,219.0,0.0,0.2,0.0,2754,0,9122,2,0.0,0.0,0.04,0.0,0.04,0.55,0.19,0.0,0.19,2.61,10.2,469.0,171.0,0.0,638.0,252.0,7.0,429.0,164.0,1.7,479.0,171.0,,,,34,,Jamaal,Lascelles,Lascelles,has joined Leicester City permanently.,,19,0,0,0,2,0,0,0,0,0,0,0,5,,,,0.0,0.0,9.47,0.0,23.68,0,5,0
484,u,0.0,0.0,4.0,675,166.0,0,0.0,0,0.0,0.1,434,163.0,0,0,0.0,585.0,213.0,0,0,0.0,433.0,164.0,0.0,0.0,0.0,3759,0,45534,7,0.0,0.0,0.0,0.0,0.0,0.0,0.0,0.0,0.0,0.0,0.0,574.0,212.0,0.0,565.0,212.0,0.0,534.0,208.0,0.0,576.0,212.0,,,,34,,Matt,Targett,Targett,has joined Middlesbrough on loan for the rest of the season.,,0,0,0,0,0,0,0,0,0,0,0,0,0,,,,0.0,0.0,0.0,0.0,0.0,0,0,0
485,d,50.0,0.0,7.4,24,16.0,0,0.0,-1,1.0,5.1,77,26.0,101,0,3.9,76.0,34.0,10,352,1.0,276.0,131.0,0.1,13.6,0.0,2398980,133,2017819,41757,0.5,0.0,8.77,3.38,12.15,24.78,0.44,0.17,0.61,1.24,393.8,160.0,57.0,404.2,70.0,55.0,514.0,37.0,21.0,130.9,58.0,37.0,,,1.0,34,,Anthony,Gordon,Gordon,Hip injury - 50% chance of playing,,1798,6,4,8,30,0,0,0,3,1,0,24,91,,,,0.0,0.4,1.5,1.2,4.56,19,16,56
488,a,100.0,100.0,6.8,43,27.0,0,0.0,3,-3.0,4.5,86,28.0,137,2,5.5,6.0,3.0,19,606,1.0,274.0,129.0,0.1,20.1,0.0,4075800,6887,3833142,1554,1.0,0.0,5.05,3.94,8.99,27.26,0.21,0.17,0.38,1.16,699.6,38.0,10.0,677.8,19.0,18.0,399.0,62.0,36.0,177.8,22.0,18.0,3.0,5.0,2.0,34,,Bruno,Guimarães Rodriguez Moura,Bruno G.,,,2121,9,6,6,33,0,0,0,5,0,0,23,209,,,,0.0,0.25,1.4,0.98,8.87,55,44,110
489,a,100.0,100.0,5.9,89,57.0,0,0.0,-6,6.0,0.6,244,86.0,69,2,2.4,293.0,125.0,2,272,1.3,234.0,106.0,0.2,11.7,0.0,166963,137,351331,153,1.3,0.3,3.05,2.43,5.48,21.28,0.19,0.15,0.34,1.35,278.8,236.0,100.0,339.2,100.0,72.0,323.0,89.0,52.0,93.0,139.0,76.0,,,,34,,Jacob,Murphy,J.Murphy,,,1419,3,1,7,18,0,0,0,2,0,0,16,77,,,,0.0,0.44,1.14,1.01,4.88,15,19,43
490,a,100.0,0.0,5.9,91,59.0,0,0.0,-1,1.0,0.3,333,113.0,67,0,2.7,243.0,97.0,2,281,0.3,351.0,163.0,0.1,11.4,0.0,80931,88,110585,89,0.3,0.0,2.09,1.15,3.24,26.12,0.11,0.06,0.17,1.33,304.6,218.0,91.0,262.6,150.0,100.0,311.0,93.0,55.0,87.9,150.0,80.0,,,,34,,Joelinton Cássio,Apolinário de Lira,Joelinton,,,1770,2,1,5,25,0,0,0,10,0,0,21,214,,,,0.0,0.25,1.27,1.07,10.88,37,69,108
491,a,100.0,100.0,5.3,191,120.0,0,0.0,-2,2.0,1.1,191,65.0,77,2,2.4,290.0,124.0,2,434,2.0,178.0,76.0,0.4,14.5,0.0,223189,438,328432,431,2.0,1.0,1.7,2.64,4.34,33.39,0.07,0.1,0.17,1.31,361.8,182.0,71.0,472.5,52.0,45.0,182.0,177.0,97.0,102.0,112.0,66.0,1.0,3.0,,34,,Sandro,Tonali,Tonali,,,2302,0,2,7,36,0,0,0,3,0,0,28,232,,,,0.0,0.27,1.41,1.09,9.07,32,65,135
492,u,0.0,0.0,4.9,343,214.0,0,0.0,-1,1.0,0.0,683,274.0,0,0,0.0,792.0,346.0,0,0,0.0,738.0,311.0,0.0,0.0,0.0,655,0,3586,0,0.0,0.0,0.0,0.0,0.0,0.0,0.0,0.0,0.0,0.0,0.0,791.0,345.0,0.0,787.0,345.0,0.0,783.0,343.0,0.0,791.0,345.0,,,,34,,Antoñito,Cordero Campillo,Antoñito C.,has joined Cadiz on loan for the rest of the season.,,0,0,0,0,0,0,0,0,0,0,0,0,0,,,,0.0,0.0,0.0,0.0,0.0,0,0,0
494,a,100.0,100.0,5.0,249,149.0,0,0.0,0,0.0,0.1,503,182.0,30,2,1.4,428.0,187.0,0,127,0.7,297.0,138.0,0.1,6.0,0.0,14325,29,13686,47,0.7,-0.3,0.87,0.66,1.53,14.53,0.1,0.08,0.18,1.68,103.2,374.0,167.0,159.2,216.0,139.0,130.0,236.0,130.0,39.1,320.0,156.0,,,,34,,Joe,Willock,Willock,,,778,0,1,3,14,0,0,0,3,0,0,8,81,,,,0.0,0.35,1.62,0.93,9.37,19,13,49
495,u,0.0,0.0,4.5,415,251.0,0,0.0,0,0.0,0.0,774,332.0,0,0,0.0,696.0,271.0,0,0,0.0,595.0,205.0,0.0,0.0,0.0,0,0,1612,0,0.0,0.0,0.0,0.0,0.0,0.0,0.0,0.0,0.0,0.0,0.0,690.0,265.0,0.0,685.0,268.0,0.0,666.0,260.0,0.0,692.0,267.0,,,,34,,Isaac,Hayden,Hayden,Has departed the club as a free agent.,,0,0,0,0,0,0,0,0,0,0,0,0,0,,,,0.0,0.0,0.0,0.0,0.0,0,0,0
496,u,0.0,0.0,4.4,562,337.0,0,0.0,-1,1.0,0.0,640,247.0,0,0,0.0,685.0,265.0,0,0,0.0,579.0,196.0,0.0,0.0,0.0,2219,0,7435,1,0.0,0.0,0.0,0.0,0.0,0.0,0.0,0.0,0.0,0.0,0.0,678.0,258.0,0.0,673.0,261.0,0.0,654.0,253.0,0.0,680.0,260.0,,,,34,,Garang,Kuol,Kuol,has joined Sparta Prague permanently.,,0,0,0,0,0,0,0,0,0,0,0,0,0,,,,0.0,0.0,0.0,0.0,0.0,0,0,0
497,a,100.0,100.0,4.4,560,336.0,0,0.0,-1,1.0,1.9,145,48.0,70,2,3.2,168.0,67.0,5,325,4.0,70.0,25.0,0.9,15.9,0.0,659447,2064,723114,689,4.0,3.0,1.36,2.07,3.43,19.84,0.09,0.13,0.22,1.27,316.6,210.0,88.0,238.3,162.0,109.0,134.0,231.0,127.0,68.9,214.0,103.0,,,,34,,Lewis,Miley,L.Miley,,,1403,1,4,2,21,0,0,0,0,0,0,14,147,,,,0.0,0.13,1.35,0.9,9.43,28,50,69
498,u,0.0,0.0,4.5,440,262.0,0,0.0,0,0.0,0.0,779,336.0,0,0,0.0,710.0,281.0,0,0,0.0,614.0,216.0,0.0,0.0,0.0,117,0,1259,0,0.0,0.0,0.0,0.0,0.0,0.0,0.0,0.0,0.0,0.0,0.0,704.0,275.0,0.0,700.0,278.0,0.0,683.0,271.0,0.0,706.0,277.0,,,,34,,Joe,White,White,has joined Bradford City on loan for the rest of the season.,,0,0,0,0,0,0,0,0,0,0,0,0,0,,,,0.0,0.0,0.0,0.0,0.0,0,0,0
714,a,100.0,100.0,6.7,47,17.0,0,0.0,-3,3.0,6.6,60,11.0,96,1,3.2,181.0,19.0,10,343,1.0,273.0,37.0,0.1,14.3,0.0,5458503,513,4808678,2270,1.0,0.0,6.39,1.22,7.61,23.11,0.34,0.07,0.41,1.23,390.0,167.0,16.0,206.9,180.0,16.0,392.0,68.0,25.0,97.8,124.0,19.0,,,3.0,34,,Nick,Woltemade,Woltemade,,,1685,7,4,7,27,1,0,0,0,0,0,21,94,,,,0.0,0.37,1.44,1.12,5.02,22,27,45
753,a,,,4.0,664,38.0,0,0.0,0,0.0,0.0,685,82.0,0,0,0.0,578.0,63.0,0,0,0.0,424.0,51.0,0.0,0.0,0.0,1830,13,1215,14,0.0,-1.0,0.0,0.0,0.0,0.0,0.0,0.0,0.0,0.0,0.0,567.0,63.0,0.0,556.0,48.0,0.0,525.0,34.0,0.0,569.0,63.0,,,,34,,John,Ruddy,Ruddy,,,0,0,0,0,0,0,0,0,0,0,0,0,0,,,,0.0,0.0,0.0,0.0,0.0,0,0,0
765,a,,,4.0,721,190.0,0,0.0,0,0.0,0.0,642,230.0,0,0,0.0,621.0,230.0,0,0,0.0,476.0,186.0,0.0,0.0,0.0,4461,24,2852,16,0.0,-1.0,0.0,0.0,0.0,0.0,0.0,0.0,0.0,0.0,0.0,611.0,230.0,0.0,604.0,230.0,0.0,574.0,227.0,0.0,613.0,230.0,,,,34,,Leo,Shahar,Shahar,,,0,0,0,0,0,0,0,0,0,0,0,0,0,,,,0.0,0.0,0.0,0.0,0.0,0,0,0
772,a,,,4.5,517,321.0,0,0.0,0,0.0,0.0,776,333.0,0,0,0.0,764.0,326.0,0,0,0.0,681.0,271.0,0.0,0.0,0.0,684,3,427,11,0.0,-1.0,0.0,0.0,0.0,0.0,0.0,0.0,0.0,0.0,0.0,763.0,325.0,0.0,756.0,325.0,0.0,743.0,321.0,0.0,763.0,325.0,,,,34,,Sam,Alabi,Alabi,,,0,0,0,0,0,0,0,0,0,0,0,0,0,,,,0.0,0.0,0.0,0.0,0.0,0,0,0
12,u,0.0,0.0,4.9,302,47.0,0,0.0,-1,1.0,0.2,371,135.0,7,0,1.4,427.0,154.0,0,56,0.0,717.0,252.0,0.0,1.4,0.0,26902,0,53936,22,0.0,0.0,0.07,0.36,0.43,5.02,0.02,0.09,0.11,1.28,80.8,394.0,146.0,83.4,307.0,98.0,22.0,388.0,137.0,18.6,392.0,138.0,,,,34,,Oleksandr,Zinchenko,Zinchenko,has joined Ajax permanently.,,352,0,0,0,6,0,0,0,0,0,0,4,36,,,,0.0,0.0,1.53,1.02,6.14,10,14,17
400,a,100.0,100.0,4.7,376,16.0,0,0.0,-3,3.0,0.2,389,56.0,11,0,3.7,94.0,13.0,0,38,0.0,690.0,91.0,0.0,2.3,0.0,13434,77,26582,129,-0.5,0.0,0.0,0.01,0.01,4.65,0.0,0.0,0.0,1.55,68.6,401.0,30.0,0.0,762.0,90.0,0.0,751.0,82.0,6.9,441.0,30.0,,,,34,,Stefan,Ortega Moreno,Ortega Moreno,,,270,0,0,1,4,0,0,0,0,0,8,3,0,,,,2.67,0.33,1.33,1.0,0.0,0,1,8
426,a,,,5.0,258,156.0,0,0.0,-5,5.0,0.1,504,183.0,9,0,0.9,514.0,240.0,0,32,0.0,745.0,316.0,0.0,1.8,0.0,13464,11,27095,20,-0.5,0.0,0.02,0.18,0.2,4.2,0.01,0.09,0.1,2.18,17.6,458.0,203.0,45.5,364.0,188.0,12.0,413.0,203.0,7.6,435.0,196.0,,,5.0,34,,James,McAtee,McAtee,,,173,0,0,0,8,0,0,0,1,0,0,1,13,,,,0.0,0.0,4.16,0.52,6.76,4,2,7
502,a,100.0,100.0,4.6,396,19.0,0,0.0,-4,4.0,4.9,80,14.0,89,7,3.3,149.0,18.0,3,368,4.0,71.0,6.0,0.9,19.3,0.0,458058,1095,2060017,970,3.5,4.0,0.0,0.06,0.06,35.97,0.0,0.0,0.0,1.4,576.0,66.0,13.0,10.0,434.0,12.0,0.0,749.0,80.0,58.6,248.0,13.0,,,,34,,Matz,Sels,Sels,,,2307,0,0,7,33,0,0,0,2,0,78,26,75,,,,3.04,0.27,1.29,1.01,0.0,1,22,173
503,u,0.0,0.0,4.0,694,55.0,0,0.0,0,0.0,0.1,562,77.0,0,0,0.0,601.0,77.0,0,0,0.0,452.0,67.0,0.0,0.0,0.0,448,0,15819,5,0.0,0.0,0.0,0.0,0.0,0.0,0.0,0.0,0.0,0.0,0.0,590.0,77.0,0.0,582.0,65.0,0.0,551.0,51.0,0.0,592.0,77.0,,,,34,,Carlos Miguel,dos Santos Pereira,C.Miguel,Has joined Palmeiras permanently.,,0,0,0,0,0,0,0,0,0,0,0,0,0,,,,0.0,0.0,0.0,0.0,0.0,0,0,0
504,u,0.0,0.0,4.0,679,46.0,0,0.0,0,0.0,0.1,535,76.0,0,0,0.0,588.0,68.0,0,0,0.0,437.0,58.0,0.0,0.0,0.0,0,0,15921,4,0.0,0.0,0.0,0.0,0.0,0.0,0.0,0.0,0.0,0.0,0.0,577.0,68.0,0.0,569.0,56.0,0.0,538.0,42.0,0.0,579.0,68.0,,,,34,,Matt,Turner,Turner,Has joined Lyon permanently.,,0,0,0,0,0,0,0,0,0,0,0,0,0,,,,0.0,0.0,0.0,0.0,0.0,0,0,0
505,a,,,5.1,230,33.0,0,0.0,-4,4.0,3.4,101,35.0,111,8,3.3,155.0,61.0,2,381,5.0,43.0,21.0,1.0,21.8,0.0,403266,1462,1082720,959,4.5,5.0,0.81,0.46,1.27,46.96,0.02,0.01,0.03,1.38,610.8,54.0,27.0,42.0,367.0,132.0,108.0,265.0,74.0,76.3,180.0,61.0,,,,34,,Nikola,Milenković,Milenković,,,3060,0,1,9,45,1,0,0,6,0,0,34,314,,,,0.0,0.26,1.32,1.0,8.38,27,258,94
506,i,0.0,0.0,5.2,218,30.0,0,0.0,-3,3.0,2.0,139,56.0,83,0,3.3,158.0,62.0,3,333,0.0,772.0,259.0,0.0,16.0,0.0,315428,25,840140,4005,0.0,0.0,0.73,0.47,1.2,32.99,0.03,0.02,0.05,1.39,542.2,81.0,37.0,115.5,266.0,74.0,82.0,295.0,87.0,74.0,189.0,64.0,,2.0,,34,,Murillo,Costa dos Santos,Murillo,Muscle injury - Expected back 04 May,,2130,1,0,6,29,2,0,0,5,0,0,25,255,,,,0.0,0.25,1.23,1.06,9.42,35,188,102
507,a,100.0,100.0,4.7,379,63.0,0,0.0,-3,3.0,2.4,127,50.0,67,9,3.7,95.0,36.0,5,264,4.3,62.0,29.0,0.9,14.3,0.0,350669,744,1638797,576,3.8,4.3,0.41,0.84,1.25,25.31,0.02,0.05,0.07,1.44,285.2,231.0,91.0,160.3,214.0,56.0,58.0,329.0,105.0,50.5,280.0,89.0,,,,34,,Ola,Aina,Aina,,,1587,0,2,6,19,0,0,0,3,0,0,18,150,,,,0.0,0.34,1.08,1.02,7.37,31,99,81
508,a,100.0,100.0,4.8,355,59.0,0,0.0,-2,2.0,4.6,85,27.0,122,5,3.7,96.0,37.0,15,500,6.0,23.0,11.0,1.3,25.4,0.0,660568,3393,1203138,3467,5.5,6.0,1.9,3.85,5.75,42.55,0.06,0.12,0.18,1.33,725.6,31.0,12.0,528.9,39.0,3.0,349.0,79.0,8.0,160.3,31.0,2.0,3.0,,,34,,Neco,Williams,N.Williams,,,2888,2,3,9,42,0,0,0,6,1,0,33,254,,,,0.0,0.28,1.31,1.03,6.67,84,130,146
509,u,0.0,0.0,4.5,437,90.0,0,0.0,0,0.0,0.0,684,242.0,0,0,0.0,707.0,260.0,0,0,0.0,611.0,244.0,0.0,0.0,0.0,427,0,4424,1,0.0,0.0,0.0,0.0,0.0,0.0,0.0,0.0,0.0,0.0,0.0,701.0,260.0,0.0,697.0,260.0,0.0,680.0,260.0,0.0,703.0,260.0,,,,34,,David,Mota Veiga Teixeira do Carmo,David Carmo,has joined Real Oviedo on loan for the rest of the season.,,0,0,0,0,0,0,0,0,0,0,0,0,0,,,,0.0,0.0,0.0,0.0,0.0,0,0,0
510,d,75.0,100.0,4.2,649,152.0,0,0.0,-3,3.0,0.1,560,200.0,7,1,1.4,424.0,153.0,0,30,0.7,279.0,90.0,0.2,1.7,0.0,3673,13,8862,16,0.1,0.7,0.14,0.0,0.14,6.11,0.04,0.0,0.04,1.77,68.2,402.0,150.0,2.7,460.0,167.0,10.0,418.0,156.0,8.0,431.0,156.0,,,,34,,Jair,Paula da Cunha Filho,Jair Cunha,Shoulder injury - 75% chance of playing,,311,0,0,0,5,0,0,0,0,0,0,3,30,,,,0.0,0.0,1.45,0.87,8.39,4,25,4
511,a,,,4.3,594,135.0,0,0.0,-2,2.0,0.1,514,184.0,37,1,2.2,313.0,116.0,1,154,0.7,282.0,92.0,0.2,8.6,0.0,9653,17,13944,22,0.2,0.7,0.83,0.08,0.91,15.19,0.08,0.01,0.09,1.4,247.6,252.0,99.0,21.1,401.0,145.0,59.0,325.0,103.0,32.8,342.0,114.0,,,,34,,Felipe,Rodrigues da Silva,Morato,,,980,0,0,2,17,0,0,0,4,0,0,10,131,,,,0.0,0.18,1.56,0.92,10.01,25,84,46
512,u,0.0,0.0,4.5,421,82.0,0,0.0,0,0.0,0.0,694,246.0,0,0,0.0,699.0,258.0,0,0,0.0,599.0,240.0,0.0,0.0,0.0,345,0,4135,0,0.0,0.0,0.0,0.0,0.0,0.0,0.0,0.0,0.0,0.0,0.0,693.0,258.0,0.0,688.0,258.0,0.0,669.0,257.0,0.0,695.0,258.0,,,,34,,Omar,Richards,O.Richards,has joined Rio Ave on loan for the rest of the season.,,0,0,0,0,0,0,0,0,0,0,0,0,0,,,,0.0,0.0,0.0,0.0,0.0,0,0,0
513,a,,,3.8,815,254.0,0,0.0,-2,2.0,0.3,350,126.0,2,0,1.0,458.0,165.0,0,1,0.0,383.0,143.0,0.0,0.5,0.0,29737,10,31270,59,-0.5,0.0,0.0,0.01,0.01,3.13,0.0,0.01,0.01,2.35,25.4,450.0,164.0,6.3,446.0,160.0,0.0,483.0,191.0,3.2,468.0,169.0,,,,34,,Zach,Abbott,Abbott,,,120,0,0,0,4,0,0,0,0,0,0,1,10,,,,0.0,0.0,3.0,0.75,7.5,2,8,8
514,i,0.0,0.0,3.8,794,235.0,0,0.0,-2,2.0,0.3,309,114.0,0,0,0.0,531.0,187.0,0,0,0.0,365.0,127.0,0.0,0.0,0.0,43166,23,68742,73,0.0,0.0,0.0,0.0,0.0,0.0,0.0,0.0,0.0,0.0,0.0,520.0,186.0,0.0,502.0,185.0,0.0,469.0,179.0,0.0,522.0,186.0,,,,34,,Willy,Boly,Boly,Knee injury - Unknown return date,,0,0,0,0,0,0,0,0,0,0,0,0,0,,,,0.0,0.0,0.0,0.0,0.0,0,0,0
515,a,100.0,100.0,7.6,20,14.0,1,-1.0,1,-1.0,10.2,36,12.0,168,13,4.9,18.0,7.0,16,640,11.7,1.0,1.0,1.5,22.1,0.0,1894620,104241,1227979,4194,11.2,11.7,9.44,2.28,11.72,44.13,0.29,0.07,0.36,1.37,737.0,26.0,7.0,689.5,17.0,16.0,741.0,14.0,6.0,216.5,6.0,4.0,,1.0,2.0,34,,Morgan,Gibbs-White,Gibbs-White,,,2901,13,3,10,41,0,0,0,1,0,0,33,166,,,,0.0,0.31,1.27,1.02,5.15,19,44,103
516,i,0.0,0.0,5.7,114,72.0,0,0.0,-3,3.0,0.6,242,84.0,88,0,2.9,215.0,87.0,8,358,2.3,160.0,66.0,0.4,15.4,0.0,276486,7,351337,866,0.0,0.0,2.77,3.02,5.79,30.88,0.14,0.15,0.29,1.51,366.6,181.0,70.0,611.7,27.0,25.0,330.0,87.0,50.0,130.6,60.0,38.0,,,,34,,Callum,Hudson-Odoi,Hudson-Odoi,Muscle injury - Expected back 01 Jun,,1838,3,4,6,26,0,0,0,0,0,0,21,106,,,,0.0,0.29,1.27,1.03,5.19,14,24,68
517,a,100.0,100.0,5.6,127,79.0,0,0.0,1,-1.0,7.4,56,19.0,153,9,4.5,31.0,13.0,10,690,5.0,46.0,15.0,0.9,27.3,0.0,1784863,9486,1572633,8086,4.5,5.0,2.8,3.69,6.49,45.76,0.08,0.11,0.19,1.35,780.0,17.0,5.0,874.7,6.0,6.0,274.0,107.0,65.0,193.2,17.0,13.0,1.0,3.0,4.0,34,,Elliot,Anderson,Anderson,,,3043,3,3,10,44,0,0,0,7,0,0,34,469,,,,0.0,0.3,1.3,1.01,13.87,94,94,281
518,u,0.0,0.0,5.4,175,110.0,0,0.0,-1,1.0,0.0,619,238.0,1,0,1.0,506.0,235.0,0,6,0.0,791.0,348.0,0.0,0.2,0.0,1029,0,9163,1,0.0,0.0,0.0,0.0,0.0,0.0,0.0,0.0,0.0,0.0,5.0,483.0,218.0,0.5,482.0,232.0,4.0,443.0,217.0,1.0,492.0,225.0,,,,34,,João Pedro,Ferreira da Silva,Jota,has joined Besiktas on loan for the rest of the season.,,11,0,0,0,0,0,0,0,0,0,0,0,3,,,,0.0,0.0,0.0,0.0,24.55,2,1,0
519,a,100.0,100.0,5.0,257,155.0,0,0.0,0,0.0,0.0,636,246.0,43,0,1.9,357.0,153.0,3,190,1.7,200.0,89.0,0.3,8.6,0.0,5521,21,4341,24,1.2,1.7,1.15,0.72,1.87,18.57,0.11,0.07,0.18,1.7,218.6,275.0,114.0,172.0,206.0,134.0,126.0,243.0,134.0,51.7,275.0,141.0,,,,34,,Nicolás,Domínguez,Dominguez,,,984,1,1,3,18,0,0,0,3,0,0,14,115,,,,0.0,0.27,1.65,1.28,10.52,46,20,49
521,d,75.0,100.0,4.9,306,190.0,0,0.0,-1,1.0,0.1,537,197.0,84,1,3.2,173.0,69.0,2,347,3.0,112.0,39.0,0.6,17.1,0.0,13084,20,14059,123,1.9,3.0,1.16,1.76,2.92,30.58,0.05,0.08,0.13,1.38,407.6,152.0,53.0,201.9,184.0,120.0,126.0,242.0,133.0,73.7,192.0,93.0,,,,34,,Ibrahim,Sangaré,Sangaré,Knock - 75% chance of playing,,1989,2,2,8,24,0,0,0,5,0,0,24,244,,,,0.0,0.36,1.09,1.09,11.04,57,85,102
522,a,100.0,100.0,4.7,383,238.0,0,0.0,-3,3.0,0.1,554,205.0,25,0,1.3,437.0,193.0,0,105,1.7,194.0,84.0,0.4,5.3,0.0,10443,22,19551,27,1.2,1.7,0.22,0.22,0.44,5.36,0.04,0.04,0.08,1.09,105.4,371.0,165.0,65.8,331.0,181.0,38.0,351.0,180.0,20.7,386.0,178.0,,,,34,,Ryan,Yates,Yates,,,442,0,2,0,5,0,0,0,2,0,0,1,48,,,,0.0,0.0,1.02,0.2,9.77,12,23,13
523,a,100.0,100.0,4.5,475,289.0,0,0.0,0,0.0,0.1,568,212.0,0,0,0.0,732.0,301.0,0,0,0.0,641.0,240.0,0.0,0.0,0.0,2984,15,17066,11,-0.5,0.0,0.0,0.0,0.0,0.0,0.0,0.0,0.0,0.0,0.0,729.0,298.0,0.0,723.0,299.0,0.0,709.0,294.0,0.0,730.0,299.0,,,,34,,Eric,da Silva Moreira,Da Silva Moreira,,,0,0,0,0,0,0,0,0,0,0,0,0,0,,,,0.0,0.0,0.0,0.0,0.0,0,0,0
525,a,100.0,100.0,7.1,33,14.0,0,0.0,-4,4.0,4.6,84,16.0,35,7,3.2,182.0,20.0,4,128,3.3,101.0,17.0,0.5,4.9,0.0,2146384,2805,3395744,393,2.8,3.3,3.65,0.15,3.8,9.56,0.45,0.02,0.47,1.19,128.0,350.0,36.0,66.7,327.0,40.0,227.0,136.0,33.0,41.1,313.0,36.0,,,1.0,34,,Chris,Wood,Wood,,,725,3,0,2,9,0,0,0,0,0,0,9,20,,,,0.0,0.25,1.12,1.12,2.48,1,11,8
526,a,100.0,100.0,5.9,99,28.0,1,-1.0,-1,1.0,1.8,146,22.0,104,14,3.2,179.0,18.0,13,358,7.7,8.0,2.0,1.3,17.6,0.0,550576,17423,433717,1785,7.2,7.7,5.16,1.22,6.38,31.49,0.23,0.06,0.29,1.42,357.0,186.0,18.0,209.0,179.0,15.0,607.0,26.0,15.0,114.9,88.0,16.0,,,3.0,34,,Igor Jesus,Maciel da Cruz,Igor Jesus,,,1993,5,6,9,32,0,0,0,1,0,0,24,105,,,,0.0,0.41,1.45,1.08,4.74,21,35,49
527,a,100.0,100.0,5.2,207,47.0,0,0.0,-3,3.0,0.3,329,52.0,24,4,1.8,382.0,43.0,1,97,1.3,229.0,30.0,0.2,4.6,0.0,37689,89,94625,66,0.8,1.3,2.07,0.4,2.47,5.11,0.69,0.13,0.82,1.7,102.8,376.0,41.0,52.2,354.0,45.0,153.0,209.0,43.0,30.3,353.0,43.0,,,,34,,Taiwo,Awoniyi,Awoniyi,,,270,2,1,0,2,0,0,0,1,0,0,1,16,,,,0.0,0.0,0.67,0.33,5.33,1,5,10
669,a,100.0,100.0,5.5,146,92.0,0,0.0,-5,5.0,0.7,235,82.0,50,0,2.1,336.0,145.0,4,178,0.3,348.0,161.0,0.1,9.1,0.0,545671,23,575566,72,-0.2,0.3,1.05,1.51,2.56,15.96,0.08,0.12,0.2,1.23,166.4,320.0,142.0,217.7,173.0,117.0,180.0,182.0,100.0,56.6,257.0,127.0,4.0,,,34,,Dan,Ndoye,Ndoye,,,1167,1,2,2,17,0,0,0,1,0,0,14,96,,,,0.0,0.15,1.31,1.08,7.4,22,24,50
675,a,100.0,100.0,4.0,669,42.0,0,0.0,0,0.0,1.1,188,23.0,1,0,1.0,460.0,38.0,0,4,0.0,428.0,54.0,0.0,0.2,0.0,31049,19,103280,79,-0.5,0.0,0.0,0.0,0.0,0.21,0.0,0.0,0.0,0.42,1.2,503.0,38.0,0.0,561.0,52.0,0.0,530.0,38.0,0.1,511.0,38.0,,,,34,,Angus,Gunn,Gunn,,,45,0,0,0,0,0,0,0,0,0,0,0,0,,,,0.0,0.0,0.0,0.0,0.0,0,1,4
693,a,,,5.4,174,109.0,0,0.0,-1,1.0,0.1,530,194.0,73,3,2.7,240.0,95.0,3,293,3.0,122.0,46.0,0.6,13.5,0.0,34001,66,29171,73,2.5,3.0,1.92,3.23,5.15,19.39,0.12,0.19,0.31,1.17,292.0,226.0,96.0,444.7,58.0,48.0,335.0,85.0,49.0,107.0,101.0,57.0,2.0,,,34,,Omari,Hutchinson,Hutchinson,,,1494,1,6,6,19,0,0,0,1,0,0,15,114,,,,0.0,0.36,1.14,0.9,6.87,19,17,78
696,u,0.0,0.0,6.0,88,26.0,0,0.0,0,0.0,0.1,457,66.0,9,0,1.0,509.0,61.0,0,24,0.0,812.0,89.0,0.0,1.5,0.0,15291,0,18534,13,0.0,0.0,0.44,0.02,0.46,1.57,0.44,0.02,0.46,1.59,6.8,479.0,56.0,17.7,409.0,53.0,39.0,350.0,55.0,6.3,444.0,56.0,,,,34,,Arnaud,Kalimuendo,Kalimuendo,has joined Eintracht Frankfurt on loan for the rest of the season.,,89,0,0,0,3,0,0,0,0,0,0,0,6,,,,0.0,0.0,3.03,0.0,6.07,1,1,4
734,a,100.0,100.0,5.9,98,65.0,0,0.0,-1,1.0,0.0,673,271.0,15,0,1.4,430.0,189.0,0,60,0.3,352.0,164.0,0.1,2.5,0.0,4815,15,4323,16,-0.2,0.3,0.5,0.72,1.22,6.94,0.12,0.17,0.29,1.61,55.0,417.0,182.0,129.7,252.0,158.0,82.0,296.0,158.0,26.3,369.0,174.0,,,,34,,Dilane,Bakwa,Bakwa,,,387,0,1,0,9,0,0,0,1,0,0,4,30,,,,0.0,0.0,2.09,0.93,6.98,3,3,24
528,u,0.0,0.0,4.2,637,33.0,0,0.0,-3,3.0,0.1,419,60.0,0,0,0.0,646.0,91.0,0,0,0.0,512.0,83.0,0.0,0.0,0.0,10565,0,35163,22,0.0,0.0,0.0,0.0,0.0,0.0,0.0,0.0,0.0,0.0,0.0,637.0,91.0,0.0,631.0,82.0,0.0,605.0,70.0,0.0,639.0,91.0,,,,34,,Anthony,Patterson,Patterson,has joined Millwall on loan for the rest of the season.,,0,0,0,0,0,0,0,0,0,0,0,0,0,,,,0.0,0.0,0.0,0.0,0.0,0,0,0
532,a,,,4.5,445,92.0,0,0.0,0,0.0,0.3,301,112.0,93,-2,2.7,236.0,93.0,6,325,1.7,192.0,71.0,0.4,20.7,0.0,86001,119,77220,264,2.2,1.7,2.01,1.73,3.74,43.94,0.07,0.06,0.13,1.46,472.6,117.0,52.0,318.0,112.0,29.0,215.0,148.0,28.0,99.7,119.0,33.0,2.0,,,34,,Trai,Hume,Hume,,,2704,1,1,8,39,1,0,0,9,0,0,30,218,,,,0.0,0.27,1.3,1.0,6.36,63,128,91
533,u,0.0,0.0,4.0,676,167.0,0,0.0,0,0.0,0.0,796,264.0,0,0,0.0,586.0,214.0,0,0,0.0,434.0,165.0,0.0,0.0,0.0,611,0,866,0,0.0,0.0,0.0,0.0,0.0,0.0,0.0,0.0,0.0,0.0,0.0,575.0,213.0,0.0,566.0,213.0,0.0,535.0,209.0,0.0,577.0,213.0,,,,34,,Aji,Alese,Alese,has joined Portsmouth on loan for the rest of the season.,,0,0,0,0,0,0,0,0,0,0,0,0,0,,,,0.0,0.0,0.0,0.0,0.0,0,0,0
534,u,0.0,0.0,3.8,797,237.0,0,0.0,-2,2.0,0.3,326,119.0,0,0,0.0,533.0,188.0,0,0,0.0,368.0,129.0,0.0,0.0,0.0,39413,0,66674,55,0.0,0.0,0.0,0.0,0.0,0.0,0.0,0.0,0.0,0.0,0.0,522.0,187.0,0.0,504.0,186.0,0.0,471.0,180.0,0.0,524.0,187.0,,,,34,,Joe,Anderson,Anderson,has joined Barrow FC permanently.,,0,0,0,0,0,0,0,0,0,0,0,0,0,,,,0.0,0.0,0.0,0.0,0.0,0,0,0
535,a,100.0,100.0,4.0,687,172.0,0,0.0,0,0.0,0.0,591,211.0,14,0,2.0,340.0,124.0,0,44,0.0,445.0,170.0,0.0,3.5,0.0,7709,7,7401,21,0.5,0.0,0.08,0.02,0.09,6.04,0.02,0.01,0.03,1.81,58.2,413.0,155.0,8.9,439.0,156.0,8.0,424.0,160.0,7.1,440.0,159.0,,,,34,,Dennis,Cirkin,Cirkin,,,301,0,0,1,2,0,0,0,1,0,0,3,26,,,,0.0,0.3,0.6,0.9,7.77,8,18,8
536,u,0.0,0.0,4.0,695,175.0,0,0.0,0,0.0,0.0,728,253.0,0,0,0.0,602.0,220.0,0,0,0.0,453.0,173.0,0.0,0.0,0.0,1255,0,1555,2,0.0,0.0,0.0,0.0,0.0,0.0,0.0,0.0,0.0,0.0,0.0,591.0,219.0,0.0,583.0,219.0,0.0,552.0,215.0,0.0,593.0,219.0,,,,34,,Leo Fuhr,Hjelde,Hjelde,has joined Sheffield United on loan for the rest of the season.,,0,0,0,0,0,0,0,0,0,0,0,0,0,,,,0.0,0.0,0.0,0.0,0.0,0,0,0
537,u,0.0,0.0,4.0,698,176.0,0,0.0,0,0.0,0.1,548,194.0,0,0,0.0,605.0,221.0,0,0,0.0,456.0,174.0,0.0,0.0,0.0,1038,0,16274,6,0.0,0.0,0.0,0.0,0.0,0.0,0.0,0.0,0.0,0.0,0.0,594.0,220.0,0.0,586.0,220.0,0.0,555.0,216.0,0.0,596.0,220.0,,,,34,,Niall,Huggins,Huggins,has joined Wycombe Wanderers on loan for the rest of the season.,,0,0,0,0,0,0,0,0,0,0,0,0,0,,,,0.0,0.0,0.0,0.0,0.0,0,0,0
538,u,0.0,0.0,3.8,809,248.0,0,0.0,-2,2.0,0.2,382,140.0,0,0,0.0,539.0,194.0,0,0,0.0,377.0,137.0,0.0,0.0,0.0,23261,0,34141,34,0.0,0.0,0.0,0.0,0.0,0.0,0.0,0.0,0.0,0.0,0.0,528.0,193.0,0.0,511.0,192.0,0.0,478.0,186.0,0.0,530.0,193.0,,,,34,,Zak,Johnson,Johnson,has joined York City on loan for the rest of the season.,,0,0,0,0,0,0,0,0,0,0,0,0,0,,,,0.0,0.0,0.0,0.0,0.0,0,0,0
539,a,100.0,100.0,4.0,674,165.0,0,0.0,0,0.0,0.1,502,179.0,16,0,1.6,401.0,147.0,0,58,2.0,167.0,63.0,0.5,4.0,0.0,11306,58,8574,102,2.5,2.0,0.02,0.12,0.14,7.34,0.0,0.03,0.03,1.62,52.6,420.0,156.0,6.6,443.0,158.0,12.0,407.0,151.0,7.1,439.0,158.0,,,,34,,Luke,O'Nien,O'Nien,,,408,0,0,2,5,0,0,0,1,1,0,4,28,,,,0.0,0.44,1.1,0.88,6.18,4,24,9
540,u,0.0,0.0,3.9,770,222.0,0,0.0,-1,1.0,0.3,339,121.0,0,0,0.0,561.0,203.0,0,0,0.0,405.0,151.0,0.0,0.0,0.0,47547,0,48946,37,0.0,0.0,0.0,0.0,0.0,0.0,0.0,0.0,0.0,0.0,0.0,550.0,202.0,0.0,538.0,202.0,0.0,506.0,197.0,0.0,552.0,202.0,,,,34,,Timothée,Pembélé,Pembele,has joined Le Havre AC on loan for the rest of the season.,,0,0,0,0,0,0,0,0,0,0,0,0,0,,,,0.0,0.0,0.0,0.0,0.0,0,0,0
541,a,100.0,100.0,3.8,800,240.0,0,0.0,-2,2.0,2.9,114,44.0,60,1,2.9,207.0,80.0,6,214,3.0,104.0,40.0,0.8,15.8,0.0,644375,622,1084085,883,3.5,3.0,0.13,0.58,0.71,22.89,0.01,0.03,0.04,1.27,316.8,209.0,81.0,113.8,267.0,75.0,39.0,349.0,116.0,47.1,288.0,94.0,,,,34,,Reinildo,Mandava,Reinildo,,,1625,0,2,5,24,0,0,0,7,1,0,19,156,,,,0.0,0.28,1.33,1.05,7.59,31,106,75
543,u,0.0,0.0,4.9,336,207.0,0,0.0,-6,6.0,0.3,305,106.0,34,0,2.4,288.0,122.0,3,81,0.0,734.0,307.0,0.0,6.9,0.0,90681,0,231717,36,0.0,0.0,0.35,0.62,0.97,11.3,0.05,0.09,0.14,1.57,81.4,393.0,175.0,116.8,261.0,161.0,75.0,303.0,162.0,27.0,365.0,172.0,,,,34,,Simon,Adingra,Adingra,has joined AS Monaco on loan for the rest of the season.,,649,1,1,4,8,0,0,0,2,0,0,9,45,,,,0.0,0.55,1.11,1.25,6.24,11,13,21
544,a,100.0,100.0,5.3,199,124.0,0,0.0,-2,2.0,0.1,424,145.0,60,1,3.5,129.0,56.0,3,195,3.0,120.0,44.0,0.6,11.3,0.0,29240,231,25815,330,3.5,3.0,2.99,0.65,3.64,20.47,0.2,0.04,0.24,1.37,145.0,335.0,150.0,121.5,259.0,160.0,209.0,154.0,88.0,46.5,290.0,146.0,,,1.0,34,,Habib,Diarra,Diarra,,,1343,2,5,5,19,0,0,0,5,0,0,15,76,,,,0.0,0.34,1.27,1.01,5.09,14,17,45
545,u,0.0,0.0,5.4,155,97.0,0,0.0,-1,1.0,0.0,733,305.0,1,0,1.0,505.0,234.0,0,4,0.0,781.0,342.0,0.0,0.2,0.0,462,0,4088,0,0.0,0.0,0.03,0.02,0.05,0.66,0.1,0.07,0.17,2.2,1.8,500.0,229.0,7.3,441.0,213.0,5.0,437.0,212.0,1.4,487.0,223.0,,,,34,,Patrick,Roberts,Roberts,has joined Birmingham City permanently.,,27,0,0,0,1,0,0,0,0,0,0,0,1,,,,0.0,0.0,3.33,0.0,3.33,0,0,1
546,a,100.0,100.0,4.9,342,213.0,0,0.0,-1,1.0,0.0,699,283.0,0,0,0.0,791.0,345.0,0,0,0.0,737.0,310.0,0.0,0.0,0.0,564,5,3541,2,0.5,0.0,0.0,0.0,0.0,0.0,0.0,0.0,0.0,0.0,0.0,790.0,344.0,0.0,786.0,344.0,0.0,782.0,342.0,0.0,790.0,344.0,,,,34,,Milan,Aleksić,Aleksić,,,0,0,0,0,0,0,0,0,0,0,0,0,0,,,,0.0,0.0,0.0,0.0,0.0,0,0,0
547,a,100.0,100.0,4.8,366,228.0,0,0.0,-2,2.0,1.5,161,56.0,122,2,3.8,80.0,35.0,10,513,4.7,54.0,18.0,1.0,25.4,0.0,470575,3551,323505,1842,5.2,4.7,4.76,4.59,9.35,42.23,0.17,0.16,0.33,1.48,608.8,55.0,13.0,673.8,20.0,19.0,250.0,122.0,72.0,153.5,37.0,27.0,3.0,2.0,2.0,34,,Enzo,Le Fée,E.Le Fée,,,2570,4,5,9,40,0,0,1,5,0,0,29,278,,,,0.0,0.32,1.4,1.02,9.74,75,72,131
548,i,0.0,0.0,4.9,327,202.0,0,0.0,-1,1.0,0.0,758,322.0,14,0,1.0,496.0,226.0,0,42,0.0,730.0,305.0,0.0,2.9,0.0,1144,3,1690,4,0.0,0.0,0.87,0.48,1.35,8.54,0.2,0.11,0.31,1.93,29.4,440.0,193.0,33.6,381.0,193.0,69.0,310.0,163.0,12.7,413.0,188.0,,,,34,,Romaine,Mundle,Mundle,Hamstring injury - Expected back 01 Jun,,399,0,0,0,11,0,0,0,1,0,0,2,33,,,,0.0,0.0,2.48,0.45,7.44,5,6,22
553,a,100.0,100.0,4.9,337,208.0,0,0.0,-1,1.0,0.2,407,140.0,77,0,3.1,193.0,74.0,6,233,0.7,294.0,137.0,0.1,15.7,0.0,63467,53,72983,112,1.2,0.7,1.99,0.97,2.95,19.52,0.13,0.06,0.19,1.3,228.0,268.0,111.0,196.7,190.0,123.0,217.0,146.0,85.0,63.7,232.0,113.0,,,,34,,Chemsdine,Talbi,Talbi,,,1355,4,2,6,13,0,0,0,0,0,0,14,81,,,,0.0,0.4,0.86,0.93,5.38,9,19,53
555,u,0.0,0.0,4.5,417,252.0,0,0.0,0,0.0,0.0,652,256.0,0,0,0.0,697.0,272.0,0,0,0.0,597.0,206.0,0.0,0.0,0.0,1291,0,9876,1,0.0,0.0,0.0,0.0,0.0,0.0,0.0,0.0,0.0,0.0,0.0,691.0,266.0,0.0,686.0,269.0,0.0,667.0,261.0,0.0,693.0,268.0,,,,34,,Alan,Browne,Browne,has joined Middlesbrough on loan for the rest of the season.,,0,0,0,0,0,0,0,0,0,0,0,0,0,,,,0.0,0.0,0.0,0.0,0.0,0,0,0
556,u,0.0,0.0,4.5,438,260.0,0,0.0,0,0.0,0.0,781,338.0,0,0,0.0,708.0,279.0,0,0,0.0,612.0,214.0,0.0,0.0,0.0,0,0,1810,0,0.0,0.0,0.0,0.0,0.0,0.0,0.0,0.0,0.0,0.0,0.0,702.0,273.0,0.0,698.0,276.0,0.0,681.0,269.0,0.0,704.0,275.0,,,,34,,Pierre,Ekwah Elimby,Ekwah,Has joined AS Saint-Etienne permanently.,,0,0,0,0,0,0,0,0,0,0,0,0,0,,,,0.0,0.0,0.0,0.0,0.0,0,0,0
557,a,,,4.3,610,359.0,0,0.0,-2,2.0,0.1,545,201.0,0,0,0.0,660.0,249.0,0,0,0.0,542.0,176.0,0.0,0.0,0.0,9236,18,11175,30,0.5,0.0,0.0,0.0,0.0,0.0,0.0,0.0,0.0,0.0,0.0,650.0,239.0,0.0,646.0,244.0,0.0,623.0,233.0,0.0,652.0,241.0,,,,34,,Harrison,Jones,H.Jones,,,0,0,0,0,0,0,0,0,0,0,0,0,0,,,,0.0,0.0,0.0,0.0,0.0,0,0,0
558,u,0.0,0.0,4.3,601,354.0,0,0.0,-2,2.0,0.2,410,141.0,0,0,0.0,657.0,247.0,0,0,0.0,533.0,171.0,0.0,0.0,0.0,30710,0,46344,23,0.0,0.0,0.0,0.0,0.0,0.0,0.0,0.0,0.0,0.0,0.0,647.0,237.0,0.0,642.0,242.0,0.0,617.0,229.0,0.0,649.0,239.0,,,,34,,Jay,Matete,Matete,has joined MK Dons permanently.,,0,0,0,0,0,0,0,0,0,0,0,0,0,,,,0.0,0.0,0.0,0.0,0.0,0,0,0
559,u,0.0,0.0,4.4,551,330.0,0,0.0,-1,1.0,0.0,651,255.0,0,0,0.0,678.0,261.0,0,0,0.0,570.0,190.0,0.0,0.0,0.0,2951,0,8680,3,0.0,0.0,0.0,0.0,0.0,0.0,0.0,0.0,0.0,0.0,0.0,670.0,253.0,0.0,666.0,257.0,0.0,645.0,247.0,0.0,672.0,255.0,,,,34,,Nectarios,Triantis,Triantis,has joined Minnesota United permanently.,,0,0,0,0,0,0,0,0,0,0,0,0,0,,,,0.0,0.0,0.0,0.0,0.0,0,0,0
560,a,100.0,100.0,5.0,260,54.0,0,0.0,-5,5.0,1.4,168,25.0,67,1,2.3,307.0,34.0,7,229,2.3,152.0,19.0,0.5,13.4,0.0,990995,470,891290,1017,2.8,2.3,4.42,0.18,4.6,18.77,0.37,0.01,0.38,1.55,205.0,286.0,28.0,25.5,392.0,52.0,414.0,57.0,23.0,64.3,228.0,28.0,,,,34,,Wilson,Isidor,Isidor,,,1088,5,1,4,17,0,0,0,1,0,0,11,45,,,,0.0,0.33,1.41,0.91,3.72,9,16,20
561,a,,,5.2,216,50.0,0,0.0,-3,3.0,0.5,266,41.0,39,0,2.1,334.0,36.0,5,121,0.0,771.0,82.0,0.0,7.5,0.0,273146,33,311846,117,0.5,0.0,2.13,0.22,2.35,12.67,0.26,0.03,0.29,1.52,117.6,363.0,38.0,53.8,349.0,44.0,188.0,172.0,39.0,35.5,337.0,42.0,,,,34,,Eliezer,Mayenda Dossou,Mayenda,,,750,2,0,3,9,0,0,0,0,0,0,8,26,,,,0.0,0.36,1.08,0.96,3.12,5,7,14
563,u,0.0,0.0,4.4,561,80.0,0,0.0,-1,1.0,0.1,523,71.0,0,0,0.0,684.0,72.0,0,0,0.0,578.0,61.0,0.0,0.0,0.0,5979,0,20504,6,0.0,0.0,0.0,0.0,0.0,0.0,0.0,0.0,0.0,0.0,0.0,677.0,72.0,0.0,672.0,71.0,0.0,653.0,71.0,0.0,679.0,72.0,,,,34,,Luís Hemir,Silva Semedo,Luís Hemir,has joined Moreirense on loan for the rest of the season.,,0,0,0,0,0,0,0,0,0,0,0,0,0,,,,0.0,0.0,0.0,0.0,0.0,0,0,0
564,u,0.0,0.0,4.4,543,77.0,0,0.0,-1,1.0,0.1,524,72.0,0,0,0.0,674.0,69.0,0,0,0.0,565.0,58.0,0.0,0.0,0.0,3530,0,20266,0,0.0,0.0,0.0,0.0,0.0,0.0,0.0,0.0,0.0,0.0,0.0,665.0,69.0,0.0,661.0,68.0,0.0,640.0,68.0,0.0,667.0,69.0,,,,34,,Nazarii,Rusyn,Rusyn,has joined Arka on loan for the rest of the season.,,0,0,0,0,0,0,0,0,0,0,0,0,0,,,,0.0,0.0,0.0,0.0,0.0,0,0,0
668,a,100.0,100.0,5.1,220,134.0,0,0.0,1,-1.0,3.3,102,34.0,107,1,3.6,108.0,47.0,5,527,2.7,133.0,51.0,0.5,21.0,0.0,1393090,845,1384690,1273,3.2,2.7,0.9,2.91,3.81,41.41,0.03,0.1,0.13,1.47,605.2,57.0,15.0,522.7,40.0,36.0,97.0,273.0,149.0,122.5,74.0,45.0,1.0,1.0,,34,,Granit,Xhaka,Xhaka,,,2541,1,5,8,36,0,0,0,6,0,0,28,314,,,,0.0,0.28,1.28,0.99,11.12,45,123,146
678,u,0.0,0.0,3.9,753,214.0,0,0.0,-1,1.0,0.5,275,103.0,1,0,0.3,524.0,181.0,0,4,0.0,393.0,147.0,0.0,0.3,0.0,52353,0,84583,49,0.0,0.0,0.07,0.08,0.15,2.09,0.05,0.06,0.11,1.5,21.8,454.0,165.0,20.1,402.0,146.0,7.0,428.0,163.0,4.9,456.0,163.0,,,,34,,Arthur,Masuaku,Masuaku,has joined RC Lens on loan for the rest of the season.,,125,0,0,0,2,0,0,0,1,0,0,2,13,,,,0.0,0.0,1.44,1.44,7.2,4,6,3
683,a,100.0,100.0,4.1,653,153.0,0,0.0,1,-1.0,6.0,64,21.0,112,0,3.7,91.0,34.0,5,366,3.0,107.0,42.0,0.7,27.3,0.0,1700766,1994,1103330,5729,3.5,3.0,1.6,0.89,2.48,42.15,0.06,0.03,0.09,1.46,712.6,36.0,14.0,136.7,242.0,62.0,269.0,108.0,14.0,112.2,91.0,21.0,,,,34,,Omar,Alderete,Alderete,,,2595,1,1,9,39,0,0,0,6,0,0,29,313,,,,0.0,0.31,1.35,1.01,10.02,29,260,98
694,a,100.0,100.0,4.6,397,68.0,0,0.0,6,-6.0,8.8,45,14.0,128,0,4.6,25.0,9.0,10,418,4.3,61.0,28.0,0.9,27.8,0.0,2804879,5053,1770866,8096,4.8,4.3,1.28,2.2,3.48,40.44,0.05,0.08,0.13,1.5,628.6,52.0,25.0,325.7,107.0,28.0,172.0,188.0,44.0,112.7,90.0,20.0,,,,34,,Nordi,Mukiele,Mukiele,,,2424,2,5,8,37,1,0,0,5,0,0,28,267,,,,0.0,0.3,1.37,1.04,8.87,63,176,112
724,a,,,4.5,428,87.0,0,0.0,0,0.0,0.1,577,206.0,46,0,1.8,372.0,139.0,0,190,0.0,604.0,243.0,0.0,10.2,0.0,11050,11,7868,60,0.5,0.0,0.5,0.75,1.25,28.37,0.03,0.05,0.08,1.81,238.0,261.0,105.0,116.1,264.0,73.0,67.0,313.0,96.0,42.1,305.0,103.0,,,,34,,Lutsharel,Geertruida,Geertruida,,,1411,0,0,2,21,0,0,0,1,0,0,14,117,,,,0.0,0.13,1.34,0.89,6.44,34,67,62
730,a,100.0,100.0,5.3,193,45.0,0,0.0,-2,2.0,1.2,181,29.0,77,2,2.9,214.0,22.0,11,260,1.7,206.0,26.0,0.3,14.5,0.0,440346,1600,296609,2924,2.2,1.7,4.54,0.47,5.01,28.16,0.25,0.03,0.28,1.56,282.4,234.0,20.0,151.4,226.0,23.0,436.0,54.0,22.0,85.4,156.0,22.0,,,,34,,Brian,Brobbey,Brobbey,,,1623,6,1,5,27,0,0,0,5,0,0,18,63,,,,0.0,0.28,1.5,1.0,3.49,8,15,40
735,d,50.0,0.0,5.5,134,83.0,0,0.0,0,0.0,0.0,653,257.0,30,0,2.5,275.0,112.0,1,118,0.0,795.0,352.0,0.0,5.5,0.0,13884,1,13341,5,0.2,0.0,0.48,0.25,0.73,9.74,0.07,0.04,0.11,1.38,115.6,366.0,162.0,108.4,274.0,167.0,135.0,230.0,126.0,35.9,335.0,163.0,,,,34,,Bertrand,Traoré,Traoré,Knee injury - 50% chance of playing,,634,1,1,3,9,0,0,0,1,0,0,9,40,,,,0.0,0.43,1.28,1.28,5.68,11,11,18
775,u,0.0,0.0,4.5,497,306.0,0,0.0,0,0.0,0.0,825,369.0,0,0,0.0,749.0,314.0,0,0,0.0,663.0,257.0,0.0,0.0,0.0,160,0,141,0,0.0,0.0,0.0,0.0,0.0,0.0,0.0,0.0,0.0,0.0,0.0,747.0,312.0,0.0,740.0,312.0,0.0,727.0,308.0,0.0,747.0,312.0,,,,34,,Tymur,Tutierov,Tutierov,has joined Exeter City on loan for the rest of the season.,,0,0,0,0,0,0,0,0,0,0,0,0,0,,,,0.0,0.0,0.0,0.0,0.0,0,0,0
800,d,50.0,25.0,4.9,345,215.0,0,0.0,-1,1.0,0.0,824,368.0,1,0,1.0,498.0,228.0,0,4,0.0,740.0,312.0,0.0,0.2,0.0,165,0,139,0,0.2,0.0,0.0,0.04,0.04,0.24,0.0,0.09,0.09,0.57,3.4,490.0,223.0,4.3,452.0,217.0,2.0,456.0,225.0,1.0,491.0,224.0,,,,34,,Djiamgone Jocelin Ta,Bi,Jocelin.T,Ankle injury - 50% chance of playing,,38,0,0,0,0,0,0,0,0,0,0,1,3,,,,0.0,0.0,0.0,2.37,7.11,1,0,2
812,a,,,4.0,709,61.0,0,0.0,0,0.0,0.1,464,68.0,16,0,5.3,7.0,2.0,3,62,0.0,465.0,73.0,0.0,4.0,0.0,26671,55,13698,248,0.5,0.0,0.0,0.02,0.02,4.1,0.0,0.01,0.01,1.37,73.6,399.0,29.0,0.0,595.0,71.0,0.0,564.0,57.0,7.4,437.0,29.0,,,,34,,Melker,Ellborg,Ellborg,,,270,0,0,1,2,0,0,0,0,0,10,3,0,,,,3.33,0.33,0.67,1.0,0.0,0,6,33
813,d,50.0,0.0,5.0,276,170.0,0,0.0,0,0.0,0.0,790,345.0,9,0,1.8,379.0,160.0,0,27,0.0,755.0,325.0,0.0,1.8,0.0,1093,2,872,5,0.2,0.0,0.49,0.08,0.57,5.65,0.17,0.03,0.2,2.0,36.2,434.0,189.0,28.3,389.0,196.0,62.0,323.0,169.0,12.6,414.0,189.0,,,,34,,Nilson,Angulo,Angulo,Unknown - 50% chance of playing,,254,0,0,1,4,0,0,0,0,0,0,3,23,,,,0.0,0.35,1.42,1.06,8.15,7,10,6
821,a,,,4.5,476,290.0,0,0.0,0,0.0,0.0,818,363.0,0,0,0.0,733.0,302.0,0,0,0.0,642.0,241.0,0.0,0.0,0.0,108,6,31,5,0.5,0.0,0.0,0.0,0.0,0.0,0.0,0.0,0.0,0.0,0.0,730.0,299.0,0.0,724.0,300.0,0.0,710.0,295.0,0.0,731.0,300.0,,,,34,,Jack,Whittaker,Whittaker,,,0,0,0,0,0,0,0,0,0,0,0,0,0,,,,0.0,0.0,0.0,0.0,0.0,0,0,0
822,a,,,4.5,477,291.0,0,0.0,0,0.0,0.0,810,358.0,0,0,0.0,734.0,303.0,0,0,0.0,643.0,242.0,0.0,0.0,0.0,193,7,57,4,0.5,0.0,0.0,0.0,0.0,0.0,0.0,0.0,0.0,0.0,0.0,731.0,300.0,0.0,725.0,301.0,0.0,711.0,296.0,0.0,732.0,301.0,,,,34,,Jaydon,Jones,Jones,,,0,0,0,0,0,0,0,0,0,0,0,0,0,,,,0.0,0.0,0.0,0.0,0.0,0,0,0
565,d,50.0,0.0,4.7,381,17.0,0,0.0,-3,3.0,4.9,79,13.0,90,0,2.9,211.0,24.0,6,412,0.0,692.0,92.0,0.0,19.1,0.0,1358470,17,1499589,2324,0.0,0.0,0.0,0.04,0.04,46.21,0.0,0.0,0.0,1.49,709.2,37.0,10.0,10.1,428.0,7.0,0.0,753.0,83.0,72.2,204.0,9.0,,,,34,,Guglielmo,Vicario,Vicario,Hernia - 50% chance of playing,,2790,0,0,7,50,0,0,0,1,0,83,31,97,,,,2.68,0.23,1.61,1.0,0.0,1,35,247
566,a,,,3.9,761,79.0,0,0.0,-1,1.0,0.3,331,47.0,0,0,0.0,555.0,50.0,0,0,0.0,399.0,38.0,0.0,0.0,0.0,21771,21,26030,52,0.0,0.5,0.0,0.0,0.0,0.0,0.0,0.0,0.0,0.0,0.0,544.0,50.0,0.0,532.0,34.0,0.0,500.0,20.0,0.0,546.0,50.0,,,,34,,Brandon,Austin,Austin,,,0,0,0,0,0,0,0,0,0,0,0,0,0,,,,0.0,0.0,0.0,0.0,0.0,0,0,0
567,a,,,3.9,775,86.0,0,0.0,-1,1.0,1.7,153,20.0,9,6,3.0,202.0,23.0,0,41,3.0,105.0,11.0,0.8,2.3,0.0,150718,951,188002,711,3.0,3.5,0.0,0.0,0.0,2.77,0.0,0.0,0.0,0.92,44.6,426.0,34.0,0.0,542.0,41.0,0.0,510.0,27.0,4.5,460.0,34.0,,,,34,,Antonín,Kinský,Kinsky,,,270,0,0,1,3,0,0,0,0,0,4,3,0,,,,1.33,0.33,1.0,1.0,0.0,0,7,19
568,a,100.0,100.0,5.2,211,29.0,1,-1.0,-3,3.0,10.8,35,11.0,103,9,3.4,143.0,55.0,7,426,6.7,16.0,8.0,1.3,19.8,0.0,1733772,5219,3069415,5478,6.7,7.2,0.89,3.45,4.34,34.97,0.03,0.13,0.16,1.29,588.8,59.0,28.0,705.7,16.0,1.0,188.0,171.0,40.0,148.4,43.0,5.0,3.0,2.0,,34,,Pedro,Porro Sauceda,Pedro Porro,,,2433,1,3,8,36,0,0,0,8,0,0,28,221,,,,0.0,0.3,1.33,1.04,6.88,60,126,117
569,i,0.0,0.0,5.0,252,39.0,0,0.0,0,0.0,2.9,111,41.0,91,0,4.0,61.0,25.0,10,305,0.3,341.0,115.0,0.1,18.2,0.0,1032930,14,1236376,1138,0.0,0.0,1.39,1.25,2.64,28.32,0.07,0.06,0.13,1.36,574.8,67.0,31.0,133.6,246.0,64.0,223.0,139.0,26.0,93.2,138.0,43.0,,,,34,,Cristian,Romero,Romero,Knee injury - Expected back 01 Jun,,1869,4,1,5,33,0,0,0,9,2,0,22,224,,,,0.0,0.24,1.59,1.06,9.49,58,139,88
570,a,100.0,100.0,4.2,631,141.0,0,0.0,-3,3.0,0.2,408,151.0,46,5,2.3,299.0,111.0,1,159,2.7,128.0,50.0,0.6,11.0,0.0,23159,121,32215,134,2.7,3.2,0.29,0.24,0.53,17.37,0.02,0.02,0.04,1.38,316.0,212.0,83.0,24.8,393.0,141.0,46.0,339.0,110.0,38.8,322.0,109.0,,,,34,,Kevin,Danso,Danso,,,1129,0,0,3,21,0,0,0,6,0,0,13,159,,,,0.0,0.24,1.67,1.04,12.12,22,130,37
571,i,0.0,0.0,4.3,578,124.0,0,0.0,-2,2.0,0.1,553,197.0,10,0,3.3,147.0,56.0,1,29,0.0,523.0,221.0,0.0,2.3,0.0,4477,2,12142,4,0.0,0.0,0.49,0.07,0.56,1.11,0.32,0.05,0.37,0.73,67.4,405.0,151.0,22.2,399.0,143.0,52.0,335.0,108.0,14.2,402.0,144.0,,,,34,,Ben,Davies,Davies,Ankle injury - Unknown return date,,136,1,0,0,3,0,0,0,1,0,0,2,14,,,,0.0,0.0,1.99,1.32,9.26,5,9,5
572,a,100.0,100.0,4.5,450,93.0,0,0.0,0,0.0,0.0,667,235.0,16,1,1.8,373.0,140.0,0,30,0.3,332.0,112.0,0.1,3.6,0.0,4225,19,3245,21,0.3,0.8,0.31,0.01,0.32,12.0,0.05,0.0,0.05,2.1,125.6,352.0,134.0,3.2,458.0,165.0,27.0,372.0,126.0,15.6,401.0,143.0,,,,34,,Radu,Drăgușin,Dragusin,,,514,0,0,0,13,0,0,0,0,0,0,5,72,,,,0.0,0.0,2.28,0.88,12.61,5,67,14
573,a,100.0,100.0,4.1,656,156.0,0,0.0,-4,4.0,0.9,203,79.0,67,6,2.6,248.0,98.0,1,242,2.3,143.0,54.0,0.6,16.3,0.0,304883,173,368379,211,2.3,2.8,0.88,1.75,2.63,30.24,0.04,0.08,0.12,1.42,279.2,235.0,93.0,205.9,181.0,47.0,180.0,178.0,41.0,66.4,221.0,77.0,,,,34,,Djed,Spence,Spence,,,1910,0,0,8,30,0,0,0,4,0,0,22,137,,,,0.0,0.38,1.41,1.04,5.32,42,71,105
574,d,50.0,25.0,4.3,595,136.0,0,0.0,-2,2.0,0.3,320,115.0,18,0,1.1,448.0,160.0,0,77,1.3,216.0,75.0,0.3,4.2,0.0,53785,1,115374,205,0.7,0.5,0.16,0.67,0.83,17.09,0.01,0.06,0.07,1.53,167.6,317.0,122.0,157.7,219.0,57.0,90.0,285.0,83.0,41.6,309.0,104.0,,,,34,,Destiny,Udogie,Udogie,Muscle injury - 50% chance of playing,,1004,0,1,0,21,0,0,0,3,0,0,10,71,,,,0.0,0.0,1.88,0.9,4.48,23,27,56
575,a,100.0,100.0,4.4,549,118.0,0,0.0,-1,1.0,18.1,17,6.0,107,7,3.5,123.0,45.0,11,380,3.0,109.0,44.0,0.7,24.3,0.0,3592461,1383,4627303,7213,3.0,3.5,2.79,0.36,3.15,40.21,0.09,0.01,0.1,1.35,642.4,49.0,22.0,92.4,295.0,92.0,210.0,152.0,31.0,94.4,134.0,41.0,,,,34,,Micky,van de Ven,Van de Ven,,,2681,4,1,8,46,0,0,0,8,1,0,31,233,,,,0.0,0.27,1.54,1.04,6.61,35,162,104
576,u,0.0,0.0,4.0,717,188.0,0,0.0,0,0.0,0.0,741,255.0,0,0,0.0,617.0,228.0,0,0,0.0,472.0,184.0,0.0,0.0,0.0,0,0,2010,0,0.0,0.0,0.0,0.0,0.0,0.0,0.0,0.0,0.0,0.0,0.0,607.0,228.0,0.0,600.0,228.0,0.0,570.0,225.0,0.0,609.0,228.0,,,,34,,Ashley,Phillips,Phillips,Has joined Stoke City on loan for the rest of the season.,,0,0,0,0,0,0,0,0,0,0,0,0,0,,,,0.0,0.0,0.0,0.0,0.0,0,0,0
578,u,0.0,0.0,3.9,791,233.0,0,0.0,-1,1.0,0.3,322,117.0,0,0,0.0,577.0,210.0,0,0,0.0,423.0,160.0,0.0,0.0,0.0,7334,0,92540,15,0.0,0.0,0.0,0.0,0.0,0.0,0.0,0.0,0.0,0.0,0.0,566.0,209.0,0.0,555.0,209.0,0.0,524.0,205.0,0.0,568.0,209.0,,,,34,,Luka,Vušković,Vuskovic,has joined Hamburger SV on loan for the rest of the season.,,0,0,0,0,0,0,0,0,0,0,0,0,0,,,,0.0,0.0,0.0,0.0,0.0,0,0,0
579,u,0.0,0.0,8.5,10,5.0,0,0.0,0,0.0,0.1,455,155.0,0,0,0.0,830.0,373.0,0,0,0.0,828.0,373.0,0.0,0.0,0.0,0,0,25622,3,0.0,0.0,0.0,0.0,0.0,0.0,0.0,0.0,0.0,0.0,0.0,830.0,373.0,0.0,830.0,373.0,0.0,830.0,373.0,0.0,830.0,373.0,,,,34,,Son,Heung-min,Son,has joined Los Angeles FC permanently.,,0,0,0,0,0,0,0,0,0,0,0,0,0,,,,0.0,0.0,0.0,0.0,0.0,0,0,0
581,a,100.0,100.0,6.8,42,26.0,0,0.0,-2,2.0,0.1,437,150.0,0,0,0.0,827.0,370.0,0,0,0.0,823.0,368.0,0.0,0.0,0.0,4299,137,24406,123,0.0,0.5,0.0,0.0,0.0,0.0,0.0,0.0,0.0,0.0,0.0,827.0,370.0,0.0,827.0,370.0,0.0,827.0,370.0,0.0,827.0,370.0,,,,34,,James,Maddison,Maddison,,,0,0,0,0,0,0,0,0,0,0,0,0,0,,,,0.0,0.0,0.0,0.0,0.0,0,0,0
584,a,100.0,100.0,6.2,78,52.0,0,0.0,-3,3.0,0.1,430,147.0,59,1,2.2,320.0,139.0,5,204,1.0,272.0,128.0,0.2,9.5,0.0,44121,126,49181,101,1.0,1.5,2.13,1.43,3.55,15.06,0.19,0.13,0.32,1.36,227.8,269.0,112.0,320.0,109.0,76.0,256.0,120.0,70.0,80.6,173.0,90.0,1.0,,,34,,Mathys,Tel,Tel,,,998,3,1,1,20,0,0,0,0,0,0,9,88,,,,0.0,0.09,1.8,0.81,7.94,19,12,57
585,a,100.0,100.0,5.2,206,128.0,0,0.0,-3,3.0,0.2,403,137.0,72,4,3.3,157.0,64.0,3,304,2.7,135.0,52.0,0.5,13.8,0.0,58384,76,67235,64,2.7,3.2,0.5,0.74,1.24,21.68,0.03,0.04,0.07,1.25,299.6,223.0,94.0,164.7,211.0,137.0,109.0,261.0,143.0,57.6,253.0,123.0,,,,34,,Rodrigo,Bentancur,Bentancur,,,1563,1,1,6,22,0,0,0,6,0,0,19,232,,,,0.0,0.35,1.27,1.09,13.36,44,78,110
586,a,100.0,100.0,5.2,217,133.0,0,0.0,-3,3.0,0.2,394,131.0,47,1,2.2,316.0,135.0,0,156,2.3,154.0,62.0,0.4,9.0,0.0,104365,58,112027,55,2.3,2.8,1.18,0.43,1.61,13.25,0.11,0.04,0.15,1.26,164.6,322.0,144.0,105.7,281.0,169.0,141.0,223.0,123.0,40.9,314.0,154.0,,,,34,,Lucas,Bergvall,Bergvall,,,945,1,3,3,17,0,0,0,2,0,0,11,79,,,,0.0,0.29,1.62,1.05,7.52,22,18,39
589,u,0.0,0.0,5.4,165,103.0,0,0.0,-1,1.0,0.0,767,327.0,0,0,0.0,811.0,359.0,0,0,0.0,786.0,345.0,0.0,0.0,0.0,115,0,1480,0,0.0,0.0,0.0,0.0,0.0,0.0,0.0,0.0,0.0,0.0,0.0,810.0,358.0,0.0,809.0,358.0,0.0,807.0,357.0,0.0,810.0,358.0,,,,34,,Manor,Solomon,Solomon,has joined Fiorentina on loan for the rest of the season.,,0,0,0,0,0,0,0,0,0,0,0,0,0,,,,0.0,0.0,0.0,0.0,0.0,0,0,0
590,u,0.0,0.0,4.9,322,199.0,0,0.0,-1,1.0,0.0,663,264.0,0,0,0.0,784.0,340.0,0,0,0.0,726.0,302.0,0.0,0.0,0.0,675,0,4505,0,0.0,0.0,0.0,0.0,0.0,0.0,0.0,0.0,0.0,0.0,0.0,783.0,339.0,0.0,779.0,339.0,0.0,775.0,337.0,0.0,783.0,339.0,,,,34,,Bryan,Gil Salvatierra,Bryan,has joined Girona permanently.,,0,0,0,0,0,0,0,0,0,0,0,0,0,,,,0.0,0.0,0.0,0.0,0.0,0,0,0
593,i,0.0,0.0,4.5,444,265.0,0,0.0,-5,5.0,1.0,197,70.0,66,0,2.9,210.0,84.0,2,293,0.3,331.0,152.0,0.1,14.7,0.0,406993,11,604965,1875,0.0,0.0,1.5,1.08,2.58,26.21,0.1,0.07,0.17,1.75,314.8,213.0,89.0,151.6,225.0,144.0,152.0,210.0,114.0,62.0,240.0,118.0,,,,34,,Pape Matar,Sarr,P.M.Sarr,Shoulder injury - Unknown return date,,1349,2,3,3,22,0,0,0,2,0,0,13,180,,,,0.0,0.2,1.47,0.87,12.01,32,72,76
594,u,0.0,0.0,4.5,508,316.0,0,0.0,0,0.0,0.0,742,312.0,0,0,0.0,758.0,322.0,0,0,0.0,674.0,267.0,0.0,0.0,0.0,0,0,2831,2,0.0,0.0,0.0,0.0,0.0,0.0,0.0,0.0,0.0,0.0,0.0,757.0,321.0,0.0,750.0,321.0,0.0,737.0,317.0,0.0,757.0,321.0,,,,34,,Yang,Min-hyeok,Min-hyeok,has joined Coventry City on loan for the rest of the season.,,0,0,0,0,0,0,0,0,0,0,0,0,0,,,,0.0,0.0,0.0,0.0,0.0,0,0,0
596,d,75.0,100.0,7.3,26,10.0,1,-1.0,-2,2.0,2.0,137,21.0,40,1,2.7,245.0,25.0,4,187,1.7,212.0,28.0,0.2,5.5,0.0,283150,719,553148,11954,1.3,2.2,2.97,0.34,3.3,17.79,0.27,0.03,0.3,1.61,204.8,287.0,29.0,84.1,305.0,36.0,339.0,81.0,28.0,62.7,236.0,29.0,,,2.0,34,,Dominic,Solanke-Mitchell,Solanke,Muscle injury - 75% chance of playing,,997,3,0,0,21,0,0,0,1,0,0,11,71,,,,0.0,0.0,1.9,0.99,6.41,22,16,33
597,a,100.0,100.0,6.3,65,22.0,0,0.0,-2,2.0,5.7,69,13.0,99,4,3.5,134.0,10.0,13,433,2.0,184.0,24.0,0.3,15.7,0.0,3046110,945,3095793,2727,2.0,2.5,6.68,1.27,7.95,23.17,0.37,0.07,0.44,1.29,509.8,100.0,9.0,202.6,183.0,17.0,667.0,23.0,13.0,137.4,52.0,11.0,,,5.0,34,,Richarlison,de Andrade,Richarlison,,,1612,9,4,5,24,0,0,0,5,0,0,16,125,,,,0.0,0.28,1.34,0.89,6.98,23,52,50
599,u,0.0,0.0,4.3,598,84.0,0,0.0,-2,2.0,0.5,262,39.0,2,0,1.0,468.0,57.0,0,5,0.0,532.0,53.0,0.0,0.5,0.0,60820,0,112147,60,0.0,0.0,0.0,0.01,0.01,0.03,0.0,0.13,0.13,0.39,1.0,506.0,60.0,4.1,453.0,59.0,2.0,448.0,60.0,0.7,495.0,60.0,,,,34,,Dane,Scarlett,Scarlett,has joined Hibernian on loan for the rest of the season.,,7,0,0,0,0,0,0,0,0,0,0,0,1,,,,0.0,0.0,0.0,0.0,12.86,0,0,1
673,a,100.0,100.0,5.5,135,84.0,0,0.0,0,0.0,0.8,223,78.0,105,9,3.6,110.0,48.0,14,434,3.7,86.0,31.0,0.7,19.1,0.0,373480,287,369676,186,3.7,4.2,2.02,0.6,2.61,29.97,0.1,0.03,0.13,1.45,539.6,82.0,26.0,116.6,262.0,162.0,220.0,142.0,82.0,87.9,149.0,79.0,,,,34,,João Maria,Lobo Alves Palhares Costa Palhinha Gonçalves,J.Palhinha,,,1854,4,3,4,33,0,0,0,6,0,0,19,251,,,,0.0,0.19,1.6,0.92,12.18,98,82,71
726,a,100.0,100.0,6.9,39,15.0,0,0.0,-1,1.0,0.4,282,44.0,46,1,1.8,389.0,47.0,1,133,1.3,241.0,34.0,0.2,6.7,0.0,141851,151,124882,639,1.3,1.8,1.82,1.37,3.19,23.13,0.12,0.09,0.21,1.47,152.4,329.0,32.0,241.7,159.0,13.0,230.0,130.0,31.0,61.4,242.0,31.0,,,,34,,Randal,Kolo Muani,Kolo Muani,,,1414,1,1,3,28,0,0,0,2,0,0,18,100,,,,0.0,0.19,1.78,1.15,6.36,23,22,55
751,u,0.0,0.0,4.5,491,302.0,0,0.0,0,0.0,0.0,788,343.0,0,0,0.0,744.0,311.0,0,0,0.0,657.0,253.0,0.0,0.0,0.0,675,0,654,0,0.0,0.0,0.0,0.0,0.0,0.0,0.0,0.0,0.0,0.0,0.0,742.0,309.0,0.0,735.0,309.0,0.0,722.0,305.0,0.0,742.0,309.0,,,,34,,Yusuf,Akhamrich,Akhamrich,has joined Bristol Rovers on loan for the rest of the season.,,0,0,0,0,0,0,0,0,0,0,0,0,0,,,,0.0,0.0,0.0,0.0,0.0,0,0,0
790,a,,,4.5,503,312.0,0,0.0,0,0.0,0.0,764,325.0,0,0,0.0,753.0,318.0,0,0,0.0,669.0,263.0,0.0,0.0,0.0,886,7,502,11,0.0,0.5,0.0,0.0,0.0,0.0,0.0,0.0,0.0,0.0,0.0,752.0,317.0,0.0,745.0,317.0,0.0,732.0,313.0,0.0,752.0,317.0,,,,34,,Lucá,Williams-Barnett,Williams-Barnett,,,0,0,0,0,0,0,0,0,0,0,0,0,0,,,,0.0,0.0,0.0,0.0,0.0,0,0,0
796,a,100.0,100.0,5.0,254,153.0,0,0.0,-5,5.0,0.1,498,179.0,28,4,2.3,306.0,130.0,0,145,2.7,132.0,50.0,0.5,5.6,0.0,39040,102,28545,114,2.7,3.2,0.6,0.57,1.17,16.49,0.06,0.06,0.12,1.78,120.8,355.0,159.0,158.8,217.0,140.0,110.0,257.0,141.0,39.0,321.0,157.0,,,,34,,Conor,Gallagher,Gallagher,,,832,0,1,1,19,0,0,0,1,0,0,10,85,,,,0.0,0.11,2.06,1.08,9.19,13,23,49
804,a,,,4.0,737,205.0,0,0.0,0,0.0,0.0,678,239.0,3,0,0.8,517.0,178.0,0,0,0.0,492.0,201.0,0.0,0.8,0.0,2694,9,1417,36,0.0,0.5,0.02,0.03,0.05,2.61,0.01,0.02,0.03,1.65,12.8,465.0,169.0,31.9,384.0,137.0,17.0,396.0,143.0,6.2,445.0,161.0,,,,34,,João Victor,de Souza Menezes,Souza,,,142,0,0,0,3,0,0,0,1,0,0,2,6,,,,0.0,0.0,1.9,1.27,3.8,0,6,3
811,a,,,4.5,462,279.0,0,0.0,0,0.0,0.0,792,347.0,0,0,0.0,723.0,294.0,0,0,0.0,629.0,230.0,0.0,0.0,0.0,448,11,245,5,0.0,0.5,0.0,0.0,0.0,0.0,0.0,0.0,0.0,0.0,0.0,718.0,289.0,0.0,713.0,291.0,0.0,697.0,284.0,0.0,719.0,290.0,,,,34,,Rio,Kyerematen,Kyerematen,,,0,0,0,0,0,0,0,0,0,0,0,0,0,,,,0.0,0.0,0.0,0.0,0.0,0,0,0
818,a,,,4.5,504,71.0,0,0.0,0,0.0,0.0,635,84.0,0,0,0.0,754.0,81.0,0,0,0.0,670.0,70.0,0.0,0.0,0.0,4653,99,1962,70,0.0,0.5,0.0,0.0,0.0,0.0,0.0,0.0,0.0,0.0,0.0,753.0,81.0,0.0,746.0,80.0,0.0,733.0,80.0,0.0,753.0,81.0,,,,34,,James,Wilson,Wilson,,,0,0,0,0,0,0,0,0,0,0,0,0,0,,,,0.0,0.0,0.0,0.0,0.0,0,0,0
326,a,100.0,100.0,5.1,223,136.0,0,0.0,-4,4.0,0.2,415,143.0,24,0,1.0,502.0,231.0,0,71,0.3,343.0,158.0,0.1,4.7,0.0,17828,26,38367,67,0.3,0.3,0.69,0.56,1.25,8.24,0.17,0.14,0.31,2.06,29.2,441.0,194.0,68.5,323.0,176.0,68.0,311.0,164.0,16.0,400.0,183.0,,,,34,,Adama,Traoré Diarra,Adama,,,360,0,0,0,11,0,0,0,1,0,0,1,17,,,,0.0,0.0,2.75,0.25,4.25,1,2,14
601,u,0.0,0.0,4.0,667,41.0,0,0.0,0,0.0,0.2,365,52.0,0,0,0.0,580.0,65.0,0,0,0.0,426.0,53.0,0.0,0.0,0.0,3874,0,43266,24,0.0,0.0,0.0,0.0,0.0,0.0,0.0,0.0,0.0,0.0,0.0,569.0,65.0,0.0,559.0,51.0,0.0,528.0,37.0,0.0,571.0,65.0,,,,34,,Wes,Foderingham,Foderingham,has joined Aris Limassol permanently.,,0,0,0,0,0,0,0,0,0,0,0,0,0,,,,0.0,0.0,0.0,0.0,0.0,0,0,0
602,u,0.0,0.0,3.9,774,85.0,0,0.0,-1,1.0,0.2,383,55.0,0,0,0.0,564.0,56.0,0,0,0.0,408.0,44.0,0.0,0.0,0.0,11331,0,21201,33,0.0,0.0,0.0,0.0,0.0,0.0,0.0,0.0,0.0,0.0,0.0,553.0,56.0,0.0,541.0,40.0,0.0,509.0,26.0,0.0,555.0,56.0,,,,34,,Krisztián,Hegyi,Hegyi,has joined MTK Budapest on loan for the rest of the season.,,0,0,0,0,0,0,0,0,0,0,0,0,0,,,,0.0,0.0,0.0,0.0,0.0,0,0,0
603,a,100.0,100.0,4.1,662,160.0,0,0.0,-4,4.0,2.5,123,48.0,95,2,3.4,137.0,52.0,3,333,4.3,58.0,25.0,1.0,23.2,0.0,448996,734,936102,1760,4.3,4.3,0.5,2.26,2.76,37.02,0.02,0.09,0.11,1.41,515.8,90.0,40.0,380.8,78.0,17.0,93.0,281.0,82.0,99.1,121.0,34.0,,,,34,,El Hadji Malick,Diouf,Diouf,,,2363,0,6,8,41,0,0,0,5,0,0,26,220,,,,0.0,0.3,1.56,0.99,7.05,38,147,106
604,u,0.0,0.0,4.4,528,103.0,0,0.0,-1,1.0,0.0,585,209.0,0,0,0.0,670.0,254.0,0,0,0.0,556.0,229.0,0.0,0.0,0.0,1719,0,20831,4,0.0,0.0,0.0,0.0,0.0,0.0,0.0,0.0,0.0,0.0,0.0,661.0,254.0,0.0,656.0,254.0,0.0,635.0,253.0,0.0,663.0,254.0,,,,34,,Emerson,Palmieri dos Santos,Emerson,has joined Marseille permanently.,,0,0,0,0,0,0,0,0,0,0,0,0,0,,,,0.0,0.0,0.0,0.0,0.0,0,0,0
606,a,100.0,100.0,4.5,426,86.0,0,0.0,0,0.0,2.0,135,54.0,108,4,4.0,59.0,24.0,5,333,10.3,2.0,1.0,2.3,24.0,0.0,294605,7529,36331,2624,10.3,10.3,2.42,0.59,3.01,34.26,0.1,0.02,0.12,1.42,684.2,40.0,16.0,52.6,352.0,124.0,281.0,104.0,12.0,101.8,114.0,31.0,,,,34,,Konstantinos,Mavropanos,Mavropanos,,,2172,3,0,5,37,1,0,0,2,0,0,23,287,,,,0.0,0.21,1.53,0.95,11.06,35,232,86
607,u,0.0,0.0,4.4,533,107.0,0,0.0,-1,1.0,0.0,609,217.0,3,0,1.5,408.0,150.0,0,-1,0.0,560.0,232.0,0.0,0.7,0.0,1288,0,12360,3,0.0,0.0,0.1,0.03,0.13,3.42,0.05,0.02,0.07,1.71,39.0,430.0,160.0,3.9,454.0,163.0,8.0,425.0,161.0,5.1,454.0,162.0,,,,34,,Nayef,Aguerd,N.Aguerd,has joined Marseille permanently.,,180,0,0,0,8,0,0,0,0,0,0,2,23,,,,0.0,0.0,4.0,1.0,7.5,1,14,8
608,a,100.0,100.0,4.3,607,139.0,0,0.0,-2,2.0,0.0,620,221.0,21,0,1.8,369.0,137.0,0,86,0.0,539.0,227.0,0.0,4.9,0.0,5105,7,7229,10,0.0,0.0,0.18,0.32,0.5,13.28,0.02,0.04,0.06,1.83,138.2,340.0,129.0,71.7,319.0,108.0,22.0,386.0,135.0,23.2,379.0,131.0,5.0,,,34,,Ollie,Scarles,Scarles,,,654,0,1,0,16,0,0,0,1,0,0,9,73,,,,0.0,0.0,2.2,1.24,9.91,29,43,35
609,a,100.0,100.0,4.3,590,133.0,0,0.0,-2,2.0,0.1,489,176.0,45,1,2.1,325.0,121.0,1,164,0.3,322.0,107.0,0.1,10.5,0.0,12947,27,20666,29,0.3,0.3,0.25,0.31,0.56,31.71,0.01,0.02,0.03,1.68,372.6,178.0,73.0,65.5,333.0,111.0,24.0,379.0,132.0,46.3,293.0,97.0,,,,34,,Jean-Clair,Todibo,Todibo,,,1702,0,1,1,34,0,0,0,4,1,0,20,173,,,,0.0,0.05,1.8,1.06,8.41,37,122,86
610,a,100.0,100.0,4.1,655,155.0,0,0.0,-4,4.0,4.4,87,28.0,63,0,2.9,208.0,81.0,0,190,0.0,501.0,210.0,0.0,15.4,0.0,290252,252,2348837,2158,0.0,0.0,0.0,0.93,0.93,33.11,0.0,0.04,0.04,1.57,406.6,153.0,66.0,289.7,129.0,33.0,30.0,371.0,125.0,73.0,196.0,68.0,,,,34,,Aaron,Wan-Bissaka,Wan-Bissaka,,,1903,0,3,3,39,0,0,0,4,0,0,21,177,,,,0.0,0.14,1.84,0.99,7.71,29,134,66
611,u,0.0,0.0,4.0,714,185.0,0,0.0,0,0.0,0.1,558,199.0,0,0,0.0,615.0,226.0,0,0,0.0,469.0,181.0,0.0,0.0,0.0,0,0,13389,8,0.0,0.0,0.0,0.0,0.0,0.0,0.0,0.0,0.0,0.0,0.0,605.0,226.0,0.0,598.0,226.0,0.0,567.0,222.0,0.0,607.0,226.0,,,,34,,Kaelan,Casey,Casey,has joined Leyton Orient on loan for the rest of the season.,,0,0,0,0,0,0,0,0,0,0,0,0,0,,,,0.0,0.0,0.0,0.0,0.0,0,0,0
612,u,0.0,0.0,5.9,94,62.0,0,0.0,-1,1.0,1.1,193,67.0,69,0,3.8,90.0,39.0,8,291,0.0,809.0,359.0,0.0,11.7,0.0,897173,0,977418,91,0.0,0.0,2.85,2.0,4.85,24.22,0.17,0.12,0.29,1.44,374.6,176.0,67.0,397.2,73.0,57.0,186.0,174.0,95.0,95.7,129.0,73.0,,,,34,,Lucas,Tolentino Coelho de Lima,L.Paquetá,has joined Flamengo permanently.,,1513,4,2,3,33,0,0,0,5,1,0,18,146,,,,0.0,0.18,1.96,1.07,8.68,40,30,76
613,a,100.0,100.0,5.7,115,73.0,0,0.0,-3,3.0,0.3,311,107.0,95,10,3.1,198.0,78.0,9,383,5.3,36.0,9.0,0.9,16.7,0.0,54099,942,117098,235,5.3,5.3,4.74,0.43,5.17,32.42,0.23,0.02,0.25,1.57,472.4,118.0,38.0,159.6,215.0,138.0,391.0,69.0,42.0,102.5,111.0,65.0,,,,34,,Tomáš,Souček,Souček,,,1858,5,2,6,37,0,0,0,2,1,0,20,195,,,,0.0,0.29,1.79,0.97,9.45,34,104,57
615,a,100.0,100.0,5.5,145,91.0,0,0.0,0,0.0,1.5,165,58.0,100,2,3.7,102.0,43.0,10,355,2.7,137.0,54.0,0.5,18.2,0.0,591805,1045,420698,2255,2.7,2.7,5.13,2.75,7.88,30.9,0.22,0.12,0.34,1.32,383.0,169.0,60.0,376.5,79.0,60.0,508.0,38.0,22.0,126.5,68.0,43.0,2.0,,,34,,Crysencio,Summerville,Summerville,,,2113,5,3,7,35,0,0,0,4,0,0,25,185,,,,0.0,0.3,1.49,1.06,7.88,34,47,104
616,u,0.0,0.0,4.9,308,192.0,0,0.0,-1,1.0,0.0,599,225.0,0,0,0.0,780.0,336.0,0,0,0.0,719.0,296.0,0.0,0.0,0.0,1147,0,16131,2,0.0,0.0,0.0,0.0,0.0,0.0,0.0,0.0,0.0,0.0,0.0,779.0,335.0,0.0,775.0,335.0,0.0,771.0,333.0,0.0,779.0,335.0,,,,34,,Edson,Álvarez Velázquez,Álvarez,Has joined Fenerbahçe on loan for the rest of the season.,,0,0,0,0,0,0,0,0,0,0,0,0,0,,,,0.0,0.0,0.0,0.0,0.0,0,0,0
617,u,0.0,0.0,4.9,288,177.0,0,0.0,-1,1.0,0.0,717,295.0,0,0,0.0,776.0,333.0,0,0,0.0,709.0,289.0,0.0,0.0,0.0,246,0,3227,1,0.0,0.0,0.0,0.0,0.0,0.0,0.0,0.0,0.0,0.0,0.0,775.0,332.0,0.0,771.0,332.0,0.0,767.0,330.0,0.0,775.0,332.0,,,,34,,Maxwel,Cornet,Cornet,has joined Genoa on loan for the rest of the season.,,0,0,0,0,0,0,0,0,0,0,0,0,0,,,,0.0,0.0,0.0,0.0,0.0,0,0,0
618,u,0.0,0.0,4.8,350,220.0,0,0.0,-2,2.0,0.0,613,235.0,8,0,1.3,438.0,194.0,0,30,0.0,700.0,283.0,0.0,1.7,0.0,2295,0,6233,1,0.0,0.0,0.03,0.04,0.07,2.59,0.02,0.02,0.04,1.33,9.8,471.0,208.0,6.0,447.0,215.0,2.0,454.0,224.0,1.7,480.0,216.0,,,,34,,Guido,Rodríguez,G.Rodriguez,has joined Valencia on loan for the rest of the season.,,175,0,0,1,2,0,0,0,1,0,0,2,15,,,,0.0,0.51,1.03,1.03,7.71,1,4,10
619,u,0.0,0.0,4.9,338,209.0,0,0.0,-1,1.0,0.0,691,277.0,5,0,1.0,497.0,227.0,0,11,0.0,735.0,308.0,0.0,1.0,0.0,868,0,3432,0,0.0,0.0,0.07,0.03,0.1,1.82,0.05,0.02,0.07,1.35,9.2,473.0,210.0,14.5,415.0,206.0,4.0,442.0,216.0,2.5,471.0,211.0,,,,34,,Luis Guilherme,Lira dos Santos,L.Guilherme,has joined Sporting CP permanently.,,121,0,0,0,2,0,0,0,0,0,0,1,11,,,,0.0,0.0,1.49,0.74,8.18,1,2,8
620,u,0.0,0.0,4.5,448,267.0,0,0.0,0,0.0,0.0,611,234.0,1,0,1.0,482.0,214.0,0,3,0.0,618.0,220.0,0.0,0.2,0.0,3770,0,9626,3,0.0,0.0,0.0,0.01,0.01,0.73,0.0,0.11,0.11,8.21,0.0,708.0,279.0,1.5,471.0,226.0,2.0,451.0,221.0,0.4,503.0,229.0,,,,34,,George,Earthy,Earthy,has joined Bristol City on loan for the rest of the season.,,8,0,0,0,1,0,0,0,0,0,0,0,0,,,,0.0,0.0,11.25,0.0,0.0,0,0,0
621,u,0.0,0.0,4.3,586,347.0,0,0.0,-2,2.0,0.2,377,127.0,9,0,1.3,433.0,190.0,0,49,0.0,528.0,168.0,0.0,2.1,0.0,43311,0,56850,26,0.0,0.0,0.0,0.17,0.17,4.03,0.0,0.1,0.1,2.32,31.6,438.0,191.0,52.3,353.0,185.0,2.0,446.0,218.0,8.6,428.0,192.0,,,,34,,Andy,Irving,Irving,has joined Sparta Prague permanently.,,156,0,0,0,4,0,0,0,0,0,0,2,22,,,,0.0,0.0,2.31,1.15,12.69,6,2,14
679,a,,,4.2,640,34.0,0,0.0,-3,3.0,0.8,209,26.0,60,2,4.3,38.0,3.0,8,224,5.0,40.0,3.0,1.2,14.3,0.0,115051,1226,54674,996,5.0,5.0,0.0,0.01,0.01,17.21,0.0,0.0,0.0,1.23,319.8,206.0,22.0,10.0,431.0,10.0,0.0,606.0,71.0,33.0,341.0,21.0,,,,34,,Mads,Hermansen,Hermansen,,,1260,0,0,6,21,0,0,0,0,0,43,14,34,,,,3.07,0.43,1.5,1.0,0.0,0,17,132
708,a,100.0,100.0,5.5,149,94.0,0,0.0,0,0.0,0.4,280,98.0,116,2,3.6,111.0,49.0,6,578,3.0,124.0,47.0,0.5,21.1,0.0,134625,423,87498,771,3.0,3.0,1.29,2.54,3.83,41.53,0.04,0.09,0.13,1.41,564.2,71.0,20.0,540.9,36.0,33.0,118.0,252.0,138.0,122.4,75.0,46.0,4.0,,,34,,Mateus Gonçalo,Espanha Fernandes,M.Fernandes,,,2657,3,3,7,43,0,0,0,7,0,0,31,323,,,,0.0,0.24,1.46,1.05,10.94,89,73,161
718,a,,,5.0,277,171.0,0,0.0,0,0.0,0.0,661,262.0,41,0,2.0,347.0,149.0,2,182,0.3,342.0,157.0,0.1,8.2,0.0,5542,2,5111,11,0.3,0.3,0.44,0.32,0.76,18.93,0.04,0.03,0.07,1.76,181.4,307.0,134.0,83.1,308.0,174.0,44.0,344.0,179.0,30.9,350.0,169.0,,,,34,,Soungoutou,Magassa,S.Magassa,,,969,1,0,2,23,0,0,0,4,0,0,11,126,,,,0.0,0.19,2.14,1.02,11.7,40,33,53
738,a,100.0,100.0,4.5,408,21.0,0,0.0,0,0.0,0.0,627,80.0,0,0,0.0,693.0,93.0,0,0,0.0,591.0,88.0,0.0,0.0,0.0,6755,33,6057,30,0.0,0.0,0.0,0.0,0.0,0.0,0.0,0.0,0.0,0.0,0.0,687.0,93.0,0.0,682.0,86.0,0.0,663.0,76.0,0.0,689.0,93.0,,,,34,,Lukasz,Fabianski,Fabianski,,,0,0,0,0,0,0,0,0,0,0,0,0,0,,,,0.0,0.0,0.0,0.0,0.0,0,0,0
747,a,,,4.0,733,201.0,0,0.0,0,0.0,0.0,621,222.0,6,0,1.0,463.0,169.0,0,18,0.0,488.0,197.0,0.0,1.5,0.0,2822,14,2398,17,0.0,0.0,0.12,0.49,0.61,3.21,0.1,0.39,0.49,2.56,21.8,455.0,166.0,34.9,379.0,135.0,9.0,422.0,159.0,6.6,443.0,160.0,,,,34,,Ezra,Mayers,Mayers,,,113,0,0,0,3,0,0,0,0,0,0,0,5,,,,0.0,0.0,2.39,0.0,3.98,0,5,6
758,a,,,4.5,510,317.0,0,0.0,0,0.0,0.0,726,300.0,8,0,0.9,511.0,238.0,0,28,0.3,333.0,153.0,0.1,1.8,0.0,2249,28,1402,15,0.3,0.3,0.07,0.04,0.11,1.08,0.17,0.09,0.26,2.56,15.6,462.0,205.0,12.9,420.0,208.0,12.0,410.0,200.0,3.7,465.0,209.0,,,,34,,Mohamadou,Kanté,Mohamadou Kanté,,,38,0,0,0,0,0,0,0,1,0,0,0,14,,,,0.0,0.0,0.0,0.0,33.16,6,1,7
785,a,100.0,100.0,5.4,178,41.0,0,0.0,-1,1.0,0.0,695,88.0,21,2,2.1,335.0,37.0,0,71,3.0,123.0,18.0,0.6,3.9,0.0,6296,38,4467,66,3.0,3.0,0.67,0.38,1.05,8.4,0.1,0.05,0.15,1.19,73.4,400.0,46.0,103.0,285.0,30.0,68.0,312.0,53.0,24.5,373.0,47.0,,,,34,,Pablo Felipe,Pereira de Jesus,Pablo,,,634,0,1,3,7,0,0,0,0,0,0,8,54,,,,0.0,0.43,0.99,1.14,7.67,18,14,22
791,a,,,5.5,141,35.0,0,0.0,0,0.0,0.3,341,56.0,45,1,3.2,178.0,17.0,3,176,4.7,56.0,10.0,0.9,8.2,0.0,59216,328,25246,1136,4.7,4.7,3.89,0.64,4.53,14.53,0.32,0.05,0.37,1.19,203.6,290.0,30.0,152.8,223.0,22.0,382.0,72.0,26.0,72.6,198.0,27.0,,,,34,,Valentín,Castellanos,Taty,,,1103,4,1,7,13,0,0,0,4,0,0,14,53,,,,0.0,0.57,1.06,1.14,4.32,8,21,24
815,a,,,4.5,422,83.0,0,0.0,0,0.0,0.2,367,134.0,39,3,3.9,69.0,27.0,1,156,6.0,22.0,10.0,1.3,8.7,0.0,36092,279,9041,335,6.0,6.0,1.1,0.01,1.11,11.77,0.11,0.0,0.11,1.18,175.6,309.0,119.0,16.2,411.0,151.0,82.0,294.0,86.0,27.4,363.0,124.0,,,,34,,Axel,Disasi,Disasi,,,900,0,0,5,10,1,0,0,1,0,0,10,70,,,,0.0,0.5,1.0,1.0,7.0,11,59,23
825,a,,,4.0,720,65.0,0,0.0,0,0.0,0.0,804,92.0,0,0,0.0,620.0,86.0,0,0,0.0,475.0,77.0,0.0,0.0,0.0,225,13,50,2,0.0,0.0,0.0,0.0,0.0,0.0,0.0,0.0,0.0,0.0,0.0,610.0,86.0,0.0,603.0,75.0,0.0,573.0,61.0,0.0,612.0,86.0,,,,34,,Finlay,Herrick,Herrick,,,0,0,0,0,0,0,0,0,0,0,0,0,0,,,,0.0,0.0,0.0,0.0,0.0,0,0,0
629,a,100.0,100.0,3.9,749,70.0,0,0.0,-1,1.0,0.5,273,35.0,2,0,2.0,338.0,32.0,0,5,0.7,277.0,21.0,0.2,0.5,0.0,23696,43,54254,99,0.2,0.2,0.0,0.0,0.0,2.82,0.0,0.0,0.0,2.82,27.6,446.0,35.0,0.0,523.0,25.0,0.0,491.0,11.0,2.8,470.0,35.0,,,,34,,Daniel,Bentley,Bentley,,,90,0,0,0,3,0,0,0,0,0,3,1,0,,,,3.0,0.0,3.0,1.0,0.0,0,2,5
631,u,0.0,0.0,4.2,644,150.0,0,0.0,-3,3.0,0.1,460,171.0,23,0,1.6,403.0,149.0,0,86,0.0,514.0,217.0,0.0,5.5,0.0,24605,0,63647,8,0.0,0.0,0.57,0.4,0.97,18.26,0.05,0.03,0.08,1.49,312.2,214.0,84.0,76.0,313.0,103.0,75.0,301.0,90.0,46.4,291.0,95.0,,,,34,,Emmanuel,Agbadou,Agbadou,has joined Besiktas permanently.,,1100,0,0,0,29,0,0,0,1,1,0,12,156,,,,0.0,0.0,2.37,0.98,10.23,32,93,65
634,a,100.0,0.0,4.3,605,138.0,0,0.0,-2,2.0,0.1,511,182.0,51,0,2.2,314.0,117.0,3,196,0.0,537.0,226.0,0.0,11.9,0.0,19486,16,19211,59,-0.5,0.0,1.65,0.53,2.18,31.57,0.08,0.03,0.11,1.6,355.0,187.0,76.0,136.5,244.0,63.0,219.0,143.0,27.0,71.1,208.0,71.0,,,,34,,Yerson,Mosquera Valdelamar,Mosquera,,,1777,0,0,4,34,2,0,0,11,0,0,20,188,,,,0.0,0.2,1.72,1.01,8.91,50,126,79
635,a,100.0,100.0,4.4,548,117.0,0,0.0,-1,1.0,0.1,525,188.0,42,6,2.3,300.0,112.0,0,89,2.3,144.0,55.0,0.5,9.5,0.0,14639,43,17302,76,1.8,1.8,1.83,0.31,2.14,11.07,0.23,0.04,0.27,1.38,171.6,312.0,121.0,66.5,329.0,110.0,193.0,164.0,34.0,43.1,303.0,102.0,,,,34,,Rodrigo,Martins Gomes,R.Gomes,,,721,3,0,1,15,0,0,0,0,0,0,7,50,,,,0.0,0.12,1.87,0.87,4.49,17,19,22
636,a,100.0,100.0,4.4,537,110.0,0,0.0,-1,1.0,0.1,431,160.0,77,2,3.1,186.0,75.0,2,281,1.7,190.0,69.0,0.4,17.5,0.0,37160,110,29977,187,1.2,1.2,1.77,1.06,2.83,39.0,0.07,0.04,0.11,1.6,510.2,99.0,43.0,100.5,286.0,86.0,175.0,185.0,43.0,78.4,178.0,59.0,,,,34,,Santiago,Ignacio Bueno,S.Bueno,,,2192,2,2,4,41,0,0,0,4,0,0,24,203,,,,0.0,0.16,1.68,0.99,7.68,50,137,57
637,a,100.0,100.0,4.2,643,149.0,0,0.0,-3,3.0,0.1,510,181.0,33,2,2.1,323.0,119.0,0,119,1.7,188.0,67.0,0.4,7.9,0.0,8514,25,20158,21,1.2,1.2,0.22,0.21,0.43,22.86,0.02,0.02,0.04,1.69,289.6,228.0,90.0,79.6,312.0,102.0,36.0,355.0,117.0,40.6,316.0,106.0,,,,34,,Toti,Gomes,Toti,,,1219,0,0,1,29,0,0,0,1,1,0,15,141,,,,0.0,0.07,2.14,1.11,8.79,20,99,47
638,u,0.0,0.0,3.8,803,243.0,0,0.0,-2,2.0,0.9,205,80.0,10,0,1.2,442.0,157.0,0,38,0.0,372.0,133.0,0.0,2.6,0.0,121813,0,269397,212,0.0,0.0,0.02,0.36,0.38,9.36,0.0,0.08,0.08,1.99,101.4,378.0,142.0,87.8,300.0,95.0,13.0,406.0,150.0,20.3,389.0,136.0,,,,34,,Ki-Jana,Hoever,Hoever,has joined Sheffield United on loan for the rest of the season.,,423,0,0,0,13,0,0,0,0,0,0,6,46,,,,0.0,0.0,2.77,1.28,8.51,13,27,16
639,u,0.0,0.0,4.0,722,191.0,0,0.0,0,0.0,0.0,771,260.0,0,0,0.0,622.0,231.0,0,0,0.0,477.0,187.0,0.0,0.0,0.0,0,0,898,2,0.0,0.0,0.0,0.0,0.0,0.0,0.0,0.0,0.0,0.0,0.0,612.0,231.0,0.0,605.0,231.0,0.0,575.0,228.0,0.0,614.0,231.0,,,,34,,Bastien,Meupiyou Menadjou,Meupiyou,On loan to FC Alverca,,0,0,0,0,0,0,0,0,0,0,0,0,0,,,,0.0,0.0,0.0,0.0,0.0,0,0,0
640,a,100.0,100.0,4.0,741,209.0,0,0.0,0,0.0,0.4,297,110.0,6,2,1.2,444.0,159.0,0,11,1.0,245.0,81.0,0.2,1.5,0.0,11050,43,90679,36,0.5,0.5,0.03,0.13,0.16,2.88,0.02,0.09,0.11,1.95,15.8,460.0,168.0,19.9,403.0,147.0,10.0,417.0,155.0,4.5,461.0,165.0,,,,34,,Pedro,Cardoso de Lima,Pedro Lima,,,133,0,0,0,3,0,0,0,0,0,0,1,8,,,,0.0,0.0,2.03,0.68,5.41,4,4,5
643,a,100.0,100.0,5.2,214,131.0,0,0.0,-3,3.0,0.1,452,154.0,86,1,2.8,227.0,91.0,4,428,3.0,118.0,42.0,0.6,16.5,0.0,25135,55,22976,256,2.5,2.5,0.45,0.85,1.3,42.57,0.02,0.03,0.05,1.6,380.2,171.0,62.0,263.5,149.0,99.0,38.0,352.0,181.0,68.1,217.0,104.0,,,,34,,André,Trindade da Costa Neto,André,,,2400,1,0,2,47,0,0,0,10,0,0,26,336,,,,0.0,0.07,1.76,0.97,12.6,74,80,182
644,a,100.0,100.0,5.1,231,140.0,0,0.0,-4,4.0,0.0,587,220.0,42,0,1.8,380.0,161.0,0,195,1.0,264.0,122.0,0.2,8.2,0.0,7277,5,12819,32,0.5,0.5,1.04,0.99,2.03,22.92,0.08,0.07,0.15,1.71,186.6,301.0,131.0,181.5,200.0,131.0,145.0,218.0,121.0,50.9,278.0,142.0,,4.0,,34,,Jean-Ricner,Bellegarde,Bellegarde,,,1205,1,1,3,29,0,0,0,5,0,0,15,101,,,,0.0,0.22,2.17,1.12,7.54,28,32,41
645,u,0.0,0.0,5.1,242,146.0,0,0.0,-4,4.0,0.0,662,263.0,12,0,1.3,440.0,196.0,0,38,0.0,766.0,334.0,0.0,2.4,0.0,1383,0,4977,0,0.0,0.0,0.16,0.61,0.77,3.98,0.06,0.24,0.3,1.57,29.0,442.0,195.0,61.0,340.0,183.0,37.0,354.0,183.0,12.4,415.0,190.0,,,,34,,Fer,López González,Fer López,has joined Celta Vigo on loan for the rest of the season.,,228,0,1,0,9,0,0,0,1,0,0,2,12,,,,0.0,0.0,3.55,0.79,4.74,1,1,10
646,a,100.0,100.0,5.3,194,122.0,0,0.0,-2,2.0,0.4,296,103.0,99,3,3.1,195.0,76.0,6,489,2.3,155.0,63.0,0.4,18.7,0.0,103520,205,74197,1227,1.8,1.8,1.25,1.9,3.15,44.86,0.04,0.07,0.11,1.58,446.0,129.0,43.0,312.5,116.0,81.0,166.0,193.0,105.0,92.9,140.0,77.0,,3.0,,34,,João Victor,Gomes da Silva,J.Gomes,,,2561,1,2,4,51,0,0,0,10,0,0,29,354,,,,0.0,0.14,1.79,1.02,12.44,97,77,180
647,u,0.0,0.0,5.5,137,85.0,0,0.0,0,0.0,0.0,803,355.0,0,0,0.0,817.0,364.0,0,0,0.0,797.0,353.0,0.0,0.0,0.0,0,0,796,0,0.0,0.0,0.0,0.0,0.0,0.0,0.0,0.0,0.0,0.0,0.0,816.0,363.0,0.0,815.0,363.0,0.0,813.0,362.0,0.0,816.0,363.0,,,,34,,Gonçalo Manuel,Ganchinho Guedes,Guedes,Has joined Real Sociedad permanently.,,0,0,0,0,0,0,0,0,0,0,0,0,0,,,,0.0,0.0,0.0,0.0,0.0,0,0,0
648,u,0.0,0.0,5.3,192,121.0,0,0.0,-2,2.0,0.0,631,243.0,38,0,2.9,213.0,86.0,1,131,0.0,776.0,339.0,0.0,7.2,0.0,19177,0,23216,5,0.0,0.0,1.64,0.38,2.02,13.36,0.17,0.04,0.21,1.38,163.6,324.0,146.0,61.8,338.0,182.0,196.0,161.0,91.0,42.1,306.0,151.0,,,,34,,Marshall,Munetsi,Munetsi,has joined Paris FC on loan for the rest of the season.,,872,1,2,0,19,0,0,0,2,0,0,9,80,,,,0.0,0.0,1.96,0.93,8.26,21,39,20
