id,status,chance_of_playing_next_round,chance_of_playing_this_round,now_cost,now_cost_rank,now_cost_rank_type,cost_change_event,cost_change_event_fall,cost_change_start,cost_change_start_fall,selected_by_percent,selected_rank,selected_rank_type,total_points,event_points,points_per_game,points_per_game_rank,points_per_game_rank_type,bonus,bps,form,form_rank,form_rank_type,value_form,value_season,dreamteam_count,transfers_in,transfers_in_event,transfers_out,transfers_out_event,ep_next,ep_this,expected_goals,expected_assists,expected_goal_involvements,expected_goals_conceded,expected_goals_per_90,expected_assists_per_90,expected_goal_involvements_per_90,expected_goals_conceded_per_90,influence,influence_rank,influence_rank_type,creativity,creativity_rank,creativity_rank_type,threat,threat_rank,threat_rank_type,ict_index,ict_index_rank,ict_index_rank_type,corners_and_indirect_freekicks_order,direct_freekicks_order,penalties_order,gw,set_piece_threat,first_name,second_name,web_name,news,news_added,minutes,goals_scored,assists,clean_sheets,goals_conceded,own_goals,penalties_saved,penalties_missed,yellow_cards,red_cards,saves,starts,defensive_contribution,corners_and_indirect_freekicks_text,direct_freekicks_text,penalties_text,saves_per_90,clean_sheets_per_90,goals_conceded_per_90,starts_per_90,defensive_contribution_per_90,tackles,clearances_blocks_interceptions,recoveries
39,a,,,4.2,637,147.0,0,0.0,-3,3.0,0.6,230,88.0,40,1,1.7,386.0,143.0,0,202,1.0,262.0,96.0,0.2,9.5,0.0,83086,317,110376,670,1.0,0.5,1.05,1.85,2.9,22.13,0.08,0.13,0.21,1.59,258.8,223.0,88.0,299.8,103.0,24.0,186.0,154.0,32.0,74.6,157.0,53.0,,,,30,,Ian,Maatsen,Maatsen,,,1251,0,0,2,20,0,0,0,2,0,0,13,113,,,,0.0,0.14,1.44,0.94,7.27,36,65,73
87,a,100.0,100.0,4.9,293,182.0,0,0.0,-1,1.0,0.1,550,201.0,33,5,1.6,398.0,171.0,0,142,2.2,182.0,72.0,0.4,6.7,0.0,10005,127,15957,42,1.7,2.7,1.49,0.53,2.02,13.35,0.21,0.07,0.28,1.88,149.8,313.0,141.0,148.0,209.0,135.0,140.0,203.0,113.0,44.1,281.0,140.0,,,,30,,Ryan,Christie,Christie,,,639,1,1,2,10,0,0,0,2,0,0,4,83,,,,0.0,0.28,1.41,0.56,11.69,18,22,43
114,u,0.0,0.0,3.8,815,259.0,0,0.0,-2,2.0,0.2,380,143.0,0,0,0.0,542.0,200.0,0,0,0.0,411.0,161.0,0.0,0.0,0.0,12981,0,30622,92,0.0,0.0,0.0,0.0,0.0,0.0,0.0,0.0,0.0,0.0,0.0,531.0,199.0,0.0,516.0,199.0,0.0,485.0,194.0,0.0,533.0,199.0,,,,30,,Benjamin,Arthur,Arthur,has joined Celtic on loan for the rest of the season.,,0,0,0,0,0,0,0,0,0,0,0,0,0,,,,0.0,0.0,0.0,0.0,0.0,0,0,0
280,u,0.0,0.0,4.5,455,275.0,0,0.0,0,0.0,0.0,812,361.0,0,0,0.0,717.0,292.0,0,0,0.0,639.0,239.0,0.0,0.0,0.0,0,0,191,0,0.0,0.0,0.0,0.0,0.0,0.0,0.0,0.0,0.0,0.0,0.0,712.0,287.0,0.0,708.0,289.0,0.0,692.0,282.0,0.0,713.0,288.0,,,,30,,David,Ozoh,Ozoh,Has joined Derby County on loan for the rest of the season.,,0,0,0,0,0,0,0,0,0,0,0,0,0,,,,0.0,0.0,0.0,0.0,0.0,0,0,0
36,d,75.0,75.0,4.7,380,63.0,-1,1.0,2,-2.0,8.3,38,14.0,100,0,3.7,98.0,36.0,6,379,0.2,360.0,132.0,0.0,21.3,0.0,2812301,1291,2126900,30345,0.2,-0.2,1.04,2.44,3.48,36.25,0.04,0.09,0.13,1.39,533.0,63.0,28.0,413.7,54.0,8.0,188.0,148.0,29.0,113.5,70.0,12.0,5.0,,,30,,Matty,Cash,Cash,Calf injury - 75% chance of playing,,2352,3,2,7,27,0,0,0,7,0,0,27,173,,,,0.0,0.27,1.03,1.03,5.74,48,102,74
37,a,100.0,100.0,4.5,408,73.0,0,0.0,0,0.0,1.6,157,62.0,78,4,3.1,176.0,69.0,4,304,1.5,225.0,87.0,0.3,17.3,0.0,316402,4616,363629,764,1.5,1.0,0.54,2.52,3.06,21.47,0.03,0.16,0.19,1.32,298.4,197.0,78.0,341.2,76.0,17.0,110.0,235.0,61.0,74.8,155.0,52.0,,2.0,,30,,Lucas,Digne,Digne,,,1459,0,5,6,17,0,0,0,3,0,0,17,110,,,,0.0,0.37,1.05,1.05,5.31,27,59,53
745,a,,,4.0,735,208.0,0,0.0,0,0.0,0.0,624,223.0,1,0,1.0,459.0,169.0,0,3,0.0,509.0,211.0,0.0,0.2,0.0,2051,16,2014,36,0.0,-0.5,0.0,0.0,0.0,0.0,0.0,0.0,0.0,0.0,0.4,504.0,178.0,0.5,475.0,174.0,0.0,586.0,242.0,0.1,508.0,179.0,,,,30,,Jun'ai,Byfield,Byfield,,,1,0,0,0,0,0,0,0,0,0,0,0,0,,,,0.0,0.0,0.0,0.0,0.0,0,0,0
648,u,0.0,0.0,5.3,194,121.0,0,0.0,-2,2.0,0.0,628,244.0,38,0,2.9,213.0,85.0,1,131,0.0,773.0,336.0,0.0,7.2,0.0,19177,0,23138,5,0.0,0.0,1.64,0.38,2.02,13.36,0.17,0.04,0.21,1.38,163.6,302.0,134.0,61.8,327.0,180.0,196.0,141.0,81.0,42.1,291.0,145.0,,,,30,,Marshall,Munetsi,Munetsi,has joined Paris FC on loan for the rest of the season.,,872,1,2,0,19,0,0,0,2,0,0,9,80,,,,0.0,0.0,1.96,0.93,8.26,21,39,20
649,u,0.0,0.0,5.0,265,161.0,0,0.0,0,0.0,0.0,814,362.0,0,0,0.0,789.0,347.0,0,0,0.0,748.0,319.0,0.0,0.0,0.0,0,0,162,0,0.0,0.0,0.0,0.0,0.0,0.0,0.0,0.0,0.0,0.0,0.0,788.0,346.0,0.0,786.0,346.0,0.0,782.0,344.0,0.0,788.0,346.0,,,,30,,Boubacar,Traoré,B.Traore,Has joined FC Metz on loan for the rest of the season.,,0,0,0,0,0,0,0,0,0,0,0,0,0,,,,0.0,0.0,0.0,0.0,0.0,0,0,0
245,s,0.0,0.0,4.9,330,205.0,0,0.0,-1,1.0,0.0,749,317.0,0,0,0.0,780.0,340.0,0,0,0.0,733.0,309.0,0.0,0.0,0.0,1022,6,1310,5,0.0,0.0,0.0,0.0,0.0,0.0,0.0,0.0,0.0,0.0,0.0,779.0,339.0,0.0,775.0,339.0,0.0,771.0,337.0,0.0,779.0,339.0,,,,30,,Mykhailo,Mudryk,Mudryk,Suspended - unknown return date,,0,0,0,0,0,0,0,0,0,0,0,0,0,,,,0.0,0.0,0.0,0.0,0.0,0,0,0
50,d,75.0,100.0,5.3,188,117.0,0,0.0,-2,2.0,0.4,273,93.0,82,3,2.9,212.0,84.0,8,283,1.8,212.0,87.0,0.3,15.5,0.0,223983,502,197199,1508,1.4,1.3,2.9,1.86,4.76,22.55,0.18,0.12,0.3,1.41,341.6,168.0,63.0,311.3,94.0,70.0,314.0,76.0,45.0,95.4,100.0,58.0,,6.0,2.0,30,,Emiliano,Buendía Stati,Buendía,Knock - 75% chance of playing,,1440,5,2,3,19,0,0,0,6,0,0,18,157,,,,0.0,0.19,1.19,1.12,9.81,37,29,91
51,u,0.0,0.0,5.5,150,94.0,0,0.0,0,0.0,0.0,688,279.0,0,0,0.0,810.0,362.0,0,0,0.0,791.0,350.0,0.0,0.0,0.0,1383,0,3793,2,0.0,0.0,0.0,0.0,0.0,0.0,0.0,0.0,0.0,0.0,0.0,809.0,361.0,0.0,808.0,361.0,0.0,806.0,360.0,0.0,809.0,361.0,,,,30,,Samuel,Iling-Junior,Iling Jr,has joined Pisa on loan for the rest of the season.,,0,0,0,0,0,0,0,0,0,0,0,0,0,,,,0.0,0.0,0.0,0.0,0.0,0,0,0
53,u,0.0,0.0,5.1,226,138.0,0,0.0,-4,4.0,0.4,277,95.0,55,0,2.6,260.0,109.0,3,161,0.0,760.0,327.0,0.0,10.8,0.0,172896,0,339407,140,0.0,0.0,4.03,0.35,4.38,10.59,0.57,0.05,0.62,1.49,183.4,284.0,123.0,99.7,268.0,163.0,290.0,86.0,54.0,56.3,231.0,115.0,,,,30,,Donyell,Malen,Malen,has joined Roma on loan for the rest of the season.,,640,4,2,1,10,0,0,0,0,0,0,5,16,,,,0.0,0.14,1.41,0.7,2.25,4,2,10
54,a,100.0,100.0,5.3,184,114.0,0,0.0,-2,2.0,0.5,261,90.0,73,2,3.2,167.0,70.0,4,298,0.5,334.0,152.0,0.1,13.8,0.0,209830,986,244722,186,0.5,0.0,2.58,2.21,4.79,27.1,0.14,0.12,0.26,1.48,308.2,190.0,79.0,402.4,58.0,47.0,202.0,136.0,79.0,91.1,111.0,64.0,,,,30,,John,McGinn,McGinn,,,1651,3,2,7,22,0,0,0,3,0,0,22,128,,,,0.0,0.38,1.2,1.2,6.98,27,29,72
660,a,100.0,100.0,4.7,391,243.0,0,0.0,-3,3.0,2.7,118,37.0,119,5,4.8,18.0,10.0,11,481,5.5,20.0,10.0,1.2,25.3,0.0,1118946,8900,833319,3149,5.5,5.5,2.4,4.18,6.58,29.77,0.11,0.18,0.29,1.31,569.4,50.0,13.0,804.1,4.0,4.0,277.0,90.0,57.0,165.3,20.0,16.0,1.0,1.0,,30,,Anton,Stach,Stach,,,2045,4,6,5,34,0,0,0,3,0,0,24,236,,,,0.0,0.22,1.5,1.06,10.39,56,72,108
665,a,100.0,100.0,4.4,527,26.0,-1,1.0,-1,1.0,0.2,354,50.0,43,0,2.7,235.0,25.0,3,153,0.0,571.0,88.0,0.0,9.8,0.0,43232,273,63600,261,0.0,0.0,0.0,0.0,0.0,26.68,0.0,0.0,0.0,1.67,322.4,180.0,20.0,0.0,654.0,83.0,0.0,632.0,73.0,32.2,328.0,20.0,,,,30,,Lucas Estella,Perri,Perri,,,1440,0,0,3,29,0,0,0,2,0,38,16,39,,,,2.38,0.19,1.81,1.0,0.0,0,16,100
691,a,100.0,75.0,5.6,123,34.0,-1,1.0,1,-1.0,7.8,49,8.0,108,0,4.0,66.0,6.0,16,347,1.5,234.0,28.0,0.3,19.3,0.0,2900387,8163,1927141,32395,1.5,1.1,11.21,0.98,12.18,25.3,0.5,0.04,0.54,1.13,448.6,96.0,7.0,248.7,133.0,9.0,757.0,7.0,5.0,144.4,31.0,6.0,,,1.0,30,,Dominic,Calvert-Lewin,Calvert-Lewin,,,2023,10,2,5,28,0,0,1,1,0,0,22,73,,,,0.0,0.22,1.25,0.98,3.25,10,31,32
406,a,100.0,100.0,5.4,182,22.0,0,0.0,-1,1.0,0.4,293,110.0,35,2,2.3,304.0,112.0,0,174,1.0,276.0,100.0,0.2,6.5,0.0,55397,355,76339,507,0.0,1.5,0.44,0.13,0.57,12.08,0.04,0.01,0.05,1.23,175.0,292.0,114.0,48.6,349.0,122.0,10.0,414.0,155.0,23.5,360.0,122.0,,,,30,,Abdukodir,Khusanov,Khusanov,,,887,0,0,3,8,0,0,0,2,0,0,9,90,,,,0.0,0.3,0.81,0.91,8.22,21,60,46
479,i,0.0,0.0,4.3,577,123.0,0,0.0,-2,2.0,0.0,622,221.0,0,0,0.0,646.0,250.0,0,-8,0.0,537.0,227.0,0.0,0.0,0.0,1589,2,5209,17,0.0,0.0,0.0,0.0,0.0,0.25,0.0,0.0,0.0,0.5,1.4,495.0,177.0,1.2,467.0,170.0,0.0,606.0,249.0,0.3,498.0,176.0,,,,30,,Emil,Krafth,Krafth,Knee injury - Unknown return date,,45,0,0,0,2,0,0,0,0,0,0,1,1,,,,0.0,0.0,4.0,2.0,2.0,0,1,0
814,a,,,4.5,440,88.0,0,0.0,0,0.0,0.0,782,261.0,2,0,1.0,477.0,172.0,0,8,0.2,358.0,131.0,0.0,0.4,0.0,407,18,177,13,0.2,0.2,0.0,0.36,0.36,0.05,0.0,0.68,0.68,0.09,7.8,470.0,170.0,1.7,461.0,168.0,2.0,448.0,169.0,1.1,483.0,171.0,,,,30,,Luca,Netz,Netz,,,48,0,0,0,0,0,0,0,0,0,0,0,1,,,,0.0,0.0,0.0,0.0,1.88,0,1,3
657,a,100.0,100.0,4.4,566,82.0,0,0.0,-1,1.0,0.0,640,83.0,0,0,0.0,685.0,74.0,0,0,0.0,598.0,63.0,0.0,0.0,0.0,5283,50,7550,48,0.0,-0.5,0.0,0.0,0.0,0.0,0.0,0.0,0.0,0.0,0.0,678.0,74.0,0.0,674.0,73.0,0.0,654.0,73.0,0.0,680.0,74.0,,,,30,,Leon,Chiwome,Chiwome,,,0,0,0,0,0,0,0,0,0,0,0,0,0,,,,0.0,0.0,0.0,0.0,0.0,0,0,0
778,a,,,4.5,485,299.0,0,0.0,0,0.0,0.0,756,322.0,0,0,0.0,737.0,308.0,0,0,0.0,665.0,261.0,0.0,0.0,0.0,1347,11,798,27,0.0,-0.5,0.0,0.0,0.0,0.0,0.0,0.0,0.0,0.0,0.0,735.0,306.0,0.0,729.0,306.0,0.0,716.0,302.0,0.0,735.0,306.0,,,,30,,Ethan,Sutherland,Sutherland,,,0,0,0,0,0,0,0,0,0,0,0,0,0,,,,0.0,0.0,0.0,0.0,0.0,0,0,0
809,a,,,4.5,516,321.0,0,0.0,0,0.0,0.0,755,321.0,0,0,0.0,759.0,325.0,0,0,0.0,690.0,280.0,0.0,0.0,0.0,1225,30,471,33,0.0,-0.5,0.0,0.0,0.0,0.0,0.0,0.0,0.0,0.0,0.0,758.0,324.0,0.0,752.0,324.0,0.0,740.0,321.0,0.0,758.0,324.0,,,,30,,Jerome,Abbey,Abbey,,,0,0,0,0,0,0,0,0,0,0,0,0,0,,,,0.0,0.0,0.0,0.0,0.0,0,0,0
816,a,100.0,100.0,4.7,382,238.0,-1,1.0,-3,3.0,0.0,715,296.0,9,0,1.3,433.0,193.0,0,52,0.8,294.0,128.0,0.2,1.9,0.0,4444,22,2740,121,0.0,0.3,0.11,0.16,0.27,8.69,0.04,0.05,0.09,2.77,38.2,424.0,186.0,48.4,351.0,186.0,11.0,406.0,200.0,9.7,421.0,191.0,,,,30,,Angel,Gomes,Angel,,,282,0,0,1,4,0,0,0,1,0,0,4,25,,,,0.0,0.32,1.28,1.28,7.98,8,4,13
695,a,,,4.4,553,119.0,0,0.0,-1,1.0,0.0,636,227.0,51,1,1.8,372.0,139.0,0,158,3.0,117.0,46.0,0.7,11.6,0.0,6439,31,6008,79,0.0,2.5,0.33,1.49,1.82,26.55,0.02,0.08,0.1,1.41,301.8,195.0,77.0,316.8,91.0,21.0,63.0,303.0,91.0,68.2,188.0,63.0,,,,30,,Jackson,Tchatchoua,Tchatchoua,,,1695,0,1,3,31,0,0,0,3,0,0,17,127,,,,0.0,0.16,1.65,0.9,5.42,27,75,59
62,u,0.0,0.0,4.5,469,287.0,0,0.0,0,0.0,0.1,560,206.0,1,0,1.0,481.0,216.0,0,3,0.0,650.0,249.0,0.0,0.2,0.0,8790,0,10706,33,0.0,0.0,0.0,0.0,0.0,0.61,0.0,0.0,0.0,6.86,0.2,508.0,232.0,0.3,483.0,235.0,0.0,703.0,292.0,0.1,510.0,234.0,,,,30,,Jamaldeen,Jimoh-Aloba,Jimoh-Aloba,has joined West Brom on loan for the rest of the season.,,8,0,0,0,0,0,0,0,0,0,0,0,1,,,,0.0,0.0,0.0,0.0,11.25,0,0,1
63,u,0.0,0.0,4.3,609,355.0,0,0.0,-2,2.0,0.5,252,87.0,0,0,0.0,655.0,248.0,0,0,0.0,555.0,184.0,0.0,0.0,0.0,102090,0,129173,518,0.0,0.0,0.0,0.0,0.0,0.0,0.0,0.0,0.0,0.0,0.0,645.0,238.0,0.0,641.0,243.0,0.0,618.0,232.0,0.0,647.0,240.0,,,,30,,Kadan,Young,Young,has joined Reading on loan for the rest of the season.,,0,0,0,0,0,0,0,0,0,0,0,0,0,,,,0.0,0.0,0.0,0.0,0.0,0,0,0
470,a,100.0,100.0,4.0,663,41.0,0,0.0,0,0.0,31.8,11,2.0,86,6,2.9,201.0,21.0,7,383,2.5,149.0,14.0,0.6,21.5,0.0,1723671,6073,1475396,8730,2.0,2.0,0.0,0.04,0.04,59.81,0.0,0.0,0.0,1.99,825.4,6.0,1.0,0.0,555.0,48.0,0.0,525.0,35.0,82.7,138.0,1.0,,,,30,,Martin,Dúbravka,Dúbravka,,,2700,0,0,4,58,0,0,0,1,0,108,30,96,,,,3.6,0.13,1.93,1.0,0.0,1,54,239
614,a,100.0,100.0,5.6,121,76.0,0,0.0,-4,4.0,0.2,385,127.0,24,5,2.4,291.0,128.0,0,154,3.0,125.0,49.0,0.5,4.3,0.0,19245,328,48143,105,2.5,2.5,0.13,1.21,1.34,12.92,0.02,0.17,0.19,1.79,132.8,329.0,148.0,263.0,125.0,87.0,6.0,430.0,208.0,40.1,299.0,148.0,1.0,1.0,,30,,James,Ward-Prowse,Ward-Prowse,,,651,0,1,2,15,0,0,0,0,0,0,7,51,,,,0.0,0.28,2.07,0.97,7.05,8,22,21
64,a,100.0,100.0,8.5,11,5.0,0,0.0,-5,5.0,8.2,41,6.0,100,0,3.4,145.0,13.0,11,348,1.2,260.0,29.0,0.1,11.8,0.0,2243663,23387,4332314,7789,1.2,0.7,10.0,1.02,11.02,35.42,0.41,0.04,0.45,1.45,387.6,137.0,13.0,228.9,151.0,12.0,782.0,5.0,4.0,139.2,32.0,7.0,,,3.0,30,,Ollie,Watkins,Watkins,,,2203,8,2,8,30,0,0,0,3,0,0,26,75,,,,0.0,0.33,1.23,1.06,3.06,18,17,40
389,a,100.0,100.0,5.1,234,142.0,0,0.0,-4,4.0,0.2,398,133.0,5,0,1.0,501.0,232.0,0,17,0.0,762.0,329.0,0.0,1.0,0.0,94206,66,103515,34,0.0,-0.5,0.29,0.08,0.37,1.74,0.24,0.07,0.31,1.42,11.8,460.0,205.0,31.7,378.0,191.0,31.0,361.0,187.0,7.4,435.0,196.0,,,,30,,Harvey,Elliott,Elliott,,,110,0,0,0,2,0,0,0,0,0,0,1,6,,,,0.0,0.0,1.64,0.82,4.91,0,2,4
164,a,100.0,100.0,5.5,143,89.0,0,0.0,0,0.0,0.3,302,102.0,14,1,3.5,126.0,59.0,2,42,0.2,373.0,170.0,0.0,2.5,0.0,132086,57,199718,56,-0.3,0.2,1.21,0.18,1.39,2.41,0.59,0.09,0.68,1.17,61.6,402.0,176.0,67.4,313.0,174.0,63.0,306.0,164.0,19.2,377.0,177.0,5.0,,3.0,30,,Matt,O'Riley,O'Riley,,,186,1,0,1,2,0,0,0,0,0,0,2,9,,,,0.0,0.48,0.97,0.97,4.35,4,3,2
165,u,0.0,0.0,5.4,178,112.0,0,0.0,-1,1.0,0.0,735,309.0,0,0,0.0,807.0,359.0,0,0,0.0,787.0,346.0,0.0,0.0,0.0,247,0,2247,1,0.0,0.0,0.0,0.0,0.0,0.0,0.0,0.0,0.0,0.0,0.0,806.0,358.0,0.0,805.0,358.0,0.0,803.0,357.0,0.0,806.0,358.0,,,,30,,Abdallah,Sima,Sima,has joined Lens permanently.,,0,0,0,0,0,0,0,0,0,0,0,0,0,,,,0.0,0.0,0.0,0.0,0.0,0,0,0
808,a,,,6.0,87,27.0,0,0.0,0,0.0,0.3,349,57.0,14,1,2.0,340.0,37.0,2,52,2.5,168.0,20.0,0.4,2.3,0.0,82597,937,53127,1485,2.5,2.0,1.24,0.36,1.6,2.55,0.58,0.17,0.75,1.19,52.0,411.0,46.0,47.9,352.0,43.0,97.0,254.0,45.0,19.8,376.0,45.0,,,,30,,Tammy,Abraham,Abraham,,,193,1,0,0,4,0,0,0,0,0,0,1,9,,,,0.0,0.0,1.87,0.47,4.2,3,2,4
183,a,,,4.3,607,30.0,0,0.0,-2,2.0,0.1,441,67.0,0,0,0.0,654.0,90.0,0,0,0.0,553.0,86.0,0.0,0.0,0.0,7858,55,17428,77,-0.5,-0.5,0.0,0.0,0.0,0.0,0.0,0.0,0.0,0.0,0.0,644.0,90.0,0.0,640.0,82.0,0.0,617.0,71.0,0.0,646.0,90.0,,,,30,,Max,Weiß,Weiss,,,0,0,0,0,0,0,0,0,0,0,0,0,0,,,,0.0,0.0,0.0,0.0,0.0,0,0,0
184,u,0.0,0.0,4.0,693,57.0,0,0.0,0,0.0,0.2,404,60.0,0,0,0.0,601.0,77.0,0,0,0.0,475.0,70.0,0.0,0.0,0.0,4943,0,34078,62,0.0,0.0,0.0,0.0,0.0,0.0,0.0,0.0,0.0,0.0,0.0,590.0,77.0,0.0,581.0,64.0,0.0,551.0,51.0,0.0,592.0,77.0,,,,30,,Etienne,Green,Green,has joined FC Fredericia permanently.,,0,0,0,0,0,0,0,0,0,0,0,0,0,,,,0.0,0.0,0.0,0.0,0.0,0,0,0
274,a,,,4.3,615,360.0,0,0.0,-2,2.0,0.1,485,170.0,0,0,0.0,659.0,252.0,0,0,0.0,561.0,189.0,0.0,0.0,0.0,14733,75,11012,267,0.0,0.0,0.0,0.0,0.0,0.0,0.0,0.0,0.0,0.0,0.0,649.0,242.0,0.0,645.0,247.0,0.0,622.0,236.0,0.0,651.0,244.0,,,,30,,Asher,Agbinone,Agbinone,,,0,0,0,0,0,0,0,0,0,0,0,0,0,,,,0.0,0.0,0.0,0.0,0.0,0,0,0
275,u,0.0,0.0,4.3,593,348.0,0,0.0,-2,2.0,0.0,625,242.0,0,0,0.0,649.0,244.0,0,0,0.0,544.0,178.0,0.0,0.0,0.0,5497,0,7768,17,0.0,0.0,0.0,0.0,0.0,0.0,0.0,0.0,0.0,0.0,0.0,639.0,234.0,0.0,634.0,239.0,0.0,609.0,226.0,0.0,641.0,236.0,,,,30,,Naouirou,Ahamada,Ahamada,has joined AJ Auxerre permanently.,,0,0,0,0,0,0,0,0,0,0,0,0,0,,,,0.0,0.0,0.0,0.0,0.0,0,0,0
276,a,100.0,100.0,4.3,597,350.0,0,0.0,-2,2.0,1.2,174,60.0,29,0,1.6,395.0,168.0,0,81,0.0,547.0,180.0,0.0,6.7,0.0,290813,275,337881,2513,0.0,0.0,2.38,0.36,2.74,10.05,0.36,0.05,0.41,1.53,86.6,375.0,166.0,94.5,275.0,165.0,164.0,180.0,98.0,34.5,320.0,155.0,,2.0,4.0,30,,Justin,Devenny,Devenny,,,593,1,0,1,10,0,0,0,0,0,0,5,48,,,,0.0,0.15,1.52,0.76,7.28,16,8,24
277,u,0.0,0.0,4.5,432,259.0,0,0.0,0,0.0,0.0,803,356.0,0,0,0.0,702.0,278.0,0,0,0.0,622.0,224.0,0.0,0.0,0.0,0,0,749,0,0.0,0.0,0.0,0.0,0.0,0.0,0.0,0.0,0.0,0.0,0.0,696.0,272.0,0.0,692.0,275.0,0.0,675.0,268.0,0.0,698.0,274.0,,,,30,,Malcolm,Ebiowei,Ebiowei,Has joined Blackpool permanently.,,0,0,0,0,0,0,0,0,0,0,0,0,0,,,,0.0,0.0,0.0,0.0,0.0,0,0,0
278,u,0.0,0.0,4.4,543,325.0,0,0.0,-1,1.0,0.0,652,259.0,0,0,0.0,672.0,259.0,0,0,0.0,580.0,197.0,0.0,0.0,0.0,4359,0,9547,7,0.0,0.0,0.0,0.0,0.0,0.0,0.0,0.0,0.0,0.0,0.0,663.0,250.0,0.0,660.0,255.0,0.0,638.0,244.0,0.0,665.0,252.0,,,,30,,Jesurun,Rak-Sakyi,J.Rak-Sakyi,has joined Stoke City on loan for the rest of the season.,,0,0,0,0,0,0,0,0,0,0,0,0,0,,,,0.0,0.0,0.0,0.0,0.0,0,0,0
279,u,0.0,0.0,4.5,460,280.0,0,0.0,0,0.0,0.0,770,330.0,0,0,0.0,720.0,295.0,0,0,0.0,642.0,242.0,0.0,0.0,0.0,95,0,1649,1,0.0,0.0,0.0,0.0,0.0,0.0,0.0,0.0,0.0,0.0,0.0,715.0,290.0,0.0,711.0,292.0,0.0,695.0,285.0,0.0,716.0,291.0,,,,30,,Matheus,França de Oliveira,M.França,Has joined CR Vasco da Gama on loan for the rest of the season.,,0,0,0,0,0,0,0,0,0,0,0,0,0,,,,0.0,0.0,0.0,0.0,0.0,0,0,0
742,a,,,4.5,501,311.0,0,0.0,0,0.0,0.0,732,306.0,0,0,0.0,749.0,317.0,0,0,0.0,678.0,271.0,0.0,0.0,0.0,1566,10,1323,16,0.0,0.5,0.0,0.0,0.0,0.0,0.0,0.0,0.0,0.0,0.0,748.0,316.0,0.0,742.0,316.0,0.0,729.0,312.0,0.0,748.0,316.0,,,,30,,Ryan,McAidoo,McAidoo,,,0,0,0,0,0,0,0,0,0,0,0,0,0,,,,0.0,0.0,0.0,0.0,0.0,0,0,0
467,a,,,4.2,648,90.0,0,0.0,-3,3.0,1.5,161,24.0,0,0,0.0,643.0,64.0,0,0,0.0,532.0,51.0,0.0,0.0,0.0,272826,158,372480,1384,0.5,0.5,0.0,0.0,0.0,0.0,0.0,0.0,0.0,0.0,0.0,634.0,64.0,0.0,628.0,63.0,0.0,602.0,63.0,0.0,636.0,64.0,,,,30,,Chido,Obi,Obi,,,0,0,0,0,0,0,0,0,0,0,0,0,0,,,,0.0,0.0,0.0,0.0,0.0,0,0,0
473,a,100.0,100.0,5.3,198,24.0,0,0.0,-2,2.0,3.9,95,33.0,71,5,3.1,182.0,72.0,4,291,3.8,82.0,31.0,0.7,13.4,0.0,695824,63641,570090,1545,3.8,3.3,0.73,2.02,2.75,26.16,0.04,0.11,0.15,1.42,438.8,106.0,46.0,292.7,107.0,26.0,131.0,214.0,52.0,86.2,126.0,38.0,2.0,4.0,,30,,Lewis,Hall,Hall,,,1659,1,2,4,30,0,0,0,3,0,0,18,151,,,,0.0,0.22,1.63,0.98,7.76,46,97,106
501,a,,,4.3,619,87.0,0,0.0,-2,2.0,0.3,347,56.0,0,0,0.0,661.0,67.0,0,0,0.0,563.0,56.0,0.0,0.0,0.0,26034,123,36373,188,0.0,-0.5,0.0,0.0,0.0,0.0,0.0,0.0,0.0,0.0,0.0,651.0,67.0,0.0,647.0,66.0,0.0,624.0,66.0,0.0,653.0,67.0,,,,30,,Sean,Neave,Neave,,,0,0,0,0,0,0,0,0,0,0,0,0,0,,,,0.0,0.0,0.0,0.0,0.0,0,0,0
2,a,,,4.1,652,36.0,0,0.0,-4,4.0,0.4,283,37.0,0,0,0.0,636.0,85.0,0,0,0.0,514.0,78.0,0.0,0.0,0.0,14694,43,77177,199,0.0,1.0,0.0,0.0,0.0,0.0,0.0,0.0,0.0,0.0,0.0,626.0,85.0,0.0,618.0,73.0,0.0,590.0,60.0,0.0,628.0,85.0,,,,30,,Kepa,Arrizabalaga Revuelta,Arrizabalaga,,,0,0,0,0,0,0,0,0,0,0,0,0,0,,,,0.0,0.0,0.0,0.0,0.0,0,0,0
3,u,0.0,0.0,4.0,688,54.0,0,0.0,0,0.0,0.2,373,54.0,0,0,0.0,597.0,74.0,0,0,0.0,471.0,67.0,0.0,0.0,0.0,5545,0,48268,36,0.0,0.0,0.0,0.0,0.0,0.0,0.0,0.0,0.0,0.0,0.0,586.0,74.0,0.0,577.0,61.0,0.0,547.0,48.0,0.0,588.0,74.0,,,,30,,Karl,Hein,Hein,Has joined Werder Bremen on loan for the rest of the season.,,0,0,0,0,0,0,0,0,0,0,0,0,0,,,,0.0,0.0,0.0,0.0,0.0,0,0,0
507,a,100.0,100.0,4.7,377,62.0,0,0.0,-3,3.0,2.4,127,49.0,48,10,3.4,134.0,49.0,5,179,3.2,104.0,40.0,0.7,10.2,0.0,326631,3995,1625702,551,3.2,3.2,0.36,0.68,1.04,22.09,0.03,0.05,0.08,1.62,221.8,256.0,103.0,129.0,226.0,59.0,55.0,322.0,104.0,40.7,296.0,98.0,,,,30,,Ola,Aina,Aina,,,1229,0,1,4,17,0,0,0,3,0,0,14,122,,,,0.0,0.29,1.24,1.03,7.47,20,82,67
197,u,0.0,0.0,3.8,805,250.0,0,0.0,-2,2.0,0.2,379,142.0,13,0,1.9,345.0,127.0,0,20,0.0,402.0,153.0,0.0,3.4,0.0,34622,0,33865,250,0.0,0.0,0.55,0.08,0.63,3.79,0.3,0.04,0.34,2.08,44.8,418.0,156.0,18.1,399.0,146.0,30.0,363.0,120.0,9.2,425.0,153.0,,,,30,,Oliver,Sonne,Sonne,has joined Sparta Prague on loan for the rest of the season.,,164,1,0,0,4,0,0,0,0,0,0,1,10,,,,0.0,0.0,2.2,0.55,3.84,2,5,4
198,i,0.0,0.0,3.9,751,214.0,0,0.0,-1,1.0,0.9,199,77.0,27,0,2.5,264.0,99.0,0,81,0.0,422.0,163.0,0.0,6.9,0.0,137375,12,296122,695,0.0,0.0,0.61,0.11,0.72,24.88,0.06,0.01,0.07,2.41,225.2,252.0,101.0,9.8,432.0,154.0,52.0,326.0,106.0,28.9,345.0,116.0,,,,30,,Axel,Tuanzebe,Tuanzebe,Achilles injury - Expected back 11 Apr,,931,1,0,1,22,1,0,0,1,0,0,11,106,,,,0.0,0.1,2.13,1.06,9.38,12,85,29
199,a,100.0,100.0,3.8,789,234.0,0,0.0,-2,2.0,0.2,360,132.0,20,1,1.8,365.0,134.0,0,40,2.5,148.0,60.0,0.7,5.3,0.0,29650,686,24705,309,2.0,2.0,0.08,0.02,0.1,11.68,0.01,0.0,0.01,2.12,147.4,315.0,121.0,1.5,463.0,169.0,19.0,385.0,135.0,17.0,388.0,139.0,,,,30,,Joe,Worrall,Worrall,,,496,0,0,0,11,0,0,0,0,0,0,5,77,,,,0.0,0.0,2.0,0.91,13.79,4,72,10
200,a,100.0,100.0,5.0,261,159.0,0,0.0,-5,5.0,2.0,141,47.0,103,3,3.6,112.0,52.0,6,398,4.8,47.0,21.0,1.0,20.6,0.0,1250883,2400,1098496,1960,4.3,4.3,3.87,2.08,5.95,44.41,0.17,0.09,0.26,1.98,466.8,89.0,29.0,417.8,51.0,42.0,458.0,36.0,20.0,134.2,37.0,27.0,2.0,,,30,,Jaidon,Anthony,Anthony,,,2018,7,3,4,43,0,0,0,4,0,0,24,189,,,,0.0,0.18,1.92,1.07,8.43,34,41,114
641,u,0.0,0.0,3.9,774,225.0,0,0.0,-1,1.0,1.0,191,73.0,0,0,0.0,567.0,205.0,0,0,0.0,439.0,169.0,0.0,0.0,0.0,85684,0,148635,428,0.0,0.0,0.0,0.0,0.0,0.0,0.0,0.0,0.0,0.0,0.0,556.0,204.0,0.0,543.0,204.0,0.0,512.0,199.0,0.0,558.0,204.0,,,,30,,Alfie,Pond,Pond,has joined Crewe Alexandra on loan for the rest of the season.,,0,0,0,0,0,0,0,0,0,0,0,0,0,,,,0.0,0.0,0.0,0.0,0.0,0,0,0
642,a,100.0,100.0,5.6,124,77.0,0,0.0,-4,4.0,0.1,470,161.0,44,0,2.2,316.0,138.0,0,125,0.0,794.0,351.0,0.0,7.9,0.0,49227,73,59742,145,0.0,-0.5,2.1,0.92,3.02,17.67,0.17,0.07,0.24,1.39,132.2,330.0,149.0,152.8,206.0,133.0,145.0,196.0,110.0,42.4,288.0,144.0,,1.0,3.0,30,,Hwang,Hee-chan,Hee Chan,,,1144,2,1,2,22,0,0,0,3,0,0,15,68,,,,0.0,0.16,1.73,1.18,5.35,8,22,38
643,a,100.0,100.0,5.2,214,132.0,0,0.0,-3,3.0,0.1,486,171.0,77,2,2.8,232.0,95.0,4,374,4.8,48.0,22.0,0.9,14.8,0.0,18369,241,18773,547,0.0,4.3,0.43,0.76,1.19,36.35,0.02,0.03,0.05,1.54,337.8,175.0,68.0,241.4,141.0,97.0,37.0,348.0,182.0,61.6,213.0,106.0,,,,30,,André,Trindade da Costa Neto,André,,,2130,1,0,2,39,0,0,0,9,0,0,23,299,,,,0.0,0.08,1.65,0.97,12.63,63,74,162
644,a,100.0,100.0,5.1,230,141.0,0,0.0,-4,4.0,0.0,605,230.0,39,5,1.8,380.0,163.0,0,183,2.4,172.0,71.0,0.5,7.6,0.0,5754,33,11933,53,0.0,1.9,1.03,0.95,1.98,20.01,0.09,0.08,0.17,1.67,176.8,290.0,128.0,179.0,187.0,124.0,140.0,204.0,114.0,49.2,264.0,136.0,3.0,2.0,,30,,Jean-Ricner,Bellegarde,Bellegarde,,,1079,1,1,3,26,0,0,0,4,0,0,13,92,,,,0.0,0.25,2.17,1.08,7.67,25,30,37
646,a,100.0,100.0,5.3,196,122.0,0,0.0,-2,2.0,0.3,334,112.0,92,7,3.2,169.0,72.0,6,451,5.0,40.0,18.0,0.9,17.4,0.0,70965,767,50779,2244,0.0,4.5,1.15,1.85,3.0,38.64,0.05,0.07,0.12,1.51,411.8,119.0,39.0,300.2,102.0,75.0,150.0,192.0,107.0,86.7,123.0,71.0,,1.0,,30,,João Victor,Gomes da Silva,J.Gomes,,,2297,1,2,4,43,0,0,0,9,0,0,26,321,,,,0.0,0.16,1.68,1.02,12.58,85,73,163
647,u,0.0,0.0,5.5,139,86.0,0,0.0,0,0.0,0.0,799,353.0,0,0,0.0,809.0,361.0,0,0,0.0,789.0,348.0,0.0,0.0,0.0,0,0,796,0,0.0,0.0,0.0,0.0,0.0,0.0,0.0,0.0,0.0,0.0,0.0,808.0,360.0,0.0,807.0,360.0,0.0,805.0,359.0,0.0,808.0,360.0,,,,30,,Gonçalo Manuel,Ganchinho Guedes,Guedes,Has joined Real Sociedad permanently.,,0,0,0,0,0,0,0,0,0,0,0,0,0,,,,0.0,0.0,0.0,0.0,0.0,0,0,0
703,a,,,3.9,778,90.0,0,0.0,-1,1.0,0.6,227,30.0,0,0,0.0,571.0,61.0,0,0,0.0,443.0,52.0,0.0,0.0,0.0,93804,315,44621,830,0.0,-0.5,0.0,0.0,0.0,0.0,0.0,0.0,0.0,0.0,0.0,560.0,61.0,0.0,547.0,44.0,0.0,516.0,31.0,0.0,562.0,61.0,,,,30,,Sam,Proctor,Proctor,,,0,0,0,0,0,0,0,0,0,0,0,0,0,,,,0.0,0.0,0.0,0.0,0.0,0,0,0
710,a,,,3.9,775,226.0,0,0.0,-1,1.0,0.2,375,139.0,0,0,0.0,568.0,206.0,0,0,0.0,440.0,170.0,0.0,0.0,0.0,33377,26,23186,102,0.0,-0.5,0.0,0.0,0.0,0.0,0.0,0.0,0.0,0.0,0.0,557.0,205.0,0.0,544.0,205.0,0.0,513.0,200.0,0.0,559.0,205.0,,,,30,,Travis,Patterson,Patterson,,,0,0,0,0,0,0,0,0,0,0,0,0,0,,,,0.0,0.0,0.0,0.0,0.0,0,0,0
719,a,100.0,100.0,4.5,415,77.0,0,0.0,0,0.0,0.1,482,174.0,22,0,1.8,374.0,140.0,0,94,0.0,610.0,239.0,0.0,4.9,0.0,21034,113,14794,170,0.0,-0.5,0.03,0.07,0.1,10.75,0.0,0.01,0.01,1.69,123.8,338.0,127.0,27.5,383.0,138.0,8.0,419.0,159.0,16.0,391.0,141.0,,,,30,,Victor,Lindelöf,Lindelöf,,,572,0,1,1,9,0,0,0,0,0,0,6,36,,,,0.0,0.16,1.42,0.94,5.66,4,32,13
754,a,,,4.5,482,296.0,0,0.0,0,0.0,0.0,753,320.0,2,0,1.0,485.0,219.0,0,5,0.0,662.0,258.0,0.0,0.4,0.0,1151,8,729,13,0.0,-0.5,0.04,0.01,0.05,0.61,0.14,0.04,0.18,2.2,0.0,732.0,303.0,1.7,462.0,222.0,2.0,450.0,220.0,0.3,500.0,229.0,,,,30,,George,Hemmings,George Hemmings,,,25,0,0,0,0,0,0,0,0,0,0,0,1,,,,0.0,0.0,0.0,0.0,3.6,0,0,1
185,a,,,3.9,740,66.0,0,0.0,-1,1.0,0.2,403,59.0,0,0,0.0,543.0,39.0,0,0,0.0,412.0,30.0,0.0,0.0,0.0,15198,28,20628,112,-0.5,-0.5,0.0,0.0,0.0,0.0,0.0,0.0,0.0,0.0,0.0,532.0,39.0,0.0,517.0,20.0,0.0,486.0,7.0,0.0,534.0,39.0,,,,30,,Václav,Hladký,Hladký,,,0,0,0,0,0,0,0,0,0,0,0,0,0,,,,0.0,0.0,0.0,0.0,0.0,0,0,0
186,i,0.0,0.0,4.3,582,127.0,0,0.0,-2,2.0,0.0,654,232.0,0,0,0.0,647.0,251.0,0,0,0.0,540.0,229.0,0.0,0.0,0.0,1646,13,9231,13,0.0,0.0,0.0,0.0,0.0,0.0,0.0,0.0,0.0,0.0,0.0,637.0,251.0,0.0,632.0,251.0,0.0,607.0,250.0,0.0,639.0,251.0,,,,30,,Connor,Roberts,Roberts,Achilles injury - Expected back 11 Apr,,0,0,0,0,0,0,0,0,0,0,0,0,0,,,,0.0,0.0,0.0,0.0,0.0,0,0,0
784,a,,,4.5,517,322.0,0,0.0,0,0.0,0.0,801,355.0,0,0,0.0,760.0,326.0,0,0,0.0,691.0,281.0,0.0,0.0,0.0,458,5,338,6,-0.5,-0.5,0.0,0.0,0.0,0.0,0.0,0.0,0.0,0.0,0.0,759.0,325.0,0.0,753.0,325.0,0.0,741.0,322.0,0.0,759.0,325.0,,,,30,,George,Brierley,Brierley,,,0,0,0,0,0,0,0,0,0,0,0,0,0,,,,0.0,0.0,0.0,0.0,0.0,0,0,0
820,a,,,4.5,508,315.0,0,0.0,0,0.0,0.0,815,363.0,0,0,0.0,754.0,320.0,0,0,0.0,684.0,274.0,0.0,0.0,0.0,77,6,11,5,-0.5,-0.5,0.0,0.0,0.0,0.0,0.0,0.0,0.0,0.0,0.0,753.0,319.0,0.0,747.0,319.0,0.0,734.0,315.0,0.0,753.0,319.0,,,,30,,Kian,McMahon-Brown,McMahon-Brown,,,0,0,0,0,0,0,0,0,0,0,0,0,0,,,,0.0,0.0,0.0,0.0,0.0,0,0,0
66,u,0.0,0.0,4.5,406,21.0,0,0.0,0,0.0,0.1,571,78.0,0,0,0.0,690.0,92.0,0,0,0.0,606.0,90.0,0.0,0.0,0.0,0,0,16554,9,0.0,0.0,0.0,0.0,0.0,0.0,0.0,0.0,0.0,0.0,0.0,684.0,92.0,0.0,679.0,85.0,0.0,660.0,75.0,0.0,686.0,92.0,,,,30,,Norberto,Murara Neto,Neto,Has joined Botafogo permanently.,,0,0,0,0,0,0,0,0,0,0,0,0,0,,,,0.0,0.0,0.0,0.0,0.0,0,0,0
67,a,,,4.5,434,23.0,0,0.0,0,0.0,5.3,72,12.0,100,6,3.3,151.0,17.0,5,405,6.0,12.0,1.0,1.3,22.2,0.0,1005623,11946,756035,5204,5.5,6.5,0.0,0.0,0.0,44.59,0.0,0.0,0.0,1.49,670.6,26.0,7.0,0.0,694.0,87.0,0.0,677.0,77.0,67.3,195.0,9.0,,,,30,,Đorđe,Petrović,Petrović,,,2700,0,0,9,46,1,0,0,2,0,90,30,98,,,,3.0,0.3,1.53,1.0,0.0,0,54,232
68,u,0.0,0.0,4.0,682,51.0,0,0.0,0,0.0,0.7,216,28.0,0,0,0.0,592.0,71.0,0,0,0.0,466.0,64.0,0.0,0.0,0.0,47217,0,87651,437,0.0,0.0,0.0,0.0,0.0,0.0,0.0,0.0,0.0,0.0,0.0,581.0,71.0,0.0,572.0,58.0,0.0,542.0,45.0,0.0,583.0,71.0,,,,30,,Will,Dennis,Dennis,has joined Leyton Orient on loan for the rest of the season.,,0,0,0,0,0,0,0,0,0,0,0,0,0,,,,0.0,0.0,0.0,0.0,0.0,0,0,0
787,a,,,4.4,561,336.0,0,0.0,-1,1.0,0.0,734,308.0,0,0,0.0,682.0,266.0,0,0,0.0,594.0,208.0,0.0,0.0,0.0,2132,33,1075,47,0.0,0.0,0.0,0.0,0.0,0.0,0.0,0.0,0.0,0.0,0.0,674.0,258.0,0.0,670.0,262.0,0.0,650.0,253.0,0.0,676.0,260.0,,,,30,,Sam,Chambers,Chambers,,,0,0,0,0,0,0,0,0,0,0,0,0,0,,,,0.0,0.0,0.0,0.0,0.0,0,0,0
69,a,,,3.9,780,91.0,0,0.0,-1,1.0,0.3,343,48.0,0,0,0.0,573.0,62.0,0,0,0.0,445.0,53.0,0.0,0.0,0.0,22869,155,19540,302,-0.5,0.5,0.0,0.0,0.0,0.0,0.0,0.0,0.0,0.0,0.0,562.0,62.0,0.0,549.0,45.0,0.0,518.0,32.0,0.0,564.0,62.0,,,,30,,Callan,McKenna,McKenna,,,0,0,0,0,0,0,0,0,0,0,0,0,0,,,,0.0,0.0,0.0,0.0,0.0,0,0,0
461,a,,,4.3,613,359.0,0,0.0,-2,2.0,0.0,606,231.0,0,0,0.0,658.0,251.0,0,0,0.0,559.0,188.0,0.0,0.0,0.0,3490,20,4995,29,0.5,0.5,0.0,0.0,0.0,0.0,0.0,0.0,0.0,0.0,0.0,648.0,241.0,0.0,644.0,246.0,0.0,621.0,235.0,0.0,650.0,243.0,,,,30,,Jayce,Fitzgerald,Fitzgerald,,,0,0,0,0,0,0,0,0,0,0,0,0,0,,,,0.0,0.0,0.0,0.0,0.0,0,0,0
462,a,,,4.3,610,356.0,0,0.0,-2,2.0,0.1,516,186.0,3,0,1.0,467.0,204.0,0,10,0.0,556.0,185.0,0.0,0.7,0.0,15142,26,13637,138,0.5,0.5,0.03,0.02,0.05,1.86,0.03,0.02,0.05,1.56,18.6,450.0,199.0,24.4,388.0,195.0,5.0,431.0,209.0,4.8,453.0,202.0,,,,30,,Jack,Fletcher,J.Fletcher,,,107,0,0,0,0,0,0,0,0,0,0,0,11,,,,0.0,0.0,0.0,0.0,9.25,5,2,4
463,u,0.0,0.0,4.3,622,366.0,0,0.0,-2,2.0,0.1,519,187.0,0,0,0.0,663.0,255.0,0,0,0.0,565.0,192.0,0.0,0.0,0.0,9069,0,13429,31,0.0,0.0,0.0,0.0,0.0,0.0,0.0,0.0,0.0,0.0,0.0,653.0,245.0,0.0,649.0,250.0,0.0,626.0,239.0,0.0,655.0,247.0,,,,30,,Sékou,Koné,Kone,has joined Lausanne-Sport on loan for the rest of the season.,,0,0,0,0,0,0,0,0,0,0,0,0,0,,,,0.0,0.0,0.0,0.0,0.0,0,0,0
513,a,,,3.8,809,254.0,0,0.0,-2,2.0,0.3,338,125.0,2,0,1.0,452.0,164.0,0,1,0.0,406.0,157.0,0.0,0.5,0.0,29274,65,29700,200,0.0,0.0,0.0,0.01,0.01,3.13,0.0,0.01,0.01,2.35,25.4,441.0,163.0,6.3,440.0,158.0,0.0,480.0,190.0,3.2,461.0,166.0,,,,30,,Zach,Abbott,Abbott,,,120,0,0,0,4,0,0,0,0,0,0,1,10,,,,0.0,0.0,3.0,0.75,7.5,2,8,8
529,a,,,3.9,742,68.0,0,0.0,-1,1.0,0.4,292,39.0,0,0,0.0,544.0,40.0,0,0,0.0,413.0,31.0,0.0,0.0,0.0,18796,41,34356,235,0.0,0.0,0.0,0.0,0.0,0.0,0.0,0.0,0.0,0.0,0.0,533.0,40.0,0.0,519.0,22.0,0.0,488.0,9.0,0.0,535.0,40.0,,,,30,,Simon,Moore,Moore,,,0,0,0,0,0,0,0,0,0,0,0,0,0,,,,0.0,0.0,0.0,0.0,0.0,0,0,0
546,a,100.0,100.0,4.9,345,216.0,0,0.0,-1,1.0,0.0,695,283.0,0,0,0.0,783.0,342.0,0,0,0.0,740.0,314.0,0.0,0.0,0.0,486,3,3491,11,0.0,0.0,0.0,0.0,0.0,0.0,0.0,0.0,0.0,0.0,0.0,782.0,341.0,0.0,778.0,341.0,0.0,774.0,339.0,0.0,782.0,341.0,,,,30,,Milan,Aleksić,Aleksić,,,0,0,0,0,0,0,0,0,0,0,0,0,0,,,,0.0,0.0,0.0,0.0,0.0,0,0,0
89,u,0.0,0.0,4.9,295,184.0,0,0.0,-1,1.0,0.0,675,272.0,0,0,0.0,769.0,331.0,0,0,0.0,716.0,297.0,0.0,0.0,0.0,598,0,6637,0,0.0,0.0,0.0,0.0,0.0,0.0,0.0,0.0,0.0,0.0,0.0,768.0,330.0,0.0,764.0,330.0,0.0,760.0,328.0,0.0,768.0,330.0,,,,30,,Philip,Billing,Philip,has joined Midtjylland permanently.,,0,0,0,0,0,0,0,0,0,0,0,0,0,,,,0.0,0.0,0.0,0.0,0.0,0,0,0
90,a,100.0,100.0,5.1,241,146.0,0,0.0,1,-1.0,1.2,177,61.0,106,5,3.5,124.0,57.0,6,462,4.0,68.0,29.0,0.8,20.8,0.0,255621,1080,117058,2932,3.5,4.5,3.28,1.68,4.96,36.96,0.13,0.07,0.2,1.5,449.4,95.0,31.0,324.1,88.0,67.0,267.0,94.0,60.0,103.6,87.0,54.0,4.0,6.0,,30,,Alex,Scott,Scott,,,2218,2,2,9,34,0,0,0,3,0,0,27,297,,,,0.0,0.37,1.38,1.1,12.05,48,107,142
91,u,0.0,0.0,5.0,255,154.0,0,0.0,0,0.0,0.0,742,314.0,0,0,0.0,786.0,344.0,0,0,0.0,745.0,316.0,0.0,0.0,0.0,396,0,3899,0,0.0,0.0,0.0,0.0,0.0,0.0,0.0,0.0,0.0,0.0,0.0,785.0,343.0,0.0,782.0,343.0,0.0,779.0,341.0,0.0,785.0,343.0,,,,30,,Luis,Sinisterra Lucumí,Sinisterra,has joined Cruzeiro on loan for the rest of the season.,,0,0,0,0,0,0,0,0,0,0,0,0,0,,,,0.0,0.0,0.0,0.0,0.0,0,0,0
817,a,,,5.3,185,44.0,0,0.0,-2,2.0,0.0,585,79.0,20,5,2.9,211.0,21.0,0,79,2.8,140.0,18.0,0.5,3.8,0.0,16522,237,10106,485,0.0,2.3,0.65,0.62,1.27,13.22,0.1,0.1,0.2,2.1,87.8,373.0,39.0,63.2,324.0,36.0,34.0,356.0,54.0,18.6,382.0,46.0,,,,30,,Adam,Armstrong,Armstrong,,,567,1,2,3,7,0,0,0,3,0,0,7,24,,,,0.0,0.48,1.11,1.11,3.81,3,10,11
687,a,,,4.3,620,364.0,0,0.0,-2,2.0,0.2,386,128.0,0,0,0.0,662.0,254.0,0,0,0.0,564.0,191.0,0.0,0.0,0.0,25523,219,20400,305,-0.5,0.5,0.0,0.0,0.0,0.0,0.0,0.0,0.0,0.0,0.0,652.0,244.0,0.0,648.0,249.0,0.0,625.0,238.0,0.0,654.0,246.0,,,,30,,Remy,Rees-Dottin,Rees-Dottin,,,0,0,0,0,0,0,0,0,0,0,0,0,0,,,,0.0,0.0,0.0,0.0,0.0,0,0,0
656,u,0.0,0.0,4.9,320,59.0,0,0.0,-1,1.0,0.0,590,81.0,1,0,1.0,492.0,59.0,0,1,0.0,727.0,77.0,0.0,0.2,0.0,1691,0,10148,4,0.0,0.0,0.0,0.01,0.01,0.1,0.0,0.06,0.06,0.64,1.0,501.0,61.0,4.3,445.0,58.0,2.0,453.0,61.0,0.7,489.0,61.0,,,,30,,Saša,Kalajdžić,Kalajdžić,has joined LASK on loan for the rest of the season.,,14,0,0,0,0,0,0,0,0,0,0,0,2,,,,0.0,0.0,0.0,0.0,12.86,0,1,1
658,a,,,4.2,644,89.0,0,0.0,-3,3.0,1.9,143,22.0,0,0,0.0,641.0,63.0,0,0,0.0,529.0,50.0,0.0,0.0,0.0,278161,668,365460,1958,0.0,-0.5,0.0,0.0,0.0,0.0,0.0,0.0,0.0,0.0,0.0,632.0,63.0,0.0,626.0,62.0,0.0,600.0,62.0,0.0,634.0,63.0,,,,30,,Nathan,Fraser,Fraser,,,0,0,0,0,0,0,0,0,0,0,0,0,0,,,,0.0,0.0,0.0,0.0,0.0,0,0,0
663,u,0.0,0.0,4.9,316,197.0,0,0.0,-6,6.0,0.1,437,146.0,45,0,2.0,334.0,146.0,2,175,0.0,724.0,302.0,0.0,9.2,0.0,20148,0,82124,36,0.0,0.0,3.38,0.62,4.0,16.0,0.27,0.05,0.32,1.29,171.0,294.0,130.0,204.0,169.0,114.0,148.0,194.0,108.0,52.1,253.0,129.0,,,,30,,Jhon,Arias,J.Arias,has joined Palmeiras permanently.,,1117,1,0,2,21,0,0,0,1,0,0,14,125,,,,0.0,0.16,1.69,1.13,10.07,43,24,58
682,a,,,4.2,640,149.0,0,0.0,-3,3.0,0.1,546,197.0,29,0,1.6,393.0,146.0,0,69,1.4,237.0,91.0,0.3,6.9,0.0,4848,18,9411,44,0.0,0.9,0.13,1.04,1.17,17.48,0.01,0.11,0.12,1.88,142.0,320.0,123.0,110.8,252.0,70.0,46.0,332.0,108.0,30.0,342.0,115.0,,,,30,,David,Møller Wolfe,Møller Wolfe,,,839,0,2,1,20,0,0,0,1,0,0,9,48,,,,0.0,0.11,2.15,0.97,4.61,9,34,20
102,a,,,3.9,756,78.0,0,0.0,-1,1.0,0.3,342,47.0,0,0,0.0,554.0,50.0,0,0,0.0,425.0,41.0,0.0,0.0,0.0,16502,79,24409,174,0.0,0.5,0.0,0.0,0.0,0.0,0.0,0.0,0.0,0.0,0.0,543.0,50.0,0.0,529.0,32.0,0.0,498.0,19.0,0.0,545.0,50.0,,,,30,,Ellery,Balcombe,Balcombe,,,0,0,0,0,0,0,0,0,0,0,0,0,0,,,,0.0,0.0,0.0,0.0,0.0,0,0,0
105,a,,,3.9,773,87.0,0,0.0,-1,1.0,0.6,235,32.0,1,0,1.0,453.0,34.0,0,1,0.2,347.0,26.0,0.1,0.3,0.0,38680,73,73376,417,0.2,0.7,0.0,0.0,0.0,0.97,0.0,0.0,0.0,0.97,13.0,457.0,34.0,0.0,542.0,41.0,0.0,511.0,28.0,1.3,481.0,34.0,,,,30,,Hákon Rafn,Valdimarsson,Valdimarsson,,,90,0,0,0,3,0,0,0,0,0,1,1,0,,,,1.0,0.0,3.0,1.0,0.0,0,0,7
106,a,,,4.9,321,52.0,0,0.0,-1,1.0,2.9,114,45.0,99,0,3.7,100.0,37.0,7,341,1.8,209.0,79.0,0.4,20.2,0.0,673944,7781,524660,3613,1.8,2.3,1.58,1.28,2.86,34.77,0.06,0.05,0.11,1.39,678.2,22.0,9.0,116.9,241.0,65.0,258.0,98.0,11.0,105.5,84.0,18.0,,,,30,,Nathan,Collins,Collins,,,2251,1,2,6,34,1,0,0,5,0,0,24,278,,,,0.0,0.24,1.36,0.96,9.84,24,222,103
104,a,,,3.9,776,88.0,0,0.0,-1,1.0,0.1,458,69.0,0,0,0.0,569.0,59.0,0,0,0.0,441.0,50.0,0.0,0.0,0.0,13084,27,10583,112,0.0,0.5,0.0,0.0,0.0,0.0,0.0,0.0,0.0,0.0,0.0,558.0,59.0,0.0,545.0,42.0,0.0,514.0,29.0,0.0,560.0,59.0,,,,30,,Julian,Eyestone,Eyestone,,,0,0,0,0,0,0,0,0,0,0,0,0,0,,,,0.0,0.0,0.0,0.0,0.0,0,0,0
395,u,0.0,0.0,4.5,429,257.0,0,0.0,0,0.0,0.0,805,357.0,0,0,0.0,700.0,276.0,0,0,0.0,620.0,222.0,0.0,0.0,0.0,0,0,361,0,0.0,0.0,0.0,0.0,0.0,0.0,0.0,0.0,0.0,0.0,0.0,694.0,270.0,0.0,690.0,273.0,0.0,673.0,266.0,0.0,696.0,272.0,,,,30,,Tyler,Morton,Morton,Has joined Lyon permanently.,,0,0,0,0,0,0,0,0,0,0,0,0,0,,,,0.0,0.0,0.0,0.0,0.0,0,0,0
628,a,100.0,75.0,4.2,630,33.0,0,0.0,-3,3.0,1.2,176,22.0,56,0,2.9,202.0,22.0,6,253,2.8,129.0,12.0,0.7,13.3,0.0,111408,220,189224,2874,0.0,1.7,0.0,0.03,0.03,29.4,0.0,0.0,0.0,1.55,409.4,122.0,19.0,10.0,424.0,7.0,0.0,596.0,65.0,42.3,289.0,19.0,,,,30,,José,Malheiro de Sá,José Sá,,,1710,0,0,4,30,0,0,0,2,0,50,19,40,,,,2.63,0.21,1.58,1.0,0.0,0,39,172
629,a,100.0,100.0,3.9,743,69.0,0,0.0,-1,1.0,0.5,264,35.0,0,0,0.0,545.0,41.0,0,0,0.0,414.0,32.0,0.0,0.0,0.0,20210,123,52210,327,0.0,-0.5,0.0,0.0,0.0,0.0,0.0,0.0,0.0,0.0,0.0,534.0,41.0,0.0,520.0,23.0,0.0,489.0,10.0,0.0,536.0,41.0,,,,30,,Daniel,Bentley,Bentley,,,0,0,0,0,0,0,0,0,0,0,0,0,0,,,,0.0,0.0,0.0,0.0,0.0,0,0,0
631,u,0.0,0.0,4.2,643,152.0,0,0.0,-3,3.0,0.1,452,168.0,23,0,1.6,394.0,147.0,0,86,0.0,528.0,223.0,0.0,5.5,0.0,24605,0,63408,17,0.0,0.0,0.57,0.4,0.97,18.26,0.05,0.03,0.08,1.49,312.2,186.0,76.0,76.0,303.0,99.0,75.0,288.0,83.0,46.4,272.0,86.0,,,,30,,Emmanuel,Agbadou,Agbadou,has joined Besiktas permanently.,,1100,0,0,0,29,0,0,0,1,1,0,12,156,,,,0.0,0.0,2.37,0.98,10.23,32,93,65
632,a,100.0,100.0,4.4,520,99.0,0,0.0,-1,1.0,0.1,504,179.0,12,0,1.2,440.0,158.0,0,47,0.2,356.0,129.0,0.0,2.7,0.0,6619,27,20656,72,0.0,-0.3,0.09,0.19,0.28,13.21,0.01,0.02,0.03,1.69,116.2,348.0,132.0,50.8,343.0,119.0,18.0,389.0,138.0,18.6,380.0,135.0,,,,30,,Matt,Doherty,Doherty,,,702,0,0,1,14,0,0,0,4,0,0,10,68,,,,0.0,0.13,1.79,1.28,7.31,13,44,27
43,u,0.0,0.0,4.0,665,161.0,0,0.0,0,0.0,1.6,155,61.0,0,0,0.0,580.0,211.0,0,0,0.0,452.0,175.0,0.0,0.0,0.0,44476,0,888327,253,0.0,0.0,0.0,0.0,0.0,0.0,0.0,0.0,0.0,0.0,0.0,569.0,210.0,0.0,557.0,210.0,0.0,527.0,206.0,0.0,571.0,210.0,,,,30,,Álex,Moreno Lopera,Alex Moreno,Has joined Girona permanently.,,0,0,0,0,0,0,0,0,0,0,0,0,0,,,,0.0,0.0,0.0,0.0,0.0,0,0,0
702,a,,,4.4,572,343.0,0,0.0,-1,1.0,0.1,533,193.0,1,0,1.0,476.0,212.0,0,3,0.0,603.0,213.0,0.0,0.2,0.0,9982,21,9077,39,0.0,-0.5,0.0,0.0,0.0,0.9,0.0,0.0,0.0,5.06,0.0,681.0,262.0,0.3,482.0,234.0,0.0,657.0,257.0,0.0,683.0,264.0,,,,30,,Bradley,Burrowes,Burrowes,,,16,0,0,0,1,0,0,0,0,0,0,0,1,,,,0.0,0.0,5.62,0.0,5.62,0,0,1
776,a,,,4.5,510,316.0,0,0.0,0,0.0,0.0,790,345.0,0,0,0.0,755.0,321.0,0,0,0.0,685.0,275.0,0.0,0.0,0.0,707,25,483,13,-0.5,-0.5,0.0,0.0,0.0,0.0,0.0,0.0,0.0,0.0,0.0,754.0,320.0,0.0,748.0,320.0,0.0,735.0,316.0,0.0,754.0,320.0,,,,30,,Oliver,Pimlott,Pimlott,,,0,0,0,0,0,0,0,0,0,0,0,0,0,,,,0.0,0.0,0.0,0.0,0.0,0,0,0
156,a,,,3.8,808,253.0,0,0.0,-2,2.0,0.2,406,150.0,0,0,0.0,537.0,196.0,0,0,0.0,405.0,156.0,0.0,0.0,0.0,12328,69,17356,98,-0.5,0.0,0.0,0.0,0.0,0.0,0.0,0.0,0.0,0.0,0.0,526.0,195.0,0.0,511.0,195.0,0.0,479.0,189.0,0.0,528.0,195.0,,,,30,,Charlie,Tasker,Tasker,,,0,0,0,0,0,0,0,0,0,0,0,0,0,,,,0.0,0.0,0.0,0.0,0.0,0,0,0
34,u,0.0,0.0,4.0,687,53.0,0,0.0,0,0.0,0.1,499,75.0,0,0,0.0,596.0,73.0,0,0,0.0,470.0,66.0,0.0,0.0,0.0,0,0,17441,41,0.0,0.0,0.0,0.0,0.0,0.0,0.0,0.0,0.0,0.0,0.0,585.0,73.0,0.0,576.0,60.0,0.0,546.0,47.0,0.0,587.0,73.0,,,,30,,Joe,Gauci,Gauci,Has joined Port Vale on loan for the rest of the season.,,0,0,0,0,0,0,0,0,0,0,0,0,0,,,,0.0,0.0,0.0,0.0,0.0,0,0,0
270,a,100.0,100.0,4.7,375,234.0,0,0.0,-3,3.0,0.1,477,165.0,39,0,1.4,419.0,184.0,0,184,0.5,325.0,144.0,0.1,8.3,0.0,21503,22,25185,188,0.0,0.5,1.11,1.68,2.79,20.18,0.08,0.12,0.2,1.41,162.2,305.0,137.0,291.9,108.0,78.0,86.0,271.0,147.0,53.9,244.0,122.0,1.0,,,30,,Will,Hughes,Hughes,,,1290,0,1,5,13,0,0,0,7,0,0,15,125,,,,0.0,0.35,0.91,1.05,8.72,25,44,56
271,a,100.0,100.0,5.0,251,152.0,0,0.0,0,0.0,0.1,527,190.0,53,1,2.6,258.0,107.0,0,252,1.2,246.0,103.0,0.2,10.6,0.0,44028,41,43095,72,0.0,1.2,1.42,2.07,3.49,18.27,0.09,0.13,0.22,1.11,177.2,288.0,126.0,244.7,138.0,95.0,136.0,207.0,116.0,55.9,233.0,116.0,,,,30,,Daichi,Kamada,Kamada,,,1479,0,2,6,17,0,0,0,2,0,0,17,159,,,,0.0,0.37,1.03,1.03,9.68,48,29,82
272,a,100.0,100.0,4.9,291,180.0,0,0.0,-1,1.0,0.1,548,199.0,54,3,2.2,313.0,136.0,3,220,0.8,298.0,131.0,0.2,11.0,0.0,12064,21,14795,69,0.0,0.8,1.05,0.95,2.0,15.73,0.08,0.07,0.15,1.14,223.2,253.0,106.0,157.1,203.0,131.0,186.0,155.0,86.0,56.7,228.0,112.0,,,,30,,Jefferson,Lerma Solís,Lerma,,,1246,0,4,6,15,1,0,0,6,0,0,13,157,,,,0.0,0.43,1.08,0.94,11.34,20,66,71
273,a,100.0,100.0,5.0,271,165.0,0,0.0,0,0.0,0.6,225,78.0,91,1,3.4,137.0,61.0,6,415,3.8,81.0,35.0,0.8,18.2,0.0,177248,572,175324,2116,0.0,3.8,1.33,6.02,7.34,33.38,0.06,0.25,0.31,1.39,383.8,139.0,47.0,554.6,24.0,23.0,151.0,190.0,105.0,109.2,78.0,48.0,3.0,,,30,,Adam,Wharton,Wharton,,,2165,0,6,8,33,0,0,0,4,1,0,26,251,,,,0.0,0.33,1.37,1.08,10.43,60,59,132
281,a,,,4.4,555,333.0,0,0.0,-1,1.0,0.0,584,219.0,1,0,1.0,472.0,208.0,0,2,0.0,588.0,205.0,0.0,0.2,0.0,5910,40,7009,44,0.0,0.0,0.0,0.0,0.0,0.65,0.0,0.0,0.0,19.5,0.0,669.0,256.0,0.1,489.0,237.0,0.0,645.0,251.0,0.0,671.0,258.0,,,,30,,Kaden,Rodney,Rodney,,,3,0,0,0,0,0,0,0,0,0,0,0,0,,,,0.0,0.0,0.0,0.0,0.0,0,0,0
688,a,,,3.9,766,82.0,0,0.0,-1,1.0,0.6,232,31.0,0,0,0.0,561.0,54.0,0,0,0.0,432.0,45.0,0.0,0.0,0.0,61719,89,45434,313,0.0,-0.5,0.0,0.0,0.0,0.0,0.0,0.0,0.0,0.0,0.0,550.0,54.0,0.0,536.0,36.0,0.0,505.0,23.0,0.0,552.0,54.0,,,,30,,James,Wright,Wright,,,0,0,0,0,0,0,0,0,0,0,0,0,0,,,,0.0,0.0,0.0,0.0,0.0,0,0,0
712,a,100.0,100.0,5.8,109,70.0,0,0.0,-2,2.0,0.2,392,131.0,66,1,2.4,292.0,129.0,3,268,1.2,254.0,111.0,0.2,11.4,0.0,129284,69,112949,575,0.0,1.2,3.96,4.78,8.74,23.99,0.21,0.25,0.46,1.26,271.2,215.0,91.0,574.1,21.0,21.0,320.0,75.0,44.0,116.3,65.0,42.0,2.0,1.0,,30,,Yéremy,Pino Santos,Yeremy,,,1716,2,1,7,20,0,0,0,4,0,0,21,135,,,,0.0,0.37,1.05,1.1,7.08,30,24,81
762,a,,,4.5,514,319.0,0,0.0,0,0.0,0.0,778,338.0,2,0,1.0,487.0,221.0,0,6,0.0,688.0,278.0,0.0,0.4,0.0,684,5,423,6,0.0,0.0,0.0,0.0,0.0,0.73,0.0,0.0,0.0,9.39,1.4,496.0,228.0,1.0,470.0,227.0,0.0,738.0,319.0,0.3,501.0,230.0,,,,30,,Joél,Drakes-Thomas,Drakes-Thomas,,,7,0,0,0,1,0,0,0,0,0,0,0,3,,,,0.0,0.0,12.86,0.0,38.57,1,0,2
773,a,,,4.0,737,210.0,0,0.0,0,0.0,0.0,716,248.0,0,0,0.0,633.0,245.0,0,0,0.0,511.0,213.0,0.0,0.0,0.0,736,18,561,22,0.0,0.0,0.0,0.0,0.0,0.0,0.0,0.0,0.0,0.0,0.0,623.0,245.0,0.0,615.0,245.0,0.0,587.0,243.0,0.0,625.0,245.0,,,,30,,Dean,Benamar,Benamar,,,0,0,0,0,0,0,0,0,0,0,0,0,0,,,,0.0,0.0,0.0,0.0,0.0,0,0,0
780,a,,,4.5,506,73.0,0,0.0,0,0.0,0.0,666,84.0,0,0,0.0,753.0,83.0,0,0,0.0,682.0,72.0,0.0,0.0,0.0,3124,28,1663,58,0.0,0.0,0.0,0.0,0.0,0.0,0.0,0.0,0.0,0.0,0.0,752.0,83.0,0.0,746.0,82.0,0.0,733.0,82.0,0.0,752.0,83.0,,,,30,,Ben,Casey,Casey,,,0,0,0,0,0,0,0,0,0,0,0,0,0,,,,0.0,0.0,0.0,0.0,0.0,0,0,0
793,a,,,4.0,725,198.0,0,0.0,0,0.0,0.0,698,243.0,0,0,0.0,626.0,238.0,0,0,0.0,502.0,204.0,0.0,0.0,0.0,1334,23,658,47,0.0,0.0,0.0,0.0,0.0,0.0,0.0,0.0,0.0,0.0,0.0,616.0,238.0,0.0,608.0,238.0,0.0,579.0,235.0,0.0,618.0,238.0,,,,30,,George,King,King,,,0,0,0,0,0,0,0,0,0,0,0,0,0,,,,0.0,0.0,0.0,0.0,0.0,0,0,0
203,a,,,4.7,395,246.0,0,0.0,-3,3.0,0.0,595,223.0,0,0,0.0,764.0,329.0,0,0,0.0,699.0,286.0,0.0,0.0,0.0,4294,26,7367,35,-0.5,-0.5,0.0,0.0,0.0,0.0,0.0,0.0,0.0,0.0,0.0,763.0,328.0,0.0,758.0,328.0,0.0,749.0,325.0,0.0,763.0,328.0,,,,30,,Enock,Agyei,Boateng,,,0,0,0,0,0,0,0,0,0,0,0,0,0,,,,0.0,0.0,0.0,0.0,0.0,0,0,0
313,u,0.0,0.0,4.4,557,79.0,0,0.0,-1,1.0,0.1,445,64.0,0,0,0.0,679.0,71.0,0,0,0.0,590.0,60.0,0.0,0.0,0.0,9203,0,26566,25,0.0,0.0,0.0,0.0,0.0,0.0,0.0,0.0,0.0,0.0,0.0,671.0,71.0,0.0,667.0,70.0,0.0,647.0,70.0,0.0,673.0,71.0,,,,30,,Martin,Sherif,Sherif,has joined Port Vale on loan for the rest of the season.,,0,0,0,0,0,0,0,0,0,0,0,0,0,,,,0.0,0.0,0.0,0.0,0.0,0,0,0
419,i,0.0,0.0,6.3,63,42.0,0,0.0,-2,2.0,5.8,66,22.0,79,0,4.0,67.0,29.0,12,356,0.0,806.0,361.0,0.0,12.5,0.0,3790427,22,3774580,2253,0.0,0.0,2.05,3.37,5.41,25.81,0.11,0.19,0.3,1.43,374.2,147.0,52.0,520.5,31.0,29.0,397.0,49.0,31.0,129.2,41.0,29.0,,,,30,,Jack,Grealish,Grealish,Foot injury - Expected back 01 Jun,,1627,2,6,7,23,0,0,0,3,1,0,18,135,,,,0.0,0.39,1.27,1.0,7.47,20,27,88
630,a,,,3.9,748,73.0,0,0.0,-1,1.0,1.2,172,21.0,0,0,0.0,549.0,45.0,0,0,0.0,419.0,36.0,0.0,0.0,0.0,71940,123,100957,759,-0.5,-1.0,0.0,0.0,0.0,0.0,0.0,0.0,0.0,0.0,0.0,538.0,45.0,0.0,524.0,27.0,0.0,493.0,14.0,0.0,540.0,45.0,,,,30,,Tom,King,King,,,0,0,0,0,0,0,0,0,0,0,0,0,0,,,,0.0,0.0,0.0,0.0,0.0,0,0,0
667,a,100.0,100.0,4.2,641,150.0,0,0.0,-3,3.0,0.1,570,204.0,0,0,0.0,640.0,248.0,0,0,0.0,527.0,222.0,0.0,0.0,0.0,2868,12,12558,23,-0.5,-1.0,0.0,0.0,0.0,0.0,0.0,0.0,0.0,0.0,0.0,631.0,249.0,0.0,625.0,248.0,0.0,599.0,247.0,0.0,633.0,249.0,,,,30,,Adam,Aznou,Aznou,,,0,0,0,0,0,0,0,0,0,0,0,0,0,,,,0.0,0.0,0.0,0.0,0.0,0,0,0
707,a,,,5.3,199,123.0,0,0.0,-2,2.0,0.0,650,257.0,18,0,1.3,437.0,197.0,0,49,0.2,372.0,169.0,0.0,3.4,0.0,7795,10,7357,27,-0.3,-0.8,0.2,0.14,0.34,6.65,0.05,0.04,0.09,1.71,46.0,416.0,182.0,61.0,329.0,182.0,32.0,360.0,186.0,13.6,402.0,182.0,,,,30,,Tyler,Dibling,Dibling,,,349,0,0,2,2,0,0,0,2,0,0,4,40,,,,0.0,0.52,0.52,1.03,10.32,7,11,22
211,u,0.0,0.0,4.4,541,323.0,0,0.0,-1,1.0,1.4,163,56.0,0,0,0.0,671.0,258.0,0,0,0.0,578.0,195.0,0.0,0.0,0.0,62789,0,931430,205,0.0,0.0,0.0,0.0,0.0,0.0,0.0,0.0,0.0,0.0,0.0,661.0,248.0,0.0,658.0,253.0,0.0,636.0,242.0,0.0,663.0,250.0,,,,30,,Aaron,Ramsey,A.Ramsey,has joined Leicester City on loan for the rest of the season.,,0,0,0,0,0,0,0,0,0,0,0,0,0,,,,0.0,0.0,0.0,0.0,0.0,0,0,0
212,u,0.0,0.0,4.5,478,293.0,0,0.0,0,0.0,0.0,768,328.0,0,0,0.0,733.0,305.0,0,0,0.0,658.0,255.0,0.0,0.0,0.0,0,0,2763,3,0.0,0.0,0.0,0.0,0.0,0.0,0.0,0.0,0.0,0.0,0.0,730.0,302.0,0.0,725.0,303.0,0.0,711.0,298.0,0.0,731.0,303.0,,,,30,,Oluwaseun,Adewumi,Adewumi,Has joined Cercle Brugge on loan for the rest of the season.,,0,0,0,0,0,0,0,0,0,0,0,0,0,,,,0.0,0.0,0.0,0.0,0.0,0,0,0
213,u,0.0,0.0,4.5,463,283.0,0,0.0,0,0.0,0.0,618,240.0,1,0,1.0,479.0,214.0,0,2,0.0,645.0,245.0,0.0,0.2,0.0,7482,0,9102,15,0.0,0.0,0.0,0.0,0.0,0.05,0.0,0.0,0.0,0.5,0.0,718.0,293.0,0.5,477.0,229.0,0.0,698.0,288.0,0.0,719.0,294.0,,,,30,,Jaydon,Banel,Banel,has joined Derby County on loan for the rest of the season.,,9,0,0,0,0,0,0,0,0,0,0,0,0,,,,0.0,0.0,0.0,0.0,0.0,0,0,0
214,d,75.0,75.0,4.3,590,347.0,0,0.0,-2,2.0,0.1,564,209.0,4,0,1.0,463.0,201.0,0,10,0.0,543.0,177.0,0.0,0.9,0.0,12232,64,16090,46,-0.4,-0.4,0.0,0.0,0.0,0.46,0.0,0.0,0.0,2.18,0.6,502.0,229.0,0.4,479.0,231.0,2.0,445.0,218.0,0.3,499.0,228.0,,,,30,,Mike,Trésor Ndayishimiye,Trésor,Lack of match fitness - 75% chance of playing,,19,0,0,0,1,0,0,0,0,0,0,0,2,,,,0.0,0.0,4.74,0.0,9.47,0,0,2
215,a,100.0,75.0,5.3,192,46.0,0,0.0,-2,2.0,0.3,296,46.0,64,2,3.0,196.0,18.0,6,233,4.2,62.0,7.0,0.8,12.1,0.0,172005,2054,157116,793,3.7,2.8,5.25,0.28,5.53,22.71,0.43,0.02,0.45,1.87,301.6,196.0,16.0,102.0,267.0,27.0,359.0,64.0,24.0,75.4,153.0,21.0,,5.0,1.0,30,,Zian,Flemming,Flemming,,,1092,7,0,3,19,0,0,0,3,0,0,13,61,,,,0.0,0.25,1.57,1.07,5.03,8,31,22
216,i,0.0,0.0,4.8,366,63.0,0,0.0,-2,2.0,0.0,671,85.0,0,0,0.0,766.0,84.0,0,0,0.0,708.0,74.0,0.0,0.0,0.0,2244,26,6362,18,0.0,0.0,0.0,0.0,0.0,0.0,0.0,0.0,0.0,0.0,0.0,765.0,84.0,0.0,760.0,83.0,0.0,755.0,83.0,0.0,765.0,84.0,,,,30,,Zeki,Amdouni,Amdouni,Knee injury - Expected back 11 Apr,,0,0,0,0,0,0,0,0,0,0,0,0,0,,,,0.0,0.0,0.0,0.0,0.0,0,0,0
217,a,100.0,100.0,4.9,323,60.0,0,0.0,-1,1.0,0.8,211,31.0,50,2,2.3,300.0,30.0,4,180,1.0,268.0,30.0,0.2,10.2,0.0,453214,334,444611,754,0.5,0.5,3.05,0.29,3.34,24.13,0.23,0.02,0.25,1.78,187.6,282.0,27.0,129.9,225.0,23.0,216.0,123.0,29.0,52.7,251.0,29.0,,,,30,,Lyle,Foster,Foster,,,1219,3,1,4,25,0,0,0,4,0,0,14,70,,,,0.0,0.3,1.85,1.03,5.17,12,23,35
218,a,,,4.2,625,88.0,0,0.0,-3,3.0,1.4,166,25.0,4,0,1.0,461.0,56.0,0,7,0.8,285.0,36.0,0.2,1.0,0.0,229001,825,345885,1965,0.3,0.3,0.11,0.0,0.11,0.77,0.43,0.0,0.43,3.01,0.2,507.0,62.0,0.6,473.0,60.0,9.0,416.0,57.0,1.0,484.0,58.0,,,2.0,30,,Ashley,Barnes,Barnes,,,23,0,0,0,2,0,0,0,1,0,0,0,2,,,,0.0,0.0,7.83,0.0,7.83,0,0,2
77,a,,,4.2,638,148.0,0,0.0,2,-2.0,7.6,51,17.0,83,8,4.0,61.0,25.0,2,276,6.0,10.0,5.0,1.4,19.8,0.0,1080140,10111,176027,5869,5.5,6.5,0.67,1.03,1.69,21.29,0.04,0.07,0.11,1.39,406.8,125.0,55.0,95.2,273.0,83.0,85.0,274.0,78.0,58.9,222.0,76.0,,,,30,,James,Hill,Hill,,,1382,0,3,6,16,0,0,0,2,0,0,14,187,,,,0.0,0.39,1.04,0.91,11.59,26,152,43
78,u,0.0,0.0,3.8,795,240.0,0,0.0,-2,2.0,0.5,257,96.0,0,0,0.0,529.0,188.0,0,0,0.0,392.0,143.0,0.0,0.0,0.0,47440,0,133365,247,0.0,0.0,0.0,0.0,0.0,0.0,0.0,0.0,0.0,0.0,0.0,518.0,187.0,0.0,502.0,186.0,0.0,470.0,180.0,0.0,520.0,187.0,,,,30,,Julián,Araujo Zúñiga,J.Araujo,has joined Celtic on loan for the rest of the season.,,0,0,0,0,0,0,0,0,0,0,0,0,0,,,,0.0,0.0,0.0,0.0,0.0,0,0,0
797,a,,,4.5,488,69.0,0,0.0,0,0.0,0.0,702,89.0,0,0,0.0,740.0,79.0,0,0,0.0,668.0,68.0,0.0,0.0,0.0,1961,58,1097,54,0.0,0.5,0.0,0.0,0.0,0.0,0.0,0.0,0.0,0.0,0.0,738.0,79.0,0.0,732.0,78.0,0.0,719.0,78.0,0.0,738.0,79.0,,,,30,,Kaye,Furo,Furo,,,0,0,0,0,0,0,0,0,0,0,0,0,0,,,,0.0,0.0,0.0,0.0,0.0,0,0,0
692,i,0.0,0.0,4.9,347,57.0,0,0.0,-1,1.0,0.0,721,251.0,0,0,0.0,785.0,262.0,0,0,0.0,742.0,255.0,0.0,0.0,0.0,1905,12,2554,9,0.0,0.0,0.0,0.0,0.0,0.0,0.0,0.0,0.0,0.0,0.0,784.0,262.0,0.0,780.0,262.0,0.0,776.0,262.0,0.0,784.0,262.0,,,,30,,Giovanni,Leoni,Leoni,Knee injury - Expected back 01 Sep,,0,0,0,0,0,0,0,0,0,0,0,0,0,,,,0.0,0.0,0.0,0.0,0.0,0,0,0
746,a,,,4.5,489,302.0,0,0.0,0,0.0,0.0,745,316.0,0,0,0.0,741.0,311.0,0,0,0.0,669.0,264.0,0.0,0.0,0.0,1045,9,870,9,0.5,0.5,0.0,0.0,0.0,0.0,0.0,0.0,0.0,0.0,0.0,739.0,309.0,0.0,733.0,309.0,0.0,720.0,305.0,0.0,739.0,309.0,,,,30,,Kieran,Morrison,Morrison,,,0,0,0,0,0,0,0,0,0,0,0,0,0,,,,0.0,0.0,0.0,0.0,0.0,0,0,0
760,a,,,4.0,710,185.0,0,0.0,0,0.0,0.0,692,242.0,0,0,0.0,613.0,227.0,0,0,0.0,487.0,191.0,0.0,0.0,0.0,1130,16,980,28,0.5,0.5,0.0,0.0,0.0,0.0,0.0,0.0,0.0,0.0,0.0,603.0,227.0,0.0,595.0,227.0,0.0,565.0,223.0,0.0,605.0,227.0,,,,30,,Wellity,Lucky,Lucky,,,0,0,0,0,0,0,0,0,0,0,0,0,0,,,,0.0,0.0,0.0,0.0,0.0,0,0,0
82,a,100.0,100.0,8.3,12,7.0,0,0.0,13,-13.0,53.4,2,1.0,174,2,6.0,7.0,3.0,17,569,5.2,36.0,17.0,0.6,21.0,0.0,11955727,11874,6299971,167873,0.0,5.7,9.93,2.33,12.26,40.65,0.35,0.08,0.43,1.41,797.0,8.0,2.0,496.1,34.0,32.0,854.0,3.0,1.0,214.6,3.0,2.0,,,,30,,Antoine,Semenyo,Semenyo,,,2590,15,6,8,47,0,0,1,6,0,0,29,208,,,,0.0,0.28,1.63,1.01,7.23,40,40,128
182,a,,,4.5,427,22.0,0,0.0,-5,5.0,0.9,197,26.0,11,0,3.7,95.0,11.0,0,62,0.0,618.0,91.0,0.0,2.4,0.0,100043,34,273471,192,0.0,0.5,0.0,0.0,0.0,3.97,0.0,0.0,0.0,1.32,100.2,362.0,27.0,0.0,688.0,86.0,0.0,671.0,76.0,10.1,418.0,27.0,,,,30,,James,Trafford,Trafford,,,270,0,0,1,4,0,0,0,0,0,11,3,41,,,,3.67,0.33,1.33,1.0,0.0,2,6,33
149,a,100.0,100.0,4.5,421,82.0,0,0.0,0,0.0,0.1,523,186.0,6,0,1.5,406.0,149.0,0,10,0.0,614.0,242.0,0.0,1.3,0.0,9345,86,10441,51,-0.5,0.0,0.0,0.0,0.0,4.66,0.0,0.0,0.0,4.07,25.8,440.0,162.0,10.6,422.0,153.0,0.0,667.0,256.0,3.6,459.0,165.0,,,,30,,Igor Julio,dos Santos de Paulo,Igor,,,103,0,0,0,3,0,0,0,0,0,0,1,13,,,,0.0,0.0,2.62,0.87,11.36,0,13,3
150,u,0.0,0.0,4.4,533,109.0,0,0.0,-1,1.0,0.1,515,183.0,0,0,0.0,669.0,254.0,0,0,0.0,574.0,235.0,0.0,0.0,0.0,2778,0,38619,10,0.0,0.0,0.0,0.0,0.0,0.0,0.0,0.0,0.0,0.0,0.0,659.0,254.0,0.0,656.0,254.0,0.0,634.0,253.0,0.0,661.0,254.0,,,,30,,Tariq,Lamptey,Lamptey,has joined Fiorentina permanently.,,0,0,0,0,0,0,0,0,0,0,0,0,0,,,,0.0,0.0,0.0,0.0,0.0,0,0,0
743,a,,,4.5,498,309.0,0,0.0,0,0.0,0.0,731,305.0,0,0,0.0,746.0,315.0,0,0,0.0,675.0,269.0,0.0,0.0,0.0,1530,8,1392,12,0.5,0.5,0.0,0.0,0.0,0.0,0.0,0.0,0.0,0.0,0.0,745.0,314.0,0.0,739.0,314.0,0.0,726.0,310.0,0.0,745.0,314.0,,,,30,,Landon,Emenalo,Emenalo,,,0,0,0,0,0,0,0,0,0,0,0,0,0,,,,0.0,0.0,0.0,0.0,0.0,0,0,0
789,a,,,4.0,708,63.0,0,0.0,0,0.0,0.0,762,89.0,0,0,0.0,611.0,82.0,0,0,0.0,485.0,75.0,0.0,0.0,0.0,421,7,325,11,0.5,0.5,0.0,0.0,0.0,0.0,0.0,0.0,0.0,0.0,0.0,601.0,82.0,0.0,593.0,70.0,0.0,563.0,57.0,0.0,603.0,82.0,,,,30,,Max,Merrick,Merrick,,,0,0,0,0,0,0,0,0,0,0,0,0,0,,,,0.0,0.0,0.0,0.0,0.0,0,0,0
466,a,100.0,100.0,5.8,107,30.0,0,0.0,-2,2.0,0.4,274,43.0,37,0,2.1,326.0,35.0,6,130,0.5,339.0,43.0,0.1,6.4,0.0,108826,186,130169,288,1.0,1.0,2.18,0.32,2.5,7.63,0.39,0.06,0.45,1.35,152.8,310.0,30.0,161.8,199.0,21.0,195.0,143.0,35.0,50.6,259.0,30.0,,,,30,,Joshua,Zirkzee,Zirkzee,,,509,2,1,1,8,0,0,0,1,0,0,4,37,,,,0.0,0.18,1.41,0.71,6.54,8,11,18
468,u,0.0,0.0,4.5,477,67.0,0,0.0,0,0.0,0.1,509,70.0,0,0,0.0,732.0,77.0,0,0,0.0,657.0,66.0,0.0,0.0,0.0,4530,0,14871,13,0.0,0.0,0.0,0.0,0.0,0.0,0.0,0.0,0.0,0.0,0.0,729.0,77.0,0.0,724.0,76.0,0.0,710.0,76.0,0.0,730.0,77.0,,,,30,,Ethan,Wheatley,Wheatley,has joined Bradford City on loan for the rest of the season.,,0,0,0,0,0,0,0,0,0,0,0,0,0,,,,0.0,0.0,0.0,0.0,0.0,0,0,0
681,a,100.0,100.0,7.4,25,9.0,1,-1.0,-1,1.0,7.0,56,9.0,94,5,3.8,90.0,7.0,17,329,5.8,18.0,2.0,0.8,12.7,0.0,1165391,64700,1414933,4712,6.3,6.3,7.19,0.22,7.41,20.69,0.49,0.02,0.51,1.42,401.4,129.0,12.0,133.5,220.0,22.0,679.0,13.0,9.0,120.7,55.0,12.0,,,,30,,Benjamin,Sesko,Šeško,,,1310,9,2,1,26,0,0,0,1,0,0,13,54,,,,0.0,0.07,1.79,0.89,3.71,5,19,30
733,a,,,5.0,263,9.0,0,0.0,0,0.0,2.8,117,16.0,74,2,3.1,181.0,19.0,6,283,3.8,80.0,6.0,0.8,14.8,0.0,558658,13418,307610,3990,4.3,4.3,0.0,0.0,0.0,27.27,0.0,0.0,0.0,1.14,443.2,101.0,18.0,0.0,785.0,91.0,2.0,455.0,2.0,44.5,279.0,18.0,,,,30,,Senne,Lammens,Lammens,,,2160,0,0,5,30,0,0,0,0,0,54,24,43,,,,2.25,0.21,1.25,1.0,0.0,1,21,166
755,a,100.0,100.0,4.5,480,295.0,0,0.0,0,0.0,0.0,730,304.0,2,0,1.0,484.0,218.0,0,8,0.0,660.0,257.0,0.0,0.4,0.0,3384,9,2558,33,0.5,0.5,0.07,0.0,0.07,0.11,0.52,0.0,0.52,0.82,4.0,480.0,218.0,1.5,465.0,224.0,11.0,405.0,199.0,1.5,476.0,217.0,,,,30,,Shea,Lacey,Lacey,,,12,0,0,0,0,0,0,0,0,0,0,0,1,,,,0.0,0.0,0.0,0.0,7.5,1,0,0
769,a,,,4.5,479,294.0,0,0.0,0,0.0,0.0,785,342.0,1,0,1.0,483.0,217.0,0,3,0.0,659.0,256.0,0.0,0.2,0.0,469,9,324,10,0.5,0.5,0.0,0.01,0.01,0.05,0.0,0.06,0.06,0.3,2.2,491.0,226.0,11.7,418.0,207.0,0.0,712.0,299.0,1.4,479.0,220.0,,,,30,,Bendito,Mantato,Bendito Mantato,,,15,0,0,0,0,0,0,0,0,0,0,0,0,,,,0.0,0.0,0.0,0.0,0.0,0,0,0
771,a,,,4.4,552,331.0,0,0.0,-1,1.0,0.0,733,307.0,1,0,1.0,471.0,207.0,0,3,0.0,586.0,203.0,0.0,0.2,0.0,2189,20,1255,40,0.5,0.5,0.0,0.01,0.01,0.02,0.0,0.9,0.9,1.8,0.4,505.0,231.0,1.0,469.0,226.0,0.0,643.0,249.0,0.1,509.0,233.0,,,,30,,Tyler,Fletcher,Fletcher,,,1,0,0,0,0,0,0,0,0,0,0,0,0,,,,0.0,0.0,0.0,0.0,0.0,0,0,0
135,a,100.0,100.0,7.3,26,10.0,0,0.0,-2,2.0,0.6,237,34.0,19,0,1.6,404.0,48.0,0,57,0.2,379.0,47.0,0.0,2.6,0.0,238607,698,454274,559,0.2,-0.3,1.95,0.53,2.48,7.01,0.42,0.11,0.53,1.5,52.0,412.0,47.0,35.5,371.0,49.0,137.0,206.0,42.0,21.7,368.0,43.0,,,,30,,Yoane,Wissa,Wissa,,,421,1,0,1,8,0,0,0,1,0,0,4,18,,,,0.0,0.21,1.71,0.86,3.85,2,3,13
580,a,,,6.5,50,32.0,0,0.0,-5,5.0,2.3,128,42.0,53,2,2.0,341.0,149.0,2,180,2.0,200.0,83.0,0.3,8.2,0.0,1145833,227,1320960,1324,0.0,2.0,1.84,0.91,2.75,19.96,0.14,0.07,0.21,1.47,190.8,280.0,120.0,226.4,153.0,103.0,193.0,145.0,83.0,60.7,218.0,107.0,4.0,,,30,,Brennan,Johnson,Johnson,,,1224,2,1,5,13,0,0,0,5,0,0,13,82,,,,0.0,0.37,0.96,0.96,6.03,20,26,36
654,a,100.0,100.0,6.1,82,26.0,0,0.0,-4,4.0,2.0,139,21.0,62,1,2.2,318.0,33.0,3,183,2.2,185.0,24.0,0.4,10.2,0.0,477061,1259,744748,14360,0.0,2.2,4.16,0.69,4.85,28.72,0.2,0.03,0.23,1.39,242.2,238.0,20.0,165.8,196.0,19.0,386.0,53.0,20.0,78.1,146.0,20.0,,,,30,,Jørgen,Strand Larsen,Strand Larsen,,,1865,4,1,5,31,0,0,1,4,0,0,20,78,,,,0.0,0.24,1.5,0.97,3.76,7,42,29
723,a,100.0,100.0,4.5,511,96.0,0,0.0,0,0.0,0.0,621,220.0,48,11,3.7,96.0,35.0,7,149,5.2,29.0,9.0,1.2,10.7,0.0,6059,555,4170,138,0.0,5.2,0.79,0.23,1.02,14.01,0.1,0.03,0.13,1.8,210.8,267.0,109.0,37.5,368.0,132.0,28.0,368.0,123.0,27.5,349.0,119.0,,,,30,,Jaydee,Canvot,Canvot,,,701,0,0,4,9,0,0,0,2,0,0,7,96,,,,0.0,0.51,1.16,0.9,12.33,24,72,28
732,a,,,5.5,154,38.0,0,0.0,0,0.0,0.1,579,78.0,17,0,1.2,443.0,54.0,0,42,0.2,375.0,46.0,0.0,3.1,0.0,14728,73,11132,116,0.0,0.2,0.49,0.01,0.5,4.63,0.28,0.01,0.29,2.62,13.2,456.0,54.0,7.1,437.0,57.0,73.0,295.0,50.0,8.8,426.0,54.0,,,,30,,Christantus,Uche,Uche,,,159,0,1,0,4,0,0,0,0,0,0,0,13,,,,0.0,0.0,2.26,0.0,7.36,1,3,9
753,a,,,4.0,661,39.0,0,0.0,0,0.0,0.0,691,82.0,0,0,0.0,577.0,63.0,0,0,0.0,449.0,54.0,0.0,0.0,0.0,1648,18,1050,26,0.0,-0.5,0.0,0.0,0.0,0.0,0.0,0.0,0.0,0.0,0.0,566.0,63.0,0.0,553.0,46.0,0.0,523.0,33.0,0.0,568.0,63.0,,,,30,,John,Ruddy,Ruddy,,,0,0,0,0,0,0,0,0,0,0,0,0,0,,,,0.0,0.0,0.0,0.0,0.0,0,0,0
290,a,100.0,100.0,5.3,197,23.0,0,0.0,-2,2.0,0.5,262,98.0,24,0,3.4,139.0,52.0,0,84,4.2,63.0,24.0,0.8,4.5,0.0,54385,3888,83138,1494,3.7,3.2,0.28,0.09,0.37,5.41,0.05,0.02,0.07,0.99,121.2,341.0,130.0,31.6,379.0,136.0,74.0,293.0,85.0,22.7,365.0,127.0,,,,30,,Jarrad,Branthwaite,Branthwaite,,,490,1,1,1,6,0,0,0,1,0,0,5,42,,,,0.0,0.18,1.1,0.92,7.71,9,33,20
291,d,75.0,,5.7,111,8.0,0,0.0,2,-2.0,12.0,29,10.0,136,0,4.7,25.0,8.0,9,484,4.8,49.0,17.0,0.8,23.9,0.0,2473449,48525,1886684,15599,3.2,3.8,2.04,1.32,3.36,41.23,0.07,0.05,0.12,1.42,746.0,9.0,4.0,185.6,179.0,45.0,265.0,96.0,9.0,120.0,56.0,8.0,,,,30,,James,Tarkowski,Tarkowski,Knock - 75% chance of playing,,2610,1,1,10,33,0,0,0,5,0,0,29,330,,,,0.0,0.34,1.14,1.0,10.48,39,265,69
506,a,100.0,100.0,5.2,218,29.0,0,0.0,-3,3.0,2.1,135,53.0,75,6,3.4,138.0,51.0,3,300,2.8,139.0,57.0,0.5,14.4,0.0,275510,6760,801512,791,2.8,2.8,0.6,0.46,1.06,30.79,0.03,0.02,0.05,1.45,506.2,74.0,35.0,112.3,250.0,69.0,75.0,292.0,84.0,69.4,181.0,62.0,,2.0,,30,,Murillo,Costa dos Santos,Murillo,,,1909,1,0,5,28,1,0,0,4,0,0,22,230,,,,0.0,0.24,1.32,1.04,9.33,30,168,94
508,a,100.0,100.0,4.7,383,64.0,0,0.0,-3,3.0,2.9,115,46.0,89,5,3.1,177.0,70.0,9,401,2.5,152.0,62.0,0.5,18.9,0.0,400424,2460,1171232,824,2.5,2.5,1.6,2.93,4.53,39.33,0.06,0.1,0.16,1.4,596.0,45.0,19.0,435.1,42.0,5.0,265.0,95.0,8.0,129.5,40.0,3.0,,,,30,,Neco,Williams,N.Williams,,,2528,1,1,7,40,0,0,0,5,1,0,29,233,,,,0.0,0.25,1.42,1.03,6.87,77,116,134
509,u,0.0,0.0,4.5,433,87.0,0,0.0,0,0.0,0.0,678,237.0,0,0,0.0,703.0,258.0,0,0,0.0,623.0,244.0,0.0,0.0,0.0,427,0,4413,2,0.0,0.0,0.0,0.0,0.0,0.0,0.0,0.0,0.0,0.0,0.0,697.0,258.0,0.0,693.0,258.0,0.0,676.0,258.0,0.0,699.0,258.0,,,,30,,David,Mota Veiga Teixeira do Carmo,David Carmo,has joined Real Oviedo on loan for the rest of the season.,,0,0,0,0,0,0,0,0,0,0,0,0,0,,,,0.0,0.0,0.0,0.0,0.0,0,0,0
510,d,75.0,75.0,4.2,647,154.0,0,0.0,-3,3.0,0.1,553,199.0,5,0,1.7,387.0,144.0,0,18,0.5,319.0,114.0,0.1,1.2,0.0,3449,5,8533,73,0.4,0.4,0.14,0.0,0.14,5.45,0.06,0.0,0.06,2.29,46.2,415.0,155.0,0.8,471.0,172.0,10.0,409.0,151.0,5.6,443.0,160.0,,,,30,,Jair,Paula da Cunha Filho,Jair Cunha,Foot injury - 75% chance of playing,,214,0,0,0,4,0,0,0,0,0,0,2,21,,,,0.0,0.0,1.68,0.84,8.41,4,16,3
511,a,,,4.3,595,135.0,0,0.0,-2,2.0,0.1,507,182.0,35,0,2.3,295.0,109.0,1,145,0.2,354.0,128.0,0.0,8.1,0.0,9298,38,13484,63,0.2,0.2,0.83,0.08,0.91,14.83,0.08,0.01,0.09,1.42,233.8,246.0,98.0,20.8,395.0,143.0,59.0,316.0,99.0,31.4,331.0,112.0,,,,30,,Felipe,Rodrigues da Silva,Morato,,,938,0,0,2,17,0,0,0,4,0,0,10,124,,,,0.0,0.19,1.63,0.96,9.79,24,78,46
512,u,0.0,0.0,4.5,418,80.0,0,0.0,0,0.0,0.0,686,240.0,0,0,0.0,695.0,256.0,0,0,0.0,612.0,241.0,0.0,0.0,0.0,345,0,4130,2,0.0,0.0,0.0,0.0,0.0,0.0,0.0,0.0,0.0,0.0,0.0,689.0,256.0,0.0,684.0,256.0,0.0,665.0,255.0,0.0,691.0,256.0,,,,30,,Omar,Richards,O.Richards,has joined Rio Ave on loan for the rest of the season.,,0,0,0,0,0,0,0,0,0,0,0,0,0,,,,0.0,0.0,0.0,0.0,0.0,0,0,0
664,a,,,3.9,745,71.0,0,0.0,-1,1.0,0.7,218,29.0,0,0,0.0,547.0,43.0,0,0,0.0,416.0,34.0,0.0,0.0,0.0,43024,165,54500,498,0.5,0.0,0.0,0.0,0.0,0.0,0.0,0.0,0.0,0.0,0.0,536.0,43.0,0.0,522.0,25.0,0.0,491.0,12.0,0.0,538.0,43.0,,,,30,,Benjamin,Lecomte,Lecomte,,,0,0,0,0,0,0,0,0,0,0,0,0,0,,,,0.0,0.0,0.0,0.0,0.0,0,0,0
543,u,0.0,0.0,4.9,339,210.0,0,0.0,-6,6.0,0.3,297,101.0,34,0,2.4,287.0,124.0,3,81,0.0,736.0,310.0,0.0,6.9,0.0,90681,0,230830,118,0.0,0.0,0.35,0.62,0.97,11.3,0.05,0.09,0.14,1.57,81.4,384.0,172.0,116.8,242.0,152.0,75.0,291.0,159.0,27.0,350.0,169.0,,,,30,,Simon,Adingra,Adingra,has joined AS Monaco on loan for the rest of the season.,,649,1,1,4,8,0,0,0,2,0,0,9,45,,,,0.0,0.55,1.11,1.25,6.24,11,13,21
544,a,100.0,100.0,5.3,201,124.0,0,0.0,-2,2.0,0.1,448,151.0,46,2,3.5,125.0,58.0,3,136,4.0,70.0,31.0,0.8,8.7,0.0,20310,292,20370,620,4.0,4.0,2.05,0.5,2.55,14.64,0.18,0.04,0.22,1.3,110.2,354.0,159.0,72.8,305.0,173.0,166.0,178.0,96.0,33.9,323.0,157.0,,,1.0,30,,Habib,Diarra,Diarra,,,1015,2,3,4,10,0,0,0,4,0,0,11,56,,,,0.0,0.35,0.89,0.98,4.97,10,16,30
545,u,0.0,0.0,5.4,158,98.0,0,0.0,-1,1.0,0.0,729,303.0,1,0,1.0,503.0,234.0,0,4,0.0,776.0,338.0,0.0,0.2,0.0,462,0,4083,1,0.0,0.0,0.03,0.02,0.05,0.66,0.1,0.07,0.17,2.2,1.8,494.0,227.0,7.3,436.0,211.0,5.0,432.0,210.0,1.4,480.0,221.0,,,,30,,Patrick,Roberts,Roberts,has joined Birmingham City permanently.,,27,0,0,0,1,0,0,0,0,0,0,0,1,,,,0.0,0.0,3.33,0.0,3.33,0,0,1
547,d,75.0,100.0,5.0,267,162.0,0,0.0,0,0.0,1.3,168,57.0,107,0,3.8,81.0,35.0,8,430,4.2,61.0,28.0,0.8,21.4,0.0,384574,248,261153,7937,3.2,4.2,4.58,2.93,7.51,37.38,0.18,0.11,0.29,1.47,533.2,62.0,18.0,566.5,22.0,22.0,199.0,139.0,80.0,130.0,39.0,28.0,3.0,2.0,2.0,30,,Enzo,Le Fée,E.Le Fée,Knock - 75% chance of playing,,2295,4,4,8,31,0,0,1,5,0,0,26,246,,,,0.0,0.31,1.22,1.02,9.65,67,63,116
550,a,,,4.7,384,239.0,-1,1.0,-3,3.0,0.0,663,266.0,0,0,0.0,762.0,328.0,0,0,0.0,695.0,284.0,0.0,0.0,0.0,1089,4,2781,14,0.0,0.0,0.0,0.0,0.0,0.0,0.0,0.0,0.0,0.0,0.0,761.0,327.0,0.0,756.0,327.0,0.0,746.0,324.0,0.0,761.0,327.0,,,,30,,Ian,Poveda-Ocampo,Poveda,,,0,0,0,0,0,0,0,0,0,0,0,0,0,,,,0.0,0.0,0.0,0.0,0.0,0,0,0
133,u,0.0,0.0,4.4,542,324.0,0,0.0,-1,1.0,0.0,638,249.0,1,0,1.0,470.0,206.0,0,2,0.0,579.0,196.0,0.0,0.2,0.0,3881,0,6406,12,0.0,0.0,0.0,0.0,0.0,0.0,0.0,0.0,0.0,0.0,0.0,662.0,249.0,0.0,659.0,254.0,0.0,637.0,243.0,0.0,664.0,251.0,,,,30,,Myles,Peart-Harris,Peart-Harris,has joined Oxford United permanently.,,1,0,0,0,0,0,0,0,0,0,0,0,0,,,,0.0,0.0,0.0,0.0,0.0,0,0,0
679,a,,,4.2,639,35.0,0,0.0,-3,3.0,0.5,267,36.0,43,3,4.3,43.0,3.0,8,157,5.5,19.0,2.0,1.3,10.2,0.0,48064,3879,43496,447,5.5,5.0,0.0,0.01,0.01,12.76,0.0,0.0,0.0,1.28,253.0,228.0,23.0,0.0,624.0,79.0,0.0,598.0,67.0,25.3,354.0,23.0,,,,30,,Mads,Hermansen,Hermansen,,,900,0,0,4,18,0,0,0,0,0,33,10,34,,,,3.3,0.4,1.8,1.0,0.0,0,14,98
708,a,100.0,100.0,5.5,152,95.0,0,0.0,0,0.0,0.4,281,99.0,105,1,3.8,84.0,37.0,6,517,2.5,164.0,66.0,0.5,19.1,0.0,111107,1107,69170,1160,2.5,2.0,1.23,2.0,3.23,37.21,0.05,0.08,0.13,1.45,520.0,69.0,20.0,472.0,38.0,34.0,105.0,245.0,135.0,109.8,76.0,47.0,4.0,,,30,,Mateus Gonçalo,Espanha Fernandes,M.Fernandes,,,2303,3,3,5,40,0,0,0,6,0,0,27,290,,,,0.0,0.2,1.56,1.06,11.33,78,70,142
718,a,,,5.0,278,172.0,0,0.0,0,0.0,0.0,659,263.0,39,0,2.1,324.0,143.0,2,176,1.2,248.0,105.0,0.2,7.8,0.0,5376,11,4834,28,1.2,0.7,0.44,0.32,0.76,18.79,0.04,0.03,0.07,1.77,179.6,287.0,125.0,82.8,293.0,170.0,44.0,336.0,176.0,30.6,340.0,166.0,,,,30,,Soungoutou,Magassa,S.Magassa,,,957,1,0,2,23,0,0,0,4,0,0,11,124,,,,0.0,0.19,2.16,1.03,11.66,40,33,51
738,d,25.0,25.0,4.5,405,20.0,0,0.0,0,0.0,0.0,637,80.0,0,0,0.0,689.0,91.0,0,0,0.0,605.0,89.0,0.0,0.0,0.0,6030,14,5810,17,0.0,-0.1,0.0,0.0,0.0,0.0,0.0,0.0,0.0,0.0,0.0,683.0,91.0,0.0,678.0,84.0,0.0,659.0,74.0,0.0,685.0,91.0,,,,30,,Lukasz,Fabianski,Fabianski,Back injury - 25% chance of playing,,0,0,0,0,0,0,0,0,0,0,0,0,0,,,,0.0,0.0,0.0,0.0,0.0,0,0,0
747,a,,,4.0,727,200.0,0,0.0,0,0.0,0.0,631,225.0,6,0,1.0,458.0,168.0,0,18,0.2,351.0,125.0,0.0,1.5,0.0,2595,12,2164,31,0.2,-0.3,0.12,0.49,0.61,3.21,0.1,0.39,0.49,2.56,21.8,447.0,165.0,34.9,372.0,133.0,9.0,415.0,156.0,6.6,438.0,158.0,,,,30,,Ezra,Mayers,Mayers,,,113,0,0,0,3,0,0,0,0,0,0,0,5,,,,0.0,0.0,2.39,0.0,3.98,0,5,6
634,a,100.0,100.0,4.3,605,138.0,0,0.0,-2,2.0,0.1,449,166.0,51,1,2.3,296.0,110.0,3,197,3.6,88.0,32.0,0.8,11.9,0.0,18593,96,13848,515,0.0,3.1,1.57,0.47,2.04,29.91,0.08,0.02,0.1,1.58,345.2,164.0,71.0,125.7,231.0,61.0,209.0,125.0,21.0,68.0,189.0,64.0,,,,30,,Yerson,Mosquera Valdelamar,Mosquera,,,1707,0,0,4,31,2,0,0,10,0,0,19,182,,,,0.0,0.21,1.63,1.0,8.96,49,121,78
635,a,100.0,100.0,4.4,545,117.0,0,0.0,-1,1.0,0.1,526,188.0,35,1,2.3,297.0,111.0,0,87,3.2,101.0,37.0,0.7,8.0,0.0,12794,118,15543,292,0.0,2.7,1.69,0.31,2.0,8.49,0.25,0.05,0.3,1.28,169.2,296.0,116.0,63.2,323.0,110.0,182.0,160.0,35.0,41.6,293.0,96.0,,,,30,,Rodrigo,Martins Gomes,R.Gomes,,,599,3,0,0,11,0,0,0,0,0,0,6,49,,,,0.0,0.0,1.65,0.9,5.26,16,19,21
636,a,100.0,100.0,4.4,532,108.0,0,0.0,-1,1.0,0.1,447,165.0,72,1,3.3,149.0,57.0,2,264,2.6,147.0,59.0,0.6,16.4,0.0,30960,91,26003,577,0.0,2.1,1.67,1.04,2.71,32.78,0.08,0.05,0.13,1.53,447.8,97.0,43.0,98.5,269.0,79.0,170.0,172.0,40.0,71.5,172.0,60.0,,,,30,,Santiago,Ignacio Bueno,S.Bueno,,,1922,2,2,4,33,0,0,0,4,0,0,21,176,,,,0.0,0.19,1.55,0.98,7.49,42,118,48
637,a,100.0,100.0,4.2,642,151.0,0,0.0,-3,3.0,0.1,518,184.0,28,0,2.0,329.0,121.0,0,102,1.6,218.0,81.0,0.4,6.7,0.0,7641,28,19791,49,0.0,1.1,0.22,0.21,0.43,18.99,0.02,0.02,0.04,1.64,240.4,239.0,95.0,78.2,302.0,98.0,34.0,354.0,116.0,35.3,314.0,106.0,,,,30,,Toti,Gomes,Toti,,,1039,0,0,1,25,0,0,0,1,1,0,13,118,,,,0.0,0.09,2.17,1.13,8.32,16,80,40
638,u,0.0,0.0,3.8,797,242.0,0,0.0,-2,2.0,0.9,195,75.0,10,0,1.2,438.0,156.0,0,38,0.0,394.0,145.0,0.0,2.6,0.0,121813,0,263122,695,0.0,0.0,0.02,0.36,0.38,9.36,0.0,0.08,0.08,1.99,101.4,360.0,139.0,87.8,287.0,90.0,13.0,398.0,145.0,20.3,374.0,132.0,,,,30,,Ki-Jana,Hoever,Hoever,has joined Sheffield United on loan for the rest of the season.,,423,0,0,0,13,0,0,0,0,0,0,6,46,,,,0.0,0.0,2.77,1.28,8.51,13,27,16
639,u,0.0,0.0,4.0,716,190.0,0,0.0,0,0.0,0.0,767,259.0,0,0,0.0,618.0,231.0,0,0,0.0,493.0,196.0,0.0,0.0,0.0,0,0,883,1,0.0,0.0,0.0,0.0,0.0,0.0,0.0,0.0,0.0,0.0,0.0,608.0,231.0,0.0,600.0,231.0,0.0,571.0,228.0,0.0,610.0,231.0,,,,30,,Bastien,Meupiyou Menadjou,Meupiyou,On loan to FC Alverca,,0,0,0,0,0,0,0,0,0,0,0,0,0,,,,0.0,0.0,0.0,0.0,0.0,0,0,0
640,a,100.0,100.0,4.0,736,209.0,0,0.0,0,0.0,0.4,289,107.0,3,0,1.0,460.0,170.0,0,5,0.0,510.0,212.0,0.0,0.8,0.0,10172,35,89703,132,0.0,-0.5,0.0,0.0,0.0,0.79,0.0,0.0,0.0,23.7,0.2,506.0,179.0,0.5,476.0,175.0,2.0,442.0,166.0,0.2,504.0,178.0,,,,30,,Pedro,Cardoso de Lima,Pedro Lima,,,3,0,0,0,1,0,0,0,0,0,0,0,0,,,,0.0,0.0,30.0,0.0,0.0,0,0,1
1,a,,,6.0,86,1.0,0,0.0,5,-5.0,33.4,10,1.0,129,7,4.2,55.0,4.0,6,515,4.2,65.0,5.0,0.7,21.5,0.0,4107319,17624,2403348,32202,0.0,5.2,0.0,0.06,0.06,22.3,0.0,0.0,0.0,0.72,445.8,100.0,17.0,33.4,375.0,3.0,0.0,813.0,94.0,48.0,266.0,16.0,,,,30,,David,Raya Martín,Raya,,,2790,0,0,15,22,0,0,0,1,0,50,31,94,,,,1.61,0.48,0.71,1.0,0.0,1,30,257
4,a,,,3.9,777,89.0,0,0.0,-1,1.0,0.2,363,52.0,0,0,0.0,570.0,60.0,0,0,0.0,442.0,51.0,0.0,0.0,0.0,33890,47,33918,189,0.0,1.0,0.0,0.0,0.0,0.0,0.0,0.0,0.0,0.0,0.0,559.0,60.0,0.0,546.0,43.0,0.0,515.0,30.0,0.0,561.0,60.0,,,,30,,Tommy,Setford,Setford,,,0,0,0,0,0,0,0,0,0,0,0,0,0,,,,0.0,0.0,0.0,0.0,0.0,0,0,0
5,a,100.0,100.0,7.2,32,1.0,0,0.0,12,-12.0,41.2,5,1.0,173,9,6.9,2.0,1.0,25,593,7.0,7.0,3.0,1.0,24.0,0.0,8242385,21716,5264929,56651,0.0,8.0,1.9,1.65,3.55,15.82,0.08,0.07,0.15,0.66,686.8,19.0,7.0,108.4,258.0,73.0,199.0,140.0,26.0,99.2,92.0,24.0,,,,30,,Gabriel,dos Santos Magalhães,Gabriel,,,2165,3,4,14,15,0,0,0,3,0,0,24,239,,,,0.0,0.58,0.62,1.0,9.31,32,192,46
6,a,100.0,100.0,6.1,84,4.0,0,0.0,1,-1.0,13.1,27,9.0,107,11,4.3,47.0,18.0,9,448,4.8,50.0,18.0,0.8,17.5,0.0,1922550,12393,2254847,14634,0.0,5.8,0.88,0.7,1.58,15.15,0.04,0.03,0.07,0.66,433.6,109.0,49.0,156.4,204.0,52.0,74.0,294.0,86.0,66.4,200.0,68.0,,,,30,,William,Saliba,Saliba,,,2074,1,0,11,16,0,0,0,1,0,0,24,181,,,,0.0,0.48,0.69,1.04,6.51,29,121,96
7,a,100.0,100.0,5.6,131,13.0,0,0.0,1,-1.0,5.9,64,22.0,93,6,4.2,54.0,23.0,4,339,1.6,219.0,82.0,0.3,16.6,0.0,2635200,1348,2468795,2534,0.0,2.6,2.92,0.49,3.41,8.96,0.18,0.03,0.21,0.56,244.4,235.0,93.0,127.9,227.0,60.0,249.0,103.0,13.0,62.2,209.0,72.0,,,,30,,Riccardo,Calafiori,Calafiori,,,1446,1,2,11,8,0,0,0,5,0,0,18,134,,,,0.0,0.68,0.5,1.12,5.91,31,64,65
8,a,100.0,100.0,6.3,69,2.0,0,0.0,8,-8.0,26.7,13,4.0,149,1,5.0,14.0,3.0,9,532,5.2,34.0,12.0,0.8,23.7,0.0,6704565,11389,3890575,105285,0.0,6.2,4.71,1.53,6.24,17.45,0.17,0.06,0.23,0.64,499.0,77.0,36.0,402.6,57.0,9.0,352.0,66.0,4.0,125.7,46.0,4.0,,,,30,,Jurriën,Timber,J.Timber,,,2452,3,6,13,20,0,0,0,5,0,0,28,178,,,,0.0,0.48,0.73,1.03,5.43,66,82,97
9,u,0.0,0.0,5.4,170,20.0,0,0.0,-1,1.0,0.0,593,211.0,0,0,0.0,805.0,266.0,0,0,0.0,783.0,264.0,0.0,0.0,0.0,1119,0,10913,1,0.0,0.0,0.0,0.0,0.0,0.0,0.0,0.0,0.0,0.0,0.0,804.0,266.0,0.0,803.0,266.0,0.0,801.0,266.0,0.0,804.0,266.0,,,,30,,Jakub,Kiwior,Kiwior,has joined Porto on loan for the rest of the season.,,0,0,0,0,0,0,0,0,0,0,0,0,0,,,,0.0,0.0,0.0,0.0,0.0,0,0,0
10,a,,,5.1,240,36.0,0,0.0,-4,4.0,1.4,164,64.0,12,0,0.9,511.0,176.0,0,36,0.0,763.0,260.0,0.0,2.4,0.0,135162,119,467027,596,0.0,1.0,0.05,0.06,0.11,5.26,0.01,0.02,0.03,1.52,31.2,433.0,161.0,45.5,358.0,125.0,18.0,390.0,139.0,9.4,423.0,152.0,,,,30,,Myles,Lewis-Skelly,Lewis-Skelly,,,311,0,0,0,5,0,0,0,3,0,0,1,21,,,,0.0,0.0,1.45,0.29,4.05,4,10,14
11,a,100.0,100.0,5.1,225,30.0,0,0.0,-4,4.0,0.5,268,100.0,30,0,4.3,44.0,17.0,3,112,0.0,759.0,259.0,0.0,5.9,0.0,347175,118,408733,269,0.0,1.0,0.43,0.49,0.92,6.13,0.09,0.11,0.2,1.35,111.4,353.0,134.0,92.7,283.0,87.0,46.0,333.0,109.0,25.0,355.0,121.0,,,,30,,Benjamin,White,White,,,409,0,1,3,4,0,0,0,0,0,0,5,40,,,,0.0,0.66,0.88,1.1,7.92,13,23,18
13,a,,,3.8,811,256.0,0,0.0,-2,2.0,0.4,275,103.0,0,0,0.0,538.0,197.0,0,0,0.0,407.0,158.0,0.0,0.0,0.0,51950,38,79161,219,0.0,1.0,0.0,0.0,0.0,0.0,0.0,0.0,0.0,0.0,0.0,527.0,196.0,0.0,512.0,196.0,0.0,481.0,191.0,0.0,529.0,196.0,,,,30,,Brayden,Clarke,Clarke,,,0,0,0,0,0,0,0,0,0,0,0,0,0,,,,0.0,0.0,0.0,0.0,0.0,0,0,0
14,u,0.0,0.0,3.9,782,229.0,0,0.0,-1,1.0,0.1,495,177.0,0,0,0.0,575.0,209.0,0,0,0.0,447.0,173.0,0.0,0.0,0.0,10218,0,22703,13,0.0,0.0,0.0,0.0,0.0,0.0,0.0,0.0,0.0,0.0,0.0,564.0,208.0,0.0,551.0,208.0,0.0,520.0,203.0,0.0,566.0,208.0,,,,30,,Maldini,Kacurri,Kacurri,has joined Morecambe on loan for the rest of the season.,,0,0,0,0,0,0,0,0,0,0,0,0,0,,,,0.0,0.0,0.0,0.0,0.0,0,0,0
15,a,,,3.7,818,262.0,0,0.0,-3,3.0,0.3,329,121.0,0,0,0.0,522.0,183.0,0,0,0.0,383.0,136.0,0.0,0.0,0.0,31162,423,30655,446,0.0,1.0,0.0,0.0,0.0,0.0,0.0,0.0,0.0,0.0,0.0,511.0,182.0,0.0,494.0,180.0,0.0,461.0,173.0,0.0,513.0,182.0,,,,30,,Josh,Nichols,Nichols,,,0,0,0,0,0,0,0,0,0,0,0,0,0,,,,0.0,0.0,0.0,0.0,0.0,0,0,0
16,a,100.0,100.0,9.8,6,4.0,0,0.0,-2,2.0,8.0,47,17.0,133,3,4.9,16.0,8.0,14,497,6.2,9.0,4.0,0.6,13.6,0.0,4125322,5356,5066493,18281,0.0,7.2,6.99,5.75,12.74,14.36,0.32,0.26,0.58,0.65,538.8,60.0,16.0,725.9,10.0,10.0,762.0,6.0,2.0,202.9,6.0,4.0,2.0,2.0,1.0,30,,Bukayo,Saka,Saka,,,1995,6,8,10,16,0,0,0,1,0,0,22,163,,,,0.0,0.45,0.72,0.99,7.35,35,24,104
17,d,75.0,50.0,7.8,18,13.0,0,0.0,-2,2.0,1.6,158,53.0,62,0,3.1,187.0,80.0,5,252,0.8,314.0,140.0,0.1,7.9,0.0,377052,29,644790,1179,0.0,0.9,1.01,2.91,3.92,12.89,0.08,0.24,0.32,1.08,259.6,222.0,96.0,434.7,43.0,37.0,144.0,198.0,112.0,83.7,134.0,75.0,4.0,,3.0,30,,Martin,Ødegaard,Ødegaard,Knee injury - 75% chance of playing,,1070,1,6,4,11,0,0,0,0,0,0,13,81,,,,0.0,0.34,0.93,1.09,6.81,17,13,51
18,a,100.0,100.0,6.8,44,28.0,0,0.0,-2,2.0,0.9,204,69.0,54,3,2.7,248.0,104.0,6,186,1.2,259.0,116.0,0.2,7.9,0.0,369573,342,406776,2942,0.0,2.2,1.03,2.06,3.09,9.66,0.1,0.21,0.31,0.98,192.4,278.0,118.0,266.3,122.0,85.0,312.0,77.0,46.0,77.0,149.0,81.0,3.0,,,30,,Noni,Madueke,Madueke,,,889,2,1,6,7,0,0,0,0,0,0,12,49,,,,0.0,0.61,0.71,1.21,4.96,16,11,22
19,a,100.0,100.0,6.8,46,29.0,0,0.0,-2,2.0,0.9,202,68.0,47,4,1.9,363.0,157.0,1,159,1.8,215.0,89.0,0.3,6.9,0.0,187412,284,263061,1107,0.0,2.8,3.53,1.0,4.53,7.5,0.38,0.11,0.49,0.8,167.2,299.0,131.0,143.3,214.0,139.0,331.0,72.0,41.0,63.5,207.0,103.0,,,,30,,Gabriel,Martinelli Silva,Martinelli,,,839,1,4,2,5,0,0,0,2,0,0,9,64,,,,0.0,0.21,0.54,0.97,6.87,10,12,42
20,a,100.0,75.0,6.6,48,30.0,0,0.0,-4,4.0,0.8,208,72.0,99,0,3.8,88.0,41.0,9,351,1.0,279.0,124.0,0.2,15.0,0.0,535424,63,493837,4644,0.0,1.5,4.96,2.7,7.66,11.74,0.27,0.15,0.42,0.63,407.4,123.0,40.0,450.0,40.0,36.0,432.0,42.0,25.0,129.2,43.0,31.0,,,4.0,30,,Leandro,Trossard,Trossard,,,1675,5,5,8,14,0,0,0,1,0,0,18,115,,,,0.0,0.43,0.75,0.97,6.18,25,22,68
23,u,0.0,0.0,5.4,169,106.0,0,0.0,-1,1.0,0.0,685,278.0,0,0,0.0,804.0,357.0,0,0,0.0,782.0,342.0,0.0,0.0,0.0,933,0,4430,0,0.0,0.0,0.0,0.0,0.0,0.0,0.0,0.0,0.0,0.0,0.0,803.0,356.0,0.0,802.0,356.0,0.0,800.0,355.0,0.0,803.0,356.0,,,,30,,Fábio,Ferreira Vieira,Fábio Vieira,has joined Hamburger on loan for the rest of the season.,,0,0,0,0,0,0,0,0,0,0,0,0,0,,,,0.0,0.0,0.0,0.0,0.0,0,0,0
24,a,100.0,100.0,5.1,223,136.0,0,0.0,-4,4.0,0.1,435,145.0,6,0,1.0,499.0,230.0,0,19,0.4,342.0,157.0,0.1,1.2,0.0,7738,20,61317,57,0.0,1.4,0.05,0.0,0.05,2.23,0.08,0.0,0.08,3.58,15.8,454.0,202.0,0.4,480.0,232.0,7.0,427.0,205.0,2.4,467.0,212.0,,,,30,,Christian,Nørgaard,Nørgaard,,,56,0,0,0,1,0,0,0,0,0,0,0,11,,,,0.0,0.0,1.61,0.0,17.68,0,7,4
25,u,0.0,0.0,5.0,272,166.0,0,0.0,-5,5.0,0.1,450,152.0,8,0,1.3,435.0,195.0,0,20,0.0,752.0,322.0,0.0,1.6,0.0,13149,0,36989,24,0.0,0.0,0.23,0.08,0.31,0.73,0.13,0.04,0.17,0.4,8.6,468.0,210.0,22.5,392.0,197.0,24.0,376.0,190.0,5.4,444.0,197.0,,,,30,,Ethan,Nwaneri,Nwaneri,has joined Marseille on loan for the rest of the season.,,165,0,0,1,0,0,0,0,0,0,0,0,13,,,,0.0,0.55,0.0,0.0,7.09,2,1,10
26,a,100.0,100.0,5.1,238,144.0,-1,1.0,-4,4.0,3.8,96,32.0,117,3,3.8,83.0,36.0,9,530,2.8,137.0,53.0,0.5,22.9,0.0,1321311,1066,1120997,24207,0.0,3.8,2.77,2.19,4.96,21.07,0.1,0.08,0.18,0.73,539.6,59.0,15.0,335.9,81.0,61.0,258.0,99.0,61.0,113.5,71.0,45.0,,,,30,,Martín,Zubimendi Ibáñez,Zubimendi,,,2597,5,1,15,20,0,0,0,4,0,0,30,257,,,,0.0,0.52,0.69,1.04,8.91,54,104,99
28,u,0.0,0.0,4.5,484,298.0,0,0.0,0,0.0,0.1,492,175.0,0,0,0.0,736.0,307.0,0,0,0.0,664.0,260.0,0.0,0.0,0.0,6731,0,30283,10,0.0,0.0,0.0,0.0,0.0,0.0,0.0,0.0,0.0,0.0,0.0,734.0,305.0,0.0,728.0,305.0,0.0,715.0,301.0,0.0,734.0,305.0,,,,30,,Ismeal,Kabia,Kabia,has joined Shrewsbury Town on loan for the rest of the season.,,0,0,0,0,0,0,0,0,0,0,0,0,0,,,,0.0,0.0,0.0,0.0,0.0,0,0,0
29,u,0.0,0.0,4.5,428,256.0,0,0.0,0,0.0,0.0,587,221.0,0,0,0.0,699.0,275.0,0,0,0.0,619.0,221.0,0.0,0.0,0.0,2952,0,14088,4,0.0,0.0,0.0,0.0,0.0,0.0,0.0,0.0,0.0,0.0,0.0,693.0,269.0,0.0,689.0,272.0,0.0,672.0,265.0,0.0,695.0,271.0,,,,30,,Albert,Sambi Lokonga,Sambi,has joined Hamburger permanently.,,0,0,0,0,0,0,0,0,0,0,0,0,0,,,,0.0,0.0,0.0,0.0,0.0,0,0,0
30,a,100.0,100.0,7.3,27,11.0,0,0.0,-2,2.0,0.5,266,41.0,12,2,2.0,342.0,38.0,0,57,0.8,313.0,39.0,0.1,1.6,0.0,114576,425,198452,1073,0.0,1.8,0.31,0.09,0.4,2.41,0.11,0.03,0.14,0.83,37.2,426.0,50.0,47.6,353.0,44.0,49.0,329.0,51.0,13.5,404.0,51.0,,,,30,,Kai,Havertz,Havertz,,,261,0,1,3,0,0,0,0,0,0,0,3,14,,,,0.0,1.03,0.0,1.03,4.83,3,5,6
31,a,100.0,100.0,6.4,56,20.0,0,0.0,-1,1.0,0.4,294,45.0,17,0,1.5,414.0,51.0,0,68,0.0,808.0,88.0,0.0,2.7,0.0,147740,159,124108,1639,0.0,1.0,1.75,0.19,1.94,3.56,0.52,0.06,0.58,1.05,100.6,361.0,36.0,24.9,387.0,50.0,207.0,127.0,31.0,33.0,325.0,38.0,,,,30,,Gabriel,Fernando de Jesus,G.Jesus,,,304,2,0,0,6,0,0,0,2,0,0,2,26,,,,0.0,0.0,1.78,0.59,7.7,4,4,18
266,a,,,7.2,33,19.0,0,0.0,-3,3.0,8.0,48,18.0,94,3,3.6,119.0,55.0,8,358,4.6,52.0,24.0,0.6,13.1,0.0,3363804,1917,3748990,12213,0.0,5.6,3.88,2.23,6.11,10.3,0.23,0.13,0.36,0.62,338.4,173.0,66.0,242.8,139.0,96.0,373.0,58.0,35.0,95.3,101.0,59.0,,,,30,,Eberechi,Eze,Eze,,,1494,6,3,8,10,0,0,0,1,0,0,17,96,,,,0.0,0.48,0.6,1.02,5.78,16,19,61
662,a,100.0,100.0,5.3,200,25.0,0,0.0,-2,2.0,0.1,423,157.0,28,1,2.0,338.0,123.0,1,149,1.4,238.0,92.0,0.3,5.3,0.0,46065,120,52454,216,0.0,2.4,0.0,0.49,0.49,5.49,0.0,0.07,0.07,0.74,153.8,309.0,118.0,51.0,342.0,118.0,10.0,413.0,154.0,21.5,370.0,129.0,,,,30,,Cristhian,Mosquera,Mosquera,,,667,0,0,2,5,0,0,0,2,0,0,6,82,,,,0.0,0.27,0.67,0.81,9.31,23,46,24
666,a,100.0,100.0,8.8,8,4.0,0,0.0,-2,2.0,11.5,30,5.0,101,7,3.5,128.0,10.0,13,382,5.0,42.0,5.0,0.6,11.5,0.0,3450307,11826,5046014,29345,0.0,6.0,9.23,1.76,10.98,13.85,0.44,0.08,0.52,0.66,413.8,118.0,10.0,211.3,166.0,13.0,622.0,19.0,12.0,123.9,51.0,11.0,,,2.0,30,,Viktor,Gyökeres,Gyökeres,,,1888,11,0,10,11,0,0,0,4,0,0,23,73,,,,0.0,0.48,0.52,1.1,3.48,6,20,47
700,a,100.0,100.0,4.2,650,370.0,0,0.0,-3,3.0,0.6,241,83.0,11,6,3.7,91.0,43.0,0,39,1.2,239.0,99.0,0.3,2.6,0.0,193474,4142,143075,1613,0.0,2.2,1.11,0.04,1.15,0.18,2.32,0.08,2.4,0.38,38.2,423.0,185.0,23.3,390.0,196.0,47.0,331.0,173.0,10.9,415.0,189.0,,,,30,,Max,Dowman,Dowman,,,43,1,1,0,0,0,0,0,0,0,0,0,7,,,,0.0,0.0,0.0,0.0,14.65,2,0,5
711,a,,,4.4,573,344.0,0,0.0,-1,1.0,0.0,705,287.0,0,0,0.0,688.0,269.0,0,0,0.0,604.0,214.0,0.0,0.0,0.0,1922,4,1814,13,0.0,1.0,0.0,0.0,0.0,0.0,0.0,0.0,0.0,0.0,0.0,682.0,263.0,0.0,677.0,266.0,0.0,658.0,258.0,0.0,684.0,265.0,,,,30,,Andre,Harriman-Annous,Harriman-Annous,,,0,0,0,0,0,0,0,0,0,0,0,0,0,,,,0.0,0.0,0.0,0.0,0.0,0,0,0
725,a,100.0,100.0,5.1,235,34.0,0,0.0,-4,4.0,0.8,205,80.0,74,4,3.5,123.0,43.0,6,282,5.0,39.0,15.0,1.0,14.5,0.0,536478,1549,432872,4131,0.0,6.0,0.33,1.39,1.72,14.19,0.02,0.08,0.1,0.85,383.4,140.0,61.0,168.4,192.0,50.0,57.0,318.0,101.0,60.7,217.0,74.0,,,,30,,Piero,Hincapié,Hincapie,,,1499,1,2,4,16,1,0,0,2,0,0,17,141,,,,0.0,0.24,0.96,1.02,8.47,39,102,55
759,a,,,4.0,731,204.0,0,0.0,0,0.0,0.0,680,238.0,0,0,0.0,630.0,242.0,0,0,0.0,506.0,208.0,0.0,0.0,0.0,1368,15,1205,40,0.0,1.0,0.0,0.0,0.0,0.0,0.0,0.0,0.0,0.0,0.0,620.0,242.0,0.0,612.0,242.0,0.0,583.0,239.0,0.0,622.0,242.0,,,,30,,Marli,Salmon,Salmon,,,0,0,0,0,0,0,0,0,0,0,0,0,0,,,,0.0,0.0,0.0,0.0,0.0,0,0,0
32,a,100.0,100.0,5.1,222,7.0,0,0.0,1,-1.0,5.1,73,13.0,99,2,3.8,82.0,10.0,10,427,1.8,211.0,20.0,0.4,19.4,0.0,961966,23037,655752,3842,1.8,1.3,0.0,0.06,0.06,34.86,0.0,0.0,0.0,1.37,598.4,43.0,11.0,13.2,411.0,5.0,0.0,792.0,90.0,61.1,214.0,11.0,,,,30,,Emiliano,Martínez Romero,Martinez,,,2295,0,0,6,29,0,1,0,2,0,75,26,78,,,,2.94,0.24,1.14,1.02,0.0,0,25,217
33,a,100.0,100.0,4.2,628,32.0,0,0.0,-3,3.0,0.4,284,38.0,11,0,2.2,307.0,30.0,0,51,0.0,522.0,82.0,0.0,2.6,0.0,83832,59,115411,200,0.0,-0.5,0.0,0.0,0.0,8.53,0.0,0.0,0.0,1.9,92.8,371.0,28.0,0.0,622.0,77.0,0.0,595.0,64.0,9.3,424.0,28.0,,,,30,,Marco,Bizot,M.Bizot,,,405,0,0,1,8,0,0,0,2,0,13,4,23,,,,2.89,0.22,1.78,0.89,0.0,0,6,41
35,u,0.0,0.0,4.0,686,52.0,0,0.0,0,0.0,0.0,754,86.0,0,0,0.0,595.0,72.0,0,0,0.0,469.0,65.0,0.0,0.0,0.0,0,0,1271,3,0.0,0.0,0.0,0.0,0.0,0.0,0.0,0.0,0.0,0.0,0.0,584.0,72.0,0.0,575.0,59.0,0.0,545.0,46.0,0.0,586.0,72.0,,,,30,,Filip,Marschall,Marschall,Has joined Stevenage permanently.,,0,0,0,0,0,0,0,0,0,0,0,0,0,,,,0.0,0.0,0.0,0.0,0.0,0,0,0
38,a,100.0,100.0,4.4,526,104.0,0,0.0,-1,1.0,8.2,45,15.0,89,1,3.1,174.0,68.0,3,437,2.2,178.0,70.0,0.5,20.2,0.0,750372,15389,2037238,4214,2.2,1.7,1.01,0.55,1.56,41.86,0.04,0.02,0.06,1.46,525.0,66.0,29.0,92.8,280.0,86.0,104.0,246.0,67.0,72.7,165.0,57.0,,,,30,,Ezri,Konsa Ngoyo,Konsa,,,2585,0,1,8,36,0,0,0,0,1,0,29,201,,,,0.0,0.28,1.25,1.01,6.06,20,154,89
40,a,100.0,100.0,4.3,579,125.0,0,0.0,-2,2.0,0.7,221,85.0,44,3,3.4,131.0,46.0,4,148,1.2,240.0,93.0,0.3,10.2,0.0,155018,1130,202871,379,1.2,0.7,1.01,0.37,1.38,17.52,0.09,0.03,0.12,1.64,214.8,265.0,108.0,70.9,309.0,103.0,61.0,312.0,96.0,34.7,317.0,108.0,,,,30,,Tyrone,Mings,Mings,,,962,0,1,3,15,0,0,0,0,0,0,11,96,,,,0.0,0.28,1.4,1.03,7.48,4,76,29
41,a,100.0,100.0,4.3,588,131.0,0,0.0,-2,2.0,0.3,317,116.0,50,0,3.1,173.0,67.0,2,225,0.2,353.0,127.0,0.0,11.6,0.0,71143,135,97374,253,0.2,-0.3,0.63,0.34,0.97,17.98,0.04,0.02,0.06,1.25,251.8,231.0,90.0,37.8,366.0,130.0,55.0,320.0,103.0,34.7,318.0,109.0,,,,30,,Pau,Torres,Pau,,,1296,0,1,4,15,1,0,0,0,0,0,14,121,,,,0.0,0.28,1.04,0.97,6.53,18,76,66
42,a,100.0,100.0,3.9,783,230.0,0,0.0,-1,1.0,0.2,370,137.0,3,1,0.8,512.0,177.0,0,4,0.5,316.0,111.0,0.1,0.8,0.0,28791,93,41174,122,0.5,0.0,0.0,0.01,0.01,1.55,0.0,0.02,0.02,3.77,3.0,486.0,174.0,2.4,456.0,166.0,0.0,521.0,204.0,0.5,492.0,173.0,,,,30,,Andrés,García,A.García,,,37,0,0,0,2,0,0,0,0,0,0,0,1,,,,0.0,0.0,4.86,0.0,2.43,1,0,2
44,a,100.0,100.0,4.0,705,182.0,0,0.0,0,0.0,0.5,246,93.0,34,1,1.4,416.0,150.0,4,107,0.5,317.0,112.0,0.1,8.5,0.0,108092,333,92043,388,0.5,0.0,0.0,0.19,0.19,11.99,0.0,0.02,0.02,1.35,109.0,355.0,135.0,54.0,338.0,116.0,14.0,394.0,142.0,17.6,387.0,138.0,,,,30,,Lamare,Bogarde,Bogarde,,,797,0,0,2,13,0,0,0,5,0,0,8,57,,,,0.0,0.23,1.47,0.9,5.42,20,28,33
45,u,0.0,0.0,3.8,802,247.0,0,0.0,-2,2.0,0.3,339,126.0,0,0,0.0,533.0,192.0,0,0,0.0,399.0,150.0,0.0,0.0,0.0,22076,0,38124,178,0.0,0.0,0.0,0.0,0.0,0.0,0.0,0.0,0.0,0.0,0.0,522.0,191.0,0.0,506.0,190.0,0.0,474.0,184.0,0.0,524.0,191.0,,,,30,,Lino,da Cruz Sousa,Sousa,has joined Rotherham on loan for the rest of the season.,,0,0,0,0,0,0,0,0,0,0,0,0,0,,,,0.0,0.0,0.0,0.0,0.0,0,0,0
46,u,0.0,0.0,4.0,721,195.0,0,0.0,0,0.0,0.1,463,171.0,0,0,0.0,622.0,235.0,0,0,0.0,498.0,201.0,0.0,0.0,0.0,4656,0,21014,8,0.0,0.0,0.0,0.0,0.0,0.0,0.0,0.0,0.0,0.0,0.0,612.0,235.0,0.0,604.0,235.0,0.0,575.0,232.0,0.0,614.0,235.0,,,,30,,Yasin,Özcan,Yasin,has joined Anderlecht on loan for the rest of the season.,,0,0,0,0,0,0,0,0,0,0,0,0,0,,,,0.0,0.0,0.0,0.0,0.0,0,0,0
47,a,100.0,100.0,7.5,22,14.0,0,0.0,5,-5.0,24.8,14,4.0,132,2,4.4,41.0,18.0,13,471,1.8,217.0,91.0,0.2,17.6,0.0,5988884,42576,4037559,36993,1.8,1.3,5.33,3.33,8.66,42.69,0.18,0.11,0.29,1.44,604.0,42.0,11.0,547.9,26.0,24.0,716.0,10.0,4.0,186.7,11.0,8.0,,1.0,,30,,Morgan,Rogers,Rogers,,,2677,8,5,8,37,0,0,0,6,0,0,30,187,,,,0.0,0.27,1.24,1.01,6.29,32,42,113
48,i,0.0,0.0,5.9,93,59.0,0,0.0,-1,1.0,0.6,229,80.0,52,0,3.1,185.0,79.0,3,289,0.0,796.0,353.0,0.0,8.8,0.0,158268,17,349117,276,0.0,0.0,0.97,2.53,3.5,23.03,0.07,0.18,0.25,1.6,317.2,183.0,73.0,401.3,59.0,48.0,147.0,195.0,109.0,86.6,125.0,72.0,3.0,,,30,,Youri,Tielemans,Tielemans,Ankle injury - Expected back 11 Apr,,1295,0,4,4,17,0,0,0,0,0,0,15,138,,,,0.0,0.28,1.18,1.04,9.59,38,33,67
49,a,100.0,100.0,5.5,142,88.0,0,0.0,0,0.0,0.1,469,160.0,12,1,1.5,411.0,180.0,0,40,2.0,199.0,82.0,0.4,2.2,0.0,7815,345,50648,111,2.0,1.5,0.31,1.15,1.46,5.02,0.09,0.33,0.42,1.45,50.8,413.0,180.0,112.0,251.0,157.0,53.0,325.0,170.0,21.6,369.0,175.0,2.0,,,30,,Leon,Bailey,Bailey,,,311,0,1,0,8,0,0,0,1,0,0,2,30,,,,0.0,0.0,2.32,0.58,8.68,6,3,21
55,a,100.0,100.0,4.8,349,219.0,0,0.0,-2,2.0,0.1,559,205.0,32,12,2.5,272.0,113.0,3,130,3.8,79.0,34.0,0.8,6.7,0.0,6721,1024,12381,70,3.8,3.3,0.69,0.74,1.43,5.9,0.19,0.21,0.4,1.64,134.6,326.0,146.0,92.7,282.0,168.0,82.0,279.0,151.0,30.9,336.0,165.0,,,,30,,Ross,Barkley,Barkley,,,324,2,1,0,6,0,0,0,0,0,0,1,40,,,,0.0,0.0,1.67,0.28,11.11,9,10,21
56,u,0.0,0.0,5.0,270,164.0,0,0.0,0,0.0,0.0,820,368.0,0,0,0.0,792.0,349.0,0,0,0.0,751.0,321.0,0.0,0.0,0.0,0,0,35,0,0.0,0.0,0.0,0.0,0.0,0.0,0.0,0.0,0.0,0.0,0.0,791.0,348.0,0.0,789.0,348.0,0.0,785.0,346.0,0.0,791.0,348.0,,,,30,,Enzo,Barrenechea,Barrenechea,Season-long loan to Benfica,,0,0,0,0,0,0,0,0,0,0,0,0,0,,,,0.0,0.0,0.0,0.0,0.0,0,0,0
57,u,0.0,0.0,5.0,262,160.0,0,0.0,0,0.0,0.0,668,268.0,0,0,0.0,788.0,346.0,0,0,0.0,747.0,318.0,0.0,0.0,0.0,889,0,5440,1,0.0,0.0,0.0,0.0,0.0,0.0,0.0,0.0,0.0,0.0,0.0,787.0,345.0,0.0,784.0,345.0,0.0,781.0,343.0,0.0,787.0,345.0,,,,30,,Lewis,Dobbin,Dobbin,Has joined Preston North End on loan for the rest of the season.,,0,0,0,0,0,0,0,0,0,0,0,0,0,,,,0.0,0.0,0.0,0.0,0.0,0,0,0
58,i,0.0,0.0,4.9,313,195.0,0,0.0,-1,1.0,0.2,387,129.0,61,0,3.4,135.0,60.0,7,282,0.0,723.0,301.0,0.0,12.4,0.0,111401,12,119532,163,0.0,0.0,0.53,0.84,1.36,20.8,0.03,0.05,0.08,1.33,325.0,179.0,72.0,241.3,142.0,98.0,75.0,290.0,158.0,64.2,204.0,101.0,,,,30,,Boubacar,Kamara,Kamara,Knee injury - Expected back 01 Jun,,1410,1,3,5,15,0,0,0,5,0,0,17,149,,,,0.0,0.32,0.96,1.09,9.51,38,46,65
59,a,100.0,100.0,4.8,364,227.0,0,0.0,-2,2.0,0.7,220,75.0,66,2,3.1,178.0,75.0,3,299,2.0,192.0,76.0,0.4,13.8,0.0,161352,587,277568,661,2.0,1.5,1.24,0.41,1.65,24.58,0.08,0.03,0.11,1.51,349.4,162.0,59.0,105.2,262.0,162.0,150.0,191.0,106.0,60.4,221.0,109.0,,,,30,,Amadou,Onana,Onana,,,1468,2,0,5,22,0,0,0,2,0,0,18,181,,,,0.0,0.31,1.35,1.1,11.1,36,86,59
60,u,0.0,0.0,4.4,565,339.0,0,0.0,-1,1.0,0.3,348,116.0,0,0,0.0,684.0,267.0,0,0,0.0,597.0,210.0,0.0,0.0,0.0,38290,0,51545,111,0.0,0.0,0.0,0.0,0.0,0.0,0.0,0.0,0.0,0.0,0.0,677.0,260.0,0.0,673.0,264.0,0.0,653.0,255.0,0.0,679.0,262.0,,,,30,,Ben,Broggio,Broggio,has joined Falkirk on loan for the rest of the season.,,0,0,0,0,0,0,0,0,0,0,0,0,0,,,,0.0,0.0,0.0,0.0,0.0,0,0,0
61,u,0.0,0.0,4.5,410,250.0,0,0.0,0,0.0,0.1,534,194.0,0,0,0.0,691.0,270.0,0,0,0.0,607.0,215.0,0.0,0.0,0.0,2169,0,33707,7,0.0,0.0,0.0,0.0,0.0,0.0,0.0,0.0,0.0,0.0,0.0,685.0,264.0,0.0,680.0,267.0,0.0,661.0,259.0,0.0,687.0,266.0,,,,30,,Leander,Dendoncker,Dendoncker,Has joined Real Oviedo permanently.,,0,0,0,0,0,0,0,0,0,0,0,0,0,,,,0.0,0.0,0.0,0.0,0.0,0,0,0
65,u,0.0,0.0,4.5,481,68.0,0,0.0,0,0.0,0.3,327,54.0,0,0,0.0,734.0,78.0,0,0,0.0,661.0,67.0,0.0,0.0,0.0,17574,0,85076,28,0.0,0.0,0.0,0.0,0.0,0.0,0.0,0.0,0.0,0.0,0.0,731.0,78.0,0.0,726.0,77.0,0.0,713.0,77.0,0.0,732.0,78.0,,,,30,,Zépiqueno,Redmond,Redmond,has joined Huddersfield Town on loan for the rest of the season.,,0,0,0,0,0,0,0,0,0,0,0,0,0,,,,0.0,0.0,0.0,0.0,0.0,0,0,0
456,a,100.0,0.0,5.8,106,69.0,0,0.0,-2,2.0,0.2,361,120.0,26,0,1.4,424.0,188.0,0,106,0.8,310.0,138.0,0.1,4.5,0.0,50606,213,53120,232,0.8,0.0,0.58,1.61,2.19,10.69,0.08,0.21,0.29,1.4,102.4,358.0,160.0,248.3,135.0,94.0,176.0,166.0,90.0,52.9,248.0,125.0,4.0,,,30,,Jadon,Sancho,Sancho,,,686,0,1,1,5,0,0,0,0,0,0,7,36,,,,0.0,0.13,0.66,0.92,4.72,6,11,19
699,a,100.0,100.0,4.9,315,196.0,0,0.0,-1,1.0,0.1,474,164.0,29,1,1.9,353.0,151.0,0,180,2.8,135.0,52.0,0.6,5.9,0.0,27750,354,20868,250,2.8,2.3,0.5,1.37,1.87,11.06,0.06,0.16,0.22,1.28,165.2,301.0,133.0,273.5,119.0,83.0,87.0,269.0,146.0,52.5,252.0,128.0,1.0,,,30,,Douglas Luiz,Soares de Paulo,Douglas Luiz,,,778,1,1,1,13,0,0,0,2,0,0,11,89,,,,0.0,0.12,1.5,1.27,10.3,20,21,48
701,u,0.0,0.0,4.0,717,191.0,0,0.0,0,0.0,0.1,536,190.0,0,0,0.0,619.0,232.0,0,0,0.0,494.0,197.0,0.0,0.0,0.0,8943,0,10748,8,0.0,0.0,0.0,0.0,0.0,0.0,0.0,0.0,0.0,0.0,0.0,609.0,232.0,0.0,601.0,232.0,0.0,572.0,229.0,0.0,611.0,232.0,,,,30,,Triston,Rowe,Rowe,has joined Annecy on loan for the rest of the season.,,0,0,0,0,0,0,0,0,0,0,0,0,0,,,,0.0,0.0,0.0,0.0,0.0,0,0,0
757,a,,,4.0,707,62.0,0,0.0,0,0.0,0.0,709,83.0,0,0,0.0,610.0,81.0,0,0,0.0,484.0,74.0,0.0,0.0,0.0,1305,10,898,22,0.0,-0.5,0.0,0.0,0.0,0.0,0.0,0.0,0.0,0.0,0.0,600.0,81.0,0.0,592.0,69.0,0.0,562.0,56.0,0.0,602.0,81.0,,,,30,,Ronnie,Hollingshead,Hollingshead,,,0,0,0,0,0,0,0,0,0,0,0,0,0,,,,0.0,0.0,0.0,0.0,0.0,0,0,0
504,u,0.0,0.0,4.0,676,47.0,0,0.0,0,0.0,0.1,524,76.0,0,0,0.0,586.0,67.0,0,0,0.0,460.0,60.0,0.0,0.0,0.0,0,0,15775,29,0.0,0.0,0.0,0.0,0.0,0.0,0.0,0.0,0.0,0.0,0.0,575.0,67.0,0.0,566.0,54.0,0.0,536.0,41.0,0.0,577.0,67.0,,,,30,,Matt,Turner,Turner,Has joined Lyon permanently.,,0,0,0,0,0,0,0,0,0,0,0,0,0,,,,0.0,0.0,0.0,0.0,0.0,0,0,0
768,a,,,4.0,739,212.0,0,0.0,0,0.0,0.0,701,246.0,0,0,0.0,635.0,247.0,0,0,0.0,513.0,215.0,0.0,0.0,0.0,696,12,624,19,0.0,-0.5,0.0,0.0,0.0,0.0,0.0,0.0,0.0,0.0,0.0,625.0,247.0,0.0,617.0,247.0,0.0,589.0,245.0,0.0,627.0,247.0,,,,30,,Leon,Routh,Leon Routh,,,0,0,0,0,0,0,0,0,0,0,0,0,0,,,,0.0,0.0,0.0,0.0,0.0,0,0,0
781,a,,,4.0,733,206.0,0,0.0,0,0.0,0.0,720,250.0,0,0,0.0,631.0,243.0,0,0,0.0,507.0,209.0,0.0,0.0,0.0,744,11,484,22,0.0,-0.5,0.0,0.0,0.0,0.0,0.0,0.0,0.0,0.0,0.0,621.0,243.0,0.0,613.0,243.0,0.0,584.0,240.0,0.0,623.0,243.0,,,,30,,TJ,Carroll,Carroll,,,0,0,0,0,0,0,0,0,0,0,0,0,0,,,,0.0,0.0,0.0,0.0,0.0,0,0,0
792,a,100.0,100.0,5.0,284,176.0,0,0.0,0,0.0,0.0,796,350.0,3,0,1.0,497.0,228.0,0,11,0.5,332.0,150.0,0.1,0.6,0.0,286,16,181,9,0.5,0.0,0.05,0.05,0.1,1.87,0.1,0.1,0.2,3.58,3.2,485.0,222.0,3.5,451.0,217.0,10.0,412.0,202.0,1.5,478.0,219.0,,,,30,,Alysson Edward Franco,da Rocha dos Santos,Alysson,,,47,0,0,0,2,0,0,0,0,0,0,0,4,,,,0.0,0.0,3.83,0.0,7.66,0,1,3
187,a,100.0,100.0,4.4,519,98.0,0,0.0,-1,1.0,1.1,184,69.0,61,6,2.2,311.0,116.0,3,188,2.5,150.0,61.0,0.6,13.9,0.0,151857,762,263289,465,2.0,2.0,0.12,0.99,1.11,54.31,0.0,0.04,0.04,1.99,407.0,124.0,54.0,174.0,189.0,49.0,22.0,381.0,133.0,60.6,219.0,75.0,,,,30,,Kyle,Walker,Walker,,,2461,0,2,4,51,0,0,0,8,0,0,28,223,,,,0.0,0.15,1.87,1.02,6.22,40,130,125
188,u,0.0,0.0,3.8,793,238.0,0,0.0,-2,2.0,0.2,368,136.0,0,0,0.0,528.0,187.0,0,0,0.0,390.0,141.0,0.0,0.0,0.0,26052,0,41826,120,0.0,0.0,0.0,0.0,0.0,0.0,0.0,0.0,0.0,0.0,0.0,517.0,186.0,0.0,501.0,185.0,0.0,469.0,179.0,0.0,519.0,186.0,,,,30,,Hannes,Delcroix,Delcroix,has joined Lugano permanently.,,0,0,0,0,0,0,0,0,0,0,0,0,0,,,,0.0,0.0,0.0,0.0,0.0,0,0,0
189,u,0.0,0.0,4.0,685,172.0,0,0.0,0,0.0,0.0,727,253.0,0,0,0.0,594.0,219.0,0,0,0.0,468.0,183.0,0.0,0.0,0.0,0,0,2381,1,0.0,0.0,0.0,0.0,0.0,0.0,0.0,0.0,0.0,0.0,0.0,583.0,218.0,0.0,574.0,218.0,0.0,544.0,214.0,0.0,585.0,218.0,,,,30,,Owen,Dodgson,Dodgson,Has joined Stockport County on loan for the rest of the season.,,0,0,0,0,0,0,0,0,0,0,0,0,0,,,,0.0,0.0,0.0,0.0,0.0,0,0,0
190,a,,,3.8,799,244.0,0,0.0,-2,2.0,0.8,214,82.0,44,0,2.9,200.0,77.0,2,121,0.0,396.0,147.0,0.0,11.6,0.0,248445,309,206843,795,-0.5,-0.5,0.21,0.24,0.45,22.73,0.02,0.02,0.04,1.74,273.8,213.0,84.0,43.1,359.0,126.0,78.0,282.0,81.0,39.5,300.0,99.0,,,,30,,Hjalmar,Ekdal,Ekdal,,,1179,0,0,2,24,0,0,0,0,0,0,13,146,,,,0.0,0.15,1.83,0.99,10.08,19,113,31
191,a,100.0,100.0,3.9,765,222.0,0,0.0,-1,1.0,7.7,50,16.0,66,6,2.4,281.0,106.0,0,224,2.2,176.0,68.0,0.6,16.9,0.0,770718,1997,1949295,2802,1.7,1.7,0.67,0.58,1.25,52.9,0.03,0.02,0.05,2.06,559.4,52.0,23.0,89.5,285.0,88.0,88.0,267.0,77.0,73.8,162.0,55.0,,,,30,,Maxime,Estève,Estève,,,2312,0,0,3,54,2,0,0,0,0,0,27,279,,,,0.0,0.12,2.1,1.05,9.85,31,222,88
192,a,,,4.0,697,178.0,0,0.0,0,0.0,0.6,228,87.0,52,6,3.2,160.0,63.0,0,192,1.5,221.0,84.0,0.4,13.0,0.0,184926,287,180376,332,1.0,1.0,0.19,1.52,1.71,31.95,0.01,0.1,0.11,2.04,317.2,182.0,75.0,229.7,149.0,37.0,59.0,315.0,98.0,60.7,216.0,73.0,,,,30,,Quilindschy,Hartman,Hartman,,,1410,0,5,3,28,0,0,0,1,0,0,16,130,,,,0.0,0.19,1.79,1.02,7.02,33,77,51
193,a,100.0,100.0,3.9,761,220.0,0,0.0,-1,1.0,0.1,430,161.0,39,6,2.8,221.0,85.0,1,167,2.2,175.0,67.0,0.6,10.0,0.0,20395,200,15301,171,1.7,1.7,0.32,0.62,0.94,24.34,0.03,0.05,0.08,1.91,280.2,208.0,82.0,96.8,271.0,81.0,61.0,311.0,95.0,43.6,282.0,92.0,,,,30,,Bashir,Humphreys,Humphreys,,,1149,0,2,2,24,0,0,0,5,0,0,12,107,,,,0.0,0.16,1.88,0.94,8.38,23,84,44
194,i,0.0,0.0,3.9,757,217.0,0,0.0,-1,1.0,0.1,562,201.0,0,0,0.0,555.0,201.0,0,0,0.0,426.0,164.0,0.0,0.0,0.0,1974,17,15530,16,0.0,0.0,0.0,0.0,0.0,0.0,0.0,0.0,0.0,0.0,0.0,544.0,200.0,0.0,530.0,200.0,0.0,499.0,195.0,0.0,546.0,200.0,,,,30,,Jordan,Beyer,Jordan,Hamstring injury - Unknown return date,,0,0,0,0,0,0,0,0,0,0,0,0,0,,,,0.0,0.0,0.0,0.0,0.0,0,0,0
195,a,100.0,100.0,3.8,810,255.0,0,0.0,-2,2.0,0.3,323,119.0,19,1,1.3,426.0,153.0,0,98,0.8,283.0,102.0,0.2,5.0,0.0,48018,114,37408,365,0.3,0.3,0.33,1.2,1.53,22.87,0.03,0.1,0.13,1.87,181.2,285.0,112.0,231.5,147.0,35.0,62.0,307.0,93.0,47.3,268.0,84.0,3.0,,,30,,Lucas,Pires Silva,Lucas Pires,,,1102,0,0,1,25,0,0,0,0,1,0,12,73,,,,0.0,0.08,2.04,0.98,5.96,24,49,69
196,u,0.0,0.0,4.0,683,170.0,0,0.0,0,0.0,0.0,616,218.0,0,0,0.0,593.0,218.0,0,0,0.0,467.0,182.0,0.0,0.0,0.0,202,0,9679,5,0.0,0.0,0.0,0.0,0.0,0.0,0.0,0.0,0.0,0.0,0.0,582.0,217.0,0.0,573.0,217.0,0.0,543.0,213.0,0.0,584.0,217.0,,,,30,,Shurandy,Sambo,Sambo,has joined Sparta Rotterdam on loan for the rest of the season.,,0,0,0,0,0,0,0,0,0,0,0,0,0,,,,0.0,0.0,0.0,0.0,0.0,0,0,0
201,u,0.0,0.0,5.4,160,99.0,0,0.0,-1,1.0,0.0,713,294.0,0,0,0.0,801.0,355.0,0,0,0.0,777.0,339.0,0.0,0.0,0.0,1070,0,3147,0,0.0,0.0,0.0,0.0,0.0,0.0,0.0,0.0,0.0,0.0,0.0,800.0,354.0,0.0,799.0,354.0,0.0,797.0,353.0,0.0,800.0,354.0,,,,30,,Manuel,Benson Hedilazio,Benson,has joined Maccabi Haifa permanently.,,0,0,0,0,0,0,0,0,0,0,0,0,0,,,,0.0,0.0,0.0,0.0,0.0,0,0,0
202,a,100.0,100.0,5.3,187,116.0,0,0.0,-2,2.0,0.0,626,243.0,36,0,1.6,401.0,174.0,0,107,0.5,335.0,153.0,0.1,6.8,0.0,6077,22,8710,37,0.0,0.0,1.35,1.06,2.41,22.64,0.13,0.1,0.23,2.12,114.4,351.0,157.0,189.7,177.0,119.0,128.0,219.0,122.0,43.2,285.0,141.0,,2.0,3.0,30,,Jacob,Bruun Larsen,Bruun Larsen,,,961,0,1,3,26,0,0,0,0,0,0,10,61,,,,0.0,0.28,2.43,0.94,5.71,12,20,29
204,u,0.0,0.0,4.9,319,199.0,0,0.0,-1,1.0,0.0,726,301.0,0,0,0.0,774.0,335.0,0,0,0.0,726.0,304.0,0.0,0.0,0.0,160,0,2085,0,0.0,0.0,0.0,0.0,0.0,0.0,0.0,0.0,0.0,0.0,0.0,773.0,334.0,0.0,769.0,334.0,0.0,765.0,332.0,0.0,773.0,334.0,,,,30,,Darko,Churlinov,Churlinov,has joined Kocaelispor  permanently.,,0,0,0,0,0,0,0,0,0,0,0,0,0,,,,0.0,0.0,0.0,0.0,0.0,0,0,0
205,i,0.0,0.0,4.9,298,185.0,0,0.0,-1,1.0,0.8,207,71.0,70,0,3.9,73.0,32.0,8,321,0.0,717.0,298.0,0.0,14.3,0.0,568601,17,540963,361,0.0,0.0,0.94,1.36,2.3,32.5,0.06,0.08,0.14,1.93,342.0,167.0,62.0,218.1,160.0,108.0,98.0,252.0,138.0,66.0,201.0,100.0,,,,30,,Josh,Cullen,Cullen,Knee injury - Expected back 30 Sep,,1513,2,2,3,29,1,0,0,2,0,0,18,173,,,,0.0,0.18,1.73,1.07,10.29,32,68,73
206,a,100.0,75.0,4.7,378,236.0,0,0.0,-3,3.0,0.1,468,159.0,44,1,2.4,284.0,121.0,2,159,0.8,293.0,127.0,0.2,9.4,0.0,25746,40,25609,211,0.3,0.2,1.46,1.65,3.11,19.09,0.15,0.17,0.32,1.93,163.4,303.0,135.0,248.4,134.0,93.0,195.0,142.0,82.0,60.5,220.0,108.0,,3.0,,30,,Marcus,Edwards,Edwards,,,891,1,3,1,15,0,0,0,0,0,0,9,55,,,,0.0,0.1,1.52,0.91,5.56,8,6,41
207,a,100.0,100.0,4.7,390,242.0,0,0.0,-3,3.0,0.2,377,124.0,51,2,2.3,298.0,131.0,4,214,3.8,78.0,33.0,0.8,10.9,0.0,29167,339,26526,507,3.3,3.3,0.56,1.33,1.89,23.47,0.05,0.12,0.17,2.19,203.8,269.0,111.0,236.2,144.0,99.0,88.0,268.0,145.0,52.8,249.0,126.0,4.0,,,30,,Hannibal,Mejbri,Hannibal,,,964,1,4,2,22,0,0,0,7,0,0,11,94,,,,0.0,0.19,2.05,1.03,8.78,25,14,55
208,u,0.0,0.0,5.0,269,163.0,0,0.0,0,0.0,0.0,739,312.0,0,0,0.0,791.0,348.0,0,0,0.0,750.0,320.0,0.0,0.0,0.0,68,0,3031,2,0.0,0.0,0.0,0.0,0.0,0.0,0.0,0.0,0.0,0.0,0.0,790.0,347.0,0.0,788.0,347.0,0.0,784.0,345.0,0.0,790.0,347.0,,,,30,,Luca,Koleosho,Koleosho,has joined Paris FC on loan for the rest of the season.,,0,0,0,0,0,0,0,0,0,0,0,0,0,,,,0.0,0.0,0.0,0.0,0.0,0,0,0
209,a,,,4.8,350,220.0,0,0.0,-2,2.0,0.0,614,237.0,51,3,1.9,349.0,150.0,1,223,1.5,226.0,93.0,0.3,10.6,0.0,6087,30,6624,47,1.0,1.0,0.6,0.44,1.04,33.39,0.04,0.03,0.07,2.02,274.6,212.0,90.0,167.4,194.0,127.0,94.0,263.0,142.0,53.7,246.0,124.0,,,,30,,Josh,Laurent,Laurent,,,1486,1,0,2,34,0,0,0,6,0,0,15,158,,,,0.0,0.12,2.06,0.91,9.57,39,68,51
210,a,,,4.9,332,207.0,0,0.0,-1,1.0,0.0,630,245.0,38,0,1.7,390.0,167.0,0,128,0.8,299.0,132.0,0.2,7.8,0.0,4858,7,6005,15,0.3,0.3,0.86,0.68,1.54,15.42,0.09,0.07,0.16,1.65,99.4,364.0,162.0,109.3,256.0,158.0,101.0,248.0,137.0,31.1,334.0,164.0,,4.0,,30,,Loum,Tchaouna,Tchaouna,,,843,1,1,2,14,0,0,0,1,0,0,9,48,,,,0.0,0.21,1.49,0.96,5.12,14,11,23
219,u,0.0,0.0,4.4,529,76.0,0,0.0,-1,1.0,0.1,466,67.0,0,0,0.0,668.0,68.0,0,0,0.0,573.0,57.0,0.0,0.0,0.0,4151,0,40644,13,0.0,0.0,0.0,0.0,0.0,0.0,0.0,0.0,0.0,0.0,0.0,658.0,68.0,0.0,655.0,67.0,0.0,633.0,67.0,0.0,660.0,68.0,,,,30,,Michael,Obafemi,Obafemi,has joined Blackpool on loan for the rest of the season.,,0,0,0,0,0,0,0,0,0,0,0,0,0,,,,0.0,0.0,0.0,0.0,0.0,0,0,0
676,a,100.0,100.0,5.0,274,168.0,0,0.0,0,0.0,0.1,455,154.0,82,1,2.8,230.0,93.0,5,308,1.2,247.0,104.0,0.2,16.4,0.0,42624,95,38553,191,0.7,0.7,2.25,0.27,2.52,42.77,0.11,0.01,0.12,2.03,361.2,155.0,57.0,145.2,211.0,137.0,188.0,149.0,84.0,69.2,182.0,92.0,,,,30,,Lesley,Ugochukwu,Ugochukwu,,,1895,3,2,3,41,0,0,0,1,1,0,22,183,,,,0.0,0.14,1.95,1.04,8.69,46,53,84
680,a,100.0,75.0,5.2,212,49.0,0,0.0,-3,3.0,0.2,409,61.0,39,1,1.9,356.0,40.0,2,107,0.2,371.0,44.0,0.0,7.5,0.0,47674,52,59845,127,-0.3,-0.2,2.14,0.13,2.27,21.7,0.24,0.01,0.25,2.42,96.4,369.0,38.0,62.4,325.0,37.0,205.0,132.0,32.0,36.0,309.0,36.0,,,,30,,Armando,Broja,Broja,,,807,1,1,1,25,0,0,0,0,0,0,8,42,,,,0.0,0.11,2.79,0.89,4.68,6,11,25
722,a,,,5.0,252,153.0,0,0.0,0,0.0,0.0,613,236.0,66,0,2.8,229.0,92.0,0,286,0.5,329.0,147.0,0.1,13.2,0.0,14799,28,13094,55,0.0,0.0,0.55,0.39,0.94,37.28,0.03,0.02,0.05,2.03,343.4,165.0,60.0,173.2,190.0,125.0,44.0,335.0,175.0,56.3,230.0,114.0,,,,30,,Florentino Ibrain,Morris Luís,Florentino,,,1651,0,2,2,37,0,0,0,4,0,0,20,247,,,,0.0,0.11,2.02,1.09,13.46,74,88,85
70,u,0.0,0.0,4.0,698,58.0,0,0.0,0,0.0,0.1,574,79.0,0,0,0.0,605.0,78.0,0,0,0.0,479.0,71.0,0.0,0.0,0.0,1107,0,10483,23,0.0,0.0,0.0,0.0,0.0,0.0,0.0,0.0,0.0,0.0,0.0,594.0,78.0,0.0,585.0,65.0,0.0,555.0,52.0,0.0,596.0,78.0,,,,30,,Alex,Paulsen,Paulsen,Has joined Lechia Gdansk on loan for the rest of the season.,,0,0,0,0,0,0,0,0,0,0,0,0,0,,,,0.0,0.0,0.0,0.0,0.0,0,0,0
71,u,0.0,0.0,5.0,266,42.0,0,0.0,0,0.0,0.0,672,236.0,0,0,0.0,790.0,263.0,0,0,0.0,749.0,257.0,0.0,0.0,0.0,0,0,8212,2,0.0,0.0,0.0,0.0,0.0,0.0,0.0,0.0,0.0,0.0,0.0,789.0,263.0,0.0,787.0,263.0,0.0,783.0,263.0,0.0,789.0,263.0,,,,30,,Illia,Zabarnyi,Zabarnyi,Has joined Paris Saint-Germain permanently.,,0,0,0,0,0,0,0,0,0,0,0,0,0,,,,0.0,0.0,0.0,0.0,0.0,0,0,0
72,a,100.0,100.0,5.0,253,38.0,0,0.0,5,-5.0,19.6,17,5.0,136,10,4.7,23.0,6.0,11,438,7.5,3.0,1.0,1.5,27.2,0.0,5167951,87083,3072781,8966,7.0,8.0,1.38,4.06,5.44,42.64,0.05,0.14,0.19,1.49,901.6,3.0,1.0,297.3,104.0,25.0,176.0,165.0,38.0,137.7,34.0,2.0,,,,30,,Marcos,Senesi Barón,Senesi,,,2568,0,4,9,45,0,0,0,8,0,0,29,393,,,,0.0,0.32,1.58,1.02,12.27,50,300,119
73,a,100.0,100.0,4.4,518,97.0,0,0.0,-1,1.0,0.2,381,144.0,38,8,2.2,310.0,115.0,2,117,2.2,177.0,69.0,0.5,8.6,0.0,26758,163,41828,70,1.7,2.7,0.0,0.2,0.2,13.81,0.0,0.02,0.02,1.58,115.4,350.0,133.0,57.9,332.0,113.0,18.0,388.0,137.0,19.1,378.0,133.0,,,,30,,Adam,Smith,Smith,,,787,0,1,4,15,0,0,0,2,0,0,11,53,,,,0.0,0.46,1.72,1.26,5.72,10,40,20
74,a,,,4.6,401,70.0,0,0.0,1,-1.0,3.1,108,40.0,118,11,3.9,71.0,28.0,12,428,7.2,5.0,2.0,1.6,25.7,0.0,691645,27171,424575,3436,6.7,7.7,0.39,2.34,2.73,42.29,0.01,0.08,0.09,1.43,617.8,40.0,17.0,400.7,60.0,10.0,98.0,251.0,70.0,111.7,74.0,14.0,,,,30,,Adrien,Truffert,Truffert,,,2658,0,2,9,43,0,0,0,3,0,0,30,297,,,,0.0,0.3,1.46,1.02,8.36,80,167,154
75,a,100.0,100.0,3.8,806,251.0,0,0.0,-2,2.0,0.2,376,140.0,0,0,0.0,536.0,195.0,0,0,0.0,403.0,154.0,0.0,0.0,0.0,14932,90,32666,74,-0.5,0.5,0.0,0.0,0.0,0.0,0.0,0.0,0.0,0.0,0.0,525.0,194.0,0.0,509.0,193.0,0.0,477.0,187.0,0.0,527.0,194.0,,,,30,,Matai,Akinmboni,Akinmboni,,,0,0,0,0,0,0,0,0,0,0,0,0,0,,,,0.0,0.0,0.0,0.0,0.0,0,0,0
76,a,,,3.8,804,249.0,0,0.0,-2,2.0,0.2,384,145.0,0,0,0.0,535.0,194.0,0,0,0.0,401.0,152.0,0.0,0.0,0.0,15684,48,19823,154,-0.5,0.5,0.0,0.0,0.0,0.0,0.0,0.0,0.0,0.0,0.0,524.0,193.0,0.0,508.0,192.0,0.0,476.0,186.0,0.0,526.0,193.0,,,,30,,Owen,Bevan,Bevan,,,0,0,0,0,0,0,0,0,0,0,0,0,0,,,,0.0,0.0,0.0,0.0,0.0,0,0,0
79,u,0.0,0.0,4.0,675,167.0,0,0.0,0,0.0,0.1,542,194.0,0,0,0.0,585.0,215.0,0,0,0.0,459.0,179.0,0.0,0.0,0.0,1400,0,16746,9,0.0,0.0,0.0,0.0,0.0,0.0,0.0,0.0,0.0,0.0,0.0,574.0,214.0,0.0,565.0,214.0,0.0,535.0,210.0,0.0,576.0,214.0,,,,30,,Chris,Mepham,Mepham,has joined West Bromwich Albion permanently.,,0,0,0,0,0,0,0,0,0,0,0,0,0,,,,0.0,0.0,0.0,0.0,0.0,0,0,0
80,i,0.0,0.0,4.0,718,192.0,0,0.0,0,0.0,0.2,378,141.0,3,0,1.0,457.0,167.0,0,2,0.0,495.0,198.0,0.0,0.8,0.0,17445,13,33758,90,0.0,0.0,0.0,0.0,0.0,1.62,0.0,0.0,0.0,4.29,1.8,493.0,176.0,2.5,455.0,165.0,2.0,441.0,165.0,0.6,490.0,172.0,,,,30,,Julio,Soler Barreto,Soler,Hamstring injury - Expected back 01 Jun,,34,0,0,0,2,0,0,0,0,0,0,0,1,,,,0.0,0.0,5.29,0.0,2.65,1,0,4
81,i,0.0,0.0,6.9,38,23.0,0,0.0,-1,1.0,0.6,233,82.0,40,0,2.2,320.0,141.0,3,147,0.0,816.0,367.0,0.0,5.8,0.0,190413,36,251724,183,0.0,0.0,2.24,1.54,3.78,16.78,0.22,0.15,0.37,1.65,146.6,316.0,142.0,304.1,97.0,71.0,128.0,220.0,123.0,57.8,225.0,110.0,,3.0,1.0,30,,Justin,Kluivert,Kluivert,Knee injury - Expected back 09 May,,914,2,0,4,18,0,0,0,4,0,0,10,62,,,,0.0,0.39,1.77,0.98,6.11,10,8,44
84,a,100.0,100.0,5.4,163,102.0,1,-1.0,-1,1.0,2.2,131,44.0,107,3,4.1,59.0,26.0,10,399,3.2,108.0,45.0,0.6,19.8,0.0,1014078,3159,817159,4404,2.7,3.7,6.95,3.12,10.07,30.75,0.31,0.14,0.45,1.36,476.4,85.0,28.0,541.1,27.0,25.0,432.0,41.0,24.0,145.1,30.0,24.0,2.0,2.0,4.0,30,,Marcus,Tavernier,Tavernier,,,2032,5,4,9,37,0,0,0,4,0,0,23,189,,,,0.0,0.4,1.64,1.02,8.37,31,49,109
85,d,25.0,100.0,4.9,301,188.0,0,0.0,-1,1.0,0.3,335,113.0,60,0,3.3,153.0,64.0,3,279,2.5,154.0,59.0,0.5,12.2,0.0,80736,28,93752,403,0.5,3.0,0.56,0.37,0.93,20.86,0.04,0.02,0.06,1.33,304.2,194.0,82.0,95.0,274.0,164.0,105.0,244.0,134.0,50.7,258.0,132.0,,,,30,,Tyler,Adams,Adams,Knock - 25% chance of playing,,1412,2,1,6,24,0,0,0,7,0,0,18,182,,,,0.0,0.38,1.53,1.15,11.6,40,66,76
86,a,100.0,100.0,5.0,246,150.0,0,0.0,0,0.0,0.2,391,130.0,47,1,2.0,335.0,147.0,4,183,0.8,301.0,134.0,0.2,9.4,0.0,73220,95,78897,129,0.3,1.3,4.87,3.13,8.0,16.94,0.43,0.28,0.71,1.49,203.0,271.0,112.0,335.1,82.0,62.0,400.0,47.0,29.0,92.4,107.0,62.0,,4.0,,30,,David,Brooks,Brooks,,,1024,1,2,4,18,0,0,0,7,0,0,12,80,,,,0.0,0.35,1.58,1.05,7.03,15,17,48
88,i,0.0,0.0,4.9,292,181.0,0,0.0,-1,1.0,0.0,615,238.0,38,0,2.4,285.0,122.0,0,184,0.0,714.0,295.0,0.0,7.8,0.0,11746,6,10585,104,0.0,0.0,0.07,0.52,0.59,13.49,0.01,0.05,0.06,1.4,206.0,268.0,110.0,183.3,184.0,122.0,12.0,403.0,197.0,40.4,297.0,147.0,1.0,,,30,,Lewis,Cook,Cook,Hamstring injury - Expected back 11 Apr,,870,0,1,1,18,0,0,0,1,1,0,8,143,,,,0.0,0.1,1.86,0.83,14.79,25,56,62
92,u,0.0,0.0,4.5,430,258.0,0,0.0,0,0.0,0.1,557,203.0,0,0,0.0,701.0,277.0,0,0,0.0,621.0,223.0,0.0,0.0,0.0,4403,0,19724,16,0.0,0.0,0.0,0.0,0.0,0.0,0.0,0.0,0.0,0.0,0.0,695.0,271.0,0.0,691.0,274.0,0.0,674.0,267.0,0.0,697.0,273.0,,,,30,,Romain,Faivre,Faivre,has joined Auxerre permanently.,,0,0,0,0,0,0,0,0,0,0,0,0,0,,,,0.0,0.0,0.0,0.0,0.0,0,0,0
93,u,0.0,0.0,4.5,425,255.0,0,0.0,0,0.0,0.3,336,114.0,4,0,4.0,62.0,28.0,0,12,0.0,617.0,220.0,0.0,0.9,0.0,114900,0,165569,51,0.0,0.0,0.0,0.0,0.0,0.4,0.0,0.0,0.0,2.25,21.2,448.0,197.0,10.0,426.0,209.0,0.0,670.0,264.0,3.1,462.0,208.0,,,,30,,Hamed,Traorè,H.Traorè,has joined Marseille on loan for the rest of the season.,,16,0,1,0,2,0,0,0,0,0,0,0,4,,,,0.0,0.0,11.25,0.0,22.5,1,1,2
94,u,0.0,0.0,4.5,462,282.0,0,0.0,0,0.0,0.0,644,253.0,0,0,0.0,722.0,297.0,0,0,0.0,644.0,244.0,0.0,0.0,0.0,3895,0,8218,2,0.0,0.0,0.0,0.0,0.0,0.0,0.0,0.0,0.0,0.0,0.0,717.0,292.0,0.0,713.0,294.0,0.0,697.0,287.0,0.0,718.0,293.0,,,,30,,Dominic,Sadi,Sadi,has joined Novi Pazar on loan for the rest of the season.,,0,0,0,0,0,0,0,0,0,0,0,0,0,,,,0.0,0.0,0.0,0.0,0.0,0,0,0
95,u,0.0,0.0,4.4,554,332.0,0,0.0,-1,1.0,0.1,581,218.0,0,0,0.0,677.0,264.0,0,0,0.0,587.0,204.0,0.0,0.0,0.0,15405,0,21552,7,0.0,0.0,0.0,0.0,0.0,0.0,0.0,0.0,0.0,0.0,0.0,668.0,255.0,0.0,665.0,260.0,0.0,644.0,250.0,0.0,670.0,257.0,,,,30,,Zain,Silcott-Duberry,Silcott-Duberry,has joined Olympiakos permanently.,,0,0,0,0,0,0,0,0,0,0,0,0,0,,,,0.0,0.0,0.0,0.0,0.0,0,0,0
96,u,0.0,0.0,4.5,494,306.0,0,0.0,0,0.0,0.0,643,252.0,1,0,1.0,486.0,220.0,0,3,0.0,673.0,267.0,0.0,0.2,0.0,2964,0,10016,5,0.0,0.0,0.0,0.0,0.0,0.31,0.0,0.0,0.0,4.65,0.0,743.0,312.0,0.0,737.0,312.0,0.0,724.0,308.0,0.0,743.0,312.0,,,,30,,Ben,Winterburn,Winterburn,has joined Barnet on loan for the rest of the season.,,6,0,0,0,2,0,0,0,0,0,0,0,0,,,,0.0,0.0,30.0,0.0,0.0,0,0,0
97,a,100.0,100.0,6.8,45,16.0,0,0.0,-2,2.0,2.2,132,20.0,89,2,3.2,172.0,15.0,6,320,3.0,127.0,16.0,0.4,13.1,0.0,1127143,2311,1121921,5752,2.5,3.5,8.24,1.13,9.37,30.02,0.35,0.05,0.4,1.28,296.0,200.0,17.0,314.8,92.0,3.0,693.0,11.0,7.0,130.1,38.0,9.0,,,,30,,Francisco Evanilson,de Lima Barbosa,Evanilson,,,2103,6,3,9,33,0,0,0,1,0,0,24,91,,,,0.0,0.39,1.41,1.03,3.89,7,25,59
98,a,100.0,100.0,5.4,159,39.0,0,0.0,-1,1.0,0.0,589,80.0,21,1,1.2,442.0,53.0,1,54,1.0,275.0,33.0,0.2,3.9,0.0,14202,94,11448,119,0.5,1.5,1.85,0.06,1.91,3.45,0.96,0.03,0.99,1.79,45.6,417.0,48.0,13.0,413.0,54.0,86.0,273.0,48.0,13.6,403.0,50.0,,1.0,,30,,Enes,Ünal,Enes Ünal,,,173,1,0,0,2,0,0,0,1,0,0,0,12,,,,0.0,0.0,1.04,0.0,6.24,1,7,4
99,u,0.0,0.0,4.4,569,83.0,0,0.0,-1,1.0,0.1,434,63.0,0,0,0.0,687.0,75.0,0,0,0.0,601.0,64.0,0.0,0.0,0.0,22144,0,44424,18,0.0,0.0,0.0,0.0,0.0,0.0,0.0,0.0,0.0,0.0,0.0,680.0,75.0,0.0,676.0,74.0,0.0,656.0,74.0,0.0,682.0,75.0,,,,30,,Daniel,Adu-Adjei,Adu-Adjei,has joined HNK Rijeka permanently.,,0,0,0,0,0,0,0,0,0,0,0,0,0,,,,0.0,0.0,0.0,0.0,0.0,0,0,0
100,a,,,4.7,394,65.0,0,0.0,2,-2.0,6.1,62,12.0,74,2,3.0,193.0,17.0,7,337,1.8,206.0,26.0,0.4,15.7,0.0,1862413,3994,1216068,15355,1.3,2.3,5.04,0.96,6.0,19.43,0.4,0.08,0.48,1.55,351.2,161.0,15.0,250.8,132.0,8.0,365.0,62.0,23.0,96.7,98.0,15.0,,,,30,,Junior,Kroupi,Kroupi.Jr,,,1131,8,0,6,18,0,0,0,3,0,0,14,87,,,,0.0,0.48,1.43,1.11,6.92,8,33,46
391,a,100.0,0.0,4.8,367,229.0,0,0.0,-2,2.0,0.0,642,251.0,7,0,1.8,377.0,160.0,0,22,0.0,709.0,292.0,0.0,1.5,0.0,4649,12,8109,5,-0.5,0.0,0.09,0.09,0.18,2.66,0.15,0.15,0.3,4.52,21.2,449.0,198.0,14.0,408.0,203.0,11.0,407.0,201.0,4.7,454.0,203.0,,,,30,,Ben,Gannon-Doak,Gannon-Doak,,,53,0,1,0,1,0,0,0,0,0,0,0,3,,,,0.0,0.0,1.7,0.0,5.09,2,1,0
685,a,100.0,100.0,4.2,636,146.0,0,0.0,-3,3.0,0.3,331,123.0,46,0,2.6,253.0,97.0,2,164,0.0,526.0,221.0,0.0,11.0,0.0,98599,53,96769,234,-0.5,0.5,0.02,0.19,0.21,22.47,0.0,0.01,0.01,1.59,267.0,217.0,86.0,54.3,337.0,115.0,22.0,379.0,131.0,34.4,322.0,110.0,,,,30,,Bafodé,Diakité,Diakité,,,1275,0,0,4,27,0,0,0,1,0,0,15,147,,,,0.0,0.28,1.91,1.06,8.26,20,97,48
697,a,,,5.4,174,108.0,0,0.0,-1,1.0,0.4,270,92.0,61,1,2.3,303.0,133.0,4,225,1.5,233.0,96.0,0.3,11.3,0.0,118287,83,65137,3008,1.0,2.0,2.55,1.53,4.08,14.7,0.24,0.14,0.38,1.39,257.2,224.0,97.0,220.5,157.0,105.0,243.0,105.0,63.0,71.5,173.0,88.0,3.0,,,30,,Amine,Adli,Adli,,,952,3,2,3,14,0,0,0,2,0,0,9,110,,,,0.0,0.28,1.32,0.85,10.4,31,25,54
713,a,,,4.5,464,92.0,0,0.0,0,0.0,0.3,328,120.0,64,1,2.5,271.0,105.0,2,247,4.2,59.0,22.0,0.9,14.2,0.0,59494,453,26957,1112,3.7,4.7,1.04,1.53,2.57,33.86,0.05,0.07,0.12,1.62,340.6,169.0,72.0,227.6,152.0,38.0,169.0,176.0,41.0,73.7,163.0,56.0,,,,30,,Álex,Jiménez Sánchez,A.Jimenez,,,1884,1,2,5,33,0,0,0,8,0,0,21,133,,,,0.0,0.24,1.58,1.0,5.64,53,65,101
721,a,100.0,100.0,4.4,571,120.0,0,0.0,-1,1.0,0.0,653,231.0,19,0,2.7,236.0,92.0,0,63,0.0,602.0,238.0,0.0,4.3,0.0,6385,12,5950,22,-0.5,0.5,0.15,0.19,0.34,4.42,0.04,0.05,0.09,1.08,98.4,366.0,141.0,13.9,409.0,149.0,10.0,410.0,152.0,12.2,411.0,147.0,,,,30,,Veljko,Milosavljevic,Milosavljević,,,367,0,0,1,6,0,0,0,0,0,0,4,42,,,,0.0,0.25,1.47,0.98,9.56,5,34,13
782,a,,,4.0,662,40.0,0,0.0,0,0.0,0.0,664,81.0,0,0,0.0,578.0,64.0,0,0,0.0,450.0,55.0,0.0,0.0,0.0,2936,60,1016,49,-0.5,0.5,0.0,0.0,0.0,0.0,0.0,0.0,0.0,0.0,0.0,567.0,64.0,0.0,554.0,47.0,0.0,524.0,34.0,0.0,569.0,64.0,,,,30,,Fraser,Forster,Forster,,,0,0,0,0,0,0,0,0,0,0,0,0,0,,,,0.0,0.0,0.0,0.0,0.0,0,0,0
799,a,,,4.5,512,317.0,0,0.0,0,0.0,0.0,777,337.0,0,0,0.0,756.0,322.0,0,0,0.0,686.0,276.0,0.0,0.0,0.0,673,14,270,17,-0.5,0.5,0.0,0.0,0.0,0.0,0.0,0.0,0.0,0.0,0.0,755.0,321.0,0.0,749.0,321.0,0.0,736.0,317.0,0.0,755.0,321.0,,,,30,,Charlie,Stevens,Stevens,,,0,0,0,0,0,0,0,0,0,0,0,0,0,,,,0.0,0.0,0.0,0.0,0.0,0,0,0
801,a,,,4.9,343,214.0,0,0.0,-1,1.0,0.0,763,324.0,3,0,0.8,516.0,241.0,0,10,0.0,738.0,312.0,0.0,0.6,0.0,895,5,491,18,-0.5,0.5,0.06,0.25,0.31,2.34,0.08,0.32,0.4,2.97,6.0,476.0,215.0,33.5,374.0,190.0,14.0,397.0,196.0,5.3,446.0,198.0,,,,30,,Alex,Tóth,Tóth.A,,,71,0,0,0,1,0,0,0,1,0,0,1,8,,,,0.0,0.0,1.27,1.27,10.14,1,2,5
806,a,,,4.0,680,50.0,0,0.0,0,0.0,0.0,760,88.0,0,0,0.0,590.0,70.0,0,0,0.0,464.0,63.0,0.0,0.0,0.0,664,10,327,20,-0.5,0.5,0.0,0.0,0.0,0.0,0.0,0.0,0.0,0.0,0.0,579.0,70.0,0.0,570.0,57.0,0.0,540.0,44.0,0.0,581.0,70.0,,,,30,,Christos,Mandas,Mandas,,,0,0,0,0,0,0,0,0,0,0,0,0,0,,,,0.0,0.0,0.0,0.0,0.0,0,0,0
807,a,,,5.6,132,82.0,0,0.0,1,-1.0,2.4,126,41.0,30,3,4.3,46.0,21.0,2,105,2.8,143.0,55.0,0.5,5.4,0.0,402342,940,76566,10555,2.3,3.3,0.89,1.07,1.96,10.44,0.15,0.18,0.33,1.75,124.0,337.0,154.0,123.8,234.0,150.0,111.0,234.0,130.0,35.8,312.0,152.0,,,,30,,Rayan Vitor,Simplício Rocha,Rayan,,,537,2,1,3,3,0,0,0,1,0,0,6,33,,,,0.0,0.5,0.5,1.01,5.53,5,8,20
27,a,100.0,75.0,4.8,353,223.0,0,0.0,-2,2.0,0.1,496,177.0,7,1,1.0,489.0,223.0,0,18,0.2,362.0,161.0,0.0,1.5,0.0,10499,9,18438,40,0.2,0.5,0.68,0.07,0.75,1.27,1.11,0.11,1.22,2.08,16.4,452.0,201.0,4.0,448.0,216.0,20.0,384.0,193.0,3.6,460.0,207.0,,,,30,,Reiss,Nelson,Nelson,,,55,0,0,0,1,0,0,0,0,0,0,0,18,,,,0.0,0.0,1.64,0.0,29.45,2,3,13
83,a,100.0,100.0,6.0,91,57.0,0,0.0,0,0.0,3.8,97,33.0,105,8,4.4,38.0,16.0,13,330,4.5,57.0,26.0,0.8,17.5,0.0,957018,8268,504984,2960,4.5,5.0,5.39,3.28,8.67,24.14,0.29,0.17,0.46,1.28,380.6,143.0,49.0,293.5,106.0,77.0,466.0,34.0,18.0,113.4,72.0,46.0,3.0,,,30,,Dango,Ouattara,O.Dango,,,1697,5,7,4,26,0,0,0,4,0,0,19,148,,,,0.0,0.21,1.38,1.01,7.85,18,62,68
101,a,100.0,100.0,4.8,354,12.0,0,0.0,3,-3.0,13.5,24,3.0,105,1,3.6,109.0,14.0,6,410,2.2,181.0,17.0,0.5,21.9,0.0,1474712,26117,1035036,5354,2.2,2.7,0.0,0.22,0.22,40.73,0.0,0.01,0.01,1.4,664.8,29.0,8.0,23.0,391.0,4.0,0.0,750.0,83.0,68.8,185.0,8.0,,,,30,,Caoimhín,Kelleher,Kelleher,,,2610,0,0,7,39,0,3,0,1,0,77,29,95,,,,2.66,0.24,1.34,1.0,0.0,1,35,218
103,u,0.0,0.0,3.9,772,86.0,0,0.0,-1,1.0,0.1,431,65.0,0,0,0.0,566.0,58.0,0,0,0.0,438.0,49.0,0.0,0.0,0.0,11791,0,14878,110,0.0,0.0,0.0,0.0,0.0,0.0,0.0,0.0,0.0,0.0,0.0,555.0,58.0,0.0,541.0,40.0,0.0,510.0,27.0,0.0,557.0,58.0,,,,30,,Matthew,Cox,Cox,has joined Shrewsbury Town on loan for the rest of the season.,,0,0,0,0,0,0,0,0,0,0,0,0,0,,,,0.0,0.0,0.0,0.0,0.0,0,0,0
107,a,,,4.8,362,61.0,0,0.0,-2,2.0,1.7,154,60.0,83,4,3.0,194.0,76.0,3,229,1.5,227.0,88.0,0.3,17.3,0.0,468689,3528,320448,2070,1.5,2.0,2.1,1.27,3.37,21.99,0.15,0.09,0.24,1.59,250.4,232.0,91.0,191.7,176.0,44.0,236.0,109.0,16.0,67.8,191.0,65.0,,1.0,,30,,Keane,Lewis-Potter,Lewis-Potter,,,1242,3,2,6,22,0,0,0,1,0,0,14,62,,,,0.0,0.43,1.59,1.01,3.12,15,28,53
108,a,100.0,100.0,4.4,525,103.0,0,0.0,-1,1.0,0.3,337,124.0,70,0,2.9,203.0,78.0,1,196,2.0,190.0,74.0,0.5,15.9,0.0,42821,343,34734,425,2.0,2.5,0.69,0.72,1.41,26.82,0.04,0.04,0.08,1.49,358.2,157.0,67.0,58.3,331.0,112.0,161.0,181.0,43.0,57.9,224.0,77.0,,,,30,,Kristoffer,Ajer,Ajer,,,1624,0,2,5,27,0,0,0,3,0,0,18,175,,,,0.0,0.28,1.5,1.0,9.31,35,133,50
109,i,0.0,0.0,4.3,583,128.0,0,0.0,-2,2.0,0.2,400,148.0,52,0,2.1,322.0,118.0,0,144,1.5,222.0,85.0,0.3,12.1,0.0,25852,8,27226,935,0.0,0.0,0.18,0.54,0.72,23.91,0.01,0.04,0.05,1.63,151.6,311.0,119.0,82.0,294.0,93.0,35.0,351.0,115.0,26.9,351.0,120.0,,,,30,,Rico,Henry,Henry,Hamstring injury - Unknown return date,,1322,0,2,4,22,0,0,0,2,0,0,14,78,,,,0.0,0.27,1.5,0.95,4.63,15,53,72
110,a,100.0,100.0,4.5,495,95.0,0,0.0,0,0.0,0.9,203,79.0,86,8,3.0,191.0,75.0,7,402,3.2,103.0,39.0,0.7,19.1,0.0,212059,6397,138269,494,3.2,3.7,0.63,2.6,3.23,39.9,0.02,0.09,0.11,1.41,492.0,79.0,37.0,395.7,63.0,11.0,94.0,262.0,75.0,98.4,94.0,26.0,,,,30,,Michael,Kayode,Kayode,,,2538,1,1,7,39,1,0,0,6,0,0,29,229,,,,0.0,0.25,1.38,1.03,6.52,58,126,135
111,a,100.0,100.0,4.2,633,144.0,0,0.0,-3,3.0,0.1,451,167.0,4,0,1.3,428.0,154.0,0,21,0.0,524.0,220.0,0.0,1.0,0.0,12798,67,27180,83,0.0,0.5,0.0,0.06,0.06,3.18,0.0,0.02,0.02,1.26,62.8,401.0,153.0,1.1,468.0,171.0,12.0,400.0,147.0,7.6,432.0,155.0,,,,30,,Ethan,Pinnock,Pinnock,,,228,0,0,0,5,1,0,0,1,0,0,3,33,,,,0.0,0.0,1.97,1.18,11.45,4,25,9
112,u,0.0,0.0,4.5,422,83.0,0,0.0,0,0.0,0.0,717,249.0,0,0,0.0,697.0,257.0,0,0,0.0,615.0,243.0,0.0,0.0,0.0,211,0,3931,1,0.0,0.0,0.0,0.0,0.0,0.0,0.0,0.0,0.0,0.0,0.0,691.0,257.0,0.0,686.0,257.0,0.0,668.0,257.0,0.0,693.0,257.0,,,,30,,Mads,Roerslev Rasmussen,Roerslev,Has joined Southampton permanently.,,0,0,0,0,0,0,0,0,0,0,0,0,0,,,,0.0,0.0,0.0,0.0,0.0,0,0,0
113,a,100.0,100.0,4.5,431,86.0,0,0.0,0,0.0,1.5,159,63.0,84,1,3.4,133.0,48.0,3,312,4.0,67.0,27.0,0.9,18.7,0.0,330866,7522,209780,1215,4.0,4.5,2.87,0.8,3.67,33.51,0.12,0.03,0.15,1.36,508.4,73.0,34.0,68.4,312.0,106.0,252.0,102.0,12.0,83.0,136.0,43.0,,,,30,,Sepp,van den Berg,Van den Berg,,,2213,0,2,5,36,0,0,0,1,0,0,24,249,,,,0.0,0.2,1.46,0.98,8.91,15,204,92
115,u,0.0,0.0,4.0,729,202.0,0,0.0,0,0.0,0.1,531,189.0,0,0,0.0,629.0,241.0,0,0,0.0,505.0,207.0,0.0,0.0,0.0,2020,0,14409,12,0.0,0.0,0.0,0.0,0.0,0.0,0.0,0.0,0.0,0.0,0.0,619.0,241.0,0.0,611.0,241.0,0.0,582.0,238.0,0.0,621.0,241.0,,,,30,,Benjamin,Fredrick,Fredrick,has joined Dender on loan for the rest of the season.,,0,0,0,0,0,0,0,0,0,0,0,0,0,,,,0.0,0.0,0.0,0.0,0.0,0,0,0
116,i,0.0,0.0,4.0,689,173.0,0,0.0,0,0.0,0.4,291,109.0,33,0,1.8,366.0,135.0,0,94,0.2,349.0,123.0,0.0,8.2,0.0,65932,16,79279,721,0.0,0.0,0.4,0.17,0.57,6.47,0.06,0.03,0.09,0.99,82.6,383.0,144.0,16.2,404.0,147.0,42.0,339.0,111.0,13.9,398.0,145.0,,,,30,,Aaron,Hickey,Hickey,Hamstring injury - Expected back 11 Apr,,588,0,0,2,8,0,0,0,1,0,0,7,49,,,,0.0,0.31,1.22,1.07,6.43,12,30,33
117,u,0.0,0.0,3.9,781,228.0,0,0.0,-1,1.0,0.1,521,185.0,0,0,0.0,574.0,208.0,0,0,0.0,446.0,172.0,0.0,0.0,0.0,4108,0,15674,14,0.0,0.0,0.0,0.0,0.0,0.0,0.0,0.0,0.0,0.0,0.0,563.0,207.0,0.0,550.0,207.0,0.0,519.0,202.0,0.0,565.0,207.0,,,,30,,Kim,Ji-soo,Ji-soo,has joined Kaiserslautern on loan for the rest of the season.,,0,0,0,0,0,0,0,0,0,0,0,0,0,,,,0.0,0.0,0.0,0.0,0.0,0,0,0
118,u,0.0,0.0,4.0,700,180.0,0,0.0,0,0.0,0.0,612,217.0,0,0,0.0,606.0,224.0,0,0,0.0,480.0,188.0,0.0,0.0,0.0,279,0,10999,3,0.0,0.0,0.0,0.0,0.0,0.0,0.0,0.0,0.0,0.0,0.0,596.0,224.0,0.0,587.0,224.0,0.0,557.0,220.0,0.0,598.0,224.0,,,,30,,Jayden,Meghoma,Meghoma,Has joined Rangers on loan for the rest of the season.,,0,0,0,0,0,0,0,0,0,0,0,0,0,,,,0.0,0.0,0.0,0.0,0.0,0,0,0
120,a,100.0,100.0,6.9,41,25.0,0,0.0,-1,1.0,2.0,138,46.0,99,2,3.7,105.0,48.0,5,327,3.2,114.0,46.0,0.5,14.3,0.0,899896,6057,706943,3282,3.2,3.7,9.69,1.86,11.55,29.07,0.41,0.08,0.49,1.23,478.2,83.0,26.0,326.2,87.0,66.0,673.0,14.0,5.0,147.4,28.0,23.0,,,3.0,30,,Kevin,Schade,Schade,,,2130,7,4,8,26,0,0,1,6,1,0,25,159,,,,0.0,0.34,1.1,1.06,6.72,34,47,78
121,a,100.0,100.0,5.6,128,79.0,0,0.0,-4,4.0,1.0,188,67.0,87,2,3.3,158.0,66.0,6,365,6.0,14.0,6.0,1.1,15.5,0.0,178580,6576,179633,2129,6.0,6.5,1.85,4.13,5.98,23.29,0.11,0.24,0.35,1.34,423.0,113.0,37.0,534.6,28.0,26.0,253.0,101.0,62.0,121.2,54.0,36.0,,3.0,,30,,Mikkel,Damsgaard,Damsgaard,,,1566,3,4,3,26,0,0,0,0,0,0,18,179,,,,0.0,0.17,1.49,1.03,10.29,44,34,101
122,i,0.0,0.0,5.2,215,133.0,0,0.0,-3,3.0,0.0,657,261.0,1,0,1.0,502.0,233.0,0,5,0.0,768.0,333.0,0.0,0.2,0.0,2052,4,6967,3,0.0,0.0,0.0,0.01,0.01,1.49,0.0,0.02,0.02,2.98,4.0,481.0,219.0,1.8,460.0,221.0,0.0,793.0,351.0,0.6,491.0,224.0,,,,30,,Antoni,Milambo,Milambo,Knee injury - Expected back 01 Jun,,45,0,0,0,3,0,0,0,0,0,0,1,4,,,,0.0,0.0,6.0,2.0,8.0,2,0,2
123,i,0.0,0.0,4.7,387,241.0,0,0.0,-3,3.0,0.1,467,158.0,13,0,2.2,312.0,135.0,1,42,0.0,696.0,285.0,0.0,2.8,0.0,27256,6,51502,19,0.0,0.0,0.7,0.03,0.73,2.08,0.63,0.03,0.66,1.87,39.0,422.0,184.0,6.5,438.0,212.0,36.0,349.0,183.0,8.1,429.0,193.0,,,4.0,30,,Fábio,Freitas Gouveia Carvalho,Carvalho,Knee injury - Expected back 01 Jun,,100,1,0,0,4,0,0,0,0,0,0,1,8,,,,0.0,0.0,3.6,0.9,7.2,3,0,5
124,a,100.0,100.0,5.0,244,149.0,0,0.0,0,0.0,0.3,304,103.0,70,2,2.5,276.0,117.0,5,321,2.0,196.0,79.0,0.4,14.0,0.0,99725,196,101816,284,2.0,2.5,0.33,2.25,2.58,25.43,0.02,0.12,0.14,1.33,305.4,192.0,80.0,333.9,83.0,63.0,45.0,334.0,174.0,68.4,186.0,93.0,,,,30,,Jordan,Henderson,Henderson,,,1724,1,3,5,26,0,0,0,4,0,0,20,163,,,,0.0,0.26,1.36,1.04,8.51,24,51,88
125,i,0.0,0.0,4.9,303,189.0,0,0.0,-1,1.0,0.2,410,138.0,70,0,3.2,162.0,67.0,6,300,0.2,364.0,163.0,0.0,14.3,0.0,67512,3,51372,1100,0.0,0.0,0.82,1.88,2.7,20.22,0.06,0.14,0.2,1.45,329.0,178.0,71.0,313.6,93.0,69.0,91.0,264.0,143.0,72.5,168.0,85.0,2.0,,,30,,Vitaly,Janelt,Janelt,Foot injury - Expected back 11 Apr,,1253,1,4,5,16,0,0,0,7,0,0,13,164,,,,0.0,0.36,1.15,0.93,11.78,24,66,74
126,a,,,4.9,306,191.0,0,0.0,-1,1.0,0.1,484,169.0,67,2,2.4,286.0,123.0,0,326,2.5,155.0,60.0,0.5,13.7,0.0,19054,142,19184,120,2.5,3.0,1.93,3.96,5.89,24.11,0.11,0.23,0.34,1.4,284.6,206.0,87.0,400.2,61.0,49.0,153.0,188.0,103.0,83.7,133.0,74.0,1.0,2.0,5.0,30,,Mathias,Jensen,Jensen,,,1555,2,2,6,23,0,0,0,3,0,0,18,143,,,,0.0,0.35,1.33,1.04,8.28,29,37,77
127,u,0.0,0.0,4.9,344,215.0,0,0.0,-1,1.0,0.0,725,300.0,0,0,0.0,782.0,341.0,0,0,0.0,739.0,313.0,0.0,0.0,0.0,1544,0,2319,8,0.0,0.0,0.0,0.0,0.0,0.0,0.0,0.0,0.0,0.0,0.0,781.0,340.0,0.0,777.0,340.0,0.0,773.0,338.0,0.0,781.0,340.0,,,,30,,Gustavo,Nunes Fernandes Gomes,Nunes,has joined Swansea City on loan for the rest of the season.,,0,0,0,0,0,0,0,0,0,0,0,0,0,,,,0.0,0.0,0.0,0.0,0.0,0,0,0
128,u,0.0,0.0,4.8,363,226.0,0,0.0,-2,2.0,0.0,609,233.0,12,0,2.0,333.0,145.0,0,41,0.0,707.0,291.0,0.0,2.5,0.0,5396,0,8904,7,0.0,0.0,0.0,0.36,0.36,2.02,0.0,0.37,0.37,2.07,28.4,437.0,194.0,13.6,410.0,204.0,4.0,438.0,214.0,4.6,455.0,204.0,,,,30,,Frank,Onyeka,Onyeka,has joined Coventry City on loan for the rest of the season.,,88,0,2,0,2,0,0,0,0,0,0,0,10,,,,0.0,0.0,2.05,0.0,10.23,2,3,5
129,a,100.0,100.0,5.0,275,169.0,0,0.0,0,0.0,0.1,483,168.0,77,1,2.6,259.0,108.0,0,336,0.8,302.0,135.0,0.2,15.4,0.0,24443,51,21650,130,0.8,1.3,1.19,1.24,2.43,31.0,0.05,0.05,0.1,1.37,338.2,174.0,67.0,232.5,145.0,100.0,110.0,237.0,132.0,68.0,190.0,95.0,,,,30,,Yehor,Yarmoliuk,Yarmoliuk,,,2036,1,2,5,34,0,0,0,7,0,0,23,257,,,,0.0,0.22,1.5,1.02,11.36,52,61,144
130,a,,,4.4,570,342.0,0,0.0,-1,1.0,0.1,465,157.0,4,0,1.0,475.0,211.0,0,19,0.5,323.0,143.0,0.1,0.9,0.0,16613,48,19037,118,0.5,1.0,0.09,0.01,0.1,0.39,0.21,0.02,0.23,0.92,8.4,469.0,211.0,11.5,419.0,208.0,21.0,383.0,192.0,4.2,456.0,205.0,,,,30,,Romelle,Donovan,Donovan,,,38,0,0,0,0,0,0,0,0,0,0,0,5,,,,0.0,0.0,0.0,0.0,11.84,0,0,5
131,u,0.0,0.0,4.3,624,368.0,0,0.0,-2,2.0,0.1,419,142.0,0,0,0.0,665.0,257.0,0,0,0.0,567.0,194.0,0.0,0.0,0.0,38108,0,44829,110,0.0,0.0,0.0,0.0,0.0,0.0,0.0,0.0,0.0,0.0,0.0,655.0,247.0,0.0,651.0,252.0,0.0,628.0,241.0,0.0,657.0,249.0,,,,30,,Yunus Emre,Konak,Konak,has joined Oxford United on loan for the rest of the season.,,0,0,0,0,0,0,0,0,0,0,0,0,0,,,,0.0,0.0,0.0,0.0,0.0,0,0,0
132,u,0.0,0.0,4.5,420,253.0,0,0.0,0,0.0,0.0,676,273.0,0,0,0.0,696.0,273.0,0,0,0.0,613.0,218.0,0.0,0.0,0.0,4038,0,5498,20,0.0,0.0,0.0,0.0,0.0,0.0,0.0,0.0,0.0,0.0,0.0,690.0,267.0,0.0,685.0,270.0,0.0,666.0,262.0,0.0,692.0,269.0,,,,30,,Paris,Maghoma,Maghoma,has joined Norwich City permanently.,,0,0,0,0,0,0,0,0,0,0,0,0,0,,,,0.0,0.0,0.0,0.0,0.0,0,0,0
136,a,100.0,100.0,7.3,30,12.0,1,-1.0,13,-13.0,36.1,6,3.0,149,6,5.0,15.0,3.0,19,607,4.0,75.0,10.0,0.5,20.4,0.0,8989070,66743,4684800,14824,4.0,4.5,17.49,1.63,19.12,40.42,0.61,0.06,0.67,1.42,826.6,5.0,2.0,278.1,118.0,6.0,982.0,2.0,2.0,208.4,4.0,2.0,,,2.0,30,,Igor Thiago,Nascimento Rodrigues,Thiago,,,2562,19,1,7,40,0,0,1,6,0,0,29,158,,,,0.0,0.25,1.41,1.02,5.55,25,59,74
137,u,0.0,0.0,4.4,556,78.0,0,0.0,-1,1.0,0.3,321,51.0,0,0,0.0,678.0,70.0,0,0,0.0,589.0,59.0,0.0,0.0,0.0,52422,0,81702,80,0.0,0.0,0.0,0.0,0.0,0.0,0.0,0.0,0.0,0.0,0.0,670.0,70.0,0.0,666.0,69.0,0.0,646.0,69.0,0.0,672.0,70.0,,,,30,,Iwan,Morgan,Morgan,has joined Shrewsbury on loan for the rest of the season.,,0,0,0,0,0,0,0,0,0,0,0,0,0,,,,0.0,0.0,0.0,0.0,0.0,0,0,0
748,i,0.0,0.0,4.9,299,186.0,0,0.0,-1,1.0,0.0,809,359.0,0,0,0.0,770.0,332.0,0,0,0.0,718.0,299.0,0.0,0.0,0.0,196,4,228,2,0.0,0.0,0.0,0.0,0.0,0.0,0.0,0.0,0.0,0.0,0.0,769.0,331.0,0.0,765.0,331.0,0.0,761.0,329.0,0.0,769.0,331.0,,,,30,,Josh,Dasilva,Dasilva,Lack of match fitness - Expected back 24 May,,0,0,0,0,0,0,0,0,0,0,0,0,0,,,,0.0,0.0,0.0,0.0,0.0,0,0,0
819,a,,,4.0,696,177.0,0,0.0,0,0.0,0.0,789,263.0,0,0,0.0,604.0,223.0,0,0,0.0,478.0,187.0,0.0,0.0,0.0,229,22,54,15,0.0,0.5,0.0,0.0,0.0,0.0,0.0,0.0,0.0,0.0,0.0,593.0,222.0,0.0,584.0,222.0,0.0,554.0,218.0,0.0,595.0,222.0,,,,30,,Ollie,Shield,Shield,,,0,0,0,0,0,0,0,0,0,0,0,0,0,,,,0.0,0.0,0.0,0.0,0.0,0,0,0
138,a,,,4.2,626,31.0,0,0.0,-3,3.0,0.2,352,49.0,0,0,0.0,638.0,87.0,0,0,0.0,520.0,81.0,0.0,0.0,0.0,10702,64,39856,154,-0.5,0.0,0.0,0.0,0.0,0.0,0.0,0.0,0.0,0.0,0.0,628.0,87.0,0.0,621.0,76.0,0.0,593.0,63.0,0.0,630.0,87.0,,,,30,,Jason,Steele,Steele,,,0,0,0,0,0,0,0,0,0,0,0,0,0,,,,0.0,0.0,0.0,0.0,0.0,0,0,0
139,a,,,4.5,443,24.0,0,0.0,0,0.0,5.4,71,11.0,98,7,3.3,152.0,18.0,4,486,4.8,45.0,4.0,1.1,21.8,0.0,707442,6034,868562,3073,4.3,4.8,0.0,0.05,0.05,39.99,0.0,0.0,0.0,1.33,728.0,11.0,2.0,10.0,427.0,9.0,0.0,683.0,78.0,73.9,161.0,3.0,,,,30,,Bart,Verbruggen,Verbruggen,,,2700,0,0,7,36,1,1,0,3,0,83,30,102,,,,2.77,0.23,1.2,1.0,0.0,1,24,265
140,a,,,3.9,752,76.0,0,0.0,-1,1.0,0.3,315,43.0,0,0,0.0,552.0,48.0,0,0,0.0,423.0,39.0,0.0,0.0,0.0,18225,50,28478,194,-0.5,0.0,0.0,0.0,0.0,0.0,0.0,0.0,0.0,0.0,0.0,541.0,48.0,0.0,527.0,30.0,0.0,496.0,17.0,0.0,543.0,48.0,,,,30,,Tom,McGill,McGill,,,0,0,0,0,0,0,0,0,0,0,0,0,0,,,,0.0,0.0,0.0,0.0,0.0,0,0,0
141,u,0.0,0.0,4.0,690,55.0,0,0.0,0,0.0,0.0,807,92.0,0,0,0.0,598.0,75.0,0,0,0.0,472.0,68.0,0.0,0.0,0.0,0,0,246,0,0.0,0.0,0.0,0.0,0.0,0.0,0.0,0.0,0.0,0.0,0.0,587.0,75.0,0.0,578.0,62.0,0.0,548.0,49.0,0.0,589.0,75.0,,,,30,,Carl,Rushworth,Rushworth,Has joined Coventry City on loan for the rest of the season.,,0,0,0,0,0,0,0,0,0,0,0,0,0,,,,0.0,0.0,0.0,0.0,0.0,0,0,0
142,u,0.0,0.0,4.0,678,48.0,0,0.0,0,0.0,0.0,808,93.0,0,0,0.0,588.0,68.0,0,0,0.0,462.0,61.0,0.0,0.0,0.0,0,0,205,0,0.0,0.0,0.0,0.0,0.0,0.0,0.0,0.0,0.0,0.0,0.0,577.0,68.0,0.0,568.0,55.0,0.0,538.0,42.0,0.0,579.0,68.0,,,,30,,Kjell,Scherpen,Scherpen,Has joined Union SG permanently,,0,0,0,0,0,0,0,0,0,0,0,0,0,,,,0.0,0.0,0.0,0.0,0.0,0,0,0
143,a,,,4.2,632,143.0,0,0.0,-3,3.0,0.1,505,180.0,21,0,2.6,251.0,95.0,2,88,0.2,352.0,126.0,0.0,5.0,0.0,6632,24,13053,58,-0.3,0.2,0.05,0.31,0.36,5.37,0.01,0.06,0.07,1.1,122.0,340.0,129.0,46.4,356.0,124.0,12.0,399.0,146.0,18.1,384.0,137.0,,,,30,,Olivier,Boscagli,Boscagli,,,439,0,1,1,5,0,0,0,2,0,0,5,41,,,,0.0,0.21,1.03,1.03,8.41,10,31,34
144,u,0.0,0.0,4.2,646,153.0,0,0.0,-3,3.0,0.0,601,214.0,10,0,2.0,330.0,122.0,0,32,0.0,531.0,224.0,0.0,2.4,0.0,2735,0,8297,19,0.0,0.0,0.0,0.01,0.01,4.52,0.0,0.0,0.0,2.11,42.4,420.0,157.0,3.7,450.0,162.0,2.0,443.0,167.0,4.8,452.0,163.0,,,,30,,Diego,Coppola,Coppola,has joined Paris FC on loan for the rest of the season.,,193,0,0,1,3,0,0,0,2,0,0,2,19,,,,0.0,0.47,1.4,0.93,8.39,2,16,6
145,a,100.0,100.0,4.3,592,134.0,0,0.0,-2,2.0,1.7,153,59.0,61,1,2.5,267.0,101.0,6,228,0.8,287.0,105.0,0.2,14.2,0.0,255099,183,720088,1461,0.3,0.8,1.55,2.15,3.7,20.84,0.12,0.17,0.29,1.64,215.2,264.0,107.0,319.7,89.0,20.0,132.0,212.0,51.0,66.7,198.0,67.0,3.0,1.0,,30,,Maxim,De Cuyper,De Cuyper,,,1145,2,0,4,18,0,0,0,2,0,0,14,75,,,,0.0,0.31,1.41,1.1,4.01,18,33,57
146,a,100.0,100.0,4.5,407,72.0,0,0.0,0,0.0,1.0,189,71.0,81,11,2.9,206.0,81.0,3,383,4.5,54.0,20.0,1.0,18.0,0.0,161030,2899,199757,542,4.0,4.5,1.3,0.5,1.8,37.28,0.05,0.02,0.07,1.36,569.2,51.0,22.0,107.7,259.0,74.0,154.0,186.0,44.0,83.3,135.0,42.0,,3.0,,30,,Lewis,Dunk,Dunk,,,2475,0,1,6,34,0,0,0,9,0,0,27,256,,,,0.0,0.22,1.24,0.98,7.78,32,182,115
147,u,0.0,0.0,4.5,417,79.0,0,0.0,0,0.0,0.0,748,256.0,0,0,0.0,694.0,255.0,0,0,0.0,611.0,240.0,0.0,0.0,0.0,0,0,1987,2,0.0,0.0,0.0,0.0,0.0,0.0,0.0,0.0,0.0,0.0,0.0,688.0,255.0,0.0,683.0,255.0,0.0,664.0,254.0,0.0,690.0,255.0,,,,30,,Pervis,Estupiñán Tenorio,Estupiñan,Has joined AC Milan permanently,,0,0,0,0,0,0,0,0,0,0,0,0,0,,,,0.0,0.0,0.0,0.0,0.0,0,0,0
148,a,,,4.4,531,107.0,0,0.0,-1,1.0,0.4,290,108.0,84,8,2.9,204.0,79.0,4,388,4.8,44.0,16.0,1.1,19.1,0.0,84988,1497,68031,591,4.3,4.8,1.56,2.36,3.92,35.54,0.06,0.09,0.15,1.33,378.0,144.0,63.0,345.2,75.0,16.0,183.0,157.0,33.0,90.9,112.0,32.0,,,,30,,Ferdi,Kadıoğlu,F.Kadıoğlu,,,2410,0,2,7,31,0,0,0,6,0,0,26,165,,,,0.0,0.26,1.16,0.97,5.04,51,84,108
151,a,100.0,100.0,4.4,544,116.0,0,0.0,-1,1.0,4.4,84,27.0,116,9,4.1,58.0,24.0,8,447,6.0,11.0,6.0,1.4,26.4,0.0,1051467,29630,663116,3420,5.5,6.0,2.13,1.14,3.26,37.2,0.08,0.04,0.12,1.34,800.4,7.0,3.0,181.9,186.0,47.0,235.0,110.0,17.0,122.1,52.0,7.0,,,,30,,Jan Paul,van Hecke,Van Hecke,,,2490,3,2,7,34,1,0,0,7,0,0,28,274,,,,0.0,0.25,1.23,1.01,8.82,42,202,83
152,a,100.0,100.0,4.3,576,122.0,0,0.0,-2,2.0,0.1,433,162.0,35,1,1.9,346.0,128.0,1,134,1.0,263.0,97.0,0.2,8.1,0.0,22350,43,36491,146,0.5,1.0,0.99,0.12,1.11,14.85,0.11,0.01,0.12,1.59,222.8,254.0,102.0,71.5,307.0,101.0,63.0,302.0,90.0,35.8,311.0,105.0,,,,30,,Joël,Veltman,Veltman,,,841,1,0,1,12,0,0,0,4,0,0,8,102,,,,0.0,0.11,1.28,0.86,9.63,29,61,34
153,i,0.0,0.0,4.4,524,102.0,0,0.0,-1,1.0,0.0,761,258.0,0,0,0.0,667.0,253.0,0,0,0.0,570.0,233.0,0.0,0.0,0.0,974,10,1744,7,0.0,0.0,0.0,0.0,0.0,0.0,0.0,0.0,0.0,0.0,0.0,657.0,253.0,0.0,653.0,253.0,0.0,631.0,252.0,0.0,659.0,253.0,,,,30,,Adam,Webster,Webster,Knee injury - Unknown return date,,0,0,0,0,0,0,0,0,0,0,0,0,0,,,,0.0,0.0,0.0,0.0,0.0,0,0,0
154,u,0.0,0.0,4.0,681,169.0,0,0.0,0,0.0,0.0,781,260.0,0,0,0.0,591.0,217.0,0,0,0.0,465.0,181.0,0.0,0.0,0.0,0,0,784,2,0.0,0.0,0.0,0.0,0.0,0.0,0.0,0.0,0.0,0.0,0.0,580.0,216.0,0.0,571.0,216.0,0.0,541.0,212.0,0.0,582.0,216.0,,,,30,,Eiran,Cashin,Cashin,has joined Blackburn Rovers on loan for the rest of the season.,,0,0,0,0,0,0,0,0,0,0,0,0,0,,,,0.0,0.0,0.0,0.0,0.0,0,0,0
155,u,0.0,0.0,4.0,723,196.0,0,0.0,0,0.0,0.1,503,178.0,0,0,0.0,624.0,236.0,0,0,0.0,500.0,202.0,0.0,0.0,0.0,3175,0,16659,12,0.0,0.0,0.0,0.0,0.0,0.0,0.0,0.0,0.0,0.0,0.0,614.0,236.0,0.0,606.0,236.0,0.0,577.0,233.0,0.0,616.0,236.0,,,,30,,Jacob,Slater,Slater,has joined Harrogate Town on loan until January.,,0,0,0,0,0,0,0,0,0,0,0,0,0,,,,0.0,0.0,0.0,0.0,0.0,0,0,0
157,d,75.0,75.0,6.1,83,54.0,0,0.0,-4,4.0,1.8,145,49.0,50,0,2.6,263.0,112.0,2,184,1.2,256.0,113.0,0.2,8.2,0.0,281109,81,859727,1987,0.5,0.9,3.17,2.12,5.29,18.83,0.2,0.14,0.34,1.2,222.2,255.0,107.0,362.3,71.0,55.0,305.0,82.0,50.0,88.6,116.0,67.0,,,,30,,Mitoma,Kaoru,Mitoma,Ankle injury - 75% chance of playing,,1408,2,1,4,16,0,0,0,3,0,0,16,80,,,,0.0,0.26,1.02,1.02,5.11,12,21,47
158,a,100.0,100.0,5.6,130,81.0,0,0.0,-4,4.0,0.3,308,105.0,69,0,2.9,215.0,87.0,2,232,1.0,277.0,123.0,0.2,12.3,0.0,131349,123,254482,389,0.5,1.0,2.26,2.2,4.46,19.66,0.13,0.12,0.25,1.11,263.6,219.0,94.0,291.5,109.0,79.0,368.0,61.0,37.0,92.2,109.0,63.0,,,,30,,Georginio,Rutter,Georginio,,,1592,2,4,6,17,1,0,0,2,0,0,19,114,,,,0.0,0.34,0.96,1.07,6.44,26,35,53
160,a,100.0,100.0,5.5,153,96.0,0,0.0,-5,5.0,1.8,144,48.0,94,9,3.6,115.0,54.0,8,361,2.5,165.0,67.0,0.5,17.1,0.0,1928863,3832,1879627,987,2.0,2.5,2.93,3.51,6.44,26.54,0.15,0.18,0.33,1.36,371.0,150.0,54.0,498.9,33.0,31.0,494.0,29.0,14.0,136.6,35.0,25.0,,,,30,,Yankuba,Minteh,Minteh,,,1754,2,8,7,26,0,0,0,1,0,0,19,139,,,,0.0,0.36,1.33,0.97,7.13,39,24,76
161,u,0.0,0.0,5.4,172,107.0,0,0.0,-1,1.0,0.0,750,318.0,0,0,0.0,806.0,358.0,0,0,0.0,784.0,343.0,0.0,0.0,0.0,105,0,2961,1,0.0,0.0,0.0,0.0,0.0,0.0,0.0,0.0,0.0,0.0,0.0,805.0,357.0,0.0,804.0,357.0,0.0,802.0,356.0,0.0,805.0,357.0,,,,30,,Julio,Enciso Espínola,Enciso,has joined Strasbourg permanently.,,0,0,0,0,0,0,0,0,0,0,0,0,0,,,,0.0,0.0,0.0,0.0,0.0,0,0,0
162,u,0.0,0.0,5.4,177,111.0,0,0.0,-1,1.0,0.0,596,224.0,35,0,1.9,360.0,155.0,2,114,0.0,786.0,345.0,0.0,6.5,0.0,16799,0,19735,17,0.0,0.0,1.86,0.88,2.74,13.82,0.24,0.11,0.35,1.76,134.4,327.0,147.0,217.1,162.0,110.0,152.0,189.0,104.0,50.0,261.0,134.0,,,,30,,Brajan,Gruda,Gruda,has joined Leipzig on loan for the rest of the season.,,708,1,1,2,11,0,0,0,2,0,0,8,58,,,,0.0,0.25,1.4,1.02,7.37,14,4,40
163,a,100.0,100.0,5.1,242,147.0,0,0.0,-4,4.0,0.1,577,216.0,53,3,2.8,231.0,94.0,2,190,4.0,69.0,30.0,0.8,10.4,0.0,10495,160,17439,108,3.5,4.0,2.18,0.78,2.96,20.24,0.18,0.06,0.24,1.67,172.8,293.0,129.0,148.7,208.0,134.0,220.0,120.0,73.0,53.8,245.0,123.0,,,,30,,Jack,Hinshelwood,Hinshelwood,,,1088,1,4,3,16,1,0,0,0,0,0,12,87,,,,0.0,0.25,1.32,0.99,7.2,13,29,45
166,a,100.0,100.0,4.8,369,230.0,0,0.0,-2,2.0,0.4,279,97.0,84,1,3.7,99.0,44.0,7,351,0.2,363.0,162.0,0.0,17.5,0.0,200900,200,180388,847,-0.3,0.2,2.54,1.07,3.61,24.69,0.13,0.06,0.19,1.3,311.4,187.0,76.0,215.1,163.0,111.0,206.0,128.0,76.0,73.4,164.0,83.0,,2.0,,30,,Yasin,Ayari,Ayari,,,1713,3,3,5,21,0,0,0,1,0,0,18,202,,,,0.0,0.26,1.1,0.95,10.61,43,47,112
167,a,100.0,100.0,4.5,457,277.0,0,0.0,-5,5.0,1.5,160,54.0,40,0,1.7,388.0,165.0,0,152,1.0,265.0,117.0,0.2,8.9,0.0,201900,525,551155,1414,0.5,1.0,0.56,0.28,0.84,16.92,0.04,0.02,0.06,1.21,99.4,363.0,161.0,92.8,281.0,167.0,29.0,366.0,188.0,22.1,366.0,174.0,,,,30,,Carlos,Baleba,Baleba,,,1261,0,0,4,17,0,0,0,5,0,0,19,152,,,,0.0,0.29,1.21,1.36,10.85,28,50,74
169,a,100.0,100.0,4.9,337,208.0,0,0.0,-1,1.0,0.4,278,96.0,83,4,3.1,180.0,76.0,9,330,6.0,13.0,5.0,1.2,16.9,0.0,109695,5718,74430,1173,5.5,6.0,4.92,1.33,6.25,25.76,0.24,0.07,0.31,1.26,406.0,127.0,42.0,296.6,105.0,76.0,369.0,60.0,36.0,107.3,80.0,50.0,,5.0,,30,,Diego,Gómez Amarilla,Gomez,,,1838,5,0,7,24,0,0,0,8,0,0,22,199,,,,0.0,0.34,1.18,1.08,9.74,70,42,87
170,a,100.0,100.0,4.9,286,178.0,0,0.0,-1,1.0,0.1,462,156.0,32,3,1.8,378.0,161.0,0,142,2.0,193.0,77.0,0.4,6.5,0.0,18992,98,23677,67,1.5,2.0,0.96,0.64,1.6,10.4,0.14,0.09,0.23,1.46,128.0,333.0,151.0,134.8,219.0,142.0,54.0,323.0,169.0,31.5,330.0,161.0,,,1.0,30,,James,Milner,Milner,,,639,1,1,2,13,0,0,0,2,0,0,5,66,,,,0.0,0.28,1.83,0.7,9.3,12,18,36
171,u,0.0,0.0,4.9,327,203.0,0,0.0,-1,1.0,0.0,710,291.0,0,0,0.0,778.0,339.0,0,0,0.0,731.0,308.0,0.0,0.0,0.0,197,0,2966,0,0.0,0.0,0.0,0.0,0.0,0.0,0.0,0.0,0.0,0.0,0.0,777.0,338.0,0.0,773.0,338.0,0.0,769.0,336.0,0.0,777.0,338.0,,,,30,,Jeremy,Sarmiento Morante,Sarmiento,has joined Middlesbrough on loan for the rest of the season.,,0,0,0,0,0,0,0,0,0,0,0,0,0,,,,0.0,0.0,0.0,0.0,0.0,0,0,0
172,u,0.0,0.0,4.8,371,232.0,0,0.0,-2,2.0,0.0,651,258.0,5,0,0.8,515.0,240.0,0,15,0.0,710.0,293.0,0.0,1.0,0.0,2397,0,4233,15,0.0,0.0,0.04,0.03,0.07,1.72,0.06,0.05,0.11,2.72,6.0,475.0,214.0,2.4,458.0,219.0,7.0,426.0,204.0,1.6,475.0,216.0,,,,30,,Tom,Watson,Watson,has joined Millwall on loan for the rest of the season.,,57,0,0,0,2,0,0,0,1,0,0,0,5,,,,0.0,0.0,3.16,0.0,7.89,1,0,4
173,a,100.0,100.0,4.9,331,206.0,0,0.0,-1,1.0,0.1,442,148.0,70,5,3.5,122.0,56.0,3,308,3.0,121.0,48.0,0.6,14.3,0.0,80110,103,78211,61,2.5,3.0,1.5,1.78,3.28,18.84,0.09,0.11,0.2,1.15,364.4,154.0,56.0,263.6,124.0,86.0,170.0,173.0,93.0,79.9,142.0,77.0,,,,30,,Mats,Wieffer,Wieffer,,,1479,0,4,5,19,0,0,0,6,0,0,17,232,,,,0.0,0.3,1.16,1.03,14.12,56,90,86
174,u,0.0,0.0,5.0,282,175.0,0,0.0,0,0.0,0.0,776,336.0,0,0,0.0,797.0,353.0,0,0,0.0,757.0,326.0,0.0,0.0,0.0,0,0,1266,0,0.0,0.0,0.0,0.0,0.0,0.0,0.0,0.0,0.0,0.0,0.0,796.0,352.0,0.0,794.0,352.0,0.0,790.0,350.0,0.0,796.0,352.0,,,,30,,Malick,Yalcouyé,Yalcouye,Has joined Swansea City on loan for the rest of the season.,,0,0,0,0,0,0,0,0,0,0,0,0,0,,,,0.0,0.0,0.0,0.0,0.0,0,0,0
175,u,0.0,0.0,4.4,562,337.0,0,0.0,-1,1.0,0.1,537,196.0,1,0,1.0,473.0,209.0,0,3,0.0,595.0,209.0,0.0,0.2,0.0,11030,0,15095,43,0.0,0.0,0.0,0.0,0.0,0.0,0.0,0.0,0.0,0.0,0.0,675.0,259.0,0.0,671.0,263.0,0.0,651.0,254.0,0.0,677.0,261.0,,,,30,,Joe,Knight,Knight,has joined Stevenage permanently.,,1,0,0,0,0,0,0,0,0,0,0,0,0,,,,0.0,0.0,0.0,0.0,0.0,0,0,0
176,u,0.0,0.0,4.5,461,281.0,0,0.0,0,0.0,0.0,690,281.0,0,0,0.0,721.0,296.0,0,0,0.0,643.0,243.0,0.0,0.0,0.0,1435,0,4598,1,0.0,0.0,0.0,0.0,0.0,0.0,0.0,0.0,0.0,0.0,0.0,716.0,291.0,0.0,712.0,293.0,0.0,696.0,286.0,0.0,717.0,292.0,,,,30,,Adrian,Mazilu,Mazilu,has joined Dinamo Bucharest permanently.,,0,0,0,0,0,0,0,0,0,0,0,0,0,,,,0.0,0.0,0.0,0.0,0.0,0,0,0
177,u,0.0,0.0,4.5,451,271.0,0,0.0,0,0.0,0.0,706,288.0,0,0,0.0,713.0,288.0,0,0,0.0,635.0,235.0,0.0,0.0,0.0,490,0,5108,2,0.0,0.0,0.0,0.0,0.0,0.0,0.0,0.0,0.0,0.0,0.0,708.0,283.0,0.0,704.0,285.0,0.0,688.0,278.0,0.0,709.0,284.0,,,,30,,Andrew,Moran,Moran,Has joined Los Angeles FC on loan for the rest of the season.,,0,0,0,0,0,0,0,0,0,0,0,0,0,,,,0.0,0.0,0.0,0.0,0.0,0,0,0
178,a,100.0,100.0,6.1,80,25.0,0,0.0,-4,4.0,4.0,93,16.0,94,2,3.2,170.0,14.0,14,365,5.2,32.0,3.0,0.9,15.4,0.0,2077356,10648,2167269,5975,4.7,5.2,9.21,1.15,10.36,24.64,0.48,0.06,0.54,1.28,419.6,114.0,9.0,247.0,137.0,10.0,501.0,27.0,14.0,116.1,68.0,14.0,,4.0,2.0,30,,Danny,Welbeck,Welbeck,,,1735,10,0,7,21,0,0,2,4,0,0,19,84,,,,0.0,0.36,1.09,0.99,4.36,20,28,36
179,u,0.0,0.0,5.5,151,37.0,0,0.0,0,0.0,0.0,757,92.0,0,0,0.0,811.0,89.0,0,0,0.0,792.0,84.0,0.0,0.0,0.0,0,0,1560,0,0.0,0.0,0.0,0.0,0.0,0.0,0.0,0.0,0.0,0.0,0.0,810.0,89.0,0.0,809.0,89.0,0.0,807.0,89.0,0.0,810.0,89.0,,,,30,,Evan,Ferguson,Ferguson,Has joined AS Roma on loan for the rest of the season,,0,0,0,0,0,0,0,0,0,0,0,0,0,,,,0.0,0.0,0.0,0.0,0.0,0,0,0
180,i,0.0,0.0,5.2,219,51.0,0,0.0,-3,3.0,0.1,530,74.0,16,0,1.8,381.0,44.0,0,55,0.0,770.0,82.0,0.0,3.1,0.0,13266,18,23261,24,0.0,0.0,0.44,0.11,0.55,2.59,0.3,0.08,0.38,1.77,66.6,396.0,43.0,65.7,317.0,34.0,44.0,337.0,52.0,17.7,386.0,48.0,,,,30,,Stefanos,Tzimas,Tzimas,Knee injury - Expected back 01 Jun,,132,1,1,0,2,0,0,0,0,0,0,1,15,,,,0.0,0.0,1.36,0.68,10.23,3,2,10
181,a,,,4.8,373,64.0,0,0.0,-2,2.0,0.3,300,48.0,30,0,1.9,350.0,39.0,3,117,0.0,711.0,75.0,0.0,6.2,0.0,55819,125,76524,383,-0.5,0.0,1.7,0.23,1.93,4.62,0.52,0.07,0.59,1.42,129.6,332.0,32.0,80.0,299.0,33.0,192.0,146.0,36.0,40.1,298.0,34.0,,,,30,,Charalampos,Kostoulas,Kostoulas,,,292,2,1,1,7,0,0,0,2,0,0,2,38,,,,0.0,0.31,2.16,0.62,11.71,11,5,22
744,a,,,4.5,466,284.0,0,0.0,0,0.0,0.0,719,298.0,1,0,1.0,480.0,215.0,0,3,0.0,647.0,246.0,0.0,0.2,0.0,2873,19,2104,20,-0.5,0.0,0.0,0.0,0.0,0.0,0.0,0.0,0.0,0.0,0.0,720.0,294.0,0.0,715.0,295.0,0.0,700.0,289.0,0.0,721.0,295.0,,,,30,,Nehemiah,Oriola,Oriola,,,1,0,0,0,0,0,0,0,0,0,0,0,0,,,,0.0,0.0,0.0,0.0,0.0,0,0,0
761,a,,,4.0,728,201.0,0,0.0,0,0.0,0.0,700,245.0,0,0,0.0,628.0,240.0,0,0,0.0,504.0,206.0,0.0,0.0,0.0,1054,16,796,21,-0.5,0.0,0.0,0.0,0.0,0.0,0.0,0.0,0.0,0.0,0.0,618.0,240.0,0.0,610.0,240.0,0.0,581.0,237.0,0.0,620.0,240.0,,,,30,,Freddie,Simmonds,Simmonds,,,0,0,0,0,0,0,0,0,0,0,0,0,0,,,,0.0,0.0,0.0,0.0,0.0,0,0,0
783,a,,,5.5,134,83.0,0,0.0,0,0.0,0.1,471,162.0,41,8,3.7,104.0,47.0,4,209,4.5,55.0,25.0,0.8,7.5,0.0,24127,1257,11845,302,4.0,4.5,0.78,2.13,2.91,11.29,0.08,0.21,0.29,1.11,221.2,258.0,108.0,340.6,78.0,59.0,111.0,232.0,128.0,67.2,196.0,98.0,1.0,,,30,,Pascal,Groß,Groß,,,916,1,2,3,7,0,0,0,2,0,0,10,91,,,,0.0,0.29,0.69,0.98,8.94,18,29,44
795,a,,,4.5,490,303.0,0,0.0,0,0.0,0.0,772,332.0,4,0,1.3,431.0,191.0,0,11,0.2,359.0,159.0,0.0,0.9,0.0,796,14,307,21,-0.3,0.2,0.0,0.03,0.03,1.04,0.0,0.03,0.03,1.02,10.2,465.0,207.0,5.1,444.0,214.0,2.0,451.0,221.0,1.8,472.0,214.0,,,,30,,Harry,Howell,Howell,,,92,0,0,0,2,0,0,0,0,0,0,1,7,,,,0.0,0.0,1.96,0.98,6.85,1,3,3
220,a,100.0,100.0,4.8,356,13.0,0,0.0,-2,2.0,13.1,26,5.0,100,3,3.6,110.0,15.0,7,451,1.8,207.0,19.0,0.4,20.8,0.0,1693759,5023,2917392,7638,2.3,2.3,0.0,0.04,0.04,37.13,0.0,0.0,0.0,1.37,643.0,34.0,9.0,50.0,344.0,1.0,0.0,752.0,84.0,68.9,184.0,7.0,,,,30,,Robert,Lynch Sánchez,Sánchez,,,2434,0,1,9,33,0,0,0,3,1,75,28,89,,,,2.77,0.33,1.22,1.04,0.0,2,23,241
221,d,75.0,100.0,4.3,606,29.0,0,0.0,-2,2.0,0.2,395,57.0,6,0,2.0,331.0,31.0,0,35,0.8,288.0,22.0,0.2,1.4,0.0,16311,48,27509,218,1.0,1.3,0.0,0.0,0.0,3.56,0.0,0.0,0.0,1.21,59.6,403.0,30.0,0.0,639.0,81.0,0.0,616.0,70.0,5.9,441.0,30.0,,,,30,,Filip,Jörgensen,Jörgensen,Groin Injury - 75% chance of playing,,264,0,0,0,4,0,0,0,0,0,6,2,7,,,,2.05,0.0,1.36,0.68,0.0,0,3,23
222,u,0.0,0.0,4.0,713,64.0,0,0.0,0,0.0,0.0,802,91.0,0,0,0.0,615.0,83.0,0,0,0.0,490.0,76.0,0.0,0.0,0.0,0,0,341,0,0.0,0.0,0.0,0.0,0.0,0.0,0.0,0.0,0.0,0.0,0.0,605.0,83.0,0.0,597.0,71.0,0.0,568.0,58.0,0.0,607.0,83.0,,,,30,,Mike,Penders,Penders,Has joined RC Strasbourg on loan for the rest of the season.,,0,0,0,0,0,0,0,0,0,0,0,0,0,,,,0.0,0.0,0.0,0.0,0.0,0,0,0
223,a,,,3.9,764,81.0,0,0.0,-1,1.0,0.1,464,71.0,0,0,0.0,560.0,53.0,0,0,0.0,431.0,44.0,0.0,0.0,0.0,10111,17,12799,75,0.5,0.5,0.0,0.0,0.0,0.0,0.0,0.0,0.0,0.0,0.0,549.0,53.0,0.0,535.0,35.0,0.0,504.0,22.0,0.0,551.0,53.0,,,,30,,Gabriel,Słonina,Slonina,,,0,0,0,0,0,0,0,0,0,0,0,0,0,,,,0.0,0.0,0.0,0.0,0.0,0,0,0
224,a,100.0,100.0,6.0,88,5.0,0,0.0,0,0.0,14.3,23,8.0,93,2,3.6,117.0,40.0,5,430,0.8,311.0,110.0,0.1,15.5,0.0,2749912,18448,3704054,3243,1.3,1.3,1.64,2.94,4.58,29.38,0.07,0.13,0.2,1.33,452.6,92.0,41.0,441.2,41.0,4.0,206.0,131.0,23.0,110.0,75.0,15.0,,,,30,,Marc,Cucurella Saseta,Cucurella,,,1986,1,3,9,22,0,0,0,5,1,0,23,183,,,,0.0,0.41,1.0,1.04,6.62,43,103,88
225,d,25.0,100.0,5.6,127,12.0,0,0.0,1,-1.0,8.6,37,13.0,113,2,4.2,53.0,22.0,11,479,4.0,71.0,28.0,0.7,20.2,0.0,2186969,21216,1931112,27134,1.1,4.5,1.02,3.15,4.17,28.24,0.05,0.15,0.2,1.34,446.4,99.0,45.0,480.8,36.0,3.0,109.0,238.0,62.0,103.8,86.0,19.0,2.0,2.0,,30,,Reece,James,James,Hamstring injury - 25% chance of playing,,1892,2,6,8,20,0,0,0,4,0,0,20,163,,,,0.0,0.38,0.95,0.95,5.9,47,77,95
226,d,75.0,100.0,5.5,138,16.0,-1,1.0,5,-5.0,18.2,19,7.0,131,2,4.5,34.0,14.0,7,493,1.8,213.0,80.0,0.3,23.8,0.0,4817250,14110,2890809,26710,1.7,2.3,1.3,1.01,2.31,36.15,0.05,0.04,0.09,1.28,673.4,25.0,10.0,96.3,272.0,82.0,154.0,187.0,45.0,92.3,108.0,30.0,,,,30,,Trevoh,Chalobah,Chalobah,Ankle injury - 75% chance of playing,,2550,3,1,9,34,0,0,0,3,1,0,29,281,,,,0.0,0.32,1.2,1.02,8.79,35,214,108
227,i,0.0,0.0,4.7,389,66.0,0,0.0,-3,3.0,0.1,472,172.0,0,0,0.0,763.0,260.0,0,0,0.0,698.0,248.0,0.0,0.0,0.0,1246,20,30713,16,0.0,0.0,0.0,0.0,0.0,0.0,0.0,0.0,0.0,0.0,0.0,762.0,260.0,0.0,757.0,260.0,0.0,748.0,260.0,0.0,762.0,260.0,,,,30,,Levi,Samuels Colwill,Colwill,Anterior cruciate ligament - Unknown return date,,0,0,0,0,0,0,0,0,0,0,0,0,0,,,,0.0,0.0,0.0,0.0,0.0,0,0,0
228,d,75.0,100.0,4.9,333,54.0,0,0.0,-1,1.0,2.0,140,54.0,90,1,3.3,155.0,60.0,7,359,3.2,106.0,41.0,0.7,18.4,0.0,488705,3676,482408,1954,2.8,3.7,1.46,1.87,3.33,27.51,0.08,0.1,0.18,1.47,352.8,160.0,69.0,308.0,95.0,22.0,168.0,177.0,42.0,82.9,137.0,44.0,,,,30,,Malo,Gusto,Gusto,Illness - 75% chance of playing,,1689,2,3,7,22,0,0,0,2,1,0,19,124,,,,0.0,0.37,1.17,1.01,5.01,42,52,97
229,d,75.0,100.0,4.4,536,112.0,0,0.0,-1,1.0,0.0,634,226.0,7,0,0.9,508.0,175.0,0,48,0.0,575.0,236.0,0.0,1.6,0.0,8959,22,9273,47,0.4,0.5,0.0,0.06,0.06,7.41,0.0,0.01,0.01,1.42,102.8,357.0,137.0,7.9,435.0,156.0,2.0,447.0,168.0,11.4,414.0,148.0,,,,30,,Benoît,Badiashile Mukinayi,B.Badiashile,Illness - 75% chance of playing,,470,0,0,0,10,0,0,0,2,0,0,6,51,,,,0.0,0.0,1.91,1.15,9.19,7,41,16
615,i,0.0,0.0,5.6,129,80.0,-1,1.0,1,-1.0,1.8,148,50.0,92,0,3.8,85.0,38.0,10,337,3.8,83.0,36.0,0.7,16.4,0.0,552380,189,311193,39055,0.0,0.0,4.53,1.94,6.47,28.26,0.22,0.09,0.31,1.37,371.0,151.0,55.0,331.2,84.0,64.0,472.0,32.0,16.0,117.4,60.0,39.0,2.0,,,30,,Crysencio,Summerville,Summerville,Calf injury - Unknown return date,,1856,5,3,5,34,0,0,0,4,0,0,22,163,,,,0.0,0.24,1.65,1.07,7.9,31,42,90
616,u,0.0,0.0,4.9,310,194.0,0,0.0,-1,1.0,0.0,599,227.0,0,0,0.0,772.0,333.0,0,0,0.0,722.0,300.0,0.0,0.0,0.0,1147,0,16108,5,0.0,0.0,0.0,0.0,0.0,0.0,0.0,0.0,0.0,0.0,0.0,771.0,332.0,0.0,767.0,332.0,0.0,763.0,330.0,0.0,771.0,332.0,,,,30,,Edson,Álvarez Velázquez,Álvarez,Has joined Fenerbahçe on loan for the rest of the season.,,0,0,0,0,0,0,0,0,0,0,0,0,0,,,,0.0,0.0,0.0,0.0,0.0,0,0,0
617,u,0.0,0.0,4.9,290,179.0,0,0.0,-1,1.0,0.0,712,293.0,0,0,0.0,768.0,330.0,0,0,0.0,713.0,294.0,0.0,0.0,0.0,246,0,3223,0,0.0,0.0,0.0,0.0,0.0,0.0,0.0,0.0,0.0,0.0,0.0,767.0,329.0,0.0,763.0,329.0,0.0,759.0,327.0,0.0,767.0,329.0,,,,30,,Maxwel,Cornet,Cornet,has joined Genoa on loan for the rest of the season.,,0,0,0,0,0,0,0,0,0,0,0,0,0,,,,0.0,0.0,0.0,0.0,0.0,0,0,0
230,a,100.0,100.0,4.4,540,115.0,0,0.0,-1,1.0,0.3,298,112.0,53,3,2.9,205.0,80.0,3,246,1.0,264.0,98.0,0.2,12.0,0.0,112771,424,105313,314,1.5,1.5,0.55,0.57,1.12,17.14,0.04,0.04,0.08,1.31,346.8,163.0,70.0,49.9,346.0,121.0,38.0,342.0,112.0,43.4,284.0,94.0,,,,30,,Wesley,Fofana,Fofana,,,1182,0,1,4,13,0,0,0,3,1,0,13,155,,,,0.0,0.3,0.99,0.99,11.19,15,132,61
231,a,100.0,100.0,4.5,476,94.0,0,0.0,0,0.0,0.0,667,235.0,2,0,1.0,482.0,173.0,0,1,0.5,324.0,117.0,0.1,0.4,0.0,2758,89,2965,106,1.0,1.0,0.35,0.0,0.35,1.42,0.35,0.0,0.35,1.4,6.2,473.0,171.0,0.1,490.0,177.0,7.0,425.0,162.0,1.3,482.0,170.0,,,,30,,Mamadou,Sarr,M.Sarr,,,91,0,0,0,3,0,0,0,0,0,0,1,8,,,,0.0,0.0,2.97,0.99,7.91,1,7,2
232,a,100.0,100.0,4.0,667,162.0,0,0.0,-5,5.0,0.3,344,127.0,33,0,2.4,282.0,107.0,2,122,0.8,284.0,103.0,0.2,8.2,0.0,107454,122,221910,178,1.3,1.3,0.11,0.4,0.5,11.89,0.01,0.05,0.06,1.46,226.2,251.0,100.0,32.0,376.0,134.0,19.0,386.0,136.0,27.8,348.0,118.0,,,,30,,Tosin,Adarabioyo,Tosin,,,731,0,0,2,12,0,0,0,2,0,0,7,106,,,,0.0,0.25,1.48,0.86,11.33,13,79,18
233,a,100.0,100.0,3.7,820,264.0,0,0.0,-3,3.0,1.7,152,58.0,33,0,2.8,220.0,84.0,5,98,0.2,343.0,118.0,0.1,8.9,0.0,591118,2078,495920,3697,0.7,0.7,0.6,0.13,0.73,13.91,0.1,0.02,0.12,2.21,125.2,335.0,126.0,39.2,363.0,128.0,66.0,299.0,88.0,23.1,362.0,124.0,,,,30,,Josh,Acheampong,Acheampong,,,567,1,0,2,12,0,0,0,1,0,0,7,56,,,,0.0,0.32,1.9,1.11,6.35,9,31,23
234,u,0.0,0.0,4.0,734,207.0,0,0.0,0,0.0,0.1,578,206.0,0,0,0.0,632.0,244.0,0,0,0.0,508.0,210.0,0.0,0.0,0.0,1262,0,10216,4,0.0,0.0,0.0,0.0,0.0,0.0,0.0,0.0,0.0,0.0,0.0,622.0,244.0,0.0,614.0,244.0,0.0,585.0,241.0,0.0,624.0,244.0,,,,30,,Aarón,Anselmino,Anselmino,has joined Strasbourg on loan for the rest of the season.,,0,0,0,0,0,0,0,0,0,0,0,0,0,,,,0.0,0.0,0.0,0.0,0.0,0,0,0
235,a,100.0,100.0,10.6,3,2.0,0,0.0,1,-1.0,17.3,20,7.0,94,2,4.9,17.0,9.0,9,341,3.8,86.0,39.0,0.4,8.9,0.0,2600879,28046,7297720,18567,4.3,4.3,8.55,1.8,10.35,21.25,0.58,0.12,0.7,1.44,450.0,94.0,30.0,284.6,113.0,81.0,429.0,43.0,26.0,116.2,67.0,43.0,,3.0,1.0,30,,Cole,Palmer,Palmer,,,1326,9,2,3,19,0,0,0,4,0,0,17,100,,,,0.0,0.2,1.29,1.15,6.79,18,21,61
236,a,100.0,0.0,7.0,36,21.0,0,0.0,0,0.0,4.1,89,29.0,106,0,3.8,89.0,42.0,8,454,1.8,216.0,90.0,0.3,15.1,0.0,1935371,2574,1989738,4376,2.3,0.0,4.27,5.64,9.91,28.79,0.18,0.24,0.42,1.21,442.8,103.0,33.0,684.0,12.0,12.0,427.0,44.0,27.0,155.6,24.0,19.0,1.0,4.0,,30,,Pedro,Lomba Neto,Neto,,,2138,5,5,11,21,0,0,0,2,1,0,24,103,,,,0.0,0.46,0.88,1.01,4.34,15,17,71
237,a,100.0,100.0,6.6,49,31.0,0,0.0,1,-1.0,15.3,21,8.0,127,2,4.4,40.0,17.0,14,565,2.2,187.0,75.0,0.3,19.2,0.0,5462917,13679,4229064,24375,2.7,2.7,10.02,5.79,15.81,35.11,0.36,0.21,0.57,1.27,661.6,31.0,9.0,782.7,6.0,6.0,618.0,20.0,8.0,206.3,5.0,3.0,3.0,1.0,2.0,30,,Enzo,Fernández,Enzo,,,2487,8,4,8,32,0,0,0,8,0,0,28,206,,,,0.0,0.29,1.16,1.01,7.45,48,44,114
238,a,100.0,0.0,6.4,61,40.0,0,0.0,-1,1.0,1.7,151,52.0,55,0,2.9,218.0,90.0,4,169,0.0,811.0,364.0,0.0,8.6,0.0,852476,207,907943,1930,0.5,0.0,2.82,2.12,4.94,8.13,0.34,0.26,0.6,0.99,177.2,289.0,127.0,218.3,159.0,107.0,283.0,89.0,56.0,67.7,192.0,96.0,,,3.0,30,,Estêvão,Almeida de Oliveira Gonçalves,Estêvão,,,738,2,5,4,8,0,0,0,3,0,0,10,51,,,,0.0,0.49,0.98,1.22,6.22,10,8,33
239,d,75.0,100.0,6.0,89,56.0,0,0.0,-5,5.0,0.1,478,166.0,25,0,1.6,402.0,175.0,0,99,0.0,803.0,359.0,0.0,4.2,0.0,17181,22,41951,23,0.4,0.5,0.81,0.94,1.75,8.89,0.15,0.17,0.32,1.65,93.0,370.0,163.0,130.4,223.0,143.0,91.0,265.0,144.0,31.3,332.0,162.0,,,,30,,Jamie,Bynoe-Gittens,Gittens,Hamstring injury - 75% chance of playing,,486,0,2,1,7,0,0,0,0,0,0,5,29,,,,0.0,0.19,1.3,0.93,5.37,8,6,15
240,u,0.0,0.0,5.9,96,62.0,0,0.0,-1,1.0,0.1,520,188.0,0,0,0.0,812.0,363.0,0,0,0.0,798.0,355.0,0.0,0.0,0.0,2668,0,23756,5,0.0,0.0,0.0,0.0,0.0,0.0,0.0,0.0,0.0,0.0,0.0,812.0,363.0,0.0,812.0,363.0,0.0,811.0,363.0,0.0,812.0,363.0,,,,30,,Christopher,Nkunku,Nkunku,has joined AC Milan permanently.,,0,0,0,0,0,0,0,0,0,0,0,0,0,,,,0.0,0.0,0.0,0.0,0.0,0,0,0
241,a,100.0,100.0,5.7,118,75.0,0,0.0,2,-2.0,7.6,52,19.0,94,1,3.8,86.0,39.0,10,469,2.2,184.0,73.0,0.4,16.5,0.0,3257565,1850,3209573,5961,2.7,2.7,1.21,1.99,3.2,31.08,0.05,0.09,0.14,1.33,484.0,80.0,24.0,302.3,99.0,73.0,104.0,247.0,136.0,88.9,114.0,65.0,,,,30,,Moisés,Caicedo Corozo,Caicedo,,,2104,3,1,6,30,0,0,0,9,1,0,24,295,,,,0.0,0.26,1.28,1.03,12.62,73,86,136
244,a,100.0,100.0,4.9,338,209.0,0,0.0,-1,1.0,0.0,694,282.0,7,1,1.0,494.0,226.0,0,34,0.8,300.0,133.0,0.2,1.4,0.0,2855,19,4678,17,1.3,1.3,0.0,0.09,0.09,3.42,0.0,0.05,0.05,1.88,13.0,458.0,204.0,16.3,403.0,201.0,2.0,454.0,223.0,3.1,463.0,209.0,,,,30,,Roméo,Lavia,Lavia,,,164,0,0,0,3,0,0,0,0,0,0,1,16,,,,0.0,0.0,1.65,0.55,8.78,2,7,7
246,a,100.0,100.0,4.5,456,276.0,0,0.0,0,0.0,0.3,322,109.0,31,0,1.4,418.0,183.0,0,171,1.2,242.0,101.0,0.3,6.9,0.0,77122,137,84079,411,1.7,1.7,1.7,0.79,2.49,14.4,0.16,0.07,0.23,1.34,150.4,312.0,140.0,125.9,230.0,147.0,61.0,313.0,167.0,33.7,324.0,158.0,,,,30,,Andrey,Nascimento dos Santos,Andrey Santos,,,964,0,0,1,12,0,0,0,4,0,0,10,104,,,,0.0,0.09,1.12,0.93,9.71,27,39,38
248,u,0.0,0.0,4.5,497,308.0,0,0.0,0,0.0,0.0,786,343.0,0,0,0.0,745.0,314.0,0,0,0.0,674.0,268.0,0.0,0.0,0.0,0,0,950,0,0.0,0.0,0.0,0.0,0.0,0.0,0.0,0.0,0.0,0.0,0.0,744.0,313.0,0.0,738.0,313.0,0.0,725.0,309.0,0.0,744.0,313.0,,,,30,,Kendry,Páez Andrade,Paez,has joined River Plate on loan for the rest of the season.,,0,0,0,0,0,0,0,0,0,0,0,0,0,,,,0.0,0.0,0.0,0.0,0.0,0,0,0
249,a,,,7.8,19,6.0,1,-1.0,3,-3.0,50.4,3,2.0,162,2,5.4,10.0,2.0,28,659,7.5,4.0,1.0,1.0,20.8,0.0,8244428,87597,8605429,12809,8.0,8.0,13.41,1.74,15.15,29.87,0.54,0.07,0.61,1.21,717.4,13.0,3.0,421.1,47.0,2.0,795.0,4.0,3.0,192.9,9.0,3.0,,,,30,,João Pedro,Junqueira de Jesus,João Pedro,,,2230,14,9,10,24,0,0,0,4,0,0,26,125,,,,0.0,0.4,0.97,1.05,5.04,25,36,64
250,a,100.0,100.0,6.2,76,24.0,0,0.0,-3,3.0,0.9,198,29.0,37,1,1.8,384.0,46.0,1,113,1.0,278.0,34.0,0.2,6.0,0.0,109517,194,466893,398,1.5,1.5,3.97,0.18,4.14,11.26,0.46,0.02,0.48,1.31,65.0,398.0,44.0,56.2,334.0,39.0,311.0,78.0,26.0,42.3,290.0,33.0,,,,30,,Liam,Delap,Delap,,,772,1,2,2,13,0,0,0,2,0,0,9,32,,,,0.0,0.23,1.52,1.05,3.73,4,10,18
251,u,0.0,0.0,6.5,54,19.0,0,0.0,0,0.0,0.1,532,75.0,0,0,0.0,818.0,92.0,0,0,0.0,813.0,90.0,0.0,0.0,0.0,4962,0,15366,5,0.0,0.0,0.0,0.0,0.0,0.0,0.0,0.0,0.0,0.0,0.0,818.0,92.0,0.0,818.0,92.0,0.0,818.0,92.0,0.0,818.0,92.0,,,,30,,Nicolas,Jackson,N.Jackson,has joined Bayern Munich on loan for the rest of the season.,,0,0,0,0,0,0,0,0,0,0,0,0,0,,,,0.0,0.0,0.0,0.0,0.0,0,0,0
252,a,100.0,100.0,4.1,658,92.0,0,0.0,-4,4.0,5.5,69,14.0,12,0,1.3,427.0,52.0,0,19,0.0,518.0,49.0,0.0,2.9,0.0,1225648,2166,2749860,5681,0.5,0.5,1.46,0.29,1.75,5.65,0.53,0.11,0.64,2.06,24.6,442.0,52.0,38.8,365.0,46.0,81.0,280.0,49.0,12.6,407.0,52.0,,,,30,,Marc,Guiu Paz,Marc Guiu,,,247,0,1,0,2,0,0,0,1,0,0,1,7,,,,0.0,0.0,0.73,0.36,2.55,0,4,3
453,a,,,6.4,60,39.0,0,0.0,-1,1.0,0.5,265,91.0,51,2,2.7,246.0,102.0,3,201,2.2,186.0,74.0,0.3,8.0,0.0,241404,571,230771,479,2.7,2.7,3.1,3.54,6.64,18.35,0.26,0.3,0.56,1.54,195.8,273.0,114.0,359.3,72.0,56.0,344.0,68.0,39.0,88.9,115.0,66.0,,,,30,,Alejandro,Garnacho Ferreyra,Garnacho,,,1073,1,4,4,14,0,0,0,1,0,0,14,58,,,,0.0,0.34,1.17,1.17,4.86,13,8,37
672,a,100.0,100.0,4.6,404,71.0,0,0.0,-4,4.0,0.2,389,146.0,11,1,0.7,518.0,179.0,0,35,0.8,291.0,107.0,0.2,2.4,0.0,17732,101,40706,143,1.3,1.3,0.3,0.42,0.72,8.94,0.05,0.07,0.12,1.47,98.0,367.0,142.0,68.9,311.0,105.0,24.0,375.0,130.0,19.1,379.0,134.0,,,,30,,Jorrel,Hato,Hato,,,548,0,0,0,13,0,0,0,4,0,0,5,54,,,,0.0,0.0,2.14,0.82,8.05,18,31,20
803,a,,,4.0,701,59.0,0,0.0,0,0.0,0.0,788,90.0,0,0,0.0,607.0,79.0,0,0,0.0,481.0,72.0,0.0,0.0,0.0,187,11,125,16,0.5,0.5,0.0,0.0,0.0,0.0,0.0,0.0,0.0,0.0,0.0,597.0,79.0,0.0,588.0,66.0,0.0,558.0,53.0,0.0,599.0,79.0,,,,30,,Teddy,Sharman-Lowe,Sharman-Lowe,,,0,0,0,0,0,0,0,0,0,0,0,0,0,,,,0.0,0.0,0.0,0.0,0.0,0,0,0
253,a,,,5.0,247,8.0,0,0.0,0,0.0,8.1,46,8.0,115,0,4.0,63.0,5.0,7,478,5.5,21.0,3.0,1.1,23.0,0.0,1099558,7141,947736,21660,0.0,5.5,0.0,0.1,0.1,39.04,0.0,0.0,0.0,1.35,692.0,17.0,5.0,10.0,431.0,13.0,0.0,777.0,89.0,70.1,179.0,5.0,,,,30,,Dean,Henderson,Henderson,,,2610,0,0,10,35,0,1,0,3,0,86,29,80,,,,2.97,0.34,1.21,1.0,0.0,0,43,234
254,a,100.0,100.0,4.0,669,45.0,0,0.0,0,0.0,0.3,316,44.0,7,7,7.0,1.0,1.0,0,29,1.8,201.0,18.0,0.4,1.8,0.0,15599,181,31366,201,0.0,1.8,0.0,0.0,0.0,1.12,0.0,0.0,0.0,1.12,22.8,444.0,33.0,0.0,560.0,52.0,0.0,530.0,39.0,2.3,468.0,33.0,,,,30,,Walter,Benítez,Benitez,,,90,0,0,1,0,0,0,0,0,0,3,1,0,,,,3.0,1.0,0.0,1.0,0.0,0,1,9
255,a,,,3.9,750,75.0,0,0.0,-1,1.0,0.1,476,72.0,0,0,0.0,551.0,47.0,0,0,0.0,421.0,38.0,0.0,0.0,0.0,6186,23,8782,77,0.0,0.0,0.0,0.0,0.0,0.0,0.0,0.0,0.0,0.0,0.0,540.0,47.0,0.0,526.0,29.0,0.0,495.0,16.0,0.0,542.0,47.0,,,,30,,Remi,Matthews,Matthews,,,0,0,0,0,0,0,0,0,0,0,0,0,0,,,,0.0,0.0,0.0,0.0,0.0,0,0,0
256,d,75.0,75.0,5.9,98,6.0,0,0.0,4,-4.0,7.4,54,19.0,109,0,5.2,11.0,2.0,8,386,2.8,145.0,58.0,0.5,18.5,0.0,3678760,526,3855923,29667,0.0,2.1,1.99,3.33,5.32,24.47,0.1,0.17,0.27,1.24,438.8,107.0,47.0,302.3,100.0,23.0,285.0,87.0,7.0,102.5,88.0,20.0,,,,30,,Daniel,Muñoz Mejía,Muñoz,Shoulder injury - 75% chance of playing,,1779,3,3,9,20,0,0,0,5,0,0,21,182,,,,0.0,0.46,1.01,1.06,7.18,49,93,82
257,a,100.0,100.0,5.1,231,32.0,0,0.0,1,-1.0,4.4,85,28.0,128,9,4.6,29.0,10.0,8,443,3.0,122.0,49.0,0.6,25.1,0.0,1621071,7801,1269501,11634,0.0,3.0,2.14,0.74,2.88,35.34,0.08,0.03,0.11,1.28,658.6,32.0,11.0,81.4,295.0,94.0,248.0,104.0,14.0,98.8,93.0,25.0,,,,30,,Maxence,Lacroix,Lacroix,,,2485,1,2,10,34,0,0,0,3,1,0,28,323,,,,0.0,0.36,1.23,1.01,10.72,50,246,78
258,a,,,5.0,257,40.0,0,0.0,0,0.0,2.1,134,52.0,114,6,3.8,80.0,31.0,7,408,5.0,38.0,14.0,1.0,22.8,0.0,471587,1390,387051,6056,0.0,5.0,1.06,1.63,2.69,40.16,0.04,0.05,0.09,1.35,509.4,72.0,33.0,365.8,70.0,14.0,187.0,152.0,31.0,106.3,83.0,17.0,,,,30,,Tyrick,Mitchell,Mitchell,,,2668,1,1,11,35,0,0,0,5,0,0,30,244,,,,0.0,0.37,1.18,1.01,6.61,79,117,141
259,a,100.0,100.0,4.8,357,59.0,0,0.0,-2,2.0,0.1,439,164.0,5,0,1.0,490.0,174.0,0,10,0.0,703.0,250.0,0.0,1.0,0.0,11465,97,18565,130,0.0,0.0,0.0,0.06,0.06,0.83,0.0,0.1,0.1,1.41,11.0,461.0,168.0,12.2,417.0,151.0,4.0,437.0,164.0,2.7,464.0,167.0,,,,30,,Borna,Sosa,Sosa,,,53,0,0,0,1,0,0,0,0,0,0,0,8,,,,0.0,0.0,1.7,0.0,11.89,3,4,1
261,a,100.0,100.0,4.4,538,114.0,0,0.0,-1,1.0,2.5,122,48.0,114,10,4.4,35.0,15.0,5,415,5.2,28.0,8.0,1.2,25.9,0.0,957633,2070,808353,8206,0.0,5.2,1.14,1.43,2.57,33.59,0.04,0.06,0.1,1.3,633.0,37.0,15.0,149.2,207.0,53.0,140.0,202.0,49.0,92.5,106.0,29.0,,,,30,,Chris,Richards,Richards,,,2332,1,0,10,31,0,0,0,3,0,0,26,277,,,,0.0,0.39,1.2,1.0,10.23,50,215,52
262,a,100.0,100.0,4.0,706,183.0,0,0.0,0,0.0,0.0,588,209.0,14,0,2.3,294.0,108.0,0,58,2.0,188.0,72.0,0.5,3.5,0.0,6269,70,3720,205,0.0,2.0,0.11,0.05,0.16,4.33,0.03,0.01,0.04,1.25,63.8,399.0,151.0,21.3,394.0,142.0,14.0,395.0,143.0,9.9,419.0,149.0,,,,30,,Chadi,Riad Dnanou,Chadi Riad,,,312,0,1,1,3,0,0,0,2,0,0,3,18,,,,0.0,0.29,0.87,0.87,5.19,4,14,12
263,a,100.0,100.0,3.8,786,232.0,0,0.0,-2,2.0,0.5,249,94.0,15,0,1.9,343.0,125.0,2,49,0.2,345.0,120.0,0.1,3.9,0.0,91358,148,104766,798,0.0,0.2,0.43,0.6,1.03,7.31,0.08,0.11,0.19,1.33,80.6,387.0,146.0,53.5,340.0,117.0,33.0,357.0,118.0,16.6,389.0,140.0,,,,30,,Nathaniel,Clyne,Clyne,,,494,0,1,0,9,0,0,0,1,0,0,6,39,,,,0.0,0.0,1.64,1.09,7.11,14,25,16
264,u,0.0,0.0,4.0,670,163.0,0,0.0,0,0.0,0.0,703,247.0,0,0,0.0,582.0,212.0,0,0,0.0,455.0,176.0,0.0,0.0,0.0,0,0,3915,1,0.0,0.0,0.0,0.0,0.0,0.0,0.0,0.0,0.0,0.0,0.0,571.0,211.0,0.0,561.0,211.0,0.0,531.0,207.0,0.0,573.0,211.0,,,,30,,Rob,Holding,Holding,Has joined Colorado Rapids permanently.,,0,0,0,0,0,0,0,0,0,0,0,0,0,,,,0.0,0.0,0.0,0.0,0.0,0,0,0
265,a,100.0,100.0,4.0,724,197.0,0,0.0,0,0.0,0.0,699,244.0,0,0,0.0,625.0,237.0,0,0,0.0,501.0,203.0,0.0,0.0,0.0,886,17,2365,26,0.0,0.0,0.0,0.0,0.0,0.0,0.0,0.0,0.0,0.0,0.0,615.0,237.0,0.0,607.0,237.0,0.0,578.0,234.0,0.0,617.0,237.0,,,,30,,Caleb,Kporha,Kporha,,,0,0,0,0,0,0,0,0,0,0,0,0,0,,,,0.0,0.0,0.0,0.0,0.0,0,0,0
267,a,100.0,100.0,6.3,67,45.0,0,0.0,-2,2.0,4.0,91,31.0,93,3,4.7,26.0,13.0,9,284,5.5,24.0,13.0,0.9,14.8,0.0,2672334,3215,2758419,18374,0.0,5.5,7.98,0.7,8.67,24.77,0.42,0.04,0.46,1.29,377.0,145.0,50.0,200.3,171.0,115.0,400.0,48.0,30.0,97.9,97.0,56.0,,,3.0,30,,Ismaïla,Sarr,Sarr,,,1726,7,1,9,19,0,0,0,2,0,0,20,114,,,,0.0,0.47,0.99,1.04,5.94,17,36,61
268,i,0.0,0.0,4.9,325,202.0,0,0.0,-1,1.0,0.0,795,349.0,0,0,0.0,777.0,338.0,0,0,0.0,730.0,307.0,0.0,0.0,0.0,453,7,662,2,0.0,0.0,0.0,0.0,0.0,0.0,0.0,0.0,0.0,0.0,0.0,776.0,337.0,0.0,772.0,337.0,0.0,768.0,335.0,0.0,776.0,337.0,,,,30,,Cheick,Doucouré,Doucouré,Knee injury - Unknown return date,,0,0,0,0,0,0,0,0,0,0,0,0,0,,,,0.0,0.0,0.0,0.0,0.0,0,0,0
269,u,0.0,0.0,4.7,396,247.0,0,0.0,-3,3.0,0.1,454,153.0,4,0,1.0,488.0,222.0,0,12,0.0,700.0,287.0,0.0,0.9,0.0,11622,0,28802,18,0.0,0.0,0.0,0.04,0.04,1.74,0.0,0.09,0.09,3.92,6.8,471.0,212.0,2.7,454.0,218.0,6.0,428.0,206.0,1.5,477.0,218.0,,,,30,,Romain,Esse,Esse,has joined Coventry City on loan for the rest of the season.,,40,0,0,0,0,0,0,0,0,0,0,0,5,,,,0.0,0.0,0.0,0.0,11.25,3,0,2
282,u,0.0,0.0,4.5,475,292.0,0,0.0,0,0.0,0.0,707,289.0,0,0,0.0,731.0,304.0,0,0,0.0,656.0,254.0,0.0,0.0,0.0,860,0,3064,2,0.0,0.0,0.0,0.0,0.0,0.0,0.0,0.0,0.0,0.0,0.0,728.0,301.0,0.0,723.0,302.0,0.0,709.0,297.0,0.0,729.0,302.0,,,,30,,Franco,Umeh-Chibueze,Umeh,has joined Portsmouth permanently.,,0,0,0,0,0,0,0,0,0,0,0,0,0,,,,0.0,0.0,0.0,0.0,0.0,0,0,0
283,a,100.0,100.0,7.5,21,8.0,0,0.0,0,0.0,6.5,59,11.0,85,1,3.5,127.0,9.0,9,281,0.2,380.0,48.0,0.0,11.3,0.0,4734205,984,5140476,2593,0.0,0.2,11.99,1.26,13.25,26.69,0.56,0.06,0.62,1.24,411.8,120.0,11.0,121.7,237.0,24.0,670.0,15.0,10.0,119.9,57.0,13.0,,,2.0,30,,Jean-Philippe,Mateta,Mateta,,,1934,8,0,8,23,0,0,0,2,0,0,23,111,,,,0.0,0.37,1.07,1.07,5.17,8,51,52
284,i,0.0,0.0,5.4,164,40.0,0,0.0,-1,1.0,0.3,326,53.0,23,0,1.9,359.0,41.0,3,100,0.0,779.0,83.0,0.0,4.3,0.0,124449,18,146075,125,0.0,0.0,1.77,0.46,2.23,9.49,0.38,0.1,0.48,2.06,120.0,343.0,34.0,84.6,291.0,31.0,173.0,169.0,40.0,37.8,307.0,35.0,,,,30,,Eddie,Nketiah,Nketiah,Hamstring injury - Expected back 11 Apr,,414,2,0,0,12,0,0,0,2,0,0,2,38,,,,0.0,0.0,2.61,0.43,8.26,8,13,17
285,u,0.0,0.0,5.0,249,54.0,0,0.0,0,0.0,0.2,369,59.0,1,0,1.0,496.0,60.0,0,6,0.0,743.0,80.0,0.0,0.2,0.0,9044,0,89514,25,0.0,0.0,0.0,0.0,0.0,0.27,0.0,0.0,0.0,12.15,2.0,492.0,57.0,0.0,781.0,87.0,0.0,778.0,87.0,0.2,506.0,62.0,,,,30,,Odsonne,Édouard,Édouard,has joined RC Lens permanently.,,2,0,0,0,0,0,0,0,0,0,0,0,1,,,,0.0,0.0,0.0,0.0,45.0,1,0,0
286,a,,,4.4,563,81.0,0,0.0,-1,1.0,0.3,309,50.0,0,0,0.0,683.0,73.0,0,0,0.0,596.0,62.0,0.0,0.0,0.0,51184,105,58826,264,0.0,0.0,0.0,0.0,0.0,0.0,0.0,0.0,0.0,0.0,0.0,676.0,73.0,0.0,672.0,72.0,0.0,652.0,72.0,0.0,678.0,73.0,,,,30,,Zach,Marsh,Marsh,,,0,0,0,0,0,0,0,0,0,0,0,0,0,,,,0.0,0.0,0.0,0.0,0.0,0,0,0
677,a,100.0,100.0,6.2,77,50.0,0,0.0,-3,3.0,0.1,575,214.0,42,3,2.2,319.0,140.0,0,137,3.0,126.0,50.0,0.5,6.8,0.0,11021,87,13766,204,0.0,3.0,1.56,0.75,2.31,12.74,0.16,0.08,0.24,1.3,156.8,308.0,139.0,75.8,304.0,172.0,183.0,159.0,88.0,41.2,295.0,146.0,,,,30,,Evann,Guessand,Guessand,,,880,1,3,2,15,0,0,0,0,0,0,9,81,,,,0.0,0.2,1.53,0.92,8.28,24,15,42
690,a,100.0,100.0,4.4,567,340.0,0,0.0,-1,1.0,0.3,341,115.0,0,0,0.0,686.0,268.0,0,0,0.0,599.0,211.0,0.0,0.0,0.0,58184,15,55702,63,0.0,0.0,0.0,0.0,0.0,0.0,0.0,0.0,0.0,0.0,0.0,679.0,261.0,0.0,675.0,265.0,0.0,655.0,256.0,0.0,681.0,263.0,,,,30,,Rio,Cardines,Cardines,,,0,0,0,0,0,0,0,0,0,0,0,0,0,,,,0.0,0.0,0.0,0.0,0.0,0,0,0
798,u,0.0,0.0,4.0,702,181.0,0,0.0,0,0.0,0.0,804,265.0,0,0,0.0,608.0,225.0,0,0,0.0,482.0,189.0,0.0,0.0,0.0,142,0,181,2,0.0,0.0,0.0,0.0,0.0,0.0,0.0,0.0,0.0,0.0,0.0,598.0,225.0,0.0,589.0,225.0,0.0,559.0,221.0,0.0,600.0,225.0,,,,30,,Danny,Imray,Imray,has joined West Brom on loan for the rest of the season.,,0,0,0,0,0,0,0,0,0,0,0,0,0,,,,0.0,0.0,0.0,0.0,0.0,0,0,0
242,a,100.0,100.0,5.1,227,139.0,0,0.0,1,-1.0,5.0,77,25.0,114,2,5.0,13.0,7.0,14,442,5.2,31.0,16.0,1.0,22.4,0.0,2008435,9076,1907132,6028,4.7,4.2,3.11,4.0,7.11,28.2,0.15,0.19,0.34,1.32,442.2,104.0,34.0,434.4,44.0,38.0,309.0,79.0,47.0,118.6,59.0,38.0,2.0,,,30,,Kiernan,Dewsbury-Hall,Dewsbury-Hall,,,1918,6,5,7,25,0,0,0,6,0,0,22,162,,,,0.0,0.33,1.17,1.03,7.6,36,35,91
243,n,0.0,,4.8,372,233.0,0,0.0,-2,2.0,0.1,539,197.0,10,1,1.1,445.0,199.0,0,17,0.8,297.0,130.0,0.2,2.1,0.0,9259,6,10661,164,0.0,-0.2,0.46,0.13,0.59,3.96,0.17,0.05,0.22,1.45,14.6,455.0,203.0,17.2,402.0,200.0,77.0,286.0,156.0,10.5,416.0,190.0,,,,30,,Tyrique,George,George,Ineligible to face his parent club on 21/3. - Expected back 11 Apr,,245,0,0,1,4,0,0,0,2,0,0,1,12,,,,0.0,0.37,1.47,0.37,4.41,2,1,9
287,a,,,5.6,122,2.0,0,0.0,1,-1.0,13.5,25,4.0,119,2,4.0,65.0,6.0,11,472,2.8,142.0,13.0,0.5,21.2,0.0,1658314,22113,1432264,8594,2.3,1.8,0.0,0.15,0.15,43.93,0.0,0.0,0.0,1.46,706.2,14.0,3.0,0.2,484.0,14.0,2.0,458.0,3.0,70.9,176.0,4.0,,,,30,,Jordan,Pickford,Pickford,,,2700,0,0,10,35,0,1,0,2,0,82,30,97,,,,2.73,0.33,1.17,1.0,0.0,2,38,251
288,a,100.0,100.0,4.3,587,28.0,0,0.0,-2,2.0,0.1,453,68.0,0,0,0.0,648.0,89.0,0,0,0.0,542.0,85.0,0.0,0.0,0.0,4673,27,12211,37,-0.5,-1.0,0.0,0.0,0.0,0.0,0.0,0.0,0.0,0.0,0.0,638.0,89.0,0.0,633.0,80.0,0.0,608.0,69.0,0.0,640.0,89.0,,,,30,,Mark,Travers,Travers,,,0,0,0,0,0,0,0,0,0,0,0,0,0,,,,0.0,0.0,0.0,0.0,0.0,0,0,0
289,u,0.0,0.0,3.9,760,79.0,0,0.0,-1,1.0,0.1,497,74.0,0,0,0.0,557.0,51.0,0,0,0.0,428.0,42.0,0.0,0.0,0.0,4633,0,10183,51,0.0,0.0,0.0,0.0,0.0,0.0,0.0,0.0,0.0,0.0,0.0,546.0,51.0,0.0,532.0,33.0,0.0,501.0,20.0,0.0,548.0,51.0,,,,30,,Harry,Tyrer,Tyrer,has joined Cardiff City permanently.,,0,0,0,0,0,0,0,0,0,0,0,0,0,,,,0.0,0.0,0.0,0.0,0.0,0,0,0
292,a,100.0,100.0,4.9,312,50.0,0,0.0,-1,1.0,0.6,240,91.0,77,1,3.1,179.0,71.0,1,287,2.5,157.0,63.0,0.5,15.7,0.0,147206,867,177250,628,2.0,1.5,0.28,2.22,2.5,36.1,0.01,0.09,0.1,1.45,411.4,121.0,53.0,284.5,114.0,28.0,65.0,300.0,89.0,76.0,151.0,49.0,,,,30,,Vitalii,Mykolenko,Mykolenko,,,2239,0,1,8,32,1,0,0,5,0,0,25,194,,,,0.0,0.32,1.29,1.0,6.91,32,140,84
293,a,100.0,100.0,4.9,336,56.0,0,0.0,-1,1.0,0.6,224,86.0,96,3,3.3,156.0,61.0,2,328,2.5,158.0,64.0,0.5,19.6,0.0,171117,1076,166392,657,2.0,1.5,0.83,0.83,1.66,41.75,0.03,0.03,0.06,1.53,464.4,90.0,39.0,224.8,154.0,39.0,128.0,218.0,54.0,82.0,140.0,45.0,,,,30,,Jake,O'Brien,O'Brien,,,2456,0,2,9,33,0,0,0,2,1,0,27,219,,,,0.0,0.33,1.21,0.99,7.0,48,143,94
294,a,100.0,25.0,4.2,627,140.0,0,0.0,-3,3.0,0.1,493,176.0,3,0,1.0,462.0,171.0,0,10,0.0,521.0,218.0,0.0,0.7,0.0,6395,49,17982,26,-0.5,-0.2,0.0,0.0,0.0,0.24,0.0,0.0,0.0,1.96,0.0,629.0,248.0,0.1,485.0,176.0,0.0,594.0,246.0,0.0,631.0,248.0,,,,30,,Séamus,Coleman,Coleman,,,11,0,0,0,0,0,0,0,0,0,0,1,0,,,,0.0,0.0,0.0,8.18,0.0,0,0,1
295,a,100.0,100.0,4.6,398,67.0,0,0.0,1,-1.0,3.2,106,39.0,110,3,4.2,50.0,19.0,8,350,1.8,204.0,77.0,0.4,23.9,0.0,1431250,2998,1092021,4532,1.3,0.8,1.97,0.2,2.17,36.19,0.09,0.01,0.1,1.59,623.8,38.0,16.0,29.3,380.0,137.0,239.0,106.0,15.0,89.2,113.0,33.0,,,,30,,Michael,Keane,Keane,,,2045,3,0,6,30,0,0,0,0,1,0,23,276,,,,0.0,0.26,1.32,1.01,10.83,28,218,72
296,a,100.0,100.0,4.4,537,113.0,0,0.0,-1,1.0,0.0,629,224.0,21,0,3.5,120.0,41.0,0,68,0.0,576.0,237.0,0.0,4.8,0.0,5827,16,6744,55,-0.5,-1.0,0.03,0.04,0.07,3.55,0.01,0.02,0.03,1.35,63.6,400.0,152.0,6.4,439.0,157.0,17.0,393.0,141.0,8.6,428.0,154.0,,,,30,,Nathan,Patterson,Patterson,,,237,0,0,2,1,0,0,0,0,0,0,3,30,,,,0.0,0.76,0.38,1.14,11.39,10,20,14
297,u,0.0,0.0,3.8,801,246.0,0,0.0,-2,2.0,0.2,402,149.0,0,0,0.0,532.0,191.0,0,0,0.0,398.0,149.0,0.0,0.0,0.0,9298,0,21763,74,0.0,0.0,0.0,0.0,0.0,0.0,0.0,0.0,0.0,0.0,0.0,521.0,190.0,0.0,505.0,189.0,0.0,473.0,183.0,0.0,523.0,190.0,,,,30,,Roman,Dixon,Dixon,has joined Stockport County on loan for the rest of the season.,,0,0,0,0,0,0,0,0,0,0,0,0,0,,,,0.0,0.0,0.0,0.0,0.0,0,0,0
298,a,,,3.8,798,243.0,0,0.0,-2,2.0,0.1,420,155.0,0,0,0.0,530.0,189.0,0,0,0.0,395.0,146.0,0.0,0.0,0.0,7927,46,15132,59,-0.5,-1.0,0.0,0.0,0.0,0.0,0.0,0.0,0.0,0.0,0.0,519.0,188.0,0.0,503.0,187.0,0.0,471.0,181.0,0.0,521.0,188.0,,,,30,,Reece,Welch,Welch,,,0,0,0,0,0,0,0,0,0,0,0,0,0,,,,0.0,0.0,0.0,0.0,0.0,0,0,0
299,a,100.0,100.0,6.2,75,49.0,0,0.0,-3,3.0,4.2,88,28.0,102,2,4.2,56.0,24.0,5,426,3.5,97.0,42.0,0.6,16.5,0.0,1761909,5375,2547067,3501,3.0,2.5,4.89,4.15,9.04,30.37,0.21,0.18,0.39,1.32,478.4,82.0,25.0,372.1,68.0,53.0,401.0,46.0,28.0,125.4,48.0,33.0,,,1.0,30,,Iliman,Ndiaye,Ndiaye,,,2063,5,3,7,29,0,0,0,2,0,0,24,224,,,,0.0,0.31,1.27,1.05,9.77,53,28,143
134,u,0.0,0.0,4.5,487,301.0,0,0.0,0,0.0,0.0,791,346.0,0,0,0.0,739.0,310.0,0,0,0.0,667.0,263.0,0.0,0.0,0.0,0,0,950,1,0.0,0.0,0.0,0.0,0.0,0.0,0.0,0.0,0.0,0.0,0.0,737.0,308.0,0.0,731.0,308.0,0.0,718.0,304.0,0.0,737.0,308.0,,,,30,,Ryan,Trevitt,Trevitt,Has joined Wigan on loan for the rest of the season,,0,0,0,0,0,0,0,0,0,0,0,0,0,,,,0.0,0.0,0.0,0.0,0.0,0,0,0
810,a,,,4.5,467,285.0,0,0.0,0,0.0,0.0,800,354.0,0,0,0.0,724.0,298.0,0,0,0.0,648.0,247.0,0.0,0.0,0.0,339,12,133,4,0.0,0.5,0.0,0.0,0.0,0.0,0.0,0.0,0.0,0.0,0.0,721.0,295.0,0.0,716.0,296.0,0.0,701.0,290.0,0.0,722.0,296.0,,,,30,,Luka,Bentt,Bentt,,,0,0,0,0,0,0,0,0,0,0,0,0,0,,,,0.0,0.0,0.0,0.0,0.0,0,0,0
300,a,,,5.5,145,90.0,0,0.0,-5,5.0,0.1,416,141.0,43,3,2.5,278.0,119.0,1,147,3.5,95.0,41.0,0.6,7.8,0.0,33715,333,64564,103,3.0,2.5,1.07,0.77,1.84,13.95,0.11,0.08,0.19,1.45,113.6,352.0,158.0,164.7,197.0,128.0,111.0,233.0,129.0,39.0,303.0,149.0,,,,30,,Dwight,McNeil,McNeil,,,866,0,3,5,5,0,0,0,1,0,0,10,84,,,,0.0,0.52,0.52,1.04,8.73,18,19,47
301,d,25.0,25.0,5.2,213,131.0,0,0.0,-3,3.0,0.1,522,189.0,26,0,1.6,400.0,173.0,0,111,0.0,767.0,332.0,0.0,5.0,0.0,17075,1,29947,42,-0.1,-0.2,1.04,0.44,1.48,13.03,0.14,0.06,0.2,1.76,83.0,382.0,171.0,144.5,212.0,138.0,156.0,185.0,102.0,38.4,305.0,150.0,,,,30,,Carlos,Alcaraz Durán,Alcaraz,Knock - 25% chance of playing,,667,0,1,3,8,0,0,0,3,0,0,6,64,,,,0.0,0.4,1.08,0.81,8.64,13,10,41
302,a,100.0,100.0,5.4,155,97.0,0,0.0,-1,1.0,0.1,490,173.0,66,4,3.1,183.0,77.0,4,336,2.8,141.0,54.0,0.5,12.2,0.0,24187,170,29221,90,2.3,1.8,1.49,1.0,2.49,26.22,0.08,0.05,0.13,1.34,313.6,185.0,75.0,223.2,156.0,104.0,174.0,168.0,91.0,71.2,175.0,90.0,,,,30,,Idrissa Gana,Gueye,Gana,,,1756,2,1,4,22,0,0,0,1,1,0,21,184,,,,0.0,0.21,1.13,1.08,9.43,39,47,98
303,a,,,5.2,211,130.0,0,0.0,2,-2.0,4.1,90,30.0,133,4,4.4,36.0,14.0,13,654,5.5,22.0,11.0,1.1,25.6,0.0,1089645,14549,605652,5578,5.0,4.5,1.81,4.74,6.55,43.87,0.06,0.16,0.22,1.47,703.2,16.0,4.0,732.4,8.0,8.0,207.0,126.0,75.0,164.5,21.0,17.0,1.0,3.0,2.0,30,,James,Garner,Garner,,,2693,2,5,10,35,0,0,0,7,0,0,30,368,,,,0.0,0.33,1.17,1.0,12.3,88,131,149
304,a,100.0,100.0,4.8,365,228.0,0,0.0,-2,2.0,0.0,617,239.0,56,3,2.5,273.0,114.0,1,184,1.5,228.0,94.0,0.3,11.7,0.0,5798,28,6748,29,1.0,0.5,0.37,0.61,0.98,17.77,0.03,0.05,0.08,1.45,187.2,283.0,122.0,93.5,278.0,166.0,48.0,330.0,172.0,32.7,326.0,159.0,,,,30,,Tim,Iroegbunam,Iroegbunam,,,1100,0,3,8,10,0,0,0,8,0,0,13,145,,,,0.0,0.65,0.82,1.06,11.86,51,32,62
305,a,100.0,100.0,4.5,496,307.0,0,0.0,0,0.0,0.1,502,181.0,19,1,1.7,389.0,166.0,0,78,1.0,266.0,118.0,0.2,4.2,0.0,12441,89,18467,157,0.5,0.0,0.79,0.21,1.0,10.79,0.14,0.04,0.18,1.96,58.6,405.0,178.0,66.6,314.0,175.0,78.0,283.0,153.0,20.5,373.0,176.0,,,,30,,Harrison,Armstrong,Armstrong,,,495,0,0,1,10,0,0,0,0,0,0,6,50,,,,0.0,0.18,1.82,1.09,9.09,13,13,24
306,a,,,4.3,612,358.0,0,0.0,-2,2.0,0.1,487,172.0,0,0,0.0,657.0,250.0,0,0,0.0,558.0,187.0,0.0,0.0,0.0,14820,46,15121,151,-0.5,-1.0,0.0,0.0,0.0,0.0,0.0,0.0,0.0,0.0,0.0,647.0,240.0,0.0,643.0,245.0,0.0,620.0,234.0,0.0,649.0,242.0,,,,30,,Callum,Bates,Bates,,,0,0,0,0,0,0,0,0,0,0,0,0,0,,,,0.0,0.0,0.0,0.0,0.0,0,0,0
307,a,,,4.4,550,329.0,0,0.0,-1,1.0,0.0,602,228.0,0,0,0.0,675.0,262.0,0,0,0.0,584.0,201.0,0.0,0.0,0.0,4905,18,6432,37,-0.5,-1.0,0.0,0.0,0.0,0.0,0.0,0.0,0.0,0.0,0.0,666.0,253.0,0.0,663.0,258.0,0.0,641.0,247.0,0.0,668.0,255.0,,,,30,,Coby,Ebere,Ebere,,,0,0,0,0,0,0,0,0,0,0,0,0,0,,,,0.0,0.0,0.0,0.0,0.0,0,0,0
308,u,0.0,0.0,4.5,449,270.0,0,0.0,0,0.0,0.0,704,286.0,0,0,0.0,712.0,287.0,0,0,0.0,633.0,234.0,0.0,0.0,0.0,458,0,3760,4,0.0,0.0,0.0,0.0,0.0,0.0,0.0,0.0,0.0,0.0,0.0,707.0,282.0,0.0,703.0,284.0,0.0,687.0,277.0,0.0,708.0,283.0,,,,30,,Isaac,Heath,Heath,has joined Accrington on loan for the rest of the season.,,0,0,0,0,0,0,0,0,0,0,0,0,0,,,,0.0,0.0,0.0,0.0,0.0,0,0,0
309,u,0.0,0.0,4.5,446,268.0,0,0.0,0,0.0,0.0,819,367.0,0,0,0.0,710.0,285.0,0,0,0.0,631.0,232.0,0.0,0.0,0.0,0,0,113,0,0.0,0.0,0.0,0.0,0.0,0.0,0.0,0.0,0.0,0.0,0.0,705.0,280.0,0.0,701.0,282.0,0.0,685.0,275.0,0.0,706.0,281.0,,,,30,,Jenson,Metcalfe,Metcalfe,Has joined Bradford City permanently.,,0,0,0,0,0,0,0,0,0,0,0,0,0,,,,0.0,0.0,0.0,0.0,0.0,0,0,0
310,a,,,5.7,119,32.0,0,0.0,-3,3.0,0.9,201,30.0,75,1,2.5,279.0,28.0,7,225,2.5,167.0,19.0,0.4,13.2,0.0,299986,1024,277228,3148,2.0,1.5,6.13,0.37,6.5,27.91,0.34,0.02,0.36,1.55,247.4,233.0,19.0,169.4,191.0,17.0,420.0,45.0,18.0,81.3,141.0,19.0,,,,30,,Thierno,Barry,Barry,,,1620,6,0,7,24,0,0,0,3,0,0,19,57,,,,0.0,0.39,1.33,1.06,3.17,3,26,28
311,a,,,5.0,268,55.0,0,0.0,-5,5.0,2.5,125,19.0,60,2,2.0,336.0,36.0,6,180,3.5,93.0,11.0,0.7,12.0,0.0,481442,2290,1134855,2030,3.0,2.5,6.56,0.16,6.72,17.43,0.53,0.01,0.54,1.41,229.6,247.0,22.0,90.4,284.0,29.0,439.0,38.0,17.0,74.3,159.0,22.0,,,3.0,30,,Norberto Bercique,Gomes Betuncal,Beto,,,1115,4,0,4,14,0,0,0,2,0,0,11,71,,,,0.0,0.32,1.13,0.89,5.73,12,35,24
312,u,0.0,0.0,4.9,334,62.0,0,0.0,-1,1.0,0.1,547,76.0,0,0,0.0,781.0,87.0,0,0,0.0,734.0,79.0,0.0,0.0,0.0,2418,0,14541,4,0.0,0.0,0.0,0.0,0.0,0.0,0.0,0.0,0.0,0.0,0.0,780.0,87.0,0.0,776.0,86.0,0.0,772.0,86.0,0.0,780.0,87.0,,,,30,,Youssef,Ramalho Chermiti,Y.Chermiti,has joined Rangers permanently.,,0,0,0,0,0,0,0,0,0,0,0,0,0,,,,0.0,0.0,0.0,0.0,0.0,0,0,0
704,u,0.0,0.0,4.5,436,261.0,0,0.0,0,0.0,0.0,586,220.0,0,0,0.0,705.0,280.0,0,0,0.0,625.0,226.0,0.0,0.0,0.0,8420,0,10202,6,0.0,0.0,0.0,0.0,0.0,0.0,0.0,0.0,0.0,0.0,0.0,699.0,274.0,0.0,696.0,277.0,0.0,679.0,270.0,0.0,701.0,276.0,,,,30,,Tyler,Onyango,Onyango,has joined Stockport County on loan for the rest of the season.,,0,0,0,0,0,0,0,0,0,0,0,0,0,,,,0.0,0.0,0.0,0.0,0.0,0,0,0
705,u,0.0,0.0,3.9,770,223.0,0,0.0,-1,1.0,0.2,411,151.0,0,0,0.0,565.0,204.0,0,0,0.0,436.0,167.0,0.0,0.0,0.0,18604,0,17383,65,0.0,0.0,0.0,0.0,0.0,0.0,0.0,0.0,0.0,0.0,0.0,554.0,203.0,0.0,540.0,203.0,0.0,509.0,198.0,0.0,556.0,203.0,,,,30,,Elijah,Campbell,Campbell,has joined Port Vale on loan for the rest of the season.,,0,0,0,0,0,0,0,0,0,0,0,0,0,,,,0.0,0.0,0.0,0.0,0.0,0,0,0
728,a,100.0,100.0,5.0,276,170.0,0,0.0,0,0.0,0.0,711,292.0,17,1,1.5,409.0,179.0,0,43,0.2,367.0,166.0,0.0,3.4,0.0,1559,10,1636,17,-0.3,-0.8,0.5,0.21,0.71,8.22,0.13,0.05,0.18,2.07,65.6,397.0,175.0,66.0,315.0,176.0,32.0,359.0,185.0,16.4,390.0,179.0,,,,30,,Merlin,Röhl,Röhl,,,357,0,0,2,6,0,0,0,0,0,0,2,46,,,,0.0,0.5,1.51,0.5,11.6,17,10,19
779,a,,,4.5,504,72.0,0,0.0,0,0.0,0.0,627,82.0,0,0,0.0,752.0,82.0,0,0,0.0,681.0,71.0,0.0,0.0,0.0,4761,67,2527,105,-0.5,-1.0,0.0,0.0,0.0,0.0,0.0,0.0,0.0,0.0,0.0,751.0,82.0,0.0,745.0,81.0,0.0,732.0,81.0,0.0,751.0,82.0,,,,30,,Braiden,Graham,Graham,,,0,0,0,0,0,0,0,0,0,0,0,0,0,,,,0.0,0.0,0.0,0.0,0.0,0,0,0
314,a,,,4.9,288,10.0,0,0.0,-1,1.0,2.5,124,18.0,86,7,2.9,209.0,24.0,4,388,3.5,92.0,7.0,0.7,17.6,0.0,243535,17302,249419,696,4.0,3.5,0.0,0.0,0.0,41.78,0.0,0.0,0.0,1.39,620.2,39.0,10.0,0.0,761.0,89.0,0.0,757.0,87.0,61.9,211.0,10.0,,,,30,,Bernd,Leno,Leno,,,2700,0,0,6,43,1,0,0,3,0,73,30,107,,,,2.43,0.2,1.43,1.0,0.0,4,36,251
315,u,0.0,0.0,4.0,679,49.0,0,0.0,0,0.0,0.0,759,87.0,0,0,0.0,589.0,69.0,0,0,0.0,463.0,62.0,0.0,0.0,0.0,577,0,876,11,0.0,0.0,0.0,0.0,0.0,0.0,0.0,0.0,0.0,0.0,0.0,578.0,69.0,0.0,569.0,56.0,0.0,539.0,43.0,0.0,580.0,69.0,,,,30,,Steven,Benda,Benda,has joined Feyenoord on loan for the rest of the season.,,0,0,0,0,0,0,0,0,0,0,0,0,0,,,,0.0,0.0,0.0,0.0,0.0,0,0,0
316,a,100.0,100.0,4.9,296,45.0,0,0.0,-1,1.0,0.9,200,78.0,39,5,2.8,227.0,90.0,4,177,1.5,229.0,89.0,0.3,8.0,0.0,158266,6672,186508,385,2.0,1.5,0.22,1.29,1.51,15.34,0.02,0.12,0.14,1.41,234.0,245.0,97.0,261.5,127.0,32.0,34.0,355.0,117.0,53.0,247.0,81.0,,,,30,,Antonee,Robinson,Robinson,,,981,0,0,3,11,0,0,0,2,0,0,11,87,,,,0.0,0.28,1.01,1.01,7.89,27,59,60
317,a,100.0,100.0,4.5,414,76.0,0,0.0,0,0.0,5.9,65,23.0,100,7,3.7,94.0,34.0,5,346,2.8,131.0,52.0,0.6,22.2,0.0,1313463,43067,1004058,1258,3.3,2.8,1.26,1.55,2.81,36.35,0.05,0.06,0.11,1.37,679.6,21.0,8.0,112.8,249.0,68.0,124.0,222.0,55.0,91.9,110.0,31.0,,,,30,,Joachim,Andersen,Andersen,,,2381,0,1,6,38,0,0,0,7,0,0,27,314,,,,0.0,0.23,1.44,1.02,10.47,37,240,95
318,a,100.0,100.0,4.4,534,110.0,0,0.0,-1,1.0,0.8,212,81.0,75,9,3.4,132.0,47.0,9,251,4.5,53.0,19.0,1.0,17.0,0.0,128272,10220,124614,326,5.0,4.5,1.64,0.25,1.88,27.06,0.08,0.01,0.09,1.34,436.8,108.0,48.0,102.2,266.0,78.0,96.0,255.0,71.0,63.8,205.0,70.0,,,,30,,Calvin,Bassey,Bassey,,,1812,1,1,4,32,0,0,0,5,0,0,20,197,,,,0.0,0.2,1.59,0.99,7.8,44,113,88
319,a,,,4.3,581,126.0,0,0.0,-2,2.0,0.1,456,169.0,30,0,1.4,417.0,151.0,0,130,0.5,320.0,115.0,0.1,7.0,0.0,19553,101,25580,105,1.0,0.5,1.1,0.51,1.61,21.75,0.09,0.04,0.13,1.74,226.8,249.0,99.0,131.5,221.0,57.0,111.0,230.0,60.0,47.1,269.0,85.0,,,,30,,Timothy,Castagne,Castagne,,,1126,0,1,0,23,0,0,0,3,0,0,12,114,,,,0.0,0.0,1.84,0.96,7.91,23,76,34
21,a,100.0,100.0,7.4,23,15.0,0,0.0,9,-9.0,26.9,12,3.0,163,3,5.4,9.0,5.0,21,695,4.8,51.0,23.0,0.6,22.0,0.0,6966094,10721,4464309,146757,0.0,5.8,3.05,6.43,9.48,18.78,0.11,0.22,0.33,0.66,736.2,10.0,3.0,911.4,3.0,3.0,273.0,93.0,59.0,192.2,10.0,7.0,1.0,1.0,,30,,Declan,Rice,Rice,,,2580,4,9,14,21,0,0,0,2,0,0,29,316,,,,0.0,0.49,0.73,1.01,11.02,56,106,154
22,i,0.0,0.0,5.4,162,101.0,0,0.0,-6,6.0,0.8,210,73.0,66,0,3.1,184.0,78.0,5,238,0.0,778.0,340.0,0.0,12.2,0.0,835960,13,841882,607,0.0,0.0,2.99,1.45,4.44,6.59,0.27,0.13,0.4,0.6,304.4,193.0,81.0,187.0,178.0,120.0,237.0,108.0,65.0,72.6,166.0,84.0,,,,30,,Mikel,Merino Zazón,Merino,Foot injury - Unknown return date,,996,4,3,4,9,0,0,0,1,0,0,10,111,,,,0.0,0.36,0.81,0.9,10.03,26,30,55
320,a,,,4.3,584,129.0,0,0.0,-2,2.0,0.1,525,187.0,13,0,1.3,429.0,155.0,0,49,0.8,286.0,104.0,0.2,3.0,0.0,7641,73,11657,64,1.3,0.8,0.02,0.04,0.06,10.15,0.0,0.01,0.01,1.54,118.0,346.0,131.0,5.7,442.0,159.0,12.0,401.0,148.0,13.6,401.0,146.0,,,,30,,Issa,Diop,Diop,,,592,0,0,0,11,0,0,0,2,0,0,6,55,,,,0.0,0.0,1.67,0.91,7.3,6,42,14
321,a,,,4.3,589,132.0,0,0.0,-2,2.0,0.1,566,202.0,39,0,2.8,222.0,86.0,1,155,0.5,321.0,116.0,0.1,9.1,0.0,6769,20,7553,98,1.0,0.5,0.05,0.53,0.58,14.59,0.0,0.05,0.05,1.41,244.6,234.0,92.0,47.1,354.0,123.0,14.0,396.0,144.0,30.7,338.0,114.0,,,,30,,Jorge,Cuenca Barreno,J.Cuenca,,,931,0,0,2,11,0,0,0,5,0,0,11,120,,,,0.0,0.19,1.06,1.06,11.02,16,98,40
322,a,100.0,100.0,4.5,412,75.0,0,0.0,0,0.0,0.4,272,102.0,81,6,3.7,93.0,33.0,5,318,3.5,91.0,35.0,0.8,18.0,0.0,170102,4047,154308,207,4.0,3.5,0.92,1.46,2.38,25.79,0.05,0.07,0.12,1.3,416.0,117.0,52.0,214.1,165.0,41.0,108.0,239.0,63.0,73.9,160.0,54.0,,,,30,,Kenny,Tete,Tete,,,1791,1,0,6,25,0,0,0,2,0,0,21,188,,,,0.0,0.3,1.26,1.06,8.29,65,100,82
323,a,,,3.8,814,258.0,0,0.0,-2,2.0,0.1,422,156.0,0,0,0.0,541.0,199.0,0,0,0.0,410.0,160.0,0.0,0.0,0.0,9511,48,17290,75,0.5,0.0,0.0,0.0,0.0,0.0,0.0,0.0,0.0,0.0,0.0,530.0,198.0,0.0,515.0,198.0,0.0,484.0,193.0,0.0,532.0,198.0,,,,30,,Samuel,Amissah,Amissah,,,0,0,0,0,0,0,0,0,0,0,0,0,0,,,,0.0,0.0,0.0,0.0,0.0,0,0,0
324,a,100.0,100.0,6.4,55,35.0,0,0.0,-1,1.0,3.0,113,36.0,94,3,3.9,76.0,33.0,13,441,7.0,6.0,3.0,1.1,14.7,0.0,550250,26829,420495,3922,7.5,7.0,1.26,3.77,5.03,31.55,0.06,0.17,0.23,1.39,443.2,102.0,32.0,597.8,19.0,19.0,233.0,113.0,68.0,127.5,44.0,32.0,2.0,,,30,,Alex,Iwobi,Iwobi,,,2042,4,3,4,36,0,0,0,2,0,0,24,150,,,,0.0,0.18,1.59,1.06,6.61,22,29,99
325,d,75.0,100.0,5.6,126,78.0,0,0.0,-4,4.0,0.5,250,86.0,64,0,2.2,317.0,139.0,1,280,1.2,253.0,110.0,0.2,11.4,0.0,163287,428,215377,1178,1.3,1.2,4.2,0.96,5.16,24.74,0.26,0.06,0.32,1.54,244.2,236.0,101.0,256.3,130.0,91.0,321.0,74.0,43.0,82.2,139.0,76.0,,,,30,,Emile,Smith Rowe,Smith Rowe,Knock - 75% chance of playing,,1444,3,1,3,23,0,0,0,1,0,0,16,112,,,,0.0,0.19,1.43,1.0,6.98,22,33,57
327,u,0.0,0.0,5.3,186,115.0,0,0.0,-2,2.0,0.1,563,208.0,0,0,0.0,800.0,354.0,0,0,0.0,772.0,335.0,0.0,0.0,0.0,2438,0,35600,3,0.0,0.0,0.0,0.0,0.0,0.0,0.0,0.0,0.0,0.0,0.0,799.0,353.0,0.0,798.0,353.0,0.0,795.0,352.0,0.0,799.0,353.0,,,,30,,Andreas,Hoelgebaum Pereira,Andreas,has joined Palmeiras permanently.,,0,0,0,0,0,0,0,0,0,0,0,0,0,,,,0.0,0.0,0.0,0.0,0.0,0,0,0
328,a,100.0,100.0,5.4,161,100.0,0,0.0,-1,1.0,0.2,401,135.0,79,1,3.4,140.0,62.0,5,273,2.0,197.0,80.0,0.4,14.6,0.0,146169,239,139225,181,2.5,2.0,1.16,1.71,2.87,24.16,0.07,0.1,0.17,1.35,343.0,166.0,61.0,197.4,174.0,118.0,187.0,153.0,85.0,72.5,169.0,86.0,,,,30,,Ryan,Sessegnon,Sessegnon,,,1606,2,3,4,29,0,0,0,0,0,0,18,190,,,,0.0,0.22,1.63,1.01,10.65,40,88,62
329,a,100.0,75.0,6.0,85,55.0,0,0.0,5,-5.0,23.3,15,5.0,143,3,5.1,12.0,6.0,19,543,5.8,16.0,8.0,1.0,23.8,0.0,5156724,65529,2335607,22463,6.3,4.3,4.84,4.12,8.96,31.4,0.2,0.17,0.37,1.3,604.8,41.0,10.0,507.9,32.0,30.0,509.0,26.0,13.0,162.0,22.0,18.0,1.0,1.0,3.0,30,,Harry,Wilson,Wilson,,,2176,9,8,7,31,0,0,0,6,0,0,26,145,,,,0.0,0.29,1.28,1.08,6.0,22,54,69
330,a,,,4.9,305,190.0,0,0.0,-1,1.0,0.1,514,185.0,75,2,2.5,274.0,115.0,3,430,3.0,120.0,47.0,0.6,15.3,0.0,12045,177,12966,84,3.5,3.0,1.29,1.12,2.41,38.68,0.05,0.04,0.09,1.39,383.8,138.0,46.0,285.0,112.0,80.0,75.0,289.0,157.0,74.7,156.0,82.0,,,,30,,Sander,Berge,Berge,,,2499,0,2,6,41,1,0,0,5,0,0,29,243,,,,0.0,0.22,1.48,1.04,8.75,49,81,113
159,a,100.0,100.0,5.8,105,68.0,0,0.0,-2,2.0,0.0,728,302.0,1,0,1.0,506.0,237.0,0,4,0.2,376.0,171.0,0.0,0.2,0.0,1356,105,2700,54,-0.3,0.2,0.0,0.0,0.0,0.25,0.0,0.0,0.0,5.62,0.0,811.0,362.0,0.0,811.0,362.0,0.0,810.0,362.0,0.0,811.0,362.0,,,,30,,Solly,March,March,,,4,0,0,0,0,0,0,0,0,0,0,0,0,,,,0.0,0.0,0.0,0.0,0.0,0,0,0
331,a,100.0,100.0,4.8,348,218.0,0,0.0,-2,2.0,0.0,639,250.0,29,1,1.4,420.0,185.0,1,119,1.2,244.0,102.0,0.3,6.0,0.0,2777,12,4814,14,1.7,1.2,0.95,0.36,1.31,10.02,0.16,0.06,0.22,1.65,84.2,379.0,169.0,106.6,261.0,161.0,49.0,328.0,171.0,24.0,356.0,171.0,,,,30,,Tom,Cairney,Cairney,,,545,1,0,1,9,0,0,0,3,0,0,4,44,,,,0.0,0.17,1.49,0.66,7.27,4,8,32
332,a,100.0,100.0,4.9,309,193.0,0,0.0,-1,1.0,0.1,572,213.0,51,1,2.5,275.0,116.0,3,231,0.2,365.0,164.0,0.0,10.4,0.0,14701,24,19151,16,0.7,0.2,1.82,1.35,3.17,19.05,0.13,0.1,0.23,1.39,235.4,244.0,104.0,340.7,77.0,58.0,123.0,223.0,125.0,69.8,180.0,91.0,3.0,,,30,,Saša,Lukić,Lukić,,,1235,1,3,4,17,0,0,0,6,0,0,15,130,,,,0.0,0.29,1.24,1.09,9.47,37,43,50
333,u,0.0,0.0,4.5,474,291.0,0,0.0,0,0.0,0.0,670,270.0,0,0,0.0,730.0,303.0,0,0,0.0,655.0,253.0,0.0,0.0,0.0,898,0,6599,2,0.0,0.0,0.0,0.0,0.0,0.0,0.0,0.0,0.0,0.0,0.0,727.0,300.0,0.0,722.0,301.0,0.0,708.0,296.0,0.0,728.0,301.0,,,,30,,Martial,Godo,Godo,has joined Strasbourg permanently.,,0,0,0,0,0,0,0,0,0,0,0,0,0,,,,0.0,0.0,0.0,0.0,0.0,0,0,0
334,u,0.0,0.0,4.5,453,273.0,0,0.0,0,0.0,0.0,811,360.0,0,0,0.0,715.0,290.0,0,0,0.0,637.0,237.0,0.0,0.0,0.0,0,0,312,0,0.0,0.0,0.0,0.0,0.0,0.0,0.0,0.0,0.0,0.0,0.0,710.0,285.0,0.0,706.0,287.0,0.0,690.0,280.0,0.0,711.0,286.0,,,,30,,Luke,Harris,Harris,Has joined Oxford United on loan for the rest of the season.,,0,0,0,0,0,0,0,0,0,0,0,0,0,,,,0.0,0.0,0.0,0.0,0.0,0,0,0
335,a,100.0,100.0,4.4,564,338.0,0,0.0,-1,1.0,1.7,150,51.0,44,3,1.8,373.0,159.0,0,149,1.8,202.0,84.0,0.4,10.0,0.0,965177,942,872792,1682,2.3,1.8,1.92,0.43,2.35,14.43,0.17,0.04,0.21,1.24,126.0,334.0,152.0,120.6,239.0,151.0,233.0,112.0,67.0,47.1,270.0,138.0,,,,30,,Josh,King,King,,,1046,0,2,5,15,0,0,0,3,0,0,13,88,,,,0.0,0.43,1.29,1.12,7.57,22,18,48
336,a,,,4.3,580,345.0,0,0.0,-2,2.0,0.4,282,100.0,12,0,2.4,283.0,120.0,2,37,0.0,539.0,175.0,0.0,2.8,0.0,85625,215,72587,827,0.5,0.0,0.04,0.24,0.28,0.41,0.16,0.94,1.1,1.6,36.6,427.0,187.0,8.7,434.0,210.0,7.0,423.0,203.0,5.2,447.0,199.0,,,,30,,Harrison,Reed,Reed,,,23,1,0,0,1,0,0,0,0,0,0,0,2,,,,0.0,0.0,3.91,0.0,7.83,0,0,2
337,a,100.0,100.0,6.2,73,23.0,0,0.0,-3,3.0,3.2,104,18.0,99,2,3.4,142.0,11.0,7,366,4.0,73.0,8.0,0.6,16.0,0.0,782526,17374,681305,4930,4.5,4.0,10.18,0.87,11.05,29.65,0.47,0.04,0.51,1.36,433.2,110.0,8.0,290.7,110.0,5.0,661.0,16.0,11.0,138.1,33.0,8.0,,2.0,1.0,30,,Raúl,Jiménez Rodríguez,Raúl,,,1964,8,5,8,25,0,0,0,5,0,0,25,117,,,,0.0,0.37,1.15,1.15,5.36,32,37,48
338,a,100.0,100.0,5.3,191,45.0,0,0.0,-2,2.0,0.7,217,32.0,23,1,1.8,382.0,45.0,3,66,1.0,274.0,32.0,0.2,4.3,0.0,263185,455,438310,273,1.5,1.0,1.31,0.05,1.36,8.2,0.24,0.01,0.25,1.5,85.6,378.0,40.0,57.0,333.0,38.0,175.0,167.0,39.0,30.7,339.0,39.0,,,,30,,Rodrigo,Muniz Carvalho,Muniz,,,493,1,1,1,8,1,0,0,1,0,0,4,28,,,,0.0,0.18,1.46,0.73,5.11,4,15,9
424,a,100.0,100.0,5.1,237,143.0,0,0.0,-4,4.0,0.2,356,118.0,30,3,2.0,337.0,148.0,0,118,2.5,159.0,62.0,0.5,5.9,0.0,91129,313,97990,154,3.0,2.5,0.5,1.5,2.0,8.03,0.06,0.19,0.25,1.04,92.0,372.0,164.0,219.2,158.0,106.0,111.0,231.0,127.0,42.4,287.0,143.0,,,,30,,Oscar,Bobb,Bobb,,,698,0,2,3,9,0,0,0,1,0,0,7,50,,,,0.0,0.39,1.16,0.9,6.45,13,7,30
727,a,100.0,100.0,5.3,189,118.0,0,0.0,-2,2.0,0.1,501,180.0,51,1,3.2,168.0,71.0,1,213,1.0,273.0,122.0,0.2,9.6,0.0,100304,200,93045,166,1.5,1.0,1.63,2.91,4.54,12.89,0.19,0.34,0.53,1.5,252.8,229.0,100.0,255.3,131.0,92.0,204.0,135.0,78.0,71.3,174.0,89.0,,,,30,,Samuel,Chukwueze,Chukwueze,,,771,3,4,1,16,0,0,0,0,0,0,7,65,,,,0.0,0.12,1.87,0.82,7.59,6,16,43
731,i,0.0,0.0,5.8,110,71.0,0,0.0,-2,2.0,0.1,576,215.0,43,0,1.9,362.0,156.0,0,158,0.2,377.0,172.0,0.0,7.4,0.0,34703,8,31632,118,0.0,0.0,1.12,1.4,2.52,13.01,0.11,0.14,0.25,1.3,200.8,272.0,113.0,231.6,146.0,101.0,206.0,130.0,77.0,63.6,206.0,102.0,,,,30,,Kevin,Santos Lopes de Macedo,Kevin,Foot injury - Unknown return date,,898,1,2,4,15,0,0,0,1,0,0,8,75,,,,0.0,0.4,1.5,0.8,7.52,19,16,40
737,a,,,4.5,507,74.0,0,0.0,0,0.0,0.1,479,69.0,4,0,0.8,514.0,62.0,0,11,0.0,683.0,73.0,0.0,0.9,0.0,21482,81,16611,167,0.5,0.0,0.0,0.07,0.07,0.75,0.0,0.21,0.21,2.25,1.2,499.0,59.0,11.4,420.0,56.0,8.0,420.0,58.0,2.1,470.0,57.0,,,,30,,Jonah,Kusi-Asare,Kusi-Asare,,,30,0,0,0,2,0,0,0,1,0,0,0,2,,,,0.0,0.0,6.0,0.0,6.0,0,0,2
770,a,,,4.5,502,312.0,0,0.0,0,0.0,0.0,779,339.0,0,0,0.0,750.0,318.0,0,0,0.0,679.0,272.0,0.0,0.0,0.0,634,8,369,10,0.5,0.0,0.0,0.0,0.0,0.0,0.0,0.0,0.0,0.0,0.0,749.0,317.0,0.0,743.0,317.0,0.0,730.0,313.0,0.0,749.0,317.0,,,,30,,Seth,Ridgeon,Ridgeon,,,0,0,0,0,0,0,0,0,0,0,0,0,0,,,,0.0,0.0,0.0,0.0,0.0,0,0,0
786,a,,,4.0,703,60.0,0,0.0,0,0.0,0.0,746,85.0,0,0,0.0,609.0,80.0,0,0,0.0,483.0,73.0,0.0,0.0,0.0,642,12,341,15,0.5,0.0,0.0,0.0,0.0,0.0,0.0,0.0,0.0,0.0,0.0,599.0,80.0,0.0,590.0,67.0,0.0,560.0,54.0,0.0,601.0,80.0,,,,30,,Alfie,McNally,McNally,,,0,0,0,0,0,0,0,0,0,0,0,0,0,,,,0.0,0.0,0.0,0.0,0.0,0,0,0
168,a,100.0,100.0,4.6,403,249.0,0,0.0,-4,4.0,0.1,494,176.0,2,0,0.7,517.0,242.0,0,5,0.0,693.0,282.0,0.0,0.4,0.0,16370,76,29613,107,0.0,0.0,0.04,0.1,0.14,1.86,0.05,0.13,0.18,2.43,6.0,474.0,213.0,25.7,385.0,194.0,19.0,387.0,194.0,5.0,450.0,201.0,,,,30,,Facundo,Buonanotte,Buonanotte,,,69,0,0,0,2,0,0,0,1,0,0,1,5,,,,0.0,0.0,2.61,1.3,6.52,1,1,3
339,a,,,4.1,656,37.0,0,0.0,-4,4.0,0.3,303,40.0,0,0,0.0,637.0,86.0,0,0,0.0,516.0,79.0,0.0,0.0,0.0,13646,101,63810,191,0.0,0.0,0.0,0.0,0.0,0.0,0.0,0.0,0.0,0.0,0.0,627.0,86.0,0.0,619.0,74.0,0.0,591.0,61.0,0.0,629.0,86.0,,,,30,,Illan,Meslier,Meslier,,,0,0,0,0,0,0,0,0,0,0,0,0,0,,,,0.0,0.0,0.0,0.0,0.0,0,0,0
340,a,,,3.9,746,72.0,0,0.0,-1,1.0,0.1,417,62.0,0,0,0.0,548.0,44.0,0,0,0.0,417.0,35.0,0.0,0.0,0.0,8493,45,15131,74,0.0,0.0,0.0,0.0,0.0,0.0,0.0,0.0,0.0,0.0,0.0,537.0,44.0,0.0,523.0,26.0,0.0,492.0,13.0,0.0,539.0,44.0,,,,30,,Alex,Cairns,Cairns,,,0,0,0,0,0,0,0,0,0,0,0,0,0,,,,0.0,0.0,0.0,0.0,0.0,0,0,0
341,a,,,3.9,741,67.0,0,0.0,-1,1.0,2.6,120,17.0,36,6,2.6,249.0,26.0,0,170,3.2,98.0,9.0,0.8,9.2,0.0,256434,2826,277075,1191,3.2,3.2,0.0,0.03,0.03,17.06,0.0,0.0,0.0,1.22,294.4,201.0,22.0,0.0,518.0,21.0,0.0,487.0,8.0,29.7,344.0,22.0,,,,30,,Karl,Darlow,Darlow,,,1260,0,0,2,19,0,0,0,1,0,34,14,59,,,,2.43,0.14,1.36,1.0,0.0,0,19,128
342,a,100.0,100.0,4.4,530,106.0,0,0.0,-1,1.0,0.2,355,130.0,71,1,2.5,268.0,102.0,0,203,1.5,224.0,86.0,0.3,16.1,0.0,46137,356,45055,332,1.5,1.5,2.02,1.57,3.59,34.92,0.08,0.06,0.14,1.36,339.0,172.0,73.0,231.4,148.0,36.0,187.0,151.0,30.0,75.9,152.0,50.0,,,,30,,Jayden,Bogle,Bogle,,,2313,1,3,4,41,0,0,0,5,0,0,26,189,,,,0.0,0.16,1.6,1.01,5.64,53,92,116
343,a,100.0,100.0,4.3,585,130.0,0,0.0,-2,2.0,0.5,260,97.0,88,8,3.3,148.0,56.0,3,317,3.5,90.0,34.0,0.8,20.5,0.0,110923,1728,100786,372,3.5,3.5,2.52,0.54,3.06,35.18,0.1,0.02,0.12,1.35,575.0,47.0,21.0,130.7,222.0,58.0,224.0,119.0,19.0,93.0,104.0,28.0,,,,30,,Pascal,Struijk,Struijk,,,2348,0,1,5,40,0,0,0,3,0,0,26,260,,,,0.0,0.19,1.53,1.0,9.24,29,212,99
344,a,100.0,100.0,3.9,758,218.0,0,0.0,-1,1.0,0.4,285,104.0,55,7,3.2,159.0,62.0,2,178,2.2,174.0,66.0,0.6,14.1,0.0,102443,364,82028,264,2.2,2.2,0.8,0.57,1.37,21.45,0.06,0.04,0.1,1.59,317.8,181.0,74.0,39.1,364.0,129.0,204.0,133.0,24.0,56.0,232.0,78.0,,,,30,,Jaka,Bijol,Bijol,,,1216,1,2,2,21,0,0,0,3,0,0,13,144,,,,0.0,0.15,1.55,0.96,9.84,19,114,46
345,a,100.0,100.0,3.8,796,241.0,0,0.0,-2,2.0,0.1,424,158.0,17,0,1.9,344.0,126.0,0,48,0.0,393.0,144.0,0.0,4.5,0.0,22494,60,17522,233,0.0,0.0,0.0,0.01,0.01,4.93,0.0,0.0,0.0,1.46,78.4,388.0,147.0,5.6,443.0,160.0,10.0,408.0,150.0,9.4,422.0,151.0,,,,30,,Sebastiaan,Bornauw,Bornauw,,,304,0,0,1,4,0,0,0,1,0,0,4,38,,,,0.0,0.3,1.18,1.18,11.25,6,32,7
346,a,,,3.7,816,260.0,0,0.0,-3,3.0,0.3,320,118.0,1,0,1.0,448.0,160.0,0,-2,0.0,381.0,134.0,0.0,0.3,0.0,29068,1975,34541,317,0.0,0.0,0.0,0.0,0.0,0.79,0.0,0.0,0.0,10.16,0.0,509.0,180.0,0.0,492.0,178.0,0.0,459.0,171.0,0.0,511.0,180.0,,,,30,,Sam,Byram,Byram,,,7,0,0,0,1,0,0,0,0,0,0,0,0,,,,0.0,0.0,12.86,0.0,0.0,0,0,0
347,s,0.0,100.0,3.8,792,237.0,0,0.0,-2,2.0,3.7,98,34.0,59,-2,2.0,327.0,119.0,8,235,0.8,282.0,101.0,0.2,15.5,0.0,948018,854,819498,14919,0.0,0.8,1.1,2.04,3.13,37.73,0.04,0.08,0.12,1.43,389.2,136.0,60.0,329.9,85.0,19.0,148.0,193.0,46.0,86.8,122.0,36.0,,,,30,,Gabriel,Gudmundsson,Gudmundsson,Suspended until 13 Apr,,2367,0,0,4,42,1,0,0,4,1,0,28,197,,,,0.0,0.15,1.6,1.06,6.16,60,102,102
348,a,100.0,100.0,3.9,753,215.0,0,0.0,-1,1.0,4.0,92,31.0,93,8,3.3,146.0,54.0,5,305,4.0,66.0,26.0,1.0,23.8,0.0,1149575,8109,928015,1855,4.0,4.0,1.2,0.31,1.51,39.47,0.04,0.01,0.05,1.45,597.4,44.0,18.0,79.4,300.0,96.0,177.0,164.0,37.0,85.6,130.0,40.0,,,,30,,Joe,Rodon,Rodon,,,2456,2,0,4,46,0,0,0,1,0,0,28,263,,,,0.0,0.15,1.69,1.03,8.61,32,203,71
349,u,0.0,0.0,4.0,695,176.0,0,0.0,0,0.0,0.1,555,200.0,0,0,0.0,603.0,222.0,0,0,0.0,477.0,186.0,0.0,0.0,0.0,788,0,15961,6,0.0,0.0,0.0,0.0,0.0,0.0,0.0,0.0,0.0,0.0,0.0,592.0,221.0,0.0,583.0,221.0,0.0,553.0,217.0,0.0,594.0,221.0,,,,30,,Isaac,Schmidt,Schmidt,has joined Werder Bremen on loan for the rest of the season.,,0,0,0,0,0,0,0,0,0,0,0,0,0,,,,0.0,0.0,0.0,0.0,0.0,0,0,0
350,a,,,5.4,168,105.0,0,0.0,-1,1.0,0.6,231,81.0,106,1,3.7,103.0,46.0,5,362,2.0,198.0,81.0,0.4,19.6,0.0,211866,1022,150973,1675,2.0,2.0,4.08,3.0,7.08,28.56,0.19,0.14,0.33,1.35,391.4,135.0,45.0,369.4,69.0,54.0,434.0,40.0,23.0,119.4,58.0,37.0,,,,30,,Brenden,Aaronson,Aaronson,,,1907,4,6,7,27,0,0,0,1,0,0,23,172,,,,0.0,0.33,1.27,1.09,8.12,44,25,103
351,a,100.0,100.0,5.1,239,145.0,-1,1.0,-4,4.0,0.1,508,182.0,22,0,1.4,423.0,187.0,0,88,0.2,369.0,168.0,0.0,4.3,0.0,9356,29,40427,42,0.2,0.2,0.29,0.56,0.85,8.4,0.07,0.13,0.2,2.01,59.0,404.0,177.0,87.7,288.0,169.0,39.0,340.0,177.0,18.4,383.0,178.0,,,,30,,Wilfried,Gnonto,Gnonto,,,377,0,2,1,11,0,0,0,3,0,0,4,41,,,,0.0,0.24,2.63,0.95,9.79,14,10,17
352,u,0.0,0.0,5.1,228,140.0,0,0.0,-4,4.0,0.0,597,225.0,12,0,1.1,447.0,200.0,0,51,0.0,761.0,328.0,0.0,2.4,0.0,6000,0,18672,13,0.0,0.0,0.28,0.23,0.51,3.82,0.1,0.08,0.18,1.31,30.0,434.0,191.0,49.4,348.0,184.0,35.0,353.0,184.0,11.5,413.0,188.0,,,,30,,Jack,Harrison,Harrison,has joined ACF Fiorentina on loan for the rest of the season.,,262,0,0,0,5,0,0,0,0,0,0,1,24,,,,0.0,0.0,1.72,0.34,8.24,5,6,13
353,a,100.0,100.0,5.2,205,126.0,0,0.0,-3,3.0,0.1,481,167.0,17,0,1.2,441.0,198.0,0,65,0.5,333.0,151.0,0.1,3.3,0.0,8248,67,52770,36,0.5,0.5,0.71,0.59,1.3,10.43,0.16,0.13,0.29,2.36,44.6,419.0,183.0,112.9,248.0,156.0,97.0,253.0,139.0,25.6,353.0,170.0,,,,30,,Daniel,James,James,,,398,0,0,1,13,0,0,0,0,0,0,4,22,,,,0.0,0.23,2.94,0.9,4.97,4,3,15
247,a,100.0,100.0,4.3,600,351.0,0,0.0,-2,2.0,0.1,561,207.0,0,0,0.0,651.0,246.0,0,0,0.0,549.0,181.0,0.0,0.0,0.0,12962,101,14315,75,0.5,0.5,0.0,0.0,0.0,0.0,0.0,0.0,0.0,0.0,0.0,641.0,236.0,0.0,636.0,241.0,0.0,611.0,228.0,0.0,643.0,238.0,,,,30,,Dário,Luís Essugo,D.Essugo,,,0,0,0,0,0,0,0,0,0,0,0,0,0,,,,0.0,0.0,0.0,0.0,0.0,0,0,0
354,a,100.0,100.0,4.9,300,187.0,0,0.0,-1,1.0,0.2,382,125.0,97,5,3.6,111.0,51.0,6,446,4.8,46.0,20.0,1.0,19.8,0.0,45204,670,34580,371,4.8,4.8,1.77,1.68,3.45,37.36,0.07,0.06,0.13,1.4,477.4,84.0,27.0,302.9,98.0,72.0,95.0,260.0,141.0,87.8,117.0,68.0,,,,30,,Ethan,Ampadu,Ampadu,,,2399,1,2,5,41,0,0,0,7,0,0,27,325,,,,0.0,0.19,1.54,1.01,12.19,66,117,142
355,u,0.0,0.0,4.9,318,198.0,0,0.0,-1,1.0,0.0,635,248.0,0,0,0.0,773.0,334.0,0,0,0.0,725.0,303.0,0.0,0.0,0.0,1234,0,10126,2,0.0,0.0,0.0,0.0,0.0,0.0,0.0,0.0,0.0,0.0,0.0,772.0,333.0,0.0,768.0,333.0,0.0,764.0,331.0,0.0,772.0,333.0,,,,30,,Sam,Greenwood,Greenwood,has joined Pogon Szczecin permanently.,,0,0,0,0,0,0,0,0,0,0,0,0,0,,,,0.0,0.0,0.0,0.0,0.0,0,0,0
356,a,,,4.7,392,244.0,0,0.0,-3,3.0,0.1,443,149.0,54,1,2.6,256.0,105.0,3,239,1.8,205.0,85.0,0.4,11.5,0.0,21357,70,13571,349,1.8,1.8,0.46,0.85,1.31,24.63,0.03,0.06,0.09,1.72,195.6,274.0,115.0,168.0,193.0,126.0,63.0,305.0,163.0,42.4,286.0,142.0,4.0,,,30,,Ilia,Gruev,Gruev,,,1290,0,4,5,23,0,0,0,3,0,0,15,109,,,,0.0,0.35,1.6,1.05,7.6,23,37,49
357,u,0.0,0.0,4.9,322,200.0,0,0.0,-1,1.0,0.0,714,295.0,0,0,0.0,775.0,336.0,0,0,0.0,728.0,305.0,0.0,0.0,0.0,203,0,4326,0,0.0,0.0,0.0,0.0,0.0,0.0,0.0,0.0,0.0,0.0,0.0,774.0,335.0,0.0,770.0,335.0,0.0,766.0,333.0,0.0,774.0,335.0,,,,30,,Largie,Ramazani,Ramazani,has joined Valencia on loan for the rest of the season.,,0,0,0,0,0,0,0,0,0,0,0,0,0,,,,0.0,0.0,0.0,0.0,0.0,0,0,0
358,a,100.0,100.0,4.8,361,225.0,0,0.0,-2,2.0,0.2,383,126.0,43,0,2.1,323.0,142.0,2,166,0.0,706.0,290.0,0.0,9.0,0.0,52616,56,62371,245,0.0,0.0,0.83,0.61,1.44,13.29,0.1,0.07,0.17,1.62,140.0,322.0,143.0,127.1,228.0,145.0,78.0,284.0,154.0,34.5,321.0,156.0,,,,30,,Tanaka,Ao,Tanaka,,,737,2,0,2,16,0,0,0,1,0,0,7,83,,,,0.0,0.24,1.95,0.85,10.14,17,20,46
359,u,0.0,0.0,4.5,458,278.0,0,0.0,0,0.0,0.0,793,347.0,0,0,0.0,718.0,293.0,0,0,0.0,640.0,240.0,0.0,0.0,0.0,0,0,969,0,0.0,0.0,0.0,0.0,0.0,0.0,0.0,0.0,0.0,0.0,0.0,713.0,288.0,0.0,709.0,290.0,0.0,693.0,283.0,0.0,714.0,289.0,,,,30,,Charlie,Crew,Crew,Has joined Doncaster Rovers on loan for the rest of the season.,,0,0,0,0,0,0,0,0,0,0,0,0,0,,,,0.0,0.0,0.0,0.0,0.0,0,0,0
360,u,0.0,0.0,4.5,438,263.0,0,0.0,0,0.0,0.0,758,323.0,0,0,0.0,707.0,282.0,0,0,0.0,627.0,228.0,0.0,0.0,0.0,0,0,2898,1,0.0,0.0,0.0,0.0,0.0,0.0,0.0,0.0,0.0,0.0,0.0,701.0,276.0,0.0,698.0,279.0,0.0,681.0,272.0,0.0,703.0,278.0,,,,30,,Joe,Gelhardt,Gelhardt,Has joined Hull City on loan for the rest of the season.,,0,0,0,0,0,0,0,0,0,0,0,0,0,,,,0.0,0.0,0.0,0.0,0.0,0,0,0
361,u,0.0,0.0,4.5,439,264.0,0,0.0,0,0.0,0.0,669,269.0,0,0,0.0,708.0,283.0,0,0,0.0,628.0,229.0,0.0,0.0,0.0,1165,0,8410,6,0.0,0.0,0.0,0.0,0.0,0.0,0.0,0.0,0.0,0.0,0.0,702.0,277.0,0.0,699.0,280.0,0.0,682.0,273.0,0.0,704.0,279.0,,,,30,,Darko,Gyabi,Gyabi,has joined Hull City permanently.,,0,0,0,0,0,0,0,0,0,0,0,0,0,,,,0.0,0.0,0.0,0.0,0.0,0,0,0
362,a,100.0,100.0,4.9,317,58.0,0,0.0,-6,6.0,0.3,299,47.0,14,0,1.1,446.0,55.0,0,34,0.5,328.0,40.0,0.1,2.9,0.0,38942,84,220386,130,0.5,0.5,0.81,0.13,0.94,5.3,0.34,0.05,0.39,2.22,10.6,462.0,55.0,36.9,369.0,47.0,96.0,256.0,46.0,13.8,400.0,49.0,,,3.0,30,,Joël,Piroe,Piroe,,,215,0,0,1,7,0,0,0,0,0,0,2,11,,,,0.0,0.42,2.93,0.84,4.6,1,1,9
363,u,0.0,0.0,4.9,289,57.0,0,0.0,-1,1.0,0.3,306,49.0,0,0,0.0,767.0,85.0,0,0,0.0,712.0,76.0,0.0,0.0,0.0,16144,0,203005,32,0.0,0.0,0.0,0.0,0.0,0.0,0.0,0.0,0.0,0.0,0.0,766.0,85.0,0.0,762.0,84.0,0.0,758.0,84.0,0.0,766.0,85.0,,,,30,,Patrick,Bamford,Bamford,has departed the club as a free agent.,,0,0,0,0,0,0,0,0,0,0,0,0,0,,,,0.0,0.0,0.0,0.0,0.0,0,0,0
364,u,0.0,0.0,5.0,279,56.0,0,0.0,0,0.0,0.0,743,90.0,0,0,0.0,794.0,88.0,0,0,0.0,754.0,81.0,0.0,0.0,0.0,0,0,2426,2,0.0,0.0,0.0,0.0,0.0,0.0,0.0,0.0,0.0,0.0,0.0,793.0,88.0,0.0,791.0,88.0,0.0,787.0,88.0,0.0,793.0,88.0,,,,30,,Mateo,Joseph Fernández-Regatillo,Mateo Joseph,Has joined RCD Mallorca on loan for the rest of the season.,,0,0,0,0,0,0,0,0,0,0,0,0,0,,,,0.0,0.0,0.0,0.0,0.0,0,0,0
365,a,100.0,100.0,5.0,248,53.0,0,0.0,0,0.0,0.6,238,35.0,64,1,2.7,237.0,24.0,8,225,1.0,270.0,31.0,0.2,12.8,0.0,212944,617,220024,931,1.0,1.0,6.19,0.91,7.1,16.42,0.7,0.1,0.8,1.85,252.2,230.0,18.0,80.7,297.0,32.0,333.0,71.0,25.0,66.7,199.0,24.0,,,2.0,30,,Lukas,Nmecha,Nmecha,,,798,6,1,2,18,0,0,1,0,0,0,8,38,,,,0.0,0.23,2.03,0.9,4.29,6,12,20
493,a,100.0,100.0,4.8,351,221.0,0,0.0,-2,2.0,0.2,358,119.0,44,0,2.6,257.0,106.0,4,234,0.2,361.0,160.0,0.0,9.2,0.0,177587,46,181531,117,0.2,0.2,0.83,1.48,2.31,13.95,0.08,0.14,0.22,1.33,240.2,240.0,102.0,357.3,73.0,57.0,71.0,296.0,160.0,66.8,197.0,99.0,2.0,2.0,,30,,Sean,Longstaff,Longstaff,,,943,1,2,1,19,0,0,0,2,0,0,10,100,,,,0.0,0.1,1.81,0.95,9.54,37,25,38
698,d,25.0,25.0,5.5,146,91.0,0,0.0,0,0.0,0.1,512,184.0,67,0,2.9,214.0,86.0,3,228,0.0,790.0,349.0,0.0,12.2,0.0,62696,9,57882,145,0.0,0.0,4.2,0.98,5.18,22.4,0.3,0.07,0.37,1.59,254.6,226.0,98.0,199.8,172.0,116.0,322.0,73.0,42.0,77.7,148.0,80.0,,,,30,,Noah,Okafor,Okafor,Hip injury - 25% chance of playing,,1266,4,2,4,24,0,0,0,3,0,0,15,87,,,,0.0,0.28,1.71,1.07,6.18,20,21,46
706,a,100.0,100.0,3.9,755,216.0,0,0.0,-1,1.0,1.0,192,74.0,55,6,2.6,250.0,94.0,6,187,3.0,115.0,44.0,0.8,14.1,0.0,169028,1062,64149,920,3.0,3.0,0.94,0.9,1.84,21.71,0.07,0.07,0.14,1.67,273.8,214.0,85.0,114.8,246.0,67.0,128.0,217.0,53.0,51.8,255.0,82.0,3.0,,,30,,James,Justin,Justin,,,1173,1,1,3,18,0,0,0,2,0,0,13,113,,,,0.0,0.23,1.38,1.0,8.13,27,79,45
741,u,0.0,0.0,4.5,491,70.0,0,0.0,0,0.0,0.1,511,71.0,0,0,0.0,742.0,80.0,0,0,0.0,670.0,69.0,0.0,0.0,0.0,27606,0,24319,60,0.0,0.0,0.0,0.0,0.0,0.0,0.0,0.0,0.0,0.0,0.0,740.0,80.0,0.0,734.0,79.0,0.0,721.0,79.0,0.0,740.0,80.0,,,,30,,Harry,Gray,Gray,has joined Rotherham United on loan for the rest of the season.,,0,0,0,0,0,0,0,0,0,0,0,0,0,,,,0.0,0.0,0.0,0.0,0.0,0,0,0
366,a,100.0,75.0,5.4,157,4.0,0,0.0,-1,1.0,6.3,60,9.0,89,4,3.6,113.0,16.0,8,382,3.5,94.0,8.0,0.6,16.5,0.0,670918,7194,1345788,4207,4.0,3.0,0.0,0.03,0.03,28.02,0.0,0.0,0.0,1.12,468.4,87.0,16.0,0.1,491.0,16.0,0.0,796.0,92.0,46.7,271.0,17.0,,,,30,,Alisson,Becker,A.Becker,,,2250,0,0,8,30,0,0,0,1,0,56,25,63,,,,2.24,0.32,1.2,1.0,0.0,0,37,221
367,a,,,4.1,657,38.0,0,0.0,-4,4.0,0.5,247,33.0,19,0,3.8,78.0,9.0,0,70,0.0,517.0,80.0,0.0,4.6,0.0,155419,317,169103,555,0.5,0.5,0.0,0.0,0.0,7.1,0.0,0.0,0.0,1.42,140.0,321.0,25.0,0.0,620.0,75.0,0.0,592.0,62.0,13.9,399.0,25.0,,,,30,,Giorgi,Mamardashvili,Mamardashvili,,,450,0,0,1,10,0,1,0,0,0,17,5,45,,,,3.4,0.2,2.0,1.0,0.0,0,7,43
368,a,,,3.8,813,94.0,0,0.0,-2,2.0,0.9,193,24.0,0,0,0.0,540.0,38.0,0,0,0.0,409.0,29.0,0.0,0.0,0.0,155588,1418,60190,2310,0.5,0.5,0.0,0.0,0.0,0.0,0.0,0.0,0.0,0.0,0.0,529.0,38.0,0.0,514.0,19.0,0.0,483.0,6.0,0.0,531.0,38.0,,,,30,,Ármin,Pécsi,Pécsi,,,0,0,0,0,0,0,0,0,0,0,0,0,0,,,,0.0,0.0,0.0,0.0,0.0,0,0,0
369,a,,,3.9,749,74.0,0,0.0,-1,1.0,0.2,394,56.0,0,0,0.0,550.0,46.0,0,0,0.0,420.0,37.0,0.0,0.0,0.0,22464,33,17792,132,0.5,0.5,0.0,0.0,0.0,0.0,0.0,0.0,0.0,0.0,0.0,539.0,46.0,0.0,525.0,28.0,0.0,494.0,15.0,0.0,541.0,46.0,,,,30,,Freddie,Woodman,Woodman,,,0,0,0,0,0,0,0,0,0,0,0,0,0,,,,0.0,0.0,0.0,0.0,0.0,0,0,0
370,a,100.0,100.0,5.7,116,10.0,0,0.0,-3,3.0,5.1,74,24.0,51,6,3.6,116.0,39.0,1,204,4.2,64.0,25.0,0.7,8.9,0.0,635648,10646,3360872,1002,4.7,4.7,0.43,1.2,1.63,6.72,0.06,0.16,0.22,0.88,98.8,365.0,140.0,158.7,202.0,51.0,123.0,224.0,56.0,38.2,306.0,103.0,,,,30,,Jeremie,Frimpong,Frimpong,,,685,0,5,4,7,0,0,0,0,0,0,8,26,,,,0.0,0.53,0.92,1.05,2.89,8,14,39
371,a,,,5.6,133,14.0,0,0.0,-4,4.0,3.1,110,42.0,72,0,2.7,240.0,93.0,4,320,3.2,112.0,43.0,0.6,12.9,0.0,355725,1847,807563,1920,3.7,3.7,0.95,0.64,1.59,25.01,0.04,0.03,0.07,1.15,372.6,148.0,64.0,379.4,66.0,13.0,118.0,227.0,58.0,87.2,121.0,35.0,,,,30,,Milos,Kerkez,Kerkez,,,1951,1,1,6,29,0,0,0,4,0,0,24,147,,,,0.0,0.28,1.34,1.11,5.58,40,81,76
372,a,,,5.7,113,9.0,0,0.0,-3,3.0,1.0,190,72.0,36,2,2.0,339.0,124.0,4,144,0.8,309.0,109.0,0.1,6.3,0.0,59880,772,136130,286,1.3,1.3,0.32,1.02,1.33,10.01,0.04,0.12,0.16,1.2,149.0,314.0,120.0,242.2,140.0,34.0,71.0,297.0,87.0,46.4,274.0,88.0,,,,30,,Andrew,Robertson,Robertson,,,750,0,0,3,11,0,0,0,0,0,0,6,48,,,,0.0,0.36,1.32,0.72,4.56,11,27,31
373,a,,,6.2,72,3.0,0,0.0,2,-2.0,34.8,8,2.0,132,2,4.4,39.0,16.0,9,473,5.2,33.0,11.0,0.8,21.3,0.0,4455488,71097,3467118,11346,5.7,5.7,2.65,1.18,3.83,35.12,0.09,0.04,0.13,1.17,889.6,4.0,2.0,192.6,175.0,43.0,370.0,59.0,2.0,145.2,29.0,1.0,,,,30,,Virgil,van Dijk,Virgil,,,2700,3,1,9,40,0,0,0,4,0,0,30,304,,,,0.0,0.3,1.33,1.0,9.3,20,259,67
374,a,100.0,100.0,5.5,140,17.0,0,0.0,0,0.0,4.3,87,30.0,111,0,4.0,64.0,26.0,8,438,3.0,124.0,50.0,0.5,20.2,0.0,816967,6394,718276,6620,3.5,3.5,1.05,0.9,1.95,28.89,0.04,0.03,0.07,1.08,637.8,35.0,13.0,138.9,217.0,56.0,96.0,258.0,73.0,87.5,119.0,34.0,,,,30,,Ibrahima,Konaté,Konaté,,,2404,1,0,9,32,0,0,0,5,0,0,28,267,,,,0.0,0.34,1.2,1.05,9.06,45,197,93
375,i,0.0,0.0,4.9,335,55.0,0,0.0,-1,1.0,0.1,418,154.0,42,0,2.8,228.0,91.0,2,157,0.0,735.0,254.0,0.0,8.6,0.0,62691,13,72010,50,0.0,0.0,0.18,0.84,1.02,10.77,0.02,0.08,0.1,1.04,157.4,307.0,117.0,105.2,263.0,75.0,62.0,308.0,94.0,32.3,327.0,111.0,,,,30,,Conor,Bradley,Bradley,Knee injury - Expected back 01 Jun,,928,0,2,4,13,0,0,0,5,0,0,12,82,,,,0.0,0.39,1.26,1.16,6.3,19,46,43
376,a,100.0,100.0,4.9,297,46.0,0,0.0,-1,1.0,0.2,414,152.0,30,2,1.9,351.0,131.0,2,82,1.0,267.0,99.0,0.2,6.1,0.0,24336,155,29724,71,1.5,1.5,0.23,0.62,0.85,7.57,0.04,0.11,0.15,1.39,108.0,356.0,136.0,71.4,308.0,102.0,26.0,372.0,127.0,20.6,372.0,131.0,,,,30,,Joe,Gomez,Gomez,,,491,0,2,2,12,0,0,0,2,0,0,6,37,,,,0.0,0.37,2.2,1.1,6.6,5,31,16
377,u,0.0,0.0,4.8,355,58.0,0,0.0,-2,2.0,0.0,594,212.0,0,0,0.0,765.0,261.0,0,0,0.0,702.0,249.0,0.0,0.0,0.0,1669,0,12277,5,0.0,0.0,0.0,0.0,0.0,0.0,0.0,0.0,0.0,0.0,0.0,764.0,261.0,0.0,759.0,261.0,0.0,751.0,261.0,0.0,764.0,261.0,,,,30,,Konstantinos,Tsimikas,Tsimikas,has joined AS Roma on loan for the rest of the season.,,0,0,0,0,0,0,0,0,0,0,0,0,0,,,,0.0,0.0,0.0,0.0,0.0,0,0,0
378,a,100.0,100.0,3.7,822,266.0,0,0.0,-3,3.0,1.0,187,70.0,0,0,0.0,523.0,184.0,0,0,0.0,385.0,138.0,0.0,0.0,0.0,228492,293,122907,2698,0.5,0.5,0.0,0.0,0.0,0.0,0.0,0.0,0.0,0.0,0.0,512.0,183.0,0.0,496.0,182.0,0.0,463.0,175.0,0.0,514.0,183.0,,,,30,,Amara,Nallo,Nallo,,,0,0,0,0,0,0,0,0,0,0,0,0,0,,,,0.0,0.0,0.0,0.0,0.0,0,0,0
379,a,,,3.7,817,261.0,0,0.0,-3,3.0,0.6,239,90.0,0,0,0.0,521.0,182.0,0,0,0.0,382.0,135.0,0.0,0.0,0.0,97476,540,55796,1554,0.5,0.5,0.0,0.0,0.0,0.0,0.0,0.0,0.0,0.0,0.0,510.0,181.0,0.0,493.0,179.0,0.0,460.0,172.0,0.0,512.0,181.0,,,,30,,Rhys,Williams,R.Williams,,,0,0,0,0,0,0,0,0,0,0,0,0,0,,,,0.0,0.0,0.0,0.0,0.0,0,0,0
380,a,,,3.8,800,245.0,0,0.0,-2,2.0,0.2,357,131.0,0,0,0.0,531.0,190.0,0,0,0.0,397.0,148.0,0.0,0.0,0.0,27885,38,32108,132,0.5,0.5,0.0,0.0,0.0,0.0,0.0,0.0,0.0,0.0,0.0,520.0,189.0,0.0,504.0,188.0,0.0,472.0,182.0,0.0,522.0,189.0,,,,30,,Calvin,Ramsay,Ramsay,,,0,0,0,0,0,0,0,0,0,0,0,0,0,,,,0.0,0.0,0.0,0.0,0.0,0,0,0
381,a,100.0,100.0,14.0,2,1.0,0,0.0,-5,5.0,14.7,22,9.0,97,1,4.4,42.0,19.0,7,306,3.8,87.0,40.0,0.3,6.9,0.0,1426727,6212,5921868,4788,4.3,4.3,6.94,4.48,11.42,26.59,0.34,0.22,0.56,1.32,397.2,131.0,43.0,643.7,15.0,15.0,658.0,17.0,6.0,169.9,17.0,13.0,2.0,4.0,1.0,30,,Mohamed,Salah,M.Salah,,,1818,5,6,6,32,0,0,0,1,0,0,19,87,,,,0.0,0.3,1.58,0.94,4.31,10,10,67
382,a,100.0,100.0,8.3,14,9.0,0,0.0,-2,2.0,9.4,34,13.0,103,3,4.0,69.0,31.0,16,426,0.8,315.0,141.0,0.1,12.4,0.0,2206914,9202,4761631,6673,1.3,1.3,5.64,4.31,9.94,24.37,0.27,0.2,0.47,1.15,418.6,115.0,38.0,730.7,9.0,9.0,554.0,25.0,12.0,170.3,16.0,12.0,4.0,5.0,,30,,Florian,Wirtz,Wirtz,,,1913,4,3,9,23,0,0,0,1,0,0,22,136,,,,0.0,0.42,1.08,1.04,6.4,29,19,88
383,u,0.0,0.0,8.0,16,11.0,0,0.0,0,0.0,0.0,607,232.0,0,0,0.0,821.0,369.0,0,0,0.0,819.0,369.0,0.0,0.0,0.0,0,0,7351,3,0.0,0.0,0.0,0.0,0.0,0.0,0.0,0.0,0.0,0.0,0.0,821.0,369.0,0.0,821.0,369.0,0.0,821.0,369.0,0.0,821.0,369.0,,,,30,,Luis,Díaz Marulanda,Luis Díaz,Has joined Bayern Munch permanently.,,0,0,0,0,0,0,0,0,0,0,0,0,0,,,,0.0,0.0,0.0,0.0,0.0,0,0,0
384,a,100.0,100.0,7.3,29,18.0,0,0.0,-2,2.0,5.9,63,21.0,104,3,3.7,107.0,50.0,5,374,3.8,85.0,38.0,0.5,14.2,0.0,3442216,3241,3778868,4586,4.3,4.3,6.49,4.24,10.73,22.53,0.28,0.19,0.47,0.99,429.2,111.0,36.0,586.9,20.0,20.0,654.0,18.0,7.0,166.9,19.0,15.0,3.0,,3.0,30,,Cody,Gakpo,Gakpo,,,2054,6,3,9,27,0,0,0,2,0,0,24,124,,,,0.0,0.39,1.18,1.05,5.43,23,30,71
385,a,100.0,75.0,6.3,66,44.0,0,0.0,-2,2.0,0.3,333,111.0,34,1,1.5,413.0,181.0,0,126,0.8,312.0,139.0,0.1,5.4,0.0,56581,28,69405,123,1.3,1.0,1.29,0.61,1.9,5.2,0.44,0.21,0.65,1.77,119.8,344.0,155.0,46.9,355.0,187.0,140.0,205.0,115.0,30.6,341.0,167.0,,,,30,,Federico,Chiesa,Chiesa,,,264,2,1,0,7,0,0,0,2,0,0,1,28,,,,0.0,0.0,2.39,0.34,9.55,8,13,7
386,a,100.0,100.0,6.3,68,46.0,0,0.0,-2,2.0,2.5,123,40.0,84,8,2.9,217.0,89.0,6,388,8.0,2.0,2.0,1.3,13.3,0.0,339993,15217,297907,2788,8.5,8.5,3.14,1.31,4.45,25.84,0.14,0.06,0.2,1.11,381.4,142.0,48.0,409.8,55.0,45.0,277.0,91.0,58.0,106.9,81.0,51.0,,,4.0,30,,Alexis,Mac Allister,Mac Allister,,,2086,2,3,7,29,0,0,0,4,0,0,25,185,,,,0.0,0.3,1.25,1.08,7.98,43,53,89
387,a,100.0,100.0,7.0,37,22.0,1,-1.0,5,-5.0,13.0,28,10.0,120,11,4.3,48.0,22.0,17,597,5.8,17.0,9.0,0.8,17.1,0.0,2718048,72738,1511902,4954,6.3,6.3,3.72,5.0,8.72,33.12,0.13,0.18,0.31,1.19,664.0,30.0,8.0,968.6,2.0,2.0,307.0,81.0,49.0,193.9,8.0,6.0,1.0,2.0,2.0,30,,Dominik,Szoboszlai,Szoboszlai,,,2512,5,3,8,39,0,0,1,6,1,0,28,267,,,,0.0,0.29,1.4,1.0,9.57,43,73,151
388,a,100.0,100.0,5.4,165,103.0,0,0.0,-1,1.0,0.1,460,155.0,48,1,1.8,383.0,164.0,1,278,1.2,251.0,108.0,0.2,8.9,0.0,29353,76,34597,126,1.7,1.7,1.42,2.3,3.72,19.77,0.1,0.16,0.26,1.41,229.4,248.0,105.0,328.1,86.0,65.0,160.0,183.0,100.0,71.7,171.0,87.0,,,,30,,Curtis,Jones,C.Jones,,,1260,0,2,3,24,0,0,0,1,0,0,11,137,,,,0.0,0.21,1.71,0.79,9.79,25,23,89
390,a,100.0,100.0,5.5,147,92.0,0,0.0,0,0.0,5.0,78,26.0,121,2,4.3,45.0,20.0,13,557,2.5,163.0,65.0,0.5,22.0,0.0,2054667,3226,1539753,9658,3.0,3.0,1.63,2.0,3.63,29.49,0.06,0.07,0.13,1.09,574.8,48.0,12.0,418.6,50.0,41.0,173.0,170.0,92.0,116.3,64.0,41.0,,,,30,,Ryan,Gravenberch,Gravenberch,,,2428,4,5,9,32,0,0,0,5,0,0,28,254,,,,0.0,0.33,1.19,1.04,9.42,48,94,112
392,i,0.0,0.0,4.9,294,183.0,0,0.0,-1,1.0,0.1,510,183.0,12,0,1.5,408.0,178.0,0,49,0.0,715.0,296.0,0.0,2.4,0.0,7368,4,15282,33,0.0,0.0,0.04,0.05,0.09,4.11,0.02,0.03,0.05,2.18,56.0,408.0,179.0,18.1,400.0,199.0,6.0,429.0,207.0,8.0,430.0,194.0,,,,30,,Endo,Wataru,Endo,Foot injury - Unknown return date,,170,0,1,1,5,0,0,0,1,0,0,1,23,,,,0.0,0.53,2.65,0.53,12.18,7,13,3
393,i,0.0,0.0,4.2,645,369.0,0,0.0,-3,3.0,0.1,529,192.0,0,0,0.0,642.0,243.0,0,0,0.0,530.0,174.0,0.0,0.0,0.0,12979,573,10990,362,0.0,0.0,0.0,0.0,0.0,0.0,0.0,0.0,0.0,0.0,0.0,633.0,233.0,0.0,627.0,238.0,0.0,601.0,225.0,0.0,635.0,235.0,,,,30,,Stefan,Bajčetić Maquieira,Bajcetic,Hamstring injury - Unknown return date,,0,0,0,0,0,0,0,0,0,0,0,0,0,,,,0.0,0.0,0.0,0.0,0.0,0,0,0
394,u,0.0,0.0,4.4,548,327.0,0,0.0,-1,1.0,0.0,681,275.0,0,0,0.0,673.0,260.0,0,0,0.0,582.0,199.0,0.0,0.0,0.0,1737,0,4102,2,0.0,0.0,0.0,0.0,0.0,0.0,0.0,0.0,0.0,0.0,0.0,664.0,251.0,0.0,661.0,256.0,0.0,639.0,245.0,0.0,666.0,253.0,,,,30,,James,McConnell,McConnell,has joined Ajax on loan for the rest of the season.,,0,0,0,0,0,0,0,0,0,0,0,0,0,,,,0.0,0.0,0.0,0.0,0.0,0,0,0
396,a,,,4.3,616,361.0,0,0.0,-2,2.0,0.3,313,106.0,4,1,1.0,469.0,205.0,0,6,0.5,322.0,142.0,0.1,0.9,0.0,98231,55,84063,217,1.0,1.0,0.37,0.01,0.38,0.41,2.56,0.07,2.63,2.84,2.4,489.0,225.0,12.6,415.0,205.0,4.0,434.0,211.0,1.8,471.0,213.0,,,,30,,Trey,Nyoni,Nyoni,,,13,0,0,0,1,0,0,0,0,0,0,0,2,,,,0.0,0.0,6.92,0.0,13.85,0,0,2
397,u,0.0,0.0,6.5,51,18.0,0,0.0,0,0.0,0.1,554,77.0,0,0,0.0,817.0,91.0,0,0,0.0,812.0,89.0,0.0,0.0,0.0,0,0,15965,3,0.0,0.0,0.0,0.0,0.0,0.0,0.0,0.0,0.0,0.0,0.0,817.0,91.0,0.0,817.0,91.0,0.0,817.0,91.0,0.0,817.0,91.0,,,,30,,Darwin,Núñez Ribeiro,Darwin,Has joined Al-Hilal permanently.,,0,0,0,0,0,0,0,0,0,0,0,0,0,,,,0.0,0.0,0.0,0.0,0.0,0,0,0
398,i,0.0,0.0,4.3,604,85.0,0,0.0,-2,2.0,0.1,475,68.0,0,0,0.0,653.0,66.0,0,0,0.0,552.0,54.0,0.0,0.0,0.0,9168,27,19836,31,0.0,0.0,0.0,0.0,0.0,0.0,0.0,0.0,0.0,0.0,0.0,643.0,66.0,0.0,638.0,65.0,0.0,615.0,65.0,0.0,645.0,66.0,,,,30,,Jayden,Danns,Danns,Hamstring injury - Unknown return date,,0,0,0,0,0,0,0,0,0,0,0,0,0,,,,0.0,0.0,0.0,0.0,0.0,0,0,0
499,i,0.0,0.0,10.3,4,2.0,0,0.0,-2,2.0,3.5,99,17.0,29,0,2.9,219.0,22.0,2,96,0.0,821.0,92.0,0.0,2.8,0.0,1797473,63,2417124,503,0.0,0.0,2.04,0.07,2.11,5.1,0.37,0.01,0.38,0.92,97.6,368.0,37.0,36.5,370.0,48.0,143.0,199.0,41.0,26.9,352.0,41.0,,,,30,,Alexander,Isak,Isak,Ankle injury - Expected back 11 Apr,,501,2,1,1,7,0,0,0,0,0,0,6,23,,,,0.0,0.18,1.26,1.08,4.13,6,6,11
661,a,100.0,100.0,9.2,7,3.0,0,0.0,7,-7.0,35.8,7,4.0,124,1,4.6,30.0,5.0,22,430,5.0,43.0,6.0,0.5,13.5,0.0,8974107,66035,6824882,33785,5.5,5.5,10.1,2.45,12.55,26.11,0.51,0.12,0.63,1.31,525.8,65.0,5.0,306.9,96.0,4.0,739.0,8.0,6.0,156.2,23.0,5.0,,,,30,,Hugo,Ekitiké,Ekitiké,,,1790,11,4,7,25,0,0,0,0,0,0,20,85,,,,0.0,0.35,1.26,1.01,4.27,11,32,42
686,a,,,4.3,621,365.0,0,0.0,-2,2.0,0.8,206,70.0,19,3,1.6,396.0,169.0,0,102,1.5,223.0,92.0,0.3,4.4,0.0,266061,1867,188340,1504,2.0,2.0,0.82,1.28,2.1,4.27,0.39,0.6,0.99,2.01,87.2,374.0,165.0,116.2,243.0,153.0,107.0,242.0,133.0,31.2,333.0,163.0,,,,30,,Rio,Ngumoha,Ngumoha,,,191,1,0,1,5,0,0,0,0,0,0,1,10,,,,0.0,0.47,2.36,0.47,4.71,2,2,6
260,a,100.0,100.0,5.2,207,28.0,0,0.0,7,-7.0,34.0,9,3.0,135,2,4.8,19.0,4.0,9,516,2.8,138.0,56.0,0.5,26.0,0.0,6111538,4656,3299228,148842,0.0,3.3,3.48,2.1,5.58,35.53,0.12,0.08,0.2,1.27,689.8,18.0,6.0,223.3,155.0,40.0,342.0,69.0,6.0,125.6,47.0,5.0,,,,30,,Marc,Guéhi,Guéhi,,,2520,2,4,10,30,0,0,0,5,0,0,28,261,,,,0.0,0.36,1.07,1.0,8.07,37,189,118
399,u,0.0,0.0,5.3,183,5.0,0,0.0,-2,2.0,0.8,209,27.0,0,0,0.0,799.0,94.0,0,0,0.0,771.0,94.0,0.0,0.0,0.0,15200,0,273339,68,0.0,0.0,0.0,0.0,0.0,0.0,0.0,0.0,0.0,0.0,0.0,798.0,94.0,0.0,797.0,93.0,0.0,794.0,91.0,0.0,798.0,94.0,,,,30,,Ederson,Santana de Moraes,Ederson M.,has joined Fenerbache permanently.,,0,0,0,0,0,0,0,0,0,0,0,0,0,,,,0.0,0.0,0.0,0.0,0.0,0,0,0
401,a,100.0,100.0,3.8,788,93.0,0,0.0,-2,2.0,0.5,258,34.0,0,0,0.0,526.0,37.0,0,0,0.0,388.0,28.0,0.0,0.0,0.0,65305,1500,39481,1150,0.0,0.5,0.0,0.0,0.0,0.0,0.0,0.0,0.0,0.0,0.0,515.0,37.0,0.0,499.0,18.0,0.0,466.0,5.0,0.0,517.0,37.0,,,,30,,Marcus,Bettinelli,Bettinelli,,,0,0,0,0,0,0,0,0,0,0,0,0,0,,,,0.0,0.0,0.0,0.0,0.0,0,0,0
402,a,100.0,100.0,5.7,117,11.0,0,0.0,-3,3.0,4.4,86,29.0,44,1,3.4,141.0,53.0,7,183,4.5,56.0,21.0,0.8,7.7,0.0,632520,1525,2416342,9026,0.0,5.0,0.41,1.6,2.01,9.8,0.05,0.19,0.24,1.13,170.2,295.0,115.0,143.6,213.0,54.0,57.0,319.0,102.0,37.0,308.0,104.0,,,,30,,Rayan,Aït-Nouri,Aït-Nouri,,,778,0,2,3,8,0,0,0,2,0,0,10,67,,,,0.0,0.35,0.93,1.16,6.83,28,31,40
403,i,0.0,0.0,5.9,102,7.0,0,0.0,-1,1.0,3.3,103,37.0,77,0,4.8,21.0,5.0,5,291,0.0,802.0,265.0,0.0,13.1,0.0,1374389,38,2188475,1281,0.0,0.0,2.19,0.64,2.83,15.29,0.15,0.04,0.19,1.06,354.6,159.0,68.0,104.7,264.0,76.0,193.0,144.0,27.0,65.3,202.0,69.0,,,,30,,Joško,Gvardiol,Gvardiol,Leg injury - Unknown return date,,1301,2,2,6,13,0,0,0,2,0,0,15,115,,,,0.0,0.42,0.9,1.04,6.85,17,82,48
404,u,0.0,0.0,5.4,166,19.0,0,0.0,-1,1.0,0.3,345,128.0,0,0,0.0,802.0,265.0,0,0,0.0,780.0,263.0,0.0,0.0,0.0,9281,0,85556,20,0.0,0.0,0.0,0.0,0.0,0.0,0.0,0.0,0.0,0.0,0.0,801.0,265.0,0.0,800.0,265.0,0.0,798.0,265.0,0.0,801.0,265.0,,,,30,,Manuel,Akanji,Akanji,has joined Inter Milan on loan for the rest of the season.,,0,0,0,0,0,0,0,0,0,0,0,0,0,,,,0.0,0.0,0.0,0.0,0.0,0,0,0
405,a,,,5.2,204,27.0,0,0.0,-3,3.0,0.6,234,89.0,27,0,1.9,355.0,133.0,1,114,0.2,370.0,133.0,0.0,5.2,0.0,45288,89,87011,371,0.0,0.7,0.28,0.44,0.72,7.92,0.05,0.08,0.13,1.46,102.0,359.0,138.0,93.1,279.0,85.0,25.0,373.0,128.0,22.1,367.0,128.0,,,,30,,Nathan,Aké,Aké,,,487,0,0,2,7,0,0,0,1,0,0,4,41,,,,0.0,0.37,1.29,0.74,7.02,9,29,12
407,a,100.0,100.0,5.4,171,21.0,0,0.0,-1,1.0,3.1,109,41.0,128,2,4.7,24.0,7.0,16,541,3.2,109.0,42.0,0.6,23.7,0.0,952958,1135,618304,23597,0.0,3.7,0.34,1.83,2.17,26.11,0.01,0.07,0.08,1.04,559.0,54.0,25.0,419.2,49.0,7.0,113.0,229.0,59.0,109.4,77.0,16.0,,,4.0,30,,Matheus,Nunes,Matheus N.,,,2264,1,7,9,23,0,0,0,4,0,0,25,198,,,,0.0,0.36,0.91,0.99,6.36,48,112,131
408,a,100.0,100.0,5.5,137,15.0,0,0.0,0,0.0,3.4,101,36.0,112,0,4.5,33.0,13.0,4,447,2.5,162.0,65.0,0.5,20.4,0.0,950349,889,1062498,4483,0.0,3.0,0.57,0.63,1.2,24.3,0.03,0.03,0.06,1.07,549.2,56.0,26.0,139.5,216.0,55.0,96.0,257.0,72.0,78.6,144.0,47.0,,,,30,,Rúben,dos Santos Gato Alves Dias,Rúben,,,2049,2,0,12,20,0,0,0,3,0,0,23,188,,,,0.0,0.53,0.88,1.01,7.2,13,151,71
409,a,100.0,100.0,5.4,156,18.0,0,0.0,-1,1.0,0.6,244,92.0,12,0,1.7,391.0,145.0,0,45,0.0,775.0,262.0,0.0,2.2,0.0,51575,85,110219,146,0.0,0.5,0.0,0.06,0.06,5.05,0.0,0.02,0.02,1.29,76.6,391.0,148.0,19.6,397.0,145.0,2.0,457.0,170.0,9.8,420.0,150.0,,,,30,,John,Stones,Stones,,,351,0,0,1,8,0,0,0,0,0,0,4,34,,,,0.0,0.26,2.05,1.03,4.87,0,19,17
410,a,100.0,25.0,4.6,400,69.0,0,0.0,-4,4.0,1.2,179,67.0,19,0,1.9,348.0,130.0,2,75,0.0,692.0,247.0,0.0,4.1,0.0,369837,13,464308,882,0.0,0.1,0.11,1.31,1.42,5.04,0.03,0.38,0.41,1.46,67.4,395.0,150.0,97.3,270.0,80.0,43.0,338.0,110.0,20.7,371.0,130.0,,,,30,,Rico,Lewis,Lewis,,,311,0,1,1,5,0,0,0,1,0,0,3,23,,,,0.0,0.29,1.45,0.87,5.5,5,14,10
411,a,100.0,100.0,5.1,236,35.0,0,0.0,1,-1.0,8.8,36,12.0,125,2,4.5,32.0,12.0,6,442,6.2,8.0,4.0,1.2,24.5,0.0,2780858,9230,1614996,51143,0.0,6.7,3.98,1.72,5.7,27.49,0.17,0.07,0.24,1.16,523.0,68.0,31.0,338.2,80.0,18.0,390.0,52.0,1.0,125.2,49.0,6.0,,,,30,,Nico,O'Reilly,O'Reilly,,,2130,4,3,11,20,0,0,0,4,0,0,23,163,,,,0.0,0.46,0.85,0.97,5.96,60,81,82
412,u,0.0,0.0,5.0,283,43.0,0,0.0,0,0.0,0.0,783,262.0,0,0,0.0,798.0,264.0,0,0,0.0,758.0,258.0,0.0,0.0,0.0,0,0,853,1,0.0,0.0,0.0,0.0,0.0,0.0,0.0,0.0,0.0,0.0,0.0,797.0,264.0,0.0,795.0,264.0,0.0,791.0,264.0,0.0,797.0,264.0,,,,30,,Vitor,de Oliveira Nunes dos Reis,Vitor Reis,Has joined Girona on loan for the rest of the season.,,0,0,0,0,0,0,0,0,0,0,0,0,0,,,,0.0,0.0,0.0,0.0,0.0,0,0,0
413,a,100.0,100.0,8.3,13,8.0,0,0.0,-2,2.0,2.6,121,39.0,40,3,2.4,293.0,130.0,4,122,2.5,170.0,70.0,0.3,4.8,0.0,281613,1112,1279631,3713,0.0,3.0,2.22,0.68,2.9,6.58,0.35,0.11,0.46,1.05,132.2,331.0,150.0,146.4,210.0,136.0,229.0,116.0,70.0,50.4,260.0,133.0,,4.0,2.0,30,,Omar,Marmoush,Marmoush,,,566,1,3,3,5,0,0,0,2,0,0,7,32,,,,0.0,0.48,0.8,1.11,5.09,12,6,14
414,a,100.0,100.0,8.0,15,10.0,-1,1.0,0,0.0,8.2,43,15.0,112,1,4.3,49.0,23.0,10,488,1.0,281.0,125.0,0.1,14.0,0.0,6171024,476,5516330,14453,0.0,1.5,5.34,3.98,9.32,21.81,0.27,0.2,0.47,1.09,504.2,76.0,22.0,772.4,7.0,7.0,439.0,39.0,22.0,171.4,15.0,11.0,2.0,3.0,,30,,Phil,Foden,Foden,,,1808,7,3,10,16,0,0,0,4,0,0,21,134,,,,0.0,0.5,0.8,1.05,6.67,28,23,83
415,a,100.0,100.0,6.9,40,24.0,0,0.0,-1,1.0,0.4,280,98.0,27,0,1.6,403.0,176.0,0,90,0.2,378.0,173.0,0.0,3.9,0.0,34772,107,114136,168,0.0,0.7,1.77,1.19,2.96,6.6,0.28,0.19,0.47,1.06,81.2,385.0,173.0,138.9,218.0,141.0,232.0,114.0,69.0,45.2,277.0,139.0,,,,30,,Sávio,Moreira de Oliveira,Savinho,,,561,0,2,2,5,0,0,0,2,0,0,5,46,,,,0.0,0.32,0.8,0.8,7.38,6,9,31
416,a,100.0,100.0,6.2,74,48.0,0,0.0,-3,3.0,0.6,243,84.0,81,9,2.7,245.0,101.0,4,415,3.8,84.0,37.0,0.6,13.1,0.0,96608,1315,135893,1102,0.0,4.3,1.63,3.37,4.99,28.1,0.07,0.14,0.21,1.13,406.2,126.0,41.0,613.4,17.0,17.0,226.0,118.0,72.0,124.7,50.0,34.0,1.0,,,30,,Bernardo,Mota Veiga de Carvalho e Silva,Bernardo,,,2242,2,4,9,24,0,0,0,9,0,0,26,192,,,,0.0,0.36,0.96,1.04,7.71,32,49,111
417,a,100.0,100.0,6.3,70,47.0,-1,1.0,-2,2.0,7.1,55,20.0,100,1,4.0,68.0,30.0,12,440,2.5,169.0,69.0,0.4,15.9,0.0,2738647,2366,2835151,32601,0.0,3.0,2.55,6.88,9.43,16.99,0.18,0.48,0.66,1.18,441.6,105.0,35.0,709.0,11.0,11.0,380.0,57.0,34.0,153.3,26.0,21.0,3.0,2.0,,30,,Rayan,Cherki,Cherki,,,1297,3,9,6,13,0,0,0,1,0,0,14,117,,,,0.0,0.42,0.9,0.97,8.12,24,15,78
418,a,100.0,100.0,6.4,57,36.0,0,0.0,-1,1.0,2.3,130,43.0,74,1,3.4,143.0,63.0,9,319,0.5,341.0,156.0,0.1,11.6,0.0,2127409,923,2089728,1299,0.0,1.0,1.88,4.57,6.45,15.76,0.14,0.34,0.48,1.16,311.4,188.0,77.0,598.3,18.0,18.0,384.0,56.0,33.0,129.2,42.0,30.0,,,3.0,30,,Jérémy,Doku,Doku,,,1222,1,7,5,13,0,0,0,0,0,0,13,83,,,,0.0,0.37,0.96,0.96,6.11,16,10,57
420,u,0.0,0.0,6.3,62,41.0,0,0.0,-2,2.0,0.1,556,202.0,0,0,0.0,814.0,365.0,0,0,0.0,805.0,360.0,0.0,0.0,0.0,1928,0,19873,4,0.0,0.0,0.0,0.0,0.0,0.0,0.0,0.0,0.0,0.0,0.0,814.0,365.0,0.0,814.0,365.0,0.0,814.0,365.0,0.0,814.0,365.0,,,,30,,İlkay,Gündoğan,Gündoğan,has joined Galatasaray permanently.,,0,0,0,0,0,0,0,0,0,0,0,0,0,,,,0.0,0.0,0.0,0.0,0.0,0,0,0
421,a,100.0,100.0,6.3,65,43.0,0,0.0,-2,2.0,0.5,259,89.0,57,4,3.2,171.0,73.0,5,294,5.5,23.0,12.0,0.9,9.0,0.0,66777,549,102964,1006,0.0,6.0,0.75,2.14,2.89,16.11,0.05,0.15,0.2,1.17,309.6,189.0,78.0,372.5,67.0,52.0,96.0,259.0,140.0,77.9,147.0,79.0,,,,30,,Rodrigo 'Rodri',Hernandez Cascante,Rodrigo,,,1243,1,0,4,13,0,0,0,2,0,0,14,175,,,,0.0,0.29,0.94,1.01,12.67,36,48,91
422,a,100.0,25.0,5.8,104,67.0,0,0.0,-2,2.0,0.0,684,277.0,1,0,1.0,505.0,236.0,0,3,0.0,795.0,352.0,0.0,0.2,0.0,2464,20,3405,8,0.0,0.1,0.0,0.0,0.0,0.0,0.0,0.0,0.0,0.0,2.6,488.0,224.0,0.8,472.0,228.0,0.0,809.0,361.0,0.3,502.0,231.0,,,,30,,Mateo,Kovačić,Kovačić,,,4,0,0,0,0,0,0,0,0,0,0,0,0,,,,0.0,0.0,0.0,0.0,0.0,0,0,0
423,a,100.0,100.0,5.9,99,64.0,0,0.0,-1,1.0,0.1,473,163.0,55,0,2.6,262.0,111.0,1,289,0.0,800.0,357.0,0.0,9.3,0.0,28043,41,31286,85,0.0,0.5,0.56,1.0,1.56,16.77,0.04,0.07,0.11,1.1,278.6,209.0,88.0,185.6,180.0,121.0,64.0,301.0,162.0,52.8,250.0,127.0,,,,30,,Nico,González Iglesias,N.Gonzalez,,,1370,1,0,7,14,0,0,0,6,0,0,15,182,,,,0.0,0.46,0.92,0.99,11.96,36,67,79
425,u,0.0,0.0,5.4,181,113.0,0,0.0,-1,1.0,0.0,744,315.0,0,0,0.0,808.0,360.0,0,0,0.0,788.0,347.0,0.0,0.0,0.0,194,0,3233,0,0.0,0.0,0.0,0.0,0.0,0.0,0.0,0.0,0.0,0.0,0.0,807.0,359.0,0.0,806.0,359.0,0.0,804.0,358.0,0.0,807.0,359.0,,,,30,,Claudio,Echeverri,Echeverri,has joined Girona on loan for the rest of the season.,,0,0,0,0,0,0,0,0,0,0,0,0,0,,,,0.0,0.0,0.0,0.0,0.0,0,0,0
427,a,,,5.0,260,158.0,0,0.0,-5,5.0,9.4,32,11.0,86,1,3.3,157.0,65.0,6,325,0.5,331.0,149.0,0.1,17.2,0.0,3554695,507,4967144,6947,0.0,1.0,3.96,2.27,6.23,17.28,0.24,0.14,0.38,1.05,339.4,171.0,65.0,340.0,79.0,60.0,394.0,51.0,32.0,106.5,82.0,52.0,4.0,,,30,,Tijjani,Reijnders,Reijnders,,,1488,5,2,7,16,0,0,0,2,0,0,17,95,,,,0.0,0.42,0.97,1.03,5.75,10,31,54
429,u,0.0,0.0,4.7,376,235.0,0,0.0,-3,3.0,0.1,558,204.0,0,0,0.0,761.0,327.0,0,0,0.0,694.0,283.0,0.0,0.0,0.0,4052,0,8460,13,0.0,0.0,0.0,0.0,0.0,0.0,0.0,0.0,0.0,0.0,0.0,760.0,326.0,0.0,755.0,326.0,0.0,744.0,323.0,0.0,760.0,326.0,,,,30,,Kalvin,Phillips,Phillips,has joined Sheffield United on loan for the rest of the season.,,0,0,0,0,0,0,0,0,0,0,0,0,0,,,,0.0,0.0,0.0,0.0,0.0,0,0,0
430,a,100.0,100.0,14.5,1,1.0,-1,1.0,5,-5.0,55.9,1,1.0,197,2,6.8,3.0,1.0,35,786,2.5,171.0,21.0,0.2,13.6,0.0,6903946,3564,3245831,217583,0.0,3.0,21.06,1.94,23.0,30.23,0.79,0.07,0.86,1.13,977.0,1.0,1.0,264.7,123.0,7.0,1217.0,1.0,1.0,246.0,2.0,1.0,,,1.0,30,,Erling,Haaland,Haaland,,,2413,22,7,10,27,0,0,1,1,0,0,28,85,,,,0.0,0.37,1.01,1.04,3.17,13,41,31
736,a,,,5.6,125,3.0,0,0.0,1,-1.0,9.3,35,6.0,104,2,3.9,75.0,8.0,3,448,3.2,111.0,11.0,0.6,18.6,0.0,2130492,3169,1306815,24317,0.0,3.7,0.0,0.0,0.0,29.45,0.0,0.0,0.0,1.09,544.4,57.0,13.0,0.0,810.0,94.0,0.0,808.0,93.0,54.6,238.0,13.0,,,,30,,Gianluigi,Donnarumma,Donnarumma,,,2430,0,0,11,24,0,1,0,6,0,64,27,55,,,,2.37,0.41,0.89,1.0,0.0,0,35,184
739,u,0.0,0.0,4.4,568,341.0,0,0.0,-1,1.0,0.0,689,280.0,2,0,1.0,474.0,210.0,0,5,0.0,600.0,212.0,0.0,0.5,0.0,3500,0,3270,8,0.0,0.0,0.0,0.21,0.21,0.34,0.0,0.76,0.76,1.22,4.2,478.0,217.0,28.3,381.0,192.0,4.0,435.0,212.0,3.7,457.0,206.0,,,,30,,Divine,Mukasa,Mukasa,has joined Leicester City on loan for the rest of the season.,,25,0,0,0,0,0,0,0,0,0,0,0,1,,,,0.0,0.0,0.0,0.0,3.6,0,0,1
740,u,0.0,0.0,3.9,779,227.0,0,0.0,-1,1.0,0.0,620,219.0,0,0,0.0,572.0,207.0,0,0,0.0,444.0,171.0,0.0,0.0,0.0,3208,0,3900,9,0.0,0.0,0.0,0.0,0.0,0.0,0.0,0.0,0.0,0.0,0.0,561.0,206.0,0.0,548.0,206.0,0.0,517.0,201.0,0.0,563.0,206.0,,,,30,,Stephen,Mfuni,Mfuni,has joined Watford on loan for the rest of the season.,,0,0,0,0,0,0,0,0,0,0,0,0,0,,,,0.0,0.0,0.0,0.0,0.0,0,0,0
763,a,,,4.5,454,274.0,0,0.0,0,0.0,0.0,784,341.0,0,0,0.0,716.0,291.0,0,0,0.0,638.0,238.0,0.0,0.0,0.0,449,7,325,11,0.0,0.5,0.0,0.0,0.0,0.0,0.0,0.0,0.0,0.0,0.0,711.0,286.0,0.0,707.0,288.0,0.0,691.0,281.0,0.0,712.0,287.0,,,,30,,Charlie,Gray,Gray,,,0,0,0,0,0,0,0,0,0,0,0,0,0,,,,0.0,0.0,0.0,0.0,0.0,0,0,0
764,a,,,4.5,483,297.0,0,0.0,0,0.0,0.0,797,351.0,0,0,0.0,735.0,306.0,0,0,0.0,663.0,259.0,0.0,0.0,0.0,242,9,182,9,0.0,0.5,0.0,0.0,0.0,0.0,0.0,0.0,0.0,0.0,0.0,733.0,304.0,0.0,727.0,304.0,0.0,714.0,300.0,0.0,733.0,304.0,,,,30,,Reigan,Heskey,Heskey,,,0,0,0,0,0,0,0,0,0,0,0,0,0,,,,0.0,0.0,0.0,0.0,0.0,0,0,0
794,a,100.0,100.0,3.9,771,224.0,-1,1.0,-6,6.0,0.0,751,257.0,5,0,2.5,265.0,100.0,0,27,0.0,437.0,168.0,0.0,1.3,0.0,5187,10,4674,30,0.0,0.5,0.26,0.06,0.32,1.54,0.17,0.04,0.21,1.03,34.0,430.0,159.0,14.8,406.0,148.0,26.0,371.0,126.0,7.5,434.0,156.0,,,,30,,Max,Alleyne,Alleyne,,,135,0,0,0,1,0,0,0,0,0,0,2,11,,,,0.0,0.0,0.67,1.33,7.33,3,8,4
119,a,100.0,100.0,8.6,9,5.0,-1,1.0,6,-6.0,22.9,16,6.0,120,2,4.8,22.0,12.0,15,437,2.8,146.0,57.0,0.3,14.0,0.0,7132137,26059,6065448,46712,3.3,3.3,7.95,4.26,12.21,28.83,0.34,0.18,0.52,1.22,531.6,64.0,19.0,679.3,13.0,13.0,734.0,9.0,3.0,194.5,7.0,5.0,2.0,2.0,,30,,Bryan,Mbeumo,Mbeumo,,,2121,9,3,5,32,0,0,0,4,0,0,25,112,,,,0.0,0.21,1.36,1.06,4.75,21,16,75
431,a,,,4.7,388,18.0,0,0.0,-3,3.0,0.3,310,42.0,11,0,1.8,376.0,33.0,0,49,0.0,697.0,92.0,0.0,2.3,0.0,37340,108,62895,150,0.5,0.5,0.0,0.05,0.05,9.24,0.0,0.01,0.01,1.54,118.4,345.0,26.0,10.0,429.0,11.0,0.0,747.0,82.0,12.8,405.0,26.0,,,,30,,Altay,Bayındır,Bayindir,,,540,0,0,0,11,0,0,0,0,0,13,6,46,,,,2.17,0.0,1.83,1.0,0.0,0,7,39
432,u,0.0,0.0,4.9,302,11.0,0,0.0,-1,1.0,0.1,427,63.0,0,0,0.0,771.0,93.0,0,0,0.0,719.0,93.0,0.0,0.0,0.0,5156,0,26558,11,0.0,0.0,0.0,0.0,0.0,0.0,0.0,0.0,0.0,0.0,0.0,770.0,93.0,0.0,766.0,90.0,0.0,762.0,88.0,0.0,770.0,93.0,,,,30,,André,Onana,Onana,has joined Trabzonspor on loan for the rest of the season.,,0,0,0,0,0,0,0,0,0,0,0,0,0,,,,0.0,0.0,0.0,0.0,0.0,0,0,0
433,u,0.0,0.0,4.0,722,65.0,0,0.0,0,0.0,0.0,810,94.0,0,0,0.0,623.0,84.0,0,0,0.0,499.0,77.0,0.0,0.0,0.0,0,0,252,1,0.0,0.0,0.0,0.0,0.0,0.0,0.0,0.0,0.0,0.0,0.0,613.0,84.0,0.0,605.0,72.0,0.0,576.0,59.0,0.0,615.0,84.0,,,,30,,Elyh,Harrison,Harrison,On loan to Shrewsbury Town,,0,0,0,0,0,0,0,0,0,0,0,0,0,,,,0.0,0.0,0.0,0.0,0.0,0,0,0
434,a,,,3.8,785,92.0,-1,1.0,-2,2.0,0.3,340,46.0,0,0,0.0,524.0,36.0,0,0,0.0,386.0,27.0,0.0,0.0,0.0,16142,388,25175,241,0.5,0.5,0.0,0.0,0.0,0.0,0.0,0.0,0.0,0.0,0.0,513.0,36.0,0.0,497.0,17.0,0.0,464.0,4.0,0.0,515.0,36.0,,,,30,,Tom,Heaton,Heaton,,,0,0,0,0,0,0,0,0,0,0,0,0,0,,,,0.0,0.0,0.0,0.0,0.0,0,0,0
435,a,,,3.9,762,80.0,0,0.0,-1,1.0,0.1,488,73.0,0,0,0.0,558.0,52.0,0,0,0.0,429.0,43.0,0.0,0.0,0.0,5499,5,8820,65,0.5,0.5,0.0,0.0,0.0,0.0,0.0,0.0,0.0,0.0,0.0,547.0,52.0,0.0,533.0,34.0,0.0,502.0,21.0,0.0,549.0,52.0,,,,30,,Dermot,Mee,Mee,,,0,0,0,0,0,0,0,0,0,0,0,0,0,,,,0.0,0.0,0.0,0.0,0.0,0,0,0
436,i,0.0,0.0,4.9,307,48.0,0,0.0,-1,1.0,1.8,147,56.0,43,0,3.3,154.0,59.0,5,169,0.0,721.0,253.0,0.0,8.8,0.0,419678,26,548873,573,0.0,0.0,1.38,0.83,2.21,18.73,0.11,0.06,0.17,1.44,276.6,210.0,83.0,60.2,330.0,111.0,122.0,225.0,57.0,45.7,276.0,90.0,,,,30,,Matthijs,de Ligt,De Ligt,Back injury - Unknown return date,,1170,1,0,1,20,0,0,0,0,0,0,13,139,,,,0.0,0.08,1.54,1.0,8.23,19,88,40
437,i,0.0,0.0,4.8,358,60.0,0,0.0,-2,2.0,0.5,256,95.0,39,0,2.8,224.0,88.0,3,165,0.0,704.0,251.0,0.0,8.1,0.0,169599,22,138404,4332,0.0,0.0,0.06,0.5,0.56,9.34,0.01,0.05,0.06,0.93,220.2,259.0,104.0,78.3,301.0,97.0,10.0,411.0,153.0,31.0,335.0,113.0,,,,30,,Lisandro,Martínez,Martinez,Calf injury - Expected back 13 Apr,,904,0,0,3,11,1,0,0,0,0,0,9,75,,,,0.0,0.3,1.1,0.9,7.47,12,63,52
438,a,100.0,100.0,4.9,314,51.0,0,0.0,-1,1.0,0.2,362,133.0,28,0,1.9,352.0,132.0,3,135,2.0,194.0,76.0,0.4,5.7,0.0,36477,359,55806,248,2.5,2.5,0.17,0.28,0.44,6.96,0.03,0.04,0.07,1.03,133.8,328.0,125.0,65.9,316.0,107.0,30.0,365.0,122.0,22.8,364.0,126.0,,,,30,,Noussair,Mazraoui,Mazraoui,,,610,0,0,2,7,0,0,0,3,0,0,7,70,,,,0.0,0.3,1.03,1.03,8.56,16,42,30
439,a,,,4.2,651,155.0,0,0.0,-3,3.0,0.1,568,203.0,0,0,0.0,645.0,249.0,0,0,0.0,534.0,225.0,0.0,0.0,0.0,3381,11,8636,25,0.5,0.5,0.0,0.0,0.0,0.0,0.0,0.0,0.0,0.0,0.0,636.0,250.0,0.0,630.0,249.0,0.0,604.0,248.0,0.0,638.0,250.0,,,,30,,Diego,León Blanco,D.Leon,,,0,0,0,0,0,0,0,0,0,0,0,0,0,,,,0.0,0.0,0.0,0.0,0.0,0,0,0
440,a,100.0,100.0,4.6,399,68.0,0,0.0,1,-1.0,5.0,76,25.0,97,2,3.5,121.0,42.0,9,351,2.8,132.0,53.0,0.6,21.1,0.0,1061953,10763,680149,6585,3.3,3.3,1.53,2.19,3.72,28.65,0.06,0.09,0.15,1.21,447.0,98.0,44.0,386.9,64.0,12.0,180.0,161.0,36.0,101.4,90.0,22.0,,,,30,,Diogo,Dalot Teixeira,Dalot,,,2139,1,6,6,33,0,0,0,5,0,0,24,162,,,,0.0,0.25,1.39,1.01,5.93,40,101,109
441,i,0.0,0.0,4.1,660,160.0,-1,1.0,-4,4.0,3.0,112,44.0,74,0,3.4,130.0,45.0,8,261,0.0,519.0,217.0,0.0,18.0,0.0,1773279,114,2143930,11503,0.0,0.0,1.86,1.42,3.28,18.78,0.13,0.1,0.23,1.27,402.4,128.0,56.0,354.1,74.0,15.0,262.0,97.0,10.0,101.9,89.0,21.0,,,,30,,Patrick,Dorgu,Dorgu,Hamstring injury - Unknown return date,,1329,3,3,3,20,0,0,0,5,0,0,14,117,,,,0.0,0.2,1.35,0.95,6.43,47,48,72
442,a,100.0,100.0,4.4,521,100.0,0,0.0,-1,1.0,1.8,149,57.0,63,1,3.7,92.0,32.0,3,214,2.8,130.0,51.0,0.6,14.3,0.0,302373,4407,191649,2181,3.3,3.3,0.78,0.15,0.93,15.8,0.06,0.01,0.07,1.27,237.6,243.0,96.0,37.8,367.0,131.0,106.0,243.0,66.0,38.4,304.0,102.0,,,,30,,Harry,Maguire,Maguire,,,1122,1,1,5,13,0,0,0,3,0,0,13,98,,,,0.0,0.4,1.04,1.04,6.98,12,75,43
443,a,100.0,100.0,4.5,409,74.0,0,0.0,0,0.0,0.7,215,83.0,74,4,2.5,269.0,103.0,0,309,3.0,118.0,47.0,0.7,16.4,0.0,177660,2181,133764,736,3.5,3.5,0.51,1.5,2.0,33.24,0.02,0.05,0.07,1.18,416.6,116.0,51.0,272.9,120.0,31.0,59.0,317.0,100.0,74.9,154.0,51.0,,,,30,,Luke,Shaw,Shaw,,,2527,0,1,6,37,0,0,0,5,0,0,30,192,,,,0.0,0.21,1.32,1.07,5.73,56,105,82
444,a,,,4.1,659,159.0,0,0.0,-4,4.0,1.3,169,66.0,49,3,1.8,367.0,136.0,1,169,3.0,116.0,45.0,0.7,12.0,0.0,217655,1642,307824,685,3.5,3.5,0.94,0.4,1.34,22.26,0.06,0.02,0.08,1.32,282.4,207.0,81.0,70.0,310.0,104.0,90.0,266.0,76.0,44.1,280.0,91.0,,,,30,,Leny,Yoro,Yoro,,,1516,0,1,2,28,0,0,0,1,0,0,16,151,,,,0.0,0.12,1.66,0.95,7.66,28,101,63
445,u,0.0,0.0,4.0,720,194.0,0,0.0,0,0.0,0.1,540,192.0,0,0,0.0,621.0,234.0,0,0,0.0,497.0,200.0,0.0,0.0,0.0,1160,0,14507,12,0.0,0.0,0.0,0.0,0.0,0.0,0.0,0.0,0.0,0.0,0.0,611.0,234.0,0.0,603.0,234.0,0.0,574.0,231.0,0.0,613.0,234.0,,,,30,,Harry,Amass,Amass,has joined Norwich City on loan for the rest of the season.,,0,0,0,0,0,0,0,0,0,0,0,0,0,,,,0.0,0.0,0.0,0.0,0.0,0,0,0
446,a,,,3.7,819,263.0,0,0.0,-3,3.0,0.1,415,153.0,1,0,1.0,449.0,161.0,0,4,0.0,384.0,137.0,0.0,0.3,0.0,11682,356,15085,134,0.5,0.5,0.0,0.0,0.0,0.3,0.0,0.0,0.0,13.5,4.0,479.0,172.0,0.0,495.0,181.0,0.0,462.0,174.0,0.4,493.0,174.0,,,,30,,Tyler,Fredricson,Fredricson,,,2,0,0,0,0,0,0,0,0,0,0,0,2,,,,0.0,0.0,0.0,0.0,90.0,0,2,0
447,a,100.0,100.0,3.7,821,265.0,0,0.0,-3,3.0,2.2,133,51.0,27,0,2.1,321.0,117.0,0,109,0.2,344.0,119.0,0.1,7.3,0.0,470320,2606,377842,6200,0.7,0.7,0.34,0.17,0.51,7.95,0.05,0.02,0.07,1.11,175.6,291.0,113.0,27.2,384.0,139.0,26.0,370.0,125.0,22.9,363.0,125.0,,,,30,,Ayden,Heaven,Heaven,,,642,0,1,1,12,1,0,0,2,0,0,8,73,,,,0.0,0.14,1.68,1.12,10.09,16,56,31
448,a,,,3.8,790,235.0,0,0.0,-2,2.0,0.4,286,105.0,2,0,1.0,450.0,162.0,0,2,0.2,346.0,121.0,0.1,0.5,0.0,54051,62,58613,260,0.7,0.7,0.0,0.0,0.0,0.35,0.0,0.0,0.0,4.5,3.6,482.0,173.0,0.5,474.0,173.0,0.0,467.0,177.0,0.4,494.0,175.0,,,,30,,Tyrell,Malacia,Malacia,,,7,0,0,0,1,0,0,0,0,0,0,0,2,,,,0.0,0.0,12.86,0.0,25.71,1,1,2
449,a,100.0,100.0,10.2,5,3.0,1,-1.0,12,-12.0,43.2,4,2.0,176,10,6.5,5.0,1.0,33,756,8.2,1.0,1.0,0.8,17.3,0.0,8065542,114764,5462340,1943,8.7,8.7,9.16,8.78,17.94,32.44,0.35,0.34,0.69,1.25,970.8,2.0,1.0,1419.4,1.0,1.0,442.0,37.0,21.0,283.5,1.0,1.0,1.0,1.0,1.0,30,,Bruno,Borges Fernandes,B.Fernandes,,,2345,7,16,4,37,0,0,2,3,0,0,27,233,,,,0.0,0.15,1.42,1.04,8.94,43,57,133
450,a,100.0,100.0,8.0,17,12.0,0,0.0,0,0.0,8.2,44,16.0,111,8,4.1,60.0,27.0,11,447,4.5,58.0,27.0,0.6,13.9,0.0,3105932,40331,3166697,4783,5.0,5.0,5.73,2.44,8.17,26.43,0.26,0.11,0.37,1.2,511.2,71.0,21.0,403.8,56.0,46.0,596.0,23.0,10.0,151.3,27.0,22.0,,,,30,,Matheus,Santos Carneiro da Cunha,Cunha,,,1987,7,3,6,27,0,0,0,1,0,0,23,163,,,,0.0,0.27,1.22,1.04,7.38,32,33,98
451,u,0.0,0.0,7.0,35,20.0,0,0.0,0,0.0,0.0,708,290.0,0,0,0.0,820.0,368.0,0,0,0.0,817.0,368.0,0.0,0.0,0.0,0,0,2129,1,0.0,0.0,0.0,0.0,0.0,0.0,0.0,0.0,0.0,0.0,0.0,820.0,368.0,0.0,820.0,368.0,0.0,820.0,368.0,0.0,820.0,368.0,,,,30,,Marcus,Rashford,Rashford,Has joined Barcelona on loan for the rest of the season,,0,0,0,0,0,0,0,0,0,0,0,0,0,,,,0.0,0.0,0.0,0.0,0.0,0,0,0
452,a,100.0,100.0,6.2,78,51.0,0,0.0,-3,3.0,1.5,162,55.0,72,2,3.0,198.0,83.0,6,381,1.2,257.0,114.0,0.2,11.6,0.0,432394,1328,604061,2958,1.7,1.7,4.3,3.48,7.78,22.48,0.21,0.17,0.38,1.11,371.8,149.0,53.0,533.8,29.0,27.0,459.0,35.0,19.0,136.6,36.0,26.0,,,,30,,Amad,Diallo,Amad,,,1826,2,4,4,25,0,0,0,2,0,0,21,162,,,,0.0,0.2,1.23,1.04,7.98,32,39,91
454,u,0.0,0.0,5.9,100,65.0,0,0.0,-1,1.0,0.1,569,212.0,0,0,0.0,813.0,364.0,0,0,0.0,801.0,358.0,0.0,0.0,0.0,1511,0,10723,5,0.0,0.0,0.0,0.0,0.0,0.0,0.0,0.0,0.0,0.0,0.0,813.0,364.0,0.0,813.0,364.0,0.0,812.0,364.0,0.0,813.0,364.0,,,,30,,Antony,dos Santos,Antony,has joined Real Betis permanently.,,0,0,0,0,0,0,0,0,0,0,0,0,0,,,,0.0,0.0,0.0,0.0,0.0,0,0,0
455,a,100.0,75.0,5.9,95,61.0,0,0.0,-1,1.0,0.3,332,110.0,46,0,2.7,244.0,100.0,3,164,0.0,797.0,354.0,0.0,7.8,0.0,183842,36,198766,147,0.5,0.4,1.54,1.4,2.94,10.3,0.17,0.16,0.33,1.14,162.4,304.0,136.0,198.5,173.0,117.0,158.0,184.0,101.0,51.9,254.0,130.0,,,,30,,Mason,Mount,Mount,,,812,3,0,3,14,0,0,0,0,0,0,10,62,,,,0.0,0.33,1.55,1.11,6.87,14,7,41
457,a,100.0,100.0,5.7,112,72.0,1,-1.0,2,-2.0,3.2,107,35.0,133,6,4.8,20.0,11.0,15,504,5.8,15.0,7.0,1.0,23.3,0.0,720487,31888,399588,3337,6.3,6.3,4.66,2.89,7.55,22.19,0.2,0.13,0.33,0.97,665.2,28.0,7.0,419.6,48.0,40.0,468.0,33.0,17.0,155.5,25.0,20.0,,,,30,,Carlos Henrique,Casimiro,Casemiro,,,2054,7,4,8,23,0,0,0,7,1,0,27,267,,,,0.0,0.35,1.01,1.18,11.7,66,88,113
458,a,100.0,100.0,4.6,402,248.0,0,0.0,-4,4.0,1.2,171,59.0,43,4,2.0,332.0,144.0,0,203,2.8,133.0,51.0,0.6,9.3,0.0,225527,1335,159183,3287,3.3,3.3,0.24,0.73,0.97,13.27,0.02,0.06,0.08,1.17,216.2,263.0,109.0,269.7,121.0,84.0,55.0,321.0,168.0,54.2,241.0,120.0,,,,30,,Kobbie,Mainoo,Mainoo,,,1023,0,2,3,15,0,0,0,0,0,0,9,112,,,,0.0,0.26,1.32,0.79,9.85,25,29,58
459,a,,,4.7,386,240.0,0,0.0,-3,3.0,0.1,421,143.0,33,1,1.6,397.0,170.0,0,159,0.5,327.0,146.0,0.1,7.0,0.0,29890,26,38718,122,1.0,1.0,0.5,0.15,0.65,15.74,0.06,0.02,0.08,1.82,135.4,325.0,145.0,65.1,319.0,177.0,38.0,344.0,179.0,23.7,359.0,173.0,,,,30,,Manuel,Ugarte Ribeiro,Ugarte,,,778,0,0,1,21,0,0,0,1,0,0,7,127,,,,0.0,0.12,2.43,0.81,14.69,43,35,49
460,u,0.0,0.0,4.5,444,266.0,0,0.0,0,0.0,0.0,662,265.0,0,0,0.0,709.0,284.0,0,0,0.0,629.0,230.0,0.0,0.0,0.0,505,0,9643,4,0.0,0.0,0.0,0.0,0.0,0.0,0.0,0.0,0.0,0.0,0.0,703.0,278.0,0.0,700.0,281.0,0.0,684.0,274.0,0.0,705.0,280.0,,,,30,,Toby,Collyer,Collyer,has joined Hull City on loan for the rest of the season.,,0,0,0,0,0,0,0,0,0,0,0,0,0,,,,0.0,0.0,0.0,0.0,0.0,0,0,0
464,u,0.0,0.0,4.5,468,286.0,0,0.0,0,0.0,0.0,696,284.0,0,0,0.0,725.0,299.0,0,0,0.0,649.0,248.0,0.0,0.0,0.0,723,0,2858,1,0.0,0.0,0.0,0.0,0.0,0.0,0.0,0.0,0.0,0.0,0.0,722.0,296.0,0.0,717.0,297.0,0.0,702.0,291.0,0.0,723.0,297.0,,,,30,,Jack,Moorhouse,Moorhouse,has joined Leyton Orient on loan for the rest of the season.,,0,0,0,0,0,0,0,0,0,0,0,0,0,,,,0.0,0.0,0.0,0.0,0.0,0,0,0
465,u,0.0,0.0,6.3,71,22.0,0,0.0,-2,2.0,0.3,346,55.0,0,0,0.0,815.0,90.0,0,0,0.0,807.0,87.0,0.0,0.0,0.0,5437,0,56715,24,0.0,0.0,0.0,0.0,0.0,0.0,0.0,0.0,0.0,0.0,0.0,815.0,90.0,0.0,815.0,90.0,0.0,815.0,90.0,0.0,815.0,90.0,,,,30,,Rasmus,Højlund,Højlund,has joined Napoli on loan for the rest of the season.,,0,0,0,0,0,0,0,0,0,0,0,0,0,,,,0.0,0.0,0.0,0.0,0.0,0,0,0
788,a,,,4.0,719,193.0,0,0.0,0,0.0,0.0,740,255.0,0,0,0.0,620.0,233.0,0,0,0.0,496.0,199.0,0.0,0.0,0.0,457,11,384,15,0.5,0.5,0.0,0.0,0.0,0.0,0.0,0.0,0.0,0.0,0.0,610.0,233.0,0.0,602.0,233.0,0.0,573.0,230.0,0.0,612.0,233.0,,,,30,,Godwill,Kukonki,Kukonki,,,0,0,0,0,0,0,0,0,0,0,0,0,0,,,,0.0,0.0,0.0,0.0,0.0,0,0,0
52,a,100.0,100.0,5.3,190,119.0,0,0.0,-2,2.0,0.2,350,117.0,37,3,1.9,357.0,153.0,1,185,3.2,107.0,44.0,0.6,7.0,0.0,32098,761,76891,254,3.2,2.7,1.02,0.88,1.9,17.9,0.09,0.08,0.17,1.64,193.6,275.0,116.0,229.3,150.0,102.0,129.0,216.0,121.0,55.2,234.0,117.0,,,,30,,Jacob,Ramsey,J.Ramsey,,,984,2,1,1,22,0,0,0,3,1,0,10,96,,,,0.0,0.09,2.01,0.91,8.78,25,14,57
469,a,100.0,100.0,5.1,221,6.0,0,0.0,1,-1.0,4.6,81,15.0,82,0,3.7,102.0,13.0,3,336,0.8,303.0,25.0,0.2,16.1,0.0,1507904,5871,1557424,3357,0.8,0.3,0.16,0.0,0.16,27.01,0.01,0.0,0.01,1.24,505.8,75.0,14.0,0.0,796.0,92.0,35.0,352.0,1.0,54.1,242.0,14.0,,,,30,,Nick,Pope,Pope,,,1966,0,1,7,32,0,0,0,1,0,67,22,121,,,,3.07,0.32,1.46,1.01,0.0,1,32,204
471,a,,,3.9,744,70.0,0,0.0,-1,1.0,0.1,436,66.0,0,0,0.0,546.0,42.0,0,0,0.0,415.0,33.0,0.0,0.0,0.0,6788,16,10665,68,0.0,-0.5,0.0,0.0,0.0,0.0,0.0,0.0,0.0,0.0,0.0,535.0,42.0,0.0,521.0,24.0,0.0,490.0,11.0,0.0,537.0,42.0,,,,30,,Mark,Gillespie,Gillespie,,,0,0,0,0,0,0,0,0,0,0,0,0,0,,,,0.0,0.0,0.0,0.0,0.0,0,0,0
472,u,0.0,0.0,4.0,668,44.0,0,0.0,0,0.0,0.0,722,84.0,0,0,0.0,581.0,66.0,0,0,0.0,454.0,58.0,0.0,0.0,0.0,0,0,2476,2,0.0,0.0,0.0,0.0,0.0,0.0,0.0,0.0,0.0,0.0,0.0,570.0,66.0,0.0,559.0,51.0,0.0,529.0,38.0,0.0,572.0,66.0,,,,30,,Odysseas,Vlachodimos,Odysseas,Has joined Sevilla on loan for the rest of the season.,,0,0,0,0,0,0,0,0,0,0,0,0,0,,,,0.0,0.0,0.0,0.0,0.0,0,0,0
474,i,0.0,0.0,5.2,203,26.0,0,0.0,-3,3.0,1.2,180,68.0,51,0,3.2,165.0,66.0,0,186,0.0,765.0,261.0,0.0,9.8,0.0,296973,46,494922,487,0.0,0.0,0.97,0.6,1.57,13.85,0.08,0.05,0.13,1.14,291.2,202.0,79.0,63.6,322.0,109.0,108.0,241.0,65.0,46.4,273.0,87.0,,1.0,,30,,Fabian,Schär,Schär,Ankle injury - Expected back 18 Apr,,1089,0,0,4,13,0,0,0,1,0,0,11,133,,,,0.0,0.33,1.07,0.91,9.5,14,101,42
475,a,100.0,100.0,4.9,311,49.0,0,0.0,-1,1.0,0.4,271,101.0,64,10,3.8,79.0,30.0,6,240,2.8,134.0,54.0,0.6,13.1,0.0,80788,3352,103640,127,2.8,2.3,1.28,0.28,1.56,15.96,0.1,0.02,0.12,1.25,358.8,156.0,66.0,50.0,345.0,120.0,134.0,210.0,50.0,54.3,239.0,80.0,,,,30,,Sven,Botman,Botman,,,1151,1,1,5,17,1,0,0,1,0,0,13,144,,,,0.0,0.39,1.33,1.02,8.99,11,104,62
476,a,100.0,100.0,5.0,245,37.0,0,0.0,0,0.0,3.4,100,35.0,75,1,3.4,136.0,50.0,5,218,1.2,245.0,94.0,0.2,15.0,0.0,1518219,7632,1668800,1244,1.2,0.7,0.19,0.32,0.51,21.96,0.01,0.02,0.03,1.15,382.8,141.0,62.0,87.6,289.0,91.0,76.0,287.0,82.0,54.7,237.0,79.0,,,,30,,Dan,Burn,Burn,,,1721,0,3,6,28,0,0,0,7,1,0,20,211,,,,0.0,0.31,1.46,1.05,9.15,31,144,61
477,a,100.0,100.0,4.9,326,53.0,0,0.0,-1,1.0,1.9,142,55.0,55,6,3.9,74.0,29.0,3,233,1.5,230.0,90.0,0.3,11.2,0.0,1094158,3502,1378723,147,1.5,1.0,0.12,0.78,0.9,12.39,0.01,0.06,0.07,0.98,192.4,276.0,111.0,183.5,183.0,46.0,36.0,350.0,114.0,41.2,294.0,97.0,,,,30,,Tino,Livramento,Livramento,,,1138,0,1,6,10,0,0,0,1,0,0,12,87,,,,0.0,0.47,0.79,0.95,4.67,19,40,71
478,a,100.0,100.0,4.9,287,44.0,0,0.0,-1,1.0,1.4,165,65.0,48,0,2.8,226.0,89.0,2,202,1.8,208.0,78.0,0.4,9.8,0.0,253019,1875,376776,623,1.8,1.3,0.08,1.85,1.93,18.52,0.01,0.12,0.13,1.2,261.4,221.0,87.0,430.7,46.0,6.0,12.0,402.0,149.0,70.3,178.0,61.0,4.0,2.0,,30,,Kieran,Trippier,Trippier,,,1392,0,1,5,24,0,0,0,3,0,0,16,105,,,,0.0,0.32,1.55,1.03,4.91,22,54,65
480,u,0.0,0.0,4.3,575,121.0,0,0.0,-2,2.0,0.0,591,210.0,1,0,0.5,519.0,180.0,0,0,0.0,536.0,226.0,0.0,0.2,0.0,2754,0,9061,9,0.0,0.0,0.04,0.0,0.04,0.55,0.19,0.0,0.19,2.61,10.2,464.0,169.0,0.0,631.0,250.0,7.0,422.0,161.0,1.7,473.0,169.0,,,,30,,Jamaal,Lascelles,Lascelles,has joined Leicester City permanently.,,19,0,0,0,2,0,0,0,0,0,0,0,5,,,,0.0,0.0,9.47,0.0,23.68,0,5,0
482,u,0.0,0.0,3.9,759,219.0,0,0.0,-1,1.0,0.1,457,170.0,0,0,0.0,556.0,202.0,0,0,0.0,427.0,165.0,0.0,0.0,0.0,8541,0,17012,35,0.0,0.0,0.0,0.0,0.0,0.0,0.0,0.0,0.0,0.0,0.0,545.0,201.0,0.0,531.0,201.0,0.0,500.0,196.0,0.0,547.0,201.0,,,,30,,Harrison,Ashby,Ashby,has joined Bradford City on loan for the rest of the season.,,0,0,0,0,0,0,0,0,0,0,0,0,0,,,,0.0,0.0,0.0,0.0,0.0,0,0,0
483,a,,,3.8,812,257.0,0,0.0,-2,2.0,0.4,288,106.0,0,0,0.0,539.0,198.0,0,0,0.0,408.0,159.0,0.0,0.0,0.0,66324,79,49513,320,0.0,-0.5,0.0,0.0,0.0,0.0,0.0,0.0,0.0,0.0,0.0,528.0,197.0,0.0,513.0,197.0,0.0,482.0,192.0,0.0,530.0,197.0,,,,30,,Miodrag,Pivaš,Pivas,,,0,0,0,0,0,0,0,0,0,0,0,0,0,,,,0.0,0.0,0.0,0.0,0.0,0,0,0
484,u,0.0,0.0,4.0,672,165.0,0,0.0,0,0.0,0.1,429,160.0,0,0,0.0,583.0,213.0,0,0,0.0,456.0,177.0,0.0,0.0,0.0,3759,0,45339,29,0.0,0.0,0.0,0.0,0.0,0.0,0.0,0.0,0.0,0.0,0.0,572.0,212.0,0.0,562.0,212.0,0.0,532.0,208.0,0.0,574.0,212.0,,,,30,,Matt,Targett,Targett,has joined Middlesbrough on loan for the rest of the season.,,0,0,0,0,0,0,0,0,0,0,0,0,0,,,,0.0,0.0,0.0,0.0,0.0,0,0,0
485,a,100.0,100.0,7.3,28,17.0,1,-1.0,-2,2.0,5.5,70,23.0,88,11,3.7,106.0,49.0,7,319,5.5,25.0,14.0,0.8,12.1,0.0,1736689,142194,1490608,2169,5.5,5.0,8.27,3.33,11.6,21.84,0.45,0.18,0.63,1.2,355.6,158.0,58.0,385.4,65.0,51.0,479.0,30.0,15.0,121.6,53.0,35.0,,,1.0,30,,Anthony,Gordon,Gordon,,,1640,5,4,7,29,0,0,0,3,1,0,22,83,,,,0.0,0.38,1.59,1.21,4.55,18,14,51
486,a,100.0,100.0,6.5,52,33.0,0,0.0,-5,5.0,2.6,119,38.0,40,1,1.5,415.0,182.0,0,155,1.5,236.0,98.0,0.2,6.2,0.0,561798,1487,1186323,635,1.5,1.0,1.35,1.68,3.03,17.06,0.11,0.13,0.24,1.34,125.2,336.0,153.0,256.5,129.0,90.0,161.0,182.0,99.0,54.3,240.0,119.0,5.0,,,30,,Anthony,Elanga,Elanga,,,1143,0,1,2,25,0,0,0,0,0,0,12,49,,,,0.0,0.16,1.97,0.94,3.86,13,8,28
487,a,,,6.1,81,53.0,0,0.0,-4,4.0,1.2,178,62.0,81,3,2.8,234.0,96.0,8,262,1.2,255.0,112.0,0.2,13.3,0.0,739856,6258,675965,1641,1.2,0.7,5.89,2.15,8.04,22.19,0.34,0.12,0.46,1.27,296.6,199.0,84.0,301.3,101.0,74.0,575.0,24.0,11.0,116.9,63.0,40.0,,,,30,,Harvey,Barnes,Barnes,,,1573,5,0,5,23,0,0,0,1,0,0,16,82,,,,0.0,0.29,1.32,0.92,4.69,12,17,53
488,i,0.0,0.0,6.8,43,27.0,0,0.0,3,-3.0,4.6,80,27.0,134,0,5.8,8.0,4.0,19,584,0.0,815.0,366.0,0.0,19.7,0.0,4039907,280,3774915,12045,0.0,0.0,4.82,3.62,8.44,26.13,0.21,0.16,0.37,1.16,682.6,20.0,5.0,634.3,16.0,16.0,365.0,63.0,38.0,168.3,18.0,14.0,3.0,5.0,2.0,30,,Bruno,Guimarães Rodriguez Moura,Bruno G.,Hamstring injury - Expected back 11 Apr,,2019,9,6,6,31,0,0,0,5,0,0,22,200,,,,0.0,0.27,1.38,0.98,8.92,50,43,107
489,a,100.0,100.0,5.9,92,58.0,0,0.0,-6,6.0,0.6,226,79.0,64,3,2.6,261.0,110.0,2,258,2.8,144.0,56.0,0.5,10.8,0.0,163426,903,347274,247,2.8,2.3,2.89,2.39,5.28,16.5,0.21,0.18,0.39,1.23,264.4,218.0,93.0,319.6,90.0,68.0,303.0,83.0,51.0,87.8,118.0,69.0,,,,30,,Jacob,Murphy,J.Murphy,,,1211,3,1,7,13,0,0,0,1,0,0,14,65,,,,0.0,0.52,0.97,1.04,4.83,13,16,36
490,a,100.0,100.0,5.9,94,60.0,0,0.0,-1,1.0,0.3,314,107.0,63,1,2.7,243.0,99.0,2,271,1.8,214.0,88.0,0.3,10.7,0.0,78330,1014,104995,359,1.8,1.3,2.04,1.13,3.17,21.96,0.11,0.06,0.17,1.24,290.6,203.0,85.0,258.8,128.0,89.0,309.0,80.0,48.0,85.9,128.0,73.0,,,,30,,Joelinton Cássio,Apolinário de Lira,Joelinton,,,1597,2,1,5,22,0,0,0,8,0,0,19,194,,,,0.0,0.28,1.24,1.07,10.93,35,60,99
491,a,100.0,100.0,5.3,193,120.0,0,0.0,-2,2.0,1.1,182,63.0,71,0,2.4,290.0,127.0,2,391,2.5,160.0,63.0,0.5,13.4,0.0,214557,2530,313154,1371,2.5,2.0,1.56,2.35,3.91,27.26,0.07,0.1,0.17,1.2,336.6,176.0,69.0,433.5,45.0,39.0,165.0,179.0,97.0,93.8,103.0,61.0,1.0,1.0,,30,,Sandro,Tonali,Tonali,,,2037,0,2,7,31,0,0,0,3,0,0,25,211,,,,0.0,0.31,1.37,1.1,9.32,29,59,123
492,u,0.0,0.0,4.9,346,217.0,0,0.0,-1,1.0,0.0,677,274.0,0,0,0.0,784.0,343.0,0,0,0.0,741.0,315.0,0.0,0.0,0.0,655,0,3576,1,0.0,0.0,0.0,0.0,0.0,0.0,0.0,0.0,0.0,0.0,0.0,783.0,342.0,0.0,779.0,342.0,0.0,775.0,340.0,0.0,783.0,342.0,,,,30,,Antoñito,Cordero Campillo,Antoñito C.,has joined Cadiz on loan for the rest of the season.,,0,0,0,0,0,0,0,0,0,0,0,0,0,,,,0.0,0.0,0.0,0.0,0.0,0,0,0
494,a,100.0,100.0,5.0,250,151.0,0,0.0,0,0.0,0.1,498,178.0,27,6,1.4,422.0,186.0,0,107,1.8,210.0,86.0,0.4,5.4,0.0,13406,385,12682,71,1.8,1.3,0.81,0.63,1.44,12.52,0.11,0.08,0.19,1.69,86.4,376.0,167.0,126.8,229.0,146.0,110.0,236.0,131.0,32.2,329.0,160.0,,,,30,,Joe,Willock,Willock,,,668,0,1,3,12,0,0,0,3,0,0,7,70,,,,0.0,0.4,1.62,0.94,9.43,17,10,43
495,u,0.0,0.0,4.5,411,251.0,0,0.0,0,0.0,0.0,771,331.0,0,0,0.0,692.0,271.0,0,0,0.0,608.0,216.0,0.0,0.0,0.0,0,0,1611,0,0.0,0.0,0.0,0.0,0.0,0.0,0.0,0.0,0.0,0.0,0.0,686.0,265.0,0.0,681.0,268.0,0.0,662.0,260.0,0.0,688.0,267.0,,,,30,,Isaac,Hayden,Hayden,Has departed the club as a free agent.,,0,0,0,0,0,0,0,0,0,0,0,0,0,,,,0.0,0.0,0.0,0.0,0.0,0,0,0
496,u,0.0,0.0,4.4,560,335.0,0,0.0,-1,1.0,0.0,633,247.0,0,0,0.0,681.0,265.0,0,0,0.0,593.0,207.0,0.0,0.0,0.0,2219,0,7409,6,0.0,0.0,0.0,0.0,0.0,0.0,0.0,0.0,0.0,0.0,0.0,673.0,257.0,0.0,669.0,261.0,0.0,649.0,252.0,0.0,675.0,259.0,,,,30,,Garang,Kuol,Kuol,has joined Sparta Prague permanently.,,0,0,0,0,0,0,0,0,0,0,0,0,0,,,,0.0,0.0,0.0,0.0,0.0,0,0,0
497,i,0.0,0.0,4.4,558,334.0,0,0.0,-1,1.0,2.0,136,45.0,58,0,3.1,175.0,74.0,4,271,0.0,591.0,206.0,0.0,13.2,0.0,642906,130,679677,4500,0.0,0.0,1.36,2.0,3.36,13.65,0.11,0.16,0.27,1.08,275.0,211.0,89.0,214.3,164.0,112.0,132.0,213.0,120.0,62.1,210.0,104.0,,,,30,,Lewis,Miley,L.Miley,Dead leg - Expected back 11 Apr,,1133,1,3,2,16,0,0,0,0,0,0,11,123,,,,0.0,0.16,1.27,0.87,9.77,24,42,57
498,u,0.0,0.0,4.5,437,262.0,0,0.0,0,0.0,0.0,773,333.0,0,0,0.0,706.0,281.0,0,0,0.0,626.0,227.0,0.0,0.0,0.0,117,0,1253,0,0.0,0.0,0.0,0.0,0.0,0.0,0.0,0.0,0.0,0.0,0.0,700.0,275.0,0.0,697.0,278.0,0.0,680.0,271.0,0.0,702.0,277.0,,,,30,,Joe,White,White,has joined Bradford City on loan for the rest of the season.,,0,0,0,0,0,0,0,0,0,0,0,0,0,,,,0.0,0.0,0.0,0.0,0.0,0,0,0
500,a,100.0,100.0,5.4,180,43.0,0,0.0,-1,1.0,0.2,351,58.0,30,0,1.9,361.0,42.0,2,107,2.2,183.0,23.0,0.4,5.6,0.0,77311,1229,87536,514,2.2,1.7,0.69,0.04,0.73,4.77,0.23,0.01,0.24,1.61,77.4,390.0,42.0,16.1,405.0,53.0,87.0,270.0,47.0,17.8,385.0,47.0,,,,30,,William,Osula,Osula,,,267,2,1,1,6,0,0,0,0,0,0,1,13,,,,0.0,0.34,2.02,0.34,4.38,2,1,10
674,a,,,4.8,360,14.0,0,0.0,-2,2.0,0.9,194,25.0,21,7,2.3,299.0,28.0,1,83,2.5,153.0,15.0,0.5,4.4,0.0,121622,8166,154347,405,2.5,2.0,0.0,0.0,0.0,10.83,0.0,0.0,0.0,1.33,143.2,319.0,24.0,10.0,430.0,12.0,0.0,754.0,85.0,15.3,394.0,24.0,,,,30,,Aaron,Ramsdale,Ramsdale,,,733,0,0,1,11,0,0,0,1,0,17,8,0,,,,2.09,0.12,1.35,0.98,0.0,0,7,63
684,a,,,5.0,264,41.0,0,0.0,0,0.0,6.2,61,21.0,114,9,4.2,52.0,21.0,12,364,4.2,60.0,23.0,0.8,22.8,0.0,1388486,113079,795825,1887,4.2,3.7,3.74,0.88,4.62,35.52,0.15,0.03,0.18,1.39,718.4,12.0,5.0,103.7,265.0,77.0,350.0,67.0,5.0,116.9,62.0,10.0,,,,30,,Malick,Thiaw,Thiaw,,,2297,4,0,5,40,0,0,0,3,0,0,26,264,,,,0.0,0.2,1.57,1.02,9.25,29,207,95
689,a,,,4.3,623,367.0,0,0.0,-2,2.0,0.5,254,88.0,0,0,0.0,664.0,256.0,0,0,0.0,566.0,193.0,0.0,0.0,0.0,93691,585,57199,1211,0.0,-0.5,0.0,0.0,0.0,0.0,0.0,0.0,0.0,0.0,0.0,654.0,246.0,0.0,650.0,251.0,0.0,627.0,240.0,0.0,656.0,248.0,,,,30,,Seung-Soo,Park,Seung soo,,,0,0,0,0,0,0,0,0,0,0,0,0,0,,,,0.0,0.0,0.0,0.0,0.0,0,0,0
714,a,100.0,100.0,6.7,47,17.0,0,0.0,-3,3.0,6.9,57,10.0,88,2,3.4,144.0,12.0,10,310,1.0,280.0,35.0,0.1,13.1,0.0,5438507,4775,4754569,5914,1.0,0.5,6.25,0.79,7.04,20.99,0.35,0.04,0.39,1.18,366.8,153.0,14.0,185.2,181.0,15.0,385.0,54.0,21.0,92.6,105.0,16.0,,,3.0,30,,Nick,Woltemade,Woltemade,,,1596,7,3,7,25,1,0,0,0,0,0,20,87,,,,0.0,0.39,1.41,1.13,4.91,21,25,41
765,a,,,4.0,715,189.0,0,0.0,0,0.0,0.0,648,229.0,0,0,0.0,617.0,230.0,0,0,0.0,492.0,195.0,0.0,0.0,0.0,4002,42,2372,72,0.0,-0.5,0.0,0.0,0.0,0.0,0.0,0.0,0.0,0.0,0.0,607.0,230.0,0.0,599.0,230.0,0.0,570.0,227.0,0.0,609.0,230.0,,,,30,,Leo,Shahar,Shahar,,,0,0,0,0,0,0,0,0,0,0,0,0,0,,,,0.0,0.0,0.0,0.0,0.0,0,0,0
772,a,,,4.5,513,318.0,0,0.0,0,0.0,0.0,775,335.0,0,0,0.0,757.0,323.0,0,0,0.0,687.0,277.0,0.0,0.0,0.0,560,13,309,18,0.0,-0.5,0.0,0.0,0.0,0.0,0.0,0.0,0.0,0.0,0.0,756.0,322.0,0.0,750.0,322.0,0.0,737.0,318.0,0.0,756.0,322.0,,,,30,,Sam,Alabi,Alabi,,,0,0,0,0,0,0,0,0,0,0,0,0,0,,,,0.0,0.0,0.0,0.0,0.0,0,0,0
12,u,0.0,0.0,4.9,304,47.0,0,0.0,-1,1.0,0.2,365,134.0,7,0,1.4,421.0,152.0,0,56,0.0,720.0,252.0,0.0,1.4,0.0,26902,0,53580,50,0.0,0.0,0.07,0.36,0.43,5.02,0.02,0.09,0.11,1.28,80.8,386.0,145.0,83.4,292.0,92.0,22.0,382.0,134.0,18.6,381.0,136.0,,,,30,,Oleksandr,Zinchenko,Zinchenko,has joined Ajax permanently.,,352,0,0,0,6,0,0,0,0,0,0,4,36,,,,0.0,0.0,1.53,1.02,6.14,10,14,17
400,d,50.0,25.0,4.7,374,16.0,0,0.0,-3,3.0,0.2,388,55.0,11,0,3.7,97.0,12.0,0,38,0.8,292.0,23.0,0.2,2.3,0.0,10983,12,25064,258,0.4,0.2,0.0,0.01,0.01,4.65,0.0,0.0,0.0,1.55,68.6,393.0,29.0,0.0,754.0,88.0,0.0,743.0,80.0,6.9,437.0,29.0,,,,30,,Stefan,Ortega Moreno,Ortega Moreno,Calf injury - 50% chance of playing,,270,0,0,1,4,0,0,0,0,0,8,3,0,,,,2.67,0.33,1.33,1.0,0.0,0,1,8
426,a,,,5.0,259,157.0,0,0.0,-5,5.0,0.1,500,179.0,8,1,0.9,510.0,239.0,0,29,0.5,330.0,148.0,0.1,1.6,0.0,13222,17,26759,35,0.5,0.5,0.02,0.18,0.2,4.2,0.01,0.09,0.1,2.2,17.6,451.0,200.0,45.5,357.0,188.0,12.0,404.0,198.0,7.6,433.0,195.0,,,5.0,30,,James,McAtee,McAtee,,,172,0,0,0,8,0,0,0,1,0,0,1,13,,,,0.0,0.0,4.19,0.52,6.8,4,2,7
502,a,100.0,100.0,4.6,397,19.0,0,0.0,-4,4.0,4.8,79,14.0,70,6,3.0,192.0,20.0,3,286,2.2,180.0,16.0,0.5,15.2,0.0,414760,2024,2041690,829,2.2,2.2,0.0,0.06,0.06,32.75,0.0,0.0,0.0,1.51,483.2,81.0,15.0,10.0,428.0,10.0,0.0,742.0,79.0,49.3,263.0,15.0,,,,30,,Matz,Sels,Sels,,,1947,0,0,5,31,0,0,0,2,0,64,22,75,,,,2.96,0.23,1.43,1.02,0.0,1,21,152
503,u,0.0,0.0,4.0,691,56.0,0,0.0,0,0.0,0.1,552,77.0,0,0,0.0,599.0,76.0,0,0,0.0,473.0,69.0,0.0,0.0,0.0,448,0,15685,8,0.0,0.0,0.0,0.0,0.0,0.0,0.0,0.0,0.0,0.0,0.0,588.0,76.0,0.0,579.0,63.0,0.0,549.0,50.0,0.0,590.0,76.0,,,,30,,Carlos Miguel,dos Santos Pereira,C.Miguel,Has joined Palmeiras permanently.,,0,0,0,0,0,0,0,0,0,0,0,0,0,,,,0.0,0.0,0.0,0.0,0.0,0,0,0
505,a,,,5.1,229,31.0,0,0.0,-4,4.0,3.2,105,38.0,87,6,2.9,210.0,83.0,1,296,2.8,136.0,55.0,0.5,17.1,0.0,354485,2770,1066143,1005,2.8,2.8,0.81,0.44,1.25,43.74,0.03,0.01,0.04,1.46,524.6,67.0,30.0,40.3,361.0,127.0,108.0,240.0,64.0,67.6,193.0,66.0,,,,30,,Nikola,Milenković,Milenković,,,2700,0,0,7,43,1,0,0,6,0,0,30,267,,,,0.0,0.23,1.43,1.0,7.93,20,218,82
514,i,0.0,0.0,3.8,787,233.0,0,0.0,-2,2.0,0.3,295,111.0,0,0,0.0,525.0,185.0,0,0,0.0,387.0,139.0,0.0,0.0,0.0,42729,41,66332,301,0.0,0.0,0.0,0.0,0.0,0.0,0.0,0.0,0.0,0.0,0.0,514.0,184.0,0.0,498.0,183.0,0.0,465.0,176.0,0.0,516.0,184.0,,,,30,,Willy,Boly,Boly,Knee injury - Unknown return date,,0,0,0,0,0,0,0,0,0,0,0,0,0,,,,0.0,0.0,0.0,0.0,0.0,0,0,0
515,a,100.0,100.0,7.4,24,16.0,1,-1.0,-1,1.0,5.0,75,24.0,125,3,4.2,57.0,25.0,11,497,5.5,26.0,15.0,0.7,16.9,0.0,1063697,29088,1133736,5101,5.5,5.5,7.69,2.12,9.81,41.23,0.27,0.07,0.34,1.46,536.0,61.0,17.0,649.6,14.0,14.0,599.0,22.0,9.0,178.3,13.0,9.0,,3.0,2.0,30,,Morgan,Gibbs-White,Gibbs-White,,,2550,8,2,8,39,0,0,0,1,0,0,29,145,,,,0.0,0.28,1.38,1.02,5.12,15,39,91
516,a,100.0,100.0,5.7,114,73.0,0,0.0,-3,3.0,0.7,223,77.0,75,1,2.7,241.0,98.0,6,313,2.5,166.0,68.0,0.4,13.2,0.0,268622,559,338524,578,2.5,2.5,2.69,2.35,5.04,29.23,0.14,0.13,0.27,1.57,314.0,184.0,74.0,530.6,30.0,28.0,300.0,85.0,53.0,114.2,69.0,44.0,,,,30,,Callum,Hudson-Odoi,Hudson-Odoi,,,1679,3,2,5,25,0,0,0,0,0,0,19,99,,,,0.0,0.27,1.34,1.02,5.31,13,21,65
517,a,,,5.5,141,87.0,0,0.0,0,0.0,8.3,39,14.0,133,2,4.4,37.0,15.0,10,615,5.0,41.0,19.0,0.9,24.2,0.0,1619889,26281,1297572,8278,5.0,5.0,2.52,3.4,5.92,42.54,0.08,0.11,0.19,1.43,677.8,23.0,6.0,797.8,5.0,5.0,238.0,107.0,64.0,171.7,14.0,10.0,1.0,1.0,4.0,30,,Elliot,Anderson,Anderson,,,2683,2,3,8,42,0,0,0,6,0,0,30,414,,,,0.0,0.27,1.41,1.01,13.89,83,81,250
518,u,0.0,0.0,5.4,176,110.0,0,0.0,-1,1.0,0.0,619,241.0,1,0,1.0,504.0,235.0,0,6,0.0,785.0,344.0,0.0,0.2,0.0,1029,0,9148,3,0.0,0.0,0.0,0.0,0.0,0.0,0.0,0.0,0.0,0.0,5.0,477.0,216.0,0.5,478.0,230.0,4.0,440.0,216.0,1.0,486.0,223.0,,,,30,,João Pedro,Ferreira da Silva,Jota,has joined Besiktas on loan for the rest of the season.,,11,0,0,0,0,0,0,0,0,0,0,0,3,,,,0.0,0.0,0.0,0.0,24.55,2,1,0
519,a,100.0,100.0,5.0,258,156.0,0,0.0,0,0.0,0.0,632,246.0,37,1,1.9,354.0,152.0,3,166,1.0,271.0,120.0,0.2,7.4,0.0,5195,20,3947,43,1.0,1.0,1.15,0.44,1.59,17.88,0.11,0.04,0.15,1.73,192.4,277.0,117.0,155.3,205.0,132.0,126.0,221.0,124.0,47.5,267.0,137.0,,,,30,,Nicolás,Domínguez,Dominguez,,,931,1,0,3,18,0,0,0,2,0,0,14,103,,,,0.0,0.29,1.74,1.35,9.96,41,20,42
520,u,0.0,0.0,5.0,256,155.0,0,0.0,0,0.0,0.0,816,364.0,0,0,0.0,787.0,345.0,0,0,0.0,746.0,317.0,0.0,0.0,0.0,0,0,118,0,0.0,0.0,0.0,0.0,0.0,0.0,0.0,0.0,0.0,0.0,0.0,786.0,344.0,0.0,783.0,344.0,0.0,780.0,342.0,0.0,786.0,344.0,,,,30,,Lewis,O'Brien,O'Brien,Has joined Wrexham permanently.,,0,0,0,0,0,0,0,0,0,0,0,0,0,,,,0.0,0.0,0.0,0.0,0.0,0,0,0
521,a,100.0,100.0,4.9,308,192.0,0,0.0,-1,1.0,0.1,543,198.0,71,3,3.2,163.0,68.0,2,299,2.5,156.0,61.0,0.5,14.5,0.0,11186,91,12961,71,2.5,2.5,1.16,1.66,2.82,27.72,0.06,0.09,0.15,1.49,339.8,170.0,64.0,159.4,201.0,130.0,118.0,226.0,126.0,61.9,212.0,105.0,,,,30,,Ibrahim,Sangaré,Sangaré,,,1674,2,2,7,22,0,0,0,4,0,0,20,197,,,,0.0,0.38,1.18,1.08,10.59,46,69,82
522,a,100.0,100.0,4.7,381,237.0,0,0.0,-3,3.0,0.1,549,200.0,19,1,1.3,432.0,192.0,0,77,0.5,326.0,145.0,0.1,4.0,0.0,9965,16,19267,28,0.5,0.5,0.22,0.19,0.41,4.48,0.05,0.04,0.09,1.05,73.2,392.0,174.0,48.4,350.0,185.0,38.0,343.0,178.0,15.7,392.0,180.0,,,,30,,Ryan,Yates,Yates,,,384,0,1,0,5,0,0,0,1,0,0,1,38,,,,0.0,0.0,1.17,0.23,8.91,8,18,12
523,a,100.0,100.0,4.5,471,288.0,0,0.0,0,0.0,0.1,567,211.0,0,0,0.0,727.0,300.0,0,0,0.0,652.0,250.0,0.0,0.0,0.0,2730,22,16862,22,0.0,0.0,0.0,0.0,0.0,0.0,0.0,0.0,0.0,0.0,0.0,724.0,297.0,0.0,719.0,298.0,0.0,705.0,293.0,0.0,725.0,298.0,,,,30,,Eric,da Silva Moreira,Da Silva Moreira,,,0,0,0,0,0,0,0,0,0,0,0,0,0,,,,0.0,0.0,0.0,0.0,0.0,0,0,0
524,u,0.0,0.0,4.5,448,269.0,0,0.0,0,0.0,0.0,697,285.0,0,0,0.0,711.0,286.0,0,0,0.0,632.0,233.0,0.0,0.0,0.0,245,0,5710,2,0.0,0.0,0.0,0.0,0.0,0.0,0.0,0.0,0.0,0.0,0.0,706.0,281.0,0.0,702.0,283.0,0.0,686.0,276.0,0.0,707.0,282.0,,,,30,,Marko,Stamenić,Stamenic,Has joined Swansea City permanently.,,0,0,0,0,0,0,0,0,0,0,0,0,0,,,,0.0,0.0,0.0,0.0,0.0,0,0,0
525,i,0.0,0.0,7.1,34,14.0,0,0.0,-4,4.0,4.5,83,15.0,25,0,3.1,186.0,16.0,3,85,0.0,818.0,91.0,0.0,3.5,0.0,2133709,27,3391475,562,0.0,0.0,2.81,0.11,2.92,7.84,0.47,0.02,0.49,1.31,77.6,389.0,41.0,49.6,347.0,42.0,179.0,163.0,38.0,29.8,343.0,40.0,,,1.0,30,,Chris,Wood,Wood,Knee injury - Unknown return date,,538,2,0,1,8,0,0,0,0,0,0,7,14,,,,0.0,0.17,1.34,1.17,2.34,1,6,7
526,a,100.0,100.0,5.8,108,31.0,0,0.0,-2,2.0,1.2,173,27.0,73,2,2.5,280.0,29.0,6,232,3.5,96.0,12.0,0.6,12.6,0.0,441169,3840,404166,2117,3.5,3.5,4.33,1.06,5.39,29.31,0.23,0.06,0.29,1.53,214.2,266.0,26.0,167.4,195.0,18.0,499.0,28.0,15.0,85.7,129.0,17.0,,,3.0,30,,Igor Jesus,Maciel da Cruz,Igor Jesus,,,1724,2,4,7,31,0,0,0,0,0,0,21,84,,,,0.0,0.37,1.62,1.1,4.39,18,25,41
527,a,100.0,100.0,5.2,208,48.0,0,0.0,-3,3.0,0.3,325,52.0,16,1,1.5,410.0,49.0,1,56,0.8,306.0,37.0,0.2,3.1,0.0,36497,111,93492,156,0.8,0.8,1.59,0.39,1.98,4.6,0.57,0.14,0.71,1.66,52.4,410.0,45.0,41.9,360.0,45.0,114.0,228.0,44.0,20.3,375.0,44.0,,,,30,,Taiwo,Awoniyi,Awoniyi,,,249,1,0,0,2,0,0,0,0,0,0,1,14,,,,0.0,0.0,0.72,0.36,5.06,1,4,9
669,a,100.0,75.0,5.5,148,93.0,0,0.0,-5,5.0,0.7,222,76.0,48,1,2.2,315.0,137.0,4,170,0.8,308.0,137.0,0.1,8.7,0.0,544968,38,574525,196,0.8,0.6,1.05,1.51,2.56,15.69,0.08,0.12,0.2,1.22,165.4,300.0,132.0,217.4,161.0,109.0,180.0,162.0,89.0,56.5,229.0,113.0,4.0,,,30,,Dan,Ndoye,Ndoye,,,1156,1,2,2,17,0,0,0,1,0,0,14,94,,,,0.0,0.16,1.32,1.09,7.32,22,23,49
675,a,100.0,100.0,4.0,666,43.0,0,0.0,0,0.0,1.1,181,23.0,1,0,1.0,454.0,35.0,0,4,0.0,453.0,57.0,0.0,0.2,0.0,30474,43,101069,345,0.0,0.0,0.0,0.0,0.0,0.21,0.0,0.0,0.0,0.42,1.2,497.0,35.0,0.0,558.0,50.0,0.0,528.0,37.0,0.1,507.0,35.0,,,,30,,Angus,Gunn,Gunn,,,45,0,0,0,0,0,0,0,0,0,0,0,0,,,,0.0,0.0,0.0,0.0,0.0,0,1,4
693,a,,,5.4,175,109.0,0,0.0,-1,1.0,0.1,528,191.0,61,1,2.7,238.0,97.0,3,247,1.2,252.0,109.0,0.2,11.3,0.0,32687,46,27960,93,1.2,1.2,1.72,3.01,4.73,17.47,0.13,0.23,0.36,1.31,254.0,227.0,99.0,416.7,52.0,43.0,283.0,88.0,55.0,95.1,102.0,60.0,2.0,,,30,,Omari,Hutchinson,Hutchinson,,,1198,1,5,4,17,0,0,0,0,0,0,11,94,,,,0.0,0.3,1.28,0.83,7.06,18,13,63
696,u,0.0,0.0,6.0,90,28.0,0,0.0,0,0.0,0.1,446,65.0,9,0,1.0,507.0,61.0,0,24,0.0,804.0,86.0,0.0,1.5,0.0,15291,0,18360,24,0.0,0.0,0.44,0.02,0.46,1.57,0.44,0.02,0.46,1.59,6.8,472.0,56.0,17.7,401.0,52.0,39.0,341.0,53.0,6.3,439.0,56.0,,,,30,,Arnaud,Kalimuendo,Kalimuendo,has joined Eintracht Frankfurt on loan for the rest of the season.,,89,0,0,0,3,0,0,0,0,0,0,0,6,,,,0.0,0.0,3.03,0.0,6.07,1,1,4
715,i,0.0,0.0,4.0,674,46.0,0,0.0,0,0.0,0.3,307,41.0,11,0,2.2,306.0,29.0,0,32,0.0,458.0,59.0,0.0,2.8,0.0,66225,22,47571,373,0.0,0.0,0.0,0.0,0.0,6.13,0.0,0.0,0.0,1.26,56.4,407.0,31.0,0.0,564.0,53.0,0.0,534.0,40.0,5.7,442.0,31.0,,,,30,,John Victor,Maciel Furtado,John,Knee injury - Expected back 01 Jun,,437,0,0,1,8,0,0,0,1,0,6,5,0,,,,1.24,0.21,1.65,1.03,0.0,0,4,26
716,i,0.0,0.0,4.5,450,91.0,0,0.0,0,0.0,0.1,573,205.0,39,0,2.8,223.0,87.0,0,131,0.0,634.0,245.0,0.0,8.7,0.0,46683,3,44179,72,0.0,0.0,1.34,0.45,1.79,15.04,0.12,0.04,0.16,1.32,216.6,261.0,106.0,123.2,235.0,62.0,94.0,261.0,74.0,43.5,283.0,93.0,,,,30,,Nicolò,Savona,Savona,Knee injury - Unknown return date,,1025,2,0,3,18,0,0,0,2,0,0,11,69,,,,0.0,0.26,1.58,0.97,5.0,20,37,27
729,u,0.0,0.0,4.5,470,93.0,0,0.0,0,0.0,0.0,813,266.0,0,0,0.0,726.0,259.0,0,0,0.0,651.0,246.0,0.0,0.0,0.0,94,0,117,1,0.0,0.0,0.0,0.0,0.0,0.0,0.0,0.0,0.0,0.0,0.0,723.0,259.0,0.0,718.0,259.0,0.0,704.0,259.0,0.0,724.0,259.0,,,,30,,Luis Eduardo,Soares da Silva,Cuiabano,has joined Vasco de Gama on loan for the rest of the season.,,0,0,0,0,0,0,0,0,0,0,0,0,0,,,,0.0,0.0,0.0,0.0,0.0,0,0,0
734,a,100.0,100.0,5.9,101,66.0,0,0.0,-1,1.0,0.0,674,271.0,14,0,1.4,425.0,189.0,0,55,0.5,340.0,155.0,0.1,2.4,0.0,4566,27,4148,18,0.5,0.5,0.5,0.68,1.18,6.73,0.13,0.18,0.31,1.77,49.8,414.0,181.0,113.9,247.0,155.0,78.0,285.0,155.0,23.8,358.0,172.0,3.0,,,30,,Dilane,Bakwa,Bakwa,,,342,0,1,0,8,0,0,0,1,0,0,3,26,,,,0.0,0.0,2.11,0.79,6.84,2,3,21
805,a,,,5.5,149,36.0,0,0.0,0,0.0,0.0,693,88.0,8,0,2.7,239.0,25.0,0,34,0.2,374.0,45.0,0.0,1.5,0.0,5701,49,3697,101,0.2,0.2,0.72,0.01,0.73,1.87,0.54,0.01,0.55,1.41,37.2,425.0,49.0,12.7,414.0,55.0,31.0,362.0,55.0,7.9,431.0,55.0,,,,30,,Lorenzo,Lucca,Lucca,,,119,1,0,1,1,0,0,0,0,0,0,1,5,,,,0.0,0.76,0.76,0.76,3.78,0,4,1
528,u,0.0,0.0,4.2,634,34.0,0,0.0,-3,3.0,0.2,408,61.0,0,0,0.0,639.0,88.0,0,0,0.0,525.0,83.0,0.0,0.0,0.0,10565,0,34570,106,0.0,0.0,0.0,0.0,0.0,0.0,0.0,0.0,0.0,0.0,0.0,630.0,88.0,0.0,623.0,78.0,0.0,597.0,66.0,0.0,632.0,88.0,,,,30,,Anthony,Patterson,Patterson,has joined Millwall on loan for the rest of the season.,,0,0,0,0,0,0,0,0,0,0,0,0,0,,,,0.0,0.0,0.0,0.0,0.0,0,0,0
530,u,0.0,0.0,3.9,769,85.0,0,0.0,-1,1.0,0.1,461,70.0,0,0,0.0,564.0,57.0,0,0,0.0,435.0,48.0,0.0,0.0,0.0,7473,0,13340,71,0.0,0.0,0.0,0.0,0.0,0.0,0.0,0.0,0.0,0.0,0.0,553.0,57.0,0.0,539.0,39.0,0.0,508.0,26.0,0.0,555.0,57.0,,,,30,,Blondy,Nna Noukeu,Nna Noukeu,has joined US Boulogne CO permanently.,,0,0,0,0,0,0,0,0,0,0,0,0,0,,,,0.0,0.0,0.0,0.0,0.0,0,0,0
531,d,75.0,100.0,4.7,385,65.0,0,0.0,2,-2.0,3.9,94,32.0,118,4,4.5,31.0,11.0,9,363,5.2,30.0,10.0,1.1,25.1,0.0,1238086,4070,990122,12397,3.9,5.2,2.42,0.58,3.0,31.12,0.11,0.03,0.14,1.4,637.4,36.0,14.0,177.3,188.0,48.0,353.0,65.0,3.0,116.9,61.0,9.0,,,,30,,Daniel,Ballard,Ballard,Hamstring injury - 75% chance of playing,,2004,2,2,6,28,0,0,0,3,0,0,22,266,,,,0.0,0.27,1.26,0.99,11.41,31,223,66
532,a,,,4.5,442,89.0,0,0.0,0,0.0,0.3,301,113.0,87,2,2.9,207.0,82.0,6,309,3.2,102.0,38.0,0.7,19.3,0.0,79562,334,71259,566,3.2,3.2,1.64,1.02,2.66,40.53,0.06,0.04,0.1,1.47,396.2,132.0,58.0,281.4,116.0,29.0,183.0,158.0,34.0,85.1,131.0,41.0,2.0,,,30,,Trai,Hume,Hume,,,2489,0,1,8,32,0,0,0,7,0,0,28,198,,,,0.0,0.29,1.16,1.01,6.18,56,115,83
533,u,0.0,0.0,4.0,673,166.0,0,0.0,0,0.0,0.0,792,264.0,0,0,0.0,584.0,214.0,0,0,0.0,457.0,178.0,0.0,0.0,0.0,611,0,863,1,0.0,0.0,0.0,0.0,0.0,0.0,0.0,0.0,0.0,0.0,0.0,573.0,213.0,0.0,563.0,213.0,0.0,533.0,209.0,0.0,575.0,213.0,,,,30,,Aji,Alese,Alese,has joined Portsmouth on loan for the rest of the season.,,0,0,0,0,0,0,0,0,0,0,0,0,0,,,,0.0,0.0,0.0,0.0,0.0,0,0,0
534,u,0.0,0.0,3.8,791,236.0,0,0.0,-2,2.0,0.3,312,115.0,0,0,0.0,527.0,186.0,0,0,0.0,389.0,140.0,0.0,0.0,0.0,39413,0,65188,182,0.0,0.0,0.0,0.0,0.0,0.0,0.0,0.0,0.0,0.0,0.0,516.0,185.0,0.0,500.0,184.0,0.0,468.0,178.0,0.0,518.0,185.0,,,,30,,Joe,Anderson,Anderson,has joined Barrow FC permanently.,,0,0,0,0,0,0,0,0,0,0,0,0,0,,,,0.0,0.0,0.0,0.0,0.0,0,0,0
535,a,100.0,75.0,4.0,684,171.0,0,0.0,0,0.0,0.0,600,213.0,14,1,2.0,328.0,120.0,0,44,0.2,348.0,122.0,0.0,3.5,0.0,7382,26,6933,44,0.2,0.2,0.08,0.02,0.09,6.04,0.02,0.01,0.03,1.81,58.2,406.0,154.0,8.9,433.0,155.0,8.0,417.0,157.0,7.1,436.0,157.0,,,,30,,Dennis,Cirkin,Cirkin,,,301,0,0,1,2,0,0,0,1,0,0,3,26,,,,0.0,0.3,0.6,0.9,7.77,8,18,8
536,u,0.0,0.0,4.0,692,174.0,0,0.0,0,0.0,0.0,724,252.0,0,0,0.0,600.0,220.0,0,0,0.0,474.0,184.0,0.0,0.0,0.0,1255,0,1502,11,0.0,0.0,0.0,0.0,0.0,0.0,0.0,0.0,0.0,0.0,0.0,589.0,219.0,0.0,580.0,219.0,0.0,550.0,215.0,0.0,591.0,219.0,,,,30,,Leo Fuhr,Hjelde,Hjelde,has joined Sheffield United on loan for the rest of the season.,,0,0,0,0,0,0,0,0,0,0,0,0,0,,,,0.0,0.0,0.0,0.0,0.0,0,0,0
537,u,0.0,0.0,4.0,694,175.0,0,0.0,0,0.0,0.1,541,193.0,0,0,0.0,602.0,221.0,0,0,0.0,476.0,185.0,0.0,0.0,0.0,1038,0,16201,14,0.0,0.0,0.0,0.0,0.0,0.0,0.0,0.0,0.0,0.0,0.0,591.0,220.0,0.0,582.0,220.0,0.0,552.0,216.0,0.0,593.0,220.0,,,,30,,Niall,Huggins,Huggins,has joined Wycombe Wanderers on loan for the rest of the season.,,0,0,0,0,0,0,0,0,0,0,0,0,0,,,,0.0,0.0,0.0,0.0,0.0,0,0,0
538,u,0.0,0.0,3.8,803,248.0,0,0.0,-2,2.0,0.2,372,138.0,0,0,0.0,534.0,193.0,0,0,0.0,400.0,151.0,0.0,0.0,0.0,23261,0,33300,111,0.0,0.0,0.0,0.0,0.0,0.0,0.0,0.0,0.0,0.0,0.0,523.0,192.0,0.0,507.0,191.0,0.0,475.0,185.0,0.0,525.0,192.0,,,,30,,Zak,Johnson,Johnson,has joined York City on loan for the rest of the season.,,0,0,0,0,0,0,0,0,0,0,0,0,0,,,,0.0,0.0,0.0,0.0,0.0,0,0,0
539,a,100.0,100.0,4.0,671,164.0,0,0.0,0,0.0,0.1,538,191.0,8,1,1.1,444.0,159.0,0,30,1.5,220.0,83.0,0.4,2.0,0.0,7767,70,7647,66,1.5,1.5,0.0,0.03,0.03,2.39,0.0,0.02,0.02,1.56,16.0,453.0,166.0,2.9,453.0,164.0,4.0,433.0,163.0,2.3,469.0,168.0,,,,30,,Luke,O'Nien,O'Nien,,,138,0,0,1,0,0,0,0,1,1,0,1,9,,,,0.0,0.65,0.0,0.65,5.87,3,6,5
540,u,0.0,0.0,3.9,763,221.0,0,0.0,-1,1.0,0.3,330,122.0,0,0,0.0,559.0,203.0,0,0,0.0,430.0,166.0,0.0,0.0,0.0,47547,0,47994,110,0.0,0.0,0.0,0.0,0.0,0.0,0.0,0.0,0.0,0.0,0.0,548.0,202.0,0.0,534.0,202.0,0.0,503.0,197.0,0.0,550.0,202.0,,,,30,,Timothée,Pembélé,Pembele,has joined Le Havre AC on loan for the rest of the season.,,0,0,0,0,0,0,0,0,0,0,0,0,0,,,,0.0,0.0,0.0,0.0,0.0,0,0,0
541,d,75.0,0.0,3.8,794,239.0,0,0.0,-2,2.0,2.8,116,47.0,51,0,3.0,188.0,73.0,5,181,0.0,391.0,142.0,0.0,13.4,0.0,615268,281,1059093,3833,0.0,0.0,0.13,0.46,0.59,19.99,0.01,0.03,0.04,1.26,285.4,205.0,80.0,94.0,276.0,84.0,37.0,345.0,113.0,41.8,292.0,95.0,,,,30,,Reinildo,Mandava,Reinildo,Knee injury - 75% chance of playing,,1427,0,2,4,20,0,0,0,6,1,0,17,141,,,,0.0,0.25,1.26,1.07,7.69,27,95,67
542,u,0.0,0.0,4.0,711,186.0,0,0.0,0,0.0,0.1,506,181.0,2,0,1.0,456.0,166.0,0,11,0.0,488.0,192.0,0.0,0.5,0.0,3016,0,25273,15,0.0,0.0,0.0,0.01,0.01,1.33,0.0,0.01,0.01,0.9,33.6,431.0,160.0,2.4,457.0,167.0,0.0,566.0,224.0,3.6,458.0,164.0,,,,30,,Jenson,Seelt,Seelt,has joined Wolfsburg on loan for the rest of the season.,,133,0,0,0,2,0,0,0,0,0,0,1,18,,,,0.0,0.0,1.35,0.68,8.12,4,8,6
548,i,0.0,0.0,4.9,329,204.0,0,0.0,-1,1.0,0.0,752,319.0,14,0,1.0,493.0,225.0,0,42,0.2,366.0,165.0,0.0,2.9,0.0,1127,0,1630,6,0.0,0.0,0.87,0.48,1.35,8.54,0.2,0.11,0.31,1.93,29.4,435.0,192.0,33.6,373.0,189.0,69.0,298.0,161.0,12.7,406.0,183.0,,,,30,,Romaine,Mundle,Mundle,Hamstring injury - Expected back 18 Apr,,399,0,0,0,11,0,0,0,1,0,0,2,33,,,,0.0,0.0,2.48,0.45,7.44,5,6,22
549,u,0.0,0.0,4.8,359,224.0,0,0.0,-2,2.0,0.0,656,260.0,3,0,1.0,491.0,224.0,0,10,0.0,705.0,289.0,0.0,0.6,0.0,1972,0,4670,9,0.0,0.0,0.0,0.0,0.0,0.64,0.0,0.0,0.0,4.43,3.0,487.0,223.0,1.4,466.0,225.0,0.0,753.0,326.0,0.4,497.0,227.0,,,,30,,Dan,Neil,Neil,has joined Ipswich Town on loan for the rest of the season.,,13,0,0,0,0,0,0,0,0,0,0,0,2,,,,0.0,0.0,0.0,0.0,13.85,0,2,0
551,a,,,4.7,393,245.0,0,0.0,-3,3.0,0.0,598,226.0,18,2,1.5,407.0,177.0,0,59,0.8,295.0,129.0,0.2,3.8,0.0,5879,24,9299,26,0.8,0.8,0.42,0.36,0.78,7.09,0.08,0.07,0.15,1.37,26.6,438.0,195.0,61.9,326.0,179.0,29.0,367.0,189.0,11.7,412.0,187.0,,,,30,,Chris,Rigg,Rigg,,,466,0,0,2,3,0,0,0,0,0,0,7,35,,,,0.0,0.39,0.58,1.35,6.76,7,9,19
552,a,100.0,100.0,4.9,342,213.0,0,0.0,-1,1.0,0.1,565,210.0,60,2,2.4,288.0,125.0,0,317,2.0,195.0,78.0,0.4,12.2,0.0,11081,50,12198,70,2.0,2.0,0.46,0.95,1.41,32.02,0.02,0.04,0.06,1.31,262.4,220.0,95.0,207.6,168.0,113.0,79.0,281.0,152.0,55.0,235.0,118.0,,,,30,,Noah,Sadiki,Sadiki,,,2204,0,1,7,29,0,0,0,6,0,0,25,193,,,,0.0,0.29,1.18,1.02,7.88,37,74,82
553,a,100.0,100.0,4.9,340,211.0,0,0.0,-1,1.0,0.2,413,140.0,67,2,3.0,195.0,82.0,5,202,1.0,269.0,119.0,0.2,13.7,0.0,60596,70,71130,99,1.0,1.0,1.45,0.92,2.36,17.24,0.11,0.07,0.18,1.26,191.4,279.0,119.0,183.3,185.0,123.0,170.0,174.0,94.0,54.0,243.0,121.0,,,,30,,Chemsdine,Talbi,Talbi,,,1230,3,2,6,11,0,0,0,0,0,0,13,74,,,,0.0,0.44,0.8,0.95,5.41,8,17,49
554,a,,,4.3,594,349.0,0,0.0,-2,2.0,0.3,305,104.0,0,0,0.0,650.0,245.0,0,0,0.0,545.0,179.0,0.0,0.0,0.0,81839,53,79191,279,0.0,0.0,0.0,0.0,0.0,0.0,0.0,0.0,0.0,0.0,0.0,640.0,235.0,0.0,635.0,240.0,0.0,610.0,227.0,0.0,642.0,237.0,,,,30,,Abdoullah,Ba,Ba,,,0,0,0,0,0,0,0,0,0,0,0,0,0,,,,0.0,0.0,0.0,0.0,0.0,0,0,0
555,u,0.0,0.0,4.5,413,252.0,0,0.0,0,0.0,0.0,647,256.0,0,0,0.0,693.0,272.0,0,0,0.0,609.0,217.0,0.0,0.0,0.0,1291,0,9855,6,0.0,0.0,0.0,0.0,0.0,0.0,0.0,0.0,0.0,0.0,0.0,687.0,266.0,0.0,682.0,269.0,0.0,663.0,261.0,0.0,689.0,268.0,,,,30,,Alan,Browne,Browne,has joined Middlesbrough on loan for the rest of the season.,,0,0,0,0,0,0,0,0,0,0,0,0,0,,,,0.0,0.0,0.0,0.0,0.0,0,0,0
556,u,0.0,0.0,4.5,435,260.0,0,0.0,0,0.0,0.0,774,334.0,0,0,0.0,704.0,279.0,0,0,0.0,624.0,225.0,0.0,0.0,0.0,0,0,1806,1,0.0,0.0,0.0,0.0,0.0,0.0,0.0,0.0,0.0,0.0,0.0,698.0,273.0,0.0,695.0,276.0,0.0,678.0,269.0,0.0,700.0,275.0,,,,30,,Pierre,Ekwah Elimby,Ekwah,Has joined AS Saint-Etienne permanently.,,0,0,0,0,0,0,0,0,0,0,0,0,0,,,,0.0,0.0,0.0,0.0,0.0,0,0,0
428,a,100.0,100.0,5.0,280,173.0,0,0.0,0,0.0,0.0,718,297.0,0,0,0.0,795.0,351.0,0,0,0.0,755.0,324.0,0.0,0.0,0.0,243,12,2599,14,0.0,0.5,0.0,0.0,0.0,0.0,0.0,0.0,0.0,0.0,0.0,794.0,350.0,0.0,792.0,350.0,0.0,788.0,348.0,0.0,794.0,350.0,,,,30,,Sverre,Nypan,Nypan,,,0,0,0,0,0,0,0,0,0,0,0,0,0,,,,0.0,0.0,0.0,0.0,0.0,0,0,0
557,a,,,4.3,611,357.0,0,0.0,-2,2.0,0.1,535,195.0,0,0,0.0,656.0,249.0,0,0,0.0,557.0,186.0,0.0,0.0,0.0,8901,31,10591,68,0.0,0.0,0.0,0.0,0.0,0.0,0.0,0.0,0.0,0.0,0.0,646.0,239.0,0.0,642.0,244.0,0.0,619.0,233.0,0.0,648.0,241.0,,,,30,,Harrison,Jones,H.Jones,,,0,0,0,0,0,0,0,0,0,0,0,0,0,,,,0.0,0.0,0.0,0.0,0.0,0,0,0
558,u,0.0,0.0,4.3,601,352.0,0,0.0,-2,2.0,0.2,399,134.0,0,0,0.0,652.0,247.0,0,0,0.0,550.0,182.0,0.0,0.0,0.0,30710,0,45592,86,0.0,0.0,0.0,0.0,0.0,0.0,0.0,0.0,0.0,0.0,0.0,642.0,237.0,0.0,637.0,242.0,0.0,612.0,229.0,0.0,644.0,239.0,,,,30,,Jay,Matete,Matete,has joined MK Dons permanently.,,0,0,0,0,0,0,0,0,0,0,0,0,0,,,,0.0,0.0,0.0,0.0,0.0,0,0,0
559,u,0.0,0.0,4.4,549,328.0,0,0.0,-1,1.0,0.0,645,254.0,0,0,0.0,674.0,261.0,0,0,0.0,583.0,200.0,0.0,0.0,0.0,2951,0,8647,2,0.0,0.0,0.0,0.0,0.0,0.0,0.0,0.0,0.0,0.0,0.0,665.0,252.0,0.0,662.0,257.0,0.0,640.0,246.0,0.0,667.0,254.0,,,,30,,Nectarios,Triantis,Triantis,has joined Minnesota United permanently.,,0,0,0,0,0,0,0,0,0,0,0,0,0,,,,0.0,0.0,0.0,0.0,0.0,0,0,0
560,a,100.0,100.0,5.1,232,52.0,0,0.0,-4,4.0,1.3,167,26.0,60,0,2.3,301.0,31.0,7,193,1.5,232.0,27.0,0.3,11.8,0.0,968152,406,876412,1673,1.5,1.5,3.73,0.17,3.9,17.94,0.32,0.01,0.33,1.53,168.8,297.0,28.0,24.2,389.0,51.0,384.0,55.0,22.0,57.6,226.0,27.0,,,,30,,Wilson,Isidor,Isidor,,,1056,4,1,4,15,0,0,0,1,0,0,11,44,,,,0.0,0.34,1.28,0.94,3.75,9,16,19
561,a,,,5.2,216,50.0,0,0.0,-3,3.0,0.5,251,38.0,38,1,2.1,325.0,34.0,5,118,3.0,123.0,15.0,0.6,7.3,0.0,272072,271,307590,629,3.0,3.0,2.13,0.22,2.35,12.63,0.26,0.03,0.29,1.52,116.6,347.0,35.0,53.8,339.0,41.0,188.0,150.0,37.0,35.4,313.0,37.0,,,,30,,Eliezer,Mayenda Dossou,Mayenda,,,749,2,0,3,9,0,0,0,0,0,0,8,26,,,,0.0,0.36,1.08,0.96,3.12,5,7,14
562,a,,,4.2,649,91.0,0,0.0,-3,3.0,0.4,269,42.0,0,0,0.0,644.0,65.0,0,0,0.0,533.0,52.0,0.0,0.0,0.0,69022,278,91843,577,0.0,0.0,0.0,0.0,0.0,0.0,0.0,0.0,0.0,0.0,0.0,635.0,65.0,0.0,629.0,64.0,0.0,603.0,64.0,0.0,637.0,65.0,,,,30,,Ahmed,Abdullahi,Abdullahi,,,0,0,0,0,0,0,0,0,0,0,0,0,0,,,,0.0,0.0,0.0,0.0,0.0,0,0,0
563,u,0.0,0.0,4.4,559,80.0,0,0.0,-1,1.0,0.1,513,72.0,0,0,0.0,680.0,72.0,0,0,0.0,592.0,61.0,0.0,0.0,0.0,5979,0,20410,12,0.0,0.0,0.0,0.0,0.0,0.0,0.0,0.0,0.0,0.0,0.0,672.0,72.0,0.0,668.0,71.0,0.0,648.0,71.0,0.0,674.0,72.0,,,,30,,Luís Hemir,Silva Semedo,Luís Hemir,has joined Moreirense on loan for the rest of the season.,,0,0,0,0,0,0,0,0,0,0,0,0,0,,,,0.0,0.0,0.0,0.0,0.0,0,0,0
564,u,0.0,0.0,4.4,539,77.0,0,0.0,-1,1.0,0.1,517,73.0,0,0,0.0,670.0,69.0,0,0,0.0,577.0,58.0,0.0,0.0,0.0,3530,0,20208,8,0.0,0.0,0.0,0.0,0.0,0.0,0.0,0.0,0.0,0.0,0.0,660.0,69.0,0.0,657.0,68.0,0.0,635.0,68.0,0.0,662.0,69.0,,,,30,,Nazarii,Rusyn,Rusyn,has joined Arka on loan for the rest of the season.,,0,0,0,0,0,0,0,0,0,0,0,0,0,,,,0.0,0.0,0.0,0.0,0.0,0,0,0
668,a,100.0,100.0,5.1,220,135.0,0,0.0,1,-1.0,3.3,102,34.0,95,1,3.7,101.0,45.0,5,465,1.2,249.0,106.0,0.2,18.6,0.0,1370215,1059,1353029,2865,1.2,1.2,0.64,2.35,2.99,35.36,0.03,0.1,0.13,1.46,552.2,55.0,14.0,457.2,39.0,35.0,83.0,277.0,150.0,109.2,79.0,49.0,1.0,1.0,,30,,Granit,Xhaka,Xhaka,,,2181,1,5,7,26,0,0,0,5,0,0,24,269,,,,0.0,0.29,1.07,0.99,11.1,37,110,122
670,d,50.0,0.0,4.8,368,15.0,0,0.0,3,-3.0,8.3,40,7.0,110,0,3.9,72.0,7.0,9,474,0.8,296.0,24.0,0.2,22.9,0.0,2168292,224,1272462,39362,0.4,0.0,0.0,0.1,0.1,41.0,0.0,0.0,0.0,1.46,704.0,15.0,4.0,40.0,362.0,2.0,0.0,756.0,86.0,74.3,158.0,2.0,,,,30,,Robin,Roefs,Roefs,Hamstring injury - 50% chance of playing,,2520,0,0,8,34,0,1,0,3,0,85,28,110,,,,3.04,0.29,1.21,1.0,0.0,0,33,277
678,u,0.0,0.0,3.9,747,213.0,0,0.0,-1,1.0,0.5,263,99.0,1,0,0.3,520.0,181.0,0,4,0.0,418.0,162.0,0.0,0.3,0.0,52353,0,83254,141,0.0,0.0,0.07,0.08,0.15,2.09,0.05,0.06,0.11,1.5,21.8,446.0,164.0,20.1,396.0,144.0,7.0,421.0,160.0,4.9,451.0,162.0,,,,30,,Arthur,Masuaku,Masuaku,has joined RC Lens on loan for the rest of the season.,,125,0,0,0,2,0,0,0,1,0,0,2,13,,,,0.0,0.0,1.44,1.44,7.2,4,6,3
683,a,100.0,100.0,4.1,653,156.0,0,0.0,1,-1.0,6.6,58,20.0,102,2,3.9,70.0,27.0,5,346,3.5,89.0,33.0,0.9,24.9,0.0,1624496,5245,934701,5694,3.5,3.5,1.37,0.85,2.21,37.08,0.05,0.03,0.08,1.47,650.8,33.0,12.0,120.0,240.0,64.0,231.0,115.0,18.0,100.6,91.0,23.0,,,,30,,Omar,Alderete,Alderete,,,2263,1,1,8,30,0,0,0,5,0,0,25,283,,,,0.0,0.32,1.19,0.99,10.3,26,233,82
694,d,50.0,0.0,4.5,416,78.0,0,0.0,5,-5.0,7.5,53,18.0,115,0,4.6,28.0,9.0,8,397,0.2,357.0,130.0,0.0,25.6,0.0,2466069,167,1556383,46855,0.1,0.0,1.02,2.01,3.03,35.72,0.04,0.08,0.12,1.49,559.0,53.0,24.0,278.7,117.0,30.0,141.0,200.0,47.0,97.9,96.0,27.0,,,,30,,Nordi,Mukiele,Mukiele,Calf injury - 50% chance of playing,,2163,1,5,7,28,1,0,0,4,0,0,25,253,,,,0.0,0.29,1.17,1.04,9.36,57,168,101
724,a,,,4.5,424,84.0,0,0.0,0,0.0,0.1,582,207.0,43,2,1.8,375.0,141.0,0,182,2.0,191.0,75.0,0.4,9.6,0.0,9897,95,6840,59,2.0,2.0,0.5,0.72,1.22,27.1,0.03,0.05,0.08,1.85,217.2,260.0,105.0,110.1,255.0,72.0,63.0,304.0,92.0,39.0,302.0,101.0,,,,30,,Lutsharel,Geertruida,Geertruida,,,1321,0,0,2,20,0,0,0,0,0,0,13,107,,,,0.0,0.14,1.36,0.89,6.2,31,60,58
730,a,100.0,75.0,5.3,195,47.0,-1,1.0,-2,2.0,0.6,236,33.0,64,2,2.8,233.0,23.0,8,227,0.8,307.0,38.0,0.2,12.1,0.0,336209,766,271631,1615,0.8,0.6,2.73,0.41,3.14,22.81,0.19,0.03,0.22,1.62,240.0,241.0,21.0,110.2,254.0,26.0,275.0,92.0,27.0,61.1,215.0,26.0,,,,30,,Brian,Brobbey,Brobbey,,,1270,5,1,4,18,0,0,0,3,0,0,14,52,,,,0.0,0.28,1.28,0.99,3.69,7,13,32
735,i,0.0,0.0,5.5,135,84.0,0,0.0,0,0.0,0.0,646,255.0,30,0,2.5,277.0,118.0,1,118,0.5,337.0,154.0,0.1,5.5,0.0,13840,3,13167,26,0.0,0.0,0.48,0.25,0.73,9.74,0.07,0.04,0.11,1.38,115.6,349.0,156.0,108.4,257.0,159.0,135.0,208.0,117.0,35.9,310.0,151.0,,,,30,,Bertrand,Traoré,Traoré,Knee injury - Expected back 02 May,,634,1,1,3,9,0,0,0,1,0,0,9,40,,,,0.0,0.43,1.28,1.28,5.68,11,11,18
774,a,,,4.0,677,168.0,0,0.0,0,0.0,0.0,687,241.0,0,0,0.0,587.0,216.0,0,0,0.0,461.0,180.0,0.0,0.0,0.0,1611,18,936,33,0.0,0.0,0.0,0.0,0.0,0.0,0.0,0.0,0.0,0.0,0.0,576.0,215.0,0.0,567.0,215.0,0.0,537.0,211.0,0.0,578.0,215.0,,,,30,,Jenson,Jones,Jenson Jones,,,0,0,0,0,0,0,0,0,0,0,0,0,0,,,,0.0,0.0,0.0,0.0,0.0,0,0,0
775,u,0.0,0.0,4.5,492,304.0,0,0.0,0,0.0,0.0,818,366.0,0,0,0.0,743.0,312.0,0,0,0.0,671.0,265.0,0.0,0.0,0.0,160,0,140,1,0.0,0.0,0.0,0.0,0.0,0.0,0.0,0.0,0.0,0.0,0.0,741.0,310.0,0.0,735.0,310.0,0.0,722.0,306.0,0.0,741.0,310.0,,,,30,,Tymur,Tutierov,Tutierov,has joined Exeter City on loan for the rest of the season.,,0,0,0,0,0,0,0,0,0,0,0,0,0,,,,0.0,0.0,0.0,0.0,0.0,0,0,0
800,i,0.0,0.0,5.0,285,177.0,0,0.0,0,0.0,0.0,817,365.0,1,0,1.0,498.0,229.0,0,4,0.2,368.0,167.0,0.0,0.2,0.0,150,2,115,2,0.0,0.0,0.0,0.04,0.04,0.24,0.0,0.09,0.09,0.57,3.4,483.0,220.0,4.3,446.0,215.0,2.0,456.0,224.0,1.0,485.0,222.0,1.0,,,30,,Djiamgone Jocelin Ta,Bi,Jocelin.T,Ankle injury - Unknown return date,,38,0,0,0,0,0,0,0,0,0,0,1,3,,,,0.0,0.0,0.0,2.37,7.11,1,0,2
812,a,,,4.0,704,61.0,0,0.0,0,0.0,0.2,396,58.0,13,3,6.5,4.0,2.0,3,49,3.2,99.0,10.0,0.8,3.2,0.0,21871,830,1618,874,3.2,3.2,0.0,0.02,0.02,2.83,0.0,0.01,0.01,1.42,53.0,409.0,32.0,0.0,591.0,68.0,0.0,561.0,55.0,5.3,445.0,32.0,,,,30,,Melker,Ellborg,Ellborg,,,180,0,0,1,1,0,0,0,0,0,7,2,0,,,,3.5,0.5,0.5,1.0,0.0,0,4,26
813,i,0.0,,5.0,277,171.0,0,0.0,0,0.0,0.0,764,325.0,9,0,1.8,379.0,162.0,0,27,1.5,231.0,95.0,0.3,1.8,0.0,1074,2,487,94,0.0,1.5,0.49,0.08,0.57,5.65,0.17,0.03,0.2,2.0,36.2,428.0,188.0,28.3,382.0,193.0,62.0,309.0,165.0,12.6,408.0,184.0,,,,30,,Nilson,Angulo,Angulo,Unknown - Expected back 24 Apr,,254,0,0,1,4,0,0,0,0,0,0,3,23,,,,0.0,0.35,1.42,1.06,8.15,7,10,6
821,a,,,4.5,472,289.0,0,0.0,0,0.0,0.0,822,370.0,0,0,0.0,728.0,301.0,0,0,0.0,653.0,251.0,0.0,0.0,0.0,6,6,0,0,1.3,1.3,0.0,0.0,0.0,0.0,0.0,0.0,0.0,0.0,0.0,725.0,298.0,0.0,720.0,299.0,0.0,706.0,294.0,0.0,726.0,299.0,,,,30,,Jack,Whittaker,Whittaker,,,0,0,0,0,0,0,0,0,0,0,0,0,0,,,,0.0,0.0,0.0,0.0,0.0,0,0,0
822,a,,,4.5,473,290.0,0,0.0,0,0.0,0.0,821,369.0,0,0,0.0,729.0,302.0,0,0,0.0,654.0,252.0,0.0,0.0,0.0,14,14,4,4,1.3,1.3,0.0,0.0,0.0,0.0,0.0,0.0,0.0,0.0,0.0,726.0,299.0,0.0,721.0,300.0,0.0,707.0,295.0,0.0,727.0,300.0,,,,30,,Jaydon,Jones,Jones,,,0,0,0,0,0,0,0,0,0,0,0,0,0,,,,0.0,0.0,0.0,0.0,0.0,0,0,0
565,a,,,4.7,379,17.0,0,0.0,-3,3.0,5.5,68,10.0,88,3,2.9,208.0,23.0,6,404,1.2,243.0,21.0,0.3,18.7,0.0,1353842,1465,1423686,3175,1.2,0.7,0.0,0.04,0.04,44.73,0.0,0.0,0.0,1.49,677.4,24.0,6.0,10.1,423.0,6.0,0.0,745.0,81.0,69.0,183.0,6.0,,,,30,,Guglielmo,Vicario,Vicario,,,2700,0,0,7,47,0,0,0,1,0,79,30,97,,,,2.63,0.23,1.57,1.0,0.0,1,34,236
566,a,,,3.9,754,77.0,0,0.0,-1,1.0,0.3,324,45.0,0,0,0.0,553.0,49.0,0,0,0.0,424.0,40.0,0.0,0.0,0.0,21110,27,24760,152,0.0,-0.5,0.0,0.0,0.0,0.0,0.0,0.0,0.0,0.0,0.0,542.0,49.0,0.0,528.0,31.0,0.0,497.0,18.0,0.0,544.0,49.0,,,,30,,Brandon,Austin,Austin,,,0,0,0,0,0,0,0,0,0,0,0,0,0,,,,0.0,0.0,0.0,0.0,0.0,0,0,0
567,a,,,3.9,768,84.0,0,0.0,-1,1.0,1.6,156,20.0,0,0,0.0,563.0,56.0,0,0,0.0,434.0,47.0,0.0,0.0,0.0,126640,176,178183,1111,0.0,-0.5,0.0,0.0,0.0,0.0,0.0,0.0,0.0,0.0,0.0,552.0,56.0,0.0,538.0,38.0,0.0,507.0,25.0,0.0,554.0,56.0,,,,30,,Antonín,Kinský,Kinsky,,,0,0,0,0,0,0,0,0,0,0,0,0,0,,,,0.0,0.0,0.0,0.0,0.0,0,0,0
568,a,100.0,100.0,5.1,233,33.0,0,0.0,-4,4.0,9.4,31,11.0,82,2,3.2,164.0,65.0,4,353,0.8,305.0,108.0,0.2,16.1,0.0,1484539,7768,3032276,1977,0.8,0.3,0.59,2.93,3.52,30.72,0.03,0.13,0.16,1.33,462.8,91.0,40.0,563.4,23.0,1.0,100.0,249.0,68.0,112.8,73.0,13.0,2.0,2.0,,30,,Pedro,Porro Sauceda,Pedro Porro,,,2073,0,3,7,30,0,0,0,6,0,0,24,189,,,,0.0,0.3,1.3,1.04,6.69,49,105,105
569,a,100.0,0.0,5.0,254,39.0,0,0.0,0,0.0,3.0,111,43.0,89,0,4.2,51.0,20.0,10,288,0.0,744.0,256.0,0.0,17.8,0.0,1018534,207,1211095,3080,0.0,0.0,1.33,1.2,2.53,25.77,0.07,0.06,0.13,1.36,543.2,58.0,27.0,110.8,253.0,71.0,206.0,129.0,22.0,86.0,127.0,39.0,,,,30,,Cristian,Romero,Romero,,,1710,4,1,5,29,0,0,0,8,2,0,20,209,,,,0.0,0.26,1.53,1.05,9.58,53,129,80
570,a,100.0,100.0,4.2,629,141.0,0,0.0,-3,3.0,0.1,438,163.0,35,4,2.2,308.0,113.0,1,126,2.0,189.0,73.0,0.5,8.3,0.0,17688,206,30926,60,2.0,1.5,0.19,0.19,0.38,14.19,0.02,0.02,0.04,1.52,243.6,237.0,94.0,10.7,421.0,152.0,33.0,358.0,119.0,28.8,346.0,117.0,,,,30,,Kevin,Danso,Danso,,,839,0,0,2,16,0,0,0,4,0,0,10,124,,,,0.0,0.21,1.72,1.07,12.55,18,99,33
571,i,0.0,0.0,4.3,578,124.0,0,0.0,-2,2.0,0.1,544,195.0,10,0,3.3,147.0,55.0,1,29,0.0,538.0,228.0,0.0,2.3,0.0,4423,2,12026,17,0.0,0.0,0.49,0.07,0.56,1.11,0.32,0.05,0.37,0.73,67.4,394.0,149.0,22.2,393.0,141.0,52.0,327.0,107.0,14.2,397.0,144.0,,,,30,,Ben,Davies,Davies,Ankle injury - Unknown return date,,136,1,0,0,3,0,0,0,1,0,0,2,14,,,,0.0,0.0,1.99,1.32,9.26,5,9,5
572,a,100.0,100.0,4.5,447,90.0,0,0.0,0,0.0,0.0,661,234.0,15,4,1.9,347.0,129.0,0,26,2.2,179.0,71.0,0.5,3.3,0.0,3536,154,2638,46,2.2,1.7,0.31,0.01,0.32,11.94,0.05,0.0,0.05,2.09,122.2,339.0,128.0,3.2,452.0,163.0,27.0,369.0,124.0,15.3,393.0,142.0,,,,30,,Radu,Drăgușin,Dragusin,,,513,0,0,0,13,0,0,0,0,0,0,5,70,,,,0.0,0.0,2.28,0.88,12.28,5,65,13
573,a,100.0,100.0,4.2,635,145.0,0,0.0,-3,3.0,0.9,196,76.0,59,4,2.6,252.0,96.0,1,222,1.0,261.0,95.0,0.2,14.0,0.0,300196,487,362246,404,1.0,0.5,0.86,1.74,2.6,29.1,0.04,0.09,0.13,1.49,254.6,225.0,89.0,201.5,170.0,42.0,172.0,171.0,39.0,62.7,208.0,71.0,,,,30,,Djed,Spence,Spence,,,1761,0,0,7,28,0,0,0,4,0,0,20,124,,,,0.0,0.36,1.43,1.02,5.11,34,66,98
574,a,100.0,25.0,4.3,596,136.0,0,0.0,-2,2.0,0.3,319,117.0,15,0,1.2,439.0,157.0,0,62,0.0,546.0,230.0,0.0,3.5,0.0,50412,5,113779,77,0.0,-0.1,0.16,0.51,0.67,13.98,0.02,0.06,0.08,1.58,144.0,318.0,122.0,122.3,236.0,63.0,82.0,278.0,80.0,34.9,316.0,107.0,,,,30,,Destiny,Udogie,Udogie,,,794,0,1,0,17,0,0,0,2,0,0,8,61,,,,0.0,0.0,1.93,0.91,4.53,19,21,47
575,a,100.0,0.0,4.4,547,118.0,0,0.0,-1,1.0,19.1,18,6.0,97,0,3.6,108.0,38.0,10,338,-0.8,822.0,266.0,-0.2,22.0,0.0,3500712,4880,4400993,26672,-0.8,0.0,2.79,0.34,3.13,37.24,0.11,0.01,0.12,1.42,583.2,46.0,20.0,80.2,298.0,95.0,204.0,134.0,25.0,86.6,124.0,37.0,,,,30,,Micky,van de Ven,Van de Ven,,,2366,4,1,7,42,0,0,0,7,1,0,27,214,,,,0.0,0.27,1.6,1.03,6.77,31,147,94
576,u,0.0,0.0,4.0,712,187.0,0,0.0,0,0.0,0.0,736,254.0,0,0,0.0,614.0,228.0,0,0,0.0,489.0,193.0,0.0,0.0,0.0,0,0,2004,1,0.0,0.0,0.0,0.0,0.0,0.0,0.0,0.0,0.0,0.0,0.0,604.0,228.0,0.0,596.0,228.0,0.0,567.0,225.0,0.0,606.0,228.0,,,,30,,Ashley,Phillips,Phillips,Has joined Stoke City on loan for the rest of the season.,,0,0,0,0,0,0,0,0,0,0,0,0,0,,,,0.0,0.0,0.0,0.0,0.0,0,0,0
577,u,0.0,0.0,4.0,714,188.0,0,0.0,0,0.0,0.0,604,215.0,0,0,0.0,616.0,229.0,0,0,0.0,491.0,194.0,0.0,0.0,0.0,1005,0,9063,9,0.0,0.0,0.0,0.0,0.0,0.0,0.0,0.0,0.0,0.0,0.0,606.0,229.0,0.0,598.0,229.0,0.0,569.0,226.0,0.0,608.0,229.0,,,,30,,Takai,Kōta,Takai,has joined Borussia Mönchengladbach on loan for the rest of the season.,,0,0,0,0,0,0,0,0,0,0,0,0,0,,,,0.0,0.0,0.0,0.0,0.0,0,0,0
578,u,0.0,0.0,3.9,784,231.0,0,0.0,-1,1.0,0.3,311,114.0,0,0,0.0,576.0,210.0,0,0,0.0,448.0,174.0,0.0,0.0,0.0,7334,0,92111,42,0.0,0.0,0.0,0.0,0.0,0.0,0.0,0.0,0.0,0.0,0.0,565.0,209.0,0.0,552.0,209.0,0.0,522.0,205.0,0.0,567.0,209.0,,,,30,,Luka,Vušković,Vuskovic,has joined Hamburger SV on loan for the rest of the season.,,0,0,0,0,0,0,0,0,0,0,0,0,0,,,,0.0,0.0,0.0,0.0,0.0,0,0,0
579,u,0.0,0.0,8.5,10,6.0,0,0.0,0,0.0,0.1,444,150.0,0,0,0.0,822.0,370.0,0,0,0.0,820.0,370.0,0.0,0.0,0.0,0,0,25569,8,0.0,0.0,0.0,0.0,0.0,0.0,0.0,0.0,0.0,0.0,0.0,822.0,370.0,0.0,822.0,370.0,0.0,822.0,370.0,0.0,822.0,370.0,,,,30,,Son,Heung-min,Son,has joined Los Angeles FC permanently.,,0,0,0,0,0,0,0,0,0,0,0,0,0,,,,0.0,0.0,0.0,0.0,0.0,0,0,0
581,i,0.0,0.0,6.8,42,26.0,0,0.0,-2,2.0,0.1,440,147.0,0,0,0.0,819.0,367.0,0,0,0.0,814.0,365.0,0.0,0.0,0.0,1824,23,23859,17,0.0,0.0,0.0,0.0,0.0,0.0,0.0,0.0,0.0,0.0,0.0,819.0,367.0,0.0,819.0,367.0,0.0,819.0,367.0,0.0,819.0,367.0,,,,30,,James,Maddison,Maddison,Anterior cruciate ligament - Unknown return date,,0,0,0,0,0,0,0,0,0,0,0,0,0,,,,0.0,0.0,0.0,0.0,0.0,0,0,0
582,i,0.0,0.0,6.4,59,38.0,0,0.0,-1,1.0,9.4,33,12.0,75,0,3.9,77.0,34.0,7,257,0.0,810.0,363.0,0.0,11.7,0.0,3263372,20,5209725,2107,0.0,0.0,1.92,2.41,4.33,22.74,0.11,0.14,0.25,1.33,333.4,177.0,70.0,413.8,53.0,44.0,302.0,84.0,52.0,104.7,85.0,53.0,3.0,4.0,3.0,30,,Mohammed,Kudus,Kudus,Thigh injury - Expected back 11 Apr,,1535,2,6,7,20,0,0,0,3,0,0,19,133,,,,0.0,0.41,1.17,1.11,7.8,29,9,95
583,i,0.0,0.0,6.4,58,37.0,0,0.0,-1,1.0,0.0,723,299.0,0,0,0.0,816.0,366.0,0,0,0.0,809.0,362.0,0.0,0.0,0.0,1054,14,2115,8,0.0,0.0,0.0,0.0,0.0,0.0,0.0,0.0,0.0,0.0,0.0,816.0,366.0,0.0,816.0,366.0,0.0,816.0,366.0,0.0,816.0,366.0,,,,30,,Dejan,Kulusevski,Kulusevski,Knee injury - Unknown return date,,0,0,0,0,0,0,0,0,0,0,0,0,0,,,,0.0,0.0,0.0,0.0,0.0,0,0,0
584,a,,,6.2,79,52.0,0,0.0,-3,3.0,0.1,432,144.0,54,2,2.3,305.0,134.0,5,181,1.5,235.0,97.0,0.2,8.7,0.0,40888,349,46781,137,1.5,1.0,1.95,1.18,3.12,12.94,0.21,0.13,0.34,1.41,189.8,281.0,121.0,262.8,126.0,88.0,228.0,117.0,71.0,68.3,187.0,94.0,4.0,,,30,,Mathys,Tel,Tel,,,825,3,1,1,17,0,0,0,0,0,0,8,71,,,,0.0,0.11,1.85,0.87,7.75,14,9,48
585,i,0.0,0.0,5.2,206,127.0,0,0.0,-3,3.0,0.2,405,136.0,64,0,3.2,166.0,69.0,3,269,0.0,766.0,331.0,0.0,12.3,0.0,56915,4,66743,76,0.0,0.0,0.45,0.68,1.13,20.56,0.03,0.04,0.07,1.32,268.6,216.0,92.0,159.7,200.0,129.0,85.0,275.0,149.0,51.6,256.0,131.0,,,,30,,Rodrigo,Bentancur,Bentancur,Hamstring injury - Unknown return date,,1407,1,1,5,21,0,0,0,5,0,0,17,207,,,,0.0,0.32,1.34,1.09,13.24,37,69,101
586,a,100.0,0.0,5.2,217,134.0,0,0.0,-3,3.0,0.2,393,132.0,39,0,2.3,302.0,132.0,0,139,0.0,769.0,334.0,0.0,7.5,0.0,102353,4,111406,53,0.0,0.0,0.96,0.39,1.35,10.21,0.11,0.04,0.15,1.15,137.4,324.0,144.0,81.4,296.0,171.0,133.0,211.0,119.0,35.3,315.0,153.0,,,,30,,Lucas,Bergvall,Bergvall,,,799,1,2,3,13,0,0,0,2,0,0,10,68,,,,0.0,0.34,1.46,1.13,7.66,20,14,34
587,i,0.0,0.0,5.2,209,128.0,0,0.0,-3,3.0,0.0,592,222.0,13,0,1.6,399.0,172.0,0,88,1.2,250.0,107.0,0.2,2.5,0.0,3298,1,14946,127,0.0,0.0,0.36,0.08,0.44,11.22,0.07,0.02,0.09,2.2,83.8,381.0,170.0,18.9,398.0,198.0,23.0,377.0,191.0,12.6,409.0,185.0,,,,30,,Yves,Bissouma,Bissouma,Muscle injury - Unknown return date,,460,0,0,0,15,0,0,0,3,0,0,5,67,,,,0.0,0.0,2.93,0.98,13.11,18,25,24
588,i,0.0,0.0,5.3,202,125.0,0,0.0,-2,2.0,0.0,603,229.0,46,0,1.9,358.0,154.0,6,176,0.0,774.0,337.0,0.0,8.7,0.0,16377,3,18114,45,0.0,0.0,1.92,1.21,3.13,14.24,0.18,0.11,0.29,1.32,158.8,306.0,138.0,284.3,115.0,82.0,234.0,111.0,66.0,67.6,194.0,97.0,,,,30,,Wilson,Odobert,Odobert,Knee injury - Unknown return date,,972,0,2,2,13,0,0,0,0,0,0,10,77,,,,0.0,0.19,1.2,0.93,7.13,10,14,53
589,u,0.0,0.0,5.4,167,104.0,0,0.0,-1,1.0,0.0,765,326.0,0,0,0.0,803.0,356.0,0,0,0.0,781.0,341.0,0.0,0.0,0.0,115,0,1477,0,0.0,0.0,0.0,0.0,0.0,0.0,0.0,0.0,0.0,0.0,0.0,802.0,355.0,0.0,801.0,355.0,0.0,799.0,354.0,0.0,802.0,355.0,,,,30,,Manor,Solomon,Solomon,has joined Fiorentina on loan for the rest of the season.,,0,0,0,0,0,0,0,0,0,0,0,0,0,,,,0.0,0.0,0.0,0.0,0.0,0,0,0
590,u,0.0,0.0,4.9,324,201.0,0,0.0,-1,1.0,0.0,660,264.0,0,0,0.0,776.0,337.0,0,0,0.0,729.0,306.0,0.0,0.0,0.0,675,0,4490,1,0.0,0.0,0.0,0.0,0.0,0.0,0.0,0.0,0.0,0.0,0.0,775.0,336.0,0.0,771.0,336.0,0.0,767.0,334.0,0.0,775.0,336.0,,,,30,,Bryan,Gil Salvatierra,Bryan,has joined Girona permanently.,,0,0,0,0,0,0,0,0,0,0,0,0,0,,,,0.0,0.0,0.0,0.0,0.0,0,0,0
591,a,100.0,100.0,4.8,370,231.0,0,0.0,-2,2.0,0.2,407,137.0,55,2,2.8,225.0,91.0,6,213,3.2,105.0,43.0,0.7,11.5,0.0,22038,386,24417,209,3.2,2.7,1.3,1.26,2.56,22.12,0.09,0.09,0.18,1.55,239.8,242.0,103.0,124.3,233.0,149.0,134.0,209.0,118.0,49.8,262.0,135.0,,,,30,,Archie,Gray,Gray,,,1287,2,2,5,24,0,0,0,5,0,0,16,116,,,,0.0,0.35,1.68,1.12,8.11,9,59,48
481,a,,,3.8,807,252.0,0,0.0,-2,2.0,0.7,219,84.0,1,0,1.0,451.0,163.0,0,-1,0.0,404.0,155.0,0.0,0.3,0.0,79339,261,103144,519,0.0,-0.5,0.0,0.0,0.0,0.27,0.0,0.0,0.0,24.3,2.2,490.0,175.0,0.0,510.0,194.0,0.0,478.0,188.0,0.2,503.0,177.0,,,,30,,Alex,Murphy,A.Murphy,,,1,0,0,0,1,0,0,0,0,0,0,0,1,,,,0.0,0.0,90.0,0.0,90.0,0,1,0
592,u,0.0,0.0,5.0,273,167.0,0,0.0,0,0.0,0.0,794,348.0,0,0,0.0,793.0,350.0,0,0,0.0,753.0,323.0,0.0,0.0,0.0,0,0,687,0,0.0,0.0,0.0,0.0,0.0,0.0,0.0,0.0,0.0,0.0,0.0,792.0,349.0,0.0,790.0,349.0,0.0,786.0,347.0,0.0,792.0,349.0,,,,30,,Mikey,Moore,Moore,Has joined Rangers on loan for the rest of the season.,,0,0,0,0,0,0,0,0,0,0,0,0,0,,,,0.0,0.0,0.0,0.0,0.0,0,0,0
593,a,100.0,100.0,4.5,441,265.0,0,0.0,-5,5.0,1.1,183,64.0,63,4,3.0,190.0,81.0,2,271,2.5,151.0,58.0,0.6,14.0,0.0,396551,1448,578520,1358,2.5,2.0,1.41,1.04,2.45,24.47,0.1,0.08,0.18,1.79,298.4,198.0,83.0,125.5,232.0,148.0,144.0,197.0,111.0,57.0,227.0,111.0,,,,30,,Pape Matar,Sarr,P.M.Sarr,,,1230,2,3,3,19,0,0,0,2,0,0,12,171,,,,0.0,0.22,1.39,0.88,12.51,30,70,71
594,u,0.0,0.0,4.5,503,313.0,0,0.0,0,0.0,0.0,737,310.0,0,0,0.0,751.0,319.0,0,0,0.0,680.0,273.0,0.0,0.0,0.0,0,0,2824,1,0.0,0.0,0.0,0.0,0.0,0.0,0.0,0.0,0.0,0.0,0.0,750.0,318.0,0.0,744.0,318.0,0.0,731.0,314.0,0.0,750.0,318.0,,,,30,,Yang,Min-hyeok,Min-hyeok,has joined Coventry City on loan for the rest of the season.,,0,0,0,0,0,0,0,0,0,0,0,0,0,,,,0.0,0.0,0.0,0.0,0.0,0,0,0
596,a,100.0,100.0,7.2,31,13.0,0,0.0,-3,3.0,1.2,175,28.0,33,2,3.0,199.0,20.0,4,152,3.0,128.0,17.0,0.4,4.6,0.0,141262,2911,521942,1266,3.0,2.5,2.17,0.19,2.35,14.04,0.28,0.02,0.3,1.84,168.8,298.0,29.0,64.5,320.0,35.0,214.0,124.0,30.0,44.6,278.0,32.0,,,2.0,30,,Dominic,Solanke-Mitchell,Solanke,,,688,3,0,0,15,0,0,0,1,0,0,7,47,,,,0.0,0.0,1.96,0.92,6.15,17,13,17
597,a,100.0,100.0,6.3,64,21.0,0,0.0,-2,2.0,5.7,67,13.0,91,9,3.6,118.0,8.0,13,415,4.0,74.0,9.0,0.6,14.4,0.0,2969968,12877,3050773,1083,4.0,3.5,6.25,1.24,7.49,20.61,0.39,0.08,0.47,1.29,474.6,86.0,6.0,183.9,182.0,16.0,605.0,21.0,13.0,126.1,45.0,10.0,,,5.0,30,,Richarlison,de Andrade,Richarlison,,,1436,9,3,5,21,0,0,0,5,0,0,14,112,,,,0.0,0.31,1.32,0.88,7.02,20,47,45
598,u,0.0,0.0,4.5,465,66.0,0,0.0,0,0.0,0.0,673,86.0,0,0,0.0,723.0,76.0,0,0,0.0,646.0,65.0,0.0,0.0,0.0,0,0,5122,4,0.0,0.0,0.0,0.0,0.0,0.0,0.0,0.0,0.0,0.0,0.0,719.0,76.0,0.0,714.0,75.0,0.0,699.0,75.0,0.0,720.0,76.0,,,,30,,Will,Lankshear,Lankshear,has joined Oxford United on loan for the rest of the season.,,0,0,0,0,0,0,0,0,0,0,0,0,0,,,,0.0,0.0,0.0,0.0,0.0,0,0,0
599,u,0.0,0.0,4.3,598,84.0,0,0.0,-2,2.0,0.5,248,37.0,2,0,1.0,464.0,57.0,0,5,0.0,548.0,53.0,0.0,0.5,0.0,60820,0,110488,237,0.0,0.0,0.0,0.01,0.01,0.03,0.0,0.13,0.13,0.39,1.0,500.0,60.0,4.1,447.0,59.0,2.0,446.0,60.0,0.7,488.0,60.0,,,,30,,Dane,Scarlett,Scarlett,has joined Hibernian on loan for the rest of the season.,,7,0,0,0,0,0,0,0,0,0,0,0,1,,,,0.0,0.0,0.0,0.0,12.86,0,0,1
673,d,75.0,0.0,5.5,136,85.0,0,0.0,0,0.0,0.8,213,74.0,94,0,3.6,114.0,53.0,11,398,2.5,161.0,64.0,0.5,17.1,0.0,369393,17,364734,1364,1.9,0.0,1.33,0.55,1.88,29.02,0.07,0.03,0.1,1.47,495.0,78.0,23.0,115.6,244.0,154.0,170.0,175.0,95.0,78.3,145.0,78.0,,,,30,,João Maria,Lobo Alves Palhares Costa Palhinha Gonçalves,J.Palhinha,Head injury - 75% chance of playing,,1774,3,3,4,32,0,0,0,6,0,0,19,244,,,,0.0,0.2,1.62,0.96,12.38,96,79,69
717,a,100.0,100.0,6.5,53,34.0,0,0.0,-5,5.0,1.1,185,65.0,64,1,2.7,247.0,103.0,5,288,1.2,258.0,115.0,0.2,9.8,0.0,815988,1093,746040,1220,1.2,0.7,2.31,3.52,5.83,28.98,0.13,0.2,0.33,1.66,288.0,204.0,86.0,476.5,37.0,33.0,217.0,122.0,74.0,98.2,95.0,55.0,1.0,3.0,4.0,30,,Xavi,Simons,Xavi,,,1567,1,4,3,33,0,0,0,4,1,0,17,138,,,,0.0,0.17,1.9,0.98,7.93,31,25,82
726,a,100.0,100.0,6.9,39,15.0,0,0.0,-1,1.0,0.4,287,44.0,41,4,1.9,364.0,43.0,1,125,3.2,113.0,14.0,0.5,5.9,0.0,127288,502,117412,406,3.2,2.7,1.62,1.31,2.93,20.75,0.12,0.1,0.22,1.56,144.6,317.0,31.0,208.3,167.0,14.0,202.0,137.0,33.0,54.8,236.0,28.0,,,,30,,Randal,Kolo Muani,Kolo Muani,,,1200,1,1,3,25,0,0,0,2,0,0,15,89,,,,0.0,0.23,1.88,1.12,6.67,21,19,49
750,a,,,4.0,699,179.0,0,0.0,0,0.0,0.0,641,228.0,1,1,1.0,455.0,165.0,0,3,0.2,350.0,124.0,0.0,0.2,0.0,1859,11,1627,27,0.2,-0.3,0.0,0.0,0.0,0.36,0.0,0.0,0.0,32.4,0.0,595.0,223.0,0.0,586.0,223.0,0.0,556.0,219.0,0.0,597.0,223.0,,,,30,,James,Rowswell,Rowswell,,,1,0,0,0,0,0,0,0,0,0,0,0,0,,,,0.0,0.0,0.0,0.0,0.0,0,0,0
751,u,0.0,0.0,4.5,486,300.0,0,0.0,0,0.0,0.0,780,340.0,0,0,0.0,738.0,309.0,0,0,0.0,666.0,262.0,0.0,0.0,0.0,675,0,632,2,0.0,0.0,0.0,0.0,0.0,0.0,0.0,0.0,0.0,0.0,0.0,736.0,307.0,0.0,730.0,307.0,0.0,717.0,303.0,0.0,736.0,307.0,,,,30,,Yusuf,Akhamrich,Akhamrich,has joined Bristol Rovers on loan for the rest of the season.,,0,0,0,0,0,0,0,0,0,0,0,0,0,,,,0.0,0.0,0.0,0.0,0.0,0,0,0
790,a,,,4.5,499,310.0,0,0.0,0,0.0,0.0,769,329.0,0,0,0.0,747.0,316.0,0,0,0.0,676.0,270.0,0.0,0.0,0.0,749,12,375,17,0.0,-0.5,0.0,0.0,0.0,0.0,0.0,0.0,0.0,0.0,0.0,746.0,315.0,0.0,740.0,315.0,0.0,727.0,311.0,0.0,746.0,315.0,,,,30,,Lucá,Williams-Barnett,Williams-Barnett,,,0,0,0,0,0,0,0,0,0,0,0,0,0,,,,0.0,0.0,0.0,0.0,0.0,0,0,0
796,d,75.0,75.0,5.2,210,129.0,0,0.0,-3,3.0,0.1,491,174.0,19,0,2.4,289.0,126.0,0,96,1.0,272.0,121.0,0.2,3.7,0.0,36451,22,24939,825,0.8,0.4,0.56,0.48,1.04,13.79,0.09,0.07,0.16,2.15,85.8,377.0,168.0,107.2,260.0,160.0,86.0,272.0,148.0,27.9,347.0,168.0,,,,30,,Conor,Gallagher,Gallagher,Illness - 75% chance of playing,,577,0,1,0,16,0,0,0,0,0,0,7,59,,,,0.0,0.0,2.5,1.09,9.2,10,15,34
804,a,,,4.0,732,205.0,0,0.0,0,0.0,0.0,682,239.0,3,1,0.8,513.0,178.0,0,0,0.5,318.0,113.0,0.1,0.8,0.0,2249,139,894,40,0.5,0.0,0.02,0.03,0.05,2.61,0.01,0.02,0.03,1.65,12.8,459.0,167.0,31.9,377.0,135.0,17.0,391.0,140.0,6.2,440.0,159.0,,,,30,,João Victor,de Souza Menezes,Souza,,,142,0,0,0,3,0,0,0,1,0,0,2,6,,,,0.0,0.0,1.9,1.27,3.8,0,6,3
811,a,,,4.5,459,279.0,0,0.0,0,0.0,0.0,798,352.0,0,0,0.0,719.0,294.0,0,0,0.0,641.0,241.0,0.0,0.0,0.0,355,5,156,8,0.0,-0.5,0.0,0.0,0.0,0.0,0.0,0.0,0.0,0.0,0.0,714.0,289.0,0.0,710.0,291.0,0.0,694.0,284.0,0.0,715.0,290.0,,,,30,,Rio,Kyerematen,Kyerematen,,,0,0,0,0,0,0,0,0,0,0,0,0,0,,,,0.0,0.0,0.0,0.0,0.0,0,0,0
818,a,,,4.5,500,71.0,0,0.0,0,0.0,0.0,679,87.0,0,0,0.0,748.0,81.0,0,0,0.0,677.0,70.0,0.0,0.0,0.0,2474,237,805,112,0.0,-0.5,0.0,0.0,0.0,0.0,0.0,0.0,0.0,0.0,0.0,747.0,81.0,0.0,741.0,80.0,0.0,728.0,80.0,0.0,747.0,81.0,,,,30,,James,Wilson,Wilson,,,0,0,0,0,0,0,0,0,0,0,0,0,0,,,,0.0,0.0,0.0,0.0,0.0,0,0,0
326,a,100.0,75.0,5.1,224,137.0,0,0.0,-4,4.0,0.2,412,139.0,22,1,1.0,500.0,231.0,0,67,0.8,304.0,136.0,0.2,4.3,0.0,16651,91,37224,108,0.8,0.2,0.34,0.55,0.89,7.58,0.1,0.16,0.26,2.25,22.8,445.0,196.0,63.8,321.0,178.0,62.0,310.0,166.0,14.5,396.0,181.0,,,,30,,Adama,Traoré Diarra,Adama,,,303,0,0,0,10,0,0,0,1,0,0,1,15,,,,0.0,0.0,2.97,0.3,4.46,1,2,12
600,a,,,4.3,574,27.0,0,0.0,-2,2.0,2.0,137,19.0,51,0,2.5,266.0,27.0,2,220,0.0,535.0,84.0,0.0,11.9,0.0,183960,647,456038,1923,0.0,-0.5,0.0,0.0,0.0,35.3,0.0,0.0,0.0,1.76,570.4,49.0,12.0,10.0,425.0,8.0,0.0,605.0,68.0,57.9,223.0,12.0,,,,30,,Alphonse,Areola,Areola,,,1800,0,1,0,37,0,0,0,0,0,77,20,55,,,,3.85,0.0,1.85,1.0,0.0,0,30,142
601,u,0.0,0.0,4.0,664,42.0,0,0.0,0,0.0,0.2,359,51.0,0,0,0.0,579.0,65.0,0,0,0.0,451.0,56.0,0.0,0.0,0.0,3874,0,42810,87,0.0,0.0,0.0,0.0,0.0,0.0,0.0,0.0,0.0,0.0,0.0,568.0,65.0,0.0,556.0,49.0,0.0,526.0,36.0,0.0,570.0,65.0,,,,30,,Wes,Foderingham,Foderingham,has joined Aris Limassol permanently.,,0,0,0,0,0,0,0,0,0,0,0,0,0,,,,0.0,0.0,0.0,0.0,0.0,0,0,0
602,u,0.0,0.0,3.9,767,83.0,0,0.0,-1,1.0,0.2,371,53.0,0,0,0.0,562.0,55.0,0,0,0.0,433.0,46.0,0.0,0.0,0.0,11331,0,20177,155,0.0,0.0,0.0,0.0,0.0,0.0,0.0,0.0,0.0,0.0,0.0,551.0,55.0,0.0,537.0,37.0,0.0,506.0,24.0,0.0,553.0,55.0,,,,30,,Krisztián,Hegyi,Hegyi,has joined MTK Budapest on loan for the rest of the season.,,0,0,0,0,0,0,0,0,0,0,0,0,0,,,,0.0,0.0,0.0,0.0,0.0,0,0,0
603,a,100.0,100.0,4.0,730,203.0,0,0.0,-5,5.0,2.3,129,50.0,81,2,3.4,129.0,44.0,3,256,5.0,37.0,13.0,1.2,20.2,0.0,383600,6690,898815,1822,5.0,4.5,0.46,1.7,2.16,32.57,0.02,0.08,0.1,1.46,427.8,112.0,50.0,247.4,136.0,33.0,83.0,276.0,79.0,76.0,150.0,48.0,,,,30,,El Hadji Malick,Diouf,Diouf,,,2003,0,6,6,38,0,0,0,4,0,0,22,197,,,,0.0,0.27,1.71,0.99,7.28,30,132,85
604,u,0.0,0.0,4.4,523,101.0,0,0.0,-1,1.0,0.1,583,208.0,0,0,0.0,666.0,252.0,0,0,0.0,569.0,232.0,0.0,0.0,0.0,1719,0,20798,5,0.0,0.0,0.0,0.0,0.0,0.0,0.0,0.0,0.0,0.0,0.0,656.0,252.0,0.0,652.0,252.0,0.0,630.0,251.0,0.0,658.0,252.0,,,,30,,Emerson,Palmieri dos Santos,Emerson,has joined Marseille permanently.,,0,0,0,0,0,0,0,0,0,0,0,0,0,,,,0.0,0.0,0.0,0.0,0.0,0,0,0
605,a,,,4.1,654,157.0,0,0.0,-4,4.0,0.1,425,159.0,36,0,1.7,385.0,142.0,0,80,0.0,515.0,216.0,0.0,8.8,0.0,30216,37,50633,112,0.0,-0.5,0.56,0.25,0.81,33.28,0.03,0.01,0.04,1.92,392.4,133.0,59.0,55.8,335.0,114.0,60.0,314.0,97.0,50.9,257.0,83.0,,,,30,,Maximilian,Kilman,Kilman,,,1559,0,0,1,37,0,0,0,4,0,0,17,191,,,,0.0,0.06,2.14,0.98,9.24,16,144,43
606,a,100.0,100.0,4.4,535,111.0,0,0.0,-1,1.0,0.2,390,147.0,74,12,3.2,161.0,64.0,2,211,5.2,27.0,7.0,1.2,16.8,0.0,24336,4262,20679,186,5.2,4.7,1.91,0.38,2.29,29.81,0.09,0.02,0.11,1.48,512.2,70.0,32.0,25.4,386.0,140.0,188.0,147.0,28.0,72.5,167.0,58.0,,,,30,,Konstantinos,Mavropanos,Mavropanos,,,1812,1,0,3,34,1,0,0,2,0,0,19,244,,,,0.0,0.15,1.69,0.94,11.13,28,196,69
607,u,0.0,0.0,4.4,528,105.0,0,0.0,-1,1.0,0.0,608,216.0,3,0,1.5,405.0,148.0,0,-1,0.0,572.0,234.0,0.0,0.7,0.0,1288,0,12330,2,0.0,0.0,0.1,0.03,0.13,3.42,0.05,0.02,0.07,1.71,39.0,421.0,158.0,3.9,449.0,161.0,8.0,418.0,158.0,5.1,449.0,161.0,,,,30,,Nayef,Aguerd,N.Aguerd,has joined Marseille permanently.,,180,0,0,0,8,0,0,0,0,0,0,2,23,,,,0.0,0.0,4.0,1.0,7.5,1,14,8
608,d,75.0,75.0,4.3,608,139.0,0,0.0,-2,2.0,0.0,623,222.0,21,0,1.8,369.0,138.0,0,86,0.0,554.0,231.0,0.0,4.9,0.0,4975,4,7004,53,0.0,-0.4,0.18,0.32,0.5,13.28,0.02,0.04,0.06,1.83,138.2,323.0,124.0,71.7,306.0,100.0,22.0,380.0,132.0,23.2,361.0,123.0,5.0,,,30,,Ollie,Scarles,Scarles,Knock - 75% chance of playing,,654,0,1,0,16,0,0,0,1,0,0,9,73,,,,0.0,0.0,2.2,1.24,9.91,29,43,35
609,a,100.0,100.0,4.3,591,133.0,0,0.0,-2,2.0,0.1,480,173.0,44,4,2.2,309.0,114.0,1,161,3.2,100.0,36.0,0.7,10.2,0.0,12359,149,19896,46,3.2,2.7,0.25,0.31,0.56,31.66,0.01,0.02,0.03,1.68,370.6,152.0,65.0,65.5,318.0,108.0,24.0,374.0,129.0,46.1,275.0,89.0,,,,30,,Jean-Clair,Todibo,Todibo,,,1701,0,1,1,34,0,0,0,4,1,0,20,172,,,,0.0,0.05,1.8,1.06,8.36,37,121,86
610,a,100.0,100.0,4.1,655,158.0,0,0.0,-4,4.0,4.6,82,26.0,63,2,3.0,189.0,74.0,0,194,3.8,76.0,29.0,0.9,15.4,0.0,271568,2615,2311536,1694,3.8,3.3,0.0,0.93,0.93,31.45,0.0,0.05,0.05,1.55,398.2,130.0,57.0,288.9,111.0,27.0,30.0,364.0,121.0,72.1,170.0,59.0,,,,30,,Aaron,Wan-Bissaka,Wan-Bissaka,,,1821,0,3,3,37,0,0,0,3,0,0,20,174,,,,0.0,0.15,1.83,0.99,7.91,28,132,64
611,u,0.0,0.0,4.0,709,184.0,0,0.0,0,0.0,0.1,551,198.0,0,0,0.0,612.0,226.0,0,0,0.0,486.0,190.0,0.0,0.0,0.0,0,0,13282,14,0.0,0.0,0.0,0.0,0.0,0.0,0.0,0.0,0.0,0.0,0.0,602.0,226.0,0.0,594.0,226.0,0.0,564.0,222.0,0.0,604.0,226.0,,,,30,,Kaelan,Casey,Casey,has joined Leyton Orient on loan for the rest of the season.,,0,0,0,0,0,0,0,0,0,0,0,0,0,,,,0.0,0.0,0.0,0.0,0.0,0,0,0
612,u,0.0,0.0,5.9,97,63.0,0,0.0,-1,1.0,1.1,186,66.0,69,0,3.8,87.0,40.0,8,291,0.0,799.0,356.0,0.0,11.7,0.0,897173,0,975073,383,0.0,0.0,2.85,2.0,4.85,24.22,0.17,0.12,0.29,1.44,374.6,146.0,51.0,397.2,62.0,50.0,186.0,156.0,87.0,95.7,99.0,57.0,,,,30,,Lucas,Tolentino Coelho de Lima,L.Paquetá,has joined Flamengo permanently.,,1513,4,2,3,33,0,0,0,5,1,0,18,146,,,,0.0,0.18,1.96,1.07,8.68,40,30,76
613,a,100.0,100.0,5.7,115,74.0,0,0.0,-3,3.0,0.3,318,108.0,77,4,2.9,216.0,88.0,6,303,4.0,72.0,32.0,0.7,13.5,0.0,43624,1044,110883,330,4.0,3.5,4.42,0.39,4.81,27.99,0.26,0.02,0.28,1.67,392.2,134.0,44.0,141.6,215.0,140.0,339.0,70.0,40.0,87.4,120.0,70.0,,,,30,,Tomáš,Souček,Souček,,,1506,4,2,4,34,0,0,0,2,1,0,16,165,,,,0.0,0.24,2.03,0.96,9.86,29,90,46
618,u,0.0,0.0,4.8,352,222.0,0,0.0,-2,2.0,0.0,611,235.0,8,0,1.3,434.0,194.0,0,30,0.0,701.0,288.0,0.0,1.7,0.0,2295,0,6172,11,0.0,0.0,0.03,0.04,0.07,2.59,0.02,0.02,0.04,1.33,9.8,466.0,208.0,6.0,441.0,213.0,2.0,452.0,222.0,1.7,474.0,215.0,,,,30,,Guido,Rodríguez,G.Rodriguez,has joined Valencia on loan for the rest of the season.,,175,0,0,1,2,0,0,0,1,0,0,2,15,,,,0.0,0.51,1.03,1.03,7.71,1,4,10
619,u,0.0,0.0,4.9,341,212.0,0,0.0,-1,1.0,0.0,683,276.0,5,0,1.0,495.0,227.0,0,11,0.0,737.0,311.0,0.0,1.0,0.0,868,0,3400,3,0.0,0.0,0.07,0.03,0.1,1.82,0.05,0.02,0.07,1.35,9.2,467.0,209.0,14.5,407.0,202.0,4.0,439.0,215.0,2.5,465.0,210.0,,,,30,,Luis Guilherme,Lira dos Santos,L.Guilherme,has joined Sporting CP permanently.,,121,0,0,0,2,0,0,0,0,0,0,1,11,,,,0.0,0.0,1.49,0.74,8.18,1,2,8
620,u,0.0,0.0,4.5,445,267.0,0,0.0,0,0.0,0.0,610,234.0,1,0,1.0,478.0,213.0,0,3,0.0,630.0,231.0,0.0,0.2,0.0,3770,0,9551,14,0.0,0.0,0.0,0.01,0.01,0.73,0.0,0.11,0.11,8.21,0.0,704.0,279.0,1.5,464.0,223.0,2.0,449.0,219.0,0.4,496.0,226.0,,,,30,,George,Earthy,Earthy,has joined Bristol City on loan for the rest of the season.,,8,0,0,0,1,0,0,0,0,0,0,0,0,,,,0.0,0.0,11.25,0.0,0.0,0,0,0
621,u,0.0,0.0,4.3,586,346.0,0,0.0,-2,2.0,0.2,364,121.0,9,0,1.3,430.0,190.0,0,49,0.0,541.0,176.0,0.0,2.1,0.0,43311,0,55609,116,0.0,0.0,0.0,0.17,0.17,4.03,0.0,0.1,0.1,2.32,31.6,432.0,190.0,52.3,341.0,183.0,2.0,444.0,217.0,8.6,427.0,192.0,,,,30,,Andy,Irving,Irving,has joined Sparta Prague permanently.,,156,0,0,0,4,0,0,0,0,0,0,2,22,,,,0.0,0.0,2.31,1.15,12.69,6,2,14
622,u,0.0,0.0,4.4,551,330.0,0,0.0,-1,1.0,0.1,580,217.0,0,0,0.0,676.0,263.0,0,0,0.0,585.0,202.0,0.0,0.0,0.0,1052,0,11956,1,0.0,0.0,0.0,0.0,0.0,0.0,0.0,0.0,0.0,0.0,0.0,667.0,254.0,0.0,664.0,259.0,0.0,642.0,248.0,0.0,669.0,256.0,,,,30,,Lewis,Orford,Orford,has joined Stevenage on loan for the rest of the season.,,0,0,0,0,0,0,0,0,0,0,0,0,0,,,,0.0,0.0,0.0,0.0,0.0,0,0,0
623,a,100.0,100.0,4.4,546,326.0,0,0.0,-1,1.0,0.6,245,85.0,34,0,1.8,371.0,158.0,0,206,0.0,581.0,198.0,0.0,7.7,0.0,143932,79,163743,631,0.0,-0.5,0.21,1.05,1.26,19.95,0.02,0.09,0.11,1.64,179.6,286.0,124.0,129.9,224.0,144.0,37.0,346.0,180.0,34.7,319.0,154.0,,,,30,,Freddie,Potts,Potts,,,1094,0,1,1,23,0,0,0,1,0,0,11,112,,,,0.0,0.08,1.89,0.9,9.21,27,47,38
624,a,,,7.5,20,7.0,0,0.0,-5,5.0,8.2,42,7.0,141,6,4.7,27.0,4.0,22,552,5.2,35.0,4.0,0.7,18.8,0.0,2391321,50402,3273704,4619,5.2,4.7,6.04,3.86,9.9,47.09,0.2,0.13,0.33,1.58,670.6,27.0,4.0,491.0,35.0,1.0,687.0,12.0,8.0,184.8,12.0,4.0,1.0,1.0,2.0,30,,Jarrod,Bowen,Bowen,,,2689,8,7,5,53,0,0,0,4,0,0,30,224,,,,0.0,0.17,1.77,1.0,7.5,39,56,129
625,u,0.0,0.0,5.6,120,33.0,0,0.0,-4,4.0,0.6,242,36.0,12,0,1.5,412.0,50.0,0,28,0.0,793.0,85.0,0.0,2.1,0.0,47611,0,392743,70,0.0,0.0,0.93,0.21,1.14,8.59,0.21,0.05,0.26,1.9,26.0,439.0,51.0,85.1,290.0,30.0,130.0,215.0,43.0,23.8,357.0,42.0,,,,30,,Niclas,Füllkrug,Füllkrug,has joined AC Milan on loan for the rest of the season.,,407,0,0,1,11,0,0,0,0,0,0,5,19,,,,0.0,0.22,2.43,1.11,4.2,2,7,10
626,u,0.0,0.0,4.3,614,86.0,0,0.0,-2,2.0,0.5,255,40.0,2,0,1.0,468.0,58.0,0,0,0.0,560.0,55.0,0.0,0.5,0.0,63604,0,106543,141,0.0,0.0,0.13,0.0,0.13,1.55,0.2,0.0,0.2,2.41,1.2,498.0,58.0,0.1,486.0,61.0,7.0,424.0,59.0,0.8,487.0,59.0,,,,30,,Callum,Marshall,Marshall,has joined VfL Bochum 1848 on loan for the rest of the season.,,58,0,0,0,2,0,0,0,0,0,0,0,3,,,,0.0,0.0,3.1,0.0,4.66,0,2,1
659,a,,,4.2,631,142.0,0,0.0,-3,3.0,0.2,353,129.0,32,0,1.8,368.0,137.0,0,118,0.0,523.0,219.0,0.0,7.6,0.0,31097,73,53737,157,0.0,-0.5,1.13,0.26,1.39,21.13,0.11,0.02,0.13,1.99,203.2,270.0,110.0,88.2,286.0,89.0,98.0,250.0,69.0,39.0,301.0,100.0,,,,30,,Kyle,Walker-Peters,Walker-Peters,,,954,1,0,1,22,0,0,0,2,0,0,10,95,,,,0.0,0.09,2.08,0.94,6.79,34,38,41
671,a,,,5.8,103,29.0,0,0.0,-2,2.0,0.5,253,39.0,64,0,2.7,242.0,26.0,7,224,0.5,338.0,42.0,0.1,11.0,0.0,204823,284,217499,583,0.5,0.0,6.48,0.29,6.77,18.16,0.59,0.03,0.62,1.65,226.8,250.0,23.0,93.6,277.0,28.0,396.0,50.0,19.0,70.5,177.0,23.0,,,,30,,Callum,Wilson,Wilson,,,992,5,2,1,18,0,0,0,0,0,0,10,34,,,,0.0,0.09,1.63,0.91,3.08,3,8,23
752,a,,,4.0,738,211.0,0,0.0,0,0.0,0.0,649,230.0,0,0,0.0,634.0,246.0,0,0,0.0,512.0,214.0,0.0,0.0,0.0,2167,16,1972,29,0.0,-0.5,0.0,0.0,0.0,0.0,0.0,0.0,0.0,0.0,0.0,624.0,246.0,0.0,616.0,246.0,0.0,588.0,244.0,0.0,626.0,246.0,,,,30,,Airidas,Golambeckis,Golambeckis,,,0,0,0,0,0,0,0,0,0,0,0,0,0,,,,0.0,0.0,0.0,0.0,0.0,0,0,0
758,a,,,4.5,505,314.0,0,0.0,0,0.0,0.0,738,311.0,6,1,0.9,509.0,238.0,0,22,0.8,290.0,126.0,0.2,1.3,0.0,1894,26,1183,14,0.8,0.3,0.03,0.03,0.06,0.97,0.11,0.11,0.22,3.49,10.4,463.0,206.0,12.3,416.0,206.0,4.0,436.0,213.0,2.4,466.0,211.0,,,,30,,Mohamadou,Kanté,Mohamadou Kanté,,,25,0,0,0,0,0,0,0,1,0,0,0,11,,,,0.0,0.0,0.0,0.0,39.6,4,1,6
785,a,100.0,100.0,5.4,179,42.0,0,0.0,-1,1.0,0.0,747,91.0,10,2,1.7,392.0,47.0,0,29,0.5,336.0,41.0,0.1,1.9,0.0,4641,45,3988,12,0.5,0.0,0.34,0.07,0.41,4.35,0.1,0.02,0.12,1.25,23.4,443.0,53.0,55.2,336.0,40.0,23.0,378.0,56.0,10.2,417.0,53.0,,,,30,,Pablo Felipe,Pereira de Jesus,Pablo,,,313,0,0,0,5,0,0,0,0,0,0,4,29,,,,0.0,0.0,1.44,1.15,8.34,9,7,13
791,a,,,5.5,144,35.0,0,0.0,0,0.0,0.1,459,66.0,30,2,3.0,197.0,19.0,1,107,3.2,110.0,13.0,0.6,5.5,0.0,31454,549,17800,374,3.2,2.7,2.49,0.53,3.02,11.0,0.27,0.06,0.33,1.21,120.4,342.0,33.0,120.7,238.0,25.0,255.0,100.0,28.0,48.6,265.0,31.0,,,,30,,Valentín,Castellanos,Taty,,,816,2,1,4,12,0,0,0,2,0,0,10,37,,,,0.0,0.44,1.32,1.1,4.08,5,15,17
802,a,,,5.0,281,174.0,0,0.0,0,0.0,0.0,787,344.0,0,0,0.0,796.0,352.0,0,0,0.0,756.0,325.0,0.0,0.0,0.0,438,5,331,12,0.0,-0.5,0.0,0.0,0.0,0.0,0.0,0.0,0.0,0.0,0.0,795.0,351.0,0.0,793.0,351.0,0.0,789.0,349.0,0.0,795.0,351.0,,,,30,,Keiber,Lamadrid,Lamadrid,,,0,0,0,0,0,0,0,0,0,0,0,0,0,,,,0.0,0.0,0.0,0.0,0.0,0,0,0
627,a,,,4.4,522,25.0,0,0.0,-1,1.0,0.1,428,64.0,21,0,1.8,370.0,32.0,0,117,0.0,568.0,87.0,0.0,4.8,0.0,20487,72,24794,138,0.0,-0.5,0.0,0.02,0.02,18.59,0.0,0.0,0.0,1.55,308.0,191.0,21.0,0.1,488.0,15.0,0.0,629.0,72.0,30.8,337.0,21.0,,,,30,,Sam,Johnstone,Johnstone,,,1080,0,0,0,24,1,0,0,0,0,39,12,71,,,,3.25,0.0,2.0,1.0,0.0,2,24,107
633,a,100.0,100.0,4.3,599,137.0,0,0.0,-2,2.0,0.2,367,135.0,73,1,2.6,254.0,98.0,4,290,3.8,77.0,30.0,0.9,17.0,0.0,53749,271,38888,1343,0.0,3.3,0.5,2.87,3.37,32.2,0.02,0.13,0.15,1.49,466.8,88.0,38.0,552.1,25.0,2.0,140.0,201.0,48.0,116.2,66.0,11.0,1.0,,,30,,Hugo,Bueno López,H.Bueno,,,1946,1,2,4,33,0,0,0,1,0,0,21,174,,,,0.0,0.18,1.53,0.97,6.57,53,89,100
650,u,0.0,0.0,4.3,602,353.0,0,0.0,-2,2.0,0.2,374,123.0,2,0,1.0,465.0,202.0,0,4,0.0,551.0,183.0,0.0,0.5,0.0,30885,0,48499,80,0.0,0.0,0.0,0.0,0.0,0.5,0.0,0.0,0.0,1.8,3.2,484.0,221.0,0.3,481.0,233.0,0.0,613.0,230.0,0.4,495.0,225.0,,,,30,,Tawanda,Chirewa,Chirewa,has joined Barnsley on loan for the rest of the season.,,25,0,0,0,0,0,0,0,0,0,0,0,4,,,,0.0,0.0,0.0,0.0,14.4,2,1,1
651,a,,,4.3,618,363.0,0,0.0,-2,2.0,0.4,276,94.0,6,0,6.0,6.0,2.0,0,22,1.2,241.0,100.0,0.3,1.4,0.0,67104,203,68601,604,0.0,0.7,0.17,0.0,0.17,0.2,2.55,0.0,2.55,3.0,34.4,429.0,189.0,0.1,487.0,236.0,17.0,392.0,195.0,5.2,448.0,200.0,,,,30,,Tom,Edozie,Edozie,,,6,1,0,0,0,0,0,0,0,0,0,0,0,,,,0.0,0.0,0.0,0.0,0.0,0,0,0
652,a,,,4.3,617,362.0,0,0.0,-2,2.0,1.3,170,58.0,0,0,0.0,660.0,253.0,0,0,0.0,562.0,190.0,0.0,0.0,0.0,199239,253,244555,1049,0.0,-0.5,0.0,0.0,0.0,0.0,0.0,0.0,0.0,0.0,0.0,650.0,243.0,0.0,646.0,248.0,0.0,623.0,237.0,0.0,652.0,245.0,,,,30,,Enso,González Medina,Gonzalez,,,0,0,0,0,0,0,0,0,0,0,0,0,0,,,,0.0,0.0,0.0,0.0,0.0,0,0,0
653,u,0.0,0.0,4.5,423,254.0,0,0.0,0,0.0,0.0,665,267.0,0,0,0.0,698.0,274.0,0,0,0.0,616.0,219.0,0.0,0.0,0.0,0,0,5782,4,0.0,0.0,0.0,0.0,0.0,0.0,0.0,0.0,0.0,0.0,0.0,692.0,268.0,0.0,687.0,271.0,0.0,669.0,263.0,0.0,694.0,270.0,,,,30,,Joe,Hodge,Hodge,Signed by CD Tondela,,0,0,0,0,0,0,0,0,0,0,0,0,0,,,,0.0,0.0,0.0,0.0,0.0,0,0,0
655,u,0.0,0.0,4.9,328,61.0,0,0.0,-1,1.0,0.2,397,60.0,0,0,0.0,779.0,86.0,0,0,0.0,732.0,78.0,0.0,0.0,0.0,7178,0,55388,15,0.0,0.0,0.0,0.0,0.0,0.0,0.0,0.0,0.0,0.0,0.0,778.0,86.0,0.0,774.0,85.0,0.0,770.0,85.0,0.0,778.0,86.0,,,,30,,Fábio,Soares Silva,Fábio Silva,has joined Borussia Dortmund permanently.,,0,0,0,0,0,0,0,0,0,0,0,0,0,,,,0.0,0.0,0.0,0.0,0.0,0,0,0
709,a,100.0,100.0,4.5,426,85.0,0,0.0,0,0.0,0.1,545,196.0,59,0,2.5,270.0,104.0,0,197,0.8,289.0,106.0,0.2,13.1,0.0,24788,81,20329,265,0.0,0.3,2.01,1.35,3.36,33.91,0.09,0.06,0.15,1.5,451.6,93.0,42.0,115.3,245.0,66.0,219.0,121.0,20.0,78.9,143.0,46.0,,,,30,,Ladislav,Krejcí,Krejčí,,,2037,2,1,3,38,1,0,0,3,1,0,23,190,,,,0.0,0.13,1.68,1.02,7.38,23,144,62
720,a,,,5.4,173,41.0,0,0.0,-1,1.0,0.1,426,62.0,59,5,2.2,314.0,32.0,4,198,2.4,173.0,22.0,0.4,10.9,0.0,63508,238,48196,770,0.0,1.9,4.63,0.36,4.99,20.36,0.34,0.03,0.37,1.49,221.8,257.0,24.0,162.5,198.0,20.0,473.0,31.0,16.0,85.0,132.0,18.0,,,5.0,30,,Tolu,Arokodare,Tolu,,,1231,3,2,3,25,0,0,1,1,0,0,12,71,,,,0.0,0.22,1.83,0.88,5.19,6,41,24
595,a,,,4.3,603,354.0,0,0.0,-2,2.0,0.2,366,122.0,1,1,1.0,466.0,203.0,0,3,0.2,355.0,158.0,0.0,0.2,0.0,24867,73,30520,154,0.2,-0.3,0.0,0.01,0.01,0.75,0.0,0.06,0.06,4.82,0.6,503.0,230.0,1.8,459.0,220.0,0.0,614.0,231.0,0.2,505.0,232.0,,,,30,,Callum,Olusesi,Olusesi,,,14,0,0,0,0,0,0,0,0,0,0,0,2,,,,0.0,0.0,0.0,0.0,12.86,0,0,2
749,a,,,4.5,509,75.0,0,0.0,0,0.0,1.8,146,23.0,53,1,2.6,255.0,27.0,6,210,1.8,203.0,25.0,0.4,11.8,0.0,548240,1562,312876,11022,0.0,1.3,1.35,1.66,3.01,24.08,0.09,0.12,0.21,1.69,216.4,262.0,25.0,240.0,143.0,11.0,199.0,138.0,34.0,65.2,203.0,25.0,2.0,3.0,,30,,Mateus,Mané,Mané,,,1280,2,2,5,20,0,0,0,0,0,0,14,95,,,,0.0,0.35,1.41,0.98,6.68,16,27,52
766,a,,,4.0,726,199.0,0,0.0,0,0.0,0.0,655,233.0,0,0,0.0,627.0,239.0,0,0,0.0,503.0,205.0,0.0,0.0,0.0,3275,39,1826,88,0.0,-0.5,0.0,0.0,0.0,0.0,0.0,0.0,0.0,0.0,0.0,617.0,239.0,0.0,609.0,239.0,0.0,580.0,236.0,0.0,619.0,239.0,,,,30,,Saheed,Olagunju,Olagunju,,,0,0,0,0,0,0,0,0,0,0,0,0,0,,,,0.0,0.0,0.0,0.0,0.0,0,0,0
767,a,,,4.5,493,305.0,0,0.0,0,0.0,0.0,766,327.0,0,0,0.0,744.0,313.0,0,0,0.0,672.0,266.0,0.0,0.0,0.0,1108,9,717,17,0.0,-0.5,0.0,0.0,0.0,0.0,0.0,0.0,0.0,0.0,0.0,742.0,311.0,0.0,736.0,311.0,0.0,723.0,307.0,0.0,742.0,311.0,,,,30,,Luke,Rawlings,Rawlings,,,0,0,0,0,0,0,0,0,0,0,0,0,0,,,,0.0,0.0,0.0,0.0,0.0,0,0,0
777,u,0.0,0.0,4.5,452,272.0,0,0.0,0,0.0,0.0,806,358.0,0,0,0.0,714.0,289.0,0,0,0.0,636.0,236.0,0.0,0.0,0.0,415,0,341,3,0.0,0.0,0.0,0.0,0.0,0.0,0.0,0.0,0.0,0.0,0.0,709.0,284.0,0.0,705.0,286.0,0.0,689.0,279.0,0.0,710.0,285.0,,,,30,,Temple,Ojinnaka,Ojinnaka,has joined Shrewsbury Town on loan for the rest of the season.,,0,0,0,0,0,0,0,0,0,0,0,0,0,,,,0.0,0.0,0.0,0.0,0.0,0,0,0
756,a,,,4.5,515,320.0,0,0.0,0,0.0,0.0,741,313.0,0,0,0.0,758.0,324.0,0,0,0.0,689.0,279.0,0.0,0.0,0.0,1776,14,1165,26,-0.5,0.5,0.0,0.0,0.0,0.0,0.0,0.0,0.0,0.0,0.0,757.0,323.0,0.0,751.0,323.0,0.0,739.0,320.0,0.0,757.0,323.0,,,,30,,Malcom,DaCosta,DaCosta,,,0,0,0,0,0,0,0,0,0,0,0,0,0,,,,0.0,0.0,0.0,0.0,0.0,0,0,0
815,a,,,4.5,419,81.0,0,0.0,0,0.0,0.1,489,175.0,20,2,3.3,150.0,58.0,0,83,3.0,119.0,48.0,0.7,4.4,0.0,16382,669,5291,262,3.0,2.5,0.69,0.01,0.7,7.32,0.12,0.0,0.12,1.22,83.8,380.0,143.0,13.1,412.0,150.0,53.0,324.0,105.0,15.0,395.0,143.0,,,,30,,Axel,Disasi,Disasi,,,540,0,0,3,7,1,0,0,0,0,0,6,33,,,,0.0,0.5,1.17,1.0,5.5,2,31,12
645,u,0.0,0.0,5.1,243,148.0,0,0.0,-4,4.0,0.0,658,262.0,12,0,1.3,436.0,196.0,0,38,0.0,764.0,330.0,0.0,2.4,0.0,1383,0,4942,4,0.0,0.0,0.16,0.61,0.77,3.98,0.06,0.24,0.3,1.57,29.0,436.0,193.0,61.0,328.0,181.0,37.0,347.0,181.0,12.4,410.0,186.0,,,,30,,Fer,López González,Fer López,has joined Celta Vigo on loan for the rest of the season.,,228,0,1,0,9,0,0,0,1,0,0,2,12,,,,0.0,0.0,3.55,0.79,4.74,1,1,10
