id,status,chance_of_playing_next_round,chance_of_playing_this_round,now_cost,now_cost_rank,now_cost_rank_type,cost_change_event,cost_change_event_fall,cost_change_start,cost_change_start_fall,selected_by_percent,selected_rank,selected_rank_type,total_points,event_points,points_per_game,points_per_game_rank,points_per_game_rank_type,bonus,bps,form,form_rank,form_rank_type,value_form,value_season,dreamteam_count,transfers_in,transfers_in_event,transfers_out,transfers_out_event,ep_next,ep_this,expected_goals,expected_assists,expected_goal_involvements,expected_goals_conceded,expected_goals_per_90,expected_assists_per_90,expected_goal_involvements_per_90,expected_goals_conceded_per_90,influence,influence_rank,influence_rank_type,creativity,creativity_rank,creativity_rank_type,threat,threat_rank,threat_rank_type,ict_index,ict_index_rank,ict_index_rank_type,corners_and_indirect_freekicks_order,direct_freekicks_order,penalties_order,gw,set_piece_threat,first_name,second_name,web_name,news,news_added,minutes,goals_scored,assists,clean_sheets,goals_conceded,own_goals,penalties_saved,penalties_missed,yellow_cards,red_cards,saves,starts,defensive_contribution,corners_and_indirect_freekicks_text,direct_freekicks_text,penalties_text,saves_per_90,clean_sheets_per_90,goals_conceded_per_90,starts_per_90,defensive_contribution_per_90,tackles,clearances_blocks_interceptions,recoveries
9,u,0.0,0.0,5.4,169,20.0,0,0.0,-1,1.0,0.0,595,212.0,0,0,0.0,811.0,268.0,0,0,0.0,783.0,262.0,0.0,0.0,0.0,1119,0,10932,1,0.0,0.0,0.0,0.0,0.0,0.0,0.0,0.0,0.0,0.0,0.0,810.0,268.0,0.0,809.0,268.0,0.0,807.0,268.0,0.0,810.0,268.0,,,,33,,Jakub,Kiwior,Kiwior,has joined Porto on loan for the rest of the season.,,0,0,0,0,0,0,0,0,0,0,0,0,0,,,,0.0,0.0,0.0,0.0,0.0,0,0,0
35,u,0.0,0.0,4.0,687,51.0,0,0.0,0,0.0,0.0,756,87.0,0,0,0.0,596.0,73.0,0,0,0.0,441.0,64.0,0.0,0.0,0.0,0,0,1285,0,0.0,0.0,0.0,0.0,0.0,0.0,0.0,0.0,0.0,0.0,0.0,586.0,73.0,0.0,577.0,60.0,0.0,546.0,47.0,0.0,588.0,73.0,,,,33,,Filip,Marschall,Marschall,Has joined Stevenage permanently.,,0,0,0,0,0,0,0,0,0,0,0,0,0,,,,0.0,0.0,0.0,0.0,0.0,0,0,0
36,a,100.0,100.0,4.7,382,64.0,0,0.0,2,-2.0,8.2,45,15.0,107,0,3.7,94.0,36.0,6,408,2.3,109.0,40.0,0.5,22.8,0.0,2897798,2370,2253931,642,2.3,2.3,1.12,2.7,3.82,38.34,0.04,0.1,0.14,1.36,552.0,64.0,31.0,425.9,57.0,9.0,208.0,140.0,27.0,118.6,73.0,14.0,3.0,,,33,,Matty,Cash,Cash,,,2532,3,2,8,28,0,0,0,8,0,0,29,181,,,,0.0,0.28,1.0,1.03,5.62,51,107,76
198,a,100.0,100.0,3.9,756,215.0,0,0.0,-1,1.0,0.9,204,79.0,27,0,2.5,262.0,100.0,0,81,0.0,392.0,140.0,0.0,6.9,0.0,137941,9,299852,34,0.0,-1.5,0.61,0.11,0.72,24.88,0.06,0.01,0.07,2.41,225.2,263.0,106.0,9.8,435.0,154.0,52.0,332.0,106.0,28.9,350.0,118.0,,,,33,,Axel,Tuanzebe,Tuanzebe,,,931,1,0,1,22,1,0,0,1,0,0,11,106,,,,0.0,0.1,2.13,1.06,9.38,12,85,29
199,a,100.0,100.0,3.8,794,236.0,0,0.0,-2,2.0,0.2,368,134.0,20,0,1.8,365.0,135.0,0,40,0.0,361.0,120.0,0.0,5.3,0.0,31392,6,27685,59,0.0,-1.5,0.08,0.02,0.1,11.68,0.01,0.0,0.01,2.12,147.4,327.0,124.0,1.5,465.0,169.0,19.0,389.0,138.0,17.0,394.0,141.0,,,,33,,Joe,Worrall,Worrall,,,496,0,0,0,11,0,0,0,0,0,0,5,77,,,,0.0,0.0,2.0,0.91,13.79,4,72,10
200,a,100.0,100.0,5.0,260,157.0,0,0.0,-5,5.0,2.0,137,45.0,107,0,3.5,124.0,56.0,6,424,1.0,220.0,96.0,0.2,21.4,0.0,1283062,25,1124326,681,0.0,0.5,4.31,2.58,6.89,49.49,0.18,0.11,0.29,2.03,503.0,86.0,28.0,467.0,44.0,38.0,517.0,32.0,16.0,148.6,35.0,26.0,2.0,,,33,,Jaidon,Anthony,Anthony,,,2198,7,3,4,48,0,0,0,4,0,0,26,201,,,,0.0,0.16,1.97,1.06,8.23,36,44,121
73,a,100.0,100.0,4.4,520,98.0,0,0.0,-1,1.0,0.2,383,140.0,39,0,2.1,323.0,119.0,2,123,0.2,338.0,107.0,0.0,8.9,0.0,28480,14,42791,33,0.0,0.4,0.0,0.2,0.2,13.96,0.0,0.02,0.02,1.56,120.8,349.0,133.0,59.3,337.0,115.0,18.0,393.0,140.0,19.8,385.0,136.0,,,,33,,Adam,Smith,Smith,,,805,0,1,4,15,0,0,0,3,0,0,11,56,,,,0.0,0.45,1.68,1.23,5.93,12,41,22
74,a,,,4.7,392,67.0,0,0.0,2,-2.0,4.6,82,27.0,134,8,4.1,56.0,22.0,12,483,4.0,31.0,13.0,0.9,28.5,0.0,984025,944,478869,3731,0.0,8.0,0.92,2.47,3.39,47.97,0.03,0.08,0.11,1.47,666.0,37.0,14.0,440.5,53.0,8.0,111.0,250.0,67.0,121.8,67.0,11.0,,,,33,,Adrien,Truffert,Truffert,,,2928,1,4,9,47,0,0,0,4,0,0,33,318,,,,0.0,0.28,1.44,1.01,8.24,86,182,165
146,a,100.0,0.0,4.5,410,74.0,0,0.0,0,0.0,0.9,206,80.0,82,0,2.8,218.0,86.0,3,389,0.2,339.0,108.0,0.0,18.2,0.0,166148,35,222281,159,0.0,0.0,1.3,0.51,1.81,38.31,0.05,0.02,0.07,1.34,573.4,57.0,27.0,108.6,267.0,77.0,154.0,195.0,48.0,83.8,148.0,50.0,,3.0,,33,,Lewis,Dunk,Dunk,,,2565,0,1,6,35,0,0,0,10,0,0,28,259,,,,0.0,0.21,1.23,0.98,7.61,33,184,120
147,u,0.0,0.0,4.5,421,82.0,0,0.0,0,0.0,0.0,751,257.0,0,0,0.0,698.0,257.0,0,0,0.0,599.0,237.0,0.0,0.0,0.0,0,0,1989,0,0.0,0.0,0.0,0.0,0.0,0.0,0.0,0.0,0.0,0.0,0.0,692.0,257.0,0.0,687.0,257.0,0.0,668.0,256.0,0.0,694.0,257.0,,,,33,,Pervis,Estupiñán Tenorio,Estupiñan,Has joined AC Milan permanently,,0,0,0,0,0,0,0,0,0,0,0,0,0,,,,0.0,0.0,0.0,0.0,0.0,0,0,0
148,a,,,4.4,533,108.0,0,0.0,-1,1.0,0.7,232,87.0,93,1,2.9,202.0,81.0,4,426,2.2,121.0,45.0,0.5,21.1,0.0,143496,28,82541,558,0.0,3.9,1.74,2.44,4.18,38.57,0.06,0.08,0.14,1.3,410.0,137.0,57.0,356.5,80.0,18.0,195.0,152.0,31.0,96.4,109.0,31.0,,,,33,,Ferdi,Kadıoğlu,F.Kadıoğlu,,,2680,0,2,8,34,0,0,0,6,0,0,29,183,,,,0.0,0.27,1.14,0.97,5.14,54,99,115
149,a,100.0,100.0,4.5,425,85.0,0,0.0,0,0.0,0.1,509,181.0,6,0,1.5,411.0,152.0,0,10,0.0,602.0,239.0,0.0,1.3,0.0,10947,5,10984,19,0.0,-0.5,0.0,0.0,0.0,4.66,0.0,0.0,0.0,4.07,25.8,443.0,163.0,10.6,425.0,153.0,0.0,671.0,258.0,3.6,462.0,166.0,,,,33,,Igor Julio,dos Santos de Paulo,Igor,,,103,0,0,0,3,0,0,0,0,0,0,1,13,,,,0.0,0.0,2.62,0.87,11.36,0,13,3
170,d,25.0,25.0,4.9,284,176.0,0,0.0,-1,1.0,0.1,469,163.0,34,0,1.8,376.0,159.0,0,153,0.5,286.0,134.0,0.1,6.9,0.0,19503,1,24441,32,0.0,0.1,1.03,0.65,1.68,11.32,0.13,0.08,0.21,1.43,137.6,336.0,151.0,149.5,221.0,142.0,59.0,323.0,170.0,34.4,332.0,163.0,,,1.0,33,,James,Milner,Milner,Knock - 25% chance of playing,,714,1,1,2,14,0,0,0,2,0,0,6,76,,,,0.0,0.25,1.76,0.76,9.58,14,24,38
171,u,0.0,0.0,4.9,325,201.0,0,0.0,-1,1.0,0.0,714,293.0,0,0,0.0,784.0,341.0,0,0,0.0,725.0,302.0,0.0,0.0,0.0,197,0,2980,0,0.0,0.0,0.0,0.0,0.0,0.0,0.0,0.0,0.0,0.0,0.0,783.0,340.0,0.0,779.0,340.0,0.0,775.0,338.0,0.0,783.0,340.0,,,,33,,Jeremy,Sarmiento Morante,Sarmiento,has joined Middlesbrough on loan for the rest of the season.,,0,0,0,0,0,0,0,0,0,0,0,0,0,,,,0.0,0.0,0.0,0.0,0.0,0,0,0
172,u,0.0,0.0,4.8,373,233.0,0,0.0,-2,2.0,0.0,654,258.0,5,0,0.8,518.0,240.0,0,15,0.0,703.0,286.0,0.0,1.0,0.0,2397,0,4287,1,0.0,0.0,0.04,0.03,0.07,1.72,0.06,0.05,0.11,2.72,6.0,478.0,216.0,2.4,460.0,221.0,7.0,429.0,206.0,1.6,476.0,217.0,,,,33,,Tom,Watson,Watson,has joined Millwall on loan for the rest of the season.,,57,0,0,0,2,0,0,0,1,0,0,0,5,,,,0.0,0.0,3.16,0.0,7.89,1,0,4
237,a,100.0,100.0,6.5,51,32.0,0,0.0,0,0.0,12.5,27,10.0,131,2,4.2,52.0,21.0,14,597,1.0,237.0,108.0,0.2,20.2,0.0,5609782,478,4745690,6120,0.0,2.5,10.76,6.2,16.96,36.58,0.36,0.21,0.57,1.24,688.0,32.0,8.0,817.5,6.0,6.0,671.0,20.0,9.0,217.7,5.0,3.0,3.0,2.0,2.0,33,,Enzo,Fernández,Enzo,,,2664,8,4,8,36,0,0,0,8,0,0,30,219,,,,0.0,0.27,1.22,1.01,7.4,49,48,122
238,a,100.0,100.0,6.4,61,40.0,0,0.0,-1,1.0,1.8,143,49.0,58,1,2.6,259.0,108.0,4,172,0.8,250.0,115.0,0.1,9.1,0.0,873351,109,916213,297,0.0,2.1,2.89,2.14,5.03,10.29,0.31,0.23,0.54,1.1,183.4,293.0,128.0,230.9,163.0,109.0,293.0,95.0,58.0,70.5,197.0,98.0,4.0,,3.0,33,,Estêvão,Almeida de Oliveira Gonçalves,Estêvão,,,839,2,5,4,11,0,0,0,4,0,0,12,56,,,,0.0,0.43,1.18,1.29,6.01,11,9,36
239,d,25.0,25.0,6.0,87,56.0,0,0.0,-5,5.0,0.1,485,169.0,25,0,1.6,406.0,174.0,0,99,0.0,807.0,357.0,0.0,4.2,0.0,17209,1,42125,3,0.0,0.1,0.81,0.94,1.75,8.89,0.15,0.17,0.32,1.65,93.0,378.0,167.0,130.4,243.0,153.0,91.0,274.0,149.0,31.3,340.0,165.0,,,,33,,Jamie,Bynoe-Gittens,Gittens,Hamstring injury - 25% chance of playing,,486,0,2,1,7,0,0,0,0,0,0,5,29,,,,0.0,0.19,1.3,0.93,5.37,8,6,15
240,u,0.0,0.0,5.9,93,61.0,0,0.0,-1,1.0,0.1,526,190.0,0,0,0.0,818.0,365.0,0,0,0.0,802.0,352.0,0.0,0.0,0.0,2668,0,23785,0,0.0,0.0,0.0,0.0,0.0,0.0,0.0,0.0,0.0,0.0,0.0,818.0,365.0,0.0,818.0,365.0,0.0,817.0,365.0,0.0,818.0,365.0,,,,33,,Christopher,Nkunku,Nkunku,has joined AC Milan permanently.,,0,0,0,0,0,0,0,0,0,0,0,0,0,,,,0.0,0.0,0.0,0.0,0.0,0,0,0
241,a,100.0,100.0,5.7,117,74.0,0,0.0,2,-2.0,7.5,53,18.0,100,2,3.6,111.0,51.0,10,503,1.5,177.0,78.0,0.3,17.5,0.0,3284135,183,3245950,1169,0.0,3.5,1.39,2.07,3.46,34.3,0.05,0.08,0.13,1.31,494.0,89.0,30.0,311.2,106.0,78.0,114.0,243.0,132.0,91.7,128.0,72.0,,,,33,,Moisés,Caicedo Corozo,Caicedo,,,2352,3,1,6,37,0,0,0,9,1,0,27,320,,,,0.0,0.23,1.42,1.03,12.24,79,89,152
244,a,100.0,100.0,4.9,336,207.0,0,0.0,-1,1.0,0.0,692,280.0,10,1,1.0,496.0,226.0,0,55,0.8,245.0,112.0,0.2,2.0,0.0,3087,3,4823,7,0.0,2.1,0.14,0.45,0.59,4.65,0.05,0.17,0.22,1.71,25.6,444.0,197.0,36.6,373.0,190.0,11.0,411.0,203.0,7.3,437.0,197.0,,,,33,,Roméo,Lavia,Lavia,,,245,0,0,0,5,0,0,0,0,0,0,2,29,,,,0.0,0.0,1.84,0.73,10.65,5,8,16
304,a,100.0,100.0,4.8,367,229.0,0,0.0,-2,2.0,0.0,617,237.0,58,0,2.4,283.0,120.0,1,195,0.7,256.0,118.0,0.1,12.1,0.0,5934,7,6982,2,0.7,0.2,0.41,0.61,1.02,18.74,0.03,0.05,0.08,1.51,195.8,284.0,121.0,93.8,289.0,170.0,65.0,308.0,164.0,35.3,328.0,161.0,,,,33,,Tim,Iroegbunam,Iroegbunam,,,1117,0,3,8,11,0,0,0,8,0,0,13,148,,,,0.0,0.64,0.89,1.05,11.92,53,32,63
355,u,0.0,0.0,4.9,316,196.0,0,0.0,-1,1.0,0.0,639,248.0,0,0,0.0,779.0,336.0,0,0,0.0,719.0,297.0,0.0,0.0,0.0,1234,0,10140,1,0.0,0.0,0.0,0.0,0.0,0.0,0.0,0.0,0.0,0.0,0.0,778.0,335.0,0.0,774.0,335.0,0.0,770.0,333.0,0.0,778.0,335.0,,,,33,,Sam,Greenwood,Greenwood,has joined Pogon Szczecin permanently.,,0,0,0,0,0,0,0,0,0,0,0,0,0,,,,0.0,0.0,0.0,0.0,0.0,0,0,0
356,a,,,4.7,391,243.0,0,0.0,-3,3.0,0.1,461,158.0,56,1,2.4,280.0,118.0,3,245,0.5,282.0,131.0,0.1,11.9,0.0,22848,16,16201,89,0.0,1.5,0.49,0.86,1.35,25.27,0.03,0.06,0.09,1.73,197.8,280.0,117.0,170.9,201.0,130.0,64.0,310.0,165.0,43.0,297.0,147.0,4.0,,,33,,Ilia,Gruev,Gruev,,,1318,0,4,5,23,0,0,0,3,0,0,15,114,,,,0.0,0.34,1.57,1.02,7.78,23,40,51
357,u,0.0,0.0,4.9,320,198.0,0,0.0,-1,1.0,0.0,719,298.0,0,0,0.0,781.0,338.0,0,0,0.0,722.0,299.0,0.0,0.0,0.0,203,0,4332,0,0.0,0.0,0.0,0.0,0.0,0.0,0.0,0.0,0.0,0.0,0.0,780.0,337.0,0.0,776.0,337.0,0.0,772.0,335.0,0.0,780.0,337.0,,,,33,,Largie,Ramazani,Ramazani,has joined Valencia on loan for the rest of the season.,,0,0,0,0,0,0,0,0,0,0,0,0,0,,,,0.0,0.0,0.0,0.0,0.0,0,0,0
358,a,100.0,100.0,4.8,361,224.0,0,0.0,-2,2.0,0.2,376,129.0,49,3,2.1,328.0,143.0,2,207,1.5,174.0,75.0,0.3,10.2,0.0,56596,39,64142,62,0.0,3.5,1.3,1.28,2.58,14.63,0.13,0.12,0.25,1.43,170.4,305.0,135.0,202.1,177.0,117.0,91.0,271.0,146.0,46.3,285.0,142.0,,,,33,,Tanaka,Ao,Tanaka,,,922,2,0,3,17,0,0,0,1,0,0,9,98,,,,0.0,0.29,1.66,0.88,9.57,19,26,53
373,a,,,6.3,64,2.0,0,0.0,3,-3.0,32.3,9,3.0,144,0,4.5,31.0,14.0,10,505,4.0,38.0,14.0,0.6,22.9,0.0,4774663,6856,3992651,1391,4.5,4.5,2.78,1.21,3.99,38.33,0.09,0.04,0.13,1.2,951.0,3.0,1.0,197.2,182.0,47.0,391.0,59.0,2.0,153.9,30.0,1.0,,,,33,,Virgil,van Dijk,Virgil,,,2880,3,1,10,42,0,0,0,4,0,0,32,329,,,,0.0,0.31,1.31,1.0,9.5,23,281,70
374,a,100.0,100.0,5.5,138,16.0,0,0.0,0,0.0,4.0,95,32.0,117,0,3.9,74.0,28.0,8,467,2.0,138.0,55.0,0.4,21.3,0.0,859625,1224,798131,359,2.5,2.5,1.05,0.92,1.97,31.89,0.04,0.03,0.07,1.12,661.6,38.0,15.0,142.3,231.0,60.0,96.0,269.0,77.0,90.2,132.0,40.0,,,,33,,Ibrahima,Konaté,Konaté,,,2570,1,0,10,34,0,0,0,6,0,0,30,277,,,,0.0,0.35,1.19,1.05,8.82,47,205,96
375,i,0.0,0.0,4.9,333,55.0,0,0.0,-1,1.0,0.1,423,156.0,42,0,2.8,221.0,89.0,2,157,0.0,730.0,253.0,0.0,8.6,0.0,62742,0,72331,9,0.0,0.0,0.18,0.84,1.02,10.77,0.02,0.08,0.1,1.04,157.4,318.0,119.0,105.2,271.0,79.0,62.0,317.0,98.0,32.3,336.0,113.0,,,,33,,Conor,Bradley,Bradley,Knee injury - Expected back 01 Jun,,928,0,2,4,13,0,0,0,5,0,0,12,82,,,,0.0,0.39,1.26,1.16,6.3,19,46,43
82,a,100.0,100.0,8.2,14,9.0,0,0.0,12,-12.0,56.4,2,1.0,176,0,5.9,5.0,2.0,17,582,0.7,270.0,127.0,0.1,21.5,0.0,12585918,1997,6874568,18330,0.0,1.9,10.22,2.36,12.58,41.79,0.34,0.08,0.42,1.4,807.6,8.0,2.0,514.8,36.0,33.0,892.0,3.0,1.0,221.3,4.0,2.0,,4.0,,33,,Antoine,Semenyo,Semenyo,,,2680,15,6,9,47,0,0,1,7,0,0,30,211,,,,0.0,0.3,1.58,1.01,7.09,40,41,130
182,a,,,4.5,431,23.0,0,0.0,-5,5.0,0.9,199,24.0,11,0,3.7,91.0,12.0,0,62,0.0,606.0,90.0,0.0,2.4,0.0,100800,21,274578,26,0.0,0.5,0.0,0.0,0.0,3.97,0.0,0.0,0.0,1.32,100.2,372.0,28.0,0.0,692.0,88.0,0.0,675.0,78.0,10.1,422.0,28.0,,,,33,,James,Trafford,Trafford,,,270,0,0,1,4,0,0,0,0,0,11,3,41,,,,3.67,0.33,1.33,1.0,0.0,2,6,33
260,a,100.0,100.0,5.1,226,31.0,0,0.0,6,-6.0,34.4,7,2.0,150,0,5.2,9.0,2.0,12,564,5.0,17.0,8.0,1.0,29.4,0.0,6433992,2482,3798293,8555,0.0,10.5,3.81,2.14,5.95,36.67,0.13,0.07,0.2,1.26,757.4,13.0,5.0,240.1,152.0,38.0,363.0,67.0,3.0,136.1,46.0,5.0,,,,33,,Marc,Guéhi,Guéhi,,,2610,3,4,11,30,0,0,0,5,0,0,29,270,,,,0.0,0.38,1.03,1.0,8.1,40,195,120
399,u,0.0,0.0,5.3,182,5.0,0,0.0,-2,2.0,0.8,210,27.0,0,0,0.0,805.0,96.0,0,0,0.0,769.0,95.0,0.0,0.0,0.0,15200,0,273694,7,0.0,0.0,0.0,0.0,0.0,0.0,0.0,0.0,0.0,0.0,0.0,804.0,96.0,0.0,803.0,95.0,0.0,800.0,93.0,0.0,804.0,96.0,,,,33,,Ederson,Santana de Moraes,Ederson M.,has joined Fenerbache permanently.,,0,0,0,0,0,0,0,0,0,0,0,0,0,,,,0.0,0.0,0.0,0.0,0.0,0,0,0
408,i,0.0,0.0,5.5,136,15.0,0,0.0,0,0.0,3.2,106,38.0,112,0,4.5,30.0,13.0,4,447,0.0,791.0,263.0,0.0,20.4,0.0,954655,1,1090738,544,0.0,0.0,0.57,0.63,1.2,24.3,0.03,0.03,0.06,1.07,549.2,66.0,32.0,139.5,233.0,61.0,96.0,268.0,76.0,78.6,164.0,54.0,,,,33,,Rúben,dos Santos Gato Alves Dias,Rúben,Hamstring injury - Unknown return date,,2049,2,0,12,20,0,0,0,3,0,0,23,188,,,,0.0,0.53,0.88,1.01,7.2,13,151,71
409,d,75.0,75.0,5.4,154,17.0,0,0.0,-1,1.0,0.6,255,96.0,12,0,1.7,395.0,146.0,0,45,0.0,774.0,260.0,0.0,2.2,0.0,51991,3,111008,30,0.0,0.4,0.0,0.06,0.06,5.05,0.0,0.02,0.02,1.29,76.6,394.0,149.0,19.6,399.0,145.0,2.0,457.0,170.0,9.8,424.0,152.0,,,,33,,John,Stones,Stones,Calf injury - 75% chance of playing,,351,0,0,1,8,0,0,0,0,0,0,4,34,,,,0.0,0.26,2.05,1.03,4.87,0,19,17
410,a,100.0,100.0,4.6,403,71.0,0,0.0,-4,4.0,1.2,182,70.0,19,0,1.9,353.0,132.0,2,75,0.0,688.0,247.0,0.0,4.1,0.0,371030,13,466206,38,0.0,0.5,0.11,1.31,1.42,5.04,0.03,0.38,0.41,1.46,67.4,400.0,151.0,97.3,279.0,85.0,43.0,344.0,112.0,20.7,381.0,134.0,,,,33,,Rico,Lewis,Lewis,,,311,0,1,1,5,0,0,0,1,0,0,3,23,,,,0.0,0.29,1.45,0.87,5.5,5,14,10
411,a,100.0,100.0,5.1,237,37.0,0,0.0,1,-1.0,13.9,22,8.0,139,0,4.8,19.0,6.0,8,486,4.7,21.0,10.0,0.9,27.3,0.0,3615003,4089,1837418,3758,0.0,9.9,4.41,2.05,6.46,27.74,0.18,0.08,0.26,1.14,569.2,61.0,29.0,364.0,77.0,16.0,429.0,48.0,1.0,136.3,45.0,4.0,,,,33,,Nico,O'Reilly,O'Reilly,,,2193,5,3,12,20,0,0,0,4,0,0,24,168,,,,0.0,0.49,0.82,0.98,5.99,64,82,83
421,a,100.0,100.0,6.3,68,44.0,0,0.0,-2,2.0,0.5,261,92.0,60,0,3.2,180.0,74.0,5,305,1.0,235.0,106.0,0.2,9.5,0.0,72024,21,107122,121,0.0,2.5,0.75,2.18,2.93,17.25,0.05,0.15,0.2,1.16,322.6,196.0,81.0,384.2,71.0,55.0,98.0,265.0,145.0,80.6,158.0,83.0,,,,33,,Rodrigo 'Rodri',Hernandez Cascante,Rodrigo,,,1333,1,0,5,13,0,0,0,2,0,0,15,183,,,,0.0,0.34,0.88,1.01,12.36,38,50,95
422,a,100.0,100.0,5.8,101,67.0,0,0.0,-2,2.0,0.0,677,272.0,2,0,1.0,507.0,236.0,0,7,0.3,323.0,155.0,0.1,0.3,0.0,2621,5,3456,3,0.0,1.1,0.0,0.03,0.03,0.62,0.0,0.21,0.21,4.29,4.4,481.0,219.0,3.6,453.0,218.0,0.0,815.0,363.0,0.8,490.0,225.0,,,,33,,Mateo,Kovačić,Kovačić,,,13,0,0,0,0,0,0,0,0,0,0,0,0,,,,0.0,0.0,0.0,0.0,0.0,0,0,0
423,a,100.0,100.0,5.9,96,63.0,0,0.0,-1,1.0,0.1,479,167.0,55,0,2.6,257.0,106.0,1,289,0.0,804.0,354.0,0.0,9.3,0.0,28200,1,31579,9,0.0,0.5,0.56,1.0,1.56,16.77,0.04,0.07,0.11,1.1,278.6,220.0,92.0,185.6,192.0,126.0,64.0,312.0,166.0,52.8,259.0,130.0,,,,33,,Nico,González Iglesias,N.Gonzalez,,,1370,1,0,7,14,0,0,0,6,0,0,15,182,,,,0.0,0.46,0.92,0.99,11.96,36,67,79
425,u,0.0,0.0,5.4,180,113.0,0,0.0,-1,1.0,0.0,749,317.0,0,0,0.0,814.0,362.0,0,0,0.0,789.0,346.0,0.0,0.0,0.0,194,0,3236,0,0.0,0.0,0.0,0.0,0.0,0.0,0.0,0.0,0.0,0.0,0.0,813.0,361.0,0.0,812.0,361.0,0.0,810.0,360.0,0.0,813.0,361.0,,,,33,,Claudio,Echeverri,Echeverri,has joined Girona on loan for the rest of the season.,,0,0,0,0,0,0,0,0,0,0,0,0,0,,,,0.0,0.0,0.0,0.0,0.0,0,0,0
467,a,,,4.2,648,90.0,0,0.0,-3,3.0,1.4,160,23.0,0,0,0.0,650.0,64.0,0,0,0.0,514.0,52.0,0.0,0.0,0.0,273790,34,383803,110,0.5,0.0,0.0,0.0,0.0,0.0,0.0,0.0,0.0,0.0,0.0,642.0,64.0,0.0,636.0,63.0,0.0,610.0,63.0,0.0,644.0,64.0,,,,33,,Chido,Obi,Obi,,,0,0,0,0,0,0,0,0,0,0,0,0,0,,,,0.0,0.0,0.0,0.0,0.0,0,0,0
483,a,,,3.8,815,256.0,0,0.0,-2,2.0,0.4,298,111.0,0,0,0.0,541.0,198.0,0,0,0.0,378.0,136.0,0.0,0.0,0.0,66881,14,51208,24,-1.0,0.0,0.0,0.0,0.0,0.0,0.0,0.0,0.0,0.0,0.0,530.0,197.0,0.0,515.0,197.0,0.0,483.0,192.0,0.0,532.0,197.0,,,,33,,Miodrag,Pivaš,Pivas,,,0,0,0,0,0,0,0,0,0,0,0,0,0,,,,0.0,0.0,0.0,0.0,0.0,0,0,0
522,a,100.0,100.0,4.7,383,238.0,0,0.0,-3,3.0,0.1,552,203.0,21,0,1.2,442.0,197.0,0,88,0.7,255.0,117.0,0.1,4.5,0.0,10228,6,19442,5,0.7,1.2,0.22,0.19,0.41,4.99,0.05,0.04,0.09,1.11,79.4,391.0,174.0,48.7,355.0,186.0,38.0,349.0,180.0,16.4,397.0,181.0,,,,33,,Ryan,Yates,Yates,,,405,0,1,0,5,0,0,0,1,0,0,1,41,,,,0.0,0.0,1.11,0.22,9.11,11,18,12
523,a,100.0,100.0,4.5,474,289.0,0,0.0,0,0.0,0.1,569,211.0,0,0,0.0,732.0,301.0,0,0,0.0,643.0,242.0,0.0,0.0,0.0,2879,7,17007,2,0.0,0.5,0.0,0.0,0.0,0.0,0.0,0.0,0.0,0.0,0.0,729.0,298.0,0.0,723.0,299.0,0.0,709.0,294.0,0.0,730.0,299.0,,,,33,,Eric,da Silva Moreira,Da Silva Moreira,,,0,0,0,0,0,0,0,0,0,0,0,0,0,,,,0.0,0.0,0.0,0.0,0.0,0,0,0
537,u,0.0,0.0,4.0,696,176.0,0,0.0,0,0.0,0.1,546,195.0,0,0,0.0,604.0,221.0,0,0,0.0,450.0,165.0,0.0,0.0,0.0,1038,0,16256,3,0.0,0.0,0.0,0.0,0.0,0.0,0.0,0.0,0.0,0.0,0.0,594.0,220.0,0.0,585.0,220.0,0.0,554.0,216.0,0.0,596.0,220.0,,,,33,,Niall,Huggins,Huggins,has joined Wycombe Wanderers on loan for the rest of the season.,,0,0,0,0,0,0,0,0,0,0,0,0,0,,,,0.0,0.0,0.0,0.0,0.0,0,0,0
538,u,0.0,0.0,3.8,807,248.0,0,0.0,-2,2.0,0.2,379,139.0,0,0,0.0,537.0,194.0,0,0,0.0,371.0,129.0,0.0,0.0,0.0,23261,0,33929,11,0.0,0.0,0.0,0.0,0.0,0.0,0.0,0.0,0.0,0.0,0.0,526.0,193.0,0.0,510.0,192.0,0.0,477.0,186.0,0.0,528.0,193.0,,,,33,,Zak,Johnson,Johnson,has joined York City on loan for the rest of the season.,,0,0,0,0,0,0,0,0,0,0,0,0,0,,,,0.0,0.0,0.0,0.0,0.0,0,0,0
539,a,100.0,100.0,4.0,672,165.0,0,0.0,0,0.0,0.1,519,186.0,16,0,1.8,366.0,136.0,0,56,2.7,88.0,31.0,0.7,4.0,0.0,9482,101,8180,14,2.7,2.7,0.02,0.11,0.13,4.5,0.01,0.03,0.04,1.27,35.4,432.0,160.0,4.8,447.0,161.0,12.0,403.0,148.0,5.2,451.0,161.0,,,,33,,Luke,O'Nien,O'Nien,,,318,0,0,2,1,0,0,0,1,1,0,3,21,,,,0.0,0.57,0.28,0.85,5.94,3,18,5
540,u,0.0,0.0,3.9,768,222.0,0,0.0,-1,1.0,0.3,337,121.0,0,0,0.0,560.0,203.0,0,0,0.0,400.0,143.0,0.0,0.0,0.0,47547,0,48686,10,0.0,0.0,0.0,0.0,0.0,0.0,0.0,0.0,0.0,0.0,0.0,550.0,202.0,0.0,537.0,202.0,0.0,505.0,197.0,0.0,552.0,202.0,,,,33,,Timothée,Pembélé,Pembele,has joined Le Havre AC on loan for the rest of the season.,,0,0,0,0,0,0,0,0,0,0,0,0,0,,,,0.0,0.0,0.0,0.0,0.0,0,0,0
585,a,100.0,100.0,5.2,206,128.0,0,0.0,-3,3.0,0.2,407,141.0,68,4,3.2,176.0,72.0,3,290,1.3,186.0,83.0,0.2,13.1,0.0,57017,30,67026,4,1.8,1.3,0.46,0.68,1.14,21.09,0.03,0.04,0.07,1.29,268.6,230.0,97.0,159.7,208.0,134.0,85.0,285.0,155.0,51.6,267.0,135.0,,,,33,,Rodrigo,Bentancur,Bentancur,,,1473,1,1,5,22,0,0,0,5,0,0,18,219,,,,0.0,0.31,1.34,1.1,13.38,41,73,105
586,a,100.0,100.0,5.2,216,133.0,0,0.0,-3,3.0,0.2,395,134.0,46,4,2.3,304.0,131.0,0,152,2.3,111.0,47.0,0.4,8.8,0.0,103343,42,111720,14,2.8,2.3,1.18,0.43,1.61,12.88,0.12,0.04,0.16,1.26,143.2,331.0,148.0,94.5,288.0,169.0,139.0,216.0,119.0,37.4,318.0,157.0,,,,33,,Lucas,Bergvall,Bergvall,,,918,1,3,3,17,0,0,0,2,0,0,11,77,,,,0.0,0.29,1.67,1.08,7.55,21,18,38
587,a,100.0,100.0,5.2,209,129.0,0,0.0,-3,3.0,0.0,599,225.0,13,0,1.4,426.0,186.0,0,85,0.0,765.0,330.0,0.0,2.5,0.0,3369,4,15223,5,0.5,0.0,0.36,0.08,0.44,11.69,0.06,0.01,0.07,2.04,83.8,384.0,170.0,18.9,401.0,201.0,23.0,382.0,193.0,12.6,414.0,189.0,,,,33,,Yves,Bissouma,Bissouma,,,516,0,0,0,16,0,0,0,4,0,0,6,71,,,,0.0,0.0,2.79,1.05,12.38,18,25,28
588,i,0.0,0.0,5.3,200,125.0,0,0.0,-2,2.0,0.0,608,232.0,46,0,1.9,360.0,155.0,6,176,0.0,773.0,336.0,0.0,8.7,0.0,16411,0,18409,4,0.0,0.0,1.92,1.21,3.13,14.24,0.18,0.11,0.29,1.32,158.8,317.0,144.0,284.3,126.0,86.0,234.0,121.0,72.0,67.6,203.0,100.0,,,,33,,Wilson,Odobert,Odobert,Knee injury - Unknown return date,,972,0,2,2,13,0,0,0,0,0,0,10,77,,,,0.0,0.19,1.2,0.93,7.13,10,14,53
785,a,100.0,100.0,5.4,178,41.0,0,0.0,-1,1.0,0.0,735,90.0,17,0,2.1,332.0,37.0,0,62,2.3,114.0,15.0,0.4,3.1,0.0,5199,36,4257,9,2.3,2.3,0.65,0.36,1.01,6.49,0.12,0.07,0.19,1.22,67.8,397.0,44.0,97.0,280.0,29.0,53.0,331.0,53.0,21.8,376.0,46.0,,,,33,,Pablo Felipe,Pereira de Jesus,Pablo,,,480,0,1,1,7,0,0,0,0,0,0,6,48,,,,0.0,0.19,1.31,1.12,9.0,16,12,20
791,a,,,5.5,141,35.0,0,0.0,0,0.0,0.1,425,62.0,42,0,3.5,126.0,9.0,3,162,4.0,35.0,6.0,0.7,7.6,0.0,38734,730,22207,58,4.0,4.0,3.33,0.61,3.94,12.59,0.32,0.06,0.38,1.2,190.4,289.0,28.0,148.3,224.0,22.0,314.0,86.0,27.0,64.0,218.0,27.0,,,,33,,Valentín,Castellanos,Taty,,,942,4,1,5,13,0,0,0,3,0,0,12,44,,,,0.0,0.48,1.24,1.15,4.2,6,17,21
802,a,,,5.0,280,173.0,0,0.0,0,0.0,0.0,777,334.0,0,0,0.0,802.0,354.0,0,0,0.0,753.0,322.0,0.0,0.0,0.0,506,3,398,2,0.0,0.0,0.0,0.0,0.0,0.0,0.0,0.0,0.0,0.0,0.0,801.0,353.0,0.0,799.0,353.0,0.0,794.0,351.0,0.0,801.0,353.0,,,,33,,Keiber,Lamadrid,Lamadrid,,,0,0,0,0,0,0,0,0,0,0,0,0,0,,,,0.0,0.0,0.0,0.0,0.0,0,0,0
777,u,0.0,0.0,4.5,454,272.0,0,0.0,0,0.0,0.0,809,358.0,0,0,0.0,718.0,289.0,0,0,0.0,626.0,227.0,0.0,0.0,0.0,415,0,361,0,0.0,0.0,0.0,0.0,0.0,0.0,0.0,0.0,0.0,0.0,0.0,713.0,284.0,0.0,708.0,286.0,0.0,692.0,279.0,0.0,714.0,285.0,,,,33,,Temple,Ojinnaka,Ojinnaka,has joined Shrewsbury Town on loan for the rest of the season.,,0,0,0,0,0,0,0,0,0,0,0,0,0,,,,0.0,0.0,0.0,0.0,0.0,0,0,0
778,a,,,4.5,489,301.0,0,0.0,0,0.0,0.0,754,321.0,0,0,0.0,743.0,310.0,0,0,0.0,658.0,254.0,0.0,0.0,0.0,1477,6,918,4,-0.5,-0.5,0.0,0.0,0.0,0.0,0.0,0.0,0.0,0.0,0.0,741.0,308.0,0.0,734.0,308.0,0.0,721.0,304.0,0.0,741.0,308.0,,,,33,,Ethan,Sutherland,Sutherland,,,0,0,0,0,0,0,0,0,0,0,0,0,0,,,,0.0,0.0,0.0,0.0,0.0,0,0,0
809,a,,,4.5,518,323.0,0,0.0,0,0.0,0.0,743,313.0,0,0,0.0,765.0,327.0,0,0,0.0,685.0,275.0,0.0,0.0,0.0,1656,4,682,5,-0.5,-0.5,0.0,0.0,0.0,0.0,0.0,0.0,0.0,0.0,0.0,764.0,326.0,0.0,757.0,326.0,0.0,745.0,323.0,0.0,764.0,326.0,,,,33,,Jerome,Abbey,Abbey,,,0,0,0,0,0,0,0,0,0,0,0,0,0,,,,0.0,0.0,0.0,0.0,0.0,0,0,0
816,d,75.0,100.0,4.7,384,239.0,0,0.0,-3,3.0,0.0,722,299.0,12,1,1.3,433.0,191.0,0,62,1.5,172.0,74.0,0.3,2.6,0.0,4764,6,3384,7,0.8,1.0,0.21,0.24,0.45,11.49,0.05,0.06,0.11,2.73,41.2,425.0,186.0,66.1,324.0,180.0,19.0,392.0,196.0,12.6,412.0,187.0,,,,33,,Angel,Gomes,Angel,Foot injury - 75% chance of playing,,379,0,0,1,7,0,0,0,1,0,0,6,27,,,,0.0,0.24,1.66,1.42,6.41,8,5,14
817,a,,,5.2,203,46.0,0,0.0,-3,3.0,0.1,563,78.0,24,2,2.7,236.0,22.0,0,90,2.0,133.0,19.0,0.4,4.6,0.0,19841,117,13220,33,1.5,1.5,0.97,0.68,1.65,17.7,0.12,0.08,0.2,2.19,87.8,380.0,41.0,64.0,328.0,38.0,64.0,311.0,51.0,21.5,377.0,47.0,,,,33,,Adam,Armstrong,Armstrong,,,727,1,2,3,13,0,0,0,3,0,0,9,25,,,,0.0,0.37,1.61,1.11,3.09,3,11,11
1,a,,,6.0,85,1.0,0,0.0,5,-5.0,33.3,8,1.0,130,0,4.1,58.0,6.0,6,523,0.5,298.0,24.0,0.1,21.7,0.0,4276791,4757,2783420,1366,1.5,1.0,0.0,0.06,0.06,23.49,0.0,0.0,0.0,0.73,460.2,113.0,18.0,33.4,379.0,3.0,0.0,819.0,96.0,49.4,276.0,16.0,,,,33,,David,Raya Martín,Raya,,,2880,0,0,15,24,0,0,0,1,0,51,32,94,,,,1.59,0.47,0.75,1.0,0.0,1,30,269
2,a,,,4.0,669,43.0,0,0.0,-5,5.0,0.4,293,37.0,0,0,0.0,581.0,66.0,0,0,0.0,424.0,56.0,0.0,0.0,0.0,15369,18,78110,17,1.0,0.5,0.0,0.0,0.0,0.0,0.0,0.0,0.0,0.0,0.0,571.0,66.0,0.0,561.0,52.0,0.0,530.0,39.0,0.0,573.0,66.0,,,,33,,Kepa,Arrizabalaga Revuelta,Arrizabalaga,,,0,0,0,0,0,0,0,0,0,0,0,0,0,,,,0.0,0.0,0.0,0.0,0.0,0,0,0
3,u,0.0,0.0,4.0,689,53.0,0,0.0,0,0.0,0.2,377,53.0,0,0,0.0,598.0,75.0,0,0,0.0,443.0,66.0,0.0,0.0,0.0,5545,0,48441,1,0.0,0.0,0.0,0.0,0.0,0.0,0.0,0.0,0.0,0.0,0.0,588.0,75.0,0.0,579.0,62.0,0.0,548.0,49.0,0.0,590.0,75.0,,,,33,,Karl,Hein,Hein,Has joined Werder Bremen on loan for the rest of the season.,,0,0,0,0,0,0,0,0,0,0,0,0,0,,,,0.0,0.0,0.0,0.0,0.0,0,0,0
4,a,,,3.9,781,90.0,0,0.0,-1,1.0,0.2,367,52.0,0,0,0.0,570.0,60.0,0,0,0.0,411.0,49.0,0.0,0.0,0.0,34088,5,34746,11,1.0,0.5,0.0,0.0,0.0,0.0,0.0,0.0,0.0,0.0,0.0,560.0,60.0,0.0,548.0,44.0,0.0,516.0,31.0,0.0,562.0,60.0,,,,33,,Tommy,Setford,Setford,,,0,0,0,0,0,0,0,0,0,0,0,0,0,,,,0.0,0.0,0.0,0.0,0.0,0,0,0
5,a,100.0,100.0,7.1,34,1.0,0,0.0,11,-11.0,42.3,5,1.0,177,0,6.8,2.0,1.0,25,605,2.0,146.0,58.0,0.3,24.9,0.0,8539504,8277,5758994,723,3.0,2.5,1.98,1.66,3.64,17.01,0.08,0.07,0.15,0.68,702.8,29.0,10.0,109.0,266.0,76.0,220.0,130.0,24.0,103.0,94.0,25.0,,,,33,,Gabriel,dos Santos Magalhães,Gabriel,,,2255,3,5,14,17,0,0,0,3,0,0,25,247,,,,0.0,0.56,0.68,1.0,9.26,33,199,51
6,a,100.0,100.0,6.1,83,4.0,0,0.0,1,-1.0,13.6,23,9.0,108,0,4.2,50.0,21.0,9,460,0.5,299.0,97.0,0.1,17.7,0.0,2086430,4375,2399004,571,1.5,1.0,0.88,0.7,1.58,16.34,0.04,0.03,0.07,0.68,450.2,118.0,52.0,167.2,204.0,53.0,76.0,293.0,87.0,69.3,200.0,67.0,,,,33,,William,Saliba,Saliba,,,2164,1,0,11,18,0,0,0,1,0,0,25,187,,,,0.0,0.46,0.75,1.04,6.49,30,126,98
7,d,75.0,75.0,5.6,131,13.0,0,0.0,1,-1.0,5.9,66,23.0,93,0,4.2,49.0,20.0,4,339,0.0,798.0,265.0,0.0,16.6,0.0,2665223,34,2500778,563,0.8,0.4,2.92,0.49,3.41,8.96,0.18,0.03,0.21,0.56,244.4,248.0,98.0,127.9,246.0,66.0,249.0,114.0,16.0,62.2,229.0,78.0,,,,33,,Riccardo,Calafiori,Calafiori,Knock - 75% chance of playing,,1446,1,2,11,8,0,0,0,5,0,0,18,134,,,,0.0,0.68,0.5,1.12,5.91,31,64,65
8,d,75.0,75.0,6.2,75,3.0,0,0.0,7,-7.0,21.7,16,5.0,149,0,5.0,16.0,5.0,9,532,0.0,809.0,267.0,0.0,24.0,0.0,6779955,823,4813379,7987,0.8,0.4,4.71,1.53,6.24,17.45,0.17,0.06,0.23,0.64,499.0,87.0,38.0,402.6,68.0,13.0,352.0,73.0,6.0,125.7,61.0,9.0,,,,33,,Jurriën,Timber,J.Timber,Ankle injury - 75% chance of playing,,2452,3,6,13,20,0,0,0,5,0,0,28,178,,,,0.0,0.48,0.73,1.03,5.43,66,82,97
10,a,,,5.0,269,42.0,0,0.0,-5,5.0,1.4,164,64.0,13,0,0.9,513.0,176.0,0,41,0.5,291.0,94.0,0.1,2.6,0.0,136685,59,469093,37,1.5,1.0,0.1,0.08,0.18,6.45,0.02,0.02,0.04,1.45,45.2,421.0,156.0,47.8,357.0,126.0,25.0,377.0,130.0,11.7,419.0,149.0,,,,33,,Myles,Lewis-Skelly,Lewis-Skelly,,,401,0,0,0,7,0,0,0,3,0,0,2,26,,,,0.0,0.0,1.57,0.45,4.26,6,13,17
11,a,100.0,100.0,5.1,224,30.0,0,0.0,-4,4.0,0.5,271,102.0,31,0,3.9,71.0,26.0,3,125,0.5,292.0,95.0,0.1,6.1,0.0,354556,138,412221,29,1.5,1.0,0.45,0.51,0.96,7.31,0.08,0.09,0.17,1.36,131.6,341.0,129.0,105.0,272.0,80.0,48.0,336.0,108.0,28.5,351.0,119.0,,,,33,,Benjamin,White,White,,,484,0,1,3,6,0,0,0,0,0,0,6,49,,,,0.0,0.56,1.12,1.12,8.37,15,30,21
13,a,,,3.7,825,265.0,0,0.0,-3,3.0,0.4,282,107.0,0,0,0.0,526.0,185.0,0,0,0.0,355.0,116.0,0.0,0.0,0.0,54809,57,80631,38,1.0,0.5,0.0,0.0,0.0,0.0,0.0,0.0,0.0,0.0,0.0,515.0,184.0,0.0,498.0,183.0,0.0,465.0,177.0,0.0,517.0,184.0,,,,33,,Brayden,Clarke,Clarke,,,0,0,0,0,0,0,0,0,0,0,0,0,0,,,,0.0,0.0,0.0,0.0,0.0,0,0,0
14,u,0.0,0.0,3.9,787,231.0,0,0.0,-1,1.0,0.1,499,179.0,0,0,0.0,575.0,209.0,0,0,0.0,417.0,151.0,0.0,0.0,0.0,10218,0,22750,1,0.0,0.0,0.0,0.0,0.0,0.0,0.0,0.0,0.0,0.0,0.0,565.0,208.0,0.0,553.0,208.0,0.0,521.0,203.0,0.0,567.0,208.0,,,,33,,Maldini,Kacurri,Kacurri,has joined Morecambe on loan for the rest of the season.,,0,0,0,0,0,0,0,0,0,0,0,0,0,,,,0.0,0.0,0.0,0.0,0.0,0,0,0
19,a,100.0,100.0,6.8,45,29.0,0,0.0,-2,2.0,0.9,203,72.0,48,0,1.8,385.0,164.0,1,162,0.5,304.0,144.0,0.1,7.1,0.0,193365,142,270488,49,1.5,1.0,3.53,1.01,4.54,8.2,0.36,0.1,0.46,0.83,168.4,309.0,137.0,154.1,217.0,139.0,333.0,79.0,46.0,64.9,213.0,105.0,,,,33,,Gabriel,Martinelli Silva,Martinelli,,,892,1,4,2,6,0,0,0,2,0,0,10,65,,,,0.0,0.2,0.61,1.01,6.56,10,12,43
20,a,100.0,100.0,6.5,48,30.0,0,0.0,-5,5.0,0.8,218,77.0,100,0,3.7,103.0,45.0,9,355,0.5,302.0,142.0,0.1,15.4,0.0,541111,206,509618,104,1.5,1.0,4.96,2.71,7.67,12.23,0.26,0.14,0.4,0.64,415.4,135.0,47.0,464.0,45.0,39.0,438.0,46.0,28.0,132.0,49.0,33.0,,,4.0,33,,Leandro,Trossard,Trossard,,,1711,5,5,8,15,0,0,0,1,0,0,18,117,,,,0.0,0.42,0.79,0.95,6.15,25,24,68
21,a,100.0,100.0,7.2,31,18.0,0,0.0,7,-7.0,24.1,11,3.0,167,0,5.4,7.0,4.0,23,721,2.0,148.0,57.0,0.3,23.2,0.0,7128003,8374,5257457,2000,3.0,2.5,3.15,6.76,9.91,19.97,0.11,0.23,0.34,0.67,756.6,14.0,3.0,950.7,3.0,3.0,286.0,100.0,61.0,199.5,11.0,8.0,1.0,1.0,,33,,Declan,Rice,Rice,,,2670,4,9,14,23,0,0,0,2,0,0,30,324,,,,0.0,0.47,0.78,1.01,10.92,59,107,158
22,i,0.0,0.0,5.4,161,101.0,0,0.0,-6,6.0,0.8,215,76.0,66,0,3.1,194.0,77.0,5,238,0.0,778.0,339.0,0.0,12.2,0.0,836022,1,844844,51,0.0,0.0,2.99,1.45,4.44,6.59,0.27,0.13,0.4,0.6,304.4,207.0,86.0,187.0,188.0,124.0,237.0,119.0,70.0,72.6,185.0,92.0,,,,33,,Mikel,Merino Zazón,Merino,Foot injury - Unknown return date,,996,4,3,4,9,0,0,0,1,0,0,10,111,,,,0.0,0.36,0.81,0.9,10.03,26,30,55
23,u,0.0,0.0,5.4,168,106.0,0,0.0,-1,1.0,0.0,690,279.0,0,0,0.0,810.0,359.0,0,0,0.0,782.0,341.0,0.0,0.0,0.0,933,0,4436,0,0.0,0.0,0.0,0.0,0.0,0.0,0.0,0.0,0.0,0.0,0.0,809.0,358.0,0.0,808.0,358.0,0.0,806.0,357.0,0.0,809.0,358.0,,,,33,,Fábio,Ferreira Vieira,Fábio Vieira,has joined Hamburger on loan for the rest of the season.,,0,0,0,0,0,0,0,0,0,0,0,0,0,,,,0.0,0.0,0.0,0.0,0.0,0,0,0
24,a,100.0,100.0,5.1,221,135.0,0,0.0,-4,4.0,0.1,442,149.0,6,0,1.0,501.0,230.0,0,19,0.0,757.0,325.0,0.0,1.2,0.0,7918,6,61568,2,1.0,0.5,0.05,0.0,0.05,2.23,0.08,0.0,0.08,3.58,15.8,456.0,204.0,0.4,481.0,233.0,7.0,430.0,207.0,2.4,469.0,213.0,,,,33,,Christian,Nørgaard,Nørgaard,,,56,0,0,0,1,0,0,0,0,0,0,0,11,,,,0.0,0.0,1.61,0.0,17.68,0,7,4
25,u,0.0,0.0,5.0,270,164.0,0,0.0,-5,5.0,0.1,459,157.0,8,0,1.3,435.0,193.0,0,20,0.0,748.0,318.0,0.0,1.6,0.0,13149,0,37112,3,0.0,0.0,0.23,0.08,0.31,0.73,0.13,0.04,0.17,0.4,8.6,469.0,210.0,22.5,393.0,198.0,24.0,380.0,191.0,5.4,450.0,202.0,,,,33,,Ethan,Nwaneri,Nwaneri,has joined Marseille on loan for the rest of the season.,,165,0,0,1,0,0,0,0,0,0,0,0,13,,,,0.0,0.55,0.0,0.0,7.09,2,1,10
56,u,0.0,0.0,5.0,267,162.0,0,0.0,0,0.0,0.0,825,370.0,0,0,0.0,798.0,351.0,0,0,0.0,747.0,317.0,0.0,0.0,0.0,0,0,35,0,0.0,0.0,0.0,0.0,0.0,0.0,0.0,0.0,0.0,0.0,0.0,797.0,350.0,0.0,795.0,350.0,0.0,790.0,348.0,0.0,797.0,350.0,,,,33,,Enzo,Barrenechea,Barrenechea,Season-long loan to Benfica,,0,0,0,0,0,0,0,0,0,0,0,0,0,,,,0.0,0.0,0.0,0.0,0.0,0,0,0
57,u,0.0,0.0,5.0,261,158.0,0,0.0,0,0.0,0.0,669,268.0,0,0,0.0,794.0,348.0,0,0,0.0,743.0,314.0,0.0,0.0,0.0,889,0,5448,1,0.0,0.0,0.0,0.0,0.0,0.0,0.0,0.0,0.0,0.0,0.0,793.0,347.0,0.0,791.0,347.0,0.0,786.0,345.0,0.0,793.0,347.0,,,,33,,Lewis,Dobbin,Dobbin,Has joined Preston North End on loan for the rest of the season.,,0,0,0,0,0,0,0,0,0,0,0,0,0,,,,0.0,0.0,0.0,0.0,0.0,0,0,0
58,i,0.0,0.0,4.9,311,193.0,0,0.0,-1,1.0,0.2,396,135.0,61,0,3.4,140.0,58.0,7,282,0.0,716.0,295.0,0.0,12.4,0.0,111445,2,120573,14,0.0,0.0,0.53,0.84,1.36,20.8,0.03,0.05,0.08,1.33,325.0,194.0,80.0,241.3,150.0,101.0,75.0,295.0,158.0,64.2,217.0,106.0,,,,33,,Boubacar,Kamara,Kamara,Knee injury - Expected back 01 Jun,,1410,1,3,5,15,0,0,0,5,0,0,17,149,,,,0.0,0.32,0.96,1.09,9.51,38,46,65
59,a,100.0,100.0,4.8,364,226.0,0,0.0,-2,2.0,0.7,230,82.0,74,0,3.2,169.0,68.0,4,341,2.7,93.0,37.0,0.6,15.4,0.0,166083,128,282820,61,2.7,2.7,1.4,0.68,2.08,26.67,0.08,0.04,0.12,1.46,399.6,144.0,48.0,137.4,237.0,152.0,169.0,181.0,99.0,70.6,196.0,97.0,,,,33,,Amadou,Onana,Onana,,,1648,2,0,6,23,0,0,0,2,0,0,20,210,,,,0.0,0.33,1.26,1.09,11.47,45,96,69
60,u,0.0,0.0,4.4,565,340.0,0,0.0,-1,1.0,0.2,355,121.0,0,0,0.0,688.0,267.0,0,0,0.0,585.0,201.0,0.0,0.0,0.0,38290,0,52114,13,0.0,0.0,0.0,0.0,0.0,0.0,0.0,0.0,0.0,0.0,0.0,682.0,261.0,0.0,677.0,264.0,0.0,658.0,256.0,0.0,684.0,263.0,,,,33,,Ben,Broggio,Broggio,has joined Falkirk on loan for the rest of the season.,,0,0,0,0,0,0,0,0,0,0,0,0,0,,,,0.0,0.0,0.0,0.0,0.0,0,0,0
61,u,0.0,0.0,4.5,414,250.0,0,0.0,0,0.0,0.1,540,197.0,0,0,0.0,695.0,270.0,0,0,0.0,595.0,206.0,0.0,0.0,0.0,2169,0,33757,1,0.0,0.0,0.0,0.0,0.0,0.0,0.0,0.0,0.0,0.0,0.0,689.0,264.0,0.0,684.0,267.0,0.0,665.0,259.0,0.0,691.0,266.0,,,,33,,Leander,Dendoncker,Dendoncker,Has joined Real Oviedo permanently.,,0,0,0,0,0,0,0,0,0,0,0,0,0,,,,0.0,0.0,0.0,0.0,0.0,0,0,0
776,a,,,4.5,512,318.0,0,0.0,0,0.0,0.0,791,346.0,0,0,0.0,761.0,323.0,0,0,0.0,680.0,270.0,0.0,0.0,0.0,885,1,685,1,0.0,-1.5,0.0,0.0,0.0,0.0,0.0,0.0,0.0,0.0,0.0,760.0,322.0,0.0,753.0,322.0,0.0,740.0,318.0,0.0,760.0,322.0,,,,33,,Oliver,Pimlott,Pimlott,,,0,0,0,0,0,0,0,0,0,0,0,0,0,,,,0.0,0.0,0.0,0.0,0.0,0,0,0
721,a,100.0,100.0,4.4,571,120.0,0,0.0,-1,1.0,0.0,645,231.0,19,0,2.7,233.0,92.0,0,63,0.0,591.0,235.0,0.0,4.3,0.0,6599,1,6078,10,0.0,0.0,0.15,0.19,0.34,4.42,0.04,0.05,0.09,1.08,98.4,373.0,143.0,13.9,413.0,150.0,10.0,415.0,155.0,12.2,417.0,148.0,,,,33,,Veljko,Milosavljevic,Milosavljević,,,367,0,0,1,6,0,0,0,0,0,0,4,42,,,,0.0,0.25,1.47,0.98,9.56,5,34,13
110,a,100.0,100.0,4.6,407,73.0,0,0.0,1,-1.0,1.1,188,73.0,102,6,3.2,168.0,66.0,7,467,5.3,9.0,3.0,1.2,22.2,0.0,261416,1100,155676,181,4.8,5.3,0.72,2.73,3.45,42.72,0.02,0.09,0.11,1.37,539.0,71.0,35.0,419.2,62.0,11.0,107.0,257.0,72.0,106.8,88.0,21.0,,,,33,,Michael,Kayode,Kayode,,,2808,1,2,9,41,1,0,0,6,0,0,32,244,,,,0.0,0.29,1.31,1.03,6.38,61,138,146
111,a,100.0,100.0,4.2,634,144.0,0,0.0,-3,3.0,0.1,440,166.0,14,0,3.5,116.0,39.0,2,53,3.3,57.0,21.0,0.8,3.3,0.0,16140,51,28381,31,2.8,3.3,0.01,0.06,0.07,3.7,0.0,0.02,0.02,1.05,88.6,379.0,144.0,1.2,469.0,170.0,33.0,362.0,121.0,12.3,416.0,147.0,,,,33,,Ethan,Pinnock,Pinnock,,,318,0,0,1,5,1,0,0,1,0,0,4,46,,,,0.0,0.28,1.42,1.13,11.89,5,37,11
112,u,0.0,0.0,4.5,426,86.0,0,0.0,0,0.0,0.0,720,250.0,0,0,0.0,701.0,259.0,0,0,0.0,603.0,240.0,0.0,0.0,0.0,211,0,3933,0,0.0,0.0,0.0,0.0,0.0,0.0,0.0,0.0,0.0,0.0,0.0,695.0,259.0,0.0,690.0,259.0,0.0,672.0,259.0,0.0,697.0,259.0,,,,33,,Mads,Roerslev Rasmussen,Roerslev,Has joined Southampton permanently.,,0,0,0,0,0,0,0,0,0,0,0,0,0,,,,0.0,0.0,0.0,0.0,0.0,0,0,0
113,a,100.0,100.0,4.6,400,69.0,0,0.0,1,-1.0,1.3,169,66.0,99,6,3.5,120.0,42.0,3,369,5.0,14.0,6.0,1.1,21.5,0.0,350990,158,245694,197,4.5,5.0,2.87,0.9,3.77,36.33,0.1,0.03,0.13,1.32,560.0,62.0,30.0,83.5,301.0,94.0,260.0,105.0,12.0,90.5,131.0,39.0,,,,33,,Sepp,van den Berg,Van den Berg,,,2483,0,2,7,38,0,0,0,1,0,0,27,272,,,,0.0,0.25,1.38,0.98,8.77,16,226,102
228,a,100.0,100.0,4.9,330,54.0,0,0.0,-1,1.0,2.1,133,53.0,94,2,3.1,189.0,76.0,7,381,1.0,219.0,77.0,0.2,19.2,0.0,550342,124,515460,953,0.0,2.5,1.46,2.07,3.53,30.61,0.07,0.1,0.17,1.45,372.4,162.0,69.0,312.6,105.0,24.0,170.0,179.0,42.0,85.6,146.0,48.0,,,,33,,Malo,Gusto,Gusto,,,1901,2,3,7,27,0,0,0,2,1,0,22,136,,,,0.0,0.33,1.28,1.04,5.02,48,58,110
272,a,100.0,100.0,4.9,289,178.0,0,0.0,-1,1.0,0.1,550,202.0,59,0,2.4,284.0,121.0,3,240,2.5,100.0,44.0,0.5,12.0,0.0,12561,21,15195,6,2.0,2.5,1.68,0.98,2.66,16.86,0.11,0.07,0.18,1.14,226.8,262.0,110.0,159.9,207.0,133.0,197.0,150.0,85.0,58.4,237.0,116.0,,,,33,,Jefferson,Lerma Solís,Lerma,,,1336,0,5,6,16,1,0,0,6,0,0,14,167,,,,0.0,0.4,1.08,0.94,11.25,20,67,80
273,d,75.0,75.0,5.0,268,163.0,0,0.0,0,0.0,0.6,249,89.0,92,0,3.3,156.0,65.0,6,419,0.5,290.0,138.0,0.1,18.4,0.0,180354,19,187137,216,0.0,0.4,1.33,6.03,7.35,33.4,0.05,0.25,0.3,1.37,389.6,151.0,52.0,554.9,30.0,28.0,151.0,202.0,112.0,109.8,86.0,52.0,2.0,,,33,,Adam,Wharton,Wharton,Groin Injury - 75% chance of playing,,2191,0,6,8,33,0,0,0,4,1,0,26,255,,,,0.0,0.33,1.36,1.07,10.47,60,62,133
274,a,,,4.3,612,361.0,0,0.0,-2,2.0,0.1,495,176.0,0,0,0.0,663.0,252.0,0,0,0.0,546.0,181.0,0.0,0.0,0.0,15184,15,12382,22,-0.5,0.0,0.0,0.0,0.0,0.0,0.0,0.0,0.0,0.0,0.0,653.0,242.0,0.0,649.0,247.0,0.0,626.0,236.0,0.0,655.0,244.0,,,,33,,Asher,Agbinone,Agbinone,,,0,0,0,0,0,0,0,0,0,0,0,0,0,,,,0.0,0.0,0.0,0.0,0.0,0,0,0
275,u,0.0,0.0,4.3,590,348.0,0,0.0,-2,2.0,0.0,627,242.0,0,0,0.0,654.0,244.0,0,0,0.0,526.0,169.0,0.0,0.0,0.0,5497,0,7869,1,0.0,0.0,0.0,0.0,0.0,0.0,0.0,0.0,0.0,0.0,0.0,645.0,235.0,0.0,640.0,240.0,0.0,614.0,226.0,0.0,647.0,237.0,,,,33,,Naouirou,Ahamada,Ahamada,has joined AJ Auxerre permanently.,,0,0,0,0,0,0,0,0,0,0,0,0,0,,,,0.0,0.0,0.0,0.0,0.0,0,0,0
276,a,100.0,100.0,4.3,594,350.0,0,0.0,-2,2.0,1.1,183,63.0,29,0,1.6,402.0,170.0,0,81,0.0,529.0,171.0,0.0,6.7,0.0,293844,32,356896,139,-0.5,0.0,2.38,0.36,2.74,10.05,0.36,0.05,0.41,1.53,86.6,381.0,168.0,94.5,286.0,168.0,164.0,185.0,102.0,34.5,330.0,162.0,,2.0,4.0,33,,Justin,Devenny,Devenny,,,593,1,0,1,10,0,0,0,0,0,0,5,48,,,,0.0,0.15,1.52,0.76,7.28,16,8,24
277,u,0.0,0.0,4.5,435,259.0,0,0.0,0,0.0,0.0,803,356.0,0,0,0.0,706.0,278.0,0,0,0.0,610.0,215.0,0.0,0.0,0.0,0,0,750,0,0.0,0.0,0.0,0.0,0.0,0.0,0.0,0.0,0.0,0.0,0.0,700.0,272.0,0.0,696.0,275.0,0.0,679.0,268.0,0.0,702.0,274.0,,,,33,,Malcolm,Ebiowei,Ebiowei,Has joined Blackpool permanently.,,0,0,0,0,0,0,0,0,0,0,0,0,0,,,,0.0,0.0,0.0,0.0,0.0,0,0,0
282,u,0.0,0.0,4.5,478,293.0,0,0.0,0,0.0,0.0,712,291.0,0,0,0.0,736.0,305.0,0,0,0.0,647.0,246.0,0.0,0.0,0.0,860,0,3072,0,0.0,0.0,0.0,0.0,0.0,0.0,0.0,0.0,0.0,0.0,0.0,733.0,302.0,0.0,727.0,303.0,0.0,713.0,298.0,0.0,734.0,303.0,,,,33,,Franco,Umeh-Chibueze,Umeh,has joined Portsmouth permanently.,,0,0,0,0,0,0,0,0,0,0,0,0,0,,,,0.0,0.0,0.0,0.0,0.0,0,0,0
283,a,100.0,100.0,7.5,21,8.0,0,0.0,0,0.0,7.2,57,10.0,97,0,3.9,80.0,7.0,12,334,6.0,7.0,3.0,0.8,12.9,0.0,4839092,7959,5154500,408,5.5,6.0,13.07,1.26,14.33,26.71,0.6,0.06,0.66,1.23,484.8,96.0,8.0,131.8,241.0,26.0,704.0,17.0,10.0,131.6,50.0,12.0,,,2.0,33,,Jean-Philippe,Mateta,Mateta,,,1959,10,0,8,23,0,0,0,2,0,0,23,116,,,,0.0,0.37,1.06,1.06,5.33,9,53,54
284,i,0.0,0.0,5.4,163,39.0,0,0.0,-1,1.0,0.3,334,54.0,23,0,1.9,361.0,40.0,3,100,0.0,779.0,84.0,0.0,4.3,0.0,124570,2,146809,14,0.0,0.0,1.77,0.46,2.23,9.49,0.38,0.1,0.48,2.06,120.0,350.0,34.0,84.6,299.0,34.0,173.0,174.0,40.0,37.8,316.0,36.0,,,,33,,Eddie,Nketiah,Nketiah,Hamstring injury - Expected back 01 Jun,,414,2,0,0,12,0,0,0,2,0,0,2,38,,,,0.0,0.0,2.61,0.43,8.26,8,13,17
285,u,0.0,0.0,5.0,247,53.0,0,0.0,0,0.0,0.2,373,58.0,1,0,1.0,499.0,60.0,0,6,0.0,739.0,81.0,0.0,0.2,0.0,9044,0,89614,3,0.0,0.0,0.0,0.0,0.0,0.27,0.0,0.0,0.0,12.15,2.0,495.0,57.0,0.0,788.0,87.0,0.0,783.0,87.0,0.2,508.0,62.0,,,,33,,Odsonne,Édouard,Édouard,has joined RC Lens permanently.,,2,0,0,0,0,0,0,0,0,0,0,0,1,,,,0.0,0.0,0.0,0.0,45.0,1,0,0
286,a,,,4.4,563,80.0,0,0.0,-1,1.0,0.3,319,50.0,0,0,0.0,687.0,73.0,0,0,0.0,584.0,63.0,0.0,0.0,0.0,51666,17,60123,32,-0.5,0.0,0.0,0.0,0.0,0.0,0.0,0.0,0.0,0.0,0.0,681.0,73.0,0.0,676.0,72.0,0.0,657.0,72.0,0.0,683.0,73.0,,,,33,,Zach,Marsh,Marsh,,,0,0,0,0,0,0,0,0,0,0,0,0,0,,,,0.0,0.0,0.0,0.0,0.0,0,0,0
580,a,,,6.5,49,31.0,0,0.0,-5,5.0,2.3,129,42.0,55,0,2.0,347.0,151.0,2,189,1.0,236.0,107.0,0.2,8.5,0.0,1147790,51,1325998,56,0.5,1.0,1.84,0.92,2.76,21.08,0.13,0.06,0.19,1.47,197.2,282.0,119.0,238.0,153.0,103.0,195.0,154.0,87.0,62.7,226.0,112.0,1.0,3.0,,33,,Brennan,Johnson,Johnson,,,1287,2,1,5,14,0,0,0,5,0,0,14,88,,,,0.0,0.35,0.98,0.98,6.15,20,29,39
654,a,100.0,100.0,5.9,95,27.0,0,0.0,-6,6.0,1.6,157,22.0,64,0,2.2,317.0,34.0,3,190,1.0,232.0,28.0,0.2,10.8,0.0,483786,227,821634,406,0.5,1.0,4.18,0.71,4.89,29.84,0.2,0.03,0.23,1.39,243.4,249.0,23.0,171.0,200.0,20.0,390.0,60.0,23.0,79.1,162.0,23.0,,,,33,,Jørgen,Strand Larsen,Strand Larsen,,,1929,4,1,5,32,0,0,1,4,0,0,21,83,,,,0.0,0.23,1.49,0.98,3.87,8,43,32
242,a,100.0,100.0,5.1,227,138.0,0,0.0,1,-1.0,4.7,81,26.0,126,0,5.0,15.0,6.0,16,492,4.0,33.0,12.0,0.8,24.7,0.0,2078608,3618,2032961,349,4.0,3.5,3.71,4.07,7.78,31.97,0.16,0.17,0.33,1.37,506.8,84.0,27.0,467.1,43.0,37.0,374.0,63.0,36.0,134.9,47.0,32.0,3.0,,,33,,Kiernan,Dewsbury-Hall,Dewsbury-Hall,,,2096,7,5,8,27,0,0,0,6,0,0,24,182,,,,0.0,0.34,1.16,1.03,7.81,42,36,104
243,a,100.0,100.0,4.8,374,234.0,0,0.0,-2,2.0,0.1,548,201.0,11,0,1.1,447.0,199.0,0,22,0.3,314.0,150.0,0.1,2.3,0.0,9412,7,11160,4,0.3,-0.2,0.54,0.17,0.71,4.93,0.19,0.06,0.25,1.7,20.0,453.0,201.0,22.2,395.0,199.0,101.0,261.0,143.0,13.9,403.0,183.0,,,,33,,Tyrique,George,George,,,261,0,0,1,5,0,0,0,2,0,0,1,14,,,,0.0,0.34,1.72,0.34,4.83,3,1,10
287,a,,,5.6,122,2.0,0,0.0,1,-1.0,13.3,24,3.0,126,0,3.9,76.0,10.0,11,504,2.3,115.0,10.0,0.4,22.5,0.0,1775358,3878,1554567,752,2.3,1.8,0.0,0.15,0.15,47.7,0.0,0.0,0.0,1.49,757.8,12.0,4.0,0.2,486.0,14.0,2.0,458.0,3.0,76.0,172.0,5.0,,,,33,,Jordan,Pickford,Pickford,,,2880,0,0,11,37,0,1,0,3,0,88,32,97,,,,2.75,0.34,1.16,1.0,0.0,2,40,261
288,a,100.0,100.0,4.2,633,32.0,0,0.0,-3,3.0,0.1,460,68.0,0,0,0.0,644.0,90.0,0,0,0.0,504.0,82.0,0.0,0.0,0.0,4879,9,12531,5,0.0,-0.5,0.0,0.0,0.0,0.0,0.0,0.0,0.0,0.0,0.0,636.0,90.0,0.0,629.0,80.0,0.0,603.0,69.0,0.0,638.0,90.0,,,,33,,Mark,Travers,Travers,,,0,0,0,0,0,0,0,0,0,0,0,0,0,,,,0.0,0.0,0.0,0.0,0.0,0,0,0
289,u,0.0,0.0,3.9,765,81.0,0,0.0,-1,1.0,0.1,505,74.0,0,0,0.0,558.0,52.0,0,0,0.0,398.0,41.0,0.0,0.0,0.0,4633,0,10525,3,0.0,0.0,0.0,0.0,0.0,0.0,0.0,0.0,0.0,0.0,0.0,548.0,52.0,0.0,535.0,35.0,0.0,503.0,22.0,0.0,550.0,52.0,,,,33,,Harry,Tyrer,Tyrer,has joined Cardiff City permanently.,,0,0,0,0,0,0,0,0,0,0,0,0,0,,,,0.0,0.0,0.0,0.0,0.0,0,0,0
290,a,100.0,100.0,5.3,196,24.0,0,0.0,-2,2.0,0.5,272,103.0,28,0,3.1,193.0,78.0,0,94,1.3,189.0,69.0,0.2,5.3,0.0,71281,674,96674,68,1.3,0.8,0.34,0.09,0.43,8.29,0.05,0.01,0.06,1.26,155.0,322.0,121.0,32.4,381.0,136.0,75.0,297.0,89.0,26.3,361.0,124.0,,,,33,,Jarrad,Branthwaite,Branthwaite,,,592,1,1,1,8,0,0,0,1,0,0,6,56,,,,0.0,0.15,1.22,0.91,8.51,10,46,23
291,a,100.0,100.0,5.7,110,8.0,0,0.0,2,-2.0,11.8,30,10.0,145,0,4.7,24.0,9.0,9,522,3.0,84.0,29.0,0.5,25.4,0.0,2735986,8681,2118655,859,3.0,2.5,2.08,1.32,3.4,45.0,0.07,0.04,0.11,1.45,798.2,10.0,4.0,186.5,190.0,50.0,289.0,98.0,10.0,127.7,58.0,8.0,,,,33,,James,Tarkowski,Tarkowski,,,2790,1,1,11,35,0,0,0,5,0,0,31,350,,,,0.0,0.35,1.13,1.0,10.45,40,284,75
292,a,100.0,100.0,4.9,310,50.0,0,0.0,-1,1.0,0.6,242,92.0,87,0,3.2,171.0,67.0,2,327,3.3,61.0,22.0,0.7,17.8,0.0,158315,549,187365,49,3.3,2.8,0.28,2.31,2.59,39.87,0.01,0.09,0.1,1.48,461.6,110.0,48.0,340.7,87.0,22.0,65.0,309.0,95.0,86.6,143.0,46.0,,,,33,,Vitalii,Mykolenko,Mykolenko,,,2419,0,1,9,34,1,0,0,5,0,0,27,212,,,,0.0,0.33,1.26,1.0,7.07,37,153,93
293,a,100.0,100.0,4.9,334,56.0,0,0.0,-1,1.0,0.7,237,89.0,106,0,3.4,141.0,54.0,2,362,3.3,62.0,23.0,0.7,21.6,0.0,183625,505,178355,54,3.3,2.8,0.94,0.85,1.79,45.52,0.03,0.03,0.06,1.55,492.6,90.0,39.0,232.1,158.0,39.0,132.0,225.0,59.0,86.0,145.0,47.0,,,,33,,Jake,O'Brien,O'Brien,,,2636,0,3,10,35,0,0,0,2,1,0,29,229,,,,0.0,0.34,1.19,0.99,6.86,50,151,102
307,a,,,4.4,550,330.0,0,0.0,-1,1.0,0.0,603,229.0,0,0,0.0,679.0,262.0,0,0,0.0,572.0,193.0,0.0,0.0,0.0,5008,4,6618,3,0.0,-0.5,0.0,0.0,0.0,0.0,0.0,0.0,0.0,0.0,0.0,671.0,254.0,0.0,667.0,258.0,0.0,646.0,248.0,0.0,673.0,256.0,,,,33,,Coby,Ebere,Ebere,,,0,0,0,0,0,0,0,0,0,0,0,0,0,,,,0.0,0.0,0.0,0.0,0.0,0,0,0
334,u,0.0,0.0,4.5,455,273.0,0,0.0,0,0.0,0.0,816,362.0,0,0,0.0,719.0,290.0,0,0,0.0,627.0,228.0,0.0,0.0,0.0,0,0,314,0,0.0,0.0,0.0,0.0,0.0,0.0,0.0,0.0,0.0,0.0,0.0,714.0,285.0,0.0,709.0,287.0,0.0,693.0,280.0,0.0,715.0,286.0,,,,33,,Luke,Harris,Harris,Has joined Oxford United on loan for the rest of the season.,,0,0,0,0,0,0,0,0,0,0,0,0,0,,,,0.0,0.0,0.0,0.0,0.0,0,0,0
335,a,100.0,100.0,4.4,564,339.0,0,0.0,-1,1.0,1.8,149,52.0,59,1,2.2,313.0,135.0,3,196,5.0,13.0,3.0,1.1,13.4,0.0,996041,837,903120,293,5.0,5.0,2.32,0.53,2.85,17.15,0.17,0.04,0.21,1.29,187.2,290.0,125.0,154.9,214.0,136.0,299.0,93.0,56.0,63.2,224.0,111.0,,,,33,,Josh,King,King,,,1195,1,3,5,18,0,0,0,3,0,0,15,96,,,,0.0,0.38,1.36,1.13,7.23,23,20,53
336,a,100.0,100.0,4.3,578,345.0,0,0.0,-2,2.0,0.3,308,107.0,13,0,2.2,309.0,133.0,2,41,0.3,309.0,146.0,0.1,3.0,0.0,86548,13,80678,56,0.3,0.3,0.13,0.36,0.49,0.51,0.45,1.25,1.7,1.77,38.6,428.0,188.0,19.0,400.0,200.0,11.0,409.0,201.0,6.8,440.0,198.0,,,,33,,Harrison,Reed,Reed,,,26,1,0,0,1,0,0,0,0,0,0,0,2,,,,0.0,0.0,3.46,0.0,6.92,0,0,2
337,a,100.0,100.0,6.1,80,25.0,0,0.0,-4,4.0,2.2,130,20.0,106,1,3.3,159.0,15.0,7,390,2.3,119.0,16.0,0.4,17.4,0.0,834135,1185,827542,851,2.3,2.3,11.2,0.88,12.08,30.66,0.5,0.04,0.54,1.38,467.6,105.0,9.0,303.7,113.0,6.0,694.0,18.0,11.0,146.0,36.0,8.0,,2.0,1.0,33,,Raúl,Jiménez Rodríguez,Raúl,,,2005,9,5,8,25,0,0,0,5,0,0,25,123,,,,0.0,0.36,1.12,1.12,5.52,32,39,52
363,u,0.0,0.0,4.9,287,57.0,0,0.0,-1,1.0,0.3,311,49.0,0,0,0.0,773.0,85.0,0,0,0.0,704.0,76.0,0.0,0.0,0.0,16144,0,203171,1,0.0,0.0,0.0,0.0,0.0,0.0,0.0,0.0,0.0,0.0,0.0,772.0,85.0,0.0,768.0,84.0,0.0,764.0,84.0,0.0,772.0,85.0,,,,33,,Patrick,Bamford,Bamford,has departed the club as a free agent.,,0,0,0,0,0,0,0,0,0,0,0,0,0,,,,0.0,0.0,0.0,0.0,0.0,0,0,0
364,u,0.0,0.0,5.0,278,56.0,0,0.0,0,0.0,0.0,748,91.0,0,0,0.0,800.0,88.0,0,0,0.0,751.0,82.0,0.0,0.0,0.0,0,0,2428,0,0.0,0.0,0.0,0.0,0.0,0.0,0.0,0.0,0.0,0.0,0.0,799.0,88.0,0.0,797.0,88.0,0.0,792.0,88.0,0.0,799.0,88.0,,,,33,,Mateo,Joseph Fernández-Regatillo,Mateo Joseph,Has joined RCD Mallorca on loan for the rest of the season.,,0,0,0,0,0,0,0,0,0,0,0,0,0,,,,0.0,0.0,0.0,0.0,0.0,0,0,0
365,a,100.0,100.0,5.0,246,52.0,0,0.0,0,0.0,0.6,251,35.0,67,1,2.6,250.0,26.0,8,239,0.8,247.0,31.0,0.2,13.4,0.0,216225,30,226405,201,0.0,2.1,6.28,0.92,7.2,16.78,0.65,0.1,0.75,1.74,260.6,236.0,20.0,94.5,287.0,31.0,346.0,74.0,26.0,70.2,198.0,25.0,,,2.0,33,,Lukas,Nmecha,Nmecha,,,867,6,1,3,18,0,0,1,0,0,0,9,42,,,,0.0,0.31,1.87,0.93,4.36,8,12,22
665,a,100.0,100.0,4.4,529,26.0,0,0.0,-1,1.0,0.3,341,47.0,43,0,2.7,232.0,26.0,3,153,0.0,560.0,87.0,0.0,9.8,0.0,51629,29,68140,130,0.0,0.5,0.0,0.0,0.0,26.68,0.0,0.0,0.0,1.67,322.4,197.0,21.0,0.0,658.0,85.0,0.0,637.0,75.0,32.2,337.0,21.0,,,,33,,Lucas Estella,Perri,Perri,,,1440,0,0,3,29,0,0,0,2,0,38,16,39,,,,2.38,0.19,1.81,1.0,0.0,0,16,100
369,a,,,3.9,754,76.0,0,0.0,-1,1.0,0.2,398,56.0,0,0,0.0,551.0,47.0,0,0,0.0,390.0,36.0,0.0,0.0,0.0,22629,3,18439,9,0.5,0.5,0.0,0.0,0.0,0.0,0.0,0.0,0.0,0.0,0.0,541.0,47.0,0.0,528.0,30.0,0.0,496.0,17.0,0.0,543.0,47.0,,,,33,,Freddie,Woodman,Woodman,,,0,0,0,0,0,0,0,0,0,0,0,0,0,,,,0.0,0.0,0.0,0.0,0.0,0,0,0
370,a,100.0,100.0,5.7,115,10.0,0,0.0,-3,3.0,5.2,75,24.0,57,0,3.6,110.0,38.0,1,227,2.0,141.0,56.0,0.4,10.0,0.0,697130,815,3390225,185,2.5,2.5,0.43,1.41,1.84,8.9,0.05,0.16,0.21,0.98,118.0,356.0,136.0,214.0,170.0,43.0,139.0,217.0,56.0,47.2,280.0,90.0,,,,33,,Jeremie,Frimpong,Frimpong,,,815,0,5,5,9,0,0,0,1,0,0,10,32,,,,0.0,0.55,0.99,1.1,3.09,9,19,42
371,a,,,5.6,132,14.0,0,0.0,-4,4.0,3.1,111,42.0,79,0,2.8,227.0,91.0,4,335,2.3,117.0,43.0,0.4,14.1,0.0,376027,493,825936,142,2.8,2.8,1.47,0.65,2.12,26.97,0.07,0.03,0.1,1.2,410.0,138.0,58.0,381.2,72.0,15.0,135.0,222.0,57.0,92.8,121.0,35.0,,,,33,,Milos,Kerkez,Kerkez,,,2026,2,1,6,31,0,0,0,4,0,0,25,151,,,,0.0,0.27,1.38,1.11,5.55,40,85,78
372,a,,,5.7,112,9.0,0,0.0,-3,3.0,1.0,194,74.0,43,0,2.1,335.0,123.0,4,174,2.3,118.0,44.0,0.4,7.5,0.0,63491,102,138366,25,2.8,2.8,0.68,1.05,1.72,11.26,0.07,0.11,0.18,1.19,168.6,308.0,117.0,255.5,140.0,36.0,97.0,266.0,75.0,52.3,261.0,85.0,,,,33,,Andrew,Robertson,Robertson,,,854,0,0,4,11,0,0,0,0,0,0,7,55,,,,0.0,0.42,1.16,0.74,4.74,11,34,32
376,i,0.0,0.0,4.9,295,46.0,0,0.0,-1,1.0,0.1,419,155.0,31,0,1.8,377.0,142.0,2,91,0.3,315.0,101.0,0.1,6.3,0.0,24923,2,30669,40,0.0,0.0,0.23,0.62,0.85,8.02,0.04,0.11,0.15,1.41,114.6,361.0,138.0,71.6,314.0,104.0,26.0,375.0,129.0,21.3,379.0,133.0,,,,33,,Joe,Gomez,Gomez,Muscle injury - Unknown return date,,512,0,2,2,12,0,0,0,2,0,0,6,40,,,,0.0,0.35,2.11,1.05,6.86,8,31,18
385,a,100.0,100.0,6.3,69,45.0,0,0.0,-2,2.0,0.3,340,117.0,34,0,1.5,419.0,183.0,0,125,0.0,813.0,361.0,0.0,5.4,0.0,56790,6,69857,7,0.5,0.5,1.36,0.61,1.97,5.41,0.44,0.2,0.64,1.76,119.8,351.0,159.0,46.9,359.0,187.0,147.0,207.0,115.0,31.1,341.0,166.0,,,,33,,Federico,Chiesa,Chiesa,,,277,2,1,0,7,0,0,0,3,0,0,1,29,,,,0.0,0.0,2.27,0.32,9.42,8,13,8
386,a,100.0,100.0,6.3,71,47.0,0,0.0,-2,2.0,2.1,136,44.0,86,0,2.8,229.0,93.0,6,399,0.7,268.0,126.0,0.1,13.7,0.0,372323,133,368208,472,1.2,1.2,3.38,1.36,4.74,28.46,0.14,0.06,0.2,1.17,388.6,152.0,53.0,440.8,52.0,44.0,304.0,91.0,54.0,113.4,82.0,51.0,,,4.0,33,,Alexis,Mac Allister,Mac Allister,,,2198,2,3,7,31,0,0,0,5,0,0,26,191,,,,0.0,0.29,1.27,1.06,7.82,43,55,93
387,a,100.0,100.0,7.1,35,20.0,0,0.0,6,-6.0,13.0,25,9.0,128,0,4.3,44.0,18.0,17,628,2.7,96.0,40.0,0.4,18.0,0.0,3046268,4701,1793636,1422,3.2,3.2,3.84,5.23,9.07,36.33,0.13,0.17,0.3,1.21,700.6,30.0,7.0,1034.3,2.0,2.0,321.0,82.0,48.0,205.5,6.0,4.0,1.0,2.0,2.0,33,,Dominik,Szoboszlai,Szoboszlai,,,2692,5,3,9,41,0,0,1,7,1,0,30,300,,,,0.0,0.3,1.37,1.0,10.03,46,90,164
388,a,100.0,100.0,5.4,164,103.0,0,0.0,-1,1.0,0.1,468,162.0,55,0,2.0,345.0,150.0,3,312,2.3,113.0,48.0,0.4,10.2,0.0,29797,14,35457,15,2.8,2.8,1.49,2.37,3.86,22.14,0.1,0.15,0.25,1.44,259.4,238.0,101.0,336.6,90.0,66.0,185.0,167.0,93.0,78.1,167.0,86.0,,,,33,,Curtis,Jones,C.Jones,,,1387,0,2,3,26,0,0,0,1,0,0,12,158,,,,0.0,0.19,1.69,0.78,10.25,29,29,100
390,a,100.0,100.0,5.5,144,90.0,0,0.0,0,0.0,4.2,91,29.0,125,0,4.2,47.0,19.0,14,587,1.3,191.0,86.0,0.2,22.7,0.0,2070054,436,1664770,771,1.8,1.8,1.63,2.06,3.69,32.5,0.06,0.07,0.13,1.14,602.0,51.0,12.0,422.6,59.0,48.0,173.0,175.0,97.0,119.5,71.0,44.0,,,,33,,Ryan,Gravenberch,Gravenberch,,,2563,4,5,9,34,0,0,0,5,0,0,29,268,,,,0.0,0.32,1.19,1.02,9.41,52,100,116
499,a,100.0,100.0,10.3,5,2.0,0,0.0,-2,2.0,3.8,98,17.0,30,0,2.7,242.0,25.0,2,97,0.3,331.0,46.0,0.0,2.9,0.0,1826344,5601,2421232,139,0.8,0.8,2.04,0.07,2.11,5.55,0.35,0.01,0.36,0.96,105.6,366.0,38.0,37.6,371.0,47.0,143.0,211.0,42.0,27.8,354.0,41.0,,,,33,,Alexander,Isak,Isak,,,522,2,1,1,7,0,0,0,0,0,0,6,25,,,,0.0,0.17,1.21,1.03,4.31,6,8,11
661,i,0.0,0.0,9.2,7,3.0,0,0.0,7,-7.0,22.4,14,4.0,125,0,4.5,35.0,5.0,22,433,0.3,330.0,45.0,0.0,13.6,0.0,9186447,15,8732982,51016,0.0,0.0,10.1,2.45,12.55,26.11,0.51,0.12,0.63,1.31,525.8,77.0,5.0,307.2,109.0,5.0,739.0,10.0,6.0,156.2,28.0,6.0,,,,33,,Hugo,Ekitiké,Ekitiké,Achilles injury - Expected back 01 Jul,,1797,11,4,7,25,0,0,0,0,0,0,21,85,,,,0.0,0.35,1.25,1.05,4.26,11,32,42
686,a,,,4.3,618,366.0,0,0.0,-2,2.0,1.0,196,71.0,31,0,2.2,312.0,134.0,3,147,4.0,30.0,11.0,0.9,7.2,0.0,293352,1188,199222,157,4.5,4.5,0.94,1.74,2.68,5.42,0.3,0.55,0.85,1.71,140.6,333.0,149.0,153.3,218.0,140.0,151.0,201.0,111.0,44.6,292.0,145.0,,,,33,,Rio,Ngumoha,Ngumoha,,,286,2,0,2,5,0,0,0,0,0,0,2,18,,,,0.0,0.63,1.57,0.63,5.66,2,4,12
692,i,0.0,0.0,4.9,345,57.0,0,0.0,-1,1.0,0.0,721,251.0,0,0,0.0,791.0,264.0,0,0,0.0,736.0,254.0,0.0,0.0,0.0,1939,0,2586,1,0.0,0.0,0.0,0.0,0.0,0.0,0.0,0.0,0.0,0.0,0.0,790.0,264.0,0.0,786.0,264.0,0.0,782.0,264.0,0.0,790.0,264.0,,,,33,,Giovanni,Leoni,Leoni,Knee injury - Expected back 01 Sep,,0,0,0,0,0,0,0,0,0,0,0,0,0,,,,0.0,0.0,0.0,0.0,0.0,0,0,0
746,a,,,4.5,493,304.0,0,0.0,0,0.0,0.0,746,315.0,0,0,0.0,747.0,313.0,0,0,0.0,662.0,257.0,0.0,0.0,0.0,1080,0,920,0,0.5,0.5,0.0,0.0,0.0,0.0,0.0,0.0,0.0,0.0,0.0,745.0,311.0,0.0,738.0,311.0,0.0,725.0,307.0,0.0,745.0,311.0,,,,33,,Kieran,Morrison,Morrison,,,0,0,0,0,0,0,0,0,0,0,0,0,0,,,,0.0,0.0,0.0,0.0,0.0,0,0,0
760,a,,,4.0,713,186.0,0,0.0,0,0.0,0.0,686,241.0,0,0,0.0,615.0,227.0,0,0,0.0,465.0,174.0,0.0,0.0,0.0,1230,3,1124,4,0.5,0.5,0.0,0.0,0.0,0.0,0.0,0.0,0.0,0.0,0.0,606.0,227.0,0.0,598.0,227.0,0.0,567.0,223.0,0.0,608.0,227.0,,,,33,,Wellity,Lucky,Lucky,,,0,0,0,0,0,0,0,0,0,0,0,0,0,,,,0.0,0.0,0.0,0.0,0.0,0,0,0
434,a,,,3.8,790,93.0,0,0.0,-2,2.0,0.3,299,39.0,0,0,0.0,528.0,38.0,0,0,0.0,357.0,25.0,0.0,0.0,0.0,29851,249,28043,74,0.5,0.0,0.0,0.0,0.0,0.0,0.0,0.0,0.0,0.0,0.0,517.0,37.0,0.0,500.0,17.0,0.0,467.0,4.0,0.0,519.0,37.0,,,,33,,Tom,Heaton,Heaton,,,0,0,0,0,0,0,0,0,0,0,0,0,0,,,,0.0,0.0,0.0,0.0,0.0,0,0,0
435,a,,,3.9,767,82.0,0,0.0,-1,1.0,0.1,491,73.0,0,0,0.0,559.0,53.0,0,0,0.0,399.0,42.0,0.0,0.0,0.0,5587,2,9144,3,0.5,0.0,0.0,0.0,0.0,0.0,0.0,0.0,0.0,0.0,0.0,549.0,53.0,0.0,536.0,36.0,0.0,504.0,23.0,0.0,551.0,53.0,,,,33,,Dermot,Mee,Mee,,,0,0,0,0,0,0,0,0,0,0,0,0,0,,,,0.0,0.0,0.0,0.0,0.0,0,0,0
436,i,0.0,0.0,4.9,305,48.0,0,0.0,-1,1.0,1.8,148,57.0,43,0,3.3,152.0,59.0,5,169,0.0,714.0,252.0,0.0,8.8,0.0,419767,3,550968,67,0.0,0.0,1.38,0.83,2.21,18.73,0.11,0.06,0.17,1.44,276.6,222.0,88.0,60.2,336.0,114.0,122.0,236.0,62.0,45.7,288.0,95.0,,,,33,,Matthijs,de Ligt,De Ligt,Back injury - Unknown return date,,1170,1,0,1,20,0,0,0,0,0,0,13,139,,,,0.0,0.08,1.54,1.0,8.23,19,88,40
437,s,0.0,0.0,4.8,358,61.0,0,0.0,-2,2.0,0.4,280,106.0,36,0,2.4,282.0,107.0,3,169,-1.0,828.0,268.0,-0.2,7.5,0.0,169973,5,151020,206,0.0,0.0,0.06,0.56,0.62,11.3,0.01,0.05,0.06,1.06,232.4,255.0,103.0,80.6,308.0,100.0,10.0,416.0,156.0,32.5,335.0,112.0,,,,33,,Lisandro,Martínez,Martinez,Suspended until 09 May,,959,0,0,3,13,1,0,0,0,1,0,10,80,,,,0.0,0.28,1.22,0.94,7.51,13,67,57
448,a,,,3.7,821,261.0,0,0.0,-3,3.0,0.4,283,108.0,2,0,1.0,451.0,161.0,0,2,0.0,351.0,112.0,0.0,0.5,0.0,62037,188,61060,65,0.5,0.0,0.0,0.0,0.0,0.35,0.0,0.0,0.0,4.5,3.6,486.0,173.0,0.5,475.0,173.0,0.0,461.0,173.0,0.4,497.0,174.0,,,,33,,Tyrell,Malacia,Malacia,,,7,0,0,0,1,0,0,0,0,0,0,0,2,,,,0.0,0.0,12.86,0.0,25.71,1,1,2
788,a,,,4.0,722,193.0,0,0.0,0,0.0,0.0,727,253.0,0,0,0.0,623.0,233.0,0,0,0.0,474.0,181.0,0.0,0.0,0.0,508,1,463,2,0.5,0.0,0.0,0.0,0.0,0.0,0.0,0.0,0.0,0.0,0.0,614.0,233.0,0.0,606.0,233.0,0.0,576.0,230.0,0.0,616.0,233.0,,,,33,,Godwill,Kukonki,Kukonki,,,0,0,0,0,0,0,0,0,0,0,0,0,0,,,,0.0,0.0,0.0,0.0,0.0,0,0,0
491,a,100.0,100.0,5.3,191,120.0,0,0.0,-2,2.0,1.1,189,65.0,75,2,2.4,289.0,125.0,2,418,1.3,188.0,84.0,0.2,14.2,0.0,220869,103,325345,126,0.3,1.3,1.63,2.48,4.11,32.75,0.07,0.1,0.17,1.33,344.4,185.0,72.0,448.7,50.0,42.0,165.0,184.0,101.0,96.1,110.0,61.0,1.0,3.0,,33,,Sandro,Tonali,Tonali,,,2212,0,2,7,35,0,0,0,3,0,0,27,224,,,,0.0,0.28,1.42,1.1,9.11,31,62,131
492,u,0.0,0.0,4.9,344,215.0,0,0.0,-1,1.0,0.0,681,274.0,0,0,0.0,790.0,345.0,0,0,0.0,735.0,309.0,0.0,0.0,0.0,655,0,3583,0,0.0,0.0,0.0,0.0,0.0,0.0,0.0,0.0,0.0,0.0,0.0,789.0,344.0,0.0,785.0,344.0,0.0,781.0,342.0,0.0,789.0,344.0,,,,33,,Antoñito,Cordero Campillo,Antoñito C.,has joined Cadiz on loan for the rest of the season.,,0,0,0,0,0,0,0,0,0,0,0,0,0,,,,0.0,0.0,0.0,0.0,0.0,0,0,0
494,a,100.0,100.0,5.0,248,148.0,0,0.0,0,0.0,0.1,501,180.0,28,0,1.4,425.0,185.0,0,114,0.3,316.0,151.0,0.1,5.6,0.0,14188,10,13417,16,-0.7,0.3,0.81,0.64,1.45,13.92,0.11,0.08,0.19,1.81,96.2,376.0,166.0,147.8,225.0,145.0,112.0,248.0,137.0,35.5,325.0,160.0,,,,33,,Joe,Willock,Willock,,,693,0,1,3,13,0,0,0,3,0,0,7,76,,,,0.0,0.39,1.69,0.91,9.87,18,12,46
495,u,0.0,0.0,4.5,415,251.0,0,0.0,0,0.0,0.0,772,331.0,0,0,0.0,696.0,271.0,0,0,0.0,596.0,207.0,0.0,0.0,0.0,0,0,1612,0,0.0,0.0,0.0,0.0,0.0,0.0,0.0,0.0,0.0,0.0,0.0,690.0,265.0,0.0,685.0,268.0,0.0,666.0,260.0,0.0,692.0,267.0,,,,33,,Isaac,Hayden,Hayden,Has departed the club as a free agent.,,0,0,0,0,0,0,0,0,0,0,0,0,0,,,,0.0,0.0,0.0,0.0,0.0,0,0,0
496,u,0.0,0.0,4.4,560,336.0,0,0.0,-1,1.0,0.0,636,247.0,0,0,0.0,685.0,265.0,0,0,0.0,581.0,198.0,0.0,0.0,0.0,2219,0,7430,0,0.0,0.0,0.0,0.0,0.0,0.0,0.0,0.0,0.0,0.0,0.0,678.0,258.0,0.0,673.0,261.0,0.0,654.0,253.0,0.0,680.0,260.0,,,,33,,Garang,Kuol,Kuol,has joined Sparta Prague permanently.,,0,0,0,0,0,0,0,0,0,0,0,0,0,,,,0.0,0.0,0.0,0.0,0.0,0,0,0
753,a,,,4.0,662,38.0,0,0.0,0,0.0,0.0,688,82.0,0,0,0.0,577.0,63.0,0,0,0.0,419.0,52.0,0.0,0.0,0.0,1762,3,1172,4,-1.0,0.0,0.0,0.0,0.0,0.0,0.0,0.0,0.0,0.0,0.0,567.0,63.0,0.0,555.0,47.0,0.0,524.0,34.0,0.0,569.0,63.0,,,,33,,John,Ruddy,Ruddy,,,0,0,0,0,0,0,0,0,0,0,0,0,0,,,,0.0,0.0,0.0,0.0,0.0,0,0,0
505,a,,,5.1,229,32.0,0,0.0,-4,4.0,3.3,103,36.0,98,0,3.1,190.0,77.0,2,338,3.7,47.0,19.0,0.7,19.2,0.0,382722,931,1077755,124,3.7,4.2,0.81,0.46,1.27,45.9,0.03,0.01,0.04,1.43,572.2,58.0,28.0,41.4,365.0,131.0,108.0,255.0,70.0,72.4,187.0,65.0,,,,33,,Nikola,Milenković,Milenković,,,2880,0,0,8,44,1,0,0,6,0,0,32,287,,,,0.0,0.25,1.38,1.0,8.06,24,234,88
506,d,75.0,75.0,5.2,217,29.0,0,0.0,-3,3.0,2.1,134,54.0,82,0,3.4,142.0,55.0,3,325,2.3,112.0,42.0,0.4,15.8,0.0,315015,68,819798,779,1.7,2.1,0.73,0.47,1.2,32.95,0.03,0.02,0.05,1.42,530.6,76.0,36.0,115.2,259.0,73.0,82.0,286.0,83.0,72.8,184.0,64.0,,2.0,,33,,Murillo,Costa dos Santos,Murillo,Knock - 75% chance of playing,,2089,1,0,6,29,2,0,0,5,0,0,24,249,,,,0.0,0.26,1.25,1.03,9.35,32,185,99
507,a,100.0,100.0,4.7,379,63.0,0,0.0,-3,3.0,2.4,128,51.0,56,0,3.5,121.0,43.0,5,224,2.7,92.0,35.0,0.6,11.9,0.0,346358,160,1635467,113,2.7,3.2,0.36,0.82,1.18,24.25,0.02,0.05,0.07,1.55,255.6,242.0,95.0,156.8,210.0,55.0,57.0,326.0,102.0,47.1,281.0,91.0,,,,33,,Ola,Aina,Aina,,,1407,0,1,5,18,0,0,0,3,0,0,16,137,,,,0.0,0.32,1.15,1.02,7.48,26,91,74
508,a,100.0,100.0,4.8,356,59.0,0,0.0,-2,2.0,4.1,94,31.0,115,0,3.7,95.0,37.0,15,474,8.7,1.0,1.0,1.8,24.0,0.0,567808,7552,1188377,237,8.7,9.2,1.8,3.61,5.41,41.49,0.06,0.12,0.18,1.38,704.0,28.0,9.0,496.7,37.0,3.0,325.0,81.0,8.0,152.5,32.0,2.0,3.0,,,33,,Neco,Williams,N.Williams,,,2708,2,3,8,41,0,0,0,5,1,0,31,245,,,,0.0,0.27,1.36,1.03,6.81,81,124,138
513,a,,,3.8,813,254.0,0,0.0,-2,2.0,0.3,348,126.0,2,0,1.0,455.0,164.0,0,1,0.0,377.0,135.0,0.0,0.5,0.0,29541,4,30888,11,0.0,0.5,0.0,0.01,0.01,3.13,0.0,0.01,0.01,2.35,25.4,445.0,164.0,6.3,442.0,158.0,0.0,482.0,191.0,3.2,463.0,167.0,,,,33,,Zach,Abbott,Abbott,,,120,0,0,0,4,0,0,0,0,0,0,1,10,,,,0.0,0.0,3.0,0.75,7.5,2,8,8
547,a,100.0,100.0,4.9,331,205.0,0,0.0,-1,1.0,1.0,193,69.0,111,0,3.7,97.0,40.0,8,462,1.3,182.0,80.0,0.3,22.7,0.0,395664,807,316062,188,1.3,1.3,4.58,3.86,8.44,38.29,0.17,0.15,0.32,1.44,556.6,63.0,16.0,604.5,25.0,24.0,203.0,146.0,82.0,136.6,44.0,31.0,3.0,2.0,2.0,33,,Enzo,Le Fée,E.Le Fée,,,2390,4,4,9,31,0,0,1,5,0,0,27,258,,,,0.0,0.34,1.17,1.02,9.72,70,68,120
548,i,0.0,0.0,4.9,327,202.0,0,0.0,-1,1.0,0.0,757,322.0,14,0,1.0,495.0,225.0,0,42,0.0,727.0,303.0,0.0,2.9,0.0,1139,0,1679,1,0.0,0.0,0.87,0.48,1.35,8.54,0.2,0.11,0.31,1.93,29.4,438.0,193.0,33.6,377.0,191.0,69.0,303.0,161.0,12.7,410.0,186.0,,,,33,,Romaine,Mundle,Mundle,Hamstring injury - Expected back 01 Jun,,399,0,0,0,11,0,0,0,1,0,0,2,33,,,,0.0,0.0,2.48,0.45,7.44,5,6,22
549,u,0.0,0.0,4.8,359,223.0,0,0.0,-2,2.0,0.0,658,261.0,3,0,1.0,493.0,224.0,0,10,0.0,700.0,284.0,0.0,0.6,0.0,1972,0,4716,0,0.0,0.0,0.0,0.0,0.0,0.64,0.0,0.0,0.0,4.43,3.0,491.0,226.0,1.4,468.0,227.0,0.0,759.0,328.0,0.4,501.0,230.0,,,,33,,Dan,Neil,Neil,has joined Ipswich Town on loan for the rest of the season.,,13,0,0,0,0,0,0,0,0,0,0,0,2,,,,0.0,0.0,0.0,0.0,13.85,0,2,0
550,a,,,4.7,385,240.0,0,0.0,-3,3.0,0.0,665,265.0,0,0,0.0,768.0,330.0,0,0,0.0,692.0,280.0,0.0,0.0,0.0,1144,1,2844,1,0.0,0.0,0.0,0.0,0.0,0.0,0.0,0.0,0.0,0.0,0.0,767.0,329.0,0.0,762.0,329.0,0.0,752.0,326.0,0.0,767.0,329.0,,,,33,,Ian,Poveda-Ocampo,Poveda,,,0,0,0,0,0,0,0,0,0,0,0,0,0,,,,0.0,0.0,0.0,0.0,0.0,0,0,0
551,a,,,4.7,394,245.0,0,0.0,-3,3.0,0.0,587,219.0,23,0,1.6,404.0,172.0,1,90,1.7,155.0,61.0,0.4,4.9,0.0,6390,9,9528,5,1.7,1.7,0.65,0.85,1.5,9.14,0.09,0.12,0.21,1.29,54.2,413.0,181.0,121.4,251.0,156.0,61.0,320.0,169.0,23.6,367.0,175.0,,,,33,,Chris,Rigg,Rigg,,,637,0,0,3,4,0,0,0,1,0,0,9,50,,,,0.0,0.42,0.57,1.27,7.06,12,11,27
552,a,100.0,100.0,4.9,340,211.0,0,0.0,-1,1.0,0.1,570,212.0,64,0,2.4,288.0,124.0,0,338,1.3,183.0,81.0,0.3,13.1,0.0,11393,14,12699,7,1.3,1.3,0.79,1.06,1.85,34.13,0.03,0.04,0.07,1.29,288.8,216.0,90.0,235.1,156.0,105.0,113.0,244.0,133.0,63.8,219.0,107.0,,,,33,,Noah,Sadiki,Sadiki,,,2384,0,1,8,30,0,0,0,7,0,0,27,208,,,,0.0,0.3,1.13,1.02,7.85,41,80,87
553,a,100.0,100.0,4.9,338,209.0,0,0.0,-1,1.0,0.2,402,138.0,76,0,3.2,173.0,71.0,6,231,3.0,79.0,31.0,0.6,15.5,0.0,62880,61,72539,16,3.0,3.0,1.99,0.97,2.95,18.54,0.13,0.07,0.2,1.26,228.0,260.0,109.0,195.6,183.0,121.0,215.0,136.0,79.0,63.4,223.0,110.0,,,,33,,Chemsdine,Talbi,Talbi,,,1328,4,2,6,12,0,0,0,0,0,0,14,80,,,,0.0,0.41,0.81,0.95,5.42,9,19,52
554,a,,,4.3,591,349.0,0,0.0,-2,2.0,0.3,315,110.0,0,0,0.0,655.0,245.0,0,0,0.0,527.0,170.0,0.0,0.0,0.0,82263,8,81544,23,0.0,0.0,0.0,0.0,0.0,0.0,0.0,0.0,0.0,0.0,0.0,646.0,236.0,0.0,641.0,241.0,0.0,615.0,227.0,0.0,648.0,238.0,,,,33,,Abdoullah,Ba,Ba,,,0,0,0,0,0,0,0,0,0,0,0,0,0,,,,0.0,0.0,0.0,0.0,0.0,0,0,0
555,u,0.0,0.0,4.5,417,252.0,0,0.0,0,0.0,0.0,651,256.0,0,0,0.0,697.0,272.0,0,0,0.0,598.0,208.0,0.0,0.0,0.0,1291,0,9872,1,0.0,0.0,0.0,0.0,0.0,0.0,0.0,0.0,0.0,0.0,0.0,691.0,266.0,0.0,686.0,269.0,0.0,667.0,261.0,0.0,693.0,268.0,,,,33,,Alan,Browne,Browne,has joined Middlesbrough on loan for the rest of the season.,,0,0,0,0,0,0,0,0,0,0,0,0,0,,,,0.0,0.0,0.0,0.0,0.0,0,0,0
556,u,0.0,0.0,4.5,437,260.0,0,0.0,0,0.0,0.0,781,338.0,0,0,0.0,708.0,279.0,0,0,0.0,612.0,216.0,0.0,0.0,0.0,0,0,1808,0,0.0,0.0,0.0,0.0,0.0,0.0,0.0,0.0,0.0,0.0,0.0,702.0,273.0,0.0,698.0,276.0,0.0,681.0,269.0,0.0,704.0,275.0,,,,33,,Pierre,Ekwah Elimby,Ekwah,Has joined AS Saint-Etienne permanently.,,0,0,0,0,0,0,0,0,0,0,0,0,0,,,,0.0,0.0,0.0,0.0,0.0,0,0,0
745,a,,,4.0,738,208.0,0,0.0,0,0.0,0.0,615,219.0,1,0,1.0,461.0,169.0,0,3,0.0,490.0,196.0,0.0,0.2,0.0,2152,0,2170,5,0.5,0.0,0.0,0.0,0.0,0.0,0.0,0.0,0.0,0.0,0.4,506.0,178.0,0.5,476.0,174.0,0.0,590.0,243.0,0.1,510.0,179.0,,,,33,,Jun'ai,Byfield,Byfield,,,1,0,0,0,0,0,0,0,0,0,0,0,0,,,,0.0,0.0,0.0,0.0,0.0,0,0,0
750,a,,,4.0,702,180.0,0,0.0,0,0.0,0.0,634,227.0,1,0,1.0,458.0,166.0,0,3,0.0,455.0,168.0,0.0,0.2,0.0,1976,2,1765,5,0.5,0.0,0.0,0.0,0.0,0.36,0.0,0.0,0.0,32.4,0.0,598.0,223.0,0.0,589.0,223.0,0.0,558.0,219.0,0.0,600.0,223.0,,,,33,,James,Rowswell,Rowswell,,,1,0,0,0,0,0,0,0,0,0,0,0,0,,,,0.0,0.0,0.0,0.0,0.0,0,0,0
600,a,100.0,100.0,4.2,628,30.0,0,0.0,-3,3.0,1.9,138,18.0,51,0,2.5,264.0,27.0,2,220,0.0,503.0,81.0,0.0,12.1,0.0,188366,110,470563,121,0.0,0.0,0.0,0.0,0.0,35.3,0.0,0.0,0.0,1.76,570.4,59.0,12.0,10.0,427.0,7.0,0.0,601.0,67.0,57.9,239.0,12.0,,,,33,,Alphonse,Areola,Areola,,,1800,0,1,0,37,0,0,0,0,0,77,20,55,,,,3.85,0.0,1.85,1.0,0.0,0,30,142
15,a,,,3.7,823,263.0,0,0.0,-3,3.0,0.2,357,130.0,0,0,0.0,525.0,184.0,0,0,0.0,353.0,114.0,0.0,0.0,0.0,32748,16,32897,38,1.0,0.5,0.0,0.0,0.0,0.0,0.0,0.0,0.0,0.0,0.0,514.0,183.0,0.0,496.0,181.0,0.0,463.0,175.0,0.0,516.0,183.0,,,,33,,Josh,Nichols,Nichols,,,0,0,0,0,0,0,0,0,0,0,0,0,0,,,,0.0,0.0,0.0,0.0,0.0,0,0,0
16,i,0.0,0.0,9.8,6,4.0,0,0.0,-2,2.0,7.2,58,20.0,133,0,4.9,18.0,7.0,14,497,0.0,826.0,371.0,0.0,13.6,0.0,4151460,28,5218000,3425,0.0,0.0,6.99,5.75,12.74,14.36,0.32,0.26,0.58,0.65,538.8,73.0,21.0,725.9,12.0,12.0,762.0,8.0,3.0,202.9,7.0,5.0,2.0,2.0,1.0,33,,Bukayo,Saka,Saka,Achilles injury - Unknown return date,,1995,6,8,10,16,0,0,0,1,0,0,22,163,,,,0.0,0.45,0.72,0.99,7.35,35,24,104
17,d,75.0,75.0,7.8,18,13.0,0,0.0,-2,2.0,1.5,158,54.0,62,0,3.1,195.0,78.0,5,252,0.0,822.0,367.0,0.0,7.9,0.0,379594,20,649934,81,0.8,0.4,1.01,2.91,3.92,12.89,0.08,0.24,0.32,1.08,259.6,237.0,100.0,434.7,56.0,46.0,144.0,208.0,116.0,83.7,149.0,78.0,4.0,,3.0,33,,Martin,Ødegaard,Ødegaard,Knock - 75% chance of playing,,1070,1,6,4,11,0,0,0,0,0,0,13,81,,,,0.0,0.34,0.93,1.09,6.81,17,13,51
18,d,75.0,75.0,6.8,44,28.0,0,0.0,-2,2.0,0.8,208,73.0,55,0,2.6,260.0,109.0,6,190,0.5,303.0,143.0,0.1,8.1,0.0,375118,21,426013,208,1.1,0.8,1.03,2.13,3.16,10.36,0.1,0.2,0.3,0.99,195.8,285.0,122.0,272.2,132.0,90.0,316.0,84.0,50.0,78.3,166.0,85.0,3.0,,,33,,Noni,Madueke,Madueke,Knee injury - 75% chance of playing,,942,2,1,6,8,0,0,0,0,0,0,13,51,,,,0.0,0.57,0.76,1.24,4.87,18,11,22
26,a,100.0,100.0,5.0,264,160.0,0,0.0,-5,5.0,3.1,109,36.0,119,0,3.7,99.0,41.0,9,544,1.0,221.0,97.0,0.2,23.8,0.0,1336527,383,1258548,528,2.0,1.5,2.77,2.2,4.97,22.25,0.09,0.07,0.16,0.75,550.2,65.0,17.0,340.8,86.0,63.0,262.0,103.0,63.0,115.5,79.0,49.0,,,,33,,Martín,Zubimendi Ibáñez,Zubimendi,,,2672,5,1,15,22,0,0,0,4,0,0,31,267,,,,0.0,0.51,0.74,1.04,8.99,57,108,102
28,u,0.0,0.0,4.5,488,300.0,0,0.0,0,0.0,0.1,494,175.0,0,0,0.0,742.0,309.0,0,0,0.0,657.0,253.0,0.0,0.0,0.0,6731,0,30317,2,0.0,0.0,0.0,0.0,0.0,0.0,0.0,0.0,0.0,0.0,0.0,740.0,307.0,0.0,733.0,307.0,0.0,720.0,303.0,0.0,740.0,307.0,,,,33,,Ismeal,Kabia,Kabia,has joined Shrewsbury Town on loan for the rest of the season.,,0,0,0,0,0,0,0,0,0,0,0,0,0,,,,0.0,0.0,0.0,0.0,0.0,0,0,0
29,u,0.0,0.0,4.5,432,256.0,0,0.0,0,0.0,0.0,590,222.0,0,0,0.0,703.0,275.0,0,0,0.0,607.0,212.0,0.0,0.0,0.0,2952,0,14124,3,0.0,0.0,0.0,0.0,0.0,0.0,0.0,0.0,0.0,0.0,0.0,697.0,269.0,0.0,693.0,272.0,0.0,676.0,265.0,0.0,699.0,271.0,,,,33,,Albert,Sambi Lokonga,Sambi,has joined Hamburger permanently.,,0,0,0,0,0,0,0,0,0,0,0,0,0,,,,0.0,0.0,0.0,0.0,0.0,0,0,0
30,a,100.0,100.0,7.3,26,10.0,0,0.0,-2,2.0,0.5,275,41.0,13,0,1.9,364.0,41.0,0,52,0.5,306.0,40.0,0.1,1.8,0.0,121687,301,206936,38,1.5,1.0,1.27,0.1,1.37,3.11,0.36,0.03,0.39,0.89,38.2,429.0,50.0,48.9,354.0,43.0,63.0,315.0,52.0,15.1,400.0,50.0,,,,33,,Kai,Havertz,Havertz,,,314,0,1,3,1,0,0,0,0,0,0,4,21,,,,0.0,0.86,0.29,1.15,6.02,5,7,9
31,a,100.0,100.0,6.4,55,20.0,0,0.0,-1,1.0,0.3,310,48.0,18,0,1.5,420.0,50.0,0,73,0.5,301.0,39.0,0.1,2.8,0.0,148918,61,129772,70,1.5,1.0,1.83,0.23,2.06,3.57,0.52,0.07,0.59,1.01,107.0,365.0,37.0,36.4,374.0,49.0,228.0,125.0,30.0,36.9,319.0,37.0,,,,33,,Gabriel,Fernando de Jesus,G.Jesus,,,318,2,0,0,6,0,0,0,2,0,0,2,26,,,,0.0,0.0,1.7,0.57,7.36,4,4,18
266,a,100.0,100.0,7.2,32,19.0,0,0.0,-3,3.0,7.7,51,17.0,95,0,3.5,128.0,57.0,8,366,0.5,305.0,145.0,0.1,13.2,0.0,3382912,994,3814559,306,1.5,1.0,3.88,2.31,6.19,10.79,0.23,0.14,0.37,0.63,345.2,183.0,71.0,255.2,141.0,95.0,373.0,65.0,38.0,97.2,108.0,60.0,,,,33,,Eberechi,Eze,Eze,,,1530,6,3,8,11,0,0,0,1,0,0,17,101,,,,0.0,0.47,0.65,1.0,5.94,17,19,65
662,a,100.0,100.0,5.3,198,25.0,0,0.0,-2,2.0,0.2,413,151.0,29,0,1.9,359.0,134.0,1,152,0.5,295.0,96.0,0.1,5.5,0.0,48366,84,53552,14,1.5,1.0,0.0,0.5,0.5,5.5,0.0,0.07,0.07,0.73,156.8,319.0,120.0,51.9,347.0,122.0,10.0,418.0,157.0,21.9,375.0,131.0,,,,33,,Cristhian,Mosquera,Mosquera,,,681,0,0,2,5,0,0,0,2,0,0,6,83,,,,0.0,0.26,0.66,0.79,9.25,23,47,25
666,a,100.0,100.0,8.8,8,4.0,0,0.0,-2,2.0,11.8,31,6.0,106,0,3.5,130.0,12.0,13,388,2.5,105.0,14.0,0.3,12.0,0.0,3587513,13689,5202661,681,3.5,3.0,10.25,1.77,12.01,15.04,0.47,0.08,0.55,0.68,440.0,121.0,11.0,214.4,168.0,14.0,658.0,23.0,14.0,130.4,54.0,13.0,,,2.0,33,,Viktor,Gyökeres,Gyökeres,,,1978,12,0,10,13,0,0,0,5,0,0,24,73,,,,0.0,0.46,0.59,1.09,3.32,6,20,47
700,a,100.0,100.0,4.2,650,372.0,0,0.0,-3,3.0,0.7,224,80.0,12,0,3.0,196.0,79.0,0,43,0.5,275.0,128.0,0.1,2.9,0.0,226622,386,156873,281,1.5,1.0,1.11,0.14,1.25,0.67,1.26,0.16,1.42,0.76,41.2,424.0,185.0,38.4,369.0,189.0,57.0,325.0,172.0,13.7,405.0,184.0,,,,33,,Max,Dowman,Dowman,,,79,1,1,0,1,0,0,0,0,0,0,0,7,,,,0.0,0.0,1.14,0.0,7.97,2,0,5
711,a,,,4.4,572,344.0,0,0.0,-1,1.0,0.0,707,287.0,0,0,0.0,692.0,269.0,0,0,0.0,592.0,205.0,0.0,0.0,0.0,1967,0,1888,3,1.0,0.5,0.0,0.0,0.0,0.0,0.0,0.0,0.0,0.0,0.0,686.0,263.0,0.0,681.0,266.0,0.0,662.0,258.0,0.0,688.0,265.0,,,,33,,Andre,Harriman-Annous,Harriman-Annous,,,0,0,0,0,0,0,0,0,0,0,0,0,0,,,,0.0,0.0,0.0,0.0,0.0,0,0,0
725,a,100.0,100.0,5.1,234,35.0,0,0.0,-4,4.0,0.7,231,86.0,74,0,3.5,125.0,46.0,6,282,0.0,761.0,257.0,0.0,14.5,0.0,545398,300,469433,108,1.0,0.5,0.33,1.39,1.72,14.19,0.02,0.08,0.1,0.85,383.4,155.0,66.0,168.4,203.0,52.0,57.0,327.0,103.0,60.7,233.0,81.0,,,,33,,Piero,Hincapié,Hincapie,,,1499,1,2,4,16,1,0,0,2,0,0,17,141,,,,0.0,0.24,0.96,1.02,8.47,39,102,55
759,a,,,4.0,734,204.0,0,0.0,0,0.0,0.0,674,237.0,0,0,0.0,634.0,243.0,0,0,0.0,486.0,192.0,0.0,0.0,0.0,1458,2,1338,1,1.0,0.5,0.0,0.0,0.0,0.0,0.0,0.0,0.0,0.0,0.0,625.0,243.0,0.0,617.0,243.0,0.0,587.0,240.0,0.0,627.0,243.0,,,,33,,Marli,Salmon,Salmon,,,0,0,0,0,0,0,0,0,0,0,0,0,0,,,,0.0,0.0,0.0,0.0,0.0,0,0,0
32,a,100.0,100.0,5.1,220,6.0,0,0.0,1,-1.0,4.6,83,15.0,105,0,3.9,69.0,8.0,10,453,2.0,131.0,12.0,0.4,20.6,0.0,1047551,1752,734826,453,2.0,2.0,0.0,0.06,0.06,35.8,0.0,0.0,0.0,1.35,611.2,47.0,11.0,13.2,415.0,5.0,0.0,797.0,91.0,62.4,228.0,11.0,,,,33,,Emiliano,Martínez Romero,Martinez,,,2385,0,0,7,29,0,1,0,2,0,76,27,78,,,,2.87,0.26,1.09,1.02,0.0,0,25,224
33,a,100.0,100.0,4.2,627,29.0,0,0.0,-3,3.0,0.4,295,38.0,14,0,2.3,298.0,28.0,0,65,1.0,207.0,20.0,0.2,3.3,0.0,84505,19,116303,7,1.0,1.0,0.0,0.0,0.0,9.68,0.0,0.0,0.0,1.76,118.2,353.0,27.0,0.0,628.0,79.0,0.0,600.0,66.0,11.8,418.0,27.0,,,,33,,Marco,Bizot,M.Bizot,,,495,0,0,1,9,0,0,0,2,0,17,5,23,,,,3.09,0.18,1.64,0.91,0.0,0,7,50
34,u,0.0,0.0,4.0,688,52.0,0,0.0,0,0.0,0.1,507,75.0,0,0,0.0,597.0,74.0,0,0,0.0,442.0,65.0,0.0,0.0,0.0,0,0,17629,1,0.0,0.0,0.0,0.0,0.0,0.0,0.0,0.0,0.0,0.0,0.0,587.0,74.0,0.0,578.0,61.0,0.0,547.0,48.0,0.0,589.0,74.0,,,,33,,Joe,Gauci,Gauci,Has joined Port Vale on loan for the rest of the season.,,0,0,0,0,0,0,0,0,0,0,0,0,0,,,,0.0,0.0,0.0,0.0,0.0,0,0,0
37,a,100.0,100.0,4.5,411,75.0,0,0.0,0,0.0,1.6,154,60.0,87,0,3.2,165.0,65.0,5,350,3.0,76.0,28.0,0.7,19.3,0.0,336689,634,373568,102,3.0,3.0,0.61,2.8,3.41,23.56,0.03,0.15,0.18,1.3,344.8,184.0,76.0,408.6,65.0,12.0,125.0,233.0,60.0,87.7,141.0,44.0,2.0,2.0,,33,,Lucas,Digne,Digne,,,1626,0,5,7,18,0,0,0,3,0,0,19,125,,,,0.0,0.39,1.0,1.05,5.59,33,68,60
38,a,100.0,100.0,4.4,528,105.0,0,0.0,-1,1.0,7.8,50,16.0,95,0,3.2,163.0,64.0,3,461,2.0,127.0,49.0,0.5,21.6,0.0,804854,763,2111415,400,2.0,2.0,1.27,0.56,1.83,42.8,0.04,0.02,0.06,1.44,542.8,69.0,33.0,104.0,275.0,83.0,120.0,238.0,63.0,77.2,168.0,56.0,,,,33,,Ezri,Konsa Ngoyo,Konsa,,,2675,0,1,9,36,0,0,0,0,1,0,30,204,,,,0.0,0.3,1.21,1.01,5.96,20,157,90
39,a,,,4.2,636,145.0,0,0.0,-3,3.0,0.6,253,95.0,41,0,1.6,398.0,147.0,0,208,0.3,308.0,99.0,0.1,9.8,0.0,84407,31,117285,49,0.3,0.3,1.2,1.85,3.05,22.13,0.09,0.13,0.22,1.58,262.2,233.0,93.0,300.1,115.0,28.0,205.0,144.0,30.0,76.9,169.0,57.0,,,,33,,Ian,Maatsen,Maatsen,,,1263,0,0,2,20,0,0,0,2,0,0,13,113,,,,0.0,0.14,1.43,0.93,7.2,36,65,73
40,a,100.0,100.0,4.3,577,125.0,0,0.0,-2,2.0,0.7,238,90.0,44,0,3.4,133.0,49.0,4,148,0.0,519.0,215.0,0.0,10.2,0.0,158495,28,209625,39,0.0,0.0,1.01,0.37,1.38,17.52,0.09,0.03,0.12,1.64,214.8,269.0,110.0,70.9,317.0,107.0,61.0,319.0,99.0,34.7,329.0,109.0,,,,33,,Tyrone,Mings,Mings,,,962,0,1,3,15,0,0,0,0,0,0,11,96,,,,0.0,0.28,1.4,1.03,7.48,4,76,29
41,a,100.0,100.0,4.3,585,131.0,0,0.0,-2,2.0,0.3,321,116.0,58,0,3.2,162.0,63.0,2,261,2.7,89.0,32.0,0.6,13.5,0.0,73325,90,98946,16,2.7,2.7,0.63,0.37,1.0,20.07,0.04,0.02,0.06,1.22,282.2,218.0,87.0,42.1,363.0,130.0,55.0,329.0,105.0,38.2,314.0,106.0,,,,33,,Pau,Torres,Pau,,,1476,0,1,5,16,1,0,0,0,0,0,16,128,,,,0.0,0.3,0.98,0.98,6.16,20,81,74
42,a,100.0,100.0,3.9,788,232.0,0,0.0,-1,1.0,0.2,371,136.0,4,0,0.8,514.0,177.0,0,7,0.3,307.0,98.0,0.1,1.0,0.0,29399,14,41910,9,0.3,0.3,0.0,0.01,0.01,1.55,0.0,0.02,0.02,3.67,3.2,488.0,174.0,2.7,456.0,165.0,0.0,522.0,204.0,0.6,494.0,173.0,,,,33,,Andrés,García,A.García,,,38,0,0,0,2,0,0,0,0,0,0,0,1,,,,0.0,0.0,4.74,0.0,2.37,1,0,2
43,u,0.0,0.0,4.0,666,162.0,0,0.0,0,0.0,1.6,156,62.0,0,0,0.0,580.0,211.0,0,0,0.0,422.0,153.0,0.0,0.0,0.0,44476,0,890198,32,0.0,0.0,0.0,0.0,0.0,0.0,0.0,0.0,0.0,0.0,0.0,570.0,210.0,0.0,559.0,210.0,0.0,528.0,206.0,0.0,572.0,210.0,,,,33,,Álex,Moreno Lopera,Alex Moreno,Has joined Girona permanently.,,0,0,0,0,0,0,0,0,0,0,0,0,0,,,,0.0,0.0,0.0,0.0,0.0,0,0,0
44,a,100.0,100.0,4.0,708,183.0,0,0.0,0,0.0,0.5,257,98.0,34,0,1.4,422.0,153.0,4,107,0.0,460.0,171.0,0.0,8.5,0.0,110095,40,95387,38,0.0,0.0,0.0,0.19,0.19,11.99,0.0,0.02,0.02,1.35,109.0,364.0,139.0,54.0,343.0,120.0,14.0,398.0,144.0,17.6,393.0,140.0,,,,33,,Lamare,Bogarde,Bogarde,,,797,0,0,2,13,0,0,0,5,0,0,8,57,,,,0.0,0.23,1.47,0.9,5.42,20,28,33
45,u,0.0,0.0,3.8,806,247.0,0,0.0,-2,2.0,0.3,351,128.0,0,0,0.0,536.0,193.0,0,0,0.0,370.0,128.0,0.0,0.0,0.0,22076,0,39089,14,0.0,0.0,0.0,0.0,0.0,0.0,0.0,0.0,0.0,0.0,0.0,525.0,192.0,0.0,509.0,191.0,0.0,476.0,185.0,0.0,527.0,192.0,,,,33,,Lino,da Cruz Sousa,Sousa,has joined Rotherham on loan for the rest of the season.,,0,0,0,0,0,0,0,0,0,0,0,0,0,,,,0.0,0.0,0.0,0.0,0.0,0,0,0
46,u,0.0,0.0,4.0,724,195.0,0,0.0,0,0.0,0.1,470,173.0,0,0,0.0,625.0,235.0,0,0,0.0,476.0,183.0,0.0,0.0,0.0,4656,0,21101,1,0.0,0.0,0.0,0.0,0.0,0.0,0.0,0.0,0.0,0.0,0.0,616.0,235.0,0.0,608.0,235.0,0.0,578.0,232.0,0.0,618.0,235.0,,,,33,,Yasin,Özcan,Yasin,has joined Anderlecht on loan for the rest of the season.,,0,0,0,0,0,0,0,0,0,0,0,0,0,,,,0.0,0.0,0.0,0.0,0.0,0,0,0
47,a,100.0,100.0,7.4,24,16.0,0,0.0,4,-4.0,22.6,13,4.0,143,0,4.5,33.0,13.0,13,506,3.7,54.0,20.0,0.5,19.3,0.0,6225767,12951,4520673,1780,3.7,3.7,5.97,3.51,9.48,44.43,0.19,0.11,0.3,1.41,627.2,44.0,11.0,614.5,21.0,20.0,776.0,7.0,2.0,201.7,8.0,6.0,,1.0,,33,,Morgan,Rogers,Rogers,,,2830,8,7,9,38,0,0,0,6,0,0,32,199,,,,0.0,0.29,1.21,1.02,6.33,34,44,121
48,a,100.0,100.0,5.9,90,58.0,0,0.0,-1,1.0,0.6,240,85.0,55,0,2.9,211.0,86.0,3,318,1.0,231.0,104.0,0.2,9.3,0.0,161670,172,350335,31,1.0,1.0,0.99,2.7,3.69,24.53,0.06,0.17,0.23,1.57,349.0,180.0,69.0,444.3,51.0,43.0,152.0,200.0,110.0,94.6,114.0,65.0,5.0,,,33,,Youri,Tielemans,Tielemans,,,1408,0,4,4,18,0,0,0,0,0,0,16,155,,,,0.0,0.26,1.15,1.02,9.91,43,38,74
49,a,100.0,100.0,5.5,139,86.0,0,0.0,0,0.0,0.1,471,164.0,13,0,1.4,427.0,187.0,0,42,0.3,321.0,154.0,0.1,2.4,0.0,8775,27,51565,9,0.3,0.3,0.31,1.21,1.52,5.37,0.08,0.33,0.41,1.45,55.0,412.0,180.0,122.8,250.0,155.0,59.0,324.0,171.0,23.7,366.0,174.0,4.0,,,33,,Leon,Bailey,Bailey,,,334,0,1,0,8,0,0,0,1,0,0,2,33,,,,0.0,0.0,2.16,0.54,8.89,7,3,23
50,a,100.0,100.0,5.3,185,116.0,0,0.0,-2,2.0,0.4,296,104.0,84,0,2.8,224.0,90.0,8,295,0.7,262.0,123.0,0.1,15.8,0.0,226467,81,206484,66,0.7,0.7,2.9,1.93,4.83,22.9,0.18,0.12,0.3,1.41,347.4,182.0,70.0,332.9,92.0,68.0,314.0,85.0,51.0,98.1,105.0,59.0,,6.0,2.0,33,,Emiliano,Buendía Stati,Buendía,,,1465,5,2,3,19,0,0,0,6,0,0,18,160,,,,0.0,0.18,1.17,1.11,9.83,38,29,93
51,u,0.0,0.0,5.5,147,93.0,0,0.0,0,0.0,0.0,694,281.0,0,0,0.0,816.0,364.0,0,0,0.0,793.0,349.0,0.0,0.0,0.0,1383,0,3806,1,0.0,0.0,0.0,0.0,0.0,0.0,0.0,0.0,0.0,0.0,0.0,815.0,363.0,0.0,814.0,363.0,0.0,812.0,362.0,0.0,815.0,363.0,,,,33,,Samuel,Iling-Junior,Iling Jr,has joined Pisa on loan for the rest of the season.,,0,0,0,0,0,0,0,0,0,0,0,0,0,,,,0.0,0.0,0.0,0.0,0.0,0,0,0
53,u,0.0,0.0,5.1,225,137.0,0,0.0,-4,4.0,0.4,288,101.0,55,0,2.6,254.0,104.0,3,161,0.0,758.0,326.0,0.0,10.8,0.0,172896,0,340136,16,0.0,0.0,4.03,0.35,4.38,10.59,0.57,0.05,0.62,1.49,183.4,292.0,127.0,99.7,277.0,166.0,290.0,97.0,59.0,56.3,248.0,122.0,,,,33,,Donyell,Malen,Malen,has joined Roma on loan for the rest of the season.,,640,4,2,1,10,0,0,0,0,0,0,5,16,,,,0.0,0.14,1.41,0.7,2.25,4,2,10
54,a,100.0,100.0,5.3,183,114.0,0,0.0,-2,2.0,0.6,243,87.0,84,0,3.4,143.0,59.0,6,349,3.7,50.0,16.0,0.7,15.8,0.0,229415,492,249234,51,3.7,3.7,2.72,2.32,5.04,28.84,0.14,0.12,0.26,1.44,356.2,172.0,65.0,440.5,54.0,45.0,231.0,123.0,73.0,102.6,95.0,55.0,,,,33,,John,McGinn,McGinn,,,1807,4,2,8,23,0,0,0,4,0,0,24,134,,,,0.0,0.4,1.15,1.2,6.67,27,30,77
55,a,100.0,100.0,4.8,348,218.0,0,0.0,-2,2.0,0.1,493,174.0,37,0,2.5,267.0,110.0,3,163,1.7,156.0,62.0,0.4,7.7,0.0,14538,17,14543,19,1.7,1.7,0.75,1.1,1.85,7.64,0.14,0.21,0.35,1.48,156.4,321.0,146.0,112.4,263.0,161.0,112.0,246.0,135.0,38.1,315.0,155.0,,,,33,,Ross,Barkley,Barkley,,,466,2,1,1,7,0,0,0,0,0,0,3,52,,,,0.0,0.19,1.35,0.58,10.04,10,13,29
62,u,0.0,0.0,4.5,472,288.0,0,0.0,0,0.0,0.1,567,210.0,1,0,1.0,483.0,216.0,0,3,0.0,641.0,241.0,0.0,0.2,0.0,8790,0,10865,1,0.0,0.0,0.0,0.0,0.0,0.61,0.0,0.0,0.0,6.86,0.2,510.0,233.0,0.3,485.0,237.0,0.0,707.0,293.0,0.1,512.0,235.0,,,,33,,Jamaldeen,Jimoh-Aloba,Jimoh-Aloba,has joined West Brom on loan for the rest of the season.,,8,0,0,0,0,0,0,0,0,0,0,0,1,,,,0.0,0.0,0.0,0.0,11.25,0,0,1
63,u,0.0,0.0,4.3,606,356.0,0,0.0,-2,2.0,0.5,268,94.0,0,0,0.0,659.0,248.0,0,0,0.0,540.0,176.0,0.0,0.0,0.0,102090,0,132466,48,0.0,0.0,0.0,0.0,0.0,0.0,0.0,0.0,0.0,0.0,0.0,649.0,238.0,0.0,645.0,243.0,0.0,622.0,232.0,0.0,651.0,240.0,,,,33,,Kadan,Young,Young,has joined Reading on loan for the rest of the season.,,0,0,0,0,0,0,0,0,0,0,0,0,0,,,,0.0,0.0,0.0,0.0,0.0,0,0,0
64,a,100.0,100.0,8.5,10,5.0,0,0.0,-5,5.0,8.7,44,9.0,111,0,3.6,115.0,8.0,14,388,3.7,55.0,9.0,0.4,13.1,0.0,2417955,17923,4409181,539,3.7,3.7,10.87,1.06,11.93,37.46,0.41,0.04,0.45,1.42,432.0,125.0,12.0,258.2,138.0,9.0,855.0,5.0,4.0,153.9,31.0,7.0,,,3.0,33,,Ollie,Watkins,Watkins,,,2375,9,2,9,31,0,0,0,3,0,0,28,82,,,,0.0,0.34,1.17,1.06,3.11,20,19,43
65,u,0.0,0.0,4.5,485,68.0,0,0.0,0,0.0,0.3,333,53.0,0,0,0.0,740.0,78.0,0,0,0.0,654.0,68.0,0.0,0.0,0.0,17574,0,85240,4,0.0,0.0,0.0,0.0,0.0,0.0,0.0,0.0,0.0,0.0,0.0,737.0,78.0,0.0,731.0,77.0,0.0,718.0,77.0,0.0,738.0,78.0,,,,33,,Zépiqueno,Redmond,Redmond,has joined Huddersfield Town on loan for the rest of the season.,,0,0,0,0,0,0,0,0,0,0,0,0,0,,,,0.0,0.0,0.0,0.0,0.0,0,0,0
389,a,100.0,100.0,5.1,233,141.0,0,0.0,-4,4.0,0.2,397,136.0,5,0,1.0,503.0,232.0,0,17,0.0,760.0,328.0,0.0,1.0,0.0,94497,6,103802,7,0.0,0.0,0.29,0.08,0.37,1.74,0.24,0.07,0.31,1.42,11.8,461.0,205.0,31.7,383.0,193.0,31.0,367.0,188.0,7.4,436.0,196.0,,,,33,,Harvey,Elliott,Elliott,,,110,0,0,0,2,0,0,0,0,0,0,1,6,,,,0.0,0.0,1.64,0.82,4.91,0,2,4
456,a,100.0,100.0,5.8,104,69.0,0,0.0,-2,2.0,0.2,366,125.0,32,0,1.7,396.0,169.0,0,127,2.0,142.0,54.0,0.3,5.5,0.0,51644,44,54926,18,2.0,2.0,0.61,1.82,2.43,11.28,0.07,0.22,0.29,1.35,124.8,347.0,158.0,282.9,127.0,87.0,191.0,160.0,90.0,60.1,234.0,115.0,6.0,,,33,,Jadon,Sancho,Sancho,,,752,0,2,2,5,0,0,0,0,0,0,8,38,,,,0.0,0.24,0.6,0.96,4.55,6,11,21
688,a,,,3.9,771,84.0,0,0.0,-1,1.0,0.6,248,33.0,0,0,0.0,562.0,55.0,0,0,0.0,402.0,44.0,0.0,0.0,0.0,62026,1,46958,24,0.0,0.0,0.0,0.0,0.0,0.0,0.0,0.0,0.0,0.0,0.0,552.0,55.0,0.0,539.0,38.0,0.0,507.0,25.0,0.0,554.0,55.0,,,,33,,James,Wright,Wright,,,0,0,0,0,0,0,0,0,0,0,0,0,0,,,,0.0,0.0,0.0,0.0,0.0,0,0,0
699,a,100.0,100.0,4.9,313,194.0,0,0.0,-1,1.0,0.1,503,182.0,31,0,1.8,378.0,160.0,0,187,0.7,257.0,119.0,0.1,6.3,0.0,28538,17,23421,27,0.7,0.7,0.5,1.38,1.88,11.41,0.06,0.15,0.21,1.26,172.8,301.0,132.0,277.2,130.0,89.0,87.0,280.0,151.0,53.7,256.0,127.0,1.0,,,33,,Douglas Luiz,Soares de Paulo,Douglas Luiz,,,814,1,1,1,13,0,0,0,2,0,0,11,92,,,,0.0,0.11,1.44,1.22,10.17,20,23,49
701,u,0.0,0.0,4.0,721,192.0,0,0.0,0,0.0,0.1,542,193.0,0,0,0.0,622.0,232.0,0,0,0.0,473.0,180.0,0.0,0.0,0.0,8943,0,10793,2,0.0,0.0,0.0,0.0,0.0,0.0,0.0,0.0,0.0,0.0,0.0,613.0,232.0,0.0,605.0,232.0,0.0,575.0,229.0,0.0,615.0,232.0,,,,33,,Triston,Rowe,Rowe,has joined Annecy on loan for the rest of the season.,,0,0,0,0,0,0,0,0,0,0,0,0,0,,,,0.0,0.0,0.0,0.0,0.0,0,0,0
702,a,,,4.3,622,370.0,0,0.0,-2,2.0,0.1,529,193.0,1,0,1.0,472.0,206.0,0,3,0.0,553.0,187.0,0.0,0.2,0.0,10925,69,9353,21,0.0,0.0,0.0,0.0,0.0,0.9,0.0,0.0,0.0,5.06,0.0,660.0,248.0,0.3,484.0,236.0,0.0,633.0,242.0,0.0,662.0,250.0,,,,33,,Bradley,Burrowes,Burrowes,,,16,0,0,0,1,0,0,0,0,0,0,0,1,,,,0.0,0.0,5.62,0.0,5.62,0,0,1
703,a,,,3.9,782,91.0,0,0.0,-1,1.0,0.6,244,32.0,0,0,0.0,571.0,61.0,0,0,0.0,412.0,50.0,0.0,0.0,0.0,94505,8,48076,47,0.0,0.0,0.0,0.0,0.0,0.0,0.0,0.0,0.0,0.0,0.0,561.0,61.0,0.0,549.0,45.0,0.0,517.0,32.0,0.0,563.0,61.0,,,,33,,Sam,Proctor,Proctor,,,0,0,0,0,0,0,0,0,0,0,0,0,0,,,,0.0,0.0,0.0,0.0,0.0,0,0,0
710,a,,,3.9,779,227.0,0,0.0,-1,1.0,0.2,385,142.0,0,0,0.0,568.0,206.0,0,0,0.0,409.0,147.0,0.0,0.0,0.0,33576,3,23665,8,0.0,0.0,0.0,0.0,0.0,0.0,0.0,0.0,0.0,0.0,0.0,558.0,205.0,0.0,546.0,205.0,0.0,514.0,200.0,0.0,560.0,205.0,,,,33,,Travis,Patterson,Patterson,,,0,0,0,0,0,0,0,0,0,0,0,0,0,,,,0.0,0.0,0.0,0.0,0.0,0,0,0
719,a,100.0,100.0,4.5,419,80.0,0,0.0,0,0.0,0.1,483,175.0,24,0,1.8,371.0,140.0,0,99,0.7,253.0,85.0,0.2,5.3,0.0,21753,20,15530,7,0.7,0.7,0.28,0.07,0.35,11.9,0.04,0.01,0.05,1.62,130.0,342.0,130.0,28.9,385.0,139.0,22.0,386.0,136.0,18.2,391.0,139.0,,,,33,,Victor,Lindelöf,Lindelöf,,,662,0,1,1,10,0,0,0,0,0,0,7,38,,,,0.0,0.14,1.36,0.95,5.17,5,33,14
754,a,,,4.5,486,298.0,0,0.0,0,0.0,0.0,753,320.0,2,0,1.0,487.0,219.0,0,5,0.0,655.0,251.0,0.0,0.4,0.0,1210,1,804,1,0.0,0.0,0.04,0.01,0.05,0.61,0.14,0.04,0.18,2.2,0.0,738.0,305.0,1.7,464.0,224.0,2.0,451.0,221.0,0.3,503.0,231.0,,,,33,,George,Hemmings,George Hemmings,,,25,0,0,0,0,0,0,0,0,0,0,0,1,,,,0.0,0.0,0.0,0.0,3.6,0,0,1
757,a,,,4.0,710,62.0,0,0.0,0,0.0,0.0,705,83.0,0,0,0.0,612.0,83.0,0,0,0.0,462.0,74.0,0.0,0.0,0.0,1368,2,982,2,0.0,0.0,0.0,0.0,0.0,0.0,0.0,0.0,0.0,0.0,0.0,603.0,83.0,0.0,595.0,71.0,0.0,564.0,58.0,0.0,605.0,83.0,,,,33,,Ronnie,Hollingshead,Hollingshead,,,0,0,0,0,0,0,0,0,0,0,0,0,0,,,,0.0,0.0,0.0,0.0,0.0,0,0,0
768,a,,,4.0,743,213.0,0,0.0,0,0.0,0.0,696,246.0,0,0,0.0,640.0,249.0,0,0,0.0,494.0,200.0,0.0,0.0,0.0,742,2,696,3,0.0,0.0,0.0,0.0,0.0,0.0,0.0,0.0,0.0,0.0,0.0,631.0,249.0,0.0,623.0,249.0,0.0,594.0,247.0,0.0,633.0,249.0,,,,33,,Leon,Routh,Leon Routh,,,0,0,0,0,0,0,0,0,0,0,0,0,0,,,,0.0,0.0,0.0,0.0,0.0,0,0,0
781,a,,,4.0,736,206.0,0,0.0,0,0.0,0.0,704,248.0,0,0,0.0,635.0,244.0,0,0,0.0,488.0,194.0,0.0,0.0,0.0,851,4,577,2,0.0,0.0,0.0,0.0,0.0,0.0,0.0,0.0,0.0,0.0,0.0,626.0,244.0,0.0,618.0,244.0,0.0,588.0,241.0,0.0,628.0,244.0,,,,33,,TJ,Carroll,Carroll,,,0,0,0,0,0,0,0,0,0,0,0,0,0,,,,0.0,0.0,0.0,0.0,0.0,0,0,0
792,a,100.0,100.0,5.0,283,175.0,0,0.0,0,0.0,0.0,790,345.0,3,0,1.0,500.0,229.0,0,11,0.0,756.0,324.0,0.0,0.6,0.0,340,2,231,3,0.0,0.0,0.05,0.05,0.1,1.87,0.1,0.1,0.2,3.58,3.2,490.0,225.0,3.5,454.0,219.0,10.0,417.0,204.0,1.5,479.0,220.0,,,,33,,Alysson Edward Franco,da Rocha dos Santos,Alysson,,,47,0,0,0,2,0,0,0,0,0,0,0,4,,,,0.0,0.0,3.83,0.0,7.66,0,1,3
808,a,,,5.8,103,29.0,0,0.0,-2,2.0,0.2,391,59.0,16,0,1.8,384.0,45.0,2,57,0.7,267.0,34.0,0.1,2.8,0.0,84651,80,65075,102,0.7,0.7,1.26,0.36,1.62,2.59,0.57,0.16,0.73,1.17,52.0,415.0,48.0,47.9,356.0,44.0,99.0,263.0,46.0,19.8,386.0,48.0,,,,33,,Tammy,Abraham,Abraham,,,199,1,0,0,4,0,0,0,0,0,0,1,9,,,,0.0,0.0,1.81,0.45,4.07,3,2,4
183,a,,,4.2,643,35.0,0,0.0,-3,3.0,0.1,451,67.0,0,0,0.0,647.0,92.0,0,0,0.0,509.0,84.0,0.0,0.0,0.0,8320,2,17962,6,0.0,-1.5,0.0,0.0,0.0,0.0,0.0,0.0,0.0,0.0,0.0,639.0,92.0,0.0,633.0,83.0,0.0,607.0,72.0,0.0,641.0,92.0,,,,33,,Max,Weiß,Weiss,,,0,0,0,0,0,0,0,0,0,0,0,0,0,,,,0.0,0.0,0.0,0.0,0.0,0,0,0
184,u,0.0,0.0,4.0,694,56.0,0,0.0,0,0.0,0.2,405,58.0,0,0,0.0,602.0,78.0,0,0,0.0,448.0,69.0,0.0,0.0,0.0,4943,0,34362,6,0.0,0.0,0.0,0.0,0.0,0.0,0.0,0.0,0.0,0.0,0.0,592.0,78.0,0.0,583.0,65.0,0.0,552.0,52.0,0.0,594.0,78.0,,,,33,,Etienne,Green,Green,has joined FC Fredericia permanently.,,0,0,0,0,0,0,0,0,0,0,0,0,0,,,,0.0,0.0,0.0,0.0,0.0,0,0,0
185,a,,,3.9,744,67.0,0,0.0,-1,1.0,0.2,411,59.0,0,0,0.0,545.0,41.0,0,0,0.0,382.0,29.0,0.0,0.0,0.0,15460,3,21674,10,0.0,-1.5,0.0,0.0,0.0,0.0,0.0,0.0,0.0,0.0,0.0,534.0,40.0,0.0,519.0,21.0,0.0,487.0,8.0,0.0,536.0,40.0,,,,33,,Václav,Hladký,Hladký,,,0,0,0,0,0,0,0,0,0,0,0,0,0,,,,0.0,0.0,0.0,0.0,0.0,0,0,0
186,i,0.0,0.0,4.3,580,127.0,0,0.0,-2,2.0,0.0,656,233.0,0,0,0.0,653.0,253.0,0,0,0.0,520.0,216.0,0.0,0.0,0.0,1762,1,9370,1,0.0,0.0,0.0,0.0,0.0,0.0,0.0,0.0,0.0,0.0,0.0,644.0,253.0,0.0,639.0,253.0,0.0,613.0,252.0,0.0,646.0,253.0,,,,33,,Connor,Roberts,Roberts,Achilles injury - Unknown return date,,0,0,0,0,0,0,0,0,0,0,0,0,0,,,,0.0,0.0,0.0,0.0,0.0,0,0,0
187,a,100.0,100.0,4.4,521,99.0,0,0.0,-1,1.0,1.1,185,72.0,63,0,2.1,324.0,120.0,3,203,0.5,278.0,90.0,0.1,14.3,0.0,158702,23,269567,127,0.0,-0.5,0.12,1.01,1.13,56.34,0.0,0.04,0.04,1.98,432.0,124.0,54.0,186.5,189.0,49.0,22.0,385.0,135.0,64.3,215.0,74.0,,,,33,,Kyle,Walker,Walker,,,2555,0,2,4,54,0,0,0,8,0,0,29,235,,,,0.0,0.14,1.9,1.02,6.41,44,138,129
188,u,0.0,0.0,3.8,797,239.0,0,0.0,-2,2.0,0.2,378,138.0,0,0,0.0,532.0,189.0,0,0,0.0,363.0,122.0,0.0,0.0,0.0,26052,0,42863,12,0.0,0.0,0.0,0.0,0.0,0.0,0.0,0.0,0.0,0.0,0.0,521.0,188.0,0.0,504.0,187.0,0.0,471.0,181.0,0.0,523.0,188.0,,,,33,,Hannes,Delcroix,Delcroix,has joined Lugano permanently.,,0,0,0,0,0,0,0,0,0,0,0,0,0,,,,0.0,0.0,0.0,0.0,0.0,0,0,0
189,u,0.0,0.0,4.0,686,173.0,0,0.0,0,0.0,0.0,730,254.0,0,0,0.0,595.0,219.0,0,0,0.0,440.0,162.0,0.0,0.0,0.0,0,0,2386,0,0.0,0.0,0.0,0.0,0.0,0.0,0.0,0.0,0.0,0.0,0.0,585.0,218.0,0.0,576.0,218.0,0.0,545.0,214.0,0.0,587.0,218.0,,,,33,,Owen,Dodgson,Dodgson,Has joined Stockport County on loan for the rest of the season.,,0,0,0,0,0,0,0,0,0,0,0,0,0,,,,0.0,0.0,0.0,0.0,0.0,0,0,0
190,a,,,3.8,803,245.0,0,0.0,-2,2.0,0.7,223,85.0,45,0,2.8,214.0,83.0,2,136,0.2,332.0,103.0,0.1,11.8,0.0,250170,7,212721,97,0.0,-1.1,0.21,0.25,0.46,24.66,0.01,0.02,0.03,1.75,296.4,212.0,83.0,44.0,361.0,128.0,78.0,289.0,85.0,41.9,304.0,102.0,,,,33,,Hjalmar,Ekdal,Ekdal,,,1269,0,0,2,26,0,0,0,0,0,0,14,154,,,,0.0,0.14,1.84,0.99,9.93,20,120,33
191,a,100.0,100.0,3.9,770,223.0,0,0.0,-1,1.0,7.4,56,19.0,71,0,2.4,276.0,104.0,0,234,1.2,199.0,70.0,0.3,18.2,0.0,801044,76,2024960,1301,0.0,0.9,0.67,0.58,1.25,57.98,0.02,0.02,0.04,2.09,603.0,50.0,24.0,90.5,293.0,90.0,90.0,275.0,79.0,78.5,165.0,55.0,,,,33,,Maxime,Estève,Estève,,,2492,0,0,3,59,2,0,0,1,0,0,29,300,,,,0.0,0.11,2.13,1.05,9.9,34,240,100
192,a,,,4.0,699,179.0,0,0.0,0,0.0,0.6,246,94.0,55,0,3.1,184.0,73.0,0,205,0.8,240.0,81.0,0.2,13.8,0.0,188651,11,185926,105,0.0,0.1,0.21,1.76,1.97,36.91,0.01,0.1,0.11,2.1,348.4,181.0,75.0,272.4,131.0,35.0,70.0,300.0,90.0,69.2,201.0,68.0,,,,33,,Quilindschy,Hartman,Hartman,,,1581,0,5,3,32,0,0,0,1,0,0,18,141,,,,0.0,0.17,1.82,1.02,6.89,36,85,60
193,a,100.0,100.0,3.9,766,221.0,0,0.0,-1,1.0,0.1,438,165.0,42,0,2.6,243.0,94.0,1,183,0.8,239.0,80.0,0.2,10.8,0.0,22091,4,17834,40,0.0,0.1,0.37,0.65,1.02,29.3,0.03,0.04,0.07,2.0,325.4,193.0,77.0,118.8,253.0,69.0,76.0,292.0,86.0,51.8,265.0,86.0,,,,33,,Bashir,Humphreys,Humphreys,,,1320,0,2,2,28,0,0,0,5,0,0,14,121,,,,0.0,0.14,1.91,0.95,8.25,26,95,56
194,i,0.0,0.0,3.9,762,218.0,0,0.0,-1,1.0,0.1,565,202.0,0,0,0.0,556.0,201.0,0,0,0.0,396.0,141.0,0.0,0.0,0.0,2157,2,15759,0,0.0,0.0,0.0,0.0,0.0,0.0,0.0,0.0,0.0,0.0,0.0,546.0,200.0,0.0,533.0,200.0,0.0,501.0,195.0,0.0,548.0,200.0,,,,33,,Jordan,Beyer,Jordan,Hamstring injury - Unknown return date,,0,0,0,0,0,0,0,0,0,0,0,0,0,,,,0.0,0.0,0.0,0.0,0.0,0,0,0
195,a,100.0,100.0,3.8,814,255.0,0,0.0,-2,2.0,0.3,336,120.0,20,0,1.2,440.0,157.0,0,97,0.2,333.0,104.0,0.1,5.3,0.0,48901,9,40693,57,0.0,-1.1,0.33,1.2,1.53,23.0,0.03,0.1,0.13,1.86,183.2,294.0,113.0,231.8,160.0,40.0,62.0,316.0,97.0,47.5,278.0,89.0,,,,33,,Lucas,Pires Silva,Lucas Pires,,,1110,0,0,1,26,0,0,0,0,1,0,12,75,,,,0.0,0.08,2.11,0.97,6.08,24,51,70
196,u,0.0,0.0,4.0,684,171.0,0,0.0,0,0.0,0.0,616,220.0,0,0,0.0,594.0,218.0,0,0,0.0,438.0,160.0,0.0,0.0,0.0,202,0,9707,0,0.0,0.0,0.0,0.0,0.0,0.0,0.0,0.0,0.0,0.0,0.0,584.0,217.0,0.0,575.0,217.0,0.0,544.0,213.0,0.0,586.0,217.0,,,,33,,Shurandy,Sambo,Sambo,has joined Sparta Rotterdam on loan for the rest of the season.,,0,0,0,0,0,0,0,0,0,0,0,0,0,,,,0.0,0.0,0.0,0.0,0.0,0,0,0
197,u,0.0,0.0,3.8,809,250.0,0,0.0,-2,2.0,0.2,394,147.0,13,0,1.9,350.0,129.0,0,20,0.0,373.0,131.0,0.0,3.4,0.0,34622,0,35779,22,0.0,0.0,0.55,0.08,0.63,3.79,0.3,0.04,0.34,2.08,44.8,422.0,157.0,18.1,403.0,146.0,30.0,369.0,124.0,9.2,426.0,154.0,,,,33,,Oliver,Sonne,Sonne,has joined Sparta Prague on loan for the rest of the season.,,164,1,0,0,4,0,0,0,0,0,0,1,10,,,,0.0,0.0,2.2,0.55,3.84,2,5,4
201,u,0.0,0.0,5.4,159,99.0,0,0.0,-1,1.0,0.0,717,296.0,0,0,0.0,807.0,357.0,0,0,0.0,777.0,338.0,0.0,0.0,0.0,1070,0,3151,0,0.0,0.0,0.0,0.0,0.0,0.0,0.0,0.0,0.0,0.0,0.0,806.0,356.0,0.0,805.0,356.0,0.0,803.0,355.0,0.0,806.0,356.0,,,,33,,Manuel,Benson Hedilazio,Benson,has joined Maccabi Haifa permanently.,,0,0,0,0,0,0,0,0,0,0,0,0,0,,,,0.0,0.0,0.0,0.0,0.0,0,0,0
202,a,100.0,100.0,5.2,204,126.0,0,0.0,-3,3.0,0.0,619,239.0,37,0,1.5,417.0,182.0,0,110,0.2,344.0,164.0,0.0,7.1,0.0,6438,4,8969,6,0.0,-1.1,1.35,1.06,2.41,22.77,0.12,0.1,0.22,2.08,114.8,360.0,161.0,192.1,185.0,122.0,132.0,226.0,123.0,43.9,295.0,146.0,,2.0,3.0,33,,Jacob,Bruun Larsen,Bruun Larsen,,,984,0,1,3,27,0,0,0,0,0,0,10,62,,,,0.0,0.27,2.47,0.91,5.67,12,20,30
203,a,,,4.7,395,246.0,0,0.0,-3,3.0,0.0,593,223.0,0,0,0.0,770.0,331.0,0,0,0.0,696.0,281.0,0.0,0.0,0.0,4528,3,7584,2,0.0,-1.5,0.0,0.0,0.0,0.0,0.0,0.0,0.0,0.0,0.0,769.0,330.0,0.0,764.0,330.0,0.0,755.0,327.0,0.0,769.0,330.0,,,,33,,Enock,Agyei,Boateng,,,0,0,0,0,0,0,0,0,0,0,0,0,0,,,,0.0,0.0,0.0,0.0,0.0,0,0,0
204,u,0.0,0.0,4.9,317,197.0,0,0.0,-1,1.0,0.0,729,303.0,0,0,0.0,780.0,337.0,0,0,0.0,720.0,298.0,0.0,0.0,0.0,160,0,2086,0,0.0,0.0,0.0,0.0,0.0,0.0,0.0,0.0,0.0,0.0,0.0,779.0,336.0,0.0,775.0,336.0,0.0,771.0,334.0,0.0,779.0,336.0,,,,33,,Darko,Churlinov,Churlinov,has joined Kocaelispor  permanently.,,0,0,0,0,0,0,0,0,0,0,0,0,0,,,,0.0,0.0,0.0,0.0,0.0,0,0,0
205,i,0.0,0.0,4.9,296,183.0,0,0.0,-1,1.0,0.8,211,74.0,70,0,3.9,67.0,30.0,8,321,0.0,709.0,291.0,0.0,14.3,0.0,568723,2,543597,34,0.0,0.0,0.94,1.36,2.3,32.5,0.06,0.08,0.14,1.93,342.0,187.0,74.0,218.1,165.0,111.0,98.0,264.0,144.0,66.0,209.0,103.0,,,,33,,Josh,Cullen,Cullen,Knee injury - Expected back 30 Sep,,1513,2,2,3,29,1,0,0,2,0,0,18,173,,,,0.0,0.18,1.73,1.07,10.29,32,68,73
206,a,100.0,100.0,4.7,380,237.0,0,0.0,-3,3.0,0.1,481,168.0,47,0,2.4,279.0,117.0,2,170,0.8,243.0,110.0,0.2,10.0,0.0,26504,6,27175,34,0.0,0.1,1.48,1.68,3.16,22.2,0.14,0.15,0.29,2.05,167.6,310.0,138.0,253.2,144.0,96.0,216.0,135.0,78.0,63.5,222.0,109.0,,3.0,,33,,Marcus,Edwards,Edwards,,,977,1,3,1,17,0,0,0,0,0,0,10,59,,,,0.0,0.09,1.57,0.92,5.44,8,6,45
207,d,25.0,25.0,4.7,390,242.0,0,0.0,-3,3.0,0.1,421,145.0,52,0,2.3,302.0,130.0,4,215,0.2,340.0,161.0,0.0,11.1,0.0,29868,3,33530,96,0.0,-0.3,0.56,1.33,1.89,23.52,0.05,0.12,0.17,2.16,203.8,276.0,115.0,236.8,154.0,104.0,88.0,278.0,150.0,52.8,258.0,129.0,,,,33,,Hannibal,Mejbri,Hannibal,Hamstring injury - 25% chance of playing,,981,1,4,2,22,0,0,0,7,0,0,12,95,,,,0.0,0.18,2.02,1.1,8.72,25,14,56
208,u,0.0,0.0,5.0,266,161.0,0,0.0,0,0.0,0.0,742,312.0,0,0,0.0,797.0,350.0,0,0,0.0,746.0,316.0,0.0,0.0,0.0,68,0,3034,0,0.0,0.0,0.0,0.0,0.0,0.0,0.0,0.0,0.0,0.0,0.0,796.0,349.0,0.0,794.0,349.0,0.0,789.0,347.0,0.0,796.0,349.0,,,,33,,Luca,Koleosho,Koleosho,has joined Paris FC on loan for the rest of the season.,,0,0,0,0,0,0,0,0,0,0,0,0,0,,,,0.0,0.0,0.0,0.0,0.0,0,0,0
209,a,100.0,100.0,4.8,349,219.0,0,0.0,-2,2.0,0.0,620,240.0,50,0,1.8,374.0,158.0,1,214,-0.2,827.0,372.0,0.0,10.4,0.0,6226,0,7092,2,0.0,-1.9,0.85,0.44,1.29,35.46,0.05,0.03,0.08,2.02,274.6,226.0,95.0,169.8,202.0,131.0,102.0,260.0,142.0,53.9,255.0,126.0,,,,33,,Josh,Laurent,Laurent,,,1576,1,0,2,37,0,0,0,6,1,0,16,164,,,,0.0,0.11,2.11,0.91,9.37,40,68,56
210,a,,,4.8,366,228.0,0,0.0,-2,2.0,0.0,632,245.0,39,0,1.7,393.0,168.0,0,133,0.2,341.0,162.0,0.0,8.1,0.0,4951,0,6128,3,0.0,-1.1,0.96,0.68,1.64,16.67,0.1,0.07,0.17,1.77,102.4,368.0,163.0,109.8,265.0,162.0,118.0,239.0,131.0,33.2,333.0,164.0,,4.0,,33,,Loum,Tchaouna,Tchaouna,,,846,1,1,2,15,0,0,0,1,0,0,9,48,,,,0.0,0.21,1.6,0.96,5.11,14,11,23
211,u,0.0,0.0,4.4,543,325.0,0,0.0,-1,1.0,1.4,162,57.0,0,0,0.0,675.0,258.0,0,0,0.0,567.0,188.0,0.0,0.0,0.0,62789,0,932869,19,0.0,0.0,0.0,0.0,0.0,0.0,0.0,0.0,0.0,0.0,0.0,666.0,249.0,0.0,662.0,253.0,0.0,641.0,243.0,0.0,668.0,251.0,,,,33,,Aaron,Ramsey,A.Ramsey,has joined Leicester City on loan for the rest of the season.,,0,0,0,0,0,0,0,0,0,0,0,0,0,,,,0.0,0.0,0.0,0.0,0.0,0,0,0
212,u,0.0,0.0,4.5,481,294.0,0,0.0,0,0.0,0.0,769,329.0,0,0,0.0,738.0,306.0,0,0,0.0,650.0,247.0,0.0,0.0,0.0,0,0,2767,0,0.0,0.0,0.0,0.0,0.0,0.0,0.0,0.0,0.0,0.0,0.0,735.0,303.0,0.0,729.0,304.0,0.0,715.0,299.0,0.0,736.0,304.0,,,,33,,Oluwaseun,Adewumi,Adewumi,Has joined Cercle Brugge on loan for the rest of the season.,,0,0,0,0,0,0,0,0,0,0,0,0,0,,,,0.0,0.0,0.0,0.0,0.0,0,0,0
213,u,0.0,0.0,4.5,466,284.0,0,0.0,0,0.0,0.0,624,241.0,1,0,1.0,481.0,214.0,0,2,0.0,636.0,237.0,0.0,0.2,0.0,7482,0,9198,0,0.0,0.0,0.0,0.0,0.0,0.05,0.0,0.0,0.0,0.5,0.0,723.0,294.0,0.5,478.0,230.0,0.0,702.0,289.0,0.0,724.0,295.0,,,,33,,Jaydon,Banel,Banel,has joined Derby County on loan for the rest of the season.,,9,0,0,0,0,0,0,0,0,0,0,0,0,,,,0.0,0.0,0.0,0.0,0.0,0,0,0
214,a,100.0,100.0,4.3,587,347.0,0,0.0,-2,2.0,0.1,554,204.0,5,0,1.0,465.0,201.0,0,16,0.2,336.0,160.0,0.0,1.2,0.0,13176,24,16508,10,0.0,-1.1,0.0,0.0,0.0,0.59,0.0,0.0,0.0,1.56,7.2,473.0,213.0,15.2,408.0,204.0,2.0,446.0,219.0,2.4,468.0,212.0,,,,33,,Mike,Trésor Ndayishimiye,Trésor,,,34,0,0,0,2,0,0,0,0,0,0,0,4,,,,0.0,0.0,5.29,0.0,10.59,1,0,3
215,a,100.0,100.0,5.3,190,44.0,0,0.0,-2,2.0,0.4,294,45.0,73,0,3.2,177.0,17.0,7,274,2.2,122.0,18.0,0.4,13.8,0.0,187385,31,169168,254,0.0,2.9,6.41,0.3,6.71,27.79,0.45,0.02,0.47,1.97,352.4,177.0,16.0,130.2,244.0,27.0,443.0,44.0,18.0,91.7,127.0,19.0,,5.0,1.0,33,,Zian,Flemming,Flemming,,,1272,8,0,3,24,0,0,0,3,0,0,15,70,,,,0.0,0.21,1.7,1.06,4.95,10,35,25
216,d,50.0,50.0,4.8,368,63.0,0,0.0,-2,2.0,0.0,673,86.0,0,0,0.0,772.0,84.0,0,0,0.0,702.0,75.0,0.0,0.0,0.0,2461,1,6636,2,0.0,-0.8,0.0,0.0,0.0,0.0,0.0,0.0,0.0,0.0,0.0,771.0,84.0,0.0,766.0,83.0,0.0,761.0,83.0,0.0,771.0,84.0,,,,33,,Zeki,Amdouni,Amdouni,Lack of match fitness - 50% chance of playing,,0,0,0,0,0,0,0,0,0,0,0,0,0,,,,0.0,0.0,0.0,0.0,0.0,0,0,0
217,a,100.0,100.0,4.9,321,60.0,0,0.0,-1,1.0,0.8,216,30.0,55,0,2.4,286.0,30.0,4,195,1.2,201.0,26.0,0.2,11.2,0.0,455871,21,450259,64,0.0,0.9,3.05,0.35,3.4,25.98,0.21,0.02,0.23,1.8,213.2,270.0,27.0,145.2,228.0,23.0,218.0,134.0,31.0,57.0,246.0,30.0,,,,33,,Lyle,Foster,Foster,,,1296,3,2,4,27,0,0,0,4,0,0,15,77,,,,0.0,0.28,1.88,1.04,5.35,14,26,37
218,a,,,4.2,624,88.0,0,0.0,-3,3.0,1.3,171,25.0,5,0,1.0,463.0,56.0,0,10,0.2,335.0,47.0,0.0,1.2,0.0,233903,62,362626,215,0.0,-1.1,0.11,0.0,0.11,2.07,0.28,0.0,0.28,5.32,0.2,509.0,62.0,0.6,474.0,60.0,9.0,420.0,57.0,1.0,486.0,58.0,,,2.0,33,,Ashley,Barnes,Barnes,,,35,0,0,0,3,0,0,0,1,0,0,0,2,,,,0.0,0.0,7.71,0.0,5.14,0,0,2
219,u,0.0,0.0,4.4,531,75.0,0,0.0,-1,1.0,0.1,474,67.0,0,0,0.0,672.0,68.0,0,0,0.0,562.0,58.0,0.0,0.0,0.0,4151,0,40721,4,0.0,0.0,0.0,0.0,0.0,0.0,0.0,0.0,0.0,0.0,0.0,663.0,68.0,0.0,659.0,67.0,0.0,638.0,67.0,0.0,665.0,68.0,,,,33,,Michael,Obafemi,Obafemi,has joined Blackpool on loan for the rest of the season.,,0,0,0,0,0,0,0,0,0,0,0,0,0,,,,0.0,0.0,0.0,0.0,0.0,0,0,0
470,a,100.0,100.0,4.0,664,40.0,0,0.0,0,0.0,29.0,10,2.0,90,0,2.8,215.0,25.0,7,400,1.0,205.0,18.0,0.2,22.5,0.0,1770779,253,1903675,5037,0.0,0.5,0.0,0.04,0.04,64.89,0.0,0.0,0.0,2.03,876.8,6.0,1.0,0.0,557.0,49.0,0.0,526.0,36.0,87.9,139.0,1.0,,,,33,,Martin,Dúbravka,Dúbravka,,,2880,0,0,4,63,0,0,0,1,0,114,32,96,,,,3.56,0.12,1.97,1.0,0.0,1,55,260
614,a,100.0,100.0,5.6,121,76.0,0,0.0,-4,4.0,0.2,372,127.0,29,0,2.4,291.0,126.0,0,183,1.2,202.0,91.0,0.2,5.2,0.0,23534,11,49557,49,0.0,0.9,0.13,1.62,1.75,16.7,0.01,0.18,0.19,1.84,161.6,315.0,143.0,329.4,96.0,71.0,6.0,433.0,210.0,49.6,275.0,140.0,1.0,1.0,,33,,James,Ward-Prowse,Ward-Prowse,,,818,0,1,2,19,0,0,0,1,0,0,9,73,,,,0.0,0.22,2.09,0.99,8.03,10,31,32
676,a,100.0,100.0,5.0,273,167.0,0,0.0,0,0.0,0.1,466,160.0,86,0,2.8,222.0,88.0,5,319,1.0,222.0,98.0,0.2,17.2,0.0,44001,2,40523,28,0.0,0.5,2.3,0.29,2.59,47.68,0.1,0.01,0.11,2.11,369.0,165.0,61.0,149.3,223.0,144.0,194.0,155.0,88.0,71.0,193.0,94.0,,,,33,,Lesley,Ugochukwu,Ugochukwu,,,2033,3,2,3,45,0,0,0,1,1,0,23,188,,,,0.0,0.13,1.99,1.02,8.32,46,54,88
680,a,100.0,100.0,5.2,210,48.0,0,0.0,-3,3.0,0.1,417,61.0,40,0,1.9,358.0,39.0,2,109,0.2,346.0,49.0,0.0,7.7,0.0,48084,3,60823,9,0.0,-1.1,2.14,0.13,2.27,21.83,0.24,0.01,0.25,2.41,97.4,375.0,39.0,63.0,330.0,39.0,205.0,145.0,34.0,36.2,322.0,38.0,,,,33,,Armando,Broja,Broja,,,815,1,1,1,26,0,0,0,0,0,0,8,42,,,,0.0,0.11,2.87,0.88,4.64,6,11,25
722,a,,,5.0,250,150.0,0,0.0,0,0.0,0.0,614,236.0,67,0,2.7,235.0,95.0,0,292,0.2,343.0,163.0,0.0,13.4,0.0,15006,1,13579,6,0.0,-1.1,0.58,0.44,1.02,39.09,0.03,0.02,0.05,2.03,343.4,186.0,73.0,190.2,187.0,123.0,45.0,339.0,177.0,58.0,238.0,117.0,,,,33,,Florentino Ibrain,Morris Luís,Florentino,,,1732,0,2,2,38,0,0,0,5,0,0,21,253,,,,0.0,0.1,1.97,1.09,13.15,74,90,89
784,a,,,4.5,519,324.0,0,0.0,0,0.0,0.0,799,353.0,0,0,0.0,766.0,328.0,0,0,0.0,686.0,276.0,0.0,0.0,0.0,514,1,394,1,0.0,-1.5,0.0,0.0,0.0,0.0,0.0,0.0,0.0,0.0,0.0,765.0,327.0,0.0,758.0,327.0,0.0,746.0,324.0,0.0,765.0,327.0,,,,33,,George,Brierley,Brierley,,,0,0,0,0,0,0,0,0,0,0,0,0,0,,,,0.0,0.0,0.0,0.0,0.0,0,0,0
820,a,,,4.5,511,317.0,0,0.0,0,0.0,0.0,815,361.0,0,0,0.0,760.0,322.0,0,0,0.0,679.0,269.0,0.0,0.0,0.0,159,0,69,0,0.0,-1.5,0.0,0.0,0.0,0.0,0.0,0.0,0.0,0.0,0.0,759.0,321.0,0.0,752.0,321.0,0.0,739.0,317.0,0.0,759.0,321.0,,,,33,,Kian,McMahon-Brown,McMahon-Brown,,,0,0,0,0,0,0,0,0,0,0,0,0,0,,,,0.0,0.0,0.0,0.0,0.0,0,0,0
66,u,0.0,0.0,4.5,409,22.0,0,0.0,0,0.0,0.1,574,78.0,0,0,0.0,694.0,94.0,0,0,0.0,594.0,89.0,0.0,0.0,0.0,0,0,16612,0,0.0,0.0,0.0,0.0,0.0,0.0,0.0,0.0,0.0,0.0,0.0,688.0,94.0,0.0,683.0,87.0,0.0,664.0,77.0,0.0,690.0,94.0,,,,33,,Norberto,Murara Neto,Neto,Has joined Botafogo permanently.,,0,0,0,0,0,0,0,0,0,0,0,0,0,,,,0.0,0.0,0.0,0.0,0.0,0,0,0
67,a,,,4.6,401,20.0,0,0.0,1,-1.0,5.7,67,10.0,105,1,3.2,167.0,19.0,5,431,1.2,200.0,15.0,0.3,22.8,0.0,1153878,181,831862,2379,0.0,2.4,0.0,0.0,0.0,50.27,0.0,0.0,0.0,1.52,717.2,23.0,6.0,0.0,759.0,89.0,0.0,748.0,81.0,71.9,189.0,8.0,,,,33,,Đorđe,Petrović,Petrović,,,2970,0,0,9,50,1,0,0,3,0,98,33,98,,,,2.97,0.27,1.52,1.0,0.0,0,60,249
68,u,0.0,0.0,4.0,683,50.0,0,0.0,0,0.0,0.7,227,29.0,0,0,0.0,593.0,72.0,0,0,0.0,437.0,63.0,0.0,0.0,0.0,47217,0,90087,22,0.0,0.0,0.0,0.0,0.0,0.0,0.0,0.0,0.0,0.0,0.0,583.0,72.0,0.0,574.0,59.0,0.0,543.0,46.0,0.0,585.0,72.0,,,,33,,Will,Dennis,Dennis,has joined Leyton Orient on loan for the rest of the season.,,0,0,0,0,0,0,0,0,0,0,0,0,0,,,,0.0,0.0,0.0,0.0,0.0,0,0,0
69,a,,,3.9,784,92.0,0,0.0,-1,1.0,0.2,356,49.0,0,0,0.0,573.0,62.0,0,0,0.0,414.0,51.0,0.0,0.0,0.0,23389,8,21173,12,0.0,0.0,0.0,0.0,0.0,0.0,0.0,0.0,0.0,0.0,0.0,563.0,62.0,0.0,551.0,46.0,0.0,519.0,33.0,0.0,565.0,62.0,,,,33,,Callan,McKenna,McKenna,,,0,0,0,0,0,0,0,0,0,0,0,0,0,,,,0.0,0.0,0.0,0.0,0.0,0,0,0
70,u,0.0,0.0,4.0,700,58.0,0,0.0,0,0.0,0.1,577,79.0,0,0,0.0,607.0,80.0,0,0,0.0,453.0,71.0,0.0,0.0,0.0,1107,0,10586,0,0.0,0.0,0.0,0.0,0.0,0.0,0.0,0.0,0.0,0.0,0.0,597.0,80.0,0.0,588.0,67.0,0.0,557.0,54.0,0.0,599.0,80.0,,,,33,,Alex,Paulsen,Paulsen,Has joined Lechia Gdansk on loan for the rest of the season.,,0,0,0,0,0,0,0,0,0,0,0,0,0,,,,0.0,0.0,0.0,0.0,0.0,0,0,0
71,u,0.0,0.0,5.0,263,41.0,0,0.0,0,0.0,0.0,672,236.0,0,0,0.0,796.0,265.0,0,0,0.0,745.0,255.0,0.0,0.0,0.0,0,0,8221,0,0.0,0.0,0.0,0.0,0.0,0.0,0.0,0.0,0.0,0.0,0.0,795.0,265.0,0.0,793.0,265.0,0.0,788.0,265.0,0.0,795.0,265.0,,,,33,,Illia,Zabarnyi,Zabarnyi,Has joined Paris Saint-Germain permanently.,,0,0,0,0,0,0,0,0,0,0,0,0,0,,,,0.0,0.0,0.0,0.0,0.0,0,0,0
72,a,100.0,100.0,5.2,208,28.0,0,0.0,7,-7.0,23.2,12,4.0,143,2,4.5,29.0,12.0,11,464,1.8,153.0,61.0,0.3,27.5,0.0,5943871,1827,3244465,13551,0.0,3.6,1.4,4.2,5.6,48.32,0.04,0.13,0.17,1.53,941.2,4.0,2.0,310.4,107.0,25.0,179.0,173.0,38.0,143.3,38.0,3.0,,,,33,,Marcos,Senesi Barón,Senesi,,,2838,0,4,9,49,0,0,0,8,0,0,32,415,,,,0.0,0.29,1.55,1.01,11.8,56,316,133
75,a,100.0,100.0,3.8,810,251.0,0,0.0,-2,2.0,0.2,384,141.0,0,0,0.0,539.0,196.0,0,0,0.0,374.0,132.0,0.0,0.0,0.0,15501,4,33205,17,0.0,0.0,0.0,0.0,0.0,0.0,0.0,0.0,0.0,0.0,0.0,528.0,195.0,0.0,512.0,194.0,0.0,479.0,188.0,0.0,530.0,195.0,,,,33,,Matai,Akinmboni,Akinmboni,,,0,0,0,0,0,0,0,0,0,0,0,0,0,,,,0.0,0.0,0.0,0.0,0.0,0,0,0
76,a,,,3.8,808,249.0,0,0.0,-2,2.0,0.2,391,146.0,0,0,0.0,538.0,195.0,0,0,0.0,372.0,130.0,0.0,0.0,0.0,16127,9,20790,14,0.0,0.0,0.0,0.0,0.0,0.0,0.0,0.0,0.0,0.0,0.0,527.0,194.0,0.0,511.0,193.0,0.0,478.0,187.0,0.0,529.0,194.0,,,,33,,Owen,Bevan,Bevan,,,0,0,0,0,0,0,0,0,0,0,0,0,0,,,,0.0,0.0,0.0,0.0,0.0,0,0,0
77,a,,,4.2,637,146.0,0,0.0,2,-2.0,8.7,43,14.0,89,4,3.7,88.0,32.0,2,313,1.5,169.0,63.0,0.4,21.2,0.0,1353796,222,287659,5640,0.0,3.0,0.69,1.09,1.77,26.97,0.04,0.06,0.1,1.47,453.6,116.0,50.0,117.1,254.0,70.0,87.0,279.0,82.0,66.0,208.0,71.0,,,,33,,James,Hill,Hill,,,1652,0,3,6,20,1,0,0,3,0,0,17,218,,,,0.0,0.33,1.09,0.93,11.39,31,178,56
78,u,0.0,0.0,3.8,799,241.0,0,0.0,-2,2.0,0.5,269,101.0,0,0,0.0,533.0,190.0,0,0,0.0,364.0,123.0,0.0,0.0,0.0,47440,0,135143,30,0.0,0.0,0.0,0.0,0.0,0.0,0.0,0.0,0.0,0.0,0.0,522.0,189.0,0.0,505.0,188.0,0.0,472.0,182.0,0.0,524.0,189.0,,,,33,,Julián,Araujo Zúñiga,J.Araujo,has joined Celtic on loan for the rest of the season.,,0,0,0,0,0,0,0,0,0,0,0,0,0,,,,0.0,0.0,0.0,0.0,0.0,0,0,0
79,u,0.0,0.0,4.0,676,168.0,0,0.0,0,0.0,0.1,547,196.0,0,0,0.0,586.0,215.0,0,0,0.0,430.0,157.0,0.0,0.0,0.0,1400,0,16806,1,0.0,0.0,0.0,0.0,0.0,0.0,0.0,0.0,0.0,0.0,0.0,576.0,214.0,0.0,567.0,214.0,0.0,536.0,210.0,0.0,578.0,214.0,,,,33,,Chris,Mepham,Mepham,has joined West Bromwich Albion permanently.,,0,0,0,0,0,0,0,0,0,0,0,0,0,,,,0.0,0.0,0.0,0.0,0.0,0,0,0
80,a,100.0,100.0,3.9,786,230.0,0,0.0,-1,1.0,0.2,388,144.0,3,0,1.0,456.0,165.0,0,2,0.0,416.0,150.0,0.0,0.8,0.0,17734,9,34223,6,0.0,0.0,0.0,0.0,0.0,1.62,0.0,0.0,0.0,4.29,1.8,496.0,176.0,2.5,458.0,166.0,2.0,442.0,165.0,0.6,493.0,172.0,,,,33,,Julio,Soler Barreto,Soler,,,34,0,0,0,2,0,0,0,0,0,0,0,1,,,,0.0,0.0,5.29,0.0,2.65,1,0,4
81,i,0.0,0.0,6.9,39,24.0,0,0.0,-1,1.0,0.6,247,88.0,40,0,2.2,320.0,141.0,3,147,0.0,820.0,365.0,0.0,5.8,0.0,190663,4,252660,23,0.0,0.0,2.24,1.54,3.78,16.78,0.22,0.15,0.37,1.65,146.6,328.0,147.0,304.1,112.0,81.0,128.0,231.0,127.0,57.8,241.0,118.0,,3.0,1.0,33,,Justin,Kluivert,Kluivert,Knee injury - Expected back 09 May,,914,2,0,4,18,0,0,0,4,0,0,10,62,,,,0.0,0.39,1.77,0.98,6.11,10,8,44
84,a,100.0,100.0,5.4,162,102.0,0,0.0,-1,1.0,5.5,73,24.0,117,6,4.0,62.0,27.0,10,452,2.5,103.0,46.0,0.5,21.7,0.0,1533855,559,884329,3142,0.0,5.0,8.4,3.71,12.11,35.85,0.33,0.15,0.48,1.4,508.2,81.0,26.0,586.2,26.0,25.0,453.0,41.0,24.0,154.9,29.0,23.0,2.0,2.0,4.0,33,,Marcus,Tavernier,Tavernier,,,2300,6,4,9,41,0,0,0,5,0,0,26,216,,,,0.0,0.35,1.6,1.02,8.45,34,55,127
85,a,100.0,100.0,4.9,299,186.0,0,0.0,-1,1.0,0.3,344,119.0,62,1,3.1,188.0,75.0,3,287,0.5,287.0,135.0,0.1,12.7,0.0,81344,18,95307,26,0.0,1.0,0.61,0.37,0.98,22.39,0.04,0.02,0.06,1.38,308.6,204.0,84.0,95.2,285.0,167.0,110.0,251.0,139.0,51.7,266.0,134.0,,,,33,,Tyler,Adams,Adams,,,1457,2,1,6,25,0,0,0,7,0,0,18,188,,,,0.0,0.37,1.54,1.11,11.61,42,68,78
86,a,100.0,100.0,5.0,245,147.0,0,0.0,0,0.0,0.2,393,133.0,50,1,1.9,354.0,152.0,4,195,0.8,246.0,113.0,0.2,10.0,0.0,74429,10,79882,31,0.0,1.6,4.93,3.17,8.1,18.49,0.41,0.26,0.67,1.53,208.0,273.0,112.0,339.1,89.0,65.0,402.0,55.0,32.0,93.5,116.0,66.0,5.0,4.0,,33,,David,Brooks,Brooks,,,1085,1,2,4,19,0,0,0,7,0,0,12,86,,,,0.0,0.33,1.58,1.0,7.13,17,18,51
87,a,100.0,100.0,4.9,291,180.0,0,0.0,-1,1.0,0.2,381,130.0,46,2,2.0,342.0,147.0,2,193,3.2,69.0,26.0,0.7,9.4,0.0,31637,32,19919,273,0.0,6.4,1.64,0.71,2.35,17.48,0.17,0.08,0.25,1.86,197.4,281.0,118.0,154.6,215.0,137.0,163.0,186.0,103.0,51.9,263.0,132.0,6.0,,,33,,Ryan,Christie,Christie,,,844,2,1,3,13,0,0,0,3,0,0,7,106,,,,0.0,0.32,1.39,0.75,11.3,24,31,51
88,d,25.0,25.0,4.9,290,179.0,0,0.0,-1,1.0,0.0,628,243.0,38,0,2.4,285.0,122.0,0,184,0.0,706.0,288.0,0.0,7.8,0.0,11792,1,11176,9,0.0,0.0,0.07,0.52,0.59,13.49,0.01,0.05,0.06,1.4,206.0,275.0,114.0,183.3,193.0,127.0,12.0,407.0,199.0,40.4,308.0,153.0,4.0,,,33,,Lewis,Cook,Cook,Lack of match fitness - 25% chance of playing,,870,0,1,1,18,0,0,0,1,1,0,8,143,,,,0.0,0.1,1.86,0.83,14.79,25,56,62
89,u,0.0,0.0,4.9,293,182.0,0,0.0,-1,1.0,0.0,679,273.0,0,0,0.0,775.0,333.0,0,0,0.0,708.0,290.0,0.0,0.0,0.0,598,0,6641,0,0.0,0.0,0.0,0.0,0.0,0.0,0.0,0.0,0.0,0.0,0.0,774.0,332.0,0.0,770.0,332.0,0.0,766.0,330.0,0.0,774.0,332.0,,,,33,,Philip,Billing,Philip,has joined Midtjylland permanently.,,0,0,0,0,0,0,0,0,0,0,0,0,0,,,,0.0,0.0,0.0,0.0,0.0,0,0,0
90,a,100.0,100.0,5.0,272,166.0,0,0.0,0,0.0,3.4,101,33.0,121,1,3.7,100.0,42.0,9,536,3.8,40.0,15.0,0.8,24.2,0.0,578225,425,154985,4261,0.0,7.6,3.72,2.39,6.11,42.64,0.13,0.09,0.22,1.54,523.0,78.0,23.0,364.8,75.0,58.0,293.0,94.0,57.0,117.7,75.0,47.0,3.0,6.0,,33,,Alex,Scott,Scott,,,2488,3,2,9,38,0,0,0,4,0,0,30,331,,,,0.0,0.33,1.37,1.09,11.97,53,117,161
91,u,0.0,0.0,5.0,252,151.0,0,0.0,0,0.0,0.0,747,316.0,0,0,0.0,792.0,346.0,0,0,0.0,740.0,311.0,0.0,0.0,0.0,396,0,3904,0,0.0,0.0,0.0,0.0,0.0,0.0,0.0,0.0,0.0,0.0,0.0,791.0,345.0,0.0,789.0,345.0,0.0,784.0,343.0,0.0,791.0,345.0,,,,33,,Luis,Sinisterra Lucumí,Sinisterra,has joined Cruzeiro on loan for the rest of the season.,,0,0,0,0,0,0,0,0,0,0,0,0,0,,,,0.0,0.0,0.0,0.0,0.0,0,0,0
92,u,0.0,0.0,4.5,434,258.0,0,0.0,0,0.0,0.1,562,207.0,0,0,0.0,705.0,277.0,0,0,0.0,609.0,214.0,0.0,0.0,0.0,4403,0,19793,1,0.0,0.0,0.0,0.0,0.0,0.0,0.0,0.0,0.0,0.0,0.0,699.0,271.0,0.0,695.0,274.0,0.0,678.0,267.0,0.0,701.0,273.0,,,,33,,Romain,Faivre,Faivre,has joined Auxerre permanently.,,0,0,0,0,0,0,0,0,0,0,0,0,0,,,,0.0,0.0,0.0,0.0,0.0,0,0,0
93,u,0.0,0.0,4.5,429,255.0,0,0.0,0,0.0,0.3,342,118.0,4,0,4.0,60.0,26.0,0,12,0.0,605.0,211.0,0.0,0.9,0.0,114900,0,165795,6,0.0,0.0,0.0,0.0,0.0,0.4,0.0,0.0,0.0,2.25,21.2,451.0,199.0,10.0,429.0,212.0,0.0,674.0,264.0,3.1,464.0,209.0,,,,33,,Hamed,Traorè,H.Traorè,has joined Marseille on loan for the rest of the season.,,16,0,1,0,2,0,0,0,0,0,0,0,4,,,,0.0,0.0,11.25,0.0,22.5,1,1,2
94,u,0.0,0.0,4.5,465,283.0,0,0.0,0,0.0,0.0,648,253.0,0,0,0.0,727.0,298.0,0,0,0.0,635.0,236.0,0.0,0.0,0.0,3895,0,8245,0,0.0,0.0,0.0,0.0,0.0,0.0,0.0,0.0,0.0,0.0,0.0,722.0,293.0,0.0,717.0,295.0,0.0,701.0,288.0,0.0,723.0,294.0,,,,33,,Dominic,Sadi,Sadi,has joined Novi Pazar on loan for the rest of the season.,,0,0,0,0,0,0,0,0,0,0,0,0,0,,,,0.0,0.0,0.0,0.0,0.0,0,0,0
95,u,0.0,0.0,4.4,554,333.0,0,0.0,-1,1.0,0.1,581,216.0,0,0,0.0,681.0,264.0,0,0,0.0,576.0,196.0,0.0,0.0,0.0,15405,0,21630,1,0.0,0.0,0.0,0.0,0.0,0.0,0.0,0.0,0.0,0.0,0.0,673.0,256.0,0.0,669.0,260.0,0.0,649.0,251.0,0.0,675.0,258.0,,,,33,,Zain,Silcott-Duberry,Silcott-Duberry,has joined Olympiakos permanently.,,0,0,0,0,0,0,0,0,0,0,0,0,0,,,,0.0,0.0,0.0,0.0,0.0,0,0,0
96,u,0.0,0.0,4.5,498,308.0,0,0.0,0,0.0,0.0,647,252.0,1,0,1.0,488.0,220.0,0,3,0.0,667.0,261.0,0.0,0.2,0.0,2964,0,10036,0,0.0,0.0,0.0,0.0,0.0,0.31,0.0,0.0,0.0,4.65,0.0,749.0,314.0,0.0,742.0,314.0,0.0,729.0,310.0,0.0,749.0,314.0,,,,33,,Ben,Winterburn,Winterburn,has joined Barnet on loan for the rest of the season.,,6,0,0,0,2,0,0,0,0,0,0,0,0,,,,0.0,0.0,30.0,0.0,0.0,0,0,0
97,a,100.0,100.0,6.7,46,16.0,0,0.0,-3,3.0,2.9,114,19.0,104,5,3.4,148.0,14.0,6,368,3.8,41.0,8.0,0.6,15.5,0.0,1266328,797,1173025,2312,0.0,7.6,9.45,1.2,10.65,34.99,0.36,0.05,0.41,1.33,324.6,195.0,18.0,331.5,94.0,3.0,726.0,11.0,7.0,137.9,43.0,10.0,,,,33,,Francisco Evanilson,de Lima Barbosa,Evanilson,,,2370,6,6,9,37,0,0,0,1,0,0,27,110,,,,0.0,0.34,1.41,1.03,4.18,10,32,68
98,a,100.0,100.0,5.4,157,38.0,0,0.0,-1,1.0,0.0,591,80.0,23,1,1.2,444.0,53.0,1,61,0.5,296.0,38.0,0.1,4.3,0.0,14883,14,12103,19,0.0,1.0,1.85,0.06,1.91,4.16,0.95,0.03,0.98,2.14,46.6,418.0,49.0,13.0,416.0,54.0,86.0,283.0,48.0,13.7,406.0,52.0,,1.0,,33,,Enes,Ünal,Enes Ünal,,,175,1,0,0,2,0,0,0,1,0,0,0,15,,,,0.0,0.0,1.03,0.0,7.71,1,9,5
99,u,0.0,0.0,4.4,569,82.0,0,0.0,-1,1.0,0.1,439,63.0,0,0,0.0,691.0,75.0,0,0,0.0,589.0,65.0,0.0,0.0,0.0,22144,0,44546,1,0.0,0.0,0.0,0.0,0.0,0.0,0.0,0.0,0.0,0.0,0.0,685.0,75.0,0.0,680.0,74.0,0.0,661.0,74.0,0.0,687.0,75.0,,,,33,,Daniel,Adu-Adjei,Adu-Adjei,has joined HNK Rijeka permanently.,,0,0,0,0,0,0,0,0,0,0,0,0,0,,,,0.0,0.0,0.0,0.0,0.0,0,0,0
100,a,100.0,100.0,4.6,406,65.0,0,0.0,1,-1.0,6.1,63,12.0,87,2,3.1,186.0,18.0,8,384,3.2,68.0,11.0,0.7,18.9,0.0,2003338,999,1385920,4032,0.0,6.4,6.65,1.03,7.68,22.0,0.46,0.07,0.53,1.53,415.4,134.0,13.0,254.0,143.0,11.0,430.0,47.0,19.0,109.9,85.0,15.0,,,2.0,33,,Junior,Kroupi,Kroupi.Jr,,,1297,10,0,7,19,0,0,0,4,0,0,16,96,,,,0.0,0.49,1.32,1.11,6.66,8,37,51
391,a,100.0,100.0,4.8,369,230.0,0,0.0,-2,2.0,0.0,640,249.0,9,1,1.5,414.0,179.0,0,26,0.5,285.0,133.0,0.1,1.9,0.0,4776,2,8144,3,0.0,1.0,0.09,0.1,0.19,3.51,0.12,0.13,0.25,4.65,21.2,452.0,200.0,14.5,411.0,205.0,15.0,397.0,197.0,5.0,454.0,204.0,,,,33,,Ben,Gannon-Doak,Gannon-Doak,,,68,0,1,0,1,0,0,0,0,0,0,0,9,,,,0.0,0.0,1.32,0.0,11.91,5,1,3
685,a,100.0,100.0,4.1,655,157.0,0,0.0,-4,4.0,0.3,339,123.0,46,0,2.6,244.0,95.0,2,164,0.0,497.0,203.0,0.0,11.2,0.0,99279,8,98222,27,0.0,0.0,0.02,0.19,0.21,22.47,0.0,0.01,0.01,1.59,267.0,231.0,92.0,54.3,342.0,119.0,22.0,383.0,133.0,34.4,331.0,110.0,,,,33,,Bafodé,Diakité,Diakité,,,1275,0,0,4,27,0,0,0,1,0,0,15,147,,,,0.0,0.28,1.91,1.06,8.26,20,97,48
687,a,,,4.3,617,365.0,0,0.0,-2,2.0,0.2,392,132.0,0,0,0.0,666.0,254.0,0,0,0.0,549.0,183.0,0.0,0.0,0.0,26600,13,22025,34,0.0,0.0,0.0,0.0,0.0,0.0,0.0,0.0,0.0,0.0,0.0,656.0,244.0,0.0,652.0,249.0,0.0,629.0,238.0,0.0,658.0,246.0,,,,33,,Remy,Rees-Dottin,Rees-Dottin,,,0,0,0,0,0,0,0,0,0,0,0,0,0,,,,0.0,0.0,0.0,0.0,0.0,0,0,0
697,a,,,5.4,173,108.0,0,0.0,-1,1.0,0.3,312,108.0,63,0,2.3,305.0,132.0,4,234,0.5,297.0,140.0,0.1,11.7,0.0,119755,7,85483,389,0.0,1.0,2.55,1.59,4.14,16.45,0.22,0.14,0.36,1.45,264.8,232.0,98.0,222.9,164.0,110.0,251.0,112.0,69.0,73.3,181.0,91.0,,,,33,,Amine,Adli,Adli,,,1024,3,2,3,16,0,0,0,2,0,0,10,118,,,,0.0,0.26,1.41,0.88,10.37,34,25,59
713,a,,,4.5,467,94.0,0,0.0,0,0.0,0.3,338,122.0,68,2,2.3,301.0,112.0,2,270,1.0,214.0,75.0,0.2,15.1,0.0,65620,31,34938,232,0.0,2.0,1.07,1.58,2.65,39.39,0.05,0.07,0.12,1.66,356.4,171.0,72.0,231.6,161.0,41.0,170.0,178.0,41.0,75.8,173.0,58.0,,,,33,,Álex,Jiménez Sánchez,A.Jimenez,,,2135,1,2,5,37,0,0,0,9,0,0,24,153,,,,0.0,0.21,1.56,1.01,5.82,62,76,123
756,a,,,4.5,517,322.0,0,0.0,0,0.0,0.0,744,314.0,0,0,0.0,764.0,326.0,0,0,0.0,684.0,274.0,0.0,0.0,0.0,1913,1,1300,5,0.0,0.0,0.0,0.0,0.0,0.0,0.0,0.0,0.0,0.0,0.0,763.0,325.0,0.0,756.0,325.0,0.0,744.0,322.0,0.0,763.0,325.0,,,,33,,Malcom,DaCosta,DaCosta,,,0,0,0,0,0,0,0,0,0,0,0,0,0,,,,0.0,0.0,0.0,0.0,0.0,0,0,0
782,a,,,4.0,663,39.0,0,0.0,0,0.0,0.0,660,81.0,0,0,0.0,578.0,64.0,0,0,0.0,420.0,53.0,0.0,0.0,0.0,3275,6,1299,4,0.0,0.0,0.0,0.0,0.0,0.0,0.0,0.0,0.0,0.0,0.0,568.0,64.0,0.0,556.0,48.0,0.0,525.0,35.0,0.0,570.0,64.0,,,,33,,Fraser,Forster,Forster,,,0,0,0,0,0,0,0,0,0,0,0,0,0,,,,0.0,0.0,0.0,0.0,0.0,0,0,0
799,a,,,4.5,514,319.0,0,0.0,0,0.0,0.0,775,333.0,0,0,0.0,762.0,324.0,0,0,0.0,681.0,271.0,0.0,0.0,0.0,794,1,372,2,0.0,0.0,0.0,0.0,0.0,0.0,0.0,0.0,0.0,0.0,0.0,761.0,323.0,0.0,754.0,323.0,0.0,741.0,319.0,0.0,761.0,323.0,,,,33,,Charlie,Stevens,Stevens,,,0,0,0,0,0,0,0,0,0,0,0,0,0,,,,0.0,0.0,0.0,0.0,0.0,0,0,0
801,a,,,4.9,341,212.0,0,0.0,-1,1.0,0.0,761,324.0,5,1,0.8,519.0,241.0,0,17,0.5,288.0,136.0,0.1,1.0,0.0,955,3,578,4,0.0,1.0,0.06,0.25,0.31,3.16,0.07,0.29,0.36,3.69,8.0,471.0,212.0,33.5,378.0,192.0,14.0,401.0,198.0,5.5,449.0,201.0,,,,33,,Alex,Tóth,Tóth.A,,,77,0,0,0,1,0,0,0,1,0,0,1,10,,,,0.0,0.0,1.17,1.17,11.69,1,4,5
806,a,,,4.0,681,49.0,0,0.0,0,0.0,0.0,758,88.0,0,0,0.0,591.0,71.0,0,0,0.0,435.0,62.0,0.0,0.0,0.0,757,3,426,2,0.0,0.0,0.0,0.0,0.0,0.0,0.0,0.0,0.0,0.0,0.0,581.0,71.0,0.0,572.0,58.0,0.0,541.0,45.0,0.0,583.0,71.0,,,,33,,Christos,Mandas,Mandas,,,0,0,0,0,0,0,0,0,0,0,0,0,0,,,,0.0,0.0,0.0,0.0,0.0,0,0,0
807,a,,,5.5,149,94.0,0,0.0,0,0.0,1.9,142,48.0,39,5,3.9,75.0,33.0,2,149,2.2,123.0,49.0,0.4,7.1,0.0,436260,88,194464,2452,0.0,4.4,1.33,1.55,2.88,14.86,0.16,0.18,0.34,1.74,140.0,334.0,150.0,160.4,206.0,132.0,130.0,228.0,125.0,43.0,298.0,148.0,,,,33,,Rayan Vitor,Simplício Rocha,Rayan,,,769,2,2,3,7,0,0,0,1,0,0,9,50,,,,0.0,0.35,0.82,1.05,5.85,8,13,29
27,a,100.0,100.0,4.8,352,222.0,0,0.0,-2,2.0,0.1,500,179.0,8,0,1.0,491.0,223.0,0,23,0.3,313.0,149.0,0.1,1.7,0.0,10679,4,18575,0,-0.2,0.3,0.71,0.09,0.8,2.01,0.64,0.08,0.72,1.81,22.0,448.0,198.0,17.8,405.0,203.0,25.0,376.0,190.0,6.0,444.0,199.0,,,,33,,Reiss,Nelson,Nelson,,,100,0,0,0,2,0,0,0,0,0,0,0,22,,,,0.0,0.0,1.8,0.0,19.8,3,3,16
83,a,100.0,100.0,5.9,99,66.0,0,0.0,-1,1.0,2.6,122,39.0,111,3,4.1,57.0,25.0,13,358,2.0,144.0,55.0,0.3,18.8,0.0,1010718,258,707558,756,1.5,2.0,5.75,3.69,9.44,26.52,0.27,0.18,0.45,1.26,395.2,145.0,49.0,323.0,98.0,73.0,513.0,35.0,19.0,122.5,65.0,41.0,3.0,,,33,,Dango,Ouattara,O.Dango,,,1890,5,7,5,28,0,0,0,4,0,0,21,161,,,,0.0,0.24,1.33,1.0,7.67,18,66,77
101,a,100.0,100.0,4.8,353,12.0,0,0.0,3,-3.0,12.9,26,4.0,122,6,3.8,82.0,11.0,8,479,5.7,8.0,1.0,1.2,25.4,0.0,1587949,2313,1193624,1231,5.2,5.7,0.0,0.22,0.22,43.55,0.0,0.01,0.01,1.36,725.0,19.0,5.0,23.0,392.0,4.0,0.0,756.0,85.0,74.9,176.0,6.0,,,,33,,Caoimhín,Kelleher,Kelleher,,,2880,0,0,9,41,0,3,0,1,0,85,32,95,,,,2.66,0.28,1.28,1.0,0.0,1,41,249
102,a,,,3.9,761,80.0,0,0.0,-1,1.0,0.3,350,48.0,0,0,0.0,555.0,51.0,0,0,0.0,395.0,40.0,0.0,0.0,0.0,16791,5,25223,7,-0.5,0.0,0.0,0.0,0.0,0.0,0.0,0.0,0.0,0.0,0.0,545.0,51.0,0.0,532.0,34.0,0.0,500.0,21.0,0.0,547.0,51.0,,,,33,,Ellery,Balcombe,Balcombe,,,0,0,0,0,0,0,0,0,0,0,0,0,0,,,,0.0,0.0,0.0,0.0,0.0,0,0,0
103,u,0.0,0.0,3.9,777,88.0,0,0.0,-1,1.0,0.1,441,64.0,0,0,0.0,566.0,58.0,0,0,0.0,407.0,47.0,0.0,0.0,0.0,11791,0,15620,14,0.0,0.0,0.0,0.0,0.0,0.0,0.0,0.0,0.0,0.0,0.0,556.0,58.0,0.0,544.0,42.0,0.0,512.0,29.0,0.0,558.0,58.0,,,,33,,Matthew,Cox,Cox,has joined Shrewsbury Town on loan for the rest of the season.,,0,0,0,0,0,0,0,0,0,0,0,0,0,,,,0.0,0.0,0.0,0.0,0.0,0,0,0
104,a,,,3.9,780,89.0,0,0.0,-1,1.0,0.1,473,70.0,0,0,0.0,569.0,59.0,0,0,0.0,410.0,48.0,0.0,0.0,0.0,13232,0,11251,5,-0.5,0.0,0.0,0.0,0.0,0.0,0.0,0.0,0.0,0.0,0.0,559.0,59.0,0.0,547.0,43.0,0.0,515.0,30.0,0.0,561.0,59.0,,,,33,,Julian,Eyestone,Eyestone,,,0,0,0,0,0,0,0,0,0,0,0,0,0,,,,0.0,0.0,0.0,0.0,0.0,0,0,0
105,a,,,3.8,805,95.0,0,0.0,-2,2.0,0.7,236,31.0,1,0,1.0,453.0,36.0,0,1,0.0,369.0,27.0,0.0,0.3,0.0,48229,310,77520,46,-0.5,0.0,0.0,0.0,0.0,0.97,0.0,0.0,0.0,0.97,13.0,459.0,35.0,0.0,508.0,19.0,0.0,475.0,6.0,1.3,482.0,34.0,,,,33,,Hákon Rafn,Valdimarsson,Valdimarsson,,,90,0,0,0,3,0,0,0,0,0,1,1,0,,,,1.0,0.0,3.0,1.0,0.0,0,0,7
106,a,,,4.9,319,52.0,0,0.0,-1,1.0,2.7,119,47.0,114,6,3.8,83.0,30.0,7,393,5.0,15.0,7.0,1.0,23.3,0.0,708260,957,568669,358,4.5,5.0,2.14,1.32,3.46,37.59,0.08,0.05,0.13,1.34,722.6,20.0,7.0,118.9,252.0,68.0,291.0,96.0,9.0,113.4,81.0,17.0,,,,33,,Nathan,Collins,Collins,,,2521,1,2,8,36,1,0,0,5,0,0,27,304,,,,0.0,0.29,1.29,0.96,9.71,26,246,115
107,a,,,4.8,362,62.0,0,0.0,-2,2.0,1.6,155,61.0,96,6,3.1,187.0,75.0,3,289,4.3,24.0,11.0,0.9,20.0,0.0,490336,368,349411,199,3.8,4.3,2.59,2.09,4.68,24.81,0.15,0.12,0.27,1.48,291.4,214.0,84.0,254.8,142.0,37.0,246.0,115.0,17.0,79.2,161.0,53.0,,1.0,,33,,Keane,Lewis-Potter,Lewis-Potter,,,1512,3,2,8,24,0,0,0,1,0,0,17,76,,,,0.0,0.48,1.43,1.01,3.39,19,38,66
108,a,100.0,100.0,4.4,527,104.0,0,0.0,-1,1.0,0.2,361,132.0,70,0,2.9,201.0,80.0,1,196,0.0,559.0,229.0,0.0,15.9,0.0,43580,13,40872,67,-0.5,0.0,0.69,0.72,1.41,26.82,0.04,0.04,0.08,1.49,358.2,170.0,71.0,58.3,338.0,116.0,161.0,187.0,44.0,57.9,240.0,83.0,,,,33,,Kristoffer,Ajer,Ajer,,,1624,0,2,5,27,0,0,0,3,0,0,18,175,,,,0.0,0.28,1.5,1.0,9.31,35,133,50
109,i,0.0,0.0,4.3,581,128.0,0,0.0,-2,2.0,0.1,436,163.0,52,0,2.1,322.0,118.0,0,144,0.0,521.0,217.0,0.0,12.1,0.0,25897,3,31397,33,0.0,0.0,0.18,0.54,0.72,23.91,0.01,0.04,0.05,1.63,151.6,326.0,123.0,82.0,305.0,97.0,35.0,356.0,117.0,26.9,358.0,123.0,,,,33,,Rico,Henry,Henry,Hamstring injury - Unknown return date,,1322,0,2,4,22,0,0,0,2,0,0,14,78,,,,0.0,0.27,1.5,0.95,4.63,15,53,72
114,u,0.0,0.0,3.8,818,258.0,0,0.0,-2,2.0,0.2,389,145.0,0,0,0.0,544.0,200.0,0,0,0.0,381.0,138.0,0.0,0.0,0.0,12981,0,31242,6,0.0,0.0,0.0,0.0,0.0,0.0,0.0,0.0,0.0,0.0,0.0,533.0,199.0,0.0,518.0,199.0,0.0,486.0,194.0,0.0,535.0,199.0,,,,33,,Benjamin,Arthur,Arthur,has joined Celtic on loan for the rest of the season.,,0,0,0,0,0,0,0,0,0,0,0,0,0,,,,0.0,0.0,0.0,0.0,0.0,0,0,0
115,u,0.0,0.0,4.0,733,203.0,0,0.0,0,0.0,0.1,538,192.0,0,0,0.0,633.0,242.0,0,0,0.0,485.0,191.0,0.0,0.0,0.0,2020,0,14469,3,0.0,0.0,0.0,0.0,0.0,0.0,0.0,0.0,0.0,0.0,0.0,624.0,242.0,0.0,616.0,242.0,0.0,586.0,239.0,0.0,626.0,242.0,,,,33,,Benjamin,Fredrick,Fredrick,has joined Dender on loan for the rest of the season.,,0,0,0,0,0,0,0,0,0,0,0,0,0,,,,0.0,0.0,0.0,0.0,0.0,0,0,0
116,a,100.0,100.0,4.0,690,174.0,0,0.0,0,0.0,0.3,302,112.0,33,0,1.8,367.0,137.0,0,94,0.0,444.0,163.0,0.0,8.2,0.0,66142,27,83123,18,-0.5,0.0,0.4,0.17,0.57,6.47,0.06,0.03,0.09,0.99,82.6,387.0,145.0,16.2,407.0,147.0,42.0,346.0,113.0,13.9,402.0,145.0,,,,33,,Aaron,Hickey,Hickey,,,588,0,0,2,8,0,0,0,1,0,0,7,49,,,,0.0,0.31,1.22,1.07,6.43,12,30,33
117,u,0.0,0.0,3.9,785,229.0,0,0.0,-1,1.0,0.1,530,189.0,0,0,0.0,574.0,208.0,0,0,0.0,415.0,149.0,0.0,0.0,0.0,4108,0,15757,1,0.0,0.0,0.0,0.0,0.0,0.0,0.0,0.0,0.0,0.0,0.0,564.0,207.0,0.0,552.0,207.0,0.0,520.0,202.0,0.0,566.0,207.0,,,,33,,Kim,Ji-soo,Ji-soo,has joined Kaiserslautern on loan for the rest of the season.,,0,0,0,0,0,0,0,0,0,0,0,0,0,,,,0.0,0.0,0.0,0.0,0.0,0,0,0
118,u,0.0,0.0,4.0,703,181.0,0,0.0,0,0.0,0.0,612,218.0,0,0,0.0,608.0,224.0,0,0,0.0,456.0,169.0,0.0,0.0,0.0,279,0,11028,0,0.0,0.0,0.0,0.0,0.0,0.0,0.0,0.0,0.0,0.0,0.0,599.0,224.0,0.0,590.0,224.0,0.0,559.0,220.0,0.0,601.0,224.0,,,,33,,Jayden,Meghoma,Meghoma,Has joined Rangers on loan for the rest of the season.,,0,0,0,0,0,0,0,0,0,0,0,0,0,,,,0.0,0.0,0.0,0.0,0.0,0,0,0
120,a,100.0,100.0,7.0,38,23.0,0,0.0,0,0.0,1.7,150,53.0,110,3,3.7,104.0,46.0,5,354,3.7,53.0,19.0,0.5,15.7,0.0,929649,664,768369,457,3.2,3.7,10.96,2.04,13.0,31.81,0.41,0.08,0.49,1.2,479.6,99.0,32.0,341.9,85.0,62.0,708.0,16.0,7.0,152.5,33.0,24.0,,,3.0,33,,Kevin,Schade,Schade,,,2386,7,5,10,28,0,0,1,6,1,0,28,172,,,,0.0,0.38,1.06,1.06,6.49,37,50,85
121,a,100.0,100.0,5.6,129,80.0,0,0.0,-4,4.0,0.8,212,75.0,93,5,3.3,157.0,66.0,6,381,2.0,139.0,52.0,0.4,16.6,0.0,188970,104,214094,191,1.5,2.0,2.03,4.16,6.19,24.86,0.11,0.22,0.33,1.32,425.2,126.0,41.0,539.9,33.0,30.0,254.0,107.0,66.0,122.1,66.0,42.0,,3.0,,33,,Mikkel,Damsgaard,Damsgaard,,,1701,3,4,4,27,0,0,0,0,0,0,20,196,,,,0.0,0.21,1.43,1.06,10.37,50,35,111
122,i,0.0,0.0,5.2,214,132.0,0,0.0,-3,3.0,0.0,657,260.0,1,0,1.0,504.0,233.0,0,5,0.0,767.0,332.0,0.0,0.2,0.0,2093,2,7008,5,0.0,0.0,0.0,0.01,0.01,1.49,0.0,0.02,0.02,2.98,4.0,485.0,222.0,1.8,462.0,223.0,0.0,799.0,353.0,0.6,495.0,226.0,,,,33,,Antoni,Milambo,Milambo,Knee injury - Expected back 01 Jun,,45,0,0,0,3,0,0,0,0,0,0,1,4,,,,0.0,0.0,6.0,2.0,8.0,2,0,2
123,i,0.0,0.0,4.6,399,248.0,0,0.0,-4,4.0,0.1,475,165.0,13,0,2.2,314.0,136.0,1,42,0.0,687.0,277.0,0.0,2.8,0.0,27305,3,51629,3,0.0,0.0,0.7,0.03,0.73,2.08,0.63,0.03,0.66,1.87,39.0,427.0,187.0,6.5,440.0,214.0,36.0,355.0,184.0,8.1,430.0,193.0,,,4.0,33,,Fábio,Freitas Gouveia Carvalho,Carvalho,Knee injury - Expected back 01 Jun,,100,1,0,0,4,0,0,0,0,0,0,1,8,,,,0.0,0.0,3.6,0.9,7.2,3,0,5
124,i,0.0,0.0,5.0,242,146.0,0,0.0,0,0.0,0.3,317,112.0,75,0,2.6,249.0,101.0,5,332,1.7,159.0,64.0,0.3,15.0,0.0,100945,1,105721,134,0.0,0.0,0.33,2.25,2.58,25.95,0.02,0.11,0.13,1.29,328.0,192.0,79.0,336.0,91.0,67.0,45.0,338.0,176.0,70.9,194.0,95.0,,,,33,,Jordan,Henderson,Henderson,Knock - Expected back 02 May,,1814,1,3,6,26,0,0,0,4,0,0,21,178,,,,0.0,0.3,1.29,1.04,8.83,26,58,94
125,i,0.0,0.0,4.9,301,187.0,0,0.0,-1,1.0,0.1,457,156.0,70,0,3.2,170.0,69.0,6,300,0.0,712.0,293.0,0.0,14.3,0.0,67549,2,57167,57,0.0,0.0,0.82,1.88,2.7,20.22,0.06,0.14,0.2,1.45,329.0,191.0,78.0,313.6,104.0,77.0,91.0,272.0,147.0,72.5,186.0,93.0,2.0,,,33,,Vitaly,Janelt,Janelt,Foot injury - Unknown return date,,1253,1,4,5,16,0,0,0,7,0,0,13,164,,,,0.0,0.36,1.15,0.93,11.78,24,66,74
126,a,,,4.9,304,189.0,0,0.0,-1,1.0,0.1,487,171.0,77,3,2.5,268.0,111.0,0,379,3.3,60.0,22.0,0.7,15.7,0.0,20485,45,20861,18,2.8,3.3,2.07,4.76,6.83,26.93,0.1,0.23,0.33,1.33,319.4,198.0,82.0,454.0,48.0,40.0,180.0,171.0,95.0,95.3,113.0,64.0,1.0,2.0,5.0,33,,Mathias,Jensen,Jensen,,,1825,2,2,8,25,0,0,0,3,0,0,21,172,,,,0.0,0.39,1.23,1.04,8.48,32,48,92
127,u,0.0,0.0,4.9,342,213.0,0,0.0,-1,1.0,0.0,725,301.0,0,0,0.0,788.0,343.0,0,0,0.0,733.0,307.0,0.0,0.0,0.0,1544,0,2344,1,0.0,0.0,0.0,0.0,0.0,0.0,0.0,0.0,0.0,0.0,0.0,787.0,342.0,0.0,783.0,342.0,0.0,779.0,340.0,0.0,787.0,342.0,,,,33,,Gustavo,Nunes Fernandes Gomes,Nunes,has joined Swansea City on loan for the rest of the season.,,0,0,0,0,0,0,0,0,0,0,0,0,0,,,,0.0,0.0,0.0,0.0,0.0,0,0,0
128,u,0.0,0.0,4.8,363,225.0,0,0.0,-2,2.0,0.0,610,233.0,12,0,2.0,341.0,146.0,0,41,0.0,701.0,285.0,0.0,2.5,0.0,5396,0,8947,2,0.0,0.0,0.0,0.36,0.36,2.02,0.0,0.37,0.37,2.07,28.4,441.0,196.0,13.6,414.0,207.0,4.0,439.0,215.0,4.6,458.0,206.0,,,,33,,Frank,Onyeka,Onyeka,has joined Coventry City on loan for the rest of the season.,,88,0,2,0,2,0,0,0,0,0,0,0,10,,,,0.0,0.0,2.05,0.0,10.23,2,3,5
129,a,100.0,100.0,5.0,274,168.0,0,0.0,0,0.0,0.1,490,173.0,87,3,2.6,253.0,103.0,0,376,3.3,63.0,23.0,0.7,17.4,0.0,25042,20,22688,8,2.8,3.3,1.19,1.28,2.47,33.82,0.05,0.05,0.1,1.32,359.0,169.0,64.0,240.3,151.0,102.0,110.0,252.0,140.0,70.8,195.0,96.0,,,,33,,Yehor,Yarmoliuk,Yarmoliuk,,,2306,1,2,7,36,0,0,0,7,0,0,26,284,,,,0.0,0.27,1.41,1.01,11.08,58,65,161
130,a,,,4.4,570,343.0,0,0.0,-1,1.0,0.1,477,166.0,4,0,1.0,478.0,212.0,0,19,0.0,590.0,204.0,0.0,0.9,0.0,16953,7,19802,12,-0.5,0.0,0.09,0.01,0.1,0.39,0.21,0.02,0.23,0.92,8.4,470.0,211.0,11.5,423.0,211.0,21.0,388.0,194.0,4.2,459.0,207.0,,,,33,,Romelle,Donovan,Donovan,,,38,0,0,0,0,0,0,0,0,0,0,0,5,,,,0.0,0.0,0.0,0.0,11.84,0,0,5
131,u,0.0,0.0,4.3,621,369.0,0,0.0,-2,2.0,0.1,429,147.0,0,0,0.0,669.0,257.0,0,0,0.0,552.0,186.0,0.0,0.0,0.0,38108,0,45615,12,0.0,0.0,0.0,0.0,0.0,0.0,0.0,0.0,0.0,0.0,0.0,659.0,247.0,0.0,655.0,252.0,0.0,632.0,241.0,0.0,661.0,249.0,,,,33,,Yunus Emre,Konak,Konak,has joined Oxford United on loan for the rest of the season.,,0,0,0,0,0,0,0,0,0,0,0,0,0,,,,0.0,0.0,0.0,0.0,0.0,0,0,0
132,u,0.0,0.0,4.5,424,253.0,0,0.0,0,0.0,0.0,684,276.0,0,0,0.0,700.0,273.0,0,0,0.0,601.0,209.0,0.0,0.0,0.0,4038,0,5581,1,0.0,0.0,0.0,0.0,0.0,0.0,0.0,0.0,0.0,0.0,0.0,694.0,267.0,0.0,689.0,270.0,0.0,670.0,262.0,0.0,696.0,269.0,,,,33,,Paris,Maghoma,Maghoma,has joined Norwich City permanently.,,0,0,0,0,0,0,0,0,0,0,0,0,0,,,,0.0,0.0,0.0,0.0,0.0,0,0,0
133,u,0.0,0.0,4.4,544,326.0,0,0.0,-1,1.0,0.0,644,251.0,1,0,1.0,473.0,207.0,0,2,0.0,568.0,189.0,0.0,0.2,0.0,3881,0,6481,1,0.0,0.0,0.0,0.0,0.0,0.0,0.0,0.0,0.0,0.0,0.0,667.0,250.0,0.0,663.0,254.0,0.0,642.0,244.0,0.0,669.0,252.0,,,,33,,Myles,Peart-Harris,Peart-Harris,has joined Oxford United permanently.,,1,0,0,0,0,0,0,0,0,0,0,0,0,,,,0.0,0.0,0.0,0.0,0.0,0,0,0
134,u,0.0,0.0,4.5,491,303.0,0,0.0,0,0.0,0.0,793,348.0,0,0,0.0,745.0,312.0,0,0,0.0,660.0,256.0,0.0,0.0,0.0,0,0,953,0,0.0,0.0,0.0,0.0,0.0,0.0,0.0,0.0,0.0,0.0,0.0,743.0,310.0,0.0,736.0,310.0,0.0,723.0,306.0,0.0,743.0,310.0,,,,33,,Ryan,Trevitt,Trevitt,Has joined Wigan on loan for the rest of the season,,0,0,0,0,0,0,0,0,0,0,0,0,0,,,,0.0,0.0,0.0,0.0,0.0,0,0,0
136,a,100.0,100.0,7.3,29,12.0,0,0.0,13,-13.0,34.7,6,3.0,168,2,5.1,13.0,3.0,22,675,6.3,6.0,2.0,0.9,23.0,0.0,9483096,18442,5319187,2450,5.8,6.3,19.13,1.73,20.86,43.24,0.61,0.05,0.66,1.37,927.2,5.0,2.0,320.5,99.0,4.0,1041.0,2.0,2.0,228.6,3.0,2.0,,,2.0,33,,Igor Thiago,Nascimento Rodrigues,Thiago,,,2832,21,1,9,42,0,0,1,6,0,0,32,188,,,,0.0,0.29,1.33,1.02,5.97,31,70,87
137,u,0.0,0.0,4.4,556,77.0,0,0.0,-1,1.0,0.3,331,52.0,0,0,0.0,682.0,70.0,0,0,0.0,578.0,60.0,0.0,0.0,0.0,52422,0,82264,7,0.0,0.0,0.0,0.0,0.0,0.0,0.0,0.0,0.0,0.0,0.0,675.0,70.0,0.0,670.0,69.0,0.0,651.0,69.0,0.0,677.0,70.0,,,,33,,Iwan,Morgan,Morgan,has joined Shrewsbury on loan for the rest of the season.,,0,0,0,0,0,0,0,0,0,0,0,0,0,,,,0.0,0.0,0.0,0.0,0.0,0,0,0
748,d,25.0,25.0,4.9,297,184.0,0,0.0,-1,1.0,0.0,813,360.0,0,0,0.0,776.0,334.0,0,0,0.0,710.0,292.0,0.0,0.0,0.0,215,0,244,2,-0.1,0.0,0.0,0.0,0.0,0.0,0.0,0.0,0.0,0.0,0.0,775.0,333.0,0.0,771.0,333.0,0.0,767.0,331.0,0.0,775.0,333.0,,,,33,,Josh,Dasilva,Dasilva,Lack of match fitness - 25% chance of playing,,0,0,0,0,0,0,0,0,0,0,0,0,0,,,,0.0,0.0,0.0,0.0,0.0,0,0,0
797,i,0.0,0.0,4.5,492,69.0,0,0.0,0,0.0,0.0,700,88.0,0,0,0.0,746.0,79.0,0,0,0.0,661.0,69.0,0.0,0.0,0.0,2188,3,1437,15,0.0,0.0,0.0,0.0,0.0,0.0,0.0,0.0,0.0,0.0,0.0,744.0,79.0,0.0,737.0,78.0,0.0,724.0,78.0,0.0,744.0,79.0,,,,33,,Kaye,Furo,Furo,Knock - Unknown return date,,0,0,0,0,0,0,0,0,0,0,0,0,0,,,,0.0,0.0,0.0,0.0,0.0,0,0,0
810,a,,,4.5,470,286.0,0,0.0,0,0.0,0.0,796,350.0,0,0,0.0,729.0,299.0,0,0,0.0,639.0,239.0,0.0,0.0,0.0,422,0,205,1,-0.5,0.0,0.0,0.0,0.0,0.0,0.0,0.0,0.0,0.0,0.0,726.0,296.0,0.0,720.0,297.0,0.0,705.0,291.0,0.0,727.0,297.0,,,,33,,Luka,Bentt,Bentt,,,0,0,0,0,0,0,0,0,0,0,0,0,0,,,,0.0,0.0,0.0,0.0,0.0,0,0,0
819,a,,,4.0,698,178.0,0,0.0,0,0.0,0.0,766,259.0,0,0,0.0,606.0,223.0,0,0,0.0,452.0,167.0,0.0,0.0,0.0,346,2,132,2,-0.5,0.0,0.0,0.0,0.0,0.0,0.0,0.0,0.0,0.0,0.0,596.0,222.0,0.0,587.0,222.0,0.0,556.0,218.0,0.0,598.0,222.0,,,,33,,Ollie,Shield,Shield,,,0,0,0,0,0,0,0,0,0,0,0,0,0,,,,0.0,0.0,0.0,0.0,0.0,0,0,0
823,a,,,4.0,742,212.0,0,0.0,0,0.0,0.0,806,267.0,0,0,0.0,639.0,248.0,0,0,0.0,493.0,199.0,0.0,0.0,0.0,56,3,18,2,-0.5,0.0,0.0,0.0,0.0,0.0,0.0,0.0,0.0,0.0,0.0,630.0,248.0,0.0,622.0,248.0,0.0,593.0,246.0,0.0,632.0,248.0,,,,33,,Joshua,Stephenson,Stephenson,,,0,0,0,0,0,0,0,0,0,0,0,0,0,,,,0.0,0.0,0.0,0.0,0.0,0,0,0
824,a,,,4.0,725,196.0,0,0.0,0,0.0,0.0,805,266.0,0,0,0.0,626.0,236.0,0,0,0.0,477.0,184.0,0.0,0.0,0.0,74,0,19,2,-0.5,0.0,0.0,0.0,0.0,0.0,0.0,0.0,0.0,0.0,0.0,617.0,236.0,0.0,609.0,236.0,0.0,579.0,233.0,0.0,619.0,236.0,,,,33,,Conor,McManus,McManus,,,0,0,0,0,0,0,0,0,0,0,0,0,0,,,,0.0,0.0,0.0,0.0,0.0,0,0,0
826,a,,,4.5,463,281.0,0,0.0,0,0.0,0.0,826,371.0,0,0,0.0,725.0,296.0,0,0,0.0,633.0,234.0,0.0,0.0,0.0,33,0,4,0,-0.5,0.0,0.0,0.0,0.0,0.0,0.0,0.0,0.0,0.0,0.0,720.0,291.0,0.0,715.0,293.0,0.0,699.0,286.0,0.0,721.0,292.0,,,,33,,Riley,Owen,Owen,,,0,0,0,0,0,0,0,0,0,0,0,0,0,,,,0.0,0.0,0.0,0.0,0.0,0,0,0
138,a,,,4.2,625,28.0,0,0.0,-3,3.0,0.2,359,50.0,0,0,0.0,643.0,89.0,0,0,0.0,501.0,80.0,0.0,0.0,0.0,11544,16,40749,15,0.0,-0.5,0.0,0.0,0.0,0.0,0.0,0.0,0.0,0.0,0.0,634.0,89.0,0.0,627.0,78.0,0.0,598.0,65.0,0.0,636.0,89.0,,,,33,,Jason,Steele,Steele,,,0,0,0,0,0,0,0,0,0,0,0,0,0,,,,0.0,0.0,0.0,0.0,0.0,0,0,0
139,a,,,4.5,445,24.0,0,0.0,0,0.0,8.9,41,7.0,112,2,3.4,137.0,16.0,6,553,3.5,56.0,7.0,0.8,24.9,0.0,1246518,450,921173,2894,0.0,6.5,0.0,0.05,0.05,43.02,0.0,0.0,0.0,1.3,806.0,9.0,2.0,10.0,430.0,9.0,0.0,686.0,79.0,81.7,155.0,2.0,,,,33,,Bart,Verbruggen,Verbruggen,,,2970,0,0,8,39,1,1,0,3,0,95,33,102,,,,2.88,0.24,1.18,1.0,0.0,1,29,292
140,a,,,3.9,757,78.0,0,0.0,-1,1.0,0.3,326,45.0,0,0,0.0,553.0,49.0,0,0,0.0,393.0,38.0,0.0,0.0,0.0,18528,2,29532,14,0.0,-0.5,0.0,0.0,0.0,0.0,0.0,0.0,0.0,0.0,0.0,543.0,49.0,0.0,530.0,32.0,0.0,498.0,19.0,0.0,545.0,49.0,,,,33,,Tom,McGill,McGill,,,0,0,0,0,0,0,0,0,0,0,0,0,0,,,,0.0,0.0,0.0,0.0,0.0,0,0,0
141,u,0.0,0.0,4.0,691,54.0,0,0.0,0,0.0,0.0,810,93.0,0,0,0.0,599.0,76.0,0,0,0.0,445.0,67.0,0.0,0.0,0.0,0,0,246,0,0.0,0.0,0.0,0.0,0.0,0.0,0.0,0.0,0.0,0.0,0.0,589.0,76.0,0.0,580.0,63.0,0.0,549.0,50.0,0.0,591.0,76.0,,,,33,,Carl,Rushworth,Rushworth,Has joined Coventry City on loan for the rest of the season.,,0,0,0,0,0,0,0,0,0,0,0,0,0,,,,0.0,0.0,0.0,0.0,0.0,0,0,0
142,u,0.0,0.0,4.0,679,47.0,0,0.0,0,0.0,0.0,811,94.0,0,0,0.0,589.0,69.0,0,0,0.0,433.0,60.0,0.0,0.0,0.0,0,0,208,0,0.0,0.0,0.0,0.0,0.0,0.0,0.0,0.0,0.0,0.0,0.0,579.0,69.0,0.0,570.0,56.0,0.0,539.0,43.0,0.0,581.0,69.0,,,,33,,Kjell,Scherpen,Scherpen,Has joined Union SG permanently,,0,0,0,0,0,0,0,0,0,0,0,0,0,,,,0.0,0.0,0.0,0.0,0.0,0,0,0
143,a,,,4.2,632,143.0,0,0.0,-3,3.0,0.2,412,150.0,32,1,3.2,161.0,62.0,4,135,2.8,85.0,30.0,0.7,7.6,0.0,16666,7,14137,46,0.0,5.1,0.05,0.37,0.42,7.37,0.01,0.05,0.06,1.07,154.6,323.0,122.0,57.5,339.0,117.0,12.0,404.0,149.0,22.5,371.0,129.0,3.0,,,33,,Olivier,Boscagli,Boscagli,,,619,0,1,2,7,0,0,0,2,0,0,7,66,,,,0.0,0.29,1.02,1.02,9.6,12,54,48
144,u,0.0,0.0,4.2,646,151.0,0,0.0,-3,3.0,0.0,604,215.0,10,0,2.0,339.0,126.0,0,32,0.0,512.0,210.0,0.0,2.4,0.0,2735,0,8389,0,0.0,0.0,0.0,0.01,0.01,4.52,0.0,0.0,0.0,2.11,42.4,423.0,158.0,3.7,452.0,163.0,2.0,444.0,167.0,4.8,456.0,164.0,,,,33,,Diego,Coppola,Coppola,has joined Paris FC on loan for the rest of the season.,,193,0,0,1,3,0,0,0,2,0,0,2,19,,,,0.0,0.47,1.4,0.93,8.39,2,16,6
145,a,100.0,100.0,4.3,589,134.0,0,0.0,-2,2.0,1.6,153,59.0,62,1,2.5,265.0,102.0,6,226,0.2,337.0,106.0,0.0,14.4,0.0,258254,9,734184,276,0.0,-0.1,1.55,2.15,3.7,20.97,0.12,0.17,0.29,1.63,215.2,268.0,109.0,319.7,100.0,23.0,132.0,223.0,58.0,66.7,206.0,70.0,,1.0,,33,,Maxim,De Cuyper,De Cuyper,,,1160,2,0,4,19,0,0,0,2,0,0,14,76,,,,0.0,0.31,1.47,1.09,4.03,18,34,58
150,u,0.0,0.0,4.4,535,110.0,0,0.0,-1,1.0,0.1,521,187.0,0,0,0.0,673.0,256.0,0,0,0.0,563.0,231.0,0.0,0.0,0.0,2778,0,38661,2,0.0,0.0,0.0,0.0,0.0,0.0,0.0,0.0,0.0,0.0,0.0,664.0,256.0,0.0,660.0,256.0,0.0,639.0,255.0,0.0,666.0,256.0,,,,33,,Tariq,Lamptey,Lamptey,has joined Fiorentina permanently.,,0,0,0,0,0,0,0,0,0,0,0,0,0,,,,0.0,0.0,0.0,0.0,0.0,0,0,0
151,a,100.0,100.0,4.6,402,70.0,0,0.0,1,-1.0,10.3,33,11.0,131,6,4.2,45.0,18.0,8,505,3.8,39.0,15.0,0.8,28.5,0.0,1941512,776,722946,7850,0.0,7.1,2.24,1.34,3.57,40.23,0.07,0.04,0.11,1.31,845.4,7.0,3.0,201.4,178.0,46.0,242.0,116.0,18.0,129.2,56.0,7.0,,,,33,,Jan Paul,van Hecke,Van Hecke,,,2760,3,3,8,37,1,0,0,8,0,0,31,306,,,,0.0,0.26,1.21,1.01,9.0,48,228,94
152,a,100.0,100.0,4.3,574,122.0,0,0.0,-2,2.0,0.1,433,162.0,37,0,1.9,351.0,130.0,1,140,0.5,276.0,89.0,0.1,8.6,0.0,23505,6,37522,32,0.0,0.5,0.99,0.12,1.11,14.85,0.11,0.01,0.12,1.58,222.8,265.0,107.0,71.5,315.0,105.0,63.0,313.0,96.0,35.8,324.0,107.0,,,,33,,Joël,Veltman,Veltman,,,844,1,0,1,12,0,0,0,4,0,0,8,102,,,,0.0,0.11,1.28,0.85,9.6,29,61,34
153,i,0.0,0.0,4.4,526,103.0,0,0.0,-1,1.0,0.0,763,258.0,0,0,0.0,671.0,255.0,0,0,0.0,558.0,228.0,0.0,0.0,0.0,1037,1,1796,2,0.0,0.0,0.0,0.0,0.0,0.0,0.0,0.0,0.0,0.0,0.0,662.0,255.0,0.0,657.0,255.0,0.0,636.0,254.0,0.0,664.0,255.0,,,,33,,Adam,Webster,Webster,Knee injury - Unknown return date,,0,0,0,0,0,0,0,0,0,0,0,0,0,,,,0.0,0.0,0.0,0.0,0.0,0,0,0
154,u,0.0,0.0,4.0,682,170.0,0,0.0,0,0.0,0.0,785,262.0,0,0,0.0,592.0,217.0,0,0,0.0,436.0,159.0,0.0,0.0,0.0,0,0,788,0,0.0,0.0,0.0,0.0,0.0,0.0,0.0,0.0,0.0,0.0,0.0,582.0,216.0,0.0,573.0,216.0,0.0,542.0,212.0,0.0,584.0,216.0,,,,33,,Eiran,Cashin,Cashin,has joined Blackburn Rovers on loan for the rest of the season.,,0,0,0,0,0,0,0,0,0,0,0,0,0,,,,0.0,0.0,0.0,0.0,0.0,0,0,0
155,u,0.0,0.0,4.0,727,197.0,0,0.0,0,0.0,0.1,508,180.0,0,0,0.0,628.0,237.0,0,0,0.0,479.0,185.0,0.0,0.0,0.0,3175,0,16725,0,0.0,0.0,0.0,0.0,0.0,0.0,0.0,0.0,0.0,0.0,0.0,619.0,237.0,0.0,611.0,237.0,0.0,581.0,234.0,0.0,621.0,237.0,,,,33,,Jacob,Slater,Slater,has joined Harrogate Town on loan until January.,,0,0,0,0,0,0,0,0,0,0,0,0,0,,,,0.0,0.0,0.0,0.0,0.0,0,0,0
156,a,,,3.8,812,253.0,0,0.0,-2,2.0,0.2,408,149.0,0,0,0.0,540.0,197.0,0,0,0.0,376.0,134.0,0.0,0.0,0.0,12833,6,18111,21,0.0,-0.5,0.0,0.0,0.0,0.0,0.0,0.0,0.0,0.0,0.0,529.0,196.0,0.0,514.0,196.0,0.0,481.0,190.0,0.0,531.0,196.0,,,,33,,Charlie,Tasker,Tasker,,,0,0,0,0,0,0,0,0,0,0,0,0,0,,,,0.0,0.0,0.0,0.0,0.0,0,0,0
157,a,100.0,100.0,6.1,82,54.0,0,0.0,-4,4.0,2.2,132,43.0,58,6,2.6,258.0,107.0,2,216,2.0,145.0,56.0,0.3,9.5,0.0,353298,231,885399,553,0.0,3.5,3.39,2.6,5.99,19.96,0.21,0.16,0.37,1.21,231.2,257.0,107.0,364.4,76.0,59.0,336.0,77.0,44.0,92.8,122.0,69.0,,,,33,,Mitoma,Kaoru,Mitoma,,,1486,3,1,4,17,0,0,0,3,0,0,16,89,,,,0.0,0.24,1.03,0.97,5.39,16,24,49
158,a,100.0,100.0,5.6,130,81.0,0,0.0,-4,4.0,0.3,314,109.0,77,6,2.9,209.0,84.0,2,257,2.0,140.0,53.0,0.4,13.8,0.0,134573,14,257606,51,0.0,3.5,2.36,2.21,4.57,19.86,0.13,0.12,0.25,1.1,269.2,228.0,96.0,292.2,118.0,83.0,374.0,64.0,37.0,93.4,117.0,67.0,,,,33,,Georginio,Rutter,Georginio,,,1629,3,4,6,18,1,0,0,2,0,0,19,121,,,,0.0,0.33,0.99,1.05,6.69,29,36,56
159,a,100.0,100.0,5.8,102,68.0,0,0.0,-2,2.0,0.0,682,275.0,1,0,1.0,508.0,237.0,0,4,0.0,800.0,351.0,0.0,0.2,0.0,2915,9,3238,23,0.0,-0.5,0.0,0.0,0.0,0.25,0.0,0.0,0.0,5.62,0.0,817.0,364.0,0.0,817.0,364.0,0.0,816.0,364.0,0.0,817.0,364.0,,,,33,,Solly,March,March,,,4,0,0,0,0,0,0,0,0,0,0,0,0,,,,0.0,0.0,0.0,0.0,0.0,0,0,0
160,a,100.0,100.0,5.5,151,96.0,0,0.0,-5,5.0,2.7,121,38.0,100,2,3.4,146.0,62.0,8,402,1.5,176.0,77.0,0.3,18.2,0.0,2080862,118,1917040,1614,0.0,2.5,3.25,4.59,7.84,29.42,0.15,0.21,0.36,1.33,393.4,147.0,51.0,571.7,27.0,26.0,542.0,29.0,14.0,151.0,34.0,25.0,5.0,,,33,,Yankuba,Minteh,Minteh,,,1998,2,8,8,29,0,0,0,2,0,0,22,161,,,,0.0,0.36,1.31,0.99,7.25,46,28,87
161,u,0.0,0.0,5.4,171,107.0,0,0.0,-1,1.0,0.0,752,319.0,0,0,0.0,812.0,360.0,0,0,0.0,785.0,342.0,0.0,0.0,0.0,105,0,2965,0,0.0,0.0,0.0,0.0,0.0,0.0,0.0,0.0,0.0,0.0,0.0,811.0,359.0,0.0,810.0,359.0,0.0,808.0,358.0,0.0,811.0,359.0,,,,33,,Julio,Enciso Espínola,Enciso,has joined Strasbourg permanently.,,0,0,0,0,0,0,0,0,0,0,0,0,0,,,,0.0,0.0,0.0,0.0,0.0,0,0,0
162,u,0.0,0.0,5.4,176,111.0,0,0.0,-1,1.0,0.0,602,228.0,35,0,1.9,362.0,156.0,2,114,0.0,787.0,344.0,0.0,6.5,0.0,16799,0,19841,5,0.0,0.0,1.86,0.88,2.74,13.82,0.24,0.11,0.35,1.76,134.4,338.0,153.0,217.1,167.0,113.0,152.0,199.0,109.0,50.0,274.0,139.0,,,,33,,Brajan,Gruda,Gruda,has joined Leipzig on loan for the rest of the season.,,708,1,1,2,11,0,0,0,2,0,0,8,58,,,,0.0,0.25,1.4,1.02,7.37,14,4,40
163,a,100.0,100.0,5.1,240,144.0,0,0.0,-4,4.0,0.4,279,98.0,63,2,2.9,206.0,82.0,2,223,2.5,102.0,45.0,0.5,12.4,0.0,79488,8,33643,170,0.0,4.5,2.71,1.94,4.65,23.06,0.19,0.13,0.32,1.57,193.0,287.0,123.0,175.0,198.0,129.0,261.0,104.0,64.0,62.6,227.0,113.0,,,,33,,Jack,Hinshelwood,Hinshelwood,,,1318,1,5,4,18,1,0,0,0,0,0,15,100,,,,0.0,0.27,1.23,1.02,6.83,15,31,54
164,a,100.0,100.0,5.5,140,87.0,0,0.0,0,0.0,0.3,303,106.0,15,1,3.0,198.0,80.0,2,45,0.2,348.0,166.0,0.0,2.7,0.0,132783,5,200163,14,0.0,-0.1,1.21,0.18,1.39,2.54,0.54,0.08,0.62,1.14,61.6,406.0,177.0,67.4,321.0,177.0,63.0,314.0,167.0,19.2,388.0,179.0,,,3.0,33,,Matt,O'Riley,O'Riley,,,201,1,0,1,3,0,0,0,0,0,0,2,10,,,,0.0,0.45,1.34,0.9,4.48,5,3,2
165,u,0.0,0.0,5.4,177,112.0,0,0.0,-1,1.0,0.0,738,310.0,0,0,0.0,813.0,361.0,0,0,0.0,788.0,345.0,0.0,0.0,0.0,247,0,2252,0,0.0,0.0,0.0,0.0,0.0,0.0,0.0,0.0,0.0,0.0,0.0,812.0,360.0,0.0,811.0,360.0,0.0,809.0,359.0,0.0,812.0,360.0,,,,33,,Abdallah,Sima,Sima,has joined Lens permanently.,,0,0,0,0,0,0,0,0,0,0,0,0,0,,,,0.0,0.0,0.0,0.0,0.0,0,0,0
166,a,100.0,100.0,4.8,371,231.0,0,0.0,-2,2.0,0.4,277,97.0,95,2,3.7,96.0,39.0,7,399,2.8,86.0,35.0,0.6,19.8,0.0,212353,41,186869,241,0.0,5.1,2.7,1.15,3.85,26.68,0.13,0.05,0.18,1.27,355.2,173.0,66.0,248.3,146.0,98.0,225.0,127.0,76.0,83.1,151.0,79.0,,2.0,,33,,Yasin,Ayari,Ayari,,,1891,3,4,6,23,0,0,0,1,0,0,20,221,,,,0.0,0.29,1.09,0.95,10.52,47,51,123
167,a,100.0,100.0,4.5,459,277.0,0,0.0,-5,5.0,1.5,159,55.0,42,0,1.6,403.0,171.0,0,158,0.5,281.0,130.0,0.1,9.3,0.0,208923,52,560472,241,0.0,0.5,0.56,0.28,0.84,17.06,0.04,0.02,0.06,1.19,101.4,371.0,164.0,93.0,291.0,171.0,29.0,371.0,189.0,22.4,372.0,176.0,,,,33,,Carlos,Baleba,Baleba,,,1290,0,0,4,17,0,0,0,5,0,0,19,154,,,,0.0,0.28,1.19,1.33,10.74,28,51,75
169,a,100.0,100.0,4.9,335,206.0,0,0.0,-1,1.0,1.0,195,70.0,95,1,3.2,172.0,70.0,9,360,3.0,78.0,30.0,0.6,19.4,0.0,223299,37,103264,1240,0.0,5.5,5.31,1.7,7.01,27.68,0.23,0.08,0.31,1.22,437.2,122.0,40.0,317.0,101.0,74.0,394.0,57.0,34.0,115.0,80.0,50.0,,5.0,,33,,Diego,Gómez Amarilla,Gomez,,,2034,5,1,8,25,0,0,0,9,0,0,25,226,,,,0.0,0.35,1.11,1.11,10.0,76,46,104
173,a,100.0,100.0,4.9,329,204.0,0,0.0,-1,1.0,0.7,220,79.0,90,1,3.9,68.0,31.0,6,378,5.0,16.0,4.0,1.0,18.4,0.0,169684,262,84119,944,0.0,9.5,1.92,1.8,3.72,21.87,0.1,0.09,0.19,1.13,461.8,109.0,35.0,266.6,134.0,91.0,199.0,149.0,84.0,92.8,120.0,68.0,,,,33,,Mats,Wieffer,Wieffer,,,1749,2,4,6,22,0,0,0,8,0,0,20,259,,,,0.0,0.31,1.13,1.03,13.33,64,100,95
174,u,0.0,0.0,5.0,281,174.0,0,0.0,0,0.0,0.0,782,339.0,0,0,0.0,803.0,355.0,0,0,0.0,754.0,323.0,0.0,0.0,0.0,0,0,1267,0,0.0,0.0,0.0,0.0,0.0,0.0,0.0,0.0,0.0,0.0,0.0,802.0,354.0,0.0,800.0,354.0,0.0,795.0,352.0,0.0,802.0,354.0,,,,33,,Malick,Yalcouyé,Yalcouye,Has joined Swansea City on loan for the rest of the season.,,0,0,0,0,0,0,0,0,0,0,0,0,0,,,,0.0,0.0,0.0,0.0,0.0,0,0,0
175,u,0.0,0.0,4.4,562,338.0,0,0.0,-1,1.0,0.1,544,200.0,1,0,1.0,476.0,210.0,0,3,0.0,583.0,200.0,0.0,0.2,0.0,11030,0,15324,4,0.0,0.0,0.0,0.0,0.0,0.0,0.0,0.0,0.0,0.0,0.0,680.0,260.0,0.0,675.0,263.0,0.0,656.0,255.0,0.0,682.0,262.0,,,,33,,Joe,Knight,Knight,has joined Stevenage permanently.,,1,0,0,0,0,0,0,0,0,0,0,0,0,,,,0.0,0.0,0.0,0.0,0.0,0,0,0
176,u,0.0,0.0,4.5,464,282.0,0,0.0,0,0.0,0.0,697,282.0,0,0,0.0,726.0,297.0,0,0,0.0,634.0,235.0,0.0,0.0,0.0,1435,0,4614,1,0.0,0.0,0.0,0.0,0.0,0.0,0.0,0.0,0.0,0.0,0.0,721.0,292.0,0.0,716.0,294.0,0.0,700.0,287.0,0.0,722.0,293.0,,,,33,,Adrian,Mazilu,Mazilu,has joined Dinamo Bucharest permanently.,,0,0,0,0,0,0,0,0,0,0,0,0,0,,,,0.0,0.0,0.0,0.0,0.0,0,0,0
177,u,0.0,0.0,4.5,453,271.0,0,0.0,0,0.0,0.0,710,290.0,0,0,0.0,717.0,288.0,0,0,0.0,625.0,226.0,0.0,0.0,0.0,490,0,5115,0,0.0,0.0,0.0,0.0,0.0,0.0,0.0,0.0,0.0,0.0,0.0,712.0,283.0,0.0,707.0,285.0,0.0,691.0,278.0,0.0,713.0,284.0,,,,33,,Andrew,Moran,Moran,Has joined Los Angeles FC on loan for the rest of the season.,,0,0,0,0,0,0,0,0,0,0,0,0,0,,,,0.0,0.0,0.0,0.0,0.0,0,0,0
178,a,100.0,100.0,6.3,62,21.0,0,0.0,-2,2.0,8.9,42,8.0,110,2,3.4,147.0,13.0,17,444,4.0,37.0,7.0,0.6,17.5,0.0,2845506,1492,2275653,8896,0.0,7.5,11.56,1.32,12.88,27.46,0.53,0.06,0.59,1.26,507.6,82.0,6.0,284.9,124.0,7.0,667.0,21.0,12.0,145.3,37.0,9.0,,4.0,2.0,33,,Danny,Welbeck,Welbeck,,,1965,12,0,8,23,0,0,2,5,0,0,22,97,,,,0.0,0.37,1.05,1.01,4.44,20,35,42
179,u,0.0,0.0,5.5,148,36.0,0,0.0,0,0.0,0.0,759,92.0,0,0,0.0,817.0,89.0,0,0,0.0,794.0,86.0,0.0,0.0,0.0,0,0,1561,0,0.0,0.0,0.0,0.0,0.0,0.0,0.0,0.0,0.0,0.0,0.0,816.0,89.0,0.0,815.0,89.0,0.0,813.0,89.0,0.0,816.0,89.0,,,,33,,Evan,Ferguson,Ferguson,Has joined AS Roma on loan for the rest of the season,,0,0,0,0,0,0,0,0,0,0,0,0,0,,,,0.0,0.0,0.0,0.0,0.0,0,0,0
180,i,0.0,0.0,5.2,218,51.0,0,0.0,-3,3.0,0.1,535,74.0,16,0,1.8,381.0,43.0,0,55,0.0,768.0,83.0,0.0,3.1,0.0,13433,3,23441,4,0.0,0.0,0.44,0.11,0.55,2.59,0.3,0.08,0.38,1.77,66.6,401.0,45.0,65.7,325.0,37.0,44.0,343.0,54.0,17.7,392.0,49.0,,,,33,,Stefanos,Tzimas,Tzimas,Knee injury - Expected back 01 Jun,,132,1,1,0,2,0,0,0,0,0,0,1,15,,,,0.0,0.0,1.36,0.68,10.23,3,2,10
181,a,,,4.8,375,64.0,0,0.0,-2,2.0,0.3,306,47.0,31,1,1.8,375.0,42.0,3,123,0.2,342.0,48.0,0.0,6.5,0.0,56738,17,78661,26,0.0,-0.1,1.8,0.28,2.08,4.66,0.54,0.08,0.62,1.4,129.6,343.0,33.0,80.0,309.0,35.0,192.0,159.0,37.0,40.1,310.0,34.0,,,,33,,Charalampos,Kostoulas,Kostoulas,,,300,2,1,1,7,0,0,0,2,0,0,2,38,,,,0.0,0.3,2.1,0.6,11.4,11,5,22
744,a,,,4.5,469,285.0,0,0.0,0,0.0,0.0,718,297.0,1,0,1.0,482.0,215.0,0,3,0.0,638.0,238.0,0.0,0.2,0.0,3026,3,2251,4,0.0,-0.5,0.0,0.0,0.0,0.0,0.0,0.0,0.0,0.0,0.0,725.0,295.0,0.0,719.0,296.0,0.0,704.0,290.0,0.0,726.0,296.0,,,,33,,Nehemiah,Oriola,Oriola,,,1,0,0,0,0,0,0,0,0,0,0,0,0,,,,0.0,0.0,0.0,0.0,0.0,0,0,0
761,a,,,4.0,732,202.0,0,0.0,0,0.0,0.0,693,244.0,0,0,0.0,632.0,241.0,0,0,0.0,484.0,190.0,0.0,0.0,0.0,1243,2,939,1,0.0,-0.5,0.0,0.0,0.0,0.0,0.0,0.0,0.0,0.0,0.0,623.0,241.0,0.0,615.0,241.0,0.0,585.0,238.0,0.0,625.0,241.0,,,,33,,Freddie,Simmonds,Simmonds,,,0,0,0,0,0,0,0,0,0,0,0,0,0,,,,0.0,0.0,0.0,0.0,0.0,0,0,0
783,a,,,5.5,133,82.0,0,0.0,0,0.0,1.9,141,47.0,54,5,3.9,73.0,32.0,4,285,3.2,71.0,28.0,0.6,9.8,0.0,313419,105,55862,894,0.0,5.9,0.78,2.94,3.72,14.32,0.06,0.22,0.28,1.09,276.6,223.0,94.0,423.3,58.0,47.0,113.0,245.0,134.0,81.3,156.0,82.0,1.0,,,33,,Pascal,Groß,Groß,,,1186,1,4,4,10,0,0,0,2,0,0,13,113,,,,0.0,0.3,0.76,0.99,8.58,23,34,56
795,a,,,4.5,494,305.0,0,0.0,0,0.0,0.0,768,328.0,4,0,1.3,432.0,190.0,0,11,0.0,663.0,258.0,0.0,0.9,0.0,907,0,415,0,0.0,-0.5,0.0,0.03,0.03,1.04,0.0,0.03,0.03,1.02,10.2,466.0,207.0,5.1,446.0,216.0,2.0,452.0,222.0,1.8,473.0,215.0,,,,33,,Harry,Howell,Howell,,,92,0,0,0,2,0,0,0,0,0,0,1,7,,,,0.0,0.0,1.96,0.98,6.85,1,3,3
220,a,100.0,100.0,4.8,355,13.0,0,0.0,-2,2.0,12.5,28,5.0,106,2,3.4,139.0,17.0,7,476,1.5,173.0,13.0,0.3,22.1,0.0,1750903,119,3066718,3371,0.0,3.5,0.0,0.04,0.04,40.89,0.0,0.0,0.0,1.36,714.8,25.0,7.0,50.0,352.0,1.0,0.0,758.0,86.0,76.0,171.0,4.0,,,,33,,Robert,Lynch Sánchez,Sánchez,,,2704,0,1,9,40,0,0,0,3,1,86,31,89,,,,2.86,0.3,1.33,1.03,0.0,2,25,267
221,d,25.0,25.0,4.3,604,27.0,0,0.0,-2,2.0,0.2,401,57.0,6,0,2.0,340.0,32.0,0,35,0.0,538.0,85.0,0.0,1.4,0.0,16383,0,28601,14,0.0,0.1,0.0,0.0,0.0,3.56,0.0,0.0,0.0,1.21,59.6,407.0,31.0,0.0,644.0,84.0,0.0,621.0,73.0,5.9,445.0,31.0,,,,33,,Filip,Jörgensen,Jörgensen,Groin Injury - 25% chance of playing,,264,0,0,0,4,0,0,0,0,0,6,2,7,,,,2.05,0.0,1.36,0.68,0.0,0,3,23
222,u,0.0,0.0,4.0,716,64.0,0,0.0,0,0.0,0.0,802,91.0,0,0,0.0,617.0,85.0,0,0,0.0,468.0,76.0,0.0,0.0,0.0,0,0,343,0,0.0,0.0,0.0,0.0,0.0,0.0,0.0,0.0,0.0,0.0,0.0,608.0,85.0,0.0,600.0,73.0,0.0,570.0,60.0,0.0,610.0,85.0,,,,33,,Mike,Penders,Penders,Has joined RC Strasbourg on loan for the rest of the season.,,0,0,0,0,0,0,0,0,0,0,0,0,0,,,,0.0,0.0,0.0,0.0,0.0,0,0,0
223,a,,,3.9,769,83.0,0,0.0,-1,1.0,0.1,472,69.0,0,0,0.0,561.0,54.0,0,0,0.0,401.0,43.0,0.0,0.0,0.0,10210,0,13172,10,0.0,0.5,0.0,0.0,0.0,0.0,0.0,0.0,0.0,0.0,0.0,551.0,54.0,0.0,538.0,37.0,0.0,506.0,24.0,0.0,553.0,54.0,,,,33,,Gabriel,Słonina,Slonina,,,0,0,0,0,0,0,0,0,0,0,0,0,0,,,,0.0,0.0,0.0,0.0,0.0,0,0,0
224,a,100.0,100.0,6.0,86,5.0,0,0.0,0,0.0,15.4,20,7.0,96,2,3.3,158.0,61.0,5,443,0.8,248.0,83.0,0.1,16.0,0.0,3025944,867,3767321,2907,0.0,2.1,2.26,3.07,5.33,33.14,0.09,0.12,0.21,1.32,491.2,91.0,40.0,482.9,39.0,4.0,253.0,109.0,13.0,122.8,63.0,10.0,,,,33,,Marc,Cucurella Saseta,Cucurella,,,2256,1,3,9,29,0,0,0,6,1,0,26,200,,,,0.0,0.36,1.16,1.04,6.5,47,116,97
225,d,25.0,25.0,5.6,128,12.0,0,0.0,1,-1.0,6.3,62,21.0,113,0,4.2,48.0,19.0,11,479,0.0,797.0,264.0,0.0,20.2,0.0,2188340,12,2204145,2291,0.0,0.1,1.02,3.15,4.17,28.24,0.05,0.15,0.2,1.34,446.4,119.0,53.0,480.8,42.0,5.0,109.0,253.0,68.0,103.8,93.0,24.0,1.0,1.0,,33,,Reece,James,James,Hamstring injury - 25% chance of playing,,1892,2,6,8,20,0,0,0,4,0,0,20,163,,,,0.0,0.38,0.95,0.95,5.9,47,77,95
226,d,75.0,75.0,5.4,158,18.0,0,0.0,4,-4.0,10.1,34,12.0,132,1,4.4,38.0,16.0,7,496,0.2,347.0,109.0,0.0,24.4,0.0,4820465,39,3954211,4432,0.0,0.7,1.3,1.01,2.31,36.15,0.05,0.04,0.09,1.27,673.4,36.0,13.0,96.3,282.0,87.0,154.0,196.0,49.0,92.3,123.0,36.0,,,,33,,Trevoh,Chalobah,Chalobah,Lack of match fitness - 75% chance of playing,,2559,3,1,9,34,0,0,0,3,1,0,29,281,,,,0.0,0.32,1.2,1.02,8.76,35,214,109
227,d,25.0,25.0,4.7,389,66.0,0,0.0,-3,3.0,0.1,478,174.0,0,0,0.0,769.0,262.0,0,0,0.0,695.0,249.0,0.0,0.0,0.0,1309,4,30810,1,0.0,0.1,0.0,0.0,0.0,0.0,0.0,0.0,0.0,0.0,0.0,768.0,262.0,0.0,763.0,262.0,0.0,754.0,262.0,0.0,768.0,262.0,,,,33,,Levi,Samuels Colwill,Colwill,Lack of match fitness - 25% chance of playing,,0,0,0,0,0,0,0,0,0,0,0,0,0,,,,0.0,0.0,0.0,0.0,0.0,0,0,0
229,a,100.0,100.0,4.4,538,113.0,0,0.0,-1,1.0,0.0,646,232.0,7,0,0.9,510.0,175.0,0,48,0.0,564.0,232.0,0.0,1.6,0.0,9047,1,9731,3,0.0,0.5,0.0,0.06,0.06,7.41,0.0,0.01,0.01,1.42,102.8,367.0,140.0,7.9,437.0,156.0,2.0,448.0,168.0,11.4,421.0,150.0,,,,33,,Benoît,Badiashile Mukinayi,B.Badiashile,,,470,0,0,0,10,0,0,0,2,0,0,6,51,,,,0.0,0.0,1.91,1.15,9.19,7,41,16
230,a,100.0,100.0,4.4,542,116.0,0,0.0,-1,1.0,0.4,278,105.0,60,2,2.9,203.0,82.0,3,269,1.8,152.0,60.0,0.4,13.6,0.0,135432,23,115606,225,0.0,4.1,0.72,0.59,1.31,20.9,0.04,0.04,0.08,1.3,402.4,143.0,63.0,62.0,331.0,112.0,44.0,340.0,110.0,50.8,270.0,88.0,,,,33,,Wesley,Fofana,Fofana,,,1442,0,1,4,20,0,0,0,4,1,0,16,190,,,,0.0,0.25,1.25,1.0,11.36,19,163,67
231,a,100.0,100.0,4.5,479,96.0,0,0.0,0,0.0,0.0,662,234.0,2,0,1.0,484.0,173.0,0,1,0.0,648.0,246.0,0.0,0.4,0.0,3408,7,3578,6,0.0,0.5,0.35,0.0,0.35,1.42,0.35,0.0,0.35,1.4,6.2,476.0,171.0,0.1,491.0,177.0,7.0,428.0,163.0,1.3,484.0,170.0,,,,33,,Mamadou,Sarr,M.Sarr,,,91,0,0,0,3,0,0,0,0,0,0,1,8,,,,0.0,0.0,2.97,0.99,7.91,1,7,2
232,a,100.0,100.0,4.0,668,163.0,0,0.0,-5,5.0,0.3,346,125.0,34,0,2.3,296.0,108.0,2,129,0.2,334.0,105.0,0.0,8.5,0.0,109230,18,223291,32,0.0,0.9,0.11,0.4,0.5,12.16,0.01,0.05,0.06,1.47,232.0,256.0,104.0,32.5,380.0,135.0,19.0,390.0,139.0,28.4,352.0,120.0,,,,33,,Tosin,Adarabioyo,Tosin,,,743,0,0,2,12,0,0,0,2,0,0,7,108,,,,0.0,0.24,1.45,0.85,11.39,15,79,19
233,a,100.0,100.0,3.7,826,266.0,0,0.0,-3,3.0,1.7,151,58.0,35,1,2.5,261.0,99.0,5,104,0.5,272.0,87.0,0.1,9.5,0.0,611491,199,523216,502,0.0,1.5,0.6,0.13,0.73,14.08,0.09,0.02,0.11,2.19,127.2,345.0,131.0,39.6,367.0,132.0,66.0,306.0,94.0,23.3,368.0,126.0,,,,33,,Josh,Acheampong,Acheampong,,,578,1,0,2,12,0,0,0,1,0,0,7,57,,,,0.0,0.31,1.87,1.09,6.38,10,31,23
234,u,0.0,0.0,4.0,737,207.0,0,0.0,0,0.0,0.1,578,207.0,0,0,0.0,636.0,245.0,0,0,0.0,489.0,195.0,0.0,0.0,0.0,1262,0,10264,0,0.0,0.0,0.0,0.0,0.0,0.0,0.0,0.0,0.0,0.0,0.0,627.0,245.0,0.0,619.0,245.0,0.0,589.0,242.0,0.0,629.0,245.0,,,,33,,Aarón,Anselmino,Anselmino,has joined Strasbourg on loan for the rest of the season.,,0,0,0,0,0,0,0,0,0,0,0,0,0,,,,0.0,0.0,0.0,0.0,0.0,0,0,0
235,a,100.0,100.0,10.5,3,2.0,0,0.0,0,0.0,19.1,17,6.0,102,2,4.6,26.0,10.0,9,379,2.0,150.0,59.0,0.2,9.7,0.0,3258580,661,7554837,12009,0.0,4.5,9.21,2.14,11.35,25.01,0.52,0.12,0.64,1.41,472.2,102.0,34.0,330.3,95.0,70.0,454.0,40.0,23.0,125.5,62.0,39.0,,3.0,1.0,33,,Cole,Palmer,Palmer,,,1596,9,2,3,26,0,0,0,4,0,0,20,119,,,,0.0,0.17,1.47,1.13,6.71,21,25,73
236,a,100.0,100.0,7.0,37,22.0,0,0.0,0,0.0,4.6,84,27.0,112,2,3.6,114.0,54.0,8,491,1.5,178.0,79.0,0.2,16.0,0.0,2022379,161,2017536,1570,0.0,3.5,4.48,6.68,11.16,32.17,0.17,0.25,0.42,1.21,455.6,114.0,37.0,732.0,11.0,11.0,456.0,39.0,22.0,164.6,25.0,21.0,2.0,4.0,,33,,Pedro,Lomba Neto,Neto,,,2387,5,5,11,27,0,0,0,2,1,0,27,113,,,,0.0,0.41,1.02,1.02,4.26,16,17,80
245,s,0.0,0.0,4.9,328,203.0,0,0.0,-1,1.0,0.0,750,318.0,0,0,0.0,786.0,342.0,0,0,0.0,728.0,304.0,0.0,0.0,0.0,1084,0,1369,4,0.0,0.0,0.0,0.0,0.0,0.0,0.0,0.0,0.0,0.0,0.0,785.0,341.0,0.0,781.0,341.0,0.0,777.0,339.0,0.0,785.0,341.0,,,,33,,Mykhailo,Mudryk,Mudryk,Suspended - unknown return date,,0,0,0,0,0,0,0,0,0,0,0,0,0,,,,0.0,0.0,0.0,0.0,0.0,0,0,0
246,a,100.0,100.0,4.5,458,276.0,0,0.0,0,0.0,0.3,329,115.0,34,0,1.4,423.0,184.0,0,186,0.8,241.0,109.0,0.2,7.6,0.0,79218,20,87222,63,0.0,2.1,1.75,0.83,2.58,16.63,0.15,0.07,0.22,1.41,171.2,303.0,133.0,139.0,234.0,150.0,65.0,307.0,163.0,37.5,317.0,156.0,,,,33,,Andrey,Nascimento dos Santos,Andrey Santos,,,1063,0,0,1,16,0,0,0,4,0,0,11,113,,,,0.0,0.08,1.35,0.93,9.57,29,44,40
247,a,100.0,100.0,4.3,598,352.0,0,0.0,-2,2.0,0.1,561,206.0,0,0,0.0,656.0,246.0,0,0,0.0,532.0,172.0,0.0,0.0,0.0,13685,5,14957,8,0.0,0.5,0.0,0.0,0.0,0.26,0.0,0.0,0.0,2.92,4.6,480.0,218.0,0.3,482.0,234.0,0.0,616.0,228.0,0.5,496.0,227.0,,,,33,,Dário,Luís Essugo,D.Essugo,,,8,0,0,0,0,0,0,0,1,0,0,0,4,,,,0.0,0.0,0.0,0.0,45.0,3,1,0
248,u,0.0,0.0,4.5,500,310.0,0,0.0,0,0.0,0.0,788,343.0,0,0,0.0,751.0,316.0,0,0,0.0,669.0,263.0,0.0,0.0,0.0,0,0,952,0,0.0,0.0,0.0,0.0,0.0,0.0,0.0,0.0,0.0,0.0,0.0,750.0,315.0,0.0,743.0,315.0,0.0,730.0,311.0,0.0,750.0,315.0,,,,33,,Kendry,Páez Andrade,Paez,has joined River Plate on loan for the rest of the season.,,0,0,0,0,0,0,0,0,0,0,0,0,0,,,,0.0,0.0,0.0,0.0,0.0,0,0,0
249,a,,,7.7,19,6.0,0,0.0,2,-2.0,50.6,3,2.0,166,0,5.2,10.0,2.0,28,676,1.0,238.0,30.0,0.1,21.6,0.0,8942920,3752,9127505,35150,0.0,2.5,13.69,1.89,15.58,32.8,0.52,0.07,0.59,1.24,720.4,22.0,4.0,437.8,55.0,2.0,828.0,6.0,5.0,198.2,12.0,4.0,,,,33,,João Pedro,Junqueira de Jesus,João Pedro,,,2388,14,9,10,30,0,0,0,4,0,0,28,127,,,,0.0,0.38,1.13,1.06,4.79,25,36,66
250,a,100.0,100.0,6.2,76,24.0,0,0.0,-3,3.0,0.9,200,29.0,41,2,1.7,397.0,48.0,1,119,1.0,234.0,29.0,0.2,6.6,0.0,110691,79,469076,61,0.0,2.5,4.3,0.21,4.5,12.08,0.44,0.02,0.46,1.23,65.4,402.0,46.0,56.7,340.0,40.0,311.0,88.0,28.0,42.4,300.0,33.0,,,,33,,Liam,Delap,Delap,,,883,1,2,2,14,0,0,0,2,0,0,10,36,,,,0.0,0.2,1.43,1.02,3.67,4,11,21
251,u,0.0,0.0,6.5,54,19.0,0,0.0,0,0.0,0.1,539,75.0,0,0,0.0,824.0,92.0,0,0,0.0,818.0,92.0,0.0,0.0,0.0,4962,0,15392,0,0.0,0.0,0.0,0.0,0.0,0.0,0.0,0.0,0.0,0.0,0.0,824.0,92.0,0.0,824.0,92.0,0.0,824.0,92.0,0.0,824.0,92.0,,,,33,,Nicolas,Jackson,N.Jackson,has joined Bayern Munich on loan for the rest of the season.,,0,0,0,0,0,0,0,0,0,0,0,0,0,,,,0.0,0.0,0.0,0.0,0.0,0,0,0
252,a,100.0,100.0,4.0,701,92.0,0,0.0,-5,5.0,5.1,76,15.0,12,0,1.3,429.0,52.0,0,19,0.0,454.0,50.0,0.0,3.0,0.0,1243893,422,2827918,519,0.0,0.5,1.46,0.29,1.75,5.65,0.53,0.11,0.64,2.06,24.6,446.0,53.0,38.8,368.0,46.0,81.0,287.0,49.0,12.6,411.0,53.0,,,,33,,Marc,Guiu Paz,Marc Guiu,,,247,0,1,0,2,0,0,0,1,0,0,1,7,,,,0.0,0.0,0.73,0.36,2.55,0,4,3
453,a,,,6.4,60,39.0,0,0.0,-1,1.0,0.5,276,96.0,54,2,2.5,274.0,116.0,3,220,0.8,249.0,114.0,0.1,8.4,0.0,244205,27,235525,106,0.0,2.1,3.26,3.66,6.92,19.62,0.24,0.27,0.51,1.45,196.4,283.0,120.0,367.8,73.0,56.0,354.0,70.0,41.0,90.8,130.0,73.0,,,,33,,Alejandro,Garnacho Ferreyra,Garnacho,,,1215,1,4,4,18,0,0,0,2,0,0,14,68,,,,0.0,0.3,1.33,1.04,5.04,14,10,44
672,a,100.0,100.0,4.6,405,72.0,0,0.0,-4,4.0,0.2,386,143.0,14,1,0.8,517.0,179.0,0,61,0.8,242.0,82.0,0.2,3.0,0.0,20466,23,42099,40,0.0,2.1,0.3,0.51,0.81,12.7,0.03,0.06,0.09,1.4,145.0,330.0,126.0,95.5,284.0,88.0,32.0,364.0,123.0,27.2,356.0,122.0,,,,33,,Jorrel,Hato,Hato,,,818,0,0,0,20,0,0,0,5,0,0,8,75,,,,0.0,0.0,2.2,0.88,7.7,26,44,36
743,a,,,4.5,501,311.0,0,0.0,0,0.0,0.0,728,302.0,0,0,0.0,752.0,317.0,0,0,0.0,670.0,264.0,0.0,0.0,0.0,1566,0,1447,3,0.0,0.5,0.0,0.0,0.0,0.0,0.0,0.0,0.0,0.0,0.0,751.0,316.0,0.0,744.0,316.0,0.0,731.0,312.0,0.0,751.0,316.0,,,,33,,Landon,Emenalo,Emenalo,,,0,0,0,0,0,0,0,0,0,0,0,0,0,,,,0.0,0.0,0.0,0.0,0.0,0,0,0
789,a,,,4.0,711,63.0,0,0.0,0,0.0,0.0,755,86.0,0,0,0.0,613.0,84.0,0,0,0.0,463.0,75.0,0.0,0.0,0.0,473,1,382,2,0.0,0.5,0.0,0.0,0.0,0.0,0.0,0.0,0.0,0.0,0.0,604.0,84.0,0.0,596.0,72.0,0.0,565.0,59.0,0.0,606.0,84.0,,,,33,,Max,Merrick,Merrick,,,0,0,0,0,0,0,0,0,0,0,0,0,0,,,,0.0,0.0,0.0,0.0,0.0,0,0,0
803,a,,,4.0,704,59.0,0,0.0,0,0.0,0.0,776,90.0,0,0,0.0,609.0,81.0,0,0,0.0,457.0,72.0,0.0,0.0,0.0,230,1,175,0,0.0,0.5,0.0,0.0,0.0,0.0,0.0,0.0,0.0,0.0,0.0,600.0,81.0,0.0,591.0,68.0,0.0,560.0,55.0,0.0,602.0,81.0,,,,33,,Teddy,Sharman-Lowe,Sharman-Lowe,,,0,0,0,0,0,0,0,0,0,0,0,0,0,,,,0.0,0.0,0.0,0.0,0.0,0,0,0
253,a,,,5.1,223,7.0,0,0.0,1,-1.0,8.1,47,8.0,117,0,3.9,70.0,9.0,7,490,1.0,223.0,21.0,0.2,22.9,0.0,1151672,615,1039133,922,0.5,1.0,0.0,0.1,0.1,40.17,0.0,0.0,0.0,1.34,706.8,27.0,9.0,10.0,434.0,13.0,0.0,798.0,92.0,71.6,190.0,9.0,,,,33,,Dean,Henderson,Henderson,,,2700,0,0,10,36,0,1,0,3,0,88,30,80,,,,2.93,0.33,1.2,1.0,0.0,0,45,246
254,a,100.0,100.0,3.9,752,74.0,0,0.0,-1,1.0,0.3,309,42.0,7,0,7.0,1.0,1.0,0,29,0.0,388.0,34.0,0.0,1.8,0.0,20720,12,33444,17,-0.5,0.0,0.0,0.0,0.0,1.12,0.0,0.0,0.0,1.12,22.8,447.0,33.0,0.0,526.0,28.0,0.0,494.0,15.0,2.3,470.0,33.0,,,,33,,Walter,Benítez,Benitez,,,90,0,0,1,0,0,0,0,0,0,3,1,0,,,,3.0,1.0,0.0,1.0,0.0,0,1,9
255,a,,,3.9,755,77.0,0,0.0,-1,1.0,0.1,482,72.0,0,0,0.0,552.0,48.0,0,0,0.0,391.0,37.0,0.0,0.0,0.0,6296,3,9116,6,-0.5,0.0,0.0,0.0,0.0,0.0,0.0,0.0,0.0,0.0,0.0,542.0,48.0,0.0,529.0,31.0,0.0,497.0,18.0,0.0,544.0,48.0,,,,33,,Remi,Matthews,Matthews,,,0,0,0,0,0,0,0,0,0,0,0,0,0,,,,0.0,0.0,0.0,0.0,0.0,0,0,0
256,a,100.0,100.0,5.8,105,6.0,0,0.0,3,-3.0,7.5,52,17.0,113,0,5.1,11.0,3.0,8,399,2.0,143.0,57.0,0.3,19.5,0.0,3770026,2542,3960163,593,1.5,2.0,2.26,3.38,5.64,25.6,0.11,0.16,0.27,1.23,460.8,112.0,49.0,309.3,108.0,26.0,344.0,75.0,7.0,111.3,84.0,19.0,,,,33,,Daniel,Muñoz Mejía,Muñoz,,,1869,3,3,9,21,0,0,0,5,0,0,22,194,,,,0.0,0.43,1.01,1.06,7.42,55,99,83
257,d,75.0,75.0,5.1,231,33.0,0,0.0,1,-1.0,4.8,79,25.0,132,0,4.6,25.0,10.0,8,454,2.0,132.0,52.0,0.4,25.9,0.0,1717095,180,1337345,2066,1.1,1.5,2.14,0.75,2.89,36.47,0.07,0.03,0.1,1.27,678.0,34.0,12.0,82.0,306.0,98.0,250.0,113.0,15.0,101.0,98.0,28.0,,,,33,,Maxence,Lacroix,Lacroix,Knee injury - 75% chance of playing,,2575,1,2,10,35,0,0,0,3,1,0,29,337,,,,0.0,0.35,1.22,1.01,10.83,52,258,81
258,a,,,5.0,255,40.0,0,0.0,0,0.0,2.2,131,52.0,119,0,3.8,84.0,31.0,7,431,2.5,101.0,36.0,0.5,23.8,0.0,495457,1118,409486,223,2.0,2.5,1.06,2.18,3.24,41.29,0.03,0.07,0.1,1.35,539.2,70.0,34.0,392.6,70.0,14.0,189.0,161.0,34.0,112.2,83.0,18.0,,,,33,,Tyrick,Mitchell,Mitchell,,,2758,1,2,11,36,0,0,0,5,0,0,31,251,,,,0.0,0.36,1.17,1.01,6.62,83,120,147
259,a,100.0,100.0,4.8,357,60.0,0,0.0,-2,2.0,0.1,447,167.0,6,0,1.0,492.0,174.0,0,13,0.5,284.0,93.0,0.1,1.2,0.0,12048,16,18997,11,0.0,0.5,0.0,0.06,0.06,0.83,0.0,0.1,0.1,1.38,11.2,462.0,168.0,12.5,421.0,152.0,4.0,438.0,164.0,2.8,465.0,168.0,,,,33,,Borna,Sosa,Sosa,,,54,0,0,0,1,0,0,0,0,0,0,0,8,,,,0.0,0.0,1.67,0.0,11.67,3,4,1
261,a,100.0,100.0,4.4,540,115.0,0,0.0,-1,1.0,2.4,127,50.0,116,0,4.3,43.0,17.0,5,425,1.0,210.0,72.0,0.2,26.4,0.0,1006598,462,889702,345,0.5,1.0,1.14,1.44,2.58,34.72,0.04,0.05,0.09,1.29,645.2,41.0,17.0,150.2,220.0,58.0,140.0,214.0,54.0,93.8,115.0,32.0,,,,33,,Chris,Richards,Richards,,,2422,1,0,10,32,0,0,0,3,0,0,27,286,,,,0.0,0.37,1.19,1.0,10.18,51,223,55
262,a,100.0,100.0,4.0,709,184.0,0,0.0,0,0.0,0.0,586,210.0,14,0,2.3,297.0,109.0,0,58,0.0,461.0,172.0,0.0,3.5,0.0,6676,11,4507,12,-0.5,0.0,0.11,0.05,0.16,4.33,0.03,0.01,0.04,1.25,63.8,403.0,152.0,21.3,396.0,142.0,14.0,399.0,145.0,9.9,423.0,151.0,,,,33,,Chadi,Riad Dnanou,Chadi Riad,,,312,0,1,1,3,0,0,0,2,0,0,3,18,,,,0.0,0.29,0.87,0.87,5.19,4,14,12
263,a,100.0,100.0,3.8,791,234.0,0,0.0,-2,2.0,0.5,265,100.0,15,0,1.9,348.0,127.0,2,49,0.0,358.0,118.0,0.0,3.9,0.0,92286,26,111422,27,-0.5,0.0,0.43,0.6,1.03,7.31,0.08,0.11,0.19,1.33,80.6,390.0,147.0,53.5,345.0,121.0,33.0,361.0,120.0,16.6,395.0,142.0,,,,33,,Nathaniel,Clyne,Clyne,,,494,0,1,0,9,0,0,0,1,0,0,6,39,,,,0.0,0.0,1.64,1.09,7.11,14,25,16
264,u,0.0,0.0,4.0,671,164.0,0,0.0,0,0.0,0.0,706,249.0,0,0,0.0,583.0,212.0,0,0,0.0,426.0,154.0,0.0,0.0,0.0,0,0,3933,0,0.0,0.0,0.0,0.0,0.0,0.0,0.0,0.0,0.0,0.0,0.0,573.0,211.0,0.0,563.0,211.0,0.0,532.0,207.0,0.0,575.0,211.0,,,,33,,Rob,Holding,Holding,Has joined Colorado Rapids permanently.,,0,0,0,0,0,0,0,0,0,0,0,0,0,,,,0.0,0.0,0.0,0.0,0.0,0,0,0
265,a,100.0,100.0,4.0,728,198.0,0,0.0,0,0.0,0.0,695,245.0,0,0,0.0,629.0,238.0,0,0,0.0,480.0,186.0,0.0,0.0,0.0,996,0,2474,4,-0.5,0.0,0.0,0.0,0.0,0.0,0.0,0.0,0.0,0.0,0.0,620.0,238.0,0.0,612.0,238.0,0.0,582.0,235.0,0.0,622.0,238.0,,,,33,,Caleb,Kporha,Kporha,,,0,0,0,0,0,0,0,0,0,0,0,0,0,,,,0.0,0.0,0.0,0.0,0.0,0,0,0
267,a,100.0,100.0,6.3,70,46.0,0,0.0,-2,2.0,3.8,97,32.0,94,0,4.5,32.0,12.0,9,289,0.5,300.0,141.0,0.1,14.9,0.0,2749461,1165,2889484,568,0.0,0.5,8.04,0.77,8.8,24.79,0.41,0.04,0.45,1.27,381.4,156.0,56.0,204.6,173.0,114.0,409.0,52.0,30.0,99.7,100.0,56.0,,,3.0,33,,Ismaïla,Sarr,Sarr,,,1752,7,1,9,19,0,0,0,2,0,0,20,118,,,,0.0,0.46,0.98,1.03,6.06,18,36,64
268,i,0.0,0.0,4.9,323,200.0,0,0.0,-1,1.0,0.0,800,354.0,0,0,0.0,783.0,340.0,0,0,0.0,724.0,301.0,0.0,0.0,0.0,480,1,696,1,0.0,0.0,0.0,0.0,0.0,0.0,0.0,0.0,0.0,0.0,0.0,782.0,339.0,0.0,778.0,339.0,0.0,774.0,337.0,0.0,782.0,339.0,,,,33,,Cheick,Doucouré,Doucouré,Lack of match fitness - Expected back 01 Jun,,0,0,0,0,0,0,0,0,0,0,0,0,0,,,,0.0,0.0,0.0,0.0,0.0,0,0,0
269,u,0.0,0.0,4.7,396,247.0,0,0.0,-3,3.0,0.1,464,159.0,4,0,1.0,490.0,222.0,0,12,0.0,697.0,282.0,0.0,0.9,0.0,11622,0,28940,3,0.0,0.0,0.0,0.04,0.04,1.74,0.0,0.09,0.09,3.92,6.8,474.0,214.0,2.7,457.0,220.0,6.0,431.0,208.0,1.5,478.0,219.0,,,,33,,Romain,Esse,Esse,has joined Coventry City on loan for the rest of the season.,,40,0,0,0,0,0,0,0,0,0,0,0,5,,,,0.0,0.0,0.0,0.0,11.25,3,0,2
270,a,100.0,100.0,4.7,377,235.0,0,0.0,-3,3.0,0.1,486,170.0,41,0,1.5,412.0,177.0,0,194,1.0,215.0,93.0,0.2,8.7,0.0,21930,8,25991,9,0.5,1.0,1.11,1.69,2.8,21.3,0.07,0.11,0.18,1.42,169.0,306.0,136.0,294.0,117.0,82.0,86.0,281.0,152.0,54.8,252.0,125.0,3.0,,,33,,Will,Hughes,Hughes,,,1353,0,1,5,14,0,0,0,7,0,0,16,133,,,,0.0,0.33,0.93,1.06,8.85,26,48,59
271,a,100.0,100.0,5.0,249,149.0,0,0.0,0,0.0,0.1,531,194.0,54,0,2.6,251.0,102.0,0,255,0.5,289.0,137.0,0.1,10.8,0.0,44281,6,43377,3,0.0,0.5,1.42,2.08,3.5,18.27,0.09,0.13,0.22,1.1,177.6,299.0,131.0,245.0,148.0,100.0,138.0,219.0,120.0,56.2,249.0,123.0,4.0,,,33,,Daichi,Kamada,Kamada,,,1493,0,2,6,17,0,0,0,2,0,0,17,161,,,,0.0,0.36,1.02,1.02,9.71,48,29,84
278,u,0.0,0.0,4.4,545,327.0,0,0.0,-1,1.0,0.0,655,259.0,0,0,0.0,676.0,259.0,0,0,0.0,569.0,190.0,0.0,0.0,0.0,4359,0,9591,1,0.0,0.0,0.0,0.0,0.0,0.0,0.0,0.0,0.0,0.0,0.0,668.0,251.0,0.0,664.0,255.0,0.0,643.0,245.0,0.0,670.0,253.0,,,,33,,Jesurun,Rak-Sakyi,J.Rak-Sakyi,has joined Stoke City on loan for the rest of the season.,,0,0,0,0,0,0,0,0,0,0,0,0,0,,,,0.0,0.0,0.0,0.0,0.0,0,0,0
279,u,0.0,0.0,4.5,462,280.0,0,0.0,0,0.0,0.0,771,330.0,0,0,0.0,724.0,295.0,0,0,0.0,632.0,233.0,0.0,0.0,0.0,95,0,1653,0,0.0,0.0,0.0,0.0,0.0,0.0,0.0,0.0,0.0,0.0,0.0,719.0,290.0,0.0,714.0,292.0,0.0,698.0,285.0,0.0,720.0,291.0,,,,33,,Matheus,França de Oliveira,M.França,Has joined CR Vasco da Gama on loan for the rest of the season.,,0,0,0,0,0,0,0,0,0,0,0,0,0,,,,0.0,0.0,0.0,0.0,0.0,0,0,0
280,u,0.0,0.0,4.5,457,275.0,0,0.0,0,0.0,0.0,817,363.0,0,0,0.0,721.0,292.0,0,0,0.0,629.0,230.0,0.0,0.0,0.0,0,0,192,0,0.0,0.0,0.0,0.0,0.0,0.0,0.0,0.0,0.0,0.0,0.0,716.0,287.0,0.0,711.0,289.0,0.0,695.0,282.0,0.0,717.0,288.0,,,,33,,David,Ozoh,Ozoh,Has joined Derby County on loan for the rest of the season.,,0,0,0,0,0,0,0,0,0,0,0,0,0,,,,0.0,0.0,0.0,0.0,0.0,0,0,0
281,a,,,4.4,555,334.0,0,0.0,-1,1.0,0.0,585,218.0,1,0,1.0,475.0,209.0,0,2,0.0,577.0,197.0,0.0,0.2,0.0,6042,4,7227,3,-0.5,0.0,0.0,0.0,0.0,0.65,0.0,0.0,0.0,19.5,0.0,674.0,257.0,0.1,490.0,238.0,0.0,650.0,252.0,0.0,676.0,259.0,,,,33,,Kaden,Rodney,Rodney,,,3,0,0,0,0,0,0,0,0,0,0,0,0,,,,0.0,0.0,0.0,0.0,0.0,0,0,0
677,i,0.0,0.0,6.2,77,50.0,0,0.0,-3,3.0,0.0,597,224.0,42,0,2.2,318.0,139.0,0,137,0.0,810.0,358.0,0.0,6.8,0.0,11287,0,15185,35,0.0,0.0,1.56,0.75,2.31,12.74,0.16,0.08,0.24,1.3,156.8,320.0,145.0,75.8,312.0,175.0,183.0,170.0,94.0,41.2,306.0,152.0,,,,33,,Evann,Guessand,Guessand,Knee injury - Expected back 02 May,,880,1,3,2,15,0,0,0,0,0,0,9,81,,,,0.0,0.2,1.53,0.92,8.28,24,15,42
690,a,100.0,100.0,4.4,567,341.0,0,0.0,-1,1.0,0.3,347,120.0,0,0,0.0,690.0,268.0,0,0,0.0,587.0,202.0,0.0,0.0,0.0,58296,2,56004,3,-0.5,0.0,0.0,0.0,0.0,0.0,0.0,0.0,0.0,0.0,0.0,684.0,262.0,0.0,679.0,265.0,0.0,660.0,257.0,0.0,686.0,264.0,,,,33,,Rio,Cardines,Cardines,,,0,0,0,0,0,0,0,0,0,0,0,0,0,,,,0.0,0.0,0.0,0.0,0.0,0,0,0
712,a,100.0,100.0,5.8,109,70.0,0,0.0,-2,2.0,0.2,399,137.0,68,0,2.4,293.0,127.0,3,290,1.0,229.0,102.0,0.2,11.7,0.0,129924,23,115252,32,0.5,1.0,4.11,5.45,9.56,25.12,0.21,0.27,0.48,1.26,281.2,219.0,91.0,613.0,22.0,21.0,333.0,78.0,45.0,122.5,64.0,40.0,,1.0,,33,,Yéremy,Pino Santos,Yeremy,,,1791,2,1,7,21,0,0,0,4,0,0,22,146,,,,0.0,0.35,1.06,1.11,7.34,32,25,89
723,a,100.0,100.0,4.5,513,97.0,0,0.0,0,0.0,0.2,414,152.0,52,0,3.7,92.0,35.0,7,158,2.0,128.0,50.0,0.4,11.6,0.0,23006,20,7128,46,1.5,2.0,1.16,0.28,1.44,15.14,0.13,0.03,0.16,1.72,242.2,250.0,99.0,42.4,362.0,129.0,35.0,357.0,118.0,31.8,338.0,114.0,,,,33,,Jaydee,Canvot,Canvot,,,791,0,0,4,10,0,0,0,2,0,0,8,108,,,,0.0,0.46,1.14,0.91,12.29,26,82,33
732,a,,,5.5,152,37.0,0,0.0,0,0.0,0.1,579,79.0,17,0,1.2,445.0,54.0,0,42,0.0,795.0,87.0,0.0,3.1,0.0,14970,10,11568,3,-0.5,0.0,0.49,0.01,0.5,4.63,0.28,0.01,0.29,2.62,13.2,458.0,54.0,7.1,439.0,57.0,73.0,298.0,50.0,8.8,427.0,54.0,,,,33,,Christantus,Uche,Uche,,,159,0,1,0,4,0,0,0,0,0,0,0,13,,,,0.0,0.0,2.26,0.0,7.36,1,3,9
762,a,,,4.5,516,321.0,0,0.0,0,0.0,0.0,779,336.0,2,0,1.0,489.0,221.0,0,6,0.0,683.0,273.0,0.0,0.4,0.0,721,2,465,0,-0.5,0.0,0.0,0.0,0.0,0.73,0.0,0.0,0.0,9.39,1.4,499.0,230.0,1.0,472.0,229.0,0.0,743.0,321.0,0.3,504.0,232.0,,,,33,,Joél,Drakes-Thomas,Drakes-Thomas,,,7,0,0,0,1,0,0,0,0,0,0,0,3,,,,0.0,0.0,12.86,0.0,38.57,1,0,2
773,a,,,4.0,740,210.0,0,0.0,0,0.0,0.0,703,247.0,0,0,0.0,637.0,246.0,0,0,0.0,491.0,197.0,0.0,0.0,0.0,785,1,640,3,-0.5,0.0,0.0,0.0,0.0,0.0,0.0,0.0,0.0,0.0,0.0,628.0,246.0,0.0,620.0,246.0,0.0,591.0,244.0,0.0,630.0,246.0,,,,33,,Dean,Benamar,Benamar,,,0,0,0,0,0,0,0,0,0,0,0,0,0,,,,0.0,0.0,0.0,0.0,0.0,0,0,0
780,a,,,4.5,509,73.0,0,0.0,0,0.0,0.0,663,85.0,0,0,0.0,759.0,83.0,0,0,0.0,677.0,73.0,0.0,0.0,0.0,3325,4,1969,6,-0.5,0.0,0.0,0.0,0.0,0.0,0.0,0.0,0.0,0.0,0.0,758.0,83.0,0.0,751.0,82.0,0.0,738.0,82.0,0.0,758.0,83.0,,,,33,,Ben,Casey,Casey,,,0,0,0,0,0,0,0,0,0,0,0,0,0,,,,0.0,0.0,0.0,0.0,0.0,0,0,0
793,a,,,4.0,729,199.0,0,0.0,0,0.0,0.0,687,242.0,0,0,0.0,630.0,239.0,0,0,0.0,481.0,187.0,0.0,0.0,0.0,1540,8,814,4,-0.5,0.0,0.0,0.0,0.0,0.0,0.0,0.0,0.0,0.0,0.0,621.0,239.0,0.0,613.0,239.0,0.0,583.0,236.0,0.0,623.0,239.0,,,,33,,George,King,King,,,0,0,0,0,0,0,0,0,0,0,0,0,0,,,,0.0,0.0,0.0,0.0,0.0,0,0,0
798,u,0.0,0.0,4.0,705,182.0,0,0.0,0,0.0,0.0,804,265.0,0,0,0.0,610.0,225.0,0,0,0.0,458.0,170.0,0.0,0.0,0.0,142,0,191,1,0.0,0.0,0.0,0.0,0.0,0.0,0.0,0.0,0.0,0.0,0.0,601.0,225.0,0.0,592.0,225.0,0.0,561.0,221.0,0.0,603.0,225.0,,,,33,,Danny,Imray,Imray,has joined West Brom on loan for the rest of the season.,,0,0,0,0,0,0,0,0,0,0,0,0,0,,,,0.0,0.0,0.0,0.0,0.0,0,0,0
294,a,100.0,100.0,4.2,626,140.0,0,0.0,-3,3.0,0.1,492,177.0,3,0,1.0,464.0,171.0,0,10,0.0,502.0,206.0,0.0,0.7,0.0,6717,7,18156,4,0.0,-0.5,0.0,0.0,0.0,0.24,0.0,0.0,0.0,1.96,0.0,635.0,251.0,0.1,487.0,176.0,0.0,599.0,249.0,0.0,637.0,251.0,,,,33,,Séamus,Coleman,Coleman,,,11,0,0,0,0,0,0,0,0,0,0,1,0,,,,0.0,0.0,0.0,8.18,0.0,0,0,1
295,a,100.0,100.0,4.5,412,76.0,0,0.0,0,0.0,2.9,116,45.0,118,0,4.4,36.0,15.0,8,380,2.7,90.0,33.0,0.6,26.2,0.0,1467671,1032,1177719,425,2.7,2.2,1.97,0.2,2.17,37.12,0.08,0.01,0.09,1.56,649.6,40.0,16.0,30.1,384.0,138.0,241.0,117.0,19.0,92.1,124.0,37.0,,,,33,,Michael,Keane,Keane,,,2135,3,0,7,30,0,0,0,0,1,0,24,288,,,,0.0,0.3,1.26,1.01,10.88,31,227,75
296,a,100.0,100.0,4.4,539,114.0,0,0.0,-1,1.0,0.0,631,226.0,21,0,3.5,119.0,41.0,0,68,0.0,565.0,233.0,0.0,4.8,0.0,5974,6,7131,6,0.0,-0.5,0.03,0.04,0.07,3.55,0.01,0.02,0.03,1.35,63.6,404.0,153.0,6.4,441.0,157.0,17.0,396.0,143.0,8.6,429.0,155.0,,,,33,,Nathan,Patterson,Patterson,,,237,0,0,2,1,0,0,0,0,0,0,3,30,,,,0.0,0.76,0.38,1.14,11.39,10,20,14
297,u,0.0,0.0,3.8,804,246.0,0,0.0,-2,2.0,0.2,406,148.0,0,0,0.0,535.0,192.0,0,0,0.0,368.0,127.0,0.0,0.0,0.0,9298,0,22232,6,0.0,0.0,0.0,0.0,0.0,0.0,0.0,0.0,0.0,0.0,0.0,524.0,191.0,0.0,507.0,190.0,0.0,474.0,184.0,0.0,526.0,191.0,,,,33,,Roman,Dixon,Dixon,has joined Stockport County on loan for the rest of the season.,,0,0,0,0,0,0,0,0,0,0,0,0,0,,,,0.0,0.0,0.0,0.0,0.0,0,0,0
298,a,,,3.8,802,244.0,0,0.0,-2,2.0,0.1,425,157.0,0,0,0.0,534.0,191.0,0,0,0.0,367.0,126.0,0.0,0.0,0.0,8177,5,15606,5,0.0,-0.5,0.0,0.0,0.0,0.0,0.0,0.0,0.0,0.0,0.0,523.0,190.0,0.0,506.0,189.0,0.0,473.0,183.0,0.0,525.0,190.0,,,,33,,Reece,Welch,Welch,,,0,0,0,0,0,0,0,0,0,0,0,0,0,,,,0.0,0.0,0.0,0.0,0.0,0,0,0
299,a,100.0,100.0,6.2,74,49.0,0,0.0,-3,3.0,4.2,92,30.0,114,0,4.4,40.0,17.0,7,475,4.0,36.0,14.0,0.6,18.4,0.0,1816798,3838,2605379,283,4.0,3.5,5.06,4.24,9.3,34.14,0.2,0.17,0.37,1.37,538.8,72.0,20.0,410.6,64.0,51.0,450.0,42.0,25.0,140.2,41.0,29.0,,,1.0,33,,Iliman,Ndiaye,Ndiaye,,,2241,6,3,8,31,0,0,0,2,0,0,26,244,,,,0.0,0.32,1.24,1.04,9.8,58,32,154
300,a,,,5.5,142,88.0,0,0.0,-5,5.0,0.1,420,144.0,48,0,2.5,271.0,114.0,1,164,1.7,163.0,68.0,0.3,8.7,0.0,35202,31,66241,7,1.7,1.2,1.24,0.85,2.09,16.7,0.11,0.08,0.19,1.48,127.4,344.0,156.0,200.4,180.0,119.0,122.0,237.0,130.0,45.1,289.0,144.0,2.0,,,33,,Dwight,McNeil,McNeil,,,1016,0,3,6,6,0,0,0,1,0,0,12,94,,,,0.0,0.53,0.53,1.06,8.33,18,21,55
301,a,100.0,100.0,5.2,212,130.0,0,0.0,-3,3.0,0.1,533,195.0,26,0,1.6,405.0,173.0,0,111,0.0,766.0,331.0,0.0,5.0,0.0,17107,5,30168,1,0.0,-0.5,1.04,0.44,1.48,13.03,0.14,0.06,0.2,1.76,83.0,386.0,172.0,144.5,229.0,147.0,156.0,190.0,106.0,38.4,313.0,154.0,,,,33,,Carlos,Alcaraz Durán,Alcaraz,,,667,0,1,3,8,0,0,0,3,0,0,6,64,,,,0.0,0.4,1.08,0.81,8.64,13,10,41
302,a,100.0,100.0,5.4,153,97.0,0,0.0,-1,1.0,0.1,446,151.0,79,0,3.4,144.0,60.0,4,390,4.3,25.0,8.0,0.8,14.6,0.0,28450,519,30437,32,4.3,3.8,1.6,1.69,3.29,29.01,0.08,0.08,0.16,1.36,376.0,157.0,57.0,248.8,145.0,97.0,200.0,147.0,83.0,82.6,153.0,80.0,,,,33,,Idrissa Gana,Gueye,Gana,,,1919,2,3,5,23,0,0,0,1,1,0,23,208,,,,0.0,0.23,1.08,1.08,9.76,43,57,108
303,a,,,5.3,188,119.0,0,0.0,3,-3.0,4.2,93,31.0,142,0,4.4,37.0,15.0,13,701,3.0,81.0,33.0,0.6,26.8,0.0,1224130,2721,728327,653,3.0,2.5,1.97,5.01,6.98,47.64,0.06,0.16,0.22,1.49,755.2,15.0,4.0,768.0,9.0,9.0,215.0,137.0,80.0,174.1,20.0,16.0,1.0,3.0,2.0,33,,James,Garner,Garner,,,2873,2,6,11,37,0,0,0,8,0,0,32,395,,,,0.0,0.34,1.16,1.0,12.37,94,141,160
305,a,100.0,100.0,4.5,499,309.0,0,0.0,0,0.0,0.1,515,187.0,19,0,1.7,391.0,166.0,0,78,0.0,668.0,262.0,0.0,4.2,0.0,12878,13,19697,12,0.0,-0.5,0.79,0.21,1.0,10.79,0.14,0.04,0.18,1.96,58.6,408.0,178.0,66.6,322.0,178.0,78.0,290.0,156.0,20.5,382.0,177.0,,,,33,,Harrison,Armstrong,Armstrong,,,495,0,0,1,10,0,0,0,0,0,0,6,50,,,,0.0,0.18,1.82,1.09,9.09,13,13,24
306,a,,,4.3,609,359.0,0,0.0,-2,2.0,0.1,496,177.0,0,0,0.0,661.0,250.0,0,0,0.0,543.0,179.0,0.0,0.0,0.0,15239,4,16129,15,0.0,-0.5,0.0,0.0,0.0,0.0,0.0,0.0,0.0,0.0,0.0,651.0,240.0,0.0,647.0,245.0,0.0,624.0,234.0,0.0,653.0,242.0,,,,33,,Callum,Bates,Bates,,,0,0,0,0,0,0,0,0,0,0,0,0,0,,,,0.0,0.0,0.0,0.0,0.0,0,0,0
308,u,0.0,0.0,4.5,451,270.0,0,0.0,0,0.0,0.0,709,289.0,0,0,0.0,716.0,287.0,0,0,0.0,623.0,225.0,0.0,0.0,0.0,458,0,3773,1,0.0,0.0,0.0,0.0,0.0,0.0,0.0,0.0,0.0,0.0,0.0,711.0,282.0,0.0,706.0,284.0,0.0,690.0,277.0,0.0,712.0,283.0,,,,33,,Isaac,Heath,Heath,has joined Accrington on loan for the rest of the season.,,0,0,0,0,0,0,0,0,0,0,0,0,0,,,,0.0,0.0,0.0,0.0,0.0,0,0,0
309,u,0.0,0.0,4.5,448,268.0,0,0.0,0,0.0,0.0,824,369.0,0,0,0.0,714.0,285.0,0,0,0.0,620.0,223.0,0.0,0.0,0.0,0,0,115,1,0.0,0.0,0.0,0.0,0.0,0.0,0.0,0.0,0.0,0.0,0.0,709.0,280.0,0.0,704.0,282.0,0.0,688.0,275.0,0.0,710.0,281.0,,,,33,,Jenson,Metcalfe,Metcalfe,Has joined Bradford City permanently.,,0,0,0,0,0,0,0,0,0,0,0,0,0,,,,0.0,0.0,0.0,0.0,0.0,0,0,0
310,a,,,5.7,119,32.0,0,0.0,-3,3.0,0.7,222,31.0,77,0,2.4,292.0,32.0,7,228,0.7,265.0,32.0,0.1,13.5,0.0,303395,295,306758,161,0.7,0.2,6.13,0.38,6.51,28.92,0.34,0.02,0.36,1.58,250.4,244.0,22.0,180.0,196.0,18.0,424.0,50.0,20.0,83.0,152.0,21.0,,,,33,,Thierno,Barry,Barry,,,1645,6,0,7,25,0,0,0,3,0,0,19,58,,,,0.0,0.38,1.37,1.04,3.17,3,27,28
311,a,,,5.0,265,55.0,0,0.0,-5,5.0,3.0,112,18.0,83,0,2.6,252.0,27.0,10,272,7.7,3.0,1.0,1.5,16.6,0.0,570982,8685,1162232,303,7.7,7.2,7.73,0.22,7.95,20.18,0.55,0.02,0.57,1.43,351.0,178.0,17.0,124.8,247.0,28.0,536.0,30.0,16.0,99.6,101.0,16.0,,,3.0,33,,Norberto Bercique,Gomes Betuncal,Beto,,,1269,7,1,5,15,0,0,0,2,0,0,13,75,,,,0.0,0.35,1.06,0.92,5.32,13,37,25
312,u,0.0,0.0,4.9,332,62.0,0,0.0,-1,1.0,0.1,553,76.0,0,0,0.0,787.0,87.0,0,0,0.0,729.0,80.0,0.0,0.0,0.0,2418,0,14563,1,0.0,0.0,0.0,0.0,0.0,0.0,0.0,0.0,0.0,0.0,0.0,786.0,87.0,0.0,782.0,86.0,0.0,778.0,86.0,0.0,786.0,87.0,,,,33,,Youssef,Ramalho Chermiti,Y.Chermiti,has joined Rangers permanently.,,0,0,0,0,0,0,0,0,0,0,0,0,0,,,,0.0,0.0,0.0,0.0,0.0,0,0,0
313,u,0.0,0.0,4.4,557,78.0,0,0.0,-1,1.0,0.1,456,65.0,0,0,0.0,683.0,71.0,0,0,0.0,579.0,61.0,0.0,0.0,0.0,9203,0,26717,3,0.0,0.0,0.0,0.0,0.0,0.0,0.0,0.0,0.0,0.0,0.0,676.0,71.0,0.0,671.0,70.0,0.0,652.0,70.0,0.0,678.0,71.0,,,,33,,Martin,Sherif,Sherif,has joined Port Vale on loan for the rest of the season.,,0,0,0,0,0,0,0,0,0,0,0,0,0,,,,0.0,0.0,0.0,0.0,0.0,0,0,0
419,i,0.0,0.0,6.3,65,42.0,0,0.0,-2,2.0,5.7,68,22.0,79,0,4.0,64.0,28.0,12,356,0.0,812.0,360.0,0.0,12.5,0.0,3790574,2,3785582,250,0.0,0.0,2.05,3.37,5.41,25.81,0.11,0.19,0.3,1.43,374.2,161.0,59.0,520.5,35.0,32.0,397.0,56.0,33.0,129.2,57.0,37.0,,,,33,,Jack,Grealish,Grealish,Foot injury - Expected back 01 Jun,,1627,2,6,7,23,0,0,0,3,1,0,18,135,,,,0.0,0.39,1.27,1.0,7.47,20,27,88
630,a,,,3.9,753,75.0,0,0.0,-1,1.0,1.2,180,22.0,0,0,0.0,550.0,46.0,0,0,0.0,389.0,35.0,0.0,0.0,0.0,72574,6,104560,37,0.0,-0.5,0.0,0.0,0.0,0.0,0.0,0.0,0.0,0.0,0.0,540.0,46.0,0.0,527.0,29.0,0.0,495.0,16.0,0.0,542.0,46.0,,,,33,,Tom,King,King,,,0,0,0,0,0,0,0,0,0,0,0,0,0,,,,0.0,0.0,0.0,0.0,0.0,0,0,0
667,a,100.0,100.0,4.2,640,148.0,0,0.0,-3,3.0,0.1,571,204.0,0,0,0.0,646.0,251.0,0,0,0.0,507.0,208.0,0.0,0.0,0.0,2961,2,12734,2,0.0,-0.5,0.0,0.0,0.0,0.0,0.0,0.0,0.0,0.0,0.0,638.0,252.0,0.0,632.0,251.0,0.0,606.0,250.0,0.0,640.0,252.0,,,,33,,Adam,Aznou,Aznou,,,0,0,0,0,0,0,0,0,0,0,0,0,0,,,,0.0,0.0,0.0,0.0,0.0,0,0,0
704,u,0.0,0.0,4.5,438,261.0,0,0.0,0,0.0,0.0,588,220.0,0,0,0.0,709.0,280.0,0,0,0.0,613.0,217.0,0.0,0.0,0.0,8420,0,10235,3,0.0,0.0,0.0,0.0,0.0,0.0,0.0,0.0,0.0,0.0,0.0,703.0,274.0,0.0,699.0,277.0,0.0,682.0,270.0,0.0,705.0,276.0,,,,33,,Tyler,Onyango,Onyango,has joined Stockport County on loan for the rest of the season.,,0,0,0,0,0,0,0,0,0,0,0,0,0,,,,0.0,0.0,0.0,0.0,0.0,0,0,0
705,u,0.0,0.0,3.9,775,224.0,0,0.0,-1,1.0,0.1,416,153.0,0,0,0.0,565.0,204.0,0,0,0.0,405.0,144.0,0.0,0.0,0.0,18604,0,17690,10,0.0,0.0,0.0,0.0,0.0,0.0,0.0,0.0,0.0,0.0,0.0,555.0,203.0,0.0,543.0,203.0,0.0,511.0,198.0,0.0,557.0,203.0,,,,33,,Elijah,Campbell,Campbell,has joined Port Vale on loan for the rest of the season.,,0,0,0,0,0,0,0,0,0,0,0,0,0,,,,0.0,0.0,0.0,0.0,0.0,0,0,0
707,a,,,5.3,197,123.0,0,0.0,-2,2.0,0.0,650,255.0,18,0,1.3,438.0,196.0,0,49,0.0,772.0,335.0,0.0,3.4,0.0,7893,2,7493,4,0.0,-0.5,0.2,0.14,0.34,6.65,0.05,0.04,0.09,1.71,46.0,420.0,184.0,61.0,335.0,183.0,32.0,366.0,187.0,13.6,408.0,185.0,,,,33,,Tyler,Dibling,Dibling,,,349,0,0,2,2,0,0,0,2,0,0,4,40,,,,0.0,0.52,0.52,1.03,10.32,7,11,22
728,a,100.0,100.0,5.0,275,169.0,0,0.0,0,0.0,0.0,708,288.0,18,0,1.5,416.0,181.0,0,48,0.3,319.0,153.0,0.1,3.6,0.0,1607,2,1713,2,0.3,-0.2,0.5,0.21,0.71,8.22,0.13,0.05,0.18,2.07,67.6,398.0,175.0,66.2,323.0,179.0,32.0,365.0,186.0,16.6,396.0,180.0,,,,33,,Merlin,Röhl,Röhl,,,358,0,0,2,6,0,0,0,0,0,0,2,48,,,,0.0,0.5,1.51,0.5,12.07,18,10,20
779,a,,,4.5,507,72.0,0,0.0,0,0.0,0.0,621,82.0,0,0,0.0,758.0,82.0,0,0,0.0,676.0,72.0,0.0,0.0,0.0,5172,15,3043,7,0.0,-0.5,0.0,0.0,0.0,0.0,0.0,0.0,0.0,0.0,0.0,757.0,82.0,0.0,750.0,81.0,0.0,737.0,81.0,0.0,757.0,82.0,,,,33,,Braiden,Graham,Graham,,,0,0,0,0,0,0,0,0,0,0,0,0,0,,,,0.0,0.0,0.0,0.0,0.0,0,0,0
314,a,,,4.9,286,10.0,0,0.0,-1,1.0,1.8,144,19.0,98,7,3.0,197.0,22.0,4,455,4.0,32.0,3.0,0.8,20.0,0.0,302303,649,289210,141,4.0,4.0,0.0,0.0,0.0,46.04,0.0,0.0,0.0,1.4,676.6,35.0,10.0,0.0,767.0,91.0,0.0,763.0,89.0,67.5,204.0,10.0,,,,33,,Bernd,Leno,Leno,,,2970,0,0,7,46,1,0,0,3,0,84,33,107,,,,2.55,0.21,1.39,1.0,0.0,4,42,277
315,u,0.0,0.0,4.0,680,48.0,0,0.0,0,0.0,0.0,762,89.0,0,0,0.0,590.0,70.0,0,0,0.0,434.0,61.0,0.0,0.0,0.0,577,0,906,0,0.0,0.0,0.0,0.0,0.0,0.0,0.0,0.0,0.0,0.0,0.0,580.0,70.0,0.0,571.0,57.0,0.0,540.0,44.0,0.0,582.0,70.0,,,,33,,Steven,Benda,Benda,has joined Feyenoord on loan for the rest of the season.,,0,0,0,0,0,0,0,0,0,0,0,0,0,,,,0.0,0.0,0.0,0.0,0.0,0,0,0
316,a,100.0,100.0,4.9,294,45.0,0,0.0,-1,1.0,0.8,209,81.0,44,1,2.6,247.0,97.0,4,195,1.7,158.0,62.0,0.3,9.0,0.0,184933,207,204195,101,1.7,1.7,0.22,1.34,1.56,18.05,0.02,0.11,0.13,1.45,268.8,229.0,91.0,279.2,128.0,34.0,44.0,341.0,111.0,59.2,236.0,82.0,,,,33,,Antonee,Robinson,Robinson,,,1118,0,0,3,14,0,0,0,3,0,0,13,105,,,,0.0,0.24,1.13,1.05,8.37,36,68,67
317,a,100.0,100.0,4.5,418,79.0,0,0.0,0,0.0,4.7,80,26.0,111,6,3.7,90.0,34.0,5,393,3.7,45.0,18.0,0.8,24.7,0.0,1558899,752,1303330,353,3.7,3.7,1.38,1.8,3.18,40.61,0.05,0.06,0.11,1.38,721.8,21.0,8.0,116.8,255.0,71.0,139.0,215.0,55.0,98.1,104.0,30.0,,,,33,,Joachim,Andersen,Andersen,,,2651,0,1,7,41,0,0,0,7,0,0,30,338,,,,0.0,0.24,1.39,1.02,10.22,38,263,107
318,a,100.0,100.0,4.4,536,111.0,0,0.0,-1,1.0,0.6,239,91.0,86,6,3.4,135.0,51.0,9,296,3.7,43.0,16.0,0.8,19.5,0.0,170323,144,153972,74,3.7,3.7,1.71,0.27,1.97,31.32,0.07,0.01,0.08,1.35,481.4,97.0,42.0,104.8,273.0,81.0,100.0,262.0,74.0,69.0,202.0,69.0,,,,33,,Calvin,Bassey,Bassey,,,2082,1,1,5,35,0,0,0,5,0,0,23,216,,,,0.0,0.22,1.51,0.99,7.61,51,125,94
319,a,,,4.3,579,126.0,0,0.0,-2,2.0,0.1,462,170.0,39,6,1.6,401.0,150.0,0,193,3.0,75.0,27.0,0.7,9.1,0.0,20487,59,26432,2,3.0,3.0,1.21,0.8,2.01,26.01,0.08,0.05,0.13,1.68,288.2,217.0,86.0,213.3,171.0,44.0,141.0,212.0,53.0,64.5,214.0,73.0,,,,33,,Timothy,Castagne,Castagne,,,1396,0,1,1,26,0,0,0,3,0,0,15,134,,,,0.0,0.06,1.68,0.97,7.67,29,90,43
320,a,,,4.3,582,129.0,0,0.0,-2,2.0,0.1,534,190.0,13,0,1.3,430.0,155.0,0,49,0.0,522.0,218.0,0.0,3.0,0.0,7985,1,12076,8,0.0,0.0,0.02,0.04,0.06,10.15,0.0,0.01,0.01,1.54,118.0,354.0,134.0,5.7,444.0,159.0,12.0,405.0,150.0,13.6,407.0,146.0,,,,33,,Issa,Diop,Diop,,,592,0,0,0,11,0,0,0,2,0,0,6,55,,,,0.0,0.0,1.67,0.91,7.3,6,42,14
321,a,,,4.3,586,132.0,0,0.0,-2,2.0,0.1,575,205.0,39,0,2.8,216.0,84.0,1,155,0.0,524.0,219.0,0.0,9.1,0.0,6886,1,8073,7,0.0,0.0,0.05,0.53,0.58,14.59,0.0,0.05,0.05,1.41,244.6,247.0,97.0,47.1,358.0,127.0,14.0,400.0,146.0,30.7,344.0,116.0,,,,33,,Jorge,Cuenca Barreno,J.Cuenca,,,931,0,0,2,11,0,0,0,5,0,0,11,120,,,,0.0,0.19,1.06,1.06,11.02,16,98,40
322,i,0.0,0.0,4.5,416,78.0,0,0.0,0,0.0,0.3,345,124.0,81,0,3.7,89.0,33.0,5,318,0.0,597.0,236.0,0.0,18.0,0.0,180675,0,174772,155,0.0,0.0,0.92,1.46,2.38,25.79,0.05,0.07,0.12,1.3,416.0,132.0,56.0,214.1,169.0,42.0,108.0,254.0,69.0,73.9,179.0,60.0,,,,33,,Kenny,Tete,Tete,Foot injury - Unknown return date,,1791,1,0,6,25,0,0,0,2,0,0,21,188,,,,0.0,0.3,1.26,1.06,8.29,65,100,82
323,a,,,3.8,817,257.0,0,0.0,-2,2.0,0.1,426,158.0,0,0,0.0,543.0,199.0,0,0,0.0,380.0,137.0,0.0,0.0,0.0,9801,5,17787,5,0.0,0.0,0.0,0.0,0.0,0.0,0.0,0.0,0.0,0.0,0.0,532.0,198.0,0.0,517.0,198.0,0.0,485.0,193.0,0.0,534.0,198.0,,,,33,,Samuel,Amissah,Amissah,,,0,0,0,0,0,0,0,0,0,0,0,0,0,,,,0.0,0.0,0.0,0.0,0.0,0,0,0
324,d,75.0,100.0,6.3,66,43.0,0,0.0,-2,2.0,1.9,139,46.0,98,1,3.6,112.0,52.0,13,478,1.3,195.0,90.0,0.2,15.6,0.0,590619,145,540471,1231,1.0,1.3,1.41,4.42,5.83,34.68,0.06,0.18,0.24,1.38,477.6,101.0,33.0,671.7,15.0,15.0,267.0,101.0,62.0,141.7,40.0,28.0,2.0,,,33,,Alex,Iwobi,Iwobi,Hamstring injury - 75% chance of playing,,2264,4,3,4,39,0,0,0,3,0,0,27,175,,,,0.0,0.16,1.55,1.07,6.96,26,34,115
325,a,100.0,100.0,5.6,126,78.0,0,0.0,-4,4.0,0.5,267,93.0,69,3,2.2,316.0,138.0,1,296,1.7,164.0,69.0,0.3,12.3,0.0,164597,67,221264,38,1.7,1.7,4.42,1.06,5.48,26.28,0.25,0.06,0.31,1.51,256.0,241.0,103.0,290.0,119.0,84.0,342.0,76.0,43.0,88.8,136.0,75.0,,,,33,,Emile,Smith Rowe,Smith Rowe,,,1563,3,1,4,23,0,0,0,1,0,0,17,120,,,,0.0,0.23,1.32,0.98,6.91,25,37,58
327,u,0.0,0.0,5.3,184,115.0,0,0.0,-2,2.0,0.1,566,209.0,0,0,0.0,806.0,356.0,0,0,0.0,770.0,333.0,0.0,0.0,0.0,2438,0,35623,2,0.0,0.0,0.0,0.0,0.0,0.0,0.0,0.0,0.0,0.0,0.0,805.0,355.0,0.0,804.0,355.0,0.0,801.0,354.0,0.0,805.0,355.0,,,,33,,Andreas,Hoelgebaum Pereira,Andreas,has joined Palmeiras permanently.,,0,0,0,0,0,0,0,0,0,0,0,0,0,,,,0.0,0.0,0.0,0.0,0.0,0,0,0
328,a,100.0,100.0,5.4,160,100.0,0,0.0,-1,1.0,0.2,409,142.0,84,3,3.2,178.0,73.0,5,296,1.7,162.0,67.0,0.3,15.6,0.0,146852,23,140791,10,1.7,1.7,1.34,1.79,3.13,25.71,0.07,0.09,0.16,1.33,360.0,168.0,63.0,200.4,179.0,118.0,193.0,157.0,89.0,75.2,175.0,89.0,,,,33,,Ryan,Sessegnon,Sessegnon,,,1736,2,3,5,29,0,0,0,0,0,0,19,207,,,,0.0,0.26,1.5,0.99,10.73,45,92,70
329,a,100.0,100.0,6.0,84,55.0,0,0.0,5,-5.0,22.0,15,5.0,157,3,5.1,12.0,5.0,21,594,4.7,22.0,6.0,0.8,26.2,0.0,5632785,7899,2940633,2532,4.7,4.7,5.48,4.44,9.92,35.45,0.2,0.16,0.36,1.31,658.0,39.0,10.0,566.9,29.0,27.0,562.0,28.0,13.0,178.6,17.0,13.0,1.0,1.0,3.0,33,,Harry,Wilson,Wilson,,,2431,10,8,8,34,0,0,0,6,0,0,29,161,,,,0.0,0.3,1.26,1.07,5.96,25,60,76
330,a,,,4.9,303,188.0,0,0.0,-1,1.0,0.1,514,186.0,84,0,2.6,248.0,100.0,3,476,3.0,77.0,29.0,0.6,17.1,0.0,13138,13,13882,11,3.0,3.0,1.32,1.32,2.64,41.51,0.04,0.04,0.08,1.39,415.8,133.0,46.0,315.9,102.0,75.0,85.0,284.0,154.0,82.0,154.0,81.0,,,,33,,Sander,Berge,Berge,,,2679,0,3,6,44,1,0,0,5,0,0,31,263,,,,0.0,0.2,1.48,1.04,8.84,54,86,123
331,a,100.0,100.0,4.8,347,217.0,0,0.0,-2,2.0,0.0,641,250.0,32,3,1.5,413.0,178.0,1,134,1.0,216.0,94.0,0.2,6.7,0.0,2870,6,4948,6,1.0,1.0,0.95,0.61,1.56,10.74,0.14,0.09,0.23,1.55,84.2,383.0,169.0,106.6,269.0,164.0,49.0,334.0,174.0,24.0,363.0,172.0,,,,33,,Tom,Cairney,Cairney,,,625,1,0,2,9,0,0,0,3,0,0,5,48,,,,0.0,0.29,1.3,0.72,6.91,5,8,35
332,a,100.0,100.0,4.9,307,191.0,0,0.0,-1,1.0,0.1,573,214.0,54,2,2.5,269.0,112.0,3,248,1.0,218.0,95.0,0.2,11.0,0.0,14847,4,19295,4,1.0,1.0,1.9,1.65,3.55,21.26,0.12,0.11,0.23,1.4,250.0,245.0,105.0,365.3,74.0,57.0,129.0,230.0,126.0,74.3,177.0,90.0,3.0,,,33,,Saša,Lukić,Lukić,,,1370,1,3,5,17,0,0,0,7,0,0,16,143,,,,0.0,0.33,1.12,1.05,9.39,40,48,55
333,u,0.0,0.0,4.5,477,292.0,0,0.0,0,0.0,0.0,671,270.0,0,0,0.0,735.0,304.0,0,0,0.0,646.0,245.0,0.0,0.0,0.0,898,0,6616,0,0.0,0.0,0.0,0.0,0.0,0.0,0.0,0.0,0.0,0.0,0.0,732.0,301.0,0.0,726.0,302.0,0.0,712.0,297.0,0.0,733.0,302.0,,,,33,,Martial,Godo,Godo,has joined Strasbourg permanently.,,0,0,0,0,0,0,0,0,0,0,0,0,0,,,,0.0,0.0,0.0,0.0,0.0,0,0,0
338,a,100.0,100.0,5.3,189,43.0,0,0.0,-2,2.0,0.7,226,33.0,29,2,1.8,383.0,44.0,3,78,2.0,134.0,20.0,0.4,5.5,0.0,265631,120,440465,25,2.0,2.0,2.17,0.12,2.29,11.44,0.27,0.02,0.29,1.43,94.6,377.0,40.0,89.3,294.0,32.0,214.0,139.0,33.0,38.7,312.0,35.0,,,,33,,Rodrigo,Muniz Carvalho,Muniz,,,719,1,1,2,11,1,0,0,1,0,0,7,43,,,,0.0,0.25,1.38,0.88,5.38,4,26,13
424,a,100.0,100.0,5.1,238,142.0,0,0.0,-4,4.0,0.2,364,124.0,34,1,1.9,356.0,154.0,0,145,1.3,185.0,82.0,0.3,6.7,0.0,92314,17,100898,27,1.3,1.3,1.16,1.56,2.72,10.4,0.13,0.17,0.3,1.15,109.6,363.0,162.0,247.7,147.0,99.0,155.0,192.0,107.0,51.5,268.0,136.0,,,,33,,Oscar,Bobb,Bobb,,,813,0,2,3,12,0,0,0,1,0,0,9,62,,,,0.0,0.33,1.33,1.0,6.86,16,10,36
664,a,,,3.9,749,72.0,0,0.0,-1,1.0,0.7,229,30.0,0,0,0.0,548.0,44.0,0,0,0.0,385.0,32.0,0.0,0.0,0.0,43598,3,56751,24,0.0,0.0,0.0,0.0,0.0,0.0,0.0,0.0,0.0,0.0,0.0,538.0,44.0,0.0,524.0,26.0,0.0,492.0,13.0,0.0,540.0,44.0,,,,33,,Benjamin,Lecomte,Lecomte,,,0,0,0,0,0,0,0,0,0,0,0,0,0,,,,0.0,0.0,0.0,0.0,0.0,0,0,0
727,a,100.0,100.0,5.3,186,117.0,0,0.0,-2,2.0,0.1,520,189.0,54,1,2.8,225.0,91.0,1,215,1.0,225.0,99.0,0.2,10.2,0.0,101080,20,94897,18,1.0,1.0,2.03,3.2,5.23,14.52,0.21,0.34,0.55,1.52,257.0,240.0,102.0,277.8,129.0,88.0,226.0,126.0,75.0,75.8,174.0,88.0,,,,33,,Samuel,Chukwueze,Chukwueze,,,857,3,4,1,16,0,0,0,0,0,0,7,72,,,,0.0,0.11,1.68,0.74,7.56,6,17,49
731,i,0.0,0.0,5.7,118,75.0,0,0.0,-3,3.0,0.1,583,217.0,43,0,1.9,363.0,157.0,0,158,0.0,799.0,350.0,0.0,7.5,0.0,34766,1,32093,6,0.0,0.0,1.12,1.4,2.52,13.01,0.11,0.14,0.25,1.3,200.8,277.0,116.0,231.6,162.0,108.0,206.0,143.0,81.0,63.6,220.0,108.0,,,,33,,Kevin,Santos Lopes de Macedo,Kevin,Foot injury - Unknown return date,,898,1,2,4,15,0,0,0,1,0,0,8,75,,,,0.0,0.4,1.5,0.8,7.52,19,16,40
737,a,,,4.5,510,74.0,0,0.0,0,0.0,0.1,484,69.0,4,0,0.8,516.0,62.0,0,11,0.0,678.0,74.0,0.0,0.9,0.0,22048,20,17531,12,0.0,0.0,0.0,0.07,0.07,0.75,0.0,0.21,0.21,2.25,1.2,502.0,59.0,11.4,424.0,56.0,8.0,424.0,58.0,2.1,471.0,57.0,,,,33,,Jonah,Kusi-Asare,Kusi-Asare,,,30,0,0,0,2,0,0,0,1,0,0,0,2,,,,0.0,0.0,6.0,0.0,6.0,0,0,2
770,a,,,4.5,505,314.0,0,0.0,0,0.0,0.0,780,337.0,0,0,0.0,756.0,320.0,0,0,0.0,674.0,267.0,0.0,0.0,0.0,729,2,454,1,0.0,0.0,0.0,0.0,0.0,0.0,0.0,0.0,0.0,0.0,0.0,755.0,319.0,0.0,748.0,319.0,0.0,735.0,315.0,0.0,755.0,319.0,,,,33,,Seth,Ridgeon,Ridgeon,,,0,0,0,0,0,0,0,0,0,0,0,0,0,,,,0.0,0.0,0.0,0.0,0.0,0,0,0
786,a,,,4.0,706,60.0,0,0.0,0,0.0,0.0,739,85.0,0,0,0.0,611.0,82.0,0,0,0.0,459.0,73.0,0.0,0.0,0.0,816,5,435,1,0.0,0.0,0.0,0.0,0.0,0.0,0.0,0.0,0.0,0.0,0.0,602.0,82.0,0.0,593.0,69.0,0.0,562.0,56.0,0.0,604.0,82.0,,,,33,,Alfie,McNally,McNally,,,0,0,0,0,0,0,0,0,0,0,0,0,0,,,,0.0,0.0,0.0,0.0,0.0,0,0,0
168,a,100.0,100.0,4.6,404,249.0,0,0.0,-4,4.0,0.1,497,178.0,2,0,0.7,520.0,242.0,0,5,0.0,689.0,278.0,0.0,0.4,0.0,17054,13,30389,21,0.0,0.5,0.04,0.1,0.14,1.86,0.05,0.13,0.18,2.43,6.0,477.0,215.0,25.7,389.0,196.0,19.0,391.0,195.0,5.0,453.0,203.0,,,,33,,Facundo,Buonanotte,Buonanotte,,,69,0,0,0,2,0,0,0,1,0,0,1,5,,,,0.0,0.0,2.61,1.3,6.52,1,1,3
339,a,,,4.1,656,36.0,0,0.0,-4,4.0,0.3,307,41.0,0,0,0.0,641.0,88.0,0,0,0.0,498.0,79.0,0.0,0.0,0.0,14638,10,64907,26,0.0,0.5,0.0,0.0,0.0,0.0,0.0,0.0,0.0,0.0,0.0,632.0,88.0,0.0,624.0,76.0,0.0,595.0,63.0,0.0,634.0,88.0,,,,33,,Illan,Meslier,Meslier,,,0,0,0,0,0,0,0,0,0,0,0,0,0,,,,0.0,0.0,0.0,0.0,0.0,0,0,0
340,a,,,3.9,750,73.0,0,0.0,-1,1.0,0.1,422,61.0,0,0,0.0,549.0,45.0,0,0,0.0,386.0,33.0,0.0,0.0,0.0,8802,5,15759,12,0.0,0.5,0.0,0.0,0.0,0.0,0.0,0.0,0.0,0.0,0.0,539.0,45.0,0.0,525.0,27.0,0.0,493.0,14.0,0.0,541.0,45.0,,,,33,,Alex,Cairns,Cairns,,,0,0,0,0,0,0,0,0,0,0,0,0,0,,,,0.0,0.0,0.0,0.0,0.0,0,0,0
341,a,,,3.9,745,68.0,0,0.0,-1,1.0,5.7,69,11.0,52,6,3.1,182.0,20.0,0,249,4.0,29.0,2.0,1.0,13.3,0.0,715880,1001,301309,1015,0.0,8.5,0.0,0.04,0.04,19.4,0.0,0.0,0.0,1.14,363.6,167.0,20.0,0.0,520.0,22.0,0.0,488.0,9.0,36.6,320.0,20.0,,,,33,,Karl,Darlow,Darlow,,,1530,0,0,4,20,0,0,0,1,0,43,17,59,,,,2.53,0.24,1.18,1.0,0.0,0,22,157
342,a,100.0,100.0,4.4,532,107.0,0,0.0,-1,1.0,0.8,217,83.0,88,6,2.8,217.0,85.0,1,275,4.2,28.0,12.0,1.0,20.0,0.0,126512,119,52336,559,0.0,8.9,2.05,2.58,4.63,37.26,0.07,0.09,0.16,1.3,375.8,158.0,67.0,284.5,125.0,33.0,206.0,141.0,28.0,86.8,142.0,45.0,,,,33,,Jayden,Bogle,Bogle,,,2583,1,4,6,42,0,0,0,6,0,0,29,204,,,,0.0,0.21,1.46,1.01,5.57,57,103,124
343,a,100.0,100.0,4.3,583,130.0,0,0.0,-2,2.0,2.9,115,44.0,101,6,3.4,134.0,50.0,3,390,3.2,67.0,24.0,0.7,23.5,0.0,481843,216,135800,1707,0.0,6.9,2.97,0.72,3.69,37.42,0.1,0.02,0.12,1.29,614.4,45.0,20.0,146.4,226.0,59.0,252.0,110.0,14.0,101.3,97.0,27.0,,,,33,,Pascal,Struijk,Struijk,,,2610,0,1,7,41,0,0,0,4,0,0,29,286,,,,0.0,0.24,1.41,1.0,9.21,33,234,105
344,a,100.0,100.0,3.9,763,219.0,0,0.0,-1,1.0,1.2,181,69.0,76,6,3.8,81.0,29.0,5,249,5.2,11.0,4.0,1.3,19.5,0.0,239522,322,104590,628,0.0,10.9,0.9,0.63,1.53,23.79,0.05,0.04,0.09,1.44,374.2,160.0,68.0,50.7,351.0,125.0,218.0,133.0,26.0,64.2,216.0,75.0,,,,33,,Jaka,Bijol,Bijol,,,1486,1,2,4,22,0,0,0,3,0,0,16,173,,,,0.0,0.24,1.33,0.97,9.81,23,139,55
345,a,100.0,100.0,3.8,800,242.0,0,0.0,-2,2.0,0.1,437,164.0,17,0,1.9,349.0,128.0,0,48,0.0,365.0,124.0,0.0,4.5,0.0,22980,2,19218,36,0.0,0.5,0.0,0.01,0.01,4.93,0.0,0.0,0.0,1.46,78.4,392.0,148.0,5.6,445.0,160.0,10.0,413.0,153.0,9.4,425.0,153.0,,,,33,,Sebastiaan,Bornauw,Bornauw,,,304,0,0,1,4,0,0,0,1,0,0,4,38,,,,0.0,0.3,1.18,1.18,11.25,6,32,7
346,a,,,3.7,819,259.0,0,0.0,-3,3.0,0.3,327,119.0,1,0,1.0,450.0,160.0,0,-2,0.0,349.0,110.0,0.0,0.3,0.0,39634,132,38164,100,0.0,0.5,0.0,0.0,0.0,0.79,0.0,0.0,0.0,10.16,0.0,511.0,180.0,0.0,493.0,178.0,0.0,459.0,171.0,0.0,513.0,180.0,,,,33,,Sam,Byram,Byram,,,7,0,0,0,1,0,0,0,0,0,0,0,0,,,,0.0,0.0,12.86,0.0,0.0,0,0,0
347,a,100.0,100.0,3.8,796,238.0,0,0.0,-2,2.0,3.4,100,35.0,67,6,2.2,306.0,113.0,8,276,2.0,124.0,46.0,0.5,17.6,0.0,996094,143,916950,944,0.0,4.5,1.1,2.33,3.42,39.61,0.04,0.08,0.12,1.4,408.0,140.0,60.0,346.5,82.0,20.0,154.0,194.0,47.0,90.9,129.0,38.0,,,,33,,Gabriel,Gudmundsson,Gudmundsson,,,2547,0,0,5,43,1,0,0,4,1,0,30,211,,,,0.0,0.18,1.52,1.06,6.22,63,113,111
348,a,100.0,25.0,3.9,758,216.0,0,0.0,-1,1.0,3.1,110,41.0,100,1,3.3,149.0,56.0,5,333,1.8,151.0,59.0,0.5,25.6,0.0,1200086,63,1098404,1458,0.0,1.0,1.2,0.4,1.6,39.93,0.04,0.01,0.05,1.41,611.8,46.0,21.0,86.7,297.0,93.0,183.0,169.0,37.0,88.4,137.0,43.0,,,,33,,Joe,Rodon,Rodon,,,2547,2,0,5,46,0,0,0,1,0,0,29,269,,,,0.0,0.18,1.63,1.02,8.52,32,209,73
349,u,0.0,0.0,4.0,697,177.0,0,0.0,0,0.0,0.1,558,200.0,0,0,0.0,605.0,222.0,0,0,0.0,451.0,166.0,0.0,0.0,0.0,788,0,16010,1,0.0,0.0,0.0,0.0,0.0,0.0,0.0,0.0,0.0,0.0,0.0,595.0,221.0,0.0,586.0,221.0,0.0,555.0,217.0,0.0,597.0,221.0,,,,33,,Isaac,Schmidt,Schmidt,has joined Werder Bremen on loan for the rest of the season.,,0,0,0,0,0,0,0,0,0,0,0,0,0,,,,0.0,0.0,0.0,0.0,0.0,0,0,0
350,a,,,5.4,167,105.0,0,0.0,-1,1.0,1.3,167,60.0,119,5,3.7,102.0,44.0,5,408,3.2,70.0,27.0,0.6,22.0,0.0,336326,212,174574,1461,0.0,6.9,4.22,3.05,7.27,30.78,0.18,0.13,0.31,1.3,417.0,129.0,43.0,406.8,66.0,52.0,448.0,43.0,26.0,127.1,59.0,38.0,,,,33,,Brenden,Aaronson,Aaronson,,,2137,4,8,9,28,0,0,0,2,0,0,26,191,,,,0.0,0.38,1.18,1.09,8.04,46,28,117
351,a,100.0,100.0,5.1,239,143.0,0,0.0,-4,4.0,0.1,510,185.0,24,1,1.3,436.0,194.0,0,96,0.5,293.0,139.0,0.1,4.7,0.0,9925,5,40737,11,0.0,1.5,0.29,0.58,0.87,9.15,0.06,0.13,0.19,1.98,62.8,405.0,176.0,90.7,292.0,172.0,43.0,345.0,179.0,19.5,387.0,178.0,,,,33,,Wilfried,Gnonto,Gnonto,,,416,0,2,1,11,0,0,0,3,0,0,4,44,,,,0.0,0.22,2.38,0.87,9.52,14,11,19
352,u,0.0,0.0,5.1,228,139.0,0,0.0,-4,4.0,0.0,601,227.0,12,0,1.1,449.0,200.0,0,51,0.0,759.0,327.0,0.0,2.4,0.0,6000,0,18736,4,0.0,0.0,0.28,0.23,0.51,3.82,0.1,0.08,0.18,1.31,30.0,437.0,192.0,49.4,353.0,185.0,35.0,359.0,185.0,11.5,420.0,191.0,,,,33,,Jack,Harrison,Harrison,has joined ACF Fiorentina on loan for the rest of the season.,,262,0,0,0,5,0,0,0,0,0,0,1,24,,,,0.0,0.0,1.72,0.34,8.24,5,6,13
353,d,25.0,25.0,5.2,205,127.0,0,0.0,-3,3.0,0.1,488,172.0,18,0,1.2,443.0,198.0,0,72,0.2,345.0,165.0,0.0,3.5,0.0,8434,1,53121,9,0.0,0.2,0.71,0.59,1.3,10.53,0.16,0.13,0.29,2.34,47.2,417.0,183.0,113.3,262.0,160.0,103.0,258.0,141.0,26.5,360.0,171.0,,,,33,,Daniel,James,James,Muscle injury - 25% chance of playing,,405,0,0,1,13,0,0,0,0,0,0,4,26,,,,0.0,0.22,2.89,0.89,5.78,5,3,18
354,a,100.0,100.0,4.9,298,185.0,0,0.0,-1,1.0,0.6,252,90.0,108,3,3.6,106.0,48.0,6,487,2.8,87.0,36.0,0.6,22.0,0.0,112528,50,49264,578,0.0,6.1,2.38,2.08,4.46,39.7,0.08,0.07,0.15,1.34,513.6,79.0,24.0,329.2,97.0,72.0,112.0,247.0,136.0,95.8,111.0,62.0,,,,33,,Ethan,Ampadu,Ampadu,,,2669,1,2,7,42,0,0,0,8,0,0,30,357,,,,0.0,0.24,1.42,1.01,12.04,71,127,159
359,u,0.0,0.0,4.5,460,278.0,0,0.0,0,0.0,0.0,797,351.0,0,0,0.0,722.0,293.0,0,0,0.0,630.0,231.0,0.0,0.0,0.0,0,0,973,0,0.0,0.0,0.0,0.0,0.0,0.0,0.0,0.0,0.0,0.0,0.0,717.0,288.0,0.0,712.0,290.0,0.0,696.0,283.0,0.0,718.0,289.0,,,,33,,Charlie,Crew,Crew,Has joined Doncaster Rovers on loan for the rest of the season.,,0,0,0,0,0,0,0,0,0,0,0,0,0,,,,0.0,0.0,0.0,0.0,0.0,0,0,0
360,u,0.0,0.0,4.5,440,263.0,0,0.0,0,0.0,0.0,760,323.0,0,0,0.0,711.0,282.0,0,0,0.0,615.0,219.0,0.0,0.0,0.0,0,0,2904,0,0.0,0.0,0.0,0.0,0.0,0.0,0.0,0.0,0.0,0.0,0.0,705.0,276.0,0.0,701.0,279.0,0.0,684.0,272.0,0.0,707.0,278.0,,,,33,,Joe,Gelhardt,Gelhardt,Has joined Hull City on loan for the rest of the season.,,0,0,0,0,0,0,0,0,0,0,0,0,0,,,,0.0,0.0,0.0,0.0,0.0,0,0,0
361,u,0.0,0.0,4.5,441,264.0,0,0.0,0,0.0,0.0,670,269.0,0,0,0.0,712.0,283.0,0,0,0.0,616.0,220.0,0.0,0.0,0.0,1165,0,8443,0,0.0,0.0,0.0,0.0,0.0,0.0,0.0,0.0,0.0,0.0,0.0,706.0,277.0,0.0,702.0,280.0,0.0,685.0,273.0,0.0,708.0,279.0,,,,33,,Darko,Gyabi,Gyabi,has joined Hull City permanently.,,0,0,0,0,0,0,0,0,0,0,0,0,0,,,,0.0,0.0,0.0,0.0,0.0,0,0,0
362,a,100.0,100.0,4.9,315,58.0,0,0.0,-6,6.0,0.3,304,46.0,14,0,1.1,448.0,55.0,0,34,0.0,718.0,77.0,0.0,2.9,0.0,39419,8,221277,24,0.0,0.5,0.81,0.13,0.94,5.3,0.34,0.05,0.39,2.22,10.6,463.0,55.0,36.9,372.0,48.0,96.0,267.0,47.0,13.8,404.0,51.0,,,3.0,33,,Joël,Piroe,Piroe,,,215,0,0,1,7,0,0,0,0,0,0,2,11,,,,0.0,0.42,2.93,0.84,4.6,1,1,9
493,a,100.0,100.0,4.8,350,220.0,0,0.0,-2,2.0,0.2,362,123.0,46,1,2.4,281.0,119.0,4,241,0.5,283.0,132.0,0.1,9.6,0.0,178088,3,182395,13,0.0,1.5,0.83,1.61,2.44,13.97,0.08,0.15,0.23,1.33,240.6,251.0,106.0,359.4,79.0,60.0,71.0,299.0,160.0,67.1,205.0,101.0,2.0,2.0,,33,,Sean,Longstaff,Longstaff,,,948,1,2,1,19,0,0,0,2,0,0,10,100,,,,0.0,0.09,1.8,0.95,9.49,37,25,38
660,d,25.0,25.0,4.8,365,227.0,0,0.0,-2,2.0,1.8,146,51.0,122,0,4.7,23.0,9.0,11,498,0.8,244.0,111.0,0.2,25.4,0.0,1166500,18,997791,1603,0.0,0.5,2.5,4.29,6.79,30.23,0.11,0.18,0.29,1.27,587.2,52.0,13.0,847.6,5.0,5.0,286.0,99.0,60.0,172.3,22.0,18.0,1.0,1.0,,33,,Anton,Stach,Stach,Ankle injury - 25% chance of playing,,2135,4,6,6,34,0,0,0,3,0,0,25,245,,,,0.0,0.25,1.43,1.05,10.33,57,76,112
691,a,100.0,100.0,5.6,123,34.0,0,0.0,1,-1.0,12.1,29,5.0,118,6,3.9,77.0,6.0,16,385,2.5,104.0,13.0,0.4,21.1,0.0,3664295,3545,2114773,8288,0.0,5.5,13.75,1.0,14.74,27.64,0.54,0.04,0.58,1.08,463.0,107.0,10.0,257.1,139.0,10.0,867.0,4.0,3.0,157.7,27.0,5.0,,,1.0,33,,Dominic,Calvert-Lewin,Calvert-Lewin,,,2293,11,2,7,29,0,0,1,1,0,0,25,86,,,,0.0,0.27,1.14,0.98,3.38,10,38,38
698,a,100.0,100.0,5.5,143,89.0,0,0.0,0,0.0,1.4,161,56.0,94,11,3.6,108.0,49.0,6,320,6.8,5.0,2.0,1.2,17.1,0.0,247693,4604,63541,1045,0.0,14.1,4.73,1.19,5.92,23.63,0.3,0.08,0.38,1.49,330.8,190.0,77.0,202.2,176.0,116.0,357.0,68.0,40.0,89.0,135.0,74.0,,,,33,,Noah,Okafor,Okafor,,,1426,7,3,5,25,0,0,0,3,0,0,17,99,,,,0.0,0.32,1.58,1.07,6.25,21,27,51
706,a,100.0,100.0,3.9,760,217.0,0,0.0,-1,1.0,1.3,168,65.0,75,13,3.1,183.0,72.0,6,274,5.0,12.0,5.0,1.3,19.2,0.0,240781,305,81760,669,0.0,10.5,1.61,1.06,2.67,24.05,0.1,0.07,0.17,1.5,312.2,202.0,80.0,156.7,211.0,56.0,149.0,204.0,51.0,61.9,231.0,79.0,3.0,,,33,,James,Justin,Justin,,,1443,2,1,5,19,0,0,0,4,0,0,16,148,,,,0.0,0.31,1.19,1.0,8.79,37,104,55
741,u,0.0,0.0,4.5,495,70.0,0,0.0,0,0.0,0.1,524,73.0,0,0,0.0,748.0,80.0,0,0,0.0,664.0,70.0,0.0,0.0,0.0,27606,0,24641,10,0.0,0.0,0.0,0.0,0.0,0.0,0.0,0.0,0.0,0.0,0.0,746.0,80.0,0.0,739.0,79.0,0.0,726.0,79.0,0.0,746.0,80.0,,,,33,,Harry,Gray,Gray,has joined Rotherham United on loan for the rest of the season.,,0,0,0,0,0,0,0,0,0,0,0,0,0,,,,0.0,0.0,0.0,0.0,0.0,0,0,0
787,a,,,4.4,561,337.0,0,0.0,-1,1.0,0.0,734,307.0,0,0,0.0,686.0,266.0,0,0,0.0,582.0,199.0,0.0,0.0,0.0,2431,7,1360,11,0.0,0.5,0.0,0.0,0.0,0.0,0.0,0.0,0.0,0.0,0.0,679.0,259.0,0.0,674.0,262.0,0.0,655.0,254.0,0.0,681.0,261.0,,,,33,,Sam,Chambers,Chambers,,,0,0,0,0,0,0,0,0,0,0,0,0,0,,,,0.0,0.0,0.0,0.0,0.0,0,0,0
366,i,0.0,0.0,5.4,155,4.0,0,0.0,-1,1.0,5.5,72,12.0,89,0,3.6,107.0,15.0,8,382,0.0,775.0,96.0,0.0,16.5,0.0,690969,7,1457886,1285,0.0,0.0,0.0,0.03,0.03,28.02,0.0,0.0,0.0,1.12,468.4,104.0,17.0,0.1,492.0,16.0,0.0,802.0,94.0,46.7,282.0,18.0,,,,33,,Alisson,Becker,A.Becker,Muscle injury - Unknown return date,,2250,0,0,8,30,0,0,0,1,0,56,25,63,,,,2.24,0.32,1.2,1.0,0.0,0,37,221
367,a,,,4.1,657,37.0,0,0.0,-4,4.0,0.8,213,28.0,30,0,4.3,41.0,3.0,2,114,3.7,42.0,4.0,0.9,7.3,0.0,186368,1336,178603,77,4.2,4.2,0.0,0.0,0.0,10.31,0.0,0.0,0.0,1.47,199.6,279.0,25.0,0.0,625.0,77.0,0.0,596.0,64.0,19.9,384.0,25.0,,,,33,,Giorgi,Mamardashvili,Mamardashvili,,,630,0,0,2,12,0,1,0,0,0,25,7,45,,,,3.57,0.29,1.71,1.0,0.0,0,9,55
368,a,,,3.8,816,96.0,0,0.0,-2,2.0,0.9,205,25.0,0,0,0.0,542.0,40.0,0,0,0.0,379.0,28.0,0.0,0.0,0.0,161269,110,72043,123,0.5,0.5,0.0,0.0,0.0,0.0,0.0,0.0,0.0,0.0,0.0,531.0,39.0,0.0,516.0,20.0,0.0,484.0,7.0,0.0,533.0,39.0,,,,33,,Ármin,Pécsi,Pécsi,,,0,0,0,0,0,0,0,0,0,0,0,0,0,,,,0.0,0.0,0.0,0.0,0.0,0,0,0
377,u,0.0,0.0,4.8,354,58.0,0,0.0,-2,2.0,0.0,598,214.0,0,0,0.0,771.0,263.0,0,0,0.0,699.0,250.0,0.0,0.0,0.0,1669,0,12290,0,0.0,0.0,0.0,0.0,0.0,0.0,0.0,0.0,0.0,0.0,0.0,770.0,263.0,0.0,765.0,263.0,0.0,757.0,263.0,0.0,770.0,263.0,,,,33,,Konstantinos,Tsimikas,Tsimikas,has joined AS Roma on loan for the rest of the season.,,0,0,0,0,0,0,0,0,0,0,0,0,0,,,,0.0,0.0,0.0,0.0,0.0,0,0,0
378,a,100.0,100.0,3.7,828,268.0,0,0.0,-3,3.0,0.9,197,75.0,0,0,0.0,527.0,186.0,0,0,0.0,356.0,117.0,0.0,0.0,0.0,230145,33,138216,161,0.5,0.5,0.0,0.0,0.0,0.0,0.0,0.0,0.0,0.0,0.0,516.0,185.0,0.0,499.0,184.0,0.0,466.0,178.0,0.0,518.0,185.0,,,,33,,Amara,Nallo,Nallo,,,0,0,0,0,0,0,0,0,0,0,0,0,0,,,,0.0,0.0,0.0,0.0,0.0,0,0,0
379,a,,,3.7,820,260.0,0,0.0,-3,3.0,0.6,256,97.0,0,0,0.0,523.0,182.0,0,0,0.0,350.0,111.0,0.0,0.0,0.0,99849,36,63062,99,0.5,0.5,0.0,0.0,0.0,0.0,0.0,0.0,0.0,0.0,0.0,512.0,181.0,0.0,494.0,179.0,0.0,460.0,172.0,0.0,514.0,181.0,,,,33,,Rhys,Williams,R.Williams,,,0,0,0,0,0,0,0,0,0,0,0,0,0,,,,0.0,0.0,0.0,0.0,0.0,0,0,0
380,a,,,3.7,822,262.0,0,0.0,-3,3.0,0.2,354,129.0,0,0,0.0,524.0,183.0,0,0,0.0,352.0,113.0,0.0,0.0,0.0,30383,76,33127,23,0.5,0.5,0.0,0.0,0.0,0.0,0.0,0.0,0.0,0.0,0.0,513.0,182.0,0.0,495.0,180.0,0.0,462.0,174.0,0.0,515.0,182.0,,,,33,,Calvin,Ramsay,Ramsay,,,0,0,0,0,0,0,0,0,0,0,0,0,0,,,,0.0,0.0,0.0,0.0,0.0,0,0,0
381,a,100.0,100.0,14.0,2,1.0,0,0.0,-5,5.0,14.1,21,8.0,105,0,4.6,27.0,11.0,7,332,2.7,99.0,43.0,0.2,7.5,0.0,1445525,1625,6006369,239,3.2,3.2,7.37,4.79,12.16,27.63,0.35,0.23,0.58,1.3,445.8,120.0,39.0,672.9,14.0,14.0,712.0,14.0,5.0,183.1,15.0,11.0,2.0,4.0,1.0,33,,Mohamed,Salah,M.Salah,,,1907,6,6,7,32,0,0,0,1,0,0,20,92,,,,0.0,0.33,1.51,0.94,4.34,14,10,68
382,a,100.0,100.0,8.3,13,8.0,0,0.0,-2,2.0,9.1,40,14.0,111,0,4.0,65.0,29.0,16,465,2.7,98.0,42.0,0.3,13.4,0.0,2269020,2538,4866354,607,3.2,3.2,5.97,4.61,10.57,27.12,0.26,0.2,0.46,1.18,461.6,111.0,36.0,804.2,7.0,7.0,591.0,25.0,11.0,185.6,14.0,10.0,4.0,5.0,,33,,Florian,Wirtz,Wirtz,,,2070,4,4,10,25,0,0,0,1,0,0,24,153,,,,0.0,0.43,1.09,1.04,6.65,31,22,100
383,u,0.0,0.0,8.0,16,11.0,0,0.0,0,0.0,0.0,607,231.0,0,0,0.0,827.0,371.0,0,0,0.0,823.0,368.0,0.0,0.0,0.0,0,0,7365,0,0.0,0.0,0.0,0.0,0.0,0.0,0.0,0.0,0.0,0.0,0.0,827.0,371.0,0.0,827.0,371.0,0.0,827.0,371.0,0.0,827.0,371.0,,,,33,,Luis,Díaz Marulanda,Luis Díaz,Has joined Bayern Munch permanently.,,0,0,0,0,0,0,0,0,0,0,0,0,0,,,,0.0,0.0,0.0,0.0,0.0,0,0,0
384,a,100.0,100.0,7.3,27,17.0,0,0.0,-2,2.0,5.6,71,23.0,112,0,3.7,105.0,47.0,5,394,2.7,97.0,41.0,0.4,15.3,0.0,3458646,841,3847517,299,3.2,3.2,6.72,4.31,11.03,25.74,0.27,0.17,0.44,1.04,453.8,115.0,38.0,609.5,24.0,23.0,711.0,15.0,6.0,177.3,18.0,14.0,3.0,,3.0,33,,Cody,Gakpo,Gakpo,,,2234,6,4,10,29,0,0,0,2,0,0,26,132,,,,0.0,0.4,1.17,1.05,5.32,26,30,76
392,i,0.0,0.0,4.9,292,181.0,0,0.0,-1,1.0,0.1,517,188.0,12,0,1.5,415.0,180.0,0,49,0.0,707.0,289.0,0.0,2.4,0.0,7384,0,15399,7,0.0,0.0,0.04,0.05,0.09,4.11,0.02,0.03,0.05,2.18,56.0,411.0,179.0,18.1,404.0,202.0,6.0,432.0,209.0,8.0,431.0,194.0,,,,33,,Endo,Wataru,Endo,Foot injury - Unknown return date,,170,0,1,1,5,0,0,0,1,0,0,1,23,,,,0.0,0.53,2.65,0.53,12.18,7,13,3
393,i,0.0,0.0,4.2,645,371.0,0,0.0,-3,3.0,0.1,502,181.0,0,0,0.0,649.0,243.0,0,0,0.0,511.0,167.0,0.0,0.0,0.0,17496,54,13675,54,0.0,0.0,0.0,0.0,0.0,0.0,0.0,0.0,0.0,0.0,0.0,641.0,234.0,0.0,635.0,239.0,0.0,609.0,225.0,0.0,643.0,236.0,,,,33,,Stefan,Bajčetić Maquieira,Bajcetic,Hamstring injury - Unknown return date,,0,0,0,0,0,0,0,0,0,0,0,0,0,,,,0.0,0.0,0.0,0.0,0.0,0,0,0
394,u,0.0,0.0,4.4,548,328.0,0,0.0,-1,1.0,0.0,685,277.0,0,0,0.0,677.0,260.0,0,0,0.0,570.0,191.0,0.0,0.0,0.0,1737,0,4113,2,0.0,0.0,0.0,0.0,0.0,0.0,0.0,0.0,0.0,0.0,0.0,669.0,252.0,0.0,665.0,256.0,0.0,644.0,246.0,0.0,671.0,254.0,,,,33,,James,McConnell,McConnell,has joined Ajax on loan for the rest of the season.,,0,0,0,0,0,0,0,0,0,0,0,0,0,,,,0.0,0.0,0.0,0.0,0.0,0,0,0
395,u,0.0,0.0,4.5,433,257.0,0,0.0,0,0.0,0.0,807,357.0,0,0,0.0,704.0,276.0,0,0,0.0,608.0,213.0,0.0,0.0,0.0,0,0,361,0,0.0,0.0,0.0,0.0,0.0,0.0,0.0,0.0,0.0,0.0,0.0,698.0,270.0,0.0,694.0,273.0,0.0,677.0,266.0,0.0,700.0,272.0,,,,33,,Tyler,Morton,Morton,Has joined Lyon permanently.,,0,0,0,0,0,0,0,0,0,0,0,0,0,,,,0.0,0.0,0.0,0.0,0.0,0,0,0
396,a,,,4.3,613,362.0,0,0.0,-2,2.0,0.3,323,113.0,5,0,1.0,471.0,205.0,0,9,0.3,310.0,147.0,0.1,1.2,0.0,98718,11,85656,17,0.8,0.8,0.37,0.01,0.38,0.41,2.38,0.06,2.44,2.64,2.4,492.0,227.0,12.7,418.0,208.0,4.0,436.0,213.0,1.8,472.0,214.0,,,,33,,Trey,Nyoni,Nyoni,,,14,0,0,0,1,0,0,0,0,0,0,0,2,,,,0.0,0.0,6.43,0.0,12.86,0,0,2
397,u,0.0,0.0,6.5,50,18.0,0,0.0,0,0.0,0.1,556,77.0,0,0,0.0,823.0,91.0,0,0,0.0,817.0,91.0,0.0,0.0,0.0,0,0,15975,0,0.0,0.0,0.0,0.0,0.0,0.0,0.0,0.0,0.0,0.0,0.0,823.0,91.0,0.0,823.0,91.0,0.0,823.0,91.0,0.0,823.0,91.0,,,,33,,Darwin,Núñez Ribeiro,Darwin,Has joined Al-Hilal permanently.,,0,0,0,0,0,0,0,0,0,0,0,0,0,,,,0.0,0.0,0.0,0.0,0.0,0,0,0
398,i,0.0,0.0,4.3,602,84.0,0,0.0,-2,2.0,0.1,480,68.0,0,0,0.0,658.0,66.0,0,0,0.0,536.0,55.0,0.0,0.0,0.0,9387,1,20100,7,0.0,0.0,0.0,0.0,0.0,0.0,0.0,0.0,0.0,0.0,0.0,648.0,66.0,0.0,643.0,65.0,0.0,620.0,65.0,0.0,650.0,66.0,,,,33,,Jayden,Danns,Danns,Hamstring injury - Unknown return date,,0,0,0,0,0,0,0,0,0,0,0,0,0,,,,0.0,0.0,0.0,0.0,0.0,0,0,0
401,a,100.0,100.0,3.8,793,94.0,0,0.0,-2,2.0,0.4,289,36.0,0,0,0.0,530.0,39.0,0,0,0.0,360.0,26.0,0.0,0.0,0.0,68111,68,47872,96,0.0,0.5,0.0,0.0,0.0,0.0,0.0,0.0,0.0,0.0,0.0,519.0,38.0,0.0,502.0,18.0,0.0,469.0,5.0,0.0,521.0,38.0,,,,33,,Marcus,Bettinelli,Bettinelli,,,0,0,0,0,0,0,0,0,0,0,0,0,0,,,,0.0,0.0,0.0,0.0,0.0,0,0,0
402,a,100.0,100.0,5.7,116,11.0,0,0.0,-3,3.0,4.3,90,30.0,45,0,3.2,179.0,70.0,7,184,0.3,322.0,102.0,0.1,7.9,0.0,651954,138,2454160,716,0.0,1.1,0.41,1.71,2.12,10.69,0.05,0.19,0.24,1.2,176.0,300.0,115.0,156.4,212.0,57.0,57.0,328.0,104.0,38.9,311.0,105.0,,,,33,,Rayan,Aït-Nouri,Aït-Nouri,,,804,0,2,3,8,0,0,0,2,0,0,10,69,,,,0.0,0.34,0.9,1.12,6.83,30,31,42
403,i,0.0,0.0,5.8,107,7.0,0,0.0,-2,2.0,3.2,105,37.0,77,0,4.8,22.0,8.0,5,291,0.0,801.0,266.0,0.0,13.3,0.0,1374661,5,2195012,161,0.0,0.0,2.19,0.64,2.83,15.29,0.15,0.04,0.19,1.06,354.6,176.0,74.0,104.7,274.0,82.0,193.0,158.0,33.0,65.3,210.0,72.0,,,,33,,Joško,Gvardiol,Gvardiol,Leg injury - Unknown return date,,1301,2,2,6,13,0,0,0,2,0,0,15,115,,,,0.0,0.42,0.9,1.04,6.85,17,82,48
404,u,0.0,0.0,5.4,165,19.0,0,0.0,-1,1.0,0.3,349,127.0,0,0,0.0,808.0,267.0,0,0,0.0,780.0,261.0,0.0,0.0,0.0,9281,0,85658,2,0.0,0.0,0.0,0.0,0.0,0.0,0.0,0.0,0.0,0.0,0.0,807.0,267.0,0.0,806.0,267.0,0.0,804.0,267.0,0.0,807.0,267.0,,,,33,,Manuel,Akanji,Akanji,has joined Inter Milan on loan for the rest of the season.,,0,0,0,0,0,0,0,0,0,0,0,0,0,,,,0.0,0.0,0.0,0.0,0.0,0,0,0
405,a,,,5.2,202,27.0,0,0.0,-3,3.0,0.6,245,93.0,27,0,1.9,357.0,133.0,1,114,0.0,764.0,259.0,0.0,5.2,0.0,46720,27,88257,45,0.0,0.5,0.28,0.44,0.72,7.92,0.05,0.08,0.13,1.46,102.0,369.0,141.0,93.1,290.0,89.0,25.0,378.0,131.0,22.1,373.0,130.0,,,,33,,Nathan,Aké,Aké,,,487,0,0,2,7,0,0,0,1,0,0,4,41,,,,0.0,0.37,1.29,0.74,7.02,9,29,12
406,a,100.0,100.0,5.4,181,22.0,0,0.0,-1,1.0,0.5,259,99.0,41,0,2.6,256.0,98.0,0,199,2.0,137.0,54.0,0.4,7.6,0.0,79223,364,79581,184,0.0,4.5,0.47,0.16,0.63,13.22,0.04,0.01,0.05,1.22,194.0,286.0,112.0,71.5,316.0,106.0,11.0,412.0,152.0,27.8,353.0,121.0,,,,33,,Abdukodir,Khusanov,Khusanov,,,977,0,0,4,8,0,0,0,2,0,0,10,94,,,,0.0,0.37,0.74,0.92,7.83,21,64,49
407,a,100.0,100.0,5.3,195,23.0,0,0.0,-2,2.0,3.1,108,40.0,134,0,4.8,20.0,7.0,16,574,2.0,136.0,53.0,0.4,25.3,0.0,1015574,285,704095,2065,0.0,4.5,0.34,2.0,2.34,27.25,0.01,0.08,0.09,1.04,581.2,54.0,25.0,459.1,47.0,7.0,115.0,242.0,66.0,115.8,77.0,16.0,,,4.0,33,,Matheus,Nunes,Matheus N.,,,2354,1,7,10,23,0,0,0,4,0,0,26,202,,,,0.0,0.38,0.88,0.99,6.27,48,116,137
412,u,0.0,0.0,5.0,282,43.0,0,0.0,0,0.0,0.0,786,263.0,0,0,0.0,804.0,266.0,0,0,0.0,755.0,256.0,0.0,0.0,0.0,0,0,855,0,0.0,0.0,0.0,0.0,0.0,0.0,0.0,0.0,0.0,0.0,0.0,803.0,266.0,0.0,801.0,266.0,0.0,796.0,266.0,0.0,803.0,266.0,,,,33,,Vitor,de Oliveira Nunes dos Reis,Vitor Reis,Has joined Girona on loan for the rest of the season.,,0,0,0,0,0,0,0,0,0,0,0,0,0,,,,0.0,0.0,0.0,0.0,0.0,0,0,0
413,a,100.0,100.0,8.3,12,7.0,0,0.0,-2,2.0,2.5,124,41.0,40,0,2.4,295.0,129.0,4,122,0.0,824.0,369.0,0.0,4.8,0.0,287713,63,1296314,312,0.0,0.5,2.22,0.68,2.9,6.58,0.35,0.11,0.46,1.05,132.2,340.0,155.0,146.4,227.0,146.0,229.0,124.0,74.0,50.4,272.0,137.0,4.0,1.0,2.0,33,,Omar,Marmoush,Marmoush,,,566,1,3,3,5,0,0,0,2,0,0,7,32,,,,0.0,0.48,0.8,1.11,5.09,12,6,14
414,a,100.0,100.0,8.0,15,10.0,0,0.0,0,0.0,7.9,49,16.0,113,0,4.2,54.0,23.0,10,494,0.3,329.0,159.0,0.0,14.1,0.0,6179038,76,5575501,1018,0.0,1.1,5.34,4.02,9.36,22.43,0.26,0.2,0.46,1.11,512.8,80.0,25.0,797.1,8.0,8.0,443.0,45.0,27.0,175.1,19.0,15.0,5.0,,,33,,Phil,Foden,Foden,,,1822,7,3,10,16,0,0,0,4,0,0,21,138,,,,0.0,0.49,0.79,1.04,6.82,30,23,85
415,a,100.0,100.0,6.9,41,25.0,0,0.0,-1,1.0,0.4,287,100.0,28,0,1.6,408.0,176.0,0,94,0.3,327.0,158.0,0.0,4.1,0.0,35606,12,114830,14,0.0,1.1,1.77,1.22,2.99,7.22,0.28,0.19,0.47,1.13,83.2,385.0,171.0,144.2,230.0,148.0,236.0,120.0,71.0,46.3,286.0,143.0,,,,33,,Sávio,Moreira de Oliveira,Savinho,,,575,0,2,2,5,0,0,0,2,0,0,5,46,,,,0.0,0.31,0.78,0.78,7.2,6,9,31
416,a,100.0,100.0,6.2,73,48.0,0,0.0,-3,3.0,0.7,235,84.0,84,0,2.7,241.0,98.0,4,431,1.0,233.0,105.0,0.2,13.5,0.0,117005,43,143543,297,0.0,2.5,1.88,3.45,5.32,28.62,0.07,0.13,0.2,1.11,420.4,128.0,42.0,621.0,19.0,18.0,256.0,106.0,65.0,129.9,55.0,36.0,1.0,,,33,,Bernardo,Mota Veiga de Carvalho e Silva,Bernardo,,,2322,2,4,10,24,0,0,0,9,0,0,27,201,,,,0.0,0.39,0.93,1.05,7.79,36,51,114
417,a,100.0,100.0,6.4,59,38.0,0,0.0,-1,1.0,9.8,35,11.0,110,0,4.2,51.0,20.0,13,481,3.3,65.0,24.0,0.5,17.2,0.0,3173924,2986,2928816,3029,0.0,7.1,2.75,7.53,10.28,17.51,0.18,0.49,0.67,1.15,486.2,94.0,31.0,745.5,10.0,10.0,406.0,53.0,31.0,164.0,26.0,22.0,3.0,2.0,,33,,Rayan,Cherki,Cherki,,,1372,3,11,7,13,0,0,0,1,0,0,15,119,,,,0.0,0.46,0.85,0.98,7.81,24,15,80
418,a,100.0,100.0,6.4,56,35.0,0,0.0,-1,1.0,2.6,123,40.0,82,0,3.6,113.0,53.0,9,348,2.7,95.0,39.0,0.4,12.8,0.0,2169492,166,2096873,396,0.0,5.9,2.06,4.63,6.69,16.28,0.14,0.32,0.46,1.13,349.2,179.0,68.0,615.9,20.0,19.0,428.0,49.0,29.0,139.1,42.0,30.0,,,3.0,33,,Jérémy,Doku,Doku,,,1297,2,7,6,13,0,0,0,0,0,0,14,92,,,,0.0,0.42,0.9,0.97,6.38,17,10,65
420,u,0.0,0.0,6.3,63,41.0,0,0.0,-2,2.0,0.1,559,205.0,0,0,0.0,820.0,367.0,0,0,0.0,811.0,359.0,0.0,0.0,0.0,1928,0,19899,0,0.0,0.0,0.0,0.0,0.0,0.0,0.0,0.0,0.0,0.0,0.0,820.0,367.0,0.0,820.0,367.0,0.0,820.0,367.0,0.0,820.0,367.0,,,,33,,İlkay,Gündoğan,Gündoğan,has joined Galatasaray permanently.,,0,0,0,0,0,0,0,0,0,0,0,0,0,,,,0.0,0.0,0.0,0.0,0.0,0,0,0
427,a,,,5.0,258,156.0,0,0.0,-5,5.0,9.2,39,13.0,86,0,3.3,155.0,64.0,6,325,0.0,742.0,313.0,0.0,17.2,0.0,3558693,20,5004270,540,0.0,0.5,3.96,2.27,6.23,17.28,0.24,0.14,0.38,1.05,339.4,188.0,75.0,340.0,88.0,64.0,394.0,58.0,35.0,106.5,89.0,53.0,4.0,3.0,,33,,Tijjani,Reijnders,Reijnders,,,1488,5,2,7,16,0,0,0,2,0,0,17,95,,,,0.0,0.42,0.97,1.03,5.75,10,31,54
428,a,100.0,100.0,5.0,279,172.0,0,0.0,0,0.0,0.0,715,294.0,0,0,0.0,801.0,353.0,0,0,0.0,752.0,321.0,0.0,0.0,0.0,270,1,2642,1,0.0,0.5,0.0,0.0,0.0,0.0,0.0,0.0,0.0,0.0,0.0,800.0,352.0,0.0,798.0,352.0,0.0,793.0,350.0,0.0,800.0,352.0,,,,33,,Sverre,Nypan,Nypan,,,0,0,0,0,0,0,0,0,0,0,0,0,0,,,,0.0,0.0,0.0,0.0,0.0,0,0,0
429,u,0.0,0.0,4.7,378,236.0,0,0.0,-3,3.0,0.1,564,208.0,0,0,0.0,767.0,329.0,0,0,0.0,691.0,279.0,0.0,0.0,0.0,4052,0,8527,2,0.0,0.0,0.0,0.0,0.0,0.0,0.0,0.0,0.0,0.0,0.0,766.0,328.0,0.0,761.0,328.0,0.0,750.0,325.0,0.0,766.0,328.0,,,,33,,Kalvin,Phillips,Phillips,has joined Sheffield United on loan for the rest of the season.,,0,0,0,0,0,0,0,0,0,0,0,0,0,,,,0.0,0.0,0.0,0.0,0.0,0,0,0
430,a,100.0,100.0,14.5,1,1.0,0,0.0,5,-5.0,59.6,1,1.0,199,0,6.6,4.0,1.0,35,791,0.7,271.0,36.0,0.0,13.7,0.0,7731046,3513,3848866,13404,0.0,1.9,21.64,1.94,23.58,31.37,0.78,0.07,0.85,1.13,980.0,2.0,1.0,267.2,133.0,8.0,1254.0,1.0,1.0,250.3,2.0,1.0,,,1.0,33,,Erling,Haaland,Haaland,,,2503,22,7,11,27,0,0,1,1,0,0,29,91,,,,0.0,0.4,0.97,1.04,3.27,15,42,34
736,a,,,5.6,125,3.0,0,0.0,1,-1.0,9.5,37,6.0,111,0,4.0,63.0,7.0,3,477,2.3,116.0,11.0,0.4,19.8,0.0,2228581,734,1413107,2714,0.0,5.1,0.0,0.0,0.0,30.59,0.0,0.0,0.0,1.09,569.8,60.0,13.0,0.0,816.0,96.0,0.0,814.0,95.0,57.1,245.0,13.0,,,,33,,Gianluigi,Donnarumma,Donnarumma,,,2520,0,0,12,24,0,1,0,6,0,67,28,55,,,,2.39,0.43,0.86,1.0,0.0,0,37,192
739,u,0.0,0.0,4.4,568,342.0,0,0.0,-1,1.0,0.0,698,283.0,2,0,1.0,477.0,211.0,0,5,0.0,588.0,203.0,0.0,0.5,0.0,3500,0,3322,1,0.0,0.0,0.0,0.21,0.21,0.34,0.0,0.76,0.76,1.22,4.2,482.0,220.0,28.3,386.0,194.0,4.0,437.0,214.0,3.7,460.0,208.0,,,,33,,Divine,Mukasa,Mukasa,has joined Leicester City on loan for the rest of the season.,,25,0,0,0,0,0,0,0,0,0,0,0,1,,,,0.0,0.0,0.0,0.0,3.6,0,0,1
740,u,0.0,0.0,3.9,783,228.0,0,0.0,-1,1.0,0.0,623,222.0,0,0,0.0,572.0,207.0,0,0,0.0,413.0,148.0,0.0,0.0,0.0,3208,0,3967,4,0.0,0.0,0.0,0.0,0.0,0.0,0.0,0.0,0.0,0.0,0.0,562.0,206.0,0.0,550.0,206.0,0.0,518.0,201.0,0.0,564.0,206.0,,,,33,,Stephen,Mfuni,Mfuni,has joined Watford on loan for the rest of the season.,,0,0,0,0,0,0,0,0,0,0,0,0,0,,,,0.0,0.0,0.0,0.0,0.0,0,0,0
742,a,,,4.5,504,313.0,0,0.0,0,0.0,0.0,736,308.0,0,0,0.0,755.0,319.0,0,0,0.0,673.0,266.0,0.0,0.0,0.0,1595,0,1384,1,0.0,0.5,0.0,0.0,0.0,0.0,0.0,0.0,0.0,0.0,0.0,754.0,318.0,0.0,747.0,318.0,0.0,734.0,314.0,0.0,754.0,318.0,,,,33,,Ryan,McAidoo,McAidoo,,,0,0,0,0,0,0,0,0,0,0,0,0,0,,,,0.0,0.0,0.0,0.0,0.0,0,0,0
763,a,,,4.5,456,274.0,0,0.0,0,0.0,0.0,783,340.0,0,0,0.0,720.0,291.0,0,0,0.0,628.0,229.0,0.0,0.0,0.0,487,3,378,1,0.0,0.5,0.0,0.0,0.0,0.0,0.0,0.0,0.0,0.0,0.0,715.0,286.0,0.0,710.0,288.0,0.0,694.0,281.0,0.0,716.0,287.0,,,,33,,Charlie,Gray,Gray,,,0,0,0,0,0,0,0,0,0,0,0,0,0,,,,0.0,0.0,0.0,0.0,0.0,0,0,0
764,a,,,4.5,487,299.0,0,0.0,0,0.0,0.0,794,349.0,0,0,0.0,741.0,308.0,0,0,0.0,656.0,252.0,0.0,0.0,0.0,274,2,217,0,0.0,0.5,0.0,0.0,0.0,0.0,0.0,0.0,0.0,0.0,0.0,739.0,306.0,0.0,732.0,306.0,0.0,719.0,302.0,0.0,739.0,306.0,,,,33,,Reigan,Heskey,Heskey,,,0,0,0,0,0,0,0,0,0,0,0,0,0,,,,0.0,0.0,0.0,0.0,0.0,0,0,0
794,a,100.0,100.0,3.9,776,225.0,0,0.0,-6,6.0,0.0,745,256.0,5,0,2.5,263.0,101.0,0,27,0.0,406.0,145.0,0.0,1.3,0.0,5322,5,4892,5,0.0,0.5,0.26,0.06,0.32,1.54,0.17,0.04,0.21,1.03,34.0,434.0,161.0,14.8,409.0,148.0,26.0,374.0,128.0,7.5,434.0,156.0,,,,33,,Max,Alleyne,Alleyne,,,135,0,0,0,1,0,0,0,0,0,0,2,11,,,,0.0,0.0,0.67,1.33,7.33,3,8,4
119,a,100.0,100.0,8.5,11,6.0,0,0.0,5,-5.0,18.9,18,7.0,126,3,4.5,34.0,14.0,15,456,2.0,149.0,58.0,0.2,14.8,0.0,7256994,3387,6705957,3554,2.5,2.0,8.04,4.49,12.53,31.56,0.32,0.18,0.5,1.24,547.8,67.0,18.0,708.1,13.0,13.0,755.0,9.0,4.0,201.1,9.0,7.0,2.0,2.0,,33,,Bryan,Mbeumo,Mbeumo,,,2297,9,3,6,33,0,0,0,4,0,0,27,123,,,,0.0,0.24,1.29,1.06,4.82,23,21,79
431,a,,,4.7,388,18.0,0,0.0,-3,3.0,0.3,318,43.0,11,0,1.8,373.0,34.0,0,49,0.0,694.0,92.0,0.0,2.3,0.0,37942,12,63574,18,0.5,0.0,0.0,0.05,0.05,9.24,0.0,0.01,0.01,1.54,118.4,352.0,26.0,10.0,432.0,11.0,0.0,753.0,84.0,12.8,409.0,26.0,,,,33,,Altay,Bayındır,Bayindir,,,540,0,0,0,11,0,0,0,0,0,13,6,46,,,,2.17,0.0,1.83,1.0,0.0,0,7,39
432,u,0.0,0.0,4.9,300,11.0,0,0.0,-1,1.0,0.1,428,62.0,0,0,0.0,777.0,95.0,0,0,0.0,711.0,93.0,0.0,0.0,0.0,5156,0,26616,1,0.0,0.0,0.0,0.0,0.0,0.0,0.0,0.0,0.0,0.0,0.0,776.0,95.0,0.0,772.0,92.0,0.0,768.0,90.0,0.0,776.0,95.0,,,,33,,André,Onana,Onana,has joined Trabzonspor on loan for the rest of the season.,,0,0,0,0,0,0,0,0,0,0,0,0,0,,,,0.0,0.0,0.0,0.0,0.0,0,0,0
433,u,0.0,0.0,4.0,726,66.0,0,0.0,0,0.0,0.0,814,95.0,0,0,0.0,627.0,87.0,0,0,0.0,478.0,78.0,0.0,0.0,0.0,0,0,254,0,0.0,0.0,0.0,0.0,0.0,0.0,0.0,0.0,0.0,0.0,0.0,618.0,87.0,0.0,610.0,75.0,0.0,580.0,62.0,0.0,620.0,87.0,,,,33,,Elyh,Harrison,Harrison,On loan to Shrewsbury Town,,0,0,0,0,0,0,0,0,0,0,0,0,0,,,,0.0,0.0,0.0,0.0,0.0,0,0,0
438,a,100.0,100.0,4.9,312,51.0,0,0.0,-1,1.0,0.2,365,133.0,35,6,2.1,329.0,122.0,3,164,2.3,110.0,41.0,0.5,7.1,0.0,37758,102,57463,15,2.8,2.3,0.19,0.3,0.48,10.52,0.02,0.04,0.06,1.23,145.4,329.0,125.0,68.0,320.0,108.0,33.0,363.0,122.0,24.5,362.0,125.0,,,,33,,Noussair,Mazraoui,Mazraoui,,,769,0,0,3,9,0,0,0,3,0,0,9,82,,,,0.0,0.35,1.05,1.05,8.19,22,48,32
439,a,,,4.1,661,161.0,0,0.0,-4,4.0,0.1,568,203.0,0,0,0.0,642.0,250.0,0,0,0.0,500.0,205.0,0.0,0.0,0.0,3502,3,8739,2,0.5,0.0,0.0,0.0,0.0,0.0,0.0,0.0,0.0,0.0,0.0,633.0,250.0,0.0,626.0,250.0,0.0,597.0,248.0,0.0,635.0,250.0,,,,33,,Diego,León Blanco,D.Leon,,,0,0,0,0,0,0,0,0,0,0,0,0,0,,,,0.0,0.0,0.0,0.0,0.0,0,0,0
440,a,100.0,100.0,4.6,398,68.0,0,0.0,1,-1.0,4.4,87,29.0,105,6,3.4,138.0,53.0,9,395,2.7,91.0,34.0,0.6,22.8,0.0,1124298,740,823303,668,3.2,2.7,1.57,2.39,3.96,32.35,0.06,0.09,0.15,1.24,471.0,103.0,45.0,421.0,60.0,10.0,188.0,162.0,35.0,108.0,87.0,20.0,,,,33,,Diogo,Dalot Teixeira,Dalot,,,2339,1,6,7,35,0,0,0,5,0,0,26,178,,,,0.0,0.27,1.35,1.0,6.04,45,112,120
441,i,0.0,0.0,4.1,659,159.0,0,0.0,-4,4.0,2.5,125,48.0,74,0,3.4,131.0,47.0,8,261,0.0,499.0,204.0,0.0,18.0,0.0,1774448,20,2217957,631,0.0,0.0,1.86,1.42,3.28,18.78,0.13,0.1,0.23,1.27,402.4,142.0,62.0,354.1,81.0,19.0,262.0,102.0,11.0,101.9,96.0,26.0,,,,33,,Patrick,Dorgu,Dorgu,Hamstring injury - Unknown return date,,1329,3,3,3,20,0,0,0,5,0,0,14,117,,,,0.0,0.2,1.35,0.95,6.43,47,48,72
442,a,100.0,0.0,4.4,523,101.0,0,0.0,-1,1.0,1.3,175,68.0,63,0,3.5,118.0,40.0,3,204,0.0,555.0,226.0,0.0,14.3,0.0,315505,204,266411,377,0.5,0.0,0.81,0.19,1.0,16.71,0.06,0.01,0.07,1.25,246.0,246.0,96.0,38.2,370.0,133.0,116.0,240.0,64.0,40.3,309.0,104.0,,,,33,,Harry,Maguire,Maguire,,,1199,1,1,5,15,0,0,0,3,1,0,14,109,,,,0.0,0.38,1.13,1.05,7.36,12,86,45
443,a,100.0,100.0,4.5,413,77.0,0,0.0,0,0.0,0.8,214,82.0,85,8,2.6,245.0,96.0,0,353,3.7,44.0,17.0,0.8,18.9,0.0,193856,285,146304,100,4.2,3.7,0.54,1.55,2.08,38.96,0.02,0.05,0.07,1.25,452.0,117.0,51.0,289.1,121.0,31.0,70.0,301.0,91.0,81.2,157.0,52.0,,,,33,,Luke,Shaw,Shaw,,,2797,0,1,7,41,0,0,0,6,0,0,33,217,,,,0.0,0.23,1.32,1.06,5.98,63,123,93
444,a,,,4.1,658,158.0,0,0.0,-4,4.0,1.3,172,67.0,53,0,1.8,368.0,138.0,1,184,1.3,179.0,66.0,0.3,12.9,0.0,227459,133,314649,133,1.8,1.3,1.34,0.59,1.93,26.43,0.07,0.03,0.1,1.4,317.6,199.0,78.0,82.8,304.0,96.0,124.0,234.0,61.0,52.3,260.0,84.0,,,,33,,Leny,Yoro,Yoro,,,1696,0,1,2,32,0,0,0,1,0,0,18,173,,,,0.0,0.11,1.7,0.96,8.01,29,122,73
445,u,0.0,0.0,4.0,723,194.0,0,0.0,0,0.0,0.1,545,194.0,0,0,0.0,624.0,234.0,0,0,0.0,475.0,182.0,0.0,0.0,0.0,1160,0,14562,0,0.0,0.0,0.0,0.0,0.0,0.0,0.0,0.0,0.0,0.0,0.0,615.0,234.0,0.0,607.0,234.0,0.0,577.0,231.0,0.0,617.0,234.0,,,,33,,Harry,Amass,Amass,has joined Norwich City on loan for the rest of the season.,,0,0,0,0,0,0,0,0,0,0,0,0,0,,,,0.0,0.0,0.0,0.0,0.0,0,0,0
446,a,,,3.7,824,264.0,0,0.0,-3,3.0,0.1,418,154.0,1,0,1.0,452.0,162.0,0,4,0.0,354.0,115.0,0.0,0.3,0.0,13075,20,16013,20,0.5,0.0,0.0,0.0,0.0,0.3,0.0,0.0,0.0,13.5,4.0,483.0,172.0,0.0,497.0,182.0,0.0,464.0,176.0,0.4,498.0,175.0,,,,33,,Tyler,Fredricson,Fredricson,,,2,0,0,0,0,0,0,0,0,0,0,0,2,,,,0.0,0.0,0.0,0.0,90.0,0,2,0
447,a,100.0,100.0,3.7,827,267.0,0,0.0,-3,3.0,2.1,135,55.0,36,8,2.4,275.0,103.0,0,141,3.0,72.0,25.0,0.8,9.7,0.0,490790,459,422245,385,3.5,3.0,0.34,0.17,0.51,9.61,0.04,0.02,0.06,1.17,178.0,298.0,114.0,27.2,388.0,140.0,26.0,373.0,127.0,23.1,370.0,128.0,,,,33,,Ayden,Heaven,Heaven,,,740,0,1,2,12,1,0,0,2,0,0,9,84,,,,0.0,0.24,1.46,1.09,10.09,19,64,33
449,a,100.0,100.0,10.3,4,3.0,0,0.0,13,-13.0,45.2,4,2.0,199,6,6.6,3.0,1.0,36,845,7.7,4.0,1.0,0.7,19.3,0.0,8649876,10073,5658560,452,8.2,7.7,10.38,9.63,20.01,38.16,0.36,0.33,0.69,1.31,1066.8,1.0,1.0,1538.9,1.0,1.0,516.0,33.0,17.0,312.4,1.0,1.0,1.0,1.0,1.0,33,,Bruno,Borges Fernandes,B.Fernandes,,,2615,8,19,5,41,0,0,2,4,0,0,30,251,,,,0.0,0.17,1.41,1.03,8.64,48,60,143
450,a,100.0,100.0,8.0,17,12.0,0,0.0,0,0.0,8.2,46,15.0,125,7,4.2,55.0,24.0,12,506,4.7,23.0,7.0,0.6,15.6,0.0,3290628,5360,3310548,874,5.2,4.7,6.16,2.73,8.89,31.97,0.25,0.11,0.36,1.29,543.4,68.0,19.0,451.2,49.0,41.0,675.0,19.0,8.0,167.2,24.0,20.0,,,,33,,Matheus,Santos Carneiro da Cunha,Cunha,,,2238,8,4,7,31,0,0,0,3,0,0,26,187,,,,0.0,0.28,1.25,1.05,7.52,35,40,112
451,u,0.0,0.0,7.0,36,21.0,0,0.0,0,0.0,0.0,713,292.0,0,0,0.0,826.0,370.0,0,0,0.0,821.0,366.0,0.0,0.0,0.0,0,0,2151,0,0.0,0.0,0.0,0.0,0.0,0.0,0.0,0.0,0.0,0.0,0.0,826.0,370.0,0.0,826.0,370.0,0.0,826.0,370.0,0.0,826.0,370.0,,,,33,,Marcus,Rashford,Rashford,Has joined Barcelona on loan for the rest of the season,,0,0,0,0,0,0,0,0,0,0,0,0,0,,,,0.0,0.0,0.0,0.0,0.0,0,0,0
452,a,100.0,100.0,6.2,78,51.0,0,0.0,-3,3.0,1.4,165,58.0,77,1,2.9,212.0,87.0,6,415,1.7,167.0,72.0,0.3,12.4,0.0,439998,135,623335,236,2.2,1.7,4.62,3.52,8.14,26.37,0.21,0.16,0.37,1.19,385.0,153.0,54.0,542.0,32.0,29.0,500.0,36.0,20.0,142.9,39.0,27.0,3.0,,,33,,Amad,Diallo,Amad,,,1995,2,4,4,29,0,0,0,2,0,0,23,176,,,,0.0,0.18,1.31,1.04,7.94,35,42,99
454,u,0.0,0.0,5.9,97,64.0,0,0.0,-1,1.0,0.1,572,213.0,0,0,0.0,819.0,366.0,0,0,0.0,805.0,355.0,0.0,0.0,0.0,1511,0,10738,0,0.0,0.0,0.0,0.0,0.0,0.0,0.0,0.0,0.0,0.0,0.0,819.0,366.0,0.0,819.0,366.0,0.0,818.0,366.0,0.0,819.0,366.0,,,,33,,Antony,dos Santos,Antony,has joined Real Betis permanently.,,0,0,0,0,0,0,0,0,0,0,0,0,0,,,,0.0,0.0,0.0,0.0,0.0,0,0,0
455,a,100.0,100.0,5.9,92,60.0,0,0.0,-1,1.0,0.3,335,116.0,47,0,2.5,273.0,115.0,3,165,0.3,325.0,156.0,0.1,8.0,0.0,184242,10,199365,16,0.8,0.3,1.54,1.41,2.95,10.38,0.17,0.15,0.32,1.14,162.4,314.0,142.0,198.8,181.0,120.0,158.0,188.0,104.0,51.9,264.0,133.0,,,,33,,Mason,Mount,Mount,,,822,3,0,3,14,0,0,0,1,0,0,10,66,,,,0.0,0.33,1.53,1.09,7.23,15,8,43
457,a,100.0,100.0,5.7,111,71.0,0,0.0,2,-2.0,3.3,102,34.0,148,5,4.8,21.0,8.0,17,569,5.0,19.0,5.0,0.9,26.0,0.0,822801,4187,464140,537,5.5,5.0,4.9,3.05,7.95,27.81,0.19,0.12,0.31,1.08,728.0,18.0,5.0,481.2,41.0,36.0,518.0,31.0,15.0,173.0,21.0,17.0,,,,33,,Carlos Henrique,Casimiro,Casemiro,,,2315,8,4,9,27,0,0,0,8,1,0,30,308,,,,0.0,0.35,1.05,1.17,11.97,73,109,126
458,d,75.0,75.0,4.7,393,244.0,0,0.0,-3,3.0,1.0,192,68.0,49,4,2.1,326.0,142.0,0,231,2.0,129.0,50.0,0.4,10.4,0.0,234610,51,200844,566,1.9,1.5,0.24,0.85,1.09,16.62,0.02,0.06,0.08,1.24,230.2,258.0,108.0,286.4,123.0,85.0,55.0,330.0,173.0,57.3,243.0,119.0,,,,33,,Kobbie,Mainoo,Mainoo,Knock - 75% chance of playing,,1203,0,2,4,17,0,0,0,1,0,0,11,132,,,,0.0,0.3,1.27,0.82,9.88,29,35,68
459,a,,,4.7,387,241.0,0,0.0,-3,3.0,0.1,427,146.0,38,0,1.7,392.0,167.0,0,183,1.7,154.0,60.0,0.4,8.1,0.0,30405,23,39466,15,2.2,1.7,0.72,0.16,0.88,18.22,0.07,0.02,0.09,1.87,167.2,311.0,139.0,83.6,300.0,173.0,48.0,335.0,175.0,29.8,349.0,169.0,,,,33,,Manuel,Ugarte Ribeiro,Ugarte,,,876,0,0,1,23,0,0,0,1,0,0,8,142,,,,0.0,0.1,2.36,0.82,14.59,46,45,51
460,u,0.0,0.0,4.5,446,266.0,0,0.0,0,0.0,0.0,666,266.0,0,0,0.0,713.0,284.0,0,0,0.0,618.0,221.0,0.0,0.0,0.0,505,0,9677,1,0.0,0.0,0.0,0.0,0.0,0.0,0.0,0.0,0.0,0.0,0.0,707.0,278.0,0.0,703.0,281.0,0.0,687.0,274.0,0.0,709.0,280.0,,,,33,,Toby,Collyer,Collyer,has joined Hull City on loan for the rest of the season.,,0,0,0,0,0,0,0,0,0,0,0,0,0,,,,0.0,0.0,0.0,0.0,0.0,0,0,0
461,a,,,4.3,610,360.0,0,0.0,-2,2.0,0.0,605,230.0,0,0,0.0,662.0,251.0,0,0,0.0,544.0,180.0,0.0,0.0,0.0,3621,3,5179,2,0.5,0.0,0.0,0.0,0.0,0.0,0.0,0.0,0.0,0.0,0.0,652.0,241.0,0.0,648.0,246.0,0.0,625.0,235.0,0.0,654.0,243.0,,,,33,,Jayce,Fitzgerald,Fitzgerald,,,0,0,0,0,0,0,0,0,0,0,0,0,0,,,,0.0,0.0,0.0,0.0,0.0,0,0,0
462,a,,,4.3,607,357.0,0,0.0,-2,2.0,0.1,529,193.0,3,0,1.0,469.0,204.0,0,10,0.0,541.0,177.0,0.0,0.7,0.0,15326,5,14429,10,0.5,0.0,0.03,0.02,0.05,1.86,0.03,0.02,0.05,1.56,18.6,454.0,202.0,24.4,390.0,197.0,5.0,434.0,211.0,4.8,457.0,205.0,,,,33,,Jack,Fletcher,J.Fletcher,,,107,0,0,0,0,0,0,0,0,0,0,0,11,,,,0.0,0.0,0.0,0.0,9.25,5,2,4
463,u,0.0,0.0,4.3,619,367.0,0,0.0,-2,2.0,0.1,527,191.0,0,0,0.0,667.0,255.0,0,0,0.0,550.0,184.0,0.0,0.0,0.0,9069,0,13612,2,0.0,0.0,0.0,0.0,0.0,0.0,0.0,0.0,0.0,0.0,0.0,657.0,245.0,0.0,653.0,250.0,0.0,630.0,239.0,0.0,659.0,247.0,,,,33,,Sékou,Koné,Kone,has joined Lausanne-Sport on loan for the rest of the season.,,0,0,0,0,0,0,0,0,0,0,0,0,0,,,,0.0,0.0,0.0,0.0,0.0,0,0,0
464,u,0.0,0.0,4.5,471,287.0,0,0.0,0,0.0,0.0,701,285.0,0,0,0.0,730.0,300.0,0,0,0.0,640.0,240.0,0.0,0.0,0.0,723,0,2869,0,0.0,0.0,0.0,0.0,0.0,0.0,0.0,0.0,0.0,0.0,0.0,727.0,297.0,0.0,721.0,298.0,0.0,706.0,292.0,0.0,728.0,298.0,,,,33,,Jack,Moorhouse,Moorhouse,has joined Leyton Orient on loan for the rest of the season.,,0,0,0,0,0,0,0,0,0,0,0,0,0,,,,0.0,0.0,0.0,0.0,0.0,0,0,0
465,u,0.0,0.0,6.3,72,23.0,0,0.0,-2,2.0,0.3,352,56.0,0,0,0.0,821.0,90.0,0,0,0.0,814.0,90.0,0.0,0.0,0.0,5437,0,56792,6,0.0,0.0,0.0,0.0,0.0,0.0,0.0,0.0,0.0,0.0,0.0,821.0,90.0,0.0,821.0,90.0,0.0,821.0,90.0,0.0,821.0,90.0,,,,33,,Rasmus,Højlund,Højlund,has joined Napoli on loan for the rest of the season.,,0,0,0,0,0,0,0,0,0,0,0,0,0,,,,0.0,0.0,0.0,0.0,0.0,0,0,0
466,a,100.0,100.0,5.8,106,30.0,0,0.0,-2,2.0,0.4,284,43.0,38,1,2.0,346.0,38.0,6,134,0.3,324.0,43.0,0.1,6.6,0.0,109424,18,131597,27,0.8,0.3,2.18,0.32,2.5,7.63,0.38,0.06,0.44,1.34,152.8,324.0,31.0,161.8,205.0,21.0,195.0,153.0,36.0,50.6,271.0,32.0,,,,33,,Joshua,Zirkzee,Zirkzee,,,512,2,1,1,8,0,0,0,1,0,0,4,38,,,,0.0,0.18,1.41,0.7,6.68,8,12,18
468,u,0.0,0.0,4.5,480,67.0,0,0.0,0,0.0,0.1,516,70.0,0,0,0.0,737.0,77.0,0,0,0.0,649.0,67.0,0.0,0.0,0.0,4530,0,14946,0,0.0,0.0,0.0,0.0,0.0,0.0,0.0,0.0,0.0,0.0,0.0,734.0,77.0,0.0,728.0,76.0,0.0,714.0,76.0,0.0,735.0,77.0,,,,33,,Ethan,Wheatley,Wheatley,has joined Bradford City on loan for the rest of the season.,,0,0,0,0,0,0,0,0,0,0,0,0,0,,,,0.0,0.0,0.0,0.0,0.0,0,0,0
681,a,100.0,100.0,7.3,28,11.0,0,0.0,-2,2.0,6.0,65,13.0,98,2,3.5,129.0,11.0,17,344,1.3,198.0,25.0,0.2,13.4,0.0,1277033,2637,1595971,1406,1.8,1.3,7.53,0.24,7.77,25.51,0.45,0.01,0.46,1.53,411.8,136.0,14.0,139.0,235.0,24.0,723.0,13.0,9.0,126.5,60.0,14.0,,,,33,,Benjamin,Sesko,Šeško,,,1498,9,2,2,29,0,0,0,2,0,0,15,58,,,,0.0,0.12,1.74,0.9,3.48,5,20,33
733,a,,,5.1,235,8.0,0,0.0,1,-1.0,2.8,117,17.0,85,7,3.1,191.0,21.0,6,330,3.7,49.0,6.0,0.7,16.7,0.0,612492,892,345281,348,4.2,3.7,0.0,0.0,0.0,32.99,0.0,0.0,0.0,1.22,487.0,93.0,16.0,0.0,802.0,94.0,2.0,456.0,2.0,48.9,277.0,17.0,,,,33,,Senne,Lammens,Lammens,,,2430,0,0,6,34,0,0,0,0,0,63,27,43,,,,2.33,0.22,1.26,1.0,0.0,1,22,189
755,a,100.0,100.0,4.5,483,296.0,0,0.0,0,0.0,0.0,732,305.0,2,0,1.0,486.0,218.0,0,8,0.0,652.0,249.0,0.0,0.4,0.0,3477,1,2727,4,0.5,0.0,0.07,0.0,0.07,0.11,0.52,0.0,0.52,0.82,4.0,484.0,221.0,1.5,467.0,226.0,11.0,410.0,202.0,1.5,477.0,218.0,,,,33,,Shea,Lacey,Lacey,,,12,0,0,0,0,0,0,0,0,0,0,0,1,,,,0.0,0.0,0.0,0.0,7.5,1,0,0
769,a,,,4.5,482,295.0,0,0.0,0,0.0,0.0,784,341.0,1,0,1.0,485.0,217.0,0,3,0.0,651.0,248.0,0.0,0.2,0.0,512,1,360,2,0.5,0.0,0.0,0.01,0.01,0.05,0.0,0.06,0.06,0.3,2.2,494.0,228.0,11.7,422.0,210.0,0.0,716.0,300.0,1.4,480.0,221.0,,,,33,,Bendito,Mantato,Bendito Mantato,,,15,0,0,0,0,0,0,0,0,0,0,0,0,,,,0.0,0.0,0.0,0.0,0.0,0,0,0
771,a,,,4.4,552,332.0,0,0.0,-1,1.0,0.0,737,309.0,1,0,1.0,474.0,208.0,0,3,0.0,574.0,195.0,0.0,0.2,0.0,2286,0,1460,5,0.5,0.0,0.0,0.01,0.01,0.02,0.0,0.9,0.9,1.8,0.4,507.0,232.0,1.0,471.0,228.0,0.0,648.0,250.0,0.1,511.0,234.0,,,,33,,Tyler,Fletcher,Fletcher,,,1,0,0,0,0,0,0,0,0,0,0,0,0,,,,0.0,0.0,0.0,0.0,0.0,0,0,0
827,a,,,4.5,484,297.0,0,0.0,0,0.0,0.0,828,372.0,0,0,0.0,739.0,307.0,0,0,0.0,653.0,250.0,0.0,0.0,0.0,0,0,0,0,1.8,1.3,0.0,0.0,0.0,0.0,0.0,0.0,0.0,0.0,0.0,736.0,304.0,0.0,730.0,305.0,0.0,717.0,301.0,0.0,737.0,305.0,,,,33,,Jim,Thwaites,Thwaites,,,0,0,0,0,0,0,0,0,0,0,0,0,0,,,,0.0,0.0,0.0,0.0,0.0,0,0,0
52,a,100.0,100.0,5.3,187,118.0,0,0.0,-2,2.0,0.2,360,122.0,42,2,1.8,382.0,163.0,1,212,1.7,161.0,66.0,0.3,7.9,0.0,33972,16,79516,41,0.7,1.7,1.12,0.97,2.09,23.47,0.09,0.08,0.17,1.85,207.0,274.0,113.0,234.8,157.0,106.0,130.0,227.0,124.0,57.2,244.0,120.0,,,,33,,Jacob,Ramsey,J.Ramsey,,,1141,2,1,1,26,0,0,0,3,1,0,12,111,,,,0.0,0.08,2.05,0.95,8.76,27,18,66
135,a,100.0,100.0,7.3,25,9.0,0,0.0,-2,2.0,0.6,250,34.0,21,0,1.5,421.0,51.0,0,64,0.7,269.0,35.0,0.1,2.9,0.0,240688,108,457443,55,-0.3,0.7,1.95,0.53,2.48,8.0,0.41,0.11,0.52,1.7,54.0,414.0,47.0,35.8,375.0,50.0,139.0,218.0,43.0,22.1,374.0,45.0,,,,33,,Yoane,Wissa,Wissa,,,423,1,0,1,9,0,0,0,1,0,0,4,19,,,,0.0,0.21,1.91,0.85,4.04,3,3,13
469,a,100.0,100.0,5.0,244,9.0,0,0.0,0,0.0,4.3,88,16.0,82,0,3.7,98.0,14.0,3,336,0.0,738.0,94.0,0.0,16.4,0.0,1520871,95,1587456,458,-1.0,0.0,0.16,0.0,0.16,27.01,0.01,0.0,0.01,1.24,505.8,85.0,15.0,0.0,787.0,93.0,35.0,358.0,1.0,54.1,254.0,15.0,,,,33,,Nick,Pope,Pope,,,1966,0,1,7,32,0,0,0,1,0,67,22,121,,,,3.07,0.32,1.46,1.01,0.0,1,32,204
471,a,,,3.9,748,71.0,0,0.0,-1,1.0,0.1,443,65.0,0,0,0.0,547.0,43.0,0,0,0.0,384.0,31.0,0.0,0.0,0.0,6914,0,11052,4,-1.0,0.0,0.0,0.0,0.0,0.0,0.0,0.0,0.0,0.0,0.0,537.0,43.0,0.0,523.0,25.0,0.0,491.0,12.0,0.0,539.0,43.0,,,,33,,Mark,Gillespie,Gillespie,,,0,0,0,0,0,0,0,0,0,0,0,0,0,,,,0.0,0.0,0.0,0.0,0.0,0,0,0
472,u,0.0,0.0,4.0,670,44.0,0,0.0,0,0.0,0.0,724,84.0,0,0,0.0,582.0,67.0,0,0,0.0,425.0,57.0,0.0,0.0,0.0,0,0,2497,0,0.0,0.0,0.0,0.0,0.0,0.0,0.0,0.0,0.0,0.0,0.0,572.0,67.0,0.0,562.0,53.0,0.0,531.0,40.0,0.0,574.0,67.0,,,,33,,Odysseas,Vlachodimos,Odysseas,Has joined Sevilla on loan for the rest of the season.,,0,0,0,0,0,0,0,0,0,0,0,0,0,,,,0.0,0.0,0.0,0.0,0.0,0,0,0
473,a,100.0,100.0,5.4,172,21.0,0,0.0,-1,1.0,3.9,96,33.0,74,1,2.8,226.0,90.0,4,311,1.0,226.0,79.0,0.2,13.7,0.0,927444,820,667781,1206,0.0,1.0,0.85,2.54,3.39,33.34,0.04,0.12,0.16,1.59,480.8,98.0,43.0,361.4,78.0,17.0,155.0,193.0,46.0,99.7,99.0,29.0,2.0,1.0,,33,,Lewis,Hall,Hall,,,1884,1,2,4,35,0,0,0,3,0,0,21,161,,,,0.0,0.19,1.67,1.0,7.31,49,104,119
474,i,0.0,0.0,5.2,201,26.0,0,0.0,-3,3.0,1.1,184,71.0,51,0,3.2,175.0,69.0,0,186,0.0,763.0,258.0,0.0,9.8,0.0,297124,2,497228,54,0.0,0.0,0.97,0.6,1.57,13.85,0.08,0.05,0.13,1.14,291.2,215.0,85.0,63.6,329.0,111.0,108.0,256.0,71.0,46.4,284.0,93.0,,4.0,,33,,Fabian,Schär,Schär,Ankle injury - Expected back 10 May,,1089,0,0,4,13,0,0,0,1,0,0,11,133,,,,0.0,0.33,1.07,0.91,9.5,14,101,42
475,a,100.0,100.0,4.9,309,49.0,0,0.0,-1,1.0,0.4,285,109.0,70,2,3.5,122.0,44.0,6,258,2.0,130.0,51.0,0.4,14.3,0.0,87840,48,109372,28,1.0,2.0,1.49,0.44,1.93,21.7,0.1,0.03,0.13,1.41,392.4,149.0,65.0,61.5,333.0,113.0,155.0,191.0,45.0,60.9,232.0,80.0,,,,33,,Sven,Botman,Botman,,,1384,1,1,5,21,1,0,0,2,0,0,16,173,,,,0.0,0.33,1.37,1.04,9.36,13,131,74
476,a,100.0,100.0,5.0,243,38.0,0,0.0,0,0.0,3.4,99,34.0,79,1,3.3,154.0,60.0,5,232,1.3,184.0,68.0,0.3,15.8,0.0,1548523,231,1685693,297,0.3,1.3,0.8,0.32,1.12,25.12,0.04,0.02,0.06,1.24,422.4,127.0,55.0,88.6,295.0,91.0,115.0,241.0,65.0,62.7,225.0,77.0,,,,33,,Dan,Burn,Burn,,,1827,0,3,6,31,0,0,0,7,1,0,21,229,,,,0.0,0.3,1.53,1.03,9.51,31,162,61
477,d,75.0,100.0,4.9,324,53.0,0,0.0,-1,1.0,1.9,140,56.0,59,2,3.5,123.0,45.0,3,252,1.3,181.0,67.0,0.3,12.0,0.0,1106378,77,1383239,137,0.2,1.3,0.13,0.89,1.02,18.62,0.01,0.06,0.07,1.26,210.2,272.0,111.0,195.3,184.0,48.0,38.0,350.0,115.0,44.3,293.0,97.0,,,,33,,Tino,Livramento,Livramento,Thigh injury - 75% chance of playing,,1326,0,1,6,14,0,0,0,1,0,0,14,96,,,,0.0,0.41,0.95,0.95,4.62,22,46,81
478,a,100.0,100.0,4.9,285,44.0,0,0.0,-1,1.0,1.4,163,63.0,51,1,2.7,234.0,93.0,2,211,1.0,217.0,76.0,0.2,10.4,0.0,260401,61,381576,74,0.0,1.0,0.08,2.0,2.08,20.38,0.0,0.12,0.12,1.22,269.4,227.0,90.0,459.7,46.0,6.0,12.0,406.0,151.0,74.0,178.0,59.0,4.0,2.0,,33,,Kieran,Trippier,Trippier,,,1501,0,1,5,26,0,0,0,3,0,0,17,107,,,,0.0,0.3,1.56,1.02,4.68,23,55,70
479,i,0.0,0.0,4.3,575,123.0,0,0.0,-2,2.0,0.0,625,223.0,0,0,0.0,652.0,252.0,0,-8,0.0,517.0,213.0,0.0,0.0,0.0,1636,2,5273,2,0.0,0.0,0.0,0.0,0.0,0.25,0.0,0.0,0.0,0.5,1.4,498.0,177.0,1.2,470.0,171.0,0.0,612.0,251.0,0.3,502.0,176.0,,,,33,,Emil,Krafth,Krafth,Knee injury - Unknown return date,,45,0,0,0,2,0,0,0,0,0,0,1,1,,,,0.0,0.0,4.0,2.0,2.0,0,1,0
480,u,0.0,0.0,4.3,573,121.0,0,0.0,-2,2.0,0.0,594,211.0,1,0,0.5,521.0,180.0,0,0,0.0,516.0,212.0,0.0,0.2,0.0,2754,0,9107,1,0.0,0.0,0.04,0.0,0.04,0.55,0.19,0.0,0.19,2.61,10.2,465.0,169.0,0.0,638.0,252.0,7.0,426.0,162.0,1.7,474.0,169.0,,,,33,,Jamaal,Lascelles,Lascelles,has joined Leicester City permanently.,,19,0,0,0,2,0,0,0,0,0,0,0,5,,,,0.0,0.0,9.47,0.0,23.68,0,5,0
481,a,,,3.8,811,252.0,0,0.0,-2,2.0,0.7,234,88.0,1,0,1.0,454.0,163.0,0,-1,0.0,375.0,133.0,0.0,0.3,0.0,80490,26,105893,42,-1.0,0.0,0.0,0.0,0.0,0.27,0.0,0.0,0.0,24.3,2.2,493.0,175.0,0.0,513.0,195.0,0.0,480.0,189.0,0.2,505.0,177.0,,,,33,,Alex,Murphy,A.Murphy,,,1,0,0,0,1,0,0,0,0,0,0,0,1,,,,0.0,0.0,90.0,0.0,90.0,0,1,0
482,u,0.0,0.0,3.9,764,220.0,0,0.0,-1,1.0,0.1,465,172.0,0,0,0.0,557.0,202.0,0,0,0.0,397.0,142.0,0.0,0.0,0.0,8541,0,17184,4,0.0,0.0,0.0,0.0,0.0,0.0,0.0,0.0,0.0,0.0,0.0,547.0,201.0,0.0,534.0,201.0,0.0,502.0,196.0,0.0,549.0,201.0,,,,33,,Harrison,Ashby,Ashby,has joined Bradford City on loan for the rest of the season.,,0,0,0,0,0,0,0,0,0,0,0,0,0,,,,0.0,0.0,0.0,0.0,0.0,0,0,0
484,u,0.0,0.0,4.0,673,166.0,0,0.0,0,0.0,0.1,431,160.0,0,0,0.0,584.0,213.0,0,0,0.0,427.0,155.0,0.0,0.0,0.0,3759,0,45484,1,0.0,0.0,0.0,0.0,0.0,0.0,0.0,0.0,0.0,0.0,0.0,574.0,212.0,0.0,564.0,212.0,0.0,533.0,208.0,0.0,576.0,212.0,,,,33,,Matt,Targett,Targett,has joined Middlesbrough on loan for the rest of the season.,,0,0,0,0,0,0,0,0,0,0,0,0,0,,,,0.0,0.0,0.0,0.0,0.0,0,0,0
485,d,75.0,100.0,7.4,23,15.0,0,0.0,-1,1.0,7.1,59,21.0,101,0,3.9,79.0,35.0,10,352,4.3,27.0,10.0,0.6,13.6,0.0,2397722,1660,1737212,6713,2.5,4.3,8.77,3.38,12.15,24.78,0.44,0.17,0.61,1.24,393.8,146.0,50.0,404.2,67.0,53.0,514.0,34.0,18.0,130.9,52.0,34.0,,,1.0,33,,Anthony,Gordon,Gordon,Hip injury - 75% chance of playing,,1798,6,4,8,30,0,0,0,3,1,0,24,91,,,,0.0,0.4,1.5,1.2,4.56,19,16,56
486,a,100.0,100.0,6.5,52,33.0,0,0.0,-5,5.0,2.7,120,37.0,45,2,1.6,407.0,175.0,0,171,1.7,168.0,73.0,0.3,6.9,0.0,579117,131,1194064,113,0.7,1.7,1.44,1.71,3.15,20.44,0.1,0.12,0.22,1.45,125.2,346.0,157.0,261.4,136.0,93.0,169.0,182.0,100.0,55.3,251.0,124.0,5.0,,,33,,Anthony,Elanga,Elanga,,,1269,0,1,2,27,0,0,0,0,0,0,14,53,,,,0.0,0.14,1.91,0.99,3.76,14,9,30
487,a,,,6.1,81,53.0,0,0.0,-4,4.0,1.1,187,64.0,86,2,2.7,240.0,97.0,8,271,1.7,166.0,71.0,0.3,14.1,0.0,756580,103,699426,279,0.7,1.7,6.1,2.25,8.35,27.66,0.31,0.12,0.43,1.42,302.0,209.0,87.0,315.1,103.0,76.0,582.0,26.0,12.0,119.5,72.0,45.0,,,,33,,Harvey,Barnes,Barnes,,,1757,5,0,5,28,0,0,0,1,0,0,18,93,,,,0.0,0.26,1.43,0.92,4.76,13,19,61
488,a,100.0,75.0,6.8,43,27.0,0,0.0,3,-3.0,4.3,89,28.0,135,1,5.6,6.0,3.0,19,592,0.3,326.0,157.0,0.0,19.9,0.0,4045510,1016,3826533,400,-0.7,0.2,4.99,3.81,8.8,26.84,0.22,0.17,0.39,1.18,682.6,33.0,9.0,634.3,18.0,17.0,365.0,66.0,39.0,168.3,23.0,19.0,3.0,5.0,2.0,33,,Bruno,Guimarães Rodriguez Moura,Bruno G.,,,2047,9,6,6,32,0,0,0,5,0,0,22,204,,,,0.0,0.26,1.41,0.97,8.97,52,43,109
489,a,100.0,100.0,5.9,89,57.0,0,0.0,-6,6.0,0.6,241,86.0,67,0,2.4,294.0,128.0,2,265,1.0,230.0,103.0,0.2,11.4,0.0,166280,20,349970,53,0.0,1.0,3.05,2.42,5.47,21.11,0.2,0.16,0.36,1.4,278.2,221.0,93.0,332.9,93.0,69.0,319.0,83.0,49.0,92.1,125.0,70.0,,,,33,,Jacob,Murphy,J.Murphy,,,1354,3,1,7,17,0,0,0,2,0,0,15,73,,,,0.0,0.47,1.13,1.0,4.85,14,19,40
490,s,0.0,0.0,5.9,91,59.0,0,0.0,-1,1.0,0.3,328,114.0,67,0,2.7,239.0,96.0,2,281,1.3,193.0,88.0,0.2,11.4,0.0,80807,1,109255,157,0.0,0.0,2.09,1.15,3.24,26.12,0.11,0.06,0.17,1.33,304.6,206.0,85.0,262.6,135.0,92.0,311.0,87.0,52.0,87.9,140.0,77.0,,,,33,,Joelinton Cássio,Apolinário de Lira,Joelinton,Suspended until 02 May,,1770,2,1,5,25,0,0,0,10,0,0,21,214,,,,0.0,0.25,1.27,1.07,10.88,37,69,108
497,a,100.0,100.0,4.4,558,335.0,0,0.0,-1,1.0,1.8,145,50.0,68,4,3.2,164.0,67.0,5,310,3.3,58.0,21.0,0.7,15.5,0.0,648698,178,716654,128,2.3,3.3,1.36,2.04,3.4,19.2,0.09,0.14,0.23,1.32,297.0,211.0,88.0,232.0,159.0,107.0,132.0,224.0,122.0,66.1,207.0,102.0,,,,33,,Lewis,Miley,L.Miley,,,1313,1,4,2,20,0,0,0,0,0,0,13,139,,,,0.0,0.14,1.37,0.89,9.53,27,47,65
498,u,0.0,0.0,4.5,439,262.0,0,0.0,0,0.0,0.0,778,335.0,0,0,0.0,710.0,281.0,0,0,0.0,614.0,218.0,0.0,0.0,0.0,117,0,1259,0,0.0,0.0,0.0,0.0,0.0,0.0,0.0,0.0,0.0,0.0,0.0,704.0,275.0,0.0,700.0,278.0,0.0,683.0,271.0,0.0,706.0,277.0,,,,33,,Joe,White,White,has joined Bradford City on loan for the rest of the season.,,0,0,0,0,0,0,0,0,0,0,0,0,0,,,,0.0,0.0,0.0,0.0,0.0,0,0,0
500,a,100.0,100.0,5.4,179,42.0,0,0.0,-1,1.0,0.3,343,55.0,45,6,2.4,290.0,31.0,4,172,5.0,18.0,5.0,0.9,8.3,0.0,83027,960,90485,47,4.0,5.0,2.02,0.1,2.12,10.57,0.4,0.02,0.42,2.1,112.6,362.0,36.0,18.2,402.0,52.0,137.0,220.0,44.0,26.6,359.0,43.0,,,,33,,William,Osula,Osula,,,454,4,1,1,10,0,0,0,0,0,0,3,23,,,,0.0,0.2,1.98,0.59,4.56,3,2,18
501,a,,,4.3,616,86.0,0,0.0,-2,2.0,0.3,353,57.0,0,0,0.0,665.0,67.0,0,0,0.0,548.0,57.0,0.0,0.0,0.0,26525,14,37363,20,-1.0,0.0,0.0,0.0,0.0,0.0,0.0,0.0,0.0,0.0,0.0,655.0,67.0,0.0,651.0,66.0,0.0,628.0,66.0,0.0,657.0,67.0,,,,33,,Sean,Neave,Neave,,,0,0,0,0,0,0,0,0,0,0,0,0,0,,,,0.0,0.0,0.0,0.0,0.0,0,0,0
674,a,,,4.8,360,14.0,0,0.0,-2,2.0,0.8,207,26.0,25,1,2.1,327.0,30.0,1,107,1.3,180.0,14.0,0.3,5.2,0.0,142011,78,163948,128,0.3,1.3,0.0,0.0,0.0,18.83,0.0,0.0,0.0,1.69,200.2,278.0,24.0,10.0,433.0,12.0,0.0,760.0,87.0,21.0,380.0,24.0,,,,33,,Aaron,Ramsdale,Ramsdale,,,1003,0,0,1,17,0,0,0,2,0,25,11,0,,,,2.24,0.09,1.53,0.99,0.0,0,10,89
684,a,,,5.1,236,36.0,0,0.0,1,-1.0,6.3,61,20.0,117,1,3.9,72.0,27.0,12,382,1.0,224.0,78.0,0.2,22.9,0.0,1872155,572,1091913,2143,0.0,1.0,3.98,0.91,4.89,43.33,0.14,0.03,0.17,1.55,750.2,16.0,6.0,105.3,270.0,78.0,356.0,69.0,4.0,120.8,69.0,13.0,,,,33,,Malick,Thiaw,Thiaw,,,2513,4,0,5,46,0,0,0,4,0,0,28,285,,,,0.0,0.18,1.65,1.0,9.2,35,222,101
689,a,,,4.3,620,368.0,0,0.0,-2,2.0,0.5,270,95.0,0,0,0.0,668.0,256.0,0,0,0.0,551.0,185.0,0.0,0.0,0.0,96170,28,63077,102,-1.0,0.0,0.0,0.0,0.0,0.0,0.0,0.0,0.0,0.0,0.0,658.0,246.0,0.0,654.0,251.0,0.0,631.0,240.0,0.0,660.0,248.0,,,,33,,Seung-Soo,Park,Seung soo,,,0,0,0,0,0,0,0,0,0,0,0,0,0,,,,0.0,0.0,0.0,0.0,0.0,0,0,0
714,a,100.0,100.0,6.7,47,17.0,0,0.0,-3,3.0,6.6,60,11.0,95,1,3.3,160.0,16.0,10,336,2.3,120.0,17.0,0.3,14.2,0.0,5452480,361,4796650,577,1.3,2.3,6.39,0.85,7.24,22.89,0.34,0.05,0.39,1.23,390.0,150.0,15.0,206.6,172.0,15.0,390.0,61.0,24.0,97.6,107.0,18.0,,,3.0,33,,Nick,Woltemade,Woltemade,,,1670,7,4,7,27,1,0,0,0,0,0,21,93,,,,0.0,0.38,1.46,1.13,5.01,22,27,44
765,a,,,4.0,719,190.0,0,0.0,0,0.0,0.0,642,229.0,0,0,0.0,620.0,230.0,0,0,0.0,471.0,178.0,0.0,0.0,0.0,4319,8,2722,10,-1.0,0.0,0.0,0.0,0.0,0.0,0.0,0.0,0.0,0.0,0.0,611.0,230.0,0.0,603.0,230.0,0.0,573.0,227.0,0.0,613.0,230.0,,,,33,,Leo,Shahar,Shahar,,,0,0,0,0,0,0,0,0,0,0,0,0,0,,,,0.0,0.0,0.0,0.0,0.0,0,0,0
772,a,,,4.5,515,320.0,0,0.0,0,0.0,0.0,773,332.0,0,0,0.0,763.0,325.0,0,0,0.0,682.0,272.0,0.0,0.0,0.0,646,1,376,1,-1.0,0.0,0.0,0.0,0.0,0.0,0.0,0.0,0.0,0.0,0.0,762.0,324.0,0.0,755.0,324.0,0.0,742.0,320.0,0.0,762.0,324.0,,,,33,,Sam,Alabi,Alabi,,,0,0,0,0,0,0,0,0,0,0,0,0,0,,,,0.0,0.0,0.0,0.0,0.0,0,0,0
12,u,0.0,0.0,4.9,302,47.0,0,0.0,-1,1.0,0.2,369,135.0,7,0,1.4,424.0,154.0,0,56,0.0,713.0,251.0,0.0,1.4,0.0,26902,0,53848,6,0.0,0.0,0.07,0.36,0.43,5.02,0.02,0.09,0.11,1.28,80.8,389.0,146.0,83.4,302.0,95.0,22.0,387.0,137.0,18.6,390.0,138.0,,,,33,,Oleksandr,Zinchenko,Zinchenko,has joined Ajax permanently.,,352,0,0,0,6,0,0,0,0,0,0,4,36,,,,0.0,0.0,1.53,1.02,6.14,10,14,17
400,a,100.0,100.0,4.7,376,16.0,0,0.0,-3,3.0,0.2,387,55.0,11,0,3.7,93.0,13.0,0,38,0.0,690.0,91.0,0.0,2.3,0.0,12752,32,25960,16,0.0,0.5,0.0,0.01,0.01,4.65,0.0,0.0,0.0,1.55,68.6,396.0,30.0,0.0,760.0,90.0,0.0,749.0,82.0,6.9,439.0,30.0,,,,33,,Stefan,Ortega Moreno,Ortega Moreno,,,270,0,0,1,4,0,0,0,0,0,8,3,0,,,,2.67,0.33,1.33,1.0,0.0,0,1,8
426,a,,,5.0,257,155.0,0,0.0,-5,5.0,0.1,504,183.0,9,0,0.9,512.0,239.0,0,32,0.3,317.0,152.0,0.1,1.8,0.0,13367,5,26981,5,0.3,0.8,0.02,0.18,0.2,4.2,0.01,0.09,0.1,2.18,17.6,455.0,203.0,45.5,360.0,188.0,12.0,408.0,200.0,7.6,433.0,195.0,,,5.0,33,,James,McAtee,McAtee,,,173,0,0,0,8,0,0,0,1,0,0,1,13,,,,0.0,0.0,4.16,0.52,6.76,4,2,7
502,a,100.0,100.0,4.6,397,19.0,0,0.0,-4,4.0,4.9,78,14.0,80,0,3.2,166.0,18.0,3,328,3.3,59.0,8.0,0.7,17.4,0.0,443524,470,2053983,148,3.3,3.8,0.0,0.06,0.06,34.91,0.0,0.0,0.0,1.48,536.8,75.0,14.0,10.0,431.0,10.0,0.0,747.0,80.0,54.7,253.0,14.0,,,,33,,Matz,Sels,Sels,,,2127,0,0,6,32,0,0,0,2,0,72,24,75,,,,3.05,0.25,1.35,1.02,0.0,1,22,161
503,u,0.0,0.0,4.0,692,55.0,0,0.0,0,0.0,0.1,557,77.0,0,0,0.0,600.0,77.0,0,0,0.0,446.0,68.0,0.0,0.0,0.0,448,0,15792,1,0.0,0.0,0.0,0.0,0.0,0.0,0.0,0.0,0.0,0.0,0.0,590.0,77.0,0.0,581.0,64.0,0.0,550.0,51.0,0.0,592.0,77.0,,,,33,,Carlos Miguel,dos Santos Pereira,C.Miguel,Has joined Palmeiras permanently.,,0,0,0,0,0,0,0,0,0,0,0,0,0,,,,0.0,0.0,0.0,0.0,0.0,0,0,0
504,u,0.0,0.0,4.0,677,46.0,0,0.0,0,0.0,0.1,532,76.0,0,0,0.0,587.0,68.0,0,0,0.0,431.0,59.0,0.0,0.0,0.0,0,0,15888,0,0.0,0.0,0.0,0.0,0.0,0.0,0.0,0.0,0.0,0.0,0.0,577.0,68.0,0.0,568.0,55.0,0.0,537.0,42.0,0.0,579.0,68.0,,,,33,,Matt,Turner,Turner,Has joined Lyon permanently.,,0,0,0,0,0,0,0,0,0,0,0,0,0,,,,0.0,0.0,0.0,0.0,0.0,0,0,0
509,u,0.0,0.0,4.5,436,89.0,0,0.0,0,0.0,0.0,683,240.0,0,0,0.0,707.0,260.0,0,0,0.0,611.0,241.0,0.0,0.0,0.0,427,0,4421,1,0.0,0.0,0.0,0.0,0.0,0.0,0.0,0.0,0.0,0.0,0.0,701.0,260.0,0.0,697.0,260.0,0.0,680.0,260.0,0.0,703.0,260.0,,,,33,,David,Mota Veiga Teixeira do Carmo,David Carmo,has joined Real Oviedo on loan for the rest of the season.,,0,0,0,0,0,0,0,0,0,0,0,0,0,,,,0.0,0.0,0.0,0.0,0.0,0,0,0
510,a,100.0,100.0,4.2,647,152.0,0,0.0,-3,3.0,0.1,561,201.0,5,0,1.7,388.0,144.0,0,18,0.0,513.0,211.0,0.0,1.2,0.0,3487,6,8814,0,0.0,0.5,0.14,0.0,0.14,5.45,0.06,0.0,0.06,2.29,46.2,419.0,155.0,0.8,473.0,172.0,10.0,414.0,154.0,5.6,448.0,160.0,,,,33,,Jair,Paula da Cunha Filho,Jair Cunha,,,214,0,0,0,4,0,0,0,0,0,0,2,21,,,,0.0,0.0,1.68,0.84,8.41,4,16,3
511,a,,,4.3,592,135.0,0,0.0,-2,2.0,0.1,512,183.0,35,0,2.3,299.0,110.0,1,145,0.0,528.0,221.0,0.0,8.1,0.0,9505,4,13838,3,0.0,0.5,0.83,0.08,0.91,14.83,0.08,0.01,0.09,1.42,233.8,254.0,102.0,20.8,397.0,143.0,59.0,322.0,101.0,31.4,339.0,115.0,,,,33,,Felipe,Rodrigues da Silva,Morato,,,938,0,0,2,17,0,0,0,4,0,0,10,124,,,,0.0,0.19,1.63,0.96,9.79,24,78,46
512,u,0.0,0.0,4.5,422,83.0,0,0.0,0,0.0,0.0,691,243.0,0,0,0.0,699.0,258.0,0,0,0.0,600.0,238.0,0.0,0.0,0.0,345,0,4134,1,0.0,0.0,0.0,0.0,0.0,0.0,0.0,0.0,0.0,0.0,0.0,693.0,258.0,0.0,688.0,258.0,0.0,669.0,257.0,0.0,695.0,258.0,,,,33,,Omar,Richards,O.Richards,has joined Rio Ave on loan for the rest of the season.,,0,0,0,0,0,0,0,0,0,0,0,0,0,,,,0.0,0.0,0.0,0.0,0.0,0,0,0
514,i,0.0,0.0,3.8,792,235.0,0,0.0,-2,2.0,0.3,305,113.0,0,0,0.0,529.0,187.0,0,0,0.0,359.0,119.0,0.0,0.0,0.0,42996,8,68132,22,0.0,0.0,0.0,0.0,0.0,0.0,0.0,0.0,0.0,0.0,0.0,518.0,186.0,0.0,501.0,185.0,0.0,468.0,179.0,0.0,520.0,186.0,,,,33,,Willy,Boly,Boly,Knee injury - Unknown return date,,0,0,0,0,0,0,0,0,0,0,0,0,0,,,,0.0,0.0,0.0,0.0,0.0,0,0,0
515,a,100.0,100.0,7.4,22,14.0,0,0.0,-1,1.0,5.4,74,25.0,135,0,4.2,53.0,22.0,11,526,3.3,66.0,25.0,0.4,18.2,0.0,1237596,4152,1208684,712,3.3,3.8,8.63,2.16,10.79,43.07,0.29,0.07,0.36,1.42,576.4,55.0,15.0,654.5,17.0,16.0,646.0,24.0,10.0,187.5,13.0,9.0,,1.0,2.0,33,,Morgan,Gibbs-White,Gibbs-White,,,2723,9,2,9,40,0,0,0,1,0,0,31,153,,,,0.0,0.3,1.32,1.02,5.06,16,42,95
516,d,25.0,25.0,5.7,113,72.0,0,0.0,-3,3.0,0.7,228,81.0,88,0,2.9,210.0,85.0,8,358,4.3,26.0,9.0,0.8,15.4,0.0,276422,12,344922,390,1.1,1.2,2.77,3.02,5.79,30.88,0.14,0.15,0.29,1.51,366.6,166.0,62.0,611.7,23.0,22.0,330.0,80.0,47.0,130.6,53.0,35.0,,,,33,,Callum,Hudson-Odoi,Hudson-Odoi,Muscle injury - 25% chance of playing,,1838,3,4,6,26,0,0,0,0,0,0,21,106,,,,0.0,0.29,1.27,1.03,5.19,14,24,68
517,d,75.0,75.0,5.6,127,79.0,0,0.0,1,-1.0,7.5,54,19.0,142,0,4.4,39.0,16.0,10,649,3.0,83.0,34.0,0.5,25.4,0.0,1745244,350,1522649,3435,2.2,2.6,2.57,3.63,6.2,44.7,0.08,0.11,0.19,1.41,715.6,24.0,6.0,849.0,4.0,4.0,253.0,108.0,67.0,182.1,16.0,12.0,1.0,3.0,4.0,33,,Elliot,Anderson,Anderson,Personal Reasons - 75% chance of playing,,2863,2,3,9,43,0,0,0,6,0,0,32,445,,,,0.0,0.28,1.35,1.01,13.99,90,86,269
518,u,0.0,0.0,5.4,175,110.0,0,0.0,-1,1.0,0.0,618,238.0,1,0,1.0,506.0,235.0,0,6,0.0,786.0,343.0,0.0,0.2,0.0,1029,0,9160,1,0.0,0.0,0.0,0.0,0.0,0.0,0.0,0.0,0.0,0.0,5.0,479.0,217.0,0.5,479.0,231.0,4.0,441.0,217.0,1.0,488.0,224.0,,,,33,,João Pedro,Ferreira da Silva,Jota,has joined Besiktas on loan for the rest of the season.,,11,0,0,0,0,0,0,0,0,0,0,0,3,,,,0.0,0.0,0.0,0.0,24.55,2,1,0
519,a,100.0,100.0,5.0,256,154.0,0,0.0,0,0.0,0.0,635,246.0,39,0,1.9,355.0,153.0,3,171,0.7,259.0,120.0,0.1,7.8,0.0,5317,2,4252,2,0.7,1.2,1.15,0.44,1.59,18.21,0.11,0.04,0.15,1.75,192.4,288.0,124.0,155.9,213.0,135.0,126.0,232.0,128.0,47.5,279.0,141.0,,,,33,,Nicolás,Domínguez,Dominguez,,,938,1,0,3,18,0,0,0,2,0,0,14,103,,,,0.0,0.29,1.73,1.34,9.88,41,20,42
520,u,0.0,0.0,5.0,254,153.0,0,0.0,0,0.0,0.0,821,366.0,0,0,0.0,793.0,347.0,0,0,0.0,741.0,312.0,0.0,0.0,0.0,0,0,118,0,0.0,0.0,0.0,0.0,0.0,0.0,0.0,0.0,0.0,0.0,0.0,792.0,346.0,0.0,790.0,346.0,0.0,785.0,344.0,0.0,792.0,346.0,,,,33,,Lewis,O'Brien,O'Brien,Has joined Wrexham permanently.,,0,0,0,0,0,0,0,0,0,0,0,0,0,,,,0.0,0.0,0.0,0.0,0.0,0,0,0
521,a,100.0,100.0,4.9,306,190.0,0,0.0,-1,1.0,0.1,543,199.0,79,0,3.3,153.0,63.0,2,328,2.7,94.0,38.0,0.6,16.1,0.0,12021,34,13674,8,2.7,3.2,1.16,1.69,2.85,29.88,0.06,0.08,0.14,1.45,384.6,154.0,55.0,185.7,191.0,125.0,124.0,235.0,129.0,69.6,199.0,99.0,,,,33,,Ibrahim,Sangaré,Sangaré,,,1854,2,2,8,23,0,0,0,5,0,0,22,226,,,,0.0,0.39,1.12,1.07,10.97,54,79,93
524,u,0.0,0.0,4.5,450,269.0,0,0.0,0,0.0,0.0,702,286.0,0,0,0.0,715.0,286.0,0,0,0.0,622.0,224.0,0.0,0.0,0.0,245,0,5726,0,0.0,0.0,0.0,0.0,0.0,0.0,0.0,0.0,0.0,0.0,0.0,710.0,281.0,0.0,705.0,283.0,0.0,689.0,276.0,0.0,711.0,282.0,,,,33,,Marko,Stamenić,Stamenic,Has joined Swansea City permanently.,,0,0,0,0,0,0,0,0,0,0,0,0,0,,,,0.0,0.0,0.0,0.0,0.0,0,0,0
525,d,75.0,75.0,7.1,33,14.0,0,0.0,-4,4.0,4.5,85,16.0,26,0,2.9,213.0,20.0,3,86,0.3,328.0,44.0,0.0,3.7,0.0,2136393,31,3394319,96,0.2,0.6,2.98,0.12,3.1,8.56,0.48,0.02,0.5,1.37,77.6,393.0,43.0,51.4,349.0,42.0,188.0,165.0,39.0,30.7,346.0,40.0,,,1.0,33,,Chris,Wood,Wood,Knock - 75% chance of playing,,563,2,0,1,8,0,0,0,0,0,0,7,14,,,,0.0,0.16,1.28,1.12,2.24,1,6,7
526,a,100.0,100.0,5.8,108,31.0,0,0.0,-2,2.0,1.3,173,26.0,83,0,2.7,238.0,24.0,8,276,3.3,64.0,10.0,0.6,14.3,0.0,468968,1336,425942,184,3.3,3.8,4.78,1.16,5.94,30.96,0.23,0.06,0.29,1.48,258.6,239.0,21.0,180.4,194.0,17.0,565.0,27.0,15.0,98.0,106.0,17.0,,,3.0,33,,Igor Jesus,Maciel da Cruz,Igor Jesus,,,1882,3,4,8,32,0,0,0,0,0,0,23,93,,,,0.0,0.38,1.53,1.1,4.45,18,32,43
527,a,100.0,100.0,5.2,207,47.0,0,0.0,-3,3.0,0.3,330,51.0,20,0,1.7,394.0,47.0,1,81,1.3,187.0,22.0,0.2,3.8,0.0,37154,15,94306,19,1.3,1.8,2.07,0.39,2.46,5.11,0.7,0.13,0.83,1.72,85.4,382.0,42.0,41.9,364.0,45.0,151.0,203.0,41.0,27.3,355.0,42.0,,,,33,,Taiwo,Awoniyi,Awoniyi,,,268,2,0,0,2,0,0,0,1,0,0,1,15,,,,0.0,0.0,0.67,0.34,5.04,1,5,9
669,a,100.0,100.0,5.5,146,92.0,0,0.0,-5,5.0,0.7,233,83.0,50,0,2.1,333.0,144.0,4,178,0.7,264.0,125.0,0.1,9.1,0.0,545400,9,575280,12,0.7,1.2,1.05,1.51,2.56,15.96,0.08,0.12,0.2,1.23,166.4,312.0,140.0,217.7,166.0,112.0,180.0,172.0,96.0,56.6,247.0,121.0,4.0,,,33,,Dan,Ndoye,Ndoye,,,1167,1,2,2,17,0,0,0,1,0,0,14,96,,,,0.0,0.15,1.31,1.08,7.4,22,24,50
675,a,100.0,100.0,4.0,667,42.0,0,0.0,0,0.0,1.1,186,23.0,1,0,1.0,457.0,37.0,0,4,0.0,423.0,55.0,0.0,0.2,0.0,30767,15,102729,12,0.0,0.5,0.0,0.0,0.0,0.21,0.0,0.0,0.0,0.42,1.2,500.0,36.0,0.0,560.0,51.0,0.0,529.0,38.0,0.1,509.0,36.0,,,,33,,Angus,Gunn,Gunn,,,45,0,0,0,0,0,0,0,0,0,0,0,0,,,,0.0,0.0,0.0,0.0,0.0,0,1,4
693,a,,,5.4,174,109.0,0,0.0,-1,1.0,0.1,537,196.0,65,0,2.6,255.0,105.0,3,264,1.3,190.0,85.0,0.2,12.0,0.0,33125,10,28814,4,1.3,1.8,1.86,3.03,4.89,18.64,0.12,0.2,0.32,1.25,261.2,235.0,99.0,420.8,61.0,49.0,306.0,90.0,53.0,98.6,103.0,58.0,2.0,,,33,,Omari,Hutchinson,Hutchinson,,,1341,1,5,5,18,0,0,0,1,0,0,13,106,,,,0.0,0.34,1.21,0.87,7.11,18,15,73
696,u,0.0,0.0,6.0,88,26.0,0,0.0,0,0.0,0.1,458,66.0,9,0,1.0,509.0,61.0,0,24,0.0,808.0,89.0,0.0,1.5,0.0,15291,0,18491,2,0.0,0.0,0.44,0.02,0.46,1.57,0.44,0.02,0.46,1.59,6.8,475.0,56.0,17.7,406.0,53.0,39.0,348.0,55.0,6.3,442.0,56.0,,,,33,,Arnaud,Kalimuendo,Kalimuendo,has joined Eintracht Frankfurt on loan for the rest of the season.,,89,0,0,0,3,0,0,0,0,0,0,0,6,,,,0.0,0.0,3.03,0.0,6.07,1,1,4
715,i,0.0,0.0,4.0,675,45.0,0,0.0,0,0.0,0.3,325,44.0,11,0,2.2,307.0,29.0,0,32,0.0,429.0,58.0,0.0,2.8,0.0,66311,4,50422,25,0.0,0.0,0.0,0.0,0.0,6.13,0.0,0.0,0.0,1.26,56.4,410.0,32.0,0.0,566.0,54.0,0.0,535.0,41.0,5.7,447.0,32.0,,,,33,,John Victor,Maciel Furtado,John,Knee injury - Expected back 01 Jun,,437,0,0,1,8,0,0,0,1,0,6,5,0,,,,1.24,0.21,1.65,1.03,0.0,0,4,26
716,i,0.0,0.0,4.5,452,93.0,0,0.0,0,0.0,0.1,582,208.0,39,0,2.8,220.0,88.0,0,131,0.0,624.0,244.0,0.0,8.7,0.0,46723,1,44623,4,0.0,0.0,1.34,0.45,1.79,15.04,0.12,0.04,0.16,1.32,216.6,266.0,108.0,123.2,248.0,67.0,94.0,270.0,78.0,43.5,296.0,99.0,,,,33,,Nicolò,Savona,Savona,Knee injury - Unknown return date,,1025,2,0,3,18,0,0,0,2,0,0,11,69,,,,0.0,0.26,1.58,0.97,5.0,20,37,27
729,u,0.0,0.0,4.5,473,95.0,0,0.0,0,0.0,0.0,818,268.0,0,0,0.0,731.0,261.0,0,0,0.0,642.0,245.0,0.0,0.0,0.0,94,0,120,0,0.0,0.0,0.0,0.0,0.0,0.0,0.0,0.0,0.0,0.0,0.0,728.0,261.0,0.0,722.0,261.0,0.0,708.0,261.0,0.0,729.0,261.0,,,,33,,Luis Eduardo,Soares da Silva,Cuiabano,has joined Vasco de Gama on loan for the rest of the season.,,0,0,0,0,0,0,0,0,0,0,0,0,0,,,,0.0,0.0,0.0,0.0,0.0,0,0,0
734,a,100.0,100.0,5.9,98,65.0,0,0.0,-1,1.0,0.0,675,271.0,14,0,1.4,428.0,188.0,0,55,0.0,806.0,356.0,0.0,2.4,0.0,4701,6,4274,6,0.0,0.5,0.5,0.68,1.18,6.73,0.13,0.18,0.31,1.77,49.8,416.0,182.0,113.9,261.0,159.0,78.0,291.0,157.0,23.8,365.0,173.0,,,,33,,Dilane,Bakwa,Bakwa,,,342,0,1,0,8,0,0,0,1,0,0,3,26,,,,0.0,0.0,2.11,0.79,6.84,2,3,21
805,a,,,5.4,170,40.0,0,0.0,-1,1.0,0.0,711,89.0,8,0,2.7,237.0,23.0,0,34,0.0,784.0,85.0,0.0,1.5,0.0,5896,7,4360,7,0.0,0.5,0.72,0.01,0.73,1.87,0.54,0.01,0.55,1.41,37.2,430.0,51.0,12.7,419.0,55.0,31.0,368.0,56.0,7.9,432.0,55.0,,,,33,,Lorenzo,Lucca,Lucca,,,119,1,0,1,1,0,0,0,0,0,0,1,5,,,,0.0,0.76,0.76,0.76,3.78,0,4,1
814,a,,,4.5,442,90.0,0,0.0,0,0.0,0.0,774,261.0,2,0,1.0,479.0,172.0,0,8,0.0,617.0,242.0,0.0,0.4,0.0,491,3,239,1,0.0,0.5,0.0,0.36,0.36,0.05,0.0,0.68,0.68,0.09,7.8,472.0,170.0,1.7,463.0,168.0,2.0,449.0,169.0,1.1,485.0,171.0,,,,33,,Luca,Netz,Netz,,,48,0,0,0,0,0,0,0,0,0,0,0,1,,,,0.0,0.0,0.0,0.0,1.88,0,1,3
528,u,0.0,0.0,4.2,635,33.0,0,0.0,-3,3.0,0.2,415,60.0,0,0,0.0,645.0,91.0,0,0,0.0,505.0,83.0,0.0,0.0,0.0,10565,0,35045,9,0.0,0.0,0.0,0.0,0.0,0.0,0.0,0.0,0.0,0.0,0.0,637.0,91.0,0.0,630.0,81.0,0.0,604.0,70.0,0.0,639.0,91.0,,,,33,,Anthony,Patterson,Patterson,has joined Millwall on loan for the rest of the season.,,0,0,0,0,0,0,0,0,0,0,0,0,0,,,,0.0,0.0,0.0,0.0,0.0,0,0,0
529,i,0.0,0.0,3.9,746,69.0,0,0.0,-1,1.0,0.3,300,40.0,0,0,0.0,546.0,42.0,0,0,0.0,383.0,30.0,0.0,0.0,0.0,18974,1,36240,44,0.0,0.0,0.0,0.0,0.0,0.0,0.0,0.0,0.0,0.0,0.0,535.0,41.0,0.0,521.0,23.0,0.0,489.0,10.0,0.0,537.0,41.0,,,,33,,Simon,Moore,Moore,Hand injury - Unknown return date,,0,0,0,0,0,0,0,0,0,0,0,0,0,,,,0.0,0.0,0.0,0.0,0.0,0,0,0
530,u,0.0,0.0,3.9,774,87.0,0,0.0,-1,1.0,0.1,476,71.0,0,0,0.0,564.0,57.0,0,0,0.0,404.0,46.0,0.0,0.0,0.0,7473,0,13835,2,0.0,0.0,0.0,0.0,0.0,0.0,0.0,0.0,0.0,0.0,0.0,554.0,57.0,0.0,542.0,41.0,0.0,510.0,28.0,0.0,556.0,57.0,,,,33,,Blondy,Nna Noukeu,Nna Noukeu,has joined US Boulogne CO permanently.,,0,0,0,0,0,0,0,0,0,0,0,0,0,,,,0.0,0.0,0.0,0.0,0.0,0,0,0
531,a,100.0,100.0,4.7,386,65.0,0,0.0,2,-2.0,3.1,107,39.0,118,0,4.5,28.0,11.0,9,363,0.0,693.0,248.0,0.0,25.1,0.0,1244401,1589,1110356,278,0.0,0.0,2.42,0.58,3.0,31.12,0.11,0.03,0.14,1.4,637.4,43.0,19.0,177.3,197.0,51.0,353.0,71.0,5.0,116.9,76.0,15.0,,,,33,,Daniel,Ballard,Ballard,,,2004,2,2,6,28,0,0,0,3,0,0,22,266,,,,0.0,0.27,1.26,0.99,11.41,31,223,66
532,a,,,4.5,444,91.0,0,0.0,0,0.0,0.3,313,114.0,88,0,2.8,219.0,87.0,6,313,0.3,311.0,100.0,0.1,19.6,0.0,81851,30,76174,27,0.3,0.3,1.91,1.64,3.55,41.86,0.07,0.06,0.13,1.46,408.6,139.0,59.0,301.3,114.0,27.0,193.0,156.0,32.0,89.4,133.0,41.0,2.0,,,33,,Trai,Hume,Hume,,,2587,0,1,8,33,0,0,0,9,0,0,29,205,,,,0.0,0.28,1.15,1.01,6.19,60,118,87
533,u,0.0,0.0,4.0,674,167.0,0,0.0,0,0.0,0.0,795,264.0,0,0,0.0,585.0,214.0,0,0,0.0,428.0,156.0,0.0,0.0,0.0,611,0,866,0,0.0,0.0,0.0,0.0,0.0,0.0,0.0,0.0,0.0,0.0,0.0,575.0,213.0,0.0,565.0,213.0,0.0,534.0,209.0,0.0,577.0,213.0,,,,33,,Aji,Alese,Alese,has joined Portsmouth on loan for the rest of the season.,,0,0,0,0,0,0,0,0,0,0,0,0,0,,,,0.0,0.0,0.0,0.0,0.0,0,0,0
534,u,0.0,0.0,3.8,795,237.0,0,0.0,-2,2.0,0.3,324,118.0,0,0,0.0,531.0,188.0,0,0,0.0,362.0,121.0,0.0,0.0,0.0,39413,0,66331,13,0.0,0.0,0.0,0.0,0.0,0.0,0.0,0.0,0.0,0.0,0.0,520.0,187.0,0.0,503.0,186.0,0.0,470.0,180.0,0.0,522.0,187.0,,,,33,,Joe,Anderson,Anderson,has joined Barrow FC permanently.,,0,0,0,0,0,0,0,0,0,0,0,0,0,,,,0.0,0.0,0.0,0.0,0.0,0,0,0
535,a,100.0,100.0,4.0,685,172.0,0,0.0,0,0.0,0.0,596,213.0,14,0,2.0,337.0,124.0,0,44,0.0,439.0,161.0,0.0,3.5,0.0,7579,3,7270,3,0.0,0.0,0.08,0.02,0.09,6.04,0.02,0.01,0.03,1.81,58.2,409.0,154.0,8.9,436.0,155.0,8.0,421.0,159.0,7.1,438.0,157.0,,,,33,,Dennis,Cirkin,Cirkin,,,301,0,0,1,2,0,0,0,1,0,0,3,26,,,,0.0,0.3,0.6,0.9,7.77,8,18,8
536,u,0.0,0.0,4.0,693,175.0,0,0.0,0,0.0,0.0,726,252.0,0,0,0.0,601.0,220.0,0,0,0.0,447.0,164.0,0.0,0.0,0.0,1255,0,1544,1,0.0,0.0,0.0,0.0,0.0,0.0,0.0,0.0,0.0,0.0,0.0,591.0,219.0,0.0,582.0,219.0,0.0,551.0,215.0,0.0,593.0,219.0,,,,33,,Leo Fuhr,Hjelde,Hjelde,has joined Sheffield United on loan for the rest of the season.,,0,0,0,0,0,0,0,0,0,0,0,0,0,,,,0.0,0.0,0.0,0.0,0.0,0,0,0
541,a,100.0,100.0,3.8,798,240.0,0,0.0,-2,2.0,2.8,118,46.0,58,0,3.1,181.0,71.0,6,212,2.3,106.0,37.0,0.6,15.3,0.0,627014,588,1079602,112,2.3,2.3,0.13,0.48,0.61,20.87,0.01,0.03,0.04,1.24,304.0,208.0,82.0,96.4,281.0,86.0,37.0,352.0,116.0,43.9,294.0,98.0,,,,33,,Reinildo,Mandava,Reinildo,,,1518,0,2,5,20,0,0,0,7,1,0,18,150,,,,0.0,0.3,1.19,1.07,7.77,31,100,70
542,u,0.0,0.0,4.0,714,187.0,0,0.0,0,0.0,0.1,513,184.0,2,0,1.0,459.0,167.0,0,11,0.0,466.0,175.0,0.0,0.5,0.0,3016,0,25348,1,0.0,0.0,0.0,0.01,0.01,1.33,0.0,0.01,0.01,0.9,33.6,435.0,162.0,2.4,459.0,167.0,0.0,568.0,224.0,3.6,461.0,165.0,,,,33,,Jenson,Seelt,Seelt,has joined Wolfsburg on loan for the rest of the season.,,133,0,0,0,2,0,0,0,0,0,0,1,18,,,,0.0,0.0,1.35,0.68,8.12,4,8,6
543,u,0.0,0.0,4.9,337,208.0,0,0.0,-6,6.0,0.3,301,105.0,34,0,2.4,287.0,123.0,3,81,0.0,731.0,305.0,0.0,6.9,0.0,90681,0,231532,6,0.0,0.0,0.35,0.62,0.97,11.3,0.05,0.09,0.14,1.57,81.4,388.0,173.0,116.8,256.0,157.0,75.0,296.0,159.0,27.0,357.0,170.0,,,,33,,Simon,Adingra,Adingra,has joined AS Monaco on loan for the rest of the season.,,649,1,1,4,8,0,0,0,2,0,0,9,45,,,,0.0,0.55,1.11,1.25,6.24,11,13,21
544,a,100.0,100.0,5.3,199,124.0,0,0.0,-2,2.0,0.1,453,153.0,57,0,3.8,85.0,36.0,3,175,3.7,51.0,17.0,0.7,10.8,0.0,23826,472,24650,23,3.7,3.7,2.34,0.55,2.89,16.69,0.18,0.04,0.22,1.26,135.0,337.0,152.0,101.5,276.0,165.0,188.0,164.0,91.0,41.4,305.0,151.0,,,1.0,33,,Habib,Diarra,Diarra,,,1189,2,5,5,11,0,0,0,4,0,0,13,63,,,,0.0,0.38,0.83,0.98,4.77,13,16,34
545,u,0.0,0.0,5.4,156,98.0,0,0.0,-1,1.0,0.0,731,304.0,1,0,1.0,505.0,234.0,0,4,0.0,776.0,337.0,0.0,0.2,0.0,462,0,4086,0,0.0,0.0,0.03,0.02,0.05,0.66,0.1,0.07,0.17,2.2,1.8,497.0,229.0,7.3,438.0,213.0,5.0,435.0,212.0,1.4,481.0,222.0,,,,33,,Patrick,Roberts,Roberts,has joined Birmingham City permanently.,,27,0,0,0,1,0,0,0,0,0,0,0,1,,,,0.0,0.0,3.33,0.0,3.33,0,0,1
546,a,100.0,100.0,4.9,343,214.0,0,0.0,-1,1.0,0.0,699,284.0,0,0,0.0,789.0,344.0,0,0,0.0,734.0,308.0,0.0,0.0,0.0,531,4,3530,1,0.0,0.0,0.0,0.0,0.0,0.0,0.0,0.0,0.0,0.0,0.0,788.0,343.0,0.0,784.0,343.0,0.0,780.0,341.0,0.0,788.0,343.0,,,,33,,Milan,Aleksić,Aleksić,,,0,0,0,0,0,0,0,0,0,0,0,0,0,,,,0.0,0.0,0.0,0.0,0.0,0,0,0
557,a,,,4.3,608,358.0,0,0.0,-2,2.0,0.1,541,198.0,0,0,0.0,660.0,249.0,0,0,0.0,542.0,178.0,0.0,0.0,0.0,9134,5,11011,7,0.0,0.0,0.0,0.0,0.0,0.0,0.0,0.0,0.0,0.0,0.0,650.0,239.0,0.0,646.0,244.0,0.0,623.0,233.0,0.0,652.0,241.0,,,,33,,Harrison,Jones,H.Jones,,,0,0,0,0,0,0,0,0,0,0,0,0,0,,,,0.0,0.0,0.0,0.0,0.0,0,0,0
558,u,0.0,0.0,4.3,599,353.0,0,0.0,-2,2.0,0.2,404,140.0,0,0,0.0,657.0,247.0,0,0,0.0,533.0,173.0,0.0,0.0,0.0,30710,0,46156,10,0.0,0.0,0.0,0.0,0.0,0.0,0.0,0.0,0.0,0.0,0.0,647.0,237.0,0.0,642.0,242.0,0.0,617.0,229.0,0.0,649.0,239.0,,,,33,,Jay,Matete,Matete,has joined MK Dons permanently.,,0,0,0,0,0,0,0,0,0,0,0,0,0,,,,0.0,0.0,0.0,0.0,0.0,0,0,0
559,u,0.0,0.0,4.4,549,329.0,0,0.0,-1,1.0,0.0,649,254.0,0,0,0.0,678.0,261.0,0,0,0.0,571.0,192.0,0.0,0.0,0.0,2951,0,8670,0,0.0,0.0,0.0,0.0,0.0,0.0,0.0,0.0,0.0,0.0,0.0,670.0,253.0,0.0,666.0,257.0,0.0,645.0,247.0,0.0,672.0,255.0,,,,33,,Nectarios,Triantis,Triantis,has joined Minnesota United permanently.,,0,0,0,0,0,0,0,0,0,0,0,0,0,,,,0.0,0.0,0.0,0.0,0.0,0,0,0
560,a,100.0,100.0,5.0,259,54.0,0,0.0,-5,5.0,1.3,174,27.0,61,0,2.3,303.0,33.0,7,196,0.3,318.0,41.0,0.1,12.2,0.0,970138,169,887598,89,0.3,0.3,3.73,0.17,3.9,17.94,0.32,0.01,0.33,1.53,168.8,307.0,30.0,24.2,391.0,51.0,384.0,62.0,25.0,57.6,242.0,29.0,,,,33,,Wilson,Isidor,Isidor,,,1057,4,1,4,15,0,0,0,1,0,0,11,44,,,,0.0,0.34,1.28,0.94,3.75,9,16,19
561,a,,,5.2,215,50.0,0,0.0,-3,3.0,0.5,263,38.0,39,0,2.1,331.0,36.0,5,121,0.3,320.0,42.0,0.1,7.5,0.0,272608,30,311224,20,0.3,0.3,2.13,0.22,2.35,12.67,0.26,0.03,0.29,1.52,117.6,357.0,35.0,53.8,344.0,41.0,188.0,163.0,38.0,35.5,326.0,39.0,,,,33,,Eliezer,Mayenda Dossou,Mayenda,,,750,2,0,3,9,0,0,0,0,0,0,8,26,,,,0.0,0.36,1.08,0.96,3.12,5,7,14
562,a,,,4.2,649,91.0,0,0.0,-3,3.0,0.4,281,42.0,0,0,0.0,651.0,65.0,0,0,0.0,515.0,53.0,0.0,0.0,0.0,70106,34,95514,48,0.0,0.0,0.0,0.0,0.0,0.0,0.0,0.0,0.0,0.0,0.0,643.0,65.0,0.0,637.0,64.0,0.0,611.0,64.0,0.0,645.0,65.0,,,,33,,Ahmed,Abdullahi,Abdullahi,,,0,0,0,0,0,0,0,0,0,0,0,0,0,,,,0.0,0.0,0.0,0.0,0.0,0,0,0
563,u,0.0,0.0,4.4,559,79.0,0,0.0,-1,1.0,0.1,522,71.0,0,0,0.0,684.0,72.0,0,0,0.0,580.0,62.0,0.0,0.0,0.0,5979,0,20482,4,0.0,0.0,0.0,0.0,0.0,0.0,0.0,0.0,0.0,0.0,0.0,677.0,72.0,0.0,672.0,71.0,0.0,653.0,71.0,0.0,679.0,72.0,,,,33,,Luís Hemir,Silva Semedo,Luís Hemir,has joined Moreirense on loan for the rest of the season.,,0,0,0,0,0,0,0,0,0,0,0,0,0,,,,0.0,0.0,0.0,0.0,0.0,0,0,0
564,u,0.0,0.0,4.4,541,76.0,0,0.0,-1,1.0,0.1,523,72.0,0,0,0.0,674.0,69.0,0,0,0.0,566.0,59.0,0.0,0.0,0.0,3530,0,20254,2,0.0,0.0,0.0,0.0,0.0,0.0,0.0,0.0,0.0,0.0,0.0,665.0,69.0,0.0,661.0,68.0,0.0,640.0,68.0,0.0,667.0,69.0,,,,33,,Nazarii,Rusyn,Rusyn,has joined Arka on loan for the rest of the season.,,0,0,0,0,0,0,0,0,0,0,0,0,0,,,,0.0,0.0,0.0,0.0,0.0,0,0,0
668,a,100.0,100.0,5.1,219,134.0,0,0.0,1,-1.0,3.2,104,35.0,104,0,3.7,101.0,43.0,5,498,3.0,80.0,32.0,0.6,20.4,0.0,1381054,795,1378418,188,3.0,3.0,0.83,2.47,3.3,37.47,0.03,0.09,0.12,1.43,581.6,53.0,14.0,484.9,38.0,34.0,91.0,273.0,148.0,115.7,78.0,48.0,1.0,1.0,,33,,Granit,Xhaka,Xhaka,,,2361,1,5,8,27,0,0,0,5,0,0,26,297,,,,0.0,0.3,1.03,0.99,11.32,43,118,136
670,a,100.0,100.0,4.8,370,15.0,0,0.0,3,-3.0,8.0,48,9.0,121,0,4.2,46.0,5.0,12,516,3.7,46.0,5.0,0.8,25.2,0.0,2212144,5789,1421401,313,3.7,3.7,0.0,0.1,0.1,41.84,0.0,0.0,0.0,1.44,759.4,11.0,3.0,40.0,366.0,2.0,0.0,762.0,88.0,79.8,160.0,3.0,,,,33,,Robin,Roefs,Roefs,,,2610,0,0,9,34,0,1,0,3,0,92,29,110,,,,3.17,0.31,1.17,1.0,0.0,0,33,290
678,u,0.0,0.0,3.9,751,214.0,0,0.0,-1,1.0,0.5,274,104.0,1,0,0.3,522.0,181.0,0,4,0.0,387.0,139.0,0.0,0.3,0.0,52353,0,84254,14,0.0,0.0,0.07,0.08,0.15,2.09,0.05,0.06,0.11,1.5,21.8,449.0,165.0,20.1,398.0,144.0,7.0,425.0,161.0,4.9,455.0,163.0,,,,33,,Arthur,Masuaku,Masuaku,has joined RC Lens on loan for the rest of the season.,,125,0,0,0,2,0,0,0,1,0,0,2,13,,,,0.0,0.0,1.44,1.44,7.2,4,6,3
683,a,100.0,100.0,4.1,651,153.0,0,0.0,1,-1.0,6.1,64,22.0,111,0,4.0,59.0,23.0,5,381,3.0,73.0,26.0,0.7,27.1,0.0,1670003,1720,1068110,334,3.0,3.0,1.37,0.87,2.23,39.19,0.05,0.03,0.08,1.44,688.0,31.0,11.0,131.4,242.0,64.0,231.0,122.0,21.0,105.4,91.0,23.0,,,,33,,Omar,Alderete,Alderete,,,2443,1,1,9,31,0,0,0,6,0,0,27,302,,,,0.0,0.33,1.14,0.99,10.24,28,250,91
694,a,100.0,100.0,4.5,420,81.0,0,0.0,5,-5.0,7.4,56,19.0,129,0,5.0,14.0,4.0,10,432,4.7,20.0,9.0,1.0,28.7,0.0,2560205,12776,1746876,248,4.7,4.7,1.28,2.07,3.35,36.5,0.05,0.08,0.13,1.46,604.4,49.0,23.0,288.5,122.0,32.0,166.0,183.0,43.0,105.9,90.0,22.0,,,,33,,Nordi,Mukiele,Mukiele,,,2244,2,5,8,28,1,0,0,4,0,0,26,258,,,,0.0,0.32,1.12,1.04,9.22,61,169,105
724,a,,,4.5,428,87.0,0,0.0,0,0.0,0.1,576,206.0,46,0,1.8,372.0,141.0,0,190,1.0,212.0,74.0,0.2,10.2,0.0,10836,11,7626,5,1.0,1.0,0.5,0.75,1.25,28.37,0.03,0.05,0.08,1.81,238.0,253.0,101.0,116.1,257.0,72.0,67.0,305.0,93.0,42.1,302.0,101.0,,,,33,,Lutsharel,Geertruida,Geertruida,,,1411,0,0,2,21,0,0,0,1,0,0,14,117,,,,0.0,0.13,1.34,0.89,6.44,34,67,62
730,a,100.0,100.0,5.3,193,45.0,0,0.0,-2,2.0,0.7,225,32.0,73,0,2.9,208.0,19.0,11,249,3.0,82.0,12.0,0.6,13.8,0.0,361265,4107,288601,128,3.0,3.0,4.46,0.46,4.92,24.89,0.28,0.03,0.31,1.54,276.4,224.0,19.0,133.6,240.0,25.0,409.0,51.0,21.0,80.3,159.0,22.0,,,,33,,Brian,Brobbey,Brobbey,,,1450,6,1,5,19,0,0,0,5,0,0,16,60,,,,0.0,0.31,1.18,0.99,3.72,7,14,39
735,d,50.0,0.0,5.5,134,83.0,0,0.0,0,0.0,0.0,653,257.0,30,0,2.5,270.0,113.0,1,118,0.0,790.0,347.0,0.0,5.5,0.0,13868,1,13310,4,0.0,0.0,0.48,0.25,0.73,9.74,0.07,0.04,0.11,1.38,115.6,359.0,160.0,108.4,268.0,163.0,135.0,221.0,121.0,35.9,323.0,159.0,,,,33,,Bertrand,Traoré,Traoré,Knee injury - 50% chance of playing,,634,1,1,3,9,0,0,0,1,0,0,9,40,,,,0.0,0.43,1.28,1.28,5.68,11,11,18
774,a,,,4.0,678,169.0,0,0.0,0,0.0,0.0,680,239.0,0,0,0.0,588.0,216.0,0,0,0.0,432.0,158.0,0.0,0.0,0.0,1770,6,1156,3,0.0,0.0,0.0,0.0,0.0,0.0,0.0,0.0,0.0,0.0,0.0,578.0,215.0,0.0,569.0,215.0,0.0,538.0,211.0,0.0,580.0,215.0,,,,33,,Jenson,Jones,Jenson Jones,,,0,0,0,0,0,0,0,0,0,0,0,0,0,,,,0.0,0.0,0.0,0.0,0.0,0,0,0
775,u,0.0,0.0,4.5,496,306.0,0,0.0,0,0.0,0.0,823,368.0,0,0,0.0,749.0,314.0,0,0,0.0,665.0,259.0,0.0,0.0,0.0,160,0,141,0,0.0,0.0,0.0,0.0,0.0,0.0,0.0,0.0,0.0,0.0,0.0,747.0,312.0,0.0,740.0,312.0,0.0,727.0,308.0,0.0,747.0,312.0,,,,33,,Tymur,Tutierov,Tutierov,has joined Exeter City on loan for the rest of the season.,,0,0,0,0,0,0,0,0,0,0,0,0,0,,,,0.0,0.0,0.0,0.0,0.0,0,0,0
800,d,50.0,0.0,4.9,346,216.0,0,0.0,-1,1.0,0.0,822,367.0,1,0,1.0,498.0,228.0,0,4,0.0,737.0,310.0,0.0,0.2,0.0,165,0,133,0,0.0,0.0,0.0,0.04,0.04,0.24,0.0,0.09,0.09,0.57,3.4,487.0,223.0,4.3,449.0,217.0,2.0,455.0,224.0,1.0,487.0,223.0,,,,33,,Djiamgone Jocelin Ta,Bi,Jocelin.T,Ankle injury - 50% chance of playing,,38,0,0,0,0,0,0,0,0,0,0,1,3,,,,0.0,0.0,0.0,2.37,7.11,1,0,2
812,a,,,4.0,707,61.0,0,0.0,0,0.0,0.1,448,66.0,16,0,5.3,8.0,2.0,3,62,1.0,206.0,19.0,0.2,4.0,0.0,25543,55,11722,70,1.0,1.0,0.0,0.02,0.02,4.1,0.0,0.01,0.01,1.37,73.6,395.0,29.0,0.0,594.0,70.0,0.0,563.0,57.0,7.4,435.0,29.0,,,,33,,Melker,Ellborg,Ellborg,,,270,0,0,1,2,0,0,0,0,0,10,3,0,,,,3.33,0.33,0.67,1.0,0.0,0,6,33
813,d,50.0,0.0,5.0,276,170.0,0,0.0,0,0.0,0.0,789,344.0,9,0,1.8,379.0,161.0,0,27,0.0,750.0,320.0,0.0,1.8,0.0,1084,0,833,1,0.0,0.0,0.49,0.08,0.57,5.65,0.17,0.03,0.2,2.0,36.2,431.0,189.0,28.3,387.0,195.0,62.0,318.0,168.0,12.6,413.0,188.0,,,,33,,Nilson,Angulo,Angulo,Unknown - 50% chance of playing,,254,0,0,1,4,0,0,0,0,0,0,3,23,,,,0.0,0.35,1.42,1.06,8.15,7,10,6
821,a,,,4.5,475,290.0,0,0.0,0,0.0,0.0,819,364.0,0,0,0.0,733.0,302.0,0,0,0.0,644.0,243.0,0.0,0.0,0.0,69,0,18,0,0.0,0.0,0.0,0.0,0.0,0.0,0.0,0.0,0.0,0.0,0.0,730.0,299.0,0.0,724.0,300.0,0.0,710.0,295.0,0.0,731.0,300.0,,,,33,,Jack,Whittaker,Whittaker,,,0,0,0,0,0,0,0,0,0,0,0,0,0,,,,0.0,0.0,0.0,0.0,0.0,0,0,0
822,a,,,4.5,476,291.0,0,0.0,0,0.0,0.0,812,359.0,0,0,0.0,734.0,303.0,0,0,0.0,645.0,244.0,0.0,0.0,0.0,147,4,42,2,0.0,0.0,0.0,0.0,0.0,0.0,0.0,0.0,0.0,0.0,0.0,731.0,300.0,0.0,725.0,301.0,0.0,711.0,296.0,0.0,732.0,301.0,,,,33,,Jaydon,Jones,Jones,,,0,0,0,0,0,0,0,0,0,0,0,0,0,,,,0.0,0.0,0.0,0.0,0.0,0,0,0
565,d,50.0,0.0,4.7,381,17.0,0,0.0,-3,3.0,5.1,77,13.0,90,0,2.9,205.0,24.0,6,412,0.7,254.0,22.0,0.1,19.1,0.0,1358162,11,1484255,835,0.6,0.0,0.0,0.04,0.04,46.21,0.0,0.0,0.0,1.49,709.2,26.0,8.0,10.1,426.0,6.0,0.0,751.0,83.0,72.2,188.0,7.0,,,,33,,Guglielmo,Vicario,Vicario,Hernia - 50% chance of playing,,2790,0,0,7,50,0,0,0,1,0,83,31,97,,,,2.68,0.23,1.61,1.0,0.0,1,35,247
566,a,,,3.9,759,79.0,0,0.0,-1,1.0,0.3,332,46.0,0,0,0.0,554.0,50.0,0,0,0.0,394.0,39.0,0.0,0.0,0.0,21456,7,25672,9,0.5,0.0,0.0,0.0,0.0,0.0,0.0,0.0,0.0,0.0,0.0,544.0,50.0,0.0,531.0,33.0,0.0,499.0,20.0,0.0,546.0,50.0,,,,33,,Brandon,Austin,Austin,,,0,0,0,0,0,0,0,0,0,0,0,0,0,,,,0.0,0.0,0.0,0.0,0.0,0,0,0
567,a,,,3.9,773,86.0,0,0.0,-1,1.0,1.6,152,20.0,3,1,1.5,409.0,35.0,0,15,1.0,204.0,17.0,0.3,0.8,0.0,131641,320,184400,76,1.5,1.0,0.0,0.0,0.0,2.18,0.0,0.0,0.0,1.09,13.2,457.0,34.0,0.0,541.0,40.0,0.0,509.0,27.0,1.3,483.0,35.0,,,,33,,Antonín,Kinský,Kinsky,,,180,0,0,0,3,0,0,0,0,0,2,2,0,,,,1.0,0.0,1.5,1.0,0.0,0,6,15
568,a,100.0,100.0,5.1,232,34.0,0,0.0,-4,4.0,9.5,36,13.0,93,9,3.2,174.0,68.0,4,398,3.7,48.0,20.0,0.7,18.2,0.0,1530791,3066,3056758,181,4.2,3.7,0.9,3.39,4.29,34.38,0.03,0.13,0.16,1.32,507.4,83.0,37.0,657.7,16.0,1.0,143.0,210.0,52.0,131.0,51.0,6.0,3.0,2.0,,33,,Pedro,Porro Sauceda,Pedro Porro,,,2343,1,3,7,36,0,0,0,7,0,0,27,209,,,,0.0,0.27,1.38,1.04,6.68,54,120,112
569,i,0.0,0.0,5.0,251,39.0,0,0.0,0,0.0,3.0,113,43.0,91,0,4.0,61.0,24.0,10,305,0.7,258.0,86.0,0.1,18.2,0.0,1032875,2,1228595,606,0.0,0.0,1.39,1.25,2.64,28.32,0.07,0.06,0.13,1.36,574.8,56.0,26.0,133.6,239.0,63.0,223.0,129.0,23.0,93.2,118.0,33.0,,,,33,,Cristian,Romero,Romero,Knee injury - Expected back 01 Jun,,1869,4,1,5,33,0,0,0,9,2,0,22,224,,,,0.0,0.24,1.59,1.06,9.49,58,139,88
570,a,100.0,100.0,4.2,629,141.0,0,0.0,-3,3.0,0.1,432,161.0,41,2,2.2,308.0,114.0,1,136,2.0,125.0,47.0,0.5,9.8,0.0,18948,66,31496,11,2.5,2.0,0.29,0.21,0.5,16.78,0.03,0.02,0.05,1.45,274.6,225.0,89.0,12.7,417.0,151.0,42.0,347.0,114.0,33.0,334.0,111.0,,,,33,,Kevin,Danso,Danso,,,1039,0,0,2,21,0,0,0,5,0,0,12,150,,,,0.0,0.17,1.82,1.04,12.39,21,122,36
571,i,0.0,0.0,4.3,576,124.0,0,0.0,-2,2.0,0.1,549,197.0,10,0,3.3,150.0,57.0,1,29,0.0,518.0,214.0,0.0,2.3,0.0,4464,1,12105,2,0.0,0.0,0.49,0.07,0.56,1.11,0.32,0.05,0.37,0.73,67.4,399.0,150.0,22.2,394.0,141.0,52.0,333.0,107.0,14.2,401.0,144.0,,,,33,,Ben,Davies,Davies,Ankle injury - Unknown return date,,136,1,0,0,3,0,0,0,1,0,0,2,14,,,,0.0,0.0,1.99,1.32,9.26,5,9,5
572,a,100.0,100.0,4.5,449,92.0,0,0.0,0,0.0,0.0,668,235.0,15,0,1.9,352.0,131.0,0,26,0.0,621.0,243.0,0.0,3.3,0.0,4071,7,3102,6,0.5,0.0,0.31,0.01,0.32,11.94,0.05,0.0,0.05,2.09,122.2,348.0,132.0,3.2,455.0,164.0,27.0,372.0,126.0,15.3,399.0,143.0,,,,33,,Radu,Drăgușin,Dragusin,,,513,0,0,0,13,0,0,0,0,0,0,5,70,,,,0.0,0.0,2.28,0.88,12.28,5,65,13
573,a,100.0,100.0,4.1,654,156.0,0,0.0,-4,4.0,0.9,201,77.0,61,1,2.4,277.0,105.0,1,219,0.7,251.0,84.0,0.2,14.9,0.0,303113,45,366881,46,1.2,0.7,0.86,1.74,2.6,29.62,0.04,0.09,0.13,1.46,262.0,234.0,94.0,202.2,175.0,45.0,172.0,176.0,39.0,63.5,221.0,76.0,,,,33,,Djed,Spence,Spence,,,1820,0,0,7,30,0,0,0,4,0,0,21,129,,,,0.0,0.35,1.48,1.04,5.19,39,66,100
574,a,100.0,100.0,4.3,593,136.0,0,0.0,-2,2.0,0.3,322,117.0,18,2,1.1,446.0,159.0,0,77,1.0,208.0,71.0,0.2,4.2,0.0,51843,91,114159,11,1.5,1.0,0.16,0.67,0.83,17.12,0.01,0.06,0.07,1.53,160.8,316.0,118.0,157.2,209.0,54.0,88.0,277.0,81.0,40.7,307.0,103.0,,,,33,,Destiny,Udogie,Udogie,,,1004,0,1,0,21,0,0,0,3,0,0,10,71,,,,0.0,0.0,1.88,0.9,4.48,23,27,56
575,a,100.0,100.0,4.4,547,118.0,0,0.0,-1,1.0,18.0,19,6.0,100,1,3.3,151.0,58.0,10,353,1.0,211.0,73.0,0.2,22.7,0.0,3541450,1410,4588448,1454,1.5,1.0,2.79,0.35,3.14,39.62,0.1,0.01,0.11,1.38,606.2,48.0,22.0,81.2,307.0,99.0,206.0,142.0,29.0,89.2,134.0,42.0,,,,33,,Micky,van de Ven,Van de Ven,,,2591,4,1,7,46,0,0,0,8,1,0,30,228,,,,0.0,0.24,1.6,1.04,6.67,33,159,102
576,u,0.0,0.0,4.0,715,188.0,0,0.0,0,0.0,0.0,740,255.0,0,0,0.0,616.0,228.0,0,0,0.0,467.0,176.0,0.0,0.0,0.0,0,0,2009,0,0.0,0.0,0.0,0.0,0.0,0.0,0.0,0.0,0.0,0.0,0.0,607.0,228.0,0.0,599.0,228.0,0.0,569.0,225.0,0.0,609.0,228.0,,,,33,,Ashley,Phillips,Phillips,Has joined Stoke City on loan for the rest of the season.,,0,0,0,0,0,0,0,0,0,0,0,0,0,,,,0.0,0.0,0.0,0.0,0.0,0,0,0
577,u,0.0,0.0,4.0,717,189.0,0,0.0,0,0.0,0.0,606,216.0,0,0,0.0,618.0,229.0,0,0,0.0,469.0,177.0,0.0,0.0,0.0,1005,0,9126,0,0.0,0.0,0.0,0.0,0.0,0.0,0.0,0.0,0.0,0.0,0.0,609.0,229.0,0.0,601.0,229.0,0.0,571.0,226.0,0.0,611.0,229.0,,,,33,,Takai,Kōta,Takai,has joined Borussia Mönchengladbach on loan for the rest of the season.,,0,0,0,0,0,0,0,0,0,0,0,0,0,,,,0.0,0.0,0.0,0.0,0.0,0,0,0
578,u,0.0,0.0,3.9,789,233.0,0,0.0,-1,1.0,0.3,320,115.0,0,0,0.0,576.0,210.0,0,0,0.0,418.0,152.0,0.0,0.0,0.0,7334,0,92412,5,0.0,0.0,0.0,0.0,0.0,0.0,0.0,0.0,0.0,0.0,0.0,566.0,209.0,0.0,554.0,209.0,0.0,523.0,205.0,0.0,568.0,209.0,,,,33,,Luka,Vušković,Vuskovic,has joined Hamburger SV on loan for the rest of the season.,,0,0,0,0,0,0,0,0,0,0,0,0,0,,,,0.0,0.0,0.0,0.0,0.0,0,0,0
579,u,0.0,0.0,8.5,9,5.0,0,0.0,0,0.0,0.1,455,155.0,0,0,0.0,828.0,372.0,0,0,0.0,825.0,370.0,0.0,0.0,0.0,0,0,25607,1,0.0,0.0,0.0,0.0,0.0,0.0,0.0,0.0,0.0,0.0,0.0,828.0,372.0,0.0,828.0,372.0,0.0,828.0,372.0,0.0,828.0,372.0,,,,33,,Son,Heung-min,Son,has joined Los Angeles FC permanently.,,0,0,0,0,0,0,0,0,0,0,0,0,0,,,,0.0,0.0,0.0,0.0,0.0,0,0,0
581,i,0.0,0.0,6.8,42,26.0,0,0.0,-2,2.0,0.1,452,152.0,0,0,0.0,825.0,369.0,0,0,0.0,819.0,364.0,0.0,0.0,0.0,1966,35,24033,4,0.0,0.0,0.0,0.0,0.0,0.0,0.0,0.0,0.0,0.0,0.0,825.0,369.0,0.0,825.0,369.0,0.0,825.0,369.0,0.0,825.0,369.0,,,,33,,James,Maddison,Maddison,Anterior cruciate ligament - Expected back 24 May,,0,0,0,0,0,0,0,0,0,0,0,0,0,,,,0.0,0.0,0.0,0.0,0.0,0,0,0
582,i,0.0,0.0,6.4,58,37.0,0,0.0,-1,1.0,9.3,38,12.0,75,0,3.9,78.0,34.0,7,257,0.0,816.0,363.0,0.0,11.7,0.0,3263773,2,5220424,264,0.0,0.0,1.92,2.41,4.33,22.74,0.11,0.14,0.25,1.33,333.4,189.0,76.0,413.8,63.0,50.0,302.0,92.0,55.0,104.7,92.0,54.0,,4.0,3.0,33,,Mohammed,Kudus,Kudus,Thigh injury - Unknown return date,,1535,2,6,7,20,0,0,0,3,0,0,19,133,,,,0.0,0.41,1.17,1.11,7.8,29,9,95
583,i,0.0,0.0,6.4,57,36.0,0,0.0,-1,1.0,0.0,723,300.0,0,0,0.0,822.0,368.0,0,0,0.0,815.0,362.0,0.0,0.0,0.0,1137,3,2189,1,0.0,0.0,0.0,0.0,0.0,0.0,0.0,0.0,0.0,0.0,0.0,822.0,368.0,0.0,822.0,368.0,0.0,822.0,368.0,0.0,822.0,368.0,,,,33,,Dejan,Kulusevski,Kulusevski,Knee injury - Unknown return date,,0,0,0,0,0,0,0,0,0,0,0,0,0,,,,0.0,0.0,0.0,0.0,0.0,0,0,0
584,a,100.0,100.0,6.2,79,52.0,0,0.0,-3,3.0,0.1,434,148.0,58,1,2.2,319.0,140.0,5,202,1.3,194.0,89.0,0.2,9.4,0.0,43059,57,48534,27,1.8,1.3,2.11,1.43,3.53,14.57,0.2,0.14,0.34,1.38,210.4,271.0,111.0,304.2,111.0,80.0,252.0,111.0,68.0,76.9,170.0,87.0,1.0,,,33,,Mathys,Tel,Tel,,,953,3,1,1,20,0,0,0,0,0,0,9,80,,,,0.0,0.09,1.89,0.85,7.56,17,10,53
589,u,0.0,0.0,5.4,166,104.0,0,0.0,-1,1.0,0.0,767,327.0,0,0,0.0,809.0,358.0,0,0,0.0,781.0,340.0,0.0,0.0,0.0,115,0,1480,0,0.0,0.0,0.0,0.0,0.0,0.0,0.0,0.0,0.0,0.0,0.0,808.0,357.0,0.0,807.0,357.0,0.0,805.0,356.0,0.0,808.0,357.0,,,,33,,Manor,Solomon,Solomon,has joined Fiorentina on loan for the rest of the season.,,0,0,0,0,0,0,0,0,0,0,0,0,0,,,,0.0,0.0,0.0,0.0,0.0,0,0,0
590,u,0.0,0.0,4.9,322,199.0,0,0.0,-1,1.0,0.0,664,264.0,0,0,0.0,782.0,339.0,0,0,0.0,723.0,300.0,0.0,0.0,0.0,675,0,4504,0,0.0,0.0,0.0,0.0,0.0,0.0,0.0,0.0,0.0,0.0,0.0,781.0,338.0,0.0,777.0,338.0,0.0,773.0,336.0,0.0,781.0,338.0,,,,33,,Bryan,Gil Salvatierra,Bryan,has joined Girona permanently.,,0,0,0,0,0,0,0,0,0,0,0,0,0,,,,0.0,0.0,0.0,0.0,0.0,0,0,0
591,a,100.0,100.0,4.8,372,232.0,0,0.0,-2,2.0,0.2,403,139.0,60,1,2.6,246.0,99.0,6,235,1.7,157.0,63.0,0.4,12.5,0.0,25034,33,26983,40,2.2,1.7,1.5,1.29,2.79,24.56,0.09,0.08,0.17,1.51,250.4,243.0,104.0,137.9,236.0,151.0,141.0,213.0,118.0,52.9,257.0,128.0,,,,33,,Archie,Gray,Gray,,,1463,2,2,5,28,0,0,0,5,0,0,18,131,,,,0.0,0.31,1.72,1.11,8.06,11,64,56
592,u,0.0,0.0,5.0,271,165.0,0,0.0,0,0.0,0.0,798,352.0,0,0,0.0,799.0,352.0,0,0,0.0,749.0,319.0,0.0,0.0,0.0,0,0,688,1,0.0,0.0,0.0,0.0,0.0,0.0,0.0,0.0,0.0,0.0,0.0,798.0,351.0,0.0,796.0,351.0,0.0,791.0,349.0,0.0,798.0,351.0,,,,33,,Mikey,Moore,Moore,Has joined Rangers on loan for the rest of the season.,,0,0,0,0,0,0,0,0,0,0,0,0,0,,,,0.0,0.0,0.0,0.0,0.0,0,0,0
593,a,100.0,100.0,4.5,443,265.0,0,0.0,-5,5.0,1.1,190,66.0,66,0,2.9,204.0,81.0,2,293,1.0,213.0,92.0,0.2,14.7,0.0,405176,111,597324,205,1.5,1.0,1.5,1.08,2.58,26.21,0.1,0.07,0.17,1.75,314.8,201.0,83.0,151.6,219.0,141.0,152.0,198.0,108.0,62.0,230.0,114.0,,,,33,,Pape Matar,Sarr,P.M.Sarr,,,1349,2,3,3,22,0,0,0,2,0,0,13,180,,,,0.0,0.2,1.47,0.87,12.01,32,72,76
594,u,0.0,0.0,4.5,506,315.0,0,0.0,0,0.0,0.0,741,311.0,0,0,0.0,757.0,321.0,0,0,0.0,675.0,268.0,0.0,0.0,0.0,0,0,2827,1,0.0,0.0,0.0,0.0,0.0,0.0,0.0,0.0,0.0,0.0,0.0,756.0,320.0,0.0,749.0,320.0,0.0,736.0,316.0,0.0,756.0,320.0,,,,33,,Yang,Min-hyeok,Min-hyeok,has joined Coventry City on loan for the rest of the season.,,0,0,0,0,0,0,0,0,0,0,0,0,0,,,,0.0,0.0,0.0,0.0,0.0,0,0,0
595,a,,,4.3,601,355.0,0,0.0,-2,2.0,0.2,370,126.0,1,0,1.0,468.0,203.0,0,3,0.0,535.0,175.0,0.0,0.2,0.0,25310,1,31394,12,0.5,0.0,0.0,0.01,0.01,0.75,0.0,0.06,0.06,4.82,0.6,505.0,231.0,1.8,461.0,222.0,0.0,619.0,231.0,0.2,507.0,233.0,,,,33,,Callum,Olusesi,Olusesi,,,14,0,0,0,0,0,0,0,0,0,0,0,2,,,,0.0,0.0,0.0,0.0,12.86,0,0,2
596,a,100.0,100.0,7.2,30,13.0,0,0.0,-3,3.0,1.2,178,28.0,39,2,2.8,231.0,21.0,4,179,2.0,147.0,21.0,0.3,5.4,0.0,154509,2119,535606,124,2.5,2.0,2.97,0.29,3.25,17.7,0.28,0.03,0.31,1.66,183.0,295.0,29.0,68.2,319.0,36.0,307.0,89.0,29.0,55.7,250.0,31.0,,,2.0,33,,Dominic,Solanke-Mitchell,Solanke,,,958,3,0,0,21,0,0,0,1,0,0,10,63,,,,0.0,0.0,1.97,0.94,5.92,19,14,30
597,a,100.0,100.0,6.3,67,22.0,0,0.0,-2,2.0,5.6,70,14.0,95,0,3.5,127.0,10.0,13,426,1.3,196.0,23.0,0.2,15.1,0.0,3019544,1396,3084307,391,1.8,1.3,6.51,1.27,7.78,22.67,0.38,0.07,0.45,1.31,488.6,92.0,7.0,191.3,186.0,16.0,662.0,22.0,13.0,133.6,48.0,11.0,,,5.0,33,,Richarlison,de Andrade,Richarlison,,,1562,9,3,5,24,0,0,0,5,0,0,16,122,,,,0.0,0.29,1.38,0.92,7.03,21,51,50
598,u,0.0,0.0,4.5,468,66.0,0,0.0,0,0.0,0.0,678,87.0,0,0,0.0,728.0,76.0,0,0,0.0,637.0,66.0,0.0,0.0,0.0,0,0,5137,0,0.0,0.0,0.0,0.0,0.0,0.0,0.0,0.0,0.0,0.0,0.0,724.0,76.0,0.0,718.0,75.0,0.0,703.0,75.0,0.0,725.0,76.0,,,,33,,Will,Lankshear,Lankshear,has joined Oxford United on loan for the rest of the season.,,0,0,0,0,0,0,0,0,0,0,0,0,0,,,,0.0,0.0,0.0,0.0,0.0,0,0,0
599,u,0.0,0.0,4.3,596,83.0,0,0.0,-2,2.0,0.5,258,37.0,2,0,1.0,466.0,57.0,0,5,0.0,530.0,54.0,0.0,0.5,0.0,60820,0,111795,15,0.0,0.0,0.0,0.01,0.01,0.03,0.0,0.13,0.13,0.39,1.0,503.0,60.0,4.1,450.0,59.0,2.0,447.0,60.0,0.7,491.0,60.0,,,,33,,Dane,Scarlett,Scarlett,has joined Hibernian on loan for the rest of the season.,,7,0,0,0,0,0,0,0,0,0,0,0,1,,,,0.0,0.0,0.0,0.0,12.86,0,0,1
673,a,100.0,100.0,5.5,135,84.0,0,0.0,0,0.0,0.7,219,78.0,96,1,3.4,145.0,61.0,11,405,0.7,263.0,124.0,0.1,17.5,0.0,371163,77,368222,48,1.2,0.7,1.45,0.6,2.05,29.6,0.07,0.03,0.1,1.46,498.4,88.0,29.0,116.0,258.0,158.0,170.0,180.0,98.0,78.7,163.0,84.0,,,,33,,João Maria,Lobo Alves Palhares Costa Palhinha Gonçalves,J.Palhinha,,,1826,3,3,4,33,0,0,0,6,0,0,19,248,,,,0.0,0.2,1.63,0.94,12.22,97,80,71
717,a,100.0,100.0,6.5,53,34.0,0,0.0,-5,5.0,1.2,177,62.0,75,9,2.8,230.0,94.0,5,336,3.7,52.0,18.0,0.6,11.5,0.0,842290,3228,760741,124,4.2,3.7,2.92,3.93,6.85,30.48,0.16,0.21,0.37,1.63,294.2,213.0,89.0,481.9,40.0,35.0,219.0,132.0,77.0,99.5,102.0,57.0,2.0,3.0,4.0,33,,Xavi,Simons,Xavi,,,1685,2,5,3,36,0,0,0,5,1,0,18,145,,,,0.0,0.16,1.92,0.96,7.74,33,26,86
726,a,100.0,100.0,6.9,40,15.0,0,0.0,-1,1.0,0.4,290,44.0,45,1,1.8,386.0,46.0,1,131,1.3,197.0,24.0,0.2,6.5,0.0,134735,310,122677,66,1.8,1.3,1.78,1.36,3.14,23.04,0.12,0.09,0.21,1.51,152.4,325.0,32.0,235.6,155.0,13.0,215.0,138.0,32.0,59.3,235.0,28.0,,,,33,,Randal,Kolo Muani,Kolo Muani,,,1369,1,1,3,28,0,0,0,2,0,0,17,96,,,,0.0,0.2,1.84,1.12,6.31,22,22,52
751,u,0.0,0.0,4.5,490,302.0,0,0.0,0,0.0,0.0,787,342.0,0,0,0.0,744.0,311.0,0,0,0.0,659.0,255.0,0.0,0.0,0.0,675,0,652,1,0.0,0.0,0.0,0.0,0.0,0.0,0.0,0.0,0.0,0.0,0.0,742.0,309.0,0.0,735.0,309.0,0.0,722.0,305.0,0.0,742.0,309.0,,,,33,,Yusuf,Akhamrich,Akhamrich,has joined Bristol Rovers on loan for the rest of the season.,,0,0,0,0,0,0,0,0,0,0,0,0,0,,,,0.0,0.0,0.0,0.0,0.0,0,0,0
790,a,,,4.5,502,312.0,0,0.0,0,0.0,0.0,764,325.0,0,0,0.0,753.0,318.0,0,0,0.0,671.0,265.0,0.0,0.0,0.0,842,4,461,2,0.5,0.0,0.0,0.0,0.0,0.0,0.0,0.0,0.0,0.0,0.0,752.0,317.0,0.0,745.0,317.0,0.0,732.0,313.0,0.0,752.0,317.0,,,,33,,Lucá,Williams-Barnett,Williams-Barnett,,,0,0,0,0,0,0,0,0,0,0,0,0,0,,,,0.0,0.0,0.0,0.0,0.0,0,0,0
796,a,100.0,100.0,5.0,253,152.0,0,0.0,-5,5.0,0.1,507,184.0,24,2,2.2,315.0,137.0,0,127,1.7,160.0,65.0,0.3,4.8,0.0,37453,57,27668,24,2.2,1.7,0.6,0.56,1.16,15.97,0.07,0.07,0.14,1.94,98.0,374.0,165.0,123.1,249.0,154.0,86.0,282.0,153.0,30.7,345.0,168.0,,,,33,,Conor,Gallagher,Gallagher,,,742,0,1,0,19,0,0,0,0,0,0,9,73,,,,0.0,0.0,2.3,1.09,8.85,10,21,42
804,a,,,4.0,735,205.0,0,0.0,0,0.0,0.0,676,238.0,3,0,0.8,515.0,178.0,0,0,0.0,487.0,193.0,0.0,0.8,0.0,2605,1,1243,9,0.5,0.0,0.02,0.03,0.05,2.61,0.01,0.02,0.03,1.65,12.8,460.0,167.0,31.9,382.0,137.0,17.0,395.0,142.0,6.2,443.0,159.0,,,,33,,João Victor,de Souza Menezes,Souza,,,142,0,0,0,3,0,0,0,1,0,0,2,6,,,,0.0,0.0,1.9,1.27,3.8,0,6,3
811,a,,,4.5,461,279.0,0,0.0,0,0.0,0.0,792,347.0,0,0,0.0,723.0,294.0,0,0,0.0,631.0,232.0,0.0,0.0,0.0,420,4,216,6,0.5,0.0,0.0,0.0,0.0,0.0,0.0,0.0,0.0,0.0,0.0,718.0,289.0,0.0,713.0,291.0,0.0,697.0,284.0,0.0,719.0,290.0,,,,33,,Rio,Kyerematen,Kyerematen,,,0,0,0,0,0,0,0,0,0,0,0,0,0,,,,0.0,0.0,0.0,0.0,0.0,0,0,0
818,a,,,4.5,503,71.0,0,0.0,0,0.0,0.0,652,84.0,0,0,0.0,754.0,81.0,0,0,0.0,672.0,71.0,0.0,0.0,0.0,3820,40,1582,27,0.5,0.0,0.0,0.0,0.0,0.0,0.0,0.0,0.0,0.0,0.0,753.0,81.0,0.0,746.0,80.0,0.0,733.0,80.0,0.0,753.0,81.0,,,,33,,James,Wilson,Wilson,,,0,0,0,0,0,0,0,0,0,0,0,0,0,,,,0.0,0.0,0.0,0.0,0.0,0,0,0
326,a,100.0,100.0,5.1,222,136.0,0,0.0,-4,4.0,0.2,410,143.0,24,0,1.0,502.0,231.0,0,71,0.7,261.0,122.0,0.1,4.7,0.0,17637,17,38068,12,0.7,0.7,0.69,0.56,1.25,8.24,0.17,0.14,0.31,2.06,29.2,439.0,194.0,68.5,318.0,176.0,68.0,304.0,162.0,16.0,398.0,182.0,,,,33,,Adama,Traoré Diarra,Adama,,,360,0,0,0,11,0,0,0,1,0,0,1,17,,,,0.0,0.0,2.75,0.25,4.25,1,2,14
601,u,0.0,0.0,4.0,665,41.0,0,0.0,0,0.0,0.2,363,51.0,0,0,0.0,579.0,65.0,0,0,0.0,421.0,54.0,0.0,0.0,0.0,3874,0,43155,5,0.0,0.0,0.0,0.0,0.0,0.0,0.0,0.0,0.0,0.0,0.0,569.0,65.0,0.0,558.0,50.0,0.0,527.0,37.0,0.0,571.0,65.0,,,,33,,Wes,Foderingham,Foderingham,has joined Aris Limassol permanently.,,0,0,0,0,0,0,0,0,0,0,0,0,0,,,,0.0,0.0,0.0,0.0,0.0,0,0,0
602,u,0.0,0.0,3.9,772,85.0,0,0.0,-1,1.0,0.2,380,54.0,0,0,0.0,563.0,56.0,0,0,0.0,403.0,45.0,0.0,0.0,0.0,11331,0,20950,11,0.0,0.0,0.0,0.0,0.0,0.0,0.0,0.0,0.0,0.0,0.0,553.0,56.0,0.0,540.0,39.0,0.0,508.0,26.0,0.0,555.0,56.0,,,,33,,Krisztián,Hegyi,Hegyi,has joined MTK Budapest on loan for the rest of the season.,,0,0,0,0,0,0,0,0,0,0,0,0,0,,,,0.0,0.0,0.0,0.0,0.0,0,0,0
603,a,100.0,100.0,4.1,660,160.0,0,0.0,-4,4.0,2.4,126,49.0,88,0,3.4,132.0,48.0,3,288,2.3,107.0,38.0,0.6,21.5,0.0,424477,471,928969,188,2.3,2.3,0.49,1.87,2.36,34.84,0.02,0.08,0.1,1.44,462.4,108.0,47.0,296.8,116.0,29.0,88.0,276.0,80.0,84.9,147.0,49.0,,,,33,,El Hadji Malick,Diouf,Diouf,,,2183,0,6,7,40,0,0,0,4,0,0,24,206,,,,0.0,0.29,1.65,0.99,7.05,33,138,97
604,u,0.0,0.0,4.4,525,102.0,0,0.0,-1,1.0,0.0,584,209.0,0,0,0.0,670.0,254.0,0,0,0.0,557.0,227.0,0.0,0.0,0.0,1719,0,20822,0,0.0,0.0,0.0,0.0,0.0,0.0,0.0,0.0,0.0,0.0,0.0,661.0,254.0,0.0,656.0,254.0,0.0,635.0,253.0,0.0,663.0,254.0,,,,33,,Emerson,Palmieri dos Santos,Emerson,has joined Marseille permanently.,,0,0,0,0,0,0,0,0,0,0,0,0,0,,,,0.0,0.0,0.0,0.0,0.0,0,0,0
605,a,,,4.1,652,154.0,0,0.0,-4,4.0,0.1,430,159.0,36,0,1.7,387.0,143.0,0,80,0.0,495.0,201.0,0.0,8.8,0.0,30486,4,51501,4,0.0,0.0,0.56,0.25,0.81,33.28,0.03,0.01,0.04,1.92,392.4,148.0,64.0,55.8,341.0,118.0,60.0,321.0,100.0,50.9,269.0,87.0,,,,33,,Maximilian,Kilman,Kilman,,,1559,0,0,1,37,0,0,0,4,0,0,17,191,,,,0.0,0.06,2.14,0.98,9.24,16,144,43
606,a,100.0,100.0,4.4,537,112.0,0,0.0,-1,1.0,0.7,222,84.0,98,0,3.9,66.0,25.0,5,295,8.0,2.0,2.0,1.8,22.3,0.0,99051,3736,27936,131,8.0,8.0,2.26,0.59,2.85,32.08,0.1,0.03,0.13,1.45,638.2,42.0,18.0,51.8,348.0,123.0,240.0,118.0,20.0,93.0,119.0,34.0,,,,33,,Konstantinos,Mavropanos,Mavropanos,,,1992,3,0,4,36,1,0,0,2,0,0,21,268,,,,0.0,0.18,1.63,0.95,11.2,34,214,79
607,u,0.0,0.0,4.4,530,106.0,0,0.0,-1,1.0,0.0,609,217.0,3,0,1.5,410.0,151.0,0,-1,0.0,561.0,230.0,0.0,0.7,0.0,1288,0,12352,0,0.0,0.0,0.1,0.03,0.13,3.42,0.05,0.02,0.07,1.71,39.0,426.0,159.0,3.9,451.0,162.0,8.0,422.0,160.0,5.1,452.0,162.0,,,,33,,Nayef,Aguerd,N.Aguerd,has joined Marseille permanently.,,180,0,0,0,8,0,0,0,0,0,0,2,23,,,,0.0,0.0,4.0,1.0,7.5,1,14,8
608,a,100.0,100.0,4.3,605,139.0,0,0.0,-2,2.0,0.0,622,221.0,21,0,1.8,369.0,139.0,0,86,0.0,539.0,224.0,0.0,4.9,0.0,5061,3,7177,1,0.0,0.0,0.18,0.32,0.5,13.28,0.02,0.04,0.06,1.83,138.2,335.0,128.0,71.7,313.0,103.0,22.0,384.0,134.0,23.2,369.0,127.0,5.0,,,33,,Ollie,Scarles,Scarles,,,654,0,1,0,16,0,0,0,1,0,0,9,73,,,,0.0,0.0,2.2,1.24,9.91,29,43,35
609,a,100.0,100.0,4.3,588,133.0,0,0.0,-2,2.0,0.1,489,176.0,44,0,2.2,310.0,115.0,1,161,0.0,525.0,220.0,0.0,10.2,0.0,12797,11,20490,6,0.0,0.0,0.25,0.31,0.56,31.66,0.01,0.02,0.03,1.68,370.6,164.0,70.0,65.5,326.0,109.0,24.0,379.0,132.0,46.1,287.0,94.0,,,,33,,Jean-Clair,Todibo,Todibo,,,1701,0,1,1,34,0,0,0,4,1,0,20,172,,,,0.0,0.05,1.8,1.06,8.36,37,121,86
610,a,100.0,100.0,4.1,653,155.0,0,0.0,-4,4.0,4.5,86,28.0,63,0,2.9,199.0,79.0,0,190,0.0,496.0,202.0,0.0,15.4,0.0,287137,166,2338218,231,0.0,0.0,0.0,0.93,0.93,33.11,0.0,0.04,0.04,1.57,406.6,141.0,61.0,289.7,120.0,30.0,30.0,370.0,125.0,73.0,182.0,62.0,,,,33,,Aaron,Wan-Bissaka,Wan-Bissaka,,,1903,0,3,3,39,0,0,0,4,0,0,21,177,,,,0.0,0.14,1.84,0.99,7.71,29,134,66
611,u,0.0,0.0,4.0,712,185.0,0,0.0,0,0.0,0.1,555,199.0,0,0,0.0,614.0,226.0,0,0,0.0,464.0,173.0,0.0,0.0,0.0,0,0,13364,3,0.0,0.0,0.0,0.0,0.0,0.0,0.0,0.0,0.0,0.0,0.0,605.0,226.0,0.0,597.0,226.0,0.0,566.0,222.0,0.0,607.0,226.0,,,,33,,Kaelan,Casey,Casey,has joined Leyton Orient on loan for the rest of the season.,,0,0,0,0,0,0,0,0,0,0,0,0,0,,,,0.0,0.0,0.0,0.0,0.0,0,0,0
612,u,0.0,0.0,5.9,94,62.0,0,0.0,-1,1.0,1.1,191,67.0,69,0,3.8,87.0,38.0,8,291,0.0,803.0,353.0,0.0,11.7,0.0,897173,0,976945,34,0.0,0.0,2.85,2.0,4.85,24.22,0.17,0.12,0.29,1.44,374.6,159.0,58.0,397.2,69.0,54.0,186.0,166.0,92.0,95.7,112.0,63.0,,,,33,,Lucas,Tolentino Coelho de Lima,L.Paquetá,has joined Flamengo permanently.,,1513,4,2,3,33,0,0,0,5,1,0,18,146,,,,0.0,0.18,1.96,1.07,8.68,40,30,76
613,a,100.0,100.0,5.7,114,73.0,0,0.0,-3,3.0,0.3,316,111.0,82,0,2.8,228.0,92.0,6,326,1.7,165.0,70.0,0.3,14.4,0.0,50612,86,115794,45,1.7,1.7,4.46,0.4,4.86,30.24,0.24,0.02,0.26,1.62,417.0,130.0,44.0,149.4,222.0,143.0,352.0,72.0,42.0,92.0,126.0,71.0,,,,33,,Tomáš,Souček,Souček,,,1678,4,2,5,36,0,0,0,2,1,0,18,179,,,,0.0,0.27,1.93,0.97,9.6,30,99,50
615,a,100.0,100.0,5.5,145,91.0,0,0.0,0,0.0,1.3,167,60.0,95,0,3.8,86.0,37.0,10,334,1.0,227.0,100.0,0.2,17.3,0.0,565102,796,411624,265,1.0,1.0,4.94,1.95,6.89,28.72,0.23,0.09,0.32,1.34,371.0,163.0,60.0,343.2,84.0,61.0,487.0,37.0,21.0,119.8,70.0,43.0,2.0,,,33,,Crysencio,Summerville,Summerville,,,1933,5,3,6,34,0,0,0,4,0,0,23,168,,,,0.0,0.28,1.58,1.07,7.82,33,42,93
616,u,0.0,0.0,4.9,308,192.0,0,0.0,-1,1.0,0.0,600,226.0,0,0,0.0,778.0,335.0,0,0,0.0,715.0,294.0,0.0,0.0,0.0,1147,0,16126,0,0.0,0.0,0.0,0.0,0.0,0.0,0.0,0.0,0.0,0.0,0.0,777.0,334.0,0.0,773.0,334.0,0.0,769.0,332.0,0.0,777.0,334.0,,,,33,,Edson,Álvarez Velázquez,Álvarez,Has joined Fenerbahçe on loan for the rest of the season.,,0,0,0,0,0,0,0,0,0,0,0,0,0,,,,0.0,0.0,0.0,0.0,0.0,0,0,0
617,u,0.0,0.0,4.9,288,177.0,0,0.0,-1,1.0,0.0,716,295.0,0,0,0.0,774.0,332.0,0,0,0.0,705.0,287.0,0.0,0.0,0.0,246,0,3225,0,0.0,0.0,0.0,0.0,0.0,0.0,0.0,0.0,0.0,0.0,0.0,773.0,331.0,0.0,769.0,331.0,0.0,765.0,329.0,0.0,773.0,331.0,,,,33,,Maxwel,Cornet,Cornet,has joined Genoa on loan for the rest of the season.,,0,0,0,0,0,0,0,0,0,0,0,0,0,,,,0.0,0.0,0.0,0.0,0.0,0,0,0
618,u,0.0,0.0,4.8,351,221.0,0,0.0,-2,2.0,0.0,613,235.0,8,0,1.3,434.0,192.0,0,30,0.0,698.0,283.0,0.0,1.7,0.0,2295,0,6219,0,0.0,0.0,0.03,0.04,0.07,2.59,0.02,0.02,0.04,1.33,9.8,467.0,208.0,6.0,443.0,215.0,2.0,453.0,223.0,1.7,475.0,216.0,,,,33,,Guido,Rodríguez,G.Rodriguez,has joined Valencia on loan for the rest of the season.,,175,0,0,1,2,0,0,0,1,0,0,2,15,,,,0.0,0.51,1.03,1.03,7.71,1,4,10
619,u,0.0,0.0,4.9,339,210.0,0,0.0,-1,1.0,0.0,689,278.0,5,0,1.0,497.0,227.0,0,11,0.0,732.0,306.0,0.0,1.0,0.0,868,0,3427,0,0.0,0.0,0.07,0.03,0.1,1.82,0.05,0.02,0.07,1.35,9.2,468.0,209.0,14.5,412.0,206.0,4.0,440.0,216.0,2.5,467.0,211.0,,,,33,,Luis Guilherme,Lira dos Santos,L.Guilherme,has joined Sporting CP permanently.,,121,0,0,0,2,0,0,0,0,0,0,1,11,,,,0.0,0.0,1.49,0.74,8.18,1,2,8
620,u,0.0,0.0,4.5,447,267.0,0,0.0,0,0.0,0.0,611,234.0,1,0,1.0,480.0,213.0,0,3,0.0,619.0,222.0,0.0,0.2,0.0,3770,0,9606,0,0.0,0.0,0.0,0.01,0.01,0.73,0.0,0.11,0.11,8.21,0.0,708.0,279.0,1.5,466.0,225.0,2.0,450.0,220.0,0.4,500.0,229.0,,,,33,,George,Earthy,Earthy,has joined Bristol City on loan for the rest of the season.,,8,0,0,0,1,0,0,0,0,0,0,0,0,,,,0.0,0.0,11.25,0.0,0.0,0,0,0
621,u,0.0,0.0,4.3,584,346.0,0,0.0,-2,2.0,0.2,374,128.0,9,0,1.3,431.0,189.0,0,49,0.0,523.0,168.0,0.0,2.1,0.0,43311,0,56581,12,0.0,0.0,0.0,0.17,0.17,4.03,0.0,0.1,0.1,2.32,31.6,436.0,191.0,52.3,346.0,184.0,2.0,445.0,218.0,8.6,428.0,192.0,,,,33,,Andy,Irving,Irving,has joined Sparta Prague permanently.,,156,0,0,0,4,0,0,0,0,0,0,2,22,,,,0.0,0.0,2.31,1.15,12.69,6,2,14
622,u,0.0,0.0,4.4,551,331.0,0,0.0,-1,1.0,0.1,580,215.0,0,0,0.0,680.0,263.0,0,0,0.0,573.0,194.0,0.0,0.0,0.0,1052,0,11996,1,0.0,0.0,0.0,0.0,0.0,0.0,0.0,0.0,0.0,0.0,0.0,672.0,255.0,0.0,668.0,259.0,0.0,647.0,249.0,0.0,674.0,257.0,,,,33,,Lewis,Orford,Orford,has joined Stevenage on loan for the rest of the season.,,0,0,0,0,0,0,0,0,0,0,0,0,0,,,,0.0,0.0,0.0,0.0,0.0,0,0,0
623,a,100.0,100.0,4.3,595,351.0,0,0.0,-2,2.0,0.5,260,91.0,36,0,1.7,389.0,165.0,0,212,0.7,252.0,116.0,0.2,8.4,0.0,145056,26,171102,37,0.7,0.7,0.21,1.06,1.27,21.2,0.02,0.08,0.1,1.66,185.8,291.0,126.0,140.8,232.0,149.0,37.0,353.0,182.0,36.5,321.0,158.0,,,,33,,Freddie,Potts,Potts,,,1151,0,1,1,24,0,0,0,1,0,0,12,116,,,,0.0,0.08,1.88,0.94,9.07,27,50,39
624,a,,,7.6,20,7.0,0,0.0,-4,4.0,10.9,32,7.0,157,0,4.9,17.0,4.0,23,607,5.3,10.0,4.0,0.7,20.7,0.0,2932466,30862,3454485,541,5.3,5.3,6.51,4.13,10.64,49.36,0.2,0.13,0.33,1.55,737.0,17.0,3.0,548.0,31.0,1.0,724.0,12.0,8.0,200.9,10.0,3.0,1.0,1.0,2.0,33,,Jarrod,Bowen,Bowen,,,2869,8,10,6,55,0,0,0,4,0,0,32,243,,,,0.0,0.19,1.73,1.0,7.62,42,63,138
625,u,0.0,0.0,5.6,120,33.0,0,0.0,-4,4.0,0.6,254,36.0,12,0,1.5,418.0,49.0,0,28,0.0,796.0,88.0,0.0,2.1,0.0,47611,0,393066,6,0.0,0.0,0.93,0.21,1.14,8.59,0.21,0.05,0.26,1.9,26.0,442.0,52.0,85.1,298.0,33.0,130.0,229.0,45.0,23.8,364.0,44.0,,,,33,,Niclas,Füllkrug,Füllkrug,has joined AC Milan on loan for the rest of the season.,,407,0,0,1,11,0,0,0,0,0,0,5,19,,,,0.0,0.22,2.43,1.11,4.2,2,7,10
626,u,0.0,0.0,4.3,611,85.0,0,0.0,-2,2.0,0.5,266,40.0,2,0,1.0,470.0,58.0,0,0,0.0,545.0,56.0,0.0,0.5,0.0,63604,0,107780,19,0.0,0.0,0.13,0.0,0.13,1.55,0.2,0.0,0.2,2.41,1.2,501.0,58.0,0.1,488.0,61.0,7.0,427.0,59.0,0.8,489.0,59.0,,,,33,,Callum,Marshall,Marshall,has joined VfL Bochum 1848 on loan for the rest of the season.,,58,0,0,0,2,0,0,0,0,0,0,0,3,,,,0.0,0.0,3.1,0.0,4.66,0,2,1
659,a,,,4.2,631,142.0,0,0.0,-3,3.0,0.2,358,131.0,38,0,2.0,338.0,125.0,0,158,2.0,126.0,48.0,0.5,9.0,0.0,32081,37,54662,8,2.0,2.0,1.13,0.34,1.47,21.72,0.1,0.03,0.13,1.87,229.4,259.0,105.0,115.1,260.0,74.0,102.0,259.0,73.0,44.7,290.0,96.0,,,,33,,Kyle,Walker-Peters,Walker-Peters,,,1044,1,0,2,22,0,0,0,2,0,0,11,102,,,,0.0,0.17,1.9,0.95,6.81,38,41,44
671,a,100.0,100.0,5.8,100,28.0,0,0.0,-2,2.0,0.5,264,39.0,66,0,2.5,272.0,29.0,7,228,0.7,266.0,33.0,0.1,11.4,0.0,206029,73,221168,36,0.7,0.7,6.48,0.37,6.85,18.82,0.56,0.03,0.59,1.62,228.0,261.0,24.0,95.8,283.0,30.0,404.0,54.0,22.0,71.6,191.0,24.0,,,,33,,Callum,Wilson,Wilson,,,1045,5,2,1,19,0,0,0,0,0,0,10,37,,,,0.0,0.09,1.64,0.86,3.19,3,9,25
679,a,,,4.2,638,34.0,0,0.0,-3,3.0,0.5,262,34.0,52,0,4.3,42.0,4.0,8,191,3.0,74.0,9.0,0.7,12.4,0.0,64211,387,50838,60,3.0,3.0,0.0,0.01,0.01,15.03,0.0,0.0,0.0,1.25,299.6,210.0,23.0,0.0,631.0,82.0,0.0,605.0,71.0,30.0,347.0,23.0,,,,33,,Mads,Hermansen,Hermansen,,,1080,0,0,5,20,0,0,0,0,0,41,12,34,,,,3.42,0.42,1.67,1.0,0.0,0,16,111
708,a,100.0,100.0,5.5,150,95.0,0,0.0,0,0.0,0.4,286,99.0,109,0,3.6,109.0,50.0,6,543,1.3,192.0,87.0,0.2,19.8,0.0,126119,240,84065,116,1.3,1.3,1.25,2.46,3.71,39.35,0.05,0.09,0.14,1.43,538.2,74.0,22.0,529.7,34.0,31.0,112.0,249.0,138.0,118.1,74.0,46.0,4.0,,,33,,Mateus Gonçalo,Espanha Fernandes,M.Fernandes,,,2477,3,3,6,42,0,0,0,7,0,0,29,299,,,,0.0,0.22,1.53,1.05,10.86,82,71,146
718,a,,,5.0,277,171.0,0,0.0,0,0.0,0.0,659,262.0,41,0,2.0,344.0,149.0,2,182,0.7,260.0,121.0,0.1,8.2,0.0,5500,0,5052,0,0.7,0.7,0.44,0.32,0.76,18.93,0.04,0.03,0.07,1.76,181.4,296.0,129.0,83.1,303.0,174.0,44.0,342.0,178.0,30.9,342.0,167.0,,,,33,,Soungoutou,Magassa,S.Magassa,,,969,1,0,2,23,0,0,0,4,0,0,11,126,,,,0.0,0.19,2.14,1.02,11.7,40,33,53
738,a,100.0,100.0,4.5,408,21.0,0,0.0,0,0.0,0.0,637,80.0,0,0,0.0,693.0,93.0,0,0,0.0,593.0,88.0,0.0,0.0,0.0,6153,23,5957,3,0.0,0.0,0.0,0.0,0.0,0.0,0.0,0.0,0.0,0.0,0.0,687.0,93.0,0.0,682.0,86.0,0.0,663.0,76.0,0.0,689.0,93.0,,,,33,,Lukasz,Fabianski,Fabianski,,,0,0,0,0,0,0,0,0,0,0,0,0,0,,,,0.0,0.0,0.0,0.0,0.0,0,0,0
747,a,,,4.0,731,201.0,0,0.0,0,0.0,0.0,626,224.0,6,0,1.0,460.0,168.0,0,18,0.0,483.0,189.0,0.0,1.5,0.0,2713,0,2334,3,0.0,0.0,0.12,0.49,0.61,3.21,0.1,0.39,0.49,2.56,21.8,450.0,166.0,34.9,376.0,134.0,9.0,419.0,158.0,6.6,441.0,158.0,,,,33,,Ezra,Mayers,Mayers,,,113,0,0,0,3,0,0,0,0,0,0,0,5,,,,0.0,0.0,2.39,0.0,3.98,0,5,6
752,a,,,4.0,741,211.0,0,0.0,0,0.0,0.0,643,230.0,0,0,0.0,638.0,247.0,0,0,0.0,492.0,198.0,0.0,0.0,0.0,2322,5,2151,4,0.0,0.0,0.0,0.0,0.0,0.0,0.0,0.0,0.0,0.0,0.0,629.0,247.0,0.0,621.0,247.0,0.0,592.0,245.0,0.0,631.0,247.0,,,,33,,Airidas,Golambeckis,Golambeckis,,,0,0,0,0,0,0,0,0,0,0,0,0,0,,,,0.0,0.0,0.0,0.0,0.0,0,0,0
758,a,,,4.5,508,316.0,0,0.0,0,0.0,0.0,733,306.0,7,0,0.9,511.0,238.0,0,22,0.3,312.0,148.0,0.1,1.6,0.0,2119,7,1330,2,0.3,0.3,0.07,0.03,0.1,0.99,0.2,0.08,0.28,2.78,10.4,464.0,206.0,12.6,420.0,209.0,8.0,423.0,205.0,2.7,466.0,210.0,,,,33,,Mohamadou,Kanté,Mohamadou Kanté,,,32,0,0,0,0,0,0,0,1,0,0,0,11,,,,0.0,0.0,0.0,0.0,30.94,4,1,6
815,a,,,4.5,423,84.0,0,0.0,0,0.0,0.1,450,169.0,27,0,3.4,136.0,52.0,0,112,2.3,108.0,39.0,0.5,6.0,0.0,21651,89,7594,23,2.3,2.3,1.1,0.01,1.11,9.59,0.14,0.0,0.14,1.2,118.0,355.0,135.0,14.5,410.0,149.0,80.0,288.0,84.0,21.3,378.0,132.0,,,,33,,Axel,Disasi,Disasi,,,720,0,0,4,9,1,0,0,0,0,0,8,45,,,,0.0,0.5,1.12,1.0,5.62,6,39,17
825,a,,,4.0,718,65.0,0,0.0,0,0.0,0.0,808,92.0,0,0,0.0,619.0,86.0,0,0,0.0,470.0,77.0,0.0,0.0,0.0,120,4,32,3,0.0,0.0,0.0,0.0,0.0,0.0,0.0,0.0,0.0,0.0,0.0,610.0,86.0,0.0,602.0,74.0,0.0,572.0,61.0,0.0,612.0,86.0,,,,33,,Finlay,Herrick,Herrick,,,0,0,0,0,0,0,0,0,0,0,0,0,0,,,,0.0,0.0,0.0,0.0,0.0,0,0,0
627,i,0.0,0.0,4.4,524,25.0,0,0.0,-1,1.0,0.1,435,63.0,21,0,1.8,370.0,33.0,0,117,0.0,556.0,86.0,0.0,4.8,0.0,20828,3,25896,23,0.0,0.0,0.0,0.02,0.02,18.59,0.0,0.0,0.0,1.55,308.0,205.0,22.0,0.1,489.0,15.0,0.0,634.0,74.0,30.8,343.0,22.0,,,,33,,Sam,Johnstone,Johnstone,Shoulder injury - Expected back 24 May,,1080,0,0,0,24,1,0,0,0,0,39,12,71,,,,3.25,0.0,2.0,1.0,0.0,2,24,107
628,d,75.0,100.0,4.2,630,31.0,0,0.0,-3,3.0,1.2,179,21.0,57,0,2.9,200.0,23.0,6,255,0.5,274.0,23.0,0.1,13.6,0.0,120474,187,201909,223,0.0,0.0,0.0,0.03,0.03,31.75,0.0,0.0,0.0,1.59,432.8,123.0,19.0,10.0,428.0,8.0,0.0,602.0,68.0,44.6,291.0,19.0,,,,33,,José,Malheiro de Sá,José Sá,Shoulder injury - 75% chance of playing,,1800,0,0,4,34,0,0,0,2,0,53,20,40,,,,2.65,0.2,1.7,1.0,0.0,0,41,181
629,a,100.0,100.0,3.9,747,70.0,0,0.0,-1,1.0,0.5,273,35.0,2,2,2.0,336.0,31.0,0,5,1.0,203.0,16.0,0.3,0.5,0.0,21206,31,53721,14,0.5,0.5,0.0,0.0,0.0,2.82,0.0,0.0,0.0,2.82,0.0,536.0,42.0,0.0,522.0,24.0,0.0,490.0,11.0,0.0,538.0,42.0,,,,33,,Daniel,Bentley,Bentley,,,90,0,0,0,3,0,0,0,0,0,3,1,0,,,,3.0,0.0,3.0,1.0,0.0,0,2,5
631,u,0.0,0.0,4.2,642,150.0,0,0.0,-3,3.0,0.1,463,171.0,23,0,1.6,400.0,149.0,0,86,0.0,508.0,209.0,0.0,5.5,0.0,24605,0,63600,2,0.0,0.0,0.57,0.4,0.97,18.26,0.05,0.03,0.08,1.49,312.2,203.0,81.0,76.0,311.0,102.0,75.0,294.0,88.0,46.4,283.0,92.0,,,,33,,Emmanuel,Agbadou,Agbadou,has joined Besiktas permanently.,,1100,0,0,0,29,0,0,0,1,1,0,12,156,,,,0.0,0.0,2.37,0.98,10.23,32,93,65
632,d,75.0,75.0,4.4,522,100.0,0,0.0,-1,1.0,0.1,511,182.0,12,0,1.2,441.0,158.0,0,47,0.0,554.0,225.0,0.0,2.7,0.0,6753,1,21019,4,-0.4,-0.4,0.09,0.19,0.28,13.21,0.01,0.02,0.03,1.69,116.2,358.0,137.0,50.8,350.0,124.0,18.0,394.0,141.0,18.6,389.0,137.0,,,,33,,Matt,Doherty,Doherty,Muscle injury - 75% chance of playing,,702,0,0,1,14,0,0,0,4,0,0,10,68,,,,0.0,0.13,1.79,1.28,7.31,13,44,27
633,a,100.0,100.0,4.3,597,137.0,0,0.0,-2,2.0,0.2,375,137.0,73,0,2.4,278.0,106.0,4,287,0.0,531.0,222.0,0.0,17.0,0.0,57906,81,45789,68,-0.5,-0.5,0.55,3.0,3.55,37.37,0.02,0.13,0.15,1.58,485.6,95.0,41.0,569.3,28.0,2.0,152.0,197.0,50.0,121.0,68.0,12.0,1.0,,,33,,Hugo,Bueno López,H.Bueno,,,2126,1,2,4,40,0,0,0,2,0,0,23,186,,,,0.0,0.17,1.69,0.97,6.52,58,96,107
634,s,0.0,0.0,4.3,603,138.0,0,0.0,-2,2.0,0.1,498,178.0,51,0,2.2,311.0,116.0,3,196,0.0,537.0,223.0,0.0,11.9,0.0,19428,1,18093,71,0.0,0.0,1.65,0.53,2.18,31.57,0.08,0.03,0.11,1.6,355.0,175.0,73.0,136.5,238.0,62.0,219.0,131.0,25.0,71.1,192.0,66.0,,,,33,,Yerson,Mosquera Valdelamar,Mosquera,Suspended until 02 May,,1777,0,0,4,34,2,0,0,11,0,0,20,188,,,,0.0,0.2,1.72,1.01,8.91,50,126,79
635,a,100.0,100.0,4.4,546,117.0,0,0.0,-1,1.0,0.1,525,188.0,36,1,2.1,325.0,121.0,0,74,0.5,279.0,91.0,0.1,8.2,0.0,14203,9,16888,24,0.0,0.0,1.8,0.31,2.11,10.75,0.25,0.04,0.29,1.49,171.6,302.0,116.0,65.5,327.0,110.0,184.0,168.0,36.0,42.3,301.0,100.0,,,,33,,Rodrigo,Martins Gomes,R.Gomes,,,651,3,0,0,15,0,0,0,0,0,0,6,50,,,,0.0,0.0,2.07,0.83,4.98,17,19,21
636,a,100.0,100.0,4.4,534,109.0,0,0.0,-1,1.0,0.1,449,168.0,75,3,3.1,185.0,74.0,2,264,1.5,171.0,65.0,0.3,17.0,0.0,33296,58,28660,21,1.0,1.0,1.67,1.06,2.73,37.95,0.07,0.05,0.12,1.62,467.2,106.0,46.0,98.9,278.0,84.0,170.0,177.0,40.0,73.5,180.0,61.0,,,,33,,Santiago,Ignacio Bueno,S.Bueno,,,2102,2,2,4,40,0,0,0,4,0,0,23,195,,,,0.0,0.17,1.71,0.98,7.66,47,132,55
637,a,100.0,100.0,4.2,641,149.0,0,0.0,-3,3.0,0.1,518,185.0,31,3,2.1,321.0,117.0,0,108,1.5,170.0,64.0,0.4,7.4,0.0,7859,9,20045,0,1.0,1.0,0.22,0.21,0.43,21.81,0.02,0.02,0.04,1.74,240.4,252.0,100.0,78.2,310.0,101.0,34.0,360.0,119.0,35.3,327.0,108.0,,,,33,,Toti,Gomes,Toti,,,1129,0,0,1,28,0,0,0,1,1,0,14,136,,,,0.0,0.08,2.23,1.12,9.09,18,96,43
638,u,0.0,0.0,3.8,801,243.0,0,0.0,-2,2.0,0.9,202,78.0,10,0,1.2,439.0,156.0,0,38,0.0,366.0,125.0,0.0,2.6,0.0,121813,0,267830,71,0.0,0.0,0.02,0.36,0.38,9.36,0.0,0.08,0.08,1.99,101.4,370.0,142.0,87.8,296.0,92.0,13.0,402.0,147.0,20.3,383.0,135.0,,,,33,,Ki-Jana,Hoever,Hoever,has joined Sheffield United on loan for the rest of the season.,,423,0,0,0,13,0,0,0,0,0,0,6,46,,,,0.0,0.0,2.77,1.28,8.51,13,27,16
639,u,0.0,0.0,4.0,720,191.0,0,0.0,0,0.0,0.0,770,260.0,0,0,0.0,621.0,231.0,0,0,0.0,472.0,179.0,0.0,0.0,0.0,0,0,894,0,0.0,0.0,0.0,0.0,0.0,0.0,0.0,0.0,0.0,0.0,0.0,612.0,231.0,0.0,604.0,231.0,0.0,574.0,228.0,0.0,614.0,231.0,,,,33,,Bastien,Meupiyou Menadjou,Meupiyou,On loan to FC Alverca,,0,0,0,0,0,0,0,0,0,0,0,0,0,,,,0.0,0.0,0.0,0.0,0.0,0,0,0
640,a,100.0,100.0,4.0,739,209.0,0,0.0,0,0.0,0.4,297,110.0,4,1,1.0,462.0,170.0,0,2,0.5,273.0,88.0,0.1,1.0,0.0,10600,12,90348,11,0.0,0.0,0.02,0.0,0.02,1.83,0.04,0.0,0.04,3.43,0.2,508.0,179.0,0.5,477.0,175.0,2.0,443.0,166.0,0.2,506.0,178.0,,,,33,,Pedro,Cardoso de Lima,Pedro Lima,,,48,0,0,0,2,0,0,0,0,0,0,0,1,,,,0.0,0.0,3.75,0.0,1.88,0,1,4
641,u,0.0,0.0,3.9,778,226.0,0,0.0,-1,1.0,0.9,198,76.0,0,0,0.0,567.0,205.0,0,0,0.0,408.0,146.0,0.0,0.0,0.0,85684,0,151105,41,0.0,0.0,0.0,0.0,0.0,0.0,0.0,0.0,0.0,0.0,0.0,557.0,204.0,0.0,545.0,204.0,0.0,513.0,199.0,0.0,559.0,204.0,,,,33,,Alfie,Pond,Pond,has joined Crewe Alexandra on loan for the rest of the season.,,0,0,0,0,0,0,0,0,0,0,0,0,0,,,,0.0,0.0,0.0,0.0,0.0,0,0,0
642,a,100.0,100.0,5.6,124,77.0,0,0.0,-4,4.0,0.1,467,161.0,46,1,2.1,334.0,145.0,0,130,1.0,228.0,101.0,0.2,8.2,0.0,50164,46,60541,20,0.5,0.5,2.14,0.93,3.07,19.3,0.16,0.07,0.23,1.47,132.2,339.0,154.0,154.3,216.0,138.0,149.0,205.0,113.0,42.8,299.0,149.0,,2.0,3.0,33,,Hwang,Hee-chan,Hee Chan,,,1178,2,1,2,24,0,0,0,3,0,0,15,71,,,,0.0,0.15,1.83,1.15,5.42,8,23,40
643,a,100.0,100.0,5.2,213,131.0,0,0.0,-3,3.0,0.1,454,154.0,85,4,2.8,223.0,89.0,4,415,4.0,34.0,13.0,0.8,16.3,0.0,22312,198,21508,33,3.5,3.5,0.45,0.84,1.29,41.52,0.02,0.03,0.05,1.62,355.2,174.0,67.0,258.4,137.0,94.0,38.0,351.0,181.0,65.1,212.0,104.0,,,,33,,André,Trindade da Costa Neto,André,,,2310,1,0,2,46,0,0,0,9,0,0,25,325,,,,0.0,0.08,1.79,0.97,12.66,71,80,174
644,a,100.0,100.0,5.1,230,140.0,0,0.0,-4,4.0,0.0,589,221.0,42,2,1.8,380.0,162.0,0,195,1.5,175.0,76.0,0.3,8.2,0.0,6866,7,12524,6,1.0,1.0,1.04,0.99,2.03,22.92,0.08,0.07,0.15,1.71,180.6,297.0,130.0,180.2,195.0,128.0,143.0,209.0,117.0,50.0,273.0,138.0,,4.0,,33,,Jean-Ricner,Bellegarde,Bellegarde,,,1205,1,1,3,29,0,0,0,5,0,0,15,101,,,,0.0,0.22,2.17,1.12,7.54,28,32,41
645,u,0.0,0.0,5.1,241,145.0,0,0.0,-4,4.0,0.0,661,263.0,12,0,1.3,437.0,195.0,0,38,0.0,762.0,329.0,0.0,2.4,0.0,1383,0,4969,0,0.0,0.0,0.16,0.61,0.77,3.98,0.06,0.24,0.3,1.57,29.0,440.0,195.0,61.0,334.0,182.0,37.0,354.0,183.0,12.4,415.0,190.0,,,,33,,Fer,López González,Fer López,has joined Celta Vigo on loan for the rest of the season.,,228,0,1,0,9,0,0,0,1,0,0,2,12,,,,0.0,0.0,3.55,0.79,4.74,1,1,10
646,a,100.0,100.0,5.3,194,122.0,0,0.0,-2,2.0,0.4,292,103.0,96,2,3.1,192.0,76.0,6,472,2.0,135.0,51.0,0.4,18.1,0.0,98848,167,68299,248,1.5,1.5,1.19,1.89,3.08,43.81,0.04,0.07,0.11,1.6,416.8,131.0,45.0,305.0,110.0,79.0,157.0,189.0,105.0,88.4,138.0,76.0,,3.0,,33,,João Victor,Gomes da Silva,J.Gomes,,,2471,1,2,4,50,0,0,0,9,0,0,28,338,,,,0.0,0.15,1.82,1.02,12.31,89,75,174
647,u,0.0,0.0,5.5,137,85.0,0,0.0,0,0.0,0.0,801,355.0,0,0,0.0,815.0,363.0,0,0,0.0,792.0,348.0,0.0,0.0,0.0,0,0,796,0,0.0,0.0,0.0,0.0,0.0,0.0,0.0,0.0,0.0,0.0,0.0,814.0,362.0,0.0,813.0,362.0,0.0,811.0,361.0,0.0,814.0,362.0,,,,33,,Gonçalo Manuel,Ganchinho Guedes,Guedes,Has joined Real Sociedad permanently.,,0,0,0,0,0,0,0,0,0,0,0,0,0,,,,0.0,0.0,0.0,0.0,0.0,0,0,0
648,u,0.0,0.0,5.3,192,121.0,0,0.0,-2,2.0,0.0,629,244.0,38,0,2.9,207.0,83.0,1,131,0.0,771.0,334.0,0.0,7.2,0.0,19177,0,23195,4,0.0,0.0,1.64,0.38,2.02,13.36,0.17,0.04,0.21,1.38,163.6,313.0,141.0,61.8,332.0,181.0,196.0,151.0,86.0,42.1,303.0,150.0,,,,33,,Marshall,Munetsi,Munetsi,has joined Paris FC on loan for the rest of the season.,,872,1,2,0,19,0,0,0,2,0,0,9,80,,,,0.0,0.0,1.96,0.93,8.26,21,39,20
649,u,0.0,0.0,5.0,262,159.0,0,0.0,0,0.0,0.0,820,365.0,0,0,0.0,795.0,349.0,0,0,0.0,744.0,315.0,0.0,0.0,0.0,0,0,162,0,0.0,0.0,0.0,0.0,0.0,0.0,0.0,0.0,0.0,0.0,0.0,794.0,348.0,0.0,792.0,348.0,0.0,787.0,346.0,0.0,794.0,348.0,,,,33,,Boubacar,Traoré,B.Traore,Has joined FC Metz on loan for the rest of the season.,,0,0,0,0,0,0,0,0,0,0,0,0,0,,,,0.0,0.0,0.0,0.0,0.0,0,0,0
650,u,0.0,0.0,4.3,600,354.0,0,0.0,-2,2.0,0.2,382,131.0,2,0,1.0,467.0,202.0,0,4,0.0,534.0,174.0,0.0,0.5,0.0,30885,0,49126,5,0.0,0.0,0.0,0.0,0.0,0.5,0.0,0.0,0.0,1.8,3.2,489.0,224.0,0.3,483.0,235.0,0.0,618.0,230.0,0.4,499.0,228.0,,,,33,,Tawanda,Chirewa,Chirewa,has joined Barnsley on loan for the rest of the season.,,25,0,0,0,0,0,0,0,0,0,0,0,4,,,,0.0,0.0,0.0,0.0,14.4,2,1,1
651,a,,,4.3,615,364.0,0,0.0,-2,2.0,0.4,291,102.0,7,0,3.5,117.0,55.0,0,24,0.5,277.0,129.0,0.1,1.6,0.0,67848,9,72697,37,0.0,0.0,0.23,0.0,0.23,0.2,1.88,0.0,1.88,1.64,34.4,433.0,190.0,0.4,480.0,232.0,23.0,381.0,192.0,5.8,446.0,200.0,,,,33,,Tom,Edozie,Edozie,,,11,1,0,0,0,0,0,0,0,0,0,0,1,,,,0.0,0.0,0.0,0.0,8.18,0,0,1
652,a,,,4.3,614,363.0,0,0.0,-2,2.0,1.2,176,61.0,0,0,0.0,664.0,253.0,0,0,0.0,547.0,182.0,0.0,0.0,0.0,201219,31,250815,73,-0.5,-0.5,0.0,0.0,0.0,0.0,0.0,0.0,0.0,0.0,0.0,654.0,243.0,0.0,650.0,248.0,0.0,627.0,237.0,0.0,656.0,245.0,,,,33,,Enso,González Medina,Gonzalez,,,0,0,0,0,0,0,0,0,0,0,0,0,0,,,,0.0,0.0,0.0,0.0,0.0,0,0,0
653,u,0.0,0.0,4.5,427,254.0,0,0.0,0,0.0,0.0,667,267.0,0,0,0.0,702.0,274.0,0,0,0.0,604.0,210.0,0.0,0.0,0.0,0,0,5795,0,0.0,0.0,0.0,0.0,0.0,0.0,0.0,0.0,0.0,0.0,0.0,696.0,268.0,0.0,691.0,271.0,0.0,673.0,263.0,0.0,698.0,270.0,,,,33,,Joe,Hodge,Hodge,Signed by CD Tondela,,0,0,0,0,0,0,0,0,0,0,0,0,0,,,,0.0,0.0,0.0,0.0,0.0,0,0,0
655,u,0.0,0.0,4.9,326,61.0,0,0.0,-1,1.0,0.2,400,60.0,0,0,0.0,785.0,86.0,0,0,0.0,726.0,79.0,0.0,0.0,0.0,7178,0,55464,2,0.0,0.0,0.0,0.0,0.0,0.0,0.0,0.0,0.0,0.0,0.0,784.0,86.0,0.0,780.0,85.0,0.0,776.0,85.0,0.0,784.0,86.0,,,,33,,Fábio,Soares Silva,Fábio Silva,has joined Borussia Dortmund permanently.,,0,0,0,0,0,0,0,0,0,0,0,0,0,,,,0.0,0.0,0.0,0.0,0.0,0,0,0
656,u,0.0,0.0,4.9,318,59.0,0,0.0,-1,1.0,0.0,592,81.0,1,0,1.0,494.0,59.0,0,1,0.0,721.0,78.0,0.0,0.2,0.0,1691,0,10172,1,0.0,0.0,0.0,0.01,0.01,0.1,0.0,0.06,0.06,0.64,1.0,504.0,61.0,4.3,448.0,58.0,2.0,454.0,61.0,0.7,492.0,61.0,,,,33,,Saša,Kalajdžić,Kalajdžić,has joined LASK on loan for the rest of the season.,,14,0,0,0,0,0,0,0,0,0,0,0,2,,,,0.0,0.0,0.0,0.0,12.86,0,1,1
657,a,100.0,100.0,4.4,566,81.0,0,0.0,-1,1.0,0.0,633,83.0,0,0,0.0,689.0,74.0,0,0,0.0,586.0,64.0,0.0,0.0,0.0,5601,8,7818,9,-0.5,-0.5,0.0,0.0,0.0,0.0,0.0,0.0,0.0,0.0,0.0,683.0,74.0,0.0,678.0,73.0,0.0,659.0,73.0,0.0,685.0,74.0,,,,33,,Leon,Chiwome,Chiwome,,,0,0,0,0,0,0,0,0,0,0,0,0,0,,,,0.0,0.0,0.0,0.0,0.0,0,0,0
658,a,,,4.2,644,89.0,0,0.0,-3,3.0,1.8,147,21.0,0,0,0.0,648.0,63.0,0,0,0.0,510.0,51.0,0.0,0.0,0.0,282076,111,377496,148,-0.5,-0.5,0.0,0.0,0.0,0.0,0.0,0.0,0.0,0.0,0.0,640.0,63.0,0.0,634.0,62.0,0.0,608.0,62.0,0.0,642.0,63.0,,,,33,,Nathan,Fraser,Fraser,,,0,0,0,0,0,0,0,0,0,0,0,0,0,,,,0.0,0.0,0.0,0.0,0.0,0,0,0
663,u,0.0,0.0,4.9,314,195.0,0,0.0,-6,6.0,0.1,444,150.0,45,0,2.0,343.0,148.0,2,175,0.0,717.0,296.0,0.0,9.2,0.0,20148,0,82401,1,0.0,0.0,3.38,0.62,4.0,16.0,0.27,0.05,0.32,1.29,171.0,304.0,134.0,204.0,174.0,115.0,148.0,206.0,114.0,52.1,262.0,131.0,,,,33,,Jhon,Arias,J.Arias,has joined Palmeiras permanently.,,1117,1,0,2,21,0,0,0,1,0,0,14,125,,,,0.0,0.16,1.69,1.13,10.07,43,24,58
682,a,,,4.2,639,147.0,0,0.0,-3,3.0,0.1,551,198.0,29,0,1.6,399.0,148.0,0,69,0.0,506.0,207.0,0.0,6.9,0.0,4972,1,9626,4,-0.5,-0.5,0.13,1.04,1.17,17.48,0.01,0.11,0.12,1.88,142.0,332.0,127.0,110.8,264.0,75.0,46.0,337.0,109.0,30.0,348.0,117.0,,,,33,,David,Møller Wolfe,Møller Wolfe,,,839,0,2,1,20,0,0,0,1,0,0,9,48,,,,0.0,0.11,2.15,0.97,4.61,9,34,20
695,a,,,4.4,553,119.0,0,0.0,-1,1.0,0.0,630,225.0,51,0,1.7,390.0,145.0,0,152,0.0,575.0,234.0,0.0,11.6,0.0,6942,3,6376,7,-0.5,-0.5,0.33,1.59,1.92,30.68,0.02,0.08,0.1,1.51,315.2,200.0,79.0,344.0,83.0,21.0,69.0,302.0,92.0,72.9,183.0,63.0,,,,33,,Jackson,Tchatchoua,Tchatchoua,,,1830,0,1,3,37,0,0,0,3,0,0,19,133,,,,0.0,0.15,1.82,0.93,5.31,29,79,62
709,d,75.0,100.0,4.5,430,88.0,0,0.0,0,0.0,0.1,536,191.0,60,1,2.3,300.0,111.0,0,204,0.5,280.0,92.0,0.1,13.3,0.0,26614,38,21735,39,0.0,0.0,2.17,1.44,3.61,38.14,0.09,0.06,0.15,1.56,478.8,100.0,44.0,127.9,245.0,65.0,223.0,128.0,22.0,83.3,150.0,51.0,,,,33,,Ladislav,Krejcí,Krejčí,Neck - 75% chance of playing,,2201,2,1,3,44,1,0,0,3,1,0,25,204,,,,0.0,0.12,1.8,1.02,7.4,28,153,72
720,a,,,5.2,211,49.0,0,0.0,-3,3.0,0.1,445,64.0,60,0,2.1,330.0,35.0,4,202,0.5,294.0,37.0,0.1,11.5,0.0,66457,65,53945,61,0.0,0.0,4.63,0.36,4.99,21.05,0.33,0.03,0.36,1.52,223.8,264.0,25.0,172.9,199.0,19.0,475.0,38.0,17.0,86.4,144.0,20.0,,,5.0,33,,Tolu,Arokodare,Tolu,,,1250,3,2,3,26,0,0,1,1,0,0,12,71,,,,0.0,0.22,1.87,0.86,5.11,6,41,24
749,a,,,4.3,623,87.0,0,0.0,-2,2.0,1.3,170,24.0,55,1,2.5,266.0,28.0,6,215,1.0,209.0,27.0,0.2,12.8,0.0,563489,443,411661,423,0.5,0.5,1.48,1.7,3.18,26.45,0.1,0.11,0.21,1.75,216.4,267.0,26.0,243.8,149.0,12.0,199.0,148.0,35.0,65.2,211.0,26.0,2.0,1.0,,33,,Mateus,Mané,Mané,,,1361,2,2,5,24,0,0,0,0,0,0,14,103,,,,0.0,0.33,1.59,0.93,6.81,20,28,55
766,a,,,4.0,730,200.0,0,0.0,0,0.0,0.0,638,228.0,0,0,0.0,631.0,240.0,0,0,0.0,482.0,188.0,0.0,0.0,0.0,3790,9,2159,8,-0.5,-0.5,0.0,0.0,0.0,0.0,0.0,0.0,0.0,0.0,0.0,622.0,240.0,0.0,614.0,240.0,0.0,584.0,237.0,0.0,624.0,240.0,,,,33,,Saheed,Olagunju,Olagunju,,,0,0,0,0,0,0,0,0,0,0,0,0,0,,,,0.0,0.0,0.0,0.0,0.0,0,0,0
767,a,,,4.5,497,307.0,0,0.0,0,0.0,0.0,765,326.0,0,0,0.0,750.0,315.0,0,0,0.0,666.0,260.0,0.0,0.0,0.0,1218,2,801,1,-0.5,-0.5,0.0,0.0,0.0,0.0,0.0,0.0,0.0,0.0,0.0,748.0,313.0,0.0,741.0,313.0,0.0,728.0,309.0,0.0,748.0,313.0,,,,33,,Luke,Rawlings,Rawlings,,,0,0,0,0,0,0,0,0,0,0,0,0,0,,,,0.0,0.0,0.0,0.0,0.0,0,0,0
828,a,,,4.0,695,57.0,0,0.0,0,0.0,0.0,827,96.0,0,0,0.0,603.0,79.0,0,0,0.0,449.0,70.0,0.0,0.0,0.0,0,0,0,0,1.0,1.0,0.0,0.0,0.0,0.0,0.0,0.0,0.0,0.0,0.0,593.0,79.0,0.0,584.0,66.0,0.0,553.0,53.0,0.0,595.0,79.0,,,,33,,Alfie,Brooks,Brooks,,,0,0,0,0,0,0,0,0,0,0,0,0,0,,,,0.0,0.0,0.0,0.0,0.0,0,0,0
