player_id,gameweek,position,team_code,points_roll3,points_roll5,xg_roll3,xg_roll5,xa_roll3,xa_roll5,bps_roll3,bps_roll5,ict_roll3,ict_roll5,minutes_roll3,minutes_roll5,defcon_roll3,defcon_roll5,points_std5,team_xg_for_roll5,team_xg_against_roll5,team_elo,opp_xg_against_roll5,opp_elo,has_double_gw,ppm_roll5,start_rate_roll5,gkp_saves_roll3,def_clean_sheet_roll5,def_attacking_return_rate,mid_creativity_roll3,mid_threat_roll3,mid_shots_on_target_roll3,mid_touches_box_roll3,fwd_xg_roll3,fwd_shots_on_target_roll3,fwd_touches_box_roll3,is_penalty_taker,is_corner_freekick_taker,is_direct_freekick_taker
1,8,GKP,3,3.33333,3.6,0,0,0.00666667,0.008,14.6667,16,1.33333,1.66,90,90,9,9.6,2.19089,1.606,0.538,2018.12,1.194,1780.81,False,0.631579,1,1.33333,,,,,,,,,,0,0,0
2,8,GKP,3,0,0,,,,,0,0,0,0,0,0,0,0,0,1.606,0.538,2018.12,1.194,1780.81,False,0,0,0,,,,,,,,,,0,0,0
3,8,GKP,3,0,0,,,,,0,0,0,0,0,0,0,0,0,1.606,0.538,2018.12,1.194,1780.81,False,0,0,0,,,,,,,,,,0,0,0
4,8,GKP,3,0,0,,,,,0,0,0,0,0,0,0,0,0,1.606,0.538,2018.12,1.194,1780.81,False,0,0,0,,,,,,,,,,0,0,0
5,8,DEF,3,8,7,0.0733333,0.088,0.02,0.016,26.6667,24,5.43333,4.4,90,90,14,12.8,4.84768,1.606,0.538,2018.12,1.194,1780.81,False,1.09375,1,,0.4,0.2,,,,,,,,0,0,0
6,8,DEF,3,3,2,0.0333333,0.025,0.0366667,0.0275,17.6667,11.4,2.6,1.62,75,45.8,10.3333,6.8,2.34521,1.606,0.538,2018.12,1.194,1780.81,False,0.333333,0.6,,0.2,0,,,,,,,,0,0,0
7,8,DEF,3,3,3.2,0.133333,0.106,0.0366667,0.026,11,11.6,3.06667,2.7,77.6667,78,9.33333,8.4,2.16795,1.606,0.538,2018.12,1.194,1780.81,False,0.551724,1,,0.4,0,,,,,,,,0,0,0
8,8,DEF,3,4.66667,4.8,0.23,0.216,0.126667,0.09,23,22.6,6.43333,5.92,86.3333,87.8,11,10.4,4.43847,1.606,0.538,2018.12,1.194,1780.81,False,0.8,1,,0.4,0.2,,,,,,,,0,0,0
9,8,DEF,3,0,0,,,,,0,0,0,0,0,0,0,0,0,1.606,0.538,2018.12,1.194,1780.81,False,0,0,,0,0,,,,,,,,0,0,0
10,8,DEF,3,0.666667,0.6,0,0,0,0,1.33333,1.4,0.266667,0.18,5.66667,7.8,1.33333,1.2,0.547723,1.606,0.538,2018.12,1.194,1780.81,False,0.115385,0,,0,0,,,,,,,,0,0,0
11,8,DEF,3,0,0,,,,,0,0,0,0,0,0,0,0,0,1.606,0.538,2018.12,1.194,1780.81,False,0,0,,0,0,,,,,,,,0,0,0
12,8,DEF,17,1.33333,0.8,0.02,0.02,0.085,0.085,10.6667,6.4,3.23333,1.94,60,36,7.33333,4.4,1.09545,0.802,2.044,1760.24,1.704,1897.49,False,0.163265,0.4,,0,0,,,,,,,,0,0,0
13,8,DEF,3,0,0,,,,,0,0,0,0,0,0,0,0,0,1.606,0.538,2018.12,1.194,1780.81,False,0,0,,0,0,,,,,,,,0,0,0
14,8,DEF,3,0,0,,,,,0,0,0,0,0,0,0,0,0,1.606,0.538,2018.12,1.194,1780.81,False,0,0,,0,0,,,,,,,,0,0,0
15,8,DEF,3,0,0,,,,,0,0,0,0,0,0,0,0,0,1.606,0.538,2018.12,1.194,1780.81,False,0,0,,0,0,,,,,,,,0,0,0
16,8,MID,3,3.66667,2.2,0.32,0.32,0.443333,0.443333,13,7.8,6.13333,3.68,68,40.8,5,3,3.34664,1.606,0.538,2018.12,1.194,1780.81,False,0.22,0.4,,,,22.4333,22.6667,0.666667,4.33333,,,,0,0,0
17,8,MID,3,1.66667,1.4,0,0,0.23,0.1175,6.66667,5.2,1.83333,1.32,12.3333,14.8,0.666667,0.6,1.51658,1.606,0.538,2018.12,1.194,1780.81,False,0.177215,0.4,,,,10.9667,0,0,0,,,,0,0,0
18,8,MID,3,0.333333,1.2,0.15,0.0966667,0.01,0.25,-0.666667,5.4,1.03333,3.78,15,42.2,0.666667,2.2,1.30384,1.606,0.538,2018.12,1.194,1780.81,False,0.173913,0.6,,,,0.566667,9.66667,1,6,,,,0,0,0
19,8,MID,3,3,2.6,0.0833333,0.05,0.0233333,0.014,10,8.6,2.5,1.78,13.6667,24.4,1.66667,1.8,2.60768,1.606,0.538,2018.12,1.194,1780.81,False,0.376812,0.2,,,,4.93333,7.66667,0.333333,1,,,,0,0,0
20,8,MID,3,2.33333,2.2,0.183333,0.1375,0.0866667,0.13,11.3333,9.2,3.96667,3.02,81.3333,51,3.33333,2,1.48324,1.606,0.538,2018.12,1.194,1780.81,False,0.318841,0.6,,,,16.6,16.3333,0,5.33333,,,,0,0,0
21,8,MID,3,7.66667,5.6,0.106667,0.068,0.16,0.122,33.3333,22.8,9,6.32,86,74,8.66667,8.4,4.219,1.606,0.538,2018.12,1.194,1780.81,False,0.848485,0.8,,,,43.7,9,0.333333,1.66667,,,,0,0,0
22,8,MID,3,2.66667,2.8,0.07,0.068,0.01,0.024,9.66667,10,3.06667,3.34,25.3333,47,3.33333,5,2.04939,1.606,0.538,2018.12,1.194,1780.81,False,0.474576,0.6,,,,7.03333,10.3333,0.333333,1.33333,,,,0,0,0
23,8,MID,3,0,0,,,,,0,0,0,0,0,0,0,0,0,1.606,0.538,2018.12,1.194,1780.81,False,0,0,,,,0,0,,,,,,0,0,0
24,8,MID,3,0,0,,,,,0,0,0,0,0,0,0,0,0,1.606,0.538,2018.12,1.194,1780.81,False,0,0,,,,0,0,,,,,,0,0,0
25,8,MID,3,0.666667,1,0.01,0.0566667,0.02,0.0233333,1.33333,2.4,0.0666667,0.76,7,18.6,0.333333,1,1.22474,1.606,0.538,2018.12,1.194,1780.81,False,0.192308,0,,,,0.5,0.333333,0,0,,,,0,0,0
26,8,MID,3,2.33333,4.8,0.02,0.05,0.24,0.154,19,22.6,4.36667,4.96,77,82.2,8.33333,6.8,6.30079,1.606,0.538,2018.12,1.194,1780.81,False,0.872727,0.8,,,,23.1,4,0,1.66667,,,,0,0,0
27,8,MID,94,0,0,,,,,0,0,0,0,0,0,0,0,0,1.19,1.346,1797.77,1.566,1724.66,False,0,0,,,,0,0,,,,,,0,0,0
28,8,MID,3,0,0,,,,,0,0,0,0,0,0,0,0,0,1.606,0.538,2018.12,1.194,1780.81,False,0,0,,,,0,0,,,,,,0,0,0
29,8,MID,3,0,0,,,,,0,0,0,0,0,0,0,0,0,1.606,0.538,2018.12,1.194,1780.81,False,0,0,,,,0,0,,,,,,0,0,0
30,8,FWD,3,0,0,,,,,0,0,0,0,0,0,0,0,0,1.606,0.538,2018.12,1.194,1780.81,False,0,0,,,,,,,,,,,0,0,0
31,8,FWD,3,0,0,,,,,0,0,0,0,0,0,0,0,0,1.606,0.538,2018.12,1.194,1780.81,False,0,0,,,,,,,,,,,0,0,0
32,8,GKP,7,2.33333,2.6,0,0,0.00666667,0.005,11.3333,12.2,1.86667,1.52,90,72,9.33333,6.6,2.30217,0.946,1.418,1868.92,1.268,1818.39,False,0.52,0.8,2.33333,,,,,,,,,,0,0,0
33,8,GKP,7,0,0,,0,,0,0,-1.4,0,0.12,0,18,0,2,0,0.946,1.418,1868.92,1.268,1818.39,False,0,0.2,0,,,,,,,,,,0,0,0
34,8,GKP,7,0,0,,,,,0,0,0,0,0,0,0,0,0,0.946,1.418,1868.92,1.268,1818.39,False,0,0,0,,,,,,,,,,0,0,0
35,8,GKP,7,0,0,,,,,0,0,0,0,0,0,0,0,0,0.946,1.418,1868.92,1.268,1818.39,False,0,0,0,,,,,,,,,,0,0,0
36,8,DEF,7,4.66667,3.8,0.0233333,0.016,0.03,0.068,15.3333,11.6,4,3.64,87.6667,85.2,9.66667,7.4,3.89872,0.946,1.418,1868.92,1.268,1818.39,False,0.826087,1,,0.2,0.2,,,,,,,,0,0,0
37,8,DEF,7,2.33333,2.6,0.06,0.052,0.3,0.182,15.6667,13.6,6.23333,4.22,79,66.8,6,5.6,2.19089,0.946,1.418,1868.92,1.268,1818.39,False,0.577778,0.8,,0.2,0.2,,,,,,,,0,0,0
38,8,DEF,7,2,2.6,0.0133333,0.008,0.01,0.014,15.3333,15.4,2.93333,2.82,90,90,8.33333,8.2,1.94936,0.946,1.418,1868.92,1.268,1818.39,False,0.577778,1,,0.2,0,,,,,,,,0,0,0
39,8,DEF,7,0.333333,0.4,0,0.0433333,0.01,0.0466667,1.33333,2,0.566667,1.58,11,23.2,2,3.4,0.547723,0.946,1.418,1868.92,1.268,1818.39,False,0.0930233,0.2,,0,0,,,,,,,,0,0,0
40,8,DEF,7,1.66667,3,0,0.055,0.015,0.015,5,9.2,2.13333,2.52,40.3333,60.2,5.33333,7.6,3.67423,0.946,1.418,1868.92,1.268,1818.39,False,0.666667,0.8,,0.2,0,,,,,,,,0,0,0
41,8,DEF,7,1.66667,1.2,0.015,0.01,0.01,0.00666667,11,6.4,1.6,1.04,49.3333,32.8,10.6667,6.8,1.64317,0.946,1.418,1868.92,1.268,1818.39,False,0.27907,0.2,,0,0,,,,,,,,0,0,0
42,8,DEF,7,0,0,,,,,0,0,0,0,0,0,0,0,0,0.946,1.418,1868.92,1.268,1818.39,False,0,0,,0,0,,,,,,,,0,0,0
43,8,DEF,7,0,0,,,,,0,0,0,0,0,0,0,0,0,0.946,1.418,1868.92,1.268,1818.39,False,0,0,,0,0,,,,,,,,0,0,0
44,8,DEF,7,1.66667,3,0,0,0.01,0.01,4,10,1.23333,1.08,59.3333,53.2,2.33333,3.4,3.39116,0.946,1.418,1868.92,1.268,1818.39,False,0.75,0.6,,0.2,0,,,,,,,,0,0,0
45,8,DEF,7,0,0,,,,,0,0,0,0,0,0,0,0,0,0.946,1.418,1868.92,1.268,1818.39,False,0,0,,0,0,,,,,,,,0,0,0
46,8,DEF,7,0,0,,,,,0,0,0,0,0,0,0,0,0,0.946,1.418,1868.92,1.268,1818.39,False,0,0,,0,0,,,,,,,,0,0,0
47,8,MID,7,4,3.4,0.0833333,0.074,0.14,0.094,15.3333,11.8,6,4.64,87,88.2,5.66667,6,1.51658,0.946,1.418,1868.92,1.268,1818.39,False,0.5,1,,,,22.6667,16.3333,0.666667,4.33333,,,,0,0,0
48,8,MID,7,0,0.6,,0.045,,0.035,0,5.6,0,1.18,0,27,0,2.2,0.894427,0.946,1.418,1868.92,1.268,1818.39,False,0.101695,0.4,,,,0,0,,,,,,0,0,0
49,8,MID,7,0,0,,,,,0,0,0,0,0,0,0,0,0,0.946,1.418,1868.92,1.268,1818.39,False,0,0,,,,0,0,,,,,,0,0,0
50,8,MID,7,4.33333,3.2,0.116667,0.104,0.0766667,0.082,10.6667,9,4.03333,4.28,45,50,5,6,4.96991,0.946,1.418,1868.92,1.268,1818.39,False,0.603774,0.4,,,,6.03333,16,0.333333,2,,,,0,0,0
51,8,MID,7,0,0,,,,,0,0,0,0,0,0,0,0,0,0.946,1.418,1868.92,1.268,1818.39,False,0,0,,,,0,0,,,,,,0,0,0
52,8,MID,4,0,0.2,,0.03,,0.1,0,1.6,0,0.94,0,9,0,0.4,0.447214,1.242,0.798,1878.91,1.372,1832.16,False,0.0377358,0.2,,,,0,0,,,,,,0,0,0
53,8,MID,7,5.66667,4,0.176667,0.142,0.0266667,0.02,17.3333,11,5.66667,3.6,35.6667,39.2,1.66667,1.6,6.16441,0.946,1.418,1868.92,1.268,1818.39,False,0.784314,0.4,,,,11.7,19.6667,0.666667,3.33333,,,,0,0,0
54,8,MID,7,3.66667,3.2,0.186667,0.112,0.143333,0.116,16,15.6,4.03333,3.34,75.6667,78,5.66667,6.2,1.64317,0.946,1.418,1868.92,1.268,1818.39,False,0.592593,1,,,,17.9667,5.66667,0.333333,0.333333,,,,0,0,0
55,8,MID,7,0.333333,0.2,0.12,0.12,0,0,0.333333,0.2,0.233333,0.14,2,1.2,1,0.6,0.447214,0.946,1.418,1868.92,1.268,1818.39,False,0.0416667,0,,,,0.1,2.33333,0,1,,,,0,0,0
56,8,MID,7,0,0,,,,,0,0,0,0,0,0,0,0,0,0.946,1.418,1868.92,1.268,1818.39,False,0,0,,,,0,0,,,,,,0,0,0
57,8,MID,7,0,0,,,,,0,0,0,0,0,0,0,0,0,0.946,1.418,1868.92,1.268,1818.39,False,0,0,,,,0,0,,,,,,0,0,0
58,8,MID,7,4,2.4,0.00666667,0.00666667,0.0933333,0.0933333,18.3333,11,4.73333,2.84,63,37.8,8,4.8,2.88097,0.946,1.418,1868.92,1.268,1818.39,False,0.489796,0.4,,,,20.0333,1.66667,0,0.333333,,,,0,0,0
59,8,MID,7,0.333333,0.2,0,0,0,0,1,0.6,0,0,0.333333,0.2,0,0,0.447214,0.946,1.418,1868.92,1.268,1818.39,False,0.0416667,0,,,,0.0333333,0,0,0,,,,0,0,0
60,8,MID,7,0,0,,,,,0,0,0,0,0,0,0,0,0,0.946,1.418,1868.92,1.268,1818.39,False,0,0,,,,0,0,,,,,,0,0,0
61,8,MID,7,0,0,,,,,0,0,0,0,0,0,0,0,0,0.946,1.418,1868.92,1.268,1818.39,False,0,0,,,,0,0,,,,,,0,0,0
62,8,MID,7,0,0,,,,,0,0,0,0,0,0,0,0,0,0.946,1.418,1868.92,1.268,1818.39,False,0,0,,,,0,0,,,,,,0,0,0
63,8,MID,7,0,0,,,,,0,0,0,0,0,0,0,0,0,0.946,1.418,1868.92,1.268,1818.39,False,0,0,,,,0,0,,,,,,0,0,0
64,8,FWD,7,4,3.2,0.143333,0.208,0.0166667,0.026,11.3333,8.8,3.06667,3.44,82,83.6,2,1.8,2.68328,0.946,1.418,1868.92,1.268,1818.39,False,0.372093,1,,,,,,,,0.143333,0.333333,4.33333,0,0,0
65,8,FWD,7,0,0,,,,,0,0,0,0,0,0,0,0,0,0.946,1.418,1868.92,1.268,1818.39,False,0,0,,,,,,,,,,,0,0,0
66,8,GKP,91,0,0,,,,,0,0,0,0,0,0,0,0,0,1.088,0.734,1835.79,1.266,1861.45,False,0,0,0,,,,,,,,,,0,0,0
67,8,GKP,91,4,3.8,0,0,0,0,17.6667,16,2.53333,1.92,90,90,9,9,1.64317,1.088,0.734,1835.79,1.266,1861.45,False,0.844444,1,3.33333,,,,,,,,,,0,0,0
68,8,GKP,91,0,0,,,,,0,0,0,0,0,0,0,0,0,1.088,0.734,1835.79,1.266,1861.45,False,0,0,0,,,,,,,,,,0,0,0
69,8,GKP,91,0,0,,,,,0,0,0,0,0,0,0,0,0,1.088,0.734,1835.79,1.266,1861.45,False,0,0,0,,,,,,,,,,0,0,0
70,8,GKP,91,0,0,,,,,0,0,0,0,0,0,0,0,0,1.088,0.734,1835.79,1.266,1861.45,False,0,0,0,,,,,,,,,,0,0,0
71,8,DEF,91,0,0,,,,,0,0,0,0,0,0,0,0,0,1.088,0.734,1835.79,1.266,1861.45,False,0,0,,0,0,,,,,,,,0,0,0
72,8,DEF,91,6,7,0,0.028,0.323333,0.206,21,22.8,5.06667,4.86,85.6667,87.4,13.6667,15.8,4.84768,1.088,0.734,1835.79,1.266,1861.45,False,1.4,1,,0.4,0.4,,,,,,,,0,0,0
73,8,DEF,91,0,0.2,,0,,0,0,0.4,0,0,0,5,0,0,0.447214,1.088,0.734,1835.79,1.266,1861.45,False,0.0454545,0.2,,0,0,,,,,,,,0,0,0
74,8,DEF,91,5.66667,5.2,0.01,0.008,0.0233333,0.054,22.6667,18.8,3.7,3.92,90,90,15.3333,12.4,2.86356,1.088,0.734,1835.79,1.266,1861.45,False,1.15556,1,,0.4,0.2,,,,,,,,0,0,0
75,8,DEF,91,0,0,,,,,0,0,0,0,0,0,0,0,0,1.088,0.734,1835.79,1.266,1861.45,False,0,0,,0,0,,,,,,,,0,0,0
76,8,DEF,91,0,0,,,,,0,0,0,0,0,0,0,0,0,1.088,0.734,1835.79,1.266,1861.45,False,0,0,,0,0,,,,,,,,0,0,0
77,8,DEF,91,2.33333,2.8,0,0.03,0.08,0.0475,10.3333,11,0.733333,1.54,35,51,3.33333,4.6,2.58844,1.088,0.734,1835.79,1.266,1861.45,False,0.7,0.4,,0.4,0,,,,,,,,0,0,0
78,8,DEF,91,0,0,,,,,0,0,0,0,0,0,0,0,0,1.088,0.734,1835.79,1.266,1861.45,False,0,0,,0,0,,,,,,,,0,0,0
79,8,DEF,91,0,0,,,,,0,0,0,0,0,0,0,0,0,1.088,0.734,1835.79,1.266,1861.45,False,0,0,,0,0,,,,,,,,0,0,0
80,8,DEF,91,0,0.2,,0,,0,0,0.4,0,0,0,0.2,0,0,0.447214,1.088,0.734,1835.79,1.266,1861.45,False,0.05,0,,0,0,,,,,,,,0,0,0
81,8,MID,91,3,2.2,0.0433333,0.044,0.02,0.076,13.6667,9.6,3.43333,2.76,38.3333,29.4,2.33333,2.2,2.68328,1.088,0.734,1835.79,1.266,1861.45,False,0.314286,0.2,,,,11.2,6.66667,0.666667,1,,,,0,0,0
82,8,MID,91,10,9,0.31,0.402,0.0533333,0.056,31.3333,27.4,8.9,8.98,90,90,10,9.6,6.44205,1.088,0.734,1835.79,1.266,1861.45,False,1.11111,1,,,,15.6667,25.3333,1.33333,3.66667,,,,0,0,0
83,8,MID,94,1,1.2,0.18,0.124,0.0866667,0.052,1,2.2,1.7,1.66,40.3333,45.6,1,2.2,0.83666,1.19,1.346,1797.77,1.566,1724.66,False,0.2,0.4,,,,3.8,13.3333,0.333333,3.33333,,,,0,0,0
84,8,MID,91,2.33333,2.4,0.02,0.082,0.0333333,0.052,2.66667,3.4,3.16667,3.2,54.6667,65.8,5.33333,5.8,0.894427,1.088,0.734,1835.79,1.266,1861.45,False,0.436364,0.8,,,,18.8,6,0,2.33333,,,,0,0,0
85,8,MID,91,2.33333,2.4,0.0266667,0.022,0.0166667,0.014,17.6667,16.4,2.66667,2.7,82.3333,85.4,10.3333,10.8,1.14018,1.088,0.734,1835.79,1.266,1861.45,False,0.48,1,,,,4,8.66667,0.666667,0.333333,,,,0,0,0
86,8,MID,91,2,2.2,0.03,0.104,0.0366667,0.09,8,9.6,2.26667,3.1,58.6667,61,4,4.6,1.30384,1.088,0.734,1835.79,1.266,1861.45,False,0.44,0.8,,,,9.53333,8.66667,0.333333,1.66667,,,,0,0,0
87,8,MID,91,2,1.4,0.03,0.0225,0.0133333,0.01,4.66667,4.8,1.03333,0.88,32.6667,25,4,4.2,1.51658,1.088,0.734,1835.79,1.266,1861.45,False,0.28,0.2,,,,4.83333,3,0,0.666667,,,,0,0,0
88,8,MID,91,0,0.2,,0,,0,0,0.4,0,0.04,0,0.8,0,0.2,0.447214,1.088,0.734,1835.79,1.266,1861.45,False,0.0408163,0,,,,0,0,,,,,,0,0,0
89,8,MID,91,0,0,,,,,0,0,0,0,0,0,0,0,0,1.088,0.734,1835.79,1.266,1861.45,False,0,0,,,,0,0,,,,,,0,0,0
90,8,MID,91,2.66667,4,0.0533333,0.054,0.0233333,0.044,11.3333,16.6,1.83333,3.44,60.6667,62,9.33333,9,3,1.088,0.734,1835.79,1.266,1861.45,False,0.8,0.8,,,,7.7,2.33333,0,0,,,,0,0,0
91,8,MID,91,0,0,,,,,0,0,0,0,0,0,0,0,0,1.088,0.734,1835.79,1.266,1861.45,False,0,0,,,,0,0,,,,,,0,0,0
92,8,MID,91,0,0,,,,,0,0,0,0,0,0,0,0,0,1.088,0.734,1835.79,1.266,1861.45,False,0,0,,,,0,0,,,,,,0,0,0
93,8,MID,91,0,0,,,,,0,0,0,0,0,0,0,0,0,1.088,0.734,1835.79,1.266,1861.45,False,0,0,,,,0,0,,,,,,0,0,0
94,8,MID,91,0,0,,,,,0,0,0,0,0,0,0,0,0,1.088,0.734,1835.79,1.266,1861.45,False,0,0,,,,0,0,,,,,,0,0,0
95,8,MID,91,0,0,,,,,0,0,0,0,0,0,0,0,0,1.088,0.734,1835.79,1.266,1861.45,False,0,0,,,,0,0,,,,,,0,0,0
96,8,MID,91,0,0,,,,,0,0,0,0,0,0,0,0,0,1.088,0.734,1835.79,1.266,1861.45,False,0,0,,,,0,0,,,,,,0,0,0
97,8,FWD,91,2,3.8,0.123333,0.202,0.06,0.056,8,15.4,3.16667,5.32,90,88,4,4.8,2.68328,1.088,0.734,1835.79,1.266,1861.45,False,0.542857,1,,,,,,,,0.123333,0.333333,4,0,0,0
98,8,FWD,91,0,0,,,,,0,0,0,0,0,0,0,0,0,1.088,0.734,1835.79,1.266,1861.45,False,0,0,,,,,,,,,,,0,0,0
99,8,FWD,91,0,0,,,,,0,0,0,0,0,0,0,0,0,1.088,0.734,1835.79,1.266,1861.45,False,0,0,,,,,,,,,,,0,0,0
100,8,FWD,91,2,1.4,0.23,0.115,0,0,9.33333,6.2,2.46667,1.48,3,3.6,0.333333,0.4,2.60768,1.088,0.734,1835.79,1.266,1861.45,False,0.311111,0,,,,,,,,0.23,2,3,0,0,0
101,8,GKP,94,4,3,0,0,0,0,13.3333,10.8,3.56667,3.06,90,90,8,8,2.91548,1.19,1.346,1797.77,1.566,1724.66,False,0.666667,1,3.33333,,,,,,,,,,0,0,0
102,8,GKP,94,0,0,,,,,0,0,0,0,0,0,0,0,0,1.19,1.346,1797.77,1.566,1724.66,False,0,0,0,,,,,,,,,,0,0,0
103,8,GKP,94,0,0,,,,,0,0,0,0,0,0,0,0,0,1.19,1.346,1797.77,1.566,1724.66,False,0,0,0,,,,,,,,,,0,0,0
104,8,GKP,94,0,0,,,,,0,0,0,0,0,0,0,0,0,1.19,1.346,1797.77,1.566,1724.66,False,0,0,0,,,,,,,,,,0,0,0
105,8,GKP,94,0,0,,,,,0,0,0,0,0,0,0,0,0,1.19,1.346,1797.77,1.566,1724.66,False,0,0,0,,,,,,,,,,0,0,0
106,8,DEF,94,1,1.8,0.05,0.03,0.113333,0.076,4.66667,6.6,4.13333,3.82,90,90,10.3333,11.8,1.30384,1.19,1.346,1797.77,1.566,1724.66,False,0.367347,1,,0,0,,,,,,,,0,0,0
107,8,DEF,94,0.666667,1.8,0,0,0.005,0.015,1,5,0.433333,0.92,26.6667,48,1.66667,4,2.38747,1.19,1.346,1797.77,1.566,1724.66,False,0.367347,0.6,,0.2,0,,,,,,,,0,0,0
108,8,DEF,94,1,1.4,0.025,0.03,0,0.136667,3.66667,4.8,0.766667,1.46,35.3333,22.6,3.66667,2.2,1.67332,1.19,1.346,1797.77,1.566,1724.66,False,0.318182,0.2,,0,0.2,,,,,,,,0,0,0
109,8,DEF,94,0.666667,0.4,0,0.0325,0,0.005,2,0,0.233333,0.22,13,15,2.66667,2.8,0.894427,1.19,1.346,1797.77,1.566,1724.66,False,0.0909091,0,,0,0,,,,,,,,0,0,0
110,8,DEF,94,1.66667,1.6,0.00666667,0.004,0.0266667,0.018,5,6.2,2.6,2.16,90,88.4,10,10,0.547723,1.19,1.346,1797.77,1.566,1724.66,False,0.355556,1,,0,0,,,,,,,,0,0,0
111,8,DEF,94,-0.333333,0,0,0,0,0.02,-1.33333,0.2,0.533333,0.86,24.3333,31,3.33333,3.8,0.707107,1.19,1.346,1797.77,1.566,1724.66,False,0,0.4,,0,0,,,,,,,,0,0,0
112,8,DEF,94,0,0,,,,,0,0,0,0,0,0,0,0,0,1.19,1.346,1797.77,1.566,1724.66,False,0,0,,0,0,,,,,,,,0,0,0
113,8,DEF,94,1.66667,1.8,0.22,0.132,0.02,0.018,7.33333,8,3.8,3.06,90,90,7.33333,9,0.83666,1.19,1.346,1797.77,1.566,1724.66,False,0.4,1,,0,0,,,,,,,,0,0,0
114,8,DEF,94,0,0,,,,,0,0,0,0,0,0,0,0,0,1.19,1.346,1797.77,1.566,1724.66,False,0,0,,0,0,,,,,,,,0,0,0
115,8,DEF,94,0,0,,,,,0,0,0,0,0,0,0,0,0,1.19,1.346,1797.77,1.566,1724.66,False,0,0,,0,0,,,,,,,,0,0,0
116,8,DEF,94,1.33333,1,0.015,0.01,0.035,0.0233333,3.66667,2,0.333333,0.22,54.6667,34.2,3.66667,2.2,1,1.19,1.346,1797.77,1.566,1724.66,False,0.25,0.4,,0,0,,,,,,,,0,0,0
117,8,DEF,94,0,0,,,,,0,0,0,0,0,0,0,0,0,1.19,1.346,1797.77,1.566,1724.66,False,0,0,,0,0,,,,,,,,0,0,0
118,8,DEF,94,0,0,,,,,0,0,0,0,0,0,0,0,0,1.19,1.346,1797.77,1.566,1724.66,False,0,0,,0,0,,,,,,,,0,0,0
119,8,MID,1,3.66667,4.6,0.0633333,0.304,0.0966667,0.224,11.6667,15,5.46667,7.98,78.3333,83,2.33333,2,3.43511,2.182,1.398,1802.18,1.048,1987.68,False,0.575,1,,,,26.0667,17,0.666667,4,,,,0,0,0
120,8,MID,94,2.33333,2.8,0.0233333,0.326,0.106667,0.07,11,9.6,3.96667,4.7,90,89.8,5.33333,4.8,2.77489,1.19,1.346,1797.77,1.566,1724.66,False,0.4,1,,,,17.4333,14,0.333333,4,,,,0,0,0
121,8,MID,94,4,2.8,0.0633333,0.0475,0.0966667,0.14,17,11.4,3.9,3.38,77.6667,64.6,6.66667,4.2,3.03315,1.19,1.346,1797.77,1.566,1724.66,False,0.482759,0.8,,,,10.0333,8,0.333333,1,,,,0,0,0
122,8,MID,94,0,0,,,,,0,0,0,0,0,0,0,0,0,1.19,1.346,1797.77,1.566,1724.66,False,0,0,,,,0,0,,,,,,0,0,0
123,8,MID,94,0.666667,2,0,0.1675,0,0,2,6.4,0.0333333,1.34,1.33333,1.2,0.333333,0.2,2.82843,1.19,1.346,1797.77,1.566,1724.66,False,0.408163,0,,,,0.333333,0,0,0,,,,0,0,0
124,8,MID,94,3,3.6,0,0,0.1,0.068,15.6667,15.8,2.66667,2.86,75.3333,77.2,5,5.8,2.30217,1.19,1.346,1797.77,1.566,1724.66,False,0.72,1,,,,15.1,0,0,0,,,,0,0,0
125,8,MID,94,1,0.6,0.0366667,0.0366667,0.00666667,0.00666667,3,1.8,0.766667,0.46,13.6667,8.2,1.33333,0.8,0.547723,1.19,1.346,1797.77,1.566,1724.66,False,0.122449,0,,,,5.26667,1.33333,0,0.333333,,,,0,0,0
126,8,MID,94,2.33333,1.8,0.045,0.03,0,0.02,8.33333,8.4,1.46667,1.66,7.66667,19,0.333333,2.2,2.48998,1.19,1.346,1797.77,1.566,1724.66,False,0.367347,0.2,,,,0.233333,3,0.5,0.5,,,,0,0,0
127,8,MID,94,0,0,,,,,0,0,0,0,0,0,0,0,0,1.19,1.346,1797.77,1.566,1724.66,False,0,0,,,,0,0,,,,,,0,0,0
128,8,MID,94,0.666667,1.2,0,0,0,0.12,2.33333,4.6,0.2,0.8,8.66667,9,1,0.8,1.64317,1.19,1.346,1797.77,1.566,1724.66,False,0.244898,0,,,,0.433333,0,0,0,,,,0,0,0
129,8,MID,94,3.66667,3.2,0.0366667,0.024,0.0133333,0.032,15.3333,14,2.7,2.7,84,86.4,9.33333,9.4,2.16795,1.19,1.346,1797.77,1.566,1724.66,False,0.64,1,,,,8.83333,2.33333,0,0.333333,,,,0,0,0
130,8,MID,94,0,0,,,,,0,0,0,0,0,0,0,0,0,1.19,1.346,1797.77,1.566,1724.66,False,0,0,,,,0,0,,,,,,0,0,0
131,8,MID,94,0,0,,,,,0,0,0,0,0,0,0,0,0,1.19,1.346,1797.77,1.566,1724.66,False,0,0,,,,0,0,,,,,,0,0,0
132,8,MID,94,0,0,,,,,0,0,0,0,0,0,0,0,0,1.19,1.346,1797.77,1.566,1724.66,False,0,0,,,,0,0,,,,,,0,0,0
133,8,MID,94,0,0,,,,,0,0,0,0,0,0,0,0,0,1.19,1.346,1797.77,1.566,1724.66,False,0,0,,,,0,0,,,,,,0,0,0
134,8,MID,94,0,0,,,,,0,0,0,0,0,0,0,0,0,1.19,1.346,1797.77,1.566,1724.66,False,0,0,,,,0,0,,,,,,0,0,0
135,8,FWD,4,0,0,,,,,0,0,0,0,0,0,0,0,0,1.242,0.798,1878.91,1.372,1832.16,False,0,0,,,,,,,,,,,0,0,0
136,8,FWD,94,5.66667,4.8,0.44,0.288,0.00333333,0.028,24.6667,22,5.6,5.46,73.3333,76.2,4,4.2,4.96991,1.19,1.346,1797.77,1.566,1724.66,False,0.786885,1,,,,,,,,0.44,1.33333,2.33333,0,0,0
137,8,FWD,94,0,0,,,,,0,0,0,0,0,0,0,0,0,1.19,1.346,1797.77,1.566,1724.66,False,0,0,,,,,,,,,,,0,0,0
138,8,GKP,36,0,0,,,,,0,0,0,0,0,0,0,0,0,1.488,1.372,1832.16,0.798,1878.91,False,0,0,0,,,,,,,,,,0,0,0
139,8,GKP,36,1.33333,1.6,0,0,0,0.002,8.66667,10.4,1.7,1.94,90,90,10.3333,11,0.547723,1.488,1.372,1832.16,0.798,1878.91,False,0.363636,1,2.33333,,,,,,,,,,0,0,0
140,8,GKP,36,0,0,,,,,0,0,0,0,0,0,0,0,0,1.488,1.372,1832.16,0.798,1878.91,False,0,0,0,,,,,,,,,,0,0,0
141,8,GKP,36,0,0,,,,,0,0,0,0,0,0,0,0,0,1.488,1.372,1832.16,0.798,1878.91,False,0,0,0,,,,,,,,,,0,0,0
142,8,GKP,36,0,0,,,,,0,0,0,0,0,0,0,0,0,1.488,1.372,1832.16,0.798,1878.91,False,0,0,0,,,,,,,,,,0,0,0
143,8,DEF,36,0,0,,,,,0,0,0,0,0,0,0,0,0,1.488,1.372,1832.16,0.798,1878.91,False,0,0,,0,0,,,,,,,,0,0,0
144,8,DEF,36,0.333333,0.4,0,0,0,0,0,0.6,0.2,0.12,5,3.2,1.33333,0.8,0.547723,1.488,1.372,1832.16,0.798,1878.91,False,0.0930233,0,,0,0,,,,,,,,0,0,0
145,8,DEF,36,3,2.4,0.34,0.17,0.045,0.1125,10,8.8,3.23333,2.4,8.33333,27.6,0,3,3.20936,1.488,1.372,1832.16,0.798,1878.91,False,0.545455,0.4,,0,0.2,,,,,,,,0,0,0
146,8,DEF,36,1.66667,2.4,0.05,0.048,0.00666667,0.008,8.66667,9.2,1.96667,2.36,90,90,11,10.4,1.67332,1.488,1.372,1832.16,0.798,1878.91,False,0.533333,1,,0,0.2,,,,,,,,0,0,0
147,8,DEF,36,0,0,,,,,0,0,0,0,0,0,0,0,0,1.488,1.372,1832.16,0.798,1878.91,False,0,0,,0,0,,,,,,,,0,0,0
148,8,DEF,36,1.66667,1.8,0.0433333,0.0325,0.07,0.0625,10.3333,8.8,3.86667,2.88,88,66,9.33333,8.4,1.48324,1.488,1.372,1832.16,0.798,1878.91,False,0.409091,0.6,,0,0,,,,,,,,0,0,0
149,8,DEF,21,0.333333,0.2,0,0,0,0,1,0.6,0,0,0.333333,0.2,0,0,0.447214,1.072,1.566,1724.66,1.346,1797.77,False,0.0444444,0,,0,0,,,,,,,,0,0,0
150,8,DEF,36,0,0,,,,,0,0,0,0,0,0,0,0,0,1.488,1.372,1832.16,0.798,1878.91,False,0,0,,0,0,,,,,,,,0,0,0
151,8,DEF,36,5,3.8,0.05,0.088,0.02,0.016,14,10.2,4.26667,4.12,90,90,12.6667,12,4.14729,1.488,1.372,1832.16,0.798,1878.91,False,0.863636,1,,0,0.2,,,,,,,,0,0,0
152,8,DEF,36,1,1.4,0,0,0,0.0025,3.33333,5.6,1.43333,1.9,48,64.8,8.66667,9.6,1.51658,1.488,1.372,1832.16,0.798,1878.91,False,0.318182,0.8,,0,0,,,,,,,,0,0,0
153,8,DEF,36,0,0,,,,,0,0,0,0,0,0,0,0,0,1.488,1.372,1832.16,0.798,1878.91,False,0,0,,0,0,,,,,,,,0,0,0
154,8,DEF,36,0,0,,,,,0,0,0,0,0,0,0,0,0,1.488,1.372,1832.16,0.798,1878.91,False,0,0,,0,0,,,,,,,,0,0,0
155,8,DEF,36,0,0,,,,,0,0,0,0,0,0,0,0,0,1.488,1.372,1832.16,0.798,1878.91,False,0,0,,0,0,,,,,,,,0,0,0
156,8,DEF,36,0,0,,,,,0,0,0,0,0,0,0,0,0,1.488,1.372,1832.16,0.798,1878.91,False,0,0,,0,0,,,,,,,,0,0,0
157,8,MID,36,1.33333,3.2,0.045,0.135,0.045,0.04,4.33333,11.6,1.7,3.96,52,67.2,3.33333,3.4,2.77489,1.488,1.372,1832.16,0.798,1878.91,False,0.507937,0.8,,,,4.76667,7.66667,0.5,2,,,,0,0,0
158,8,MID,36,2.66667,2,0.0566667,0.048,0.126667,0.09,7.33333,7.4,3.9,3.56,67.6667,59.6,5.33333,4.2,1.73205,1.488,1.372,1832.16,0.798,1878.91,False,0.350877,0.6,,,,12.6333,11.3333,0.333333,2.33333,,,,0,0,0
159,8,MID,36,0,0,,,,,0,0,0,0,0,0,0,0,0,1.488,1.372,1832.16,0.798,1878.91,False,0,0,,,,0,0,,,,,,0,0,0
160,8,MID,36,5.33333,5.2,0.37,0.29,0.143333,0.122,22.3333,22.6,8.53333,7.86,85,87,7.66667,8.2,2.58844,1.488,1.372,1832.16,0.798,1878.91,False,0.866667,1,,,,31.4333,24,0.333333,6,,,,0,0,0
161,8,MID,36,0,0,,,,,0,0,0,0,0,0,0,0,0,1.488,1.372,1832.16,0.798,1878.91,False,0,0,,,,0,0,,,,,,0,0,0
162,8,MID,36,2.66667,3.4,0.0866667,0.208,0.13,0.08,9,11.2,4.26667,4.28,51.3333,41.2,4.66667,3.6,2.79285,1.488,1.372,1832.16,0.798,1878.91,False,0.62963,0.4,,,,14.9667,16.3333,0.333333,2,,,,0,0,0
163,8,MID,36,0,0.6,,0,,0,0,2.6,0,0.12,0,12.4,0,1.6,0.894427,1.488,1.372,1832.16,0.798,1878.91,False,0.115385,0.4,,,,0,0,,,,,,0,0,0
164,8,MID,36,0,0,,,,,0,0,0,0,0,0,0,0,0,1.488,1.372,1832.16,0.798,1878.91,False,0,0,,,,0,0,,,,,,0,0,0
165,8,MID,36,0,0,,,,,0,0,0,0,0,0,0,0,0,1.488,1.372,1832.16,0.798,1878.91,False,0,0,,,,0,0,,,,,,0,0,0
166,8,MID,36,4,3,0.106667,0.064,0.0733333,0.06,20,16.6,4.83333,3.9,90,77.2,9.66667,8.4,2.82843,1.488,1.372,1832.16,0.798,1878.91,False,0.612245,0.6,,,,18.9667,9,0.666667,1,,,,0,0,0
167,8,MID,36,1,0.8,0.00333333,0.006,0.00333333,0.002,6,4.2,0.666667,0.5,52,47.8,7.66667,6.4,0.83666,1.488,1.372,1832.16,0.798,1878.91,False,0.166667,0.8,,,,1.26667,0.666667,0,0,,,,0,0,0
168,8,MID,8,0,0.2,,0,,0.09,0,0.8,0,0.78,0,9,0,0.6,0.447214,1.368,1.704,1897.49,2.044,1760.24,False,0.0416667,0.2,,,,0,0,,,,,,0,0,0
169,8,MID,36,1.33333,1.2,0.0733333,0.055,0.0266667,0.02,7.66667,7,2.16667,1.38,68.3333,53,6.33333,5,1.09545,1.488,1.372,1832.16,0.798,1878.91,False,0.244898,0.6,,,,5.9,8,0.333333,2,,,,0,0,0
170,8,MID,36,0.666667,1.8,0,0.1975,0.03,0.0225,3.66667,7.6,1.4,2.16,13.3333,27,1.66667,2.6,2.38747,1.488,1.372,1832.16,0.798,1878.91,False,0.36,0.2,,,,10.4667,0,0,0,,,,0,0,0
171,8,MID,36,0,0,,,,,0,0,0,0,0,0,0,0,0,1.488,1.372,1832.16,0.798,1878.91,False,0,0,,,,0,0,,,,,,0,0,0
172,8,MID,36,0,0,,,,,0,0,0,0,0,0,0,0,0,1.488,1.372,1832.16,0.798,1878.91,False,0,0,,,,0,0,,,,,,0,0,0
173,8,MID,36,1.66667,1,0.0366667,0.0366667,0.16,0.16,8,4.8,2.7,1.62,36.3333,21.8,4.33333,2.6,1.22474,1.488,1.372,1832.16,0.798,1878.91,False,0.204082,0.2,,,,13,4,0,1.66667,,,,0,0,0
174,8,MID,36,0,0,,,,,0,0,0,0,0,0,0,0,0,1.488,1.372,1832.16,0.798,1878.91,False,0,0,,,,0,0,,,,,,0,0,0
175,8,MID,36,0,0,,,,,0,0,0,0,0,0,0,0,0,1.488,1.372,1832.16,0.798,1878.91,False,0,0,,,,0,0,,,,,,0,0,0
176,8,MID,36,0,0,,,,,0,0,0,0,0,0,0,0,0,1.488,1.372,1832.16,0.798,1878.91,False,0,0,,,,0,0,,,,,,0,0,0
177,8,MID,36,0,0,,,,,0,0,0,0,0,0,0,0,0,1.488,1.372,1832.16,0.798,1878.91,False,0,0,,,,0,0,,,,,,0,0,0
178,8,FWD,36,4.33333,3.4,0.263333,0.176,0.0266667,0.054,16.3333,12.4,4.9,3.58,42.6667,50.8,1.66667,2.2,4.27785,1.488,1.372,1832.16,0.798,1878.91,False,0.539683,0.6,,,,,,,,0.263333,0.666667,3,0,0,0
179,8,FWD,36,0,0,,,,,0,0,0,0,0,0,0,0,0,1.488,1.372,1832.16,0.798,1878.91,False,0,0,,,,,,,,,,,0,0,0
180,8,FWD,36,1.66667,1.2,0.175,0.116667,0,0,5.66667,3.4,2.3,1.38,8.33333,9.6,0.666667,0.8,1.64317,1.488,1.372,1832.16,0.798,1878.91,False,0.226415,0,,,,,,,,0.175,0,2.5,0,0,0
181,8,FWD,36,0,0,,,,,0,0,0,0,0,0,0,0,0,1.488,1.372,1832.16,0.798,1878.91,False,0,0,,,,,,,,,,,0,0,0
182,8,GKP,43,0,0.4,,0,,0,0,3.6,0,0.82,0,18,0,2.8,0.894427,1.64,1.164,1963.8,1.054,1810.44,False,0.0851064,0.2,0,,,,,,,,,,0,0,0
183,8,GKP,90,0,0,,,,,0,0,0,0,0,0,0,0,0,0.598,2.114,1712.84,0.888,1734.2,False,0,0,0,,,,,,,,,,0,0,0
184,8,GKP,90,0,0,,,,,0,0,0,0,0,0,0,0,0,0.598,2.114,1712.84,0.888,1734.2,False,0,0,0,,,,,,,,,,0,0,0
185,8,GKP,90,0,0,,,,,0,0,0,0,0,0,0,0,0,0.598,2.114,1712.84,0.888,1734.2,False,0,0,0,,,,,,,,,,0,0,0
186,8,DEF,90,0,0,,,,,0,0,0,0,0,0,0,0,0,0.598,2.114,1712.84,0.888,1734.2,False,0,0,,0,0,,,,,,,,0,0,0
187,8,DEF,90,0.666667,0.8,0.0366667,0.022,0.0166667,0.03,-3,-0.8,2.13333,1.86,90,90,12.6667,10.6,1.30384,0.598,2.114,1712.84,0.888,1734.2,False,0.181818,1,,0,0,,,,,,,,0,0,0
188,8,DEF,90,0,0,,,,,0,0,0,0,0,0,0,0,0,0.598,2.114,1712.84,0.888,1734.2,False,0,0,,0,0,,,,,,,,0,0,0
189,8,DEF,90,0,0,,,,,0,0,0,0,0,0,0,0,0,0.598,2.114,1712.84,0.888,1734.2,False,0,0,,0,0,,,,,,,,0,0,0
190,8,DEF,90,0.666667,1.8,0.07,0.0375,0.075,0.0375,-1.33333,3,3,2.98,60,70.4,7,10.2,1.78885,0.598,2.114,1712.84,0.888,1734.2,False,0.45,0.8,,0,0,,,,,,,,0,0,0
191,8,DEF,90,1,1.6,0.0466667,0.028,0.01,0.006,-0.666667,1.2,2.2,2.44,90,90,13.3333,12.8,2.50998,0.598,2.114,1712.84,0.888,1734.2,False,0.4,1,,0,0,,,,,,,,0,0,0
192,8,DEF,90,3,2.8,0.0133333,0.026,0.2,0.122,9.33333,8.8,6.2,5,89,89.4,5.33333,9.4,1.30384,0.598,2.114,1712.84,0.888,1734.2,False,0.7,1,,0,0.4,,,,,,,,0,0,0
193,8,DEF,90,0,0,0,0,0,0,-1.66667,-1,0,0,0.666667,0.4,0,0,0,0.598,2.114,1712.84,0.888,1734.2,False,0,0,,0,0,,,,,,,,0,0,0
194,8,DEF,90,0,0,,,,,0,0,0,0,0,0,0,0,0,0.598,2.114,1712.84,0.888,1734.2,False,0,0,,0,0,,,,,,,,0,0,0
195,8,DEF,90,0,0,,,,,0,0,0,0,0,0,0,0,0,0.598,2.114,1712.84,0.888,1734.2,False,0,0,,0,0,,,,,,,,0,0,0
196,8,DEF,90,0,0,,,,,0,0,0,0,0,0,0,0,0,0.598,2.114,1712.84,0.888,1734.2,False,0,0,,0,0,,,,,,,,0,0,0
197,8,DEF,90,0,0.2,,0,,0,0,0.2,0,0.06,0,1.6,0,0.4,0.447214,0.598,2.114,1712.84,0.888,1734.2,False,0.0512821,0,,0,0,,,,,,,,0,0,0
198,8,DEF,90,0.333333,0.2,0,0,0.01,0.01,2,1.2,0.633333,0.38,30,18,3.66667,2.2,0.447214,0.598,2.114,1712.84,0.888,1734.2,False,0.0512821,0.2,,0,0,,,,,,,,0,0,0
199,8,DEF,90,0.333333,0.6,0,0,0,0,1,0.6,0.0333333,0.12,0.333333,2.4,0,0.8,0.547723,0.598,2.114,1712.84,0.888,1734.2,False,0.153846,0,,0,0,,,,,,,,0,0,0
200,8,MID,90,5.66667,5.2,0.153333,0.19,0.0766667,0.048,23,19.2,8,6.56,78.3333,82.6,7.66667,8,3.42053,0.598,2.114,1712.84,0.888,1734.2,False,0.912281,1,,,,19.4333,26,1.33333,4.66667,,,,0,0,0
201,8,MID,90,0,0,,,,,0,0,0,0,0,0,0,0,0,0.598,2.114,1712.84,0.888,1734.2,False,0,0,,,,0,0,,,,,,0,0,0
202,8,MID,90,0.666667,1.4,0,0.01,0,0.106667,0.333333,4.6,0.1,1.34,19.6667,28,0.666667,1.8,2.07364,0.598,2.114,1712.84,0.888,1734.2,False,0.264151,0.2,,,,0.7,0,0,0,,,,0,0,0
203,8,MID,90,0,0,,,,,0,0,0,0,0,0,0,0,0,0.598,2.114,1712.84,0.888,1734.2,False,0,0,,,,0,0,,,,,,0,0,0
204,8,MID,90,0,0,,,,,0,0,0,0,0,0,0,0,0,0.598,2.114,1712.84,0.888,1734.2,False,0,0,,,,0,0,,,,,,0,0,0
205,8,MID,90,4.66667,3.8,0.0233333,0.014,0.0233333,0.024,20.3333,16,3.36667,2.76,86,82,15.3333,13.4,1.48324,0.598,2.114,1712.84,0.888,1734.2,False,0.76,1,,,,8.73333,2.33333,0.333333,0,,,,0,0,0
206,8,MID,90,0,0,,,,,0,0,0,0,0,0,0,0,0,0.598,2.114,1712.84,0.888,1734.2,False,0,0,,,,0,0,,,,,,0,0,0
207,8,MID,90,0.666667,1,0,0.0275,0.04,0.02,3,2.8,0.566667,0.6,3.66667,20.4,0.333333,1.2,0.707107,0.598,2.114,1712.84,0.888,1734.2,False,0.204082,0.2,,,,4.7,0,0,0,,,,0,0,0
208,8,MID,90,0,0,,,,,0,0,0,0,0,0,0,0,0,0.598,2.114,1712.84,0.888,1734.2,False,0,0,,,,0,0,,,,,,0,0,0
209,8,MID,90,2,1.6,0.0133333,0.01,0.00333333,0.002,11,7.6,1.36667,1.08,87,73,6.66667,6,0.894427,0.598,2.114,1712.84,0.888,1734.2,False,0.326531,0.8,,,,2.96667,3,0,1,,,,0,0,0
210,8,MID,90,1.66667,2.2,0.0366667,0.048,0.0366667,0.024,5,6.6,1.06667,1.4,66.3333,57.2,3.33333,2.8,0.83666,0.598,2.114,1712.84,0.888,1734.2,False,0.44898,0.8,,,,4.13333,4.33333,0,1,,,,0,0,0
211,8,MID,90,0,0,,,,,0,0,0,0,0,0,0,0,0,0.598,2.114,1712.84,0.888,1734.2,False,0,0,,,,0,0,,,,,,0,0,0
212,8,MID,90,0,0,,,,,0,0,0,0,0,0,0,0,0,0.598,2.114,1712.84,0.888,1734.2,False,0,0,,,,0,0,,,,,,0,0,0
213,8,MID,90,0,0,,,,,0,0,0,0,0,0,0,0,0,0.598,2.114,1712.84,0.888,1734.2,False,0,0,,,,0,0,,,,,,0,0,0
214,8,MID,90,0,0,,,,,0,0,0,0,0,0,0,0,0,0.598,2.114,1712.84,0.888,1734.2,False,0,0,,,,0,0,,,,,,0,0,0
215,8,FWD,90,0.666667,0.4,0.06,0.06,0,0,1.66667,1,0.2,0.12,4,2.4,0.333333,0.2,0.547723,0.598,2.114,1712.84,0.888,1734.2,False,0.0754717,0,,,,,,,,0.06,0,0.5,0,0,0
216,8,FWD,90,0,0,,,,,0,0,0,0,0,0,0,0,0,0.598,2.114,1712.84,0.888,1734.2,False,0,0,,,,,,,,,,,0,0,0
217,8,FWD,90,3,3.4,0.0666667,0.142,0.06,0.036,10.3333,13.8,2.83333,3.3,77.3333,81.4,2.66667,4.6,2.40832,0.598,2.114,1712.84,0.888,1734.2,False,0.68,1,,,,,,,,0.0666667,0,2.66667,0,0,0
218,8,FWD,90,0,0,,,,,0,0,0,0,0,0,0,0,0,0.598,2.114,1712.84,0.888,1734.2,False,0,0,,,,,,,,,,,0,0,0
219,8,FWD,90,0,0,,,,,0,0,0,0,0,0,0,0,0,0.598,2.114,1712.84,0.888,1734.2,False,0,0,,,,,,,,,,,0,0,0
220,8,GKP,8,0,1.6,0,0,0,0,-0.666667,5.4,1.36667,1.44,61.3333,72.8,7.66667,7.8,3.20936,1.368,1.704,1897.49,2.044,1760.24,False,0.326531,1,0.666667,,,,,,,,,,0,0,0
221,8,GKP,8,0.333333,0.2,0,0,0,0,1.33333,0.8,0.3,0.18,28,16.8,2.33333,1.4,0.447214,1.368,1.704,1897.49,2.044,1760.24,False,0.0454545,0,0.333333,,,,,,,,,,0,0,0
222,8,GKP,8,0,0,,,,,0,0,0,0,0,0,0,0,0,1.368,1.704,1897.49,2.044,1760.24,False,0,0,0,,,,,,,,,,0,0,0
223,8,GKP,8,0,0,,,,,0,0,0,0,0,0,0,0,0,1.368,1.704,1897.49,2.044,1760.24,False,0,0,0,,,,,,,,,,0,0,0
224,8,DEF,8,2.33333,2.8,0.0233333,0.026,0.21,0.136,9.33333,13,3.93333,4.56,81,75.6,8.33333,8.8,3.42053,1.368,1.704,1897.49,2.044,1760.24,False,0.459016,0.8,,0.2,0.2,,,,,,,,0,0,0
225,8,DEF,8,3.66667,2.6,0.0166667,0.026,0.173333,0.108,14.3333,11,5.26667,3.62,90,64.8,10.6667,7.2,1.51658,1.368,1.704,1897.49,2.044,1760.24,False,0.481481,0.6,,0,0.4,,,,,,,,0,0,0
226,8,DEF,8,1.66667,4.2,0.1,0.0875,0.005,0.1275,3.33333,13,2.56667,3.64,47.3333,64.4,5,9.6,6.37966,1.368,1.704,1897.49,2.044,1760.24,False,0.823529,0.8,,0.2,0.4,,,,,,,,0,0,0
227,8,DEF,8,0,0,,,,,0,0,0,0,0,0,0,0,0,1.368,1.704,1897.49,2.044,1760.24,False,0,0,,0,0,,,,,,,,0,0,0
228,8,DEF,8,2,2.4,0.00666667,0.005,0.02,0.0275,5.66667,9.4,1.9,1.8,47.6667,46.6,6.33333,6.2,2.88097,1.368,1.704,1897.49,2.044,1760.24,False,0.489796,0.4,,0.2,0.2,,,,,,,,0,0,0
229,8,DEF,8,0,0,0,0,0.01,0.01,1,0.6,0.6,0.36,21.6667,13,3,1.8,0.707107,1.368,1.704,1897.49,2.044,1760.24,False,0,0.2,,0,0,,,,,,,,0,0,0
230,8,DEF,8,0.333333,0.4,0,0,0,0.005,2,2.6,0.633333,0.56,21,21.6,3.33333,2.6,0.547723,1.368,1.704,1897.49,2.044,1760.24,False,0.0909091,0.4,,0,0,,,,,,,,0,0,0
231,8,DEF,8,0,0,,,,,0,0,0,0,0,0,0,0,0,1.368,1.704,1897.49,2.044,1760.24,False,0,0,,0,0,,,,,,,,0,0,0
232,8,DEF,8,0,1.8,0.05,0.0166667,0.01,0.0133333,1,7.4,1.03333,1.78,27.6667,52.6,4.66667,7.6,3.49285,1.368,1.704,1897.49,2.044,1760.24,False,0.409091,0.4,,0.2,0,,,,,,,,0,0,0
233,8,DEF,8,0.666667,0.4,0,0,0,0,-2.33333,-1.4,0.0666667,0.04,34.3333,20.6,3,1.8,0.894427,1.368,1.704,1897.49,2.044,1760.24,False,0.102564,0.2,,0,0,,,,,,,,0,0,0
234,8,DEF,8,0,0,,,,,0,0,0,0,0,0,0,0,0,1.368,1.704,1897.49,2.044,1760.24,False,0,0,,0,0,,,,,,,,0,0,0
235,8,MID,8,0.333333,1.6,0,0.315,0,0.045,1,5.2,0,1.68,6.66667,10.8,0,0.4,3.04959,1.368,1.704,1897.49,2.044,1760.24,False,0.15534,0.2,,,,0,0,0,0,,,,0,0,0
236,8,MID,8,1.66667,2,0.0266667,0.04,0.0166667,0.086,5,8,1.4,3.06,52.6667,65.6,2.33333,3.4,0.707107,1.368,1.704,1897.49,2.044,1760.24,False,0.285714,1,,,,6.56667,5.33333,0,1.33333,,,,0,0,0
237,8,MID,8,4,5.6,0.61,0.546,0.03,0.078,15.6667,20.8,6.4,7.74,90,90,7,8,4.72229,1.368,1.704,1897.49,2.044,1760.24,False,0.835821,1,,,,15.2,26.3333,1,3,,,,0,0,0
238,8,MID,8,4,3,0.2,0.24,0.0633333,0.0625,14.3333,9.4,5.46667,4.36,27.6667,30,4,3,3.08221,1.368,1.704,1897.49,2.044,1760.24,False,0.461538,0.6,,,,12.2667,23.6667,0.666667,2.66667,,,,0,0,0
239,8,MID,8,0.333333,0.6,0.02,0.02,0.04,0.0233333,1.66667,2.4,0.8,1.18,5,18.4,0.666667,1,0.547723,1.368,1.704,1897.49,2.044,1760.24,False,0.0967742,0.2,,,,0.3,4.33333,1,3,,,,0,0,0
240,8,MID,8,0,0,,,,,0,0,0,0,0,0,0,0,0,1.368,1.704,1897.49,2.044,1760.24,False,0,0,,,,0,0,,,,,,0,0,0
241,8,MID,8,5.33333,6.4,0.04,0.05,0.0266667,0.036,25.6667,26.6,4.53333,4.9,90,90,12.3333,15.4,4.3359,1.368,1.704,1897.49,2.044,1760.24,False,1.08475,1,,,,10.3,6.66667,0.666667,0.333333,,,,0,0,0
242,8,MID,11,0.666667,3.2,0.16,0.11,0.06,0.2425,5.33333,15.2,2.96667,5.14,60,72,5,5.8,4.96991,1.494,1.054,1810.44,1.164,1963.8,False,0.64,0.8,,,,15.5,10,0,5,,,,0,0,0
243,8,MID,8,0,0.6,0,0.0833333,0.01,0.0266667,-2.33333,-0.4,0,1.34,8.66667,27.4,0,0.4,1.34164,1.368,1.704,1897.49,2.044,1760.24,False,0.122449,0,,,,0.266667,0,0,0,,,,0,0,0
244,8,MID,8,0.666667,0.4,0,0,0.015,0.015,3.33333,2,0.433333,0.26,15.3333,9.2,2.66667,1.6,0.547723,1.368,1.704,1897.49,2.044,1760.24,False,0.0816327,0,,,,1.1,0,0,0,,,,0,0,0
245,8,MID,8,0,0,,,,,0,0,0,0,0,0,0,0,0,1.368,1.704,1897.49,2.044,1760.24,False,0,0,,,,0,0,,,,,,0,0,0
246,8,MID,8,1,0.6,0.05,0.0333333,0.015,0.0133333,7.66667,5,1.43333,1.16,40.6667,26.2,3.66667,2.6,0.894427,1.368,1.704,1897.49,2.044,1760.24,False,0.133333,0.2,,,,6.86667,2.33333,0,1,,,,0,0,0
247,8,MID,8,0,0,,,,,0,0,0,0,0,0,0,0,0,1.368,1.704,1897.49,2.044,1760.24,False,0,0,,,,0,0,,,,,,0,0,0
248,8,MID,8,0,0,,,,,0,0,0,0,0,0,0,0,0,1.368,1.704,1897.49,2.044,1760.24,False,0,0,,,,0,0,,,,,,0,0,0
249,8,FWD,8,2,4.4,0.01,0.168,0.02,0.02,5.66667,17.6,2.46667,4.76,84.3333,84.2,3.33333,4.6,3.36155,1.368,1.704,1897.49,2.044,1760.24,False,0.586667,1,,,,,,,,0.01,0,1.66667,0,0,0
250,8,FWD,8,0,0.2,,0.09,,0,0,0.2,0,0,0,2.6,0,0,0.447214,1.368,1.704,1897.49,2.044,1760.24,False,0.0322581,0.2,,,,,,,,,,,0,0,0
251,8,FWD,8,0,0,,,,,0,0,0,0,0,0,0,0,0,1.368,1.704,1897.49,2.044,1760.24,False,0,0,,,,,,,,,,,0,0,0
252,8,FWD,8,0.333333,0.4,0.03,0.015,0,0,0.333333,0.8,0.0333333,0.04,5.33333,3.8,0,0.2,0.547723,1.368,1.704,1897.49,2.044,1760.24,False,0.0930233,0,,,,,,,,0.03,0,1,0,0,0
253,8,GKP,31,2,3.8,0,0,0.01,0.006,14.3333,19.2,2.76667,2.36,90,90,11.3333,10,2.58844,2.236,1.266,1861.45,0.734,1835.79,False,0.76,1,3.33333,,,,,,,,,,0,0,0
254,8,GKP,31,0,0,,,,,0,0,0,0,0,0,0,0,0,2.236,1.266,1861.45,0.734,1835.79,False,0,0,0,,,,,,,,,,0,0,0
255,8,GKP,31,0,0,,,,,0,0,0,0,0,0,0,0,0,2.236,1.266,1861.45,0.734,1835.79,False,0,0,0,,,,,,,,,,0,0,0
256,8,DEF,31,4,5.2,0.223333,0.158,0.05,0.17,13,19.4,6.6,6.06,90,90,13.6667,13.2,3.27109,2.236,1.266,1861.45,0.734,1835.79,False,0.896552,1,,0.4,0.2,,,,,,,,0,0,0
257,8,DEF,31,3,5.2,0.0666667,0.04,0.00666667,0.032,8.33333,18.8,2.66667,3.02,90,90,12,11,3.56371,2.236,1.266,1861.45,0.734,1835.79,False,1.01961,1,,0.4,0.2,,,,,,,,0,0,0
258,8,DEF,31,4.33333,5,0.116667,0.07,0.0766667,0.076,15.3333,20.6,6.73333,5.78,90,90,12.6667,12.6,2.64575,2.236,1.266,1861.45,0.734,1835.79,False,1,1,,0.4,0.2,,,,,,,,0,0,0
259,8,DEF,31,0,0,,,,,0,0,0,0,0,0,0,0,0,2.236,1.266,1861.45,0.734,1835.79,False,0,0,,0,0,,,,,,,,0,0,0
260,8,DEF,31,5.66667,7.6,0.133333,0.096,0.11,0.07,17.6667,25.2,4.96667,5.1,90,90,13.3333,13.2,4.44972,2.236,1.266,1861.45,0.734,1835.79,False,1.55102,1,,0.4,0.6,,,,,,,,0,0,0
261,8,DEF,31,3.66667,5,0.0266667,0.054,0.18,0.114,12.6667,19.6,3.36667,3.6,90,90,14,12.6,2,2.236,1.266,1861.45,0.734,1835.79,False,1.11111,1,,0.4,0,,,,,,,,0,0,0
262,8,DEF,31,0,0,,,,,0,0,0,0,0,0,0,0,0,2.236,1.266,1861.45,0.734,1835.79,False,0,0,,0,0,,,,,,,,0,0,0
263,8,DEF,31,0,0.2,,0,,0,0,1,0,0.08,0,0.8,0,0.4,0.447214,2.236,1.266,1861.45,0.734,1835.79,False,0.0512821,0,,0,0,,,,,,,,0,0,0
264,8,DEF,31,0,0,,,,,0,0,0,0,0,0,0,0,0,2.236,1.266,1861.45,0.734,1835.79,False,0,0,,0,0,,,,,,,,0,0,0
265,8,DEF,31,0,0,,,,,0,0,0,0,0,0,0,0,0,2.236,1.266,1861.45,0.734,1835.79,False,0,0,,0,0,,,,,,,,0,0,0
266,8,MID,3,4,3.8,0.34,0.216,0.123333,0.168,16.3333,14.4,6.13333,4.78,71,62.2,5,3.6,2.28035,1.606,0.538,2018.12,1.194,1780.81,False,0.5,0.6,,,,13.5,34.3333,1.33333,5,,,,0,0,0
267,8,MID,31,6,5,0.465,0.786667,0.11,0.0733333,18.3333,14.2,5.83333,5.1,54,50.4,3,3.4,4.84768,2.236,1.266,1861.45,0.734,1835.79,False,0.769231,0.6,,,,14.9667,20.3333,1,5,,,,0,0,0
268,8,MID,31,0,0,,,,,0,0,0,0,0,0,0,0,0,2.236,1.266,1861.45,0.734,1835.79,False,0,0,,,,0,0,,,,,,0,0,0
269,8,MID,31,0,0,,,,,0,0,0,0,0,0,0,0,0,2.236,1.266,1861.45,0.734,1835.79,False,0,0,,,,0,0,,,,,,0,0,0
270,8,MID,31,1,1.6,0,0.0075,0.035,0.075,3.33333,4.6,0.7,1.32,30.6667,50.4,2,3.8,1.14018,2.236,1.266,1861.45,0.734,1835.79,False,0.326531,0.6,,,,1.2,2,0,1.5,,,,0,0,0
271,8,MID,31,3.66667,4,0.106667,0.078,0.0933333,0.134,16.6667,18.2,3.83333,3.6,87,87.2,10.3333,8.2,1.58114,2.236,1.266,1861.45,0.734,1835.79,False,0.8,1,,,,18.8,6,0,1.66667,,,,0,0,0
272,8,MID,31,0.666667,1.2,0.0433333,0.104,0.00666667,0.008,4.66667,4,1.53333,1.54,16.3333,30.2,4,3.8,1.09545,2.236,1.266,1861.45,0.734,1835.79,False,0.244898,0.2,,,,3.63333,7.66667,0.333333,0.666667,,,,0,0,0
273,8,MID,31,4.33333,2.8,0.0366667,0.0275,0.396667,0.3,21.6667,14.8,5.46667,3.46,75,56,7.66667,5.6,2.68328,2.236,1.266,1861.45,0.734,1835.79,False,0.56,0.8,,,,40.0333,3,0,0.666667,,,,0,0,0
274,8,MID,31,0,0,,,,,0,0,0,0,0,0,0,0,0,2.236,1.266,1861.45,0.734,1835.79,False,0,0,,,,0,0,,,,,,0,0,0
275,8,MID,31,0,0,,,,,0,0,0,0,0,0,0,0,0,2.236,1.266,1861.45,0.734,1835.79,False,0,0,,,,0,0,,,,,,0,0,0
276,8,MID,31,1,1,0.126667,0.076,0.0133333,0.032,2.66667,3.2,1.6,1.68,16,14.8,2.33333,1.8,0,2.236,1.266,1861.45,0.734,1835.79,False,0.227273,0,,,,1.76667,14,0.333333,1,,,,0,0,0
277,8,MID,31,0,0,,,,,0,0,0,0,0,0,0,0,0,2.236,1.266,1861.45,0.734,1835.79,False,0,0,,,,0,0,,,,,,0,0,0
278,8,MID,31,0,0,,,,,0,0,0,0,0,0,0,0,0,2.236,1.266,1861.45,0.734,1835.79,False,0,0,,,,0,0,,,,,,0,0,0
279,8,MID,31,0,0,,,,,0,0,0,0,0,0,0,0,0,2.236,1.266,1861.45,0.734,1835.79,False,0,0,,,,0,0,,,,,,0,0,0
280,8,MID,31,0,0,,,,,0,0,0,0,0,0,0,0,0,2.236,1.266,1861.45,0.734,1835.79,False,0,0,,,,0,0,,,,,,0,0,0
281,8,MID,31,0,0,,,,,0,0,0,0,0,0,0,0,0,2.236,1.266,1861.45,0.734,1835.79,False,0,0,,,,0,0,,,,,,0,0,0
282,8,MID,31,0,0,,,,,0,0,0,0,0,0,0,0,0,2.236,1.266,1861.45,0.734,1835.79,False,0,0,,,,0,0,,,,,,0,0,0
283,8,FWD,31,3.33333,3.4,0.75,0.726,0.0333333,0.088,11,11.8,6,6.1,83,84.6,4,5.2,1.94936,2.236,1.266,1861.45,0.734,1835.79,False,0.447368,1,,,,,,,,0.75,1.66667,3.33333,0,0,0
284,8,FWD,31,2,1.2,0.203333,0.203333,0,0,10,6,2.83333,1.7,16.6667,10,1,0.6,1.64317,2.236,1.266,1861.45,0.734,1835.79,False,0.222222,0,,,,,,,,0.203333,0.333333,1.66667,0,0,0
285,8,FWD,31,0,0,,,,,0,0,0,0,0,0,0,0,0,2.236,1.266,1861.45,0.734,1835.79,False,0,0,,,,,,,,,,,0,0,0
286,8,FWD,31,0,0,,,,,0,0,0,0,0,0,0,0,0,2.236,1.266,1861.45,0.734,1835.79,False,0,0,,,,,,,,,,,0,0,0
287,8,GKP,11,2,2.6,0,0,0.01,0.008,11.3333,12.6,2.63333,2.06,90,90,8.33333,9.2,2.07364,1.494,1.054,1810.44,1.164,1963.8,False,0.472727,1,2.66667,,,,,,,,,,0,0,0
288,8,GKP,11,0,0,,,,,0,0,0,0,0,0,0,0,0,1.494,1.054,1810.44,1.164,1963.8,False,0,0,0,,,,,,,,,,0,0,0
289,8,GKP,11,0,0,,,,,0,0,0,0,0,0,0,0,0,1.494,1.054,1810.44,1.164,1963.8,False,0,0,0,,,,,,,,,,0,0,0
290,8,DEF,11,0,0,,,,,0,0,0,0,0,0,0,0,0,1.494,1.054,1810.44,1.164,1963.8,False,0,0,,0,0,,,,,,,,0,0,0
291,8,DEF,11,3,4,0,0,0.116667,0.078,14.6667,15.2,4.63333,4.18,90,90,14.3333,14.4,2.64575,1.494,1.054,1810.44,1.164,1963.8,False,0.727273,1,,0.2,0,,,,,,,,0,0,0
292,8,DEF,11,2,1.4,0.00666667,0.005,0.0766667,0.075,6.66667,4.6,3.16667,2.2,88.3333,71,11.3333,9,1.51658,1.494,1.054,1810.44,1.164,1963.8,False,0.285714,0.8,,0,0,,,,,,,,0,0,0
293,8,DEF,11,2.66667,3,0.04,0.048,0.0333333,0.034,11,11.2,3.46667,3.42,90,90,8.66667,9,2.34521,1.494,1.054,1810.44,1.164,1963.8,False,0.6,1,,0.2,0,,,,,,,,0,0,0
294,8,DEF,11,0.333333,0.4,0,0,0,0,1.33333,1.4,0,0,0.333333,0.4,0,0,0.547723,1.494,1.054,1810.44,1.164,1963.8,False,0.0930233,0,,0,0,,,,,,,,0,0,0
295,8,DEF,11,5.33333,5,0.08,0.158,0.00666667,0.012,14.3333,13.8,4.43333,4.28,81.3333,84.8,14.3333,13.4,3.80789,1.494,1.054,1810.44,1.164,1963.8,False,1.11111,1,,0.2,0.2,,,,,,,,0,0,0
296,8,DEF,11,0,0,,,,,0,0,0,0,0,0,0,0,0,1.494,1.054,1810.44,1.164,1963.8,False,0,0,,0,0,,,,,,,,0,0,0
297,8,DEF,11,0,0,,,,,0,0,0,0,0,0,0,0,0,1.494,1.054,1810.44,1.164,1963.8,False,0,0,,0,0,,,,,,,,0,0,0
298,8,DEF,11,0,0,,,,,0,0,0,0,0,0,0,0,0,1.494,1.054,1810.44,1.164,1963.8,False,0,0,,0,0,,,,,,,,0,0,0
299,8,MID,11,5,5.4,0.283333,0.286,0.263333,0.206,21,20.4,6.96667,7.06,85,87,8.66667,9.6,2.07364,1.494,1.054,1810.44,1.164,1963.8,False,0.830769,1,,,,25.1333,15.3333,0.666667,2.66667,,,,0,0,0
300,8,MID,11,0,0,,,,,0,0,0,0,0,0,0,0,0,1.494,1.054,1810.44,1.164,1963.8,False,0,0,,,,0,0,,,,,,0,0,0
301,8,MID,11,0.666667,0.6,0.1,0.0666667,0.01,0.00666667,3,2.8,1.5,0.94,16.3333,10.2,2.33333,1.8,0.547723,1.494,1.054,1810.44,1.164,1963.8,False,0.115385,0,,,,5.4,6.66667,0.5,1,,,,0,0,0
302,8,MID,11,4.66667,3.8,0.1,0.14,0.0533333,0.044,19.6667,18.4,4.36667,3.44,90,87,9.33333,9.4,3.49285,1.494,1.054,1810.44,1.164,1963.8,False,0.703704,1,,,,7.76667,13.6667,0.666667,1.33333,,,,0,0,0
303,8,MID,11,4,4.2,0.106667,0.08,0.103333,0.128,22.3333,23.2,6.3,5.88,90,90,12,11.4,2.16795,1.494,1.054,1810.44,1.164,1963.8,False,0.84,1,,,,20.0333,18.6667,1,1.66667,,,,0,0,0
304,8,MID,11,1.33333,1.4,0,0.0233333,0,0,4.66667,4.4,0.166667,0.44,8.33333,20.8,0.666667,2,1.67332,1.494,1.054,1810.44,1.164,1963.8,False,0.285714,0.2,,,,0.166667,0.666667,0,1,,,,0,0,0
305,8,MID,11,0,0,,,,,0,0,0,0,0,0,0,0,0,1.494,1.054,1810.44,1.164,1963.8,False,0,0,,,,0,0,,,,,,0,0,0
306,8,MID,11,0,0,,,,,0,0,0,0,0,0,0,0,0,1.494,1.054,1810.44,1.164,1963.8,False,0,0,,,,0,0,,,,,,0,0,0
307,8,MID,11,0,0,,,,,0,0,0,0,0,0,0,0,0,1.494,1.054,1810.44,1.164,1963.8,False,0,0,,,,0,0,,,,,,0,0,0
308,8,MID,11,0,0,,,,,0,0,0,0,0,0,0,0,0,1.494,1.054,1810.44,1.164,1963.8,False,0,0,,,,0,0,,,,,,0,0,0
309,8,MID,11,0,0,,,,,0,0,0,0,0,0,0,0,0,1.494,1.054,1810.44,1.164,1963.8,False,0,0,,,,0,0,,,,,,0,0,0
310,8,FWD,11,1,1,0,0.022,0,0.002,0.666667,1.2,0.633333,0.8,37,28,1.66667,1.4,0,1.494,1.054,1810.44,1.164,1963.8,False,0.175439,0.2,,,,,,,,0,0,0,0,0,0
311,8,FWD,11,1.33333,2.6,0.246667,0.468,0.00333333,0.018,1,6.4,3.2,4.12,52.6667,61.4,3,2.2,2.50998,1.494,1.054,1810.44,1.164,1963.8,False,0.490566,0.8,,,,,,,,0.246667,0.666667,3,0,0,0
312,8,FWD,11,0,0,,,,,0,0,0,0,0,0,0,0,0,1.494,1.054,1810.44,1.164,1963.8,False,0,0,,,,,,,,,,,0,0,0
313,8,FWD,11,0,0,,,,,0,0,0,0,0,0,0,0,0,1.494,1.054,1810.44,1.164,1963.8,False,0,0,,,,,,,,,,,0,0,0
314,8,GKP,54,1.33333,2.8,0,0,0,0,4.33333,10.6,1.7,2.08,90,90,9,9.8,2.94958,0.936,1.194,1780.81,0.538,2018.12,False,0.56,1,2,,,,,,,,,,0,0,0
315,8,GKP,54,0,0,,,,,0,0,0,0,0,0,0,0,0,0.936,1.194,1780.81,0.538,2018.12,False,0,0,0,,,,,,,,,,0,0,0
316,8,DEF,54,0.333333,0.4,0,0,0.02,0.03,1,1.4,0.1,0.32,3.33333,6.6,0,0.4,0.547723,0.936,1.194,1780.81,0.538,2018.12,False,0.08,0,,0,0,,,,,,,,0,0,0
317,8,DEF,54,3.33333,4.6,0.0733333,0.086,0.00666667,0.018,9.66667,14.8,3.36667,3.46,90,90,17,16.8,3.04959,0.936,1.194,1780.81,0.538,2018.12,False,1.02222,1,,0.2,0,,,,,,,,0,0,0
318,8,DEF,54,1.66667,3,0.00333333,0.002,0.00333333,0.01,5.33333,11.4,2.6,2.4,90,90,11.3333,11.2,3.67423,0.936,1.194,1780.81,0.538,2018.12,False,0.666667,1,,0.2,0,,,,,,,,0,0,0
319,8,DEF,54,1.33333,0.8,0.02,0.04,0.025,0.0266667,5.33333,2.2,2.56667,2.1,60,47.8,10,7.2,1.30384,0.936,1.194,1780.81,0.538,2018.12,False,0.181818,0.6,,0,0,,,,,,,,0,0,0
320,8,DEF,54,0.666667,0.4,0,0,0.01,0.01,1.66667,1,0.633333,0.38,28.3333,17,5.33333,3.2,0.894427,0.936,1.194,1780.81,0.538,2018.12,False,0.0909091,0.2,,0,0,,,,,,,,0,0,0
321,8,DEF,54,0.333333,0.2,0,0,0,0,2,1.2,0.166667,0.1,1.33333,0.8,1.33333,0.8,0.447214,0.936,1.194,1780.81,0.538,2018.12,False,0.0454545,0,,0,0,,,,,,,,0,0,0
322,8,DEF,54,0.666667,2.2,0,0.0233333,0.02,0.0166667,3.66667,8.8,1.23333,1.64,30,54,4,6.6,2.48998,0.936,1.194,1780.81,0.538,2018.12,False,0.488889,0.6,,0.2,0,,,,,,,,0,0,0
323,8,DEF,54,0,0,,,,,0,0,0,0,0,0,0,0,0,0.936,1.194,1780.81,0.538,2018.12,False,0,0,,0,0,,,,,,,,0,0,0
324,8,MID,54,5.66667,4.2,0.0966667,0.064,0.166667,0.114,23,15.8,6.33333,4.22,76,77.2,5,5.6,4.96991,0.936,1.194,1780.81,0.538,2018.12,False,0.646154,1,,,,28.1667,10,0.666667,0.333333,,,,0,0,0
325,8,MID,54,1,1,0,0,0.00666667,0.01,3.33333,3.2,0.333333,0.64,13,18.4,1,0.8,0,0.936,1.194,1780.81,0.538,2018.12,False,0.175439,0,,,,1.86667,0,0,0,,,,0,0,0
326,8,MID,54,1,1,0,0.01,0.21,0.125,4,3.4,1.66667,1.58,27.6667,23.8,1.33333,1.2,0.707107,0.936,1.194,1780.81,0.538,2018.12,False,0.192308,0,,,,11.4,2,0,1.5,,,,0,0,0
327,8,MID,54,0,0,,,,,0,0,0,0,0,0,0,0,0,0.936,1.194,1780.81,0.538,2018.12,False,0,0,,,,0,0,,,,,,0,0,0
328,8,MID,54,5.33333,4.2,0.15,0.09,0.0866667,0.096,23.6667,17.2,5.73333,4.56,86.3333,83,10,10,2.94958,0.936,1.194,1780.81,0.538,2018.12,False,0.777778,1,,,,7.9,20,0.666667,5,,,,0,0,0
329,8,MID,54,4.33333,3,0.16,0.126,0.0533333,0.038,17.6667,13.4,5.83333,4.12,76.6667,63.8,7.33333,5,3.4641,0.936,1.194,1780.81,0.538,2018.12,False,0.566038,0.8,,,,20.1333,18.3333,0.666667,2.66667,,,,0,0,0
330,8,MID,54,2,2.4,0,0.082,0.02,0.044,13.3333,14,1.66667,2.26,90,88.6,8.66667,10.2,0.894427,0.936,1.194,1780.81,0.538,2018.12,False,0.489796,1,,,,6.36667,0.666667,0,0.333333,,,,0,0,0
331,8,MID,54,1,0.8,0.125,0.0833333,0.035,0.0233333,5,3.6,1.2,0.74,26.6667,17.2,1,0.6,0.83666,0.936,1.194,1780.81,0.538,2018.12,False,0.163265,0,,,,6.9,4.33333,0,1.5,,,,0,0,0
332,8,MID,54,2,2.6,0.106667,0.164,0.123333,0.098,10,12.6,3.8,4.18,62.6667,73.6,5.66667,7.2,2.30217,0.936,1.194,1780.81,0.538,2018.12,False,0.52,1,,,,20.2667,7.66667,0.333333,2.33333,,,,0,0,0
333,8,MID,54,0,0,,,,,0,0,0,0,0,0,0,0,0,0.936,1.194,1780.81,0.538,2018.12,False,0,0,,,,0,0,,,,,,0,0,0
334,8,MID,54,0,0,,,,,0,0,0,0,0,0,0,0,0,0.936,1.194,1780.81,0.538,2018.12,False,0,0,,,,0,0,,,,,,0,0,0
335,8,MID,54,1.66667,1.6,0.116667,0.078,0.0166667,0.028,7.33333,7.4,3.03333,2.52,65.3333,64.2,4.33333,4.2,0.894427,0.936,1.194,1780.81,0.538,2018.12,False,0.355556,1,,,,5.36667,20.6667,0.666667,4,,,,0,0,0
336,8,MID,54,0,0,,,,,0,0,0,0,0,0,0,0,0,0.936,1.194,1780.81,0.538,2018.12,False,0,0,,,,0,0,,,,,,0,0,0
337,8,FWD,54,2.33333,1.8,0.03,0.0425,0,0,10.3333,6.6,2.26667,1.58,6.66667,11.4,0.333333,1,2.38747,0.936,1.194,1780.81,0.538,2018.12,False,0.290323,0.2,,,,,,,,0.03,0.5,0.5,0,0,0
338,8,FWD,54,1.66667,1.6,0.12,0.113333,0,0.00333333,4.33333,3.2,2.16667,2.1,26.3333,44,2,2.2,2.07364,0.936,1.194,1780.81,0.538,2018.12,False,0.296296,0.6,,,,,,,,0.12,0,7,0,0,0
339,8,GKP,2,0,0,,,,,0,0,0,0,0,0,0,0,0,1.096,0.888,1734.2,2.114,1712.84,False,0,0,0,,,,,,,,,,0,0,0
340,8,GKP,2,0,0,,,,,0,0,0,0,0,0,0,0,0,1.096,0.888,1734.2,2.114,1712.84,False,0,0,0,,,,,,,,,,0,0,0
341,8,GKP,2,2,1.8,0,0,0.00333333,0.0025,13,10.8,2.63333,1.98,90,72,13.6667,10.8,1.30384,1.096,0.888,1734.2,2.114,1712.84,False,0.45,0.8,3,,,,,,,,,,0,0,0
342,8,DEF,2,3.33333,3.6,0.00666667,0.03,0.03,0.024,7.66667,11.4,2.76667,2.92,86.6667,88,14,14.4,1.51658,1.096,0.888,1734.2,2.114,1712.84,False,0.8,1,,0.2,0.2,,,,,,,,0,0,0
343,8,DEF,2,2.66667,3.2,0.136667,0.082,0.01,0.01,8.33333,12,3.23333,2.5,90,90,12.3333,10.6,1.92354,1.096,0.888,1734.2,2.114,1712.84,False,0.711111,1,,0.2,0,,,,,,,,0,0,0
344,8,DEF,2,0,0,,,,,0,0,0,0,0,0,0,0,0,1.096,0.888,1734.2,2.114,1712.84,False,0,0,,0,0,,,,,,,,0,0,0
345,8,DEF,2,0,0,,,,,0,0,0,0,0,0,0,0,0,1.096,0.888,1734.2,2.114,1712.84,False,0,0,,0,0,,,,,,,,0,0,0
346,8,DEF,2,0,0,,,,,0,0,0,0,0,0,0,0,0,1.096,0.888,1734.2,2.114,1712.84,False,0,0,,0,0,,,,,,,,0,0,0
347,8,DEF,2,2,3,0,0,0.0466667,0.046,3.33333,10,2.36667,2.66,86,85.4,12.6667,10.6,3.67423,1.096,0.888,1734.2,2.114,1712.84,False,0.75,1,,0.2,0,,,,,,,,0,0,0
348,8,DEF,2,3.33333,4.2,0.14,0.084,0.01,0.006,12,15.2,5.13333,3.88,90,90,11,10.8,2.77489,1.096,0.888,1734.2,2.114,1712.84,False,1.02439,1,,0.2,0.2,,,,,,,,0,0,0
349,8,DEF,2,0,0,,,,,0,0,0,0,0,0,0,0,0,1.096,0.888,1734.2,2.114,1712.84,False,0,0,,0,0,,,,,,,,0,0,0
350,8,MID,2,3.66667,3.4,0.203333,0.148,0.0766667,0.114,16,14.8,3.4,3.26,80.6667,69.6,6.33333,6.4,1.81659,1.096,0.888,1734.2,2.114,1712.84,False,0.62963,0.8,,,,10.6,17.6667,0.666667,2,,,,0,0,0
351,8,MID,2,0,0.2,,0.02,,0.025,0,1,0,0.36,0,12,0,0.8,0.447214,1.096,0.888,1734.2,2.114,1712.84,False,0.0384615,0.2,,,,0,0,,,,,,0,0,0
352,8,MID,2,1,1,0.0233333,0.014,0.0266667,0.022,4.33333,5.2,0.933333,0.86,22,23.6,2.33333,2.6,0,1.096,0.888,1734.2,2.114,1712.84,False,0.192308,0,,,,2.9,4.33333,0.333333,0.666667,,,,0,0,0
353,8,MID,2,0,0.4,,0.11,,0.06,0,1.6,0,0.56,0,14,0,0.6,0.547723,1.096,0.888,1734.2,2.114,1712.84,False,0.0754717,0.2,,,,0,0,,,,,,0,0,0
354,8,MID,2,2.66667,2.4,0.00666667,0.005,0.03,0.025,14,11.4,2.86667,2.02,90,72,12.3333,9.8,1.81659,1.096,0.888,1734.2,2.114,1712.84,False,0.489796,0.8,,,,12.3,1.66667,0,0.666667,,,,0,0,0
355,8,MID,2,0,0,,,,,0,0,0,0,0,0,0,0,0,1.096,0.888,1734.2,2.114,1712.84,False,0,0,,,,0,0,,,,,,0,0,0
356,8,MID,2,0.333333,0.8,0,0,0,0.005,1,4.4,0,0.46,0.333333,18.2,0,1.6,1.30384,1.096,0.888,1734.2,2.114,1712.84,False,0.166667,0.2,,,,0.0333333,0,0,0,,,,0,0,0
357,8,MID,2,0,0,,,,,0,0,0,0,0,0,0,0,0,1.096,0.888,1734.2,2.114,1712.84,False,0,0,,,,0,0,,,,,,0,0,0
358,8,MID,2,1,0.6,0,0,0.00666667,0.00666667,5.66667,3.4,0.7,0.42,11,6.6,2,1.2,0.547723,1.096,0.888,1734.2,2.114,1712.84,False,0.125,0,,,,4.5,0,0,0,,,,0,0,0
359,8,MID,2,0,0,,,,,0,0,0,0,0,0,0,0,0,1.096,0.888,1734.2,2.114,1712.84,False,0,0,,,,0,0,,,,,,0,0,0
360,8,MID,2,0,0,,,,,0,0,0,0,0,0,0,0,0,1.096,0.888,1734.2,2.114,1712.84,False,0,0,,,,0,0,,,,,,0,0,0
361,8,MID,2,0,0,,,,,0,0,0,0,0,0,0,0,0,1.096,0.888,1734.2,2.114,1712.84,False,0,0,,,,0,0,,,,,,0,0,0
362,8,FWD,2,0.333333,0.2,0.05,0.05,0.01,0.01,1.33333,0.8,0.866667,0.52,3.66667,2.2,0.333333,0.2,0.447214,1.096,0.888,1734.2,2.114,1712.84,False,0.0392157,0,,,,,,,,0.05,1,2,0,0,0
363,8,FWD,2,0,0,,,,,0,0,0,0,0,0,0,0,0,1.096,0.888,1734.2,2.114,1712.84,False,0,0,,,,,,,,,,,0,0,0
364,8,FWD,2,0,0,,,,,0,0,0,0,0,0,0,0,0,1.096,0.888,1734.2,2.114,1712.84,False,0,0,,,,,,,,,,,0,0,0
365,8,FWD,2,1,1.2,0,0.02,0,0.004,2.66667,3.4,0.166667,0.64,4.33333,20.6,0.333333,2,0.447214,1.096,0.888,1734.2,2.114,1712.84,False,0.24,0.2,,,,,,,,0,0,0.333333,0,0,0
366,8,GKP,14,1.33333,3.6,0,0,0,0,10.6667,16,1.93333,1.58,60,72,7.66667,7.8,3.28634,1.632,1.048,1987.68,1.398,1802.18,False,0.666667,0.8,2,,,,,,,,,,0,0,0
367,8,GKP,14,0.666667,0.4,0,0,0,0,5.33333,3.2,1.03333,0.62,30,18,5.33333,3.2,0.894427,1.632,1.048,1987.68,1.398,1802.18,False,0.0930233,0.2,1.33333,,,,,,,,,,0,0,0
368,8,GKP,14,0,0,,,,,0,0,0,0,0,0,0,0,0,1.632,1.048,1987.68,1.398,1802.18,False,0,0,0,,,,,,,,,,0,0,0
369,8,GKP,14,0,0,,,,,0,0,0,0,0,0,0,0,0,1.632,1.048,1987.68,1.398,1802.18,False,0,0,0,,,,,,,,,,0,0,0
370,8,DEF,14,0.333333,1,0,0.035,0.01,0.03,-0.333333,2.6,0.366667,0.68,5.33333,3.8,2,1.2,1.73205,1.632,1.048,1987.68,1.398,1802.18,False,0.172414,0,,0,0.2,,,,,,,,0,0,0
371,8,DEF,14,2,2.4,0.01,0.04,0.0266667,0.02,7.66667,9.8,3.1,2.88,78,72.2,10.3333,8.4,2.50998,1.632,1.048,1987.68,1.398,1802.18,False,0.413793,1,,0.2,0,,,,,,,,0,0,0
372,8,DEF,14,0.333333,0.4,0.03,0.065,0.01,0.19,1.33333,4.8,1.23333,3.06,11.6667,17.4,2.33333,1.8,0.547723,1.632,1.048,1987.68,1.398,1802.18,False,0.0689655,0,,0,0,,,,,,,,0,0,0
373,8,DEF,14,2.33333,4.6,0,0,0.01,0.022,10.3333,17.4,2.76667,3.22,90,90,12.3333,10.8,3.28634,1.632,1.048,1987.68,1.398,1802.18,False,0.766667,1,,0.4,0,,,,,,,,0,0,0
374,8,DEF,14,2.66667,4.6,0.0366667,0.12,0.02,0.022,11,17.6,2.93333,3.24,72.6667,76.4,11.3333,10.2,3.04959,1.632,1.048,1987.68,1.398,1802.18,False,0.851852,1,,0.4,0,,,,,,,,0,0,0
375,8,DEF,14,1,0.6,0.0133333,0.0175,0.0166667,0.0325,2,2.4,1.23333,1.28,60,45,5.33333,4.2,0.894427,1.632,1.048,1987.68,1.398,1802.18,False,0.12,0.6,,0,0,,,,,,,,0,0,0
376,8,DEF,14,0,0.2,,0,,0,0,1.2,0,0.24,0,2.2,0,1.4,0.447214,1.632,1.048,1987.68,1.398,1802.18,False,0.0408163,0,,0,0,,,,,,,,0,0,0
377,8,DEF,14,0,0,,,,,0,0,0,0,0,0,0,0,0,1.632,1.048,1987.68,1.398,1802.18,False,0,0,,0,0,,,,,,,,0,0,0
378,8,DEF,14,0,0,,,,,0,0,0,0,0,0,0,0,0,1.632,1.048,1987.68,1.398,1802.18,False,0,0,,0,0,,,,,,,,0,0,0
379,8,DEF,14,0,0,,,,,0,0,0,0,0,0,0,0,0,1.632,1.048,1987.68,1.398,1802.18,False,0,0,,0,0,,,,,,,,0,0,0
380,8,DEF,14,0,0,,,,,0,0,0,0,0,0,0,0,0,1.632,1.048,1987.68,1.398,1802.18,False,0,0,,0,0,,,,,,,,0,0,0
381,8,MID,14,3,4.2,0.29,0.342,0.166667,0.136,5.33333,9.4,6.53333,6.06,90,90,3.66667,3.2,2.94958,1.632,1.048,1987.68,1.398,1802.18,False,0.293706,1,,,,32.3,22.6667,0.666667,4.66667,,,,0,0,0
382,8,MID,14,1,1.8,0.16,0.166,0.0566667,0.098,4.66667,8,3.03333,4.62,49,64.2,3.33333,4.4,1.30384,1.632,1.048,1987.68,1.398,1802.18,False,0.222222,0.6,,,,13.0333,11.3333,0.333333,2.66667,,,,0,0,0
383,8,MID,14,0,0,,,,,0,0,0,0,0,0,0,0,0,1.632,1.048,1987.68,1.398,1802.18,False,0,0,,,,0,0,,,,,,0,0,0
384,8,MID,14,3.33333,3.2,0.26,0.206,0.166667,0.166,14.6667,13.6,6.76667,6.44,65,75,5.66667,4.6,2.28035,1.632,1.048,1987.68,1.398,1802.18,False,0.426667,0.8,,,,25.7,24.3333,0.333333,5.66667,,,,0,0,0
385,8,MID,14,1.66667,1.4,0.29,0.183333,0,0.01,5.33333,3.4,1.73333,1.22,5.33333,9,0.333333,0.2,2.07364,1.632,1.048,1987.68,1.398,1802.18,False,0.21875,0,,,,1.1,6,1,1,,,,0,0,0
386,8,MID,14,2,2,0.0566667,0.044,0.0366667,0.038,13.6667,11.6,2.03333,2.04,69.6667,62.8,6.33333,6.2,0.707107,1.632,1.048,1987.68,1.398,1802.18,False,0.31746,1,,,,10.4,3,0,0.333333,,,,0,0,0
387,8,MID,14,2.33333,4.6,0.22,0.188,0.16,0.114,15.3333,21,6.16667,6.24,90,90,12,11.8,4.97996,1.632,1.048,1987.68,1.398,1802.18,False,0.707692,1,,,,34.2333,11,0,3.33333,,,,0,0,0
388,8,MID,14,1,1.4,0.07,0.0525,0.103333,0.0825,7.66667,7.4,1.46667,1.22,29.3333,23.4,3.33333,2.6,1.51658,1.632,1.048,1987.68,1.398,1802.18,False,0.259259,0,,,,7.66667,1.66667,0,0.333333,,,,0,0,0
389,8,MID,7,0.666667,0.6,0.095,0.0633333,0.035,0.0233333,2.33333,2.2,1.33333,0.86,25.6667,19.2,1,1,0.547723,0.946,1.418,1868.92,1.268,1818.39,False,0.111111,0.2,,,,5,6,0,2.5,,,,0,0,0
390,8,MID,14,8.33333,6,0.08,0.078,0.08,0.072,31,25,5.3,5.34,90,90,11,9.6,5.61249,1.632,1.048,1987.68,1.398,1802.18,False,1.05263,1,,,,8.53333,10.6667,1,0.333333,,,,0,0,0
391,8,MID,91,1.66667,1,0.045,0.045,0.035,0.035,5.33333,3.2,1.36667,0.82,9.66667,5.8,0.666667,0.4,1.73205,1.088,0.734,1835.79,1.266,1861.45,False,0.204082,0,,,,4.06667,3,0,1.5,,,,0,0,0
392,8,MID,14,0.333333,0.2,0,0,0,0,1.33333,0.4,0.133333,0.08,1.33333,1,0.666667,0.6,0.447214,1.632,1.048,1987.68,1.398,1802.18,False,0.0408163,0,,,,0.0666667,0,0,0,,,,0,0,0
393,8,MID,14,0,0,,,,,0,0,0,0,0,0,0,0,0,1.632,1.048,1987.68,1.398,1802.18,False,0,0,,,,0,0,,,,,,0,0,0
394,8,MID,14,0,0,,,,,0,0,0,0,0,0,0,0,0,1.632,1.048,1987.68,1.398,1802.18,False,0,0,,,,0,0,,,,,,0,0,0
395,8,MID,14,0,0,,,,,0,0,0,0,0,0,0,0,0,1.632,1.048,1987.68,1.398,1802.18,False,0,0,,,,0,0,,,,,,0,0,0
396,8,MID,14,0,0,,,,,0,0,0,0,0,0,0,0,0,1.632,1.048,1987.68,1.398,1802.18,False,0,0,,,,0,0,,,,,,0,0,0
397,8,FWD,14,0,0,,,,,0,0,0,0,0,0,0,0,0,1.632,1.048,1987.68,1.398,1802.18,False,0,0,,,,,,,,,,,0,0,0
398,8,FWD,14,0,0,,,,,0,0,0,0,0,0,0,0,0,1.632,1.048,1987.68,1.398,1802.18,False,0,0,,,,,,,,,,,0,0,0
399,8,GKP,43,0,0,,,,,0,0,0,0,0,0,0,0,0,1.64,1.164,1963.8,1.054,1810.44,False,0,0,0,,,,,,,,,,0,0,0
400,8,GKP,43,0,0,,,,,0,0,0,0,0,0,0,0,0,1.64,1.164,1963.8,1.054,1810.44,False,0,0,0,,,,,,,,,,0,0,0
401,8,GKP,43,0,0,,,,,0,0,0,0,0,0,0,0,0,1.64,1.164,1963.8,1.054,1810.44,False,0,0,0,,,,,,,,,,0,0,0
402,8,DEF,43,0,0,,0,,0.46,0,-0.2,0,0.58,0,18,0,2.2,0,1.64,1.164,1963.8,1.054,1810.44,False,0,0.2,,0,0,,,,,,,,0,0,0
403,8,DEF,43,6,4.8,0.0333333,0.025,0.0766667,0.06,23.6667,18.6,5.23333,3.34,83,67.8,12.3333,8,4.60435,1.64,1.164,1963.8,1.054,1810.44,False,0.813559,0.8,,0.4,0.2,,,,,,,,0,0,0
404,8,DEF,43,0,0,,,,,0,0,0,0,0,0,0,0,0,1.64,1.164,1963.8,1.054,1810.44,False,0,0,,0,0,,,,,,,,0,0,0
405,8,DEF,43,0.666667,0.6,0.025,0.0166667,0.015,0.01,1.33333,1.4,0.666667,0.4,14,8.8,0.666667,0.4,0.547723,1.64,1.164,1963.8,1.054,1810.44,False,0.111111,0,,0,0,,,,,,,,0,0,0
406,8,DEF,43,0.333333,2,0,0,0,0.00666667,1.33333,7.8,0.2,0.88,15,43.8,2,6,3.39116,1.64,1.164,1963.8,1.054,1810.44,False,0.37037,0.6,,0.2,0,,,,,,,,0,0,0
407,8,DEF,43,6,4,0.06,0.045,0.0233333,0.0225,21.3333,14.2,4.03333,2.74,75,61.8,8,7,4.84768,1.64,1.164,1963.8,1.054,1810.44,False,0.754717,0.6,,0.2,0.4,,,,,,,,0,0,0
408,8,DEF,43,4.33333,4,0,0,0.02,0.012,16.6667,14.8,2.16667,1.72,90,73,10.6667,8.2,3.39116,1.64,1.164,1963.8,1.054,1810.44,False,0.727273,0.8,,0.4,0,,,,,,,,0,0,0
409,8,DEF,43,0.333333,0.4,0,0,0,0.005,-0.333333,1.2,0.0666667,0.38,1,18.6,0,1.8,0.547723,1.64,1.164,1963.8,1.054,1810.44,False,0.0727273,0.2,,0,0,,,,,,,,0,0,0
410,8,DEF,43,0.333333,0.4,0,0,0,0,1,0.6,0.1,0.08,2.33333,2.4,0,0,0.547723,1.64,1.164,1963.8,1.054,1810.44,False,0.0816327,0,,0,0,,,,,,,,0,0,0
411,8,DEF,43,4.33333,4,0.01,0.02,0.0733333,0.046,20.3333,17,4.8,3.54,86,73.2,11.6667,10.6,2.34521,1.64,1.164,1963.8,1.054,1810.44,False,0.816327,0.8,,0.6,0,,,,,,,,0,0,0
412,8,DEF,43,0,0,,,,,0,0,0,0,0,0,0,0,0,1.64,1.164,1963.8,1.054,1810.44,False,0,0,,0,0,,,,,,,,0,0,0
413,8,MID,43,0,1.4,,0.05,,0.44,0,5.4,0,1.48,0,14.2,0,1.6,3.1305,1.64,1.164,1963.8,1.054,1810.44,False,0.168675,0.2,,,,0,0,,,,,,0,0,0
414,8,MID,43,2.33333,3.8,0.103333,0.145,0.13,0.105,13,15.2,5.26667,4.76,82.3333,67.4,7,6.8,4.76445,1.64,1.164,1963.8,1.054,1810.44,False,0.469136,0.8,,,,32.5667,10,0.333333,2.33333,,,,0,0,0
415,8,MID,43,2,1.4,0.01,0.0125,0.0333333,0.025,5.66667,4.6,1.13333,1.46,51.3333,33.4,3,2.2,1.14018,1.64,1.164,1963.8,1.054,1810.44,False,0.202899,0.4,,,,5.03333,6.66667,0,3,,,,0,0,0
416,8,MID,43,1,2.2,0,0.01,0.01,0.122,5.66667,8.2,1.1,2.08,37,53.8,5,5.4,2.16795,1.64,1.164,1963.8,1.054,1810.44,False,0.349206,0.6,,,,5.1,0.666667,0,0,,,,0,0,0
417,8,MID,43,0,0,,,,,0,0,0,0,0,0,0,0,0,1.64,1.164,1963.8,1.054,1810.44,False,0,0,,,,0,0,,,,,,0,0,0
418,8,MID,43,4.66667,5,0.186667,0.112,0.143333,0.238,18,18.2,7.73333,7.28,63.3333,56.8,4.33333,3.4,4.63681,1.64,1.164,1963.8,1.054,1810.44,False,0.757576,0.6,,,,24.0667,33.3333,1,8.33333,,,,0,0,0
419,8,MID,11,4.33333,5,0.166667,0.174,0.1,0.238,24,27.4,9.06667,10.74,90,89.4,7.33333,7.8,4.58258,1.494,1.054,1810.44,1.164,1963.8,False,0.724638,1,,,,30.7333,33.6667,1,6.66667,,,,0,0,0
420,8,MID,43,0,0,,,,,0,0,0,0,0,0,0,0,0,1.64,1.164,1963.8,1.054,1810.44,False,0,0,,,,0,0,,,,,,0,0,0
421,8,MID,43,1.66667,2,0.03,0.0225,0.01,0.05,7.66667,9.6,1.46667,1.7,37,55.2,6,7,1.58114,1.64,1.164,1963.8,1.054,1810.44,False,0.31746,0.8,,,,5.93333,0.333333,0,0,,,,0,0,0
422,8,MID,43,0,0,,,,,0,0,0,0,0,0,0,0,0,1.64,1.164,1963.8,1.054,1810.44,False,0,0,,,,0,0,,,,,,0,0,0
423,8,MID,43,2,1.4,0.0166667,0.0125,0.0833333,0.0625,14.6667,9.8,2.46667,1.66,57.3333,37.2,7.33333,5.4,1.14018,1.64,1.164,1963.8,1.054,1810.44,False,0.237288,0.2,,,,11.8,2,0,0.666667,,,,0,0,0
424,8,MID,43,1.33333,1.4,0.015,0.0825,0.13,0.1275,7.33333,6.4,2.83333,2.66,34.3333,39.2,1.66667,2.4,1.14018,1.64,1.164,1963.8,1.054,1810.44,False,0.259259,0.4,,,,16.6,7,0,4.5,,,,0,0,0
425,8,MID,43,0,0,,,,,0,0,0,0,0,0,0,0,0,1.64,1.164,1963.8,1.054,1810.44,False,0,0,,,,0,0,,,,,,0,0,0
426,8,MID,17,0.333333,0.6,0.02,0.00666667,0.04,0.0466667,2.33333,3.2,0.366667,0.92,19.6667,21.6,1.66667,1.8,0.547723,0.802,2.044,1760.24,1.704,1897.49,False,0.115385,0.2,,,,1.36667,0.666667,0,0,,,,0,0,0
427,8,MID,43,4.66667,3.8,0.12,0.158,0.0566667,0.062,18.6667,16.4,5.5,5.24,82.3333,85.4,7,6.6,2.94958,1.64,1.164,1963.8,1.054,1810.44,False,0.666667,1,,,,17.0333,20.3333,1,3.33333,,,,0,0,0
428,8,MID,43,0,0,,,,,0,0,0,0,0,0,0,0,0,1.64,1.164,1963.8,1.054,1810.44,False,0,0,,,,0,0,,,,,,0,0,0
429,8,MID,43,0,0,,,,,0,0,0,0,0,0,0,0,0,1.64,1.164,1963.8,1.054,1810.44,False,0,0,,,,0,0,,,,,,0,0,0
430,8,FWD,43,11,11,0.66,1.052,0.0866667,0.082,45.3333,45.6,10.6,12.14,85,86.2,3.66667,4,3.39116,1.64,1.164,1963.8,1.054,1810.44,False,0.748299,1,,,,,,,,0.66,2,6,0,0,0
431,8,GKP,1,1.33333,1.4,0,0,0.005,0.005,5,5,1.6,1.78,60,72,4,5.8,0.894427,2.182,1.398,1802.18,1.048,1987.68,False,0.285714,0.8,1.66667,,,,,,,,,,0,0,0
432,8,GKP,1,0,0,,,,,0,0,0,0,0,0,0,0,0,2.182,1.398,1802.18,1.048,1987.68,False,0,0,0,,,,,,,,,,0,0,0
433,8,GKP,1,0,0,,,,,0,0,0,0,0,0,0,0,0,2.182,1.398,1802.18,1.048,1987.68,False,0,0,0,,,,,,,,,,0,0,0
434,8,GKP,1,0,0,,,,,0,0,0,0,0,0,0,0,0,2.182,1.398,1802.18,1.048,1987.68,False,0,0,0,,,,,,,,,,0,0,0
435,8,GKP,1,0,0,,,,,0,0,0,0,0,0,0,0,0,2.182,1.398,1802.18,1.048,1987.68,False,0,0,0,,,,,,,,,,0,0,0
436,8,DEF,1,4.33333,3,0.05,0.05,0.126667,0.076,19.3333,13.6,3.06667,2.46,90,90,12.3333,11.6,2.91548,2.182,1.398,1802.18,1.048,1987.68,False,0.6,1,,0.2,0,,,,,,,,0,0,0
437,8,DEF,1,0,0,,,,,0,0,0,0,0,0,0,0,0,2.182,1.398,1802.18,1.048,1987.68,False,0,0,,0,0,,,,,,,,0,0,0
438,8,DEF,1,2.33333,1.8,0,0,0.1,0.0433333,9.33333,8,0.966667,0.98,21.3333,26,3.66667,4.6,2.94958,2.182,1.398,1802.18,1.048,1987.68,False,0.367347,0.4,,0.2,0,,,,,,,,0,0,0
439,8,DEF,1,0,0,,,,,0,0,0,0,0,0,0,0,0,2.182,1.398,1802.18,1.048,1987.68,False,0,0,,0,0,,,,,,,,0,0,0
440,8,DEF,1,3.33333,2.8,0.025,0.0166667,0.075,0.203333,9.33333,9.6,2.23333,2.86,51,48.6,2.66667,3.4,3.83406,2.182,1.398,1802.18,1.048,1987.68,False,0.636364,0.6,,0.2,0.4,,,,,,,,0,0,0
441,8,DEF,1,2,1.4,0,0.05,0.133333,0.125,9.66667,7.2,3.4,3.98,66.6667,58,8.66667,7,2.07364,2.182,1.398,1802.18,1.048,1987.68,False,0.318182,0.6,,0,0.2,,,,,,,,0,0,0
442,8,DEF,1,4.33333,2.8,0.0433333,0.0325,0.00333333,0.0025,13.6667,7.4,1.73333,1.04,46.3333,33.4,4.66667,3.2,4.60435,2.182,1.398,1802.18,1.048,1987.68,False,0.636364,0.4,,0.2,0.2,,,,,,,,0,0,0
443,8,DEF,1,3,2.2,0.0266667,0.016,0.01,0.02,12.3333,8.4,1.4,1.42,86.6667,88,10.6667,9,2.16795,2.182,1.398,1802.18,1.048,1987.68,False,0.488889,1,,0.2,0,,,,,,,,0,0,0
444,8,DEF,1,2.66667,2,0.00666667,0.022,0,0.004,8,4.6,1.06667,1.02,42.6667,54.6,5.33333,5.8,2.23607,2.182,1.398,1802.18,1.048,1987.68,False,0.444444,0.6,,0.2,0,,,,,,,,0,0,0
445,8,DEF,1,0,0,,,,,0,0,0,0,0,0,0,0,0,2.182,1.398,1802.18,1.048,1987.68,False,0,0,,0,0,,,,,,,,0,0,0
446,8,DEF,1,0,0,,,,,0,0,0,0,0,0,0,0,0,2.182,1.398,1802.18,1.048,1987.68,False,0,0,,0,0,,,,,,,,0,0,0
447,8,DEF,1,0,0,,,,,0,0,0,0,0,0,0,0,0,2.182,1.398,1802.18,1.048,1987.68,False,0,0,,0,0,,,,,,,,0,0,0
448,8,DEF,1,0,0,,,,,0,0,0,0,0,0,0,0,0,2.182,1.398,1802.18,1.048,1987.68,False,0,0,,0,0,,,,,,,,0,0,0
449,8,MID,1,4,4.8,0.593333,0.546,0.13,0.192,18.6667,22.4,7.43333,8.92,88.6667,89.2,9.33333,10,4.96991,2.182,1.398,1802.18,1.048,1987.68,False,0.539326,1,,,,22.8,25.3333,1.33333,1.66667,,,,0,0,0
450,8,MID,1,1.33333,1,0.166667,0.1325,0.1,0.1125,6.33333,5.2,2.86667,2.34,47,34.2,5.33333,3.4,0.707107,2.182,1.398,1802.18,1.048,1987.68,False,0.126582,0.4,,,,8.13333,14.6667,0.666667,1.66667,,,,0,0,0
451,8,MID,1,0,0,,,,,0,0,0,0,0,0,0,0,0,2.182,1.398,1802.18,1.048,1987.68,False,0,0,,,,0,0,,,,,,0,0,0
452,8,MID,1,1.66667,2.4,0.51,0.43,0.075,0.195,9.66667,14,3.73333,4.68,60,72,7,7.4,1.81659,2.182,1.398,1802.18,1.048,1987.68,False,0.380952,0.8,,,,14.1333,14,0.5,4.5,,,,0,0,0
453,8,MID,8,0.666667,0.6,0.05,0.025,0.04,0.045,2.66667,2.4,0.533333,0.7,24.6667,17,0.666667,0.6,0.894427,1.368,1.704,1897.49,2.044,1760.24,False,0.09375,0.2,,,,1.66667,3,0,4,,,,0,0,0
454,8,MID,1,0,0,,,,,0,0,0,0,0,0,0,0,0,2.182,1.398,1802.18,1.048,1987.68,False,0,0,,,,0,0,,,,,,0,0,0
455,8,MID,1,4,2.6,0.0533333,0.055,0.0266667,0.045,12,8.4,2.7,2.16,31.3333,27.8,2,2.6,4.15933,2.182,1.398,1802.18,1.048,1987.68,False,0.440678,0.4,,,,5.16667,8.33333,0.333333,1.66667,,,,0,0,0
456,8,MID,7,0.333333,0.2,0.02,0.02,0.04,0.04,0.666667,0.4,0.366667,0.22,2.66667,1.6,0,0,0.447214,0.946,1.418,1868.92,1.268,1818.39,False,0.0338983,0,,,,0.933333,2.33333,0,2,,,,0,0,0
457,8,MID,1,2.33333,2.6,0.21,0.26,0.015,0.0175,9,9.2,3.3,2.56,44.3333,42.8,5.66667,5,2.07364,2.182,1.398,1802.18,1.048,1987.68,False,0.472727,0.6,,,,5.33333,12.6667,0.5,1.5,,,,0,0,0
458,8,MID,1,1,1,0,0.014,0,0.022,2.66667,4,0.366667,1.36,13.3333,22.6,1.33333,2.6,0,2.182,1.398,1802.18,1.048,1987.68,False,0.208333,0,,,,1.76667,0,0,0,,,,0,0,0
459,8,MID,1,1.33333,1.6,0,0.005,0.00333333,0.005,8.33333,8,0.733333,0.78,38.3333,38.8,5.66667,5.8,1.51658,2.182,1.398,1802.18,1.048,1987.68,False,0.333333,0.4,,,,1.03333,0,0,0,,,,0,0,0
460,8,MID,1,0,0,,,,,0,0,0,0,0,0,0,0,0,2.182,1.398,1802.18,1.048,1987.68,False,0,0,,,,0,0,,,,,,0,0,0
461,8,MID,1,0,0,,,,,0,0,0,0,0,0,0,0,0,2.182,1.398,1802.18,1.048,1987.68,False,0,0,,,,0,0,,,,,,0,0,0
462,8,MID,1,0,0,,,,,0,0,0,0,0,0,0,0,0,2.182,1.398,1802.18,1.048,1987.68,False,0,0,,,,0,0,,,,,,0,0,0
463,8,MID,1,0,0,,,,,0,0,0,0,0,0,0,0,0,2.182,1.398,1802.18,1.048,1987.68,False,0,0,,,,0,0,,,,,,0,0,0
464,8,MID,1,0,0,,,,,0,0,0,0,0,0,0,0,0,2.182,1.398,1802.18,1.048,1987.68,False,0,0,,,,0,0,,,,,,0,0,0
465,8,FWD,1,0,0,,,,,0,0,0,0,0,0,0,0,0,2.182,1.398,1802.18,1.048,1987.68,False,0,0,,,,,,,,,,,0,0,0
466,8,FWD,1,0.333333,0.6,0.12,0.263333,0,0.01,0.666667,0.8,0.0666667,1.62,1.66667,14.8,0,0.8,0.547723,2.182,1.398,1802.18,1.048,1987.68,False,0.103448,0,,,,,,,,0.12,0,1,0,0,0
467,8,FWD,1,0,0,,,,,0,0,0,0,0,0,0,0,0,2.182,1.398,1802.18,1.048,1987.68,False,0,0,,,,,,,,,,,0,0,0
468,8,FWD,1,0,0,,,,,0,0,0,0,0,0,0,0,0,2.182,1.398,1802.18,1.048,1987.68,False,0,0,,,,,,,,,,,0,0,0
469,8,GKP,4,5,5.6,0,0,0,0,25.6667,25.4,3.03333,2.54,90,90,13,11.6,2.30217,1.242,0.798,1878.91,1.372,1832.16,False,1.07692,1,3.66667,,,,,,,,,,0,0,0
470,8,GKP,90,2.33333,2.4,0,0,0,0,13.3333,12.6,4.2,3.64,90,90,7.66667,9.4,1.14018,0.598,2.114,1712.84,0.888,1734.2,False,0.6,1,5.66667,,,,,,,,,,0,0,0
471,8,GKP,4,0,0,,,,,0,0,0,0,0,0,0,0,0,1.242,0.798,1878.91,1.372,1832.16,False,0,0,0,,,,,,,,,,0,0,0
472,8,GKP,4,0,0,,,,,0,0,0,0,0,0,0,0,0,1.242,0.798,1878.91,1.372,1832.16,False,0,0,0,,,,,,,,,,0,0,0
473,8,DEF,4,2.33333,1.6,0,0.02,0.03,0.015,9,6,0.833333,0.62,30,23.8,4,2.8,3.04959,1.242,0.798,1878.91,1.372,1832.16,False,0.301887,0.2,,0.2,0,,,,,,,,0,0,0
474,8,DEF,4,0,2.8,,0.02,,0.02,0,10.2,0,1.58,0,36,0,4.2,3.89872,1.242,0.798,1878.91,1.372,1832.16,False,0.518519,0.4,,0.4,0,,,,,,,,0,0,0
475,8,DEF,4,5.66667,5.2,0.0266667,0.016,0.0766667,0.046,23,20.2,4.33333,3,90,67.6,15.3333,12,3.11448,1.242,0.798,1878.91,1.372,1832.16,False,1.06122,0.8,,0.6,0,,,,,,,,0,0,0
476,8,DEF,4,6.66667,6.4,0,0.008,0.0133333,0.01,19.3333,21.2,3.06667,2.46,90,90,12.6667,10.4,4.15933,1.242,0.798,1878.91,1.372,1832.16,False,1.2549,1,,0.8,0.2,,,,,,,,0,0,0
477,8,DEF,4,4,4.8,0,0,0.015,0.025,16.3333,18.4,0.766667,1.04,55.3333,69.2,5.66667,6.4,2.68328,1.242,0.798,1878.91,1.372,1832.16,False,0.96,0.8,,0.8,0,,,,,,,,0,0,0
478,8,DEF,4,2,4,0,0,0.07,0.0875,6.33333,14.4,2.33333,3.92,37.6667,52.8,4,5.4,3.74166,1.242,0.798,1878.91,1.372,1832.16,False,0.8,0.6,,0.6,0,,,,,,,,0,0,0
479,8,DEF,4,0,0,,,,,0,0,0,0,0,0,0,0,0,1.242,0.798,1878.91,1.372,1832.16,False,0,0,,0,0,,,,,,,,0,0,0
480,8,DEF,4,0.333333,0.2,0.02,0.02,0,0,0,0,0.566667,0.34,6.33333,3.8,1.66667,1,0.447214,1.242,0.798,1878.91,1.372,1832.16,False,0.0454545,0,,0,0,,,,,,,,0,0,0
481,8,DEF,4,0,0,,,,,0,0,0,0,0,0,0,0,0,1.242,0.798,1878.91,1.372,1832.16,False,0,0,,0,0,,,,,,,,0,0,0
482,8,DEF,4,0,0,,,,,0,0,0,0,0,0,0,0,0,1.242,0.798,1878.91,1.372,1832.16,False,0,0,,0,0,,,,,,,,0,0,0
483,8,DEF,4,0,0,,,,,0,0,0,0,0,0,0,0,0,1.242,0.798,1878.91,1.372,1832.16,False,0,0,,0,0,,,,,,,,0,0,0
484,8,DEF,4,0,0,,,,,0,0,0,0,0,0,0,0,0,1.242,0.798,1878.91,1.372,1832.16,False,0,0,,0,0,,,,,,,,0,0,0
485,8,MID,4,2,1.2,0.09,0.09,0.02,0.02,8,4.8,1.53333,0.92,45,27,2.33333,1.4,1.64317,1.242,0.798,1878.91,1.372,1832.16,False,0.16,0.4,,,,4.4,5.33333,0.5,1.5,,,,0,0,0
486,8,MID,4,1.66667,1.4,0.0133333,0.008,0.02,0.014,4.33333,4,2.1,1.4,40.3333,31.8,1.66667,1.2,0.894427,1.242,0.798,1878.91,1.372,1832.16,False,0.205882,0.2,,,,10.1333,7,0,3,,,,0,0,0
487,8,MID,4,1,1.4,0.173333,0.132,0,0.022,1.66667,2.2,0.866667,1.04,16.3333,30,1,1.6,0.894427,1.242,0.798,1878.91,1.372,1832.16,False,0.21875,0.2,,,,0.466667,7.66667,0.333333,1.33333,,,,0,0,0
488,8,MID,4,5.33333,4.2,0.035,0.0375,0.17,0.11,20.6667,17,3.86667,3.58,60,72,3.66667,6.2,5.5857,1.242,0.798,1878.91,1.372,1832.16,False,0.646154,0.8,,,,14.2,6.33333,0.5,2.5,,,,0,0,0
489,8,MID,4,2.33333,3.2,0.136667,0.262,0.146667,0.146,9.66667,10.4,3.2,4.38,48.6667,59.4,2,1.8,1.78885,1.242,0.798,1878.91,1.372,1832.16,False,0.516129,0.8,,,,11.6667,14.3333,0.666667,2.33333,,,,0,0,0
490,8,MID,4,2,1.8,0.26,0.173333,0.01,0.11,4.66667,5,3.66667,2.76,60,48.8,6.66667,4.4,1.64317,1.242,0.798,1878.91,1.372,1832.16,False,0.305085,0.6,,,,8.63333,21.6667,1,3,,,,0,0,0
491,8,MID,4,4,3.6,0.0366667,0.05,0.17,0.116,22,20.2,6.93333,6.14,90,90,9,7.6,1.34164,1.242,0.798,1878.91,1.372,1832.16,False,0.666667,1,,,,36.0667,7.66667,0.333333,0.666667,,,,0,0,0
492,8,MID,4,0,0,,,,,0,0,0,0,0,0,0,0,0,1.242,0.798,1878.91,1.372,1832.16,False,0,0,,,,0,0,,,,,,0,0,0
493,8,MID,2,6.33333,5.2,0.13,0.086,0.15,0.096,33.6667,26.4,10.9667,7.36,87.3333,88.4,11,10.6,5.63028,1.096,0.888,1734.2,2.114,1712.84,False,1.06122,1,,,,58.1,11,0.666667,0.666667,,,,0,0,0
494,8,MID,4,1,0.8,0,0.045,0.01,0.005,5,3.2,0.5,0.36,20.3333,17.2,3,2.2,1.30384,1.242,0.798,1878.91,1.372,1832.16,False,0.16,0.2,,,,0.633333,0.666667,0,1,,,,0,0,0
495,8,MID,4,0,0,,,,,0,0,0,0,0,0,0,0,0,1.242,0.798,1878.91,1.372,1832.16,False,0,0,,,,0,0,,,,,,0,0,0
496,8,MID,4,0,0,,,,,0,0,0,0,0,0,0,0,0,1.242,0.798,1878.91,1.372,1832.16,False,0,0,,,,0,0,,,,,,0,0,0
497,8,MID,4,1.33333,1,0,0,0.01,0.01,5.66667,5,0.966667,0.7,30.3333,27.2,3.66667,3.2,1.22474,1.242,0.798,1878.91,1.372,1832.16,False,0.227273,0.2,,,,4.46667,0.666667,0,0.5,,,,0,0,0
498,8,MID,4,0,0,,,,,0,0,0,0,0,0,0,0,0,1.242,0.798,1878.91,1.372,1832.16,False,0,0,,,,0,0,,,,,,0,0,0
499,8,FWD,14,2.66667,1.6,0.203333,0.203333,0.00666667,0.00666667,5,3,1.9,1.14,59.6667,35.8,3,1.8,2.07364,1.632,1.048,1987.68,1.398,1802.18,False,0.152381,0.4,,,,,,,,0.203333,0,2.33333,0,0,0
500,8,FWD,4,1,1.2,0,0.048,0,0,2,2.2,0,0.48,10,29,0,1.2,0.447214,1.242,0.798,1878.91,1.372,1832.16,False,0.218182,0.2,,,,,,,,0,0,0,0,0,0
501,8,FWD,4,0,0,,,,,0,0,0,0,0,0,0,0,0,1.242,0.798,1878.91,1.372,1832.16,False,0,0,,,,,,,,,,,0,0,0
502,8,GKP,17,2.66667,2.2,0,0,0,0,14.6667,11,3.4,3.22,90,90,6.66667,6,0.83666,0.802,2.044,1760.24,1.704,1897.49,False,0.44898,1,4.33333,,,,,,,,,,0,0,0
503,8,GKP,17,0,0,,,,,0,0,0,0,0,0,0,0,0,0.802,2.044,1760.24,1.704,1897.49,False,0,0,0,,,,,,,,,,0,0,0
504,8,GKP,17,0,0,,,,,0,0,0,0,0,0,0,0,0,0.802,2.044,1760.24,1.704,1897.49,False,0,0,0,,,,,,,,,,0,0,0
505,8,DEF,17,2,1.6,0.00666667,0.014,0.0433333,0.032,11,6.4,2.6,2.22,90,90,11.3333,9.8,0.894427,0.802,2.044,1760.24,1.704,1897.49,False,0.301887,1,,0,0,,,,,,,,0,0,0
506,8,DEF,17,0,0.8,,0,,0.01,0,1.6,0,0.66,0,25.2,0,4.8,1.30384,0.802,2.044,1760.24,1.704,1897.49,False,0.150943,0.4,,0,0,,,,,,,,0,0,0
507,8,DEF,17,0,0.2,,0.04,,0.27,0,0,0,0.78,0,18,0,1.2,0.447214,0.802,2.044,1760.24,1.704,1897.49,False,0.0416667,0.2,,0,0,,,,,,,,0,0,0
508,8,DEF,17,3.66667,2.4,0.06,0.044,0.0833333,0.056,18.3333,10.4,7.93333,5.74,90,90,10,9.4,4.27785,0.802,2.044,1760.24,1.704,1897.49,False,0.5,1,,0,0.2,,,,,,,,0,0,0
509,8,DEF,17,0,0,,,,,0,0,0,0,0,0,0,0,0,0.802,2.044,1760.24,1.704,1897.49,False,0,0,,0,0,,,,,,,,0,0,0
510,8,DEF,17,1,0.6,0,0,0,0,3,1.8,0.866667,0.52,30,18,4,2.4,1.34164,0.802,2.044,1760.24,1.704,1897.49,False,0.139535,0.2,,0,0,,,,,,,,0,0,0
511,8,DEF,17,2,1.4,0.01,0.0075,0.01,0.0075,9.66667,6,2.26667,1.64,85.3333,69.2,14.6667,10.6,1.14018,0.802,2.044,1760.24,1.704,1897.49,False,0.318182,0.8,,0,0,,,,,,,,0,0,0
512,8,DEF,17,0,0,,,,,0,0,0,0,0,0,0,0,0,0.802,2.044,1760.24,1.704,1897.49,False,0,0,,0,0,,,,,,,,0,0,0
513,8,DEF,17,0,0,,,,,0,0,0,0,0,0,0,0,0,0.802,2.044,1760.24,1.704,1897.49,False,0,0,,0,0,,,,,,,,0,0,0
514,8,DEF,17,0,0,,,,,0,0,0,0,0,0,0,0,0,0.802,2.044,1760.24,1.704,1897.49,False,0,0,,0,0,,,,,,,,0,0,0
515,8,MID,17,2.33333,2.2,0.106667,0.102,0.0666667,0.058,14.3333,12,4.96667,4.22,75,77.4,7,6.2,1.09545,0.802,2.044,1760.24,1.704,1897.49,False,0.30137,0.8,,,,17.9,20.3333,0.666667,4.33333,,,,0,0,0
516,8,MID,17,1,1.2,0.0266667,0.024,0.03,0.038,4.66667,6.2,3.06667,3.56,29,46.8,0.666667,1.4,0.447214,0.802,2.044,1760.24,1.704,1897.49,False,0.20339,0.4,,,,16.0667,9,0.333333,1.66667,,,,0,0,0
517,8,MID,17,2.66667,2.8,0.0733333,0.048,0.103333,0.094,17.3333,18.6,5.03333,5.32,90,90,13.6667,13.4,1.30384,0.802,2.044,1760.24,1.704,1897.49,False,0.528302,1,,,,23.3333,10.3333,0.333333,3.33333,,,,0,0,0
518,8,MID,17,0,0,,,,,0,0,0,0,0,0,0,0,0,0.802,2.044,1760.24,1.704,1897.49,False,0,0,,,,0,0,,,,,,0,0,0
519,8,MID,17,0,0,0,0,0.01,0.01,1,0.6,0.2,0.12,15,9,1,0.6,0,0.802,2.044,1760.24,1.704,1897.49,False,0,0.2,,,,1.1,0,0,0,,,,0,0,0
520,8,MID,17,0,0,,,,,0,0,0,0,0,0,0,0,0,0.802,2.044,1760.24,1.704,1897.49,False,0,0,,,,0,0,,,,,,0,0,0
521,8,MID,17,0.333333,1.4,0,0,0.01,0.02,0.666667,5.6,0.3,0.68,4.66667,34.8,0.666667,4.6,1.67332,0.802,2.044,1760.24,1.704,1897.49,False,0.285714,0.4,,,,0.566667,0,0,0,,,,0,0,0
522,8,MID,17,0.333333,0.4,0.07,0.035,0,0,1,0.8,1.03333,0.62,21,16,2.33333,1.6,0.547723,0.802,2.044,1760.24,1.704,1897.49,False,0.0833333,0.2,,,,0.433333,5.66667,1,1,,,,0,0,0
523,8,MID,17,0,0,,,,,0,0,0,0,0,0,0,0,0,0.802,2.044,1760.24,1.704,1897.49,False,0,0,,,,0,0,,,,,,0,0,0
524,8,MID,17,0,0,,,,,0,0,0,0,0,0,0,0,0,0.802,2.044,1760.24,1.704,1897.49,False,0,0,,,,0,0,,,,,,0,0,0
525,8,FWD,17,2,1.8,0.396667,0.326,0,0.008,3.66667,3.8,3.06667,3.02,75.3333,71.4,3,2.2,0.447214,0.802,2.044,1760.24,1.704,1897.49,False,0.25,1,,,,,,,,0.396667,0.666667,3.66667,0,0,0
526,8,FWD,17,1,0.8,0.08,0.06,0.0133333,0.01,6,4.4,2.36667,1.44,23.6667,17.6,3,2.2,0.447214,0.802,2.044,1760.24,1.704,1897.49,False,0.137931,0,,,,,,,,0.08,0.666667,1.33333,0,0,0
527,8,FWD,17,0,0,,,,,0,0,0,0,0,0,0,0,0,0.802,2.044,1760.24,1.704,1897.49,False,0,0,,,,,,,,,,,0,0,0
528,8,GKP,56,0,0,,,,,0,0,0,0,0,0,0,0,0,1.062,1.454,1602.3,1.15,1709.86,False,0,0,0,,,,,,,,,,0,0,0
529,8,GKP,56,0,0,,,,,0,0,0,0,0,0,0,0,0,1.062,1.454,1602.3,1.15,1709.86,False,0,0,0,,,,,,,,,,0,0,0
530,8,GKP,56,0,0,,,,,0,0,0,0,0,0,0,0,0,1.062,1.454,1602.3,1.15,1709.86,False,0,0,0,,,,,,,,,,0,0,0
531,8,DEF,56,1.66667,1,0.103333,0.103333,0,0,4.66667,2.8,2.63333,1.58,40.3333,24.2,10,6,1.22474,1.062,1.454,1602.3,1.15,1709.86,False,0.217391,0,,0,0,,,,,,,,0,0,0
532,8,DEF,56,3.66667,3.8,0.0133333,0.016,0.02,0.024,13,14.6,2.13333,2.68,86,87.6,11.3333,10.8,2.28035,1.062,1.454,1602.3,1.15,1709.86,False,0.844444,1,,0.4,0,,,,,,,,0,0,0
533,8,DEF,56,0,0,,,,,0,0,0,0,0,0,0,0,0,1.062,1.454,1602.3,1.15,1709.86,False,0,0,,0,0,,,,,,,,0,0,0
534,8,DEF,56,0,0,,,,,0,0,0,0,0,0,0,0,0,1.062,1.454,1602.3,1.15,1709.86,False,0,0,,0,0,,,,,,,,0,0,0
535,8,DEF,56,0,0,,,,,0,0,0,0,0,0,0,0,0,1.062,1.454,1602.3,1.15,1709.86,False,0,0,,0,0,,,,,,,,0,0,0
536,8,DEF,56,0,0,,,,,0,0,0,0,0,0,0,0,0,1.062,1.454,1602.3,1.15,1709.86,False,0,0,,0,0,,,,,,,,0,0,0
537,8,DEF,56,0,0,,,,,0,0,0,0,0,0,0,0,0,1.062,1.454,1602.3,1.15,1709.86,False,0,0,,0,0,,,,,,,,0,0,0
538,8,DEF,56,0,0,,,,,0,0,0,0,0,0,0,0,0,1.062,1.454,1602.3,1.15,1709.86,False,0,0,,0,0,,,,,,,,0,0,0
539,8,DEF,56,0,0,,,,,0,0,0,0,0,0,0,0,0,1.062,1.454,1602.3,1.15,1709.86,False,0,0,,0,0,,,,,,,,0,0,0
540,8,DEF,56,0,0,,,,,0,0,0,0,0,0,0,0,0,1.062,1.454,1602.3,1.15,1709.86,False,0,0,,0,0,,,,,,,,0,0,0
541,8,DEF,56,-0.666667,1,0,0.00666667,0,0.00666667,-4,5,0,0.86,10.6667,42.4,0.333333,4.6,3,1.062,1.454,1602.3,1.15,1709.86,False,0.25,0.6,,0.2,0,,,,,,,,0,0,0
542,8,DEF,56,0,0,,,,,0,0,0,0,0,0,0,0,0,1.062,1.454,1602.3,1.15,1709.86,False,0,0,,0,0,,,,,,,,0,0,0
543,8,MID,56,0.666667,1.2,0,0,0.025,0.035,2,4.2,0.933333,1.32,13.6667,26.8,0.666667,1.6,1.09545,1.062,1.454,1602.3,1.15,1709.86,False,0.230769,0.4,,,,6.03333,0.666667,0,0.5,,,,0,0,0
544,8,MID,56,0,1.4,,0.135,,0.015,0,2.4,0,0.52,0,35.2,0,1.2,1.94936,1.062,1.454,1602.3,1.15,1709.86,False,0.259259,0.4,,,,0,0,,,,,,0,0,0
545,8,MID,56,0,0,,,,,0,0,0,0,0,0,0,0,0,1.062,1.454,1602.3,1.15,1709.86,False,0,0,,,,0,0,,,,,,0,0,0
546,8,MID,56,0,0,,,,,0,0,0,0,0,0,0,0,0,1.062,1.454,1602.3,1.15,1709.86,False,0,0,,,,0,0,,,,,,0,0,0
547,8,MID,56,2.33333,3.6,0,0.1975,0.0533333,0.0475,7,10.2,1.6,2.8,81.3333,66.8,5.66667,6.2,4.27785,1.062,1.454,1602.3,1.15,1709.86,False,0.734694,0.8,,,,7.06667,2.66667,0,1.33333,,,,0,0,0
548,8,MID,56,0,0,,,,,0,0,0,0,0,0,0,0,0,1.062,1.454,1602.3,1.15,1709.86,False,0,0,,,,0,0,,,,,,0,0,0
549,8,MID,56,0.333333,0.2,0,0,0,0,1.33333,0.8,0.0333333,0.02,0.333333,0.2,0.333333,0.2,0.447214,1.062,1.454,1602.3,1.15,1709.86,False,0.0416667,0,,,,0,0,0,0,,,,0,0,0
550,8,MID,56,0,0,,,,,0,0,0,0,0,0,0,0,0,1.062,1.454,1602.3,1.15,1709.86,False,0,0,,,,0,0,,,,,,0,0,0
551,8,MID,56,0.666667,0.6,0.05,0.0333333,0.02,0.0133333,2,1.8,0.833333,0.5,31.3333,19,2,1.2,0.547723,1.062,1.454,1602.3,1.15,1709.86,False,0.125,0.4,,,,4.73333,1.66667,0,0.5,,,,0,0,0
552,8,MID,56,1.33333,1.8,0.0166667,0.014,0.0133333,0.048,11,11.2,1.76667,2.18,90,88.6,7,6.4,0.83666,1.062,1.454,1602.3,1.15,1709.86,False,0.36,1,,,,8.1,1.33333,0,0.333333,,,,0,0,0
553,8,MID,56,2,2.4,0.13,0.136,0.0366667,0.058,6.33333,6.8,2.5,2.68,65,69.8,5.33333,5.2,0.894427,1.062,1.454,1602.3,1.15,1709.86,False,0.48,0.8,,,,9.83333,11.3333,0.333333,1.66667,,,,0,0,0
554,8,MID,56,0,0,,,,,0,0,0,0,0,0,0,0,0,1.062,1.454,1602.3,1.15,1709.86,False,0,0,,,,0,0,,,,,,0,0,0
555,8,MID,56,0,0,,,,,0,0,0,0,0,0,0,0,0,1.062,1.454,1602.3,1.15,1709.86,False,0,0,,,,0,0,,,,,,0,0,0
556,8,MID,56,0,0,,,,,0,0,0,0,0,0,0,0,0,1.062,1.454,1602.3,1.15,1709.86,False,0,0,,,,0,0,,,,,,0,0,0
557,8,MID,56,0,0,,,,,0,0,0,0,0,0,0,0,0,1.062,1.454,1602.3,1.15,1709.86,False,0,0,,,,0,0,,,,,,0,0,0
558,8,MID,56,0,0,,,,,0,0,0,0,0,0,0,0,0,1.062,1.454,1602.3,1.15,1709.86,False,0,0,,,,0,0,,,,,,0,0,0
559,8,MID,56,0,0,,,,,0,0,0,0,0,0,0,0,0,1.062,1.454,1602.3,1.15,1709.86,False,0,0,,,,0,0,,,,,,0,0,0
560,8,FWD,56,4,4.4,0.283333,0.24,0.01,0.006,13.3333,14.6,3.53333,3.96,73.6667,67.2,2,2.2,3.78153,1.062,1.454,1602.3,1.15,1709.86,False,0.785714,0.8,,,,,,,,0.283333,0.666667,4.33333,0,0,0
561,8,FWD,56,0.666667,0.8,0.04,0.0266667,0.03,0.02,2.66667,2.2,0.633333,0.38,14,21.2,0.333333,0.2,0.83666,1.062,1.454,1602.3,1.15,1709.86,False,0.145455,0.2,,,,,,,,0.04,0,1,0,0,0
562,8,FWD,56,0,0,,,,,0,0,0,0,0,0,0,0,0,1.062,1.454,1602.3,1.15,1709.86,False,0,0,,,,,,,,,,,0,0,0
563,8,FWD,56,0,0,,,,,0,0,0,0,0,0,0,0,0,1.062,1.454,1602.3,1.15,1709.86,False,0,0,,,,,,,,,,,0,0,0
564,8,FWD,56,0,0,,,,,0,0,0,0,0,0,0,0,0,1.062,1.454,1602.3,1.15,1709.86,False,0,0,,,,,,,,,,,0,0,0
565,8,GKP,6,2,3.4,0,0,0,0,10.6667,18.8,1.96667,2.76,90,90,9,10.2,2.70185,0.82,1.268,1818.39,1.418,1868.92,False,0.666667,1,2.33333,,,,,,,,,,0,0,0
566,8,GKP,6,0,0,,,,,0,0,0,0,0,0,0,0,0,0.82,1.268,1818.39,1.418,1868.92,False,0,0,0,,,,,,,,,,0,0,0
567,8,GKP,6,0,0,,,,,0,0,0,0,0,0,0,0,0,0.82,1.268,1818.39,1.418,1868.92,False,0,0,0,,,,,,,,,,0,0,0
568,8,DEF,6,3,3.8,0,0.002,0.0366667,0.1,10,15,3.26667,3.66,68.3333,73,9,10.4,2.77489,0.82,1.268,1818.39,1.418,1868.92,False,0.678571,0.8,,0.2,0.2,,,,,,,,0,0,0
569,8,DEF,6,1.66667,3.8,0.01,0.02,0.0266667,0.046,8.66667,16.4,2.26667,3.62,90,90,12.3333,11.2,4.60435,0.82,1.268,1818.39,1.418,1868.92,False,0.745098,1,,0.2,0.2,,,,,,,,0,0,0
570,8,DEF,6,0.333333,0.4,0,0,0,0,1,1.2,0.0666667,0.1,1.66667,3,0.333333,0.2,0.547723,0.82,1.268,1818.39,1.418,1868.92,False,0.0930233,0,,0,0,,,,,,,,0,0,0
571,8,DEF,6,0,0,,,,,0,0,0,0,0,0,0,0,0,0.82,1.268,1818.39,1.418,1868.92,False,0,0,,0,0,,,,,,,,0,0,0
572,8,DEF,6,0,0,,,,,0,0,0,0,0,0,0,0,0,0.82,1.268,1818.39,1.418,1868.92,False,0,0,,0,0,,,,,,,,0,0,0
573,8,DEF,6,1,1.8,0,0,0.025,0.02,4,6,0.9,1.42,21,44.6,1.33333,3.2,1.92354,0.82,1.268,1818.39,1.418,1868.92,False,0.4,0.6,,0.2,0,,,,,,,,0,0,0
574,8,DEF,6,1.66667,1.4,0,0.004,0.0566667,0.048,8.66667,7.4,3.46667,2.74,87.6667,60.2,10,6.8,0.547723,0.82,1.268,1818.39,1.418,1868.92,False,0.318182,0.6,,0,0,,,,,,,,0,0,0
575,8,DEF,6,1.66667,4,0.00333333,0.02,0.0466667,0.03,10.6667,16.6,2.4,3.56,90,87.8,9,9.8,5.61249,0.82,1.268,1818.39,1.418,1868.92,False,0.851064,1,,0.2,0.2,,,,,,,,0,0,0
576,8,DEF,6,0,0,,,,,0,0,0,0,0,0,0,0,0,0.82,1.268,1818.39,1.418,1868.92,False,0,0,,0,0,,,,,,,,0,0,0
577,8,DEF,6,0,0,,,,,0,0,0,0,0,0,0,0,0,0.82,1.268,1818.39,1.418,1868.92,False,0,0,,0,0,,,,,,,,0,0,0
578,8,DEF,6,0,0,,,,,0,0,0,0,0,0,0,0,0,0.82,1.268,1818.39,1.418,1868.92,False,0,0,,0,0,,,,,,,,0,0,0
579,8,MID,6,0,0,,,,,0,0,0,0,0,0,0,0,0,0.82,1.268,1818.39,1.418,1868.92,False,0,0,,,,0,0,,,,,,0,0,0
580,8,MID,6,1,1,0,0,0,0.012,2.66667,2.6,0.233333,0.38,15.6667,22,0.666667,1.6,0,0.82,1.268,1818.39,1.418,1868.92,False,0.147059,0.2,,,,0.2,0.666667,0,0.333333,,,,0,0,0
581,8,MID,6,0,0,,,,,0,0,0,0,0,0,0,0,0,0.82,1.268,1818.39,1.418,1868.92,False,0,0,,,,0,0,,,,,,0,0,0
582,8,MID,6,7,5.2,0.253333,0.246,0.0933333,0.094,21.3333,14.8,9.06667,7.86,89.6667,89.8,7.33333,6.2,4.32435,0.82,1.268,1818.39,1.418,1868.92,False,0.764706,1,,,,23.3333,32,1.33333,5,,,,0,0,0
583,8,MID,6,0,0,,,,,0,0,0,0,0,0,0,0,0,0.82,1.268,1818.39,1.418,1868.92,False,0,0,,,,0,0,,,,,,0,0,0
584,8,MID,6,3.33333,2.8,0.06,0.0475,0.02,0.01,11.3333,8.4,2.2,1.68,26,34,2,2.4,3.63318,0.82,1.268,1818.39,1.418,1868.92,False,0.444444,0.4,,,,1.86667,7,0.5,1,,,,0,0,0
585,8,MID,6,2.66667,2,0.0266667,0.02,0.116667,0.0925,12.6667,11.2,2.83333,1.96,70.3333,60.2,10,8,1.41421,0.82,1.268,1818.39,1.418,1868.92,False,0.377358,0.8,,,,10.8333,6,0,2.33333,,,,0,0,0
586,8,MID,6,1.66667,3.4,0.145,0.1175,0.05,0.0425,4,10.8,1.13333,3.04,55,56,6.66667,5.4,4.50555,0.82,1.268,1818.39,1.418,1868.92,False,0.62963,0.6,,,,3.53333,5.33333,0,3,,,,0,0,0
587,8,MID,6,0,0,,,,,0,0,0,0,0,0,0,0,0,0.82,1.268,1818.39,1.418,1868.92,False,0,0,,,,0,0,,,,,,0,0,0
588,8,MID,6,1.66667,1.4,0.0366667,0.032,0.0766667,0.052,5.33333,4.8,1.76667,1.4,55.6667,42.8,3.33333,2.6,0.547723,0.82,1.268,1818.39,1.418,1868.92,False,0.264151,0.4,,,,8.46667,5.33333,0,2.33333,,,,0,0,0
589,8,MID,6,0,0,,,,,0,0,0,0,0,0,0,0,0,0.82,1.268,1818.39,1.418,1868.92,False,0,0,,,,0,0,,,,,,0,0,0
590,8,MID,6,0,0,,,,,0,0,0,0,0,0,0,0,0,0.82,1.268,1818.39,1.418,1868.92,False,0,0,,,,0,0,,,,,,0,0,0
591,8,MID,6,0.333333,0.2,0,0,0,0,1.33333,0.8,0.433333,0.26,0.333333,0.2,0,0,0.447214,0.82,1.268,1818.39,1.418,1868.92,False,0.0416667,0,,,,3.4,0,0,0,,,,0,0,0
592,8,MID,6,0,0,,,,,0,0,0,0,0,0,0,0,0,0.82,1.268,1818.39,1.418,1868.92,False,0,0,,,,0,0,,,,,,0,0,0
593,8,MID,6,1.66667,3,0,0.07,0.015,0.015,5.66667,11,1.3,2.66,9.66667,38.8,2.33333,4,3.16228,0.82,1.268,1818.39,1.418,1868.92,False,0.612245,0.4,,,,4.3,0.666667,0,0.5,,,,0,0,0
594,8,MID,6,0,0,,,,,0,0,0,0,0,0,0,0,0,0.82,1.268,1818.39,1.418,1868.92,False,0,0,,,,0,0,,,,,,0,0,0
595,8,MID,6,0,0,,,,,0,0,0,0,0,0,0,0,0,0.82,1.268,1818.39,1.418,1868.92,False,0,0,,,,0,0,,,,,,0,0,0
596,8,FWD,6,0,0,,,,,0,0,0,0,0,0,0,0,0,0.82,1.268,1818.39,1.418,1868.92,False,0,0,,,,,,,,,,,0,0,0
597,8,FWD,6,4,3,0.27,0.162,0.02,0.014,14.3333,10.8,4.7,3.78,65.3333,61,4.33333,3.4,3.39116,0.82,1.268,1818.39,1.418,1868.92,False,0.454545,0.6,,,,,,,,0.27,0.666667,4.66667,0,0,0
598,8,FWD,6,0,0,,,,,0,0,0,0,0,0,0,0,0,0.82,1.268,1818.39,1.418,1868.92,False,0,0,,,,,,,,,,,0,0,0
599,8,FWD,6,0,0,,,,,0,0,0,0,0,0,0,0,0,0.82,1.268,1818.39,1.418,1868.92,False,0,0,,,,,,,,,,,0,0,0
600,8,GKP,21,2,1.2,0,0,0,0,11,6.6,2.63333,1.58,90,54,8.33333,5,1.30384,1.072,1.566,1724.66,1.346,1797.77,False,0.27907,0.6,3,,,,,,,,,,0,0,0
601,8,GKP,21,0,0,,,,,0,0,0,0,0,0,0,0,0,1.072,1.566,1724.66,1.346,1797.77,False,0,0,0,,,,,,,,,,0,0,0
602,8,GKP,21,0,0,,,,,0,0,0,0,0,0,0,0,0,1.072,1.566,1724.66,1.346,1797.77,False,0,0,0,,,,,,,,,,0,0,0
603,8,DEF,21,3.66667,4.4,0.00333333,0.004,0.166667,0.132,8,11.4,4.16667,4.54,90,90,12.3333,11.6,3.43511,1.072,1.566,1724.66,1.346,1797.77,False,1,1,,0.2,0.6,,,,,,,,0,0,0
604,8,DEF,21,0,0,,,,,0,0,0,0,0,0,0,0,0,1.072,1.566,1724.66,1.346,1797.77,False,0,0,,0,0,,,,,,,,0,0,0
605,8,DEF,21,2,2.6,0,0.04,0.0633333,0.038,6,8.8,3.16667,2.82,90,90,14.6667,13.8,2.07364,1.072,1.566,1724.66,1.346,1797.77,False,0.590909,1,,0.2,0,,,,,,,,0,0,0
606,8,DEF,21,2.33333,3.2,0.12,0.084,0.01,0.01,8.66667,10.4,4.43333,3.5,90,90,16.6667,14.2,1.78885,1.072,1.566,1724.66,1.346,1797.77,False,0.727273,1,,0.2,0,,,,,,,,0,0,0
607,8,DEF,21,0,0,,,,,0,0,0,0,0,0,0,0,0,1.072,1.566,1724.66,1.346,1797.77,False,0,0,,0,0,,,,,,,,0,0,0
608,8,DEF,21,0,0,,,,,0,0,0,0,0,0,0,0,0,1.072,1.566,1724.66,1.346,1797.77,False,0,0,,0,0,,,,,,,,0,0,0
609,8,DEF,21,0,0,,,,,0,0,0,0,0,0,0,0,0,1.072,1.566,1724.66,1.346,1797.77,False,0,0,,0,0,,,,,,,,0,0,0
610,8,DEF,21,0.333333,0.2,0,0,0.01,0.01,-1,-0.6,0.366667,0.22,26,15.6,2,1.2,0.447214,1.072,1.566,1724.66,1.346,1797.77,False,0.0465116,0.2,,0,0,,,,,,,,0,0,0
611,8,DEF,21,0,0,,,,,0,0,0,0,0,0,0,0,0,1.072,1.566,1724.66,1.346,1797.77,False,0,0,,0,0,,,,,,,,0,0,0
612,8,MID,21,2,3.6,0.03,0.29,0.24,0.156,14,14,6.33333,6.78,90,85.4,10.3333,9.6,3.78153,1.072,1.566,1724.66,1.346,1797.77,False,0.610169,1,,,,38.2,7.66667,0,2,,,,0,0,0
613,8,MID,21,0,0.2,,0.005,,0,0,2.4,0,0.94,0,28.6,0,4,1.78885,1.072,1.566,1724.66,1.346,1797.77,False,0.0350877,0.4,,,,0,0,,,,,,0,0,0
614,8,MID,21,0.666667,1.4,0.02,0.00666667,0.23,0.193333,5,9.2,1.3,2.76,30,50.8,1.33333,2.6,1.34164,1.072,1.566,1724.66,1.346,1797.77,False,0.245614,0.6,,,,8.86667,0.666667,0,0,,,,0,0,0
615,8,MID,21,1.66667,2.8,0.173333,0.104,0.126667,0.082,7.66667,11.6,3.66667,3.18,81,62.2,7.66667,6.4,2.38747,1.072,1.566,1724.66,1.346,1797.77,False,0.509091,0.8,,,,12.5667,15,0.333333,3.33333,,,,0,0,0
616,8,MID,21,0,0,,,,,0,0,0,0,0,0,0,0,0,1.072,1.566,1724.66,1.346,1797.77,False,0,0,,,,0,0,,,,,,0,0,0
617,8,MID,21,0,0,,,,,0,0,0,0,0,0,0,0,0,1.072,1.566,1724.66,1.346,1797.77,False,0,0,,,,0,0,,,,,,0,0,0
618,8,MID,21,0,0,,,,,0,0,0,0,0,0,0,0,0,1.072,1.566,1724.66,1.346,1797.77,False,0,0,,,,0,0,,,,,,0,0,0
619,8,MID,21,0.666667,0.6,0.035,0.0233333,0,0,1,1,0.1,0.08,8.33333,10.8,0.666667,1,0.547723,1.072,1.566,1724.66,1.346,1797.77,False,0.122449,0,,,,0.2,1.33333,0,1,,,,0,0,0
620,8,MID,21,0,0,,,,,0,0,0,0,0,0,0,0,0,1.072,1.566,1724.66,1.346,1797.77,False,0,0,,,,0,0,,,,,,0,0,0
621,8,MID,21,0.333333,0.6,0,0,0,0,1,2.2,0,0.26,0.333333,3.4,0,0.8,0.547723,1.072,1.566,1724.66,1.346,1797.77,False,0.136364,0,,,,0,0,0,0,,,,0,0,0
622,8,MID,21,0,0,,,,,0,0,0,0,0,0,0,0,0,1.072,1.566,1724.66,1.346,1797.77,False,0,0,,,,0,0,,,,,,0,0,0
623,8,MID,21,0.666667,0.4,0,0,0.005,0.005,3.33333,2,0.366667,0.22,20,12,2,1.2,0.547723,1.072,1.566,1724.66,1.346,1797.77,False,0.0909091,0,,,,0.5,0,0,0,,,,0,0,0
624,8,FWD,21,6.66667,6.2,0.13,0.116,0.1,0.072,23.6667,25.8,5.96667,6.56,90,90,5,6.4,3.83406,1.072,1.566,1724.66,1.346,1797.77,False,0.794872,1,,,,,,,,0.13,0.666667,4,0,0,0
625,8,FWD,21,1.66667,1.4,0.19,0.18,0.0266667,0.02,5,4.2,3.93333,3.12,60.3333,48.8,4.33333,3.2,0.894427,1.072,1.566,1724.66,1.346,1797.77,False,0.25,0.6,,,,,,,,0.19,0.333333,3.33333,0,0,0
626,8,FWD,21,0.333333,0.2,0.13,0.13,0,0,-0.666667,-0.4,0.266667,0.16,9.66667,5.8,1,0.6,0.447214,1.072,1.566,1724.66,1.346,1797.77,False,0.0454545,0,,,,,,,,0.13,0,1,0,0,0
627,8,GKP,39,1.66667,1.6,0,0,0,0,10,9.4,1.86667,1.74,60,54,7.33333,8,1.51658,1.02,1.15,1709.86,1.454,1602.3,False,0.355556,0.6,2.33333,,,,,,,,,,0,0,0
628,8,GKP,39,0.333333,0.4,0,0,0,0,0,0.2,0.266667,0.4,30,36,2.33333,4,0.547723,1.02,1.15,1709.86,1.454,1602.3,False,0.0909091,0.4,0.333333,,,,,,,,,,0,0,0
629,8,GKP,39,0,0,,,,,0,0,0,0,0,0,0,0,0,1.02,1.15,1709.86,1.454,1602.3,False,0,0,0,,,,,,,,,,0,0,0
630,8,GKP,11,0,0,,,,,0,0,0,0,0,0,0,0,0,1.494,1.054,1810.44,1.164,1963.8,False,0,0,0,,,,,,,,,,0,0,0
631,8,DEF,39,1.66667,2,0.0433333,0.052,0.0366667,0.044,6.66667,6.8,3.63333,3.74,55,69,11.3333,13,1.41421,1.02,1.15,1709.86,1.454,1602.3,False,0.454545,0.6,,0,0,,,,,,,,0,0,0
632,8,DEF,39,0,0,0.07,0.07,0.01,0.01,-0.666667,-0.4,0.233333,0.14,15,9,1.33333,0.8,0,1.02,1.15,1709.86,1.454,1602.3,False,0,0.2,,0,0,,,,,,,,0,0,0
633,8,DEF,39,3.66667,3.2,0.0266667,0.016,0.17,0.132,17,13.6,5.46667,5.76,70.3333,75,8,10.4,2.94958,1.02,1.15,1709.86,1.454,1602.3,False,0.727273,0.8,,0.2,0,,,,,,,,0,0,0
634,8,DEF,39,0.666667,0.8,0.025,0.0166667,0,0,3,2.6,1,0.84,24,27.4,3.66667,3.8,0.83666,1.02,1.15,1709.86,1.454,1602.3,False,0.181818,0.4,,0,0,,,,,,,,0,0,0
635,8,DEF,39,0,1.8,0.03,0.22,0.13,0.0466667,-1.33333,4.2,1,2.58,15,29.6,1,3.8,3.03315,1.02,1.15,1709.86,1.454,1602.3,False,0.4,0.4,,0,0.2,,,,,,,,0,0,0
636,8,DEF,39,4.33333,3.2,0.375,0.25,0.01,0.0233333,12,8,4,3.26,60,54,8.66667,7.8,5.06952,1.02,1.15,1709.86,1.454,1602.3,False,0.727273,0.6,,0,0.2,,,,,,,,0,0,0
637,8,DEF,39,0.666667,1.4,0,0.01,0.005,0.0075,1.33333,4.8,0.366667,1.9,24,50.4,1.33333,6.6,1.14018,1.02,1.15,1709.86,1.454,1602.3,False,0.325581,0.6,,0,0,,,,,,,,0,0,0
638,8,DEF,39,0,0,,,,,0,0,0,0,0,0,0,0,0,1.02,1.15,1709.86,1.454,1602.3,False,0,0,,0,0,,,,,,,,0,0,0
639,8,DEF,39,0,0,,,,,0,0,0,0,0,0,0,0,0,1.02,1.15,1709.86,1.454,1602.3,False,0,0,,0,0,,,,,,,,0,0,0
640,8,DEF,39,0,0,,,,,0,0,0,0,0,0,0,0,0,1.02,1.15,1709.86,1.454,1602.3,False,0,0,,0,0,,,,,,,,0,0,0
641,8,DEF,39,0,0,,,,,0,0,0,0,0,0,0,0,0,1.02,1.15,1709.86,1.454,1602.3,False,0,0,,0,0,,,,,,,,0,0,0
642,8,MID,39,0.666667,2.2,0.045,0.1625,0.04,0.0225,3.33333,8.6,0.7,2.06,34.6667,51,2.33333,2,2.77489,1.02,1.15,1709.86,1.454,1602.3,False,0.372881,0.8,,,,2.13333,1.33333,0,0.5,,,,0,0,0
643,8,MID,39,3,2.4,0.00666667,0.004,0.0233333,0.016,12,10.6,1.46667,1,66,65.2,10.6667,9.6,1.67332,1.02,1.15,1709.86,1.454,1602.3,False,0.444444,0.8,,,,3.1,1.33333,0,0.333333,,,,0,0,0
644,8,MID,39,1,1,0.0233333,0.034,0.03,0.04,5,4.8,1.03333,1.36,28.3333,27,2,1.8,0,1.02,1.15,1709.86,1.454,1602.3,False,0.188679,0.2,,,,4.63333,2.66667,0,1,,,,0,0,0
645,8,MID,39,1,1,0,0.01,0.4,0.16,4.33333,3.6,1.7,1.58,15,16.8,1,0.8,1.22474,1.02,1.15,1709.86,1.454,1602.3,False,0.188679,0.2,,,,9.6,0.666667,0,1,,,,0,0,0
646,8,MID,39,3.33333,3,0.0766667,0.048,0.04,0.048,11.6667,12.8,2.8,2.86,81,84.6,11.6667,11.6,1,1.02,1.15,1709.86,1.454,1602.3,False,0.555556,1,,,,9.76667,5.33333,0,1.66667,,,,0,0,0
647,8,MID,39,0,0,,,,,0,0,0,0,0,0,0,0,0,1.02,1.15,1709.86,1.454,1602.3,False,0,0,,,,0,0,,,,,,0,0,0
648,8,MID,39,3.33333,3,0.156667,0.1,0.0233333,0.026,11.6667,10,3.43333,3.22,75,67.8,7.66667,5,2.34521,1.02,1.15,1709.86,1.454,1602.3,False,0.555556,0.6,,,,1.93333,18,0.666667,3.66667,,,,0,0,0
649,8,MID,39,0,0,,,,,0,0,0,0,0,0,0,0,0,1.02,1.15,1709.86,1.454,1602.3,False,0,0,,,,0,0,,,,,,0,0,0
650,8,MID,39,0,0,,,,,0,0,0,0,0,0,0,0,0,1.02,1.15,1709.86,1.454,1602.3,False,0,0,,,,0,0,,,,,,0,0,0
651,8,MID,39,0,0,,,,,0,0,0,0,0,0,0,0,0,1.02,1.15,1709.86,1.454,1602.3,False,0,0,,,,0,0,,,,,,0,0,0
652,8,MID,39,0,0,,,,,0,0,0,0,0,0,0,0,0,1.02,1.15,1709.86,1.454,1602.3,False,0,0,,,,0,0,,,,,,0,0,0
653,8,MID,39,0,0,,,,,0,0,0,0,0,0,0,0,0,1.02,1.15,1709.86,1.454,1602.3,False,0,0,,,,0,0,,,,,,0,0,0
654,8,FWD,39,1.66667,1,0.0566667,0.0566667,0.0466667,0.0466667,3.66667,2.2,0.966667,0.58,68,40.8,2.66667,1.6,1,1.02,1.15,1709.86,1.454,1602.3,False,0.15625,0.4,,,,,,,,0.0566667,0,2.33333,0,0,0
655,8,FWD,39,0,0,,,,,0,0,0,0,0,0,0,0,0,1.02,1.15,1709.86,1.454,1602.3,False,0,0,,,,,,,,,,,0,0,0
656,8,FWD,39,0,0.2,,0,,0.01,0,0.2,0,0.14,0,2.8,0,0.4,0.447214,1.02,1.15,1709.86,1.454,1602.3,False,0.0408163,0,,,,,,,,,,,0,0,0
657,8,FWD,39,0,0,,,,,0,0,0,0,0,0,0,0,0,1.02,1.15,1709.86,1.454,1602.3,False,0,0,,,,,,,,,,,0,0,0
658,8,FWD,39,0,0,,,,,0,0,0,0,0,0,0,0,0,1.02,1.15,1709.86,1.454,1602.3,False,0,0,,,,,,,,,,,0,0,0
659,8,DEF,21,1,2,0.0333333,0.02,0.0166667,0.014,6.66667,10.4,3.06667,2.7,63.6667,74.2,6,7.8,2.23607,1.072,1.566,1724.66,1.346,1797.77,False,0.454545,0.8,,0.2,0,,,,,,,,0,0,0
660,8,MID,2,6.33333,4.6,0.04,0.076,0.0333333,0.046,26,17.8,5,4.84,82,85.2,10,8.2,5.85662,1.096,0.888,1734.2,2.114,1712.84,False,0.901961,1,,,,15.6667,5.66667,0.333333,1.33333,,,,0,0,0
661,8,FWD,14,3,2.6,0.23,0.145,0.04,0.035,14,10.6,2.86667,2.08,27.3333,46.2,4.66667,4,3.1305,1.632,1.048,1987.68,1.398,1802.18,False,0.302326,0.6,,,,,,,,0.23,0.5,1.5,0,0,0
662,8,DEF,3,0.666667,2.2,0,0,0,0.01,1.33333,10,0.133333,1.14,15.3333,44.2,1.66667,6.2,2.77489,1.606,0.538,2018.12,1.194,1780.81,False,0.407407,0.4,,0.2,0,,,,,,,,0,0,0
663,8,MID,39,3,2.4,0.13,0.094,0.0733333,0.048,14.6667,11.6,5.7,4.24,66,57,8,6.6,1.67332,1.02,1.15,1709.86,1.454,1602.3,False,0.461538,0.6,,,,32.0667,10.6667,0.333333,3,,,,0,0,0
664,8,GKP,54,0,0,,,,,0,0,0,0,0,0,0,0,0,0.936,1.194,1780.81,0.538,2018.12,False,0,0,0,,,,,,,,,,0,0,0
665,8,GKP,2,0,1.2,,0,,0,0,5,0,0.3,0,18,0,1.8,2.68328,1.096,0.888,1734.2,2.114,1712.84,False,0.266667,0.2,0,,,,,,,,,,0,0,0
666,8,FWD,3,2,2.6,0.296667,0.346,0.06,0.072,3.66667,9.8,5,5.54,90,85.4,3.33333,3,1.94936,1.606,0.538,2018.12,1.194,1780.81,False,0.288889,1,,,,,,,,0.296667,0.666667,8.66667,0,0,0
667,8,DEF,11,0,0,,,,,0,0,0,0,0,0,0,0,0,1.494,1.054,1810.44,1.164,1963.8,False,0,0,,0,0,,,,,,,,0,0,0
668,8,MID,56,5.33333,5,0.03,0.018,0.136667,0.124,23.6667,23.8,5.5,5.18,90,90,13.6667,14,2.34521,1.062,1.454,1602.3,1.15,1709.86,False,0.980392,1,,,,19.4,5.33333,0.666667,0.333333,,,,0,0,0
669,8,MID,17,1.66667,1.6,0.0166667,0.01,0.0833333,0.056,8.66667,8.2,3.26667,2.98,66,69,5,5.2,0.547723,0.802,2.044,1760.24,1.704,1897.49,False,0.271186,1,,,,16.6,9,0,4,,,,0,0,0
670,8,GKP,56,4.66667,6.4,0,0,0.00333333,0.002,18,23.2,3.43333,3.86,90,90,10.6667,11.4,4.09878,1.062,1.454,1602.3,1.15,1709.86,False,1.3913,1,3.66667,,,,,,,,,,0,0,0
671,8,FWD,21,0.333333,1.8,0,0.346667,0,0,0.333333,7.8,0.333333,2.32,19.3333,21.2,0.666667,0.8,2.94958,1.072,1.566,1724.66,1.346,1797.77,False,0.305085,0.2,,,,,,,,0,0,2,0,0,0
672,8,DEF,8,1,0.6,0,0,0,0.00333333,4.33333,1.4,0.9,0.6,33.3333,29,2.66667,2.2,0.894427,1.368,1.704,1897.49,2.044,1760.24,False,0.125,0.4,,0,0,,,,,,,,0,0,0
673,8,MID,6,4.66667,3.6,0.06,0.08,0.0133333,0.016,19.3333,16.4,3.7,3.18,90,82.6,10.6667,9,3.28634,0.82,1.268,1818.39,1.418,1868.92,False,0.654545,1,,,,6.3,5.66667,0.333333,1,,,,0,0,0
674,8,GKP,4,0,0,,,,,0,0,0,0,0,0,0,0,0,1.242,0.798,1878.91,1.372,1832.16,False,0,0,0,,,,,,,,,,0,0,0
675,8,GKP,17,0,0,,,,,0,0,0,0,0,0,0,0,0,0.802,2.044,1760.24,1.704,1897.49,False,0,0,0,,,,,,,,,,0,0,0
676,8,MID,90,2.66667,1.8,0.115,0.0575,0,0,10,7.6,2.03333,1.62,10.6667,38,1,4.4,3.11448,0.598,2.114,1712.84,0.888,1734.2,False,0.36,0.4,,,,0.633333,7,0.5,1,,,,0,0,0
677,8,MID,7,2,1.6,0.0833333,0.064,0.163333,0.098,5.33333,4.2,2.16667,1.9,59,53.4,6,5.4,0.894427,0.946,1.418,1868.92,1.268,1818.39,False,0.253968,0.6,,,,1.8,11,0.333333,3,,,,0,0,0
678,8,DEF,56,0.333333,0.2,0.0233333,0.0233333,0.0266667,0.0266667,1.33333,0.8,1.63333,0.98,41.6667,25,4.33333,2.6,0.447214,1.062,1.454,1602.3,1.15,1709.86,False,0.0512821,0.4,,0,0,,,,,,,,0,0,0
679,8,GKP,21,0,1.6,,0,,0,0,6.4,0,0.94,0,36,0,3.4,3.04959,1.072,1.566,1724.66,1.346,1797.77,False,0.363636,0.4,0,,,,,,,,,,0,0,0
680,8,FWD,90,0.666667,0.6,0,0,0,0,1.33333,1.4,0.266667,0.2,13.6667,8.4,0.666667,0.6,0.547723,0.598,2.114,1712.84,0.888,1734.2,False,0.113208,0,,,,,,,,0,0,0.5,0,0,0
681,8,FWD,1,6,4.2,0.393333,0.296,0.01,0.006,22.6667,14.4,9.73333,6.2,75,64.4,4.33333,2.8,3.96232,2.182,1.398,1802.18,1.048,1987.68,False,0.575342,0.8,,,,,,,,0.393333,1.66667,3.66667,0,0,0
682,8,DEF,39,0.333333,1,0,0,0,0.06,-0.333333,3.2,0.1,0.78,4.33333,5.6,0.333333,0.4,1.73205,1.02,1.15,1709.86,1.454,1602.3,False,0.227273,0,,0,0.2,,,,,,,,0,0,0
683,8,DEF,56,7,6.8,0.17,0.112,0.0566667,0.04,18.6667,19.6,5.63333,4.6,90,90,12,13.2,6.53452,1.062,1.454,1602.3,1.15,1709.86,False,1.65854,1,,0.4,0.2,,,,,,,,0,0,0
684,8,DEF,4,6,3.6,0.186667,0.186667,0.01,0.01,20.3333,12.2,3.9,2.34,87.6667,52.6,14.3333,8.6,3.78153,1.242,0.798,1878.91,1.372,1832.16,False,0.734694,0.6,,0.4,0,,,,,,,,0,0,0
685,8,DEF,91,3.33333,3.2,0,0,0.0233333,0.02,15.6667,13.8,3.3,2.54,90,72,13,9.8,2.38747,1.088,0.734,1835.79,1.266,1861.45,False,0.711111,0.8,,0.4,0,,,,,,,,0,0,0
686,8,MID,14,0.333333,0.4,0,0,0,0.05,1.33333,1.6,0.1,0.46,2,1.8,0.333333,0.2,0.547723,1.632,1.048,1987.68,1.398,1802.18,False,0.0888889,0,,,,0.166667,0,0,0,,,,0,0,0
687,8,MID,91,0,0,,,,,0,0,0,0,0,0,0,0,0,1.088,0.734,1835.79,1.266,1861.45,False,0,0,,,,0,0,,,,,,0,0,0
688,8,GKP,7,0,0,,,,,0,0,0,0,0,0,0,0,0,0.946,1.418,1868.92,1.268,1818.39,False,0,0,0,,,,,,,,,,0,0,0
689,8,MID,4,0,0,,,,,0,0,0,0,0,0,0,0,0,1.242,0.798,1878.91,1.372,1832.16,False,0,0,,,,0,0,,,,,,0,0,0
690,8,MID,31,0,0,,,,,0,0,0,0,0,0,0,0,0,2.236,1.266,1861.45,0.734,1835.79,False,0,0,,,,0,0,,,,,,0,0,0
691,8,FWD,2,5,3.6,0.323333,0.268,0.126667,0.086,13.3333,10,7.6,5.74,90,71.6,3.33333,2.6,4.15933,1.096,0.888,1734.2,2.114,1712.84,False,0.654545,0.8,,,,,,,,0.323333,1.66667,4.33333,0,0,0
692,8,DEF,14,0,0,,,,,0,0,0,0,0,0,0,0,0,1.632,1.048,1987.68,1.398,1802.18,False,0,0,,0,0,,,,,,,,0,0,0
693,8,MID,17,0.666667,0.6,0.11,0.0733333,0.175,0.116667,6,4.2,3.66667,2.22,14.3333,8.8,1,0.8,0.547723,0.802,2.044,1760.24,1.704,1897.49,False,0.109091,0,,,,18.9,10,1,2,,,,0,0,0
694,8,DEF,56,4.33333,5.4,0.0233333,0.028,0.0566667,0.044,18,20.8,4.23333,3.9,90,90,16,15.4,2.79285,1.062,1.454,1602.3,1.15,1709.86,False,1.31707,1,,0.4,0,,,,,,,,0,0,0
695,8,DEF,39,2,1.6,0,0,0.00333333,0.004,5.33333,2.8,3,2.24,75,60,12.3333,8.8,1.34164,1.02,1.15,1709.86,1.454,1602.3,False,0.355556,0.6,,0,0,,,,,,,,0,0,0
696,8,FWD,17,0.666667,0.8,0.12,0.0875,0.005,0.005,1,1.8,0.366667,0.76,5,9.2,0,0.2,0.447214,0.802,2.044,1760.24,1.704,1897.49,False,0.133333,0,,,,,,,,0.12,0,1.5,0,0,0
697,8,MID,91,0.666667,0.8,0.03,0.025,0.03,0.0175,4.33333,5,2.2,2.08,24.6667,24.6,3.66667,5,0.447214,1.088,0.734,1835.79,1.266,1861.45,False,0.145455,0.2,,,,7.8,7.66667,0.5,2,,,,0,0,0
698,8,MID,2,6,4,0.326667,0.29,0.11,0.0875,21.3333,13.2,6.8,4.76,71,56,4.33333,4.8,3.74166,1.096,0.888,1734.2,2.114,1712.84,False,0.727273,0.8,,,,14.9667,23.6667,0.666667,3.33333,,,,0,0,0
699,8,MID,17,1.66667,1,0.02,0.02,0.02,0.02,7.66667,4.6,1.03333,0.62,25,15,1,0.6,2.23607,0.802,2.044,1760.24,1.704,1897.49,False,0.2,0.2,,,,6.03333,2.66667,0,3,,,,0,0,0
700,8,MID,3,0,0.2,,0.06,,0,0,0,0,0.22,0,0.2,0,0,0.447214,1.606,0.538,2018.12,1.194,1780.81,False,0.0454545,0,,,,0,0,,,,,,0,0,0
701,8,DEF,7,0,0,,,,,0,0,0,0,0,0,0,0,0,0.946,1.418,1868.92,1.268,1818.39,False,0,0,,0,0,,,,,,,,0,0,0
702,8,MID,7,0,0.2,,0,,0,0,0.6,0,0,0,3.2,0,0.2,0.447214,0.946,1.418,1868.92,1.268,1818.39,False,0.0444444,0,,,,0,0,,,,,,0,0,0
703,8,GKP,7,0,0,,,,,0,0,0,0,0,0,0,0,0,0.946,1.418,1868.92,1.268,1818.39,False,0,0,0,,,,,,,,,,0,0,0
704,8,MID,11,0,0,,,,,0,0,0,0,0,0,0,0,0,1.494,1.054,1810.44,1.164,1963.8,False,0,0,,,,0,0,,,,,,0,0,0
705,8,DEF,11,0,0,,,,,0,0,0,0,0,0,0,0,0,1.494,1.054,1810.44,1.164,1963.8,False,0,0,,0,0,,,,,,,,0,0,0
706,8,DEF,2,0.666667,0.6,0,0,0,0,2.66667,2.2,0.2,0.12,2.66667,3.6,1.66667,1,0.547723,1.096,0.888,1734.2,2.114,1712.84,False,0.15,0,,0,0,,,,,,,,0,0,0
707,8,MID,11,1,0.6,0,0,0,0,2.66667,1.6,0.166667,0.1,19.3333,11.6,2,1.2,0.547723,1.494,1.054,1810.44,1.164,1963.8,False,0.109091,0.2,,,,0.366667,0.666667,0,0.333333,,,,0,0,0
708,8,MID,21,2.66667,2.6,0.0366667,0.022,0.01,0.056,11,11.6,1.46667,2.48,85.6667,79.6,7,7,0.894427,1.072,1.566,1724.66,1.346,1797.77,False,0.472727,1,,,,3.76667,1,0,0,,,,0,0,0
709,8,DEF,39,3.66667,2.4,0.25,0.1875,0.02,0.055,12,8.8,5.63333,3.86,90,72,9,6.8,2.70185,1.02,1.15,1709.86,1.454,1602.3,False,0.533333,0.8,,0,0.2,,,,,,,,0,0,0
710,8,DEF,7,0,0,,,,,0,0,0,0,0,0,0,0,0,0.946,1.418,1868.92,1.268,1818.39,False,0,0,,0,0,,,,,,,,0,0,0
711,8,MID,3,0,0,,,,,0,0,0,0,0,0,0,0,0,1.606,0.538,2018.12,1.194,1780.81,False,0,0,,,,0,0,,,,,,0,0,0
712,8,MID,31,1.66667,1.8,0.126667,0.226,0.193333,0.124,10,7.8,4.2,3.32,68.3333,61.4,5.33333,5,1.09545,2.236,1.266,1861.45,0.734,1835.79,False,0.305085,0.8,,,,17.6667,13.6667,0.666667,2.33333,,,,0,0,0
713,8,DEF,91,0.333333,0.2,0.0266667,0.02,0.01,0.0075,1.66667,1.4,1.66667,1.04,48.6667,29.8,5.33333,3.6,0.447214,1.088,0.734,1835.79,1.266,1861.45,False,0.0444444,0.4,,0,0,,,,,,,,0,0,0
714,8,FWD,4,5,4.8,0.553333,0.4825,0.04,0.0325,15.6667,17.4,5.1,4.98,79.6667,60.6,3.33333,3.2,3.70135,1.242,0.798,1878.91,1.372,1832.16,False,0.648649,0.8,,,,,,,,0.553333,0.666667,3.33333,0,0,0
715,8,GKP,17,0,0,,,,,0,0,0,0,0,0,0,0,0,0.802,2.044,1760.24,1.704,1897.49,False,0,0,0,,,,,,,,,,0,0,0
716,8,DEF,17,0.333333,0.2,0,0,0.04,0.02,0.333333,1,0.4,0.76,30,28.6,3,2.8,0.447214,0.802,2.044,1760.24,1.704,1897.49,False,0.0444444,0.2,,0,0,,,,,,,,0,0,0
717,8,MID,6,1.33333,2,0.0833333,0.07,0.156667,0.1375,6.33333,8.4,3.73333,3.02,59.6667,49.8,4.66667,3.4,2.34521,0.82,1.268,1818.39,1.418,1868.92,False,0.289855,0.6,,,,21.1333,9.33333,0.333333,1.66667,,,,0,0,0
718,8,MID,21,1,0.8,0,0,0.00333333,0.0025,4.33333,3.8,0.833333,0.72,43.3333,31.8,4.66667,3.4,0.83666,1.072,1.566,1724.66,1.346,1797.77,False,0.16,0.4,,,,1.7,0,0,0,,,,0,0,0
719,8,DEF,7,0.666667,0.6,0,0,0,0,2,1.8,0.1,0.08,4.66667,4.2,0.333333,0.2,0.547723,0.946,1.418,1868.92,1.268,1818.39,False,0.133333,0,,0,0,,,,,,,,0,0,0
720,8,FWD,39,1.33333,1.2,0.0733333,0.055,0.01,0.0075,4,3.8,2.26667,1.56,32.3333,32.4,2,2,0.83666,1.02,1.15,1709.86,1.454,1602.3,False,0.218182,0.4,,,,,,,,0.0733333,0.333333,2,0,0,0
721,8,DEF,91,0.333333,1,0,0,0,0.09,1,3.6,0,0.82,1.66667,19,0,2.8,1.73205,1.088,0.734,1835.79,1.266,1861.45,False,0.222222,0.2,,0,0,,,,,,,,0,0,0
722,8,MID,90,3.66667,2.4,0,0,0.0133333,0.01,16.6667,11,3.36667,2.28,90,59.4,14,9.8,1.81659,0.598,2.114,1712.84,0.888,1734.2,False,0.48,0.6,,,,12.6,0,0,0,,,,0,0,0
723,8,DEF,31,0,0,,,,,0,0,0,0,0,0,0,0,0,2.236,1.266,1861.45,0.734,1835.79,False,0,0,,0,0,,,,,,,,0,0,0
724,8,DEF,56,1,0.8,0.213333,0.16,0.0166667,0.0125,4.66667,3.6,1.13333,0.7,17,11.4,2.33333,1.6,0.447214,1.062,1.454,1602.3,1.15,1709.86,False,0.177778,0,,0,0,,,,,,,,0,0,0
725,8,DEF,3,0,0,,,,,0,0,0,0,0,0,0,0,0,1.606,0.538,2018.12,1.194,1780.81,False,0,0,,0,0,,,,,,,,0,0,0
726,8,FWD,6,0,0,,,,,0,0,0,0,0,0,0,0,0,0.82,1.268,1818.39,1.418,1868.92,False,0,0,,,,,,,,,,,0,0,0
727,8,MID,54,1.66667,1,0.09,0.09,0.195,0.195,6.66667,4,2.03333,1.22,11,6.6,1,0.6,1.73205,0.936,1.194,1780.81,0.538,2018.12,False,0.185185,0,,,,8.46667,4.66667,0,2.5,,,,0,0,0
728,8,MID,11,0,0.2,,0.03,,0,0,1,0,0.3,0,4.8,0,0.6,0.447214,1.494,1.054,1810.44,1.164,1963.8,False,0.04,0,,,,0,0,,,,,,0,0,0
729,8,DEF,17,0,0,,,,,0,0,0,0,0,0,0,0,0,0.802,2.044,1760.24,1.704,1897.49,False,0,0,,0,0,,,,,,,,0,0,0
730,8,FWD,56,0.666667,0.6,0,0,0,0,2,2,0.1,0.08,12,11.4,1.33333,1.2,0.547723,1.062,1.454,1602.3,1.15,1709.86,False,0.109091,0,,,,,,,,0,0,0,0,0,0
731,8,MID,54,0.666667,0.6,0.0133333,0.0125,0.00666667,0.0225,3.33333,3.2,1.06667,1.38,23.6667,17,2.66667,1.6,0.547723,0.936,1.194,1780.81,0.538,2018.12,False,0.1,0,,,,3.2,3,0.333333,0.333333,,,,0,0,0
732,8,FWD,31,0.333333,0.4,0,0.005,0,0,1,1.8,0,0.46,0.333333,1.4,0,0.2,0.547723,2.236,1.266,1861.45,0.734,1835.79,False,0.0727273,0,,,,,,,,0,0,0,0,0,0
733,8,GKP,1,3,1.8,0,0,0,0,9.66667,5.8,0.8,0.48,30,18,4,2.4,4.02492,2.182,1.398,1802.18,1.048,1987.68,False,0.36,0.2,1,,,,,,,,,,0,0,0
734,8,MID,17,1.33333,1,0.0433333,0.0325,0.09,0.0675,7.66667,5.4,4.96667,3.06,47.3333,34.4,3.66667,2.6,0.707107,0.802,2.044,1760.24,1.704,1897.49,False,0.166667,0.4,,,,24.2667,15.6667,1,1.66667,,,,0,0,0
735,8,MID,56,0.333333,0.2,0.105,0.105,0.015,0.015,5,3,2.76667,1.66,29.3333,17.6,2,1.2,0.447214,1.062,1.454,1602.3,1.15,1709.86,False,0.0363636,0.2,,,,9.16667,13.3333,1,2,,,,0,0,0
736,8,GKP,43,3,3,0,0,0,0,11.6667,12.2,1.16667,0.98,90,72,6.33333,5.6,2.82843,1.64,1.164,1963.8,1.054,1810.44,False,0.526316,0.8,1.33333,,,,,,,,,,0,0,0
737,8,FWD,54,0,0,,,,,0,0,0,0,0,0,0,0,0,0.936,1.194,1780.81,0.538,2018.12,False,0,0,,,,,,,,,,,0,0,0
738,8,GKP,21,0,0,,,,,0,0,0,0,0,0,0,0,0,1.072,1.566,1724.66,1.346,1797.77,False,0,0,0,,,,,,,,,,0,0,0
739,8,MID,43,0,0,,,,,0,0,0,0,0,0,0,0,0,1.64,1.164,1963.8,1.054,1810.44,False,0,0,,,,0,0,,,,,,0,0,0
740,8,DEF,43,0,0,,,,,0,0,0,0,0,0,0,0,0,1.64,1.164,1963.8,1.054,1810.44,False,0,0,,0,0,,,,,,,,0,0,0
741,8,FWD,2,0,0,,,,,0,0,0,0,0,0,0,0,0,1.096,0.888,1734.2,2.114,1712.84,False,0,0,,,,,,,,,,,0,0,0
742,8,MID,43,0,0,,,,,0,0,0,0,0,0,0,0,0,1.64,1.164,1963.8,1.054,1810.44,False,0,0,,,,0,0,,,,,,0,0,0
743,8,MID,8,0,0,,,,,0,0,0,0,0,0,0,0,0,1.368,1.704,1897.49,2.044,1760.24,False,0,0,,,,0,0,,,,,,0,0,0
744,8,MID,36,0,0,,,,,0,0,0,0,0,0,0,0,0,1.488,1.372,1832.16,0.798,1878.91,False,0,0,,,,0,0,,,,,,0,0,0
745,8,DEF,6,0,0,,,,,0,0,0,0,0,0,0,0,0,0.82,1.268,1818.39,1.418,1868.92,False,0,0,,0,0,,,,,,,,0,0,0
746,8,MID,14,0,0,,,,,0,0,0,0,0,0,0,0,0,1.632,1.048,1987.68,1.398,1802.18,False,0,0,,,,0,0,,,,,,0,0,0
747,8,DEF,21,0,0,,,,,0,0,0,0,0,0,0,0,0,1.072,1.566,1724.66,1.346,1797.77,False,0,0,,0,0,,,,,,,,0,0,0
748,8,MID,94,0,0,,,,,0,0,0,0,0,0,0,0,0,1.19,1.346,1797.77,1.566,1724.66,False,0,0,,,,0,0,,,,,,0,0,0
749,8,FWD,39,0,0,,,,,0,0,0,0,0,0,0,0,0,1.02,1.15,1709.86,1.454,1602.3,False,0,0,,,,,,,,,,,0,0,0
750,8,DEF,6,0,0,,,,,0,0,0,0,0,0,0,0,0,0.82,1.268,1818.39,1.418,1868.92,False,0,0,,0,0,,,,,,,,0,0,0
751,8,MID,6,0,0,,,,,0,0,0,0,0,0,0,0,0,0.82,1.268,1818.39,1.418,1868.92,False,0,0,,,,0,0,,,,,,0,0,0
752,8,DEF,21,0,0,,,,,0,0,0,0,0,0,0,0,0,1.072,1.566,1724.66,1.346,1797.77,False,0,0,,0,0,,,,,,,,0,0,0
